symbol,identifier,previousClose,lastPrice,iep,change,pChange,finalQuantity,totalTurnover,yearHigh,yearLow
LEENEE,LEENEEEQN,9.19,10.75,10.75,1.56,16.97,2351,25273,9.51,6.81
SAICAPI,SAICAPIEQN,146.44,170.05,170.05,23.61,16.12,2,340,154.95,145.0
SHRADDHA,SHRADDHAEQN,154.21,179.0,179.0,24.79,16.08,70,12530,165.0,148.55
VIRAT,VIRATEQN,401.7,465.0,465.0,63.3,15.76,3170,1474050,401.7,268.05
SUMEDHA,SUMEDHAEQN,38.04,41.98,41.98,3.94,10.36,40,1679,47.0,36.6
SHAH,SHAHEQN,3.33,3.67,3.67,0.34,10.21,283931,1042026,5.82,3.07
S&SPOWER,S&SPOWEREQN,298.85,328.7,328.7,29.85,9.99,993,326399,468.9,193.5
MERCANTILE,MERCANTILEEQN,24.05,26.44,26.44,2.39,9.94,1,26,31.9,19.0
MPDL,MPDLEQN,41.18,45.2,45.2,4.02,9.76,3223,145679,41.18,23.26
MOHITE,MOHITEEQN,2.52,2.76,2.76,0.24,9.52,57,157,2.8,2.15
SHANTIGEAR,SHANTIGEAREQN,464.25,508.0,508.0,43.75,9.42,46442,23592536,598.9,384.0
RCDL,RCDLSMN,28.6,21.0,21.0,1.7,8.81,3000,63000,23.65,11.15
IDENTICAL,IDENTICALSMN,17.55,19.05,19.05,1.5,8.55,2000,38100,43.6,14.1
BOHRAIND,BOHRAINDEQN,14.8,16.0,16.0,1.2,8.11,11,176,30.91,12.02
TARMAT,TARMATEQN,50.2,53.9,53.9,3.7,7.37,85,4581,73.9,46.26
SAMBANDAM,SAMBANDAMEQN,151.2,161.9,161.9,10.7,7.08,4120,667028,151.2,97.7
LPDC,LPDCEQN,7.24,7.75,7.75,0.51,7.04,2147,16639,9.46,5.23
MINALIND,MINALINDEQN,3.18,3.4,3.4,0.22,6.92,36630,124542,3.18,1.71
BONLON,BONLONEQN,39.37,42.0,42.0,2.63,6.68,10,420,57.0,34.51
NDL,NDLEQN,2.71,2.89,2.89,0.18,6.64,440498,1273039,3.75,1.8
HAPPY,HAPPYSMN,87.45,93.0,93.0,5.55,6.35,16000,1488000,93.2,57.0
CFEL,CFELEQN,30.24,32.0,32.0,1.76,5.82,25,800,31.95,24.36
DNAMEDIA,DNAMEDIAEQN,2.6,2.75,2.75,0.15,5.77,158,434,5.44,2.28
APOLLOTYRE,APOLLOTYREEQN,439.7,465.05,465.05,25.35,5.77,60525,28147151,540.5,365.3
ARIHANT,ARIHANTEQN,1007.2,1065.0,1065.0,57.8,5.74,12,12780,1225.0,715.1
VMM,VMMEQN,103.43,109.2,109.2,5.77,5.58,499098,54501501,157.6,98.77
DCMSIL,DCMSILEQN,77.79,82.0,82.0,4.21,5.41,468,38376,105.27,49.5
SANWARIA,SANWARIABZN,0.19,0.2,0.2,0.01,5.26,112511,22502,0.39,0.18
GRCL,GRCLSMN,531.2,557.75,557.75,26.55,5.0,500,278875,629.2,306.65
PRIZOR,PRIZORSTN,971.75,1020.3,1020.3,48.55,5.0,6000,6121800,971.75,216.65
TIL,TILBEN,243.15,255.3,255.3,12.15,5.0,15142,3865752,371.95,161.25
WELINV,WELINVBEN,2022.0,2123.1,2123.1,101.1,5.0,82,174094,2022.0,865.0
TRANSWORLD,TRANSWORLDBEN,181.87,190.96,190.96,9.09,5.0,10808,2063895,287.58,111.56
NTCIND,NTCINDEQN,140.0,147.0,147.0,7.0,5.0,52,7644,155.0,133.57
ABMINTLLTD,ABMINTLLTDBEN,55.92,58.71,58.71,2.79,4.99,111,6516,72.8,34.0
PALREDTEC,PALREDTECBEN,55.6,58.37,58.37,2.77,4.98,10,583,73.6,27.45
MADHUCON,MADHUCONBEN,5.23,5.49,5.49,0.26,4.97,106,581,8.55,3.61
PENINLAND,PENINLANDBEN,15.5,16.27,16.27,0.77,4.97,9967,162163,46.0,13.82
VIVIMEDLAB,VIVIMEDLABBEN,6.24,6.55,6.55,0.31,4.97,5014,32841,29.4,4.75
GIRIRAJ,GIRIRAJSMN,83.5,87.65,87.65,4.15,4.97,7000,613550,378.0,52.3
3IINFOLTD,3IINFOLTDBEN,23.36,24.52,24.52,1.16,4.97,68843,1688030,27.8,12.68
SETCO,SETCOBEN,17.34,18.2,18.2,0.86,4.96,1010,18382,28.62,11.56
EPWINDIA,EPWINDIASTN,261.25,274.2,274.2,12.95,4.96,1200,329040,282.05,98.0
EBIX,EBIXEQN,19.74,20.72,20.72,0.98,4.96,925,19166,19.74,16.03
ROLLT,ROLLTBEN,3.64,3.82,3.82,0.18,4.95,79154,302368,3.74,1.02
AQYLON,AQYLONEQN,25.27,26.52,26.52,1.25,4.95,62121,1647448,224.7,20.87
REPL,REPLBEN,64.7,67.9,67.9,3.2,4.95,41,2783,171.9,59.4
KALANA,KALANASMN,24.3,25.5,25.5,1.2,4.94,2000,51000,45.9,15.1
PRUDMOULI,PRUDMOULIBEN,15.24,15.99,15.99,0.75,4.92,64,1023,42.1,11.26
AKG,AKGEQN,8.99,9.43,9.43,0.44,4.89,105,990,15.34,8.06
MMWL,MMWLEQN,14.75,15.47,15.47,0.72,4.88,507,7843,16.57,9.02
TRANSPEK,TRANSPEKBEN,1306.7,1370.0,1370.0,63.3,4.84,237,324690,1447.9,952.3
SAYAJIHOTL,SAYAJIHOTLEQN,328.0,343.8,343.8,15.8,4.82,2,687,338.0,265.5
SAB,SABEQN,170.32,178.5,178.5,8.18,4.8,1,178,178.5,170.0
KONSTELEC,KONSTELECSTN,53.2,55.75,55.75,2.55,4.79,4000,223000,75.65,28.0
RAJSREESUG,RAJSREESUGEQN,39.1,40.95,40.95,1.85,4.73,1006,41195,49.7,24.65
MONOPHARMA,MONOPHARMASMN,8.45,8.85,8.85,0.4,4.73,2000,17700,25.5,7.5
BAFNAPH,BAFNAPHBEN,242.45,253.9,253.9,11.45,4.72,1822,462605,225.36,76.0
VCL,VCLBEN,2.13,2.23,2.23,0.1,4.69,15931,35526,2.66,0.87
CTE,CTEEQN,49.53,51.84,51.84,2.31,4.66,12206,632759,59.93,20.51
SUPTANERY,SUPTANERYEQN,8.77,9.17,9.17,0.4,4.56,28941,265388,8.77,6.81
DIGJAMLMTD,DIGJAMLMTDEQN,51.64,53.95,53.95,2.31,4.47,500,26975,59.75,36.03
BODALCHEM,BODALCHEMBEN,78.97,82.5,82.5,3.53,4.47,29974,2472855,81.9,42.81
LAL,LALEQN,8.76,9.15,9.15,0.39,4.45,500,4575,12.77,5.56
NINSYS,NINSYSEQN,715.2,747.0,747.0,31.8,4.45,401,299547,935.0,281.05
GATECH,GATECHBEN,0.9,0.94,0.94,0.04,4.44,2158310,2028811,0.93,0.4
RAMANEWS,RAMANEWSEQN,31.79,33.2,33.2,1.41,4.44,10,332,42.0,27.05
LAMBODHARA,LAMBODHARAEQN,118.08,123.3,123.3,5.22,4.42,18869,2326547,162.0,81.8
GOLDTECH,GOLDTECHBEN,49.65,51.84,51.84,2.19,4.41,231,11975,72.5,29.68
SGRL,SGRLEQN,507.6,529.65,529.65,22.05,4.34,3,1588,559.5,477.05
KRIDHANINF,KRIDHANINFBEN,2.08,2.17,2.17,0.09,4.33,17,36,4.78,1.81
UNIVASTU,UNIVASTUBEN,171.55,178.98,178.98,7.43,4.33,19123,3422634,177.7,56.02
NAHARPOLY,NAHARPOLYEQN,238.75,248.9,248.9,10.15,4.25,3,746,338.8,200.0
GPECO,GPECOSTN,379.0,394.8,394.8,15.8,4.17,800,315840,616.5,264.05
VAISHALI,VAISHALIEQN,7.99,8.32,8.32,0.33,4.13,35,291,12.76,4.75
PURPLEUTED,PURPLEUTEDSTN,411.2,428.0,428.0,16.8,4.09,11750,5029000,587.95,244.45
HITECHCORP,HITECHCORPBEN,331.5,345.0,345.0,13.5,4.07,2300,793500,338.4,112.0
GFLLIMITED,GFLLIMITEDEQN,55.35,57.59,57.59,2.24,4.05,113,6507,81.0,37.25
GSS,GSSEQN,12.68,13.19,13.19,0.51,4.02,1,13,33.97,8.68
KDL,KDLSMN,88.45,92.0,92.0,3.55,4.01,600,55200,288.0,84.05
A2ZINFRA,A2ZINFRAEQN,15.46,16.08,16.08,0.62,4.01,832,13378,22.64,12.0
NATIONSTD,NATIONSTDEQN,126.98,131.97,131.97,4.99,3.93,1513,199670,1519.95,120.94
GATECHDVR,GATECHDVRBEN,0.51,0.53,0.53,0.02,3.92,15338,8129,0.67,0.36
CEREBRAINT,CEREBRAINTBZN,2.81,2.92,2.92,0.11,3.91,960,2803,10.08,2.5
HERANBA,HERANBAEQN,164.88,171.24,171.24,6.36,3.86,1325,226893,379.0,155.38
SIMBHALS,SIMBHALSBZN,8.28,8.6,8.6,0.32,3.86,3905,33583,15.99,6.47
GSLSU,GSLSUEQN,33.05,34.29,34.29,1.24,3.75,2,68,139.67,23.06
MAHAPEXLTD,MAHAPEXLTDEQN,61.13,63.4,63.4,2.27,3.71,9,570,75.64,37.32
BPLPHARMA,BPLPHARMAEQN,1397.1,1449.0,1449.0,51.9,3.71,83,120267,1619.0,1125.7
BLUECLOUDS,BLUECLOUDSEQN,22.22,23.04,23.04,0.82,3.69,44860,1033574,24.5,21.5
OPTIEMUS,OPTIEMUSEQN,540.2,560.0,560.0,19.8,3.67,5347,2994320,713.0,288.0
TOKYOPLAST,TOKYOPLASTEQN,75.88,78.66,78.66,2.78,3.66,1,78,140.85,53.86
SURAJLTD,SURAJLTDEQN,202.49,209.9,209.9,7.41,3.66,51,10704,354.95,192.0
LCCINFOTEC,LCCINFOTECEQN,3.55,3.68,3.68,0.13,3.66,103,379,5.89,3.41
ANKITMETAL,ANKITMETALBZN,1.64,1.7,1.7,0.06,3.66,1134,1927,2.12,1.29
VIRTUALG,VIRTUALGEQN,0.55,0.57,0.57,0.02,3.64,62545,35650,0.6,0.4
KARMAENG,KARMAENGEQN,38.59,39.99,39.99,1.4,3.63,50,1999,73.7,34.38
JUBLPHARMA,JUBLPHARMAEQN,880.35,912.0,912.0,31.65,3.6,15474,14112288,1184.8,786.05
PVSL,PVSLEQN,109.67,113.6,113.6,3.93,3.58,321,36465,163.0,82.41
SITINET,SITINETBZN,0.28,0.29,0.29,0.01,3.57,81057,23506,0.52,0.27
KOTARISUG,KOTARISUGEQN,33.29,34.48,34.48,1.19,3.57,6983,240773,37.68,22.5
VMOBILE,VMOBILESMN,65.8,68.15,68.15,2.35,3.57,800,54520,155.0,60.9
BIGBLOC,BIGBLOCEQN,42.49,44.0,44.0,1.51,3.55,323,14212,80.0,38.0
CRSL,CRSLEQN,3.39,3.51,3.51,0.12,3.54,130756,458953,3.39,1.72
SEKURITIND,SEKURITINDEQN,118.71,122.9,122.9,4.19,3.53,10,1229,124.65,115.0
BAJAJHIND,BAJAJHINDEQN,23.13,23.94,23.94,0.81,3.5,681244,16308981,23.98,14.85
SHANTI,SHANTIEQN,6.3,6.52,6.52,0.22,3.49,10,65,12.26,4.7
ITL,ITLEQN,321.8,333.0,333.0,11.2,3.48,1,333,369.0,311.1
BI,BIBEN,93.66,96.9,96.9,3.24,3.46,222,21511,111.51,51.62
SECURKLOUD,SECURKLOUDEQN,17.68,18.29,18.29,0.61,3.45,30,548,34.18,16.01
LEXUS,LEXUSEQN,14.31,14.8,14.8,0.49,3.42,21,310,39.25,12.74
MFML,MFMLEQN,19.22,19.87,19.87,0.65,3.38,1,19,36.99,17.3
AKI,AKIEQN,4.18,4.32,4.32,0.14,3.35,814,3516,10.48,3.8
MARATHON,MARATHONEQN,352.35,364.0,364.0,11.65,3.31,2409,876876,685.4,344.05
FCL,FCLEQN,47.43,49.0,49.0,1.57,3.31,510320,25005680,47.9,19.1
KOHINOOR,KOHINOOREQN,36.59,37.8,37.8,1.21,3.31,7976,301492,37.8,19.2
NIRMAN,NIRMANSMN,29.05,30.0,30.0,0.95,3.27,600,18000,231.0,28.0
SGLRES,SGLRESEQN,2.45,2.53,2.53,0.08,3.27,2,5,2.74,2.28
KAKATCEM,KAKATCEMEQN,115.84,119.6,119.6,3.76,3.25,10,1196,165.55,85.0
BILVYAPAR,BILVYAPARBEN,4.05,4.18,4.18,0.13,3.21,1,4,14.7,3.8
SMARTWORKS,SMARTWORKSEQN,523.25,540.0,540.0,16.75,3.2,2580,1393200,619.0,361.5
SIGACHI,SIGACHIEQN,30.05,31.0,31.0,0.95,3.16,54680,1695080,46.73,16.65
TARAPUR,TARAPUREQN,15.5,15.99,15.99,0.49,3.16,20,319,39.99,12.21
TAALTECH,TAALTECHEQN,4216.2,4349.6,4349.6,133.4,3.16,37,160935,4696.0,2616.1
RADIOCITY,RADIOCITYEQN,6.69,6.9,6.9,0.21,3.14,21,144,9.25,4.5
ESSARSHPNG,ESSARSHPNGEQN,16.97,17.5,17.5,0.53,3.12,8598,150465,43.26,15.71
ORIENTHOT,ORIENTHOTEQN,138.67,142.98,142.98,4.31,3.11,28665,4098521,149.5,80.0
SYNCOMF,SYNCOMFEQN,16.14,16.64,16.64,0.5,3.1,46091,766954,18.7,10.21
UNIVCABLES,UNIVCABLESEQN,1592.5,1641.8,1641.8,49.3,3.1,880,1444784,1774.9,576.0
LIBAS,LIBASEQN,10.02,10.33,10.33,0.31,3.09,50,516,14.3,9.02
GAYAPROJ,GAYAPROJBEN,21.76,22.43,22.43,0.67,3.08,9382,210438,26.0,8.21
EMPOWER,EMPOWEREQN,2.27,2.34,2.34,0.07,3.08,523264,1224437,2.82,1.3
LANCORHOL,LANCORHOLEQN,30.95,31.9,31.9,0.95,3.07,8782,280145,33.8,18.12
VELJAN,VELJANBEN,1785.2,1840.0,1840.0,54.8,3.07,3,5520,1980.0,812.0
VEDAVAAG,VEDAVAAGEQN,18.42,18.97,18.97,0.55,2.99,81,1536,19.8,18.06
ORIENTCER,ORIENTCEREQN,45.63,46.99,46.99,1.36,2.98,500,23495,56.64,34.0
AGIIL,AGIILEQN,291.25,299.85,299.85,8.6,2.95,31793,9533131,434.4,224.7
EASTWEST,EASTWESTEQN,2.39,2.46,2.46,0.07,2.93,75,184,2.52,2.23
SHANTIGOLD,SHANTIGOLDEQN,269.58,277.4,277.4,7.82,2.9,24481,6791029,274.7,155.0
KJMCFIN,KJMCFINEQN,79.7,82.0,82.0,2.3,2.89,1069,87658,79.7,51.01
ZODIAC,ZODIACEQN,247.85,255.0,255.0,7.15,2.88,34,8670,416.25,205.55
GTL,GTLEQN,7.28,7.49,7.49,0.21,2.88,835,6254,11.26,4.91
JAYSREETEA,JAYSREETEAEQN,101.81,104.7,104.7,2.89,2.84,2113,221231,108.0,70.55
FOODSIN,FOODSINEQN,54.43,55.97,55.97,1.54,2.83,26,1455,95.9,44.0
NILASPACES,NILASPACESEQN,13.08,13.45,13.45,0.37,2.83,1600,21520,20.47,11.35
ORIRAIL,ORIRAILEQN,114.78,118.0,118.0,3.22,2.81,6552,773136,124.35,102.8
MEIL,MEILEQN,259.55,266.8,266.8,7.25,2.79,1081,288410,573.7,206.26
DELPHIFX,DELPHIFXBEN,6.51,6.69,6.69,0.18,2.76,4,26,18.25,6.21
NOIDATOLL,NOIDATOLLEQN,4.04,4.15,4.15,0.11,2.72,7133,29601,7.43,2.87
DICIND,DICINDEQN,593.9,610.0,610.0,16.1,2.71,201,122610,630.95,450.5
MOTISONS,MOTISONSEQN,17.0,17.46,17.46,0.46,2.71,366986,6407575,20.81,10.62
NATCAPSUQ,NATCAPSUQEQN,151.88,156.0,156.0,4.12,2.71,9,1404,296.0,136.36
ALLCARGO,ALLCARGOEQN,12.17,12.5,12.5,0.33,2.71,448280,5603500,36.55,7.11
SAHLIBHFI,SAHLIBHFIEQN,74.0,76.0,76.0,2.0,2.7,299,22724,86.89,69.3
SHUKRAPHAR,SHUKRAPHAREQN,44.06,45.25,45.25,1.19,2.7,6101,276070,45.78,40.06
PRIMO,PRIMOEQN,20.89,21.45,21.45,0.56,2.68,320,6864,27.59,16.1
RAJTV,RAJTVEQN,10.49,10.77,10.77,0.28,2.67,25,269,46.9,9.93
BRNL,BRNLEQN,17.24,17.7,17.7,0.46,2.67,56,991,26.5,16.66
VIPCLOTHNG,VIPCLOTHNGEQN,20.44,20.98,20.98,0.54,2.64,100,2098,41.2,14.05
MOLDTECH,MOLDTECHBEN,190.0,195.0,195.0,5.0,2.63,2471,481845,221.0,101.1
PRSMJOHNSN,PRSMJOHNSNEQN,107.97,110.8,110.8,2.83,2.62,12046,1334696,176.0,97.1
JAYNECOIND,JAYNECOINDEQN,99.89,102.5,102.5,2.61,2.61,102064,10461560,117.0,57.12
SHRADHA,SHRADHAEQN,33.62,34.49,34.49,0.87,2.59,1,34,58.95,26.34
HILTON,HILTONEQN,20.24,20.75,20.75,0.51,2.52,100,2075,47.75,13.43
UNIDT,UNIDTBEN,226.21,231.9,231.9,5.69,2.52,1,231,254.97,146.0
VIVIANA,VIVIANABEN,692.4,709.8,709.8,17.4,2.51,714,506797,1162.5,565.0
LASA,LASAEQN,7.2,7.38,7.38,0.18,2.5,233,1719,14.08,5.67
THOMASCOOK,THOMASCOOKEQN,113.17,116.0,116.0,2.83,2.5,85593,9928788,181.55,86.35
AGSTRA,AGSTRABZN,2.0,2.05,2.05,0.05,2.5,4622,9475,6.19,1.97
NORBTEAEXP,NORBTEAEXPEQN,69.44,71.17,71.17,1.73,2.49,5,355,99.35,36.19
AKSHOPTFBR,AKSHOPTFBRBEN,7.66,7.85,7.85,0.19,2.48,50203,394093,9.0,3.82
DBREALTY,DBREALTYEQN,106.08,108.7,108.7,2.62,2.47,6072,660026,184.8,83.5
JAYKAY,JAYKAYEQN,154.96,158.79,158.79,3.83,2.47,4811,763938,219.7,115.52
TECHERA,TECHERASMN,176.65,181.0,181.0,4.35,2.46,800,144800,325.7,127.55
FREDUN,FREDUNEQN,1434.6,1469.9,1469.9,35.3,2.46,23,33807,1590.0,1400.0
GRANDOAK,GRANDOAKEQN,37.97,38.9,38.9,0.93,2.45,112,4356,55.76,24.0
AKSHAR,AKSHAREQN,0.41,0.42,0.42,0.01,2.44,14360,6031,0.76,0.36
MODIRUBBER,MODIRUBBEREQN,134.24,137.5,137.5,3.26,2.43,384,52800,167.5,98.41
VOEPL,VOEPLEQN,488.05,499.9,499.9,11.85,2.43,1015,507398,547.0,428.65
NATHBIOGEN,NATHBIOGENEQN,153.09,156.8,156.8,3.71,2.42,660,103488,204.0,126.15
MOLBIO,MOLBIOEQN,1098.45,1125.0,1125.0,26.55,2.42,20081,22591125,1177.0,926.35
SICAGEN,SICAGENEQN,55.66,57.0,57.0,1.34,2.41,79,4503,74.06,46.55
PERMAGN,PERMAGNEQN,864.45,884.95,884.95,20.5,2.37,60,53097,929.0,784.05
OSWALAGRO,OSWALAGROEQN,36.93,37.8,37.8,0.87,2.36,210,7938,83.44,33.4
EMPIND,EMPINDEQN,1192.0,1220.0,1220.0,28.0,2.35,42,51240,1234.0,1065.6
OSELDEVICE,OSELDEVICESMN,400.55,409.9,409.9,9.35,2.33,1600,655840,835.0,357.15
TPLPLASTEH,TPLPLASTEHEQN,82.6,84.5,84.5,1.9,2.3,1502,126919,90.33,50.01
PARASPETRO,PARASPETROEQN,2.2,2.25,2.25,0.05,2.27,1562,3514,3.23,1.53
SETUINFRA,SETUINFRABZN,0.44,0.45,0.45,0.01,2.27,52,23,0.78,0.37
BALUFORGE,BALUFORGEEQN,555.4,568.0,568.0,12.6,2.27,30384,17258112,697.0,341.05
SUPREMEPWR,SUPREMEPWRSMN,232.2,237.45,237.45,5.25,2.26,1000,237450,291.35,130.55
VALIANTLAB,VALIANTLABEQN,95.74,97.9,97.9,2.16,2.26,2682,262567,96.24,49.51
RHFL,RHFLBZN,1.78,1.82,1.82,0.04,2.25,34396,62600,5.51,1.7
MGEL,MGELBEN,14.73,15.06,15.06,0.33,2.24,100,1506,18.4,9.53
EBGNG,EBGNGEQN,606.2,619.8,619.8,13.6,2.24,2312,1432977,689.5,239.0
GENUSPAPER,GENUSPAPEREQN,11.23,11.48,11.48,0.25,2.23,5,57,19.78,8.67
STEELCAS,STEELCASEQN,356.05,364.0,364.0,7.95,2.23,2412,877968,363.65,176.02
DIACABS,DIACABSBEN,356.1,364.0,364.0,7.9,2.22,10790,3927560,379.0,115.57
KAMDHENU,KAMDHENUBEN,35.22,36.0,36.0,0.78,2.21,1225,44100,37.06,16.15
KSOLVES,KSOLVESEQN,272.05,278.0,278.0,5.95,2.19,719,199882,354.85,245.75
RACLGEAR,RACLGEAREQN,1512.0,1544.9,1544.9,32.9,2.18,620,957838,1691.9,885.2
ARSHIYA,ARSHIYABZN,0.92,0.94,0.94,0.02,2.17,4007,3766,2.59,0.88
ABDL,ABDLEQN,595.0,607.9,607.9,12.9,2.17,1026,623705,711.7,382.1
SREEL,SREELEQN,240.84,246.0,246.0,5.16,2.14,320,78720,267.45,165.25
CONFIPET,CONFIPETEQN,74.8,76.4,76.4,1.6,2.14,38273,2924057,86.4,28.06
ORCHASP,ORCHASPEQN,1.41,1.44,1.44,0.03,2.13,198,285,4.16,1.3
RACE,RACEEQN,102.53,104.7,104.7,2.17,2.12,3,314,252.0,84.11
UNITEDPOLY,UNITEDPOLYEQN,36.72,37.5,37.5,0.78,2.12,3471,130162,51.16,20.6
BIRLAPREC,BIRLAPRECEQN,44.4,45.34,45.34,0.94,2.12,2983,135249,49.99,32.25
UFBL,UFBLBEN,822.6,840.0,840.0,17.4,2.12,132,110880,845.0,172.34
TECILCHEM,TECILCHEMEQN,9.06,9.25,9.25,0.19,2.1,76,703,22.87,8.1
ATL,ATLEQN,24.86,25.38,25.38,0.52,2.09,1056,26801,37.86,18.2
TIIL,TIILEQN,3318.8,3388.0,3388.0,69.2,2.09,1092,3699696,3359.9,1868.5
TTL,TTLEQN,6.25,6.38,6.38,0.13,2.08,1106,7056,11.8,5.5
KODYTECH,KODYTECHSTN,1435.0,1464.8,1464.8,29.8,2.08,100,146480,1460.5,556.05
RAMCOSYS,RAMCOSYSEQN,543.65,554.95,554.95,11.3,2.08,1013,562164,967.5,342.1
CALSOFT,CALSOFTEQN,27.82,28.4,28.4,0.58,2.08,4213,119649,29.89,10.9
MARALOVER,MARALOVEREQN,56.34,57.5,57.5,1.16,2.06,20,1150,65.79,34.11
BALPHARMA,BALPHARMAEQN,85.93,87.7,87.7,1.77,2.06,37,3244,98.85,60.0
HMVL,HMVLBEN,92.1,94.0,94.0,1.9,2.06,106,9964,108.16,55.2
GAYAHWS,GAYAHWSEQN,1.95,1.99,1.99,0.04,2.05,6826,13583,4.76,1.51
GRADIENTE,GRADIENTEEQN,2.93,2.99,2.99,0.06,2.05,111079,332126,9.4,2.08
SUBEXLTD,SUBEXLTDEQN,18.66,19.04,19.04,0.38,2.04,86495,1646864,19.39,6.61
SERVICE,SERVICESMN,61.4,62.65,62.65,1.25,2.04,6000,375900,63.95,39.2
RENUKA,RENUKAEQN,25.14,25.65,25.65,0.51,2.03,321072,8235496,33.5,21.05
AVPINFRA,AVPINFRASMN,59.2,60.4,60.4,1.2,2.03,800,48320,191.0,54.5
SETL,SETLEQN,297.75,303.8,303.8,6.05,2.03,8511,2585641,315.6,104.56
ARTEMISMED,ARTEMISMEDEQN,326.1,332.7,332.7,6.6,2.02,6840,2275668,333.0,203.35
KAMOPAINTS,KAMOPAINTSEQN,4.45,4.54,4.54,0.09,2.02,1050,4767,10.76,3.6
UFLEX,UFLEXEQN,614.6,627.0,627.0,12.4,2.02,1959,1228293,635.0,330.0
FCSSOFT,FCSSOFTEQN,1.49,1.52,1.52,0.03,2.01,114333,173786,2.54,1.05
DAVANGERE,DAVANGEREEQN,2.99,3.05,3.05,0.06,2.01,460208,1403634,5.5,2.95
BALAXI,BALAXIEQN,22.4,22.85,22.85,0.45,2.01,9,205,49.65,15.2
WAAREEINDO,WAAREEINDOEQN,283.9,289.6,289.6,5.7,2.01,24,6950,725.0,282.5
SADBHAV,SADBHAVEQN,8.0,8.16,8.16,0.16,2.0,3019,24635,17.85,6.05
VERTOZ,VERTOZBEN,36.58,37.31,37.31,0.73,2.0,936,34922,86.75,27.02
RADAAN,RADAANEQN,3.0,3.06,3.06,0.06,2.0,44,134,3.99,2.35
ANAWIL,ANAWILSMN,465.15,474.45,474.45,9.3,2.0,8000,3795600,0.0,0.0
ODIGMA,ODIGMAEQN,22.51,22.96,22.96,0.45,2.0,452,10377,56.09,20.0
NIBL,NIBLEQN,31.08,31.7,31.7,0.62,1.99,101,3201,40.8,24.06
SOLARWORLD,SOLARWORLDEQN,149.96,152.94,152.94,2.98,1.99,397,60717,388.5,139.19
MODISONLTD,MODISONLTDBEN,387.15,394.85,394.85,7.7,1.99,1329,524755,411.0,114.0
SAGARDEEP,SAGARDEEPEQN,23.4,23.86,23.86,0.46,1.97,70,1670,31.48,20.81
CUBEXTUB,CUBEXTUBEQN,79.11,80.67,80.67,1.56,1.97,190,15327,143.69,73.1
HIKAL,HIKALEQN,215.61,219.85,219.85,4.24,1.97,3617,795197,282.7,146.25
JNKINDIA,JNKINDIAEQN,454.35,463.25,463.25,8.9,1.96,548,253861,558.0,200.92
RSDFIN,RSDFINBEN,96.1,97.98,97.98,1.88,1.96,556,54476,168.48,65.6
INTERARCH,INTERARCHEQN,1676.3,1709.0,1709.0,32.7,1.95,210,358890,2762.6,1600.0
JITFINFRA,JITFINFRAEQN,309.0,315.0,315.0,6.0,1.94,200,63000,478.0,222.35
RAMBHAJO,RAMBHAJOEQN,177.41,180.85,180.85,3.44,1.94,3598,650698,222.0,161.6
PNC,PNCEQN,18.15,18.5,18.5,0.35,1.93,6,111,40.64,16.0
RUDRA,RUDRAEQN,21.28,21.69,21.69,0.41,1.93,717,15551,29.7,14.63
BAJAJINDEF,BAJAJINDEFEQN,215.85,220.0,220.0,4.15,1.92,101,22220,442.6,207.25
MENONBE,MENONBEBEN,274.64,279.9,279.9,5.26,1.92,511,143028,291.9,101.5
KLBRENG-B,KLBRENG-BEQN,397.4,405.0,405.0,7.6,1.91,2077,841185,544.85,332.4
AFFORDABLE,AFFORDABLEBEN,166.81,169.98,169.98,3.17,1.9,1006,170999,405.0,119.71
MOKSH,MOKSHEQN,10.58,10.78,10.78,0.2,1.89,351,3783,16.65,8.11
SAFARI,SAFARIEQN,1496.8,1525.0,1525.0,28.2,1.88,377,574925,2507.1,1363.1
DEN,DENEQN,28.17,28.7,28.7,0.53,1.88,6210,178227,37.55,22.52
LOVABLE,LOVABLEEQN,71.56,72.9,72.9,1.34,1.87,50,3645,104.7,55.0
ZFSTEERING,ZFSTEERINGEQN,671.9,684.45,684.45,12.55,1.87,54,36960,894.98,620.65
GANDHAR,GANDHAREQN,250.43,255.09,255.09,4.66,1.86,19893,5074505,303.17,115.0
RAJRILTD,RAJRILTDBEN,22.72,23.14,23.14,0.42,1.85,88,2036,28.9,19.41
VIVIDHA,VIVIDHAEQN,0.54,0.55,0.55,0.01,1.85,4731,2602,0.91,0.43
INNOVISION,INNOVISIONEQN,264.55,269.4,269.4,4.85,1.83,692,186424,470.0,263.7
PRAXIS,PRAXISEQN,5.45,5.55,5.55,0.1,1.83,1016,5638,14.44,5.26
SWISSMLTRY,SWISSMLTRYEQN,17.48,17.8,17.8,0.32,1.83,8094,144073,17.8,13.0
AVADHSUGAR,AVADHSUGAREQN,834.8,850.0,850.0,15.2,1.82,4055,3446750,853.5,306.05
EXXARO,EXXAROEQN,6.09,6.2,6.2,0.11,1.81,193,1196,10.33,5.99
KAMATHOTEL,KAMATHOTELEQN,207.66,211.4,211.4,3.74,1.8,1551,327881,329.8,140.2
SAKHTISUG,SAKHTISUGEQN,21.13,21.51,21.51,0.38,1.8,5778,124284,24.75,13.52
IMPEXFERRO,IMPEXFERROBZN,3.92,3.99,3.99,0.07,1.79,562,2242,3.92,1.3
ORCHPHARMA,ORCHPHARMAEQN,1002.05,1020.0,1020.0,17.95,1.79,256,261120,1133.0,480.0
MALUPAPER,MALUPAPEREQN,31.24,31.8,31.8,0.56,1.79,3,95,45.57,27.0
RKEC,RKECEQN,22.47,22.87,22.87,0.4,1.78,101,2309,81.5,21.12
NOCIL,NOCILEQN,167.02,170.0,170.0,2.98,1.78,5140,873800,204.5,125.31
ELGIRUBCO,ELGIRUBCOEQN,60.07,61.14,61.14,1.07,1.78,1001,61201,90.5,32.72
DHAMPURSUG,DHAMPURSUGEQN,185.23,188.5,188.5,3.27,1.77,10171,1917233,192.89,110.0
MAGNUM,MAGNUMEQN,19.25,19.59,19.59,0.34,1.77,400,7836,30.25,16.25
MLKFOOD,MLKFOODEQN,90.2,91.8,91.8,1.6,1.77,217,19920,92.0,75.25
SARVESHWAR,SARVESHWAREQN,3.4,3.46,3.46,0.06,1.76,17667,61127,8.25,2.5
CHEMCON,CHEMCONBEN,185.48,188.75,188.75,3.27,1.76,348,65685,295.0,125.0
VIVOBIOT,VIVOBIOTEQN,18.73,19.06,19.06,0.33,1.76,36,686,20.94,18.56
WENDT,WENDTEQN,8182.5,8325.0,8325.0,142.5,1.74,117,974025,10490.5,5841.5
NIRLON,NIRLONEQN,624.75,635.65,635.65,10.9,1.74,30,19069,657.0,516.03
GHCL,GHCLEQN,442.4,450.0,450.0,7.6,1.72,2065,929250,667.2,416.6
MOHITIND,MOHITINDEQN,24.04,24.45,24.45,0.41,1.71,1,24,39.89,18.6
HALDYNGL,HALDYNGLBEN,133.72,136.0,136.0,2.28,1.71,2155,293080,139.19,85.0
ESAFSFB,ESAFSFBBEN,43.94,44.69,44.69,0.75,1.71,8836,394880,44.25,19.78
SAHASRA,SAHASRASTN,323.45,328.95,328.95,5.5,1.7,400,131580,373.0,188.35
NAHARSPING,NAHARSPINGEQN,299.8,304.9,304.9,5.1,1.7,277,84457,349.0,149.2
SYSTMTXC,SYSTMTXCBEN,57.03,58.0,58.0,0.97,1.7,10,580,177.9,51.89
MOLDTKPAC,MOLDTKPACEQN,708.95,720.95,720.95,12.0,1.69,1537,1108100,870.5,464.9
WONDERLA,WONDERLAEQN,519.2,528.0,528.0,8.8,1.69,3592,1896576,659.0,455.0
ALPHAGEO,ALPHAGEOBEN,331.41,337.0,337.0,5.59,1.69,250,84250,368.0,164.8
PREMEXPLN,PREMEXPLNEQN,665.15,676.35,676.35,11.2,1.68,3835,2593802,829.8,378.4
UGARSUGAR,UGARSUGAREQN,56.5,57.45,57.45,0.95,1.68,10845,623045,57.64,33.75
QLINE,QLINESMN,549.75,559.0,559.0,9.25,1.68,1600,894400,600.0,431.0
CINELINE,CINELINEEQN,88.03,89.5,89.5,1.47,1.67,90,8055,97.4,73.35
MAKERSL,MAKERSLEQN,186.88,190.0,190.0,3.12,1.67,120,22800,190.0,150.0
ADVIKCA,ADVIKCAEQN,1.2,1.22,1.22,0.02,1.67,1372,1673,1.27,1.15
LORDSCHLO,LORDSCHLOEQN,134.76,137.0,137.0,2.24,1.66,1,137,233.0,108.0
AXISCADES,AXISCADESEQN,1597.5,1624.0,1624.0,26.5,1.66,99,160776,2211.0,1063.3
INDIANHUME,INDIANHUMEEQN,392.55,399.0,399.0,6.45,1.64,734,292866,432.0,279.8
PNGSREVA,PNGSREVAEQN,555.8,564.9,564.9,9.1,1.64,292,164950,644.0,324.25
GICL,GICLEQN,23.81,24.2,24.2,0.39,1.64,968,23425,52.4,15.61
THOMASCOTT,THOMASCOTTEQN,286.35,291.0,291.0,4.65,1.62,175,50925,459.8,230.0
MAJESAUT,MAJESAUTBEN,363.85,369.7,369.7,5.85,1.61,114,42145,500.0,274.0
MAWANASUG,MAWANASUGEQN,152.54,155.0,155.0,2.46,1.61,12633,1958115,158.9,75.08
KOTHARIPET,KOTHARIPETEQN,132.48,134.6,134.6,2.12,1.6,160,21536,174.0,94.75
YUKEN,YUKENEQN,964.6,979.9,979.9,15.3,1.59,32,31356,1053.9,584.1
VENTIVE,VENTIVEEQN,564.15,573.05,573.05,8.9,1.58,27,15472,793.95,542.6
HBSL,HBSLEQN,55.13,56.0,56.0,0.87,1.58,41,2296,108.8,42.63
BANSWRAS,BANSWRASEQN,122.1,124.0,124.0,1.9,1.56,4,496,144.0,93.73
AXITA,AXITAEQN,7.67,7.79,7.79,0.12,1.56,32306,251663,12.2,6.57
AMAL,AMALEQN,772.95,785.0,785.0,12.05,1.56,100,78500,822.0,730.05
ROSSELLIND,ROSSELLINDEQN,55.94,56.8,56.8,0.86,1.54,20,1136,69.85,40.0
TOYAMSL,TOYAMSLEQN,0.65,0.66,0.66,0.01,1.54,1600,1056,0.69,0.65
ISFT,ISFTEQN,86.18,87.5,87.5,1.32,1.53,31,2712,119.07,54.05
SILLYMONKS,SILLYMONKSEQN,15.69,15.93,15.93,0.24,1.53,3,47,28.45,14.61
DEEDEV,DEEDEVEQN,646.1,656.0,656.0,9.9,1.53,837,549072,760.0,183.0
DWARKESH,DWARKESHEQN,53.63,54.45,54.45,0.82,1.53,98385,5357063,56.45,32.13
MBEL,MBELEQN,273.75,277.95,277.95,4.2,1.53,476,132304,535.9,223.05
SEIL,SEILEQN,205.84,208.99,208.99,3.15,1.53,5,1044,239.96,172.9
BLUECHIP,BLUECHIPEQN,1.96,1.99,1.99,0.03,1.53,1000,1990,4.5,1.65
UTTAMSUGAR,UTTAMSUGAREQN,323.3,328.2,328.2,4.9,1.52,4851,1592098,344.0,181.1
GUJTHEM,GUJTHEMEQN,381.2,387.0,387.0,5.8,1.52,687,265869,479.0,225.05
REPRO,REPROEQN,324.0,328.9,328.9,4.9,1.51,50,16445,590.0,307.05
ARVSMART,ARVSMARTEQN,667.0,677.0,677.0,10.0,1.5,1419,960663,693.8,486.8
KALYANIFRG,KALYANIFRGEQN,691.5,701.85,701.85,10.35,1.5,22,15440,849.65,523.6
MEP,MEPBZN,0.67,0.68,0.68,0.01,1.49,143,97,2.87,0.5
BLUSPRING,BLUSPRINGEQN,128.98,130.9,130.9,1.92,1.49,19268,2522181,131.82,43.98
APTECHT,APTECHTBEN,92.51,93.89,93.89,1.38,1.49,100,9389,144.3,69.1
AMANTA,AMANTABEN,195.79,198.7,198.7,2.91,1.49,12191,2422351,195.83,92.0
KOTIC,KOTICEQN,142.77,144.9,144.9,2.13,1.49,111,16083,223.7,141.2
CHEMPLASTS,CHEMPLASTSEQN,176.89,179.5,179.5,2.61,1.48,1151,206604,460.0,170.02
SADBHIN,SADBHINBEN,2.72,2.76,2.76,0.04,1.47,2300,6348,5.02,2.06
VINDHYATEL,VINDHYATELEQN,2453.9,2490.0,2490.0,36.1,1.47,148,368520,2600.0,963.9
MAGADSUGAR,MAGADSUGAREQN,601.3,610.0,610.0,8.7,1.45,398,242780,632.0,417.0
ESABINDIA,ESABINDIAEQN,6210.0,6300.0,6300.0,90.0,1.45,40,252000,7319.5,4710.0
BSL,BSLEQN,122.23,124.0,124.0,1.77,1.45,8,992,208.0,98.0
STCINDIA,STCINDIAEQN,121.21,122.95,122.95,1.74,1.44,1300,159835,150.7,97.04
TRU,TRUEQN,4.17,4.23,4.23,0.06,1.44,506,2140,13.82,4.0
PVP,PVPEQN,45.35,46.0,46.0,0.65,1.43,47125,2167750,45.9,19.71
NILAINFRA,NILAINFRAEQN,6.98,7.08,7.08,0.1,1.43,892,6315,11.55,5.9
JETFREIGHT,JETFREIGHTEQN,22.34,22.66,22.66,0.32,1.43,452,10242,25.95,11.9
ADVANCE,ADVANCEEQN,119.2,120.9,120.9,1.7,1.43,589,71210,154.0,84.1
GENESYS,GENESYSEQN,179.35,181.9,181.9,2.55,1.42,749,136243,440.75,134.73
RNBDENIMS,RNBDENIMSEQN,7.73,7.84,7.84,0.11,1.42,1512,11854,67.67,7.72
XTRANET,XTRANETEQN,167.03,169.4,169.4,2.37,1.42,1915,324401,176.78,122.5
PREMIERPOL,PREMIERPOLEQN,86.97,88.2,88.2,1.23,1.41,2685,236817,94.14,38.0
BOROSCI,BOROSCIEQN,128.4,130.2,130.2,1.8,1.4,929,120955,180.8,96.64
NAHARINDUS,NAHARINDUSEQN,125.61,127.35,127.35,1.74,1.39,1,127,135.45,83.05
DHANBANK,DHANBANKEQN,33.73,34.2,34.2,0.47,1.39,9000,307800,36.85,19.45
KHAITANLTD,KHAITANLTDEQN,147.95,150.0,150.0,2.05,1.39,20,3000,165.0,85.0
RBZJEWEL,RBZJEWELEQN,138.09,140.0,140.0,1.91,1.38,411,57540,179.0,100.0
IPL,IPLEQN,140.27,141.45,141.45,1.93,1.38,277,39181,245.84,125.0
PLAZACABLE,PLAZACABLEEQN,52.08,52.8,52.8,0.72,1.38,36,1900,65.0,27.0
TEXMOPIPES,TEXMOPIPESEQN,44.29,44.9,44.9,0.61,1.38,797,35785,62.0,33.0
VETO,VETOBEN,127.25,129.0,129.0,1.75,1.38,69,8901,153.95,82.32
VISACHROME,VISACHROMEEQN,36.99,37.5,37.5,0.51,1.38,6,225,73.68,27.05
YATRA,YATRAEQN,116.93,118.53,118.53,1.6,1.37,23290,2760563,202.0,89.9
SHALPAINTS,SHALPAINTSBEN,80.89,82.0,82.0,1.11,1.37,80,6560,95.95,35.21
AUTOIND,AUTOINDEQN,92.94,94.2,94.2,1.26,1.36,5457,514049,104.0,48.35
APCL,APCLEQN,102.85,104.25,104.25,1.4,1.36,200,20850,148.78,98.02
SUYOG,SUYOGEQN,748.8,759.0,759.0,10.2,1.36,50,37950,921.15,526.5
MAHASTEEL,MAHASTEELBEN,1154.3,1170.0,1170.0,15.7,1.36,107,125190,1157.0,331.0
IRMENERGY,IRMENERGYEQN,286.15,290.0,290.0,3.85,1.35,255,73950,393.0,165.4
KRISHANA,KRISHANAEQN,198.41,201.08,201.08,2.67,1.35,1405,282517,200.99,86.2
HINDALCO,HINDALCOEQN,1034.0,1047.95,1047.95,13.95,1.35,27861,29196934,1176.0,697.0
DYCL,DYCLEQN,458.8,465.0,465.0,6.2,1.35,3043,1414995,520.0,236.8
E2E,E2EBEN,621.6,630.0,630.0,8.4,1.35,2432,1532160,698.0,183.36
QMSMEDI,QMSMEDIBEN,148.39,150.4,150.4,2.01,1.35,156,23462,148.39,68.95
SENCO,SENCOEQN,345.4,349.0,349.0,4.6,1.34,10195,3558055,430.0,276.0
USK,USKEQN,21.12,21.4,21.4,0.28,1.33,1000,21400,35.17,18.97
NH,NHEQN,1815.8,1840.0,1840.0,24.2,1.33,2847,5238480,2093.3,1589.0
CELEBRITY,CELEBRITYEQN,6.75,6.84,6.84,0.09,1.33,2030,13885,14.2,5.65
SHREERAMA,SHREERAMAEQN,45.04,45.64,45.64,0.6,1.33,190,8671,71.99,37.62
LOTUSDEV,LOTUSDEVBEN,164.81,167.0,167.0,2.19,1.33,764,127588,207.5,102.2
MCL,MCLEQN,58.23,59.0,59.0,0.77,1.32,433,25547,93.2,42.0
NDTV,NDTVEQN,75.49,76.49,76.49,1.0,1.32,101,7725,134.5,58.75
KMSUGAR,KMSUGAREQN,33.55,33.99,33.99,0.44,1.31,11984,407336,36.0,23.0
GRAUWEIL,GRAUWEILEQN,70.07,70.99,70.99,0.92,1.31,2727,193589,87.4,62.09
VIVIDEL,VIVIDELSMN,1559.6,1580.0,1580.0,20.4,1.31,960,1516800,1679.0,556.0
SHREEJISPG,SHREEJISPGEQN,620.55,628.7,628.7,8.15,1.31,1075,675852,681.55,222.0
HDIL,HDILBZN,1.54,1.56,1.56,0.02,1.3,5125,7995,3.36,1.45
VOGL,VOGLEQN,38.39,38.89,38.89,0.5,1.3,373387,14521020,47.6,30.42
BPL,BPLEQN,49.76,50.4,50.4,0.64,1.29,106,5342,91.28,37.61
ADVANIHOTR,ADVANIHOTREQN,49.61,50.25,50.25,0.64,1.29,88,4422,68.39,47.0
TOTAL,TOTALEQN,72.77,73.7,73.7,0.93,1.28,33,2432,87.89,45.0
ZEEMEDIA,ZEEMEDIAEQN,9.38,9.5,9.5,0.12,1.28,24854,236113,13.26,6.65
ANUHPHR,ANUHPHREQN,76.03,77.0,77.0,0.97,1.28,102,7854,94.89,67.0
STEL,STELEQN,611.05,618.9,618.9,7.85,1.28,2,1237,657.3,380.0
NATIONALUM,NATIONALUMEQN,394.45,398.45,398.45,5.0,1.27,46806,18649850,445.15,183.86
ADVAIT,ADVAITEQN,2086.0,2112.5,2112.5,26.5,1.27,156,329550,2485.0,1351.0
TECHNOCRAF,TECHNOCRAFEQN,332.61,336.8,336.8,4.19,1.26,6518,2195262,342.0,284.0
RCOM,RCOMBEN,0.8,0.81,0.81,0.01,1.25,55525,44975,1.83,0.75
DALMIASUG,DALMIASUGEQN,497.95,504.1,504.1,6.15,1.24,4985,2512938,517.0,261.4
XTGLOBAL,XTGLOBALEQN,28.49,28.84,28.84,0.35,1.23,2,57,46.25,25.2
SUMMITSEC,SUMMITSECEQN,1420.2,1437.5,1437.5,17.3,1.22,4,5750,2495.0,1312.0
MEDICAMEQ,MEDICAMEQEQN,244.55,247.5,247.5,2.95,1.21,8,1980,447.65,212.4
PURVA,PURVAEQN,219.36,221.99,221.99,2.63,1.2,2928,649986,305.0,160.69
SJVN,SJVNEQN,66.06,66.5,66.5,0.79,1.2,32641,2170626,101.45,63.02
PANAMAPET,PANAMAPETEQN,485.2,491.0,491.0,5.8,1.2,2392,1174472,599.6,229.0
DIAMINESQ,DIAMINESQEQN,241.11,244.0,244.0,2.89,1.2,10,2440,418.8,208.01
VOLTAMP,VOLTAMPEQN,10869.5,11000.0,11000.0,130.5,1.2,417,4587000,12863.0,6666.0
MARINE,MARINEEQN,375.65,380.15,380.15,4.5,1.2,5171,1965755,395.0,150.86
JARO,JAROEQN,443.1,448.4,448.4,5.3,1.2,103,46185,890.0,383.5
GOKULAGRO,GOKULAGROEQN,242.8,245.7,245.7,2.9,1.19,4648,1142013,257.99,151.0
JINDWORLD,JINDWORLDEQN,35.33,35.75,35.75,0.42,1.19,6230,222722,42.4,17.85
LEMERITE,LEMERITEEQN,22.78,23.05,23.05,0.27,1.19,15,345,107.57,19.52
PRITI,PRITIBEN,33.48,33.88,33.88,0.4,1.19,2,67,85.0,31.5
ANNAPURNA,ANNAPURNAEQN,151.7,153.5,153.5,1.8,1.19,10,1535,287.0,120.75
AGI,AGIEQN,753.6,762.5,762.5,8.9,1.18,2430,1852875,967.0,465.0
MANGLMCEM,MANGLMCEMEQN,1027.95,1040.0,1040.0,12.05,1.17,1632,1697280,1036.65,679.35
RUBICON,RUBICONEQN,1724.7,1744.8,1744.8,20.1,1.17,392,683961,1820.1,570.75
QUADFUTURE,QUADFUTUREEQN,405.35,410.05,410.05,4.7,1.16,57067,23400323,502.4,248.55
SKIL,SKILBZN,0.86,0.87,0.87,0.01,1.16,215,187,4.1,0.84
AVROIND,AVROINDEQN,8.59,8.69,8.69,0.1,1.16,36,312,16.0,8.0
STLNETWORK,STLNETWORKEQN,25.85,26.15,26.15,0.3,1.16,1721,45004,35.4,15.75
INVENTURE,INVENTUREEQN,0.86,0.87,0.87,0.01,1.16,4198,3652,1.72,0.72
AMBER,AMBEREQN,7350.0,7435.0,7435.0,85.0,1.16,4917,36557895,8974.0,5400.5
KECL,KECLEQN,132.23,133.76,133.76,1.53,1.16,88,11770,155.0,75.47
GKSL,GKSLEQN,152.97,154.75,154.75,1.78,1.16,252,38997,162.22,98.36
NECLIFE,NECLIFEEQN,10.47,10.59,10.59,0.12,1.15,144,1524,22.4,9.3
TFCILTD,TFCILTDEQN,130.99,132.5,132.5,1.51,1.15,27889,3695292,134.92,51.0
KOKUYOCMLN,KOKUYOCMLNEQN,80.08,81.0,81.0,0.92,1.15,2,162,128.0,71.05
HMT,HMTBZN,60.79,61.49,61.49,0.7,1.15,54,3320,72.95,41.0
RRIL,RRILEQN,17.45,17.65,17.65,0.2,1.15,10,176,21.5,15.25
BHAGERIA,BHAGERIABEN,212.7,215.15,215.15,2.45,1.15,305,65620,244.6,127.51
MITTAL,MITTALEQN,0.88,0.89,0.89,0.01,1.14,13728,12217,1.82,0.7
SWARAJ,SWARAJEQN,367.6,371.8,371.8,4.2,1.14,44,16359,386.75,158.5
MUTHOOTFIN,MUTHOOTFINEQN,3022.0,3056.0,3056.0,34.0,1.13,4316,13189696,4149.5,2604.2
MUNJALAU,MUNJALAUEQN,115.35,116.65,116.65,1.3,1.13,2995,349366,130.6,67.2
HUHTAMAKI,HUHTAMAKIEQN,273.85,276.95,276.95,3.1,1.13,819,226822,330.0,148.6
ISGEC,ISGECEQN,755.1,763.6,763.6,8.5,1.13,146,111485,1113.9,683.95
ATLANTAELE,ATLANTAELEEQN,1846.9,1867.7,1867.7,20.8,1.13,1924,3593454,2152.6,707.6
ECORECO,ECORECOEQN,454.75,459.9,459.9,5.15,1.13,346,159125,494.9,443.75
RAJOOENG,RAJOOENGBEN,50.36,50.93,50.93,0.57,1.13,220,11204,109.5,46.0
MANGALAM,MANGALAMEQN,27.68,27.99,27.99,0.31,1.12,1300,36387,84.21,22.8
HATHWAY,HATHWAYEQN,10.68,10.8,10.8,0.12,1.12,18206,196624,15.25,8.76
ECOSMOBLTY,ECOSMOBLTYBEN,109.82,111.05,111.05,1.23,1.12,51,5663,302.0,103.94
ASIANTILES,ASIANTILESEQN,47.41,47.94,47.94,0.53,1.12,10335,495459,79.06,42.5
CHEVIOT,CHEVIOTEQN,1166.2,1179.0,1179.0,12.8,1.1,1,1179,1370.5,898.0
COASTCORP,COASTCORPEQN,40.55,40.99,40.99,0.44,1.09,403,16518,66.7,30.01
GVPTECH,GVPTECHEQN,7.34,7.42,7.42,0.08,1.09,4306,31950,11.19,5.22
VISL,VISLEQN,36.74,37.14,37.14,0.4,1.09,70122,2604331,44.78,19.06
SUDEEPPHRM,SUDEEPPHRMEQN,1111.8,1123.9,1123.9,12.1,1.09,614,690074,1180.0,524.05
NTPCGREEN,NTPCGREENEQN,91.43,92.41,92.41,0.98,1.07,55492,5128015,119.95,84.0
DJML,DJMLEQN,108.64,109.8,109.8,1.16,1.07,2001,219709,124.8,52.0
RIR,RIREQN,164.93,166.7,166.7,1.77,1.07,319,53177,185.99,154.3
MANINDS,MANINDSEQN,715.4,723.0,723.0,7.6,1.06,4311,3116853,735.0,302.05
SUDARSCHEM,SUDARSCHEMEQN,1215.1,1228.0,1228.0,12.9,1.06,5162,6338936,1603.0,726.4
MHLXMIRU,MHLXMIRUBEN,188.99,191.0,191.0,2.01,1.06,25,4775,244.65,105.53
JSFB,JSFBEQN,582.35,588.55,588.55,6.2,1.06,4819,2836222,606.95,330.0
MANALIPETC,MANALIPETCEQN,74.02,74.8,74.8,0.78,1.05,4589,343257,78.72,39.13
EIHAHOTELS,EIHAHOTELSEQN,294.7,297.8,297.8,3.1,1.05,93,27695,434.9,266.65
63MOONS,63MOONSEQN,795.5,803.85,803.85,8.35,1.05,687,552244,1007.7,467.0
SPARC,SPARCEQN,196.71,198.75,198.75,2.04,1.04,2353,467658,289.0,108.0
PONNIERODE,PONNIERODEEQN,419.55,423.9,423.9,4.35,1.04,1306,553613,433.5,252.4
DLINKINDIA,DLINKINDIAEQN,435.75,440.3,440.3,4.55,1.04,76,33462,549.2,367.65
JAGSNPHARM,JAGSNPHARMEQN,236.54,239.0,239.0,2.46,1.04,813,194307,264.5,155.0
MANOMAY,MANOMAYEQN,217.19,219.43,219.43,2.24,1.03,122,26770,259.88,160.25
PFOCUS,PFOCUSEQN,296.95,300.0,300.0,3.05,1.03,1909,572700,367.0,139.04
KAYNES,KAYNESEQN,3890.0,3930.0,3930.0,40.0,1.03,8103,31844790,7705.0,2995.0
NAVKARURB,NAVKARURBBEN,0.97,0.98,0.98,0.01,1.03,5722,5607,2.93,0.7
EMAMIPAP,EMAMIPAPBEN,115.81,117.0,117.0,1.19,1.03,3,351,133.7,55.0
ARFIN,ARFINEQN,85.62,86.49,86.49,0.87,1.02,1363,117885,106.2,32.0
GLOBE,GLOBEEQN,1.97,1.99,1.99,0.02,1.02,626,1245,3.29,1.86
SYRMA,SYRMAEQN,1439.3,1454.0,1454.0,14.7,1.02,8541,12418614,1543.0,634.5
VIKRAMSOLR,VIKRAMSOLREQN,173.23,174.99,174.99,1.76,1.02,12642,2212223,407.95,155.38
CMRGREEN,CMRGREENEQN,212.87,215.05,215.05,2.18,1.02,1604,344940,268.96,205.25
KERNEX,KERNEXEQN,1934.5,1954.0,1954.0,19.5,1.01,1820,3556280,2580.0,850.0
RAMCOCEM,RAMCOCEMEQN,899.05,908.1,908.1,9.05,1.01,2022,1836178,1214.5,838.3
KRBL,KRBLEQN,406.95,411.05,411.05,4.1,1.01,2899,1191633,495.0,274.65
DIXON,DIXONEQN,14850.0,15000.0,15000.0,150.0,1.01,5821,87315000,18471.0,9600.0
SHARDACROP,SHARDACROPEQN,760.9,768.5,768.5,7.6,1.0,431,331223,1297.0,755.55
DCBBANK,DCBBANKEQN,203.59,205.62,205.62,2.03,1.0,7616,1566001,205.9,119.51
SWSOLAR,SWSOLAREQN,192.17,194.1,194.1,1.93,1.0,2410,467781,286.5,148.0
MAMATA,MAMATAEQN,420.35,424.55,424.55,4.2,1.0,487,206755,515.0,297.0
JKTYRE,JKTYREEQN,374.7,378.45,378.45,3.75,1.0,3245,1228070,611.9,318.05
KMCSHIL,KMCSHILEQN,141.65,143.07,143.07,1.42,1.0,1368,195719,148.0,134.7
STARTECK,STARTECKEQN,247.95,250.4,250.4,2.45,0.99,2,500,349.95,215.1
TDPOWERSYS,TDPOWERSYSEQN,1534.8,775.0,775.0,7.6,0.99,9313,7217575,798.85,246.5
TRIVENI,TRIVENIEQN,295.28,298.2,298.2,2.92,0.99,11002,3280796,490.1,220.05
MCLEODRUSS,MCLEODRUSSEQN,49.31,49.8,49.8,0.49,0.99,242,12051,78.41,28.5
CINEVISTA,CINEVISTAEQN,14.21,14.35,14.35,0.14,0.99,610,8753,22.8,12.16
GLOBAL,GLOBALEQN,106.98,108.04,108.04,1.06,0.99,59,6374,121.9,55.3
SPLPETRO,SPLPETROEQN,697.8,704.7,704.7,6.9,0.99,11,7751,979.0,462.3
SYSTANGO,SYSTANGOSMN,217.65,219.8,219.8,2.15,0.99,400,87920,411.0,202.55
MODIS,MODISEQN,383.15,386.95,386.95,3.8,0.99,241,93254,429.05,276.0
VMARCIND,VMARCINDSMN,393.15,397.0,397.0,3.85,0.98,1500,595500,400.0,70.0
ENERGYDEV,ENERGYDEVEQN,16.35,16.51,16.51,0.16,0.98,36,594,29.69,13.15
INDOWIND,INDOWINDEQN,9.17,9.26,9.26,0.09,0.98,1050,9723,18.94,7.0
SAIFL,SAIFLSMN,5.1,5.15,5.15,0.05,0.98,4000,20600,26.8,4.85
VARDMNPOLY,VARDMNPOLYEQN,6.1,6.16,6.16,0.06,0.98,152,936,9.83,5.1
OSWALPUMPS,OSWALPUMPSEQN,299.6,302.55,302.55,2.95,0.98,1427,431738,888.4,283.1
HTMEDIA,HTMEDIAEQN,27.57,27.84,27.84,0.27,0.98,61,1698,31.3,17.52
COMSYN,COMSYNEQN,286.17,288.95,288.95,2.78,0.97,387,111823,298.0,133.57
EIHOTEL,EIHOTELEQN,302.75,305.7,305.7,2.95,0.97,250,76425,434.8,271.15
TECHNOE,TECHNOEEQN,987.45,997.0,997.0,9.55,0.97,347,345959,1575.0,870.0
BLSE,BLSEEQN,320.9,324.0,324.0,3.1,0.97,285,92340,328.1,124.3
APARINDS,APARINDSEQN,16856.0,17020.0,17020.0,164.0,0.97,369,6280380,18465.0,6801.0
MKPL,MKPLEQN,4.13,4.17,4.17,0.04,0.97,1087,4532,8.85,3.56
PACEDIGITK,PACEDIGITKEQN,180.69,182.45,182.45,1.76,0.97,10667,1946194,231.95,139.81
KSL,KSLEQN,881.15,889.7,889.7,8.55,0.97,245,217976,982.55,574.0
WATERBASE,WATERBASEEQN,52.39,52.9,52.9,0.51,0.97,189,9998,54.0,44.11
SEYAIND,SEYAINDBEN,12.45,12.57,12.57,0.12,0.96,1052,13223,23.99,8.54
ARIHANTSUP,ARIHANTSUPEQN,254.15,256.6,256.6,2.45,0.96,109,27969,465.0,188.8
KMEW,KMEWEQN,2725.6,2751.8,2751.8,26.2,0.96,89,244910,2999.9,851.65
BENARAS,BENARASEQN,10200.0,10298.0,10298.0,98.0,0.96,8,82384,10500.0,10000.0
INNOVACAP,INNOVACAPEQN,1088.5,1099.0,1099.0,10.5,0.96,238,261562,1120.0,622.0
ORTEL,ORTELBZN,2.1,2.12,2.12,0.02,0.95,2,4,2.33,1.15
SANATHAN,SANATHANEQN,465.6,470.0,470.0,4.4,0.95,56,26320,551.95,352.6
DECNGOLD,DECNGOLDEQN,245.67,248.0,248.0,2.33,0.95,15834,3926832,250.8,114.8
MONTECARLO,MONTECARLOEQN,547.85,553.0,553.0,5.15,0.94,263,145439,860.95,464.0
AEGISVOPAK,AEGISVOPAKEQN,276.3,278.9,278.9,2.6,0.94,4276,1192576,311.49,158.0
ANDHRSUGAR,ANDHRSUGAREQN,98.84,99.77,99.77,0.93,0.94,2918,291128,107.23,66.5
PARAGMILK,PARAGMILKEQN,225.5,227.61,227.61,2.11,0.94,7479,1702295,376.95,177.84
CITIUSINVT,CITIUSINVTIVN,114.31,115.39,115.39,1.08,0.94,13,1500,116.5,101.5
ROSSTECH,ROSSTECHEQN,1074.2,1084.25,1084.25,10.05,0.94,1197,1297847,1172.0,551.9
LUMAXTECH,LUMAXTECHEQN,1988.8,2007.4,2007.4,18.6,0.94,292,586160,2110.0,1024.6
GKENERGY,GKENERGYEQN,123.3,123.95,123.95,1.15,0.94,1540,190883,239.6,87.2
MILKYMIST,MILKYMISTEQN,189.22,191.0,191.0,1.78,0.94,64425,12305175,211.8,165.0
AIRAN,AIRANEQN,15.03,15.17,15.17,0.14,0.93,213,3231,27.49,12.63
PNGJL,PNGJLEQN,602.9,608.5,608.5,5.6,0.93,697,424124,736.4,503.0
SUPRAJIT,SUPRAJITEQN,505.4,510.1,510.1,4.7,0.93,404,206080,559.25,389.95
ZENITHSTL,ZENITHSTLEQN,5.41,5.46,5.46,0.05,0.92,5072,27693,10.33,4.41
HSCL,HSCLEQN,654.4,660.45,660.45,6.05,0.92,51726,34162436,819.5,418.5
INDUSINVIT,INDUSINVITIVN,134.06,135.3,135.3,1.24,0.92,931,125964,138.0,111.0
PROSTARM,PROSTARMEQN,138.72,140.0,140.0,1.28,0.92,1445,202300,237.0,114.64
GTPL,GTPLEQN,54.25,54.75,54.75,0.5,0.92,43,2354,118.95,50.85
LMW,LMWEQN,19849.0,20030.0,20030.0,181.0,0.91,15,300450,20151.0,11920.0
WINDMACHIN,WINDMACHINEQN,314.6,317.45,317.45,2.85,0.91,955,303164,345.45,200.65
DUCON,DUCONEQN,3.35,3.38,3.38,0.03,0.9,26796,90570,6.45,2.22
SEJALLTD,SEJALLTDEQN,663.9,669.9,669.9,6.0,0.9,9,6029,1036.7,381.0
DEVX,DEVXEQN,35.68,36.0,36.0,0.32,0.9,1080,38880,64.05,29.95
GALLANTT,GALLANTTEQN,584.4,589.6,589.6,5.2,0.89,25,14740,948.0,496.25
KPEL,KPELEQN,259.3,261.6,261.6,2.3,0.89,639,167162,463.25,237.9
MAPMYINDIA,MAPMYINDIAEQN,983.9,992.7,992.7,8.8,0.89,313,310715,1998.0,795.0
SIGNPOST,SIGNPOSTEQN,264.65,267.0,267.0,2.35,0.89,255,68085,336.8,191.41
LICI,LICIEQN,422.25,426.0,426.0,3.75,0.89,75368,32106768,468.48,360.75
VAML,VAMLEQN,440.3,444.2,444.2,3.9,0.89,19253,8552182,537.0,423.15
JPPOWER,JPPOWEREQN,17.1,17.25,17.25,0.15,0.88,248079,4279362,24.5,13.15
RML,RMLEQN,1101.0,1110.7,1110.7,9.7,0.88,72,79970,1323.9,608.5
AEROENTER,AEROENTEREQN,140.07,141.3,141.3,1.23,0.88,4344,613807,149.55,62.2
MMP,MMPEQN,401.9,405.4,405.4,3.5,0.87,459,186078,429.95,185.2
MBAPL,MBAPLEQN,169.52,171.0,171.0,1.48,0.87,1886,322506,172.85,74.63
MVGJL,MVGJLEQN,149.6,150.9,150.9,1.3,0.87,90,13581,214.79,129.1
RANASUG,RANASUGEQN,14.96,15.09,15.09,0.13,0.87,17137,258597,15.69,10.21
PFS,PFSEQN,27.76,28.0,28.0,0.24,0.86,626,17528,40.69,23.85
FINCABLES,FINCABLESEQN,1260.5,1271.3,1271.3,10.8,0.86,1875,2383687,1374.0,700.8
JSLL,JSLLEQN,505.35,509.7,509.7,4.35,0.86,814,414895,849.5,492.0
AMAGI,AMAGIEQN,599.85,605.0,605.0,5.15,0.86,6932,4193860,727.4,310.2
FIRSTCRY,FIRSTCRYEQN,196.33,197.99,197.99,1.66,0.85,1132,224124,438.7,194.34
ELECTCAST,ELECTCASTEQN,73.87,74.5,74.5,0.63,0.85,8501,633324,108.71,60.15
PASHUPATI,PASHUPATIEQN,87.26,88.0,88.0,0.74,0.85,925,81400,118.35,66.4
ACSTECH,ACSTECHEQN,50.78,51.21,51.21,0.43,0.85,1459,74715,53.56,31.71
GCSL,GCSLEQN,488.9,493.0,493.0,4.1,0.84,334,164662,542.8,213.15
GREAVESCOT,GREAVESCOTEQN,192.48,194.1,194.1,1.62,0.84,10396,2017863,271.9,119.99
TVSSRICHAK,TVSSRICHAKEQN,4879.1,4920.1,4920.1,41.0,0.84,37,182043,5050.0,2812.0
TICL,TICLBEN,9.51,9.59,9.59,0.08,0.84,2,19,33.99,8.91
PFIZER,PFIZEREQN,4978.2,5020.0,5020.0,41.8,0.84,204,1024080,5765.0,4360.1
SHREDIGCEM,SHREDIGCEMEQN,72.39,73.0,73.0,0.61,0.84,60,4380,107.7,53.9
KAVDEFENCE,KAVDEFENCEEQN,56.9,57.38,57.38,0.48,0.84,230,13197,162.87,51.51
ACE,ACEEQN,1182.2,1192.0,1192.0,9.8,0.83,1457,1736744,1196.0,745.1
SCHAND,SCHANDEQN,136.76,137.9,137.9,1.14,0.83,36,4964,200.79,130.05
LUMAXIND,LUMAXINDEQN,5880.0,5929.0,5929.0,49.0,0.83,26,154154,6934.5,3706.7
CHENNPETRO,CHENNPETROEQN,1393.5,1405.0,1405.0,11.5,0.83,4077,5728185,1489.7,639.8
AVONMORE,AVONMOREEQN,13.23,13.34,13.34,0.11,0.83,624,8324,23.9,9.05
BHARATCOAL,BHARATCOALEQN,34.81,35.1,35.1,0.29,0.83,78512,2755771,45.09,29.74
KCPSUGIND,KCPSUGINDBEN,34.81,35.1,35.1,0.29,0.83,2389,83853,36.95,21.45
SANDESH,SANDESHEQN,1038.75,1047.25,1047.25,8.5,0.82,1,1047,1304.3,811.0
ABREL,ABRELEQN,1406.3,1417.9,1417.9,11.6,0.82,2113,2996022,1965.3,1080.1
MINDACORP,MINDACORPEQN,727.85,733.85,733.85,6.0,0.82,886,650191,769.0,468.5
KALYANKJIL,KALYANKJILEQN,603.55,608.5,608.5,4.95,0.82,17752,10802092,648.95,327.05
HONAUT,HONAUTEQN,36700.0,37000.0,37000.0,300.0,0.82,10,370000,41495.0,26220.0
DEEPINDS,DEEPINDSEQN,688.05,693.7,693.7,5.65,0.82,1190,825503,720.0,330.0
NOVAAGRI,NOVAAGRIBEN,24.5,24.7,24.7,0.2,0.82,136,3359,53.74,18.12
KRYSTAL,KRYSTALEQN,657.95,663.35,663.35,5.4,0.82,45,29850,729.5,500.0
RPOWER,RPOWEREQN,23.45,23.64,23.64,0.19,0.81,238466,5637336,50.85,20.17
SPAL,SPALEQN,930.45,938.0,938.0,7.55,0.81,204,191352,1221.9,600.0
GTLINFRA,GTLINFRAEQN,1.23,1.24,1.24,0.01,0.81,252905,313602,1.67,0.96
MAFATIND,MAFATINDEQN,121.81,122.8,122.8,0.99,0.81,4,491,157.77,119.6
STERTOOLS,STERTOOLSBEN,223.0,224.8,224.8,1.8,0.81,7,1573,361.95,155.0
GALAPREC,GALAPRECEQN,1089.3,1098.0,1098.0,8.7,0.8,55,60390,1260.0,671.2
PENIND,PENINDEQN,158.8,160.07,160.07,1.27,0.8,716,114610,279.9,129.1
TTKHLTCARE,TTKHLTCAREEQN,1102.5,1111.3,1111.3,8.8,0.8,93,103350,1216.8,735.0
GPIL,GPILEQN,245.09,247.05,247.05,1.96,0.8,2554,630965,320.0,218.02
KALAMANDIR,KALAMANDIREQN,86.29,86.98,86.98,0.69,0.8,1010,87849,223.03,84.5
GOCOLORS,GOCOLORSEQN,344.8,347.55,347.55,2.75,0.8,1414,491435,760.9,237.05
ALKYLAMINE,ALKYLAMINEEQN,2052.7,2069.1,2069.1,16.4,0.8,1626,3364356,2201.9,1212.0
DEVIT,DEVITEQN,24.9,25.1,25.1,0.2,0.8,438,10993,50.89,22.25
MANINFRA,MANINFRAEQN,108.67,109.54,109.54,0.87,0.8,1702,186437,169.6,77.12
POKARNA,POKARNAEQN,897.7,904.9,904.9,7.2,0.8,338,305856,1146.2,692.6
FABTECH,FABTECHEQN,146.82,147.99,147.99,1.17,0.8,108,15982,262.8,132.7
EMIL,EMILEQN,186.71,188.2,188.2,1.49,0.8,5828,1096829,196.74,84.9
APCOTEXIND,APCOTEXINDEQN,625.05,630.0,630.0,4.95,0.79,342,215460,712.0,310.45
AARTIDRUGS,AARTIDRUGSEQN,417.4,420.7,420.7,3.3,0.79,374,157341,534.55,318.95
BALMLAWRIE,BALMLAWRIEEQN,174.64,176.0,176.0,1.36,0.78,1875,330000,238.2,148.36
MSUMI,MSUMIEQN,38.36,38.66,38.66,0.3,0.78,27408,1059593,53.59,35.7
AZAD,AZADEQN,2837.8,2859.9,2859.9,22.1,0.78,2830,8093517,2986.6,1360.0
AMNPLST,AMNPLSTEQN,191.03,192.5,192.5,1.47,0.77,1,192,250.0,127.0
KPIGREEN,KPIGREENEQN,312.6,315.0,315.0,2.4,0.77,3598,1133370,542.25,301.2
JSL,JSLEQN,701.35,706.75,706.75,5.4,0.77,1037,732899,884.0,652.25
SAIL,SAILEQN,173.46,174.8,174.8,1.34,0.77,38697,6764235,209.7,118.1
MIIL,MIILEQN,704.6,710.0,710.0,5.4,0.77,7,4970,721.0,660.0
HARRMALAYA,HARRMALAYAEQN,197.89,199.4,199.4,1.51,0.76,45,8973,237.9,153.66
MCLOUD,MCLOUDEQN,30.27,30.5,30.5,0.23,0.76,17660,538630,90.5,19.4
CEIGALL,CEIGALLEQN,314.35,316.75,316.75,2.4,0.76,511,161859,405.7,222.61
HDFCBANK,HDFCBANKEQN,726.95,732.5,732.5,5.55,0.76,187238,137151835,1020.5,715.1
BEPL,BEPLEQN,125.82,126.78,126.78,0.96,0.76,3018,382622,138.5,74.2
IGL,IGLEQN,147.87,149.0,149.0,1.13,0.76,10070,1500430,223.5,141.74
SPLIL,SPLILEQN,30.25,30.48,30.48,0.23,0.76,10,304,45.2,20.2
RMC,RMCEQN,258.0,259.95,259.95,1.95,0.76,202,52509,530.0,245.4
FERMENTA,FERMENTAEQN,478.35,482.0,482.0,3.65,0.76,1077,519114,580.45,248.85
TRITONV,TRITONVEQN,1153.7,1162.5,1162.5,8.8,0.76,9,10462,1219.3,1108.0
QUICKHEAL,QUICKHEALBEN,142.87,143.95,143.95,1.08,0.76,45,6477,371.4,125.0
HYUNDAI,HYUNDAIEQN,2218.8,2235.4,2235.4,16.6,0.75,2288,5114595,2890.0,1658.0
DCI,DCIEQN,381.35,384.2,384.2,2.85,0.75,6,2305,475.0,208.98
GANDHITUBE,GANDHITUBEEQN,892.35,899.0,899.0,6.65,0.75,1,899,1031.8,681.05
BANARISUG,BANARISUGEQN,4019.7,4050.0,4050.0,30.3,0.75,81,328050,4338.0,3105.2
VIDHIING,VIDHIINGEQN,328.55,331.0,331.0,2.45,0.75,1,331,410.0,258.6
NILKAMAL,NILKAMALEQN,2053.6,2069.0,2069.0,15.4,0.75,262,542078,2105.0,1050.5
TRUALT,TRUALTEQN,446.15,449.5,449.5,3.35,0.75,339,152380,549.0,310.2
STYL,STYLEQN,392.55,395.5,395.5,2.95,0.75,51,20170,437.45,209.11
MEESHO,MEESHOEQN,205.69,207.24,207.24,1.55,0.75,105165,21794394,254.4,125.56
SILGO,SILGOEQN,72.4,72.94,72.94,0.54,0.75,15,1094,86.2,57.55
JAGRAN,JAGRANEQN,61.96,62.42,62.42,0.46,0.74,5231,326519,78.9,59.5
INDIAGLYCO,INDIAGLYCOEQN,1146.5,1155.0,1155.0,8.5,0.74,921,1063755,1222.0,792.5
SHIVAUM,SHIVAUMEQN,444.15,447.45,447.45,3.3,0.74,3,1342,474.05,275.0
GOLDIAM,GOLDIAMEQN,360.35,363.0,363.0,2.65,0.74,2464,894432,398.2,198.75
FEDFINA,FEDFINAEQN,156.84,158.0,158.0,1.16,0.74,2919,461202,178.48,119.07
RPPINFRA,RPPINFRAEQN,57.64,58.06,58.06,0.42,0.73,500,29030,169.9,55.04
DENTA,DENTAEQN,286.4,288.5,288.5,2.1,0.73,202,58277,479.6,222.0
SRHHYPOLTD,SRHHYPOLTDEQN,473.15,476.6,476.6,3.45,0.73,15,7149,640.0,382.4
VPRPL,VPRPLEQN,32.71,32.95,32.95,0.24,0.73,805,26524,153.27,23.94
GOACARBON,GOACARBONEQN,350.7,353.25,353.25,2.55,0.73,10,3532,494.9,272.85
KPRMILL,KPRMILLEQN,1151.6,1160.0,1160.0,8.4,0.73,239,277240,1334.0,796.1
OLECTRA,OLECTRAEQN,1318.4,1328.0,1328.0,9.6,0.73,2166,2876448,1714.2,866.6
AMBICAAGAR,AMBICAAGAREQN,24.77,24.95,24.95,0.18,0.73,2,49,29.68,20.0
PICCADIL,PICCADILEQN,709.8,715.0,715.0,5.2,0.73,624,446160,809.7,515.0
LATTEYS,LATTEYSEQN,23.28,23.45,23.45,0.17,0.73,456,10693,37.0,15.79
VMART,VMARTEQN,838.85,845.0,845.0,6.15,0.73,935,790075,888.0,457.9
JSWHL,JSWHLEQN,11289.0,11371.0,11371.0,82.0,0.73,3,34113,22790.0,10530.0
NOVARTIND,NOVARTINDEQN,1418.9,1429.2,1429.2,10.3,0.73,22,31442,1780.0,950.0
IIFL,IIFLEQN,679.8,684.75,684.75,4.95,0.73,12111,8293007,687.1,409.1
LAXMIDENTL,LAXMIDENTLEQN,198.14,199.57,199.57,1.43,0.72,202,40313,377.05,155.88
ALPA,ALPAEQN,62.75,63.2,63.2,0.45,0.72,2,126,101.0,46.1
PYRAMID,PYRAMIDEQN,163.43,164.6,164.6,1.17,0.72,16,2633,198.69,131.8
MUNJALSHOW,MUNJALSHOWEQN,131.02,131.96,131.96,0.94,0.72,72,9501,150.9,110.3
ALEMBICLTD,ALEMBICLTDEQN,92.73,93.4,93.4,0.67,0.72,3564,332877,109.91,70.46
TARSONS,TARSONSEQN,344.95,347.45,347.45,2.5,0.72,357,124039,375.0,164.45
NIITMTS,NIITMTSEQN,228.8,230.45,230.45,1.65,0.72,20,4609,443.9,203.3
DISHTV,DISHTVEQN,2.77,2.79,2.79,0.02,0.72,7280,20311,5.99,1.82
SCODATUBES,SCODATUBESEQN,128.84,129.77,129.77,0.93,0.72,81,10511,187.7,110.0
INDIQUBE,INDIQUBEEQN,189.1,190.47,190.47,1.37,0.72,50,9523,243.8,131.15
KNACK,KNACKEQN,203.55,205.0,205.0,1.45,0.71,2356,482980,222.0,180.33
PCBL,PCBLEQN,317.55,319.8,319.8,2.25,0.71,848,271190,425.95,226.5
REDINGTON,REDINGTONEQN,350.55,353.05,353.05,2.5,0.71,9076,3204281,364.5,191.31
HAVISHA,HAVISHAEQN,1.42,1.43,1.43,0.01,0.7,870,1244,2.42,1.03
BIRLAMONEY,BIRLAMONEYEQN,126.6,127.49,127.49,0.89,0.7,167,21290,197.39,95.0
KEC,KECEQN,435.95,439.0,439.0,3.05,0.7,2235,981165,937.8,418.0
VISHWARAJ,VISHWARAJEQN,5.69,5.73,5.73,0.04,0.7,5789,33170,10.2,4.14
IRBINVIT,IRBINVITIVN,64.15,64.6,64.6,0.45,0.7,10828,699488,65.0,57.05
CPPLUS,CPPLUSEQN,3475.5,3500.0,3500.0,24.5,0.7,394,1379000,4094.0,1187.0
UCOBANK,UCOBANKEQN,25.72,25.9,25.9,0.18,0.7,29083,753249,34.2,22.22
SUPREMEINF,SUPREMEINFEQN,88.3,88.92,88.92,0.62,0.7,227,20184,119.79,58.11
EPACKPEB,EPACKPEBEQN,234.35,236.0,236.0,1.65,0.7,1820,429520,344.0,132.17
INDGN,INDGNEQN,567.8,571.75,571.75,3.95,0.7,1598,913656,596.8,414.0
WPIL,WPILEQN,451.35,454.5,454.5,3.15,0.7,25,11362,510.35,383.55
EPACK,EPACKEQN,202.8,204.2,204.2,1.4,0.69,1448,295681,409.5,196.15
RANEHOLDIN,RANEHOLDINEQN,1615.6,1626.8,1626.8,11.2,0.69,5,8134,1894.5,981.0
IOLCP,IOLCPEQN,169.52,170.69,170.69,1.17,0.69,26879,4587976,179.6,67.19
HINDWAREAP,HINDWAREAPEQN,198.63,200.01,200.01,1.38,0.69,13,2600,392.7,170.5
TNPETRO,TNPETROEQN,115.21,116.0,116.0,0.79,0.69,1298,150568,129.89,78.67
SAIPARENT,SAIPARENTEQN,540.85,544.6,544.6,3.75,0.69,23,12525,706.0,400.0
GMDCLTD,GMDCLTDEQN,570.0,573.9,573.9,3.9,0.68,4858,2788006,771.9,400.0
HITECHGEAR,HITECHGEARBEN,546.3,550.0,550.0,3.7,0.68,6,3300,897.45,521.25
DCMSRIND,DCMSRINDEQN,51.24,51.59,51.59,0.35,0.68,1222,63042,181.9,31.9
BHAGCHEM,BHAGCHEMEQN,280.2,282.1,282.1,1.9,0.68,112,31595,316.9,170.6
EXCELSOFT,EXCELSOFTEQN,70.9,71.38,71.38,0.48,0.68,327,23341,142.59,66.4
PRITIKAUTO,PRITIKAUTOBEN,17.63,17.75,17.75,0.12,0.68,354,6283,20.99,10.41
PDMJEPAPER,PDMJEPAPEREQN,90.69,90.69,90.69,0.6,0.67,382,34643,148.39,65.0
SBCL,SBCLEQN,993.25,999.9,999.9,6.65,0.67,335,334966,1105.05,368.6
SARDAEN,SARDAENEQN,510.6,514.0,514.0,3.4,0.67,401,206114,639.75,453.1
THANGAMAYL,THANGAMAYLEQN,5487.5,5524.0,5524.0,36.5,0.67,227,1253948,7430.0,1939.5
AWFIS,AWFISEQN,268.2,270.0,270.0,1.8,0.67,774,208980,639.4,229.05
GARFIBRES,GARFIBRESEQN,802.6,808.0,808.0,5.4,0.67,316,255328,870.45,579.75
CRIZAC,CRIZACEQN,172.84,174.0,174.0,1.16,0.67,918,159732,387.95,170.29
TIMEX,TIMEXEQN,599.95,603.95,603.95,4.0,0.67,1864,1125762,618.0,312.0
ORIANA,ORIANASMN,1192.05,1200.0,1200.0,7.95,0.67,1050,1260000,3064.0,1174.95
GESHIP,GESHIPEQN,1311.3,1320.0,1320.0,8.7,0.66,2086,2753520,1798.0,922.5
JGCHEM,JGCHEMEQN,621.85,625.95,625.95,4.1,0.66,379,237235,663.1,298.4
GSPCROP,GSPCROPEQN,594.0,597.95,597.95,3.95,0.66,12,7175,607.8,328.0
SAKUMA,SAKUMAEQN,1.52,1.53,1.53,0.01,0.66,15727,24062,3.1,1.1
KSHINTL,KSHINTLEQN,1009.25,1015.95,1015.95,6.7,0.66,302,306816,1059.9,330.0
NEOGEN,NEOGENEQN,2230.1,2244.8,2244.8,14.7,0.66,249,558955,2483.9,966.7
PITTIENG,PITTIENGEQN,1052.2,1059.0,1059.0,6.8,0.65,230,243570,1100.0,675.0
DPEL,DPELSMN,570.4,574.1,574.1,3.7,0.65,500,287050,599.0,130.0
COCKERILL,COCKERILLEQN,8213.5,8267.0,8267.0,53.5,0.65,26,214942,10871.5,4955.0
JUNIPER,JUNIPEREQN,210.08,211.45,211.45,1.37,0.65,307,64915,312.5,188.5
LCL,LCLEQN,577.15,580.9,580.9,3.75,0.65,3153,1831577,590.0,461.0
HEXT,HEXTEQN,532.45,535.85,535.85,3.4,0.64,1145,613548,829.4,400.2
JINDALSTEL,JINDALSTELEQN,1127.8,1135.0,1135.0,7.2,0.64,2143,2432305,1306.2,943.3
PIXTRANS,PIXTRANSEQN,1809.1,1820.7,1820.7,11.6,0.64,60,109242,2089.0,1252.0
APOLLO,APOLLOEQN,384.55,387.0,387.0,2.45,0.64,31267,12100329,466.5,179.5
COSMOFIRST,COSMOFIRSTEQN,922.95,928.9,928.9,5.95,0.64,18,16720,1042.4,560.8
ARSSBL,ARSSBLEQN,511.7,514.95,514.95,3.25,0.64,1121,577258,794.85,416.0
INA,INAEQN,93.79,94.39,94.39,0.6,0.64,2431,229462,161.81,79.75
MITCON,MITCONBEN,79.49,80.0,80.0,0.51,0.64,40,3200,91.7,49.56
GOLDSTAR,GOLDSTARSMN,7.8,7.85,7.85,0.05,0.64,11250,88312,9.95,4.5
DRCSYSTEMS,DRCSYSTEMSEQN,12.6,12.68,12.68,0.08,0.63,300,3804,23.68,11.5
TATASTEEL,TATASTEELEQN,183.0,184.15,184.15,1.15,0.63,97954,18038229,224.4,153.05
SEAMECLTD,SEAMECLTDEQN,1674.3,1684.9,1684.9,10.6,0.63,318,535798,1719.9,771.75
ACUTAAS,ACUTAASEQN,3169.0,3189.1,3189.1,20.1,0.63,1105,3523955,3740.0,1302.0
TIPSMUSIC,TIPSMUSICEQN,650.95,655.0,655.0,4.05,0.62,344,225320,741.0,481.15
CSBBANK,CSBBANKEQN,322.9,324.9,324.9,2.0,0.62,1187,385656,574.4,312.95
INDOBORAX,INDOBORAXEQN,511.85,515.0,515.0,3.15,0.62,3718,1914770,524.6,224.0
BAJAJHCARE,BAJAJHCAREEQN,322.0,324.0,324.0,2.0,0.62,186,60264,515.9,272.35
AMRUTANJAN,AMRUTANJANEQN,536.35,539.7,539.7,3.35,0.62,89,48033,790.95,482.8
VSTIND,VSTINDEQN,212.69,214.0,214.0,1.31,0.62,437,93518,286.78,200.0
SKYGOLD,SKYGOLDEQN,803.5,808.4,808.4,4.9,0.61,3564,2881137,848.0,259.0
SUKHJITS,SUKHJITSEQN,159.42,160.4,160.4,0.98,0.61,50,8020,231.1,137.3
CENTUM,CENTUMEQN,3439.0,3459.9,3459.9,20.9,0.61,68,235273,3968.8,2044.2
ROSSARI,ROSSARIEQN,501.75,504.8,504.8,3.05,0.61,52,26249,690.3,375.0
HITECH,HITECHEQN,81.37,81.87,81.87,0.5,0.61,2853,233575,127.5,70.14
VIDYAWIRES,VIDYAWIRESEQN,86.27,86.8,86.8,0.53,0.61,3050,264740,117.35,42.51
SMLMAH,SMLMAHEQN,5324.0,5356.5,5356.5,32.5,0.61,37,198190,5987.9,2719.0
MAHSEAMLES,MAHSEAMLESEQN,634.15,638.05,638.05,3.9,0.61,261,166531,690.0,500.7
MOBIKWIK,MOBIKWIKEQN,196.81,198.0,198.0,1.19,0.6,3195,632610,334.0,151.46
NRBBEARING,NRBBEARINGEQN,486.1,489.0,489.0,2.9,0.6,1283,627387,503.9,212.55
PNCINFRA,PNCINFRAEQN,206.76,208.0,208.0,1.24,0.6,687,142896,325.0,158.17
GLOBUSSPR,GLOBUSSPREQN,906.4,911.8,911.8,5.4,0.6,147,134034,1257.9,800.05
JTLIND,JTLINDEQN,79.52,80.0,80.0,0.48,0.6,31140,2491200,87.2,40.25
FINPIPE,FINPIPEEQN,160.44,161.4,161.4,0.96,0.6,2450,395430,222.5,147.54
DMCC,DMCCEQN,284.3,286.0,286.0,1.7,0.6,112,32032,347.15,191.35
QPOWER,QPOWEREQN,1305.6,1313.4,1313.4,7.8,0.6,625,820875,1441.0,581.0
SHRINGARMS,SHRINGARMSEQN,230.52,231.9,231.9,1.38,0.6,4512,1046332,266.5,166.0
PCJEWELLER,PCJEWELLEREQN,10.22,10.28,10.28,0.06,0.59,1358027,13960517,15.38,7.47
ENTERO,ENTEROEQN,1423.6,1432.0,1432.0,8.4,0.59,207,296424,1467.8,944.0
POWERGRID,POWERGRIDEQN,272.4,274.0,274.0,1.6,0.59,71361,19552914,324.95,250.0
CESC,CESCEQN,155.09,156.0,156.0,0.91,0.59,4744,740064,204.5,138.12
RAMCOIND,RAMCOINDEQN,347.0,349.0,349.0,2.0,0.58,262,91438,398.05,230.65
WELSPUNLIV,WELSPUNLIVEQN,189.22,190.32,190.32,1.1,0.58,30755,5853291,191.47,107.1
PRICOLLTD,PRICOLLTDEQN,797.2,801.8,801.8,4.6,0.58,1159,929286,823.0,440.85
DCW,DCWEQN,44.73,44.99,44.99,0.26,0.58,4723,212487,81.31,37.11
HINDCOPPER,HINDCOPPEREQN,572.7,576.0,576.0,3.3,0.58,53743,30955968,760.05,226.7
SHALBY,SHALBYEQN,152.96,153.84,153.84,0.88,0.58,298,45844,274.7,125.82
TGVSL,TGVSLEQN,105.89,106.5,106.5,0.61,0.58,132,14058,111.5,102.5
GARUDA,GARUDAEQN,183.95,185.0,185.0,1.05,0.57,629,116365,249.3,130.0
HIRECT,HIRECTEQN,1273.7,1281.0,1281.0,7.3,0.57,282,361242,1399.0,565.2
SANOFI,SANOFIEQN,3352.8,3372.0,3372.0,19.2,0.57,145,488940,5291.0,3054.0
PATANJALI,PATANJALIEQN,348.0,350.0,350.0,2.0,0.57,19978,6992300,615.0,328.2
LAXMIINDIA,LAXMIINDIAEQN,128.76,129.5,129.5,0.74,0.57,1114,144263,180.9,71.06
DATAMATICS,DATAMATICSEQN,819.25,823.9,823.9,4.65,0.57,132,108754,1054.0,632.0
HARIOMPIPE,HARIOMPIPEEQN,348.5,350.5,350.5,2.0,0.57,146,51173,572.2,268.05
TIMKEN,TIMKENEQN,3134.1,3152.0,3152.0,17.9,0.57,63,198576,3925.0,2800.5
CMLL,CMLLEQN,529.65,532.65,532.65,3.0,0.57,1191,634386,624.4,463.35
UNIENTER,UNIENTEREQN,94.46,94.99,94.99,0.53,0.56,70,6649,161.8,87.51
SASKEN,SASKENEQN,1949.0,1960.0,1960.0,11.0,0.56,28,54880,2780.2,991.0
RGL,RGLEQN,131.26,132.0,132.0,0.74,0.56,1929,254628,147.9,85.0
SSEGL,SSEGLSMN,363.0,365.05,365.05,2.05,0.56,200,73010,580.0,283.0
KNAGRI,KNAGRIEQN,213.7,214.9,214.9,1.2,0.56,200,42980,248.55,148.3
PRAVEG,PRAVEGEQN,267.7,269.2,269.2,1.5,0.56,108,29073,325.0,210.4
BLACKROSE,BLACKROSEBEN,108.49,109.1,109.1,0.61,0.56,327,35675,129.9,80.05
SPMLINFRA,SPMLINFRAEQN,192.94,194.0,194.0,1.06,0.55,1142,221548,302.0,151.01
HMAAGRO,HMAAGROEQN,21.97,22.09,22.09,0.12,0.55,27106,598771,34.24,20.0
CMSINFO,CMSINFOEQN,247.0,248.35,248.35,1.35,0.55,5897,1464519,450.85,240.5
IDEAFORGE,IDEAFORGEEQN,812.5,816.95,816.95,4.45,0.55,765,624966,992.25,366.0
PINELABS,PINELABSEQN,156.91,157.78,157.78,0.87,0.55,26904,4244913,284.0,134.73
VEDPOWER,VEDPOWEREQN,36.3,36.5,36.5,0.2,0.55,38584,1408316,49.88,33.06
SIGNATURE,SIGNATUREEQN,795.3,799.6,799.6,4.3,0.54,468,374212,1158.0,705.2
METROPOLIS,METROPOLISEQN,556.95,559.95,559.95,3.0,0.54,237,132708,609.05,412.25
VENKEYS,VENKEYSEQN,1507.4,1515.5,1515.5,8.1,0.54,12,18186,1800.0,1165.0
AFFLE,AFFLEEQN,1718.7,1728.0,1728.0,9.3,0.54,706,1219968,2185.9,1251.3
WAAREERTL,WAAREERTLEQN,875.3,880.0,880.0,4.7,0.54,1051,924880,1358.0,779.5
SCHAEFFLER,SCHAEFFLEREQN,4017.9,4039.0,4039.0,21.1,0.53,167,674513,4467.7,3518.4
SJS,SJSEQN,2497.4,2510.7,2510.7,13.3,0.53,97,243537,2590.0,1285.9
SOTL,SOTLEQN,677.3,680.9,680.9,3.6,0.53,766,521569,814.8,285.8
BHARATSE,BHARATSEEQN,228.19,229.4,229.4,1.21,0.53,392,89924,263.18,129.1
BCPL,BCPLEQN,70.42,70.79,70.79,0.37,0.53,3,212,92.0,60.0
ASHOKA,ASHOKAEQN,114.22,114.83,114.83,0.61,0.53,3670,421426,214.5,101.0
WELSPLSOL,WELSPLSOLEQN,51.38,51.65,51.65,0.27,0.53,24903,1286239,63.25,36.0
LUXIND,LUXINDEQN,1203.4,1209.8,1209.8,6.4,0.53,153,185099,1823.35,824.05
KHADIM,KHADIMBEN,97.0,97.5,97.5,0.5,0.52,151,14722,295.8,77.47
AMJLAND,AMJLANDEQN,38.77,38.77,38.77,0.2,0.52,75,2907,61.0,30.3
PANACEABIO,PANACEABIOEQN,411.1,413.25,413.25,2.15,0.52,250,103312,647.0,292.4
SHOPERSTOP,SHOPERSTOPEQN,421.3,423.5,423.5,2.2,0.52,76,32186,572.0,275.95
CHOLAHLDNG,CHOLAHLDNGEQN,1561.8,1569.9,1569.9,8.1,0.52,74,116172,2064.0,1305.0
INDOFARM,INDOFARMEQN,141.76,142.5,142.5,0.74,0.52,391,55717,271.69,110.7
JAIBALAJI,JAIBALAJIEQN,63.57,63.9,63.9,0.33,0.52,1594,101856,108.0,53.65
CRAFTSMAN,CRAFTSMANEQN,10644.5,10700.0,10700.0,55.5,0.52,153,1637100,10960.0,6324.0
SUMEETINDS,SUMEETINDSEQN,13.52,13.59,13.59,0.07,0.52,7583,103052,35.67,12.24
EFCIL,EFCILEQN,191.61,192.61,192.61,1.0,0.52,163,31395,340.78,171.42
OMNI,OMNIEQN,581.0,584.0,584.0,3.0,0.52,2084,1217056,764.85,176.25
SEDEMAC,SEDEMACEQN,3253.1,3270.0,3270.0,16.9,0.52,121,395670,3368.9,1413.1
IBULLSLTD,IBULLSLTDEQN,25.58,25.71,25.71,0.13,0.51,13720,352741,32.5,8.9
JPOLYINVST,JPOLYINVSTEQN,964.0,968.9,968.9,4.9,0.51,16,15502,1487.7,716.05
SENORES,SENORESEQN,1513.3,1521.0,1521.0,7.7,0.51,164,249444,1577.5,662.45
EMBDL,EMBDLEQN,64.87,65.2,65.2,0.33,0.51,2461,160457,105.7,39.46
DPABHUSHAN,DPABHUSHANEQN,1482.4,1490.0,1490.0,7.6,0.51,1308,1948920,1670.0,866.1
ERIS,ERISEQN,1328.2,1335.0,1335.0,6.8,0.51,104,138840,1818.8,1200.0
ATHERENERG,ATHERENERGEQN,1462.0,1469.4,1469.4,7.4,0.51,9963,14639632,1580.0,407.7
GLOTTIS,GLOTTISEQN,66.66,67.0,67.0,0.34,0.51,750,50250,93.0,37.0
PREMCO,PREMCOEQN,390.0,392.0,392.0,2.0,0.51,1,392,484.9,355.0
ALLDIGI,ALLDIGIEQN,814.8,818.9,818.9,4.1,0.5,3,2456,1000.0,700.0
DIGIDRIVE,DIGIDRIVEEQN,17.9,17.99,17.99,0.09,0.5,5,89,34.37,16.1
OMAXE,OMAXEEQN,102.55,103.06,103.06,0.51,0.5,3891,401006,108.61,62.5
ARIES,ARIESEQN,452.7,454.95,454.95,2.25,0.5,96,43675,459.9,285.35
POWERINDIA,POWERINDIAEQN,34190.0,34360.0,34360.0,170.0,0.5,147,5050920,38785.0,16111.0
SHILPAMED,SHILPAMEDEQN,814.95,819.0,819.0,4.05,0.5,1739,1424241,834.1,259.5
TASTYBITE,TASTYBITEEQN,10135.5,10186.0,10186.0,50.5,0.5,2,20372,10544.0,6430.0
SURYAROSNI,SURYAROSNIEQN,219.8,220.89,220.89,1.09,0.5,622,137393,314.5,187.35
MMFL,MMFLEQN,652.6,655.85,655.85,3.25,0.5,242,158715,687.95,288.1
DEVYANI,DEVYANIEQN,144.4,145.12,145.12,0.72,0.5,14548,2111205,191.0,91.55
UNIPARTS,UNIPARTSEQN,815.3,819.4,819.4,4.1,0.5,154,126187,839.0,391.8
NSLNISP,NSLNISPEQN,39.79,39.99,39.99,0.2,0.5,13384,535226,53.75,33.01
INOXWIND,INOXWINDEQN,73.6,73.97,73.97,0.37,0.5,15757,1165545,159.3,72.7
PRIVISCL,PRIVISCLEQN,3479.7,3497.0,3497.0,17.3,0.5,59,206323,3785.3,2193.9
POCL,POCLEQN,502.45,504.95,504.95,2.5,0.5,920,464554,647.6,392.2
APLAPOLLO,APLAPOLLOEQN,2139.0,2149.8,2149.8,10.8,0.5,426,915814,2301.4,1578.0
AUTOAXLES,AUTOAXLESEQN,1744.8,1753.5,1753.5,8.7,0.5,11,19288,2115.0,1540.2
SCI,SCIEQN,290.55,292.0,292.0,1.45,0.5,6607,1929244,368.75,195.55
GRMOVER,GRMOVEREQN,86.71,87.14,87.14,0.43,0.5,326,28407,185.45,81.95
JINDALSAW,JINDALSAWEQN,291.65,293.1,293.1,1.45,0.5,19159,5615502,298.4,153.0
NAVINFLUOR,NAVINFLUOREQN,8206.5,8247.5,8247.5,41.0,0.5,358,2952605,8775.5,4498.5
VASCONEQ,VASCONEQEQN,31.84,32.0,32.0,0.16,0.5,1387,44384,74.59,26.75
MACPOWER,MACPOWEREQN,1874.8,1884.2,1884.2,9.4,0.5,65,122473,2000.0,761.0
BENGALASM,BENGALASMEQN,6256.0,6287.0,6287.0,31.0,0.5,20,125740,7268.0,5845.85
DBOL,DBOLEQN,131.15,131.8,131.8,0.65,0.5,368,48502,139.0,69.0
SPECIALITY,SPECIALITYBEN,140.81,141.51,141.51,0.7,0.5,1003,141934,167.46,82.7
HNDFDS,HNDFDSEQN,644.8,648.0,648.0,3.2,0.5,325,210600,677.75,442.0
EPIGRAL,EPIGRALEQN,1126.0,1131.6,1131.6,5.6,0.5,117,132397,1911.6,807.0
MANAPPURAM,MANAPPURAMEQN,357.5,359.25,359.25,1.75,0.49,49289,17707073,381.55,245.15
SBILIFE,SBILIFEEQN,1792.9,1801.7,1801.7,8.8,0.49,709,1277405,2132.0,1700.4
KIOCL,KIOCLEQN,388.1,390.0,390.0,1.9,0.49,954,372060,634.55,290.65
SUZLON,SUZLONEQN,46.71,46.94,46.94,0.23,0.49,284391,13349313,61.5,38.19
UTIAMC,UTIAMCEQN,893.05,897.45,897.45,4.4,0.49,217,194746,1418.0,876.0
GIPCL,GIPCLEQN,172.64,173.49,173.49,0.85,0.49,649,112595,202.05,119.9
TIMETECHNO,TIMETECHNOEQN,187.48,188.4,188.4,0.92,0.49,2981,561620,249.15,154.0
IFBIND,IFBINDEQN,1393.2,1400.0,1400.0,6.8,0.49,40,56000,2019.8,883.2
DBL,DBLEQN,414.6,416.65,416.65,2.05,0.49,33,13749,585.0,381.55
BALRAMCHIN,BALRAMCHINEQN,729.35,732.95,732.95,3.6,0.49,19770,14490421,780.95,393.55
SUNDRMFAST,SUNDRMFASTEQN,1228.0,1234.0,1234.0,6.0,0.49,334,412156,1250.3,730.1
SUPREMEIND,SUPREMEINDEQN,3642.0,3660.0,3660.0,18.0,0.49,91,333060,4664.9,3140.0
JWL,JWLEQN,247.0,248.2,248.2,1.2,0.49,4870,1208734,372.85,235.65
HPL,HPLEQN,317.45,319.0,319.0,1.55,0.49,551,175769,516.7,255.55
KIRIINDUS,KIRIINDUSEQN,477.9,480.25,480.25,2.35,0.49,4361,2094370,779.0,333.8
INFY,INFYEQN,1121.0,1126.5,1126.5,5.5,0.49,48034,54110301,1728.0,982.4
IPCALAB,IPCALABEQN,1911.2,1920.6,1920.6,9.4,0.49,1114,2139548,1945.1,1251.6
CENTENKA,CENTENKAEQN,569.15,571.95,571.95,2.8,0.49,59,33745,671.65,371.2
WARDINMOBI,WARDINMOBIEQN,6.18,6.21,6.21,0.03,0.49,10864,67465,6.8,5.25
RHIM,RHIMEQN,375.25,377.1,377.1,1.85,0.49,431,162530,510.0,323.05
PARKHOSPS,PARKHOSPSEQN,274.55,275.9,275.9,1.35,0.49,1140,314526,305.0,138.1
GMRAIRPORT,GMRAIRPORTEQN,99.63,100.11,100.11,0.48,0.48,51526,5158267,115.64,84.11
LTTS,LTTSEQN,3604.6,3621.8,3621.8,17.2,0.48,105,380289,4726.0,3010.0
HINDPETRO,HINDPETROEQN,363.25,365.0,365.0,1.75,0.48,20397,7444905,508.45,316.2
OBEROIRLTY,OBEROIRLTYEQN,1886.0,1895.0,1895.0,9.0,0.48,615,1165425,1986.1,1391.2
JMFINANCIL,JMFINANCILEQN,128.24,128.86,128.86,0.62,0.48,4808,619558,199.8,112.0
GRSE,GRSEEQN,2601.5,2614.0,2614.0,12.5,0.48,2803,7327042,3339.0,1963.7
ABB,ABBEQN,7424.0,7460.0,7460.0,36.0,0.48,245,1827700,7924.5,4637.5
TTML,TTMLEQN,37.78,37.96,37.96,0.18,0.48,7554,286749,60.62,31.22
ETHOSLTD,ETHOSLTDEQN,2840.5,2854.0,2854.0,13.5,0.48,66,188364,3245.9,1919.4
ENDURANCE,ENDURANCEEQN,3029.5,3043.9,3043.9,14.4,0.48,397,1208428,3079.9,2142.8
JSWENERGY,JSWENERGYEQN,544.95,547.55,547.55,2.6,0.48,3960,2168298,617.35,427.75
EUREKAFORB,EUREKAFORBEQN,415.0,416.95,416.95,1.95,0.47,216,90061,668.3,403.2
VSTTILLERS,VSTTILLERSEQN,4410.2,4431.0,4431.0,20.8,0.47,29,128499,6374.0,4275.0
MCX,MCXEQN,3185.0,3200.0,3200.0,15.0,0.47,6689,21404800,3480.0,1460.8
BBL,BBLEQN,2389.7,2400.9,2400.9,11.2,0.47,8,19207,3411.0,2051.7
CELLO,CELLOEQN,361.45,363.15,363.15,1.7,0.47,377,136907,673.8,336.6
SPIC,SPICEQN,68.16,68.48,68.48,0.32,0.47,404,27665,128.2,55.1
RAIN,RAINEQN,208.61,209.59,209.59,0.98,0.47,5655,1185231,252.0,99.9
NETWORK18,NETWORK18EQN,29.86,30.0,30.0,0.14,0.47,18660,559800,58.1,27.38
PERSISTENT,PERSISTENTEQN,5667.5,5693.5,5693.5,26.0,0.46,735,4184722,6599.0,4244.5
AEGISLOG,AEGISLOGEQN,1417.9,1424.4,1424.4,6.5,0.46,4435,6317214,1497.8,576.1
KPIL,KPILEQN,1404.5,1410.9,1410.9,6.4,0.46,326,459953,1479.6,1007.1
GRAVITA,GRAVITAEQN,1821.7,1830.0,1830.0,8.3,0.46,665,1216950,1913.6,1266.9
SHRIRAMPPS,SHRIRAMPPSEQN,77.91,78.27,78.27,0.36,0.46,1281,100263,99.44,60.57
KAYA,KAYAEQN,382.25,384.0,384.0,1.75,0.46,32,12288,487.9,224.01
BALAJITELE,BALAJITELEEQN,97.8,98.25,98.25,0.45,0.46,1740,170955,141.32,69.52
GNA,GNAEQN,562.85,565.45,565.45,2.6,0.46,462,261237,601.65,291.8
TIGERLOGS,TIGERLOGSEQN,30.31,30.45,30.45,0.14,0.46,450,13702,56.69,22.9
EIDPARRY,EIDPARRYEQN,797.3,801.0,801.0,3.7,0.46,1768,1416168,1196.4,698.2
GANESHHOU,GANESHHOUEQN,809.65,813.35,813.35,3.7,0.46,104,84588,920.15,500.0
ITC,ITCEQN,269.4,270.6,270.6,1.2,0.45,52035,14080671,427.0,265.0
TARIL,TARILEQN,298.65,300.0,300.0,1.35,0.45,5590,1677000,552.0,224.05
SGMART,SGMARTEQN,820.35,824.05,824.05,3.7,0.45,218,179642,824.0,313.1
INDUSTOWER,INDUSTOWEREQN,375.75,377.45,377.45,1.7,0.45,9907,3739397,481.5,312.55
ATGL,ATGLEQN,646.1,649.0,649.0,2.9,0.45,4074,2644026,859.85,462.8
AEROFLEX,AEROFLEXEQN,503.0,505.25,505.25,2.25,0.45,9348,4723077,521.9,158.0
INDIAMART,INDIAMARTEQN,1742.2,1750.0,1750.0,7.8,0.45,126,220500,2685.0,1730.0
APEX,APEXEQN,399.6,401.4,401.4,1.8,0.45,520,208728,514.5,208.74
TCI,TCIEQN,908.35,912.4,912.4,4.05,0.45,24,21897,1242.0,868.05
YASHO,YASHOEQN,4400.0,4420.0,4420.0,20.0,0.45,41,181220,4994.0,1130.0
IZMO,IZMOEQN,854.7,858.55,858.55,3.85,0.45,226,194032,1374.7,405.8
ONEGLOBAL,ONEGLOBALEQN,555.1,557.6,557.6,2.5,0.45,77,42935,580.0,533.0
ABFRL,ABFRLEQN,54.35,54.59,54.59,0.24,0.44,10431,569428,94.95,53.51
WHIRLPOOL,WHIRLPOOLEQN,768.5,771.9,771.9,3.4,0.44,963,743339,1437.0,751.0
WINDLAS,WINDLASEQN,993.6,998.0,998.0,4.4,0.44,374,373252,1045.45,697.4
ASAHIINDIA,ASAHIINDIAEQN,965.75,970.0,970.0,4.25,0.44,612,593640,1074.0,775.1
SIGMAADV,SIGMAADVEQN,688.2,691.25,691.25,3.05,0.44,3091,2136653,721.5,121.4
MARUTI,MARUTIEQN,13565.0,13623.0,13623.0,58.0,0.43,405,5517315,17370.0,12201.0
BBOX,BBOXEQN,775.65,779.0,779.0,3.35,0.43,4540,3536660,1103.0,435.05
RADHIKAJWE,RADHIKAJWEEQN,67.56,67.85,67.85,0.29,0.43,2233,151509,101.9,50.01
AARTIIND,AARTIINDEQN,527.2,529.45,529.45,2.25,0.43,1504,796292,541.7,338.05
HFCL,HFCLEQN,228.01,229.0,229.0,0.99,0.43,32929,7540741,234.4,59.82
SOLARINDS,SOLARINDSEQN,19900.0,19985.0,19985.0,85.0,0.43,134,2677990,20422.0,11646.0
ADANIENT,ADANIENTEQN,2997.0,3010.0,3010.0,13.0,0.43,1601,4819010,3245.0,1753.0
PATELENG,PATELENGEQN,28.17,28.29,28.29,0.12,0.43,10030,283748,41.13,22.0
NEPHROPLUS,NEPHROPLUSEQN,694.1,697.05,697.05,2.95,0.43,202,140804,769.75,446.0
SUVIDHAA,SUVIDHAAEQN,2.32,2.33,2.33,0.01,0.43,3445,8026,4.3,2.21
CAPILLARY,CAPILLARYEQN,502.35,504.5,504.5,2.15,0.43,268,135206,798.95,464.25
GALAXYSURF,GALAXYSURFEQN,2333.0,2343.0,2343.0,10.0,0.43,110,257730,2648.0,1510.0
AURUS,AURUSEQN,4.68,4.7,4.7,0.02,0.43,10,47,7.49,4.1
OLAELEC,OLAELECEQN,37.73,37.89,37.89,0.16,0.42,70948,2688219,71.25,22.25
INGERRAND,INGERRANDEQN,4660.6,4680.0,4680.0,19.4,0.42,24,112320,4768.7,3063.3
HILINFRA,HILINFRAEQN,45.76,45.95,45.95,0.19,0.42,592,27202,107.18,40.6
GSFC,GSFCEQN,158.23,158.9,158.9,0.67,0.42,1434,227862,220.59,138.83
NEULANDLAB,NEULANDLABEQN,23301.0,23399.0,23399.0,98.0,0.42,156,3650244,23881.0,11500.0
SMSPHARMA,SMSPHARMAEQN,356.6,358.1,358.1,1.5,0.42,144,51566,447.8,221.02
RBA,RBAEQN,104.24,104.68,104.68,0.44,0.42,13008,1361677,108.41,57.15
AHCL,AHCLEQN,14.28,14.34,14.34,0.06,0.42,2622,37599,17.28,9.08
DDEVPLSTIK,DDEVPLSTIKEQN,277.85,279.0,279.0,1.15,0.41,3,837,360.0,185.15
GMRP&UI,GMRP&UIEQN,96.58,96.98,96.98,0.4,0.41,3745,363190,136.95,89.0
RADIANTCMS,RADIANTCMSEQN,34.52,34.66,34.66,0.14,0.41,53,1836,62.3,32.33
BSOFT,BSOFTEQN,303.75,305.0,305.0,1.25,0.41,2882,879010,474.0,270.2
ORIENTPPR,ORIENTPPREQN,17.13,17.2,17.2,0.07,0.41,2941,50585,30.89,13.25
ICICIPRULI,ICICIPRULIEQN,515.0,517.1,517.1,2.1,0.41,2035,1052298,706.8,459.5
VINCOFE,VINCOFEEQN,161.55,162.19,162.19,0.64,0.4,816,132347,179.85,120.24
MAXHEALTH,MAXHEALTHEQN,1000.0,1004.0,1004.0,4.0,0.4,2703,2713812,1256.0,903.0
KFINTECH,KFINTECHEQN,980.0,983.9,983.9,3.9,0.4,5843,5748927,1215.0,784.95
DRREDDY,DRREDDYEQN,1174.7,1179.4,1179.4,4.7,0.4,966,1139300,1414.9,1101.0
CYIENTDLM,CYIENTDLMEQN,721.15,724.0,724.0,2.85,0.4,1209,875316,764.8,265.2
MONARCH,MONARCHEQN,385.45,387.0,387.0,1.55,0.4,53,20511,406.95,235.45
MARKSANS,MARKSANSEQN,321.3,322.6,322.6,1.3,0.4,4981,1606870,345.5,155.0
ELLEN,ELLENEQN,328.5,329.8,329.8,1.3,0.4,195,64311,559.8,175.0
FDC,FDCEQN,348.6,350.0,350.0,1.4,0.4,160,56000,527.8,312.95
CCAVENUE,CCAVENUEEQN,15.16,15.22,15.22,0.06,0.4,16859,256593,20.5,12.92
KRISHNADEF,KRISHNADEFEQN,1026.8,1030.9,1030.9,4.1,0.4,308,317517,1400.0,665.0
CCCL,CCCLEQN,15.49,15.55,15.55,0.06,0.39,1116,17353,28.87,12.76
CGCL,CGCLEQN,224.03,224.9,224.9,0.87,0.39,1006,226249,264.53,151.1
ACI,ACIEQN,497.85,499.8,499.8,1.95,0.39,352,175929,726.0,483.0
AETHER,AETHEREQN,1626.6,1633.0,1633.0,6.4,0.39,278,453974,1692.0,726.45
KEI,KEIEQN,5527.6,5549.0,5549.0,21.4,0.39,459,2546991,5899.0,3728.7
AEROPLANE,AEROPLANEEQN,175.82,176.5,176.5,0.68,0.39,515,90897,206.9,117.02
NIBE,NIBEEQN,1490.8,1496.5,1496.5,5.7,0.38,108,161622,1848.0,809.6
NAVKARCORP,NAVKARCORPEQN,97.04,97.41,97.41,0.37,0.38,1728,168324,132.5,74.05
BALAMINES,BALAMINESEQN,2078.2,2086.0,2086.0,7.8,0.38,258,538188,2443.6,968.1
RBLBANK,RBLBANKEQN,392.5,394.0,394.0,1.5,0.38,5882,2317508,393.9,243.25
TEAMLEASE,TEAMLEASEEQN,1245.2,1249.9,1249.9,4.7,0.38,58,72494,1944.3,1065.2
HDFCAMC,HDFCAMCEQN,2610.0,2620.0,2620.0,10.0,0.38,707,1852340,2967.25,2205.6
VEDL,VEDLEQN,279.0,280.05,280.05,1.05,0.38,57447,16088032,795.0,249.7
MOL,MOLEQN,60.26,60.49,60.49,0.23,0.38,3203,193749,88.88,36.5
ABLBL,ABLBLEQN,86.12,86.45,86.45,0.33,0.38,2923,252693,151.33,86.0
PATELRMART,PATELRMARTEQN,234.11,235.0,235.0,0.89,0.38,172,40420,305.0,150.25
SAPPHIRE,SAPPHIREEQN,242.34,243.25,243.25,0.91,0.38,788,191681,347.9,139.91
GVPIL,GVPILEQN,667.35,669.9,669.9,2.55,0.38,559,374474,1084.0,270.9
ELITECON,ELITECONEQN,15.7,15.76,15.76,0.06,0.38,9293,146457,46.4,15.3
INDIGRID,INDIGRIDIVN,176.08,176.75,176.75,0.67,0.38,3830,676952,180.9,158.75
PPLPHARMA,PPLPHARMAEQN,213.67,214.45,214.45,0.78,0.37,6880,1475416,220.36,132.3
CAMPUS,CAMPUSEQN,228.15,229.0,229.0,0.85,0.37,1199,274571,297.0,215.2
BRITANNIA,BRITANNIAEQN,5365.0,5385.0,5385.0,20.0,0.37,2033,10947705,6336.0,5035.0
ZEEL,ZEELEQN,107.58,107.98,107.98,0.4,0.37,421733,45538729,124.14,68.0
NUVAMA,NUVAMAEQN,1743.6,1750.0,1750.0,6.4,0.37,115,201250,2066.0,1096.9
SIGMA,SIGMAEQN,48.65,48.83,48.83,0.18,0.37,575,28077,65.5,35.46
ANANTAM,ANANTAMIVN,105.51,105.9,105.9,0.39,0.37,18,1906,117.0,100.1
POWERICA,POWERICAEQN,518.3,520.2,520.2,1.9,0.37,297,154499,676.95,365.1
MARSONS,MARSONSEQN,119.56,120.0,120.0,0.44,0.37,15645,1877400,175.4,100.25
MANIPALHOS,MANIPALHOSEQN,715.3,717.95,717.95,2.65,0.37,1854,1331079,757.7,625.45
BCONCEPTS,BCONCEPTSEQN,161.96,162.55,162.55,0.59,0.36,71,11541,449.0,152.84
ASIANENE,ASIANENEEQN,470.3,472.0,472.0,1.7,0.36,1802,850544,491.0,230.0
BDL,BDLEQN,1359.0,1363.9,1363.9,4.9,0.36,3306,4509053,1654.0,1086.0
SERVOTECH,SERVOTECHEQN,82.45,82.75,82.75,0.3,0.36,1456,120484,143.0,57.51
AASTHA,AASTHAEQN,73.03,73.29,73.29,0.26,0.36,338,24772,140.01,70.0
NELCO,NELCOEQN,906.7,910.0,910.0,3.3,0.36,574,522340,1120.0,500.1
DMART,DMARTEQN,3906.0,3919.9,3919.9,13.9,0.36,739,2896806,4949.5,3529.0
SURAKSHA,SURAKSHAEQN,325.8,326.95,326.95,1.15,0.35,820,268099,333.0,224.1
INDIANB,INDIANBEQN,876.9,880.0,880.0,3.1,0.35,1342,1180960,1000.9,642.6
SUNFLAG,SUNFLAGEQN,353.85,355.1,355.1,1.25,0.35,20,7102,428.0,192.15
MEDIASSIST,MEDIASSISTEQN,360.75,362.0,362.0,1.25,0.35,120,43440,575.55,293.0
SHREECEM,SHREECEMEQN,24280.0,24365.0,24365.0,85.0,0.35,7,170555,30950.0,22550.0
CAMS,CAMSEQN,753.0,755.6,755.6,2.6,0.35,1484,1121310,844.9,611.4
UTKARSHBNK,UTKARSHBNKEQN,14.43,14.48,14.48,0.05,0.35,10500,152040,22.03,10.12
KALPATARU,KALPATARUEQN,283.45,284.45,284.45,1.0,0.35,92,26169,429.3,258.0
KORE,KORESMN,127.55,128.0,128.0,0.45,0.35,500,64000,212.3,85.0
RELTD,RELTDEQN,167.63,168.2,168.2,0.57,0.34,73,12278,196.45,114.77
INSECTICID,INSECTICIDEQN,609.75,611.8,611.8,2.05,0.34,13,7953,881.5,518.6
TVSSCS,TVSSCSEQN,121.44,121.85,121.85,0.41,0.34,198,24126,146.5,90.32
SALASAR,SALASAREQN,5.94,5.96,5.96,0.02,0.34,17460,104061,10.99,5.59
TBZ,TBZEQN,279.5,280.45,280.45,0.95,0.34,11151,3127297,295.7,110.5
TORNTPOWER,TORNTPOWEREQN,1247.7,1252.0,1252.0,4.3,0.34,325,406900,1824.1,1188.0
TATACHEM,TATACHEMEQN,626.75,628.9,628.9,2.15,0.34,1399,879831,1026.65,580.3
SUMICHEM,SUMICHEMEQN,534.65,536.45,536.45,1.8,0.34,637,341718,617.45,362.6
SWELECTES,SWELECTESEQN,608.9,610.95,610.95,2.05,0.34,81,49486,977.0,483.1
SIGIND,SIGINDEQN,72.26,72.5,72.5,0.24,0.33,61,4422,74.99,40.66
MUFIN,MUFINEQN,139.49,139.95,139.95,0.46,0.33,2678,374786,141.5,82.99
VBL,VBLEQN,430.1,431.5,431.5,1.4,0.33,12504,5395476,555.8,381.0
JSWSTEEL,JSWSTEELEQN,1293.7,1298.0,1298.0,4.3,0.33,2205,2862090,1335.0,1022.3
DENORA,DENORAEQN,828.95,831.7,831.7,2.75,0.33,3,2495,960.35,559.0
TEGA,TEGAEQN,1743.2,1749.0,1749.0,5.8,0.33,1947,3405303,2125.0,1473.0
BCLIND,BCLINDEQN,36.5,36.62,36.62,0.12,0.33,1733,63462,44.9,25.53
HAPPSTMNDS,HAPPSTMNDSEQN,444.55,446.0,446.0,1.45,0.33,10444,4658024,635.0,330.2
UPL,UPLEQN,569.0,570.9,570.9,1.9,0.33,1772,1011634,812.2,557.95
STAR,STAREQN,986.2,989.4,989.4,3.2,0.32,614,607491,1231.0,768.65
VTL,VTLEQN,602.9,604.85,604.85,1.95,0.32,837,506259,688.0,385.5
PEARLPOLY,PEARLPOLYEQN,15.71,15.76,15.76,0.05,0.32,250,3940,35.02,12.75
IREDA,IREDAEQN,115.0,115.37,115.37,0.37,0.32,14450,1667096,163.35,108.65
HONDAPOWER,HONDAPOWEREQN,2068.3,2075.0,2075.0,6.7,0.32,27,56025,3149.9,1816.6
CUPID,CUPIDEQN,284.58,285.5,285.5,0.92,0.32,93429,26673979,299.0,32.87
SHRIPISTON,SHRIPISTONEQN,4600.1,4615.0,4615.0,14.9,0.32,97,447655,4645.8,2485.0
RIIT,RIITIVN,121.91,122.3,122.3,0.39,0.32,18,2201,127.0,105.3
BELRISE,BELRISEEQN,231.77,232.5,232.5,0.73,0.31,8479,1971367,268.2,135.16
SIRCA,SIRCAEQN,451.2,452.6,452.6,1.4,0.31,1137,514606,539.0,385.0
AVTNPL,AVTNPLEQN,87.53,87.8,87.8,0.27,0.31,315,27657,92.45,53.5
WESTLIFE,WESTLIFEEQN,588.15,590.0,590.0,1.85,0.31,266,156940,775.0,398.4
VLEGOV,VLEGOVBEN,9.72,9.75,9.75,0.03,0.31,3000,29250,51.6,8.42
RITES,RITESEQN,218.08,218.75,218.75,0.67,0.31,987,215906,280.9,175.0
BOMDYEING,BOMDYEINGEQN,111.65,112.0,112.0,0.35,0.31,703,78736,195.45,92.0
HLEGLAS,HLEGLASEQN,319.0,320.0,320.0,1.0,0.31,506,161920,661.95,250.0
GOKEX,GOKEXEQN,797.6,800.05,800.05,2.45,0.31,617,493630,954.9,531.0
GENUSPOWER,GENUSPOWEREQN,337.95,339.0,339.0,1.05,0.31,4627,1568553,364.5,210.4
SDBL,SDBLEQN,73.74,73.97,73.97,0.23,0.31,519,38390,142.6,61.8
KDDL,KDDLEQN,4005.4,4017.7,4017.7,12.3,0.31,103,413823,4155.5,1990.0
SPCENET,SPCENETEQN,3.34,3.35,3.35,0.01,0.3,11923,39942,11.24,3.0
CARRARO,CARRAROEQN,531.4,533.0,533.0,1.6,0.3,78,41574,667.55,407.4
GILLETTE,GILLETTEEQN,7498.5,7460.5,7460.5,22.0,0.3,242,1805441,10740.0,7206.0
AURUM,AURUMEQN,227.82,228.5,228.5,0.68,0.3,256,58496,264.64,151.9
GVT&D,GVT&DEQN,4127.2,4139.4,4139.4,12.2,0.3,2004,8295357,5650.0,2523.2
PAISALO,PAISALOEQN,69.79,70.0,70.0,0.21,0.3,7234,506380,77.39,29.86
BAJAJ-AUTO,BAJAJ-AUTOEQN,11700.0,11735.0,11735.0,35.0,0.3,910,10678850,11863.0,8491.5
KIMS,KIMSEQN,782.5,784.85,784.85,2.35,0.3,299,234670,858.0,575.8
VGUARD,VGUARDEQN,332.0,333.0,333.0,1.0,0.3,348,115884,392.2,288.8
CARBORUNIV,CARBORUNIVEQN,1169.8,1173.3,1173.3,3.5,0.3,637,747392,1306.9,735.2
ZFCVINDIA,ZFCVINDIAEQN,2662.0,2670.0,2670.0,8.0,0.3,73,194910,3044.0,2050.33
HERITGFOOD,HERITGFOODEQN,380.85,382.0,382.0,1.15,0.3,797,304454,540.0,292.55
MVELECTRO,MVELECTROEQN,591.15,592.95,592.95,1.8,0.3,2804,1662631,686.5,520.0
AEQUS,AEQUSEQN,259.22,259.99,259.99,0.77,0.3,4506,1171514,274.39,113.3
SAKSOFT,SAKSOFTEQN,163.52,164.0,164.0,0.48,0.29,1558,255512,229.68,107.59
IDEA,IDEAEQN,13.94,13.98,13.98,0.04,0.29,981010,13714519,15.34,6.46
UGROCAP,UGROCAPEQN,88.74,89.0,89.0,0.26,0.29,799,71111,192.5,80.12
NCC,NCCEQN,149.56,150.0,150.0,0.44,0.29,15312,2296800,222.31,130.0
IRFC,IRFCEQN,86.4,86.65,86.65,0.25,0.29,52226,4525382,137.17,85.0
DELHIVERY,DELHIVERYEQN,450.7,452.0,452.0,1.3,0.29,1458,659016,524.0,374.45
RAYMOND,RAYMONDEQN,643.15,645.0,645.0,1.85,0.29,637,410865,658.95,320.0
RAJMET,RAJMETEQN,3.5,3.51,3.51,0.01,0.29,16095,56493,5.28,2.72
PETRONET,PETRONETEQN,293.0,293.85,293.85,0.85,0.29,3399,998796,326.4,235.35
PAGEIND,PAGEINDEQN,35480.0,35580.0,35580.0,100.0,0.28,12,426960,47310.0,29805.0
JKLAKSHMI,JKLAKSHMIEQN,559.45,561.0,561.0,1.55,0.28,145,81345,989.8,542.95
BSE,BSEEQN,3241.0,3250.0,3250.0,9.0,0.28,14669,47674250,4446.8,2021.5
TATACOMM,TATACOMMEQN,1655.4,1660.0,1660.0,4.6,0.28,609,1010940,2110.0,1322.5
TMPV,TMPVEQN,317.9,318.8,318.8,0.9,0.28,32853,10473536,739.7,294.3
3PLAND,3PLANDEQN,32.11,32.2,32.2,0.09,0.28,5,161,50.18,28.51
SALSTEEL,SALSTEELEQN,78.93,79.15,79.15,0.22,0.28,571,45194,81.8,16.0
GOPAL,GOPALEQN,282.3,283.05,283.05,0.75,0.27,103,29154,398.0,247.55
RSYSTEMS,RSYSTEMSEQN,239.25,239.9,239.9,0.65,0.27,752,180404,496.9,213.52
IMAGICAA,IMAGICAAEQN,48.87,49.0,49.0,0.13,0.27,1811,88739,61.9,36.84
PAKKA,PAKKAEQN,84.52,84.75,84.75,0.23,0.27,160,13560,178.84,69.1
BLUESTONE,BLUESTONEEQN,846.4,848.7,848.7,2.3,0.27,3818,3240336,926.0,399.8
CMPDI,CMPDIEQN,233.66,234.3,234.3,0.64,0.27,5646,1322857,283.69,150.16
EIEL,EIELEQN,194.73,195.24,195.24,0.51,0.26,1895,369979,276.1,134.71
SSDL,SSDLEQN,58.6,58.75,58.75,0.15,0.26,21,1233,95.83,46.15
BLS,BLSEQN,271.29,272.0,272.0,0.71,0.26,2531,688432,392.85,218.9
CYIENT,CYIENTEQN,892.65,895.0,895.0,2.35,0.26,1617,1447215,1284.7,750.3
BIOFILCHEM,BIOFILCHEMEQN,30.26,30.34,30.34,0.08,0.26,312,9466,46.34,25.6
SUNTV,SUNTVEQN,472.05,473.3,473.3,1.25,0.26,433,204938,660.7,470.7
IFCI,IFCIEQN,80.91,81.12,81.12,0.21,0.26,52719,4276565,95.8,46.23
POLYCAB,POLYCABEQN,8966.0,8989.0,8989.0,23.0,0.26,422,3793358,10126.0,6663.0
NHPC,NHPCEQN,76.15,76.35,76.35,0.2,0.26,27414,2093058,89.22,71.62
KOVAI,KOVAIEQN,6034.5,6050.0,6050.0,15.5,0.26,36,217800,6340.0,5275.5
PVRINOX,PVRINOXEQN,1216.8,1220.0,1220.0,3.2,0.26,654,797880,1249.7,907.4
FRESHARA,FRESHARASTN,406.95,408.0,408.0,1.05,0.26,600,244800,408.35,130.0
WANBURY,WANBURYEQN,264.85,265.55,265.55,0.7,0.26,130,34521,358.85,161.5
IGIL,IGILEQN,340.6,338.9,338.9,0.85,0.25,1878,636454,392.0,287.0
YATHARTH,YATHARTHEQN,855.15,857.25,857.25,2.1,0.25,398,341185,919.5,538.25
360ONE,360ONEEQN,1199.0,1202.0,1202.0,3.0,0.25,452,543304,1236.2,906.05
KIRLOSENG,KIRLOSENGEQN,2100.8,2106.0,2106.0,5.2,0.25,625,1316250,2720.0,855.8
ZENTEC,ZENTECEQN,1926.3,1931.2,1931.2,4.9,0.25,1314,2537596,2043.7,1223.0
SUBROS,SUBROSEQN,733.15,734.95,734.95,1.8,0.25,125,91868,1213.7,622.1
ONGC,ONGCEQN,236.4,237.0,237.0,0.6,0.25,31304,7419048,307.5,227.65
JAYAGROGN,JAYAGROGNEQN,220.69,221.25,221.25,0.56,0.25,50,11062,256.8,147.26
RTNPOWER,RTNPOWEREQN,7.89,7.91,7.91,0.02,0.25,187261,1481234,12.9,7.52
IITL,IITLEQN,149.59,149.97,149.97,0.38,0.25,53,7948,216.0,108.0
UNITECH,UNITECHEQN,4.03,4.04,4.04,0.01,0.25,14681,59311,7.93,3.1
URBANCO,URBANCOEQN,158.6,159.0,159.0,0.4,0.25,152817,24297903,201.18,100.7
NORTHARC,NORTHARCEQN,288.35,289.05,289.05,0.7,0.24,487,140767,334.0,206.0
TEJASNET,TEJASNETEQN,510.45,511.7,511.7,1.25,0.24,5949,3044103,647.0,294.0
PNBHOUSING,PNBHOUSINGEQN,1170.3,1173.1,1173.1,2.8,0.24,803,941999,1207.0,729.6
SOUTHBANK,SOUTHBANKEQN,44.97,45.08,45.08,0.11,0.24,25025,1128127,49.9,28.11
SKFINDUS,SKFINDUSEQN,2758.3,2765.0,2765.0,6.7,0.24,11,30415,3041.0,1994.1
AIIL,AIILEQN,552.25,553.55,553.55,1.3,0.24,651,360361,683.0,400.0
POEL,POELEQN,165.65,166.05,166.05,0.4,0.24,750,124537,168.74,145.0
NAM-INDIA,NAM-INDIAEQN,1251.0,1254.0,1254.0,3.0,0.24,1189,1491006,1266.2,780.25
GRASIM,GRASIMEQN,3308.0,3316.0,3316.0,8.0,0.24,2329,7722964,3411.1,2502.5
HINDUNILVR,HINDUNILVREQN,2015.0,2019.9,2019.9,4.9,0.24,2794,5643600,2750.0,2008.3
BEML,BEMLEQN,1935.4,1940.0,1940.0,4.6,0.24,517,1002980,2275.75,1355.0
GMMPFAUDLR,GMMPFAUDLREQN,1022.35,1024.8,1024.8,2.45,0.24,367,376101,1307.5,735.0
ORKLAINDIA,ORKLAINDIAEQN,552.2,553.5,553.5,1.3,0.24,302,167157,760.0,533.25
VIJAYA,VIJAYAEQN,1504.4,1508.0,1508.0,3.6,0.24,238,358904,1573.0,848.0
HAZOOR,HAZOOREQN,21.12,21.17,21.17,0.05,0.24,487,10309,22.2,19.8
NILE,NILEEQN,1516.4,1520.0,1520.0,3.6,0.24,5,7600,2018.9,1445.7
SUVEN,SUVENEQN,373.15,374.0,374.0,0.85,0.23,1381,516494,389.9,124.11
BAGFILMS,BAGFILMSEQN,4.35,4.36,4.36,0.01,0.23,1500,6540,8.0,3.61
WABAG,WABAGEQN,2003.3,2008.0,2008.0,4.7,0.23,1387,2785096,2253.5,1033.0
M&M,M&MEQN,3412.2,3419.9,3419.9,7.7,0.23,3666,12537353,3839.9,2896.0
WEBELSOLAR,WEBELSOLAREQN,82.8,82.99,82.99,0.19,0.23,4007,332540,141.5,50.4
STYLAMIND,STYLAMINDEQN,3601.7,3610.0,3610.0,8.3,0.23,42,151620,4150.0,1594.1
PGEL,PGELEQN,600.55,601.95,601.95,1.4,0.23,4317,2598618,644.4,436.55
GICHSGFIN,GICHSGFINEQN,137.68,138.0,138.0,0.32,0.23,2,276,184.0,130.05
ONEPOINT,ONEPOINTEQN,56.17,56.3,56.3,0.13,0.23,2750,154825,65.85,40.58
JIOFIN,JIOFINEQN,244.0,244.55,244.55,0.55,0.23,38916,9516907,329.4,223.3
BANDHANBNK,BANDHANBNKEQN,175.1,175.5,175.5,0.4,0.23,14432,2532816,220.76,134.25
GENSOL,GENSOLBZN,17.56,17.6,17.6,0.04,0.23,690,12144,46.02,16.4
KANPRPLA,KANPRPLAEQN,260.91,261.5,261.5,0.59,0.23,660,172590,281.44,151.25
SOLEX,SOLEXEQN,772.25,774.0,774.0,1.75,0.23,61,47214,1985.0,766.15
BCG,BCGEQN,9.15,9.17,9.17,0.02,0.22,43113,395346,17.7,7.7
DOLATALGO,DOLATALGOEQN,76.51,76.68,76.68,0.17,0.22,52,3987,95.76,64.96
EXPLEOSOL,EXPLEOSOLEQN,898.75,900.75,900.75,2.0,0.22,221,199065,1175.1,640.0
BFUTILITIE,BFUTILITIEEQN,523.85,525.0,525.0,1.15,0.22,476,249900,898.7,368.7
HARDWYN,HARDWYNEQN,9.08,9.1,9.1,0.02,0.22,2003,18227,20.2,7.76
SCHNEIDER,SCHNEIDEREQN,1217.3,1220.0,1220.0,2.7,0.22,727,886940,1548.0,571.85
WALCHANNAG,WALCHANNAGEQN,227.09,227.6,227.6,0.51,0.22,689,156816,315.8,131.15
KITEX,KITEXEQN,124.95,125.23,125.23,0.28,0.22,2168,271498,232.7,123.15
NUCLEUS,NUCLEUSEQN,740.4,742.0,742.0,1.6,0.22,40,29680,1084.8,682.0
NAGREEKCAP,NAGREEKCAPEQN,22.7,22.75,22.75,0.05,0.22,15,341,42.75,19.3
MODINATUR,MODINATURBEN,336.95,337.7,337.7,0.75,0.22,1,337,524.8,252.3
PAUSHAKLTD,PAUSHAKLTDEQN,763.35,765.0,765.0,1.65,0.22,5,3825,814.65,342.5
INDOMIM,INDOMIMEQN,882.1,884.05,884.05,1.95,0.22,10679,9440769,989.9,700.0
LLOYDSENT,LLOYDSENTEQN,77.59,77.75,77.75,0.16,0.21,2222,172760,84.7,40.69
SNOWMAN,SNOWMANEQN,37.84,37.92,37.92,0.08,0.21,1752,66435,59.8,30.5
NTPC,NTPCEQN,340.0,340.7,340.7,0.7,0.21,10126,3449928,414.4,315.55
BHARTIARTL,BHARTIARTLEQN,1946.0,1950.0,1950.0,4.0,0.21,38702,75468900,2174.5,1740.5
ALLETEC,ALLETECSTN,119.75,120.0,120.0,0.25,0.21,400,48000,315.0,115.8
SONATSOFTW,SONATSOFTWEQN,304.0,304.65,304.65,0.65,0.21,1493,454842,421.5,207.15
GICRE,GICREEQN,355.75,356.5,356.5,0.75,0.21,1159,413183,417.95,346.7
CAPACITE,CAPACITEEQN,214.54,215.0,215.0,0.46,0.21,637,136955,334.0,180.0
BMWVENTLTD,BMWVENTLTDEQN,58.13,58.25,58.25,0.12,0.21,697,40600,78.0,48.0
KRN,KRNEQN,1482.1,1485.0,1485.0,2.9,0.2,1110,1648350,1598.2,589.8
RATEGAIN,RATEGAINEQN,990.05,992.0,992.0,1.95,0.2,2045,2028640,1050.0,437.0
IGARASHI,IGARASHIEQN,444.1,445.0,445.0,0.9,0.2,51,22695,558.0,271.05
GLAND,GLANDEQN,2819.3,2825.0,2825.0,5.7,0.2,305,861625,3039.8,1573.6
COALINDIA,COALINDIAEQN,405.2,406.0,406.0,0.8,0.2,11525,4679150,491.25,368.65
COROMANDEL,COROMANDELEQN,1996.1,2000.0,2000.0,3.9,0.2,175,350000,2500.0,1706.5
DYNAMATECH,DYNAMATECHEQN,11588.0,11611.0,11611.0,23.0,0.2,12,139332,12875.0,6320.0
ANTHEM,ANTHEMEQN,871.45,873.2,873.2,1.75,0.2,504,440092,904.0,579.15
INOXINDIA,INOXINDIAEQN,1930.2,1934.0,1934.0,3.8,0.2,264,510576,2119.8,1068.2
MUFTI,MUFTIEQN,76.85,77.0,77.0,0.15,0.2,103,7931,130.7,63.06
ATULAUTO,ATULAUTOEQN,483.05,483.95,483.95,0.9,0.19,239,115664,596.55,380.05
INDOTECH,INDOTECHEQN,3902.5,3910.0,3910.0,7.5,0.19,328,1282480,3976.8,1100.0
CLSEL,CLSELEQN,288.35,288.9,288.9,0.55,0.19,29,8378,321.0,203.75
KIRLOSIND,KIRLOSINDEQN,3685.0,3692.0,3692.0,7.0,0.19,37,136604,4574.8,2463.0
MAITHANALL,MAITHANALLEQN,977.1,979.0,979.0,1.9,0.19,50,48950,1210.1,831.2
SAMMAANCAP,SAMMAANCAPEQN,150.52,150.8,150.8,0.28,0.19,9934,1498047,192.95,116.7
LINDEINDIA,LINDEINDIAEQN,6672.0,6684.5,6684.5,12.5,0.19,7,46791,8049.0,5673.0
GAEL,GAELEQN,177.46,177.8,177.8,0.34,0.19,4864,864819,184.99,101.2
JYOTISTRUC,JYOTISTRUCEQN,10.57,10.59,10.59,0.02,0.19,10474,110919,17.42,7.94
NLCINDIA,NLCINDIAEQN,269.8,270.3,270.3,0.5,0.19,3168,856310,387.8,222.0
LXCHEM,LXCHEMEQN,173.21,173.54,173.54,0.33,0.19,1613,279920,241.0,107.6
MANORAMA,MANORAMAEQN,1927.3,1930.9,1930.9,3.6,0.19,454,876628,2043.0,1060.6
BATAINDIA,BATAINDIAEQN,701.05,702.35,702.35,1.3,0.19,1248,876532,1282.5,605.0
POONAWALLA,POONAWALLAEQN,490.05,491.0,491.0,0.95,0.19,715,351065,570.4,361.2
VHLTD,VHLTDBEN,119.76,119.99,119.99,0.23,0.19,124,14878,145.2,104.25
TRANSRAILL,TRANSRAILLEQN,460.0,460.85,460.85,0.85,0.18,467,215216,823.0,450.05
SOLARA,SOLARAEQN,616.9,618.0,618.0,1.1,0.18,368,227424,712.0,422.0
SWIGGY,SWIGGYEQN,282.5,283.0,283.0,0.5,0.18,20452,5787916,474.0,235.75
HINDZINC,HINDZINCEQN,594.9,595.95,595.95,1.05,0.18,30099,17937499,733.0,418.0
MHRIL,MHRILEQN,221.79,222.2,222.2,0.41,0.18,249,55327,368.9,207.9
IDFCFIRSTB,IDFCFIRSTBEQN,86.75,86.91,86.91,0.16,0.18,62331,5417187,88.76,58.08
TRACXN,TRACXNEQN,28.05,28.1,28.1,0.05,0.18,787,22114,55.9,25.39
SHILCTECH,SHILCTECHEQN,3883.1,3890.0,3890.0,6.9,0.18,70,272300,5399.0,2852.5
KISSHT,KISSHTEQN,310.95,311.5,311.5,0.55,0.18,812,252938,351.5,190.0
NATCOPHARM,NATCOPHARMEQN,882.4,884.0,884.0,1.6,0.18,2168,1916512,1226.8,789.0
BLEL,BLELEQN,494.95,495.85,495.85,0.9,0.18,15802,7835421,548.0,458.7
SHIVACEM,SHIVACEMEQN,16.67,16.7,16.7,0.03,0.18,1,16,17.94,16.01
KRITINUT,KRITINUTEQN,84.46,84.6,84.6,0.14,0.17,2,169,104.53,51.36
BGRENERGY,BGRENERGYBEN,239.0,239.4,239.4,0.4,0.17,49,11730,490.8,155.45
LT,LTEQN,4093.0,4100.0,4100.0,7.0,0.17,3561,14600100,4440.0,3288.1
PSB,PSBEQN,23.46,23.5,23.5,0.04,0.17,7116,167226,32.46,20.5
KOTAKBANK,KOTAKBANKEQN,402.8,403.5,403.5,0.7,0.17,28919,11668816,453.2,345.5
ALOKINDS,ALOKINDSEQN,11.57,11.59,11.59,0.02,0.17,17261,200054,19.34,11.11
BROOKS,BROOKSBEN,60.0,60.1,60.1,0.1,0.17,152,9135,163.9,36.3
GULPOLY,GULPOLYEQN,190.71,191.01,191.01,0.3,0.16,616,117662,227.63,121.5
VRAJ,VRAJEQN,121.36,121.55,121.55,0.19,0.16,15,1823,160.0,93.0
MOIL,MOILEQN,252.85,253.25,253.25,0.4,0.16,6433,1629157,404.9,242.35
CLEAN,CLEANEQN,825.5,826.8,826.8,1.3,0.16,531,439030,1256.8,652.0
LEMONTREE,LEMONTREEEQN,108.33,108.5,108.5,0.17,0.16,6787,736389,180.68,99.61
MAHABANK,MAHABANKEQN,80.26,80.39,80.39,0.13,0.16,32751,2632852,94.5,51.71
TIRUMALCHM,TIRUMALCHMEQN,154.09,154.33,154.33,0.24,0.16,130,20062,328.8,143.5
DEEPAKNTR,DEEPAKNTREQN,1747.1,1749.9,1749.9,2.8,0.16,332,580966,1904.4,1280.0
EMSLIMITED,EMSLIMITEDEQN,394.35,395.0,395.0,0.65,0.16,1729,682955,593.85,256.05
KUSUMGAR,KUSUMGAREQN,581.95,582.9,582.9,0.95,0.16,1236,720464,659.5,548.0
INDRAMEDCO,INDRAMEDCOEQN,369.7,370.25,370.25,0.55,0.15,268,99227,640.85,342.0
NITCO,NITCOEQN,93.36,93.5,93.5,0.14,0.15,1433,133985,129.64,64.0
ALGOQUANT,ALGOQUANTEQN,65.0,65.1,65.1,0.1,0.15,356,23175,71.01,47.8
BANKINDIA,BANKINDIAEQN,142.79,143.0,143.0,0.21,0.15,8395,1200485,178.36,109.85
UFO,UFOEQN,64.9,65.0,65.0,0.1,0.15,1,65,92.97,53.75
NIITLTD,NIITLTDEQN,93.62,93.75,93.75,0.13,0.14,784,73500,117.75,49.0
ICIL,ICILEQN,443.55,444.15,444.15,0.6,0.14,1203,534312,463.8,216.9
NBCC,NBCCEQN,88.88,89.0,89.0,0.12,0.14,16432,1462448,125.85,77.18
MANAKCOAT,MANAKCOATEQN,125.37,125.55,125.55,0.18,0.14,605,75957,182.82,94.2
SHAILY,SHAILYEQN,3321.0,3325.6,3325.6,4.6,0.14,157,522119,3615.2,1770.9
INDNIPPON,INDNIPPONEQN,1105.7,1107.3,1107.3,1.6,0.14,11,12180,1278.2,675.0
BLUEJET,BLUEJETEQN,596.15,597.0,597.0,0.85,0.14,672,401184,784.0,325.0
SKIPPER,SKIPPEREQN,554.0,554.8,554.8,0.8,0.14,982,544813,593.0,327.05
KABRAEXTRU,KABRAEXTRUEQN,566.2,567.0,567.0,0.8,0.14,6613,3749571,574.95,180.0
AZADIND,AZADINDEQN,90.47,90.6,90.6,0.13,0.14,207,18754,98.99,72.97
PGINVIT,PGINVITIVN,99.85,99.99,99.99,0.14,0.14,13396,1339466,102.0,86.3
PWL,PWLEQN,120.83,121.0,121.0,0.17,0.14,11753,1422113,161.99,77.72
IRIS,IRISEQN,243.89,244.2,244.2,0.31,0.13,8,1953,388.1,203.0
ITCHOTELS,ITCHOTELSEQN,164.98,165.19,165.19,0.21,0.13,5039,832392,253.67,137.3
ZEELEARN,ZEELEARNBEN,7.73,7.74,7.74,0.01,0.13,646,5000,10.45,4.17
RTNINDIA,RTNINDIAEQN,30.45,30.49,30.49,0.04,0.13,3234,98604,64.0,24.4
HINDOILEXP,HINDOILEXPEQN,156.2,156.4,156.4,0.2,0.13,268,41915,188.65,117.5
ADANIENSOL,ADANIENSOLEQN,1541.9,1543.9,1543.9,2.0,0.13,6640,10251496,1789.0,744.9
ASKAUTOLTD,ASKAUTOLTDEQN,621.15,621.95,621.95,0.8,0.13,379,235719,687.7,375.3
LASERPOWER,LASERPOWEREQN,337.55,338.0,338.0,0.45,0.13,2799,946062,341.95,250.0
JSWCEMENT,JSWCEMENTEQN,126.04,126.2,126.2,0.16,0.13,4027,508207,162.15,106.65
ASHAPURMIN,ASHAPURMINEQN,590.25,590.95,590.95,0.7,0.12,562,332113,924.9,455.1
RUSHIL,RUSHILEQN,17.07,17.09,17.09,0.02,0.12,242,4135,33.99,12.49
ICICIGI,ICICIGIEQN,1617.0,1619.0,1619.0,2.0,0.12,963,1559097,2064.9,1544.6
JYOTICNC,JYOTICNCEQN,988.8,990.0,990.0,1.2,0.12,2261,2238390,1055.9,580.1
ORIENTELEC,ORIENTELECEQN,185.08,185.3,185.3,0.22,0.12,452,83755,219.0,149.05
MIDHANI,MIDHANIEQN,423.95,424.45,424.45,0.5,0.12,1432,607812,456.6,266.65
WIPRO,WIPROEQN,180.79,181.0,181.0,0.21,0.12,47162,8536322,273.1,169.0
TRIDENT,TRIDENTEQN,24.39,24.42,24.42,0.03,0.12,25182,614944,30.94,21.98
REMSONSIND,REMSONSINDEQN,84.9,85.0,85.0,0.1,0.12,57,4845,152.45,75.23
PHANTOMFX,PHANTOMFXSMN,128.1,128.25,128.25,0.15,0.12,300,38475,311.0,113.95
SAGILITY,SAGILITYEQN,43.35,43.4,43.4,0.05,0.12,27797,1206389,57.89,35.83
TOLINS,TOLINSEQN,96.08,96.2,96.2,0.12,0.12,219,21067,202.0,83.04
SIKA,SIKAEQN,1002.7,1003.9,1003.9,1.2,0.12,14,14054,1359.4,870.1
KPL,KPLEQN,3361.1,3365.0,3365.0,3.9,0.12,189,635985,3744.0,1561.0
ITI,ITIEQN,279.25,279.55,279.55,0.3,0.11,1362,380747,372.85,237.0
NEWGEN,NEWGENEQN,522.7,523.3,523.3,0.6,0.11,2694,1409770,1041.95,401.05
STARCEMENT,STARCEMENTEQN,194.62,194.83,194.83,0.21,0.11,201,39160,308.95,191.5
MANCREDIT,MANCREDITEQN,218.06,218.3,218.3,0.24,0.11,1,218,287.27,152.06
ICEMAKE,ICEMAKEEQN,721.7,722.5,722.5,0.8,0.11,11,7947,920.0,660.3
INTELLECT,INTELLECTEQN,691.25,692.0,692.0,0.75,0.11,505,349460,1244.6,595.2
TCPLPACK,TCPLPACKEQN,4101.3,4106.0,4106.0,4.7,0.11,146,599476,4410.9,2200.0
BAJAJCON,BAJAJCONEQN,478.35,478.9,478.9,0.55,0.11,1319,631669,692.0,220.1
AVANTEL,AVANTELEQN,160.22,160.4,160.4,0.18,0.11,2404,385601,215.0,117.05
MGL,MGLEQN,1114.2,1115.4,1115.4,1.2,0.11,278,310081,1378.0,900.0
BAJEL,BAJELEQN,191.78,192.0,192.0,0.22,0.11,3043,584256,226.69,135.1
SARLAPOLY,SARLAPOLYEQN,97.89,98.0,98.0,0.11,0.11,1,98,114.0,68.4
VIYASH,VIYASHEQN,275.95,276.25,276.25,0.3,0.11,26223,7244103,298.0,167.95
SYMPHONY,SYMPHONYEQN,612.5,613.15,613.15,0.65,0.11,129,79096,974.7,599.95
SPECTRUM,SPECTRUMBEN,2121.8,2124.2,2124.2,2.4,0.11,81,172060,2637.2,1050.0
MAXESTATES,MAXESTATESEQN,494.85,495.4,495.4,0.55,0.11,1221,604883,510.0,305.45
NESTLEIND,NESTLEINDEQN,1477.1,1478.7,1478.7,1.6,0.11,2321,3432062,1553.0,1145.0
DCM,DCMBEN,80.92,81.0,81.0,0.08,0.1,1,81,105.0,55.0
IKS,IKSEQN,1786.2,1787.9,1787.9,1.7,0.1,116,207396,1933.0,1262.0
KCP,KCPEQN,163.83,164.0,164.0,0.17,0.1,1857,304548,212.2,125.0
MASFIN,MASFINEQN,302.5,302.8,302.8,0.3,0.1,467,141407,358.85,277.35
NFL,NFLEQN,70.3,70.37,70.37,0.07,0.1,1449,101966,102.97,63.35
KILITCH,KILITCHBEN,162.33,162.5,162.5,0.17,0.1,35,5687,219.5,117.25
APTUS,APTUSEQN,257.75,258.0,258.0,0.25,0.1,2292,591336,358.75,193.03
MRF,MRFEQN,132665.0,132800.0,132800.0,135.0,0.1,12,1593600,163600.0,122000.0
DREAMFOLKS,DREAMFOLKSEQN,68.92,68.99,68.99,0.07,0.1,421,29044,160.0,56.0
CANFINHOME,CANFINHOMEEQN,830.45,831.3,831.3,0.85,0.1,315,261859,971.5,708.6
CHAMBLFERT,CHAMBLFERTEQN,431.15,431.6,431.6,0.45,0.1,885,381966,580.7,399.75
NGIL,NGILEQN,39.95,39.99,39.99,0.04,0.1,1000,39990,43.89,22.01
VMSTMT,VMSTMTEQN,47.9,47.95,47.95,0.05,0.1,210,10069,105.0,33.5
ULTRAMAR,ULTRAMAREQN,419.4,419.8,419.8,0.4,0.1,9,3778,455.75,364.1
GUFICBIO,GUFICBIOEQN,431.5,431.95,431.95,0.45,0.1,588,253986,448.0,268.0
DALBHARAT,DALBHARATEQN,1880.0,1881.9,1881.9,1.9,0.1,243,457301,2496.3,1605.0
KWIL,KWILEQN,48.35,48.4,48.4,0.05,0.1,589029,28509003,49.5,22.24
WOCKPHARMA,WOCKPHARMAEQN,1886.3,1888.0,1888.0,1.7,0.09,1474,2782912,2422.3,1086.7
SAREGAMA,SAREGAMAEQN,506.55,507.0,507.0,0.45,0.09,825,418275,574.5,307.05
PGHL,PGHLEQN,5828.5,5833.5,5833.5,5.0,0.09,67,390844,6975.0,4707.0
IOB,IOBEQN,33.01,33.04,33.04,0.03,0.09,9647,318736,41.8,31.2
WAKEFIT,WAKEFITEQN,141.36,141.49,141.49,0.13,0.09,3480,492385,224.0,111.4
SKFINDIA,SKFINDIAEQN,1596.5,1598.0,1598.0,1.5,0.09,41,65518,5074.0,1404.0
TEMBO,TEMBOEQN,58.3,58.35,58.35,0.05,0.09,1966,114716,837.0,57.55
KSE,KSEEQN,183.84,184.0,184.0,0.16,0.09,70,12880,205.0,183.3
KROSS,KROSSEQN,206.84,207.0,207.0,0.16,0.08,278,57546,237.6,150.52
SPANDANA,SPANDANAEQN,241.3,241.5,241.5,0.2,0.08,249,60133,319.4,181.1
LTF,LTFEQN,317.15,317.4,317.4,0.25,0.08,4362,1384498,338.6,215.26
MASTEK,MASTEKEQN,1705.2,1706.5,1706.5,1.3,0.08,100,170650,2625.0,1334.2
AADHARHFC,AADHARHFCEQN,462.55,462.9,462.9,0.35,0.08,1104,511041,563.0,430.15
BAYERCROP,BAYERCROPEQN,4071.5,4074.9,4074.9,3.4,0.08,11,44823,5649.5,4030.0
CAMLINFINE,CAMLINFINEEQN,109.45,109.54,109.54,0.09,0.08,1230,134734,235.0,96.21
STOVEKRAFT,STOVEKRAFTEQN,775.45,776.05,776.05,0.6,0.08,49,38026,849.8,447.05
FMGOETZE,FMGOETZEEQN,472.1,472.5,472.5,0.4,0.08,5,2362,577.4,358.0
STARPAPER,STARPAPEREQN,144.98,145.1,145.1,0.12,0.08,2,290,188.8,119.05
FLAIR,FLAIREQN,248.8,249.0,249.0,0.2,0.08,310,77190,348.8,242.9
CDSL,CDSLEQN,1388.9,1390.0,1390.0,1.1,0.08,8701,12094390,1673.7,1116.3
INDOSTAR,INDOSTAREQN,253.15,253.35,253.35,0.2,0.08,4,1013,292.0,179.03
ANDHRAPAP,ANDHRAPAPEQN,59.96,60.01,60.01,0.05,0.08,230,13802,86.89,58.0
NGLFINE,NGLFINEEQN,2947.7,2950.0,2950.0,2.3,0.08,41,120950,3602.0,1271.0
ADVENZYMES,ADVENZYMESEQN,300.0,300.25,300.25,0.25,0.08,454,136313,419.0,251.95
ADVENTHTL,ADVENTHTLEQN,133.2,133.3,133.3,0.1,0.08,1009,134499,345.05,120.02
SBIFUNDS,SBIFUNDSEQN,549.55,550.0,550.0,0.45,0.08,5048,2776400,624.95,548.05
GROWW,GROWWEQN,197.01,197.16,197.16,0.15,0.08,61835,12191388,227.2,112.0
RSWM,RSWMBEN,204.83,205.0,205.0,0.17,0.08,61,12505,238.0,120.0
DSSL,DSSLEQN,1097.1,1098.0,1098.0,0.9,0.08,139,152622,1924.8,781.0
KENNAMET,KENNAMETEQN,4044.7,4048.0,4048.0,3.3,0.08,367,1485616,4155.1,2405.2
AGL,AGLEQN,13.12,13.13,13.13,0.01,0.08,16040,210605,22.0,12.03
WAAREEENER,WAAREEENEREQN,2678.2,2680.0,2680.0,1.8,0.07,1784,4781120,3865.0,2403.0
VOLTAS,VOLTASEQN,1235.0,1235.9,1235.9,0.9,0.07,1086,1342187,1582.5,1186.8
SANDHAR,SANDHAREQN,667.75,668.2,668.2,0.45,0.07,1111,742370,763.2,420.45
APOLLOPIPE,APOLLOPIPEEQN,601.55,602.0,602.0,0.45,0.07,586,352772,616.15,252.1
GRINFRA,GRINFRAEQN,870.35,870.95,870.95,0.6,0.07,2,1741,1345.0,785.0
DATAPATTNS,DATAPATTNSEQN,4829.9,4833.5,4833.5,3.6,0.07,3017,14582669,5000.0,2131.0
PDSL,PDSLEQN,369.7,369.95,369.95,0.25,0.07,13,4809,418.5,246.05
THEMISMED,THEMISMEDEQN,106.14,106.21,106.21,0.07,0.07,1,106,148.0,64.95
SIMPLEXINF,SIMPLEXINFEQN,255.71,255.9,255.9,0.19,0.07,2,511,330.0,137.0
ANGELONE,ANGELONEEQN,287.8,288.0,288.0,0.2,0.07,6902,1987776,360.45,208.63
BALKRISIND,BALKRISINDEQN,2350.8,2352.5,2352.5,1.7,0.07,251,590477,2775.0,1970.0
BEL,BELEQN,414.0,414.3,414.3,0.3,0.07,25616,10612708,473.45,361.2
IOC,IOCEQN,135.9,136.0,136.0,0.1,0.07,35178,4784208,188.96,130.22
AUBANK,AUBANKEQN,1108.2,1109.0,1109.0,0.8,0.07,2231,2474179,1108.2,682.15
THYROCARE,THYROCAREEQN,565.55,565.95,565.95,0.4,0.07,721,408049,662.0,342.55
VRLLOG,VRLLOGEQN,288.75,288.95,288.95,0.2,0.07,1383,399617,310.2,225.0
ADSL,ADSLEQN,108.49,108.57,108.57,0.08,0.07,550,59713,209.53,86.27
CORONA,CORONAEQN,2142.6,2144.0,2144.0,1.4,0.07,51,109344,2270.1,1336.6
CNL,CNLEQN,1247.7,1248.55,1248.55,0.85,0.07,42,52439,1275.0,525.0
OILCOUNTUB,OILCOUNTUBBEN,57.86,57.9,57.9,0.04,0.07,34,1968,84.6,35.65
TARC,TARCEQN,124.07,124.14,124.14,0.07,0.06,2174,269880,186.3,109.1
SURANAT&P,SURANAT&PEQN,16.28,16.29,16.29,0.01,0.06,264,4300,29.27,15.5
SONAMLTD,SONAMLTDEQN,65.16,65.2,65.2,0.04,0.06,302,19690,68.99,37.4
TI,TIEQN,575.65,576.0,576.0,0.35,0.06,1117,643392,593.0,381.55
BANCOINDIA,BANCOINDIAEQN,623.7,624.1,624.1,0.4,0.06,195,121699,879.8,502.0
DEEPAKFERT,DEEPAKFERTEQN,1449.2,1450.0,1450.0,0.8,0.06,579,839550,1681.0,866.4
PASUPTAC,PASUPTACBEN,61.71,61.75,61.75,0.04,0.06,52,3211,78.95,40.41
CCL,CCLEQN,1082.3,1083.0,1083.0,0.7,0.06,368,398544,1242.2,815.5
NAZARA,NAZARAEQN,354.35,354.55,354.55,0.2,0.06,1197,424396,365.0,215.7
INSPIRISYS,INSPIRISYSBEN,93.94,94.0,94.0,0.06,0.06,7,658,133.9,69.92
TATAELXSI,TATAELXSIEQN,3708.0,3710.1,3710.1,2.1,0.06,506,1877310,5950.0,3353.9
FORCEMOT,FORCEMOTEQN,17770.0,17780.0,17780.0,10.0,0.06,166,2951480,26450.0,14911.0
CRISIL,CRISILEQN,4514.5,4517.0,4517.0,2.5,0.06,31,140027,5429.5,3686.0
LLOYDSENGG,LLOYDSENGGEQN,90.05,90.1,90.1,0.05,0.06,42410,3821141,99.75,37.4
JLHL,JLHLEQN,309.75,309.95,309.95,0.2,0.06,503,155904,340.0,235.6
BLKASHYAP,BLKASHYAPEQN,52.52,52.55,52.55,0.03,0.06,421,22123,75.4,40.32
SHIPROCKET,SHIPROCKETEQN,140.81,140.9,140.9,0.09,0.06,97515,13739863,156.9,131.0
CHOICEIN,CHOICEINEQN,808.6,809.0,809.0,0.4,0.05,1616,1307344,860.5,568.7
RRKABEL,RRKABELEQN,2919.3,2920.9,2920.9,1.6,0.05,520,1518868,2931.4,1165.0
HEMIPROP,HEMIPROPEQN,130.58,130.64,130.64,0.06,0.05,89,11626,190.69,111.2
RELIANCE,RELIANCEEQN,1316.0,1316.6,1316.6,0.6,0.05,61227,80611468,1611.8,1249.8
NMDC,NMDCEQN,84.61,84.65,84.65,0.04,0.05,65428,5538480,97.49,68.19
MADRASFERT,MADRASFERTEQN,65.52,65.55,65.55,0.03,0.05,25,1638,96.39,52.56
BPCL,BPCLEQN,311.0,311.15,311.15,0.15,0.05,7512,2337358,391.65,266.6
TMB,TMBEQN,878.55,878.95,878.95,0.4,0.05,414,363885,917.0,411.8
CIFL,CIFLEQN,20.32,20.33,20.33,0.01,0.05,134,2724,39.69,19.56
ICICIBANK,ICICIBANKEQN,1420.0,1420.5,1420.5,0.5,0.04,37918,53862519,1480.0,1187.6
TATVA,TATVAEQN,1616.4,1617.1,1617.1,0.7,0.04,156,252267,1838.1,976.4
HDFCLIFE,HDFCLIFEEQN,554.8,555.0,555.0,0.2,0.04,8571,4756905,807.0,530.5
TATAINVEST,TATAINVESTEQN,647.95,648.2,648.2,0.25,0.04,569,368825,1184.7,538.85
BEARDSELL,BEARDSELLEQN,25.99,26.0,26.0,0.01,0.04,33,858,38.6,20.02
ACL,ACLEQN,45.2,45.22,45.22,0.02,0.04,20,904,109.99,40.5
MANKIND,MANKINDEQN,2384.0,2385.0,2385.0,1.0,0.04,209,498465,2674.0,1909.7
JISLJALEQS,JISLJALEQSEQN,27.86,27.87,27.87,0.01,0.04,2086,58136,59.0,26.11
UNITDSPR,UNITDSPREQN,1556.0,1556.7,1556.7,0.7,0.04,1762,2742905,1563.4,1210.8
NAVA,NAVAEQN,558.95,559.2,559.2,0.25,0.04,274,153220,739.4,501.65
KRISHIVAL,KRISHIVALEQN,405.65,405.8,405.8,0.15,0.04,225,91305,483.81,282.3
REGAAL,REGAALEQN,95.96,96.0,96.0,0.04,0.04,240,23040,137.4,57.27
SAMBHV,SAMBHVEQN,129.35,129.4,129.4,0.05,0.04,5942,768894,141.32,81.42
ENGINERSIN,ENGINERSINEQN,244.91,245.0,245.0,0.09,0.04,4994,1223530,267.0,163.55
HEXATRADEX,HEXATRADEXEQN,158.03,158.07,158.07,0.04,0.03,4,632,194.89,147.26
SAGCEM,SAGCEMEQN,162.95,163.0,163.0,0.05,0.03,9,1467,299.4,148.7
TEXRAIL,TEXRAILEQN,104.57,104.6,104.6,0.03,0.03,4025,421015,153.0,78.05
UNIECOM,UNIECOMEQN,87.47,87.5,87.5,0.03,0.03,415,36312,155.8,78.51
AJMERA,AJMERAEQN,117.96,118.0,118.0,0.04,0.03,518,61124,221.4,98.03
DELTACORP,DELTACORPEQN,58.62,58.64,58.64,0.02,0.03,3126,183308,97.18,48.3
AWL,AWLEQN,188.12,188.17,188.17,0.05,0.03,3866,727465,282.9,171.19
ACC,ACCEQN,1307.4,1307.8,1307.8,0.4,0.03,415,542737,1987.0,1251.7
JUBLINGREA,JUBLINGREAEQN,718.35,718.55,718.55,0.2,0.03,215,154488,795.0,537.3
ISTLTD,ISTLTDEQN,674.8,675.0,675.0,0.2,0.03,1,675,749.95,636.6
JUBLFOOD,JUBLFOODEQN,506.75,506.9,506.9,0.15,0.03,2238,1134442,667.75,408.55
ARE&M,ARE&MEQN,919.75,920.0,920.0,0.25,0.03,1805,1660600,1057.85,670.0
DHABRIYA,DHABRIYABEN,576.7,576.9,576.9,0.2,0.03,10,5769,0.0,0.0
PROTEAN,PROTEANEQN,551.05,551.15,551.15,0.1,0.02,598,329587,945.5,444.0
SUNTECK,SUNTECKEQN,296.35,296.4,296.4,0.05,0.02,355,105222,473.0,270.75
SSWL,SSWLEQN,295.0,295.05,295.05,0.05,0.02,1060,312753,328.4,169.0
FSL,FSLEQN,276.05,276.1,276.1,0.05,0.02,2138,590301,381.4,202.0
AARTIPHARM,AARTIPHARMEQN,816.8,817.0,817.0,0.2,0.02,820,669940,946.1,585.0
TCS,TCSEQN,2302.0,2302.4,2302.4,0.4,0.02,7922,18239612,3350.0,1976.8
AJANTPHARM,AJANTPHARMEQN,3639.8,3640.7,3640.7,0.9,0.02,121,440524,3796.0,2329.9
ASIANPAINT,ASIANPAINTEQN,2640.0,2640.4,2640.4,0.4,0.02,1801,4755360,2985.7,2115.0
KSB,KSBEQN,801.85,802.0,802.0,0.15,0.02,661,530122,1028.3,666.65
JYOTHYLAB,JYOTHYLABEQN,204.95,205.0,205.0,0.05,0.02,1007,206435,352.7,188.1
SHEMAROO,SHEMAROOBEN,127.92,127.95,127.95,0.03,0.02,25,3198,143.0,73.0
RAYMONDREL,RAYMONDRELEQN,576.9,577.0,577.0,0.1,0.02,319,184063,734.9,349.0
NACLIND,NACLINDEQN,169.97,170.0,170.0,0.03,0.02,140,23800,262.2,112.62
ALPINETEX,ALPINETEXEQN,58.5,58.51,58.51,0.01,0.02,2395,140131,105.0,55.25
QUINT,QUINTEQN,40.34,40.35,40.35,0.01,0.02,851,34337,47.69,33.45
MOSCHIP,MOSCHIPEQN,204.89,204.92,204.92,0.03,0.01,5177,1060870,288.45,146.8
SAILIFE,SAILIFEEQN,1457.4,1457.6,1457.6,0.2,0.01,499,727342,1485.0,783.85
SHYAMMETL,SHYAMMETLEQN,984.9,985.0,985.0,0.1,0.01,211,207835,1090.0,746.0
DAMCAPITAL,DAMCAPITALEQN,144.47,144.49,144.49,0.02,0.01,315,45514,286.0,119.22
PIIND,PIINDEQN,2496.8,2497.0,2497.0,0.2,0.01,447,1116159,3917.8,2457.0
SULA,SULAEQN,144.55,144.56,144.56,0.01,0.01,1895,273941,296.8,138.6
CARTRADE,CARTRADEEQN,3072.9,3073.2,3073.2,0.3,0.01,2452,7535486,3290.5,1600.0
GHCLTEXTIL,GHCLTEXTILEQN,122.49,122.5,122.5,0.01,0.01,1684,206290,129.44,65.26
CIEINDIA,CIEINDIAEQN,401.05,401.1,401.1,0.05,0.01,182,73000,526.0,381.1
KPITTECH,KPITTECHEQN,589.3,589.35,589.35,0.05,0.01,2877,1695559,1328.0,543.0
TITAN,TITANEQN,5086.1,5086.8,5086.8,0.7,0.01,1282,6521277,5168.0,3303.1
SHARDAMOTR,SHARDAMOTREQN,913.1,913.15,913.15,0.05,0.01,32,29220,1189.9,700.0
ASTRAMICRO,ASTRAMICROEQN,1662.2,1662.3,1662.3,0.1,0.01,918,1525991,1960.0,851.0
HUDCO,HUDCOEQN,186.09,186.1,186.1,0.01,0.01,3051,567791,246.85,159.0
GULFOILLUB,GULFOILLUBEQN,1139.9,1140.0,1140.0,0.1,0.01,90,102600,1329.0,865.0
SOMANYCERA,SOMANYCERAEQN,520.15,520.2,520.2,0.05,0.01,34,17686,556.8,332.0
TNPL,TNPLEQN,141.11,141.13,141.13,0.02,0.01,55,7762,179.9,121.51
FIVESTAR,FIVESTAREQN,520.95,521.0,521.0,0.05,0.01,503,262063,666.0,338.15
WEWORK,WEWORKEQN,682.9,683.0,683.0,0.1,0.01,198,135234,794.5,420.0
METROGLOBL,METROGLOBLEQN,140.98,141.0,141.0,0.02,0.01,15,2115,165.0,110.0
HINDADH,HINDADHEQN,354.45,354.5,354.5,0.05,0.01,10,3545,402.65,335.55
GEMAROMA,GEMAROMAEQN,175.79,175.8,175.8,0.01,0.01,89,15646,349.6,133.0
INFOBEAN,INFOBEANEQN,157.5,157.5,157.5,0.0,0.0,1943,306022,257.5,116.5
RETAIL,RETAILEQN,17.01,17.01,17.01,0.0,0.0,1,17,44.13,15.81
TPHQ,TPHQBEN,0.62,0.62,0.62,0.0,0.0,6192,3839,0.86,0.4
WEIZMANIND,WEIZMANINDEQN,76.5,76.5,76.5,0.0,0.0,1,76,122.5,65.21
AJAXENGG,AJAXENGGEQN,565.65,565.65,565.65,0.0,0.0,62,35070,728.5,394.8
CCHHL,CCHHLEQN,12.99,12.99,12.99,0.0,0.0,100,1299,19.99,10.03
DCMNVL,DCMNVLEQN,171.6,171.6,171.6,0.0,0.0,1,171,181.63,95.6
ZODIACLOTH,ZODIACLOTHEQN,74.13,74.13,74.13,0.0,0.0,25,1853,119.45,58.5
SOUTHWEST,SOUTHWESTEQN,220.04,220.04,220.04,0.0,0.0,405,89116,275.0,121.0
SUNDARAM,SUNDARAMEQN,1.23,1.23,1.23,0.0,0.0,27067,33292,2.2,1.03
IFBAGRO,IFBAGROEQN,1001.5,1001.5,1001.5,0.0,0.0,10,10015,1790.0,679.15
SURAJEST,SURAJESTEQN,195.46,195.46,195.46,0.0,0.0,12,2345,349.35,171.3
GOKUL,GOKULEQN,42.55,42.55,42.55,0.0,0.0,1013,43103,45.89,31.0
ALMONDZ,ALMONDZEQN,14.16,14.16,14.16,0.0,0.0,296,4191,22.1,10.68
WTICAB,WTICABSMN,102.25,102.25,102.25,0.0,0.0,500,51125,185.5,75.15
SIEMENS,SIEMENSEQN,3920.0,3920.0,3920.0,0.0,0.0,173,678160,4097.9,2826.0
EDUCOMP,EDUCOMPBZN,0.89,0.89,0.89,0.0,0.0,275,244,2.07,0.85
KEEPLEARN,KEEPLEARNEQN,1.91,1.91,1.91,0.0,0.0,2202,4205,3.21,1.51
BAJAJHFL,BAJAJHFLEQN,84.85,84.85,84.85,0.0,0.0,21156,1795086,117.0,72.65
IIFLCAPS,IIFLCAPSEQN,335.65,335.65,335.65,0.0,0.0,276,92639,411.3,240.4
AVL,AVLEQN,601.35,601.35,601.35,0.0,0.0,105,63141,705.0,436.55
BLACKBUCK,BLACKBUCKEQN,634.3,634.3,634.3,0.0,0.0,1509,957158,748.0,496.0
GRPLTD,GRPLTDEQN,2039.4,2039.4,2039.4,0.0,0.0,10,20394,2491.0,1500.0
MINDTECK,MINDTECKEQN,171.27,171.27,171.27,0.0,0.0,420,71933,307.68,145.13
ORIENTTECH,ORIENTTECHEQN,243.65,243.65,243.65,0.0,0.0,132,32161,466.73,220.8
GLFL,GLFLEQN,5.94,5.94,5.94,0.0,0.0,2,11,9.34,3.66
RUCHINFRA,RUCHINFRAEQN,5.72,5.72,5.72,0.0,0.0,308,1761,8.25,4.05
PRAENG,PRAENGEQN,19.04,19.04,19.04,0.0,0.0,2,38,33.88,17.0
MSPL,MSPLEQN,34.3,34.3,34.3,0.0,0.0,2818,96657,46.12,26.25
HBLENGINE,HBLENGINEEQN,702.55,702.55,702.55,0.0,0.0,3366,2364783,1122.0,613.0
RAYMONDLSL,RAYMONDLSLEQN,726.95,726.95,726.95,0.0,0.0,337,244982,1350.0,677.0
CYBERMEDIA,CYBERMEDIAEQN,16.9,16.9,16.9,0.0,0.0,201,3396,22.81,11.3
PROZONER,PROZONEREQN,41.73,41.73,41.73,0.0,0.0,23,959,72.77,39.31
GENCON,GENCONEQN,42.18,42.18,42.18,0.0,0.0,38,1602,59.96,36.35
AJOONI,AJOONIEQN,3.72,3.72,3.72,0.0,0.0,473,1759,5.94,3.4
INDSWFTLAB,INDSWFTLABEQN,329.59,329.59,329.59,0.0,0.0,1594,525366,351.3,87.15
SRD,SRDEQN,39.43,39.43,39.43,0.0,0.0,7,276,91.0,36.0
FOCUS,FOCUSBEN,70.0,70.0,70.0,0.0,0.0,14,980,99.9,57.06
GEEKAYWIRE,GEEKAYWIREEQN,22.43,22.43,22.43,0.0,0.0,1620,36336,40.63,18.51
DONEAR,DONEAREQN,87.52,87.52,87.52,0.0,0.0,2,175,116.51,77.6
ALBERTDAVD,ALBERTDAVDEQN,864.15,864.15,864.15,0.0,0.0,94,81230,903.0,579.9
ONESOURCE,ONESOURCEEQN,1535.0,1535.0,1535.0,0.0,0.0,305,468175,1925.0,1057.0
POWERMECH,POWERMECHEQN,2502.4,2502.4,2502.4,0.0,0.0,230,575552,3243.0,1717.7
MASTERTR,MASTERTREQN,84.99,84.99,84.99,0.0,0.0,2783,236527,166.89,55.6
UNIMECH,UNIMECHEQN,1491.4,1491.4,1491.4,0.0,0.0,932,1389984,1555.0,695.0
NPST,NPSTEQN,1588.5,1588.5,1588.5,0.0,0.0,45,71482,2388.3,846.6
GANESHIN,GANESHINSTN,116.6,116.6,116.6,0.0,0.0,800,93280,279.8,66.4
REFEX,REFEXEQN,293.95,293.95,293.95,0.0,0.0,744,218698,415.0,188.0
SHAKTIPUMP,SHAKTIPUMPEQN,503.55,503.55,503.55,0.0,0.0,1089,548365,915.0,456.35
SIL,SILEQN,20.84,20.84,20.84,0.0,0.0,3940,82109,22.3,11.7
CPCAP,CPCAPEQN,121.32,121.32,121.32,0.0,0.0,22,2669,160.9,73.51
ALIVUS,ALIVUSEQN,1350.9,1350.9,1350.9,0.0,0.0,61,82404,1418.0,819.0
DODLA,DODLAEQN,1138.4,1138.4,1138.4,0.0,0.0,22,25044,1500.0,964.1
SONACOMS,SONACOMSEQN,817.6,817.6,817.6,0.0,0.0,2297,1878027,844.0,402.3
SKMEGGPROD,SKMEGGPRODEQN,259.05,259.05,259.05,0.0,0.0,594,153875,372.0,143.1
BHARATRAS,BHARATRASEQN,1295.0,1295.0,1295.0,0.0,0.0,6,7770,2987.5,1203.0
IMPAL,IMPALEQN,1092.4,1092.4,1092.4,0.0,0.0,1,1092,1238.9,928.0
LINCOLN,LINCOLNEQN,614.05,614.05,614.05,0.0,0.0,201,123424,770.0,440.0
GINNIFILA,GINNIFILABEN,45.45,45.45,45.45,0.0,0.0,21,954,57.85,31.5
SHK,SHKEQN,157.47,157.47,157.47,0.0,0.0,349,54957,275.5,111.98
ALICON,ALICONEQN,741.1,741.1,741.1,0.0,0.0,60,44466,1022.0,580.0
LGBBROSLTD,LGBBROSLTDEQN,1609.0,1609.0,1609.0,0.0,0.0,30,48270,2048.0,1246.5
CONCOR,CONCOREQN,515.05,515.05,515.05,0.0,0.0,1750,901337,569.8,421.45
VARROC,VARROCEQN,814.95,814.95,814.95,0.0,0.0,1293,1053730,874.85,462.0
ANANTRAJ,ANANTRAJEQN,625.0,625.0,625.0,0.0,0.0,4371,2731875,743.65,403.0
INNOVANA,INNOVANAEQN,318.0,318.0,318.0,0.0,0.0,26,8268,564.8,290.0
COCHINSHIP,COCHINSHIPEQN,1480.5,1480.5,1480.5,0.0,0.0,3150,4663575,1979.9,1187.0
TCIFINANCE,TCIFINANCEBEN,15.34,15.34,15.34,0.0,0.0,312,4786,38.46,10.0
GPTINFRA,GPTINFRAEQN,112.41,112.41,112.41,0.0,0.0,702,78911,150.0,96.22
TREJHARA,TREJHARAEQN,156.45,156.45,156.45,0.0,0.0,21,3285,284.85,128.4
ASHOKAMET,ASHOKAMETEQN,13.75,13.75,13.75,0.0,0.0,135,1856,21.0,12.13
TVVISION,TVVISIONBEN,3.57,3.57,3.57,0.0,0.0,75,267,12.4,3.57
TOUCHWOOD,TOUCHWOODEQN,62.92,62.92,62.92,0.0,0.0,501,31522,128.0,60.01
WELENT,WELENTEQN,631.45,631.45,631.45,0.0,0.0,3023,1908873,653.7,412.0
VHL,VHLEQN,3453.8,3453.8,3453.8,0.0,0.0,1,3453,4275.0,2870.0
YESBANK,YESBANKEQN,22.8,22.8,22.8,0.0,0.0,154115,3513822,25.78,17.2
CERA,CERAEQN,5865.5,5865.5,5865.5,0.0,0.0,33,193561,6740.0,4461.1
ORISSAMINE,ORISSAMINEEQN,4617.5,4617.5,4617.5,0.0,0.0,21,96967,6138.9,3100.5
BALAJEE,BALAJEEEQN,26.88,26.88,26.88,0.0,0.0,35,940,59.9,21.1
NRAIL,NRAILEQN,503.85,503.85,503.85,0.0,0.0,16,8061,574.0,350.95
PILITA,PILITAEQN,8.11,8.11,8.11,0.0,0.0,1,8,15.9,6.2
VADILALIND,VADILALINDEQN,7417.5,7417.5,7417.5,0.0,0.0,5,37087,8447.0,3996.0
BLAL,BLALEQN,168.43,168.43,168.43,0.0,0.0,10,1684,233.8,155.5
ADANIPORTS,ADANIPORTSEQN,1700.0,1700.0,1700.0,0.0,0.0,3053,5190100,1891.1,1292.0
COLPAL,COLPALEQN,1889.0,1889.0,1889.0,0.0,0.0,649,1225961,2504.0,1782.0
FEL,FELBZN,0.39,0.39,0.39,0.0,0.0,8080,3151,0.65,0.34
TREL,TRELEQN,27.05,27.05,27.05,0.0,0.0,40,1082,34.37,21.47
TRF,TRFEQN,230.41,230.41,230.41,0.0,0.0,6,1382,405.0,215.5
RAMKY,RAMKYEQN,392.2,392.2,392.2,0.0,0.0,1,392,705.0,367.0
SUNCLAY,SUNCLAYEQN,1284.1,1284.1,1284.1,0.0,0.0,16,20545,1942.0,1112.8
DHARMAJ,DHARMAJEQN,270.0,270.0,270.0,0.0,0.0,7,1890,386.5,210.65
PRECAM,PRECAMEQN,130.58,130.58,130.58,0.0,0.0,219,28597,262.0,103.98
JSWINFRA,JSWINFRAEQN,335.7,335.7,335.7,0.0,0.0,3830,1285731,355.8,233.42
STEELXIND,STEELXINDEQN,10.6,10.6,10.6,0.0,0.0,6343,67235,13.95,7.0
MUKKA,MUKKAEQN,26.59,26.59,26.59,0.0,0.0,891,23691,31.23,18.27
RPTECH,RPTECHEQN,876.9,876.9,876.9,0.0,0.0,1064,933021,967.7,276.55
SALZERELEC,SALZERELECEQN,569.55,569.55,569.55,0.0,0.0,18,10251,952.5,488.8
XPROINDIA,XPROINDIAEQN,1142.0,1142.0,1142.0,0.0,0.0,45,51390,1574.8,788.05
RKFORGE,RKFORGEEQN,737.05,737.05,737.05,0.0,0.0,946,697249,772.8,460.15
WEWIN,WEWINEQN,47.0,47.0,47.0,0.0,0.0,6,282,78.0,35.38
V2RETAIL,V2RETAILEQN,219.73,219.73,219.73,0.0,0.0,334,73389,259.25,158.56
TREEHOUSE,TREEHOUSEEQN,6.17,6.17,6.17,0.0,0.0,100,617,11.0,5.52
CENTRALBK,CENTRALBKEQN,31.29,31.29,31.29,0.0,0.0,21134,661282,40.92,29.32
IRCTC,IRCTCEQN,484.2,484.2,484.2,0.0,0.0,12350,5979870,739.0,483.05
ELECON,ELECONEQN,451.55,451.55,451.55,0.0,0.0,797,359885,634.9,352.0
FIEMIND,FIEMINDEQN,2198.8,2198.8,2198.8,0.0,0.0,318,699218,2674.8,1868.5
RISHABH,RISHABHEQN,669.3,669.3,669.3,0.0,0.0,2190,1465767,729.85,315.0
SCILAL,SCILALEQN,39.81,39.81,39.81,0.0,0.0,153,6090,55.0,34.3
DELTAMAGNT,DELTAMAGNTEQN,58.49,58.49,58.49,0.0,0.0,1,58,93.45,45.51
KKCL,KKCLEQN,516.45,516.45,516.45,0.0,0.0,1,516,595.0,408.35
KELLTONTEC,KELLTONTECEQN,13.56,13.56,13.56,0.0,0.0,4875,66105,28.13,13.0
PSPPROJECT,PSPPROJECTEQN,911.95,911.95,911.95,0.0,0.0,57,51981,1143.0,569.2
THEJO,THEJOEQN,2057.8,2057.8,2057.8,0.0,0.0,6,12346,2286.6,1443.6
SARTELE,SARTELESMN,105.85,105.85,105.85,0.0,0.0,1000,105850,264.85,94.0
VIKASECO,VIKASECOEQN,1.08,1.08,1.08,0.0,0.0,51272,55373,2.24,0.99
REPCOHOME,REPCOHOMEEQN,359.05,359.05,359.05,0.0,0.0,606,217584,455.9,333.6
ZENSARTECH,ZENSARTECHEQN,483.55,483.55,483.55,0.0,0.0,1983,958879,868.95,423.0
JMA,JMAEQN,90.73,90.73,90.73,0.0,0.0,116,10524,98.0,70.25
DABUR,DABUREQN,400.5,400.5,400.5,0.0,0.0,4657,1865128,577.0,397.65
EICHERMOT,EICHERMOTEQN,8010.0,8010.0,8010.0,0.0,0.0,298,2386980,8230.0,5880.0
EQUITASBNK,EQUITASBNKEQN,76.6,76.6,76.6,0.0,0.0,5262,403069,83.9,50.0
TRENT,TRENTEQN,2924.0,2924.0,2924.0,0.0,0.0,1450,4239800,3782.67,2183.67
GODREJAGRO,GODREJAGROEQN,574.55,574.55,574.55,0.0,0.0,194,111462,769.7,506.1
KUANTUM,KUANTUMEQN,74.19,74.19,74.19,0.0,0.0,249,18473,122.09,65.01
JINDRILL,JINDRILLEQN,642.75,642.75,642.75,0.0,0.0,507,325874,693.5,440.1
PARACABLES,PARACABLESEQN,62.5,62.5,62.5,0.0,0.0,21933,1370812,75.7,28.3
STYRENIX,STYRENIXEQN,2081.6,2081.6,2081.6,0.0,0.0,209,435054,2738.7,1780.0
GAIL,GAILEQN,172.0,172.0,172.0,0.0,0.0,28412,4886864,186.87,134.36
LIKHITHA,LIKHITHAEQN,210.3,210.3,210.3,0.0,0.0,132,27759,272.0,131.45
FINOPB,FINOPBEQN,145.93,145.93,145.93,0.0,0.0,469,68441,339.0,110.03
SANSERA,SANSERAEQN,3876.9,3876.9,3876.9,0.0,0.0,249,965348,4040.4,1241.3
ASTRAZEN,ASTRAZENEQN,7415.5,7415.5,7415.5,0.0,0.0,13,96401,9849.5,7371.5
CUB,CUBEQN,217.3,217.3,217.3,0.0,0.0,2222,482840,245.38,145.13
INTLCONV,INTLCONVEQN,77.54,77.54,77.54,0.0,0.0,132,10235,114.54,60.0
POLICYBZR,POLICYBZREQN,1795.2,1795.2,1795.2,0.0,0.0,1400,2513280,1974.0,1364.0
LATENTVIEW,LATENTVIEWEQN,278.1,278.1,278.1,0.0,0.0,3379,939699,517.5,248.0
VIMTALABS,VIMTALABSEQN,629.65,629.65,629.65,0.0,0.0,871,548425,902.65,376.05
BHARATWIRE,BHARATWIREEQN,188.79,188.79,188.79,0.0,0.0,175,33038,262.0,148.01
ICRA,ICRAEQN,4964.8,4964.8,4964.8,0.0,0.0,33,163838,6982.0,4692.0
JINDALPOLY,JINDALPOLYEQN,637.6,637.6,637.6,0.0,0.0,128,81612,1026.45,365.0
MAHLOG,MAHLOGEQN,401.15,401.15,401.15,0.0,0.0,377,151233,450.0,275.05
MANYAVAR,MANYAVAREQN,544.15,544.15,544.15,0.0,0.0,1047,569725,796.55,329.2
INDOAMIN,INDOAMINBEN,122.35,122.35,122.35,0.0,0.0,7,856,162.9,81.9
BLUESTARCO,BLUESTARCOEQN,1511.9,1511.9,1511.9,0.0,0.0,248,374951,2040.0,1450.0
WEL,WELEQN,141.27,141.27,141.27,0.0,0.0,90,12714,183.53,75.01
SPENCERS,SPENCERSEQN,30.4,30.4,30.4,0.0,0.0,40,1216,64.0,24.38
MOTILALOFS,MOTILALOFSEQN,990.0,990.0,990.0,0.0,0.0,3636,3599640,1097.1,614.9
FLFL,FLFLBZN,1.15,1.15,1.15,0.0,0.0,301,346,1.99,1.11
MAZDOCK,MAZDOCKEQN,2552.0,2552.0,2552.0,0.0,0.0,1892,4828384,3061.4,2057.4
KHAICHEM,KHAICHEMEQN,55.82,55.82,55.82,0.0,0.0,465,25956,135.8,42.92
ROML,ROMLEQN,43.6,43.6,43.6,0.0,0.0,20,872,62.0,35.11
AFIL,AFILEQN,9.33,9.33,9.33,0.0,0.0,247,2304,11.1,3.92
ASHIANA,ASHIANAEQN,361.8,361.8,361.8,0.0,0.0,408,147614,435.9,269.45
PAYTM,PAYTMEQN,1632.0,1632.0,1632.0,0.0,0.0,7479,12205728,1657.6,930.6
KOTHARIPRO,KOTHARIPROEQN,68.05,68.05,68.05,0.0,0.0,2,136,109.0,58.0
APOLSINHOT,APOLSINHOTEQN,1207.4,1207.4,1207.4,0.0,0.0,1,1207,1479.0,950.0
MAHLIFE,MAHLIFEEQN,379.8,379.8,379.8,0.0,0.0,267,101406,427.05,286.8
KTKBANK,KTKBANKEQN,328.3,328.3,328.3,0.0,0.0,5649,1854566,338.25,169.12
SBC,SBCEQN,40.1,40.1,40.1,0.0,0.0,3050,122305,45.0,15.55
SMLT,SMLTEQN,70.77,70.77,70.77,0.0,0.0,3,212,122.85,56.61
ECLERX,ECLERXEQN,1815.7,1815.7,1815.7,0.0,0.0,155,281433,2497.5,1320.0
DVL,DVLEQN,269.49,269.49,269.49,0.0,0.0,165,44465,380.6,186.99
IRB,IRBEQN,18.95,18.95,18.95,0.0,0.0,43093,816612,23.95,18.9
PTL,PTLEQN,38.33,38.33,38.33,0.0,0.0,552,21158,43.77,36.1
ORIENTBELL,ORIENTBELLEQN,359.45,359.45,359.45,0.0,0.0,196,70452,367.7,238.75
PFC,PFCEQN,363.0,363.0,363.0,0.0,0.0,9542,3463746,486.5,329.9
RATNAMANI,RATNAMANIEQN,2354.4,2354.4,2354.4,0.0,0.0,22,51796,3345.0,1936.5
ASALCBR,ASALCBREQN,726.45,726.45,726.45,0.0,0.0,115,83541,1277.0,660.65
ELGIEQUIP,ELGIEQUIPEQN,634.35,634.35,634.35,0.0,0.0,834,529047,644.0,408.25
RVHL,RVHLEQN,43.02,43.02,43.02,0.0,0.0,61,2624,71.36,28.5
HCG,HCGEQN,725.95,725.95,725.95,0.0,0.0,320,232304,796.68,513.3
BANG,BANGEQN,28.69,28.69,28.69,0.0,0.0,167,4791,62.07,25.84
HCLTECH,HCLTECHEQN,1302.5,1302.5,1302.5,0.0,0.0,7095,9241237,1780.1,1030.0
GRWRHITECH,GRWRHITECHEQN,7123.5,7123.5,7123.5,0.0,0.0,55,391792,7990.0,2681.0
NCLIND,NCLINDEQN,174.0,174.0,174.0,0.0,0.0,103,17922,220.9,147.5
HINDCON,HINDCONEQN,22.21,22.21,22.21,0.0,0.0,4,88,37.75,15.66
COMPUSOFT,COMPUSOFTEQN,13.98,13.98,13.98,0.0,0.0,67,936,20.75,12.0
IEX,IEXEQN,123.7,123.7,123.7,0.0,0.0,10827,1339299,160.27,114.6
BELLACASA,BELLACASAEQN,228.07,228.07,228.07,0.0,0.0,2,456,497.35,214.68
ASHOKLEY,ASHOKLEYEQN,173.0,173.0,173.0,0.0,0.0,26995,4670135,215.42,125.85
ATUL,ATULEQN,6509.5,6509.5,6509.5,0.0,0.0,25,162737,7180.0,5560.5
NAVNETEDUL,NAVNETEDULEQN,133.62,133.62,133.62,0.0,0.0,284,37948,168.5,121.5
PTC,PTCEQN,156.56,156.56,156.56,0.0,0.0,5578,873291,229.51,149.59
AXISBANK,AXISBANKEQN,1245.8,1245.8,1245.8,0.0,0.0,5600,6976480,1418.3,1042.5
VAIBHAVGBL,VAIBHAVGBLEQN,226.05,226.05,226.05,0.0,0.0,809,182874,293.25,174.13
IGPL,IGPLEQN,475.2,475.2,475.2,0.0,0.0,28,13305,532.45,315.0
ANUP,ANUPEQN,1808.9,1808.9,1808.9,0.0,0.0,76,137476,2576.0,1422.3
HIMATSEIDE,HIMATSEIDEEQN,72.12,72.12,72.12,0.0,0.0,3261,235183,134.7,69.06
GODREJPROP,GODREJPROPEQN,2035.0,2035.0,2035.0,0.0,0.0,1394,2836790,2352.0,1434.0
SFL,SFLEQN,664.95,664.95,664.95,0.0,0.0,131,87108,832.45,456.8
KNRCON,KNRCONEQN,127.0,127.0,127.0,0.0,0.0,1282,162814,220.0,108.65
TGBHOTELS,TGBHOTELSEQN,9.82,9.82,9.82,0.0,0.0,170,1669,13.4,7.5
IDBI,IDBIEQN,82.24,82.24,82.24,0.0,0.0,11690,961385,118.38,61.01
POLYPLEX,POLYPLEXEQN,1194.1,1194.1,1194.1,0.0,0.0,167,199414,1264.0,740.0
PRAKASH,PRAKASHEQN,128.6,128.6,128.6,0.0,0.0,6,771,177.0,110.24
LTM,LTMEQN,4487.8,4487.8,4487.8,0.0,0.0,666,2988874,6429.5,3528.0
USHAMART,USHAMARTEQN,481.3,481.3,481.3,0.0,0.0,2268,1091588,527.5,363.5
KIRLPNU,KIRLPNUEQN,748.8,748.8,748.8,0.0,0.0,243,181958,1098.55,495.05
BHANDARI,BHANDARIEQN,3.05,3.05,3.05,0.0,0.0,4343,13246,4.61,2.0
ONWARDTEC,ONWARDTECEQN,285.5,285.5,285.5,0.0,0.0,372,106206,357.0,208.25
BBTC,BBTCEQN,1427.4,1427.4,1427.4,0.0,0.0,220,314028,2135.0,1314.6
BERGEPAINT,BERGEPAINTEQN,524.4,524.4,524.4,0.0,0.0,538,282127,594.55,391.1
LLOYDSME,LLOYDSMEEQN,1865.9,1865.9,1865.9,0.0,0.0,832,1552428,2125.0,1042.9
OIL,OILEQN,475.0,475.0,475.0,0.0,0.0,3053,1450175,531.0,384.6
RPGLIFE,RPGLIFEEQN,2636.6,2636.6,2636.6,0.0,0.0,33,87007,3082.0,1733.0
MPHASIS,MPHASISEQN,2430.0,2430.0,2430.0,0.0,0.0,448,1088640,3037.2,2013.0
JAICORPLTD,JAICORPLTDEQN,102.22,102.22,102.22,0.0,0.0,1187,121335,178.24,88.0
WHEELS,WHEELSEQN,1512.8,1512.8,1512.8,0.0,0.0,121,183048,1808.0,705.85
WILLAMAGOR,WILLAMAGOREQN,25.04,25.04,25.04,0.0,0.0,2,50,37.5,21.11
WSTCSTPAPR,WSTCSTPAPREQN,637.25,637.25,637.25,0.0,0.0,188,119803,655.0,375.0
SUNPHARMA,SUNPHARMAEQN,1902.4,1902.4,1902.4,0.0,0.0,1990,3785776,2046.9,1548.0
SWARAJENG,SWARAJENGEQN,3569.8,3569.9,3569.9,0.1,0.0,27,96387,4545.0,3301.3
TATAPOWER,TATAPOWEREQN,374.3,374.3,374.3,0.0,0.0,16333,6113441,464.9,342.5
OSWALGREEN,OSWALGREENEQN,20.85,20.85,20.85,0.0,0.0,100,2085,43.79,19.76
MUTHOOTCAP,MUTHOOTCAPEQN,251.94,251.94,251.94,0.0,0.0,11,2771,303.0,175.25
TAJGVK,TAJGVKEQN,350.4,350.4,350.4,0.0,0.0,209,73233,512.65,281.35
SAKAR,SAKAREQN,912.6,912.6,912.6,0.0,0.0,927,845980,980.0,317.0
RVNL,RVNLEQN,225.3,225.3,225.3,0.0,0.0,14958,3370037,400.7,220.16
VENUSPIPES,VENUSPIPESEQN,1556.6,1556.6,1556.6,0.0,0.0,60,93396,1875.0,890.0
COMPINFO,COMPINFOBZN,1.07,1.07,1.07,0.0,0.0,203,217,2.52,0.91
20MICRONS,20MICRONSEQN,204.19,204.19,204.19,0.0,0.0,254,51864,241.7,129.61
BLUEDART,BLUEDARTEQN,5083.0,5083.0,5083.0,0.0,0.0,23,116909,7036.0,4628.5
RSL,RSLEQN,164.85,164.85,164.85,0.0,0.0,304,50114,171.99,101.7
INDIACEM,INDIACEMEQN,370.9,370.9,370.9,0.0,0.0,298,110528,485.8,342.35
TATACONSUM,TATACONSUMEQN,1049.0,1049.0,1049.0,0.0,0.0,2871,3011679,1282.7,1007.2
HARSHA,HARSHAEQN,437.6,437.6,437.6,0.0,0.0,348,152284,469.0,313.3
SUNDROP,SUNDROPEQN,646.5,646.5,646.5,0.0,0.0,1,646,897.6,556.0
SOMATEX,SOMATEXEQN,86.24,86.24,86.24,0.0,0.0,22,1897,161.25,62.15
RPPL,RPPLBEN,23.57,23.57,23.57,0.0,0.0,42,989,26.97,14.25
EXCELINDUS,EXCELINDUSEQN,1089.0,1089.0,1089.0,0.0,0.0,106,115434,1348.8,800.05
ESSENTIA,ESSENTIAEQN,1.14,1.14,1.14,0.0,0.0,13172,15016,1.96,0.95
UJJIVANSFB,UJJIVANSFBEQN,72.07,72.07,72.07,0.0,0.0,53142,3829943,73.94,41.95
RECLTD,RECLTDEQN,326.65,326.65,326.65,0.0,0.0,7775,2539703,390.5,304.05
ADOR,ADOREQN,1617.6,1617.6,1617.6,0.0,0.0,86,139113,1701.9,848.0
ITDC,ITDCEQN,684.3,684.3,684.3,0.0,0.0,727,497486,822.0,368.0
GPPL,GPPLEQN,163.54,163.54,163.54,0.0,0.0,5550,907647,200.09,141.55
TORNTPHARM,TORNTPHARMEQN,4896.5,4896.5,4896.5,0.0,0.0,287,1405295,5250.0,3480.6
TTKPRESTIG,TTKPRESTIGEQN,591.65,591.65,591.65,0.0,0.0,96,56798,771.2,423.0
HEIDELBERG,HEIDELBERGEQN,158.98,158.98,158.98,0.0,0.0,450,71541,220.9,136.1
CONSOFINVT,CONSOFINVTBEN,272.5,272.5,272.5,0.0,0.0,26,7085,320.0,152.0
VIKASLIFE,VIKASLIFEEQN,1.19,1.19,1.19,0.0,0.0,25297,30103,2.37,1.05
STEELCITY,STEELCITYEQN,81.82,81.82,81.82,0.0,0.0,25,2045,108.02,71.26
SATIN,SATINEQN,224.16,224.16,224.16,0.0,0.0,163,36538,274.14,133.01
COFORGE,COFORGEEQN,1891.7,1891.7,1891.7,0.0,0.0,5743,10864033,1989.7,1008.1
GOYALALUM,GOYALALUMEQN,6.41,6.41,6.41,0.0,0.0,73,467,11.37,5.34
SILINV,SILINVEQN,475.25,475.25,475.25,0.0,0.0,8,3802,767.0,380.0
UNIONBANK,UNIONBANKEQN,183.45,183.45,183.45,0.0,0.0,16447,3017202,205.49,124.64
BIKAJI,BIKAJIEQN,605.75,605.75,605.75,0.0,0.0,1902,1152136,818.7,592.55
SANGAMIND,SANGAMINDEQN,577.65,577.65,577.65,0.0,0.0,51,29460,672.5,341.55
TNTELE,TNTELEEQN,8.95,8.95,8.95,0.0,0.0,21,187,17.9,7.81
ATALREAL,ATALREALEQN,33.48,33.48,33.48,0.0,0.0,329,11014,36.7,17.75
MODTHREAD,MODTHREADEQN,58.31,58.31,58.31,0.0,0.0,1521,88689,65.65,35.61
SHYAMTEL,SHYAMTELEQN,14.67,14.67,14.67,0.0,0.0,11,161,25.42,7.07
CUBEINVIT,CUBEINVITIVN,156.99,156.99,156.99,0.0,0.0,392,61540,165.0,129.0
AGARIND,AGARINDEQN,491.8,491.8,491.8,0.0,0.0,10,4918,1006.0,360.0
KANANIIND,KANANIINDEQN,1.5,1.5,1.5,0.0,0.0,1336,2004,2.27,1.02
INFOMEDIA,INFOMEDIAEQN,5.11,5.11,5.11,0.0,0.0,700,3577,8.05,4.5
SAMPANN,SAMPANNEQN,25.95,25.95,25.95,0.0,0.0,102,2646,43.44,23.75
THERMAX,THERMAXEQN,3967.8,3967.8,3967.8,0.0,0.0,302,1198275,5277.8,2742.7
NEXTMEDIA,NEXTMEDIAEQN,3.91,3.91,3.91,0.0,0.0,1082,4230,8.48,3.42
GODREJIND,GODREJINDEQN,1230.0,1230.0,1230.0,0.0,0.0,116,142680,1443.0,744.2
ALKEM,ALKEMEQN,5400.0,5400.0,5400.0,0.0,0.0,53,286200,5933.5,5075.0
ATLANTAA,ATLANTAAEQN,38.3,38.3,38.3,0.0,0.0,12,459,73.39,29.41
GLOBALVECT,GLOBALVECTEQN,152.51,152.51,152.51,0.0,0.0,126,19216,248.0,129.0
ORBTEXP,ORBTEXPBEN,225.12,225.12,225.12,0.0,0.0,1,225,278.61,135.0
MEDICO,MEDICOEQN,42.65,42.65,42.65,0.0,0.0,1,42,56.88,30.22
IGCL,IGCLEQN,72.81,72.81,72.81,0.0,0.0,22,1601,118.99,49.46
FILATFASH,FILATFASHEQN,0.18,0.18,0.18,0.0,0.0,632489,113848,0.68,0.14
MORARJEE,MORARJEEBZN,10.19,10.19,10.19,0.0,0.0,50,509,12.41,5.58
HEADSUP,HEADSUPEQN,6.69,6.69,6.69,0.0,0.0,2,13,12.95,5.69
ASAHISONG,ASAHISONGBEN,368.0,368.0,368.0,0.0,0.0,43,15824,413.95,179.64
SICALLOG,SICALLOGBEN,111.21,111.21,111.21,0.0,0.0,21,2335,122.5,60.11
VEEDOL,VEEDOLEQN,1502.5,1502.5,1502.5,0.0,0.0,44,66110,2035.0,1238.2
VENUSREM,VENUSREMBEN,1738.1,1738.1,1738.1,0.0,0.0,9,15642,2044.3,424.0
BESTAGRO,BESTAGROEQN,18.24,18.24,18.24,0.0,0.0,1201,21906,34.4,12.3
IMFA,IMFAEQN,1383.8,1383.8,1383.8,0.0,0.0,463,640699,1679.9,828.4
GNRL,GNRLEQN,101.9,101.9,101.9,0.0,0.0,66,6725,120.9,83.2
UYFINCORP,UYFINCORPBEN,20.14,20.14,20.14,0.0,0.0,101,2034,22.34,11.16
ZYDUSWELL,ZYDUSWELLEQN,490.8,490.8,490.8,0.0,0.0,880,431904,611.85,367.55
TIJARIA,TIJARIAEQN,5.92,5.92,5.92,0.0,0.0,15,88,8.13,3.55
SWANCORP,SWANCORPEQN,303.85,303.85,303.85,0.0,0.0,1011,307192,506.0,295.65
MARKOLINES,MARKOLINESEQN,171.56,171.56,171.56,0.0,0.0,15,2573,191.75,131.65
LENSKART,LENSKARTEQN,661.4,661.4,661.4,0.0,0.0,46812,30961456,663.8,356.1
CURAA,CURAAEQN,72.59,72.59,72.59,0.0,0.0,1,72,337.0,63.0
LANDSMILL,LANDSMILLEQN,0.75,0.75,0.75,0.0,0.0,48226,36169,1.74,0.73
GOCLCORP,GOCLCORPEQN,400.6,400.6,400.6,0.0,0.0,126,50475,459.9,223.35
3MINDIA,3MINDIAEQN,33640.0,33640.0,33640.0,0.0,0.0,2,67280,38030.0,28730.0
CONCORDBIO,CONCORDBIOEQN,1571.3,1571.3,1571.3,0.0,0.0,191,300118,1801.9,987.0
ICICIAMC,ICICIAMCEQN,3269.7,3269.7,3269.7,0.0,0.0,458,1497522,3611.0,2530.0
CEMPRO,CEMPROEQN,1276.4,1276.4,1276.4,0.0,0.0,282,359944,1649.2,503.3
IVP,IVPBEN,185.46,185.46,185.46,0.0,0.0,15,2781,194.0,110.0
PGHH,PGHHEQN,8189.0,8189.0,8189.0,0.0,0.0,53,434017,14509.0,8177.5
VINSYS,VINSYSSTN,590.0,590.0,590.0,0.0,0.0,250,147500,600.0,215.0
IRISDOREME,IRISDOREMEEQN,57.0,57.0,57.0,0.0,0.0,848,48336,60.2,26.35
VESUVIUS,VESUVIUSEQN,439.4,439.4,439.4,0.0,0.0,134,58879,607.9,423.8
KIRLFER,KIRLFEREQN,441.2,441.2,441.2,0.0,0.0,163,71915,513.0,408.0
BLIL,BLILEQN,71.89,71.89,71.89,0.0,0.0,876,62975,79.5,67.0
FRONTSP,FRONTSPEQN,1278.4,1278.4,1278.4,0.0,0.0,39,49857,1869.0,1256.1
ZSARACOM,ZSARACOMEQN,12433.0,12433.0,12433.0,0.0,0.0,1,12433,14400.0,9000.0
DPSCLTD,DPSCLTDBEN,7.13,7.13,7.13,0.0,0.0,3094,22060,13.31,6.85
INDIASHLTR,INDIASHLTREQN,675.25,675.25,675.25,0.0,0.0,72,48618,968.75,640.0
AURIONPRO,AURIONPROEQN,695.55,695.55,695.55,0.0,0.0,965,671205,1393.0,680.15
BFINVEST,BFINVESTEQN,451.55,451.55,451.55,0.0,0.0,23,10385,584.7,315.0
ABCOTS,ABCOTSEQN,209.42,209.42,209.42,0.0,0.0,2,418,504.0,196.81
VINNY,VINNYEQN,1.06,1.06,1.06,0.0,0.0,571,605,1.53,0.94
OMFREIGHT,OMFREIGHTBEN,94.92,94.92,94.92,0.0,0.0,11,1044,114.33,58.95
CRAMC,CRAMCEQN,264.7,264.7,264.7,0.0,0.0,360,95292,353.4,214.2
GUJENERGY,GUJENERGYEQN,263.35,263.35,263.35,0.0,0.0,3056,804797,452.0,261.25
FISCHER,FISCHEREQN,38.14,38.14,38.14,0.0,0.0,5475,208816,124.7,31.05
VGCL,VGCLEQN,59.96,59.96,59.96,0.0,0.0,20,1199,61.5,56.0
HAVELLS,HAVELLSEQN,1268.0,1268.0,1268.0,0.0,0.0,491,622588,1621.1,1123.6
GKB,GKBEQN,65.0,65.0,65.0,0.0,0.0,7,455,70.0,60.46
SHIVALIK,SHIVALIKBEN,270.49,270.49,270.49,0.0,0.0,22,5950,521.5,206.4
BEEKAY,BEEKAYEQN,435.3,435.3,435.3,0.0,0.0,3,1305,471.85,355.05
ENRIN,ENRINEQN,3435.6,3435.6,3435.6,0.0,0.0,292,1003195,3968.0,2115.0
NEUEON,NEUEONBEN,15.24,15.24,15.24,0.0,0.0,109,1661,27.4,5.76
BOSCH-HCIL,BOSCH-HCILEQN,1725.3,1725.3,1725.3,0.0,0.0,25,43132,1801.7,1021.3
TANAA,TANAAEQN,306.55,306.55,306.55,0.0,0.0,106,32494,322.0,297.0
POLYSPIN,POLYSPINEQN,30.97,30.97,30.97,0.0,0.0,3,92,34.79,28.0
MERCURYEV,MERCURYEVEQN,39.71,39.71,39.71,0.0,0.0,837,33237,41.5,30.16
CLEANMAX,CLEANMAXEQN,1266.9,1266.9,1266.9,0.0,0.0,88,111487,1536.0,727.1
CHEMBOND,CHEMBONDEQN,172.63,172.63,172.63,0.0,0.0,7,1208,209.99,105.15
MANBRO,MANBROEQN,60.1,60.1,60.1,0.0,0.0,22,1322,60.76,52.0
BOSCHLTD,BOSCHLTDEQN,48200.0,48200.0,48200.0,0.0,0.0,71,3422200,49130.0,28610.0
DHARIWAL,DHARIWALSMN,18.8,18.8,18.8,0.0,0.0,9000,169200,48.3,15.98
JNPR,JNPREQN,265.8,265.8,265.8,0.0,0.0,2611,694003,281.89,232.11
AMBUJACEM,AMBUJACEMEQN,414.5,414.5,414.5,0.0,0.0,4728,1959756,600.8,394.0
ELIN,ELINEQN,100.62,100.62,100.62,0.0,0.0,33,3320,234.0,93.65
AARON,AARONEQN,137.64,137.64,137.64,0.0,0.0,22,3028,258.0,106.8
BRIGHOTEL,BRIGHOTELEQN,59.13,59.13,59.13,0.0,0.0,167,9874,89.4,54.36
BAJAJELEC,BAJAJELECEQN,351.65,351.65,351.65,0.0,0.0,456,160352,653.8,301.0
ANTELOPUS,ANTELOPUSEQN,800.1,800.1,800.1,0.0,0.0,60,48006,933.65,357.0
BASF,BASFEQN,3902.7,3902.8,3902.8,0.1,0.0,93,362960,4829.9,3122.2
RICOAUTO,RICOAUTOEQN,129.95,129.95,129.95,0.0,0.0,5766,749291,157.99,78.92
APOORVA,APOORVAEQN,26.51,26.51,26.51,0.0,0.0,1950,51694,28.05,26.51
YOGI,YOGIEQN,165.97,165.97,165.97,0.0,0.0,6,995,180.0,130.01
NECCLTD,NECCLTDBEN,15.8,15.8,15.8,0.0,0.0,240,3792,24.01,10.55
FINKURVE,FINKURVEEQN,76.32,76.32,76.32,0.0,0.0,253,19308,134.9,48.02
AVALON,AVALONEQN,2183.8,2183.8,2183.8,0.0,0.0,1108,2419650,2351.0,777.3
MFSL,MFSLEQN,1585.0,1585.0,1585.0,0.0,0.0,43,68155,1892.5,1433.6
GANESHBE,GANESHBEBEN,123.96,123.96,123.96,0.0,0.0,5401,669507,129.99,68.4
CGPOWER,CGPOWEREQN,867.0,867.0,867.0,0.0,0.0,5036,4366212,980.9,525.5
GANESHCP,GANESHCPEQN,161.24,161.24,161.24,0.0,0.0,88,14189,309.95,152.0
ORICONENT,ORICONENTEQN,56.95,56.95,56.95,0.0,0.0,30,1708,73.12,48.81
HRYNSHP,HRYNSHPEQN,99.86,99.86,99.86,0.0,0.0,20,1997,104.05,96.0
VIKRAN,VIKRANEQN,63.04,63.04,63.04,0.0,0.0,9292,585767,118.4,51.1
SCANSTL,SCANSTLBEN,63.05,63.05,63.05,0.0,0.0,4,252,68.81,31.35
EMMVEE,EMMVEEEQN,324.0,324.0,324.0,0.0,0.0,14272,4624128,371.55,171.51
INDORAMA,INDORAMAEQN,62.69,62.69,62.69,0.0,0.0,990,62063,75.0,29.0
TITAGARH,TITAGARHEQN,843.55,843.55,843.55,0.0,0.0,735,620009,971.0,568.7
TSFINV,TSFINVEQN,417.15,417.15,417.15,0.0,0.0,4,1668,701.5,331.7
TAC,TACSTN,417.85,417.85,417.85,0.0,0.0,400,167140,899.65,347.4
CANHLIFE,CANHLIFEEQN,155.24,155.24,155.24,0.0,0.0,909,141113,166.69,106.0
ABMKNO,ABMKNOEQN,189.87,189.87,189.87,0.0,0.0,2,379,254.9,182.5
JINDALPHOT,JINDALPHOTEQN,1044.9,1044.9,1044.9,0.0,0.0,20,20898,1616.6,830.05
BIMETAL,BIMETALEQN,624.85,624.85,624.85,0.0,0.0,10,6248,750.75,537.9
ASSAMENT,ASSAMENTEQN,780.0,780.0,780.0,0.0,0.0,3,2340,850.0,760.0
ONELIFECAP,ONELIFECAPBEN,33.51,33.51,33.51,0.0,0.0,6,201,40.1,10.62
JYOTIRES,JYOTIRESEQN,849.5,849.5,849.5,0.0,0.0,10,8495,884.95,830.25
STUDDS,STUDDSEQN,450.15,450.15,450.15,0.0,0.0,130,58519,600.0,412.3
TRAVELFOOD,TRAVELFOODEQN,1307.2,1307.2,1307.2,0.0,0.0,167,218302,1470.9,1035.3
SELMC,SELMCEQN,28.01,28.01,28.01,0.0,0.0,2,56,43.36,26.0
UCAL,UCALBEN,143.33,143.33,143.33,0.0,0.0,1000,143330,159.7,77.0
SINGERIND,SINGERINDEQN,82.0,82.0,82.0,0.0,0.0,571,46822,91.3,57.15
LTFOODS,LTFOODSEQN,427.6,427.6,427.6,0.0,0.0,830,354908,480.0,333.15
TCC,TCCEQN,251.7,251.7,251.7,0.0,0.0,40,10068,526.4,246.3
VSSL,VSSLEQN,348.7,348.7,348.7,0.0,0.0,334,116465,375.95,206.4
MENNPIS,MENNPISEQN,70.6,70.6,70.6,0.0,0.0,237,16732,82.0,52.35
AVANCE,AVANCEEQN,0.88,0.88,0.88,0.0,0.0,39924,35133,0.94,0.75
BTTL,BTTLBEN,45.26,45.26,45.26,0.0,0.0,2,90,58.23,30.0
GREENPANEL,GREENPANELEQN,160.97,160.97,160.97,0.0,0.0,576,92718,333.8,157.68
RRECL,RRECLEQN,143.25,143.25,143.25,0.0,0.0,2,286,149.9,133.0
DCMFINSERV,DCMFINSERVEQN,5.43,5.43,5.43,0.0,0.0,41,222,8.55,3.7
DHARAN,DHARANBZN,0.16,0.16,0.16,0.0,0.0,1012585,162013,0.61,0.11
GSMFOILS,GSMFOILSSMN,92.25,92.25,92.25,0.0,0.0,77000,7103250,293.85,79.7
PRESTIGE,PRESTIGEEQN,1631.0,1631.0,1631.0,0.0,0.0,2949,4809819,1805.2,1090.0
ELANTAS,ELANTASEQN,11550.0,11550.0,11550.0,0.0,0.0,7,80850,13200.0,8900.0
NITINSPIN,NITINSPINEQN,588.45,588.45,588.45,0.0,0.0,51,30010,617.55,302.2
DLF,DLFEQN,678.1,678.1,678.1,0.0,0.0,3119,2114993,794.8,489.4
MICEL,MICELBEN,36.24,36.24,36.24,0.0,0.0,1429,51786,82.97,29.97
ONIDA,ONIDAEQN,35.66,35.66,35.66,0.0,0.0,1695,60443,49.23,21.5
FEDDERSHOL,FEDDERSHOLEQN,40.26,40.26,40.26,0.0,0.0,17,684,53.49,32.06
SHIVAMAUTO,SHIVAMAUTOBEN,16.87,16.87,16.87,0.0,0.0,31,522,35.79,13.05
IRCON,IRCONEQN,124.72,124.72,124.72,0.0,0.0,4787,597034,189.5,114.5
ABANSENT,ABANSENTEQN,27.98,27.98,27.98,0.0,0.0,6,167,48.85,22.3
NITTAGELA,NITTAGELAEQN,1584.6,1584.6,1584.6,0.0,0.0,1,1584,2087.2,837.05
SPELS,SPELSEQN,147.71,147.71,147.71,0.0,0.0,532,78581,154.0,145.1
CRAVATEX,CRAVATEXEQN,359.0,359.0,359.0,0.0,0.0,5,1795,372.5,337.0
OPTIFIN,OPTIFINEQN,12.4,12.4,12.4,0.0,0.0,14,173,13.74,11.25
TURTLEMINT,TURTLEMINTEQN,149.34,149.34,149.34,0.0,0.0,4604,687561,158.5,110.41
SWARNSAR,SWARNSAREQN,34.19,34.19,34.19,0.0,0.0,6,205,38.75,32.0
CSM,CSMEQN,99.55,99.55,99.55,0.0,0.0,1114,110898,113.0,94.27
BAJAJST,BAJAJSTEQN,351.7,351.7,351.7,0.0,0.0,7,2461,507.8,348.0
LINC,LINCEQN,96.37,96.37,96.37,0.0,0.0,3,289,139.6,85.01
PPL,PPLBEN,271.6,271.6,271.6,0.0,0.0,200,54320,350.8,163.21
LANCER,LANCEREQN,10.42,10.42,10.42,0.0,0.0,1545,16098,11.35,10.1
UDS,UDSEQN,215.67,215.67,215.67,0.0,0.0,587,126598,266.2,125.1
EMCURE,EMCUREEQN,1863.0,1862.9,1862.9,-0.1,-0.01,168,312967,2048.0,1260.0
PREMIERENE,PREMIERENEEQN,1053.0,1052.9,1052.9,-0.1,-0.01,1062,1118179,1134.0,660.0
TCIEXP,TCIEXPEQN,550.95,550.9,550.9,-0.05,-0.01,363,199976,780.0,447.55
GANECOS,GANECOSEQN,1082.1,1082.0,1082.0,-0.1,-0.01,171,185022,1400.0,653.55
FORTIS,FORTISEQN,907.1,907.0,907.0,-0.1,-0.01,1104,1001328,1104.3,766.8
MRPL,MRPLEQN,176.81,176.8,176.8,-0.01,-0.01,14421,2549632,212.31,120.45
J&KBANK,J&KBANKEQN,149.01,149.0,149.0,-0.01,-0.01,6125,912625,201.75,97.35
ACCELYA,ACCELYAEQN,1138.6,1138.5,1138.5,-0.1,-0.01,5,5692,1527.0,1012.4
MOREPENLAB,MOREPENLABEQN,96.01,96.0,96.0,-0.01,-0.01,79546,7636416,97.5,33.05
CHALET,CHALETEQN,861.95,861.9,861.9,-0.05,-0.01,187,161175,1070.1,691.35
JKIL,JKILEQN,506.3,506.25,506.25,-0.05,-0.01,90,45562,680.0,425.0
RAINBOW,RAINBOWEQN,1433.2,1433.1,1433.1,-0.1,-0.01,152,217831,1610.0,1084.0
ADANIGREEN,ADANIGREENEQN,1320.0,1319.9,1319.9,-0.1,-0.01,5894,7779490,1631.5,765.0
MAHEPC,MAHEPCEQN,107.0,106.99,106.99,-0.01,-0.01,3500,374465,182.5,91.91
CORDSCABLE,CORDSCABLEBEN,241.33,241.3,241.3,-0.03,-0.01,11,2654,259.4,127.01
JKPAPER,JKPAPEREQN,391.8,391.75,391.75,-0.05,-0.01,901,352966,444.8,304.85
MANAKSTEEL,MANAKSTEELEQN,85.46,85.44,85.44,-0.02,-0.02,5,427,89.9,45.11
DCAL,DCALEQN,173.54,173.51,173.51,-0.03,-0.02,410,71139,321.95,128.5
ELECTHERM,ELECTHERMEQN,1052.2,1052.0,1052.0,-0.2,-0.02,24,25248,1277.0,551.0
GODIGIT,GODIGITEQN,262.9,262.85,262.85,-0.05,-0.02,838,220268,381.4,244.2
RUPA,RUPAEQN,153.53,153.5,153.5,-0.03,-0.02,312,47892,212.84,109.21
CROMPTON,CROMPTONEQN,252.0,251.95,251.95,-0.05,-0.02,23418,5900165,337.5,217.4
NETWEB,NETWEBEQN,5601.0,5600.0,5600.0,-1.0,-0.02,6107,34199200,5674.8,2037.3
KIRLOSBROS,KIRLOSBROSEQN,1906.2,1905.8,1905.8,-0.4,-0.02,120,228696,2189.2,1335.0
FRACTAL,FRACTALEQN,846.7,846.5,846.5,-0.2,-0.02,1061,898136,1118.0,733.7
IVALUE,IVALUEEQN,286.8,286.75,286.75,-0.05,-0.02,504,144522,340.0,207.35
LGEINDIA,LGEINDIAEQN,1623.3,1623.0,1623.0,-0.3,-0.02,1318,2139114,1755.0,1304.1
RESPONIND,RESPONINDEQN,155.06,155.01,155.01,-0.05,-0.03,151,23406,240.9,117.25
ULTRACEMCO,ULTRACEMCOEQN,11570.0,11566.0,11566.0,-4.0,-0.03,133,1538278,13110.0,10325.0
JAYBARMARU,JAYBARMARUEQN,125.54,125.5,125.5,-0.04,-0.03,504,63252,207.0,74.15
ARMANFIN,ARMANFINEQN,1966.7,1966.1,1966.1,-0.6,-0.03,123,241830,2158.6,1301.0
NYKAA,NYKAAEQN,334.0,333.9,333.9,-0.1,-0.03,3260,1088514,348.0,223.3
OFSS,OFSSEQN,11724.0,11720.0,11720.0,-4.0,-0.03,465,5449800,11979.0,6234.5
VISAKAIND,VISAKAINDEQN,94.43,94.4,94.4,-0.03,-0.03,1115,105256,104.41,50.2
TEXINFRA,TEXINFRAEQN,108.03,108.0,108.0,-0.03,-0.03,50,5400,118.0,82.5
TENNIND,TENNINDEQN,576.15,575.95,575.95,-0.2,-0.03,1049,604171,657.0,438.05
KAPSTON,KAPSTONEQN,528.2,528.0,528.0,-0.2,-0.04,477,251856,600.0,158.13
OMINFRAL,OMINFRALEQN,84.13,84.1,84.1,-0.03,-0.04,78,6559,144.0,71.5
NKIND,NKINDEQN,67.62,67.59,67.59,-0.03,-0.04,4102,277254,87.78,54.54
CAPINVIT,CAPINVITIVN,76.98,76.95,76.95,-0.03,-0.04,408,31395,80.99,67.0
ZOTA,ZOTAEQN,1087.4,1087.0,1087.0,-0.4,-0.04,140,152180,1740.0,1026.2
PIRAMALFIN,PIRAMALFINEQN,2180.8,2180.0,2180.0,-0.8,-0.04,345,752100,2220.0,1260.0
LICHSGFIN,LICHSGFINEQN,497.0,496.8,496.8,-0.2,-0.04,2783,1382594,598.2,458.9
RELIGARE,RELIGAREEQN,231.6,231.5,231.5,-0.1,-0.04,201,46531,280.0,196.51
PNB,PNBEQN,116.55,116.5,116.5,-0.05,-0.04,47441,5526876,135.15,98.5
SYNGENE,SYNGENEEQN,407.25,407.1,407.1,-0.15,-0.04,1708,695326,678.95,375.25
DOLPHIN,DOLPHINEQN,645.1,644.85,644.85,-0.25,-0.04,627,404320,656.25,322.0
3BBLACKBIO,3BBLACKBIOEQN,1202.5,1202.0,1202.0,-0.5,-0.04,10,12020,1441.5,1085.0
BHADORA,BHADORASTN,120.05,120.0,120.0,-0.05,-0.04,2400,288000,128.85,49.5
KANSAINER,KANSAINEREQN,205.85,205.75,205.75,-0.1,-0.05,753,154929,264.0,157.91
JKCEMENT,JKCEMENTEQN,5250.0,5247.5,5247.5,-2.5,-0.05,54,283365,7533.5,4671.5
INDUSINDBK,INDUSINDBKEQN,1005.6,1005.1,1005.1,-0.5,-0.05,1521,1528757,1077.85,710.6
CONTROLPR,CONTROLPREQN,573.8,573.5,573.5,-0.3,-0.05,14,8029,899.0,517.0
RAILTEL,RAILTELEQN,287.25,287.1,287.1,-0.15,-0.05,2362,678130,412.9,245.0
GODREJCP,GODREJCPEQN,933.0,932.5,932.5,-0.5,-0.05,1263,1177747,1309.0,906.3
HATSUN,HATSUNEQN,984.7,984.2,984.2,-0.5,-0.05,111,109246,1179.0,855.3
BORANA,BORANAEQN,307.95,307.8,307.8,-0.15,-0.05,50,15390,420.0,211.0
CORDELIA,CORDELIAEQN,978.4,977.95,977.95,-0.45,-0.05,4242,4148463,987.9,623.1
BRIGADE,BRIGADEEQN,639.3,639.0,639.0,-0.3,-0.05,3103,1982817,802.01,450.75
ZAGGLE,ZAGGLEEQN,200.12,200.0,200.0,-0.12,-0.06,25553,5110600,413.7,154.36
KINGFA,KINGFAEQN,5813.5,5810.0,5810.0,-3.5,-0.06,6,34860,6200.0,3649.9
AVANTIFEED,AVANTIFEEDEQN,847.5,846.95,846.95,-0.55,-0.06,622,526802,1593.8,614.25
SUPRIYA,SUPRIYAEQN,805.45,805.0,805.0,-0.45,-0.06,242,194810,1085.0,545.5
INDHOTEL,INDHOTELEQN,730.0,729.55,729.55,-0.45,-0.06,4299,3136335,811.95,565.0
HYBRIDFIN,HYBRIDFINBEN,17.25,17.24,17.24,-0.01,-0.06,2,34,33.62,13.06
FUSION,FUSIONEQN,200.12,200.0,200.0,-0.12,-0.06,1351,270200,243.0,136.5
CREDITACC,CREDITACCEQN,1496.1,1495.2,1495.2,-0.9,-0.06,478,714705,1634.0,1113.0
5PAISA,5PAISAEQN,384.25,384.0,384.0,-0.25,-0.07,491,188544,416.95,245.5
KARURVYSYA,KARURVYSYAEQN,335.5,335.25,335.25,-0.25,-0.07,1669,559532,351.8,201.82
NIACL,NIACLEQN,184.13,184.0,184.0,-0.13,-0.07,1716,315744,218.0,116.97
LAOPALA,LAOPALAEQN,173.12,173.0,173.0,-0.12,-0.07,395,68335,262.0,162.1
MTNL,MTNLEQN,26.82,26.8,26.8,-0.02,-0.07,3681,98650,48.19,21.26
LIBERTSHOE,LIBERTSHOEEQN,246.75,246.55,246.55,-0.2,-0.08,36,8875,404.95,210.5
SINTERCOM,SINTERCOMEQN,79.06,79.0,79.0,-0.06,-0.08,3,237,130.0,62.99
RALLIS,RALLISEQN,212.18,212.0,212.0,-0.18,-0.08,1116,236592,385.7,207.53
TANLA,TANLAEQN,570.45,570.0,570.0,-0.45,-0.08,1154,657780,766.0,365.9
SBIN,SBINEQN,1048.7,1047.9,1047.9,-0.8,-0.08,22934,24032538,1234.7,798.5
JAINREC,JAINRECEQN,295.85,295.6,295.6,-0.25,-0.08,1477,436601,593.95,247.57
PRAMODINI,PRAMODINISTN,118.0,117.9,117.9,-0.1,-0.08,3600,424440,125.55,114.0
ANDREWYU,ANDREWYUEQN,26.08,26.06,26.06,-0.02,-0.08,316,8234,27.28,24.51
SBICARD,SBICARDEQN,649.0,648.4,648.4,-0.6,-0.09,2514,1630077,965.0,565.45
TBOTEK,TBOTEKEQN,1696.5,1695.0,1695.0,-1.5,-0.09,89,150855,1764.8,1004.2
GATEWAY,GATEWAYEQN,53.6,53.55,53.55,-0.05,-0.09,6455,345665,70.5,48.1
SRF,SRFEQN,2571.9,2569.7,2569.7,-2.2,-0.09,874,2245917,3210.0,2355.0
CASTROLIND,CASTROLINDEQN,187.77,187.6,187.6,-0.17,-0.09,4965,931434,211.4,170.1
LUPIN,LUPINEQN,2201.8,2199.8,2199.8,-2.0,-0.09,1029,2263594,2529.5,1875.0
CANTABIL,CANTABILEQN,244.81,244.6,244.6,-0.21,-0.09,56,13697,321.5,208.5
STLTECH,STLTECHBEN,627.15,626.6,626.6,-0.55,-0.09,3584,2245734,683.5,84.6
PARKHOTELS,PARKHOTELSEQN,115.61,115.5,115.5,-0.11,-0.1,175,20212,164.1,95.1
ARVINDFASN,ARVINDFASNEQN,448.35,447.9,447.9,-0.45,-0.1,302,135265,579.0,366.2
GROBTEA,GROBTEAEQN,927.0,926.0,926.0,-1.0,-0.11,1,926,1236.2,805.0
AAKASH,AAKASHEQN,8.71,8.7,8.7,-0.01,-0.11,5141,44726,13.4,7.21
LAURUSLABS,LAURUSLABSEQN,1802.0,1800.0,1800.0,-2.0,-0.11,3365,6057000,1870.8,823.1
HEG,HEGEQN,710.75,710.0,710.0,-0.75,-0.11,888,630480,749.0,459.8
SCPL,SCPLBEN,682.75,682.0,682.0,-0.75,-0.11,42,28644,690.0,190.03
JHS,JHSEQN,8.29,8.28,8.28,-0.01,-0.12,9,74,13.9,6.26
RUSTOMJEE,RUSTOMJEEEQN,371.45,371.0,371.0,-0.45,-0.12,176,65296,668.0,358.8
GLENMARK,GLENMARKEQN,2317.9,2315.1,2315.1,-2.8,-0.12,466,1078836,2474.0,1792.6
BHEL,BHELEQN,413.0,412.5,412.5,-0.5,-0.12,13041,5379412,446.5,205.12
ROTO,ROTOEQN,65.58,65.5,65.5,-0.08,-0.12,1460,95630,88.51,47.5
NUVOCO,NUVOCOEQN,322.05,321.65,321.65,-0.4,-0.12,1239,398524,477.5,276.25
DCXINDIA,DCXINDIAEQN,175.49,175.26,175.26,-0.23,-0.13,4627,810928,286.0,153.3
FILATEX,FILATEXEQN,83.06,82.95,82.95,-0.11,-0.13,2477,205467,87.27,36.26
CENTRUM,CENTRUMEQN,23.28,23.25,23.25,-0.03,-0.13,107,2487,40.0,19.66
DBCORP,DBCORPEQN,205.86,205.6,205.6,-0.26,-0.13,30,6168,287.9,184.51
DOMS,DOMSEQN,2206.3,2203.4,2203.4,-2.9,-0.13,58,127797,2770.0,2023.9
SINDHUTRAD,SINDHUTRADEQN,23.68,23.65,23.65,-0.03,-0.13,363,8584,32.74,17.64
SPORTKING,SPORTKINGEQN,213.07,212.8,212.8,-0.27,-0.13,464,98739,241.51,78.17
AFSL,AFSLEQN,201.34,201.06,201.06,-0.28,-0.14,375,75397,229.0,194.41
GILLANDERS,GILLANDERSEQN,96.13,96.0,96.0,-0.13,-0.14,1,96,131.89,76.0
ESTER,ESTEREQN,95.14,95.01,95.01,-0.13,-0.14,38,3610,132.45,68.55
GNFC,GNFCEQN,582.8,582.0,582.0,-0.8,-0.14,684,398088,619.0,365.0
HCC,HCCEQN,21.03,21.0,21.0,-0.03,-0.14,143416,3011736,28.5,13.65
UBL,UBLEQN,1348.9,1347.0,1347.0,-1.9,-0.14,207,278829,1933.0,1276.0
ANURAS,ANURASEQN,1243.7,1242.0,1242.0,-1.7,-0.14,284,352728,1415.0,1045.2
RCF,RCFEQN,118.16,118.0,118.0,-0.16,-0.14,2070,244260,164.49,106.0
GOODYEAR,GOODYEAREQN,760.05,759.0,759.0,-1.05,-0.14,5,3795,876.0,711.25
SAATVIKGL,SAATVIKGLEQN,418.95,418.35,418.35,-0.6,-0.14,344,143912,567.0,328.0
AYE,AYEEQN,170.02,169.78,169.78,-0.24,-0.14,1316,223430,197.29,88.22
NIVABUPA,NIVABUPAEQN,82.62,82.5,82.5,-0.12,-0.15,2867,236527,91.4,67.5
SMCGLOBAL,SMCGLOBALEQN,81.13,81.01,81.01,-0.12,-0.15,203,16445,94.9,54.44
ROLEXRINGS,ROLEXRINGSEQN,183.37,183.1,183.1,-0.27,-0.15,4197,768470,189.4,99.79
FEDERALBNK,FEDERALBNKEQN,361.0,360.45,360.45,-0.55,-0.15,19052,6867293,371.7,188.4
APOLLOHOSP,APOLLOHOSPEQN,8693.0,8680.0,8680.0,-13.0,-0.15,1178,10225040,9050.0,6696.5
CUMMINSIND,CUMMINSINDEQN,5107.5,5100.0,5100.0,-7.5,-0.15,718,3661800,6100.0,3777.3
ADANIPOWER,ADANIPOWEREQN,205.5,205.2,205.2,-0.3,-0.15,47239,9693442,254.2,116.7
NAUKRI,NAUKRIEQN,1350.1,1348.0,1348.0,-2.1,-0.16,1332,1795536,1437.8,908.3
SHAREINDIA,SHAREINDIAEQN,174.13,173.85,173.85,-0.28,-0.16,90,15646,211.0,115.36
DOLLAR,DOLLAREQN,273.2,272.75,272.75,-0.45,-0.16,82,22365,396.0,220.5
PARAS,PARASEQN,1499.6,1497.0,1497.0,-2.6,-0.17,7441,11139177,1585.0,580.5
RADICO,RADICOEQN,4639.8,4632.0,4632.0,-7.8,-0.17,360,1667520,4747.0,2500.0
JAMNAAUTO,JAMNAAUTOEQN,121.41,121.2,121.2,-0.21,-0.17,2479,300454,152.6,89.74
PRAJIND,PRAJINDEQN,344.35,343.75,343.75,-0.6,-0.17,1642,564437,433.0,273.0
TIRUPATIFL,TIRUPATIFLBEN,69.62,69.5,69.5,-0.12,-0.17,3313,230253,83.9,30.11
SHINDL,SHINDLEQN,165.28,165.0,165.0,-0.28,-0.17,10,1650,179.99,130.6
KRITIKA,KRITIKAEQN,5.58,5.57,5.57,-0.01,-0.18,559,3113,11.1,4.5
IXIGO,IXIGOEQN,170.3,170.0,170.0,-0.3,-0.18,2224,378080,339.15,151.27
MUTHOOTMF,MUTHOOTMFEQN,210.87,210.5,210.5,-0.37,-0.18,467,98303,262.77,141.2
PIDILITIND,PIDILITINDEQN,1649.0,1646.0,1646.0,-3.0,-0.18,665,1094590,1707.5,1259.0
IONEXCHANG,IONEXCHANGEQN,368.65,368.0,368.0,-0.65,-0.18,1407,517776,486.0,312.7
RAMRAT,RAMRATEQN,477.35,476.5,476.5,-0.85,-0.18,597,284470,520.0,268.0
ELPROINTL,ELPROINTLEQN,175.47,175.15,175.15,-0.32,-0.18,48,8407,180.89,86.0
HINDALUMI,HINDALUMIEQN,98.18,98.0,98.0,-0.18,-0.18,50,4900,107.5,96.0
GRANULES,GRANULESEQN,858.15,856.5,856.5,-1.65,-0.19,2090,1790085,910.0,454.75
BLISSGVS,BLISSGVSBEN,579.1,578.0,578.0,-1.1,-0.19,746,431188,602.45,118.0
ARROWGREEN,ARROWGREENBEN,713.15,711.75,711.75,-1.4,-0.2,186,132385,821.6,341.95
INDIGO,INDIGOEQN,5110.0,5100.0,5100.0,-10.0,-0.2,1652,8425200,6149.5,3895.2
HAL,HALEQN,5000.0,4990.0,4990.0,-10.0,-0.2,3113,15533870,5149.9,3479.1
VALIANTORG,VALIANTORGBEN,302.7,302.1,302.1,-0.6,-0.2,49,14802,397.0,195.0
THELEELA,THELEELAEQN,561.7,560.5,560.5,-1.2,-0.21,2690,1507745,564.0,384.5
SHAHALLOYS,SHAHALLOYSEQN,77.31,77.15,77.15,-0.16,-0.21,4,308,88.37,53.1
JASH,JASHEQN,472.5,471.5,471.5,-1.0,-0.21,553,260739,572.85,327.1
IKIO,IKIOEQN,191.66,191.26,191.26,-0.4,-0.21,414,79181,252.9,103.53
LALPATHLAB,LALPATHLABEQN,1894.2,1890.0,1890.0,-4.2,-0.22,603,1139670,1988.9,1272.6
BANSALWIRE,BANSALWIREEQN,322.3,321.6,321.6,-0.7,-0.22,70,22512,379.8,222.5
REDTAPE,REDTAPEEQN,122.88,122.61,122.61,-0.27,-0.22,317,38867,163.5,107.53
MOTHERSON,MOTHERSONEQN,169.38,169.0,169.0,-0.38,-0.22,18205,3076645,173.27,91.1
AWHCL,AWHCLEQN,383.85,383.0,383.0,-0.85,-0.22,603,230949,616.0,372.5
AGARWALEYE,AGARWALEYEEQN,500.2,499.05,499.05,-1.15,-0.23,425,212096,568.0,401.0
ASTRAL,ASTRALEQN,1528.5,1525.0,1525.0,-3.5,-0.23,546,832650,1768.7,1311.6
ABSLAMC,ABSLAMCEQN,1008.4,1006.1,1006.1,-2.3,-0.23,209,210274,1224.9,708.0
MIDWESTLTD,MIDWESTLTDEQN,1141.0,1138.4,1138.4,-2.6,-0.23,53,60335,1859.9,1048.5
RAJESHEXPO,RAJESHEXPOBZN,79.18,79.0,79.0,-0.18,-0.23,770,60830,237.88,72.63
METROBRAND,METROBRANDEQN,912.5,910.4,910.4,-2.1,-0.23,145,132008,1340.4,883.0
TATATECH,TATATECHEQN,820.75,818.8,818.8,-1.95,-0.24,2297,1880783,891.0,507.4
INDIGOPNTS,INDIGOPNTSEQN,1151.8,1149.0,1149.0,-2.8,-0.24,263,302187,1345.9,708.05
BHARATFORG,BHARATFORGEQN,2063.0,2058.0,2058.0,-5.0,-0.24,834,1716372,2295.0,1100.5
BIOCON,BIOCONEQN,415.55,414.55,414.55,-1.0,-0.24,2773,1149547,447.15,337.05
NBIFIN,NBIFINEQN,1964.9,1960.0,1960.0,-4.9,-0.25,3,5880,2991.0,1539.0
FLUOROCHEM,FLUOROCHEMEQN,4621.9,4610.5,4610.5,-11.4,-0.25,633,2918446,4958.9,2916.6
GULFPETRO,GULFPETROBEN,67.17,67.0,67.0,-0.17,-0.25,760,50920,69.25,23.25
BIRLACORPN,BIRLACORPNEQN,889.25,887.0,887.0,-2.25,-0.25,312,276744,1346.1,769.6
TECHM,TECHMEQN,1584.0,1580.1,1580.1,-3.9,-0.25,1993,3149139,1854.0,1304.1
PRUDENT,PRUDENTEQN,3353.5,3345.0,3345.0,-8.5,-0.25,10,33450,3455.0,2121.0
BORORENEW,BORORENEWEQN,549.4,548.0,548.0,-1.4,-0.25,762,417576,721.0,374.4
PRAKASHSTL,PRAKASHSTLEQN,3.91,3.9,3.9,-0.01,-0.26,162,631,6.57,3.83
ROUTE,ROUTEEQN,502.3,501.0,501.0,-1.3,-0.26,498,249498,907.05,410.7
PGIL,PGILEQN,2386.1,2380.0,2380.0,-6.1,-0.26,68,161840,2539.6,1178.1
GRAPHITE,GRAPHITEEQN,710.75,708.9,708.9,-1.85,-0.26,2592,1837468,802.4,505.8
HEROMOTOCO,HEROMOTOCOEQN,5735.0,5720.0,5720.0,-15.0,-0.26,561,3208920,6388.5,4671.5
CANBK,CANBKEQN,129.96,129.62,129.62,-0.34,-0.26,29239,3789959,162.89,103.55
PARADEEP,PARADEEPEQN,148.48,148.1,148.1,-0.38,-0.26,17367,2572052,232.22,99.7
UNOMINDA,UNOMINDAEQN,1265.0,1261.6,1261.6,-3.4,-0.27,386,486977,1382.0,994.0
FINEORG,FINEORGEQN,5159.9,5146.0,5146.0,-13.9,-0.27,85,437410,5407.0,3856.0
GODFRYPHLP,GODFRYPHLPEQN,2117.0,2111.0,2111.0,-6.0,-0.28,634,1338374,3947.0,1832.1
GUJALKALI,GUJALKALIEQN,684.25,682.3,682.3,-1.95,-0.28,234,159658,815.0,409.15
SHREEPUSHK,SHREEPUSHKEQN,401.15,400.0,400.0,-1.15,-0.29,136,54400,476.0,272.45
UTLSOLAR,UTLSOLAREQN,477.4,476.0,476.0,-1.4,-0.29,1580,752080,494.25,172.0
ABBOTINDIA,ABBOTINDIAEQN,26230.0,26155.0,26155.0,-75.0,-0.29,42,1098510,32900.0,25150.0
FACT,FACTEQN,783.3,781.0,781.0,-2.3,-0.29,721,563101,1058.6,652.1
SAMHI,SAMHIEQN,159.56,159.1,159.1,-0.46,-0.29,1524,242468,222.0,127.0
CENTURYPLY,CENTURYPLYEQN,762.4,760.2,760.2,-2.2,-0.29,31,23566,859.0,618.5
KANORICHEM,KANORICHEMBEN,153.89,153.45,153.45,-0.44,-0.29,16,2455,164.6,56.0
CIPLA,CIPLAEQN,1432.2,1428.0,1428.0,-4.2,-0.29,1472,2102016,1673.0,1165.7
VSTL,VSTLEQN,110.54,110.2,110.2,-0.34,-0.31,128,14105,187.24,100.8
RATNAVEER,RATNAVEEREQN,267.04,266.2,266.2,-0.84,-0.31,33695,8969609,282.98,130.5
SGFIN,SGFINEQN,687.15,685.0,685.0,-2.15,-0.31,374,256190,727.45,323.0
GREENLAM,GREENLAMEQN,253.0,252.2,252.2,-0.8,-0.32,1,252,278.63,197.59
JSWDULUX,JSWDULUXEQN,3118.8,3108.9,3108.9,-9.9,-0.32,24,74613,3745.0,2658.7
TMCV,TMCVEQN,472.55,471.05,471.05,-1.5,-0.32,13423,6322904,509.0,306.3
ARDEE,ARDEEEQN,60.2,60.01,60.01,-0.19,-0.32,47314,2839313,73.19,58.61
AFCONS,AFCONSEQN,278.9,278.0,278.0,-0.9,-0.32,983,273274,479.4,259.1
VGINFOTECH,VGINFOTECHSMN,151.0,150.5,150.5,-0.5,-0.33,2000,301000,201.8,99.5
APLLTD,APLLTDEQN,821.75,819.0,819.0,-2.75,-0.33,56,45864,998.0,635.8
ASTERDM,ASTERDMEQN,761.55,759.0,759.0,-2.55,-0.33,6924,5255316,891.3,519.1
BECTORFOOD,BECTORFOODEQN,254.83,254.0,254.0,-0.83,-0.33,3407,865378,299.0,165.0
PAR,PAREQN,101.33,101.0,101.0,-0.33,-0.33,20,2020,122.43,78.05
VISHNU,VISHNUEQN,629.25,627.1,627.1,-2.15,-0.34,75,47032,670.0,443.7
TVSMOTOR,TVSMOTOREQN,4390.0,4375.0,4375.0,-15.0,-0.34,1427,6243125,4475.0,3228.0
TVSHLTD,TVSHLTDEQN,13899.0,13851.0,13851.0,-48.0,-0.35,128,1772928,16297.0,11609.0
CHOLAFIN,CHOLAFINEQN,1862.9,1856.3,1856.3,-6.6,-0.35,673,1249289,1952.5,1299.4
TIINDIA,TIINDIAEQN,2885.8,2875.8,2875.8,-10.0,-0.35,1102,3169131,3419.9,2164.9
KSCL,KSCLEQN,760.1,757.45,757.45,-2.65,-0.35,968,733211,1225.0,705.1
MARICO,MARICOEQN,849.25,846.25,846.25,-3.0,-0.35,1033,874176,889.1,690.3
EMKAY,EMKAYEQN,239.85,239.0,239.0,-0.85,-0.35,1,239,409.9,186.0
TVSELECT,TVSELECTEQN,441.6,440.0,440.0,-1.6,-0.36,116,51040,739.35,336.2
SESHAPAPER,SESHAPAPEREQN,228.84,228.02,228.02,-0.82,-0.36,50,11401,293.11,209.96
FLEXITUFF,FLEXITUFFBEN,2.76,2.75,2.75,-0.01,-0.36,13661,37567,29.49,2.7
DIFFNKG,DIFFNKGEQN,401.45,400.0,400.0,-1.45,-0.36,372,148800,453.9,216.8
TVTODAY,TVTODAYEQN,115.43,115.0,115.0,-0.43,-0.37,76,8740,156.48,93.5
KAJARIACER,KAJARIACEREQN,1208.5,1204.0,1204.0,-4.5,-0.37,184,221536,1309.7,869.6
HGINFRA,HGINFRAEQN,511.9,510.0,510.0,-1.9,-0.37,534,272340,1049.95,429.5
HDBFS,HDBFSEQN,695.85,693.3,693.3,-2.55,-0.37,523,362595,811.8,555.3
CEATLTD,CEATLTDEQN,3563.4,3550.0,3550.0,-13.4,-0.38,251,891050,4438.0,3000.5
BHARTIHEXA,BHARTIHEXAEQN,1591.2,1585.1,1585.1,-6.1,-0.38,189,299583,1955.6,1430.0
ESCORTS,ESCORTSEQN,3086.6,3075.0,3075.0,-11.6,-0.38,219,673425,4180.0,2700.0
SIKKO,SIKKOBEN,5.33,5.31,5.31,-0.02,-0.38,6700,35577,6.83,3.2
DEEP,DEEPEQN,36.64,36.5,36.5,-0.14,-0.38,85,3102,38.9,34.5
SANDUMA,SANDUMAEQN,198.93,198.15,198.15,-0.78,-0.39,2364,468426,273.0,141.37
RELIABLE,RELIABLEEQN,138.54,138.0,138.0,-0.54,-0.39,60,8280,175.0,84.4
ACMESOLAR,ACMESOLAREQN,401.6,400.0,400.0,-1.6,-0.4,16515,6606000,411.3,195.9
TRITURBINE,TRITURBINEEQN,574.85,572.55,572.55,-2.3,-0.4,3619,2072058,787.6,428.35
EIMCOELECO,EIMCOELECOEQN,2182.9,2174.0,2174.0,-8.9,-0.41,79,171746,2380.0,1405.5
M&MFIN,M&MFINEQN,381.6,380.0,380.0,-1.6,-0.42,2129,809020,415.0,253.05
RKSWAMY,RKSWAMYEQN,95.45,95.05,95.05,-0.4,-0.42,10,950,163.89,67.15
GREENPOWER,GREENPOWEREQN,9.48,9.44,9.44,-0.04,-0.42,14471,136606,14.93,7.98
PRINCEPIPE,PRINCEPIPEEQN,283.3,282.1,282.1,-1.2,-0.42,1014,286049,358.0,205.0
AIAENG,AIAENGEQN,4348.9,4330.5,4330.5,-18.4,-0.42,164,710202,5180.0,3001.1
ANONDITA,ANONDITASMN,1054.6,1050.05,1050.05,-4.55,-0.43,400,420020,1316.0,261.75
CENTEXT,CENTEXTEQN,20.64,20.55,20.55,-0.09,-0.44,3033,62328,34.75,15.67
VIPIND,VIPINDEQN,308.35,307.0,307.0,-1.35,-0.44,133,40831,454.3,278.25
DHANUKA,DHANUKAEQN,980.3,976.0,976.0,-4.3,-0.44,21,20496,1654.4,889.6
LOKESHMACH,LOKESHMACHBEN,321.4,320.0,320.0,-1.4,-0.44,200,64000,358.25,138.96
ACCURACY,ACCURACYBEN,4.59,4.57,4.57,-0.02,-0.44,138,630,7.51,3.4
EUROPRATIK,EUROPRATIKEQN,263.15,262.0,262.0,-1.15,-0.44,372,97464,390.0,205.1
SILVERTUC,SILVERTUCEQN,185.94,185.11,185.11,-0.83,-0.45,2321,429640,216.8,66.19
DIVISLAB,DIVISLABEQN,8597.0,8558.5,8558.5,-38.5,-0.45,251,2148183,8674.0,5636.5
DBEIL,DBEILBEN,6.66,6.63,6.63,-0.03,-0.45,144,954,18.56,5.15
HGS,HGSEQN,402.25,400.4,400.4,-1.85,-0.46,105,42042,556.0,342.05
AAVAS,AAVASEQN,1355.3,1349.0,1349.0,-6.3,-0.46,558,752742,1771.9,1060.4
CARYSIL,CARYSILEQN,1155.4,1150.1,1150.1,-5.3,-0.46,369,424386,1280.9,732.1
HLVLTD,HLVLTDEQN,6.58,6.55,6.55,-0.03,-0.46,3316,21719,12.6,5.6
ZUARI,ZUARIEQN,225.04,224.0,224.0,-1.04,-0.46,1180,264320,393.55,175.1
AUROPHARMA,AUROPHARMAEQN,1621.3,1613.6,1613.6,-7.7,-0.47,2651,4277653,1682.4,1016.1
SANOFICONR,SANOFICONREQN,4222.1,4202.0,4202.0,-20.1,-0.48,49,205898,5357.0,3975.0
SHEKHAWATI,SHEKHAWATIBEN,18.6,18.51,18.51,-0.09,-0.48,15,277,25.75,9.12
GRINDWELL,GRINDWELLEQN,2059.8,2050.0,2050.0,-9.8,-0.48,19,38950,2455.0,1329.0
DCMSHRIRAM,DCMSHRIRAMEQN,1082.1,1076.9,1076.9,-5.2,-0.48,409,440452,1414.4,945.1
TALBROAUTO,TALBROAUTOEQN,413.4,411.4,411.4,-2.0,-0.48,1653,680044,451.6,219.9
ARIHANTCAP,ARIHANTCAPEQN,75.95,75.58,75.58,-0.37,-0.49,41,3098,120.0,56.97
INOXGREEN,INOXGREENEQN,178.34,177.46,177.46,-0.88,-0.49,675,119785,279.0,132.58
SBFC,SBFCEQN,93.93,93.47,93.47,-0.46,-0.49,4544,424727,123.0,79.6
AMBIKCO,AMBIKCOEQN,1677.0,1668.8,1668.8,-8.2,-0.49,5,8344,1931.0,1101.0
ALANKIT,ALANKITEQN,8.16,8.12,8.12,-0.04,-0.49,1107,8988,14.92,6.8
HOMEFIRST,HOMEFIRSTEQN,1193.7,1187.9,1187.9,-5.8,-0.49,1241,1474183,1375.0,893.7
ADROITINFO,ADROITINFOEQN,10.04,9.99,9.99,-0.05,-0.5,2,19,12.2,7.55
ROHLTD,ROHLTDEQN,302.7,301.2,301.2,-1.5,-0.5,44,13252,593.4,269.4
IFGLEXPOR,IFGLEXPOREQN,211.77,210.72,210.72,-1.05,-0.5,1,210,338.0,119.68
HONASA,HONASAEQN,481.9,479.5,479.5,-2.4,-0.5,1261,604649,509.8,248.4
ALLTIME,ALLTIMEEQN,203.02,202.0,202.0,-1.02,-0.5,600,121200,334.9,186.0
IWP,IWPEQN,34.09,33.92,33.92,-0.17,-0.5,11,373,39.15,28.0
BTML,BTMLEQN,7.86,7.82,7.82,-0.04,-0.51,409,3198,10.5,5.06
SANGHVIMOV,SANGHVIMOVEQN,479.35,476.9,476.9,-2.45,-0.51,2811,1340565,528.0,223.8
GREENPLY,GREENPLYEQN,293.5,292.0,292.0,-1.5,-0.51,500,146000,334.4,176.42
MAHESHWARI,MAHESHWARIBEN,73.38,73.0,73.0,-0.38,-0.52,20,1460,75.5,39.04
SEPC,SEPCEQN,5.79,5.76,5.76,-0.03,-0.52,183559,1057299,13.73,4.65
EDELWEISS,EDELWEISSEQN,128.68,128.0,128.0,-0.68,-0.53,33971,4348288,133.9,93.5
DIGITIDE,DIGITIDEEQN,97.01,96.5,96.5,-0.51,-0.53,149,14378,216.45,69.9
SUNDARMFIN,SUNDARMFINEQN,4534.5,4509.9,4509.9,-24.6,-0.54,15,67648,5642.0,4000.0
LANDMARK,LANDMARKEQN,504.95,502.2,502.2,-2.75,-0.54,170,85374,662.8,339.5
MUKANDLTD,MUKANDLTDEQN,137.21,136.45,136.45,-0.76,-0.55,17,2319,154.25,114.31
CARERATING,CARERATINGEQN,1674.4,1665.1,1665.1,-9.3,-0.56,797,1327084,1838.0,1392.7
KOPRAN,KOPRANBEN,196.09,195.0,195.0,-1.09,-0.56,100,19500,219.0,107.0
SHADOWFAX,SHADOWFAXEQN,255.39,253.95,253.95,-1.44,-0.56,12467,3165994,268.65,98.55
PRECWIRE,PRECWIREEQN,438.5,436.0,436.0,-2.5,-0.57,1430,623480,474.9,170.15
KOLTEPATIL,KOLTEPATILEQN,468.55,465.9,465.9,-2.65,-0.57,90,41931,554.6,292.25
KRSNAA,KRSNAAEQN,561.65,558.45,558.45,-3.2,-0.57,96,53611,894.4,515.0
FOSECOIND,FOSECOINDEQN,5346.0,5315.0,5315.0,-31.0,-0.58,2,10630,6846.0,4300.0
COFFEEDAY,COFFEEDAYBEN,29.08,28.91,28.91,-0.17,-0.58,911,26337,51.46,21.0
BANKBARODA,BANKBARODAEQN,247.0,245.55,245.55,-1.45,-0.59,39390,9672214,325.5,230.81
SOBHA,SOBHAEQN,1294.6,1286.9,1286.9,-7.7,-0.59,2059,2649727,1732.0,1130.0
ABCAPITAL,ABCAPITALEQN,413.0,410.55,410.55,-2.45,-0.59,6887,2827457,430.7,272.7
TINNARUBR,TINNARUBREQN,1034.9,1028.8,1028.8,-6.1,-0.59,966,993820,1322.0,527.45
ANANDRATHI,ANANDRATHIEQN,2188.0,2175.0,2175.0,-13.0,-0.59,1135,2468625,2230.0,1353.85
ARKADE,ARKADEEQN,130.98,130.2,130.2,-0.78,-0.6,72,9374,189.64,92.62
XELPMOC,XELPMOCEQN,76.96,76.5,76.5,-0.46,-0.6,490,37485,155.5,74.0
ORIENTALTL,ORIENTALTLEQN,5.02,4.99,4.99,-0.03,-0.6,500,2495,11.99,4.4
ANMOL,ANMOLEQN,10.02,9.96,9.96,-0.06,-0.6,263,2619,17.74,8.4
ASHIMASYN,ASHIMASYNEQN,18.46,18.35,18.35,-0.11,-0.6,9969,182931,27.59,11.5
AARTECH,AARTECHBEN,48.29,48.0,48.0,-0.29,-0.6,1339,64272,64.75,33.51
EPL,EPLEQN,265.61,264.0,264.0,-1.61,-0.61,4671,1233144,274.03,176.4
PUNJABCHEM,PUNJABCHEMEQN,1148.0,1141.0,1141.0,-7.0,-0.61,1,1141,1533.9,876.6
MIRZAINT,MIRZAINTEQN,31.3,31.11,31.11,-0.19,-0.61,6,186,44.0,24.95
CAPLIPOINT,CAPLIPOINTEQN,2560.8,2545.0,2545.0,-15.8,-0.62,3040,7736800,2699.0,1500.3
BAJAJHLDNG,BAJAJHLDNGEQN,11320.0,11250.0,11250.0,-70.0,-0.62,168,1890000,13880.0,8588.0
BAJAJFINSV,BAJAJFINSVEQN,2032.5,2020.0,2020.0,-12.5,-0.62,2877,5811540,2195.0,1597.0
ASAL,ASALEQN,500.1,497.0,497.0,-3.1,-0.62,104,51688,654.65,374.5
PTCIL,PTCILEQN,20629.0,20500.0,20500.0,-129.0,-0.63,1013,20766500,20789.0,13311.0
BBTCL,BBTCLEQN,240.11,238.6,238.6,-1.51,-0.63,110,26246,262.0,156.0
EMAMILTD,EMAMILTDEQN,402.6,400.05,400.05,-2.55,-0.63,1315,526065,634.2,376.4
KRONOX,KRONOXEQN,215.18,213.81,213.81,-1.37,-0.64,35790,7652259,223.42,96.0
BOROLTD,BOROLTDEQN,254.18,252.56,252.56,-1.62,-0.64,460,116177,397.95,213.73
EASEMYTRIP,EASEMYTRIPEQN,6.25,6.21,6.21,-0.04,-0.64,127963,794650,10.6,5.77
LEAPIND,LEAPINDEQN,162.02,160.99,160.99,-1.03,-0.64,22176,3570114,171.25,143.0
RAMAPHO,RAMAPHOEQN,121.05,120.26,120.26,-0.79,-0.65,2,240,217.19,103.5
RUBFILA,RUBFILAEQN,69.45,69.0,69.0,-0.45,-0.65,1,69,89.24,57.31
MEDPLUS,MEDPLUSEQN,689.55,685.1,685.1,-4.45,-0.65,654,448055,1022.2,648.0
ZYDUSLIFE,ZYDUSLIFEEQN,1120.0,1112.7,1112.7,-7.3,-0.65,1608,1789221,1205.0,835.5
SIS,SISEQN,417.75,415.0,415.0,-2.75,-0.66,96,39840,480.95,257.05
OMPOWER,OMPOWEREQN,163.09,162.01,162.01,-1.08,-0.66,1524,246903,206.0,158.01
NAGREEKEXP,NAGREEKEXPEQN,22.41,22.26,22.26,-0.15,-0.67,15,333,40.0,17.5
NDRAUTO,NDRAUTOEQN,756.1,751.0,751.0,-5.1,-0.67,215,161465,1186.6,605.05
EXIDEIND,EXIDEINDEQN,459.6,456.5,456.5,-3.1,-0.67,8840,4035460,496.4,287.0
MMTC,MMTCEQN,65.38,64.94,64.94,-0.44,-0.67,19015,1234834,78.35,50.1
MYSORPETRO,MYSORPETROEQN,166.11,165.0,165.0,-1.11,-0.67,1306,215490,182.03,111.0
MEDANTA,MEDANTAEQN,1409.7,1400.1,1400.1,-9.6,-0.68,390,546039,1491.0,956.0
AVG,AVGBEN,186.17,184.9,184.9,-1.27,-0.68,500,92450,256.73,113.26
PIGL,PIGLEQN,103.72,103.0,103.0,-0.72,-0.69,600,61800,189.7,88.05
EXICOM,EXICOMEQN,159.87,158.75,158.75,-1.12,-0.7,1492,236855,182.9,75.6
ORIENTCEM,ORIENTCEMEQN,131.52,130.6,130.6,-0.92,-0.7,370,48322,244.37,122.32
SANSTAR,SANSTAREQN,105.75,105.0,105.0,-0.75,-0.71,2225,233625,137.49,74.3
HESTERBIO,HESTERBIOEQN,2367.8,2351.0,2351.0,-16.8,-0.71,2,4702,2683.6,1239.3
AAATECH,AAATECHEQN,95.71,95.03,95.03,-0.68,-0.71,50,4751,136.0,76.11
KSR,KSREQN,28.2,28.0,28.0,-0.2,-0.71,5,140,39.1,14.04
GLOBECIVIL,GLOBECIVILEQN,42.0,41.7,41.7,-0.3,-0.71,100,4170,85.3,33.5
MBLINFRA,MBLINFRAEQN,23.6,23.43,23.43,-0.17,-0.72,100,2343,52.48,18.37
PHOENIXLTD,PHOENIXLTDEQN,1930.0,1916.1,1916.1,-13.9,-0.72,165,316156,2169.8,1465.6
ASMS,ASMSBEN,6.99,6.94,6.94,-0.05,-0.72,532,3692,17.6,6.88
TAKE,TAKEEQN,20.83,20.68,20.68,-0.15,-0.72,298,6162,50.14,9.9
RAJRATAN,RAJRATANEQN,501.75,498.1,498.1,-3.65,-0.73,195,97129,563.95,305.55
NESCO,NESCOEQN,1035.8,1028.1,1028.1,-7.7,-0.74,100,102810,1638.9,996.0
WSI,WSIEQN,61.02,60.55,60.55,-0.47,-0.77,32,1937,95.0,53.8
BIRLACABLE,BIRLACABLEBEN,276.64,274.49,274.49,-2.15,-0.78,761,208886,308.25,104.0
HUBTOWN,HUBTOWNEQN,194.54,193.0,193.0,-1.54,-0.79,1531,295483,365.7,168.15
STARHEALTH,STARHEALTHEQN,578.5,573.95,573.95,-4.55,-0.79,1404,805825,624.9,416.55
JTEKTINDIA,JTEKTINDIAEQN,126.1,125.1,125.1,-1.0,-0.79,4250,531675,188.5,117.01
MATRIMONY,MATRIMONYEQN,537.05,532.75,532.75,-4.3,-0.8,134,71388,573.0,364.05
PNBGILTS,PNBGILTSEQN,79.65,79.01,79.01,-0.64,-0.8,1265,99947,108.54,58.6
NSIL,NSILEQN,5587.0,5541.0,5541.0,-46.0,-0.82,1,5541,8730.0,4700.0
XCHANGING,XCHANGINGEQN,61.25,60.75,60.75,-0.5,-0.82,527,32015,103.0,47.5
SHANKARA,SHANKARAEQN,143.29,142.11,142.11,-1.18,-0.82,45,6394,1160.0,98.25
BAJFINANCE,BAJFINANCEEQN,1095.0,1086.0,1086.0,-9.0,-0.82,66700,72436200,1176.4,787.9
MAXIND,MAXINDEQN,150.1,148.86,148.86,-1.24,-0.83,145,21584,241.57,120.0
SPCL,SPCLSMN,60.5,60.0,60.0,-0.5,-0.83,600,36000,123.4,58.95
PANORAMA,PANORAMAEQN,45.93,45.55,45.55,-0.38,-0.83,37,1685,51.0,42.2
GODAVARIB,GODAVARIBEQN,244.25,242.2,242.2,-2.05,-0.84,3514,851090,353.0,227.42
SHRIRAMFIN,SHRIRAMFINEQN,1130.0,1120.5,1120.5,-9.5,-0.84,37186,41666913,1153.7,566.5
AKASH,AKASHEQN,24.97,24.76,24.76,-0.21,-0.84,2,49,36.0,22.8
POLYMED,POLYMEDEQN,1719.4,1705.0,1705.0,-14.4,-0.84,344,586520,2144.9,1182.0
GOODLUCK,GOODLUCKEQN,490.9,486.8,486.8,-4.1,-0.84,1604,780827,557.37,305.0
VAKRANGEE,VAKRANGEEEQN,5.87,5.82,5.82,-0.05,-0.85,2857,16627,9.77,4.61
UNICHEMLAB,UNICHEMLABEQN,526.15,521.6,521.6,-4.55,-0.86,344,179430,687.2,278.2
HPIL,HPILEQN,126.1,125.0,125.0,-1.1,-0.87,2,250,164.0,107.0
SUNRAKSHAK,SUNRAKSHAKEQN,378.45,375.15,375.15,-3.3,-0.87,25,9378,382.4,370.0
SIYSIL,SIYSILEQN,606.35,601.0,601.0,-5.35,-0.88,1100,661100,848.8,433.35
SURANASOL,SURANASOLEQN,25.85,25.62,25.62,-0.23,-0.89,677,17344,39.08,18.31
BHAGYANGR,BHAGYANGREQN,394.5,391.0,391.0,-3.5,-0.89,425,166175,432.3,86.0
RIIL,RIILEQN,786.1,779.0,779.0,-7.1,-0.9,1205,938695,964.9,617.35
VINATIORGA,VINATIORGAEQN,1329.4,1317.5,1317.5,-11.9,-0.9,289,380757,1849.9,1203.0
JUSTDIAL,JUSTDIALEQN,674.05,668.0,668.0,-6.05,-0.9,661,441548,878.6,480.5
MSTCLTD,MSTCLTDEQN,701.45,695.05,695.05,-6.4,-0.91,378,262728,743.9,362.15
KOTYARK,KOTYARKBEN,37.33,36.99,36.99,-0.34,-0.91,1029,38062,45.5,17.38
DREDGECORP,DREDGECORPEQN,1116.5,1106.1,1106.1,-10.4,-0.93,48,53092,1286.0,538.0
GLAXO,GLAXOEQN,2902.2,2875.1,2875.1,-27.1,-0.93,1222,3513372,3054.9,2088.1
TATACAP,TATACAPEQN,365.05,361.65,361.65,-3.4,-0.93,5251,1899024,390.2,296.0
GLOBALE,GLOBALEEQN,11.81,11.7,11.7,-0.11,-0.93,2,23,15.4,9.2
MAYURUNIQ,MAYURUNIQEQN,757.1,750.0,750.0,-7.1,-0.94,377,282750,907.0,471.2
MWL,MWLEQN,41.44,41.05,41.05,-0.39,-0.94,531,21797,43.94,18.26
WELCORP,WELCORPEQN,2311.9,2290.0,2290.0,-21.9,-0.95,19090,43716100,2348.9,710.0
KEYFINSERV,KEYFINSERVEQN,262.5,260.0,260.0,-2.5,-0.95,15,3900,382.1,220.0
MTARTECH,MTARTECHBEN,7029.5,6962.5,6962.5,-67.0,-0.95,389,2708412,8714.0,1390.5
EVEREADY,EVEREADYEQN,348.95,345.6,345.6,-3.35,-0.96,505,174528,475.2,259.65
CEWATER,CEWATEREQN,260.0,257.5,257.5,-2.5,-0.96,360,92700,579.0,235.0
CORALFINAC,CORALFINACEQN,34.53,34.2,34.2,-0.33,-0.96,13,444,50.9,25.01
RELAXO,RELAXOEQN,376.6,373.0,373.0,-3.6,-0.96,933,348009,526.0,236.5
DIVGIITTS,DIVGIITTSEQN,1217.9,1206.25,1206.25,-11.65,-0.96,1062,1281037,1318.8,573.7
MPSLTD,MPSLTDEQN,2897.9,2870.0,2870.0,-27.9,-0.96,100,287000,2979.0,1336.1
TARACHAND,TARACHANDEQN,47.97,47.51,47.51,-0.46,-0.96,1320,62713,103.67,46.01
HECPROJECT,HECPROJECTEQN,115.97,114.85,114.85,-1.12,-0.97,660,75801,165.35,92.1
ADFFOODS,ADFFOODSEQN,267.6,265.0,265.0,-2.6,-0.97,200,53000,346.95,153.1
LODHA,LODHAEQN,1242.0,1230.0,1230.0,-12.0,-0.97,3765,4630950,1344.95,650.8
MANAKALUCO,MANAKALUCOEQN,37.87,37.5,37.5,-0.37,-0.98,3915,146812,68.12,21.73
COHANCE,COHANCEEQN,463.0,458.45,458.45,-4.55,-0.98,2707,1241024,1038.9,266.7
AARNAV,AARNAVBEN,33.78,33.45,33.45,-0.33,-0.98,1,33,37.4,21.0
STALLION,STALLIONBEN,228.25,226.0,226.0,-2.25,-0.99,1622,366572,359.15,99.32
SOMICONVEY,SOMICONVEYEQN,101.17,100.15,100.15,-1.02,-1.01,1027,102854,169.4,80.16
HEXAGON,HEXAGONBEN,70.21,69.5,69.5,-0.71,-1.01,1601,111269,78.25,48.1
OCCLLTD,OCCLLTDBEN,158.63,157.01,157.01,-1.62,-1.02,300,47103,183.03,75.71
RSSOFTWARE,RSSOFTWAREEQN,30.32,30.01,30.01,-0.31,-1.02,10,300,82.0,21.93
VISHAL,VISHALEQN,18.68,18.49,18.49,-0.19,-1.02,137,2533,19.99,17.85
GEOJITFSL,GEOJITFSLEQN,80.72,79.88,79.88,-0.84,-1.04,464,37064,85.39,50.86
SRM,SRMEQN,467.85,463.0,463.0,-4.85,-1.04,721,333823,649.95,361.35
CAPITALSFB,CAPITALSFBEQN,284.7,281.75,281.75,-2.95,-1.04,106,29865,323.7,206.55
AARTISURF,AARTISURFBEN,572.95,566.95,566.95,-6.0,-1.05,63,35717,677.7,316.0
COUNCODOS,COUNCODOSBEN,6.65,6.58,6.58,-0.07,-1.05,286,1881,8.89,3.71
VARDHACRLC,VARDHACRLCBEN,44.87,44.4,44.4,-0.47,-1.05,100,4440,48.77,27.01
QUESS,QUESSEQN,335.85,332.3,332.3,-3.55,-1.06,514,170802,350.75,166.3
UNIINFO,UNIINFOEQN,11.37,11.25,11.25,-0.12,-1.06,1,11,21.78,9.36
SVPGLOB,SVPGLOBEQN,3.73,3.69,3.69,-0.04,-1.07,3350,12361,6.89,2.18
NARMADA,NARMADAEQN,13.91,13.76,13.76,-0.15,-1.08,14010,192777,22.59,9.95
SAHYADRI,SAHYADRIEQN,374.05,370.0,370.0,-4.05,-1.08,55,20350,401.1,200.1
COMFINTE,COMFINTEEQN,6.32,6.25,6.25,-0.07,-1.11,10074,62962,9.19,5.21
ASTEC,ASTECEQN,601.85,595.0,595.0,-6.85,-1.14,21,12495,941.75,513.4
NIRAJ,NIRAJEQN,27.92,27.6,27.6,-0.32,-1.15,1,27,52.0,20.15
EKC,EKCEQN,111.38,110.1,110.1,-1.28,-1.15,305,33580,154.55,90.25
VERANDA,VERANDAEQN,259.25,256.25,256.25,-3.0,-1.16,6709,1719181,272.5,130.02
CMICABLES,CMICABLESBZN,2.58,2.55,2.55,-0.03,-1.16,2,5,6.02,2.57
GPTHEALTH,GPTHEALTHEQN,150.64,148.9,148.9,-1.74,-1.16,2134,317752,175.0,115.0
JUBLCPL,JUBLCPLEQN,2227.8,2202.0,2202.0,-25.8,-1.16,6,13212,3013.4,1460.0
HCL-INSYS,HCL-INSYSEQN,11.09,10.96,10.96,-0.13,-1.17,28122,308217,16.5,9.01
AHLUCONT,AHLUCONTEQN,696.2,688.0,688.0,-8.2,-1.18,1526,1049888,1077.95,645.15
BLBLIMITED,BLBLIMITEDEQN,16.0,15.81,15.81,-0.19,-1.19,86,1359,22.47,12.0
BETA,BETAEQN,2327.7,2300.1,2300.1,-27.6,-1.19,15,34501,2807.9,990.1
STANLEY,STANLEYEQN,137.89,136.25,136.25,-1.64,-1.19,130,17712,320.45,123.0
RELINFRA,RELINFRABEN,63.16,62.4,62.4,-0.76,-1.2,4703,293467,303.0,60.04
OMAXAUTO,OMAXAUTOEQN,196.3,193.94,193.94,-2.36,-1.2,36,6981,263.4,84.5
PRABHA,PRABHAEQN,217.66,215.0,215.0,-2.66,-1.22,2177,468055,264.42,137.91
INDOCO,INDOCOEQN,226.29,223.5,223.5,-2.79,-1.23,382,85377,332.2,162.19
RKDL,RKDLEQN,18.28,18.05,18.05,-0.23,-1.26,7,126,32.48,16.3
DRAGARWQ,DRAGARWQEQN,5395.0,5327.0,5327.0,-68.0,-1.26,1,5327,6059.7,4600.0
INDBANK,INDBANKEQN,32.41,32.0,32.0,-0.41,-1.27,51,1632,47.15,28.25
DHOOTTRANS,DHOOTTRANSEQN,1478.95,1460.0,1460.0,-18.95,-1.28,10481,15302260,1523.0,1131.0
MANAKSIA,MANAKSIAEQN,58.87,58.11,58.11,-0.76,-1.29,2,116,73.55,42.1
JAIPURKURT,JAIPURKURTEQN,26.86,26.51,26.51,-0.35,-1.3,110,2916,42.74,24.4
GABRIEL,GABRIELEQN,1420.6,1402.0,1402.0,-18.6,-1.31,4203,5892606,1600.0,795.7
ZUARIIND,ZUARIINDEQN,279.3,275.65,275.65,-3.65,-1.31,74,20398,416.0,210.0
WCIL,WCILEQN,86.7,85.55,85.55,-1.15,-1.33,274,23440,147.29,77.02
AKUMS,AKUMSEQN,750.0,740.05,740.05,-9.95,-1.33,2634,1949291,775.0,409.3
GVKPIL,GVKPILBEN,2.24,2.21,2.21,-0.03,-1.34,14322,31651,4.06,2.24
SURYODAY,SURYODAYEQN,158.84,156.71,156.71,-2.13,-1.34,1797,281607,218.0,115.41
ANTGRAPHIC,ANTGRAPHICEQN,0.74,0.73,0.73,-0.01,-1.35,3936,2873,1.22,0.64
RHETAN,RHETANEQN,24.22,23.89,23.89,-0.33,-1.36,206414,4931230,34.87,20.32
MADHAVIPL,MADHAVIPLEQN,7.31,7.21,7.21,-0.1,-1.37,230,1658,9.9,6.95
AMDIND,AMDINDEQN,54.3,53.55,53.55,-0.75,-1.38,213,11406,68.07,33.77
CROWN,CROWNEQN,105.07,103.6,103.6,-1.47,-1.4,170,17612,191.0,100.62
PAVNAIND,PAVNAINDEQN,18.6,18.34,18.34,-0.26,-1.4,463,8491,46.0,14.11
SHYAMCENT,SHYAMCENTBEN,4.92,4.85,4.85,-0.07,-1.42,750,3637,9.75,3.68
KSHITIJPOL,KSHITIJPOLEQN,2.82,2.78,2.78,-0.04,-1.42,10232,28444,7.2,1.88
PARSVNATH,PARSVNATHBEN,1.39,1.37,1.37,-0.02,-1.44,10194,13965,18.75,1.39
EMUDHRA,EMUDHRAEQN,540.85,533.0,533.0,-7.85,-1.45,1638,873054,763.5,364.55
BVCL,BVCLEQN,42.13,41.51,41.51,-0.62,-1.47,250,10377,69.99,31.2
CHEMBONDCH,CHEMBONDCHBEN,284.38,280.2,280.2,-4.18,-1.47,67,18773,290.0,104.85
CPEDU,CPEDUEQN,201.2,198.2,198.2,-3.0,-1.49,426,84433,338.75,141.0
GUJRAFFIA,GUJRAFFIAEQN,41.22,40.6,40.6,-0.62,-1.5,50,2030,88.0,35.1
JBMA,JBMAEQN,673.95,663.75,663.75,-10.2,-1.51,9556,6342795,790.0,477.0
RPSGVENT,RPSGVENTEQN,866.25,853.05,853.05,-13.2,-1.52,123,104925,1179.0,551.9
ETERNAL,ETERNALEQN,328.0,323.0,323.0,-5.0,-1.52,208272,67271856,368.45,212.6
VASWANI,VASWANIEQN,46.55,45.82,45.82,-0.73,-1.57,552,25292,69.99,44.5
GMBREW,GMBREWEQN,887.25,873.0,873.0,-14.25,-1.61,1763,1539099,1328.8,666.05
ARVIND,ARVINDEQN,536.95,528.3,528.3,-8.65,-1.61,3965,2094709,600.0,274.8
RELCHEMQ,RELCHEMQEQN,112.18,110.37,110.37,-1.81,-1.61,104,11478,174.07,105.01
TRIGYN,TRIGYNEQN,54.39,53.5,53.5,-0.89,-1.64,200,10700,102.4,37.55
DIGISPICE,DIGISPICEEQN,16.99,16.71,16.71,-0.28,-1.65,1600,26736,35.5,14.82
ARENTERP,ARENTERPEQN,37.13,36.51,36.51,-0.62,-1.67,1,36,60.79,30.01
SAURASHCEM,SAURASHCEMEQN,58.22,57.25,57.25,-0.97,-1.67,487,27880,125.35,47.65
UMAEXPORTS,UMAEXPORTSBEN,23.39,23.0,23.0,-0.39,-1.67,71,1633,57.81,18.12
AXTEL,AXTELEQN,411.95,405.0,405.0,-6.95,-1.69,14,5670,424.95,400.0
VIRINCHI,VIRINCHIEQN,15.55,15.28,15.28,-0.27,-1.74,171,2612,32.69,13.81
DISAQ,DISAQEQN,11836.0,11625.0,11625.0,-211.0,-1.78,1,11625,12864.0,10851.0
TERASOFT,TERASOFTEQN,321.75,316.0,316.0,-5.75,-1.79,46,14536,598.0,285.0
BIOPOL,BIOPOLSMN,97.0,95.25,95.25,-1.75,-1.8,1200,114300,133.75,84.0
ABINFRA,ABINFRABEN,12.63,12.4,12.4,-0.23,-1.82,20354,252389,23.56,8.82
UMESLTD,UMESLTDEQN,5.46,5.36,5.36,-0.1,-1.83,26,139,7.14,3.88
NURECA,NURECABEN,306.7,301.1,301.1,-5.6,-1.83,35,10538,358.0,204.0
SATIA,SATIAEQN,58.68,57.6,57.6,-1.08,-1.84,215,12384,90.7,50.8
KRISHCA,KRISHCASMN,172.2,169.0,169.0,-3.2,-1.86,500,84500,235.9,138.0
PRISMX,PRISMXEQN,0.53,0.52,0.52,-0.01,-1.89,2561,1331,0.58,0.5
ZENITHEXPO,ZENITHEXPOEQN,205.18,201.3,201.3,-3.88,-1.89,20,4026,351.65,174.0
AIROLAM,AIROLAMEQN,89.0,87.3,87.3,-1.7,-1.91,50,4365,125.0,78.0
GTECJAINX,GTECJAINXBEN,29.98,29.4,29.4,-0.58,-1.93,1,29,38.35,15.54
SWANDEF,SWANDEFBEN,2346.4,2301.0,2301.0,-45.4,-1.93,119,273819,2750.0,390.8
PLATIND,PLATINDEQN,215.2,211.01,211.01,-4.19,-1.95,870,183578,342.4,183.5
PPAP,PPAPBEN,270.8,265.5,265.5,-5.3,-1.96,120,31860,379.5,176.0
OSWALSEEDS,OSWALSEEDSEQN,12.67,12.42,12.42,-0.25,-1.97,62,770,20.28,9.66
ABAN,ABANBEN,16.71,16.38,16.38,-0.33,-1.97,426,6977,52.14,12.89
INTENTECH,INTENTECHEQN,84.88,83.2,83.2,-1.68,-1.98,100,8320,149.9,66.3
AYMSYNTEX,AYMSYNTEXEQN,258.2,253.05,253.05,-5.15,-1.99,116,29353,281.22,141.53
21STCENMGM,21STCENMGMEQN,43.31,42.45,42.45,-0.86,-1.99,104,4414,57.98,28.25
DHATRE,DHATREEQN,4.52,4.43,4.43,-0.09,-1.99,210,930,5.02,3.67
DYNPRO,DYNPROEQN,235.0,230.3,230.3,-4.7,-2.0,50,11515,415.8,190.8
LAXMICOT,LAXMICOTEQN,13.92,13.64,13.64,-0.28,-2.01,40,545,26.98,11.7
DGCONTENT,DGCONTENTEQN,24.85,24.35,24.35,-0.5,-2.01,2,48,41.14,21.61
AMBALALSA,AMBALALSABEN,45.36,44.45,44.45,-0.91,-2.01,86,3822,49.98,30.15
RMDRIP,RMDRIPBEN,18.37,18.0,18.0,-0.37,-2.01,4141,74538,72.22,14.81
BAIDFIN,BAIDFINEQN,9.92,9.72,9.72,-0.2,-2.02,1000,9720,12.98,8.8
ARIS,ARISEQN,143.41,140.5,140.5,-2.91,-2.03,1189767,167162263,178.3,82.18
DBSTOCKBRO,DBSTOCKBROBEN,30.32,29.7,29.7,-0.62,-2.04,52,1544,48.5,23.15
DANGEE,DANGEEEQN,2.87,2.81,2.81,-0.06,-2.09,10999,30907,5.08,2.53
BUILDPRO,BUILDPROEQN,1256.4,1230.0,1230.0,-26.4,-2.1,748,920040,1380.0,636.0
CREDENT,CREDENTSTN,375.0,366.95,366.95,-8.05,-2.15,3000,1100850,380.0,358.2
ARVEE,ARVEEEQN,165.81,162.0,162.0,-3.81,-2.3,21,3402,290.78,129.11
UEL,UELEQN,181.23,177.02,177.02,-4.21,-2.32,1393,246588,284.2,92.32
RPEL,RPELEQN,1689.8,1650.1,1650.1,-39.7,-2.35,2220,3663222,1700.0,561.3
SHRJAGP,SHRJAGPEQN,692.85,676.6,676.6,-16.25,-2.35,10,6766,801.25,669.0
SGIL,SGILEQN,564.05,550.6,550.6,-13.45,-2.38,3,1651,633.25,420.0
IL&FSTRANS,IL&FSTRANSBZN,2.09,2.04,2.04,-0.05,-2.39,2650,5406,3.44,1.75
ZIMLAB,ZIMLABEQN,125.03,122.0,122.0,-3.03,-2.42,250,30500,133.9,59.31
AHLADA,AHLADAEQN,37.93,37.01,37.01,-0.92,-2.43,50,1850,72.0,31.22
BRAHMINFRA,BRAHMINFRAEQN,164.15,160.0,160.0,-4.15,-2.53,276,44160,184.0,162.0
SRIKPRIND,SRIKPRINDEQN,20.48,19.96,19.96,-0.52,-2.54,5,99,21.48,19.4
CHEMCRUX,CHEMCRUXEQN,84.34,82.15,82.15,-2.19,-2.6,25,2053,89.29,80.0
SUTLEJTEX,SUTLEJTEXBEN,38.14,37.11,37.11,-1.03,-2.7,50,1855,41.5,24.0
HPAL,HPALEQN,35.03,34.08,34.08,-0.95,-2.71,134,4566,53.0,26.52
STYLEBAAZA,STYLEBAAZAEQN,417.65,406.2,406.2,-11.45,-2.74,9965,4047783,447.1,229.95
SAMBHAAV,SAMBHAAVEQN,6.18,6.01,6.01,-0.17,-2.75,10,60,11.53,5.07
NDLVENTURE,NDLVENTUREEQN,119.04,115.7,115.7,-3.34,-2.81,78,9024,140.0,80.0
SURYALAXMI,SURYALAXMIEQN,57.32,55.7,55.7,-1.62,-2.83,14,779,69.8,43.0
TECHLABS,TECHLABSSMN,113.55,110.15,110.15,-3.4,-2.99,125,13768,660.0,105.0
AEPL,AEPLEQN,14.64,14.2,14.2,-0.44,-3.01,2865,40683,20.25,13.25
IVC,IVCEQN,8.2,7.95,7.95,-0.25,-3.05,27984,222472,9.88,6.02
THAKDEV,THAKDEVEQN,154.88,150.0,150.0,-4.88,-3.15,10,1500,163.01,115.1
ASTRON,ASTRONBZN,3.15,3.05,3.05,-0.1,-3.17,108,329,18.89,3.03
FAZE3Q,FAZE3QEQN,498.9,483.0,483.0,-15.9,-3.19,1044,504252,650.05,322.1
PANACHE,PANACHEBEN,533.15,515.7,515.7,-17.45,-3.27,154,79417,559.4,237.7
SUMIT,SUMITEQN,52.01,50.25,50.25,-1.76,-3.38,425,21356,104.0,31.74
MOS,MOSSTN,11.85,11.45,11.45,-0.4,-3.38,16000,183200,28.55,9.05
PATINTLOG,PATINTLOGBEN,13.62,13.16,13.16,-0.46,-3.38,1498,19713,16.9,8.01
SHRENIK,SHRENIKBZN,0.29,0.28,0.28,-0.01,-3.45,22481,6294,0.65,0.28
HAPPYFORGE,HAPPYFORGEEQN,2211.8,2132.8,2132.8,-79.0,-3.57,2193,4677230,2340.0,862.05
URJA,URJAEQN,9.35,9.0,9.0,-0.35,-3.74,46794,421146,14.45,8.0
LOYALTEX,LOYALTEXEQN,211.04,203.1,203.1,-7.94,-3.76,205,41635,333.99,170.04
KEN,KENSMN,40.6,39.05,39.05,-1.55,-3.82,1200,46860,54.85,29.0
FCONSUMER,FCONSUMERBZN,0.24,0.23,0.23,-0.01,-4.17,36817,8467,0.55,0.24
DIL,DILBZN,0.71,0.68,0.68,-0.03,-4.23,13350,9078,2.67,0.71
SURYALA,SURYALAEQN,398.75,381.0,381.0,-17.75,-4.45,21,8001,508.0,330.3
FMNL,FMNLEQN,8.77,8.37,8.37,-0.4,-4.56,300,2511,14.35,6.74
FELDVR,FELDVRBZN,2.39,2.28,2.28,-0.11,-4.6,6,13,3.78,2.22
YASHOPTICS,YASHOPTICSSMN,115.45,110.0,110.0,-5.45,-4.72,800,88000,153.5,97.5
TGL,TGLSTN,15.55,14.8,14.8,-0.75,-4.82,4600,68080,113.4,14.8
NAGAFERT,NAGAFERTBZN,2.26,2.15,2.15,-0.11,-4.87,9183,19743,6.54,2.26
GANGAFORGE,GANGAFORGEEQN,2.05,1.95,1.95,-0.1,-4.88,81419,158767,3.29,1.59
OSIAHYPER,OSIAHYPERBEN,2.87,2.73,2.73,-0.14,-4.88,26816,73207,33.08,2.4
MTEDUCARE,MTEDUCAREBEN,1.82,1.73,1.73,-0.09,-4.95,361,624,2.53,1.17
ORTINGLOBE,ORTINGLOBEEQN,15.89,15.1,15.1,-0.79,-4.97,482,7278,21.3,10.66
OWAIS,OWAISSTN,61.15,58.1,58.1,-3.05,-4.99,500,29050,580.0,61.15
INDOTHAI,INDOTHAIEQN,59.66,56.68,56.68,-2.98,-4.99,1432,81165,466.35,59.66
MVKAGRO,MVKAGROSMN,177.3,168.45,168.45,-8.85,-4.99,5400,909630,819.0,177.3
ONIXSOLAR,ONIXSOLAREQN,305.9,290.65,290.65,-15.25,-4.99,8923,2593469,393.95,305.9
SANGINITA,SANGINITABEN,56.42,53.6,53.6,-2.82,-5.0,189506,10157521,68.02,9.23
BURNPUR,BURNPURBEN,14.2,13.49,13.49,-0.71,-5.0,1146,15459,21.39,14.2
COMPEAU,COMPEAUEQN,353.95,336.0,336.0,-17.95,-5.07,85,28560,420.0,314.3
CEINSYS,CEINSYSEQN,758.65,710.0,710.0,-48.65,-6.41,4195,2978450,1249.9,736.35
ALUFLUOR,ALUFLUOREQN,460.45,430.0,430.0,-30.45,-6.61,1651,709930,463.5,421.0
ENKEIWHEL,ENKEIWHELEQN,414.15,385.0,385.0,-29.15,-7.04,1,385,420.0,380.0
LKPSEC,LKPSECEQN,17.0,15.7,15.7,-1.3,-7.65,12,188,18.43,15.2
HAMPTON,HAMPTONEQN,8.47,7.42,7.42,-1.05,-12.4,909,6744,8.99,7.01
