symbol,identifier,previousClose,lastPrice,iep,change,pChange,finalQuantity,totalTurnover,yearHigh,yearLow
ELANTAS,ELANTASEQN,9873.0,11299.0,11299.0,1426.0,14.44,819,9253881,10965.0,8900.0
RPTECH,RPTECHEQN,870.9,967.7,967.7,96.8,11.11,25047,24237981,900.0,275.6
SHUBHSHREE,SHUBHSHREESMN,345.0,380.0,380.0,35.0,10.14,300,114000,494.95,274.0
AASTHA,AASTHAEQN,83.72,92.09,92.09,8.37,10.0,454831,41885386,140.01,74.4
DCMFINSERV,DCMFINSERVEQN,5.26,5.78,5.78,0.52,9.89,5,28,8.55,3.7
UEL,UELEQN,202.91,220.0,220.0,17.09,8.42,4712,1036640,220.0,92.32
TSC,TSCSMN,51.95,56.3,56.3,4.35,8.37,8000,450400,79.3,25.25
TECILCHEM,TECILCHEMEQN,9.98,10.8,10.8,0.82,8.22,813,8780,22.87,8.8
MODTHREAD,MODTHREADEQN,48.05,51.89,51.89,3.84,7.99,30,1556,62.0,35.61
DEEPAKNTR,DEEPAKNTREQN,1717.7,1845.0,1845.0,127.3,7.41,43386,80047170,1904.4,1280.0
BRNL,BRNLEQN,17.45,18.72,18.72,1.27,7.28,1,18,26.5,16.66
HALDER,HALDEREQN,254.51,273.0,273.0,18.49,7.26,5,1365,294.0,210.0
MOHITIND,MOHITINDEQN,26.94,28.85,28.85,1.91,7.09,38615,1114042,40.19,18.6
DIGITIDE,DIGITIDEEQN,98.48,105.4,105.4,6.92,7.03,26000,2740400,222.25,69.9
GODIGIT,GODIGITEQN,263.3,281.6,281.6,18.3,6.95,39361,11084057,381.4,244.2
FINKURVE,FINKURVEEQN,60.01,63.8,63.8,3.79,6.32,1,63,134.9,48.02
JYOTISTRUC,JYOTISTRUCEQN,11.57,12.3,12.3,0.73,6.31,324556,3992038,17.99,7.94
NIPPOBATRY,NIPPOBATRYEQN,320.9,339.75,339.75,18.85,5.87,1319,448130,505.9,257.0
MOREPENLAB,MOREPENLABEQN,69.18,73.24,73.24,4.06,5.87,1551480,113630395,69.18,33.05
LPDC,LPDCEQN,6.32,6.68,6.68,0.36,5.7,100,668,9.46,5.23
SUPREMEINF,SUPREMEINFEQN,87.12,92.0,92.0,4.88,5.6,3067,282164,124.81,58.11
FILATFASH,FILATFASHBEN,0.18,0.19,0.19,0.01,5.56,132105,25099,0.68,0.14
ICICIGI,ICICIGIEQN,1644.8,1729.3,1729.3,84.5,5.14,29173,50448868,2064.9,1544.6
SAURASHCEM,SAURASHCEMEQN,62.32,65.5,65.5,3.18,5.1,62749,4110059,128.0,47.65
KOTYARK,KOTYARKBEN,36.63,38.46,38.46,1.83,5.0,150,5769,45.5,17.38
BIRLACABLE,BIRLACABLEBEN,224.7,235.93,235.93,11.23,5.0,5682,1340554,241.0,104.0
UFBL,UFBLEQN,735.1,771.85,771.85,36.75,5.0,5332,4115504,763.35,172.34
SMARTLINK,SMARTLINKBEN,220.94,231.98,231.98,11.04,5.0,170,39436,225.9,103.5
MTARTECH,MTARTECHBEN,6312.5,6628.0,6628.0,315.5,5.0,140665,932327620,8714.0,1390.5
CHEMCON,CHEMCONBEN,193.29,202.95,202.95,9.66,5.0,35996,7305388,295.0,125.0
ESSENTIA,ESSENTIABEN,1.2,1.26,1.26,0.06,5.0,13233,16673,2.07,0.95
MAWANASUG,MAWANASUGBEN,115.35,121.11,121.11,5.76,4.99,6014,728355,123.75,75.08
RELINFRA,RELINFRABEN,66.19,69.49,69.49,3.3,4.99,2974,206663,303.0,60.04
HALDYNGL,HALDYNGLBEN,132.57,139.19,139.19,6.62,4.99,13803,1921239,133.7,85.0
ACSTECH,ACSTECHEQN,42.22,44.32,44.32,2.1,4.97,13036,577755,47.07,31.71
AKANKSHA,AKANKSHASTN,100.65,105.65,105.65,5.0,4.97,4000,422600,111.0,57.0
ONYX,ONYXSTN,47.3,49.65,49.65,2.35,4.97,4000,198600,53.9,24.2
RAMASTEEL,RAMASTEELBEN,4.43,4.65,4.65,0.22,4.97,237163,1102807,11.58,3.43
FIBERWEB,FIBERWEBEQN,29.05,30.49,30.49,1.44,4.96,10,304,52.47,26.85
SASKEN,SASKENEQN,1997.4,2096.5,2096.5,99.1,4.96,4504,9442636,2780.2,991.0
UNIPARTS,UNIPARTSEQN,732.95,769.0,769.0,36.05,4.92,9980,7674620,757.0,335.0
ASTAR,ASTAREQN,590.0,619.0,619.0,29.0,4.92,40,24760,723.0,525.5
VINDHYATEL,VINDHYATELEQN,2336.6,2450.0,2450.0,113.4,4.85,1004,2459800,2484.9,963.9
EASTSILK,EASTSILKBEN,60.01,62.9,62.9,2.89,4.82,200,12580,99.25,24.0
ROLLT,ROLLTBEN,2.7,2.83,2.83,0.13,4.81,1842,5212,3.74,1.02
AMBAAUTO,AMBAAUTOSMN,111.55,116.9,116.9,5.35,4.8,9000,1052100,137.5,63.6
SVPGLOB,SVPGLOBBEN,3.77,3.95,3.95,0.18,4.77,2,7,6.89,2.18
SANWARIA,SANWARIABZN,0.21,0.22,0.22,0.01,4.76,4501,990,0.39,0.19
GOLDENTOBC,GOLDENTOBCBZN,24.88,26.05,26.05,1.17,4.7,34,885,37.5,20.34
SUNDRMFAST,SUNDRMFASTEQN,992.85,1039.0,1039.0,46.15,4.65,3690,3833910,1072.0,730.1
MCL,MCLEQN,55.25,57.8,57.8,2.55,4.62,402,23235,93.2,42.0
BIKEWO,BIKEWOSTN,67.9,71.0,71.0,3.1,4.57,2000,142000,67.9,13.65
TRIVENI,TRIVENIEQN,243.91,255.0,255.0,11.09,4.55,35188,8972940,490.1,220.05
TCIFINANCE,TCIFINANCEBEN,15.02,15.7,15.7,0.68,4.53,1,15,38.46,10.0
YUDIZ,YUDIZSMN,27.85,29.1,29.1,1.25,4.49,800,23280,39.3,22.15
MMWL,MMWLBEN,13.82,14.44,14.44,0.62,4.49,18,259,16.34,9.02
CAPTRUST,CAPTRUSTEQN,20.02,20.9,20.9,0.88,4.4,15241,318536,40.79,10.98
SUBEXLTD,SUBEXLTDBEN,13.49,14.08,14.08,0.59,4.37,149025,2098272,14.58,6.61
RSYSTEMS,RSYSTEMSEQN,271.6,283.4,283.4,11.8,4.34,57135,16192059,496.9,213.52
RBA,RBAEQN,84.91,88.59,88.59,3.68,4.33,741413,65681777,87.65,57.15
VCL,VCLEQN,1.17,1.22,1.22,0.05,4.27,5904,7202,2.66,0.87
CPEDU,CPEDUEQN,210.11,218.99,218.99,8.88,4.23,550,120444,338.75,141.0
VHLTD,VHLTDBEN,129.5,134.96,134.96,5.46,4.22,1,134,155.36,101.53
LANCORHOL,LANCORHOLEQN,26.34,27.45,27.45,1.11,4.21,5,137,33.8,18.12
AKI,AKIEQN,4.04,4.21,4.21,0.17,4.21,183,770,11.65,3.8
MGEL,MGELBEN,15.24,15.87,15.87,0.63,4.13,1500,23805,18.4,9.53
MTEDUCARE,MTEDUCAREBEN,1.95,2.03,2.03,0.08,4.1,147,298,2.53,1.17
TEMBO,TEMBOEQN,574.15,59.7,59.7,2.3,4.01,37530,2240541,83.7,43.35
TGL,TGLSTN,18.95,19.7,19.7,0.75,3.96,200,3940,119.8,14.8
TREJHARA,TREJHARAEQN,137.09,142.49,142.49,5.4,3.94,7047,1004127,284.85,128.4
VIVIDHA,VIVIDHAEQN,0.51,0.53,0.53,0.02,3.92,5186,2748,0.91,0.43
ENERGYDEV,ENERGYDEVEQN,16.65,17.29,17.29,0.64,3.84,120,2074,29.69,13.15
GANESHIN,GANESHINSTN,108.9,113.0,113.0,4.1,3.76,17600,1988800,279.8,66.4
ASTRON,ASTRONBEN,3.74,3.88,3.88,0.14,3.74,4,15,18.89,3.26
TOTAL,TOTALEQN,62.46,64.78,64.78,2.32,3.71,4660,301874,87.89,45.0
NILASPACES,NILASPACESEQN,12.23,12.68,12.68,0.45,3.68,554,7024,20.47,11.35
TRU,TRUEQN,4.66,4.83,4.83,0.17,3.65,350,1690,15.72,4.46
PTC,PTCEQN,183.44,190.0,190.0,6.56,3.58,499310,94868900,229.51,149.59
MANUGRAPH,MANUGRAPHBEN,15.22,15.75,15.75,0.53,3.48,500,7875,24.0,9.65
METROGLOBL,METROGLOBLEQN,132.42,137.0,137.0,4.58,3.46,6,822,159.79,110.0
SADHNANIQ,SADHNANIQBEN,2.92,3.02,3.02,0.1,3.42,466294,1408207,3.13,1.27
SRD,SRDEQN,38.68,39.99,39.99,1.31,3.39,2,79,91.0,37.0
MERCURYEV,MERCURYEVEQN,35.74,36.95,36.95,1.21,3.39,731,27010,38.49,30.16
DBOL,DBOLEQN,108.15,111.8,111.8,3.65,3.37,202,22583,130.73,69.0
AKSHOPTFBR,AKSHOPTFBRBEN,5.99,6.19,6.19,0.2,3.34,30254,187272,9.0,3.82
SUTLEJTEX,SUTLEJTEXBEN,38.12,39.39,39.39,1.27,3.33,33,1299,42.8,24.0
KARMAENG,KARMAENGEQN,38.13,39.4,39.4,1.27,3.33,25,985,73.7,34.38
JETFREIGHT,JETFREIGHTEQN,21.95,22.68,22.68,0.73,3.33,455,10319,25.95,11.9
AGARWALTUF,AGARWALTUFSMN,139.35,143.95,143.95,4.6,3.3,1200,172740,174.05,81.0
SNOWMAN,SNOWMANEQN,39.43,40.7,40.7,1.27,3.22,3075,125152,59.8,30.5
COFFEEDAY,COFFEEDAYBEN,33.63,34.7,34.7,1.07,3.18,59754,2073463,51.46,21.0
LAL,LALEQN,8.42,8.68,8.68,0.26,3.09,13,112,12.77,5.56
HCL-INSYS,HCL-INSYSEQN,11.64,12.0,12.0,0.36,3.09,5308,63696,16.5,9.01
GANESHBE,GANESHBEBEN,119.32,123.0,123.0,3.68,3.08,116,14268,129.99,68.4
ALPHAGEO,ALPHAGEOEQN,247.68,255.2,255.2,7.52,3.04,1005,256476,287.0,164.8
BIOFILCHEM,BIOFILCHEMEQN,32.9,33.9,33.9,1.0,3.04,6,203,46.34,25.6
NIACL,NIACLEQN,171.77,177.0,177.0,5.23,3.04,20797,3681069,218.0,116.97
SAMPANN,SAMPANNEQN,27.08,27.9,27.9,0.82,3.03,1,27,43.44,23.75
UNIVASTU,UNIVASTUBEN,144.68,149.0,149.0,4.32,2.99,1091,162559,146.0,56.02
PRAVEG,PRAVEGEQN,287.25,295.8,295.8,8.55,2.98,2,591,325.0,210.4
SPENCERS,SPENCERSEQN,32.2,33.15,33.15,0.95,2.95,650,21547,64.0,24.38
ABAN,ABANBEN,17.39,17.9,17.9,0.51,2.93,27816,497906,52.14,12.89
KRITIKA,KRITIKAEQN,5.93,6.1,6.1,0.17,2.87,681,4154,11.1,4.5
RELCHEMQ,RELCHEMQEQN,126.19,129.8,129.8,3.61,2.86,5,649,184.0,105.01
VERTOZ,VERTOZBEN,35.78,36.8,36.8,1.02,2.85,120,4416,97.8,27.02
BIGBLOC,BIGBLOCEQN,46.48,47.8,47.8,1.32,2.84,175,8365,80.0,38.0
SIGIND,SIGINDEQN,56.96,58.57,58.57,1.61,2.83,1302,76258,61.95,40.66
ZOTA,ZOTAEQN,1252.5,1288.0,1288.0,35.5,2.83,180,231840,1740.0,1026.2
DPSCLTD,DPSCLTDBEN,7.42,7.63,7.63,0.21,2.83,824,6287,13.31,6.95
TERASOFT,TERASOFTEQN,408.55,420.0,420.0,11.45,2.8,292,122640,598.0,282.8
EVEREADY,EVEREADYEQN,354.2,364.0,364.0,9.8,2.77,3014,1097096,475.2,259.65
RAMCOSYS,RAMCOSYSEQN,592.1,608.0,608.0,15.9,2.69,7109,4322272,967.5,342.1
RUSHIL,RUSHILEQN,18.28,18.77,18.77,0.49,2.68,3380,63442,33.99,12.49
ANTGRAPHIC,ANTGRAPHICEQN,0.75,0.77,0.77,0.02,2.67,408,314,1.25,0.64
PVSL,PVSLEQN,109.07,111.98,111.98,2.91,2.67,218,24411,163.0,82.41
RUSTOMJEE,RUSTOMJEEEQN,411.8,422.8,422.8,11.0,2.67,3648,1542374,668.0,358.8
GLOBALVECT,GLOBALVECTEQN,163.24,167.6,167.6,4.36,2.67,2,335,248.0,129.0
KDDL,KDDLEQN,3652.8,3750.0,3750.0,97.2,2.66,731,2741250,3750.8,1990.0
ARIHANT,ARIHANTEQN,1149.6,1180.0,1180.0,30.4,2.64,5,5900,1225.0,715.1
WONDERLA,WONDERLAEQN,508.85,522.0,522.0,13.15,2.58,5571,2908062,659.0,455.0
AJOONI,AJOONIEQN,3.92,4.02,4.02,0.1,2.55,992,3987,5.94,3.4
TAKE,TAKEEQN,22.39,22.96,22.96,0.57,2.55,4230,97120,50.14,8.88
BHARTIARTL,BHARTIARTLEQN,1970.1,2020.0,2020.0,49.9,2.53,390541,788892820,2174.5,1740.5
RPPINFRA,RPPINFRAEQN,59.49,60.99,60.99,1.5,2.52,585,35679,169.9,55.04
AKSHAR,AKSHAREQN,0.4,0.41,0.41,0.01,2.5,500425,205174,0.76,0.36
BLISSGVS,BLISSGVSBEN,489.75,502.0,502.0,12.25,2.5,3849,1932198,553.0,118.0
RIIT,RIITIVN,116.6,119.5,119.5,2.9,2.49,6,717,120.29,105.3
AGL,AGLEQN,13.27,13.6,13.6,0.33,2.49,13974,190046,22.0,12.03
MANYAVAR,MANYAVAREQN,485.9,497.9,497.9,12.0,2.47,41648,20736539,796.55,329.2
SFL,SFLEQN,768.05,787.0,787.0,18.95,2.47,16968,13353816,832.45,456.8
ELIN,ELINEQN,101.49,103.94,103.94,2.45,2.41,2032,211206,234.0,93.65
ASHOKAMET,ASHOKAMETEQN,14.14,14.48,14.48,0.34,2.4,101,1462,21.0,12.13
RACE,RACEEQN,111.27,113.9,113.9,2.63,2.36,44,5011,257.5,84.11
QUICKHEAL,QUICKHEALBEN,155.82,159.5,159.5,3.68,2.36,1621,258549,371.4,125.0
STLTECH,STLTECHBEN,604.45,618.6,618.6,14.15,2.34,28081,17370906,679.9,84.6
KCPSUGIND,KCPSUGINDEQN,31.37,32.1,32.1,0.73,2.33,4001,128432,36.95,21.45
JITFINFRA,JITFINFRAEQN,338.95,346.8,346.8,7.85,2.32,21,7282,478.0,222.35
OMPOWER,OMPOWEREQN,170.54,174.49,174.49,3.95,2.32,229,39958,206.0,158.4
NCLIND,NCLINDEQN,174.62,178.66,178.66,4.04,2.31,295,52704,225.0,147.5
VAISHALI,VAISHALIEQN,7.82,8.0,8.0,0.18,2.3,301,2408,13.05,4.75
KMSUGAR,KMSUGAREQN,28.84,29.5,29.5,0.66,2.29,300,8850,33.73,23.0
5PAISA,5PAISAEQN,351.0,359.0,359.0,8.0,2.28,2,718,400.0,245.5
NGLFINE,NGLFINEEQN,3258.1,3332.5,3332.5,74.4,2.28,21,69982,3448.2,1175.5
TRACXN,TRACXNEQN,30.07,30.75,30.75,0.68,2.26,500,15375,57.7,25.39
VIPCLOTHNG,VIPCLOTHNGBEN,21.51,21.99,21.99,0.48,2.23,70,1539,41.48,14.05
MITTAL,MITTALEQN,0.9,0.92,0.92,0.02,2.22,4225,3887,1.82,0.7
SPECIALITY,SPECIALITYEQN,139.46,142.55,142.55,3.09,2.22,3306,471270,154.0,82.7
DELPHIFX,DELPHIFXBEN,6.8,6.95,6.95,0.15,2.21,71,493,18.25,6.21
PNGSREVA,PNGSREVAEQN,510.95,522.2,522.2,11.25,2.2,6490,3389078,520.0,324.25
TVTODAY,TVTODAYEQN,115.67,118.2,118.2,2.53,2.19,1001,118318,156.48,93.5
VISHWARAJ,VISHWARAJEQN,5.47,5.59,5.59,0.12,2.19,791,4421,10.2,4.14
CORDSCABLE,CORDSCABLEBEN,222.18,227.0,227.0,4.82,2.17,146,33142,259.4,127.01
KRITINUT,KRITINUTEQN,81.05,82.8,82.8,1.75,2.16,53,4388,110.75,51.36
FALCONTECH,FALCONTECHSMN,11.65,11.9,11.9,0.25,2.15,7200,85680,16.08,9.93
PROZONER,PROZONEREQN,42.58,43.49,43.49,0.91,2.14,5,217,72.77,39.31
SAHYADRI,SAHYADRIEQN,321.4,328.25,328.25,6.85,2.13,50,16412,338.4,200.1
EMIL,EMILEQN,133.17,136.0,136.0,2.83,2.13,23127,3145272,168.5,84.9
AIMTRON,AIMTRONSMN,1547.2,1579.95,1579.95,32.75,2.12,1600,2527920,1555.0,632.6
RNBDENIMS,RNBDENIMSEQN,8.99,9.18,9.18,0.19,2.11,967,8877,67.67,8.95
HBSL,HBSLEQN,55.34,56.5,56.5,1.16,2.1,100,5650,108.8,42.63
CELLO,CELLOEQN,344.85,352.05,352.05,7.2,2.09,13309,4685433,673.8,336.6
FRESHARA,FRESHARASTN,371.25,379.0,379.0,7.75,2.09,600,227400,375.0,130.0
SCILAL,SCILALEQN,41.64,42.5,42.5,0.86,2.07,747,31747,55.0,34.3
ULTRAMAR,ULTRAMAREQN,389.0,397.0,397.0,8.0,2.06,301,119497,443.0,364.1
KANSAINER,KANSAINEREQN,198.92,202.99,202.99,4.07,2.05,4970,1008860,264.0,157.91
CASTROLIND,CASTROLINDEQN,187.06,190.89,190.89,3.83,2.05,420949,80354954,224.8,170.1
HAPPYFORGE,HAPPYFORGEEQN,1703.4,1737.9,1737.9,34.5,2.03,1293,2247104,1727.0,862.05
A2ZINFRA,A2ZINFRAEQN,17.24,17.59,17.59,0.35,2.03,3495,61477,22.64,12.0
LIBAS,LIBASEQN,9.9,10.1,10.1,0.2,2.02,1,10,14.3,9.02
TCC,TCCEQN,289.4,295.25,295.25,5.85,2.02,104,30706,526.4,260.45
BYKE,BYKEBEN,34.83,35.53,35.53,0.7,2.01,1,35,77.69,26.25
DJML,DJMLEQN,110.75,112.98,112.98,2.23,2.01,202,22821,124.8,52.0
RSL,RSLEQN,142.11,144.95,144.95,2.84,2.0,250,36237,147.75,101.7
APARINDS,APARINDSEQN,15433.0,15737.0,15737.0,304.0,1.97,1170,18412290,17157.0,6801.0
IGCL,IGCLEQN,75.28,76.76,76.76,1.48,1.97,2500,191900,118.99,49.46
RAJRILTD,RAJRILTDBEN,21.39,21.81,21.81,0.42,1.96,21,458,28.9,19.41
21STCENMGM,21STCENMGMEQN,41.77,42.59,42.59,0.82,1.96,100,4259,60.14,28.25
NOVAAGRI,NOVAAGRIBEN,22.99,23.44,23.44,0.45,1.96,171,4008,55.7,18.12
KKCL,KKCLEQN,534.55,545.0,545.0,10.45,1.95,418,227810,595.0,408.35
AVALON,AVALONEQN,1805.4,1840.0,1840.0,34.6,1.92,7328,13483520,1859.0,777.3
KSCL,KSCLEQN,779.7,794.7,794.7,15.0,1.92,334,265429,1225.0,705.1
HTMEDIA,HTMEDIAEQN,26.5,27.01,27.01,0.51,1.92,1650,44566,28.64,17.52
INDTERRAIN,INDTERRAINEQN,31.89,32.5,32.5,0.61,1.91,501,16282,42.62,24.56
CEINSYS,CEINSYSEQN,861.65,878.0,878.0,16.35,1.9,150,131700,1249.9,820.0
INDIGO,INDIGOEQN,5358.0,5460.0,5460.0,102.0,1.9,9343,51012780,6232.5,3895.2
TARACHAND,TARACHANDEQN,58.88,60.0,60.0,1.12,1.9,235,14100,103.67,53.0
SIKKO,SIKKOEQN,5.3,5.4,5.4,0.1,1.89,3119,16842,6.83,3.2
GOKUL,GOKULEQN,39.26,40.0,40.0,0.74,1.88,12,480,45.89,31.0
UMIYA-MRO,UMIYA-MROEQN,93.06,94.8,94.8,1.74,1.87,1,94,110.9,70.0
JMA,JMAEQN,89.33,90.99,90.99,1.66,1.86,1,90,98.0,70.25
ASHIANA,ASHIANAEQN,387.8,395.0,395.0,7.2,1.86,37,14615,435.9,269.45
DYCL,DYCLEQN,398.3,405.7,405.7,7.4,1.86,5387,2185505,520.0,236.8
SHREERAMA,SHREERAMAEQN,38.29,39.0,39.0,0.71,1.85,3,117,71.99,37.62
AMBALALSA,AMBALALSAEQN,42.7,43.49,43.49,0.79,1.85,7057,306908,43.5,30.15
KRN,KRNBEN,1196.6,1218.7,1218.7,22.1,1.85,51,62153,1405.0,589.8
ATLANTAELE,ATLANTAELEEQN,1614.0,1643.9,1643.9,29.9,1.85,230,378097,2152.6,707.6
C2C,C2CSMN,262.05,266.85,266.85,4.8,1.83,300,80055,888.0,246.6
DREAMFOLKS,DREAMFOLKSEQN,70.41,71.7,71.7,1.29,1.83,631,45242,160.0,56.0
SIMBHALS,SIMBHALSBZN,7.09,7.22,7.22,0.13,1.83,215,1552,16.09,6.47
VOEPL,VOEPLEQN,484.15,493.0,493.0,8.85,1.83,27,13311,534.45,428.65
JAIBALAJI,JAIBALAJIBEN,63.34,64.5,64.5,1.16,1.83,1166,75207,116.95,53.65
PELATRO,PELATROSMN,312.95,318.65,318.65,5.7,1.82,300,95595,440.0,246.0
VARDMNPOLY,VARDMNPOLYEQN,6.03,6.14,6.14,0.11,1.82,8034,49328,10.56,5.1
HPAL,HPALEQN,34.07,34.69,34.69,0.62,1.82,96,3330,53.0,26.52
SANOFICONR,SANOFICONREQN,4529.2,4611.2,4611.2,82.0,1.81,12,55334,5512.0,3975.0
HEXT,HEXTEQN,554.95,565.0,565.0,10.05,1.81,658,371770,829.4,400.2
NIBL,NIBLEQN,35.35,35.99,35.99,0.64,1.81,2,71,40.8,21.75
STEELCAS,STEELCASEQN,339.05,345.2,345.2,6.15,1.81,841,290313,344.0,176.02
NIBE,NIBEEQN,1383.1,1407.9,1407.9,24.8,1.79,132,185842,1848.0,809.6
TSFINV,TSFINVEQN,463.2,471.5,471.5,8.3,1.79,1022,481873,701.5,331.7
MURUDCERA,MURUDCERAEQN,30.75,31.3,31.3,0.55,1.79,1,31,47.5,25.16
KOTIC,KOTICEQN,157.16,159.98,159.98,2.82,1.79,154,24636,223.7,142.15
HINDPETRO,HINDPETROEQN,391.5,398.45,398.45,6.95,1.78,61635,24558465,508.45,316.2
TINNARUBR,TINNARUBREQN,1121.0,1140.9,1140.9,19.9,1.78,674,768966,1322.0,527.45
DCMSHRIRAM,DCMSHRIRAMEQN,1026.7,1045.0,1045.0,18.3,1.78,205,214225,1414.4,945.1
3BBLACKBIO,3BBLACKBIOEQN,1238.5,1260.5,1260.5,22.0,1.78,1,1260,1441.5,1085.0
PRABHA,PRABHAEQN,155.13,157.88,157.88,2.75,1.77,500,78940,269.9,137.91
TARSONS,TARSONSEQN,324.2,329.95,329.95,5.75,1.77,1636,539798,379.95,164.45
AARVI,AARVIEQN,156.37,159.14,159.14,2.77,1.77,140,22279,168.4,96.99
BLACKROSE,BLACKROSEBEN,113.93,115.95,115.95,2.02,1.77,298,34553,129.9,80.05
DRAGARWQ,DRAGARWQEQN,5081.0,5171.0,5171.0,90.0,1.77,13,67223,6059.7,4600.0
PIGL,PIGLEQN,110.62,112.58,112.58,1.96,1.77,1,112,189.7,88.05
TRIGYN,TRIGYNEQN,54.03,54.98,54.98,0.95,1.76,1,54,102.4,37.55
MOLDTKPAC,MOLDTKPACEQN,684.9,696.95,696.95,12.05,1.76,206,143571,870.5,464.9
IZMO,IZMOEQN,996.45,1014.0,1014.0,17.55,1.76,115,116610,1374.7,350.05
THANGAMAYL,THANGAMAYLEQN,4717.5,4800.0,4800.0,82.5,1.75,4079,19579200,7430.0,1890.0
PLATIND,PLATINDEQN,227.03,231.0,231.0,3.97,1.75,450,103950,342.4,183.5
KCP,KCPEQN,153.32,156.0,156.0,2.68,1.75,1024,159744,215.19,125.0
GANESHCP,GANESHCPEQN,175.62,178.69,178.69,3.07,1.75,227,40562,309.95,152.0
BORANA,BORANAEQN,319.0,324.55,324.55,5.55,1.74,24,7789,420.0,211.0
AIRAN,AIRANEQN,15.05,15.31,15.31,0.26,1.73,1034,15830,29.21,12.63
APTECHT,APTECHTBEN,94.07,95.7,95.7,1.63,1.73,16,1531,144.3,69.1
EFCIL,EFCILEQN,191.15,194.45,194.45,3.3,1.73,201,39084,350.0,171.55
INVPRECQ,INVPRECQBEN,1135.2,1154.8,1154.8,19.6,1.73,1,1154,1152.5,551.0
AURUS,AURUSEQN,4.62,4.7,4.7,0.08,1.73,500,2350,7.49,4.1
UNITEDTEA,UNITEDTEAEQN,471.4,479.5,479.5,8.1,1.72,3,1438,590.0,412.0
GANDHITUBE,GANDHITUBEEQN,900.3,900.55,900.55,15.25,1.72,190,171104,1031.8,649.5
RTNINDIA,RTNINDIAEQN,32.53,33.09,33.09,0.56,1.72,14148,468157,64.0,24.4
OILCOUNTUB,OILCOUNTUBBEN,57.99,58.98,58.98,0.99,1.71,169,9967,97.7,35.65
CUBEXTUB,CUBEXTUBEQN,78.53,79.87,79.87,1.34,1.71,11,878,143.69,73.1
IITL,IITLEQN,141.19,143.6,143.6,2.41,1.71,1764,253310,216.0,108.0
SOLEX,SOLEXEQN,925.75,941.55,941.55,15.8,1.71,80,75324,1985.0,795.45
MANALIPETC,MANALIPETCEQN,66.57,67.7,67.7,1.13,1.7,20,1354,77.6,39.13
DIFFNKG,DIFFNKGEQN,423.7,430.9,430.9,7.2,1.7,1059,456323,436.2,216.8
NHPC,NHPCEQN,80.5,81.86,81.86,1.36,1.69,151152,12373302,89.22,71.62
MOLDTECH,MOLDTECHEQN,151.46,154.0,154.0,2.54,1.68,585,90090,221.0,101.1
SAGARDEEP,SAGARDEEPEQN,24.58,24.99,24.99,0.41,1.67,149,3723,31.48,20.81
DAMCAPITAL,DAMCAPITALEQN,153.14,155.7,155.7,2.56,1.67,828,128919,286.0,119.22
ORIENTCER,ORIENTCEREQN,40.72,41.4,41.4,0.68,1.67,28,1159,56.64,34.0
ASAL,ASALEQN,507.3,515.75,515.75,8.45,1.67,250,128937,654.65,374.5
KALPATARU,KALPATARUEQN,285.15,289.9,289.9,4.75,1.67,325,94217,429.3,258.0
ADSL,ADSLEQN,116.86,118.8,118.8,1.94,1.66,100,11880,209.53,86.27
ZYDUSWELL,ZYDUSWELLEQN,550.2,559.35,559.35,9.15,1.66,2267,1268046,611.85,367.55
NITIRAJ,NITIRAJEQN,214.44,217.98,217.98,3.54,1.65,1,217,236.98,168.0
360ONE,360ONEEQN,1155.0,1174.0,1174.0,19.0,1.65,253,297022,1236.2,906.05
NESCO,NESCOEQN,1047.6,1064.9,1064.9,17.3,1.65,68,72413,1638.9,996.0
WSI,WSIEQN,60.01,61.0,61.0,0.99,1.65,100,6100,98.9,59.25
RAYMONDLSL,RAYMONDLSLEQN,743.8,756.0,756.0,12.2,1.64,632,477792,1350.0,677.0
AMDIND,AMDINDEQN,46.24,47.0,47.0,0.76,1.64,15,705,68.07,33.77
RHETAN,RHETANEQN,31.76,32.28,32.28,0.52,1.64,100901,3257084,33.01,20.32
NEPHROPLUS,NEPHROPLUSEQN,713.15,724.85,724.85,11.7,1.64,1083,785012,769.75,446.0
ELITECON,ELITECONEQN,18.89,19.2,19.2,0.31,1.64,48682,934694,46.4,15.3
VMARCIND,VMARCINDSMN,260.25,264.5,264.5,4.25,1.63,3000,793500,311.9,69.68
LODHA,LODHAEQN,1229.8,1249.9,1249.9,20.1,1.63,8631,10787886,1344.95,650.8
IFBAGRO,IFBAGROBEN,973.6,989.5,989.5,15.9,1.63,6,5937,1790.0,679.15
DISAQ,DISAQEQN,12470.0,12470.0,12470.0,200.0,1.63,4,49880,12864.0,10851.0
INFOBEAN,INFOBEANEQN,172.73,175.53,175.53,2.8,1.62,417,73196,257.5,116.5
LOVABLE,LOVABLEEQN,73.31,74.5,74.5,1.19,1.62,100,7450,104.7,55.0
BAJAJCON,BAJAJCONEQN,544.2,553.0,553.0,8.8,1.62,3554,1965362,692.0,220.1
JWL,JWLEQN,259.85,264.05,264.05,4.2,1.62,4053,1070194,372.85,235.65
IOC,IOCEQN,141.6,143.89,143.89,2.29,1.62,69882,10055320,188.96,130.22
NYKAA,NYKAAEQN,342.5,348.0,348.0,5.5,1.61,595385,207193980,344.9,200.14
VRLLOG,VRLLOGEQN,280.25,284.75,284.75,4.5,1.61,19413,5527851,307.6,225.0
AHLADA,AHLADAEQN,37.2,37.8,37.8,0.6,1.61,15,567,72.5,31.22
LTF,LTFEQN,317.9,323.0,323.0,5.1,1.6,21266,6868918,338.6,194.4
HARSHA,HARSHAEQN,408.1,414.65,414.65,6.55,1.6,486,201519,469.0,313.3
CSM,CSMEQN,100.38,101.99,101.99,1.61,1.6,621,63335,113.0,94.27
TTL,TTLEQN,6.28,6.38,6.38,0.1,1.59,1002,6392,13.2,6.0
COASTCORP,COASTCORPEQN,48.53,49.3,49.3,0.77,1.59,3,147,66.7,30.01
CHENNPETRO,CHENNPETROEQN,1325.7,1346.8,1346.8,21.1,1.59,10199,13736013,1354.0,620.85
BCLIND,BCLINDEQN,37.21,37.8,37.8,0.59,1.59,822,31071,45.35,25.53
MALUPAPER,MALUPAPEREQN,33.45,33.98,33.98,0.53,1.58,5,169,45.57,27.0
MANAPPURAM,MANAPPURAMEQN,356.6,362.2,362.2,5.6,1.57,31087,11259711,381.55,245.15
CALSOFT,CALSOFTBEN,21.66,22.0,22.0,0.34,1.57,500,11000,27.83,10.9
LASERPOWER,LASERPOWEREQN,287.45,291.95,291.95,4.5,1.57,10837,3163862,317.0,250.0
ZEEMEDIA,ZEEMEDIAEQN,7.05,7.16,7.16,0.11,1.56,2363,16919,13.26,6.65
PITTIENG,PITTIENGEQN,939.75,954.4,954.4,14.65,1.56,221,210922,1035.25,675.0
BHARTIHEXA,BHARTIHEXAEQN,1616.8,1642.0,1642.0,25.2,1.56,2366,3884972,1955.6,1430.0
APLLTD,APLLTDEQN,809.4,822.0,822.0,12.6,1.56,815,669930,1002.0,635.8
BLUESTONE,BLUESTONEEQN,848.75,862.0,862.0,13.25,1.56,20440,17619280,869.5,399.8
SRM,SRMEQN,509.85,517.8,517.8,7.95,1.56,395,204531,649.95,361.35
MAJESAUT,MAJESAUTEQN,482.45,490.0,490.0,7.55,1.56,165,80850,498.8,274.0
VASCONEQ,VASCONEQBEN,33.48,34.0,34.0,0.52,1.55,4291,145894,74.59,26.75
VISL,VISLEQN,35.55,36.1,36.1,0.55,1.55,408292,14739341,44.78,19.06
FMGOETZE,FMGOETZEEQN,470.35,477.6,477.6,7.25,1.54,50,23880,579.9,358.0
LAMBODHARA,LAMBODHARAEQN,113.28,115.0,115.0,1.72,1.52,48,5520,162.0,81.8
PROPSHOP,PROPSHOPSTN,59.05,59.95,59.95,0.9,1.52,4000,239800,59.3,52.45
GENUSPAPER,GENUSPAPEREQN,12.5,12.69,12.69,0.19,1.52,989,12550,20.7,8.67
DALMIASUG,DALMIASUGEQN,412.75,419.0,419.0,6.25,1.51,8945,3747955,427.0,261.4
3IINFOLTD,3IINFOLTDEQN,25.12,25.5,25.5,0.38,1.51,12090,308295,25.37,12.68
INTELLECT,INTELLECTEQN,748.7,760.0,760.0,11.3,1.51,9345,7102200,1244.6,595.2
MANINFRA,MANINFRAEQN,111.61,113.3,113.3,1.69,1.51,17132,1941055,174.3,77.12
DOLLAR,DOLLAREQN,271.1,275.2,275.2,4.1,1.51,351,96595,396.0,220.5
SHETHJI,SHETHJISTN,155.15,157.5,157.5,2.35,1.51,1000,157500,185.0,95.5
BODALCHEM,BODALCHEMBEN,72.8,73.9,73.9,1.1,1.51,305,22539,81.9,42.81
IRMENERGY,IRMENERGYEQN,272.6,276.7,276.7,4.1,1.5,82,22689,393.0,165.4
ROSSTECH,ROSSTECHEQN,1064.2,1080.2,1080.2,16.0,1.5,1099,1187139,1122.0,549.05
GPTHEALTH,GPTHEALTHEQN,162.16,164.59,164.59,2.43,1.5,1201,197672,185.0,115.0
JUNIPER,JUNIPEREQN,195.97,198.9,198.9,2.93,1.5,606,120533,312.5,188.5
ENTERO,ENTEROEQN,1231.2,1249.7,1249.7,18.5,1.5,13,16246,1390.0,944.0
IFBIND,IFBINDEQN,1369.4,1390.0,1390.0,20.6,1.5,559,777010,2019.8,883.2
SPORTKING,SPORTKINGEQN,217.51,220.77,220.77,3.26,1.5,2537,560093,241.51,78.17
ZFCVINDIA,ZFCVINDIAEQN,2555.6,2594.0,2594.0,38.4,1.5,908,2355352,3044.0,2050.33
GUJTHEM,GUJTHEMEQN,353.7,359.0,359.0,5.3,1.5,1,359,479.0,225.05
BIL,BILEQN,801.75,813.8,813.8,12.05,1.5,107,87076,980.0,602.0
ZEELEARN,ZEELEARNBEN,8.07,8.19,8.19,0.12,1.49,1531,12538,10.89,4.17
HFCL,HFCLEQN,202.78,205.8,205.8,3.02,1.49,108077,22242246,229.5,59.82
CONFIPET,CONFIPETEQN,82.08,83.3,83.3,1.22,1.49,11706,975109,84.79,28.06
INTLCONV,INTLCONVEQN,74.93,76.05,76.05,1.12,1.49,270,20533,114.54,60.0
ADVANCE,ADVANCEEQN,125.11,126.98,126.98,1.87,1.49,862,109456,154.0,84.1
SIL,SILEQN,16.9,17.15,17.15,0.25,1.48,6,102,19.99,11.7
IBULLSLTD,IBULLSLTDBEN,27.67,28.08,28.08,0.41,1.48,21342,599283,32.5,8.9
ECOSMOBLTY,ECOSMOBLTYBEN,133.52,135.5,135.5,1.98,1.48,5,677,313.0,103.94
INDOCO,INDOCOEQN,223.58,226.9,226.9,3.32,1.48,509,115492,332.2,162.19
SURAKSHA,SURAKSHAEQN,251.1,254.8,254.8,3.7,1.47,58,14778,333.0,224.1
HAVISHA,HAVISHAEQN,1.36,1.38,1.38,0.02,1.47,1522,2100,2.42,1.03
RKFORGE,RKFORGEEQN,688.7,698.8,698.8,10.1,1.47,8868,6196958,708.8,460.15
EMAMILTD,EMAMILTDEQN,391.8,397.55,397.55,5.75,1.47,2492,990694,634.2,376.4
STANLEY,STANLEYEQN,155.05,157.33,157.33,2.28,1.47,757,119098,339.35,123.0
KPL,KPLEQN,2587.0,2624.9,2624.9,37.9,1.47,45,118120,2890.3,1561.0
KAJARIACER,KAJARIACEREQN,1197.8,1215.3,1215.3,17.5,1.46,317,385250,1321.9,869.6
ANDHRSUGAR,ANDHRSUGAREQN,87.19,88.46,88.46,1.27,1.46,1815,160554,107.23,66.5
DCM,DCMBEN,82.0,83.2,83.2,1.2,1.46,1,83,105.0,55.0
KOTHARIPET,KOTHARIPETEQN,144.29,146.38,146.38,2.09,1.45,3142,459925,174.0,94.75
CMRGREEN,CMRGREENEQN,228.59,231.9,231.9,3.31,1.45,3251,753906,268.96,212.1
NAVA,NAVAEQN,571.7,580.0,580.0,8.3,1.45,286,165880,739.4,501.65
TAALTECH,TAALTECHEQN,3930.5,3987.0,3987.0,56.5,1.44,31,123597,4200.0,2616.1
JSWHL,JSWHLEQN,12175.0,12350.0,12350.0,175.0,1.44,13,160550,22790.0,10530.0
JYOTICNC,JYOTICNCEQN,847.9,860.0,860.0,12.1,1.43,4218,3627480,1055.9,580.1
AWFIS,AWFISEQN,273.05,276.95,276.95,3.9,1.43,575,159246,639.4,229.05
GVPTECH,GVPTECHEQN,6.98,7.08,7.08,0.1,1.43,575,4071,11.39,5.22
INDIAGLYCO,INDIAGLYCOEQN,1164.1,1180.8,1180.8,16.7,1.43,974,1150099,1222.0,792.5
STUDDS,STUDDSEQN,445.6,451.95,451.95,6.35,1.43,33,14914,600.0,427.55
BCPL,BCPLEQN,69.0,69.99,69.99,0.99,1.43,551,38564,92.0,60.0
ANUHPHR,ANUHPHREQN,80.39,80.01,80.01,1.12,1.42,1465,117214,96.43,67.0
BALUFORGE,BALUFORGEEQN,439.45,445.7,445.7,6.25,1.42,520,231764,697.0,341.05
RGL,RGLEQN,117.11,118.77,118.77,1.66,1.42,1003,119126,147.9,85.0
IKS,IKSEQN,1845.9,1872.0,1872.0,26.1,1.41,155,290160,1933.0,1262.0
MUTHOOTMF,MUTHOOTMFEQN,226.3,229.49,229.49,3.19,1.41,558,128055,262.77,141.2
SANGHVIMOV,SANGHVIMOVEQN,438.55,444.75,444.75,6.2,1.41,1239,551045,473.0,223.8
HEXAGON,HEXAGONBEN,66.81,67.75,67.75,0.94,1.41,1434,97153,78.25,48.1
MVGJL,MVGJLEQN,167.39,169.73,169.73,2.34,1.4,60,10183,224.0,129.1
JAGRAN,JAGRANEQN,63.02,63.9,63.9,0.88,1.4,137,8754,78.9,59.5
CENTRUM,CENTRUMEQN,23.6,23.93,23.93,0.33,1.4,1800,43074,40.49,19.66
SOTL,SOTLEQN,643.0,652.0,652.0,9.0,1.4,2388,1556976,666.6,285.8
UTLSOLAR,UTLSOLAREQN,389.55,395.0,395.0,5.45,1.4,364,143780,402.45,172.0
JSFB,JSFBEQN,573.9,581.9,581.9,8.0,1.39,415,241488,593.0,330.0
TATAINVEST,TATAINVESTEQN,677.6,687.0,687.0,9.4,1.39,3369,2314503,1184.7,538.85
IMFA,IMFAEQN,1467.3,1487.7,1487.7,20.4,1.39,5003,7442963,1679.9,700.05
INDNIPPON,INDNIPPONEQN,1183.0,1199.4,1199.4,16.4,1.39,84,100749,1278.2,675.0
VIVIMEDLAB,VIVIMEDLABBEN,5.04,5.11,5.11,0.07,1.39,1603,8191,29.4,4.93
NATHBIOGEN,NATHBIOGENEQN,164.72,167.0,167.0,2.28,1.38,100,16700,204.0,126.15
TDPOWERSYS,TDPOWERSYSEQN,1127.5,1142.0,1142.0,15.6,1.38,1569,1791798,1379.6,466.25
RELIGARE,RELIGAREEQN,256.5,260.05,260.05,3.55,1.38,1016,264210,280.0,196.51
JSWDULUX,JSWDULUXEQN,2992.6,3034.0,3034.0,41.4,1.38,164,497576,3783.0,2658.7
KOTARISUG,KOTARISUGEQN,26.34,26.7,26.7,0.36,1.37,20,534,37.68,22.5
GHCLTEXTIL,GHCLTEXTILEQN,114.24,115.8,115.8,1.56,1.37,3538,409700,124.9,65.26
DOLPHIN,DOLPHINEQN,402.4,407.9,407.9,5.5,1.37,21,8565,501.95,322.0
DBEIL,DBEILBEN,7.39,7.49,7.49,0.1,1.35,804,6021,18.56,5.15
PIXTRANS,PIXTRANSEQN,1687.3,1710.0,1710.0,22.7,1.35,8,13680,1937.9,1220.1
SHANTIGOLD,SHANTIGOLDEQN,218.05,220.99,220.99,2.94,1.35,1017,224746,274.1,155.0
HONDAPOWER,HONDAPOWEREQN,2104.3,2132.8,2132.8,28.5,1.35,8,17062,3216.0,1816.6
KSHITIJPOL,KSHITIJPOLBEN,2.96,3.0,3.0,0.04,1.35,1286,3858,7.2,1.88
VEDPOWER,VEDPOWEREQN,35.62,36.1,36.1,0.48,1.35,119059,4298029,49.88,33.06
PANACEABIO,PANACEABIOEQN,419.4,425.0,425.0,5.6,1.34,281,119425,647.0,292.4
SKYGOLD,SKYGOLDEQN,675.5,684.55,684.55,9.05,1.34,2491,1705214,700.0,246.05
CONCORDBIO,CONCORDBIOEQN,1420.0,1439.0,1439.0,19.0,1.34,291,418749,1801.9,987.0
MANAKSIA,MANAKSIAEQN,56.74,57.5,57.5,0.76,1.34,1,57,77.39,42.1
ROSSELLIND,ROSSELLINDEQN,58.22,59.0,59.0,0.78,1.34,10,590,71.31,40.0
BAJAJHIND,BAJAJHINDEQN,18.06,18.3,18.3,0.24,1.33,30073,550335,23.65,14.85
STYRENIX,STYRENIXEQN,2488.6,2521.6,2521.6,33.0,1.33,2560,6455296,2931.6,1780.0
BANG,BANGEQN,30.1,30.5,30.5,0.4,1.33,5,152,62.07,25.84
IGL,IGLEQN,153.93,155.98,155.98,2.05,1.33,4219,658079,223.5,141.74
UDS,UDSEQN,203.83,205.51,205.51,2.68,1.32,181,37197,294.9,125.1
RAYMONDREL,RAYMONDRELEQN,672.7,681.6,681.6,8.9,1.32,4051,2761161,734.9,349.0
MMP,MMPEQN,301.05,305.0,305.0,3.95,1.31,122,37210,319.98,185.2
JASH,JASHEQN,495.0,501.5,501.5,6.5,1.31,48,24072,578.7,327.1
POLICYBZR,POLICYBZREQN,1597.0,1618.0,1618.0,21.0,1.31,1670,2702060,1974.0,1364.0
CGRAPHICS,CGRAPHICSSMN,145.0,146.9,146.9,1.9,1.31,800,117520,259.0,122.0
BIRLAPREC,BIRLAPRECEQN,34.48,34.93,34.93,0.45,1.31,50,1746,49.99,32.25
ORKLAINDIA,ORKLAINDIAEQN,579.4,587.0,587.0,7.6,1.31,755,443185,760.0,533.25
MAHAPEXLTD,MAHAPEXLTDEQN,45.41,46.0,46.0,0.59,1.3,100,4600,75.64,37.32
GFLLIMITED,GFLLIMITEDEQN,48.37,49.0,49.0,0.63,1.3,46,2254,81.0,37.25
ONIDA,ONIDABEN,38.4,38.9,38.9,0.5,1.3,1502,58427,49.23,15.25
IFGLEXPOR,IFGLEXPOREQN,217.08,219.9,219.9,2.82,1.3,54,11874,338.0,119.68
APLAPOLLO,APLAPOLLOEQN,1920.0,1945.0,1945.0,25.0,1.3,1759,3421255,2301.4,1549.0
WORTHPERI,WORTHPERIEQN,152.98,154.97,154.97,1.99,1.3,9,1394,169.37,109.0
ABINFRA,ABINFRAEQN,10.02,10.15,10.15,0.13,1.3,523,5308,23.56,8.82
SPARC,SPARCEQN,207.27,209.95,209.95,2.68,1.29,5239,1099928,289.0,108.0
ANUP,ANUPEQN,2189.5,2217.7,2217.7,28.2,1.29,63,139715,2700.0,1422.3
ETHOSLTD,ETHOSLTDEQN,2853.2,2890.0,2890.0,36.8,1.29,1212,3502680,3245.9,1919.4
SUMMITSEC,SUMMITSECEQN,1540.1,1559.8,1559.8,19.7,1.28,195,304161,2495.0,1312.0
RELAXO,RELAXOEQN,406.6,411.8,411.8,5.2,1.28,478,196840,526.0,236.5
RAMKY,RAMKYEQN,389.6,394.6,394.6,5.0,1.28,2,789,705.0,367.0
WPIL,WPILEQN,446.1,451.8,451.8,5.7,1.28,25,11295,510.35,383.55
NDL,NDLEQN,2.37,2.4,2.4,0.03,1.27,909,2181,3.75,1.8
USHAMART,USHAMARTEQN,503.6,510.0,510.0,6.4,1.27,4673,2383230,527.5,333.6
BSE,BSEEQN,3618.0,3664.1,3664.1,46.1,1.27,53164,194798212,4446.8,2021.5
NEXTMEDIA,NEXTMEDIAEQN,3.94,3.99,3.99,0.05,1.27,3,11,8.48,3.42
ONMOBILE,ONMOBILEBEN,69.9,70.79,70.79,0.89,1.27,1429,101158,84.0,40.21
DECNGOLD,DECNGOLDEQN,199.45,201.99,201.99,2.54,1.27,5693,1149929,235.0,114.8
HINDZINC,HINDZINCEQN,562.9,570.0,570.0,7.1,1.26,36529,20821530,733.0,413.85
INDIASHLTR,INDIASHLTREQN,732.45,741.7,741.7,9.25,1.26,10,7417,975.0,653.2
JUBLFOOD,JUBLFOODEQN,465.0,470.8,470.8,5.8,1.25,7691,3620922,670.45,408.55
TRANSWORLD,TRANSWORLDBEN,159.02,161.0,161.0,1.98,1.25,3,483,287.58,111.56
INDOFARM,INDOFARMEQN,157.65,159.6,159.6,1.95,1.24,103,16438,271.69,110.7
RITCO,RITCOEQN,310.6,314.45,314.45,3.85,1.24,644,202505,318.0,167.1
ONGC,ONGCEQN,242.0,245.0,245.0,3.0,1.24,451603,110642735,307.5,227.65
CHOLAHLDNG,CHOLAHLDNGEQN,1545.9,1565.0,1565.0,19.1,1.24,238,372470,2064.0,1305.0
VMART,VMARTEQN,775.35,785.0,785.0,9.65,1.24,660,518100,888.0,457.9
SRTL,SRTLEQN,40.39,40.89,40.89,0.5,1.24,401,16396,73.36,38.7
PAGEIND,PAGEINDEQN,39750.0,40240.0,40240.0,490.0,1.23,45,1810800,47310.0,29805.0
APOLLOPIPE,APOLLOPIPEEQN,527.35,533.85,533.85,6.5,1.23,1807,964666,554.0,252.1
RISHABH,RISHABHEQN,653.0,661.0,661.0,8.0,1.23,493,325873,692.8,278.0
SESHAPAPER,SESHAPAPEREQN,227.99,230.8,230.8,2.81,1.23,25,5770,293.11,209.96
GANDHAR,GANDHAREQN,236.1,239.0,239.0,2.9,1.23,11599,2772161,303.17,115.0
NETWEB,NETWEBEQN,4762.2,4820.7,4820.7,58.5,1.23,9789,47189832,5244.0,2037.3
HLEGLAS,HLEGLASEQN,422.95,428.15,428.15,5.2,1.23,473,202514,661.95,250.0
CRAFTSMAN,CRAFTSMANEQN,10175.0,10300.0,10300.0,125.0,1.23,87,896100,10400.0,6255.0
BORORENEW,BORORENEWEQN,559.05,565.9,565.9,6.85,1.23,1161,657009,721.0,374.4
EUROBOND,EUROBONDEQN,163.9,165.9,165.9,2.0,1.22,4,663,254.5,126.3
AYMSYNTEX,AYMSYNTEXEQN,256.25,259.35,259.35,3.1,1.21,12,3112,281.22,141.53
HDIL,HDILBZN,1.65,1.67,1.67,0.02,1.21,115,192,3.36,1.61
DLF,DLFEQN,643.4,651.15,651.15,7.75,1.2,5629,3665323,798.8,489.4
RENUKA,RENUKAEQN,22.41,22.68,22.68,0.27,1.2,14284,323961,33.5,21.05
GICRE,GICREEQN,359.7,364.0,364.0,4.3,1.2,3349,1219036,417.95,346.7
HINDCOMPOS,HINDCOMPOSEQN,425.8,430.9,430.9,5.1,1.2,1,430,550.0,347.1
MONARCH,MONARCHEQN,394.25,399.0,399.0,4.75,1.2,508,202692,403.8,235.45
EMKAY,EMKAYEQN,247.05,250.0,250.0,2.95,1.19,209,52250,409.9,186.0
MAHSCOOTER,MAHSCOOTEREQN,13833.0,13997.0,13997.0,164.0,1.19,12,167964,18538.0,10901.0
BBOX,BBOXEQN,750.05,759.0,759.0,8.95,1.19,443,336237,1103.0,435.05
CARERATING,CARERATINGEQN,1729.4,1749.9,1749.9,20.5,1.19,53,92744,1838.0,1392.7
SUMICHEM,SUMICHEMEQN,511.9,518.0,518.0,6.1,1.19,675,349650,665.0,362.6
RPGLIFE,RPGLIFEEQN,2745.7,2778.3,2778.3,32.6,1.19,43,119466,3082.0,1733.0
NEULANDLAB,NEULANDLABEQN,19273.0,19500.0,19500.0,227.0,1.18,187,3646500,20089.0,11500.0
TMCV,TMCVEQN,446.75,452.0,452.0,5.25,1.18,23915,10809580,509.0,306.3
POWERINDIA,POWERINDIAEQN,32005.0,32380.0,32380.0,375.0,1.17,164,5310320,38785.0,16111.0
SIGNATURE,SIGNATUREEQN,818.35,827.9,827.9,9.55,1.17,167,138259,1161.0,705.2
INDIAMART,INDIAMARTEQN,1774.8,1795.6,1795.6,20.8,1.17,330,592548,2685.0,1730.0
SUVIDHAA,SUVIDHAAEQN,2.59,2.62,2.62,0.03,1.16,1476,3867,4.75,2.21
RANASUG,RANASUGEQN,12.95,13.1,13.1,0.15,1.16,130,1703,15.69,10.21
VAKRANGEE,VAKRANGEEEQN,6.03,6.1,6.1,0.07,1.16,14561,88822,9.77,4.61
ADANIGREEN,ADANIGREENEQN,1384.0,1400.0,1400.0,16.0,1.16,4558,6381200,1631.5,765.0
CPPLUS,CPPLUSEQN,3499.2,3539.8,3539.8,40.6,1.16,371,1313265,3866.0,1015.0
SYMPHONY,SYMPHONYEQN,672.3,680.0,680.0,7.7,1.15,641,435880,1078.1,656.0
JMFINANCIL,JMFINANCILEQN,123.58,125.0,125.0,1.42,1.15,30137,3767125,199.8,112.0
JINDALPOLY,JINDALPOLYEQN,624.8,632.0,632.0,7.2,1.15,72,45504,1026.45,365.0
AVANTIFEED,AVANTIFEEDEQN,893.4,903.7,903.7,10.3,1.15,314,283761,1593.8,614.25
NECCLTD,NECCLTDBEN,15.72,15.9,15.9,0.18,1.15,10,159,24.01,10.55
CONSOFINVT,CONSOFINVTBEN,304.4,307.9,307.9,3.5,1.15,100,30790,306.0,152.0
BATLIBOI,BATLIBOIEQN,84.02,84.99,84.99,0.97,1.15,200,16998,97.45,71.21
AMBUJACEM,AMBUJACEMEQN,436.05,441.0,441.0,4.95,1.14,5281,2328921,615.0,394.0
PAYTM,PAYTMEQN,1400.0,1416.0,1416.0,16.0,1.14,10206,14451696,1437.6,930.6
DATAMATICS,DATAMATICSEQN,840.35,849.9,849.9,9.55,1.14,540,458946,1120.0,632.0
ICICIAMC,ICICIAMCEQN,3063.8,3098.8,3098.8,35.0,1.14,291,901750,3611.0,2530.0
BAGFILMS,BAGFILMSEQN,4.44,4.49,4.49,0.05,1.13,1002,4498,8.0,3.61
MARINE,MARINEEQN,300.6,304.0,304.0,3.4,1.13,3581,1088624,306.0,150.86
ORCHPHARMA,ORCHPHARMAEQN,1006.4,1017.8,1017.8,11.4,1.13,160,162848,1119.8,480.0
MAMATA,MAMATAEQN,414.4,419.1,419.1,4.7,1.13,430,180213,515.0,297.0
AVADHSUGAR,AVADHSUGAREQN,615.05,622.0,622.0,6.95,1.13,7101,4416822,645.9,306.05
RMC,RMCEQN,331.05,334.8,334.8,3.75,1.13,1615,540702,530.0,245.4
CREDITACC,CREDITACCEQN,1557.6,1575.0,1575.0,17.4,1.12,814,1282050,1634.0,1113.0
ASHOKLEY,ASHOKLEYEQN,172.08,174.0,174.0,1.92,1.12,43551,7577874,215.42,114.96
GODREJCP,GODREJCPEQN,1058.2,1070.0,1070.0,11.8,1.12,1795,1920650,1309.0,967.05
WALCHANNAG,WALCHANNAGEQN,233.88,236.5,236.5,2.62,1.12,1500,354750,315.8,131.15
JKTYRE,JKTYREEQN,410.4,415.0,415.0,4.6,1.12,7425,3081375,611.9,311.0
PIDILITIND,PIDILITINDEQN,1620.0,1638.0,1638.0,18.0,1.11,13436,22008168,1659.0,1259.0
SHREEDHAR,SHREEDHARSMN,121.65,123.0,123.0,1.35,1.11,2000,246000,121.65,54.4
ACUTAAS,ACUTAASEQN,3224.3,3260.0,3260.0,35.7,1.11,616,2008160,3740.0,1261.2
FERMENTA,FERMENTAEQN,547.05,549.35,549.35,6.05,1.11,1431,786119,551.0,248.85
INDGN,INDGNEQN,553.75,559.9,559.9,6.15,1.11,2466,1380713,596.8,414.0
ROLEXRINGS,ROLEXRINGSEQN,141.34,142.9,142.9,1.56,1.1,5759,822961,176.0,99.79
INVENTURE,INVENTUREEQN,0.91,0.92,0.92,0.01,1.1,8195,7539,1.72,0.81
UNICHEMLAB,UNICHEMLABEQN,500.3,505.8,505.8,5.5,1.1,67,33888,687.2,278.2
HDBFS,HDBFSEQN,678.55,686.0,686.0,7.45,1.1,614,421204,811.8,555.3
CERA,CERAEQN,6301.0,6370.0,6370.0,69.0,1.1,25,159250,6740.0,4461.1
PLASTIBLEN,PLASTIBLENEQN,188.44,190.5,190.5,2.06,1.09,1,190,216.29,121.01
LAXMIDENTL,LAXMIDENTLEQN,218.23,220.6,220.6,2.37,1.09,27,5956,428.95,155.88
DHANBANK,DHANBANKEQN,32.15,32.5,32.5,0.35,1.09,708,23010,36.85,19.45
INDBANK,INDBANKEQN,32.25,32.6,32.6,0.35,1.09,12,391,47.15,28.25
GODREJPROP,GODREJPROPEQN,2033.6,2055.7,2055.7,22.1,1.09,2972,6109540,2352.0,1434.0
SHAREINDIA,SHAREINDIAEQN,176.08,178.0,178.0,1.92,1.09,1315,234070,211.0,115.36
SCANSTL,SCANSTLBEN,62.42,63.1,63.1,0.68,1.09,134,8455,65.2,31.35
ABCOTS,ABCOTSEQN,200.81,203.0,203.0,2.19,1.09,1,203,504.0,196.81
TVSSCS,TVSSCSEQN,135.54,137.0,137.0,1.46,1.08,1808,247696,146.5,90.32
DHANUKA,DHANUKAEQN,1008.1,1019.0,1019.0,10.9,1.08,90,91710,1665.0,889.6
GVT&D,GVT&DEQN,4333.2,4380.0,4380.0,46.8,1.08,1432,6272160,5650.0,2523.2
M&M,M&MEQN,3433.0,3470.0,3470.0,37.0,1.08,23954,83120380,3839.9,2896.0
ABSLAMC,ABSLAMCEQN,995.6,1006.4,1006.4,10.8,1.08,1161,1168430,1224.9,708.0
LGHL,LGHLEQN,201.82,204.0,204.0,2.18,1.08,7,1428,399.58,198.0
BPCL,BPCLEQN,324.0,327.5,327.5,3.5,1.08,35742,11705505,391.65,266.6
INDIANHUME,INDIANHUMEEQN,396.8,401.1,401.1,4.3,1.08,255,102280,432.0,279.8
ADANIENSOL,ADANIENSOLEQN,1646.0,1663.8,1663.8,17.8,1.08,4118,6851528,1789.0,744.9
MIDHANI,MIDHANIEQN,412.6,417.05,417.05,4.45,1.08,5170,2156148,454.8,266.65
SHREYANIND,SHREYANINDEQN,140.85,140.85,140.85,1.5,1.08,37,5211,247.22,122.0
BLUSPRING,BLUSPRINGEQN,111.48,112.68,112.68,1.2,1.08,100,11268,131.82,43.98
LOTUSDEV,LOTUSDEVEQN,193.65,195.75,195.75,2.1,1.08,3828,749331,218.49,102.2
TIGERLOGS,TIGERLOGSBEN,26.81,27.1,27.1,0.29,1.08,10,271,56.69,22.9
RHFL,RHFLBZN,1.86,1.88,1.88,0.02,1.08,6594,12396,5.51,1.82
FIEMIND,FIEMINDEQN,2324.5,2349.4,2349.4,24.9,1.07,81,190301,2555.3,1794.0
INDIGOPNTS,INDIGOPNTSEQN,1089.2,1100.8,1100.8,11.6,1.07,531,584524,1345.9,708.05
CIEINDIA,CIEINDIAEQN,410.6,415.0,415.0,4.4,1.07,350,145250,526.0,381.1
PCBL,PCBLEQN,322.55,326.0,326.0,3.45,1.07,2553,832278,425.95,226.5
PSPPROJECT,PSPPROJECTEQN,934.7,944.7,944.7,10.0,1.07,255,240898,1143.0,569.2
NATIONALUM,NATIONALUMEQN,377.0,381.0,381.0,4.0,1.06,28366,10807446,445.15,179.93
KIRLOSENG,KIRLOSENGEQN,2273.9,2298.0,2298.0,24.1,1.06,1709,3927282,2720.0,855.8
NDRAUTO,NDRAUTOEQN,819.85,828.5,828.5,8.65,1.06,10,8285,1186.6,605.05
VAIBHAVGBL,VAIBHAVGBLEQN,270.1,272.95,272.95,2.85,1.06,20422,5574184,293.25,174.13
NLCINDIA,NLCINDIAEQN,300.7,303.9,303.9,3.2,1.06,10686,3247475,387.8,222.0
INNOVACAP,INNOVACAPEQN,941.95,951.95,951.95,10.0,1.06,1,951,1034.85,622.0
SINGERIND,SINGERINDEQN,65.3,65.99,65.99,0.69,1.06,2,131,80.0,57.15
GMMPFAUDLR,GMMPFAUDLREQN,847.7,856.65,856.65,8.95,1.06,537,460021,1410.0,735.0
GESHIP,GESHIPEQN,1434.9,1450.0,1450.0,15.1,1.05,7470,10831500,1798.0,914.7
MOTILALOFS,MOTILALOFSEQN,861.0,870.0,870.0,9.0,1.05,619,538530,1097.1,614.9
BANSALWIRE,BANSALWIREEQN,314.7,318.0,318.0,3.3,1.05,999,317682,394.3,222.5
PASHUPATI,PASHUPATIEQN,84.61,85.5,85.5,0.89,1.05,664,56772,118.35,66.4
ACE,ACEEQN,1098.6,1110.0,1110.0,11.4,1.04,1758,1951380,1170.0,745.1
GEOJITFSL,GEOJITFSLEQN,78.17,78.98,78.98,0.81,1.04,957,75583,85.39,50.86
OMAXE,OMAXEEQN,87.6,88.5,88.5,0.9,1.03,159,14071,101.0,62.5
SANSERA,SANSERAEQN,3508.7,3544.7,3544.7,36.0,1.03,592,2098462,3550.0,1216.3
RATEGAIN,RATEGAINEQN,970.7,980.7,980.7,10.0,1.03,367,359916,997.25,417.6
INOXINDIA,INOXINDIAEQN,1901.4,1920.9,1920.9,19.5,1.03,331,635817,2119.8,1065.0
SUBROS,SUBROSEQN,826.45,835.0,835.0,8.55,1.03,396,330660,1213.7,622.1
BANKBARODA,BANKBARODAEQN,245.0,247.5,247.5,2.5,1.02,16238,4018905,325.5,230.81
SUZLON,SUZLONEQN,48.01,48.5,48.5,0.49,1.02,191529,9289156,66.81,38.19
DCMSRIND,DCMSRINDEQN,44.15,44.6,44.6,0.45,1.02,76,3389,181.9,31.9
SHARDAMOTR,SHARDAMOTREQN,887.95,897.0,897.0,9.05,1.02,107,95979,1189.9,700.0
OSIAHYPER,OSIAHYPERBEN,2.94,2.97,2.97,0.03,1.02,42,124,33.08,2.83
SAMBHV,SAMBHVEQN,124.73,126.0,126.0,1.27,1.02,9466,1192716,141.32,81.42
BHAGERIA,BHAGERIABEN,212.24,214.4,214.4,2.16,1.02,100,21440,244.6,127.51
AAKASH,AAKASHEQN,8.95,9.04,9.04,0.09,1.01,1047,9464,13.4,7.21
TIINDIA,TIINDIAEQN,2744.3,2772.0,2772.0,27.7,1.01,323,895356,3419.9,2164.9
IGPL,IGPLEQN,503.9,509.0,509.0,5.1,1.01,476,242284,512.05,315.0
DMCC,DMCCEQN,281.65,284.5,284.5,2.85,1.01,193,54908,350.0,191.35
SILVERTUC,SILVERTUCEQN,193.54,195.5,195.5,1.96,1.01,2091,408790,216.8,66.19
NOCIL,NOCILEQN,170.99,172.71,172.71,1.72,1.01,3869,668214,204.5,125.31
ATHERENERG,ATHERENERGEQN,1450.4,1465.0,1465.0,14.6,1.01,28568,41852120,1500.0,349.35
ELLEN,ELLENEQN,282.15,285.0,285.0,2.85,1.01,841,239685,600.15,175.0
OSWALPUMPS,OSWALPUMPSEQN,325.7,329.0,329.0,3.3,1.01,1026,337554,888.4,283.1
VIKRAMSOLR,VIKRAMSOLREQN,180.04,181.85,181.85,1.81,1.01,2002,364063,407.95,162.1
HBESD,HBESDEQN,74.25,75.0,75.0,0.75,1.01,6,450,95.9,61.05
SURAJEST,SURAJESTEQN,200.14,202.15,202.15,2.01,1.0,40,8086,349.35,171.3
SHAH,SHAHEQN,4.01,4.05,4.05,0.04,1.0,797,3227,5.82,3.07
KIRLOSIND,KIRLOSINDEQN,3945.4,3985.0,3985.0,39.6,1.0,8,31880,4574.8,2463.0
DELTACORP,DELTACORPEQN,63.75,64.39,64.39,0.64,1.0,1778,114485,98.8,48.3
MINDACORP,MINDACORPEQN,722.2,729.45,729.45,7.25,1.0,252,183821,735.9,445.05
GREAVESCOT,GREAVESCOTEQN,200.0,202.0,202.0,2.0,1.0,18412,3719224,271.9,119.99
JISLJALEQS,JISLJALEQSEQN,30.92,31.23,31.23,0.31,1.0,11677,364672,59.0,27.1
NEOGEN,NEOGENEQN,2083.2,2104.0,2104.0,20.8,1.0,114,239856,2374.0,966.7
MPHASIS,MPHASISEQN,2380.0,2403.8,2403.8,23.8,1.0,263,632199,3037.2,2013.0
VISHNU,VISHNUEQN,594.05,600.0,600.0,5.95,1.0,225,135000,670.0,443.7
SGFIN,SGFINEQN,705.9,712.9,712.9,7.0,0.99,405,288724,723.6,323.0
SUNTECK,SUNTECKEQN,302.85,305.85,305.85,3.0,0.99,425,129986,473.0,270.75
TEXRAIL,TEXRAILEQN,108.76,109.84,109.84,1.08,0.99,5713,627515,153.0,78.05
GATEWAY,GATEWAYEQN,59.7,60.29,60.29,0.59,0.99,5263,317306,70.5,48.1
CCL,CCLEQN,1122.0,1133.1,1133.1,11.1,0.99,712,806767,1242.2,815.5
XTGLOBAL,XTGLOBALEQN,33.17,33.5,33.5,0.33,0.99,70,2345,46.25,25.2
STALLION,STALLIONEQN,268.55,271.2,271.2,2.65,0.99,8401,2278351,359.15,94.78
AEROENTER,AEROENTEREQN,132.67,133.99,133.99,1.32,0.99,3346,448330,149.55,62.2
ELGIRUBCO,ELGIRUBCOEQN,58.48,59.06,59.06,0.58,0.99,81,4783,90.5,32.72
LEMERITE,LEMERITEEQN,23.12,23.35,23.35,0.23,0.99,25,583,107.57,19.52
HARIOMPIPE,HARIOMPIPEEQN,404.95,408.95,408.95,4.0,0.99,767,313664,572.2,268.05
TARMAT,TARMATEQN,49.9,50.39,50.39,0.49,0.98,2,100,73.9,46.26
HEADSUP,HEADSUPEQN,7.17,7.24,7.24,0.07,0.98,40,289,12.95,5.69
JINDALPHOT,JINDALPHOTEQN,1066.5,1077.0,1077.0,10.5,0.98,1,1077,1616.6,796.0
ORISSAMINE,ORISSAMINEEQN,4307.8,4350.0,4350.0,42.2,0.98,30,130500,6138.9,3100.5
MOKSH,MOKSHEQN,10.29,10.39,10.39,0.1,0.97,14,145,16.65,8.11
PRIMESECU,PRIMESECUEQN,283.25,286.0,286.0,2.75,0.97,1611,460746,325.0,244.5
TRITURBINE,TRITURBINEEQN,618.8,624.8,624.8,6.0,0.97,610,381128,787.6,428.35
ASTRAZEN,ASTRAZENEQN,8210.5,8290.0,8290.0,79.5,0.97,7,58030,9849.5,7551.5
GNFC,GNFCEQN,519.75,524.8,524.8,5.05,0.97,2239,1175027,616.0,365.0
PRECWIRE,PRECWIREEQN,381.2,384.9,384.9,3.7,0.97,1311,504603,467.5,168.51
ACCELYA,ACCELYAEQN,1139.0,1150.0,1150.0,11.0,0.97,11,12650,1527.0,1012.4
VENUSREM,VENUSREMBEN,1552.9,1568.0,1568.0,15.1,0.97,12,18816,2044.3,424.0
PICCADIL,PICCADILEQN,784.5,792.1,792.1,7.6,0.97,743,588530,805.5,515.0
SHREEPUSHK,SHREEPUSHKEQN,421.95,426.0,426.0,4.05,0.96,164,69864,476.0,272.45
SHRIRAMFIN,SHRIRAMFINEQN,1087.3,1097.7,1097.7,10.4,0.96,28691,31494110,1108.0,566.5
LINCOLN,LINCOLNEQN,593.3,599.0,599.0,5.7,0.96,155,92845,770.0,440.0
JAYSREETEA,JAYSREETEAEQN,88.16,89.01,89.01,0.85,0.96,535,47620,115.2,70.55
UNIECOM,UNIECOMEQN,86.12,86.95,86.95,0.83,0.96,1039,90341,155.8,78.51
ALKYLAMINE,ALKYLAMINEEQN,1921.2,1939.7,1939.7,18.5,0.96,8847,17160525,2340.1,1212.0
SMSPHARMA,SMSPHARMAEQN,363.5,367.0,367.0,3.5,0.96,201,73767,447.8,207.99
CONCOR,CONCOREQN,515.0,519.95,519.95,4.95,0.96,421,218898,583.25,421.45
ARVSMART,ARVSMARTEQN,604.2,610.0,610.0,5.8,0.96,80,48800,669.0,486.8
KUSUMGAR,KUSUMGAREQN,622.05,628.0,628.0,5.95,0.96,2708,1700624,643.8,548.0
TARIL,TARILEQN,294.2,297.0,297.0,2.8,0.95,5945,1765665,578.5,224.05
PASUPTAC,PASUPTACBEN,61.12,61.7,61.7,0.58,0.95,50,3085,78.95,40.1
NMDC,NMDCEQN,84.2,85.0,85.0,0.8,0.95,61647,5239995,97.49,68.19
BIOCON,BIOCONEQN,422.0,426.0,426.0,4.0,0.95,3795,1616670,447.15,331.0
EXCELSOFT,EXCELSOFTEQN,81.72,82.5,82.5,0.78,0.95,909,74992,142.59,66.4
UNITECH,UNITECHEQN,4.23,4.27,4.27,0.04,0.95,2607,11131,7.93,3.1
CSBBANK,CSBBANKEQN,329.9,333.0,333.0,3.1,0.94,1040,346320,574.4,317.35
PRESTIGE,PRESTIGEEQN,1595.0,1610.0,1610.0,15.0,0.94,1114,1793540,1805.2,1090.0
TASTYBITE,TASTYBITEEQN,9461.0,9550.0,9550.0,89.0,0.94,16,152800,11958.0,6430.0
MANKIND,MANKINDEQN,2438.0,2461.0,2461.0,23.0,0.94,762,1875282,2674.0,1909.7
METROPOLIS,METROPOLISEQN,584.5,590.0,590.0,5.5,0.94,3600,2124000,609.05,412.25
GOLDIAM,GOLDIAMEQN,361.1,364.5,364.5,3.4,0.94,733,267178,393.65,198.75
EPIGRAL,EPIGRALEQN,1100.7,1111.0,1111.0,10.3,0.94,58,64438,1951.8,807.0
ARE&M,ARE&MEQN,921.0,929.7,929.7,8.7,0.94,1184,1100764,1057.85,670.0
KENNAMET,KENNAMETEQN,3000.7,3029.0,3029.0,28.3,0.94,16,48464,3400.3,2405.2
CAPILLARY,CAPILLARYEQN,534.95,540.0,540.0,5.05,0.94,12209,6592860,798.95,464.25
MADRASFERT,MADRASFERTEQN,66.87,67.5,67.5,0.63,0.94,98,6615,96.39,52.56
ASHAPURMIN,ASHAPURMINEQN,719.3,726.0,726.0,6.7,0.93,2370,1720620,924.9,455.1
POWERMECH,POWERMECHEQN,2615.8,2640.0,2640.0,24.2,0.93,219,578160,3260.0,1717.7
BIRLAMONEY,BIRLAMONEYEQN,133.74,134.98,134.98,1.24,0.93,109,14712,197.39,95.0
SANDUMA,SANDUMAEQN,210.98,212.95,212.95,1.97,0.93,1325,282158,273.0,141.37
POONAWALLA,POONAWALLAEQN,469.65,474.0,474.0,4.35,0.93,6167,2923158,570.4,361.2
ESTER,ESTEREQN,87.2,88.0,88.0,0.8,0.92,46,4048,132.45,68.55
GARFIBRES,GARFIBRESEQN,774.6,781.7,781.7,7.1,0.92,1107,865341,904.0,579.75
AJANTPHARM,AJANTPHARMEQN,3525.1,3525.1,3525.1,32.0,0.92,372,1311337,3598.8,2329.9
HCC,HCCEQN,21.84,22.04,22.04,0.2,0.92,79487,1751893,28.5,13.65
NPST,NPSTEQN,1521.2,1535.0,1535.0,13.8,0.91,3,4605,2388.3,846.6
SCHNEIDER,SCHNEIDEREQN,1333.9,1346.0,1346.0,12.1,0.91,197,265162,1548.0,571.85
LIKHITHA,LIKHITHAEQN,221.97,224.0,224.0,2.03,0.91,102,22848,277.2,131.45
PGEL,PGELEQN,612.0,617.55,617.55,5.55,0.91,7125,4400043,797.6,436.55
BRIGHOTEL,BRIGHOTELEQN,61.8,62.36,62.36,0.56,0.91,168,10476,91.77,54.36
SAREGAMA,SAREGAMAEQN,542.55,547.5,547.5,4.95,0.91,4296,2352060,547.5,307.05
XTRANET,XTRANETBEN,127.94,129.1,129.1,1.16,0.91,10125,1307137,136.9,122.5
CLEANMAX,CLEANMAXEQN,1326.7,1338.8,1338.8,12.1,0.91,208,278470,1536.0,727.1
AEGISLOG,AEGISLOGEQN,1357.9,1370.2,1370.2,12.3,0.91,1766,2419773,1434.5,576.1
CMPDI,CMPDIEQN,247.05,249.3,249.3,2.25,0.91,6839,1704962,283.69,150.16
SJVN,SJVNEQN,69.0,69.62,69.62,0.62,0.9,18801,1308925,101.45,63.02
NURECA,NURECAEQN,326.05,329.0,329.0,2.95,0.9,1,329,347.45,204.0
VIKASECO,VIKASECOEQN,1.11,1.12,1.12,0.01,0.9,150880,168985,2.26,0.99
KRYSTAL,KRYSTALEQN,600.55,605.95,605.95,5.4,0.9,110,66654,729.5,500.0
TEGA,TEGAEQN,1579.8,1594.0,1594.0,14.2,0.9,17,27098,2125.0,1473.0
GOKULAGRO,GOKULAGROEQN,231.12,233.2,233.2,2.08,0.9,1116,260251,249.92,142.5
PATELRMART,PATELRMARTEQN,225.47,227.5,227.5,2.03,0.9,1,227,305.0,150.25
ENRIN,ENRINEQN,3310.3,3340.0,3340.0,29.7,0.9,287,958580,3968.0,2115.0
CGPOWER,CGPOWEREQN,880.05,888.0,888.0,7.95,0.9,29331,26045928,980.9,525.5
RUBICON,RUBICONEQN,1516.4,1530.0,1530.0,13.6,0.9,809,1237770,1589.7,570.75
LUMAXIND,LUMAXINDEQN,5704.5,5755.0,5755.0,50.5,0.89,130,748150,6934.5,3272.0
LAOPALA,LAOPALAEQN,190.31,192.0,192.0,1.69,0.89,1007,193344,278.3,162.1
SOMANYCERA,SOMANYCERAEQN,509.3,511.8,511.8,4.5,0.89,11,5629,552.45,332.0
TNPL,TNPLEQN,153.56,154.93,154.93,1.37,0.89,57,8831,179.9,121.51
AVL,AVLEQN,634.4,640.0,640.0,5.6,0.88,239,152960,705.0,379.0
DRCSYSTEMS,DRCSYSTEMSEQN,13.57,13.69,13.69,0.12,0.88,160,2190,23.68,11.5
RAMCOIND,RAMCOINDEQN,327.95,330.85,330.85,2.9,0.88,97,32092,398.05,230.65
SHYAMMETL,SHYAMMETLEQN,1019.8,1028.8,1028.8,9.0,0.88,179,184155,1090.0,746.0
LT,LTEQN,3990.0,4025.0,4025.0,35.0,0.88,10227,41163675,4440.0,3288.1
RAJRATAN,RAJRATANEQN,540.05,544.8,544.8,4.75,0.88,1083,590018,553.0,305.55
AVTNPL,AVTNPLEQN,70.83,71.45,71.45,0.62,0.88,2,142,83.8,53.5
ASAHIINDIA,ASAHIINDIAEQN,898.0,905.9,905.9,7.9,0.88,180,163062,1074.0,775.1
TECHM,TECHMEQN,1648.5,1663.0,1663.0,14.5,0.88,11568,19237584,1854.0,1304.1
KAMOPAINTS,KAMOPAINTSEQN,4.56,4.6,4.6,0.04,0.88,551,2534,10.76,3.6
MIRZAINT,MIRZAINTEQN,34.2,34.5,34.5,0.3,0.88,9,310,44.0,24.95
BHARATCOAL,BHARATCOALEQN,34.2,34.5,34.5,0.3,0.88,54585,1883182,45.09,29.74
SHARDACROP,SHARDACROPEQN,840.65,848.0,848.0,7.35,0.87,525,445200,1297.0,755.55
MUTHOOTFIN,MUTHOOTFINEQN,2870.0,2894.9,2894.9,24.9,0.87,2036,5894016,4149.5,2476.6
MEDPLUS,MEDPLUSEQN,684.05,690.0,690.0,5.95,0.87,167,115230,1022.2,653.0
UTIAMC,UTIAMCEQN,909.1,917.0,917.0,7.9,0.87,103,94451,1418.0,876.0
SOLARWORLD,SOLARWORLDEQN,169.72,171.2,171.2,1.48,0.87,614,105116,388.5,139.19
RIIL,RIILEQN,745.0,751.5,751.5,6.5,0.87,96,72144,964.9,617.35
TVSMOTOR,TVSMOTOREQN,4360.0,4398.0,4398.0,38.0,0.87,7387,32488026,4392.8,2882.6
GRWRHITECH,GRWRHITECHEQN,7326.0,7390.0,7390.0,64.0,0.87,159,1175010,7366.5,2681.0
VENKEYS,VENKEYSEQN,1595.2,1609.0,1609.0,13.8,0.87,158,254222,1800.0,1165.0
AEQUS,AEQUSEQN,230.79,232.8,232.8,2.01,0.87,5258,1224062,274.39,113.3
GCSL,GCSLEQN,508.15,512.55,512.55,4.4,0.87,100,51255,538.7,213.15
JUSTDIAL,JUSTDIALEQN,703.75,709.9,709.9,6.15,0.87,1819,1291308,878.6,480.5
SIEMENS,SIEMENSEQN,4000.5,4035.0,4035.0,34.5,0.86,3060,12347100,4073.8,2826.0
JKCEMENT,JKCEMENTEQN,5492.5,5539.5,5539.5,47.0,0.86,113,625963,7565.5,4671.5
AFIL,AFILEQN,9.27,9.35,9.35,0.08,0.86,2543,23777,11.1,3.92
ZENTEC,ZENTECEQN,1683.4,1697.9,1697.9,14.5,0.86,585,993271,2024.0,1223.0
RITES,RITESEQN,216.14,218.0,218.0,1.86,0.86,1885,410930,280.9,175.0
STCINDIA,STCINDIAEQN,119.27,120.3,120.3,1.03,0.86,4,481,150.7,97.04
GODREJIND,GODREJINDEQN,1308.8,1320.0,1320.0,11.2,0.86,167,220440,1443.0,744.2
SPCENET,SPCENETEQN,3.47,3.5,3.5,0.03,0.86,917,3209,11.24,3.0
MAHLIFE,MAHLIFEEQN,397.55,400.95,400.95,3.4,0.86,136,54529,427.05,286.8
VAML,VAMLEQN,467.6,463.55,463.55,3.95,0.86,50236,23286897,537.0,423.15
TRANSRAILL,TRANSRAILLEQN,495.8,500.0,500.0,4.2,0.85,2260,1130000,855.8,450.05
TIPSMUSIC,TIPSMUSICEQN,669.3,675.0,675.0,5.7,0.85,1259,849825,741.0,481.15
PRECAM,PRECAMEQN,142.94,144.15,144.15,1.21,0.85,623,89805,262.0,103.98
ELECON,ELECONEQN,429.55,433.2,433.2,3.65,0.85,1138,492981,634.9,352.0
BRIGADE,BRIGADEEQN,580.2,583.1,583.1,4.9,0.85,603,351609,802.01,450.75
MANINDS,MANINDSEQN,542.7,547.3,547.3,4.6,0.85,135,73885,623.7,302.05
CYIENT,CYIENTEQN,867.6,875.0,875.0,7.4,0.85,378,330750,1284.7,750.3
ALLCARGO,ALLCARGOEQN,8.21,8.28,8.28,0.07,0.85,18222,150878,36.55,7.11
HPL,HPLEQN,335.65,338.5,338.5,2.85,0.85,662,224087,607.45,255.55
KRISHANA,KRISHANAEQN,181.28,182.8,182.8,1.52,0.84,837,153003,193.9,86.2
COLPAL,COLPALEQN,2010.0,2026.9,2026.9,16.9,0.84,446,903997,2504.0,1782.0
AJMERA,AJMERAEQN,122.97,124.0,124.0,1.03,0.84,2146,266104,221.4,98.03
TFCILTD,TFCILTDEQN,109.48,110.4,110.4,0.92,0.84,70892,7826476,109.9,51.0
IEX,IEXEQN,129.2,130.29,130.29,1.09,0.84,14194,1849336,160.27,114.6
KPIGREEN,KPIGREENEQN,382.2,385.4,385.4,3.2,0.84,426,164180,552.0,335.65
CGCL,CGCLEQN,228.68,230.6,230.6,1.92,0.84,3293,759365,264.53,151.1
JAYAGROGN,JAYAGROGNEQN,222.64,224.5,224.5,1.86,0.84,5,1122,271.1,147.26
CUPID,CUPIDEQN,237.99,240.0,240.0,2.01,0.84,159434,38264160,239.99,30.21
ALOKINDS,ALOKINDSEQN,11.96,12.06,12.06,0.1,0.84,28366,342093,19.34,11.11
RAJOOENG,RAJOOENGBEN,51.47,51.9,51.9,0.43,0.84,5143,266921,109.5,46.0
ARIS,ARISEQN,130.51,131.6,131.6,1.09,0.84,3092,406907,178.3,82.18
ACMESOLAR,ACMESOLAREQN,381.65,384.8,384.8,3.15,0.83,6418,2469646,398.65,195.9
SPAL,SPALEQN,1032.4,1041.0,1041.0,8.6,0.83,360,374760,1221.9,600.0
KALAMANDIR,KALAMANDIREQN,88.26,88.99,88.99,0.73,0.83,388,34528,223.03,86.2
XPROINDIA,XPROINDIAEQN,1178.2,1188.0,1188.0,9.8,0.83,106,125928,1574.8,788.05
SHILPAMED,SHILPAMEDEQN,644.65,650.0,650.0,5.35,0.83,2365,1537250,655.75,259.5
HINDALCO,HINDALCOEQN,1020.0,1028.5,1028.5,8.5,0.83,27768,28559388,1176.0,657.5
SUNDARMFIN,SUNDARMFINEQN,4779.3,4818.9,4818.9,39.6,0.83,65,313228,5642.0,4000.0
IREDA,IREDAEQN,120.35,121.35,121.35,1.0,0.83,17091,2073992,163.35,108.65
COSMOFIRST,COSMOFIRSTEQN,922.35,930.0,930.0,7.65,0.83,287,266910,1137.4,560.8
GULFOILLUB,GULFOILLUBEQN,1160.3,1169.9,1169.9,9.6,0.83,390,456261,1329.0,865.0
ZEEL,ZEELEQN,99.55,100.38,100.38,0.83,0.83,26726,2682755,124.14,68.0
CCAVENUE,CCAVENUEEQN,16.96,17.1,17.1,0.14,0.83,37373,639078,20.5,12.92
MHLXMIRU,MHLXMIRUEQN,155.71,156.99,156.99,1.28,0.82,10,1569,244.65,105.53
SATIA,SATIAEQN,62.49,63.0,63.0,0.51,0.82,622,39186,90.7,50.8
INDIANB,INDIANBEQN,845.0,851.9,851.9,6.9,0.82,1805,1537679,1000.9,619.05
FLFL,FLFLBZN,1.22,1.23,1.23,0.01,0.82,109,134,1.99,1.11
IOLCP,IOLCPEQN,153.74,155.0,155.0,1.26,0.82,22170,3436350,179.6,67.19
DWARKESH,DWARKESHEQN,41.26,41.6,41.6,0.34,0.82,9914,412422,53.09,32.13
KPEL,KPELEQN,322.8,325.4,325.4,2.6,0.81,204,66381,520.0,237.9
SUMIT,SUMITEQN,55.85,56.3,56.3,0.45,0.81,1,56,104.9,31.74
SENORES,SENORESEQN,1360.5,1371.5,1371.5,11.0,0.81,193,264699,1509.8,632.05
REPRO,REPROEQN,393.8,397.0,397.0,3.2,0.81,176,69872,590.0,307.05
CHEMPLASTS,CHEMPLASTSEQN,194.41,195.99,195.99,1.58,0.81,430,84275,460.8,193.11
SAIL,SAILEQN,173.55,174.95,174.95,1.4,0.81,56144,9822392,209.7,118.1
ONEPOINT,ONEPOINTEQN,56.93,57.39,57.39,0.46,0.81,610,35007,65.85,40.58
RAIN,RAINEQN,238.07,240.0,240.0,1.93,0.81,40227,9654480,239.1,99.9
FABTECH,FABTECHEQN,151.55,152.77,152.77,1.22,0.81,1,152,262.8,132.7
ALGOQUANT,ALGOQUANTEQN,68.77,69.33,69.33,0.56,0.81,16,1109,71.01,47.8
KAPSTON,KAPSTONEQN,533.75,538.0,538.0,4.25,0.8,66,35508,539.9,158.13
HBLENGINE,HBLENGINEEQN,729.2,735.0,735.0,5.8,0.8,2700,1984500,1122.0,586.1
TCI,TCIEQN,914.05,921.35,921.35,7.3,0.8,121,111483,1242.0,868.05
NAVINFLUOR,NAVINFLUOREQN,7629.0,7690.0,7690.0,61.0,0.8,414,3183660,7936.0,4498.5
PACEDIGITK,PACEDIGITKEQN,198.81,200.4,200.4,1.59,0.8,5345,1071138,231.95,139.81
HARDWYN,HARDWYNEQN,11.24,11.33,11.33,0.09,0.8,5534,62700,20.2,7.76
ESSARSHPNG,ESSARSHPNGEQN,20.04,20.2,20.2,0.16,0.8,10,202,43.26,18.61
MENONBE,MENONBEBEN,232.14,234.0,234.0,1.86,0.8,2070,484380,232.14,101.5
UNIMECH,UNIMECHEQN,1334.1,1344.6,1344.6,10.5,0.79,1085,1458891,1377.9,695.0
LINDEINDIA,LINDEINDIAEQN,7156.5,7213.0,7213.0,56.5,0.79,42,302946,8049.0,5673.0
SURYODAY,SURYODAYEQN,162.76,164.05,164.05,1.29,0.79,3982,653247,218.0,115.41
BERGEPAINT,BERGEPAINTEQN,533.8,534.0,534.0,4.2,0.79,3693,1972062,594.55,391.1
PARAGMILK,PARAGMILKEQN,233.16,235.0,235.0,1.84,0.79,2668,626980,376.95,177.84
VIKASLIFE,VIKASLIFEEQN,1.26,1.27,1.27,0.01,0.79,10247,13013,2.42,1.05
TPLPLASTEH,TPLPLASTEHEQN,80.37,81.0,81.0,0.63,0.78,2140,173340,90.33,50.01
AARTIIND,AARTIINDEQN,481.75,485.5,485.5,3.75,0.78,1224,594252,523.1,338.05
GTLINFRA,GTLINFRAEQN,1.28,1.29,1.29,0.01,0.78,154806,199699,1.67,0.96
RAMCOCEM,RAMCOCEMEQN,945.9,953.25,953.25,7.35,0.78,43,40989,1214.5,838.3
AEROFLEX,AEROFLEXEQN,463.8,467.4,467.4,3.6,0.78,13000,6076200,521.9,158.0
RCF,RCFEQN,127.01,128.0,128.0,0.99,0.78,4449,569472,164.49,106.0
CANBK,CANBKEQN,128.0,129.0,129.0,1.0,0.78,95292,12292668,162.89,103.55
HINDCOPPER,HINDCOPPEREQN,492.35,496.2,496.2,3.85,0.78,22578,11203203,760.05,226.7
BLSE,BLSEEQN,301.45,303.8,303.8,2.35,0.78,1498,455092,307.65,124.3
MOL,MOLEQN,54.07,54.49,54.49,0.42,0.78,4062,221338,96.62,36.5
CNL,CNLEQN,1055.8,1064.0,1064.0,8.2,0.78,304,323456,1084.9,525.0
RHIM,RHIMEQN,408.35,411.5,411.5,3.15,0.77,57,23455,535.0,323.05
KELLTONTEC,KELLTONTECEQN,14.23,14.34,14.34,0.11,0.77,10830,155302,29.05,13.0
APCOTEXIND,APCOTEXINDEQN,626.2,631.0,631.0,4.8,0.77,361,227791,712.0,310.45
PFIZER,PFIZEREQN,4862.1,4899.7,4899.7,37.6,0.77,19,93094,5873.5,4360.1
MAHABANK,MAHABANKEQN,78.42,79.02,79.02,0.6,0.77,38195,3018168,94.5,51.71
AMBER,AMBEREQN,7395.0,7452.0,7452.0,57.0,0.77,217,1617084,8974.0,5400.5
TORNTPHARM,TORNTPHARMEQN,5030.0,5068.5,5068.5,38.5,0.77,605,3066442,5250.0,3480.6
VALIANTORG,VALIANTORGBEN,290.75,293.0,293.0,2.25,0.77,139,40727,397.0,195.0
CANFINHOME,CANFINHOMEEQN,809.8,816.0,816.0,6.2,0.77,1146,935136,971.5,708.6
FILATEX,FILATEXEQN,77.92,78.52,78.52,0.6,0.77,2750,215930,79.0,36.26
RSDFIN,RSDFINEQN,145.88,147.0,147.0,1.12,0.77,1751,257397,146.16,65.6
AMAGI,AMAGIEQN,674.7,679.9,679.9,5.2,0.77,41,27875,690.0,310.2
ITCHOTELS,ITCHOTELSEQN,165.45,166.7,166.7,1.25,0.76,8102,1350603,253.67,137.3
VBL,VBLEQN,439.0,442.35,442.35,3.35,0.76,6694,2961090,555.8,381.0
SAMMAANCAP,SAMMAANCAPEQN,160.28,161.5,161.5,1.22,0.76,10668,1722882,192.95,114.1
PARACABLES,PARACABLESEQN,64.88,65.37,65.37,0.49,0.76,5305,346787,75.7,28.3
VIVIANA,VIVIANABEN,702.65,708.0,708.0,5.35,0.76,1559,1103772,1162.5,565.0
PARADEEP,PARADEEPEQN,144.94,146.04,146.04,1.1,0.76,13569,1981616,233.8,99.7
GILLETTE,GILLETTEEQN,7662.0,7720.0,7720.0,58.0,0.76,198,1528560,11100.0,7206.0
KWIL,KWILEQN,32.69,32.94,32.94,0.25,0.76,26680,878839,39.45,22.24
CORDELIA,CORDELIAEQN,819.65,825.9,825.9,6.25,0.76,36,29732,925.65,623.1
GMRAIRPORT,GMRAIRPORTEQN,106.56,107.36,107.36,0.8,0.75,9281,996408,115.64,84.11
VRAJ,VRAJEQN,121.59,122.5,122.5,0.91,0.75,105,12862,172.2,93.0
MUNJALAU,MUNJALAUEQN,104.05,104.83,104.83,0.78,0.75,733,76840,114.99,67.2
PAISALO,PAISALOEQN,71.11,71.64,71.64,0.53,0.75,46220,3311200,77.39,29.86
ENDURANCE,ENDURANCEEQN,2838.7,2860.0,2860.0,21.3,0.75,287,820820,3079.9,2142.8
KIRLPNU,KIRLPNUEQN,1449.1,1460.0,1460.0,10.9,0.75,228,332880,2197.1,990.1
CDSL,CDSLEQN,1340.0,1350.0,1350.0,10.0,0.75,3621,4888350,1673.7,1116.3
AHCL,AHCLEQN,14.57,14.68,14.68,0.11,0.75,1564,22959,17.28,9.08
SBIFUNDS,SBIFUNDSEQN,569.7,574.0,574.0,4.3,0.75,6523,3744202,624.95,565.05
MANOMAY,MANOMAYEQN,213.43,215.0,215.0,1.57,0.74,2,430,259.88,154.1
INDRAMEDCO,INDRAMEDCOEQN,370.45,373.2,373.2,2.75,0.74,737,275048,640.85,342.0
WABAG,WABAGEQN,1951.4,1965.9,1965.9,14.5,0.74,1243,2443613,2253.5,1033.0
SURYAROSNI,SURYAROSNIEQN,238.22,239.99,239.99,1.77,0.74,3459,830125,328.5,187.35
MARSONS,MARSONSEQN,108.15,108.95,108.95,0.8,0.74,5148,560874,175.4,104.16
MRPL,MRPLEQN,169.64,170.9,170.9,1.26,0.74,13543,2314498,212.31,120.4
GICHSGFIN,GICHSGFINEQN,148.66,149.76,149.76,1.1,0.74,114,17072,188.92,130.05
GUFICBIO,GUFICBIOEQN,397.05,400.0,400.0,2.95,0.74,33,13200,448.0,268.0
INDSWFTLAB,INDSWFTLABEQN,230.21,231.9,231.9,1.69,0.73,600,139140,248.45,87.15
SKMEGGPROD,SKMEGGPRODEQN,240.14,241.89,241.89,1.75,0.73,2235,540624,372.0,143.1
PERSISTENT,PERSISTENTEQN,5499.0,5539.0,5539.0,40.0,0.73,2106,11665134,6599.0,4244.5
JAMNAAUTO,JAMNAAUTOEQN,142.27,143.31,143.31,1.04,0.73,6066,869318,152.6,87.75
UGROCAP,UGROCAPEQN,97.09,97.8,97.8,0.71,0.73,13304,1301131,192.5,80.12
GOCOLORS,GOCOLORSEQN,320.05,322.4,322.4,2.35,0.73,51,16442,760.9,237.05
TANLA,TANLAEQN,612.5,616.95,616.95,4.45,0.73,2351,1450449,766.0,365.9
FINEORG,FINEORGEQN,4929.5,4965.5,4965.5,36.0,0.73,27,134068,5407.0,3856.0
GSPCROP,GSPCROPEQN,592.3,596.65,596.65,4.35,0.73,56,33412,603.0,328.0
ERIS,ERISEQN,1373.0,1383.0,1383.0,10.0,0.73,12,16596,1855.6,1200.0
EIEL,EIELEQN,224.48,226.1,226.1,1.62,0.72,2880,651168,276.1,134.71
SPANDANA,SPANDANAEQN,256.55,258.4,258.4,1.85,0.72,204,52713,319.4,181.1
THOMASCOTT,THOMASCOTTEQN,305.7,307.9,307.9,2.2,0.72,1,307,459.8,230.0
MRF,MRFEQN,132745.0,133700.0,133700.0,955.0,0.72,16,2139200,163600.0,122000.0
IFCI,IFCIEQN,75.9,76.45,76.45,0.55,0.72,57807,4419345,95.8,46.23
PREMIERPOL,PREMIERPOLEQN,72.48,73.0,73.0,0.52,0.72,127,9271,85.45,38.0
CEATLTD,CEATLTDEQN,3611.2,3637.1,3637.1,25.9,0.72,652,2371389,4438.0,3000.5
LAXMIINDIA,LAXMIINDIABEN,136.02,137.0,137.0,0.98,0.72,872,119464,180.9,71.06
QUADFUTURE,QUADFUTUREEQN,353.1,355.6,355.6,2.5,0.71,157,55829,502.4,248.55
ARTEMISMED,ARTEMISMEDEQN,301.75,303.9,303.9,2.15,0.71,546,165929,309.0,203.35
AWL,AWLEQN,190.59,191.95,191.95,1.36,0.71,7020,1347489,282.9,171.19
MARKSANS,MARKSANSEQN,269.1,271.0,271.0,1.9,0.71,6433,1743343,281.6,155.0
GRAVITA,GRAVITAEQN,1658.6,1670.3,1670.3,11.7,0.71,189,315686,1913.6,1266.9
BECTORFOOD,BECTORFOODEQN,209.96,211.46,211.46,1.5,0.71,4667,986883,310.0,165.0
INDOSTAR,INDOSTAREQN,238.3,240.0,240.0,1.7,0.71,75,18000,301.95,179.03
EDELWEISS,EDELWEISSEQN,117.68,118.5,118.5,0.82,0.7,6837,810184,133.9,91.78
YATRA,YATRAEQN,106.95,107.7,107.7,0.75,0.7,2883,310499,202.0,89.9
ARVINDFASN,ARVINDFASNEQN,445.9,449.0,449.0,3.1,0.7,239,107311,579.0,366.2
KIRIINDUS,KIRIINDUSEQN,418.75,421.7,421.7,2.95,0.7,1331,561282,779.0,333.8
KPITTECH,KPITTECHEQN,625.6,630.0,630.0,4.4,0.7,3824,2409120,1328.0,543.0
JAYKAY,JAYKAYEQN,161.27,162.4,162.4,1.13,0.7,104,16889,219.7,115.52
NACLIND,NACLINDEQN,181.13,182.4,182.4,1.27,0.7,605,110352,308.9,112.62
ABSMARINE,ABSMARINESTN,222.45,224.0,224.0,1.55,0.7,500,112000,315.5,143.05
GRAPHITE,GRAPHITEEQN,710.05,715.0,715.0,4.95,0.7,14369,10273835,802.4,505.8
BOSCH-HCIL,BOSCH-HCILEQN,1439.4,1449.5,1449.5,10.1,0.7,218,315991,1785.6,1021.3
TENNIND,TENNINDEQN,550.55,554.4,554.4,3.85,0.7,2566,1422590,657.0,438.05
PWL,PWLEQN,126.13,127.01,127.01,0.88,0.7,5179,657784,161.99,77.72
DPABHUSHAN,DPABHUSHANEQN,1486.6,1497.0,1497.0,10.4,0.7,38,56886,1719.9,866.1
SWIGGY,SWIGGYEQN,291.0,293.0,293.0,2.0,0.69,15622,4577246,474.0,235.75
ENGINERSIN,ENGINERSINEQN,224.89,226.45,226.45,1.56,0.69,1938,438860,267.0,163.55
CHOLAFIN,CHOLAFINEQN,1875.0,1888.0,1888.0,13.0,0.69,1320,2492160,1913.0,1299.4
JPPOWER,JPPOWEREQN,18.84,18.97,18.97,0.13,0.69,229945,4362056,24.5,13.15
NATCOPHARM,NATCOPHARMEQN,917.0,923.3,923.3,6.3,0.69,521,481039,1226.8,789.0
JAICORPLTD,JAICORPLTDEQN,103.28,103.99,103.99,0.71,0.69,1432,148913,178.24,88.0
APOLLO,APOLLOEQN,398.2,400.95,400.95,2.75,0.69,16827,6746785,466.5,168.65
CAPACITE,CAPACITEEQN,213.52,215.0,215.0,1.48,0.69,1099,236285,334.0,180.0
THYROCARE,THYROCAREEQN,604.65,608.8,608.8,4.15,0.69,2980,1814224,617.45,342.55
BANDHANBNK,BANDHANBNKEQN,173.6,174.8,174.8,1.2,0.69,5350,935180,220.76,134.25
EUROPRATIK,EUROPRATIKEQN,317.8,320.0,320.0,2.2,0.69,957,306240,390.0,205.1
E2E,E2EEQN,570.15,574.0,574.0,3.85,0.68,38955,22360170,570.15,183.36
FCSSOFT,FCSSOFTEQN,1.48,1.49,1.49,0.01,0.68,14717,21928,2.59,1.05
TATASTEEL,TATASTEELEQN,190.95,192.25,192.25,1.3,0.68,68654,13198731,224.4,153.05
SOUTHBANK,SOUTHBANKEQN,46.86,47.18,47.18,0.32,0.68,21129,996866,49.9,28.11
AEGISVOPAK,AEGISVOPAKEQN,296.15,298.15,298.15,2.0,0.68,5061,1508937,311.49,158.0
SUNTV,SUNTVEQN,502.35,505.75,505.75,3.4,0.68,57,28827,660.7,480.2
INDIGRID,INDIGRIDIVN,177.5,178.7,178.7,1.2,0.68,1738,310580,180.9,153.22
ATALREAL,ATALREALEQN,33.97,34.2,34.2,0.23,0.68,2252,77018,34.37,17.75
LLOYDSENT,LLOYDSENTEQN,81.15,81.69,81.69,0.54,0.67,10301,841488,84.16,40.69
PRICOLLTD,PRICOLLTDEQN,766.75,771.9,771.9,5.15,0.67,7954,6139692,772.0,415.1
JTLIND,JTLINDEQN,78.86,79.39,79.39,0.53,0.67,7078,561922,87.2,40.25
ARVIND,ARVINDEQN,547.35,551.0,551.0,3.65,0.67,3168,1745568,600.0,274.8
ASKAUTOLTD,ASKAUTOLTDEQN,551.3,555.0,555.0,3.7,0.67,7475,4148625,578.5,375.3
JUBLCPL,JUBLCPLEQN,1882.4,1895.0,1895.0,12.6,0.67,1,1895,3013.4,1460.0
MATRIMONY,MATRIMONYEQN,431.2,429.0,429.0,2.8,0.66,113,48477,573.0,364.05
ORIENTHOT,ORIENTHOTEQN,132.7,133.58,133.58,0.88,0.66,1936,258610,149.5,80.0
KMEW,KMEWEQN,2532.2,2548.9,2548.9,16.7,0.66,825,2102842,2737.0,797.5
VTL,VTLEQN,598.05,602.0,602.0,3.95,0.66,461,277522,688.0,383.7
MOTHERSON,MOTHERSONEQN,151.0,152.0,152.0,1.0,0.66,38981,5925112,155.87,89.7
DALBHARAT,DALBHARATEQN,1827.0,1839.0,1839.0,12.0,0.66,90,165510,2496.3,1605.0
AZAD,AZADEQN,2374.4,2390.0,2390.0,15.6,0.66,1050,2509500,2530.0,1360.0
FEDFINA,FEDFINAEQN,149.29,150.28,150.28,0.99,0.66,2231,335274,178.48,119.07
COROMANDEL,COROMANDELEQN,2115.5,2129.4,2129.4,13.9,0.66,145,308763,2668.3,1706.5
63MOONS,63MOONSEQN,864.2,869.9,869.9,5.7,0.66,1508,1311809,1029.9,467.0
GOKEX,GOKEXEQN,796.75,802.0,802.0,5.25,0.66,1167,935934,954.9,531.0
VOLTAMP,VOLTAMPEQN,9881.5,9946.5,9946.5,65.0,0.66,52,517218,12863.0,6666.0
LTM,LTMEQN,4559.0,4589.0,4589.0,30.0,0.66,585,2684565,6429.5,3528.0
SULA,SULAEQN,163.12,164.2,164.2,1.08,0.66,715,117403,296.8,138.6
ASTEC,ASTECEQN,622.25,626.3,626.3,4.05,0.65,17,10647,941.75,513.4
JBMA,JBMAEQN,659.7,664.0,664.0,4.3,0.65,938,622832,790.0,477.0
NAVKARCORP,NAVKARCORPEQN,102.71,103.38,103.38,0.67,0.65,65,6719,132.5,74.05
UCOBANK,UCOBANKEQN,26.33,26.5,26.5,0.17,0.65,27474,728061,34.2,22.22
ACC,ACCEQN,1384.7,1393.7,1393.7,9.0,0.65,283,394417,1987.0,1251.7
ROUTE,ROUTEEQN,532.6,536.05,536.05,3.45,0.65,895,479764,921.6,410.7
KOLTEPATIL,KOLTEPATILEQN,398.0,400.6,400.6,2.6,0.65,2323,930593,483.9,292.25
ASHIKAG,ASHIKAGEQN,459.3,462.3,462.3,3.0,0.65,300,138690,520.95,339.95
DAVANGERE,DAVANGEREEQN,3.08,3.1,3.1,0.02,0.65,3533,10952,5.5,3.03
HYUNDAI,HYUNDAIEQN,2220.0,2213.0,2213.0,14.0,0.64,3354,7422402,2890.0,1658.0
RADHIKAJWE,RADHIKAJWEEQN,69.04,69.48,69.48,0.44,0.64,4244,294873,103.7,50.01
STYLAMIND,STYLAMINDEQN,3523.0,3545.4,3545.4,22.4,0.64,290,1028166,4150.0,1594.1
ELGIEQUIP,ELGIEQUIPEQN,591.2,595.0,595.0,3.8,0.64,400,238000,633.85,408.25
HAPPSTMNDS,HAPPSTMNDSEQN,388.1,390.6,390.6,2.5,0.64,1431,558948,635.0,330.2
JINDALSAW,JINDALSAWEQN,264.4,266.1,266.1,1.7,0.64,2844,756788,278.95,153.0
HITECH,HITECHEQN,85.95,86.5,86.5,0.55,0.64,101,8736,127.5,70.14
SOLARA,SOLARAEQN,520.65,523.95,523.95,3.3,0.63,86,45059,712.0,422.0
KEC,KECEQN,474.1,477.1,477.1,3.0,0.63,3805,1815365,937.8,460.3
KFINTECH,KFINTECHEQN,948.95,954.95,954.95,6.0,0.63,1065,1017021,1215.0,784.95
LEMONTREE,LEMONTREEEQN,113.29,114.0,114.0,0.71,0.63,8142,928188,180.68,99.61
ASTERDM,ASTERDMEQN,834.7,840.0,840.0,5.3,0.63,4721,3965640,839.4,519.1
APOLLOTYRE,APOLLOTYREEQN,438.35,441.1,441.1,2.75,0.63,4580,2020238,540.5,365.3
EPACKPEB,EPACKPEBEQN,260.35,262.0,262.0,1.65,0.63,4196,1099352,344.0,132.17
SHREEJISPG,SHREEJISPGEQN,660.55,664.7,664.7,4.15,0.63,75,49852,673.9,222.0
AGARWALEYE,AGARWALEYEEQN,493.5,496.55,496.55,3.05,0.62,739,366950,568.0,401.0
INDUSTOWER,INDUSTOWEREQN,390.0,392.4,392.4,2.4,0.62,2407,944506,481.5,312.55
DCW,DCWEQN,46.69,46.98,46.98,0.29,0.62,1502,70563,81.31,37.11
SPMLINFRA,SPMLINFRAEQN,194.25,195.46,195.46,1.21,0.62,205,40069,309.9,151.01
ABB,ABBEQN,7700.0,7748.0,7748.0,48.0,0.62,640,4958720,7924.5,4637.5
KRBL,KRBLEQN,368.6,370.9,370.9,2.3,0.62,491,182111,495.0,274.65
ROTO,ROTOEQN,66.48,66.89,66.89,0.41,0.62,342,22876,90.6,47.5
INFY,INFYEQN,1167.5,1174.7,1174.7,7.2,0.62,75957,89226687,1728.0,982.4
KABRAEXTRU,KABRAEXTRUEQN,412.45,415.0,415.0,2.55,0.62,67,27805,447.95,180.0
JIOFIN,JIOFINEQN,265.0,266.65,266.65,1.65,0.62,57298,15278511,338.6,223.3
SHADOWFAX,SHADOWFAXEQN,248.15,249.68,249.68,1.53,0.62,13202,3296275,261.5,98.55
RBZJEWEL,RBZJEWELEQN,151.08,152.0,152.0,0.92,0.61,45,6840,179.0,100.0
MSPL,MSPLEQN,34.19,34.4,34.4,0.21,0.61,5624,193465,46.12,26.25
TTKHLTCARE,TTKHLTCAREEQN,1037.7,1044.0,1044.0,6.3,0.61,10,10440,1266.0,735.0
SUNFLAG,SUNFLAGEQN,368.25,370.5,370.5,2.25,0.61,376,139308,428.0,192.15
EMBDL,EMBDLEQN,61.12,61.49,61.49,0.37,0.61,2838,174508,105.7,39.46
HGS,HGSEQN,421.45,424.0,424.0,2.55,0.61,37,15688,610.1,342.05
JAYNECOIND,JAYNECOINDEQN,87.86,88.4,88.4,0.54,0.61,1655,146302,117.0,48.21
JUBLPHARMA,JUBLPHARMAEQN,932.75,938.45,938.45,5.7,0.61,26,24399,1184.8,786.05
FORCEMOT,FORCEMOTEQN,18378.0,18490.0,18490.0,112.0,0.61,159,2939910,26450.0,14911.0
JARO,JAROEQN,457.35,460.15,460.15,2.8,0.61,39,17945,890.0,383.5
COCKERILL,COCKERILLEQN,8989.0,9044.0,9044.0,55.0,0.61,46,416024,10871.5,4955.0
WAAREEENER,WAAREEENEREQN,2670.0,2686.0,2686.0,16.0,0.6,1318,3540148,3865.0,2403.0
CLSEL,CLSELEQN,290.15,291.9,291.9,1.75,0.6,200,58380,323.3,203.75
ELECTCAST,ELECTCASTEQN,71.57,72.0,72.0,0.43,0.6,5062,364464,112.1,60.15
GMRP&UI,GMRP&UIEQN,97.21,97.79,97.79,0.58,0.6,1494,146098,136.95,89.0
LATENTVIEW,LATENTVIEWEQN,298.05,299.85,299.85,1.8,0.6,1419,425487,517.5,248.0
GABRIEL,GABRIELEQN,1530.8,1540.0,1540.0,9.2,0.6,1484,2285360,1584.8,795.7
VIYASH,VIYASHEQN,266.4,268.0,268.0,1.6,0.6,9482,2541176,298.0,166.0
FEDDERSHOL,FEDDERSHOLEQN,41.75,42.0,42.0,0.25,0.6,1,42,53.49,32.06
MUFIN,MUFINEQN,132.22,133.0,133.0,0.78,0.59,12211,1624063,138.0,82.99
SHANKARA,SHANKARAEQN,144.74,145.6,145.6,0.86,0.59,750,109200,1205.0,98.25
DEEPAKFERT,DEEPAKFERTEQN,1599.1,1608.5,1608.5,9.4,0.59,2191,3524223,1681.0,866.4
SOBHA,SOBHAEQN,1358.4,1366.4,1366.4,8.0,0.59,205,280112,1732.0,1130.0
NELCO,NELCOEQN,981.7,987.5,987.5,5.8,0.59,167,164912,1026.0,500.1
BEPL,BEPLEQN,122.94,123.67,123.67,0.73,0.59,12010,1485276,138.5,74.2
SPLPETRO,SPLPETROEQN,716.8,721.0,721.0,4.2,0.59,28,20188,979.0,462.3
DBL,DBLEQN,467.25,470.0,470.0,2.75,0.59,2124,998280,585.0,381.55
NUVOCO,NUVOCOEQN,348.6,350.65,350.65,2.05,0.59,380,133247,477.5,276.25
COHANCE,COHANCEEQN,424.9,427.4,427.4,2.5,0.59,157,67101,1038.9,266.7
DPEL,DPELSMN,547.3,550.55,550.55,3.25,0.59,1500,825825,599.0,123.0
GROWW,GROWWEQN,191.33,192.45,192.45,1.12,0.59,114166,21971246,227.2,112.0
HILINFRA,HILINFRAEQN,45.73,46.0,46.0,0.27,0.59,211,9706,131.4,40.6
ARIHANTCAP,ARIHANTCAPEQN,77.95,78.4,78.4,0.45,0.58,500,39200,120.0,56.97
SBILIFE,SBILIFEEQN,1899.0,1910.0,1910.0,11.0,0.58,3768,7196880,2132.0,1700.4
IOB,IOBEQN,34.29,34.49,34.49,0.2,0.58,17253,595055,41.8,31.2
CANTABIL,CANTABILEQN,247.86,249.3,249.3,1.44,0.58,13,3240,321.5,208.5
JTEKTINDIA,JTEKTINDIAEQN,140.77,141.59,141.59,0.82,0.58,408,57768,188.5,117.01
PUNJABCHEM,PUNJABCHEMEQN,1111.4,1117.9,1117.9,6.5,0.58,25,27947,1533.9,876.6
MEESHO,MEESHOEQN,191.88,193.0,193.0,1.12,0.58,47364,9141252,254.4,125.56
SBICARD,SBICARDEQN,658.0,661.75,661.75,3.75,0.57,1227,811967,965.0,565.45
DABUR,DABUREQN,409.65,412.0,412.0,2.35,0.57,40684,16761808,577.0,403.35
GAIL,GAILEQN,175.0,176.0,176.0,1.0,0.57,12171,2142096,186.87,134.36
GREENLAM,GREENLAMEQN,247.7,249.1,249.1,1.4,0.57,25,6227,278.63,197.59
ASIANENE,ASIANENEEQN,417.6,420.0,420.0,2.4,0.57,1846,775320,420.0,230.0
UFO,UFOEQN,68.11,68.5,68.5,0.39,0.57,7,479,92.97,53.75
WSTCSTPAPR,WSTCSTPAPREQN,571.75,575.0,575.0,3.25,0.57,40,23000,590.0,375.0
UNIONBANK,UNIONBANKEQN,174.0,175.0,175.0,1.0,0.57,16144,2825200,205.49,124.64
CPCAP,CPCAPBEN,113.85,114.5,114.5,0.65,0.57,50,5725,170.0,73.51
POLYPLEX,POLYPLEXEQN,1116.6,1123.0,1123.0,6.4,0.57,10,11230,1179.9,740.0
BEML,BEMLEQN,1690.6,1700.2,1700.2,9.6,0.57,712,1210542,2275.75,1355.0
OMNI,OMNIEQN,610.5,614.0,614.0,3.5,0.57,611,375154,638.5,176.25
NIVABUPA,NIVABUPAEQN,87.31,87.8,87.8,0.49,0.56,449,39422,91.4,67.5
SAILIFE,SAILIFEEQN,1366.4,1374.0,1374.0,7.6,0.56,8474,11643276,1380.0,778.5
LALPATHLAB,LALPATHLABEQN,1889.4,1899.9,1899.9,10.5,0.56,1656,3146234,1955.1,1272.6
ESABINDIA,ESABINDIAEQN,5637.5,5669.0,5669.0,31.5,0.56,1,5669,7319.5,4710.0
BAJAJ-AUTO,BAJAJ-AUTOEQN,11600.0,11665.0,11665.0,65.0,0.56,878,10241870,11856.0,7858.5
BSOFT,BSOFTEQN,323.2,325.0,325.0,1.8,0.56,5780,1878500,474.0,270.2
RVNL,RVNLEQN,231.4,232.7,232.7,1.3,0.56,18150,4223505,400.7,220.16
ASHOKA,ASHOKAEQN,120.33,121.0,121.0,0.67,0.56,2098,253858,214.5,101.0
CARBORUNIV,CARBORUNIVEQN,1078.5,1084.5,1084.5,6.0,0.56,50,54225,1306.9,735.2
PNC,PNCEQN,19.59,19.7,19.7,0.11,0.56,1,19,40.64,16.0
CENTENKA,CENTENKAEQN,620.5,624.0,624.0,3.5,0.56,290,180960,671.65,371.2
POWERICA,POWERICAEQN,521.3,524.2,524.2,2.9,0.56,78,40887,676.95,365.1
SYRMA,SYRMAEQN,1421.6,1429.6,1429.6,8.0,0.56,4414,6310254,1517.7,634.5
EXPLEOSOL,EXPLEOSOLEQN,813.95,818.45,818.45,4.5,0.55,72,58928,1182.9,640.0
EIDPARRY,EIDPARRYEQN,803.1,807.5,807.5,4.4,0.55,2597,2097077,1246.1,698.2
TATAELXSI,TATAELXSIEQN,3737.0,3757.6,3757.6,20.6,0.55,459,1724738,6078.0,3353.9
ANGELONE,ANGELONEEQN,300.35,302.0,302.0,1.65,0.55,13218,3991836,360.45,208.63
TMB,TMBEQN,856.8,861.55,861.55,4.75,0.55,235,202464,917.0,411.8
BLKASHYAP,BLKASHYAPEQN,54.45,54.75,54.75,0.3,0.55,237,12975,78.8,40.32
MMTC,MMTCEQN,63.65,64.0,64.0,0.35,0.55,3203,204992,78.35,50.1
GKENERGY,GKENERGYEQN,130.08,130.8,130.8,0.72,0.55,908,118766,239.6,87.2
INDIQUBE,INDIQUBEEQN,171.93,172.88,172.88,0.95,0.55,5,864,243.8,131.15
WAKEFIT,WAKEFITEQN,128.02,128.72,128.72,0.7,0.55,1938,249459,224.0,111.4
INDOWIND,INDOWINDBEN,9.17,9.22,9.22,0.05,0.55,112,1032,18.94,7.0
LTTS,LTTSEQN,3502.0,3520.9,3520.9,18.9,0.54,213,749951,4726.0,3010.0
FINOPB,FINOPBEQN,161.03,161.9,161.9,0.87,0.54,1096,177442,339.0,110.03
SERVOTECH,SERVOTECHEQN,87.51,87.98,87.98,0.47,0.54,2163,190300,143.0,57.51
RBLBANK,RBLBANKEQN,380.55,382.6,382.6,2.05,0.54,3054,1168460,384.5,243.25
PREMIERENE,PREMIERENEEQN,1036.3,1041.9,1041.9,5.6,0.54,1053,1097120,1134.0,660.0
ANANDRATHI,ANANDRATHIEQN,2034.0,2045.0,2045.0,11.0,0.54,270,552150,2176.2,1270.0
HEROMOTOCO,HEROMOTOCOEQN,5548.0,5578.0,5578.0,30.0,0.54,1422,7931916,6388.5,4310.1
AXITA,AXITAEQN,7.35,7.39,7.39,0.04,0.54,5412,39994,12.2,6.57
IVALUE,IVALUEEQN,276.4,277.9,277.9,1.5,0.54,47,13061,340.0,207.35
GANGAFORGE,GANGAFORGEBEN,1.86,1.87,1.87,0.01,0.54,162873,304572,3.29,1.59
CENTRALBK,CENTRALBKEQN,31.23,31.4,31.4,0.17,0.54,19284,605517,40.92,29.32
RPSGVENT,RPSGVENTEQN,959.85,965.0,965.0,5.15,0.54,1,965,1179.0,551.9
SHIVAUM,SHIVAUMEQN,419.75,422.0,422.0,2.25,0.54,120,50640,474.0,275.0
GNA,GNAEQN,515.8,518.6,518.6,2.8,0.54,300,155580,601.65,291.8
WAAREEINDO,WAAREEINDOEQN,313.35,315.05,315.05,1.7,0.54,67,21108,725.0,282.8
MOSCHIP,MOSCHIPEQN,208.59,209.7,209.7,1.11,0.53,10792,2263082,288.45,146.8
JSWINFRA,JSWINFRAEQN,329.25,331.0,331.0,1.75,0.53,4919,1628189,355.8,233.42
KRISHNADEF,KRISHNADEFEQN,1201.6,1208.0,1208.0,6.4,0.53,104,125632,1400.0,665.0
ROSSARI,ROSSARIEQN,512.9,515.6,515.6,2.7,0.53,44,22686,712.0,375.0
SOLARINDS,SOLARINDSEQN,18700.0,18800.0,18800.0,100.0,0.53,126,2368800,19187.0,11646.0
AFCONS,AFCONSEQN,281.6,283.1,283.1,1.5,0.53,4031,1141176,479.4,265.8
SHALBY,SHALBYEQN,165.04,165.91,165.91,0.87,0.53,22,3650,274.7,125.82
HINDCON,HINDCONEQN,22.78,22.9,22.9,0.12,0.53,134,3068,37.75,15.66
HIMATSEIDE,HIMATSEIDEEQN,81.05,81.48,81.48,0.43,0.53,568,46280,136.14,72.01
MUKANDLTD,MUKANDLTDEQN,142.25,143.0,143.0,0.75,0.53,300,42900,154.25,114.31
CHAMBLFERT,CHAMBLFERTEQN,454.6,457.0,457.0,2.4,0.53,850,388450,580.7,399.75
FRACTAL,FRACTALEQN,797.8,802.0,802.0,4.2,0.53,785,629570,1118.0,733.7
VOGL,VOGLEQN,37.8,38.0,38.0,0.2,0.53,273812,10404856,47.6,30.42
RAMBHAJO,RAMBHAJOEQN,185.81,186.8,186.8,0.99,0.53,299,55853,222.0,161.6
SHRINGARMS,SHRINGARMSEQN,232.28,233.5,233.5,1.22,0.53,575,134262,266.5,166.0
BSHSL,BSHSLBEN,87.44,87.9,87.9,0.46,0.53,1,87,150.0,59.16
PARAS,PARASEQN,1300.3,1307.1,1307.1,6.8,0.52,4308,5630986,1443.0,580.5
DCXINDIA,DCXINDIAEQN,180.06,180.99,180.99,0.93,0.52,628,113661,286.0,153.3
REFEX,REFEXEQN,306.35,307.95,307.95,1.6,0.52,528,162597,442.0,188.0
SUVEN,SUVENEQN,309.85,311.45,311.45,1.6,0.52,1140,355053,371.0,124.11
CORALFINAC,CORALFINACEQN,32.66,32.83,32.83,0.17,0.52,13,426,50.9,25.01
EQUITASBNK,EQUITASBNKEQN,76.38,76.78,76.78,0.4,0.52,3817,293069,83.9,50.0
ACI,ACIEQN,532.2,534.95,534.95,2.75,0.52,1000,534950,727.6,483.0
JSL,JSLEQN,735.65,739.5,739.5,3.85,0.52,475,351262,884.0,652.25
PDSL,PDSLEQN,352.55,354.4,354.4,1.85,0.52,30,10632,418.5,246.05
MARUTI,MARUTIEQN,14168.0,14240.0,14240.0,72.0,0.51,637,9070880,17370.0,12201.0
EPACK,EPACKEQN,231.13,232.32,232.32,1.19,0.51,305,70857,414.9,196.15
PCJEWELLER,PCJEWELLEREQN,9.82,9.87,9.87,0.05,0.51,712681,7034161,15.95,7.47
SBCL,SBCLEQN,778.0,782.0,782.0,4.0,0.51,276,215832,814.0,368.6
ICIL,ICILEQN,419.75,421.9,421.9,2.15,0.51,635,267906,463.8,216.9
KAYNES,KAYNESEQN,3875.0,3894.7,3894.7,19.7,0.51,3664,14270180,7705.0,2995.0
CROMPTON,CROMPTONEQN,263.1,264.45,264.45,1.35,0.51,1212,320513,337.5,217.4
LICHSGFIN,LICHSGFINEQN,512.0,514.6,514.6,2.6,0.51,2917,1501088,598.2,458.9
GUJALKALI,GUJALKALIEQN,683.5,687.0,687.0,3.5,0.51,118,81066,815.0,409.15
BLUEJET,BLUEJETEQN,582.05,585.0,585.0,2.95,0.51,1635,956475,814.0,325.0
ARSSBL,ARSSBLEQN,515.35,518.0,518.0,2.65,0.51,1001,518518,794.85,416.0
ARMANFIN,ARMANFINEQN,1998.8,2009.0,2009.0,10.2,0.51,51,102459,2069.2,1270.0
TIMEX,TIMEXEQN,556.95,559.8,559.8,2.85,0.51,273,152825,618.0,312.0
ICEMAKE,ICEMAKEEQN,820.85,825.0,825.0,4.15,0.51,51,42075,920.0,660.3
KNAGRI,KNAGRIEQN,207.93,209.0,209.0,1.07,0.51,200,41800,263.3,148.3
TIL,TILEQN,259.7,261.0,261.0,1.3,0.5,1194,311634,371.95,161.25
OPTIEMUS,OPTIEMUSEQN,625.65,628.8,628.8,3.15,0.5,4062,2554185,713.0,288.0
MOBIKWIK,MOBIKWIKEQN,205.97,207.0,207.0,1.03,0.5,3755,777285,334.0,151.46
SHAKTIPUMP,SHAKTIPUMPEQN,519.4,522.0,522.0,2.6,0.5,1479,772038,915.0,456.35
EMUDHRA,EMUDHRAEQN,514.0,516.55,516.55,2.55,0.5,1551,801169,795.0,364.55
CEWATER,CEWATEREQN,279.6,281.0,281.0,1.4,0.5,26,7306,604.8,235.0
GPTINFRA,GPTINFRAEQN,112.83,113.39,113.39,0.56,0.5,7,793,150.0,96.22
ONESOURCE,ONESOURCEEQN,1530.6,1538.2,1538.2,7.6,0.5,577,887541,1946.1,1057.0
MAHSEAMLES,MAHSEAMLESEQN,579.1,582.0,582.0,2.9,0.5,135,78570,705.0,500.7
WEBELSOLAR,WEBELSOLAREQN,96.32,96.8,96.8,0.48,0.5,1948,188566,157.3,50.4
RRKABEL,RRKABELEQN,2641.1,2654.3,2654.3,13.2,0.5,752,1996033,2775.0,1165.0
PFC,PFCEQN,420.0,422.1,422.1,2.1,0.5,10525,4442602,486.5,329.9
ADANIPOWER,ADANIPOWEREQN,209.95,211.0,211.0,1.05,0.5,60902,12850322,254.2,110.45
KANPRPLA,KANPRPLAEQN,211.35,212.4,212.4,1.05,0.5,8,1699,247.0,151.25
SANOFI,SANOFIEQN,3394.3,3411.2,3411.2,16.9,0.5,348,1187097,5554.0,3054.0
TATAPOWER,TATAPOWEREQN,380.0,381.9,381.9,1.9,0.5,4547,1736499,464.9,342.5
ONWARDTEC,ONWARDTECEQN,289.95,291.4,291.4,1.45,0.5,1,291,357.0,208.25
GREENPOWER,GREENPOWEREQN,10.0,10.05,10.05,0.05,0.5,11183,112389,15.04,7.98
ISGEC,ISGECEQN,832.35,836.5,836.5,4.15,0.5,1,836,1115.4,683.95
AIAENG,AIAENGEQN,4627.0,4650.0,4650.0,23.0,0.5,18,83700,5180.0,3001.1
BOSCHLTD,BOSCHLTDEQN,41200.0,41405.0,41405.0,205.0,0.5,25,1035125,42985.0,28610.0
MUNJALSHOW,MUNJALSHOWEQN,144.3,140.5,140.5,0.7,0.5,1611,226345,150.9,110.3
NBCC,NBCCEQN,94.84,95.31,95.31,0.47,0.5,17735,1690322,125.85,77.18
BFINVEST,BFINVESTEQN,480.55,482.95,482.95,2.4,0.5,50,24147,584.7,315.0
GALAPREC,GALAPRECEQN,1102.7,1108.1,1108.1,5.4,0.49,25,27702,1260.0,671.2
RADICO,RADICOEQN,4450.0,4472.0,4472.0,22.0,0.49,1231,5505032,4494.4,2500.0
ANANTRAJ,ANANTRAJEQN,630.4,633.5,633.5,3.1,0.49,6212,3935302,743.65,403.0
GODREJAGRO,GODREJAGROEQN,563.25,566.0,566.0,2.75,0.49,699,395634,851.0,506.1
EXXARO,EXXAROEQN,6.18,6.21,6.21,0.03,0.49,380,2359,10.33,5.99
SWSOLAR,SWSOLAREQN,206.1,207.1,207.1,1.0,0.49,1494,309407,286.5,148.0
BAJEL,BAJELEQN,178.69,179.57,179.57,0.88,0.49,156,28012,255.9,135.1
JUBLINGREA,JUBLINGREAEQN,751.35,755.0,755.0,3.65,0.49,314,237070,795.0,537.3
LXCHEM,LXCHEMEQN,184.29,185.2,185.2,0.91,0.49,2319,429478,241.0,107.6
SKIPPER,SKIPPEREQN,546.35,549.0,549.0,2.65,0.49,366,200934,593.0,327.05
IIFL,IIFLEQN,607.65,610.6,610.6,2.95,0.49,2283,1393999,675.0,409.1
VINATIORGA,VINATIORGAEQN,1319.6,1326.1,1326.1,6.5,0.49,34,45087,1849.9,1203.0
MENNPIS,MENNPISEQN,73.34,73.7,73.7,0.36,0.49,118,8696,82.0,52.35
HILTON,HILTONBEN,21.05,21.15,21.15,0.1,0.48,1,21,51.58,13.43
INDUSINVIT,INDUSINVITIVN,132.08,132.72,132.72,0.64,0.48,1341,177977,134.9,110.0
DTIL,DTILEQN,132.11,132.75,132.75,0.64,0.48,5,663,211.45,102.0
STOVEKRAFT,STOVEKRAFTEQN,759.85,763.5,763.5,3.65,0.48,983,750520,828.0,447.05
GRSE,GRSEEQN,2546.9,2559.1,2559.1,12.2,0.48,1516,3879595,3339.0,1963.7
SCHAEFFLER,SCHAEFFLEREQN,4055.5,4074.8,4074.8,19.3,0.48,46,187440,4467.7,3518.4
SUPRIYA,SUPRIYAEQN,887.65,891.95,891.95,4.3,0.48,120,107034,1085.0,545.5
SCI,SCIEQN,300.9,302.35,302.35,1.45,0.48,21101,6379887,368.75,195.55
MKPL,MKPLEQN,4.18,4.2,4.2,0.02,0.48,808,3393,8.85,3.56
DIXON,DIXONEQN,13988.0,14055.0,14055.0,67.0,0.48,958,13464690,18471.0,9600.0
SAGILITY,SAGILITYEQN,44.09,44.3,44.3,0.21,0.48,35823,1586958,57.89,35.83
ETERNAL,ETERNALEQN,312.4,313.9,313.9,1.5,0.48,56625,17774587,368.45,212.6
SCHAND,SCHANDEQN,144.31,145.0,145.0,0.69,0.48,42,6090,219.95,130.05
CORONA,CORONAEQN,2159.7,2170.0,2170.0,10.3,0.48,52,112840,2270.1,1336.6
JSLL,JSLLEQN,574.2,576.95,576.95,2.75,0.48,198,114236,849.5,492.0
NTPCGREEN,NTPCGREENEQN,90.72,91.15,91.15,0.43,0.47,6293,573606,119.95,84.0
SARDAEN,SARDAENEQN,509.4,511.8,511.8,2.4,0.47,592,302985,639.75,453.1
DIAMONDYD,DIAMONDYDEQN,1171.5,1177.0,1177.0,5.5,0.47,5,5885,1228.9,858.9
NAUKRI,NAUKRIEQN,1260.0,1265.9,1265.9,5.9,0.47,735,930436,1437.8,908.3
MAZDOCK,MAZDOCKEQN,2389.0,2400.2,2400.2,11.2,0.47,1600,3840320,3061.4,2057.4
NILKAMAL,NILKAMALEQN,1734.7,1742.9,1742.9,8.2,0.47,44,76687,1983.5,1050.5
TATACHEM,TATACHEMEQN,668.3,671.45,671.45,3.15,0.47,191,128246,1026.65,580.3
MPSLTD,MPSLTDEQN,2726.1,2739.0,2739.0,12.9,0.47,78,213642,2800.0,1336.1
IPCALAB,IPCALABEQN,1694.7,1702.6,1702.6,7.9,0.47,418,711686,1944.9,1251.6
DOMS,DOMSEQN,2253.1,2263.6,2263.6,10.5,0.47,84,190142,2770.0,2023.9
IRISDOREME,IRISDOREMEEQN,53.25,53.5,53.5,0.25,0.47,602,32207,54.5,26.35
LLOYDSENGG,LLOYDSENGGEQN,92.72,93.16,93.16,0.44,0.47,30903,2878923,95.1,37.4
FIVESTAR,FIVESTAREQN,544.75,547.3,547.3,2.55,0.47,636,348082,666.0,338.15
VIKRAN,VIKRANEQN,72.25,72.59,72.59,0.34,0.47,3627,263283,118.4,51.1
MAHASTEEL,MAHASTEELEQN,1074.9,1080.0,1080.0,5.1,0.47,74,79920,1103.7,312.2
MARKOLINES,MARKOLINESEQN,176.17,177.0,177.0,0.83,0.47,1,177,191.75,131.65
AURIONPRO,AURIONPROEQN,738.5,742.0,742.0,3.5,0.47,64,47488,1507.0,719.6
HOMEFIRST,HOMEFIRSTEQN,1169.7,1175.2,1175.2,5.5,0.47,153,179805,1375.0,893.7
WOCKPHARMA,WOCKPHARMAEQN,2022.6,2032.0,2032.0,9.4,0.46,707,1436624,2422.3,1086.7
ITI,ITIEQN,282.6,283.9,283.9,1.3,0.46,1099,312006,372.85,237.0
IXIGO,IXIGOEQN,196.15,197.05,197.05,0.9,0.46,392,77243,339.15,151.27
HUBTOWN,HUBTOWNEQN,188.64,189.5,189.5,0.86,0.46,250,47375,365.7,168.15
TEJASNET,TEJASNETEQN,533.95,536.4,536.4,2.45,0.46,5384,2887977,647.0,294.0
RALLIS,RALLISEQN,217.6,218.6,218.6,1.0,0.46,597,130504,385.8,214.85
AIIL,AIILEQN,558.55,561.1,561.1,2.55,0.46,216,121197,683.0,400.0
PATELENG,PATELENGEQN,28.4,28.53,28.53,0.13,0.46,10986,313430,41.13,22.0
AGI,AGIEQN,714.7,718.0,718.0,3.3,0.46,25,17950,992.0,465.0
SWANCORP,SWANCORPEQN,313.55,315.0,315.0,1.45,0.46,1534,483210,506.0,295.65
BALKRISHNA,BALKRISHNAEQN,17.47,17.55,17.55,0.08,0.46,20,351,25.97,12.0
GOYALALUM,GOYALALUMEQN,6.46,6.49,6.49,0.03,0.46,965,6262,11.37,5.34
OLECTRA,OLECTRAEQN,1347.8,1354.0,1354.0,6.2,0.46,854,1156316,1714.2,866.6
CYBERTECH,CYBERTECHBEN,139.35,139.99,139.99,0.64,0.46,1,139,274.8,95.3
NUVAMA,NUVAMAEQN,1694.2,1702.0,1702.0,7.8,0.46,563,958226,2066.0,1096.9
SUDARSCHEM,SUDARSCHEMEQN,1047.2,1052.0,1052.0,4.8,0.46,264,277728,1603.0,726.4
ATGL,ATGLEQN,666.95,670.0,670.0,3.05,0.46,1930,1293100,859.85,462.8
JAINREC,JAINRECEQN,323.45,324.95,324.95,1.5,0.46,10430,3389228,593.95,247.57
BAJAJHFL,BAJAJHFLEQN,87.11,87.5,87.5,0.39,0.45,11731,1026462,117.98,72.65
ZAGGLE,ZAGGLEEQN,203.84,204.75,204.75,0.91,0.45,630,128992,417.6,186.05
UFLEX,UFLEXEQN,475.35,477.5,477.5,2.15,0.45,51,24352,602.8,330.0
HEMIPROP,HEMIPROPEQN,138.88,139.5,139.5,0.62,0.45,2566,357957,190.69,111.2
PRAKASH,PRAKASHEQN,125.24,125.8,125.8,0.56,0.45,825,103785,190.9,110.24
3MINDIA,3MINDIAEQN,35725.0,35885.0,35885.0,160.0,0.45,3,107655,38030.0,28730.0
APEX,APEXEQN,378.3,380.0,380.0,1.7,0.45,152,57760,514.5,208.74
ABLBL,ABLBLEQN,94.57,95.0,95.0,0.43,0.45,3160,300200,151.33,87.91
CESC,CESCEQN,164.76,165.5,165.5,0.74,0.45,2700,446850,204.5,138.12
AVONMORE,AVONMOREEQN,11.16,11.21,11.21,0.05,0.45,101,1132,23.9,9.05
JSWCEMENT,JSWCEMENTEQN,131.91,132.5,132.5,0.59,0.45,1598,211735,162.15,106.65
FOCUS,FOCUSBEN,68.7,69.0,69.0,0.3,0.44,161,11109,110.0,57.06
NARMADA,NARMADAEQN,15.95,16.02,16.02,0.07,0.44,7047,112892,22.59,9.95
MANAKCOAT,MANAKCOATEQN,119.42,119.94,119.94,0.52,0.44,83,9955,182.82,94.2
MAITHANALL,MAITHANALLEQN,962.75,967.0,967.0,4.25,0.44,111,107337,1210.1,831.2
ESCORTS,ESCORTSEQN,3101.2,3115.0,3115.0,13.8,0.44,115,358225,4180.0,2700.0
SYNGENE,SYNGENEEQN,410.2,412.0,412.0,1.8,0.44,1968,810816,709.5,375.25
JSWENERGY,JSWENERGYEQN,568.0,570.5,570.5,2.5,0.44,1775,1012637,617.35,427.75
LLOYDSME,LLOYDSMEEQN,2053.0,2062.0,2062.0,9.0,0.44,504,1039248,2100.0,1042.9
LENSKART,LENSKARTEQN,567.5,570.0,570.0,2.5,0.44,1601,912570,575.7,356.1
WCIL,WCILEQN,91.39,91.78,91.78,0.39,0.43,3202,293879,147.29,77.02
COCHINSHIP,COCHINSHIPEQN,1430.0,1436.1,1436.1,6.1,0.43,1018,1461949,1979.9,1187.0
WHIRLPOOL,WHIRLPOOLEQN,820.5,824.05,824.05,3.55,0.43,521,429330,1437.0,753.15
SSWL,SSWLEQN,316.5,317.85,317.85,1.35,0.43,3442,1094039,328.4,169.0
HSCL,HSCLEQN,751.65,754.9,754.9,3.25,0.43,8812,6652178,819.5,418.5
RAILTEL,RAILTELEQN,289.95,291.2,291.2,1.25,0.43,1230,358176,412.9,245.0
TORNTPOWER,TORNTPOWEREQN,1341.0,1346.7,1346.7,5.7,0.43,417,561573,1824.1,1188.0
NAHARSPING,NAHARSPINGEQN,323.7,325.1,325.1,1.4,0.43,40,13004,327.4,149.2
ASIANPAINT,ASIANPAINTEQN,2775.0,2787.0,2787.0,12.0,0.43,3372,9397764,2985.7,2115.0
INOXWIND,INOXWINDEQN,79.21,79.55,79.55,0.34,0.43,12643,1005750,159.3,73.81
OFSS,OFSSEQN,11600.0,11650.0,11650.0,50.0,0.43,792,9226800,11979.0,6234.5
SIRCA,SIRCAEQN,437.0,438.85,438.85,1.85,0.42,503,220741,539.0,385.0
HIRECT,HIRECTEQN,1320.4,1325.9,1325.9,5.5,0.42,143,189603,1399.0,565.2
PSB,PSBEQN,23.87,23.97,23.97,0.1,0.42,23529,563990,32.46,20.5
ZUARI,ZUARIEQN,231.65,232.62,232.62,0.97,0.42,15,3489,393.55,175.1
BLS,BLSEQN,247.95,249.0,249.0,1.05,0.42,889,221361,414.9,218.9
FACT,FACTEQN,842.3,845.8,845.8,3.5,0.42,95,80351,1058.6,652.1
NAM-INDIA,NAM-INDIAEQN,1202.0,1207.0,1207.0,5.0,0.42,3796,4581772,1233.5,780.25
BHARATWIRE,BHARATWIREEQN,200.4,201.25,201.25,0.85,0.42,603,121353,262.0,148.01
AETHER,AETHEREQN,1578.3,1585.0,1585.0,6.7,0.42,1465,2322025,1614.4,726.45
TAJGVK,TAJGVKEQN,369.95,371.5,371.5,1.55,0.42,160,59440,512.65,281.35
VESUVIUS,VESUVIUSEQN,456.6,458.5,458.5,1.9,0.42,37,16964,607.9,430.3
VISAKAIND,VISAKAINDEQN,86.74,87.1,87.1,0.36,0.42,54,4703,91.4,50.2
AYE,AYEEQN,167.77,168.48,168.48,0.71,0.42,153,25777,197.29,88.22
VPRPL,VPRPLBEN,28.48,28.6,28.6,0.12,0.42,388,11096,163.37,23.94
EUREKAFORB,EUREKAFORBEQN,464.0,465.9,465.9,1.9,0.41,272,126724,668.3,403.2
MAXIND,MAXINDEQN,171.8,172.5,172.5,0.7,0.41,60,10350,241.57,120.0
GVKPIL,GVKPILBEN,2.42,2.43,2.43,0.01,0.41,2683,6519,4.06,2.32
SBC,SBCEQN,41.53,41.7,41.7,0.17,0.41,3696,154123,45.0,15.55
TITAGARH,TITAGARHEQN,849.75,853.25,853.25,3.5,0.41,1029,877994,971.0,568.7
MARICO,MARICOEQN,875.0,878.6,878.6,3.6,0.41,93184,81871462,889.1,690.3
SHREECEM,SHREECEMEQN,26900.0,27010.0,27010.0,110.0,0.41,6,162060,31920.0,22550.0
GENUSPOWER,GENUSPOWEREQN,316.05,317.35,317.35,1.3,0.41,2604,826379,394.0,210.4
THELEELA,THELEELAEQN,500.1,502.1,502.1,2.0,0.4,228,114478,517.95,384.5
PFOCUS,PFOCUSEQN,302.8,304.0,304.0,1.2,0.4,1405,427120,367.0,139.04
PHOENIXLTD,PHOENIXLTDEQN,1932.3,1940.0,1940.0,7.7,0.4,314,609160,2169.8,1402.5
PRINCEPIPE,PRINCEPIPEEQN,276.1,277.2,277.2,1.1,0.4,2899,803602,358.0,205.0
RAYMOND,RAYMONDEQN,605.1,607.5,607.5,2.4,0.4,402,244215,679.0,320.0
ADVENZYMES,ADVENZYMESEQN,322.65,323.95,323.95,1.3,0.4,437,141566,419.0,251.95
SADBHIN,SADBHINBEN,2.49,2.5,2.5,0.01,0.4,172,430,5.02,2.06
CMLL,CMLLEQN,565.9,568.15,568.15,2.25,0.4,5448,3095281,624.4,463.35
BANKINDIA,BANKINDIAEQN,140.44,140.99,140.99,0.55,0.39,31235,4403822,178.36,109.2
OLAELEC,OLAELECEQN,38.57,38.72,38.72,0.15,0.39,141030,5460681,71.25,22.25
RPPL,RPPLEQN,22.92,23.01,23.01,0.09,0.39,1224,28164,25.99,14.25
ATUL,ATULEQN,6793.5,6820.0,6820.0,26.5,0.39,59,402380,7180.0,5560.5
PRAJIND,PRAJINDEQN,318.75,320.0,320.0,1.25,0.39,1992,637440,471.95,273.0
SAKAR,SAKAREQN,916.05,919.6,919.6,3.55,0.39,66,60693,960.0,311.0
RECLTD,RECLTDEQN,368.0,369.45,369.45,1.45,0.39,2969,1096897,397.8,304.05
SANGAMIND,SANGAMINDEQN,613.3,615.7,615.7,2.4,0.39,313,192714,672.5,341.55
TATACAP,TATACAPEQN,360.6,362.0,362.0,1.4,0.39,4182,1513884,379.95,296.0
FSL,FSLEQN,330.7,332.0,332.0,1.3,0.39,11387,3780484,381.4,202.0
REPCOHOME,REPCOHOMEEQN,383.05,384.55,384.55,1.5,0.39,125,48068,455.9,333.6
EMMVEE,EMMVEEEQN,323.5,324.75,324.75,1.25,0.39,2018,655345,371.55,171.51
SAIPARENT,SAIPARENTEQN,531.7,533.75,533.75,2.05,0.39,129,68853,706.0,400.0
VIDYAWIRES,VIDYAWIRESEQN,92.14,92.5,92.5,0.36,0.39,2417,223572,117.35,42.51
SONACOMS,SONACOMSEQN,787.0,790.0,790.0,3.0,0.38,4294,3392260,794.45,402.3
HDFCLIFE,HDFCLIFEEQN,535.95,538.0,538.0,2.05,0.38,16120,8672560,815.0,530.5
CLEAN,CLEANEQN,774.55,777.5,777.5,2.95,0.38,344,267460,1256.8,652.0
IGARASHI,IGARASHIEQN,460.75,462.5,462.5,1.75,0.38,91,42087,665.0,271.05
COMPUSOFT,COMPUSOFTEQN,13.2,13.25,13.25,0.05,0.38,1,13,21.94,12.0
GRASIM,GRASIMEQN,3138.0,3150.0,3150.0,12.0,0.38,1568,4939200,3260.0,2502.5
AVANTEL,AVANTELEQN,164.07,164.7,164.7,0.63,0.38,4766,784960,215.0,117.05
WIPRO,WIPROEQN,186.3,187.0,187.0,0.7,0.38,39623,7409501,273.1,169.0
AJAXENGG,AJAXENGGEQN,593.8,596.0,596.0,2.2,0.37,58,34568,730.1,394.8
VEDL,VEDLEQN,269.0,270.0,270.0,1.0,0.37,35629,9619830,795.0,249.7
EMPOWER,EMPOWERBEN,2.69,2.7,2.7,0.01,0.37,43924,118594,2.82,1.3
AARTIPHARM,AARTIPHARMEQN,690.0,692.5,692.5,2.5,0.36,272,188360,946.1,585.0
APTUS,APTUSEQN,260.6,261.55,261.55,0.95,0.36,269,70356,364.0,193.03
FIRSTCRY,FIRSTCRYEQN,214.73,215.5,215.5,0.77,0.36,577,124343,438.7,202.56
PGIL,PGILEQN,2122.4,2130.0,2130.0,7.6,0.36,608,1295040,2144.2,1178.1
ABBOTINDIA,ABBOTINDIAEQN,27825.0,27925.0,27925.0,100.0,0.36,12,335100,34220.0,25150.0
GMDCLTD,GMDCLTDEQN,556.0,558.0,558.0,2.0,0.36,4228,2359224,771.9,383.6
EXIDEIND,EXIDEINDEQN,458.35,460.0,460.0,1.65,0.36,9554,4394840,461.4,287.0
KIRLFER,KIRLFEREQN,464.15,465.8,465.8,1.65,0.36,33,15371,513.0,408.0
SATIN,SATINEQN,235.05,235.9,235.9,0.85,0.36,544,128329,274.14,133.01
TVSHLTD,TVSHLTDEQN,14790.0,14842.0,14842.0,52.0,0.35,2,29684,16297.0,11063.0
MINDTECK,MINDTECKEQN,192.39,193.07,193.07,0.68,0.35,80,15445,307.68,145.13
EMCURE,EMCUREEQN,1978.1,1985.0,1985.0,6.9,0.35,60,119100,1999.0,1260.0
JSWSTEEL,JSWSTEELEQN,1300.0,1304.5,1304.5,4.5,0.35,4095,5341927,1328.0,1022.3
JKIL,JKILEQN,493.15,494.9,494.9,1.75,0.35,77,38107,717.8,425.0
BBTC,BBTCEQN,1505.7,1511.0,1511.0,5.3,0.35,206,311266,2135.0,1314.6
KAVDEFENCE,KAVDEFENCEEQN,57.18,57.38,57.38,0.2,0.35,1327,76143,162.87,51.51
GRAUWEIL,GRAUWEILEQN,71.75,72.0,72.0,0.25,0.35,3495,251640,87.4,62.09
LGBBROSLTD,LGBBROSLTDEQN,1519.8,1525.0,1525.0,5.2,0.34,10,15250,2048.0,1222.1
AURUM,AURUMEQN,216.21,216.95,216.95,0.74,0.34,2127,461452,264.64,151.9
BANCOINDIA,BANCOINDIAEQN,669.75,672.0,672.0,2.25,0.34,537,360864,879.8,502.0
PGHH,PGHHEQN,8639.5,8668.5,8668.5,29.0,0.34,35,303397,14509.0,8419.0
KUANTUM,KUANTUMEQN,79.4,79.67,79.67,0.27,0.34,25,1991,129.64,65.01
KERNEX,KERNEXEQN,2419.1,2427.4,2427.4,8.3,0.34,1170,2840058,2445.0,850.0
SIYSIL,SIYSILEQN,622.9,625.0,625.0,2.1,0.34,27,16875,848.8,433.35
IDBI,IDBIEQN,84.55,84.84,84.84,0.29,0.34,2968,251805,118.38,61.01
SUPREMEIND,SUPREMEINDEQN,3501.0,3512.9,3512.9,11.9,0.34,57,200235,4664.9,3140.0
EMSLIMITED,EMSLIMITEDEQN,408.6,410.0,410.0,1.4,0.34,801,328410,617.05,256.05
UBL,UBLEQN,1434.1,1439.0,1439.0,4.9,0.34,1430,2057770,1946.3,1276.0
SEPC,SEPCEQN,5.95,5.97,5.97,0.02,0.34,28058,167506,13.73,4.65
TOLINS,TOLINSEQN,103.45,103.8,103.8,0.35,0.34,52,5397,202.0,83.04
PINELABS,PINELABSEQN,151.19,151.7,151.7,0.51,0.34,47282,7172679,284.0,134.73
KISSHT,KISSHTEQN,307.65,308.7,308.7,1.05,0.34,2948,910047,351.5,190.0
GKSL,GKSLEQN,130.55,131.0,131.0,0.45,0.34,217,28427,148.34,98.36
VINCOFE,VINCOFEEQN,152.75,153.25,153.25,0.5,0.33,1305,199991,179.85,120.24
RPOWER,RPOWEREQN,24.07,24.15,24.15,0.08,0.33,108702,2625153,50.85,20.17
MSUMI,MSUMIEQN,39.75,39.88,39.88,0.13,0.33,102303,4079843,53.59,35.7
EIHAHOTELS,EIHAHOTELSEQN,315.75,316.8,316.8,1.05,0.33,347,109929,434.9,266.65
CUMMINSIND,CUMMINSINDEQN,5550.0,5568.5,5568.5,18.5,0.33,809,4504916,6100.0,3494.2
BMWVENTLTD,BMWVENTLTDEQN,57.16,57.35,57.35,0.19,0.33,1,57,78.0,48.0
CLAYCRAFT,CLAYCRAFTSMN,180.4,181.0,181.0,0.6,0.33,600,108600,224.0,149.0
EIMCOELECO,EIMCOELECOEQN,1873.8,1879.8,1879.8,6.0,0.32,134,251893,2535.9,1405.5
TATATECH,TATATECHEQN,762.55,765.0,765.0,2.45,0.32,1667,1275255,784.0,507.4
PARKHOTELS,PARKHOTELSEQN,123.7,124.1,124.1,0.4,0.32,503,62422,164.1,95.1
EICHERMOT,EICHERMOTEQN,7935.0,7960.0,7960.0,25.0,0.32,1301,10355960,8230.0,5520.0
J&KBANK,J&KBANKEQN,157.81,158.31,158.31,0.5,0.32,4144,656036,201.75,97.35
BCG,BCGEQN,9.46,9.49,9.49,0.03,0.32,13605,129111,17.7,7.7
BIKAJI,BIKAJIEQN,647.9,650.0,650.0,2.1,0.32,198,128700,818.7,592.55
IRBINVIT,IRBINVITIVN,63.28,63.48,63.48,0.2,0.32,6609,419539,64.97,57.05
KSOLVES,KSOLVESEQN,283.05,283.95,283.95,0.9,0.32,38,10790,354.85,245.75
TRIDENT,TRIDENTEQN,24.97,25.05,25.05,0.08,0.32,12993,325474,30.94,21.98
ZTECH,ZTECHSMN,528.3,530.0,530.0,1.7,0.32,300,159000,701.0,460.0
IONEXCHANG,IONEXCHANGEQN,424.6,425.95,425.95,1.35,0.32,567,241513,486.0,312.7
PFS,PFSEQN,28.07,28.16,28.16,0.09,0.32,3047,85803,40.69,23.85
LUXIND,LUXINDEQN,1267.9,1272.0,1272.0,4.1,0.32,50,63600,1823.35,824.05
EVERESTIND,EVERESTINDBEN,464.8,466.25,466.25,1.45,0.31,5,2331,750.0,284.9
MUKKA,MUKKAEQN,22.95,23.02,23.02,0.07,0.31,169,3890,31.23,18.27
BALAMINES,BALAMINESEQN,1994.9,2001.0,2001.0,6.1,0.31,657,1314657,2443.6,968.1
BAJAJHLDNG,BAJAJHLDNGEQN,11475.0,11510.0,11510.0,35.0,0.31,105,1208550,14763.0,8588.0
FORTIS,FORTISEQN,932.8,935.7,935.7,2.9,0.31,1899,1776894,1104.3,766.8
BLIL,BLILEQN,70.76,70.98,70.98,0.22,0.31,25,1774,79.5,67.0
TURTLEMINT,TURTLEMINTEQN,114.65,115.0,115.0,0.35,0.31,2291,263465,154.3,114.11
JPOLYINVST,JPOLYINVSTEQN,1061.8,1065.0,1065.0,3.2,0.3,104,110760,1487.7,716.05
ECLERX,ECLERXEQN,1919.2,1924.9,1924.9,5.7,0.3,678,1305082,2497.5,1320.0
AHLUCONT,AHLUCONTEQN,830.7,833.2,833.2,2.5,0.3,179,149142,1077.95,645.15
CHALET,CHALETEQN,825.65,828.15,828.15,2.5,0.3,751,621940,1070.1,691.35
SWARAJENG,SWARAJENGEQN,3598.6,3609.3,3609.3,10.7,0.3,13,46920,4545.0,3301.3
EASEMYTRIP,EASEMYTRIPEQN,6.59,6.61,6.61,0.02,0.3,16460,108800,10.6,5.77
JINDWORLD,JINDWORLDEQN,39.88,40.0,40.0,0.12,0.3,28424,1136960,42.4,17.85
TRUALT,TRUALTEQN,436.7,438.0,438.0,1.3,0.3,490,214620,549.0,310.2
JKIPL,JKIPLBEN,97.89,98.18,98.18,0.29,0.3,2,196,126.95,45.4
CANHLIFE,CANHLIFEEQN,148.66,149.11,149.11,0.45,0.3,306,45627,166.69,106.0
IDEAFORGE,IDEAFORGEBEN,882.3,884.95,884.95,2.65,0.3,723,639818,992.25,366.0
QUESS,QUESSEQN,323.05,324.0,324.0,0.95,0.29,3010,975240,349.5,166.3
DOLATALGO,DOLATALGOEQN,67.9,68.1,68.1,0.2,0.29,250,17025,95.76,65.0
SBFC,SBFCEQN,92.17,92.44,92.44,0.27,0.29,445,41135,123.0,79.6
FCL,FCLEQN,38.44,38.55,38.55,0.11,0.29,12274,473162,47.18,19.1
JKPAPER,JKPAPEREQN,382.75,383.85,383.85,1.1,0.29,97,37233,444.8,304.85
SINDHUTRAD,SINDHUTRADEQN,24.37,24.44,24.44,0.07,0.29,1620,39592,32.74,17.64
HUDCO,HUDCOEQN,203.41,204.0,204.0,0.59,0.29,6880,1403520,246.85,159.0
KRSNAA,KRSNAAEQN,562.15,563.8,563.8,1.65,0.29,335,188873,894.4,515.0
NUCLEUS,NUCLEUSEQN,698.3,700.3,700.3,2.0,0.29,78,54623,1084.8,682.0
FISCHER,FISCHEREQN,37.89,38.0,38.0,0.11,0.29,1301,49438,124.7,31.05
MOTISONS,MOTISONSEQN,14.18,14.22,14.22,0.04,0.28,20638,293472,21.36,10.62
PURVA,PURVAEQN,208.47,209.05,209.05,0.58,0.28,6,1254,305.0,160.69
SHOPERSTOP,SHOPERSTOPEQN,406.85,408.0,408.0,1.15,0.28,504,205632,572.0,275.95
MAXHEALTH,MAXHEALTHEQN,1077.0,1080.0,1080.0,3.0,0.28,3186,3440880,1301.7,903.0
CAMLINFINE,CAMLINFINEEQN,130.23,130.59,130.59,0.36,0.28,1533,200194,275.05,96.21
IRCON,IRCONEQN,131.93,132.3,132.3,0.37,0.28,6909,914060,189.5,114.5
CAMPUS,CAMPUSEQN,223.77,224.39,224.39,0.62,0.28,606,135980,297.0,215.2
ICICIPRULI,ICICIPRULIEQN,513.55,515.0,515.0,1.45,0.28,203,104545,706.8,459.5
PATANJALI,PATANJALIEQN,359.9,360.9,360.9,1.0,0.28,14319,5167727,623.67,328.2
BELRISE,BELRISEEQN,240.34,240.99,240.99,0.65,0.27,7591,1829355,252.0,132.5
VERANDA,VERANDAEQN,257.3,258.0,258.0,0.7,0.27,444,114552,272.5,130.02
MARATHON,MARATHONEQN,391.45,392.5,392.5,1.05,0.27,28,10990,698.4,368.3
PGHL,PGHLEQN,6482.5,6500.0,6500.0,17.5,0.27,16,104000,6975.0,4707.0
NETWORK18,NETWORK18EQN,30.05,30.13,30.13,0.08,0.27,8491,255833,59.79,27.38
NCC,NCCEQN,143.11,143.5,143.5,0.39,0.27,7505,1076967,225.95,130.0
INDHOTEL,INDHOTELEQN,750.0,752.0,752.0,2.0,0.27,4294,3229088,811.95,565.0
NILAINFRA,NILAINFRAEQN,7.53,7.55,7.55,0.02,0.27,102,770,12.0,5.9
NEWGEN,NEWGENEQN,561.35,562.8,562.8,1.45,0.26,4373,2461124,1041.95,401.05
WESTLIFE,WESTLIFEEQN,542.55,543.95,543.95,1.4,0.26,374,203437,775.0,398.4
TECHNOE,TECHNOEEQN,985.4,988.0,988.0,2.6,0.26,357,352716,1575.0,870.0
ANDHRAPAP,ANDHRAPAPEQN,61.94,62.1,62.1,0.16,0.26,5202,323044,86.89,58.0
KPRMILL,KPRMILLEQN,1057.3,1060.0,1060.0,2.7,0.26,282,298920,1334.0,796.1
PRIVISCL,PRIVISCLEQN,3660.5,3670.0,3670.0,9.5,0.26,311,1141370,3785.3,2173.2
POLYCAB,POLYCABEQN,9176.0,9200.0,9200.0,24.0,0.26,2843,26155600,10126.0,6620.0
DEN,DENEQN,27.42,27.49,27.49,0.07,0.26,116,3188,38.6,22.52
BAJFINANCE,BAJFINANCEEQN,1149.0,1152.0,1152.0,3.0,0.26,37058,42690816,1176.4,787.9
TATACOMM,TATACOMMEQN,1778.5,1783.1,1783.1,4.6,0.26,206,367318,2110.0,1322.5
ZENSARTECH,ZENSARTECHEQN,511.8,513.1,513.1,1.3,0.25,4594,2357181,868.95,423.0
WANBURY,WANBURYEQN,278.9,279.6,279.6,0.7,0.25,216,60393,358.85,161.5
IRB,IRBEQN,20.13,20.13,20.13,0.05,0.25,41017,825672,23.95,19.15
LUMAXTECH,LUMAXTECHEQN,1634.3,1638.4,1638.4,4.1,0.25,171,280166,1898.0,954.1
MANORAMA,MANORAMAEQN,1617.8,1621.9,1621.9,4.1,0.25,36,58388,1676.7,1060.6
GRANULES,GRANULESEQN,825.7,827.8,827.8,2.1,0.25,626,518202,910.0,432.6
NFL,NFLEQN,71.84,72.02,72.02,0.18,0.25,1878,135253,102.97,63.35
GARUDA,GARUDAEQN,173.39,173.8,173.8,0.41,0.24,606,105322,249.3,130.0
INSECTICID,INSECTICIDEQN,658.35,659.9,659.9,1.55,0.24,1,659,1080.0,518.6
PIIND,PIINDEQN,2785.5,2792.3,2792.3,6.8,0.24,271,756713,4190.1,2527.0
NITINSPIN,NITINSPINEQN,571.65,573.0,573.0,1.35,0.24,8,4584,584.5,302.2
AADHARHFC,AADHARHFCEQN,492.8,494.0,494.0,1.2,0.24,125,61750,563.0,430.15
ABCAPITAL,ABCAPITALEQN,420.0,421.0,421.0,1.0,0.24,5417,2280557,430.7,251.5
V2RETAIL,V2RETAILEQN,217.74,218.25,218.25,0.51,0.23,782,170671,259.25,158.56
IRFC,IRFCEQN,89.6,89.81,89.81,0.21,0.23,22954,2061498,137.17,86.02
HDFCAMC,HDFCAMCEQN,2556.0,2562.0,2562.0,6.0,0.23,610,1562820,2967.25,2205.6
SYNCOMF,SYNCOMFEQN,13.3,13.33,13.33,0.03,0.23,6549,87298,18.86,10.21
GSFC,GSFCEQN,160.68,161.05,161.05,0.37,0.23,724,116600,220.59,138.83
WHEELS,WHEELSEQN,1408.8,1412.0,1412.0,3.2,0.23,101,142612,1808.0,705.85
FINCABLES,FINCABLESEQN,993.25,995.5,995.5,2.25,0.23,514,511687,1203.9,700.8
ALLDIGI,ALLDIGIEQN,813.1,814.9,814.9,1.8,0.22,31,25261,1084.0,700.0
LAURUSLABS,LAURUSLABSEQN,1850.0,1854.0,1854.0,4.0,0.22,22734,42148836,1850.0,810.05
KHAICHEM,KHAICHEMEQN,49.39,49.5,49.5,0.11,0.22,1,49,135.8,42.92
FINPIPE,FINPIPEEQN,165.43,165.8,165.8,0.37,0.22,1107,183540,222.5,147.54
ALKEM,ALKEMEQN,5608.0,5620.5,5620.5,12.5,0.22,34,191097,5933.5,4738.5
MGL,MGLEQN,1111.6,1114.1,1114.1,2.5,0.22,753,838917,1378.0,900.0
BAYERCROP,BAYERCROPEQN,4331.0,4280.0,4280.0,9.0,0.21,617,2640760,6415.0,4030.0
CMSINFO,CMSINFOEQN,279.4,280.0,280.0,0.6,0.21,1533,429240,454.5,255.15
POWERGRID,POWERGRIDEQN,283.4,284.0,284.0,0.6,0.21,57572,16350448,324.95,250.0
VGUARD,VGUARDEQN,313.35,314.0,314.0,0.65,0.21,2118,665052,392.2,288.8
WEWORK,WEWORKEQN,737.35,738.9,738.9,1.55,0.21,156,115268,767.0,420.0
PREMEXPLN,PREMEXPLNEQN,661.1,662.45,662.45,1.35,0.2,272,180186,829.8,378.4
VIPIND,VIPINDEQN,301.5,302.1,302.1,0.6,0.2,173,52263,466.0,278.25
CAPINVIT,CAPINVITIVN,75.25,75.4,75.4,0.15,0.2,1020,76908,81.9,67.0
MAYURUNIQ,MAYURUNIQEQN,774.45,776.0,776.0,1.55,0.2,98,76048,907.0,471.2
RML,RMLEQN,1173.6,1176.0,1176.0,2.4,0.2,34,39984,1323.9,608.5
SONATSOFTW,SONATSOFTWEQN,350.3,351.0,351.0,0.7,0.2,2775,974025,421.5,207.15
UNITDSPR,UNITDSPREQN,1525.0,1528.0,1528.0,3.0,0.2,682,1042096,1548.0,1210.8
BOMDYEING,BOMDYEINGEQN,121.96,122.2,122.2,0.24,0.2,1171,143096,195.45,92.0
HIKAL,HIKALEQN,228.54,229.0,229.0,0.46,0.2,150,34350,320.0,146.25
KOVAI,KOVAIEQN,5862.0,5874.0,5874.0,12.0,0.2,10,58740,6340.0,5275.5
DCI,DCIEQN,340.35,341.0,341.0,0.65,0.19,18,6138,475.0,208.98
BHARATRAS,BHARATRASEQN,1345.4,1347.9,1347.9,2.5,0.19,72,97048,3000.0,1203.0
MFSL,MFSLEQN,1519.3,1522.2,1522.2,2.9,0.19,229,348583,1892.5,1433.6
ASIANTILES,ASIANTILESEQN,53.1,53.2,53.2,0.1,0.19,1071,56977,79.06,42.5
TI,TIEQN,491.15,492.1,492.1,0.95,0.19,13675,6729467,549.7,381.55
GOODLUCK,GOODLUCKEQN,1502.3,1505.1,1505.1,2.8,0.19,43,64719,1672.1,915.0
SUNPHARMA,SUNPHARMAEQN,1964.0,1967.8,1967.8,3.8,0.19,4578,9008588,2046.9,1548.0
BEL,BELEQN,391.5,392.25,392.25,0.75,0.19,21150,8296087,473.45,361.2
ATULAUTO,ATULAUTOEQN,557.8,558.8,558.8,1.0,0.18,1412,789025,579.8,380.05
VMM,VMMEQN,111.3,111.5,111.5,0.2,0.18,35169,3921343,157.6,98.77
GPIL,GPILEQN,244.71,245.15,245.15,0.44,0.18,2235,547910,320.0,185.32
KIOCL,KIOCLEQN,391.3,392.0,392.0,0.7,0.18,553,216776,634.55,290.65
TALBROAUTO,TALBROAUTOEQN,415.25,416.0,416.0,0.75,0.18,240,99840,435.0,219.9
UNOMINDA,UNOMINDAEQN,1227.0,1229.2,1229.2,2.2,0.18,3040,3736768,1382.0,994.0
SEAMECLTD,SEAMECLTDEQN,1480.5,1483.1,1483.1,2.6,0.18,30,44493,1709.2,752.55
MTNL,MTNLEQN,27.81,27.86,27.86,0.05,0.18,3321,92523,48.19,21.26
BLUESTARCO,BLUESTARCOEQN,1685.0,1688.1,1688.1,3.1,0.18,65,109726,2040.0,1450.0
BOROSCI,BOROSCIEQN,145.75,146.01,146.01,0.26,0.18,1338,195361,180.8,96.64
HATHWAY,HATHWAYEQN,10.92,10.94,10.94,0.02,0.18,2764,30238,15.25,8.76
SGMART,SGMARTEQN,718.8,720.1,720.1,1.3,0.18,121,87132,737.45,313.1
SREEL,SREELEQN,212.61,213.0,213.0,0.39,0.18,318,67734,258.0,165.25
QPOWER,QPOWERBEN,1136.8,1138.8,1138.8,2.0,0.18,192,218649,1441.0,581.0
KECL,KECLEQN,136.56,136.8,136.8,0.24,0.18,227,31053,148.0,75.47
ZFSTEERING,ZFSTEERINGEQN,665.95,667.15,667.15,1.2,0.18,2,1334,894.98,620.65
ADVANIHOTR,ADVANIHOTREQN,52.43,52.52,52.52,0.09,0.17,21,1102,68.39,47.0
GLAND,GLANDEQN,2583.1,2587.5,2587.5,4.4,0.17,441,1141087,2634.3,1573.6
MODIS,MODISEQN,396.0,396.65,396.65,0.65,0.16,2,793,429.05,276.0
CYIENTDLM,CYIENTDLMEQN,667.5,668.55,668.55,1.05,0.16,847,566261,734.95,265.2
ADANIENT,ADANIENTEQN,3050.0,3055.0,3055.0,5.0,0.16,2006,6128330,3245.0,1753.0
CEIGALL,CEIGALLEQN,339.85,340.4,340.4,0.55,0.16,247,84078,405.7,222.61
RELIANCE,RELIANCEEQN,1290.9,1293.0,1293.0,2.1,0.16,131110,169525230,1611.8,1249.8
DLINKINDIA,DLINKINDIAEQN,441.3,442.0,442.0,0.7,0.16,80,35360,549.2,367.65
DBREALTY,DBREALTYBEN,112.92,113.1,113.1,0.18,0.16,275,31102,187.4,83.5
CRIZAC,CRIZACEQN,191.74,192.05,192.05,0.31,0.16,944,181295,387.95,173.35
STLNETWORK,STLNETWORKBEN,24.36,24.4,24.4,0.04,0.16,26,634,35.4,15.75
ABFRL,ABFRLEQN,61.0,61.09,61.09,0.09,0.15,7620,465505,94.95,53.51
EKC,EKCEQN,109.04,109.2,109.2,0.16,0.15,21,2293,156.79,90.25
SAFARI,SAFARIEQN,1512.9,1515.1,1515.1,2.2,0.15,70,106057,2507.1,1363.1
GLOBECIVIL,GLOBECIVILEQN,40.64,40.7,40.7,0.06,0.15,1,40,85.3,33.5
PRSMJOHNSN,PRSMJOHNSNEQN,108.84,109.0,109.0,0.16,0.15,33,3597,176.0,103.08
ORIENTELEC,ORIENTELECEQN,176.74,177.0,177.0,0.26,0.15,1449,256473,219.0,149.05
PGINVIT,PGINVITIVN,97.74,97.89,97.89,0.15,0.15,4110,402327,102.0,86.3
SRF,SRFEQN,2642.3,2646.3,2646.3,4.0,0.15,346,915619,3210.0,2355.0
ASTRAMICRO,ASTRAMICROEQN,1835.4,1838.2,1838.2,2.8,0.15,667,1226079,1960.0,851.0
PNB,PNBEQN,113.99,114.16,114.16,0.17,0.15,27949,3190657,135.15,98.5
SEDEMAC,SEDEMACEQN,2795.9,2800.0,2800.0,4.1,0.15,202,565600,2977.7,1413.1
TARC,TARCEQN,133.31,133.5,133.5,0.19,0.14,359,47926,186.3,109.1
NRBBEARING,NRBBEARINGEQN,429.9,430.5,430.5,0.6,0.14,199,85669,467.6,212.55
CHOICEIN,CHOICEINEQN,824.8,825.95,825.95,1.15,0.14,2522,2083045,860.5,568.7
ASALCBR,ASALCBREQN,768.8,769.9,769.9,1.1,0.14,10,7699,1277.0,660.65
MEIL,MEILEQN,286.55,286.95,286.95,0.4,0.14,16,4591,573.7,206.26
OSWALGREEN,OSWALGREENEQN,21.52,21.55,21.55,0.03,0.14,226,4870,46.99,19.76
UTKARSHBNK,UTKARSHBNKEQN,14.54,14.56,14.56,0.02,0.14,2041,29716,22.03,10.12
NAHARPOLY,NAHARPOLYEQN,278.6,279.0,279.0,0.4,0.14,79,22041,340.3,200.0
FDC,FDCEQN,402.65,403.2,403.2,0.55,0.14,1105,445536,527.8,312.95
DIVISLAB,DIVISLABEQN,8378.0,8389.5,8389.5,11.5,0.14,482,4043739,8585.0,5636.5
UNIDT,UNIDTBEN,238.65,238.99,238.99,0.34,0.14,52,12427,254.97,146.0
PNGJL,PNGJLEQN,654.15,655.0,655.0,0.85,0.13,404,264620,736.4,503.0
NITCO,NITCOEQN,107.06,107.2,107.2,0.14,0.13,109,11684,141.99,64.0
UGARSUGAR,UGARSUGAREQN,44.98,45.04,45.04,0.06,0.13,4165,187591,48.85,33.75
SDBL,SDBLEQN,71.24,71.33,71.33,0.09,0.13,341,24323,155.74,61.8
WELCORP,WELCORPEQN,1736.6,1738.8,1738.8,2.2,0.13,4774,8301031,1743.5,710.0
TTML,TTMLEQN,39.88,39.93,39.93,0.05,0.13,5684,226962,60.89,31.22
HAL,HALEQN,4635.0,4641.0,4641.0,6.0,0.13,824,3824184,4978.0,3479.1
HONASA,HONASAEQN,459.4,460.0,460.0,0.6,0.13,560,257600,491.35,248.4
TMPV,TMPVEQN,348.55,349.0,349.0,0.45,0.13,24980,8718020,739.7,294.3
ITDC,ITDCEQN,705.05,705.95,705.95,0.9,0.13,882,622647,822.0,368.0
OBEROIRLTY,OBEROIRLTYEQN,1778.8,1781.1,1781.1,2.3,0.13,948,1688482,1986.1,1391.2
MADHAVIPL,MADHAVIPLEQN,7.89,7.9,7.9,0.01,0.13,58,458,9.9,7.61
KNACK,KNACKEQN,198.7,198.95,198.95,0.25,0.13,7153,1423089,220.72,180.33
YATHARTH,YATHARTHEQN,845.5,846.5,846.5,1.0,0.12,87,73645,889.9,538.25
SHANTIGEAR,SHANTIGEAREQN,409.5,410.0,410.0,0.5,0.12,30,12300,598.9,388.45
BHARATFORG,BHARATFORGEQN,2195.0,2197.7,2197.7,2.7,0.12,339,745020,2238.0,1100.5
DATAPATTNS,DATAPATTNSEQN,4554.7,4560.0,4560.0,5.3,0.12,1421,6479760,4955.9,2131.0
GREENPLY,GREENPLYEQN,287.65,288.0,288.0,0.35,0.12,230,66240,334.4,176.42
KARURVYSYA,KARURVYSYAEQN,341.45,341.85,341.85,0.4,0.12,2539,867957,351.8,201.82
KRONOX,KRONOXEQN,161.83,162.0,162.0,0.17,0.11,12,1944,180.5,96.0
INDOBORAX,INDOBORAXEQN,404.6,405.05,405.05,0.45,0.11,94,38074,499.0,224.0
REDINGTON,REDINGTONEQN,349.6,350.0,350.0,0.4,0.11,22038,7713300,357.8,191.31
AXISCADES,AXISCADESEQN,1583.2,1585.0,1585.0,1.8,0.11,25,39625,2211.0,1063.3
INDIACEM,INDIACEMEQN,391.4,391.8,391.8,0.4,0.1,159,62296,485.8,342.35
AWHCL,AWHCLEQN,429.55,430.0,430.0,0.45,0.1,495,212850,635.8,372.5
VOLTAS,VOLTASEQN,1327.7,1329.0,1329.0,1.3,0.1,431,572799,1582.5,1186.8
TRAVELFOOD,TRAVELFOODEQN,1366.1,1367.3,1367.3,1.2,0.09,142,194156,1445.0,1008.5
NSIL,NSILEQN,5596.0,5601.0,5601.0,5.0,0.09,1,5601,8730.0,4700.0
SALSTEEL,SALSTEELEQN,56.95,57.0,57.0,0.05,0.09,111,6327,65.5,14.37
ADANIPORTS,ADANIPORTSEQN,1706.7,1708.2,1708.2,1.5,0.09,2646,4519897,1891.1,1290.5
GREENPANEL,GREENPANELEQN,199.83,200.01,200.01,0.18,0.09,245,49002,333.8,163.01
MOIL,MOILEQN,282.75,283.0,283.0,0.25,0.09,1921,543643,404.9,242.35
INA,INAEQN,115.92,116.03,116.03,0.11,0.09,1806,209550,161.81,79.75
SHRIRAMPPS,SHRIRAMPPSEQN,84.67,84.75,84.75,0.08,0.09,449,38052,99.44,60.57
NSLNISP,NSLNISPEQN,44.01,44.05,44.05,0.04,0.09,9770,430368,53.75,33.01
GHCL,GHCLEQN,445.1,445.5,445.5,0.4,0.09,30,13365,667.2,416.6
AUROPHARMA,AUROPHARMAEQN,1585.9,1587.3,1587.3,1.4,0.09,997,1582538,1636.8,1016.1
INTERARCH,INTERARCHEQN,1843.1,1844.8,1844.8,1.7,0.09,5,9224,2762.6,1600.0
JYOTHYLAB,JYOTHYLABEQN,201.91,202.09,202.09,0.18,0.09,282,56989,352.7,188.1
METALIC,METALICSTN,105.9,106.0,106.0,0.1,0.09,9600,1017600,105.9,81.4
EXICOM,EXICOMEQN,165.87,166.0,166.0,0.13,0.08,3139,521074,182.9,75.6
KSL,KSLEQN,870.9,871.6,871.6,0.7,0.08,24,20918,982.55,574.0
JKLAKSHMI,JKLAKSHMIEQN,570.55,571.0,571.0,0.45,0.08,65,37115,1005.65,549.95
MCLEODRUSS,MCLEODRUSSBEN,50.97,51.01,51.01,0.04,0.08,1,51,78.41,28.5
IDEA,IDEAEQN,12.9,12.91,12.91,0.01,0.08,881825,11384360,15.34,6.12
AKUMS,AKUMSEQN,667.4,667.95,667.95,0.55,0.08,165,110211,714.7,409.3
TCPLPACK,TCPLPACKEQN,3211.5,3214.2,3214.2,2.7,0.08,9,28927,3589.8,2200.0
RANEHOLDIN,RANEHOLDINEQN,1864.6,1866.0,1866.0,1.4,0.08,69,128754,1894.5,981.0
LGEINDIA,LGEINDIAEQN,1542.5,1543.7,1543.7,1.2,0.08,548,845947,1749.0,1304.1
INDOMIM,INDOMIMEQN,769.4,770.0,770.0,0.6,0.08,11692,9002840,815.9,700.0
MBEL,MBELEQN,295.75,296.0,296.0,0.25,0.08,3,888,535.9,223.05
URBANCO,URBANCOEQN,141.89,142.0,142.0,0.11,0.08,57455,8158610,201.18,100.7
DHAMPURSUG,DHAMPURSUGEQN,151.38,151.5,151.5,0.12,0.08,2449,371023,167.25,110.0
IRCTC,IRCTCEQN,510.25,510.6,510.6,0.35,0.07,1876,957885,743.0,485.3
RUPA,RUPAEQN,162.88,163.0,163.0,0.12,0.07,100,16300,218.0,109.21
DIVGIITTS,DIVGIITTSEQN,961.35,962.0,962.0,0.65,0.07,45,43290,1065.0,573.7
NAZARA,NAZARAEQN,349.5,349.75,349.75,0.25,0.07,8866,3100883,363.25,215.7
BASF,BASFEQN,3947.1,3950.0,3950.0,2.9,0.07,4361,17225950,4862.8,3122.2
BATAINDIA,BATAINDIAEQN,709.55,710.05,710.05,0.5,0.07,671,476443,1282.5,605.0
ESAFSFB,ESAFSFBEQN,41.98,42.01,42.01,0.03,0.07,12714,534115,43.5,19.78
SUDARCOLOR,SUDARCOLOREQN,377.75,378.0,378.0,0.25,0.07,6,2268,608.0,268.25
BAJAJELEC,BAJAJELECEQN,349.7,349.9,349.9,0.2,0.06,2194,767680,653.8,301.0
BHARATSE,BHARATSEEQN,231.87,232.0,232.0,0.13,0.06,1578,366096,263.18,104.4
KAMATHOTEL,KAMATHOTELEQN,172.8,172.9,172.9,0.1,0.06,55,9509,329.8,140.2
HAVELLS,HAVELLSEQN,1295.0,1295.8,1295.8,0.8,0.06,707,916130,1621.1,1123.6
FLAIR,FLAIREQN,249.95,250.1,250.1,0.15,0.06,61,15256,348.8,242.9
HATSUN,HATSUNEQN,891.4,891.9,891.9,0.5,0.06,90,80271,1179.0,855.3
ALEMBICLTD,ALEMBICLTDEQN,88.55,88.6,88.6,0.05,0.06,1096,97105,114.8,70.46
OSWALAGRO,OSWALAGROEQN,38.93,38.95,38.95,0.02,0.05,27,1051,93.39,33.4
JNKINDIA,JNKINDIAEQN,429.3,429.5,429.5,0.2,0.05,381,163639,558.0,200.92
SOUTHWEST,SOUTHWESTEQN,235.88,236.0,236.0,0.12,0.05,1052,248272,275.0,121.0
BALMLAWRIE,BALMLAWRIEEQN,174.42,174.51,174.51,0.09,0.05,204,35600,238.2,148.36
TBZ,TBZEQN,275.85,276.0,276.0,0.15,0.05,3429,946404,295.7,110.5
BAJAJINDEF,BAJAJINDEFEQN,232.08,230.2,230.2,0.12,0.05,100,23020,449.9,207.25
BHAGCHEM,BHAGCHEMEQN,286.1,286.25,286.25,0.15,0.05,983,281383,316.9,170.6
SKFINDIA,SKFINDIAEQN,1493.3,1494.0,1494.0,0.7,0.05,4,5976,5074.0,1404.0
ANURAS,ANURASEQN,1214.4,1215.0,1215.0,0.6,0.05,54,65610,1415.0,1045.2
ABREL,ABRELEQN,1424.1,1424.6,1424.6,0.5,0.04,83,118241,1965.3,1080.1
MUFTI,MUFTIEQN,82.23,82.26,82.26,0.03,0.04,50,4113,132.8,63.06
GLAXO,GLAXOEQN,2647.0,2648.0,2648.0,1.0,0.04,180,476640,2936.0,2088.1
BLUEDART,BLUEDARTEQN,5364.5,5366.5,5366.5,2.0,0.04,26,139529,7036.0,4628.5
SPIC,SPICEQN,68.09,68.12,68.12,0.03,0.04,1183,80585,128.2,55.1
THOMASCOOK,THOMASCOOKEQN,105.97,106.01,106.01,0.04,0.04,1239,131346,181.55,86.35
AFFLE,AFFLEEQN,1683.3,1684.0,1684.0,0.7,0.04,1392,2344128,2185.9,1251.3
WAAREERTL,WAAREERTLEQN,912.6,913.0,913.0,0.4,0.04,591,539583,1358.0,779.5
TEXINFRA,TEXINFRAEQN,113.95,114.0,114.0,0.05,0.04,100,11400,118.0,82.5
SAGCEM,SAGCEMEQN,172.94,172.99,172.99,0.05,0.03,373,64525,299.4,148.7
SALZERELEC,SALZERELECEQN,612.1,612.3,612.3,0.2,0.03,35,21430,964.7,488.8
POLYMED,POLYMEDEQN,1724.5,1725.1,1725.1,0.6,0.03,44,75904,2144.9,1182.0
BAJAJHCARE,BAJAJHCAREEQN,335.6,335.7,335.7,0.1,0.03,189,63447,515.9,272.35
MSTCLTD,MSTCLTDEQN,599.8,599.95,599.95,0.15,0.03,636,381568,743.9,362.15
NAVNETEDUL,NAVNETEDULEQN,128.63,128.67,128.67,0.04,0.03,1065,137033,168.5,121.5
TIMETECHNO,TIMETECHNOEQN,208.83,208.9,208.9,0.07,0.03,3623,756844,249.15,154.0
SHILCTECH,SHILCTECHEQN,4663.7,4665.0,4665.0,1.3,0.03,84,391860,5399.0,2852.5
SBIN,SBINEQN,1042.7,1043.0,1043.0,0.3,0.03,22756,23734508,1234.7,786.55
CAPITALSFB,CAPITALSFBEQN,295.3,295.4,295.4,0.1,0.03,84,24813,326.35,206.55
SIKA,SIKAEQN,1113.2,1110.0,1110.0,0.3,0.03,15,16650,1359.4,870.1
SHK,SHKEQN,165.77,165.8,165.8,0.03,0.02,456,75604,275.5,111.98
PODDARMENT,PODDARMENTEQN,251.75,251.8,251.8,0.05,0.02,100,25180,303.0,201.1
BIRLACORPN,BIRLACORPNEQN,902.3,902.45,902.45,0.15,0.02,126,113708,1346.1,769.6
KPIL,KPILEQN,1279.7,1280.0,1280.0,0.3,0.02,153,195840,1479.6,1007.1
AMBIKCO,AMBIKCOEQN,1779.3,1779.6,1779.6,0.3,0.02,15,26694,1816.3,1101.0
AGIIL,AGIILEQN,306.85,306.9,306.9,0.05,0.02,3747,1149954,434.4,211.0
PNBGILTS,PNBGILTSEQN,82.79,82.81,82.81,0.02,0.02,112,9274,109.99,58.6
BDL,BDLEQN,1265.0,1265.3,1265.3,0.3,0.02,911,1152688,1654.0,1086.0
INDORAMA,INDORAMAEQN,64.46,64.47,64.47,0.01,0.02,3268,210687,75.0,29.0
NITTAGELA,NITTAGELAEQN,1637.7,1638.0,1638.0,0.3,0.02,132,216216,2087.2,837.05
PLAZACABLE,PLAZACABLEBEN,46.2,46.21,46.21,0.01,0.02,500,23105,65.0,27.0
KROSS,KROSSEQN,207.48,207.5,207.5,0.02,0.01,582,120765,237.6,150.52
XCHANGING,XCHANGINGEQN,68.39,68.4,68.4,0.01,0.01,50,3420,103.0,47.5
SANSTAR,SANSTAREQN,116.74,116.75,116.75,0.01,0.01,351,40979,137.49,74.3
CUB,CUBEQN,201.47,201.49,201.49,0.02,0.01,5845,1177709,245.38,145.13
GLOBUSSPR,GLOBUSSPREQN,890.95,891.0,891.0,0.05,0.01,210,187110,1271.9,800.05
SHAILY,SHAILYEQN,3075.7,3075.9,3075.9,0.2,0.01,182,559813,3233.9,1535.9
HCLTECH,HCLTECHEQN,1369.9,1370.0,1370.0,0.1,0.01,8962,12277940,1780.1,1030.0
GRMOVER,GRMOVEREQN,91.78,91.79,91.79,0.01,0.01,138,12667,185.45,81.95
HGINFRA,HGINFRAEQN,547.5,547.55,547.55,0.05,0.01,81,44351,1049.95,429.5
VSTIND,VSTINDEQN,221.22,221.25,221.25,0.03,0.01,299,66153,286.78,200.0
UNIVCABLES,UNIVCABLESEQN,1427.7,1427.9,1427.9,0.2,0.01,229,326989,1475.0,576.0
RAMRAT,RAMRATEQN,429.25,429.3,429.3,0.05,0.01,70,30051,520.0,268.0
HERITGFOOD,HERITGFOODEQN,335.55,335.6,335.6,0.05,0.01,309,103700,540.0,292.55
FAZE3Q,FAZE3QEQN,540.95,541.0,541.0,0.05,0.01,9,4869,650.05,322.1
GMBREW,GMBREWEQN,900.75,900.8,900.8,0.05,0.01,35,31528,1328.8,666.05
GTECJAINX,GTECJAINXBEN,29.14,29.14,29.14,0.0,0.0,101,2943,38.35,15.54
NOIDATOLL,NOIDATOLLBEN,4.54,4.54,4.54,0.0,0.0,17,77,7.43,2.87
COMSYN,COMSYNEQN,211.05,211.05,211.05,0.0,0.0,20,4221,228.0,127.23
SITINET,SITINETBZN,0.31,0.31,0.31,0.0,0.0,7081,2195,0.55,0.28
ORCHASP,ORCHASPEQN,1.61,1.61,1.61,0.0,0.0,5,8,4.16,1.47
CCHHL,CCHHLEQN,12.82,12.82,12.82,0.0,0.0,45,576,19.99,10.03
PTCIL,PTCILEQN,18099.0,18099.0,18099.0,0.0,0.0,24,434376,19851.0,13251.0
ARCHIDPLY,ARCHIDPLYEQN,80.86,80.86,80.86,0.0,0.0,1,80,113.0,60.0
SUNDARAM,SUNDARAMEQN,1.25,1.25,1.25,0.0,0.0,555,693,2.38,1.11
VIPULLTD,VIPULLTDBEN,11.19,11.19,11.19,0.0,0.0,151,1689,18.6,7.38
ANMOL,ANMOLEQN,10.07,10.07,10.07,0.0,0.0,101,1017,17.74,8.4
GATECHDVR,GATECHDVRBEN,0.51,0.51,0.51,0.0,0.0,4193,2138,0.67,0.36
PPAP,PPAPBEN,282.9,282.9,282.9,0.0,0.0,10,2829,379.5,176.0
NORTHARC,NORTHARCEQN,285.05,285.05,285.05,0.0,0.0,478,136253,334.0,206.0
ARKADE,ARKADEEQN,139.18,139.18,139.18,0.0,0.0,543,75574,194.8,92.62
DNAMEDIA,DNAMEDIAEQN,2.86,2.86,2.86,0.0,0.0,184,526,5.86,2.33
ORIENTTECH,ORIENTTECHEQN,260.75,260.75,260.75,0.0,0.0,95,24771,466.73,220.8
VENTIVE,VENTIVEEQN,626.7,626.7,626.7,0.0,0.0,1029,644874,793.95,542.6
CYBERMEDIA,CYBERMEDIABEN,15.7,15.7,15.7,0.0,0.0,4,62,22.81,11.3
PDMJEPAPER,PDMJEPAPEREQN,96.71,96.71,96.71,0.0,0.0,839,81139,148.39,65.0
SURANASOL,SURANASOLEQN,25.95,25.95,25.95,0.0,0.0,10,259,39.08,18.31
IVC,IVCEQN,8.48,8.48,8.48,0.0,0.0,815,6911,9.88,6.02
GODAVARIB,GODAVARIBEQN,261.75,261.75,261.75,0.0,0.0,99,25913,353.0,227.42
ICICIBANK,ICICIBANKEQN,1454.6,1454.6,1454.6,0.0,0.0,89398,130038330,1480.0,1187.6
ARROWGREEN,ARROWGREENBEN,753.45,753.45,753.45,0.0,0.0,35,26370,801.0,341.95
NIITLTD,NIITLTDEQN,96.24,96.24,96.24,0.0,0.0,38,3657,125.0,49.0
PPLPHARMA,PPLPHARMAEQN,202.5,202.49,202.49,-0.01,0.0,14090,2853084,209.44,132.3
GULPOLY,GULPOLYEQN,199.9,199.9,199.9,0.0,0.0,75,14992,221.75,121.5
TVSELECT,TVSELECTEQN,500.45,500.45,500.45,0.0,0.0,85,42538,739.35,336.2
PARASPETRO,PARASPETROEQN,2.51,2.51,2.51,0.0,0.0,20037,50292,3.23,1.53
MASTERTR,MASTERTREQN,84.03,84.03,84.03,0.0,0.0,2906,244191,169.0,55.6
MBAPL,MBAPLEQN,158.62,158.62,158.62,0.0,0.0,1507,239040,167.95,74.63
YASHO,YASHOEQN,4359.9,4359.9,4359.9,0.0,0.0,925,4032907,4490.0,1130.0
STEELXIND,STEELXINDEQN,11.26,11.26,11.26,0.0,0.0,1247,14041,13.95,7.0
SALASAR,SALASAREQN,5.92,5.92,5.92,0.0,0.0,10677,63207,10.99,5.59
UYFINCORP,UYFINCORPEQN,19.36,19.36,19.36,0.0,0.0,300,5808,19.97,11.16
TCS,TCSEQN,2460.0,2460.0,2460.0,0.0,0.0,13038,32073480,3350.0,1976.8
ASTRAL,ASTRALEQN,1448.0,1448.0,1448.0,0.0,0.0,168,243264,1768.7,1263.7
CENTUM,CENTUMEQN,3698.6,3698.7,3698.7,0.1,0.0,21,77672,3916.0,2044.2
GRINDWELL,GRINDWELLEQN,2094.5,2094.5,2094.5,0.0,0.0,167,349781,2455.0,1329.0
ARFIN,ARFINEQN,86.23,86.23,86.23,0.0,0.0,104,8967,106.2,32.0
SUKHJITS,SUKHJITSEQN,165.31,165.31,165.31,0.0,0.0,12,1983,231.1,137.3
VHL,VHLEQN,3362.1,3362.1,3362.1,0.0,0.0,1,3362,4275.0,2870.0
RAJSREESUG,RAJSREESUGEQN,30.91,30.91,30.91,0.0,0.0,1,30,49.7,24.65
YESBANK,YESBANKEQN,23.0,23.0,23.0,0.0,0.0,240969,5542287,25.78,17.2
RUBFILA,RUBFILAEQN,71.57,71.57,71.57,0.0,0.0,32,2290,89.24,57.31
FEL,FELBZN,0.37,0.37,0.37,0.0,0.0,25850,9564,0.65,0.34
TREL,TRELEQN,24.48,24.48,24.48,0.0,0.0,5,122,36.15,21.47
TRF,TRFEQN,228.44,228.44,228.44,0.0,0.0,15,3426,405.0,215.5
DHUNINV,DHUNINVEQN,884.95,884.95,884.95,0.0,0.0,2,1769,1573.1,667.1
RESPONIND,RESPONINDEQN,176.49,176.49,176.49,0.0,0.0,551,97245,240.9,117.25
NH,NHEQN,1919.4,1919.4,1919.4,0.0,0.0,1021,1959707,2093.3,1589.0
VINNY,VINNYEQN,1.07,1.07,1.07,0.0,0.0,1200,1284,1.53,0.94
TCIEXP,TCIEXPEQN,557.35,557.35,557.35,0.0,0.0,32,17835,780.0,447.55
MASTEK,MASTEKEQN,1842.6,1842.6,1842.6,0.0,0.0,376,692817,2625.0,1334.2
VSSL,VSSLEQN,304.8,304.8,304.8,0.0,0.0,183,55778,325.85,206.4
SMCGLOBAL,SMCGLOBALEQN,79.46,79.46,79.46,0.0,0.0,306,24314,94.9,54.44
EIHOTEL,EIHOTELEQN,327.1,327.1,327.1,0.0,0.0,412,134765,434.8,271.15
KOHINOOR,KOHINOOREQN,23.5,23.5,23.5,0.0,0.0,55,1292,36.26,19.2
INGERRAND,INGERRANDEQN,4401.4,4401.4,4401.4,0.0,0.0,9,39612,4756.2,3063.3
MMFL,MMFLEQN,552.85,552.85,552.85,0.0,0.0,28,15479,572.0,288.1
JINDRILL,JINDRILLEQN,614.3,614.3,614.3,0.0,0.0,2019,1240271,693.5,440.1
BAJAJFINSV,BAJAJFINSVEQN,2105.0,2105.0,2105.0,0.0,0.0,9333,19645965,2195.0,1597.0
WINDLAS,WINDLASEQN,862.25,862.25,862.25,0.0,0.0,6,5173,1097.9,697.4
PANAMAPET,PANAMAPETEQN,458.45,458.45,458.45,0.0,0.0,2,916,518.5,229.0
BTML,BTMLEQN,6.69,6.69,6.69,0.0,0.0,50,334,10.5,5.06
STARHEALTH,STARHEALTHEQN,587.7,587.7,587.7,0.0,0.0,288,169257,624.9,416.55
PTL,PTLEQN,40.13,40.13,40.13,0.0,0.0,266,10674,43.77,36.1
RATNAMANI,RATNAMANIEQN,2374.3,2374.3,2374.3,0.0,0.0,16,37988,3345.0,1936.5
VIDHIING,VIDHIINGEQN,330.85,330.85,330.85,0.0,0.0,44,14557,410.0,258.6
BEARDSELL,BEARDSELLEQN,27.33,27.33,27.33,0.0,0.0,6,163,38.6,20.02
CHEMBONDCH,CHEMBONDCHBEN,229.11,229.11,229.11,0.0,0.0,10,2291,279.8,104.85
EPL,EPLEQN,227.71,227.71,227.71,0.0,0.0,534,121597,246.86,176.4
TRANSTEEL,TRANSTEELSMN,112.45,112.45,112.45,0.0,0.0,1000,112450,169.0,110.65
DEVYANI,DEVYANIEQN,119.75,119.75,119.75,0.0,0.0,6495,777776,191.0,91.55
LAXMICOT,LAXMICOTEQN,14.26,14.26,14.26,0.0,0.0,35,499,27.45,11.7
JINDALSTEL,JINDALSTELEQN,1124.0,1124.0,1124.0,0.0,0.0,910,1022840,1306.2,943.3
SARVESHWAR,SARVESHWAREQN,3.41,3.41,3.41,0.0,0.0,7913,26983,8.48,2.5
ATAM,ATAMEQN,66.56,66.56,66.56,0.0,0.0,1,66,111.0,48.5
KIMS,KIMSEQN,795.9,795.9,795.9,0.0,0.0,1216,967814,858.0,575.8
ZYDUSLIFE,ZYDUSLIFEEQN,1130.0,1130.0,1130.0,0.0,0.0,5246,5927980,1181.5,835.5
PNCINFRA,PNCINFRAEQN,251.06,251.05,251.05,-0.01,0.0,178,44686,325.0,158.17
BOROLTD,BOROLTDEQN,239.87,239.88,239.88,0.01,0.0,1065,255472,397.95,213.73
HMAAGRO,HMAAGROEQN,20.8,20.8,20.8,0.0,0.0,3351,69700,34.24,20.0
IKIO,IKIOEQN,199.95,199.95,199.95,0.0,0.0,155,30992,252.9,103.53
GODFRYPHLP,GODFRYPHLPEQN,2336.9,2336.9,2336.9,0.0,0.0,2055,4802329,3947.0,1832.1
ARSHIYA,ARSHIYABZN,0.97,0.97,0.97,0.0,0.0,1340,1299,2.89,0.93
GENESYS,GENESYSEQN,316.65,316.65,316.65,0.0,0.0,1803,570919,647.9,198.05
BHEL,BHELEQN,411.95,411.95,411.95,0.0,0.0,15815,6514989,446.5,205.12
MAXESTATES,MAXESTATESEQN,392.6,392.6,392.6,0.0,0.0,74,29052,502.15,305.45
KLL,KLLSMN,22.6,22.6,22.6,0.0,0.0,1600,36160,80.5,22.6
REDTAPE,REDTAPEEQN,130.49,130.49,130.49,0.0,0.0,498,64984,163.5,107.53
SIS,SISEQN,430.05,430.05,430.05,0.0,0.0,377,162128,480.95,257.05
UNIINFO,UNIINFOBEN,12.47,12.47,12.47,0.0,0.0,10,124,21.78,9.36
MEDIASSIST,MEDIASSISTEQN,357.7,357.7,357.7,0.0,0.0,63,22535,594.1,293.0
HCG,HCGEQN,672.25,672.25,672.25,0.0,0.0,122,82014,796.68,513.3
AAVAS,AAVASEQN,1392.6,1392.6,1392.6,0.0,0.0,106,147615,1771.9,1060.4
IMAGICAA,IMAGICAAEQN,48.7,48.7,48.7,0.0,0.0,778,37888,65.49,36.84
NEPHROCARE,NEPHROCARESTN,65.55,65.55,65.55,0.0,0.0,2800,183540,183.0,50.05
LUPIN,LUPINEQN,2410.0,2410.0,2410.0,0.0,0.0,5058,12189780,2529.5,1836.8
KITEX,KITEXEQN,146.48,146.48,146.48,0.0,0.0,813,119088,232.7,138.2
COALINDIA,COALINDIAEQN,417.6,417.6,417.6,0.0,0.0,18295,7639992,491.25,368.65
APCL,APCLEQN,102.1,102.1,102.1,0.0,0.0,1,102,154.0,98.35
20MICRONS,20MICRONSEQN,196.72,196.72,196.72,0.0,0.0,108,21245,246.61,129.61
GRADIENTE,GRADIENTEBEN,2.7,2.7,2.7,0.0,0.0,35,94,9.4,2.08
MACPOWER,MACPOWEREQN,1530.3,1530.3,1530.3,0.0,0.0,175,267802,1578.8,761.0
SHREDIGCEM,SHREDIGCEMEQN,72.55,72.55,72.55,0.0,0.0,1,72,107.7,53.9
NIITMTS,NIITMTSEQN,250.19,250.19,250.19,0.0,0.0,102,25519,443.9,203.3
HONAUT,HONAUTEQN,38190.0,38190.0,38190.0,0.0,0.0,12,458280,41495.0,26220.0
GOCLCORP,GOCLCORPEQN,411.65,411.65,411.65,0.0,0.0,14,5763,459.9,223.35
GPPL,GPPLEQN,151.8,151.8,151.8,0.0,0.0,3481,528415,200.09,141.55
TNPETRO,TNPETROEQN,96.58,96.58,96.58,0.0,0.0,10,965,129.89,78.67
CIPLA,CIPLAEQN,1460.0,1460.0,1460.0,0.0,0.0,1500,2190000,1673.0,1165.7
STEELCITY,STEELCITYEQN,86.52,86.52,86.52,0.0,0.0,376,32531,116.0,71.26
NECLIFE,NECLIFEBEN,10.53,10.53,10.53,0.0,0.0,130,1368,22.4,9.3
NDTV,NDTVEQN,76.66,76.66,76.66,0.0,0.0,38,2913,134.5,58.75
ZUARIIND,ZUARIINDEQN,263.65,263.65,263.65,0.0,0.0,17,4482,416.0,210.0
TECHERA,TECHERASMN,157.95,157.95,157.95,0.0,0.0,800,126360,325.7,127.55
BALAXI,BALAXIEQN,24.03,24.03,24.03,0.0,0.0,17,408,52.0,15.2
IDFCFIRSTB,IDFCFIRSTBEQN,86.0,86.0,86.0,0.0,0.0,65035,5593010,88.76,58.08
SUNDROP,SUNDROPEQN,666.8,666.8,666.8,0.0,0.0,4,2667,928.0,556.0
SHRENIK,SHRENIKBZN,0.34,0.34,0.34,0.0,0.0,4730,1608,0.65,0.32
FLEXITUFF,FLEXITUFFBEN,3.99,3.99,3.99,0.0,0.0,110,438,31.39,3.99
ANKITMETAL,ANKITMETALBZN,1.6,1.6,1.6,0.0,0.0,10,16,2.12,1.29
LCCINFOTEC,LCCINFOTECEQN,4.19,4.19,4.19,0.0,0.0,10,41,5.89,3.7
CUBEINVIT,CUBEINVITIVN,157.82,157.82,157.82,0.0,0.0,875,138092,165.0,129.0
CINELINE,CINELINEEQN,89.51,89.51,89.51,0.0,0.0,87,7787,97.5,73.35
WENDT,WENDTEQN,8102.0,8102.0,8102.0,0.0,0.0,20,162040,10585.0,5841.5
BUTTERFLY,BUTTERFLYEQN,664.45,664.45,664.45,0.0,0.0,324,215281,823.85,565.8
KANANIIND,KANANIINDEQN,1.51,1.51,1.51,0.0,0.0,90,135,2.27,1.02
OSWALSEEDS,OSWALSEEDSEQN,10.47,10.47,10.47,0.0,0.0,5,52,20.28,9.67
ATLANTAA,ATLANTAAEQN,37.62,37.62,37.62,0.0,0.0,15,564,73.39,29.41
NAVKARURB,NAVKARURBBEN,1.03,1.03,1.03,0.0,0.0,4354,4484,2.93,0.7
BESTAGRO,BESTAGROEQN,22.66,22.66,22.66,0.0,0.0,225580,5111642,35.58,12.3
SHRADHA,SHRADHAEQN,33.82,33.82,33.82,0.0,0.0,1,33,59.91,26.34
GANESHHOU,GANESHHOUEQN,778.5,778.5,778.5,0.0,0.0,39,30361,920.15,500.0
MIDWESTLTD,MIDWESTLTDEQN,1216.8,1216.8,1216.8,0.0,0.0,14,17035,1859.9,1048.5
DISHTV,DISHTVBEN,2.83,2.83,2.83,0.0,0.0,1970,5575,5.99,1.82
JLHL,JLHLEQN,321.55,321.55,321.55,0.0,0.0,147,47267,340.0,235.6
SAPPHIRE,SAPPHIREEQN,192.3,192.3,192.3,0.0,0.0,1777,341717,347.9,139.91
RAJMET,RAJMETEQN,3.31,3.31,3.31,0.0,0.0,1000,3310,5.28,2.72
BONLON,BONLONEQN,41.86,41.86,41.86,0.0,0.0,27,1130,57.0,34.51
SAWALIYA,SAWALIYASMN,292.0,292.0,292.0,0.0,0.0,1200,350400,351.0,208.0
ANTHEM,ANTHEMEQN,819.25,819.25,819.25,0.0,0.0,777,636557,873.5,579.15
GNRL,GNRLEQN,95.09,95.09,95.09,0.0,0.0,10,950,120.9,83.2
VIJAYA,VIJAYAEQN,1385.1,1385.1,1385.1,0.0,0.0,651,901700,1440.0,848.0
SILGO,SILGOEQN,70.99,70.99,70.99,0.0,0.0,10,709,86.2,49.89
BUILDPRO,BUILDPROEQN,1337.8,1337.8,1337.8,0.0,0.0,94,125753,1380.0,636.0
VSTTILLERS,VSTTILLERSEQN,4462.4,4462.4,4462.4,0.0,0.0,11,49086,6374.0,4275.0
CRAMC,CRAMCEQN,266.6,266.6,266.6,0.0,0.0,1195,318587,353.4,214.2
INNOVISION,INNOVISIONEQN,286.75,286.75,286.75,0.0,0.0,50,14337,470.0,278.0
LANDSMILL,LANDSMILLEQN,0.8,0.8,0.8,0.0,0.0,4722,3777,1.74,0.73
SAKUMA,SAKUMAEQN,1.63,1.63,1.63,0.0,0.0,1445,2355,3.1,1.1
SUYOG,SUYOGEQN,852.55,852.55,852.55,0.0,0.0,104,88665,925.0,526.5
MODISONLTD,MODISONLTDBEN,283.95,283.95,283.95,0.0,0.0,218,61901,362.7,114.0
PETRONET,PETRONETEQN,285.0,285.0,285.0,0.0,0.0,30151,8593035,326.4,235.35
SAKSOFT,SAKSOFTEQN,177.84,177.84,177.84,0.0,0.0,328,58331,229.68,107.59
BANKA,BANKABEN,90.32,90.32,90.32,0.0,0.0,61,5509,97.88,41.0
CARTRADE,CARTRADEEQN,2805.4,2805.4,2805.4,0.0,0.0,598,1677629,3290.5,1600.0
GAYAHWS,GAYAHWSEQN,1.99,1.99,1.99,0.0,0.0,2117,4212,4.76,1.51
CLEDUCATE,CLEDUCATEBEN,56.69,56.69,56.69,0.0,0.0,20,1133,120.8,35.48
PRAXIS,PRAXISEQN,6.46,6.46,6.46,0.0,0.0,1,6,14.44,5.26
HMT,HMTBZN,60.04,60.04,60.04,0.0,0.0,100,6004,72.95,41.0
ASMS,ASMSBEN,7.19,7.19,7.19,0.0,0.0,569,4091,17.6,6.9
M&MFIN,M&MFINEQN,398.6,398.6,398.6,0.0,0.0,4848,1932412,412.2,251.0
DHARAN,DHARANBZN,0.16,0.16,0.16,0.0,0.0,138342,22134,0.61,0.11
PARKHOSPS,PARKHOSPSEQN,283.95,283.95,283.95,0.0,0.0,1444,410023,305.0,138.1
BHANDARI,BHANDARIBEN,2.87,2.87,2.87,0.0,0.0,147,421,4.74,2.0
BETA,BETAEQN,2365.0,2365.0,2365.0,0.0,0.0,20,47300,2674.0,990.1
RCOM,RCOMBEN,0.83,0.83,0.83,0.0,0.0,52319,43424,1.9,0.75
LCL,LCLEQN,519.2,519.2,519.2,0.0,0.0,2483,1289173,547.7,461.0
SIMPLEXINF,SIMPLEXINFEQN,233.16,233.16,233.16,0.0,0.0,50,11658,330.0,137.0
RIR,RIREQN,159.26,159.26,159.26,0.0,0.0,406,64659,170.5,154.3
WELSPLSOL,WELSPLSOLEQN,50.57,50.57,50.57,0.0,0.0,22,1112,63.25,36.0
COMFINTE,COMFINTEEQN,6.4,6.4,6.4,0.0,0.0,27,172,9.19,5.21
STYLEBAAZA,STYLEBAAZABEN,277.3,277.3,277.3,0.0,0.0,40,11092,427.0,229.95
SHARDUL,SHARDULBEN,45.66,45.66,45.66,0.0,0.0,253,11551,60.0,23.05
GANECOS,GANECOSEQN,1126.8,1126.8,1126.8,0.0,0.0,415,467622,1489.0,653.55
SPECTRUM,SPECTRUMEQN,2552.1,2552.1,2552.1,0.0,0.0,514,1311779,2591.0,1050.0
CURAA,CURAAEQN,77.7,77.7,77.7,0.0,0.0,10,777,337.0,64.06
MUKTAARTS,MUKTAARTSBEN,54.25,54.25,54.25,0.0,0.0,20,1085,84.2,37.01
MOS,MOSSTN,10.2,10.2,10.2,0.0,0.0,4000,40800,28.55,9.05
GUJENERGY,GUJENERGYEQN,278.85,278.85,278.85,0.0,0.0,1368,381466,452.0,261.25
ORIENTCEM,ORIENTCEMEQN,137.67,137.67,137.67,0.0,0.0,35,4818,248.8,122.32
GSS,GSSEQN,14.24,14.24,14.24,0.0,0.0,200,2848,33.97,8.68
ACCURACY,ACCURACYBEN,4.84,4.84,4.84,0.0,0.0,262,1268,7.88,3.4
GRAVISSHO,GRAVISSHOEQN,29.4,29.4,29.4,0.0,0.0,1,29,35.6,25.2
INDOTECH,INDOTECHBEN,3556.0,3556.0,3556.0,0.0,0.0,11,39116,3599.0,1100.0
GRINFRA,GRINFRAEQN,905.8,905.8,905.8,0.0,0.0,48,43478,1345.0,785.0
ABMKNO,ABMKNOEQN,196.69,196.69,196.69,0.0,0.0,1,196,254.9,188.0
BAJAJST,BAJAJSTEQN,390.35,390.35,390.35,0.0,0.0,2,780,507.8,350.05
MANAKSTEEL,MANAKSTEELEQN,79.26,79.25,79.25,-0.01,-0.01,115,9113,87.13,45.11
STAR,STAREQN,994.6,994.5,994.5,-0.1,-0.01,1920,1909440,1231.0,768.65
LMW,LMWEQN,16064.0,16062.0,16062.0,-2.0,-0.01,19,305178,17699.0,11920.0
ULTRACEMCO,ULTRACEMCOEQN,12050.0,12049.0,12049.0,-1.0,-0.01,524,6313676,13110.0,10325.0
MEDANTA,MEDANTAEQN,1435.1,1434.9,1434.9,-0.2,-0.01,112,160708,1475.8,956.0
TRENT,TRENTEQN,3107.7,3107.3,3107.3,-0.4,-0.01,3160,9819068,3782.67,2183.67
HEG,HEGEQN,678.95,678.85,678.85,-0.1,-0.01,4987,3385424,690.0,459.8
SENCO,SENCOEQN,387.9,387.85,387.85,-0.05,-0.01,4785,1855862,430.0,276.0
CONTROLPR,CONTROLPREQN,575.05,575.0,575.0,-0.05,-0.01,48,27600,899.0,517.0
AARTIDRUGS,AARTIDRUGSEQN,414.05,414.0,414.0,-0.05,-0.01,193,79902,534.55,318.95
BGRENERGY,BGRENERGYBEN,272.15,272.1,272.1,-0.05,-0.02,20,5442,490.8,101.65
TATVA,TATVAEQN,1766.3,1766.0,1766.0,-0.3,-0.02,249,439734,1838.1,976.4
WELSPUNLIV,WELSPUNLIVEQN,160.73,160.7,160.7,-0.03,-0.02,15835,2544684,174.97,107.1
KNRCON,KNRCONEQN,128.23,128.2,128.2,-0.03,-0.02,1993,255502,220.0,108.65
GOLDTECH,GOLDTECHBEN,54.51,54.5,54.5,-0.01,-0.02,1011,55099,78.11,29.68
DYNAMATECH,DYNAMATECHEQN,10752.0,10750.0,10750.0,-2.0,-0.02,4,43000,12875.0,6320.0
CRISIL,CRISILEQN,4357.2,4356.3,4356.3,-0.9,-0.02,63,274446,5451.0,3686.0
MCLOUD,MCLOUDEQN,28.76,28.75,28.75,-0.01,-0.03,3714,106777,94.5,19.4
PAUSHAKLTD,PAUSHAKLTDEQN,735.2,735.0,735.0,-0.2,-0.03,1518,1115730,780.6,342.5
KSHINTL,KSHINTLEQN,910.25,910.0,910.0,-0.25,-0.03,479,435890,930.0,330.0
KOPRAN,KOPRANBEN,189.06,189.0,189.0,-0.06,-0.03,597,112833,219.0,107.0
SUPRAJIT,SUPRAJITEQN,506.9,506.7,506.7,-0.2,-0.04,882,446909,526.0,389.95
MHRIL,MHRILEQN,227.98,227.9,227.9,-0.08,-0.04,135,30766,368.9,207.9
SANDHAR,SANDHAREQN,645.35,645.0,645.0,-0.35,-0.05,3428,2211060,763.2,405.2
UTTAMSUGAR,UTTAMSUGAREQN,253.12,253.0,253.0,-0.12,-0.05,2161,546733,299.0,181.1
SHALPAINTS,SHALPAINTSEQN,82.54,82.5,82.5,-0.04,-0.05,5316,438570,89.8,35.21
ALIVUS,ALIVUSEQN,1335.8,1335.0,1335.0,-0.8,-0.06,1812,2419020,1358.0,819.0
NTPC,NTPCEQN,343.65,343.45,343.45,-0.2,-0.06,47190,16207405,414.4,315.55
VENUSPIPES,VENUSPIPESEQN,1633.9,1633.0,1633.0,-0.9,-0.06,432,705456,1875.0,890.0
VADILALIND,VADILALINDEQN,7294.5,7290.0,7290.0,-4.5,-0.06,27,196830,7478.5,3996.0
HEXATRADEX,HEXATRADEXEQN,162.09,161.98,161.98,-0.11,-0.07,1,161,194.89,147.26
ALMONDZ,ALMONDZEQN,13.73,13.72,13.72,-0.01,-0.07,1955,26822,22.1,10.68
HECPROJECT,HECPROJECTEQN,136.89,136.8,136.8,-0.09,-0.07,8,1094,173.47,92.1
CARRARO,CARRAROEQN,540.4,540.0,540.0,-0.4,-0.07,295,159300,667.55,405.0
CAPLIPOINT,CAPLIPOINTEQN,2571.9,2570.0,2570.0,-1.9,-0.07,95,244150,2699.0,1500.3
GOPAL,GOPALEQN,277.2,277.0,277.0,-0.2,-0.07,24,6648,398.0,247.55
MCX,MCXEQN,2680.0,2678.0,2678.0,-2.0,-0.07,43845,117416910,3480.0,1460.8
DRREDDY,DRREDDYEQN,1172.6,1171.8,1171.8,-0.8,-0.07,9698,11364116,1414.9,1101.0
TEAMLEASE,TEAMLEASEEQN,1261.0,1260.1,1260.1,-0.9,-0.07,65,81906,1948.8,1065.2
ARTNIRMAN,ARTNIRMANEQN,40.58,40.55,40.55,-0.03,-0.07,1,40,66.97,29.39
VARDHACRLC,VARDHACRLCBEN,44.53,44.5,44.5,-0.03,-0.07,51,2269,48.77,27.01
GALLANTT,GALLANTTEQN,629.2,628.7,628.7,-0.5,-0.08,9,5658,948.0,496.25
AFSL,AFSLEQN,201.27,201.1,201.1,-0.17,-0.08,63,12669,236.0,194.41
AUSOMENT,AUSOMENTBEN,141.1,140.99,140.99,-0.11,-0.08,15,2114,178.0,93.0
HEIDELBERG,HEIDELBERGEQN,156.13,156.0,156.0,-0.13,-0.08,203,31668,224.8,136.1
BLACKBUCK,BLACKBUCKEQN,546.5,546.0,546.0,-0.5,-0.09,92,50232,748.0,453.05
GLENMARK,GLENMARKEQN,2225.0,2223.0,2223.0,-2.0,-0.09,430,955890,2474.0,1792.6
UJJIVANSFB,UJJIVANSFBEQN,70.35,70.29,70.29,-0.06,-0.09,40156,2822565,73.29,41.32
LTFOODS,LTFOODSEQN,417.4,417.0,417.0,-0.4,-0.1,1686,703062,487.75,333.15
INDUSINDBK,INDUSINDBKEQN,1026.0,1025.0,1025.0,-1.0,-0.1,1707,1749675,1077.85,710.6
KIRLOSBROS,KIRLOSBROSEQN,1891.7,1889.9,1889.9,-1.8,-0.1,145,274035,2189.2,1335.0
KALYANIFRG,KALYANIFRGEQN,609.65,609.05,609.05,-0.6,-0.1,46,28016,849.65,523.6
DEEPINDS,DEEPINDSEQN,654.0,653.35,653.35,-0.65,-0.1,2378,1553666,661.75,330.0
GOODYEAR,GOODYEAREQN,871.35,844.0,844.0,-0.85,-0.1,277,233788,876.0,711.25
VARROC,VARROCEQN,680.75,680.0,680.0,-0.75,-0.11,387,263160,706.95,462.0
STARCEMENT,STARCEMENTEQN,203.72,203.5,203.5,-0.22,-0.11,2477,504069,308.95,196.53
SJS,SJSEQN,2432.4,2429.8,2429.8,-2.6,-0.11,854,2075049,2542.0,1131.3
TTKPRESTIG,TTKPRESTIGEQN,630.8,630.1,630.1,-0.7,-0.11,423,266532,771.2,423.0
RTNPOWER,RTNPOWEREQN,8.74,8.73,8.73,-0.01,-0.11,111804,976048,12.92,7.52
IIFLCAPS,IIFLCAPSEQN,334.9,334.5,334.5,-0.4,-0.12,93,31108,411.3,240.4
LANDMARK,LANDMARKEQN,543.5,542.85,542.85,-0.65,-0.12,390,211711,662.8,339.5
KTKBANK,KTKBANKEQN,296.05,295.7,295.7,-0.35,-0.12,5764,1704414,297.5,169.12
GAEL,GAELEQN,176.21,176.0,176.0,-0.21,-0.12,5824,1025024,184.03,101.2
DMART,DMARTEQN,4023.0,4018.0,4018.0,-5.0,-0.12,510,2049180,4949.5,3529.0
THERMAX,THERMAXEQN,4015.0,4010.1,4010.1,-4.9,-0.12,629,2522352,5277.8,2742.7
MEDICO,MEDICOEQN,49.06,49.0,49.0,-0.06,-0.12,4,196,56.88,30.22
RATNAVEER,RATNAVEEREQN,209.33,209.05,209.05,-0.28,-0.13,23191,4848078,215.5,130.5
JGCHEM,JGCHEMEQN,505.75,505.1,505.1,-0.65,-0.13,120,60612,532.0,298.4
PENIND,PENINDEQN,166.28,166.07,166.07,-0.21,-0.13,1073,178193,279.9,129.1
MAHLOG,MAHLOGEQN,421.0,420.45,420.45,-0.55,-0.13,134,56340,450.0,275.05
VISACHROME,VISACHROMEBEN,38.05,38.0,38.0,-0.05,-0.13,200,7600,73.68,27.05
AUBANK,AUBANKEQN,1059.0,1057.6,1057.6,-1.4,-0.13,1828,1933292,1090.4,682.15
VINEETLAB,VINEETLABBEN,39.75,39.7,39.7,-0.05,-0.13,500,19850,43.5,26.89
PRITI,PRITIBEN,37.84,37.79,37.79,-0.05,-0.13,40,1511,104.9,31.5
FLUOROCHEM,FLUOROCHEMEQN,4612.8,4606.7,4606.7,-6.1,-0.13,47,216514,4653.2,2916.6
ARCHIES,ARCHIESEQN,14.2,14.18,14.18,-0.02,-0.14,100,1418,24.38,10.86
FEDERALBNK,FEDERALBNKEQN,362.45,361.95,361.95,-0.5,-0.14,15539,5624341,371.7,185.11
GIPCL,GIPCLEQN,162.23,162.01,162.01,-0.22,-0.14,2,324,202.05,119.9
AXISBANK,AXISBANKEQN,1261.8,1260.0,1260.0,-1.8,-0.14,35697,44978220,1418.3,1042.5
SWARAJ,SWARAJSMN,359.75,359.25,359.25,-0.5,-0.14,1000,359250,373.0,158.5
PRUDENT,PRUDENTEQN,3300.6,3296.0,3296.0,-4.6,-0.14,71,234016,3394.5,2121.0
SEJALLTD,SEJALLTDBEN,735.95,734.95,734.95,-1.0,-0.14,27,19843,1036.7,381.0
SHINDL,SHINDLEQN,159.74,159.51,159.51,-0.23,-0.14,102,16270,179.7,130.6
UPL,UPLEQN,581.9,581.0,581.0,-0.9,-0.15,13940,8099140,812.2,563.15
EXCELINDUS,EXCELINDUSEQN,1050.6,1049.0,1049.0,-1.6,-0.15,30,31470,1361.0,800.05
RSWM,RSWMBEN,235.26,234.9,234.9,-0.36,-0.15,1063,249698,235.99,120.0
PYRAMID,PYRAMIDEQN,183.9,183.6,183.6,-0.3,-0.16,258,47368,198.69,131.8
DCBBANK,DCBBANKEQN,191.8,191.5,191.5,-0.3,-0.16,350,67025,205.9,119.51
FUSION,FUSIONEQN,208.93,208.6,208.6,-0.33,-0.16,1207,251780,243.0,136.5
SIGMAADV,SIGMAADVBEN,686.8,685.7,685.7,-1.1,-0.16,13676,9377633,687.4,108.75
DHARMAJ,DHARMAJEQN,267.85,267.4,267.4,-0.45,-0.17,14,3743,386.5,210.65
KILITCH,KILITCHBEN,190.32,190.0,190.0,-0.32,-0.17,750,142500,227.23,117.25
SKFINDUS,SKFINDUSEQN,2771.9,2767.1,2767.1,-4.8,-0.17,33,91314,3041.0,1994.1
PAR,PAREQN,99.17,99.0,99.0,-0.17,-0.17,1,99,122.43,78.05
ADVENTHTL,ADVENTHTLEQN,147.86,147.59,147.59,-0.27,-0.18,240,35421,345.05,120.02
HINDOILEXP,HINDOILEXPEQN,161.49,161.2,161.2,-0.29,-0.18,2030,327236,188.65,117.5
AFFORDABLE,AFFORDABLEBEN,180.29,179.97,179.97,-0.32,-0.18,10,1799,416.4,119.71
INFOMEDIA,INFOMEDIAEQN,5.38,5.37,5.37,-0.01,-0.19,8,42,8.05,4.5
PPL,PPLBEN,262.05,261.55,261.55,-0.5,-0.19,36,9415,371.1,163.21
CAMS,CAMSEQN,809.4,807.8,807.8,-1.6,-0.2,8988,7260506,844.9,611.4
MASFIN,MASFINEQN,310.75,310.0,310.0,-0.75,-0.24,1948,603880,358.85,277.35
NELCAST,NELCASTEQN,124.3,124.0,124.0,-0.3,-0.24,52,6448,176.8,85.98
PRAKASHSTL,PRAKASHSTLEQN,3.99,3.98,3.98,-0.01,-0.25,548,2181,6.57,3.84
CENTEXT,CENTEXTEQN,23.67,23.61,23.61,-0.06,-0.25,18887,445922,34.75,15.67
SMARTWORKS,SMARTWORKSEQN,476.65,475.45,475.45,-1.2,-0.25,36,17116,619.0,361.5
KOTAKBANK,KOTAKBANKEQN,398.0,397.0,397.0,-1.0,-0.25,14325,5687025,453.2,345.5
RAINBOW,RAINBOWEQN,1579.0,1575.0,1575.0,-4.0,-0.25,231,363825,1593.7,1084.0
HINDWAREAP,HINDWAREAPEQN,219.54,219.0,219.0,-0.54,-0.25,100,21900,392.7,170.5
BIRLANU,BIRLANUEQN,1355.3,1351.9,1351.9,-3.4,-0.25,3,4055,2332.0,1190.1
ITC,ITCEQN,289.0,288.25,288.25,-0.75,-0.26,74152,21374314,427.0,275.0
TBOTEK,TBOTEKEQN,1603.2,1599.0,1599.0,-4.2,-0.26,715,1143285,1764.8,1004.2
ICRA,ICRAEQN,5149.0,5135.0,5135.0,-14.0,-0.27,50,256750,6982.0,4692.0
COFORGE,COFORGEEQN,1749.9,1745.1,1745.1,-4.8,-0.27,10758,18773785,1989.7,1008.1
MUTHOOTCAP,MUTHOOTCAPEQN,239.64,239.0,239.0,-0.64,-0.27,7,1673,313.0,175.25
DDEVPLSTIK,DDEVPLSTIKEQN,283.9,283.1,283.1,-0.8,-0.28,109,30857,360.0,185.15
BLUECOAST,BLUECOASTBEN,25.38,25.31,25.31,-0.07,-0.28,1,25,86.31,18.57
GALAXYSURF,GALAXYSURFEQN,1980.6,1975.1,1975.1,-5.5,-0.28,14,27651,2674.9,1510.0
POKARNA,POKARNAEQN,930.9,928.3,928.3,-2.6,-0.28,112,103969,1146.2,692.6
SMLMAH,SMLMAHEQN,5425.0,5410.0,5410.0,-15.0,-0.28,206,1114460,5987.9,2719.0
DCAL,DCALEQN,188.24,187.7,187.7,-0.54,-0.29,117,21960,321.95,128.5
KEI,KEIEQN,5500.0,5484.1,5484.1,-15.9,-0.29,2916,15991635,5708.0,3712.2
ZIMLAB,ZIMLABBEN,109.03,108.7,108.7,-0.33,-0.3,450,48915,133.9,59.31
BRITANNIA,BRITANNIAEQN,5478.0,5461.0,5461.0,-17.0,-0.31,248,1354328,6336.0,5035.0
GLOBAL,GLOBALEQN,102.83,102.5,102.5,-0.33,-0.32,200,20500,121.9,55.3
DBCORP,DBCORPEQN,210.18,209.5,209.5,-0.68,-0.32,927,194206,287.9,184.51
STYL,STYLEQN,361.7,360.55,360.55,-1.15,-0.32,60,21633,437.45,209.11
SCPL,SCPLEQN,632.15,630.0,630.0,-2.15,-0.34,64,40320,652.4,190.03
ELPROINTL,ELPROINTLEQN,178.9,178.29,178.29,-0.61,-0.34,53,9449,179.8,86.0
PVRINOX,PVRINOXEQN,1188.1,1184.0,1184.0,-4.1,-0.35,1680,1989120,1249.7,907.4
VIMTALABS,VIMTALABSEQN,642.25,640.0,640.0,-2.25,-0.35,5219,3340160,902.65,376.05
BALPHARMA,BALPHARMAEQN,87.87,87.55,87.55,-0.32,-0.36,10,875,98.85,60.0
THEMISMED,THEMISMEDEQN,115.41,114.99,114.99,-0.42,-0.36,1000,114990,148.0,64.95
GRPLTD,GRPLTDEQN,1988.3,1981.0,1981.0,-7.3,-0.37,3,5943,2491.0,1500.0
DENTA,DENTAEQN,364.25,362.85,362.85,-1.4,-0.38,963,349424,479.6,222.0
AGARIND,AGARINDEQN,526.0,524.0,524.0,-2.0,-0.38,344,180256,1006.0,360.0
ADVAIT,ADVAITEQN,2343.0,2334.2,2334.2,-8.8,-0.38,214,499518,2485.0,1351.0
RAJTV,RAJTVEQN,10.23,10.19,10.19,-0.04,-0.39,151,1538,46.9,10.23
ATL,ATLEQN,23.3,23.21,23.21,-0.09,-0.39,200,4642,37.86,18.2
PURPLEUTED,PURPLEUTEDSTN,309.85,308.65,308.65,-1.2,-0.39,250,77162,587.95,244.45
RACLGEAR,RACLGEAREQN,1353.8,1348.2,1348.2,-5.6,-0.41,25,33705,1691.9,805.0
DODLA,DODLAEQN,1043.7,1039.3,1039.3,-4.4,-0.42,190,197467,1500.0,964.1
ADFFOODS,ADFFOODSEQN,273.25,271.5,271.5,-1.15,-0.42,341,92581,346.95,153.1
THEJO,THEJOEQN,2092.9,2084.1,2084.1,-8.8,-0.42,8,16672,2395.0,1443.6
PVP,PVPEQN,27.92,27.8,27.8,-0.12,-0.43,742,20627,39.41,18.49
IPL,IPLEQN,145.69,145.07,145.07,-0.62,-0.43,2250,326407,245.84,125.0
HMVL,HMVLEQN,104.45,104.0,104.0,-0.45,-0.43,1219,126776,108.16,55.2
PROSTARM,PROSTARMEQN,133.58,133.01,133.01,-0.57,-0.43,700,93107,237.0,114.64
SIGNPOST,SIGNPOSTEQN,274.0,272.8,272.8,-1.2,-0.44,123,33554,336.8,191.41
SECURKLOUD,SECURKLOUDEQN,18.28,18.2,18.2,-0.08,-0.44,15,273,34.18,16.01
NIRAJ,NIRAJBEN,28.76,28.63,28.63,-0.13,-0.45,11,314,52.0,20.15
APOLLOHOSP,APOLLOHOSPEQN,9050.0,9009.0,9009.0,-41.0,-0.45,6221,56044989,9050.0,6696.5
AUTOAXLES,AUTOAXLESEQN,1870.4,1830.0,1830.0,-8.4,-0.46,361,660630,2115.0,1540.2
ABDL,ABDLEQN,622.85,620.0,620.0,-2.85,-0.46,1053,652860,711.7,382.1
GVPIL,GVPILEQN,758.65,755.1,755.1,-3.55,-0.47,162,122326,1084.0,270.9
KSR,KSREQN,29.03,28.89,28.89,-0.14,-0.48,2,57,39.1,14.04
TIRUPATIFL,TIRUPATIFLBEN,73.21,72.85,72.85,-0.36,-0.49,298,21709,83.9,30.11
RAMAPHO,RAMAPHOEQN,126.23,125.6,125.6,-0.63,-0.5,2580,324048,217.19,103.5
TITAN,TITANEQN,4935.0,4910.2,4910.2,-24.8,-0.5,3317,16287133,5000.0,3303.1
PRIMO,PRIMOEQN,24.12,24.0,24.0,-0.12,-0.5,100,2400,28.99,16.1
RICOAUTO,RICOAUTOEQN,145.75,145.0,145.0,-0.75,-0.51,26997,3914565,157.0,65.73
HUHTAMAKI,HUHTAMAKIEQN,288.3,286.8,286.8,-1.5,-0.52,725,207930,330.0,148.6
TATACONSUM,TATACONSUMEQN,1092.0,1086.3,1086.3,-5.7,-0.52,5506,5981167,1282.7,1007.2
DIGISPICE,DIGISPICEBEN,17.18,17.09,17.09,-0.09,-0.52,599,10236,35.5,14.82
HINDUNILVR,HINDUNILVREQN,2096.5,2085.3,2085.3,-11.2,-0.53,6510,13575303,2750.0,2016.0
SAATVIKGL,SAATVIKGLEQN,426.3,424.0,424.0,-2.3,-0.54,1280,542720,567.0,328.0
BALRAMCHIN,BALRAMCHINEQN,658.7,655.1,655.1,-3.6,-0.55,2794,1830349,665.5,393.55
PIRAMALFIN,PIRAMALFINEQN,2052.3,2041.0,2041.0,-11.3,-0.55,766,1563406,2220.0,1260.0
ORIENTPPR,ORIENTPPREQN,19.21,19.1,19.1,-0.11,-0.57,150,2865,30.89,13.25
AEPL,AEPLEQN,14.08,14.0,14.0,-0.08,-0.57,102,1428,20.25,13.25
NILE,NILEEQN,1686.0,1676.1,1676.1,-9.9,-0.59,208,348628,2018.9,1605.05
CARYSIL,CARYSILEQN,1178.2,1171.1,1171.1,-7.1,-0.6,125,146387,1280.9,732.1
LATTEYS,LATTEYSBEN,19.78,19.66,19.66,-0.12,-0.61,15,294,37.0,15.79
MANCREDIT,MANCREDITEQN,245.15,243.6,243.6,-1.55,-0.63,1,243,265.0,152.06
JAGSNPHARM,JAGSNPHARMEQN,236.5,235.01,235.01,-1.49,-0.63,8,1880,282.7,155.0
ISFT,ISFTEQN,79.52,79.01,79.01,-0.51,-0.64,496,39188,119.07,54.05
SAMHI,SAMHIEQN,171.75,170.65,170.65,-1.1,-0.64,6800,1160420,228.19,127.0
VIRINCHI,VIRINCHIEQN,15.61,15.51,15.51,-0.1,-0.64,10,155,32.69,13.81
NESTLEIND,NESTLEINDEQN,1520.0,1510.0,1510.0,-10.0,-0.66,6218,9389180,1535.9,1084.7
TRANSPEK,TRANSPEKEQN,1380.4,1371.3,1371.3,-9.1,-0.66,187,256433,1447.9,952.3
CEREBRAINT,CEREBRAINTBZN,2.97,2.95,2.95,-0.02,-0.67,1000,2950,10.08,2.9
VASWANI,VASWANIEQN,52.56,52.2,52.2,-0.36,-0.68,261,13624,69.99,48.58
GTL,GTLEQN,7.39,7.34,7.34,-0.05,-0.68,500,3670,11.26,4.91
DSSL,DSSLEQN,1238.6,1230.0,1230.0,-8.6,-0.69,60,73800,1924.8,781.0
ANTELOPUS,ANTELOPUSEQN,852.95,847.0,847.0,-5.95,-0.7,390,330330,933.65,357.0
ADOR,ADOREQN,1510.8,1500.0,1500.0,-10.8,-0.71,169,253500,1597.0,848.0
BBL,BBLEQN,2390.2,2372.6,2372.6,-17.6,-0.74,1221,2896944,3411.0,2051.7
TGBHOTELS,TGBHOTELSEQN,9.22,9.15,9.15,-0.07,-0.76,1,9,13.4,7.5
OMAXAUTO,OMAXAUTOBEN,181.38,180.0,180.0,-1.38,-0.76,265,47700,263.4,84.5
CPL,CPLEQN,71.76,71.21,71.21,-0.55,-0.77,1601,114007,75.74,68.0
OMINFRAL,OMINFRALEQN,90.31,89.6,89.6,-0.71,-0.79,1600,143360,144.0,71.5
PONNIERODE,PONNIERODEEQN,327.6,325.0,325.0,-2.6,-0.79,4,1300,359.0,252.4
IRIS,IRISEQN,258.17,256.1,256.1,-2.07,-0.8,40,10244,388.1,203.0
SIGMA,SIGMAEQN,48.09,47.7,47.7,-0.39,-0.81,286,13642,65.5,35.46
GAYAPROJ,GAYAPROJBEN,19.66,19.5,19.5,-0.16,-0.81,1348,26286,26.0,7.7
MWL,MWLEQN,42.25,41.9,41.9,-0.35,-0.83,17712,742132,43.0,17.01
AVG,AVGBEN,203.73,202.0,202.0,-1.73,-0.85,10,2020,256.73,113.26
IGIL,IGILEQN,362.1,359.0,359.0,-3.1,-0.86,3470,1245730,392.0,287.0
SURANAT&P,SURANAT&PEQN,18.27,18.11,18.11,-0.16,-0.88,1202,21768,29.27,15.5
BALKRISIND,BALKRISINDEQN,2491.9,2469.8,2469.8,-22.1,-0.89,1213,2995867,2775.0,1970.0
OIL,OILEQN,450.0,446.0,446.0,-4.0,-0.89,13970,6230620,531.0,384.6
PNBHOUSING,PNBHOUSINGEQN,1080.0,1070.2,1070.2,-9.8,-0.91,17284,18497336,1132.7,729.6
TIMKEN,TIMKENEQN,3231.9,3202.6,3202.6,-29.3,-0.91,363,1162543,3925.0,2800.5
NDLVENTURE,NDLVENTUREEQN,127.27,126.1,126.1,-1.17,-0.92,200,25220,140.0,62.21
BLAL,BLALEQN,173.61,172.0,172.0,-1.61,-0.93,80,13760,233.8,155.5
MICEL,MICELBEN,37.86,37.5,37.5,-0.36,-0.95,2493,93487,82.97,29.97
GLOBE,GLOBEEQN,2.07,2.05,2.05,-0.02,-0.97,200,410,3.29,1.86
DCMSIL,DCMSILBEN,78.16,77.4,77.4,-0.76,-0.97,15,1161,105.27,49.5
LASA,LASAEQN,7.11,7.04,7.04,-0.07,-0.98,2,14,14.08,5.67
EMAMIPAP,EMAMIPAPBEN,113.12,112.01,112.01,-1.11,-0.98,1166,130603,133.7,55.0
HLVLTD,HLVLTDEQN,7.09,7.02,7.02,-0.07,-0.99,2116,14854,13.15,5.6
KSB,KSBEQN,856.95,848.4,848.4,-8.55,-1.0,700,593880,1028.3,666.65
ALPINETEX,ALPINETEXEQN,68.04,67.35,67.35,-0.69,-1.01,5121,344899,105.0,66.21
DECCANCE,DECCANCEEQN,583.35,577.35,577.35,-6.0,-1.03,16,9237,1164.9,538.0
REMSONSIND,REMSONSINDEQN,82.61,81.75,81.75,-0.86,-1.04,1000,81750,152.45,75.23
AEROPLANE,AEROPLANEEQN,201.39,199.25,199.25,-2.14,-1.06,1514,301664,206.9,117.02
CCCL,CCCLEQN,15.68,15.51,15.51,-0.17,-1.08,8800,136488,28.87,12.76
SAMBHAAV,SAMBHAAVEQN,6.49,6.42,6.42,-0.07,-1.08,39,250,11.53,5.07
URJA,URJAEQN,10.05,9.94,9.94,-0.11,-1.09,10908,108425,14.49,8.0
HDFCBANK,HDFCBANKEQN,742.0,733.8,733.8,-8.2,-1.11,2749264,2017409923,1020.5,726.65
CEMPRO,CEMPROEQN,1329.8,1315.0,1315.0,-14.8,-1.11,1543,2029045,1649.2,503.3
EBGNG,EBGNGEQN,508.45,502.6,502.6,-5.85,-1.15,3548,1783224,689.5,239.0
DEVIT,DEVITEQN,27.47,27.15,27.15,-0.32,-1.16,457,12407,50.89,22.25
BHAGYANGR,BHAGYANGRBEN,380.5,376.1,376.1,-4.4,-1.16,907,341122,432.3,85.62
ARIES,ARIESEQN,341.1,337.1,337.1,-4.0,-1.17,20,6742,459.9,285.35
ACL,ACLEQN,47.59,47.01,47.01,-0.58,-1.22,300,14103,109.99,40.5
PRAENG,PRAENGEQN,20.35,20.1,20.1,-0.25,-1.23,100,2010,33.88,17.0
SAKHTISUG,SAKHTISUGEQN,17.74,17.52,17.52,-0.22,-1.24,1384,24247,24.75,13.52
RADAAN,RADAANEQN,3.2,3.16,3.16,-0.04,-1.25,50,158,4.09,2.35
PAVNAIND,PAVNAINDEQN,18.23,18.0,18.0,-0.23,-1.26,43,774,46.0,14.11
RPEL,RPELEQN,1276.5,1260.1,1260.1,-16.4,-1.28,151,190275,1371.8,561.3
ALANKIT,ALANKITEQN,7.81,7.71,7.71,-0.1,-1.28,500,3855,15.65,6.8
DONEAR,DONEAREQN,85.24,84.13,84.13,-1.11,-1.3,169,14217,116.51,77.6
VMSTMT,VMSTMTBEN,44.66,44.07,44.07,-0.59,-1.32,100,4407,105.0,33.5
LICI,LICIEQN,391.3,386.0,386.0,-5.3,-1.35,1313690,507084340,468.48,360.75
DREDGECORP,DREDGECORPEQN,1120.9,1105.7,1105.7,-15.2,-1.36,5491,6071398,1286.0,538.0
PIONEEREMB,PIONEEREMBEQN,24.14,23.81,23.81,-0.33,-1.37,112,2666,44.9,19.61
ORIENTBELL,ORIENTBELLEQN,317.6,313.25,313.25,-4.35,-1.37,25,7831,364.0,238.75
JOCIL,JOCILBEN,146.23,144.2,144.2,-2.03,-1.39,74,10670,177.8,91.25
ADROITINFO,ADROITINFOEQN,9.85,9.71,9.71,-0.14,-1.42,19,184,12.2,7.55
DELHIVERY,DELHIVERYEQN,482.0,475.15,475.15,-6.85,-1.42,8987,4270173,524.0,374.45
PARIN,PARINSMN,715.3,705.0,705.0,-10.3,-1.44,250,176250,748.0,380.0
SIGACHI,SIGACHIBEN,26.38,26.0,26.0,-0.38,-1.44,3321,86346,46.73,16.65
ODIGMA,ODIGMABEN,22.79,22.46,22.46,-0.33,-1.45,48,1078,56.09,20.0
BALAJEE,BALAJEEEQN,27.41,27.01,27.01,-0.4,-1.46,180,4861,59.9,21.1
AVROIND,AVROINDEQN,8.87,8.74,8.74,-0.13,-1.47,3185,27836,16.72,8.42
AARNAV,AARNAVEQN,30.31,29.86,29.86,-0.45,-1.48,10,298,37.4,21.0
SETL,SETLEQN,275.4,271.3,271.3,-4.1,-1.49,1932,524151,305.3,104.56
RADIANTCMS,RADIANTCMSEQN,37.57,37.0,37.0,-0.57,-1.52,1562,57794,62.4,32.33
FRONTSP,FRONTSPEQN,1373.4,1352.1,1352.1,-21.3,-1.55,334,451601,1869.0,1309.1
KAMDHENU,KAMDHENUBEN,34.55,34.01,34.01,-0.54,-1.56,162,5509,37.06,16.15
RAJESHEXPO,RAJESHEXPOBZN,84.88,83.52,83.52,-1.36,-1.6,1107,92456,237.88,72.63
CIFL,CIFLEQN,21.13,20.79,20.79,-0.34,-1.61,1331,27671,39.69,19.56
DIACABS,DIACABSBEN,316.4,311.1,311.1,-5.3,-1.68,3061,952277,342.0,115.57
PARSVNATH,PARSVNATHBEN,1.74,1.71,1.71,-0.03,-1.72,910,1556,18.75,1.74
SWANDEF,SWANDEFBEN,2528.8,2485.0,2485.0,-43.8,-1.73,62,154070,2590.0,337.65
RUDRA,RUDRAEQN,18.32,18.0,18.0,-0.32,-1.75,31,558,29.7,14.63
BLUECHIP,BLUECHIPBEN,1.7,1.67,1.67,-0.03,-1.76,2,3,4.7,1.7
MEDISTEP,MEDISTEPSMN,19.5,19.15,19.15,-0.35,-1.79,3000,57450,53.0,16.5
GENSOL,GENSOLBZN,18.25,17.92,17.92,-0.33,-1.81,367,6576,46.02,17.44
MAGADSUGAR,MAGADSUGAREQN,548.75,538.75,538.75,-10.0,-1.82,1058,569997,609.95,417.0
KHADIM,KHADIMBEN,98.0,96.2,96.2,-1.8,-1.84,15,1443,295.8,77.47
INOXGREEN,INOXGREENBEN,178.29,175.0,175.0,-3.29,-1.85,389,68075,279.0,132.58
AUTOIND,AUTOINDBEN,90.11,88.4,88.4,-1.71,-1.9,845,74698,103.5,48.35
KALYANKJIL,KALYANKJILEQN,591.4,579.7,579.7,-11.7,-1.98,217738,126222718,648.95,327.05
POCL,POCLEQN,531.2,520.65,520.65,-10.55,-1.99,11139,5799520,647.6,392.2
COUNCODOS,COUNCODOSEQN,6.02,5.9,5.9,-0.12,-1.99,10000,59000,8.89,3.71
BNALTD,BNALTDBEN,402.8,394.75,394.75,-8.05,-2.0,18,7105,589.0,310.4
SHEKHAWATI,SHEKHAWATIEQN,14.29,14.0,14.0,-0.29,-2.03,3369,47166,25.75,9.12
TIRUMALCHM,TIRUMALCHMEQN,185.36,181.49,181.49,-3.87,-2.09,10433,1893485,328.8,158.0
SHEMAROO,SHEMAROOBEN,116.43,114.0,114.0,-2.43,-2.09,100,11400,143.0,73.0
DYNPRO,DYNPROEQN,265.65,260.0,260.0,-5.65,-2.13,50,13000,415.8,190.8
DIGIDRIVE,DIGIDRIVEEQN,18.1,17.71,17.71,-0.39,-2.15,10,177,34.65,16.1
ZODIAC,ZODIACEQN,257.6,252.0,252.0,-5.6,-2.17,10,2520,462.35,205.55
AARTISURF,AARTISURFEQN,541.85,530.0,530.0,-11.85,-2.19,1162,615860,569.85,316.0
GEEKAYWIRE,GEEKAYWIREEQN,23.08,22.56,22.56,-0.52,-2.25,3300,74448,40.63,18.51
GULFPETRO,GULFPETROBEN,54.73,53.5,53.5,-1.23,-2.25,3063,163870,55.07,23.25
SSDL,SSDLEQN,54.91,53.65,53.65,-1.26,-2.29,100,5365,98.0,46.15
WEL,WELEQN,117.69,115.0,115.0,-2.69,-2.29,695,79925,183.53,75.01
NIRMAN,NIRMANSMN,36.95,36.1,36.1,-0.85,-2.3,900,32490,231.0,36.0
RMDRIP,RMDRIPBEN,18.24,17.82,17.82,-0.42,-2.3,1105,19691,72.22,14.81
ZENITHSTL,ZENITHSTLEQN,5.61,5.48,5.48,-0.13,-2.32,2500,13700,10.33,4.41
TPHQ,TPHQEQN,0.43,0.42,0.42,-0.01,-2.33,20817,8743,0.86,0.4
SETUINFRA,SETUINFRABZN,0.41,0.4,0.4,-0.01,-2.44,4100,1640,0.78,0.37
AMJLAND,AMJLANDEQN,39.26,38.3,38.3,-0.96,-2.45,5,191,61.0,30.3
NAGREEKEXP,NAGREEKEXPEQN,22.61,22.05,22.05,-0.56,-2.48,11,242,40.0,17.5
ASHIMASYN,ASHIMASYNEQN,18.16,17.7,17.7,-0.46,-2.53,31,548,27.83,11.5
SOMICONVEY,SOMICONVEYEQN,94.76,92.3,92.3,-2.46,-2.6,1,92,169.4,85.5
SHRIPISTON,SHRIPISTONEQN,4402.7,4288.0,4288.0,-114.7,-2.61,1346,5771648,4549.0,2301.2
DGCONTENT,DGCONTENTEQN,23.88,23.24,23.24,-0.64,-2.68,50,1162,42.07,21.61
INNOVANA,INNOVANAEQN,323.75,315.05,315.05,-8.7,-2.69,25,7876,564.8,292.8
ORICONENT,ORICONENTEQN,54.58,53.1,53.1,-1.48,-2.71,33,1752,73.12,48.81
CHEVIOT,CHEVIOTEQN,1130.6,1100.0,1100.0,-30.6,-2.71,40,44000,1370.5,898.0
AGSTRA,AGSTRABZN,2.18,2.12,2.12,-0.06,-2.75,20,42,6.19,2.07
IWP,IWPEQN,33.85,32.9,32.9,-0.95,-2.81,203,6678,39.15,28.0
SHAHALLOYS,SHAHALLOYSEQN,67.4,65.5,65.5,-1.9,-2.82,5,327,83.85,53.1
HNDFDS,HNDFDSEQN,586.85,570.05,570.05,-16.8,-2.86,2780,1584739,595.0,442.0
NEWJAISA,NEWJAISASTN,14.95,14.5,14.5,-0.45,-3.01,1500,21750,51.5,13.35
USK,USKEQN,22.5,21.81,21.81,-0.69,-3.07,235,5125,38.45,18.97
NAGREEKCAP,NAGREEKCAPEQN,23.75,23.0,23.0,-0.75,-3.16,15,345,42.75,19.3
REGAAL,REGAALBEN,89.99,87.15,87.15,-2.84,-3.16,565,49239,145.7,57.27
MARALOVER,MARALOVERBEN,54.28,52.55,52.55,-1.73,-3.19,240,12612,72.65,34.11
PURVFLEXI,PURVFLEXISMN,44.0,42.5,42.5,-1.5,-3.41,800,34000,124.95,37.0
AQYLON,AQYLONEQN,25.42,24.55,24.55,-0.87,-3.42,21770,534453,224.7,23.5
ELECTHERM,ELECTHERMEQN,1010.0,975.0,975.0,-35.0,-3.47,476,464100,1277.0,551.0
PRITIKAUTO,PRITIKAUTOBEN,17.82,17.2,17.2,-0.62,-3.48,461,7929,20.99,10.41
KHAITANLTD,KHAITANLTDEQN,146.18,141.05,141.05,-5.13,-3.51,300,42315,162.0,85.0
PPSL,PPSLSMN,2.8,2.7,2.7,-0.1,-3.57,9000,24300,20.9,2.1
UNITEDPOLY,UNITEDPOLYBEN,29.72,28.65,28.65,-1.07,-3.6,211,6045,51.16,20.6
BAWEJA,BAWEJASTN,27.4,26.35,26.35,-1.05,-3.83,800,21080,66.0,21.1
METROBRAND,METROBRANDEQN,1040.7,1000.0,1000.0,-40.7,-3.91,2329,2329000,1340.4,883.0
CTE,CTEEQN,39.82,38.25,38.25,-1.57,-3.94,40,1530,59.93,20.51
BOHRAIND,BOHRAINDEQN,14.81,14.15,14.15,-0.66,-4.46,21,297,35.58,12.02
SICALLOG,SICALLOGBEN,101.57,97.0,97.0,-4.57,-4.5,808,78376,122.5,60.11
SHYAMTEL,SHYAMTELBEN,16.45,15.66,15.66,-0.79,-4.8,110,1722,25.42,7.07
TARAPUR,TARAPUREQN,14.99,14.25,14.25,-0.74,-4.94,12539,178680,39.99,14.99
SUMEETINDS,SUMEETINDSEQN,20.13,19.13,19.13,-1.0,-4.97,5963,114072,35.67,17.21
MAPMYINDIA,MAPMYINDIAEQN,1139.7,1082.8,1082.8,-56.9,-4.99,11436,12382900,1998.0,795.0
MVKAGRO,MVKAGROSMN,282.3,268.2,268.2,-14.1,-4.99,5400,1448280,819.0,249.95
DEEDEV,DEEDEVBEN,657.75,624.9,624.9,-32.85,-4.99,10873,6794537,760.0,183.0
EIFFL,EIFFLBEN,284.15,269.95,269.95,-14.2,-5.0,1339,361463,381.96,204.98
JAYBARMARU,JAYBARMARUEQN,162.48,154.36,154.36,-8.12,-5.0,7348,1134237,207.0,74.15
OCCLLTD,OCCLLTDBEN,180.37,171.36,171.36,-9.01,-5.0,46490,7966526,183.03,75.71
BHARATGEAR,BHARATGEARBEN,117.4,111.53,111.53,-5.87,-5.0,1491,166291,154.2,83.8
NATIONSTD,NATIONSTDEQN,223.74,212.56,212.56,-11.18,-5.0,365,77584,1519.95,223.74
WELENT,WELENTEQN,606.9,575.0,575.0,-31.9,-5.26,31255,17971625,634.9,412.0
PROTEAN,PROTEANEQN,621.55,584.1,584.1,-37.45,-6.03,18209,10635876,945.5,444.0
SUDEEPPHRM,SUDEEPPHRMEQN,871.8,818.4,818.4,-53.4,-6.13,10279,8412333,913.95,524.05
GATECH,GATECHEQN,0.68,0.62,0.62,-0.06,-8.82,252642,156638,0.93,0.4
STUDIOLSD,STUDIOLSDSMN,8.95,8.1,8.1,-0.85,-9.5,6000,48600,43.2,7.15
DHARIWAL,DHARIWALSMN,22.35,20.15,20.15,-2.2,-9.84,12000,241800,48.3,15.46
POLYSIL,POLYSILSMN,92.25,83.1,83.1,-9.15,-9.92,2000,166200,356.75,92.25
GSMFOILS,GSMFOILSSMN,155.15,139.65,139.65,-15.5,-9.99,2500,349125,293.85,150.2
INDOTHAI,INDOTHAIEQN,136.6,122.94,122.94,-13.66,-10.0,12589,1547691,466.35,136.6
