symbol,identifier,previousClose,lastPrice,iep,change,pChange,finalQuantity,totalTurnover,yearHigh,yearLow
TRANSCOR,TRANSCOREQN,24.97,29.0,29.0,4.03,16.14,4004,116116,27.0,21.0
STEELCAS,STEELCASEQN,317.45,365.0,365.0,47.55,14.98,11783,4300795,364.0,176.02
ORIRAIL,ORIRAILEQN,116.41,128.75,128.75,12.34,10.6,7725,994593,142.0,102.8
PRESSTONIC,PRESSTONICSMN,35.9,39.5,39.5,3.6,10.03,9600,379200,72.84,24.0
DCMFINSERV,DCMFINSERVEQN,4.9,5.39,5.39,0.49,10.0,6,32,8.55,3.7
MOS,MOSSMN,6.05,6.65,6.65,0.6,9.92,28000,186200,28.55,5.1
ARVEE,ARVEEEQN,208.87,224.9,224.9,16.03,7.67,3032,681896,290.78,129.11
LGHL,LGHLEQN,177.2,190.0,190.0,12.8,7.22,3,570,399.58,168.0
TNTELE,TNTELEEQN,9.24,9.89,9.89,0.65,7.03,11,108,15.74,7.81
PACEDIGITK,PACEDIGITKEQN,154.86,165.5,165.5,10.64,6.87,61450,10169975,231.95,139.81
RHIM,RHIMEQN,368.0,392.6,392.6,24.6,6.68,30538,11989218,508.3,323.05
DUCON,DUCONEQN,1.33,1.41,1.41,0.08,6.02,21041,29667,4.31,1.15
MARCO,MARCOSMN,27.85,29.5,29.5,1.65,5.92,7500,221250,44.5,26.6
SRHHYPOLTD,SRHHYPOLTDEQN,627.7,664.7,664.7,37.0,5.89,15782,10490295,627.7,382.4
FILATFASH,FILATFASHEQN,0.17,0.18,0.18,0.01,5.88,102439,18439,0.66,0.14
FEDDERSHOL,FEDDERSHOLEQN,61.49,65.0,65.0,3.51,5.71,244865,15916225,63.48,32.06
RETAIL,RETAILEQN,17.89,18.89,18.89,1.0,5.59,5,94,39.35,15.81
SUPREME,SUPREMEEQN,31.96,33.7,33.7,1.74,5.44,40,1348,97.84,31.51
SANWARIA,SANWARIABZN,0.19,0.2,0.2,0.01,5.26,2195,439,0.36,0.18
AHCL,AHCLEQN,26.24,27.6,27.6,1.36,5.18,546349,15079232,27.48,10.37
ASIANTNE,ASIANTNEEQN,9.2,9.67,9.67,0.47,5.11,201,1943,10.99,8.22
ZENITHSTL,ZENITHSTLEQN,5.31,5.58,5.58,0.27,5.08,52,290,10.33,4.41
PVP,PVPEQN,62.24,65.35,65.35,3.11,5.0,15426,1008089,71.9,23.0
PKTEA,PKTEABEN,950.4,997.9,997.9,47.5,5.0,489,487973,1169.0,605.0
TOYAMSL,TOYAMSLEQN,0.8,0.84,0.84,0.04,5.0,500,420,0.8,0.6
KILITCH,KILITCHBEN,201.02,211.07,211.07,10.05,5.0,3996,843435,219.5,117.25
TIRUPATIFL,TIRUPATIFLBEN,71.06,74.61,74.61,3.55,5.0,5994,447212,83.9,30.11
NAMAN,NAMANSMN,40.0,42.0,42.0,2.0,5.0,1600,67200,90.0,37.0
MONEYBOXX,MONEYBOXXEQN,57.21,60.07,60.07,2.86,5.0,7498,450404,91.5,35.85
ESDS,ESDSEQN,1642.75,1724.85,1724.85,82.1,5.0,18105,31228409,1827.4,756.0
SAHASRA,SAHASRASMN,352.9,370.5,370.5,17.6,4.99,2000,741000,369.0,188.35
DEEP,DEEPBEN,46.28,48.59,48.59,2.31,4.99,1067,51845,49.17,34.2
SILKFLEX,SILKFLEXSMN,294.35,309.05,309.05,14.7,4.99,1000,309050,302.7,76.0
GFSTEELS,GFSTEELSBEN,26.71,28.04,28.04,1.33,4.98,1050,29442,26.71,10.21
OPTIVALUE,OPTIVALUESTN,202.75,212.85,212.85,10.1,4.98,1600,340560,202.75,56.05
FASCINATE,FASCINATESMN,50.2,52.7,52.7,2.5,4.98,800,42160,120.8,43.45
SHEKHAWATI,SHEKHAWATIBEN,22.55,23.67,23.67,1.12,4.97,15226,360399,24.8,9.12
GCHOTELS,GCHOTELSSTN,120.8,126.8,126.8,6.0,4.97,1200,152160,232.0,76.5
RFBL,RFBLSTN,88.5,92.9,92.9,4.4,4.97,3000,278700,104.7,52.5
SUPTANERY,SUPTANERYBEN,9.67,10.15,10.15,0.48,4.96,34821,353433,16.21,6.81
DCXINDIA,DCXINDIAEQN,162.02,170.0,170.0,7.98,4.93,16878,2869260,281.0,153.3
LEENEE,LEENEEBEN,7.5,7.87,7.87,0.37,4.93,2000,15740,11.48,6.81
SKYTECH,SKYTECHSMN,26.45,27.75,27.75,1.3,4.91,3200,88800,74.0,22.8
PEARLPOLY,PEARLPOLYEQN,17.94,18.82,18.82,0.88,4.91,2196,41328,31.79,12.75
ICDSLTD,ICDSLTDBEN,58.96,61.85,61.85,2.89,4.9,10,618,77.69,36.4
KSHITIJPOL,KSHITIJPOLEQN,4.4,4.61,4.61,0.21,4.77,306608,1413462,7.2,1.88
NEELAM,NEELAMSMN,7.35,7.7,7.7,0.35,4.76,6000,46200,21.6,6.1
TAMBOLIIN,TAMBOLIINBEN,292.2,305.9,305.9,13.7,4.69,125,38237,318.85,141.5
TANAA,TANAAEQN,319.6,334.5,334.5,14.9,4.66,12924,4323078,322.0,238.0
VIJSOLX,VIJSOLXEQN,634.95,664.4,664.4,29.45,4.64,1,664,719.9,610.0
GSTL,GSTLSMN,11.9,12.45,12.45,0.55,4.62,5000,62250,37.65,5.95
AKI,AKIBEN,6.41,6.7,6.7,0.29,4.52,9448,63301,10.48,3.8
DSFCL,DSFCLEQN,27.44,28.68,28.68,1.24,4.52,8114,232709,52.5,17.28
SANSERA,SANSERAEQN,4297.0,4489.9,4489.9,192.9,4.49,5032,22593176,4328.0,1364.2
MADHUCON,MADHUCONEQN,4.02,4.2,4.2,0.18,4.48,400,1680,8.44,3.61
BTML,BTMLEQN,7.13,7.44,7.44,0.31,4.35,601,4471,10.12,5.06
APCL,APCLEQN,93.99,98.0,98.0,4.01,4.27,1,98,148.78,93.2
NIMBSPROJ,NIMBSPROJEQN,186.85,194.8,194.8,7.95,4.25,1,194,231.23,141.04
BIL,BILEQN,1044.35,1088.0,1088.0,43.65,4.18,10,10880,1150.0,602.0
GATECHDVR,GATECHDVRBEN,0.48,0.5,0.5,0.02,4.17,736,368,0.67,0.36
SSDL,SSDLEQN,60.28,62.78,62.78,2.5,4.15,7249,455092,91.2,46.15
IL&FSENGG,IL&FSENGGBZN,42.08,43.8,43.8,1.72,4.09,91,3985,42.58,21.0
SUMEETINDS,SUMEETINDSEQN,10.03,10.44,10.44,0.41,4.09,56636,591279,35.67,9.26
DHRUV,DHRUVEQN,20.95,21.79,21.79,0.84,4.01,5,108,59.0,20.5
CSM,CSMEQN,108.19,112.0,112.0,4.31,4.0,3751,420112,114.9,76.26
GATECH,GATECHBEN,0.76,0.79,0.79,0.03,3.95,3222880,2546075,1.11,0.4
STLSTRINF,STLSTRINFEQN,24.04,24.99,24.99,0.95,3.95,4,99,27.9,14.59
ABH,ABHSMN,48.1,50.0,50.0,1.9,3.95,3600,180000,99.0,38.2
JETFREIGHT,JETFREIGHTEQN,21.47,22.3,22.3,0.83,3.87,4,89,25.95,11.9
TGBHOTELS,TGBHOTELSEQN,9.54,9.9,9.9,0.36,3.77,25,247,13.4,7.5
VITAL,VITALEQN,54.9,56.9,56.9,2.0,3.64,8,455,69.4,35.4
CONSOFINVT,CONSOFINVTBEN,301.8,312.75,312.75,10.95,3.63,10,3127,320.0,152.0
EMBDL,EMBDLEQN,58.89,61.0,61.0,2.11,3.58,119629,7297369,101.18,39.46
KEYFINSERV,KEYFINSERVEQN,241.45,250.0,250.0,8.55,3.54,2,500,382.1,220.0
ADISOFT,ADISOFTSMN,252.3,261.1,261.1,8.8,3.49,800,208880,280.0,170.0
NDGL,NDGLEQN,2580.6,2670.0,2670.0,89.4,3.46,20,53400,4050.0,2100.0
NAVKARURB,NAVKARURBEQN,0.87,0.9,0.9,0.03,3.45,6099,5489,2.76,0.7
HILTON,HILTONEQN,16.44,17.0,17.0,0.56,3.41,20000,340000,45.84,13.43
PHOENXINTL,PHOENXINTLEQN,27.95,28.9,28.9,0.95,3.4,400,11560,35.64,27.5
COMPUSOFT,COMPUSOFTEQN,13.35,13.79,13.79,0.44,3.3,3,41,20.5,12.0
GOYALALUM,GOYALALUMEQN,6.09,6.29,6.29,0.2,3.28,3817,24008,11.37,5.3
DNAMEDIA,DNAMEDIAEQN,2.45,2.53,2.53,0.08,3.27,2,5,5.09,2.17
PRAKASHSTL,PRAKASHSTLEQN,3.69,3.81,3.81,0.12,3.25,960,3657,6.57,3.48
LEXUS,LEXUSEQN,13.24,13.67,13.67,0.43,3.25,10,136,39.25,12.36
SWSOLAR,SWSOLAREQN,173.27,178.89,178.89,5.62,3.24,38889,6956853,272.8,148.0
ACSTECH,ACSTECHBEN,69.45,71.7,71.7,2.25,3.24,8895,637771,69.45,31.71
NAGREEKCAP,NAGREEKCAPEQN,29.06,30.0,30.0,0.94,3.23,32,960,42.75,19.3
GSS,GSSEQN,10.82,11.17,11.17,0.35,3.23,3,33,27.5,8.68
DAICHI,DAICHIBEN,319.7,330.0,330.0,10.3,3.22,1,330,380.0,229.9
KEEPLEARN,KEEPLEARNEQN,1.88,1.94,1.94,0.06,3.19,24,46,3.21,1.51
SHRADHA,SHRADHAEQN,29.99,30.94,30.94,0.95,3.17,10,309,51.81,26.34
MCLEODRUSS,MCLEODRUSSEQN,46.54,48.0,48.0,1.46,3.14,31419,1508112,78.41,28.5
DELPHIFX,DELPHIFXBEN,5.12,5.28,5.28,0.16,3.13,1000,5280,18.25,4.72
LIBAS,LIBASEQN,12.79,13.19,13.19,0.4,3.13,155,2044,13.93,9.02
OSIAHYPER,OSIAHYPERBEN,2.25,2.32,2.32,0.07,3.11,1979,4591,30.75,2.16
INFOMEDIA,INFOMEDIAEQN,5.48,5.65,5.65,0.17,3.1,1,5,8.05,4.5
XTRANET,XTRANETEQN,341.43,352.0,352.0,10.57,3.1,44505,15665760,343.37,122.5
BOROSCI,BOROSCIEQN,119.11,122.75,122.75,3.64,3.06,3,368,180.8,96.64
ONELIFECAP,ONELIFECAPBEN,34.94,35.99,35.99,1.06,3.03,300,10797,40.1,10.62
GLASSWALL,GLASSWALLEQN,295.21,304.15,304.15,8.94,3.03,115086,35003406,305.39,185.2
RAMASTEEL,RAMASTEELBEN,4.38,4.51,4.51,0.13,2.97,12024,54228,11.29,3.43
COMFINTE,COMFINTEEQN,5.72,5.89,5.89,0.17,2.97,100,589,9.19,5.21
SUMIT,SUMITEQN,49.54,50.99,50.99,1.45,2.93,1,50,104.0,31.74
SPECTRUM,SPECTRUMBEN,3191.5,3285.0,3285.0,93.5,2.93,1167,3833595,3191.5,1050.0
MAHAPEXLTD,MAHAPEXLTDEQN,54.36,55.95,55.95,1.59,2.92,36,2014,75.64,37.32
AVROIND,AVROINDEQN,7.91,8.14,8.14,0.23,2.91,30,244,15.99,7.47
RUBFILA,RUBFILAEQN,67.88,67.8,67.8,1.92,2.91,126,8542,86.9,57.31
SUTLEJTEX,SUTLEJTEXBEN,38.34,39.45,39.45,1.11,2.9,12,473,42.93,24.0
VERTOZ,VERTOZEQN,36.93,37.99,37.99,1.06,2.87,100,3799,79.74,27.02
TREJHARA,TREJHARAEQN,132.25,136.0,136.0,3.75,2.84,1,136,284.85,128.07
JMA,JMAEQN,88.3,90.79,90.79,2.49,2.82,1,90,103.7,70.25
KOTHARIPRO,KOTHARIPROEQN,63.23,65.0,65.0,1.77,2.8,1,65,100.42,58.0
LAL,LALEQN,8.61,8.85,8.85,0.24,2.79,11,97,12.02,5.56
PRECOT,PRECOTEQN,689.85,709.0,709.0,19.15,2.78,300,212700,899.0,300.05
NRL,NRLBEN,150.81,155.0,155.0,4.19,2.78,901,139655,150.85,45.1
COOLCAPS,COOLCAPSSMN,26.95,27.7,27.7,0.75,2.78,1250,34625,99.5,19.0
SHALPAINTS,SHALPAINTSBEN,80.16,82.36,82.36,2.2,2.74,166,13671,95.95,35.21
CTE,CTEBEN,42.73,43.89,43.89,1.16,2.71,450,19750,59.93,20.51
SOFTTECH,SOFTTECHEQN,521.0,535.0,535.0,14.0,2.69,1,535,545.0,215.0
SVPGLOB,SVPGLOBEQN,3.35,3.44,3.44,0.09,2.69,303,1042,6.89,2.18
ZEELEARN,ZEELEARNEQN,6.77,6.95,6.95,0.18,2.66,395,2745,10.45,4.17
KCPSUGIND,KCPSUGINDBEN,28.69,29.45,29.45,0.76,2.65,570,16786,36.47,21.45
BEARDSELL,BEARDSELLEQN,24.21,24.85,24.85,0.64,2.64,2,49,38.6,20.02
MITTAL,MITTALEQN,0.76,0.78,0.78,0.02,2.63,353,275,1.69,0.7
LCCPROJECT,LCCPROJECTEQN,141.33,145.0,145.0,3.67,2.6,26824,3889480,189.0,140.57
LKPSEC,LKPSECEQN,15.06,15.45,15.45,0.39,2.59,1,15,18.43,14.01
KLL,KLLSMN,36.8,37.75,37.75,0.95,2.58,8000,302000,69.0,21.0
TBZ,TBZEQN,633.7,650.0,650.0,16.3,2.57,70581,45877650,633.7,110.5
STEAMHOUSE,STEAMHOUSEEQN,105.05,107.75,107.75,2.7,2.57,187162,20166705,107.48,91.6
NITTAGELA,NITTAGELAEQN,1725.8,1770.0,1770.0,44.2,2.56,1,1770,2087.2,837.05
C2C,C2CSMN,185.25,190.0,190.0,4.75,2.56,750,142500,802.2,177.0
MMP,MMPEQN,477.7,489.9,489.9,12.2,2.55,625,306187,498.0,185.2
RKSWAMY,RKSWAMYEQN,88.79,91.05,91.05,2.26,2.55,768,69926,158.5,67.15
PANORAMA,PANORAMAEQN,54.89,56.29,56.29,1.4,2.55,36,2026,56.42,40.0
LINC,LINCEQN,91.57,93.89,93.89,2.32,2.53,1,93,133.38,85.01
SERVICE,SERVICESMN,66.05,67.7,67.7,1.65,2.5,2000,135400,73.0,39.2
PRADPME,PRADPMEBEN,475.1,487.0,487.0,11.9,2.5,9,4383,596.0,357.05
WARDINMOBI,WARDINMOBIEQN,5.61,5.75,5.75,0.14,2.5,6677,38392,6.99,4.69
AGSTRA,AGSTRABZN,2.01,2.06,2.06,0.05,2.49,5877,12106,5.44,1.85
RAJTV,RAJTVEQN,8.87,9.09,9.09,0.22,2.48,2,18,46.9,7.7
RBZJEWEL,RBZJEWELBEN,171.75,176.0,176.0,4.25,2.47,238,41888,204.7,100.0
PARAGMILK,PARAGMILKEQN,272.4,278.0,278.0,6.7,2.47,45683,12699874,376.95,177.84
AKSHAR,AKSHAREQN,0.41,0.42,0.42,0.01,2.44,4402,1848,0.76,0.36
ZODIAC,ZODIACEQN,230.26,235.8,235.8,5.54,2.41,285,67203,415.0,205.55
COALINDIA,COALINDIAEQN,414.7,424.7,424.7,10.0,2.41,113722,48297733,491.25,369.6
UEL,UELEQN,198.29,202.99,202.99,4.7,2.37,25,5074,284.2,92.32
PRAXIS,PRAXISEQN,4.22,4.32,4.32,0.1,2.37,6,25,14.44,3.91
CRSL,CRSLBEN,2.53,2.59,2.59,0.06,2.37,1366,3537,3.56,1.72
MTEDUCARE,MTEDUCAREBEN,1.7,1.74,1.74,0.04,2.35,23,40,2.53,1.17
AGIIL,AGIILEQN,271.15,277.5,277.5,6.35,2.34,25405,7049887,434.4,224.7
MANORG,MANORGEQN,464.15,475.0,475.0,10.85,2.34,215,102125,635.0,356.25
RTSPOWR,RTSPOWREQN,87.96,90.0,90.0,2.04,2.32,1,90,114.0,68.88
AFFORDABLE,AFFORDABLEEQN,168.63,172.5,172.5,3.87,2.29,22,3795,297.0,119.71
CPCAP,CPCAPEQN,156.9,160.5,160.5,3.6,2.29,837,134338,158.5,73.51
ATAM,ATAMEQN,59.05,60.4,60.4,1.35,2.29,201,12140,111.0,48.5
HLEGLAS,HLEGLASEQN,469.2,479.9,479.9,10.7,2.28,10842,5203075,661.95,250.0
VIVOBIOT,VIVOBIOTEQN,16.21,16.58,16.58,0.37,2.28,7,116,20.94,16.0
INDSWFTLAB,INDSWFTLABEQN,379.4,388.0,388.0,8.6,2.27,6032,2340416,404.0,87.15
ZOTA,ZOTAEQN,1287.8,1317.0,1317.0,29.2,2.27,1131,1489527,1740.0,1022.0
CHEMFAB,CHEMFABEQN,359.3,367.45,367.45,8.15,2.27,1,367,703.0,290.35
ENERGYDEV,ENERGYDEVEQN,14.57,14.9,14.9,0.33,2.26,1011,15063,29.69,13.15
ANNAPURNA,ANNAPURNAEQN,130.56,133.5,133.5,2.94,2.25,100,13350,287.0,120.75
GSLSU,GSLSUEQN,29.44,30.09,30.09,0.65,2.21,720,21664,139.67,23.06
INDOAMIN,INDOAMINBEN,132.87,135.8,135.8,2.93,2.21,2721,369511,149.0,81.9
ROLLT,ROLLTBEN,5.97,6.1,6.1,0.13,2.18,3398,20727,5.99,1.07
PREMIER,PREMIERBEN,2.78,2.84,2.84,0.06,2.16,502,1425,3.88,2.56
KNAGRI,KNAGRIEQN,202.63,207.0,207.0,4.37,2.16,100,20700,244.0,148.3
DSSL,DSSLEQN,1032.9,1055.0,1055.0,22.1,2.14,74,78070,1924.8,781.0
HILINFRA,HILINFRAEQN,43.37,44.3,44.3,0.93,2.14,1032,45717,87.75,40.1
NIBE,NIBEEQN,1371.1,1399.0,1399.0,29.2,2.13,992,1387808,1848.0,809.6
GRADIENTE,GRADIENTEBEN,2.37,2.42,2.42,0.05,2.11,201,486,9.4,2.08
ESSARSHPNG,ESSARSHPNGEQN,16.15,16.49,16.49,0.34,2.11,202,3330,43.26,15.45
LOTUSCHO,LOTUSCHOEQN,577.8,590.0,590.0,12.2,2.11,1,590,671.0,550.0
BRAHMINFRA,BRAHMINFRAEQN,160.92,164.3,164.3,3.38,2.1,10,1643,184.0,142.1
VIVIANA,VIVIANAEQN,732.6,747.0,747.0,15.4,2.1,673,502731,1162.5,565.0
VHLTD,VHLTDBEN,128.32,131.0,131.0,2.68,2.09,2004,262524,145.2,108.79
EXXARO,EXXAROEQN,6.21,6.34,6.34,0.13,2.09,1010,6403,10.33,5.99
POWERICA,POWERICAEQN,568.1,579.95,579.95,11.85,2.09,1385,803230,676.95,365.1
HINDADH,HINDADHEQN,383.9,391.9,391.9,8.0,2.08,1,391,402.65,335.55
VIRINCHI,VIRINCHIEQN,13.98,14.27,14.27,0.29,2.07,26,371,32.2,13.6
XELPMOC,XELPMOCEQN,73.88,75.4,75.4,1.52,2.06,24,1809,155.5,72.1
AFIL,AFILEQN,8.72,8.9,8.9,0.18,2.06,62,551,11.1,3.92
APEX,APEXEQN,351.65,358.9,358.9,7.25,2.06,1019,365719,514.5,219.86
ISFT,ISFTEQN,92.09,93.98,93.98,1.89,2.05,3,281,112.8,54.05
AUTOIND,AUTOINDEQN,83.76,85.48,85.48,1.72,2.05,505,43167,104.0,48.35
REMSONSIND,REMSONSINDEQN,96.02,97.99,97.99,1.97,2.05,2,195,152.45,75.23
ARIHANT,ARIHANTEQN,957.35,977.0,977.0,19.65,2.05,1,977,1225.0,715.1
QMSMEDI,QMSMEDIBEN,186.22,190.0,190.0,3.78,2.03,3440,653600,186.22,68.95
ASHIMASYN,ASHIMASYNEQN,15.94,16.26,16.26,0.32,2.01,1,16,24.7,11.5
RACE,RACEEQN,99.99,102.0,102.0,2.01,2.01,37,3774,246.0,84.11
HPAL,HPALEQN,35.93,36.65,36.65,0.72,2.0,30,1099,53.0,26.52
MBECL,MBECLBEN,421.66,430.09,430.09,8.43,2.0,438,188379,421.66,213.0
KECL,KECLEQN,118.43,120.8,120.8,2.37,2.0,1513,182770,155.0,75.47
BIGBLOC,BIGBLOCEQN,39.61,40.4,40.4,0.79,1.99,305,12322,80.0,38.0
GHCLTEXTIL,GHCLTEXTILEQN,129.52,132.1,132.1,2.58,1.99,6467,854290,144.59,65.26
INOXINDIA,INOXINDIAEQN,2089.2,2130.7,2130.7,41.5,1.99,524,1116486,2339.5,1068.2
GOLDENTOBC,GOLDENTOBCBZN,24.13,24.61,24.61,0.48,1.99,4,98,36.5,20.34
SUDARCOLOR,SUDARCOLOREQN,402.0,410.0,410.0,8.0,1.99,3,1230,599.8,268.25
GNRL,GNRLEQN,97.17,99.1,99.1,1.93,1.99,7096,703213,120.9,83.2
SKYWAYS,SKYWAYSEQN,126.03,128.54,128.54,2.51,1.99,38345,4928866,137.38,106.82
LCCINFOTEC,LCCINFOTECEQN,3.53,3.6,3.6,0.07,1.98,435,1566,5.89,2.88
SGRL,SGRLEQN,720.75,735.0,735.0,14.25,1.98,10,7350,740.0,477.05
TRITONV,TRITONVEQN,1063.9,1085.0,1085.0,21.1,1.98,9,9765,1219.3,1020.0
GVPTECH,GVPTECHBEN,7.26,7.2,7.2,0.14,1.98,609,4384,11.19,5.22
UFLEX,UFLEXEQN,656.15,669.0,669.0,12.85,1.96,857,573333,723.5,330.0
GEEKAYWIRE,GEEKAYWIREEQN,30.9,31.5,31.5,0.6,1.94,512,16128,37.36,18.51
SEYAIND,SEYAINDBEN,13.38,13.64,13.64,0.26,1.94,20,272,23.99,8.54
NEUEON,NEUEONBEN,11.85,12.08,12.08,0.23,1.94,10,120,27.4,5.76
VINEETLAB,VINEETLABEQN,35.54,36.23,36.23,0.69,1.94,150,5434,43.5,27.96
VASWANI,VASWANIEQN,46.1,46.99,46.99,0.89,1.93,110,5168,69.99,43.26
HMAAGRO,HMAAGROEQN,23.95,24.41,24.41,0.46,1.92,33835,825912,34.24,19.09
ANNU,ANNUEQN,52.69,53.7,53.7,1.01,1.92,5471,293792,75.6,46.55
SAICAPI,SAICAPIEQN,156.99,159.99,159.99,3.0,1.91,15,2399,170.05,133.5
KOKUYOCMLN,KOKUYOCMLNEQN,76.25,77.7,77.7,1.45,1.9,1361,105749,114.86,71.05
JOCIL,JOCILEQN,143.28,146.0,146.0,2.72,1.9,10,1460,175.12,91.25
ANMOL,ANMOLBEN,14.71,14.99,14.99,0.28,1.9,67,1004,18.55,8.4
MADRASFERT,MADRASFERTEQN,61.43,62.6,62.6,1.17,1.9,103,6447,91.51,52.56
ASAHISONG,ASAHISONGBEN,381.75,388.95,388.95,7.2,1.89,7,2722,413.95,179.64
MILKYMIST,MILKYMISTEQN,287.77,293.2,293.2,5.43,1.89,101877,29870336,304.7,165.0
OMINFRAL,OMINFRALEQN,79.11,80.6,80.6,1.49,1.88,175,14105,144.0,71.5
BPL,BPLEQN,44.96,45.8,45.8,0.84,1.87,676,30960,87.4,37.61
PASUPTAC,PASUPTACEQN,71.17,72.5,72.5,1.33,1.87,10000,725000,78.95,40.41
SAKHTISUG,SAKHTISUGEQN,18.21,18.55,18.55,0.34,1.87,684,12688,23.29,13.52
ARIES,ARIESBEN,462.8,468.9,468.9,8.6,1.87,2,937,524.75,285.35
PIIND,PIINDEQN,2321.8,2364.9,2364.9,43.1,1.86,5748,13593445,3832.9,2191.0
BAGFILMS,BAGFILMSEQN,4.31,4.39,4.39,0.08,1.86,40,175,8.0,3.61
HFCL,HFCLBEN,214.31,218.1,218.1,3.99,1.86,71125,15512362,256.7,59.82
CFEL,CFELBEN,48.84,49.75,49.75,0.91,1.86,40,1990,52.8,24.36
ALMONDZ,ALMONDZEQN,18.41,18.75,18.75,0.34,1.85,4657,87318,20.39,10.68
CUBEXTUB,CUBEXTUBEQN,87.38,89.0,89.0,1.62,1.85,210,18690,143.69,73.1
ELGIRUBCO,ELGIRUBCOEQN,59.86,60.97,60.97,1.11,1.85,1,60,72.0,32.72
AARTIPHARM,AARTIPHARMEQN,846.45,862.0,862.0,15.55,1.84,7405,6383110,932.6,585.0
A2ZINFRA,A2ZINFRAEQN,14.68,14.95,14.95,0.27,1.84,349,5217,19.39,12.0
PRAMODINI,PRAMODINISMN,114.85,116.95,116.95,2.1,1.83,1200,140340,137.0,109.5
CSLFINANCE,CSLFINANCEEQN,220.46,224.5,224.5,4.04,1.83,7,1571,324.7,209.7
KOTIC,KOTICEQN,145.25,147.89,147.89,2.64,1.82,1351,199799,223.7,123.12
LANDSMILL,LANDSMILLEQN,0.55,0.56,0.56,0.01,1.82,6029,3376,1.72,0.55
PRISMX,PRISMXEQN,0.55,0.56,0.56,0.01,1.82,100,56,0.63,0.47
RUCHINFRA,RUCHINFRAEQN,4.98,5.07,5.07,0.09,1.81,289,1465,8.25,4.05
ASMS,ASMSEQN,6.68,6.8,6.8,0.12,1.8,1020,6936,16.7,6.52
SFL,SFLEQN,643.5,655.0,655.0,11.5,1.79,2031,1330305,832.45,456.8
ROHLTD,ROHLTDEQN,308.5,314.0,314.0,5.5,1.78,2,628,562.95,269.4
ABANSENT,ABANSENTEQN,27.01,27.49,27.49,0.48,1.78,2,54,48.85,22.3
GULFPETRO,GULFPETROBEN,61.66,62.75,62.75,1.09,1.77,100,6275,71.4,23.25
SHREERAMA,SHREERAMAEQN,43.24,44.0,44.0,0.76,1.76,6062,266728,71.99,37.62
TAALTECH,TAALTECHEQN,5714.6,1163.0,1163.0,20.1,1.76,479,557077,1159.8,523.22
ACCURACY,ACCURACYBEN,4.59,4.67,4.67,0.08,1.74,801,3740,7.46,3.4
GENCON,GENCONEQN,40.54,41.24,41.24,0.7,1.73,1,41,59.96,36.35
VARDMNPOLY,VARDMNPOLYEQN,5.79,5.89,5.89,0.1,1.73,1499,8829,9.49,5.1
WEL,WELEQN,76.58,77.9,77.9,1.32,1.72,3228,251461,183.53,68.01
SBGLP,SBGLPEQN,23.22,23.62,23.62,0.4,1.72,103,2432,40.9,18.35
SUNDARAM,SUNDARAMEQN,1.17,1.19,1.19,0.02,1.71,796,947,2.2,1.03
GREENPANEL,GREENPANELEQN,165.45,168.27,168.27,2.82,1.7,6017,1012480,314.4,148.51
FCL,FCLEQN,55.75,56.7,56.7,0.95,1.7,112420,6374214,62.4,19.1
SETUINFRA,SETUINFRABZN,0.59,0.6,0.6,0.01,1.69,2004,1202,0.71,0.37
CHEMBOND,CHEMBONDEQN,187.04,190.2,190.2,3.16,1.69,1,190,236.8,105.15
INDOKEM,INDOKEMEQN,614.6,625.0,625.0,10.4,1.69,5,3125,668.0,555.0
BLEL,BLELEQN,439.55,447.0,447.0,7.45,1.69,2035,909645,548.0,415.0
KAMDHENU,KAMDHENUEQN,42.48,43.19,43.19,0.71,1.67,4162,179756,43.25,16.15
SNOWMAN,SNOWMANEQN,35.21,35.79,35.79,0.58,1.65,500,17895,57.48,30.5
SHIVAAGRO,SHIVAAGROEQN,41.75,42.44,42.44,0.69,1.65,101,4286,45.9,36.5
GLOSTERLTD,GLOSTERLTDEQN,578.5,588.0,588.0,9.5,1.64,1,588,756.45,495.0
SASKEN,SASKENEQN,1710.0,1738.0,1738.0,28.0,1.64,45,78210,2780.2,991.0
NOVARTIND,NOVARTINDEQN,2004.1,2037.0,2037.0,32.9,1.64,37,75369,2588.8,950.0
BLBLIMITED,BLBLIMITEDEQN,15.99,16.25,16.25,0.26,1.63,162,2632,22.47,12.0
GVKPIL,GVKPILBEN,2.45,2.49,2.49,0.04,1.63,2791,6949,3.9,2.04
JINDALPHOT,JINDALPHOTEQN,1111.8,1129.9,1129.9,18.1,1.63,2,2259,1616.6,971.1
SILVER001,SILVER001EQN,23.55,23.93,23.93,0.38,1.61,5000,119650,28.0,22.0
PARSVNATH,PARSVNATHBEN,1.87,1.9,1.9,0.03,1.6,2000,3800,18.75,1.35
ORIENTCER,ORIENTCEREQN,47.53,48.29,48.29,0.76,1.6,241,11637,56.64,34.0
HERANBA,HERANBAEQN,167.08,169.75,169.75,2.67,1.6,260,44135,327.0,155.38
UYFINCORP,UYFINCORPBEN,19.38,19.69,19.69,0.31,1.6,51,1004,22.34,11.5
SHANTI,SHANTIEQN,5.61,5.7,5.7,0.09,1.6,60,342,12.26,4.7
CORDSCABLE,CORDSCABLEEQN,355.35,361.0,361.0,5.65,1.59,187,67507,394.9,127.01
ATLANTAA,ATLANTAAEQN,35.38,35.94,35.94,0.56,1.58,500,17970,73.39,31.52
SPCENET,SPCENETEQN,3.17,3.22,3.22,0.05,1.58,10302,33172,11.24,3.0
ARSSBL,ARSSBLEQN,496.1,503.95,503.95,7.85,1.58,390,196540,794.85,416.0
VEDAVAAG,VEDAVAAGEQN,22.85,23.21,23.21,0.36,1.58,6,139,25.69,16.98
INDOWIND,INDOWINDEQN,8.92,9.06,9.06,0.14,1.57,709,6423,18.94,7.0
NEXTMEDIA,NEXTMEDIAEQN,3.82,3.88,3.88,0.06,1.57,500,1940,8.48,3.16
CENTRUM,CENTRUMEQN,21.85,22.19,22.19,0.34,1.56,11,244,38.48,19.66
SUNDROP,SUNDROPEQN,707.95,719.0,719.0,11.05,1.56,755,542845,828.0,556.0
IVALUE,IVALUEEQN,221.33,224.79,224.79,3.46,1.56,1057,237603,340.0,200.88
KMCSHIL,KMCSHILEQN,160.45,162.95,162.95,2.5,1.56,8859,1443574,163.25,128.48
NINSYS,NINSYSEQN,713.9,725.0,725.0,11.1,1.55,32,23200,935.0,281.05
BHAGERIA,BHAGERIAEQN,361.4,367.0,367.0,5.6,1.55,1774,651058,368.2,127.51
MIIL,MIILEQN,703.6,714.5,714.5,10.9,1.55,10,7145,742.9,640.5
PANACEABIO,PANACEABIOEQN,376.15,381.95,381.95,5.8,1.54,80,30556,647.0,292.4
TOLINS,TOLINSEQN,89.39,90.77,90.77,1.38,1.54,2,181,201.0,83.04
BROOKS,BROOKSEQN,59.09,60.0,60.0,0.91,1.54,9,540,153.99,36.3
SUNSHIEL,SUNSHIELEQN,1208.4,1227.0,1227.0,18.6,1.54,10,12270,1284.8,1130.0
LALITHAA,LALITHAAEQN,320.1,325.0,325.0,4.9,1.53,65407,21257275,343.9,240.35
VISHWARAJ,VISHWARAJEQN,5.27,5.35,5.35,0.08,1.52,547,2926,8.62,4.14
NATIONSTD,NATIONSTDEQN,114.76,116.5,116.5,1.74,1.52,13,1514,1519.95,98.27
KANOHAR,KANOHAREQN,866.95,880.15,880.15,13.2,1.52,25618,22547682,884.95,685.1
VETO,VETOEQN,143.78,145.95,145.95,2.17,1.51,1406,205205,153.95,82.32
MKPL,MKPLEQN,3.98,4.04,4.04,0.06,1.51,97,391,8.85,3.56
MEIL,MEILEQN,267.25,271.25,271.25,4.0,1.5,221,59946,495.0,206.26
MARINE,MARINEEQN,415.8,422.0,422.0,6.2,1.49,12174,5137428,450.0,150.86
GTPL,GTPLEQN,55.06,55.88,55.88,0.82,1.49,102,5699,118.25,50.85
DIGISPICE,DIGISPICEEQN,16.31,16.55,16.55,0.24,1.47,212,3508,31.0,14.82
DBSTOCKBRO,DBSTOCKBROBEN,29.17,29.6,29.6,0.43,1.47,1,29,48.5,23.15
ANDHRSUGAR,ANDHRSUGAREQN,95.0,96.4,96.4,1.4,1.47,3063,295273,107.23,66.5
RAJRILTD,RAJRILTDBEN,20.49,20.79,20.79,0.3,1.46,2,41,28.9,19.41
DOLPHIN,DOLPHINEQN,684.0,694.0,694.0,10.0,1.46,55,38170,741.4,322.0
COMSYN,COMSYNEQN,304.1,308.0,308.0,4.4,1.45,155,47740,315.4,136.44
GALLANTT,GALLANTTEQN,546.85,554.8,554.8,7.95,1.45,23,12760,948.0,496.25
KRN,KRNEQN,1416.5,1437.0,1437.0,20.5,1.45,620,890940,1687.0,589.8
DEVX,DEVXEQN,35.13,35.64,35.64,0.51,1.45,250,8910,60.44,29.95
RPSGVENT,RPSGVENTEQN,843.4,855.65,855.65,12.25,1.45,4,3422,1179.0,551.9
TVSSRICHAK,TVSSRICHAKEQN,4592.0,4658.0,4658.0,66.0,1.44,49,228242,5760.0,3135.0
PRITIKAUTO,PRITIKAUTOBEN,15.27,15.49,15.49,0.22,1.44,160,2478,20.99,10.41
KRISHANA,KRISHANAEQN,182.4,185.0,185.0,2.6,1.43,2415,446775,206.39,86.2
ASIANPAINT,ASIANPAINTEQN,2440.3,2475.1,2475.1,34.8,1.43,4181,10348393,2985.7,2115.0
IGPL,IGPLEQN,576.75,585.0,585.0,8.25,1.43,104,60840,594.35,315.0
ATALREAL,ATALREALEQN,14.05,14.25,14.25,0.2,1.42,2650,37762,36.7,12.38
VADILALIND,VADILALINDEQN,7415.0,7520.0,7520.0,105.0,1.42,76,571520,8447.0,3996.0
KARMAENG,KARMAENGEQN,41.02,41.6,41.6,0.58,1.41,250,10400,73.7,34.38
COASTCORP,COASTCORPEQN,38.94,39.49,39.49,0.55,1.41,29,1145,66.7,32.5
BESTAGRO,BESTAGROEQN,18.54,18.7,18.7,0.26,1.41,1318,24646,34.4,12.3
TRANSRAILL,TRANSRAILLEQN,414.2,420.0,420.0,5.8,1.4,14773,6204660,800.9,400.65
SGFIN,SGFINEQN,623.25,632.0,632.0,8.75,1.4,583,368456,727.45,323.0
GKENERGY,GKENERGYEQN,126.59,128.36,128.36,1.77,1.4,10781,1383849,239.6,87.2
REMUS,REMUSSMN,988.8,1002.0,1002.0,13.7,1.39,100,100200,1007.0,580.0
SEJALLTD,SEJALLTDEQN,678.9,688.35,688.35,9.45,1.39,10,6883,1036.7,381.0
AEQUS,AEQUSEQN,231.57,234.8,234.8,3.23,1.39,16000,3756800,274.39,113.3
ATLANTAELE,ATLANTAELEEQN,1695.4,1719.0,1719.0,23.6,1.39,233,400527,2152.6,707.6
SHIVALIK,SHIVALIKEQN,398.95,404.5,404.5,5.55,1.39,500,202250,479.95,206.4
MWL,MWLEQN,42.56,43.15,43.15,0.59,1.39,5288,228177,48.0,20.0
ELANTAS,ELANTASEQN,14793.0,14999.0,14999.0,206.0,1.39,27,404973,14949.0,8900.0
HARIOMPIPE,HARIOMPIPEEQN,358.85,363.8,363.8,4.95,1.38,870,316506,572.2,268.05
ANTGRAPHIC,ANTGRAPHICEQN,0.73,0.74,0.74,0.01,1.37,1735,1283,1.17,0.64
RKEC,RKECEQN,18.36,18.61,18.61,0.25,1.36,5,93,81.5,18.01
SARVESHWAR,SARVESHWAREQN,3.69,3.74,3.74,0.05,1.36,7363,27537,6.83,2.5
VOGL,VOGLEQN,33.87,34.33,34.33,0.46,1.36,205341,7049356,47.6,30.42
SUVIDHAA,SUVIDHAAEQN,2.22,2.25,2.25,0.03,1.35,65,146,4.25,1.77
BHANDARI,BHANDARIEQN,2.96,3.0,3.0,0.04,1.35,25,75,4.5,2.0
CIFL,CIFLEQN,20.02,20.29,20.29,0.27,1.35,1931,39179,39.69,18.56
RPEL,RPELEQN,1692.2,1714.9,1714.9,22.7,1.34,782,1341051,1943.7,561.3
SHIVACEM,SHIVACEMEQN,15.67,15.88,15.88,0.21,1.34,100,1588,17.94,15.0
LANCORHOL,LANCORHOLBEN,34.33,34.79,34.79,0.46,1.34,32,1113,41.75,18.12
CROWN,CROWNEQN,121.38,123.0,123.0,1.62,1.33,230,28290,169.5,100.11
THOMASCOTT,THOMASCOTTEQN,236.7,239.85,239.85,3.15,1.33,10,2398,459.8,221.8
USHAMART,USHAMARTEQN,533.9,541.0,541.0,7.1,1.33,20278,10970398,542.6,380.0
ONWARDTEC,ONWARDTECEQN,290.05,293.9,293.9,3.85,1.33,307,90227,355.0,208.25
KAMAHOLD,KAMAHOLDEQN,2250.0,2280.0,2280.0,30.0,1.33,1,2280,2783.9,2240.0
SGIL,SGILEQN,598.1,606.0,606.0,7.9,1.32,42,25452,630.2,420.0
ATHERENERG,ATHERENERGEQN,1593.0,1614.0,1614.0,21.0,1.32,25752,41563728,1744.0,534.5
GVPIL,GVPILEQN,688.9,698.0,698.0,9.1,1.32,16490,11510020,1084.0,270.9
TVSELECT,TVSELECTEQN,396.0,401.2,401.2,5.2,1.31,250,100300,739.35,336.2
INDIQUBE,INDIQUBEEQN,188.34,190.81,190.81,2.47,1.31,205,39116,243.8,131.15
JAMNAAUTO,JAMNAAUTOEQN,129.24,129.4,129.4,1.66,1.3,4886,632248,152.6,89.74
RSWM,RSWMEQN,231.4,234.4,234.4,3.0,1.3,607,142280,238.0,120.0
JINDWORLD,JINDWORLDEQN,49.81,50.46,50.46,0.65,1.3,15788,796662,61.99,17.85
EKI,EKIEQN,69.99,70.89,70.89,0.9,1.29,125,8861,82.5,67.0
MEDICO,MEDICOEQN,34.06,34.5,34.5,0.44,1.29,2005,69172,56.88,30.22
SUDARSCHEM,SUDARSCHEMEQN,1257.9,1274.1,1274.1,16.2,1.29,331,421727,1603.0,726.4
SRD,SRDEQN,40.47,40.99,40.99,0.52,1.28,200,8198,75.79,36.0
SPENCERS,SPENCERSEQN,28.03,28.39,28.39,0.36,1.28,5,141,61.4,24.38
RAJMET,RAJMETEQN,3.12,3.16,3.16,0.04,1.28,2747,8680,5.28,2.72
ADVENZYMES,ADVENZYMESEQN,294.05,297.8,297.8,3.75,1.28,500,148900,419.0,251.95
RUCHIRA,RUCHIRAEQN,109.13,108.0,108.0,1.37,1.28,1990,214920,167.5,95.17
UNIMECH,UNIMECHEQN,1698.4,1719.9,1719.9,21.5,1.27,1129,1941767,1703.0,695.0
PDMJEPAPER,PDMJEPAPEREQN,98.18,99.42,99.42,1.24,1.26,1401,139287,130.0,65.0
SHANTIGEAR,SHANTIGEAREQN,691.3,700.0,700.0,8.7,1.26,185,129500,743.0,384.0
DEN,DENEQN,26.42,26.75,26.75,0.33,1.25,2003,53580,36.44,22.52
OSWALSEEDS,OSWALSEEDSEQN,13.58,13.75,13.75,0.17,1.25,205,2818,20.28,9.66
FISCHER,FISCHEREQN,32.87,33.23,33.23,0.41,1.25,2471,82111,124.7,31.05
MANINDS,MANINDSEQN,859.75,870.5,870.5,10.75,1.25,3893,3388856,944.0,302.05
MEESHO,MEESHOEQN,219.15,221.88,221.88,2.73,1.25,53383,11844620,254.4,125.56
SHREEPUSHK,SHREEPUSHKEQN,513.25,519.6,519.6,6.35,1.24,42,21823,545.2,272.45
DOMS,DOMSEQN,2083.1,2109.0,2109.0,25.9,1.24,211,444999,2755.0,2023.9
INDNIPPON,INDNIPPONEQN,1238.6,1254.0,1254.0,15.4,1.24,109,136686,1564.0,675.0
ZEEMEDIA,ZEEMEDIAEQN,7.31,7.4,7.4,0.09,1.23,1894,14015,13.26,6.65
GVT&D,GVT&DEQN,4366.1,4420.0,4420.0,53.9,1.23,1556,6877520,5650.0,2523.2
MAGADSUGAR,MAGADSUGAREQN,488.8,494.8,494.8,6.0,1.23,10,4948,634.95,417.0
JASH,JASHEQN,575.9,583.0,583.0,7.1,1.23,5636,3285788,596.9,327.1
ALPINETEX,ALPINETEXEQN,52.11,52.75,52.75,0.64,1.23,1082,57075,105.0,49.15
VERANDA,VERANDAEQN,229.17,231.97,231.97,2.8,1.22,595,138022,272.5,130.02
DISHTV,DISHTVEQN,2.45,2.48,2.48,0.03,1.22,8541,21181,5.53,1.82
HINDCOPPER,HINDCOPPEREQN,503.95,510.05,510.05,6.1,1.21,99275,50635213,760.05,282.0
TICL,TICLBEN,5.78,5.85,5.85,0.07,1.21,322,1883,33.99,5.6
NILAINFRA,NILAINFRAEQN,6.62,6.7,6.7,0.08,1.21,151,1011,11.55,5.9
SADBHIN,SADBHINEQN,2.49,2.52,2.52,0.03,1.2,4033,10163,4.79,2.06
WAAREEENER,WAAREEENEREQN,2499.0,2529.0,2529.0,30.0,1.2,14378,36361962,3718.8,2403.0
MTARTECH,MTARTECHBEN,7015.5,7100.0,7100.0,84.5,1.2,122,866200,8714.0,1784.0
HTEL,HTELEQN,72.52,73.39,73.39,0.87,1.2,1936,142083,86.45,68.22
KROSS,KROSSEQN,256.93,260.0,260.0,3.07,1.19,15607,4057820,261.74,150.52
DEEPAKNTR,DEEPAKNTREQN,1586.3,1605.1,1605.1,18.8,1.19,2277,3654812,1904.4,1280.0
INDIGO,INDIGOEQN,4941.0,5000.0,5000.0,59.0,1.19,3598,17990000,5970.0,3895.2
BPLPHARMA,BPLPHARMAEQN,1541.7,1560.0,1560.0,18.3,1.19,21,32760,1649.0,1125.7
KENNAMET,KENNAMETEQN,4348.3,4400.0,4400.0,51.7,1.19,636,2798400,5136.0,2405.2
AVANCE,AVANCEEQN,0.84,0.85,0.85,0.01,1.19,64469,54798,0.94,0.75
APOLLO,APOLLOEQN,385.45,390.0,390.0,4.55,1.18,62507,24377730,466.5,179.5
MANIPALHOS,MANIPALHOSEQN,747.15,756.0,756.0,8.85,1.18,13225,9998100,815.0,625.45
ARKADE,ARKADEEQN,123.44,124.88,124.88,1.44,1.17,2784,347665,183.0,92.62
AVANTIFEED,AVANTIFEEDEQN,767.0,776.0,776.0,9.0,1.17,330,256080,1593.8,631.65
DPEL,DPELSMN,634.15,641.6,641.6,7.45,1.17,500,320800,655.0,227.8
UTTAMSUGAR,UTTAMSUGAREQN,256.05,259.0,259.0,2.95,1.15,78,20202,359.3,181.1
FABTECH,FABTECHEQN,147.23,148.92,148.92,1.69,1.15,1,148,262.8,132.7
CENTEXT,CENTEXTEQN,19.35,19.57,19.57,0.22,1.14,11136,217931,31.59,14.25
KDDL,KDDLEQN,4006.8,4052.5,4052.5,45.7,1.14,583,2362607,4155.5,1990.0
MMTC,MMTCEQN,59.79,60.47,60.47,0.68,1.14,6697,404967,78.35,50.1
COFFEEDAY,COFFEEDAYEQN,30.15,30.49,30.49,0.34,1.13,1277,38935,45.95,21.0
MASTERTR,MASTERTREQN,87.68,88.67,88.67,0.99,1.13,138,12236,164.5,55.6
EMAMILTD,EMAMILTDEQN,380.6,384.9,384.9,4.3,1.13,27844,10717155,591.5,361.15
TVVISION,TVVISIONBEN,2.65,2.68,2.68,0.03,1.13,1504,4030,12.4,2.39
KEI,KEIEQN,4596.0,4648.0,4648.0,52.0,1.13,504,2342592,5899.0,3728.7
MEDIASSIST,MEDIASSISTEQN,336.6,340.4,340.4,3.8,1.13,1175,399970,575.55,293.0
MAHEPC,MAHEPCEQN,99.27,100.39,100.39,1.12,1.13,45,4517,157.59,91.91
SILVERTUC,SILVERTUCEQN,160.7,162.5,162.5,1.8,1.12,1851,300787,216.8,67.58
MANAKSIA,MANAKSIAEQN,63.27,63.98,63.98,0.71,1.12,45,2879,73.4,42.1
SOLEX,SOLEXEQN,692.05,699.8,699.8,7.75,1.12,36,25192,1985.0,651.2
YUKEN,YUKENEQN,1125.8,1138.45,1138.45,12.65,1.12,1,1138,1153.85,584.1
SHINDL,SHINDLEQN,163.0,164.83,164.83,1.83,1.12,15,2472,179.99,130.6
PFS,PFSEQN,26.73,27.03,27.03,0.3,1.12,84,2270,40.5,23.85
SIKA,SIKAEQN,1085.25,1097.4,1097.4,12.15,1.12,513,562966,1359.4,870.1
GALAPREC,GALAPRECEQN,1042.4,1054.0,1054.0,11.6,1.11,126,132804,1260.0,671.2
ZAGGLE,ZAGGLEEQN,180.01,182.0,182.0,1.99,1.11,9537,1735734,405.4,154.36
AAKASH,AAKASHEQN,8.97,9.07,9.07,0.1,1.11,256,2321,13.4,7.21
AMBIKCO,AMBIKCOEQN,1619.4,1600.0,1600.0,17.6,1.11,191,305600,1931.0,1101.0
PAUSHAKLTD,PAUSHAKLTDEQN,705.25,713.05,713.05,7.8,1.11,16,11408,826.75,342.5
NECLIFE,NECLIFEEQN,10.93,11.05,11.05,0.12,1.1,10,110,22.4,9.3
ANUHPHR,ANUHPHREQN,93.66,94.69,94.69,1.03,1.1,22,2083,99.5,67.0
DDEVPLSTIK,DDEVPLSTIKEQN,259.9,262.75,262.75,2.85,1.1,9,2364,360.0,185.15
SPMLINFRA,SPMLINFRAEQN,167.99,169.83,169.83,1.84,1.1,4,679,284.0,151.01
VIDHIING,VIDHIINGEQN,354.45,358.35,358.35,3.9,1.1,50,17917,387.85,258.6
SURYODAY,SURYODAYEQN,146.94,148.55,148.55,1.61,1.1,817,121365,218.0,115.41
DBCORP,DBCORPEQN,182.62,184.62,184.62,2.0,1.1,95,17538,280.55,181.52
TEXINFRA,TEXINFRAEQN,114.06,115.31,115.31,1.25,1.1,32,3689,121.8,82.5
SAHLIBHFI,SAHLIBHFIEQN,76.56,77.4,77.4,0.84,1.1,1,77,91.95,66.6
RUSTOMJEE,RUSTOMJEEEQN,354.45,358.35,358.35,3.9,1.1,57,20425,634.0,331.9
BHARATSE,BHARATSEEQN,212.36,214.68,214.68,2.32,1.09,93,19965,263.18,133.6
BAJEL,BAJELEQN,172.11,173.99,173.99,1.88,1.09,36,6263,224.52,135.1
SIYSIL,SIYSILEQN,530.0,535.8,535.8,5.8,1.09,47,25182,848.8,433.35
SDBL,SDBLEQN,68.11,68.85,68.85,0.74,1.09,226,15560,142.6,61.8
GUFICBIO,GUFICBIOEQN,435.65,440.4,440.4,4.75,1.09,484,213153,467.8,268.0
NGLFINE,NGLFINEEQN,2731.6,2761.4,2761.4,29.8,1.09,13,35898,3602.0,1271.0
VINNY,VINNYEQN,0.93,0.94,0.94,0.01,1.08,1079,1014,1.53,0.93
TEAMLEASE,TEAMLEASEEQN,1217.0,1230.2,1230.2,13.2,1.08,92,113178,1910.0,1065.2
OAL,OALEQN,548.85,554.8,554.8,5.95,1.08,48,26630,562.0,228.0
BATLIBOI,BATLIBOIEQN,85.08,86.0,86.0,0.92,1.08,300,25800,106.5,71.21
PENIND,PENINDEQN,171.07,172.9,172.9,1.83,1.07,2799,483947,279.9,129.1
YATRA,YATRAEQN,103.69,104.8,104.8,1.11,1.07,17138,1796062,202.0,89.9
TPLPLASTEH,TPLPLASTEHEQN,65.03,65.72,65.72,0.69,1.06,1126,74000,90.33,50.01
STYLEBAAZA,STYLEBAAZAEQN,394.75,398.95,398.95,4.2,1.06,1888,753217,447.1,229.95
VIMTALABS,VIMTALABSEQN,616.05,622.6,622.6,6.55,1.06,163,101483,828.35,376.05
NETWEB,NETWEBEQN,4718.0,4768.0,4768.0,50.0,1.06,9547,45520096,5813.0,2920.0
ASTAR,ASTAREQN,726.15,733.85,733.85,7.7,1.06,46,33757,848.0,485.0
DOLLEX,DOLLEXEQN,37.6,38.0,38.0,0.4,1.06,1,38,43.55,26.0
IMPEXFERRO,IMPEXFERROBZN,5.69,5.75,5.75,0.06,1.05,2114,12155,5.69,1.3
VIPIND,VIPINDEQN,295.9,299.0,299.0,3.1,1.05,1401,418899,452.0,278.25
LODHA,LODHAEQN,1138.0,1150.0,1150.0,12.0,1.05,2407,2768050,1344.95,650.8
BLUECLOUDS,BLUECLOUDSEQN,19.07,19.27,19.27,0.2,1.05,426,8209,24.5,18.85
BFUTILITIE,BFUTILITIEEQN,532.35,537.9,537.9,5.55,1.04,22,11833,898.7,368.7
XCHANGING,XCHANGINGEQN,61.31,61.95,61.95,0.64,1.04,2,123,103.0,47.5
KAMATHOTEL,KAMATHOTELEQN,236.44,238.91,238.91,2.47,1.04,109,26041,329.8,140.2
AKUMS,AKUMSEQN,821.45,830.0,830.0,8.55,1.04,838,695540,830.0,409.3
PRSMJOHNSN,PRSMJOHNSNEQN,116.44,117.65,117.65,1.21,1.04,121,14235,172.4,97.1
INDIACEM,INDIACEMEQN,345.0,348.6,348.6,3.6,1.04,316,110157,485.8,331.65
TNPETRO,TNPETROEQN,130.35,131.7,131.7,1.35,1.04,4776,628999,146.99,78.67
GLOBALVECT,GLOBALVECTEQN,133.56,134.95,134.95,1.39,1.04,1,134,248.0,123.0
GENESYS,GENESYSEQN,279.09,282.0,282.0,2.91,1.04,3711,1046502,416.33,134.73
E2E,E2EBEN,592.85,599.0,599.0,6.15,1.04,3080,1844920,698.0,183.36
VISL,VISLEQN,30.68,31.0,31.0,0.32,1.04,43671,1353801,44.78,19.06
LIKHITHA,LIKHITHAEQN,218.6,220.85,220.85,2.25,1.03,63,13913,272.0,131.45
PHOENIXLTD,PHOENIXLTDEQN,1929.0,1948.9,1948.9,19.9,1.03,586,1142055,2169.8,1465.6
KATARIA,KATARIASMN,146.0,147.0,147.0,1.5,1.03,600,88200,151.5,85.5
SATIN,SATINEQN,221.12,223.4,223.4,2.28,1.03,100,22340,274.14,135.81
SUYOG,SUYOGEQN,648.2,654.9,654.9,6.7,1.03,50,32745,921.15,526.5
CMLL,CMLLEQN,475.95,480.85,480.85,4.9,1.03,332,159642,624.4,460.0
IPL,IPLEQN,134.43,135.8,135.8,1.37,1.02,750,101850,237.97,125.0
RSL,RSLEQN,197.88,199.9,199.9,2.02,1.02,1944,388605,201.7,101.7
GAYAPROJ,GAYAPROJEQN,24.59,24.84,24.84,0.25,1.02,6277,155920,27.33,10.99
MGEL,MGELEQN,15.78,15.94,15.94,0.16,1.01,45,717,18.4,9.53
SMARTWORKS,SMARTWORKSEQN,540.25,545.7,545.7,5.45,1.01,1,545,619.0,361.5
SANSTAR,SANSTAREQN,112.34,113.46,113.46,1.12,1.0,74,8396,137.49,74.3
TSFINV,TSFINVEQN,460.35,464.95,464.95,4.6,1.0,183,85085,701.5,331.7
BALAJITELE,BALAJITELEEQN,93.55,94.49,94.49,0.94,1.0,120,11338,141.32,69.52
JKIL,JKILEQN,479.5,484.3,484.3,4.8,1.0,2,968,672.0,425.0
ASKAUTOLTD,ASKAUTOLTDEQN,655.1,661.65,661.65,6.55,1.0,552,365230,687.7,375.3
LLOYDSENGG,LLOYDSENGGEQN,85.01,85.86,85.86,0.85,1.0,30879,2651270,99.75,37.4
HARSHA,HARSHAEQN,467.9,472.55,472.55,4.65,0.99,2207,1042917,476.8,313.3
DIGITIDE,DIGITIDEEQN,83.56,84.39,84.39,0.83,0.99,71,5991,185.92,69.9
MIDWESTLTD,MIDWESTLTDEQN,988.3,998.1,998.1,9.8,0.99,7,6986,1859.9,951.0
VARDHACRLC,VARDHACRLCBEN,44.56,45.0,45.0,0.44,0.99,21,945,48.55,27.01
EVEREADY,EVEREADYEQN,321.85,325.0,325.0,3.15,0.98,681,221325,427.9,259.65
DHANUKA,DHANUKAEQN,975.6,985.15,985.15,9.55,0.98,5,4925,1620.4,889.6
MASFIN,MASFINEQN,292.15,295.0,295.0,2.85,0.98,103,30385,358.85,277.35
BEPL,BEPLEQN,128.1,129.35,129.35,1.25,0.98,4654,601994,138.5,74.2
ESSENTIA,ESSENTIAEQN,1.02,1.03,1.03,0.01,0.98,12289,12657,1.96,0.95
QPOWER,QPOWEREQN,1486.4,1500.0,1500.0,14.6,0.98,638,957000,1570.0,581.0
NECCLTD,NECCLTDBEN,19.43,19.62,19.62,0.19,0.98,100,1962,24.01,10.55
JPOLYINVST,JPOLYINVSTEQN,974.75,984.35,984.35,9.6,0.98,20,19687,1487.7,852.1
TURTLEMINT,TURTLEMINTEQN,131.17,132.46,132.46,1.29,0.98,1538,203723,160.0,110.41
ALOKINDS,ALOKINDSEQN,7.13,7.2,7.2,0.07,0.98,84605,609156,18.94,6.98
TMB,TMBEQN,886.35,895.0,895.0,8.65,0.98,268,239860,954.2,420.0
RAYMONDLSL,RAYMONDLSLEQN,646.15,652.4,652.4,6.25,0.97,120,78288,1292.0,628.25
INDRAMEDCO,INDRAMEDCOEQN,365.95,369.5,369.5,3.55,0.97,587,216896,640.85,342.0
VINDHYATEL,VINDHYATELEQN,2853.2,2881.0,2881.0,27.8,0.97,240,691440,2952.6,963.9
ELIN,ELINEQN,89.38,90.25,90.25,0.87,0.97,280,25270,234.0,83.97
UNITECH,UNITECHEQN,4.13,4.17,4.17,0.04,0.97,4594,19156,7.93,3.1
GKSL,GKSLEQN,183.21,184.99,184.99,1.78,0.97,116,21458,186.99,98.36
RAMKY,RAMKYEQN,317.0,320.05,320.05,3.05,0.96,1,320,705.0,308.85
VIKASECO,VIKASECOEQN,1.04,1.05,1.05,0.01,0.96,15310,16075,2.11,0.99
FOCUS,FOCUSBEN,59.83,60.4,60.4,0.57,0.95,137,8274,98.87,57.06
WCIL,WCILEQN,95.59,96.5,96.5,0.91,0.95,2000,193000,147.29,77.02
MOSCHIP,MOSCHIPEQN,206.05,208.0,208.0,1.95,0.95,10134,2107872,288.45,146.8
MATRIMONY,MATRIMONYEQN,549.8,555.0,555.0,5.2,0.95,2,1110,573.0,364.05
INFOBEAN,INFOBEANEQN,152.45,153.88,153.88,1.43,0.94,491,75555,257.5,116.5
POWERINDIA,POWERINDIAEQN,31870.0,32170.0,32170.0,300.0,0.94,335,10776950,38785.0,16111.0
EQUITASBNK,EQUITASBNKEQN,72.43,73.11,73.11,0.68,0.94,4169,304795,83.9,51.25
IKIO,IKIOEQN,211.68,213.68,213.68,2.0,0.94,209,44659,238.8,103.53
RIIL,RIILEQN,705.35,712.0,712.0,6.65,0.94,1082,770384,964.0,617.35
PROZONER,PROZONEREQN,52.9,53.39,53.39,0.49,0.93,26,1388,72.77,39.55
GRINDWELL,GRINDWELLEQN,1966.8,1985.0,1985.0,18.2,0.93,370,734450,2455.0,1329.0
GPIL,GPILEQN,236.8,239.0,239.0,2.2,0.93,9746,2329294,320.0,221.21
LATENTVIEW,LATENTVIEWEQN,252.45,254.8,254.8,2.35,0.93,1168,297606,517.5,248.0
BODALCHEM,BODALCHEMEQN,197.71,199.55,199.55,1.84,0.93,16172,3227122,200.79,42.81
POKARNA,POKARNAEQN,732.9,739.7,739.7,6.8,0.93,29,21451,1146.2,692.6
JUNIPER,JUNIPEREQN,222.92,225.0,225.0,2.08,0.93,575,129375,309.0,188.5
AASTHA,AASTHAEQN,74.21,74.9,74.9,0.69,0.93,603,45164,140.01,70.0
LUXIND,LUXINDEQN,1192.4,1203.5,1203.5,11.1,0.93,492,592122,1823.35,824.05
SHREDIGCEM,SHREDIGCEMEQN,67.08,67.7,67.7,0.62,0.92,2,135,97.15,53.9
VGUARD,VGUARDEQN,324.95,327.95,327.95,3.0,0.92,258,84611,392.2,288.8
MOLBIO,MOLBIOEQN,1218.8,1230.0,1230.0,11.2,0.92,2012,2474760,1686.8,926.35
SHAH,SHAHEQN,3.29,3.32,3.32,0.03,0.91,388,1288,5.82,2.56
KLBRENG-B,KLBRENG-BEQN,460.0,461.15,461.15,4.15,0.91,366,168780,544.85,332.4
BBOX,BBOXEQN,831.35,838.85,838.85,7.5,0.9,4002,3357077,1103.0,444.3
TDPOWERSYS,TDPOWERSYSEQN,747.3,754.0,754.0,6.7,0.9,5295,3992430,817.55,270.0
SIGACHI,SIGACHIEQN,31.12,31.3,31.3,0.28,0.9,18059,565246,44.2,16.65
GATEWAY,GATEWAYEQN,52.51,52.98,52.98,0.47,0.9,521,27602,65.42,48.1
INDBANK,INDBANKEQN,25.47,25.7,25.7,0.23,0.9,10,257,47.15,25.01
BANSALWIRE,BANSALWIREEQN,316.1,318.95,318.95,2.85,0.9,22,7016,370.0,222.5
CELEBRITY,CELEBRITYEQN,6.64,6.7,6.7,0.06,0.9,500,3350,13.25,5.65
WENDT,WENDTEQN,8640.5,8718.0,8718.0,77.5,0.9,1,8718,9674.5,5841.5
NOCIL,NOCILEQN,194.57,196.3,196.3,1.73,0.89,6016,1180940,204.5,125.31
ORIANA,ORIANASMN,271.3,273.7,273.7,2.4,0.88,7500,2052750,612.8,234.99
KIRLFER,KIRLFEREQN,480.5,484.75,484.75,4.25,0.88,54,26176,513.0,408.0
DCAL,DCALEQN,170.5,171.99,171.99,1.49,0.87,1014,174397,321.95,128.5
TTKPRESTIG,TTKPRESTIGEQN,524.9,529.45,529.45,4.55,0.87,3,1588,771.2,423.0
HVAX,HVAXSMN,659.25,665.0,665.0,5.75,0.87,150,99750,1007.0,585.2
GRAPHITE,GRAPHITEEQN,812.8,819.9,819.9,7.1,0.87,8961,7347123,874.35,516.2
ATL,ATLEQN,24.29,24.5,24.5,0.21,0.86,202,4949,37.86,18.2
RANEHOLDIN,RANEHOLDINEQN,1570.8,1584.3,1584.3,13.5,0.86,1,1584,1894.5,981.0
HINDCOMPOS,HINDCOMPOSEQN,379.25,380.5,380.5,3.25,0.86,1,380,550.0,347.1
DEVIT,DEVITEQN,23.15,23.35,23.35,0.2,0.86,22,513,44.44,22.25
HITECHCORP,HITECHCORPBEN,325.2,328.0,328.0,2.8,0.86,333,109224,345.0,112.0
WOCKPHARMA,WOCKPHARMAEQN,2187.3,2205.9,2205.9,18.6,0.85,5559,12262598,2422.3,1086.7
NSLNISP,NSLNISPEQN,42.44,42.8,42.8,0.36,0.85,25779,1103341,53.75,33.01
TCPLPACK,TCPLPACKEQN,3881.1,3914.0,3914.0,32.9,0.85,16,62624,4410.9,2200.0
JWL,JWLEQN,228.06,230.0,230.0,1.94,0.85,5913,1359990,358.25,225.65
BDL,BDLEQN,1175.0,1185.0,1185.0,10.0,0.85,5046,5979510,1654.0,1086.0
JUBLCPL,JUBLCPLEQN,2111.4,2129.4,2129.4,18.0,0.85,48,102211,2753.1,1460.0
AEROENTER,AEROENTEREQN,122.36,123.4,123.4,1.04,0.85,1315,162271,159.6,62.2
BMWVENTLTD,BMWVENTLTDEQN,50.47,50.9,50.9,0.43,0.85,167,8500,78.0,48.0
RIR,RIREQN,194.45,196.0,196.0,1.65,0.85,1212,237552,213.94,154.0
KARAMTARA,KARAMTARAEQN,356.95,360.0,360.0,3.05,0.85,23994,8637840,377.9,320.0
PIGL,PIGLEQN,101.05,101.9,101.9,0.85,0.84,50,5095,189.7,88.05
REPCOHOME,REPCOHOMEEQN,362.15,362.15,362.15,3.0,0.84,109,39474,455.9,333.6
PREMIERPOL,PREMIERPOLEQN,79.3,79.96,79.96,0.66,0.83,1280,102348,98.8,38.0
SILGO,SILGOEQN,70.02,70.6,70.6,0.58,0.83,26,1835,86.2,57.55
RELAXO,RELAXOEQN,293.55,295.95,295.95,2.4,0.82,542,160404,474.45,236.5
TRENT,TRENTEQN,2815.5,2838.7,2838.7,23.2,0.82,1990,5649013,3425.33,2183.67
ASAHIINDIA,ASAHIINDIAEQN,950.25,958.0,958.0,7.75,0.82,334,319972,1074.0,775.1
SAKAR,SAKAREQN,1158.45,1168.0,1168.0,9.55,0.82,299,349232,1227.0,333.5
INNOVANA,INNOVANAEQN,304.5,307.0,307.0,2.5,0.82,6,1842,550.0,290.0
WINDLAS,WINDLASEQN,1129.4,1138.5,1138.5,9.1,0.81,103,117265,1181.9,697.4
SOUTHBANK,SOUTHBANKEQN,45.52,45.89,45.89,0.37,0.81,34201,1569483,49.9,28.5
TATAINVEST,TATAINVESTEQN,680.5,686.0,686.0,5.5,0.81,2734,1875524,1184.7,538.85
VIKASLIFE,VIKASLIFEEQN,1.23,1.24,1.24,0.01,0.81,7214,8945,2.37,1.05
JAINREC,JAINRECEQN,272.75,274.95,274.95,2.2,0.81,1368,376131,593.95,247.57
SURAKSHA,SURAKSHAEQN,349.1,351.9,351.9,2.8,0.8,389,136889,360.0,224.1
BLACKBUCK,BLACKBUCKEQN,629.95,635.0,635.0,5.05,0.8,1704,1082040,748.0,496.0
ACE,ACEEQN,1230.4,1240.2,1240.2,9.8,0.8,2199,2727199,1268.0,745.1
MANAKCOAT,MANAKCOATEQN,135.19,136.27,136.27,1.08,0.8,1124,153167,182.82,94.2
AEGISVOPAK,AEGISVOPAKEQN,318.3,320.85,320.85,2.55,0.8,8314,2667546,320.95,158.0
AGI,AGIEQN,819.35,825.9,825.9,6.55,0.8,2899,2394284,939.0,465.0
INDIASHLTR,INDIASHLTREQN,674.6,680.0,680.0,5.4,0.8,2,1360,924.0,620.15
DEEPINDS,DEEPINDSEQN,726.3,732.1,732.1,5.8,0.8,1495,1094489,825.0,330.0
FRACTAL,FRACTALEQN,760.9,767.0,767.0,6.1,0.8,1262,967954,1118.0,733.7
PINELABS,PINELABSEQN,193.7,195.25,195.25,1.55,0.8,535374,104531773,284.0,134.73
ADVAIT,ADVAITEQN,2005.5,2021.5,2021.5,16.0,0.8,97,196085,2485.0,1351.0
NATHBIOGEN,NATHBIOGENEQN,151.8,153.0,153.0,1.2,0.79,39,5967,204.0,126.15
BHARATRAS,BHARATRASEQN,1109.1,1117.9,1117.9,8.8,0.79,47,52541,2987.5,1094.5
PLATIND,PLATINDEQN,211.08,212.75,212.75,1.67,0.79,100,21275,328.1,183.5
FAIRCHEMOR,FAIRCHEMORBEN,639.75,644.8,644.8,5.05,0.79,25,16120,846.8,428.05
HINDALUMI,HINDALUMIEQN,93.26,94.0,94.0,0.74,0.79,1,94,107.5,89.0
TAKE,TAKEEQN,16.47,16.6,16.6,0.13,0.79,103,1709,50.14,10.11
AONESILVER,AONESILVEREQN,8.89,8.96,8.96,0.07,0.79,779,6979,12.0,7.43
TATVA,TATVAEQN,1761.2,1775.0,1775.0,13.8,0.78,161,285775,1838.1,981.5
ORIENTHOT,ORIENTHOTEQN,144.06,145.19,145.19,1.13,0.78,807,117168,148.8,80.0
LUMAXTECH,LUMAXTECHEQN,2068.8,2085.0,2085.0,16.2,0.78,41,85485,2148.7,1097.0
VAKRANGEE,VAKRANGEEEQN,5.16,5.2,5.2,0.04,0.78,1908,9921,9.64,4.61
HIMATSEIDE,HIMATSEIDEEQN,62.76,63.25,63.25,0.49,0.78,1026,64894,132.4,62.1
ROTO,ROTOEQN,62.75,63.24,63.24,0.49,0.78,82,5185,83.39,47.5
INDIAGLYCO,INDIAGLYCOEQN,255.8,257.8,257.8,2.0,0.78,360,92808,1222.0,217.0
INNOVACAP,INNOVACAPEQN,1198.3,1207.6,1207.6,9.3,0.78,29,35020,1236.1,622.0
UNIVASTU,UNIVASTUBEN,150.82,151.99,151.99,1.17,0.78,10,1519,178.98,56.02
MBAPL,MBAPLEQN,160.76,162.0,162.0,1.24,0.77,608,98496,174.94,74.63
EDELWEISS,EDELWEISSEQN,139.52,140.6,140.6,1.08,0.77,16593,2332975,142.95,98.0
KANPRPLA,KANPRPLAEQN,254.8,256.75,256.75,1.95,0.77,331,84984,283.14,151.25
GMDCLTD,GMDCLTDEQN,557.9,562.2,562.2,4.3,0.77,9961,5600074,771.9,466.4
SOBHA,SOBHAEQN,1214.0,1223.3,1223.3,9.3,0.77,254,310718,1732.0,1130.0
ASHOKLEY,ASHOKLEYEQN,161.75,163.0,163.0,1.25,0.77,36082,5881366,215.42,134.21
GODREJPROP,GODREJPROPEQN,1696.9,1710.0,1710.0,13.1,0.77,1571,2686410,2352.0,1434.0
RELIABLE,RELIABLEEQN,141.01,142.1,142.1,1.09,0.77,109,15488,175.0,104.74
STCINDIA,STCINDIAEQN,111.04,111.9,111.9,0.86,0.77,1050,117495,150.7,97.04
ANURAS,ANURASEQN,1160.8,1169.7,1169.7,8.9,0.77,5116,5984185,1415.0,1045.2
JAYKAY,JAYKAYEQN,187.56,189.0,189.0,1.44,0.77,6840,1292760,203.43,106.96
FRONTSP,FRONTSPEQN,1173.5,1182.5,1182.5,9.0,0.77,32,37840,1869.0,1170.0
NAVA,NAVAEQN,554.65,558.9,558.9,4.25,0.77,266,148667,739.4,501.65
STLTECH,STLTECHBEN,813.65,819.95,819.95,6.3,0.77,15042,12333687,912.0,84.6
VMART,VMARTEQN,808.8,815.0,815.0,6.2,0.77,9,7335,888.0,457.9
GRSE,GRSEEQN,2372.2,2390.2,2390.2,18.0,0.76,5661,13530922,3339.0,1963.7
PRAKASH,PRAKASHEQN,120.09,121.0,121.0,0.91,0.76,2807,339647,177.0,110.24
NOIDATOLL,NOIDATOLLEQN,3.97,4.0,4.0,0.03,0.76,1117,4468,7.43,2.87
ZYDUSWELL,ZYDUSWELLEQN,530.45,534.5,534.5,4.05,0.76,904,483188,611.85,367.55
PASHUPATI,PASHUPATIEQN,80.19,80.8,80.8,0.61,0.76,2065,166852,118.35,67.5
ANTELOPUS,ANTELOPUSEQN,1100.8,1109.15,1109.15,8.35,0.76,1084,1202318,1218.3,357.0
KPEL,KPELEQN,232.32,233.8,233.8,1.73,0.75,929,217200,463.25,206.52
BHARTIHEXA,BHARTIHEXAEQN,1522.0,1533.4,1533.4,11.4,0.75,57,87403,1955.6,1430.0
ORCHPHARMA,ORCHPHARMAEQN,1081.8,1089.9,1089.9,8.1,0.75,674,734592,1133.0,480.0
AEROFLEX,AEROFLEXEQN,515.5,519.35,519.35,3.85,0.75,2624,1362774,584.15,158.0
BLUEJET,BLUEJETEQN,579.65,584.0,584.0,4.35,0.75,1179,688536,692.9,325.0
CNL,CNLEQN,1139.4,1148.0,1148.0,8.6,0.75,24,27552,1328.0,525.0
SUNFLAG,SUNFLAGEQN,352.85,355.45,355.45,2.6,0.74,134,47630,428.0,192.15
DANGEE,DANGEEEQN,2.7,2.72,2.72,0.02,0.74,15,40,5.08,2.53
GCSL,GCSLEQN,635.1,639.8,639.8,4.7,0.74,346,221370,639.0,213.15
ITCHOTELS,ITCHOTELSEQN,155.86,157.0,157.0,1.14,0.73,8057,1264949,240.2,137.3
LMW,LMWEQN,17313.0,17440.0,17440.0,127.0,0.73,1,17440,20151.0,11920.0
DHARMAJ,DHARMAJEQN,281.25,283.3,283.3,2.05,0.73,34,9632,345.0,210.65
DRREDDY,DRREDDYEQN,1198.3,1207.0,1207.0,8.7,0.73,4580,5528060,1414.9,1101.0
IOC,IOCEQN,136.53,137.53,137.53,1.0,0.73,44762,6156117,188.96,130.22
DIACABS,DIACABSBEN,376.05,378.8,378.8,2.75,0.73,4211,1595126,404.0,115.57
WAAREEINDO,WAAREEINDOEQN,255.1,256.95,256.95,1.85,0.73,123,31604,725.0,241.1
FINCABLES,FINCABLESEQN,1399.7,1409.9,1409.9,10.2,0.73,1339,1887856,1498.0,700.8
EIHAHOTELS,EIHAHOTELSEQN,298.85,301.0,301.0,2.15,0.72,10,3010,403.45,266.65
BPCL,BPCLEQN,312.75,315.0,315.0,2.25,0.72,10903,3434445,391.65,266.6
MAWANASUG,MAWANASUGEQN,125.45,126.35,126.35,0.9,0.72,59,7454,164.0,75.08
CORDELIA,CORDELIAEQN,113.67,114.49,114.49,0.82,0.72,1891,216500,118.53,62.31
EXICOM,EXICOMEQN,161.61,162.75,162.75,1.14,0.71,1045,170073,189.17,75.6
GODAVARIB,GODAVARIBEQN,242.47,244.2,244.2,1.73,0.71,153,37362,353.0,224.0
FCSSOFT,FCSSOFTEQN,1.4,1.41,1.41,0.01,0.71,9868,13913,2.53,1.05
ECLERX,ECLERXEQN,1951.2,1965.0,1965.0,13.8,0.71,157,308505,2497.5,1320.0
JAIBALAJI,JAIBALAJIEQN,63.56,64.01,64.01,0.45,0.71,340,21763,102.89,53.65
UNIVCABLES,UNIVCABLESEQN,1477.5,1488.0,1488.0,10.5,0.71,270,401760,1774.9,576.0
ACUTAAS,ACUTAASEQN,3425.7,3450.0,3450.0,24.3,0.71,563,1942350,3740.0,1302.0
KWIL,KWILEQN,42.09,42.39,42.39,0.3,0.71,14572,617707,50.68,22.24
THANGAMAYL,THANGAMAYLEQN,4930.5,4965.0,4965.0,34.5,0.7,55,273075,7430.0,1939.5
HIRECT,HIRECTEQN,1241.2,1249.9,1249.9,8.7,0.7,1,1249,1399.0,565.2
JSFB,JSFBEQN,531.3,535.0,535.0,3.7,0.7,3234,1730190,606.95,330.0
BAJAJFINSV,BAJAJFINSVEQN,1849.8,1862.7,1862.7,12.9,0.7,897,1670841,2195.0,1597.0
ZEEL,ZEELEQN,77.68,78.22,78.22,0.54,0.7,36479,2853387,121.8,68.0
SANGAMIND,SANGAMINDEQN,578.8,582.85,582.85,4.05,0.7,6,3497,672.5,391.2
SHYAMMETL,SHYAMMETLEQN,1097.5,1105.2,1105.2,7.7,0.7,408,450921,1114.5,746.0
EMMVEE,EMMVEEEQN,340.6,343.0,343.0,2.4,0.7,11926,4090618,371.55,171.51
OSWALAGRO,OSWALAGROEQN,34.76,35.0,35.0,0.24,0.69,278,9730,81.0,32.36
SIGNATURE,SIGNATUREEQN,761.9,767.15,767.15,5.25,0.69,280,214802,1153.9,705.2
ATUL,ATULEQN,6086.0,6128.0,6128.0,42.0,0.69,55,337040,7180.0,5560.5
BEML,BEMLEQN,2097.9,2100.0,2100.0,14.3,0.69,637,1337700,2275.75,1355.0
PRANAV,PRANAVEQN,105.25,105.98,105.98,0.73,0.69,5944,629945,165.1,104.05
ULTRAMAR,ULTRAMAREQN,435.0,438.0,438.0,3.0,0.69,5,2190,455.75,364.1
ASTRON,ASTRONBZN,2.93,2.95,2.95,0.02,0.68,12,35,16.7,2.85
MAITHANALL,MAITHANALLEQN,998.25,1005.0,1005.0,6.75,0.68,526,528630,1210.1,831.2
INDOBORAX,INDOBORAXEQN,463.85,467.0,467.0,3.15,0.68,140,65380,542.8,225.31
AVANTEL,AVANTELEQN,145.01,146.0,146.0,0.99,0.68,1992,290832,215.0,117.05
INOXWIND,INOXWINDEQN,77.5,78.03,78.03,0.53,0.68,37403,2918556,159.3,68.0
KOVAI,KOVAIEQN,6179.0,6221.0,6221.0,42.0,0.68,1,6221,6444.0,5275.5
EUREKAFORB,EUREKAFORBEQN,378.45,381.0,381.0,2.55,0.67,368,140208,668.3,377.45
SOLARINDS,SOLARINDSEQN,19265.0,19395.0,19395.0,130.0,0.67,428,8301060,22700.0,11646.0
ADANIENT,ADANIENTEQN,2975.0,2995.0,2995.0,20.0,0.67,828,2479860,3245.0,1753.0
POCL,POCLEQN,472.85,476.0,476.0,3.15,0.67,790,376040,647.6,392.2
SILVERADD,SILVERADDEQN,22.39,22.54,22.54,0.15,0.67,1,22,39.0,12.14
FILATEX,FILATEXEQN,102.2,102.88,102.88,0.68,0.67,29155,2999466,103.0,36.26
KARURVYSYA,KARURVYSYAEQN,326.15,328.35,328.35,2.2,0.67,2064,677714,358.65,204.8
CLEANMAX,CLEANMAXEQN,1340.5,1349.5,1349.5,9.0,0.67,227,306336,1536.0,727.1
VAML,VAMLEQN,413.05,415.8,415.8,2.75,0.67,9753,4055297,537.0,401.15
CANHLIFE,CANHLIFEEQN,152.97,154.0,154.0,1.03,0.67,3136,482944,166.69,106.0
SUPRAJIT,SUPRAJITEQN,480.85,484.0,484.0,3.15,0.66,65,31460,559.25,389.95
KMEW,KMEWEQN,2878.9,2898.0,2898.0,19.1,0.66,45,130410,3175.0,1084.6
DATAPATTNS,DATAPATTNSEQN,4511.8,4541.7,4541.7,29.9,0.66,3604,16368286,5000.0,2131.0
EBGNG,EBGNGEQN,690.45,695.0,695.0,4.55,0.66,1638,1138410,712.0,239.0
FORCEMOT,FORCEMOTEQN,17485.0,17600.0,17600.0,115.0,0.66,276,4857600,26450.0,14911.0
ELLEN,ELLENEQN,373.45,375.9,375.9,2.45,0.66,459,172538,536.2,175.0
BORORENEW,BORORENEWEQN,473.75,476.9,476.9,3.15,0.66,1498,714396,721.0,374.4
ARDEE,ARDEEEQN,48.68,49.0,49.0,0.32,0.66,13732,672868,73.19,46.5
SIGMAADV,SIGMAADVBEN,908.95,914.95,914.95,6.0,0.66,5613,5135614,909.4,140.1
ABDL,ABDLEQN,656.3,660.65,660.65,4.35,0.66,728,480953,711.7,382.1
JGCHEM,JGCHEMEQN,618.0,622.0,622.0,4.0,0.65,2273,1413806,675.0,298.4
DELTACORP,DELTACORPEQN,61.59,61.99,61.99,0.4,0.65,3680,228123,86.4,48.3
KIRIINDUS,KIRIINDUSEQN,537.5,541.0,541.0,3.5,0.65,3475,1879975,779.0,333.8
RAMBHAJO,RAMBHAJOEQN,304.03,306.0,306.0,1.97,0.65,12909,3950154,308.4,161.6
PGEL,PGELEQN,536.55,540.0,540.0,3.45,0.64,737,397980,644.4,436.55
ARVIND,ARVINDEQN,538.55,542.0,542.0,3.45,0.64,872,472624,607.15,277.9
TIRUMALCHM,TIRUMALCHMEQN,156.75,157.75,157.75,1.0,0.64,956,150809,324.0,143.5
INDOCO,INDOCOEQN,257.59,259.25,259.25,1.66,0.64,256,66368,317.35,162.19
AJOONI,AJOONIEQN,3.18,3.2,3.2,0.02,0.63,2539,8124,5.71,3.02
GANGAFORGE,GANGAFORGEEQN,1.58,1.59,1.59,0.01,0.63,4032,6410,3.29,1.53
IMPAL,IMPALEQN,1077.2,1084.0,1084.0,6.8,0.63,1,1084,1238.9,928.0
BLS,BLSEQN,232.54,234.0,234.0,1.46,0.63,1498,350532,364.0,218.9
ASALCBR,ASALCBREQN,651.9,656.0,656.0,4.1,0.63,68,44608,1277.0,644.55
TIMKEN,TIMKENEQN,3136.8,3156.6,3156.6,19.8,0.63,67,211492,3925.0,2800.5
DBL,DBLEQN,421.3,423.95,423.95,2.65,0.63,1796,761414,585.0,381.55
FEDFINA,FEDFINAEQN,151.74,152.7,152.7,0.96,0.63,1372,209504,178.48,119.07
ANANTAM,ANANTAMIVN,106.13,106.8,106.8,0.67,0.63,1,106,117.0,100.1
ALLTIME,ALLTIMEEQN,206.39,207.7,207.7,1.31,0.63,1,207,314.7,186.0
SUNSHINE,SUNSHINEEQN,430.1,432.8,432.8,2.7,0.63,1935,837468,524.95,326.25
MANOMAY,MANOMAYEQN,224.96,226.35,226.35,1.39,0.62,300,67905,259.88,160.25
FINPIPE,FINPIPEEQN,152.16,153.1,153.1,0.94,0.62,409,62617,218.0,147.54
RVNL,RVNLEQN,209.71,211.0,211.0,1.29,0.62,14648,3090728,400.7,195.15
BHAGYANGR,BHAGYANGREQN,432.85,435.55,435.55,2.7,0.62,787,342777,467.9,90.0
BLUESTONE,BLUESTONEEQN,845.45,850.7,850.7,5.25,0.62,2774,2359841,926.0,399.8
CGPOWER,CGPOWEREQN,910.0,915.65,915.65,5.65,0.62,7725,7073396,980.9,525.5
VARROC,VARROCEQN,872.55,877.9,877.9,5.35,0.61,1429,1254519,896.0,462.0
PRESTIGE,PRESTIGEEQN,1474.0,1483.0,1483.0,9.0,0.61,306,453798,1805.2,1090.0
TTKHLTCARE,TTKHLTCAREEQN,1073.3,1079.8,1079.8,6.5,0.61,3,3239,1247.0,735.0
CLEAN,CLEANEQN,834.9,840.0,840.0,5.1,0.61,235,197400,1173.5,652.0
EPL,EPLEQN,239.65,241.1,241.1,1.45,0.61,528,127300,274.03,176.4
MANYAVAR,MANYAVAREQN,536.7,539.95,539.95,3.25,0.61,200,107990,779.0,329.2
KSCL,KSCLEQN,710.65,715.0,715.0,4.35,0.61,10,7150,1185.7,685.0
VIDYAWIRES,VIDYAWIRESEQN,85.45,85.97,85.97,0.52,0.61,1383,118896,117.35,42.51
PLASTIBLEN,PLASTIBLENEQN,185.67,186.79,186.79,1.12,0.6,210,39225,216.29,121.01
MCLOUD,MCLOUDEQN,25.0,25.15,25.15,0.15,0.6,11753,295587,87.0,19.4
SONACOMS,SONACOMSEQN,795.25,800.0,800.0,4.75,0.6,6152,4921600,844.0,402.3
WHIRLPOOL,WHIRLPOOLEQN,723.65,728.0,728.0,4.35,0.6,850,618800,1437.0,706.0
JUBLINGREA,JUBLINGREAEQN,627.25,631.0,631.0,3.75,0.6,900,567900,795.0,537.3
VIKRAMSOLR,VIKRAMSOLREQN,163.75,164.73,164.73,0.98,0.6,2414,397658,354.4,155.38
MUNJALSHOW,MUNJALSHOWEQN,128.53,129.3,129.3,0.77,0.6,13,1680,150.9,110.3
SAATVIKGL,SAATVIKGLEQN,431.6,434.2,434.2,2.6,0.6,354,153706,567.0,328.0
ORIENTBELL,ORIENTBELLEQN,392.55,394.9,394.9,2.35,0.6,25,9872,434.95,246.55
NEWGEN,NEWGENEQN,494.1,497.0,497.0,2.9,0.59,5379,2673363,1041.95,401.05
JAGRAN,JAGRANEQN,62.53,62.9,62.9,0.37,0.59,361,22706,78.9,59.5
HINDALCO,HINDALCOEQN,981.2,987.0,987.0,5.8,0.59,12499,12336513,1176.0,731.95
SPLPETRO,SPLPETROEQN,865.6,870.75,870.75,5.15,0.59,384,334368,979.0,462.3
ICICIPRULI,ICICIPRULIEQN,493.0,495.9,495.9,2.9,0.59,2193,1087508,706.8,455.3
INDHOTEL,INDHOTELEQN,745.0,749.4,749.4,4.4,0.59,2562,1919962,776.95,565.0
PICCADIL,PICCADILEQN,591.2,594.7,594.7,3.5,0.59,151,89799,809.7,515.0
PATELRMART,PATELRMARTEQN,203.41,204.6,204.6,1.19,0.59,10,2046,266.0,150.25
GSPCROP,GSPCROPEQN,490.9,493.8,493.8,2.9,0.59,245,120981,667.95,328.0
NTPCGREEN,NTPCGREENEQN,91.26,91.8,91.8,0.54,0.59,50281,4615795,119.95,84.0
SOMICONVEY,SOMICONVEYEQN,92.46,93.0,93.0,0.54,0.58,60,5580,169.4,80.16
VENTIVE,VENTIVEEQN,556.75,560.0,560.0,3.25,0.58,162,90720,793.95,542.6
EIDPARRY,EIDPARRYEQN,700.9,704.95,704.95,4.05,0.58,653,460332,1118.0,682.75
MANCREDIT,MANCREDITEQN,226.68,228.0,228.0,1.32,0.58,150,34200,287.27,152.06
MARKSANS,MARKSANSEQN,338.1,340.05,340.05,1.95,0.58,17436,5929111,349.95,155.0
KPITTECH,KPITTECHEQN,536.8,539.9,539.9,3.1,0.58,4308,2325889,1284.9,526.95
ORIENTPPR,ORIENTPPREQN,17.15,17.25,17.25,0.1,0.58,2,34,28.78,13.25
CAMS,CAMSEQN,703.85,707.95,707.95,4.1,0.58,2315,1638904,844.9,611.4
JIOFIN,JIOFINEQN,229.97,231.3,231.3,1.33,0.58,41717,9649142,319.0,223.3
BBTC,BBTCEQN,1484.6,1493.0,1493.0,8.4,0.57,222,331446,2135.0,1314.6
VIKRAN,VIKRANEQN,56.16,56.48,56.48,0.32,0.57,4922,277994,118.4,51.1
SHREEJISPG,SHREEJISPGEQN,709.5,713.55,713.55,4.05,0.57,548,391025,721.5,222.0
CEATLTD,CEATLTDEQN,3392.7,3411.9,3411.9,19.2,0.57,76,259304,4438.0,3061.2
AYE,AYEEQN,187.11,188.17,188.17,1.06,0.57,5107,960984,197.29,88.22
GUJENERGY,GUJENERGYEQN,238.52,239.89,239.89,1.37,0.57,4442,1065591,443.75,237.61
SMCGLOBAL,SMCGLOBALEQN,81.53,81.99,81.99,0.46,0.56,740,60672,95.0,54.44
SAFARI,SAFARIEQN,1485.7,1494.0,1494.0,8.3,0.56,27,40338,2507.1,1363.1
CARYSIL,CARYSILEQN,1064.9,1070.9,1070.9,6.0,0.56,466,499039,1280.9,732.1
NDTV,NDTVEQN,71.57,71.97,71.97,0.4,0.56,10,719,134.5,58.75
BANDHANBNK,BANDHANBNKEQN,179.0,180.0,180.0,1.0,0.56,47438,8538840,220.76,134.25
MARATHON,MARATHONEQN,417.65,419.95,419.95,2.3,0.55,9,3779,685.4,344.05
ZENTEC,ZENTECEQN,1687.2,1696.5,1696.5,9.3,0.55,238,403767,2043.7,1223.0
NILKAMAL,NILKAMALEQN,1888.6,1899.0,1899.0,10.4,0.55,106,201294,2149.5,1050.5
GREENPOWER,GREENPOWEREQN,9.04,9.09,9.09,0.05,0.55,9286,84409,14.93,7.98
GPPL,GPPLEQN,164.99,165.9,165.9,0.91,0.55,3688,611839,200.09,141.55
VESUVIUS,VESUVIUSEQN,397.75,399.95,399.95,2.2,0.55,116,46394,607.9,391.6
LOKESHMACH,LOKESHMACHEQN,336.15,338.0,338.0,1.85,0.55,1,338,385.8,138.96
HARDWYN,HARDWYNEQN,9.15,9.2,9.2,0.05,0.55,558,5133,20.2,7.61
BUILDPRO,BUILDPROEQN,1280.0,1287.0,1287.0,7.0,0.55,16,20592,1380.0,636.0
MARKOLINES,MARKOLINESEQN,169.76,170.7,170.7,0.94,0.55,100,17070,191.75,131.65
IVP,IVPBEN,223.66,224.9,224.9,1.24,0.55,71,15967,224.15,110.0
JSWCEMENT,JSWCEMENTEQN,116.36,117.0,117.0,0.64,0.55,15645,1830465,151.4,106.65
GNA,GNAEQN,564.85,567.95,567.95,3.1,0.55,306,173792,601.65,295.0
SUPRIYA,SUPRIYAEQN,957.7,963.0,963.0,5.3,0.55,2226,2143638,1085.0,545.5
IXIGO,IXIGOEQN,160.98,161.85,161.85,0.87,0.54,419,67815,339.15,151.27
SARDAEN,SARDAENEQN,503.25,505.95,505.95,2.7,0.54,1396,706306,624.0,453.1
UNIECOM,UNIECOMEQN,81.11,81.55,81.55,0.44,0.54,3022,246444,152.98,78.51
TECHNOE,TECHNOEEQN,1012.25,1017.7,1017.7,5.45,0.54,267,271725,1460.0,870.0
POLYMED,POLYMEDEQN,1706.2,1715.4,1715.4,9.2,0.54,71,121793,2094.3,1182.0
TIINDIA,TIINDIAEQN,2588.0,2602.0,2602.0,14.0,0.54,215,559430,3394.5,2164.9
TEXMOPIPES,TEXMOPIPESEQN,60.67,61.0,61.0,0.33,0.54,226,13786,64.5,33.0
CONCORDBIO,CONCORDBIOEQN,1579.4,1588.0,1588.0,8.6,0.54,2976,4725888,1695.0,987.0
APOLLOHOSP,APOLLOHOSPEQN,8912.0,8960.0,8960.0,48.0,0.54,682,6110720,9050.0,6696.5
PCBL,PCBLEQN,344.35,346.2,346.2,1.85,0.54,4549,1574863,409.15,226.5
SOTL,SOTLEQN,724.7,728.6,728.6,3.9,0.54,113,82331,850.1,285.8
ETERNAL,ETERNALEQN,335.9,337.7,337.7,1.8,0.54,184403,62272893,368.45,212.6
APCOTEXIND,APCOTEXINDEQN,608.7,612.0,612.0,3.3,0.54,109,66708,712.0,310.45
PRASOLCHEM,PRASOLCHEMEQN,681.4,685.05,685.05,3.65,0.54,1370,938518,734.9,601.0
JSWINFRA,JSWINFRAEQN,349.6,351.45,351.45,1.85,0.53,13806,4852118,356.95,233.42
GOPAL,GOPALEQN,257.05,258.4,258.4,1.35,0.53,20,5168,378.7,247.55
GALAXYSURF,GALAXYSURFEQN,2188.5,2200.0,2200.0,11.5,0.53,43,94600,2648.0,1510.0
NEULANDLAB,NEULANDLABEQN,22610.0,22730.0,22730.0,120.0,0.53,31,704630,24225.0,11500.0
ASIANENE,ASIANENEEQN,483.5,486.05,486.05,2.55,0.53,1106,537571,565.7,230.0
BERGEPAINT,BERGEPAINTEQN,450.6,453.0,453.0,2.4,0.53,1286,582558,594.55,391.1
ECORECO,ECORECOEQN,422.75,425.0,425.0,2.25,0.53,136,57800,494.9,415.1
JKTYRE,JKTYREEQN,346.9,348.75,348.75,1.85,0.53,381,132873,611.9,339.55
VBL,VBLEQN,425.0,427.2,427.2,2.2,0.52,6167,2634542,555.8,381.0
MARSONS,MARSONSEQN,127.33,127.99,127.99,0.66,0.52,12261,1569285,175.4,100.25
VAIBHAVGBL,VAIBHAVGBLEQN,208.01,209.1,209.1,1.09,0.52,345,72139,293.25,174.13
SCI,SCIEQN,280.55,282.0,282.0,1.45,0.52,10050,2834100,368.75,195.55
OCCLLTD,OCCLLTDBEN,154.2,155.0,155.0,0.8,0.52,233,36115,183.03,75.71
SAPPHIRE,SAPPHIREEQN,238.37,239.6,239.6,1.23,0.52,4114,985714,318.85,139.91
RAJESHEXPO,RAJESHEXPOBZN,70.62,70.99,70.99,0.37,0.52,1294,91861,237.88,69.76
SHRINGARMS,SHRINGARMSEQN,207.9,208.99,208.99,1.09,0.52,295,61652,266.5,166.0
ALLDIGI,ALLDIGIEQN,787.9,791.9,791.9,4.0,0.51,40,31676,1000.0,700.0
ENGINERSIN,ENGINERSINEQN,285.25,286.7,286.7,1.45,0.51,23524,6744330,289.65,163.55
FIEMIND,FIEMINDEQN,1901.1,1910.8,1910.8,9.7,0.51,65,124202,2674.8,1868.5
MUFIN,MUFINEQN,132.17,132.84,132.84,0.67,0.51,2353,312572,141.5,85.13
MRF,MRFEQN,124855.0,125490.0,125490.0,635.0,0.51,11,1380390,163600.0,122000.0
SKIPPER,SKIPPEREQN,560.35,563.2,563.2,2.85,0.51,204,114892,616.8,327.05
GENUSPOWER,GENUSPOWEREQN,310.9,312.5,312.5,1.6,0.51,1101,344062,363.0,210.4
OLECTRA,OLECTRAEQN,1205.8,1212.0,1212.0,6.2,0.51,762,923544,1714.2,866.6
BCLIND,BCLINDEQN,33.32,33.49,33.49,0.17,0.51,892,29873,44.9,25.53
CPPLUS,CPPLUSEQN,3482.3,3500.1,3500.1,17.8,0.51,530,1855053,4094.0,1227.0
WAKEFIT,WAKEFITEQN,146.66,147.41,147.41,0.75,0.51,155,22848,224.0,111.4
DEEPA,DEEPAEQN,183.06,184.0,184.0,0.94,0.51,3090,568560,222.0,164.79
PARAS,PARASEQN,1406.5,1413.5,1413.5,7.0,0.5,3394,4797419,1585.0,580.5
PAGEIND,PAGEINDEQN,35950.0,36130.0,36130.0,180.0,0.5,32,1156160,43855.0,29805.0
YASHO,YASHOEQN,3945.8,3965.5,3965.5,19.7,0.5,28,111034,4994.0,1130.0
MAYURUNIQ,MAYURUNIQEQN,751.25,755.0,755.0,3.75,0.5,28,21140,907.0,471.2
ADANIPORTS,ADANIPORTSEQN,1787.1,1796.0,1796.0,8.9,0.5,5116,9188336,1891.1,1292.0
CREDITACC,CREDITACCEQN,1393.0,1400.0,1400.0,7.0,0.5,47,65800,1634.0,1113.0
GREENLAM,GREENLAMEQN,228.76,229.9,229.9,1.14,0.5,180,41382,278.55,197.59
ESCORTS,ESCORTSEQN,2819.8,2833.9,2833.9,14.1,0.5,43,121857,3987.8,2700.0
TRIVENI,TRIVENIEQN,238.75,239.95,239.95,1.2,0.5,336,80623,490.1,220.05
ENTERO,ENTEROEQN,1795.5,1804.5,1804.5,9.0,0.5,368,664056,1920.0,944.0
SKFINDUS,SKFINDUSEQN,2880.0,2894.4,2894.4,14.4,0.5,110,318384,3218.7,1994.1
GIPCL,GIPCLEQN,189.36,190.3,190.3,0.94,0.5,324,61657,211.71,119.9
GODFRYPHLP,GODFRYPHLPEQN,1980.0,1989.9,1989.9,9.9,0.5,86,171131,3544.0,1832.1
MANKIND,MANKINDEQN,2437.8,2450.0,2450.0,12.2,0.5,3444,8437800,2674.0,1909.7
LXCHEM,LXCHEMEQN,177.62,178.5,178.5,0.88,0.5,3859,688831,222.79,107.6
SHAILY,SHAILYEQN,3265.1,3281.5,3281.5,16.4,0.5,623,2044374,3615.2,1770.9
MAHASTEEL,MAHASTEELBEN,1123.3,1128.9,1128.9,5.6,0.5,10,11289,1421.0,387.25
NEOGEN,NEOGENEQN,2359.8,2371.6,2371.6,11.8,0.5,927,2198473,2499.7,966.7
REDINGTON,REDINGTONEQN,392.05,394.0,394.0,1.95,0.5,4950,1950300,413.2,191.31
GANDHAR,GANDHAREQN,267.65,269.0,269.0,1.35,0.5,3126,840894,303.17,115.0
UBL,UBLEQN,1227.8,1234.0,1234.0,6.2,0.5,206,254204,1844.0,1213.5
RBA,RBAEQN,95.22,95.7,95.7,0.48,0.5,4800,459360,111.15,57.15
WAAREERTL,WAAREERTLEQN,813.9,818.0,818.0,4.1,0.5,555,453990,1358.0,779.5
SAMBHV,SAMBHVEQN,155.13,155.9,155.9,0.77,0.5,40824,6364461,161.63,81.42
VSTTILLERS,VSTTILLERSEQN,4290.7,4312.2,4312.2,21.5,0.5,31,133678,6374.0,3950.0
CONCOR,CONCOREQN,487.05,489.5,489.5,2.45,0.5,1132,554114,560.7,421.45
CENTURYPLY,CENTURYPLYEQN,703.35,706.9,706.9,3.55,0.5,269,190156,859.0,618.5
TCC,TCCEQN,45.99,46.22,46.22,0.23,0.5,2602,120264,105.28,39.37
CCAVENUE,CCAVENUEEQN,16.0,16.08,16.08,0.08,0.5,24823,399153,20.5,12.92
FLUOROCHEM,FLUOROCHEMEQN,4560.0,4582.9,4582.9,22.9,0.5,230,1054067,4958.9,2916.6
WELENT,WELENTEQN,784.7,788.65,788.65,3.95,0.5,1853,1461368,841.9,412.0
RATNAVEER,RATNAVEEREQN,334.55,336.2,336.2,1.65,0.49,38594,12975302,338.0,130.5
KALAMANDIR,KALAMANDIREQN,79.14,79.53,79.53,0.39,0.49,74,5885,223.03,76.55
AADHARHFC,AADHARHFCEQN,466.05,468.35,468.35,2.3,0.49,6,2810,563.0,430.15
PITTIENG,PITTIENGEQN,1134.4,1140.0,1140.0,5.6,0.49,15,17100,1228.0,675.0
UNIPARTS,UNIPARTSEQN,854.85,859.0,859.0,4.15,0.49,265,227635,915.95,399.8
RITCO,RITCOEQN,283.6,285.0,285.0,1.4,0.49,160,45600,331.15,167.1
DMCC,DMCCEQN,285.4,286.8,286.8,1.4,0.49,72,20649,332.9,191.35
NACLIND,NACLINDEQN,143.9,144.6,144.6,0.7,0.49,407,58852,245.0,112.62
SHANKESH,SHANKESHEQN,91.54,91.99,91.99,0.45,0.49,12090,1112159,115.9,87.25
VOEPL,VOEPLEQN,494.4,496.8,496.8,2.4,0.49,19,9439,593.45,428.65
DHOOTTRANS,DHOOTTRANSEQN,1582.3,1590.0,1590.0,7.7,0.49,6199,9856410,1735.3,1131.0
KOTYARK,KOTYARKBEN,31.55,31.7,31.7,0.15,0.48,102,3233,45.5,17.38
NITCO,NITCOEQN,89.47,89.9,89.9,0.43,0.48,387,34791,123.59,64.0
JSWSTEEL,JSWSTEELEQN,1268.6,1274.7,1274.7,6.1,0.48,617,786489,1351.0,1073.2
NAZARA,NAZARAEQN,367.25,369.0,369.0,1.75,0.48,1269,468261,380.0,215.7
BANG,BANGEQN,33.45,33.61,33.61,0.16,0.48,100,3361,62.07,25.84
3MINDIA,3MINDIAEQN,34725.0,34890.0,34890.0,165.0,0.48,15,523350,38030.0,28730.0
VENUSPIPES,VENUSPIPESEQN,2231.2,2242.0,2242.0,10.8,0.48,547,1226374,2347.9,890.0
BOSCHLTD,BOSCHLTDEQN,47565.0,47795.0,47795.0,230.0,0.48,39,1864005,50000.0,28610.0
CMRGREEN,CMRGREENEQN,229.9,231.0,231.0,1.1,0.48,851,196581,268.96,205.25
ODIGMA,ODIGMAEQN,20.95,21.05,21.05,0.1,0.48,28,589,56.09,20.0
THELEELA,THELEELAEQN,537.45,540.0,540.0,2.55,0.47,175,94500,582.85,384.5
INDIANB,INDIANBEQN,841.0,844.95,844.95,3.95,0.47,1816,1534429,1000.9,693.95
RBLBANK,RBLBANKEQN,402.4,404.3,404.3,1.9,0.47,1471,594725,420.4,261.6
CEINSYS,CEINSYSEQN,709.65,713.0,713.0,3.35,0.47,50,35650,1249.9,665.0
KNRCON,KNRCONEQN,121.93,122.5,122.5,0.57,0.47,2520,308700,214.0,108.65
RAYMOND,RAYMONDEQN,1084.95,1090.0,1090.0,5.05,0.47,23980,26138200,1122.0,320.0
LEMONTREE,LEMONTREEEQN,105.99,106.49,106.49,0.5,0.47,7555,804531,174.2,99.61
BLKASHYAP,BLKASHYAPEQN,51.56,51.8,51.8,0.24,0.47,1735,89873,66.4,40.32
OFSS,OFSSEQN,10911.0,10962.0,10962.0,51.0,0.47,1472,16136064,12540.0,6234.5
DEVYANI,DEVYANIEQN,143.22,143.89,143.89,0.67,0.47,8866,1275728,182.8,91.55
NCLIND,NCLINDEQN,175.68,176.5,176.5,0.82,0.47,6,1059,214.8,147.5
DAVANGERE,DAVANGEREEQN,2.14,2.15,2.15,0.01,0.47,28383,61023,5.5,1.74
IRIS,IRISEQN,245.37,246.5,246.5,1.13,0.46,25,6162,388.1,203.0
BALAMINES,BALAMINESEQN,2130.7,2140.5,2140.5,9.8,0.46,212,453786,2629.8,968.1
SUBEXLTD,SUBEXLTDEQN,19.61,19.7,19.7,0.09,0.46,36143,712017,21.85,6.61
CEIGALL,CEIGALLEQN,379.95,381.7,381.7,1.75,0.46,401,153061,405.7,222.61
RCF,RCFEQN,108.74,109.24,109.24,0.5,0.46,3206,350223,157.2,106.0
FMNL,FMNLEQN,8.85,8.89,8.89,0.04,0.45,7,62,13.59,6.74
CAPLIPOINT,CAPLIPOINTEQN,2756.6,2768.9,2768.9,12.3,0.45,98,271352,2877.3,1500.3
HINDPETRO,HINDPETROEQN,357.6,359.2,359.2,1.6,0.45,5727,2057138,508.45,316.2
KEC,KECEQN,403.3,405.1,405.1,1.8,0.45,3937,1594878,937.8,389.15
KTKBANK,KTKBANKEQN,314.55,315.95,315.95,1.4,0.45,1742,550384,345.9,170.0
BLUESTARCO,BLUESTARCOEQN,1565.0,1572.0,1572.0,7.0,0.45,506,795432,2032.9,1432.3
GICHSGFIN,GICHSGFINEQN,139.28,139.9,139.9,0.62,0.45,49,6855,184.0,130.05
ONEPOINT,ONEPOINTEQN,60.03,60.3,60.3,0.27,0.45,596,35938,65.85,40.58
DOLLAR,DOLLAREQN,275.25,276.5,276.5,1.25,0.45,48,13272,396.0,220.5
CUMMINSIND,CUMMINSINDEQN,5067.0,5090.0,5090.0,23.0,0.45,170,865300,6100.0,3833.0
BIRLANU,BIRLANUEQN,1388.8,1395.0,1395.0,6.2,0.45,6,8370,2012.4,1190.1
RNBDENIMS,RNBDENIMSBEN,8.97,9.01,9.01,0.04,0.45,1203,10839,67.67,7.72
SAIPARENT,SAIPARENTEQN,510.85,513.15,513.15,2.3,0.45,30,15394,706.0,400.0
POWERMECH,POWERMECHEQN,2444.2,2455.0,2455.0,10.8,0.44,164,402620,3018.0,1717.7
PRIMESECU,PRIMESECUEQN,298.7,300.0,300.0,1.3,0.44,2,600,325.0,248.0
BOMDYEING,BOMDYEINGEQN,110.02,110.5,110.5,0.48,0.44,2776,306748,186.9,92.0
KSOLVES,KSOLVESEQN,252.15,253.25,253.25,1.1,0.44,169,42799,353.99,245.75
DRONE,DRONESMN,33.8,33.95,33.95,0.15,0.44,500,16975,101.85,31.7
DECNGOLD,DECNGOLDEQN,217.04,217.99,217.99,0.95,0.44,6752,1471868,250.8,114.8
DHAMPURSUG,DHAMPURSUGEQN,162.29,163.01,163.01,0.72,0.44,665,108401,199.92,110.0
EUROBOND,EUROBONDEQN,153.34,154.0,154.0,0.66,0.43,100,15400,226.01,126.3
DENTA,DENTAEQN,276.05,277.25,277.25,1.2,0.43,72,19962,479.6,222.0
SANDHAR,SANDHAREQN,591.45,594.0,594.0,2.55,0.43,43,25542,763.2,424.0
SAMMAANCAP,SAMMAANCAPEQN,142.88,143.5,143.5,0.62,0.43,17303,2482980,192.95,129.0
PARACABLES,PARACABLESEQN,61.03,61.29,61.29,0.26,0.43,744,45599,75.7,28.3
RGL,RGLEQN,161.55,162.24,162.24,0.69,0.43,435,70574,163.45,85.0
SHANTIGOLD,SHANTIGOLDEQN,258.69,259.8,259.8,1.11,0.43,2442,634431,280.75,155.0
OSWALPUMPS,OSWALPUMPSEQN,276.2,277.4,277.4,1.2,0.43,315,87381,802.9,266.45
KANORICHEM,KANORICHEMBEN,180.03,180.8,180.8,0.77,0.43,120,21696,191.45,56.0
RADIANTCMS,RADIANTCMSEQN,35.24,35.39,35.39,0.15,0.43,1192,42184,57.49,32.33
ASHAPURMIN,ASHAPURMINEQN,532.25,532.5,532.5,2.25,0.42,230,122475,924.9,455.1
SALZERELEC,SALZERELECEQN,546.65,548.95,548.95,2.3,0.42,401,220128,952.5,488.8
JPPOWER,JPPOWEREQN,16.48,16.55,16.55,0.07,0.42,802859,13287316,24.5,13.15
MTNL,MTNLEQN,23.65,23.75,23.75,0.1,0.42,6378,151477,45.78,21.26
CIEINDIA,CIEINDIAEQN,395.15,396.8,396.8,1.65,0.42,520,206336,526.0,366.9
ANUP,ANUPEQN,1632.1,1639.0,1639.0,6.9,0.42,39,63921,2559.0,1422.3
BHEL,BHELEQN,433.4,435.2,435.2,1.8,0.42,9982,4344166,446.5,229.54
GLENMARK,GLENMARKEQN,2450.0,2460.4,2460.4,10.4,0.42,577,1419650,2537.6,1792.6
JISLJALEQS,JISLJALEQSEQN,30.96,31.09,31.09,0.13,0.42,7264,225837,57.7,26.11
UNITDSPR,UNITDSPREQN,1397.0,1402.9,1402.9,5.9,0.42,310,434899,1563.4,1210.8
IZMO,IZMOEQN,930.1,934.0,934.0,3.9,0.42,48,44832,1374.7,562.0
RENTOMOJO,RENTOMOJOEQN,539.75,542.0,542.0,2.25,0.42,15652,8483384,581.95,482.45
GICL,GICLBEN,23.64,23.74,23.74,0.1,0.42,150,3561,52.4,15.61
HAWKINCOOK,HAWKINCOOKEQN,8166.0,8200.0,8200.0,34.0,0.42,1,8200,9600.0,7109.0
PREMEXPLN,PREMEXPLNEQN,675.15,677.9,677.9,2.75,0.41,623,422331,829.8,378.4
ACMESOLAR,ACMESOLAREQN,458.1,460.0,460.0,1.9,0.41,7690,3537400,464.45,195.9
XPROINDIA,XPROINDIAEQN,1195.1,1200.0,1200.0,4.9,0.41,8,9600,1574.8,788.05
KERNEX,KERNEXEQN,1779.7,1787.0,1787.0,7.3,0.41,403,720161,2580.0,850.0
OLAELEC,OLAELECEQN,37.0,37.15,37.15,0.15,0.41,65334,2427158,59.2,22.25
IGARASHI,IGARASHIEQN,424.25,426.0,426.0,1.75,0.41,56,23856,558.0,271.05
KOTAKBANK,KOTAKBANKEQN,414.8,416.5,416.5,1.7,0.41,9476,3946754,453.2,345.5
MAZDOCK,MAZDOCKEQN,2232.0,2241.2,2241.2,9.2,0.41,1849,4143978,3061.4,2057.4
ADANIGREEN,ADANIGREENEQN,1303.6,1309.0,1309.0,5.4,0.41,3549,4645641,1631.5,765.0
KALPATARU,KALPATARUEQN,269.9,271.0,271.0,1.1,0.41,124,33604,410.7,250.0
DIFFNKG,DIFFNKGEQN,444.05,445.85,445.85,1.8,0.41,115,51272,519.9,216.8
LEAPIND,LEAPINDEQN,145.9,146.5,146.5,0.6,0.41,9763,1430279,172.29,128.55
SHIPROCKET,SHIPROCKETEQN,122.49,122.99,122.99,0.5,0.41,4297,528488,156.9,120.0
GOLDADD,GOLDADDEQN,14.75,14.81,14.81,0.06,0.41,138,2043,18.1,10.77
KANSAINER,KANSAINEREQN,182.27,183.0,183.0,0.73,0.4,510,93330,264.0,157.91
RKFORGE,RKFORGEEQN,716.5,719.4,719.4,2.9,0.4,456,328046,772.8,460.15
KALYANKJIL,KALYANKJILEQN,581.5,583.85,583.85,2.35,0.4,6134,3581335,648.95,327.05
GSFC,GSFCEQN,150.75,151.36,151.36,0.61,0.4,1403,212358,211.0,138.83
WALCHANNAG,WALCHANNAGEQN,201.18,201.98,201.98,0.8,0.4,1044,210867,315.8,131.15
FUSION,FUSIONEQN,184.67,185.4,185.4,0.73,0.4,132,24472,243.0,136.5
MERCURYEV,MERCURYEVEQN,39.81,39.97,39.97,0.16,0.4,836,33414,44.05,30.16
GLOTTIS,GLOTTISEQN,57.76,57.99,57.99,0.23,0.4,100,5799,93.0,37.0
SMLMAH,SMLMAHEQN,6464.0,6490.0,6490.0,26.0,0.4,135,876150,6654.0,2719.0
RMC,RMCEQN,216.64,217.51,217.51,0.87,0.4,50,10875,530.0,194.1
DRCSYSTEMS,DRCSYSTEMSEQN,12.72,12.77,12.77,0.05,0.39,12,153,22.6,11.5
PPLPHARMA,PPLPHARMAEQN,214.66,215.5,215.5,0.84,0.39,12243,2638366,231.93,132.3
DABUR,DABUREQN,386.8,388.3,388.3,1.5,0.39,3199,1242171,536.75,368.05
SONATSOFTW,SONATSOFTWEQN,278.8,279.9,279.9,1.1,0.39,3330,932067,403.0,207.15
JINDALSTEL,JINDALSTELEQN,1130.6,1135.0,1135.0,4.4,0.39,386,438110,1306.2,977.1
PATELENG,PATELENGEQN,25.75,25.85,25.85,0.1,0.39,11385,294302,39.57,22.0
MAHABANK,MAHABANKEQN,82.2,82.52,82.52,0.32,0.39,14483,1195137,94.5,53.85
BAJFINANCE,BAJFINANCEEQN,1021.3,1025.3,1025.3,4.0,0.39,26633,27306814,1176.4,787.9
ANTHEM,ANTHEMEQN,917.45,921.0,921.0,3.55,0.39,847,780087,977.55,579.15
SEDEMAC,SEDEMACEQN,3088.0,3100.0,3100.0,12.0,0.39,194,601400,3368.9,1413.1
SYRMA,SYRMAEQN,1713.3,1720.0,1720.0,6.7,0.39,4994,8589680,1764.0,634.5
LT,LTEQN,3904.8,3919.6,3919.6,14.8,0.38,5639,22102624,4440.0,3288.1
MFSL,MFSLEQN,1569.0,1574.9,1574.9,5.9,0.38,196,308680,1892.5,1423.6
SRGHFL,SRGHFLEQN,132.5,133.0,133.0,0.5,0.38,150,19950,335.0,118.6
IRCTC,IRCTCEQN,470.7,472.0,472.0,1.8,0.38,2700,1274400,736.95,446.5
UGARSUGAR,UGARSUGAREQN,55.8,56.01,56.01,0.21,0.38,613,34334,62.1,33.75
CYIENT,CYIENTEQN,1060.8,1064.8,1064.8,4.0,0.38,807,859293,1227.0,750.3
GOODLUCK,GOODLUCKEQN,523.9,525.9,525.9,2.0,0.38,797,419142,557.37,305.0
SHRIRAMPPS,SHRIRAMPPSEQN,71.76,72.03,72.03,0.27,0.38,781,56255,99.44,60.57
HAPPSTMNDS,HAPPSTMNDSEQN,317.8,319.0,319.0,1.2,0.38,1741,555379,578.35,316.6
EMSLIMITED,EMSLIMITEDEQN,364.3,365.7,365.7,1.4,0.38,162,59243,589.0,256.05
SMSPHARMA,SMSPHARMAEQN,466.5,467.85,467.85,1.75,0.38,2759,1290798,482.0,242.25
RAIN,RAINEQN,212.18,212.98,212.98,0.8,0.38,3729,794202,252.0,99.9
PNB,PNBEQN,118.0,118.45,118.45,0.45,0.38,23799,2818991,135.15,98.5
EPACKPEB,EPACKPEBEQN,241.57,242.5,242.5,0.93,0.38,590,143075,344.0,132.17
AXITA,AXITAEQN,8.0,8.03,8.03,0.03,0.38,22157,177920,12.2,6.57
BFINVEST,BFINVESTEQN,444.5,446.2,446.2,1.7,0.38,22,9816,584.7,315.0
QUADFUTURE,QUADFUTUREEQN,536.0,538.0,538.0,2.0,0.37,1318,709084,554.4,248.55
PTL,PTLEQN,38.3,38.44,38.44,0.14,0.37,24,922,43.77,36.1
SUZLON,SUZLONEQN,43.34,43.5,43.5,0.16,0.37,106808,4646148,61.5,38.19
GOKULAGRO,GOKULAGROEQN,221.16,221.97,221.97,0.81,0.37,173,38400,259.8,151.0
MRPL,MRPLEQN,167.03,167.65,167.65,0.62,0.37,13114,2198562,212.31,126.1
GNFC,GNFCEQN,589.9,592.1,592.1,2.2,0.37,1063,629402,619.0,365.0
ASHIANA,ASHIANAEQN,405.55,405.55,405.55,1.5,0.37,3202,1298571,435.9,269.45
NATCOPHARM,NATCOPHARMEQN,816.3,819.3,819.3,3.0,0.37,749,613655,1226.8,789.0
RITES,RITESEQN,203.23,203.98,203.98,0.75,0.37,1469,299646,272.51,175.0
VEEDOL,VEEDOLEQN,1357.0,1362.0,1362.0,5.0,0.37,25,34050,2004.9,1238.2
CESC,CESCEQN,143.47,144.0,144.0,0.53,0.37,4600,662400,204.5,138.12
RICOAUTO,RICOAUTOEQN,128.43,128.9,128.9,0.47,0.37,206,26553,157.99,78.92
OMNI,OMNIEQN,551.35,553.4,553.4,2.05,0.37,949,525176,764.85,176.25
MSPL,MSPLEQN,33.28,33.4,33.4,0.12,0.36,380,12692,46.12,26.25
SIRCA,SIRCAEQN,404.55,406.0,406.0,1.45,0.36,218,88508,539.0,385.0
COCHINSHIP,COCHINSHIPEQN,1385.0,1390.0,1390.0,5.0,0.36,1983,2756370,1979.9,1187.0
CSBBANK,CSBBANKEQN,334.8,336.0,336.0,1.2,0.36,1547,519792,574.4,295.0
NITINSPIN,NITINSPINEQN,610.8,613.0,613.0,2.2,0.36,379,232327,665.5,302.2
IDEA,IDEAEQN,13.84,13.89,13.89,0.05,0.36,1180008,16390311,15.79,7.9
INA,INAEQN,90.72,91.05,91.05,0.33,0.36,619,56359,161.81,79.75
IRFC,IRFCEQN,80.22,80.51,80.51,0.29,0.36,22894,1843195,137.17,78.16
VENUSREM,VENUSREMEQN,1593.2,1599.0,1599.0,5.8,0.36,20,31980,2044.3,426.7
NMDC,NMDCEQN,79.8,80.09,80.09,0.29,0.36,36418,2916717,97.49,72.24
IPCALAB,IPCALABEQN,2008.2,2015.5,2015.5,7.3,0.36,284,572402,2038.0,1251.6
POLYCAB,POLYCABEQN,8369.5,8400.0,8400.0,30.5,0.36,344,2889600,10126.0,6663.0
GREENPLY,GREENPLYEQN,289.9,290.95,290.95,1.05,0.36,294,85539,334.4,176.42
VINATIORGA,VINATIORGAEQN,1222.1,1226.5,1226.5,4.4,0.36,42,51513,1849.9,1203.0
EPIGRAL,EPIGRALEQN,1111.0,1115.0,1115.0,4.0,0.36,25,27875,1771.0,807.0
TNPL,TNPLEQN,145.48,146.01,146.01,0.53,0.36,201,29348,175.75,121.51
DIVISLAB,DIVISLABEQN,9410.5,9444.0,9444.0,33.5,0.36,349,3295956,9615.0,5636.5
AGARWALEYE,AGARWALEYEEQN,490.3,492.0,492.0,1.7,0.35,716,352272,568.0,401.0
M&M,M&MEQN,3055.3,3066.0,3066.0,10.7,0.35,4740,14532840,3839.9,2896.0
CMSINFO,CMSINFOEQN,232.14,232.95,232.95,0.81,0.35,589,137207,410.0,220.99
PFIZER,PFIZEREQN,4035.7,4050.0,4050.0,14.3,0.35,124,502200,5578.5,3955.5
SKFINDIA,SKFINDIAEQN,1532.5,1537.9,1537.9,5.4,0.35,71,109190,5074.0,1404.0
GANESHCP,GANESHCPEQN,171.4,172.0,172.0,0.6,0.35,1,172,309.95,152.0
LLOYDSME,LLOYDSMEEQN,1824.6,1830.9,1830.9,6.3,0.35,1800,3295620,2125.0,1042.9
EMAMIPAP,EMAMIPAPBEN,114.6,115.0,115.0,0.4,0.35,25,2875,133.7,55.0
ABREL,ABRELEQN,1237.1,1241.4,1241.4,4.3,0.35,181,224693,1918.0,1080.1
ITC,ITCEQN,267.0,267.9,267.9,0.9,0.34,35560,9526524,426.4,255.5
VMM,VMMEQN,101.65,102.0,102.0,0.35,0.34,15752,1606704,152.18,98.77
MCX,MCXEQN,3209.0,3220.0,3220.0,11.0,0.34,2525,8130500,3480.0,1545.1
GESHIP,GESHIPEQN,1485.0,1490.0,1490.0,5.0,0.34,2876,4285240,1798.0,971.1
STOVEKRAFT,STOVEKRAFTEQN,815.1,817.9,817.9,2.8,0.34,22,17993,877.0,447.05
GAEL,GAELEQN,161.25,161.8,161.8,0.55,0.34,1211,195939,184.99,101.2
POWERGRID,POWERGRIDEQN,266.1,267.0,267.0,0.9,0.34,35364,9442188,324.95,250.0
THYROCARE,THYROCAREEQN,571.45,573.4,573.4,1.95,0.34,539,309062,662.0,342.55
DIAMINESQ,DIAMINESQEQN,255.56,256.44,256.44,0.88,0.34,1,256,373.95,208.01
IMAGICAA,IMAGICAAEQN,52.87,53.05,53.05,0.18,0.34,161,8541,62.0,36.84
MOTISONS,MOTISONSEQN,17.94,18.0,18.0,0.06,0.33,125174,2253132,19.4,10.62
CHOLAFIN,CHOLAFINEQN,1764.0,1769.9,1769.9,5.9,0.33,489,865481,1952.5,1299.4
RTNINDIA,RTNINDIAEQN,27.08,27.17,27.17,0.09,0.33,6008,163237,57.25,24.4
MANALIPETC,MANALIPETCEQN,86.71,87.0,87.0,0.29,0.33,5203,452661,93.0,39.13
JINDALPOLY,JINDALPOLYEQN,741.5,743.95,743.95,2.45,0.33,173,128703,1026.45,365.0
SETL,SETLEQN,408.65,410.0,410.0,1.35,0.33,2533,1038530,468.15,104.56
INTERARCH,INTERARCHEQN,1709.4,1715.0,1715.0,5.6,0.33,119,204085,2762.6,1600.0
MIDHANI,MIDHANIEQN,418.55,419.95,419.95,1.4,0.33,945,396852,482.4,266.65
SHRIPISTON,SHRIPISTONEQN,4508.7,4523.5,4523.5,14.8,0.33,71,321168,4785.8,2525.8
TEMBO,TEMBOEQN,57.8,57.99,57.99,0.19,0.33,1601,92841,837.0,54.25
AVADHSUGAR,AVADHSUGAREQN,732.55,735.0,735.0,2.45,0.33,1,735,884.8,306.05
MBEL,MBELEQN,255.05,255.9,255.9,0.85,0.33,329,84191,535.9,223.05
SULA,SULAEQN,134.46,134.9,134.9,0.44,0.33,534,72036,292.74,132.06
ATULAUTO,ATULAUTOEQN,449.0,450.45,450.45,1.45,0.32,55,24774,596.55,380.05
PTC,PTCEQN,156.28,156.78,156.78,0.5,0.32,3696,579458,229.51,149.59
JUBLPHARMA,JUBLPHARMAEQN,1049.25,1052.6,1052.6,3.35,0.32,285,299991,1184.8,786.05
BALKRISIND,BALKRISINDEQN,2216.8,2224.0,2224.0,7.2,0.32,140,311360,2775.0,1970.0
BATAINDIA,BATAINDIAEQN,635.2,637.25,637.25,2.05,0.32,131,83479,1249.5,605.0
GRAVITA,GRAVITAEQN,1580.0,1585.1,1585.1,5.1,0.32,636,1008123,1913.6,1266.9
TCI,TCIEQN,807.25,809.8,809.8,2.55,0.32,89,72072,1242.0,801.0
PATILAUTOM,PATILAUTOMSMN,330.1,331.15,331.15,1.05,0.32,600,198690,338.0,112.05
ENRIN,ENRINEQN,3214.7,3225.1,3225.1,10.4,0.32,579,1867332,3968.0,2115.0
TARIL,TARILEQN,278.25,279.15,279.15,0.9,0.32,1773,494932,552.0,224.05
FSL,FSLEQN,269.45,270.3,270.3,0.85,0.32,1559,421397,374.5,202.0
ORIENTTECH,ORIENTTECHEQN,235.04,235.77,235.77,0.73,0.31,586,138161,466.73,220.8
LTTS,LTTSEQN,3307.0,3317.1,3317.1,10.1,0.31,64,212294,4726.0,3010.0
RATEGAIN,RATEGAINEQN,842.3,844.9,844.9,2.6,0.31,944,797585,1050.0,437.0
INDUSINDBK,INDUSINDBKEQN,956.0,959.0,959.0,3.0,0.31,699,670341,1077.85,710.6
SHALBY,SHALBYEQN,138.32,138.75,138.75,0.43,0.31,312,43290,274.7,125.82
TFCILTD,TFCILTDEQN,140.06,140.49,140.49,0.43,0.31,6048,849683,147.65,51.0
BSE,BSEEQN,3161.0,3170.8,3170.8,9.8,0.31,10137,32142399,4446.8,2021.5
BCG,BCGEQN,9.67,9.7,9.7,0.03,0.31,38317,371674,15.11,7.7
SBIN,SBINEQN,996.0,999.1,999.1,3.1,0.31,36381,36348257,1234.7,851.2
BASF,BASFEQN,3663.8,3675.0,3675.0,11.2,0.31,4,14700,4829.9,3122.2
UJJIVANSFB,UJJIVANSFBEQN,64.79,64.99,64.99,0.2,0.31,17499,1137260,73.94,43.85
TECHNOCRAF,TECHNOCRAFEQN,437.65,439.0,439.0,1.35,0.31,2608,1144912,459.8,284.0
MVELECTRO,MVELECTROEQN,882.2,884.9,884.9,2.7,0.31,8510,7530499,948.0,516.55
ONMOBILE,ONMOBILEBEN,51.25,51.41,51.41,0.16,0.31,1600,82256,84.0,40.21
MOKSH,MOKSHEQN,9.94,9.97,9.97,0.03,0.3,200,1994,16.65,8.11
ROSSTECH,ROSSTECHEQN,1359.7,1363.8,1363.8,4.1,0.3,279,380500,1464.9,551.9
EMUDHRA,EMUDHRAEQN,662.0,664.0,664.0,2.0,0.3,4387,2912968,690.9,364.55
TCS,TCSEQN,2128.7,2135.1,2135.1,6.4,0.3,9399,20067804,3350.0,1976.8
DYNAMATECH,DYNAMATECHEQN,12169.0,12205.0,12205.0,36.0,0.3,16,195280,12875.0,6716.0
AFFLE,AFFLEEQN,1600.2,1605.0,1605.0,4.8,0.3,589,945345,2185.9,1251.3
TRIDENT,TRIDENTEQN,23.02,23.09,23.09,0.07,0.3,14989,346096,30.94,21.98
GUJTHEM,GUJTHEMEQN,413.7,414.95,414.95,1.25,0.3,137,56848,479.0,225.05
AURIONPRO,AURIONPROEQN,687.05,687.1,687.1,2.05,0.3,102,70084,1240.5,663.0
GMRAIRPORT,GMRAIRPORTEQN,98.7,98.99,98.99,0.29,0.29,50955,5044035,115.64,84.11
RADICO,RADICOEQN,4480.0,4493.0,4493.0,13.0,0.29,177,795261,4747.0,2500.0
SBILIFE,SBILIFEEQN,1756.0,1761.1,1761.1,5.1,0.29,473,833000,2132.0,1652.9
MUTHOOTMF,MUTHOOTMFEQN,188.75,189.3,189.3,0.55,0.29,80,15144,262.77,141.2
KIOCL,KIOCLEQN,341.0,342.0,342.0,1.0,0.29,143,48906,634.55,290.65
AUROPHARMA,AUROPHARMAEQN,1713.4,1718.3,1718.3,4.9,0.29,624,1072219,1738.9,1066.8
INDIANHUME,INDIANHUMEEQN,362.95,364.0,364.0,1.05,0.29,7,2548,432.0,279.8
PGINVIT,PGINVITIVN,101.0,101.29,101.29,0.29,0.29,1797,182018,104.5,86.3
LGEINDIA,LGEINDIAEQN,1656.3,1661.1,1661.1,4.8,0.29,259,430224,1755.0,1304.1
ARIS,ARISEQN,142.09,142.5,142.5,0.41,0.29,3632,517560,178.3,82.18
VHL,VHLEQN,3339.1,3348.3,3348.3,9.2,0.28,1,3348,4275.0,2870.0
TI,TIEQN,579.55,581.2,581.2,1.65,0.28,1008,585849,594.55,381.55
KAJARIACER,KAJARIACEREQN,1200.5,1203.9,1203.9,3.4,0.28,1,1203,1293.8,869.6
FINOPB,FINOPBEQN,134.82,135.2,135.2,0.38,0.28,881,119111,339.0,110.03
CYIENTDLM,CYIENTDLMEQN,912.4,915.0,915.0,2.6,0.28,1437,1314855,1009.0,265.2
PRIVISCL,PRIVISCLEQN,3525.6,3535.3,3535.3,9.7,0.28,15,53029,3785.3,2339.5
TORNTPHARM,TORNTPHARMEQN,4970.0,4984.0,4984.0,14.0,0.28,196,976864,5250.0,3480.6
CRIZAC,CRIZACEQN,176.49,176.99,176.99,0.5,0.28,62,10973,343.15,159.95
FDC,FDCEQN,362.4,363.4,363.4,1.0,0.28,180,65412,494.95,312.95
KSHINTL,KSHINTLEQN,1032.15,1035.0,1035.0,2.85,0.28,928,960480,1198.0,330.0
DLF,DLFEQN,660.25,662.0,662.0,1.75,0.27,4079,2700298,787.5,489.4
DHANBANK,DHANBANKEQN,29.44,29.52,29.52,0.08,0.27,6826,201503,36.85,19.45
GAIL,GAILEQN,172.61,173.08,173.08,0.47,0.27,11860,2052728,186.87,134.36
AHLUCONT,AHLUCONTEQN,580.2,581.05,581.05,1.55,0.27,189,109818,1077.95,559.1
ICRA,ICRAEQN,4545.7,4558.0,4558.0,12.3,0.27,2,9116,6982.0,4518.8
NELCO,NELCOEQN,986.35,989.0,989.0,2.65,0.27,127,125603,1120.0,500.1
IFCI,IFCIEQN,74.25,74.45,74.45,0.2,0.27,102038,7596729,107.5,46.23
GODREJCP,GODREJCPEQN,867.5,869.8,869.8,2.3,0.27,839,729762,1273.9,855.15
M&MFIN,M&MFINEQN,354.7,355.65,355.65,0.95,0.27,1914,680714,415.0,269.5
MOSILVER,MOSILVEREQN,229.59,230.2,230.2,0.61,0.27,10,2302,385.0,129.51
LOTUSDEV,LOTUSDEVBEN,214.42,215.0,215.0,0.58,0.27,1456,313040,220.4,102.2
AMAGI,AMAGIEQN,564.5,566.0,566.0,1.5,0.27,36,20376,727.4,310.2
WABAG,WABAGEQN,2099.5,2105.0,2105.0,5.5,0.26,602,1267210,2319.0,1033.0
RAYMONDREL,RAYMONDRELEQN,585.45,587.0,587.0,1.55,0.26,689,404443,734.9,349.0
STARCEMENT,STARCEMENTEQN,193.5,194.0,194.0,0.5,0.26,9,1746,275.1,180.12
RISHABH,RISHABHEQN,748.05,750.0,750.0,1.95,0.26,36,27000,852.0,315.0
HINDUNILVR,HINDUNILVREQN,1947.0,1952.0,1952.0,5.0,0.26,1134,2213568,2667.2,1926.2
SWANCORP,SWANCORPEQN,302.2,303.0,303.0,0.8,0.26,4315,1307445,506.0,273.65
ASHOKA,ASHOKAEQN,112.66,112.95,112.95,0.29,0.26,1418,160163,214.5,101.0
JTEKTINDIA,JTEKTINDIAEQN,115.37,115.67,115.67,0.3,0.26,581,67204,187.95,114.82
CANBK,CANBKEQN,123.7,124.02,124.02,0.32,0.26,47359,5873463,162.89,116.93
JYOTHYLAB,JYOTHYLABEQN,194.67,195.17,195.17,0.5,0.26,420,81971,325.0,188.1
EFCIL,EFCILEQN,178.43,178.9,178.9,0.47,0.26,607,108592,329.26,171.42
SAKSOFT,SAKSOFTEQN,146.62,147.0,147.0,0.38,0.26,1462,214914,222.99,107.59
BETA,BETAEQN,2074.6,2080.0,2080.0,5.4,0.26,219,455520,2807.9,990.1
VEDPOWER,VEDPOWEREQN,30.78,30.86,30.86,0.08,0.26,36763,1134506,49.88,30.44
MANAPPURAM,MANAPPURAMEQN,315.1,315.9,315.9,0.8,0.25,4510,1424709,381.55,245.15
SPANDANA,SPANDANAEQN,228.63,229.2,229.2,0.57,0.25,330,75636,319.4,181.1
CAMLINFINE,CAMLINFINEEQN,98.75,99.0,99.0,0.25,0.25,1094,108306,234.24,95.65
AARTECH,AARTECHBEN,51.18,51.18,51.18,0.13,0.25,310,15865,64.75,33.51
ATGL,ATGLEQN,638.4,640.0,640.0,1.6,0.25,8565,5481600,859.85,462.8
BHARATCOAL,BHARATCOALEQN,32.27,32.35,32.35,0.08,0.25,15636,505824,45.09,29.74
GMMPFAUDLR,GMMPFAUDLREQN,1507.2,1511.0,1511.0,3.8,0.25,1431,2162241,1533.6,735.0
ABFRL,ABFRLEQN,49.85,49.97,49.97,0.12,0.24,13297,664451,94.95,48.71
CHOICEIN,CHOICEINEQN,782.05,783.95,783.95,1.9,0.24,2057,1612585,860.5,568.7
BIRLACORPN,BIRLACORPNEQN,825.05,827.0,827.0,1.95,0.24,58,47966,1346.1,769.6
AWL,AWLEQN,183.56,184.0,184.0,0.44,0.24,1645,302680,282.9,171.19
TATAELXSI,TATAELXSIEQN,3287.0,3295.0,3295.0,8.0,0.24,768,2530560,5950.0,3266.7
CGCL,CGCLEQN,268.85,269.5,269.5,0.65,0.24,1078,290521,287.45,151.1
ZUARIIND,ZUARIINDEQN,272.6,273.25,273.25,0.65,0.24,85,23226,416.0,210.0
VIPCLOTHNG,VIPCLOTHNGEQN,21.25,21.3,21.3,0.05,0.24,25,532,41.2,14.05
NIACL,NIACLEQN,186.56,187.0,187.0,0.44,0.24,2915,545105,242.6,116.97
NFL,NFLEQN,66.83,66.99,66.99,0.16,0.24,8585,575109,98.39,63.35
DREDGECORP,DREDGECORPEQN,994.7,997.0,997.0,2.3,0.23,47,46859,1286.0,538.0
KRISHNADEF,KRISHNADEFEQN,1037.6,1040.0,1040.0,2.4,0.23,113,117520,1400.0,665.0
DALMIASUG,DALMIASUGEQN,384.1,385.0,385.0,0.9,0.23,405,155925,520.0,261.4
SJS,SJSEQN,2329.6,2335.0,2335.0,5.4,0.23,142,331570,2590.0,1418.1
IDBI,IDBIEQN,83.06,83.25,83.25,0.19,0.23,26949,2243504,118.38,61.01
TATACONSUM,TATACONSUMEQN,1000.6,1002.9,1002.9,2.3,0.23,488,489415,1282.7,986.0
IREDA,IREDAEQN,111.0,111.25,111.25,0.25,0.23,12052,1340785,163.35,107.4
AXTEL,AXTELEQN,434.0,435.0,435.0,1.0,0.23,1,435,458.8,385.0
AXISCADES,AXISCADESEQN,1839.7,1844.0,1844.0,4.3,0.23,88,162272,2211.0,1063.3
MANINFRA,MANINFRAEQN,123.22,123.5,123.5,0.28,0.23,365,45077,159.5,77.12
JNKINDIA,JNKINDIAEQN,409.0,409.9,409.9,0.9,0.22,462,189373,558.0,200.92
WALPAR,WALPARSMN,23.1,23.15,23.15,0.05,0.22,4000,92600,50.6,21.25
VASCONEQ,VASCONEQEQN,32.18,32.25,32.25,0.07,0.22,2425,78206,74.59,26.75
TEJASNET,TEJASNETEQN,516.85,518.0,518.0,1.15,0.22,3969,2055942,644.75,294.0
AWFIS,AWFISEQN,271.35,271.95,271.95,0.6,0.22,324,88111,639.4,229.05
WANBURY,WANBURYEQN,227.55,228.05,228.05,0.5,0.22,133,30330,358.85,161.5
ADANIPOWER,ADANIPOWEREQN,206.55,207.0,207.0,0.45,0.22,65117,13479219,254.2,128.1
INDIAMART,INDIAMARTEQN,1631.4,1635.0,1635.0,3.6,0.22,35,57225,2525.9,1622.4
TIIL,TIILEQN,3043.4,3050.0,3050.0,6.6,0.22,55,167750,3565.3,1868.5
TEMPSENS,TEMPSENSEQN,526.85,528.0,528.0,1.15,0.22,2770,1462560,634.85,505.05
CRAMC,CRAMCEQN,231.1,231.6,231.6,0.5,0.22,175,40530,353.4,214.2
SWELECTES,SWELECTESEQN,572.6,573.8,573.8,1.2,0.21,1,573,977.0,483.1
LGBBROSLTD,LGBBROSLTDEQN,1731.4,1735.0,1735.0,3.6,0.21,8,13880,2048.0,1314.9
EXPLEOSOL,EXPLEOSOLEQN,883.15,885.0,885.0,1.85,0.21,39,34515,1175.1,640.0
HDFCLIFE,HDFCLIFEEQN,559.4,560.55,560.55,1.15,0.21,3046,1707435,796.9,508.7
FOODSIN,FOODSINEQN,53.15,53.26,53.26,0.11,0.21,130,6923,92.51,44.0
TARSONS,TARSONSEQN,341.3,342.0,342.0,0.7,0.21,3841,1313622,375.0,164.45
AQYLON,AQYLONEQN,18.87,18.91,18.91,0.04,0.21,6961,131632,224.7,17.94
INTELLECT,INTELLECTEQN,659.1,660.5,660.5,1.4,0.21,87,57463,1244.6,595.2
GREAVESCOT,GREAVESCOTEQN,198.58,198.99,198.99,0.41,0.21,1552,308832,271.9,119.99
UFO,UFOEQN,60.87,61.0,61.0,0.13,0.21,250,15250,92.97,53.75
LICI,LICIEQN,400.0,400.85,400.85,0.85,0.21,7271,2914580,468.48,360.75
DLINKINDIA,DLINKINDIAEQN,425.7,426.6,426.6,0.9,0.21,46,19623,549.2,367.65
HERITGFOOD,HERITGFOODEQN,421.5,422.4,422.4,0.9,0.21,1308,552499,538.25,292.55
BHARTIARTL,BHARTIARTLEQN,1830.2,1833.9,1833.9,3.7,0.2,44344,81322461,2174.5,1740.5
NAM-INDIA,NAM-INDIAEQN,1146.7,1149.0,1149.0,2.3,0.2,363,417087,1269.5,795.8
PIDILITIND,PIDILITINDEQN,1573.2,1576.3,1576.3,3.1,0.2,637,1004103,1707.5,1259.0
CASTROLIND,CASTROLINDEQN,193.5,193.89,193.89,0.39,0.2,2327,451182,207.2,170.1
BLSE,BLSEEQN,317.25,317.9,317.9,0.65,0.2,6,1907,331.3,124.3
GOLDIAM,GOLDIAMEQN,323.35,324.0,324.0,0.65,0.2,1180,382320,398.2,198.75
COHANCE,COHANCEEQN,460.45,461.35,461.35,0.9,0.2,3017,1391892,917.85,266.7
GOLDETF,GOLDETFEQN,147.7,148.0,148.0,0.3,0.2,3220,476560,173.5,107.76
TVSSCS,TVSSCSEQN,132.85,133.1,133.1,0.25,0.19,572,76133,146.5,90.32
CCL,CCLEQN,1071.0,1073.0,1073.0,2.0,0.19,152,163096,1242.2,815.5
VEDL,VEDLEQN,260.5,261.0,261.0,0.5,0.19,22505,5873805,795.0,249.7
KNACK,KNACKEQN,182.66,183.0,183.0,0.34,0.19,675,123525,222.0,171.1
PWL,PWLEQN,134.76,135.01,135.01,0.25,0.19,21556,2910275,161.99,77.72
NEPHROPLUS,NEPHROPLUSEQN,751.6,753.0,753.0,1.4,0.19,567,426951,781.5,446.0
ZFSTEERING,ZFSTEERINGEQN,693.65,695.0,695.0,1.35,0.19,10,6950,894.98,620.65
RRKABEL,RRKABELEQN,2411.7,2416.0,2416.0,4.3,0.18,138,333408,2983.8,1181.6
LICHSGFIN,LICHSGFINEQN,568.0,569.0,569.0,1.0,0.18,3162,1799178,598.2,458.9
CHAMBLFERT,CHAMBLFERTEQN,417.2,417.95,417.95,0.75,0.18,1135,474373,544.95,399.75
HAL,HALEQN,4826.0,4834.8,4834.8,8.8,0.18,1643,7943576,5149.9,3479.1
DCI,DCIEQN,272.55,273.0,273.0,0.45,0.17,40,10920,475.0,208.98
LINDEINDIA,LINDEINDIAEQN,6276.5,6287.0,6287.0,10.5,0.17,22,138314,8049.0,5673.0
FMGOETZE,FMGOETZEEQN,439.1,439.85,439.85,0.75,0.17,84,36947,641.1,358.0
RAINBOW,RAINBOWEQN,1439.6,1442.0,1442.0,2.4,0.17,23,33166,1610.0,1084.0
DYCL,DYCLEQN,457.7,458.5,458.5,0.8,0.17,672,308112,560.0,236.8
LENSKART,LENSKARTEQN,683.85,685.0,685.0,1.15,0.17,12052,8255620,725.0,356.1
CAPILLARY,CAPILLARYEQN,510.15,511.0,511.0,0.85,0.17,732,374052,798.95,438.15
LANCER,LANCEREQN,11.8,11.82,11.82,0.02,0.17,102,1205,13.8,10.1
PNGSREVA,PNGSREVAEQN,511.05,511.9,511.9,0.85,0.17,241,123367,644.0,324.25
SKYGOLD,SKYGOLDEQN,794.75,796.0,796.0,1.25,0.16,2606,2074376,868.8,259.0
NPST,NPSTEQN,1789.6,1792.5,1792.5,2.9,0.16,185,331612,2088.0,846.6
CAPINVIT,CAPINVITIVN,77.07,77.19,77.19,0.12,0.16,151,11655,79.99,67.0
PANAMAPET,PANAMAPETEQN,475.15,475.9,475.9,0.75,0.16,572,272214,599.6,229.0
GLAND,GLANDEQN,2940.2,2944.9,2944.9,4.7,0.16,237,697941,3042.0,1573.6
GRASIM,GRASIMEQN,3166.0,3171.0,3171.0,5.0,0.16,599,1899429,3411.1,2502.5
WIPRO,WIPROEQN,164.55,164.81,164.81,0.26,0.16,46829,7717887,273.1,163.3
HUDCO,HUDCOEQN,173.23,173.5,173.5,0.27,0.16,3092,536462,246.85,159.0
VISAKAIND,VISAKAINDEQN,95.42,95.57,95.57,0.15,0.16,15,1433,104.41,50.2
NAVINFLUOR,NAVINFLUOREQN,8486.5,8500.0,8500.0,13.5,0.16,100,850000,8949.5,4498.5
IMFA,IMFAEQN,1238.0,1240.0,1240.0,2.0,0.16,316,391840,1679.9,1062.5
JLHL,JLHLEQN,275.55,276.0,276.0,0.45,0.16,400,110400,340.0,235.6
FERMENTA,FERMENTAEQN,474.25,475.0,475.0,0.75,0.16,70,33250,580.45,248.85
OBEROIRLTY,OBEROIRLTYEQN,1821.0,1823.9,1823.9,2.9,0.16,655,1194654,1986.1,1391.2
PAISALO,PAISALOEQN,92.85,93.0,93.0,0.15,0.16,24970,2322210,94.88,30.0
HBLENGINE,HBLENGINEEQN,749.85,751.0,751.0,1.15,0.15,2823,2120073,1122.0,613.0
360ONE,360ONEEQN,1072.7,1074.3,1074.3,1.6,0.15,208,223454,1236.2,906.05
KELLTONTEC,KELLTONTECEQN,13.69,13.71,13.71,0.02,0.15,748,10255,26.56,13.0
ROSSARI,ROSSARIEQN,441.0,441.65,441.65,0.65,0.15,9,3974,690.3,375.0
JTLIND,JTLINDEQN,88.92,89.05,89.05,0.13,0.15,529,47107,94.0,40.25
JAYNECOIND,JAYNECOINDEQN,91.6,91.74,91.74,0.14,0.15,1215,111464,117.0,64.4
KPRMILL,KPRMILLEQN,1119.3,1121.0,1121.0,1.7,0.15,214,239894,1334.0,796.1
HIKAL,HIKALEQN,229.15,229.5,229.5,0.35,0.15,46,10557,282.7,146.25
CAPACITE,CAPACITEEQN,195.02,195.32,195.32,0.3,0.15,77,15039,319.0,180.0
TMPV,TMPVEQN,301.65,302.1,302.1,0.45,0.15,11030,3332163,739.7,294.3
DIVGIITTS,DIVGIITTSEQN,1124.4,1126.1,1126.1,1.7,0.15,4,4504,1329.8,573.7
BALMLAWRIE,BALMLAWRIEEQN,166.01,166.25,166.25,0.24,0.14,1006,167247,218.6,148.36
IRCON,IRCONEQN,108.85,109.0,109.0,0.15,0.14,11619,1266471,186.44,106.8
BRITANNIA,BRITANNIAEQN,5023.0,5030.0,5030.0,7.0,0.14,80,402400,6271.0,4933.0
PATINTLOG,PATINTLOGEQN,14.64,14.66,14.66,0.02,0.14,5,73,16.9,8.01
VIYASH,VIYASHEQN,251.65,252.0,252.0,0.35,0.14,4349,1095948,298.0,178.13
NUVAMA,NUVAMAEQN,1687.1,1689.4,1689.4,2.3,0.14,489,826116,2066.0,1096.9
TATAGOLD,TATAGOLDEQN,14.76,14.78,14.78,0.02,0.14,25559,377762,17.7,10.33
NATIONALUM,NATIONALUMEQN,352.5,352.95,352.95,0.45,0.13,11983,4229399,445.15,198.68
ONESOURCE,ONESOURCEEQN,1599.2,1601.3,1601.3,2.1,0.13,143,228985,1925.0,1057.0
ICICIGI,ICICIGIEQN,1509.1,1511.0,1511.0,1.9,0.13,2963,4477093,2064.9,1423.1
PFC,PFCEQN,344.75,345.2,345.2,0.45,0.13,27687,9557552,486.5,329.9
LAOPALA,LAOPALAEQN,161.59,161.8,161.8,0.21,0.13,301,48701,259.7,155.0
SOLARWORLD,SOLARWORLDEQN,140.82,141.0,141.0,0.18,0.13,530,74730,388.5,128.16
JKPAPER,JKPAPEREQN,422.9,423.45,423.45,0.55,0.13,453,191822,444.8,304.85
WSTCSTPAPR,WSTCSTPAPREQN,760.25,761.25,761.25,1.0,0.13,205,156056,777.0,375.0
CENTRALBK,CENTRALBKEQN,31.49,31.53,31.53,0.04,0.13,9828,309876,40.92,29.32
ADFFOODS,ADFFOODSEQN,267.9,268.25,268.25,0.35,0.13,29,7779,346.95,153.1
CONTROLPR,CONTROLPREQN,598.95,599.75,599.75,0.8,0.13,5,2998,899.0,517.0
CARRARO,CARRAROEQN,528.35,529.0,529.0,0.65,0.12,19,10051,667.55,416.0
ANANTRAJ,ANANTRAJEQN,595.2,595.9,595.9,0.7,0.12,3521,2098163,743.65,403.0
VPRPL,VPRPLEQN,33.96,34.0,34.0,0.04,0.12,87,2958,109.45,23.94
CENTUM,CENTUMEQN,4739.2,4745.0,4745.0,5.8,0.12,580,2752100,4805.0,2044.2
ELECON,ELECONEQN,413.45,413.95,413.95,0.5,0.12,159,65818,628.15,352.0
SALSTEEL,SALSTEELEQN,82.26,82.36,82.36,0.1,0.12,1217,100232,86.25,26.1
KPIGREEN,KPIGREENEQN,321.4,321.4,321.4,0.4,0.12,19480,6260872,542.25,271.9
KOLTEPATIL,KOLTEPATILEQN,426.4,426.9,426.9,0.5,0.12,438,186982,554.6,292.25
NHPC,NHPCEQN,75.8,75.89,75.89,0.09,0.12,15586,1182821,88.6,71.62
JUBLFOOD,JUBLFOODEQN,487.05,487.65,487.65,0.6,0.12,1075,524223,635.0,408.55
TRUALT,TRUALTEQN,415.05,415.55,415.55,0.5,0.12,254,105549,549.0,310.2
INNOVISION,INNOVISIONEQN,253.3,253.6,253.6,0.3,0.12,3,760,470.0,246.2
SWIGGY,SWIGGYEQN,272.7,273.0,273.0,0.3,0.11,36985,10096905,464.35,235.75
AARTIIND,AARTIINDEQN,499.8,500.35,500.35,0.55,0.11,1797,899128,551.75,338.05
BANCOINDIA,BANCOINDIAEQN,599.3,599.95,599.95,0.65,0.11,100,59995,879.8,502.0
TATASTEEL,TATASTEELEQN,183.4,183.6,183.6,0.2,0.11,40749,7481516,224.4,160.06
PGIL,PGILEQN,1138.4,1139.6,1139.6,1.2,0.11,390,444444,1269.8,600.0
ELGIEQUIP,ELGIEQUIPEQN,612.2,612.85,612.85,0.65,0.11,265,162405,653.4,408.25
KIMS,KIMSEQN,788.85,789.7,789.7,0.85,0.11,203,160309,858.0,575.8
J&KBANK,J&KBANKEQN,145.95,146.11,146.11,0.16,0.11,3905,570559,201.75,97.35
DELHIVERY,DELHIVERYEQN,435.0,435.5,435.5,0.5,0.11,1359,591844,524.0,374.45
PRAJIND,PRAJINDEQN,312.15,312.5,312.5,0.35,0.11,743,232187,427.65,273.0
MOL,MOLEQN,62.18,62.25,62.25,0.07,0.11,2602,161974,87.2,36.5
SAGILITY,SAGILITYEQN,45.95,46.0,46.0,0.05,0.11,28956,1331976,57.89,35.83
AGARIND,AGARINDEQN,408.55,409.0,409.0,0.45,0.11,1,409,1006.0,360.0
ABLBL,ABLBLEQN,80.89,80.98,80.98,0.09,0.11,1256,101710,150.79,80.6
FINEORG,FINEORGEQN,5149.5,5155.0,5155.0,5.5,0.11,27,139185,5407.0,3856.0
PARKHOSPS,PARKHOSPSEQN,284.7,285.0,285.0,0.3,0.11,89,25365,305.0,138.1
WELSPLSOL,WELSPLSOLEQN,55.74,55.8,55.8,0.06,0.11,925,51615,63.25,36.0
MUKKA,MUKKABEN,28.25,28.28,28.28,0.03,0.11,3880,109726,33.29,18.27
SILVERIETF,SILVERIETFEQN,232.0,232.25,232.25,0.25,0.11,980,227605,373.5,131.72
LTF,LTFEQN,307.8,308.15,308.15,0.35,0.11,3762,1159260,338.6,234.9
AVL,AVLEQN,629.3,629.95,629.95,0.65,0.1,55,34647,705.0,436.55
VINCOFE,VINCOFEEQN,176.33,176.5,176.5,0.17,0.1,625,110312,189.4,120.24
RPOWER,RPOWEREQN,21.0,21.02,21.02,0.02,0.1,101040,2123860,50.73,20.17
PERSISTENT,PERSISTENTEQN,5449.0,5454.5,5454.5,5.5,0.1,641,3496334,6599.0,4244.5
SUNTECK,SUNTECKEQN,290.0,290.3,290.3,0.3,0.1,186,53995,472.5,270.75
ELECTCAST,ELECTCASTEQN,73.63,73.7,73.7,0.07,0.1,1109,81733,100.99,60.15
KPIL,KPILEQN,1439.1,1440.6,1440.6,1.5,0.1,118,169990,1479.6,1007.1
APTUS,APTUSEQN,237.27,237.5,237.5,0.23,0.1,2225,528437,332.0,193.03
MINDACORP,MINDACORPEQN,679.6,680.3,680.3,0.7,0.1,111,75513,769.0,468.5
SYNCOMF,SYNCOMFEQN,19.85,19.87,19.87,0.02,0.1,18561,368807,22.59,10.21
VLEGOV,VLEGOVEQN,10.09,10.1,10.1,0.01,0.1,508,5130,34.16,8.42
SUNTV,SUNTVEQN,457.55,458.0,458.0,0.45,0.1,1150,526700,660.7,447.2
TITAGARH,TITAGARHEQN,841.05,841.9,841.9,0.85,0.1,410,345179,971.0,568.7
JINDALSAW,JINDALSAWEQN,293.05,293.35,293.35,0.3,0.1,1225,359353,320.0,153.0
ADANIENSOL,ADANIENSOLEQN,1397.6,1399.0,1399.0,1.4,0.1,3190,4462810,1789.0,803.1
MPHASIS,MPHASISEQN,2296.2,2298.4,2298.4,2.2,0.1,638,1466379,2975.0,2013.0
AMBER,AMBEREQN,7098.0,7105.0,7105.0,7.0,0.1,49,348145,8974.0,5400.5
DIXON,DIXONEQN,13350.0,13364.0,13364.0,14.0,0.1,877,11720228,18471.0,9600.0
GRANULES,GRANULESEQN,875.15,876.0,876.0,0.85,0.1,329,288204,923.65,510.55
GOODYEAR,GOODYEAREQN,708.2,708.9,708.9,0.7,0.1,47,33318,876.0,700.1
PTCIL,PTCILEQN,22300.0,22320.0,22320.0,20.0,0.09,18,401760,24125.0,14499.0
EICHERMOT,EICHERMOTEQN,7512.5,7519.0,7519.0,6.5,0.09,307,2308333,8230.0,6442.0
AMBUJACEM,AMBUJACEMEQN,390.75,391.1,391.1,0.35,0.09,1240,484964,600.8,379.55
INGERRAND,INGERRANDEQN,4206.4,4210.0,4210.0,3.6,0.09,30,126300,4955.0,3063.3
FEDERALBNK,FEDERALBNKEQN,332.0,332.3,332.3,0.3,0.09,3539,1176009,371.7,189.05
FOSECOIND,FOSECOINDEQN,6643.0,6649.0,6649.0,6.0,0.09,18,119682,7389.5,4300.0
HEROMOTOCO,HEROMOTOCOEQN,5419.0,5424.0,5424.0,5.0,0.09,1730,9383520,6388.5,4671.5
SIGMA,SIGMAEQN,46.76,46.8,46.8,0.04,0.09,100,4680,65.5,35.46
SPIC,SPICEQN,66.74,66.8,66.8,0.06,0.09,701,46826,102.65,55.1
ALLCARGO,ALLCARGOEQN,10.98,10.99,10.99,0.01,0.09,85098,935227,36.55,7.11
ARE&M,ARE&MEQN,794.3,795.0,795.0,0.7,0.09,1090,866550,1027.25,670.0
SAWALIYA,SAWALIYASMN,159.9,160.05,160.05,0.15,0.09,1200,192060,351.0,137.7
STERTOOLS,STERTOOLSBEN,218.8,219.0,219.0,0.2,0.09,96,21024,342.5,155.0
GENUSPAPER,GENUSPAPEREQN,11.49,11.5,11.5,0.01,0.09,103,1184,18.05,8.67
ARCIL,ARCILEQN,135.18,135.3,135.3,0.12,0.09,2424,327967,141.5,124.5
SIEMENS,SIEMENSEQN,3887.0,3890.0,3890.0,3.0,0.08,136,529040,4149.4,2826.0
SJVN,SJVNEQN,63.35,63.4,63.4,0.05,0.08,13473,854188,95.4,63.02
MSUMI,MSUMIEQN,35.6,35.63,35.63,0.03,0.08,28542,1016951,53.59,34.76
POLICYBZR,POLICYBZREQN,1793.0,1794.4,1794.4,1.4,0.08,1028,1844643,1964.2,1364.0
FORTIS,FORTISEQN,893.5,894.2,894.2,0.7,0.08,1036,926391,1104.3,766.8
HUHTAMAKI,HUHTAMAKIEQN,243.75,243.95,243.95,0.2,0.08,100,24395,330.0,148.6
SANGHVIMOV,SANGHVIMOVEQN,436.65,437.0,437.0,0.35,0.08,798,348726,528.0,223.8
GABRIEL,GABRIELEQN,1290.3,1291.3,1291.3,1.0,0.08,552,712797,1600.0,795.7
PRINCEPIPE,PRINCEPIPEEQN,266.1,266.3,266.3,0.2,0.08,181,48200,352.2,205.0
FLAIR,FLAIREQN,238.8,239.0,239.0,0.2,0.08,121,28919,345.0,228.0
BECTORFOOD,BECTORFOODEQN,225.68,225.86,225.86,0.18,0.08,1713,386898,279.9,165.0
HONASA,HONASAEQN,473.6,474.0,474.0,0.4,0.08,840,398160,509.8,248.4
CHOLAHLDNG,CHOLAHLDNGEQN,1474.8,1476.0,1476.0,1.2,0.08,56,82656,2064.0,1305.0
VOLTAS,VOLTASEQN,1142.1,1143.0,1143.0,0.9,0.08,411,469773,1582.5,1110.9
EPACK,EPACKEQN,179.67,179.8,179.8,0.13,0.07,1173,210905,385.05,175.04
AVTNPL,AVTNPLEQN,90.04,90.1,90.1,0.06,0.07,3171,285707,97.0,53.5
JKCEMENT,JKCEMENTEQN,5087.0,5090.5,5090.5,3.5,0.07,59,300339,6925.0,4671.5
DCW,DCWEQN,45.47,45.5,45.5,0.03,0.07,5001,227545,75.0,37.11
BALUFORGE,BALUFORGEEQN,518.65,519.0,519.0,0.35,0.07,308,159852,678.0,341.05
GARFIBRES,GARFIBRESEQN,800.45,801.0,801.0,0.55,0.07,18,14418,863.4,579.75
WONDERLA,WONDERLAEQN,511.95,512.3,512.3,0.35,0.07,361,184940,645.95,455.0
MACPOWER,MACPOWEREQN,1955.3,1956.6,1956.6,1.3,0.07,119,232835,2175.0,761.0
IOLCP,IOLCPEQN,202.91,203.05,203.05,0.14,0.07,8449,1715569,219.04,67.19
CARTRADE,CARTRADEEQN,2918.0,2920.0,2920.0,2.0,0.07,561,1638120,3290.5,1600.0
GHCL,GHCLEQN,421.55,421.85,421.85,0.3,0.07,96,40497,667.2,415.0
LASERPOWER,LASERPOWEREQN,275.95,276.15,276.15,0.2,0.07,769,212359,343.5,250.0
PERNIASPOP,PERNIASPOPEQN,533.35,533.7,533.7,0.35,0.07,284,151570,588.9,511.5
SURANAT&P,SURANAT&PEQN,16.1,16.11,16.11,0.01,0.06,657,10584,24.34,15.5
BAJAJHFL,BAJAJHFLEQN,83.98,84.03,84.03,0.05,0.06,11146,936598,114.95,72.65
IGIL,IGILEQN,323.8,324.0,324.0,0.2,0.06,295,95580,388.3,287.0
PARKHOTELS,PARKHOTELSEQN,106.19,106.25,106.25,0.06,0.06,51,5418,158.9,95.1
MOIL,MOILEQN,241.35,241.5,241.5,0.15,0.06,1479,357178,404.9,234.06
SENORES,SENORESEQN,1395.1,1396.0,1396.0,0.9,0.06,11,15356,1599.0,662.45
MOTILALOFS,MOTILALOFSEQN,995.0,995.6,995.6,0.6,0.06,625,622250,1097.1,614.9
INDIGRID,INDIGRIDIVN,173.49,173.6,173.6,0.11,0.06,215,37324,180.9,161.01
BELRISE,BELRISEEQN,241.89,242.0,242.0,0.11,0.05,9295,2249390,268.2,142.59
HYUNDAI,HYUNDAIEQN,2144.0,2145.0,2145.0,1.0,0.05,1199,2571855,2890.0,1658.0
PVRINOX,PVRINOXEQN,1349.3,1350.0,1350.0,0.7,0.05,1388,1873800,1357.8,907.4
MASTEK,MASTEKEQN,1589.2,1590.0,1590.0,0.8,0.05,34,54060,2408.4,1334.2
PRABHA,PRABHAEQN,230.12,230.23,230.23,0.11,0.05,485,111661,262.8,137.91
TEGA,TEGAEQN,2129.0,2130.0,2130.0,1.0,0.05,7097,15116610,2149.0,1473.0
HCC,HCCEQN,21.83,21.84,21.84,0.01,0.05,65870,1438600,28.5,13.65
AAVAS,AAVASEQN,1321.2,1321.9,1321.9,0.7,0.05,93,122936,1771.9,1060.4
MUKANDLTD,MUKANDLTDEQN,136.03,136.1,136.1,0.07,0.05,50,6805,154.25,114.31
HAVELLS,HAVELLSEQN,1103.1,1103.6,1103.6,0.5,0.05,3091,3411227,1599.6,1081.1
ACI,ACIEQN,466.25,466.5,466.5,0.25,0.05,163,76039,720.0,446.0
THERMAX,THERMAXEQN,3578.2,3580.0,3580.0,1.8,0.05,230,823400,5277.8,2742.7
HPL,HPLEQN,283.15,283.3,283.3,0.15,0.05,610,172813,505.0,255.55
PRIORITY,PRIORITYEQN,231.88,232.0,232.0,0.12,0.05,1887,437784,245.0,209.61
GOLDAXIS,GOLDAXISEQN,126.44,126.5,126.5,0.06,0.05,102,12903,150.0,91.8
WINDMACHIN,WINDMACHINEQN,295.85,296.0,296.0,0.15,0.05,150,44400,343.9,200.65
RELTD,RELTDEQN,143.93,143.99,143.99,0.06,0.04,65,9359,196.45,114.77
DODLA,DODLAEQN,1065.1,1065.5,1065.5,0.4,0.04,136,144908,1460.0,964.1
ITI,ITIEQN,255.25,255.35,255.35,0.1,0.04,334,85286,372.85,237.0
JAYSREETEA,JAYSREETEAEQN,90.26,90.3,90.3,0.04,0.04,250,22575,112.7,70.55
FIRSTCRY,FIRSTCRYEQN,170.43,170.5,170.5,0.07,0.04,1084,184822,390.8,163.37
NETWORK18,NETWORK18EQN,26.79,26.8,26.8,0.01,0.04,15404,412827,56.6,25.71
INDIGOPNTS,INDIGOPNTSEQN,1130.5,1131.0,1131.0,0.5,0.04,217,245427,1345.9,708.05
TATACHEM,TATACHEMEQN,694.7,695.0,695.0,0.3,0.04,2915,2025925,1001.6,580.3
SINDHUTRAD,SINDHUTRADEQN,23.99,24.0,24.0,0.01,0.04,275,6600,30.6,17.64
VENKEYS,VENKEYSEQN,1640.3,1641.0,1641.0,0.7,0.04,50,82050,1814.9,1165.0
GOKEX,GOKEXEQN,694.7,695.0,695.0,0.3,0.04,5768,4008760,954.9,531.0
NBCC,NBCCEQN,83.15,83.18,83.18,0.03,0.04,10416,866402,125.85,77.18
MUKTAARTS,MUKTAARTSBEN,56.1,56.12,56.12,0.02,0.04,100,5612,72.74,37.01
JUSTDIAL,JUSTDIALEQN,682.7,682.95,682.95,0.25,0.04,356,243130,878.6,480.5
NAHARSPING,NAHARSPINGEQN,279.9,280.0,280.0,0.1,0.04,25,7000,349.0,149.2
IIFLCAPS,IIFLCAPSEQN,344.4,344.5,344.5,0.1,0.03,175,60287,411.3,240.4
SHARDACROP,SHARDACROPEQN,745.75,746.0,746.0,0.25,0.03,67,49982,1297.0,737.15
NTPC,NTPCEQN,326.4,326.5,326.5,0.1,0.03,11902,3886003,414.4,315.55
MUTHOOTFIN,MUTHOOTFINEQN,2854.2,2855.0,2855.0,0.8,0.03,781,2229755,4149.5,2671.0
BAJAJELEC,BAJAJELECEQN,326.0,326.1,326.1,0.1,0.03,252,82177,653.8,301.0
TASTYBITE,TASTYBITEEQN,9798.0,9801.0,9801.0,3.0,0.03,1,9801,10544.0,6430.0
KOHINOOR,KOHINOOREQN,30.76,30.77,30.77,0.01,0.03,9,276,38.47,19.2
GICRE,GICREEQN,346.2,346.3,346.3,0.1,0.03,645,223363,417.95,337.0
QUICKHEAL,QUICKHEALEQN,151.79,151.84,151.84,0.05,0.03,108,16398,371.4,125.0
JAICORPLTD,JAICORPLTDEQN,95.02,95.05,95.05,0.03,0.03,98,9314,173.4,88.0
RECLTD,RECLTDEQN,310.2,310.3,310.3,0.1,0.03,7450,2311735,390.3,304.05
POLYPLEX,POLYPLEXEQN,1107.7,1108.0,1108.0,0.3,0.03,65,72020,1264.0,740.0
CITIUSINVT,CITIUSINVTIVN,118.43,118.47,118.47,0.04,0.03,11,1303,126.04,101.5
POEL,POELEQN,137.31,137.35,137.35,0.04,0.03,136,18679,168.97,135.91
ANONDITA,ANONDITASMN,1083.7,1084.0,1084.0,0.3,0.03,400,433600,1302.97,328.71
PETRONET,PETRONETEQN,287.5,287.6,287.6,0.1,0.03,2850,819660,326.4,235.35
VGL,VGLEQN,69.03,69.05,69.05,0.02,0.03,85,5869,85.99,43.7
ALGOQUANT,ALGOQUANTEQN,72.9,72.92,72.92,0.02,0.03,38,2770,76.2,47.8
MARUTI,MARUTIEQN,12153.0,12155.0,12155.0,2.0,0.02,542,6588010,17370.0,12103.0
SOLARA,SOLARAEQN,753.25,753.4,753.4,0.15,0.02,331,249375,774.0,422.0
RACLGEAR,RACLGEAREQN,1716.7,1717.0,1717.0,0.3,0.02,31,53227,1927.7,909.3
ICIL,ICILEQN,436.15,436.25,436.25,0.1,0.02,418,182352,474.65,216.9
BRIGADE,BRIGADEEQN,608.75,608.9,608.9,0.15,0.02,203,123606,802.01,450.75
SBICARD,SBICARDEQN,637.0,637.1,637.1,0.1,0.02,4784,3047886,965.0,565.45
KFINTECH,KFINTECHEQN,896.7,896.9,896.9,0.2,0.02,2160,1937304,1215.0,784.95
VALIANTLAB,VALIANTLABBEN,127.08,127.1,127.1,0.02,0.02,400,50840,129.9,49.51
MMFL,MMFLEQN,612.85,613.0,613.0,0.15,0.02,8,4904,687.95,288.1
LAURUSLABS,LAURUSLABSEQN,2017.5,2018.0,2018.0,0.5,0.02,3213,6483834,2023.5,823.1
STARHEALTH,STARHEALTHEQN,542.9,543.0,543.0,0.1,0.02,420,228060,624.9,416.55
ACC,ACCEQN,1256.3,1256.5,1256.5,0.2,0.02,225,282712,1987.0,1219.1
AFCONS,AFCONSEQN,256.75,256.8,256.8,0.05,0.02,2417,620685,479.4,225.35
SANOFI,SANOFIEQN,3077.3,3077.8,3077.8,0.5,0.02,58,178512,5059.0,3054.0
RELIANCE,RELIANCEEQN,1247.4,1247.6,1247.6,0.2,0.02,49205,61388158,1611.8,1226.4
ARVINDFASN,ARVINDFASNEQN,427.6,427.7,427.7,0.1,0.02,102,43625,569.0,366.2
MARICO,MARICOEQN,824.4,824.55,824.55,0.15,0.02,1281,1056248,889.1,690.3
METROPOLIS,METROPOLISEQN,593.4,593.5,593.5,0.1,0.02,51,30268,609.05,412.25
ANGELONE,ANGELONEEQN,296.15,296.2,296.2,0.05,0.02,10425,3087885,360.45,208.63
NIITMTS,NIITMTSEQN,215.26,215.3,215.3,0.04,0.02,7,1507,443.9,203.3
TATACOMM,TATACOMMEQN,1732.7,1733.0,1733.0,0.3,0.02,167,289411,2110.0,1322.5
TITAN,TITANEQN,4875.0,4876.0,4876.0,1.0,0.02,1048,5110048,5186.7,3303.1
HEIDELBERG,HEIDELBERGEQN,141.67,141.7,141.7,0.03,0.02,147,20829,216.99,136.1
GULFOILLUB,GULFOILLUBEQN,1058.4,1058.6,1058.6,0.2,0.02,13,13761,1289.4,865.0
THOMASCOOK,THOMASCOOKEQN,105.03,105.05,105.05,0.02,0.02,421,44226,173.36,86.35
ALKEM,ALKEMEQN,5364.0,5365.0,5365.0,1.0,0.02,32,171680,5933.5,5051.0
SILVERBEES,SILVERBEESEQN,222.21,222.25,222.25,0.04,0.02,6538,1453070,360.0,126.75
CMPDI,CMPDIEQN,209.96,210.01,210.01,0.05,0.02,1611,338326,283.69,150.16
ERIS,ERISEQN,1295.3,1295.5,1295.5,0.2,0.02,75,97162,1740.0,1200.0
LLOYDSENT,LLOYDSENTEQN,70.49,70.5,70.5,0.01,0.01,628,44274,84.7,40.69
KAPSTON,KAPSTONEQN,577.95,578.0,578.0,0.05,0.01,39,22542,600.0,162.79
SAILIFE,SAILIFEEQN,1608.0,1608.1,1608.1,0.1,0.01,391,628767,1697.0,783.85
SHAKTIPUMP,SHAKTIPUMPEQN,470.95,471.0,471.0,0.05,0.01,761,358431,883.0,455.0
NIITLTD,NIITLTDEQN,90.56,90.57,90.57,0.01,0.01,84,7607,112.4,49.0
SATIA,SATIAEQN,67.68,67.69,67.69,0.01,0.01,200,13538,83.8,50.8
SHK,SHKEQN,136.26,136.27,136.27,0.01,0.01,450,61321,250.24,111.98
RPTECH,RPTECHEQN,811.9,812.0,812.0,0.1,0.01,419,340228,967.7,310.8
ASTRAL,ASTRALEQN,1400.9,1401.0,1401.0,0.1,0.01,671,940071,1768.7,1311.6
COLPAL,COLPALEQN,1892.0,1892.1,1892.1,0.1,0.01,1406,2660292,2357.8,1782.0
GODREJAGRO,GODREJAGROEQN,660.65,660.7,660.7,0.05,0.01,130,85891,740.0,506.1
MAHSEAMLES,MAHSEAMLESEQN,706.95,707.0,707.0,0.05,0.01,808,571256,738.6,500.7
ROLEXRINGS,ROLEXRINGSEQN,172.68,172.7,172.7,0.02,0.01,859,148349,189.4,99.79
TBOTEK,TBOTEKEQN,1704.9,1705.0,1705.0,0.1,0.01,876,1493580,1764.8,1004.2
NCC,NCCEQN,136.03,136.05,136.05,0.02,0.01,3222,438353,217.25,130.0
SUNPHARMA,SUNPHARMAEQN,1868.9,1869.0,1869.0,0.1,0.01,1427,2667063,2046.9,1548.0
KITEX,KITEXEQN,116.12,116.13,116.13,0.01,0.01,879,102078,232.7,116.0
CIPLA,CIPLAEQN,1386.1,1386.3,1386.3,0.2,0.01,673,932979,1673.0,1165.7
BIKAJI,BIKAJIEQN,558.95,559.0,559.0,0.05,0.01,663,370617,790.0,532.75
SOMANYCERA,SOMANYCERAEQN,589.45,589.5,589.5,0.05,0.01,278,163881,602.0,332.0
FIVESTAR,FIVESTAREQN,524.95,525.0,525.0,0.05,0.01,831,436275,666.0,338.15
CANFINHOME,CANFINHOMEEQN,769.9,770.0,770.0,0.1,0.01,416,320320,971.5,738.3
JYOTIRES,JYOTIRESEQN,842.45,842.5,842.5,0.05,0.01,26,21905,911.0,821.2
INDGN,INDGNEQN,595.95,596.0,596.0,0.05,0.01,132,78672,615.5,414.0
SUBROS,SUBROSEQN,714.9,715.0,715.0,0.1,0.01,74,52910,1213.7,622.1
SILVER,SILVEREQN,232.01,232.04,232.04,0.03,0.01,910,211156,371.89,131.51
URJA,URJAEQN,9.06,9.06,9.06,0.0,0.0,3964,35913,14.2,8.0
KMSUGAR,KMSUGAREQN,28.69,28.69,28.69,0.0,0.0,236,6770,36.5,23.0
SITINET,SITINETBZN,0.28,0.28,0.28,0.0,0.0,4975,1393,0.5,0.27
ORCHASP,ORCHASPEQN,1.43,1.43,1.43,0.0,0.0,109,155,4.16,1.25
CCHHL,CCHHLEQN,13.02,13.02,13.02,0.0,0.0,1,13,18.0,10.03
TARC,TARCEQN,129.97,129.97,129.97,0.0,0.0,1,129,186.3,109.1
TRAVELFOOD,TRAVELFOODEQN,1228.5,1228.5,1228.5,0.0,0.0,54,66339,1470.9,1035.3
OMAXE,OMAXEEQN,114.0,114.0,114.0,0.0,0.0,368,41952,138.89,62.5
SANOFICONR,SANOFICONREQN,3997.6,3997.6,3997.6,0.0,0.0,1,3997,5255.0,3926.0
ANSALAPI,ANSALAPIBZN,3.66,3.66,3.66,0.0,0.0,699,2558,4.9,2.51
INDOTECH,INDOTECHEQN,3313.5,3313.5,3313.5,0.0,0.0,30,99405,4030.0,1100.0
KRITIKA,KRITIKAEQN,5.1,5.1,5.1,0.0,0.0,547,2789,9.55,4.5
NIVABUPA,NIVABUPAEQN,80.48,80.48,80.48,0.0,0.0,803,64625,91.4,67.5
BAIDFIN,BAIDFINEQN,10.75,10.75,10.75,0.0,0.0,9,96,12.98,8.8
EIEL,EIELEQN,203.89,203.9,203.9,0.01,0.0,537,109494,276.1,134.71
LOVABLE,LOVABLEEQN,70.44,70.44,70.44,0.0,0.0,1,70,104.7,55.0
PCJEWELLER,PCJEWELLEREQN,12.79,12.79,12.79,0.0,0.0,745904,9540112,14.44,7.47
JHS,JHSEQN,8.54,8.54,8.54,0.0,0.0,1,8,13.9,6.26
NDL,NDLEQN,2.79,2.79,2.79,0.0,0.0,6211,17328,3.64,1.8
HAVISHA,HAVISHAEQN,1.34,1.34,1.34,0.0,0.0,2,2,2.42,1.03
ORIENTALTL,ORIENTALTLEQN,5.08,5.08,5.08,0.0,0.0,184,934,10.85,4.4
BGRENERGY,BGRENERGYBEN,268.4,268.4,268.4,0.0,0.0,2705,726022,490.8,218.0
REFEX,REFEXEQN,293.2,293.2,293.2,0.0,0.0,6090,1785588,415.0,188.0
SADBHAV,SADBHAVEQN,7.5,7.5,7.5,0.0,0.0,1824,13680,14.7,6.05
LOTUSEYE,LOTUSEYEEQN,114.68,114.68,114.68,0.0,0.0,230,26376,147.0,97.59
NARMADA,NARMADAEQN,13.47,13.47,13.47,0.0,0.0,1416,19073,22.59,9.95
INSECTICID,INSECTICIDEQN,598.95,598.95,598.95,0.0,0.0,1,598,789.45,518.6
SIL,SILEQN,15.7,15.7,15.7,0.0,0.0,80,1256,22.3,11.7
FIBERWEB,FIBERWEBEQN,26.27,26.27,26.27,0.0,0.0,265,6961,49.9,25.07
ALIVUS,ALIVUSEQN,1400.4,1400.4,1400.4,0.0,0.0,33,46213,1493.8,819.0
LAGNAM,LAGNAMEQN,75.5,75.5,75.5,0.0,0.0,50,3775,95.9,58.6
SHRIRAMFIN,SHRIRAMFINEQN,1011.8,1011.8,1011.8,0.0,0.0,8166,8262358,1153.7,603.15
HNDFDS,HNDFDSEQN,617.75,617.75,617.75,0.0,0.0,491,303315,677.75,442.0
INOXGREEN,INOXGREENEQN,172.34,172.34,172.34,0.0,0.0,975,168031,279.0,132.58
LALPATHLAB,LALPATHLABEQN,1920.4,1920.4,1920.4,0.0,0.0,190,364876,2038.6,1272.6
ALICON,ALICONEQN,738.25,738.25,738.25,0.0,0.0,57,42080,1022.0,580.0
PYRAMID,PYRAMIDEQN,157.67,157.67,157.67,0.0,0.0,1,157,198.69,131.8
YATHARTH,YATHARTHEQN,1125.3,1125.3,1125.3,0.0,0.0,1301,1464015,1184.0,538.25
GULPOLY,GULPOLYEQN,169.52,169.52,169.52,0.0,0.0,284,48143,227.63,121.5
NAVKARCORP,NAVKARCORPEQN,88.58,88.58,88.58,0.0,0.0,36,3188,131.36,74.05
UCOBANK,UCOBANKEQN,23.62,23.62,23.62,0.0,0.0,32902,777145,34.2,22.22
SUVEN,SUVENEQN,337.9,337.9,337.9,0.0,0.0,156,52712,403.35,124.11
GEMAROMA,GEMAROMAEQN,150.58,150.58,150.58,0.0,0.0,21,3162,274.0,133.0
PURVA,PURVAEQN,214.94,214.94,214.94,0.0,0.0,101,21708,287.3,160.69
DAMCAPITAL,DAMCAPITALEQN,137.32,137.32,137.32,0.0,0.0,262,35977,286.0,119.22
GFLLIMITED,GFLLIMITEDEQN,57.0,57.0,57.0,0.0,0.0,33,1881,81.0,37.25
NSIL,NSILEQN,5527.0,5527.0,5527.0,0.0,0.0,1,5527,8730.0,4700.0
PRECAM,PRECAMEQN,117.42,117.42,117.42,0.0,0.0,134,15734,223.2,103.98
KSL,KSLEQN,944.45,944.45,944.45,0.0,0.0,113,106722,1002.8,574.0
KINGFA,KINGFAEQN,6062.0,6062.0,6062.0,0.0,0.0,17,103054,6347.0,3649.9
MVGJL,MVGJLEQN,214.51,214.5,214.5,-0.01,0.0,1616,346632,233.99,129.1
KIRLOSIND,KIRLOSINDEQN,3722.2,3722.2,3722.2,0.0,0.0,17,63277,4574.8,2463.0
STEELXIND,STEELXINDEQN,11.22,11.22,11.22,0.0,0.0,8783,98545,13.95,7.0
SALASAR,SALASAREQN,4.86,4.86,4.86,0.0,0.0,10645,51734,10.99,4.71
TEXRAIL,TEXRAILEQN,114.43,114.43,114.43,0.0,0.0,3699,423276,149.24,78.05
BIRLAMONEY,BIRLAMONEYEQN,120.77,120.77,120.77,0.0,0.0,1,120,184.3,95.0
INDUSINVIT,INDUSINVITIVN,133.79,133.79,133.79,0.0,0.0,33,4415,138.0,113.21
ULTRACEMCO,ULTRACEMCOEQN,11100.0,11100.0,11100.0,0.0,0.0,355,3940500,13110.0,10325.0
WESTLIFE,WESTLIFEEQN,564.1,564.1,564.1,0.0,0.0,491,276973,763.8,398.4
WEWIN,WEWINEQN,42.4,42.4,42.4,0.0,0.0,500,21200,78.0,35.38
ASIANTILES,ASIANTILESEQN,51.26,51.26,51.26,0.0,0.0,400,20504,79.06,42.5
GODIGIT,GODIGITEQN,241.45,241.45,241.45,0.0,0.0,1639,395736,381.4,231.65
ESTER,ESTEREQN,87.17,87.17,87.17,0.0,0.0,90,7845,132.45,68.55
HUBTOWN,HUBTOWNEQN,175.73,175.73,175.73,0.0,0.0,77,13531,339.0,168.15
AIMTRON,AIMTRONSMN,1784.35,1784.35,1784.35,0.0,0.0,800,1427480,1800.0,675.0
ASHOKAMET,ASHOKAMETEQN,14.73,14.73,14.73,0.0,0.0,2080,30638,19.4,12.13
TAINWALCHM,TAINWALCHMEQN,219.54,219.54,219.54,0.0,0.0,34,7464,257.0,155.0
SHOPERSTOP,SHOPERSTOPEQN,394.95,394.95,394.95,0.0,0.0,31,12243,572.0,275.95
SSWL,SSWLEQN,361.75,361.75,361.75,0.0,0.0,492,177981,384.15,169.0
YESBANK,YESBANKEQN,23.17,23.17,23.17,0.0,0.0,140501,3255408,25.78,17.2
AVALON,AVALONEQN,2485.9,2485.9,2485.9,0.0,0.0,1210,3007939,2618.0,777.3
CCCL,CCCLEQN,13.55,13.55,13.55,0.0,0.0,43,582,27.6,12.76
PILITA,PILITAEQN,7.3,7.3,7.3,0.0,0.0,45,328,14.95,6.2
SYMPHONY,SYMPHONYEQN,597.8,597.8,597.8,0.0,0.0,120,71736,970.45,562.1
FEL,FELBZN,0.36,0.36,0.36,0.0,0.0,10337,3721,0.62,0.34
LTFOODS,LTFOODSEQN,430.8,430.8,430.8,0.0,0.0,419,180505,490.7,333.15
INDTERRAIN,INDTERRAINEQN,29.02,29.02,29.02,0.0,0.0,4,116,42.62,24.56
TATATECH,TATATECHEQN,724.9,724.9,724.9,0.0,0.0,3018,2187748,891.0,507.4
SHANKARA,SHANKARAEQN,147.46,147.46,147.46,0.0,0.0,20,2949,1021.35,98.25
NH,NHEQN,1896.9,1896.9,1896.9,0.0,0.0,318,603214,2093.3,1589.0
MEDANTA,MEDANTAEQN,1508.1,1508.1,1508.1,0.0,0.0,181,272966,1544.0,956.0
JKLAKSHMI,JKLAKSHMIEQN,515.75,515.75,515.75,0.0,0.0,41,21145,908.8,495.2
MUNJALAU,MUNJALAUEQN,105.71,105.71,105.71,0.0,0.0,177,18710,130.6,67.2
MANUGRAPH,MANUGRAPHEQN,18.85,18.85,18.85,0.0,0.0,502,9462,24.0,9.65
JMFINANCIL,JMFINANCILEQN,126.26,126.26,126.26,0.0,0.0,3100,391406,182.5,112.0
RML,RMLEQN,1345.6,1345.6,1345.6,0.0,0.0,27,36331,1440.0,608.5
TCIEXP,TCIEXPEQN,482.6,482.6,482.6,0.0,0.0,42,20269,780.0,447.55
INDUSTOWER,INDUSTOWEREQN,377.65,377.65,377.65,0.0,0.0,675,254913,481.5,337.8
PSB,PSBEQN,21.95,21.95,21.95,0.0,0.0,4033,88524,32.46,20.5
NDRAUTO,NDRAUTOEQN,732.2,732.2,732.2,0.0,0.0,31,22698,1113.6,605.05
KCP,KCPEQN,159.42,159.42,159.42,0.0,0.0,68,10840,207.8,125.0
TRITURBINE,TRITURBINEEQN,555.65,555.65,555.65,0.0,0.0,619,343947,787.6,428.35
ZUARI,ZUARIEQN,222.84,222.84,222.84,0.0,0.0,213,47464,345.6,175.1
EIHOTEL,EIHOTELEQN,309.0,309.0,309.0,0.0,0.0,1089,336501,413.95,271.15
PGHH,PGHHEQN,7426.0,7426.0,7426.0,0.0,0.0,13,96538,14509.0,7410.0
SURYAROSNI,SURYAROSNIEQN,211.18,211.18,211.18,0.0,0.0,350,73913,314.5,187.35
AJMERA,AJMERAEQN,118.25,118.25,118.25,0.0,0.0,1,118,221.4,98.03
STYRENIX,STYRENIXEQN,2096.1,2096.0,2096.0,-0.1,0.0,2,4192,2653.0,1780.0
ALKYLAMINE,ALKYLAMINEEQN,1867.9,1867.9,1867.9,0.0,0.0,170,317543,2115.0,1212.0
BANKBARODA,BANKBARODAEQN,233.64,233.64,233.64,0.0,0.0,7464,1743888,325.5,231.92
PLAZACABLE,PLAZACABLEEQN,61.7,61.7,61.7,0.0,0.0,1415,87305,66.0,27.0
SANDUMA,SANDUMAEQN,183.15,183.15,183.15,0.0,0.0,5814,1064834,273.0,156.3
INVENTURE,INVENTUREEQN,0.89,0.89,0.89,0.0,0.0,4139,3683,1.62,0.72
PRICOLLTD,PRICOLLTDEQN,756.5,756.5,756.5,0.0,0.0,610,461465,823.0,499.9
GTLINFRA,GTLINFRAEQN,1.13,1.13,1.13,0.0,0.0,166146,187744,1.67,0.96
BIRLACABLE,BIRLACABLEEQN,389.05,389.05,389.05,0.0,0.0,846,329136,418.8,104.0
BAJAJHCARE,BAJAJHCAREEQN,335.6,335.6,335.6,0.0,0.0,105,35238,515.9,272.35
UNOMINDA,UNOMINDAEQN,1227.5,1227.5,1227.5,0.0,0.0,761,934127,1382.0,994.0
ABBOTINDIA,ABBOTINDIAEQN,26960.0,26960.0,26960.0,0.0,0.0,25,674000,30670.0,25135.0
RATNAMANI,RATNAMANIEQN,2776.9,2777.0,2777.0,0.1,0.0,421,1169117,3345.0,1936.5
LUMAXIND,LUMAXINDEQN,5778.0,5778.0,5778.0,0.0,0.0,3,17334,6934.5,4250.0
MANGLMCEM,MANGLMCEMEQN,1010.1,1010.1,1010.1,0.0,0.0,1,1010,1120.0,679.35
MOLDTKPAC,MOLDTKPACEQN,644.85,644.85,644.85,0.0,0.0,136,87699,833.3,464.9
BHARATWIRE,BHARATWIREEQN,170.47,170.47,170.47,0.0,0.0,1,170,262.0,148.01
BAJAJ-AUTO,BAJAJ-AUTOEQN,11460.0,11460.0,11460.0,0.0,0.0,325,3724500,12470.0,8491.5
LPDC,LPDCEQN,6.87,6.87,6.87,0.0,0.0,528,3627,9.46,5.23
BAYERCROP,BAYERCROPEQN,3775.1,3775.1,3775.1,0.0,0.0,24,90602,5346.0,3725.0
ZYDUSLIFE,ZYDUSLIFEEQN,1161.0,1161.0,1161.0,0.0,0.0,342,397062,1205.0,835.5
PIXTRANS,PIXTRANSEQN,1730.7,1730.7,1730.7,0.0,0.0,2,3461,2089.0,1252.0
PNCINFRA,PNCINFRAEQN,140.47,140.47,140.47,0.0,0.0,3562,500354,319.7,116.4
FLFL,FLFLBZN,1.18,1.18,1.18,0.0,0.0,42,49,1.99,1.08
KHAICHEM,KHAICHEMEQN,49.55,49.55,49.55,0.0,0.0,150,7432,135.1,42.92
AIIL,AIILEQN,559.4,559.4,559.4,0.0,0.0,181,101251,683.0,400.0
MAPMYINDIA,MAPMYINDIAEQN,900.5,900.5,900.5,0.0,0.0,3,2701,1998.0,795.0
JYOTISTRUC,JYOTISTRUCEQN,9.08,9.08,9.08,0.0,0.0,44861,407337,16.88,7.94
GTL,GTLEQN,7.04,7.04,7.04,0.0,0.0,269,1893,10.57,4.91
HEMIPROP,HEMIPROPEQN,120.02,120.02,120.02,0.0,0.0,649,77892,190.69,111.2
IEX,IEXEQN,113.82,113.82,113.82,0.0,0.0,5860,666985,160.27,110.35
MOREPENLAB,MOREPENLABEQN,122.35,122.35,122.35,0.0,0.0,56324,6891241,126.8,33.05
ARSHIYA,ARSHIYABZN,0.7,0.7,0.7,0.0,0.0,733,513,2.12,0.68
GLOBE,GLOBEEQN,2.25,2.25,2.25,0.0,0.0,2050,4612,3.29,1.75
WELCORP,WELCORPEQN,2762.7,2762.7,2762.7,0.0,0.0,4691,12959825,2797.6,710.0
CAMPUS,CAMPUSEQN,211.16,211.16,211.16,0.0,0.0,622,131341,287.8,207.92
IOB,IOBEQN,32.06,32.06,32.06,0.0,0.0,17707,567686,41.8,31.2
REDTAPE,REDTAPEEQN,116.41,116.41,116.41,0.0,0.0,55,6402,163.3,107.53
SIS,SISEQN,420.55,420.55,420.55,0.0,0.0,308,129529,480.95,257.05
TVSMOTOR,TVSMOTOREQN,4155.0,4155.0,4155.0,0.0,0.0,814,3382170,4484.5,3228.0
HINDZINC,HINDZINCEQN,591.8,591.8,591.8,0.0,0.0,3483,2061239,733.0,445.6
ORIENTELEC,ORIENTELECEQN,168.01,168.01,168.01,0.0,0.0,272,45698,217.51,149.05
HCG,HCGEQN,701.35,701.35,701.35,0.0,0.0,223,156401,796.68,513.3
MCL,MCLEQN,55.75,55.75,55.75,0.0,0.0,1097,61157,93.2,42.0
EXIDEIND,EXIDEINDEQN,434.5,434.5,434.5,0.0,0.0,2423,1052793,496.4,287.0
BSOFT,BSOFTEQN,284.15,284.15,284.15,0.0,0.0,2232,634222,474.0,270.2
ACCELYA,ACCELYAEQN,1119.9,1119.9,1119.9,0.0,0.0,2,2239,1527.0,1012.4
DCMSRIND,DCMSRINDEQN,38.1,38.1,38.1,0.0,0.0,320,12192,181.9,31.9
OBCL,OBCLEQN,58.77,58.77,58.77,0.0,0.0,351,20628,62.0,46.51
SWARAJENG,SWARAJENGEQN,3572.4,3572.4,3572.4,0.0,0.0,32,114316,4540.0,3301.3
OSWALGREEN,OSWALGREENEQN,19.75,19.75,19.75,0.0,0.0,141,2784,43.79,18.55
GRMOVER,GRMOVEREQN,82.43,82.43,82.43,0.0,0.0,536,44182,185.45,79.31
TAJGVK,TAJGVKEQN,328.8,328.8,328.8,0.0,0.0,19,6247,450.0,281.35
AZAD,AZADEQN,2764.9,2764.9,2764.9,0.0,0.0,416,1150198,2986.6,1360.0
ENDURANCE,ENDURANCEEQN,2756.4,2756.4,2756.4,0.0,0.0,117,322498,3072.0,2142.8
BLUEDART,BLUEDARTEQN,4806.2,4806.2,4806.2,0.0,0.0,16,76899,7036.0,4628.5
RILINFRA,RILINFRASMN,32.85,32.85,32.85,0.0,0.0,100,3285,47.5,27.6
HGINFRA,HGINFRAEQN,442.65,442.65,442.65,0.0,0.0,97,42937,1014.0,429.5
ETHOSLTD,ETHOSLTDEQN,2593.8,2593.8,2593.8,0.0,0.0,44,114127,3245.9,1919.4
PRUDENT,PRUDENTEQN,3426.8,3426.8,3426.8,0.0,0.0,41,140498,4105.5,2121.0
MANORAMA,MANORAMAEQN,1923.0,1923.0,1923.0,0.0,0.0,382,734586,2149.5,1060.6
BRNL,BRNLEQN,16.1,16.1,16.1,0.0,0.0,136,2189,26.5,16.0
CELLO,CELLOEQN,321.95,321.95,321.95,0.0,0.0,139,44751,673.8,314.6
SRF,SRFEQN,2540.0,2540.0,2540.0,0.0,0.0,655,1663700,3210.0,2355.0
BEL,BELEQN,398.5,398.5,398.5,0.0,0.0,47060,18753410,473.45,380.45
MHRIL,MHRILEQN,201.37,201.37,201.37,0.0,0.0,2,402,368.9,188.21
JAGSNPHARM,JAGSNPHARMEQN,226.81,226.81,226.81,0.0,0.0,111,25175,264.5,155.0
WHEELS,WHEELSEQN,2174.9,2174.9,2174.9,0.0,0.0,336,730766,2498.0,705.85
ASTERDM,ASTERDMEQN,756.75,756.75,756.75,0.0,0.0,406,307240,891.3,519.1
AWHCL,AWHCLEQN,364.55,364.55,364.55,0.0,0.0,317,115562,605.0,337.55
CHENNPETRO,CHENNPETROEQN,1375.5,1375.5,1375.5,0.0,0.0,3700,5089350,1677.5,716.8
HONAUT,HONAUTEQN,34685.0,34685.0,34685.0,0.0,0.0,10,346850,41495.0,26220.0
CDSL,CDSLEQN,1361.0,1361.0,1361.0,0.0,0.0,2179,2965619,1673.7,1116.3
ADOR,ADOREQN,1576.4,1576.4,1576.4,0.0,0.0,41,64632,1766.4,848.0
PAKKA,PAKKAEQN,78.67,78.67,78.67,0.0,0.0,10,786,170.5,69.1
KAUSHALYA,KAUSHALYABEN,854.0,854.0,854.0,0.0,0.0,1,854,1435.95,750.0
IRISDOREME,IRISDOREMEEQN,64.81,64.81,64.81,0.0,0.0,1061,68763,66.72,26.35
EASEMYTRIP,EASEMYTRIPEQN,5.79,5.79,5.79,0.0,0.0,79385,459639,10.6,5.71
HITECH,HITECHEQN,74.96,74.96,74.96,0.0,0.0,615,46100,127.5,70.14
HONDAPOWER,HONDAPOWEREQN,1920.6,1920.6,1920.6,0.0,0.0,2,3841,2900.0,1816.6
SYNGENE,SYNGENEEQN,385.15,385.15,385.15,0.0,0.0,3671,1413885,678.95,360.4
RAMRAT,RAMRATEQN,550.1,550.1,550.1,0.0,0.0,234,128723,602.45,268.0
KABRAEXTRU,KABRAEXTRUEQN,676.1,676.1,676.1,0.0,0.0,239,161587,741.9,180.0
COFORGE,COFORGEEQN,1814.0,1814.0,1814.0,0.0,0.0,6329,11480806,2021.2,1008.1
SILINV,SILINVEQN,443.0,443.0,443.0,0.0,0.0,2,886,767.0,380.0
SPORTKING,SPORTKINGEQN,206.87,206.87,206.87,0.0,0.0,93,19238,241.51,78.17
AIAENG,AIAENGEQN,3941.0,3941.0,3941.0,0.0,0.0,157,618737,5180.0,3034.0
JSWENERGY,JSWENERGYEQN,517.0,517.0,517.0,0.0,0.0,872,450824,617.35,427.75
ZFCVINDIA,ZFCVINDIAEQN,2362.6,2362.6,2362.6,0.0,0.0,51,120492,3044.0,2050.33
SENCO,SENCOEQN,341.9,341.9,341.9,0.0,0.0,893,305316,430.0,276.0
GSMFOILS,GSMFOILSSMN,82.0,82.0,82.0,0.0,0.0,2000,164000,293.85,79.7
UTKARSHBNK,UTKARSHBNKEQN,14.0,14.0,14.0,0.0,0.0,31310,438340,22.03,10.12
RTNPOWER,RTNPOWEREQN,7.11,7.11,7.11,0.0,0.0,129285,919216,12.49,6.95
HAPPYFORGE,HAPPYFORGEEQN,2109.1,2109.1,2109.1,0.0,0.0,111,234110,2470.0,888.75
NUVOCO,NUVOCOEQN,330.55,330.55,330.55,0.0,0.0,54,17849,453.25,276.25
EMIL,EMILEQN,191.28,191.28,191.28,0.0,0.0,11502,2200102,202.86,84.9
HOLMARC,HOLMARCSMN,115.5,115.5,115.5,0.0,0.0,1500,173250,126.8,60.05
SEPC,SEPCEQN,5.09,5.09,5.09,0.0,0.0,93883,477864,13.73,4.65
SHRENIK,SHRENIKBZN,0.29,0.29,0.29,0.0,0.0,448,129,0.65,0.27
GODREJIND,GODREJINDEQN,1101.7,1101.7,1101.7,0.0,0.0,157,172966,1443.0,744.2
ANKITMETAL,ANKITMETALBZN,1.76,1.76,1.76,0.0,0.0,3200,5632,2.12,1.29
MANAKSTEEL,MANAKSTEELBEN,108.29,108.29,108.29,0.0,0.0,37,4006,120.76,45.11
CUBEINVIT,CUBEINVITIVN,156.25,156.25,156.25,0.0,0.0,137,21406,165.0,131.0
CRAFTSMAN,CRAFTSMANEQN,11006.0,11006.0,11006.0,0.0,0.0,65,715390,11999.0,6324.0
HYBRIDFIN,HYBRIDFINBEN,16.6,16.6,16.6,0.0,0.0,1,16,33.62,13.06
KRIDHANINF,KRIDHANINFEQN,1.86,1.86,1.86,0.0,0.0,40,74,4.78,1.79
SIGIND,SIGINDBEN,71.39,71.39,71.39,0.0,0.0,19,1356,74.99,40.66
BLUSPRING,BLUSPRINGEQN,121.89,121.89,121.89,0.0,0.0,421,51315,139.8,43.98
PRIMO,PRIMOEQN,22.31,22.31,22.31,0.0,0.0,49,1093,26.9,16.1
VIVIDHA,VIVIDHAEQN,0.52,0.52,0.52,0.0,0.0,3960,2059,0.91,0.43
IL&FSTRANS,IL&FSTRANSBZN,1.95,1.95,1.95,0.0,0.0,76,148,3.27,1.75
TINNARUBR,TINNARUBREQN,1029.35,1029.35,1029.35,0.0,0.0,65,66907,1322.0,527.45
SPLIL,SPLILEQN,30.26,30.26,30.26,0.0,0.0,30,907,45.2,20.2
JKIPL,JKIPLEQN,101.9,101.9,101.9,0.0,0.0,6,611,126.95,45.4
GENSOL,GENSOLBZN,16.94,16.94,16.94,0.0,0.0,120,2032,43.71,16.4
TMCV,TMCVEQN,444.5,444.5,444.5,0.0,0.0,8986,3994277,509.0,306.3
ADVENTHTL,ADVENTHTLEQN,126.64,126.64,126.64,0.0,0.0,250,31660,345.05,120.02
VOLTAMP,VOLTAMPEQN,10802.0,10802.0,10802.0,0.0,0.0,7,75614,12863.0,6666.0
TRACXN,TRACXNEQN,31.98,31.98,31.98,0.0,0.0,471,15062,55.9,25.39
SHUKRAPHAR,SHUKRAPHAREQN,55.33,55.33,55.33,0.0,0.0,2605,144134,58.2,40.06
HDBFS,HDBFSEQN,680.95,680.95,680.95,0.0,0.0,407,277146,796.7,555.3
APOLLOTYRE,APOLLOTYREEQN,409.3,409.3,409.3,0.0,0.0,1459,597168,540.5,365.3
SAREGAMA,SAREGAMAEQN,488.2,488.2,488.2,0.0,0.0,1895,925139,574.5,307.05
SMARTEN,SMARTENSMN,56.7,56.7,56.7,0.0,0.0,3600,204120,104.8,42.0
ORKLAINDIA,ORKLAINDIAEQN,579.05,579.05,579.05,0.0,0.0,22,12739,760.0,533.25
VIRTUALG,VIRTUALGBEN,0.45,0.45,0.45,0.0,0.0,9977,4489,0.6,0.4
MAZDA,MAZDABEN,253.9,253.9,253.9,0.0,0.0,1070,271673,308.0,159.2
IVC,IVCEQN,7.83,7.83,7.83,0.0,0.0,10211,79952,10.99,6.02
AAREYDRUGS,AAREYDRUGSEQN,102.37,102.37,102.37,0.0,0.0,5,511,103.99,50.31
REGAAL,REGAALEQN,83.44,83.44,83.44,0.0,0.0,1,83,106.0,57.27
DREAMFOLKS,DREAMFOLKSEQN,63.48,63.48,63.48,0.0,0.0,282,17901,160.0,56.0
BLISSGVS,BLISSGVSBEN,661.55,661.55,661.55,0.0,0.0,124,82032,728.0,118.0
CORONA,CORONAEQN,2212.9,2212.9,2212.9,0.0,0.0,25,55322,2292.4,1336.6
EKC,EKCEQN,100.06,100.06,100.06,0.0,0.0,198,19811,154.55,90.25
WPIL,WPILEQN,446.95,446.95,446.95,0.0,0.0,74,33074,510.35,383.55
KSB,KSBEQN,802.6,802.6,802.6,0.0,0.0,99,79457,1028.3,666.65
ADVIKCA,ADVIKCAEQN,0.96,0.96,0.96,0.0,0.0,40038,38436,1.27,0.91
GAYAHWS,GAYAHWSEQN,1.9,1.9,1.9,0.0,0.0,5910,11229,4.76,1.72
EUROPRATIK,EUROPRATIKEQN,224.0,224.0,224.0,0.0,0.0,629,140896,390.0,205.1
DEEPAKFERT,DEEPAKFERTEQN,1365.9,1365.9,1365.9,0.0,0.0,240,327816,1681.0,866.4
CEMPRO,CEMPROEQN,1256.5,1256.5,1256.5,0.0,0.0,355,446057,1649.2,503.3
STLNETWORK,STLNETWORKEQN,45.09,45.09,45.09,0.0,0.0,1998801,90125937,45.09,15.75
STYL,STYLEQN,350.15,350.15,350.15,0.0,0.0,369,129205,437.45,209.11
AVONMORE,AVONMOREEQN,13.01,13.01,13.01,0.0,0.0,1506,19593,20.67,9.05
THEJO,THEJOEQN,2141.8,2141.8,2141.8,0.0,0.0,2,4283,2286.6,1443.6
SHADOWFAX,SHADOWFAXEQN,272.75,272.75,272.75,0.0,0.0,14785,4032608,274.8,98.55
ITDC,ITDCEQN,651.95,651.95,651.95,0.0,0.0,138,89969,822.0,368.0
RPGLIFE,RPGLIFEEQN,2760.2,2760.3,2760.3,0.1,0.0,39,107651,3082.0,1733.0
DHARAN,DHARANBZN,0.14,0.14,0.14,0.0,0.0,157001,21980,0.61,0.11
PIRAMALFIN,PIRAMALFINEQN,2220.4,2220.4,2220.4,0.0,0.0,344,763817,2326.4,1260.0
GOLDBETA,GOLDBETAEQN,127.9,127.9,127.9,0.0,0.0,205,26219,149.35,92.75
ESABINDIA,ESABINDIAEQN,5561.0,5561.0,5561.0,0.0,0.0,5,27805,7319.5,4710.0
SIMBHALS,SIMBHALSBZN,6.54,6.54,6.54,0.0,0.0,1,6,14.39,6.47
MMWL,MMWLEQN,13.19,13.19,13.19,0.0,0.0,27,356,16.57,9.02
PDSL,PDSLEQN,353.85,353.85,353.85,0.0,0.0,13,4600,418.5,246.05
CENTENKA,CENTENKAEQN,571.9,571.9,571.9,0.0,0.0,66,37745,671.65,371.2
RCOM,RCOMBEN,0.91,0.91,0.91,0.0,0.0,49914,45421,1.51,0.75
ATLASCYCLE,ATLASCYCLEEQN,88.42,88.42,88.42,0.0,0.0,1,88,130.0,76.15
ARVSMART,ARVSMARTEQN,574.4,574.4,574.4,0.0,0.0,12,6892,707.85,486.8
LCL,LCLEQN,560.35,560.35,560.35,0.0,0.0,191,107026,604.7,461.0
ALEMBICLTD,ALEMBICLTDEQN,103.54,103.54,103.54,0.0,0.0,291,30130,117.72,70.46
CHEMCON,CHEMCONBEN,225.8,225.8,225.8,0.0,0.0,51,11515,295.0,125.0
ARTEMISMED,ARTEMISMEDEQN,339.05,339.05,339.05,0.0,0.0,432,146469,362.0,203.35
SPECIALITY,SPECIALITYBEN,144.0,144.0,144.0,0.0,0.0,51,7344,167.46,82.7
WATERBASE,WATERBASEEQN,44.99,44.99,44.99,0.0,0.0,5,224,54.0,44.11
TIGERLOGS,TIGERLOGSEQN,25.66,25.66,25.66,0.0,0.0,100,2566,54.37,22.9
URBANCO,URBANCOEQN,173.4,173.4,173.4,0.0,0.0,11272,1954564,201.18,100.7
KISSHT,KISSHTEQN,362.5,362.5,362.5,0.0,0.0,4853,1759212,373.0,190.0
AARTIDRUGS,AARTIDRUGSEQN,435.5,435.5,435.5,0.0,0.0,286,124553,534.0,318.95
HDFCSILVER,HDFCSILVEREQN,222.04,222.05,222.05,0.01,0.0,1119,248473,359.0,127.16
SILVERAXIS,SILVERAXISEQN,230.95,230.95,230.95,0.0,0.0,14,3233,390.01,131.41
JARO,JAROEQN,474.85,474.85,474.85,0.0,0.0,41,19468,890.0,383.5
LAXMICOT,LAXMICOTEQN,12.94,12.94,12.94,0.0,0.0,1,12,25.48,11.36
HORIZONIND,HORIZONINDEQN,52.74,52.74,52.74,0.0,0.0,7869,415011,60.25,51.89
SWISSMLTRY,SWISSMLTRYBEN,14.34,14.34,14.34,0.0,0.0,1005,14411,18.5,13.0
DPABHUSHAN,DPABHUSHANEQN,1422.6,1422.6,1422.6,0.0,0.0,4,5690,1670.0,866.1
IONEXCHANG,IONEXCHANGEQN,432.25,432.25,432.25,0.0,0.0,841,363522,486.0,312.7
ORIENTCEM,ORIENTCEMEQN,125.07,125.07,125.07,0.0,0.0,105,13132,237.29,120.6
BCPL,BCPLEQN,70.26,70.26,70.26,0.0,0.0,138,9695,92.0,60.0
QGOLDHALF,QGOLDHALFEQN,125.82,125.82,125.82,0.0,0.0,18,2264,149.69,90.75
DCMSHRIRAM,DCMSHRIRAMEQN,984.2,984.2,984.2,0.0,0.0,206,202745,1409.0,945.1
ASIANHOTNR,ASIANHOTNREQN,375.1,375.1,375.1,0.0,0.0,1,375,423.8,247.5
IRB,IRBEQN,18.1,18.1,18.1,0.0,0.0,52523,950666,23.95,18.02
MOMSBELIEF,MOMSBELIEFBEN,223.89,223.89,223.89,0.0,0.0,442,98959,239.0,208.03
QUINT,QUINTBEN,76.73,76.73,76.73,0.0,0.0,500,38365,0.0,0.0
MAFATIND,MAFATINDEQN,122.59,122.59,122.59,0.0,0.0,4,490,157.77,119.02
SRTL,SRTLEQN,38.36,38.36,38.36,0.0,0.0,25,959,73.36,35.75
GMBREW,GMBREWEQN,947.0,947.0,947.0,0.0,0.0,300,284100,1328.8,698.55
GLOBUSSPR,GLOBUSSPREQN,830.8,830.8,830.8,0.0,0.0,20,16616,1252.8,800.05
DCMNVL,DCMNVLEQN,180.01,180.0,180.0,-0.01,-0.01,44,7920,198.58,95.6
PFOCUS,PFOCUSEQN,352.65,352.6,352.6,-0.05,-0.01,2759,972823,367.0,161.01
JBMA,JBMAEQN,592.05,592.0,592.0,-0.05,-0.01,1020,603840,790.0,477.0
APOLLOPIPE,APOLLOPIPEEQN,539.5,539.45,539.45,-0.05,-0.01,670,361431,668.8,252.1
HSCL,HSCLEQN,676.45,676.35,676.35,-0.1,-0.01,8049,5443941,819.5,418.5
APLAPOLLO,APLAPOLLOEQN,2181.1,2180.9,2180.9,-0.2,-0.01,1650,3598485,2301.4,1653.3
GLAXO,GLAXOEQN,2862.9,2862.7,2862.7,-0.2,-0.01,9,25764,3120.7,2088.1
AUBANK,AUBANKEQN,1038.0,1037.9,1037.9,-0.1,-0.01,660,685014,1144.1,703.85
SHARDAMOTR,SHARDAMOTREQN,957.75,957.7,957.7,-0.05,-0.01,122,116839,1189.9,700.0
GOLDIETF,GOLDIETFEQN,130.01,130.0,130.0,-0.01,-0.01,31533,4099290,158.0,94.8
GOLDBEES,GOLDBEESEQN,125.57,125.56,125.56,-0.01,-0.01,35438,4449595,148.14,91.43
SKMEGGPROD,SKMEGGPRODEQN,229.05,229.0,229.0,-0.05,-0.02,106,24274,372.0,143.1
KIRLOSENG,KIRLOSENGEQN,2132.4,2132.0,2132.0,-0.4,-0.02,292,622544,2720.0,865.55
SCHNEIDER,SCHNEIDEREQN,1235.2,1235.0,1235.0,-0.2,-0.02,315,389025,1548.0,571.85
STYLAMIND,STYLAMINDEQN,3195.5,3194.9,3194.9,-0.6,-0.02,32,102236,4150.0,1621.0
CUB,CUBEQN,234.94,234.9,234.9,-0.04,-0.02,4155,976009,248.85,153.26
SBC,SBCEQN,49.2,49.19,49.19,-0.01,-0.02,19140,941496,49.97,21.15
RAILTEL,RAILTELEQN,260.25,260.2,260.2,-0.05,-0.02,1318,342943,400.8,245.0
DALBHARAT,DALBHARATEQN,1764.4,1764.0,1764.0,-0.4,-0.02,65,114660,2439.3,1605.0
IIFL,IIFLEQN,608.1,608.0,608.0,-0.1,-0.02,1534,932672,705.0,409.1
ICICIAMC,ICICIAMCEQN,3207.8,3207.0,3207.0,-0.8,-0.02,248,795336,3611.0,2530.0
SETFGOLD,SETFGOLDEQN,129.53,129.5,129.5,-0.03,-0.02,4114,532763,153.95,93.64
SBIFUNDS,SBIFUNDSEQN,552.6,552.5,552.5,-0.1,-0.02,2164,1195610,624.95,525.3
ESAFSFB,ESAFSFBBEN,39.36,39.35,39.35,-0.01,-0.03,6926,272538,44.99,19.78
MOBIKWIK,MOBIKWIKEQN,209.57,209.5,209.5,-0.07,-0.03,918,192321,302.96,151.46
DCBBANK,DCBBANKEQN,218.77,218.71,218.71,-0.06,-0.03,936,204712,234.8,122.4
GANDHITUBE,GANDHITUBEEQN,909.3,909.0,909.0,-0.3,-0.03,47,42723,1010.0,681.05
NAUKRI,NAUKRIEQN,1296.4,1296.0,1296.0,-0.4,-0.03,1889,2448144,1433.6,908.3
VTL,VTLEQN,554.15,554.0,554.0,-0.15,-0.03,1289,714106,688.0,385.5
CANTABIL,CANTABILEQN,241.08,241.0,241.0,-0.08,-0.03,78,18798,321.5,208.5
KOPRAN,KOPRANEQN,282.98,282.9,282.9,-0.08,-0.03,2665,753928,286.53,107.0
ONIDA,ONIDAEQN,34.31,34.3,34.3,-0.01,-0.03,6150,210945,49.23,21.5
TRIGYN,TRIGYNEQN,56.02,56.0,56.0,-0.02,-0.04,800,44800,102.4,37.55
CONFIPET,CONFIPETEQN,88.96,88.92,88.92,-0.04,-0.04,9901,880396,93.2,28.06
WEBELSOLAR,WEBELSOLAREQN,72.03,72.0,72.0,-0.03,-0.04,6940,499680,137.9,50.4
RAMCOSYS,RAMCOSYSEQN,564.2,564.0,564.0,-0.2,-0.04,138,77832,967.5,342.1
TATAPOWER,TATAPOWEREQN,367.15,367.0,367.0,-0.15,-0.04,6045,2218515,464.9,342.5
LUPIN,LUPINEQN,2124.5,2123.6,2123.6,-0.9,-0.04,2342,4973471,2529.5,1900.0
SHILCTECH,SHILCTECHEQN,3976.7,3975.0,3975.0,-1.7,-0.04,106,421350,5399.0,2852.5
SHREECEM,SHREECEMEQN,22550.0,22540.0,22540.0,-10.0,-0.04,14,315560,30285.0,21665.0
GILLETTE,GILLETTEEQN,7048.0,7045.0,7045.0,-3.0,-0.04,32,225440,10330.0,6922.0
BLIL,BLILEQN,67.38,67.35,67.35,-0.03,-0.04,647,43575,79.5,65.16
SILVER1,SILVER1EQN,22.54,22.53,22.53,-0.01,-0.04,20448,460693,38.8,12.83
NORTHARC,NORTHARCEQN,319.15,319.0,319.0,-0.15,-0.05,3330,1062270,334.0,206.0
ANANDRATHI,ANANDRATHIEQN,2211.2,2210.0,2210.0,-1.2,-0.05,248,548080,2268.4,1353.85
20MICRONS,20MICRONSEQN,220.12,220.0,220.0,-0.12,-0.05,425,93500,237.4,129.61
ONGC,ONGCEQN,235.63,235.51,235.51,-0.12,-0.05,81792,19262833,307.5,227.65
UNIONBANK,UNIONBANKEQN,178.09,178.0,178.0,-0.09,-0.05,3739,665542,205.49,133.9
IRBINVIT,IRBINVITIVN,64.96,64.93,64.93,-0.03,-0.05,2314,150248,65.25,57.05
ORISSAMINE,ORISSAMINEEQN,3820.8,3819.0,3819.0,-1.8,-0.05,2,7638,6138.9,3100.5
CERA,CERAEQN,5528.0,5525.0,5525.0,-3.0,-0.05,53,292825,6740.0,4461.1
AIRAN,AIRANEQN,16.66,16.65,16.65,-0.01,-0.06,688,11455,26.83,12.63
BAJAJCON,BAJAJCONEQN,515.3,515.0,515.0,-0.3,-0.06,597,307455,692.0,232.1
ROUTE,ROUTEEQN,469.2,468.9,468.9,-0.3,-0.06,262,122851,857.75,410.7
HATSUN,HATSUNEQN,1130.7,1130.0,1130.0,-0.7,-0.06,16,18080,1349.7,855.3
GOLD1,GOLD1EQN,126.65,126.57,126.57,-0.08,-0.06,1433,181374,158.0,92.4
COCKERILL,COCKERILLEQN,8055.0,8050.5,8050.5,-4.5,-0.06,49,394474,10871.5,4955.0
MAHSCOOTER,MAHSCOOTEREQN,13609.0,13600.0,13600.0,-9.0,-0.07,3,40800,18199.0,10901.0
STAR,STAREQN,1235.1,1234.2,1234.2,-0.9,-0.07,513,633144,1260.9,768.65
RALLIS,RALLISEQN,202.15,202.0,202.0,-0.15,-0.07,783,158166,340.0,196.81
PAYTM,PAYTMEQN,1810.0,1808.7,1808.7,-1.3,-0.07,3090,5588883,1855.5,930.6
HDFCAMC,HDFCAMCEQN,2440.0,2438.2,2438.2,-1.8,-0.07,837,2040773,2967.25,2205.6
GRWRHITECH,GRWRHITECHEQN,6454.5,6450.0,6450.0,-4.5,-0.07,53,341850,7990.0,2690.7
CAPITALSFB,CAPITALSFBEQN,282.0,281.8,281.8,-0.2,-0.07,99,27898,323.7,206.55
ORTINGLOBE,ORTINGLOBEEQN,15.36,15.35,15.35,-0.01,-0.07,2,30,21.3,10.66
HINDOILEXP,HINDOILEXPEQN,176.63,176.5,176.5,-0.13,-0.07,1053,185854,201.44,117.5
PNGJL,PNGJLEQN,601.55,601.05,601.05,-0.5,-0.08,27,16228,736.4,503.0
V2RETAIL,V2RETAILEQN,210.85,210.68,210.68,-0.17,-0.08,266,56040,259.25,172.03
ABSLAMC,ABSLAMCEQN,1034.3,1033.5,1033.5,-0.8,-0.08,195,201532,1224.9,708.0
TORNTPOWER,TORNTPOWEREQN,1262.0,1261.0,1261.0,-1.0,-0.08,657,828477,1824.1,1188.0
TANLA,TANLAEQN,493.4,493.0,493.0,-0.4,-0.08,759,374187,755.5,365.9
HCLTECH,HCLTECHEQN,1281.0,1280.0,1280.0,-1.0,-0.08,5052,6466560,1780.1,1030.0
MITCON,MITCONEQN,79.86,79.8,79.8,-0.06,-0.08,1,79,91.7,49.56
INFY,INFYEQN,1038.5,1037.7,1037.7,-0.8,-0.08,62661,65023319,1728.0,982.4
PARADEEP,PARADEEPEQN,155.73,155.6,155.6,-0.13,-0.08,4541,706579,201.99,99.7
3IINFOLTD,3IINFOLTDBEN,25.62,25.6,25.6,-0.02,-0.08,57,1459,27.8,12.68
RUPA,RUPAEQN,137.22,137.1,137.1,-0.12,-0.09,250,34275,209.9,109.21
CHEMPLASTS,CHEMPLASTSEQN,181.17,181.0,181.0,-0.17,-0.09,3231,584811,427.7,161.0
BANKINDIA,BANKINDIAEQN,138.63,138.5,138.5,-0.13,-0.09,10331,1430843,178.36,116.0
AJANTPHARM,AJANTPHARMEQN,3542.1,3539.0,3539.0,-3.1,-0.09,107,378673,3796.0,2329.9
BALPHARMA,BALPHARMAEQN,109.37,109.27,109.27,-0.1,-0.09,398,43489,124.6,60.0
HDFCBANK,HDFCBANKEQN,739.5,738.85,738.85,-0.65,-0.09,876751,647787476,1020.5,681.9
IGL,IGLEQN,148.85,148.71,148.71,-0.14,-0.09,3585,533125,223.5,141.74
DBOL,DBOLEQN,113.31,113.21,113.21,-0.1,-0.09,161,18226,139.0,69.0
HCL-INSYS,HCL-INSYSEQN,10.7,10.69,10.69,-0.01,-0.09,1981,21176,16.5,9.01
MEDICAMEQ,MEDICAMEQBEN,318.2,317.9,317.9,-0.3,-0.09,6,1907,447.65,212.4
JINDRILL,JINDRILLEQN,576.5,576.0,576.0,-0.5,-0.09,962,554112,704.4,440.1
SPARC,SPARCEQN,196.1,195.9,195.9,-0.2,-0.1,635,124396,289.0,108.0
MONTECARLO,MONTECARLOEQN,534.65,534.1,534.1,-0.55,-0.1,270,144207,860.95,464.0
SCILAL,SCILALEQN,38.23,38.19,38.19,-0.04,-0.1,51,1947,55.0,34.3
MSTCLTD,MSTCLTDEQN,729.85,729.1,729.1,-0.75,-0.1,149,108635,805.0,362.15
MOTHERSON,MOTHERSONEQN,162.91,162.75,162.75,-0.16,-0.1,34808,5665002,173.27,101.01
ICEMAKE,ICEMAKEEQN,693.7,693.0,693.0,-0.7,-0.1,10,6930,920.0,660.3
NATCAPSUQ,NATCAPSUQBEN,167.16,167.0,167.0,-0.16,-0.1,1,167,296.0,136.36
PNBHOUSING,PNBHOUSINGEQN,1141.1,1139.8,1139.8,-1.3,-0.11,88,100302,1211.5,729.6
MEDPLUS,MEDPLUSEQN,660.7,660.0,660.0,-0.7,-0.11,28,18480,1022.2,645.0
SAIL,SAILEQN,177.3,177.1,177.1,-0.2,-0.11,47184,8356286,209.7,124.0
UNITEDPOLY,UNITEDPOLYEQN,46.05,46.0,46.0,-0.05,-0.11,2441,112286,51.16,20.6
DATAMATICS,DATAMATICSEQN,773.85,773.0,773.0,-0.85,-0.11,180,139140,1010.0,632.0
UPL,UPLEQN,559.9,559.25,559.25,-0.65,-0.12,4325,2418756,812.2,549.8
AETHER,AETHEREQN,1639.6,1637.7,1637.7,-1.9,-0.12,192,314438,1717.0,728.0
CARBORUNIV,CARBORUNIVEQN,1178.9,1177.5,1177.5,-1.4,-0.12,1847,2174842,1306.9,735.2
CUPID,CUPIDEQN,251.3,251.0,251.0,-0.3,-0.12,250433,62858683,299.0,41.82
KRSNAA,KRSNAAEQN,554.65,554.0,554.0,-0.65,-0.12,136,75344,894.4,515.0
GAJA,GAJAEQN,162.71,162.51,162.51,-0.2,-0.12,16334,2654438,191.65,137.5
NOVAAGRI,NOVAAGRIEQN,23.28,23.25,23.25,-0.03,-0.13,343,7974,51.99,18.12
OPTIEMUS,OPTIEMUSEQN,590.75,590.0,590.0,-0.75,-0.13,586,345740,713.0,288.0
ABB,ABBEQN,7271.0,7261.5,7261.5,-9.5,-0.13,1119,8125618,7924.5,4637.5
VSTIND,VSTINDEQN,206.76,206.5,206.5,-0.26,-0.13,663,136909,286.78,200.0
CROMPTON,CROMPTONEQN,225.05,224.75,224.75,-0.3,-0.13,4610,1036097,314.5,217.4
TATSILV,TATSILVEQN,22.55,22.52,22.52,-0.03,-0.13,23046,518995,35.1,12.22
IDEAFORGE,IDEAFORGEEQN,766.05,765.0,765.0,-1.05,-0.14,5279,4038435,992.25,366.0
SUPREMEIND,SUPREMEINDEQN,3500.0,3495.0,3495.0,-5.0,-0.14,251,877245,4445.3,3140.0
ICICIBANK,ICICIBANKEQN,1345.0,1343.0,1343.0,-2.0,-0.15,96528,129637104,1480.0,1187.6
SAURASHCEM,SAURASHCEMEQN,53.22,53.14,53.14,-0.08,-0.15,4,212,112.25,47.65
BAJAJHIND,BAJAJHINDEQN,20.18,20.15,20.15,-0.03,-0.15,71973,1450255,26.0,14.85
SCHAEFFLER,SCHAEFFLEREQN,4118.2,4112.0,4112.0,-6.2,-0.15,61,250832,4467.7,3518.4
BIOFILCHEM,BIOFILCHEMEQN,32.61,32.56,32.56,-0.05,-0.15,281,9149,46.34,25.6
GLOBAL,GLOBALEQN,130.6,130.4,130.4,-0.2,-0.15,801,104450,136.97,55.3
NLCINDIA,NLCINDIAEQN,266.65,266.0,266.0,-0.4,-0.15,688,183008,387.8,230.0
SUNDRMFAST,SUNDRMFASTEQN,1207.4,1205.6,1205.6,-1.8,-0.15,98,118148,1347.2,730.1
JNPR,JNPREQN,270.9,270.5,270.5,-0.4,-0.15,532,143906,282.0,232.11
RESPONIND,RESPONINDEQN,160.26,160.0,160.0,-0.26,-0.16,19,3040,240.9,117.25
VSSL,VSSLEQN,410.8,410.15,410.15,-0.65,-0.16,990,406048,428.25,206.4
TIMEX,TIMEXEQN,709.65,708.5,708.5,-1.15,-0.16,1557,1103134,729.0,312.0
KUSUMGAR,KUSUMGAREQN,610.35,609.35,609.35,-1.0,-0.16,667,406436,659.5,533.0
RAJRATAN,RAJRATANEQN,452.75,452.0,452.0,-0.75,-0.17,1114,503528,563.95,305.55
INTLCONV,INTLCONVEQN,75.35,75.22,75.22,-0.13,-0.17,114,8575,114.54,60.0
NILASPACES,NILASPACESEQN,12.12,12.1,12.1,-0.02,-0.17,727,8796,20.47,11.35
COSMOFIRST,COSMOFIRSTEQN,866.45,865.0,865.0,-1.45,-0.17,27,23355,996.0,560.8
ISGEC,ISGECEQN,852.85,851.4,851.4,-1.45,-0.17,576,490406,1113.9,683.95
ASTRAMICRO,ASTRAMICROEQN,1657.9,1655.0,1655.0,-2.9,-0.17,350,579250,1960.0,851.0
MIRZAINT,MIRZAINTEQN,29.16,29.11,29.11,-0.05,-0.17,2004,58336,43.3,24.95
SILVERCASE,SILVERCASEEQN,23.56,23.52,23.52,-0.04,-0.17,50207,1180868,38.01,13.23
CANARYS,CANARYSSMN,28.55,28.5,28.5,-0.05,-0.18,8000,228000,35.2,14.6
NESCO,NESCOEQN,1081.9,1080.0,1080.0,-1.9,-0.18,56,60480,1533.0,996.0
BIOCON,BIOCONEQN,395.0,394.3,394.3,-0.7,-0.18,13312,5248921,447.15,337.05
SRM,SRMEQN,421.0,420.25,420.25,-0.75,-0.18,70,29417,649.95,361.35
NAHARPOLY,NAHARPOLYEQN,223.41,223.01,223.01,-0.4,-0.18,183,40810,338.8,200.0
CRISIL,CRISILEQN,4605.6,4597.5,4597.5,-8.1,-0.18,32,147120,5064.9,3686.0
SESHAPAPER,SESHAPAPEREQN,247.61,247.16,247.16,-0.45,-0.18,187,46218,293.11,209.96
SUKHJITS,SUKHJITSEQN,163.31,163.0,163.0,-0.31,-0.19,1,163,231.1,137.3
GMRP&UI,GMRP&UIEQN,92.43,92.25,92.25,-0.18,-0.19,565,52121,136.3,86.8
IFBIND,IFBINDEQN,1222.3,1220.0,1220.0,-2.3,-0.19,20,24400,2019.8,883.2
DMART,DMARTEQN,3800.4,3793.3,3793.3,-7.1,-0.19,696,2640136,4789.8,3529.0
IDFCFIRSTB,IDFCFIRSTBEQN,85.8,85.64,85.64,-0.16,-0.19,32651,2796231,88.76,58.08
ARFIN,ARFINEQN,91.18,91.0,91.0,-0.18,-0.2,1643,149513,106.2,44.16
GOCOLORS,GOCOLORSEQN,306.7,306.1,306.1,-0.6,-0.2,22,6734,743.2,237.05
UNIDT,UNIDTEQN,222.44,222.0,222.0,-0.44,-0.2,45,9990,254.97,146.0
APLLTD,APLLTDEQN,848.75,847.05,847.05,-1.7,-0.2,275,232938,998.0,635.8
BHARATFORG,BHARATFORGEQN,1968.9,1965.0,1965.0,-3.9,-0.2,1824,3584160,2295.0,1179.0
HATHWAY,HATHWAYEQN,9.97,9.95,9.95,-0.02,-0.2,20179,200781,15.12,8.76
NESTLEIND,NESTLEINDEQN,1385.0,1382.2,1382.2,-2.8,-0.2,2188,3024253,1553.0,1145.0
BRIGHOTEL,BRIGHOTELEQN,56.4,56.29,56.29,-0.11,-0.2,27,1519,87.79,54.36
TATACAP,TATACAPEQN,343.7,343.0,343.0,-0.7,-0.2,2797,959371,390.2,296.0
GRAUWEIL,GRAUWEILEQN,85.34,85.17,85.17,-0.17,-0.2,1825,155435,88.53,62.09
JSLL,JSLLEQN,508.1,507.1,507.1,-1.0,-0.2,2550,1293105,849.5,485.1
GROWWGOLD,GROWWGOLDEQN,14.83,14.8,14.8,-0.03,-0.2,1167,17271,18.0,10.85
GOLDCASE,GOLDCASEEQN,23.91,23.86,23.86,-0.05,-0.21,63512,1515396,27.94,17.05
TENNIND,TENNINDEQN,514.1,513.0,513.0,-1.1,-0.21,3048,1563624,657.0,438.05
MGL,MGLEQN,1077.8,1075.5,1075.5,-2.3,-0.21,54,58077,1349.9,900.0
GAUDIUMIVF,GAUDIUMIVFEQN,112.25,112.01,112.01,-0.24,-0.21,167,18705,163.18,69.18
HOMEFIRST,HOMEFIRSTEQN,1257.7,1255.0,1255.0,-2.7,-0.21,388,486940,1317.7,893.7
MINDTECK,MINDTECKEQN,155.72,155.37,155.37,-0.35,-0.22,10,1553,307.68,145.13
WELSPUNLIV,WELSPUNLIVEQN,215.87,215.4,215.4,-0.47,-0.22,10014,2157015,218.2,107.1
FACT,FACTEQN,801.75,800.0,800.0,-1.75,-0.22,835,668000,1058.6,652.1
SEAMECLTD,SEAMECLTDEQN,1698.8,1695.0,1695.0,-3.8,-0.22,170,288150,1849.0,771.75
SUMICHEM,SUMICHEMEQN,454.55,453.55,453.55,-1.0,-0.22,367,166452,605.0,362.6
CHALET,CHALETEQN,860.05,858.05,858.05,-2.0,-0.23,12,10296,1037.3,691.35
ADVANCE,ADVANCEEQN,107.83,107.58,107.58,-0.25,-0.23,1154,124147,154.0,84.1
INDOTHAI,INDOTHAIEQN,34.08,34.0,34.0,-0.08,-0.23,3000,102000,466.35,33.0
HDFCGOLD,HDFCGOLDEQN,129.83,129.53,129.53,-0.3,-0.23,10603,1373406,152.3,94.62
UDS,UDSEQN,198.48,198.0,198.0,-0.48,-0.24,193,38214,262.85,125.1
GUJALKALI,GUJALKALIEQN,629.5,628.0,628.0,-1.5,-0.24,1311,823308,815.0,409.15
APARINDS,APARINDSEQN,18945.0,18899.0,18899.0,-46.0,-0.24,366,6917034,19128.0,6801.0
LAXMIDENTL,LAXMIDENTLEQN,194.9,194.42,194.42,-0.48,-0.25,6,1166,349.9,155.88
ARMANFIN,ARMANFINEQN,1966.0,1961.0,1961.0,-5.0,-0.25,38,74518,2158.6,1301.0
SUDEEPPHRM,SUDEEPPHRMEQN,1144.0,1141.1,1141.1,-2.9,-0.25,746,851260,1378.0,524.05
VMSTMT,VMSTMTEQN,48.62,48.5,48.5,-0.12,-0.25,3,145,105.0,33.5
SOUTHWEST,SOUTHWESTEQN,189.49,189.0,189.0,-0.49,-0.26,1301,245889,275.0,121.0
MANBA,MANBAEQN,136.73,136.38,136.38,-0.35,-0.26,1080,147290,154.0,98.0
RENUKA,RENUKAEQN,22.98,22.92,22.92,-0.06,-0.26,24046,551134,32.4,21.05
BHAGCHEM,BHAGCHEMEQN,245.75,245.1,245.1,-0.65,-0.26,51,12500,316.9,170.6
SCODATUBES,SCODATUBESEQN,129.28,128.95,128.95,-0.33,-0.26,1,128,185.07,110.0
STALLION,STALLIONBEN,231.5,230.9,230.9,-0.6,-0.26,54469,12576892,359.15,99.32
GROWW,GROWWEQN,190.59,190.1,190.1,-0.49,-0.26,53316,10135371,227.2,112.0
BOSCH-HCIL,BOSCH-HCILEQN,1685.7,1681.1,1681.1,-4.6,-0.27,1,1681,1891.3,1021.3
AJAXENGG,AJAXENGGEQN,562.6,561.0,561.0,-1.6,-0.28,44,24684,697.55,394.8
DOLATALGO,DOLATALGOEQN,66.79,66.6,66.6,-0.19,-0.28,156,10389,95.76,64.96
TALBROAUTO,TALBROAUTOEQN,467.3,466.0,466.0,-1.3,-0.28,537,250242,485.8,219.9
KAVDEFENCE,KAVDEFENCEBEN,75.91,75.7,75.7,-0.21,-0.28,1240,93868,162.87,51.51
VISHNU,VISHNUEQN,716.5,714.5,714.5,-2.0,-0.28,178,127181,744.0,443.7
MODISONLTD,MODISONLTDBEN,456.3,455.0,455.0,-1.3,-0.28,558,253890,546.0,114.0
SBISILVER,SBISILVEREQN,227.75,227.11,227.11,-0.64,-0.28,866,196677,362.0,129.74
TIPSMUSIC,TIPSMUSICEQN,660.0,658.1,658.1,-1.9,-0.29,475,312597,741.0,481.15
HINDCON,HINDCONEQN,24.44,24.37,24.37,-0.07,-0.29,212,5166,37.75,15.66
NUCLEUS,NUCLEUSEQN,683.95,682.0,682.0,-1.95,-0.29,10,6820,1064.8,681.5
PROSTARM,PROSTARMEQN,128.4,128.03,128.03,-0.37,-0.29,2015,257980,214.0,114.64
ODYCORP,ODYCORPEQN,6.92,6.9,6.9,-0.02,-0.29,66,455,8.48,5.71
SBFC,SBFCEQN,91.28,91.01,91.01,-0.27,-0.3,4222,384244,123.0,79.6
NYKAA,NYKAAEQN,336.0,335.0,335.0,-1.0,-0.3,2610,874350,349.55,227.9
SUNDARMFIN,SUNDARMFINEQN,4679.5,4665.6,4665.6,-13.9,-0.3,40,186624,5642.0,4000.0
DBREALTY,DBREALTYEQN,95.29,95.0,95.0,-0.29,-0.3,1433,136135,183.9,83.5
COROMANDEL,COROMANDELEQN,1940.8,1935.0,1935.0,-5.8,-0.3,540,1044900,2499.0,1706.5
ADVANIHOTR,ADVANIHOTREQN,47.9,47.75,47.75,-0.15,-0.31,2,95,65.5,46.75
TECHM,TECHMEQN,1558.5,1553.7,1553.7,-4.8,-0.31,2177,3382404,1854.0,1304.1
TTML,TTMLEQN,35.36,35.25,35.25,-0.11,-0.31,4336,152844,60.08,31.22
KALYANIFRG,KALYANIFRGBEN,941.85,938.95,938.95,-2.9,-0.31,42,39435,1192.25,523.6
SGMART,SGMARTEQN,730.4,728.1,728.1,-2.3,-0.31,28,20386,860.6,313.1
IBULLSLTD,IBULLSLTDEQN,29.09,29.0,29.0,-0.09,-0.31,38909,1128361,32.5,8.9
HMT,HMTBZN,64.1,63.9,63.9,-0.2,-0.31,100,6390,72.95,41.0
RSYSTEMS,RSYSTEMSEQN,243.08,242.31,242.31,-0.77,-0.32,10,2423,443.0,213.52
JSL,JSLEQN,751.45,749.0,749.0,-2.45,-0.33,332,248668,884.0,652.25
JYOTICNC,JYOTICNCEQN,1113.85,1110.05,1110.05,-3.8,-0.34,7891,8759404,1134.6,580.1
UGROCAP,UGROCAPEQN,82.29,82.01,82.01,-0.28,-0.34,358,29359,192.5,80.12
CARERATING,CARERATINGEQN,1627.6,1622.0,1622.0,-5.6,-0.34,397,643934,1838.0,1392.7
MAXESTATES,MAXESTATESEQN,597.9,595.85,595.85,-2.05,-0.34,46,27409,623.0,305.45
SEKURITIND,SEKURITINDEQN,113.6,113.21,113.21,-0.39,-0.34,75,8490,124.65,105.05
WEWORK,WEWORKEQN,672.35,670.05,670.05,-2.3,-0.34,75,50253,794.5,420.0
LUMINO,LUMINOEQN,113.36,112.98,112.98,-0.38,-0.34,493151,55716199,122.0,98.05
KUANTUM,KUANTUMEQN,80.74,80.46,80.46,-0.28,-0.35,20,1609,121.29,65.01
PNBGILTS,PNBGILTSEQN,76.88,76.61,76.61,-0.27,-0.35,850,65118,104.78,58.6
SADHNANIQ,SADHNANIQBEN,2.88,2.87,2.87,-0.01,-0.35,26174,75119,3.32,1.27
INDORAMA,INDORAMAEQN,106.55,106.18,106.18,-0.37,-0.35,34080,3618614,109.26,29.0
STUDDS,STUDDSEQN,430.5,429.0,429.0,-1.5,-0.35,457,196053,600.0,402.55
SBCL,SBCLEQN,1144.1,1140.0,1140.0,-4.1,-0.36,968,1103520,1215.7,368.6
VRLLOG,VRLLOGEQN,292.25,291.2,291.2,-1.05,-0.36,2022,588806,310.2,225.0
63MOONS,63MOONSEQN,892.05,888.8,888.8,-3.25,-0.36,982,872801,957.95,467.0
MENONBE,MENONBEBEN,304.95,303.85,303.85,-1.1,-0.36,442,134301,330.0,101.5
UTIAMC,UTIAMCEQN,924.8,921.35,921.35,-3.45,-0.37,110,101348,1418.0,866.0
KIRLPNU,KIRLPNUEQN,714.45,711.8,711.8,-2.65,-0.37,249,177238,1098.55,495.05
OIL,OILEQN,478.35,476.6,476.6,-1.75,-0.37,4531,2159474,531.0,395.6
KRONOX,KRONOXBEN,176.65,176.0,176.0,-0.65,-0.37,200,35200,223.42,96.0
IFGLEXPOR,IFGLEXPOREQN,197.9,197.15,197.15,-0.75,-0.38,58,11434,338.0,119.68
AXISBANK,AXISBANKEQN,1250.0,1245.2,1245.2,-4.8,-0.38,16157,20118696,1418.3,1125.4
INDOSTAR,INDOSTAREQN,235.45,234.55,234.55,-0.9,-0.38,28,6567,292.0,179.03
KIRLOSBROS,KIRLOSBROSEQN,1797.0,1790.1,1790.1,-6.9,-0.38,237,424253,2189.2,1335.0
KOTARISUG,KOTARISUGBEN,26.65,26.55,26.55,-0.1,-0.38,63,1672,39.94,22.5
KRYSTAL,KRYSTALEQN,652.2,649.65,649.65,-2.55,-0.39,1,649,696.9,500.0
NAHARINDUS,NAHARINDUSEQN,131.7,131.17,131.17,-0.53,-0.4,100,13117,154.0,83.05
STARPAPER,STARPAPEREQN,159.13,158.5,158.5,-0.63,-0.4,3,475,177.8,119.05
BALRAMCHIN,BALRAMCHINEQN,663.65,661.0,661.0,-2.65,-0.4,1320,872520,780.95,393.55
KOTHARIPET,KOTHARIPETEQN,136.05,135.5,135.5,-0.55,-0.4,81,10975,155.75,94.75
LAXMIINDIA,LAXMIINDIAEQN,125.32,124.82,124.82,-0.5,-0.4,46,5741,169.79,71.06
TIJARIA,TIJARIABEN,7.23,7.2,7.2,-0.03,-0.41,20,144,9.8,3.55
HEXT,HEXTEQN,515.25,513.1,513.1,-2.15,-0.42,61,31299,807.75,400.2
LANDMARK,LANDMARKEQN,502.1,500.0,500.0,-2.1,-0.42,5,2500,662.0,339.5
SAMHI,SAMHIEQN,160.26,159.59,159.59,-0.67,-0.42,2708,432169,217.3,127.0
PGHL,PGHLEQN,5503.5,5480.0,5480.0,-23.5,-0.43,11,60280,6975.0,4707.0
GOCLCORP,GOCLCORPEQN,453.45,421.65,421.65,-1.8,-0.43,7541,3179662,461.4,223.35
TECHERA,TECHERASMN,152.65,152.0,152.0,-0.65,-0.43,800,121600,325.7,127.55
BOROLTD,BOROLTDEQN,261.14,260.0,260.0,-1.14,-0.44,227,59020,397.95,213.73
HGS,HGSEQN,377.8,376.1,376.1,-1.7,-0.45,28,10530,545.0,342.05
HLVLTD,HLVLTDEQN,6.73,6.7,6.7,-0.03,-0.45,10011,67073,12.3,5.6
GEOJITFSL,GEOJITFSLEQN,81.94,81.57,81.57,-0.37,-0.45,796,64929,86.5,50.86
NIRLON,NIRLONEQN,594.15,591.5,591.5,-2.65,-0.45,100,59150,657.0,516.03
GANECOS,GANECOSEQN,1008.2,1003.7,1003.7,-4.5,-0.45,32,32118,1288.0,653.55
TVSHLTD,TVSHLTDEQN,12729.0,12671.0,12671.0,-58.0,-0.46,7,88697,16297.0,12376.0
TVTODAY,TVTODAYEQN,107.64,107.15,107.15,-0.49,-0.46,123,13179,153.42,93.5
EMCURE,EMCUREEQN,2009.3,2000.0,2000.0,-9.3,-0.46,478,956000,2100.7,1260.0
DEEDEV,DEEDEVEQN,681.1,677.95,677.95,-3.15,-0.46,1154,782354,760.0,183.0
VALIANTORG,VALIANTORGEQN,422.95,421.0,421.0,-1.95,-0.46,85,35785,442.1,195.0
RELIGARE,RELIGAREEQN,253.21,252.01,252.01,-1.2,-0.47,489,123232,280.0,196.51
MPSLTD,MPSLTDEQN,2617.2,2605.0,2605.0,-12.2,-0.47,25,65125,2979.0,1336.1
BSLGOLDETF,BSLGOLDETFEQN,133.72,133.08,133.08,-0.64,-0.48,379,50437,155.99,97.3
GROWWSLVR,GROWWSLVREQN,22.76,22.65,22.65,-0.11,-0.48,282,6387,36.3,12.96
MPIMANIPAL,MPIMANIPALEQN,336.6,335.0,335.0,-1.6,-0.48,4577,1533295,358.8,315.65
JSWHL,JSWHLEQN,11205.0,11151.0,11151.0,-54.0,-0.48,9,100359,22790.0,10530.0
5PAISA,5PAISAEQN,314.1,312.55,312.55,-1.55,-0.49,177,55321,416.95,245.5
SERVOTECH,SERVOTECHEQN,71.8,71.45,71.45,-0.35,-0.49,6923,494648,141.5,57.51
RANASUG,RANASUGEQN,14.18,14.11,14.11,-0.07,-0.49,2120,29913,16.45,10.21
MENNPIS,MENNPISBEN,73.4,73.04,73.04,-0.36,-0.49,35,2556,85.8,52.35
UNICHEMLAB,UNICHEMLABEQN,540.65,538.0,538.0,-2.65,-0.49,5,2690,687.2,278.2
RUSHIL,RUSHILEQN,16.28,16.2,16.2,-0.08,-0.49,212,3434,32.79,12.49
SCANSTL,SCANSTLBEN,50.75,50.5,50.5,-0.25,-0.49,11,555,68.81,31.35
VIPULLTD,VIPULLTDBEN,12.05,11.99,11.99,-0.06,-0.5,100,1199,18.6,7.38
CHEMBONDCH,CHEMBONDCHBEN,261.5,260.2,260.2,-1.3,-0.5,5,1301,290.0,104.85
VIJAYA,VIJAYAEQN,1556.1,1548.3,1548.3,-7.8,-0.5,167,258566,1578.0,848.0
MAHLIFE,MAHLIFEEQN,362.65,360.85,360.85,-1.8,-0.5,272,98151,427.05,286.8
SILVERAG,SILVERAGEQN,226.13,225.0,225.0,-1.13,-0.5,2768,622800,380.0,129.0
VSTL,VSTLEQN,114.48,113.9,113.9,-0.58,-0.51,1,113,164.58,100.8
ARIHANTCAP,ARIHANTCAPEQN,81.61,81.19,81.19,-0.42,-0.51,252,20459,120.0,56.97
NRBBEARING,NRBBEARINGEQN,528.5,525.8,525.8,-2.7,-0.51,1565,822877,538.0,212.55
AEROPLANE,AEROPLANEEQN,201.03,200.0,200.0,-1.03,-0.51,341,68200,209.44,117.02
AUSTENG,AUSTENGEQN,135.71,135.0,135.0,-0.71,-0.52,141,19035,140.29,110.0
AMRUTANJAN,AMRUTANJANEQN,496.05,493.4,493.4,-2.65,-0.53,97,47859,772.0,476.5
SARLAPOLY,SARLAPOLYEQN,98.68,98.15,98.15,-0.53,-0.54,1010,99131,111.0,68.4
SARTELE,SARTELESMN,73.4,73.0,73.0,-0.4,-0.54,500,36500,264.85,72.4
CLSEL,CLSELEQN,293.25,291.65,291.65,-1.6,-0.55,51,14874,324.8,203.75
KRBL,KRBLEQN,393.15,391.0,391.0,-2.15,-0.55,92,35972,452.8,274.65
DWARKESH,DWARKESHEQN,40.93,40.7,40.7,-0.23,-0.56,8415,342490,59.9,32.13
PATANJALI,PATANJALIEQN,396.2,394.0,394.0,-2.2,-0.56,33018,13009092,614.05,328.2
INDOMIM,INDOMIMEQN,1161.45,1155.0,1155.0,-6.45,-0.56,42109,48635895,1161.45,700.0
GRINFRA,GRINFRAEQN,824.85,820.2,820.2,-4.65,-0.56,88,72177,1345.0,785.0
MAMATA,MAMATAEQN,404.3,402.0,402.0,-2.3,-0.57,9,3618,510.0,297.0
PRECWIRE,PRECWIREEQN,473.7,471.0,471.0,-2.7,-0.57,1285,605235,524.9,179.52
PREMIERENE,PREMIERENEEQN,919.9,914.6,914.6,-5.3,-0.58,4286,3919975,1134.0,660.0
MAHLOG,MAHLOGEQN,399.3,397.0,397.0,-2.3,-0.58,340,134980,450.0,275.05
RAMCOCEM,RAMCOCEMEQN,885.1,880.0,880.0,-5.1,-0.58,746,656480,1214.5,838.3
THEMISMED,THEMISMEDEQN,123.92,123.2,123.2,-0.72,-0.58,8,985,148.0,64.95
HAZOOR,HAZOOREQN,19.11,19.0,19.0,-0.11,-0.58,31,589,22.49,17.44
POONAWALLA,POONAWALLAEQN,471.0,468.2,468.2,-2.8,-0.59,1508,706045,570.4,361.2
ABCAPITAL,ABCAPITALEQN,403.4,401.0,401.0,-2.4,-0.59,4903,1966103,430.7,277.7
SILVERBETA,SILVERBETAEQN,224.32,223.0,223.0,-1.32,-0.59,21,4683,379.66,128.12
HEGAM,HEGAMEQN,248.5,247.0,247.0,-1.5,-0.6,6895,1703065,0.0,0.0
ASTEC,ASTECEQN,719.45,715.05,715.05,-4.4,-0.61,203,145155,941.75,513.4
MAXHEALTH,MAXHEALTHEQN,1066.6,1060.1,1060.1,-6.5,-0.61,3497,3707169,1221.9,903.0
ANDHRAPAP,ANDHRAPAPEQN,72.69,72.25,72.25,-0.44,-0.61,832,60112,86.89,58.0
RELCHEMQ,RELCHEMQEQN,118.72,118.0,118.0,-0.72,-0.61,120,14160,163.45,105.01
BORANA,BORANAEQN,296.85,295.05,295.05,-1.8,-0.61,20,5901,420.0,215.35
ADSL,ADSLEQN,96.94,96.35,96.35,-0.59,-0.61,1030,99240,204.65,86.27
IKS,IKSEQN,1782.8,1771.7,1771.7,-11.1,-0.62,526,931914,1933.0,1262.0
CEWATER,CEWATEREQN,279.6,277.8,277.8,-1.8,-0.64,100,27780,539.9,235.0
TREL,TRELEQN,26.68,26.51,26.51,-0.17,-0.64,400,10604,33.51,21.47
APTECHT,APTECHTEQN,94.72,94.1,94.1,-0.62,-0.65,355,33405,131.0,69.1
SAKUMA,SAKUMAEQN,1.53,1.52,1.52,-0.01,-0.65,32494,49390,3.1,1.1
KPL,KPLEQN,3844.9,3819.9,3819.9,-25.0,-0.65,747,2853465,3949.0,1561.0
MUFTI,MUFTIEQN,72.73,72.25,72.25,-0.48,-0.66,225,16256,118.22,63.06
RIIT,RIITIVN,119.91,119.12,119.12,-0.79,-0.66,450,53604,127.0,105.3
OMPOWER,OMPOWEREQN,170.5,169.37,169.37,-1.13,-0.66,216,36583,206.0,158.01
HDIL,HDILBZN,1.47,1.46,1.46,-0.01,-0.68,2023,2953,3.2,1.44
ASTRAZEN,ASTRAZENEQN,6650.0,6605.0,6605.0,-45.0,-0.68,200,1321000,9849.5,6600.0
GPTINFRA,GPTINFRAEQN,118.42,117.6,117.6,-0.82,-0.69,311,36573,150.0,96.22
KANANIIND,KANANIINDEQN,1.42,1.41,1.41,-0.01,-0.7,100,141,2.1,1.02
CHEVIOT,CHEVIOTEQN,1168.4,1160.1,1160.1,-8.3,-0.71,15,17401,1370.5,898.0
GARUDA,GARUDAEQN,176.77,175.5,175.5,-1.27,-0.72,3033,532291,249.3,130.0
RAMCOIND,RAMCOINDEQN,326.15,323.8,323.8,-2.35,-0.72,1025,331895,398.05,230.65
RUBICON,RUBICONEQN,1732.6,1720.0,1720.0,-12.6,-0.73,1479,2543880,1899.0,570.75
LATTEYS,LATTEYSEQN,20.19,20.04,20.04,-0.15,-0.74,7,140,37.0,15.79
DRAGARWQ,DRAGARWQEQN,5280.5,5241.0,5241.0,-39.5,-0.75,1,5241,6059.7,4600.0
BIRLAPREC,BIRLAPRECBEN,55.92,55.5,55.5,-0.42,-0.75,1303,72316,63.49,32.25
JAYBARMARU,JAYBARMARUEQN,109.85,109.01,109.01,-0.84,-0.76,224,24418,207.0,74.15
EMKAY,EMKAYEQN,255.0,253.0,253.0,-2.0,-0.78,1,253,409.9,186.0
GPTHEALTH,GPTHEALTHEQN,165.32,163.99,163.99,-1.33,-0.8,148,24270,175.0,115.0
AGL,AGLEQN,13.81,13.7,13.7,-0.11,-0.8,4888,66965,22.0,12.03
SURANASOL,SURANASOLEQN,26.03,25.82,25.82,-0.21,-0.81,397,10250,36.5,18.31
AEGISLOG,AEGISLOGEQN,1486.0,1474.0,1474.0,-12.0,-0.81,5303,7816622,1500.2,576.1
TGVSL,TGVSLEQN,107.0,106.12,106.12,-0.88,-0.82,38,4032,114.24,101.01
ABCOTS,ABCOTSEQN,208.01,206.3,206.3,-1.71,-0.82,999,206093,504.0,196.81
RAJOOENG,RAJOOENGBEN,55.23,54.63,54.63,-0.45,-0.82,1546,84457,97.23,46.0
METROBRAND,METROBRANDEQN,939.05,931.2,931.2,-7.85,-0.84,188,175065,1308.8,883.0
IGCL,IGCLEQN,65.55,65.0,65.0,-0.55,-0.84,50,3250,111.89,49.46
VAISHALI,VAISHALIEQN,8.24,8.17,8.17,-0.07,-0.85,3500,28595,12.34,4.75
BAJAJHLDNG,BAJAJHLDNGEQN,11409.0,11312.0,11312.0,-97.0,-0.85,200,2262400,13419.0,8588.0
AMDIND,AMDINDBEN,60.1,59.59,59.59,-0.51,-0.85,1011,60245,74.39,33.77
SREEL,SREELBEN,278.7,276.3,276.3,-2.4,-0.86,50,13815,400.0,165.25
ZENSARTECH,ZENSARTECHEQN,436.4,432.55,432.55,-3.85,-0.88,11832,5117931,842.15,421.0
HINDWAREAP,HINDWAREAPEQN,176.57,175.0,175.0,-1.57,-0.89,11,1925,392.7,170.3
AKSHARCHEM,AKSHARCHEMBEN,410.65,407.0,407.0,-3.65,-0.89,182,74074,472.0,141.3
SAHYADRI,SAHYADRIEQN,370.95,367.6,367.6,-3.35,-0.9,20,7352,408.95,200.1
KRITINUT,KRITINUTEQN,81.29,80.55,80.55,-0.74,-0.91,500,40275,102.99,51.36
KODYTECH,KODYTECHSTN,1516.05,1502.1,1502.1,-13.95,-0.92,100,150210,1596.0,556.05
KAMOPAINTS,KAMOPAINTSEQN,4.34,4.3,4.3,-0.04,-0.92,353,1517,9.29,3.6
ALKALI,ALKALIEQN,98.63,97.7,97.7,-0.93,-0.94,1647,160911,107.38,46.8
QUESS,QUESSEQN,363.1,359.65,359.65,-3.45,-0.95,1900,683335,388.75,166.3
RPPINFRA,RPPINFRAEQN,53.56,53.05,53.05,-0.51,-0.95,280,14854,142.5,53.0
CALSOFT,CALSOFTBEN,41.14,40.75,40.75,-0.39,-0.95,10205,415853,43.13,10.9
INDOFARM,INDOFARMEQN,143.36,142.0,142.0,-1.36,-0.95,832,118144,271.69,110.7
TIMETECHNO,TIMETECHNOEQN,180.23,178.52,178.52,-1.71,-0.95,13240,2363604,249.15,154.0
UTLSOLAR,UTLSOLAREQN,422.05,418.05,418.05,-4.0,-0.95,149,62289,494.25,172.0
BENGALASM,BENGALASMEQN,6215.5,6155.5,6155.5,-60.0,-0.97,2,12311,7268.0,5845.85
ASAL,ASALEQN,450.4,446.0,446.0,-4.4,-0.98,433,193118,654.65,374.5
BURNPUR,BURNPURBEN,16.96,16.79,16.79,-0.17,-1.0,179,3005,22.63,11.13
NAVNETEDUL,NAVNETEDULEQN,126.82,125.55,125.55,-1.27,-1.0,5001,627875,166.0,121.5
HALDYNGL,HALDYNGLBEN,142.78,141.35,141.35,-1.43,-1.0,200,28270,149.79,85.0
IRMENERGY,IRMENERGYEQN,271.75,269.0,269.0,-2.75,-1.01,198,53262,393.0,165.4
SHILPAMED,SHILPAMEDEQN,1070.8,1060.0,1060.0,-10.8,-1.01,3105,3291300,1075.0,259.5
VMARCIND,VMARCINDSMN,322.1,318.85,318.85,-3.25,-1.01,1500,478275,406.0,70.0
SVGLOBAL,SVGLOBALEQN,160.65,159.0,159.0,-1.65,-1.03,150,23850,177.5,114.3
ADROITINFO,ADROITINFOEQN,11.25,11.13,11.13,-0.12,-1.07,96,1068,12.0,7.55
MADHAVIPL,MADHAVIPLEQN,7.74,7.65,7.65,-0.09,-1.16,621,4750,9.9,6.95
RHFL,RHFLBZN,1.73,1.71,1.71,-0.02,-1.16,5497,9399,4.49,1.7
AARTISURF,AARTISURFBEN,528.65,521.55,521.55,-6.1,-1.16,163,85012,677.7,316.0
SICALLOG,SICALLOGBEN,94.31,93.2,93.2,-1.11,-1.18,1,93,122.5,60.11
MANAKALUCO,MANAKALUCOEQN,35.43,35.0,35.0,-0.43,-1.21,33,1155,68.12,21.73
AAATECH,AAATECHEQN,94.16,93.0,93.0,-1.16,-1.23,40,3720,136.0,76.11
PPL,PPLBEN,270.35,267.0,267.0,-3.35,-1.24,1,267,334.4,163.21
AKASH,AKASHEQN,24.77,24.46,24.46,-0.31,-1.25,1,24,34.74,22.8
VCL,VCLBEN,1.6,1.58,1.58,-0.02,-1.25,609,962,2.66,0.87
ORICONENT,ORICONENTEQN,54.84,54.15,54.15,-0.69,-1.26,106,5739,73.12,48.81
EASTWEST,EASTWESTEQN,2.38,2.35,2.35,-0.03,-1.26,99,232,2.68,2.05
ESCONET,ESCONETSTN,210.75,208.0,208.0,-2.75,-1.3,400,83200,280.0,91.25
ALANKIT,ALANKITEQN,7.66,7.56,7.56,-0.1,-1.31,1178,8905,13.74,6.8
JAYAGROGN,JAYAGROGNEQN,235.12,232.0,232.0,-3.12,-1.33,13,3016,265.0,147.26
MODINATUR,MODINATUREQN,349.75,345.1,345.1,-4.65,-1.33,175,60392,524.8,252.3
PRUDMOULI,PRUDMOULIEQN,14.19,14.0,14.0,-0.19,-1.34,1,14,37.0,11.26
TTL,TTLEQN,7.42,7.32,7.32,-0.1,-1.35,291,2130,11.8,5.5
ACL,ACLEQN,42.68,42.1,42.1,-0.58,-1.36,100,4210,94.16,40.5
KESORAMIND,KESORAMINDBEN,11.66,11.5,11.5,-0.16,-1.37,759,8728,14.26,4.55
SHYAMCENT,SHYAMCENTBEN,5.09,5.02,5.02,-0.07,-1.38,126,632,8.0,3.68
MODTHREAD,MODTHREADEQN,47.05,46.4,46.4,-0.65,-1.38,1090,50576,65.65,35.61
SHAREINDIA,SHAREINDIAEQN,227.11,223.95,223.95,-3.16,-1.39,10338,2315195,233.35,115.36
KAYNES,KAYNESEQN,3650.0,3599.0,3599.0,-51.0,-1.4,13302,47873898,7705.0,2995.0
RMDRIP,RMDRIPBEN,23.08,22.75,22.75,-0.33,-1.43,1000,22750,72.22,14.81
KSR,KSRBEN,41.11,40.5,40.5,-0.61,-1.48,1,40,48.84,14.04
EXCELSOFT,EXCELSOFTEQN,81.83,80.6,80.6,-1.23,-1.5,16008,1290244,142.59,66.4
DJML,DJMLEQN,76.15,75.0,75.0,-1.15,-1.51,208,15600,124.8,52.0
HEXAGON,HEXAGONBEN,66.36,65.35,65.35,-1.01,-1.52,646,42216,78.25,48.1
SAGARDEEP,SAGARDEEPEQN,23.39,23.03,23.03,-0.36,-1.54,20,460,31.48,20.81
AMJLAND,AMJLANDEQN,37.11,36.53,36.53,-0.58,-1.56,3,109,57.7,30.3
DPSCLTD,DPSCLTDBEN,7.02,6.91,6.91,-0.11,-1.57,556,3841,13.31,6.84
SURAJEST,SURAJESTEQN,216.41,213.0,213.0,-3.41,-1.58,2520,536760,319.0,165.0
SETCO,SETCOBEN,17.28,17.0,17.0,-0.28,-1.62,400,6800,28.62,11.56
UFBL,UFBLBEN,716.15,704.5,704.5,-11.65,-1.63,19,13385,850.0,172.34
FINBUD,FINBUDSMN,110.85,109.0,109.0,-1.85,-1.67,1000,109000,164.85,76.0
HITECHGEAR,HITECHGEARBEN,540.05,531.05,531.05,-9.0,-1.67,1,531,897.45,521.25
TCIFINANCE,TCIFINANCEEQN,15.41,15.15,15.15,-0.26,-1.69,15,227,38.46,10.0
AKG,AKGEQN,10.03,9.86,9.86,-0.17,-1.69,20,197,15.34,8.06
PAR,PARBEN,132.26,130.0,130.0,-2.26,-1.71,30,3900,180.0,78.05
FREDUN,FREDUNEQN,1348.2,1325.0,1325.0,-23.2,-1.72,2234,2960050,1590.0,1195.2
DIGIDRIVE,DIGIDRIVEEQN,17.56,17.25,17.25,-0.31,-1.77,14,241,33.5,16.1
GOLDTECH,GOLDTECHBEN,41.84,41.1,41.1,-0.74,-1.77,156,6411,70.0,29.68
ZIMLAB,ZIMLABEQN,133.65,131.25,131.25,-2.4,-1.8,2,262,144.49,59.31
SHIVAMAUTO,SHIVAMAUTOEQN,18.23,17.9,17.9,-0.33,-1.81,130,2327,34.0,13.05
TPHQ,TPHQBEN,0.55,0.54,0.54,-0.01,-1.82,18000,9720,0.86,0.4
SIKKO,SIKKOBEN,6.03,5.92,5.92,-0.11,-1.82,2154,12751,6.83,3.2
ELPROINTL,ELPROINTLEQN,171.4,168.25,168.25,-3.15,-1.84,8,1346,180.89,86.0
MOLDTECH,MOLDTECHBEN,195.66,192.0,192.0,-3.66,-1.87,100,19200,227.0,101.1
DISAQ,DISAQEQN,12134.0,11905.0,11905.0,-229.0,-1.89,3,35715,12864.0,10851.0
LAKPRE,LAKPREBZN,4.66,4.57,4.57,-0.09,-1.93,100,457,6.67,4.1
BANKA,BANKAEQN,78.55,77.0,77.0,-1.55,-1.97,1,77,96.58,41.0
WORTHPERI,WORTHPERIEQN,148.33,145.41,145.41,-2.92,-1.97,10,1454,169.8,109.0
OWAIS,OWAISSTN,75.7,74.2,74.2,-1.5,-1.98,1000,74200,580.0,58.1
RELINFRA,RELINFRABEN,49.0,48.02,48.02,-0.98,-2.0,2594,124563,273.7,49.0
VEEGALAND,VEEGALANDBEN,141.84,138.99,138.99,-2.85,-2.01,4837,672294,154.0,138.99
MANIKA,MANIKABEN,43.14,42.25,42.25,-0.89,-2.06,20947,885010,0.0,0.0
BALAJEE,BALAJEEEQN,25.14,24.61,24.61,-0.53,-2.11,1278,31451,54.48,21.1
ARUNAYA,ARUNAYASMN,14.0,13.7,13.7,-0.3,-2.14,2000,27400,31.45,13.8
SCML,SCMLSMN,79.0,77.3,77.3,-1.7,-2.15,10000,773000,159.5,68.65
ELITECON,ELITECONEQN,8.35,8.17,8.17,-0.18,-2.16,147187,1202517,46.4,7.08
LTM,LTMEQN,4280.0,4187.1,4187.1,-92.9,-2.17,9084,38035616,6429.5,3528.0
TRU,TRUEQN,4.12,4.03,4.03,-0.09,-2.18,1681,6774,13.12,3.9
PROTEAN,PROTEANEQN,588.35,575.0,575.0,-13.35,-2.27,101447,58332025,939.8,444.0
SAIFL,SAIFLSMN,4.4,4.3,4.3,-0.1,-2.27,4000,17200,20.25,4.2
USK,USKEQN,20.12,19.65,19.65,-0.47,-2.34,372,7309,35.17,18.97
SWANDEF,SWANDEFBEN,2713.4,2646.0,2646.0,-67.4,-2.48,96,254016,2764.0,577.1
TARAPUR,TARAPUREQN,12.31,12.0,12.0,-0.31,-2.52,600,7200,39.99,11.41
ABINFRA,ABINFRABEN,12.13,11.82,11.82,-0.31,-2.56,5143,60790,23.56,8.82
SWARAJ,SWARAJBEN,286.7,279.0,279.0,-7.7,-2.69,11807,3294153,386.75,158.5
NAGREEKEXP,NAGREEKEXPEQN,21.65,21.06,21.06,-0.59,-2.73,31,652,36.99,17.5
CYBERTECH,CYBERTECHBEN,139.97,135.9,135.9,-4.07,-2.91,275,37372,274.8,95.3
AARNAV,AARNAVBEN,32.57,31.55,31.55,-1.02,-3.13,200,6310,37.4,21.0
3PLAND,3PLANDEQN,31.5,30.5,30.5,-1.0,-3.17,1400,42700,46.8,28.51
DHATRE,DHATREEQN,4.22,4.08,4.08,-0.14,-3.32,110,448,5.17,3.67
AKSHOPTFBR,AKSHOPTFBRBEN,7.45,7.2,7.2,-0.25,-3.36,44073,317325,9.01,3.82
ONIXSOLAR,ONIXSOLAREQN,339.55,328.0,328.0,-11.55,-3.4,36078,11833584,464.2,262.45
PML,PMLEQN,490.85,474.05,474.05,-16.8,-3.42,16,7584,645.0,451.55
RADHIKAJWE,RADHIKAJWEBEN,74.1,71.55,71.55,-2.55,-3.44,6046,432591,97.5,50.01
SEMAC,SEMACEQN,284.2,272.25,272.25,-11.95,-4.2,1,272,524.95,205.0
SHAHALLOYS,SHAHALLOYSBEN,87.88,84.05,84.05,-3.83,-4.36,2173,182640,116.85,53.1
EMPOWER,EMPOWEREQN,2.27,2.16,2.16,-0.11,-4.85,162682,351393,2.82,1.3
EBIX,EBIXBEN,19.39,18.45,18.45,-0.94,-4.85,1044,19261,22.83,16.03
POLYSIL,POLYSILSMN,62.85,59.75,59.75,-3.1,-4.93,500,29875,356.75,47.25
SYMBIOTEC,SYMBIOTECEQN,1156.05,1099.0,1099.0,-57.05,-4.93,43029,47288871,1193.7,934.2
AVATAR,AVATARSTN,197.75,187.9,187.9,-9.85,-4.98,2000,375800,258.0,58.95
GRAVISSHO,GRAVISSHOBEN,36.34,34.53,34.53,-1.81,-4.98,150,5179,49.9,25.2
QUALIANCE,QUALIANCESTN,182.75,173.65,173.65,-9.1,-4.98,7000,1215550,236.1,182.75
KJMCFIN,KJMCFINEQN,64.97,61.73,61.73,-3.24,-4.99,10,617,84.5,51.01
RHETAN,RHETANEQN,18.6,17.67,17.67,-0.93,-5.0,35762,631914,34.87,18.6
MVKAGRO,MVKAGROSMN,232.1,220.5,220.5,-11.6,-5.0,2700,595350,819.0,152.05
MICROPRO,MICROPROSMN,18.35,17.25,17.25,-1.1,-5.99,1600,27600,25.4,15.15
AUGMONT,AUGMONTEQN,887.2,830.0,830.0,-57.2,-6.45,44289,36759870,1019.8,806.05
HRYNSHP,HRYNSHPEQN,99.99,92.01,92.01,-7.98,-7.98,1,92,104.05,91.0
