symbol,identifier,previousClose,lastPrice,iep,change,pChange,finalQuantity,totalTurnover,yearHigh,yearLow
ABMINTLLTD,ABMINTLLTDEQN,52.56,63.07,63.07,10.51,20.0,6105,385042,62.85,34.0
LOYALTEX,LOYALTEXEQN,219.64,255.0,255.0,35.36,16.1,2,510,358.4,170.04
REGENCERAM,REGENCERAMEQN,32.39,37.25,37.25,4.86,15.0,6,223,54.99,30.0
BEEKAY,BEEKAYEQN,397.9,454.0,454.0,56.1,14.1,771,350034,471.85,355.05
TRUST,TRUSTSMN,26.5,29.9,29.9,3.4,12.83,1800,53820,77.0,25.0
KRISHIVAL,KRISHIVALEQN,402.15,449.9,449.9,47.75,11.87,504,226749,483.81,282.3
SHEKHAWATI,SHEKHAWATIEQN,16.52,18.4,18.4,1.88,11.38,52063,957959,25.75,9.12
DIVGIITTS,DIVGIITTSEQN,1076.4,1188.8,1188.8,112.4,10.44,35903,42681486,1082.25,573.7
TNPETRO,TNPETROEQN,103.77,114.0,114.0,10.23,9.86,69056,7872384,129.89,78.67
TDPOWERSYS,TDPOWERSYSEQN,1275.6,1395.0,1395.0,119.4,9.36,118894,165857130,1379.6,478.0
GUJENERGY,GUJENERGYEQN,274.4,299.45,299.45,25.05,9.13,115266,34516403,452.0,261.25
UMESLTD,UMESLTDEQN,5.94,6.48,6.48,0.54,9.09,6004,38905,7.14,3.88
DCMFINSERV,DCMFINSERVEQN,5.13,5.59,5.59,0.46,8.97,2,11,8.55,3.7
SUMIT,SUMITEQN,52.32,56.8,56.8,4.48,8.56,2,113,104.9,31.74
ESABINDIA,ESABINDIAEQN,5820.5,6312.0,6312.0,491.5,8.44,536,3383232,7319.5,4710.0
TOUCHWOOD,TOUCHWOODEQN,67.36,72.9,72.9,5.54,8.22,1,72,128.0,61.8
INNOVACAP,INNOVACAPEQN,1018.9,1100.1,1100.1,81.2,7.97,6785,7464178,1034.85,622.0
SPLIL,SPLILEQN,31.03,33.3,33.3,2.27,7.32,500,16650,45.2,20.2
SYNCOMF,SYNCOMFEQN,14.53,15.5,15.5,0.97,6.68,158242,2452751,18.8,10.21
DHARAN,DHARANBZN,0.15,0.16,0.16,0.01,6.67,51339,8214,0.61,0.11
HPAL,HPALEQN,38.94,41.5,41.5,2.56,6.57,284991,11827126,53.0,26.52
INDSWFTLAB,INDSWFTLABEQN,284.68,302.9,302.9,18.22,6.4,83327,25239748,284.68,87.15
CHAMUNDA,CHAMUNDASMN,40.35,42.9,42.9,2.55,6.32,3000,128700,59.0,38.0
KALYANIFRG,KALYANIFRGEQN,626.7,665.0,665.0,38.3,6.11,137,91105,849.65,523.6
GUJRAFFIA,GUJRAFFIAEQN,39.02,41.4,41.4,2.38,6.1,10,414,88.0,35.1
TRIGYN,TRIGYNEQN,53.8,57.0,57.0,3.2,5.95,3700,210900,102.4,37.55
BONLON,BONLONEQN,40.6,42.97,42.97,2.37,5.84,1,42,57.0,34.51
SHIVAUM,SHIVAUMEQN,425.2,450.0,450.0,24.8,5.83,48,21600,474.0,275.0
ATL,ATLEQN,24.58,26.0,26.0,1.42,5.78,19071,495846,37.86,18.2
PAVNAIND,PAVNAINDEQN,18.66,19.72,19.72,1.06,5.68,50,986,46.0,14.11
VIVIDHA,VIVIDHAEQN,0.54,0.57,0.57,0.03,5.56,4711,2685,0.91,0.43
FILATFASH,FILATFASHEQN,0.18,0.19,0.19,0.01,5.56,258642,49141,0.68,0.14
SUPREME,SUPREMEEQN,44.43,46.8,46.8,2.37,5.33,218,10202,97.84,42.43
CHEVIOT,CHEVIOTEQN,1168.5,1230.0,1230.0,61.5,5.26,251,308730,1370.5,898.0
TEXMOPIPES,TEXMOPIPESEQN,42.7,44.9,44.9,2.2,5.15,3000,134700,62.0,33.0
SONAMLTD,SONAMLTDEQN,54.72,57.5,57.5,2.78,5.08,1,57,63.0,37.4
SANWARIA,SANWARIABZN,0.2,0.21,0.21,0.01,5.0,4884,1025,0.39,0.19
NEUEON,NEUEONBEN,14.8,15.54,15.54,0.74,5.0,1000,15540,27.4,5.76
VALIANTLAB,VALIANTLABEQN,71.2,74.76,74.76,3.56,5.0,867,64816,100.98,49.51
GREENLEAF,GREENLEAFSTN,112.0,117.6,117.6,5.6,5.0,1000,117600,185.9,52.5
MANAKSTEEL,MANAKSTEELEQN,84.71,88.94,88.94,4.23,4.99,8584,763460,89.9,45.11
PLAZACABLE,PLAZACABLEEQN,48.72,51.15,51.15,2.43,4.99,2402,122862,65.0,27.0
QPOWER,QPOWEREQN,1239.3,1301.2,1301.2,61.9,4.99,68167,88698900,1441.0,581.0
MODISONLTD,MODISONLTDBEN,307.45,322.8,322.8,15.35,4.99,20095,6486666,362.7,114.0
ABANSENT,ABANSENTEQN,26.26,27.57,27.57,1.31,4.99,150,4135,48.85,22.3
ANAWIL,ANAWILSTN,363.4,381.55,381.55,18.15,4.99,322400,123011720,363.4,313.2
SHARDUL,SHARDULBEN,45.18,47.43,47.43,2.25,4.98,1716,81389,60.0,23.05
NEPHROCARE,NEPHROCARESTN,83.5,87.65,87.65,4.15,4.97,400,35060,183.0,50.05
RSSOFTWARE,RSSOFTWAREEQN,31.56,33.13,33.13,1.57,4.97,1615,53504,82.0,21.93
VIPULLTD,VIPULLTDBEN,13.1,13.75,13.75,0.65,4.96,519,7136,18.6,7.38
UNITEDPOLY,UNITEDPOLYBEN,31.06,32.6,32.6,1.54,4.96,901,29372,51.16,20.6
EIFFL,EIFFLBEN,296.85,311.55,311.55,14.7,4.95,285,88791,381.96,204.98
GIRIRAJ,GIRIRAJSMN,56.7,59.5,59.5,2.8,4.94,250,14875,378.0,52.3
GJL,GJLSTN,206.85,217.0,217.0,10.15,4.91,800,173600,276.45,91.4
AHIMSA,AHIMSASTN,25.9,27.15,27.15,1.25,4.83,3000,81450,26.05,22.6
PPSL,PPSLSMN,3.15,3.3,3.3,0.15,4.76,3000,9900,20.9,2.1
AERONEU,AERONEUEQN,84.06,88.0,88.0,3.94,4.69,5,440,125.37,63.21
ORTINGLOBE,ORTINGLOBEEQN,15.14,15.84,15.84,0.7,4.62,33,522,21.3,10.66
OMFREIGHT,OMFREIGHTBEN,94.24,98.5,98.5,4.26,4.52,600,59100,114.33,58.95
ESSENTIA,ESSENTIAEQN,1.34,1.4,1.4,0.06,4.48,1002498,1403497,2.07,0.95
GIPCL,GIPCLEQN,164.64,172.0,172.0,7.36,4.47,46521,8001612,202.05,119.9
AFSL,AFSLEQN,210.74,219.95,219.95,9.21,4.37,1915,421204,229.0,194.41
GANGAFORGE,GANGAFORGEEQN,2.3,2.4,2.4,0.1,4.35,993330,2383992,3.29,1.59
UNIVASTU,UNIVASTUBEN,138.82,144.85,144.85,6.03,4.34,3371,488289,150.5,56.02
RVTH,RVTHEQN,713.05,743.95,743.95,30.9,4.33,11,8183,1300.0,491.1
AEROENTER,AEROENTEREQN,129.41,135.0,135.0,5.59,4.32,52097,7033095,149.55,62.2
BATAINDIA,BATAINDIAEQN,699.85,730.0,730.0,30.15,4.31,10288,7510240,1282.5,605.0
GATECH,GATECHBEN,0.7,0.73,0.73,0.03,4.29,2133348,1557344,0.93,0.4
DIGIKORE,DIGIKORESMN,38.75,40.4,40.4,1.65,4.26,800,32320,100.0,32.4
COMFINTE,COMFINTEEQN,6.41,6.68,6.68,0.27,4.21,64,427,9.19,5.21
PEARLPOLY,PEARLPOLYEQN,16.51,17.19,17.19,0.68,4.12,1,17,35.02,12.75
VCL,VCLEQN,1.47,1.53,1.53,0.06,4.08,36466,55792,2.66,0.87
DAICHI,DAICHIEQN,319.9,332.85,332.85,12.95,4.05,10,3328,350.0,229.9
SHEMAROO,SHEMAROOBEN,126.88,132.0,132.0,5.12,4.04,2890,381480,143.0,73.0
URBAN,URBANSMN,146.15,152.0,152.0,5.85,4.0,2400,364800,193.2,114.0
MHLXMIRU,MHLXMIRUEQN,155.84,162.0,162.0,6.16,3.95,1510,244620,244.65,105.53
CALSOFT,CALSOFTBEN,21.26,22.1,22.1,0.84,3.95,6950,153595,27.83,10.9
SIMBHALS,SIMBHALSBZN,6.91,7.18,7.18,0.27,3.91,18,129,15.99,6.47
GRADIENTE,GRADIENTEEQN,2.57,2.67,2.67,0.1,3.89,7612,20324,9.4,2.08
MERCANTILE,MERCANTILEEQN,24.55,25.49,25.49,0.94,3.83,11,280,31.9,19.0
MAHAPEXLTD,MAHAPEXLTDEQN,52.98,55.0,55.0,2.02,3.81,2032,111760,75.64,37.32
SAMBHAAV,SAMBHAAVEQN,6.56,6.81,6.81,0.25,3.81,7304,49740,11.53,5.07
ARENTERP,ARENTERPEQN,39.45,40.95,40.95,1.5,3.8,2,81,60.79,30.01
ELGNZ,ELGNZSMN,88.15,91.5,91.5,3.35,3.8,1000,91500,163.0,52.0
TEMBO,TEMBOEQN,61.7,64.0,64.0,2.3,3.73,62288,3986432,837.0,58.95
PVP,PVPEQN,34.46,35.73,35.73,1.27,3.69,13766,491859,39.41,18.49
SHERA,SHERASTN,163.0,169.0,169.0,6.0,3.68,3000,507000,183.15,94.95
VINEETLAB,VINEETLABEQN,37.43,38.8,38.8,1.37,3.66,101,3918,43.5,26.89
BORANA,BORANAEQN,328.1,340.0,340.0,11.9,3.63,1430,486200,420.0,211.0
EPL,EPLEQN,235.78,244.27,244.27,8.49,3.6,35282,8618334,246.86,176.4
SHRADHA,SHRADHAEQN,33.73,34.94,34.94,1.21,3.59,1,34,59.91,26.34
KEEPLEARN,KEEPLEARNEQN,1.96,2.03,2.03,0.07,3.57,300,609,3.21,1.51
RRIL,RRILEQN,16.87,17.47,17.47,0.6,3.56,1,17,21.5,15.25
INDOAMIN,INDOAMINBEN,131.34,136.0,136.0,4.66,3.55,4000,544000,167.9,81.9
AKCAPIT,AKCAPITEQN,1717.4,1778.0,1778.0,60.6,3.53,1,1778,1875.0,1484.9
VIVIMEDLAB,VIVIMEDLABBEN,5.12,5.3,5.3,0.18,3.52,300,1590,29.4,4.75
GOYALALUM,GOYALALUMEQN,6.36,6.58,6.58,0.22,3.46,2000,13160,11.37,5.34
PVSL,PVSLEQN,111.17,115.0,115.0,3.83,3.45,1618,186070,163.0,82.41
LEXUS,LEXUSEQN,14.49,14.99,14.99,0.5,3.45,31,464,39.25,12.74
LIBAS,LIBASEQN,9.61,9.94,9.94,0.33,3.43,1,9,14.3,9.02
JISLDVREQS,JISLDVREQSEQN,21.66,22.4,22.4,0.74,3.42,3,67,35.48,18.5
LATTEYS,LATTEYSBEN,19.73,20.4,20.4,0.67,3.4,10,204,37.0,15.79
BALKRISHNA,BALKRISHNAEQN,17.41,18.0,18.0,0.59,3.39,55,990,25.97,12.0
DRCSYSTEMS,DRCSYSTEMSEQN,12.76,13.19,13.19,0.43,3.37,1,13,23.68,11.5
KARMAENG,KARMAENGEQN,39.51,40.84,40.84,1.33,3.37,50,2042,73.7,34.38
KHAITANLTD,KHAITANLTDEQN,143.66,148.5,148.5,4.84,3.37,4,594,165.0,85.0
AKG,AKGEQN,8.7,8.99,8.99,0.29,3.33,1095,9844,15.34,8.06
NURECA,NURECABEN,324.1,334.9,334.9,10.8,3.33,5,1674,354.0,204.0
PAR,PAREQN,100.4,103.7,103.7,3.3,3.29,4002,415007,122.43,78.05
ORIENTBELL,ORIENTBELLEQN,352.5,364.0,364.0,11.5,3.26,1527,555828,367.0,238.75
RELIABLE,RELIABLEEQN,147.07,151.86,151.86,4.79,3.26,1,151,175.0,80.0
GFLLIMITED,GFLLIMITEDEQN,47.27,48.8,48.8,1.53,3.24,100,4880,81.0,37.25
BIRLAPREC,BIRLAPRECEQN,35.75,36.9,36.9,1.15,3.22,2621,96714,49.99,32.25
ARSHIYA,ARSHIYABZN,0.94,0.97,0.97,0.03,3.19,5001,4850,2.74,0.9
PRECOT,PRECOTEQN,784.0,808.5,808.5,24.5,3.13,20,16170,876.75,300.05
ALANKIT,ALANKITEQN,8.14,8.39,8.39,0.25,3.07,432,3624,15.13,6.8
TCPLPACK,TCPLPACKEQN,3675.8,3788.0,3788.0,112.2,3.05,500,1894000,3960.0,2200.0
BI,BIEQN,64.92,66.9,66.9,1.98,3.05,1,66,75.0,51.62
TREL,TRELEQN,27.17,27.99,27.99,0.82,3.02,524,14666,34.37,21.47
AGL,AGLEQN,13.58,13.99,13.99,0.41,3.02,46923,656452,22.0,12.03
KECL,KECLEQN,148.52,152.99,152.99,4.47,3.01,2011,307662,155.0,75.47
DIFFNKG,DIFFNKGEQN,372.85,384.0,384.0,11.15,2.99,335,128640,453.9,216.8
TOTAL,TOTALEQN,63.61,65.5,65.5,1.89,2.97,1,65,87.89,45.0
RPPINFRA,RPPINFRAEQN,58.56,60.3,60.3,1.74,2.97,10,603,169.9,55.04
TAKE,TAKEEQN,23.25,23.94,23.94,0.69,2.97,7666,183524,50.14,8.9
ARVEE,ARVEEEQN,176.76,182.0,182.0,5.24,2.96,126,22932,290.78,129.11
MUFIN,MUFINEQN,135.98,139.99,139.99,4.01,2.95,38817,5433991,139.4,82.99
JINDALPOLY,JINDALPOLYEQN,629.5,648.0,648.0,18.5,2.94,209,135432,1026.45,365.0
GSLSU,GSLSUEQN,28.15,28.97,28.97,0.82,2.91,1351,39138,139.67,23.06
IMAGICAA,IMAGICAAEQN,47.42,48.8,48.8,1.38,2.91,6147,299973,63.0,36.84
ZSARACOM,ZSARACOMEQN,11274.0,11600.0,11600.0,326.0,2.89,1,11600,14400.0,9000.0
ANANTAM,ANANTAMIVN,105.48,108.5,108.5,3.02,2.86,300,32550,117.0,100.1
MENONBE,MENONBEBEN,237.22,244.0,244.0,6.78,2.86,154,37576,254.25,101.5
MANINDS,MANINDSEQN,559.1,575.0,575.0,15.9,2.84,26189,15058675,623.7,302.05
AEPL,AEPLEQN,15.87,16.32,16.32,0.45,2.84,21,342,20.25,13.25
SMARTWORKS,SMARTWORKSEQN,478.1,491.5,491.5,13.4,2.8,3860,1897190,619.0,361.5
SHANTI,SHANTIEQN,6.09,6.26,6.26,0.17,2.79,2,12,12.26,4.7
KAPSTON,KAPSTONEQN,563.4,579.0,579.0,15.6,2.77,373,215967,600.0,158.13
MANAPPURAM,MANAPPURAMEQN,360.0,369.95,369.95,9.95,2.76,631884,233765485,381.55,245.15
STLNETWORK,STLNETWORKEQN,26.15,26.87,26.87,0.72,2.75,35501,953911,35.4,15.75
HARRMALAYA,HARRMALAYAEQN,221.29,227.35,227.35,6.06,2.74,1,227,237.9,153.66
NATIONALUM,NATIONALUMEQN,388.0,398.5,398.5,10.5,2.71,174803,69658995,445.15,183.86
FINCABLES,FINCABLESEQN,1207.85,1240.0,1240.0,32.15,2.66,56103,69567720,1224.5,700.8
FEL,FELBZN,0.38,0.39,0.39,0.01,2.63,1678,654,0.65,0.34
TAC,TACSTN,490.15,503.0,503.0,12.85,2.62,200,100600,899.65,347.4
TTL,TTLEQN,5.74,5.89,5.89,0.15,2.61,1050,6184,12.2,5.5
ARIES,ARIESEQN,355.8,365.0,365.0,9.2,2.59,1195,436175,459.9,285.35
TIL,TILBEN,227.95,233.8,233.8,5.85,2.57,1250,292250,371.95,161.25
XTRANET,XTRANETBEN,150.17,154.0,154.0,3.83,2.55,137415,21161910,150.17,122.5
KILITCH,KILITCHBEN,191.46,196.25,196.25,4.79,2.5,2500,490625,227.23,117.25
BROOKS,BROOKSBEN,59.51,61.0,61.0,1.49,2.5,457,27877,164.02,36.3
ASHIKAG,ASHIKAGBEN,418.35,428.8,428.8,10.45,2.5,35,15008,520.95,339.95
VLSFINANCE,VLSFINANCEEQN,261.2,267.7,267.7,6.5,2.49,763,204255,339.0,198.81
HLVLTD,HLVLTDEQN,7.22,7.4,7.4,0.18,2.49,1423,10530,12.6,5.6
OMAXAUTO,OMAXAUTOEQN,203.92,208.95,208.95,5.03,2.47,267,55789,263.4,84.5
RADHIKAJWE,RADHIKAJWEEQN,71.54,73.3,73.3,1.76,2.46,12633,925998,101.9,50.01
CCCL,CCCLEQN,15.56,15.94,15.94,0.38,2.44,1023,16306,28.87,12.76
SETUINFRA,SETUINFRABZN,0.41,0.42,0.42,0.01,2.44,1000,420,0.78,0.37
TPHQ,TPHQEQN,0.41,0.42,0.42,0.01,2.44,11339,4762,0.86,0.4
AKSHAR,AKSHAREQN,0.41,0.42,0.42,0.01,2.44,1403,589,0.76,0.36
POLYPLEX,POLYPLEXEQN,1229.6,1259.5,1259.5,29.9,2.43,38827,48902606,1235.3,740.0
SEIL,SEILEQN,207.95,213.0,213.0,5.05,2.43,393,83709,239.96,172.9
MCX,MCXEQN,2895.0,2965.0,2965.0,70.0,2.42,88061,261100865,3480.0,1460.8
DHUNINV,DHUNINVEQN,964.7,988.0,988.0,23.3,2.42,2,1976,1573.1,667.1
VENKEYS,VENKEYSEQN,1537.8,1575.0,1575.0,37.2,2.42,2156,3395700,1800.0,1165.0
PREMIER,PREMIERBEN,2.9,2.97,2.97,0.07,2.41,34,100,3.88,2.62
GALAXYSURF,GALAXYSURFEQN,2043.1,2092.0,2092.0,48.9,2.39,313,654796,2456.9,1510.0
SIGMA,SIGMAEQN,47.13,48.25,48.25,1.12,2.38,1342,64751,65.5,35.46
VHLTD,VHLTDBEN,129.91,132.99,132.99,3.08,2.37,1,132,155.36,102.0
RAJTV,RAJTVEQN,10.16,10.4,10.4,0.24,2.36,5,52,46.9,9.93
EMAMIPAP,EMAMIPAPBEN,112.35,115.0,115.0,2.65,2.36,510,58650,133.7,55.0
CAPTRUST,CAPTRUSTBEN,20.03,20.49,20.49,0.46,2.3,1000,20490,39.47,10.98
AMRUTANJAN,AMRUTANJANEQN,533.75,546.0,546.0,12.25,2.3,6940,3789240,790.95,486.0
SRD,SRDEQN,37.05,37.9,37.9,0.85,2.29,1,37,91.0,36.0
REPRO,REPROEQN,332.15,339.75,339.75,7.6,2.29,10,3397,590.0,307.05
GULFPETRO,GULFPETROBEN,62.33,63.74,63.74,1.41,2.26,2016,128499,62.47,23.25
MITTAL,MITTALEQN,0.89,0.91,0.91,0.02,2.25,12266,11162,1.82,0.7
RUCHINFRA,RUCHINFRAEQN,5.83,5.96,5.96,0.13,2.23,3529,21032,8.25,4.05
SANDESH,SANDESHEQN,1085.25,1109.4,1109.4,24.15,2.23,1,1109,1438.5,811.0
INCREDIBLE,INCREDIBLEEQN,32.36,33.08,33.08,0.72,2.22,1,33,52.87,28.1
BANSALWIRE,BANSALWIREEQN,319.9,326.9,326.9,7.0,2.19,906,296171,380.2,222.5
HAVISHA,HAVISHAEQN,1.38,1.41,1.41,0.03,2.17,931,1312,2.42,1.03
AHLADA,AHLADAEQN,39.83,40.69,40.69,0.86,2.16,1,40,72.0,31.22
RITCO,RITCOEQN,302.3,308.8,308.8,6.5,2.15,1010,311888,318.0,167.1
WORTHPERI,WORTHPERIEQN,155.17,158.5,158.5,3.33,2.15,1,158,169.8,109.0
JETFREIGHT,JETFREIGHTEQN,22.42,22.9,22.9,0.48,2.14,1000,22900,25.95,11.9
ARVSMART,ARVSMARTEQN,636.4,650.0,650.0,13.6,2.14,1262,820300,693.8,486.8
PRAXIS,PRAXISEQN,7.05,7.2,7.2,0.15,2.13,1,7,14.44,5.26
CINELINE,CINELINEEQN,88.03,89.9,89.9,1.87,2.12,10,899,97.5,73.35
SANATHAN,SANATHANEQN,501.4,512.0,512.0,10.6,2.11,207,105984,551.95,352.6
GTL,GTLEQN,7.59,7.75,7.75,0.16,2.11,3042,23575,11.26,4.91
MERCURYEV,MERCURYEVEQN,34.71,35.44,35.44,0.73,2.1,74,2622,38.49,30.16
KALPATARU,KALPATARUEQN,287.0,293.0,293.0,6.0,2.09,1128,330504,429.3,258.0
ADVENZYMES,ADVENZYMESEQN,298.3,304.5,304.5,6.2,2.08,4373,1331578,419.0,251.95
JUBLCPL,JUBLCPLEQN,1861.5,1900.0,1900.0,38.5,2.07,119,226100,3013.4,1460.0
PREMCO,PREMCOEQN,379.1,386.95,386.95,7.85,2.07,1,386,484.9,355.0
JITFINFRA,JITFINFRAEQN,348.7,355.9,355.9,7.2,2.06,102,36301,478.0,222.35
BIGBLOC,BIGBLOCEQN,46.55,47.5,47.5,0.95,2.04,8,380,80.0,38.0
GAYAHWS,GAYAHWSEQN,1.96,2.0,2.0,0.04,2.04,1200,2400,4.76,1.51
NECCLTD,NECCLTDBEN,14.67,14.97,14.97,0.3,2.04,2000,29940,24.01,10.55
KIRLOSIND,KIRLOSINDEQN,3722.6,3798.0,3798.0,75.4,2.03,45,170910,4574.8,2463.0
NAVKARURB,NAVKARURBBEN,0.99,1.01,1.01,0.02,2.02,1928,1947,2.93,0.7
OMINFRAL,OMINFRALEQN,86.26,87.99,87.99,1.73,2.01,2811,247339,144.0,71.5
SRHHYPOLTD,SRHHYPOLTDEQN,500.95,511.0,511.0,10.05,2.01,150,76650,640.0,382.4
IFBAGRO,IFBAGROBEN,990.1,1010.0,1010.0,19.9,2.01,10,10100,1790.0,679.15
MTEDUCARE,MTEDUCAREBEN,1.99,2.03,2.03,0.04,2.01,28,56,2.53,1.17
BTTL,BTTLBEN,44.2,45.09,45.09,0.89,2.01,138,6222,58.23,30.0
SBCL,SBCLEQN,1039.2,1060.0,1060.0,20.8,2.0,2325,2464500,1105.05,368.6
ORIENTCER,ORIENTCEREQN,42.9,43.76,43.76,0.86,2.0,18,787,56.64,34.0
PAKKA,PAKKAEQN,71.07,72.49,72.49,1.42,2.0,500,36245,184.0,69.1
EBGNG,EBGNGEQN,572.55,584.0,584.0,11.45,2.0,2611,1524824,689.5,239.0
ASPINWALL,ASPINWALLEQN,241.21,246.0,246.0,4.79,1.99,6,1476,299.8,200.25
IKIO,IKIOEQN,203.64,207.7,207.7,4.06,1.99,1343,278941,252.9,103.53
TVVISION,TVVISIONBEN,4.04,4.12,4.12,0.08,1.98,1160,4779,12.4,3.95
WALCHANNAG,WALCHANNAGEQN,232.8,237.4,237.4,4.6,1.98,4565,1083731,315.8,131.15
BETA,BETAEQN,2668.3,2721.0,2721.0,52.7,1.98,213,579573,2712.0,990.1
ACSTECH,ACSTECHEQN,50.45,51.45,51.45,1.0,1.98,1013,52118,53.56,31.71
SACHEEROME,SACHEEROMESMN,450.15,459.0,459.0,8.85,1.97,900,413100,480.0,173.2
RACLGEAR,RACLGEAREQN,1419.8,1447.6,1447.6,27.8,1.96,10,14476,1691.9,805.0
GATECHDVR,GATECHDVRBEN,0.51,0.52,0.52,0.01,1.96,12117,6300,0.67,0.36
ZTECH,ZTECHSMN,510.0,520.0,520.0,10.0,1.96,600,312000,701.0,460.0
KOHINOOR,KOHINOOREQN,23.04,23.49,23.49,0.45,1.95,3,70,36.26,19.2
YASHO,YASHOEQN,4306.4,4390.0,4390.0,83.6,1.94,86,377540,4490.0,1130.0
SSEGL,SSEGLSMN,309.05,315.0,315.0,5.95,1.93,200,63000,580.0,283.0
SADBHIN,SADBHINBEN,2.61,2.66,2.66,0.05,1.92,7924,21077,5.02,2.06
ZAGGLE,ZAGGLEEQN,203.64,207.5,207.5,3.86,1.9,3158,655285,417.6,186.05
OSIAHYPER,OSIAHYPERBEN,2.63,2.68,2.68,0.05,1.9,3750,10050,33.08,2.63
NAGREEKEXP,NAGREEKEXPEQN,22.72,23.15,23.15,0.43,1.89,311,7199,40.0,17.5
METROGLOBL,METROGLOBLEQN,134.46,137.0,137.0,2.54,1.89,1,137,159.79,110.0
MMWL,MMWLEQN,15.95,16.25,16.25,0.3,1.88,128,2080,16.57,9.02
WPIL,WPILEQN,430.25,438.35,438.35,8.1,1.88,110,48218,510.35,383.55
SAKHTISUG,SAKHTISUGEQN,17.08,17.4,17.4,0.32,1.87,500,8700,24.75,13.52
SAATVIKGL,SAATVIKGLEQN,426.7,434.7,434.7,8.0,1.87,1447,629010,567.0,328.0
DUCON,DUCONEQN,3.22,3.28,3.28,0.06,1.86,104,341,6.45,2.22
NBIFIN,NBIFINEQN,2160.1,2200.0,2200.0,39.9,1.85,122,268400,2991.0,1539.0
PANAMAPET,PANAMAPETEQN,545.5,555.6,555.6,10.1,1.85,7150,3972540,550.0,229.0
SASKEN,SASKENEQN,1982.6,2018.9,2018.9,36.3,1.83,79,159493,2780.2,991.0
URAVIDEF,URAVIDEFBEN,109.99,112.0,112.0,2.01,1.83,4,448,510.0,106.0
PARTH,PARTHSMN,507.6,516.9,516.9,9.3,1.83,400,206760,536.95,169.0
RAMAPHO,RAMAPHOEQN,122.52,124.75,124.75,2.23,1.82,500,62375,217.19,103.5
BSL,BSLEQN,122.76,125.0,125.0,2.24,1.82,5,625,208.0,98.0
INDPRUD,INDPRUDEQN,6455.0,6450.0,6450.0,115.0,1.82,11,70950,7052.5,5750.5
MOKSH,MOKSHEQN,10.69,10.88,10.88,0.19,1.78,19,206,16.65,8.11
DIAMONDYD,DIAMONDYDEQN,1207.5,1229.0,1229.0,21.5,1.78,511,628019,1245.0,858.9
SFL,SFLEQN,679.25,691.35,691.35,12.1,1.78,2830,1956520,832.45,456.8
NEPHROPLUS,NEPHROPLUSEQN,712.3,725.0,725.0,12.7,1.78,1327,962075,769.75,446.0
UNICHEMLAB,UNICHEMLABEQN,573.8,583.95,583.95,10.15,1.77,14231,8310192,687.2,278.2
PRITIKAUTO,PRITIKAUTOBEN,17.66,17.97,17.97,0.31,1.76,100,1797,20.99,10.41
KHADIM,KHADIMBEN,89.82,91.39,91.39,1.57,1.75,90,8225,295.8,77.47
RSL,RSLEQN,153.31,156.0,156.0,2.69,1.75,2738,427128,157.5,101.7
AARTISURF,AARTISURFEQN,572.0,582.0,582.0,10.0,1.75,527,306714,572.0,316.0
HERANBA,HERANBAEQN,173.97,177.0,177.0,3.03,1.74,25,4425,379.0,155.38
BLUECHIP,BLUECHIPEQN,1.72,1.75,1.75,0.03,1.74,73,127,4.7,1.65
BIKEWO,BIKEWOSTN,86.5,88.0,88.0,1.5,1.73,4000,352000,86.5,13.65
MURUDCERA,MURUDCERAEQN,31.79,32.34,32.34,0.55,1.73,113,3654,47.5,25.16
HMT,HMTBZN,59.92,60.95,60.95,1.03,1.72,1,60,72.95,41.0
SICALLOG,SICALLOGBEN,107.17,109.0,109.0,1.83,1.71,1765,192385,122.5,60.11
JMA,JMAEQN,87.41,88.9,88.9,1.49,1.7,40,3556,98.0,70.25
KRONOX,KRONOXEQN,167.14,169.96,169.96,2.82,1.69,168,28553,180.5,96.0
GNRL,GNRLEQN,110.09,111.94,111.94,1.85,1.68,5295,592722,120.9,83.2
QUICKHEAL,QUICKHEALBEN,151.36,153.9,153.9,2.54,1.68,50,7695,371.4,125.0
PROPSHOP,PROPSHOPSTN,60.0,61.0,61.0,1.0,1.67,2000,122000,60.55,52.45
ZENITHSTL,ZENITHSTLEQN,5.41,5.5,5.5,0.09,1.66,15,82,10.33,4.41
HEXAGON,HEXAGONBEN,63.84,64.9,64.9,1.06,1.66,194,12590,78.25,48.1
RMC,RMCEQN,283.2,287.9,287.9,4.7,1.66,388,111705,530.0,245.4
HISARMETAL,HISARMETALEQN,155.38,157.95,157.95,2.57,1.65,200,31590,204.75,124.99
AVG,AVGBEN,199.06,202.3,202.3,3.24,1.63,304,61499,256.73,113.26
AKI,AKIEQN,4.31,4.38,4.38,0.07,1.62,3082,13499,10.62,3.8
ROLLT,ROLLTBEN,3.1,3.15,3.15,0.05,1.61,750,2362,3.74,1.02
ASIANTILES,ASIANTILESEQN,52.85,53.7,53.7,0.85,1.61,6203,333101,79.06,42.5
RIR,RIREQN,176.13,178.97,178.97,2.84,1.61,2918,522234,185.99,154.3
TIIL,TIILEQN,2608.9,2650.0,2650.0,41.1,1.58,120,318000,2968.9,1868.5
SADBHAV,SADBHAVEQN,8.92,9.06,9.06,0.14,1.57,101,915,17.85,6.05
CUPID,CUPIDEQN,276.65,281.0,281.0,4.35,1.57,225859,63466379,277.0,31.82
ELANTAS,ELANTASEQN,11657.5,11840.0,11840.0,182.5,1.57,3,35520,13200.0,8900.0
SURYAROSNI,SURYAROSNIEQN,235.83,239.5,239.5,3.67,1.56,10188,2440026,326.0,187.35
LIKHITHA,LIKHITHAEQN,243.59,247.39,247.39,3.8,1.56,53,13111,272.0,131.45
SETL,SETLEQN,297.3,301.9,301.9,4.6,1.55,8741,2638907,305.3,104.56
BAJEL,BAJELEQN,189.07,191.99,191.99,2.92,1.54,133,25534,226.69,135.1
LEMERITE,LEMERITEEQN,23.35,23.71,23.71,0.36,1.54,57,1351,107.57,19.52
GOKUL,GOKULEQN,40.1,40.7,40.7,0.6,1.5,12,488,45.89,31.0
TIGERLOGS,TIGERLOGSBEN,25.99,26.38,26.38,0.39,1.5,555,14640,56.69,22.9
SICAGEN,SICAGENEQN,60.0,60.9,60.9,0.9,1.5,1041,63396,74.06,46.55
TAALTECH,TAALTECHEQN,4334.8,4400.0,4400.0,65.2,1.5,3,13200,4696.0,2616.1
SEJALLTD,SEJALLTDEQN,699.55,710.0,710.0,10.45,1.49,50,35500,1036.7,381.0
KOTYARK,KOTYARKBEN,42.37,43.0,43.0,0.63,1.49,8405,361415,45.5,17.38
JNKINDIA,JNKINDIAEQN,418.8,425.0,425.0,6.2,1.48,23654,10052950,558.0,200.92
JAYKAY,JAYKAYEQN,152.24,154.49,154.49,2.25,1.48,1071,165458,219.7,115.52
MANINFRA,MANINFRAEQN,111.36,113.0,113.0,1.64,1.47,3006,339678,169.6,77.12
ESSARSHPNG,ESSARSHPNGEQN,19.71,20.0,20.0,0.29,1.47,2000,40000,43.26,18.61
CINEVISTA,CINEVISTAEQN,15.1,15.32,15.32,0.22,1.46,400,6128,22.8,12.16
ALLCARGO,ALLCARGOEQN,10.25,10.4,10.4,0.15,1.46,268344,2790777,36.55,7.11
KAMDHENU,KAMDHENUBEN,34.98,35.49,35.49,0.51,1.46,945,33538,37.06,16.15
ASHIMASYN,ASHIMASYNEQN,17.91,18.17,18.17,0.26,1.45,187,3397,27.83,11.5
TIRUPATIFL,TIRUPATIFLBEN,68.21,69.2,69.2,0.99,1.45,1000,69200,83.9,30.11
INTENTECH,INTENTECHEQN,82.81,84.0,84.0,1.19,1.44,102,8568,149.9,66.3
INDOSTAR,INDOSTAREQN,248.55,252.1,252.1,3.55,1.43,12,3025,292.0,179.03
GALLANTT,GALLANTTEQN,593.5,601.9,601.9,8.4,1.42,104,62597,948.0,496.25
BATLIBOI,BATLIBOIEQN,84.6,85.8,85.8,1.2,1.42,147,12612,106.5,71.21
DEEDEV,DEEDEVEQN,623.2,632.0,632.0,8.8,1.41,372,235104,760.0,183.0
HCL-INSYS,HCL-INSYSEQN,11.44,11.6,11.6,0.16,1.4,516,5985,16.5,9.01
MICEL,MICELBEN,36.44,36.95,36.95,0.51,1.4,2406,88901,82.97,29.97
INFOBEAN,INFOBEANEQN,166.67,168.99,168.99,2.32,1.39,2190,370088,257.5,116.5
FCSSOFT,FCSSOFTEQN,1.44,1.46,1.46,0.02,1.39,2530,3693,2.59,1.05
SREEL,SREELEQN,230.7,233.9,233.9,3.2,1.39,32,7484,258.0,165.25
IGPL,IGPLEQN,466.4,472.9,472.9,6.5,1.39,1111,525391,532.45,315.0
BHARATSE,BHARATSEEQN,231.58,234.8,234.8,3.22,1.39,1464,343747,263.18,105.45
UNIPARTS,UNIPARTSEQN,806.2,808.2,808.2,11.0,1.38,1828,1477389,839.0,365.1
DIACABS,DIACABSBEN,362.0,367.0,367.0,5.0,1.38,8879,3258593,366.2,115.57
HILTON,HILTONBEN,20.39,20.67,20.67,0.28,1.37,1501,31025,51.58,13.43
TATVA,TATVAEQN,1785.5,1810.0,1810.0,24.5,1.37,240,434400,1838.1,976.4
SECURKLOUD,SECURKLOUDEQN,19.04,19.3,19.3,0.26,1.37,1,19,34.18,16.01
OCCLLTD,OCCLLTDBEN,155.88,158.0,158.0,2.12,1.36,117,18486,183.03,75.71
VARDHACRLC,VARDHACRLCBEN,44.11,44.7,44.7,0.59,1.34,1,44,48.77,27.01
HINDALCO,HINDALCOEQN,1049.1,1063.2,1063.2,14.1,1.34,22072,23466950,1176.0,657.5
VALIANTORG,VALIANTORGBEN,309.85,314.0,314.0,4.15,1.34,699,219486,397.0,195.0
SEYAIND,SEYAINDBEN,12.75,12.92,12.92,0.17,1.33,301,3888,23.99,8.54
ABREL,ABRELEQN,1400.8,1419.3,1419.3,18.5,1.32,201,285279,1965.3,1080.1
STYRENIX,STYRENIXEQN,2230.5,2260.0,2260.0,29.5,1.32,636,1437360,2804.0,1780.0
HGINFRA,HGINFRAEQN,547.8,553.0,553.0,7.2,1.32,1242,686826,1049.95,429.5
KAMOPAINTS,KAMOPAINTSEQN,4.55,4.61,4.61,0.06,1.32,164,756,10.76,3.6
CNL,CNLEQN,1115.6,1130.2,1130.2,14.6,1.31,804,908680,1145.0,525.0
ANDHRSUGAR,ANDHRSUGAREQN,99.2,100.49,100.49,1.29,1.3,5949,597815,107.23,66.5
SAIPARENT,SAIPARENTEQN,573.5,580.95,580.95,7.45,1.3,2760,1603422,706.0,400.0
AARTIDRUGS,AARTIDRUGSEQN,439.35,445.05,445.05,5.7,1.3,3946,1756167,534.55,318.95
KANPRPLA,KANPRPLAEQN,215.92,218.7,218.7,2.78,1.29,155,33898,247.0,151.25
TECHERA,TECHERASMN,175.75,178.0,178.0,2.25,1.28,800,142400,325.7,127.55
ALPEXSOLAR,ALPEXSOLARSMN,793.65,803.7,803.7,10.05,1.27,100,80370,1449.7,660.0
MMTC,MMTCEQN,64.98,65.8,65.8,0.82,1.26,29836,1963208,78.35,50.1
KSCL,KSCLEQN,799.0,808.95,808.95,9.95,1.25,555,448967,1225.0,705.1
GOLDTECH,GOLDTECHBEN,52.83,53.49,53.49,0.66,1.25,100,5349,76.9,29.68
IGIL,IGILEQN,347.2,351.5,351.5,4.3,1.24,756,265734,392.0,287.0
SUMMITSEC,SUMMITSECEQN,1463.9,1482.0,1482.0,18.1,1.24,4,5928,2495.0,1312.0
DOLPHIN,DOLPHINEQN,440.55,446.0,446.0,5.45,1.24,180,80280,501.95,322.0
ANONDITA,ANONDITASMN,1068.85,1082.0,1082.0,13.15,1.23,200,216400,1316.0,261.75
NOVAAGRI,NOVAAGRIBEN,24.3,24.6,24.6,0.3,1.23,70,1722,53.74,18.12
MODIS,MODISEQN,409.95,415.0,415.0,5.05,1.23,270,112050,429.05,276.0
LUMAXIND,LUMAXINDEQN,5996.5,6069.5,6069.5,73.0,1.22,211,1280664,6934.5,3274.0
GLOBECIVIL,GLOBECIVILEQN,44.35,44.89,44.89,0.54,1.22,50,2244,85.3,33.5
PARASPETRO,PARASPETROEQN,2.49,2.52,2.52,0.03,1.2,326,821,3.23,1.53
HINDOILEXP,HINDOILEXPEQN,164.85,166.82,166.82,1.97,1.2,2918,486780,188.65,117.5
TIPSMUSIC,TIPSMUSICEQN,669.1,677.0,677.0,7.9,1.18,3493,2364761,741.0,481.15
NATHBIOGEN,NATHBIOGENEQN,157.14,158.99,158.99,1.85,1.18,10,1589,204.0,126.15
RAMRAT,RAMRATEQN,449.5,454.8,454.8,5.3,1.18,1147,521655,520.0,268.0
HALDYNGL,HALDYNGLBEN,129.46,130.99,130.99,1.53,1.18,579,75843,139.19,85.0
SUVIDHAA,SUVIDHAAEQN,2.54,2.57,2.57,0.03,1.18,125,321,4.45,2.21
SHIVALIK,SHIVALIKBEN,256.85,259.85,259.85,3.0,1.17,1,259,584.0,206.4
GODREJIND,GODREJINDEQN,1289.8,1304.8,1304.8,15.0,1.16,385,502348,1443.0,744.2
VASCONEQ,VASCONEQEQN,32.03,32.4,32.4,0.37,1.16,8771,284180,74.59,26.75
VRAJ,VRAJEQN,125.32,126.76,126.76,1.44,1.15,20,2535,163.8,93.0
DELTACORP,DELTACORPEQN,63.27,64.0,64.0,0.73,1.15,31055,1987520,98.8,48.3
NILASPACES,NILASPACESEQN,12.24,12.38,12.38,0.14,1.14,3041,37647,20.47,11.35
MANORG,MANORGEQN,449.9,455.0,455.0,5.1,1.13,50,22750,637.85,356.25
INVENTURE,INVENTUREEQN,0.89,0.9,0.9,0.01,1.12,182,163,1.72,0.81
DTIL,DTILEQN,138.44,137.95,137.95,1.51,1.11,1,137,211.45,102.0
GODREJAGRO,GODREJAGROEQN,546.4,552.4,552.4,6.0,1.1,902,498264,822.25,506.1
ASMS,ASMSBEN,7.36,7.44,7.44,0.08,1.09,2600,19344,17.6,6.9
SOLARA,SOLARAEQN,508.7,514.2,514.2,5.5,1.08,579,297721,712.0,422.0
AVTNPL,AVTNPLEQN,70.24,71.0,71.0,0.76,1.08,6,426,83.8,53.5
DYCL,DYCLEQN,441.2,445.95,445.95,4.75,1.08,18632,8308940,520.0,236.8
DPEL,DPELSMN,528.2,533.9,533.9,5.7,1.08,1000,533900,599.0,123.0
IRMENERGY,IRMENERGYEQN,302.55,305.8,305.8,3.25,1.07,186,56878,393.0,165.4
COMPUSOFT,COMPUSOFTEQN,13.11,13.25,13.25,0.14,1.07,100,1325,21.89,12.0
MBEL,MBELEQN,267.1,269.95,269.95,2.85,1.07,1033,278858,535.9,223.05
RHIM,RHIMEQN,415.55,420.0,420.0,4.45,1.07,100579,42243180,515.55,323.05
LAXMIDENTL,LAXMIDENTLEQN,210.76,213.0,213.0,2.24,1.06,5125,1091625,406.8,155.88
BALPHARMA,BALPHARMAEQN,86.99,87.9,87.9,0.91,1.05,101,8877,98.85,60.0
SYMPHONY,SYMPHONYEQN,641.15,647.75,647.75,6.6,1.03,436,282419,991.5,640.0
ZEEL,ZEELEQN,91.56,92.5,92.5,0.94,1.03,30227,2795997,124.14,68.0
TURTLEMINT,TURTLEMINTEQN,125.88,127.16,127.16,1.28,1.02,2683,341170,154.3,110.41
TARSONS,TARSONSEQN,297.2,300.2,300.2,3.0,1.01,384,115276,379.95,164.45
COSMOFIRST,COSMOFIRSTEQN,930.3,939.65,939.65,9.35,1.01,143,134369,1129.5,560.8
CELEBRITY,CELEBRITYEQN,6.91,6.98,6.98,0.07,1.01,1,6,14.2,5.65
VIVIANA,VIVIANABEN,691.35,698.35,698.35,7.0,1.01,252,175984,1162.5,565.0
NATCAPSUQ,NATCAPSUQEQN,165.35,167.0,167.0,1.65,1.0,50,8350,296.0,136.36
DJML,DJMLEQN,108.51,109.59,109.59,1.08,1.0,100,10959,124.8,52.0
GOLDIAM,GOLDIAMEQN,384.05,387.9,387.9,3.85,1.0,3787,1468977,398.2,198.75
COMSYN,COMSYNEQN,267.55,270.2,270.2,2.65,0.99,1250,337750,282.77,133.0
SKYGOLD,SKYGOLDEQN,790.05,797.9,797.9,7.85,0.99,6814,5436890,815.95,259.0
ORISSAMINE,ORISSAMINEEQN,4504.8,4549.4,4549.4,44.6,0.99,90,409446,6138.9,3100.5
GOPAL,GOPALEQN,273.1,275.8,275.8,2.7,0.99,195,53781,398.0,247.55
CELLO,CELLOEQN,378.6,382.35,382.35,3.75,0.99,3441,1315666,673.8,336.6
AGSTRA,AGSTRABZN,2.03,2.05,2.05,0.02,0.99,1105,2265,6.19,1.99
GOCLCORP,GOCLCORPEQN,429.55,433.8,433.8,4.25,0.99,432,187401,459.9,223.35
UNITECH,UNITECHEQN,4.06,4.1,4.1,0.04,0.99,2061,8450,7.93,3.1
TARACHAND,TARACHANDEQN,49.56,50.05,50.05,0.49,0.99,280,14014,103.67,47.02
VIPIND,VIPINDEQN,316.9,320.0,320.0,3.1,0.98,1982,634240,454.3,278.25
DODLA,DODLAEQN,1043.8,1054.0,1054.0,10.2,0.98,48,50592,1500.0,964.1
STANLEY,STANLEYEQN,143.48,144.88,144.88,1.4,0.98,1331,192835,339.35,123.0
SARLAPOLY,SARLAPOLYEQN,100.89,101.87,101.87,0.98,0.97,51,5195,114.0,68.4
BLUESTONE,BLUESTONEEQN,837.85,846.0,846.0,8.15,0.97,5993,5070078,894.4,399.8
SOBHA,SOBHAEQN,1342.1,1355.0,1355.0,12.9,0.96,677,917335,1732.0,1130.0
TARAPUR,TARAPUREQN,14.56,14.7,14.7,0.14,0.96,2,29,39.99,12.21
HCC,HCCEQN,20.05,20.24,20.24,0.19,0.95,177944,3601586,28.5,13.65
NUVAMA,NUVAMAEQN,1706.7,1722.9,1722.9,16.2,0.95,1078,1857286,2066.0,1096.9
CIFL,CIFLEQN,22.12,22.33,22.33,0.21,0.95,52,1161,39.69,19.56
MANYAVAR,MANYAVAREQN,522.0,526.9,526.9,4.9,0.94,725,382002,796.55,329.2
LANCORHOL,LANCORHOLEQN,27.72,27.98,27.98,0.26,0.94,15,419,33.8,18.12
BEML,BEMLEQN,1902.3,1920.1,1920.1,17.8,0.94,3146,6040634,2275.75,1355.0
QUINT,QUINTEQN,38.44,38.8,38.8,0.36,0.94,26,1008,47.69,33.45
AARTIIND,AARTIINDEQN,505.3,510.0,510.0,4.7,0.93,6530,3330300,523.1,338.05
PRICOLLTD,PRICOLLTDEQN,737.15,744.0,744.0,6.85,0.93,1321,982824,782.5,415.1
VARDMNPOLY,VARDMNPOLYEQN,6.44,6.5,6.5,0.06,0.93,74,481,10.56,5.1
BVCL,BVCLEQN,41.41,41.79,41.79,0.38,0.92,1,41,69.99,31.2
GULFOILLUB,GULFOILLUBEQN,1189.8,1200.8,1200.8,11.0,0.92,152,182521,1329.0,865.0
BODALCHEM,BODALCHEMBEN,69.25,69.89,69.89,0.64,0.92,111,7757,81.9,42.81
BERGEPAINT,BERGEPAINTEQN,534.95,539.8,539.8,4.85,0.91,1308,706058,594.55,391.1
SAKAR,SAKAREQN,953.75,962.4,962.4,8.65,0.91,773,743935,980.0,311.0
SUPRAJIT,SUPRAJITEQN,531.25,536.05,536.05,4.8,0.9,318,170463,559.25,389.95
VIKASECO,VIKASECOEQN,1.11,1.12,1.12,0.01,0.9,65991,73909,2.25,0.99
SEAMECLTD,SEAMECLTDEQN,1547.2,1561.2,1561.2,14.0,0.9,100,156120,1709.2,771.75
ANUP,ANUPEQN,1907.9,1925.0,1925.0,17.1,0.9,30,57750,2576.0,1422.3
APARINDS,APARINDSEQN,16748.0,16899.0,16899.0,151.0,0.9,411,6945489,17157.0,6801.0
BIRLANU,BIRLANUEQN,1684.8,1700.0,1700.0,15.2,0.9,28,47600,2086.9,1190.1
ANTELOPUS,ANTELOPUSEQN,812.7,820.0,820.0,7.3,0.9,429,351780,933.65,357.0
AEROFLEX,AEROFLEXEQN,422.65,426.4,426.4,3.75,0.89,1523,649407,521.9,158.0
DEVX,DEVXEQN,35.76,36.08,36.08,0.32,0.89,260,9380,64.05,29.95
VIMTALABS,VIMTALABSEQN,643.25,648.9,648.9,5.65,0.88,175,113557,902.65,376.05
USHAMART,USHAMARTEQN,509.9,514.4,514.4,4.5,0.88,658,338475,527.5,333.6
PREMIERPOL,PREMIERPOLEQN,69.48,70.09,70.09,0.61,0.88,689,48292,85.45,38.0
SUDARSCHEM,SUDARSCHEMEQN,1110.0,1119.7,1119.7,9.7,0.87,52,58224,1603.0,726.4
SIL,SILEQN,20.91,21.09,21.09,0.18,0.86,2551,53800,21.7,11.7
GPIL,GPILEQN,232.18,234.18,234.18,2.0,0.86,6343,1485403,320.0,186.0
SAMMAANCAP,SAMMAANCAPEQN,163.4,164.8,164.8,1.4,0.86,14694,2421571,192.95,114.1
STYLEBAAZA,STYLEBAAZAEQN,353.45,356.5,356.5,3.05,0.86,9426,3360369,427.0,229.95
JUSTDIAL,JUSTDIALEQN,694.95,700.95,700.95,6.0,0.86,627,439495,878.6,480.5
STEELCAS,STEELCASEQN,328.4,331.2,331.2,2.8,0.85,662,219254,345.5,176.02
PARAGMILK,PARAGMILKEQN,219.27,221.13,221.13,1.86,0.85,2013,445134,376.95,177.84
KIRLOSBROS,KIRLOSBROSEQN,1955.9,1972.5,1972.5,16.6,0.85,444,875790,2189.2,1335.0
STEELXIND,STEELXINDEQN,10.71,10.8,10.8,0.09,0.84,20884,225547,13.95,7.0
NAHARSPING,NAHARSPINGEQN,308.15,310.75,310.75,2.6,0.84,25,7768,349.0,149.2
KPITTECH,KPITTECHEQN,627.0,627.0,627.0,5.25,0.84,4396,2756292,1328.0,543.0
THOMASCOOK,THOMASCOOKEQN,109.43,110.35,110.35,0.92,0.84,17158,1893385,181.55,86.35
WSTCSTPAPR,WSTCSTPAPREQN,597.1,602.05,602.05,4.95,0.83,891,536426,602.0,375.0
PARKHOTELS,PARKHOTELSEQN,118.63,119.6,119.6,0.97,0.82,2,239,164.1,95.1
AROGRANITE,AROGRANITEEQN,25.49,25.7,25.7,0.21,0.82,2,51,45.63,18.67
ADANIENT,ADANIENTEQN,2995.5,3020.0,3020.0,24.5,0.82,5928,17902560,3245.0,1753.0
ARVINDFASN,ARVINDFASNEQN,447.5,451.15,451.15,3.65,0.82,30,13534,579.0,366.2
GTPL,GTPLEQN,52.56,52.99,52.99,0.43,0.82,920,48750,120.38,51.0
AXITA,AXITAEQN,7.29,7.35,7.35,0.06,0.82,5102,37499,12.2,6.57
SUNDARAM,SUNDARAMEQN,1.23,1.24,1.24,0.01,0.81,320,396,2.38,1.11
SGL,SGLEQN,9.87,9.95,9.95,0.08,0.81,500,4975,20.79,8.4
SUNFLAG,SUNFLAGEQN,369.0,372.0,372.0,3.0,0.81,2687,999564,428.0,192.15
GNA,GNAEQN,537.35,541.7,541.7,4.35,0.81,1181,639747,601.65,291.8
XCHANGING,XCHANGINGEQN,68.44,68.99,68.99,0.55,0.8,629,43394,103.0,47.5
GOKULAGRO,GOKULAGROEQN,226.03,227.83,227.83,1.8,0.8,722,164493,249.92,147.9
PTL,PTLEQN,38.94,39.25,39.25,0.31,0.8,7,274,43.77,36.1
ASIANENE,ASIANENEEQN,401.8,405.0,405.0,3.2,0.8,803,325215,420.0,230.0
REDTAPE,REDTAPEEQN,127.59,128.61,128.61,1.02,0.8,2131,274067,163.5,107.53
PRSMJOHNSN,PRSMJOHNSNEQN,108.59,109.46,109.46,0.87,0.8,3937,430944,176.0,97.1
CARYSIL,CARYSILEQN,1196.3,1205.9,1205.9,9.6,0.8,743,895983,1280.9,732.1
SHARDAMOTR,SHARDAMOTREQN,876.9,883.9,883.9,7.0,0.8,261,230697,1189.9,700.0
KRISHNADEF,KRISHNADEFEQN,1161.2,1170.5,1170.5,9.3,0.8,284,332422,1400.0,665.0
DECNGOLD,DECNGOLDEQN,221.31,223.09,223.09,1.78,0.8,13862,3092473,235.0,114.8
ATULAUTO,ATULAUTOEQN,494.1,498.0,498.0,3.9,0.79,553,275394,596.55,380.05
AJOONI,AJOONIEQN,3.81,3.84,3.84,0.03,0.79,129,495,5.94,3.4
RRKABEL,RRKABELEQN,2812.8,2835.0,2835.0,22.2,0.79,1563,4431105,2845.0,1165.0
IEX,IEXEQN,126.0,127.0,127.0,1.0,0.79,27770,3526790,160.27,114.6
VIKASLIFE,VIKASLIFEEQN,1.26,1.27,1.27,0.01,0.79,2487,3158,2.37,1.05
ADVENTHTL,ADVENTHTLEQN,143.66,144.8,144.8,1.14,0.79,96,13900,345.05,120.02
BRIGHOTEL,BRIGHOTELEQN,59.8,60.27,60.27,0.47,0.79,1,60,91.77,54.36
GABRIEL,GABRIELEQN,1501.4,1510.0,1510.0,11.7,0.78,1125,1698750,1600.0,795.7
EXCELSOFT,EXCELSOFTEQN,75.81,76.4,76.4,0.59,0.78,412,31476,142.59,66.4
VIKRAMSOLR,VIKRAMSOLREQN,160.61,161.86,161.86,1.25,0.78,4281,692922,407.95,155.38
GVPIL,GVPILEQN,760.25,766.15,766.15,5.9,0.78,183,140205,1084.0,270.9
INDIAMART,INDIAMARTEQN,1784.3,1798.0,1798.0,13.7,0.77,41,73718,2685.0,1730.0
BOMDYEING,BOMDYEINGEQN,116.11,117.0,117.0,0.89,0.77,3319,388323,195.45,92.0
SEDEMAC,SEDEMACEQN,3096.2,3120.0,3120.0,23.8,0.77,841,2623920,3116.0,1413.1
REFEX,REFEXEQN,294.75,297.0,297.0,2.25,0.76,1312,389664,422.0,188.0
MONTECARLO,MONTECARLOEQN,504.15,508.0,508.0,3.85,0.76,501,254508,860.95,464.0
IFGLEXPOR,IFGLEXPOREQN,218.24,219.9,219.9,1.66,0.76,338,74326,338.0,119.68
NAM-INDIA,NAM-INDIAEQN,1171.3,1180.2,1180.2,8.9,0.76,438,516927,1233.5,780.25
KIRIINDUS,KIRIINDUSEQN,426.7,429.95,429.95,3.25,0.76,1845,793257,779.0,333.8
AFFLE,AFFLEEQN,1677.3,1690.0,1690.0,12.7,0.76,686,1159340,2185.9,1251.3
LLOYDSENGG,LLOYDSENGGEQN,93.04,93.75,93.75,0.71,0.76,38537,3612843,99.75,37.4
SGFIN,SGFINEQN,660.2,665.2,665.2,5.0,0.76,518,344573,727.45,323.0
CENTUM,CENTUMEQN,3821.2,3850.0,3850.0,28.8,0.75,27,103950,3968.8,2044.2
JINDRILL,JINDRILLEQN,592.25,596.7,596.7,4.45,0.75,667,397998,693.5,440.1
CEIGALL,CEIGALLEQN,325.75,328.2,328.2,2.45,0.75,593,194622,405.7,222.61
MMP,MMPEQN,338.15,340.65,340.65,2.5,0.74,124,42240,361.6,185.2
SPANDANA,SPANDANAEQN,249.25,251.1,251.1,1.85,0.74,316,79347,319.4,181.1
RGL,RGLEQN,115.2,116.05,116.05,0.85,0.74,2,232,147.9,85.0
LICI,LICIEQN,406.0,409.0,409.0,3.0,0.74,53820,22012380,468.48,360.75
DEEPINDS,DEEPINDSEQN,670.05,675.0,675.0,4.95,0.74,1498,1011150,680.0,330.0
IITL,IITLEQN,145.41,146.48,146.48,1.07,0.74,100,14648,216.0,108.0
ABINFRA,ABINFRAEQN,10.81,10.89,10.89,0.08,0.74,3483,37929,23.56,8.82
STERTOOLS,STERTOOLSBEN,222.3,223.95,223.95,1.65,0.74,12,2687,361.95,155.0
SCODATUBES,SCODATUBESEQN,140.06,141.09,141.09,1.03,0.74,1,141,193.0,110.0
MWL,MWLEQN,41.93,42.24,42.24,0.31,0.74,770,32524,43.94,18.11
MANOMAY,MANOMAYEQN,216.41,217.99,217.99,1.58,0.73,2,435,259.88,154.1
PLASTIBLEN,PLASTIBLENEQN,204.51,206.0,206.0,1.49,0.73,160,32960,216.29,121.01
PYRAMID,PYRAMIDEQN,170.75,172.0,172.0,1.25,0.73,30,5160,198.69,131.8
SUVEN,SUVENEQN,340.5,343.0,343.0,2.5,0.73,2426,832118,371.0,124.11
STARCEMENT,STARCEMENTEQN,197.98,199.43,199.43,1.45,0.73,210,41880,308.95,195.91
ZOTA,ZOTAEQN,1257.6,1266.8,1266.8,9.2,0.73,20,25336,1740.0,1026.2
KKCL,KKCLEQN,532.6,536.5,536.5,3.9,0.73,118,63307,595.0,408.35
PSPPROJECT,PSPPROJECTEQN,934.5,941.35,941.35,6.85,0.73,36,33888,1143.0,569.2
RUPA,RUPAEQN,158.76,159.92,159.92,1.16,0.73,696,111304,218.0,109.21
MASFIN,MASFINEQN,300.1,302.3,302.3,2.2,0.73,85,25695,358.85,277.35
FINOPB,FINOPBEQN,162.47,163.65,163.65,1.18,0.73,1178,192779,339.0,110.03
BOROLTD,BOROLTDEQN,244.65,246.44,246.44,1.79,0.73,84,20700,397.95,213.73
PITTIENG,PITTIENGEQN,960.35,967.4,967.4,7.05,0.73,44,42565,1035.25,675.0
ROTO,ROTOEQN,68.9,69.4,69.4,0.5,0.73,1581,109721,90.6,47.5
SUNDROP,SUNDROPEQN,674.85,679.8,679.8,4.95,0.73,12,8157,928.0,556.0
PROSTARM,PROSTARMEQN,147.56,148.64,148.64,1.08,0.73,261,38795,237.0,114.64
NIITMTS,NIITMTSEQN,245.48,247.28,247.28,1.8,0.73,71,17556,443.9,203.3
INA,INAEQN,104.04,104.8,104.8,0.76,0.73,1325,138860,161.81,79.75
SHINDL,SHINDLEQN,164.67,165.88,165.88,1.21,0.73,10,1658,179.99,130.6
KENNAMET,KENNAMETEQN,3301.9,3326.1,3326.1,24.2,0.73,9,29934,3400.3,2405.2
NOVARTIND,NOVARTINDEQN,1593.7,1605.4,1605.4,11.7,0.73,1,1605,1780.0,950.0
RAJRATAN,RAJRATANEQN,518.6,522.35,522.35,3.75,0.72,92,48056,563.95,305.55
3IINFOLTD,3IINFOLTDEQN,27.6,27.8,27.8,0.2,0.72,2867,79702,27.73,12.68
HATSUN,HATSUNEQN,942.5,949.3,949.3,6.8,0.72,58,55059,1179.0,855.3
GRAUWEIL,GRAUWEILEQN,67.67,68.16,68.16,0.49,0.72,98,6679,87.4,62.09
FRONTSP,FRONTSPEQN,1481.7,1492.4,1492.4,10.7,0.72,81,120884,1869.0,1309.1
CMPDI,CMPDIEQN,250.09,251.9,251.9,1.81,0.72,6684,1683699,283.69,150.16
TRAVELFOOD,TRAVELFOODEQN,1389.0,1399.0,1399.0,10.0,0.72,100,139900,1470.9,1035.3
VERANDA,VERANDAEQN,248.15,249.9,249.9,1.75,0.71,2282,570271,272.5,130.02
RPTECH,RPTECHEQN,887.8,894.1,894.1,6.3,0.71,2319,2073417,967.7,275.6
GOODLUCK,GOODLUCKEQN,1330.5,1340.0,1340.0,9.5,0.71,1990,2666600,1672.1,915.0
ANTHEM,ANTHEMEQN,891.65,898.0,898.0,6.35,0.71,4132,3710536,899.9,579.15
DISHTV,DISHTVEQN,2.81,2.83,2.83,0.02,0.71,663,1876,5.99,1.82
GANESHCP,GANESHCPEQN,161.7,162.85,162.85,1.15,0.71,300,48855,309.95,152.0
ESCORTS,ESCORTSEQN,3107.0,3128.9,3128.9,21.9,0.7,158,494366,4180.0,2700.0
LAHOTIOV,LAHOTIOVEQN,44.19,44.5,44.5,0.31,0.7,1,44,53.9,34.06
SIGACHI,SIGACHIBEN,25.81,25.99,25.99,0.18,0.7,4551,118280,46.73,16.65
PPL,PPLBEN,266.1,267.95,267.95,1.85,0.7,510,136654,360.95,163.21
ACC,ACCEQN,1339.8,1349.0,1349.0,9.2,0.69,1482,1999218,1987.0,1251.7
SUNDARMFIN,SUNDARMFINEQN,4447.4,4477.9,4477.9,30.5,0.69,24,107469,5642.0,4000.0
GRMOVER,GRMOVEREQN,94.19,94.84,94.84,0.65,0.69,520,49316,185.45,81.95
VMM,VMMEQN,110.25,111.0,111.0,0.75,0.68,21277,2361747,157.6,98.77
GLOBUSSPR,GLOBUSSPREQN,870.1,876.05,876.05,5.95,0.68,63,55191,1264.5,800.05
SYNGENE,SYNGENEEQN,407.25,410.0,410.0,2.75,0.68,870,356700,684.6,375.25
AMAGI,AMAGIEQN,659.5,664.0,664.0,4.5,0.68,318,211152,699.0,310.2
MARSONS,MARSONSEQN,102.19,102.89,102.89,0.7,0.68,14110,1451777,175.4,101.15
IZMO,IZMOEQN,943.5,949.9,949.9,6.4,0.68,36,34196,1374.7,368.0
TVSSCS,TVSSCSEQN,126.11,126.95,126.95,0.84,0.67,461,58523,146.5,90.32
TECHM,TECHMEQN,1643.0,1654.0,1654.0,11.0,0.67,11226,18567804,1854.0,1304.1
GUFICBIO,GUFICBIOEQN,431.1,434.0,434.0,2.9,0.67,1235,535990,448.0,268.0
ALLTIME,ALLTIMEEQN,217.36,218.82,218.82,1.46,0.67,25,5470,334.9,186.0
RKEC,RKECEQN,25.73,25.9,25.9,0.17,0.66,3,77,81.5,23.9
EIHAHOTELS,EIHAHOTELSEQN,295.0,296.95,296.95,1.95,0.66,76,22568,434.9,266.65
METROPOLIS,METROPOLISEQN,566.25,570.0,570.0,3.75,0.66,1958,1116060,609.05,412.25
RAINBOW,RAINBOWEQN,1504.1,1514.0,1514.0,9.9,0.66,349,528386,1610.0,1084.0
HERITGFOOD,HERITGFOODEQN,362.6,365.0,365.0,2.4,0.66,424,154760,540.0,292.55
SHRINGARMS,SHRINGARMSEQN,233.35,234.9,234.9,1.55,0.66,1085,254866,266.5,166.0
NESTLEIND,NESTLEINDEQN,1493.2,1503.0,1503.0,9.8,0.66,6260,9408780,1553.0,1084.7
BANCOINDIA,BANCOINDIAEQN,633.85,638.0,638.0,4.15,0.65,222,141636,879.8,502.0
BALUFORGE,BALUFORGEEQN,459.0,462.0,462.0,3.0,0.65,195,90090,697.0,341.05
BLSE,BLSEEQN,317.65,319.7,319.7,2.05,0.65,121,38683,324.9,124.3
ADVAIT,ADVAITEQN,2180.9,2195.0,2195.0,14.1,0.65,185,406075,2485.0,1351.0
JUNIPER,JUNIPEREQN,194.23,195.5,195.5,1.27,0.65,283,55326,312.5,188.5
HDIL,HDILBZN,1.56,1.57,1.57,0.01,0.64,1032,1620,3.36,1.54
SURAKSHA,SURAKSHAEQN,258.25,259.9,259.9,1.65,0.64,329,85507,333.0,224.1
GODIGIT,GODIGITEQN,265.2,266.9,266.9,1.7,0.64,49,13078,381.4,244.2
AJMERA,AJMERAEQN,121.87,122.65,122.65,0.78,0.64,392,48078,221.4,98.03
UNIVCABLES,UNIVCABLESEQN,1669.4,1680.1,1680.1,10.7,0.64,267,448586,1774.9,576.0
CRAFTSMAN,CRAFTSMANEQN,10294.0,10360.0,10360.0,66.0,0.64,33,341880,10762.0,6324.0
BFINVEST,BFINVESTEQN,468.3,471.3,471.3,3.0,0.64,14,6598,584.7,315.0
AMBUJACEM,AMBUJACEMEQN,424.0,426.7,426.7,2.7,0.64,3811,1626153,605.45,394.0
SIGNPOST,SIGNPOSTEQN,270.75,272.45,272.45,1.7,0.63,35,9535,336.8,191.41
AARNAV,AARNAVEQN,31.8,32.0,32.0,0.2,0.63,110,3520,37.4,21.0
TNPL,TNPLEQN,154.02,154.99,154.99,0.97,0.63,121,18753,179.9,121.51
LENSKART,LENSKARTEQN,589.2,592.9,592.9,3.7,0.63,7384,4377973,592.2,356.1
WHIRLPOOL,WHIRLPOOLEQN,795.05,800.0,800.0,4.95,0.62,289,231200,1437.0,753.15
ICEMAKE,ICEMAKEEQN,811.45,816.5,816.5,5.05,0.62,67,54705,920.0,660.3
DVL,DVLEQN,287.81,289.6,289.6,1.79,0.62,19,5502,386.0,186.99
MCL,MCLEQN,58.34,58.7,58.7,0.36,0.62,342,20075,93.2,42.0
MUTHOOTCAP,MUTHOOTCAPEQN,259.4,261.0,261.0,1.6,0.62,1,261,303.0,175.25
CRISIL,CRISILEQN,4480.8,4508.6,4508.6,27.8,0.62,263,1185761,5451.0,3686.0
RISHABH,RISHABHEQN,678.85,683.0,683.0,4.15,0.61,305,208315,692.8,281.85
CLEAN,CLEANEQN,810.0,814.95,814.95,4.95,0.61,274,223296,1256.8,652.0
BAJAJHCARE,BAJAJHCAREEQN,328.6,330.6,330.6,2.0,0.61,126,41655,515.9,272.35
PDSL,PDSLEQN,376.5,378.8,378.8,2.3,0.61,277,104927,418.5,246.05
ENDURANCE,ENDURANCEEQN,2987.8,3006.0,3006.0,18.2,0.61,98,294588,3079.9,2142.8
IGL,IGLEQN,153.07,154.0,154.0,0.93,0.61,2121,326634,223.5,141.74
PIGL,PIGLEQN,110.33,111.0,111.0,0.67,0.61,1070,118770,189.7,88.05
VESUVIUS,VESUVIUSEQN,457.15,459.95,459.95,2.8,0.61,434,199618,607.9,430.3
LCL,LCLEQN,499.95,503.0,503.0,3.05,0.61,545,274135,555.6,461.0
BNAGROCHEM,BNAGROCHEMEQN,255.25,256.8,256.8,1.55,0.61,1,256,394.8,224.0
MASTERTR,MASTERTREQN,78.13,78.6,78.6,0.47,0.6,547,42994,168.0,55.6
HSCL,HSCLEQN,755.5,760.0,760.0,4.5,0.6,13188,10022880,819.5,418.5
YATRA,YATRAEQN,114.31,115.0,115.0,0.69,0.6,10516,1209340,202.0,89.9
DIVISLAB,DIVISLABEQN,8578.5,8630.0,8630.0,51.5,0.6,2276,19641880,8585.0,5636.5
SWARAJ,SWARAJSMN,365.45,367.65,367.65,2.2,0.6,500,183825,373.0,158.5
TIPSFILMS,TIPSFILMSEQN,375.75,378.0,378.0,2.25,0.6,40,15120,574.1,276.75
INDORAMA,INDORAMAEQN,58.05,58.4,58.4,0.35,0.6,72,4204,75.0,29.0
WELSPLSOL,WELSPLSOLEQN,48.08,48.37,48.37,0.29,0.6,31,1499,63.25,36.0
NITTAGELA,NITTAGELAEQN,1611.9,1621.5,1621.5,9.6,0.6,17,27565,2087.2,837.05
CONCOR,CONCOREQN,512.0,515.0,515.0,3.0,0.59,3241,1669115,569.8,421.45
ALGOQUANT,ALGOQUANTEQN,67.44,67.84,67.84,0.4,0.59,7,474,71.01,47.8
RKFORGE,RKFORGEEQN,751.35,755.8,755.8,4.45,0.59,2992,2261353,763.5,460.15
POCL,POCLEQN,492.9,495.8,495.8,2.9,0.59,825,409035,647.6,392.2
INDOCO,INDOCOEQN,216.53,217.81,217.81,1.28,0.59,2,435,332.2,162.19
KPRMILL,KPRMILLEQN,1096.5,1103.0,1103.0,6.5,0.59,1479,1631337,1334.0,796.1
DLINKINDIA,DLINKINDIAEQN,432.45,435.0,435.0,2.55,0.59,150,65250,549.2,367.65
ONWARDTEC,ONWARDTECEQN,286.05,287.75,287.75,1.7,0.59,5,1438,357.0,208.25
SOLEX,SOLEXEQN,909.5,914.9,914.9,5.4,0.59,37,33851,1985.0,795.45
EXICOM,EXICOMEQN,143.95,144.79,144.79,0.84,0.58,8893,1287617,182.9,75.6
DCI,DCIEQN,353.0,355.05,355.05,2.05,0.58,5,1775,475.0,208.98
LMW,LMWEQN,17323.0,17423.0,17423.0,100.0,0.58,2,34846,17800.0,11920.0
ECLERX,ECLERXEQN,1795.6,1806.0,1806.0,10.4,0.58,146,263676,2497.5,1320.0
IPCALAB,IPCALABEQN,1748.4,1758.5,1758.5,10.1,0.58,921,1619578,1944.9,1251.6
FDC,FDCEQN,360.9,363.0,363.0,2.1,0.58,470,170610,527.8,312.95
CAPITALSFB,CAPITALSFBEQN,295.2,296.9,296.9,1.7,0.58,55,16329,323.7,206.55
KRN,KRNEQN,1287.7,1295.0,1295.0,7.3,0.57,4038,5229210,1405.0,589.8
GENUSPAPER,GENUSPAPEREQN,12.2,12.27,12.27,0.07,0.57,8,98,20.7,8.67
TEGA,TEGAEQN,1647.1,1656.5,1656.5,9.4,0.57,89,147428,2125.0,1473.0
BALMLAWRIE,BALMLAWRIEEQN,172.89,173.85,173.85,0.96,0.56,115,19992,238.2,148.36
DCBBANK,DCBBANKEQN,185.02,186.05,186.05,1.03,0.56,845,157212,205.9,119.51
KAMATHOTEL,KAMATHOTELEQN,176.01,177.0,177.0,0.99,0.56,102,18054,329.8,140.2
HINDZINC,HINDZINCEQN,586.65,589.95,589.95,3.3,0.56,9483,5594495,733.0,414.55
PASHUPATI,PASHUPATIEQN,84.15,84.62,84.62,0.47,0.56,237,20054,118.35,66.4
SWANCORP,SWANCORPEQN,311.25,313.0,313.0,1.75,0.56,1094,342422,506.0,295.65
POONAWALLA,POONAWALLAEQN,487.2,489.95,489.95,2.75,0.56,3710,1817714,570.4,361.2
ANANDRATHI,ANANDRATHIEQN,2158.0,2170.0,2170.0,12.0,0.56,1293,2805810,2176.2,1295.15
PINELABS,PINELABSEQN,167.58,168.52,168.52,0.94,0.56,61447,10355048,284.0,134.73
INDOWIND,INDOWINDEQN,9.06,9.11,9.11,0.05,0.55,617,5620,18.94,7.0
SHANKARA,SHANKARAEQN,142.22,143.0,143.0,0.78,0.55,1,143,1160.0,98.25
BAJAJHIND,BAJAJHINDEQN,18.06,18.16,18.16,0.1,0.55,25773,468037,23.65,14.85
CHOLAHLDNG,CHOLAHLDNGEQN,1610.6,1619.4,1619.4,8.8,0.55,34,55059,2064.0,1305.0
AGIIL,AGIILEQN,300.15,301.8,301.8,1.65,0.55,354,106837,434.4,212.0
TANLA,TANLAEQN,616.65,620.05,620.05,3.4,0.55,1241,769482,766.0,365.9
DBREALTY,DBREALTYEQN,114.17,114.8,114.8,0.63,0.55,108,12398,187.4,83.5
FLUOROCHEM,FLUOROCHEMEQN,4416.2,4440.0,4440.0,23.8,0.54,100,444000,4653.2,2916.6
HFCL,HFCLEQN,214.24,215.4,215.4,1.16,0.54,68550,14765670,229.5,59.82
SOMANYCERA,SOMANYCERAEQN,510.25,513.0,513.0,2.75,0.54,20,10260,552.45,332.0
NAVINFLUOR,NAVINFLUOREQN,8156.0,8200.0,8200.0,44.0,0.54,425,3485000,8775.5,4498.5
SOLARWORLD,SOLARWORLDEQN,164.61,165.5,165.5,0.89,0.54,302,49981,388.5,139.19
JKTYRE,JKTYREEQN,390.85,392.95,392.95,2.1,0.54,2078,816550,611.9,311.0
LAXMIINDIA,LAXMIINDIABEN,139.25,140.0,140.0,0.75,0.54,145,20300,180.9,71.06
SWIGGY,SWIGGYEQN,280.5,282.0,282.0,1.5,0.53,17242,4862244,474.0,235.75
CAPINVIT,CAPINVITIVN,75.31,75.71,75.71,0.4,0.53,2117,160278,81.25,67.0
NCLIND,NCLINDEQN,173.97,174.9,174.9,0.93,0.53,20,3498,225.0,147.5
CIEINDIA,CIEINDIAEQN,413.0,415.2,415.2,2.2,0.53,355,147396,526.0,381.1
CARBORUNIV,CARBORUNIVEQN,1173.8,1180.0,1180.0,6.2,0.53,1439,1698020,1306.9,735.2
CLEANMAX,CLEANMAXEQN,1272.2,1278.9,1278.9,6.7,0.53,151,193113,1536.0,727.1
CARTRADE,CARTRADEEQN,2763.6,2778.0,2778.0,14.4,0.52,580,1611240,3290.5,1600.0
PGINVIT,PGINVITIVN,99.97,100.49,100.49,0.52,0.52,11461,1151715,102.0,86.3
ZUARI,ZUARIEQN,225.42,226.6,226.6,1.18,0.52,52,11783,393.55,175.1
RPEL,RPELEQN,1301.9,1308.6,1308.6,6.7,0.51,21,27480,1371.8,561.3
ARTEMISMED,ARTEMISMEDEQN,313.3,314.9,314.9,1.6,0.51,1718,540998,325.9,203.35
APTUS,APTUSEQN,256.7,258.0,258.0,1.3,0.51,2547,657126,364.0,193.03
ORCHPHARMA,ORCHPHARMAEQN,1078.55,1084.0,1084.0,5.45,0.51,99,107316,1133.0,480.0
3MINDIA,3MINDIAEQN,36115.0,36300.0,36300.0,185.0,0.51,3,108900,38030.0,28730.0
ENRIN,ENRINEQN,3563.8,3582.0,3582.0,18.2,0.51,668,2392776,3968.0,2115.0
AFCONS,AFCONSEQN,263.65,265.0,265.0,1.35,0.51,4729,1253185,479.4,259.1
ENERGYDEV,ENERGYDEVEQN,16.0,16.08,16.08,0.08,0.5,31,498,29.69,13.15
MOTISONS,MOTISONSEQN,14.02,14.09,14.09,0.07,0.5,30168,425067,20.81,10.62
SHRIRAMFIN,SHRIRAMFINEQN,1129.9,1135.5,1135.5,5.6,0.5,14500,16464750,1153.7,566.5
SHOPERSTOP,SHOPERSTOPEQN,427.7,429.85,429.85,2.15,0.5,215,92417,572.0,275.95
MUKKA,MUKKAEQN,23.78,23.9,23.9,0.12,0.5,1102,26337,31.23,18.27
EMCURE,EMCUREEQN,1998.7,2008.6,2008.6,9.9,0.5,102,204877,2048.0,1260.0
UNIECOM,UNIECOMEQN,84.2,84.62,84.62,0.42,0.5,105,8885,155.8,78.51
MOTHERSON,MOTHERSONEQN,169.26,170.1,170.1,0.84,0.5,44976,7650417,172.0,89.7
RVNL,RVNLEQN,230.0,231.16,231.16,1.16,0.5,28937,6689076,400.7,220.16
ASTRAMICRO,ASTRAMICROEQN,1703.7,1712.2,1712.2,8.5,0.5,2263,3874708,1960.0,851.0
NACLIND,NACLINDEQN,176.6,177.48,177.48,0.88,0.5,101,17925,280.55,112.62
FUSION,FUSIONEQN,212.11,213.17,213.17,1.06,0.5,2085,444459,243.0,136.5
E2E,E2EBEN,627.4,630.55,630.55,3.15,0.5,9547,6019860,631.6,183.36
AETHER,AETHEREQN,1634.2,1642.3,1642.3,8.1,0.5,972,1596315,1645.0,726.45
BAJAJHFL,BAJAJHFLEQN,85.18,85.6,85.6,0.42,0.49,22685,1941836,117.98,72.65
VBL,VBLEQN,437.0,439.15,439.15,2.15,0.49,8417,3696325,555.8,381.0
MGEL,MGELBEN,14.34,14.41,14.41,0.07,0.49,19,273,18.4,9.53
ASTRAL,ASTRALEQN,1424.9,1431.9,1431.9,7.0,0.49,1104,1580817,1768.7,1263.7
POLYMED,POLYMEDEQN,1863.9,1873.0,1873.0,9.1,0.49,795,1489035,2144.9,1182.0
MAHLOG,MAHLOGEQN,409.35,411.35,411.35,2.0,0.49,56,23035,450.0,275.05
MAPMYINDIA,MAPMYINDIAEQN,1013.3,1018.3,1018.3,5.0,0.49,746,759651,1998.0,795.0
NMDC,NMDCEQN,85.45,85.87,85.87,0.42,0.49,41443,3558710,97.49,68.19
ONEPOINT,ONEPOINTEQN,58.87,59.16,59.16,0.29,0.49,580,34312,65.85,40.58
CCAVENUE,CCAVENUEEQN,16.42,16.5,16.5,0.08,0.49,131332,2166978,20.5,12.92
VISHNU,VISHNUEQN,587.15,590.0,590.0,2.85,0.49,123,72570,670.0,443.7
JBMA,JBMAEQN,643.9,647.0,647.0,3.1,0.48,471,304737,790.0,477.0
NIBL,NIBLEQN,33.34,33.5,33.5,0.16,0.48,12,402,40.8,24.06
OLAELEC,OLAELECEQN,39.66,39.85,39.85,0.19,0.48,79403,3164209,71.25,22.25
INTERARCH,INTERARCHEQN,1689.9,1698.0,1698.0,8.1,0.48,296,502608,2762.6,1600.0
LAOPALA,LAOPALAEQN,190.79,191.7,191.7,0.91,0.48,137,26262,266.4,162.1
VIYASH,VIYASHEQN,261.45,262.7,262.7,1.25,0.48,14546,3821234,298.0,167.95
NECLIFE,NECLIFEBEN,10.5,10.55,10.55,0.05,0.48,2,21,22.4,9.3
UPL,UPLEQN,568.0,570.75,570.75,2.75,0.48,1234,704305,812.2,563.15
NIBE,NIBEEQN,1434.2,1441.0,1441.0,6.8,0.47,109,157069,1848.0,809.6
SHK,SHKEQN,172.69,173.5,173.5,0.81,0.47,376,65236,275.5,111.98
PLATIND,PLATINDEQN,215.49,216.5,216.5,1.01,0.47,250,54125,342.4,183.5
JAGRAN,JAGRANEQN,63.6,63.9,63.9,0.3,0.47,311,19872,78.9,59.5
RAMCOCEM,RAMCOCEMEQN,934.05,938.4,938.4,4.35,0.47,123,115423,1214.5,838.3
BTML,BTMLEQN,8.55,8.59,8.59,0.04,0.47,3148,27041,10.5,5.06
DOLLAR,DOLLAREQN,288.65,290.0,290.0,1.35,0.47,859,249110,396.0,220.5
BALAXI,BALAXIEQN,23.65,23.76,23.76,0.11,0.47,3,71,52.0,15.2
IKS,IKSEQN,1745.0,1753.0,1753.0,8.0,0.46,65,113945,1933.0,1262.0
CSBBANK,CSBBANKEQN,324.55,326.05,326.05,1.5,0.46,314,102379,574.4,315.25
FIEMIND,FIEMINDEQN,2592.2,2604.1,2604.1,11.9,0.46,118,307283,2615.2,1794.0
KALYANKJIL,KALYANKJILEQN,602.2,605.0,605.0,2.8,0.46,12989,7858345,648.95,327.05
INDOFARM,INDOFARMEQN,150.31,151.0,151.0,0.69,0.46,51,7701,271.69,110.7
KIRLPNU,KIRLPNUEQN,1492.0,1498.8,1498.8,6.8,0.46,136,203836,2197.1,990.1
MIRZAINT,MIRZAINTEQN,32.74,32.89,32.89,0.15,0.46,250,8222,44.0,24.95
BLUEDART,BLUEDARTEQN,5092.5,5116.0,5116.0,23.5,0.46,13,66508,7036.0,4628.5
BORORENEW,BORORENEWEQN,562.5,565.1,565.1,2.6,0.46,1786,1009268,721.0,374.4
SHREEJISPG,SHREEJISPGEQN,629.75,632.65,632.65,2.9,0.46,190,120203,681.55,222.0
OMNI,OMNIEQN,598.25,601.0,601.0,2.75,0.46,3185,1914185,764.85,176.25
GICL,GICLEQN,21.7,21.8,21.8,0.1,0.46,642,13995,52.4,15.61
EPIGRAL,EPIGRALEQN,1106.9,1112.0,1112.0,5.1,0.46,250,278000,1911.6,807.0
INDIGRID,INDIGRIDIVN,178.18,179.0,179.0,0.82,0.46,3938,704902,180.9,156.25
MAHSEAMLES,MAHSEAMLESEQN,595.0,597.75,597.75,2.75,0.46,546,326371,698.0,500.7
SAGARDEEP,SAGARDEEPEQN,24.69,24.8,24.8,0.11,0.45,1000,24800,31.48,20.81
ANANTRAJ,ANANTRAJEQN,606.25,609.0,609.0,2.75,0.45,4990,3038910,743.65,403.0
BBL,BBLEQN,2324.4,2334.9,2334.9,10.5,0.45,34,79386,3411.0,2051.7
FIRSTCRY,FIRSTCRYEQN,214.08,215.05,215.05,0.97,0.45,560,120428,438.7,202.56
ZENSARTECH,ZENSARTECHEQN,500.6,502.85,502.85,2.25,0.45,1277,642139,868.95,423.0
PNCINFRA,PNCINFRAEQN,222.4,223.4,223.4,1.0,0.45,2109,471150,325.0,158.17
VEDL,VEDLEQN,275.0,276.25,276.25,1.25,0.45,40811,11274038,795.0,249.7
TATACOMM,TATACOMMEQN,1746.1,1754.0,1754.0,7.9,0.45,843,1478622,2110.0,1322.5
IOC,IOCEQN,140.0,140.63,140.63,0.63,0.45,16462,2315051,188.96,130.22
CONCORDBIO,CONCORDBIOEQN,1428.9,1435.4,1435.4,6.5,0.45,510,732054,1801.9,987.0
NELCO,NELCOEQN,995.1,999.6,999.6,4.5,0.45,137,136945,1026.0,500.1
ABDL,ABDLEQN,619.8,622.6,622.6,2.8,0.45,171,106464,711.7,382.1
DLF,DLFEQN,650.1,653.0,653.0,2.9,0.45,2187,1428111,794.8,489.4
SHREEPUSHK,SHREEPUSHKEQN,413.6,415.4,415.4,1.8,0.44,52,21600,476.0,272.45
RAYMONDLSL,RAYMONDLSLEQN,725.8,729.0,729.0,3.2,0.44,95,69255,1350.0,677.0
INDRAMEDCO,INDRAMEDCOEQN,384.35,386.05,386.05,1.7,0.44,390,150559,640.85,342.0
JPOLYINVST,JPOLYINVSTEQN,1040.4,1045.0,1045.0,4.6,0.44,1,1045,1487.7,716.05
IRCTC,IRCTCEQN,515.05,517.3,517.3,2.25,0.44,5812,3006547,739.0,485.3
CYIENTDLM,CYIENTDLMEQN,709.0,712.1,712.1,3.1,0.44,1079,768355,734.95,265.2
SHANTIGEAR,SHANTIGEAREQN,399.4,401.15,401.15,1.75,0.44,4,1604,598.9,388.45
A2ZINFRA,A2ZINFRAEQN,15.82,15.89,15.89,0.07,0.44,1000,15890,22.64,12.0
WAKEFIT,WAKEFITEQN,124.48,125.03,125.03,0.55,0.44,2251,281442,224.0,111.4
IIFL,IIFLEQN,619.25,622.0,622.0,2.75,0.44,899,559178,675.0,409.1
BLACKBUCK,BLACKBUCKEQN,571.5,573.95,573.95,2.45,0.43,124,71169,748.0,496.0
TRF,TRFEQN,235.52,236.54,236.54,1.02,0.43,1,236,405.0,215.5
SUNCLAY,SUNCLAYEQN,1221.4,1226.7,1226.7,5.3,0.43,19,23307,1942.0,1112.8
EMBDL,EMBDLEQN,64.72,65.0,65.0,0.28,0.43,8176,531440,105.7,39.46
ORIENTELEC,ORIENTELECEQN,190.68,191.5,191.5,0.82,0.43,1132,216778,219.0,149.05
SRM,SRMEQN,512.8,515.0,515.0,2.2,0.43,123,63345,649.95,361.35
COFFEEDAY,COFFEEDAYBEN,30.46,30.59,30.59,0.13,0.43,1365,41755,51.46,21.0
JNPR,JNPREQN,255.91,257.0,257.0,1.09,0.43,10144,2607008,264.72,232.11
PATELRMART,PATELRMARTEQN,225.96,226.94,226.94,0.98,0.43,314,71259,305.0,150.25
TCC,TCCEQN,266.75,267.9,267.9,1.15,0.43,76,20360,526.4,260.45
PILANIINVS,PILANIINVSEQN,4390.3,4409.2,4409.2,18.9,0.43,1,4409,5980.0,4092.2
EUREKAFORB,EUREKAFORBEQN,452.2,454.1,454.1,1.9,0.42,1,454,668.3,403.2
RPOWER,RPOWEREQN,23.62,23.72,23.72,0.1,0.42,85840,2036124,50.85,20.17
EIMCOELECO,EIMCOELECOEQN,1806.4,1814.0,1814.0,7.6,0.42,11,19954,2380.0,1405.5
AMBIKCO,AMBIKCOEQN,1635.7,1642.6,1642.6,6.9,0.42,55,90343,1931.0,1101.0
HONDAPOWER,HONDAPOWEREQN,2107.4,2116.3,2116.3,8.9,0.42,1,2116,3216.0,1816.6
IVP,IVPBEN,179.29,180.05,180.05,0.76,0.42,27,4861,194.0,110.0
LUMAXTECH,LUMAXTECHEQN,2076.3,2085.0,2085.0,8.7,0.42,9742,20312070,2085.8,990.0
CMRGREEN,CMRGREENEQN,219.09,220.02,220.02,0.93,0.42,850,187017,268.96,212.1
RUBYMILLS,RUBYMILLSBEN,367.35,368.9,368.9,1.55,0.42,82,30249,424.9,169.02
BELRISE,BELRISEEQN,253.97,255.0,255.0,1.03,0.41,16379,4176645,257.75,132.5
RATNAVEER,RATNAVEEREQN,206.16,207.0,207.0,0.84,0.41,2968,614376,218.49,130.5
LATENTVIEW,LATENTVIEWEQN,294.75,295.95,295.95,1.2,0.41,436,129034,517.5,248.0
ARVIND,ARVINDEQN,567.65,569.95,569.95,2.3,0.41,740,421763,600.0,274.8
GSFC,GSFCEQN,161.34,162.0,162.0,0.66,0.41,990,160380,220.59,138.83
BIOCON,BIOCONEQN,426.0,427.75,427.75,1.75,0.41,9194,3932733,447.15,331.0
STCINDIA,STCINDIAEQN,119.01,119.5,119.5,0.49,0.41,1128,134796,150.7,97.04
ATHERENERG,ATHERENERGEQN,1525.4,1531.7,1531.7,6.3,0.41,17504,26810876,1534.8,398.2
WELCORP,WELCORPEQN,1836.9,1844.4,1844.4,7.5,0.41,1203,2218813,1869.9,710.0
MAFATIND,MAFATINDEQN,125.63,126.15,126.15,0.52,0.41,8,1009,157.77,124.07
JSWDULUX,JSWDULUXEQN,3157.0,3169.9,3169.9,12.9,0.41,595,1886090,3745.0,2658.7
INDGN,INDGNEQN,567.6,569.9,569.9,2.3,0.41,398,226820,596.8,414.0
VOEPL,VOEPLEQN,491.0,493.0,493.0,2.0,0.41,1,493,534.45,428.65
SAPPHIRE,SAPPHIREEQN,236.02,236.98,236.98,0.96,0.41,10406,2466013,347.9,139.91
COASTCORP,COASTCORPEQN,42.32,42.49,42.49,0.17,0.4,300,12747,66.7,30.01
ADANIENSOL,ADANIENSOLEQN,1622.0,1628.5,1628.5,6.5,0.4,2859,4655881,1789.0,744.9
KOKUYOCMLN,KOKUYOCMLNEQN,82.47,82.8,82.8,0.33,0.4,1280,105984,128.0,71.05
JSL,JSLEQN,725.1,728.0,728.0,2.9,0.4,405,294840,884.0,652.25
GEOJITFSL,GEOJITFSLEQN,76.78,77.09,77.09,0.31,0.4,11,847,85.39,50.86
JAINREC,JAINRECEQN,297.75,298.95,298.95,1.2,0.4,1275,381161,593.95,247.57
PATELENG,PATELENGEQN,30.26,30.38,30.38,0.12,0.4,15273,463993,41.13,22.0
UNIMECH,UNIMECHEQN,1421.4,1426.9,1426.9,5.5,0.39,342,487999,1482.7,695.0
KINGFA,KINGFAEQN,5708.0,5730.0,5730.0,22.0,0.39,18,103140,5748.0,3461.9
INDUSINVIT,INDUSINVITIVN,133.38,133.9,133.9,0.52,0.39,202,27047,138.0,110.05
MSTCLTD,MSTCLTDEQN,571.0,573.2,573.2,2.2,0.39,181,103749,743.9,362.15
GICHSGFIN,GICHSGFINEQN,150.42,151.0,151.0,0.58,0.39,601,90751,185.01,130.05
DELHIVERY,DELHIVERYEQN,473.45,475.3,475.3,1.85,0.39,2925,1390252,524.0,374.45
VOLTAMP,VOLTAMPEQN,10017.0,10056.0,10056.0,39.0,0.39,12,120672,12863.0,6666.0
BLKASHYAP,BLKASHYAPEQN,53.99,54.2,54.2,0.21,0.39,470,25474,75.4,40.32
NRBBEARING,NRBBEARINGEQN,455.25,457.0,457.0,1.75,0.38,581,265517,483.0,212.55
WELENT,WELENTEQN,572.3,574.5,574.5,2.2,0.38,166,95367,634.9,412.0
CERA,CERAEQN,5984.5,6007.0,6007.0,22.5,0.38,39,234273,6740.0,4461.1
FSL,FSLEQN,279.6,280.65,280.65,1.05,0.38,1678,470930,381.4,202.0
APOLLOPIPE,APOLLOPIPEEQN,508.05,510.0,510.0,1.95,0.38,700,357000,554.0,252.1
ADFFOODS,ADFFOODSEQN,265.45,266.45,266.45,1.0,0.38,23,6128,346.95,153.1
RBA,RBAEQN,92.65,93.0,93.0,0.35,0.38,9187,854391,96.45,57.15
MARKSANS,MARKSANSEQN,278.95,280.0,280.0,1.05,0.38,16996,4758880,281.6,155.0
RAIN,RAINEQN,202.92,203.7,203.7,0.78,0.38,11025,2245792,252.0,99.9
APEX,APEXEQN,377.75,379.2,379.2,1.45,0.38,165,62568,514.5,208.74
PRESTIGE,PRESTIGEEQN,1585.9,1592.0,1592.0,6.1,0.38,462,735504,1805.2,1090.0
FEDDERSHOL,FEDDERSHOLEQN,41.86,42.02,42.02,0.16,0.38,3,126,53.49,32.06
ALPHAGEO,ALPHAGEOEQN,284.94,286.0,286.0,1.06,0.37,5935,1697410,293.62,164.8
V2RETAIL,V2RETAILEQN,224.32,225.15,225.15,0.83,0.37,1230,276934,259.25,158.56
CONFIPET,CONFIPETEQN,78.42,78.71,78.71,0.29,0.37,27539,2167594,86.4,28.06
INDOBORAX,INDOBORAXEQN,433.4,435.0,435.0,1.6,0.37,351,152685,499.0,224.0
BHEL,BHELEQN,403.0,404.5,404.5,1.5,0.37,12453,5037238,446.5,205.12
IRBINVIT,IRBINVITIVN,64.21,64.45,64.45,0.24,0.37,9646,621684,65.0,57.05
ZYDUSWELL,ZYDUSWELLEQN,506.1,507.95,507.95,1.85,0.37,355,180322,611.85,367.55
RAMBHAJO,RAMBHAJOEQN,187.61,188.3,188.3,0.69,0.37,1297,244225,222.0,161.6
SPARC,SPARCEQN,205.26,206.0,206.0,0.74,0.36,1361,280366,289.0,108.0
RELTD,RELTDEQN,168.99,169.6,169.6,0.61,0.36,212,35955,196.45,114.77
GULPOLY,GULPOLYEQN,198.18,198.89,198.89,0.71,0.36,397,78959,227.63,121.5
KAJARIACER,KAJARIACEREQN,1225.6,1230.0,1230.0,4.4,0.36,870,1070100,1314.8,869.6
ARMANFIN,ARMANFINEQN,2002.8,2010.0,2010.0,7.2,0.36,75,150750,2090.0,1270.0
RIIL,RIILEQN,744.3,747.0,747.0,2.7,0.36,70,52290,964.9,617.35
UBL,UBLEQN,1400.0,1405.0,1405.0,5.0,0.36,359,504395,1939.9,1276.0
INDIAGLYCO,INDIAGLYCOEQN,1073.1,1077.0,1077.0,3.9,0.36,162,174474,1222.0,792.5
UJJIVANSFB,UJJIVANSFBEQN,70.14,70.39,70.39,0.25,0.36,12356,869738,73.29,41.32
HEIDELBERG,HEIDELBERGEQN,154.45,155.0,155.0,0.55,0.36,16,2480,224.8,136.1
UTKARSHBNK,UTKARSHBNKEQN,14.0,14.05,14.05,0.05,0.36,3588,50411,22.03,10.12
TVTODAY,TVTODAYEQN,114.15,114.55,114.55,0.4,0.35,1,114,156.48,93.5
NIACL,NIACLEQN,179.37,180.0,180.0,0.63,0.35,1273,229140,218.0,116.97
TFCILTD,TFCILTDEQN,115.6,116.0,116.0,0.4,0.35,33792,3919872,118.0,51.0
RATEGAIN,RATEGAINEQN,908.85,912.0,912.0,3.15,0.35,295,269040,1050.0,437.0
TORNTPOWER,TORNTPOWEREQN,1330.4,1335.0,1335.0,4.6,0.35,125,166875,1824.1,1188.0
COCKERILL,COCKERILLEQN,9661.5,9695.0,9695.0,33.5,0.35,12,116340,10871.5,4955.0
PFOCUS,PFOCUSEQN,281.55,282.5,282.5,0.95,0.34,321,90682,367.0,139.04
CEATLTD,CEATLTDEQN,3750.2,3763.0,3763.0,12.8,0.34,94,353722,4438.0,3000.5
SJS,SJSEQN,2402.8,2411.0,2411.0,8.2,0.34,563,1357393,2590.0,1145.0
EXIDEIND,EXIDEINDEQN,483.35,485.0,485.0,1.65,0.34,6223,3018155,496.4,287.0
HCLTECH,HCLTECHEQN,1365.4,1370.0,1370.0,4.6,0.34,3218,4408660,1780.1,1030.0
ZENTEC,ZENTECEQN,1819.8,1826.0,1826.0,6.2,0.34,1370,2501620,2024.0,1223.0
LUPIN,LUPINEQN,2278.9,2286.6,2286.6,7.7,0.34,1934,4422284,2529.5,1875.0
ERIS,ERISEQN,1390.3,1395.0,1395.0,4.7,0.34,45,62775,1820.0,1200.0
MANAKSIA,MANAKSIAEQN,58.8,59.0,59.0,0.2,0.34,1602,94518,73.99,42.1
PWL,PWLEQN,125.52,125.95,125.95,0.43,0.34,5837,735170,161.99,77.72
KANSAINER,KANSAINEREQN,212.26,212.97,212.97,0.71,0.33,403,85826,264.0,157.91
MOBIKWIK,MOBIKWIKEQN,212.2,212.9,212.9,0.7,0.33,3872,824348,334.0,151.46
MUTHOOTFIN,MUTHOOTFINEQN,2915.9,2925.4,2925.4,9.5,0.33,1269,3712332,4149.5,2476.6
KFINTECH,KFINTECHEQN,935.0,938.05,938.05,3.05,0.33,693,650068,1215.0,784.95
DEEPAKFERT,DEEPAKFERTEQN,1498.0,1503.0,1503.0,5.0,0.33,273,410319,1681.0,866.4
UTLSOLAR,UTLSOLAREQN,394.65,395.95,395.95,1.3,0.33,188,74438,424.8,172.0
NEOGEN,NEOGENEQN,2092.7,2099.7,2099.7,7.0,0.33,73,153278,2374.0,966.7
DEN,DENEQN,27.21,27.3,27.3,0.09,0.33,595,16243,37.93,22.52
MGL,MGLEQN,1134.3,1138.0,1138.0,3.7,0.33,198,225324,1378.0,900.0
OIL,OILEQN,470.35,471.9,471.9,1.55,0.33,16284,7684419,531.0,384.6
WHEELS,WHEELSEQN,1382.4,1387.0,1387.0,4.6,0.33,13,18031,1808.0,705.85
KRYSTAL,KRYSTALEQN,625.95,628.0,628.0,2.05,0.33,307,192796,729.5,500.0
NORTHARC,NORTHARCEQN,282.3,283.2,283.2,0.9,0.32,828,234489,334.0,206.0
JKLAKSHMI,JKLAKSHMIEQN,549.25,551.0,551.0,1.75,0.32,516,284316,989.8,546.05
BAJAJHLDNG,BAJAJHLDNGEQN,11550.0,11587.0,11587.0,37.0,0.32,15,173805,14763.0,8588.0
MRF,MRFEQN,131125.0,131540.0,131540.0,415.0,0.32,21,2762340,163600.0,122000.0
JKPAPER,JKPAPEREQN,390.65,391.9,391.9,1.25,0.32,151,59176,444.8,304.85
NAVA,NAVAEQN,569.15,570.95,570.95,1.8,0.32,318,181562,739.4,501.65
DATAMATICS,DATAMATICSEQN,862.7,865.5,865.5,2.8,0.32,55,47602,1088.0,632.0
SUDEEPPHRM,SUDEEPPHRMEQN,1108.4,1112.0,1112.0,3.6,0.32,328,364736,1158.6,524.05
BAJAJELEC,BAJAJELECEQN,360.35,361.45,361.45,1.1,0.31,667,241087,653.8,301.0
IDEA,IDEAEQN,12.89,12.93,12.93,0.04,0.31,1664859,21526626,15.34,6.12
BIRLACORPN,BIRLACORPNEQN,898.2,901.0,901.0,2.8,0.31,25,22525,1346.1,769.6
NLCINDIA,NLCINDIAEQN,286.05,286.95,286.95,0.9,0.31,2924,839041,387.8,222.0
INDIACEM,INDIACEMEQN,383.8,385.0,385.0,1.2,0.31,128,49280,485.8,342.35
LASERPOWER,LASERPOWEREQN,289.05,289.95,289.95,0.9,0.31,5170,1499041,317.0,250.0
RAMCOIND,RAMCOINDEQN,370.6,371.7,371.7,1.1,0.3,842,312971,398.05,230.65
SARDAEN,SARDAENEQN,495.85,497.35,497.35,1.5,0.3,410,203913,639.75,453.1
DCMSHRIRAM,DCMSHRIRAMEQN,1007.0,1010.0,1010.0,3.0,0.3,1,1010,1414.4,945.1
BLS,BLSEQN,260.86,261.64,261.64,0.78,0.3,3097,810299,399.15,218.9
SWSOLAR,SWSOLAREQN,202.98,203.58,203.58,0.6,0.3,3699,753042,286.5,148.0
GRAVITA,GRAVITAEQN,1784.5,1789.9,1789.9,5.4,0.3,291,520860,1913.6,1266.9
DBCORP,DBCORPEQN,211.86,212.5,212.5,0.64,0.3,240,51000,287.9,184.51
ETERNAL,ETERNALEQN,318.0,318.95,318.95,0.95,0.3,80805,25772754,368.45,212.6
CPPLUS,CPPLUSEQN,3805.5,3817.0,3817.0,11.5,0.3,823,3141391,3915.0,1045.55
SKFINDIA,SKFINDIAEQN,1522.7,1527.2,1527.2,4.5,0.3,221,337511,5074.0,1404.0
SAMBHV,SAMBHVEQN,118.62,118.98,118.98,0.36,0.3,1359,161693,141.32,81.42
ADROITINFO,ADROITINFOEQN,10.17,10.2,10.2,0.03,0.29,30,306,12.2,7.55
ABFRL,ABFRLEQN,58.63,58.8,58.8,0.17,0.29,6769,398017,94.95,53.51
MARATHON,MARATHONEQN,377.8,378.9,378.9,1.1,0.29,10,3789,685.4,368.3
HINDPETRO,HINDPETROEQN,390.85,392.0,392.0,1.15,0.29,29238,11461296,508.45,316.2
JAYSREETEA,JAYSREETEAEQN,88.74,89.0,89.0,0.26,0.29,205,18245,115.2,70.55
SOTL,SOTLEQN,700.05,702.05,702.05,2.0,0.29,867,608677,814.8,285.8
SILVERTUC,SILVERTUCEQN,206.52,207.11,207.11,0.59,0.29,534,110596,216.8,66.19
CAPACITE,CAPACITEEQN,211.12,211.73,211.73,0.61,0.29,80,16938,334.0,180.0
ADANIGREEN,ADANIGREENEQN,1366.0,1370.0,1370.0,4.0,0.29,3363,4607310,1631.5,765.0
RUBICON,RUBICONEQN,1655.1,1659.9,1659.9,4.8,0.29,189,313721,1684.1,570.75
SPORTKING,SPORTKINGEQN,208.19,208.79,208.79,0.6,0.29,358,74746,241.51,78.17
THELEELA,THELEELAEQN,512.25,513.7,513.7,1.45,0.28,339,174144,527.0,384.5
ANSALAPI,ANSALAPIBZN,3.57,3.58,3.58,0.01,0.28,1,3,5.55,2.51
IBULLSLTD,IBULLSLTDEQN,28.11,28.19,28.19,0.08,0.28,53441,1506501,32.5,8.9
SSWL,SSWLEQN,317.4,318.3,318.3,0.9,0.28,1162,369864,328.4,169.0
MBAPL,MBAPLEQN,165.49,165.96,165.96,0.47,0.28,863,143223,167.95,74.63
NYKAA,NYKAAEQN,325.0,325.9,325.9,0.9,0.28,2750,896225,348.0,200.14
ATGL,ATGLEQN,666.15,668.0,668.0,1.85,0.28,2182,1457576,859.85,462.8
GRWRHITECH,GRWRHITECHEQN,7020.5,7040.5,7040.5,20.0,0.28,8,56324,7990.0,2681.0
GHCLTEXTIL,GHCLTEXTILEQN,119.27,119.6,119.6,0.33,0.28,219,26192,124.9,65.26
SAWALIYA,SAWALIYASMN,287.2,288.0,288.0,0.8,0.28,600,172800,351.0,208.0
RAYMONDREL,RAYMONDRELEQN,609.3,611.0,611.0,1.7,0.28,505,308555,734.9,349.0
POWERICA,POWERICAEQN,528.35,529.85,529.85,1.5,0.28,132,69940,676.95,365.1
SIEMENS,SIEMENSEQN,4011.0,4022.0,4022.0,11.0,0.27,7872,31661184,4073.8,2826.0
HMAAGRO,HMAAGROEQN,22.05,22.11,22.11,0.06,0.27,17152,379230,34.24,20.0
STOVEKRAFT,STOVEKRAFTEQN,792.85,795.0,795.0,2.15,0.27,692,550140,849.8,447.05
SUNTV,SUNTVEQN,483.7,485.0,485.0,1.3,0.27,79,38315,660.7,480.2
SHALPAINTS,SHALPAINTSBEN,83.87,84.1,84.1,0.23,0.27,61,5130,89.8,35.21
DIXON,DIXONEQN,14023.0,14061.0,14061.0,38.0,0.27,331,4654191,18471.0,9600.0
KSOLVES,KSOLVESEQN,275.15,275.9,275.9,0.75,0.27,42,11587,354.85,245.75
SBIFUNDS,SBIFUNDSEQN,568.45,570.0,570.0,1.55,0.27,8006,4563420,624.95,565.05
TITAGARH,TITAGARHEQN,844.8,847.1,847.1,2.3,0.27,551,466752,971.0,568.7
JSFB,JSFBEQN,526.6,528.0,528.0,1.4,0.27,56,29568,593.0,330.0
AURUM,AURUMEQN,228.56,229.15,229.15,0.59,0.26,103,23602,264.64,151.9
GNFC,GNFCEQN,548.4,549.85,549.85,1.45,0.26,1737,955089,616.0,365.0
DATAPATTNS,DATAPATTNSEQN,4391.6,4403.0,4403.0,11.4,0.26,831,3658893,4955.9,2131.0
MOREPENLAB,MOREPENLABEQN,76.89,77.09,77.09,0.2,0.26,26199,2019680,83.5,33.05
IOB,IOBEQN,34.21,34.3,34.3,0.09,0.26,10816,370988,41.8,31.2
SHAREINDIA,SHAREINDIAEQN,167.56,167.99,167.99,0.43,0.26,550,92394,211.0,115.36
PCBL,PCBLEQN,322.15,323.0,323.0,0.85,0.26,6225,2010675,425.95,226.5
LXCHEM,LXCHEMEQN,174.89,175.35,175.35,0.46,0.26,3108,544987,241.0,107.6
APOLLO,APOLLOEQN,388.7,389.7,389.7,1.0,0.26,7854,3060703,466.5,173.98
LUXIND,LUXINDEQN,1248.8,1252.0,1252.0,3.2,0.26,16,20032,1823.35,824.05
TIMKEN,TIMKENEQN,3211.6,3219.9,3219.9,8.3,0.26,24,77277,3925.0,2800.5
VMARCIND,VMARCINDSMN,378.0,378.95,378.95,0.95,0.25,3000,1136850,380.95,69.99
LALPATHLAB,LALPATHLABEQN,1949.9,1954.8,1954.8,4.9,0.25,570,1114236,1973.5,1272.6
BALAMINES,BALAMINESEQN,2123.7,2129.0,2129.0,5.3,0.25,239,508831,2443.6,968.1
IXIGO,IXIGOEQN,183.5,183.95,183.95,0.45,0.25,577,106139,339.15,151.27
SANDUMA,SANDUMAEQN,204.39,204.4,204.4,0.51,0.25,1616,330310,273.0,141.37
GREENLAM,GREENLAMEQN,242.35,242.95,242.95,0.6,0.25,575,139696,278.63,197.59
TRIVENI,TRIVENIEQN,238.4,239.0,239.0,0.6,0.25,1858,444062,490.1,220.05
AHLUCONT,AHLUCONTEQN,833.95,836.0,836.0,2.05,0.25,44,36784,1077.95,645.15
GREENPLY,GREENPLYEQN,278.85,279.55,279.55,0.7,0.25,209,58425,334.4,176.42
LODHA,LODHAEQN,1212.0,1215.0,1215.0,3.0,0.25,2685,3262275,1344.95,650.8
UFLEX,UFLEXEQN,497.05,498.3,498.3,1.25,0.25,469,233702,602.8,330.0
VAML,VAMLEQN,463.5,464.65,464.65,1.15,0.25,21643,10056419,537.0,423.15
GILLETTE,GILLETTEEQN,7641.5,7660.0,7660.0,18.5,0.24,40,306400,10740.0,7206.0
GPTHEALTH,GPTHEALTHEQN,160.51,160.9,160.9,0.39,0.24,224,36041,175.0,115.0
CROMPTON,CROMPTONEQN,245.4,246.0,246.0,0.6,0.24,2864,704544,337.5,217.4
EDELWEISS,EDELWEISSEQN,119.08,119.37,119.37,0.29,0.24,2033,242679,133.9,91.78
MOTILALOFS,MOTILALOFSEQN,888.0,890.15,890.15,2.15,0.24,806,717460,1097.1,614.9
RALLIS,RALLISEQN,211.5,212.0,212.0,0.5,0.24,1176,249312,385.8,210.3
MPHASIS,MPHASISEQN,2530.0,2536.0,2536.0,6.0,0.24,793,2011048,3037.2,2013.0
KOTHARIPET,KOTHARIPETEQN,145.65,146.0,146.0,0.35,0.24,317,46282,174.0,94.75
GPPL,GPPLEQN,148.13,148.49,148.49,0.36,0.24,2254,334696,200.09,141.55
MVELECTRO,MVELECTROEQN,599.45,600.9,600.9,1.45,0.24,5497,3303147,686.5,520.0
UNIINFO,UNIINFOEQN,12.4,12.43,12.43,0.03,0.24,2,24,21.78,9.36
FEDFINA,FEDFINAEQN,154.63,155.0,155.0,0.37,0.24,1917,297135,178.48,119.07
ONGC,ONGCEQN,239.45,240.0,240.0,0.55,0.23,25758,6181920,307.5,227.65
COHANCE,COHANCEEQN,463.95,465.0,465.0,1.05,0.23,2079,966735,1038.9,266.7
ULTRAMAR,ULTRAMAREQN,388.1,389.0,389.0,0.9,0.23,9,3501,455.75,364.1
TMPV,TMPVEQN,347.6,348.4,348.4,0.8,0.23,14517,5057722,739.7,294.3
TRU,TRUEQN,4.39,4.4,4.4,0.01,0.23,1,4,13.82,4.21
GEECEE,GEECEEBEN,385.1,386.0,386.0,0.9,0.23,63,24318,393.9,215.85
ALICON,ALICONEQN,728.55,730.15,730.15,1.6,0.22,1,730,1022.0,580.0
GREENPANEL,GREENPANELEQN,183.59,184.0,184.0,0.41,0.22,500,92000,333.8,163.01
CANTABIL,CANTABILEQN,227.6,228.09,228.09,0.49,0.22,184,41968,321.5,208.5
VETO,VETOBEN,121.68,121.95,121.95,0.27,0.22,25,3048,153.95,82.32
WELSPUNLIV,WELSPUNLIVEQN,159.66,159.99,159.99,0.33,0.21,3828,612441,174.97,107.1
GVT&D,GVT&DEQN,4420.0,4429.1,4429.1,9.1,0.21,1262,5589524,5650.0,2523.2
KCP,KCPEQN,152.18,152.0,152.0,0.32,0.21,109,16568,214.4,125.0
J&KBANK,J&KBANKEQN,156.86,157.19,157.19,0.33,0.21,8409,1321810,201.75,97.35
KTKBANK,KTKBANKEQN,302.85,303.5,303.5,0.65,0.21,1068,324138,316.8,169.12
DPABHUSHAN,DPABHUSHANEQN,1466.9,1470.0,1470.0,3.1,0.21,2,2940,1719.9,866.1
APLAPOLLO,APLAPOLLOEQN,2012.7,2016.9,2016.9,4.2,0.21,723,1458218,2301.4,1565.5
MADRASFERT,MADRASFERTEQN,66.86,67.0,67.0,0.14,0.21,523,35041,96.39,52.56
JUBLPHARMA,JUBLPHARMAEQN,965.0,967.05,967.05,2.05,0.21,91,88001,1184.8,786.05
CDSL,CDSLEQN,1347.0,1349.8,1349.8,2.8,0.21,2797,3775390,1673.7,1116.3
TMCV,TMCVEQN,450.05,451.0,451.0,0.95,0.21,7829,3530879,509.0,306.3
GKENERGY,GKENERGYEQN,130.73,131.0,131.0,0.27,0.21,2514,329334,239.6,87.2
AHCL,AHCLEQN,14.41,14.44,14.44,0.03,0.21,4659,67275,17.28,9.08
GARUDA,GARUDAEQN,190.67,191.05,191.05,0.38,0.2,3826,730957,249.3,130.0
PCJEWELLER,PCJEWELLEREQN,9.97,9.99,9.99,0.02,0.2,1341982,13406400,15.38,7.47
MOIL,MOILEQN,279.45,280.0,280.0,0.55,0.2,3447,965160,404.9,242.35
UGARSUGAR,UGARSUGAREQN,45.51,45.6,45.6,0.09,0.2,511,23301,48.85,33.75
ICRA,ICRAEQN,5069.4,5079.5,5079.5,10.1,0.2,24,121908,6982.0,4692.0
HDFCAMC,HDFCAMCEQN,2515.0,2520.0,2520.0,5.0,0.2,890,2242800,2967.25,2205.6
ATALREAL,ATALREALEQN,35.02,35.09,35.09,0.07,0.2,2693,94497,35.88,17.75
ELLEN,ELLENEQN,294.4,295.0,295.0,0.6,0.2,432,127440,559.8,175.0
TEXINFRA,TEXINFRAEQN,112.23,112.46,112.46,0.23,0.2,9,1012,118.0,82.5
WAAREEINDO,WAAREEINDOEQN,306.75,307.35,307.35,0.6,0.2,379,116485,725.0,282.8
CAPILLARY,CAPILLARYEQN,522.95,524.0,524.0,1.05,0.2,123,64452,798.95,464.25
ICICIGI,ICICIGIEQN,1643.5,1646.7,1646.7,3.2,0.19,380,625746,2064.9,1544.6
JSWSTEEL,JSWSTEELEQN,1283.4,1285.9,1285.9,2.5,0.19,554,712388,1335.0,1022.3
WINDLAS,WINDLASEQN,943.1,944.9,944.9,1.8,0.19,1215,1148053,1097.9,697.4
LICHSGFIN,LICHSGFINEQN,502.0,502.95,502.95,0.95,0.19,686,345023,598.2,458.9
BSOFT,BSOFTEQN,320.3,320.9,320.9,0.6,0.19,1544,495469,474.0,270.2
CAMS,CAMSEQN,788.0,787.0,787.0,1.5,0.19,1800,1416600,844.9,611.4
SCPL,SCPLEQN,615.7,616.85,616.85,1.15,0.19,17,10486,665.0,190.03
EMMVEE,EMMVEEEQN,318.4,319.0,319.0,0.6,0.19,7776,2480544,371.55,171.51
STLTECH,STLTECHBEN,620.0,621.2,621.2,1.2,0.19,7485,4649682,679.9,84.6
RADICO,RADICOEQN,4545.0,4553.0,4553.0,8.0,0.18,1194,5436282,4590.3,2500.0
GANDHITUBE,GANDHITUBEEQN,931.3,933.0,933.0,1.7,0.18,345,321885,1031.8,649.5
HARDWYN,HARDWYNEQN,11.17,11.19,11.19,0.02,0.18,3423,38303,20.2,7.76
INDUSTOWER,INDUSTOWEREQN,369.35,370.0,370.0,0.65,0.18,8356,3091720,481.5,312.55
CHEMPLASTS,CHEMPLASTSEQN,171.68,171.99,171.99,0.31,0.18,551,94766,460.8,170.02
ROUTE,ROUTEEQN,530.1,531.05,531.05,0.95,0.18,629,334030,921.6,410.7
APCOTEXIND,APCOTEXINDEQN,616.9,618.0,618.0,1.1,0.18,335,207030,712.0,310.45
GENUSPOWER,GENUSPOWEREQN,305.55,306.1,306.1,0.55,0.18,3627,1110224,390.0,210.4
PGHH,PGHHEQN,8455.0,8470.0,8470.0,15.0,0.18,22,186340,14509.0,8419.0
MEESHO,MEESHOEQN,190.41,190.75,190.75,0.34,0.18,6710,1279932,254.4,125.56
SBILIFE,SBILIFEEQN,1837.6,1840.8,1840.8,3.2,0.17,464,854131,2132.0,1700.4
DCW,DCWEQN,46.62,46.7,46.7,0.08,0.17,3097,144629,81.31,37.11
KUANTUM,KUANTUMEQN,85.85,86.0,86.0,0.15,0.17,555,47730,122.09,65.01
NFL,NFLEQN,71.95,72.07,72.07,0.12,0.17,4174,300820,102.97,63.35
ASAHIINDIA,ASAHIINDIAEQN,901.65,903.15,903.15,1.5,0.17,26,23481,1074.0,775.1
PRAKASH,PRAKASHEQN,121.79,122.0,122.0,0.21,0.17,4564,556808,179.58,110.24
HONAUT,HONAUTEQN,37935.0,38000.0,38000.0,65.0,0.17,3,114000,41495.0,26220.0
CGCL,CGCLEQN,235.46,235.85,235.85,0.39,0.17,4408,1039626,264.53,151.1
OLECTRA,OLECTRAEQN,1391.6,1394.0,1394.0,2.4,0.17,1360,1895840,1714.2,866.6
AURIONPRO,AURIONPROEQN,727.15,728.4,728.4,1.25,0.17,212,154420,1507.0,719.6
SKMEGGPROD,SKMEGGPRODEQN,262.57,263.0,263.0,0.43,0.16,1284,337692,372.0,143.1
THANGAMAYL,THANGAMAYLEQN,5228.0,5236.5,5236.5,8.5,0.16,427,2235985,7430.0,1939.5
SOLARINDS,SOLARINDSEQN,18770.0,18800.0,18800.0,30.0,0.16,183,3440400,19187.0,11646.0
GREAVESCOT,GREAVESCOTEQN,197.78,198.1,198.1,0.32,0.16,2942,582810,271.9,119.99
HEROMOTOCO,HEROMOTOCOEQN,5865.5,5875.0,5875.0,9.5,0.16,1986,11667750,6388.5,4539.0
NESCO,NESCOEQN,1048.3,1050.0,1050.0,1.7,0.16,55,57750,1638.9,996.0
BECTORFOOD,BECTORFOODEQN,240.62,241.0,241.0,0.38,0.16,7478,1802198,301.24,165.0
ORIENTTECH,ORIENTTECHEQN,258.75,259.15,259.15,0.4,0.15,521,135017,466.73,220.8
ACMESOLAR,ACMESOLAREQN,368.45,369.0,369.0,0.55,0.15,1412,521028,398.65,195.9
NARMADA,NARMADAEQN,13.48,13.5,13.5,0.02,0.15,1302,17577,22.59,9.95
DRREDDY,DRREDDYEQN,1205.0,1206.8,1206.8,1.8,0.15,10162,12263501,1414.9,1101.0
CUB,CUBEQN,213.69,214.0,214.0,0.31,0.15,3488,746432,245.38,145.13
CENTENKA,CENTENKAEQN,604.1,605.0,605.0,0.9,0.15,683,413215,671.65,371.2
BESTAGRO,BESTAGROEQN,19.47,19.5,19.5,0.03,0.15,192,3744,34.4,12.3
KLBRENG-B,KLBRENG-BEQN,360.1,360.65,360.65,0.55,0.15,219,78982,544.85,353.0
EMIL,EMILEQN,184.75,185.02,185.02,0.27,0.15,46256,8558285,189.6,84.9
ENGINERSIN,ENGINERSINEQN,242.99,243.35,243.35,0.36,0.15,2250,547537,267.0,163.55
TPLPLASTEH,TPLPLASTEHEQN,75.89,76.0,76.0,0.11,0.14,20,1520,90.33,50.01
SAILIFE,SAILIFEEQN,1444.4,1446.4,1446.4,2.0,0.14,796,1151334,1473.5,783.85
MUTHOOTMF,MUTHOOTMFEQN,218.9,219.2,219.2,0.3,0.14,1845,404424,262.77,141.2
GRSE,GRSEEQN,2575.4,2579.0,2579.0,3.6,0.14,750,1934250,3339.0,1963.7
DCMSRIND,DCMSRINDEQN,43.17,43.23,43.23,0.06,0.14,10,432,181.9,31.9
NEULANDLAB,NEULANDLABEQN,22955.0,22988.0,22988.0,33.0,0.14,187,4298756,23500.0,11500.0
CRAMC,CRAMCEQN,256.65,257.0,257.0,0.35,0.14,553,142121,353.4,214.2
SONACOMS,SONACOMSEQN,800.0,801.05,801.05,1.05,0.13,1991,1594890,836.9,402.3
CENTRALBK,CENTRALBKEQN,31.19,31.23,31.23,0.04,0.13,17008,531159,40.92,29.32
AWFIS,AWFISEQN,266.65,267.0,267.0,0.35,0.13,134,35778,639.4,229.05
PARACABLES,PARACABLESEQN,67.89,67.98,67.98,0.09,0.13,1150,78177,75.7,28.3
UTIAMC,UTIAMCEQN,905.8,907.0,907.0,1.2,0.13,134,121538,1418.0,876.0
INDIGOPNTS,INDIGOPNTSEQN,1125.5,1127.0,1127.0,1.5,0.13,87,98049,1345.9,708.05
MEDPLUS,MEDPLUSEQN,679.15,680.0,680.0,0.85,0.13,97,65960,1022.2,653.0
PARADEEP,PARADEEPEQN,151.8,152.0,152.0,0.2,0.13,6743,1024936,232.22,99.7
REDINGTON,REDINGTONEQN,354.55,355.0,355.0,0.45,0.13,7030,2495650,364.5,191.31
LEMONTREE,LEMONTREEEQN,109.36,109.5,109.5,0.14,0.13,13533,1481863,180.68,99.61
NETWEB,NETWEBEQN,4859.8,4866.0,4866.0,6.2,0.13,3576,17400816,5244.0,2037.3
TATAELXSI,TATAELXSIEQN,3795.0,3799.9,3799.9,4.9,0.13,89,338191,5950.0,3353.9
THERMAX,THERMAXEQN,4025.7,4030.9,4030.9,5.2,0.13,137,552233,5277.8,2742.7
STAR,STAREQN,1002.8,1004.0,1004.0,1.2,0.12,226,226904,1231.0,768.65
PENIND,PENINDEQN,159.31,159.5,159.5,0.19,0.12,684,109098,279.9,129.1
SAFARI,SAFARIEQN,1500.2,1502.0,1502.0,1.8,0.12,15,22530,2507.1,1363.1
BLUSPRING,BLUSPRINGEQN,117.85,117.99,117.99,0.14,0.12,2403,283529,131.82,43.98
KMSUGAR,KMSUGAREQN,27.47,27.5,27.5,0.03,0.11,32,880,33.73,23.0
TRANSRAILL,TRANSRAILLEQN,473.4,473.9,473.9,0.5,0.11,393,186242,855.8,450.05
VHL,VHLEQN,3487.1,3491.0,3491.0,3.9,0.11,1,3491,4275.0,2870.0
SANSTAR,SANSTAREQN,111.88,112.0,112.0,0.12,0.11,210,23520,137.49,74.3
KRISHANA,KRISHANAEQN,186.45,186.65,186.65,0.2,0.11,3180,593547,193.9,86.2
CYIENT,CYIENTEQN,853.4,854.3,854.3,0.9,0.11,641,547606,1284.7,750.3
BOROSCI,BOROSCIEQN,135.85,136.0,136.0,0.15,0.11,110,14960,180.8,96.64
NSLNISP,NSLNISPEQN,44.15,44.2,44.2,0.05,0.11,4049,178965,53.75,33.01
BDL,BDLEQN,1307.6,1309.0,1309.0,1.4,0.11,1866,2442594,1654.0,1086.0
VEEDOL,VEEDOLEQN,1531.3,1533.0,1533.0,1.7,0.11,194,297402,2035.0,1238.2
AEQUS,AEQUSEQN,240.73,241.0,241.0,0.27,0.11,5818,1402138,274.39,113.3
VIDYAWIRES,VIDYAWIRESEQN,97.69,97.8,97.8,0.11,0.11,141492,13837917,117.35,42.51
WCIL,WCILEQN,86.11,86.2,86.2,0.09,0.1,1,86,147.29,77.02
CARRARO,CARRAROEQN,508.95,509.45,509.45,0.5,0.1,59,30057,667.55,405.0
ADANIPORTS,ADANIPORTSEQN,1668.2,1669.8,1669.8,1.6,0.1,6925,11563365,1891.1,1290.5
BAJAJ-AUTO,BAJAJ-AUTOEQN,11717.0,11729.0,11729.0,12.0,0.1,604,7084316,11863.0,8132.5
SIYSIL,SIYSILEQN,632.25,632.9,632.9,0.65,0.1,224,141769,848.8,433.35
WENDT,WENDTEQN,8017.0,8025.0,8025.0,8.0,0.1,2,16050,10585.0,5841.5
TICL,TICLBEN,10.04,10.05,10.05,0.01,0.1,1000,10050,33.99,8.91
SRTL,SRTLEQN,40.08,40.12,40.12,0.04,0.1,124,4974,73.36,38.7
NATCOPHARM,NATCOPHARMEQN,907.0,907.95,907.95,0.95,0.1,359,325954,1226.8,789.0
GROWW,GROWWEQN,193.5,193.7,193.7,0.2,0.1,65908,12766379,227.2,112.0
KAVDEFENCE,KAVDEFENCEEQN,58.89,58.95,58.95,0.06,0.1,733,43210,162.87,51.51
PREMEXPLN,PREMEXPLNEQN,651.35,651.95,651.95,0.6,0.09,97,63239,829.8,378.4
ARIHANTCAP,ARIHANTCAPEQN,74.76,74.83,74.83,0.07,0.09,1177,88074,120.0,56.97
GANECOS,GANECOSEQN,1049.1,1050.0,1050.0,0.9,0.09,206,216300,1489.0,653.55
JINDALSTEL,JINDALSTELEQN,1095.0,1096.0,1096.0,1.0,0.09,1740,1907040,1306.2,943.3
RENUKA,RENUKAEQN,22.19,22.21,22.21,0.02,0.09,7605,168907,33.5,21.05
MAHLIFE,MAHLIFEEQN,382.65,383.0,383.0,0.35,0.09,61,23363,427.05,286.8
GRASIM,GRASIMEQN,3322.2,3325.1,3325.1,2.9,0.09,1016,3378301,3411.1,2502.5
FINPIPE,FINPIPEEQN,162.66,162.8,162.8,0.14,0.09,397,64631,222.5,147.54
SPLPETRO,SPLPETROEQN,685.25,685.9,685.9,0.65,0.09,16,10974,979.0,462.3
TIRUMALCHM,TIRUMALCHMEQN,162.64,162.79,162.79,0.15,0.09,529,86115,328.8,158.0
FORCEMOT,FORCEMOTEQN,18330.0,18347.0,18347.0,17.0,0.09,81,1486107,26450.0,14911.0
OAL,OALEQN,378.65,379.0,379.0,0.35,0.09,34,12886,400.0,228.0
AIAENG,AIAENGEQN,4781.6,4786.0,4786.0,4.4,0.09,81,387666,5180.0,3001.1
IRISDOREME,IRISDOREMEEQN,56.32,56.37,56.37,0.05,0.09,1533,86415,57.71,26.35
3PLAND,3PLANDEQN,32.17,32.2,32.2,0.03,0.09,5,161,52.9,28.51
AVALON,AVALONEQN,1938.3,1940.0,1940.0,1.7,0.09,515,999100,2004.0,777.3
MFSL,MFSLEQN,1499.0,1500.4,1500.4,1.4,0.09,596,894238,1892.5,1433.6
LGBBROSLTD,LGBBROSLTDEQN,1549.2,1550.4,1550.4,1.2,0.08,38,58915,2048.0,1222.1
RELAXO,RELAXOEQN,421.65,422.0,422.0,0.35,0.08,62,26164,526.0,236.5
ULTRACEMCO,ULTRACEMCOEQN,11780.0,11790.0,11790.0,10.0,0.08,156,1839240,13110.0,10325.0
GAEL,GAELEQN,168.87,169.0,169.0,0.13,0.08,530,89570,184.03,101.2
ALOKINDS,ALOKINDSEQN,11.84,11.85,11.85,0.01,0.08,16539,195987,19.34,11.11
CAMPUS,CAMPUSEQN,218.82,218.99,218.99,0.17,0.08,761,166651,297.0,215.2
PRUDENT,PRUDENTEQN,3401.4,3404.0,3404.0,2.6,0.08,39,132756,3434.0,2121.0
MANORAMA,MANORAMAEQN,1597.8,1599.0,1599.0,1.2,0.08,533,852267,1706.9,1060.6
KOVAI,KOVAIEQN,5865.5,5870.0,5870.0,4.5,0.08,80,469600,6340.0,5275.5
VOGL,VOGLEQN,39.67,39.7,39.7,0.03,0.08,360741,14321417,47.6,30.42
ITCHOTELS,ITCHOTELSEQN,166.89,167.0,167.0,0.11,0.07,7212,1204404,253.67,137.3
GSS,GSSEQN,13.61,13.62,13.62,0.01,0.07,37,503,33.97,8.68
PNBGILTS,PNBGILTSEQN,80.13,80.19,80.19,0.06,0.07,371,29750,109.99,58.6
KOLTEPATIL,KOLTEPATILEQN,516.6,516.95,516.95,0.35,0.07,3191,1649587,554.6,292.25
POKARNA,POKARNAEQN,979.35,980.0,980.0,0.65,0.07,135,132300,1146.2,692.6
BRIGADE,BRIGADEEQN,605.1,605.5,605.5,0.4,0.07,1318,798049,802.01,450.75
ELGIRUBCO,ELGIRUBCOEQN,60.19,60.23,60.23,0.04,0.07,105,6324,90.5,32.72
SIRCA,SIRCAEQN,442.35,442.6,442.6,0.25,0.06,288,127468,539.0,385.0
RML,RMLEQN,1095.3,1096.0,1096.0,0.7,0.06,20,21920,1323.9,608.5
DHAMPURSUG,DHAMPURSUGEQN,158.0,158.1,158.1,0.1,0.06,289,45690,167.25,110.0
NILKAMAL,NILKAMALEQN,1868.6,1869.8,1869.8,1.2,0.06,214,400137,1983.5,1050.5
JKIL,JKILEQN,497.6,497.9,497.9,0.3,0.06,354,176256,685.4,425.0
BEDMUTHA,BEDMUTHAEQN,116.93,117.0,117.0,0.07,0.06,80,9360,154.9,94.55
CHOICEIN,CHOICEINEQN,822.4,822.8,822.8,0.4,0.05,2005,1649714,860.5,568.7
TATASTEEL,TATASTEELEQN,188.25,188.35,188.35,0.1,0.05,20676,3894324,224.4,153.05
ELECTCAST,ELECTCASTEQN,73.56,73.6,73.6,0.04,0.05,3726,274233,108.71,60.15
AARVI,AARVIEQN,155.03,155.11,155.11,0.08,0.05,10,1551,168.4,96.99
PTC,PTCEQN,171.95,172.03,172.03,0.08,0.05,10875,1870826,229.51,149.59
BLUEJET,BLUEJETEQN,590.7,591.0,591.0,0.3,0.05,140,82740,805.0,325.0
KRSNAA,KRSNAAEQN,574.8,575.1,575.1,0.3,0.05,134,77063,894.4,515.0
ANDHRAPAP,ANDHRAPAPEQN,60.28,60.31,60.31,0.03,0.05,1,60,86.89,58.0
ORIANA,ORIANASMN,1391.4,1392.1,1392.1,0.7,0.05,300,417630,3064.0,1342.3
METROBRAND,METROBRANDEQN,949.8,950.3,950.3,0.5,0.05,39,37061,1340.4,883.0
ALPINETEX,ALPINETEXEQN,62.27,62.3,62.3,0.03,0.05,1662,103542,105.0,62.05
GCSL,GCSLEQN,465.8,466.0,466.0,0.2,0.04,101,47066,542.8,213.15
EMUDHRA,EMUDHRAEQN,525.75,525.95,525.95,0.2,0.04,224,117812,775.0,364.55
TASTYBITE,TASTYBITEEQN,9357.0,9360.5,9360.5,3.5,0.04,12,112326,10789.0,6430.0
KPIL,KPILEQN,1347.7,1348.3,1348.3,0.6,0.04,2087,2813902,1479.6,1007.1
NCC,NCCEQN,144.76,144.82,144.82,0.06,0.04,3932,569432,225.4,130.0
SANOFI,SANOFIEQN,3303.2,3304.5,3304.5,1.3,0.04,21,69394,5291.0,3054.0
ACL,ACLEQN,48.43,48.45,48.45,0.02,0.04,100,4845,109.99,40.5
BEL,BELEQN,405.85,406.0,406.0,0.15,0.04,32430,13166580,473.45,361.2
NUCLEUS,NUCLEUSEQN,691.7,691.95,691.95,0.25,0.04,112,77498,1084.8,682.0
ITDC,ITDCEQN,676.65,676.95,676.95,0.3,0.04,241,163144,822.0,368.0
CRIZAC,CRIZACEQN,185.33,185.4,185.4,0.07,0.04,303,56176,387.95,173.35
KMEW,KMEWEQN,2621.1,2622.2,2622.2,1.1,0.04,25,65555,2737.0,797.5
WOCKPHARMA,WOCKPHARMAEQN,1909.4,1910.0,1910.0,0.6,0.03,3423,6537930,2422.3,1086.7
DREDGECORP,DREDGECORPEQN,1059.2,1059.5,1059.5,0.3,0.03,32,33904,1286.0,538.0
SNOWMAN,SNOWMANEQN,38.62,38.63,38.63,0.01,0.03,14,540,59.8,30.5
MINDACORP,MINDACORPEQN,721.45,721.7,721.7,0.25,0.03,2702,1950033,750.8,445.05
VTL,VTLEQN,596.0,596.15,596.15,0.15,0.03,304,181229,688.0,383.7
CCL,CCLEQN,1123.6,1123.9,1123.9,0.3,0.03,60,67434,1242.2,815.5
JAICORPLTD,JAICORPLTDEQN,102.67,102.7,102.7,0.03,0.03,1759,180649,178.24,88.0
RITES,RITESEQN,226.67,226.74,226.74,0.07,0.03,1407,319023,280.9,175.0
IONEXCHANG,IONEXCHANGEQN,380.9,381.0,381.0,0.1,0.03,512,195072,486.0,312.7
HONASA,HONASAEQN,467.3,467.45,467.45,0.15,0.03,1772,828321,491.35,248.4
LANDMARK,LANDMARKEQN,571.75,571.95,571.95,0.2,0.03,13992,8002724,662.8,339.5
KWIL,KWILEQN,34.84,34.85,34.85,0.01,0.03,14516,505882,39.45,22.24
DSSL,DSSLEQN,1239.8,1240.2,1240.2,0.4,0.03,19,23563,1924.8,781.0
ALBERTDAVD,ALBERTDAVDEQN,788.85,789.0,789.0,0.15,0.02,27,21303,903.0,579.9
LOTUSEYE,LOTUSEYEEQN,119.78,119.8,119.8,0.02,0.02,3346,400850,147.0,72.1
SALZERELEC,SALZERELECEQN,569.9,570.0,570.0,0.1,0.02,32,18240,952.5,488.8
MANCREDIT,MANCREDITEQN,247.05,247.1,247.1,0.05,0.02,6781,1675585,287.27,152.06
FCL,FCLEQN,42.99,43.0,43.0,0.01,0.02,64543,2775349,47.18,19.1
GOCOLORS,GOCOLORSEQN,323.0,323.05,323.05,0.05,0.02,9,2907,760.9,237.05
INTELLECT,INTELLECTEQN,723.65,723.8,723.8,0.15,0.02,56,40532,1244.6,595.2
AXISBANK,AXISBANKEQN,1229.8,1230.0,1230.0,0.2,0.02,10461,12867030,1418.3,1042.5
VAIBHAVGBL,VAIBHAVGBLEQN,237.65,236.2,236.2,0.05,0.02,728,171953,293.25,174.13
DBL,DBLEQN,422.2,422.3,422.3,0.1,0.02,1478,624159,585.0,381.55
ETHOSLTD,ETHOSLTDEQN,2829.3,2829.9,2829.9,0.6,0.02,136,384866,3245.9,1919.4
SCI,SCIEQN,293.95,294.0,294.0,0.05,0.02,5918,1739892,368.75,195.55
BIKAJI,BIKAJIEQN,619.85,619.95,619.95,0.1,0.02,232,143828,818.7,592.55
ACI,ACIEQN,513.55,513.65,513.65,0.1,0.02,18,9245,727.6,483.0
HUDCO,HUDCOEQN,195.77,195.8,195.8,0.03,0.02,3014,590141,246.85,159.0
RAJOOENG,RAJOOENGBEN,51.22,51.23,51.23,0.01,0.02,316,16188,109.5,46.0
LT,LTEQN,4037.4,4038.0,4038.0,0.6,0.01,3053,12328014,4440.0,3288.1
SJVN,SJVNEQN,67.24,67.25,67.25,0.01,0.01,14786,994358,101.45,63.02
VADILALIND,VADILALINDEQN,7361.0,7362.0,7362.0,1.0,0.01,22,161964,7575.0,3996.0
KAYNES,KAYNESEQN,3717.7,3718.1,3718.1,0.4,0.01,1803,6703734,7705.0,2995.0
KEC,KECEQN,450.75,450.8,450.8,0.05,0.01,10787,4862779,937.8,449.5
EICHERMOT,EICHERMOTEQN,8000.0,8000.5,8000.5,0.5,0.01,304,2432152,8230.0,5643.0
SULA,SULAEQN,152.3,152.31,152.31,0.01,0.01,257,39143,296.8,138.6
INDUSINDBK,INDUSINDBKEQN,1008.9,1009.0,1009.0,0.1,0.01,3030,3057270,1077.85,710.6
NAUKRI,NAUKRIEQN,1360.0,1360.1,1360.1,0.1,0.01,4815,6548881,1437.8,908.3
BHARATWIRE,BHARATWIREEQN,190.59,190.6,190.6,0.01,0.01,47,8958,262.0,148.01
FORTIS,FORTISEQN,935.2,935.25,935.25,0.05,0.01,1258,1176544,1104.3,766.8
BHARTIHEXA,BHARTIHEXAEQN,1515.0,1515.1,1515.1,0.1,0.01,136,206053,1955.6,1430.0
MEDIASSIST,MEDIASSISTEQN,346.25,346.3,346.3,0.05,0.01,209,72376,594.1,293.0
GICRE,GICREEQN,355.7,355.75,355.75,0.05,0.01,839,298474,417.95,346.7
ATUL,ATULEQN,6850.0,6851.0,6851.0,1.0,0.01,23,157573,7180.0,5560.5
HIMATSEIDE,HIMATSEIDEEQN,76.31,76.32,76.32,0.01,0.01,2128,162408,134.7,72.01
ASTERDM,ASTERDMEQN,854.9,854.95,854.95,0.05,0.01,1235,1055863,891.3,519.1
CANFINHOME,CANFINHOMEEQN,825.9,826.0,826.0,0.1,0.01,57,47082,971.5,708.6
TTKPRESTIG,TTKPRESTIGEQN,589.95,590.0,590.0,0.05,0.01,566,333940,771.2,423.0
SUMICHEM,SUMICHEMEQN,558.1,558.15,558.15,0.05,0.01,243,135630,617.45,362.6
CUBEINVIT,CUBEINVITIVN,158.98,159.0,159.0,0.02,0.01,405,64395,165.0,129.0
VISAKAIND,VISAKAINDEQN,100.21,100.22,100.22,0.01,0.01,901,90298,104.41,50.2
JSLL,JSLLEQN,539.2,539.25,539.25,0.05,0.01,938,505816,849.5,492.0
LTFOODS,LTFOODSEQN,419.3,419.35,419.35,0.05,0.01,353,148030,480.0,333.15
NTPCGREEN,NTPCGREENEQN,93.01,93.01,93.01,0.0,0.0,8493,789933,119.95,84.0
GALAPREC,GALAPRECEQN,1006.4,1006.4,1006.4,0.0,0.0,217,218388,1260.0,671.2
MARUTI,MARUTIEQN,13990.0,13990.0,13990.0,0.0,0.0,448,6267520,17370.0,12201.0
LAL,LALEQN,8.67,8.67,8.67,0.0,0.0,22,190,12.77,5.56
SITINET,SITINETBZN,0.29,0.29,0.29,0.0,0.0,1839,533,0.53,0.28
OSWALAGRO,OSWALAGROEQN,37.85,37.85,37.85,0.0,0.0,4,151,83.44,33.4
PARAS,PARASEQN,1284.0,1284.0,1284.0,0.0,0.0,939,1205676,1443.0,580.5
DCXINDIA,DCXINDIAEQN,178.02,178.02,178.02,0.0,0.0,1760,313315,286.0,153.3
BPL,BPLEQN,53.77,53.77,53.77,0.0,0.0,9,483,91.28,37.61
SOUTHWEST,SOUTHWESTEQN,228.23,228.23,228.23,0.0,0.0,384,87640,275.0,121.0
OMAXE,OMAXEEQN,83.03,83.03,83.03,0.0,0.0,200,16606,101.0,62.5
PANACHE,PANACHEBEN,503.05,503.05,503.05,0.0,0.0,381,191662,505.5,237.05
ASTEC,ASTECEQN,615.2,615.2,615.2,0.0,0.0,16,9843,941.75,513.4
IIFLCAPS,IIFLCAPSEQN,334.8,334.8,334.8,0.0,0.0,115,38502,411.3,240.4
ITC,ITCEQN,279.0,279.0,279.0,0.0,0.0,27572,7692588,427.0,275.0
BAIDFIN,BAIDFINEQN,9.87,9.87,9.87,0.0,0.0,3,29,12.98,8.8
MOSCHIP,MOSCHIPEQN,207.86,207.86,207.86,0.0,0.0,11017,2289993,288.45,146.8
CENTEXT,CENTEXTEQN,22.03,22.03,22.03,0.0,0.0,265,5837,34.75,15.67
ORIENTALTL,ORIENTALTLEQN,5.1,5.1,5.1,0.0,0.0,46,234,11.99,4.4
ZEEMEDIA,ZEEMEDIAEQN,7.05,7.05,7.05,0.0,0.0,10877,76682,13.26,6.65
HBLENGINE,HBLENGINEEQN,695.25,695.25,695.25,0.0,0.0,2610,1814602,1122.0,613.0
SHAH,SHAHEQN,4.05,4.05,4.05,0.0,0.0,2591,10493,5.82,3.07
ANTGRAPHIC,ANTGRAPHICEQN,0.74,0.74,0.74,0.0,0.0,5112,3782,1.22,0.64
PROZONER,PROZONEREQN,42.58,42.58,42.58,0.0,0.0,207,8814,72.77,39.31
GMRAIRPORT,GMRAIRPORTEQN,105.11,105.11,105.11,0.0,0.0,14321,1505280,115.64,84.11
WAAREEENER,WAAREEENEREQN,2704.0,2704.0,2704.0,0.0,0.0,1146,3098784,3865.0,2403.0
TVSHLTD,TVSHLTDEQN,14607.0,14607.0,14607.0,0.0,0.0,14,204498,16297.0,11063.0
GEEKAYWIRE,GEEKAYWIREEQN,22.59,22.59,22.59,0.0,0.0,30,677,40.63,18.51
ONESOURCE,ONESOURCEEQN,1598.9,1598.9,1598.9,0.0,0.0,103,164686,1925.0,1057.0
PROTEAN,PROTEANEQN,563.7,563.7,563.7,0.0,0.0,386,217588,945.5,444.0
PNGJL,PNGJLEQN,630.4,630.4,630.4,0.0,0.0,47,29628,736.4,503.0
KICL,KICLEQN,5350.0,5350.0,5350.0,0.0,0.0,4,21400,6554.9,4011.0
PDMJEPAPER,PDMJEPAPEREQN,89.91,89.91,89.91,0.0,0.0,3045,273775,148.39,65.0
SURANASOL,SURANASOLEQN,26.3,26.3,26.3,0.0,0.0,148,3892,39.08,18.31
ALPA,ALPAEQN,67.86,67.86,67.86,0.0,0.0,1,67,101.0,46.1
USK,USKEQN,21.49,21.49,21.49,0.0,0.0,10,214,37.8,18.97
ALIVUS,ALIVUSEQN,1393.6,1393.6,1393.6,0.0,0.0,180,250848,1418.0,819.0
SHYAMMETL,SHYAMMETLEQN,984.8,984.8,984.8,0.0,0.0,72,70905,1090.0,746.0
SAREGAMA,SAREGAMAEQN,529.1,529.1,529.1,0.0,0.0,516,273015,574.5,307.05
CAPLIPOINT,CAPLIPOINTEQN,2629.6,2629.6,2629.6,0.0,0.0,847,2227271,2699.0,1500.3
PPLPHARMA,PPLPHARMAEQN,214.19,214.2,214.2,0.01,0.0,11781,2523490,218.5,132.3
NTPC,NTPCEQN,338.45,338.45,338.45,0.0,0.0,7197,2435824,414.4,315.55
POWERINDIA,POWERINDIAEQN,35000.0,35000.0,35000.0,0.0,0.0,619,21665000,38785.0,16111.0
LTTS,LTTSEQN,3652.7,3652.7,3652.7,0.0,0.0,375,1369762,4726.0,3010.0
SUNTECK,SUNTECKEQN,296.55,296.55,296.55,0.0,0.0,252,74730,473.0,270.75
VOLTAS,VOLTASEQN,1280.0,1280.0,1280.0,0.0,0.0,363,464640,1582.5,1186.8
ROHLTD,ROHLTDEQN,312.2,312.2,312.2,0.0,0.0,15,4683,593.4,269.4
PAGEIND,PAGEINDEQN,38440.0,38440.0,38440.0,0.0,0.0,43,1652920,47310.0,29805.0
ACE,ACEEQN,1073.3,1073.3,1073.3,0.0,0.0,623,668665,1170.0,745.1
TVSELECT,TVSELECTEQN,459.35,459.35,459.35,0.0,0.0,21,9646,739.35,336.2
COCHINSHIP,COCHINSHIPEQN,1496.0,1496.0,1496.0,0.0,0.0,1798,2689808,1979.9,1187.0
ASHOKAMET,ASHOKAMETEQN,14.09,14.09,14.09,0.0,0.0,168,2367,21.0,12.13
5PAISA,5PAISAEQN,377.35,377.35,377.35,0.0,0.0,5,1886,400.0,245.5
RAJSREESUG,RAJSREESUGEQN,30.67,30.67,30.67,0.0,0.0,4,122,49.7,24.65
YESBANK,YESBANKEQN,22.75,22.75,22.75,0.0,0.0,287260,6535165,25.78,17.2
BALAJEE,BALAJEEEQN,27.2,27.2,27.2,0.0,0.0,3,81,59.9,21.1
NITCO,NITCOEQN,97.14,97.14,97.14,0.0,0.0,1511,146778,141.99,64.0
NBCC,NBCCEQN,93.8,93.8,93.8,0.0,0.0,37110,3480918,125.85,77.18
COLPAL,COLPALEQN,2008.0,2008.0,2008.0,0.0,0.0,689,1383512,2504.0,1782.0
INDIANB,INDIANBEQN,875.6,875.6,875.6,0.0,0.0,2366,2071669,1000.9,642.6
WSI,WSIEQN,56.93,56.93,56.93,0.0,0.0,5,284,98.9,56.17
MANAKCOAT,MANAKCOATEQN,117.51,117.51,117.51,0.0,0.0,1790,210342,182.82,94.2
DCAL,DCALEQN,193.43,193.43,193.43,0.0,0.0,200,38686,321.95,128.5
TATATECH,TATATECHEQN,865.2,865.2,865.2,0.0,0.0,3447,2982344,891.0,507.4
SANDHAR,SANDHAREQN,621.95,621.95,621.95,0.0,0.0,1855,1153717,763.2,405.2
TTKHLTCARE,TTKHLTCAREEQN,1085.3,1085.3,1085.3,0.0,0.0,9,9767,1216.8,735.0
GVKPIL,GVKPILBEN,2.33,2.33,2.33,0.0,0.0,9188,21408,4.06,2.32
MANGALAM,MANGALAMEQN,26.93,26.93,26.93,0.0,0.0,12,323,86.9,22.8
NH,NHEQN,1848.8,1848.8,1848.8,0.0,0.0,516,953980,2093.3,1589.0
MEDANTA,MEDANTAEQN,1440.4,1440.4,1440.4,0.0,0.0,324,466689,1491.0,956.0
KALAMANDIR,KALAMANDIREQN,86.59,86.59,86.59,0.0,0.0,730,63210,223.03,86.2
JSWINFRA,JSWINFRAEQN,341.85,341.85,341.85,0.0,0.0,2855,975981,355.8,233.42
SALASAR,SALASAREQN,5.79,5.79,5.79,0.0,0.0,23536,136273,10.99,5.59
TEXRAIL,TEXRAILEQN,107.34,107.34,107.34,0.0,0.0,3130,335974,153.0,78.05
BIRLAMONEY,BIRLAMONEYEQN,133.07,133.07,133.07,0.0,0.0,5,665,197.39,95.0
XPROINDIA,XPROINDIAEQN,1127.9,1127.9,1127.9,0.0,0.0,24,27069,1574.8,788.05
TCS,TCSEQN,2445.7,2445.7,2445.7,0.0,0.0,12852,31432136,3350.0,1976.8
WESTLIFE,WESTLIFEEQN,583.45,583.45,583.45,0.0,0.0,12,7001,775.0,398.4
EMAMILTD,EMAMILTDEQN,402.3,402.3,402.3,0.0,0.0,299,120287,634.2,376.4
DHANUKA,DHANUKAEQN,1040.4,1040.4,1040.4,0.0,0.0,108,112363,1665.0,889.6
KIOCL,KIOCLEQN,390.9,390.9,390.9,0.0,0.0,430,168087,634.55,290.65
RBLBANK,RBLBANKEQN,389.7,389.7,389.7,0.0,0.0,6551,2552924,392.7,243.25
BANARBEADS,BANARBEADSEQN,115.38,115.38,115.38,0.0,0.0,15,1730,164.7,96.05
SIGNATURE,SIGNATUREEQN,814.9,814.9,814.9,0.0,0.0,70,57043,1158.0,705.2
MAITHANALL,MAITHANALLEQN,1005.6,1005.6,1005.6,0.0,0.0,347,348943,1210.1,831.2
GTLINFRA,GTLINFRAEQN,1.24,1.24,1.24,0.0,0.0,105900,131316,1.67,0.96
KELLTONTEC,KELLTONTECEQN,13.98,13.98,13.98,0.0,0.0,6658,93078,29.05,13.0
KIRLOSENG,KIRLOSENGEQN,2101.5,2101.5,2101.5,0.0,0.0,562,1181043,2720.0,855.8
SPMLINFRA,SPMLINFRAEQN,186.43,186.43,186.43,0.0,0.0,955,178040,309.9,151.01
M&M,M&MEQN,3460.1,3460.0,3460.0,-0.1,0.0,7839,27122940,3839.9,2896.0
MASTEK,MASTEKEQN,1812.6,1812.6,1812.6,0.0,0.0,64,116006,2625.0,1334.2
SPECIALITY,SPECIALITYEQN,158.6,158.6,158.6,0.0,0.0,1037,164468,167.46,82.7
RTNINDIA,RTNINDIAEQN,30.68,30.68,30.68,0.0,0.0,4626,141925,64.0,24.4
DABUR,DABUREQN,412.65,412.65,412.65,0.0,0.0,3283,1354729,577.0,403.35
DALMIASUG,DALMIASUGEQN,408.3,408.3,408.3,0.0,0.0,53,21639,428.75,261.4
TRENT,TRENTEQN,3000.0,3000.0,3000.0,0.0,0.0,340,1020000,3782.67,2183.67
GARFIBRES,GARFIBRESEQN,786.4,786.4,786.4,0.0,0.0,36,28310,870.45,579.75
ORIENTHOT,ORIENTHOTEQN,128.39,128.39,128.39,0.0,0.0,6,770,149.5,80.0
NILAINFRA,NILAINFRAEQN,7.37,7.37,7.37,0.0,0.0,12749,93960,11.55,5.9
PGHL,PGHLEQN,6031.5,6031.5,6031.5,0.0,0.0,1,6031,6975.0,4707.0
SENORES,SENORESEQN,1475.7,1475.7,1475.7,0.0,0.0,394,581425,1509.8,632.05
DHANBANK,DHANBANKEQN,32.73,32.73,32.73,0.0,0.0,91,2978,36.85,19.45
HDFCLIFE,HDFCLIFEEQN,536.0,536.0,536.0,0.0,0.0,1759,942824,815.0,530.5
GAIL,GAILEQN,175.34,175.34,175.34,0.0,0.0,21070,3694413,186.87,134.36
GMRP&UI,GMRP&UIEQN,95.82,95.82,95.82,0.0,0.0,681,65253,136.95,89.0
MSUMI,MSUMIEQN,41.01,41.01,41.01,0.0,0.0,9509,389964,53.59,35.7
STYLAMIND,STYLAMINDEQN,3568.7,3568.7,3568.7,0.0,0.0,151,538873,4150.0,1594.1
UGROCAP,UGROCAPEQN,95.68,95.68,95.68,0.0,0.0,302,28895,192.5,80.12
SANSERA,SANSERAEQN,3685.1,3685.1,3685.1,0.0,0.0,477,1757792,3938.0,1216.3
SOUTHBANK,SOUTHBANKEQN,45.81,45.81,45.81,0.0,0.0,60913,2790424,49.9,28.11
SONATSOFTW,SONATSOFTWEQN,333.9,333.9,333.9,0.0,0.0,5846,1951979,421.5,207.15
FOODSIN,FOODSINEQN,53.07,53.07,53.07,0.0,0.0,3000,159210,102.4,44.0
HESTERBIO,HESTERBIOEQN,2487.8,2487.8,2487.8,0.0,0.0,3,7463,2683.6,1239.3
KNACK,KNACKEQN,206.78,206.78,206.78,0.0,0.0,31289,6469939,222.0,180.33
POLICYBZR,POLICYBZREQN,1733.0,1733.0,1733.0,0.0,0.0,4036,6994388,1974.0,1364.0
MOLDTKPAC,MOLDTKPACEQN,678.85,678.85,678.85,0.0,0.0,206,139843,870.5,464.9
HGS,HGSEQN,411.3,411.3,411.3,0.0,0.0,46,18919,556.0,342.05
SCHAEFFLER,SCHAEFFLEREQN,4151.3,4151.3,4151.3,0.0,0.0,32,132841,4467.7,3518.4
TIINDIA,TIINDIAEQN,2780.0,2780.0,2780.0,0.0,0.0,142,394760,3419.9,2164.9
RANASUG,RANASUGEQN,13.0,13.0,13.0,0.0,0.0,609,7917,15.69,10.21
IRFC,IRFCEQN,87.91,87.91,87.91,0.0,0.0,34586,3040455,137.17,86.02
HUHTAMAKI,HUHTAMAKIEQN,291.65,291.65,291.65,0.0,0.0,212,61829,330.0,148.6
AWL,AWLEQN,192.86,192.86,192.86,0.0,0.0,4500,867870,282.9,171.19
BLUESTARCO,BLUESTARCOEQN,1497.9,1497.9,1497.9,0.0,0.0,442,662071,2040.0,1450.0
WEL,WELEQN,134.5,134.5,134.5,0.0,0.0,421,56624,183.53,75.01
PIRAMALFIN,PIRAMALFINEQN,2114.7,2114.7,2114.7,0.0,0.0,168,355269,2220.0,1260.0
FLFL,FLFLBZN,1.2,1.2,1.2,0.0,0.0,145,174,1.99,1.11
MAZDOCK,MAZDOCKEQN,2554.0,2554.0,2554.0,0.0,0.0,1943,4962422,3061.4,2057.4
PAYTM,PAYTMEQN,1593.7,1593.7,1593.7,0.0,0.0,10175,16215897,1639.9,930.6
SHIVAMILLS,SHIVAMILLSEQN,61.98,61.98,61.98,0.0,0.0,27,1673,77.01,43.01
CUBEXTUB,CUBEXTUBEQN,79.79,79.79,79.79,0.0,0.0,1,79,143.69,73.1
RUSTOMJEE,RUSTOMJEEEQN,370.0,370.0,370.0,0.0,0.0,1418,524660,668.0,358.8
KOTHARIPRO,KOTHARIPROEQN,70.58,70.58,70.58,0.0,0.0,40,2823,109.0,58.0
GVPTECH,GVPTECHEQN,7.06,7.06,7.06,0.0,0.0,675,4765,11.39,5.22
JTLIND,JTLINDEQN,76.79,76.79,76.79,0.0,0.0,1590,122096,87.2,40.25
MONARCH,MONARCHEQN,376.25,376.25,376.25,0.0,0.0,324,121905,403.8,235.45
STARHEALTH,STARHEALTHEQN,584.7,584.7,584.7,0.0,0.0,150,87705,624.9,416.55
IRB,IRBEQN,19.56,19.56,19.56,0.0,0.0,103720,2028763,23.95,19.15
KAYA,KAYAEQN,289.2,289.2,289.2,0.0,0.0,101,29209,487.9,224.01
UNOMINDA,UNOMINDAEQN,1275.0,1275.0,1275.0,0.0,0.0,427,544425,1382.0,994.0
NINSYS,NINSYSEQN,730.65,730.65,730.65,0.0,0.0,53,38724,935.0,281.05
PFC,PFCEQN,381.0,381.0,381.0,0.0,0.0,17157,6536817,486.5,329.9
ABBOTINDIA,ABBOTINDIAEQN,28020.0,28020.0,28020.0,0.0,0.0,67,1877340,34060.0,25150.0
RATNAMANI,RATNAMANIEQN,2255.0,2255.0,2255.0,0.0,0.0,26,58630,3345.0,1936.5
VIDHIING,VIDHIINGEQN,315.7,315.7,315.7,0.0,0.0,500,157850,410.0,258.6
RADIANTCMS,RADIANTCMSEQN,38.23,38.23,38.23,0.0,0.0,60,2293,62.3,32.33
ASALCBR,ASALCBREQN,730.25,730.25,730.25,0.0,0.0,25,18256,1277.0,660.65
ABB,ABBEQN,7611.5,7611.5,7611.5,0.0,0.0,393,2991319,7924.5,4637.5
AKUMS,AKUMSEQN,760.95,760.95,760.95,0.0,0.0,1885,1434390,769.45,409.3
FEDERALBNK,FEDERALBNKEQN,354.55,354.55,354.55,0.0,0.0,2717,963312,371.7,188.4
FOSECOIND,FOSECOINDEQN,5500.5,5500.5,5500.5,0.0,0.0,5,27502,6846.0,4300.0
MANGLMCEM,MANGLMCEMEQN,906.15,906.15,906.15,0.0,0.0,10,9061,1023.45,679.35
PGEL,PGELEQN,616.0,616.0,616.0,0.0,0.0,2521,1552936,644.4,436.55
SHAILY,SHAILYEQN,3457.9,3457.9,3457.9,0.0,0.0,426,1473065,3615.2,1604.3
AAVAS,AAVASEQN,1396.8,1396.8,1396.8,0.0,0.0,54,75427,1771.9,1060.4
GLENMARK,GLENMARKEQN,2276.0,2276.0,2276.0,0.0,0.0,451,1026476,2474.0,1792.6
BALAJITELE,BALAJITELEEQN,90.76,90.76,90.76,0.0,0.0,70,6353,141.32,69.52
HINDCON,HINDCONEQN,22.96,22.96,22.96,0.0,0.0,193,4431,37.75,15.66
APLLTD,APLLTDEQN,838.85,838.85,838.85,0.0,0.0,38,31876,1002.0,635.8
GHCL,GHCLEQN,432.25,432.25,432.25,0.0,0.0,175,75643,667.2,416.6
GMBREW,GMBREWEQN,900.0,900.0,900.0,0.0,0.0,24,21600,1328.8,666.05
RELIANCE,RELIANCEEQN,1323.9,1323.9,1323.9,0.0,0.0,36266,48012557,1611.8,1249.8
APOLLOHOSP,APOLLOHOSPEQN,8750.5,8750.5,8750.5,0.0,0.0,2391,20922445,9050.0,6696.5
ASHOKLEY,ASHOKLEYEQN,174.83,174.83,174.83,0.0,0.0,22837,3992592,215.42,114.96
AUROPHARMA,AUROPHARMAEQN,1658.0,1658.0,1658.0,0.0,0.0,500,829000,1671.9,1016.1
AUTOAXLES,AUTOAXLESEQN,1803.8,1803.8,1803.8,0.0,0.0,25,45095,2115.0,1540.2
HDFCBANK,HDFCBANKEQN,729.0,729.0,729.0,0.0,0.0,372918,271857222,1020.5,726.55
HEG,HEGEQN,678.25,678.25,678.25,0.0,0.0,1022,693171,698.0,459.8
BHARATFORG,BHARATFORGEQN,2051.0,2051.0,2051.0,0.0,0.0,3546,7272846,2295.0,1100.5
HINDUNILVR,HINDUNILVREQN,2064.9,2065.0,2065.0,0.1,0.0,1504,3105760,2750.0,2016.0
KSB,KSBEQN,811.85,811.85,811.85,0.0,0.0,230,186725,1028.3,666.65
RELIGARE,RELIGAREEQN,227.35,227.35,227.35,0.0,0.0,912,207343,280.0,196.51
SAMHI,SAMHIEQN,164.81,164.81,164.81,0.0,0.0,616,101522,227.0,127.0
SIS,SISEQN,437.55,437.55,437.55,0.0,0.0,567,248090,480.95,257.05
KNRCON,KNRCONEQN,136.84,136.84,136.84,0.0,0.0,2123,290511,220.0,108.65
IDBI,IDBIEQN,82.44,82.44,82.44,0.0,0.0,4255,350782,118.38,61.01
PIDILITIND,PIDILITINDEQN,1685.8,1685.8,1685.8,0.0,0.0,2827,4765756,1686.4,1259.0
PRAJIND,PRAJINDEQN,329.9,329.9,329.9,0.0,0.0,2452,808914,451.85,273.0
JUBLINGREA,JUBLINGREAEQN,733.1,733.1,733.1,0.0,0.0,367,269047,795.0,537.3
STARPAPER,STARPAPEREQN,154.07,154.07,154.07,0.0,0.0,2,308,188.8,119.05
SUBROS,SUBROSEQN,765.6,765.6,765.6,0.0,0.0,224,171494,1213.7,622.1
LTM,LTMEQN,4850.0,4850.0,4850.0,0.0,0.0,791,3836350,6429.5,3528.0
HATHWAY,HATHWAYEQN,10.76,10.76,10.76,0.0,0.0,2230,23994,15.25,8.76
HIKAL,HIKALEQN,217.98,217.98,217.98,0.0,0.0,160,34876,294.8,146.25
POLYCAB,POLYCABEQN,9125.0,9125.0,9125.0,0.0,0.0,637,5812625,10126.0,6620.0
POWERGRID,POWERGRIDEQN,267.95,267.95,267.95,0.0,0.0,14376,3852049,324.95,250.0
SMSPHARMA,SMSPHARMAEQN,378.75,378.75,378.75,0.0,0.0,502,190132,447.8,218.61
BSE,BSEEQN,3605.0,3605.0,3605.0,0.0,0.0,13197,47575185,4446.8,2021.5
ASKAUTOLTD,ASKAUTOLTDEQN,654.25,654.25,654.25,0.0,0.0,649,424608,687.7,375.3
NOCIL,NOCILEQN,165.96,165.96,165.96,0.0,0.0,123,20413,204.5,125.31
MIDHANI,MIDHANIEQN,427.75,427.75,427.75,0.0,0.0,687,293864,454.8,266.65
ORIENTPPR,ORIENTPPREQN,17.52,17.52,17.52,0.0,0.0,5,87,30.89,13.25
SBIN,SBINEQN,1066.0,1066.0,1066.0,0.0,0.0,21736,23170576,1234.7,798.5
SPIC,SPICEQN,66.87,66.87,66.87,0.0,0.0,6122,409378,128.2,55.1
SRF,SRFEQN,2570.0,2570.1,2570.1,0.1,0.0,65,167056,3210.0,2355.0
DOMS,DOMSEQN,2231.8,2231.8,2231.8,0.0,0.0,32,71417,2770.0,2023.9
MHRIL,MHRILEQN,225.57,225.57,225.57,0.0,0.0,308,69475,368.9,207.9
VSTIND,VSTINDEQN,218.96,218.96,218.96,0.0,0.0,395,86489,286.78,200.0
FINEORG,FINEORGEQN,5120.7,5120.7,5120.7,0.0,0.0,60,307242,5407.0,3856.0
PETRONET,PETRONETEQN,277.0,277.0,277.0,0.0,0.0,1657,458989,326.4,235.35
SUNDRMFAST,SUNDRMFASTEQN,1210.05,1210.0,1210.0,-0.05,0.0,606,733260,1226.0,730.1
SUNPHARMA,SUNPHARMAEQN,1942.0,1942.0,1942.0,0.0,0.0,1562,3033404,2046.9,1548.0
SWARAJENG,SWARAJENGEQN,3597.9,3597.9,3597.9,0.0,0.0,18,64762,4545.0,3301.3
KITEX,KITEXEQN,133.99,133.99,133.99,0.0,0.0,5651,757177,232.7,132.25
COALINDIA,COALINDIAEQN,412.6,412.6,412.6,0.0,0.0,9253,3817787,491.25,368.65
AZAD,AZADEQN,2472.1,2472.1,2472.1,0.0,0.0,1337,3305197,2589.0,1360.0
ICICIPRULI,ICICIPRULIEQN,501.5,501.5,501.5,0.0,0.0,2550,1278825,706.8,459.5
HPL,HPLEQN,326.15,326.15,326.15,0.0,0.0,1172,382247,597.65,255.55
COMPINFO,COMPINFOBZN,1.07,1.07,1.07,0.0,0.0,1,1,2.52,0.91
BRITANNIA,BRITANNIAEQN,5598.0,5598.0,5598.0,0.0,0.0,275,1539450,6336.0,5035.0
INDHOTEL,INDHOTELEQN,724.0,724.0,724.0,0.0,0.0,1764,1277136,811.95,565.0
GMMPFAUDLR,GMMPFAUDLREQN,1003.8,1003.8,1003.8,0.0,0.0,1052,1055997,1324.7,735.0
JTEKTINDIA,JTEKTINDIAEQN,141.16,141.16,141.16,0.0,0.0,153,21597,188.5,117.01
MARICO,MARICOEQN,855.0,855.0,855.0,0.0,0.0,1952,1668960,889.1,690.3
RPPL,RPPLBEN,24.87,24.87,24.87,0.0,0.0,460,11440,26.97,14.25
EXCELINDUS,EXCELINDUSEQN,1034.4,1034.4,1034.4,0.0,0.0,1,1034,1348.8,800.05
TRIDENT,TRIDENTEQN,24.83,24.83,24.83,0.0,0.0,8385,208199,30.94,21.98
RECLTD,RECLTDEQN,344.7,344.7,344.7,0.0,0.0,10112,3485606,390.5,304.05
AUBANK,AUBANKEQN,1070.9,1070.9,1070.9,0.0,0.0,2271,2432013,1105.9,682.15
AVADHSUGAR,AVADHSUGAREQN,634.8,634.8,634.8,0.0,0.0,188,119342,665.0,306.05
ABCAPITAL,ABCAPITALEQN,407.15,407.15,407.15,0.0,0.0,2457,1000367,430.7,267.0
ADOR,ADOREQN,1505.6,1505.6,1505.6,0.0,0.0,4,6022,1597.0,848.0
MAWANASUG,MAWANASUGEQN,115.17,115.17,115.17,0.0,0.0,157,18081,123.75,75.08
TITAN,TITANEQN,5128.0,5128.0,5128.0,0.0,0.0,2628,13476384,5168.0,3303.1
VINDHYATEL,VINDHYATELEQN,2429.0,2429.0,2429.0,0.0,0.0,16,38864,2544.0,963.9
HAL,HALEQN,4909.0,4909.0,4909.0,0.0,0.0,2422,11889598,4978.0,3479.1
EASEMYTRIP,EASEMYTRIPEQN,6.58,6.58,6.58,0.0,0.0,26197,172376,10.6,5.77
COFORGE,COFORGEEQN,1819.0,1819.0,1819.0,0.0,0.0,4024,7319656,1989.7,1008.1
NDTV,NDTVEQN,76.95,76.95,76.95,0.0,0.0,1221,93955,134.5,58.75
SILINV,SILINVEQN,426.5,426.5,426.5,0.0,0.0,2,853,767.0,380.0
UNIONBANK,UNIONBANKEQN,182.5,182.5,182.5,0.0,0.0,23875,4357187,205.49,124.64
SYRMA,SYRMAEQN,1494.8,1494.8,1494.8,0.0,0.0,2400,3587520,1543.0,634.5
CENTURYPLY,CENTURYPLYEQN,776.4,776.4,776.4,0.0,0.0,225,174690,859.0,618.5
VISACHROME,VISACHROMEBEN,37.56,37.56,37.56,0.0,0.0,120,4507,73.68,27.05
JIOFIN,JIOFINEQN,252.75,252.75,252.75,0.0,0.0,21962,5550895,333.7,223.3
ZFCVINDIA,ZFCVINDIAEQN,2615.0,2615.0,2615.0,0.0,0.0,47,122905,3044.0,2050.33
SHRIPISTON,SHRIPISTONEQN,4419.1,4419.1,4419.1,0.0,0.0,109,481681,4549.0,2354.1
RTNPOWER,RTNPOWEREQN,8.54,8.54,8.54,0.0,0.0,42240,360729,12.9,7.52
HAPPYFORGE,HAPPYFORGEEQN,1907.8,1907.8,1907.8,0.0,0.0,256,488396,1965.9,862.05
NUVOCO,NUVOCOEQN,331.25,331.25,331.25,0.0,0.0,113,37431,477.5,276.25
TNTELE,TNTELEEQN,9.21,9.21,9.21,0.0,0.0,5,46,17.9,7.81
SAGILITY,SAGILITYEQN,43.02,43.02,43.02,0.0,0.0,56704,2439406,57.89,35.83
KRIDHANINF,KRIDHANINFBEN,2.24,2.24,2.24,0.0,0.0,1,2,4.78,1.81
DOLLEX,DOLLEXSMN,31.7,31.7,31.7,0.0,0.0,4000,126800,43.55,26.0
FLEXITUFF,FLEXITUFFBEN,3.34,3.34,3.34,0.0,0.0,124,414,29.49,3.34
AKSHOPTFBR,AKSHOPTFBRBEN,6.14,6.14,6.14,0.0,0.0,3,18,9.0,3.82
TOLINS,TOLINSEQN,102.47,102.47,102.47,0.0,0.0,127,13013,202.0,83.04
ARE&M,ARE&MEQN,970.25,970.25,970.25,0.0,0.0,13392,12993588,1057.85,670.0
MEDICO,MEDICOEQN,45.25,45.25,45.25,0.0,0.0,385,17421,56.88,30.22
IL&FSTRANS,IL&FSTRANSBZN,2.17,2.17,2.17,0.0,0.0,100,217,3.46,1.75
DANGEE,DANGEEEQN,2.98,2.98,2.98,0.0,0.0,5,14,5.08,2.53
RCF,RCFEQN,125.55,125.55,125.55,0.0,0.0,1784,223981,164.49,106.0
ASAHISONG,ASAHISONGBEN,338.1,338.1,338.1,0.0,0.0,30,10143,413.95,179.64
GRETEX,GRETEXSMN,300.0,300.0,300.0,0.0,0.0,750,225000,304.0,180.5
ARSSBL,ARSSBLEQN,509.15,509.15,509.15,0.0,0.0,100,50915,794.85,416.0
DELPHIFX,DELPHIFXBEN,6.7,6.7,6.7,0.0,0.0,283,1896,18.25,6.21
BIRLACABLE,BIRLACABLEBEN,280.26,280.26,280.26,0.0,0.0,13887,3891970,280.26,104.0
SVPGLOB,SVPGLOBBEN,3.97,3.97,3.97,0.0,0.0,15,59,6.89,2.18
JLHL,JLHLEQN,312.55,312.55,312.55,0.0,0.0,48,15002,340.0,235.6
TRACXN,TRACXNEQN,29.84,29.84,29.84,0.0,0.0,205,6117,55.9,25.39
VRLLOG,VRLLOGEQN,305.25,305.25,305.25,0.0,0.0,1420,433455,310.0,225.0
MAHEPC,MAHEPCEQN,107.27,107.27,107.27,0.0,0.0,5,536,185.12,91.91
SHRENIK,SHRENIKBZN,0.32,0.32,0.32,0.0,0.0,10790,3452,0.65,0.31
RAJMET,RAJMETEQN,3.34,3.34,3.34,0.0,0.0,646,2157,5.28,2.72
LANDSMILL,LANDSMILLEQN,0.78,0.78,0.78,0.0,0.0,13779,10747,1.74,0.73
JKIPL,JKIPLEQN,97.21,97.21,97.21,0.0,0.0,10,972,126.95,45.4
VMSTMT,VMSTMTEQN,50.02,50.02,50.02,0.0,0.0,1070,53521,105.0,33.5
GENSOL,GENSOLBZN,16.9,16.9,16.9,0.0,0.0,563,9514,46.02,16.73
INNOVISION,INNOVISIONEQN,285.2,285.2,285.2,0.0,0.0,94,26808,470.0,278.0
ICICIAMC,ICICIAMCEQN,3028.5,3028.5,3028.5,0.0,0.0,262,793467,3611.0,2530.0
MARINE,MARINEEQN,349.7,349.7,349.7,0.0,0.0,2297,803260,363.85,150.86
CORDELIA,CORDELIAEQN,833.75,833.75,833.75,0.0,0.0,59,49191,925.65,623.1
VIJAYA,VIJAYAEQN,1428.2,1428.2,1428.2,0.0,0.0,765,1092573,1441.8,848.0
TRUALT,TRUALTEQN,478.1,478.1,478.1,0.0,0.0,85,40638,549.0,310.2
DPSCLTD,DPSCLTDBEN,7.55,7.55,7.55,0.0,0.0,806,6085,13.31,6.95
STYL,STYLEQN,412.45,412.45,412.45,0.0,0.0,550,226847,437.45,209.11
TATACAP,TATACAPEQN,367.2,367.2,367.2,0.0,0.0,2538,931953,390.2,296.0
ADVANCE,ADVANCEEQN,122.21,122.21,122.21,0.0,0.0,341,41673,154.0,84.1
ORCHASP,ORCHASPEQN,1.53,1.53,1.53,0.0,0.0,644,985,4.16,1.43
SIGMAADV,SIGMAADVBEN,701.45,701.45,701.45,0.0,0.0,506,354933,721.5,108.75
KDDL,KDDLEQN,3842.2,3842.2,3842.2,0.0,0.0,39,149845,4155.5,1990.0
MITCON,MITCONBEN,77.0,77.0,77.0,0.0,0.0,1,77,91.7,49.56
NAHARPOLY,NAHARPOLYEQN,250.7,250.7,250.7,0.0,0.0,125,31337,338.8,200.0
SAKUMA,SAKUMAEQN,1.67,1.67,1.67,0.0,0.0,2053,3428,3.1,1.1
PRITI,PRITIBEN,36.49,36.49,36.49,0.0,0.0,1,36,104.9,31.5
FISCHER,FISCHEREQN,38.47,38.47,38.47,0.0,0.0,2602,100098,124.7,31.05
RAMANEWS,RAMANEWSEQN,33.36,33.36,33.36,0.0,0.0,11,366,42.0,27.05
EPACKPEB,EPACKPEBEQN,247.15,247.15,247.15,0.0,0.0,1526,377150,344.0,132.17
ARIS,ARISEQN,133.76,133.76,133.76,0.0,0.0,1169,156365,178.3,82.18
MAHASTEEL,MAHASTEELBEN,1039.4,1039.4,1039.4,0.0,0.0,14,14551,1103.7,312.2
JARO,JAROEQN,441.4,441.4,441.4,0.0,0.0,105,46347,890.0,383.5
KSHINTL,KSHINTLEQN,988.95,988.95,988.95,0.0,0.0,5241,5183086,1045.5,330.0
EASTSILK,EASTSILKBEN,69.45,69.45,69.45,0.0,0.0,24,1666,99.25,24.0
VMART,VMARTEQN,814.7,814.7,814.7,0.0,0.0,23,18738,888.0,457.9
SHADOWFAX,SHADOWFAXEQN,249.03,249.03,249.03,0.0,0.0,5152,1283002,261.5,98.55
DALBHARAT,DALBHARATEQN,1835.6,1835.6,1835.6,0.0,0.0,173,317558,2496.3,1605.0
RHFL,RHFLBZN,1.81,1.81,1.81,0.0,0.0,8942,16185,5.51,1.78
INDIQUBE,INDIQUBEEQN,184.05,184.05,184.05,0.0,0.0,60,11043,243.8,131.15
INDOMIM,INDOMIMEQN,821.8,821.8,821.8,0.0,0.0,5096,4187892,908.0,700.0
CGPOWER,CGPOWEREQN,881.0,881.0,881.0,0.0,0.0,6531,5753811,980.9,525.5
KSL,KSLEQN,843.7,843.7,843.7,0.0,0.0,58,48934,982.55,574.0
GKSL,GKSLEQN,133.8,133.8,133.8,0.0,0.0,7,936,148.34,98.36
ADANIPOWER,ADANIPOWEREQN,209.0,209.0,209.0,0.0,0.0,49694,10386046,254.2,114.24
AARTECH,AARTECHBEN,48.53,48.53,48.53,0.0,0.0,206,9997,66.49,33.51
TVSMOTOR,TVSMOTOREQN,4400.0,4400.0,4400.0,0.0,0.0,1589,6991600,4475.0,2955.5
EMKAY,EMKAYEQN,238.99,238.99,238.99,0.0,0.0,2,477,409.9,186.0
MOLDTECH,MOLDTECHBEN,182.75,182.75,182.75,0.0,0.0,859,156982,221.0,101.1
LGEINDIA,LGEINDIAEQN,1566.5,1566.5,1566.5,0.0,0.0,183,286669,1749.0,1304.1
PARKHOSPS,PARKHOSPSEQN,282.55,282.55,282.55,0.0,0.0,572,161618,305.0,138.1
PRAVEG,PRAVEGEQN,273.85,273.85,273.85,0.0,0.0,30,8215,325.0,210.4
APOLLOTYRE,APOLLOTYREEQN,443.0,443.0,443.0,0.0,0.0,1641,726963,540.5,365.3
JSWCEMENT,JSWCEMENTEQN,131.52,131.52,131.52,0.0,0.0,1918,252255,162.15,106.65
MAHSCOOTER,MAHSCOOTEREQN,13786.0,13786.0,13786.0,0.0,0.0,18,248148,18538.0,10901.0
CPL,CPLEQN,70.0,70.0,70.0,0.0,0.0,5,350,75.74,68.0
KEI,KEIEQN,5645.0,5645.0,5645.0,0.0,0.0,112,632240,5708.0,3712.2
ONIDA,ONIDAEQN,38.43,38.43,38.43,0.0,0.0,1832,70403,49.23,20.78
IRCON,IRCONEQN,128.14,128.14,128.14,0.0,0.0,5318,681448,189.5,114.5
NILE,NILEEQN,1515.7,1515.7,1515.7,0.0,0.0,6,9094,2018.9,1445.7
KOTIC,KOTICEQN,149.93,149.93,149.93,0.0,0.0,4,599,223.7,142.15
MANIPALHOS,MANIPALHOSEQN,701.45,701.45,701.45,0.0,0.0,5135,3601945,717.0,625.45
SURAJEST,SURAJESTEQN,208.78,208.76,208.76,-0.02,-0.01,80,16700,349.35,171.3
ICICIBANK,ICICIBANKEQN,1429.6,1429.4,1429.4,-0.2,-0.01,17256,24665726,1480.0,1187.6
HIRECT,HIRECTEQN,1222.3,1222.2,1222.2,-0.1,-0.01,1767,2159627,1399.0,565.2
SBICARD,SBICARDEQN,650.05,650.0,650.0,-0.05,-0.01,627,407550,965.0,565.45
WABAG,WABAGEQN,1950.1,1950.0,1950.0,-0.1,-0.01,618,1205100,2253.5,1033.0
SGMART,SGMARTEQN,717.95,717.9,717.9,-0.05,-0.01,10,7179,737.45,313.1
JYOTICNC,JYOTICNCEQN,805.0,804.95,804.95,-0.05,-0.01,365,293806,1055.9,580.1
SHRIRAMPPS,SHRIRAMPPSEQN,86.26,86.25,86.25,-0.01,-0.01,1214,104707,99.44,60.57
SURYODAY,SURYODAYEQN,163.66,163.65,163.65,-0.01,-0.01,2911,476385,218.0,115.41
GLAND,GLANDEQN,2924.4,2924.0,2924.0,-0.4,-0.01,4796,14023504,2988.4,1573.6
IREDA,IREDAEQN,118.7,118.69,118.69,-0.01,-0.01,14206,1686110,163.35,108.65
HINDWAREAP,HINDWAREAPEQN,210.03,210.0,210.0,-0.03,-0.01,896,188160,392.7,170.5
AMBER,AMBEREQN,7078.5,7078.0,7078.0,-0.5,-0.01,870,6157860,8974.0,5400.5
CHAMBLFERT,CHAMBLFERTEQN,444.35,444.3,444.3,-0.05,-0.01,864,383875,580.7,399.75
PATANJALI,PATANJALIEQN,353.0,352.95,352.95,-0.05,-0.01,8746,3086900,615.0,328.2
SHREDIGCEM,SHREDIGCEMEQN,72.24,72.23,72.23,-0.01,-0.01,63,4550,107.7,53.9
BUILDPRO,BUILDPROEQN,1270.0,1269.9,1269.9,-0.1,-0.01,15,19048,1380.0,636.0
HEXT,HEXTEQN,565.15,565.05,565.05,-0.1,-0.02,313,176860,829.4,400.2
DDEVPLSTIK,DDEVPLSTIKEQN,290.3,290.25,290.25,-0.05,-0.02,467,135546,360.0,185.15
NEWGEN,NEWGENEQN,555.1,555.0,555.0,-0.1,-0.02,1267,703185,1041.95,401.05
SHILPAMED,SHILPAMEDEQN,819.7,819.5,819.5,-0.2,-0.02,3737,3062471,825.4,259.5
PNBHOUSING,PNBHOUSINGEQN,1142.1,1141.9,1141.9,-0.2,-0.02,270,308313,1174.8,729.6
MUNJALAU,MUNJALAUEQN,102.02,102.0,102.0,-0.02,-0.02,36,3672,114.99,67.2
GMDCLTD,GMDCLTDEQN,603.0,602.9,602.9,-0.1,-0.02,2850,1718265,771.9,399.2
SUZLON,SUZLONEQN,47.5,47.49,47.49,-0.01,-0.02,219915,10443763,64.95,38.19
IGARASHI,IGARASHIEQN,457.8,457.7,457.7,-0.1,-0.02,100,45770,558.0,271.05
BEPL,BEPLEQN,122.53,122.5,122.5,-0.03,-0.02,1504,184240,138.5,74.2
ORIENTCEM,ORIENTCEMEQN,134.13,134.1,134.1,-0.03,-0.02,694,93065,244.37,122.32
AVANTEL,AVANTELEQN,160.27,160.24,160.24,-0.03,-0.02,2015,322883,215.0,117.05
JINDALSAW,JINDALSAWEQN,273.55,273.5,273.5,-0.05,-0.02,1702,465497,281.0,153.0
SATIN,SATINEQN,225.04,225.0,225.0,-0.04,-0.02,637,143325,274.14,133.01
ATLANTAELE,ATLANTAELEEQN,1586.3,1586.0,1586.0,-0.3,-0.02,258,409188,2152.6,707.6
CREDITACC,CREDITACCEQN,1540.3,1540.0,1540.0,-0.3,-0.02,295,454300,1634.0,1113.0
TARIL,TARILEQN,297.1,297.0,297.0,-0.1,-0.03,3345,993465,552.0,224.05
MCLOUD,MCLOUDEQN,28.91,28.9,28.9,-0.01,-0.03,1555,44939,90.5,19.4
PFS,PFSEQN,28.76,28.75,28.75,-0.01,-0.03,1899,54596,40.69,23.85
JKCEMENT,JKCEMENTEQN,5361.0,5359.5,5359.5,-1.5,-0.03,17,91111,7565.5,4671.5
GLAXO,GLAXOEQN,2601.9,2601.0,2601.0,-0.9,-0.03,51,132651,2883.4,2088.1
BAJFINANCE,BAJFINANCEEQN,1093.3,1093.0,1093.0,-0.3,-0.03,29505,32248965,1176.4,787.9
ABLBL,ABLBLEQN,91.48,91.45,91.45,-0.03,-0.03,1600,146320,151.33,87.91
CESC,CESCEQN,161.01,160.96,160.96,-0.05,-0.03,5118,823793,204.5,138.12
GSPCROP,GSPCROPEQN,592.4,592.2,592.2,-0.2,-0.03,54,31978,607.8,328.0
ORKLAINDIA,ORKLAINDIAEQN,555.0,554.85,554.85,-0.15,-0.03,96,53265,760.0,533.25
VISL,VISLEQN,38.81,38.8,38.8,-0.01,-0.03,921450,35752260,44.78,19.06
VSSL,VSSLEQN,332.7,332.6,332.6,-0.1,-0.03,182,60533,351.7,206.4
HAWKINCOOK,HAWKINCOOKEQN,8193.0,8190.5,8190.5,-2.5,-0.03,6,49143,9600.0,7109.0
PTCIL,PTCILEQN,18906.0,18898.0,18898.0,-8.0,-0.04,10,188980,19851.0,13251.0
DOLATALGO,DOLATALGOEQN,70.18,70.15,70.15,-0.03,-0.04,1,70,95.76,64.96
SBFC,SBFCEQN,93.84,93.8,93.8,-0.04,-0.04,1278,119876,123.0,79.6
AEGISLOG,AEGISLOGEQN,1297.6,1297.1,1297.1,-0.5,-0.04,1436,1862635,1497.8,576.1
MMFL,MMFLEQN,643.15,642.9,642.9,-0.25,-0.04,280,180012,664.0,288.1
AGI,AGIEQN,717.2,716.9,716.9,-0.3,-0.04,97,69539,967.0,465.0
BALKRISIND,BALKRISINDEQN,2498.9,2498.0,2498.0,-0.9,-0.04,106,264788,2775.0,1970.0
TATACHEM,TATACHEMEQN,668.75,668.45,668.45,-0.3,-0.04,2258,1509360,1026.65,580.3
KRBL,KRBLEQN,370.55,370.4,370.4,-0.15,-0.04,212,78524,495.0,274.65
HITECH,HITECHEQN,84.18,84.15,84.15,-0.03,-0.04,465,39129,127.5,70.14
IMFA,IMFAEQN,1481.6,1481.0,1481.0,-0.6,-0.04,202,299162,1679.9,721.85
FRACTAL,FRACTALEQN,828.3,828.0,828.0,-0.3,-0.04,544,450432,1118.0,733.7
ICIL,ICILEQN,423.2,423.0,423.0,-0.2,-0.05,147,62181,463.8,216.9
GESHIP,GESHIPEQN,1292.6,1292.0,1292.0,-0.6,-0.05,1332,1720944,1798.0,922.5
SCHAND,SCHANDEQN,139.37,139.3,139.3,-0.07,-0.05,33,4596,200.87,130.05
DHARMAJ,DHARMAJEQN,280.0,279.85,279.85,-0.15,-0.05,200,55970,386.5,210.65
ROLEXRINGS,ROLEXRINGSEQN,177.29,177.21,177.21,-0.08,-0.05,134314,23801783,180.0,99.79
MANALIPETC,MANALIPETCEQN,65.53,65.5,65.5,-0.03,-0.05,297,19453,77.6,39.13
SBC,SBCEQN,41.51,41.49,41.49,-0.02,-0.05,14272,592145,45.0,15.55
ACCELYA,ACCELYAEQN,1146.6,1146.0,1146.0,-0.6,-0.05,3,3438,1527.0,1012.4
WIPRO,WIPROEQN,184.6,184.51,184.51,-0.09,-0.05,23228,4285798,273.1,169.0
THYROCARE,THYROCAREEQN,649.35,649.0,649.0,-0.35,-0.05,10134,6576966,656.0,342.55
SAHAJSOLAR,SAHAJSOLARSMN,108.4,108.35,108.35,-0.05,-0.05,400,43340,268.0,91.0
MSPL,MSPLEQN,35.52,35.5,35.5,-0.02,-0.06,2061,73165,46.12,26.25
QUESS,QUESSEQN,324.2,324.0,324.0,-0.2,-0.06,400,129600,349.5,166.3
DENTA,DENTAEQN,332.55,332.35,332.35,-0.2,-0.06,543,180466,479.6,222.0
BFUTILITIE,BFUTILITIEEQN,561.55,561.2,561.2,-0.35,-0.06,57,31988,898.7,368.7
JMFINANCIL,JMFINANCILEQN,126.17,126.8,126.1,-0.07,-0.06,5627,0,199.8,112.0
TRITURBINE,TRITURBINEEQN,600.35,600.0,600.0,-0.35,-0.06,6288,3772800,787.6,428.35
GODFRYPHLP,GODFRYPHLPEQN,2224.9,2223.5,2223.5,-1.4,-0.06,1010,2245735,3947.0,1832.1
PRINCEPIPE,PRINCEPIPEEQN,271.05,270.9,270.9,-0.15,-0.06,132,35758,358.0,205.0
EIDPARRY,EIDPARRYEQN,788.5,788.0,788.0,-0.5,-0.06,1083,853404,1196.4,698.2
KIRLFER,KIRLFEREQN,440.15,439.9,439.9,-0.25,-0.06,16,7038,513.0,408.0
BHARATCOAL,BHARATCOALEQN,33.86,33.84,33.84,-0.02,-0.06,22607,765020,45.09,29.74
MEIL,MEILEQN,270.15,270.0,270.0,-0.15,-0.06,26,7020,573.7,206.26
ELITECON,ELITECONEQN,17.44,17.43,17.43,-0.01,-0.06,2212,38555,46.4,15.3
PNB,PNBEQN,114.03,113.95,113.95,-0.08,-0.07,28240,3217948,135.15,98.5
MTNL,MTNLEQN,27.37,27.35,27.35,-0.02,-0.07,1950,53332,48.19,21.26
SYSTMTXC,SYSTMTXCBEN,59.95,59.91,59.91,-0.04,-0.07,44,2636,177.9,51.89
PSB,PSBEQN,23.74,23.72,23.72,-0.02,-0.08,3183,75500,32.46,20.5
BANKBARODA,BANKBARODAEQN,246.2,246.0,246.0,-0.2,-0.08,17277,4250142,325.5,230.81
ZYDUSLIFE,ZYDUSLIFEEQN,1191.0,1190.0,1190.0,-1.0,-0.08,19263,22922970,1205.0,835.5
ASIANPAINT,ASIANPAINTEQN,2735.5,2733.2,2733.2,-2.3,-0.08,779,2129162,2985.7,2115.0
63MOONS,63MOONSEQN,858.65,858.0,858.0,-0.65,-0.08,902,773916,1029.9,467.0
KROSS,KROSSEQN,202.17,201.99,201.99,-0.18,-0.09,129,26056,237.6,150.52
JAMNAAUTO,JAMNAAUTOEQN,125.51,125.4,125.4,-0.11,-0.09,14195,1780053,152.6,88.42
GRINDWELL,GRINDWELLEQN,2080.8,2079.0,2079.0,-1.8,-0.09,35,72765,2455.0,1329.0
LAURUSLABS,LAURUSLABSEQN,1858.0,1856.3,1856.3,-1.7,-0.09,3835,7118910,1870.8,810.05
BAYERCROP,BAYERCROPEQN,4116.1,4112.5,4112.5,-3.6,-0.09,16,65800,5706.0,4030.0
DENTALKART,DENTALKARTSMN,406.35,406.0,406.0,-0.35,-0.09,250,101500,679.95,322.5
RAYMOND,RAYMONDEQN,624.3,623.75,623.75,-0.55,-0.09,163,101671,679.0,320.0
IOLCP,IOLCPEQN,164.14,163.99,163.99,-0.15,-0.09,6164,1010834,179.6,67.19
TATACONSUM,TATACONSUMEQN,1078.0,1077.0,1077.0,-1.0,-0.09,6035,6499695,1282.7,1007.2
AVONMORE,AVONMOREEQN,11.36,11.35,11.35,-0.01,-0.09,541,6140,23.9,9.05
MACPOWER,MACPOWEREQN,1754.3,1752.7,1752.7,-1.6,-0.09,55,96398,1850.0,761.0
STUDDS,STUDDSEQN,421.4,421.0,421.0,-0.4,-0.09,184,77464,600.0,412.3
HAPPSTMNDS,HAPPSTMNDSEQN,394.35,394.0,394.0,-0.35,-0.09,1403,552782,635.0,330.2
BCG,BCGEQN,9.88,9.87,9.87,-0.01,-0.1,54031,533285,17.7,7.7
PREMIERENE,PREMIERENEEQN,1050.0,1049.0,1049.0,-1.0,-0.1,1001,1050049,1134.0,660.0
GRAPHITE,GRAPHITEEQN,730.85,730.1,730.1,-0.75,-0.1,804,587000,802.4,505.8
RAILTEL,RAILTELEQN,287.3,287.0,287.0,-0.3,-0.1,3888,1115856,412.9,245.0
BANDHANBNK,BANDHANBNKEQN,174.0,173.82,173.82,-0.18,-0.1,2274,395266,220.76,134.25
PERSISTENT,PERSISTENTEQN,5536.0,5530.0,5530.0,-6.0,-0.11,873,4827690,6599.0,4244.5
M&MFIN,M&MFINEQN,398.8,398.35,398.35,-0.45,-0.11,7552,3008339,415.0,251.05
NAVNETEDUL,NAVNETEDULEQN,132.75,132.6,132.6,-0.15,-0.11,195,25857,168.5,121.5
HARSHA,HARSHAEQN,410.45,410.0,410.0,-0.45,-0.11,3204,1313640,469.0,313.3
SHALBY,SHALBYEQN,161.67,161.5,161.5,-0.17,-0.11,182,29393,274.7,125.82
VINCOFE,VINCOFEEQN,149.0,148.82,148.82,-0.18,-0.12,887,132003,179.85,120.24
SHAKTIPUMP,SHAKTIPUMPEQN,510.6,510.0,510.0,-0.6,-0.12,818,417180,915.0,456.35
PILITA,PILITAEQN,8.37,8.36,8.36,-0.01,-0.12,1,8,15.9,6.2
AEGISVOPAK,AEGISVOPAKEQN,280.55,280.2,280.2,-0.35,-0.12,234,65566,311.49,158.0
JAYBARMARU,JAYBARMARUEQN,127.16,127.01,127.01,-0.15,-0.12,2425,307999,207.0,74.15
NHPC,NHPCEQN,76.95,76.65,76.65,-0.09,-0.12,15636,1198499,89.22,71.62
ACUTAAS,ACUTAASEQN,3246.0,3242.0,3242.0,-4.0,-0.12,417,1351914,3740.0,1261.2
FERMENTA,FERMENTAEQN,483.85,483.25,483.25,-0.6,-0.12,919,444106,580.45,248.85
SINGERIND,SINGERINDEQN,76.09,76.0,76.0,-0.09,-0.12,691,52516,80.0,57.15
FOCUS,FOCUSBEN,67.69,67.6,67.6,-0.09,-0.13,694,46914,100.9,57.06
LTF,LTFEQN,315.4,315.0,315.0,-0.4,-0.13,2195,691425,338.6,194.4
TEAMLEASE,TEAMLEASEEQN,1246.6,1245.0,1245.0,-1.6,-0.13,33,41085,1944.3,1065.2
PRIVISCL,PRIVISCLEQN,3586.7,3582.1,3582.1,-4.6,-0.13,30,107463,3785.3,2193.9
PHOENIXLTD,PHOENIXLTDEQN,1908.7,1906.2,1906.2,-2.5,-0.13,206,392677,2169.8,1402.5
MAHABANK,MAHABANKEQN,78.95,78.85,78.85,-0.1,-0.13,10321,813810,94.5,51.71
BCLIND,BCLINDEQN,37.08,37.03,37.03,-0.05,-0.13,316,11701,45.35,25.53
PFIZER,PFIZEREQN,4898.5,4892.0,4892.0,-6.5,-0.13,3,14676,5873.5,4360.1
CORONA,CORONAEQN,2101.7,2099.0,2099.0,-2.7,-0.13,43,90257,2270.1,1336.6
EFCIL,EFCILEQN,177.84,177.6,177.6,-0.24,-0.13,327,58075,350.0,171.55
UDS,UDSEQN,208.28,208.0,208.0,-0.28,-0.13,20,4160,266.2,125.1
NIITLTD,NIITLTDEQN,95.44,95.31,95.31,-0.13,-0.14,410,39077,117.75,49.0
TI,TIEQN,520.75,520.0,520.0,-0.75,-0.14,1768,919360,549.7,381.55
GODREJPROP,GODREJPROPEQN,2037.9,2035.0,2035.0,-2.9,-0.14,3345,6807075,2352.0,1434.0
UNITDSPR,UNITDSPREQN,1548.7,1546.6,1546.6,-2.1,-0.14,2792,4318107,1548.7,1210.8
VENUSPIPES,VENUSPIPESEQN,1597.3,1595.1,1595.1,-2.2,-0.14,330,526383,1875.0,890.0
KISSHT,KISSHTEQN,295.45,295.05,295.05,-0.4,-0.14,2812,829680,351.5,190.0
TBOTEK,TBOTEKEQN,1639.7,1637.3,1637.3,-2.4,-0.15,249,407687,1764.8,1004.2
NIPPOBATRY,NIPPOBATRYEQN,332.5,332.0,332.0,-0.5,-0.15,125,41500,505.9,257.0
ENTERO,ENTEROEQN,1427.2,1425.1,1425.1,-2.1,-0.15,741,1055999,1439.0,944.0
TTML,TTMLEQN,38.81,38.75,38.75,-0.06,-0.15,8960,347200,60.89,31.22
JWL,JWLEQN,262.4,262.0,262.0,-0.4,-0.15,2926,766612,372.85,235.65
VGUARD,VGUARDEQN,324.3,323.8,323.8,-0.5,-0.15,2199,712036,392.2,288.8
HTMEDIA,HTMEDIAEQN,27.35,27.31,27.31,-0.04,-0.15,1165,31816,31.3,17.52
PRIMESECU,PRIMESECUEQN,295.45,295.0,295.0,-0.45,-0.15,2,590,325.0,244.5
SWELECTES,SWELECTESEQN,688.95,687.95,687.95,-1.0,-0.15,55,37837,977.0,483.1
NSIL,NSILEQN,5609.0,5600.0,5600.0,-9.0,-0.16,1,5600,8730.0,4700.0
NELCAST,NELCASTEQN,121.95,121.75,121.75,-0.2,-0.16,201,24471,175.43,85.98
SHREECEM,SHREECEMEQN,25510.0,25470.0,25470.0,-40.0,-0.16,49,1248030,31920.0,22550.0
SANGAMIND,SANGAMINDEQN,581.95,581.0,581.0,-0.95,-0.16,195,113295,672.5,341.55
AASTHA,AASTHAEQN,73.12,73.0,73.0,-0.12,-0.16,3171,231483,140.01,70.0
SMLMAH,SMLMAHEQN,5208.5,5200.0,5200.0,-8.5,-0.16,235,1222000,5987.9,2719.0
ESAFSFB,ESAFSFBBEN,38.49,38.43,38.43,-0.06,-0.16,7214,277234,44.25,19.78
HUBTOWN,HUBTOWNEQN,179.4,179.1,179.1,-0.3,-0.17,140,25074,365.7,168.15
JPPOWER,JPPOWEREQN,17.75,17.72,17.72,-0.03,-0.17,108740,1926872,24.5,13.15
TALBROAUTO,TALBROAUTOEQN,409.95,409.25,409.25,-0.7,-0.17,163,66707,451.6,219.9
INOXWIND,INOXWINDEQN,74.4,74.27,74.27,-0.13,-0.17,11201,831898,159.3,72.7
PUNJABCHEM,PUNJABCHEMEQN,1104.0,1102.1,1102.1,-1.9,-0.17,22,24246,1533.9,876.6
CASTROLIND,CASTROLINDEQN,186.82,186.5,186.5,-0.32,-0.17,4785,892402,212.4,170.1
ALKEM,ALKEMEQN,5527.5,5518.0,5518.0,-9.5,-0.17,14,77252,5933.5,4738.5
NETWORK18,NETWORK18EQN,29.14,29.09,29.09,-0.05,-0.17,8836,257039,58.55,27.38
AVL,AVLEQN,616.1,615.0,615.0,-1.1,-0.18,144,88560,705.0,413.15
BAJAJCON,BAJAJCONEQN,540.95,539.95,539.95,-1.0,-0.18,149,80452,692.0,220.1
JYOTISTRUC,JYOTISTRUCEQN,11.27,11.25,11.25,-0.02,-0.18,18601,209261,17.99,7.94
RAJRILTD,RAJRILTDBEN,22.04,22.0,22.0,-0.04,-0.18,1,22,28.9,19.41
JISLJALEQS,JISLJALEQSEQN,27.88,27.83,27.83,-0.05,-0.18,3696,102859,59.0,27.1
WAAREERTL,WAAREERTLEQN,904.65,903.0,903.0,-1.65,-0.18,320,288960,1358.0,779.5
MARKOLINES,MARKOLINESEQN,176.84,176.53,176.53,-0.31,-0.18,1041,183767,191.75,131.65
SAIL,SAILEQN,173.0,172.69,172.69,-0.31,-0.18,24551,4239712,209.7,118.1
BLIL,BLILEQN,70.88,70.75,70.75,-0.13,-0.18,290,20517,79.5,67.0
AJAXENGG,AJAXENGGEQN,567.35,566.25,566.25,-1.1,-0.19,25,14156,730.1,394.8
ABSLAMC,ABSLAMCEQN,1019.7,1017.8,1017.8,-1.9,-0.19,117,119082,1224.9,708.0
INDNIPPON,INDNIPPONEQN,1132.1,1130.0,1130.0,-2.1,-0.19,55,62150,1278.2,675.0
CTE,CTEEQN,37.67,37.6,37.6,-0.07,-0.19,500,18800,59.93,20.51
ELIN,ELINEQN,94.25,94.07,94.07,-0.18,-0.19,419,39415,234.0,93.65
GPTINFRA,GPTINFRAEQN,116.5,116.27,116.27,-0.23,-0.2,768,89295,150.0,96.22
OBEROIRLTY,OBEROIRLTYEQN,1793.6,1790.0,1790.0,-3.6,-0.2,161,288190,1986.1,1391.2
ROSSARI,ROSSARIEQN,504.9,503.9,503.9,-1.0,-0.2,207,104307,690.3,375.0
AJANTPHARM,AJANTPHARMEQN,3507.0,3500.0,3500.0,-7.0,-0.2,680,2380000,3598.8,2329.9
HOMEFIRST,HOMEFIRSTEQN,1176.0,1173.7,1173.7,-2.3,-0.2,35,41079,1375.0,893.7
NITINSPIN,NITINSPINEQN,564.15,563.0,563.0,-1.15,-0.2,211,118793,599.0,302.2
JGCHEM,JGCHEMEQN,622.35,621.05,621.05,-1.3,-0.21,2568,1594856,654.0,298.4
GREENPOWER,GREENPOWEREQN,9.73,9.71,9.71,-0.02,-0.21,7105,68989,15.04,7.98
CIPLA,CIPLAEQN,1463.0,1460.0,1460.0,-3.0,-0.21,1075,1569500,1673.0,1165.7
ANGELONE,ANGELONEEQN,291.4,290.75,290.75,-0.65,-0.22,5857,1702922,360.45,208.63
CUMMINSIND,CUMMINSINDEQN,5378.5,5366.5,5366.5,-12.0,-0.22,295,1583117,6100.0,3729.5
KUSUMGAR,KUSUMGAREQN,635.4,634.0,634.0,-1.4,-0.22,5420,3436280,659.5,548.0
RAMKY,RAMKYEQN,396.25,395.35,395.35,-0.9,-0.23,20,7907,705.0,367.0
ELECTHERM,ELECTHERMEQN,1018.5,1016.2,1016.2,-2.3,-0.23,10,10162,1277.0,551.0
CANBK,CANBKEQN,130.3,130.0,130.0,-0.3,-0.23,49574,6444620,162.89,103.55
SWANDEF,SWANDEFBEN,2573.8,2568.0,2568.0,-5.8,-0.23,40,102720,2750.0,342.0
FIVESTAR,FIVESTAREQN,546.25,545.0,545.0,-1.25,-0.23,594,323730,666.0,338.15
AUTOIND,AUTOINDBEN,95.02,94.8,94.8,-0.22,-0.23,149,14125,103.5,48.35
CANHLIFE,CANHLIFEEQN,149.35,149.0,149.0,-0.35,-0.23,311,46339,166.69,106.0
NOIDATOLL,NOIDATOLLBEN,4.15,4.14,4.14,-0.01,-0.24,222,919,7.43,2.87
SCHNEIDER,SCHNEIDEREQN,1403.3,1400.0,1400.0,-3.3,-0.24,602,842800,1548.0,571.85
EQUITASBNK,EQUITASBNKEQN,74.78,74.6,74.6,-0.18,-0.24,4417,329508,83.9,50.0
NAZARA,NAZARAEQN,355.4,354.55,354.55,-0.85,-0.24,2109,747745,363.25,215.7
HAVELLS,HAVELLSEQN,1274.4,1271.3,1271.3,-3.1,-0.24,469,596239,1621.1,1123.6
EXPLEOSOL,EXPLEOSOLEQN,821.1,819.05,819.05,-2.05,-0.25,14,11466,1175.1,640.0
RAMCOSYS,RAMCOSYSEQN,652.5,650.85,650.85,-1.65,-0.25,453,294835,967.5,342.1
BPCL,BPCLEQN,317.8,317.0,317.0,-0.8,-0.25,5124,1624308,391.65,266.6
JUBLFOOD,JUBLFOODEQN,488.2,487.0,487.0,-1.2,-0.25,2043,994941,670.45,408.55
CHOLAFIN,CHOLAFINEQN,1914.4,1909.5,1909.5,-4.9,-0.26,410,782895,1952.5,1299.4
VARROC,VARROCEQN,842.15,840.0,840.0,-2.15,-0.26,1440,1209600,854.65,462.0
TIMETECHNO,TIMETECHNOEQN,207.28,206.75,206.75,-0.53,-0.26,2642,546233,249.15,154.0
JYOTHYLAB,JYOTHYLABEQN,204.04,203.5,203.5,-0.54,-0.26,6106,1242571,352.7,188.1
JAGSNPHARM,JAGSNPHARMEQN,230.99,230.4,230.4,-0.59,-0.26,182,41932,264.5,155.0
ALEMBICLTD,ALEMBICLTDEQN,86.73,86.5,86.5,-0.23,-0.27,739,63923,110.56,70.46
ALKYLAMINE,ALKYLAMINEEQN,1947.4,1942.0,1942.0,-5.4,-0.28,52,100984,2201.9,1212.0
DEEPAKNTR,DEEPAKNTREQN,1784.8,1779.8,1779.8,-5.0,-0.28,282,501903,1904.4,1280.0
JSWENERGY,JSWENERGYEQN,563.0,561.4,561.4,-1.6,-0.28,6667,3742853,617.35,427.75
TINNARUBR,TINNARUBREQN,1137.3,1134.1,1134.1,-3.2,-0.28,147,166712,1322.0,527.45
ANMOL,ANMOLEQN,10.26,10.23,10.23,-0.03,-0.29,7,71,17.74,8.4
MANKIND,MANKINDEQN,2425.0,2418.0,2418.0,-7.0,-0.29,198,478764,2674.0,1909.7
SERVOTECH,SERVOTECHEQN,83.37,83.13,83.13,-0.24,-0.29,2095,174157,143.0,57.51
CEMPRO,CEMPROEQN,1274.6,1270.9,1270.9,-3.7,-0.29,384,488025,1649.2,503.3
PANACEABIO,PANACEABIOEQN,402.2,401.0,401.0,-1.2,-0.3,27,10827,647.0,292.4
TEJASNET,TEJASNETEQN,533.6,532.0,532.0,-1.6,-0.3,3699,1967868,647.0,294.0
TSFINV,TSFINVEQN,428.8,427.5,427.5,-1.3,-0.3,150,64125,701.5,331.7
VEDPOWER,VEDPOWEREQN,36.61,36.5,36.5,-0.11,-0.3,104860,3827390,49.88,33.06
KIMS,KIMSEQN,813.05,810.5,810.5,-2.55,-0.31,174,141027,858.0,575.8
ANURAS,ANURASEQN,1209.3,1205.5,1205.5,-3.8,-0.31,1034,1246487,1415.0,1045.2
MUKTAARTS,MUKTAARTSBEN,57.18,57.0,57.0,-0.18,-0.31,383,21831,84.2,37.01
KCPSUGIND,KCPSUGINDBEN,29.09,29.0,29.0,-0.09,-0.31,5,145,36.95,21.45
DAVANGERE,DAVANGEREEQN,3.09,3.08,3.08,-0.01,-0.32,12953,39895,5.5,3.03
CREATIVEYE,CREATIVEYEEQN,6.26,6.24,6.24,-0.02,-0.32,1,6,8.83,5.41
JAYNECOIND,JAYNECOINDEQN,93.0,92.7,92.7,-0.3,-0.32,6894,639073,117.0,52.51
ELGIEQUIP,ELGIEQUIPEQN,573.85,572.0,572.0,-1.85,-0.32,162,92664,633.85,408.25
SUPRIYA,SUPRIYAEQN,851.0,848.3,848.3,-2.7,-0.32,1370,1162171,1085.0,545.5
RPGLIFE,RPGLIFEEQN,2633.4,2625.0,2625.0,-8.4,-0.32,12,31500,3082.0,1733.0
BOSCHLTD,BOSCHLTDEQN,45185.0,45040.0,45040.0,-145.0,-0.32,101,4549040,45750.0,28610.0
KPL,KPLEQN,3310.5,3300.0,3300.0,-10.5,-0.32,481,1587300,3450.0,1561.0
KAMAHOLD,KAMAHOLDEQN,2478.9,2471.0,2471.0,-7.9,-0.32,9,22239,2750.0,2461.0
HYUNDAI,HYUNDAIEQN,2200.0,2192.7,2192.7,-7.3,-0.33,601,1317812,2890.0,1658.0
AWHCL,AWHCLEQN,389.35,388.05,388.05,-1.3,-0.33,999,387661,635.8,372.5
INDIGO,INDIGOEQN,5284.0,5266.5,5266.5,-17.5,-0.33,691,3639151,6232.5,3895.2
VAKRANGEE,VAKRANGEEEQN,6.0,5.98,5.98,-0.02,-0.33,3497,20912,9.77,4.61
BCPL,BCPLEQN,69.53,69.3,69.3,-0.23,-0.33,22,1524,92.0,60.0
CLEDUCATE,CLEDUCATEBEN,58.18,57.99,57.99,-0.19,-0.33,1,57,120.8,35.48
BHARTIARTL,BHARTIARTLEQN,1915.2,1908.6,1908.6,-6.6,-0.34,36565,69787959,2174.5,1740.5
RPSGVENT,RPSGVENTEQN,903.05,900.0,900.0,-3.05,-0.34,18,16200,1179.0,551.9
SESHAPAPER,SESHAPAPEREQN,233.0,232.21,232.21,-0.79,-0.34,54,12539,293.11,209.96
VSTTILLERS,VSTTILLERSEQN,4465.5,4450.0,4450.0,-15.5,-0.35,5,22250,6374.0,4275.0
BANKINDIA,BANKINDIAEQN,142.9,142.4,142.4,-0.5,-0.35,11887,1692708,178.36,109.85
TIMEX,TIMEXEQN,573.1,571.1,571.1,-2.0,-0.35,532,303825,618.0,312.0
KRITIKA,KRITIKAEQN,5.6,5.58,5.58,-0.02,-0.36,163,909,11.1,4.5
AVROIND,AVROINDEQN,8.27,8.24,8.24,-0.03,-0.36,1117,9204,16.45,8.0
YATHARTH,YATHARTHEQN,865.7,862.6,862.6,-3.1,-0.36,2385,2057301,919.5,538.25
GATEWAY,GATEWAYEQN,56.3,56.1,56.1,-0.2,-0.36,5660,317526,70.5,48.1
OSWALPUMPS,OSWALPUMPSEQN,306.35,305.25,305.25,-1.1,-0.36,1660,506715,888.4,283.1
SMCGLOBAL,SMCGLOBALEQN,79.42,79.13,79.13,-0.29,-0.37,1500,118695,94.9,54.44
TATAPOWER,TATAPOWEREQN,380.0,378.6,378.6,-1.4,-0.37,8321,3150330,464.9,342.5
ZODIAC,ZODIACEQN,250.95,250.0,250.0,-0.95,-0.38,27,6750,449.95,205.55
SHARDACROP,SHARDACROPEQN,806.4,803.3,803.3,-3.1,-0.38,122,98002,1297.0,755.55
PURVA,PURVAEQN,212.31,211.5,211.5,-0.81,-0.38,250,52875,305.0,160.69
BLAL,BLALEQN,171.76,171.1,171.1,-0.66,-0.38,150,25665,233.8,155.5
SANGHVIMOV,SANGHVIMOVEQN,516.95,515.0,515.0,-1.95,-0.38,1785,919275,528.0,223.8
IFBIND,IFBINDEQN,1375.7,1370.5,1370.5,-5.2,-0.38,134,183647,2019.8,883.2
OFSS,OFSSEQN,11896.0,11851.0,11851.0,-45.0,-0.38,206,2441306,11979.0,6234.5
BASF,BASFEQN,4037.2,4022.0,4022.0,-15.2,-0.38,616,2477552,4829.9,3122.2
MINDTECK,MINDTECKEQN,192.75,192.0,192.0,-0.75,-0.39,38,7296,307.68,145.13
UTTAMSUGAR,UTTAMSUGAREQN,252.88,251.9,251.9,-0.98,-0.39,249,62723,299.0,181.1
RSYSTEMS,RSYSTEMSEQN,244.95,244.0,244.0,-0.95,-0.39,1401,341844,496.9,213.52
FACT,FACTEQN,828.4,825.2,825.2,-3.2,-0.39,44,36308,1058.6,652.1
BMWVENTLTD,BMWVENTLTDEQN,58.84,58.61,58.61,-0.23,-0.39,151,8850,78.0,48.0
NAMOEWASTE,NAMOEWASTESTN,259.0,258.0,258.0,-1.0,-0.39,1600,412800,319.4,134.0
GRINFRA,GRINFRAEQN,880.15,876.65,876.65,-3.5,-0.4,239,209519,1345.0,785.0
PGIL,PGILEQN,2434.9,2425.1,2425.1,-9.8,-0.4,365,885161,2539.6,1178.1
VINATIORGA,VINATIORGAEQN,1315.3,1310.0,1310.0,-5.3,-0.4,58,75980,1849.9,1203.0
BOSCH-HCIL,BOSCH-HCILEQN,1696.8,1690.0,1690.0,-6.8,-0.4,19,32110,1778.6,1021.3
SOMICONVEY,SOMICONVEYEQN,95.38,94.99,94.99,-0.39,-0.41,1,94,169.4,85.5
MAMATA,MAMATAEQN,425.2,423.45,423.45,-1.75,-0.41,70,29641,515.0,297.0
PRECWIRE,PRECWIREEQN,414.2,412.5,412.5,-1.7,-0.41,1878,774675,467.5,168.51
BBTC,BBTCEQN,1490.4,1484.3,1484.3,-6.1,-0.41,133,197411,2135.0,1314.6
GRANULES,GRANULESEQN,861.0,857.5,857.5,-3.5,-0.41,1085,930387,910.0,439.15
NIRAJ,NIRAJBEN,29.03,28.91,28.91,-0.12,-0.41,55,1590,52.0,20.15
WEWORK,WEWORKEQN,719.95,717.0,717.0,-2.95,-0.41,18,12906,794.5,420.0
JAIBALAJI,JAIBALAJIEQN,66.88,66.6,66.6,-0.28,-0.42,176,11721,109.72,53.65
TATAINVEST,TATAINVESTEQN,688.75,685.8,685.8,-2.95,-0.43,2491,1708327,1184.7,538.85
INFY,INFYEQN,1190.7,1185.6,1185.6,-5.1,-0.43,16260,19277856,1728.0,982.4
PNGSREVA,PNGSREVAEQN,560.4,558.0,558.0,-2.4,-0.43,1795,1001610,574.05,324.25
FABTECH,FABTECHEQN,147.64,147.0,147.0,-0.64,-0.43,3,441,262.8,132.7
BAJAJFINSV,BAJAJFINSVEQN,2032.0,2023.0,2023.0,-9.0,-0.44,1153,2332519,2195.0,1597.0
JSWHL,JSWHLEQN,11941.0,11889.0,11889.0,-52.0,-0.44,19,225891,22790.0,10530.0
AYE,AYEEQN,178.78,178.0,178.0,-0.78,-0.44,2315,412070,197.29,88.22
IPL,IPLEQN,143.22,142.57,142.57,-0.65,-0.45,129,18391,245.84,125.0
TORNTPHARM,TORNTPHARMEQN,4886.0,4864.0,4864.0,-22.0,-0.45,1486,7227904,5250.0,3480.6
SHREERAMA,SHREERAMAEQN,38.09,37.92,37.92,-0.17,-0.45,20,758,71.99,37.62
ATLANTAA,ATLANTAAEQN,44.7,44.5,44.5,-0.2,-0.45,22,979,73.39,29.41
PAUSHAKLTD,PAUSHAKLTDEQN,689.1,686.0,686.0,-3.1,-0.45,9,6174,780.6,342.5
KANORICHEM,KANORICHEMBEN,160.62,159.9,159.9,-0.72,-0.45,3862,617533,164.6,56.0
PVRINOX,PVRINOXEQN,1160.2,1155.0,1155.0,-5.2,-0.45,315,363825,1249.7,907.4
KPEL,KPELEQN,271.25,270.0,270.0,-1.25,-0.46,2112,570240,463.25,237.9
MAYURUNIQ,MAYURUNIQEQN,779.1,775.5,775.5,-3.6,-0.46,144,111672,907.0,471.2
HINDCOPPER,HINDCOPPEREQN,533.3,530.85,530.85,-2.45,-0.46,23847,12659179,760.05,226.7
SUPREMEIND,SUPREMEINDEQN,3435.0,3419.1,3419.1,-15.9,-0.46,78,266689,4664.9,3140.0
GUJTHEM,GUJTHEMEQN,362.05,360.4,360.4,-1.65,-0.46,42,15136,479.0,225.05
LORDSCHLO,LORDSCHLOEQN,140.54,139.9,139.9,-0.64,-0.46,136,19026,233.0,108.0
ASHOKA,ASHOKAEQN,116.99,116.45,116.45,-0.54,-0.46,29378,3421068,214.5,101.0
POWERMECH,POWERMECHEQN,2442.3,2430.9,2430.9,-11.4,-0.47,167,405960,3260.0,1717.7
MOL,MOLEQN,57.15,56.88,56.88,-0.27,-0.47,2988,169957,88.88,36.5
DEVYANI,DEVYANIEQN,142.79,142.1,142.1,-0.69,-0.48,22712,3227375,191.0,91.55
KOTAKBANK,KOTAKBANKEQN,392.9,391.0,391.0,-1.9,-0.48,12071,4719761,453.2,345.5
DWARKESH,DWARKESHEQN,41.68,41.48,41.48,-0.2,-0.48,3005,124647,53.09,32.13
ELPROINTL,ELPROINTLEQN,174.84,174.0,174.0,-0.84,-0.48,105,18270,180.89,86.0
EMSLIMITED,EMSLIMITEDEQN,393.9,392.0,392.0,-1.9,-0.48,449,176008,593.85,256.05
SIGIND,SIGINDEQN,71.49,71.14,71.14,-0.35,-0.49,119,8465,74.95,40.66
GLOBE,GLOBEEQN,2.04,2.03,2.03,-0.01,-0.49,1128,2289,3.29,1.86
CHALET,CHALETEQN,821.2,817.2,817.2,-4.0,-0.49,224,183052,1070.1,691.35
LLOYDSME,LLOYDSMEEQN,1986.2,1976.5,1976.5,-9.7,-0.49,2553,5046004,2125.0,1042.9
ACCENTMIC,ACCENTMICSMN,548.95,546.25,546.25,-2.7,-0.49,1000,546250,562.95,238.0
ODIGMA,ODIGMAEQN,22.62,22.51,22.51,-0.11,-0.49,52,1170,56.09,20.0
DMART,DMARTEQN,4054.9,4035.0,4035.0,-19.9,-0.49,427,1722945,4949.5,3529.0
SAKSOFT,SAKSOFTEQN,164.6,163.77,163.77,-0.83,-0.5,963,157710,229.68,107.59
MRPL,MRPLEQN,181.14,180.24,180.24,-0.9,-0.5,67974,12251633,212.31,120.45
WONDERLA,WONDERLAEQN,481.5,479.1,479.1,-2.4,-0.5,44,21080,659.0,455.0
BHAGYANGR,BHAGYANGREQN,386.3,384.35,384.35,-1.95,-0.5,27,10377,432.3,86.0
COROMANDEL,COROMANDELEQN,2085.2,2074.7,2074.7,-10.5,-0.5,67,139004,2500.0,1706.5
TCI,TCIEQN,935.35,930.7,930.7,-4.65,-0.5,15,13960,1242.0,868.05
BSHSL,BSHSLBEN,88.34,87.9,87.9,-0.44,-0.5,1,87,150.0,59.16
AMBALALSA,AMBALALSAEQN,45.94,45.71,45.71,-0.23,-0.5,190,8684,49.98,30.15
AEROPLANE,AEROPLANEEQN,182.92,182.0,182.0,-0.92,-0.5,476,86632,206.9,117.02
KARURVYSYA,KARURVYSYAEQN,334.2,332.5,332.5,-1.7,-0.51,733,243722,351.8,201.82
ADVANIHOTR,ADVANIHOTREQN,50.27,50.01,50.01,-0.26,-0.52,275,13752,68.39,47.0
FLAIR,FLAIREQN,248.3,247.0,247.0,-1.3,-0.52,555,137085,348.8,242.9
ITI,ITIEQN,285.5,284.0,284.0,-1.5,-0.53,643,182612,372.85,237.0
HCG,HCGEQN,738.95,735.0,735.0,-3.95,-0.53,759,557865,796.68,513.3
URBANCO,URBANCOEQN,139.75,139.01,139.01,-0.74,-0.53,4721,656266,201.18,100.7
NIVABUPA,NIVABUPAEQN,85.47,85.01,85.01,-0.46,-0.54,284,24142,91.4,67.5
OPTIEMUS,OPTIEMUSEQN,543.95,541.0,541.0,-2.95,-0.54,416,225056,713.0,288.0
EEPL,EEPLSMN,156.35,155.5,155.5,-0.85,-0.54,20000,3110000,232.8,91.0
JHS,JHSEQN,9.06,9.01,9.01,-0.05,-0.55,9052,81558,13.9,6.26
SAGCEM,SAGCEMEQN,175.06,174.1,174.1,-0.96,-0.55,40,6964,299.4,148.7
RESPONIND,RESPONINDEQN,166.93,166.0,166.0,-0.93,-0.56,550,91300,240.9,117.25
MUNJALSHOW,MUNJALSHOWEQN,134.9,134.14,134.14,-0.76,-0.56,5,670,150.9,110.3
DIGITIDE,DIGITIDEEQN,102.37,101.8,101.8,-0.57,-0.56,190,19342,219.0,69.9
SSDL,SSDLEQN,54.81,54.5,54.5,-0.31,-0.57,218,11881,98.0,46.15
SARVESHWAR,SARVESHWAREQN,3.49,3.47,3.47,-0.02,-0.57,50707,175953,8.48,2.5
CHENNPETRO,CHENNPETROEQN,1426.1,1418.0,1418.0,-8.1,-0.57,15489,21963402,1449.0,620.85
PACEDIGITK,PACEDIGITKEQN,183.55,182.5,182.5,-1.05,-0.57,2261,412632,231.95,139.81
MANBA,MANBAEQN,133.4,132.63,132.63,-0.77,-0.58,112,14854,154.0,98.0
GANDHAR,GANDHAREQN,243.41,242.01,242.01,-1.4,-0.58,2927,708363,303.17,115.0
PAISALO,PAISALOEQN,69.31,68.9,68.9,-0.41,-0.59,10246,705949,77.39,29.86
LINDEINDIA,LINDEINDIAEQN,6972.0,6931.0,6931.0,-41.0,-0.59,448,3105088,8049.0,5673.0
AQYLON,AQYLONEQN,25.4,25.25,25.25,-0.15,-0.59,1176,29694,224.7,23.5
LLOYDSENT,LLOYDSENTEQN,80.48,80.0,80.0,-0.48,-0.6,7550,604000,84.7,40.69
DYNAMATECH,DYNAMATECHEQN,10600.0,10536.0,10536.0,-64.0,-0.6,18,189648,12875.0,6320.0
NGLFINE,NGLFINEEQN,3447.7,3427.1,3427.1,-20.6,-0.6,50,171355,3529.0,1202.0
BLISSGVS,BLISSGVSBEN,494.05,491.1,491.1,-2.95,-0.6,1279,628116,553.0,118.0
REGAAL,REGAALBEN,86.54,86.0,86.0,-0.54,-0.62,20,1720,145.7,57.27
VENTIVE,VENTIVEEQN,596.75,593.0,593.0,-3.75,-0.63,107,63451,793.95,542.6
FILATEX,FILATEXEQN,83.12,82.6,82.6,-0.52,-0.63,5467,451574,85.7,36.26
MPSLTD,MPSLTDEQN,2849.2,2831.0,2831.0,-18.2,-0.64,28,79268,2979.0,1336.1
AMDIND,AMDINDEQN,51.94,51.6,51.6,-0.34,-0.65,463,23890,68.07,33.77
EXXARO,EXXAROEQN,6.14,6.1,6.1,-0.04,-0.65,700,4270,10.33,5.99
ADSL,ADSLEQN,114.09,113.35,113.35,-0.74,-0.65,1088,123324,209.53,86.27
EIHOTEL,EIHOTELEQN,302.35,300.35,300.35,-2.0,-0.66,1570,471549,434.8,271.15
INDIASHLTR,INDIASHLTREQN,646.85,642.6,642.6,-4.25,-0.66,265,170289,968.75,640.0
AADHARHFC,AADHARHFCEQN,501.55,498.2,498.2,-3.35,-0.67,529,263547,563.0,430.15
INOXINDIA,INOXINDIAEQN,1938.0,1925.0,1925.0,-13.0,-0.67,537,1033725,2119.8,1065.0
360ONE,360ONEEQN,1168.0,1160.0,1160.0,-8.0,-0.68,2097,2432520,1236.2,906.05
SKIPPER,SKIPPEREQN,526.25,522.65,522.65,-3.6,-0.68,2391,1249656,593.0,327.05
KANANIIND,KANANIINDEQN,1.46,1.45,1.45,-0.01,-0.68,1400,2030,2.27,1.02
RMDRIP,RMDRIPBEN,17.57,17.45,17.45,-0.12,-0.68,910,15879,72.22,14.81
BAGFILMS,BAGFILMSEQN,4.33,4.3,4.3,-0.03,-0.69,240,1032,8.0,3.61
ASAL,ASALEQN,508.5,505.0,505.0,-3.5,-0.69,45,22725,654.65,374.5
THOMASCOTT,THOMASCOTTEQN,347.9,345.45,345.45,-2.45,-0.7,55,18999,459.8,230.0
RHETAN,RHETANEQN,27.01,26.82,26.82,-0.19,-0.7,93611,2510647,34.87,20.32
DMCC,DMCCEQN,302.15,300.05,300.05,-2.1,-0.7,229,68711,350.0,191.35
TAJGVK,TAJGVKEQN,358.7,356.2,356.2,-2.5,-0.7,58,20659,512.65,281.35
INDIANHUME,INDIANHUMEEQN,386.05,383.35,383.35,-2.7,-0.7,161,61719,432.0,279.8
ELECON,ELECONEQN,436.4,433.3,433.3,-3.1,-0.71,1108,480096,634.9,352.0
ARKADE,ARKADEEQN,133.96,133.0,133.0,-0.96,-0.72,4184,556472,194.8,92.62
MKPL,MKPLEQN,4.19,4.16,4.16,-0.03,-0.72,882,3669,8.85,3.56
KOTARISUG,KOTARISUGEQN,26.19,26.0,26.0,-0.19,-0.73,500,13000,37.68,22.5
BHAGCHEM,BHAGCHEMEQN,286.6,284.5,284.5,-2.1,-0.73,16,4552,316.9,170.6
KABRAEXTRU,KABRAEXTRUEQN,508.7,505.0,505.0,-3.7,-0.73,1197,604485,523.8,180.0
ZEELEARN,ZEELEARNBEN,7.96,7.9,7.9,-0.06,-0.75,424,3349,10.45,4.17
KERNEX,KERNEXEQN,2387.3,2369.4,2369.4,-17.9,-0.75,1555,3684417,2580.0,850.0
CARERATING,CARERATINGEQN,1688.6,1675.8,1675.8,-12.8,-0.76,900,1508220,1838.0,1392.7
BALRAMCHIN,BALRAMCHINEQN,627.8,623.0,623.0,-4.8,-0.76,3233,2014159,665.5,393.55
GANESHBE,GANESHBEBEN,116.74,115.85,115.85,-0.89,-0.76,901,104380,129.99,68.4
FIBERWEB,FIBERWEBEQN,29.73,29.5,29.5,-0.23,-0.77,3,88,52.47,26.85
YUKEN,YUKENEQN,805.2,799.0,799.0,-6.2,-0.77,3,2397,1053.9,584.1
UCOBANK,UCOBANKEQN,26.12,25.92,25.92,-0.2,-0.77,26155,677937,34.2,22.22
ORICONENT,ORICONENTEQN,52.91,52.5,52.5,-0.41,-0.77,25,1312,73.12,48.81
IDFCFIRSTB,IDFCFIRSTBEQN,84.27,83.61,83.61,-0.66,-0.78,48398,4046556,88.76,58.08
CPCAP,CPCAPEQN,116.12,115.2,115.2,-0.92,-0.79,1000,115200,167.98,73.51
BAJAJST,BAJAJSTEQN,379.05,376.0,376.0,-3.05,-0.8,70,26320,507.8,350.05
KPIGREEN,KPIGREENEQN,350.9,348.0,348.0,-2.9,-0.83,11401,3967548,542.25,332.9
RICOAUTO,RICOAUTOEQN,144.19,143.0,143.0,-1.19,-0.83,5161,738023,157.99,65.73
IVC,IVCEQN,8.37,8.3,8.3,-0.07,-0.84,1419,11777,9.88,6.02
ASHAPURMIN,ASHAPURMINEQN,651.95,646.5,646.5,-5.45,-0.84,1237,799720,924.9,455.1
OSWALGREEN,OSWALGREENEQN,21.48,21.3,21.3,-0.18,-0.84,22,468,43.79,19.76
IVALUE,IVALUEEQN,278.05,275.7,275.7,-2.35,-0.85,209,57621,340.0,207.35
ISGEC,ISGECEQN,806.95,800.0,800.0,-6.95,-0.86,1117,893600,1113.9,683.95
CSM,CSMEQN,102.72,101.84,101.84,-0.88,-0.86,67,6823,113.0,94.27
MAXHEALTH,MAXHEALTHEQN,1040.0,1030.8,1030.8,-9.2,-0.88,13391,13803442,1301.7,903.0
CENTRUM,CENTRUMEQN,26.89,26.65,26.65,-0.24,-0.89,458,12205,40.0,19.66
AKIKO,AKIKOSTN,335.95,332.95,332.95,-3.0,-0.89,800,266360,368.0,123.0
DBOL,DBOLEQN,114.64,113.62,113.62,-1.02,-0.89,82,9316,130.73,69.0
ARROWGREEN,ARROWGREENBEN,777.05,770.0,770.0,-7.05,-0.91,61,46970,801.0,341.95
EIEL,EIELEQN,213.97,212.0,212.0,-1.97,-0.92,19883,4215196,276.1,134.71
NDRAUTO,NDRAUTOEQN,828.65,821.05,821.05,-7.6,-0.92,115,94420,1186.6,605.05
IFCI,IFCIEQN,75.7,75.0,75.0,-0.7,-0.92,91775,6883125,95.8,46.23
AARTIPHARM,AARTIPHARMEQN,883.7,875.5,875.5,-8.2,-0.93,7612,6664306,946.1,585.0
VPRPL,VPRPLEQN,40.69,40.31,40.31,-0.38,-0.93,4797,193367,163.37,23.94
VISHWARAJ,VISHWARAJEQN,5.39,5.34,5.34,-0.05,-0.93,20,106,10.2,4.14
VINNY,VINNYEQN,1.07,1.06,1.06,-0.01,-0.93,1402,1486,1.53,0.94
BASML,BASMLBEN,26.93,26.68,26.68,-0.25,-0.93,10,266,31.9,17.05
EVEREADY,EVEREADYEQN,357.35,354.0,354.0,-3.35,-0.94,335,118590,475.2,259.65
RUSHIL,RUSHILEQN,17.02,16.86,16.86,-0.16,-0.94,163,2748,33.99,12.49
AXISCADES,AXISCADESEQN,1545.5,1531.0,1531.0,-14.5,-0.94,68,104108,2211.0,1063.3
FIDEL,FIDELSMN,137.3,136.0,136.0,-1.3,-0.95,2000,272000,200.0,108.1
IWP,IWPEQN,33.64,33.32,33.32,-0.32,-0.95,226,7530,39.15,28.0
GODAVARIB,GODAVARIBEQN,273.6,270.95,270.95,-2.65,-0.97,5796,1570426,353.0,227.42
MAGADSUGAR,MAGADSUGAREQN,525.75,520.65,520.65,-5.1,-0.97,168,87469,609.95,417.0
SURANAT&P,SURANAT&PEQN,16.31,16.15,16.15,-0.16,-0.98,350,5652,29.27,15.5
PATINTLOG,PATINTLOGBEN,14.23,14.09,14.09,-0.14,-0.98,163,2296,16.9,8.01
EUROPRATIK,EUROPRATIKEQN,303.0,300.0,300.0,-3.0,-0.99,290,87000,390.0,205.1
EPACK,EPACKEQN,227.27,225.0,225.0,-2.27,-1.0,14237,3203325,409.5,196.15
INDTERRAIN,INDTERRAINEQN,31.9,31.58,31.58,-0.32,-1.0,1,31,42.62,24.56
SINDHUTRAD,SINDHUTRADEQN,24.45,24.2,24.2,-0.25,-1.02,27,653,32.74,17.64
URJA,URJAEQN,9.64,9.54,9.54,-0.1,-1.04,3022,28829,14.45,8.0
HEMIPROP,HEMIPROPEQN,136.92,135.5,135.5,-1.42,-1.04,9224,1249852,190.69,111.2
CONTROLPR,CONTROLPREQN,569.7,563.7,563.7,-6.0,-1.05,69,38895,899.0,517.0
CHEMBONDCH,CHEMBONDCHBEN,261.75,259.0,259.0,-2.75,-1.05,1132,293188,279.8,104.85
BHANDARI,BHANDARIBEN,2.87,2.84,2.84,-0.03,-1.05,518,1471,4.74,2.0
NAVKARCORP,NAVKARCORPEQN,99.67,98.61,98.61,-1.06,-1.06,8175,806136,132.5,74.05
WEALTH,WEALTHEQN,932.2,922.35,922.35,-9.85,-1.06,6,5534,1300.5,774.95
MAXIND,MAXINDEQN,170.48,168.66,168.66,-1.82,-1.07,203,34237,241.57,120.0
HDBFS,HDBFSEQN,693.1,685.7,685.7,-7.4,-1.07,5326,3652038,811.8,555.3
PIIND,PIINDEQN,2730.0,2700.5,2700.5,-29.5,-1.08,4143,11188171,3917.8,2527.0
GUJALKALI,GUJALKALIEQN,677.35,670.05,670.05,-7.3,-1.08,907,607735,815.0,409.15
ARFIN,ARFINEQN,85.08,84.15,84.15,-0.93,-1.09,7122,599316,106.2,32.0
VERTOZ,VERTOZBEN,35.89,35.5,35.5,-0.39,-1.09,101,3585,92.52,27.02
FMGOETZE,FMGOETZEEQN,487.4,482.1,482.1,-5.3,-1.09,235,113293,577.4,358.0
TIJARIA,TIJARIAEQN,5.44,5.38,5.38,-0.06,-1.1,2111,11357,8.59,3.55
PIXTRANS,PIXTRANSEQN,1983.0,1961.0,1961.0,-22.0,-1.11,253,496133,2089.0,1220.1
MANAKALUCO,MANAKALUCOEQN,42.47,42.0,42.0,-0.47,-1.11,4405,185010,68.12,21.73
ASTRON,ASTRONBZN,3.6,3.56,3.56,-0.04,-1.11,51,181,18.89,3.26
KOPRAN,KOPRANBEN,174.36,172.4,172.4,-1.96,-1.12,714,123093,219.0,107.0
GOKEX,GOKEXEQN,788.95,780.0,780.0,-8.95,-1.13,4717,3679260,954.9,531.0
INOXGREEN,INOXGREENBEN,184.41,182.31,182.31,-2.1,-1.14,975,177752,279.0,132.58
CMSINFO,CMSINFOEQN,266.1,263.05,263.05,-3.05,-1.15,15836,4165659,452.3,255.15
EMAMIREAL,EMAMIREALEQN,75.87,75.0,75.0,-0.87,-1.15,100,7500,129.0,48.2
RCOM,RCOMBEN,0.83,0.82,0.82,-0.01,-1.2,33989,27870,1.9,0.75
SHANTIGOLD,SHANTIGOLDEQN,227.77,225.0,225.0,-2.77,-1.22,6937,1560825,274.1,155.0
MAXESTATES,MAXESTATESEQN,426.65,421.45,421.45,-5.2,-1.22,31,13064,502.15,305.45
DBEIL,DBEILBEN,7.18,7.09,7.09,-0.09,-1.25,1090,7728,18.56,5.15
UNIDT,UNIDTBEN,232.95,230.01,230.01,-2.94,-1.26,200,46002,254.97,146.0
BHARATGEAR,BHARATGEARBEN,105.03,103.7,103.7,-1.33,-1.27,200,20740,154.2,83.8
NDL,NDLEQN,2.32,2.29,2.29,-0.03,-1.29,32500,74425,3.75,1.8
MVGJL,MVGJLEQN,162.21,160.05,160.05,-2.16,-1.33,56,8962,221.0,129.1
INSECTICID,INSECTICIDEQN,636.55,628.0,628.0,-8.55,-1.34,612,384336,1058.8,518.6
GLOTTIS,GLOTTISBEN,67.0,66.1,66.1,-0.9,-1.34,219,14475,93.0,37.0
LIBERTSHOE,LIBERTSHOEEQN,245.3,242.0,242.0,-3.3,-1.35,100,24200,404.95,210.5
20MICRONS,20MICRONSEQN,185.92,183.35,183.35,-2.57,-1.38,1036,189950,246.61,129.61
LOVABLE,LOVABLEEQN,73.22,72.2,72.2,-1.02,-1.39,1,72,104.7,55.0
PRIZOR,PRIZORSTN,889.35,877.0,877.0,-12.35,-1.39,1600,1403200,939.2,216.65
MADHAVIPL,MADHAVIPLEQN,7.22,7.12,7.12,-0.1,-1.39,3203,22805,9.9,7.1
RAJESHEXPO,RAJESHEXPOBZN,83.16,82.0,82.0,-1.16,-1.39,209,17138,237.88,72.63
DREAMFOLKS,DREAMFOLKSEQN,69.1,68.12,68.12,-0.98,-1.42,291,19822,160.0,56.0
MATRIMONY,MATRIMONYEQN,537.1,529.4,529.4,-7.7,-1.43,6229,3297632,573.0,364.05
KSHITIJPOL,KSHITIJPOLEQN,2.79,2.75,2.75,-0.04,-1.43,2784,7656,7.2,1.88
SUBEXLTD,SUBEXLTDBEN,13.97,13.77,13.77,-0.2,-1.43,2704,37234,14.58,6.61
EKC,EKCEQN,113.62,112.0,112.0,-1.62,-1.43,499,55888,156.79,90.25
INDOTECH,INDOTECHEQN,3725.2,3670.0,3670.0,-55.2,-1.48,263,965210,3976.8,1100.0
MODIRUBBER,MODIRUBBEREQN,121.29,119.5,119.5,-1.79,-1.48,15,1792,167.5,98.41
SILGO,SILGOEQN,68.72,67.7,67.7,-1.02,-1.48,57,3858,86.2,50.09
AURUS,AURUSEQN,4.7,4.63,4.63,-0.07,-1.49,10,46,7.49,4.1
SUYOG,SUYOGEQN,855.3,842.5,842.5,-12.8,-1.5,19,16007,925.0,526.5
SATIA,SATIAEQN,60.99,60.05,60.05,-0.94,-1.54,764,45878,90.7,50.8
TENNIND,TENNINDEQN,550.6,542.0,542.0,-8.6,-1.56,90035,48798970,657.0,438.05
ROSSTECH,ROSSTECHEQN,1066.65,1050.05,1050.05,-16.6,-1.56,1276,1339863,1134.95,551.9
DHRUV,DHRUVEQN,24.18,23.8,23.8,-0.38,-1.57,8,190,68.95,22.22
QUADFUTURE,QUADFUTUREEQN,356.9,351.2,351.2,-5.7,-1.6,4518,1586721,502.4,248.55
BURNPUR,BURNPURBEN,21.35,21.0,21.0,-0.35,-1.64,4334,91014,0.0,0.0
ASHIANA,ASHIANAEQN,381.3,375.0,375.0,-6.3,-1.65,1428,535500,435.9,269.45
TRANSPEK,TRANSPEKBEN,1195.4,1175.0,1175.0,-20.4,-1.71,10,11750,1447.9,952.3
OMPOWER,OMPOWEREQN,168.9,166.0,166.0,-2.9,-1.72,1960,325360,206.0,158.4
INFOMEDIA,INFOMEDIAEQN,5.24,5.15,5.15,-0.09,-1.72,500,2575,8.05,4.5
PRAKASHSTL,PRAKASHSTLEQN,3.97,3.9,3.9,-0.07,-1.76,657,2562,6.57,3.84
MCLEODRUSS,MCLEODRUSSEQN,48.86,47.99,47.99,-0.87,-1.78,518,24858,78.41,28.5
RNBDENIMS,RNBDENIMSEQN,8.98,8.82,8.82,-0.16,-1.78,6129,54057,67.67,8.91
CORALFINAC,CORALFINACEQN,33.34,32.74,32.74,-0.6,-1.8,2325,76120,50.9,25.01
S&SPOWER,S&SPOWEREQN,321.9,316.1,316.1,-5.8,-1.8,195,61639,468.9,193.5
TARC,TARCEQN,128.98,126.65,126.65,-2.33,-1.81,3490,442008,186.3,109.1
AVANTIFEED,AVANTIFEEDEQN,859.8,844.15,844.15,-15.65,-1.82,16013,13517373,1593.8,614.25
CEREBRAINT,CEREBRAINTBZN,2.74,2.69,2.69,-0.05,-1.82,538,1447,10.08,2.71
SPCENET,SPCENETEQN,3.82,3.75,3.75,-0.07,-1.83,1000,3750,11.24,3.0
AGROPHOS,AGROPHOSEQN,28.32,27.8,27.8,-0.52,-1.84,5,139,47.47,23.9
VENUSREM,VENUSREMBEN,1568.7,1539.8,1539.8,-28.9,-1.84,466,717546,2044.3,424.0
ACCURACY,ACCURACYBEN,4.81,4.72,4.72,-0.09,-1.87,1151,5432,7.88,3.4
PARSVNATH,PARSVNATHBEN,1.59,1.56,1.56,-0.03,-1.89,5752,8973,18.75,1.59
DRAGARWQ,DRAGARWQEQN,5314.5,5213.0,5213.0,-101.5,-1.91,11,57343,6059.7,4600.0
RADIOCITY,RADIOCITYEQN,6.78,6.65,6.65,-0.13,-1.92,20,133,9.25,4.5
BBOX,BBOXEQN,743.35,729.0,729.0,-14.35,-1.93,4540,3309660,1103.0,435.05
LINCOLN,LINCOLNEQN,596.5,585.0,585.0,-11.5,-1.93,50,29250,770.0,440.0
MAZDA,MAZDABEN,244.92,240.12,240.12,-4.8,-1.96,350,84042,308.0,159.2
RKSWAMY,RKSWAMYEQN,104.97,102.9,102.9,-2.07,-1.97,6,617,163.89,67.15
MAGNUM,MAGNUMEQN,19.7,19.31,19.31,-0.39,-1.98,3,57,30.25,16.25
RELINFRA,RELINFRABEN,71.29,69.87,69.87,-1.42,-1.99,773,54009,303.0,60.04
ABAN,ABANBEN,19.6,19.21,19.21,-0.39,-1.99,111,2132,52.14,12.89
GAYAPROJ,GAYAPROJBEN,19.5,19.11,19.11,-0.39,-2.0,2500,47775,26.0,8.11
JINDWORLD,JINDWORLDEQN,36.38,35.65,35.65,-0.73,-2.01,78258,2789897,42.4,17.85
GLOBALE,GLOBALEEQN,10.44,10.23,10.23,-0.21,-2.01,1,10,15.4,9.2
GENESYS,GENESYSEQN,214.45,210.1,210.1,-4.35,-2.03,4630,972763,440.75,134.73
AYMSYNTEX,AYMSYNTEXEQN,255.85,250.55,250.55,-5.3,-2.07,1200,300660,281.22,141.53
CYBERMEDIA,CYBERMEDIABEN,16.34,16.0,16.0,-0.34,-2.08,32,512,22.81,11.3
VAISHALI,VAISHALIEQN,8.18,8.01,8.01,-0.17,-2.08,1005,8050,13.05,4.75
MTARTECH,MTARTECHBEN,6893.0,6748.0,6748.0,-145.0,-2.1,555,3745140,8714.0,1390.5
AFIL,AFILEQN,9.76,9.55,9.55,-0.21,-2.15,20000,191000,11.1,3.92
ORBTEXP,ORBTEXPBEN,274.71,268.8,268.8,-5.91,-2.15,107,28761,278.61,135.0
GUJAPOLLO,GUJAPOLLOEQN,352.65,345.05,345.05,-7.6,-2.16,75,25878,556.0,336.6
MAANALU,MAANALUEQN,123.16,120.5,120.5,-2.66,-2.16,675,81337,184.74,100.0
BNALTD,BNALTDBEN,399.0,390.3,390.3,-8.7,-2.18,100,39030,589.0,310.4
GLOBALVECT,GLOBALVECTEQN,162.8,159.1,159.1,-3.7,-2.27,563,89573,248.0,129.0
AAKASH,AAKASHEQN,9.11,8.9,8.9,-0.21,-2.31,1501,13358,13.4,7.21
SPAL,SPALEQN,1074.5,1049.5,1049.5,-25.0,-2.33,3076,3228262,1221.9,600.0
ESTER,ESTEREQN,104.5,102.07,102.07,-2.43,-2.33,32819,3349835,132.45,68.55
JASH,JASHEQN,511.8,499.9,499.9,-11.9,-2.33,1272,635872,572.85,327.1
AIIL,AIILEQN,573.45,560.05,560.05,-13.4,-2.34,1628,911761,683.0,400.0
ROSSELLIND,ROSSELLINDEQN,56.84,55.5,55.5,-1.34,-2.36,80,4440,69.85,40.0
SIMPLEXINF,SIMPLEXINFEQN,263.49,257.21,257.21,-6.28,-2.38,1997,513648,330.0,137.0
PRIMO,PRIMOEQN,24.39,23.81,23.81,-0.58,-2.38,45,1071,28.99,16.1
CEINSYS,CEINSYSEQN,796.05,776.65,776.65,-19.4,-2.44,2476,1922985,1249.9,775.4
ECOSMOBLTY,ECOSMOBLTYBEN,132.37,129.12,129.12,-3.25,-2.46,1081,139578,303.25,103.94
UNIHEALTH,UNIHEALTHSMN,719.95,702.0,702.0,-17.95,-2.49,500,351000,820.0,133.65
THEJO,THEJOEQN,2154.5,2100.0,2100.0,-54.5,-2.53,9,18900,2286.6,1443.6
AARON,AARONEQN,138.59,135.05,135.05,-3.54,-2.55,120,16206,258.0,106.8
AMJLAND,AMJLANDEQN,40.73,39.66,39.66,-1.07,-2.63,280,11104,61.0,30.3
RUBFILA,RUBFILAEQN,74.44,72.44,72.44,-2.0,-2.69,1154,83595,89.24,57.31
NAHARCAP,NAHARCAPEQN,264.58,257.4,257.4,-7.18,-2.71,88,22651,308.0,191.0
HYBRIDFIN,HYBRIDFINBEN,17.75,17.25,17.25,-0.5,-2.82,50,862,33.62,13.06
HILINFRA,HILINFRAEQN,46.33,45.0,45.0,-1.33,-2.87,1264,56880,131.4,40.6
DCM,DCMBEN,83.75,81.25,81.25,-2.5,-2.99,5,406,105.0,55.0
AIROLAM,AIROLAMEQN,91.85,89.1,89.1,-2.75,-2.99,35,3118,125.0,78.0
MUFTI,MUFTIEQN,83.26,80.75,80.75,-2.51,-3.01,3865,312098,130.7,63.06
PRECAM,PRECAMEQN,140.57,136.22,136.22,-4.35,-3.09,1929,262768,262.0,103.98
MADHUCON,MADHUCONBEN,5.19,5.02,5.02,-0.17,-3.28,5,25,8.55,3.61
SKFINDUS,SKFINDUSEQN,2730.0,2640.1,2640.1,-89.9,-3.29,384,1013798,3041.0,1994.1
REPCOHOME,REPCOHOMEEQN,376.35,363.85,363.85,-12.5,-3.32,2799,1018416,455.9,333.6
SHYAMCENT,SHYAMCENTBEN,5.09,4.92,4.92,-0.17,-3.34,30,147,9.75,3.68
PPAP,PPAPBEN,290.05,280.0,280.0,-10.05,-3.46,90,25200,379.5,176.0
COUNCODOS,COUNCODOSBEN,6.04,5.83,5.83,-0.21,-3.48,6916,40320,8.89,3.71
NAGREEKCAP,NAGREEKCAPEQN,23.22,22.35,22.35,-0.87,-3.75,15,335,42.75,19.3
TERASOFT,TERASOFTEQN,415.95,400.0,400.0,-15.95,-3.83,1468,587200,598.0,282.8
TCIFINANCE,TCIFINANCEBEN,14.81,14.23,14.23,-0.58,-3.92,22,313,38.46,10.0
TMB,TMBEQN,867.0,832.95,832.95,-34.05,-3.93,8136,6776881,917.0,411.8
TBZ,TBZEQN,282.05,270.7,270.7,-11.35,-4.02,67741,18337488,295.7,110.5
MVKAGRO,MVKAGROSMN,266.9,256.0,256.0,-10.9,-4.08,9900,2534400,819.0,232.0
AAREYDRUGS,AAREYDRUGSBEN,85.51,82.0,82.0,-3.51,-4.1,21,1722,100.0,50.31
GRANDOAK,GRANDOAKEQN,40.81,39.11,39.11,-1.7,-4.17,2964,115922,55.76,24.0
RBZJEWEL,RBZJEWELEQN,154.46,148.0,148.0,-6.46,-4.18,4749,702852,179.0,100.0
WANBURY,WANBURYEQN,254.3,243.5,243.5,-10.8,-4.25,35035,8531022,358.85,161.5
UFBL,UFBLBEN,811.05,775.0,775.0,-36.05,-4.44,65,50375,0.0,0.0
MANUGRAPH,MANUGRAPHBEN,15.99,15.26,15.26,-0.73,-4.57,1435,21898,24.0,9.65
LOTUSDEV,LOTUSDEVBEN,167.72,160.01,160.01,-7.71,-4.6,12254,1960762,218.49,102.2
BLUEWATER,BLUEWATERSTN,398.05,379.5,379.5,-18.55,-4.66,1000,379500,490.5,128.0
SHYAMTEL,SHYAMTELBEN,14.82,14.12,14.12,-0.7,-4.72,980,13837,25.42,7.07
DAMCAPITAL,DAMCAPITALEQN,152.38,145.0,145.0,-7.38,-4.84,13950,2022750,286.0,119.22
KRITINUT,KRITINUTEQN,85.21,81.0,81.0,-4.21,-4.94,1230,99630,108.5,51.36
UYFINCORP,UYFINCORPBEN,19.97,18.98,18.98,-0.99,-4.96,4322,82031,22.34,11.16
GSMFOILS,GSMFOILSSMN,113.85,108.2,108.2,-5.65,-4.96,5500,595100,293.85,113.85
WEBELSOLAR,WEBELSOLAREQN,89.77,85.29,85.29,-4.48,-4.99,165434,14109865,157.3,50.4
MAJESAUT,MAJESAUTBEN,421.65,400.6,400.6,-21.05,-4.99,81,32448,500.0,274.0
SOFTTECH,SOFTTECHEQN,423.1,402.0,402.0,-21.1,-4.99,32,12864,489.9,215.0
IDEAFORGE,IDEAFORGEEQN,852.9,810.3,810.3,-42.6,-4.99,10300,8346090,992.25,366.0
STALLION,STALLIONBEN,241.3,229.25,229.25,-12.05,-4.99,10258,2351646,359.15,94.78
INDOTHAI,INDOTHAIEQN,89.89,85.4,85.4,-4.49,-4.99,16102,1375110,466.35,89.89
SIKKO,SIKKOBEN,5.81,5.52,5.52,-0.29,-4.99,6927,38237,6.83,3.2
KANCHI,KANCHIEQN,355.8,338.05,338.05,-17.75,-4.99,14,4732,463.35,334.7
INSPIRISYS,INSPIRISYSBEN,102.01,96.91,96.91,-5.1,-5.0,1250,121137,133.9,69.92
SUMEETINDS,SUMEETINDSEQN,15.6,14.82,14.82,-0.78,-5.0,172968,2563385,35.67,15.6
UEL,UELEQN,273.12,259.47,259.47,-13.65,-5.0,2120,550076,284.2,92.32
EMPOWER,EMPOWERBEN,2.2,2.09,2.09,-0.11,-5.0,131220,274249,2.82,1.3
NATIONSTD,NATIONSTDEQN,173.15,164.5,164.5,-8.65,-5.0,401,65964,1519.95,173.15
CUDML,CUDMLSTN,120.05,114.05,114.05,-6.0,-5.0,1000,114050,191.0,84.95
SPECTRUM,SPECTRUMBEN,2403.7,2283.6,2283.6,-120.1,-5.0,447,1020769,2637.2,1050.0
RSDFIN,RSDFINBEN,130.71,124.18,124.18,-6.53,-5.0,78,9686,168.48,65.6
SDBL,SDBLEQN,73.52,69.81,69.81,-3.71,-5.05,29254,2042221,155.74,61.8
CAMLINFINE,CAMLINFINEEQN,125.5,119.0,119.0,-6.5,-5.18,19990,2378810,235.0,96.21
GRAVISSHO,GRAVISSHOEQN,30.65,29.0,29.0,-1.65,-5.38,1300,37700,35.6,25.2
HBSL,HBSLEQN,57.48,54.01,54.01,-3.47,-6.04,29,1566,108.8,42.63
AGARWALEYE,AGARWALEYEEQN,542.0,509.0,509.0,-33.0,-6.09,310711,158151899,568.0,401.0
CEWATER,CEWATEREQN,275.2,258.0,258.0,-17.2,-6.25,4851,1251558,579.0,235.0
SENCO,SENCOEQN,401.25,376.0,376.0,-25.25,-6.29,67556,25401056,430.0,276.0
CMLL,CMLLEQN,576.8,540.0,540.0,-36.8,-6.38,25734,13896360,624.4,463.35
NPST,NPSTEQN,1535.1,1435.0,1435.0,-100.1,-6.52,1501,2153935,2388.3,846.6
HLEGLAS,HLEGLASEQN,379.6,351.0,351.0,-28.6,-7.53,53048,18619848,661.95,250.0
TECHNOE,TECHNOEEQN,1058.05,976.15,976.15,-81.9,-7.74,14601,14252766,1575.0,870.0
PICCADIL,PICCADILEQN,778.25,711.0,711.0,-67.25,-8.64,14207,10101177,809.7,515.0
VIKRAN,VIKRANEQN,73.64,67.0,67.0,-6.64,-9.02,90288,6049296,118.4,51.1
FAZE3Q,FAZE3QEQN,603.35,543.05,543.05,-60.3,-9.99,3673,1994622,650.05,322.1
GODREJCP,GODREJCPEQN,1025.0,922.5,922.5,-102.5,-10.0,110516,101951010,1309.0,967.05
SHILCTECH,SHILCTECHEQN,4581.7,3972.0,3972.0,-609.7,-13.31,4390,17437080,5399.0,2852.5
SEPC,SEPCEQN,6.09,5.1,5.1,-0.99,-16.26,1111950,5670945,13.73,4.65
GLOBAL,GLOBALEQN,100.12,81.6,81.6,-18.52,-18.5,10655,869448,121.9,55.3
