symbol,identifier,previousClose,lastPrice,iep,change,pChange,finalQuantity,totalTurnover,yearHigh,yearLow
SHANTI-RE,SHANTI-REBEN,32.92,44.0,44.0,11.08,33.66,2981,131164,32.92,11.05
STLSTRINF,STLSTRINFEQN,18.99,22.78,22.78,3.79,19.96,50,1139,0.0,0.0
SHIVAAGRO,SHIVAAGROEQN,38.3,45.9,45.9,7.6,19.84,300,13770,38.3,37.0
DHATRE,DHATREEQN,4.26,5.02,5.02,0.76,17.84,509,2555,4.39,3.67
HINDADH,HINDADHEQN,335.55,372.9,372.9,37.35,11.13,1934,721188,335.55,335.55
POLYSPIN,POLYSPINEQN,31.53,34.79,34.79,3.26,10.34,100,3479,33.77,31.5
SELMC,SELMCEQN,27.21,29.97,29.97,2.76,10.14,1,29,43.36,26.0
SIEL,SIELEQN,35.07,38.57,38.57,3.5,9.98,1960,75597,35.07,30.0
SHRADDHA,SHRADDHAEQN,150.71,164.95,164.95,14.24,9.45,200,32990,162.0,150.0
MOHITE,MOHITEEQN,2.49,2.71,2.71,0.22,8.84,60,162,2.8,2.15
TRU,TRUEQN,4.48,4.87,4.87,0.39,8.71,3279,15968,13.82,4.0
HINDALUMI,HINDALUMIEQN,99.17,107.5,107.5,8.33,8.4,15,1612,106.95,98.0
PHOENXINTL,PHOENXINTLEQN,32.58,34.8,34.8,2.22,6.81,2673,93020,35.0,30.05
TREEHOUSE,TREEHOUSEEQN,5.93,6.31,6.31,0.38,6.41,49,309,11.0,5.52
VINYAS,VINYASSMN,1330.55,1414.95,1414.95,84.4,6.34,400,565980,1598.5,809.0
INDOUS,INDOUSEQN,84.75,89.99,89.99,5.24,6.18,100,8999,164.0,74.98
ETHOSLTD,ETHOSLTDEQN,2788.6,2956.5,2956.5,167.9,6.02,3204,9472626,3245.9,1919.4
PRISMX,PRISMXEQN,0.52,0.55,0.55,0.03,5.77,1000,550,0.58,0.5
PONNIERODE,PONNIERODEEQN,350.75,370.6,370.6,19.85,5.66,2531,937988,359.0,252.4
CFEL,CFELEQN,30.16,31.85,31.85,1.69,5.6,8,254,31.9,30.0
MLKFOOD,MLKFOODEQN,81.44,85.9,85.9,4.46,5.48,10,859,90.0,78.01
LAKSHMIMIL,LAKSHMIMILEQN,8067.0,8505.0,8505.0,438.0,5.43,16,136080,0.0,0.0
SUPTANERY,SUPTANERYEQN,6.83,7.2,7.2,0.37,5.42,57,410,7.08,6.81
SAPPL,SAPPLEQN,289.5,304.95,304.95,15.45,5.34,2,609,334.3,252.0
SANWARIA,SANWARIABZN,0.19,0.2,0.2,0.01,5.26,14209,2841,0.39,0.19
DEEP,DEEPEQN,36.01,37.9,37.9,1.89,5.25,1,37,36.05,35.44
TPHQ,TPHQEQN,0.58,0.61,0.61,0.03,5.17,889400,542534,0.86,0.4
INDOMIM,INDOMIMEQN,866.15,910.0,910.0,43.85,5.06,137838,125432580,908.0,700.0
BIKEWO,BIKEWOSTN,105.05,110.3,110.3,5.25,5.0,8000,882400,105.05,13.65
UHTL,UHTLSTN,107.1,112.45,112.45,5.35,5.0,2000,224900,131.55,44.0
MODISONLTD,MODISONLTDBEN,356.1,373.9,373.9,17.8,5.0,53638,20055248,362.7,114.0
MENONBE,MENONBEBEN,241.16,253.21,253.21,12.05,5.0,1595,403869,254.25,101.5
FOCUS,FOCUSBEN,68.93,72.37,72.37,3.44,4.99,4813,348316,99.9,57.06
VALIANTLAB,VALIANTLABEQN,86.53,90.85,90.85,4.32,4.99,4219,383296,94.95,49.51
STYLEBAAZA,STYLEBAAZAEQN,383.5,402.65,402.65,19.15,4.99,17208,6928801,427.0,229.95
SANGINITA,SANGINITABEN,56.7,59.53,59.53,2.83,4.99,2598,154658,68.02,9.23
PURPLEUTED,PURPLEUTEDSTN,370.45,388.95,388.95,18.5,4.99,14750,5737012,587.95,244.45
EBIX,EBIXEQN,16.25,17.06,17.06,0.81,4.98,700,11942,17.4,16.14
CTE,CTEEQN,40.77,42.8,42.8,2.03,4.98,2076,88852,59.93,20.51
GSLSU,GSLSUEQN,33.71,35.38,35.38,1.67,4.95,105,3714,139.67,23.06
UFLEX,UFLEXEQN,586.05,615.0,615.0,28.95,4.94,47248,29057520,595.4,330.0
AZADIND,AZADINDEQN,91.48,96.0,96.0,4.52,4.94,31,2976,98.99,72.97
BIRLAPREC,BIRLAPRECEQN,35.91,37.67,37.67,1.76,4.9,20,753,49.99,32.25
SETUINFRA,SETUINFRABZN,0.41,0.43,0.43,0.02,4.88,28,12,0.78,0.37
AKSHOPTFBR,AKSHOPTFBRBEN,6.98,7.32,7.32,0.34,4.87,5008,36658,9.0,3.82
ODYCORP,ODYCORPEQN,7.15,7.49,7.49,0.34,4.76,101,756,7.99,5.71
OSIAHYPER,OSIAHYPERBEN,2.58,2.7,2.7,0.12,4.65,5050,13635,33.08,2.4
GOLDENTOBC,GOLDENTOBCBZN,24.99,26.15,26.15,1.16,4.64,11,287,37.5,20.34
VCL,VCLEQN,1.77,1.85,1.85,0.08,4.52,16478,30484,2.66,0.87
LIBAS,LIBASEQN,9.52,9.95,9.95,0.43,4.52,5,49,14.3,9.02
BRAHMINFRA,BRAHMINFRAEQN,170.77,178.4,178.4,7.63,4.47,1,178,181.7,165.0
ZSARACOM,ZSARACOMEQN,12841.0,13414.0,13414.0,573.0,4.46,1,13414,14400.0,9000.0
NEUEON,NEUEONBEN,17.55,18.33,18.33,0.78,4.44,487,8926,27.4,5.76
RADAAN,RADAANEQN,2.97,3.1,3.1,0.13,4.38,100,310,3.99,2.35
UNIVASTU,UNIVASTUBEN,168.7,176.0,176.0,7.3,4.33,6654,1171104,168.72,56.02
MTEDUCARE,MTEDUCAREBEN,1.9,1.98,1.98,0.08,4.21,87,172,2.53,1.17
PILITA,PILITAEQN,8.18,8.52,8.52,0.34,4.16,40,340,15.9,6.2
BBTCL,BBTCLEQN,233.35,242.99,242.99,9.64,4.13,50,12149,262.0,156.0
INDTERRAIN,INDTERRAINEQN,31.06,32.34,32.34,1.28,4.12,2,64,42.62,24.56
RUBYMILLS,RUBYMILLSBEN,382.45,397.95,397.95,15.5,4.05,251,99885,424.9,169.02
GATECHDVR,GATECHDVRBEN,0.5,0.52,0.52,0.02,4.0,12001,6240,0.67,0.36
ANDREWYU,ANDREWYUEQN,26.23,27.28,27.28,1.05,4.0,1000,27280,27.0,25.21
MODTHREAD,MODTHREADEQN,57.64,59.9,59.9,2.26,3.92,6377,381982,62.0,35.61
KERNEX,KERNEXEQN,1751.7,1820.0,1820.0,68.3,3.9,16298,29662360,2580.0,850.0
MINALIND,MINALINDEQN,2.06,2.14,2.14,0.08,3.88,1,2,2.2,2.05
GATECH,GATECHBEN,0.78,0.81,0.81,0.03,3.85,1378368,1116478,0.93,0.4
RKEC,RKECEQN,23.41,24.3,24.3,0.89,3.8,56,1360,81.5,23.2
MCON,MCONSMN,46.2,47.95,47.95,1.75,3.79,2000,95900,94.0,37.3
ICDSLTD,ICDSLTDEQN,40.47,42.0,42.0,1.53,3.78,1,42,62.32,36.4
HCL-INSYS,HCL-INSYSEQN,11.24,11.66,11.66,0.42,3.74,4540,52936,16.5,9.01
SUPREME,SUPREMEEQN,40.71,42.22,42.22,1.51,3.71,3,126,97.84,39.2
AVONMORE,AVONMOREEQN,13.01,13.49,13.49,0.48,3.69,235,3170,23.9,9.05
AGROPHOS,AGROPHOSEQN,26.39,27.35,27.35,0.96,3.64,62,1695,47.47,23.9
PAKKA,PAKKAEQN,89.28,92.51,92.51,3.23,3.62,34947,3232946,178.84,69.1
VIRINCHI,VIRINCHIEQN,15.03,15.57,15.57,0.54,3.59,1,15,32.69,13.81
TVVISION,TVVISIONBEN,3.95,4.09,4.09,0.14,3.54,500,2045,12.4,3.84
SHANTI,SHANTIEQN,6.33,6.55,6.55,0.22,3.48,145,949,12.26,4.7
UNITEDPOLY,UNITEDPOLYBEN,33.82,34.99,34.99,1.17,3.46,302,10566,51.16,20.6
UFBL,UFBLBEN,762.6,788.9,788.9,26.3,3.45,343,270592,845.0,172.34
CORALFINAC,CORALFINACEQN,34.28,35.45,35.45,1.17,3.41,100,3545,50.9,25.01
MANGALAM,MANGALAMEQN,27.84,28.79,28.79,0.95,3.41,10,287,84.21,22.8
VARDMNPOLY,VARDMNPOLYEQN,6.19,6.4,6.4,0.21,3.39,50,320,10.56,5.1
LANCORHOL,LANCORHOLEQN,29.29,30.25,30.25,0.96,3.28,5,151,33.8,18.12
TGBHOTELS,TGBHOTELSEQN,9.2,9.5,9.5,0.3,3.26,15,142,13.4,7.5
JMA,JMAEQN,89.2,89.0,89.0,2.8,3.25,515,45835,98.0,70.25
OBSCP,OBSCPSMN,860.15,888.0,888.0,27.85,3.24,1200,1065600,921.0,269.95
BAJAJST,BAJAJSTEQN,358.3,369.9,369.9,11.6,3.24,35,12946,507.8,350.05
SHRENIK,SHRENIKBZN,0.31,0.32,0.32,0.01,3.23,1599,511,0.65,0.3
GCHOTELS,GCHOTELSSTN,97.7,100.85,100.85,3.15,3.22,1800,181530,255.0,76.5
SIMBHALS,SIMBHALSBZN,6.83,7.05,7.05,0.22,3.22,5,35,15.99,6.47
SHAHALLOYS,SHAHALLOYSEQN,74.89,77.26,77.26,2.37,3.16,339,26191,83.85,53.1
KAMOPAINTS,KAMOPAINTSEQN,4.43,4.57,4.57,0.14,3.16,7634,34887,10.76,3.6
VAISHALI,VAISHALIEQN,8.34,8.6,8.6,0.26,3.12,40,344,13.05,4.75
DEVX,DEVXEQN,32.88,33.9,33.9,1.02,3.1,15,508,64.05,29.95
ECORECO,ECORECOEQN,479.0,493.55,493.55,14.55,3.04,7,3454,494.9,460.0
TOYAMSL,TOYAMSLEQN,0.67,0.69,0.69,0.02,2.99,6695,4619,0.68,0.65
MANUGRAPH,MANUGRAPHBEN,16.1,16.58,16.58,0.48,2.98,19,315,24.0,9.65
SALSTEEL,SALSTEELEQN,71.87,74.0,74.0,2.13,2.96,3013,222962,73.9,15.28
REPRO,REPROEQN,325.15,334.75,334.75,9.6,2.95,100,33475,590.0,307.05
BRNL,BRNLEQN,17.45,17.96,17.96,0.51,2.92,45,808,26.5,16.66
VIVIMEDLAB,VIVIMEDLABBEN,5.15,5.3,5.3,0.15,2.91,500,2650,29.4,4.75
MAANALU,MAANALUEQN,119.33,122.79,122.79,3.46,2.9,3,368,184.74,100.0
LEAPIND,LEAPINDEQN,155.49,160.0,160.0,4.51,2.9,252105,40336800,167.0,143.0
PRAXIS,PRAXISEQN,5.87,6.04,6.04,0.17,2.9,500,3020,14.44,5.26
ARENTERP,ARENTERPEQN,38.36,39.44,39.44,1.08,2.82,1,39,60.79,30.01
ABANSENT,ABANSENTEQN,31.89,32.79,32.79,0.9,2.82,2568,84204,48.85,22.3
MONEYBOXX,MONEYBOXXEQN,57.19,58.8,58.8,1.61,2.82,1,58,91.5,44.02
DAVANGERE,DAVANGEREEQN,3.2,3.29,3.29,0.09,2.81,74416,244828,5.5,2.95
CCHHL,CCHHLEQN,12.55,12.9,12.9,0.35,2.79,2,25,19.99,10.03
CELEBRITY,CELEBRITYEQN,6.8,6.99,6.99,0.19,2.79,15,104,14.2,5.65
RELCHEMQ,RELCHEMQEQN,115.6,118.8,118.8,3.2,2.77,50,5940,177.46,105.01
PASUPTAC,PASUPTACBEN,61.08,62.75,62.75,1.67,2.73,2,125,78.95,40.1
RUDRA,RUDRAEQN,23.8,24.45,24.45,0.65,2.73,882,21564,29.7,14.63
ATMASTCO,ATMASTCOSMN,147.0,151.0,151.0,4.0,2.72,400,60400,268.0,98.0
ITL,ITLEQN,318.4,327.0,327.0,8.6,2.7,1,327,369.0,317.85
SUNDARAM,SUNDARAMEQN,1.13,1.16,1.16,0.03,2.65,50862,58999,2.38,1.03
BALAJEE,BALAJEEEQN,27.25,27.97,27.97,0.72,2.64,60,1678,59.9,21.1
BIGBLOC,BIGBLOCEQN,44.33,45.5,45.5,1.17,2.64,10,455,80.0,38.0
NURECA,NURECABEN,340.3,349.3,349.3,9.0,2.64,1,349,358.0,204.0
SUNSHIEL,SUNSHIELEQN,1228.0,1260.0,1260.0,32.0,2.61,1,1260,1280.0,1151.1
XTGLOBAL,XTGLOBALEQN,29.68,30.45,30.45,0.77,2.59,2,60,46.25,25.2
GENSOL,GENSOLBZN,17.45,17.9,17.9,0.45,2.58,818,14642,46.02,16.4
RSSOFTWARE,RSSOFTWAREEQN,31.59,32.4,32.4,0.81,2.56,28,907,82.0,21.93
PATINTLOG,PATINTLOGBEN,13.7,14.05,14.05,0.35,2.55,37,519,16.9,8.01
SWISSMLTRY,SWISSMLTRYEQN,13.36,13.7,13.7,0.34,2.54,57,780,14.42,13.0
GSS,GSSEQN,13.01,13.34,13.34,0.33,2.54,10,133,33.97,8.68
ELPROINTL,ELPROINTLEQN,175.32,179.75,179.75,4.43,2.53,1,179,180.89,86.0
GRADIENTE,GRADIENTEEQN,2.77,2.84,2.84,0.07,2.53,110475,313749,9.4,2.08
UGARSUGAR,UGARSUGAREQN,52.18,53.49,53.49,1.31,2.51,10771,576140,53.9,33.75
SHUKRAPHAR,SHUKRAPHAREQN,41.44,42.48,42.48,1.04,2.51,4557,193581,44.39,40.06
TANAA,TANAAEQN,300.95,308.5,308.5,7.55,2.51,6,1851,322.0,297.0
FELDVR,FELDVRBZN,2.42,2.48,2.48,0.06,2.48,20,49,3.78,2.22
ADVIKCA,ADVIKCAEQN,1.21,1.24,1.24,0.03,2.48,1269,1573,1.27,1.15
SIKA,SIKAEQN,1052.9,1078.9,1078.9,26.0,2.47,226,243831,1359.4,870.1
MANCREDIT,MANCREDITEQN,236.73,242.5,242.5,5.77,2.44,841,203942,287.27,152.06
LEXUS,LEXUSEQN,13.58,13.91,13.91,0.33,2.43,8,111,39.25,12.74
AARON,AARONEQN,138.85,142.2,142.2,3.35,2.41,71,10096,258.0,106.8
MADHAVIPL,MADHAVIPLEQN,7.04,7.21,7.21,0.17,2.41,100,721,9.9,6.95
RKSWAMY,RKSWAMYEQN,97.47,99.8,99.8,2.33,2.39,29,2894,163.89,67.15
AVROIND,AVROINDEQN,8.5,8.7,8.7,0.2,2.35,81,704,16.35,8.0
MARALOVER,MARALOVEREQN,53.15,54.4,54.4,1.25,2.35,94,5113,65.79,34.11
SHRADHA,SHRADHAEQN,34.14,34.94,34.94,0.8,2.34,1,34,58.95,26.34
HILINFRA,HILINFRAEQN,44.46,45.5,45.5,1.04,2.34,7363,335016,114.41,40.6
MANAKSTEEL,MANAKSTEELEQN,85.03,87.0,87.0,1.97,2.32,58,5046,89.9,45.11
ALPA,ALPAEQN,63.72,65.2,65.2,1.48,2.32,1,65,101.0,46.1
ATLANTAELE,ATLANTAELEEQN,1788.2,1828.9,1828.9,40.7,2.28,1074,1964238,2152.6,707.6
GILLANDERS,GILLANDERSEQN,88.49,90.5,90.5,2.01,2.27,1,90,131.89,76.0
DSSL,DSSLEQN,1158.1,1184.4,1184.4,26.3,2.27,455,538902,1924.8,781.0
JUNIPER,JUNIPEREQN,192.09,196.4,196.4,4.31,2.24,6726,1320986,312.5,188.5
SUMIT,SUMITEQN,53.51,54.7,54.7,1.19,2.22,2,109,104.9,31.74
DIGISPICE,DIGISPICEEQN,16.62,16.98,16.98,0.36,2.17,1,16,35.5,14.82
KRITINUT,KRITINUTEQN,85.15,86.99,86.99,1.84,2.16,16,1391,104.53,51.36
ACSTECH,ACSTECHEQN,50.92,52.0,52.0,1.08,2.12,583,30316,53.56,31.71
UFO,UFOEQN,66.47,67.88,67.88,1.41,2.12,1,67,92.97,53.75
CUPID,CUPIDEQN,267.32,273.0,273.0,5.68,2.12,219246,59854158,299.0,32.87
GAYAHWS,GAYAHWSEQN,1.89,1.93,1.93,0.04,2.12,353,681,4.76,1.51
DCMSHRIRAM,DCMSHRIRAMEQN,1018.4,1039.9,1039.9,21.5,2.11,2856,2969954,1414.4,945.1
NIBE,NIBEEQN,1439.0,1469.0,1469.0,30.0,2.08,153,224757,1848.0,809.6
ECOSMOBLTY,ECOSMOBLTYBEN,116.99,116.99,116.99,2.38,2.08,151,17665,303.25,103.94
ALPEXSOLAR,ALPEXSOLARSMN,772.95,788.95,788.95,16.0,2.07,600,473370,1376.75,660.0
ARCHIDPLY,ARCHIDPLYEQN,95.91,97.89,97.89,1.98,2.06,210,20556,113.0,60.0
SAMBHAAV,SAMBHAAVEQN,6.35,6.48,6.48,0.13,2.05,30,194,11.53,5.07
CHEMFAB,CHEMFABEQN,366.95,374.45,374.45,7.5,2.04,2,748,764.0,290.35
MONOLITH,MONOLITHSMN,1007.55,1028.05,1028.05,20.5,2.03,500,514025,1015.0,367.0
MEIL,MEILEQN,269.45,274.9,274.9,5.45,2.02,10,2749,573.7,206.26
BONLON,BONLONEQN,42.02,42.87,42.87,0.85,2.02,15,643,57.0,34.51
HMT,HMTBZN,60.28,61.5,61.5,1.22,2.02,140,8610,72.95,41.0
UNIENTER,UNIENTEREQN,95.59,97.5,97.5,1.91,2.0,2,195,161.8,87.51
MEGASTAR,MEGASTAREQN,311.75,317.95,317.95,6.2,1.99,101,32112,392.0,203.0
BI,BIEQN,92.17,94.0,94.0,1.83,1.99,4708,442552,92.17,51.62
VISHAL,VISHALEQN,18.12,18.48,18.48,0.36,1.99,2,36,19.45,17.85
SHARDUL,SHARDULBEN,54.9,55.99,55.99,1.09,1.99,639,35777,60.0,23.05
SPENCERS,SPENCERSEQN,31.27,31.89,31.89,0.62,1.98,50,1594,64.0,24.38
21STCENMGM,21STCENMGMEQN,44.93,45.82,45.82,0.89,1.98,38,1741,57.98,28.25
RAJRILTD,RAJRILTDBEN,21.93,22.36,22.36,0.43,1.96,10,223,28.9,19.41
JKIPL,JKIPLEQN,97.1,98.99,98.99,1.89,1.95,10,989,126.95,45.4
INVPRECQ,INVPRECQBEN,1196.7,1220.0,1220.0,23.3,1.95,2,2440,1251.0,551.0
DPSCLTD,DPSCLTDBEN,7.21,7.35,7.35,0.14,1.94,566,4160,13.31,6.95
CEREBRAINT,CEREBRAINTBZN,2.58,2.63,2.63,0.05,1.94,506,1330,10.08,2.5
COUNCODOS,COUNCODOSBEN,6.72,6.85,6.85,0.13,1.93,463,3171,8.89,3.71
PATILAUTOM,PATILAUTOMSMN,237.95,242.5,242.5,4.55,1.91,600,145500,240.0,112.05
SAMPANN,SAMPANNEQN,26.3,26.8,26.8,0.5,1.9,200,5360,43.44,23.75
AKG,AKGEQN,8.98,9.15,9.15,0.17,1.89,51,466,15.34,8.06
VIVIDHA,VIVIDHAEQN,0.53,0.54,0.54,0.01,1.89,1628,879,0.91,0.43
ESSARSHPNG,ESSARSHPNGEQN,15.99,16.29,16.29,0.3,1.88,2600,42354,43.26,15.8
UYFINCORP,UYFINCORPBEN,21.39,21.79,21.79,0.4,1.87,518,11287,22.34,11.16
RAJMET,RAJMETEQN,3.23,3.29,3.29,0.06,1.86,2516,8277,5.28,2.72
FRONTSP,FRONTSPEQN,1287.0,1310.9,1310.9,23.9,1.86,680,891412,1869.0,1256.1
MUNJALAU,MUNJALAUEQN,119.72,121.9,121.9,2.18,1.82,11813,1440004,130.6,67.2
TINNARUBR,TINNARUBREQN,1030.3,1049.0,1049.0,18.7,1.82,343,359807,1322.0,527.45
FISCHER,FISCHEREQN,37.27,37.95,37.95,0.68,1.82,2022,76734,124.7,31.05
PRIMO,PRIMOEQN,23.28,23.7,23.7,0.42,1.8,10,237,27.9,16.1
NEXTMEDIA,NEXTMEDIAEQN,3.91,3.98,3.98,0.07,1.79,500,1990,8.48,3.42
SUPREMEPWR,SUPREMEPWRSMN,192.45,195.9,195.9,3.45,1.79,1000,195900,291.35,130.55
NRAIL,NRAILEQN,509.9,519.0,519.0,9.1,1.78,68,35292,574.0,333.0
LINC,LINCEQN,97.28,99.0,99.0,1.72,1.77,8,792,139.6,85.01
SHREERAMA,SHREERAMAEQN,46.28,47.1,47.1,0.82,1.77,5244,246992,71.99,37.62
DHAMPURSUG,DHAMPURSUGEQN,170.87,173.9,173.9,3.03,1.77,8757,1522842,175.12,110.0
SONAMLTD,SONAMLTDEQN,57.39,58.4,58.4,1.01,1.76,205,11972,63.0,37.4
DRCSYSTEMS,DRCSYSTEMSEQN,13.07,13.3,13.3,0.23,1.76,204,2713,23.68,11.5
PCBL,PCBLEQN,315.45,321.0,321.0,5.55,1.76,23461,7530981,425.95,226.5
AVADHSUGAR,AVADHSUGAREQN,725.25,738.0,738.0,12.75,1.76,3493,2577834,730.05,306.05
KSE,KSEEQN,194.47,197.9,197.9,3.43,1.76,340,67286,205.0,189.99
PREMCO,PREMCOEQN,378.35,385.0,385.0,6.65,1.76,11,4235,484.9,355.0
SYSTANGO,SYSTANGOSMN,218.1,221.9,221.9,3.8,1.74,400,88760,411.0,202.55
SILGO,SILGOEQN,68.79,69.97,69.97,1.18,1.72,1,69,86.2,50.28
POWERICA,POWERICAEQN,560.35,570.0,570.0,9.65,1.72,845,481650,676.95,365.1
NBIFIN,NBIFINEQN,2064.0,2099.0,2099.0,35.0,1.7,25,52475,2991.0,1539.0
MKPL,MKPLEQN,4.11,4.18,4.18,0.07,1.7,686,2867,8.85,3.56
PREMIERPOL,PREMIERPOLEQN,83.59,85.0,85.0,1.41,1.69,13637,1159145,85.45,38.0
BHAGERIA,BHAGERIABEN,202.08,205.5,205.5,3.42,1.69,460,94530,244.6,127.51
SIL,SILEQN,20.29,20.63,20.63,0.34,1.68,4,82,21.7,11.7
BLACKROSE,BLACKROSEBEN,105.13,106.9,106.9,1.77,1.68,1,106,129.9,80.05
WATERBASE,WATERBASEEQN,47.11,47.9,47.9,0.79,1.68,16,766,47.9,44.11
ALPHAGEO,ALPHAGEOEQN,338.36,344.0,344.0,5.64,1.67,1224,421056,342.8,164.8
UCAL,UCALEQN,151.87,154.4,154.4,2.53,1.67,1924,297065,159.7,77.0
MURUDCERA,MURUDCERAEQN,30.49,31.0,31.0,0.51,1.67,1,31,47.5,25.16
RAJTV,RAJTVEQN,10.26,10.43,10.43,0.17,1.66,3,31,46.9,9.93
MANAKSIA,MANAKSIAEQN,58.87,59.85,59.85,0.98,1.66,75,4488,73.99,42.1
SMARTLINK,SMARTLINKBEN,223.76,227.45,227.45,3.69,1.65,48,10917,232.05,103.5
FOODSIN,FOODSINEQN,53.75,54.63,54.63,0.88,1.64,198,10816,95.95,44.0
GENESYS,GENESYSEQN,170.85,173.65,173.65,2.8,1.64,7451,1293866,440.75,134.73
RIR,RIREQN,173.94,176.8,176.8,2.86,1.64,951,168136,185.99,154.3
CYBERMEDIA,CYBERMEDIAEQN,16.62,16.89,16.89,0.27,1.62,513,8664,22.81,11.3
ANTELOPUS,ANTELOPUSEQN,800.9,813.9,813.9,13.0,1.62,458,372766,933.65,357.0
ELANTAS,ELANTASEQN,11705.5,11893.0,11893.0,187.5,1.6,12,142716,13200.0,8900.0
FMNL,FMNLBEN,8.73,8.87,8.87,0.14,1.6,1,8,14.35,6.74
SYRMA,SYRMAEQN,1467.9,1489.9,1489.9,23.5,1.6,13262,19759053,1543.0,634.5
MEP,MEPBZN,0.63,0.64,0.64,0.01,1.59,2,1,2.87,0.5
CMRGREEN,CMRGREENEQN,214.92,218.33,218.33,3.41,1.59,4003,873974,268.96,212.0
SAGARDEEP,SAGARDEEPEQN,24.02,24.4,24.4,0.38,1.58,4,97,31.48,20.81
GICL,GICLEQN,23.38,23.75,23.75,0.37,1.58,410,9737,52.4,15.61
TAKE,TAKEEQN,23.43,23.8,23.8,0.37,1.58,1352,32177,50.14,9.86
SHBAJRG,SHBAJRGEQN,181.14,184.0,184.0,2.86,1.58,3,552,214.95,150.5
INDSWFTLAB,INDSWFTLABEQN,313.02,317.95,317.95,4.93,1.57,10546,3353100,320.5,87.15
HONAUT,HONAUTEQN,36400.0,36970.0,36970.0,570.0,1.57,89,3290330,41495.0,26220.0
BCPL,BCPLEQN,73.35,74.5,74.5,1.15,1.57,3,223,92.0,60.0
MAWANASUG,MAWANASUGEQN,124.06,126.0,126.0,1.94,1.56,4105,517230,125.88,75.08
OSWALAGRO,OSWALAGROEQN,37.82,38.4,38.4,0.58,1.53,360,13824,83.44,33.4
MIDWESTLTD,MIDWESTLTDEQN,1110.0,1127.0,1127.0,17.0,1.53,37,41699,1859.9,1048.5
GLOBE,GLOBEEQN,2.0,2.03,2.03,0.03,1.5,691,1402,3.29,1.86
MOKSH,MOKSHEQN,10.73,10.89,10.89,0.16,1.49,15000,163350,16.65,8.11
INDOWIND,INDOWINDEQN,8.74,8.87,8.87,0.13,1.49,407,3610,18.94,7.0
DCXINDIA,DCXINDIAEQN,173.32,175.87,175.87,2.55,1.47,7039,1237948,286.0,153.3
ANNAPURNA,ANNAPURNAEQN,163.0,165.4,165.4,2.4,1.47,350,57890,287.0,120.75
ZODIAC,ZODIACEQN,256.25,260.0,260.0,3.75,1.46,142,36920,420.0,205.55
DHANUKA,DHANUKAEQN,997.0,1011.6,1011.6,14.6,1.46,801,810291,1654.4,889.6
METROGLOBL,METROGLOBLEQN,154.74,157.0,157.0,2.26,1.46,20,3140,165.0,110.0
BHAGYANGR,BHAGYANGREQN,382.5,388.0,388.0,5.5,1.44,1711,663868,432.3,86.0
ORCHASP,ORCHASPEQN,1.4,1.42,1.42,0.02,1.43,608,863,4.16,1.39
HAVISHA,HAVISHAEQN,1.4,1.42,1.42,0.02,1.43,1009,1432,2.42,1.03
SHRIPISTON,SHRIPISTONEQN,4436.6,4500.0,4500.0,63.4,1.43,676,3042000,4588.0,2452.0
CALSOFT,CALSOFTEQN,25.83,26.2,26.2,0.37,1.43,16563,433950,27.83,10.9
CRSL,CRSLEQN,2.11,2.14,2.14,0.03,1.42,1571,3361,2.18,1.72
JYOTICNC,JYOTICNCEQN,857.95,870.0,870.0,12.05,1.4,15084,13123080,1055.9,580.1
GUJALKALI,GUJALKALIEQN,680.45,690.0,690.0,9.55,1.4,645,445050,815.0,409.15
NILASPACES,NILASPACESEQN,12.87,13.05,13.05,0.18,1.4,1856,24220,20.47,11.35
PYRAMID,PYRAMIDEQN,166.69,169.0,169.0,2.31,1.39,99,16731,198.69,131.8
SPCENET,SPCENETEQN,3.59,3.64,3.64,0.05,1.39,2654,9660,11.24,3.0
KPL,KPLEQN,3598.1,3648.0,3648.0,49.9,1.39,178,649344,3744.0,1561.0
ESAFSFB,ESAFSFBBEN,39.26,39.8,39.8,0.54,1.38,6397,254600,44.25,19.78
CEMPRO,CEMPROEQN,1321.8,1340.0,1340.0,18.2,1.38,451,604340,1649.2,503.3
AEGISLOG,AEGISLOGEQN,1287.2,1305.0,1305.0,17.8,1.38,6062,7910910,1497.8,576.1
ZUARIIND,ZUARIINDEQN,256.45,259.95,259.95,3.5,1.36,100,25995,416.0,210.0
BAGFILMS,BAGFILMSEQN,4.46,4.52,4.52,0.06,1.35,2200,9944,8.0,3.61
KMSUGAR,KMSUGAREQN,29.79,30.19,30.19,0.4,1.34,1387,41873,33.73,23.0
AKUMS,AKUMSEQN,744.0,753.85,753.85,9.85,1.32,2411,1817532,775.0,409.3
SWANDEF,SWANDEFBEN,2390.5,2422.0,2422.0,31.5,1.32,12,29064,2750.0,372.0
IRIS,IRISEQN,246.76,250.0,250.0,3.24,1.31,101,25250,388.1,203.0
EASEMYTRIP,EASEMYTRIPEQN,6.13,6.21,6.21,0.08,1.31,150790,936405,10.6,5.77
INDBANK,INDBANKEQN,32.38,32.8,32.8,0.42,1.3,51,1672,47.15,28.25
DECNGOLD,DECNGOLDEQN,239.9,243.03,243.03,3.13,1.3,29119,7076790,243.8,114.8
CHENNPETRO,CHENNPETROEQN,1382.4,1400.0,1400.0,17.6,1.27,7443,10420200,1449.0,620.85
QMSMEDI,QMSMEDIBEN,138.13,139.89,139.89,1.76,1.27,25,3497,0.0,0.0
SAIPARENT,SAIPARENTEQN,551.95,558.95,558.95,7.0,1.27,706,394618,706.0,400.0
ROLLT,ROLLTBEN,3.17,3.21,3.21,0.04,1.26,1221,3919,3.74,1.02
QUICKHEAL,QUICKHEALBEN,149.41,151.3,151.3,1.89,1.26,200,30260,371.4,125.0
ZEELEARN,ZEELEARNBEN,7.98,8.08,8.08,0.1,1.25,1013,8185,10.45,4.17
AXITA,AXITAEQN,7.25,7.34,7.34,0.09,1.24,8698,63843,12.2,6.57
TIMEX,TIMEXEQN,541.3,548.0,548.0,6.7,1.24,7384,4046432,618.0,312.0
VERANDA,VERANDAEQN,235.1,238.0,238.0,2.9,1.23,4524,1076712,272.5,130.02
GTL,GTLEQN,7.41,7.5,7.5,0.09,1.21,221,1657,11.26,4.91
IVC,IVCEQN,8.32,8.42,8.42,0.1,1.2,294,2475,9.88,6.02
JAYBARMARU,JAYBARMARUEQN,127.72,129.25,129.25,1.53,1.2,1061,137134,207.0,74.15
GLOBALE,GLOBALEEQN,10.87,11.0,11.0,0.13,1.2,9,99,15.4,9.2
SHOPERSTOP,SHOPERSTOPEQN,432.05,437.2,437.2,5.15,1.19,180,78696,572.0,275.95
RANEHOLDIN,RANEHOLDINEQN,1600.9,1620.0,1620.0,19.1,1.19,106,171720,1894.5,981.0
THELEELA,THELEELAEQN,503.0,508.95,508.95,5.95,1.18,2079,1058107,527.0,384.5
TBOTEK,TBOTEKEQN,1700.0,1720.0,1720.0,20.0,1.18,2148,3694560,1764.8,1004.2
MMFL,MMFLEQN,632.3,639.7,639.7,7.4,1.17,3004,1921658,664.0,288.1
CONCORDBIO,CONCORDBIOEQN,1515.0,1532.5,1532.5,17.5,1.16,3059,4687917,1801.9,987.0
STLTECH,STLTECHBEN,642.45,649.9,649.9,7.45,1.16,8644,5617735,683.5,84.6
NGLFINE,NGLFINEEQN,2908.4,2940.0,2940.0,33.3,1.15,158,464520,3602.0,1271.0
OIL,OILEQN,474.65,480.0,480.0,5.35,1.13,15854,7609920,531.0,384.6
MAHLIFE,MAHLIFEEQN,386.65,391.0,391.0,4.35,1.13,5535,2164185,427.05,286.8
KCPSUGIND,KCPSUGINDBEN,31.12,31.47,31.47,0.35,1.12,205,6451,36.95,21.45
PARNAXLAB,PARNAXLABEQN,119.65,120.99,120.99,1.34,1.12,100,12099,120.05,108.03
VASWANI,VASWANIEQN,47.96,48.49,48.49,0.53,1.11,166,8049,69.99,44.5
MITTAL,MITTALEQN,0.9,0.91,0.91,0.01,1.11,103,93,1.82,0.7
INVENTURE,INVENTUREEQN,0.9,0.91,0.91,0.01,1.11,1425,1296,1.72,0.81
MMP,MMPEQN,350.0,353.85,353.85,3.85,1.1,598,211602,361.6,185.2
VIDHIING,VIDHIINGEQN,319.2,322.7,322.7,3.5,1.1,188,60667,410.0,258.6
BNAGROCHEM,BNAGROCHEMEQN,232.75,235.3,235.3,2.55,1.1,3,705,394.8,224.0
HNDFDS,HNDFDSEQN,608.45,615.0,615.0,6.55,1.08,626,384990,613.8,442.0
ARSHIYA,ARSHIYABZN,0.93,0.94,0.94,0.01,1.08,236,221,2.6,0.9
SPELS,SPELSEQN,150.68,152.3,152.3,1.62,1.08,806,122753,154.0,147.0
AASTHA,AASTHAEQN,73.21,74.0,74.0,0.79,1.08,592,43808,140.01,70.0
SRD,SRDEQN,41.05,41.49,41.49,0.44,1.07,106,4397,91.0,36.0
PASHUPATI,PASHUPATIEQN,84.79,85.7,85.7,0.91,1.07,778,66674,118.35,66.4
VIKRAMSOLR,VIKRAMSOLREQN,183.1,185.0,185.0,1.9,1.04,131886,24398910,407.95,155.38
MOTISONS,MOTISONSEQN,16.54,16.71,16.71,0.17,1.03,201679,3370056,20.81,10.62
SHREEJISPG,SHREEJISPGEQN,601.8,608.0,608.0,6.2,1.03,1706,1037248,681.55,222.0
LEMERITE,LEMERITEEQN,23.25,23.49,23.49,0.24,1.03,10,234,107.57,19.52
CENTENKA,CENTENKAEQN,572.6,578.5,578.5,5.9,1.03,345,199582,671.65,371.2
CYBERTECH,CYBERTECHBEN,133.64,135.0,135.0,1.36,1.02,20,2700,274.8,95.3
KALPATARU,KALPATARUEQN,283.1,286.0,286.0,2.9,1.02,15,4290,429.3,258.0
KAPSTON,KAPSTONEQN,522.7,528.0,528.0,5.3,1.01,1154,609312,600.0,158.13
IRISDOREME,IRISDOREMEEQN,58.3,58.89,58.89,0.59,1.01,946,55709,59.15,26.35
UNICHEMLAB,UNICHEMLABEQN,543.3,548.8,548.8,5.5,1.01,30,16464,687.2,278.2
NELCO,NELCOEQN,1081.5,1092.3,1092.3,10.8,1.0,4504,4919719,1120.0,500.1
ACGL,ACGLEQN,1766.7,1784.3,1784.3,17.6,1.0,1,1784,1880.0,1750.1
OBEROIRLTY,OBEROIRLTYEQN,1931.0,1950.4,1950.4,19.4,1.0,6790,13243216,1986.1,1391.2
RRECL,RRECLEQN,145.0,146.45,146.45,1.45,1.0,1,146,145.0,145.0
KHAICHEM,KHAICHEMEQN,59.75,60.34,60.34,0.59,0.99,8474,511321,135.8,42.92
PACIFICI,PACIFICIEQN,139.77,141.16,141.16,1.39,0.99,10,1411,146.0,111.15
KOPRAN,KOPRANBEN,199.71,201.69,201.69,1.98,0.99,6062,1222644,219.0,107.0
STYL,STYLEQN,398.3,399.7,399.7,3.9,0.99,66,26380,437.45,209.11
JINDWORLD,JINDWORLDEQN,35.63,35.98,35.98,0.35,0.98,8650,311227,42.4,17.85
INDOAMIN,INDOAMINBEN,123.79,125.0,125.0,1.21,0.98,1281,160125,167.9,81.9
GFLLIMITED,GFLLIMITEDEQN,49.49,49.97,49.97,0.48,0.97,173,8644,81.0,37.25
KALAMANDIR,KALAMANDIREQN,86.16,87.0,87.0,0.84,0.97,2004,174348,223.03,84.82
TARSONS,TARSONSEQN,361.5,365.0,365.0,3.5,0.97,6140,2241100,375.0,164.45
TRUALT,TRUALTEQN,479.25,483.9,483.9,4.65,0.97,1290,624231,549.0,310.2
KOVAI,KOVAIEQN,6122.0,6181.5,6181.5,59.5,0.97,12,74178,6340.0,5275.5
GOLDTECH,GOLDTECHBEN,48.04,48.5,48.5,0.46,0.96,20,970,76.9,29.68
JAYKAY,JAYKAYEQN,150.5,151.95,151.95,1.45,0.96,1106,168056,219.7,115.52
EMAMIPAP,EMAMIPAPBEN,113.91,115.0,115.0,1.09,0.96,934,107410,133.7,55.0
UTLSOLAR,UTLSOLAREQN,464.4,468.8,468.8,4.4,0.95,3457,1620641,466.2,172.0
NPST,NPSTEQN,1622.8,1638.0,1638.0,15.2,0.94,145,237510,2388.3,846.6
VINNY,VINNYEQN,1.06,1.07,1.07,0.01,0.94,7839,8387,1.53,0.94
RML,RMLEQN,1084.7,1094.9,1094.9,10.2,0.94,193,211315,1323.9,608.5
MAGADSUGAR,MAGADSUGAREQN,570.65,576.0,576.0,5.35,0.94,409,235584,609.95,417.0
PANAMAPET,PANAMAPETEQN,487.1,491.7,491.7,4.6,0.94,506,248800,599.6,229.0
SHYAMMETL,SHYAMMETLEQN,986.9,996.2,996.2,9.3,0.94,612,609674,1090.0,746.0
VOEPL,VOEPLEQN,490.4,495.0,495.0,4.6,0.94,222,109890,547.0,428.65
BANSALWIRE,BANSALWIREEQN,323.75,326.75,326.75,3.0,0.93,560,182980,380.2,222.5
TFCILTD,TFCILTDEQN,120.28,121.4,121.4,1.12,0.93,41272,5010420,127.0,51.0
EMPOWER,EMPOWEREQN,2.16,2.18,2.18,0.02,0.93,13207,28791,2.82,1.3
PROZONER,PROZONEREQN,43.5,43.9,43.9,0.4,0.92,4,175,72.77,39.31
RELAXO,RELAXOEQN,391.2,394.8,394.8,3.6,0.92,471,185950,526.0,236.5
VIKASECO,VIKASECOEQN,1.09,1.1,1.1,0.01,0.92,6980,7678,2.24,0.99
DHABRIYA,DHABRIYAEQN,504.35,509.0,509.0,4.65,0.92,72,36648,554.8,485.0
PERMAGN,PERMAGNEQN,813.6,821.0,821.0,7.4,0.91,5,4105,832.0,800.0
WANBURY,WANBURYEQN,250.7,252.95,252.95,2.25,0.9,544,137604,358.85,161.5
DELPHIFX,DELPHIFXBEN,6.66,6.72,6.72,0.06,0.9,1065,7156,18.25,6.21
VGUARD,VGUARDEQN,343.95,347.0,347.0,3.05,0.89,8630,2994610,392.2,288.8
HTMEDIA,HTMEDIAEQN,25.77,26.0,26.0,0.23,0.89,388,10088,31.3,17.52
SPAL,SPALEQN,932.45,940.7,940.7,8.25,0.88,121,113824,1221.9,600.0
SAILIFE,SAILIFEEQN,1416.4,1428.8,1428.8,12.4,0.88,480,685824,1475.0,783.85
BRIGADE,BRIGADEEQN,593.7,598.9,598.9,5.2,0.88,1130,676757,802.01,450.75
ORIENTPPR,ORIENTPPREQN,17.1,17.25,17.25,0.15,0.88,5,86,30.89,13.25
AFSL,AFSLEQN,201.2,202.95,202.95,1.75,0.87,1,202,229.0,194.41
MUKKA,MUKKAEQN,27.53,27.77,27.77,0.24,0.87,7090,196889,31.23,18.27
SICAGEN,SICAGENEQN,56.46,56.95,56.95,0.49,0.87,149,8485,74.06,46.55
YASHO,YASHOEQN,4362.3,4400.0,4400.0,37.7,0.86,48,211200,4490.0,1130.0
MCL,MCLEQN,60.47,60.99,60.99,0.52,0.86,957,58367,93.2,42.0
BLIL,BLILEQN,70.59,71.2,71.2,0.61,0.86,257,18298,79.5,67.0
SEDEMAC,SEDEMACEQN,3240.2,3268.0,3268.0,27.8,0.86,257,839876,3273.5,1413.1
JUBLCPL,JUBLCPLEQN,2342.4,2362.4,2362.4,20.0,0.85,9,21261,3013.4,1460.0
TASTYBITE,TASTYBITEEQN,10014.5,10098.5,10098.5,84.0,0.84,50,504925,10470.0,6430.0
CLEDUCATE,CLEDUCATEBEN,59.0,59.49,59.49,0.49,0.83,100,5949,120.8,35.48
SURANASOL,SURANASOLEQN,25.49,25.7,25.7,0.21,0.82,179,4600,39.08,18.31
BLUESTARCO,BLUESTARCOEQN,1508.1,1520.5,1520.5,12.4,0.82,2837,4313658,2040.0,1450.0
BANSWRAS,BANSWRASEQN,115.47,116.4,116.4,0.93,0.81,17,1978,144.0,93.73
SHANTIGOLD,SHANTIGOLDEQN,266.84,269.0,269.0,2.16,0.81,18896,5083024,274.1,155.0
VIKASLIFE,VIKASLIFEEQN,1.23,1.24,1.24,0.01,0.81,19516,24199,2.37,1.05
SURAJEST,SURAJESTEQN,211.37,213.06,213.06,1.69,0.8,250,53265,349.35,171.3
BHARATSE,BHARATSEEQN,238.44,240.35,240.35,1.91,0.8,946,227371,263.18,121.51
BAJAJHCARE,BAJAJHCAREEQN,323.05,325.65,325.65,2.6,0.8,550,179107,515.9,272.35
HARRMALAYA,HARRMALAYAEQN,193.47,194.99,194.99,1.52,0.79,1,194,237.9,153.66
QUESS,QUESSEQN,343.9,346.6,346.6,2.7,0.79,6901,2391886,349.5,166.3
GUFICBIO,GUFICBIOEQN,418.2,421.5,421.5,3.3,0.79,339,142888,448.0,268.0
CUBEINVIT,CUBEINVITIVN,160.99,162.26,162.26,1.27,0.79,501,81292,165.0,129.0
XTRANET,XTRANETEQN,158.7,159.95,159.95,1.25,0.79,589,94210,176.78,122.5
BODALCHEM,BODALCHEMBEN,69.41,69.96,69.96,0.55,0.79,211,14761,81.9,42.81
MCLOUD,MCLOUDEQN,26.77,26.98,26.98,0.21,0.78,8154,219994,90.5,19.4
RISHABH,RISHABHEQN,694.6,700.0,700.0,5.4,0.78,4392,3074400,698.75,315.0
GOYALALUM,GOYALALUMEQN,6.4,6.45,6.45,0.05,0.78,220,1419,11.37,5.34
THYROCARE,THYROCAREEQN,618.6,623.4,623.4,4.8,0.78,841,524279,662.0,342.55
EIHAHOTELS,EIHAHOTELSEQN,292.2,294.45,294.45,2.25,0.77,50,14722,434.9,266.65
MAHASTEEL,MAHASTEELBEN,1099.1,1107.6,1107.6,8.5,0.77,26,28797,1107.6,331.0
TVSSCS,TVSSCSEQN,121.48,122.4,122.4,0.92,0.76,531,64994,146.5,90.32
MSTCLTD,MSTCLTDEQN,653.2,658.15,658.15,4.95,0.76,1594,1049091,743.9,362.15
APARINDS,APARINDSEQN,16524.0,16650.0,16650.0,126.0,0.76,432,7192800,18465.0,6801.0
DBOL,DBOLEQN,121.08,122.0,122.0,0.92,0.76,337,41114,130.73,69.0
SUYOG,SUYOGEQN,813.85,820.05,820.05,6.2,0.76,240,196812,921.15,526.5
UNITECH,UNITECHEQN,3.95,3.98,3.98,0.03,0.76,3569,14204,7.93,3.1
XCHANGING,XCHANGINGEQN,61.72,62.18,62.18,0.46,0.75,32,1989,103.0,47.5
SKFINDUS,SKFINDUSEQN,2724.6,2745.0,2745.0,20.4,0.75,65,178425,3041.0,1994.1
MODINATUR,MODINATURBEN,380.65,383.5,383.5,2.85,0.75,599,229716,524.8,252.3
GODREJCP,GODREJCPEQN,928.0,935.0,935.0,7.0,0.75,3692,3452020,1309.0,906.3
SCHAND,SCHANDEQN,137.86,138.9,138.9,1.04,0.75,44,6111,200.87,130.05
CORONA,CORONAEQN,2113.1,2129.0,2129.0,15.9,0.75,67,142643,2270.1,1336.6
SAATVIKGL,SAATVIKGLEQN,402.65,405.65,405.65,3.0,0.75,143,58007,567.0,328.0
THEJO,THEJOEQN,2118.1,2129.0,2129.0,15.9,0.75,10,21290,2286.6,1443.6
CENTRUM,CENTRUMEQN,24.3,24.48,24.48,0.18,0.74,9021,220834,40.0,19.66
KIRIINDUS,KIRIINDUSEQN,410.45,413.5,413.5,3.05,0.74,226,93451,779.0,333.8
TNPETRO,TNPETROEQN,114.16,115.0,115.0,0.84,0.74,2449,281635,129.89,78.67
INDOTECH,INDOTECHEQN,3608.4,3634.9,3634.9,26.5,0.73,2,7269,3976.8,1100.0
ARKADE,ARKADEEQN,129.99,130.94,130.94,0.95,0.73,50,6547,194.8,92.62
PNGJL,PNGJLEQN,610.4,614.85,614.85,4.45,0.73,336,206589,736.4,503.0
PIIND,PIINDEQN,2472.0,2490.0,2490.0,18.0,0.73,1485,3697650,3917.8,2457.0
AROGRANITE,AROGRANITEEQN,24.57,24.75,24.75,0.18,0.73,1000,24750,45.63,18.67
ASAHIINDIA,ASAHIINDIAEQN,931.2,938.0,938.0,6.8,0.73,915,858270,1074.0,775.1
KRMAYURVED,KRMAYURVEDSMN,272.85,274.85,274.85,2.0,0.73,1000,274850,343.95,156.15
GULPOLY,GULPOLYEQN,192.06,193.45,193.45,1.39,0.72,3343,646703,227.63,121.5
ATUL,ATULEQN,6721.0,6769.5,6769.5,48.5,0.72,116,785262,7180.0,5560.5
FINEORG,FINEORGEQN,5110.4,5147.0,5147.0,36.6,0.72,43,221321,5407.0,3856.0
CAPLIPOINT,CAPLIPOINTEQN,2522.0,2540.0,2540.0,18.0,0.71,1172,2976880,2699.0,1500.3
CAPINVIT,CAPINVITIVN,76.95,77.5,77.5,0.55,0.71,756,58590,81.25,67.0
ARMANFIN,ARMANFINEQN,1962.9,1976.8,1976.8,13.9,0.71,33,65234,2158.6,1301.0
MBEL,MBELEQN,283.3,285.3,285.3,2.0,0.71,82,23394,535.9,223.05
HINDOILEXP,HINDOILEXPEQN,154.89,155.99,155.99,1.1,0.71,2640,411813,188.65,117.5
GMRAIRPORT,GMRAIRPORTEQN,101.31,102.02,102.02,0.71,0.7,31198,3182819,115.64,84.11
JGCHEM,JGCHEMEQN,600.8,605.0,605.0,4.2,0.7,243,147015,654.0,298.4
BAYERCROP,BAYERCROPEQN,4099.2,4128.0,4128.0,28.8,0.7,53,218784,5706.0,4030.0
ATALREAL,ATALREALEQN,35.85,36.1,36.1,0.25,0.7,10611,383057,36.7,17.75
SRM,SRMEQN,471.5,474.8,474.8,3.3,0.7,398,188970,649.95,361.35
BRIGHOTEL,BRIGHOTELEQN,61.07,61.5,61.5,0.43,0.7,336,20664,91.77,54.36
BAJAJHFL,BAJAJHFLEQN,84.0,84.58,84.58,0.58,0.69,20616,1743701,117.98,72.65
RPEL,RPELEQN,1430.1,1440.0,1440.0,9.9,0.69,329,473760,1473.0,561.3
THERMAX,THERMAXEQN,4141.4,4170.0,4170.0,28.6,0.69,179,746430,5277.8,2742.7
BLUECLOUDS,BLUECLOUDSEQN,21.83,21.98,21.98,0.15,0.69,4087,89832,24.5,21.55
MAYURUNIQ,MAYURUNIQEQN,732.2,737.2,737.2,5.0,0.68,84,61924,907.0,471.2
SAKHTISUG,SAKHTISUGEQN,17.63,17.75,17.75,0.12,0.68,120,2130,24.75,13.52
FERMENTA,FERMENTAEQN,457.05,460.15,460.15,3.1,0.68,50,23007,580.45,248.85
MVELECTRO,MVELECTROEQN,570.1,574.0,574.0,3.9,0.68,8103,4651122,686.5,520.0
MANOMAY,MANOMAYEQN,215.35,216.8,216.8,1.45,0.67,102,22113,259.88,160.25
BAJAJHIND,BAJAJHINDEQN,17.93,18.05,18.05,0.12,0.67,59357,1071393,23.3,14.85
GRMOVER,GRMOVEREQN,88.28,88.87,88.87,0.59,0.67,400,35548,185.45,81.95
DWARKESH,DWARKESHEQN,44.94,45.24,45.24,0.3,0.67,13520,611644,53.09,32.13
OLECTRA,OLECTRAEQN,1320.1,1329.0,1329.0,8.9,0.67,1595,2119755,1714.2,866.6
KANANIIND,KANANIINDEQN,1.5,1.51,1.51,0.01,0.67,4234,6393,2.27,1.02
GLOBALVECT,GLOBALVECTEQN,149.0,150.0,150.0,1.0,0.67,7,1050,248.0,129.0
FCSSOFT,FCSSOFTEQN,1.51,1.52,1.52,0.01,0.66,9515,14462,2.59,1.05
INDUSINVIT,INDUSINVITIVN,133.97,134.85,134.85,0.88,0.66,492,66346,138.0,111.0
NIRAJ,NIRAJEQN,28.61,28.8,28.8,0.19,0.66,500,14400,52.0,20.15
RAJOOENG,RAJOOENGBEN,50.17,50.5,50.5,0.33,0.66,161,8130,109.5,46.0
DTIL,DTILEQN,133.13,134.0,134.0,0.87,0.65,10,1340,202.0,102.0
HCG,HCGEQN,712.35,717.0,717.0,4.65,0.65,27,19359,796.68,513.3
AFFLE,AFFLEEQN,1703.9,1715.0,1715.0,11.1,0.65,1264,2167760,2185.9,1251.3
CRAFTSMAN,CRAFTSMANEQN,10480.0,10548.5,10548.5,68.5,0.65,88,928268,10762.0,6324.0
ROSSTECH,ROSSTECHEQN,1108.9,1116.05,1116.05,7.15,0.64,2262,2524505,1148.0,551.9
SONATSOFTW,SONATSOFTWEQN,320.4,322.45,322.45,2.05,0.64,957,308584,421.5,207.15
BESTAGRO,BESTAGROEQN,18.88,19.0,19.0,0.12,0.64,7117,135223,34.4,12.3
MAHEPC,MAHEPCEQN,107.31,108.0,108.0,0.69,0.64,653,70524,185.12,91.91
CPL,CPLEQN,68.46,68.9,68.9,0.44,0.64,1,68,75.74,68.0
PICCADIL,PICCADILEQN,695.45,699.8,699.8,4.35,0.63,1499,1049000,809.7,515.0
ANANTAM,ANANTAMIVN,104.98,105.64,105.64,0.66,0.63,339,35811,117.0,100.1
NECLIFE,NECLIFEEQN,11.23,11.3,11.3,0.07,0.62,50,565,22.4,9.3
NAVKARCORP,NAVKARCORPEQN,98.89,99.5,99.5,0.61,0.62,1422,141489,132.5,74.05
PNBGILTS,PNBGILTSEQN,80.34,80.84,80.84,0.5,0.62,650,52546,109.99,58.6
SPLPETRO,SPLPETROEQN,723.45,727.95,727.95,4.5,0.62,17,12375,979.0,462.3
TRACXN,TRACXNEQN,29.07,29.25,29.25,0.18,0.62,101,2954,55.9,25.39
TECHNOE,TECHNOEEQN,959.15,965.0,965.0,5.85,0.61,304,293360,1575.0,870.0
LLOYDSENGG,LLOYDSENGGEQN,91.21,91.77,91.77,0.56,0.61,50526,4636771,99.75,37.4
RHETAN,RHETANEQN,21.28,21.41,21.41,0.13,0.61,99641,2133313,34.87,20.32
KNAGRI,KNAGRIEQN,216.19,217.5,217.5,1.31,0.61,250,54375,248.55,148.3
WESTLIFE,WESTLIFEEQN,579.6,583.1,583.1,3.5,0.6,197,114870,775.0,398.4
WINDLAS,WINDLASEQN,933.4,939.0,939.0,5.6,0.6,42,39438,1097.9,697.4
GOODLUCK,GOODLUCKEQN,1311.1,1319.0,1319.0,7.9,0.6,994,1311086,1672.1,915.0
MINDACORP,MINDACORPEQN,725.15,729.5,729.5,4.35,0.6,961,701049,769.0,468.5
SUNFLAG,SUNFLAGEQN,360.75,362.9,362.9,2.15,0.6,219,79475,428.0,192.15
MOLDTKPAC,MOLDTKPACEQN,680.15,684.2,684.2,4.05,0.6,192,131366,870.5,464.9
LATENTVIEW,LATENTVIEWEQN,285.5,287.2,287.2,1.7,0.6,1969,565496,517.5,248.0
ASTERDM,ASTERDMEQN,819.75,824.7,824.7,4.95,0.6,2187,1803618,891.3,519.1
BIL,BILEQN,854.9,860.0,860.0,5.1,0.6,1,860,980.0,602.0
ANDHRSUGAR,ANDHRSUGAREQN,101.98,102.59,102.59,0.61,0.6,2307,236675,107.23,66.5
ASHAPURMIN,ASHAPURMINEQN,612.2,615.8,615.8,3.6,0.59,612,376869,924.9,455.1
KAMATHOTEL,KAMATHOTELEQN,194.64,195.78,195.78,1.14,0.59,294,57559,329.8,140.2
KCP,KCPEQN,155.28,156.2,156.2,0.92,0.59,9,1405,212.7,125.0
DCMSRIND,DCMSRINDEQN,45.73,46.0,46.0,0.27,0.59,3993,183678,181.9,31.9
EXCELSOFT,EXCELSOFTEQN,73.07,73.5,73.5,0.43,0.59,10067,739924,142.59,66.4
BALAMINES,BALAMINESEQN,2125.2,2137.5,2137.5,12.3,0.58,47,100462,2443.6,968.1
SAURASHCEM,SAURASHCEMEQN,58.72,59.06,59.06,0.34,0.58,5,295,125.35,47.65
RATEGAIN,RATEGAINEQN,949.5,955.0,955.0,5.5,0.58,1679,1603445,1050.0,437.0
SOBHA,SOBHAEQN,1321.0,1328.6,1328.6,7.6,0.58,445,591227,1732.0,1130.0
SIGMA,SIGMAEQN,45.15,45.41,45.41,0.26,0.58,215,9763,65.5,35.46
HMVL,HMVLBEN,90.97,91.5,91.5,0.53,0.58,1,91,108.16,55.2
MCX,MCXEQN,2933.1,2949.9,2949.9,16.8,0.57,3568,10525243,3480.0,1460.8
WINDMACHIN,WINDMACHINEQN,300.4,302.1,302.1,1.7,0.57,300,90630,345.45,200.65
PRABHA,PRABHAEQN,163.38,164.31,164.31,0.93,0.57,512,84126,266.99,137.91
GANESHCP,GANESHCPEQN,163.96,164.9,164.9,0.94,0.57,621,102402,309.95,152.0
NCLIND,NCLINDEQN,172.02,173.0,173.0,0.98,0.57,1,173,223.88,147.5
GOODYEAR,GOODYEAREQN,765.35,769.75,769.75,4.4,0.57,4,3079,876.0,711.25
JPOLYINVST,JPOLYINVSTEQN,1006.6,1012.2,1012.2,5.6,0.56,2,2024,1487.7,716.05
NAHARSPING,NAHARSPINGEQN,296.7,298.35,298.35,1.65,0.56,34,10143,349.0,149.2
DLINKINDIA,DLINKINDIAEQN,418.7,421.05,421.05,2.35,0.56,123,51789,549.2,367.65
SALZERELEC,SALZERELECEQN,570.3,573.45,573.45,3.15,0.55,3,1720,952.5,488.8
CENTUM,CENTUMEQN,3362.6,3381.0,3381.0,18.4,0.55,847,2863707,3968.8,2044.2
GREENPANEL,GREENPANELEQN,169.59,170.52,170.52,0.93,0.55,672,114589,333.8,163.01
APTUS,APTUSEQN,255.2,256.6,256.6,1.4,0.55,1011,259422,364.0,193.03
HARSHA,HARSHAEQN,425.6,427.95,427.95,2.35,0.55,198,84734,469.0,313.3
RACLGEAR,RACLGEAREQN,1343.4,1350.7,1350.7,7.3,0.54,10,13507,1691.9,805.0
NITINSPIN,NITINSPINEQN,553.75,556.75,556.75,3.0,0.54,574,319574,599.0,302.2
MATRIMONY,MATRIMONYEQN,543.05,546.0,546.0,2.95,0.54,7,3822,573.0,364.05
RANASUG,RANASUGEQN,12.9,12.97,12.97,0.07,0.54,804,10427,15.69,10.21
MPSLTD,MPSLTDEQN,2814.8,2830.0,2830.0,15.2,0.54,86,243380,2979.0,1336.1
HATSUN,HATSUNEQN,968.8,974.05,974.05,5.25,0.54,140,136367,1179.0,855.3
NESTLEIND,NESTLEINDEQN,1470.0,1478.0,1478.0,8.0,0.54,3548,5243944,1553.0,1120.5
MANALIPETC,MANALIPETCEQN,67.64,68.0,68.0,0.36,0.53,1776,120768,77.6,39.13
TIINDIA,TIINDIAEQN,2741.4,2755.8,2755.8,14.4,0.53,173,476753,3419.9,2164.9
SYNCOMF,SYNCOMFEQN,15.22,15.3,15.3,0.08,0.53,10363,158553,18.7,10.21
MUKANDLTD,MUKANDLTDEQN,135.27,135.99,135.99,0.72,0.53,706,96008,154.25,114.31
DIXON,DIXONEQN,14025.0,14100.0,14100.0,75.0,0.53,1409,19866900,18471.0,9600.0
OMAXAUTO,OMAXAUTOEQN,195.24,196.28,196.28,1.04,0.53,20,3925,263.4,84.5
JSWDULUX,JSWDULUXEQN,3139.8,3156.4,3156.4,16.6,0.53,3,9469,3745.0,2658.7
PTL,PTLEQN,38.65,38.85,38.85,0.2,0.52,15,582,43.77,36.1
BLUESTONE,BLUESTONEEQN,834.65,839.0,839.0,4.35,0.52,6234,5230326,926.0,399.8
CUMMINSIND,CUMMINSINDEQN,5450.0,5478.5,5478.5,28.5,0.52,1845,10107832,6100.0,3729.5
CINELINE,CINELINEEQN,88.49,88.95,88.95,0.46,0.52,1260,112077,97.5,73.35
DIGITIDE,DIGITIDEEQN,96.49,96.99,96.99,0.5,0.52,2641,256150,219.0,69.9
POLYPLEX,POLYPLEXEQN,1210.8,1217.1,1217.1,6.3,0.52,399,485622,1264.0,740.0
VARDHACRLC,VARDHACRLCBEN,44.47,44.7,44.7,0.23,0.52,111,4961,48.77,27.01
EVEREADY,EVEREADYEQN,352.9,354.7,354.7,1.8,0.51,46,16316,475.2,259.65
UPL,UPLEQN,567.1,570.0,570.0,2.9,0.51,3161,1801770,812.2,558.05
VASCONEQ,VASCONEQEQN,31.13,31.29,31.29,0.16,0.51,21,657,74.59,26.75
ELECON,ELECONEQN,438.25,440.5,440.5,2.25,0.51,805,354602,634.9,352.0
KRISHNADEF,KRISHNADEFEQN,1062.5,1067.9,1067.9,5.4,0.51,632,674912,1400.0,665.0
KKCL,KKCLEQN,521.0,523.65,523.65,2.65,0.51,20,10473,595.0,408.35
PSB,PSBEQN,23.68,23.8,23.8,0.12,0.51,7825,186235,32.46,20.5
KUANTUM,KUANTUMEQN,80.33,80.74,80.74,0.41,0.51,24,1937,122.09,65.01
VADILALIND,VADILALINDEQN,7411.0,7448.5,7448.5,37.5,0.51,31,230903,8447.0,3996.0
MUNJALSHOW,MUNJALSHOWEQN,136.62,137.31,137.31,0.69,0.51,11,1510,150.9,110.3
ULTRAMAR,ULTRAMAREQN,394.2,396.2,396.2,2.0,0.51,10,3962,455.75,364.1
AURIONPRO,AURIONPROEQN,722.75,726.4,726.4,3.65,0.51,1370,995168,1480.9,710.25
CSM,CSMEQN,100.37,100.88,100.88,0.51,0.51,675,68094,113.0,94.27
3BBLACKBIO,3BBLACKBIOEQN,1148.4,1154.2,1154.2,5.8,0.51,6,6925,1441.5,1085.0
SANOFICONR,SANOFICONREQN,4363.0,4384.8,4384.8,21.8,0.5,23,100850,5357.0,3975.0
RELTD,RELTDEQN,159.87,160.67,160.67,0.8,0.5,173,27795,196.45,114.77
ALICON,ALICONEQN,726.1,729.7,729.7,3.6,0.5,190,138643,1022.0,580.0
BBL,BBLEQN,2298.5,2309.9,2309.9,11.4,0.5,7,16169,3411.0,2051.7
SOLARINDS,SOLARINDSEQN,20000.0,20100.0,20100.0,100.0,0.5,429,8622900,20400.0,11646.0
LIKHITHA,LIKHITHAEQN,206.67,207.7,207.7,1.03,0.5,227,47147,272.0,131.45
PGIL,PGILEQN,2378.0,2390.0,2390.0,12.0,0.5,85,203150,2539.6,1178.1
ESCORTS,ESCORTSEQN,3133.6,3149.3,3149.3,15.7,0.5,930,2928849,4180.0,2700.0
AVANTIFEED,AVANTIFEEDEQN,875.6,879.95,879.95,4.35,0.5,554,487492,1593.8,614.25
3MINDIA,3MINDIAEQN,34910.0,35085.0,35085.0,175.0,0.5,51,1789335,38030.0,28730.0
CELLO,CELLOEQN,369.6,371.45,371.45,1.85,0.5,664,246642,673.8,336.6
VSTIND,VSTINDEQN,214.5,215.57,215.57,1.07,0.5,427,92048,286.78,200.0
IRBINVIT,IRBINVITIVN,64.49,64.81,64.81,0.32,0.5,3050,197670,65.0,57.05
HAPPYFORGE,HAPPYFORGEEQN,2198.1,2209.2,2209.2,11.1,0.5,621,1371913,2207.8,862.05
TIL,TILBEN,229.85,231.0,231.0,1.15,0.5,45,10395,371.95,161.25
NITTAGELA,NITTAGELAEQN,1589.1,1597.1,1597.1,8.0,0.5,3,4791,2087.2,837.05
AMBALALSA,AMBALALSAEQN,45.7,45.93,45.93,0.23,0.5,516,23699,49.98,30.15
RATNAVEER,RATNAVEEREQN,244.87,246.08,246.08,1.21,0.49,39056,9610900,247.65,130.5
SBCL,SBCLEQN,1024.6,1029.65,1029.65,5.05,0.49,136,140032,1105.05,368.6
RADHIKAJWE,RADHIKAJWEEQN,67.9,68.23,68.23,0.33,0.49,1485,101321,101.9,50.01
ZOTA,ZOTAEQN,1111.4,1116.9,1116.9,5.5,0.49,1,1116,1740.0,1026.2
ROSSARI,ROSSARIEQN,496.15,498.6,498.6,2.45,0.49,124,61826,690.3,375.0
CEINSYS,CEINSYSEQN,782.65,786.5,786.5,3.85,0.49,60,47190,1249.9,736.35
MANORAMA,MANORAMAEQN,1943.4,1953.0,1953.0,9.6,0.49,7645,14930685,2043.0,1060.6
HEIDELBERG,HEIDELBERGEQN,160.22,161.0,161.0,0.78,0.49,983,158263,224.8,136.1
IMFA,IMFAEQN,1398.7,1405.6,1405.6,6.9,0.49,167,234735,1679.9,815.0
ADVENTHTL,ADVENTHTLEQN,134.9,135.56,135.56,0.66,0.49,443,60053,345.05,120.02
MENNPIS,MENNPISEQN,71.81,72.16,72.16,0.35,0.49,28,2020,82.0,52.35
INDIQUBE,INDIQUBEEQN,178.63,179.51,179.51,0.88,0.49,101,18130,243.8,131.15
DICIND,DICINDEQN,591.95,594.8,594.8,2.85,0.48,6,3568,630.95,450.5
YATRA,YATRAEQN,113.95,114.5,114.5,0.55,0.48,1680,192360,202.0,89.9
AJANTPHARM,AJANTPHARMEQN,3718.2,3736.0,3736.0,17.8,0.48,734,2742224,3738.0,2329.9
AVIANSH,AVIANSHSMN,105.0,105.5,105.5,0.5,0.48,2000,211000,123.5,95.0
BHARATCOAL,BHARATCOALEQN,33.33,33.49,33.49,0.16,0.48,24489,820136,45.09,29.74
LANDMARK,LANDMARKEQN,511.0,513.4,513.4,2.4,0.47,639,328062,662.8,339.5
ROTO,ROTOEQN,65.68,65.99,65.99,0.31,0.47,106,6994,89.8,47.5
PRINCEPIPE,PRINCEPIPEEQN,284.25,285.6,285.6,1.35,0.47,696,198777,358.0,205.0
SKFINDIA,SKFINDIAEQN,1652.8,1660.5,1660.5,7.7,0.47,350,581175,5074.0,1404.0
KABRAEXTRU,KABRAEXTRUEQN,520.5,522.95,522.95,2.45,0.47,228,119232,524.7,180.0
GOKEX,GOKEXEQN,804.1,807.9,807.9,3.8,0.47,449,362747,954.9,531.0
PROSTARM,PROSTARMEQN,135.96,136.6,136.6,0.64,0.47,182,24861,237.0,114.64
JARO,JAROEQN,449.1,451.2,451.2,2.1,0.47,406,183187,890.0,383.5
BHARATRAS,BHARATRASEQN,1301.0,1307.0,1307.0,6.0,0.46,10,13070,2987.5,1203.0
GOPAL,GOPALEQN,270.75,272.0,272.0,1.25,0.46,15,4080,398.0,247.55
ESTER,ESTEREQN,98.96,99.42,99.42,0.46,0.46,1,99,132.45,68.55
RAJSREESUG,RAJSREESUGEQN,34.49,34.65,34.65,0.16,0.46,41,1420,49.7,24.65
PAISALO,PAISALOEQN,67.59,67.9,67.9,0.31,0.46,5994,406992,77.39,29.86
RVHL,RVHLEQN,43.05,43.25,43.25,0.2,0.46,50,2162,71.36,28.5
HERANBA,HERANBAEQN,166.23,167.0,167.0,0.77,0.46,209,34903,379.0,155.38
GENESYS-RE,GENESYS-REBEN,108.5,109.0,109.0,0.5,0.46,2535,276315,141.0,104.05
TVSHLTD,TVSHLTDEQN,14072.0,14136.0,14136.0,64.0,0.45,5,70680,16297.0,11575.0
CCCL,CCCLEQN,15.59,15.66,15.66,0.07,0.45,7,109,28.87,12.76
MEDIASSIST,MEDIASSISTEQN,343.5,345.05,345.05,1.55,0.45,20,6901,575.55,293.0
VENUSPIPES,VENUSPIPESEQN,1596.5,1603.7,1603.7,7.2,0.45,120,192444,1875.0,890.0
DBREALTY,DBREALTYEQN,108.51,109.0,109.0,0.49,0.45,287,31283,185.0,83.5
CRIZAC,CRIZACEQN,176.19,176.99,176.99,0.8,0.45,462,81769,387.95,173.35
LANCER,LANCEREQN,11.07,11.12,11.12,0.05,0.45,171,1901,11.35,10.1
PREMIERENE,PREMIERENEEQN,1015.5,1020.0,1020.0,4.5,0.44,1696,1729920,1134.0,660.0
MOL,MOLEQN,62.97,63.25,63.25,0.28,0.44,12114,766210,88.88,36.5
PINELABS,PINELABSEQN,162.63,163.35,163.35,0.72,0.44,20885,3411564,284.0,134.73
STUDDS,STUDDSEQN,448.05,450.0,450.0,1.95,0.44,87,39150,600.0,412.3
NDL,NDLEQN,2.33,2.34,2.34,0.01,0.43,1723,4031,3.75,1.8
GVKPIL,GVKPILBEN,2.34,2.35,2.35,0.01,0.43,993,2333,4.06,2.31
JAYNECOIND,JAYNECOINDEQN,88.31,88.69,88.69,0.38,0.43,4216,373917,117.0,57.12
PHOENIXLTD,PHOENIXLTDEQN,1929.8,1938.1,1938.1,8.3,0.43,813,1575675,2169.8,1437.2
SUNPHARMA,SUNPHARMAEQN,1882.0,1890.0,1890.0,8.0,0.43,5079,9599310,2046.9,1548.0
DEN,DENEQN,27.78,27.9,27.9,0.12,0.43,1315,36688,37.93,22.52
VISAKAIND,VISAKAINDEQN,92.0,92.4,92.4,0.4,0.43,246,22730,104.41,50.2
SUMEETINDS,SUMEETINDSEQN,14.08,14.14,14.14,0.06,0.43,21722,307149,35.67,13.65
KOTARISUG,KOTARISUGEQN,26.29,26.4,26.4,0.11,0.42,520,13728,37.68,22.5
AURUM,AURUMEQN,229.12,230.08,230.08,0.96,0.42,601,138278,264.64,151.9
TI,TIEQN,580.55,583.0,583.0,2.45,0.42,4264,2485912,583.75,381.55
RESPONIND,RESPONINDEQN,159.01,159.68,159.68,0.67,0.42,127,20279,240.9,117.25
PGHH,PGHHEQN,8365.0,8400.0,8400.0,35.0,0.42,33,277200,14509.0,8361.0
IFGLEXPOR,IFGLEXPOREQN,218.97,219.89,219.89,0.92,0.42,14,3078,338.0,119.68
MAMATA,MAMATAEQN,405.6,407.3,407.3,1.7,0.42,87,35435,515.0,297.0
SETL,SETLEQN,308.7,310.0,310.0,1.3,0.42,4039,1252090,313.3,104.56
IGPL,IGPLEQN,472.8,474.8,474.8,2.0,0.42,262,124397,532.45,315.0
PRAKASH,PRAKASHEQN,134.43,135.0,135.0,0.57,0.42,7575,1022625,177.0,110.24
PRUDENT,PRUDENTEQN,3338.0,3352.0,3352.0,14.0,0.42,78,261456,3434.0,2121.0
ONGC,ONGCEQN,238.49,239.5,239.5,1.01,0.42,51672,12375444,307.5,227.65
HPAL,HPALEQN,35.64,35.79,35.79,0.15,0.42,500,17895,53.0,26.52
MWL,MWLEQN,40.91,41.08,41.08,0.17,0.42,176,7230,43.94,18.26
ACCURACY,ACCURACYBEN,4.75,4.77,4.77,0.02,0.42,222,1058,7.88,3.4
GKSL,GKSLEQN,151.36,152.0,152.0,0.64,0.42,3890,591280,152.99,98.36
LALPATHLAB,LALPATHLABEQN,1877.3,1885.0,1885.0,7.7,0.41,1494,2816190,1988.9,1272.6
ROLEXRINGS,ROLEXRINGSEQN,179.46,180.19,180.19,0.73,0.41,6087,1096816,181.8,99.79
BRITANNIA,BRITANNIAEQN,5521.0,5543.5,5543.5,22.5,0.41,286,1585441,6336.0,5035.0
METROPOLIS,METROPOLISEQN,550.75,553.0,553.0,2.25,0.41,77,42581,609.05,412.25
NIITMTS,NIITMTSEQN,239.01,240.0,240.0,0.99,0.41,135,32400,443.9,203.3
ICICIAMC,ICICIAMCEQN,3136.0,3148.9,3148.9,12.9,0.41,1090,3432301,3611.0,2530.0
PURVA,PURVAEQN,226.6,227.5,227.5,0.9,0.4,6010,1367275,305.0,160.69
FORTIS,FORTISEQN,908.75,912.4,912.4,3.65,0.4,1702,1552904,1104.3,766.8
DBCORP,DBCORPEQN,212.13,212.98,212.98,0.85,0.4,50,10649,287.9,184.51
VESUVIUS,VESUVIUSEQN,440.65,442.4,442.4,1.75,0.4,3,1327,607.9,429.35
TIRUPATIFL,TIRUPATIFLBEN,64.24,64.5,64.5,0.26,0.4,2354,151833,83.9,30.11
DEEPINDS,DEEPINDSEQN,680.7,683.45,683.45,2.75,0.4,775,529673,699.0,330.0
RADIANTCMS,RADIANTCMSEQN,34.86,35.0,35.0,0.14,0.4,101,3535,62.3,32.33
SUNRAKSHAK,SUNRAKSHAKEQN,378.4,379.9,379.9,1.5,0.4,120,45588,380.25,370.0
BELRISE,BELRISEEQN,236.09,237.0,237.0,0.91,0.39,29899,7086063,268.2,135.16
GALLANTT,GALLANTTEQN,582.95,585.2,585.2,2.25,0.39,77,45060,948.0,496.25
KRISHANA,KRISHANAEQN,187.27,188.0,188.0,0.73,0.39,1126,211688,195.71,86.2
RHIM,RHIMEQN,374.25,375.7,375.7,1.45,0.39,980,368186,515.55,323.05
INDOBORAX,INDOBORAXEQN,420.25,421.9,421.9,1.65,0.39,31,13078,499.0,224.0
RIIL,RIILEQN,747.05,749.95,749.95,2.9,0.39,106,79494,964.9,617.35
ARVIND,ARVINDEQN,552.3,554.45,554.45,2.15,0.39,1803,999673,600.0,274.8
ASIANENE,ASIANENEEQN,425.25,426.9,426.9,1.65,0.39,5215,2226283,432.0,230.0
GPPL,GPPLEQN,159.57,160.2,160.2,0.63,0.39,4220,676044,200.09,141.55
ACI,ACIEQN,515.35,517.35,517.35,2.0,0.39,244,126233,726.0,483.0
KAYNES,KAYNESEQN,3651.0,3664.8,3664.8,13.8,0.38,2376,8707564,7705.0,2995.0
SYNGENE,SYNGENEEQN,403.0,404.55,404.55,1.55,0.38,763,308671,684.6,375.25
VIYASH,VIYASHEQN,252.15,253.1,253.1,0.95,0.38,14293,3617558,298.0,167.95
SOLEX,SOLEXEQN,789.0,792.0,792.0,3.0,0.38,165,130680,1985.0,770.3
ABDL,ABDLEQN,610.65,612.95,612.95,2.3,0.38,266,163044,711.7,382.1
POWERINDIA,POWERINDIAEQN,35450.0,35580.0,35580.0,130.0,0.37,140,4981200,38785.0,16111.0
FINOPB,FINOPBEQN,146.95,147.49,147.49,0.54,0.37,369,54423,339.0,110.03
SHREECEM,SHREECEMEQN,24535.0,24625.0,24625.0,90.0,0.37,26,640250,31920.0,22550.0
MANBRO,MANBROEQN,54.0,54.2,54.2,0.2,0.37,100,5420,59.1,52.0
LENSKART,LENSKARTEQN,607.6,609.85,609.85,2.25,0.37,3654,2228391,626.95,356.1
LIBERTSHOE,LIBERTSHOEEQN,248.05,248.95,248.95,0.9,0.36,2,497,404.95,210.5
SHARDACROP,SHARDACROPEQN,787.1,789.9,789.9,2.8,0.36,94,74250,1297.0,755.55
KFINTECH,KFINTECHEQN,973.0,976.55,976.55,3.55,0.36,7148,6980379,1215.0,784.95
VSSL,VSSLEQN,361.55,362.85,362.85,1.3,0.36,1608,583462,375.95,206.4
SUNTV,SUNTVEQN,488.25,485.0,485.0,1.75,0.36,2072,1004920,660.7,475.85
CHALET,CHALETEQN,844.7,847.75,847.75,3.05,0.36,105,89013,1070.1,691.35
PRSMJOHNSN,PRSMJOHNSNEQN,105.33,105.71,105.71,0.38,0.36,1509,159516,176.0,97.1
REDINGTON,REDINGTONEQN,332.8,334.0,334.0,1.2,0.36,6768,2260512,364.5,191.31
BIOCON,BIOCONEQN,412.0,413.5,413.5,1.5,0.36,4997,2066259,447.15,337.05
JAINREC,JAINRECEQN,301.9,303.0,303.0,1.1,0.36,1986,601758,593.95,247.57
KWIL,KWILEQN,38.79,38.93,38.93,0.14,0.36,289915,11286390,39.45,22.24
TRAVELFOOD,TRAVELFOODEQN,1358.2,1363.0,1363.0,4.8,0.35,53,72239,1470.9,1035.3
LICHSGFIN,LICHSGFINEQN,498.25,500.0,500.0,1.75,0.35,2485,1242500,598.2,458.9
SOLARWORLD,SOLARWORLDEQN,153.71,154.25,154.25,0.54,0.35,915,141138,388.5,139.19
ELDEHSG,ELDEHSGEQN,765.35,768.0,768.0,2.65,0.35,10,7680,1044.1,691.2
ARSSBL,ARSSBLEQN,509.2,511.0,511.0,1.8,0.35,97,49567,794.85,416.0
SURAKSHA,SURAKSHAEQN,308.45,309.5,309.5,1.05,0.34,78,24141,333.0,224.1
GODREJAGRO,GODREJAGROEQN,597.0,599.0,599.0,2.0,0.34,1488,891312,769.7,506.1
OILCOUNTUB,OILCOUNTUBBEN,59.6,59.8,59.8,0.2,0.34,5,299,84.96,35.65
NAVNETEDUL,NAVNETEDULEQN,134.54,135.0,135.0,0.46,0.34,1012,136620,168.5,121.5
FINPIPE,FINPIPEEQN,159.36,159.9,159.9,0.54,0.34,808,129199,222.5,147.54
EBGNG,EBGNGEQN,593.0,595.0,595.0,2.0,0.34,1988,1182860,689.5,239.0
THEMISMED,THEMISMEDEQN,104.09,104.44,104.44,0.35,0.34,471,49191,148.0,64.95
PARAGMILK,PARAGMILKEQN,207.29,208.0,208.0,0.71,0.34,861,179088,376.95,177.84
APEX,APEXEQN,422.55,424.0,424.0,1.45,0.34,1078,457072,514.5,208.74
DANGEE,DANGEEEQN,2.94,2.95,2.95,0.01,0.34,30,88,5.08,2.53
DIVISLAB,DIVISLABEQN,8481.5,8510.0,8510.0,28.5,0.34,1278,10875780,8674.0,5636.5
PREMEXPLN,PREMEXPLNEQN,672.65,674.9,674.9,2.25,0.33,3506,2366199,829.8,378.4
DALBHARAT,DALBHARATEQN,1844.0,1850.0,1850.0,6.0,0.33,2586,4784100,2496.3,1605.0
FLEXITUFF,FLEXITUFFBEN,3.04,3.05,3.05,0.01,0.33,150,457,29.49,3.04
KSHITIJPOL,KSHITIJPOLEQN,3.03,3.04,3.04,0.01,0.33,1330,4043,7.2,1.88
EXICOM,EXICOMEQN,148.32,148.8,148.8,0.48,0.32,1012,150585,182.9,75.6
CENTEXT,CENTEXTEQN,21.93,22.0,22.0,0.07,0.32,201,4422,34.75,15.67
BAJAJ-AUTO,BAJAJ-AUTOEQN,11663.0,11700.0,11700.0,37.0,0.32,986,11536200,11863.0,8400.0
CCL,CCLEQN,1130.4,1134.0,1134.0,3.6,0.32,519,588546,1242.2,815.5
UNITDSPR,UNITDSPREQN,1545.0,1550.0,1550.0,5.0,0.32,1644,2548200,1548.7,1210.8
HONDAPOWER,HONDAPOWEREQN,2138.1,2145.0,2145.0,6.9,0.32,133,285285,3216.0,1816.6
ACE,ACEEQN,1113.7,1117.1,1117.1,3.4,0.31,873,975228,1170.0,745.1
CREDITACC,CREDITACCEQN,1538.6,1543.3,1543.3,4.7,0.31,470,725351,1634.0,1113.0
ENDURANCE,ENDURANCEEQN,2978.2,2987.3,2987.3,9.1,0.31,276,824494,3079.9,2142.8
IGCL,IGCLEQN,71.38,71.6,71.6,0.22,0.31,30,2148,118.99,49.46
DIACABS,DIACABSBEN,359.9,361.0,361.0,1.1,0.31,1052,379772,379.0,115.57
SOUTHWEST,SOUTHWESTEQN,226.28,226.96,226.96,0.68,0.3,493,111891,275.0,121.0
CPCAP,CPCAPEQN,130.32,130.71,130.71,0.39,0.3,100,13071,160.9,73.51
SARDAEN,SARDAENEQN,521.15,522.7,522.7,1.55,0.3,755,394638,639.75,453.1
EIDPARRY,EIDPARRYEQN,792.05,794.45,794.45,2.4,0.3,636,505270,1196.4,698.2
SHRIRAMPPS,SHRIRAMPPSEQN,76.27,76.5,76.5,0.23,0.3,1620,123930,99.44,60.57
UTIAMC,UTIAMCEQN,907.3,910.0,910.0,2.7,0.3,153,139230,1418.0,876.0
BALRAMCHIN,BALRAMCHINEQN,655.75,657.7,657.7,1.95,0.3,2070,1361439,665.5,393.55
VINDHYATEL,VINDHYATELEQN,2486.6,2494.0,2494.0,7.4,0.3,58,144652,2600.0,963.9
NACLIND,NACLINDEQN,173.45,173.97,173.97,0.52,0.3,1614,280787,262.2,112.62
HUHTAMAKI,HUHTAMAKIEQN,279.1,279.9,279.9,0.8,0.29,1281,358551,330.0,148.6
AWL,AWLEQN,193.34,193.9,193.9,0.56,0.29,5913,1146530,282.9,171.19
SIYSIL,SIYSILEQN,632.6,634.45,634.45,1.85,0.29,42,26646,848.8,433.35
TIMKEN,TIMKENEQN,3290.5,3300.0,3300.0,9.5,0.29,3,9900,3925.0,2800.5
RAYMOND,RAYMONDEQN,647.85,649.75,649.75,1.9,0.29,3832,2489842,679.0,320.0
GANDHAR,GANDHAREQN,246.69,247.4,247.4,0.71,0.29,3167,783515,303.17,115.0
SPORTKING,SPORTKINGEQN,206.41,207.0,207.0,0.59,0.29,1051,217557,241.51,78.17
RAMBHAJO,RAMBHAJOEQN,180.97,181.5,181.5,0.53,0.29,127,23050,222.0,161.6
VMM,VMMEQN,105.5,105.8,105.8,0.3,0.28,22822,2414567,157.6,98.77
GICRE,GICREEQN,355.5,356.5,356.5,1.0,0.28,1944,693036,417.95,346.7
HINDZINC,HINDZINCEQN,567.5,569.1,569.1,1.6,0.28,14895,8476744,733.0,418.0
ASKAUTOLTD,ASKAUTOLTDEQN,649.2,651.0,651.0,1.8,0.28,521,339171,687.7,375.3
KRSNAA,KRSNAAEQN,558.45,560.0,560.0,1.55,0.28,322,180320,894.4,515.0
SHINDL,SHINDLEQN,161.84,162.29,162.29,0.45,0.28,123,19961,179.99,130.6
M&MFIN,M&MFINEQN,388.9,390.0,390.0,1.1,0.28,2836,1106040,415.0,253.05
PROTEAN,PROTEANEQN,548.5,550.0,550.0,1.5,0.27,2318,1274900,945.5,444.0
EMCURE,EMCUREEQN,1873.9,1879.0,1879.0,5.1,0.27,276,518604,2048.0,1260.0
INA,INAEQN,98.41,98.68,98.68,0.27,0.27,687,67793,161.81,79.75
RIIT,RIITIVN,119.73,120.05,120.05,0.32,0.27,1045,125452,120.39,105.3
TATACONSUM,TATACONSUMEQN,1072.6,1075.5,1075.5,2.9,0.27,1466,1576683,1282.7,1007.2
SHADOWFAX,SHADOWFAXEQN,258.6,259.3,259.3,0.7,0.27,8278,2146485,263.7,98.55
DDEVPLSTIK,DDEVPLSTIKEQN,269.3,270.0,270.0,0.7,0.26,285,76950,360.0,185.15
SENORES,SENORESEQN,1545.7,1549.7,1549.7,4.0,0.26,599,928270,1549.8,662.45
JINDALSTEL,JINDALSTELEQN,1116.1,1119.0,1119.0,2.9,0.26,2036,2278284,1306.2,943.3
MTNL,MTNLEQN,27.08,27.15,27.15,0.07,0.26,9328,253255,48.19,21.26
STEELCITY,STEELCITYEQN,81.77,81.98,81.98,0.21,0.26,150,12297,108.9,71.26
SEJALLTD,SEJALLTDEQN,682.2,684.0,684.0,1.8,0.26,1,684,1036.7,381.0
CRISIL,CRISILEQN,4488.3,4500.0,4500.0,11.7,0.26,48,216000,5451.0,3686.0
GNA,GNAEQN,561.55,563.0,563.0,1.45,0.26,783,440829,601.65,291.8
NOIDATOLL,NOIDATOLLBEN,4.03,4.04,4.04,0.01,0.25,551,2226,7.43,2.87
INOXGREEN,INOXGREENEQN,181.54,182.0,182.0,0.46,0.25,831,151242,279.0,132.58
VENKEYS,VENKEYSEQN,1531.0,1534.9,1534.9,3.9,0.25,1,1534,1800.0,1165.0
DPEL,DPELSMN,589.55,591.0,591.0,1.45,0.25,500,295500,599.0,130.0
RAJESHEXPO,RAJESHEXPOBZN,82.59,82.8,82.8,0.21,0.25,404,33451,237.88,72.63
RAMCOIND,RAMCOINDEQN,353.45,354.35,354.35,0.9,0.25,512,181427,398.05,230.65
KMCSHIL,KMCSHILEQN,143.13,143.49,143.49,0.36,0.25,2836,406937,148.0,134.7
VBL,VBLEQN,433.85,434.9,434.9,1.05,0.24,2895,1259035,555.8,381.0
STEELCAS,STEELCASEQN,352.1,352.95,352.95,0.85,0.24,6,2117,360.8,176.02
IGARASHI,IGARASHIEQN,454.9,456.0,456.0,1.1,0.24,100,45600,558.0,271.05
TEXMOPIPES,TEXMOPIPESEQN,45.62,45.73,45.73,0.11,0.24,515,23550,62.0,33.0
WELCORP,WELCORPEQN,1882.0,1886.6,1886.6,4.6,0.24,675,1273455,1896.0,710.0
SPIC,SPICEQN,67.09,67.25,67.25,0.16,0.24,2627,176665,128.2,55.1
BILVYAPAR,BILVYAPARBEN,4.09,4.1,4.1,0.01,0.24,200,820,14.7,3.8
AXISCADES,AXISCADESEQN,1553.4,1557.1,1557.1,3.7,0.24,134,208651,2211.0,1063.3
SIRCA,SIRCAEQN,439.45,440.45,440.45,1.0,0.23,1118,492423,539.0,385.0
JTLIND,JTLINDEQN,75.33,75.5,75.5,0.17,0.23,2346,177123,87.2,40.25
MARINE,MARINEEQN,367.1,367.95,367.95,0.85,0.23,751,276330,388.0,150.86
AUROPHARMA,AUROPHARMAEQN,1627.2,1631.0,1631.0,3.8,0.23,1398,2280138,1682.4,1016.1
PTC,PTCEQN,160.62,160.99,160.99,0.37,0.23,1581,254525,229.51,149.59
POKARNA,POKARNAEQN,937.8,940.0,940.0,2.2,0.23,45,42300,1146.2,692.6
APTECHT,APTECHTBEN,94.78,95.0,95.0,0.22,0.23,8,760,144.3,69.1
KSB,KSBEQN,795.25,797.05,797.05,1.8,0.23,238,189697,1028.3,666.65
ADANIENT,ADANIENTEQN,3007.3,3014.0,3014.0,6.7,0.22,2746,8276444,3245.0,1753.0
IFBIND,IFBINDEQN,1386.0,1389.0,1389.0,3.0,0.22,2,2778,2019.8,883.2
AAATECH,AAATECHEQN,91.98,92.18,92.18,0.2,0.22,4,368,136.0,76.11
MONARCH,MONARCHEQN,389.05,389.9,389.9,0.85,0.22,50,19495,406.95,235.45
ZEEMEDIA,ZEEMEDIAEQN,9.7,9.72,9.72,0.02,0.21,49438,480537,13.26,6.65
SKYGOLD,SKYGOLDEQN,776.4,778.0,778.0,1.6,0.21,2762,2148836,848.0,259.0
COCHINSHIP,COCHINSHIPEQN,1457.8,1460.9,1460.9,3.1,0.21,2712,3961960,1979.9,1187.0
RUBFILA,RUBFILAEQN,67.36,67.5,67.5,0.14,0.21,2,135,89.24,57.31
GARFIBRES,GARFIBRESEQN,748.45,750.0,750.0,1.55,0.21,67,50250,870.45,579.75
CONFIPET,CONFIPETEQN,72.55,72.7,72.7,0.15,0.21,1478,107450,86.4,28.06
UTTAMSUGAR,UTTAMSUGAREQN,283.0,283.59,283.59,0.59,0.21,1233,349666,299.0,181.1
SANGHVIMOV,SANGHVIMOVEQN,506.95,508.0,508.0,1.05,0.21,2418,1228344,528.0,223.8
KIRLPNU,KIRLPNUEQN,1534.3,768.8,768.8,1.6,0.21,2408,1851270,1098.55,495.05
RBA,RBAEQN,99.59,99.8,99.8,0.21,0.21,14902,1487219,103.2,57.15
ELLEN,ELLENEQN,328.3,329.0,329.0,0.7,0.21,236,77644,559.8,175.0
JNPR,JNPREQN,241.68,242.18,242.18,0.5,0.21,1644,398143,264.72,232.11
GEMAROMA,GEMAROMAEQN,169.66,170.0,170.0,0.34,0.2,29,4930,349.6,133.0
UNOMINDA,UNOMINDAEQN,1269.9,1272.5,1272.5,2.6,0.2,2094,2664615,1382.0,994.0
GRASIM,GRASIMEQN,3250.5,3257.0,3257.0,6.5,0.2,962,3133234,3411.1,2502.5
HIMATSEIDE,HIMATSEIDEEQN,70.5,70.64,70.64,0.14,0.2,5072,358286,134.7,70.18
BASF,BASFEQN,4041.2,4049.3,4049.3,8.1,0.2,9,36443,4829.9,3122.2
DOLLAR,DOLLAREQN,268.35,268.9,268.9,0.55,0.2,123,33074,396.0,220.5
JAICORPLTD,JAICORPLTDEQN,101.2,101.4,101.4,0.2,0.2,105,10647,178.24,88.0
EPACKPEB,EPACKPEBEQN,221.55,222.0,222.0,0.45,0.2,272,60384,344.0,132.17
VMART,VMARTEQN,792.3,793.9,793.9,1.6,0.2,1,793,888.0,457.9
QUADFUTURE,QUADFUTUREEQN,349.35,350.0,350.0,0.65,0.19,578,202300,502.4,248.55
SARLAPOLY,SARLAPOLYEQN,101.61,101.8,101.8,0.19,0.19,29,2952,114.0,68.4
SWARAJ,SWARAJEQN,369.3,370.0,370.0,0.7,0.19,500,185000,374.9,158.5
KOKUYOCMLN,KOKUYOCMLNEQN,84.73,84.89,84.89,0.16,0.19,138,11714,128.0,71.05
BECTORFOOD,BECTORFOODEQN,255.3,255.79,255.79,0.49,0.19,10994,2812155,299.0,165.0
KSHINTL,KSHINTLEQN,1022.35,1024.3,1024.3,1.95,0.19,1143,1170774,1059.9,330.0
HEXT,HEXTEQN,561.0,562.0,562.0,1.0,0.18,1410,792420,829.4,400.2
RKFORGE,RKFORGEEQN,755.0,756.35,756.35,1.35,0.18,1468,1110321,763.5,460.15
V2RETAIL,V2RETAILEQN,218.85,219.25,219.25,0.4,0.18,1056,231528,259.25,158.56
ADVANIHOTR,ADVANIHOTREQN,49.91,50.0,50.0,0.09,0.18,376,18800,68.39,47.0
PVRINOX,PVRINOXEQN,1192.0,1194.2,1194.2,2.2,0.18,514,613818,1249.7,907.4
TATASTEEL,TATASTEELEQN,186.0,186.34,186.34,0.34,0.18,70911,13213555,224.4,153.05
PRICOLLTD,PRICOLLTDEQN,806.55,808.0,808.0,1.45,0.18,2201,1778408,808.9,432.35
AIIL,AIILEQN,551.5,552.5,552.5,1.0,0.18,266,146965,683.0,400.0
VAIBHAVGBL,VAIBHAVGBLEQN,226.45,226.85,226.85,0.4,0.18,601,136336,293.25,174.13
SWARAJENG,SWARAJENGEQN,3628.6,3635.0,3635.0,6.4,0.18,153,556155,4545.0,3301.3
HERITGFOOD,HERITGFOODEQN,363.65,364.3,364.3,0.65,0.18,509,185428,540.0,292.55
BORORENEW,BORORENEWEQN,569.9,570.9,570.9,1.0,0.18,913,521231,721.0,374.4
KIRLFER,KIRLFEREQN,433.2,434.0,434.0,0.8,0.18,157,68138,513.0,408.0
ALEMBICLTD,ALEMBICLTDEQN,90.15,90.31,90.31,0.16,0.18,3139,283483,109.91,70.46
SONACOMS,SONACOMSEQN,805.1,806.5,806.5,1.4,0.17,6142,4953523,836.9,402.3
NETWORK18,NETWORK18EQN,28.95,29.0,29.0,0.05,0.17,11134,322886,58.55,27.38
JKPAPER,JKPAPEREQN,380.75,381.4,381.4,0.65,0.17,1828,697199,444.8,304.85
TIRUMALCHM,TIRUMALCHMEQN,154.73,155.0,155.0,0.27,0.17,891,138105,328.8,151.73
HAL,HALEQN,5059.0,5067.4,5067.4,8.4,0.17,2909,14741066,5149.9,3479.1
GRANULES,GRANULESEQN,861.55,863.0,863.0,1.45,0.17,475,409925,910.0,452.5
MBAPL,MBAPLEQN,164.73,165.0,165.0,0.27,0.16,2107,347655,172.85,74.63
PFC,PFCEQN,374.4,375.0,375.0,0.6,0.16,5450,2043750,486.5,329.9
VTL,VTLEQN,605.25,606.2,606.2,0.95,0.16,365,221263,688.0,385.5
GODREJIND,GODREJINDEQN,1223.0,1225.0,1225.0,2.0,0.16,62,75950,1443.0,744.2
HARIOMPIPE,HARIOMPIPEEQN,346.45,347.0,347.0,0.55,0.16,484,167948,572.2,268.05
OMINFRAL,OMINFRALEQN,86.87,87.0,87.0,0.13,0.15,422,36714,144.0,71.5
DLF,DLFEQN,671.0,672.0,672.0,1.0,0.15,13870,9320640,794.8,489.4
SYMPHONY,SYMPHONYEQN,620.55,621.5,621.5,0.95,0.15,99,61528,991.5,618.0
KEI,KEIEQN,5873.0,5881.7,5881.7,8.7,0.15,1456,8563755,5880.0,3728.7
JINDRILL,JINDRILLEQN,586.2,587.1,587.1,0.9,0.15,377,221336,693.5,440.1
ACCENTMIC,ACCENTMICSMN,587.6,588.5,588.5,0.9,0.15,1000,588500,591.0,238.0
PGINVIT,PGINVITIVN,100.3,100.45,100.45,0.15,0.15,3356,337110,102.0,86.3
JAYAGROGN,JAYAGROGNEQN,217.68,218.0,218.0,0.32,0.15,55,11990,260.25,147.26
JYOTHYLAB,JYOTHYLABEQN,213.93,214.25,214.25,0.32,0.15,14130,3027352,352.7,188.1
ZFSTEERING,ZFSTEERINGEQN,673.6,674.6,674.6,1.0,0.15,29,19563,894.98,620.65
EPACK,EPACKEQN,210.7,211.0,211.0,0.3,0.14,1585,334435,409.5,196.15
DEEPAKFERT,DEEPAKFERTEQN,1502.7,1504.8,1504.8,2.1,0.14,353,531194,1681.0,866.4
ROUTE,ROUTEEQN,508.6,507.3,507.3,0.7,0.14,392,198861,921.6,410.7
AYE,AYEEQN,169.77,170.0,170.0,0.23,0.14,811,137870,197.29,88.22
NILAINFRA,NILAINFRAEQN,7.02,7.03,7.03,0.01,0.14,617,4337,11.55,5.9
AYMSYNTEX,AYMSYNTEXEQN,271.9,272.25,272.25,0.35,0.13,51,13884,281.22,141.53
BANCOINDIA,BANCOINDIAEQN,611.15,611.95,611.95,0.8,0.13,170,104031,879.8,502.0
TRIVENI,TRIVENIEQN,279.64,280.0,280.0,0.36,0.13,8806,2465680,490.1,220.05
GATEWAY,GATEWAYEQN,55.15,55.22,55.22,0.07,0.13,2262,124907,70.5,48.1
AMBICAAGAR,AMBICAAGAREQN,23.78,23.81,23.81,0.03,0.13,4,95,29.68,20.0
RMC,RMCEQN,259.7,260.05,260.05,0.35,0.13,64,16643,530.0,245.4
ADSL,ADSLEQN,111.06,111.2,111.2,0.14,0.13,116,12899,209.53,86.27
UDS,UDSEQN,211.72,211.97,211.97,0.25,0.12,475,100685,266.2,125.1
RUSHIL,RUSHILEQN,16.78,16.8,16.8,0.02,0.12,3977,66813,33.99,12.49
SIGNATURE,SIGNATUREEQN,805.05,806.0,806.0,0.95,0.12,197,158782,1158.0,705.2
ADANIPOWER,ADANIPOWEREQN,203.56,203.8,203.8,0.24,0.12,39595,8069461,254.2,116.7
IOB,IOBEQN,33.66,33.7,33.7,0.04,0.12,39817,1341832,41.8,31.2
JUBLINGREA,JUBLINGREAEQN,732.8,733.7,733.7,0.9,0.12,170,124729,795.0,537.3
COALINDIA,COALINDIAEQN,408.45,408.95,408.95,0.5,0.12,8994,3678096,491.25,368.65
APOLLO,APOLLOEQN,387.05,387.5,387.5,0.45,0.12,17569,6807987,466.5,179.5
STCINDIA,STCINDIAEQN,116.81,116.95,116.95,0.14,0.12,100,11695,150.7,97.04
SHIVAMAUTO,SHIVAMAUTOBEN,16.23,16.25,16.25,0.02,0.12,50,812,35.79,13.05
VHLTD,VHLTDBEN,123.63,123.77,123.77,0.14,0.11,189,23392,155.36,103.0
HDFCAMC,HDFCAMCEQN,2523.0,2525.9,2525.9,2.9,0.11,3434,8673940,2967.25,2205.6
POONAWALLA,POONAWALLAEQN,497.45,498.0,498.0,0.55,0.11,4623,2302254,570.4,361.2
MARKSANS,MARKSANSEQN,331.45,331.8,331.8,0.35,0.11,16507,5477022,345.5,155.0
ANTHEM,ANTHEMEQN,898.0,899.0,899.0,1.0,0.11,924,830676,904.0,579.15
MARSONS,MARSONSEQN,104.8,104.9,104.9,0.1,0.1,8048,844235,175.4,100.25
ORIENTELEC,ORIENTELECEQN,187.42,187.6,187.6,0.18,0.1,443,83106,219.0,149.05
SWANCORP,SWANCORPEQN,305.2,305.5,305.5,0.3,0.1,1405,429227,506.0,295.65
BBTC,BBTCEQN,1463.6,1465.0,1465.0,1.4,0.1,20,29300,2135.0,1314.6
COROMANDEL,COROMANDELEQN,2097.9,2100.0,2100.0,2.1,0.1,41,86100,2500.0,1706.5
SENCO,SENCOEQN,341.55,341.9,341.9,0.35,0.1,1291,441392,430.0,276.0
COFFEEDAY,COFFEEDAYBEN,29.67,29.7,29.7,0.03,0.1,2072,61538,51.46,21.0
ABLBL,ABLBLEQN,89.92,90.01,90.01,0.09,0.1,2888,259948,151.33,87.68
SAMBHV,SAMBHVEQN,119.88,120.0,120.0,0.12,0.1,2522,302640,141.32,81.42
SREEL,SREELEQN,260.75,261.0,261.0,0.25,0.1,587,153207,267.45,165.25
MANINDS,MANINDSEQN,630.35,630.95,630.95,0.6,0.1,1734,1094067,638.7,302.05
WAAREEINDO,WAAREEINDOEQN,300.35,300.65,300.65,0.3,0.1,135,40587,725.0,282.8
WELSPUNLIV,WELSPUNLIVEQN,168.15,168.3,168.3,0.15,0.09,7040,1184832,178.0,107.1
VIMTALABS,VIMTALABSEQN,623.45,624.0,624.0,0.55,0.09,18,11232,902.65,376.05
J&KBANK,J&KBANKEQN,147.97,148.1,148.1,0.13,0.09,5964,883268,201.75,97.35
BEPL,BEPLEQN,122.89,123.0,123.0,0.11,0.09,2463,302949,138.5,74.2
JINDALSAW,JINDALSAWEQN,270.4,270.65,270.65,0.25,0.09,757,204882,281.0,153.0
NATCOPHARM,NATCOPHARMEQN,889.8,890.6,890.6,0.8,0.09,1318,1173810,1226.8,789.0
HIKAL,HIKALEQN,212.81,213.0,213.0,0.19,0.09,227,48351,282.7,146.25
MIDHANI,MIDHANIEQN,428.6,429.0,429.0,0.4,0.09,2460,1055340,456.6,266.65
TNPL,TNPLEQN,140.88,141.0,141.0,0.12,0.09,104,14664,179.9,121.51
BOSCHLTD,BOSCHLTDEQN,46970.0,47010.0,47010.0,40.0,0.09,52,2444520,47730.0,28610.0
TMPV,TMPVEQN,330.2,330.5,330.5,0.3,0.09,21700,7171850,739.7,294.3
TERASOFT,TERASOFTEQN,336.7,337.0,337.0,0.3,0.09,30,10110,598.0,283.35
MARKOLINES,MARKOLINESEQN,171.65,171.8,171.8,0.15,0.09,288,49478,191.75,131.65
BETA,BETAEQN,2432.9,2435.0,2435.0,2.1,0.09,143,348205,2807.9,990.1
HOMEFIRST,HOMEFIRSTEQN,1179.9,1181.0,1181.0,1.1,0.09,154,181874,1375.0,893.7
ZAGGLE,ZAGGLEEQN,160.48,160.61,160.61,0.13,0.08,54129,8693658,417.6,160.48
WHIRLPOOL,WHIRLPOOLEQN,777.35,778.0,778.0,0.65,0.08,161,125258,1437.0,753.15
GPIL,GPILEQN,250.82,251.01,251.01,0.19,0.08,10591,2658446,320.0,197.1
MEDPLUS,MEDPLUSEQN,656.5,657.05,657.05,0.55,0.08,55,36137,1022.2,653.0
AMBER,AMBEREQN,7259.0,7265.0,7265.0,6.0,0.08,802,5826530,8974.0,5400.5
ABCAPITAL,ABCAPITALEQN,398.7,399.0,399.0,0.3,0.08,3257,1299543,430.7,272.7
UNIVCABLES,UNIVCABLESEQN,1724.6,1725.9,1725.9,1.3,0.08,346,597161,1774.9,576.0
TRIDENT,TRIDENTEQN,24.57,24.59,24.59,0.02,0.08,14735,362333,30.94,21.98
INDRAMEDCO,INDRAMEDCOEQN,369.75,370.0,370.0,0.25,0.07,59,21830,640.85,342.0
UNIMECH,UNIMECHEQN,1511.3,1512.4,1512.4,1.1,0.07,444,671505,1555.0,695.0
SANDHAR,SANDHAREQN,632.55,633.0,633.0,0.45,0.07,189,119637,763.2,410.0
KOHINOOR,KOHINOOREQN,27.78,27.8,27.8,0.02,0.07,1881,52291,35.8,19.2
LUMAXTECH,LUMAXTECHEQN,2049.0,2050.4,2050.4,1.4,0.07,620,1271248,2110.0,1024.6
BAJEL,BAJELEQN,185.87,186.0,186.0,0.13,0.07,515,95790,226.69,135.1
PIXTRANS,PIXTRANSEQN,1938.8,1940.1,1940.1,1.3,0.07,47,91184,2089.0,1252.0
ORCHPHARMA,ORCHPHARMAEQN,998.35,999.0,999.0,0.65,0.07,30,29970,1133.0,480.0
THOMASCOOK,THOMASCOOKEQN,103.68,103.75,103.75,0.07,0.07,1519,157596,181.55,86.35
IBULLSLTD,IBULLSLTDEQN,27.83,27.85,27.85,0.02,0.07,10602,295265,32.5,8.9
SURANAT&P,SURANAT&PEQN,16.19,16.2,16.2,0.01,0.06,1035,16767,29.27,15.5
HBLENGINE,HBLENGINEEQN,674.6,675.0,675.0,0.4,0.06,2622,1769850,1122.0,613.0
GAIL,GAILEQN,172.1,172.2,172.2,0.1,0.06,11677,2010779,186.87,134.36
ECLERX,ECLERXEQN,1848.9,1850.1,1850.1,1.2,0.06,582,1076758,2497.5,1320.0
RATNAMANI,RATNAMANIEQN,2353.6,2355.0,2355.0,1.4,0.06,4,9420,3345.0,1936.5
KANPRPLA,KANPRPLAEQN,262.85,263.0,263.0,0.15,0.06,1578,415014,272.2,151.25
MACPOWER,MACPOWEREQN,1781.4,1782.5,1782.5,1.1,0.06,42,74865,1850.0,761.0
BEL,BELEQN,412.45,412.7,412.7,0.25,0.06,38533,15902569,473.45,361.2
HITECH,HITECHEQN,78.43,78.48,78.48,0.05,0.06,1464,114894,127.5,70.14
WENDT,WENDTEQN,8110.0,8115.0,8115.0,5.0,0.06,25,202875,10585.0,5841.5
BCLIND,BCLINDEQN,36.36,36.38,36.38,0.02,0.06,13829,503099,44.9,25.53
RSL,RSLEQN,164.9,165.0,165.0,0.1,0.06,240,39600,171.99,101.7
VSTTILLERS,VSTTILLERSEQN,4527.4,4530.0,4530.0,2.6,0.06,64,289920,6374.0,4275.0
CORDELIA,CORDELIAEQN,823.2,823.7,823.7,0.5,0.06,226,186156,925.65,623.1
GANECOS,GANECOSEQN,1101.2,1101.9,1101.9,0.7,0.06,69,76031,1402.8,653.55
DODLA,DODLAEQN,1099.5,1100.0,1100.0,0.5,0.05,31,34100,1500.0,964.1
MUTHOOTFIN,MUTHOOTFINEQN,2888.5,2890.0,2890.0,1.5,0.05,675,1950750,4149.5,2604.2
UGROCAP,UGROCAPEQN,92.75,92.8,92.8,0.05,0.05,45,4176,192.5,80.12
SANDUMA,SANDUMAEQN,200.89,201.0,201.0,0.11,0.05,2350,472350,273.0,141.37
TSFINV,TSFINVEQN,420.4,420.6,420.6,0.2,0.05,11,4626,701.5,331.7
IFCI,IFCIEQN,78.93,78.97,78.97,0.04,0.05,158572,12522430,95.8,46.23
BLSE,BLSEEQN,310.8,310.95,310.95,0.15,0.05,479,148945,324.9,124.3
ANURAS,ANURASEQN,1196.9,1197.5,1197.5,0.6,0.05,217,259857,1415.0,1045.2
NAVINFLUOR,NAVINFLUOREQN,8151.0,8155.0,8155.0,4.0,0.05,155,1264025,8775.5,4498.5
TENNIND,TENNINDEQN,548.45,548.7,548.7,0.25,0.05,1478,810978,657.0,438.05
EIEL,EIELEQN,200.16,200.24,200.24,0.08,0.04,5637,1128752,276.1,134.71
ADANIPORTS,ADANIPORTSEQN,1691.0,1691.6,1691.6,0.6,0.04,7756,13120049,1891.1,1292.0
SBICARD,SBICARDEQN,641.75,642.0,642.0,0.25,0.04,1334,856428,965.0,565.45
MEDANTA,MEDANTAEQN,1415.1,1415.7,1415.7,0.6,0.04,326,461518,1491.0,956.0
GNFC,GNFCEQN,600.65,600.9,600.9,0.25,0.04,3357,2017221,616.0,365.0
ZYDUSLIFE,ZYDUSLIFEEQN,1131.5,1131.9,1131.9,0.4,0.04,1170,1324323,1205.0,835.5
NEULANDLAB,NEULANDLABEQN,23661.0,23670.0,23670.0,9.0,0.04,185,4378950,23843.0,11500.0
DIFFNKG,DIFFNKGEQN,398.4,398.55,398.55,0.15,0.04,102,40652,453.9,216.8
COHANCE,COHANCEEQN,444.75,444.95,444.95,0.2,0.04,409,181984,1038.9,266.7
VISHNU,VISHNUEQN,618.25,618.5,618.5,0.25,0.04,224,138544,670.0,443.7
SINGERIND,SINGERINDEQN,80.97,81.0,81.0,0.03,0.04,1,81,91.3,57.15
CENTURYPLY,CENTURYPLYEQN,750.7,751.0,751.0,0.3,0.04,95,71345,859.0,618.5
NEPHROPLUS,NEPHROPLUSEQN,694.65,694.9,694.9,0.25,0.04,142,98675,769.75,446.0
RADICO,RADICOEQN,4693.4,4695.0,4695.0,1.6,0.03,1514,7108230,4693.4,2500.0
PERSISTENT,PERSISTENTEQN,5570.0,5571.5,5571.5,1.5,0.03,1288,7176092,6599.0,4244.5
PAGEIND,PAGEINDEQN,37360.0,37370.0,37370.0,10.0,0.03,52,1943240,47310.0,29805.0
PENIND,PENINDEQN,151.45,151.5,151.5,0.05,0.03,575,87112,279.9,129.1
MASFIN,MASFINEQN,305.3,305.4,305.4,0.1,0.03,11,3359,358.85,277.35
INDOFARM,INDOFARMEQN,144.1,144.15,144.15,0.05,0.03,201,28974,271.69,110.7
ACC,ACCEQN,1316.6,1317.0,1317.0,0.4,0.03,290,381930,1987.0,1251.7
FEDERALBNK,FEDERALBNKEQN,354.1,354.2,354.2,0.1,0.03,3907,1383859,371.7,188.4
GLOBUSSPR,GLOBUSSPREQN,881.75,882.0,882.0,0.25,0.03,77,67914,1264.5,800.05
APLAPOLLO,APLAPOLLOEQN,2081.3,2082.0,2082.0,0.7,0.03,165,343530,2301.4,1578.0
GHCL,GHCLEQN,432.4,432.55,432.55,0.15,0.03,24,10381,667.2,416.6
DATAPATTNS,DATAPATTNSEQN,4528.7,4530.0,4530.0,1.3,0.03,1785,8086050,4955.9,2131.0
SAKSOFT,SAKSOFTEQN,164.95,165.0,165.0,0.05,0.03,600,99000,229.68,107.59
JBMA,JBMAEQN,621.35,621.45,621.45,0.1,0.02,1927,1197534,790.0,477.0
LAURUSLABS,LAURUSLABSEQN,1809.7,1810.0,1810.0,0.3,0.02,4012,7261720,1870.8,823.1
MAPMYINDIA,MAPMYINDIAEQN,991.7,991.9,991.9,0.2,0.02,75,74392,1998.0,795.0
TORNTPOWER,TORNTPOWEREQN,1312.8,1313.0,1313.0,0.2,0.02,664,871832,1824.1,1188.0
POCL,POCLEQN,486.75,486.85,486.85,0.1,0.02,556,270688,647.6,392.2
MOTHERSON,MOTHERSONEQN,168.06,168.1,168.1,0.04,0.02,20391,3427727,172.0,91.1
AETHER,AETHEREQN,1605.7,1606.0,1606.0,0.3,0.02,146,234476,1658.0,726.45
BSOFT,BSOFTEQN,310.8,310.85,310.85,0.05,0.02,2721,845822,474.0,270.2
SUNDARMFIN,SUNDARMFINEQN,4523.9,4525.0,4525.0,1.1,0.02,30,135750,5642.0,4000.0
TATACHEM,TATACHEMEQN,662.9,663.0,663.0,0.1,0.02,702,465426,1026.65,580.3
LICI,LICIEQN,410.0,410.1,410.1,0.1,0.02,18184,7457258,468.48,360.75
POWERGRID,POWERGRIDEQN,266.15,266.2,266.2,0.05,0.02,16426,4372601,324.95,250.0
SAGILITY,SAGILITYEQN,42.4,42.41,42.41,0.01,0.02,12689,538140,57.89,35.83
QPOWER,QPOWEREQN,1302.6,1302.9,1302.9,0.3,0.02,1847,2406456,1441.0,581.0
AEROENTER,AEROENTEREQN,125.73,125.75,125.75,0.02,0.02,11,1383,149.55,62.2
MANIPALHOS,MANIPALHOSEQN,722.9,723.05,723.05,0.15,0.02,3982,2879185,730.0,625.45
JSWHL,JSWHLEQN,11798.0,11800.0,11800.0,2.0,0.02,10,118000,22790.0,10530.0
MARUTI,MARUTIEQN,13760.0,13762.0,13762.0,2.0,0.01,436,6000232,17370.0,12201.0
EUREKAFORB,EUREKAFORBEQN,432.0,432.05,432.05,0.05,0.01,171,73880,668.3,403.2
TATVA,TATVAEQN,1685.8,1686.0,1686.0,0.2,0.01,163,274818,1838.1,976.4
DOLATALGO,DOLATALGOEQN,71.18,71.19,71.19,0.01,0.01,472,33601,95.76,64.96
TEXRAIL,TEXRAILEQN,106.89,106.9,106.9,0.01,0.01,4123,440748,153.0,78.05
ASTRAL,ASTRALEQN,1538.3,1538.4,1538.4,0.1,0.01,471,724586,1768.7,1284.4
SMARTWORKS,SMARTWORKSEQN,494.95,495.0,495.0,0.05,0.01,60,29700,619.0,361.5
JAYSREETEA,JAYSREETEAEQN,88.32,88.33,88.33,0.01,0.01,441,38953,103.28,70.55
TDPOWERSYS,TDPOWERSYSEQN,1548.8,1549.0,1549.0,0.2,0.01,3301,5113249,1569.8,493.0
TALBROAUTO,TALBROAUTOEQN,423.45,423.5,423.5,0.05,0.01,431,182528,451.6,219.9
SEAMECLTD,SEAMECLTDEQN,1561.1,1561.2,1561.2,0.1,0.01,198,309117,1709.2,771.75
GMDCLTD,GMDCLTDEQN,574.0,574.05,574.05,0.05,0.01,2521,1447180,771.9,400.0
TCPLPACK,TCPLPACKEQN,4037.6,4037.9,4037.9,0.3,0.01,2,8075,4410.9,2200.0
USHAMART,USHAMARTEQN,498.05,498.1,498.1,0.05,0.01,613,305335,527.5,348.65
BOMDYEING,BOMDYEINGEQN,113.89,113.9,113.9,0.01,0.01,560,63784,195.45,92.0
RITES,RITESEQN,221.72,221.74,221.74,0.02,0.01,1539,341257,280.9,175.0
WAAREERTL,WAAREERTLEQN,896.95,897.0,897.0,0.05,0.01,613,549861,1358.0,779.5
OAL,OALEQN,349.45,349.5,349.5,0.05,0.01,80,27960,400.0,228.0
INDNIPPON,INDNIPPONEQN,1138.5,1138.6,1138.6,0.1,0.01,28,31880,1278.2,675.0
ORIENTBELL,ORIENTBELLEQN,349.05,349.1,349.1,0.05,0.01,1,349,367.7,238.75
SULA,SULAEQN,149.13,149.15,149.15,0.02,0.01,1860,277419,296.8,138.6
GTECJAINX,GTECJAINXBEN,29.98,29.98,29.98,0.0,0.0,3,89,38.35,15.54
GALAPREC,GALAPRECEQN,1018.0,1018.0,1018.0,0.0,0.0,21,21378,1260.0,671.2
VSTL,VSTLEQN,106.87,106.87,106.87,0.0,0.0,1,106,187.24,100.8
PRAKASHSTL,PRAKASHSTLEQN,3.98,3.98,3.98,0.0,0.0,274,1090,6.57,3.84
KANSAINER,KANSAINEREQN,205.8,205.8,205.8,0.0,0.0,971,199831,264.0,157.91
RBZJEWEL,RBZJEWELEQN,136.19,136.19,136.19,0.0,0.0,10,1361,179.0,100.0
LAL,LALEQN,8.72,8.72,8.72,0.0,0.0,1225,10682,12.77,5.56
SITINET,SITINETBZN,0.29,0.29,0.29,0.0,0.0,2769,803,0.53,0.28
EMKAY,EMKAYEQN,235.29,235.29,235.29,0.0,0.0,1,235,409.9,186.0
HILTON,HILTONBEN,20.14,20.14,20.14,0.0,0.0,3,60,49.53,13.43
WOCKPHARMA,WOCKPHARMAEQN,1898.8,1898.8,1898.8,0.0,0.0,1474,2798831,2422.3,1086.7
DUCON,DUCONEQN,3.24,3.24,3.24,0.0,0.0,1002,3246,6.45,2.22
BPL,BPLEQN,50.15,50.15,50.15,0.0,0.0,5,250,91.28,37.61
BBOX,BBOXEQN,774.1,774.1,774.1,0.0,0.0,1398,1082191,1103.0,435.05
IFBAGRO,IFBAGROEQN,1038.15,1038.15,1038.15,0.0,0.0,2,2076,1790.0,679.15
PANACHE,PANACHEBEN,540.65,540.65,540.65,0.0,0.0,392,211934,549.95,237.05
SOLARA,SOLARAEQN,509.1,509.1,509.1,0.0,0.0,61,31055,712.0,422.0
SPARC,SPARCEQN,197.36,197.36,197.36,0.0,0.0,560,110521,289.0,108.0
ALLDIGI,ALLDIGIEQN,809.25,809.25,809.25,0.0,0.0,5,4046,1030.35,700.0
TIPSMUSIC,TIPSMUSICEQN,656.25,656.25,656.25,0.0,0.0,654,429187,741.0,481.15
ANTGRAPHIC,ANTGRAPHICEQN,0.74,0.74,0.74,0.0,0.0,26,19,1.22,0.64
ANMOL,ANMOLEQN,10.02,10.02,10.02,0.0,0.0,5,50,17.74,8.4
WAAREEENER,WAAREEENEREQN,2707.0,2706.9,2706.9,-0.1,0.0,1602,4336453,3865.0,2403.0
KRITIKA,KRITIKAEQN,5.54,5.54,5.54,0.0,0.0,18,99,11.1,4.5
ASTEC,ASTECEQN,580.8,580.8,580.8,0.0,0.0,246,142876,941.75,513.4
AVL,AVLEQN,608.65,608.65,608.65,0.0,0.0,354,215462,705.0,433.2
GRPLTD,GRPLTDEQN,2049.2,2049.2,2049.2,0.0,0.0,20,40984,2491.0,1500.0
ITC,ITCEQN,273.05,273.05,273.05,0.0,0.0,67920,18545556,427.0,273.0
BAIDFIN,BAIDFINEQN,9.6,9.6,9.6,0.0,0.0,4,38,12.98,8.8
RPPINFRA,RPPINFRAEQN,58.35,58.35,58.35,0.0,0.0,31,1808,169.9,55.04
ASHIMASYN,ASHIMASYNEQN,17.51,17.51,17.51,0.0,0.0,24,420,27.8,11.5
RUCHINFRA,RUCHINFRAEQN,5.81,5.81,5.81,0.0,0.0,70,406,8.25,4.05
LASA,LASAEQN,7.14,7.14,7.14,0.0,0.0,100,714,14.08,5.67
OPTIEMUS,OPTIEMUSEQN,554.35,554.35,554.35,0.0,0.0,101,55989,713.0,288.0
BGRENERGY,BGRENERGYBEN,251.2,251.2,251.2,0.0,0.0,84,21100,490.8,109.33
IKS,IKSEQN,1830.2,1830.2,1830.2,0.0,0.0,80,146416,1933.0,1262.0
ANUHPHR,ANUHPHREQN,75.72,75.72,75.72,0.0,0.0,1,75,94.89,67.0
PDMJEPAPER,PDMJEPAPEREQN,87.82,87.82,87.82,0.0,0.0,80,7025,148.39,65.0
ABFRL,ABFRLEQN,55.29,55.29,55.29,0.0,0.0,9434,521605,94.95,53.51
INSECTICID,INSECTICIDEQN,618.7,618.7,618.7,0.0,0.0,25,15467,881.5,518.6
MONTECARLO,MONTECARLOEQN,524.3,524.3,524.3,0.0,0.0,1017,533213,860.95,464.0
MEDICAMEQ,MEDICAMEQEQN,219.88,219.87,219.87,-0.01,0.0,1,219,447.65,212.4
SKMEGGPROD,SKMEGGPRODEQN,259.42,259.42,259.42,0.0,0.0,577,149685,372.0,143.1
ARIHANTCAP,ARIHANTCAPEQN,73.47,73.47,73.47,0.0,0.0,42,3085,120.0,56.97
LINCOLN,LINCOLNEQN,623.35,623.35,623.35,0.0,0.0,27,16830,770.0,440.0
NTPC,NTPCEQN,337.0,337.0,337.0,0.0,0.0,15573,5248101,414.4,315.55
MARATHON,MARATHONEQN,358.8,358.8,358.8,0.0,0.0,152,54537,685.4,355.1
TVTODAY,TVTODAYEQN,110.93,110.93,110.93,0.0,0.0,185,20522,156.48,93.5
ICIL,ICILEQN,388.7,388.7,388.7,0.0,0.0,856,332727,463.8,216.9
PARASPETRO,PARASPETROEQN,2.3,2.3,2.3,0.0,0.0,1410,3243,3.23,1.53
TCIFINANCE,TCIFINANCEBEN,15.46,15.46,15.46,0.0,0.0,3,46,38.46,10.0
POWERMECH,POWERMECHEQN,2452.3,2452.3,2452.3,0.0,0.0,64,156947,3260.0,1717.7
MASTERTR,MASTERTREQN,78.48,78.48,78.48,0.0,0.0,650,51012,167.97,55.6
GPTHEALTH,GPTHEALTHEQN,153.32,153.32,153.32,0.0,0.0,3,459,175.0,115.0
KSL,KSLEQN,829.8,829.8,829.8,0.0,0.0,3,2489,982.55,574.0
KINGFA,KINGFAEQN,6087.5,6087.5,6087.5,0.0,0.0,42,255675,6200.0,3649.9
KIRLOSIND,KIRLOSINDEQN,3842.9,3842.9,3842.9,0.0,0.0,10,38429,4574.8,2463.0
SPANDANA,SPANDANAEQN,247.5,247.5,247.5,0.0,0.0,73,18067,319.4,181.1
APOLLOPIPE,APOLLOPIPEEQN,545.3,545.3,545.3,0.0,0.0,2820,1537746,554.0,252.1
AMDIND,AMDINDEQN,51.41,51.41,51.41,0.0,0.0,8,411,68.07,33.77
ASIANTILES,ASIANTILESEQN,47.97,47.97,47.97,0.0,0.0,15236,730870,79.06,42.5
IRCTC,IRCTCEQN,499.95,499.95,499.95,0.0,0.0,2108,1053894,739.0,485.3
FIEMIND,FIEMINDEQN,2281.7,2281.7,2281.7,0.0,0.0,275,627467,2674.8,1861.0
GVT&D,GVT&DEQN,4290.0,4290.0,4290.0,0.0,0.0,781,3350490,5650.0,2523.2
SRHHYPOLTD,SRHHYPOLTDEQN,496.05,496.05,496.05,0.0,0.0,50,24802,640.0,382.4
HUBTOWN,HUBTOWNEQN,182.91,182.91,182.91,0.0,0.0,405,74078,365.7,168.15
5PAISA,5PAISAEQN,380.8,380.8,380.8,0.0,0.0,334,127187,408.35,245.5
PAVNAIND,PAVNAINDEQN,18.92,18.92,18.92,0.0,0.0,53,1002,46.0,14.11
LEENEE,LEENEEEQN,7.06,7.06,7.06,0.0,0.0,35,247,7.45,6.99
SSWL,SSWLEQN,309.5,309.5,309.5,0.0,0.0,1728,534816,328.4,169.0
AVALON,AVALONEQN,2059.4,2059.4,2059.4,0.0,0.0,2212,4555392,2081.0,777.3
FEL,FELBZN,0.39,0.39,0.39,0.0,0.0,5253,2048,0.65,0.34
GANDHITUBE,GANDHITUBEEQN,877.25,877.25,877.25,0.0,0.0,197,172818,1031.8,681.05
TREL,TRELEQN,26.05,26.05,26.05,0.0,0.0,8,208,34.37,21.47
ICICIGI,ICICIGIEQN,1626.3,1626.3,1626.3,0.0,0.0,114,185398,2064.9,1544.6
PARKHOTELS,PARKHOTELSEQN,116.48,116.48,116.48,0.0,0.0,192,22364,164.1,95.1
SUVIDHAA,SUVIDHAAEQN,2.49,2.49,2.49,0.0,0.0,43,107,4.45,2.21
AARTIPHARM,AARTIPHARMEQN,861.95,861.95,861.95,0.0,0.0,495,426665,946.1,585.0
JAGRAN,JAGRANEQN,61.92,61.92,61.92,0.0,0.0,664,41114,78.9,59.5
KEC,KECEQN,436.35,436.35,436.35,0.0,0.0,2442,1065566,937.8,433.35
KELLTONTEC,KELLTONTECEQN,13.54,13.54,13.54,0.0,0.0,2282,30898,28.35,13.0
SASKEN,SASKENEQN,1919.5,1919.5,1919.5,0.0,0.0,47,90216,2780.2,991.0
MUTHOOTMF,MUTHOOTMFEQN,208.12,208.12,208.12,0.0,0.0,266,55359,262.77,141.2
KIRLOSENG,KIRLOSENGEQN,2101.6,2101.5,2101.5,-0.1,0.0,465,977197,2720.0,855.8
TCIEXP,TCIEXPEQN,566.75,566.75,566.75,0.0,0.0,138,78211,780.0,447.55
SAMMAANCAP,SAMMAANCAPEQN,153.33,153.33,153.33,0.0,0.0,12839,1968603,192.95,116.7
DCW,DCWEQN,44.26,44.26,44.26,0.0,0.0,4754,210412,81.31,37.11
NDRAUTO,NDRAUTOEQN,803.55,803.55,803.55,0.0,0.0,36,28927,1186.6,605.05
M&M,M&MEQN,3390.4,3390.4,3390.4,0.0,0.0,7540,25563616,3839.9,2896.0
SCHNEIDER,SCHNEIDEREQN,1212.2,1212.2,1212.2,0.0,0.0,4389,5320345,1548.0,571.85
SUBEXLTD,SUBEXLTDEQN,14.11,14.11,14.11,0.0,0.0,6430,90727,14.58,6.61
AADHARHFC,AADHARHFCEQN,487.65,487.65,487.65,0.0,0.0,1122,547143,563.0,430.15
DABUR,DABUREQN,406.8,406.8,406.8,0.0,0.0,3493,1420952,577.0,402.45
TRENT,TRENTEQN,2946.0,2946.1,2946.1,0.1,0.0,543,1599732,3782.67,2183.67
EIHOTEL,EIHOTELEQN,296.0,296.0,296.0,0.0,0.0,159,47064,434.8,271.15
MAHSEAMLES,MAHSEAMLESEQN,622.0,622.0,622.0,0.0,0.0,328,204016,690.0,500.7
INGERRAND,INGERRANDEQN,4477.2,4477.3,4477.3,0.1,0.0,17,76114,4768.7,3063.3
SURYAROSNI,SURYAROSNIEQN,221.27,221.27,221.27,0.0,0.0,1483,328143,314.5,187.35
BAJAJHLDNG,BAJAJHLDNGEQN,11379.0,11379.0,11379.0,0.0,0.0,35,398265,14763.0,8588.0
PGHL,PGHLEQN,5836.5,5836.5,5836.5,0.0,0.0,22,128403,6975.0,4707.0
ARTEMISMED,ARTEMISMEDEQN,314.4,314.4,314.4,0.0,0.0,64,20121,325.9,203.35
GMRP&UI,GMRP&UIEQN,96.7,96.7,96.7,0.0,0.0,1713,165647,136.95,89.0
SERVOTECH,SERVOTECHEQN,82.55,82.55,82.55,0.0,0.0,2137,176409,143.0,57.51
ASTRAZEN,ASTRAZENEQN,7640.5,7640.5,7640.5,0.0,0.0,25,191012,9849.5,7551.5
COASTCORP,COASTCORPEQN,41.75,41.75,41.75,0.0,0.0,430,17952,66.7,30.01
ALKYLAMINE,ALKYLAMINEEQN,1920.1,1920.1,1920.1,0.0,0.0,63,120966,2201.9,1212.0
SEIL,SEILEQN,211.03,211.03,211.03,0.0,0.0,3,633,239.96,172.9
FIRSTCRY,FIRSTCRYEQN,208.41,208.42,208.42,0.01,0.0,2954,615672,438.7,202.56
RRKABEL,RRKABELEQN,2748.6,2748.6,2748.6,0.0,0.0,268,736624,2848.0,1165.0
OLAELEC,OLAELECEQN,39.22,39.22,39.22,0.0,0.0,106046,4159124,71.25,22.25
POLYMED,POLYMEDEQN,1733.6,1733.6,1733.6,0.0,0.0,242,419531,2144.9,1182.0
GTLINFRA,GTLINFRAEQN,1.21,1.21,1.21,0.0,0.0,129699,156935,1.67,0.96
GVPTECH,GVPTECHEQN,7.02,7.02,7.02,0.0,0.0,194,1361,11.19,5.22
BTML,BTMLEQN,8.95,8.95,8.95,0.0,0.0,42,375,10.5,5.06
TEGA,TEGAEQN,1744.0,1744.0,1744.0,0.0,0.0,34,59296,2125.0,1473.0
PITTIENG,PITTIENGEQN,1046.55,1046.55,1046.55,0.0,0.0,641,670838,1100.0,675.0
ATL,ATLEQN,23.91,23.91,23.91,0.0,0.0,13,310,37.86,18.2
ABB,ABBEQN,7660.0,7660.0,7660.0,0.0,0.0,185,1417100,7924.5,4637.5
DBEIL,DBEILBEN,6.84,6.84,6.84,0.0,0.0,24,164,18.56,5.15
ESABINDIA,ESABINDIAEQN,6289.0,6289.0,6289.0,0.0,0.0,5,31445,7319.5,4710.0
LUMAXIND,LUMAXINDEQN,5792.0,5792.0,5792.0,0.0,0.0,36,208512,6934.5,3322.2
STOVEKRAFT,STOVEKRAFTEQN,748.5,748.5,748.5,0.0,0.0,80,59880,849.8,447.05
ZEAL,ZEALSMN,63.5,63.5,63.5,0.0,0.0,600,38100,125.35,55.9
GRSE,GRSEEQN,2600.1,2600.0,2600.0,-0.1,0.0,1221,3174600,3339.0,1963.7
INTELLECT,INTELLECTEQN,695.45,695.45,695.45,0.0,0.0,235,163430,1244.6,595.2
LAXMICOT,LAXMICOTEQN,13.41,13.41,13.41,0.0,0.0,50,670,26.98,11.7
RENUKA,RENUKAEQN,23.0,23.0,23.0,0.0,0.0,57975,1333425,33.5,21.05
SWSOLAR,SWSOLAREQN,203.62,203.62,203.62,0.0,0.0,4117,838303,286.5,148.0
SARVESHWAR,SARVESHWAREQN,3.5,3.5,3.5,0.0,0.0,7759,27156,8.48,2.5
SAFARI,SAFARIEQN,1497.3,1497.3,1497.3,0.0,0.0,2,2994,2507.1,1363.1
UNIPARTS,UNIPARTSEQN,801.15,801.15,801.15,0.0,0.0,50,40057,839.0,387.1
HALDER,HALDEREQN,294.92,294.92,294.92,0.0,0.0,5,1474,319.0,210.0
MRF,MRFEQN,133015.0,133015.0,133015.0,0.0,0.0,14,1862210,163600.0,122000.0
KALYANKJIL,KALYANKJILEQN,610.0,610.0,610.0,0.0,0.0,18550,11315500,648.95,327.05
MANYAVAR,MANYAVAREQN,541.85,541.85,541.85,0.0,0.0,1239,671352,796.55,329.2
BANARISUG,BANARISUGEQN,3469.8,3469.8,3469.8,0.0,0.0,1,3469,3849.0,3105.2
STEL,STELEQN,591.4,591.4,591.4,0.0,0.0,35,20699,657.3,380.0
PRECOT,PRECOTEQN,698.45,698.45,698.45,0.0,0.0,9,6286,899.0,300.05
LGHL,LGHLEQN,177.62,177.62,177.62,0.0,0.0,1,177,399.58,175.0
MAZDOCK,MAZDOCKEQN,2569.7,2569.7,2569.7,0.0,0.0,2698,6933050,3061.4,2057.4
SANOFI,SANOFIEQN,3197.4,3197.4,3197.4,0.0,0.0,6,19184,5291.0,3054.0
TATAINVEST,TATAINVESTEQN,654.55,654.55,654.55,0.0,0.0,1071,701023,1184.7,538.85
RAMCOCEM,RAMCOCEMEQN,922.6,922.6,922.6,0.0,0.0,71,65504,1214.5,838.3
ASHIANA,ASHIANAEQN,365.0,365.0,365.0,0.0,0.0,3,1095,435.9,269.45
PAYTM,PAYTMEQN,1580.2,1580.2,1580.2,0.0,0.0,71346,112740949,1657.6,930.6
INDIGOPNTS,INDIGOPNTSEQN,1161.0,1161.0,1161.0,0.0,0.0,1127,1308447,1345.9,708.05
JYOTISTRUC,JYOTISTRUCEQN,10.65,10.65,10.65,0.0,0.0,13492,143689,17.42,7.94
RUSTOMJEE,RUSTOMJEEEQN,375.1,375.1,375.1,0.0,0.0,152,57015,668.0,358.8
CMSINFO,CMSINFOEQN,254.35,254.35,254.35,0.0,0.0,870,221284,452.3,252.3
HINDCON,HINDCONEQN,22.13,22.13,22.13,0.0,0.0,2,44,37.75,15.66
SHYAMCENT,SHYAMCENTBEN,4.83,4.83,4.83,0.0,0.0,257,1241,9.75,3.68
CARERATING,CARERATINGEQN,1707.0,1707.0,1707.0,0.0,0.0,147,250929,1838.0,1392.7
COMPUSOFT,COMPUSOFTEQN,13.29,13.29,13.29,0.0,0.0,55,730,20.82,12.0
MOREPENLAB,MOREPENLABEQN,89.82,89.82,89.82,0.0,0.0,229615,20624019,90.49,33.05
NELCAST,NELCASTEQN,116.94,116.94,116.94,0.0,0.0,50,5847,173.2,85.98
SURYODAY,SURYODAYEQN,154.01,154.01,154.01,0.0,0.0,1691,260430,218.0,115.41
WONDERLA,WONDERLAEQN,468.7,468.7,468.7,0.0,0.0,69,32340,659.0,455.0
APCOTEXIND,APCOTEXINDEQN,605.45,605.45,605.45,0.0,0.0,468,283350,712.0,310.45
APOLLOHOSP,APOLLOHOSPEQN,8825.5,8825.5,8825.5,0.0,0.0,646,5701273,9050.0,6696.5
ANDHRAPAP,ANDHRAPAPEQN,59.96,59.96,59.96,0.0,0.0,16,959,86.89,58.0
BIOFILCHEM,BIOFILCHEMEQN,31.73,31.73,31.73,0.0,0.0,1,31,46.34,25.6
KPRMILL,KPRMILLEQN,1135.6,1135.6,1135.6,0.0,0.0,417,473545,1334.0,796.1
CAMPUS,CAMPUSEQN,217.92,217.93,217.93,0.01,0.0,732,159524,297.0,215.2
HEROMOTOCO,HEROMOTOCOEQN,5745.0,5745.0,5745.0,0.0,0.0,1719,9875655,6388.5,4671.5
HCC,HCCEQN,20.33,20.33,20.33,0.0,0.0,77952,1584764,28.5,13.65
HINDUNILVR,HINDUNILVREQN,2055.0,2055.0,2055.0,0.0,0.0,3413,7013715,2750.0,2016.0
VISHWARAJ,VISHWARAJEQN,5.37,5.37,5.37,0.0,0.0,168,902,10.2,4.14
SFL,SFLEQN,675.1,675.1,675.1,0.0,0.0,207,139745,832.45,456.8
NILKAMAL,NILKAMALEQN,1810.0,1810.0,1810.0,0.0,0.0,1,1810,1983.5,1050.5
AKI,AKIEQN,4.13,4.13,4.13,0.0,0.0,38,156,10.48,3.8
RGL,RGLEQN,121.9,121.9,121.9,0.0,0.0,1904,232097,147.9,85.0
NOVARTIND,NOVARTINDEQN,1589.1,1589.1,1589.1,0.0,0.0,11,17480,1780.0,950.0
INTERARCH,INTERARCHEQN,1738.8,1738.8,1738.8,0.0,0.0,39,67813,2762.6,1600.0
MAHABANK,MAHABANKEQN,81.1,81.1,81.1,0.0,0.0,17212,1395893,94.5,51.71
SUPREMEIND,SUPREMEINDEQN,3590.0,3590.0,3590.0,0.0,0.0,253,908270,4664.9,3140.0
OSWALGREEN,OSWALGREENEQN,21.08,21.08,21.08,0.0,0.0,350,7378,43.79,19.76
LOKESHMACH,LOKESHMACHBEN,329.8,329.8,329.8,0.0,0.0,211,69587,358.25,138.96
CANTABIL,CANTABILEQN,236.3,236.3,236.3,0.0,0.0,126,29773,321.5,208.5
EMSLIMITED,EMSLIMITEDEQN,369.1,369.1,369.1,0.0,0.0,807,297863,593.85,256.05
20MICRONS,20MICRONSEQN,197.26,197.26,197.26,0.0,0.0,322,63517,246.61,129.61
SJLOGISTIC,SJLOGISTICSMN,326.0,326.0,326.0,0.0,0.0,250,81500,459.0,225.35
INDIACEM,INDIACEMEQN,376.15,376.15,376.15,0.0,0.0,512,192588,485.8,342.35
INDIAGLYCO,INDIAGLYCOEQN,1070.9,1070.9,1070.9,0.0,0.0,116,124224,1222.0,792.5
HGINFRA,HGINFRAEQN,514.5,514.5,514.5,0.0,0.0,356,183162,1049.95,429.5
LODHA,LODHAEQN,1254.0,1254.0,1254.0,0.0,0.0,4309,5403486,1344.95,650.8
HAVELLS,HAVELLSEQN,1299.0,1299.0,1299.0,0.0,0.0,1822,2366778,1621.1,1123.6
KPITTECH,KPITTECHEQN,609.0,609.0,609.0,0.0,0.0,730,444570,1328.0,543.0
PARADEEP,PARADEEPEQN,146.66,146.66,146.66,0.0,0.0,5806,851507,232.22,99.7
KOLTEPATIL,KOLTEPATILEQN,471.65,471.65,471.65,0.0,0.0,250,117912,554.6,292.25
SMSPHARMA,SMSPHARMAEQN,358.1,358.1,358.1,0.0,0.0,81,29006,447.8,221.02
BHANDARI,BHANDARIEQN,3.03,3.03,3.03,0.0,0.0,736,2230,4.74,2.0
BCG,BCGEQN,9.67,9.67,9.67,0.0,0.0,28410,274724,17.7,7.7
ONWARDTEC,ONWARDTECEQN,286.75,286.75,286.75,0.0,0.0,35,10036,357.0,208.25
GRAVITA,GRAVITAEQN,1821.7,1821.7,1821.7,0.0,0.0,551,1003756,1913.6,1266.9
IREDA,IREDAEQN,116.85,116.85,116.85,0.0,0.0,13724,1603649,163.35,108.65
IOLCP,IOLCPEQN,161.28,161.28,161.28,0.0,0.0,7015,1131379,179.6,67.19
HINDWAREAP,HINDWAREAPEQN,197.63,197.63,197.63,0.0,0.0,1,197,392.7,170.5
VINYLINDIA,VINYLINDIAEQN,236.57,236.57,236.57,0.0,0.0,1,236,325.0,161.0
JAGSNPHARM,JAGSNPHARMEQN,233.53,233.53,233.53,0.0,0.0,453,105789,264.5,155.0
WIPRO,WIPROEQN,181.9,181.9,181.9,0.0,0.0,114596,20845012,273.1,169.0
AWHCL,AWHCLEQN,385.9,385.9,385.9,0.0,0.0,482,186003,616.0,372.5
BDL,BDLEQN,1380.0,1380.0,1380.0,0.0,0.0,3398,4689240,1654.0,1086.0
GOCLCORP,GOCLCORPEQN,408.0,408.0,408.0,0.0,0.0,202,82416,459.9,223.35
RECLTD,RECLTDEQN,340.0,340.0,340.0,0.0,0.0,7708,2620720,390.5,304.05
CDSL,CDSLEQN,1356.8,1356.8,1356.8,0.0,0.0,3572,4846489,1673.7,1116.3
ADOR,ADOREQN,1525.3,1525.3,1525.3,0.0,0.0,39,59486,1597.0,848.0
TORNTPHARM,TORNTPHARMEQN,4900.0,4900.0,4900.0,0.0,0.0,89,436100,5250.0,3480.6
CARBORUNIV,CARBORUNIVEQN,1122.7,1122.7,1122.7,0.0,0.0,105,117883,1306.9,735.2
CIPLA,CIPLAEQN,1431.5,1431.5,1431.5,0.0,0.0,791,1132316,1673.0,1165.7
RAMRAT,RAMRATEQN,467.5,467.5,467.5,0.0,0.0,51,23842,520.0,268.0
GEOJITFSL,GEOJITFSLEQN,79.31,79.31,79.31,0.0,0.0,42,3331,85.39,50.86
AIAENG,AIAENGEQN,4383.6,4383.6,4383.6,0.0,0.0,115,504114,5180.0,3001.1
ORIANA,ORIANASMN,1246.0,1246.0,1246.0,0.0,0.0,600,747600,3064.0,1233.1
VINATIORGA,VINATIORGAEQN,1344.2,1344.2,1344.2,0.0,0.0,24,32260,1849.9,1203.0
GULFOILLUB,GULFOILLUBEQN,1174.6,1174.6,1174.6,0.0,0.0,32,37587,1329.0,865.0
DYNAMATECH,DYNAMATECHEQN,11123.0,11123.0,11123.0,0.0,0.0,14,155722,12875.0,6320.0
NUVOCO,NUVOCOEQN,331.1,331.1,331.1,0.0,0.0,50,16555,477.5,276.25
JAIPURKURT,JAIPURKURTEQN,27.43,27.43,27.43,0.0,0.0,1,27,42.74,24.4
ZEEL,ZEELEQN,104.87,104.87,104.87,0.0,0.0,113333,11885231,124.14,68.0
BALAXI,BALAXIEQN,24.21,24.21,24.21,0.0,0.0,10,242,49.65,15.2
IGL,IGLEQN,151.0,151.0,151.0,0.0,0.0,3665,553415,223.5,141.74
DATAMATICS,DATAMATICSEQN,852.35,852.35,852.35,0.0,0.0,97,82677,1054.0,632.0
JSL,JSLEQN,744.0,744.0,744.0,0.0,0.0,634,471696,884.0,652.25
SEPC,SEPCEQN,5.85,5.85,5.85,0.0,0.0,11118,65040,13.73,4.65
ALKEM,ALKEMEQN,5374.0,5374.0,5374.0,0.0,0.0,166,892084,5933.5,5075.0
ANKITMETAL,ANKITMETALBZN,1.53,1.53,1.53,0.0,0.0,380,581,2.12,1.29
BANDHANBNK,BANDHANBNKEQN,173.25,173.25,173.25,0.0,0.0,14058,2435548,220.76,134.25
ADANIGREEN,ADANIGREENEQN,1327.6,1327.6,1327.6,0.0,0.0,10792,14327459,1631.5,765.0
ORBTEXP,ORBTEXPBEN,230.73,230.73,230.73,0.0,0.0,100,23073,278.61,135.0
ARE&M,ARE&MEQN,945.7,945.7,945.7,0.0,0.0,2293,2168490,1057.85,670.0
KIRLOSBROS,KIRLOSBROSEQN,1942.9,1942.9,1942.9,0.0,0.0,291,565383,2189.2,1335.0
BLUSPRING,BLUSPRINGEQN,109.0,109.0,109.0,0.0,0.0,132,14388,131.82,43.98
UMESLTD,UMESLTDEQN,6.02,6.02,6.02,0.0,0.0,109,656,7.14,3.88
NAVKARURB,NAVKARURBBEN,0.98,0.98,0.98,0.0,0.0,10000,9800,2.93,0.7
FILATFASH,FILATFASHEQN,0.18,0.18,0.18,0.0,0.0,3027572,544962,0.68,0.14
SICALLOG,SICALLOGBEN,109.95,109.95,109.95,0.0,0.0,1,109,122.5,60.11
VEEDOL,VEEDOLEQN,1521.6,1521.6,1521.6,0.0,0.0,13,19780,2035.0,1238.2
DISHTV,DISHTVEQN,2.81,2.81,2.81,0.0,0.0,1352,3799,5.99,1.82
DCMFINSERV,DCMFINSERVEQN,5.55,5.55,5.55,0.0,0.0,9,49,8.55,3.7
PACEDIGITK,PACEDIGITKEQN,176.46,176.46,176.46,0.0,0.0,2338,412563,231.95,139.81
PAR,PAREQN,100.91,100.91,100.91,0.0,0.0,10,1009,122.43,78.05
SUMICHEM,SUMICHEMEQN,559.8,559.8,559.8,0.0,0.0,312,174657,617.45,362.6
LATTEYS,LATTEYSEQN,23.29,23.29,23.29,0.0,0.0,997,23220,37.0,15.79
CESC,CESCEQN,170.22,170.22,170.22,0.0,0.0,15610,2657134,204.5,138.12
FDC,FDCEQN,354.3,354.3,354.3,0.0,0.0,107,37910,527.8,312.95
ETERNAL,ETERNALEQN,318.0,318.0,318.0,0.0,0.0,51160,16268880,368.45,212.6
TARACHAND,TARACHANDEQN,47.12,47.12,47.12,0.0,0.0,31,1460,103.67,47.0
SUDARSCHEM,SUDARSCHEMEQN,1092.9,1092.9,1092.9,0.0,0.0,1543,1686344,1603.0,726.4
SVPGLOB,SVPGLOBEQN,3.87,3.87,3.87,0.0,0.0,200,774,6.89,2.18
AKSHAR,AKSHAREQN,0.41,0.41,0.41,0.0,0.0,36835,15102,0.76,0.36
ATGL,ATGLEQN,646.9,646.9,646.9,0.0,0.0,4150,2684635,859.85,462.8
TEMBO,TEMBOEQN,60.35,60.35,60.35,0.0,0.0,4919,296861,837.0,58.95
ORIENTLTD,ORIENTLTDBEN,76.01,76.01,76.01,0.0,0.0,1,76,102.3,53.72
CGPOWER,CGPOWEREQN,898.8,898.8,898.8,0.0,0.0,9348,8401982,980.9,525.5
SATIN,SATINEQN,228.73,228.73,228.73,0.0,0.0,117,26761,274.14,133.01
ORKLAINDIA,ORKLAINDIAEQN,544.3,544.3,544.3,0.0,0.0,155,84366,760.0,533.25
GILLETTE,GILLETTEEQN,7569.5,7569.5,7569.5,0.0,0.0,42,317919,10740.0,7206.0
HARDWYN,HARDWYNEQN,10.95,10.95,10.95,0.0,0.0,6062,66378,20.2,7.76
MICEL,MICELBEN,36.38,36.38,36.38,0.0,0.0,982,35725,82.97,29.97
ADVANCE,ADVANCEEQN,117.06,117.06,117.06,0.0,0.0,23,2692,154.0,84.1
CANFINHOME,CANFINHOMEEQN,814.35,814.35,814.35,0.0,0.0,232,188929,971.5,708.6
RUCHIRA,RUCHIRAEQN,102.05,102.05,102.05,0.0,0.0,30,3061,173.0,95.17
GTPL,GTPLEQN,54.04,54.04,54.04,0.0,0.0,5,270,120.38,50.85
POEL,POELEQN,148.41,148.41,148.41,0.0,0.0,800,118728,154.0,145.0
HAZOOR,HAZOOREQN,21.49,21.49,21.49,0.0,0.0,11,236,22.2,19.8
CRAMC,CRAMCEQN,253.95,253.95,253.95,0.0,0.0,175,44441,353.4,214.2
LANDSMILL,LANDSMILLEQN,0.75,0.75,0.75,0.0,0.0,11214,8410,1.74,0.73
SAKUMA,SAKUMAEQN,1.6,1.6,1.6,0.0,0.0,2917,4667,3.1,1.1
PETRONET,PETRONETEQN,281.8,281.8,281.8,0.0,0.0,1542,434535,326.4,235.35
HEXAGON,HEXAGONBEN,63.25,63.25,63.25,0.0,0.0,2747,173747,78.25,48.1
LKPSEC,LKPSECEQN,16.44,16.44,16.44,0.0,0.0,25,411,16.91,15.2
EKC,EKCEQN,109.53,109.53,109.53,0.0,0.0,727,79628,154.55,90.25
CEATLTD,CEATLTDEQN,3608.5,3608.5,3608.5,0.0,0.0,124,447454,4438.0,3000.5
VOGL,VOGLEQN,37.66,37.66,37.66,0.0,0.0,71541,2694234,47.6,30.42
VINEETLAB,VINEETLABEQN,37.36,37.36,37.36,0.0,0.0,62,2316,43.5,26.89
GRAUWEIL,GRAUWEILEQN,67.96,67.96,67.96,0.0,0.0,219,14883,87.4,62.09
UNIDT,UNIDTBEN,228.95,228.95,228.95,0.0,0.0,12,2747,254.97,146.0
CLEANMAX,CLEANMAXEQN,1239.9,1239.9,1239.9,0.0,0.0,487,603831,1536.0,727.1
ASMS,ASMSBEN,6.96,6.96,6.96,0.0,0.0,63,438,17.6,6.88
NAVA,NAVAEQN,559.65,559.65,559.65,0.0,0.0,1959,1096354,739.4,501.65
ITDC,ITDCEQN,698.3,698.3,698.3,0.0,0.0,191,133375,822.0,368.0
RPGLIFE,RPGLIFEEQN,2741.3,2741.3,2741.3,0.0,0.0,51,139806,3082.0,1733.0
DHARAN,DHARANBZN,0.16,0.16,0.16,0.0,0.0,241985,38717,0.61,0.11
CONCOR,CONCOREQN,524.5,524.5,524.5,0.0,0.0,1886,989207,569.8,421.45
TARAPUR,TARAPUREQN,14.33,14.33,14.33,0.0,0.0,11,157,39.99,12.21
INDOCO,INDOCOEQN,218.74,218.74,218.74,0.0,0.0,4,874,332.2,162.19
RCOM,RCOMBEN,0.81,0.81,0.81,0.0,0.0,48716,39459,1.83,0.75
VIRTUALG,VIRTUALGEQN,0.41,0.41,0.41,0.0,0.0,5184,2125,0.42,0.4
REPCOHOME,REPCOHOMEEQN,349.6,349.6,349.6,0.0,0.0,160,55936,455.9,333.6
LCL,LCLEQN,546.2,546.2,546.2,0.0,0.0,1424,777788,555.6,461.0
ALOKINDS,ALOKINDSEQN,11.53,11.53,11.53,0.0,0.0,8506,98074,19.34,11.11
BENGALASM,BENGALASMEQN,6234.5,6234.5,6234.5,0.0,0.0,4,24938,7268.0,5845.85
CONSOFINVT,CONSOFINVTBEN,271.95,271.95,271.95,0.0,0.0,100,27195,320.0,152.0
CMLL,CMLLEQN,515.35,515.35,515.35,0.0,0.0,2577,1328056,624.4,463.35
ASAL,ASALEQN,505.95,505.95,505.95,0.0,0.0,170,86011,654.65,374.5
AVANCE,AVANCEEQN,0.9,0.9,0.9,0.0,0.0,15654,14088,0.94,0.75
KECL,KECLEQN,137.5,137.5,137.5,0.0,0.0,470,64625,155.0,75.47
VAML,VAMLEQN,441.5,441.5,441.5,0.0,0.0,9002,3974383,537.0,423.15
IMAGICAA,IMAGICAAEQN,47.06,47.06,47.06,0.0,0.0,279,13129,61.9,36.84
BSL,BSLEQN,123.72,123.72,123.72,0.0,0.0,2,247,208.0,98.0
AARTIDRUGS,AARTIDRUGSEQN,410.75,410.75,410.75,0.0,0.0,14,5750,534.55,318.95
AVG,AVGBEN,199.02,199.02,199.02,0.0,0.0,10,1990,256.73,113.26
MCLEODRUSS,MCLEODRUSSEQN,44.85,44.85,44.85,0.0,0.0,233,10450,78.41,28.5
ORIENTCEM,ORIENTCEMEQN,131.89,131.89,131.89,0.0,0.0,47,6198,244.37,122.32
GENUSPAPER,GENUSPAPEREQN,11.3,11.3,11.3,0.0,0.0,25,282,19.78,8.67
FEDDERSHOL,FEDDERSHOLEQN,40.1,40.1,40.1,0.0,0.0,100,4010,53.49,32.06
PFS,PFSEQN,28.14,28.14,28.14,0.0,0.0,301,8470,40.69,23.85
MUTHOOTCAP,MUTHOOTCAPEQN,258.69,258.69,258.69,0.0,0.0,35,9054,303.0,175.25
GRINFRA,GRINFRAEQN,871.6,871.6,871.6,0.0,0.0,1,871,1345.0,785.0
JOCIL,JOCILBEN,148.5,148.5,148.5,0.0,0.0,1,148,175.12,91.25
ELITECON,ELITECONEQN,16.73,16.73,16.73,0.0,0.0,7777,130109,46.4,15.3
SUPRIYA,SUPRIYAEQN,784.0,784.0,784.0,0.0,0.0,385,301840,1085.0,545.5
FINCABLES,FINCABLESEQN,1320.85,1320.85,1320.85,0.0,0.0,7167,9466531,1374.0,700.8
ERIS,ERISEQN,1348.9,1348.9,1348.9,0.0,0.0,16,21582,1820.0,1200.0
JUSTDIAL,JUSTDIALEQN,680.3,680.3,680.3,0.0,0.0,293,199327,878.6,480.5
SIGMAADV,SIGMAADVEQN,627.1,627.1,627.1,0.0,0.0,19811,12423478,721.5,109.45
COCKERILL,COCKERILLEQN,8419.0,8419.0,8419.0,0.0,0.0,14,117866,10871.5,4955.0
GMBREW,GMBREWEQN,891.35,891.35,891.35,0.0,0.0,103,91809,1328.8,666.05
MAHSCOOTER,MAHSCOOTEREQN,13449.0,13448.0,13448.0,-1.0,-0.01,3,40344,18538.0,10901.0
NRBBEARING,NRBBEARINGEQN,484.05,484.0,484.0,-0.05,-0.01,1637,792308,487.0,212.55
SAGCEM,SAGCEMEQN,169.01,169.0,169.0,-0.01,-0.01,31,5239,299.4,148.7
UNIECOM,UNIECOMEQN,84.95,84.94,84.94,-0.01,-0.01,58,4926,155.8,78.51
KPIL,KPILEQN,1404.2,1404.0,1404.0,-0.2,-0.01,469,658476,1479.6,1007.1
MODIS,MODISEQN,415.6,415.55,415.55,-0.05,-0.01,62,25764,429.05,276.0
GOCOLORS,GOCOLORSEQN,344.05,344.0,344.0,-0.05,-0.01,3156,1085664,760.9,237.05
POLICYBZR,POLICYBZREQN,1728.1,1728.0,1728.0,-0.1,-0.01,133,229824,1974.0,1364.0
BHARATWIRE,BHARATWIREEQN,192.92,192.9,192.9,-0.02,-0.01,893,172259,262.0,148.01
PNCINFRA,PNCINFRAEQN,215.17,215.15,215.15,-0.02,-0.01,655,140923,325.0,158.17
ADANIENSOL,ADANIENSOLEQN,1589.1,1589.0,1589.0,-0.1,-0.01,4013,6376657,1789.0,744.9
NHPC,NHPCEQN,76.6,76.59,76.59,-0.01,-0.01,20016,1533025,89.22,71.62
ASTRAMICRO,ASTRAMICROEQN,1707.1,1707.0,1707.0,-0.1,-0.01,742,1266594,1960.0,851.0
IIFL,IIFLEQN,630.05,630.0,630.0,-0.05,-0.01,1249,786870,675.0,409.1
EPIGRAL,EPIGRALEQN,1097.1,1097.0,1097.0,-0.1,-0.01,87,95439,1911.6,807.0
GANESHHOU,GANESHHOUEQN,838.0,837.95,837.95,-0.05,-0.01,70,58656,920.15,500.0
FABTECH,FABTECHEQN,145.91,145.9,145.9,-0.01,-0.01,155,22614,262.8,132.7
OMFREIGHT,OMFREIGHTBEN,95.31,95.3,95.3,-0.01,-0.01,12,1143,114.33,58.95
FRACTAL,FRACTALEQN,818.0,817.9,817.9,-0.1,-0.01,422,345153,1118.0,733.7
WPIL,WPILEQN,433.9,433.85,433.85,-0.05,-0.01,105,45554,510.35,383.55
CNL,CNLEQN,1252.1,1252.0,1252.0,-0.1,-0.01,97,121444,1260.0,525.0
WELENT,WELENTEQN,569.4,569.35,569.35,-0.05,-0.01,104,59212,634.9,412.0
KPEL,KPELEQN,243.75,243.7,243.7,-0.05,-0.02,1475,359457,463.25,237.9
EIFFL,EIFFLBEN,261.0,260.95,260.95,-0.05,-0.02,3,782,381.96,204.98
SUVEN,SUVENEQN,333.05,333.0,333.0,-0.05,-0.02,1264,420912,371.0,124.11
GODIGIT,GODIGITEQN,254.85,254.8,254.8,-0.05,-0.02,1336,340412,381.4,244.2
SOUTHBANK,SOUTHBANKEQN,45.22,45.21,45.21,-0.01,-0.02,28587,1292418,49.9,28.11
ABBOTINDIA,ABBOTINDIAEQN,26905.0,26900.0,26900.0,-5.0,-0.02,11,295900,33495.0,25150.0
EPL,EPLEQN,242.99,242.95,242.95,-0.04,-0.02,953,231531,259.83,176.4
GLOBAL,GLOBALEQN,107.47,107.45,107.45,-0.02,-0.02,30,3223,121.9,55.3
CHAMBLFERT,CHAMBLFERTEQN,439.05,438.95,438.95,-0.1,-0.02,559,245373,580.7,399.75
NIACL,NIACLEQN,183.64,183.6,183.6,-0.04,-0.02,5461,1002639,218.0,116.97
GSPCROP,GSPCROPEQN,589.75,589.65,589.65,-0.1,-0.02,613,361455,607.8,328.0
VPRPL,VPRPLEQN,34.92,34.91,34.91,-0.01,-0.03,508,17734,153.89,23.94
RTNINDIA,RTNINDIAEQN,30.48,30.47,30.47,-0.01,-0.03,3130,95371,64.0,24.4
KRYSTAL,KRYSTALEQN,620.4,620.2,620.2,-0.2,-0.03,50,31010,729.5,500.0
DEVYANI,DEVYANIEQN,143.65,143.61,143.61,-0.04,-0.03,9040,1298234,191.0,91.55
BYKE,BYKEBEN,31.49,31.48,31.48,-0.01,-0.03,15,472,76.73,26.25
GALAXYSURF,GALAXYSURFEQN,2403.7,2403.0,2403.0,-0.7,-0.03,179,430137,2648.0,1510.0
TATAELXSI,TATAELXSIEQN,3760.0,3759.0,3759.0,-1.0,-0.03,232,872088,5950.0,3353.9
ANGELONE,ANGELONEEQN,293.5,293.4,293.4,-0.1,-0.03,10600,3110040,360.45,208.63
DEEPAKNTR,DEEPAKNTREQN,1780.5,1780.0,1780.0,-0.5,-0.03,474,843720,1904.4,1280.0
ATHERENERG,ATHERENERGEQN,1485.2,1484.7,1484.7,-0.5,-0.03,11441,16986452,1580.0,407.7
CENTRALBK,CENTRALBKEQN,31.27,31.26,31.26,-0.01,-0.03,20017,625731,40.92,29.32
MIRZAINT,MIRZAINTEQN,31.44,31.43,31.43,-0.01,-0.03,52,1634,44.0,24.95
JINDALPHOT,JINDALPHOTEQN,1057.6,1057.3,1057.3,-0.3,-0.03,1,1057,1616.6,816.0
URBANCO,URBANCOEQN,144.6,144.56,144.56,-0.04,-0.03,12664,1830707,201.18,100.7
GARUDA,GARUDAEQN,182.48,182.4,182.4,-0.08,-0.04,620,113088,249.3,130.0
IIFLCAPS,IIFLCAPSEQN,334.55,334.4,334.4,-0.15,-0.04,478,159843,411.3,240.4
JKCEMENT,JKCEMENTEQN,5340.0,5338.0,5338.0,-2.0,-0.04,6,32028,7565.5,4671.5
JKLAKSHMI,JKLAKSHMIEQN,557.25,557.0,557.0,-0.25,-0.04,94,52358,989.8,542.95
TRITURBINE,TRITURBINEEQN,597.9,597.65,597.65,-0.25,-0.04,202,120725,787.6,428.35
MASTEK,MASTEKEQN,1811.8,1811.0,1811.0,-0.8,-0.04,69,124959,2625.0,1334.2
RSYSTEMS,RSYSTEMSEQN,240.2,240.1,240.1,-0.1,-0.04,122,29292,496.9,213.52
NAZARA,NAZARAEQN,350.1,349.95,349.95,-0.15,-0.04,3202,1120539,362.0,215.7
SHAILY,SHAILYEQN,3396.3,3395.0,3395.0,-1.3,-0.04,51,173145,3615.2,1770.9
SAHYADRI,SAHYADRIEQN,388.15,388.0,388.0,-0.15,-0.04,191,74108,401.1,200.1
NUCLEUS,NUCLEUSEQN,713.8,713.5,713.5,-0.3,-0.04,173,123435,1084.8,682.0
DIVGIITTS,DIVGIITTSEQN,1284.45,1284.0,1284.0,-0.45,-0.04,216,277344,1318.8,573.7
NTPCGREEN,NTPCGREENEQN,92.14,92.09,92.09,-0.05,-0.05,6137,565156,119.95,84.0
LGBBROSLTD,LGBBROSLTDEQN,1602.8,1602.0,1602.0,-0.8,-0.05,135,216270,2048.0,1222.1
BALMLAWRIE,BALMLAWRIEEQN,174.59,174.5,174.5,-0.09,-0.05,22,3839,238.2,148.36
JSFB,JSFBEQN,548.85,548.55,548.55,-0.3,-0.05,349,191443,593.0,330.0
ZUARI,ZUARIEQN,222.71,222.6,222.6,-0.11,-0.05,86,19143,393.55,175.1
ZENSARTECH,ZENSARTECHEQN,490.75,490.5,490.5,-0.25,-0.05,2357,1156108,868.95,423.0
SANSERA,SANSERAEQN,4002.0,4000.0,4000.0,-2.0,-0.05,352,1408000,4038.0,1241.3
IRB,IRBEQN,19.17,19.16,19.16,-0.01,-0.05,50347,964648,23.95,19.02
ICRA,ICRAEQN,5052.7,5050.0,5050.0,-2.7,-0.05,202,1020100,6982.0,4692.0
KIMS,KIMSEQN,800.4,800.0,800.0,-0.4,-0.05,1021,816800,858.0,575.8
MAGNUM,MAGNUMEQN,19.28,19.27,19.27,-0.01,-0.05,4,77,30.25,16.25
GIPCL,GIPCLEQN,174.44,174.35,174.35,-0.09,-0.05,35,6102,202.05,119.9
GODFRYPHLP,GODFRYPHLPEQN,2131.0,2130.0,2130.0,-1.0,-0.05,532,1133160,3947.0,1832.1
INOXINDIA,INOXINDIAEQN,1950.8,1949.9,1949.9,-0.9,-0.05,164,319783,2119.8,1065.0
SHARDAMOTR,SHARDAMOTREQN,909.5,909.0,909.0,-0.5,-0.05,262,238158,1189.9,700.0
VIPCLOTHNG,VIPCLOTHNGEQN,20.59,20.58,20.58,-0.01,-0.05,2,41,41.2,14.05
BORANA,BORANAEQN,321.1,320.95,320.95,-0.15,-0.05,61,19577,420.0,211.0
SUDEEPPHRM,SUDEEPPHRMEQN,1101.55,1101.05,1101.05,-0.5,-0.05,171,188279,1158.6,524.05
KENNAMET,KENNAMETEQN,3551.7,3550.0,3550.0,-1.7,-0.05,64,227200,3775.0,2405.2
HSCL,HSCLEQN,787.4,786.95,786.95,-0.45,-0.06,3906,3073826,819.5,418.5
GICHSGFIN,GICHSGFINEQN,139.39,139.3,139.3,-0.09,-0.06,150,20895,184.0,130.05
ASHOKLEY,ASHOKLEYEQN,177.1,177.0,177.0,-0.1,-0.06,54847,9707919,215.42,125.1
TITAGARH,TITAGARHEQN,820.95,820.45,820.45,-0.5,-0.06,1304,1069866,971.0,568.7
SAIL,SAILEQN,173.6,173.5,173.5,-0.1,-0.06,17372,3014042,209.7,118.1
JTEKTINDIA,JTEKTINDIAEQN,130.18,130.1,130.1,-0.08,-0.06,57,7415,188.5,117.01
DBL,DBLEQN,419.6,419.35,419.35,-0.25,-0.06,486,203804,585.0,381.55
SSEGL,SSEGLSMN,353.3,353.1,353.1,-0.2,-0.06,200,70620,580.0,283.0
BAJFINANCE,BAJFINANCEEQN,1089.3,1088.6,1088.6,-0.7,-0.06,15321,16678440,1176.4,787.9
BERGEPAINT,BERGEPAINTEQN,549.35,549.0,549.0,-0.35,-0.06,1564,858636,594.55,391.1
INDOSTAR,INDOSTAREQN,247.15,247.0,247.0,-0.15,-0.06,155,38285,292.0,179.03
IDFCFIRSTB,IDFCFIRSTBEQN,85.05,85.0,85.0,-0.05,-0.06,15608,1326680,88.76,58.08
EFCIL,EFCILEQN,174.1,174.0,174.0,-0.1,-0.06,1399,243426,350.0,171.55
HITECHCORP,HITECHCORPBEN,330.15,329.95,329.95,-0.2,-0.06,1040,343148,338.4,112.0
FSL,FSLEQN,267.75,267.6,267.6,-0.15,-0.06,4997,1337197,381.4,202.0
LLOYDSENT,LLOYDSENTEQN,75.65,75.6,75.6,-0.05,-0.07,1706,128973,84.7,40.69
SIEMENS,SIEMENSEQN,3943.0,3940.2,3940.2,-2.8,-0.07,329,1296325,4097.9,2826.0
CHOICEIN,CHOICEINEQN,803.8,803.2,803.2,-0.6,-0.07,2881,2314019,860.5,568.7
TVSELECT,TVSELECTEQN,450.35,450.05,450.05,-0.3,-0.07,487,219174,739.35,336.2
BVCL,BVCLEQN,40.53,40.5,40.5,-0.03,-0.07,5,202,69.99,31.2
GESHIP,GESHIPEQN,1274.9,1274.0,1274.0,-0.9,-0.07,2064,2629536,1798.0,922.5
CORDSCABLE,CORDSCABLEBEN,214.05,213.9,213.9,-0.15,-0.07,70,14973,259.4,127.01
KDDL,KDDLEQN,4084.6,4081.9,4081.9,-2.7,-0.07,84,342879,4155.5,1990.0
JITFINFRA,JITFINFRAEQN,306.2,306.0,306.0,-0.2,-0.07,117,35802,478.0,222.35
AHCL,AHCLEQN,14.51,14.5,14.5,-0.01,-0.07,4124,59798,17.28,9.08
AEQUS,AEQUSEQN,249.58,249.4,249.4,-0.18,-0.07,7837,1954547,274.39,113.3
TARIL,TARILEQN,296.3,296.1,296.1,-0.2,-0.07,3396,1005555,552.0,224.05
CONTROLPR,CONTROLPREQN,569.7,569.3,569.3,-0.4,-0.07,44,25049,899.0,517.0
AGL,AGLEQN,14.01,14.0,14.0,-0.01,-0.07,10809,151326,22.0,12.03
SBILIFE,SBILIFEEQN,1790.4,1789.0,1789.0,-1.4,-0.08,1341,2399049,2132.0,1700.4
METROBRAND,METROBRANDEQN,942.8,942.0,942.0,-0.8,-0.08,102,96084,1340.4,883.0
MRPL,MRPLEQN,177.15,177.0,177.0,-0.15,-0.08,29525,5225925,212.31,120.45
SIS,SISEQN,416.45,416.1,416.1,-0.35,-0.08,94,39113,480.95,257.05
SAPPHIRE,SAPPHIREEQN,234.68,234.5,234.5,-0.18,-0.08,1186,278117,347.9,139.91
OMNI,OMNIEQN,564.45,564.0,564.0,-0.45,-0.08,823,464172,764.85,176.25
VINCOFE,VINCOFEEQN,146.28,146.15,146.15,-0.13,-0.09,2538,370928,179.85,120.24
CARRARO,CARRAROEQN,513.45,513.0,513.0,-0.45,-0.09,60,30780,667.55,407.4
LTTS,LTTSEQN,3528.5,3525.2,3525.2,-3.3,-0.09,101,356045,4726.0,3010.0
UNITEDTEA,UNITEDTEAEQN,455.65,455.25,455.25,-0.4,-0.09,2,910,590.0,412.0
YESBANK,YESBANKEQN,22.92,22.9,22.9,-0.02,-0.09,141750,3246075,25.78,17.2
CUB,CUBEQN,215.2,215.0,215.0,-0.2,-0.09,9603,2064645,245.38,145.13
WEALTH,WEALTHEQN,876.75,876.0,876.0,-0.75,-0.09,1,876,1300.5,774.95
ANANDRATHI,ANANDRATHIEQN,2176.0,2174.0,2174.0,-2.0,-0.09,278,604372,2230.0,1353.85
HINDALCO,HINDALCOEQN,1049.9,1048.95,1048.95,-0.95,-0.09,9442,9904185,1176.0,697.0
DMCC,DMCCEQN,293.65,293.4,293.4,-0.25,-0.09,516,151394,349.05,191.35
MTARTECH,MTARTECHBEN,7057.0,7051.0,7051.0,-6.0,-0.09,376,2651176,8714.0,1390.5
WCIL,WCILEQN,87.99,87.9,87.9,-0.09,-0.1,103,9053,147.29,77.02
PCJEWELLER,PCJEWELLEREQN,9.79,9.78,9.78,-0.01,-0.1,612894,5994103,15.38,7.47
MANAPPURAM,MANAPPURAMEQN,348.6,348.25,348.25,-0.35,-0.1,1898,660978,381.55,245.15
JASH,JASHEQN,480.5,480.0,480.0,-0.5,-0.1,163,78240,572.85,327.1
SUZLON,SUZLONEQN,49.0,48.95,48.95,-0.05,-0.1,225813,11053546,61.64,38.19
JINDALPOLY,JINDALPOLYEQN,665.65,665.0,665.0,-0.65,-0.1,153,101745,1026.45,365.0
MARICO,MARICOEQN,852.05,851.2,851.2,-0.85,-0.1,1163,989945,889.1,690.3
FUSION,FUSIONEQN,195.58,195.38,195.38,-0.2,-0.1,272,53143,243.0,136.5
ALLCARGO,ALLCARGOEQN,10.06,10.05,10.05,-0.01,-0.1,50152,504027,36.55,7.11
VIKRAN,VIKRANEQN,62.54,62.48,62.48,-0.06,-0.1,3509,219242,118.4,51.1
NORTHARC,NORTHARCEQN,278.7,278.4,278.4,-0.3,-0.11,257,71548,334.0,206.0
MFSL,MFSLEQN,1571.7,1570.0,1570.0,-1.7,-0.11,762,1196340,1892.5,1433.6
SJVN,SJVNEQN,66.56,66.49,66.49,-0.07,-0.11,6199,412171,101.45,63.02
ENTERO,ENTEROEQN,1401.6,1400.0,1400.0,-1.6,-0.11,79,110600,1467.8,944.0
GLAXO,GLAXOEQN,2702.9,2700.0,2700.0,-2.9,-0.11,98,264600,2883.4,2088.1
HEG,HEGEQN,698.3,697.5,697.5,-0.8,-0.11,1529,1066477,711.2,459.8
AMNPLST,AMNPLSTEQN,185.55,185.35,185.35,-0.2,-0.11,16,2965,250.0,127.0
INDIASHLTR,INDIASHLTREQN,674.75,674.0,674.0,-0.75,-0.11,17,11458,968.75,640.0
AUBANK,AUBANKEQN,1072.2,1071.0,1071.0,-1.2,-0.11,1729,1851759,1105.9,682.15
ISGEC,ISGECEQN,746.85,746.05,746.05,-0.8,-0.11,137,102208,1113.9,683.95
BIKAJI,BIKAJIEQN,613.65,613.0,613.0,-0.65,-0.11,123,75399,818.7,592.55
VIJAYA,VIJAYAEQN,1506.6,1505.0,1505.0,-1.6,-0.11,565,850325,1573.0,848.0
PSPPROJECT,PSPPROJECTEQN,947.0,946.0,946.0,-1.0,-0.11,710,671660,1143.0,569.2
ADVAIT,ADVAITEQN,2079.2,2077.0,2077.0,-2.2,-0.11,45,93465,2485.0,1351.0
SHRINGARMS,SHRINGARMSEQN,227.24,227.0,227.0,-0.24,-0.11,767,174109,266.5,166.0
WEWORK,WEWORKEQN,707.8,707.0,707.0,-0.8,-0.11,40,28280,794.5,420.0
ENERGYDEV,ENERGYDEVEQN,16.51,16.49,16.49,-0.02,-0.12,8,131,29.69,13.15
AGARWALEYE,AGARWALEYEEQN,501.6,501.0,501.0,-0.6,-0.12,784,392784,568.0,401.0
FCL,FCLEQN,43.41,43.36,43.36,-0.05,-0.12,21570,935275,47.18,19.1
EICHERMOT,EICHERMOTEQN,8050.0,8040.0,8040.0,-10.0,-0.12,1614,12976560,8230.0,5825.5
CLEAN,CLEANEQN,840.0,839.0,839.0,-1.0,-0.12,524,439636,1256.8,652.0
LAOPALA,LAOPALAEQN,191.22,191.0,191.0,-0.22,-0.12,361,68951,266.4,162.1
VOLTAMP,VOLTAMPEQN,10001.0,9989.0,9989.0,-12.0,-0.12,4,39956,12863.0,6666.0
BIRLANU,BIRLANUEQN,1551.8,1550.0,1550.0,-1.8,-0.12,1,1550,2086.9,1190.1
IONEXCHANG,IONEXCHANGEQN,374.45,374.0,374.0,-0.45,-0.12,175,65450,486.0,312.7
AIRAN,AIRANEQN,15.23,15.21,15.21,-0.02,-0.13,1173,17841,27.49,12.63
PFOCUS,PFOCUSEQN,266.4,266.05,266.05,-0.35,-0.13,368,97906,367.0,139.04
BAJAJELEC,BAJAJELECEQN,357.45,357.0,357.0,-0.45,-0.13,502,179214,653.8,301.0
AARTIIND,AARTIINDEQN,526.7,526.0,526.0,-0.7,-0.13,1279,672754,541.7,338.05
RALLIS,RALLISEQN,213.08,212.81,212.81,-0.27,-0.13,363,77250,385.7,207.53
LPDC,LPDCEQN,7.87,7.86,7.86,-0.01,-0.13,12,94,9.46,5.23
JKIL,JKILEQN,509.65,509.0,509.0,-0.65,-0.13,212,107908,685.4,425.0
HDBFS,HDBFSEQN,683.9,683.0,683.0,-0.9,-0.13,351,239733,811.8,555.3
SPECIALITY,SPECIALITYBEN,135.98,135.8,135.8,-0.18,-0.13,40,5432,167.46,82.7
CCAVENUE,CCAVENUEEQN,15.21,15.19,15.19,-0.02,-0.13,28769,437001,20.5,12.92
SBIFUNDS,SBIFUNDSEQN,557.25,556.5,556.5,-0.75,-0.13,3198,1779687,624.95,551.3
ALBERTDAVD,ALBERTDAVDEQN,806.1,805.0,805.0,-1.1,-0.14,35,28175,903.0,579.9
SUNCLAY,SUNCLAYEQN,1289.8,1288.0,1288.0,-1.8,-0.14,27,34776,1942.0,1112.8
ANUP,ANUPEQN,1834.5,1832.0,1832.0,-2.5,-0.14,2,3664,2576.0,1422.3
PRIVISCL,PRIVISCLEQN,3449.0,3444.0,3444.0,-5.0,-0.14,23,79212,3785.3,2193.9
DOMS,DOMSEQN,2218.1,2215.0,2215.0,-3.1,-0.14,41,90815,2770.0,2023.9
DMART,DMARTEQN,3995.0,3989.6,3989.6,-5.4,-0.14,1275,5086740,4949.5,3529.0
ALGOQUANT,ALGOQUANTEQN,66.29,66.2,66.2,-0.09,-0.14,178,11783,71.01,47.8
ABREL,ABRELEQN,1402.1,1400.0,1400.0,-2.1,-0.15,110,154000,1965.3,1080.1
RAJRATAN,RAJRATANEQN,516.8,516.0,516.0,-0.8,-0.15,88,45408,563.95,305.55
SANSTAR,SANSTAREQN,109.19,109.03,109.03,-0.16,-0.15,318,34671,137.49,74.3
DALMIASUG,DALMIASUGEQN,459.6,458.9,458.9,-0.7,-0.15,1735,796191,464.4,261.4
AMRUTANJAN,AMRUTANJANEQN,491.85,491.1,491.1,-0.75,-0.15,59,28974,790.95,482.8
RELIANCE,RELIANCEEQN,1316.0,1314.0,1314.0,-2.0,-0.15,41083,53983062,1611.8,1249.8
BHARATFORG,BHARATFORGEQN,2093.0,2089.9,2089.9,-3.1,-0.15,965,2016753,2295.0,1100.5
HLVLTD,HLVLTDEQN,6.73,6.72,6.72,-0.01,-0.15,3902,26221,12.6,5.6
SBIN,SBINEQN,1061.2,1059.6,1059.6,-1.6,-0.15,15956,16906977,1234.7,798.5
KARURVYSYA,KARURVYSYAEQN,334.0,333.5,333.5,-0.5,-0.15,960,320160,351.8,201.82
ALIVUS,ALIVUSEQN,1394.4,1392.2,1392.2,-2.2,-0.16,153,213006,1418.0,819.0
SHK,SHKEQN,164.25,163.99,163.99,-0.26,-0.16,595,97574,275.5,111.98
THANGAMAYL,THANGAMAYLEQN,5336.5,5328.0,5328.0,-8.5,-0.16,165,879120,7430.0,1939.5
SHILPAMED,SHILPAMEDEQN,809.3,808.0,808.0,-1.3,-0.16,1149,928392,825.4,259.5
TEJASNET,TEJASNETEQN,522.85,522.0,522.0,-0.85,-0.16,6695,3494790,647.0,294.0
NLCINDIA,NLCINDIAEQN,277.65,277.2,277.2,-0.45,-0.16,4805,1331946,387.8,222.0
INDIAMART,INDIAMARTEQN,1770.0,1767.2,1767.2,-2.8,-0.16,458,809377,2685.0,1730.0
ENRIN,ENRINEQN,3605.7,3600.0,3600.0,-5.7,-0.16,814,2930400,3968.0,2115.0
ARIHANT,ARIHANTEQN,1031.6,1030.0,1030.0,-1.6,-0.16,2,2060,1225.0,715.1
FLUOROCHEM,FLUOROCHEMEQN,4707.5,4700.0,4700.0,-7.5,-0.16,122,573400,4958.9,2916.6
VIPIND,VIPINDEQN,300.5,300.0,300.0,-0.5,-0.17,206,61800,454.3,278.25
STYRENIX,STYRENIXEQN,2181.6,2178.0,2178.0,-3.6,-0.17,32,69696,2767.5,1780.0
CYIENTDLM,CYIENTDLMEQN,737.45,736.2,736.2,-1.25,-0.17,2712,1996574,743.0,265.2
VAKRANGEE,VAKRANGEEEQN,5.85,5.84,5.84,-0.01,-0.17,2590,15125,9.77,4.61
GABRIEL,GABRIELEQN,1442.5,1440.0,1440.0,-2.5,-0.17,318,457920,1600.0,795.7
ZIMLAB,ZIMLABEQN,115.2,115.0,115.0,-0.2,-0.17,100,11500,133.9,59.31
INOXWIND,INOXWINDEQN,78.13,78.0,78.0,-0.13,-0.17,88397,6894966,159.3,72.7
GREENPLY,GREENPLYEQN,286.3,285.8,285.8,-0.5,-0.17,172,49157,334.4,176.42
TITAN,TITANEQN,5068.5,5060.0,5060.0,-8.5,-0.17,1013,5125780,5168.0,3303.1
PRITI,PRITIBEN,34.56,34.5,34.5,-0.06,-0.17,37,1276,85.01,31.5
AFFORDABLE,AFFORDABLEBEN,172.8,172.5,172.5,-0.3,-0.17,107,18457,409.95,119.71
AUTOAXLES,AUTOAXLESEQN,1787.0,1784.0,1784.0,-3.0,-0.17,8,14272,2115.0,1540.2
AMAGI,AMAGIEQN,581.0,580.0,580.0,-1.0,-0.17,2052,1190160,727.4,310.2
LINDEINDIA,LINDEINDIAEQN,6732.0,6720.0,6720.0,-12.0,-0.18,16,107520,8049.0,5673.0
LUPIN,LUPINEQN,2259.0,2255.0,2255.0,-4.0,-0.18,2783,6275665,2529.5,1875.0
PUNJABCHEM,PUNJABCHEMEQN,1127.3,1125.3,1125.3,-2.0,-0.18,32,36009,1533.9,876.6
WHEELS,WHEELSEQN,1417.5,1415.0,1415.0,-2.5,-0.18,92,130180,1808.0,705.85
GNRL,GNRLEQN,103.69,103.5,103.5,-0.19,-0.18,1250,129375,120.9,83.2
GUJENERGY,GUJENERGYEQN,276.5,276.0,276.0,-0.5,-0.18,2654,732504,452.0,261.25
VISL,VISLEQN,37.97,37.9,37.9,-0.07,-0.18,108601,4115977,44.78,19.06
ARIS,ARISEQN,136.25,136.0,136.0,-0.25,-0.18,867,117912,178.3,82.18
SRTL,SRTLEQN,39.12,39.05,39.05,-0.07,-0.18,147,5740,73.36,38.7
BLBLIMITED,BLBLIMITEDEQN,16.03,16.0,16.0,-0.03,-0.19,501,8016,22.47,12.0
NATIONALUM,NATIONALUMEQN,387.55,386.8,386.8,-0.75,-0.19,22263,8611328,445.15,183.86
BALUFORGE,BALUFORGEEQN,513.35,512.35,512.35,-1.0,-0.19,3251,1665649,697.0,341.05
HDFCLIFE,HDFCLIFEEQN,543.0,541.95,541.95,-1.05,-0.19,4268,2313042,815.0,530.5
RAMCOSYS,RAMCOSYSEQN,594.2,593.1,593.1,-1.1,-0.19,157,93116,967.5,342.1
GODAVARIB,GODAVARIBEQN,245.6,245.1,245.1,-0.5,-0.2,370,90687,353.0,227.42
EMUDHRA,EMUDHRAEQN,518.75,517.7,517.7,-1.05,-0.2,996,515629,771.05,364.55
TATATECH,TATATECHEQN,841.65,840.0,840.0,-1.65,-0.2,2167,1820280,891.0,507.4
BLS,BLSEQN,272.56,272.01,272.01,-0.55,-0.2,3064,833438,392.85,218.9
MSUMI,MSUMIEQN,40.33,40.25,40.25,-0.08,-0.2,12251,493102,53.59,35.7
INTLCONV,INTLCONVEQN,79.06,78.9,78.9,-0.16,-0.2,21,1656,114.54,60.0
SDBL,SDBLEQN,73.43,73.28,73.28,-0.15,-0.2,434,31803,143.77,61.8
HEMIPROP,HEMIPROPEQN,134.27,134.0,134.0,-0.27,-0.2,776,103984,190.69,111.2
KPIGREEN,KPIGREENEQN,303.1,302.5,302.5,-0.6,-0.2,10408,3148420,542.25,301.2
CGCL,CGCLEQN,226.24,225.78,225.78,-0.46,-0.2,1447,326703,264.53,151.1
RAIN,RAINEQN,205.91,205.5,205.5,-0.41,-0.2,3503,719866,252.0,99.9
GPECO,GPECOSTN,378.65,377.9,377.9,-0.75,-0.2,200,75580,616.5,264.05
LLOYDSME,LLOYDSMEEQN,1942.0,1938.2,1938.2,-3.8,-0.2,556,1077639,2125.0,1042.9
REGAAL,REGAALEQN,90.46,90.28,90.28,-0.18,-0.2,400,36112,145.7,57.27
PANSARI,PANSARIEQN,318.65,318.0,318.0,-0.65,-0.2,1,318,388.9,233.3
GRINDWELL,GRINDWELLEQN,2163.5,2159.0,2159.0,-4.5,-0.21,39,84201,2455.0,1329.0
RCF,RCFEQN,123.26,123.0,123.0,-0.26,-0.21,1974,242802,164.49,106.0
GLAND,GLANDEQN,2910.2,2904.0,2904.0,-6.2,-0.21,779,2262216,3039.8,1573.6
UBL,UBLEQN,1367.9,1365.0,1365.0,-2.9,-0.21,195,266175,1935.6,1276.0
GRAPHITE,GRAPHITEEQN,729.5,728.0,728.0,-1.5,-0.21,1084,789152,802.4,505.8
BMWVENTLTD,BMWVENTLTDEQN,57.62,57.5,57.5,-0.12,-0.21,161,9257,78.0,48.0
CERA,CERAEQN,5787.0,5775.0,5775.0,-12.0,-0.21,3,17325,6740.0,4461.1
ITCHOTELS,ITCHOTELSEQN,166.36,166.0,166.0,-0.36,-0.22,5175,859050,253.67,137.3
JSWSTEEL,JSWSTEELEQN,1277.8,1275.0,1275.0,-2.8,-0.22,1556,1983900,1335.0,1022.3
KIOCL,KIOCLEQN,388.15,387.3,387.3,-0.85,-0.22,1056,408988,634.55,290.65
HMAAGRO,HMAAGROEQN,22.95,22.9,22.9,-0.05,-0.22,57016,1305666,34.24,20.0
IDBI,IDBIEQN,82.18,82.0,82.0,-0.18,-0.22,10386,851652,118.38,61.01
POLYCAB,POLYCABEQN,9370.0,9349.5,9349.5,-20.5,-0.22,428,4001586,10126.0,6663.0
MPHASIS,MPHASISEQN,2510.0,2504.4,2504.4,-5.6,-0.22,228,571003,3037.2,2013.0
NUVAMA,NUVAMAEQN,1731.2,1727.4,1727.4,-3.8,-0.22,517,893065,2066.0,1096.9
SGMART,SGMARTEQN,752.3,750.65,750.65,-1.65,-0.22,916,687595,757.4,313.1
CAPILLARY,CAPILLARYEQN,525.55,524.4,524.4,-1.15,-0.22,172,90196,798.95,464.25
STAR,STAREQN,987.1,984.8,984.8,-2.3,-0.23,234,230443,1231.0,768.65
LTFOODS,LTFOODSEQN,417.15,416.2,416.2,-0.95,-0.23,558,232239,480.0,333.15
NAM-INDIA,NAM-INDIAEQN,1202.7,1199.9,1199.9,-2.8,-0.23,4608,5529139,1233.5,780.25
PFIZER,PFIZEREQN,4829.1,4818.0,4818.0,-11.1,-0.23,192,925056,5873.5,4360.1
KITEX,KITEXEQN,128.81,128.51,128.51,-0.3,-0.23,1921,246867,232.7,125.99
TIIL,TIILEQN,3097.2,3090.0,3090.0,-7.2,-0.23,75,231750,3299.9,1868.5
TCI,TCIEQN,907.65,905.6,905.6,-2.05,-0.23,299,270774,1242.0,868.05
PARKHOSPS,PARKHOSPSEQN,276.65,276.0,276.0,-0.65,-0.23,909,250884,305.0,138.1
SHAKTIPUMP,SHAKTIPUMPEQN,503.2,502.0,502.0,-1.2,-0.24,909,456318,915.0,456.35
PRESTIGE,PRESTIGEEQN,1591.9,1588.0,1588.0,-3.9,-0.24,309,490692,1805.2,1090.0
ASALCBR,ASALCBREQN,733.25,731.5,731.5,-1.75,-0.24,29,21213,1277.0,660.65
ZENTEC,ZENTECEQN,1864.5,1860.1,1860.1,-4.4,-0.24,644,1197904,2024.0,1223.0
PIDILITIND,PIDILITINDEQN,1669.0,1665.0,1665.0,-4.0,-0.24,924,1538460,1707.5,1259.0
RAINBOW,RAINBOWEQN,1478.5,1475.0,1475.0,-3.5,-0.24,513,756675,1610.0,1084.0
ASHOKA,ASHOKAEQN,113.27,113.0,113.0,-0.27,-0.24,2690,303970,214.5,101.0
BEML,BEMLEQN,1908.5,1904.0,1904.0,-4.5,-0.24,594,1130976,2275.75,1355.0
PARAS,PARASEQN,1388.5,1385.0,1385.0,-3.5,-0.25,3317,4594045,1443.0,580.5
TARC,TARCEQN,124.36,124.05,124.05,-0.31,-0.25,595,73809,186.3,109.1
SHAH,SHAHEQN,4.03,4.02,4.02,-0.01,-0.25,2267,9113,5.82,3.07
EMAMILTD,EMAMILTDEQN,404.5,403.5,403.5,-1.0,-0.25,183,73840,634.2,376.4
NH,NHEQN,1828.5,1823.9,1823.9,-4.6,-0.25,467,851761,2093.3,1589.0
REDTAPE,REDTAPEEQN,121.66,121.35,121.35,-0.31,-0.25,1056,128145,163.5,107.53
JISLJALEQS,JISLJALEQSEQN,27.73,27.66,27.66,-0.07,-0.25,13485,372995,59.0,26.11
OMAXE,OMAXEEQN,100.83,100.57,100.57,-0.26,-0.26,1143,114951,108.61,62.5
PLASTIBLEN,PLASTIBLENEQN,191.8,191.3,191.3,-0.5,-0.26,60,11478,216.29,121.01
RBLBANK,RBLBANKEQN,381.5,380.5,380.5,-1.0,-0.26,2626,999193,392.7,243.25
MAITHANALL,MAITHANALLEQN,980.0,977.5,977.5,-2.5,-0.26,10,9775,1210.1,831.2
SBC,SBCEQN,38.75,38.65,38.65,-0.1,-0.26,12452,481269,45.0,15.55
BOROSCI,BOROSCIEQN,132.69,132.34,132.34,-0.35,-0.26,75,9925,180.8,96.64
SAMHI,SAMHIEQN,159.41,159.0,159.0,-0.41,-0.26,1699,270141,222.0,127.0
SHILCTECH,SHILCTECHEQN,3871.0,3861.0,3861.0,-10.0,-0.26,71,274131,5399.0,2852.5
SOTL,SOTLEQN,692.65,690.85,690.85,-1.8,-0.26,865,597585,814.8,285.8
ACUTAAS,ACUTAASEQN,3198.2,3190.0,3190.0,-8.2,-0.26,321,1023990,3740.0,1302.0
LCCINFOTEC,LCCINFOTECEQN,3.82,3.81,3.81,-0.01,-0.26,500,1905,5.89,3.51
ABINFRA,ABINFRAEQN,11.36,11.33,11.33,-0.03,-0.26,13227,149861,23.56,8.82
KLBRENG-B,KLBRENG-BEQN,346.9,346.0,346.0,-0.9,-0.26,529,183034,544.85,332.4
JKTYRE,JKTYREEQN,382.0,381.0,381.0,-1.0,-0.26,4612,1757172,611.9,315.15
ONESOURCE,ONESOURCEEQN,1558.2,1554.0,1554.0,-4.2,-0.27,560,870240,1925.0,1057.0
JAMNAAUTO,JAMNAAUTOEQN,123.33,123.0,123.0,-0.33,-0.27,3756,461988,152.6,89.74
MUFTI,MUFTIEQN,77.21,77.0,77.0,-0.21,-0.27,185,14245,130.7,63.06
TVSMOTOR,TVSMOTOREQN,4385.9,4373.9,4373.9,-12.0,-0.27,957,4185822,4475.0,3132.4
PRAJIND,PRAJINDEQN,334.05,333.15,333.15,-0.9,-0.27,959,319490,433.0,273.0
KRBL,KRBLEQN,395.7,394.65,394.65,-1.05,-0.27,545,215084,495.0,274.65
COSMOFIRST,COSMOFIRSTEQN,964.85,962.2,962.2,-2.65,-0.27,129,124123,1058.5,560.8
JSWENERGY,JSWENERGYEQN,555.5,554.0,554.0,-1.5,-0.27,3006,1665324,617.35,427.75
PNB,PNBEQN,117.32,117.0,117.0,-0.32,-0.27,21115,2470455,135.15,98.5
APOLLOTYRE,APOLLOTYREEQN,436.7,435.5,435.5,-1.2,-0.27,1162,506051,540.5,365.3
FILATEX,FILATEXEQN,82.72,82.5,82.5,-0.22,-0.27,6391,527257,85.7,36.26
KNACK,KNACKEQN,207.56,207.0,207.0,-0.56,-0.27,1125,232875,222.0,180.33
PWL,PWLEQN,119.97,119.65,119.65,-0.32,-0.27,100218,11991083,161.99,77.72
VEDPOWER,VEDPOWEREQN,36.59,36.49,36.49,-0.1,-0.27,21366,779645,49.88,33.06
JSWINFRA,JSWINFRAEQN,335.4,334.45,334.45,-0.95,-0.28,1746,583949,355.8,233.42
DHARMAJ,DHARMAJEQN,269.25,268.5,268.5,-0.75,-0.28,47,12619,386.5,210.65
DHANBANK,DHANBANKEQN,32.39,32.3,32.3,-0.09,-0.28,108,3488,36.85,19.45
PATELENG,PATELENGEQN,28.48,28.4,28.4,-0.08,-0.28,7696,218566,41.13,22.0
AXISBANK,AXISBANKEQN,1227.3,1223.9,1223.9,-3.4,-0.28,12647,15478663,1418.3,1042.5
63MOONS,63MOONSEQN,780.25,778.05,778.05,-2.2,-0.28,471,366461,1029.9,467.0
MSPL,MSPLEQN,34.47,34.37,34.37,-0.1,-0.29,1853,63687,46.12,26.25
ORIENTHOT,ORIENTHOTEQN,122.35,122.0,122.0,-0.35,-0.29,459,55998,149.5,80.0
BAJAJCON,BAJAJCONEQN,481.4,480.0,480.0,-1.4,-0.29,4030,1934400,692.0,220.1
GSFC,GSFCEQN,159.87,159.4,159.4,-0.47,-0.29,2527,402803,220.59,138.83
DYCL,DYCLEQN,465.35,464.0,464.0,-1.35,-0.29,1575,730800,520.0,236.8
BLISSGVS,BLISSGVSBEN,520.5,519.0,519.0,-1.5,-0.29,164,85116,553.0,118.0
GROWW,GROWWEQN,198.69,198.11,198.11,-0.58,-0.29,25836,5118369,227.2,112.0
CMPDI,CMPDIEQN,235.18,234.49,234.49,-0.69,-0.29,733,171881,283.69,150.16
SUBROS,SUBROSEQN,762.2,760.0,760.0,-2.2,-0.29,30,22800,1213.7,622.1
MAXHEALTH,MAXHEALTHEQN,1003.7,1000.7,1000.7,-3.0,-0.3,6056,6060239,1256.0,903.0
AMBUJACEM,AMBUJACEMEQN,415.25,414.0,414.0,-1.25,-0.3,3585,1484190,605.45,394.0
IRCON,IRCONEQN,124.57,124.2,124.2,-0.37,-0.3,3993,495930,189.5,114.5
APLLTD,APLLTDEQN,822.45,820.0,820.0,-2.45,-0.3,227,186140,1002.0,635.8
VEDL,VEDLEQN,269.7,268.9,268.9,-0.8,-0.3,25719,6915839,795.0,249.7
BALKRISIND,BALKRISINDEQN,2407.2,2400.0,2400.0,-7.2,-0.3,346,830400,2775.0,1970.0
IITL,IITLEQN,150.35,149.9,149.9,-0.45,-0.3,1,149,216.0,108.0
FORCEMOT,FORCEMOTEQN,18605.0,18549.0,18549.0,-56.0,-0.3,138,2559762,26450.0,14911.0
ARDEE,ARDEEEQN,62.34,62.15,62.15,-0.19,-0.3,46616,2897184,73.19,58.61
SGFIN,SGFINEQN,660.25,658.2,658.2,-2.05,-0.31,120,78984,727.45,323.0
LOVABLE,LOVABLEEQN,72.04,71.82,71.82,-0.22,-0.31,11,790,104.7,55.0
TECHM,TECHMEQN,1610.0,1605.0,1605.0,-5.0,-0.31,3286,5274030,1854.0,1304.1
GREENPOWER,GREENPOWEREQN,9.55,9.52,9.52,-0.03,-0.31,6782,64564,15.04,7.98
KOTHARIPET,KOTHARIPETEQN,133.91,133.5,133.5,-0.41,-0.31,483,64480,174.0,94.75
MANBA,MANBAEQN,130.52,130.1,130.1,-0.42,-0.32,36,4683,154.0,98.0
LAXMIDENTL,LAXMIDENTLEQN,200.64,200.0,200.0,-0.64,-0.32,483,96600,377.05,155.88
VARROC,VARROCEQN,847.75,845.0,845.0,-2.75,-0.32,436,368420,874.85,462.0
INDUSTOWER,INDUSTOWEREQN,380.0,378.8,378.8,-1.2,-0.32,2151,814798,481.5,312.55
LTF,LTFEQN,315.0,314.0,314.0,-1.0,-0.32,4546,1427444,338.6,204.26
TIMETECHNO,TIMETECHNOEQN,189.61,189.0,189.0,-0.61,-0.32,8764,1656396,249.15,154.0
LEMONTREE,LEMONTREEEQN,109.55,109.2,109.2,-0.35,-0.32,5606,612175,180.68,99.61
WALCHANNAG,WALCHANNAGEQN,223.91,223.2,223.2,-0.71,-0.32,885,197532,315.8,131.15
JUBLFOOD,JUBLFOODEQN,511.5,509.85,509.85,-1.65,-0.32,4029,2054185,667.75,408.55
OFSS,OFSSEQN,11789.0,11751.0,11751.0,-38.0,-0.32,210,2467710,11979.0,6234.5
UJJIVANSFB,UJJIVANSFBEQN,72.21,71.98,71.98,-0.23,-0.32,27396,1971964,73.29,41.78
DOLPHIN,DOLPHINEQN,576.85,575.0,575.0,-1.85,-0.32,1027,590525,585.6,322.0
SAKAR,SAKAREQN,905.35,902.45,902.45,-2.9,-0.32,538,485518,980.0,311.0
BOSCH-HCIL,BOSCH-HCILEQN,1700.4,1695.0,1695.0,-5.4,-0.32,84,142380,1778.6,1021.3
BFINVEST,BFINVESTEQN,464.3,462.8,462.8,-1.5,-0.32,37,17123,584.7,315.0
ACMESOLAR,ACMESOLAREQN,364.9,363.7,363.7,-1.2,-0.33,1800,654660,398.65,195.9
NEWGEN,NEWGENEQN,534.85,533.1,533.1,-1.75,-0.33,1525,812977,1041.95,401.05
DCAL,DCALEQN,175.83,175.25,175.25,-0.58,-0.33,490,85872,321.95,128.5
BAJAJFINSV,BAJAJFINSVEQN,2005.0,1998.4,1998.4,-6.6,-0.33,1402,2801756,2195.0,1597.0
IRFC,IRFCEQN,87.05,86.76,86.76,-0.29,-0.33,20310,1762095,137.17,86.02
MAXESTATES,MAXESTATESEQN,474.35,472.8,472.8,-1.55,-0.33,385,182028,502.15,305.45
360ONE,360ONEEQN,1173.0,1169.0,1169.0,-4.0,-0.34,989,1156141,1236.2,906.05
LXCHEM,LXCHEMEQN,179.66,179.05,179.05,-0.61,-0.34,1436,257115,241.0,107.6
JIOFIN,JIOFINEQN,249.75,248.9,248.9,-0.85,-0.34,33931,8445425,333.7,223.3
HONASA,HONASAEQN,481.65,480.0,480.0,-1.65,-0.34,6589,3162720,509.8,248.4
RICOAUTO,RICOAUTOEQN,132.9,132.45,132.45,-0.45,-0.34,2564,339601,157.99,78.92
BUILDPRO,BUILDPROEQN,1244.2,1240.0,1240.0,-4.2,-0.34,67,83080,1380.0,636.0
GMMPFAUDLR,GMMPFAUDLREQN,1056.55,1053.0,1053.0,-3.55,-0.34,1084,1141452,1310.0,735.0
TRANSRAILL,TRANSRAILLEQN,464.85,463.2,463.2,-1.65,-0.35,1275,590580,823.0,450.05
BLACKBUCK,BLACKBUCKEQN,569.5,567.5,567.5,-2.0,-0.35,230,130525,748.0,496.0
ORIENTTECH,ORIENTTECHEQN,254.85,253.95,253.95,-0.9,-0.35,487,123673,466.73,220.8
LMW,LMWEQN,20047.0,19976.0,19976.0,-71.0,-0.35,91,1817816,20151.0,11920.0
MUFIN,MUFINEQN,135.87,135.4,135.4,-0.47,-0.35,4641,628391,139.99,82.99
SHIVACEM,SHIVACEMEQN,17.21,17.15,17.15,-0.06,-0.35,500,8575,17.94,16.01
AWFIS,AWFISEQN,268.95,268.0,268.0,-0.95,-0.35,498,133464,639.4,229.05
ELGIEQUIP,ELGIEQUIPEQN,624.2,622.0,622.0,-2.2,-0.35,3403,2116666,633.85,408.25
IOC,IOCEQN,138.61,138.12,138.12,-0.49,-0.35,54664,7550191,188.96,130.22
JUBLPHARMA,JUBLPHARMAEQN,866.95,863.95,863.95,-3.0,-0.35,105,90714,1184.8,786.05
TTKPRESTIG,TTKPRESTIGEQN,592.1,590.05,590.05,-2.05,-0.35,294,173474,771.2,423.0
VENUSREM,VENUSREMBEN,1803.4,1797.0,1797.0,-6.4,-0.35,81,145557,2044.3,424.0
GKENERGY,GKENERGYEQN,124.43,124.0,124.0,-0.43,-0.35,1315,163060,239.6,87.2
OPTIFIN,OPTIFINEQN,11.45,11.41,11.41,-0.04,-0.35,25,285,12.25,11.25
CARTRADE,CARTRADEEQN,2796.9,2787.0,2787.0,-9.9,-0.35,388,1081356,3290.5,1600.0
DCMSIL,DCMSILEQN,74.26,74.0,74.0,-0.26,-0.35,468,34632,105.27,49.5
SWIGGY,SWIGGYEQN,278.8,277.8,277.8,-1.0,-0.36,23106,6418846,474.0,235.75
INNOVANA,INNOVANAEQN,307.15,306.05,306.05,-1.1,-0.36,32,9793,564.8,292.8
INDUSINDBK,INDUSINDBKEQN,1010.6,1007.0,1007.0,-3.6,-0.36,1115,1122805,1077.85,710.6
EXIDEIND,EXIDEINDEQN,475.7,474.0,474.0,-1.7,-0.36,4224,2002176,496.4,287.0
SIGNPOST,SIGNPOSTEQN,267.55,266.6,266.6,-0.95,-0.36,76,20261,336.8,191.41
GUJTHEM,GUJTHEMEQN,351.25,350.0,350.0,-1.25,-0.36,592,207200,479.0,225.05
JLHL,JLHLEQN,315.15,314.0,314.0,-1.15,-0.36,32,10048,340.0,235.6
ADFFOODS,ADFFOODSEQN,262.85,261.9,261.9,-0.95,-0.36,28,7333,346.95,153.1
PDSL,PDSLEQN,376.35,375.0,375.0,-1.35,-0.36,306,114750,418.5,246.05
ARVSMART,ARVSMARTEQN,670.35,667.95,667.95,-2.4,-0.36,583,389414,693.8,486.8
VENTIVE,VENTIVEEQN,592.2,590.0,590.0,-2.2,-0.37,5,2950,793.95,542.6
ICICIBANK,ICICIBANKEQN,1415.3,1410.0,1410.0,-5.3,-0.37,35211,49647510,1480.0,1187.6
HDFCBANK,HDFCBANKEQN,729.0,726.3,726.3,-2.7,-0.37,195824,142226971,1020.5,722.0
KUSUMGAR,KUSUMGAREQN,592.25,590.0,590.0,-2.25,-0.38,613,361670,659.5,548.0
ENGINERSIN,ENGINERSINEQN,240.18,239.25,239.25,-0.93,-0.39,2190,523957,267.0,163.55
TTKHLTCARE,TTKHLTCAREEQN,1138.4,1134.0,1134.0,-4.4,-0.39,22,24948,1216.8,735.0
SCHAEFFLER,SCHAEFFLEREQN,4028.9,4013.2,4013.2,-15.7,-0.39,159,638098,4467.7,3518.4
AARVI,AARVIEQN,152.6,152.0,152.0,-0.6,-0.39,10,1520,168.4,111.9
AVANTEL,AVANTELEQN,157.51,156.9,156.9,-0.61,-0.39,2680,420492,215.0,117.05
TTML,TTMLEQN,38.15,38.0,38.0,-0.15,-0.39,11305,429590,60.89,31.22
SUNDRMFAST,SUNDRMFASTEQN,1214.75,1210.0,1210.0,-4.75,-0.39,83,100430,1243.35,730.1
VOLTAS,VOLTASEQN,1267.0,1262.0,1262.0,-5.0,-0.39,7449,9400638,1582.5,1186.8
AJAXENGG,AJAXENGGEQN,567.25,565.0,565.0,-2.25,-0.4,154,87010,728.5,394.8
NIITLTD,NIITLTDEQN,95.63,95.25,95.25,-0.38,-0.4,494,47053,117.75,49.0
DAMCAPITAL,DAMCAPITALEQN,146.39,145.8,145.8,-0.59,-0.4,3027,441336,286.0,119.22
WABAG,WABAGEQN,1897.6,1890.0,1890.0,-7.6,-0.4,634,1198260,2253.5,1033.0
IPCALAB,IPCALABEQN,1884.6,1877.1,1877.1,-7.5,-0.4,2983,5599389,1945.1,1251.6
PATANJALI,PATANJALIEQN,353.9,352.5,352.5,-1.4,-0.4,8047,2836567,615.0,328.2
PANACEABIO,PANACEABIOEQN,413.15,411.45,411.45,-1.7,-0.41,168,69123,647.0,292.4
MOBIKWIK,MOBIKWIKEQN,202.83,202.0,202.0,-0.83,-0.41,1766,356732,334.0,151.46
ITI,ITIEQN,277.25,276.1,276.1,-1.15,-0.41,251,69301,372.85,237.0
FACT,FACTEQN,793.25,790.0,790.0,-3.25,-0.41,809,639110,1058.6,652.1
NCC,NCCEQN,139.4,138.83,138.83,-0.57,-0.41,4524,628066,223.1,130.0
AEROFLEX,AEROFLEXEQN,455.85,454.0,454.0,-1.85,-0.41,2666,1210364,521.9,158.0
VRLLOG,VRLLOGEQN,296.2,295.0,295.0,-1.2,-0.41,182,53690,310.2,225.0
SCODATUBES,SCODATUBESEQN,129.68,129.15,129.15,-0.53,-0.41,1033,133411,187.7,110.0
BATAINDIA,BATAINDIAEQN,758.1,755.0,755.0,-3.1,-0.41,2380,1796900,1282.5,605.0
BIRLACABLE,BIRLACABLEBEN,279.14,278.0,278.0,-1.14,-0.41,91,25298,308.25,104.0
CHOLAHLDNG,CHOLAHLDNGEQN,1576.4,1570.0,1570.0,-6.4,-0.41,111,174270,2064.0,1305.0
SIGIND,SIGINDEQN,71.15,70.85,70.85,-0.3,-0.42,160,11336,74.95,40.66
HAPPSTMNDS,HAPPSTMNDSEQN,426.8,425.0,425.0,-1.8,-0.42,7819,3323075,635.0,330.2
GREAVESCOT,GREAVESCOTEQN,195.01,194.2,194.2,-0.81,-0.42,4168,809425,271.9,119.99
MOTILALOFS,MOTILALOFSEQN,955.0,951.0,951.0,-4.0,-0.42,4645,4417395,1097.1,614.9
INDHOTEL,INDHOTELEQN,720.0,717.0,717.0,-3.0,-0.42,1432,1026744,811.95,565.0
CAPACITE,CAPACITEEQN,211.89,210.99,210.99,-0.9,-0.42,2035,429364,334.0,180.0
GCSL,GCSLEQN,492.4,490.35,490.35,-2.05,-0.42,736,360897,542.8,213.15
PNBHOUSING,PNBHOUSINGEQN,1150.8,1145.9,1145.9,-4.9,-0.43,423,484715,1174.8,729.6
MANAKCOAT,MANAKCOATEQN,121.88,121.35,121.35,-0.53,-0.43,1039,126082,182.82,94.2
BHARTIHEXA,BHARTIHEXAEQN,1641.0,1634.0,1634.0,-7.0,-0.43,156,254904,1955.6,1430.0
GAEL,GAELEQN,172.75,172.0,172.0,-0.75,-0.43,1161,199692,184.03,101.2
KOTAKBANK,KOTAKBANKEQN,392.7,391.0,391.0,-1.7,-0.43,41234,16122494,453.2,345.5
GODREJPROP,GODREJPROPEQN,2054.0,2045.1,2045.1,-8.9,-0.43,1192,2437759,2352.0,1434.0
GRWRHITECH,GRWRHITECHEQN,7030.0,7000.0,7000.0,-30.0,-0.43,131,917000,7990.0,2681.0
BPCL,BPCLEQN,316.65,315.3,315.3,-1.35,-0.43,11600,3657480,391.65,266.6
ROSSELLIND,ROSSELLINDEQN,56.17,55.53,55.53,-0.24,-0.43,340,18880,69.85,40.0
LAGNAM,LAGNAMEQN,77.94,77.6,77.6,-0.34,-0.44,210,16296,96.98,58.6
IDEA,IDEAEQN,13.71,13.65,13.65,-0.06,-0.44,1456170,19876720,15.34,6.18
TANLA,TANLAEQN,573.5,571.0,571.0,-2.5,-0.44,1581,902751,766.0,365.9
LUXIND,LUXINDEQN,1209.0,1203.7,1203.7,-5.3,-0.44,14,16851,1823.35,824.05
SWELECTES,SWELECTESEQN,629.7,626.85,626.85,-2.85,-0.45,20,12537,977.0,483.1
RAILTEL,RAILTELEQN,279.95,278.7,278.7,-1.25,-0.45,2110,588057,412.9,245.0
BHEL,BHELEQN,435.95,434.0,434.0,-1.95,-0.45,61625,26745250,446.5,205.12
KNRCON,KNRCONEQN,134.6,134.0,134.0,-0.6,-0.45,3083,413122,220.0,108.65
CASTROLIND,CASTROLINDEQN,187.55,186.71,186.71,-0.84,-0.45,2362,441009,211.4,170.1
ZFCVINDIA,ZFCVINDIAEQN,2623.7,2612.0,2612.0,-11.7,-0.45,16,41792,3044.0,2050.33
NBCC,NBCCEQN,89.75,89.35,89.35,-0.4,-0.45,23236,2076136,125.85,77.18
MOLBIO,MOLBIOEQN,1041.7,1037.0,1037.0,-4.7,-0.45,17820,18479340,0.0,0.0
NFL,NFLEQN,71.54,71.22,71.22,-0.32,-0.45,4194,298696,102.97,63.35
VIDYAWIRES,VIDYAWIRESEQN,89.4,89.0,89.0,-0.4,-0.45,843,75027,117.35,42.51
LT,LTEQN,4086.7,4086.7,4068.0,-18.7,-0.46,5531,0,4440.0,3288.1
BANKBARODA,BANKBARODAEQN,246.55,245.42,245.42,-1.13,-0.46,9666,2372229,325.5,230.81
MANKIND,MANKINDEQN,2380.9,2370.0,2370.0,-10.9,-0.46,423,1002510,2674.0,1909.7
IZMO,IZMOEQN,916.25,912.0,912.0,-4.25,-0.46,888,809856,1374.7,372.3
MGL,MGLEQN,1129.1,1106.0,1106.0,-5.1,-0.46,1309,1447754,1378.0,900.0
PRITIKAUTO,PRITIKAUTOBEN,17.49,17.41,17.41,-0.08,-0.46,400,6964,20.99,10.41
ULTRACEMCO,ULTRACEMCOEQN,11681.0,11626.0,11626.0,-55.0,-0.47,201,2336826,13110.0,10325.0
SCILAL,SCILALEQN,40.19,40.0,40.0,-0.19,-0.47,3742,149680,55.0,34.3
NESCO,NESCOEQN,1046.3,1041.4,1041.4,-4.9,-0.47,223,232232,1638.9,996.0
HATHWAY,HATHWAYEQN,10.59,10.54,10.54,-0.05,-0.47,10125,106717,15.25,8.76
VERTOZ,VERTOZBEN,35.97,35.8,35.8,-0.17,-0.47,179,6408,88.8,27.02
STLNETWORK,STLNETWORKEQN,25.37,25.25,25.25,-0.12,-0.47,1200,30300,35.4,15.75
JSWCEMENT,JSWCEMENTEQN,127.6,127.0,127.0,-0.6,-0.47,8627,1095629,162.15,106.65
EMMVEE,EMMVEEEQN,320.75,319.25,319.25,-1.5,-0.47,4326,1381075,371.55,171.51
NARMADA,NARMADAEQN,14.45,14.38,14.38,-0.07,-0.48,5461,78529,22.59,9.95
COLPAL,COLPALEQN,1964.0,1954.5,1954.5,-9.5,-0.48,24364,47619438,2504.0,1782.0
RELIGARE,RELIGAREEQN,231.1,230.0,230.0,-1.1,-0.48,902,207460,280.0,196.51
SRF,SRFEQN,2616.0,2603.4,2603.4,-12.6,-0.48,186,484232,3210.0,2355.0
UNIONBANK,UNIONBANKEQN,188.9,187.99,187.99,-0.91,-0.48,15658,2943547,205.49,124.64
BLKASHYAP,BLKASHYAPEQN,53.73,53.47,53.47,-0.26,-0.48,12,641,75.4,40.32
RTNPOWER,RTNPOWEREQN,8.35,8.31,8.31,-0.04,-0.48,54845,455761,12.9,7.52
PATELRMART,PATELRMARTEQN,229.1,228.0,228.0,-1.1,-0.48,1098,250344,305.0,150.25
PRAVEG,PRAVEGEQN,258.9,257.65,257.65,-1.25,-0.48,13,3349,325.0,210.4
MBLINFRA,MBLINFRAEQN,24.38,24.26,24.26,-0.12,-0.49,31,752,52.48,18.37
YATHARTH,YATHARTHEQN,842.85,838.7,838.7,-4.15,-0.49,2010,1685787,919.5,538.25
SALASAR,SALASAREQN,6.07,6.04,6.04,-0.03,-0.49,10754,64954,10.99,5.59
CROMPTON,CROMPTONEQN,246.5,245.3,245.3,-1.2,-0.49,2938,720691,337.5,217.4
ELECTCAST,ELECTCASTEQN,71.95,71.6,71.6,-0.35,-0.49,398,28496,108.71,60.15
TGVSL,TGVSLEQN,106.54,106.02,106.02,-0.52,-0.49,700,74214,111.5,104.05
BLUEDART,BLUEDARTEQN,5125.0,5100.0,5100.0,-25.0,-0.49,24,122400,7036.0,4628.5
ONEPOINT,ONEPOINTEQN,57.21,56.93,56.93,-0.28,-0.49,934,53172,65.85,40.58
SCI,SCIEQN,286.4,285.0,285.0,-1.4,-0.49,9205,2623425,368.75,195.55
FEDFINA,FEDFINAEQN,152.0,151.25,151.25,-0.75,-0.49,639,96648,178.48,119.07
REMSONSIND,REMSONSINDEQN,81.89,81.49,81.49,-0.4,-0.49,12,977,152.45,75.23
TATACAP,TATACAPEQN,359.25,357.5,357.5,-1.75,-0.49,1815,648862,390.2,296.0
OMPOWER,OMPOWEREQN,167.96,167.13,167.13,-0.83,-0.49,51,8523,206.0,158.01
GULFPETRO,GULFPETROBEN,61.57,61.27,61.27,-0.3,-0.49,191,11702,65.88,23.25
HYUNDAI,HYUNDAIEQN,2190.0,2179.1,2179.1,-10.9,-0.5,459,1000206,2890.0,1658.0
CLSEL,CLSELEQN,281.6,280.2,280.2,-1.4,-0.5,49,13729,321.0,203.75
UCOBANK,UCOBANKEQN,26.11,25.98,25.98,-0.13,-0.5,10020,260319,34.2,22.22
CAMLINFINE,CAMLINFINEEQN,114.11,113.54,113.54,-0.57,-0.5,5866,666025,235.0,96.21
TIPSFILMS,TIPSFILMSEQN,341.55,339.85,339.85,-1.7,-0.5,2,679,574.1,276.75
NYKAA,NYKAAEQN,327.05,325.4,325.4,-1.65,-0.5,3061,996049,348.0,215.59
GLENMARK,GLENMARKEQN,2329.0,2317.4,2317.4,-11.6,-0.5,139,322118,2474.0,1792.6
SKIPPER,SKIPPEREQN,530.7,528.05,528.05,-2.65,-0.5,322,170032,593.0,327.05
CAPITALSFB,CAPITALSFBEQN,281.55,280.15,280.15,-1.4,-0.5,15,4202,323.7,206.55
ZYDUSWELL,ZYDUSWELLEQN,510.15,507.6,507.6,-2.55,-0.5,25,12690,611.85,367.55
WAKEFIT,WAKEFITEQN,124.63,124.01,124.01,-0.62,-0.5,1573,195067,224.0,111.4
CANHLIFE,CANHLIFEEQN,148.9,148.15,148.15,-0.75,-0.5,515,76297,166.69,106.0
SMCGLOBAL,SMCGLOBALEQN,80.41,80.0,80.0,-0.41,-0.51,9,720,94.9,54.44
AZAD,AZADEQN,2899.9,2885.0,2885.0,-14.9,-0.51,3837,11069745,2986.6,1360.0
OSWALPUMPS,OSWALPUMPSEQN,304.0,302.45,302.45,-1.55,-0.51,959,290049,888.4,283.1
JPPOWER,JPPOWEREQN,17.39,17.3,17.3,-0.09,-0.52,144924,2507185,24.5,13.15
BANKINDIA,BANKINDIAEQN,143.75,143.0,143.0,-0.75,-0.52,12312,1760616,178.36,109.85
RUBICON,RUBICONEQN,1798.7,1789.3,1789.3,-9.4,-0.52,3123,5587983,1808.0,570.75
AEROPLANE,AEROPLANEEQN,182.85,181.9,181.9,-0.95,-0.52,148,26921,206.9,117.02
LAXMIINDIA,LAXMIINDIAEQN,136.56,135.85,135.85,-0.71,-0.52,1160,157586,180.9,71.06
SANATHAN,SANATHANEQN,463.5,461.05,461.05,-2.45,-0.53,157,72384,551.95,352.6
HCLTECH,HCLTECHEQN,1325.0,1318.0,1318.0,-7.0,-0.53,10455,13779690,1780.1,1030.0
SHREDIGCEM,SHREDIGCEMEQN,70.47,70.1,70.1,-0.37,-0.53,25,1752,107.7,53.9
CAMS,CAMSEQN,776.25,772.1,772.1,-4.15,-0.53,1340,1034614,844.9,611.4
EXPLEOSOL,EXPLEOSOLEQN,923.05,918.0,918.0,-5.05,-0.55,2856,2621808,1175.1,640.0
CEWATER,CEWATEREQN,275.0,273.5,273.5,-1.5,-0.55,111,30358,579.0,235.0
RPTECH,RPTECHEQN,871.85,867.05,867.05,-4.8,-0.55,765,663293,967.7,276.0
EDELWEISS,EDELWEISSEQN,122.67,122.0,122.0,-0.67,-0.55,4664,569008,133.9,93.5
SHANTIGEAR,SHANTIGEAREQN,393.35,391.2,391.2,-2.15,-0.55,43,16821,598.9,388.45
NMDC,NMDCEQN,85.5,85.03,85.03,-0.47,-0.55,145171,12343890,97.49,68.19
BLUEJET,BLUEJETEQN,593.2,589.95,589.95,-3.25,-0.55,149,87902,792.0,325.0
INDIGRID,INDIGRIDIVN,176.98,176.0,176.0,-0.98,-0.55,18627,3278352,180.9,158.75
EQUITASBNK,EQUITASBNKEQN,74.92,74.5,74.5,-0.42,-0.56,18005,1341372,83.9,50.0
BALAJITELE,BALAJITELEEQN,92.72,92.2,92.2,-0.52,-0.56,109,10049,141.32,69.52
IEX,IEXEQN,125.3,124.6,124.6,-0.7,-0.56,11975,1492085,160.27,114.6
MMTC,MMTCEQN,63.81,63.45,63.45,-0.36,-0.56,6689,424417,78.35,50.1
RHFL,RHFLBZN,1.78,1.77,1.77,-0.01,-0.56,8010,14177,5.51,1.71
TMB,TMBEQN,843.7,839.0,839.0,-4.7,-0.56,113,94807,917.0,411.8
PVP,PVPEQN,37.01,36.8,36.8,-0.21,-0.57,1503,55310,39.41,18.49
HINDPETRO,HINDPETROEQN,371.0,368.9,368.9,-2.1,-0.57,31359,11568335,508.45,316.2
GPTINFRA,GPTINFRAEQN,115.06,114.4,114.4,-0.66,-0.57,12,1372,150.0,96.22
TCS,TCSEQN,2313.2,2300.0,2300.0,-13.2,-0.57,19085,43895500,3350.0,1976.8
NITCO,NITCOEQN,92.54,92.01,92.01,-0.53,-0.57,280,25762,135.6,64.0
REFEX,REFEXEQN,302.75,301.0,301.0,-1.75,-0.58,973,292873,415.0,188.0
IGIL,IGILEQN,355.15,353.05,353.05,-2.1,-0.59,341,120390,392.0,287.0
MOIL,MOILEQN,272.8,271.2,271.2,-1.6,-0.59,934,253300,404.9,242.35
DRREDDY,DRREDDYEQN,1192.0,1185.0,1185.0,-7.0,-0.59,1400,1659000,1414.9,1101.0
SHALBY,SHALBYEQN,153.16,152.26,152.26,-0.9,-0.59,51,7765,274.7,125.82
SILINV,SILINVEQN,449.65,447.0,447.0,-2.65,-0.59,14,6258,767.0,380.0
HUDCO,HUDCOEQN,189.01,187.9,187.9,-1.11,-0.59,4733,889330,246.85,159.0
COMSYN,COMSYNEQN,281.69,280.0,280.0,-1.69,-0.6,342,95760,298.0,133.0
KMEW,KMEWEQN,2756.5,2740.0,2740.0,-16.5,-0.6,750,2055000,2999.9,825.1
TVSSRICHAK,TVSSRICHAKEQN,4868.9,4839.8,4839.8,-29.1,-0.6,648,3136190,4925.0,2812.0
DCI,DCIEQN,382.35,380.0,380.0,-2.35,-0.61,23,8740,475.0,208.98
DENTA,DENTAEQN,287.05,285.3,285.3,-1.75,-0.61,1099,313544,479.6,222.0
CHOLAFIN,CHOLAFINEQN,1884.7,1873.2,1873.2,-11.5,-0.61,754,1412392,1952.5,1299.4
MAHLOG,MAHLOGEQN,404.95,402.5,402.5,-2.45,-0.61,68,27370,450.0,275.05
COFORGE,COFORGEEQN,1806.0,1795.0,1795.0,-11.0,-0.61,4237,7605415,1989.7,1008.1
AGARIND,AGARINDEQN,499.6,496.55,496.55,-3.05,-0.61,160,79448,1006.0,360.0
KAJARIACER,KAJARIACEREQN,1251.6,1243.9,1243.9,-7.7,-0.62,314,390584,1309.7,869.6
ICICIPRULI,ICICIPRULIEQN,507.0,503.85,503.85,-3.15,-0.62,548,276109,706.8,459.5
URJA,URJAEQN,9.46,9.4,9.4,-0.06,-0.63,1713,16102,14.45,8.0
SAREGAMA,SAREGAMAEQN,523.4,520.1,520.1,-3.3,-0.63,637,331303,574.5,307.05
SAICAPI,SAICAPIEQN,149.95,149.0,149.0,-0.95,-0.63,1,149,149.95,149.95
BHARTIARTL,BHARTIARTLEQN,1969.3,1956.7,1956.7,-12.6,-0.64,100803,197241230,2174.5,1740.5
STEELXIND,STEELXINDEQN,10.92,10.85,10.85,-0.07,-0.64,628,6813,13.95,7.0
ORIENTCER,ORIENTCEREQN,44.08,43.8,43.8,-0.28,-0.64,501,21943,56.64,34.0
GOLDIAM,GOLDIAMEQN,374.4,372.0,372.0,-2.4,-0.64,1477,549444,398.2,198.75
PTCIL,PTCILEQN,20584.0,20451.0,20451.0,-133.0,-0.65,258,5276358,20750.0,13251.0
JMFINANCIL,JMFINANCILEQN,127.91,127.08,127.08,-0.83,-0.65,7947,1009904,199.8,112.0
SPMLINFRA,SPMLINFRAEQN,197.0,195.7,195.7,-1.3,-0.66,445,87086,309.9,151.01
JAIBALAJI,JAIBALAJIEQN,69.96,69.5,69.5,-0.46,-0.66,327,22726,109.72,53.65
PRECAM,PRECAMEQN,134.65,133.75,133.75,-0.9,-0.67,600,80250,262.0,103.98
INNOVISION,INNOVISIONEQN,276.9,275.05,275.05,-1.85,-0.67,116,31905,470.0,274.0
AAKASH,AAKASHEQN,8.77,8.71,8.71,-0.06,-0.68,607,5286,13.4,7.21
HIRECT,HIRECTEQN,1258.6,1250.0,1250.0,-8.6,-0.68,132,165000,1399.0,565.2
HFCL,HFCLEQN,219.5,218.01,218.01,-1.49,-0.68,43497,9482780,230.95,59.82
AFCONS,AFCONSEQN,271.7,269.85,269.85,-1.85,-0.68,4707,1270183,479.4,259.1
NOCIL,NOCILEQN,163.71,162.6,162.6,-1.11,-0.68,652,106015,204.5,125.31
DREAMFOLKS,DREAMFOLKSEQN,65.85,65.4,65.4,-0.45,-0.68,764,49965,160.0,56.0
PIRAMALFIN,PIRAMALFINEQN,2066.1,2052.0,2052.0,-14.1,-0.68,127,260604,2220.0,1260.0
PARACABLES,PARACABLESEQN,63.55,63.11,63.11,-0.44,-0.69,1706,107665,75.7,28.3
TATACOMM,TATACOMMEQN,1711.9,1700.1,1700.1,-11.8,-0.69,701,1191770,2110.0,1322.5
SUPRAJIT,SUPRAJITEQN,520.75,517.1,517.1,-3.65,-0.7,86,44470,559.25,389.95
DCBBANK,DCBBANKEQN,184.09,182.8,182.8,-1.29,-0.7,1728,315878,205.9,119.51
SHAREINDIA,SHAREINDIAEQN,174.96,173.74,173.74,-1.22,-0.7,774,134474,211.0,115.36
RVNL,RVNLEQN,228.5,226.2,226.2,-1.59,-0.7,17904,4049884,400.7,220.16
TOLINS,TOLINSEQN,97.08,96.4,96.4,-0.68,-0.7,31,2988,202.0,83.04
SHRIRAMFIN,SHRIRAMFINEQN,1122.0,1114.0,1114.0,-8.0,-0.71,8614,9595996,1153.7,566.5
MAXIND,MAXINDEQN,150.33,149.27,149.27,-1.06,-0.71,145,21644,241.57,120.0
GHCLTEXTIL,GHCLTEXTILEQN,120.08,119.23,119.23,-0.85,-0.71,743,88587,124.9,65.26
ARVINDFASN,ARVINDFASNEQN,444.15,441.0,441.0,-3.15,-0.71,329,145089,579.0,366.2
HINDCOPPER,HINDCOPPEREQN,572.65,568.6,568.6,-4.05,-0.71,75695,43040177,760.05,226.7
GENUSPOWER,GENUSPOWEREQN,318.25,316.0,316.0,-2.25,-0.71,2506,791896,364.5,210.4
NSIL,NSILEQN,5555.0,5515.0,5515.0,-40.0,-0.72,2,11030,8730.0,4700.0
TMCV,TMCVEQN,470.4,467.0,467.0,-3.4,-0.72,24604,11490068,509.0,306.3
MMWL,MMWLEQN,15.21,15.1,15.1,-0.11,-0.72,503,7595,16.57,9.02
ONIDA,ONIDAEQN,36.02,35.76,35.76,-0.26,-0.72,830,29680,49.23,21.5
NIVABUPA,NIVABUPAEQN,82.71,82.11,82.11,-0.6,-0.73,848,69629,91.4,67.5
ANANTRAJ,ANANTRAJEQN,627.55,623.0,623.0,-4.55,-0.73,2713,1690199,743.65,403.0
MOLDTECH,MOLDTECHBEN,179.6,178.29,178.29,-1.31,-0.73,402,71672,221.0,101.1
GREENLAM,GREENLAMEQN,252.8,250.95,250.95,-1.85,-0.73,2,501,278.63,197.59
WSTCSTPAPR,WSTCSTPAPREQN,605.5,601.1,601.1,-4.4,-0.73,467,280713,645.0,375.0
CITIUSINVT,CITIUSINVTIVN,113.88,113.05,113.05,-0.83,-0.73,50,5652,114.37,101.5
ELIN,ELINEQN,102.28,101.53,101.53,-0.75,-0.73,398,40408,234.0,93.65
IPL,IPLEQN,141.05,140.0,140.0,-1.05,-0.74,196,27440,245.84,125.0
RUPA,RUPAEQN,149.1,148.0,148.0,-1.1,-0.74,233,34484,212.84,109.21
HGS,HGSEQN,413.05,410.0,410.0,-3.05,-0.74,16,6560,556.0,342.05
IKIO,IKIOEQN,201.74,200.25,200.25,-1.49,-0.74,100,20025,252.9,103.53
EMIL,EMILEQN,192.42,191.0,191.0,-1.42,-0.74,4330,827030,196.74,84.9
ATULAUTO,ATULAUTOEQN,498.0,494.25,494.25,-3.75,-0.75,1027,507594,596.55,380.05
RAMAPHO,RAMAPHOEQN,121.52,120.61,120.61,-0.91,-0.75,145,17488,217.19,103.5
SUNTECK,SUNTECKEQN,299.55,297.3,297.3,-2.25,-0.75,336,99892,473.0,270.75
KTKBANK,KTKBANKEQN,306.5,304.2,304.2,-2.3,-0.75,2871,873358,316.8,169.12
HPL,HPLEQN,312.35,310.0,310.0,-2.35,-0.75,1088,337280,517.75,255.55
IXIGO,IXIGOEQN,172.51,171.2,171.2,-1.31,-0.76,3688,631385,339.15,151.27
STYLAMIND,STYLAMINDEQN,3582.4,3555.0,3555.0,-27.4,-0.76,55,195525,4150.0,1594.1
CYIENT,CYIENTEQN,868.0,861.4,861.4,-6.6,-0.76,512,441036,1284.7,750.3
TAJGVK,TAJGVKEQN,337.5,334.95,334.95,-2.55,-0.76,230,77038,512.65,281.35
JNKINDIA,JNKINDIAEQN,476.35,472.7,472.7,-3.65,-0.77,886,418812,558.0,200.92
CIEINDIA,CIEINDIAEQN,411.3,408.1,408.1,-3.2,-0.78,139,56725,526.0,381.1
PRECWIRE,PRECWIREEQN,457.75,454.2,454.2,-3.55,-0.78,1506,684025,474.9,170.15
ABSLAMC,ABSLAMCEQN,1019.0,1011.0,1011.0,-8.0,-0.79,235,237585,1224.9,708.0
DELTACORP,DELTACORPEQN,60.18,59.7,59.7,-0.48,-0.8,7447,444585,98.8,48.3
NAUKRI,NAUKRIEQN,1355.8,1345.0,1345.0,-10.8,-0.8,4814,6474830,1437.8,908.3
AMBIKCO,AMBIKCOEQN,1615.9,1603.0,1603.0,-12.9,-0.8,34,54502,1931.0,1101.0
SINDHUTRAD,SINDHUTRADEQN,23.79,23.6,23.6,-0.19,-0.8,690,16284,32.74,17.64
INNOVACAP,INNOVACAPEQN,1038.45,1030.1,1030.1,-8.35,-0.8,84,86528,1120.0,622.0
TTL,TTLEQN,6.15,6.1,6.1,-0.05,-0.81,168,1024,11.8,5.5
PGEL,PGELEQN,614.0,609.0,609.0,-5.0,-0.81,5289,3221001,644.4,436.55
TATAPOWER,TATAPOWEREQN,381.5,378.4,378.4,-3.1,-0.81,20521,7765146,464.9,342.5
STERTOOLS,STERTOOLSBEN,221.9,220.1,220.1,-1.8,-0.81,64,14086,361.95,155.0
ARFIN,ARFINEQN,83.69,83.0,83.0,-0.69,-0.82,10,830,106.2,32.0
INDIANB,INDIANBEQN,881.2,874.0,874.0,-7.2,-0.82,3614,3158636,1000.9,642.6
KROSS,KROSSEQN,205.2,203.5,203.5,-1.7,-0.83,590,120065,237.6,150.52
MINDTECK,MINDTECKEQN,175.45,174.0,174.0,-1.45,-0.83,41,7134,307.68,145.13
SBFC,SBFCEQN,93.95,93.17,93.17,-0.78,-0.83,614,57206,123.0,79.6
PVSL,PVSLEQN,115.9,114.94,114.94,-0.96,-0.83,110,12643,163.0,82.41
AGIIL,AGIILEQN,301.5,299.0,299.0,-2.5,-0.83,959,286741,434.4,224.7
AGI,AGIEQN,716.5,710.55,710.55,-5.95,-0.83,155,110135,967.0,465.0
RPOWER,RPOWEREQN,22.72,22.53,22.53,-0.19,-0.84,121640,2740549,50.85,20.17
CANBK,CANBKEQN,131.1,130.0,130.0,-1.1,-0.84,68594,8917220,162.89,103.55
NEOGEN,NEOGENEQN,2270.1,2251.1,2251.1,-19.0,-0.84,1015,2284866,2374.0,966.7
ANAWIL,ANAWILSTN,423.45,419.9,419.9,-3.55,-0.84,800,335920,437.8,313.2
DEVIT,DEVITEQN,26.02,25.8,25.8,-0.22,-0.85,600,15480,50.89,22.25
CARYSIL,CARYSILEQN,1155.8,1146.0,1146.0,-9.8,-0.85,591,677286,1280.9,732.1
ADVENZYMES,ADVENZYMESEQN,305.6,303.0,303.0,-2.6,-0.85,364,110292,419.0,251.95
ALANKIT,ALANKITEQN,8.17,8.1,8.1,-0.07,-0.86,72,583,14.94,6.8
FIVESTAR,FIVESTAREQN,537.75,533.1,533.1,-4.65,-0.86,341,181787,666.0,338.15
ELGIRUBCO,ELGIRUBCOEQN,59.11,58.6,58.6,-0.51,-0.86,4,234,90.5,32.72
MANINFRA,MANINFRAEQN,104.12,103.21,103.21,-0.91,-0.87,2531,261224,169.6,77.12
AEPL,AEPLEQN,14.93,14.8,14.8,-0.13,-0.87,22,325,20.25,13.25
DREDGECORP,DREDGECORPEQN,1160.5,1150.3,1150.3,-10.2,-0.88,95,109278,1286.0,538.0
XPROINDIA,XPROINDIAEQN,1103.7,1094.0,1094.0,-9.7,-0.88,5,5470,1574.8,788.05
LASERPOWER,LASERPOWEREQN,324.35,321.5,321.5,-2.85,-0.88,9890,3179635,329.95,250.0
AEGISVOPAK,AEGISVOPAKEQN,269.5,267.1,267.1,-2.4,-0.89,732,195517,311.49,158.0
ICEMAKE,ICEMAKEEQN,722.45,716.0,716.0,-6.45,-0.89,263,188308,920.0,660.3
GEEKAYWIRE,GEEKAYWIREEQN,23.26,23.05,23.05,-0.21,-0.9,910,20975,40.63,18.51
RAYMONDREL,RAYMONDRELEQN,581.05,575.8,575.8,-5.25,-0.9,949,546434,734.9,349.0
TBZ,TBZEQN,243.7,241.5,241.5,-2.2,-0.9,987,238360,295.7,110.5
ASIANPAINT,ASIANPAINTEQN,2687.5,2663.1,2663.1,-24.4,-0.91,6195,16497904,2985.7,2115.0
INFOBEAN,INFOBEANEQN,160.15,158.67,158.67,-1.48,-0.92,667,105832,257.5,116.5
STARHEALTH,STARHEALTHEQN,584.25,578.85,578.85,-5.4,-0.92,1125,651206,624.9,416.55
TEAMLEASE,TEAMLEASEEQN,1239.6,1228.1,1228.1,-11.5,-0.93,26,31930,1944.3,1065.2
GOKULAGRO,GOKULAGROEQN,231.66,229.5,229.5,-2.16,-0.93,1147,263236,249.92,149.03
UTKARSHBNK,UTKARSHBNKEQN,14.04,13.91,13.91,-0.13,-0.93,6824,94921,22.03,10.12
RNBDENIMS,RNBDENIMSEQN,8.58,8.5,8.5,-0.08,-0.93,1012,8602,67.67,8.52
MEESHO,MEESHOEQN,193.82,192.01,192.01,-1.81,-0.93,13526,2597127,254.4,125.56
KRONOX,KRONOXEQN,151.52,150.1,150.1,-1.42,-0.94,63,9456,180.5,96.0
ORISSAMINE,ORISSAMINEEQN,4871.1,4825.1,4825.1,-46.0,-0.94,50,241255,6138.9,3100.5
DELHIVERY,DELHIVERYEQN,456.0,451.65,451.65,-4.35,-0.95,9521,4300159,524.0,374.45
GVPIL,GVPILEQN,731.15,724.2,724.2,-6.95,-0.95,718,519975,1084.0,270.9
EMBDL,EMBDLEQN,63.11,62.5,62.5,-0.61,-0.97,3809,238062,105.7,39.46
JWL,JWLEQN,252.65,250.2,250.2,-2.45,-0.97,3257,814901,372.85,235.65
EUROPRATIK,EUROPRATIKEQN,283.75,281.0,281.0,-2.75,-0.97,120,33720,390.0,205.1
WELSPLSOL,WELSPLSOLEQN,48.47,48.0,48.0,-0.47,-0.97,10,480,63.25,36.0
INDGN,INDGNEQN,561.75,556.3,556.3,-5.45,-0.97,970,539611,596.8,414.0
RAYMONDLSL,RAYMONDLSLEQN,762.1,754.65,754.65,-7.45,-0.98,197,148666,1350.0,677.0
SNOWMAN,SNOWMANEQN,38.63,38.25,38.25,-0.38,-0.98,1084,41463,59.8,30.5
BIRLAMONEY,BIRLAMONEYEQN,129.87,128.6,128.6,-1.27,-0.98,23,2957,197.39,95.0
STARCEMENT,STARCEMENTEQN,199.06,197.1,197.1,-1.96,-0.98,1294,255047,308.95,195.91
BIRLACORPN,BIRLACORPNEQN,901.8,893.0,893.0,-8.8,-0.98,125,111625,1346.1,769.6
NILE,NILEEQN,1477.6,1463.1,1463.1,-14.5,-0.98,5,7315,2018.9,1445.7
AGSTRA,AGSTRABZN,2.02,2.0,2.0,-0.02,-0.99,7500,15000,6.19,1.97
MVGJL,MVGJLEQN,152.64,151.12,151.12,-1.52,-1.0,151,22819,214.79,129.1
KAMDHENU,KAMDHENUBEN,33.85,33.51,33.51,-0.34,-1.0,465,15582,37.06,16.15
BSE,BSEEQN,3332.0,3298.7,3298.7,-33.3,-1.0,28346,93504950,4446.8,2021.5
MHRIL,MHRILEQN,224.89,222.65,222.65,-2.24,-1.0,3038,676410,368.9,207.9
LGEINDIA,LGEINDIAEQN,1667.6,1651.0,1651.0,-16.6,-1.0,4482,7399782,1755.0,1304.1
INTENTECH,INTENTECHEQN,79.81,79.0,79.0,-0.81,-1.01,11,869,149.9,66.3
ALLTIME,ALLTIMEEQN,213.14,210.98,210.98,-2.16,-1.01,400,84392,334.9,186.0
ASHOKAMET,ASHOKAMETEQN,13.77,13.63,13.63,-0.14,-1.02,100,1363,21.0,12.13
INDORAMA,INDORAMAEQN,54.76,54.2,54.2,-0.56,-1.02,468,25365,75.0,29.0
OSWALSEEDS,OSWALSEEDSEQN,13.59,13.45,13.45,-0.14,-1.03,7465,100404,20.28,9.66
ALPINETEX,ALPINETEXEQN,57.14,56.55,56.55,-0.59,-1.03,811,45862,105.0,55.25
TIGERLOGS,TIGERLOGSEQN,27.08,26.8,26.8,-0.28,-1.03,46,1232,56.69,22.9
SANGAMIND,SANGAMINDEQN,592.45,586.2,586.2,-6.25,-1.05,25,14655,672.5,341.55
INDIGO,INDIGOEQN,5275.5,5220.0,5220.0,-55.5,-1.05,1901,9923220,6232.5,3895.2
AAVAS,AAVASEQN,1389.8,1375.0,1375.0,-14.8,-1.06,98,134750,1771.9,1060.4
DRAGARWQ,DRAGARWQEQN,5294.0,5238.0,5238.0,-56.0,-1.06,1,5238,6059.7,4600.0
SMLMAH,SMLMAHEQN,5321.0,5264.5,5264.5,-56.5,-1.06,358,1884691,5987.9,2719.0
KAYA,KAYAEQN,336.65,333.0,333.0,-3.65,-1.08,1028,342324,487.9,224.01
SUMMITSEC,SUMMITSECEQN,1445.7,1430.0,1430.0,-15.7,-1.09,10,14300,2495.0,1312.0
SOMATEX,SOMATEXEQN,91.0,90.01,90.01,-0.99,-1.09,20,1800,161.25,62.15
MERCURYEV,MERCURYEVEQN,35.59,35.2,35.2,-0.39,-1.1,561,19747,38.49,30.16
AMANTA,AMANTABEN,164.13,162.3,162.3,-1.83,-1.11,4925,799327,189.0,92.0
C2C,C2CSMN,245.3,242.55,242.55,-2.75,-1.12,300,72765,888.0,241.2
KSOLVES,KSOLVESEQN,274.1,271.0,271.0,-3.1,-1.13,1816,492136,354.85,245.75
MOSCHIP,MOSCHIPEQN,211.72,209.3,209.3,-2.42,-1.14,10410,2178813,288.45,146.8
BOROLTD,BOROLTDEQN,244.81,242.02,242.02,-2.79,-1.14,137,33156,397.95,213.73
BUTTERFLY,BUTTERFLYEQN,655.9,648.4,648.4,-7.5,-1.14,71,46036,823.85,565.8
AXTEL,AXTELEQN,418.0,413.15,413.15,-4.85,-1.16,5,2065,424.95,403.0
PPL,PPLBEN,272.65,269.5,269.5,-3.15,-1.16,120,32340,350.8,163.21
KISSHT,KISSHTEQN,304.6,301.05,301.05,-3.55,-1.17,2961,891409,351.5,190.0
JHS,JHSEQN,8.45,8.35,8.35,-0.1,-1.18,425,3548,13.9,6.26
STANLEY,STANLEYEQN,136.65,135.02,135.02,-1.63,-1.19,518,69940,320.45,123.0
CUBEXTUB,CUBEXTUBEQN,83.22,82.23,82.23,-0.99,-1.19,167,13732,143.69,73.1
SIMPLEXINF,SIMPLEXINFEQN,251.31,248.31,248.31,-3.0,-1.19,25,6207,330.0,137.0
NOVAAGRI,NOVAAGRIBEN,25.71,25.4,25.4,-0.31,-1.21,1672,42468,53.74,18.12
MANAKALUCO,MANAKALUCOEQN,38.11,37.65,37.65,-0.46,-1.21,133,5007,68.12,21.73
FLAIR,FLAIREQN,255.1,252.0,252.0,-3.1,-1.22,294,74088,348.8,242.9
DCM,DCMBEN,82.08,81.08,81.08,-1.0,-1.22,15,1216,105.0,55.0
ARIES,ARIESEQN,434.65,429.3,429.3,-5.35,-1.23,102,43788,459.9,285.35
MGEL,MGELBEN,14.68,14.5,14.5,-0.18,-1.23,39,565,18.4,9.53
AVTNPL,AVTNPLEQN,88.1,87.0,87.0,-1.1,-1.25,6556,570372,89.0,53.5
IVALUE,IVALUEEQN,279.1,275.6,275.6,-3.5,-1.25,315,86814,340.0,207.35
VHL,VHLEQN,3473.8,3430.0,3430.0,-43.8,-1.26,1,3430,4275.0,2870.0
DONEAR,DONEAREQN,87.64,86.51,86.51,-1.13,-1.29,3,259,116.51,77.6
KRISHIVAL,KRISHIVALEQN,408.3,403.0,403.0,-5.3,-1.3,8075,3254225,483.81,282.3
DPABHUSHAN,DPABHUSHANEQN,1403.8,1385.6,1385.6,-18.2,-1.3,43,59580,1719.9,866.1
DEEDEV,DEEDEVEQN,650.55,642.05,642.05,-8.5,-1.31,238,152807,760.0,183.0
TECHNOCRAF,TECHNOCRAFEQN,299.94,296.0,296.0,-3.94,-1.31,8112,2401152,334.4,284.0
FLYSBS,FLYSBSSMN,527.0,520.1,520.1,-6.9,-1.31,1200,624120,790.0,355.25
JISLDVREQS,JISLDVREQSEQN,21.28,21.0,21.0,-0.28,-1.32,11,231,35.48,18.5
AQYLON,AQYLONEQN,21.79,21.5,21.5,-0.29,-1.33,1000,21500,224.7,21.79
BHAGCHEM,BHAGCHEMEQN,288.75,284.9,284.9,-3.85,-1.33,215,61253,316.9,170.6
AJMERA,AJMERAEQN,118.7,117.1,117.1,-1.6,-1.35,1984,232326,221.4,98.03
INFY,INFYEQN,1139.9,1124.5,1124.5,-15.4,-1.35,64033,72005108,1728.0,982.4
PARSVNATH,PARSVNATHBEN,1.47,1.45,1.45,-0.02,-1.36,6185,8968,18.75,1.47
HEALTHX,HEALTHXEQN,291.5,287.55,287.55,-3.95,-1.36,3,862,363.0,252.5
GEECEE,GEECEEBEN,368.8,363.7,363.7,-5.1,-1.38,9,3273,393.9,215.85
WEL,WELEQN,145.74,143.71,143.71,-2.03,-1.39,39,5604,183.53,75.01
NDTV,NDTVEQN,76.34,75.28,75.28,-1.06,-1.39,250,18820,134.5,58.75
IWP,IWPEQN,34.48,34.0,34.0,-0.48,-1.39,1,34,39.15,28.0
IRMENERGY,IRMENERGYEQN,292.1,288.0,288.0,-4.1,-1.4,352,101376,393.0,165.4
JSLL,JSLLEQN,517.3,510.05,510.05,-7.25,-1.4,826,421301,849.5,492.0
THAKDEV,THAKDEVEQN,154.18,152.0,152.0,-2.18,-1.41,2,304,163.01,115.1
KRN,KRNEQN,1539.7,1517.7,1517.7,-22.0,-1.43,4541,6891875,1541.7,589.8
WARDINMOBI,WARDINMOBIEQN,6.25,6.16,6.16,-0.09,-1.44,2686,16545,6.5,5.25
DHOOTTRANS,DHOOTTRANSEQN,1187.05,1170.0,1170.0,-17.05,-1.44,19198,22461660,0.0,0.0
ANSALAPI,ANSALAPIBZN,3.39,3.34,3.34,-0.05,-1.47,4,13,5.55,2.51
SILVERTUC,SILVERTUCEQN,197.27,194.33,194.33,-2.94,-1.49,643,124954,216.8,66.19
LTM,LTMEQN,4700.0,4630.0,4630.0,-70.0,-1.49,616,2852080,6429.5,3528.0
CHEMPLASTS,CHEMPLASTSEQN,181.73,179.01,179.01,-2.72,-1.5,864,154664,460.8,170.02
SUPREMEINF,SUPREMEINFEQN,90.66,89.3,89.3,-1.36,-1.5,251,22414,124.81,58.11
RITCO,RITCOEQN,292.5,288.05,288.05,-4.45,-1.52,718,206819,318.0,167.1
HECPROJECT,HECPROJECTEQN,119.89,118.05,118.05,-1.84,-1.53,11,1298,173.47,92.1
MAFATIND,MAFATINDEQN,124.21,122.3,122.3,-1.91,-1.54,12,1467,157.77,119.6
CINEVISTA,CINEVISTAEQN,14.8,14.57,14.57,-0.23,-1.55,156,2272,22.8,12.16
NIBL,NIBLEQN,32.72,32.21,32.21,-0.51,-1.56,32,1030,40.8,24.06
GLOTTIS,GLOTTISBEN,66.1,65.07,65.07,-1.03,-1.56,114,7417,93.0,37.0
PNGSREVA,PNGSREVAEQN,576.45,567.2,567.2,-9.25,-1.6,551,312527,644.0,324.25
FOSECOIND,FOSECOINDEQN,5641.0,5550.0,5550.0,-91.0,-1.61,125,693750,6846.0,4300.0
AARTECH,AARTECHBEN,50.82,50.0,50.0,-0.82,-1.61,40,2000,64.75,33.51
FREDUN,FREDUNEQN,1474.0,1450.1,1450.1,-23.9,-1.62,24,34802,1590.0,1460.0
SIGACHI,SIGACHIEQN,26.35,25.91,25.91,-0.44,-1.67,1600,41456,46.73,16.65
SSDL,SSDLEQN,61.38,60.35,60.35,-1.03,-1.68,727,43874,98.0,46.15
FINKURVE,FINKURVEEQN,72.93,71.7,71.7,-1.23,-1.69,218,15630,134.9,48.02
ARCHIES,ARCHIESEQN,13.49,13.26,13.26,-0.23,-1.7,10,132,24.38,10.86
ACL,ACLEQN,45.94,45.16,45.16,-0.78,-1.7,12,541,109.99,40.5
MODIRUBBER,MODIRUBBEREQN,117.1,115.1,115.1,-2.0,-1.71,7,805,167.5,98.41
VMSTMT,VMSTMTEQN,49.85,49.0,49.0,-0.85,-1.71,223,10927,105.0,33.5
LOTUSDEV,LOTUSDEVBEN,169.97,167.02,167.02,-2.95,-1.74,1140,190402,207.5,102.2
INSPIRISYS,INSPIRISYSBEN,91.6,90.0,90.0,-1.6,-1.75,1,90,133.9,69.92
KSCL,KSCLEQN,772.3,758.7,758.7,-13.6,-1.76,9599,7282761,1225.0,705.1
LFIC,LFICEQN,140.7,138.21,138.21,-2.49,-1.77,35,4837,240.9,111.0
KAVDEFENCE,KAVDEFENCEEQN,56.61,55.6,55.6,-1.01,-1.78,694,38586,162.87,51.51
GAYAPROJ,GAYAPROJBEN,22.2,21.8,21.8,-0.4,-1.8,19343,421677,26.0,8.21
NSLNISP,NSLNISPEQN,41.76,41.0,41.0,-0.76,-1.82,116328,4769448,53.75,33.01
SMLT,SMLTEQN,70.29,69.0,69.0,-1.29,-1.84,100,6900,122.85,56.61
BEARDSELL,BEARDSELLEQN,24.87,24.41,24.41,-0.46,-1.85,37,903,38.6,20.02
CEIGALL,CEIGALLEQN,315.95,310.0,310.0,-5.95,-1.88,2316,717960,405.7,222.61
IDEAFORGE,IDEAFORGEEQN,795.1,780.0,780.0,-15.1,-1.9,6806,5308680,992.25,366.0
ODIGMA,ODIGMAEQN,22.64,22.21,22.21,-0.43,-1.9,10,222,56.09,20.0
A2ZINFRA,A2ZINFRAEQN,14.49,14.21,14.21,-0.28,-1.93,1061,15076,22.64,12.0
NETWEB,NETWEBEQN,5212.4,5110.0,5110.0,-102.4,-1.96,11734,59960740,5269.0,2037.3
ABAN,ABANBEN,18.1,17.74,17.74,-0.36,-1.99,575,10200,52.14,12.89
RELINFRA,RELINFRABEN,65.78,64.47,64.47,-1.31,-1.99,1563,100766,303.0,60.04
COMFINTE,COMFINTEEQN,6.53,6.4,6.4,-0.13,-1.99,4659,29817,9.19,5.21
PPAP,PPAPBEN,280.0,274.4,274.4,-5.6,-2.0,15,4116,379.5,176.0
WEBELSOLAR,WEBELSOLAREQN,82.8,81.14,81.14,-1.66,-2.0,17603,1428307,141.5,50.4
TURTLEMINT,TURTLEMINTEQN,150.15,147.15,147.15,-3.0,-2.0,14641,2154423,157.68,110.41
ZENITHSTL,ZENITHSTLEQN,5.48,5.37,5.37,-0.11,-2.01,36,193,10.33,4.41
E2E,E2EBEN,686.15,672.0,672.0,-14.15,-2.06,10617,7134624,698.0,183.36
KILITCH,KILITCHBEN,172.58,169.0,169.0,-3.58,-2.07,100,16900,219.5,117.25
ESCONET,ESCONETSMN,192.0,188.0,188.0,-4.0,-2.08,2400,451200,280.0,91.25
AFIL,AFILEQN,9.4,9.2,9.2,-0.2,-2.13,1065,9798,11.1,3.92
SADBHIN,SADBHINBEN,2.81,2.75,2.75,-0.06,-2.14,5000,13750,5.02,2.06
CSBBANK,CSBBANKEQN,319.95,313.0,313.0,-6.95,-2.17,10148,3176324,574.4,315.0
DYNPRO,DYNPROEQN,232.05,227.0,227.0,-5.05,-2.18,100,22700,415.8,190.8
IVP,IVPBEN,177.98,174.0,174.0,-3.98,-2.24,1,174,194.0,110.0
KARMAENG,KARMAENGEQN,40.52,39.61,39.61,-0.91,-2.25,10,396,73.7,34.38
AHLUCONT,AHLUCONTEQN,793.85,776.0,776.0,-17.85,-2.25,2105,1633480,1077.95,645.15
PPLPHARMA,PPLPHARMAEQN,204.73,200.1,200.1,-4.63,-2.26,232585,46540258,218.5,132.3
ASIANTNE,ASIANTNEEQN,9.73,9.5,9.5,-0.23,-2.36,351,3334,9.95,8.64
RRIL,RRILEQN,17.54,17.12,17.12,-0.42,-2.39,55,941,21.5,15.25
IL&FSTRANS,IL&FSTRANSBZN,2.08,2.03,2.03,-0.05,-2.4,100,203,3.46,1.75
ABSMARINE,ABSMARINESTN,246.05,240.1,240.1,-5.95,-2.42,500,120050,315.5,143.05
BSHSL,BSHSLEQN,88.65,86.5,86.5,-2.15,-2.43,355,30707,150.0,59.16
TRANSCOR,TRANSCOREQN,24.26,23.66,23.66,-0.6,-2.47,5,118,24.51,23.57
UNIINFO,UNIINFOEQN,11.69,11.4,11.4,-0.29,-2.48,4,45,21.78,9.36
CPPLUS,CPPLUSEQN,3343.1,3260.1,3260.1,-83.0,-2.48,5485,17881648,4094.0,1059.0
3IINFOLTD,3IINFOLTDBEN,25.64,25.0,25.0,-0.64,-2.5,3141,78525,27.8,12.68
ONELIFECAP,ONELIFECAPBEN,35.41,34.52,34.52,-0.89,-2.51,4,138,40.1,10.62
VIJSOLX,VIJSOLXEQN,692.5,675.0,675.0,-17.5,-2.53,1,675,718.0,685.0
MAJESAUT,MAJESAUTBEN,362.4,353.05,353.05,-9.35,-2.58,30,10591,500.0,274.0
HDIL,HDILBZN,1.53,1.49,1.49,-0.04,-2.61,799,1190,3.36,1.48
SGL,SGLEQN,9.91,9.65,9.65,-0.26,-2.62,7,67,20.79,8.4
THOMASCOTT,THOMASCOTTEQN,301.1,293.0,293.0,-8.1,-2.69,4234,1240562,459.8,230.0
HLEGLAS,HLEGLASEQN,314.6,306.1,306.1,-8.5,-2.7,6509,1992404,661.95,250.0
SCANSTL,SCANSTLBEN,62.23,60.52,60.52,-1.71,-2.75,20,1210,68.81,31.35
NECCLTD,NECCLTDBEN,14.97,14.55,14.55,-0.42,-2.81,150,2182,24.01,10.55
KDL,KDLSMN,91.8,89.2,89.2,-2.6,-2.83,300,26760,316.1,84.05
USK,USKEQN,21.83,21.2,21.2,-0.63,-2.89,50,1060,35.17,18.97
SONAL,SONALEQN,89.62,87.0,87.0,-2.62,-2.92,17,1479,104.75,85.05
EIMCOELECO,EIMCOELECOEQN,2189.1,2125.0,2125.0,-64.1,-2.93,886,1882750,2380.0,1405.5
BOHRAIND,BOHRAINDEQN,14.01,13.6,13.6,-0.41,-2.93,2,27,33.25,12.02
SIKKO,SIKKOBEN,5.45,5.29,5.29,-0.16,-2.94,5132,27148,6.83,3.2
AAREYDRUGS,AAREYDRUGSEQN,85.58,83.01,83.01,-2.57,-3.0,2,166,100.0,50.31
MOHITIND,MOHITINDEQN,23.22,22.51,22.51,-0.71,-3.06,410,9229,39.89,18.6
BROOKS,BROOKSBEN,60.66,58.8,58.8,-1.86,-3.07,210,12348,163.9,36.3
KEEPLEARN,KEEPLEARNEQN,1.92,1.86,1.86,-0.06,-3.13,5070,9430,3.21,1.51
STALLION,STALLIONBEN,240.9,233.05,233.05,-7.85,-3.26,9120,2125416,359.15,99.32
RMDRIP,RMDRIPBEN,17.87,17.26,17.26,-0.61,-3.41,1094,18882,72.22,14.81
SJS,SJSEQN,2534.5,2446.9,2446.9,-87.6,-3.46,2359,5772237,2590.0,1199.5
SPECTRUM,SPECTRUMBEN,2125.1,2051.2,2051.2,-73.9,-3.48,11,22563,2637.2,1050.0
ALLETEC,ALLETECSTN,132.65,128.0,128.0,-4.65,-3.51,400,51200,315.0,115.8
DJML,DJMLEQN,107.44,103.55,103.55,-3.89,-3.62,3005,311167,124.8,52.0
PALASHSECU,PALASHSECUEQN,89.78,86.51,86.51,-3.27,-3.64,436,37718,134.8,79.01
PLAZACABLE,PLAZACABLEEQN,53.57,51.6,51.6,-1.97,-3.68,6204,320126,65.0,27.0
SHRJAGP,SHRJAGPEQN,728.5,701.05,701.05,-27.45,-3.77,5,3505,801.25,677.0
PALREDTEC,PALREDTECBEN,53.09,51.0,51.0,-2.09,-3.94,5,255,73.6,27.45
OWAIS,OWAISSTN,74.95,71.85,71.85,-3.1,-4.14,100,7185,580.0,74.95
AJOONI,AJOONIEQN,3.81,3.65,3.65,-0.16,-4.2,49818,181835,5.94,3.4
ZENITHEXPO,ZENITHEXPOEQN,204.51,195.55,195.55,-8.96,-4.38,37,7235,351.65,174.0
OPTIVALUE,OPTIVALUESTN,185.25,177.05,177.05,-8.2,-4.43,6400,1133120,185.25,56.05
TAC,TACSTN,439.55,420.05,420.05,-19.5,-4.44,2600,1092130,899.65,347.4
ESSENTIA,ESSENTIAEQN,1.32,1.26,1.26,-0.06,-4.55,14230,17929,1.96,0.95
SGRL,SGRLEQN,537.0,512.0,512.0,-25.0,-4.66,2,1024,559.5,477.05
SHEKHAWATI,SHEKHAWATIBEN,18.38,17.51,17.51,-0.87,-4.73,106,1856,25.75,9.12
GANGAFORGE,GANGAFORGEEQN,2.49,2.37,2.37,-0.12,-4.82,161219,382089,3.29,1.59
ONIXSOLAR,ONIXSOLAREQN,375.4,357.0,357.0,-18.4,-4.9,27,9639,393.95,375.4
GSMFOILS,GSMFOILSSMN,92.85,88.25,88.25,-4.6,-4.95,16500,1456125,293.85,92.85
ORTINGLOBE,ORTINGLOBEEQN,15.89,15.1,15.1,-0.79,-4.97,30,453,21.3,10.66
POLYSIL,POLYSILSMN,67.45,64.1,64.1,-3.35,-4.97,500,32050,356.75,67.45
RSDFIN,RSDFINBEN,106.49,101.2,101.2,-5.29,-4.97,17,1720,168.48,65.6
AARTISURF,AARTISURFBEN,625.65,594.4,594.4,-31.25,-4.99,685,407164,677.7,316.0
KOTYARK,KOTYARKBEN,38.27,36.36,36.36,-1.91,-4.99,714,25961,45.5,17.38
SHIVALIK,SHIVALIKBEN,254.6,241.9,241.9,-12.7,-4.99,675,163282,524.45,206.4
MVKAGRO,MVKAGROSMN,217.55,206.7,206.7,-10.85,-4.99,300,62010,819.0,217.55
AUTOIND,AUTOINDBEN,93.36,88.7,88.7,-4.66,-4.99,9226,818346,104.0,48.35
VGCL,VGCLEQN,60.5,57.48,57.48,-3.02,-4.99,100,5748,61.5,56.98
BURNPUR,BURNPURBEN,17.41,16.54,16.54,-0.87,-5.0,335,5540,21.39,17.41
SHALPAINTS,SHALPAINTSBEN,91.45,86.88,86.88,-4.57,-5.0,12135,1054288,95.95,35.21
ARROWGREEN,ARROWGREENBEN,768.65,730.25,730.25,-38.4,-5.0,1704,1244346,821.6,341.95
NEPHROCARE,NEPHROCARESTN,83.05,78.9,78.9,-4.15,-5.0,1200,94680,183.0,50.05
VALIANTORG,VALIANTORGBEN,308.3,292.9,292.9,-15.4,-5.0,2524,739279,397.0,195.0
UEL,UELEQN,222.48,211.36,211.36,-11.12,-5.0,232,49035,284.2,92.32
NATIONSTD,NATIONSTDEQN,141.05,134.0,134.0,-7.05,-5.0,15883,2128322,1519.95,141.05
INDOTHAI,INDOTHAIEQN,73.23,69.57,69.57,-3.66,-5.0,2082,144844,466.35,73.23
ONEGLOBAL,ONEGLOBALEQN,565.3,537.05,537.05,-28.25,-5.0,353,189578,576.0,565.3
SIMPLXREA,SIMPLXREAEQN,130.11,123.61,123.61,-6.5,-5.0,8,988,130.11,130.11
HBPOR,HBPOREQN,62.99,59.0,59.0,-3.99,-6.33,146,8614,63.0,55.05
STRIDERS,STRIDERSSMN,62.4,58.05,58.05,-4.35,-6.97,3200,185760,82.0,49.0
SWARNSAR,SWARNSAREQN,36.06,33.4,33.4,-2.66,-7.38,313,10454,38.75,34.0
SNEHAA,SNEHAASMN,47.0,43.35,43.35,-3.65,-7.77,1000,43350,122.0,35.5
HAMPTON,HAMPTONEQN,7.95,7.2,7.2,-0.75,-9.43,512,3686,8.39,7.01
SUMEDHA,SUMEDHAEQN,45.01,36.6,36.6,-8.41,-18.68,200,7320,47.0,39.0
MEDICAPQ,MEDICAPQEQN,25.26,20.33,20.33,-4.93,-19.52,30,609,27.96,23.24
