symbol,identifier,previousClose,lastPrice,iep,change,pChange,finalQuantity,totalTurnover,yearHigh,yearLow
RCDL-RE,RCDL-RESTN,2.7,3.2,3.2,0.5,18.52,18000,57600,6.25,1.75
NKIND,NKINDEQN,57.21,65.8,65.8,8.59,15.01,9,592,87.78,49.66
ANSALBU,ANSALBUEQN,79.24,89.99,89.99,10.75,13.57,1,89,92.4,70.64
ALKALI,ALKALIEQN,78.66,86.99,86.99,8.33,10.59,6378,554822,107.38,46.8
KORE,KORESMN,136.15,149.75,149.75,13.6,9.99,1750,262062,212.3,85.0
PENTAGON,PENTAGONSMN,90.5,99.0,99.0,8.5,9.39,3000,297000,99.5,49.15
ESDS,ESDSEQN,1090.05,1189.0,1189.0,98.95,9.08,923782,1098376798,1090.05,756.0
DHATRE,DHATREEQN,4.57,4.98,4.98,0.41,8.97,4308,21453,5.17,3.67
SHIVAAGRO,SHIVAAGROEQN,41.41,45.0,45.0,3.59,8.67,30,1350,45.9,37.0
MVGJL,MVGJLEQN,215.88,233.99,233.99,18.11,8.39,126746,29657296,215.88,129.1
ZEAL,ZEALSMN,78.6,85.0,85.0,6.4,8.14,1800,153000,124.75,55.9
BODALCHEM,BODALCHEMEQN,171.18,185.0,185.0,13.82,8.07,163516,30250460,171.18,42.81
CURAA,CURAAEQN,77.96,84.0,84.0,6.04,7.75,5,420,272.45,60.0
LKPSEC,LKPSECEQN,15.42,16.61,16.61,1.19,7.72,10,166,18.43,14.01
DHARAN,DHARANBZN,0.13,0.14,0.14,0.01,7.69,90160,12622,0.61,0.11
CRIZAC,CRIZACEQN,162.15,173.8,173.8,11.65,7.18,24983,4342045,387.95,159.95
INDOFARM,INDOFARMEQN,131.65,141.0,141.0,9.35,7.1,13120,1849920,271.69,110.7
ARIS,ARISEQN,126.32,134.52,134.52,8.2,6.49,128492,17284743,178.3,82.18
GVT&D,GVT&DEQN,4367.2,4636.1,4636.1,268.9,6.16,62599,290215223,5650.0,2523.2
OPTIMYSTIX,OPTIMYSTIXSMN,150.0,158.95,158.95,8.95,5.97,3200,508640,195.0,130.0
CURIS,CURISSMN,165.7,175.0,175.0,9.3,5.61,2000,350000,169.8,83.6
SANWARIA,SANWARIABZN,0.19,0.2,0.2,0.01,5.26,6001,1200,0.39,0.18
TWCGOLDETF,TWCGOLDETFEQN,151.22,158.9,158.9,7.68,5.08,5,794,187.98,123.31
AKSHOPTFBR,AKSHOPTFBRBEN,7.8,8.19,8.19,0.39,5.0,106362,871104,9.0,3.82
MVKAGRO,MVKAGROSMN,248.15,260.55,260.55,12.4,5.0,1500,390825,819.0,152.05
SYSTMTXC,SYSTMTXCBEN,63.24,66.4,66.4,3.16,5.0,1010,67064,177.9,51.89
HFCL,HFCLBEN,243.01,255.16,255.16,12.15,5.0,2616398,667600113,256.7,59.82
MBECL,MBECLBEN,271.83,285.42,285.42,13.59,5.0,51,14556,271.83,213.0
SPECTRUM,SPECTRUMBEN,2486.8,2611.1,2611.1,124.3,5.0,607,1584937,2637.2,1050.0
STLTECH,STLTECHBEN,786.3,825.6,825.6,39.3,5.0,30830,25453248,786.3,84.6
MAL,MALSMN,40.1,42.1,42.1,2.0,4.99,4800,202080,60.9,28.95
TBZ,TBZEQN,528.9,555.3,555.3,26.4,4.99,17195,9548383,528.9,110.5
RHETAN,RHETANEQN,26.68,28.01,28.01,1.33,4.99,810034,22689052,34.87,19.1
CONSOFINVT,CONSOFINVTBEN,302.7,317.8,317.8,15.1,4.99,18265,5804617,320.0,152.0
GANESHBE,GANESHBEBEN,129.39,135.85,135.85,6.46,4.99,96454,13103275,129.99,68.4
SONAMLTD,SONAMLTDBEN,69.13,72.58,72.58,3.45,4.99,8325,604228,80.32,37.4
MINALIND,MINALINDBEN,5.61,5.89,5.89,0.28,4.99,10730,63199,5.61,1.71
BHAGERIA,BHAGERIABEN,319.85,335.8,335.8,15.95,4.99,38300,12861140,319.85,127.51
STLNETWORK,STLNETWORKEQN,30.31,31.82,31.82,1.51,4.98,582433,18533018,35.4,15.75
INDOTHAI,INDOTHAIEQN,37.53,39.4,39.4,1.87,4.98,7761,305783,466.35,33.97
AARADHYA,AARADHYASMN,121.85,127.9,127.9,6.05,4.97,1200,153480,182.0,64.2
JYOTIGLOBL,JYOTIGLOBLSMN,42.3,44.4,44.4,2.1,4.96,4000,177600,77.75,27.05
TAKE,TAKEEQN,14.51,15.23,15.23,0.72,4.96,79430,1209718,50.14,10.09
SONUINFRA,SONUINFRASTN,46.65,48.95,48.95,2.3,4.93,3000,146850,110.05,33.3
PIONRINV,PIONRINVBEN,80.05,84.0,84.0,3.95,4.93,407,34188,135.44,72.5
SAGARDEEP,SAGARDEEPEQN,23.64,24.8,24.8,1.16,4.91,300,7440,31.48,20.81
MTEDUCARE,MTEDUCAREBEN,1.85,1.94,1.94,0.09,4.86,51,98,2.53,1.17
KATARIA,KATARIASMN,128.9,135.1,135.1,6.2,4.81,600,81060,128.9,85.5
SGLRES,SGLRESEQN,2.5,2.62,2.62,0.12,4.8,200,524,2.74,2.27
TVVISION,TVVISIONBEN,3.22,3.37,3.37,0.15,4.66,4,13,12.4,3.22
CEREBRAINT,CEREBRAINTBZN,2.79,2.92,2.92,0.13,4.66,232,677,10.08,2.4
SEMAC,SEMACEQN,282.0,294.95,294.95,12.95,4.59,1,294,550.0,205.0
DHARIWAL,DHARIWALSMN,25.2,26.35,26.35,1.15,4.56,33000,869550,48.3,16.55
HINDALUMI,HINDALUMIEQN,96.25,100.5,100.5,4.25,4.42,110,11055,107.5,93.45
AGRITECH,AGRITECHEQN,100.07,104.4,104.4,4.33,4.33,5,522,187.19,92.52
SWARNSAR,SWARNSAREQN,37.58,39.2,39.2,1.62,4.31,101,3959,39.25,32.0
RAJTV,RAJTVEQN,8.47,8.83,8.83,0.36,4.25,651,5748,46.9,8.0
BI,BIBEN,100.64,104.9,104.9,4.26,4.23,133890,14045061,111.51,51.62
ALLETEC,ALLETECSMN,143.9,149.9,149.9,6.0,4.17,400,59960,297.0,115.8
EMPOWER,EMPOWEREQN,1.93,2.01,2.01,0.08,4.15,445116,894683,2.82,1.3
BLISSGVS,BLISSGVSBEN,691.35,720.0,720.0,28.65,4.14,3303,2378160,704.55,118.0
ASIANTNE,ASIANTNEEQN,9.5,9.89,9.89,0.39,4.11,1,9,10.99,8.64
LAKSHMIMIL,LAKSHMIMILEQN,7734.0,8045.0,8045.0,311.0,4.02,1,8045,8505.0,7621.0
PREMIER,PREMIERBEN,2.74,2.85,2.85,0.11,4.01,500,1425,3.88,2.57
SSFL,SSFLSTN,273.0,283.9,283.9,10.9,3.99,500,141950,295.1,86.0
ANMOL,ANMOLEQN,10.09,10.49,10.49,0.4,3.96,5,52,17.74,8.4
VIVIDHA,VIVIDHAEQN,0.51,0.53,0.53,0.02,3.92,12615,6685,0.91,0.43
ALMONDZ,ALMONDZEQN,19.2,19.95,19.95,0.75,3.91,5508,109884,22.1,10.68
FCL,FCLEQN,56.66,58.84,58.84,2.18,3.85,770864,45357637,56.66,19.1
MONEYBOXX,MONEYBOXXEQN,56.83,59.0,59.0,2.17,3.82,1,59,91.5,44.02
MAHASTEEL,MAHASTEELBEN,1294.4,1343.4,1343.4,49.0,3.79,200,268680,1421.0,381.25
PKTEA,PKTEAEQN,963.15,999.0,999.0,35.85,3.72,322,321678,998.0,605.0
OSIAHYPER,OSIAHYPERBEN,2.45,2.54,2.54,0.09,3.67,5686,14442,33.08,2.38
DAVANGERE,DAVANGEREEQN,1.96,2.03,2.03,0.07,3.57,86827,176258,5.5,1.94
GSLSU,GSLSUEQN,29.45,30.5,30.5,1.05,3.57,1,30,139.67,23.06
SARVESHWAR,SARVESHWAREQN,3.67,3.8,3.8,0.13,3.54,68506,260322,8.25,2.5
VPRPL,VPRPLEQN,34.27,35.46,35.46,1.19,3.47,5900,209214,124.78,23.94
TRANSCOR,TRANSCOREQN,25.14,26.0,26.0,0.86,3.42,10,260,26.48,21.0
AKI,AKIEQN,7.94,8.21,8.21,0.27,3.4,264223,2169270,10.48,3.8
RAJOOENG,RAJOOENGBEN,54.16,56.0,56.0,1.84,3.4,8489,475384,103.69,46.0
SETUINFRA,SETUINFRABZN,0.59,0.61,0.61,0.02,3.39,2500,1525,0.73,0.37
SOLARWORLD,SOLARWORLDEQN,147.9,152.88,152.88,4.98,3.37,5384,823105,388.5,139.19
KSE,KSEEQN,177.0,182.94,182.94,5.94,3.36,1,182,205.0,173.31
BHAGYANGR,BHAGYANGREQN,373.4,385.9,385.9,12.5,3.35,4309,1662843,432.3,88.1
SOMATEX,SOMATEXEQN,86.72,89.62,89.62,2.9,3.34,1,89,161.25,62.15
NTCIND,NTCINDEQN,134.57,139.0,139.0,4.43,3.29,5,695,155.0,126.3
SHIVAMILLS,SHIVAMILLSEQN,60.99,62.99,62.99,2.0,3.28,1,62,77.01,43.01
MITTAL,MITTALEQN,0.92,0.95,0.95,0.03,3.26,60933,57886,1.82,0.7
AMNPLST,AMNPLSTEQN,168.22,173.7,173.7,5.48,3.26,1,173,250.0,127.0
SANSERA,SANSERAEQN,3896.3,4020.0,4020.0,123.7,3.17,4777,19203540,4084.9,1364.2
BCPL,BCPLEQN,68.39,70.56,70.56,2.17,3.17,31,2187,92.0,60.0
SHIPROCKET,SHIPROCKETEQN,135.21,139.5,139.5,4.29,3.17,196892,27466434,156.9,124.0
SHIVAMAUTO,SHIVAMAUTOEQN,17.33,17.87,17.87,0.54,3.12,1000,17870,35.79,13.05
PML,PMLEQN,489.75,505.0,505.0,15.25,3.11,1,505,645.0,451.55
AUSOMENT,AUSOMENTEQN,156.21,161.0,161.0,4.79,3.07,500,80500,178.0,93.0
SUMIT,SUMITEQN,51.31,52.87,52.87,1.56,3.04,4,211,104.0,31.74
CHEMBOND,CHEMBONDEQN,184.4,190.0,190.0,5.6,3.04,1000,190000,205.78,105.15
CPCAP,CPCAPEQN,135.89,140.0,140.0,4.11,3.02,100,14000,160.9,73.51
RMDRIP,RMDRIPBEN,21.84,22.5,22.5,0.66,3.02,4201,94522,72.22,14.81
BORANA,BORANAEQN,325.25,335.0,335.0,9.75,3.0,760,254600,420.0,213.5
IMAGICAA,IMAGICAAEQN,54.86,56.5,56.5,1.64,2.99,10601,598956,62.0,36.84
EPIGRAL,EPIGRALEQN,1179.8,1215.0,1215.0,35.2,2.98,202,245430,1808.8,807.0
MEGASTAR,MEGASTAREQN,300.1,309.0,309.0,8.9,2.97,10,3090,392.0,203.0
BALKRISHNA,BALKRISHNAEQN,16.9,17.4,17.4,0.5,2.96,100,1740,25.97,12.0
BALAJEE,BALAJEEEQN,25.73,26.49,26.49,0.76,2.95,4,105,55.7,21.1
RKDL,RKDLEQN,18.25,18.78,18.78,0.53,2.9,1,18,32.48,16.3
ACSTECH,ACSTECHBEN,54.42,56.0,56.0,1.58,2.9,5887,329672,54.77,31.71
GSS,GSSEQN,11.02,11.34,11.34,0.32,2.9,1,11,28.84,8.68
UYFINCORP,UYFINCORPBEN,19.63,20.2,20.2,0.57,2.9,9118,184183,22.34,11.5
RKEC,RKECEQN,20.3,20.88,20.88,0.58,2.86,1202,25097,81.5,19.9
3IINFOLTD,3IINFOLTDBEN,22.07,22.7,22.7,0.63,2.85,5200,118040,27.8,12.68
POEL,POELEQN,145.39,149.5,149.5,4.11,2.83,36,5382,168.97,140.6
SINCLAIR,SINCLAIREQN,84.45,86.0,86.0,2.35,2.81,264,22704,114.75,68.82
KRITIKA,KRITIKAEQN,5.35,5.5,5.5,0.15,2.8,5252,28886,9.73,4.5
AMDIND,AMDINDEQN,60.3,61.99,61.99,1.69,2.8,104,6446,68.07,33.77
SHIVATEX,SHIVATEXEQN,179.46,184.49,184.49,5.03,2.8,6,1106,217.92,126.06
SAKAR,SAKAREQN,1109.2,1140.0,1140.0,30.8,2.78,2825,3220500,1124.0,321.05
GOYALALUM,GOYALALUMEQN,6.16,6.33,6.33,0.17,2.76,498,3152,11.37,5.34
ANTGRAPHIC,ANTGRAPHICEQN,0.73,0.75,0.75,0.02,2.74,1738,1303,1.17,0.64
MOTOGENFIN,MOTOGENFINEQN,31.37,32.23,32.23,0.86,2.74,6258,201695,34.4,17.5
3BBLACKBIO,3BBLACKBIOEQN,1521.3,1563.0,1563.0,41.7,2.74,531,829953,1588.9,1085.0
NECCLTD,NECCLTDBEN,19.42,19.95,19.95,0.53,2.73,2300,45885,24.01,10.55
VIRAT,VIRATEQN,433.2,445.0,445.0,11.8,2.72,1,445,494.4,268.05
TARACHAND,TARACHANDEQN,47.43,48.7,48.7,1.27,2.68,1,48,103.67,46.01
EMMBI,EMMBIBEN,92.0,94.47,94.47,2.47,2.68,2,188,116.9,60.3
TECHLABS,TECHLABSSMN,115.9,119.0,119.0,3.1,2.67,500,59500,649.9,105.0
EUROBOND,EUROBONDEQN,150.78,154.8,154.8,4.02,2.67,5,774,253.9,126.3
MOLDTECH,MOLDTECHBEN,219.18,225.0,225.0,5.82,2.66,524,117900,221.0,101.1
HLEGLAS,HLEGLASEQN,336.25,345.0,345.0,8.75,2.6,15503,5348535,661.95,250.0
GAYAHWS,GAYAHWSEQN,1.92,1.97,1.97,0.05,2.6,5434,10704,4.76,1.79
VERTOZ,VERTOZEQN,37.04,38.0,38.0,0.96,2.59,48,1824,86.75,27.02
CIFL,CIFLEQN,19.89,20.4,20.4,0.51,2.56,45,918,39.69,19.56
ONIXSOLAR,ONIXSOLAREQN,423.2,434.0,434.0,10.8,2.55,4266,1851444,423.35,262.45
SHREEPUSHK,SHREEPUSHKEQN,514.9,528.0,528.0,13.1,2.54,5007,2643696,535.4,272.45
KAMDHENU,KAMDHENUBEN,39.88,40.88,40.88,1.0,2.51,5663,231503,40.44,16.15
CLEDUCATE,CLEDUCATEEQN,60.97,62.47,62.47,1.5,2.46,9,562,112.74,35.48
GARUDA,GARUDAEQN,178.63,183.0,183.0,4.37,2.45,26121,4780143,249.3,130.0
SYMPHONY,SYMPHONYEQN,573.4,587.4,587.4,14.0,2.44,1342,788290,970.45,564.0
MUTHOOTCAP,MUTHOOTCAPEQN,239.07,244.8,244.8,5.73,2.4,2,489,303.0,175.25
GENSOL,GENSOLBZN,17.19,17.6,17.6,0.41,2.39,849,14942,46.02,16.4
PCBL,PCBLEQN,317.45,325.0,325.0,7.55,2.38,50084,16277300,425.95,226.5
AKSHAR,AKSHAREQN,0.42,0.43,0.43,0.01,2.38,1359,584,0.76,0.36
ANDHRAPAP,ANDHRAPAPEQN,72.2,73.91,73.91,1.71,2.37,46133,3409690,86.89,58.0
CHEMFAB,CHEMFABEQN,356.05,364.45,364.45,8.4,2.36,2,728,703.0,290.35
VIVIANA,VIVIANAEQN,776.55,794.9,794.9,18.35,2.36,101,80284,1162.5,565.0
ARROWGREEN,ARROWGREENBEN,805.1,824.0,824.0,18.9,2.35,25,20600,829.0,341.95
RCOM,RCOMBEN,0.85,0.87,0.87,0.02,2.35,113367,98629,1.51,0.75
ORCHASP,ORCHASPEQN,1.29,1.32,1.32,0.03,2.33,350,462,4.16,1.25
MANAKSIA,MANAKSIAEQN,66.36,67.9,67.9,1.54,2.32,1091,74078,73.4,42.1
ODIGMA,ODIGMAEQN,22.46,22.98,22.98,0.52,2.32,209,4802,56.09,20.0
ISFT,ISFTEQN,83.1,85.0,85.0,1.9,2.29,2,170,119.07,54.05
HAVISHA,HAVISHAEQN,1.32,1.35,1.35,0.03,2.27,3000,4050,2.42,1.03
DRCSYSTEMS,DRCSYSTEMSEQN,13.25,13.55,13.55,0.3,2.26,6275,85026,23.68,11.5
EXCELSOFT,EXCELSOFTEQN,68.26,69.8,69.8,1.54,2.26,4764,332527,142.59,66.4
KILITCH,KILITCHBEN,187.82,192.0,192.0,4.18,2.23,460,88320,219.5,117.25
GOKUL,GOKULEQN,42.85,43.8,43.8,0.95,2.22,70,3066,46.8,31.0
KAVDEFENCE,KAVDEFENCEEQN,66.51,67.98,67.98,1.47,2.21,3008,204483,162.87,51.51
MMP,MMPEQN,444.95,454.75,454.75,9.8,2.2,1321,600724,455.6,185.2
GMMPFAUDLR,GMMPFAUDLREQN,1235.7,1262.8,1262.8,27.1,2.19,9155,11560934,1307.5,735.0
EMAMIPAP,EMAMIPAPBEN,121.34,124.0,124.0,2.66,2.19,939,116436,133.7,55.0
SECURKLOUD,SECURKLOUDEQN,17.12,17.49,17.49,0.37,2.16,1,17,34.18,16.01
PCJEWELLER,PCJEWELLEREQN,13.93,14.23,14.23,0.3,2.15,7789923,110850604,15.38,7.47
HINDCOPPER,HINDCOPPEREQN,509.1,520.0,520.0,10.9,2.14,199785,103888200,760.05,241.52
PRAKASHSTL,PRAKASHSTLEQN,3.75,3.83,3.83,0.08,2.13,152,582,6.57,3.63
NITIRAJ,NITIRAJEQN,231.04,235.95,235.95,4.91,2.13,208,49077,241.0,168.0
ASTRAMICRO,ASTRAMICROEQN,1711.6,1748.0,1748.0,36.4,2.13,6635,11597980,1960.0,851.0
KSR,KSREQN,34.13,34.85,34.85,0.72,2.11,350,12197,39.1,14.04
MENONBE,MENONBEBEN,306.35,312.8,312.8,6.45,2.11,179,55991,324.0,101.5
KMCSHIL,KMCSHILEQN,135.73,138.59,138.59,2.86,2.11,172,23837,148.0,131.45
FCSSOFT,FCSSOFTEQN,1.43,1.46,1.46,0.03,2.1,36489,53273,2.53,1.05
SILVERAXIS,SILVERAXISEQN,228.63,233.44,233.44,4.81,2.1,1003,234140,390.01,123.0
KEEPLEARN,KEEPLEARNEQN,1.91,1.95,1.95,0.04,2.09,50,97,3.21,1.51
WARDINMOBI,WARDINMOBIEQN,5.77,5.89,5.89,0.12,2.08,864,5088,6.99,4.69
TAC,TACSTN,425.2,434.0,434.0,8.8,2.07,2400,1041600,899.65,347.4
BIOFILCHEM,BIOFILCHEMEQN,32.04,32.7,32.7,0.66,2.06,10,327,46.34,25.6
NRL,NRLBEN,132.78,135.5,135.5,2.72,2.05,133,18021,133.26,45.1
VAISHALI,VAISHALIEQN,8.37,8.54,8.54,0.17,2.03,73,623,12.7,4.75
INDOWIND,INDOWINDEQN,8.91,9.09,9.09,0.18,2.02,17,154,18.94,7.0
PRAENG,PRAENGEQN,24.25,24.74,24.74,0.49,2.02,1059,26199,33.88,17.0
MMWL,MMWLEQN,14.34,14.63,14.63,0.29,2.02,198,2896,16.57,9.02
HDIL,HDILBZN,1.49,1.52,1.52,0.03,2.01,6507,9890,3.27,1.45
VARDHACRLC,VARDHACRLCBEN,42.79,43.65,43.65,0.86,2.01,28,1222,48.77,27.01
PITTIENG,PITTIENGEQN,1176.2,1199.9,1199.9,23.7,2.01,2166,2598983,1228.0,675.0
MERCANTILE,MERCANTILEEQN,24.43,24.92,24.92,0.49,2.01,1202,29953,31.9,19.0
PALASHSECU,PALASHSECUEQN,89.2,90.98,90.98,1.78,2.0,1,90,134.8,79.01
SETCO,SETCOBEN,17.53,17.88,17.88,0.35,2.0,333,5954,28.62,11.56
SWISSMLTRY,SWISSMLTRYBEN,15.18,15.48,15.48,0.3,1.98,100,1548,18.5,13.0
GENUSPAPER,GENUSPAPEREQN,13.22,13.48,13.48,0.26,1.97,1017,13709,18.71,8.67
BILVYAPAR,BILVYAPARBEN,4.07,4.15,4.15,0.08,1.97,1,4,14.7,3.8
HISARMETAL,HISARMETALEQN,162.02,165.2,165.2,3.18,1.96,25,4130,194.97,124.99
MAJESAUT,MAJESAUTBEN,352.15,359.0,359.0,6.85,1.95,200,71800,500.0,274.0
MARALOVER,MARALOVEREQN,64.26,65.5,65.5,1.24,1.93,100,6550,65.79,34.11
SVGLOBAL,SVGLOBALEQN,151.09,154.0,154.0,2.91,1.93,101,15554,172.81,114.3
KRITINUT,KRITINUTEQN,83.2,84.8,84.8,1.6,1.92,1,84,102.99,51.36
GVKPIL,GVKPILBEN,2.09,2.13,2.13,0.04,1.91,190733,406261,4.06,2.04
LPDC,LPDCEQN,6.32,6.44,6.44,0.12,1.9,1003,6459,9.46,5.23
GRPLTD,GRPLTDEQN,2004.1,2042.0,2042.0,37.9,1.89,1,2042,2360.6,1500.0
ANUHPHR,ANUHPHREQN,90.29,92.0,92.0,1.71,1.89,8119,746948,93.0,67.0
PARSVNATH,PARSVNATHBEN,1.6,1.63,1.63,0.03,1.88,1736,2829,18.75,1.35
SEIL,SEILEQN,200.17,203.89,203.89,3.72,1.86,2242,457121,239.96,172.9
INDBANK,INDBANKEQN,28.16,28.68,28.68,0.52,1.85,1001,28708,47.15,28.01
GLOBECIVIL,GLOBECIVILEQN,46.15,47.0,47.0,0.85,1.84,20,940,80.45,33.5
RSWM,RSWMBEN,217.69,221.7,221.7,4.01,1.84,600,133020,238.0,120.0
AONEGOLD,AONEGOLDEQN,14.19,14.45,14.45,0.26,1.83,12,173,17.73,10.0
ARFIN,ARFINEQN,95.27,97.0,97.0,1.73,1.82,84092,8156924,106.2,36.25
PATILAUTOM,PATILAUTOMSMN,296.75,302.1,302.1,5.35,1.8,600,181260,319.0,112.05
MANGALAM,MANGALAMEQN,29.57,30.1,30.1,0.53,1.79,70,2107,79.49,22.8
SANGANI,SANGANISMN,56.0,57.0,57.0,1.0,1.79,1500,85500,77.0,37.0
LATTEYS,LATTEYSEQN,20.63,21.0,21.0,0.37,1.79,553,11613,37.0,15.79
SIGMA,SIGMAEQN,47.45,48.29,48.29,0.84,1.77,1137,54905,65.5,35.46
MAHEPC,MAHEPCEQN,103.17,105.0,105.0,1.83,1.77,1069,112245,163.99,91.91
AVONMORE,AVONMOREEQN,14.1,14.35,14.35,0.25,1.77,106,1521,23.9,9.05
ORIENTALTL,ORIENTALTLEQN,5.12,5.21,5.21,0.09,1.76,66,343,11.99,4.4
SOMICONVEY,SOMICONVEYEQN,92.37,94.0,94.0,1.63,1.76,201,18894,169.4,80.16
TINNARUBR,TINNARUBREQN,1012.9,1027.45,1027.45,17.8,1.76,537,551740,1322.0,527.45
VALIANTORG,VALIANTORGBEN,326.1,331.8,331.8,5.7,1.75,100,33180,397.0,195.0
UTKARSHBNK,UTKARSHBNKEQN,15.03,15.29,15.29,0.26,1.73,49625,758766,22.03,10.12
MCL,MCLEQN,57.02,58.0,58.0,0.98,1.72,1078,62524,93.2,42.0
LANDSMILL,LANDSMILLEQN,0.58,0.59,0.59,0.01,1.72,182208,107502,1.74,0.58
PRAXIS,PRAXISEQN,4.66,4.74,4.74,0.08,1.72,34,161,14.44,4.32
VELJAN,VELJANBEN,1902.3,1935.0,1935.0,32.7,1.72,2,3870,1980.0,812.0
RSDFIN,RSDFINBEN,96.94,98.6,98.6,1.66,1.71,1,98,168.48,65.6
HAWKINCOOK,HAWKINCOOKEQN,8254.0,8395.0,8395.0,141.0,1.71,10,83950,9600.0,7109.0
BPL,BPLEQN,48.77,49.6,49.6,0.83,1.7,49,2430,89.32,37.61
CROWN,CROWNEQN,115.39,117.35,117.35,1.96,1.7,301,35322,191.0,100.11
BIL,BILEQN,931.15,947.0,947.0,15.85,1.7,5,4735,980.0,602.0
BPLPHARMA,BPLPHARMAEQN,1548.7,1575.0,1575.0,26.3,1.7,20,31500,1649.0,1125.7
BRNL,BRNLEQN,17.09,17.38,17.38,0.29,1.7,413,7177,26.5,16.66
NRAIL,NRAILEQN,589.95,599.9,599.9,9.95,1.69,222,133177,631.0,357.3
ATL,ATLEQN,25.03,25.45,25.45,0.42,1.68,510,12979,37.86,18.2
MVELECTRO,MVELECTROEQN,806.45,820.0,820.0,13.55,1.68,15501,12710820,841.1,516.55
SUNDARAM,SUNDARAMEQN,1.2,1.22,1.22,0.02,1.67,8331,10163,2.2,1.03
HARRMALAYA,HARRMALAYAEQN,189.85,193.0,193.0,3.15,1.66,32,6176,237.9,153.66
ELPROINTL,ELPROINTLEQN,175.05,177.95,177.95,2.9,1.66,300,53385,180.89,86.0
TEMBO,TEMBOEQN,58.43,59.4,59.4,0.97,1.66,6210,368874,837.0,55.0
VINEETLAB,VINEETLABEQN,37.28,37.9,37.9,0.62,1.66,10,379,43.5,26.89
RHFL,RHFLBZN,1.82,1.85,1.85,0.03,1.65,18396,34032,4.99,1.7
BESTAGRO,BESTAGROEQN,20.07,20.4,20.4,0.33,1.64,7636,155774,34.4,12.3
TOYAMSL,TOYAMSLEQN,0.61,0.62,0.62,0.01,1.64,1273,789,0.69,0.6
GROWWSLVR,GROWWSLVREQN,22.53,22.9,22.9,0.37,1.64,10,229,36.3,12.15
CCCL,CCCLEQN,14.14,14.37,14.37,0.23,1.63,30,431,28.87,12.76
TRITONV,TRITONVEQN,1140.5,1159.0,1159.0,18.5,1.62,7,8113,1219.3,1100.0
EGOLD,EGOLDEQN,151.95,154.4,154.4,2.45,1.61,2007,309880,184.95,107.0
RUCHINFRA,RUCHINFRAEQN,5.62,5.71,5.71,0.09,1.6,632,3608,8.25,4.05
DHABRIYA,DHABRIYABEN,496.05,504.0,504.0,7.95,1.6,66,33264,603.0,485.0
OSWALSEEDS,OSWALSEEDSEQN,12.06,12.25,12.25,0.19,1.58,123,1506,20.28,9.66
HDFCSILVER,HDFCSILVEREQN,219.9,223.38,223.38,3.48,1.58,1011,225837,359.0,118.54
SOLARA,SOLARAEQN,697.05,708.0,708.0,10.95,1.57,5996,4245168,712.0,422.0
SICAGEN,SICAGENEQN,58.53,59.45,59.45,0.92,1.57,1,59,74.06,46.55
LIBERTSHOE,LIBERTSHOEEQN,231.37,234.97,234.97,3.6,1.56,2,469,404.95,210.5
GALAXYSURF,GALAXYSURFEQN,2136.6,2170.0,2170.0,33.4,1.56,330,716100,2648.0,1510.0
DPEL,DPELSMN,600.75,610.05,610.05,9.3,1.55,1500,915075,603.0,142.0
MENNPIS,MENNPISEQN,81.72,82.99,82.99,1.27,1.55,420,34855,83.99,52.35
SHANTI,SHANTIEQN,6.5,6.6,6.6,0.1,1.54,4505,29733,12.26,4.7
ROLLT,ROLLTBEN,4.58,4.65,4.65,0.07,1.53,1349,6272,4.58,1.03
DPSCLTD,DPSCLTDBEN,7.18,7.29,7.29,0.11,1.53,1692,12334,13.31,6.84
CSM,CSMEQN,93.57,95.0,95.0,1.43,1.53,2184,207480,113.0,92.67
ELIN,ELINEQN,96.14,97.6,97.6,1.46,1.52,2,195,234.0,93.65
CMRGREEN,CMRGREENEQN,221.03,224.4,224.4,3.37,1.52,1178,264343,268.96,205.25
IMPAL,IMPALEQN,1114.2,1130.9,1130.9,16.7,1.5,14,15832,1238.9,928.0
HEALTHX,HEALTHXEQN,296.9,301.35,301.35,4.45,1.5,20,6027,363.0,252.5
BAJAJINDEF,BAJAJINDEFEQN,222.26,225.6,225.6,3.34,1.5,21,4737,442.6,207.25
ELANTAS,ELANTASEQN,13054.0,13250.0,13250.0,196.0,1.5,24,318000,13876.0,8900.0
NITTAGELA,NITTAGELAEQN,1677.8,1703.0,1703.0,25.2,1.5,344,585832,2087.2,837.05
TCPLPACK,TCPLPACKEQN,3862.4,3919.8,3919.8,57.4,1.49,158,619328,4410.9,2200.0
LORDSCHLO,LORDSCHLOEQN,138.93,141.0,141.0,2.07,1.49,3,423,233.0,108.0
AJAXENGG,AJAXENGGEQN,596.2,605.0,605.0,8.8,1.48,565,341825,698.85,394.8
BAIDFIN,BAIDFINEQN,10.89,11.05,11.05,0.16,1.47,328,3624,12.98,8.8
LOVABLE,LOVABLEEQN,70.96,72.0,72.0,1.04,1.47,1,72,104.7,55.0
AEROENTER,AEROENTEREQN,154.73,157.0,157.0,2.27,1.47,20212,3173284,156.0,62.2
ADVANCE,ADVANCEEQN,116.43,118.14,118.14,1.71,1.47,670,79153,154.0,84.1
TEXINFRA,TEXINFRAEQN,119.26,121.0,121.0,1.74,1.46,2108,255068,121.8,82.5
CAPITALSFB,CAPITALSFBEQN,277.9,281.95,281.95,4.05,1.46,54,15225,323.7,206.55
SFL,SFLEQN,642.7,652.0,652.0,9.3,1.45,3155,2057060,832.45,456.8
AJOONI,AJOONIEQN,3.49,3.54,3.54,0.05,1.43,3257,11529,5.94,3.4
PASHUPATI,PASHUPATIEQN,81.34,82.5,82.5,1.16,1.43,3914,322905,118.35,66.4
TEXMOPIPES,TEXMOPIPESEQN,54.18,54.95,54.95,0.77,1.42,29152,1601902,62.0,33.0
GKENERGY,GKENERGYEQN,129.46,131.3,131.3,1.84,1.42,1330,174629,239.6,87.2
MAITHANALL,MAITHANALLEQN,1103.85,1119.4,1119.4,15.55,1.41,1428,1598503,1210.1,831.2
ASIANENE,ASIANENEEQN,511.8,519.0,519.0,7.2,1.41,841,436479,538.0,230.0
AIRAN,AIRANEQN,16.44,16.67,16.67,0.23,1.4,552,9201,27.49,12.63
ASHOKAMET,ASHOKAMETEQN,14.3,14.5,14.5,0.2,1.4,61,884,21.0,12.13
HLVLTD,HLVLTDEQN,6.41,6.5,6.5,0.09,1.4,179,1163,12.6,5.6
MOGOLD,MOGOLDEQN,150.25,152.35,152.35,2.1,1.4,2100,319935,175.0,107.0
OMINFRAL,OMINFRALEQN,83.64,84.8,84.8,1.16,1.39,65,5512,144.0,71.5
BMWVENTLTD,BMWVENTLTDEQN,55.21,55.98,55.98,0.77,1.39,2,111,78.0,48.0
SHIVAUM,SHIVAUMEQN,453.7,460.0,460.0,6.3,1.39,1039,477940,483.9,275.0
ADVANIHOTR,ADVANIHOTREQN,49.12,49.8,49.8,0.68,1.38,242,12051,65.5,47.0
PNBGILTS,PNBGILTSEQN,81.87,83.0,83.0,1.13,1.38,11567,960061,106.0,58.6
UNIVPHOTO,UNIVPHOTOBEN,514.9,522.0,522.0,7.1,1.38,18,9396,515.8,180.6
VISHNU,VISHNUEQN,726.5,736.5,736.5,10.0,1.38,1426,1050249,744.0,443.7
GEEKAYWIRE,GEEKAYWIREEQN,30.14,30.55,30.55,0.41,1.36,1130,34521,40.63,18.51
COASTCORP,COASTCORPEQN,40.44,40.99,40.99,0.55,1.36,2,81,66.7,30.95
RAMAPHO,RAMAPHOEQN,124.2,125.88,125.88,1.68,1.35,6,755,217.19,103.5
TAALTECH,TAALTECHEQN,4439.1,4499.0,4499.0,59.9,1.35,123,553377,4696.0,2616.1
NDL,NDLEQN,2.98,3.02,3.02,0.04,1.34,4582,13837,3.75,1.8
SUNFLAG,SUNFLAGEQN,338.4,342.9,342.9,4.5,1.33,659,225971,428.0,192.15
ICICIPRULI,ICICIPRULIEQN,470.65,476.85,476.85,6.2,1.32,9531,4544857,706.8,459.5
HIKAL,HIKALEQN,243.0,246.2,246.2,3.2,1.32,19833,4882884,282.7,146.25
UDAYJEW,UDAYJEWEQN,167.58,169.8,169.8,2.22,1.32,2751,467119,171.6,115.04
NATIONALUM,NATIONALUMEQN,365.9,370.7,370.7,4.8,1.31,20098,7450328,445.15,198.68
NINSYS,NINSYSEQN,705.85,715.0,715.0,9.15,1.3,16,11440,935.0,281.05
GEMAROMA,GEMAROMAEQN,158.19,160.24,160.24,2.05,1.3,521,83485,317.0,133.0
NILE,NILEEQN,1459.0,1478.0,1478.0,19.0,1.3,10,14780,2018.9,1437.1
MODISONLTD,MODISONLTDEQN,475.6,481.75,481.75,6.15,1.29,323,155605,546.0,114.0
AAKASH,AAKASHEQN,8.59,8.7,8.7,0.11,1.28,250,2175,13.4,7.21
VRAJ,VRAJEQN,122.14,123.7,123.7,1.56,1.28,5,618,159.99,93.0
JYOTISTRUC,JYOTISTRUCEQN,10.16,10.29,10.29,0.13,1.28,55776,573935,17.42,7.94
NDTV,NDTVEQN,72.87,73.8,73.8,0.93,1.28,14,1033,134.5,58.75
HAPPYFORGE,HAPPYFORGEEQN,2231.4,2259.9,2259.9,28.5,1.28,127,287007,2470.0,869.0
NAHARINDUS,NAHARINDUSEQN,139.05,140.8,140.8,1.75,1.26,100,14080,154.0,83.05
BAJAJHLDNG,BAJAJHLDNGEQN,10956.0,11094.0,11094.0,138.0,1.26,92,1020648,13880.0,8588.0
HDFCLIFE,HDFCLIFEEQN,533.2,539.9,539.9,6.7,1.26,15699,8475890,796.9,530.5
FELIX,FELIXSMN,222.15,224.95,224.95,2.8,1.26,500,112475,232.95,142.65
SILVER1,SILVER1EQN,22.32,22.6,22.6,0.28,1.25,24362,550581,38.8,11.95
SMCGLOBAL,SMCGLOBALEQN,84.95,86.0,86.0,1.05,1.24,8419,724034,94.9,54.44
PGIL,PGILEQN,2257.2,2285.0,2285.0,27.8,1.23,530,1211050,2539.6,1200.0
HARSHA,HARSHAEQN,455.45,461.05,461.05,5.6,1.23,1516,698951,469.0,313.3
LUMINO,LUMINOEQN,114.82,116.23,116.23,1.41,1.23,138623,16112151,122.0,106.54
UNIMECH,UNIMECHEQN,1495.7,1514.0,1514.0,18.3,1.22,749,1133986,1555.0,695.0
TRF,TRFEQN,235.13,238.0,238.0,2.87,1.22,1,238,405.0,215.5
MANINDS,MANINDSEQN,819.4,829.4,829.4,10.0,1.22,4289,3557296,826.95,302.05
UFO,UFOEQN,64.51,65.3,65.3,0.79,1.22,50,3265,92.97,53.75
GOLDADD,GOLDADDEQN,14.74,14.92,14.92,0.18,1.22,1,14,18.1,10.39
NATIONSTD,NATIONSTDEQN,104.73,106.0,106.0,1.27,1.21,11,1166,1519.95,98.27
THELEELA,THELEELAEQN,543.5,550.0,550.0,6.5,1.2,282,155100,582.85,384.5
DISAQ,DISAQEQN,11758.0,11899.0,11899.0,141.0,1.2,1,11899,12864.0,10851.0
AVANCE,AVANCEEQN,0.83,0.84,0.84,0.01,1.2,44067,37016,0.94,0.75
SILVERCASE,SILVERCASEEQN,23.31,23.59,23.59,0.28,1.2,2912,68694,38.01,12.5
ALPEXSOLAR,ALPEXSOLARSMN,933.9,945.0,945.0,11.1,1.19,300,283500,1374.85,660.0
SMSPHARMA,SMSPHARMAEQN,397.95,402.7,402.7,4.75,1.19,2870,1155749,447.8,238.0
SHALPAINTS,SHALPAINTSBEN,83.9,84.9,84.9,1.0,1.19,1000,84900,95.95,35.21
AAREYDRUGS,AAREYDRUGSEQN,97.31,98.47,98.47,1.16,1.19,31,3052,100.0,50.31
SHREDIGCEM,SHREDIGCEMEQN,72.04,72.9,72.9,0.86,1.19,1005,73264,97.15,53.9
TARC,TARCEQN,134.9,136.49,136.49,1.59,1.18,15381,2099352,186.3,109.1
MUKKA,MUKKAEQN,32.15,32.53,32.53,0.38,1.18,21966,714553,33.22,18.27
BALPHARMA,BALPHARMAEQN,92.69,93.78,93.78,1.09,1.18,111,10409,98.85,60.0
ETHOSLTD,ETHOSLTDEQN,2746.6,2779.0,2779.0,32.4,1.18,130,361270,3245.9,1919.4
WALCHANNAG,WALCHANNAGEQN,223.36,226.0,226.0,2.64,1.18,10294,2326444,315.8,131.15
QPOWER,QPOWEREQN,1482.5,1500.0,1500.0,17.5,1.18,1222,1833000,1570.0,581.0
NOVARTIND,NOVARTINDEQN,1639.6,1659.0,1659.0,19.4,1.18,212,351708,1780.0,950.0
GFLLIMITED,GFLLIMITEDEQN,62.17,62.9,62.9,0.73,1.17,2004,126051,81.0,37.25
HMT,HMTBZN,68.18,68.98,68.98,0.8,1.17,122,8415,72.95,41.0
STYL,STYLEQN,380.2,384.65,384.65,4.45,1.17,162,62313,437.45,209.11
GOLDTECH,GOLDTECHBEN,47.93,48.49,48.49,0.56,1.17,15,727,72.02,29.68
ARTEMISMED,ARTEMISMEDEQN,343.5,347.5,347.5,4.0,1.16,5830,2025925,344.6,203.35
GOACARBON,GOACARBONEQN,382.55,387.0,387.0,4.45,1.16,110,42570,494.9,272.85
MGEL,MGELEQN,15.72,15.9,15.9,0.18,1.15,677,10764,18.4,9.53
ACCURACY,ACCURACYBEN,4.33,4.38,4.38,0.05,1.15,267,1169,7.51,3.4
LOTUSDEV,LOTUSDEVBEN,199.71,202.0,202.0,2.29,1.15,6102,1232604,207.5,102.2
MITCON,MITCONEQN,80.58,81.5,81.5,0.92,1.14,250,20375,91.7,49.56
HILINFRA,HILINFRAEQN,43.72,44.22,44.22,0.5,1.14,51,2255,91.7,40.6
APTECHT,APTECHTBEN,89.47,90.49,90.49,1.02,1.14,114,10315,137.08,69.1
TATVA,TATVAEQN,1695.8,1715.0,1715.0,19.2,1.13,119,204085,1838.1,976.4
UNIENTER,UNIENTEREQN,92.85,93.9,93.9,1.05,1.13,100,9390,158.0,87.51
MALUPAPER,MALUPAPEREQN,33.07,33.44,33.44,0.37,1.12,205,6855,44.11,27.0
MWL,MWLEQN,38.5,38.93,38.93,0.43,1.12,3354,130571,43.94,18.35
EBGNG,EBGNGEQN,619.1,626.0,626.0,6.9,1.11,1861,1164986,689.5,239.0
EPACKPEB,EPACKPEBEQN,230.44,233.0,233.0,2.56,1.11,591,137703,344.0,132.17
GVPIL,GVPILEQN,655.15,662.45,662.45,7.3,1.11,150,99367,1084.0,270.9
TECHNOCRAF,TECHNOCRAFEQN,388.95,393.25,393.25,4.3,1.11,8642,3398466,397.4,284.0
SHILPAMED,SHILPAMEDEQN,939.5,949.85,949.85,10.35,1.1,4814,4572577,980.1,259.5
BALAJITELE,BALAJITELEEQN,91.81,92.82,92.82,1.01,1.1,2222,206246,141.32,69.52
SOTL,SOTLEQN,705.75,713.5,713.5,7.75,1.1,2605,1858667,850.1,285.8
SHANKESH,SHANKESHEQN,102.37,103.5,103.5,1.13,1.1,22651,2344378,111.0,87.25
PANORAMA,PANORAMAEQN,48.87,49.41,49.41,0.54,1.1,2,98,51.0,40.0
HCL-INSYS,HCL-INSYSEQN,9.99,10.1,10.1,0.11,1.1,871,8797,16.5,9.01
BEML,BEMLEQN,2097.2,2120.0,2120.0,22.8,1.09,6194,13131280,2275.75,1355.0
VENUSPIPES,VENUSPIPESEQN,1805.4,1825.0,1825.0,19.6,1.09,2482,4529650,1875.0,890.0
NECLIFE,NECLIFEEQN,12.07,12.2,12.2,0.13,1.08,6011,73334,22.4,9.3
WELENT,WELENTEQN,783.5,791.95,791.95,8.45,1.08,1734,1373241,825.0,412.0
ACL,ACLEQN,43.49,43.96,43.96,0.47,1.08,10,439,109.99,40.5
GOLDETF,GOLDETFEQN,147.84,149.44,149.44,1.6,1.08,1060,158406,173.5,104.32
PHOENXINTL,PHOENXINTLEQN,29.68,30.0,30.0,0.32,1.08,79,2370,35.64,27.61
COUNCODOS,COUNCODOSBEN,6.51,6.58,6.58,0.07,1.08,1,6,8.49,3.71
MAANALU,MAANALUEQN,115.27,116.5,116.5,1.23,1.07,80,9320,184.74,103.01
MOHITE,MOHITEEQN,2.81,2.84,2.84,0.03,1.07,286,812,3.3,2.15
EMPIND,EMPINDEQN,1192.1,1204.9,1204.9,12.8,1.07,42,50605,1248.0,1065.6
PIRAMALFIN,PIRAMALFINEQN,2261.0,2285.0,2285.0,24.0,1.06,126,287910,2324.0,1260.0
JUBLCPL,JUBLCPLEQN,2206.6,2230.0,2230.0,23.4,1.06,1,2230,2911.8,1460.0
CORONA,CORONAEQN,2071.4,2093.4,2093.4,22.0,1.06,21,43961,2270.1,1336.6
SILVERBEES,SILVERBEESEQN,219.96,222.3,222.3,2.34,1.06,25455,5658646,360.0,118.23
ALPHAGEO,ALPHAGEOBEN,324.55,328.0,328.0,3.45,1.06,100,32800,368.0,164.8
LASERPOWER,LASERPOWEREQN,310.7,313.95,313.95,3.25,1.05,5509,1729550,343.5,250.0
PFOCUS,PFOCUSEQN,311.75,315.0,315.0,3.25,1.04,7059,2223585,367.0,161.01
GREENPLY,GREENPLYEQN,302.2,305.35,305.35,3.15,1.04,140,42749,334.4,176.42
C2C,C2CSMN,215.75,218.0,218.0,2.25,1.04,1050,228900,814.0,204.5
OMNI,OMNIEQN,519.55,524.95,524.95,5.4,1.04,836,438858,764.85,176.25
YUKEN,YUKENEQN,1005.6,1016.0,1016.0,10.4,1.03,7,7112,1028.5,584.1
DCMSRIND,DCMSRINDEQN,44.53,44.99,44.99,0.46,1.03,161,7243,181.9,31.9
ROSSTECH,ROSSTECHEQN,1148.2,1160.0,1160.0,11.8,1.03,1124,1303840,1172.0,551.9
SBISILVER,SBISILVEREQN,225.27,227.6,227.6,2.33,1.03,808,183900,362.0,119.73
ROHLTD,ROHLTDEQN,303.9,307.0,307.0,3.1,1.02,1,307,563.95,269.4
KSL,KSLEQN,941.45,951.05,951.05,9.6,1.02,375,356643,982.55,574.0
VALIANTLAB,VALIANTLABBEN,108.7,109.8,109.8,1.1,1.01,225,24705,110.9,49.51
ECLERX,ECLERXEQN,1888.8,1907.8,1907.8,19.0,1.01,514,980609,2497.5,1320.0
BHANDARI,BHANDARIEQN,2.98,3.0,3.0,0.03,1.01,1798,5394,4.5,2.0
VINYLINDIA,VINYLINDIAEQN,228.68,231.0,231.0,2.32,1.01,10,2310,325.0,161.0
HAL,HALEQN,4855.2,4904.1,4904.1,48.9,1.01,8248,40449016,5149.9,3479.1
JUNIPER,JUNIPEREQN,215.33,217.5,217.5,2.17,1.01,61,13267,312.5,188.5
SILVERIETF,SILVERIETFEQN,229.68,232.0,232.0,2.32,1.01,1818,421776,373.5,123.6
SSWL,SSWLEQN,371.3,375.0,375.0,3.7,1.0,4780,1792500,383.8,169.0
CAMLINFINE,CAMLINFINEEQN,101.68,102.7,102.7,1.02,1.0,1003,103008,235.0,96.21
ZIMLAB,ZIMLABEQN,129.16,130.45,130.45,1.29,1.0,111,14479,136.9,59.31
TIIL,TIILEQN,3166.4,3198.0,3198.0,31.6,1.0,8,25584,3565.3,1868.5
APOLLO,APOLLOEQN,403.95,408.0,408.0,4.05,1.0,114253,46615224,466.5,179.5
63MOONS,63MOONSEQN,872.7,881.4,881.4,8.7,1.0,1587,1398781,1007.7,467.0
DELPHIFX,DELPHIFXBEN,6.01,6.07,6.07,0.06,1.0,15,91,18.25,5.8
MTARTECH,MTARTECHBEN,7519.0,7594.0,7594.0,75.0,1.0,4275,32464350,8714.0,1400.0
PAVNAIND,PAVNAINDEQN,16.09,16.25,16.25,0.16,0.99,100,1625,43.8,14.11
JINDALPOLY,JINDALPOLYEQN,699.1,706.0,706.0,6.9,0.99,157,110842,1026.45,365.0
IGPL,IGPLEQN,558.8,564.35,564.35,5.55,0.99,9,5079,576.0,315.0
BEL,BELEQN,404.0,408.0,408.0,4.0,0.99,88376,36057408,473.45,369.9
TIRUPATIFL,TIRUPATIFLBEN,70.85,71.55,71.55,0.7,0.99,252,18030,83.9,30.11
VMART,VMARTEQN,826.2,834.4,834.4,8.2,0.99,208,173555,888.0,457.9
BLACKROSE,BLACKROSEBEN,111.86,112.97,112.97,1.11,0.99,90,10167,129.9,80.05
GAYAPROJ,GAYAPROJEQN,22.18,22.4,22.4,0.22,0.99,4610,103264,26.0,8.28
TATSILV,TATSILVEQN,22.31,22.53,22.53,0.22,0.99,24551,553134,35.1,11.63
AMBIKCO,AMBIKCOEQN,1642.8,1658.9,1658.9,16.1,0.98,102,169207,1931.0,1101.0
COSMOFIRST,COSMOFIRSTEQN,926.3,935.4,935.4,9.1,0.98,61,57059,996.0,560.8
MEDICAMEQ,MEDICAMEQEQN,279.25,282.0,282.0,2.75,0.98,342,96444,447.65,212.4
VIGOR,VIGORSMN,112.75,113.85,113.85,1.1,0.98,1600,182160,114.4,44.75
MARATHON,MARATHONEQN,459.5,463.95,463.95,4.45,0.97,670,310846,685.4,344.05
ALEMBICLTD,ALEMBICLTDEQN,108.05,109.1,109.1,1.05,0.97,4792,522807,117.72,70.46
GLOBALVECT,GLOBALVECTEQN,139.64,141.0,141.0,1.36,0.97,6,846,248.0,129.0
ZFSTEERING,ZFSTEERINGEQN,668.5,675.0,675.0,6.5,0.97,32,21600,894.98,620.65
SHRIKRISH,SHRIKRISHEQN,39.22,39.6,39.6,0.38,0.97,7,277,56.0,35.0
SPORTKING,SPORTKINGEQN,221.85,224.0,224.0,2.15,0.97,193,43232,241.51,78.17
PDMJEPAPER,PDMJEPAPEREQN,101.43,102.4,102.4,0.97,0.96,3624,371097,132.96,65.0
EDELWEISS,EDELWEISSEQN,132.72,134.0,134.0,1.28,0.96,26522,3553948,138.24,98.0
RATNAVEER,RATNAVEEREQN,306.45,309.35,309.35,2.9,0.95,112726,34871788,316.0,130.5
UMIYA-MRO,UMIYA-MROEQN,104.82,105.82,105.82,1.0,0.95,1,105,110.9,70.0
AVTNPL,AVTNPLEQN,90.1,90.96,90.96,0.86,0.95,331,30107,97.0,53.5
ZOTA,ZOTAEQN,1089.7,1100.1,1100.1,10.4,0.95,52,57205,1740.0,1022.0
STEELCAS,STEELCASEQN,326.85,329.95,329.95,3.1,0.95,42,13857,364.0,176.02
POCL,POCLEQN,467.95,472.4,472.4,4.45,0.95,1628,769067,647.6,392.2
DLINKINDIA,DLINKINDIAEQN,445.7,449.95,449.95,4.25,0.95,55,24747,549.2,367.65
LICMFGOLD,LICMFGOLDEQN,137.1,138.4,138.4,1.3,0.95,20,2768,162.0,97.5
GOLDIETF,GOLDIETFEQN,130.01,131.25,131.25,1.24,0.95,42116,5527725,158.0,91.62
GAJA,GAJAEQN,155.42,156.9,156.9,1.48,0.95,3306,518711,191.65,149.51
VSTL,VSTLEQN,121.75,122.9,122.9,1.15,0.94,21,2580,168.0,100.8
BLSE,BLSEEQN,319.45,321.95,321.95,3.0,0.94,503,161940,331.3,124.3
ABAN,ABANBEN,14.84,14.98,14.98,0.14,0.94,100,1498,45.72,12.89
INDORAMA,INDORAMAEQN,73.56,74.25,74.25,0.69,0.94,2980,221265,78.0,29.0
FEDFINA,FEDFINAEQN,165.45,167.0,167.0,1.55,0.94,2423,404641,178.48,119.07
IIFL,IIFLEQN,654.05,660.2,660.2,6.15,0.94,12645,8348229,705.0,409.1
PARASPETRO,PARASPETROEQN,2.15,2.17,2.17,0.02,0.93,1247,2705,3.23,1.53
KPL,KPLEQN,3411.2,3443.0,3443.0,31.8,0.93,220,757460,3744.0,1561.0
INDOAMIN,INDOAMINBEN,127.23,128.4,128.4,1.17,0.92,1,128,149.0,81.9
IOLCP,IOLCPEQN,213.04,215.0,215.0,1.96,0.92,54922,11808230,217.5,67.19
HOMEFIRST,HOMEFIRSTEQN,1233.7,1245.1,1245.1,11.4,0.92,721,897717,1317.7,893.7
ANAWIL,ANAWILSMN,396.35,400.0,400.0,3.65,0.92,400,160000,491.95,313.2
SILVER,SILVEREQN,229.65,231.76,231.76,2.11,0.92,515,119356,371.89,123.85
DOLPHIN,DOLPHINEQN,720.4,726.95,726.95,6.55,0.91,701,509591,741.4,322.0
GNRL,GNRLEQN,113.96,115.0,115.0,1.04,0.91,5646,649290,120.9,83.2
SAMBHV,SAMBHVEQN,133.53,134.75,134.75,1.22,0.91,12854,1732076,141.32,81.42
SUVIDHAA,SUVIDHAAEQN,2.21,2.23,2.23,0.02,0.9,240,535,4.25,1.77
SIKKO,SIKKOBEN,5.56,5.61,5.61,0.05,0.9,1313,7365,6.83,3.2
KRN,KRNEQN,1625.4,1639.9,1639.9,14.5,0.89,989,1621861,1668.0,589.8
EMCURE,EMCUREEQN,1926.8,1944.0,1944.0,17.2,0.89,122,237168,2048.0,1260.0
GATEWAY,GATEWAYEQN,53.96,54.44,54.44,0.48,0.89,1607,87485,66.25,48.1
JUSTDIAL,JUSTDIALEQN,698.75,705.0,705.0,6.25,0.89,439,309495,878.6,480.5
HEXATRADEX,HEXATRADEXEQN,158.58,159.98,159.98,1.4,0.88,2,319,194.89,147.26
RSL,RSLEQN,186.05,187.69,187.69,1.64,0.88,2587,485554,188.4,101.7
SUYOG,SUYOGEQN,718.5,724.8,724.8,6.3,0.88,7,5073,921.15,526.5
KRISHNADEF,KRISHNADEFEQN,1066.4,1075.8,1075.8,9.4,0.88,433,465821,1400.0,665.0
VISHAL,VISHALEQN,18.24,18.4,18.4,0.16,0.88,9,165,21.94,17.35
SHAH,SHAHEQN,3.46,3.49,3.49,0.03,0.87,6128,21386,5.82,2.56
QUICKHEAL,QUICKHEALEQN,153.16,154.49,154.49,1.33,0.87,1106,170865,371.4,125.0
IFCI,IFCIEQN,102.51,103.4,103.4,0.89,0.87,576689,59629642,107.5,46.23
VINDHYATEL,VINDHYATELEQN,2765.0,2789.0,2789.0,24.0,0.87,346,964994,2952.6,963.9
TANAA,TANAAEQN,282.0,284.45,284.45,2.45,0.87,118,33565,322.0,279.0
HARDWYN,HARDWYNEQN,9.17,9.25,9.25,0.08,0.87,5959,55120,20.2,7.76
INTELLECT,INTELLECTEQN,682.15,688.0,688.0,5.85,0.86,2445,1682160,1244.6,595.2
HONDAPOWER,HONDAPOWEREQN,1999.8,2017.0,2017.0,17.2,0.86,6,12102,2969.2,1816.6
KANORICHEM,KANORICHEMBEN,155.41,156.75,156.75,1.34,0.86,14,2194,164.6,56.0
SUPERSPIN,SUPERSPINBEN,6.99,7.05,7.05,0.06,0.86,7,49,9.99,3.79
AROGRANITE,AROGRANITEEQN,24.29,24.5,24.5,0.21,0.86,200,4900,45.63,18.67
CEWATER,CEWATEREQN,265.25,267.5,267.5,2.25,0.85,5,1337,539.9,235.0
NAGREEKEXP,NAGREEKEXPEQN,22.31,22.5,22.5,0.19,0.85,10,225,40.0,17.5
THOMASCOTT,THOMASCOTTEQN,259.65,261.85,261.85,2.2,0.85,16,4189,459.8,230.0
CONFIPET,CONFIPETEQN,82.18,82.88,82.88,0.7,0.85,7480,619942,88.27,28.06
VARDMNPOLY,VARDMNPOLYEQN,5.89,5.94,5.94,0.05,0.85,50,297,9.49,5.1
TIGERLOGS,TIGERLOGSEQN,28.08,28.32,28.32,0.24,0.85,25,708,56.69,22.9
EMIL,EMILEQN,178.24,179.75,179.75,1.51,0.85,2175,390956,196.74,84.9
SHANTIGOLD,SHANTIGOLDEQN,270.72,273.0,273.0,2.28,0.84,12764,3484572,280.75,155.0
DODLA,DODLAEQN,1073.1,1082.1,1082.1,9.0,0.84,16,17313,1487.4,964.1
EVEREADY,EVEREADYEQN,327.15,329.9,329.9,2.75,0.84,290,95671,469.6,259.65
SANSTAR,SANSTAREQN,110.01,110.93,110.93,0.92,0.84,136,15086,137.49,74.3
NESCO,NESCOEQN,1076.0,1085.0,1085.0,9.0,0.84,135,146475,1638.9,996.0
DMCC,DMCCEQN,293.3,295.75,295.75,2.45,0.84,3,887,332.9,191.35
SUNDROP,SUNDROPEQN,659.45,665.0,665.0,5.55,0.84,5,3325,883.45,556.0
KOVAI,KOVAIEQN,6069.0,6120.0,6120.0,51.0,0.84,2,12240,6340.0,5275.5
REMSONSIND,REMSONSINDEQN,97.86,98.68,98.68,0.82,0.84,15,1480,152.45,75.23
CORDELIA,CORDELIAEQN,109.08,110.0,110.0,0.92,0.84,17779,1955690,109.65,62.31
FINKURVE,FINKURVEEQN,71.45,72.05,72.05,0.6,0.84,250,18012,134.9,48.02
LAXMIDENTL,LAXMIDENTLEQN,197.73,199.38,199.38,1.65,0.83,6,1196,377.05,155.88
BCG,BCGEQN,9.62,9.7,9.7,0.08,0.83,50460,489462,16.39,7.7
ECOSMOBLTY,ECOSMOBLTYEQN,111.75,112.68,112.68,0.93,0.83,361,40677,294.6,103.94
GTLINFRA,GTLINFRAEQN,1.2,1.21,1.21,0.01,0.83,540554,654070,1.67,0.96
ORIENTELEC,ORIENTELECEQN,176.38,177.84,177.84,1.46,0.83,95,16894,217.51,149.05
CSLFINANCE,CSLFINANCEEQN,243.61,245.64,245.64,2.03,0.83,130,31933,324.7,209.7
ANURAS,ANURASEQN,1233.6,1243.9,1243.9,10.3,0.83,1296,1612094,1415.0,1045.2
MEDICO,MEDICOEQN,40.77,41.11,41.11,0.34,0.83,100,4111,56.88,30.22
SAIPARENT,SAIPARENTEQN,516.45,520.75,520.75,4.3,0.83,88,45826,706.0,400.0
OMPOWER,OMPOWEREQN,170.31,171.73,171.73,1.42,0.83,4,686,206.0,158.01
AUGMONT,AUGMONTEQN,891.6,899.0,899.0,7.4,0.83,4017,3611283,1019.8,851.0
JYOTIRES,JYOTIRESEQN,868.75,875.95,875.95,7.2,0.83,21,18394,911.0,830.25
SILGO,SILGOEQN,73.15,73.76,73.76,0.61,0.83,613,45214,86.2,57.55
DEEDEV,DEEDEVEQN,677.05,682.6,682.6,5.55,0.82,449,306487,760.0,183.0
SOLARINDS,SOLARINDSEQN,21950.0,22130.0,22130.0,180.0,0.82,1006,22262780,22200.0,11646.0
BANSALWIRE,BANSALWIREEQN,317.4,320.0,320.0,2.6,0.82,112,35840,370.0,222.5
SPECIALITY,SPECIALITYBEN,135.29,136.4,136.4,1.11,0.82,46,6274,167.46,82.7
ACE,ACEEQN,1113.2,1122.2,1122.2,9.0,0.81,1050,1178310,1196.0,745.1
RATNAMANI,RATNAMANIEQN,2658.5,2680.0,2680.0,21.5,0.81,10,26800,3345.0,1936.5
SPLPETRO,SPLPETROEQN,802.5,809.0,809.0,6.5,0.81,3831,3099279,979.0,462.3
NUVOCO,NUVOCOEQN,345.1,347.9,347.9,2.8,0.81,304,105761,467.0,276.25
BLUECLOUDS,BLUECLOUDSEQN,19.69,19.85,19.85,0.16,0.81,3689,73226,24.5,19.61
DBEIL,DBEILEQN,7.5,7.56,7.56,0.06,0.8,18288,138257,18.56,5.15
WINDLAS,WINDLASEQN,1154.75,1164.0,1164.0,9.25,0.8,787,916068,1181.9,697.4
HINDALCO,HINDALCOEQN,1006.0,1014.0,1014.0,8.0,0.8,5883,5965362,1176.0,731.95
ORIENTPPR,ORIENTPPREQN,18.81,18.96,18.96,0.15,0.8,3546,67232,28.96,13.25
GUJTHEM,GUJTHEMEQN,429.3,432.75,432.75,3.45,0.8,4569,1977234,479.0,225.05
OBSCP,OBSCPSMN,838.25,844.95,844.95,6.7,0.8,400,337980,921.0,269.95
GANESHCP,GANESHCPEQN,169.59,170.95,170.95,1.36,0.8,391,66841,309.95,152.0
BUILDPRO,BUILDPROEQN,1271.4,1281.6,1281.6,10.2,0.8,196,251193,1380.0,636.0
AVL,AVLEQN,599.25,604.0,604.0,4.75,0.79,2,1208,705.0,436.55
LINCOLN,LINCOLNEQN,632.35,637.35,637.35,5.0,0.79,108,68833,770.0,440.0
TRANSTEEL,TRANSTEELSMN,76.0,76.6,76.6,0.6,0.79,8000,612800,169.0,71.15
SENCO,SENCOEQN,365.1,368.0,368.0,2.9,0.79,3074,1131232,430.0,276.0
BLUSPRING,BLUSPRINGEQN,137.19,138.28,138.28,1.09,0.79,742,102603,139.8,43.98
KABRAEXTRU,KABRAEXTRUEQN,634.5,639.5,639.5,5.0,0.79,1942,1241909,642.0,180.0
QUADFUTURE,QUADFUTUREEQN,415.65,418.9,418.9,3.25,0.78,242,101373,485.0,248.55
GRWRHITECH,GRWRHITECHEQN,6951.5,7006.0,7006.0,54.5,0.78,106,742636,7990.0,2690.7
BRIGHOTEL,BRIGHOTELEQN,57.34,57.79,57.79,0.45,0.78,1317,76109,88.27,54.36
ESCORTS,ESCORTSEQN,2957.4,2980.3,2980.3,22.9,0.77,388,1156356,3987.8,2700.0
CENTURYPLY,CENTURYPLYEQN,739.3,745.0,745.0,5.7,0.77,155,115475,859.0,618.5
RAMANEWS,RAMANEWSEQN,32.64,32.89,32.89,0.25,0.77,9,296,42.0,27.05
PODDARMENT,PODDARMENTEQN,277.85,280.0,280.0,2.15,0.77,22,6160,297.95,201.1
GENCON,GENCONEQN,41.98,42.3,42.3,0.32,0.76,998,42215,59.96,36.35
ROLEXRINGS,ROLEXRINGSEQN,175.67,177.0,177.0,1.33,0.76,2456,434712,189.4,99.79
BANDHANBNK,BANDHANBNKEQN,164.7,165.95,165.95,1.25,0.76,21080,3498226,220.76,134.25
SHINDL,SHINDLEQN,162.77,164.0,164.0,1.23,0.76,378,61992,179.99,130.6
HAZOOR,HAZOOREQN,19.85,20.0,20.0,0.15,0.76,2885,57700,22.49,17.44
MANAPPURAM,MANAPPURAMEQN,325.6,328.05,328.05,2.45,0.75,11820,3877551,381.55,245.15
CUBEXTUB,CUBEXTUBEQN,76.25,76.82,76.82,0.57,0.75,481,36950,143.69,73.1
ZENTEC,ZENTECEQN,1794.6,1808.0,1808.0,13.4,0.75,1353,2446224,2043.7,1223.0
TIMEX,TIMEXEQN,628.3,633.0,633.0,4.7,0.75,700,443100,687.8,312.0
KMEW,KMEWEQN,2961.6,2983.8,2983.8,22.2,0.75,50,149190,3175.0,851.65
MERCURYEV,MERCURYEVEQN,37.4,37.68,37.68,0.28,0.75,456,17182,41.5,30.16
KSHINTL,KSHINTLEQN,1105.65,1113.95,1113.95,8.3,0.75,1709,1903740,1125.9,330.0
SWARAJ,SWARAJBEN,355.35,358.0,358.0,2.65,0.75,52,18616,386.75,158.5
TTL,TTLEQN,6.74,6.79,6.79,0.05,0.74,5,33,11.8,5.5
BBOX,BBOXEQN,774.25,780.0,780.0,5.75,0.74,4227,3297060,1103.0,440.0
SASKEN,SASKENEQN,1826.6,1840.1,1840.1,13.5,0.74,41,75444,2780.2,991.0
ADVAIT,ADVAITEQN,2096.4,2111.9,2111.9,15.5,0.74,158,333680,2485.0,1351.0
RANASUG,RANASUGEQN,14.99,15.1,15.1,0.11,0.73,1342,20264,16.45,10.21
GLENMARK,GLENMARKEQN,2451.9,2469.9,2469.9,18.0,0.73,608,1501699,2537.6,1792.6
PRAKASH,PRAKASHEQN,125.08,125.99,125.99,0.91,0.73,802,101043,177.0,110.24
MARKSANS,MARKSANSEQN,335.05,337.5,337.5,2.45,0.73,18505,6245437,345.5,155.0
IDEAFORGE,IDEAFORGEEQN,765.45,771.0,771.0,5.55,0.73,654,504234,992.25,366.0
INDIQUBE,INDIQUBEEQN,202.13,203.61,203.61,1.48,0.73,689,140287,243.8,131.15
SETFGOLD,SETFGOLDEQN,129.56,130.5,130.5,0.94,0.73,10796,1408878,153.95,90.61
SILVERBETA,SILVERBETAEQN,222.04,223.66,223.66,1.62,0.73,1000,223660,379.66,119.83
NEOGEN,NEOGENEQN,2207.1,2223.2,2223.2,16.1,0.73,235,522452,2483.9,966.7
MRPL,MRPLEQN,173.19,174.43,174.43,1.24,0.72,27106,4728099,212.31,125.0
RAIN,RAINEQN,211.38,212.9,212.9,1.52,0.72,29897,6365071,252.0,99.9
MILKYMIST,MILKYMISTEQN,276.01,278.0,278.0,1.99,0.72,106184,29519152,277.67,165.0
PARKHOTELS,PARKHOTELSEQN,111.21,112.0,112.0,0.79,0.71,4,448,164.1,95.1
DHAMPURSUG,DHAMPURSUGEQN,171.28,172.49,172.49,1.21,0.71,584,100734,199.92,110.0
UNITECH,UNITECHEQN,4.22,4.25,4.25,0.03,0.71,68186,289790,7.93,3.1
AYE,AYEEQN,184.06,185.37,185.37,1.31,0.71,759,140695,197.29,88.22
KINGFA,KINGFAEQN,6056.5,6099.0,6099.0,42.5,0.7,42,256158,6200.0,3649.9
NSLNISP,NSLNISPEQN,45.87,46.19,46.19,0.32,0.7,11776,543933,53.75,33.01
ZUARIIND,ZUARIINDEQN,280.4,282.35,282.35,1.95,0.7,129,36423,416.0,210.0
CINELINE,CINELINEEQN,98.71,99.4,99.4,0.69,0.7,364,36181,104.4,73.35
WAAREEINDO,WAAREEINDOEQN,265.55,267.4,267.4,1.85,0.7,90,24066,725.0,261.2
CLEANMAX,CLEANMAXEQN,1380.4,1390.0,1390.0,9.6,0.7,416,578240,1536.0,727.1
PPL,PPLBEN,270.05,271.95,271.95,1.9,0.7,20,5439,334.55,163.21
KAPSTON,KAPSTONEQN,566.5,570.4,570.4,3.9,0.69,32,18252,600.0,158.13
DENTA,DENTAEQN,280.65,282.6,282.6,1.95,0.69,105,29673,479.6,222.0
SANDHAR,SANDHAREQN,620.4,624.7,624.7,4.3,0.69,465,290485,763.2,424.0
GTL,GTLEQN,7.25,7.3,7.3,0.05,0.69,312,2277,11.26,4.91
INFY,INFYEQN,1087.5,1095.0,1095.0,7.5,0.69,74677,81771315,1728.0,982.4
OLECTRA,OLECTRAEQN,1207.4,1215.7,1215.7,8.3,0.69,1067,1297151,1714.2,866.6
KECL,KECLEQN,122.93,123.78,123.78,0.85,0.69,224,27726,155.0,75.47
JAINREC,JAINRECEQN,281.35,283.3,283.3,1.95,0.69,4111,1164646,593.95,247.57
QMSMEDI,QMSMEDIBEN,161.87,162.98,162.98,1.11,0.69,6,977,165.0,68.95
ALKYLAMINE,ALKYLAMINEEQN,1986.3,1999.9,1999.9,13.6,0.68,84,167991,2116.8,1212.0
HMAAGRO,HMAAGROEQN,20.66,20.8,20.8,0.14,0.68,1331,27684,34.24,20.0
STOVEKRAFT,STOVEKRAFTEQN,849.25,855.0,855.0,5.75,0.68,111,94905,877.0,447.05
GLAXO,GLAXOEQN,2957.8,2978.0,2978.0,20.2,0.68,79,235262,3120.7,2088.1
TVSSRICHAK,TVSSRICHAKEQN,5305.0,5341.0,5341.0,36.0,0.68,56,299096,5760.0,2871.5
MADRASFERT,MADRASFERTEQN,64.56,65.0,65.0,0.44,0.68,151,9815,93.49,52.56
BDL,BDLEQN,1241.7,1250.1,1250.1,8.4,0.68,6427,8034392,1654.0,1086.0
GNA,GNAEQN,543.2,546.9,546.9,3.7,0.68,100,54690,601.65,295.0
AMAL,AMALEQN,758.85,764.0,764.0,5.15,0.68,1,764,822.0,730.05
KDGREEN,KDGREENEQN,48.57,48.9,48.9,0.33,0.68,6,293,61.49,48.05
AONESILVER,AONESILVEREQN,8.79,8.85,8.85,0.06,0.68,3,26,12.0,7.43
IKS,IKSEQN,1788.0,1800.0,1800.0,12.0,0.67,190,342000,1933.0,1262.0
ORIENTCER,ORIENTCEREQN,44.6,44.9,44.9,0.3,0.67,1,44,56.64,34.0
NAVA,NAVAEQN,556.25,559.95,559.95,3.7,0.67,394,220620,739.4,501.65
ALUFLUOR,ALUFLUOREQN,499.15,502.5,502.5,3.35,0.67,1,502,509.9,421.0
SANDUMA,SANDUMAEQN,195.17,196.45,196.45,1.28,0.66,1265,248509,273.0,151.5
FINCABLES,FINCABLESEQN,1227.0,1235.1,1235.1,8.1,0.66,1446,1785954,1374.0,700.8
RADIANTCMS,RADIANTCMSEQN,42.72,43.0,43.0,0.28,0.66,4804,206572,57.49,32.33
SEAMECLTD,SEAMECLTDEQN,1779.9,1791.6,1791.6,11.7,0.66,299,535688,1828.9,771.75
HEROMOTOCO,HEROMOTOCOEQN,5270.0,5305.0,5305.0,35.0,0.66,3864,20498520,6388.5,4671.5
HINDZINC,HINDZINCEQN,589.15,593.05,593.05,3.9,0.66,89565,53116523,733.0,430.75
TNPL,TNPLEQN,159.5,160.55,160.55,1.05,0.66,458,73531,175.75,121.51
EFCIL,EFCILEQN,191.74,193.0,193.0,1.26,0.66,109,21037,329.26,171.42
CHEVIOT,CHEVIOTEQN,1217.1,1225.0,1225.0,7.9,0.65,2,2450,1370.5,898.0
DIVISLAB,DIVISLABEQN,9315.0,9375.5,9375.5,60.5,0.65,4980,46689990,9467.0,5636.5
GULFOILLUB,GULFOILLUBEQN,1052.8,1059.6,1059.6,6.8,0.65,60,63576,1329.0,865.0
INNOVACAP,INNOVACAPEQN,1164.4,1172.0,1172.0,7.6,0.65,105,123060,1199.9,622.0
VINYAS,VINYASSMN,1520.25,1530.0,1530.0,9.75,0.64,200,306000,1730.0,809.0
LMW,LMWEQN,18551.0,18670.0,18670.0,119.0,0.64,1,18670,20151.0,11920.0
MSTCLTD,MSTCLTDEQN,785.65,790.7,790.7,5.05,0.64,1813,1433539,795.0,362.15
SYNCOMF,SYNCOMFEQN,20.27,20.4,20.4,0.13,0.64,20548,419179,22.59,10.21
SEYAIND,SEYAINDBEN,12.41,12.49,12.49,0.08,0.64,100,1249,23.99,8.54
DVL,DVLEQN,298.2,300.1,300.1,1.9,0.64,10,3001,380.6,186.99
CIEINDIA,CIEINDIAEQN,383.55,386.0,386.0,2.45,0.64,1219,470534,526.0,382.25
AURIONPRO,AURIONPROEQN,668.7,673.0,673.0,4.3,0.64,527,354671,1309.9,665.15
AEROFLEX,AEROFLEXEQN,558.15,561.65,561.65,3.5,0.63,18043,10133850,570.5,158.0
LICI,LICIEQN,411.5,414.1,414.1,2.6,0.63,42035,17406693,468.48,360.75
AMBICAAGAR,AMBICAAGAREQN,26.83,27.0,27.0,0.17,0.63,21,567,29.68,20.0
DIGIDRIVE,DIGIDRIVEEQN,17.73,17.84,17.84,0.11,0.62,2,35,34.37,16.1
NORTHARC,NORTHARCEQN,306.0,307.9,307.9,1.9,0.62,4439,1366768,334.0,206.0
CARERATING,CARERATINGEQN,1729.3,1740.0,1740.0,10.7,0.62,149,259260,1838.0,1392.7
MIDHANI,MIDHANIEQN,419.9,422.5,422.5,2.6,0.62,1893,799792,456.6,266.65
SRM,SRMEQN,460.05,462.9,462.9,2.85,0.62,267,123594,649.95,361.35
SAKUMA,SAKUMAEQN,1.62,1.63,1.63,0.01,0.62,48427,78936,3.1,1.1
GOLDAXIS,GOLDAXISEQN,126.22,127.0,127.0,0.78,0.62,733,93091,150.0,89.53
GANGAFORGE,GANGAFORGEEQN,1.63,1.64,1.64,0.01,0.61,29870,48986,3.29,1.53
JAMNAAUTO,JAMNAAUTOEQN,126.61,127.38,127.38,0.77,0.61,6738,858286,152.6,89.74
GANDHITUBE,GANDHITUBEEQN,898.55,904.0,904.0,5.45,0.61,5,4520,1031.8,681.05
GLOBUSSPR,GLOBUSSPREQN,895.1,894.0,894.0,5.4,0.61,330,295020,1252.8,800.05
NEULANDLAB,NEULANDLABEQN,22870.0,23010.0,23010.0,140.0,0.61,87,2001870,23881.0,11500.0
IDBI,IDBIEQN,90.75,91.3,91.3,0.55,0.61,35757,3264614,118.38,61.01
ANTHEM,ANTHEMEQN,933.5,939.2,939.2,5.7,0.61,693,650865,973.5,579.15
HARIOMPIPE,HARIOMPIPEEQN,365.2,367.4,367.4,2.2,0.6,247,90747,572.2,268.05
LOKESHMACH,LOKESHMACHEQN,357.7,359.85,359.85,2.15,0.6,61,21950,385.8,138.96
GRAUWEIL,GRAUWEILEQN,71.45,71.88,71.88,0.43,0.6,11,790,87.4,62.09
JUBLPHARMA,JUBLPHARMAEQN,950.3,956.0,956.0,5.7,0.6,1425,1362300,1184.8,786.05
SANATHAN,SANATHANEQN,470.9,473.7,473.7,2.8,0.59,524,248218,551.95,352.6
RAJRATAN,RAJRATANEQN,488.8,491.7,491.7,2.9,0.59,210,103257,563.95,305.55
MCX,MCXEQN,3330.2,3350.0,3350.0,19.8,0.59,10037,33623950,3480.0,1496.0
TEGA,TEGAEQN,1603.5,1613.0,1613.0,9.5,0.59,250,403250,2125.0,1473.0
ANDHRSUGAR,ANDHRSUGAREQN,99.4,99.99,99.99,0.59,0.59,986,98590,107.23,66.5
SESHAPAPER,SESHAPAPEREQN,242.37,243.8,243.8,1.43,0.59,50,12190,293.11,209.96
AZAD,AZADEQN,2868.0,2885.0,2885.0,17.0,0.59,1416,4085160,2986.6,1360.0
CSBBANK,CSBBANKEQN,321.15,323.0,323.0,1.85,0.58,1219,393737,574.4,312.95
PRABHA,PRABHAEQN,243.39,244.8,244.8,1.41,0.58,4674,1144195,258.4,137.91
SHREECEM,SHREECEMEQN,23365.0,23500.0,23500.0,135.0,0.58,41,963500,30660.0,22550.0
HEIDELBERG,HEIDELBERGEQN,160.56,161.49,161.49,0.93,0.58,1969,317973,220.9,136.1
CAPLIPOINT,CAPLIPOINTEQN,2814.0,2830.0,2830.0,16.0,0.57,217,614110,2877.3,1500.3
DIAMONDYD,DIAMONDYDEQN,1142.2,1148.7,1148.7,6.5,0.57,20,22974,1245.0,858.9
DATAPATTNS,DATAPATTNSEQN,4590.8,4617.1,4617.1,26.3,0.57,2081,9608185,5000.0,2131.0
SYMBIOTEC,SYMBIOTECEQN,1098.7,1105.0,1105.0,6.3,0.57,4798,5301790,1180.0,934.2
SHUKRAPHAR,SHUKRAPHAREQN,53.07,53.37,53.37,0.3,0.57,5120,273254,55.54,40.06
NETWEB,NETWEBEQN,5157.0,5186.0,5186.0,29.0,0.56,9393,48712098,5813.0,2822.3
PACEDIGITK,PACEDIGITKEQN,161.09,162.0,162.0,0.91,0.56,2637,427194,231.95,139.81
FEDDERSHOL,FEDDERSHOLEQN,48.03,48.3,48.3,0.27,0.56,6399,309071,53.49,32.06
FIRSTCRY,FIRSTCRYEQN,177.03,178.0,178.0,0.97,0.55,3453,614634,438.7,168.15
UGARSUGAR,UGARSUGAREQN,54.19,54.49,54.49,0.3,0.55,755,41139,62.1,33.75
DEEPINDS,DEEPINDSEQN,785.2,789.55,789.55,4.35,0.55,438,345822,799.5,330.0
ESSARSHPNG,ESSARSHPNGEQN,16.41,16.5,16.5,0.09,0.55,1823,30079,43.26,15.71
FSL,FSLEQN,259.6,261.0,261.0,1.4,0.54,1105,288405,379.7,202.0
HSCL,HSCLEQN,672.65,676.3,676.3,3.65,0.54,9768,6606098,819.5,418.5
GREAVESCOT,GREAVESCOTEQN,194.45,195.5,195.5,1.05,0.54,2110,412505,271.9,119.99
AMRUTANJAN,AMRUTANJANEQN,500.3,503.0,503.0,2.7,0.54,1,503,790.95,482.8
GIPCL,GIPCLEQN,200.72,201.8,201.8,1.08,0.54,463,93433,211.71,119.9
PARAGMILK,PARAGMILKEQN,250.25,251.6,251.6,1.35,0.54,3619,910540,376.95,177.84
SEJALLTD,SEJALLTDEQN,666.05,669.65,669.65,3.6,0.54,9,6026,1036.7,381.0
INOXINDIA,INOXINDIAEQN,2231.4,2243.4,2243.4,12.0,0.54,57,127873,2320.0,1068.2
SUMAX,SUMAXSTN,111.4,112.0,112.0,0.6,0.54,1200,134400,116.0,101.2
TPLPLASTEH,TPLPLASTEHEQN,68.61,68.98,68.98,0.37,0.54,102,7035,90.33,50.01
GOPAL,GOPALEQN,266.3,267.7,267.7,1.4,0.53,40,10708,398.0,247.55
ALOKINDS,ALOKINDSEQN,7.6,7.64,7.64,0.04,0.53,102494,783054,19.34,7.06
GODREJCP,GODREJCPEQN,861.9,866.5,866.5,4.6,0.53,1582,1370803,1273.9,857.1
20MICRONS,20MICRONSEQN,224.8,226.0,226.0,1.2,0.53,573,129498,237.45,129.61
BSHSL,BSHSLEQN,92.51,93.0,93.0,0.49,0.53,2,186,140.2,59.16
VAKRANGEE,VAKRANGEEEQN,5.66,5.69,5.69,0.03,0.53,2473,14071,9.77,4.61
SUMEETINDS,SUMEETINDSEQN,11.29,11.35,11.35,0.06,0.53,10040,113954,35.67,11.09
SHALBY,SHALBYEQN,151.24,152.04,152.04,0.8,0.53,301,45764,274.7,125.82
MANAKALUCO,MANAKALUCOEQN,39.44,39.65,39.65,0.21,0.53,3964,157172,68.12,21.73
SKFINDIA,SKFINDIAEQN,1546.6,1554.8,1554.8,8.2,0.53,4,6219,5074.0,1404.0
VEDPOWER,VEDPOWEREQN,34.12,34.3,34.3,0.18,0.53,72860,2499098,49.88,33.06
NIVABUPA,NIVABUPAEQN,80.67,81.09,81.09,0.42,0.52,645,52303,91.4,67.5
RAMCOCEM,RAMCOCEMEQN,871.5,876.0,876.0,4.5,0.52,127,111252,1214.5,838.3
MOREPENLAB,MOREPENLABEQN,118.88,119.5,119.5,0.62,0.52,128931,15407254,122.14,33.05
ACI,ACIEQN,509.35,512.0,512.0,2.65,0.52,409,209408,726.0,479.8
AIAENG,AIAENGEQN,4224.0,4246.0,4246.0,22.0,0.52,122,518012,5180.0,3002.0
RBMINFRA,RBMINFRASMN,229.8,231.0,231.0,1.2,0.52,400,92400,524.8,221.0
EMUDHRA,EMUDHRAEQN,502.45,505.0,505.0,2.55,0.51,213,107565,714.0,364.55
SBFC,SBFCEQN,98.48,98.98,98.98,0.5,0.51,1188,117588,123.0,79.6
KELLTONTEC,KELLTONTECEQN,13.62,13.69,13.69,0.07,0.51,5479,75007,28.13,13.0
WELCORP,WELCORPEQN,2597.9,2611.1,2611.1,13.2,0.51,1965,5130811,2676.0,710.0
PAUSHAKLTD,PAUSHAKLTDEQN,763.1,767.0,767.0,3.9,0.51,22,16874,826.75,342.5
DCI,DCIEQN,351.25,353.0,353.0,1.75,0.5,30,10590,475.0,208.98
ONESOURCE,ONESOURCEEQN,1552.3,1560.0,1560.0,7.7,0.5,126,196560,1925.0,1057.0
WABAG,WABAGEQN,2008.0,2018.0,2018.0,10.0,0.5,706,1424708,2253.5,1033.0
BBL,BBLEQN,2239.1,2250.2,2250.2,11.1,0.5,14,31502,3411.0,2051.7
INGERRAND,INGERRANDEQN,4730.3,4754.0,4754.0,23.7,0.5,11,52294,4955.0,3063.3
ATHERENERG,ATHERENERGEQN,1599.3,1607.3,1607.3,8.0,0.5,10551,16958622,1744.0,492.7
COHANCE,COHANCEEQN,449.55,451.8,451.8,2.25,0.5,436,196984,1038.9,266.7
NGLFINE,NGLFINEEQN,2873.0,2887.3,2887.3,14.3,0.5,41,118379,3602.0,1271.0
HALDYNGL,HALDYNGLBEN,144.33,145.05,145.05,0.72,0.5,5,725,149.45,85.0
KRONOX,KRONOXBEN,180.09,180.99,180.99,0.9,0.5,35,6334,223.42,96.0
AARTIPHARM,AARTIPHARMEQN,862.65,866.9,866.9,4.25,0.49,1351,1171181,946.1,585.0
UTTAMSUGAR,UTTAMSUGAREQN,284.0,285.4,285.4,1.4,0.49,1595,455213,359.3,181.1
MOTHERSON,MOTHERSONEQN,162.0,162.8,162.8,0.8,0.49,48121,7834098,173.27,95.09
VEDL,VEDLEQN,268.0,269.3,269.3,1.3,0.49,28906,7784385,795.0,249.7
KRBL,KRBLEQN,427.3,429.4,429.4,2.1,0.49,451,193659,479.0,274.65
SWANCORP,SWANCORPEQN,278.1,279.45,279.45,1.35,0.49,213,59522,506.0,273.9
ANANDRATHI,ANANDRATHIEQN,2224.0,2235.0,2235.0,11.0,0.49,148,330780,2255.0,1353.85
POSITRON,POSITRONSMN,183.35,184.25,184.25,0.9,0.49,300,55275,395.0,105.9
SIEL,SIELEQN,30.79,30.94,30.94,0.15,0.49,100,3094,44.54,30.0
LEAPIND,LEAPINDEQN,146.28,147.0,147.0,0.72,0.49,4813,707511,172.29,143.0
CORDSCABLE,CORDSCABLEEQN,313.35,314.85,314.85,1.5,0.48,385,121217,330.0,127.01
PARAS,PARASEQN,1489.4,1496.5,1496.5,7.1,0.48,11469,17163358,1585.0,580.5
PNGJL,PNGJLEQN,618.95,621.9,621.9,2.95,0.48,589,366299,736.4,503.0
VMM,VMMEQN,104.0,104.5,104.5,0.5,0.48,30637,3201566,154.93,98.77
ARVINDFASN,ARVINDFASNEQN,439.2,441.3,441.3,2.1,0.48,213,93996,579.0,366.2
POLYCAB,POLYCABEQN,8261.0,8301.0,8301.0,40.0,0.48,1578,13098978,10126.0,6663.0
TATACOMM,TATACOMMEQN,1738.5,1746.9,1746.9,8.4,0.48,170,296973,2110.0,1322.5
CENTENKA,CENTENKAEQN,607.05,609.95,609.95,2.9,0.48,489,298265,671.65,371.2
INDIAGLYCO,INDIAGLYCOBEN,273.4,274.7,274.7,1.3,0.48,25545,7017211,1222.0,217.0
SEDEMAC,SEDEMACEQN,2876.2,2890.0,2890.0,13.8,0.48,352,1017280,3368.9,1413.1
SEKURITIND,SEKURITINDEQN,114.16,114.7,114.7,0.54,0.47,100,11470,124.65,113.21
MOTILALOFS,MOTILALOFSEQN,1055.0,1060.0,1060.0,5.0,0.47,8500,9010000,1097.1,614.9
HDFCAMC,HDFCAMCEQN,2432.0,2443.5,2443.5,11.5,0.47,413,1009165,2967.25,2205.6
ONGC,ONGCEQN,233.7,234.8,234.8,1.1,0.47,23621,5546210,307.5,227.65
SKYWAYS,SKYWAYSEQN,113.91,114.44,114.44,0.53,0.47,30234,3459978,136.45,112.0
SURAJEST,SURAJESTEQN,176.09,176.9,176.9,0.81,0.46,1,176,319.0,171.3
EIMCOELECO,EIMCOELECOEQN,2268.0,2278.5,2278.5,10.5,0.46,12,27342,2380.0,1405.5
CAPINVIT,CAPINVITIVN,76.85,77.2,77.2,0.35,0.46,467,36052,79.99,67.0
RPEL,RPELEQN,1681.2,1689.0,1689.0,7.8,0.46,645,1089405,1943.7,561.3
KPIL,KPILEQN,1424.4,1430.9,1430.9,6.5,0.46,464,663937,1479.6,1007.1
LUPIN,LUPINEQN,2105.0,2114.7,2114.7,9.7,0.46,892,1886312,2529.5,1900.0
VISL,VISLEQN,34.64,34.8,34.8,0.16,0.46,47611,1656862,44.78,19.06
INDUSINVIT,INDUSINVITIVN,132.97,133.58,133.58,0.61,0.46,27,3606,138.0,113.21
NPST,NPSTEQN,1740.4,1748.3,1748.3,7.9,0.45,29,50700,2208.6,846.6
PPLPHARMA,PPLPHARMAEQN,219.66,220.65,220.65,0.99,0.45,19192,4234714,221.8,132.3
STYLEBAAZA,STYLEBAAZAEQN,399.5,401.3,401.3,1.8,0.45,416,166940,447.1,229.95
GRSE,GRSEEQN,2506.6,2518.0,2518.0,11.4,0.45,2050,5161900,3339.0,1963.7
TEAMLEASE,TEAMLEASEEQN,1279.2,1285.0,1285.0,5.8,0.45,22,28270,1944.3,1065.2
PARADEEP,PARADEEPEQN,157.98,158.69,158.69,0.71,0.45,4726,749968,202.19,99.7
INDOMIM,INDOMIMEQN,946.7,951.0,951.0,4.3,0.45,4813,4577163,989.9,700.0
COMSYN,COMSYNEQN,294.2,295.5,295.5,1.3,0.44,53,15661,314.85,136.44
IIFLCAPS,IIFLCAPSEQN,340.45,341.95,341.95,1.5,0.44,1033,353234,411.3,240.4
OPTIEMUS,OPTIEMUSEQN,560.45,562.9,562.9,2.45,0.44,63,35462,713.0,288.0
BHARATRAS,BHARATRASEQN,1161.0,1166.1,1166.1,5.1,0.44,16,18657,2987.5,1148.1
ICICIGI,ICICIGIEQN,1493.4,1500.0,1500.0,6.6,0.44,979,1468500,2064.9,1493.1
LGHL,LGHLEQN,176.23,177.0,177.0,0.77,0.44,75,13275,399.58,168.0
HCG,HCGEQN,687.9,690.95,690.95,3.05,0.44,145,100187,796.68,513.3
WONDERLA,WONDERLAEQN,526.3,528.6,528.6,2.3,0.44,61,32244,659.0,455.0
PDSL,PDSLEQN,349.6,351.15,351.15,1.55,0.44,103,36168,418.5,246.05
AEPL,AEPLEQN,18.02,18.1,18.1,0.08,0.44,229,4144,20.25,13.25
UPL,UPLEQN,573.0,575.5,575.5,2.5,0.44,1024,589312,812.2,557.95
ARIHANTCAP,ARIHANTCAPEQN,78.36,78.7,78.7,0.34,0.43,1101,86648,120.0,56.97
ANANTRAJ,ANANTRAJEQN,638.25,641.0,641.0,2.75,0.43,5712,3661392,743.65,403.0
SENORES,SENORESEQN,1497.5,1504.0,1504.0,6.5,0.43,282,424128,1599.0,662.45
JOCIL,JOCILEQN,159.32,160.0,160.0,0.68,0.43,6,960,175.12,91.25
SATIN,SATINEQN,216.94,217.88,217.88,0.94,0.43,799,174086,274.14,135.81
VRLLOG,VRLLOGEQN,292.75,294.0,294.0,1.25,0.43,395,116130,310.2,225.0
WAKEFIT,WAKEFITEQN,155.34,156.01,156.01,0.67,0.43,1251,195168,224.0,111.4
VOGL,VOGLEQN,36.94,37.1,37.1,0.16,0.43,104509,3877283,47.6,30.42
PVRINOX,PVRINOXEQN,1156.5,1161.5,1161.5,5.0,0.43,2838,3296337,1284.5,907.4
SHREEJISPG,SHREEJISPGEQN,699.8,702.8,702.8,3.0,0.43,761,534830,704.25,222.0
EUREKAFORB,EUREKAFORBEQN,406.2,407.9,407.9,1.7,0.42,471,192120,668.3,402.9
MCLOUD,MCLOUDEQN,25.97,26.08,26.08,0.11,0.42,5186,135250,87.0,19.4
DHANUKA,DHANUKAEQN,1023.7,1028.0,1028.0,4.3,0.42,11,11308,1620.4,889.6
DEEPAKFERT,DEEPAKFERTEQN,1344.2,1349.9,1349.9,5.7,0.42,506,683049,1681.0,866.4
ICRA,ICRAEQN,4929.4,4949.9,4949.9,20.5,0.42,37,183146,6982.0,4692.0
JAYBARMARU,JAYBARMARUEQN,120.19,120.69,120.69,0.5,0.42,316,38138,207.0,74.15
MANYAVAR,MANYAVAREQN,586.25,588.7,588.7,2.45,0.42,41,24136,779.0,329.2
TGBHOTELS,TGBHOTELSEQN,9.56,9.6,9.6,0.04,0.42,300,2880,13.4,7.5
SUMICHEM,SUMICHEMEQN,487.9,489.95,489.95,2.05,0.42,95,46545,617.45,362.6
XTRANET,XTRANETEQN,279.83,281.0,281.0,1.17,0.42,76674,21545394,281.08,122.5
DYCL,DYCLEQN,461.05,462.95,462.95,1.9,0.41,2982,1380516,560.0,236.8
CRAFTSMAN,CRAFTSMANEQN,11297.0,11343.0,11343.0,46.0,0.41,95,1077585,11539.0,6324.0
AZADIND,AZADINDEQN,89.88,90.25,90.25,0.37,0.41,11,992,98.99,72.97
ZYDUSLIFE,ZYDUSLIFEEQN,1156.9,1161.7,1161.7,4.8,0.41,4153,4824540,1205.0,835.5
JAYSREETEA,JAYSREETEAEQN,98.61,99.0,99.0,0.39,0.4,10,990,112.7,70.55
AIIL,AIILEQN,514.95,517.0,517.0,2.05,0.4,547,282799,683.0,400.0
CGCL,CGCLEQN,275.7,276.8,276.8,1.1,0.4,7803,2159870,287.45,151.1
DISHTV,DISHTVEQN,2.52,2.53,2.53,0.01,0.4,203,513,5.99,1.82
CAPILLARY,CAPILLARYEQN,473.8,475.7,475.7,1.9,0.4,440,209308,798.95,464.25
ELGIEQUIP,ELGIEQUIPEQN,642.4,644.9,644.9,2.5,0.39,791,510115,653.4,408.25
SOBHA,SOBHAEQN,1250.1,1255.0,1255.0,4.9,0.39,117,146835,1732.0,1130.0
JAIBALAJI,JAIBALAJIEQN,69.71,69.98,69.98,0.27,0.39,742,51925,108.0,53.65
ELLEN,ELLENEQN,321.7,322.95,322.95,1.25,0.39,789,254807,559.8,175.0
ORKLAINDIA,ORKLAINDIAEQN,590.7,593.0,593.0,2.3,0.39,101,59893,760.0,533.25
AHCL,AHCLEQN,15.48,15.54,15.54,0.06,0.39,2131,33115,17.28,9.26
JSFB,JSFBEQN,538.5,540.6,540.6,2.1,0.39,269,145421,606.95,330.0
LALITHAA,LALITHAAEQN,317.75,319.0,319.0,1.25,0.39,41662,13290178,326.8,240.35
LANCER,LANCEREQN,12.96,13.01,13.01,0.05,0.39,126,1639,13.8,10.1
CELLO,CELLOEQN,338.95,340.25,340.25,1.3,0.38,362,123170,673.8,336.6
AXITA,AXITAEQN,8.0,8.03,8.03,0.03,0.38,25879,207808,12.2,6.57
CCAVENUE,CCAVENUEEQN,15.94,16.0,16.0,0.06,0.38,76926,1230816,20.5,12.92
BLIL,BLILEQN,72.79,73.07,73.07,0.28,0.38,411,30031,79.5,67.0
JSWDULUX,JSWDULUXEQN,3186.8,3199.0,3199.0,12.2,0.38,13,41587,3745.0,2658.7
CMSINFO,CMSINFOEQN,239.02,239.9,239.9,0.88,0.37,866,207753,429.65,238.11
PTC,PTCEQN,154.78,155.36,155.36,0.58,0.37,5303,823874,229.51,149.59
POKARNA,POKARNAEQN,803.0,806.0,806.0,3.0,0.37,37,29822,1146.2,692.6
ATLANTAA,ATLANTAAEQN,37.66,37.8,37.8,0.14,0.37,4,151,73.39,31.52
MIDWESTLTD,MIDWESTLTDEQN,1062.6,1066.5,1066.5,3.9,0.37,1,1066,1859.9,1026.0
GOLD360,GOLD360EQN,147.85,148.4,148.4,0.55,0.37,2,296,178.0,87.85
RPOWER,RPOWEREQN,21.94,22.02,22.02,0.08,0.36,56234,1238272,50.73,20.17
INDOTECH,INDOTECHEQN,3666.6,3679.9,3679.9,13.3,0.36,9,33119,4030.0,1100.0
SHARDACROP,SHARDACROPEQN,767.45,770.2,770.2,2.75,0.36,139,107057,1297.0,755.55
EICHERMOT,EICHERMOTEQN,7672.0,7700.0,7700.0,28.0,0.36,324,2494800,8230.0,6442.0
JASH,JASHEQN,511.15,513.0,513.0,1.85,0.36,585,300105,572.85,327.1
TRIVENI,TRIVENIEQN,276.1,277.1,277.1,1.0,0.36,2152,596319,490.1,220.05
ATUL,ATULEQN,6312.5,6335.0,6335.0,22.5,0.36,10,63350,7180.0,5560.5
HINDUNILVR,HINDUNILVREQN,1960.0,1967.0,1967.0,7.0,0.36,1914,3764838,2667.2,1950.4
TTKPRESTIG,TTKPRESTIGEQN,548.0,550.0,550.0,2.0,0.36,42,23100,771.2,423.0
BOSCHLTD,BOSCHLTDEQN,48025.0,48200.0,48200.0,175.0,0.36,61,2940200,50000.0,28610.0
ZODIAC,ZODIACEQN,237.16,238.0,238.0,0.84,0.35,25,5950,415.0,205.55
VARROC,VARROCEQN,827.05,829.95,829.95,2.9,0.35,396,328660,896.0,462.0
TEJASNET,TEJASNETEQN,593.6,595.7,595.7,2.1,0.35,19400,11556580,644.75,294.0
MUTHOOTFIN,MUTHOOTFINEQN,2880.0,2890.0,2890.0,10.0,0.35,802,2317780,4149.5,2671.0
TEXRAIL,TEXRAILEQN,119.46,119.88,119.88,0.42,0.35,8379,1004474,153.0,78.05
JKLAKSHMI,JKLAKSHMIEQN,507.15,508.9,508.9,1.75,0.35,1020,519078,936.6,505.9
VINATIORGA,VINATIORGAEQN,1298.9,1303.5,1303.5,4.6,0.35,40,52140,1849.9,1203.0
OCCLLTD,OCCLLTDBEN,164.42,165.0,165.0,0.58,0.35,10,1650,183.03,75.71
DANGEE,DANGEEEQN,2.89,2.9,2.9,0.01,0.35,79,229,5.08,2.53
MTNL,MTNLEQN,26.05,26.14,26.14,0.09,0.35,7273,190116,46.44,21.26
BLKASHYAP,BLKASHYAPEQN,56.85,57.05,57.05,0.2,0.35,4252,242576,73.0,40.32
ADANIPOWER,ADANIPOWEREQN,204.49,205.2,205.2,0.71,0.35,68189,13992382,254.2,120.0
VSTTILLERS,VSTTILLERSEQN,4131.9,4145.9,4145.9,14.0,0.34,3,12437,6374.0,4113.0
JSWSTEEL,JSWSTEELEQN,1302.0,1306.4,1306.4,4.4,0.34,1100,1437040,1351.0,1073.2
PRICOLLTD,PRICOLLTDEQN,779.35,782.0,782.0,2.65,0.34,304,237728,823.0,491.95
PTL,PTLEQN,38.69,38.82,38.82,0.13,0.34,78,3027,43.77,36.1
GICRE,GICREEQN,349.8,351.0,351.0,1.2,0.34,1350,473850,417.95,341.6
VISHWARAJ,VISHWARAJEQN,5.96,5.98,5.98,0.02,0.34,2056,12294,9.5,4.14
RAYMOND,RAYMONDEQN,772.4,775.0,775.0,2.6,0.34,3184,2467600,789.6,320.0
TIRUMALCHM,TIRUMALCHMEQN,154.98,155.5,155.5,0.52,0.34,90,13995,328.8,143.5
INDOSTAR,INDOSTAREQN,253.08,253.95,253.95,0.87,0.34,111,28188,292.0,179.03
APARINDS,APARINDSEQN,17728.0,17789.0,17789.0,61.0,0.34,227,4038103,18465.0,6801.0
GROWWGOLD,GROWWGOLDEQN,14.81,14.86,14.86,0.05,0.34,113,1679,18.0,10.55
MANIPALHOS,MANIPALHOSEQN,727.25,729.75,729.75,2.5,0.34,1150,839212,815.0,625.45
GNFC,GNFCEQN,597.9,599.9,599.9,2.0,0.33,6697,4017530,619.0,365.0
WSTCSTPAPR,WSTCSTPAPREQN,687.5,689.8,689.8,2.3,0.33,1597,1101610,693.0,375.0
ROTO,ROTOEQN,63.59,63.8,63.8,0.21,0.33,1503,95891,85.28,47.5
COMFINTE,COMFINTEEQN,6.11,6.13,6.13,0.02,0.33,2077,12732,9.19,5.21
GOLDBEES,GOLDBEESEQN,125.58,126.0,126.0,0.42,0.33,89483,11274858,148.14,88.65
AFFORDABLE,AFFORDABLEEQN,160.03,160.55,160.55,0.52,0.32,75,12041,297.0,119.71
AURUM,AURUMEQN,225.14,225.85,225.85,0.71,0.32,36,8130,264.64,151.9
AUTOIND,AUTOINDEQN,84.73,85.0,85.0,0.27,0.32,690,58650,104.0,48.35
BALAMINES,BALAMINESEQN,2566.8,2575.0,2575.0,8.2,0.32,596,1534700,2629.8,968.1
ADFFOODS,ADFFOODSEQN,266.15,267.0,267.0,0.85,0.32,79,21093,346.95,153.1
PATANJALI,PATANJALIEQN,340.9,342.0,342.0,1.1,0.32,11170,3820140,614.9,328.2
RAJMET,RAJMETEQN,3.15,3.16,3.16,0.01,0.32,920,2907,5.28,2.72
SAIL,SAILEQN,187.9,188.5,188.5,0.6,0.32,38062,7174687,209.7,124.0
PERMAGN,PERMAGNEQN,872.0,874.8,874.8,2.8,0.32,40,34992,929.0,784.05
REFEX,REFEXEQN,277.15,278.0,278.0,0.85,0.31,742,206276,415.0,188.0
STARCEMENT,STARCEMENTEQN,194.4,195.0,195.0,0.6,0.31,599,116805,293.35,180.12
JAGRAN,JAGRANEQN,61.81,62.0,62.0,0.19,0.31,4040,250480,78.9,59.5
KERNEX,KERNEXEQN,1769.3,1774.8,1774.8,5.5,0.31,679,1205089,2580.0,850.0
FEDERALBNK,FEDERALBNKEQN,342.0,343.05,343.05,1.05,0.31,24250,8318962,371.7,189.05
APLLTD,APLLTDEQN,799.55,802.0,802.0,2.45,0.31,118,94636,998.0,635.8
WHEELS,WHEELSEQN,1755.4,1760.9,1760.9,5.5,0.31,137,241243,1808.0,705.85
KPIGREEN,KPIGREENEQN,302.6,303.55,303.55,0.95,0.31,1281,388847,542.25,301.2
KIRIINDUS,KIRIINDUSEQN,583.2,585.0,585.0,1.8,0.31,9702,5675670,779.0,333.8
ZUARI,ZUARIEQN,226.85,227.56,227.56,0.71,0.31,100,22756,345.6,175.1
FREDUN,FREDUNEQN,1405.5,1409.9,1409.9,4.4,0.31,867,1222383,1590.0,1360.0
BIRLAPREC,BIRLAPRECEQN,58.12,58.3,58.3,0.18,0.31,915,53344,61.4,32.25
PHOENIXLTD,PHOENIXLTDEQN,1905.0,1910.7,1910.7,5.7,0.3,537,1026045,2169.8,1465.6
PIDILITIND,PIDILITINDEQN,1575.0,1579.8,1579.8,4.8,0.3,1505,2377599,1707.5,1259.0
TENNIND,TENNINDEQN,515.45,517.0,517.0,1.55,0.3,1195,617815,657.0,438.05
NEPHROPLUS,NEPHROPLUSEQN,710.85,713.0,713.0,2.15,0.3,559,398567,769.75,446.0
RSYSTEMS,RSYSTEMSEQN,250.72,251.44,251.44,0.72,0.29,180,45259,472.9,213.52
BLUEJET,BLUEJETEQN,569.05,570.7,570.7,1.65,0.29,227,129548,759.5,325.0
BBTC,BBTCEQN,1471.9,1476.2,1476.2,4.3,0.29,50,73810,2135.0,1314.6
KAYNES,KAYNESEQN,3604.0,3614.0,3614.0,10.0,0.28,1706,6165484,7705.0,2995.0
ESABINDIA,ESABINDIAEQN,6092.0,6109.0,6109.0,17.0,0.28,5,30545,7319.5,4710.0
CEIGALL,CEIGALLEQN,370.3,371.35,371.35,1.05,0.28,2083,773522,405.7,222.61
GLOBAL,GLOBALEQN,120.15,120.49,120.49,0.34,0.28,228,27471,126.45,55.3
ESCONET,ESCONETSTN,249.4,250.1,250.1,0.7,0.28,800,200080,280.0,91.25
VOLTAMP,VOLTAMPEQN,11067.0,11098.0,11098.0,31.0,0.28,38,421724,12863.0,6666.0
GOLD1,GOLD1EQN,126.71,127.06,127.06,0.35,0.28,3647,463387,158.0,89.14
SUDEEPPHRM,SUDEEPPHRMEQN,1323.3,1327.0,1327.0,3.7,0.28,991,1315057,1378.0,524.05
VAML,VAMLEQN,438.9,440.15,440.15,1.25,0.28,14358,6319673,537.0,423.15
DCAL,DCALEQN,171.53,172.0,172.0,0.47,0.27,1554,267288,321.95,128.5
MANINFRA,MANINFRAEQN,124.42,124.75,124.75,0.33,0.27,2514,313621,162.75,77.12
SKFINDUS,SKFINDUSEQN,3016.1,3024.0,3024.0,7.9,0.26,13,39312,3131.0,1994.1
SANOFI,SANOFIEQN,3122.0,3130.0,3130.0,8.0,0.26,3,9390,5120.0,3054.0
SBC,SBCEQN,46.87,46.99,46.99,0.12,0.26,14941,702077,47.8,20.18
PARAGON,PARAGONSMN,56.9,57.05,57.05,0.15,0.26,1200,68460,63.0,34.1
AUBANK,AUBANKEQN,1053.0,1055.7,1055.7,2.7,0.26,1050,1108485,1144.1,694.3
UNITEDPOLY,UNITEDPOLYEQN,42.88,42.99,42.99,0.11,0.26,708,30436,51.16,20.6
CPPLUS,CPPLUSEQN,3752.9,3762.5,3762.5,9.6,0.26,75,282187,4094.0,1227.0
BOSCH-HCIL,BOSCH-HCILEQN,1849.1,1854.0,1854.0,4.9,0.26,44,81576,1891.3,1021.3
RIIT,RIITIVN,121.44,121.75,121.75,0.31,0.26,329,40055,127.0,105.3
SUTLEJTEX,SUTLEJTEXBEN,40.75,40.85,40.85,0.1,0.25,5,204,42.93,24.0
SURYALAXMI,SURYALAXMIEQN,58.85,59.0,59.0,0.15,0.25,1,59,69.8,43.0
TDPOWERSYS,TDPOWERSYSEQN,734.15,736.0,736.0,1.85,0.25,2742,2018112,798.85,262.6
GAEL,GAELEQN,165.48,165.89,165.89,0.41,0.25,616,102188,184.99,101.2
BHEL,BHELEQN,421.45,422.5,422.5,1.05,0.25,8704,3677440,446.5,213.8
NMDC,NMDCEQN,83.85,84.06,84.06,0.21,0.25,25492,2142857,97.49,72.24
DWARKESH,DWARKESHEQN,47.38,47.5,47.5,0.12,0.25,10628,504830,59.9,32.13
MKPL,MKPLEQN,4.03,4.04,4.04,0.01,0.25,154,622,8.85,3.56
VISAKAIND,VISAKAINDEQN,92.17,92.4,92.4,0.23,0.25,258,23839,104.41,50.2
FDC,FDCEQN,342.15,343.0,343.0,0.85,0.25,114,39102,527.8,312.95
BHARATGEAR,BHARATGEARBEN,102.79,103.05,103.05,0.26,0.25,50,5152,154.2,83.8
ENDURANCE,ENDURANCEEQN,2763.2,2770.0,2770.0,6.8,0.25,42,116340,3079.9,2142.8
OBEROIRLTY,OBEROIRLTYEQN,1847.5,1852.0,1852.0,4.5,0.24,40,74080,1986.1,1391.2
KIRLOSENG,KIRLOSENGEQN,2174.8,2180.0,2180.0,5.2,0.24,187,407660,2720.0,855.8
GOCOLORS,GOCOLORSEQN,329.7,330.5,330.5,0.8,0.24,166,54863,760.9,237.05
VIMTALABS,VIMTALABSEQN,640.65,642.2,642.2,1.55,0.24,148,95045,893.45,376.05
STARPAPER,STARPAPEREQN,162.61,163.0,163.0,0.39,0.24,270,44010,179.37,119.05
AKSHARCHEM,AKSHARCHEMBEN,463.9,465.0,465.0,1.1,0.24,79,36735,467.05,141.3
EXICOM,EXICOMEQN,184.33,184.75,184.75,0.42,0.23,5921,1093904,187.6,75.6
JBMA,JBMAEQN,613.6,615.0,615.0,1.4,0.23,553,340095,790.0,477.0
SONATSOFTW,SONATSOFTWEQN,283.85,284.5,284.5,0.65,0.23,1019,289905,421.5,207.15
CYIENTDLM,CYIENTDLMEQN,865.35,867.3,867.3,1.95,0.23,2259,1959230,894.0,265.2
PRECWIRE,PRECWIREEQN,460.95,462.0,462.0,1.05,0.23,405,187110,524.9,178.01
TATAELXSI,TATAELXSIEQN,3497.0,3505.0,3505.0,8.0,0.23,169,592345,5950.0,3353.9
BLUESTONE,BLUESTONEEQN,870.0,872.0,872.0,2.0,0.23,2828,2466016,926.0,399.8
MONTECARLO,MONTECARLOEQN,575.45,576.7,576.7,1.25,0.22,21,12110,860.95,464.0
MEDANTA,MEDANTAEQN,1422.6,1425.8,1425.8,3.2,0.22,249,355024,1544.0,956.0
SAURASHCEM,SAURASHCEMEQN,55.8,55.92,55.92,0.12,0.22,258,14427,120.0,47.65
RATEGAIN,RATEGAINEQN,856.5,858.4,858.4,1.9,0.22,318,272971,1050.0,437.0
ARVSMART,ARVSMARTEQN,646.8,648.2,648.2,1.4,0.22,12,7778,707.85,486.8
COROMANDEL,COROMANDELEQN,1974.6,1979.0,1979.0,4.4,0.22,476,942004,2499.0,1706.5
HERITGFOOD,HERITGFOODEQN,384.15,385.0,385.0,0.85,0.22,9846,3790710,540.0,292.55
RELINFRA,RELINFRABEN,58.16,58.29,58.29,0.13,0.22,7513,437932,288.7,54.8
HERANBA,HERANBAEQN,169.62,170.0,170.0,0.38,0.22,147,24990,347.95,155.38
EMBDL,EMBDLEQN,59.1,59.23,59.23,0.13,0.22,3616,214175,105.7,39.46
ANTELOPUS,ANTELOPUSEQN,985.3,987.5,987.5,2.2,0.22,2429,2398637,1075.1,357.0
CHEMCON,CHEMCONBEN,199.56,200.0,200.0,0.44,0.22,15,3000,295.0,125.0
SWELECTES,SWELECTESEQN,572.35,573.6,573.6,1.25,0.22,21,12045,977.0,483.1
ATULAUTO,ATULAUTOEQN,459.1,460.05,460.05,0.95,0.21,227,104431,596.55,380.05
LGBBROSLTD,LGBBROSLTDEQN,1731.7,1735.4,1735.4,3.7,0.21,18,31237,2048.0,1314.9
NRBBEARING,NRBBEARINGEQN,483.0,484.0,484.0,1.0,0.21,1233,596772,503.9,212.55
UNIPARTS,UNIPARTSEQN,902.1,903.95,903.95,1.85,0.21,234,211524,915.95,399.8
FACT,FACTEQN,793.3,795.0,795.0,1.7,0.21,127,100965,1058.6,652.1
REDINGTON,REDINGTONEQN,378.2,379.0,379.0,0.8,0.21,9365,3549335,381.6,191.31
MPHASIS,MPHASISEQN,2369.1,2374.0,2374.0,4.9,0.21,382,906868,3037.2,2013.0
GEOJITFSL,GEOJITFSLEQN,82.78,82.95,82.95,0.17,0.21,185,15345,86.5,50.86
IVP,IVPBEN,212.46,212.9,212.9,0.44,0.21,222,47263,214.0,110.0
HDFCGOLD,HDFCGOLDEQN,129.88,130.15,130.15,0.27,0.21,3482,453182,152.3,90.0
DRREDDY,DRREDDYEQN,1144.2,1146.5,1146.5,2.3,0.2,978,1121277,1414.9,1101.0
MCLEODRUSS,MCLEODRUSSEQN,45.17,45.26,45.26,0.09,0.2,25,1131,78.41,28.5
GRANULES,GRANULESEQN,867.3,869.0,869.0,1.7,0.2,1068,928092,910.0,510.55
MMTC,MMTCEQN,63.82,63.95,63.95,0.13,0.2,4483,286687,78.35,50.1
ARDEE,ARDEEEQN,56.09,56.2,56.2,0.11,0.2,14001,786856,73.19,54.48
GOLDBETA,GOLDBETAEQN,128.0,128.25,128.25,0.25,0.2,200,25650,149.35,90.0
ENGINERSIN,ENGINERSINEQN,277.05,277.6,277.6,0.55,0.2,7473,2074504,289.65,163.55
MAHSEAMLES,MAHSEAMLESEQN,688.95,690.35,690.35,1.4,0.2,426,294089,717.8,500.7
ORISSAMINE,ORISSAMINEEQN,4189.9,4197.9,4197.9,8.0,0.19,4,16791,6138.9,3100.5
FLUOROCHEM,FLUOROCHEMEQN,4530.5,4539.0,4539.0,8.5,0.19,146,662694,4958.9,2916.6
HIRECT,HIRECTEQN,1211.9,1214.2,1214.2,2.3,0.19,113,137204,1399.0,565.2
JINDRILL,JINDRILLEQN,664.15,665.4,665.4,1.25,0.19,278,184981,693.5,440.1
CARTRADE,CARTRADEEQN,3179.9,3186.0,3186.0,6.1,0.19,1646,5244156,3290.5,1600.0
CLEAN,CLEANEQN,844.4,846.0,846.0,1.6,0.19,442,373932,1212.0,652.0
ASHIANA,ASHIANAEQN,349.75,350.4,350.4,0.65,0.19,58,20323,435.9,269.45
GLAND,GLANDEQN,2974.3,2979.9,2979.9,5.6,0.19,638,1901176,3042.0,1573.6
ORIENTCEM,ORIENTCEMEQN,126.56,126.8,126.8,0.24,0.19,156,19780,237.29,122.32
JAGSNPHARM,JAGSNPHARMEQN,239.06,239.51,239.51,0.45,0.19,28,6706,264.5,155.0
BIOCON,BIOCONEQN,391.4,392.15,392.15,0.75,0.19,14382,5639901,447.15,337.05
POONAWALLA,POONAWALLAEQN,459.15,460.0,460.0,0.85,0.19,1089,500940,570.4,361.2
PANACEABIO,PANACEABIOEQN,378.4,379.1,379.1,0.7,0.18,18,6823,647.0,292.4
MOTISONS,MOTISONSEQN,16.77,16.8,16.8,0.03,0.18,222746,3742132,20.45,10.62
HEXT,HEXTEQN,522.85,523.8,523.8,0.95,0.18,788,412754,807.75,400.2
BLBLIMITED,BLBLIMITEDEQN,16.87,16.9,16.9,0.03,0.18,45,760,22.47,12.0
PERSISTENT,PERSISTENTEQN,5540.0,5550.0,5550.0,10.0,0.18,475,2636250,6599.0,4244.5
RPTECH,RPTECHEQN,853.4,854.95,854.95,1.55,0.18,849,725852,967.7,292.25
KOLTEPATIL,KOLTEPATILEQN,443.6,444.4,444.4,0.8,0.18,32,14220,554.6,292.25
GENUSPOWER,GENUSPOWEREQN,336.4,337.0,337.0,0.6,0.18,4191,1412367,363.0,210.4
KDDL,KDDLEQN,3991.9,3990.9,3990.9,7.0,0.18,68,271381,4155.5,1990.0
LANDMARK,LANDMARKEQN,494.1,495.0,495.0,0.9,0.18,325,160875,662.8,339.5
CEINSYS,CEINSYSEQN,708.75,710.0,710.0,1.25,0.18,202,143420,1249.9,672.0
ZENITHSTL,ZENITHSTLEQN,6.03,6.04,6.04,0.01,0.17,515,3110,10.33,4.41
LTTS,LTTSEQN,3414.2,3420.0,3420.0,5.8,0.17,46,157320,4726.0,3010.0
GCSL,GCSLEQN,601.85,602.9,602.9,1.05,0.17,20,12058,613.2,213.15
M&MFIN,M&MFINEQN,372.35,373.0,373.0,0.65,0.17,1420,529660,415.0,266.05
ONEPOINT,ONEPOINTEQN,57.73,57.83,57.83,0.1,0.17,570,32963,65.85,40.58
NEUEON,NEUEONBEN,11.78,11.8,11.8,0.02,0.17,47,554,27.4,5.76
TVSMOTOR,TVSMOTOREQN,4132.0,4139.0,4139.0,7.0,0.17,636,2632404,4484.5,3228.0
QGOLDHALF,QGOLDHALFEQN,125.79,126.0,126.0,0.21,0.17,42,5292,149.69,88.9
DCXINDIA,DCXINDIAEQN,173.67,173.95,173.95,0.28,0.16,1498,260577,286.0,153.3
VIPIND,VIPINDEQN,320.5,321.0,321.0,0.5,0.16,385,123585,454.3,278.25
INDRAMEDCO,INDRAMEDCOEQN,351.4,351.95,351.95,0.55,0.16,57,20061,640.85,342.0
TATASTEEL,TATASTEELEQN,185.61,185.9,185.9,0.29,0.16,38296,7119226,224.4,160.06
STYRENIX,STYRENIXEQN,2063.7,2067.0,2067.0,3.3,0.16,70,144690,2690.0,1780.0
GUJALKALI,GUJALKALIEQN,707.85,709.0,709.0,1.15,0.16,303,214827,815.0,409.15
JTEKTINDIA,JTEKTINDIAEQN,121.3,121.5,121.5,0.2,0.16,470,57105,188.5,117.0
HTMEDIA,HTMEDIAEQN,25.7,25.74,25.74,0.04,0.16,3502,90141,31.3,17.52
SAAKSHI,SAAKSHISTN,320.5,321.0,321.0,0.5,0.16,600,192600,331.0,147.4
CEMPRO,CEMPROEQN,1316.9,1319.0,1319.0,2.1,0.16,526,693794,1649.2,503.3
ALLTIME,ALLTIMEEQN,214.65,215.0,215.0,0.35,0.16,1078,231770,314.7,186.0
AARNAV,AARNAVBEN,31.45,31.5,31.5,0.05,0.16,1,31,37.4,21.0
ABDL,ABDLEQN,600.0,600.95,600.95,0.95,0.16,143,85935,711.7,382.1
ITCHOTELS,ITCHOTELSEQN,157.77,158.0,158.0,0.23,0.15,6052,956216,251.23,137.3
ABREL,ABRELEQN,1377.8,1379.8,1379.8,2.0,0.15,54,74509,1965.3,1080.1
SBILIFE,SBILIFEEQN,1732.0,1734.6,1734.6,2.6,0.15,788,1366864,2132.0,1700.4
GHCL,GHCLEQN,433.35,434.0,434.0,0.65,0.15,27,11718,667.2,416.6
INDNIPPON,INDNIPPONEQN,1128.4,1130.1,1130.1,1.7,0.15,49,55374,1278.2,675.0
AVANTEL,AVANTELEQN,156.74,156.97,156.97,0.23,0.15,3268,512977,215.0,117.05
JIOFIN,JIOFINEQN,234.4,234.75,234.75,0.35,0.15,45877,10769625,321.6,223.3
GTPL,GTPLEQN,58.91,59.0,59.0,0.09,0.15,136,8024,118.95,50.85
RUBICON,RUBICONEQN,1748.4,1751.0,1751.0,2.6,0.15,133,232883,1899.0,570.75
AETHER,AETHEREQN,1619.5,1622.0,1622.0,2.5,0.15,112,181664,1717.0,726.45
BSLGOLDETF,BSLGOLDETFEQN,133.82,134.02,134.02,0.2,0.15,54,7237,155.99,94.46
HBLENGINE,HBLENGINEEQN,703.9,704.9,704.9,1.0,0.14,1622,1143347,1122.0,613.0
RADICO,RADICOEQN,4444.0,4450.1,4450.1,6.1,0.14,277,1232677,4747.0,2500.0
SUNTECK,SUNTECKEQN,294.0,294.4,294.4,0.4,0.14,511,150438,473.0,270.75
PGHL,PGHLEQN,5667.0,5675.0,5675.0,8.0,0.14,2,11350,6975.0,4707.0
EXCELINDUS,EXCELINDUSEQN,1002.6,1004.0,1004.0,1.4,0.14,6,6024,1210.0,800.05
IRBINVIT,IRBINVITIVN,64.71,64.8,64.8,0.09,0.14,3119,202111,65.0,57.05
HDBFS,HDBFSEQN,685.05,686.0,686.0,0.95,0.14,427,292922,801.1,555.3
JARO,JAROEQN,443.4,444.0,444.0,0.6,0.14,12,5328,890.0,383.5
EMMVEE,EMMVEEEQN,325.2,325.65,325.65,0.45,0.14,2114,688424,371.55,171.51
TATAGOLD,TATAGOLDEQN,14.76,14.78,14.78,0.02,0.14,94199,1392261,17.7,10.33
SAPPHIRE,SAPPHIREEQN,228.18,228.5,228.5,0.32,0.14,326,74491,338.0,139.91
ALIVUS,ALIVUSEQN,1388.9,1390.7,1390.7,1.8,0.13,14,19469,1493.8,819.0
TTKHLTCARE,TTKHLTCAREEQN,1091.1,1092.5,1092.5,1.4,0.13,1,1092,1216.0,735.0
BAJAJHIND,BAJAJHINDEQN,22.77,22.8,22.8,0.03,0.13,136172,3104721,26.0,14.85
SOUTHBANK,SOUTHBANKEQN,46.54,46.6,46.6,0.06,0.13,30596,1425773,49.9,28.43
ASTRAZEN,ASTRAZENEQN,6851.0,6860.0,6860.0,9.0,0.13,7,48020,9849.5,6830.0
GRAPHITE,GRAPHITEEQN,717.1,718.0,718.0,0.9,0.13,1464,1051152,802.4,513.75
MIRZAINT,MIRZAINTEQN,31.01,31.05,31.05,0.04,0.13,100,3105,44.0,24.95
PNB,PNBEQN,115.6,115.75,115.75,0.15,0.13,25021,2896180,135.15,98.5
RECLTD,RECLTDEQN,316.4,316.8,316.8,0.4,0.13,6297,1994889,390.5,304.05
NIITMTS,NIITMTSEQN,220.72,221.0,221.0,0.28,0.13,801,177021,443.9,203.3
PNGSREVA,PNGSREVAEQN,540.15,540.85,540.85,0.7,0.13,363,196328,644.0,324.25
VIYASH,VIYASHEQN,263.65,264.0,264.0,0.35,0.13,6078,1604592,298.0,178.13
MARSONS,MARSONSEQN,128.83,129.0,129.0,0.17,0.13,5785,746265,175.4,100.25
GOLDCASE,GOLDCASEEQN,23.9,23.93,23.93,0.03,0.13,114583,2741971,27.94,16.67
LTFOODS,LTFOODSEQN,448.95,449.55,449.55,0.6,0.13,1127,506642,490.7,333.15
QUESS,QUESSEQN,339.6,340.0,340.0,0.4,0.12,1761,598740,388.75,166.3
SADBHAV,SADBHAVEQN,8.02,8.03,8.03,0.01,0.12,19385,155661,14.7,6.05
MOIL,MOILEQN,247.22,247.51,247.51,0.29,0.12,1207,298744,404.9,242.35
NYKAA,NYKAAEQN,332.7,333.1,333.1,0.4,0.12,2960,985976,349.55,227.9
ATGL,ATGLEQN,603.7,604.4,604.4,0.7,0.12,2506,1514626,859.85,462.8
CONTROLPR,CONTROLPREQN,600.2,600.95,600.95,0.75,0.12,10,6009,899.0,517.0
BSOFT,BSOFTEQN,282.45,282.8,282.8,0.35,0.12,1863,526856,474.0,270.2
GHCLTEXTIL,GHCLTEXTILEQN,133.36,133.52,133.52,0.16,0.12,609,81313,144.59,65.26
DBREALTY,DBREALTYEQN,100.88,101.0,101.0,0.12,0.12,1373,138673,183.9,83.5
SKIPPER,SKIPPEREQN,604.4,605.0,605.0,0.7,0.12,6245,3778225,616.8,327.05
WENDT,WENDTEQN,8340.0,8350.0,8350.0,10.0,0.12,45,375750,10050.0,5841.5
UFLEX,UFLEXEQN,682.7,683.55,683.55,0.85,0.12,376,257014,723.5,330.0
SKYGOLD,SKYGOLDEQN,788.15,789.05,789.05,0.9,0.11,2107,1662528,868.8,259.0
JGCHEM,JGCHEMEQN,581.35,582.0,582.0,0.65,0.11,341,198462,675.0,298.4
PSPPROJECT,PSPPROJECTEQN,869.05,870.0,870.0,0.95,0.11,82,71340,1143.0,569.2
RAMCOSYS,RAMCOSYSEQN,604.35,605.0,605.0,0.65,0.11,265,160325,967.5,342.1
AFIL,AFILEQN,9.14,9.15,9.15,0.01,0.11,1030,9424,11.1,3.92
RUCHIRA,RUCHIRAEQN,107.88,108.0,108.0,0.12,0.11,110,11880,173.0,95.17
GSFC,GSFCEQN,162.02,162.2,162.2,0.18,0.11,1763,285958,213.45,138.83
RAYMONDREL,RAYMONDRELEQN,553.7,554.3,554.3,0.6,0.11,545,302093,734.9,349.0
HILTON,HILTONEQN,18.64,18.66,18.66,0.02,0.11,65,1212,47.75,13.43
VIKRAMSOLR,VIKRAMSOLREQN,165.81,166.0,166.0,0.19,0.11,4413,732558,407.95,155.38
SGRL,SGRLEQN,714.2,715.0,715.0,0.8,0.11,5,3575,717.0,477.05
CPL,CPLEQN,62.28,62.35,62.35,0.07,0.11,44,2743,75.74,61.45
ONIDA,ONIDAEQN,34.81,34.85,34.85,0.04,0.11,702,24464,49.23,21.5
SACHEEROME,SACHEEROMESMN,522.55,523.05,523.05,0.5,0.1,300,156915,552.75,194.0
CENTEXT,CENTEXTEQN,20.92,20.94,20.94,0.02,0.1,700,14658,34.75,15.67
WINDMACHIN,WINDMACHINEQN,310.5,310.8,310.8,0.3,0.1,9,2797,343.9,200.65
PNCINFRA,PNCINFRAEQN,181.71,181.9,181.9,0.19,0.1,493,89676,325.0,158.17
SUPRIYA,SUPRIYAEQN,909.1,910.0,910.0,0.9,0.1,741,674310,1085.0,545.5
HATHWAY,HATHWAYEQN,10.38,10.39,10.39,0.01,0.1,22932,238263,15.25,8.76
CAMS,CAMSEQN,736.5,737.2,737.2,0.7,0.1,2616,1928515,844.9,611.4
WOMANCART,WOMANCARTSTN,103.9,104.0,104.0,0.1,0.1,400,41600,358.0,88.0
SHRINGARMS,SHRINGARMSEQN,218.59,218.8,218.8,0.21,0.1,1721,376554,266.5,166.0
ATLANTAELE,ATLANTAELEEQN,1938.1,1940.1,1940.1,2.0,0.1,281,545168,2152.6,707.6
RMC,RMCEQN,233.31,233.55,233.55,0.24,0.1,2,467,530.0,220.05
FRACTAL,FRACTALEQN,801.2,802.0,802.0,0.8,0.1,1278,1024956,1118.0,733.7
WANBURY,WANBURYEQN,250.55,250.8,250.8,0.25,0.1,120,30096,358.85,161.5
RICOAUTO,RICOAUTOEQN,135.47,135.6,135.6,0.13,0.1,5329,722612,157.99,78.92
SOUTHWEST,SOUTHWESTEQN,222.26,222.46,222.46,0.2,0.09,163,36260,275.0,121.0
MOSCHIP,MOSCHIPEQN,212.6,212.8,212.8,0.2,0.09,5230,1112944,288.45,146.8
YESBANK,YESBANKEQN,22.42,22.44,22.44,0.02,0.09,100405,2253088,25.78,17.2
SALZERELEC,SALZERELECEQN,551.1,551.6,551.6,0.5,0.09,6,3309,952.5,488.8
IFGLEXPOR,IFGLEXPOREQN,203.79,203.97,203.97,0.18,0.09,2,407,338.0,119.68
UGROCAP,UGROCAPEQN,85.42,85.5,85.5,0.08,0.09,133,11371,192.5,80.12
GMDCLTD,GMDCLTDEQN,557.6,558.1,558.1,0.5,0.09,2576,1437665,771.9,466.4
SIYSIL,SIYSILEQN,563.55,564.05,564.05,0.5,0.09,21,11845,848.8,433.35
INOXWIND,INOXWINDEQN,75.6,75.67,75.67,0.07,0.09,30267,2290303,159.3,68.0
RAMRAT,RAMRATEQN,527.2,527.65,527.65,0.45,0.09,188,99198,602.45,268.0
KRSNAA,KRSNAAEQN,564.05,564.55,564.55,0.5,0.09,11,6210,894.4,515.0
ADSL,ADSLEQN,101.46,101.55,101.55,0.09,0.09,12,1218,209.53,86.27
DIACABS,DIACABSBEN,332.6,332.9,332.9,0.3,0.09,1010,336229,379.0,115.57
DSSL,DSSLEQN,1040.4,1041.3,1041.3,0.9,0.09,20,20826,1924.8,781.0
NITINSPIN,NITINSPINEQN,627.45,628.0,628.0,0.55,0.09,12,7536,649.55,302.2
RACLGEAR,RACLGEAREQN,1573.7,1575.0,1575.0,1.3,0.08,6,9450,1691.9,890.0
WHIRLPOOL,WHIRLPOOLEQN,815.35,816.0,816.0,0.65,0.08,251,204816,1437.0,751.0
RIIL,RIILEQN,732.4,732.95,732.95,0.55,0.08,483,354014,964.9,617.35
REDTAPE,REDTAPEEQN,118.81,118.9,118.9,0.09,0.08,603,71696,163.5,107.53
IRCON,IRCONEQN,117.71,117.8,117.8,0.09,0.08,10565,1244557,189.5,114.5
MAHAPEXLTD,MAHAPEXLTDEQN,55.94,55.98,55.98,0.04,0.07,64,3582,75.64,37.32
DCM,DCMBEN,76.15,76.2,76.2,0.05,0.07,10,762,105.0,55.0
DDEVPLSTIK,DDEVPLSTIKEQN,274.75,274.95,274.95,0.2,0.07,185,50865,360.0,185.15
BALRAMCHIN,BALRAMCHINEQN,711.55,712.05,712.05,0.5,0.07,4321,3076768,780.95,393.55
APCL,APCLEQN,99.93,100.0,100.0,0.07,0.07,5,500,148.78,98.02
MARICO,MARICOEQN,806.0,806.55,806.55,0.55,0.07,670,540388,889.1,690.3
KPEL,KPELEQN,241.85,242.0,242.0,0.15,0.06,816,197472,463.25,237.0
RUSHIL,RUSHILEQN,16.04,16.0,16.0,0.01,0.06,250,4000,33.99,12.49
DALMIASUG,DALMIASUGEQN,447.8,448.05,448.05,0.25,0.06,92,41220,520.0,261.4
SUNTV,SUNTVEQN,452.85,453.1,453.1,0.25,0.06,950,430445,660.7,451.5
TITAGARH,TITAGARHEQN,896.45,897.0,897.0,0.55,0.06,2358,2115126,971.0,568.7
VEDAVAAG,VEDAVAAGEQN,18.15,18.16,18.16,0.01,0.06,26,472,19.8,16.98
TRANSPEK,TRANSPEKBEN,1399.2,1400.0,1400.0,0.8,0.06,70,98000,1475.0,952.3
BELRISE,BELRISEEQN,230.29,230.41,230.41,0.12,0.05,8955,2063321,268.2,136.54
IPL,IPLEQN,136.63,136.7,136.7,0.07,0.05,114,15583,240.25,125.0
MUFIN,MUFINEQN,136.17,136.24,136.24,0.07,0.05,2331,317575,141.5,85.13
MAXHEALTH,MAXHEALTHEQN,992.0,992.5,992.5,0.5,0.05,2024,2008820,1221.9,903.0
ELECON,ELECONEQN,426.7,426.9,426.9,0.2,0.05,464,198081,634.9,352.0
CUB,CUBEQN,238.48,238.6,238.6,0.12,0.05,8766,2091567,248.85,147.04
GOODLUCK,GOODLUCKEQN,479.75,480.0,480.0,0.25,0.05,3555,1706400,557.37,305.0
AVANTIFEED,AVANTIFEEDEQN,786.55,786.95,786.95,0.4,0.05,525,413148,1593.8,631.65
KOTAKBANK,KOTAKBANKEQN,422.1,422.3,422.3,0.2,0.05,12834,5419798,453.2,345.5
VAIBHAVGBL,VAIBHAVGBLEQN,216.49,216.6,216.6,0.11,0.05,274,59348,293.25,174.13
SWARAJENG,SWARAJENGEQN,3648.0,3650.0,3650.0,2.0,0.05,20,73000,4545.0,3301.3
TAJGVK,TAJGVKEQN,329.2,329.35,329.35,0.15,0.05,80,26348,512.65,281.35
ADOR,ADOREQN,1644.1,1645.0,1645.0,0.9,0.05,6,9870,1766.4,848.0
EIDPARRY,EIDPARRYEQN,777.7,778.1,778.1,0.4,0.05,380,295678,1119.0,698.2
VIVOBIOT,VIVOBIOTEQN,18.99,19.0,19.0,0.01,0.05,1,19,20.94,17.51
EXPLEOSOL,EXPLEOSOLEQN,899.55,899.95,899.95,0.4,0.04,85,76495,1175.1,640.0
JPOLYINVST,JPOLYINVSTEQN,1006.8,1007.2,1007.2,0.4,0.04,5,5036,1487.7,852.1
PFS,PFSEQN,27.39,27.4,27.4,0.01,0.04,6,164,40.5,23.85
RRKABEL,RRKABELEQN,2387.1,2388.1,2388.1,1.0,0.04,1755,4191115,2983.8,1181.6
ZENSARTECH,ZENSARTECHEQN,453.85,454.05,454.05,0.2,0.04,710,322375,868.95,423.0
GENESYS,GENESYSEQN,240.16,240.25,240.25,0.09,0.04,6713,1612798,432.01,134.73
DBL,DBLEQN,391.85,392.0,392.0,0.15,0.04,118,46256,585.0,381.55
METROPOLIS,METROPOLISEQN,577.75,578.0,578.0,0.25,0.04,4,2312,609.05,412.25
IPCALAB,IPCALABEQN,1959.1,1959.9,1959.9,0.8,0.04,74,145032,2001.5,1251.6
VGCL,VGCLEQN,50.98,51.0,51.0,0.02,0.04,9,459,62.95,50.15
SUNSHINE,SUNSHINEEQN,486.3,486.5,486.5,0.2,0.04,18207,8857705,492.9,363.6
DSFCL,DSFCLBEN,25.99,26.0,26.0,0.01,0.04,110,2860,52.5,17.28
SIRCA,SIRCAEQN,436.85,437.0,437.0,0.15,0.03,872,381064,539.0,385.0
CHOICEIN,CHOICEINEQN,755.65,755.9,755.9,0.25,0.03,2157,1630476,860.5,568.7
COLPAL,COLPALEQN,1813.5,1814.0,1814.0,0.5,0.03,405,734670,2446.0,1782.0
ASAHIINDIA,ASAHIINDIAEQN,954.65,954.95,954.95,0.3,0.03,107,102179,1074.0,775.1
MAHLIFE,MAHLIFEEQN,360.15,360.25,360.25,0.1,0.03,37,13329,427.05,286.8
ASALCBR,ASALCBREQN,707.8,708.0,708.0,0.2,0.03,673,476484,1277.0,660.65
NELCAST,NELCASTEQN,114.77,114.8,114.8,0.03,0.03,289,33177,173.2,85.98
AUROPHARMA,AUROPHARMAEQN,1660.0,1660.5,1660.5,0.5,0.03,599,994639,1717.0,1035.4
IFBIND,IFBINDEQN,1313.6,1314.0,1314.0,0.4,0.03,40,52560,2019.8,883.2
JAICORPLTD,JAICORPLTDEQN,98.56,98.59,98.59,0.03,0.03,935,92181,178.24,88.0
MOL,MOLEQN,65.73,65.75,65.75,0.02,0.03,7366,484314,87.75,36.5
RUSTOMJEE,RUSTOMJEEEQN,366.9,367.0,367.0,0.1,0.03,11,4037,634.0,358.8
NATCAPSUQ,NATCAPSUQBEN,205.93,206.0,206.0,0.07,0.03,300,61800,296.0,136.36
GROWW,GROWWEQN,194.73,194.78,194.78,0.05,0.03,58435,11381969,227.2,112.0
PARKHOSPS,PARKHOSPSEQN,286.8,286.9,286.9,0.1,0.03,434,124514,305.0,138.1
GREENPANEL,GREENPANELEQN,162.55,162.6,162.6,0.05,0.03,365,59349,333.8,154.55
PTCIL,PTCILEQN,23755.0,23760.0,23760.0,5.0,0.02,90,2138400,24125.0,13460.0
SHYAMMETL,SHYAMMETLEQN,1082.3,1082.5,1082.5,0.2,0.02,516,558570,1111.0,746.0
WELSPUNLIV,WELSPUNLIVEQN,211.95,212.0,212.0,0.05,0.02,8487,1799244,216.0,107.1
PENIND,PENINDEQN,175.96,176.0,176.0,0.04,0.02,4473,787248,279.9,129.1
LATENTVIEW,LATENTVIEWEQN,261.7,261.75,261.75,0.05,0.02,389,101820,517.5,248.0
BAJAJHCARE,BAJAJHCAREEQN,328.8,328.85,328.85,0.05,0.02,95,31240,515.9,272.35
RALLIS,RALLISEQN,206.15,206.2,206.2,0.05,0.02,589,121451,367.5,204.51
INTERARCH,INTERARCHEQN,1703.5,1703.9,1703.9,0.4,0.02,8,13631,2762.6,1600.0
APOLLOHOSP,APOLLOHOSPEQN,8760.0,8761.5,8761.5,1.5,0.02,605,5300707,9050.0,6696.5
CANBK,CANBKEQN,124.0,124.02,124.02,0.02,0.02,33510,4155910,162.89,107.12
BECTORFOOD,BECTORFOODEQN,230.65,230.69,230.69,0.04,0.02,1322,304972,286.8,165.0
PRINCEPIPE,PRINCEPIPEEQN,283.95,284.0,284.0,0.05,0.02,140,39760,353.4,205.0
CUPID,CUPIDEQN,280.95,281.0,281.0,0.05,0.02,18020,5063620,299.0,32.87
CESC,CESCEQN,145.44,145.47,145.47,0.03,0.02,4024,585371,204.5,138.12
GLOTTIS,GLOTTISEQN,59.62,59.63,59.63,0.01,0.02,229,13655,93.0,37.0
SUDARSCHEM,SUDARSCHEMEQN,1239.8,1240.1,1240.1,0.3,0.02,169,209576,1603.0,726.4
IVALUE,IVALUEEQN,227.02,227.06,227.06,0.04,0.02,100,22706,340.0,207.35
WELSPLSOL,WELSPLSOLEQN,58.99,59.0,59.0,0.01,0.02,4944,291696,63.25,36.0
JSWCEMENT,JSWCEMENTEQN,121.81,121.84,121.84,0.03,0.02,1723,209930,153.45,106.65
VINCOFE,VINCOFEEQN,178.88,178.9,178.9,0.02,0.01,2269,405924,189.4,120.24
SHAKTIPUMP,SHAKTIPUMPEQN,466.95,467.0,467.0,0.05,0.01,794,370798,915.0,456.35
CERA,CERAEQN,5743.5,5744.0,5744.0,0.5,0.01,4,22976,6740.0,4461.1
NITCO,NITCOEQN,93.84,93.85,93.85,0.01,0.01,1169,109710,126.0,64.0
GRINDWELL,GRINDWELLEQN,1932.9,1933.0,1933.0,0.1,0.01,4,7732,2455.0,1329.0
AEGISLOG,AEGISLOGEQN,1253.7,1253.8,1253.8,0.1,0.01,457,572986,1497.8,576.1
BANKINDIA,BANKINDIAEQN,142.02,142.04,142.04,0.02,0.01,5566,790594,178.36,112.51
TIINDIA,TIINDIAEQN,2683.0,2683.4,2683.4,0.4,0.01,29,77818,3419.9,2164.9
SINTERCOM,SINTERCOMEQN,81.43,81.44,81.44,0.01,0.01,99,8062,130.0,62.99
ORIENTBELL,ORIENTBELLEQN,415.1,415.15,415.15,0.05,0.01,33,13699,434.95,246.55
DPABHUSHAN,DPABHUSHANEQN,1424.7,1424.8,1424.8,0.1,0.01,55,78364,1670.0,866.1
FMGOETZE,FMGOETZEEQN,482.05,482.1,482.1,0.05,0.01,2992,1442443,641.1,358.0
INDOCO,INDOCOEQN,250.7,250.73,250.73,0.03,0.01,109,27329,332.2,162.19
KPRMILL,KPRMILLEQN,1154.7,1154.8,1154.8,0.1,0.01,96,110860,1334.0,796.1
CDSL,CDSLEQN,1414.9,1415.0,1415.0,0.1,0.01,6290,8900350,1673.7,1116.3
STEELCITY,STEELCITYEQN,84.99,85.0,85.0,0.01,0.01,2,170,105.57,71.26
NUVAMA,NUVAMAEQN,1832.4,1832.5,1832.5,0.1,0.01,375,687187,2066.0,1096.9
HONASA,HONASAEQN,468.9,468.95,468.95,0.05,0.01,784,367656,509.8,248.4
IMFA,IMFAEQN,1286.9,1287.0,1287.0,0.1,0.01,129,166023,1679.9,975.05
PICCADIL,PICCADILEQN,617.95,618.0,618.0,0.05,0.01,497,307146,809.7,515.0
PGHH,PGHHEQN,7634.5,7635.0,7635.0,0.5,0.01,12,91620,14509.0,7602.0
NACLIND,NACLINDEQN,164.58,164.6,164.6,0.02,0.01,363,59749,249.91,112.62
INDIGRID,INDIGRIDIVN,175.39,175.4,175.4,0.01,0.01,549,96294,180.9,161.01
SPARC,SPARCEQN,205.87,205.87,205.87,0.0,0.0,5575,1147725,289.0,108.0
SANOFICONR,SANOFICONREQN,4106.0,4106.0,4106.0,0.0,0.0,15,61590,5357.0,3975.0
TIPSMUSIC,TIPSMUSICEQN,643.7,643.7,643.7,0.0,0.0,390,251043,741.0,481.15
TPHQ,TPHQBEN,0.53,0.53,0.53,0.0,0.0,15287,8102,0.86,0.4
NTPCGREEN,NTPCGREENEQN,88.16,88.16,88.16,0.0,0.0,12799,1128359,119.95,84.0
SITINET,SITINETBZN,0.29,0.29,0.29,0.0,0.0,25137,7289,0.51,0.27
TRANSRAILL,TRANSRAILLEQN,419.55,419.55,419.55,0.0,0.0,1741,730436,823.0,418.0
CCHHL,CCHHLEQN,12.65,12.65,12.65,0.0,0.0,57,721,19.5,10.03
DUCON,DUCONEQN,1.79,1.79,1.79,0.0,0.0,17212,30809,4.57,1.57
TARMAT,TARMATEQN,61.91,61.91,61.91,0.0,0.0,25,1547,73.9,46.26
SPCENET,SPCENETEQN,3.56,3.56,3.56,0.0,0.0,6045,21520,11.24,3.0
ENERGYDEV,ENERGYDEVEQN,15.43,15.43,15.43,0.0,0.0,79,1218,29.69,13.15
BLACKBUCK,BLACKBUCKEQN,583.6,583.6,583.6,0.0,0.0,226,131893,748.0,496.0
ITC,ITCEQN,263.5,263.5,263.5,0.0,0.0,17756,4678706,426.4,255.5
ORIENTTECH,ORIENTTECHEQN,235.16,235.16,235.16,0.0,0.0,182,42799,466.73,220.8
AGARWALEYE,AGARWALEYEEQN,518.25,518.25,518.25,0.0,0.0,88,45606,568.0,401.0
JHS,JHSEQN,7.99,7.99,7.99,0.0,0.0,1,7,13.9,6.26
IGIL,IGILEQN,318.0,318.0,318.0,0.0,0.0,656,208608,392.0,287.0
MSPL,MSPLEQN,34.78,34.78,34.78,0.0,0.0,616,21424,46.12,26.25
GMRAIRPORT,GMRAIRPORTEQN,95.94,95.94,95.94,0.0,0.0,28776,2760769,115.64,84.11
WAAREEENER,WAAREEENEREQN,2593.0,2593.0,2593.0,0.0,0.0,1086,2815998,3865.0,2403.0
ACMESOLAR,ACMESOLAREQN,413.15,413.15,413.15,0.0,0.0,4510,1863306,430.5,195.9
SWIGGY,SWIGGYEQN,276.45,276.45,276.45,0.0,0.0,33947,9384648,474.0,235.75
FOCUS,FOCUSBEN,63.64,63.64,63.64,0.0,0.0,502,31947,99.9,57.06
GATECHDVR,GATECHDVRBEN,0.49,0.49,0.49,0.0,0.0,13000,6370,0.67,0.36
POWERMECH,POWERMECHEQN,2359.8,2359.8,2359.8,0.0,0.0,196,462520,3145.9,1717.7
SAILIFE,SAILIFEEQN,1579.6,1579.6,1579.6,0.0,0.0,895,1413742,1630.0,783.85
SURANASOL,SURANASOLEQN,25.86,25.86,25.86,0.0,0.0,54,1396,39.08,18.31
SIL,SILEQN,19.17,19.17,19.17,0.0,0.0,491,9412,22.3,11.7
GODAVARIB,GODAVARIBEQN,244.95,244.95,244.95,0.0,0.0,84,20575,353.0,227.42
SBCL,SBCLEQN,1092.1,1092.1,1092.1,0.0,0.0,914,998179,1215.7,368.6
DOLATALGO,DOLATALGOEQN,69.96,69.96,69.96,0.0,0.0,100,6996,95.76,64.96
INOXGREEN,INOXGREENEQN,172.28,172.28,172.28,0.0,0.0,1445,248944,279.0,132.58
ALICON,ALICONEQN,681.75,681.75,681.75,0.0,0.0,33,22497,1022.0,580.0
YATHARTH,YATHARTHEQN,994.8,994.8,994.8,0.0,0.0,699,695365,1024.85,538.25
SANDESH,SANDESHEQN,1053.9,1053.9,1053.9,0.0,0.0,11,11592,1270.0,811.0
GULPOLY,GULPOLYEQN,183.04,183.04,183.04,0.0,0.0,342,62599,227.63,121.5
ITI,ITIEQN,270.6,270.6,270.6,0.0,0.0,304,82262,372.85,237.0
PURVA,PURVAEQN,223.02,223.02,223.02,0.0,0.0,1441,321371,289.55,160.69
TCIFINANCE,TCIFINANCEBEN,15.2,15.2,15.2,0.0,0.0,5,76,38.46,10.0
TREJHARA,TREJHARAEQN,147.19,147.19,147.19,0.0,0.0,1,147,284.85,128.4
SUPRAJIT,SUPRAJITEQN,473.2,473.2,473.2,0.0,0.0,308,145745,559.25,389.95
XCHANGING,XCHANGINGEQN,64.3,64.3,64.3,0.0,0.0,1279,82239,103.0,47.5
SJVN,SJVNEQN,65.56,65.56,65.56,0.0,0.0,6342,415781,95.58,63.02
PILITA,PILITAEQN,7.85,7.85,7.85,0.0,0.0,5,39,15.9,6.2
AARTIIND,AARTIINDEQN,490.7,490.7,490.7,0.0,0.0,3484,1709598,551.75,338.05
FEL,FELBZN,0.38,0.38,0.38,0.0,0.0,8230,3127,0.65,0.34
SARDAEN,SARDAENEQN,512.5,512.5,512.5,0.0,0.0,130,66625,639.75,453.1
JPPOWER,JPPOWEREQN,16.79,16.79,16.79,0.0,0.0,308707,5183190,24.5,13.15
ALGOQUANT,ALGOQUANTEQN,63.89,63.89,63.89,0.0,0.0,161,10286,71.01,47.8
GPTHEALTH,GPTHEALTHEQN,161.37,161.37,161.37,0.0,0.0,171,27594,175.0,115.0
SAGCEM,SAGCEMEQN,153.64,153.64,153.64,0.0,0.0,21,3226,295.95,148.7
GLOSTERLTD,GLOSTERLTDEQN,603.4,603.4,603.4,0.0,0.0,1,603,756.45,495.0
SGMART,SGMARTEQN,810.4,810.4,810.4,0.0,0.0,239,193685,860.6,313.1
PVSL,PVSLEQN,100.54,100.54,100.54,0.0,0.0,50,5027,163.0,82.41
XPROINDIA,XPROINDIAEQN,1362.0,1362.0,1362.0,0.0,0.0,113,153906,1574.8,788.05
RKFORGE,RKFORGEEQN,706.25,706.25,706.25,0.0,0.0,356,251425,772.8,460.15
SPANDANA,SPANDANAEQN,238.88,238.88,238.88,0.0,0.0,48,11466,319.4,181.1
ULTRACEMCO,ULTRACEMCOEQN,11175.0,11175.0,11175.0,0.0,0.0,183,2045025,13110.0,10325.0
TCS,TCSEQN,2270.0,2270.0,2270.0,0.0,0.0,13792,31307840,3350.0,1976.8
SHEKHAWATI,SHEKHAWATIBEN,16.01,16.01,16.01,0.0,0.0,100,1601,25.75,9.12
ASTRAL,ASTRALEQN,1498.2,1498.2,1498.2,0.0,0.0,933,1397820,1768.7,1311.6
ELECTHERM,ELECTHERMEQN,966.4,966.4,966.4,0.0,0.0,5,4832,1277.0,551.0
CENTRALBK,CENTRALBKEQN,30.96,30.96,30.96,0.0,0.0,22870,708055,40.92,29.32
IRCTC,IRCTCEQN,474.5,474.5,474.5,0.0,0.0,5114,2426593,739.0,470.7
FIEMIND,FIEMINDEQN,2068.8,2068.8,2068.8,0.0,0.0,70,144816,2674.8,1868.5
FILATEX,FILATEXEQN,76.59,76.59,76.59,0.0,0.0,1575,120629,87.27,36.26
KIOCL,KIOCLEQN,376.5,376.5,376.5,0.0,0.0,1,376,634.55,290.65
INVENTURE,INVENTUREEQN,0.92,0.92,0.92,0.0,0.0,2612,2403,1.68,0.72
OLAELEC,OLAELECEQN,37.96,37.96,37.96,0.0,0.0,128984,4896232,64.35,22.25
PREMIERENE,PREMIERENEEQN,990.0,990.0,990.0,0.0,0.0,407,402930,1134.0,660.0
KEC,KECEQN,401.65,401.65,401.65,0.0,0.0,2636,1058749,937.8,399.55
KFINTECH,KFINTECHEQN,922.5,922.5,922.5,0.0,0.0,542,499995,1215.0,784.95
TCIEXP,TCIEXPEQN,549.1,549.1,549.1,0.0,0.0,35,19218,780.0,447.55
THEJO,THEJOEQN,2160.2,2160.2,2160.2,0.0,0.0,11,23762,2286.6,1443.6
INDUSTOWER,INDUSTOWEREQN,376.45,376.45,376.45,0.0,0.0,1280,481856,481.5,334.9
DCW,DCWEQN,47.99,47.99,47.99,0.0,0.0,5049,242301,76.35,37.11
SPMLINFRA,SPMLINFRAEQN,180.21,180.21,180.21,0.0,0.0,410,73886,302.0,151.01
MAGADSUGAR,MAGADSUGAREQN,573.95,573.95,573.95,0.0,0.0,7,4017,634.95,417.0
UNIECOM,UNIECOMEQN,85.36,85.36,85.36,0.0,0.0,130,11096,153.79,78.51
RUPA,RUPAEQN,142.92,142.92,142.92,0.0,0.0,401,57310,212.84,109.21
VIKASECO,VIKASECOEQN,1.07,1.07,1.07,0.0,0.0,3417,3656,2.15,0.99
MASTEK,MASTEKEQN,1691.7,1691.7,1691.7,0.0,0.0,278,470292,2580.0,1334.2
RTNINDIA,RTNINDIAEQN,28.14,28.14,28.14,0.0,0.0,10088,283876,62.67,24.4
SCHNEIDER,SCHNEIDEREQN,1193.6,1193.6,1193.6,0.0,0.0,2059,2457622,1548.0,571.85
SREEL,SREELEQN,279.4,279.4,279.4,0.0,0.0,13,3632,286.01,165.25
GODREJAGRO,GODREJAGROEQN,665.5,665.5,665.5,0.0,0.0,666,443223,759.5,506.1
GARFIBRES,GARFIBRESEQN,819.25,819.25,819.25,0.0,0.0,36,29493,863.4,579.75
BIRLACORPN,BIRLACORPNEQN,868.15,868.15,868.15,0.0,0.0,24,20835,1346.1,769.6
DELTACORP,DELTACORPEQN,56.2,56.2,56.2,0.0,0.0,1625,91325,86.61,48.3
DHANBANK,DHANBANKEQN,31.36,31.36,31.36,0.0,0.0,3887,121896,36.85,19.45
BAJAJFINSV,BAJAJFINSVEQN,1938.6,1938.6,1938.6,0.0,0.0,977,1894012,2195.0,1597.0
GMRP&UI,GMRP&UIEQN,93.57,93.57,93.57,0.0,0.0,5396,504903,136.95,86.8
LIKHITHA,LIKHITHAEQN,205.16,205.16,205.16,0.0,0.0,1,205,272.0,131.45
TECHNOE,TECHNOEEQN,962.5,962.5,962.5,0.0,0.0,175,168437,1554.0,870.0
GANECOS,GANECOSEQN,990.0,990.0,990.0,0.0,0.0,32,31680,1358.4,653.55
KNACK,KNACKEQN,185.93,185.93,185.93,0.0,0.0,226,42020,222.0,180.33
JINDALSTEL,JINDALSTELEQN,1147.9,1147.9,1147.9,0.0,0.0,159,182516,1306.2,977.1
RENUKA,RENUKAEQN,25.15,25.15,25.15,0.0,0.0,47002,1182100,33.3,21.05
DIVGIITTS,DIVGIITTSEQN,1175.9,1175.9,1175.9,0.0,0.0,85,99951,1329.8,573.7
NIACL,NIACLEQN,231.2,231.2,231.2,0.0,0.0,31080,7185696,242.6,116.97
KALYANKJIL,KALYANKJILEQN,591.0,591.0,591.0,0.0,0.0,8946,5287086,648.95,327.05
J&KBANK,J&KBANKEQN,147.88,147.88,147.88,0.0,0.0,2406,355799,201.75,97.35
BAJAJCON,BAJAJCONEQN,526.0,526.0,526.0,0.0,0.0,3216,1691616,692.0,220.1
FLFL,FLFLBZN,1.25,1.25,1.25,0.0,0.0,100,125,1.99,1.1
MAZDOCK,MAZDOCKEQN,2454.2,2454.2,2454.2,0.0,0.0,2246,5512133,3061.4,2057.4
UTIAMC,UTIAMCEQN,889.95,889.95,889.95,0.0,0.0,142,126372,1418.0,866.0
ROUTE,ROUTEEQN,512.05,512.05,512.05,0.0,0.0,119,60933,890.4,410.7
BOROSCI,BOROSCIEQN,130.65,130.65,130.65,0.0,0.0,13,1698,180.8,96.64
MAPMYINDIA,MAPMYINDIAEQN,976.0,976.0,976.0,0.0,0.0,252,245952,1998.0,795.0
RITCO,RITCOEQN,319.8,319.8,319.8,0.0,0.0,104,33259,331.15,167.1
TALBROAUTO,TALBROAUTOEQN,431.8,431.8,431.8,0.0,0.0,2189,945210,451.6,219.9
KTKBANK,KTKBANKEQN,333.6,333.6,333.6,0.0,0.0,1881,627501,345.9,170.0
SJS,SJSEQN,2332.3,2332.3,2332.3,0.0,0.0,288,671702,2590.0,1372.2
STARHEALTH,STARHEALTHEQN,565.95,565.95,565.95,0.0,0.0,890,503695,624.9,416.55
SHRIRAMPPS,SHRIRAMPPSEQN,75.5,75.5,75.5,0.0,0.0,2660,200830,99.44,60.57
IRB,IRBEQN,19.25,19.25,19.25,0.0,0.0,48588,935319,23.95,18.76
FOSECOIND,FOSECOINDEQN,6128.5,6128.5,6128.5,0.0,0.0,25,153212,6846.0,4300.0
MEDIASSIST,MEDIASSISTEQN,336.5,336.5,336.5,0.0,0.0,48,16152,575.55,293.0
NLCINDIA,NLCINDIAEQN,269.3,269.3,269.3,0.0,0.0,2833,762926,387.8,228.8
PRIVISCL,PRIVISCLEQN,3382.6,3382.6,3382.6,0.0,0.0,90,304434,3785.3,2236.0
EIHAHOTELS,EIHAHOTELSEQN,296.45,296.45,296.45,0.0,0.0,1,296,434.9,266.65
GICHSGFIN,GICHSGFINEQN,140.42,140.42,140.42,0.0,0.0,201,28224,184.0,130.05
GMBREW,GMBREWEQN,941.4,941.4,941.4,0.0,0.0,101,95081,1328.8,682.4
IEX,IEXEQN,117.5,117.5,117.5,0.0,0.0,14069,1653107,160.27,114.6
ASHOKLEY,ASHOKLEYEQN,170.0,170.0,170.0,0.0,0.0,15319,2604230,215.42,131.37
AUTOAXLES,AUTOAXLESEQN,1666.6,1666.6,1666.6,0.0,0.0,22,36665,2115.0,1540.2
GRASIM,GRASIMEQN,3302.4,3302.4,3302.4,0.0,0.0,203,670387,3411.1,2502.5
SFML,SFMLSMN,21.3,21.3,21.3,0.0,0.0,1600,34080,43.5,16.5
CENTRUM,CENTRUMEQN,22.47,22.47,22.47,0.0,0.0,10,224,38.5,19.66
IOB,IOBEQN,33.1,33.1,33.1,0.0,0.0,9931,328716,41.8,31.2
HIMATSEIDE,HIMATSEIDEEQN,70.15,70.15,70.15,0.0,0.0,279,19571,134.7,68.0
SAMHI,SAMHIEQN,155.77,155.77,155.77,0.0,0.0,570,88788,220.82,127.0
SIS,SISEQN,428.65,428.65,428.65,0.0,0.0,105,45008,480.95,257.05
MANKIND,MANKINDEQN,2318.0,2318.0,2318.0,0.0,0.0,281,651358,2674.0,1909.7
JUBLINGREA,JUBLINGREAEQN,675.35,675.35,675.35,0.0,0.0,142,95899,795.0,537.3
ADANIENSOL,ADANIENSOLEQN,1390.4,1390.4,1390.4,0.0,0.0,4153,5774331,1789.0,757.65
JYOTHYLAB,JYOTHYLABEQN,195.1,195.1,195.1,0.0,0.0,3227,629587,334.25,188.1
JKIL,JKILEQN,491.3,491.3,491.3,0.0,0.0,106,52077,672.0,425.0
KPITTECH,KPITTECHEQN,562.25,562.25,562.25,0.0,0.0,3082,1732854,1328.0,543.0
MANORAMA,MANORAMAEQN,2003.6,2003.6,2003.6,0.0,0.0,792,1586851,2043.0,1060.6
DEN,DENEQN,27.9,27.9,27.9,0.0,0.0,246,6863,37.35,22.52
ONWARDTEC,ONWARDTECEQN,283.85,283.85,283.85,0.0,0.0,71,20153,355.0,208.25
SRF,SRFEQN,2546.0,2546.0,2546.0,0.0,0.0,218,555028,3210.0,2355.0
ANGELONE,ANGELONEEQN,303.8,303.8,303.8,0.0,0.0,11172,3394053,360.45,208.63
BERGEPAINT,BERGEPAINTEQN,484.5,484.5,484.5,0.0,0.0,158,76551,594.55,391.1
NILASPACES,NILASPACESEQN,12.23,12.23,12.23,0.0,0.0,360,4402,20.47,11.35
DOLLAR,DOLLAREQN,262.05,262.05,262.05,0.0,0.0,122,31970,396.0,220.5
LLOYDSME,LLOYDSMEEQN,1803.0,1803.0,1803.0,0.0,0.0,136,245208,2125.0,1042.9
HINDWAREAP,HINDWAREAPEQN,182.54,182.54,182.54,0.0,0.0,7,1277,392.7,170.5
UBL,UBLEQN,1291.0,1291.0,1291.0,0.0,0.0,248,320168,1847.9,1275.3
VSTIND,VSTINDEQN,206.96,206.96,206.96,0.0,0.0,223,46152,286.78,200.0
VENKEYS,VENKEYSEQN,1648.3,1648.3,1648.3,0.0,0.0,23,37910,1800.0,1165.0
WIPRO,WIPROEQN,172.8,172.8,172.8,0.0,0.0,41682,7202649,273.1,169.0
CASTROLIND,CASTROLINDEQN,189.01,189.01,189.01,0.0,0.0,2006,379154,210.75,170.1
RBA,RBAEQN,96.41,96.41,96.41,0.0,0.0,2996,288844,111.15,57.15
ASTERDM,ASTERDMEQN,795.65,795.65,795.65,0.0,0.0,594,472616,891.3,519.1
AWHCL,AWHCLEQN,370.5,370.5,370.5,0.0,0.0,729,270094,616.0,367.05
HATSUN,HATSUNEQN,1132.8,1132.8,1132.8,0.0,0.0,103,116678,1222.0,855.3
SUPREMEIND,SUPREMEINDEQN,3598.0,3598.0,3598.0,0.0,0.0,725,2608550,4632.0,3140.0
JISLJALEQS,JISLJALEQSEQN,32.51,32.51,32.51,0.0,0.0,31238,1015547,59.0,26.11
RAINBOW,RAINBOWEQN,1469.9,1469.9,1469.9,0.0,0.0,211,310148,1610.0,1084.0
RVNL,RVNLEQN,210.05,210.05,210.05,0.0,0.0,33303,6995295,400.7,203.83
HPL,HPLEQN,301.55,301.55,301.55,0.0,0.0,342,103130,507.9,255.55
BLUEDART,BLUEDARTEQN,4988.8,4988.8,4988.8,0.0,0.0,21,104764,7036.0,4628.5
CANFINHOME,CANFINHOMEEQN,805.45,805.45,805.45,0.0,0.0,247,198946,971.5,733.0
JINDALSAW,JINDALSAWEQN,309.55,309.55,309.55,0.0,0.0,1370,424083,319.5,153.0
EQUIPPP,EQUIPPPBEN,22.85,22.85,22.85,0.0,0.0,1,22,25.89,13.85
TATACONSUM,TATACONSUMEQN,1015.0,1015.0,1015.0,0.0,0.0,713,723695,1282.7,1004.0
BALAXI,BALAXIEQN,24.24,24.24,24.24,0.0,0.0,400,9696,47.75,15.2
IDFCFIRSTB,IDFCFIRSTBEQN,86.44,86.44,86.44,0.0,0.0,21672,1873327,88.76,58.08
TRIDENT,TRIDENTEQN,23.98,23.98,23.98,0.0,0.0,10963,262892,30.94,21.98
ESSENTIA,ESSENTIAEQN,1.1,1.1,1.1,0.0,0.0,114178,125595,1.96,0.95
AVADHSUGAR,AVADHSUGAREQN,839.7,839.7,839.7,0.0,0.0,256,214963,884.8,306.05
ITDC,ITDCEQN,643.35,643.35,643.35,0.0,0.0,26,16727,822.0,368.0
CRISIL,CRISILEQN,4786.6,4786.6,4786.6,0.0,0.0,23,110091,5115.0,3686.0
RADAAN,RADAANEQN,3.0,3.0,3.0,0.0,0.0,40,120,3.99,2.35
PRISMX,PRISMXEQN,0.54,0.54,0.54,0.0,0.0,1412,762,0.58,0.47
VIKASLIFE,VIKASLIFEEQN,1.29,1.29,1.29,0.0,0.0,15175,19575,2.37,1.05
SYNGENE,SYNGENEEQN,389.3,389.3,389.3,0.0,0.0,186,72409,678.95,375.25
SHARDAMOTR,SHARDAMOTREQN,890.05,890.05,890.05,0.0,0.0,205,182460,1189.9,700.0
COFORGE,COFORGEEQN,1935.0,1935.0,1935.0,0.0,0.0,1673,3237255,2021.2,1008.1
TMB,TMBEQN,936.45,936.45,936.45,0.0,0.0,119,111437,954.2,420.0
AAATECH,AAATECHEQN,92.07,92.07,92.07,0.0,0.0,50,4603,136.0,76.11
ALLCARGO,ALLCARGOEQN,12.67,12.67,12.67,0.0,0.0,33117,419592,36.55,7.11
ZFCVINDIA,ZFCVINDIAEQN,2491.7,2491.7,2491.7,0.0,0.0,17,42358,3044.0,2050.33
NGIL,NGILEQN,40.11,40.11,40.11,0.0,0.0,1,40,43.89,22.01
ACUTAAS,ACUTAASEQN,3181.6,3181.6,3181.6,0.0,0.0,279,887666,3740.0,1302.0
TNTELE,TNTELEEQN,8.97,8.97,8.97,0.0,0.0,10,89,15.74,7.81
MODTHREAD,MODTHREADEQN,54.7,54.7,54.7,0.0,0.0,1,54,65.65,35.61
MANAKSTEEL,MANAKSTEELBEN,106.41,106.41,106.41,0.0,0.0,1,106,114.76,45.11
KOPRAN,KOPRANEQN,245.87,245.87,245.87,0.0,0.0,4438,1091171,253.71,107.0
BCLIND,BCLINDEQN,36.48,36.48,36.48,0.0,0.0,1523,55559,44.9,25.53
BUTTERFLY,BUTTERFLYEQN,614.9,614.9,614.9,0.0,0.0,5,3074,823.85,565.8
ADANIGREEN,ADANIGREENEQN,1288.0,1288.0,1288.0,0.0,0.0,3143,4048184,1631.5,765.0
HYBRIDFIN,HYBRIDFINBEN,17.19,17.19,17.19,0.0,0.0,6,103,33.62,13.06
SAMPANN,SAMPANNEQN,24.54,24.54,24.54,0.0,0.0,2,49,43.44,23.75
CYBERTECH,CYBERTECHBEN,134.0,134.0,134.0,0.0,0.0,190,25460,274.8,95.3
NEXTMEDIA,NEXTMEDIAEQN,3.76,3.76,3.76,0.0,0.0,1,3,8.48,3.16
FLEXITUFF,FLEXITUFFBEN,2.18,2.18,2.18,0.0,0.0,72,156,27.5,2.18
TOLINS,TOLINSEQN,92.26,92.26,92.26,0.0,0.0,4,369,202.0,83.04
ARE&M,ARE&MEQN,842.95,842.95,842.95,0.0,0.0,1549,1305729,1057.85,670.0
IL&FSTRANS,IL&FSTRANSBZN,2.11,2.11,2.11,0.0,0.0,1,2,3.34,1.75
FILATFASH,FILATFASHEQN,0.18,0.18,0.18,0.0,0.0,80410,14473,0.68,0.14
SIGIND,SIGINDBEN,66.91,66.91,66.91,0.0,0.0,15,1003,74.99,40.66
BHARATSE,BHARATSEEQN,227.65,227.65,227.65,0.0,0.0,1044,237666,263.18,133.6
FLYSBS,FLYSBSSMN,657.4,657.4,657.4,0.0,0.0,200,131480,669.0,355.25
DIFFNKG,DIFFNKGEQN,454.4,454.4,454.4,0.0,0.0,380,172672,519.9,216.8
JLHL,JLHLEQN,285.4,285.4,285.4,0.0,0.0,42,11986,340.0,235.6
ETERNAL,ETERNALEQN,320.8,320.8,320.8,0.0,0.0,42946,13777076,368.45,212.6
ZYDUSWELL,ZYDUSWELLEQN,555.35,555.35,555.35,0.0,0.0,4977,2763976,611.85,367.55
AGSTRA,AGSTRABZN,1.94,1.94,1.94,0.0,0.0,569,1103,5.44,1.88
SERVOTECH,SERVOTECHEQN,79.03,79.03,79.03,0.0,0.0,1808,142886,143.0,57.51
LENSKART,LENSKARTEQN,688.0,688.0,688.0,0.0,0.0,4561,3137968,697.25,356.1
TIPSFILMS,TIPSFILMSEQN,328.15,328.15,328.15,0.0,0.0,16,5250,522.0,276.75
SHILCTECH,SHILCTECHEQN,4187.0,4187.0,4187.0,0.0,0.0,47,196789,5399.0,2852.5
SHRENIK,SHRENIKBZN,0.29,0.29,0.29,0.0,0.0,1079,312,0.65,0.27
3MINDIA,3MINDIAEQN,32840.0,32840.0,32840.0,0.0,0.0,2,65680,38030.0,28730.0
CNL,CNLEQN,1209.5,1209.5,1209.5,0.0,0.0,51,61684,1328.0,525.0
CONCORDBIO,CONCORDBIOEQN,1443.2,1443.2,1443.2,0.0,0.0,73,105353,1704.0,987.0
SDBL,SDBLEQN,75.02,75.02,75.02,0.0,0.0,1770,132785,142.6,61.8
MADHAVIPL,MADHAVIPLEQN,7.91,7.91,7.91,0.0,0.0,160,1265,9.9,6.95
POWERICA,POWERICAEQN,512.1,512.1,512.1,0.0,0.0,53,27141,676.95,365.1
KLBRENG-B,KLBRENG-BEQN,461.2,461.2,461.2,0.0,0.0,41,18909,544.85,332.4
ULTRAMAR,ULTRAMAREQN,429.4,429.4,429.4,0.0,0.0,24,10305,455.75,364.1
UCOBANK,UCOBANKEQN,24.42,24.42,24.42,0.0,0.0,23596,576214,34.2,22.22
TERASOFT,TERASOFTEQN,273.25,273.25,273.25,0.0,0.0,1,273,598.0,271.0
ASTRON,ASTRONBZN,3.0,3.0,3.0,0.0,0.0,1,3,18.89,2.88
PIGL,PIGLEQN,98.35,98.35,98.35,0.0,0.0,10,983,189.7,88.05
GOODYEAR,GOODYEAREQN,730.8,730.8,730.8,0.0,0.0,46,33616,876.0,711.25
UNIDT,UNIDTBEN,233.24,233.24,233.24,0.0,0.0,29,6763,254.97,146.0
AEQUS,AEQUSEQN,233.86,233.86,233.86,0.0,0.0,10394,2430740,274.39,113.3
INA,INAEQN,92.77,92.77,92.77,0.0,0.0,8400,779268,161.81,79.75
JAYKAY,JAYKAYEQN,158.73,158.73,158.73,0.0,0.0,77,12222,203.43,106.96
YASHO,YASHOEQN,3987.8,3987.8,3987.8,0.0,0.0,32,127609,4994.0,1130.0
GUFICBIO,GUFICBIOEQN,448.0,448.0,448.0,0.0,0.0,456,204288,467.8,268.0
SAHLIBHFI,SAHLIBHFIEQN,86.54,86.54,86.54,0.0,0.0,233,20163,91.95,66.6
VINNY,VINNYEQN,1.01,1.01,1.01,0.0,0.0,4904,4953,1.53,0.94
ORIANA,ORIANASMN,1216.85,1216.85,1216.85,0.0,0.0,75,91263,3064.0,1174.95
GUJENERGY,GUJENERGYEQN,261.93,261.93,261.93,0.0,0.0,2475,648276,452.0,246.15
FUSION,FUSIONEQN,200.52,200.52,200.52,0.0,0.0,974,195306,243.0,136.5
SIKA,SIKAEQN,986.1,986.1,986.1,0.0,0.0,16,15777,1359.4,870.1
SINDHUTRAD,SINDHUTRADEQN,25.25,25.25,25.25,0.0,0.0,1166,29441,32.74,17.64
SUNDARMFIN,SUNDARMFINEQN,4708.3,4708.3,4708.3,0.0,0.0,33,155373,5642.0,4000.0
SHAHALLOYS,SHAHALLOYSBEN,102.63,102.63,102.63,0.0,0.0,12,1231,116.85,53.1
BALMLAWRIE,BALMLAWRIEEQN,177.98,177.98,177.98,0.0,0.0,126,22425,238.2,148.36
MOLBIO,MOLBIOEQN,1127.2,1127.2,1127.2,0.0,0.0,1167,1315442,1264.6,926.35
EUROPRATIK,EUROPRATIKEQN,257.0,257.0,257.0,0.0,0.0,27,6939,390.0,205.1
LUMAXTECH,LUMAXTECHEQN,1935.5,1935.5,1935.5,0.0,0.0,119,230324,2148.7,1056.8
DAMODARIND,DAMODARINDBEN,29.3,29.3,29.3,0.0,0.0,100,2930,38.8,20.0
NATCOPHARM,NATCOPHARMEQN,838.3,838.3,838.3,0.0,0.0,762,638784,1226.8,789.0
NOVAAGRI,NOVAAGRIBEN,23.31,23.31,23.31,0.0,0.0,3,69,52.6,18.12
KAMOPAINTS,KAMOPAINTSEQN,4.4,4.4,4.4,0.0,0.0,1213,5337,9.6,3.6
MEESHO,MEESHOEQN,210.3,210.3,210.3,0.0,0.0,18225,3832717,254.4,125.56
DHOOTTRANS,DHOOTTRANSEQN,1551.7,1551.7,1551.7,0.0,0.0,2652,4115108,1665.2,1131.0
URBANCO,URBANCOEQN,176.06,176.06,176.06,0.0,0.0,46207,8135204,201.18,100.7
SBIFUNDS,SBIFUNDSEQN,557.8,557.8,557.8,0.0,0.0,1914,1067629,624.95,536.5
DALBHARAT,DALBHARATEQN,1713.9,1713.9,1713.9,0.0,0.0,74,126828,2496.3,1605.0
PGINVIT,PGINVITIVN,102.51,102.51,102.51,0.0,0.0,7356,754063,104.5,86.3
3PLAND,3PLANDEQN,32.15,32.15,32.15,0.0,0.0,6,192,47.5,28.51
SAB,SABEQN,192.6,192.6,192.6,0.0,0.0,4,770,192.6,165.0
CREDENT,CREDENTSMN,324.5,324.5,324.5,0.0,0.0,600,194700,380.0,310.5
INDSWFTLAB,INDSWFTLABEQN,368.7,368.7,368.7,0.0,0.0,1432,527978,389.5,87.15
RAJESHEXPO,RAJESHEXPOBZN,79.72,79.72,79.72,0.0,0.0,675,53811,237.88,72.63
IZMO,IZMOEQN,924.5,924.5,924.5,0.0,0.0,186,171957,1374.7,562.0
PWL,PWLEQN,129.67,129.67,129.67,0.0,0.0,25910,3359749,161.99,77.72
EMAMIREAL,EMAMIREALEQN,67.62,67.62,67.62,0.0,0.0,50,3381,122.14,48.2
ELGIRUBCO,ELGIRUBCOEQN,57.68,57.68,57.68,0.0,0.0,5,288,74.95,32.72
DECNGOLD,DECNGOLDEQN,215.77,215.77,215.77,0.0,0.0,3030,653783,250.8,114.8
SUNSHIEL,SUNSHIELEQN,1268.6,1268.6,1268.6,0.0,0.0,7,8880,1280.0,1130.0
GKSL,GKSLEQN,176.34,176.34,176.34,0.0,0.0,1391,245288,177.9,98.36
REPL,REPLBEN,60.99,60.99,60.99,0.0,0.0,2,121,168.0,59.4
TSFINV,TSFINVEQN,403.6,403.6,403.6,0.0,0.0,31,12511,701.5,331.7
PETRONET,PETRONETEQN,290.95,290.95,290.95,0.0,0.0,2053,597320,326.4,235.35
AARTECH,AARTECHBEN,49.53,49.53,49.53,0.0,0.0,1,49,64.75,33.51
ASHUTOSH,ASHUTOSHSTN,147.0,147.0,147.0,0.0,0.0,116400,17110800,0.0,0.0
KJMCFIN,KJMCFINEQN,61.84,61.84,61.84,0.0,0.0,10,618,84.5,51.01
STUDDS,STUDDSEQN,419.95,419.95,419.95,0.0,0.0,171,71811,600.0,412.3
NOIDATOLL,NOIDATOLLEQN,4.02,4.02,4.02,0.0,0.0,500,2010,7.43,2.87
LGEINDIA,LGEINDIAEQN,1647.8,1647.8,1647.8,0.0,0.0,263,433371,1755.0,1304.1
SHIVACEM,SHIVACEMEQN,16.07,16.07,16.07,0.0,0.0,12,192,17.94,15.4
TAMBOLIIN,TAMBOLIINBEN,259.15,259.15,259.15,0.0,0.0,1,259,265.1,141.5
AURUS,AURUSEQN,4.94,4.94,4.94,0.0,0.0,100,494,7.49,4.1
ALPINETEX,ALPINETEXEQN,63.17,63.17,63.17,0.0,0.0,2354,148702,105.0,50.46
LUXIND,LUXINDEQN,1159.4,1159.4,1159.4,0.0,0.0,18,20869,1823.35,824.05
PRAVEG,PRAVEGEQN,264.55,264.55,264.55,0.0,0.0,4,1058,325.0,210.4
LOTUSCHO,LOTUSCHOEQN,596.45,596.45,596.45,0.0,0.0,8,4771,671.0,592.0
SETL,SETLEQN,388.55,388.55,388.55,0.0,0.0,2872,1115915,412.8,104.56
VIRTUALG,VIRTUALGBEN,0.45,0.45,0.45,0.0,0.0,5341,2403,0.6,0.4
APOLLOTYRE,APOLLOTYREEQN,420.8,420.8,420.8,0.0,0.0,961,404388,540.5,365.3
MAHSCOOTER,MAHSCOOTEREQN,13493.0,13493.0,13493.0,0.0,0.0,1,13493,18538.0,10901.0
ESILVER,ESILVEREQN,230.04,230.04,230.04,0.0,0.0,50,11502,375.0,123.58
SHANTIINOR,SHANTIINORSTN,165.55,165.55,165.55,0.0,0.0,46400,7681520,0.0,0.0
OMAXAUTO,OMAXAUTOEQN,177.63,177.63,177.63,0.0,0.0,50,8881,263.4,84.5
AXISCADES,AXISCADESEQN,1778.0,1778.0,1778.0,0.0,0.0,523,929894,2211.0,1063.3
KOTYARK,KOTYARKBEN,32.89,32.89,32.89,0.0,0.0,720,23680,45.5,17.38
PRUDENT,PRUDENTEQN,3367.7,3367.7,3367.7,0.0,0.0,34,114501,4105.5,2121.0
DREDGECORP,DREDGECORPEQN,1054.2,1054.2,1054.2,0.0,0.0,74,78010,1286.0,538.0
ADVIKCA,ADVIKCAEQN,1.1,1.1,1.1,0.0,0.0,1876,2063,1.27,1.1
SUNRAKSHAK,SUNRAKSHAKEQN,370.15,370.15,370.15,0.0,0.0,5,1850,382.4,363.0
ABANSENT,ABANSENTEQN,28.39,28.39,28.39,0.0,0.0,1,28,48.85,22.3
CMLL,CMLLEQN,490.25,490.25,490.25,0.0,0.0,308,150997,624.4,463.35
SPELS,SPELSEQN,147.64,147.64,147.64,0.0,0.0,121,17864,157.0,140.1
ORIRAIL,ORIRAILEQN,127.28,127.28,127.28,0.0,0.0,229,29147,142.0,102.8
MUFTI,MUFTIEQN,74.0,74.0,74.0,0.0,0.0,1,74,130.14,63.06
JKPAPER,JKPAPEREQN,420.05,420.05,420.05,0.0,0.0,2190,919909,444.8,304.85
LINC,LINCEQN,96.8,96.8,96.8,0.0,0.0,3,290,139.6,85.01
KCPSUGIND,KCPSUGINDBEN,31.88,31.88,31.88,0.0,0.0,40,1275,36.47,21.45
MLKFOOD,MLKFOODEQN,85.8,85.8,85.8,0.0,0.0,33,2831,93.0,75.25
ONEGLOBAL,ONEGLOBALEQN,522.0,522.0,522.0,0.0,0.0,13,6786,580.0,494.0
KANSAINER,KANSAINEREQN,194.28,194.27,194.27,-0.01,-0.01,191,37105,264.0,157.91
EPACK,EPACKEQN,186.33,186.31,186.31,-0.02,-0.01,609,113462,408.0,184.86
CARRARO,CARRAROEQN,540.45,540.4,540.4,-0.05,-0.01,63,34045,667.55,416.0
RELAXO,RELAXOEQN,338.05,338.0,338.0,-0.05,-0.01,252,85176,506.4,236.5
TATATECH,TATATECHEQN,785.1,785.0,785.0,-0.1,-0.01,3725,2924125,891.0,507.4
MBAPL,MBAPLEQN,163.01,163.0,163.0,-0.01,-0.01,7891,1286233,174.94,74.63
PNBHOUSING,PNBHOUSINGEQN,1182.1,1182.0,1182.0,-0.1,-0.01,590,697380,1211.5,729.6
WESTLIFE,WESTLIFEEQN,533.05,533.0,533.0,-0.05,-0.01,5,2665,767.2,398.4
KAJARIACER,KAJARIACEREQN,1220.5,1220.4,1220.4,-0.1,-0.01,711,867704,1293.8,869.6
AJANTPHARM,AJANTPHARMEQN,3513.6,3513.4,3513.4,-0.2,-0.01,31,108915,3796.0,2329.9
PIXTRANS,PIXTRANSEQN,1754.9,1754.8,1754.8,-0.1,-0.01,4,7019,2089.0,1252.0
PRAJIND,PRAJINDEQN,336.55,336.5,336.5,-0.05,-0.01,1263,424999,427.65,273.0
FLAIR,FLAIREQN,240.22,240.2,240.2,-0.02,-0.01,8,1921,345.0,239.15
RPGLIFE,RPGLIFEEQN,2673.4,2673.0,2673.0,-0.4,-0.01,1,2673,3082.0,1733.0
SUNDRMFAST,SUNDRMFASTEQN,1200.5,1200.4,1200.4,-0.1,-0.01,164,196865,1250.3,730.1
DEEPAKNTR,DEEPAKNTREQN,1642.1,1642.0,1642.0,-0.1,-0.01,829,1361218,1904.4,1280.0
ISGEC,ISGECEQN,781.1,781.0,781.0,-0.1,-0.01,55,42955,1113.9,683.95
THYROCARE,THYROCAREEQN,573.15,573.1,573.1,-0.05,-0.01,336,192561,662.0,342.55
CUBEINVIT,CUBEINVITIVN,157.38,157.37,157.37,-0.01,-0.01,199,31316,165.0,131.0
CGPOWER,CGPOWEREQN,895.0,894.9,894.9,-0.1,-0.01,10466,9366023,980.9,525.5
MODIS,MODISEQN,383.05,383.0,383.0,-0.05,-0.01,105,40215,429.05,276.0
MARUTI,MARUTIEQN,12760.0,12758.0,12758.0,-2.0,-0.02,388,4950104,17370.0,12201.0
PREMEXPLN,PREMEXPLNEQN,663.25,663.1,663.1,-0.15,-0.02,1844,1222756,829.8,378.4
PROZONER,PROZONEREQN,48.01,48.0,48.0,-0.01,-0.02,425,20400,72.77,39.55
ADANIPORTS,ADANIPORTSEQN,1694.3,1694.0,1694.0,-0.3,-0.02,1450,2456300,1891.1,1292.0
DHARMAJ,DHARMAJEQN,270.05,270.0,270.0,-0.05,-0.02,13,3510,376.0,210.65
PRECAM,PRECAMEQN,123.98,123.96,123.96,-0.02,-0.02,318,39419,262.0,103.98
RAILTEL,RAILTELEQN,270.05,270.0,270.0,-0.05,-0.02,944,254880,412.9,245.0
ASAL,ASALEQN,470.1,470.0,470.0,-0.1,-0.02,39,18330,654.65,374.5
RCF,RCFEQN,113.92,113.9,113.9,-0.02,-0.02,691,78704,158.14,106.0
TRUALT,TRUALTEQN,424.1,424.0,424.0,-0.1,-0.02,242,102608,549.0,310.2
SCODATUBES,SCODATUBESEQN,130.33,130.3,130.3,-0.03,-0.02,843,109842,185.07,110.0
NELCO,NELCOEQN,933.2,933.0,933.0,-0.2,-0.02,165,153945,1120.0,500.1
TRAVELFOOD,TRAVELFOODEQN,1285.3,1285.0,1285.0,-0.3,-0.02,33,42405,1470.9,1035.3
VHLTD,VHLTDBEN,121.87,121.85,121.85,-0.02,-0.02,1000,121850,145.2,104.25
COCHINSHIP,COCHINSHIPEQN,1506.4,1506.0,1506.0,-0.4,-0.03,1876,2825256,1979.9,1187.0
PANAMAPET,PANAMAPETEQN,481.35,481.2,481.2,-0.15,-0.03,407,195848,599.6,229.0
KARURVYSYA,KARURVYSYAEQN,341.7,341.6,341.6,-0.1,-0.03,2802,957163,358.65,203.6
BHARATFORG,BHARATFORGEQN,1955.0,1954.5,1954.5,-0.5,-0.03,2563,5009383,2295.0,1140.6
INDIACEM,INDIACEMEQN,356.1,356.0,356.0,-0.1,-0.03,208,74048,485.8,342.35
JINDWORLD,JINDWORLDEQN,58.52,58.5,58.5,-0.02,-0.03,232673,13611370,61.99,17.85
ADVENZYMES,ADVENZYMESEQN,297.85,297.75,297.75,-0.1,-0.03,337,100341,419.0,251.95
FISCHER,FISCHEREQN,35.72,35.71,35.71,-0.01,-0.03,177,6320,124.7,31.05
VOEPL,VOEPLEQN,543.15,543.0,543.0,-0.15,-0.03,10,5430,593.45,428.65
ASHOKA,ASHOKAEQN,115.5,115.46,115.46,-0.04,-0.03,2826,326289,214.5,101.0
ELCIDIN,ELCIDINEQN,108950.0,108915.0,108915.0,-35.0,-0.03,1,108915,137000.0,105500.0
TVSHLTD,TVSHLTDEQN,13748.0,13743.0,13743.0,-5.0,-0.04,79,1085697,16297.0,12171.0
CENTUM,CENTUMEQN,4376.9,4375.0,4375.0,-1.9,-0.04,1113,4869375,4420.0,2044.2
EMAMILTD,EMAMILTDEQN,367.55,367.4,367.4,-0.15,-0.04,241,88543,614.0,361.15
ESTER,ESTEREQN,91.54,91.5,91.5,-0.04,-0.04,6,549,132.45,68.55
MUNJALAU,MUNJALAUEQN,116.04,115.99,115.99,-0.05,-0.04,614,71217,130.6,67.2
CCL,CCLEQN,1097.4,1097.0,1097.0,-0.4,-0.04,84,92148,1242.2,815.5
SILVERTUC,SILVERTUCEQN,163.56,163.5,163.5,-0.06,-0.04,465,76027,216.8,67.58
PROSTARM,PROSTARMEQN,138.86,138.8,138.8,-0.06,-0.04,1161,161146,237.0,114.64
AQYLON,AQYLONEQN,23.54,23.53,23.53,-0.01,-0.04,1041,24494,224.7,19.66
TEMPSENS,TEMPSENSEQN,546.2,546.0,546.0,-0.2,-0.04,5967,3257982,634.85,534.7
DLF,DLFEQN,672.7,672.4,672.4,-0.3,-0.04,2060,1385144,794.8,489.4
NESTLEIND,NESTLEINDEQN,1398.0,1397.4,1397.4,-0.6,-0.04,2164,3023973,1553.0,1145.0
POLYMED,POLYMEDEQN,1701.1,1700.3,1700.3,-0.8,-0.05,447,760034,2107.8,1182.0
NCC,NCCEQN,150.67,150.6,150.6,-0.07,-0.05,8591,1293804,222.31,130.0
SHAILY,SHAILYEQN,3348.7,3347.0,3347.0,-1.7,-0.05,432,1445904,3615.2,1770.9
TORNTPOWER,TORNTPOWEREQN,1275.7,1275.0,1275.0,-0.7,-0.05,259,330225,1824.1,1188.0
SCI,SCIEQN,293.75,293.6,293.6,-0.15,-0.05,7493,2199944,368.75,195.55
GPPL,GPPLEQN,160.98,160.9,160.9,-0.08,-0.05,1580,254222,200.09,141.55
GAUDIUMIVF,GAUDIUMIVFBEN,112.76,112.7,112.7,-0.06,-0.05,1021,115066,163.18,69.18
KISSHT,KISSHTEQN,320.95,320.8,320.8,-0.15,-0.05,1425,457140,351.5,190.0
KWIL,KWILEQN,41.12,41.1,41.1,-0.02,-0.05,28743,1181337,50.68,22.24
HORIZONIND,HORIZONINDEQN,54.85,54.82,54.82,-0.03,-0.05,4003,219444,60.25,53.75
SAREGAMA,SAREGAMAEQN,494.3,494.0,494.0,-0.3,-0.06,271,133874,574.5,307.05
JYOTICNC,JYOTICNCEQN,1020.65,1020.0,1020.0,-0.65,-0.06,634,646680,1055.9,580.1
KOHINOOR,KOHINOOREQN,30.87,30.85,30.85,-0.02,-0.06,1420,43807,38.47,19.2
WEL,WELEQN,72.23,72.19,72.19,-0.04,-0.06,2256,162860,183.53,72.23
ACC,ACCEQN,1268.7,1267.9,1267.9,-0.8,-0.06,237,300492,1987.0,1251.7
AFFLE,AFFLEEQN,1623.2,1622.2,1622.2,-1.0,-0.06,471,764056,2185.9,1251.3
EMKAY,EMKAYEQN,265.15,265.0,265.0,-0.15,-0.06,2,530,409.9,186.0
PRESTIGE,PRESTIGEEQN,1550.0,1549.1,1549.1,-0.9,-0.06,780,1208298,1805.2,1090.0
KENNAMET,KENNAMETEQN,4693.0,4690.0,4690.0,-3.0,-0.06,202,947380,4860.0,2405.2
KEI,KEIEQN,4704.0,4701.0,4701.0,-3.0,-0.06,2037,9575937,5899.0,3728.7
RADHIKAJWE,RADHIKAJWEEQN,94.28,94.21,94.21,-0.07,-0.07,57272,5395595,99.65,50.01
NARMADA,NARMADAEQN,14.39,14.38,14.38,-0.01,-0.07,2770,39832,22.59,9.95
APOLLOPIPE,APOLLOPIPEEQN,601.0,600.6,600.6,-0.4,-0.07,1542,926125,668.8,252.1
DABUR,DABUREQN,375.5,375.25,375.25,-0.25,-0.07,1493,560248,551.65,373.8
SWSOLAR,SWSOLAREQN,185.13,185.0,185.0,-0.13,-0.07,3072,568320,281.7,148.0
SHAREINDIA,SHAREINDIAEQN,171.86,171.74,171.74,-0.12,-0.07,2635,452534,211.0,115.36
LTM,LTMEQN,4448.0,4445.0,4445.0,-3.0,-0.07,402,1786890,6429.5,3528.0
BATAINDIA,BATAINDIAEQN,669.45,669.0,669.0,-0.45,-0.07,667,446223,1282.5,605.0
CHENNPETRO,CHENNPETROEQN,1430.2,1429.2,1429.2,-1.0,-0.07,3417,4883576,1489.7,698.05
HGINFRA,HGINFRAEQN,488.7,488.35,488.35,-0.35,-0.07,156,76182,1049.95,429.5
BASF,BASFEQN,3788.0,3785.2,3785.2,-2.8,-0.07,38,143837,4829.9,3122.2
AGL,AGLEQN,13.58,13.57,13.57,-0.01,-0.07,5023,68162,22.0,12.03
ORIENTHOT,ORIENTHOTEQN,139.11,139.0,139.0,-0.11,-0.08,640,88960,149.5,80.0
PARACABLES,PARACABLESEQN,65.61,65.56,65.56,-0.05,-0.08,3089,202514,75.7,28.3
BANKBARODA,BANKBARODAEQN,237.0,236.8,236.8,-0.2,-0.08,8390,1986752,325.5,233.46
AKUMS,AKUMSEQN,754.65,754.05,754.05,-0.6,-0.08,426,321225,796.55,409.3
NAM-INDIA,NAM-INDIAEQN,1195.0,1194.0,1194.0,-1.0,-0.08,1825,2179050,1269.5,794.0
ASIANPAINT,ASIANPAINTEQN,2500.9,2499.0,2499.0,-1.9,-0.08,660,1649340,2985.7,2115.0
HCC,HCCEQN,23.54,23.52,23.52,-0.02,-0.08,105611,2483970,28.5,13.65
SHRIPISTON,SHRIPISTONEQN,4491.5,4488.0,4488.0,-3.5,-0.08,41,184008,4785.8,2525.8
BAJEL,BAJELEQN,187.45,187.3,187.3,-0.15,-0.08,126,23599,226.69,135.1
IRISDOREME,IRISDOREMEEQN,62.15,62.1,62.1,-0.05,-0.08,501,31112,65.0,26.35
VERANDA,VERANDAEQN,241.81,241.6,241.6,-0.21,-0.09,10,2416,272.5,130.02
NH,NHEQN,1911.8,1910.0,1910.0,-1.8,-0.09,510,974100,2093.3,1589.0
STEELXIND,STEELXINDEQN,11.23,11.22,11.22,-0.01,-0.09,11519,129243,13.95,7.0
DEVYANI,DEVYANIEQN,138.8,138.67,138.67,-0.13,-0.09,1795,248912,191.0,91.55
LINDEINDIA,LINDEINDIAEQN,6372.5,6367.0,6367.0,-5.5,-0.09,10,63670,8049.0,5673.0
APLAPOLLO,APLAPOLLOEQN,2215.0,2204.6,2204.6,-1.9,-0.09,1545,3406107,2301.4,1653.3
PATELRMART,PATELRMARTEQN,217.99,217.8,217.8,-0.19,-0.09,15,3267,269.3,150.25
MONARCH,MONARCHEQN,383.25,382.9,382.9,-0.35,-0.09,50,19145,406.95,235.45
LCL,LCLEQN,565.5,565.0,565.0,-0.5,-0.09,203,114695,604.7,461.0
INDIANB,INDIANBEQN,869.4,868.5,868.5,-0.9,-0.1,1277,1109074,1000.9,664.45
GPIL,GPILEQN,244.05,243.8,243.8,-0.25,-0.1,851,207473,320.0,221.21
V2RETAIL,V2RETAILEQN,222.42,222.2,222.2,-0.22,-0.1,1109,246419,259.25,158.56
SURYAROSNI,SURYAROSNIEQN,215.81,215.6,215.6,-0.21,-0.1,454,97882,314.5,187.35
CROMPTON,CROMPTONEQN,231.02,230.8,230.8,-0.22,-0.1,1855,428134,335.0,217.4
FINPIPE,FINPIPEEQN,157.16,157.0,157.0,-0.16,-0.1,873,137061,222.5,147.54
PRSMJOHNSN,PRSMJOHNSNEQN,112.21,112.1,112.1,-0.11,-0.1,743,83290,176.0,97.1
SBIN,SBINEQN,1005.9,1004.9,1004.9,-1.0,-0.1,38562,38750953,1234.7,805.6
CANTABIL,CANTABILEQN,238.83,238.6,238.6,-0.23,-0.1,143,34119,321.5,208.5
LLOYDSENGG,LLOYDSENGGEQN,83.19,83.11,83.11,-0.08,-0.1,5295,440067,99.75,37.4
LEMERITE,LEMERITEEQN,20.72,20.7,20.7,-0.02,-0.1,490,10143,107.57,19.52
EKC,EKCEQN,104.7,104.6,104.6,-0.1,-0.1,69,7217,154.55,90.25
GOKULAGRO,GOKULAGROEQN,231.69,231.45,231.45,-0.24,-0.1,1083,250660,259.8,151.0
HGS,HGSEQN,395.55,395.1,395.1,-0.45,-0.11,46,18174,546.35,342.05
MRF,MRFEQN,128890.0,128750.0,128750.0,-140.0,-0.11,24,3090000,163600.0,122000.0
HCLTECH,HCLTECHEQN,1282.8,1281.4,1281.4,-1.4,-0.11,3875,4965425,1780.1,1030.0
GODREJPROP,GODREJPROPEQN,1922.2,1920.0,1920.0,-2.2,-0.11,549,1054080,2352.0,1434.0
BAJFINANCE,BAJFINANCEEQN,1060.0,1058.8,1058.8,-1.2,-0.11,4689,4964713,1176.4,787.9
TCI,TCIEQN,863.95,863.0,863.0,-0.95,-0.11,13,11219,1242.0,858.05
ERIS,ERISEQN,1324.3,1322.9,1322.9,-1.4,-0.11,31,41009,1745.0,1200.0
SAGILITY,SAGILITYEQN,45.95,45.9,45.9,-0.05,-0.11,12546,575861,57.89,35.83
STALLION,STALLIONBEN,202.64,202.42,202.42,-0.22,-0.11,1035,209504,359.15,99.32
CIPLA,CIPLAEQN,1395.0,1393.4,1393.4,-1.6,-0.11,285,397119,1673.0,1165.7
AVALON,AVALONEQN,2352.5,2350.0,2350.0,-2.5,-0.11,2115,4970250,2424.0,777.3
BLEL,BLELEQN,478.3,477.75,477.75,-0.55,-0.11,41573,19861500,548.0,431.1
SHK,SHKEQN,148.0,147.82,147.82,-0.18,-0.12,811,119882,263.15,111.98
GESHIP,GESHIPEQN,1376.7,1375.0,1375.0,-1.7,-0.12,1473,2025375,1798.0,948.4
SUBEXLTD,SUBEXLTDEQN,16.74,16.72,16.72,-0.02,-0.12,8898,148774,19.39,6.61
ICEMAKE,ICEMAKEEQN,724.75,723.9,723.9,-0.85,-0.12,64,46329,920.0,660.3
AEGISVOPAK,AEGISVOPAKEQN,285.35,285.0,285.0,-0.35,-0.12,564,160740,311.49,158.0
IRFC,IRFCEQN,83.0,82.9,82.9,-0.1,-0.12,30994,2569402,137.17,81.3
OIL,OILEQN,487.0,486.4,486.4,-0.6,-0.12,2981,1449958,531.0,390.0
STANLEY,STANLEYEQN,137.16,137.0,137.0,-0.16,-0.12,10,1370,320.45,123.0
JKTYRE,JKTYREEQN,368.45,368.0,368.0,-0.45,-0.12,915,336720,611.9,346.75
RAYMONDLSL,RAYMONDLSLEQN,672.9,672.0,672.0,-0.9,-0.13,160,107520,1350.0,628.25
BIRLAMONEY,BIRLAMONEYEQN,125.96,125.8,125.8,-0.16,-0.13,1,125,197.39,95.0
IDEA,IDEAEQN,15.6,15.58,15.58,-0.02,-0.13,3013335,46947759,15.68,7.16
INDOBORAX,INDOBORAXEQN,503.95,503.3,503.3,-0.65,-0.13,248,124818,542.8,225.31
ANUP,ANUPEQN,1770.6,1768.3,1768.3,-2.3,-0.13,7,12378,2576.0,1422.3
TTML,TTMLEQN,37.35,37.3,37.3,-0.05,-0.13,6019,224508,60.62,31.22
NOCIL,NOCILEQN,172.23,172.0,172.0,-0.23,-0.13,283,48676,204.5,125.31
BRITANNIA,BRITANNIAEQN,5042.5,5036.0,5036.0,-6.5,-0.13,370,1863320,6319.5,5005.5
HITECH,HITECHEQN,75.96,75.86,75.86,-0.1,-0.13,1338,101500,127.5,70.14
SKMEGGPROD,SKMEGGPRODEQN,246.85,246.5,246.5,-0.35,-0.14,535,131877,372.0,143.1
DCBBANK,DCBBANKEQN,221.31,221.0,221.0,-0.31,-0.14,1026,226746,228.99,122.4
SUNDRMBRAK,SUNDRMBRAKBEN,732.0,731.0,731.0,-1.0,-0.14,29,21199,920.0,460.0
TATAINVEST,TATAINVESTEQN,627.8,626.9,626.9,-0.9,-0.14,428,268313,1184.7,538.85
UNOMINDA,UNOMINDAEQN,1241.7,1240.0,1240.0,-1.7,-0.14,112,138880,1382.0,994.0
SPIC,SPICEQN,71.02,70.92,70.92,-0.1,-0.14,1003,71132,124.0,55.1
CARYSIL,CARYSILEQN,1152.6,1151.0,1151.0,-1.6,-0.14,92,105892,1280.9,732.1
EMSLIMITED,EMSLIMITEDEQN,385.55,385.0,385.0,-0.55,-0.14,146,56210,593.85,256.05
TMCV,TMCVEQN,459.65,459.0,459.0,-0.65,-0.14,9206,4225554,509.0,306.3
RPPINFRA,RPPINFRAEQN,54.28,54.2,54.2,-0.08,-0.15,965,52303,156.0,53.39
EIEL,EIELEQN,198.33,198.03,198.03,-0.3,-0.15,2728,540225,276.1,134.71
TRITURBINE,TRITURBINEEQN,568.75,567.9,567.9,-0.85,-0.15,1211,687726,787.6,428.35
SANGHVIMOV,SANGHVIMOVEQN,438.6,437.95,437.95,-0.65,-0.15,866,379264,528.0,223.8
CHALET,CHALETEQN,908.75,907.35,907.35,-1.4,-0.15,188,170581,1070.1,691.35
OSWALPUMPS,OSWALPUMPSEQN,274.4,274.0,274.0,-0.4,-0.15,1011,277014,840.0,273.7
NAHARPOLY,NAHARPOLYEQN,238.38,238.02,238.02,-0.36,-0.15,33,7854,338.8,200.0
AMBUJACEM,AMBUJACEMEQN,398.6,398.0,398.0,-0.6,-0.15,3075,1223850,600.8,394.0
CREDITACC,CREDITACCEQN,1427.2,1425.0,1425.0,-2.2,-0.15,38,54150,1634.0,1113.0
BHARATCOAL,BHARATCOALEQN,33.75,33.7,33.7,-0.05,-0.15,13234,445985,45.09,29.74
NILKAMAL,NILKAMALEQN,2063.2,2060.0,2060.0,-3.2,-0.16,22,45320,2149.5,1050.5
SUNPHARMA,SUNPHARMAEQN,1895.0,1892.0,1892.0,-3.0,-0.16,696,1316832,2046.9,1548.0
GSPCROP,GSPCROPEQN,600.95,600.0,600.0,-0.95,-0.16,742,445200,667.95,328.0
SIGMAADV,SIGMAADVBEN,740.15,739.0,739.0,-1.15,-0.16,769,568291,801.0,140.1
NFL,NFLEQN,70.32,70.2,70.2,-0.12,-0.17,1233,86556,101.4,63.35
ENTERO,ENTEROEQN,1898.4,1895.1,1895.1,-3.3,-0.17,310,587481,1920.0,944.0
AWL,AWLEQN,188.27,187.95,187.95,-0.32,-0.17,1819,341881,282.9,171.19
TNPETRO,TNPETROEQN,131.73,131.51,131.51,-0.22,-0.17,1904,250395,141.0,78.67
VIJAYA,VIJAYAEQN,1497.5,1495.0,1495.0,-2.5,-0.17,89,133055,1573.0,848.0
KUSUMGAR,KUSUMGAREQN,571.9,570.95,570.95,-0.95,-0.17,148,84500,659.5,548.0
CONCOR,CONCOREQN,503.9,503.0,503.0,-0.9,-0.18,1140,573420,569.8,421.45
SUZLON,SUZLONEQN,45.55,45.47,45.47,-0.08,-0.18,139746,6354250,61.5,38.19
SHANTIGEAR,SHANTIGEAREQN,640.0,638.85,638.85,-1.15,-0.18,1038,663126,652.0,384.0
ABSLAMC,ABSLAMCEQN,1041.9,1040.0,1040.0,-1.9,-0.18,111,115440,1224.9,708.0
LICHSGFIN,LICHSGFINEQN,552.0,551.0,551.0,-1.0,-0.18,4479,2467929,598.2,458.9
NAVNETEDUL,NAVNETEDULEQN,131.84,131.6,131.6,-0.24,-0.18,3,394,166.0,121.5
TIMETECHNO,TIMETECHNOEQN,184.53,184.2,184.2,-0.33,-0.18,1498,275931,249.15,154.0
BSE,BSEEQN,3446.2,3440.0,3440.0,-6.2,-0.18,8584,29528960,4446.8,2021.5
COALINDIA,COALINDIAEQN,418.85,418.1,418.1,-0.75,-0.18,19524,8162984,491.25,369.6
FABTECH,FABTECHEQN,148.47,148.2,148.2,-0.27,-0.18,85,12597,262.8,132.7
BMLL,BMLLSMN,165.55,165.25,165.25,-0.3,-0.18,1000,165250,181.0,101.5
FAZE3Q,FAZE3QEQN,500.9,500.0,500.0,-0.9,-0.18,2,1000,650.05,322.1
VOLTAS,VOLTASEQN,1167.2,1165.0,1165.0,-2.2,-0.19,939,1093935,1582.5,1151.0
SUVEN,SUVENEQN,377.15,376.45,376.45,-0.7,-0.19,2458,925314,403.35,124.11
KRISHANA,KRISHANAEQN,182.84,182.5,182.5,-0.34,-0.19,510,93075,206.39,86.2
MANALIPETC,MANALIPETCEQN,86.16,86.0,86.0,-0.16,-0.19,1935,166410,90.89,39.13
RANEHOLDIN,RANEHOLDINEQN,1673.0,1669.8,1669.8,-3.2,-0.19,3,5009,1894.5,981.0
BAYERCROP,BAYERCROPEQN,3987.4,3980.0,3980.0,-7.4,-0.19,34,135320,5489.0,3935.0
EXIDEIND,EXIDEINDEQN,425.75,424.95,424.95,-0.8,-0.19,3277,1392561,496.4,287.0
BOMDYEING,BOMDYEINGEQN,112.21,112.0,112.0,-0.21,-0.19,1304,146048,195.45,92.0
KIRLOSBROS,KIRLOSBROSEQN,1832.4,1829.0,1829.0,-3.4,-0.19,57,104253,2189.2,1335.0
TCC,TCCEQN,41.08,41.0,41.0,-0.08,-0.19,1239,50799,105.28,40.5
CLSEL,CLSELEQN,299.65,299.05,299.05,-0.6,-0.2,11,3289,324.8,203.75
EQUITASBNK,EQUITASBNKEQN,73.35,73.2,73.2,-0.15,-0.2,1223,89523,83.9,51.25
ELECTCAST,ELECTCASTEQN,80.51,80.35,80.35,-0.16,-0.2,7373,592420,103.95,60.15
HINDOILEXP,HINDOILEXPEQN,188.85,188.48,188.48,-0.37,-0.2,5302,999320,193.99,117.5
KOTHARIPET,KOTHARIPETEQN,133.27,133.0,133.0,-0.27,-0.2,12,1596,169.0,94.75
IOC,IOCEQN,135.15,134.88,134.88,-0.27,-0.2,90084,12150529,188.96,130.22
ASTEC,ASTECEQN,552.35,551.2,551.2,-1.15,-0.21,18,9921,941.75,513.4
NIITLTD,NIITLTDEQN,97.22,97.02,97.02,-0.2,-0.21,977,94788,116.4,49.0
THANGAMAYL,THANGAMAYLEQN,5474.0,5462.5,5462.5,-11.5,-0.21,278,1518575,7430.0,1939.5
JMFINANCIL,JMFINANCILEQN,130.28,130.0,130.0,-0.28,-0.21,5811,755430,195.6,112.0
FORTIS,FORTISEQN,910.0,908.05,908.05,-1.95,-0.21,312,283311,1104.3,766.8
SCHAEFFLER,SCHAEFFLEREQN,3999.6,3991.2,3991.2,-8.4,-0.21,30,119736,4467.7,3518.4
SUBROS,SUBROSEQN,704.75,703.3,703.3,-1.45,-0.21,105,73846,1213.7,622.1
ADISOFT,ADISOFTSMN,214.65,214.2,214.2,-0.45,-0.21,800,171360,280.0,170.0
BFINVEST,BFINVESTEQN,458.95,458.0,458.0,-0.95,-0.21,54,24732,584.7,315.0
HNDFDS,HNDFDSEQN,628.9,627.55,627.55,-1.35,-0.21,243,152494,677.75,442.0
AGIIL,AGIILEQN,277.15,276.55,276.55,-0.6,-0.22,2885,797846,434.4,224.7
DELHIVERY,DELHIVERYEQN,453.8,452.8,452.8,-1.0,-0.22,988,447366,524.0,374.45
STCINDIA,STCINDIAEQN,114.27,114.02,114.02,-0.25,-0.22,25,2850,150.7,97.04
BIKAJI,BIKAJIEQN,580.25,579.0,579.0,-1.25,-0.22,79,45741,801.3,577.1
ZEEL,ZEELEQN,85.99,85.8,85.8,-0.19,-0.22,107598,9231908,121.8,68.0
BAJAJST,BAJAJSTEQN,366.4,365.6,365.6,-0.8,-0.22,46,16817,507.8,343.0
VBL,VBLEQN,405.95,405.0,405.0,-0.95,-0.23,3632,1470960,555.8,381.0
TI,TIEQN,533.25,532.0,532.0,-1.25,-0.23,698,371336,594.55,381.55
TANLA,TANLAEQN,520.2,519.0,519.0,-1.2,-0.23,1123,582837,766.0,365.9
VIKRAN,VIKRANEQN,60.6,60.46,60.46,-0.14,-0.23,6459,390511,118.4,51.1
GALLANTT,GALLANTTEQN,572.45,571.0,571.0,-1.45,-0.25,153,87363,948.0,496.25
ICICIBANK,ICICIBANKEQN,1427.5,1424.0,1424.0,-3.5,-0.25,23901,34035024,1480.0,1187.6
BCONCEPTS,BCONCEPTSEQN,173.98,173.55,173.55,-0.43,-0.25,90,15619,449.0,152.84
GABRIEL,GABRIELEQN,1363.5,1360.1,1360.1,-3.4,-0.25,476,647407,1600.0,795.7
GODFRYPHLP,GODFRYPHLPEQN,2029.0,2024.0,2024.0,-5.0,-0.25,674,1364176,3947.0,1832.1
APCOTEXIND,APCOTEXINDEQN,631.6,630.05,630.05,-1.55,-0.25,169,106478,712.0,310.45
AXISBANK,AXISBANKEQN,1266.0,1262.8,1262.8,-3.2,-0.25,2081,2627886,1418.3,1048.7
UJJIVANSFB,UJJIVANSFBEQN,65.09,64.93,64.93,-0.16,-0.25,15119,981676,73.94,42.33
ABINFRA,ABINFRABEN,11.4,11.37,11.37,-0.03,-0.26,3017,34303,23.56,8.82
ABFRL,ABFRLEQN,53.21,53.07,53.07,-0.14,-0.26,7634,405136,94.95,50.2
SONACOMS,SONACOMSEQN,788.0,785.95,785.95,-2.05,-0.26,792,622472,844.0,402.3
LT,LTEQN,3999.0,3988.7,3988.7,-10.3,-0.26,1568,6254281,4440.0,3288.1
SATIA,SATIAEQN,68.19,68.01,68.01,-0.18,-0.26,25,1700,86.0,50.8
JSWINFRA,JSWINFRAEQN,330.85,330.0,330.0,-0.85,-0.26,7452,2459160,355.8,233.42
MHRIL,MHRILEQN,205.53,205.0,205.0,-0.53,-0.26,1965,402825,368.9,204.79
MARKOLINES,MARKOLINESEQN,175.36,174.9,174.9,-0.46,-0.26,1142,199735,191.75,131.65
HAVELLS,HAVELLSEQN,1150.0,1147.0,1147.0,-3.0,-0.26,576,660672,1621.1,1123.6
CMPDI,CMPDIEQN,240.12,239.5,239.5,-0.62,-0.26,1413,338413,283.69,150.16
KIRLPNU,KIRLPNUEQN,760.15,758.1,758.1,-2.05,-0.27,32,24259,1098.55,495.05
PAKKA,PAKKAEQN,77.22,77.01,77.01,-0.21,-0.27,1087,83709,178.84,69.1
RTNPOWER,RTNPOWEREQN,7.32,7.3,7.3,-0.02,-0.27,103765,757484,12.71,7.2
MACPOWER,MACPOWEREQN,1813.7,1808.8,1808.8,-4.9,-0.27,38,68734,2050.0,761.0
PRIMESECU,PRIMESECUEQN,278.9,278.15,278.15,-0.75,-0.27,126,35046,325.0,248.0
SURAKSHA,SURAKSHAEQN,338.9,338.0,338.0,-0.9,-0.27,139,46982,348.95,224.1
INSECTICID,INSECTICIDEQN,606.5,604.8,604.8,-1.7,-0.28,159,96163,819.95,518.6
GILLETTE,GILLETTEEQN,7380.5,7360.0,7360.0,-20.5,-0.28,6,44160,10553.0,7206.0
BLS,BLSEQN,239.17,238.5,238.5,-0.67,-0.28,2074,494649,372.45,218.9
WEBELSOLAR,WEBELSOLAREQN,75.21,75.0,75.0,-0.21,-0.28,7345,550875,137.9,50.4
POLICYBZR,POLICYBZREQN,1792.0,1787.0,1787.0,-5.0,-0.28,556,993572,1964.2,1364.0
TFCILTD,TFCILTDEQN,140.9,140.51,140.51,-0.39,-0.28,8480,1191524,147.65,51.0
TORNTPHARM,TORNTPHARMEQN,4914.0,4900.0,4900.0,-14.0,-0.28,68,333200,5250.0,3480.6
IVC,IVCEQN,10.28,10.25,10.25,-0.03,-0.29,7005,71801,10.99,6.02
MANAKCOAT,MANAKCOATEQN,121.15,120.8,120.8,-0.35,-0.29,1,120,182.82,94.2
JTLIND,JTLINDEQN,89.51,89.25,89.25,-0.26,-0.29,4580,408765,94.0,40.25
TATACHEM,TATACHEMEQN,613.35,611.6,611.6,-1.75,-0.29,745,455642,1026.65,580.3
TATAPOWER,TATAPOWEREQN,365.7,364.65,364.65,-1.05,-0.29,3780,1378377,464.9,342.5
CHAMBLFERT,CHAMBLFERTEQN,418.05,416.85,416.85,-1.2,-0.29,267,111298,559.0,399.75
VMSTMT,VMSTMTEQN,44.58,44.45,44.45,-0.13,-0.29,50,2222,105.0,33.5
TMPV,TMPVEQN,307.0,306.1,306.1,-0.9,-0.29,37681,11534154,739.7,294.3
GOLDIAM,GOLDIAMEQN,340.45,339.45,339.45,-1.0,-0.29,793,269183,398.2,198.75
KROSS,KROSSEQN,209.13,208.5,208.5,-0.63,-0.3,150,31275,237.6,150.52
GRINFRA,GRINFRAEQN,862.6,860.0,860.0,-2.6,-0.3,35,30100,1345.0,785.0
KIMS,KIMSEQN,764.55,762.25,762.25,-2.3,-0.3,345,262976,858.0,575.8
PFC,PFCEQN,353.1,352.05,352.05,-1.05,-0.3,19071,6713945,486.5,329.9
PGEL,PGELEQN,559.55,557.85,557.85,-1.7,-0.3,473,263863,644.4,436.55
KSB,KSBEQN,801.45,799.05,799.05,-2.4,-0.3,205,163805,1028.3,666.65
DBCORP,DBCORPEQN,195.24,194.65,194.65,-0.59,-0.3,90,17518,287.9,184.51
POWERGRID,POWERGRIDEQN,266.45,265.65,265.65,-0.8,-0.3,24973,6634077,324.95,250.0
ABLBL,ABLBLEQN,85.55,85.29,85.29,-0.26,-0.3,910,77613,151.33,82.61
PINELABS,PINELABSEQN,164.49,163.99,163.99,-0.5,-0.3,18365,3011676,284.0,134.73
PLATIND,PLATINDEQN,233.73,233.01,233.01,-0.72,-0.31,15,3495,342.4,183.5
BANCOINDIA,BANCOINDIAEQN,626.95,625.0,625.0,-1.95,-0.31,202,126250,879.8,502.0
LAURUSLABS,LAURUSLABSEQN,1876.7,1870.8,1870.8,-5.9,-0.31,2098,3924938,1949.0,823.1
ABBOTINDIA,ABBOTINDIAEQN,25940.0,25860.0,25860.0,-80.0,-0.31,2,51720,31645.0,25150.0
SECMARK,SECMARKEQN,143.24,142.8,142.8,-0.44,-0.31,139,19849,179.5,95.05
BAJAJELEC,BAJAJELECEQN,342.1,341.05,341.05,-1.05,-0.31,484,165068,653.8,301.0
MOBIKWIK,MOBIKWIKEQN,194.24,193.61,193.61,-0.63,-0.32,1911,369988,334.0,151.46
DCMSHRIRAM,DCMSHRIRAMEQN,1011.2,1008.0,1008.0,-3.2,-0.32,40,40320,1414.4,945.1
STYLAMIND,STYLAMINDEQN,3370.7,3360.0,3360.0,-10.7,-0.32,3,10080,4150.0,1621.0
NHPC,NHPCEQN,76.0,75.76,75.76,-0.24,-0.32,29716,2251284,89.22,71.62
INDIASHLTR,INDIASHLTREQN,672.15,670.0,670.0,-2.15,-0.32,107,71690,924.0,620.15
INFOBEAN,INFOBEANEQN,159.73,159.2,159.2,-0.53,-0.33,790,125768,257.5,116.5
VMARCIND,VMARCINDSMN,303.0,302.0,302.0,-1.0,-0.33,4500,1359000,406.0,70.0
RAMCOIND,RAMCOINDEQN,323.05,322.0,322.0,-1.05,-0.33,54,17388,398.05,230.65
NEWGEN,NEWGENEQN,520.7,519.0,519.0,-1.7,-0.33,4938,2562822,1041.95,401.05
INDIANHUME,INDIANHUMEEQN,394.9,393.6,393.6,-1.3,-0.33,7,2755,432.0,279.8
HEXAGON,HEXAGONBEN,65.72,65.5,65.5,-0.22,-0.33,102,6681,78.25,48.1
HESTERBIO,HESTERBIOEQN,2362.7,2354.7,2354.7,-8.0,-0.34,15,35320,2683.6,1239.3
AHLUCONT,AHLUCONTEQN,597.05,595.0,595.0,-2.05,-0.34,182,108290,1077.95,590.0
EPL,EPLEQN,248.95,248.1,248.1,-0.85,-0.34,5321,1320140,274.03,176.4
POLYPLEX,POLYPLEXEQN,1180.0,1175.0,1175.0,-4.0,-0.34,28,32900,1264.0,740.0
BALKRISIND,BALKRISINDEQN,2287.1,2279.4,2279.4,-7.7,-0.34,126,287204,2775.0,1970.0
DOMS,DOMSEQN,2201.5,2194.0,2194.0,-7.5,-0.34,50,109700,2755.0,2023.9
JSLL,JSLLEQN,516.75,515.0,515.0,-1.75,-0.34,192,98880,849.5,492.0
BIRLANU,BIRLANUEQN,1448.9,1444.0,1444.0,-4.9,-0.34,1,1444,2086.9,1190.1
HTEL,HTELBEN,73.25,73.0,73.0,-0.25,-0.34,1175,85775,81.4,71.1
PAGEIND,PAGEINDEQN,35825.0,35700.0,35700.0,-125.0,-0.35,10,357000,45890.0,29805.0
MAXIND,MAXINDEQN,147.69,147.18,147.18,-0.51,-0.35,200,29436,241.57,120.0
PSB,PSBEQN,22.98,22.9,22.9,-0.08,-0.35,3225,73852,32.46,20.5
APTUS,APTUSEQN,256.89,256.0,256.0,-0.89,-0.35,755,193280,353.25,193.03
MUKANDLTD,MUKANDLTDEQN,136.9,136.42,136.42,-0.48,-0.35,100,13642,154.25,114.31
AARTIDRUGS,AARTIDRUGSEQN,423.0,421.5,421.5,-1.5,-0.35,368,155112,534.55,318.95
GANESHHOU,GANESHHOUEQN,758.75,756.1,756.1,-2.65,-0.35,7,5292,902.95,500.0
DMART,DMARTEQN,3710.0,3697.1,3697.1,-12.9,-0.35,545,2014919,4818.0,3529.0
WOCKPHARMA,WOCKPHARMAEQN,2208.0,2200.0,2200.0,-8.0,-0.36,4740,10428000,2422.3,1086.7
NCLIND,NCLINDEQN,178.3,177.65,177.65,-0.65,-0.36,226,40148,216.09,147.5
AGI,AGIEQN,732.65,730.0,730.0,-2.65,-0.36,90,65700,939.0,465.0
CAPACITE,CAPACITEEQN,205.8,205.05,205.05,-0.75,-0.36,4475,917598,334.0,180.0
KMSUGAR,KMSUGAREQN,30.71,30.6,30.6,-0.11,-0.36,1038,31762,36.5,23.0
NSIL,NSILEQN,5677.0,5656.0,5656.0,-21.0,-0.37,1,5656,8730.0,4700.0
MOLDTKPAC,MOLDTKPACEQN,697.6,695.0,695.0,-2.6,-0.37,131,91045,859.65,464.9
INDIAMART,INDIAMARTEQN,1706.4,1700.1,1700.1,-6.3,-0.37,528,897652,2630.0,1703.4
RITES,RITESEQN,215.8,215.0,215.0,-0.8,-0.37,843,181245,280.9,175.0
DIXON,DIXONEQN,14180.0,14128.0,14128.0,-52.0,-0.37,1074,15173472,18471.0,9600.0
PATELENG,PATELENGEQN,27.1,27.0,27.0,-0.1,-0.37,8799,237573,41.13,22.0
SALSTEEL,SALSTEELEQN,81.8,81.5,81.5,-0.3,-0.37,2015,164222,86.25,26.1
DNAMEDIA,DNAMEDIAEQN,2.63,2.62,2.62,-0.01,-0.38,10,26,5.44,2.28
AADHARHFC,AADHARHFCEQN,478.95,477.15,477.15,-1.8,-0.38,242,115470,563.0,430.15
KSCL,KSCLEQN,732.3,729.5,729.5,-2.8,-0.38,333,242923,1225.0,705.1
MGL,MGLEQN,1092.1,1088.0,1088.0,-4.1,-0.38,127,138176,1378.0,900.0
GOKEX,GOKEXEQN,776.95,774.0,774.0,-2.95,-0.38,228,176472,954.9,531.0
SGFIN,SGFINEQN,677.6,675.05,675.05,-2.55,-0.38,1084,731754,727.45,323.0
DCMFINSERV,DCMFINSERVEQN,5.33,5.31,5.31,-0.02,-0.38,11,58,8.55,3.7
SULA,SULAEQN,147.09,146.51,146.51,-0.58,-0.39,555,81313,296.8,138.6
JSL,JSLEQN,736.8,733.95,733.95,-2.85,-0.39,152,111560,884.0,652.25
INDGN,INDGNEQN,599.35,597.0,597.0,-2.35,-0.39,579,345663,615.5,414.0
AFCONS,AFCONSEQN,293.2,292.05,292.05,-1.15,-0.39,1708,498821,479.4,259.1
LLOYDSENT,LLOYDSENTEQN,72.28,71.99,71.99,-0.29,-0.4,7868,566417,84.7,40.69
BLUESTARCO,BLUESTARCOEQN,1496.0,1490.0,1490.0,-6.0,-0.4,609,907410,2032.9,1432.5
NAHARSPING,NAHARSPINGEQN,286.15,285.0,285.0,-1.15,-0.4,100,28500,349.0,149.2
IREDA,IREDAEQN,112.95,112.5,112.5,-0.45,-0.4,13070,1470375,163.35,108.65
TITAN,TITANEQN,4995.0,4975.0,4975.0,-20.0,-0.4,674,3353150,5186.7,3303.1
SAKHTISUG,SAKHTISUGEQN,19.96,19.88,19.88,-0.08,-0.4,248,4930,23.29,13.52
JWL,JWLEQN,244.99,244.0,244.0,-0.99,-0.4,1254,305976,358.25,235.65
SIEMENS,SIEMENSEQN,3927.0,3911.0,3911.0,-16.0,-0.41,821,3210931,4149.4,2826.0
TVSELECT,TVSELECTEQN,418.8,417.1,417.1,-1.7,-0.41,34,14181,739.35,336.2
RELIANCE,RELIANCEEQN,1309.5,1304.1,1304.1,-5.4,-0.41,42359,55240371,1611.8,1249.8
ASKAUTOLTD,ASKAUTOLTDEQN,611.5,609.0,609.0,-2.5,-0.41,230,140070,687.7,375.3
MPSLTD,MPSLTDEQN,2635.7,2625.0,2625.0,-10.7,-0.41,3,7875,2979.0,1336.1
FIVESTAR,FIVESTAREQN,526.2,524.05,524.05,-2.15,-0.41,160,83848,666.0,338.15
KSOLVES,KSOLVESEQN,269.1,268.0,268.0,-1.1,-0.41,302,80936,353.99,245.75
ENRIN,ENRINEQN,3121.9,3109.0,3109.0,-12.9,-0.41,1829,5686361,3968.0,2115.0
RIR,RIREQN,191.95,191.16,191.16,-0.79,-0.41,9331,1783713,203.83,154.0
TARIL,TARILEQN,299.65,298.4,298.4,-1.25,-0.42,4369,1303709,552.0,224.05
COFFEEDAY,COFFEEDAYEQN,31.13,31.0,31.0,-0.13,-0.42,3168,98208,50.77,21.0
BHARTIARTL,BHARTIARTLEQN,1854.0,1846.2,1846.2,-7.8,-0.42,14400,26585280,2174.5,1740.5
ASHAPURMIN,ASHAPURMINEQN,538.15,535.9,535.9,-2.25,-0.42,107,57341,924.9,455.1
JKCEMENT,JKCEMENTEQN,5047.0,5026.0,5026.0,-21.0,-0.42,53,266378,7000.0,4671.5
ACCELYA,ACCELYAEQN,1127.1,1122.4,1122.4,-4.7,-0.42,17,19080,1527.0,1012.4
LODHA,LODHAEQN,1200.0,1195.0,1195.0,-5.0,-0.42,3264,3900480,1344.95,650.8
DYNAMATECH,DYNAMATECHEQN,11569.0,11520.0,11520.0,-49.0,-0.42,14,161280,12875.0,6500.5
ICICIAMC,ICICIAMCEQN,3013.7,3001.0,3001.0,-12.7,-0.42,113,339113,3611.0,2530.0
BETA,BETAEQN,2123.9,2115.0,2115.0,-8.9,-0.42,26,54990,2807.9,990.1
AXTEL,AXTELEQN,391.65,390.0,390.0,-1.65,-0.42,16,6240,424.95,385.0
ZAGGLE,ZAGGLEEQN,183.49,182.7,182.7,-0.79,-0.43,1921,350966,405.4,154.36
ICIL,ICILEQN,453.7,451.75,451.75,-1.95,-0.43,2051,926539,474.65,216.9
SCILAL,SCILALEQN,39.27,39.1,39.1,-0.17,-0.43,2292,89617,55.0,34.3
ARMANFIN,ARMANFINEQN,2033.8,2025.0,2025.0,-8.8,-0.43,100,202500,2158.6,1301.0
LXCHEM,LXCHEMEQN,171.99,171.25,171.25,-0.74,-0.43,1206,206527,241.0,107.6
GREENPOWER,GREENPOWEREQN,9.23,9.19,9.19,-0.04,-0.43,9550,87764,14.93,7.98
VEEDOL,VEEDOLEQN,1456.3,1450.0,1450.0,-6.3,-0.43,53,76850,2035.0,1238.2
BHARATWIRE,BHARATWIREEQN,180.0,179.2,179.2,-0.8,-0.44,607,108774,262.0,148.01
LAOPALA,LAOPALAEQN,171.96,171.2,171.2,-0.76,-0.44,96,16435,262.0,162.1
FORCEMOT,FORCEMOTEQN,17829.0,17750.0,17750.0,-79.0,-0.44,268,4757000,26450.0,14911.0
SOMANYCERA,SOMANYCERAEQN,559.4,556.95,556.95,-2.45,-0.44,343,191033,576.8,332.0
VESUVIUS,VESUVIUSEQN,419.55,417.7,417.7,-1.85,-0.44,261,109019,607.9,403.95
TIMKEN,TIMKENEQN,3098.7,3085.0,3085.0,-13.7,-0.44,37,114145,3925.0,2800.5
HYUNDAI,HYUNDAIEQN,2210.0,2200.0,2200.0,-10.0,-0.45,678,1491600,2890.0,1658.0
LTF,LTFEQN,312.5,311.1,311.1,-1.4,-0.45,1481,460739,338.6,230.71
GREENLAM,GREENLAMEQN,236.87,235.8,235.8,-1.07,-0.45,752,177321,278.63,197.59
CEATLTD,CEATLTDEQN,3336.1,3321.0,3321.0,-15.1,-0.45,169,561249,4438.0,3061.2
AMBER,AMBEREQN,7439.0,7405.5,7405.5,-33.5,-0.45,108,799794,8974.0,5400.5
COCKERILL,COCKERILLEQN,8065.5,8029.0,8029.0,-36.5,-0.45,35,281015,10871.5,4955.0
KUANTUM,KUANTUMEQN,76.7,76.35,76.35,-0.35,-0.46,600,45810,121.29,65.01
PIONEEREMB,PIONEEREMBEQN,21.74,21.64,21.64,-0.1,-0.46,10,216,39.2,19.61
SIGACHI,SIGACHIEQN,34.41,34.25,34.25,-0.16,-0.46,6774,232009,46.73,16.65
CUMMINSIND,CUMMINSINDEQN,5030.0,5007.0,5007.0,-23.0,-0.46,551,2758857,6100.0,3833.0
THOMASCOOK,THOMASCOOKEQN,112.52,112.0,112.0,-0.52,-0.46,2773,310576,181.41,86.35
APEX,APEXEQN,368.2,366.5,366.5,-1.7,-0.46,740,271210,514.5,217.97
HEMIPROP,HEMIPROPEQN,125.08,124.5,124.5,-0.58,-0.46,2500,311250,190.69,111.2
PROTEAN,PROTEANEQN,515.4,513.0,513.0,-2.4,-0.47,206,105678,939.8,444.0
MAYURUNIQ,MAYURUNIQEQN,712.4,709.05,709.05,-3.35,-0.47,315,223350,907.0,471.2
M&M,M&MEQN,3160.0,3145.0,3145.0,-15.0,-0.47,3959,12451055,3839.9,2896.0
AWFIS,AWFISEQN,255.2,254.0,254.0,-1.2,-0.47,1201,305054,639.4,229.05
AAVAS,AAVASEQN,1306.2,1300.0,1300.0,-6.2,-0.47,372,483600,1771.9,1060.4
TARAPUR,TARAPUREQN,12.71,12.65,12.65,-0.06,-0.47,7,88,39.99,12.21
DONEAR,DONEAREQN,89.13,88.7,88.7,-0.43,-0.48,290,25723,116.51,77.6
KALAMANDIR,KALAMANDIREQN,85.93,85.52,85.52,-0.41,-0.48,183,15650,223.03,84.1
RBLBANK,RBLBANKEQN,415.0,413.0,413.0,-2.0,-0.48,2263,934619,418.25,261.6
IKIO,IKIOEQN,202.98,202.0,202.0,-0.98,-0.48,706,142612,248.88,103.53
HDFCBANK,HDFCBANKEQN,710.5,707.1,707.1,-3.4,-0.48,173065,122374261,1020.5,698.5
UNIVCABLES,UNIVCABLESEQN,1487.6,1480.4,1480.4,-7.2,-0.48,1119,1656567,1774.9,576.0
SYRMA,SYRMAEQN,1634.8,1627.0,1627.0,-7.8,-0.48,13410,21818070,1645.0,634.5
UNICHEMLAB,UNICHEMLABEQN,569.75,567.0,567.0,-2.75,-0.48,237,134379,687.2,278.2
RHIM,RHIMEQN,373.8,372.0,372.0,-1.8,-0.48,357,132804,508.3,323.05
BRIGADE,BRIGADEEQN,679.05,675.8,675.8,-3.25,-0.48,2457,1660440,802.01,450.75
CYIENT,CYIENTEQN,1105.4,1100.0,1100.0,-5.4,-0.49,741,815100,1284.7,750.3
JETFREIGHT,JETFREIGHTEQN,20.31,20.21,20.21,-0.1,-0.49,1230,24858,25.95,11.9
KIRLFER,KIRLFEREQN,460.1,457.85,457.85,-2.25,-0.49,281,128655,513.0,408.0
FRONTSP,FRONTSPEQN,1268.0,1261.8,1261.8,-6.2,-0.49,97,122394,1869.0,1241.1
UNIVASTU,UNIVASTUBEN,169.89,169.05,169.05,-0.84,-0.49,655,110727,178.98,56.02
DAMCAPITAL,DAMCAPITALEQN,143.38,142.67,142.67,-0.71,-0.5,214,30531,286.0,119.22
KRITI,KRITIEQN,62.47,62.16,62.16,-0.31,-0.5,2,124,155.9,53.0
TRENT,TRENTEQN,2814.5,2800.5,2800.5,-14.0,-0.5,1211,3391405,3703.67,2183.67
MMFL,MMFLEQN,618.1,615.0,615.0,-3.1,-0.5,291,178965,687.95,288.1
INDHOTEL,INDHOTELEQN,716.2,712.6,712.6,-3.6,-0.5,1447,1031132,792.55,565.0
EASEMYTRIP,EASEMYTRIPEQN,6.01,5.98,5.98,-0.03,-0.5,103134,616741,10.6,5.77
JUBLFOOD,JUBLFOODEQN,475.4,473.0,473.0,-2.4,-0.5,1301,615373,667.75,408.55
LAXMIINDIA,LAXMIINDIAEQN,130.89,130.23,130.23,-0.66,-0.5,380,49487,180.9,71.06
WAAREERTL,WAAREERTLEQN,852.6,848.35,848.35,-4.25,-0.5,269,228206,1358.0,779.5
VASCONEQ,VASCONEQEQN,30.09,29.94,29.94,-0.15,-0.5,4791,143442,74.59,26.75
PALREDTEC,PALREDTECEQN,56.12,55.84,55.84,-0.28,-0.5,2,111,73.6,27.45
UDS,UDSEQN,217.84,216.76,216.76,-1.08,-0.5,988,214158,264.67,125.1
SHANKARA,SHANKARAEQN,148.26,147.5,147.5,-0.76,-0.51,43,6342,1048.6,98.25
MINDACORP,MINDACORPEQN,695.55,692.0,692.0,-3.55,-0.51,286,197912,769.0,468.5
SAFARI,SAFARIEQN,1537.8,1530.0,1530.0,-7.8,-0.51,33,50490,2507.1,1363.1
INDIGOPNTS,INDIGOPNTSEQN,1178.0,1172.0,1172.0,-6.0,-0.51,235,275420,1345.9,708.05
TECHM,TECHMEQN,1564.0,1556.1,1556.1,-7.9,-0.51,1287,2002700,1854.0,1304.1
MANGLMCEM,MANGLMCEMEQN,1090.2,1084.6,1084.6,-5.6,-0.51,92,99783,1120.0,679.35
TATACAP,TATACAPEQN,369.95,368.05,368.05,-1.9,-0.51,2267,834369,390.2,296.0
NETWORK18,NETWORK18EQN,27.64,27.5,27.5,-0.14,-0.51,9014,247885,58.1,27.01
RELTD,RELTDEQN,159.21,158.39,158.39,-0.82,-0.52,110,17422,196.45,114.77
GAIL,GAILEQN,176.0,175.09,175.09,-0.91,-0.52,15619,2734730,186.87,134.36
BHAGCHEM,BHAGCHEMEQN,260.75,259.4,259.4,-1.35,-0.52,25,6485,316.9,170.6
SHADOWFAX,SHADOWFAXEQN,250.2,248.9,248.9,-1.3,-0.52,2340,582426,268.65,98.55
BLUEPEBBLE,BLUEPEBBLESMN,76.5,76.1,76.1,-0.4,-0.52,400,30440,195.0,59.2
SMLMAH,SMLMAHEQN,6393.5,6360.5,6360.5,-33.0,-0.52,346,2200733,6449.0,2719.0
AEROPLANE,AEROPLANEEQN,198.03,197.0,197.0,-1.03,-0.52,411,80967,206.9,117.02
NBCC,NBCCEQN,86.0,85.54,85.54,-0.46,-0.53,20250,1732185,125.85,77.18
MAHABANK,MAHABANKEQN,85.0,84.55,84.55,-0.45,-0.53,51571,4360328,94.5,52.28
NAVKARCORP,NAVKARCORPEQN,96.02,95.5,95.5,-0.52,-0.54,25,2387,132.5,74.05
SBICARD,SBICARDEQN,674.65,671.0,671.0,-3.65,-0.54,5344,3585824,965.0,565.45
REPCOHOME,REPCOHOMEEQN,358.75,356.8,356.8,-1.95,-0.54,276,98476,455.9,333.6
VTL,VTLEQN,590.2,587.0,587.0,-3.2,-0.54,1144,671528,688.0,385.5
LEMONTREE,LEMONTREEEQN,107.28,106.7,106.7,-0.58,-0.54,5415,577780,180.68,99.61
KOKUYOCMLN,KOKUYOCMLNEQN,79.43,79.0,79.0,-0.43,-0.54,15,1185,119.59,71.05
OMAXE,OMAXEEQN,129.82,129.11,129.11,-0.71,-0.55,2490,321483,138.89,62.5
MAHLOG,MAHLOGEQN,403.2,401.0,401.0,-2.2,-0.55,11,4411,450.0,275.05
PIIND,PIINDEQN,2430.0,2416.4,2416.4,-13.6,-0.56,411,993140,3832.9,2353.5
MEDPLUS,MEDPLUSEQN,659.7,656.0,656.0,-3.7,-0.56,336,220416,1022.2,648.0
JSWENERGY,JSWENERGYEQN,530.0,527.05,527.05,-2.95,-0.56,3945,2079212,617.35,427.75
HPAL,HPALEQN,35.7,35.5,35.5,-0.2,-0.56,53,1881,53.0,26.52
VENUSREM,VENUSREMBEN,1669.4,1660.0,1660.0,-9.4,-0.56,5,8300,2044.3,424.0
DBOL,DBOLEQN,127.52,126.8,126.8,-0.72,-0.56,109,13821,139.0,69.0
PAYTM,PAYTMEQN,1664.0,1654.5,1654.5,-9.5,-0.57,4415,7304617,1732.3,930.6
LUMAXIND,LUMAXINDEQN,6139.5,6104.5,6104.5,-35.0,-0.57,38,231971,6934.5,4061.0
UNITDSPR,UNITDSPREQN,1440.0,1431.8,1431.8,-8.2,-0.57,391,559833,1563.4,1210.8
DATAMATICS,DATAMATICSEQN,756.3,752.0,752.0,-4.3,-0.57,132,99264,1010.0,632.0
BGRENERGY,BGRENERGYBEN,258.49,257.0,257.0,-1.49,-0.58,95,24415,490.8,212.1
KICL,KICLEQN,5196.0,5166.0,5166.0,-30.0,-0.58,1,5166,6554.9,4011.0
ADROITINFO,ADROITINFOEQN,10.31,10.25,10.25,-0.06,-0.58,5,51,12.2,7.55
SHIVALIK,SHIVALIKEQN,316.85,315.0,315.0,-1.85,-0.58,106,33390,496.0,206.4
ADANIENT,ADANIENTEQN,2950.0,2933.0,2933.0,-17.0,-0.58,1995,5851335,3245.0,1753.0
CAMPUS,CAMPUSEQN,218.77,217.5,217.5,-1.27,-0.58,2708,588990,289.05,215.2
BPCL,BPCLEQN,312.9,311.1,311.1,-1.8,-0.58,5379,1673406,391.65,266.6
ZEELEARN,ZEELEARNBEN,6.78,6.74,6.74,-0.04,-0.59,4867,32803,10.45,4.17
SAMMAANCAP,SAMMAANCAPEQN,155.92,155.0,155.0,-0.92,-0.59,22717,3521135,192.95,129.0
TARSONS,TARSONSEQN,328.55,326.6,326.6,-1.95,-0.59,77,25148,375.0,164.45
MFSL,MFSLEQN,1520.0,1511.0,1511.0,-9.0,-0.59,1281,1935591,1892.5,1433.6
CYBERMEDIA,CYBERMEDIAEQN,26.57,26.41,26.41,-0.16,-0.6,270,7130,28.99,11.3
NTPC,NTPCEQN,332.0,330.0,330.0,-2.0,-0.6,14252,4703160,414.4,315.55
NDRAUTO,NDRAUTOEQN,721.45,717.1,717.1,-4.35,-0.6,25,17927,1186.6,605.05
NILAINFRA,NILAINFRAEQN,6.71,6.67,6.67,-0.04,-0.6,5025,33516,11.55,5.9
HUHTAMAKI,HUHTAMAKIEQN,250.05,248.55,248.55,-1.5,-0.6,150,37282,330.0,148.6
INDIGO,INDIGOEQN,5001.0,4971.0,4971.0,-30.0,-0.6,902,4483842,5970.0,3895.2
PREMIERPOL,PREMIERPOLEQN,91.45,90.9,90.9,-0.55,-0.6,319,28997,98.8,38.0
NAVINFLUOR,NAVINFLUOREQN,8603.5,8552.0,8552.0,-51.5,-0.6,247,2112344,8775.5,4498.5
GODIGIT,GODIGITEQN,256.6,255.05,255.05,-1.55,-0.6,57,14537,381.4,244.2
NIBE,NIBEEQN,1318.0,1310.0,1310.0,-8.0,-0.61,110,144100,1848.0,809.6
ABB,ABBEQN,7434.0,7389.0,7389.0,-45.0,-0.61,568,4196952,7924.5,4637.5
TRACXN,TRACXNEQN,29.68,29.5,29.5,-0.18,-0.61,15,442,55.9,25.39
KNRCON,KNRCONEQN,122.75,122.0,122.0,-0.75,-0.61,1135,138470,220.0,108.65
JNPR,JNPREQN,260.65,259.05,259.05,-1.6,-0.61,557,144290,282.0,232.11
SIGNATURE,SIGNATUREEQN,799.95,795.0,795.0,-4.95,-0.62,83,65985,1158.0,705.2
BAJAJ-AUTO,BAJAJ-AUTOEQN,11800.0,11727.0,11727.0,-73.0,-0.62,791,9276057,12470.0,8491.5
NAZARA,NAZARAEQN,370.3,368.0,368.0,-2.3,-0.62,1794,660192,379.4,215.7
ESAFSFB,ESAFSFBBEN,41.76,41.5,41.5,-0.26,-0.62,1914,79431,44.99,19.78
BAJAJHFL,BAJAJHFLEQN,84.04,83.51,83.51,-0.53,-0.63,11173,933057,117.0,72.65
BHARTIHEXA,BHARTIHEXAEQN,1528.7,1519.0,1519.0,-9.7,-0.63,86,130634,1955.6,1430.0
ARSSBL,ARSSBLEQN,516.3,513.05,513.05,-3.25,-0.63,316,162123,794.85,416.0
STERTOOLS,STERTOOLSBEN,219.53,218.15,218.15,-1.38,-0.63,40,8726,361.95,155.0
BFUTILITIE,BFUTILITIEEQN,529.4,526.0,526.0,-3.4,-0.64,300,157800,898.7,368.7
INDUSINDBK,INDUSINDBKEQN,998.0,991.6,991.6,-6.4,-0.64,1742,1727367,1077.85,710.6
USHAMART,USHAMARTEQN,500.3,497.1,497.1,-3.2,-0.64,2802,1392874,529.3,379.0
GANDHAR,GANDHAREQN,264.85,263.15,263.15,-1.7,-0.64,1076,283149,303.17,115.0
HUDCO,HUDCOEQN,179.24,178.1,178.1,-1.14,-0.64,4011,714359,246.85,159.0
JNKINDIA,JNKINDIAEQN,435.35,432.5,432.5,-2.85,-0.65,508,219710,558.0,200.92
SUNCLAY,SUNCLAYEQN,1299.4,1291.0,1291.0,-8.4,-0.65,1,1291,1942.0,1112.8
CHOLAHLDNG,CHOLAHLDNGEQN,1520.7,1510.8,1510.8,-9.9,-0.65,50,75540,2064.0,1305.0
SURYODAY,SURYODAYEQN,152.21,151.22,151.22,-0.99,-0.65,269,40678,218.0,115.41
HONAUT,HONAUTEQN,35565.0,35335.0,35335.0,-230.0,-0.65,2,70670,41495.0,26220.0
ARKADE,ARKADEEQN,124.82,124.0,124.0,-0.82,-0.66,222,27528,185.3,92.62
VGUARD,VGUARDEQN,332.55,330.35,330.35,-2.2,-0.66,864,285422,392.2,288.8
KANANIIND,KANANIINDEQN,1.52,1.51,1.51,-0.01,-0.66,193,291,2.15,1.02
HAPPSTMNDS,HAPPSTMNDSEQN,343.5,341.25,341.25,-2.25,-0.66,7163,2444373,583.4,330.2
URJA,URJAEQN,9.12,9.06,9.06,-0.06,-0.66,8324,75415,14.45,8.0
GODREJIND,GODREJINDEQN,1159.8,1152.0,1152.0,-7.8,-0.67,98,112896,1443.0,744.2
SHRIRAMFIN,SHRIRAMFINEQN,1037.0,1030.0,1030.0,-7.0,-0.68,6548,6744440,1153.7,590.85
MSUMI,MSUMIEQN,36.9,36.65,36.65,-0.25,-0.68,19639,719769,53.59,35.7
ARVIND,ARVINDEQN,564.5,560.65,560.65,-3.85,-0.68,511,286492,600.0,277.9
MAFATIND,MAFATINDEQN,121.83,121.0,121.0,-0.83,-0.68,40,4840,157.77,119.02
PENINLAND,PENINLANDEQN,16.17,16.06,16.06,-0.11,-0.68,931,14951,37.98,13.82
VSSL,VSSLEQN,356.45,354.0,354.0,-2.45,-0.69,303,107262,375.95,206.4
MUTHOOTMF,MUTHOOTMFEQN,197.93,196.54,196.54,-1.39,-0.7,833,163717,262.77,141.2
EIHOTEL,EIHOTELEQN,294.0,291.9,291.9,-2.1,-0.71,24,7005,434.8,271.15
GRAVITA,GRAVITAEQN,1676.9,1665.0,1665.0,-11.9,-0.71,2086,3473190,1913.6,1266.9
IONEXCHANG,IONEXCHANGEQN,439.1,436.0,436.0,-3.1,-0.71,4484,1955024,486.0,312.7
BORORENEW,BORORENEWEQN,513.65,510.0,510.0,-3.65,-0.71,1672,852720,721.0,374.4
SWANDEF,SWANDEFBEN,2496.0,2478.0,2478.0,-18.0,-0.72,6,14868,2750.0,523.5
KCP,KCPEQN,163.3,162.1,162.1,-1.2,-0.73,244,39552,207.8,125.0
RPPL,RPPLBEN,23.32,23.15,23.15,-0.17,-0.73,12,277,26.97,14.25
DBSTOCKBRO,DBSTOCKBROBEN,28.61,28.4,28.4,-0.21,-0.73,75,2130,48.5,23.15
IBULLSLTD,IBULLSLTDEQN,25.7,25.51,25.51,-0.19,-0.74,17713,451858,32.5,8.9
VADILALIND,VADILALINDEQN,7505.5,7450.0,7450.0,-55.5,-0.74,32,238400,8447.0,3996.0
TVSSCS,TVSSCSEQN,129.05,128.1,128.1,-0.95,-0.74,8038,1029667,146.5,90.32
MAMATA,MAMATAEQN,413.5,410.45,410.45,-3.05,-0.74,11,4514,515.0,297.0
SEPC,SEPCEQN,5.41,5.37,5.37,-0.04,-0.74,76705,411905,13.73,4.65
VIDYAWIRES,VIDYAWIRESEQN,88.15,87.5,87.5,-0.65,-0.74,1563,136762,117.35,42.51
HUBTOWN,HUBTOWNEQN,189.91,188.48,188.48,-1.43,-0.75,1201,226364,342.0,168.15
RISHABH,RISHABHEQN,809.95,803.9,803.9,-6.05,-0.75,878,705824,815.0,315.0
MASFIN,MASFINEQN,295.25,293.05,293.05,-2.2,-0.75,1506,441333,358.85,277.35
JAYNECOIND,JAYNECOINDEQN,89.67,89.0,89.0,-0.67,-0.75,7028,625492,117.0,60.75
IGARASHI,IGARASHIEQN,415.15,412.05,412.05,-3.1,-0.75,70,28843,558.0,271.05
ADVENTHTL,ADVENTHTLEQN,133.19,132.19,132.19,-1.0,-0.75,683,90285,345.05,120.02
RELIGARE,RELIGAREEQN,255.45,253.51,253.51,-1.94,-0.76,206,52223,280.0,196.51
GRMOVER,GRMOVEREQN,85.8,85.15,85.15,-0.65,-0.76,200,17030,185.45,81.95
SRTL,SRTLEQN,37.98,37.69,37.69,-0.29,-0.76,55,2072,73.36,35.87
GRADIENTE,GRADIENTEEQN,2.64,2.62,2.62,-0.02,-0.76,2465,6458,9.4,2.08
CRSL,CRSLBEN,2.63,2.61,2.61,-0.02,-0.76,1222,3189,3.56,1.72
CHOLAFIN,CHOLAFINEQN,1848.2,1834.0,1834.0,-14.2,-0.77,691,1267294,1952.5,1299.4
YATRA,YATRAEQN,114.97,114.09,114.09,-0.88,-0.77,795,90701,202.0,89.9
MAXESTATES,MAXESTATESEQN,543.2,539.0,539.0,-4.2,-0.77,295,159005,579.0,305.45
RESPONIND,RESPONINDEQN,148.15,147.0,147.0,-1.15,-0.78,5306,779982,240.9,117.25
AGARIND,AGARINDEQN,440.2,436.75,436.75,-3.45,-0.78,1008,440244,1006.0,360.0
GOCLCORP,GOCLCORPEQN,436.95,433.55,433.55,-3.4,-0.78,1529,662897,459.9,223.35
SALASAR,SALASAREQN,5.09,5.05,5.05,-0.04,-0.79,110190,556459,10.99,4.73
THEMISMED,THEMISMEDEQN,133.07,132.0,132.0,-1.07,-0.8,4994,659208,148.0,64.95
THERMAX,THERMAXEQN,3622.0,3593.0,3593.0,-29.0,-0.8,1838,6603934,5277.8,2742.7
ASIANTILES,ASIANTILESEQN,49.85,49.45,49.45,-0.4,-0.8,2516,124416,79.06,42.5
IXIGO,IXIGOEQN,167.39,166.04,166.04,-1.35,-0.81,1042,173013,339.15,151.27
BOROLTD,BOROLTDEQN,254.24,252.17,252.17,-2.07,-0.81,414,104398,397.95,213.73
ABCAPITAL,ABCAPITALEQN,403.25,400.0,400.0,-3.25,-0.81,3487,1394800,430.7,277.7
CARBORUNIV,CARBORUNIVEQN,1104.0,1095.1,1095.1,-8.9,-0.81,443,485129,1306.9,735.2
ASAHISONG,ASAHISONGBEN,391.15,388.0,388.0,-3.15,-0.81,428,166064,413.95,179.64
SAKSOFT,SAKSOFTEQN,151.77,150.52,150.52,-1.25,-0.82,4088,615325,224.75,107.59
PAISALO,PAISALOEQN,79.41,78.76,78.76,-0.65,-0.82,39189,3086525,80.0,30.0
CHEMPLASTS,CHEMPLASTSEQN,185.53,184.0,184.0,-1.53,-0.82,10411,1915624,451.3,166.15
BEPL,BEPLEQN,126.84,125.8,125.8,-1.04,-0.82,3483,438161,138.5,74.2
SAHYADRI,SAHYADRIEQN,394.55,391.3,391.3,-3.25,-0.82,100,39130,406.9,200.1
OFSS,OFSSEQN,11847.0,11750.0,11750.0,-97.0,-0.82,278,3266500,12540.0,6234.5
SMARTWORKS,SMARTWORKSEQN,538.95,534.55,534.55,-4.4,-0.82,2,1069,619.0,361.5
INNOVISION,INNOVISIONEQN,256.25,254.15,254.15,-2.1,-0.82,27,6862,470.0,246.2
WEWORK,WEWORKEQN,675.35,669.8,669.8,-5.55,-0.82,23,15405,794.5,420.0
SUPREMEINF,SUPREMEINFEQN,85.77,85.07,85.07,-0.7,-0.82,1234,104976,113.0,58.11
PRITIKAUTO,PRITIKAUTOBEN,15.76,15.63,15.63,-0.13,-0.82,21044,328917,20.99,10.41
ARIES,ARIESBEN,485.95,481.95,481.95,-4.0,-0.82,21,10120,0.0,0.0
MEIL,MEILEQN,279.25,276.95,276.95,-2.3,-0.82,475,131551,572.7,206.26
STAR,STAREQN,1178.8,1169.0,1169.0,-9.8,-0.83,938,1096522,1231.0,768.65
KITEX,KITEXEQN,127.77,126.71,126.71,-1.06,-0.83,1757,222629,232.7,122.75
KANPRPLA,KANPRPLAEQN,240.1,238.1,238.1,-2.0,-0.83,211,50239,283.14,151.25
5PAISA,5PAISAEQN,339.85,337.0,337.0,-2.85,-0.84,176,59312,416.95,245.5
MUNJALSHOW,MUNJALSHOWEQN,129.21,128.12,128.12,-1.09,-0.84,40,5124,150.9,110.3
ASHIMASYN,ASHIMASYNEQN,17.75,17.6,17.6,-0.15,-0.85,1,17,26.0,11.5
PASUPTAC,PASUPTACBEN,67.32,66.75,66.75,-0.57,-0.85,126,8410,78.95,40.41
NUCLEUS,NUCLEUSEQN,718.4,712.3,712.3,-6.1,-0.85,14,9972,1084.8,682.0
FINOPB,FINOPBEQN,138.9,137.71,137.71,-1.19,-0.86,706,97223,339.0,110.03
POWERINDIA,POWERINDIAEQN,31775.0,31500.0,31500.0,-275.0,-0.87,1414,44541000,38785.0,16111.0
KAMATHOTEL,KAMATHOTELEQN,228.19,226.2,226.2,-1.99,-0.87,276,62431,329.8,140.2
IRMENERGY,IRMENERGYEQN,284.5,282.0,282.0,-2.5,-0.88,860,242520,393.0,165.4
SJLOGISTIC,SJLOGISTICSMN,319.35,316.55,316.55,-2.8,-0.88,500,158275,459.0,225.35
UNIONBANK,UNIONBANKEQN,186.04,184.41,184.41,-1.63,-0.88,10080,1858852,205.49,126.61
BBTCL,BBTCLEQN,231.6,229.55,229.55,-2.05,-0.89,821,188460,262.0,156.0
TBOTEK,TBOTEKEQN,1705.4,1690.0,1690.0,-15.4,-0.9,215,363350,1764.8,1004.2
GALAPREC,GALAPRECEQN,1037.4,1028.0,1028.0,-9.4,-0.91,147,151116,1260.0,671.2
WATERBASE,WATERBASEEQN,48.49,48.05,48.05,-0.44,-0.91,50,2402,54.0,44.11
SPAL,SPALEQN,1065.9,1056.0,1056.0,-9.9,-0.93,184,194304,1221.9,600.0
GPECO,GPECOSMN,417.9,414.0,414.0,-3.9,-0.93,200,82800,599.9,264.05
SPLIL,SPLILEQN,31.09,30.8,30.8,-0.29,-0.93,25,770,45.2,20.2
EBIX,EBIXBEN,20.49,20.3,20.3,-0.19,-0.93,2,40,22.83,16.03
AJMERA,AJMERAEQN,117.54,116.43,116.43,-1.11,-0.94,750,87322,221.4,98.03
BALUFORGE,BALUFORGEEQN,557.6,552.3,552.3,-5.3,-0.95,2063,1139394,697.0,341.05
RELCHEMQ,RELCHEMQEQN,113.33,112.25,112.25,-1.08,-0.95,310,34797,167.7,105.01
CRAMC,CRAMCEQN,249.25,246.85,246.85,-2.4,-0.96,3313,817814,353.4,214.2
MASTERTR,MASTERTREQN,88.86,88.0,88.0,-0.86,-0.97,651,57288,164.5,55.6
RGL,RGLEQN,153.1,151.61,151.61,-1.49,-0.97,5661,858264,159.0,85.0
VGL,VGLEQN,53.52,53.0,53.0,-0.52,-0.97,50,2650,92.5,43.7
HINDPETRO,HINDPETROEQN,356.9,353.4,353.4,-3.5,-0.98,10314,3644967,508.45,316.2
SIGNPOST,SIGNPOSTEQN,269.5,266.8,266.8,-2.7,-1.0,3416,911388,336.8,191.41
IGL,IGLEQN,154.8,153.25,153.25,-1.55,-1.0,4104,628938,223.5,141.74
ZEEMEDIA,ZEEMEDIAEQN,7.94,7.86,7.86,-0.08,-1.01,6237,49022,13.26,6.65
GULFPETRO,GULFPETROBEN,65.27,64.6,64.6,-0.67,-1.03,600,38760,71.4,23.25
BIGBLOC,BIGBLOCEQN,41.43,41.0,41.0,-0.43,-1.04,20,820,80.0,38.0
BIOPOL,BIOPOLSMN,48.0,47.5,47.5,-0.5,-1.04,31200,1482000,133.75,39.5
360ONE,360ONEEQN,1136.9,1125.0,1125.0,-11.9,-1.05,647,727875,1236.2,906.05
FOODSIN,FOODSINEQN,57.4,56.8,56.8,-0.6,-1.05,137,7781,95.9,44.0
LANCORHOL,LANCORHOLEQN,40.12,39.7,39.7,-0.42,-1.05,1075,42677,41.75,18.12
SAATVIKGL,SAATVIKGLEQN,421.0,416.6,416.6,-4.4,-1.05,162,67489,567.0,328.0
MURUDCERA,MURUDCERAEQN,29.33,29.02,29.02,-0.31,-1.06,606,17586,47.5,25.16
MARINE,MARINEEQN,419.95,415.5,415.5,-4.45,-1.06,3335,1385692,450.0,150.86
LALPATHLAB,LALPATHLABEQN,1901.9,1881.4,1881.4,-20.5,-1.08,839,1578494,1988.9,1272.6
GLOBE,GLOBEEQN,1.86,1.84,1.84,-0.02,-1.08,180,331,3.29,1.83
NAVKARURB,NAVKARURBBEN,0.92,0.91,0.91,-0.01,-1.09,20714,18849,2.93,0.7
CHEMCRUX,CHEMCRUXEQN,82.25,81.35,81.35,-0.9,-1.09,153,12446,89.29,79.66
ECORECO,ECORECOEQN,456.0,451.05,451.05,-4.95,-1.09,50,22552,494.9,443.75
UFBL,UFBLBEN,691.55,684.0,684.0,-7.55,-1.09,201,137484,850.0,172.34
SURANAT&P,SURANAT&PEQN,16.43,16.25,16.25,-0.18,-1.1,81,1316,29.27,15.5
AASTHA,AASTHAEQN,77.36,76.51,76.51,-0.85,-1.1,7513,574819,140.01,70.0
TURTLEMINT,TURTLEMINTEQN,142.42,140.86,140.86,-1.56,-1.1,2877,405254,160.0,110.41
OSELDEVICE,OSELDEVICESMN,371.15,367.0,367.0,-4.15,-1.12,400,146800,835.0,357.15
REGAAL,REGAALEQN,88.16,87.17,87.17,-0.99,-1.12,1010,88041,113.75,57.27
SPENCERS,SPENCERSEQN,28.78,28.45,28.45,-0.33,-1.15,125,3556,61.4,24.38
POLYSIL,POLYSILSMN,73.85,73.0,73.0,-0.85,-1.15,45000,3285000,356.75,47.25
SADBHIN,SADBHINBEN,2.58,2.55,2.55,-0.03,-1.16,21,53,4.79,2.06
MOKSH,MOKSHEQN,10.13,10.01,10.01,-0.12,-1.18,1130,11311,16.65,8.11
AVROIND,AVROINDEQN,8.5,8.4,8.4,-0.1,-1.18,1500,12600,15.99,8.0
SRIKPRIND,SRIKPRINDBEN,33.82,33.42,33.42,-0.4,-1.18,51,1704,0.0,0.0
RAMBHAJO,RAMBHAJOEQN,276.32,273.01,273.01,-3.31,-1.2,1851,505341,288.3,161.6
SRHHYPOLTD,SRHHYPOLTDEQN,531.6,525.1,525.1,-6.5,-1.22,55,28880,638.0,382.4
AMAGI,AMAGIEQN,575.15,568.15,568.15,-7.0,-1.22,2772,1574911,727.4,310.2
DYNPRO,DYNPROEQN,233.2,230.3,230.3,-2.9,-1.24,34,7830,388.7,190.8
VHL,VHLEQN,3620.8,3576.0,3576.0,-44.8,-1.24,4,14304,4275.0,2870.0
DREAMFOLKS,DREAMFOLKSEQN,65.94,65.12,65.12,-0.82,-1.24,409,26634,160.0,56.0
CREST,CRESTEQN,370.65,366.0,366.0,-4.65,-1.25,150,54900,418.0,298.15
NIPPOBATRY,NIPPOBATRYEQN,325.25,321.2,321.2,-4.05,-1.25,10,3212,496.6,257.0
PLAZACABLE,PLAZACABLEEQN,59.05,58.3,58.3,-0.75,-1.27,500,29150,65.0,27.0
A2ZINFRA,A2ZINFRAEQN,15.76,15.56,15.56,-0.2,-1.27,195,3034,20.3,12.0
ORICONENT,ORICONENTEQN,52.92,52.25,52.25,-0.67,-1.27,5,261,73.12,48.81
ASMS,ASMSBEN,7.01,6.92,6.92,-0.09,-1.28,501,3466,17.6,6.66
CANHLIFE,CANHLIFEEQN,153.97,152.0,152.0,-1.97,-1.28,8012,1217824,166.69,106.0
MAWANASUG,MAWANASUGEQN,145.11,143.23,143.23,-1.88,-1.3,150,21484,164.0,75.08
OSWALAGRO,OSWALAGROEQN,36.61,36.13,36.13,-0.48,-1.31,879,31758,81.0,33.4
TREEHOUSE,TREEHOUSEEQN,6.1,6.02,6.02,-0.08,-1.31,121,728,11.0,5.52
FERMENTA,FERMENTAEQN,496.5,490.0,490.0,-6.5,-1.31,1876,919240,580.45,248.85
OAL,OALEQN,537.35,530.25,530.25,-7.1,-1.32,178,94384,544.7,228.0
ALKEM,ALKEMEQN,5242.5,5172.5,5172.5,-70.0,-1.34,557,2881082,5933.5,5075.0
VLEGOV,VLEGOVEQN,10.47,10.33,10.33,-0.14,-1.34,1595,16476,38.9,8.42
JAYKAY-RE1,JAYKAY-RE1BEN,76.05,75.0,75.0,-1.05,-1.38,233,17475,80.0,70.0
TRIGYN,TRIGYNEQN,59.88,59.05,59.05,-0.83,-1.39,400,23620,102.4,37.55
THEINVEST,THEINVESTEQN,97.89,96.51,96.51,-1.38,-1.41,4,386,159.29,89.0
BTML,BTMLEQN,8.49,8.37,8.37,-0.12,-1.41,3000,25110,10.5,5.06
MEP,MEPBZN,0.7,0.69,0.69,-0.01,-1.43,277,191,2.87,0.5
PFIZER,PFIZEREQN,4596.5,4530.0,4530.0,-66.5,-1.45,647,2930910,5578.5,4360.1
ALANKIT,ALANKITEQN,8.16,8.04,8.04,-0.12,-1.47,521,4188,14.28,6.8
SHREYANIND,SHREYANINDEQN,134.2,132.21,132.21,-1.99,-1.48,12,1586,247.22,121.76
ELDEHSG,ELDEHSGEQN,788.85,777.05,777.05,-11.8,-1.5,1,777,1044.1,701.55
PERNIASPOP,PERNIASPOPEQN,568.55,559.95,559.95,-8.6,-1.51,3612,2022539,0.0,0.0
REGENCERAM,REGENCERAMEQN,35.0,34.46,34.46,-0.54,-1.54,2,68,54.99,30.0
JAIPURKURT,JAIPURKURTEQN,25.49,25.09,25.09,-0.4,-1.57,1,25,42.74,24.4
SSDL,SSDLEQN,57.11,56.2,56.2,-0.91,-1.59,10,562,91.9,46.15
RPSGVENT,RPSGVENTEQN,816.5,803.4,803.4,-13.1,-1.6,33,26512,1179.0,551.9
STLSTRINF,STLSTRINFEQN,19.07,18.76,18.76,-0.31,-1.63,5,93,22.78,14.59
AERONEU,AERONEUEQN,77.28,76.0,76.0,-1.28,-1.66,200,15200,125.37,63.21
MAGNUM,MAGNUMEQN,19.12,18.8,18.8,-0.32,-1.67,100,1880,30.25,16.25
JISLDVREQS,JISLDVREQSEQN,21.99,21.62,21.62,-0.37,-1.68,2500,54050,35.48,18.5
GICL,GICLEQN,24.42,24.01,24.01,-0.41,-1.68,2003,48092,52.4,15.61
VETO,VETOBEN,125.62,123.5,123.5,-2.12,-1.69,1000,123500,153.95,82.32
UTLSOLAR,UTLSOLAREQN,417.3,410.2,410.2,-7.1,-1.7,2552,1046830,494.25,172.0
AMBALALSA,AMBALALSABEN,42.98,42.25,42.25,-0.73,-1.7,199,8407,49.98,30.15
TIL,TILBEN,250.33,246.05,246.05,-4.28,-1.71,1,246,371.95,161.25
KSHITIJPOL,KSHITIJPOLEQN,3.46,3.4,3.4,-0.06,-1.73,156341,531559,7.2,1.88
AARON,AARONEQN,125.54,123.35,123.35,-2.19,-1.74,750,92512,228.0,106.8
HALDER,HALDEREQN,286.6,281.6,281.6,-5.0,-1.74,950,267520,319.0,210.0
TREL,TRELEQN,27.18,26.7,26.7,-0.48,-1.77,168,4485,34.05,21.47
E2E,E2EBEN,630.2,618.75,618.75,-11.45,-1.82,13016,8053650,698.0,183.36
ATALREAL,ATALREALEQN,26.5,26.01,26.01,-0.49,-1.85,3520194,91560245,36.7,18.55
MKEXIM,MKEXIMEQN,61.35,60.2,60.2,-1.15,-1.87,45,2709,68.69,45.7
SHARDUL,SHARDULBEN,54.06,53.02,53.02,-1.04,-1.92,80,4241,60.0,23.05
PRUDMOULI,PRUDMOULIBEN,16.88,16.55,16.55,-0.33,-1.95,21,347,39.79,11.26
SIMBHALS,SIMBHALSBZN,7.65,7.5,7.5,-0.15,-1.96,1051,7882,15.27,6.47
DICIND,DICINDEQN,625.35,613.0,613.0,-12.35,-1.97,30,18390,638.95,450.5
ONELIFECAP,ONELIFECAPBEN,31.99,31.35,31.35,-0.64,-2.0,1,31,40.1,10.62
KAYA,KAYABEN,362.3,355.0,355.0,-7.3,-2.01,343,121765,487.9,224.01
PATINTLOG,PATINTLOGBEN,13.41,13.14,13.14,-0.27,-2.01,4601,60457,16.9,8.01
RUBYMILLS,RUBYMILLSEQN,457.0,447.7,447.7,-9.3,-2.04,305,136548,499.05,169.02
KHAITANLTD,KHAITANLTDEQN,162.35,159.0,159.0,-3.35,-2.06,100,15900,178.0,85.0
ACEINTEG,ACEINTEGEQN,17.54,17.17,17.17,-0.37,-2.11,64,1098,29.94,14.2
NAGREEKCAP,NAGREEKCAPEQN,23.75,23.25,23.25,-0.5,-2.11,10,232,42.75,19.3
EASTWEST,EASTWESTEQN,2.36,2.31,2.31,-0.05,-2.12,1000,2310,2.68,2.2
NAUKRI,NAUKRIEQN,1302.5,1274.5,1274.5,-28.0,-2.15,3237,4125556,1433.6,908.3
TRU,TRUEQN,4.1,4.01,4.01,-0.09,-2.2,41800,167618,13.82,3.9
ODYCORP,ODYCORPEQN,7.26,7.1,7.1,-0.16,-2.2,30,213,8.48,5.71
RILINFRA,RILINFRASMN,33.15,32.4,32.4,-0.75,-2.26,500,16200,47.5,27.6
VASWANI,VASWANIEQN,45.85,44.79,44.79,-1.06,-2.31,219,9809,69.99,44.5
DCG,DCGSMN,66.65,65.05,65.05,-1.6,-2.4,1200,78060,77.45,47.0
GVPTECH,GVPTECHBEN,8.0,7.8,7.8,-0.2,-2.5,1357,10584,11.19,5.22
HEG,HEGBEN,272.2,265.4,265.4,-6.8,-2.5,23699,6289714,0.0,0.0
VITAL,VITALEQN,56.59,55.11,55.11,-1.48,-2.62,2,110,69.4,35.4
RML,RMLEQN,1388.2,1351.0,1351.0,-37.2,-2.68,2784,3761184,1410.0,608.5
KOTARISUG,KOTARISUGBEN,30.13,29.31,29.31,-0.82,-2.72,730,21396,39.94,22.5
EXXARO,EXXAROEQN,6.59,6.41,6.41,-0.18,-2.73,2101,13467,10.33,5.99
PVP,PVPEQN,65.16,63.37,63.37,-1.79,-2.75,17825,1129570,71.9,23.0
CREATIVEYE,CREATIVEYEEQN,6.18,6.01,6.01,-0.17,-2.75,1,6,8.83,5.41
RETAIL,RETAILEQN,16.59,16.13,16.13,-0.46,-2.77,100,1613,43.79,15.81
DELTAMAGNT,DELTAMAGNTEQN,58.38,56.72,56.72,-1.66,-2.84,9,510,93.45,45.51
TOTAL,TOTALEQN,74.14,72.03,72.03,-2.11,-2.85,43,3097,87.89,45.0
ICDSLTD,ICDSLTDEQN,67.32,65.1,65.1,-2.22,-3.3,696,45309,77.69,36.4
RNBDENIMS,RNBDENIMSBEN,10.49,10.11,10.11,-0.38,-3.62,567,5732,67.67,7.72
MADHUCON,MADHUCONBEN,4.67,4.5,4.5,-0.17,-3.64,20,90,8.55,3.61
SHYAMCENT,SHYAMCENTBEN,4.97,4.78,4.78,-0.19,-3.82,3361,16065,8.79,3.68
INFOMEDIA,INFOMEDIAEQN,5.43,5.21,5.21,-0.22,-4.05,17,88,8.05,4.5
KALYANIFRG,KALYANIFRGBEN,1027.0,985.1,985.1,-41.9,-4.08,28,27582,1192.25,523.6
RBZJEWEL,RBZJEWELBEN,190.71,182.0,182.0,-8.71,-4.57,805,146510,204.7,100.0
GATECH,GATECHBEN,0.87,0.83,0.83,-0.04,-4.6,326128,270686,1.11,0.4
BHADORA,BHADORASTN,109.15,104.1,104.1,-5.05,-4.63,3600,374760,128.85,49.5
VCL,VCLBEN,1.51,1.44,1.44,-0.07,-4.64,93644,134847,2.66,0.87
IL&FSENGG,IL&FSENGGBZN,37.0,35.25,35.25,-1.75,-4.73,75,2643,39.39,21.0
MOS,MOSSTN,7.25,6.9,6.9,-0.35,-4.83,32000,220800,28.55,7.2
SUPTANERY,SUPTANERYBEN,12.59,11.97,11.97,-0.62,-4.92,3675,43989,16.21,6.81
TEJASCARGO,TEJASCARGOSMN,405.0,385.05,385.05,-19.95,-4.93,400,154020,435.85,251.0
TIJARIA,TIJARIABEN,9.07,8.62,8.62,-0.45,-4.96,1428,12309,9.8,3.55
GSMFOILS,GSMFOILSSMN,105.6,100.35,100.35,-5.25,-4.97,3000,301050,293.85,79.7
ELITECON,ELITECONEQN,8.25,7.84,7.84,-0.41,-4.97,57861,453630,46.4,8.25
CALSOFT,CALSOFTBEN,38.94,37.0,37.0,-1.94,-4.98,1337,49469,43.13,10.9
PRIMECAB,PRIMECABSTN,187.65,178.3,178.3,-9.35,-4.98,1600,285280,222.0,70.4
BURNPUR,BURNPUREQN,20.49,19.47,19.47,-1.02,-4.98,49,954,22.63,11.13
BIRLACABLE,BIRLACABLEEQN,357.75,339.9,339.9,-17.85,-4.99,6940,2358906,395.0,104.0
ARCL,ARCLEQN,233.87,222.2,222.2,-11.67,-4.99,109,24219,249.68,216.89
PAR,PARBEN,148.88,141.44,141.44,-7.44,-5.0,722,102119,180.0,78.05
UEL,UELEQN,229.52,218.05,218.05,-11.47,-5.0,82,17880,284.2,92.32
ANNU,ANNUBEN,64.82,61.58,61.58,-3.24,-5.0,11672,718761,75.6,64.82
PRIORITY,PRIORITYBEN,229.92,218.43,218.43,-11.49,-5.0,10380,2267303,245.0,229.43
FASCINATE,FASCINATESMN,65.3,58.8,58.8,-6.5,-9.95,36000,2116800,120.8,65.3
SKYTECH,SKYTECHSMN,36.05,32.45,32.45,-3.6,-9.99,8000,259600,74.0,36.05
MPEL-RE,MPEL-RESTN,11.35,6.85,6.85,-4.5,-39.65,3200,21920,0.0,0.0
