symbol,identifier,previousClose,lastPrice,iep,change,pChange,finalQuantity,totalTurnover,yearHigh,yearLow
GESHIP,GESHIPEQN,1398.4,1590.3,1590.3,191.9,13.72,57116,90831574,1798.0,914.7
TECILCHEM,TECILCHEMEQN,10.05,11.31,11.31,1.26,12.54,1129,12768,22.87,8.8
RBA,RBAEQN,70.76,71.3,78.9,8.14,11.5,1313361,0,87.65,57.15
AARTISURF,AARTISURFEQN,481.0,529.95,529.95,48.95,10.18,14133,7489783,569.85,316.0
UEL,UELEQN,184.47,202.91,202.91,18.44,10.0,7408,1503157,220.0,92.32
STEELCITY,STEELCITYEQN,76.4,83.7,83.7,7.3,9.55,7909,661983,116.0,71.26
SHEKHAWATI,SHEKHAWATIEQN,13.59,14.84,14.84,1.25,9.2,51,756,25.75,9.12
INDTERRAIN,INDTERRAINEQN,33.39,36.41,36.41,3.02,9.04,18472,672565,42.62,24.56
AATMAJ,AATMAJSMN,18.15,19.75,19.75,1.6,8.82,2000,39500,25.5,16.7
STARTECK,STARTECKEQN,261.15,284.0,284.0,22.85,8.75,10,2840,355.8,215.1
PRAENG,PRAENGEQN,20.07,21.74,21.74,1.67,8.32,5,108,33.88,17.0
DNAMEDIA,DNAMEDIAEQN,2.87,3.1,3.1,0.23,8.01,17,52,5.86,2.33
IITL,IITLEQN,153.21,164.0,164.0,10.79,7.04,9770,1602280,216.0,108.0
MOHITIND,MOHITINDEQN,22.45,24.0,24.0,1.55,6.9,10,240,40.19,18.6
DCMFINSERV,DCMFINSERVEQN,4.94,5.28,5.28,0.34,6.88,58,306,8.55,3.7
DHARAN,DHARANBZN,0.15,0.16,0.16,0.01,6.67,66528,10644,0.61,0.11
UNIMECH,UNIMECHEQN,1259.8,1340.0,1340.0,80.2,6.37,9249,12393660,1323.0,695.0
HEADSUP,HEADSUPEQN,6.79,7.2,7.2,0.41,6.04,555,3996,12.95,5.69
CIFL,CIFLEQN,20.76,21.98,21.98,1.22,5.88,345,7583,39.69,19.56
PELATRO,PELATROSMN,267.0,282.0,282.0,15.0,5.62,600,169200,440.0,246.0
BRNL,BRNLEQN,17.47,18.45,18.45,0.98,5.61,5,92,26.5,16.66
ENIL,ENILEQN,108.81,114.9,114.9,6.09,5.6,5,574,174.58,98.57
RRIL,RRILEQN,17.37,18.34,18.34,0.97,5.58,167,3062,21.5,15.25
FILATFASH,FILATFASHBEN,0.18,0.19,0.19,0.01,5.56,495810,94203,0.68,0.14
ATHERENERG,ATHERENERGEQN,1272.7,1341.2,1341.2,68.5,5.38,83682,112234298,1345.0,349.35
SUMIT,SUMITEQN,55.06,58.0,58.0,2.94,5.34,52,3016,104.9,31.74
REPRO,REPROEQN,398.7,419.7,419.7,21.0,5.27,3500,1468950,590.0,307.05
SASKEN,SASKENEQN,1902.3,1997.4,1997.4,95.1,5.0,787,1571953,2780.2,991.0
GULFPETRO,GULFPETROBEN,52.45,55.07,55.07,2.62,5.0,143076,7879195,52.45,23.25
SANWARIA,SANWARIABZN,0.2,0.21,0.21,0.01,5.0,193,40,0.39,0.19
OCCLLTD,OCCLLTDBEN,174.32,183.03,183.03,8.71,5.0,3386,619739,174.32,75.71
RELINFRA,RELINFRABEN,63.04,66.19,66.19,3.15,5.0,2152,142440,303.0,60.04
BIRLACABLE,BIRLACABLEBEN,214.0,224.7,224.7,10.7,5.0,2539,570513,241.0,104.0
HALDYNGL,HALDYNGLBEN,126.26,132.57,132.57,6.31,5.0,7448,987381,133.7,85.0
MTARTECH,MTARTECHBEN,6012.0,6312.5,6312.5,300.5,5.0,14178,89498625,8714.0,1390.5
CHEMCON,CHEMCONBEN,184.09,193.29,193.29,9.2,5.0,6640,1283445,295.0,125.0
MAWANASUG,MAWANASUGBEN,109.86,115.35,115.35,5.49,5.0,1085,125154,123.75,75.08
SIGMAADV,SIGMAADVBEN,654.7,687.4,687.4,32.7,4.99,37156,25541034,654.7,108.75
KOTYARK,KOTYARKBEN,34.89,36.63,36.63,1.74,4.99,7950,291208,45.5,17.38
STLTECH,STLTECHBEN,584.9,614.1,614.1,29.2,4.99,1269944,779872610,679.9,84.6
ATCENERGY,ATCENERGYSTN,23.1,24.25,24.25,1.15,4.98,1200,29100,75.95,19.35
SMARTLINK,SMARTLINKBEN,210.42,220.9,220.9,10.48,4.98,257,56771,225.9,103.5
GANESHIN,GANESHINSTN,103.75,108.9,108.9,5.15,4.96,8800,958320,279.8,66.4
AKANKSHA,AKANKSHASTN,95.9,100.65,100.65,4.75,4.95,2000,201300,111.0,57.0
ABAN,ABANBEN,16.57,17.39,17.39,0.82,4.95,1911,33232,52.14,12.89
GRANDOAK,GRANDOAKEQN,36.59,38.4,38.4,1.81,4.95,100,3840,55.76,24.0
PARASPETRO,PARASPETROEQN,2.44,2.56,2.56,0.12,4.92,22382,57297,3.23,1.53
HYBRIDFIN,HYBRIDFINBEN,18.02,18.9,18.9,0.88,4.88,73,1379,33.62,13.06
GENESYS,GENESYSEQN,298.75,313.0,313.0,14.25,4.77,10002,3130626,647.9,198.05
VEEKAYEM,VEEKAYEMSMN,126.0,131.95,131.95,5.95,4.72,500,65975,318.0,79.8
SADHNANIQ,SADHNANIQBEN,2.79,2.79,2.92,0.13,4.66,36256,0,3.13,1.27
ROLLT,ROLLTBEN,2.58,2.7,2.7,0.12,4.65,10300,27810,3.74,1.02
GOLDENTOBC,GOLDENTOBCBZN,24.85,25.99,25.99,1.14,4.59,21,545,37.5,20.34
GAYAHWS,GAYAHWSEQN,2.0,2.09,2.09,0.09,4.5,836,1747,4.76,1.51
VCL,VCLEQN,1.12,1.17,1.17,0.05,4.46,51610,60383,2.66,0.87
KRMAYURVED,KRMAYURVEDSTN,288.6,301.45,301.45,12.85,4.45,8000,2411600,288.6,156.15
AKSHOPTFBR,AKSHOPTFBRBEN,5.71,5.96,5.96,0.25,4.38,107,637,9.0,3.82
ESSENTIA,ESSENTIABEN,1.15,1.2,1.2,0.05,4.35,6923,8307,2.07,0.95
BEACON,BEACONSTN,85.2,88.9,88.9,3.7,4.34,2000,177800,124.8,50.0
STOVEKRAFT,STOVEKRAFTEQN,754.6,787.1,787.1,32.5,4.31,15518,12214217,828.0,447.05
FRESHARA,FRESHARASTN,354.75,370.0,370.0,15.25,4.3,4800,1776000,375.0,130.0
INNOVANA,INNOVANAEQN,322.0,335.8,335.8,13.8,4.29,5,1679,564.8,292.8
VICTORYEV,VICTORYEVSTN,16.4,17.1,17.1,0.7,4.27,3000,51300,34.45,13.7
NECCLTD,NECCLTDBEN,15.68,16.35,16.35,0.67,4.27,110,1798,24.01,10.55
RADIOCITY,RADIOCITYEQN,6.81,7.1,7.1,0.29,4.26,1009,7163,9.25,4.5
PANSARI,PANSARIEQN,329.1,342.95,342.95,13.85,4.21,100,34295,388.9,230.79
SHRIAHIMSA,SHRIAHIMSASTN,385.0,401.0,401.0,16.0,4.16,1200,481200,455.0,180.2
KSR,KSREQN,29.67,30.9,30.9,1.23,4.15,100,3090,39.1,14.04
IVP,IVPBEN,158.23,164.8,164.8,6.57,4.15,6,988,194.0,110.0
EMPOWER,EMPOWERBEN,2.68,2.79,2.79,0.11,4.1,54040,150771,2.82,1.3
RMC,RMCEQN,292.15,304.0,304.0,11.85,4.06,1983,602832,530.0,245.4
PATINTLOG,PATINTLOGBEN,14.01,14.56,14.56,0.55,3.93,18,262,16.97,8.01
LASA,LASAEQN,6.93,7.2,7.2,0.27,3.9,150,1080,14.08,5.67
VIVIDHA,VIVIDHAEQN,0.52,0.54,0.54,0.02,3.85,2000,1080,0.91,0.43
DRAGARWQ,DRAGARWQEQN,5007.0,5199.5,5199.5,192.5,3.84,202,1050299,6059.7,4600.0
HAVISHA,HAVISHAEQN,1.32,1.37,1.37,0.05,3.79,2,2,2.42,1.03
VIRINCHI,VIRINCHIEQN,15.32,15.9,15.9,0.58,3.79,450,7155,32.69,13.81
IL&FSTRANS,IL&FSTRANSBZN,2.11,2.19,2.19,0.08,3.79,102,223,3.46,1.75
VINEETLAB,VINEETLABBEN,38.35,39.8,39.8,1.45,3.78,1000,39800,43.5,26.89
SHALPAINTS,SHALPAINTSEQN,80.01,83.0,83.0,2.99,3.74,55000,4565000,88.71,35.21
VHLTD,VHLTDBEN,133.0,137.98,137.98,4.98,3.74,1,137,155.36,101.53
VGL,VGLEQN,61.7,64.0,64.0,2.3,3.73,140,8960,98.48,43.7
BIGBLOC,BIGBLOCEQN,45.8,47.5,47.5,1.7,3.71,1044,49590,80.0,38.0
GPTHEALTH,GPTHEALTHEQN,163.94,170.0,170.0,6.06,3.7,4915,835550,185.0,115.0
DUCON,DUCONEQN,2.98,3.09,3.09,0.11,3.69,16605,51309,6.45,2.22
ATLANTAA,ATLANTAAEQN,35.2,36.5,36.5,1.3,3.69,500,18250,73.39,29.41
MARC,MARCSMN,116.6,120.9,120.9,4.3,3.69,1200,145080,131.5,40.75
CINEVISTA,CINEVISTAEQN,14.94,15.49,15.49,0.55,3.68,50,774,22.8,12.16
JAIPURKURT,JAIPURKURTEQN,26.91,27.9,27.9,0.99,3.68,45,1255,43.5,24.4
NIRMAN,NIRMANSMN,37.0,38.35,38.35,1.35,3.65,300,11505,231.0,36.0
RUCHINFRA,RUCHINFRAEQN,5.89,6.1,6.1,0.21,3.57,540,3294,8.25,4.05
HPAL,HPALEQN,33.3,34.48,34.48,1.18,3.54,70,2413,53.0,26.52
KEI,KEIEQN,5023.3,5201.0,5201.0,177.7,3.54,27372,142361772,5708.0,3712.2
VARDHACRLC,VARDHACRLCBEN,45.11,46.7,46.7,1.59,3.52,614,28673,48.77,27.01
KESORAMIND,KESORAMINDBEN,13.14,13.6,13.6,0.46,3.5,164108,2231868,14.26,4.55
MTEDUCARE,MTEDUCAREBEN,2.01,2.08,2.08,0.07,3.48,45,93,2.53,1.17
ONMOBILE,ONMOBILEBEN,66.58,68.9,68.9,2.32,3.48,5952,410092,84.0,40.21
BLUECOAST,BLUECOASTBEN,24.64,25.49,25.49,0.85,3.45,1,25,86.31,18.57
MMWL,MMWLBEN,13.9,14.38,14.38,0.48,3.45,30,431,16.34,9.02
JOCIL,JOCILBEN,150.87,156.0,156.0,5.13,3.4,14,2184,177.8,91.25
PLAZACABLE,PLAZACABLEBEN,44.01,45.48,45.48,1.47,3.34,11,500,65.0,27.0
GANECOS,GANECOSEQN,1156.6,1195.0,1195.0,38.4,3.32,4347,5194665,1489.0,653.55
CAPTRUST,CAPTRUSTEQN,19.07,19.7,19.7,0.63,3.3,242,4767,40.79,10.98
DBEIL,DBEILBEN,7.3,7.54,7.54,0.24,3.29,28,211,18.56,5.15
URJA,URJAEQN,10.06,10.39,10.39,0.33,3.28,30314,314962,14.49,8.0
REGENCERAM,REGENCERAMEQN,32.9,33.98,33.98,1.08,3.28,60,2038,54.99,30.0
VAISHALI,VAISHALIEQN,7.64,7.89,7.89,0.25,3.27,799,6304,13.05,4.75
CONCORDBIO,CONCORDBIOEQN,1414.6,1460.0,1460.0,45.4,3.21,3502,5112920,1801.9,987.0
DALMIASUG,DALMIASUGEQN,411.85,425.0,425.0,13.15,3.19,30839,13106575,421.05,261.4
BASML,BASMLBEN,27.06,27.9,27.9,0.84,3.1,1,27,31.9,17.05
MBLINFRA,MBLINFRABEN,25.13,25.9,25.9,0.77,3.06,1,25,52.48,18.37
AEROPLANE,AEROPLANEEQN,198.62,204.7,204.7,6.08,3.06,9277,1899001,206.9,117.02
TCIFINANCE,TCIFINANCEBEN,15.14,15.59,15.59,0.45,2.97,21,327,38.46,10.0
YASHO,YASHOEQN,3884.8,4000.0,4000.0,115.2,2.97,328,1312000,4223.3,1130.0
SYSTMTXC,SYSTMTXCBEN,60.22,61.99,61.99,1.77,2.94,5,309,177.9,51.89
NAVKARURB,NAVKARURBBEN,1.03,1.06,1.06,0.03,2.91,1047,1109,2.93,0.7
SHANTI,SHANTIEQN,6.9,7.1,7.1,0.2,2.9,2,14,12.26,4.7
TAALTECH,TAALTECHEQN,3984.0,4099.0,4099.0,115.0,2.89,22,90178,4200.0,2616.1
BSL,BSLEQN,123.65,127.2,127.2,3.55,2.87,1,127,208.0,98.0
CHAVDA,CHAVDASMN,128.35,132.0,132.0,3.65,2.84,1000,132000,137.0,80.6
TTL,TTLEQN,6.37,6.55,6.55,0.18,2.83,8,52,13.2,6.0
NEOGEN,NEOGENEQN,2056.1,2113.9,2113.9,57.8,2.81,1313,2775550,2374.0,966.7
FOSECOIND,FOSECOINDEQN,5204.5,5349.5,5349.5,145.0,2.79,424,2268188,6846.0,4300.0
AAREYDRUGS,AAREYDRUGSBEN,81.53,83.8,83.8,2.27,2.78,15,1257,100.0,50.31
HBSL,HBSLEQN,50.5,51.9,51.9,1.4,2.77,562,29167,108.8,42.63
NAHARCAP,NAHARCAPEQN,262.72,269.99,269.99,7.27,2.77,100,26999,316.9,191.0
PRIMESECU,PRIMESECUEQN,277.45,285.0,285.0,7.55,2.72,34,9690,325.0,244.5
CALSOFT,CALSOFTBEN,21.81,22.4,22.4,0.59,2.71,4,89,27.83,10.9
LEMERITE,LEMERITEEQN,23.26,23.89,23.89,0.63,2.71,100,2389,107.57,19.52
INCREDIBLE,INCREDIBLEEQN,33.1,33.99,33.99,0.89,2.69,6,203,52.87,28.1
SKFINDUS,SKFINDUSEQN,2697.7,2770.0,2770.0,72.3,2.68,371,1027670,3041.0,1994.1
KAPSTON,KAPSTONEQN,525.9,539.9,539.9,14.0,2.66,1147,619265,534.0,158.13
NAGREEKCAP,NAGREEKCAPEQN,22.89,23.5,23.5,0.61,2.66,1,23,42.75,19.3
FEL,FELBZN,0.38,0.39,0.39,0.01,2.63,4100,1599,0.65,0.34
TIRUPATIFL,TIRUPATIFLBEN,73.1,75.0,75.0,1.9,2.6,4016,301200,83.9,30.11
MPEL,MPELSTN,36.5,37.45,37.45,0.95,2.6,1600,59920,153.9,34.25
KEEPLEARN,KEEPLEARNEQN,1.94,1.99,1.99,0.05,2.58,4,7,3.21,1.51
CREATIVEYE,CREATIVEYEEQN,6.2,6.36,6.36,0.16,2.58,2,12,8.83,5.41
AKSHAR,AKSHAREQN,0.4,0.41,0.41,0.01,2.5,365,149,0.76,0.36
MCL,MCLEQN,56.17,57.57,57.57,1.4,2.49,81,4663,93.2,42.0
NOIDATOLL,NOIDATOLLBEN,4.44,4.55,4.55,0.11,2.48,4714,21448,7.43,2.87
CGPOWER,CGPOWEREQN,826.1,846.6,846.6,20.5,2.48,35826,30330291,980.9,525.5
POWERGRID,POWERGRIDEQN,287.0,294.1,294.1,7.1,2.47,539739,158737239,324.95,250.0
EXCELSOFT,EXCELSOFTEQN,82.99,85.0,85.0,2.01,2.42,14305,1215925,142.59,66.4
OSIAHYPER,OSIAHYPERBEN,2.91,2.98,2.98,0.07,2.41,717,2136,33.08,2.83
VIVIMEDLAB,VIVIMEDLABBEN,4.98,5.1,5.1,0.12,2.41,100,510,29.4,4.94
BAJAJST,BAJAJSTEQN,385.55,394.8,394.8,9.25,2.4,10,3948,507.8,350.05
PEARLPOLY,PEARLPOLYBEN,16.65,17.05,17.05,0.4,2.4,59,1005,39.2,12.75
VINDHYATEL,VINDHYATELEQN,2383.0,2440.0,2440.0,57.0,2.39,5813,14183720,2484.9,963.9
GULFOILLUB,GULFOILLUBEQN,1115.1,1141.7,1141.7,26.6,2.39,11364,12974278,1329.0,865.0
SETUINFRA,SETUINFRABZN,0.42,0.43,0.43,0.01,2.38,310,133,0.78,0.37
SADBHIN,SADBHINBEN,2.52,2.58,2.58,0.06,2.38,6381,16462,5.02,2.06
PANACHE,PANACHEBEN,439.55,449.9,449.9,10.35,2.35,55,24744,472.15,237.05
NARMADA,NARMADAEQN,16.26,16.64,16.64,0.38,2.34,20282,337492,22.59,9.95
SHAHALLOYS,SHAHALLOYSEQN,67.44,69.0,69.0,1.56,2.31,10,690,83.85,53.1
MAGNUM,MAGNUMEQN,19.99,20.45,20.45,0.46,2.3,10,204,30.25,16.25
LOTUSDEV,LOTUSDEVEQN,197.66,202.2,202.2,4.54,2.3,17998,3639195,218.49,102.2
SETL,SETLEQN,278.55,284.95,284.95,6.4,2.3,2005,571324,305.3,104.56
EXXARO,EXXAROEQN,6.11,6.25,6.25,0.14,2.29,76,475,10.33,5.99
TAKE,TAKEEQN,22.36,22.87,22.87,0.51,2.28,2327,53218,50.14,8.88
AHLADA,AHLADAEQN,36.38,37.2,37.2,0.82,2.25,14,520,72.5,31.22
INVPRECQ,INVPRECQBEN,1113.1,1138.0,1138.0,24.9,2.24,1,1138,1152.5,551.0
ESCONET,ESCONETSMN,134.0,136.95,136.95,2.95,2.2,800,109560,280.0,91.25
MODISONLTD,MODISONLTDBEN,281.8,288.0,288.0,6.2,2.2,1209,348192,362.7,114.0
CGRAPHICS,CGRAPHICSSMN,143.65,146.8,146.8,3.15,2.19,800,117440,259.0,122.0
WAAREEINDO,WAAREEINDOEQN,322.0,329.05,329.05,7.05,2.19,390,128329,725.0,282.8
SAMBHV,SAMBHVEQN,119.96,122.57,122.57,2.61,2.18,36910,4524058,141.32,81.42
RKEC,RKECEQN,26.4,26.97,26.97,0.57,2.16,10,269,81.5,23.9
GINNIFILA,GINNIFILABEN,45.86,46.85,46.85,0.99,2.16,200,9370,57.85,31.5
CHEMBONDCH,CHEMBONDCHBEN,225.43,230.3,230.3,4.87,2.16,25,5757,279.8,104.85
COUNCODOS,COUNCODOSEQN,6.02,6.15,6.15,0.13,2.16,102,627,8.89,3.71
JAIBALAJI,JAIBALAJIBEN,60.59,61.9,61.9,1.31,2.16,3315,205198,116.95,53.65
BIOFILCHEM,BIOFILCHEMEQN,33.07,33.78,33.78,0.71,2.15,306,10336,46.34,25.6
KANSAINER,KANSAINEREQN,204.18,208.55,208.55,4.37,2.14,6058,1263395,264.0,157.91
SRTL,SRTLEQN,40.22,41.08,41.08,0.86,2.14,1,41,73.36,38.7
PATILAUTOM,PATILAUTOMSTN,192.9,197.0,197.0,4.1,2.13,600,118200,234.0,112.05
SONAMLTD,SONAMLTDEQN,54.16,55.0,55.0,1.14,2.12,30,1650,63.0,37.4
DPSCLTD,DPSCLTDBEN,7.53,7.69,7.69,0.16,2.12,660,5075,13.31,6.95
ONYX,ONYXSTN,45.05,46.0,46.0,0.95,2.11,2000,92000,53.9,24.2
OSWALAGRO,OSWALAGROEQN,38.49,39.3,39.3,0.81,2.1,300,11790,93.39,33.4
ARVIND,ARVINDEQN,528.95,540.0,540.0,11.05,2.09,16939,9147060,600.0,274.8
COFFEEDAY,COFFEEDAYBEN,32.03,32.7,32.7,0.67,2.09,15902,519995,51.46,21.0
NOVAAGRI,NOVAAGRIBEN,23.0,23.48,23.48,0.48,2.09,96,2254,55.7,18.12
FIBERWEB,FIBERWEBEQN,29.28,29.89,29.89,0.61,2.08,200,5978,52.47,26.85
SSEGL,SSEGLSMN,337.0,344.0,344.0,7.0,2.08,400,137600,580.0,283.0
CORDSCABLE,CORDSCABLEBEN,211.6,216.0,216.0,4.4,2.08,1029,222264,259.4,127.01
KENNAMET,KENNAMETEQN,2907.5,2968.0,2968.0,60.5,2.08,43,127624,3400.3,2405.2
MAJESAUT,MAJESAUTEQN,475.3,485.0,485.0,9.7,2.04,608,294880,484.0,274.0
ALPHAGEO,ALPHAGEOEQN,264.15,269.5,269.5,5.35,2.03,4839,1304110,287.0,164.8
MAHASTEEL,MAHASTEELEQN,1027.1,1048.0,1048.0,20.9,2.03,85,89080,1050.0,312.2
ODIGMA,ODIGMABEN,22.82,23.28,23.28,0.46,2.02,243,5657,56.09,20.0
RHETAN,RHETANEQN,31.12,31.75,31.75,0.63,2.02,154494,4905184,33.01,20.32
AVADHSUGAR,AVADHSUGAREQN,558.7,570.0,570.0,11.3,2.02,8702,4960140,575.0,306.05
SURANAT&P,SURANAT&PEQN,17.89,18.25,18.25,0.36,2.01,100,1825,29.27,15.5
WEL,WELEQN,123.02,125.49,125.49,2.47,2.01,1154,144815,183.53,75.01
REGAAL,REGAALBEN,85.97,87.7,87.7,1.73,2.01,386,33852,145.7,57.27
SHAH,SHAHEQN,4.01,4.09,4.09,0.08,2.0,26878,109931,5.82,3.07
ALICON,ALICONEQN,702.75,716.8,716.8,14.05,2.0,10,7168,1022.0,580.0
ROML,ROMLEQN,45.0,45.9,45.9,0.9,2.0,1,45,62.0,35.11
DREAMFOLKS,DREAMFOLKSEQN,67.48,68.83,68.83,1.35,2.0,85,5850,160.0,56.0
ABMKNO,ABMKNOEQN,198.99,202.95,202.95,3.96,1.99,5,1014,254.9,188.0
RAJRILTD,RAJRILTDBEN,21.22,21.64,21.64,0.42,1.98,432,9348,28.9,19.41
SAIL,SAILEQN,165.0,168.25,168.25,3.25,1.97,90707,15261452,209.7,118.1
CENTEXT,CENTEXTEQN,20.0,20.39,20.39,0.39,1.95,485,9889,34.75,15.67
ZENITHSTL,ZENITHSTLEQN,5.63,5.74,5.74,0.11,1.95,9,51,10.33,4.41
JISLDVREQS,JISLDVREQSEQN,22.53,22.97,22.97,0.44,1.95,1,22,35.48,18.5
ORIENTALTL,ORIENTALTLEQN,5.19,5.29,5.29,0.1,1.93,68,359,11.99,4.4
HALEOSLABS,HALEOSLABSEQN,1589.0,1619.5,1619.5,30.5,1.92,2,3239,1774.0,1067.0
VASCONEQ,VASCONEQBEN,33.26,33.9,33.9,0.64,1.92,904,30645,74.59,26.75
LAMBODHARA,LAMBODHARAEQN,111.3,113.43,113.43,2.13,1.91,1,113,162.0,81.8
VINNY,VINNYEQN,1.05,1.07,1.07,0.02,1.9,100,107,1.53,0.94
GATECHDVR,GATECHDVRBEN,0.53,0.54,0.54,0.01,1.89,600,324,0.67,0.36
MEP,MEPBZN,0.53,0.54,0.54,0.01,1.89,202,109,2.87,0.5
GTL,GTLEQN,7.44,7.58,7.58,0.14,1.88,716,5427,11.26,4.91
NILE,NILEEQN,1958.2,1995.0,1995.0,36.8,1.88,28,55860,2018.9,1605.05
RAMRAT,RAMRATEQN,429.95,438.0,438.0,8.05,1.87,1328,581664,520.0,268.0
PRAJIND,PRAJINDEQN,315.05,320.9,320.9,5.85,1.86,16720,5365448,471.95,273.0
RSSOFTWARE,RSSOFTWAREBEN,30.68,31.25,31.25,0.57,1.86,154,4812,82.0,21.93
GANESHBE,GANESHBEBEN,113.64,115.75,115.75,2.11,1.86,23,2662,129.99,68.4
TEXRAIL,TEXRAILEQN,112.91,115.0,115.0,2.09,1.85,144466,16613590,153.0,78.05
PAYTM,PAYTMEQN,1410.0,1436.0,1436.0,26.0,1.84,139422,200209992,1437.6,930.6
DBOL,DBOLEQN,102.91,104.8,104.8,1.89,1.84,564,59107,130.73,69.0
ACSTECH,ACSTECHEQN,40.21,40.95,40.95,0.74,1.84,262,10728,47.07,31.71
HDIL,HDILBZN,1.65,1.68,1.68,0.03,1.82,8,13,3.36,1.62
VSTL,VSTLEQN,109.81,111.8,111.8,1.99,1.81,45,5031,187.24,100.8
RAJMET,RAJMETEQN,3.31,3.37,3.37,0.06,1.81,1557,5247,5.28,2.72
KDDL,KDDLEQN,3463.2,3526.0,3526.0,62.8,1.81,424,1495024,3495.0,1990.0
VRLLOG,VRLLOGEQN,272.1,277.0,277.0,4.9,1.8,7375,2042875,307.6,225.0
PRITI,PRITIBEN,37.81,38.49,38.49,0.68,1.8,100,3849,104.9,31.5
SCPL,SCPLEQN,638.6,650.0,650.0,11.4,1.79,1211,787150,648.0,190.03
NPST,NPSTEQN,1523.0,1550.0,1550.0,27.0,1.77,29,44950,2388.3,846.6
ASHIMASYN,ASHIMASYNEQN,18.09,18.41,18.41,0.32,1.77,3000,55230,27.83,11.5
BAJAJCON,BAJAJCONEQN,523.8,533.0,533.0,9.2,1.76,4671,2489643,692.0,220.1
CPL,CPLEQN,70.49,71.73,71.73,1.24,1.76,5,358,75.74,68.0
TVTODAY,TVTODAYEQN,115.76,117.79,117.79,2.03,1.75,201,23675,156.48,93.5
ORIANA,ORIANASMN,1474.25,1500.0,1500.0,25.75,1.75,300,450000,3064.0,1342.3
BLISSGVS,BLISSGVSBEN,466.45,474.5,474.5,8.05,1.73,717,340216,553.0,118.0
VISHWARAJ,VISHWARAJEQN,5.24,5.33,5.33,0.09,1.72,193,1028,10.2,4.14
MITCON,MITCONBEN,75.7,77.0,77.0,1.3,1.72,1,77,91.7,49.56
ADVANIHOTR,ADVANIHOTREQN,51.56,52.44,52.44,0.88,1.71,44,2307,68.39,47.0
BHAGYANGR,BHAGYANGRBEN,387.45,394.0,394.0,6.55,1.69,699,275406,432.3,85.62
KHAITANLTD,KHAITANLTDEQN,155.39,158.0,158.0,2.61,1.68,1411,222938,155.4,85.0
GSS,GSSEQN,13.79,14.02,14.02,0.23,1.67,4498,63061,33.97,8.68
SCI,SCIEQN,292.65,297.55,297.55,4.9,1.67,72526,21580111,368.75,195.55
E2E,E2EEQN,543.0,552.0,552.0,9.0,1.66,150598,83130096,567.8,183.36
CANHLIFE,CANHLIFEEQN,150.92,153.41,153.41,2.49,1.65,3505,537702,166.69,106.0
A2ZINFRA,A2ZINFRAEQN,17.1,17.38,17.38,0.28,1.64,3037,52783,22.64,12.0
AFIL,AFILEQN,9.22,9.37,9.37,0.15,1.63,209,1958,11.1,3.92
PRADPME,PRADPMEBEN,509.6,517.9,517.9,8.3,1.63,50,25895,596.0,357.05
RADIANTCMS,RADIANTCMSEQN,36.97,37.57,37.57,0.6,1.62,1891,71044,62.4,32.33
SUNDARAM,SUNDARAMEQN,1.25,1.27,1.27,0.02,1.6,155,196,2.38,1.11
CRIZAC,CRIZACEQN,195.88,199.0,199.0,3.12,1.59,3522,700878,387.95,173.35
3IINFOLTD,3IINFOLTDEQN,24.39,24.77,24.77,0.38,1.56,17855,442268,25.05,12.68
URBANCO,URBANCOEQN,146.19,148.47,148.47,2.28,1.56,235468,34959933,201.18,100.7
MICEL,MICELBEN,38.65,39.25,39.25,0.6,1.55,284,11147,82.97,29.97
ADL,ADLEQN,78.97,80.19,80.19,1.22,1.54,56,4490,109.9,50.26
KAMOPAINTS,KAMOPAINTSEQN,4.56,4.63,4.63,0.07,1.54,1368,6333,10.76,3.6
TIGERLOGS,TIGERLOGSBEN,27.44,27.86,27.86,0.42,1.53,1132,31537,56.69,22.9
SELMC,SELMCEQN,27.47,27.89,27.89,0.42,1.53,148,4127,43.36,26.33
ORIENTPPR,ORIENTPPREQN,19.05,19.34,19.34,0.29,1.52,493,9534,30.89,13.25
DRONE,DRONESMN,39.4,40.0,40.0,0.6,1.52,500,20000,105.8,36.0
IRMENERGY,IRMENERGYEQN,265.0,269.0,269.0,4.0,1.51,499,134231,393.0,165.4
HARDWYN,HARDWYNEQN,11.23,11.4,11.4,0.17,1.51,7249,82638,20.2,7.76
KOTIC,KOTICEQN,155.65,158.0,158.0,2.35,1.51,40,6320,223.7,142.15
KRBL,KRBLEQN,373.7,379.3,379.3,5.6,1.5,2697,1022972,495.0,274.65
SATIN,SATINEQN,230.7,234.16,234.16,3.46,1.5,5511,1290455,274.14,133.01
HARRMALAYA,HARRMALAYAEQN,214.63,217.8,217.8,3.17,1.48,1,217,237.9,153.66
PVP,PVPEQN,27.1,27.5,27.5,0.4,1.48,1510,41525,39.41,18.49
RSDFIN,RSDFINEQN,132.88,134.85,134.85,1.97,1.48,2998,404280,132.88,65.6
SPORTKING,SPORTKINGEQN,229.63,233.0,233.0,3.37,1.47,20012,4662796,241.51,78.17
BTML,BTMLEQN,6.84,6.94,6.94,0.1,1.46,165,1145,10.5,5.06
THOMASCOTT,THOMASCOTTEQN,311.25,315.75,315.75,4.5,1.45,142,44836,459.8,230.0
MWL,MWLEQN,37.9,38.45,38.45,0.55,1.45,1287,49485,41.95,17.01
GVPIL,GVPILEQN,758.0,769.0,769.0,11.0,1.45,11173,8592037,1084.0,270.9
APTUS,APTUSEQN,263.6,267.4,267.4,3.8,1.44,2585,691229,364.0,193.03
GLOBE,GLOBEEQN,2.1,2.13,2.13,0.03,1.43,370,788,3.29,1.86
MEGATHERM,MEGATHERMSMN,205.0,207.9,207.9,2.9,1.41,400,83160,329.5,170.0
PAUSHAKLTD,PAUSHAKLTDEQN,652.8,662.0,662.0,9.2,1.41,194,128428,688.0,342.5
UGROCAP,UGROCAPEQN,97.63,99.0,99.0,1.37,1.4,3115,308385,192.5,80.12
BHANDARI,BHANDARIBEN,2.89,2.93,2.93,0.04,1.38,12,35,4.74,2.0
IRIS,IRISEQN,254.52,258.0,258.0,3.48,1.37,10,2580,388.1,203.0
SSDL,SSDLEQN,54.06,54.8,54.8,0.74,1.37,100,5480,98.0,46.15
BODALCHEM,BODALCHEMBEN,73.97,74.98,74.98,1.01,1.37,267,20019,81.9,42.81
INTELLECT,INTELLECTEQN,748.85,759.0,759.0,10.15,1.36,5192,3940728,1244.6,595.2
CUPID,CUPIDEQN,230.95,234.1,234.1,3.15,1.36,205293,48059091,234.5,30.21
ZEELEARN,ZEELEARNBEN,8.14,8.25,8.25,0.11,1.35,1002,8266,10.89,4.17
SPECIALITY,SPECIALITYEQN,132.12,133.9,133.9,1.78,1.35,110,14729,154.0,82.7
GICL,GICLEQN,17.83,18.07,18.07,0.24,1.35,601,10860,52.4,15.61
ORIENTCER,ORIENTCEREQN,41.0,41.55,41.55,0.55,1.34,10,415,56.64,34.0
NIRAJ,NIRAJBEN,29.08,29.47,29.47,0.39,1.34,2,58,52.0,20.15
GATECH,GATECHEQN,0.75,0.76,0.76,0.01,1.33,3179355,2416309,0.93,0.4
VLSFINANCE,VLSFINANCEEQN,254.65,258.0,258.0,3.35,1.32,1,258,339.0,198.81
GFLLIMITED,GFLLIMITEDEQN,48.26,48.89,48.89,0.63,1.31,202,9875,81.0,37.25
KEC,KECEQN,478.75,485.0,485.0,6.25,1.31,21983,10661755,937.8,460.3
STUDDS,STUDDSEQN,447.95,453.8,453.8,5.85,1.31,154,69885,600.0,427.55
GEMAROMA,GEMAROMAEQN,196.21,198.78,198.78,2.57,1.31,250,49695,349.6,133.0
SIKKO,SIKKOEQN,5.37,5.44,5.44,0.07,1.3,4590,24969,6.83,3.2
ALMONDZ,ALMONDZEQN,13.8,13.98,13.98,0.18,1.3,1000,13980,22.1,10.68
ICEMAKE,ICEMAKEEQN,825.25,836.0,836.0,10.75,1.3,19,15884,920.0,660.3
CAPITALSFB,CAPITALSFBEQN,295.65,299.5,299.5,3.85,1.3,100,29950,326.35,206.55
HONDAPOWER,HONDAPOWEREQN,2096.0,2122.9,2122.9,26.9,1.28,11,23351,3216.0,1816.6
NDL,NDLEQN,2.37,2.4,2.4,0.03,1.27,27423,65815,3.75,1.8
RAJRATAN,RAJRATANEQN,513.5,520.0,520.0,6.5,1.27,865,449800,544.0,305.55
MAXIND,MAXINDEQN,174.64,176.85,176.85,2.21,1.27,1,176,241.57,120.0
CELEBRITY,CELEBRITYEQN,7.11,7.2,7.2,0.09,1.27,555,3996,14.2,5.65
KLBRENG-B,KLBRENG-BEQN,421.6,426.95,426.95,5.35,1.27,127,54222,544.85,417.45
AUTOIND,AUTOINDBEN,88.86,89.99,89.99,1.13,1.27,121,10888,103.5,48.35
GANESHHOU,GANESHHOUEQN,778.15,788.0,788.0,9.85,1.27,105,82740,920.15,500.0
KINGFA,KINGFAEQN,5185.5,5251.0,5251.0,65.5,1.26,1,5251,5699.4,3243.4
VIDHIING,VIDHIINGEQN,340.9,345.2,345.2,4.3,1.26,150,51780,410.0,258.6
CCAVENUE,CCAVENUEEQN,17.43,17.65,17.65,0.22,1.26,147018,2594867,20.5,12.92
BCPL,BCPLEQN,70.41,71.3,71.3,0.89,1.26,2,142,92.0,60.0
VENTIVE,VENTIVEEQN,622.25,630.0,630.0,7.75,1.25,100,63000,793.95,542.6
LANDSMILL,LANDSMILLEQN,0.8,0.81,0.81,0.01,1.25,7614,6167,1.74,0.73
GAYAPROJ,GAYAPROJBEN,19.98,20.23,20.23,0.25,1.25,299,6048,26.0,7.7
ACCURACY,ACCURACYBEN,4.8,4.86,4.86,0.06,1.25,5715,27774,7.88,3.4
ECOSMOBLTY,ECOSMOBLTYBEN,135.2,136.89,136.89,1.69,1.25,20,2737,313.0,103.94
DONEAR,DONEAREQN,84.44,85.49,85.49,1.05,1.24,10,854,116.51,77.6
CHENNPETRO,CHENNPETROEQN,1325.5,1342.0,1342.0,16.5,1.24,12343,16564306,1354.0,620.85
FISCHER,FISCHEREQN,38.67,39.15,39.15,0.48,1.24,2289,89614,124.7,31.05
CREST,CRESTEQN,389.7,394.5,394.5,4.8,1.23,10,3945,418.0,298.15
INDBANK,INDBANKEQN,32.49,32.89,32.89,0.4,1.23,103,3387,47.15,28.25
CEIGALL,CEIGALLEQN,344.75,349.0,349.0,4.25,1.23,1146,399954,405.7,222.61
SINGERIND,SINGERINDEQN,64.9,65.7,65.7,0.8,1.23,3,197,80.0,57.15
BALAMINES,BALAMINESEQN,2025.2,2050.0,2050.0,24.8,1.22,1378,2824900,2443.6,968.1
CONFIPET,CONFIPETEQN,83.77,84.79,84.79,1.02,1.22,13744,1165353,84.4,28.06
NAHARSPING,NAHARSPINGEQN,311.15,314.95,314.95,3.8,1.22,610,192119,313.8,149.2
GEEKAYWIRE,GEEKAYWIREEQN,23.21,23.49,23.49,0.28,1.21,95,2231,40.63,18.51
EIMCOELECO,EIMCOELECOEQN,1837.8,1860.0,1860.0,22.2,1.21,75,139500,2535.9,1405.5
TNTELE,TNTELEEQN,9.11,9.22,9.22,0.11,1.21,55,507,18.5,7.81
EUROPRATIK,EUROPRATIKEQN,301.7,305.35,305.35,3.65,1.21,1081,330083,390.0,205.1
NAVKARCORP,NAVKARCORPEQN,103.26,104.5,104.5,1.24,1.2,7475,781137,132.5,74.05
APEX,APEXEQN,380.4,384.95,384.95,4.55,1.2,500,192475,514.5,208.74
PINELABS,PINELABSEQN,152.17,154.0,154.0,1.83,1.2,191802,29537508,284.0,134.73
HCL-INSYS,HCL-INSYSEQN,11.66,11.8,11.8,0.14,1.2,1014,11965,16.5,9.01
AMBIKCO,AMBIKCOEQN,1778.9,1800.0,1800.0,21.1,1.19,236,424800,1816.3,1101.0
JETFREIGHT,JETFREIGHTEQN,22.67,22.94,22.94,0.27,1.19,1801,41314,25.95,11.9
ANDHRSUGAR,ANDHRSUGAREQN,85.48,86.5,86.5,1.02,1.19,1174,101551,107.23,66.5
RCOM,RCOMBEN,0.84,0.85,0.85,0.01,1.19,35235,29949,1.9,0.75
MEDICO,MEDICOEQN,49.66,50.25,50.25,0.59,1.19,21,1055,56.88,30.22
ATULAUTO,ATULAUTOEQN,563.35,570.0,570.0,6.65,1.18,4462,2543340,573.75,380.05
PREMIERPOL,PREMIERPOLEQN,73.56,74.43,74.43,0.87,1.18,848,63116,85.45,38.0
JLHL,JLHLEQN,319.0,322.75,322.75,3.75,1.18,432,139428,340.0,235.6
VPRPL,VPRPLBEN,28.05,28.38,28.38,0.33,1.18,228,6470,163.37,23.94
EMIL,EMILEQN,131.35,132.9,132.9,1.55,1.18,22331,2967789,168.5,84.9
RAMASTEEL,RAMASTEELBEN,4.22,4.27,4.27,0.05,1.18,25060,107006,11.58,3.43
SPCENET,SPCENETEQN,3.43,3.47,3.47,0.04,1.17,6522,22631,11.24,3.0
FILATEX,FILATEXEQN,76.7,77.6,77.6,0.9,1.17,34176,2652057,79.0,36.26
JMFINANCIL,JMFINANCILEQN,120.89,122.3,122.3,1.41,1.17,14001,1712322,199.8,112.0
RANEHOLDIN,RANEHOLDINEQN,1872.6,1894.5,1894.5,21.9,1.17,121,229234,1888.0,981.0
RML,RMLEQN,1210.8,1224.9,1224.9,14.1,1.16,94,115140,1323.9,608.5
TRIVENI,TRIVENIBEN,232.3,235.0,235.0,2.7,1.16,7343,1725605,490.1,220.05
TURTLEMINT,TURTLEMINTEQN,117.57,118.93,118.93,1.36,1.16,541,64341,154.3,115.21
SAKSOFT,SAKSOFTEQN,176.57,178.6,178.6,2.03,1.15,2029,362379,229.68,107.59
ASHIANA,ASHIANAEQN,385.55,390.0,390.0,4.45,1.15,362,141180,435.9,269.45
ARVSMART,ARVSMARTEQN,600.65,607.55,607.55,6.9,1.15,44,26732,669.0,486.8
PASHUPATI,PASHUPATIEQN,85.32,86.3,86.3,0.98,1.15,546,47119,118.35,66.4
CORONA,CORONAEQN,2105.7,2130.0,2130.0,24.3,1.15,77,164010,2210.0,1336.6
MADHAVIPL,MADHAVIPLEQN,7.85,7.94,7.94,0.09,1.15,13,103,9.9,7.61
VASWANI,VASWANIEQN,51.81,52.4,52.4,0.59,1.14,2,104,69.99,48.58
MOLDTKPAC,MOLDTKPACEQN,675.1,682.8,682.8,7.7,1.14,427,291555,870.5,464.9
AURIONPRO,AURIONPROEQN,739.55,748.0,748.0,8.45,1.14,1091,816068,1507.0,719.6
ZOTA,ZOTAEQN,1265.7,1280.0,1280.0,14.3,1.13,109,139520,1740.0,1026.2
MASFIN,MASFINEQN,317.65,321.2,321.2,3.55,1.12,22,7066,358.85,277.35
ELANTAS,ELANTASEQN,9797.0,9907.0,9907.0,110.0,1.12,9,89163,10965.0,8900.0
THEINVEST,THEINVESTEQN,101.23,102.35,102.35,1.12,1.11,20,2047,167.5,89.0
IGIL,IGILEQN,364.95,369.0,369.0,4.05,1.11,2675,987075,392.0,287.0
RELIABLE,RELIABLEEQN,146.37,148.0,148.0,1.63,1.11,358,52984,175.0,72.04
KRSNAA,KRSNAAEQN,540.8,546.8,546.8,6.0,1.11,700,382760,894.4,515.0
KMSUGAR,KMSUGAREQN,28.19,28.5,28.5,0.31,1.1,20,570,33.73,23.0
BBOX,BBOXEQN,753.7,762.0,762.0,8.3,1.1,1363,1038606,1103.0,435.05
SKMEGGPROD,SKMEGGPRODEQN,242.33,245.0,245.0,2.67,1.1,5678,1391110,372.0,143.1
INVENTURE,INVENTUREEQN,0.91,0.92,0.92,0.01,1.1,11924,10970,1.72,0.81
ELLEN,ELLENEQN,273.05,276.05,276.05,3.0,1.1,813,224428,600.15,175.0
DEEDEV,DEEDEVBEN,692.35,700.0,700.0,7.65,1.1,73,51100,760.0,183.0
YATRA,YATRAEQN,107.63,108.8,108.8,1.17,1.09,5501,598508,202.0,89.9
SUBEXLTD,SUBEXLTDBEN,12.85,12.99,12.99,0.14,1.09,2367,30747,14.58,6.61
NATIONALUM,NATIONALUMEQN,369.0,373.0,373.0,4.0,1.08,180944,67492112,445.15,179.93
IDEAFORGE,IDEAFORGEBEN,887.1,896.7,896.7,9.6,1.08,824,738880,992.25,366.0
GHCLTEXTIL,GHCLTEXTILEQN,114.36,115.59,115.59,1.23,1.08,3104,358791,124.9,65.26
GRMOVER,GRMOVEREQN,94.88,95.9,95.9,1.02,1.08,1362,130615,185.45,81.95
TEXMOPIPES,TEXMOPIPESEQN,42.99,43.45,43.45,0.46,1.07,6,260,62.0,33.0
ASIANENE,ASIANENEEQN,410.65,415.0,415.0,4.35,1.06,2915,1209725,418.0,230.0
STYLEBAAZA,STYLEBAAZABEN,278.05,281.0,281.0,2.95,1.06,125,35125,427.0,229.95
DBL,DBLEQN,444.35,449.0,449.0,4.65,1.05,6072,2726328,585.0,381.55
DPEL,DPELSMN,548.0,553.75,553.75,5.75,1.05,1000,553750,599.0,123.0
ZAGGLE,ZAGGLEEQN,205.85,208.0,208.0,2.15,1.04,2271,472368,417.6,186.05
MANAKSTEEL,MANAKSTEELEQN,75.21,75.99,75.99,0.78,1.04,671,50989,87.13,45.11
SADBHAV,SADBHAVEQN,8.64,8.73,8.73,0.09,1.04,1,8,17.85,6.05
DPABHUSHAN,DPABHUSHANEQN,1420.2,1434.9,1434.9,14.7,1.04,178,255412,1719.9,866.1
APCOTEXIND,APCOTEXINDEQN,617.6,624.0,624.0,6.4,1.04,1176,733824,712.0,310.45
ARSHIYA,ARSHIYABZN,0.96,0.97,0.97,0.01,1.04,81,78,2.89,0.93
BSOFT,BSOFTEQN,321.5,324.8,324.8,3.3,1.03,12532,4070393,474.0,270.2
MADRASFERT,MADRASFERTEQN,66.76,67.45,67.45,0.69,1.03,20,1349,96.39,52.56
AETHER,AETHEREQN,1509.5,1525.0,1525.0,15.5,1.03,2237,3411425,1614.4,726.45
SBCL,SBCLEQN,763.45,771.2,771.2,7.75,1.02,3256,2511027,814.0,368.6
SUZLON,SUZLONEQN,48.1,48.59,48.59,0.49,1.02,280560,13632410,66.81,38.19
GHCL,GHCLEQN,444.1,448.65,448.65,4.55,1.02,305,136838,667.2,416.6
POKARNA,POKARNAEQN,932.45,942.0,942.0,9.55,1.02,12,11304,1146.2,692.6
MUTHOOTCAP,MUTHOOTCAPEQN,237.88,240.3,240.3,2.42,1.02,200,48060,313.0,175.25
ATLANTAELE,ATLANTAELEEQN,1589.8,1606.0,1606.0,16.2,1.02,115,184690,2152.6,707.6
UNIDT,UNIDTBEN,231.63,234.0,234.0,2.37,1.02,305,71370,254.97,146.0
INA,INAEQN,112.75,113.9,113.9,1.15,1.02,2975,338852,161.81,79.75
VGINFOTECH,VGINFOTECHSMN,153.0,154.55,154.55,1.55,1.01,1000,154550,201.8,99.5
HNDFDS,HNDFDSEQN,589.05,595.0,595.0,5.95,1.01,1354,805630,595.0,442.0
SENORES,SENORESEQN,1355.3,1369.0,1369.0,13.7,1.01,1256,1719464,1509.8,632.05
KSHITIJPOL,KSHITIJPOLBEN,2.97,3.0,3.0,0.03,1.01,966,2898,7.2,1.88
TVSHLTD,TVSHLTDEQN,14836.0,14985.0,14985.0,149.0,1.0,12,179820,16297.0,11063.0
INDRAMEDCO,INDRAMEDCOEQN,368.9,372.6,372.6,3.7,1.0,3269,1218029,640.85,342.0
SIRCA,SIRCAEQN,430.7,435.0,435.0,4.3,1.0,723,314505,539.0,385.0
SUNCLAY,SUNCLAYEQN,1253.0,1265.5,1265.5,12.5,1.0,15,18982,2000.0,1112.8
EXIDEIND,EXIDEINDEQN,444.7,449.15,449.15,4.45,1.0,26088,11717425,461.4,287.0
AASTHA,AASTHAEQN,76.12,76.88,76.88,0.76,1.0,3708,285071,140.01,74.4
MANOMAY,MANOMAYEQN,213.3,215.42,215.42,2.12,0.99,21,4523,259.88,154.1
SURANASOL,SURANASOLEQN,26.27,26.53,26.53,0.26,0.99,288,7640,39.08,18.31
UGARSUGAR,UGARSUGAREQN,42.56,42.98,42.98,0.42,0.99,30,1289,48.85,33.75
ASALCBR,ASALCBREQN,777.85,785.55,785.55,7.7,0.99,124,97408,1277.0,660.65
RPGLIFE,RPGLIFEEQN,2756.8,2784.2,2784.2,27.4,0.99,35,97447,3082.0,1733.0
DJML,DJMLEQN,112.58,113.7,113.7,1.12,0.99,3,341,124.8,52.0
NIITMTS,NIITMTSEQN,246.61,249.06,249.06,2.45,0.99,1110,276456,443.9,203.3
MOKSH,MOKSHEQN,10.2,10.3,10.3,0.1,0.98,5,51,16.65,8.11
RATNAVEER,RATNAVEEREQN,205.79,207.79,207.79,2.0,0.97,45462,9446548,212.2,130.5
FERMENTA,FERMENTAEQN,511.7,516.65,516.65,4.95,0.97,1856,958902,520.0,248.85
MAGADSUGAR,MAGADSUGAREQN,534.95,540.1,540.1,5.15,0.96,167,90196,609.95,417.0
AWFIS,AWFISEQN,277.3,279.95,279.95,2.65,0.96,412,115339,639.4,229.05
MAPMYINDIA,MAPMYINDIAEQN,1196.0,1204.0,1204.0,11.5,0.96,719,865676,1998.0,795.0
LUMAXIND,LUMAXINDEQN,5772.5,5828.0,5828.0,55.5,0.96,221,1287988,6934.5,3272.0
OBSCP,OBSCPSMN,696.3,703.0,703.0,6.7,0.96,400,281200,702.0,269.95
ENERGYDEV,ENERGYDEVEQN,16.77,16.93,16.93,0.16,0.95,16,270,29.69,13.15
BANCOINDIA,BANCOINDIAEQN,657.75,664.0,664.0,6.25,0.95,1355,899720,879.8,502.0
UTLSOLAR,UTLSOLAREQN,389.3,393.0,393.0,3.7,0.95,740,290820,402.45,172.0
BAJFINANCE,BAJFINANCEEQN,1153.0,1164.0,1164.0,11.0,0.95,214425,249590700,1176.4,787.9
SIL,SILEQN,16.95,17.11,17.11,0.16,0.94,206,3524,19.99,11.7
RUSHIL,RUSHILEQN,16.99,17.15,17.15,0.16,0.94,511,8763,33.99,12.49
RPTECH,RPTECHEQN,883.65,892.0,892.0,8.35,0.94,3603,3213876,889.0,275.6
BAJAJINDEF,BAJAJINDEFEQN,234.8,237.0,237.0,2.2,0.94,839,198843,449.9,207.25
SESHAPAPER,SESHAPAPEREQN,237.87,240.1,240.1,2.23,0.94,509,122210,293.11,209.96
KNAGRI,KNAGRIEQN,207.06,209.0,209.0,1.94,0.94,200,41800,263.3,148.3
SHARDUL,SHARDULBEN,43.58,43.99,43.99,0.41,0.94,9254,407083,60.0,23.05
DODLA,DODLAEQN,1046.3,1056.0,1056.0,9.7,0.93,4,4224,1500.0,964.1
ARTEMISMED,ARTEMISMEDEQN,302.2,305.0,305.0,2.8,0.93,11671,3559655,308.0,203.35
TARSONS,TARSONSEQN,317.4,320.35,320.35,2.95,0.93,186,59585,379.95,164.45
UNICHEMLAB,UNICHEMLABEQN,505.25,509.95,509.95,4.7,0.93,20,10199,687.2,278.2
MANALIPETC,MANALIPETCEQN,66.64,67.25,67.25,0.61,0.92,2167,145730,77.6,39.13
SAKHTISUG,SAKHTISUGEQN,17.44,17.6,17.6,0.16,0.92,151,2657,24.75,13.52
SIGMA,SIGMAEQN,50.24,50.7,50.7,0.46,0.92,4804,243562,65.5,35.46
GOODYEAR,GOODYEAREQN,857.15,865.0,865.0,7.85,0.92,1489,1287985,862.95,711.25
AARTIDRUGS,AARTIDRUGSEQN,407.25,411.0,411.0,3.75,0.92,269,110559,534.55,318.95
JKLAKSHMI,JKLAKSHMIEQN,568.65,573.85,573.85,5.2,0.91,297,170433,1005.65,549.95
GOYALALUM,GOYALALUMEQN,6.58,6.64,6.64,0.06,0.91,537,3565,11.37,5.34
MONTECARLO,MONTECARLOEQN,533.0,537.8,537.8,4.8,0.9,10,5378,860.95,464.0
VRAJ,VRAJEQN,122.94,124.05,124.05,1.11,0.9,104,12901,172.2,93.0
AMDIND,AMDINDEQN,47.52,47.95,47.95,0.43,0.9,3,143,68.07,33.77
VIKASECO,VIKASECOEQN,1.11,1.12,1.12,0.01,0.9,3307,3703,2.26,0.99
BLS,BLSEQN,250.75,253.0,253.0,2.25,0.9,4794,1212882,414.9,218.9
ADVAIT,ADVAITEQN,2359.2,2380.5,2380.5,21.3,0.9,39,92839,2485.0,1351.0
SPARC,SPARCEQN,207.93,209.79,209.79,1.86,0.89,2108,442237,289.0,108.0
ASAHIINDIA,ASAHIINDIAEQN,897.05,905.0,905.0,7.95,0.89,663,600015,1074.0,775.1
RATEGAIN,RATEGAINEQN,965.4,974.0,974.0,8.6,0.89,2334,2273316,997.25,417.6
TTKPRESTIG,TTKPRESTIGEQN,644.3,650.05,650.05,5.75,0.89,535,347776,771.2,423.0
ABINFRA,ABINFRAEQN,10.06,10.15,10.15,0.09,0.89,13054,132498,23.56,8.82
OILCOUNTUB,OILCOUNTUBBEN,56.49,56.99,56.99,0.5,0.89,20,1139,97.7,35.65
ZEEL,ZEELEQN,98.14,99.0,99.0,0.86,0.88,165574,16391826,124.14,68.0
ALIVUS,ALIVUSEQN,1214.4,1225.0,1225.0,10.6,0.87,663,812175,1225.0,819.0
PAKKA,PAKKAEQN,71.28,71.9,71.9,0.62,0.87,213,15314,197.37,69.1
CENTENKA,CENTENKAEQN,621.6,627.0,627.0,5.4,0.87,495,310365,671.65,371.2
GENSOL,GENSOLBZN,18.31,18.47,18.47,0.16,0.87,27344,505043,46.02,17.44
JYOTISTRUC,JYOTISTRUCEQN,11.6,11.7,11.7,0.1,0.86,55253,646460,17.99,7.94
RHIM,RHIMEQN,412.25,411.1,415.8,3.55,0.86,555,0,535.0,323.05
TCC,TCCEQN,291.5,294.0,294.0,2.5,0.86,26,7644,526.4,260.45
GPTINFRA,GPTINFRAEQN,114.02,114.99,114.99,0.97,0.85,2439,280460,150.0,96.22
VINATIORGA,VINATIORGAEQN,1323.1,1334.3,1334.3,11.2,0.85,212,282871,1849.9,1203.0
THEMISMED,THEMISMEDEQN,107.06,107.96,107.96,0.9,0.84,81,8744,148.0,64.95
DECNGOLD,DECNGOLDEQN,204.28,206.0,206.0,1.72,0.84,11519,2372914,235.0,114.8
PTC,PTCEQN,180.11,181.6,181.6,1.49,0.83,2887,524279,229.51,149.59
OAL,OALEQN,378.85,382.0,382.0,3.15,0.83,500,191000,400.0,228.0
BLUSPRING,BLUSPRINGEQN,114.78,115.73,115.73,0.95,0.83,537,62147,131.82,43.98
ZYDUSWELL,ZYDUSWELLEQN,559.85,564.5,564.5,4.65,0.83,452,255154,611.85,367.55
VIDYAWIRES,VIDYAWIRESEQN,93.23,94.0,94.0,0.77,0.83,4598,432212,117.35,42.51
LGBBROSLTD,LGBBROSLTDEQN,1532.4,1544.9,1544.9,12.5,0.82,287,443386,2048.0,1222.1
PCBL,PCBLEQN,326.8,324.95,324.95,2.65,0.82,3613,1174044,425.95,226.5
OFSS,OFSSEQN,11332.0,11425.0,11425.0,93.0,0.82,611,6980675,11979.0,6234.5
PRIMO,PRIMOEQN,24.3,24.5,24.5,0.2,0.82,65,1592,28.99,16.1
TARAPUR,TARAPUREQN,15.77,15.9,15.9,0.13,0.82,49,779,39.99,15.53
JSWCEMENT,JSWCEMENTEQN,132.9,133.99,133.99,1.09,0.82,1852,248149,162.15,106.65
VERANDA,VERANDAEQN,254.45,256.5,256.5,2.05,0.81,2000,513000,272.5,130.02
JAMNAAUTO,JAMNAAUTOEQN,140.86,142.0,142.0,1.14,0.81,55507,7881994,152.6,87.75
KHAICHEM,KHAICHEMEQN,49.35,49.75,49.75,0.4,0.81,198,9850,135.8,42.92
ANDHRAPAP,ANDHRAPAPEQN,61.99,61.99,61.99,0.5,0.81,868,53807,86.89,58.0
PRICOLLTD,PRICOLLTDEQN,732.85,738.7,738.7,5.85,0.8,4138,3056740,740.0,415.1
KAJARIACER,KAJARIACEREQN,1214.7,1224.4,1224.4,9.7,0.8,466,570570,1321.9,869.6
KIRLPNU,KIRLPNUEQN,1463.3,1475.0,1475.0,11.7,0.8,229,337775,2197.1,990.1
SAKAR,SAKAREQN,922.5,929.9,929.9,7.4,0.8,299,278040,960.0,311.0
ADSL,ADSLEQN,116.94,117.88,117.88,0.94,0.8,4591,541187,209.53,86.27
KRYSTAL,KRYSTALEQN,602.2,607.0,607.0,4.8,0.8,51,30957,729.5,500.0
DCI,DCIEQN,337.2,339.85,339.85,2.65,0.79,2,679,475.0,208.98
VINCOFE,VINCOFEEQN,152.39,153.6,153.6,1.21,0.79,3719,571238,179.85,120.24
KERNEX,KERNEXEQN,2278.0,2296.1,2296.1,18.1,0.79,471,1081463,2445.0,850.0
JAYNECOIND,JAYNECOINDEQN,88.18,88.88,88.88,0.7,0.79,9499,844271,117.0,48.21
APLAPOLLO,APLAPOLLOEQN,1941.5,1956.9,1956.9,15.4,0.79,8729,17081780,2301.4,1549.0
PRAKASH,PRAKASHEQN,125.5,126.49,126.49,0.99,0.79,1114,140909,190.9,110.24
GANDHAR,GANDHAREQN,231.64,233.48,233.48,1.84,0.79,7630,1781452,303.17,115.0
INDUSINVIT,INDUSINVITIVN,131.98,133.01,133.01,1.03,0.78,10845,1442493,134.9,110.0
DCMSHRIRAM,DCMSHRIRAMEQN,1029.8,1037.8,1037.8,8.0,0.78,90,93402,1414.4,945.1
VIMTALABS,VIMTALABSEQN,620.15,625.0,625.0,4.85,0.78,400,250000,902.65,376.05
TCPLPACK,TCPLPACKEQN,3250.8,3250.8,3250.8,25.0,0.78,68,221054,3589.8,2200.0
TIRUMALCHM,TIRUMALCHMEQN,183.12,184.55,184.55,1.43,0.78,1969,363378,328.8,158.0
ARIS,ARISEQN,129.94,130.95,130.95,1.01,0.78,5194,680154,178.3,82.18
KUSUMGAR,KUSUMGAREQN,615.8,620.6,620.6,4.8,0.78,2757,1710994,633.0,548.0
SURAJEST,SURAJESTEQN,201.68,203.23,203.23,1.55,0.77,21,4267,349.35,171.3
GANDHITUBE,GANDHITUBEEQN,881.2,888.0,888.0,6.8,0.77,10,8880,1031.8,649.5
ELECON,ELECONEQN,428.3,431.6,431.6,3.3,0.77,442,190767,634.9,352.0
KNACK,KNACKEQN,197.28,198.79,198.79,1.51,0.77,8915,1772212,220.72,180.33
IGPL,IGPLEQN,496.65,500.45,500.45,3.8,0.77,571,285756,500.0,315.0
NESCO,NESCOEQN,1073.4,1081.7,1081.7,8.3,0.77,28,30287,1638.9,996.0
ORIENTELEC,ORIENTELECEQN,175.55,176.9,176.9,1.35,0.77,1031,182383,219.0,149.05
KPITTECH,KPITTECHEQN,619.25,624.0,624.0,4.75,0.77,6365,3971760,1328.0,543.0
NOCIL,NOCILEQN,174.05,175.39,175.39,1.34,0.77,90750,15916642,204.5,125.31
JKTYRE,JKTYREEQN,410.3,413.45,413.45,3.15,0.77,1999,826486,611.9,311.0
MENNPIS,MENNPISEQN,74.43,75.0,75.0,0.57,0.77,212,15900,81.8,52.35
SHREEPUSHK,SHREEPUSHKEQN,405.85,408.95,408.95,3.1,0.76,4,1635,476.0,272.45
EMUDHRA,EMUDHRAEQN,477.85,481.5,481.5,3.65,0.76,464,223416,795.0,364.55
GTLINFRA,GTLINFRAEQN,1.31,1.32,1.32,0.01,0.76,227514,300318,1.67,0.96
AAVAS,AAVASEQN,1439.0,1450.0,1450.0,11.0,0.76,173,250850,1771.9,1060.4
AJOONI,AJOONIEQN,3.99,4.02,4.02,0.03,0.75,5,20,5.94,3.4
MMP,MMPEQN,294.65,296.85,296.85,2.2,0.75,55,16326,319.98,185.2
CEWATER,CEWATEREQN,285.8,287.95,287.95,2.15,0.75,34,9790,604.8,235.0
TATATECH,TATATECHEQN,763.8,769.5,769.5,5.7,0.75,3394,2611683,784.0,507.4
JAGRAN,JAGRANEQN,62.88,63.35,63.35,0.47,0.75,284,17991,78.9,59.5
NDRAUTO,NDRAUTOEQN,824.65,830.8,830.8,6.15,0.75,8,6646,1186.6,605.05
ALKYLAMINE,ALKYLAMINEEQN,1824.4,1838.0,1838.0,13.6,0.75,86,158068,2340.1,1212.0
CENTRUM,CENTRUMEQN,24.09,24.27,24.27,0.18,0.75,3266,79265,40.49,19.66
MAXESTATES,MAXESTATESEQN,400.35,403.35,403.35,3.0,0.75,1,403,502.15,305.45
RITES,RITESEQN,219.31,220.95,220.95,1.64,0.75,3496,772441,280.9,175.0
SUYOG,SUYOGEQN,865.7,872.15,872.15,6.45,0.75,2,1744,925.0,526.5
TENNIND,TENNINDEQN,544.6,548.7,548.7,4.1,0.75,355,194788,657.0,438.05
PFOCUS,PFOCUSEQN,298.75,300.95,300.95,2.2,0.74,1337,402370,367.0,139.04
PRECWIRE,PRECWIREEQN,379.1,381.9,381.9,2.8,0.74,171,65304,467.5,168.51
TAJGVK,TAJGVKEQN,363.45,366.15,366.15,2.7,0.74,502,183807,512.65,281.35
IGCL,IGCLEQN,75.47,76.03,76.03,0.56,0.74,100,7603,118.99,49.46
GUFICBIO,GUFICBIOEQN,390.5,393.4,393.4,2.9,0.74,16,6294,448.0,268.0
FABTECH,FABTECHEQN,149.77,150.88,150.88,1.11,0.74,75,11316,262.8,132.7
SHINDL,SHINDLEQN,160.36,161.55,161.55,1.19,0.74,15,2423,179.7,130.6
UNIVASTU,UNIVASTUBEN,139.97,141.0,141.0,1.03,0.74,230,32430,141.0,56.02
RIR,RIREQN,159.25,160.43,160.43,1.18,0.74,98,15722,170.5,154.3
COMSYN,COMSYNEQN,208.72,210.24,210.24,1.52,0.73,74,15557,228.0,127.23
AEGISVOPAK,AEGISVOPAKEQN,301.8,304.0,304.0,2.2,0.73,3224,980096,311.49,158.0
CANFINHOME,CANFINHOMEEQN,817.0,823.0,823.0,6.0,0.73,426,350598,971.5,708.6
HEIDELBERG,HEIDELBERGEQN,155.51,156.65,156.65,1.14,0.73,201,31486,224.8,136.1
SUDARCOLOR,SUDARCOLOREQN,369.3,372.0,372.0,2.7,0.73,2,744,608.0,268.25
NACLIND,NACLINDEQN,178.59,179.9,179.9,1.31,0.73,2084,374911,308.9,112.62
WESTLIFE,WESTLIFEEQN,531.2,535.0,535.0,3.8,0.72,162,86670,775.0,398.4
ASTRAL,ASTRALEQN,1435.6,1446.0,1446.0,10.4,0.72,239,345594,1768.7,1263.7
CAMLINFINE,CAMLINFINEEQN,128.47,129.39,129.39,0.92,0.72,107,13844,275.05,96.21
AMRUTANJAN,AMRUTANJANEQN,521.2,524.95,524.95,3.75,0.72,2,1049,790.95,486.0
BETA,BETAEQN,2353.0,2370.0,2370.0,17.0,0.72,19,45030,2674.0,990.1
KISSHT,KISSHTEQN,313.6,315.85,315.85,2.25,0.72,1829,577689,351.5,190.0
LAXMIDENTL,LAXMIDENTLEQN,218.13,219.67,219.67,1.54,0.71,101,22186,428.95,155.88
IVC,IVCEQN,8.45,8.51,8.51,0.06,0.71,12119,103132,9.88,6.02
RISHABH,RISHABHEQN,650.2,654.8,654.8,4.6,0.71,133,87088,692.8,278.0
PANAMAPET,PANAMAPETEQN,460.75,464.0,464.0,3.25,0.71,1863,864432,518.5,229.0
SWSOLAR,SWSOLAREQN,208.41,209.9,209.9,1.49,0.71,3158,662864,286.5,148.0
IONEXCHANG,IONEXCHANGEQN,429.95,433.0,433.0,3.05,0.71,484,209572,486.0,312.7
JUBLPHARMA,JUBLPHARMAEQN,933.15,939.8,939.8,6.65,0.71,192,180441,1184.8,786.05
MKPL,MKPLEQN,4.25,4.28,4.28,0.03,0.71,449,1921,8.85,3.56
STYL,STYLEQN,368.05,370.65,370.65,2.6,0.71,76,28169,437.45,209.11
JSFB,JSFBEQN,584.85,589.0,589.0,4.15,0.71,3858,2272362,593.0,330.0
UNOMINDA,UNOMINDAEQN,1210.0,1218.5,1218.5,8.5,0.7,893,1088120,1382.0,994.0
SUBROS,SUBROSEQN,817.3,823.0,823.0,5.7,0.7,20,16460,1213.7,622.1
BOSCH-HCIL,BOSCH-HCILEQN,1390.2,1400.0,1400.0,9.8,0.7,59,82600,1785.6,1021.3
ELGIRUBCO,ELGIRUBCOEQN,57.41,57.81,57.81,0.4,0.7,21,1214,90.5,32.72
TRAVELFOOD,TRAVELFOODEQN,1344.6,1354.0,1354.0,9.4,0.7,117,158418,1445.0,1008.5
MOBIKWIK,MOBIKWIKEQN,214.77,216.25,216.25,1.48,0.69,31070,6718887,334.0,151.46
ASHAPURMIN,ASHAPURMINEQN,717.85,722.8,722.8,4.95,0.69,538,388866,924.9,455.1
MAHLIFE,MAHLIFEEQN,398.25,401.0,401.0,2.75,0.69,285,114285,427.05,286.8
QPOWER,QPOWERBEN,1158.0,1166.0,1166.0,8.0,0.69,246,286836,1441.0,581.0
CLAYCRAFT,CLAYCRAFTSMN,175.1,176.3,176.3,1.2,0.69,600,105780,224.0,149.0
AIMTRON,AIMTRONSMN,1479.7,1489.8,1489.8,10.1,0.68,200,297960,1493.0,632.6
AVTNPL,AVTNPLEQN,70.71,71.19,71.19,0.48,0.68,230,16373,83.8,53.5
UNIECOM,UNIECOMEQN,86.21,86.8,86.8,0.59,0.68,540,46872,155.8,78.51
SRF,SRFEQN,2645.0,2663.0,2663.0,18.0,0.68,919,2447297,3210.0,2355.0
FCSSOFT,FCSSOFTEQN,1.49,1.5,1.5,0.01,0.67,26552,39828,2.59,1.05
GLAXO,GLAXOEQN,2662.3,2680.2,2680.2,17.9,0.67,1741,4666228,2936.0,2088.1
KIRIINDUS,KIRIINDUSEQN,425.6,428.45,428.45,2.85,0.67,1063,455442,779.0,333.8
KIRLOSBROS,KIRLOSBROSEQN,1859.7,1872.1,1872.1,12.4,0.67,64,119814,2189.2,1335.0
VAKRANGEE,VAKRANGEEEQN,5.99,6.03,6.03,0.04,0.67,910,5487,9.77,4.61
NELCO,NELCOEQN,1000.8,1007.5,1007.5,6.7,0.67,810,816075,1026.0,500.1
VETO,VETOBEN,123.17,124.0,124.0,0.83,0.67,55,6820,153.95,82.32
PTCIL,PTCILEQN,17981.0,18100.0,18100.0,119.0,0.66,44,796400,19851.0,13251.0
GRAVITA,GRAVITAEQN,1663.9,1674.8,1674.8,10.9,0.66,536,897692,1913.6,1266.9
RAYMOND,RAYMONDEQN,602.0,600.05,606.0,4.0,0.66,1512,0,679.0,320.0
JINDALSAW,JINDALSAWEQN,259.3,261.0,261.0,1.7,0.66,2546,664506,278.95,153.0
HEXAGON,HEXAGONBEN,66.35,66.79,66.79,0.44,0.66,1625,108533,78.25,48.1
VIYASH,VIYASHEQN,263.7,263.05,265.45,1.75,0.66,5266,0,298.0,166.0
INDOWIND,INDOWINDBEN,9.12,9.18,9.18,0.06,0.66,86,789,18.94,7.0
KAMAHOLD,KAMAHOLDEQN,2516.4,2532.9,2532.9,16.5,0.66,1,2532,2750.0,2461.0
WABAG,WABAGEQN,2012.0,2025.0,2025.0,13.0,0.65,1516,3069900,2253.5,1033.0
STLNETWORK,STLNETWORKBEN,24.73,24.89,24.89,0.16,0.65,586,14585,35.4,15.75
PILANIINVS,PILANIINVSEQN,4346.8,4375.0,4375.0,28.2,0.65,5,21875,5980.0,4092.2
EXICOM,EXICOMEQN,163.95,165.0,165.0,1.05,0.64,4263,703395,182.9,75.6
DHANUKA,DHANUKAEQN,1023.3,1029.9,1029.9,6.6,0.64,628,646777,1665.0,889.6
LTF,LTFEQN,318.0,320.05,320.05,2.05,0.64,7827,2505031,338.6,194.4
HEMIPROP,HEMIPROPEQN,140.0,140.89,140.89,0.89,0.64,655,92282,190.69,111.2
HILINFRA,HILINFRAEQN,47.0,47.3,47.3,0.3,0.64,70,3311,131.4,40.6
RAIN,RAINEQN,229.53,231.0,231.0,1.47,0.64,21278,4915218,233.37,99.9
UNIVCABLES,UNIVCABLESEQN,1431.8,1441.0,1441.0,9.2,0.64,337,485617,1435.0,576.0
CAPILLARY,CAPILLARYEQN,495.55,498.7,498.7,3.15,0.64,290,144623,798.95,464.25
TEMBO,TEMBOEQN,560.4,564.0,564.0,3.6,0.64,778,438792,837.0,433.35
CMRGREEN,CMRGREENEQN,222.58,224.0,224.0,1.42,0.64,2016,451584,268.96,212.1
RAMCOIND,RAMCOINDEQN,332.15,334.25,334.25,2.1,0.63,128,42784,398.05,230.65
UBL,UBLEQN,1438.4,1447.5,1447.5,9.1,0.63,80,115800,1946.3,1276.0
COHANCE,COHANCEEQN,425.35,428.05,428.05,2.7,0.63,1484,635226,1038.9,266.7
PCJEWELLER,PCJEWELLEREQN,9.64,9.7,9.7,0.06,0.62,884348,8578175,15.95,7.47
PDMJEPAPER,PDMJEPAPEREQN,96.3,96.9,96.9,0.6,0.62,538,52132,148.39,65.0
JKCEMENT,JKCEMENTEQN,5563.5,5598.0,5598.0,34.5,0.62,9,50382,7565.5,4671.5
GRAPHITE,GRAPHITEEQN,657.95,662.0,662.0,4.05,0.62,827,547474,802.4,505.8
PRUDENT,PRUDENTEQN,3359.2,3380.0,3380.0,20.8,0.62,10,33800,3385.1,2121.0
ANUHPHR,ANUHPHREQN,80.41,80.9,80.9,0.49,0.61,800,64720,96.43,67.0
LALPATHLAB,LALPATHLABEQN,1900.4,1911.9,1911.9,11.5,0.61,646,1235087,1941.7,1272.6
AURUM,AURUMEQN,218.62,219.95,219.95,1.33,0.61,104,22874,264.64,151.9
MBAPL,MBAPLEQN,160.01,160.99,160.99,0.98,0.61,868,139739,167.95,74.63
IGARASHI,IGARASHIEQN,467.15,470.0,470.0,2.85,0.61,247,116090,665.0,271.05
SUMICHEM,SUMICHEMEQN,515.85,519.0,519.0,3.15,0.61,902,468138,665.0,362.6
SAKUMA,SAKUMAEQN,1.64,1.65,1.65,0.01,0.61,8008,13213,3.1,1.1
WHIRLPOOL,WHIRLPOOLEQN,824.45,829.4,829.4,4.95,0.6,1435,1190189,1437.0,753.15
MINDACORP,MINDACORPEQN,727.6,732.0,732.0,4.4,0.6,2133,1561356,735.9,445.05
AJANTPHARM,AJANTPHARMEQN,3513.9,3535.0,3535.0,21.1,0.6,354,1251390,3598.8,2329.9
PITTIENG,PITTIENGEQN,928.4,934.0,934.0,5.6,0.6,21,19614,1035.25,675.0
TTML,TTMLEQN,40.21,40.45,40.45,0.24,0.6,8160,330072,60.89,31.22
HARSHA,HARSHAEQN,407.55,410.0,410.0,2.45,0.6,141,57810,469.0,313.3
COROMANDEL,COROMANDELEQN,2115.3,2128.0,2128.0,12.7,0.6,167,355376,2668.3,1706.5
GENUSPOWER,GENUSPOWEREQN,316.0,317.9,317.9,1.9,0.6,2516,799836,394.0,210.4
ARE&M,ARE&MEQN,932.3,937.85,937.85,5.55,0.6,1668,1564333,1057.85,670.0
SDBL,SDBLEQN,71.41,71.84,71.84,0.43,0.6,370,26580,155.74,61.8
ADVENZYMES,ADVENZYMESEQN,323.75,325.7,325.7,1.95,0.6,505,164478,419.0,251.95
MOIL,MOILEQN,282.05,283.7,283.7,1.65,0.59,2810,797197,404.9,242.35
FCL,FCLEQN,39.27,39.5,39.5,0.23,0.59,32440,1281380,47.18,19.1
SARVESHWAR,SARVESHWAREQN,3.38,3.4,3.4,0.02,0.59,895,3043,8.48,2.5
SAFARI,SAFARIEQN,1548.1,1557.3,1557.3,9.2,0.59,70,109011,2507.1,1363.1
IMAGICAA,IMAGICAAEQN,49.09,49.38,49.38,0.29,0.59,102,5036,65.49,36.84
JSL,JSLEQN,731.7,736.05,736.05,4.35,0.59,960,706608,884.0,652.25
TNPL,TNPLEQN,154.88,155.8,155.8,0.92,0.59,109,16982,179.9,121.51
PGHL,PGHLEQN,6501.5,6539.0,6539.0,37.5,0.58,3,19617,6975.0,4707.0
PTL,PTLEQN,39.77,40.0,40.0,0.23,0.58,176,7040,43.77,36.1
JKPAPER,JKPAPEREQN,385.75,388.0,388.0,2.25,0.58,120,46560,444.8,304.85
TITAGARH,TITAGARHEQN,859.05,864.0,864.0,4.95,0.58,1601,1383264,971.0,568.7
KOTHARIPET,KOTHARIPETEQN,147.14,147.99,147.99,0.85,0.58,1689,249955,174.0,94.75
NUVOCO,NUVOCOEQN,350.6,352.65,352.65,2.05,0.58,679,239449,477.5,276.25
TIMKEN,TIMKENEQN,3216.1,3234.6,3234.6,18.5,0.58,55,177903,3925.0,2800.5
INDOTECH,INDOTECHBEN,3470.7,3491.0,3491.0,20.3,0.58,8,27928,3599.0,1100.0
EVERESTIND,EVERESTINDBEN,462.85,465.5,465.5,2.65,0.57,40,18620,750.0,284.9
JPOLYINVST,JPOLYINVSTEQN,1029.2,1035.1,1035.1,5.9,0.57,1,1035,1487.7,716.05
GVPTECH,GVPTECHEQN,7.06,7.1,7.1,0.04,0.57,3258,23131,11.39,5.22
NHPC,NHPCEQN,79.25,79.7,79.7,0.45,0.57,33660,2682702,89.22,71.62
AZAD,AZADEQN,2306.8,2320.0,2320.0,13.2,0.57,1129,2619280,2530.0,1360.0
SIMBHALS,SIMBHALSBZN,6.96,7.0,7.0,0.04,0.57,187,1309,16.09,6.47
CERA,CERAEQN,6280.5,6315.5,6315.5,35.0,0.56,26,164203,6740.0,4461.1
REDINGTON,REDINGTONEQN,347.85,349.8,349.8,1.95,0.56,47544,16630891,357.8,191.31
QUESS,QUESSEQN,345.05,346.95,346.95,1.9,0.55,1876,650878,349.5,166.3
RUSTOMJEE,RUSTOMJEEEQN,396.8,399.0,399.0,2.2,0.55,118,47082,668.0,358.8
RSYSTEMS,RSYSTEMSEQN,273.8,275.3,275.3,1.5,0.55,1200,330360,496.9,213.52
HINDZINC,HINDZINCEQN,547.0,550.0,550.0,3.0,0.55,7656,4210800,733.0,413.85
POLYCAB,POLYCABEQN,9034.0,9084.0,9084.0,50.0,0.55,1014,9211176,10126.0,6620.0
CANTABIL,CANTABILEQN,247.24,248.6,248.6,1.36,0.55,210,52206,321.5,208.5
PRINCEPIPE,PRINCEPIPEEQN,263.4,264.85,264.85,1.45,0.55,428,113355,358.0,205.0
AXITA,AXITAEQN,7.3,7.34,7.34,0.04,0.55,5088,37345,12.2,6.57
BIRLAPREC,BIRLAPRECEQN,34.8,34.99,34.99,0.19,0.55,66,2309,49.99,32.25
BLACKBUCK,BLACKBUCKEQN,551.0,554.0,554.0,3.0,0.54,84,46536,748.0,453.05
KIRLOSIND,KIRLOSINDEQN,3952.6,3974.0,3974.0,21.4,0.54,4,15896,4574.8,2463.0
NCC,NCCEQN,144.42,145.2,145.2,0.78,0.54,7504,1089580,225.95,130.0
GICRE,GICREEQN,358.05,360.0,360.0,1.95,0.54,1684,606240,417.95,346.7
SMSPHARMA,SMSPHARMAEQN,363.55,365.5,365.5,1.95,0.54,235,85892,447.8,207.99
DEN,DENEQN,27.72,27.87,27.87,0.15,0.54,283,7887,38.6,22.52
EIDPARRY,EIDPARRYEQN,780.3,784.5,784.5,4.2,0.54,207,162391,1246.1,698.2
APOLLOTYRE,APOLLOTYREEQN,436.6,438.95,438.95,2.35,0.54,2870,1259786,540.5,365.3
AGARWALEYE,AGARWALEYEEQN,483.3,485.85,485.85,2.55,0.53,108,52471,568.0,401.0
PPLPHARMA,PPLPHARMAEQN,199.28,200.34,200.34,1.06,0.53,12757,2555737,209.44,132.3
GILLETTE,GILLETTEEQN,7719.0,7760.0,7760.0,41.0,0.53,35,271600,11100.0,7206.0
DVL,DVLEQN,245.89,247.2,247.2,1.31,0.53,41,10135,386.0,186.99
MIRZAINT,MIRZAINTEQN,33.72,33.9,33.9,0.18,0.53,213,7220,44.0,24.95
NAVINFLUOR,NAVINFLUOREQN,7555.0,7595.0,7595.0,40.0,0.53,324,2460780,7936.0,4498.5
DIAMINESQ,DIAMINESQEQN,239.73,241.0,241.0,1.27,0.53,12,2892,418.8,208.01
DIFFNKG,DIFFNKGEQN,406.1,408.25,408.25,2.15,0.53,490,200042,436.2,216.8
UCOBANK,UCOBANKEQN,26.31,26.45,26.45,0.14,0.53,35769,946090,34.2,22.22
BORORENEW,BORORENEWEQN,553.95,556.9,556.9,2.95,0.53,487,271210,721.0,374.4
SALSTEEL,SALSTEELEQN,57.69,57.99,57.99,0.3,0.52,525,30444,65.5,14.37
HIRECT,HIRECTEQN,1339.4,1345.0,1345.0,7.0,0.52,263,353735,1399.0,565.2
ALGOQUANT,ALGOQUANTEQN,69.34,69.7,69.7,0.36,0.52,2449,170695,71.01,47.8
ASHIKAG,ASHIKAGEQN,477.5,480.0,480.0,2.5,0.52,100,48000,520.95,339.95
DCXINDIA,DCXINDIAEQN,183.55,184.49,184.49,0.94,0.51,3424,631693,286.0,153.3
CONCOR,CONCOREQN,525.0,526.05,526.05,2.65,0.51,1232,648093,583.25,421.45
BALAJEE,BALAJEEEQN,27.36,27.5,27.5,0.14,0.51,112,3080,59.9,21.1
MCX,MCXEQN,2642.1,2655.7,2655.7,13.6,0.51,4270,11339839,3480.0,1460.8
VMART,VMARTEQN,777.95,781.95,781.95,4.0,0.51,436,340930,888.0,457.9
SIEMENS,SIEMENSEQN,3900.0,3919.6,3919.6,19.6,0.5,1608,6302716,3937.3,2826.0
VOLTAS,VOLTASEQN,1324.8,1331.4,1331.4,6.6,0.5,391,520577,1582.5,1186.8
ACE,ACEEQN,1105.4,1110.9,1110.9,5.5,0.5,3909,4342508,1170.0,745.1
SBICARD,SBICARDEQN,665.05,668.35,668.35,3.3,0.5,689,460493,965.0,565.45
RKFORGE,RKFORGEEQN,681.15,684.55,684.55,3.4,0.5,7695,5267612,684.7,460.15
JINDRILL,JINDRILLEQN,611.15,614.2,614.2,3.05,0.5,534,327982,693.5,440.1
FINOPB,FINOPBEQN,162.25,163.06,163.06,0.81,0.5,588,95879,339.0,110.03
STYLAMIND,STYLAMINDEQN,3453.0,3470.2,3470.2,17.2,0.5,31,107576,4150.0,1594.1
GREENLAM,GREENLAMEQN,251.7,252.95,252.95,1.25,0.5,12,3035,278.63,197.59
CLEAN,CLEANEQN,764.15,768.0,768.0,3.85,0.5,693,532224,1256.8,652.0
RAMCOCEM,RAMCOCEMEQN,945.25,950.0,950.0,4.75,0.5,141,133950,1214.5,838.3
BAJAJHCARE,BAJAJHCAREEQN,340.4,342.1,342.1,1.7,0.5,94,32157,515.9,272.35
BEPL,BEPLEQN,120.72,121.32,121.32,0.6,0.5,6059,735077,138.5,74.2
NETWEB,NETWEBEQN,4586.0,4609.0,4609.0,23.0,0.5,5588,25755092,5244.0,2037.3
APARINDS,APARINDSEQN,14746.0,14820.0,14820.0,74.0,0.5,357,5290740,17157.0,6801.0
OSWALPUMPS,OSWALPUMPSEQN,331.25,332.9,332.9,1.65,0.5,307,102200,888.4,283.1
CLEANMAX,CLEANMAXEQN,1349.5,1356.2,1356.2,6.7,0.5,158,214279,1536.0,727.1
DEVX,DEVXEQN,34.33,34.5,34.5,0.17,0.5,100,3450,64.05,29.95
SHREEJISPG,SHREEJISPGEQN,666.55,669.9,669.9,3.35,0.5,451,302124,673.0,222.0
JINDALPHOT,JINDALPHOTEQN,1064.0,1069.3,1069.3,5.3,0.5,1,1069,1616.6,796.0
EPIGRAL,EPIGRALEQN,1120.7,1126.3,1126.3,5.6,0.5,33,37167,1951.8,807.0
KCPSUGIND,KCPSUGINDEQN,32.59,32.75,32.75,0.16,0.49,95,3111,36.95,21.45
RAJSREESUG,RAJSREESUGEQN,30.39,30.54,30.54,0.15,0.49,1,30,49.7,24.65
REPCOHOME,REPCOHOMEEQN,385.95,387.85,387.85,1.9,0.49,28,10859,455.9,333.6
BAYERCROP,BAYERCROPEQN,4303.3,4324.6,4324.6,21.3,0.49,130,562198,6415.0,4030.0
ACC,ACCEQN,1398.0,1404.9,1404.9,6.9,0.49,627,880872,1987.0,1251.7
BALRAMCHIN,BALRAMCHINEQN,646.8,650.0,650.0,3.2,0.49,13223,8594950,665.5,393.55
CASTROLIND,CASTROLINDEQN,185.84,186.75,186.75,0.91,0.49,3043,568280,224.8,170.1
MPSLTD,MPSLTDEQN,2770.5,2784.2,2784.2,13.7,0.49,66,183757,2800.0,1336.1
JTEKTINDIA,JTEKTINDIAEQN,141.74,142.43,142.43,0.69,0.49,310,44153,188.5,117.01
RACE,RACEEQN,111.79,112.34,112.34,0.55,0.49,4,449,257.5,84.11
TNPETRO,TNPETROEQN,97.85,98.33,98.33,0.48,0.49,105,10324,129.89,78.67
TMB,TMBEQN,861.55,865.8,865.8,4.25,0.49,189,163636,917.0,411.8
VISAKAIND,VISAKAINDEQN,86.99,87.42,87.42,0.43,0.49,1151,100620,91.4,50.2
JINDWORLD,JINDWORLDEQN,40.41,40.61,40.61,0.2,0.49,85126,3456966,42.4,17.85
MEESHO,MEESHOEQN,191.57,192.5,192.5,0.93,0.49,269898,51955365,254.4,125.56
C2C,C2CSMN,268.0,269.3,269.3,1.3,0.49,300,80790,888.0,246.6
PRAVEG,PRAVEGEQN,293.6,295.05,295.05,1.45,0.49,102,30095,325.0,210.4
CLSEL,CLSELEQN,292.3,293.7,293.7,1.4,0.48,409,120123,323.3,203.75
BHARTIARTL,BHARTIARTLEQN,1970.5,1980.0,1980.0,9.5,0.48,282537,559423260,2174.5,1740.5
VBL,VBLEQN,445.0,447.15,447.15,2.15,0.48,8490,3796303,555.8,381.0
TEJASNET,TEJASNETEQN,519.6,522.1,522.1,2.5,0.48,4177,2180811,647.0,294.0
PIIND,PIINDEQN,2793.0,2806.5,2806.5,13.5,0.48,417,1170310,4190.1,2527.0
GODIGIT,GODIGITEQN,262.75,264.0,264.0,1.25,0.48,2408,635712,381.4,244.2
EMBDL,EMBDLEQN,60.79,61.08,61.08,0.29,0.48,4225,258063,105.7,39.46
JINDALPOLY,JINDALPOLYEQN,625.0,628.0,628.0,3.0,0.48,27,16956,1026.45,365.0
VERTOZ,VERTOZBEN,35.61,35.78,35.78,0.17,0.48,250,8945,97.8,27.02
NMDC,NMDCEQN,83.8,84.2,84.2,0.4,0.48,49708,4185413,97.49,68.19
FUSION,FUSIONEQN,210.78,211.8,211.8,1.02,0.48,1546,327442,243.0,136.5
LUXIND,LUXINDEQN,1260.0,1266.0,1266.0,6.0,0.48,25,31650,1823.35,824.05
RBZJEWEL,RBZJEWELEQN,152.54,153.25,153.25,0.71,0.47,400,61300,179.0,100.0
ARKADE,ARKADEEQN,140.65,141.31,141.31,0.66,0.47,1005,142016,194.8,92.62
AIRAN,AIRANEQN,15.03,15.1,15.1,0.07,0.47,542,8184,29.21,12.63
SURYODAY,SURYODAYEQN,163.73,164.5,164.5,0.77,0.47,334,54943,218.0,115.41
DBCORP,DBCORPEQN,210.53,211.51,211.51,0.98,0.47,50,10575,287.9,184.51
VEEDOL,VEEDOLEQN,1412.2,1418.9,1418.9,6.7,0.47,1,1418,2035.0,1238.2
IMFA,IMFAEQN,1492.0,1499.0,1499.0,7.0,0.47,1613,2417887,1679.9,700.05
SERVOTECH,SERVOTECHEQN,85.75,86.15,86.15,0.4,0.47,2119,182551,143.0,57.51
GKENERGY,GKENERGYEQN,131.17,131.79,131.79,0.62,0.47,1122,147868,239.6,87.2
BLACKROSE,BLACKROSEBEN,113.86,114.4,114.4,0.54,0.47,1002,114628,129.9,80.05
KPEL,KPELEQN,316.25,317.7,317.7,1.45,0.46,376,119455,520.0,237.9
SJVN,SJVNEQN,69.42,69.74,69.74,0.32,0.46,7387,515169,101.45,63.02
SPANDANA,SPANDANAEQN,262.4,263.6,263.6,1.2,0.46,435,114666,319.4,181.1
OLAELEC,OLAELECEQN,38.74,38.92,38.92,0.18,0.46,59628,2320721,71.25,22.25
TCIEXP,TCIEXPEQN,557.25,559.8,559.8,2.55,0.46,150,83970,780.0,447.55
ORIENTHOT,ORIENTHOTEQN,135.39,136.01,136.01,0.62,0.46,2029,275964,149.5,80.0
AEROFLEX,AEROFLEXEQN,431.4,433.4,433.4,2.0,0.46,1759,762350,521.9,158.0
SUPRAJIT,SUPRAJITEQN,512.7,515.0,515.0,2.3,0.45,337,173555,526.0,389.95
AJMERA,AJMERAEQN,130.41,131.0,131.0,0.59,0.45,1626,213006,221.4,98.03
NAUKRI,NAUKRIEQN,1268.8,1274.5,1274.5,5.7,0.45,5880,7494060,1437.8,908.3
JTLIND,JTLINDEQN,75.73,76.07,76.07,0.34,0.45,11628,884541,87.2,40.25
SBC,SBCEQN,41.99,42.18,42.18,0.19,0.45,88345,3726392,45.0,15.55
SANGHVIMOV,SANGHVIMOVEQN,437.5,439.45,439.45,1.95,0.45,644,283005,473.0,223.8
IOLCP,IOLCPEQN,151.7,152.39,152.39,0.69,0.45,4317,657867,179.6,67.19
DOLLAR,DOLLAREQN,267.4,268.6,268.6,1.2,0.45,325,87295,396.0,220.5
ACI,ACIEQN,535.6,538.0,538.0,2.4,0.45,332,178616,727.6,483.0
LLOYDSENGG,LLOYDSENGGEQN,91.84,92.25,92.25,0.41,0.45,49283,4546356,95.1,37.4
BANDHANBNK,BANDHANBNKEQN,173.65,174.44,174.44,0.79,0.45,14225,2481409,220.76,134.25
PRITIKAUTO,PRITIKAUTOBEN,17.72,17.8,17.8,0.08,0.45,449,7992,20.99,10.41
PACEDIGITK,PACEDIGITKEQN,201.59,202.5,202.5,0.91,0.45,2881,583402,231.95,139.81
MAHSCOOTER,MAHSCOOTEREQN,13937.0,14000.0,14000.0,63.0,0.45,69,966000,18538.0,10901.0
OMNI,OMNIEQN,602.3,605.0,605.0,2.7,0.45,907,548735,638.5,176.25
NTPCGREEN,NTPCGREENEQN,90.7,91.1,91.1,0.4,0.44,12636,1151139,119.95,84.0
KROSS,KROSSEQN,203.39,204.29,204.29,0.9,0.44,742,151583,237.6,150.52
SANSERA,SANSERAEQN,3452.7,3468.0,3468.0,15.3,0.44,401,1390668,3471.0,1216.3
ESCORTS,ESCORTSEQN,3135.5,3149.4,3149.4,13.9,0.44,1551,4884719,4180.0,2700.0
OIL,OILEQN,452.0,454.0,454.0,2.0,0.44,579,262866,531.0,384.6
SUNDARMFIN,SUNDARMFINEQN,4828.7,4849.9,4849.9,21.2,0.44,359,1741114,5642.0,4000.0
TATAELXSI,TATAELXSIEQN,3761.9,3778.5,3778.5,16.6,0.44,712,2690292,6078.0,3353.9
BLIL,BLILEQN,70.88,71.19,71.19,0.31,0.44,3,213,79.5,67.0
QUICKHEAL,QUICKHEALBEN,159.3,160.0,160.0,0.7,0.44,916,146560,371.4,125.0
BELRISE,BELRISEEQN,241.86,242.9,242.9,1.04,0.43,10733,2607045,252.0,132.5
MAXHEALTH,MAXHEALTHEQN,1100.4,1105.1,1105.1,4.7,0.43,9276,10250907,1301.7,903.0
WEBELSOLAR,WEBELSOLAREQN,97.58,98.0,98.0,0.42,0.43,2909,285082,157.3,50.4
TIINDIA,TIINDIAEQN,2766.0,2778.0,2778.0,12.0,0.43,250,694500,3419.9,2164.9
NAM-INDIA,NAM-INDIAEQN,1165.0,1170.0,1170.0,5.0,0.43,318,372060,1233.5,780.25
BALAJITELE,BALAJITELEEQN,84.54,84.9,84.9,0.36,0.43,5,424,141.32,69.52
HIKAL,HIKALEQN,229.9,230.88,230.88,0.98,0.43,1073,247734,320.0,146.25
MANORAMA,MANORAMAEQN,1633.0,1640.0,1640.0,7.0,0.43,69,113160,1676.7,1060.6
PNB,PNBEQN,113.0,113.49,113.49,0.49,0.43,31714,3599221,135.15,98.5
ZFCVINDIA,ZFCVINDIAEQN,2447.8,2458.3,2458.3,10.5,0.43,89,218788,3044.0,2050.33
MARINE,MARINEEQN,287.75,289.0,289.0,1.25,0.43,1954,564706,297.9,150.86
WPIL,WPILEQN,455.95,457.9,457.9,1.95,0.43,20,9158,510.35,383.55
EPACK,EPACKEQN,229.94,230.9,230.9,0.96,0.42,315,72733,414.9,196.15
ZEEMEDIA,ZEEMEDIAEQN,7.19,7.22,7.22,0.03,0.42,1987,14346,13.26,6.65
SAILIFE,SAILIFEEQN,1333.4,1339.0,1339.0,5.6,0.42,422,565058,1350.0,778.5
BIRLAMONEY,BIRLAMONEYEQN,134.25,134.82,134.82,0.57,0.42,110,14830,197.39,95.0
SINCLAIR,SINCLAIREQN,74.69,75.0,75.0,0.31,0.42,45,3375,114.75,68.82
KFINTECH,KFINTECHEQN,945.0,949.0,949.0,4.0,0.42,1700,1613300,1215.0,784.95
DEVYANI,DEVYANIEQN,116.76,117.25,117.25,0.49,0.42,4980,583905,191.0,91.55
LATENTVIEW,LATENTVIEWEQN,297.85,299.1,299.1,1.25,0.42,2293,685836,517.5,248.0
RIIL,RIILEQN,746.85,750.0,750.0,3.15,0.42,552,414000,964.9,617.35
MHRIL,MHRILEQN,218.96,219.89,219.89,0.93,0.42,567,124677,368.9,207.9
GPPL,GPPLEQN,151.37,152.0,152.0,0.63,0.42,5948,904096,200.09,141.55
FEDFINA,FEDFINAEQN,150.37,151.0,151.0,0.63,0.42,1286,194186,178.48,119.07
TDPOWERSYS,TDPOWERSYSEQN,1112.4,1117.0,1117.0,4.6,0.41,1338,1494546,1379.6,466.25
AHLUCONT,AHLUCONTEQN,833.6,837.0,837.0,3.4,0.41,68,56916,1077.95,645.15
GIPCL,GIPCLEQN,161.48,162.15,162.15,0.67,0.41,6,972,202.05,119.9
HCC,HCCEQN,21.81,21.9,21.9,0.09,0.41,53719,1176446,28.5,13.65
JAYAGROGN,JAYAGROGNEQN,230.95,231.9,231.9,0.95,0.41,12,2782,271.1,147.26
IBULLSLTD,IBULLSLTDBEN,27.09,27.2,27.2,0.11,0.41,11578,314921,32.5,8.9
MENONBE,MENONBEBEN,221.09,222.0,222.0,0.91,0.41,186,41292,231.6,101.5
CARRARO,CARRAROEQN,542.8,544.95,544.95,2.15,0.4,700,381465,667.55,405.0
DCBBANK,DCBBANKEQN,191.09,191.85,191.85,0.76,0.4,2259,433389,205.9,119.51
KARURVYSYA,KARURVYSYAEQN,348.1,349.5,349.5,1.4,0.4,3246,1134477,351.8,201.82
BLUESTARCO,BLUESTARCOEQN,1729.2,1736.1,1736.1,6.9,0.4,388,673606,2040.0,1450.0
TIMETECHNO,TIMETECHNOEQN,210.15,211.0,211.0,0.85,0.4,2932,618652,249.15,154.0
JWL,JWLEQN,264.95,266.0,266.0,1.05,0.4,6382,1697612,372.85,235.65
ADANIGREEN,ADANIGREENEQN,1395.0,1400.6,1400.6,5.6,0.4,3393,4752235,1631.5,765.0
GNRL,GNRLEQN,93.23,93.6,93.6,0.37,0.4,21,1965,120.9,83.2
TIJARIA,TIJARIAEQN,4.98,5.0,5.0,0.02,0.4,25,125,9.05,3.55
3MINDIA,3MINDIAEQN,35955.0,36100.0,36100.0,145.0,0.4,18,649800,38030.0,28730.0
BLBLIMITED,BLBLIMITEDEQN,15.39,15.45,15.45,0.06,0.39,1,15,22.47,12.0
CYIENTDLM,CYIENTDLMEQN,671.7,674.35,674.35,2.65,0.39,1180,795733,734.95,265.2
PARADEEP,PARADEEPEQN,144.92,145.49,145.49,0.57,0.39,15375,2236908,233.8,99.7
HONAUT,HONAUTEQN,38570.0,38720.0,38720.0,150.0,0.39,4,154880,41495.0,26220.0
HGINFRA,HGINFRAEQN,546.85,549.0,549.0,2.15,0.39,295,161955,1049.95,429.5
LANDMARK,LANDMARKEQN,542.9,545.0,545.0,2.1,0.39,174,94830,662.8,339.5
DIGISPICE,DIGISPICEBEN,17.98,18.05,18.05,0.07,0.39,21,379,35.5,14.82
GALLANTT,GALLANTTEQN,627.6,630.0,630.0,2.4,0.38,96,60480,948.0,496.25
ROHLTD,ROHLTDEQN,313.8,315.0,315.0,1.2,0.38,30,9450,593.4,269.4
EKC,EKCEQN,109.78,110.2,110.2,0.42,0.38,561,61822,156.79,90.25
GNFC,GNFCEQN,516.1,518.05,518.05,1.95,0.38,1070,554313,616.0,365.0
MGL,MGLEQN,1115.7,1119.9,1119.9,4.2,0.38,138,154546,1378.0,900.0
JIOFIN,JIOFINEQN,263.0,264.0,264.0,1.0,0.38,142046,37500144,338.6,223.3
HONASA,HONASAEQN,458.2,459.95,459.95,1.75,0.38,636,292528,491.35,248.4
JUNIPER,JUNIPEREQN,197.75,198.5,198.5,0.75,0.38,40,7940,312.5,188.5
3PLAND,3PLANDEQN,31.63,31.75,31.75,0.12,0.38,4,127,52.9,28.51
RAYMONDLSL,RAYMONDLSLEQN,727.3,730.0,730.0,2.7,0.37,252,183960,1350.0,677.0
FIRSTCRY,FIRSTCRYEQN,214.61,215.4,215.4,0.79,0.37,1027,221215,438.7,202.56
JMA,JMAEQN,88.67,89.0,89.0,0.33,0.37,1,89,98.0,70.25
GOCOLORS,GOCOLORSEQN,323.8,325.0,325.0,1.2,0.37,645,209625,760.9,237.05
DATAPATTNS,DATAPATTNSEQN,4428.8,4445.0,4445.0,16.2,0.37,2095,9312275,4955.9,2131.0
JKIL,JKILEQN,485.2,487.0,487.0,1.8,0.37,351,170937,717.8,425.0
BATAINDIA,BATAINDIAEQN,709.65,712.3,712.3,2.65,0.37,409,291330,1282.5,605.0
VENUSREM,VENUSREMBEN,1584.1,1590.0,1590.0,5.9,0.37,19,30210,2044.3,424.0
INDOMIM,INDOMIMEQN,770.15,773.0,773.0,2.85,0.37,13280,10265440,815.9,700.0
SARDAEN,SARDAENEQN,516.2,518.05,518.05,1.85,0.36,382,197895,639.75,453.1
ZYDUSLIFE,ZYDUSLIFEEQN,1121.0,1125.0,1125.0,4.0,0.36,793,892125,1181.5,835.5
GLOBUSSPR,GLOBUSSPREQN,900.85,904.1,904.1,3.25,0.36,60,54246,1271.9,800.05
GLENMARK,GLENMARKEQN,2230.0,2238.0,2238.0,8.0,0.36,882,1973916,2474.0,1792.6
INDIAMART,INDIAMARTEQN,1798.6,1805.0,1805.0,6.4,0.36,37,66785,2685.0,1730.0
BEML,BEMLEQN,1743.7,1750.0,1750.0,6.3,0.36,283,495250,2275.75,1355.0
DEEPAKNTR,DEEPAKNTREQN,1713.8,1720.0,1720.0,6.2,0.36,450,774000,1904.4,1280.0
ANANTAM,ANANTAMIVN,105.02,105.4,105.4,0.38,0.36,20,2108,117.0,100.1
INDGN,INDGNEQN,545.25,547.2,547.2,1.95,0.36,1962,1073606,596.8,414.0
VIKRAN,VIKRANEQN,72.54,72.8,72.8,0.26,0.36,8534,621275,118.4,51.1
INDIGRID,INDIGRIDIVN,178.36,179.0,179.0,0.64,0.36,737,131923,180.9,153.22
WCIL,WCILEQN,90.48,90.8,90.8,0.32,0.35,100,9080,147.29,77.02
MEDANTA,MEDANTAEQN,1444.9,1450.0,1450.0,5.1,0.35,453,656850,1475.8,956.0
UNIPARTS,UNIPARTSEQN,737.45,740.0,740.0,2.55,0.35,293,216820,752.0,335.0
ADFFOODS,ADFFOODSEQN,273.75,274.7,274.7,0.95,0.35,144,39556,346.95,153.1
ASTRAMICRO,ASTRAMICROEQN,1848.8,1855.3,1855.3,6.5,0.35,2229,4135463,1960.0,851.0
DISHTV,DISHTVBEN,2.84,2.85,2.85,0.01,0.35,1558,4440,5.99,1.82
CMPDI,CMPDIEQN,247.49,248.35,248.35,0.86,0.35,4774,1185622,283.69,150.16
HECPROJECT,HECPROJECTEQN,135.49,135.95,135.95,0.46,0.34,10,1359,173.47,92.1
CAPINVIT,CAPINVITIVN,74.58,74.83,74.83,0.25,0.34,1793,134170,81.9,67.0
WINDMACHIN,WINDMACHINEQN,281.05,279.0,282.0,0.95,0.34,4,0,345.45,200.65
RUPA,RUPAEQN,163.63,162.48,164.19,0.56,0.34,503,0,218.0,109.21
HGS,HGSEQN,430.55,432.0,432.0,1.45,0.34,56,24192,610.1,342.05
CHOLAHLDNG,CHOLAHLDNGEQN,1574.6,1580.0,1580.0,5.4,0.34,34,53720,2064.0,1305.0
ATUL,ATULEQN,6777.0,6800.0,6800.0,23.0,0.34,11,74800,7180.0,5560.5
IDBI,IDBIEQN,84.71,85.0,85.0,0.29,0.34,10832,920720,118.38,61.01
JUBLINGREA,JUBLINGREAEQN,757.45,760.0,760.0,2.55,0.34,357,271320,795.0,537.3
AMBER,AMBEREQN,7400.0,7425.5,7425.5,25.5,0.34,92,683146,8974.0,5400.5
SKIPPER,SKIPPEREQN,549.15,551.0,551.0,1.85,0.34,1979,1090429,593.0,327.05
CHAMBLFERT,CHAMBLFERTEQN,455.0,456.55,456.55,1.55,0.34,910,415460,580.7,399.75
RAYMONDREL,RAYMONDRELEQN,669.75,672.0,672.0,2.25,0.34,607,407904,734.9,349.0
AARTIPHARM,AARTIPHARMEQN,675.8,678.0,678.0,2.2,0.33,493,334254,946.1,585.0
KALYANKJIL,KALYANKJILEQN,608.0,610.0,610.0,2.0,0.33,32428,19781080,648.95,327.05
VARDMNPOLY,VARDMNPOLYEQN,6.12,6.14,6.14,0.02,0.33,514,3155,10.56,5.1
MEDIASSIST,MEDIASSISTEQN,361.0,362.2,362.2,1.2,0.33,63,22818,594.1,293.0
63MOONS,63MOONSEQN,897.05,900.0,900.0,2.95,0.33,7264,6537600,1029.9,467.0
ADVANCE,ADVANCEEQN,124.56,124.97,124.97,0.41,0.33,1475,184330,154.0,84.1
POWERMECH,POWERMECHEQN,2593.0,2601.2,2601.2,8.2,0.32,65,169078,3260.0,1717.7
NSIL,NSILEQN,5622.0,5640.0,5640.0,18.0,0.32,5,28200,8730.0,4700.0
BBL,BBLEQN,2564.5,2572.7,2572.7,8.2,0.32,15,38590,3411.0,2051.7
DEEPAKFERT,DEEPAKFERTEQN,1576.0,1581.0,1581.0,5.0,0.32,336,531216,1680.0,866.4
GRWRHITECH,GRWRHITECHEQN,7182.0,7205.0,7205.0,23.0,0.32,70,504350,7249.0,2681.0
VSTIND,VSTINDEQN,219.29,220.0,220.0,0.71,0.32,432,95040,286.78,200.0
BOSCHLTD,BOSCHLTDEQN,41300.0,41160.0,41160.0,130.0,0.32,102,4198320,42985.0,28610.0
BHARATCOAL,BHARATCOALEQN,34.09,34.2,34.2,0.11,0.32,43339,1482193,45.09,29.74
JSWHL,JSWHLEQN,12016.0,12055.0,12055.0,39.0,0.32,47,566585,22790.0,10530.0
JYOTICNC,JYOTICNCEQN,858.3,861.0,861.0,2.7,0.31,2789,2401329,1055.9,580.1
STYRENIX,STYRENIXEQN,2487.3,2495.0,2495.0,7.7,0.31,830,2070850,2931.6,1780.0
SUNFLAG,SUNFLAGEQN,366.85,368.0,368.0,1.15,0.31,155,57040,428.0,192.15
AVANTEL,AVANTELEQN,162.99,163.5,163.5,0.51,0.31,4734,774009,215.0,117.05
SILVERTUC,SILVERTUCEQN,197.38,197.99,197.99,0.61,0.31,1952,386476,216.8,66.19
BIKAJI,BIKAJIEQN,650.0,652.0,652.0,2.0,0.31,81,52812,818.7,592.55
GOCLCORP,GOCLCORPEQN,416.15,417.45,417.45,1.3,0.31,639,266750,459.9,223.35
PURPLEUTED,PURPLEUTEDSTN,321.9,322.9,322.9,1.0,0.31,2000,645800,587.95,244.45
EUREKAFORB,EUREKAFORBEQN,453.65,455.0,455.0,1.35,0.3,123,55965,668.3,403.2
XCHANGING,XCHANGINGEQN,67.65,67.85,67.85,0.2,0.3,266,18048,103.0,47.5
PARKHOTELS,PARKHOTELSEQN,124.53,124.9,124.9,0.37,0.3,775,96797,164.1,95.1
JSWINFRA,JSWINFRAEQN,329.0,330.0,330.0,1.0,0.3,9142,3016860,355.8,233.42
AVANTIFEED,AVANTIFEEDEQN,907.3,910.0,910.0,2.7,0.3,1610,1465100,1593.8,614.25
IRB,IRBEQN,20.18,20.24,20.24,0.06,0.3,68393,1384274,23.95,19.15
ASKAUTOLTD,ASKAUTOLTDEQN,569.65,571.35,571.35,1.7,0.3,1555,888449,578.5,375.3
SOTL,SOTLEQN,630.1,632.0,632.0,1.9,0.3,3831,2421192,666.6,285.8
WHEELS,WHEELSEQN,1415.7,1420.0,1420.0,4.3,0.3,43,61060,1808.0,705.85
CRAFTSMAN,CRAFTSMANEQN,10338.5,10370.0,10370.0,31.5,0.3,169,1752530,10400.0,6255.0
RCF,RCFEQN,127.62,128.0,128.0,0.38,0.3,1737,222336,164.49,106.0
GRAUWEIL,GRAUWEILEQN,78.76,79.0,79.0,0.24,0.3,311,24569,87.4,62.09
VHL,VHLEQN,3425.2,3435.1,3435.1,9.9,0.29,1,3435,4275.0,2870.0
RRKABEL,RRKABELEQN,2631.9,2639.5,2639.5,7.6,0.29,1397,3687381,2775.0,1165.0
NILKAMAL,NILKAMALEQN,1699.9,1704.9,1704.9,5.0,0.29,52,88654,1983.5,1050.5
WALCHANNAG,WALCHANNAGEQN,229.33,230.0,230.0,0.67,0.29,7149,1644270,315.8,131.15
THYROCARE,THYROCAREEQN,592.55,594.25,594.25,1.7,0.29,167,99239,617.45,342.55
TINNARUBR,TINNARUBREQN,1106.8,1110.0,1110.0,3.2,0.29,147,163170,1322.0,527.45
ELECTCAST,ELECTCASTEQN,71.8,72.0,72.0,0.2,0.28,3366,242352,112.1,60.15
ARMANFIN,ARMANFINEQN,1994.3,1999.9,1999.9,5.6,0.28,797,1593920,2069.2,1270.0
RPSGVENT,RPSGVENTEQN,952.3,955.0,955.0,2.7,0.28,5,4775,1179.0,551.9
VTL,VTLEQN,588.35,590.0,590.0,1.65,0.28,1160,684400,688.0,383.7
VEDL,VEDLEQN,267.25,268.0,268.0,0.75,0.28,64844,17378192,795.0,249.7
APOLLO,APOLLOEQN,397.35,398.45,398.45,1.1,0.28,18068,7199194,466.5,168.65
STCINDIA,STCINDIAEQN,119.66,120.0,120.0,0.34,0.28,410,49200,150.7,97.04
CORDELIA,CORDELIAEQN,806.75,809.0,809.0,2.25,0.28,243,196587,925.65,623.1
ENRIN,ENRINEQN,3256.0,3265.0,3265.0,9.0,0.28,1115,3640475,3968.0,2115.0
NIVABUPA,NIVABUPAEQN,86.56,86.79,86.79,0.23,0.27,2987,259241,91.4,67.5
PYRAMID,PYRAMIDEQN,184.97,185.47,185.47,0.5,0.27,3135,581448,198.69,131.8
PERSISTENT,PERSISTENTEQN,5575.0,5590.0,5590.0,15.0,0.27,1985,11096150,6599.0,4244.5
KIOCL,KIOCLEQN,394.9,395.95,395.95,1.05,0.27,3136,1241699,634.55,290.65
NCLIND,NCLINDEQN,182.45,182.95,182.95,0.5,0.27,11,2012,225.0,147.5
IRBINVIT,IRBINVITIVN,63.03,63.2,63.2,0.17,0.27,11402,720606,64.97,57.05
KSHINTL,KSHINTLEQN,878.2,880.6,880.6,2.4,0.27,358,315254,930.0,330.0
KWIL,KWILEQN,33.16,33.25,33.25,0.09,0.27,39943,1328104,39.45,22.24
SCILAL,SCILALEQN,41.89,42.0,42.0,0.11,0.26,571,23982,55.0,34.3
TRENT,TRENTEQN,3050.0,3058.0,3058.0,8.0,0.26,3729,11403282,3782.67,2183.67
PGIL,PGILEQN,2103.4,2108.8,2108.8,5.4,0.26,264,556723,2144.2,1178.1
ASHOKLEY,ASHOKLEYEQN,174.55,175.0,175.0,0.45,0.26,87139,15249325,215.42,114.96
LODHA,LODHAEQN,1239.8,1243.0,1243.0,3.2,0.26,1492,1854556,1344.95,650.8
SVPGLOB,SVPGLOBBEN,3.89,3.9,3.9,0.01,0.26,26,101,6.89,2.18
SHRINGARMS,SHRINGARMSEQN,229.85,230.45,230.45,0.6,0.26,1888,435089,266.5,166.0
PRAKASHSTL,PRAKASHSTLEQN,4.03,4.04,4.04,0.01,0.25,302,1220,6.57,3.84
CCCL,CCCLEQN,15.73,15.77,15.77,0.04,0.25,34,536,28.87,12.76
MAYURUNIQ,MAYURUNIQEQN,783.95,785.9,785.9,1.95,0.25,34,26720,907.0,471.2
AKI,AKIEQN,4.08,4.09,4.09,0.01,0.25,750,3067,11.65,3.8
ONEPOINT,ONEPOINTEQN,56.9,57.04,57.04,0.14,0.25,952,54302,65.85,40.58
SBIN,SBINEQN,1045.0,1047.6,1047.6,2.6,0.25,79370,83148012,1234.7,786.55
CAPACITE,CAPACITEEQN,213.61,214.15,214.15,0.54,0.25,227,48612,334.0,180.0
ADISOFT,ADISOFTSMN,177.7,178.15,178.15,0.45,0.25,800,142520,280.0,170.0
ANTHEM,ANTHEMEQN,829.85,831.9,831.9,2.05,0.25,2345,1950805,873.5,579.15
HAPPSTMNDS,HAPPSTMNDSEQN,384.0,384.95,384.95,0.95,0.25,1926,741413,635.0,330.2
SUVEN,SUVENEQN,307.2,307.95,307.95,0.75,0.24,2412,742775,371.0,124.11
FIEMIND,FIEMINDEQN,2338.4,2344.1,2344.1,5.7,0.24,61,142990,2555.3,1794.0
PREMIERENE,PREMIERENEEQN,1020.7,1023.2,1023.2,2.5,0.24,1300,1330160,1134.0,660.0
MOTILALOFS,MOTILALOFSEQN,867.95,870.0,870.0,2.05,0.24,456,396720,1097.1,614.9
TECHM,TECHMEQN,1649.0,1652.9,1652.9,3.9,0.24,6212,10267814,1854.0,1304.1
SUNTV,SUNTVEQN,503.8,505.0,505.0,1.2,0.24,787,397435,660.7,480.2
TVSSRICHAK,TVSSRICHAKEQN,3987.9,3997.6,3997.6,9.7,0.24,28,111932,4775.8,2780.1
BBTC,BBTCEQN,1537.2,1540.9,1540.9,3.7,0.24,56,86290,2135.0,1314.6
AFFLE,AFFLEEQN,1663.0,1667.0,1667.0,4.0,0.24,419,698473,2185.9,1251.3
LASERPOWER,LASERPOWEREQN,295.1,295.8,295.8,0.7,0.24,3617,1069908,317.0,250.0
UNITEDPOLY,UNITEDPOLYBEN,29.73,29.8,29.8,0.07,0.24,3,89,51.16,20.6
AVROIND,AVROINDEQN,8.77,8.79,8.79,0.02,0.23,584,5133,16.72,8.42
IDEA,IDEAEQN,12.86,12.89,12.89,0.03,0.23,889517,11465874,15.34,6.12
SFL,SFLEQN,790.75,792.55,792.55,1.8,0.23,1482,1174559,828.95,456.8
CGCL,CGCLEQN,227.47,228.0,228.0,0.53,0.23,10008,2281824,264.53,151.1
PARAGMILK,PARAGMILKEQN,225.47,225.99,225.99,0.52,0.23,1707,385764,376.95,177.84
COFORGE,COFORGEEQN,1768.0,1772.0,1772.0,4.0,0.23,4891,8666852,1989.7,1008.1
NITINSPIN,NITINSPINEQN,572.35,573.65,573.65,1.3,0.23,1591,912677,583.9,302.2
SHAKTIPUMP,SHAKTIPUMPEQN,518.8,519.95,519.95,1.15,0.22,1875,974906,915.0,456.35
STARCEMENT,STARCEMENTEQN,203.96,204.4,204.4,0.44,0.22,369,75423,308.95,196.53
KTKBANK,KTKBANKEQN,289.45,290.1,290.1,0.65,0.22,1999,579909,295.4,169.12
BASF,BASFEQN,3729.7,3738.0,3738.0,8.3,0.22,43,160734,4862.8,3122.2
GNA,GNAEQN,537.2,538.4,538.4,1.2,0.22,1651,888898,601.65,291.8
NAHARPOLY,NAHARPOLYEQN,274.9,275.5,275.5,0.6,0.22,3,826,340.3,200.0
AKSHARCHEM,AKSHARCHEMBEN,255.54,256.1,256.1,0.56,0.22,2,512,330.8,141.3
RPOWER,RPOWEREQN,23.87,23.92,23.92,0.05,0.21,84758,2027411,50.85,20.17
HEXT,HEXTEQN,559.85,561.0,561.0,1.15,0.21,1123,630003,829.4,400.2
DDEVPLSTIK,DDEVPLSTIKEQN,288.35,288.95,288.95,0.6,0.21,289,83506,360.0,185.15
JBMA,JBMAEQN,662.6,664.0,664.0,1.4,0.21,799,530536,790.0,477.0
WELENT,WELENTEQN,606.75,608.0,608.0,1.25,0.21,101,61408,634.9,412.0
KELLTONTEC,KELLTONTECEQN,14.27,14.3,14.3,0.03,0.21,5007,71600,29.05,13.0
DHANBANK,DHANBANKEQN,32.73,32.8,32.8,0.07,0.21,1587,52053,36.85,19.45
PIRAMALFIN,PIRAMALFINEQN,2047.8,2052.0,2052.0,4.2,0.21,228,467856,2220.0,1260.0
SANOFI,SANOFIEQN,3381.8,3389.0,3389.0,7.2,0.21,22,74558,5554.0,3054.0
MOLDTECH,MOLDTECHEQN,149.19,149.5,149.5,0.31,0.21,1469,219615,221.0,101.1
UNIONBANK,UNIONBANKEQN,174.0,174.37,174.37,0.37,0.21,14638,2552428,205.49,124.64
GROWW,GROWWEQN,192.6,192.3,193.0,0.4,0.21,92461,0,227.2,112.0
BPL,BPLEQN,54.49,54.6,54.6,0.11,0.2,5,273,91.28,37.61
PLASTIBLEN,PLASTIBLENEQN,190.61,191.0,191.0,0.39,0.2,50,9550,216.29,121.01
ONESOURCE,ONESOURCEEQN,1560.5,1563.6,1563.6,3.1,0.2,841,1314987,1946.1,1057.0
IXIGO,IXIGOEQN,199.6,200.0,200.0,0.4,0.2,1332,266400,339.15,151.27
MUNJALSHOW,MUNJALSHOWEQN,143.47,143.75,143.75,0.28,0.2,6162,885787,150.9,110.3
TATAINVEST,TATAINVESTEQN,676.65,678.0,678.0,1.35,0.2,1243,842754,1184.7,538.85
TATACHEM,TATACHEMEQN,674.65,676.0,676.0,1.35,0.2,1168,789568,1026.65,580.3
BLSE,BLSEEQN,299.8,300.4,300.4,0.6,0.2,2429,729671,307.65,124.3
SYNGENE,SYNGENEEQN,402.2,403.0,403.0,0.8,0.2,1796,723788,709.5,375.25
DATAMATICS,DATAMATICSEQN,824.95,826.6,826.6,1.65,0.2,342,282697,1120.0,632.0
CEMPRO,CEMPROEQN,1363.3,1366.0,1366.0,2.7,0.2,702,958932,1649.2,503.3
NATCOPHARM,NATCOPHARMEQN,929.1,930.95,930.95,1.85,0.2,671,624667,1226.8,789.0
GKSL,GKSLEQN,127.74,128.0,128.0,0.26,0.2,16,2048,148.34,98.36
DMART,DMARTEQN,4015.0,4023.0,4023.0,8.0,0.2,460,1850580,4949.5,3529.0
VIPIND,VIPINDEQN,310.4,311.0,311.0,0.6,0.19,564,175404,466.0,278.25
IKS,IKSEQN,1846.4,1850.0,1850.0,3.6,0.19,54,99900,1933.0,1262.0
CAPLIPOINT,CAPLIPOINTEQN,2566.1,2571.0,2571.0,4.9,0.19,83,213393,2699.0,1500.3
DCAL,DCALEQN,188.05,188.41,188.41,0.36,0.19,588,110785,321.95,128.5
ZENSARTECH,ZENSARTECHEQN,518.0,519.0,519.0,1.0,0.19,3823,1984137,868.95,423.0
KUANTUM,KUANTUMEQN,79.35,79.5,79.5,0.15,0.19,78,6201,129.64,65.01
NFL,NFLEQN,71.84,71.98,71.98,0.14,0.19,2634,189595,102.97,63.35
CEATLTD,CEATLTDEQN,3542.5,3549.4,3549.4,6.9,0.19,162,575002,4438.0,3000.5
IIFL,IIFLEQN,617.85,619.0,619.0,1.15,0.19,2641,1634779,675.0,409.1
HSCL,HSCLEQN,750.65,752.0,752.0,1.35,0.18,4641,3490032,819.5,418.5
CSBBANK,CSBBANKEQN,332.8,333.4,333.4,0.6,0.18,440,146696,574.4,317.35
INDUSTOWER,INDUSTOWEREQN,395.3,396.0,396.0,0.7,0.18,5675,2247300,481.5,312.55
PARACABLES,PARACABLESEQN,66.39,66.51,66.51,0.12,0.18,2355,156631,75.7,28.3
ADANIENSOL,ADANIENSOLEQN,1647.0,1650.0,1650.0,3.0,0.18,1391,2295150,1789.0,744.9
WIPRO,WIPROEQN,188.66,189.0,189.0,0.34,0.18,63036,11913804,273.1,169.0
ANURAS,ANURASEQN,1209.8,1212.0,1212.0,2.2,0.18,707,856884,1415.0,1045.2
TARIL,TARILEQN,295.5,296.0,296.0,0.5,0.17,4666,1381136,578.5,224.05
ITCHOTELS,ITCHOTELSEQN,165.22,165.5,165.5,0.28,0.17,3664,606392,253.67,137.3
TTKHLTCARE,TTKHLTCAREEQN,1049.2,1051.0,1051.0,1.8,0.17,46,48346,1266.0,735.0
PNBHOUSING,PNBHOUSINGEQN,1090.0,1091.9,1091.9,1.9,0.17,622,679161,1132.7,729.6
DCW,DCWEQN,46.73,46.81,46.81,0.08,0.17,1911,89453,81.31,37.11
MAHLOG,MAHLOGEQN,416.3,417.0,417.0,0.7,0.17,104,43368,450.0,275.05
MANAKALUCO,MANAKALUCOEQN,34.5,34.56,34.56,0.06,0.17,107,3697,68.12,21.73
KRISHIVAL,KRISHIVALEQN,389.35,390.0,390.0,0.65,0.17,1,390,483.81,282.3
AROGRANITE,AROGRANITEEQN,25.16,25.2,25.2,0.04,0.16,10,252,45.63,18.67
TECHNOE,TECHNOEEQN,999.4,1000.95,1000.95,1.55,0.16,212,212201,1575.0,870.0
IRFC,IRFCEQN,90.25,90.39,90.39,0.14,0.16,26207,2368850,137.17,86.02
RAMCOSYS,RAMCOSYSEQN,563.95,564.85,564.85,0.9,0.16,1653,933697,967.5,342.1
PGEL,PGELEQN,618.0,619.0,619.0,1.0,0.16,2302,1424938,797.6,436.55
ARVINDFASN,ARVINDFASNEQN,449.15,449.85,449.85,0.7,0.16,54,24291,579.0,366.2
TORNTPHARM,TORNTPHARMEQN,5050.0,5058.0,5058.0,8.0,0.16,923,4668534,5250.0,3480.6
TRACXN,TRACXNEQN,30.44,30.49,30.49,0.05,0.16,35,1067,57.7,25.39
ETERNAL,ETERNALEQN,310.5,311.0,311.0,0.5,0.16,80539,25047629,368.45,212.6
SUDEEPPHRM,SUDEEPPHRMEQN,867.6,869.0,869.0,1.4,0.16,420,364980,913.95,524.05
MANBA,MANBAEQN,137.29,137.5,137.5,0.21,0.15,344,47300,154.0,98.0
UYFINCORP,UYFINCORPEQN,19.76,19.79,19.79,0.03,0.15,1501,29704,19.96,11.16
PSPPROJECT,PSPPROJECTEQN,949.55,951.0,951.0,1.45,0.15,116,110316,1143.0,569.2
EDELWEISS,EDELWEISSEQN,116.33,116.5,116.5,0.17,0.15,2510,292415,133.9,91.78
METROPOLIS,METROPOLISEQN,596.45,597.35,597.35,0.9,0.15,441,263431,609.05,412.25
SKFINDIA,SKFINDIAEQN,1506.5,1508.8,1508.8,2.3,0.15,43,64878,5074.0,1404.0
DYNAMATECH,DYNAMATECHEQN,10763.0,10779.0,10779.0,16.0,0.15,9,97011,12875.0,6320.0
COMFINTE,COMFINTEEQN,6.89,6.9,6.9,0.01,0.15,23792,164164,9.19,5.21
SUDARSCHEM,SUDARSCHEMEQN,1068.3,1069.9,1069.9,1.6,0.15,356,380884,1603.0,726.4
AVALON,AVALONEQN,1751.8,1754.4,1754.4,2.6,0.15,906,1589486,1859.0,777.3
ASHOKA,ASHOKAEQN,121.12,121.3,121.3,0.18,0.15,1764,213973,214.5,101.0
SHRIKRISH,SHRIKRISHEQN,40.06,40.12,40.12,0.06,0.15,4,160,56.0,35.0
COLPAL,COLPALEQN,2077.0,2080.0,2080.0,3.0,0.14,837,1740960,2504.0,1782.0
GREAVESCOT,GREAVESCOTEQN,232.67,233.0,233.0,0.33,0.14,2375,553375,271.9,119.99
GODFRYPHLP,GODFRYPHLPEQN,2247.0,2250.1,2250.1,3.1,0.14,1438,3235643,3947.0,1832.1
MUKANDLTD,MUKANDLTDEQN,143.6,143.8,143.8,0.2,0.14,20,2876,154.25,114.31
AEQUS,AEQUSEQN,233.66,233.99,233.99,0.33,0.14,1858,434753,274.39,113.3
KRISHNADEF,KRISHNADEFEQN,1218.3,1220.0,1220.0,1.7,0.14,453,552660,1400.0,665.0
NOVARTIND,NOVARTINDEQN,1635.7,1638.0,1638.0,2.3,0.14,119,194922,1780.0,950.0
ZODIACLOTH,ZODIACLOTHEQN,76.65,76.75,76.75,0.1,0.13,10,767,119.45,58.5
OMAXE,OMAXEEQN,85.38,85.49,85.49,0.11,0.13,21,1795,101.0,62.5
SHANTIGOLD,SHANTIGOLDEQN,219.61,219.9,219.9,0.29,0.13,552,121384,274.1,155.0
ARIHANTCAP,ARIHANTCAPEQN,77.48,77.58,77.58,0.1,0.13,1420,110163,120.0,56.97
SANSTAR,SANSTAREQN,116.85,117.0,117.0,0.15,0.13,2987,349479,137.49,74.3
PSB,PSBEQN,23.76,23.79,23.79,0.03,0.13,10175,242063,32.46,20.5
AWL,AWLEQN,190.3,190.55,190.55,0.25,0.13,2736,521344,282.9,171.19
INOXWIND,INOXWINDEQN,78.9,79.0,79.0,0.1,0.13,24636,1946244,159.3,73.81
FINPIPE,FINPIPEEQN,165.79,166.0,166.0,0.21,0.13,765,126990,222.5,147.54
SWARAJENG,SWARAJENGEQN,3630.6,3635.5,3635.5,4.9,0.13,15,54532,4545.0,3301.3
ROTO,ROTOEQN,67.48,67.57,67.57,0.09,0.13,232,15676,90.6,47.5
VGUARD,VGUARDEQN,314.7,315.1,315.1,0.4,0.13,1676,528107,392.2,288.8
PWL,PWLEQN,126.03,126.2,126.2,0.17,0.13,4157,524613,161.99,77.72
AXISCADES,AXISCADESEQN,1572.9,1575.0,1575.0,2.1,0.13,53,83475,2211.0,1063.3
MASTERTR,MASTERTREQN,84.85,84.95,84.95,0.1,0.12,1846,156817,169.0,55.6
ADANIPORTS,ADANIPORTSEQN,1701.0,1703.1,1703.1,2.1,0.12,4732,8059069,1891.1,1290.5
JGCHEM,JGCHEMEQN,508.4,509.0,509.0,0.6,0.12,98,49882,532.0,298.4
KPRMILL,KPRMILLEQN,1063.7,1065.0,1065.0,1.3,0.12,984,1047960,1334.0,796.1
SCODATUBES,SCODATUBESEQN,150.82,151.0,151.0,0.18,0.12,499,75349,194.23,110.0
DHAMPURSUG,DHAMPURSUGEQN,143.84,144.0,144.0,0.16,0.11,3783,544752,167.25,110.0
MMFL,MMFLEQN,554.4,555.0,555.0,0.6,0.11,593,329115,565.0,288.1
MEDPLUS,MEDPLUSEQN,696.4,697.15,697.15,0.75,0.11,327,227968,1022.2,653.0
GSFC,GSFCEQN,160.81,160.99,160.99,0.18,0.11,221,35578,220.59,138.83
HINDWAREAP,HINDWAREAPEQN,222.23,222.48,222.48,0.25,0.11,26,5784,392.7,170.5
BECTORFOOD,BECTORFOODEQN,211.27,211.5,211.5,0.23,0.11,1619,342418,310.0,165.0
ADOR,ADOREQN,1503.3,1505.0,1505.0,1.7,0.11,69,103845,1597.0,848.0
KABRAEXTRU,KABRAEXTRUEQN,418.6,419.05,419.05,0.45,0.11,1047,438745,447.95,180.0
OMFREIGHT,OMFREIGHTBEN,88.0,88.1,88.1,0.1,0.11,17,1497,114.33,58.95
VIKRAMSOLR,VIKRAMSOLREQN,177.8,178.0,178.0,0.2,0.11,17581,3129418,407.95,162.1
SMLMAH,SMLMAHEQN,5464.0,5470.0,5470.0,6.0,0.11,190,1039300,5987.9,2719.0
ENGINERSIN,ENGINERSINEQN,226.8,227.05,227.05,0.25,0.11,1754,398245,267.0,163.55
NATHBIOGEN,NATHBIOGENEQN,158.84,159.0,159.0,0.16,0.1,150,23850,204.0,126.15
ICIL,ICILEQN,409.7,410.1,410.1,0.4,0.1,131,53723,463.8,216.9
GMRP&UI,GMRP&UIEQN,97.18,97.28,97.28,0.1,0.1,5218,507607,136.95,89.0
FINCABLES,FINCABLESEQN,998.05,999.0,999.0,0.95,0.1,1309,1307691,1203.9,700.8
CONTROLPR,CONTROLPREQN,571.45,572.0,572.0,0.55,0.1,7,4004,899.0,517.0
POCL,POCLEQN,550.45,551.0,551.0,0.55,0.1,1097,604447,647.6,392.2
BHARATFORG,BHARATFORGEQN,2211.0,2213.2,2213.2,2.2,0.1,438,969381,2238.0,1100.5
SHALBY,SHALBYEQN,163.84,164.0,164.0,0.16,0.1,698,114472,274.7,125.82
BFINVEST,BFINVESTEQN,483.0,483.5,483.5,0.5,0.1,264,127644,584.7,315.0
AMBUJACEM,AMBUJACEMEQN,444.0,444.45,444.45,0.45,0.1,2776,1233793,615.0,394.0
PATELRMART,PATELRMARTEQN,226.78,227.0,227.0,0.22,0.1,142,32234,305.0,150.25
SPECTRUM,SPECTRUMEQN,2547.4,2550.0,2550.0,2.6,0.1,93,237150,2591.0,1050.0
MFSL,MFSLEQN,1542.5,1544.0,1544.0,1.5,0.1,250,386000,1892.5,1433.6
ALPA,ALPAEQN,66.66,66.72,66.72,0.06,0.09,74,4937,101.0,46.1
INDIANB,INDIANBEQN,845.0,845.8,845.8,0.8,0.09,780,659724,1000.9,619.05
ESTER,ESTEREQN,86.67,86.75,86.75,0.08,0.09,100,8675,132.45,68.55
KAMATHOTEL,KAMATHOTELEQN,170.15,170.3,170.3,0.15,0.09,10,1703,329.8,140.2
JINDALSTEL,JINDALSTELEQN,1105.1,1106.1,1106.1,1.0,0.09,1878,2077255,1306.2,943.3
ESABINDIA,ESABINDIAEQN,5614.5,5619.5,5619.5,5.0,0.09,7,39336,7319.5,4710.0
BERGEPAINT,BERGEPAINTEQN,526.55,527.0,527.0,0.45,0.09,772,406844,594.55,391.1
EMAMIPAP,EMAMIPAPBEN,114.9,115.0,115.0,0.1,0.09,435,50025,133.7,55.0
CROMPTON,CROMPTONEQN,266.3,266.5,266.5,0.2,0.08,4334,1155011,337.5,217.4
INTLCONV,INTLCONVEQN,73.77,73.83,73.83,0.06,0.08,220,16242,114.54,60.0
KOKUYOCMLN,KOKUYOCMLNEQN,85.93,86.0,86.0,0.07,0.08,25,2150,128.0,71.05
ORBTEXP,ORBTEXPBEN,243.79,243.99,243.99,0.2,0.08,300,73197,265.0,135.0
HAVELLS,HAVELLSEQN,1285.0,1286.0,1286.0,1.0,0.08,1940,2494840,1621.1,1123.6
STANLEY,STANLEYEQN,155.88,156.0,156.0,0.12,0.08,25,3900,339.35,123.0
WAAREEENER,WAAREEENEREQN,2676.0,2678.0,2678.0,2.0,0.07,2698,7225244,3865.0,2403.0
ASHOKAMET,ASHOKAMETEQN,14.19,14.2,14.2,0.01,0.07,5,71,21.0,12.13
SAMMAANCAP,SAMMAANCAPEQN,161.08,161.19,161.19,0.11,0.07,7220,1163791,192.95,114.1
TRITURBINE,TRITURBINEEQN,611.6,612.0,612.0,0.4,0.07,102,62424,787.6,428.35
STARHEALTH,STARHEALTHEQN,592.6,593.0,593.0,0.4,0.07,277,164261,624.9,416.55
CIEINDIA,CIEINDIAEQN,419.65,419.95,419.95,0.3,0.07,271,113806,526.0,381.1
AWHCL,AWHCLEQN,429.65,429.95,429.95,0.3,0.07,205,88139,635.8,372.5
MBEL,MBELEQN,294.7,294.9,294.9,0.2,0.07,186,54851,535.9,223.05
ELPROINTL,ELPROINTLEQN,178.37,178.5,178.5,0.13,0.07,132,23562,179.0,86.0
GUJENERGY,GUJENERGYEQN,277.55,277.75,277.75,0.2,0.07,3148,874357,452.0,261.25
STAR,STAREQN,1028.5,1029.1,1029.1,0.6,0.06,91,93648,1231.0,768.65
MVGJL,MVGJLEQN,170.7,170.8,170.8,0.1,0.06,14,2391,224.0,129.1
SIYSIL,SIYSILEQN,629.3,629.7,629.7,0.4,0.06,263,165611,848.8,433.35
SJS,SJSEQN,2483.4,2485.0,2485.0,1.6,0.06,527,1309595,2498.9,1131.3
ATGL,ATGLEQN,667.6,668.0,668.0,0.4,0.06,3017,2015356,859.85,462.8
CAMS,CAMSEQN,791.0,791.5,791.5,0.5,0.06,3405,2695057,844.9,611.4
TATACOMM,TATACOMMEQN,1780.1,1781.2,1781.2,1.1,0.06,160,284992,2110.0,1322.5
BOMDYEING,BOMDYEINGEQN,121.92,121.99,121.99,0.07,0.06,1628,198599,195.45,92.0
DIXON,DIXONEQN,13892.0,13900.0,13900.0,8.0,0.06,954,13260600,18471.0,9600.0
ARSSBL,ARSSBLEQN,511.2,511.5,511.5,0.3,0.06,76,38874,794.85,416.0
KMEW,KMEWEQN,2493.5,2494.9,2494.9,1.4,0.06,439,1095261,2737.0,797.5
AMAGI,AMAGIEQN,669.7,670.1,670.1,0.4,0.06,180,120618,690.0,310.2
LINC,LINCEQN,101.64,101.7,101.7,0.06,0.06,100,10170,142.65,85.01
HYUNDAI,HYUNDAIEQN,2207.0,2208.0,2208.0,1.0,0.05,1939,4281312,2890.0,1658.0
SOUTHWEST,SOUTHWESTEQN,240.44,240.56,240.56,0.12,0.05,311,74814,275.0,121.0
RACLGEAR,RACLGEAREQN,1291.3,1292.0,1292.0,0.7,0.05,18,23256,1691.9,805.0
INSECTICID,INSECTICIDEQN,663.6,663.95,663.95,0.35,0.05,45,29877,1080.0,518.6
SSWL,SSWLEQN,317.85,318.0,318.0,0.15,0.05,3575,1136850,328.4,169.0
RELAXO,RELAXOEQN,408.7,408.9,408.9,0.2,0.05,150,61335,526.0,236.5
MANCREDIT,MANCREDITEQN,257.36,257.5,257.5,0.14,0.05,1419,365392,265.0,152.06
MSUMI,MSUMIEQN,41.48,41.5,41.5,0.02,0.05,11420,473930,53.59,35.7
HMAAGRO,HMAAGROEQN,20.89,20.9,20.9,0.01,0.05,387,8088,34.24,20.0
CESC,CESCEQN,165.98,166.07,166.07,0.09,0.05,3930,652655,204.5,138.12
JUSTDIAL,JUSTDIALEQN,710.65,711.0,711.0,0.35,0.05,928,659808,878.6,480.5
NEWGEN,NEWGENEQN,562.75,563.0,563.0,0.25,0.04,3938,2217094,1041.95,401.05
GOPAL,GOPALEQN,278.9,279.0,279.0,0.1,0.04,174,48546,398.0,247.55
GMDCLTD,GMDCLTDEQN,561.0,561.25,561.25,0.25,0.04,2729,1531651,771.9,383.6
HEG,HEGEQN,665.25,665.5,665.5,0.25,0.04,1017,676813,690.0,459.8
INDOCO,INDOCOEQN,221.76,221.85,221.85,0.09,0.04,1,221,332.2,162.19
MAHABANK,MAHABANKEQN,79.57,79.6,79.6,0.03,0.04,11619,924872,94.5,51.71
LUPIN,LUPINEQN,2393.0,2394.0,2394.0,1.0,0.04,1772,4242168,2529.5,1836.8
VENUSPIPES,VENUSPIPESEQN,1564.3,1564.9,1564.9,0.6,0.04,161,251948,1875.0,890.0
EPACKPEB,EPACKPEBEQN,243.95,244.05,244.05,0.1,0.04,1328,324098,344.0,132.17
LUMAXTECH,LUMAXTECHEQN,1625.7,1626.3,1626.3,0.6,0.04,838,1362839,1898.0,954.1
HAWKINCOOK,HAWKINCOOKEQN,8496.5,8500.0,8500.0,3.5,0.04,6,51000,9600.0,7109.0
PREMEXPLN,PREMEXPLNEQN,661.8,662.0,662.0,0.2,0.03,317,209854,829.8,378.4
MSPL,MSPLEQN,35.07,35.08,35.08,0.01,0.03,1066,37395,46.12,26.25
NRBBEARING,NRBBEARINGEQN,433.8,433.95,433.95,0.15,0.03,829,359744,467.6,212.55
RTNINDIA,RTNINDIAEQN,33.11,33.12,33.12,0.01,0.03,13371,442847,64.0,24.4
TFCILTD,TFCILTDEQN,105.62,105.65,105.65,0.03,0.03,46370,4898990,107.25,51.0
STEELCAS,STEELCASEQN,325.9,326.0,326.0,0.1,0.03,428,139528,344.0,176.02
HDFCBANK,HDFCBANKEQN,753.0,753.2,753.2,0.2,0.03,561526,422941383,1020.5,726.65
AGROPHOS,AGROPHOSEQN,29.18,29.19,29.19,0.01,0.03,3,87,47.47,23.9
IOB,IOBEQN,34.1,34.11,34.11,0.01,0.03,26964,919742,41.8,31.2
PGINVIT,PGINVITIVN,97.17,97.2,97.2,0.03,0.03,8959,870814,102.0,86.3
GODREJIND,GODREJINDEQN,1337.1,1337.5,1337.5,0.4,0.03,1069,1429787,1443.0,744.2
TOLINS,TOLINSEQN,103.82,103.85,103.85,0.03,0.03,69,7165,202.0,83.04
VISL,VISLEQN,33.89,33.9,33.9,0.01,0.03,371127,12581205,44.78,19.06
SEDEMAC,SEDEMACEQN,2752.1,2753.0,2753.0,0.9,0.03,524,1442572,2977.7,1413.1
GOLDIAM,GOLDIAMEQN,362.95,363.05,363.05,0.1,0.03,616,223638,393.65,198.75
VAML,VAMLEQN,459.95,460.1,460.1,0.15,0.03,28166,12959176,537.0,423.15
POWERINDIA,POWERINDIAEQN,32000.0,32005.0,32005.0,5.0,0.02,66,2112330,38785.0,16111.0
ANANTRAJ,ANANTRAJEQN,626.15,626.25,626.25,0.1,0.02,5814,3641017,743.65,403.0
SANDHAR,SANDHAREQN,647.95,648.05,648.05,0.1,0.02,570,369388,763.2,405.2
SAGCEM,SAGCEMEQN,172.67,172.7,172.7,0.03,0.02,34,5871,299.4,148.7
EIHOTEL,EIHOTELEQN,330.1,330.15,330.15,0.05,0.02,68,22450,434.8,271.15
CARTRADE,CARTRADEEQN,2803.3,2804.0,2804.0,0.7,0.02,778,2181512,3290.5,1600.0
SUPRIYA,SUPRIYAEQN,879.65,879.8,879.8,0.15,0.02,187,164522,1085.0,545.5
AUROPHARMA,AUROPHARMAEQN,1554.7,1555.0,1555.0,0.3,0.02,634,985870,1636.8,1016.1
LXCHEM,LXCHEMEQN,180.46,180.5,180.5,0.04,0.02,4569,824704,241.0,107.6
MPHASIS,MPHASISEQN,2429.0,2429.4,2429.4,0.4,0.02,665,1615551,3037.2,2013.0
MARKSANS,MARKSANSEQN,262.25,262.3,262.3,0.05,0.02,1379,361711,281.6,155.0
BMWVENTLTD,BMWVENTLTDEQN,57.69,57.7,57.7,0.01,0.02,101,5827,78.0,48.0
SIKA,SIKAEQN,1124.1,1124.3,1124.3,0.2,0.02,39,43847,1359.4,870.1
ALLTIME,ALLTIMEEQN,221.95,222.0,222.0,0.05,0.02,85,18870,334.9,186.0
SWELECTES,SWELECTESEQN,613.5,613.65,613.65,0.15,0.02,36,22091,977.0,483.1
ABDL,ABDLEQN,619.55,619.65,619.65,0.1,0.02,127,78695,711.7,382.1
MUTHOOTFIN,MUTHOOTFINEQN,2890.9,2891.3,2891.3,0.4,0.01,5873,16980604,4149.5,2476.6
SANDUMA,SANDUMAEQN,212.05,212.07,212.07,0.02,0.01,2381,504938,273.0,141.37
MATRIMONY,MATRIMONYEQN,430.95,431.0,431.0,0.05,0.01,1,431,573.0,364.05
CHEMPLASTS,CHEMPLASTSEQN,196.1,196.11,196.11,0.01,0.01,533,104526,460.8,193.11
FORTIS,FORTISEQN,940.0,940.05,940.05,0.05,0.01,975,916548,1104.3,766.8
INTERARCH,INTERARCHEQN,1846.1,1846.2,1846.2,0.1,0.01,52,96002,2762.6,1600.0
HINDALCO,HINDALCOEQN,994.9,995.0,995.0,0.1,0.01,14669,14595655,1176.0,657.5
HPL,HPLEQN,335.95,336.0,336.0,0.05,0.01,593,199248,607.45,255.55
SOMATEX,SOMATEXEQN,95.64,95.65,95.65,0.01,0.01,200,19130,161.25,62.15
RECLTD,RECLTDEQN,368.1,368.15,368.15,0.05,0.01,8635,3178975,397.8,304.05
SHRIPISTON,SHRIPISTONEQN,4524.4,4525.0,4525.0,0.6,0.01,295,1334875,4547.0,2301.2
PFIZER,PFIZEREQN,4914.6,4915.0,4915.0,0.4,0.01,39,191685,5873.5,4360.1
NEPHROPLUS,NEPHROPLUSEQN,688.75,688.8,688.8,0.05,0.01,30,20664,769.75,446.0
VMARCIND,VMARCINDSMN,266.2,266.2,266.2,0.0,0.0,1500,399300,311.9,69.68
SITINET,SITINETBZN,0.31,0.31,0.31,0.0,0.0,8928,2767,0.55,0.28
PARAS,PARASEQN,1292.3,1292.3,1292.3,0.0,0.0,3974,5135600,1443.0,580.5
WOCKPHARMA,WOCKPHARMAEQN,2028.4,2028.4,2028.4,0.0,0.0,1475,2991890,2422.3,1086.7
TOTAL,TOTALEQN,52.05,52.05,52.05,0.0,0.0,6,312,87.89,45.0
KRITIKA,KRITIKAEQN,6.01,6.01,6.01,0.0,0.0,1351,8119,11.1,4.5
AVL,AVLEQN,623.65,623.65,623.65,0.0,0.0,661,412232,705.0,379.0
ORIENTTECH,ORIENTTECHEQN,261.5,261.5,261.5,0.0,0.0,290,75835,466.73,220.8
RPPINFRA,RPPINFRAEQN,59.93,59.93,59.93,0.0,0.0,171,10248,169.9,55.04
DRCSYSTEMS,DRCSYSTEMSEQN,13.57,13.57,13.57,0.0,0.0,35,474,23.68,11.5
EIEL,EIELEQN,222.64,222.64,222.64,0.0,0.0,4891,1088932,276.1,134.71
MOTISONS,MOTISONSEQN,14.25,14.25,14.25,0.0,0.0,8747,124644,21.36,10.62
ANTGRAPHIC,ANTGRAPHICEQN,0.75,0.75,0.75,0.0,0.0,3227,2420,1.25,0.64
GMRAIRPORT,GMRAIRPORTEQN,105.55,105.55,105.55,0.0,0.0,5331,562687,115.64,84.11
MHLXMIRU,MHLXMIRUEQN,148.33,148.33,148.33,0.0,0.0,300,44499,244.65,105.53
SRD,SRDEQN,39.21,39.21,39.21,0.0,0.0,102,3999,91.0,37.0
INTENTECH,INTENTECHEQN,83.07,83.07,83.07,0.0,0.0,1,83,149.9,66.3
CYBERMEDIA,CYBERMEDIABEN,16.19,16.19,16.19,0.0,0.0,2,32,22.81,11.3
VMM,VMMEQN,111.2,111.2,111.2,0.0,0.0,27953,3108373,157.6,98.77
REFEX,REFEXEQN,306.8,306.8,306.8,0.0,0.0,667,204635,442.0,188.0
NIBE,NIBEEQN,1364.4,1364.4,1364.4,0.0,0.0,79,107787,1848.0,809.6
SKYGOLD,SKYGOLDEQN,691.85,691.85,691.85,0.0,0.0,5272,3647433,700.0,246.05
SONACOMS,SONACOMSEQN,785.0,785.0,785.0,0.0,0.0,4045,3175325,785.0,402.3
SHYAMMETL,SHYAMMETLEQN,1025.1,1025.1,1025.1,0.0,0.0,189,193743,1090.0,746.0
SHARDACROP,SHARDACROPEQN,826.15,826.15,826.15,0.0,0.0,502,414727,1297.0,755.55
BHARATRAS,BHARATRASEQN,1337.2,1337.2,1337.2,0.0,0.0,21,28081,3000.0,1203.0
ARROWGREEN,ARROWGREENBEN,727.5,727.5,727.5,0.0,0.0,1,727,801.0,341.95
LYKALABS,LYKALABSBEN,63.84,63.84,63.84,0.0,0.0,2,127,112.0,44.1
DOLATALGO,DOLATALGOEQN,67.56,67.56,67.56,0.0,0.0,1190,80396,95.76,65.0
SATIA,SATIAEQN,62.5,62.5,62.5,0.0,0.0,1453,90812,90.7,50.8
MITTAL,MITTALEQN,0.91,0.91,0.91,0.0,0.0,4229,3848,1.82,0.7
YATHARTH,YATHARTHEQN,833.95,833.95,833.95,0.0,0.0,576,480355,889.9,538.25
HINDPETRO,HINDPETROEQN,395.0,395.0,395.0,0.0,0.0,40037,15814615,508.45,316.2
ITI,ITIEQN,282.15,282.15,282.15,0.0,0.0,185,52197,372.85,237.0
CHOLAFIN,CHOLAFINEQN,1888.2,1888.2,1888.2,0.0,0.0,3682,6952352,1913.0,1299.4
BBTCL,BBTCLEQN,222.48,222.48,222.48,0.0,0.0,30,6674,251.0,156.0
EXPLEOSOL,EXPLEOSOLEQN,805.15,805.15,805.15,0.0,0.0,131,105474,1182.9,640.0
PAGEIND,PAGEINDEQN,40200.0,40200.0,40200.0,0.0,0.0,13,522600,47310.0,29805.0
CROWN,CROWNEQN,115.11,115.11,115.11,0.0,0.0,1,115,191.0,100.62
GVT&D,GVT&DEQN,4370.0,4370.0,4370.0,0.0,0.0,534,2333580,5650.0,2523.2
5PAISA,5PAISAEQN,353.25,353.25,353.25,0.0,0.0,72,25434,400.0,245.5
ARENTERP,ARENTERPEQN,38.96,38.96,38.96,0.0,0.0,15,584,60.79,30.01
SHOPERSTOP,SHOPERSTOPEQN,403.35,403.35,403.35,0.0,0.0,106,42755,572.0,275.95
YESBANK,YESBANKEQN,23.0,23.0,23.0,0.0,0.0,243805,5607515,25.78,17.2
BAJAJELEC,BAJAJELECEQN,337.65,337.65,337.65,0.0,0.0,766,258639,653.8,301.0
TI,TIEQN,465.8,465.8,465.8,0.0,0.0,672,313017,549.7,381.55
BAGFILMS,BAGFILMSEQN,4.45,4.45,4.45,0.0,0.0,90,400,8.0,3.61
VSTTILLERS,VSTTILLERSEQN,4472.8,4472.8,4472.8,0.0,0.0,101,451752,6374.0,4275.0
AARTIIND,AARTIINDEQN,486.8,486.8,486.8,0.0,0.0,1134,552031,523.1,338.05
BLAL,BLALEQN,174.62,174.62,174.62,0.0,0.0,13,2270,233.8,155.5
FSL,FSLEQN,324.35,324.35,324.35,0.0,0.0,16284,5281715,381.4,202.0
ICICIGI,ICICIGIEQN,1675.0,1675.0,1675.0,0.0,0.0,684,1145700,2064.9,1544.6
DAVANGERE,DAVANGEREEQN,3.18,3.18,3.18,0.0,0.0,11046,35126,5.5,3.03
SHANKARA,SHANKARAEQN,141.92,141.92,141.92,0.0,0.0,931,132127,1205.0,98.25
PFS,PFSEQN,28.41,28.41,28.41,0.0,0.0,753,21392,40.69,23.85
360ONE,360ONEEQN,1147.8,1147.8,1147.8,0.0,0.0,404,463711,1236.2,906.05
GVKPIL,GVKPILBEN,2.39,2.39,2.39,0.0,0.0,3392,8106,4.06,2.32
NH,NHEQN,1919.7,1919.7,1919.7,0.0,0.0,1831,3514970,2093.3,1589.0
MANINDS,MANINDSEQN,548.6,548.6,548.6,0.0,0.0,380,208468,623.7,302.05
KAYNES,KAYNESEQN,3805.0,3805.0,3805.0,0.0,0.0,1747,6647335,7705.0,2995.0
KALAMANDIR,KALAMANDIREQN,90.03,90.03,90.03,0.0,0.0,1244,111997,223.03,86.2
MANAPPURAM,MANAPPURAMEQN,365.0,365.0,365.0,0.0,0.0,3707,1353055,381.55,245.15
STEELXIND,STEELXINDEQN,11.4,11.4,11.4,0.0,0.0,3634,41427,13.95,7.0
SALZERELEC,SALZERELECEQN,591.3,591.3,591.3,0.0,0.0,19,11234,964.7,488.8
CENTRALBK,CENTRALBKEQN,31.46,31.46,31.46,0.0,0.0,23289,732671,40.92,29.32
CENTUM,CENTUMEQN,3676.5,3676.5,3676.5,0.0,0.0,52,191178,3916.0,2044.2
EMAMILTD,EMAMILTDEQN,406.0,406.0,406.0,0.0,0.0,646,262276,634.2,376.4
EMCURE,EMCUREEQN,1969.7,1969.7,1969.7,0.0,0.0,130,256061,1999.0,1260.0
RBLBANK,RBLBANKEQN,379.95,379.95,379.95,0.0,0.0,2965,1126551,383.45,243.25
SIGNATURE,SIGNATUREEQN,833.65,833.65,833.65,0.0,0.0,23,19173,1161.0,705.2
BIRLACORPN,BIRLACORPNEQN,906.1,906.1,906.1,0.0,0.0,98,88797,1346.1,769.6
BAJAJHIND,BAJAJHINDEQN,17.52,17.52,17.52,0.0,0.0,30411,532800,23.65,14.85
SURYAROSNI,SURYAROSNIEQN,237.32,237.32,237.32,0.0,0.0,502,119134,328.5,187.35
TAC,TACSMN,521.4,521.4,521.4,0.0,0.0,200,104280,899.65,347.4
DELTACORP,DELTACORPEQN,63.4,63.4,63.4,0.0,0.0,8661,549107,98.8,48.3
SOLARINDS,SOLARINDSEQN,18659.0,18659.0,18659.0,0.0,0.0,101,1884559,19187.0,11646.0
IFGLEXPOR,IFGLEXPOREQN,207.35,207.35,207.35,0.0,0.0,76,15758,338.0,119.68
ROLEXRINGS,ROLEXRINGSEQN,139.1,139.1,139.1,0.0,0.0,3117,433574,176.0,99.79
SOUTHBANK,SOUTHBANKEQN,47.07,47.07,47.07,0.0,0.0,24939,1173878,49.9,28.11
COASTCORP,COASTCORPEQN,51.04,51.04,51.04,0.0,0.0,1433,73140,66.7,30.01
GOODLUCK,GOODLUCKEQN,1507.2,1507.2,1507.2,0.0,0.0,83,125097,1672.1,915.0
INDUSINDBK,INDUSINDBKEQN,1028.9,1028.9,1028.9,0.0,0.0,4008,4123831,1077.85,710.6
NIPPOBATRY,NIPPOBATRYEQN,327.15,327.15,327.15,0.0,0.0,1,327,505.9,257.0
NIACL,NIACLEQN,175.46,175.46,175.46,0.0,0.0,1619,284069,218.0,116.97
BHARTIHEXA,BHARTIHEXAEQN,1645.8,1645.8,1645.8,0.0,0.0,41,67477,1955.6,1430.0
MRF,MRFEQN,133730.0,133730.0,133730.0,0.0,0.0,22,2942060,163600.0,122000.0
J&KBANK,J&KBANKEQN,156.12,156.12,156.12,0.0,0.0,6571,1025864,201.75,97.35
INDOAMIN,INDOAMINBEN,126.24,126.24,126.24,0.0,0.0,1050,132552,167.9,81.9
GATEWAY,GATEWAYEQN,58.14,58.14,58.14,0.0,0.0,286,16628,70.5,48.1
PIXTRANS,PIXTRANSEQN,1701.1,1701.1,1701.1,0.0,0.0,14,23815,1937.9,1220.1
AARVI,AARVIEQN,155.21,155.21,155.21,0.0,0.0,33,5121,168.4,96.99
FLFL,FLFLBZN,1.24,1.24,1.24,0.0,0.0,186,230,1.99,1.11
MAZDOCK,MAZDOCKEQN,2390.0,2390.0,2390.0,0.0,0.0,1855,4433450,3061.4,2057.4
UTIAMC,UTIAMCEQN,915.75,915.75,915.75,0.0,0.0,288,263736,1418.0,876.0
BANSALWIRE,BANSALWIREEQN,318.5,318.5,318.5,0.0,0.0,297,94594,394.3,222.5
INDIGOPNTS,INDIGOPNTSEQN,1087.4,1087.4,1087.4,0.0,0.0,100,108740,1345.9,708.05
SEYAIND,SEYAINDBEN,12.25,12.25,12.25,0.0,0.0,45,551,23.99,8.54
MONARCH,MONARCHEQN,384.55,384.55,384.55,0.0,0.0,123,47299,403.8,235.45
SHRIRAMPPS,SHRIRAMPPSEQN,85.65,85.65,85.65,0.0,0.0,1106,94728,99.44,60.57
ABBOTINDIA,ABBOTINDIAEQN,27895.0,27895.0,27895.0,0.0,0.0,5,139475,34220.0,25150.0
RATNAMANI,RATNAMANIEQN,2371.8,2371.8,2371.8,0.0,0.0,38,90128,3345.0,1936.5
ABB,ABBEQN,7601.0,7601.0,7601.0,0.0,0.0,906,6886506,7924.5,4637.5
RALLIS,RALLISEQN,217.82,217.82,217.82,0.0,0.0,1802,392511,385.8,214.85
INOXGREEN,INOXGREENBEN,174.32,174.32,174.32,0.0,0.0,875,152530,279.0,132.58
DCMSRIND,DCMSRINDEQN,41.56,41.56,41.56,0.0,0.0,40,1662,181.9,31.9
NLCINDIA,NLCINDIAEQN,298.05,298.05,298.05,0.0,0.0,5476,1632121,387.8,222.0
CMSINFO,CMSINFOEQN,275.4,275.4,275.4,0.0,0.0,693,190852,454.5,255.15
HINDCON,HINDCONEQN,23.15,23.15,23.15,0.0,0.0,110,2546,37.75,15.66
SOBHA,SOBHAEQN,1372.3,1372.3,1372.3,0.0,0.0,490,672427,1732.0,1130.0
APLLTD,APLLTDEQN,805.75,805.75,805.75,0.0,0.0,165,132948,1002.0,635.8
CARERATING,CARERATINGEQN,1715.6,1715.6,1715.6,0.0,0.0,108,185284,1838.0,1392.7
IEX,IEXEQN,128.0,128.0,128.0,0.0,0.0,12076,1545728,160.27,114.6
MOREPENLAB,MOREPENLABEQN,57.65,57.65,57.65,0.0,0.0,20287,1169545,64.58,33.05
BALPHARMA,BALPHARMAEQN,89.49,89.49,89.49,0.0,0.0,142,12707,98.85,60.0
GLAND,GLANDEQN,2579.2,2579.2,2579.2,0.0,0.0,532,1372134,2586.0,1573.6
FMGOETZE,FMGOETZEEQN,474.45,474.45,474.45,0.0,0.0,13,6167,579.9,358.0
VAIBHAVGBL,VAIBHAVGBLEQN,265.7,265.7,265.7,0.0,0.0,1523,404661,293.25,174.13
CHALET,CHALETEQN,821.5,821.5,821.5,0.0,0.0,77,63255,1070.1,691.35
CAMPUS,CAMPUSEQN,223.2,223.2,223.2,0.0,0.0,2961,660895,297.0,215.2
DELHIVERY,DELHIVERYEQN,470.0,470.0,470.0,0.0,0.0,17001,7990470,524.0,374.45
BHEL,BHELEQN,411.15,411.15,411.15,0.0,0.0,13299,5467883,446.5,205.12
HEROMOTOCO,HEROMOTOCOEQN,5460.0,5460.0,5460.0,0.0,0.0,1381,7540260,6388.5,4310.1
ORIENTCEM,ORIENTCEMEQN,139.51,139.51,139.51,0.0,0.0,621,86635,248.8,122.32
SIS,SISEQN,425.1,425.1,425.1,0.0,0.0,80,34008,480.95,257.05
SHAREINDIA,SHAREINDIAEQN,180.74,180.74,180.74,0.0,0.0,746,134832,211.0,115.36
PDSL,PDSLEQN,357.25,357.25,357.25,0.0,0.0,131,46799,418.5,246.05
MOTHERSON,MOTHERSONEQN,155.01,155.01,155.01,0.0,0.0,38145,5912856,155.25,89.7
TVSMOTOR,TVSMOTOREQN,4389.0,4389.0,4389.0,0.0,0.0,6654,29204406,4389.0,2882.6
KNRCON,KNRCONEQN,126.53,126.53,126.53,0.0,0.0,3680,465630,220.0,108.65
MANKIND,MANKINDEQN,2483.0,2483.0,2483.0,0.0,0.0,399,990717,2674.0,1909.7
RGL,RGLEQN,115.5,115.5,115.5,0.0,0.0,413,47701,147.9,85.0
AGI,AGIEQN,704.25,704.25,704.25,0.0,0.0,51,35916,992.0,465.0
PIDILITIND,PIDILITINDEQN,1642.5,1642.5,1642.5,0.0,0.0,1071,1759117,1642.5,1259.0
DMCC,DMCCEQN,278.0,278.0,278.0,0.0,0.0,42,11676,350.0,191.35
INDOFARM,INDOFARMEQN,161.6,161.6,161.6,0.0,0.0,1953,315604,271.69,110.7
LTM,LTMEQN,4690.0,4690.0,4690.0,0.0,0.0,2473,11598370,6429.5,3528.0
HINDCOPPER,HINDCOPPEREQN,495.05,495.05,495.05,0.0,0.0,18572,9194068,760.05,226.7
JYOTHYLAB,JYOTHYLABEQN,206.06,206.06,206.06,0.0,0.0,1152,237381,352.7,188.1
BONLON,BONLONEQN,41.23,41.23,41.23,0.0,0.0,33,1360,57.0,34.51
BSE,BSEEQN,3575.0,3575.0,3575.0,0.0,0.0,7037,25157275,4446.8,2021.5
BLUEJET,BLUEJETEQN,589.5,589.5,589.5,0.0,0.0,13680,8064360,814.0,325.0
ONGC,ONGCEQN,242.0,242.0,242.0,0.0,0.0,80038,19369196,307.5,227.65
LEMONTREE,LEMONTREEEQN,114.03,114.03,114.03,0.0,0.0,9109,1038699,180.68,99.61
SHREECEM,SHREECEMEQN,27000.0,27000.0,27000.0,0.0,0.0,151,4077000,31920.0,22550.0
JAICORPLTD,JAICORPLTDEQN,103.83,103.83,103.83,0.0,0.0,206,21388,178.24,88.0
VENKEYS,VENKEYSEQN,1565.0,1565.0,1565.0,0.0,0.0,40,62600,1800.0,1165.0
WILLAMAGOR,WILLAMAGOREQN,26.57,26.57,26.57,0.0,0.0,6,159,37.5,21.11
ASTERDM,ASTERDMEQN,815.15,815.15,815.15,0.0,0.0,899,732819,839.4,519.1
BDL,BDLEQN,1265.0,1265.0,1265.0,0.0,0.0,1708,2160620,1654.0,1086.0
FINEORG,FINEORGEQN,4933.7,4933.7,4933.7,0.0,0.0,11,54270,5407.0,3856.0
PETRONET,PETRONETEQN,284.85,284.85,284.85,0.0,0.0,792,225601,326.4,235.35
OMPOWER,OMPOWEREQN,169.4,169.4,169.4,0.0,0.0,99,16770,206.0,158.4
SUNDRMFAST,SUNDRMFASTEQN,993.25,993.25,993.25,0.0,0.0,411,408225,1072.0,730.1
SUPREMEIND,SUPREMEINDEQN,3530.0,3530.0,3530.0,0.0,0.0,39,137670,4664.9,3140.0
TATAPOWER,TATAPOWEREQN,382.0,382.0,382.0,0.0,0.0,13347,5098554,464.9,342.5
OSWALGREEN,OSWALGREENEQN,21.76,21.76,21.76,0.0,0.0,1204,26199,46.99,19.76
UNITDSPR,UNITDSPREQN,1530.0,1530.0,1530.0,0.0,0.0,1463,2238390,1536.8,1210.8
RVNL,RVNLEQN,232.9,232.9,232.9,0.0,0.0,23342,5436351,400.7,220.16
20MICRONS,20MICRONSEQN,196.03,196.03,196.03,0.0,0.0,209,40970,246.61,129.61
RSL,RSLEQN,142.89,142.89,142.89,0.0,0.0,100,14289,145.8,101.7
INDIANHUME,INDIANHUMEEQN,414.5,414.5,414.5,0.0,0.0,842,349009,432.0,279.8
MARICO,MARICOEQN,880.95,880.95,880.95,0.0,0.0,6352,5595794,889.1,690.3
INDIGO,INDIGOEQN,5400.0,5400.0,5400.0,0.0,0.0,4355,23517000,6232.5,3895.2
SUNDROP,SUNDROPEQN,679.5,679.5,679.5,0.0,0.0,200,135900,928.0,556.0
OLECTRA,OLECTRAEQN,1344.2,1344.2,1344.2,0.0,0.0,1242,1669496,1714.2,866.6
TRIDENT,TRIDENTEQN,24.94,24.94,24.94,0.0,0.0,7882,196577,30.94,21.98
ABCAPITAL,ABCAPITALEQN,424.35,424.35,424.35,0.0,0.0,31187,13234203,430.7,251.5
ESAFSFB,ESAFSFBEQN,40.92,40.92,40.92,0.0,0.0,13669,559335,43.0,19.78
COSMOFIRST,COSMOFIRSTEQN,910.05,910.05,910.05,0.0,0.0,96,87364,1137.4,560.8
PILITA,PILITABEN,8.65,8.65,8.65,0.0,0.0,296,2560,15.9,6.2
DBSTOCKBRO,DBSTOCKBROBEN,34.16,34.16,34.16,0.0,0.0,4,136,48.5,23.15
HITECH,HITECHEQN,85.49,85.49,85.49,0.0,0.0,1290,110282,127.5,70.14
INDOSTAR,INDOSTAREQN,245.25,245.25,245.25,0.0,0.0,412,101043,301.95,179.03
VIKASLIFE,VIKASLIFEEQN,1.28,1.28,1.28,0.0,0.0,5007,6408,2.42,1.05
SHARDAMOTR,SHARDAMOTREQN,912.3,912.3,912.3,0.0,0.0,281,256356,1189.9,700.0
SILINV,SILINVEQN,427.6,427.6,427.6,0.0,0.0,20,8552,767.0,380.0
SYRMA,SYRMAEQN,1360.6,1360.6,1360.6,0.0,0.0,1715,2333429,1517.7,634.5
CENTURYPLY,CENTURYPLYEQN,772.8,772.8,772.8,0.0,0.0,239,184699,859.0,618.5
ERIS,ERISEQN,1383.2,1383.2,1383.2,0.0,0.0,10,13832,1855.6,1200.0
JSWENERGY,JSWENERGYEQN,569.0,569.0,569.0,0.0,0.0,4347,2473443,617.35,427.75
JUBLFOOD,JUBLFOODEQN,470.0,470.0,470.0,0.0,0.0,12802,6016940,670.45,408.55
VISACHROME,VISACHROMEBEN,37.85,37.85,37.85,0.0,0.0,2,75,73.68,27.05
RTNPOWER,RTNPOWEREQN,8.8,8.8,8.8,0.0,0.0,65541,576760,12.92,7.52
MOL,MOLEQN,54.36,54.36,54.36,0.0,0.0,2819,153240,96.62,36.5
REMSONSIND,REMSONSINDEQN,83.44,83.44,83.44,0.0,0.0,56,4672,152.45,75.23
SANGAMIND,SANGAMINDEQN,609.5,609.5,609.5,0.0,0.0,43,26208,672.5,341.55
ATALREAL,ATALREALEQN,33.54,33.54,33.54,0.0,0.0,258,8653,33.9,17.75
VALIANTORG,VALIANTORGBEN,280.0,280.0,280.0,0.0,0.0,305,85400,397.0,195.0
SAGILITY,SAGILITYEQN,43.88,43.88,43.88,0.0,0.0,37589,1649405,57.89,35.83
CUBEINVIT,CUBEINVITIVN,156.49,156.49,156.49,0.0,0.0,1654,258834,165.0,129.0
BCLIND,BCLINDEQN,37.89,37.89,37.89,0.0,0.0,4481,169785,45.35,25.53
HERITGFOOD,HERITGFOODEQN,335.1,335.1,335.1,0.0,0.0,283,94833,540.0,292.55
TICL,TICLBEN,9.63,9.63,9.63,0.0,0.0,18,173,33.99,8.91
NEXTMEDIA,NEXTMEDIAEQN,3.87,3.87,3.87,0.0,0.0,33,127,8.48,3.42
ANKITMETAL,ANKITMETALBZN,1.62,1.62,1.62,0.0,0.0,500,810,2.12,1.29
SHREERAMA,SHREERAMAEQN,40.36,40.36,40.36,0.0,0.0,1,40,71.99,37.62
NUVAMA,NUVAMAEQN,1765.7,1765.7,1765.7,0.0,0.0,1142,2016429,2066.0,1096.9
DGCONTENT,DGCONTENTEQN,23.84,23.84,23.84,0.0,0.0,20,476,42.07,21.61
HERANBA,HERANBAEQN,182.74,182.74,182.74,0.0,0.0,126,23025,382.0,155.38
DANGEE,DANGEEEQN,2.98,2.98,2.98,0.0,0.0,1,2,5.08,2.53
MADHUCON,MADHUCONBEN,5.28,5.28,5.28,0.0,0.0,500,2640,8.55,3.61
AEROENTER,AEROENTEREQN,123.3,123.3,123.3,0.0,0.0,321,39579,149.55,62.2
MODIRUBBER,MODIRUBBEREQN,121.37,121.37,121.37,0.0,0.0,190,23060,167.5,98.41
DELPHIFX,DELPHIFXBEN,6.81,6.81,6.81,0.0,0.0,9,61,18.25,6.21
FIVESTAR,FIVESTAREQN,551.4,551.4,551.4,0.0,0.0,432,238204,666.0,338.15
APTECHT,APTECHTBEN,95.27,95.27,95.27,0.0,0.0,435,41442,144.3,69.1
ASTRON,ASTRONBEN,3.88,3.88,3.88,0.0,0.0,916,3554,18.89,3.26
FDC,FDCEQN,404.65,404.65,404.65,0.0,0.0,568,229841,527.8,312.95
WAAREERTL,WAAREERTLEQN,919.65,919.65,919.65,0.0,0.0,575,528798,1358.0,779.5
TEXINFRA,TEXINFRAEQN,113.93,113.93,113.93,0.0,0.0,532,60610,118.0,82.5
DBREALTY,DBREALTYBEN,113.03,113.03,113.03,0.0,0.0,9,1017,187.4,83.5
MTNL,MTNLEQN,28.11,28.11,28.11,0.0,0.0,4584,128856,48.19,21.26
TPHQ,TPHQEQN,0.42,0.42,0.42,0.0,0.0,10717,4501,0.86,0.4
AGSTRA,AGSTRABZN,2.19,2.19,2.19,0.0,0.0,5393,11810,6.19,2.07
BAJEL,BAJELEQN,177.35,177.35,177.35,0.0,0.0,3,532,255.9,135.1
MARKOLINES,MARKOLINESEQN,177.28,177.28,177.28,0.0,0.0,1131,200503,191.75,131.65
TIPSFILMS,TIPSFILMSEQN,379.0,379.0,379.0,0.0,0.0,38,14402,574.1,276.75
SHRENIK,SHRENIKBZN,0.33,0.33,0.33,0.0,0.0,11647,3843,0.65,0.32
UMAEXPORTS,UMAEXPORTSBEN,20.42,20.42,20.42,0.0,0.0,174,3553,57.81,18.12
SARLAPOLY,SARLAPOLYEQN,101.51,101.51,101.51,0.0,0.0,1,101,115.5,68.4
KANPRPLA,KANPRPLAEQN,211.01,211.01,211.01,0.0,0.0,15,3165,247.0,151.25
RBMINFRA,RBMINFRASMN,266.45,266.45,266.45,0.0,0.0,200,53290,524.8,255.2
ORKLAINDIA,ORKLAINDIAEQN,573.6,573.6,573.6,0.0,0.0,97,55639,760.0,533.25
PGHH,PGHHEQN,8649.0,8649.0,8649.0,0.0,0.0,30,259470,14509.0,8419.0
TIMEX,TIMEXEQN,549.25,549.25,549.25,0.0,0.0,1186,651410,618.0,312.0
MMTC,MMTCEQN,63.65,63.65,63.65,0.0,0.0,4377,278596,78.35,50.1
ZUARI,ZUARIEQN,233.27,233.27,233.27,0.0,0.0,68,15862,393.55,175.1
ABANSENT,ABANSENTBEN,25.95,25.95,25.95,0.0,0.0,1,25,48.85,22.3
PNGSREVA,PNGSREVAEQN,443.25,443.25,443.25,0.0,0.0,136,60282,478.9,324.25
MACPOWER,MACPOWEREQN,1457.8,1457.8,1457.8,0.0,0.0,97,141406,1578.8,761.0
ORCHASP,ORCHASPEQN,1.65,1.65,1.65,0.0,0.0,1255,2070,4.16,1.47
VISHNU,VISHNUEQN,599.7,599.7,599.7,0.0,0.0,91,54572,670.0,443.7
UFBL,UFBLEQN,700.45,700.45,700.45,0.0,0.0,182,127481,763.35,172.34
WEWORK,WEWORKEQN,744.6,744.6,744.6,0.0,0.0,191,142218,767.0,420.0
SOLEX,SOLEXEQN,946.8,946.8,946.8,0.0,0.0,5,4734,1985.0,795.45
GLOBECIVIL,GLOBECIVILEQN,39.93,39.93,39.93,0.0,0.0,25,998,85.3,33.5
UNITECH,UNITECHEQN,4.26,4.26,4.26,0.0,0.0,9352,39839,7.93,3.1
GANGAFORGE,GANGAFORGEBEN,1.79,1.79,1.79,0.0,0.0,964,1725,3.29,1.59
PATELENG,PATELENGEQN,28.85,28.85,28.85,0.0,0.0,8662,249898,41.13,22.0
ADVENTHTL,ADVENTHTLEQN,147.88,147.88,147.88,0.0,0.0,12,1774,345.05,120.02
STERTOOLS,STERTOOLSBEN,255.05,255.05,255.05,0.0,0.0,39,9946,361.95,155.0
RNBDENIMS,RNBDENIMSEQN,9.08,9.08,9.08,0.0,0.0,178,1616,67.67,8.95
MARSONS,MARSONSEQN,110.45,110.45,110.45,0.0,0.0,1999,220789,175.4,104.16
TMCV,TMCVEQN,452.5,452.5,452.5,0.0,0.0,22039,9972647,509.0,306.3
CHEMFAB,CHEMFABBEN,376.95,376.95,376.95,0.0,0.0,1,376,764.0,290.35
SOLARWORLD,SOLARWORLDEQN,184.62,184.62,184.62,0.0,0.0,271,50032,388.5,139.19
KOPRAN,KOPRANBEN,190.27,190.27,190.27,0.0,0.0,61,11606,219.0,107.0
HDBFS,HDBFSEQN,684.85,684.85,684.85,0.0,0.0,206,141079,811.8,555.3
JARO,JAROEQN,472.55,472.55,472.55,0.0,0.0,27,12758,890.0,383.5
ELIN,ELINEQN,103.55,103.55,103.55,0.0,0.0,8,828,234.0,93.65
WANBURY,WANBURYEQN,286.2,286.2,286.2,0.0,0.0,142,40640,358.85,161.5
BRIGHOTEL,BRIGHOTELEQN,61.04,61.04,61.04,0.0,0.0,216,13184,91.77,54.36
ASMS,ASMSBEN,7.08,7.08,7.08,0.0,0.0,481,3405,17.6,6.9
UFLEX,UFLEXEQN,482.25,482.25,482.25,0.0,0.0,298,143710,602.8,330.0
RAJESHEXPO,RAJESHEXPOBZN,84.8,84.8,84.8,0.0,0.0,425,36040,237.88,72.63
ASIANTILES,ASIANTILESEQN,53.83,53.83,53.83,0.0,0.0,16567,891801,79.06,42.5
INDIQUBE,INDIQUBEEQN,171.97,171.97,171.97,0.0,0.0,64,11006,243.8,131.15
KSL,KSLEQN,886.5,886.5,886.5,0.0,0.0,82,72693,982.55,574.0
BUILDPRO,BUILDPROEQN,1343.6,1343.6,1343.6,0.0,0.0,229,307684,1365.0,636.0
METROBRAND,METROBRANDEQN,1034.9,1034.9,1034.9,0.0,0.0,79,81757,1340.4,883.0
3BBLACKBIO,3BBLACKBIOEQN,1248.1,1248.1,1248.1,0.0,0.0,5,6240,1441.5,1085.0
ESSARSHPNG,ESSARSHPNGEQN,20.57,20.57,20.57,0.0,0.0,175,3599,43.26,18.61
TECHNVISN,TECHNVISNEQN,4466.1,4466.1,4466.1,0.0,0.0,1,4466,6198.0,3222.8
LGEINDIA,LGEINDIAEQN,1569.8,1569.8,1569.8,0.0,0.0,557,874378,1749.0,1304.1
AHCL,AHCLEQN,14.71,14.71,14.71,0.0,0.0,5664,83317,17.28,9.08
AYE,AYEEQN,172.6,172.6,172.6,0.0,0.0,1811,312578,197.29,88.22
BHAGERIA,BHAGERIABEN,219.57,219.57,219.57,0.0,0.0,527,115713,244.6,127.51
IRCON,IRCONEQN,131.88,131.88,131.88,0.0,0.0,7946,1047918,189.5,114.5
ELITECON,ELITECONEQN,17.19,17.19,17.19,0.0,0.0,57754,992791,46.4,15.3
IWP,IWPEQN,33.13,33.13,33.13,0.0,0.0,30,993,39.15,28.0
RUBYMILLS,RUBYMILLSBEN,369.75,369.75,369.75,0.0,0.0,4,1479,424.9,169.02
MAHSEAMLES,MAHSEAMLESEQN,573.7,573.7,573.7,0.0,0.0,645,370036,705.0,500.7
ASTEC,ASTECEQN,628.3,628.25,628.25,-0.05,-0.01,103,64709,941.75,513.4
PNGJL,PNGJLEQN,658.05,658.0,658.0,-0.05,-0.01,376,247408,736.4,503.0
GCSL,GCSLEQN,508.75,508.7,508.7,-0.05,-0.01,75,38152,538.7,213.15
DAMCAPITAL,DAMCAPITALEQN,153.71,153.7,153.7,-0.01,-0.01,485,74544,286.0,119.22
KRONOX,KRONOXEQN,153.81,153.8,153.8,-0.01,-0.01,160,24608,180.5,96.0
MASTEK,MASTEKEQN,1893.2,1893.0,1893.0,-0.2,-0.01,330,624690,2625.0,1334.2
AADHARHFC,AADHARHFCEQN,504.15,504.1,504.1,-0.05,-0.01,708,356902,563.0,430.15
PNBGILTS,PNBGILTSEQN,83.51,83.5,83.5,-0.01,-0.01,6602,551267,109.99,58.6
ASAL,ASALEQN,507.85,507.8,507.8,-0.05,-0.01,5,2539,654.65,374.5
CANBK,CANBKEQN,127.1,127.09,127.09,-0.01,-0.01,32034,4071201,162.89,103.55
NAVA,NAVAEQN,579.9,579.85,579.85,-0.05,-0.01,431,249915,739.4,501.65
SWANDEF,SWANDEFBEN,2527.2,2527.0,2527.0,-0.2,-0.01,14,35378,2550.0,337.65
ABLBL,ABLBLEQN,95.91,95.9,95.9,-0.01,-0.01,1769,169647,151.33,87.91
CEINSYS,CEINSYSEQN,833.1,833.0,833.0,-0.1,-0.01,548,456484,1249.9,820.0
BAJAJHFL,BAJAJHFLEQN,86.85,86.83,86.83,-0.02,-0.02,9602,833741,117.98,72.65
SHK,SHKEQN,166.54,166.5,166.5,-0.04,-0.02,1295,215617,275.5,111.98
LAURUSLABS,LAURUSLABSEQN,1811.4,1811.0,1811.0,-0.4,-0.02,4105,7434155,1838.3,810.05
BANKBARODA,BANKBARODAEQN,247.25,247.19,247.19,-0.06,-0.02,11182,2764078,325.5,230.81
ZENTEC,ZENTECEQN,1656.4,1656.0,1656.0,-0.4,-0.02,1010,1672560,2024.0,1223.0
WSTCSTPAPR,WSTCSTPAPREQN,569.0,568.9,568.9,-0.1,-0.02,301,171238,590.0,375.0
IPCALAB,IPCALABEQN,1725.6,1725.3,1725.3,-0.3,-0.02,863,1488933,1944.9,1251.6
DALBHARAT,DALBHARATEQN,1844.6,1844.2,1844.2,-0.4,-0.02,274,505310,2496.3,1605.0
LTTS,LTTSEQN,3564.8,3563.8,3563.8,-1.0,-0.03,394,1404137,4726.0,3010.0
SUNTECK,SUNTECKEQN,308.1,308.0,308.0,-0.1,-0.03,638,196504,473.0,270.75
GAIL,GAILEQN,174.3,174.25,174.25,-0.05,-0.03,61905,10786946,186.87,134.36
GRSE,GRSEEQN,2582.7,2582.0,2582.0,-0.7,-0.03,2294,5923108,3339.0,1963.7
GOKULAGRO,GOKULAGROEQN,231.58,231.5,231.5,-0.08,-0.03,2034,470871,249.92,142.5
GABRIEL,GABRIELEQN,1527.4,1527.0,1527.0,-0.4,-0.03,1908,2913516,1542.0,795.7
AUTOAXLES,AUTOAXLESEQN,1880.5,1880.0,1880.0,-0.5,-0.03,518,973840,2115.0,1540.2
FORCEMOT,FORCEMOTEQN,18494.0,18489.0,18489.0,-5.0,-0.03,221,4086069,26450.0,14911.0
NDTV,NDTVEQN,77.39,77.37,77.37,-0.02,-0.03,402,31102,134.5,58.75
BHARATSE,BHARATSEEQN,223.36,223.3,223.3,-0.06,-0.03,598,133533,263.18,104.4
FRACTAL,FRACTALEQN,803.45,803.2,803.2,-0.25,-0.03,2610,2096352,1118.0,733.7
SHADOWFAX,SHADOWFAXEQN,240.78,240.7,240.7,-0.08,-0.03,29377,7071043,261.5,98.55
SCANSTL,SCANSTLBEN,59.61,59.59,59.59,-0.02,-0.03,26,1549,65.2,31.35
AMBALALSA,AMBALALSAEQN,36.83,36.82,36.82,-0.01,-0.03,1135,41790,38.5,30.15
EVEREADY,EVEREADYEQN,355.65,353.0,353.0,-0.15,-0.04,450,158850,475.2,259.65
VARROC,VARROCEQN,686.9,686.65,686.65,-0.25,-0.04,1251,858999,706.95,462.0
TREJHARA,TREJHARAEQN,135.95,135.9,135.9,-0.05,-0.04,1,135,284.85,128.4
EPL,EPLEQN,226.7,226.6,226.6,-0.1,-0.04,130,29458,246.86,176.4
WONDERLA,WONDERLAEQN,485.2,485.0,485.0,-0.2,-0.04,142,68870,659.0,455.0
CHEVIOT,CHEVIOTEQN,1130.4,1130.0,1130.0,-0.4,-0.04,30,33900,1370.5,898.0
IGL,IGLEQN,156.17,156.1,156.1,-0.07,-0.04,3959,617999,223.5,141.74
POONAWALLA,POONAWALLAEQN,471.9,471.7,471.7,-0.2,-0.04,8925,4209922,570.4,361.2
FRONTSP,FRONTSPEQN,1381.4,1380.9,1380.9,-0.5,-0.04,6,8285,1869.0,1309.1
GALAXYSURF,GALAXYSURFEQN,1988.8,1988.0,1988.0,-0.8,-0.04,65,129220,2674.9,1510.0
LAXMIINDIA,LAXMIINDIABEN,131.05,131.0,131.0,-0.05,-0.04,243,31833,180.9,71.06
GALAPREC,GALAPRECEQN,1090.5,1090.0,1090.0,-0.5,-0.05,1243,1354870,1260.0,671.2
NITCO,NITCOEQN,108.09,108.04,108.04,-0.05,-0.05,199,21499,141.99,64.0
INGERRAND,INGERRANDEQN,4327.0,4325.0,4325.0,-2.0,-0.05,32,138400,4756.2,3063.3
SULA,SULAEQN,165.32,165.23,165.23,-0.09,-0.05,1207,199432,296.8,138.6
TALBROAUTO,TALBROAUTOEQN,417.65,417.45,417.45,-0.2,-0.05,1421,593196,435.0,219.9
NSLNISP,NSLNISPEQN,43.37,43.35,43.35,-0.02,-0.05,1698,73608,53.75,33.01
JAGSNPHARM,JAGSNPHARMEQN,235.37,235.25,235.25,-0.12,-0.05,10,2352,282.7,155.0
DWARKESH,DWARKESHEQN,39.0,38.98,38.98,-0.02,-0.05,465,18125,53.09,32.13
RICOAUTO,RICOAUTOEQN,142.07,142.0,142.0,-0.07,-0.05,2394,339948,157.0,65.73
PROTEAN,PROTEANEQN,630.85,630.5,630.5,-0.35,-0.06,1715,1081307,945.5,444.0
COCHINSHIP,COCHINSHIPEQN,1441.9,1441.0,1441.0,-0.9,-0.06,1945,2802745,1979.9,1187.0
HFCL,HFCLEQN,202.52,202.4,202.4,-0.12,-0.06,142977,28938544,229.5,59.82
TBOTEK,TBOTEKEQN,1615.9,1614.9,1614.9,-1.0,-0.06,921,1487322,1764.8,1004.2
BHARATWIRE,BHARATWIREEQN,202.77,202.65,202.65,-0.12,-0.06,22,4458,262.0,148.01
DIVGIITTS,DIVGIITTSEQN,975.6,975.0,975.0,-0.6,-0.06,15,14625,1065.0,573.7
TEGA,TEGAEQN,1587.7,1586.8,1586.8,-0.9,-0.06,267,423675,2125.0,1473.0
ACCELYA,ACCELYAEQN,1141.9,1141.2,1141.2,-0.7,-0.06,17,19400,1527.0,1012.4
LAOPALA,LAOPALAEQN,187.81,187.7,187.7,-0.11,-0.06,717,134580,278.3,162.1
SPIC,SPICEQN,67.34,67.3,67.3,-0.04,-0.06,594,39976,128.2,55.1
SWANCORP,SWANCORPEQN,310.2,310.0,310.0,-0.2,-0.06,831,257610,506.0,295.65
WELSPLSOL,WELSPLSOLEQN,50.73,50.7,50.7,-0.03,-0.06,119,6033,63.25,36.0
INNOVACAP,INNOVACAPEQN,956.4,955.8,955.8,-0.6,-0.06,42,40143,1034.85,622.0
DREDGECORP,DREDGECORPEQN,1096.5,1095.7,1095.7,-0.8,-0.07,401,439375,1286.0,538.0
PENIND,PENINDEQN,169.12,169.0,169.0,-0.12,-0.07,1,169,279.9,129.1
SHAILY,SHAILYEQN,3056.0,3053.9,3053.9,-2.1,-0.07,445,1358985,3233.9,1535.9
REDTAPE,REDTAPEEQN,130.79,130.7,130.7,-0.09,-0.07,300,39210,163.5,107.53
MIDHANI,MIDHANIEQN,403.65,403.35,403.35,-0.3,-0.07,1961,790969,454.8,266.65
LTFOODS,LTFOODSEQN,415.3,415.0,415.0,-0.3,-0.07,1564,649060,487.75,333.15
SURAKSHA,SURAKSHAEQN,252.1,251.9,251.9,-0.2,-0.08,151,38036,333.0,224.1
BALMLAWRIE,BALMLAWRIEEQN,174.14,174.0,174.0,-0.14,-0.08,861,149814,238.2,148.36
MUFIN,MUFINEQN,133.1,132.99,132.99,-0.11,-0.08,5804,771873,138.0,82.99
ROSSARI,ROSSARIEQN,508.25,507.85,507.85,-0.4,-0.08,138,70083,712.0,375.0
GARFIBRES,GARFIBRESEQN,761.6,761.0,761.0,-0.6,-0.08,409,311249,904.0,579.75
LINDEINDIA,LINDEINDIAEQN,6980.5,6975.0,6975.0,-5.5,-0.08,42,292950,8049.0,5673.0
ALOKINDS,ALOKINDSEQN,12.04,12.03,12.03,-0.01,-0.08,23609,284016,19.34,11.11
GODREJPROP,GODREJPROPEQN,2089.7,2088.0,2088.0,-1.7,-0.08,1459,3046392,2352.0,1434.0
RADICO,RADICOEQN,4459.1,4455.0,4455.0,-4.1,-0.09,570,2539350,4494.4,2500.0
SBFC,SBFCEQN,92.08,92.0,92.0,-0.08,-0.09,408,37536,123.0,79.6
HCLTECH,HCLTECHEQN,1377.0,1375.7,1375.7,-1.3,-0.09,24268,33385487,1780.1,1030.0
HATHWAY,HATHWAYEQN,11.05,11.04,11.04,-0.01,-0.09,14430,159307,15.25,8.76
ETHOSLTD,ETHOSLTDEQN,2962.7,2960.0,2960.0,-2.7,-0.09,4919,14560240,3245.9,1919.4
UFO,UFOEQN,68.86,68.8,68.8,-0.06,-0.09,10,688,92.97,53.75
POWERICA,POWERICAEQN,519.4,518.95,518.95,-0.45,-0.09,283,146862,676.95,365.1
VADILALIND,VADILALINDEQN,7356.5,7349.0,7349.0,-7.5,-0.1,82,602618,7478.5,3996.0
NBCC,NBCCEQN,95.5,95.4,95.4,-0.1,-0.1,20121,1919543,125.85,77.18
SHILPAMED,SHILPAMEDEQN,623.55,622.95,622.95,-0.6,-0.1,820,510819,650.0,259.5
PRECAM,PRECAMEQN,143.31,143.16,143.16,-0.15,-0.1,788,112810,262.0,103.98
KIRLOSENG,KIRLOSENGEQN,2225.2,2223.0,2223.0,-2.2,-0.1,1074,2387502,2720.0,855.8
HGM,HGMEQN,49.45,49.4,49.4,-0.05,-0.1,51,2519,82.4,43.6
ELGIEQUIP,ELGIEQUIPEQN,582.6,582.0,582.0,-0.6,-0.1,409,238038,633.85,408.25
SIMPLEXINF,SIMPLEXINFEQN,235.64,235.4,235.4,-0.24,-0.1,52,12240,330.0,137.0
GREENPOWER,GREENPOWEREQN,10.08,10.07,10.07,-0.01,-0.1,11546,116268,15.04,7.98
THERMAX,THERMAXEQN,4122.2,4118.0,4118.0,-4.2,-0.1,482,1984876,5277.8,2742.7
CPPLUS,CPPLUSEQN,3428.7,3425.2,3425.2,-3.5,-0.1,1076,3685515,3866.0,1015.0
TRUALT,TRUALTEQN,437.85,437.4,437.4,-0.45,-0.1,441,192893,549.0,310.2
TATACAP,TATACAPEQN,364.75,364.4,364.4,-0.35,-0.1,3471,1264832,379.95,296.0
NETWORK18,NETWORK18EQN,29.38,29.35,29.35,-0.03,-0.1,8220,241257,59.79,27.38
TMPV,TMPVEQN,349.3,348.95,348.95,-0.35,-0.1,27674,9656842,739.7,294.3
DSSL,DSSLEQN,1253.3,1252.0,1252.0,-1.3,-0.1,261,326772,1924.8,781.0
CSM,CSMEQN,104.88,104.77,104.77,-0.11,-0.1,5206,545432,113.0,94.27
PANACEABIO,PANACEABIOEQN,423.45,423.0,423.0,-0.45,-0.11,52,21996,647.0,292.4
IPL,IPLEQN,148.57,148.4,148.4,-0.17,-0.11,817,121242,245.84,125.0
IRCTC,IRCTCEQN,513.5,512.95,512.95,-0.55,-0.11,6156,3157720,743.0,485.3
ICICIPRULI,ICICIPRULIEQN,522.35,521.8,521.8,-0.55,-0.11,1660,866188,706.8,459.5
PPAP,PPAPBEN,288.35,288.0,288.0,-0.35,-0.12,140,40320,379.5,176.0
TVSELECT,TVSELECTEQN,495.6,495.0,495.0,-0.6,-0.12,20,9900,739.35,336.2
HUHTAMAKI,HUHTAMAKIEQN,300.0,299.65,299.65,-0.35,-0.12,1434,429698,330.0,148.6
TORNTPOWER,TORNTPOWEREQN,1391.7,1390.0,1390.0,-1.7,-0.12,6562,9121180,1824.1,1188.0
ALLCARGO,ALLCARGOEQN,8.2,8.19,8.19,-0.01,-0.12,22679,185741,36.55,7.11
PVRINOX,PVRINOXEQN,1141.4,1140.0,1140.0,-1.4,-0.12,750,855000,1249.7,907.4
RENUKA,RENUKAEQN,22.33,22.3,22.3,-0.03,-0.13,31354,699194,33.5,21.05
ICRA,ICRAEQN,5131.5,5125.0,5125.0,-6.5,-0.13,58,297250,6982.0,4692.0
GMBREW,GMBREWEQN,896.2,895.05,895.05,-1.15,-0.13,91,81449,1328.8,666.05
NEULANDLAB,NEULANDLABEQN,19675.0,19650.0,19650.0,-25.0,-0.13,34,668100,20089.0,11500.0
JISLJALEQS,JISLJALEQSEQN,31.33,31.29,31.29,-0.04,-0.13,1958,61265,59.0,27.1
SPLPETRO,SPLPETROEQN,715.9,715.0,715.0,-0.9,-0.13,159,113685,979.0,462.3
CNL,CNLEQN,1015.9,1014.6,1014.6,-1.3,-0.13,230,233358,1080.25,525.0
VIVIANA,VIVIANABEN,717.9,716.95,716.95,-0.95,-0.13,60,43017,1162.5,565.0
BGRENERGY,BGRENERGYBEN,278.4,278.0,278.0,-0.4,-0.14,25,6950,490.8,101.65
MCLOUD,MCLOUDEQN,29.23,29.19,29.19,-0.04,-0.14,3521,102777,94.5,19.4
TASTYBITE,TASTYBITEEQN,9430.0,9417.0,9417.0,-13.0,-0.14,1,9417,11958.0,6430.0
BFUTILITIE,BFUTILITIEEQN,576.2,575.4,575.4,-0.8,-0.14,228,131191,898.7,368.7
XPROINDIA,XPROINDIAEQN,1302.8,1301.0,1301.0,-1.8,-0.14,264,343464,1574.8,788.05
GAEL,GAELEQN,180.68,180.42,180.42,-0.26,-0.14,16843,3038814,182.0,101.2
INDHOTEL,INDHOTELEQN,752.0,750.95,750.95,-1.05,-0.14,2624,1970492,811.95,565.0
THOMASCOOK,THOMASCOOKEQN,107.15,107.0,107.0,-0.15,-0.14,22213,2376791,181.55,86.35
ALKEM,ALKEMEQN,5707.0,5699.0,5699.0,-8.0,-0.14,101,575599,5933.5,4738.5
COCKERILL,COCKERILLEQN,8987.5,8975.0,8975.0,-12.5,-0.14,27,242325,10871.5,4955.0
NIITLTD,NIITLTDEQN,96.86,96.71,96.71,-0.15,-0.15,1847,178623,125.0,49.0
CHOICEIN,CHOICEINEQN,828.1,826.85,826.85,-1.25,-0.15,3906,3229676,860.5,568.7
ELECTHERM,ELECTHERMEQN,1008.0,1006.5,1006.5,-1.5,-0.15,1,1006,1277.0,551.0
UTTAMSUGAR,UTTAMSUGAREQN,240.45,240.1,240.1,-0.35,-0.15,464,111406,299.0,181.1
BANKINDIA,BANKINDIAEQN,140.5,140.29,140.29,-0.21,-0.15,12283,1723182,178.36,109.2
POLICYBZR,POLICYBZREQN,1650.0,1647.5,1647.5,-2.5,-0.15,2850,4695375,1974.0,1364.0
SYNCOMF,SYNCOMFEQN,13.19,13.17,13.17,-0.02,-0.15,7395,97392,18.86,10.21
PRSMJOHNSN,PRSMJOHNSNEQN,108.88,108.72,108.72,-0.16,-0.15,10,1087,176.0,103.08
IDFCFIRSTB,IDFCFIRSTBEQN,86.0,85.87,85.87,-0.13,-0.15,40991,3519897,88.76,58.08
ISGEC,ISGECEQN,838.95,837.7,837.7,-1.25,-0.15,30,25131,1115.4,683.95
GEOJITFSL,GEOJITFSLEQN,77.52,77.4,77.4,-0.12,-0.15,103,7972,85.39,50.86
PATANJALI,PATANJALIEQN,364.0,363.45,363.45,-0.55,-0.15,12659,4600913,623.67,328.2
IRISDOREME,IRISDOREMEEQN,53.52,53.44,53.44,-0.08,-0.15,1038,55470,54.5,26.35
CMLL,CMLLEQN,566.85,566.0,566.0,-0.85,-0.15,4231,2394746,624.4,463.35
GARUDA,GARUDAEQN,172.5,172.22,172.22,-0.28,-0.16,1730,297940,249.3,130.0
LLOYDSENT,LLOYDSENTEQN,81.57,81.44,81.44,-0.13,-0.16,3721,303038,84.16,40.69
JPPOWER,JPPOWEREQN,18.76,18.73,18.73,-0.03,-0.16,325840,6102983,24.5,13.15
APOLLOPIPE,APOLLOPIPEEQN,515.85,515.0,515.0,-0.85,-0.16,157,80855,554.0,252.1
TATASTEEL,TATASTEELEQN,191.0,190.7,190.7,-0.3,-0.16,78210,14914647,224.4,153.05
RANASUG,RANASUGEQN,12.52,12.5,12.5,-0.02,-0.16,1150,14375,15.69,10.21
ADANIENT,ADANIENTEQN,3068.0,3063.1,3063.1,-4.9,-0.16,1620,4962222,3245.0,1753.0
PUNJABCHEM,PUNJABCHEMEQN,1151.9,1150.0,1150.0,-1.9,-0.16,3,3450,1533.9,876.6
IOC,IOCEQN,143.7,143.47,143.47,-0.23,-0.16,33951,4870949,188.96,130.22
AJAXENGG,AJAXENGGEQN,594.0,593.0,593.0,-1.0,-0.17,75,44475,730.1,394.8
GPIL,GPILEQN,244.37,243.96,243.96,-0.41,-0.17,7214,1759927,320.0,185.32
RAILTEL,RAILTELEQN,292.25,291.75,291.75,-0.5,-0.17,2520,735210,412.9,245.0
GMMPFAUDLR,GMMPFAUDLREQN,858.45,857.0,857.0,-1.45,-0.17,135,115695,1410.0,735.0
SEPC,SEPCEQN,6.02,6.01,6.01,-0.01,-0.17,83950,504539,13.73,4.65
MARUTI,MARUTIEQN,14150.0,14124.0,14124.0,-26.0,-0.18,1194,16864056,17370.0,12201.0
NORTHARC,NORTHARCEQN,284.65,284.15,284.15,-0.5,-0.18,1254,356324,334.0,206.0
ENTERO,ENTEROEQN,1233.2,1231.0,1231.0,-2.2,-0.18,11,13541,1390.0,944.0
AKUMS,AKUMSEQN,681.2,680.0,680.0,-1.2,-0.18,102,69360,714.7,409.3
PIONRINV,PIONRINVBEN,86.96,86.8,86.8,-0.16,-0.18,50,4340,135.44,77.01
ANTELOPUS,ANTELOPUSEQN,834.55,833.05,833.05,-1.5,-0.18,87,72475,933.65,357.0
MRPL,MRPLEQN,174.06,173.73,173.73,-0.33,-0.19,19806,3440896,212.31,120.4
PNCINFRA,PNCINFRAEQN,247.58,247.11,247.11,-0.47,-0.19,1365,337305,325.0,158.17
RUBICON,RUBICONEQN,1500.8,1498.0,1498.0,-2.8,-0.19,700,1048600,1589.7,570.75
INFOBEAN,INFOBEANEQN,171.95,171.6,171.6,-0.35,-0.2,1321,226683,257.5,116.5
KSB,KSBEQN,857.75,856.0,856.0,-1.75,-0.2,39,33384,1028.3,666.65
UPL,UPLEQN,620.0,618.75,618.75,-1.25,-0.2,18396,11382525,812.2,563.15
GODAVARIB,GODAVARIBEQN,260.65,260.1,260.1,-0.55,-0.21,72,18727,353.0,227.42
DENTA,DENTAEQN,364.05,363.3,363.3,-0.75,-0.21,2599,944216,479.6,222.0
USHAMART,USHAMARTEQN,504.05,503.0,503.0,-1.05,-0.21,1111,558833,527.5,333.6
DLINKINDIA,DLINKINDIAEQN,450.8,449.85,449.85,-0.95,-0.21,127,57130,549.2,367.65
HAL,HALEQN,4690.0,4680.0,4680.0,-10.0,-0.21,2192,10258560,4978.0,3479.1
KPIGREEN,KPIGREENEQN,380.85,380.0,380.0,-0.85,-0.22,987,375060,552.0,335.65
AQYLON,AQYLONEQN,26.75,26.75,26.69,-0.06,-0.22,6826,0,224.7,23.5
AURUS,AURUSEQN,4.61,4.6,4.6,-0.01,-0.22,1,4,7.49,4.1
SCHAEFFLER,SCHAEFFLEREQN,4069.2,4060.0,4060.0,-9.2,-0.23,207,840420,4467.7,3518.4
AGIIL,AGIILEQN,309.15,308.45,308.45,-0.7,-0.23,1630,502773,434.4,211.0
APOLLOHOSP,APOLLOHOSPEQN,8820.0,8800.0,8800.0,-20.0,-0.23,6788,59734400,9049.0,6696.5
SGFIN,SGFINEQN,702.6,697.0,701.0,-1.6,-0.23,480,0,723.6,323.0
RAMBHAJO,RAMBHAJOEQN,183.76,183.34,183.34,-0.42,-0.23,928,170139,222.0,161.6
KDL,KDLSMN,106.25,106.0,106.0,-0.25,-0.24,150,15900,321.0,100.85
HDFCLIFE,HDFCLIFEEQN,553.1,551.8,551.8,-1.3,-0.24,7883,4349839,815.0,543.0
NILASPACES,NILASPACESEQN,12.74,12.71,12.71,-0.03,-0.24,2035,25864,20.47,11.35
CUMMINSIND,CUMMINSINDEQN,5550.0,5536.5,5536.5,-13.5,-0.24,388,2148162,6100.0,3494.2
COALINDIA,COALINDIAEQN,416.0,415.0,415.0,-1.0,-0.24,18849,7822335,491.25,368.65
FAZE3Q,FAZE3QEQN,551.25,549.9,549.9,-1.35,-0.24,50,27495,650.05,322.1
NITTAGELA,NITTAGELAEQN,1729.2,1725.0,1725.0,-4.2,-0.24,53,91425,2087.2,837.05
QUADFUTURE,QUADFUTUREEQN,360.95,360.05,360.05,-0.9,-0.25,485,174624,502.4,248.55
BOROSCI,BOROSCIEQN,153.42,153.03,153.03,-0.39,-0.25,21387,3272852,180.8,96.64
MAMATA,MAMATAEQN,403.15,402.15,402.15,-1.0,-0.25,50,20107,515.0,297.0
ANUP,ANUPEQN,2175.4,2170.0,2170.0,-5.4,-0.25,121,262570,2700.0,1422.3
BIOCON,BIOCONEQN,427.0,425.95,425.95,-1.05,-0.25,4365,1859271,447.15,331.0
IZMO,IZMOEQN,988.9,986.4,986.4,-2.5,-0.25,311,306770,1374.7,350.05
BLUESTONE,BLUESTONEEQN,802.7,800.7,800.7,-2.0,-0.25,8157,6531309,869.5,399.8
SHILCTECH,SHILCTECHEQN,4682.5,4670.1,4670.1,-12.4,-0.26,49,228834,5399.0,2852.5
INNOVISION,INNOVISIONEQN,285.75,285.0,285.0,-0.75,-0.26,81,23085,470.0,278.0
SAPPHIRE,SAPPHIREEQN,187.48,187.0,187.0,-0.48,-0.26,2268,424116,347.9,139.91
ACMESOLAR,ACMESOLAREQN,371.1,370.1,370.1,-1.0,-0.27,3974,1470777,398.65,195.9
UJJIVANSFB,UJJIVANSFBEQN,71.14,70.95,70.95,-0.19,-0.27,33988,2411448,73.29,41.32
PICCADIL,PICCADILEQN,752.0,750.0,750.0,-2.0,-0.27,79,59250,805.5,515.0
HIMATSEIDE,HIMATSEIDEEQN,80.99,80.76,80.76,-0.23,-0.28,654,52817,136.14,72.01
INDIASHLTR,INDIASHLTREQN,726.5,724.5,724.5,-2.0,-0.28,1106,801297,975.0,653.2
NECLIFE,NECLIFEBEN,10.72,10.69,10.69,-0.03,-0.28,16,171,22.4,9.3
VEDPOWER,VEDPOWEREQN,35.2,35.1,35.1,-0.1,-0.28,98471,3456332,49.88,33.06
ABREL,ABRELEQN,1432.1,1428.0,1428.0,-4.1,-0.29,204,291312,1965.3,1080.1
V2RETAIL,V2RETAILEQN,218.64,218.0,218.0,-0.64,-0.29,541,117938,259.25,158.56
HINDOILEXP,HINDOILEXPEQN,161.13,160.67,160.67,-0.46,-0.29,985,158259,188.65,117.5
INDIAGLYCO,INDIAGLYCOEQN,1145.2,1141.9,1141.9,-3.3,-0.29,51,58236,1222.0,792.5
SOMANYCERA,SOMANYCERAEQN,509.0,507.5,507.5,-1.5,-0.29,26,13195,552.45,332.0
SAMPANN,SAMPANNEQN,27.14,27.06,27.06,-0.08,-0.29,100,2706,43.44,23.75
ICICIAMC,ICICIAMCEQN,3099.1,3090.0,3090.0,-9.1,-0.29,335,1035150,3611.0,2530.0
IVALUE,IVALUEEQN,274.7,273.9,273.9,-0.8,-0.29,700,191730,340.0,207.35
TRANSRAILL,TRANSRAILLEQN,500.25,498.75,498.75,-1.5,-0.3,531,264836,855.8,450.05
ALEMBICLTD,ALEMBICLTDEQN,91.67,89.0,89.0,-0.27,-0.3,8103,721167,114.8,70.46
ORCHPHARMA,ORCHPHARMAEQN,990.65,987.7,987.7,-2.95,-0.3,10,9877,1119.8,480.0
RELIANCE,RELIANCEEQN,1319.0,1315.0,1315.0,-4.0,-0.3,83063,109227845,1611.8,1249.8
IFBIND,IFBINDEQN,1354.0,1350.0,1350.0,-4.0,-0.3,510,688500,2019.8,883.2
EASEMYTRIP,EASEMYTRIPEQN,6.6,6.58,6.58,-0.02,-0.3,139540,918173,10.6,5.77
VESUVIUS,VESUVIUSEQN,451.4,450.0,450.0,-1.4,-0.31,612,275400,607.9,430.3
PURVA,PURVAEQN,207.67,207.0,207.0,-0.67,-0.32,626,129582,305.0,160.69
KRISHANA,KRISHANAEQN,180.38,179.8,179.8,-0.58,-0.32,2740,492652,193.9,86.2
SPMLINFRA,SPMLINFRAEQN,196.13,195.5,195.5,-0.63,-0.32,241,47115,309.9,151.01
EICHERMOT,EICHERMOTEQN,8050.0,8024.0,8024.0,-26.0,-0.32,6493,52099832,8230.0,5520.0
CUB,CUBEQN,204.65,204.0,204.0,-0.65,-0.32,12896,2630784,245.38,145.13
CDSL,CDSLEQN,1322.2,1318.0,1318.0,-4.2,-0.32,10927,14401786,1673.7,1116.3
ITC,ITCEQN,287.0,287.0,286.05,-0.95,-0.33,64907,0,427.0,275.0
PRIVISCL,PRIVISCLEQN,3597.0,3585.0,3585.0,-12.0,-0.33,46,164910,3785.3,2173.2
KSCL,KSCLEQN,780.5,777.95,777.95,-2.55,-0.33,218,169593,1225.0,705.1
ANGELONE,ANGELONEEQN,302.0,301.0,301.0,-1.0,-0.33,10286,3096086,360.45,208.63
CRISIL,CRISILEQN,4424.9,4410.2,4410.2,-14.7,-0.33,23,101434,5451.0,3686.0
JSWDULUX,JSWDULUXEQN,3015.5,3005.5,3005.5,-10.0,-0.33,39,117214,3783.0,2658.7
CRAMC,CRAMCEQN,261.2,260.35,260.35,-0.85,-0.33,1213,315804,353.4,214.2
CIPLA,CIPLAEQN,1474.4,1469.6,1469.6,-4.8,-0.33,3012,4426435,1673.0,1165.7
RUDRA,RUDRAEQN,18.06,18.0,18.0,-0.06,-0.33,1,18,29.7,14.63
VSSL,VSSLEQN,304.0,303.0,303.0,-1.0,-0.33,336,101808,325.85,206.4
SALASAR,SALASAREQN,5.9,5.88,5.88,-0.02,-0.34,16474,96867,10.99,5.59
EQUITASBNK,EQUITASBNKEQN,76.26,76.0,76.0,-0.26,-0.34,7189,546364,83.9,50.0
KPIL,KPILEQN,1283.5,1279.1,1279.1,-4.4,-0.34,250,319775,1479.6,1007.1
POLYPLEX,POLYPLEXEQN,1094.8,1091.1,1091.1,-3.7,-0.34,127,138569,1179.9,740.0
BALKRISIND,BALKRISINDEQN,2492.2,2479.7,2479.7,-8.5,-0.34,511,1267126,2775.0,1970.0
MOSCHIP,MOSCHIPEQN,210.23,209.5,209.5,-0.73,-0.35,7874,1649603,288.45,146.8
MIDWESTLTD,MIDWESTLTDEQN,1214.9,1210.7,1210.7,-4.2,-0.35,17,20581,1859.9,1048.5
MEIL,MEILEQN,289.0,288.0,288.0,-1.0,-0.35,108,31104,573.7,206.26
THELEELA,THELEELAEQN,501.8,500.0,500.0,-1.8,-0.36,605,302500,517.95,384.5
SUPERHOUSE,SUPERHOUSEEQN,158.57,158.0,158.0,-0.57,-0.36,30,4740,201.95,128.55
KKCL,KKCLEQN,509.95,508.1,508.1,-1.85,-0.36,61,30994,595.0,408.35
PFC,PFCEQN,421.5,420.0,420.0,-1.5,-0.36,25695,10791900,486.5,329.9
GLOBAL,GLOBALEQN,101.36,101.0,101.0,-0.36,-0.36,35,3535,121.9,55.3
DYCL,DYCLEQN,402.45,401.0,401.0,-1.45,-0.36,403,161603,520.0,236.8
CARYSIL,CARYSILEQN,1188.3,1184.0,1184.0,-4.3,-0.36,47,55648,1280.9,732.1
RAINBOW,RAINBOWEQN,1545.6,1540.1,1540.1,-5.5,-0.36,778,1198197,1593.7,1084.0
HOMEFIRST,HOMEFIRSTEQN,1170.2,1166.0,1166.0,-4.2,-0.36,952,1110032,1375.0,893.7
BORANA,BORANAEQN,318.85,317.7,317.7,-1.15,-0.36,25,7942,420.0,211.0
ANANDRATHI,ANANDRATHIEQN,2058.7,2051.2,2051.2,-7.5,-0.36,763,1565065,2176.2,1270.0
GRADIENTE,GRADIENTEBEN,2.78,2.77,2.77,-0.01,-0.36,20,55,9.4,2.08
BRIGADE,BRIGADEEQN,583.65,581.55,581.55,-2.1,-0.36,686,398943,802.01,450.75
TIPSMUSIC,TIPSMUSICEQN,688.55,686.0,686.0,-2.55,-0.37,407,279202,741.0,481.15
SCHNEIDER,SCHNEIDEREQN,1346.1,1341.1,1341.1,-5.0,-0.37,186,249444,1548.0,571.85
ROUTE,ROUTEEQN,537.05,535.0,535.0,-2.05,-0.38,943,504505,921.6,410.7
QLINE,QLINESMN,552.1,550.0,550.0,-2.1,-0.38,400,220000,600.0,431.0
POLYMED,POLYMEDEQN,1727.9,1721.1,1721.1,-6.8,-0.39,118,203089,2144.9,1182.0
TEAMLEASE,TEAMLEASEEQN,1239.8,1235.0,1235.0,-4.8,-0.39,114,140790,1948.8,1065.2
LICHSGFIN,LICHSGFINEQN,519.0,516.95,516.95,-2.05,-0.39,5822,3009682,598.2,458.9
LENSKART,LENSKARTEQN,568.35,566.15,566.15,-2.2,-0.39,1030,583134,575.7,356.1
OPTIEMUS,OPTIEMUSEQN,657.8,655.15,655.15,-2.65,-0.4,439,287610,713.0,288.0
GREENPANEL,GREENPANELEQN,196.72,195.94,195.94,-0.78,-0.4,565,110706,333.8,163.01
GRINFRA,GRINFRAEQN,907.0,903.4,903.4,-3.6,-0.4,90,81306,1345.0,785.0
BOROLTD,BOROLTDEQN,233.47,232.54,232.54,-0.93,-0.4,634,147430,397.95,213.73
KITEX,KITEXEQN,146.34,145.76,145.76,-0.58,-0.4,2100,306096,232.7,138.2
VOGL,VOGLEQN,35.24,35.1,35.1,-0.14,-0.4,73096,2565669,47.6,30.42
ADANIPOWER,ADANIPOWEREQN,213.65,212.8,212.8,-0.85,-0.4,35115,7472472,254.2,110.45
INDSWFTLAB,INDSWFTLABEQN,228.63,227.7,227.7,-0.93,-0.41,795,181021,248.45,87.15
WELSPUNLIV,WELSPUNLIVEQN,154.63,154.0,154.0,-0.63,-0.41,5681,874874,174.97,107.1
CYIENT,CYIENTEQN,858.55,855.0,855.0,-3.55,-0.41,420,359100,1284.7,750.3
JAYBARMARU,JAYBARMARUEQN,162.17,161.5,161.5,-0.67,-0.41,605,97707,207.0,74.15
DEVIT,DEVITEQN,27.12,27.01,27.01,-0.11,-0.41,1,27,50.89,22.25
IFCI,IFCIEQN,77.31,76.99,76.99,-0.32,-0.41,78875,6072586,95.8,46.23
LLOYDSME,LLOYDSMEEQN,2050.6,2042.1,2042.1,-8.5,-0.41,1365,2787466,2100.0,1042.9
TBZ,TBZEQN,287.7,286.5,286.5,-1.2,-0.42,1230,352395,295.7,110.5
HCG,HCGEQN,671.75,668.9,668.9,-2.85,-0.42,500,334450,796.68,513.3
BPCL,BPCLEQN,329.95,328.55,328.55,-1.4,-0.42,23848,7835260,391.65,266.6
GRANULES,GRANULESEQN,843.2,839.7,839.7,-3.5,-0.42,1274,1069777,910.0,432.6
BCG,BCGEQN,9.35,9.31,9.31,-0.04,-0.43,25186,234481,17.7,7.7
TCS,TCSEQN,2473.7,2463.1,2463.1,-10.6,-0.43,47999,118226336,3350.0,1976.8
MANYAVAR,MANYAVAREQN,418.75,416.95,416.95,-1.8,-0.43,390,162610,796.55,329.2
CELLO,CELLOEQN,345.55,344.05,344.05,-1.5,-0.43,2034,699797,673.8,336.6
TARC,TARCEQN,135.7,135.1,135.1,-0.6,-0.44,42,5674,186.3,109.1
SAREGAMA,SAREGAMAEQN,514.2,511.95,511.95,-2.25,-0.44,3046,1559399,535.9,307.05
LT,LTEQN,4025.0,4007.2,4007.2,-17.8,-0.44,13951,55904447,4440.0,3288.1
SREEL,SREELEQN,216.45,215.5,215.5,-0.95,-0.44,40,8620,258.0,165.25
ITDC,ITDCEQN,715.2,712.05,712.05,-3.15,-0.44,1718,1223301,822.0,368.0
HUDCO,HUDCOEQN,199.38,198.5,198.5,-0.88,-0.44,6409,1272186,246.85,159.0
VIJAYA,VIJAYAEQN,1354.0,1348.0,1348.0,-6.0,-0.44,75,101100,1440.0,848.0
GULPOLY,GULPOLYEQN,198.5,197.6,197.6,-0.9,-0.45,400,79040,221.75,121.5
HDFCAMC,HDFCAMCEQN,2600.6,2589.0,2589.0,-11.6,-0.45,1492,3862788,2967.25,2205.6
GUJALKALI,GUJALKALIEQN,697.25,694.1,694.1,-3.15,-0.45,509,353296,815.0,409.15
TIL,TILEQN,259.9,258.7,258.7,-1.2,-0.46,1184,306300,371.95,161.25
SONATSOFTW,SONATSOFTWEQN,345.85,344.25,344.25,-1.6,-0.46,9239,3180525,421.5,207.15
MSTCLTD,MSTCLTDEQN,608.8,606.0,606.0,-2.8,-0.46,922,558732,743.9,362.15
NESTLEIND,NESTLEINDEQN,1530.0,1523.0,1523.0,-7.0,-0.46,7674,11687502,1532.6,1084.7
IKIO,IKIOEQN,201.54,200.6,200.6,-0.94,-0.47,679,136207,252.9,103.53
AUBANK,AUBANKEQN,1060.0,1055.0,1055.0,-5.0,-0.47,1893,1997115,1090.4,682.15
CARBORUNIV,CARBORUNIVEQN,1095.5,1090.4,1090.4,-5.1,-0.47,427,465600,1306.9,735.2
SPENCERS,SPENCERSEQN,33.23,33.07,33.07,-0.16,-0.48,45,1488,64.0,24.38
GSPCROP,GSPCROPEQN,587.85,585.0,585.0,-2.85,-0.48,53,31005,594.0,328.0
SEAMECLTD,SEAMECLTDEQN,1457.2,1450.0,1450.0,-7.2,-0.49,373,540850,1709.2,752.55
ACCENTMIC,ACCENTMICSMN,508.0,505.5,505.5,-2.5,-0.49,500,252750,530.0,238.0
MINDTECK,MINDTECKEQN,193.37,192.4,192.4,-0.97,-0.5,9,1731,307.68,145.13
KOTARISUG,KOTARISUGEQN,26.13,26.0,26.0,-0.13,-0.5,175,4550,37.68,22.5
JASH,JASHEQN,500.6,498.1,498.1,-2.5,-0.5,180,89658,578.7,327.1
KOTAKBANK,KOTAKBANKEQN,397.5,395.5,395.5,-2.0,-0.5,34131,13498810,453.2,345.5
CUBEXTUB,CUBEXTUBEQN,79.65,79.25,79.25,-0.4,-0.5,14,1109,143.69,73.1
BEL,BELEQN,392.15,390.2,390.2,-1.95,-0.5,56084,21883976,473.45,361.2
DRREDDY,DRREDDYEQN,1180.0,1174.0,1174.0,-6.0,-0.51,11902,13972948,1414.9,1101.0
PRABHA,PRABHAEQN,153.78,153.0,153.0,-0.78,-0.51,100,15300,269.9,137.91
TANLA,TANLAEQN,614.15,611.0,611.0,-3.15,-0.51,2722,1663142,766.0,365.9
VOLTAMP,VOLTAMPEQN,10021.0,9970.0,9970.0,-51.0,-0.51,167,1664990,12863.0,6666.0
EMSLIMITED,EMSLIMITEDEQN,414.35,412.25,412.25,-2.1,-0.51,314,129446,617.05,256.05
UDS,UDSEQN,206.06,205.0,205.0,-1.06,-0.51,1000,205000,294.9,125.1
GRINDWELL,GRINDWELLEQN,2087.8,2077.0,2077.0,-10.8,-0.52,80,166160,2455.0,1329.0
GODREJAGRO,GODREJAGROEQN,565.05,562.1,562.1,-2.95,-0.52,223,125348,851.0,506.1
ATL,ATLEQN,23.28,23.16,23.16,-0.12,-0.52,49,1134,37.86,18.2
BRITANNIA,BRITANNIAEQN,5531.0,5502.0,5502.0,-29.0,-0.52,688,3785376,6336.0,5035.0
JSLL,JSLLEQN,582.5,579.5,579.5,-3.0,-0.52,1514,877363,849.5,492.0
SBIFUNDS,SBIFUNDSEQN,588.05,585.0,585.0,-3.05,-0.52,38381,22452885,624.95,565.05
EMMVEE,EMMVEEEQN,319.55,317.9,317.9,-1.65,-0.52,3243,1030949,371.55,171.51
NUCLEUS,NUCLEUSEQN,696.7,693.0,693.0,-3.7,-0.53,30,20790,1084.8,682.0
SINDHUTRAD,SINDHUTRADEQN,24.5,24.37,24.37,-0.13,-0.53,1502,36603,32.74,17.64
CREDITACC,CREDITACCEQN,1558.2,1550.0,1550.0,-8.2,-0.53,889,1377950,1634.0,1113.0
RHFL,RHFLBZN,1.88,1.87,1.87,-0.01,-0.53,8610,16100,5.51,1.82
GODREJCP,GODREJCPEQN,1085.9,1080.0,1080.0,-5.9,-0.54,412,444960,1309.0,967.05
WELCORP,WELCORPEQN,1715.3,1706.0,1706.0,-9.3,-0.54,1528,2606768,1721.9,710.0
ICICIBANK,ICICIBANKEQN,1460.0,1452.0,1452.0,-8.0,-0.55,329940,479072880,1480.0,1187.6
SYMPHONY,SYMPHONYEQN,682.75,679.0,679.0,-3.75,-0.55,504,342216,1078.1,656.0
SMCGLOBAL,SMCGLOBALEQN,79.94,79.5,79.5,-0.44,-0.55,251,19954,94.9,54.44
SWIGGY,SWIGGYEQN,288.0,286.35,286.35,-1.65,-0.57,22601,6471796,474.0,235.75
ARFIN,ARFINEQN,85.49,85.0,85.0,-0.49,-0.57,22294,1894990,106.2,32.0
ABSLAMC,ABSLAMCEQN,1017.8,1012.0,1012.0,-5.8,-0.57,575,581900,1224.9,708.0
ABFRL,ABFRLEQN,62.41,62.05,62.05,-0.36,-0.58,7871,488395,94.95,53.51
MANINFRA,MANINFRAEQN,99.82,99.24,99.24,-0.58,-0.58,2012,199670,174.3,77.12
GREENPLY,GREENPLYEQN,287.4,285.25,285.25,-1.65,-0.58,1695,483498,334.4,176.42
BESTAGRO,BESTAGROEQN,18.89,18.78,18.78,-0.11,-0.58,5954,111816,35.58,12.3
SHREDIGCEM,SHREDIGCEMEQN,73.93,73.5,73.5,-0.43,-0.58,16,1176,107.7,53.9
LORDSCHLO,LORDSCHLOEQN,147.86,147.0,147.0,-0.86,-0.58,57,8379,233.0,108.0
BAJAJHLDNG,BAJAJHLDNGEQN,11599.0,11530.0,11530.0,-69.0,-0.59,50,576500,14763.0,8588.0
UNIENTER,UNIENTEREQN,97.08,96.5,96.5,-0.58,-0.6,1,96,161.99,87.51
THEJO,THEJOEQN,2169.1,2156.0,2156.0,-13.1,-0.6,12,25872,2395.0,1443.6
AEGISLOG,AEGISLOGEQN,1388.3,1380.0,1380.0,-8.3,-0.6,4402,6074760,1434.5,576.1
INDORAMA,INDORAMAEQN,63.49,63.11,63.11,-0.38,-0.6,6762,426749,75.0,29.0
OMINFRAL,OMINFRALEQN,91.6,91.04,91.04,-0.56,-0.61,120,10924,144.0,71.5
MARATHON,MARATHONEQN,402.25,399.8,399.8,-2.45,-0.61,266,106346,698.4,368.3
MAITHANALL,MAITHANALLEQN,963.9,958.0,958.0,-5.9,-0.61,493,472294,1210.1,831.2
HLEGLAS,HLEGLASEQN,422.85,420.25,420.25,-2.6,-0.61,925,388731,661.95,250.0
MAANALU,MAANALUEQN,126.78,126.0,126.0,-0.78,-0.62,315,39690,184.74,100.0
RUBFILA,RUBFILAEQN,71.45,71.0,71.0,-0.45,-0.63,22,1562,89.24,57.31
RESPONIND,RESPONINDEQN,173.3,172.2,172.2,-1.1,-0.63,102,17564,240.9,117.25
KCP,KCPEQN,152.97,152.0,152.0,-0.97,-0.63,3474,528048,215.19,125.0
AXISBANK,AXISBANKEQN,1272.0,1264.0,1264.0,-8.0,-0.63,45205,57139120,1418.3,1042.5
SUNPHARMA,SUNPHARMAEQN,1963.5,1951.1,1951.1,-12.4,-0.63,9304,18153034,2046.9,1548.0
DIGITIDE,DIGITIDEEQN,100.15,99.52,99.52,-0.63,-0.63,1824,181524,222.25,69.9
IIFLCAPS,IIFLCAPSEQN,336.65,334.5,334.5,-2.15,-0.64,14582,4877679,411.3,240.4
INDOBORAX,INDOBORAXEQN,418.7,416.0,416.0,-2.7,-0.64,1971,819936,499.0,224.0
TATACONSUM,TATACONSUMEQN,1110.0,1102.9,1102.9,-7.1,-0.64,5625,6203812,1282.7,1007.2
PROSTARM,PROSTARMEQN,135.87,135.0,135.0,-0.87,-0.64,798,107730,237.0,114.64
SAATVIKGL,SAATVIKGLEQN,437.8,435.0,435.0,-2.8,-0.64,23,10005,567.0,328.0
SNOWMAN,SNOWMANEQN,38.5,38.25,38.25,-0.25,-0.65,963,36834,59.8,30.5
MUNJALAU,MUNJALAUEQN,103.68,103.01,103.01,-0.67,-0.65,1999,205916,114.99,67.2
SAURASHCEM,SAURASHCEMEQN,60.14,59.75,59.75,-0.39,-0.65,248,14818,128.0,47.65
AFCONS,AFCONSEQN,275.95,274.15,274.15,-1.8,-0.65,5292,1450801,479.4,265.8
RADHIKAJWE,RADHIKAJWEEQN,71.22,71.42,70.75,-0.47,-0.66,6877,0,103.7,50.01
WINDLAS,WINDLASEQN,867.8,862.05,862.05,-5.75,-0.66,5,4310,1097.9,697.4
KANANIIND,KANANIINDEQN,1.5,1.49,1.49,-0.01,-0.67,1319,1965,2.27,1.02
HARIOMPIPE,HARIOMPIPEEQN,402.7,400.0,400.0,-2.7,-0.67,1050,420000,572.2,268.05
ROSSTECH,ROSSTECHEQN,1067.1,1060.0,1060.0,-7.1,-0.67,1016,1076960,1122.0,549.05
RAJOOENG,RAJOOENGBEN,52.45,52.1,52.1,-0.35,-0.67,300,15630,109.5,46.0
PONNIERODE,PONNIERODEEQN,328.3,326.0,326.0,-2.3,-0.7,10,3260,359.0,252.4
INDNIPPON,INDNIPPONEQN,1173.2,1165.0,1165.0,-8.2,-0.7,13,15145,1278.2,675.0
MUFTI,MUFTIEQN,82.69,82.11,82.11,-0.58,-0.7,102,8375,132.8,63.06
TVSSCS,TVSSCSEQN,136.9,135.9,135.9,-1.0,-0.73,403,54767,146.5,90.32
SBILIFE,SBILIFEEQN,1915.0,1901.0,1901.0,-14.0,-0.73,3707,7047007,2132.0,1700.4
NINSYS,NINSYSBEN,751.5,746.0,746.0,-5.5,-0.73,8,5968,935.0,281.05
TSFINV,TSFINVEQN,454.3,451.0,451.0,-3.3,-0.73,371,167321,701.5,331.7
MANAKSIA,MANAKSIAEQN,56.67,56.25,56.25,-0.42,-0.74,200,11250,77.39,42.1
OBEROIRLTY,OBEROIRLTYEQN,1861.1,1847.1,1847.1,-14.0,-0.75,924,1706720,1986.1,1391.2
INDIACEM,INDIACEMEQN,390.95,388.0,388.0,-2.95,-0.75,2306,894728,485.8,342.35
AMNPLST,AMNPLSTEQN,197.51,196.0,196.0,-1.51,-0.76,1,196,250.0,127.0
UTKARSHBNK,UTKARSHBNKEQN,14.56,14.45,14.45,-0.11,-0.76,17380,251141,22.03,10.12
KSOLVES,KSOLVESEQN,282.8,280.65,280.65,-2.15,-0.76,620,174003,354.85,245.75
STALLION,STALLIONEQN,265.45,263.4,263.4,-2.05,-0.77,11701,3082043,359.15,94.78
AAKASH,AAKASHEQN,8.98,8.91,8.91,-0.07,-0.78,116,1033,13.4,7.21
AIIL,AIILEQN,548.8,544.5,544.5,-4.3,-0.78,551,300019,683.0,400.0
EBGNG,EBGNGEQN,535.2,531.0,531.0,-4.2,-0.78,515,273465,689.5,239.0
RSWM,RSWMBEN,224.76,223.0,223.0,-1.76,-0.78,430,95890,225.29,120.0
FLAIR,FLAIREQN,252.0,250.0,250.0,-2.0,-0.79,662,165500,348.8,242.9
M&M,M&MEQN,3428.6,3401.0,3401.0,-27.6,-0.8,53672,182538472,3839.9,2896.0
JAYKAY,JAYKAYEQN,165.32,164.0,164.0,-1.32,-0.8,279,45756,219.7,115.52
APCL,APCLEQN,102.03,101.2,101.2,-0.83,-0.81,1,101,154.0,98.35
MUKKA,MUKKAEQN,23.29,23.1,23.1,-0.19,-0.82,1218,28135,31.23,18.27
NATCAPSUQ,NATCAPSUQEQN,162.33,161.0,161.0,-1.33,-0.82,51,8211,296.0,136.36
NTPC,NTPCEQN,350.9,348.0,348.0,-2.9,-0.83,73987,25747476,414.4,315.55
HLVLTD,HLVLTDEQN,7.21,7.15,7.15,-0.06,-0.83,615,4397,13.15,5.6
NYKAA,NYKAAEQN,344.9,342.0,342.0,-2.9,-0.84,20725,7087950,344.9,200.14
XTGLOBAL,XTGLOBALEQN,33.38,33.1,33.1,-0.28,-0.84,640,21184,46.25,25.2
ENDURANCE,ENDURANCEEQN,2787.6,2764.1,2764.1,-23.5,-0.84,128,353804,3079.9,2142.8
AEPL,AEPLEQN,14.32,14.2,14.2,-0.12,-0.84,30,426,20.25,13.25
NELCAST,NELCASTEQN,121.35,120.31,120.31,-1.04,-0.86,801,96368,176.8,85.98
KOLTEPATIL,KOLTEPATILEQN,391.4,388.0,388.0,-3.4,-0.87,85,32980,483.9,292.25
ONWARDTEC,ONWARDTECEQN,293.85,291.3,291.3,-2.55,-0.87,229,66707,357.0,208.25
FEDDERSHOL,FEDDERSHOLEQN,42.4,42.03,42.03,-0.37,-0.87,800,33624,53.49,32.06
SPAL,SPALEQN,988.7,980.0,980.0,-8.7,-0.88,732,717360,1221.9,600.0
HINDUNILVR,HINDUNILVREQN,2138.0,2119.1,2119.1,-18.9,-0.88,5594,11854245,2750.0,2016.0
BUTTERFLY,BUTTERFLYEQN,736.5,730.0,730.0,-6.5,-0.88,524,382520,823.85,565.8
DIACABS,DIACABSBEN,322.85,320.0,320.0,-2.85,-0.88,2744,878080,0.0,0.0
EFCIL,EFCILEQN,193.96,192.25,192.25,-1.71,-0.88,429,82475,350.0,171.55
AMJLAND,AMJLANDEQN,38.12,37.78,37.78,-0.34,-0.89,35,1322,61.0,30.3
BAJAJ-AUTO,BAJAJ-AUTOEQN,11856.0,11750.0,11750.0,-106.0,-0.89,8531,100239250,11856.0,7858.5
METALIC,METALICSTN,100.9,100.0,100.0,-0.9,-0.89,28800,2880000,100.9,81.4
MAHEPC,MAHEPCEQN,107.76,106.8,106.8,-0.96,-0.89,10,1068,185.12,91.91
CORALFINAC,CORALFINACEQN,33.4,33.1,33.1,-0.3,-0.9,50,1655,50.9,25.01
MGEL,MGELBEN,15.51,15.37,15.37,-0.14,-0.9,700,10759,18.4,9.53
FACT,FACTEQN,843.25,835.65,835.65,-7.6,-0.9,555,463785,1058.6,652.1
ALANKIT,ALANKITEQN,7.77,7.7,7.7,-0.07,-0.9,395,3041,15.65,6.8
PRESTIGE,PRESTIGEEQN,1670.0,1655.0,1655.0,-15.0,-0.9,704,1165120,1805.2,1090.0
JSWSTEEL,JSWSTEELEQN,1292.3,1280.5,1280.5,-11.8,-0.91,4142,5303831,1328.0,1022.3
PHOENIXLTD,PHOENIXLTDEQN,1955.0,1937.2,1937.2,-17.8,-0.91,849,1644682,2169.8,1402.5
PVSL,PVSLEQN,107.19,106.19,106.19,-1.0,-0.93,50,5309,163.0,82.41
RPEL,RPELEQN,1245.6,1234.0,1234.0,-11.6,-0.93,219,270246,1371.8,561.3
DEEPINDS,DEEPINDSEQN,649.3,643.25,643.25,-6.05,-0.93,5602,3603486,655.0,330.0
JNKINDIA,JNKINDIAEQN,410.85,407.0,407.0,-3.85,-0.94,3593,1462351,558.0,200.92
TARMAT,TARMATEQN,50.13,49.66,49.66,-0.47,-0.94,10,496,73.9,46.26
SHRIRAMFIN,SHRIRAMFINEQN,1090.2,1080.0,1080.0,-10.2,-0.94,27894,30125520,1108.0,566.5
SUKHJITS,SUKHJITSEQN,164.66,163.1,163.1,-1.56,-0.95,30,4893,231.1,137.3
MUTHOOTMF,MUTHOOTMFEQN,235.66,233.41,233.41,-2.25,-0.95,1708,398664,262.77,141.2
BLUEDART,BLUEDARTEQN,5427.0,5375.5,5375.5,-51.5,-0.95,384,2064192,7036.0,4628.5
AIAENG,AIAENGEQN,4684.6,4640.0,4640.0,-44.6,-0.95,93,431520,5180.0,3001.1
WAKEFIT,WAKEFITEQN,130.05,128.81,128.81,-1.24,-0.95,1756,226190,224.0,111.4
LEXUS,LEXUSEQN,14.64,14.5,14.5,-0.14,-0.96,6,87,39.25,12.74
FLUOROCHEM,FLUOROCHEMEQN,4483.5,4440.1,4440.1,-43.4,-0.97,120,532812,4653.2,2916.6
GLOBALVECT,GLOBALVECTEQN,165.1,163.5,163.5,-1.6,-0.97,269,43981,248.0,129.0
BALUFORGE,BALUFORGEEQN,444.85,440.5,440.5,-4.35,-0.98,1533,675286,697.0,341.05
TERASOFT,TERASOFTEQN,389.1,385.3,385.3,-3.8,-0.98,235,90545,598.0,282.8
PARKHOSPS,PARKHOSPSEQN,288.6,285.75,285.75,-2.85,-0.99,4745,1355883,305.0,138.1
BAIDFIN,BAIDFINEQN,10.01,9.91,9.91,-0.1,-1.0,3000,29730,12.98,8.8
BAJAJFINSV,BAJAJFINSVEQN,2096.0,2075.0,2075.0,-21.0,-1.0,4168,8648600,2195.0,1597.0
KIRLFER,KIRLFEREQN,475.05,470.3,470.3,-4.75,-1.0,107,50322,513.0,408.0
OMAXAUTO,OMAXAUTOBEN,190.92,189.01,189.01,-1.91,-1.0,55,10395,263.4,84.5
SGMART,SGMARTEQN,699.25,692.1,692.1,-7.15,-1.02,2755,1906735,737.45,313.1
INFY,INFYEQN,1180.0,1168.0,1168.0,-12.0,-1.02,74947,87538096,1728.0,982.4
GOKUL,GOKULEQN,39.43,39.02,39.02,-0.41,-1.04,1,39,45.89,31.0
SIGIND,SIGINDEQN,55.93,55.35,55.35,-0.58,-1.04,10,553,61.95,40.66
RELIGARE,RELIGAREEQN,261.1,258.35,258.35,-2.75,-1.05,434,112123,280.0,196.51
TCI,TCIEQN,914.6,905.0,905.0,-9.6,-1.05,578,523090,1242.0,868.05
SENCO,SENCOEQN,388.1,384.0,384.0,-4.1,-1.06,11154,4283136,430.0,276.0
PAISALO,PAISALOEQN,72.29,71.52,71.52,-0.77,-1.07,24907,1781348,77.39,29.86
ASTRAZEN,ASTRAZENEQN,8300.0,8210.0,8210.0,-90.0,-1.08,45,369450,9849.5,7551.5
ULTRACEMCO,ULTRACEMCOEQN,12054.0,11920.0,11920.0,-134.0,-1.11,1354,16139680,13110.0,10325.0
KAVDEFENCE,KAVDEFENCEEQN,58.52,57.87,57.87,-0.65,-1.11,116,6712,162.87,51.51
RAMANEWS,RAMANEWSEQN,30.85,30.5,30.5,-0.35,-1.13,100,3050,42.0,27.05
CPEDU,CPEDUEQN,207.48,205.11,205.11,-2.37,-1.14,92,18870,338.75,141.0
RILINFRA,RILINFRASMN,38.75,38.3,38.3,-0.45,-1.16,100,3830,47.5,27.6
DABUR,DABUREQN,425.8,420.8,420.8,-5.0,-1.17,42701,17968580,577.0,403.35
WEALTH,WEALTHEQN,939.25,928.05,928.05,-11.2,-1.19,10,9280,1386.7,774.95
UTSSAV,UTSSAVSTN,516.15,510.0,510.0,-6.15,-1.19,600,306000,568.0,160.05
FLEXITUFF,FLEXITUFFBEN,4.2,4.15,4.15,-0.05,-1.19,203,842,31.39,4.1
BHAGCHEM,BHAGCHEMEQN,298.35,294.7,294.7,-3.65,-1.22,7292,2148952,316.9,170.6
JITFINFRA,JITFINFRAEQN,345.25,341.05,341.05,-4.2,-1.22,20,6821,478.0,222.35
MONEYBOXX,MONEYBOXXEQN,60.69,59.95,59.95,-0.74,-1.22,200,11990,91.5,44.02
XTRANET,XTRANETBEN,124.01,122.5,122.5,-1.51,-1.22,2815,344837,136.9,122.74
PPL,PPLBEN,262.25,259.0,259.0,-3.25,-1.24,352,91168,371.1,163.21
ECLERX,ECLERXEQN,1922.2,1898.2,1898.2,-24.0,-1.25,474,899746,2497.5,1320.0
ASIANPAINT,ASIANPAINTEQN,2810.0,2774.9,2774.9,-35.1,-1.25,2795,7755845,2985.7,2115.0
JEYYAM,JEYYAMSTN,24.0,23.7,23.7,-0.3,-1.25,2000,47400,74.5,21.6
GLOTTIS,GLOTTISBEN,67.06,66.22,66.22,-0.84,-1.25,164,10860,93.0,37.0
GRASIM,GRASIMEQN,3260.0,3219.0,3219.0,-41.0,-1.26,10202,32840238,3260.0,2502.5
NAVNETEDUL,NAVNETEDULEQN,132.18,130.52,130.52,-1.66,-1.26,3759,490624,168.5,121.5
ZODIAC,ZODIACEQN,256.3,253.0,253.0,-3.3,-1.29,299,75647,462.35,205.55
TGBHOTELS,TGBHOTELSEQN,9.27,9.15,9.15,-0.12,-1.29,1,9,13.4,7.5
TITAN,TITANEQN,5000.0,4935.0,4935.0,-65.0,-1.3,5369,26496015,5000.0,3303.1
LATTEYS,LATTEYSBEN,19.86,19.6,19.6,-0.26,-1.31,50,980,37.0,15.79
SAHANA,SAHANASMN,831.6,820.6,820.6,-11.0,-1.32,150,123090,1074.17,570.83
UCAL,UCALEQN,113.51,112.0,112.0,-1.51,-1.33,1000,112000,148.2,77.0
HAPPYFORGE,HAPPYFORGEEQN,1699.2,1676.6,1676.6,-22.6,-1.33,911,1527382,1710.5,862.05
NAZARA,NAZARAEQN,339.55,335.0,335.0,-4.55,-1.34,155692,52156820,363.25,215.7
MANGALAM,MANGALAMEQN,26.98,26.61,26.61,-0.37,-1.37,540,14369,90.85,22.8
IREDA,IREDAEQN,123.0,121.29,121.29,-1.71,-1.39,479536,58162921,163.35,108.65
ACL,ACLEQN,47.72,47.05,47.05,-0.67,-1.4,250,11762,109.99,40.5
VMSTMT,VMSTMTBEN,44.38,43.76,43.76,-0.62,-1.4,320,14003,105.0,33.5
KRN,KRNBEN,1212.1,1195.0,1195.0,-17.1,-1.41,220,262900,1405.0,589.8
CCL,CCLEQN,1152.4,1136.0,1136.0,-16.4,-1.42,1305,1482480,1242.2,815.5
SAIPARENT,SAIPARENTEQN,554.55,546.6,546.6,-7.95,-1.43,66,36075,706.0,400.0
M&MFIN,M&MFINEQN,405.5,399.65,399.65,-5.85,-1.44,8353,3338276,412.2,251.0
GUJRAFFIA,GUJRAFFIAEQN,39.59,39.02,39.02,-0.57,-1.44,10,390,88.0,35.1
KPL,KPLEQN,2562.0,2525.0,2525.0,-37.0,-1.44,23,58075,2890.3,1561.0
LCL,LCLEQN,525.7,518.0,518.0,-7.7,-1.46,2672,1384096,547.7,461.0
LAL,LALEQN,8.13,8.01,8.01,-0.12,-1.48,2000,16020,12.77,5.56
SAMHI,SAMHIEQN,181.68,179.0,179.0,-2.68,-1.48,19301,3454879,228.19,127.0
STEL,STELEQN,565.75,557.3,557.3,-8.45,-1.49,100,55730,657.3,380.0
SILLYMONKS,SILLYMONKSEQN,15.13,14.9,14.9,-0.23,-1.52,22,327,28.45,14.61
TREL,TRELEQN,24.17,23.8,23.8,-0.37,-1.53,4600,109480,36.15,21.47
TPLPLASTEH,TPLPLASTEHEQN,81.26,80.0,80.0,-1.26,-1.55,720,57600,90.33,50.01
DIVISLAB,DIVISLABEQN,8585.0,8451.0,8451.0,-134.0,-1.56,3028,25589628,8585.0,5636.5
GUJTHEM,GUJTHEMEQN,356.6,351.05,351.05,-5.55,-1.56,75,26328,479.0,225.05
KAMDHENU,KAMDHENUBEN,34.55,34.0,34.0,-0.55,-1.59,520,17680,37.06,16.15
NGLFINE,NGLFINEEQN,3292.8,3240.0,3240.0,-52.8,-1.6,58,187920,3448.2,1175.5
LAGNAM,LAGNAMEQN,88.44,87.0,87.0,-1.44,-1.63,3,261,100.3,58.6
HBLENGINE,HBLENGINEEQN,739.2,727.0,727.0,-12.2,-1.65,19377,14087079,1122.0,586.1
MARALOVER,MARALOVERBEN,57.01,56.07,56.07,-0.94,-1.65,2648,148473,72.65,34.11
RAJTV,RAJTVEQN,10.76,10.58,10.58,-0.18,-1.67,4404,46594,46.9,10.76
KECL,KECLEQN,135.26,133.0,133.0,-2.26,-1.67,324,43092,148.0,75.47
NIBL,NIBLEQN,35.09,34.5,34.5,-0.59,-1.68,3,103,40.8,21.75
TATVA,TATVAEQN,1771.0,1741.1,1741.1,-29.9,-1.69,634,1103857,1838.1,976.4
PARSVNATH,PARSVNATHBEN,1.77,1.74,1.74,-0.03,-1.69,3226,5613,18.75,1.77
ADROITINFO,ADROITINFOEQN,9.87,9.7,9.7,-0.17,-1.72,106,1028,12.2,7.55
ALPINETEX,ALPINETEXEQN,71.68,70.44,70.44,-1.24,-1.73,4124,290494,0.0,0.0
HEXATRADEX,HEXATRADEXEQN,157.9,155.16,155.16,-2.74,-1.74,32,4965,194.89,147.26
FOCUS,FOCUSBEN,70.44,69.2,69.2,-1.24,-1.76,40,2768,110.0,57.06
NIRLON,NIRLONEQN,620.15,609.25,609.25,-10.9,-1.76,16,9748,657.0,516.03
AGL,AGLEQN,12.46,12.24,12.24,-0.22,-1.77,6226,76206,22.0,12.03
STARPAPER,STARPAPEREQN,150.7,148.0,148.0,-2.7,-1.79,25,3700,188.8,119.05
NDLVENTURE,NDLVENTUREEQN,129.34,127.01,127.01,-2.33,-1.8,236,29974,140.0,62.21
SIGNPOST,SIGNPOSTEQN,280.0,274.9,274.9,-5.1,-1.82,7837,2154391,336.8,191.41
CLEDUCATE,CLEDUCATEBEN,59.28,58.19,58.19,-1.09,-1.84,17,989,120.8,35.48
HINDCOMPOS,HINDCOMPOSEQN,425.55,417.5,417.5,-8.05,-1.89,11,4592,550.0,347.1
TRU,TRUEQN,4.71,4.62,4.62,-0.09,-1.91,78,360,15.72,4.46
PROPSHOP,PROPSHOPSTN,57.15,56.05,56.05,-1.1,-1.92,2000,112100,0.0,0.0
FEDERALBNK,FEDERALBNKEQN,371.7,364.55,364.55,-7.15,-1.92,83893,30583193,371.7,185.11
IFBAGRO,IFBAGROBEN,984.0,965.0,965.0,-19.0,-1.93,32,30880,1790.0,679.15
EXCELINDUS,EXCELINDUSEQN,1021.7,1002.0,1002.0,-19.7,-1.93,5,5010,1361.0,800.05
HILTON,HILTONBEN,21.37,20.95,20.95,-0.42,-1.97,1118,23422,51.58,13.43
TRANSPEK,TRANSPEKEQN,1414.5,1386.5,1386.5,-28.0,-1.98,292,404858,1447.9,952.3
SINTERCOM,SINTERCOMEQN,86.99,85.25,85.25,-1.74,-2.0,500,42625,135.19,62.99
GOKEX,GOKEXEQN,816.8,800.5,800.5,-16.3,-2.0,13475,10786737,954.9,531.0
ONIDA,ONIDABEN,39.85,39.05,39.05,-0.8,-2.01,828,32333,49.23,15.25
MFML,MFMLEQN,19.84,19.44,19.44,-0.4,-2.02,1,19,36.99,17.3
AVONMORE,AVONMOREEQN,11.36,11.13,11.13,-0.23,-2.02,29,322,23.9,9.05
MAHESHWARI,MAHESHWARIBEN,73.0,71.52,71.52,-1.48,-2.03,1,71,75.5,39.04
MERCURYEV,MERCURYEVEQN,35.43,34.7,34.7,-0.73,-2.06,401,13914,38.49,30.16
KIRANVYPAR,KIRANVYPAREQN,202.99,198.8,198.8,-4.19,-2.06,20,3976,211.45,148.27
DLF,DLFEQN,668.55,654.8,654.8,-13.75,-2.06,85905,56250594,798.8,489.4
VIPULLTD,VIPULLTDBEN,11.45,11.21,11.21,-0.24,-2.1,530,5941,18.6,7.38
ACUTAAS,ACUTAASEQN,3116.4,3050.0,3050.0,-66.4,-2.13,1756,5355800,3740.0,1261.2
RMDRIP,RMDRIPBEN,18.62,18.22,18.22,-0.4,-2.15,1115,20315,72.22,14.81
DCMSIL,DCMSILBEN,75.68,74.01,74.01,-1.67,-2.21,43,3182,105.27,49.5
SIGACHI,SIGACHIBEN,26.61,25.99,25.99,-0.62,-2.33,21233,551845,46.73,16.65
KIMS,KIMSEQN,820.6,801.35,801.35,-19.25,-2.35,9464,7583976,858.0,575.8
CEREBRAINT,CEREBRAINTBZN,2.97,2.9,2.9,-0.07,-2.36,500,1450,10.08,2.9
HUBTOWN,HUBTOWNEQN,190.51,186.0,186.0,-4.51,-2.37,7116,1323576,365.7,168.15
WEWIN,WEWINBEN,45.59,44.5,44.5,-1.09,-2.39,5,222,78.0,35.38
OSWALSEEDS,OSWALSEEDSEQN,10.68,10.42,10.42,-0.26,-2.43,40,416,20.28,9.67
BALKRISHNA,BALKRISHNAEQN,18.05,17.6,17.6,-0.45,-2.49,98,1724,25.97,12.0
KALPATARU,KALPATARUEQN,300.7,293.0,293.0,-7.7,-2.56,1366,400238,429.3,258.0
LIKHITHA,LIKHITHAEQN,226.1,220.2,220.2,-5.9,-2.61,74,16294,277.2,131.45
SHYAMTEL,SHYAMTELBEN,17.1,16.65,16.65,-0.45,-2.63,200,3330,25.42,7.07
AARON,AARONEQN,131.6,130.12,128.01,-3.59,-2.73,195,0,258.0,106.8
GRPLTD,GRPLTDEQN,2028.7,1971.5,1971.5,-57.2,-2.82,8,15772,2491.0,1500.0
RPPL,RPPLEQN,22.33,21.7,21.7,-0.63,-2.82,8,173,25.99,14.25
DCM,DCMBEN,83.65,81.25,81.25,-2.4,-2.87,101,8206,105.0,55.0
SHBAJRG,SHBAJRGEQN,187.98,182.55,182.55,-5.43,-2.89,88,16064,214.95,150.5
CPCAP,CPCAPBEN,114.57,111.25,111.25,-3.32,-2.9,25,2781,170.0,73.51
DCMNVL,DCMNVLBEN,142.57,138.3,138.3,-4.27,-3.0,36,4978,197.99,95.6
GTECJAINX,GTECJAINXBEN,28.05,27.15,27.15,-0.9,-3.21,1,27,38.35,15.54
DHARIWAL,DHARIWALSMN,27.9,27.0,27.0,-0.9,-3.23,33000,891000,48.3,15.46
UTKAL,UTKALSMN,38.05,36.8,36.8,-1.25,-3.29,4000,147200,66.0,22.6
MVKAGRO,MVKAGROSMN,297.15,287.2,287.2,-9.95,-3.35,15300,4394160,819.0,249.95
ASAHISONG,ASAHISONGBEN,391.35,378.15,378.15,-13.2,-3.37,360,136134,413.95,179.64
AKIKO,AKIKOSTN,337.85,326.05,326.05,-11.8,-3.49,800,260840,368.0,121.15
INOXINDIA,INOXINDIAEQN,1920.4,1850.0,1850.0,-70.4,-3.67,5473,10125050,2119.8,1065.0
SEJALLTD,SEJALLTDBEN,742.55,715.05,715.05,-27.5,-3.7,102,72935,1036.7,381.0
BOHRAIND,BOHRAINDEQN,15.0,14.42,14.42,-0.58,-3.87,100,1442,35.58,12.02
REPL,REPLBEN,65.08,62.15,62.15,-2.93,-4.5,16,994,182.8,60.0
SANATHAN,SANATHANEQN,484.8,462.05,462.05,-22.75,-4.69,2557,1181461,551.95,352.6
SUMEETINDS,SUMEETINDSEQN,21.18,20.13,20.13,-1.05,-4.96,6373,128288,35.67,17.21
FMNL,FMNLBEN,9.85,9.36,9.36,-0.49,-4.97,716,6701,15.31,6.74
THANGAMAYL,THANGAMAYLEQN,4965.5,4717.5,4717.5,-248.0,-4.99,5470,25804725,7430.0,1890.0
SICALLOG,SICALLOGBEN,106.91,101.57,101.57,-5.34,-4.99,195,19806,122.5,60.11
BHARATGEAR,BHARATGEARBEN,123.57,117.4,117.4,-6.17,-4.99,1151,135127,154.2,83.8
EIFFL,EIFFLBEN,299.1,284.15,284.15,-14.95,-5.0,2028,576256,381.96,204.98
NATIONSTD,NATIONSTDEQN,235.51,223.74,223.74,-11.77,-5.0,132,29533,1519.95,235.51
DOMS,DOMSEQN,2292.0,2175.0,2175.0,-117.0,-5.1,3418,7434150,2770.0,2023.9
LICI,LICIEQN,428.5,392.0,392.0,-36.5,-8.52,713440,279668480,468.48,360.75
JAINREC,JAINRECEQN,350.2,318.0,318.0,-32.2,-9.19,158903,50531154,593.95,247.57
GSMFOILS,GSMFOILSSMN,172.35,155.15,155.15,-17.2,-9.98,5500,853325,293.85,150.2
INDOTHAI,INDOTHAIEQN,170.75,136.6,136.6,-34.15,-20.0,22590,3085794,466.35,143.65
