symbol,identifier,previousClose,lastPrice,iep,change,pChange,finalQuantity,totalTurnover,yearHigh,yearLow
TOUCHWOOD,TOUCHWOODEQN,60.93,68.95,68.95,8.02,13.16,2,137,128.0,57.6
MOS,MOSSMN,5.5,6.05,6.05,0.55,10.0,32000,193600,28.55,5.1
RRECL,RRECLEQN,138.89,152.0,152.0,13.11,9.44,100,15200,151.99,121.2
ENCOMPAS,ENCOMPASSMN,238.85,259.5,259.5,20.65,8.65,3200,830400,302.9,167.35
MPEL-RE,MPEL-RESTN,1.8,1.95,1.95,0.15,8.33,3200,6240,7.0,1.4
ALKALI,ALKALIEQN,87.66,94.95,94.95,7.29,8.32,4971,471996,107.38,46.8
SHAILY,SHAILYEQN,3149.8,3128.4,3396.9,247.1,7.84,6209,0,3615.2,1770.9
DHARAN,DHARANBZN,0.14,0.15,0.15,0.01,7.14,156518,23477,0.61,0.11
APCL,APCLEQN,97.85,104.7,104.7,6.85,7.0,1,104,148.78,96.0
TERASOFT,TERASOFTEQN,236.6,253.0,253.0,16.4,6.93,1022,258566,598.0,223.25
AEPL,AEPLEQN,15.92,17.0,17.0,1.08,6.78,150,2550,20.25,13.25
ORIANA,ORIANASMN,271.75,290.0,290.0,18.25,6.72,12750,3697500,612.8,234.99
SHIVAMAUTO,SHIVAMAUTOEQN,19.42,20.7,20.7,1.28,6.59,53992,1117634,35.79,13.05
PRECOT,PRECOTEQN,659.65,700.0,700.0,40.35,6.12,1503,1052100,899.0,300.05
CINEVISTA,CINEVISTAEQN,14.13,14.98,14.98,0.85,6.02,50,749,22.8,12.16
FILATFASH,FILATFASHEQN,0.17,0.18,0.18,0.01,5.88,320840,57751,0.68,0.14
THACKER,THACKEREQN,1030.0,1090.0,1090.0,60.0,5.83,3,3270,1689.9,949.0
SVGLOBAL,SVGLOBALEQN,147.92,156.5,156.5,8.58,5.8,149,23318,172.81,114.3
JASH,JASHEQN,521.15,551.0,551.0,29.85,5.73,16403,9038053,572.85,327.1
LAXMICOT,LAXMICOTEQN,12.72,13.44,13.44,0.72,5.66,11,147,25.48,11.36
SANWARIA,SANWARIABZN,0.18,0.19,0.19,0.01,5.56,81214,15430,0.36,0.18
SHIVALIK,SHIVALIKEQN,372.1,392.0,392.0,20.4,5.49,2813,1102696,491.25,206.4
KEEPLEARN,KEEPLEARNEQN,1.86,1.96,1.96,0.1,5.38,182,356,3.21,1.51
DOLLEX,DOLLEXEQN,37.2,39.2,39.2,2.0,5.38,1,39,43.55,26.0
DHATRE,DHATREEQN,4.18,4.4,4.4,0.22,5.26,25,110,5.17,3.67
MANUGRAPH,MANUGRAPHEQN,18.09,19.0,19.0,0.91,5.03,34635,658065,24.0,9.65
STALLION,STALLIONBEN,220.49,231.51,231.51,11.02,5.0,22762,5269630,359.15,99.32
SAHASRA,SAHASRASMN,336.1,352.9,352.9,16.8,5.0,5600,1976240,369.0,188.35
SHREEDHAR,SHREEDHARSTN,161.0,169.05,169.05,8.05,5.0,4000,676200,161.0,54.4
MBECL,MBECLBEN,401.59,421.66,421.66,20.07,5.0,158,66622,401.59,213.0
APEXECO,APEXECOSTN,262.5,275.6,275.6,13.1,4.99,1600,440960,297.15,102.05
CTE,CTEBEN,40.7,42.73,42.73,2.03,4.99,124,5298,59.93,20.51
TIRUPATIFL,TIRUPATIFLBEN,67.68,71.06,71.06,3.38,4.99,27167,1930487,83.9,30.11
GFSTEELS,GFSTEELSBEN,25.44,26.71,26.71,1.27,4.99,1263,33734,25.44,10.21
GJL,GJLSTN,303.4,318.55,318.55,15.15,4.99,800,254840,306.65,91.4
MONEYBOXX,MONEYBOXXEQN,54.49,57.21,57.21,2.72,4.99,3335,190795,91.5,35.85
APOORVA,APOORVAEQN,31.05,32.6,32.6,1.55,4.99,10,326,31.2,24.04
MCLEODRUSS,MCLEODRUSSEQN,44.33,46.54,46.54,2.21,4.99,3046,141760,78.41,28.5
AKANKSHA,AKANKSHASMN,139.65,146.6,146.6,6.95,4.98,2000,293200,139.65,57.0
STLNETWORK,STLNETWORKEQN,42.95,45.09,45.09,2.14,4.98,254691,11484017,42.95,15.75
SKYTECH,SKYTECHSMN,25.2,26.45,26.45,1.25,4.96,3200,84640,74.0,22.8
AMEYA,AMEYASMN,142.55,149.6,149.6,7.05,4.95,1000,149600,142.55,86.0
LCCINFOTEC,LCCINFOTECEQN,3.44,3.61,3.61,0.17,4.94,20040,72344,5.89,2.88
BGLOBAL,BGLOBALBZN,3.05,3.2,3.2,0.15,4.92,1,3,4.6,2.62
NIBE,NIBEEQN,1287.0,1350.0,1350.0,63.0,4.9,2105,2841750,1848.0,809.6
REFRACTORY,REFRACTORYSMN,31.65,33.2,33.2,1.55,4.9,7000,232400,61.2,23.15
QUINT,QUINTEQN,70.02,73.45,73.45,3.43,4.9,3110,228429,70.02,33.45
MBLINFRA,MBLINFRAEQN,22.29,23.38,23.38,1.09,4.89,25,584,48.85,18.37
FELDVR,FELDVRBZN,2.05,2.15,2.15,0.1,4.88,40,86,3.74,1.96
BHAGERIA,BHAGERIAEQN,334.75,351.05,351.05,16.3,4.87,11474,4027947,342.0,127.51
SEMAC,SEMACEQN,273.7,286.95,286.95,13.25,4.84,1,286,538.0,205.0
KLL,KLLSMN,32.4,33.95,33.95,1.55,4.78,2400,81480,70.45,21.0
CONSOFINVT,CONSOFINVTBEN,302.2,316.6,316.6,14.4,4.77,650,205790,320.0,152.0
KSHITIJPOL,KSHITIJPOLEQN,4.2,4.4,4.4,0.2,4.76,218294,960493,7.2,1.88
SADHNANIQ,SADHNANIQBEN,2.75,2.88,2.88,0.13,4.73,38981,112265,3.32,1.27
MTEDUCARE,MTEDUCAREBEN,1.69,1.77,1.77,0.08,4.73,197,348,2.53,1.17
KALANA,KALANASMN,18.5,19.35,19.35,0.85,4.59,2000,38700,41.7,15.1
PILITA,PILITAEQN,7.48,7.82,7.82,0.34,4.55,18,140,15.5,6.2
GLOBALE,GLOBALEEQN,11.0,11.5,11.5,0.5,4.55,10,115,15.4,9.2
ORIENTLTD,ORIENTLTDBEN,80.82,84.5,84.5,3.68,4.55,3,253,102.3,53.72
SGLRES,SGLRESEQN,2.43,2.54,2.54,0.11,4.53,1000,2540,2.74,2.27
CARBORUNIV,CARBORUNIVEQN,1124.4,1175.0,1175.0,50.6,4.5,12614,14821450,1306.9,735.2
OSIAHYPER,OSIAHYPERBEN,2.24,2.34,2.34,0.1,4.46,14648,34276,33.08,2.16
CRAVATEX,CRAVATEXEQN,324.55,338.95,338.95,14.4,4.44,1,338,372.5,300.0
JPPOWER,JPPOWEREQN,15.37,16.05,16.05,0.68,4.42,2277382,36551981,24.5,13.15
HCL-INSYS,HCL-INSYSEQN,10.47,10.93,10.93,0.46,4.39,9374,102457,16.5,9.01
ABINFRA,ABINFRABEN,11.57,12.06,12.06,0.5,4.33,9240,111434,23.56,8.82
UMESLTD,UMESLTDEQN,4.39,4.58,4.58,0.19,4.33,695,3183,7.14,3.76
LKPSEC,LKPSECEQN,15.01,15.66,15.66,0.65,4.33,1,15,18.43,14.01
SUNDARAM,SUNDARAMEQN,1.16,1.21,1.21,0.05,4.31,52592,63636,2.2,1.03
QMSMEDI,QMSMEDIBEN,177.36,185.0,185.0,7.64,4.31,192,35520,177.36,68.95
APTECHT,APTECHTEQN,92.05,96.0,96.0,3.95,4.29,10935,1049760,132.5,69.1
SRIKPRIND,SRIKPRINDBEN,27.98,29.18,29.18,1.2,4.29,113,3297,36.8,19.4
SHEKHAWATI,SHEKHAWATIBEN,21.48,22.4,22.4,0.92,4.28,3213,71971,24.8,9.12
UCAL,UCALBEN,138.15,144.0,144.0,5.85,4.23,1000,144000,163.8,77.0
KHAITANLTD,KHAITANLTDEQN,152.13,158.5,158.5,6.37,4.19,3,475,178.0,85.0
GATECHDVR,GATECHDVRBEN,0.48,0.5,0.5,0.02,4.17,10496,5248,0.67,0.36
PLAZACABLE,PLAZACABLEEQN,61.06,63.6,63.6,2.54,4.16,510,32436,66.0,27.0
GATECH,GATECHBEN,0.73,0.76,0.76,0.03,4.11,150013,114009,1.11,0.4
VETO,VETOEQN,139.15,143.8,143.8,5.65,4.09,1884,270919,153.95,82.32
BI,BIBEN,107.62,112.0,112.0,4.38,4.07,6245,699440,111.51,51.62
MLKFOOD,MLKFOODEQN,79.82,83.0,83.0,3.18,3.98,1,83,93.0,75.0
PREMIER,PREMIERBEN,2.78,2.89,2.89,0.11,3.96,1,2,3.88,2.56
VASWANI,VASWANIEQN,46.47,48.3,48.3,1.83,3.94,301,14538,69.99,43.26
AKI,AKIBEN,6.11,6.35,6.35,0.24,3.93,10524,66827,10.48,3.8
TOYAMSL,TOYAMSLEQN,0.77,0.8,0.8,0.03,3.9,24,19,0.77,0.6
GLOBE,GLOBEEQN,2.07,2.15,2.15,0.08,3.86,79182,170241,3.29,1.75
VGCL,VGCLEQN,48.42,50.29,50.29,1.87,3.86,210,10560,62.95,48.0
MADHAVIPL,MADHAVIPLEQN,7.8,8.1,8.1,0.3,3.85,1711,13859,9.9,6.95
NGIL,NGILEQN,38.04,39.5,39.5,1.46,3.84,164,6478,43.89,22.01
VISACHROME,VISACHROMEEQN,30.09,31.23,31.23,1.14,3.79,103,3216,73.68,27.05
GLFL,GLFLEQN,5.06,5.25,5.25,0.19,3.75,20,105,9.34,3.66
LANCORHOL,LANCORHOLBEN,35.0,36.0,36.0,1.3,3.75,41,1476,41.75,18.12
GENCON,GENCONEQN,40.01,41.5,41.5,1.49,3.72,1,41,59.96,36.35
REFEX,REFEXEQN,271.85,281.95,281.95,10.1,3.72,15001,4229531,415.0,188.0
WELCORP,WELCORPEQN,2660.1,2758.0,2758.0,97.9,3.68,28328,78128624,2784.8,710.0
PAVNAIND,PAVNAINDEQN,15.67,16.24,16.24,0.57,3.64,100,1624,42.9,14.11
KMEW,KMEWEQN,2885.6,2990.0,2990.0,104.4,3.62,3315,9911850,3175.0,1084.6
SITINET,SITINETBZN,0.28,0.29,0.29,0.01,3.57,124820,36197,0.5,0.27
VEDAVAAG,VEDAVAAGEQN,22.21,23.0,23.0,0.79,3.56,261,6003,25.69,16.98
IL&FSENGG,IL&FSENGGBZN,40.56,42.0,42.0,1.44,3.55,246,10332,40.95,21.0
WEIZMANIND,WEIZMANINDEQN,71.48,74.0,74.0,2.52,3.53,1,74,117.9,65.21
PRADPME,PRADPMEBEN,453.5,469.5,469.5,16.0,3.53,70,32865,596.0,357.05
SPCENET,SPCENETEQN,3.13,3.24,3.24,0.11,3.51,2635,8537,11.24,3.0
PATINTLOG,PATINTLOGEQN,14.0,14.49,14.49,0.49,3.5,2501,36239,16.9,8.01
ELITECON,ELITECONEQN,7.99,8.27,8.27,0.28,3.5,24686,204153,46.4,7.08
INDOTHAI,INDOTHAIEQN,33.56,34.73,34.73,1.17,3.49,8463,293919,466.35,33.56
KARMAENG,KARMAENGEQN,41.27,42.7,42.7,1.43,3.46,34,1451,73.7,34.38
GCHOTELS,GCHOTELSSTN,115.05,119.0,119.0,3.95,3.43,600,71400,232.0,76.5
PRAXIS,PRAXISEQN,4.09,4.23,4.23,0.14,3.42,1001,4234,14.44,3.91
VAISHALI,VAISHALIEQN,8.79,9.09,9.09,0.3,3.41,1092,9926,12.7,4.75
SETCO,SETCOBEN,17.06,17.64,17.64,0.58,3.4,6027,106316,28.62,11.56
RAJTV,RAJTVEQN,8.6,8.89,8.89,0.29,3.37,11,97,46.9,7.7
HINDALUMI,HINDALUMIEQN,94.27,97.4,97.4,3.13,3.32,251,24447,107.5,89.0
VRAJ,VRAJEQN,127.74,131.94,131.94,4.2,3.29,825,108850,159.99,93.0
SOFTTECH,SOFTTECHEQN,525.7,543.0,543.0,17.3,3.29,456,247608,525.7,215.0
RILINFRA,RILINFRASMN,32.45,33.5,33.5,1.05,3.24,100,3350,47.5,27.6
VHLTD,VHLTDBEN,126.31,130.38,130.38,4.07,3.22,3503,456721,145.2,108.61
SAPPL,SAPPLEQN,276.15,285.0,285.0,8.85,3.2,100,28500,334.3,252.0
RADIOCITY,RADIOCITYEQN,6.01,6.2,6.2,0.19,3.16,1670,10354,9.25,4.5
KMCSHIL,KMCSHILEQN,150.26,155.0,155.0,4.74,3.15,9288,1439640,160.39,128.48
SHRADHA,SHRADHAEQN,30.0,30.94,30.94,0.94,3.13,36,1113,51.97,26.34
RVHL,RVHLEQN,39.48,40.7,40.7,1.22,3.09,101,4110,65.01,28.5
AURUS,AURUSEQN,4.87,5.02,5.02,0.15,3.08,504,2530,7.29,4.1
LAMBODHARA,LAMBODHARAEQN,120.21,123.9,123.9,3.69,3.07,100,12390,151.96,81.8
OPTIVALUE,OPTIVALUESTN,193.1,199.0,199.0,5.9,3.06,1600,318400,202.0,56.05
KONSTELEC,KONSTELECSTN,59.05,60.85,60.85,1.8,3.05,5000,304250,75.65,28.0
MOTOGENFIN,MOTOGENFINEQN,26.19,26.99,26.99,0.8,3.05,1,26,34.4,17.5
MODINATUR,MODINATUREQN,359.05,370.0,370.0,10.95,3.05,5,1850,524.8,252.3
ASTRON,ASTRONBZN,2.96,3.05,3.05,0.09,3.04,11,33,16.7,2.86
LAHOTIOV,LAHOTIOVEQN,39.26,40.45,40.45,1.19,3.03,1000,40450,53.9,34.06
FISCHER,FISCHEREQN,33.15,34.14,34.14,0.99,2.99,11793,402613,124.7,31.05
SUNLITE,SUNLITESMN,644.9,663.95,663.95,19.05,2.95,300,199185,718.0,164.95
HAZOOR,HAZOOREQN,19.3,19.86,19.86,0.56,2.9,11967,237664,22.49,17.44
LEAPIND,LEAPINDEQN,140.47,144.52,144.52,4.05,2.88,79316,11462748,172.29,128.55
MIRZAINT,MIRZAINTEQN,29.14,29.98,29.98,0.84,2.88,127,3807,44.0,24.95
SIGIND,SIGINDBEN,69.99,72.0,72.0,2.01,2.87,140,10080,74.99,40.66
HEG,HEGBEN,237.05,243.85,243.85,6.8,2.87,53067,12940387,753.9,214.1
ABH,ABHSMN,43.75,45.0,45.0,1.25,2.86,3600,162000,99.0,38.2
PRESSTONIC,PRESSTONICSMN,29.95,30.8,30.8,0.85,2.84,800,24640,72.88,24.0
HEADSUP,HEADSUPEQN,6.71,6.9,6.9,0.19,2.83,20,138,12.95,5.69
ONIDA,ONIDAEQN,32.89,33.82,33.82,0.93,2.83,50135,1695565,49.23,21.5
VITAL,VITALEQN,55.4,56.95,56.95,1.55,2.8,1,56,69.4,35.4
CONCORDBIO,CONCORDBIOEQN,1494.4,1536.0,1536.0,41.6,2.78,3663,5626368,1704.0,987.0
OSWALSEEDS,OSWALSEEDSEQN,13.72,14.1,14.1,0.38,2.77,5538,78085,20.28,9.66
BEEKAY,BEEKAYEQN,430.05,441.9,441.9,11.85,2.76,1,441,471.85,355.05
BHAGYANGR,BHAGYANGREQN,446.7,458.9,458.9,12.2,2.73,1530,702117,467.9,90.0
AFFORDABLE,AFFORDABLEEQN,172.31,177.0,177.0,4.69,2.72,23,4071,297.0,119.71
COMPUSOFT,COMPUSOFTEQN,13.63,14.0,14.0,0.37,2.71,1101,15414,20.5,12.0
BIL,BILEQN,1040.85,1069.0,1069.0,28.15,2.7,52,55588,1150.0,602.0
WEL,WELEQN,72.94,74.89,74.89,1.95,2.67,11343,849477,183.53,68.01
SWARNSAR,SWARNSAREQN,38.96,40.0,40.0,1.04,2.67,29,1160,45.7,32.0
KAYA,KAYABEN,341.0,350.0,350.0,9.0,2.64,125,43750,487.9,224.01
VISHWARAJ,VISHWARAJEQN,5.31,5.45,5.45,0.14,2.64,303,1651,9.32,4.14
NILASPACES,NILASPACESEQN,12.3,12.62,12.62,0.32,2.6,5091,64248,20.47,11.35
GSS,GSSEQN,10.37,10.64,10.64,0.27,2.6,8,85,28.3,8.68
AGSTRA,AGSTRABZN,1.93,1.98,1.98,0.05,2.59,11229,22233,5.44,1.85
SMLT,SMLTEQN,61.42,63.0,63.0,1.58,2.57,500,31500,121.0,56.61
LEENEE,LEENEEBEN,7.8,8.0,8.0,0.2,2.56,1670,13360,11.48,6.81
AGROPHOS,AGROPHOSEQN,23.64,24.24,24.24,0.6,2.54,25,606,47.47,21.0
DBEIL,DBEILEQN,7.12,7.3,7.3,0.18,2.53,214,1562,18.56,5.15
VIPCLOTHNG,VIPCLOTHNGEQN,20.8,21.32,21.32,0.52,2.5,100,2132,41.2,14.05
MITCON,MITCONEQN,80.01,82.0,82.0,1.99,2.49,2,164,91.7,49.56
ACSTECH,ACSTECHBEN,66.15,67.8,67.8,1.65,2.49,26954,1827481,66.15,31.71
UNIVASTU,UNIVASTUBEN,152.26,156.05,156.05,3.79,2.49,1398,218157,178.98,56.02
HILINFRA,HILINFRAEQN,43.92,45.0,45.0,1.08,2.46,1102,49590,91.3,40.1
AMBICAAGAR,AMBICAAGAREQN,24.89,25.5,25.5,0.61,2.45,60,1530,29.68,20.0
FOODSIN,FOODSINEQN,54.57,55.9,55.9,1.33,2.44,458,25602,92.81,44.0
SUPREMEPWR,SUPREMEPWRSMN,207.35,212.4,212.4,5.05,2.44,1500,318600,291.35,130.55
ABHAPOWER,ABHAPOWERSMN,24.65,25.25,25.25,0.6,2.43,1600,40400,46.1,23.0
DAVANGERE,DAVANGEREEQN,2.06,2.11,2.11,0.05,2.43,44404,93692,5.5,1.74
NACLIND,NACLINDEQN,146.75,150.3,150.3,3.55,2.42,8863,1332108,245.0,112.62
NAVKARURB,NAVKARURBEQN,0.83,0.85,0.85,0.02,2.41,1094,929,2.93,0.7
ABCOTS,ABCOTSEQN,209.85,214.9,214.9,5.05,2.41,1,214,504.0,196.81
NDLVENTURE,NDLVENTUREEQN,123.0,125.95,125.95,2.95,2.4,1,125,140.0,80.0
ODYCORP,ODYCORPEQN,7.07,7.24,7.24,0.17,2.4,1,7,8.48,5.71
SAMBHV,SAMBHVEQN,147.57,151.1,151.1,3.53,2.39,122447,18501741,150.99,81.42
TVVISION,TVVISIONBEN,2.53,2.59,2.59,0.06,2.37,6000,15540,12.4,2.39
ANTELOPUS,ANTELOPUSEQN,1104.85,1131.0,1131.0,26.15,2.37,2606,2947386,1218.3,357.0
WELSPLSOL,WELSPLSOLEQN,55.65,56.97,56.97,1.32,2.37,5066,288610,63.25,36.0
SSDL,SSDLEQN,61.35,62.8,62.8,1.45,2.36,2,125,91.69,46.15
AAATECH,AAATECHEQN,86.95,88.98,88.98,2.03,2.33,14,1245,136.0,76.11
RUBYMILLS,RUBYMILLSEQN,467.1,477.95,477.95,10.85,2.32,33,15772,499.05,169.02
ATL,ATLEQN,24.24,24.8,24.8,0.56,2.31,120,2976,37.86,18.2
OSWALGREEN,OSWALGREENEQN,19.44,19.89,19.89,0.45,2.31,64,1272,43.79,18.55
BSHSL,BSHSLEQN,87.87,89.9,89.9,2.03,2.31,74,6652,139.0,59.16
INTENTECH,INTENTECHEQN,78.14,79.94,79.94,1.8,2.3,1,79,149.9,66.3
CPCAP,CPCAPEQN,145.19,148.5,148.5,3.31,2.28,581,86278,152.0,73.51
LOTUSCHO,LOTUSCHOEQN,575.1,588.0,588.0,12.9,2.24,100,58800,671.0,550.0
CFEL,CFELBEN,46.95,48.0,48.0,1.05,2.24,251,12048,52.8,24.36
ORIENTALTL,ORIENTALTLEQN,4.96,5.07,5.07,0.11,2.22,207,1049,11.0,4.4
DENORA,DENORAEQN,782.25,799.65,799.65,17.4,2.22,10,7996,960.35,559.0
EASTWEST,EASTWESTEQN,2.25,2.3,2.3,0.05,2.22,2,4,2.68,2.1
EMUDHRA,EMUDHRAEQN,613.45,627.0,627.0,13.55,2.21,3155,1978185,697.45,364.55
GEECEE,GEECEEBEN,371.85,380.0,380.0,8.15,2.19,1,380,390.0,215.85
MENONBE,MENONBEBEN,316.85,323.75,323.75,6.9,2.18,408,132090,324.0,101.5
SIL,SILEQN,16.13,16.48,16.48,0.35,2.17,764,12590,22.3,11.7
ANNU,ANNUEQN,50.46,51.55,51.55,1.09,2.16,3434,177022,75.6,46.55
MAGNUM,MAGNUMEQN,19.19,19.6,19.6,0.41,2.14,1,19,28.0,16.25
SALSTEEL,SALSTEELEQN,82.26,84.01,84.01,1.75,2.13,7399,621589,86.25,26.1
BRAHMINFRA,BRAHMINFRAEQN,162.36,165.8,165.8,3.44,2.12,55,9119,184.0,142.1
GAYAHWS,GAYAHWSEQN,1.9,1.94,1.94,0.04,2.11,117,226,4.76,1.72
INDHOTEL,INDHOTELEQN,732.75,748.05,748.05,15.3,2.09,46858,35052126,791.45,565.0
VINNY,VINNYEQN,0.96,0.98,0.98,0.02,2.08,1607,1574,1.53,0.94
CHAVDA,CHAVDASMN,120.0,122.5,122.5,2.5,2.08,1000,122500,148.0,80.6
FEDDERSHOL,FEDDERSHOLEQN,52.9,54.0,54.0,1.1,2.08,19892,1074168,53.49,32.06
HDIL,HDILBZN,1.45,1.48,1.48,0.03,2.07,744,1101,3.2,1.44
EMCURE,EMCUREEQN,2003.8,2045.0,2045.0,41.2,2.06,2014,4118630,2100.7,1260.0
ALMONDZ,ALMONDZEQN,18.52,18.9,18.9,0.38,2.05,220,4158,20.4,10.68
KAMOPAINTS,KAMOPAINTSEQN,4.39,4.48,4.48,0.09,2.05,2001,8964,9.29,3.6
CAPILLARY,CAPILLARYEQN,484.05,493.95,493.95,9.9,2.05,1478,730058,798.95,438.15
CRSL,CRSLBEN,2.44,2.49,2.49,0.05,2.05,3384,8426,3.56,1.72
INDTERRAIN,INDTERRAINEQN,28.91,29.5,29.5,0.59,2.04,190,5605,42.62,24.56
MANALIPETC,MANALIPETCEQN,82.92,84.1,84.1,1.68,2.04,15600,1311960,93.0,39.13
GVPTECH,GVPTECHBEN,7.34,7.49,7.49,0.15,2.04,2727,20425,11.19,5.22
INDOWIND,INDOWINDEQN,8.92,9.1,9.1,0.18,2.02,503,4577,18.94,7.0
CEINSYS,CEINSYSEQN,675.35,689.0,689.0,13.65,2.02,1065,733785,1249.9,665.0
NOVARTIND,NOVARTINDEQN,2046.8,2088.0,2088.0,41.2,2.01,164,342432,2588.8,950.0
ZFSTEERING,ZFSTEERINGEQN,697.85,711.85,711.85,14.0,2.01,33,23491,894.98,620.65
NECCLTD,NECCLTDBEN,18.97,19.35,19.35,0.38,2.0,504,9752,24.01,10.55
BSL,BSLEQN,118.26,120.63,120.63,2.37,2.0,1,120,205.0,98.0
HMAAGRO,HMAAGROEQN,23.77,24.24,24.24,0.47,1.98,8536,206912,34.24,19.09
CSM,CSMEQN,109.85,112.03,112.03,2.18,1.98,11114,1245101,114.9,76.26
HARRMALAYA,HARRMALAYAEQN,178.49,182.0,182.0,3.51,1.97,6,1092,237.9,153.66
IMPEXFERRO,IMPEXFERROBZN,5.58,5.69,5.69,0.11,1.97,11948,67984,5.58,1.3
RSDFIN,RSDFINBEN,92.87,94.7,94.7,1.83,1.97,3,284,168.48,65.6
ASHIANA,ASHIANAEQN,354.75,361.7,361.7,6.95,1.96,108,39063,435.9,269.45
RUBFILA,RUBFILAEQN,67.36,68.68,68.68,1.32,1.96,62,4258,86.9,57.31
SUTLEJTEX,SUTLEJTEXBEN,38.12,38.86,38.86,0.74,1.94,11,427,42.93,24.0
GAYAPROJ,GAYAPROJEQN,24.72,25.2,25.2,0.48,1.94,15623,393699,27.33,10.99
DOLPHIN,DOLPHINEQN,665.5,678.35,678.35,12.85,1.93,70,47484,741.4,322.0
RUCHINFRA,RUCHINFRAEQN,5.2,5.3,5.3,0.1,1.92,15,79,8.25,4.05
ESTER,ESTEREQN,87.67,89.35,89.35,1.68,1.92,150,13402,132.45,68.55
GMRAIRPORT,GMRAIRPORTEQN,99.3,101.2,101.2,1.9,1.91,702043,71046751,115.64,84.11
RAJOOENG,RAJOOENGBEN,52.99,54.0,54.0,1.01,1.91,1128,60912,99.4,46.0
DRCSYSTEMS,DRCSYSTEMSEQN,12.63,12.87,12.87,0.24,1.9,7,90,22.6,11.5
MCL,MCLEQN,55.94,57.0,57.0,1.06,1.89,1250,71250,93.2,42.0
SBCL,SBCLEQN,1096.2,1116.8,1116.8,20.6,1.88,3487,3894281,1215.7,368.6
ARROWGREEN,ARROWGREENEQN,889.25,906.0,906.0,16.75,1.88,39,35334,952.75,341.95
UNIVPHOTO,UNIVPHOTOBEN,584.0,595.0,595.0,11.0,1.88,3,1785,624.75,180.6
GNA,GNAEQN,558.55,569.0,569.0,10.45,1.87,3926,2233894,601.65,295.0
MUTHOOTMF,MUTHOOTMFEQN,189.28,192.8,192.8,3.52,1.86,2271,437848,262.77,141.2
MANOMAY,MANOMAYEQN,229.68,233.9,233.9,4.22,1.84,545,127475,259.88,160.25
VINDHYATEL,VINDHYATELEQN,2660.0,2709.0,2709.0,49.0,1.84,993,2690037,2952.6,963.9
IRIS,IRISEQN,238.09,242.45,242.45,4.36,1.83,6,1454,388.1,203.0
SEYAIND,SEYAINDBEN,13.12,13.36,13.36,0.24,1.83,51,681,23.99,8.54
TARAPUR,TARAPUREQN,12.55,12.78,12.78,0.23,1.83,68,869,39.99,12.1
PRISMX,PRISMXEQN,0.55,0.56,0.56,0.01,1.82,13389,7497,0.63,0.47
GLASSWALL,GLASSWALLEQN,269.51,273.6,274.38,4.87,1.81,98416,0,304.2,185.2
JUBLCPL,JUBLCPLEQN,2000.1,2036.0,2036.0,35.9,1.79,30,61080,2753.1,1460.0
VARDMNPOLY,VARDMNPOLYEQN,5.69,5.79,5.79,0.1,1.76,510,2952,9.49,5.1
UTLSOLAR,UTLSOLAREQN,418.65,426.0,426.0,7.35,1.76,919,391494,494.25,172.0
GLOBECIVIL,GLOBECIVILEQN,42.26,43.0,43.0,0.74,1.75,32,1376,80.0,33.5
PRITIKAUTO,PRITIKAUTOBEN,14.82,15.08,15.08,0.26,1.75,1270,19151,20.99,10.41
RAMCOCEM,RAMCOCEMEQN,869.75,884.9,884.9,15.15,1.74,1678,1484862,1214.5,838.3
ADVAIT,ADVAITEQN,2003.6,2038.0,2038.0,34.4,1.72,430,876340,2485.0,1351.0
SASKEN,SASKENEQN,1719.6,1748.9,1748.9,29.3,1.7,17,29731,2780.2,991.0
LPDC,LPDCEQN,7.07,7.19,7.19,0.12,1.7,3166,22763,9.46,5.23
GRINFRA,GRINFRAEQN,825.9,839.9,839.9,14.0,1.7,3105,2607889,1345.0,785.0
GUJAPOLLO,GUJAPOLLOEQN,350.1,354.0,354.0,5.9,1.69,3,1062,512.0,300.5
ZODIAC,ZODIACEQN,222.25,226.0,226.0,3.75,1.69,508,114808,415.0,205.55
PODDARMENT,PODDARMENTEQN,284.15,288.95,288.95,4.8,1.69,200,57790,333.4,201.1
UNITEDTEA,UNITEDTEAEQN,431.65,438.9,438.9,7.25,1.68,6,2633,590.0,412.0
AGIIL,AGIILEQN,270.45,275.0,275.0,4.55,1.68,14112,3880800,434.4,224.7
GRADIENTE,GRADIENTEBEN,2.38,2.42,2.42,0.04,1.68,182,440,9.4,2.08
MANBA,MANBAEQN,133.76,136.0,136.0,2.24,1.67,1524,207264,154.0,98.0
SETUINFRA,SETUINFRABZN,0.6,0.61,0.61,0.01,1.67,12,7,0.71,0.37
ATALREAL,ATALREALEQN,14.36,14.6,14.6,0.24,1.67,6866,100243,36.7,12.38
WORTHPERI,WORTHPERIEQN,147.52,149.99,149.99,2.47,1.67,50,7499,169.8,109.0
TTL,TTLEQN,7.24,7.36,7.36,0.12,1.66,202,1486,11.8,5.5
GVKPIL,GVKPILBEN,2.41,2.45,2.45,0.04,1.66,3381,8283,4.06,2.04
TARACHAND,TARACHANDEQN,47.69,48.48,48.48,0.79,1.66,1013,49110,103.67,46.01
ASMS,ASMSEQN,6.66,6.77,6.77,0.11,1.65,527,3567,16.7,6.52
ABAN,ABANBEN,14.54,14.78,14.78,0.24,1.65,1640,24239,45.62,12.89
JINDALSTEL,JINDALSTELEQN,1119.5,1138.0,1138.0,18.5,1.65,2702,3074876,1306.2,977.1
PIDILITIND,PIDILITINDEQN,1572.1,1598.0,1598.0,25.9,1.65,1157,1848886,1707.5,1259.0
SPLIL,SPLILEQN,30.3,30.8,30.8,0.5,1.65,1,30,45.2,20.2
GKSL,GKSLEQN,181.25,184.24,184.24,2.99,1.65,1327,244486,186.0,98.36
METALIC,METALICSTN,143.65,146.0,146.0,2.35,1.64,1600,233600,161.95,81.4
ADISOFT,ADISOFTSMN,231.5,235.3,235.3,3.8,1.64,800,188240,280.0,170.0
PARSVNATH,PARSVNATHBEN,1.84,1.87,1.87,0.03,1.63,17347,32438,18.75,1.35
RSWM,RSWMEQN,220.4,224.0,224.0,3.6,1.63,400,89600,238.0,120.0
JINDALPOLY,JINDALPOLYEQN,718.45,730.0,730.0,11.55,1.61,72,52560,1026.45,365.0
BODALCHEM,BODALCHEMEQN,191.23,194.3,194.3,3.07,1.61,66092,12841675,191.23,42.81
ICELCO,ICELCOSMN,124.2,126.2,126.2,2.0,1.61,4800,605760,183.0,112.6
CAPTRUST,CAPTRUSTBEN,19.39,19.7,19.7,0.31,1.6,1357,26732,34.07,10.98
MEP,MEPBZN,0.63,0.64,0.64,0.01,1.59,94,60,2.87,0.5
DECCANCE,DECCANCEEQN,567.45,576.4,576.4,8.95,1.58,100,57640,1158.0,525.0
BRIGHOTEL,BRIGHOTELEQN,56.23,57.11,57.11,0.88,1.57,1930,110222,87.79,54.36
KUANTUM,KUANTUMEQN,78.77,80.0,80.0,1.23,1.56,2539,203120,121.29,65.01
QPOWER,QPOWEREQN,1536.1,1560.0,1560.0,23.9,1.56,4199,6550440,1570.0,581.0
TAALTECH,TAALTECHEQN,5416.3,5500.0,5500.0,83.7,1.55,163,896500,5550.0,2616.1
COFFEEDAY,COFFEEDAYEQN,30.52,30.99,30.99,0.47,1.54,138,4276,45.95,21.0
KOKUYOCMLN,KOKUYOCMLNEQN,77.79,78.99,78.99,1.2,1.54,5,394,116.84,71.05
DEEDEV,DEEDEVEQN,668.75,679.0,679.0,10.25,1.53,857,581903,760.0,183.0
TREJHARA,TREJHARAEQN,132.37,134.4,134.4,2.03,1.53,30,4032,284.85,128.4
INDBANK,INDBANKEQN,25.56,25.95,25.95,0.39,1.53,723,18761,47.15,25.01
WHEELS,WHEELSEQN,2175.7,2209.0,2209.0,33.3,1.53,362,799658,2498.0,705.85
STEELCITY,STEELCITYEQN,85.39,86.7,86.7,1.31,1.53,206,17860,105.57,71.26
SGRL,SGRLEQN,697.75,708.4,708.4,10.65,1.53,125,88550,722.65,477.05
JMA,JMAEQN,90.21,91.58,91.58,1.37,1.52,17,1556,103.7,70.25
SUPTANERY,SUPTANERYBEN,9.21,9.35,9.35,0.14,1.52,61053,570845,16.21,6.81
ARIHANTCAP,ARIHANTCAPEQN,80.29,81.5,81.5,1.21,1.51,32,2608,120.0,56.97
MKPL,MKPLEQN,3.97,4.03,4.03,0.06,1.51,1051,4235,8.85,3.56
IBULLSLTD,IBULLSLTDEQN,30.39,30.85,30.85,0.46,1.51,27877,860005,32.5,8.9
GLOBALVECT,GLOBALVECTEQN,131.58,133.55,133.55,1.97,1.5,22,2938,248.0,123.0
JAYKAY,JAYKAYEQN,167.18,169.69,169.69,2.51,1.5,3636,616992,203.43,106.96
LATTEYS,LATTEYSEQN,20.69,21.0,21.0,0.31,1.5,1,21,37.0,15.79
INDIQUBE,INDIQUBEEQN,192.85,195.75,195.75,2.9,1.5,2009,393261,243.8,131.15
TAURIAN,TAURIANSTN,517.25,525.0,525.0,7.75,1.5,800,420000,545.25,192.0
BANG,BANGEQN,33.5,34.0,34.0,0.5,1.49,317,10778,62.07,25.84
ASKAUTOLTD,ASKAUTOLTDEQN,656.25,666.0,666.0,9.75,1.49,6783,4517478,687.7,375.3
JAYBARMARU,JAYBARMARUEQN,111.15,112.8,112.8,1.65,1.48,440,49632,207.0,74.15
BLACKROSE,BLACKROSEBEN,106.41,107.99,107.99,1.58,1.48,315,34016,129.9,80.05
ESSARSHPNG,ESSARSHPNGEQN,16.19,16.43,16.43,0.24,1.48,297,4879,43.26,15.45
AWFIS,AWFISEQN,275.75,279.8,279.8,4.05,1.47,2194,613881,639.4,229.05
ABANSENT,ABANSENTEQN,26.07,26.45,26.45,0.38,1.46,1001,26476,48.85,22.3
PAKKA,PAKKAEQN,78.56,79.7,79.7,1.14,1.45,247,19685,171.19,69.1
ZOTA,ZOTAEQN,1144.5,1160.0,1160.0,16.5,1.44,572,663520,1740.0,1022.0
WATERBASE,WATERBASEEQN,45.96,46.62,46.62,0.66,1.44,281,13100,54.0,44.11
LORDSCHLO,LORDSCHLOEQN,136.06,138.0,138.0,1.94,1.43,1,138,233.0,108.0
HINDCOPPER,HINDCOPPEREQN,497.4,504.5,504.5,7.1,1.43,67677,34143046,760.05,276.25
RMC,RMCEQN,228.18,231.45,231.45,3.27,1.43,49,11341,530.0,194.1
INA,INAEQN,91.7,93.0,93.0,1.3,1.42,6104,567672,161.81,79.75
ANTGRAPHIC,ANTGRAPHICEQN,0.71,0.72,0.72,0.01,1.41,2738,1971,1.17,0.64
MIDWESTLTD,MIDWESTLTDEQN,980.8,994.5,994.5,13.7,1.4,177,176026,1859.9,951.0
RAMBHAJO,RAMBHAJOEQN,290.85,294.91,294.91,4.06,1.4,52594,15510496,292.78,161.6
KRN,KRNEQN,1446.2,1466.3,1466.3,20.1,1.39,935,1370990,1687.0,589.8
AVROIND,AVROINDEQN,7.94,8.05,8.05,0.11,1.39,18,144,15.99,7.47
PERMAGN,PERMAGNEQN,848.15,859.85,859.85,11.7,1.38,31,26655,929.0,784.05
CLAYCRAFT,CLAYCRAFTSMN,166.7,169.0,169.0,2.3,1.38,600,101400,224.0,144.5
NATIONALUM,NATIONALUMEQN,350.5,355.3,355.3,4.8,1.37,33096,11759008,445.15,198.68
JETFREIGHT,JETFREIGHTEQN,22.14,22.44,22.44,0.3,1.36,24025,539121,25.95,11.9
RELIABLE,RELIABLEEQN,140.2,142.1,142.1,1.9,1.36,55,7815,175.0,104.74
LAL,LALEQN,8.86,8.98,8.98,0.12,1.35,3,26,12.02,5.56
MALLCOM,MALLCOMEQN,968.9,982.0,982.0,13.1,1.35,3,2946,1520.0,905.15
SUVIDHAA,SUVIDHAAEQN,2.22,2.25,2.25,0.03,1.35,687,1545,4.25,1.77
SIGACHI,SIGACHIEQN,29.6,30.0,30.0,0.4,1.35,30785,923550,44.78,16.65
VALIANTORG,VALIANTORGEQN,426.65,432.4,432.4,5.75,1.35,1938,837991,428.85,195.0
GENESYS,GENESYSEQN,285.19,289.05,289.05,3.86,1.35,5744,1660303,416.33,134.73
AVANTEL,AVANTELEQN,147.23,149.2,149.2,1.97,1.34,9246,1379503,215.0,117.05
KILITCH,KILITCHBEN,191.45,194.0,194.0,2.55,1.33,100,19400,219.5,117.25
PHOENIXLTD,PHOENIXLTDEQN,1877.9,1902.9,1902.9,25.0,1.33,377,717393,2169.8,1465.6
HARSHA,HARSHAEQN,440.45,446.3,446.3,5.85,1.33,479,213777,470.95,313.3
VINEETLAB,VINEETLABEQN,36.78,37.27,37.27,0.49,1.33,63,2348,43.5,27.96
JSWCEMENT,JSWCEMENTEQN,117.44,119.0,119.0,1.56,1.33,17405,2071195,151.85,106.65
GEEKAYWIRE,GEEKAYWIREEQN,33.25,33.69,33.69,0.44,1.32,4226,142373,37.87,18.51
INDUSINVIT,INDUSINVITIVN,132.05,133.79,133.79,1.74,1.32,7873,1053328,138.0,113.21
SONAMLTD,SONAMLTDBEN,70.27,71.2,71.2,0.93,1.32,680,48416,80.32,37.4
SAKUMA,SAKUMAEQN,1.51,1.53,1.53,0.02,1.32,14639,22397,3.1,1.1
ULTRAMAR,ULTRAMAREQN,424.4,430.0,430.0,5.6,1.32,340,146200,455.75,364.1
PELATRO,PELATROSMN,384.95,390.0,390.0,5.05,1.31,1200,468000,430.0,246.0
RMDRIP,RMDRIPBEN,22.19,22.48,22.48,0.29,1.31,114,2562,72.22,14.81
DCM,DCMEQN,77.21,78.21,78.21,1.0,1.3,10,782,104.3,55.0
MITTAL,MITTALEQN,0.77,0.78,0.78,0.01,1.3,9215,7187,1.69,0.7
CALSOFT,CALSOFTBEN,39.19,39.7,39.7,0.51,1.3,1473,58478,43.13,10.9
GANESHCP,GANESHCPEQN,169.2,171.4,171.4,2.2,1.3,248,42507,309.95,152.0
GANGAFORGE,GANGAFORGEEQN,1.55,1.57,1.57,0.02,1.29,62615,98305,3.29,1.53
PINELABS,PINELABSEQN,192.04,194.49,194.49,2.45,1.28,138473,26931613,284.0,134.73
XCHANGING,XCHANGINGEQN,62.16,62.95,62.95,0.79,1.27,267,16807,103.0,47.5
SOLARINDS,SOLARINDSEQN,18555.0,18790.0,18790.0,235.0,1.27,445,8361550,22700.0,11646.0
VOLTAS,VOLTASEQN,1110.9,1125.0,1125.0,14.1,1.27,1494,1680750,1582.5,1110.9
GALLANTT,GALLANTTEQN,547.15,554.05,554.05,6.9,1.26,54,29918,948.0,496.25
SKYWAYS,SKYWAYSEQN,124.43,124.7,126.0,1.57,1.26,55225,0,136.45,106.82
NIPPOBATRY,NIPPOBATRYEQN,319.8,320.0,320.0,3.95,1.25,3,960,490.0,257.0
MRPL,MRPLEQN,165.38,167.45,167.45,2.07,1.25,47632,7975978,212.31,126.1
MAPMYINDIA,MAPMYINDIAEQN,899.4,910.6,910.6,11.2,1.25,876,797685,1998.0,795.0
IRISDOREME,IRISDOREMEEQN,64.58,65.39,65.39,0.81,1.25,1229,80364,66.3,26.35
NOIDATOLL,NOIDATOLLEQN,4.0,4.05,4.05,0.05,1.25,5412,21918,7.43,2.87
ARIS,ARISEQN,133.33,135.0,135.0,1.67,1.25,8085,1091475,178.3,82.18
KNAGRI,KNAGRIEQN,196.06,198.5,198.5,2.44,1.24,4,794,244.0,148.3
SWIGGY,SWIGGYEQN,273.05,276.4,276.4,3.35,1.23,63735,17616354,474.0,235.75
EMAMILTD,EMAMILTDEQN,368.45,373.0,373.0,4.55,1.23,16486,6149278,614.0,361.15
PIONEEREMB,PIONEEREMBEQN,21.95,22.22,22.22,0.27,1.23,5,111,39.2,19.61
AETHER,AETHEREQN,1630.0,1650.0,1650.0,20.0,1.23,2199,3628350,1717.0,726.45
TATAELXSI,TATAELXSIEQN,3266.7,3306.9,3306.9,40.2,1.23,1770,5853213,5950.0,3266.7
CGPOWER,CGPOWEREQN,892.0,903.0,903.0,11.0,1.23,12525,11310075,980.9,525.5
VILAS,VILASSMN,372.4,376.95,376.95,4.55,1.22,500,188475,568.9,313.25
YASHO,YASHOEQN,4002.0,4050.8,4050.8,48.8,1.22,48,194438,4994.0,1130.0
RELAXO,RELAXOEQN,291.25,294.8,294.8,3.55,1.22,2459,724913,502.9,236.5
RKSWAMY,RKSWAMYEQN,89.4,90.49,90.49,1.09,1.22,1,90,163.89,67.15
MOHITE,MOHITEEQN,2.45,2.48,2.48,0.03,1.22,106,262,3.3,2.15
WARDINMOBI,WARDINMOBIEQN,5.72,5.79,5.79,0.07,1.22,2530,14648,6.99,4.69
ANTHEM,ANTHEMEQN,928.5,939.7,939.7,11.2,1.21,1903,1788249,977.55,579.15
SBGLP,SBGLPEQN,22.23,22.5,22.5,0.27,1.21,501,11272,40.9,18.35
SUKHJITS,SUKHJITSEQN,161.95,163.89,163.89,1.94,1.2,915,149959,231.1,137.3
NMDC,NMDCEQN,79.15,80.09,80.09,0.94,1.19,138365,11081652,97.49,72.24
HERANBA,HERANBAEQN,167.02,169.0,169.0,1.98,1.19,27,4563,328.4,155.38
ANMOL,ANMOLBEN,14.23,14.4,14.4,0.17,1.19,36,518,18.55,8.4
MOKSH,MOKSHEQN,10.17,10.29,10.29,0.12,1.18,300,3087,16.65,8.11
SEKURITIND,SEKURITINDEQN,113.44,114.78,114.78,1.34,1.18,300,34434,124.65,105.05
PASUPTAC,PASUPTACEQN,69.98,70.8,70.8,0.82,1.17,2002,141741,78.95,40.41
MAHEPC,MAHEPCEQN,102.64,103.84,103.84,1.2,1.17,10,1038,160.8,91.91
CYIENT,CYIENTEQN,1073.3,1085.7,1085.7,12.4,1.16,759,824046,1280.2,750.3
MOL,MOLEQN,63.05,63.78,63.78,0.73,1.16,13800,880164,87.75,36.5
TREL,TRELEQN,29.66,30.0,30.0,0.34,1.15,392,11760,33.51,21.47
KOHINOOR,KOHINOOREQN,30.55,30.9,30.9,0.35,1.15,153,4727,38.47,19.2
MANAKSIA,MANAKSIAEQN,64.26,65.0,65.0,0.74,1.15,2,130,73.4,42.1
LEMONTREE,LEMONTREEEQN,106.47,107.69,107.69,1.22,1.15,34594,3725427,177.8,99.61
APOLLOPIPE,APOLLOPIPEEQN,543.6,549.8,549.8,6.2,1.14,2239,1231002,668.8,252.1
HLEGLAS,HLEGLASEQN,446.9,452.0,452.0,5.1,1.14,1190,537880,661.95,250.0
AHCL,AHCLEQN,22.9,23.16,23.16,0.26,1.14,251402,5822470,24.78,10.37
CORONA,CORONAEQN,2201.8,2227.0,2227.0,25.2,1.14,121,269467,2292.4,1336.6
NATHBIOGEN,NATHBIOGENEQN,147.34,149.0,149.0,1.66,1.13,11,1639,204.0,126.15
WSTCSTPAPR,WSTCSTPAPREQN,768.3,777.0,777.0,8.7,1.13,7895,6134415,772.0,375.0
ASTAR,ASTAREQN,807.35,814.95,814.95,9.1,1.13,618,503639,807.35,485.0
ACE,ACEEQN,1229.2,1243.0,1243.0,13.8,1.12,7136,8870048,1241.5,745.1
DPSCLTD,DPSCLTDBEN,7.16,7.24,7.24,0.08,1.12,7998,57905,13.31,6.84
TALBROAUTO,TALBROAUTOEQN,476.7,482.0,482.0,5.3,1.11,5643,2719926,480.8,219.9
3BBLACKBIO,3BBLACKBIOEQN,1319.3,1333.9,1333.9,14.6,1.11,35,46686,1588.9,1085.0
WHIRLPOOL,WHIRLPOOLEQN,717.7,725.6,725.6,7.9,1.1,705,511548,1437.0,706.0
SCHNEIDER,SCHNEIDEREQN,1213.5,1226.9,1226.9,13.4,1.1,387,474810,1548.0,571.85
SUNFLAG,SUNFLAGEQN,345.1,348.9,348.9,3.8,1.1,1106,385883,428.0,192.15
NAUKRI,NAUKRIEQN,1251.2,1265.0,1265.0,13.8,1.1,1076,1361140,1433.6,908.3
KSB,KSBEQN,813.1,822.05,822.05,8.95,1.1,1639,1347339,1028.3,666.65
HAMPTON,HAMPTONEQN,8.22,8.31,8.31,0.09,1.09,1016,8442,9.65,7.01
JGCHEM,JGCHEMEQN,612.4,619.0,619.0,6.6,1.08,1080,668520,675.0,298.4
NRBBEARING,NRBBEARINGEQN,525.5,531.1,531.1,5.6,1.07,8205,4357675,534.9,212.55
BIRLACABLE,BIRLACABLEEQN,409.5,413.9,413.9,4.4,1.07,6377,2639440,418.8,104.0
FOSECOIND,FOSECOINDEQN,6677.5,6748.0,6748.0,70.5,1.06,133,897484,7389.5,4300.0
KHAICHEM,KHAICHEMEQN,49.94,50.47,50.47,0.53,1.06,97,4895,135.1,42.92
RUCHIRA,RUCHIRAEQN,108.84,109.99,109.99,1.15,1.06,201,22107,173.0,95.17
MINDTECK,MINDTECKEQN,158.33,160.0,160.0,1.67,1.05,106,16960,307.68,145.13
INDOMIM,INDOMIMEQN,1055.9,1067.0,1067.0,11.1,1.05,19906,21239702,1064.0,700.0
JAINREC,JAINRECEQN,276.25,279.15,279.15,2.9,1.05,1844,514752,593.95,247.57
VIPIND,VIPINDEQN,299.1,302.2,302.2,3.1,1.04,2103,635526,454.3,278.25
HAL,HALEQN,4800.3,4850.0,4850.0,49.7,1.04,5382,26102700,5149.9,3479.1
RIR,RIREQN,198.93,201.0,201.0,2.07,1.04,20344,4089144,213.94,154.0
PFOCUS,PFOCUSEQN,344.35,347.9,347.9,3.55,1.03,11469,3990065,367.0,161.01
BAJAJHCARE,BAJAJHCAREEQN,330.55,333.95,333.95,3.4,1.03,522,174321,515.9,272.35
MOLDTKPAC,MOLDTKPACEQN,658.3,665.0,665.0,6.7,1.02,459,305235,837.0,464.9
DIXON,DIXONEQN,13005.0,13128.0,13128.0,133.0,1.02,1174,15412272,18471.0,9600.0
ANNAPURNA,ANNAPURNAEQN,132.55,133.9,133.9,1.35,1.02,295,39500,287.0,120.75
TRIGYN,TRIGYNEQN,53.56,54.1,54.1,0.54,1.01,15,811,102.4,37.55
YESBANK,YESBANKEQN,22.72,22.95,22.95,0.23,1.01,600680,13785606,25.78,17.2
RAJRATAN,RAJRATANEQN,452.6,457.15,457.15,4.55,1.01,738,337376,563.95,305.55
ORIENTHOT,ORIENTHOTEQN,143.45,144.9,144.9,1.45,1.01,3498,506860,148.8,80.0
PRIMECAB,PRIMECABSTN,163.9,165.55,165.55,1.65,1.01,3200,529760,222.0,70.4
SEDEMAC,SEDEMACEQN,3147.8,3179.5,3179.5,31.7,1.01,332,1055594,3368.9,1413.1
SIKKO,SIKKOBEN,5.92,5.98,5.98,0.06,1.01,4369,26126,6.83,3.2
SHIPROCKET,SHIPROCKETEQN,121.59,122.8,122.8,1.21,1.0,21314,2617359,156.9,120.0
POLYPLEX,POLYPLEXEQN,1079.3,1090.1,1090.1,10.8,1.0,507,552680,1264.0,740.0
EPACKPEB,EPACKPEBEQN,226.26,228.53,228.53,2.27,1.0,611,139631,344.0,132.17
SHYAMMETL,SHYAMMETLEQN,1100.0,1111.0,1111.0,11.0,1.0,426,473286,1111.0,746.0
GHCL,GHCLEQN,421.7,425.9,425.9,4.2,1.0,927,394809,667.2,415.0
GAUDIUMIVF,GAUDIUMIVFEQN,116.22,117.38,117.38,1.16,1.0,90,10564,163.18,69.18
WINDMACHIN,WINDMACHINEQN,300.05,303.05,303.05,3.0,1.0,5,1515,343.9,200.65
BIMETAL,BIMETALEQN,640.2,646.6,646.6,6.4,1.0,1,646,750.75,537.9
WEBELSOLAR,WEBELSOLAREQN,72.94,73.66,73.66,0.72,0.99,8870,653364,137.9,50.4
SHANTIGEAR,SHANTIGEAREQN,700.05,707.0,707.0,6.95,0.99,457,323099,743.0,384.0
BIGBLOC,BIGBLOCEQN,40.4,40.8,40.8,0.4,0.99,1251,51040,80.0,38.0
DYNAMATECH,DYNAMATECHEQN,12061.0,12180.0,12180.0,119.0,0.99,35,426300,12875.0,6716.0
FREDUN,FREDUNEQN,1303.5,1316.4,1316.4,12.9,0.99,64,84249,1590.0,1195.2
MANINDS,MANINDSEQN,851.55,860.0,860.0,8.45,0.99,2168,1864480,944.0,302.05
URJA,URJAEQN,9.15,9.24,9.24,0.09,0.98,10583,97786,14.45,8.0
CAMS,CAMSEQN,708.05,715.0,715.0,6.95,0.98,3398,2429570,844.9,611.4
BOSCHLTD,BOSCHLTDEQN,47000.0,47460.0,47460.0,460.0,0.98,63,2989980,50000.0,28610.0
BELRISE,BELRISEEQN,240.18,242.5,242.5,2.32,0.97,33176,8045180,268.2,142.59
KAYNES,KAYNESEQN,3515.0,3549.0,3549.0,34.0,0.97,2942,10441158,7705.0,2995.0
ESSENTIA,ESSENTIAEQN,1.03,1.04,1.04,0.01,0.97,25634,26659,1.96,0.95
MEDICAPQ,MEDICAPQBEN,25.82,26.07,26.07,0.25,0.97,16,417,36.8,20.33
PRAVEG,PRAVEGEQN,247.45,249.85,249.85,2.4,0.97,230,57465,325.0,210.4
VIKASECO,VIKASECOEQN,1.04,1.05,1.05,0.01,0.96,30370,31888,2.11,0.99
KRONOX,KRONOXBEN,172.79,174.45,174.45,1.66,0.96,256,44659,223.42,96.0
GUJTHEM,GUJTHEMEQN,427.4,431.5,431.5,4.1,0.96,1100,474650,479.0,225.05
UNITDSPR,UNITDSPREQN,1371.0,1384.0,1384.0,13.0,0.95,2477,3428168,1563.4,1210.8
RAJMET,RAJMETEQN,3.15,3.18,3.18,0.03,0.95,4109,13066,5.28,2.72
HEXAGON,HEXAGONBEN,66.26,66.89,66.89,0.63,0.95,743,49699,78.25,48.1
LUXIND,LUXINDEQN,1139.2,1150.0,1150.0,10.8,0.95,1014,1166100,1823.35,824.05
TEXMOPIPES,TEXMOPIPESEQN,61.49,62.07,62.07,0.58,0.94,3789,235183,64.5,33.0
VAKRANGEE,VAKRANGEEEQN,5.3,5.35,5.35,0.05,0.94,7406,39622,9.64,4.61
YUKEN,YUKENEQN,1139.2,1149.9,1149.9,10.7,0.94,104,119589,1153.85,584.1
RPPL,RPPLBEN,20.24,20.43,20.43,0.19,0.94,200,4086,26.97,14.25
ARFIN,ARFINEQN,89.62,90.45,90.45,0.83,0.93,2203,199261,106.2,43.5
FILATEX,FILATEXEQN,93.83,94.7,94.7,0.87,0.93,30154,2855583,94.5,36.26
RATNAVEER,RATNAVEEREQN,299.25,302.0,302.0,2.75,0.92,40938,12363276,331.95,130.5
AZAD,AZADEQN,2790.3,2816.0,2816.0,25.7,0.92,2665,7504640,2986.6,1360.0
PASHUPATI,PASHUPATIEQN,80.26,81.0,81.0,0.74,0.92,3015,244215,118.35,67.5
SINGERIND,SINGERINDEQN,76.28,76.98,76.98,0.7,0.92,3,230,91.3,57.15
BBOX,BBOXEQN,801.15,808.45,808.45,7.3,0.91,3733,3017943,1103.0,444.3
ENTERO,ENTEROEQN,1732.3,1748.0,1748.0,15.7,0.91,673,1176404,1920.0,944.0
KSE,KSEEQN,178.37,180.0,180.0,1.63,0.91,3,540,205.0,173.31
GPTHEALTH,GPTHEALTHEQN,166.21,167.7,167.7,1.49,0.9,1412,236792,175.0,115.0
RUPA,RUPAEQN,137.16,138.4,138.4,1.24,0.9,1555,215212,212.84,109.21
CHEMBONDCH,CHEMBONDCHBEN,272.55,275.0,275.0,2.45,0.9,190,52250,290.0,104.85
GOACARBON,GOACARBONEQN,377.6,381.0,381.0,3.4,0.9,17,6477,494.9,272.85
SIMBHALS,SIMBHALSBZN,6.67,6.73,6.73,0.06,0.9,2,13,14.5,6.47
SUNSHINE,SUNSHINEEQN,398.3,401.9,401.9,3.6,0.9,2816,1131750,524.95,326.25
JKTYRE,JKTYREEQN,349.35,352.5,352.5,3.15,0.9,3640,1283100,611.9,339.55
SHRIRAMFIN,SHRIRAMFINEQN,1010.0,1019.0,1019.0,9.0,0.89,49435,50374265,1153.7,603.15
MAHSEAMLES,MAHSEAMLESEQN,717.55,723.95,723.95,6.4,0.89,1656,1198861,738.6,500.7
PREMIERENE,PREMIERENEEQN,902.0,910.0,910.0,8.0,0.89,14533,13225030,1134.0,660.0
KALYANKJIL,KALYANKJILEQN,581.85,587.0,587.0,5.15,0.89,21326,12518362,648.95,327.05
GALAXYSURF,GALAXYSURFEQN,2215.2,2234.9,2234.9,19.7,0.89,297,663765,2648.0,1510.0
IVC,IVCEQN,7.9,7.97,7.97,0.07,0.89,8605,68581,10.99,6.02
PANACEABIO,PANACEABIOEQN,367.9,371.15,371.15,3.25,0.88,235,87220,647.0,292.4
SYMBIOTEC,SYMBIOTECEQN,1095.1,1104.7,1104.7,9.6,0.88,2015,2225970,1193.7,934.2
GPTINFRA,GPTINFRAEQN,118.96,120.0,120.0,1.04,0.87,3476,417120,150.0,96.22
CMSINFO,CMSINFOEQN,230.93,232.95,232.95,2.02,0.87,3176,739849,421.55,220.99
INDIAGLYCO,INDIAGLYCOEQN,263.7,266.0,266.0,2.3,0.87,2041,542906,1222.0,217.0
GOCLCORP,GOCLCORPEQN,446.1,450.0,450.0,3.9,0.87,9716,4372200,461.4,223.35
CRIZAC,CRIZACEQN,173.73,175.25,175.25,1.52,0.87,851,149137,355.15,159.95
XTRANET,XTRANETEQN,312.16,314.88,314.88,2.72,0.87,9284,2923345,330.0,122.5
ACMESOLAR,ACMESOLAREQN,435.25,439.0,439.0,3.75,0.86,12672,5563008,440.7,195.9
TPLPLASTEH,TPLPLASTEHEQN,65.34,65.9,65.9,0.56,0.86,241,15881,90.33,50.01
PUNJABCHEM,PUNJABCHEMEQN,1075.7,1085.0,1085.0,9.3,0.86,1,1085,1533.9,876.6
BIOCON,BIOCONEQN,385.0,388.3,388.3,3.3,0.86,6639,2577923,447.15,337.05
DGCONTENT,DGCONTENTEQN,24.49,24.7,24.7,0.21,0.86,1,24,39.57,21.61
SVPGLOB,SVPGLOBEQN,3.49,3.52,3.52,0.03,0.86,8,28,6.89,2.18
IVP,IVPBEN,215.04,216.9,216.9,1.86,0.86,335,72661,222.0,110.0
HALDYNGL,HALDYNGLBEN,142.58,143.8,143.8,1.22,0.86,650,93470,149.79,85.0
PNGJL,PNGJLEQN,604.75,609.9,609.9,5.15,0.85,279,170162,736.4,503.0
CGCL,CGCLEQN,270.65,272.95,272.95,2.3,0.85,3916,1068872,287.45,151.1
AAREYDRUGS,AAREYDRUGSEQN,102.13,103.0,103.0,0.87,0.85,15,1545,103.5,50.31
CONTROLPR,CONTROLPREQN,600.9,606.0,606.0,5.1,0.85,76,46056,899.0,517.0
NBCC,NBCCEQN,82.4,83.1,83.1,0.7,0.85,43684,3630140,125.85,77.18
KMSUGAR,KMSUGAREQN,28.62,28.86,28.86,0.24,0.84,1435,41414,36.5,23.0
STAR,STAREQN,1219.8,1230.0,1230.0,10.2,0.84,836,1028280,1231.0,768.65
SAILIFE,SAILIFEEQN,1600.5,1614.0,1614.0,13.5,0.84,1650,2663100,1697.0,783.85
ONEPOINT,ONEPOINTEQN,59.64,60.14,60.14,0.5,0.84,21455,1290303,65.85,40.58
SPECTRUM,SPECTRUMBEN,3039.6,3065.0,3065.0,25.4,0.84,26,79690,3173.6,1050.0
METROPOLIS,METROPOLISEQN,597.45,602.4,602.4,4.95,0.83,734,442161,609.05,412.25
DBOL,DBOLEQN,116.27,117.23,117.23,0.96,0.83,406,47595,139.0,69.0
HINDADH,HINDADHEQN,374.9,378.0,378.0,3.1,0.83,112,42336,402.65,335.55
JAMNAAUTO,JAMNAAUTOEQN,125.03,126.05,126.05,1.02,0.82,5506,694031,152.6,89.74
TECHNOE,TECHNOEEQN,1030.45,1038.85,1038.85,8.4,0.82,904,939120,1460.0,870.0
PNBGILTS,PNBGILTSEQN,79.18,77.81,77.81,0.63,0.82,19918,1549819,106.0,58.6
PRINCEPIPE,PRINCEPIPEEQN,269.8,272.0,272.0,2.2,0.82,1277,347344,352.2,205.0
FINKURVE,FINKURVEEQN,73.1,73.7,73.7,0.6,0.82,1,73,134.9,48.02
ICICIAMC,ICICIAMCEQN,3206.7,3233.0,3233.0,26.3,0.82,671,2169343,3611.0,2530.0
DUCON,DUCONEQN,1.23,1.24,1.24,0.01,0.81,26005,32246,4.38,1.15
POWERMECH,POWERMECHEQN,2371.4,2390.6,2390.6,19.2,0.81,316,755429,3120.0,1717.7
ECOSMOBLTY,ECOSMOBLTYEQN,108.12,109.0,109.0,0.88,0.81,414,45126,291.75,103.94
JYOTICNC,JYOTICNCEQN,1049.7,1058.2,1058.2,8.5,0.81,4253,4500524,1065.0,580.1
JUBLPHARMA,JUBLPHARMAEQN,1065.4,1074.0,1074.0,8.6,0.81,2305,2475570,1184.8,786.05
WELENT,WELENTEQN,823.35,830.0,830.0,6.65,0.81,13632,11314560,837.75,412.0
SOUTHWEST,SOUTHWESTEQN,196.11,197.68,197.68,1.57,0.8,393,77688,275.0,121.0
ATULAUTO,ATULAUTOEQN,446.45,450.0,450.0,3.55,0.8,280,126000,596.55,380.05
SURAJEST,SURAJESTEQN,192.25,193.79,193.79,1.54,0.8,542,105034,319.0,165.0
SARVESHWAR,SARVESHWAREQN,3.74,3.77,3.77,0.03,0.8,17839,67253,7.88,2.5
VENKEYS,VENKEYSEQN,1646.8,1659.9,1659.9,13.1,0.8,37,61416,1814.9,1165.0
SHANTIGOLD,SHANTIGOLDEQN,251.27,253.28,253.28,2.01,0.8,3504,887493,280.75,155.0
AVONMORE,AVONMOREEQN,12.46,12.56,12.56,0.1,0.8,504,6330,20.75,9.05
SHREEPUSHK,SHREEPUSHKEQN,514.3,518.35,518.35,4.05,0.79,76,39394,545.2,272.45
SEAMECLTD,SEAMECLTDEQN,1726.3,1740.0,1740.0,13.7,0.79,37,64380,1849.0,771.75
GHCLTEXTIL,GHCLTEXTILEQN,124.51,125.49,125.49,0.98,0.79,2583,324140,144.59,65.26
TRUALT,TRUALTEQN,421.7,425.05,425.05,3.35,0.79,1246,529612,549.0,310.2
RSSOFTWARE,RSSOFTWAREEQN,30.26,30.5,30.5,0.24,0.79,2,61,82.0,21.93
QGOLDHALF,QGOLDHALFEQN,126.67,127.67,127.67,1.0,0.79,10,1276,149.69,90.62
BIKEWO,BIKEWOSTN,116.0,116.9,116.9,0.9,0.78,2000,233800,116.6,13.65
SMCGLOBAL,SMCGLOBALEQN,80.94,81.57,81.57,0.63,0.78,653,53265,95.0,54.44
PANAMAPET,PANAMAPETEQN,470.2,473.85,473.85,3.65,0.78,187,88609,599.6,229.0
DBREALTY,DBREALTYEQN,95.68,96.43,96.43,0.75,0.78,878,84665,183.9,83.5
PARKHOSPS,PARKHOSPSEQN,282.05,284.25,284.25,2.2,0.78,1448,411594,305.0,138.1
DIVGIITTS,DIVGIITTSEQN,1130.2,1139.0,1139.0,8.8,0.78,142,161738,1329.8,573.7
GODREJAGRO,GODREJAGROEQN,661.6,666.7,666.7,5.1,0.77,418,278680,740.0,506.1
GIPCL,GIPCLEQN,188.35,189.8,189.8,1.45,0.77,1100,208780,211.71,119.9
NURECA,NURECABEN,345.95,348.6,348.6,2.65,0.77,31,10806,358.0,204.0
SELLOWRAP,SELLOWRAPSMN,65.0,65.5,65.5,0.5,0.77,1600,104800,108.0,62.1
SCANSTL,SCANSTLBEN,52.97,53.38,53.38,0.41,0.77,100,5338,68.81,31.35
GODREJPROP,GODREJPROPEQN,1691.1,1704.0,1704.0,12.9,0.76,1012,1724448,2352.0,1434.0
MMP,MMPEQN,466.85,470.35,470.35,3.5,0.75,39,18343,498.0,185.2
SBILIFE,SBILIFEEQN,1731.0,1744.0,1744.0,13.0,0.75,502,875488,2132.0,1652.9
KPITTECH,KPITTECHEQN,532.0,536.0,536.0,4.0,0.75,17698,9486128,1328.0,532.0
SRF,SRFEQN,2512.0,2530.9,2530.9,18.9,0.75,470,1189523,3210.0,2355.0
SHRIPISTON,SHRIPISTONEQN,4576.6,4611.0,4611.0,34.4,0.75,314,1447854,4785.8,2525.8
BEML,BEMLEQN,2135.0,2151.0,2151.0,16.0,0.75,3180,6840180,2275.75,1355.0
BPLPHARMA,BPLPHARMAEQN,1509.7,1521.0,1521.0,11.3,0.75,2,3042,1649.0,1125.7
DONEAR,DONEAREQN,83.79,84.41,84.41,0.62,0.74,1,84,116.51,77.6
IDEAFORGE,IDEAFORGEEQN,729.6,735.0,735.0,5.4,0.74,1809,1329615,992.25,366.0
NETWORK18,NETWORK18EQN,27.0,27.2,27.2,0.2,0.74,36070,981104,56.75,25.71
SAGILITY,SAGILITYEQN,45.66,46.0,46.0,0.34,0.74,52086,2395956,57.89,35.83
WESTLIFE,WESTLIFEEQN,564.4,568.5,568.5,4.1,0.73,21,11938,763.8,398.4
ACL,ACLEQN,42.66,42.97,42.97,0.31,0.73,225,9668,100.01,40.5
THEMISMED,THEMISMEDEQN,123.97,124.88,124.88,0.91,0.73,328,40960,148.0,64.95
DANGEE,DANGEEEQN,2.73,2.75,2.75,0.02,0.73,2310,6352,5.08,2.53
MEESHO,MEESHOEQN,214.44,216.0,216.0,1.56,0.73,43897,9481752,254.4,125.56
IDEA,IDEAEQN,13.92,14.02,14.02,0.1,0.72,1733904,24309334,15.79,7.72
KERNEX,KERNEXEQN,1732.5,1745.0,1745.0,12.5,0.72,2060,3594700,2580.0,850.0
AARTECH,AARTECHBEN,51.33,51.7,51.7,0.37,0.72,400,20680,64.75,33.51
RIIT,RIITIVN,119.99,120.85,120.85,0.86,0.72,467,56436,127.0,105.3
BUTTERFLY,BUTTERFLYEQN,585.8,590.0,590.0,4.2,0.72,3,1770,823.85,565.8
DIGITIDE,DIGITIDEEQN,83.45,84.05,84.05,0.6,0.72,1002,84218,192.0,69.9
ENGINERSIN,ENGINERSINEQN,266.35,268.25,268.25,1.9,0.71,19437,5213975,289.65,163.55
SCILAL,SCILALEQN,36.83,37.09,37.09,0.26,0.71,595,22068,55.0,34.3
EXCELINDUS,EXCELINDUSEQN,958.2,965.0,965.0,6.8,0.71,30,28950,1210.0,800.05
ARVSMART,ARVSMARTEQN,550.1,554.0,554.0,3.9,0.71,146,80884,707.85,486.8
BGRENERGY,BGRENERGYBEN,255.62,257.4,257.4,1.78,0.7,3118,802573,490.8,218.0
SSWL,SSWLEQN,372.4,375.0,375.0,2.6,0.7,3463,1298625,384.15,169.0
SHREDIGCEM,SHREDIGCEMEQN,68.51,68.99,68.99,0.48,0.7,138,9520,97.15,53.9
PRIMO,PRIMOEQN,21.35,21.5,21.5,0.15,0.7,2200,47300,26.9,16.1
SAKAR,SAKAREQN,1179.8,1188.0,1188.0,8.2,0.7,277,329076,1211.0,332.1
MILKYMIST,MILKYMISTEQN,274.07,276.0,276.0,1.93,0.7,9460,2610960,304.7,165.0
VOGL,VOGLEQN,34.26,34.5,34.5,0.24,0.7,98127,3385381,47.6,30.42
VIDYAWIRES,VIDYAWIRESEQN,86.87,87.48,87.48,0.61,0.7,2536,221849,117.35,42.51
HOMEFIRST,HOMEFIRSTEQN,1241.3,1250.0,1250.0,8.7,0.7,509,636250,1317.7,893.7
ASIANTILES,ASIANTILESEQN,50.65,51.0,51.0,0.35,0.69,4278,218178,79.06,42.5
SPCL,SPCLSMN,65.55,66.0,66.0,0.45,0.69,1200,79200,123.4,58.95
IFGLEXPOR,IFGLEXPOREQN,199.03,200.4,200.4,1.37,0.69,39,7815,338.0,119.68
CAMLINFINE,CAMLINFINEEQN,97.28,97.95,97.95,0.67,0.69,8264,809458,234.24,95.65
PITTIENG,PITTIENGEQN,1146.1,1154.0,1154.0,7.9,0.69,338,390052,1228.0,675.0
ZENTEC,ZENTECEQN,1687.4,1699.0,1699.0,11.6,0.69,1243,2111857,2043.7,1223.0
JAGSNPHARM,JAGSNPHARMEQN,228.42,230.0,230.0,1.58,0.69,482,110860,264.5,155.0
HEIDELBERG,HEIDELBERGEQN,145.92,146.92,146.92,1.0,0.69,873,128261,216.99,136.1
VALUE360,VALUE360SMN,65.55,66.0,66.0,0.45,0.69,1200,79200,91.0,64.1
DHANBANK,DHANBANKEQN,29.47,29.67,29.67,0.2,0.68,2904,86161,36.85,19.45
ICRA,ICRAEQN,4544.7,4575.4,4575.4,30.7,0.68,137,626829,6982.0,4525.1
NOCIL,NOCILEQN,194.56,195.88,195.88,1.32,0.68,2373,464823,204.5,125.31
KOPRAN,KOPRANEQN,277.6,279.5,279.5,1.9,0.68,10553,2949563,282.1,107.0
MONARCH,MONARCHEQN,366.15,368.65,368.65,2.5,0.68,52,19169,406.95,235.45
PNGSREVA,PNGSREVAEQN,495.75,499.1,499.1,3.35,0.68,45,22459,644.0,324.25
DREDGECORP,DREDGECORPEQN,992.3,998.9,998.9,6.6,0.67,104,103885,1286.0,538.0
SMARTWORKS,SMARTWORKSEQN,547.35,551.0,551.0,3.65,0.67,367,202217,619.0,361.5
SOLARWORLD,SOLARWORLDEQN,133.56,134.46,134.46,0.9,0.67,369,49615,388.5,128.16
CELLO,CELLOEQN,322.45,324.6,324.6,2.15,0.67,378,122698,673.8,319.45
SPIC,SPICEQN,68.7,67.15,67.15,0.45,0.67,5483,368183,104.5,55.1
TOLINS,TOLINSEQN,88.02,88.61,88.61,0.59,0.67,216,19139,201.0,83.04
DIFFNKG,DIFFNKGEQN,445.8,448.8,448.8,3.0,0.67,844,378787,519.9,216.8
IVALUE,IVALUEEQN,222.03,223.52,223.52,1.49,0.67,260,58115,340.0,207.35
AEQUS,AEQUSEQN,231.67,233.23,233.23,1.56,0.67,6401,1492905,274.39,113.3
MBEL,MBELEQN,252.25,253.95,253.95,1.7,0.67,65,16506,535.9,223.05
CMPDI,CMPDIEQN,214.58,216.02,216.02,1.44,0.67,5098,1101269,283.69,150.16
ARKADE,ARKADEEQN,118.85,119.63,119.63,0.78,0.66,131,15671,185.3,92.62
DODLA,DODLAEQN,1083.6,1090.7,1090.7,7.1,0.66,12,13088,1475.0,964.1
ICICIBANK,ICICIBANKEQN,1338.9,1347.8,1347.8,8.9,0.66,131292,176955357,1480.0,1187.6
TASTYBITE,TASTYBITEEQN,9901.0,9966.0,9966.0,65.0,0.66,1,9966,10544.0,6430.0
UGROCAP,UGROCAPEQN,83.74,84.29,84.29,0.55,0.66,34,2865,192.5,80.12
LAOPALA,LAOPALAEQN,162.6,163.68,163.68,1.08,0.66,629,102954,259.7,155.0
INDIANHUME,INDIANHUMEEQN,365.3,367.7,367.7,2.4,0.66,97,35666,432.0,279.8
MIDHANI,MIDHANIEQN,417.3,420.05,420.05,2.75,0.66,1413,593530,482.4,266.65
BLUESTONE,BLUESTONEEQN,827.5,833.0,833.0,5.5,0.66,6835,5693555,926.0,399.8
CRAMC,CRAMCEQN,234.0,235.55,235.55,1.55,0.66,597,140623,353.4,214.2
GSPCROP,GSPCROPEQN,482.1,485.3,485.3,3.2,0.66,45,21838,667.95,328.0
BFINVEST,BFINVESTEQN,445.25,448.2,448.2,2.95,0.66,33,14790,584.7,315.0
SAIPARENT,SAIPARENTEQN,510.75,514.1,514.1,3.35,0.66,20,10282,706.0,400.0
DPABHUSHAN,DPABHUSHANEQN,1448.3,1457.8,1457.8,9.5,0.66,293,427135,1670.0,866.1
DDEVPLSTIK,DDEVPLSTIKEQN,254.95,256.6,256.6,1.65,0.65,125,32075,360.0,185.15
AEGISVOPAK,AEGISVOPAKEQN,314.95,317.0,317.0,2.05,0.65,12119,3841723,317.0,158.0
KOTAKBANK,KOTAKBANKEQN,412.5,415.2,415.2,2.7,0.65,20028,8315625,453.2,345.5
BHAGCHEM,BHAGCHEMEQN,246.85,248.45,248.45,1.6,0.65,165,40994,316.9,170.6
SPLPETRO,SPLPETROEQN,865.7,871.35,871.35,5.65,0.65,2947,2567868,979.0,462.3
PARADEEP,PARADEEPEQN,155.62,156.63,156.63,1.01,0.65,5504,862091,201.99,99.7
BLUEJET,BLUEJETEQN,575.25,579.0,579.0,3.75,0.65,2085,1207215,705.0,325.0
VGL,VGLEQN,66.27,66.7,66.7,0.43,0.65,175,11672,88.34,43.7
VOEPL,VOEPLEQN,506.75,510.05,510.05,3.3,0.65,350,178517,593.45,428.65
KOVAI,KOVAIEQN,6226.0,6266.5,6266.5,40.5,0.65,86,538919,6444.0,5275.5
SRD,SRDEQN,39.15,39.4,39.4,0.25,0.64,1000,39400,75.79,36.0
LAURUSLABS,LAURUSLABSEQN,1954.0,1966.6,1966.6,12.6,0.64,3122,6139725,1982.0,823.1
MARKSANS,MARKSANSEQN,320.15,322.2,322.2,2.05,0.64,10109,3257119,349.95,155.0
EMMVEE,EMMVEEEQN,328.0,330.1,330.1,2.1,0.64,6902,2278350,371.55,171.51
DALMIASUG,DALMIASUGEQN,390.5,392.95,392.95,2.45,0.63,1004,394521,520.0,261.4
APTUS,APTUSEQN,237.68,239.17,239.17,1.49,0.63,1323,316421,335.0,193.03
ASALCBR,ASALCBREQN,659.55,663.7,663.7,4.15,0.63,2,1327,1277.0,644.55
MTNL,MTNLEQN,23.8,23.95,23.95,0.15,0.63,9038,216460,46.09,21.26
MANYAVAR,MANYAVAREQN,544.25,539.9,539.9,3.4,0.63,632,341216,779.0,329.2
RELIANCE,RELIANCEEQN,1226.4,1234.1,1234.1,7.7,0.63,117136,144557537,1611.8,1226.4
SUMEETINDS,SUMEETINDSEQN,9.56,9.62,9.62,0.06,0.63,830,7984,35.67,9.26
STEAMHOUSE,STEAMHOUSEEQN,97.98,98.6,98.6,0.62,0.63,57273,5647117,106.0,91.6
AXITA,AXITAEQN,7.99,8.04,8.04,0.05,0.63,32010,257360,12.2,6.57
LCL,LCLEQN,538.6,542.0,542.0,3.4,0.63,168,91056,604.7,461.0
SUPRIYA,SUPRIYAEQN,906.3,912.0,912.0,5.7,0.63,388,353856,1085.0,545.5
DVL,DVLEQN,290.0,291.8,291.8,1.8,0.62,21,6127,380.6,186.99
GATEWAY,GATEWAYEQN,52.87,53.2,53.2,0.33,0.62,498,26493,66.0,48.1
JAYAGROGN,JAYAGROGNEQN,227.39,228.8,228.8,1.41,0.62,150,34320,265.0,147.26
BORANA,BORANAEQN,297.1,298.95,298.95,1.85,0.62,27,8071,420.0,215.35
EKC,EKCEQN,101.07,101.7,101.7,0.63,0.62,809,82275,154.55,90.25
BRIGHTBR,BRIGHTBREQN,248.45,250.0,250.0,1.55,0.62,5,1250,270.0,210.0
ALGOQUANT,ALGOQUANTEQN,72.27,72.72,72.72,0.45,0.62,5678,412904,76.2,47.8
DHAMPURSUG,DHAMPURSUGEQN,156.22,157.19,157.19,0.97,0.62,3062,481315,199.92,110.0
ISGEC,ISGECEQN,786.25,785.0,785.0,4.75,0.61,261,204885,1113.9,683.95
DWARKESH,DWARKESHEQN,41.15,41.4,41.4,0.25,0.61,6915,286281,59.9,32.13
MVELECTRO,MVELECTROEQN,832.75,837.85,837.85,5.1,0.61,2974,2491765,948.0,516.55
FIEMIND,FIEMINDEQN,1937.3,1949.0,1949.0,11.7,0.6,206,401494,2674.8,1868.5
MANAKCOAT,MANAKCOATEQN,129.22,130.0,130.0,0.78,0.6,51,6630,182.82,94.2
INDOFARM,INDOFARMEQN,136.78,137.6,137.6,0.82,0.6,586,80633,271.69,110.7
ACI,ACIEQN,467.15,469.95,469.95,2.8,0.6,452,212417,720.0,446.0
OLECTRA,OLECTRAEQN,1198.8,1206.0,1206.0,7.2,0.6,655,789930,1714.2,866.6
HPL,HPLEQN,284.3,286.0,286.0,1.7,0.6,181,51766,505.0,255.55
LUMINO,LUMINOEQN,111.52,112.19,112.19,0.67,0.6,65860,7388833,122.0,98.05
SHINDL,SHINDLEQN,161.64,162.6,162.6,0.96,0.59,1,162,179.99,130.6
ATLANTAELE,ATLANTAELEEQN,1666.1,1676.0,1676.0,9.9,0.59,167,279892,2152.6,707.6
BAJAJHLDNG,BAJAJHLDNGEQN,11282.0,11282.0,11282.0,65.0,0.58,241,2718962,13703.0,8588.0
SHIVAUM,SHIVAUMEQN,468.3,471.0,471.0,2.7,0.58,1,471,484.9,275.0
GULFPETRO,GULFPETROBEN,61.89,62.25,62.25,0.36,0.58,30,1867,71.4,23.25
ALIVUS,ALIVUSEQN,1430.8,1439.0,1439.0,8.2,0.57,321,461919,1493.8,819.0
MVGJL,MVGJLEQN,214.47,215.7,215.7,1.23,0.57,1376,296803,233.99,129.1
DCAL,DCALEQN,170.52,171.5,171.5,0.98,0.57,1213,208029,321.95,128.5
ACUTAAS,ACUTAASEQN,3440.3,3460.0,3460.0,19.7,0.57,1233,4266180,3740.0,1302.0
TECHERA,TECHERASMN,159.1,160.0,160.0,0.9,0.57,800,128000,325.7,127.55
BANDHANBNK,BANDHANBNKEQN,175.0,176.0,176.0,1.0,0.57,19302,3397152,220.76,134.25
ALOKINDS,ALOKINDSEQN,7.05,7.09,7.09,0.04,0.57,105482,747867,19.34,6.98
VERANDA,VERANDAEQN,221.76,223.0,223.0,1.24,0.56,455,101465,272.5,130.02
EXPLEOSOL,EXPLEOSOLEQN,881.95,886.85,886.85,4.9,0.56,70,62079,1175.1,640.0
EDELWEISS,EDELWEISSEQN,136.25,137.01,137.01,0.76,0.56,12143,1663712,140.9,98.0
IFBIND,IFBINDEQN,1225.1,1231.9,1231.9,6.8,0.56,11,13550,2019.8,883.2
RTNPOWER,RTNPOWEREQN,7.14,7.18,7.18,0.04,0.56,157502,1130864,12.57,6.95
SOLEX,SOLEXEQN,695.1,699.0,699.0,3.9,0.56,64,44736,1985.0,651.2
UDAYJEW,UDAYJEWEQN,152.2,152.55,152.55,0.85,0.56,18,2745,180.89,115.04
ORIENTBELL,ORIENTBELLEQN,393.25,395.45,395.45,2.2,0.56,61,24122,434.95,246.55
EUREKAFORB,EUREKAFORBEQN,385.3,387.4,387.4,2.1,0.55,357,138301,668.3,383.0
PROTEAN,PROTEANEQN,490.3,493.0,493.0,2.7,0.55,1059,522087,939.8,444.0
BBL,BBLEQN,2207.9,2220.0,2220.0,12.1,0.55,25,55500,3411.0,2051.7
BEARDSELL,BEARDSELLEQN,23.87,23.9,23.9,0.13,0.55,110,2629,38.6,20.02
INTELLECT,INTELLECTEQN,647.45,651.0,651.0,3.55,0.55,163,106113,1244.6,595.2
REDTAPE,REDTAPEEQN,117.35,118.0,118.0,0.65,0.55,1426,168268,163.5,107.53
USHAMART,USHAMARTEQN,507.2,510.0,510.0,2.8,0.55,1881,959310,529.3,380.0
SPORTKING,SPORTKINGEQN,203.85,204.98,204.98,1.13,0.55,725,148610,241.51,78.17
GVPIL,GVPILEQN,656.1,659.7,659.7,3.6,0.55,3173,2093228,1084.0,270.9
PATANJALI,PATANJALIEQN,367.0,369.0,369.0,2.0,0.54,87155,32160195,614.9,328.2
BORORENEW,BORORENEWEQN,459.5,462.0,462.0,2.5,0.54,1103,509586,721.0,374.4
EXCELSOFT,EXCELSOFTEQN,78.08,78.5,78.5,0.42,0.54,340,26690,142.59,66.4
FAIRCHEMOR,FAIRCHEMORBEN,634.0,637.4,637.4,3.4,0.54,5,3187,846.8,428.05
GOLDADD,GOLDADDEQN,14.86,14.94,14.94,0.08,0.54,305,4556,18.1,10.64
RAJPALAYAM,RAJPALAYAMEQN,790.65,794.95,794.95,4.3,0.54,50,39747,875.0,735.6
APCOTEXIND,APCOTEXINDEQN,604.85,608.1,608.1,3.25,0.54,803,488304,712.0,310.45
SIKA,SIKAEQN,1021.5,1027.05,1027.05,5.55,0.54,85,87299,1359.4,870.1
PAISALO,PAISALOEQN,89.51,89.99,89.99,0.48,0.54,28263,2543387,92.75,30.0
MANGALAM,MANGALAMEQN,34.26,34.44,34.44,0.18,0.53,231,7955,77.6,22.8
MAGADSUGAR,MAGADSUGAREQN,504.75,507.4,507.4,2.65,0.53,46,23340,634.95,417.0
JISLJALEQS,JISLJALEQSEQN,30.42,30.58,30.58,0.16,0.53,4805,146936,57.93,26.11
HINDWAREAP,HINDWAREAPEQN,172.08,173.0,173.0,0.92,0.53,45,7785,392.7,170.5
VISHNU,VISHNUEQN,722.15,725.95,725.95,3.8,0.53,260,188747,744.0,443.7
DRAGARWQ,DRAGARWQEQN,5371.5,5400.0,5400.0,28.5,0.53,11,59400,6059.7,4600.0
ROLEXRINGS,ROLEXRINGSEQN,172.08,172.98,172.98,0.9,0.52,1208,208959,189.4,99.79
BAJEL,BAJELEQN,171.91,172.8,172.8,0.89,0.52,206,35596,226.69,135.1
MANKIND,MANKINDEQN,2300.7,2312.7,2312.7,12.0,0.52,225,520357,2674.0,1909.7
JINDALSAW,JINDALSAWEQN,289.5,291.0,291.0,1.5,0.52,5165,1503015,320.0,153.0
SENCO,SENCOEQN,348.0,349.8,349.8,1.8,0.52,1697,593610,430.0,276.0
MOLBIO,MOLBIOEQN,1288.3,1295.0,1295.0,6.7,0.52,2558,3312610,1686.8,926.35
SRGHFL,SRGHFLEQN,128.15,128.8,128.8,0.65,0.51,35,4508,335.0,118.6
GREENLAM,GREENLAMEQN,231.51,232.7,232.7,1.19,0.51,17,3955,278.55,197.59
ANDHRAPAP,ANDHRAPAPEQN,74.62,75.0,75.0,0.38,0.51,3536,265200,86.89,58.0
HIMATSEIDE,HIMATSEIDEEQN,64.66,64.99,64.99,0.33,0.51,309,20081,134.2,62.94
JAICORPLTD,JAICORPLTDEQN,94.42,94.4,94.4,0.48,0.51,698,65891,173.4,88.0
HATSUN,HATSUNEQN,1139.1,1144.9,1144.9,5.8,0.51,83,95026,1349.7,855.3
EMIL,EMILEQN,196.28,197.28,197.28,1.0,0.51,8956,1766839,202.86,84.9
ELLEN,ELLENEQN,373.1,375.0,375.0,1.9,0.51,1464,549000,547.75,175.0
AGL,AGLEQN,13.8,13.87,13.87,0.07,0.51,5918,82082,22.0,12.03
FLUOROCHEM,FLUOROCHEMEQN,4586.7,4610.0,4610.0,23.3,0.51,60,276600,4958.9,2916.6
ROSSTECH,ROSSTECHEQN,1374.3,1381.2,1381.2,6.9,0.5,1107,1528988,1464.9,551.9
PURVA,PURVAEQN,213.43,214.5,214.5,1.07,0.5,4250,911625,287.3,160.69
SALZERELEC,SALZERELECEQN,550.45,553.2,553.2,2.75,0.5,11,6085,952.5,488.8
BLAL,BLALEQN,162.99,163.8,163.8,0.81,0.5,3,491,227.97,155.5
AUTOIND,AUTOINDEQN,78.34,78.73,78.73,0.39,0.5,57,4487,104.0,48.35
NITINSPIN,NITINSPINEQN,619.2,622.3,622.3,3.1,0.5,378,235229,665.5,302.2
KIOCL,KIOCLEQN,340.65,342.35,342.35,1.7,0.5,212,72578,634.55,290.65
ADANIPOWER,ADANIPOWEREQN,206.6,207.64,207.64,1.04,0.5,68112,14142775,254.2,125.2
AMBIKCO,AMBIKCOEQN,1602.0,1610.0,1610.0,8.0,0.5,27,43470,1931.0,1101.0
SHILCTECH,SHILCTECHEQN,4067.9,4088.2,4088.2,20.3,0.5,52,212586,5399.0,2852.5
CRAFTSMAN,CRAFTSMANEQN,11138.0,11194.0,11194.0,56.0,0.5,133,1488802,11999.0,6324.0
OSWALPUMPS,OSWALPUMPSEQN,278.1,279.5,279.5,1.4,0.5,486,135837,802.95,266.45
PATELRMART,PATELRMARTEQN,205.77,206.79,206.79,1.02,0.5,100,20679,266.0,150.25
VSTTILLERS,VSTTILLERSEQN,4240.0,4261.2,4261.2,21.2,0.5,34,144880,6374.0,3950.0
AURIONPRO,AURIONPROEQN,685.6,689.05,689.05,3.45,0.5,137,94399,1280.0,663.0
CORDELIA,CORDELIAEQN,115.15,115.72,115.72,0.57,0.5,6501,752295,115.49,62.31
NEPHROPLUS,NEPHROPLUSEQN,743.35,747.05,747.05,3.7,0.5,117,87404,781.5,446.0
ZODIACLOTH,ZODIACLOTHEQN,69.52,69.86,69.86,0.34,0.49,1,69,108.59,58.5
TVSHLTD,TVSHLTDEQN,12812.0,12875.0,12875.0,63.0,0.49,28,360500,16297.0,12376.0
NIVABUPA,NIVABUPAEQN,79.59,79.98,79.98,0.39,0.49,4350,347913,91.4,67.5
EIEL,EIELEQN,200.01,200.99,200.99,0.98,0.49,2084,418863,276.1,134.71
ANUHPHR,ANUHPHREQN,93.48,93.94,93.94,0.46,0.49,761,71488,99.5,67.0
ELECTHERM,ELECTHERMEQN,925.5,930.0,930.0,4.5,0.49,25,23250,1277.0,551.0
SUPRAJIT,SUPRAJITEQN,499.05,501.5,501.5,2.45,0.49,113,56669,559.25,389.95
PRESTIGE,PRESTIGEEQN,1435.1,1442.2,1442.2,7.1,0.49,1294,1866206,1805.2,1090.0
RAMKY,RAMKYEQN,319.35,320.9,320.9,1.55,0.49,3,962,705.0,308.85
FCL,FCLEQN,57.02,57.3,57.3,0.28,0.49,120916,6928486,62.4,19.1
EQUITASBNK,EQUITASBNKEQN,74.09,74.45,74.45,0.36,0.49,7115,529711,83.9,51.25
BAJAJ-AUTO,BAJAJ-AUTOEQN,11414.0,11470.0,11470.0,56.0,0.49,197,2259590,12470.0,8491.5
EIHAHOTELS,EIHAHOTELSEQN,303.5,305.0,305.0,1.5,0.49,152,46360,406.75,266.65
SCI,SCIEQN,277.05,278.4,278.4,1.35,0.49,16974,4725561,368.75,195.55
CUPID,CUPIDEQN,265.0,266.3,266.3,1.3,0.49,171200,45590560,299.0,41.14
INDORAMA,INDORAMAEQN,91.05,91.5,91.5,0.45,0.49,4518,413397,96.5,29.0
SAMBHAAV,SAMBHAAVEQN,6.09,6.12,6.12,0.03,0.49,125,765,11.53,5.07
AEROENTER,AEROENTEREQN,125.49,126.11,126.11,0.62,0.49,2208,278450,159.6,62.2
ARMANFIN,ARMANFINEQN,1961.0,1970.6,1970.6,9.6,0.49,73,143853,2158.6,1301.0
DEEPINDS,DEEPINDSEQN,743.35,747.0,747.0,3.65,0.49,333,248751,825.0,330.0
FRONTSP,FRONTSPEQN,1198.4,1204.3,1204.3,5.9,0.49,25,30107,1869.0,1177.8
BHARATCOAL,BHARATCOALEQN,32.69,32.85,32.85,0.16,0.49,25473,836788,45.09,29.74
INDGN,INDGNEQN,600.1,603.05,603.05,2.95,0.49,882,531890,615.5,414.0
JARO,JAROEQN,465.4,467.7,467.7,2.3,0.49,5,2338,890.0,383.5
ITC,ITCEQN,262.3,263.55,263.55,1.25,0.48,45574,12011027,426.4,255.5
PRAENG,PRAENGEQN,22.69,22.8,22.8,0.11,0.48,1,22,33.88,17.0
DENTA,DENTAEQN,279.35,280.7,280.7,1.35,0.48,20,5614,479.6,222.0
XPROINDIA,XPROINDIAEQN,1223.0,1228.9,1228.9,5.9,0.48,15,18433,1574.8,788.05
AVALON,AVALONEQN,2537.7,2550.0,2550.0,12.3,0.48,6746,17202300,2618.0,777.3
KEC,KECEQN,404.25,406.2,406.2,1.95,0.48,2133,866424,937.8,389.15
INDIGOPNTS,INDIGOPNTSEQN,1099.7,1105.0,1105.0,5.3,0.48,89,98345,1345.9,708.05
TIMETECHNO,TIMETECHNOEQN,179.24,180.1,180.1,0.86,0.48,5029,905722,249.15,154.0
DMCC,DMCCEQN,280.65,282.0,282.0,1.35,0.48,118,33276,332.9,191.35
ENDURANCE,ENDURANCEEQN,2732.0,2745.0,2745.0,13.0,0.48,152,417240,3072.0,2142.8
GKENERGY,GKENERGYEQN,119.77,120.34,120.34,0.57,0.48,910,109509,239.6,87.2
GNRL,GNRLEQN,98.43,98.9,98.9,0.47,0.48,254,25120,120.9,83.2
INDOCO,INDOCOEQN,249.01,250.2,250.2,1.19,0.48,891,222928,317.35,162.19
TENNIND,TENNINDEQN,517.9,520.4,520.4,2.5,0.48,793,412677,657.0,438.05
DECNGOLD,DECNGOLDEQN,217.21,218.25,218.25,1.04,0.48,3847,839607,250.8,114.8
CLEDUCATE,CLEDUCATEEQN,54.81,55.07,55.07,0.26,0.47,10,550,104.0,35.48
WOCKPHARMA,WOCKPHARMAEQN,2086.1,2096.0,2096.0,9.9,0.47,1643,3443728,2422.3,1086.7
LOVABLE,LOVABLEEQN,69.67,70.0,70.0,0.33,0.47,2,140,104.7,55.0
PARASPETRO,PARASPETROEQN,2.14,2.15,2.15,0.01,0.47,1091,2345,3.23,1.53
NATCOPHARM,NATCOPHARMEQN,813.4,817.2,817.2,3.8,0.47,2691,2199085,1226.8,789.0
BERGEPAINT,BERGEPAINTEQN,458.65,460.8,460.8,2.15,0.47,366,168652,594.55,391.1
APOLLO,APOLLOEQN,370.7,372.45,372.45,1.75,0.47,39773,14813453,466.5,179.5
CAPITALSFB,CAPITALSFBEQN,278.9,280.2,280.2,1.3,0.47,110,30822,323.7,206.55
RAJESHEXPO,RAJESHEXPOBZN,70.83,71.16,71.16,0.33,0.47,1703,121185,237.88,69.76
BUILDPRO,BUILDPROEQN,1253.8,1259.7,1259.7,5.9,0.47,93,117152,1380.0,636.0
AEGISLOG,AEGISLOGEQN,1415.4,1422.0,1422.0,6.6,0.47,2986,4246092,1497.8,576.1
STUDDS,STUDDSEQN,407.1,409.0,409.0,1.9,0.47,247,101023,600.0,402.55
TMB,TMBEQN,895.75,900.0,900.0,4.25,0.47,732,658800,954.2,420.0
PARAS,PARASEQN,1372.7,1379.0,1379.0,6.3,0.46,3845,5302255,1585.0,580.5
SKMEGGPROD,SKMEGGPRODEQN,229.75,230.8,230.8,1.05,0.46,93,21464,372.0,143.1
CYIENTDLM,CYIENTDLMEQN,940.7,945.0,945.0,4.3,0.46,3409,3221505,1009.0,265.2
PGEL,PGELEQN,529.15,531.6,531.6,2.45,0.46,3309,1759064,644.4,436.55
TITAGARH,TITAGARHEQN,837.65,841.5,841.5,3.85,0.46,1036,871794,971.0,568.7
SMSPHARMA,SMSPHARMAEQN,442.95,445.0,445.0,2.05,0.46,4661,2074145,482.0,242.25
OMAXAUTO,OMAXAUTOEQN,182.16,183.0,183.0,0.84,0.46,12,2196,263.4,84.5
BLUSPRING,BLUSPRINGEQN,123.34,123.91,123.91,0.57,0.46,401,49687,139.8,43.98
DIVISLAB,DIVISLABEQN,9375.0,9418.0,9418.0,43.0,0.46,706,6649108,9615.0,5636.5
GRAPHITE,GRAPHITEEQN,830.85,834.7,834.7,3.85,0.46,2855,2383068,874.35,516.2
RESPONIND,RESPONINDEQN,159.18,159.9,159.9,0.72,0.45,337,53886,240.9,117.25
JSWSTEEL,JSWSTEELEQN,1275.6,1281.3,1281.3,5.7,0.45,6166,7900495,1351.0,1073.2
SUBEXLTD,SUBEXLTDEQN,20.11,20.2,20.2,0.09,0.45,27255,550551,21.85,6.61
EICHERMOT,EICHERMOTEQN,7516.0,7550.0,7550.0,34.0,0.45,714,5390700,8230.0,6442.0
BANSALWIRE,BANSALWIREEQN,310.6,312.0,312.0,1.4,0.45,74,23088,370.0,222.5
NEOGEN,NEOGENEQN,2488.4,2499.7,2499.7,11.3,0.45,2641,6601707,2498.2,966.7
TEMPSENS,TEMPSENSEQN,531.6,534.0,534.0,2.4,0.45,7282,3888588,634.85,505.05
KARURVYSYA,KARURVYSYAEQN,332.15,333.65,333.65,1.5,0.45,3258,1087031,358.65,204.8
RRIL,RRILEQN,15.55,15.62,15.62,0.07,0.45,700,10934,21.5,15.06
CAPINVIT,CAPINVITIVN,76.94,77.28,77.28,0.34,0.44,697,53864,79.99,67.0
SUNDARMFIN,SUNDARMFINEQN,4730.6,4751.3,4751.3,20.7,0.44,139,660430,5642.0,4000.0
COALINDIA,COALINDIAEQN,409.9,411.7,411.7,1.8,0.44,13394,5514309,491.25,369.6
RSL,RSLEQN,181.21,182.0,182.0,0.79,0.44,576,104832,193.09,101.7
SURANASOL,SURANASOLEQN,25.5,25.61,25.61,0.11,0.43,692,17722,36.5,18.31
INOXGREEN,INOXGREENEQN,171.32,172.06,172.06,0.74,0.43,399,68651,279.0,132.58
MAXHEALTH,MAXHEALTHEQN,1049.3,1053.8,1053.8,4.5,0.43,3757,3959126,1221.9,903.0
M&M,M&MEQN,3052.0,3065.0,3065.0,13.0,0.43,6723,20605995,3839.9,2896.0
HEROMOTOCO,HEROMOTOCOEQN,5285.5,5308.0,5308.0,22.5,0.43,571,3030868,6388.5,4671.5
SUDEEPPHRM,SUDEEPPHRMEQN,1155.0,1160.0,1160.0,5.0,0.43,520,603200,1378.0,524.05
HINDOILEXP,HINDOILEXPEQN,180.29,181.07,181.07,0.78,0.43,4633,838897,201.44,117.5
POWERICA,POWERICAEQN,576.3,578.8,578.8,2.5,0.43,379,219365,676.95,365.1
CNL,CNLEQN,1127.1,1132.0,1132.0,4.9,0.43,114,129048,1328.0,525.0
HILTON,HILTONEQN,16.38,16.45,16.45,0.07,0.43,364,5987,46.9,13.43
GRANULES,GRANULESEQN,875.5,879.25,879.25,3.75,0.43,1740,1529895,923.65,510.55
NTPC,NTPCEQN,323.65,325.0,325.0,1.35,0.42,21841,7098325,414.4,315.55
CENTUM,CENTUMEQN,4333.3,4351.5,4351.5,18.2,0.42,128,556992,4450.0,2044.2
BAJAJELEC,BAJAJELECEQN,323.05,324.4,324.4,1.35,0.42,691,224160,653.8,301.0
ROSSARI,ROSSARIEQN,437.95,439.8,439.8,1.85,0.42,61,26827,690.3,375.0
PRABHA,PRABHAEQN,233.01,234.0,234.0,0.99,0.42,744,174096,262.8,137.91
GARFIBRES,GARFIBRESEQN,819.0,822.45,822.45,3.45,0.42,390,320755,863.4,579.75
BAJAJFINSV,BAJAJFINSVEQN,1852.5,1860.2,1860.2,7.7,0.42,385,716177,2195.0,1597.0
GTL,GTLEQN,7.09,7.12,7.12,0.03,0.42,1289,9177,11.26,4.91
NELCAST,NELCASTEQN,108.34,108.8,108.8,0.46,0.42,398,43302,173.2,85.98
DATAPATTNS,DATAPATTNSEQN,4513.3,4532.4,4532.4,19.1,0.42,3346,15165410,5000.0,2131.0
UTKARSHBNK,UTKARSHBNKEQN,14.17,14.23,14.23,0.06,0.42,43001,611904,22.03,10.12
KESORAMIND,KESORAMINDBEN,11.94,11.99,11.99,0.05,0.42,1636,19615,14.26,4.55
JYOTIRES,JYOTIRESEQN,841.0,844.5,844.5,3.5,0.42,6,5067,911.0,821.2
GODAVARIB,GODAVARIBEQN,241.01,242.0,242.0,0.99,0.41,303,73326,353.0,224.0
CAPLIPOINT,CAPLIPOINTEQN,2748.6,2760.0,2760.0,11.4,0.41,1266,3494160,2877.3,1500.3
ALICON,ALICONEQN,729.35,729.35,729.35,3.0,0.41,35,25527,1022.0,580.0
MATRIMONY,MATRIMONYEQN,535.55,537.75,537.75,2.2,0.41,2,1075,573.0,364.05
SBC,SBCEQN,49.24,49.44,49.44,0.2,0.41,25690,1270113,49.8,21.15
HDFCAMC,HDFCAMCEQN,2425.0,2434.9,2434.9,9.9,0.41,1019,2481163,2967.25,2205.6
RIIL,RIILEQN,703.15,706.0,706.0,2.85,0.41,58,40948,964.0,617.35
HINDUNILVR,HINDUNILVREQN,1932.0,1940.0,1940.0,8.0,0.41,1536,2979840,2667.2,1926.2
NETWEB,NETWEBEQN,4664.5,4683.5,4683.5,19.0,0.41,5942,27829357,5813.0,2918.3
TORNTPHARM,TORNTPHARMEQN,4840.0,4860.0,4860.0,20.0,0.41,403,1958580,5250.0,3480.6
STCINDIA,STCINDIAEQN,111.54,112.0,112.0,0.46,0.41,86,9632,150.7,97.04
EPIGRAL,EPIGRALEQN,1105.3,1109.8,1109.8,4.5,0.41,29,32184,1808.8,807.0
ABLBL,ABLBLEQN,81.17,81.5,81.5,0.33,0.41,2660,216790,150.79,80.81
KOTIC,KOTICEQN,144.41,145.0,145.0,0.59,0.41,808,117160,223.7,123.12
BLUECLOUDS,BLUECLOUDSEQN,19.34,19.42,19.42,0.08,0.41,1464,28430,24.5,18.85
LANCER,LANCEREQN,12.11,12.16,12.16,0.05,0.41,4466,54306,13.8,10.1
SUPREMEINF,SUPREMEINFEQN,79.88,80.21,80.21,0.33,0.41,435,34891,112.0,58.11
PDMJEPAPER,PDMJEPAPEREQN,101.59,102.0,102.0,0.41,0.4,959,97818,130.0,65.0
GESHIP,GESHIPEQN,1432.1,1437.8,1437.8,5.7,0.4,2555,3673579,1798.0,971.1
SIGNATURE,SIGNATUREEQN,756.95,760.0,760.0,3.05,0.4,383,291080,1158.0,705.2
TGVSL,TGVSLEQN,102.59,103.0,103.0,0.41,0.4,261,26883,114.24,101.01
ASTRAMICRO,ASTRAMICROEQN,1631.2,1637.7,1637.7,6.5,0.4,1430,2341911,1960.0,851.0
JIOFIN,JIOFINEQN,229.89,230.8,230.8,0.91,0.4,42268,9755454,321.6,223.3
SHREEJISPG,SHREEJISPGEQN,708.05,710.9,710.9,2.85,0.4,1667,1185070,721.5,222.0
ESABINDIA,ESABINDIAEQN,5627.5,5650.0,5650.0,22.5,0.4,6,33900,7319.5,4710.0
PRANAV,PRANAVEQN,107.55,107.98,107.98,0.43,0.4,13952,1506536,165.1,105.6
NTPCGREEN,NTPCGREENEQN,88.55,88.9,88.9,0.35,0.4,16318,1450670,119.95,84.0
SADBHIN,SADBHINEQN,2.54,2.55,2.55,0.01,0.39,651,1660,4.79,2.06
IGIL,IGILEQN,330.95,332.25,332.25,1.3,0.39,4228,1404753,391.45,287.0
BALAMINES,BALAMINESEQN,2171.5,2180.0,2180.0,8.5,0.39,666,1451880,2629.8,968.1
HSCL,HSCLEQN,675.35,678.0,678.0,2.65,0.39,11161,7567158,819.5,418.5
AQYLON,AQYLONEQN,17.98,18.05,18.05,0.07,0.39,505807,9129816,224.7,17.94
MARICO,MARICOEQN,803.9,807.0,807.0,3.1,0.39,6446,5201922,889.1,690.3
BCG,BCGEQN,10.26,10.3,10.3,0.04,0.39,69986,720855,15.49,7.7
WALCHANNAG,WALCHANNAGEQN,202.71,203.5,203.5,0.79,0.39,843,171550,315.8,131.15
GALAPREC,GALAPRECEQN,1011.2,1015.0,1015.0,3.8,0.38,97,98455,1260.0,671.2
VARROC,VARROCEQN,861.55,864.8,864.8,3.25,0.38,922,797345,896.0,462.0
JAGRAN,JAGRANEQN,62.36,62.6,62.6,0.24,0.38,79,4945,78.9,59.5
BALUFORGE,BALUFORGEEQN,522.15,524.15,524.15,2.0,0.38,3165,1658934,692.0,341.05
RAILTEL,RAILTELEQN,265.0,266.0,266.0,1.0,0.38,3144,836304,402.5,245.0
GSFC,GSFCEQN,151.92,152.49,152.49,0.57,0.38,857,130683,211.75,138.83
ORIENTELEC,ORIENTELECEQN,167.36,168.0,168.0,0.64,0.38,45,7560,217.51,149.05
SAIL,SAILEQN,177.33,178.0,178.0,0.67,0.38,24445,4351210,209.7,124.0
KIRIINDUS,KIRIINDUSEQN,531.75,533.75,533.75,2.0,0.38,4730,2524637,779.0,333.8
DBL,DBLEQN,425.5,427.1,427.1,1.6,0.38,2021,863169,585.0,381.55
TITAN,TITANEQN,4798.5,4816.5,4816.5,18.0,0.38,1685,8115802,5186.7,3303.1
ABSLAMC,ABSLAMCEQN,1060.4,1064.3,1064.3,3.9,0.37,274,291618,1224.9,708.0
BOROSCI,BOROSCIEQN,119.56,120.0,120.0,0.44,0.37,2,240,180.8,96.64
IOB,IOBEQN,32.17,32.29,32.29,0.12,0.37,23999,774927,41.8,31.2
GOLDIAM,GOLDIAMEQN,326.75,327.95,327.95,1.2,0.37,956,313520,398.2,198.75
DEEPA,DEEPAEQN,188.31,189.0,189.0,0.69,0.37,9354,1767906,222.0,164.79
MAHLIFE,MAHLIFEEQN,366.4,367.75,367.75,1.35,0.37,159,58472,427.05,286.8
IVZINGOLD,IVZINGOLDEQN,133.75,134.25,134.25,0.5,0.37,14,1879,156.0,94.63
MAFATIND,MAFATINDEQN,119.56,120.0,120.0,0.44,0.37,112,13440,157.77,119.02
ADROITINFO,ADROITINFOEQN,11.14,11.18,11.18,0.04,0.36,272,3040,12.2,7.55
SRHHYPOLTD,SRHHYPOLTDEQN,523.1,525.0,525.0,1.9,0.36,470,246750,619.95,382.4
5PAISA,5PAISAEQN,321.35,322.5,322.5,1.15,0.36,101,32572,416.95,245.5
TEGA,TEGAEQN,1943.0,1950.0,1950.0,7.0,0.36,4310,8404500,2103.3,1473.0
GMDCLTD,GMDCLTDEQN,556.45,558.45,558.45,2.0,0.36,3861,2156175,771.9,466.4
TECHNOCRAF,TECHNOCRAFEQN,440.8,442.4,442.4,1.6,0.36,6632,2933996,459.8,284.0
SMLMAH,SMLMAHEQN,6292.5,6315.0,6315.0,22.5,0.36,27,170505,6654.0,2719.0
ABDL,ABDLEQN,647.6,649.95,649.95,2.35,0.36,1083,703895,711.7,382.1
MOGOLD,MOGOLDEQN,151.35,151.9,151.9,0.55,0.36,60,9114,175.0,108.0
JINDRILL,JINDRILLEQN,594.85,597.0,597.0,2.15,0.36,509,303873,704.4,440.1
BLACKBUCK,BLACKBUCKEQN,632.4,634.6,634.6,2.2,0.35,1050,666330,748.0,496.0
BFUTILITIE,BFUTILITIEEQN,542.0,543.9,543.9,1.9,0.35,220,119658,898.7,368.7
AJMERA,AJMERAEQN,115.6,116.0,116.0,0.4,0.35,222,25752,221.4,98.03
GAEL,GAELEQN,156.95,157.5,157.5,0.55,0.35,1103,173722,184.99,101.2
GRAVITA,GRAVITAEQN,1598.4,1604.0,1604.0,5.6,0.35,459,736236,1913.6,1266.9
EASEMYTRIP,EASEMYTRIPEQN,5.76,5.78,5.78,0.02,0.35,39651,229182,10.6,5.71
VIKRAMSOLR,VIKRAMSOLREQN,165.42,166.0,166.0,0.58,0.35,4148,688568,354.4,155.38
SILVERADD,SILVERADDEQN,22.6,22.68,22.68,0.08,0.35,1316,29846,39.0,12.14
GAJA,GAJAEQN,142.5,143.0,143.0,0.5,0.35,2147,307021,191.65,137.5
STYRENIX,STYRENIXEQN,2067.9,2075.0,2075.0,7.1,0.34,68,141100,2653.0,1780.0
IKIO,IKIOEQN,210.25,210.97,210.97,0.72,0.34,272,57383,238.8,103.53
MOTHERSON,MOTHERSONEQN,162.57,163.12,163.12,0.55,0.34,69734,11375010,173.27,101.01
KSCL,KSCLEQN,696.35,698.75,698.75,2.4,0.34,95,66381,1225.0,685.0
JSWDULUX,JSWDULUXEQN,3188.8,3199.8,3199.8,11.0,0.34,19,60796,3745.0,2658.7
ORKLAINDIA,ORKLAINDIAEQN,595.65,597.7,597.7,2.05,0.34,139,83080,760.0,533.25
CORDSCABLE,CORDSCABLEEQN,364.15,364.15,364.15,1.2,0.33,927,337567,394.9,127.01
CHOLAFIN,CHOLAFINEQN,1800.0,1806.0,1806.0,6.0,0.33,1268,2290008,1952.5,1299.4
LIKHITHA,LIKHITHAEQN,220.78,221.5,221.5,0.72,0.33,2,443,272.0,131.45
BLUESTARCO,BLUESTARCOEQN,1531.8,1536.8,1536.8,5.0,0.33,1094,1681259,2032.9,1432.3
JKPAPER,JKPAPEREQN,430.6,432.0,432.0,1.4,0.33,7853,3392496,444.8,304.85
BHANDARI,BHANDARIEQN,2.99,3.0,3.0,0.01,0.33,503,1509,4.5,2.0
GREENPOWER,GREENPOWEREQN,9.05,9.08,9.08,0.03,0.33,23348,211999,14.93,7.98
UNITEDPOLY,UNITEDPOLYEQN,45.85,46.0,46.0,0.15,0.33,2486,114356,51.16,20.6
IMFA,IMFAEQN,1252.2,1256.3,1256.3,4.1,0.33,245,307793,1679.9,1039.85
HARDWYN,HARDWYNEQN,9.16,9.19,9.19,0.03,0.33,5254,48284,20.2,7.61
SIGMAADV,SIGMAADVBEN,866.1,869.0,869.0,2.9,0.33,1559,1354771,888.3,140.1
ORISSAMINE,ORISSAMINEEQN,3821.2,3833.9,3833.9,12.7,0.33,6,23003,6138.9,3100.5
COUNCODOS,COUNCODOSBEN,6.32,6.34,6.34,0.02,0.32,103,653,7.97,3.71
GVT&D,GVT&DEQN,4385.0,4399.0,4399.0,14.0,0.32,1169,5142431,5650.0,2523.2
INDIANB,INDIANBEQN,839.8,842.5,842.5,2.7,0.32,2077,1749872,1000.9,693.95
STYLEBAAZA,STYLEBAAZAEQN,386.75,388.0,388.0,1.25,0.32,429,166452,447.1,229.95
ROUTE,ROUTEEQN,464.4,465.9,465.9,1.5,0.32,2589,1206215,890.0,410.7
GABRIEL,GABRIELEQN,1321.8,1326.0,1326.0,4.2,0.32,627,831402,1600.0,795.7
QUICKHEAL,QUICKHEALEQN,152.46,152.95,152.95,0.49,0.32,471,72039,371.4,125.0
TCI,TCIEQN,829.8,832.45,832.45,2.65,0.32,60,49947,1242.0,821.55
CANFINHOME,CANFINHOMEEQN,778.5,781.0,781.0,2.5,0.32,258,201498,971.5,738.3
JENBURPH,JENBURPHEQN,979.9,983.0,983.0,3.1,0.32,10,9830,1073.9,960.3
TRANSRAILL,TRANSRAILLEQN,408.75,410.0,410.0,1.25,0.31,900,369000,800.9,400.65
BPL,BPLEQN,45.79,45.93,45.93,0.14,0.31,65,2985,87.6,37.61
AGARWALEYE,AGARWALEYEEQN,500.45,502.0,502.0,1.55,0.31,190,95380,568.0,401.0
ASHAPURMIN,ASHAPURMINEQN,525.35,527.0,527.0,1.65,0.31,80,42160,924.9,455.1
BAJAJHIND,BAJAJHINDEQN,19.53,19.59,19.59,0.06,0.31,65674,1286553,26.0,14.85
EPL,EPLEQN,239.35,240.1,240.1,0.75,0.31,898,215609,274.03,176.4
MACPOWER,MACPOWEREQN,2104.5,2111.0,2111.0,6.5,0.31,486,1025946,2149.0,761.0
UNIONBANK,UNIONBANKEQN,176.56,177.11,177.11,0.55,0.31,10139,1795718,205.49,133.9
TECILCHEM,TECILCHEMEQN,9.77,9.8,9.8,0.03,0.31,100,980,22.08,8.0
ADVENZYMES,ADVENZYMESEQN,287.8,288.7,288.7,0.9,0.31,131,37819,419.0,251.95
AYE,AYEEQN,185.72,186.29,186.29,0.57,0.31,3003,559428,197.29,88.22
MPIMANIPAL,MPIMANIPALEQN,341.35,342.4,342.4,1.05,0.31,7141,2445078,350.5,315.65
ALEMBICLTD,ALEMBICLTDEQN,102.63,102.95,102.95,0.32,0.31,5640,580638,117.72,70.46
PVP,PVPEQN,59.28,59.46,59.46,0.18,0.3,2799,166428,71.9,23.0
SHAH,SHAHEQN,3.28,3.29,3.29,0.01,0.3,11233,36956,5.82,2.56
GFLLIMITED,GFLLIMITEDEQN,56.43,56.6,56.6,0.17,0.3,1046,59203,81.0,37.25
PVRINOX,PVRINOXEQN,1324.7,1328.7,1328.7,4.0,0.3,1750,2325225,1339.8,907.4
GOODLUCK,GOODLUCKEQN,517.25,518.8,518.8,1.55,0.3,305,158234,557.37,305.0
BOROLTD,BOROLTDEQN,259.21,260.0,260.0,0.79,0.3,423,109980,397.95,213.73
ROTO,ROTOEQN,62.68,62.68,62.68,0.19,0.3,212,13288,84.35,47.5
NRL,NRLBEN,143.67,144.1,144.1,0.43,0.3,954,137471,143.98,45.1
HUDCO,HUDCOEQN,174.92,175.45,175.45,0.53,0.3,6779,1189375,246.85,159.0
AUGMONT,AUGMONTEQN,874.35,877.0,877.0,2.65,0.3,2958,2594166,1019.8,806.05
JUNIPER,JUNIPEREQN,224.33,225.0,225.0,0.67,0.3,1604,360900,312.5,188.5
SHARDACROP,SHARDACROPEQN,743.1,745.25,745.25,2.15,0.29,340,253385,1297.0,737.15
RAYMONDREL,RAYMONDRELEQN,588.3,590.0,590.0,1.7,0.29,639,377010,734.9,349.0
KELLTONTEC,KELLTONTECEQN,13.61,13.65,13.65,0.04,0.29,15727,214673,27.25,13.0
MARSONS,MARSONSEQN,128.62,128.99,128.99,0.37,0.29,11681,1506732,175.4,100.25
HUHTAMAKI,HUHTAMAKIEQN,245.0,245.7,245.7,0.7,0.29,495,121621,330.0,148.6
MEDIASSIST,MEDIASSISTEQN,324.85,325.8,325.8,0.95,0.29,45,14661,575.55,293.0
TATACONSUM,TATACONSUMEQN,996.0,998.9,998.9,2.9,0.29,1045,1043850,1282.7,986.0
ZFCVINDIA,ZFCVINDIAEQN,2387.0,2394.0,2394.0,7.0,0.29,126,301644,3044.0,2050.33
AMARJOTHI,AMARJOTHIEQN,147.07,147.5,147.5,0.43,0.29,1,147,166.0,141.65
DEEPAKFERT,DEEPAKFERTEQN,1343.2,1347.1,1347.1,3.9,0.29,389,524021,1681.0,866.4
MOSILVER,MOSILVEREQN,231.3,231.98,231.98,0.68,0.29,26,6031,385.0,126.0
SHAKTIPUMP,SHAKTIPUMPEQN,460.95,462.25,462.25,1.3,0.28,4091,1891064,884.5,455.0
PPLPHARMA,PPLPHARMAEQN,208.16,208.75,208.75,0.59,0.28,11006,2297502,231.93,132.3
BTML,BTMLEQN,7.25,7.27,7.27,0.02,0.28,1672,12155,10.5,5.06
RAIN,RAINEQN,206.92,207.49,207.49,0.57,0.28,18216,3779637,252.0,99.9
ESILVER,ESILVEREQN,234.3,234.95,234.95,0.65,0.28,425,99853,375.0,126.0
CENTENKA,CENTENKAEQN,561.45,563.0,563.0,1.55,0.28,123,69249,671.65,371.2
STEELCAS,STEELCASEQN,319.9,320.8,320.8,0.9,0.28,457,146605,364.0,176.02
DHOOTTRANS,DHOOTTRANSEQN,1590.7,1595.1,1595.1,4.4,0.28,1703,2716455,1735.3,1131.0
MANINFRA,MANINFRAEQN,125.64,125.99,125.99,0.35,0.28,4963,625288,160.39,77.12
LGBBROSLTD,LGBBROSLTDEQN,1730.4,1735.1,1735.1,4.7,0.27,1,1735,2048.0,1314.9
DELTACORP,DELTACORPEQN,58.34,58.5,58.5,0.16,0.27,3817,223294,86.4,48.3
LUMAXIND,LUMAXINDEQN,5851.0,5867.0,5867.0,16.0,0.27,30,176010,6934.5,4245.1
TFCILTD,TFCILTDEQN,139.62,140.0,140.0,0.38,0.27,10027,1403780,147.65,51.0
BATAINDIA,BATAINDIAEQN,638.3,640.0,640.0,1.7,0.27,1089,696960,1269.0,605.0
BEL,BELEQN,393.3,393.3,394.35,1.05,0.27,36106,0,473.45,380.45
CHENNPETRO,CHENNPETROEQN,1416.6,1420.4,1420.4,3.8,0.27,3784,5374793,1677.5,716.8
AIAENG,AIAENGEQN,3973.3,3984.0,3984.0,10.7,0.27,21,83664,5180.0,3034.0
VISHAL,VISHALEQN,18.22,18.27,18.27,0.05,0.27,349,6376,21.94,17.35
KISSHT,KISSHTEQN,356.05,357.0,357.0,0.95,0.27,3834,1368738,373.0,190.0
YATRA,YATRAEQN,104.83,105.1,105.1,0.27,0.26,445,46769,202.0,89.9
TBOTEK,TBOTEKEQN,1710.6,1715.0,1715.0,4.4,0.26,148,253820,1764.8,1004.2
ATAM,ATAMEQN,57.58,57.73,57.73,0.15,0.26,3,173,111.0,48.5
RHL,RHLEQN,179.55,180.0,180.0,0.45,0.25,30,5400,273.9,160.98
SONACOMS,SONACOMSEQN,808.0,810.0,810.0,2.0,0.25,4577,3707370,844.0,402.3
SHALBY,SHALBYEQN,137.66,138.0,138.0,0.34,0.25,761,105018,274.7,125.82
ARVIND,ARVINDEQN,552.6,554.0,554.0,1.4,0.25,938,519652,607.15,277.9
PFIZER,PFIZEREQN,4002.4,4012.5,4012.5,10.1,0.25,166,666075,5578.5,3955.5
KRISHIVAL,KRISHIVALEQN,419.3,420.0,420.0,1.05,0.25,58,24360,483.81,282.3
DIACABS,DIACABSBEN,366.8,367.7,367.7,0.9,0.25,5699,2095522,404.0,115.57
GOLDETF,GOLDETFEQN,148.57,148.94,148.94,0.37,0.25,841,125258,173.5,106.34
PCJEWELLER,PCJEWELLEREQN,12.72,12.75,12.75,0.03,0.24,763597,9735861,15.3,7.47
MOBIKWIK,MOBIKWIKEQN,212.48,213.0,213.0,0.52,0.24,15405,3281265,305.95,151.46
SARDAEN,SARDAENEQN,505.95,507.15,507.15,1.2,0.24,235,119180,624.0,453.1
KIMS,KIMSEQN,809.85,811.8,811.8,1.95,0.24,300,243540,858.0,575.8
RITCO,RITCOEQN,291.45,292.15,292.15,0.7,0.24,250,73037,331.15,167.1
RCF,RCFEQN,109.08,109.34,109.34,0.26,0.24,3389,370553,157.2,106.0
PRIVISCL,PRIVISCLEQN,3444.9,3453.2,3453.2,8.3,0.24,220,759704,3785.3,2339.5
SYNGENE,SYNGENEEQN,369.05,369.95,369.95,0.9,0.24,2550,943372,678.95,366.65
INDIGRID,INDIGRIDIVN,173.49,173.9,173.9,0.41,0.24,2035,353886,180.9,161.01
BCLIND,BCLINDEQN,33.06,33.14,33.14,0.08,0.24,4190,138856,44.9,25.53
RPGLIFE,RPGLIFEEQN,2802.4,2809.0,2809.0,6.6,0.24,92,258428,3082.0,1733.0
ITI,ITIEQN,256.3,256.9,256.9,0.6,0.23,775,199097,372.85,237.0
TI,TIEQN,568.7,570.0,570.0,1.3,0.23,2545,1450650,594.55,381.55
GPIL,GPILEQN,233.47,234.0,234.0,0.53,0.23,1638,383292,320.0,221.21
PSB,PSBEQN,22.1,22.15,22.15,0.05,0.23,9302,206039,32.46,20.5
NAZARA,NAZARAEQN,369.35,370.2,370.2,0.85,0.23,1510,559002,380.0,215.7
CANTABIL,CANTABILEQN,242.63,243.2,243.2,0.57,0.23,100,24320,321.5,208.5
WAKEFIT,WAKEFITEQN,146.85,147.19,147.19,0.34,0.23,277,40771,224.0,111.4
EGOLD,EGOLDEQN,152.8,153.15,153.15,0.35,0.23,2,306,184.95,109.6
JSWINFRA,JSWINFRAEQN,348.25,349.0,349.0,0.75,0.22,37902,13227798,356.95,233.42
MAYURUNIQ,MAYURUNIQEQN,743.4,745.0,745.0,1.6,0.22,140,104300,907.0,471.2
POCL,POCLEQN,469.95,471.0,471.0,1.05,0.22,2896,1364016,647.6,392.2
CIEINDIA,CIEINDIAEQN,387.15,388.0,388.0,0.85,0.22,417,161796,526.0,366.9
TIRUMALCHM,TIRUMALCHMEQN,158.54,158.89,158.89,0.35,0.22,355,56405,327.0,143.5
INDIAMART,INDIAMARTEQN,1646.3,1650.0,1650.0,3.7,0.22,171,282150,2573.8,1622.4
SUNSHIEL,SUNSHIELEQN,1233.3,1236.0,1236.0,2.7,0.22,7,8652,1284.8,1130.0
SILVERAXIS,SILVERAXISEQN,232.82,233.33,233.33,0.51,0.22,5120,1194649,390.01,125.7
KPL,KPLEQN,3471.2,3478.9,3478.9,7.7,0.22,46,160029,3798.9,1561.0
MARUTI,MARUTIEQN,12103.0,12129.0,12129.0,26.0,0.21,745,9036105,17370.0,12103.0
SAGARDEEP,SAGARDEEPEQN,23.62,23.67,23.67,0.05,0.21,200,4734,31.48,20.81
KINGFA,KINGFAEQN,5828.0,5820.0,5820.0,12.0,0.21,18,104760,6347.0,3649.9
MUFIN,MUFINEQN,133.45,133.73,133.73,0.28,0.21,2746,367222,141.5,85.13
AMBUJACEM,AMBUJACEMEQN,388.3,389.1,389.1,0.8,0.21,8166,3177390,600.8,379.55
SANSERA,SANSERAEQN,4259.9,4269.0,4269.0,9.1,0.21,1117,4768473,4300.0,1364.2
MARINE,MARINEEQN,379.2,380.0,380.0,0.8,0.21,1225,465500,450.0,150.86
BLSE,BLSEEQN,316.5,317.15,317.15,0.65,0.21,617,195681,331.3,124.3
SILVERBND,SILVERBNDEQN,235.48,235.98,235.98,0.5,0.21,1,235,389.0,180.0
EXICOM,EXICOMEQN,163.68,164.0,164.0,0.32,0.2,1757,288148,189.17,75.6
PARKHOTELS,PARKHOTELSEQN,107.38,107.6,107.6,0.22,0.2,735,79086,161.25,95.1
GOCOLORS,GOCOLORSEQN,306.0,306.6,306.6,0.6,0.2,161,49362,744.0,237.05
HESTERBIO,HESTERBIOEQN,2195.6,2200.0,2200.0,4.4,0.2,51,112200,2683.6,1239.3
TTML,TTMLEQN,35.73,35.8,35.8,0.07,0.2,7576,271220,60.08,31.22
DALBHARAT,DALBHARATEQN,1761.4,1765.0,1765.0,3.6,0.2,132,232980,2488.9,1605.0
CESC,CESCEQN,141.53,141.8,141.8,0.27,0.19,4444,630159,204.5,138.12
GOLDBND,GOLDBNDEQN,153.21,153.5,153.5,0.29,0.19,1,153,180.16,115.17
ASTEC,ASTECEQN,726.7,728.0,728.0,1.3,0.18,175,127400,941.75,513.4
SURYAROSNI,SURYAROSNIEQN,210.62,211.0,211.0,0.38,0.18,495,104445,314.5,187.35
VENUSPIPES,VENUSPIPESEQN,2282.9,2287.0,2287.0,4.1,0.18,2388,5461356,2309.1,890.0
JTEKTINDIA,JTEKTINDIAEQN,117.77,117.98,117.98,0.21,0.18,1663,196200,187.95,114.82
GULFOILLUB,GULFOILLUBEQN,1070.1,1072.0,1072.0,1.9,0.18,139,149008,1317.8,865.0
JINDWORLD,JINDWORLDEQN,49.7,49.79,49.79,0.09,0.18,19210,956465,61.99,17.85
TAMBOLIIN,TAMBOLIINBEN,301.45,302.0,302.0,0.55,0.18,5,1510,318.85,141.5
BURNPUR,BURNPURBEN,17.85,17.88,17.88,0.03,0.17,220,3933,22.63,11.13
SKYGOLD,SKYGOLDEQN,783.7,785.0,785.0,1.3,0.17,1527,1198695,868.8,259.0
IPL,IPLEQN,134.67,134.9,134.9,0.23,0.17,1247,168220,240.25,125.0
HUBTOWN,HUBTOWNEQN,177.69,178.0,178.0,0.31,0.17,347,61766,339.0,168.15
AKUMS,AKUMSEQN,783.7,785.0,785.0,1.3,0.17,1582,1241870,796.55,409.3
INDIASHLTR,INDIASHLTREQN,681.85,683.0,683.0,1.15,0.17,89,60787,924.0,620.15
APOLLOTYRE,APOLLOTYREEQN,409.3,410.0,410.0,0.7,0.17,9099,3730590,540.5,365.3
TREEHOUSE,TREEHOUSEEQN,5.87,5.88,5.88,0.01,0.17,112,658,11.0,5.52
GROWWSLVR,GROWWSLVREQN,22.92,22.96,22.96,0.04,0.17,4,91,36.3,12.47
OMAXE,OMAXEEQN,117.31,117.5,117.5,0.19,0.16,910,106925,138.89,62.5
WELSPUNLIV,WELSPUNLIVEQN,214.66,215.0,215.0,0.34,0.16,11146,2396390,216.0,107.1
DSSL,DSSLEQN,1013.4,1015.0,1015.0,1.6,0.16,62,62930,1924.8,781.0
SHANKARA,SHANKARAEQN,149.26,149.5,149.5,0.24,0.16,144,21528,1021.35,98.25
LUMAXTECH,LUMAXTECHEQN,2102.7,2106.0,2106.0,3.3,0.16,559,1177254,2148.7,1094.8
HGS,HGSEQN,379.4,380.0,380.0,0.6,0.16,88,33440,545.0,342.05
DCMSRIND,DCMSRINDEQN,38.24,38.3,38.3,0.06,0.16,1114,42666,181.9,31.9
SINDHUTRAD,SINDHUTRADEQN,24.72,24.76,24.76,0.04,0.16,3691,91389,32.74,17.64
KRSNAA,KRSNAAEQN,541.15,542.0,542.0,0.85,0.16,195,105690,894.4,515.0
CHEMFAB,CHEMFABEQN,369.4,370.0,370.0,0.6,0.16,10,3700,703.0,290.35
MSPL,MSPLEQN,34.15,34.2,34.2,0.05,0.15,501,17134,46.12,26.25
SPMLINFRA,SPMLINFRAEQN,168.23,168.49,168.49,0.26,0.15,816,137487,288.1,151.01
TANLA,TANLAEQN,489.25,490.0,490.0,0.75,0.15,2928,1434720,766.0,365.9
PRSMJOHNSN,PRSMJOHNSNEQN,117.05,117.22,117.22,0.17,0.15,1355,158833,176.0,97.1
MANORAMA,MANORAMAEQN,1966.9,1969.9,1969.9,3.0,0.15,183,360491,2149.5,1060.6
IMAGICAA,IMAGICAAEQN,52.82,52.9,52.9,0.08,0.15,2188,115745,62.0,36.84
ENERGYDEV,ENERGYDEVEQN,14.68,14.7,14.7,0.02,0.14,78,1146,29.69,13.15
WINDLAS,WINDLASEQN,1109.45,1111.0,1111.0,1.55,0.14,184,204424,1181.9,697.4
HAPPSTMNDS,HAPPSTMNDSEQN,321.55,322.0,322.0,0.45,0.14,3628,1168216,583.4,319.0
IRCON,IRCONEQN,109.85,110.0,110.0,0.15,0.14,10710,1178100,188.25,106.8
FORTIS,FORTISEQN,886.0,887.2,887.2,1.2,0.14,435,385932,1104.3,766.8
BHARATFORG,BHARATFORGEQN,1962.1,1964.9,1964.9,2.8,0.14,1870,3674363,2295.0,1179.0
DLINKINDIA,DLINKINDIAEQN,430.05,430.65,430.65,0.6,0.14,287,123596,549.2,367.65
SHUKRAPHAR,SHUKRAPHAREQN,55.93,56.0,56.0,0.08,0.14,1688,94528,58.2,40.06
JSFB,JSFBEQN,527.3,528.0,528.0,0.7,0.13,337,177936,606.95,330.0
STARCEMENT,STARCEMENTEQN,194.25,194.5,194.5,0.25,0.13,2369,460770,279.3,180.12
ZENSARTECH,ZENSARTECHEQN,436.45,437.0,437.0,0.55,0.13,5967,2607579,868.95,421.0
HDFCLIFE,HDFCLIFEEQN,550.95,551.65,551.65,0.7,0.13,3872,2135988,796.9,508.7
SAFARI,SAFARIEQN,1501.0,1503.0,1503.0,2.0,0.13,32,48096,2507.1,1363.1
DYCL,DYCLEQN,457.4,458.0,458.0,0.6,0.13,1458,667764,560.0,236.8
SOTL,SOTLEQN,708.05,709.0,709.0,0.95,0.13,416,294944,850.1,285.8
ASTERDM,ASTERDMEQN,755.05,756.0,756.0,0.95,0.13,907,685692,891.3,519.1
SRM,SRMEQN,423.85,424.4,424.4,0.55,0.13,113,47957,649.95,361.35
GROWW,GROWWEQN,191.76,192.0,192.0,0.24,0.13,88359,16964928,227.2,112.0
ALPINETEX,ALPINETEXEQN,52.66,52.73,52.73,0.07,0.13,815,42974,105.0,49.15
GOLDBEES,GOLDBEESEQN,126.48,126.64,126.64,0.16,0.13,134398,17020162,148.14,90.45
DLF,DLFEQN,644.35,645.1,645.1,0.75,0.12,7532,4858893,792.8,489.4
RKFORGE,RKFORGEEQN,724.1,725.0,725.0,0.9,0.12,743,538675,772.8,460.15
ICICIGI,ICICIGIEQN,1458.1,1459.9,1459.9,1.8,0.12,316,461328,2064.9,1423.1
JKLAKSHMI,JKLAKSHMIEQN,530.2,530.85,530.85,0.65,0.12,609,323287,917.3,495.2
POLYMED,POLYMEDEQN,1726.0,1728.0,1728.0,2.0,0.12,212,366336,2107.8,1182.0
SETL,SETLEQN,402.35,402.85,402.85,0.5,0.12,8885,3579322,468.15,104.56
ANUP,ANUPEQN,1638.3,1640.3,1640.3,2.0,0.12,40,65612,2576.0,1422.3
IPCALAB,IPCALABEQN,2009.6,2012.0,2012.0,2.4,0.12,649,1305788,2038.0,1251.6
IRBINVIT,IRBINVITIVN,65.12,65.2,65.2,0.08,0.12,8369,545658,65.25,57.05
GUJRAFFIA,GUJRAFFIAEQN,40.25,40.3,40.3,0.05,0.12,3,120,88.0,35.1
CLEANMAX,CLEANMAXEQN,1279.4,1280.9,1280.9,1.5,0.12,212,271550,1536.0,727.1
ASAL,ASALEQN,449.7,450.25,450.25,0.55,0.12,58,26114,654.65,374.5
UDS,UDSEQN,189.82,190.03,190.03,0.21,0.11,125,23753,263.0,125.1
SAMMAANCAP,SAMMAANCAPEQN,143.92,144.08,144.08,0.16,0.11,2657,382820,192.95,129.0
FEDERALBNK,FEDERALBNKEQN,332.75,333.1,333.1,0.35,0.11,8763,2918955,371.7,189.05
POLICYBZR,POLICYBZREQN,1743.0,1745.0,1745.0,2.0,0.11,2104,3671480,1964.2,1364.0
SFL,SFLEQN,657.3,658.0,658.0,0.7,0.11,666,438228,832.45,456.8
SWARAJENG,SWARAJENGEQN,3625.1,3629.0,3629.0,3.9,0.11,106,384674,4540.0,3301.3
HGINFRA,HGINFRAEQN,442.45,442.95,442.95,0.5,0.11,822,364104,1039.7,429.5
TARIL,TARILEQN,279.85,280.15,280.15,0.3,0.11,1745,488861,552.0,224.05
TVSSRICHAK,TVSSRICHAKEQN,4844.5,4850.0,4850.0,5.5,0.11,24,116400,5760.0,3050.4
BLEL,BLELEQN,440.4,440.9,440.9,0.5,0.11,661,291434,548.0,415.0
IRB,IRBEQN,18.48,18.5,18.5,0.02,0.11,93293,1725920,23.95,18.38
STANLEY,STANLEYEQN,137.45,137.59,137.59,0.14,0.1,168,23115,320.45,123.0
ZUARI,ZUARIEQN,220.77,221.0,221.0,0.23,0.1,69,15249,345.6,175.1
GLAND,GLANDEQN,2961.9,2965.0,2965.0,3.1,0.1,1086,3219990,3042.0,1573.6
EMSLIMITED,EMSLIMITEDEQN,366.65,367.0,367.0,0.35,0.1,777,285159,589.9,256.05
VIYASH,VIYASHEQN,249.65,249.9,249.9,0.25,0.1,6422,1604857,298.0,178.13
INDIGO,INDIGOEQN,4920.0,4925.0,4925.0,5.0,0.1,2628,12942900,5970.0,3895.2
CIFL,CIFLEQN,19.98,20.0,20.0,0.02,0.1,301,6020,39.69,18.56
COHANCE,COHANCEEQN,438.0,438.45,438.45,0.45,0.1,252,110489,932.0,266.7
SCHAND,SCHANDEQN,133.87,134.0,134.0,0.13,0.1,100,13400,200.0,127.73
BMWVENTLTD,BMWVENTLTDEQN,51.9,51.95,51.95,0.05,0.1,9942,516486,78.0,48.0
E2ERAIL,E2ERAILSMN,344.65,345.0,345.0,0.35,0.1,800,276000,386.0,171.0
KLBRENG-B,KLBRENG-BEQN,471.0,471.45,471.45,0.45,0.1,477,224881,544.85,332.4
NECLIFE,NECLIFEEQN,10.98,10.99,10.99,0.01,0.09,340,3736,22.4,9.3
IIFLCAPS,IIFLCAPSEQN,345.1,345.4,345.4,0.3,0.09,2483,857628,411.3,240.4
KAMATHOTEL,KAMATHOTELEQN,229.3,229.5,229.5,0.2,0.09,86,19737,329.8,140.2
MASTEK,MASTEKEQN,1588.2,1589.7,1589.7,1.5,0.09,89,141483,2518.7,1334.2
CUB,CUBEQN,235.79,236.0,236.0,0.21,0.09,3696,872256,248.85,152.1
RALLIS,RALLISEQN,203.8,203.99,203.99,0.19,0.09,658,134225,342.1,196.81
MRF,MRFEQN,125670.0,125780.0,125780.0,110.0,0.09,12,1509360,163600.0,122000.0
ZYDUSWELL,ZYDUSWELLEQN,522.25,522.7,522.7,0.45,0.09,1189,621490,611.85,367.55
ORIRAIL,ORIRAILEQN,117.09,117.2,117.2,0.11,0.09,70,8204,142.0,102.8
LASERPOWER,LASERPOWEREQN,280.75,281.0,281.0,0.25,0.09,1836,515916,343.5,250.0
MAHSCOOTER,MAHSCOOTEREQN,13729.0,13580.0,13580.0,11.0,0.08,40,543200,18462.0,10901.0
SJVN,SJVNEQN,63.95,64.0,64.0,0.05,0.08,7130,456320,95.4,63.02
JAYSREETEA,JAYSREETEAEQN,89.38,89.45,89.45,0.07,0.08,466,41683,112.7,70.55
BHARATSE,BHARATSEEQN,214.02,214.19,214.19,0.17,0.08,51,10923,263.18,133.6
TRIVENI,TRIVENIEQN,238.8,239.0,239.0,0.2,0.08,1011,241629,490.1,220.05
FINPIPE,FINPIPEEQN,154.63,154.75,154.75,0.12,0.08,849,131382,219.16,147.54
GLOBAL,GLOBALEQN,130.16,130.26,130.26,0.1,0.08,970,126352,133.9,55.3
KNACK,KNACKEQN,182.6,182.74,182.74,0.14,0.08,422,77116,222.0,171.1
KENNAMET,KENNAMETEQN,4281.5,4285.0,4285.0,3.5,0.08,138,591330,5136.0,2405.2
EIMCOELECO,EIMCOELECOEQN,2248.4,2249.9,2249.9,1.5,0.07,64,143993,2380.0,1405.5
ASHOKAMET,ASHOKAMETEQN,15.1,15.11,15.11,0.01,0.07,323,4880,21.0,12.13
SARLAPOLY,SARLAPOLYEQN,97.48,97.55,97.55,0.07,0.07,122,11901,111.0,68.4
CONFIPET,CONFIPETEQN,91.95,92.01,92.01,0.06,0.07,12888,1185824,92.61,28.06
CEIGALL,CEIGALLEQN,373.75,374.0,374.0,0.25,0.07,994,371756,405.7,222.61
BRITANNIA,BRITANNIAEQN,4998.0,5001.5,5001.5,3.5,0.07,132,660198,6271.0,4933.0
METROGLOBL,METROGLOBLEQN,132.01,132.1,132.1,0.09,0.07,75,9907,165.0,110.0
KWIL,KWILEQN,41.22,41.25,41.25,0.03,0.07,25605,1056206,50.68,22.24
CEATLTD,CEATLTDEQN,3468.9,3471.2,3471.2,2.3,0.07,203,704653,4438.0,3061.2
QUADFUTURE,QUADFUTUREEQN,528.2,528.5,528.5,0.3,0.06,2319,1225591,554.4,248.55
BLBLIMITED,BLBLIMITEDEQN,16.0,16.01,16.01,0.01,0.06,26,416,22.47,12.0
SDBL,SDBLEQN,68.06,68.1,68.1,0.04,0.06,933,63537,142.6,61.8
GSMFOILS,GSMFOILSSMN,85.6,85.65,85.65,0.05,0.06,3500,299775,293.85,79.7
CMRGREEN,CMRGREENEQN,231.87,232.0,232.0,0.13,0.06,6162,1429584,268.96,205.25
CRESTO,CRESTOEQN,16.39,16.4,16.4,0.01,0.06,10,164,28.45,14.35
RKDL,RKDLEQN,18.49,18.5,18.5,0.01,0.05,18,333,30.2,16.3
MOIL,MOILEQN,243.88,244.0,244.0,0.12,0.05,1084,264496,404.9,234.06
PGHH,PGHHEQN,7486.0,7490.0,7490.0,4.0,0.05,42,314580,14509.0,7432.0
HINDALCO,HINDALCOEQN,986.5,987.0,987.0,0.5,0.05,15216,15018192,1176.0,731.95
ASIANENE,ASIANENEEQN,492.25,492.5,492.5,0.25,0.05,572,281710,565.7,230.0
LUPIN,LUPINEQN,2083.0,2084.0,2084.0,1.0,0.05,307,639788,2529.5,1900.0
RAMRAT,RAMRATEQN,554.75,555.0,555.0,0.25,0.05,109,60495,602.45,268.0
MMTC,MMTCEQN,60.27,60.3,60.3,0.03,0.05,3551,214125,78.35,50.1
UYFINCORP,UYFINCORPBEN,19.29,19.3,19.3,0.01,0.05,430,8299,22.34,11.5
ENFUSE,ENFUSESMN,142.0,142.05,142.05,0.05,0.04,600,85230,260.0,142.0
ONESOURCE,ONESOURCEEQN,1594.9,1595.5,1595.5,0.6,0.04,121,193055,1925.0,1057.0
MBAPL,MBAPLEQN,159.82,159.89,159.89,0.07,0.04,233,37254,174.94,74.63
KIRLOSIND,KIRLOSINDEQN,3699.8,3701.1,3701.1,1.3,0.04,8,29608,4574.8,2463.0
RTNINDIA,RTNINDIAEQN,26.54,26.55,26.55,0.01,0.04,10708,284297,57.68,24.4
BIRLACORPN,BIRLACORPNEQN,823.6,823.95,823.95,0.35,0.04,155,127712,1346.1,769.6
BLS,BLSEQN,226.5,226.6,226.6,0.1,0.04,2101,476086,372.1,218.9
FACT,FACTEQN,764.2,764.5,764.5,0.3,0.04,44,33638,1058.6,652.1
STOVEKRAFT,STOVEKRAFTEQN,829.3,829.6,829.6,0.3,0.04,127,105359,877.0,447.05
GSLSU,GSLSUEQN,28.04,28.05,28.05,0.01,0.04,264,7405,139.67,23.06
TIINDIA,TIINDIAEQN,2600.0,2601.0,2601.0,1.0,0.04,85,221085,3403.7,2164.9
BAYERCROP,BAYERCROPEQN,3779.5,3781.0,3781.0,1.5,0.04,27,102087,5489.0,3761.1
TVSMOTOR,TVSMOTOREQN,4171.3,4173.1,4173.1,1.8,0.04,1016,4239869,4484.5,3228.0
ICICIPRULI,ICICIPRULIEQN,492.0,492.2,492.2,0.2,0.04,722,355368,706.8,455.3
REDINGTON,REDINGTONEQN,399.85,400.0,400.0,0.15,0.04,7945,3178000,413.2,191.31
NDTV,NDTVEQN,71.72,71.75,71.75,0.03,0.04,76,5453,134.5,58.75
PACEDIGITK,PACEDIGITKEQN,156.17,156.24,156.24,0.07,0.04,1891,295449,231.95,139.81
FERMENTA,FERMENTAEQN,474.15,474.35,474.35,0.2,0.04,1232,584399,580.45,248.85
SAATVIKGL,SAATVIKGLEQN,411.8,411.95,411.95,0.15,0.04,255,105047,567.0,328.0
BIRLAPREC,BIRLAPRECBEN,57.08,57.1,57.1,0.02,0.04,1005,57385,63.49,32.25
PFS,PFSEQN,26.17,26.18,26.18,0.01,0.04,594,15550,40.5,23.85
CLSEL,CLSELEQN,294.9,292.0,292.0,0.1,0.03,184,53728,324.8,203.75
LANDMARK,LANDMARKEQN,504.5,504.65,504.65,0.15,0.03,43,21699,662.8,339.5
INDUSTOWER,INDUSTOWEREQN,375.9,376.0,376.0,0.1,0.03,1179,443304,481.5,337.8
OLAELEC,OLAELECEQN,36.39,36.4,36.4,0.01,0.03,175770,6398028,59.2,22.25
PTL,PTLEQN,38.33,38.34,38.34,0.01,0.03,119,4562,43.77,36.1
LICHSGFIN,LICHSGFINEQN,548.15,548.3,548.3,0.15,0.03,2890,1584587,598.2,458.9
AAVAS,AAVASEQN,1284.6,1285.0,1285.0,0.4,0.03,678,871230,1771.9,1060.4
PGINVIT,PGINVITIVN,101.37,101.4,101.4,0.03,0.03,14756,1496258,104.5,86.3
ANGELONE,ANGELONEEQN,299.1,299.2,299.2,0.1,0.03,14022,4195382,360.45,208.63
MEDICO,MEDICOEQN,34.89,34.9,34.9,0.01,0.03,508,17729,56.88,30.22
KIRLOSBROS,KIRLOSBROSEQN,1811.4,1811.9,1811.9,0.5,0.03,34,61604,2189.2,1335.0
PATILAUTOM,PATILAUTOMSMN,325.9,326.0,326.0,0.1,0.03,600,195600,338.0,112.05
ENRIN,ENRINEQN,3228.0,3229.0,3229.0,1.0,0.03,573,1850217,3968.0,2115.0
BONLON,BONLONEQN,39.13,39.14,39.14,0.01,0.03,120,4696,57.0,34.51
NGLFINE,NGLFINEEQN,2768.2,2769.0,2769.0,0.8,0.03,38,105222,3602.0,1271.0
CARTRADE,CARTRADEEQN,2988.9,2989.9,2989.9,1.0,0.03,322,962747,3290.5,1600.0
CENTURYPLY,CENTURYPLYEQN,722.65,722.9,722.9,0.25,0.03,29,20964,859.0,618.5
ORIENTTECH,ORIENTTECHEQN,236.35,236.4,236.4,0.05,0.02,783,185101,466.73,220.8
SUNCLAY,SUNCLAYEQN,1254.6,1254.8,1254.8,0.2,0.02,11,13802,1942.0,1112.8
TEJASNET,TEJASNETEQN,518.3,518.4,518.4,0.1,0.02,5442,2821132,644.75,294.0
360ONE,360ONEEQN,1073.1,1073.3,1073.3,0.2,0.02,503,539869,1236.2,906.05
NSLNISP,NSLNISPEQN,42.6,42.61,42.61,0.01,0.02,7008,298610,53.75,33.01
ACC,ACCEQN,1259.7,1260.0,1260.0,0.3,0.02,475,598500,1987.0,1219.1
KPIGREEN,KPIGREENEQN,284.45,284.5,284.5,0.05,0.02,3111,885079,542.25,271.9
SIGMA,SIGMAEQN,47.03,47.04,47.04,0.01,0.02,363,17075,65.5,35.46
CHAMBLFERT,CHAMBLFERTEQN,414.9,415.0,415.0,0.1,0.02,1160,481400,558.25,399.75
KOTHARIPRO,KOTHARIPROEQN,63.11,63.12,63.12,0.01,0.02,83,5238,100.42,58.0
SAREGAMA,SAREGAMAEQN,499.9,500.0,500.0,0.1,0.02,363,181500,574.5,307.05
NAVA,NAVAEQN,562.3,562.4,562.4,0.1,0.02,56,31494,739.4,501.65
TCC,TCCEQN,49.85,49.86,49.86,0.01,0.02,1889,94185,105.28,39.37
BATLIBOI,BATLIBOIEQN,81.09,81.11,81.11,0.02,0.02,5,405,106.5,71.21
MOSCHIP,MOSCHIPEQN,208.89,208.91,208.91,0.02,0.01,6718,1403457,288.45,146.8
IKS,IKSEQN,1779.9,1780.0,1780.0,0.1,0.01,157,279460,1933.0,1262.0
VBL,VBLEQN,421.95,422.0,422.0,0.05,0.01,9634,4065548,555.8,381.0
FINOPB,FINOPBEQN,135.48,135.49,135.49,0.01,0.01,510,69099,339.0,110.03
PFC,PFCEQN,342.55,342.6,342.6,0.05,0.01,41136,14093193,486.5,329.9
SIYSIL,SIYSILEQN,527.4,527.45,527.45,0.05,0.01,32,16878,848.8,433.35
MHRIL,MHRILEQN,199.29,199.3,199.3,0.01,0.01,65,12954,368.9,188.21
CUMMINSIND,CUMMINSINDEQN,5099.5,5100.0,5100.0,0.5,0.01,278,1417800,6100.0,3833.0
GOKEX,GOKEXEQN,727.75,727.8,727.8,0.05,0.01,3502,2548755,954.9,531.0
TNPL,TNPLEQN,148.34,148.35,148.35,0.01,0.01,869,128916,175.75,121.51
FORCEMOT,FORCEMOTEQN,17488.0,17490.0,17490.0,2.0,0.01,94,1644060,26450.0,14911.0
HRYNSHP,HRYNSHPEQN,97.19,97.2,97.2,0.01,0.01,5,486,104.05,91.0
DATAMATICS,DATAMATICSEQN,765.95,766.0,766.0,0.05,0.01,129,98814,1010.0,632.0
MANIPALHOS,MANIPALHOSEQN,738.95,739.0,739.0,0.05,0.01,2044,1510516,815.0,625.45
NIRLON,NIRLONEQN,600.4,600.45,600.45,0.05,0.01,13,7805,657.0,516.03
GCSL,GCSLEQN,618.55,618.6,618.6,0.05,0.01,202,124957,620.5,213.15
RUSTOMJEE,RUSTOMJEEEQN,353.75,353.8,353.8,0.05,0.01,2,707,634.0,331.9
ELANTAS,ELANTASEQN,14228.0,14230.0,14230.0,2.0,0.01,4,56920,14890.0,8900.0
OMINFRAL,OMINFRALEQN,78.33,78.33,78.33,0.0,0.0,189,14804,144.0,71.5
PRAKASHSTL,PRAKASHSTLEQN,3.65,3.65,3.65,0.0,0.0,737,2690,6.57,3.48
KANSAINER,KANSAINEREQN,183.96,183.96,183.96,0.0,0.0,886,162988,264.0,157.91
ROLLT,ROLLTBEN,5.71,5.71,5.71,0.0,0.0,94310,538510,5.71,1.07
OSWALAGRO,OSWALAGROEQN,33.88,33.88,33.88,0.0,0.0,103,3489,81.0,32.36
ORCHASP,ORCHASPEQN,1.4,1.4,1.4,0.0,0.0,1274,1783,4.16,1.25
TARC,TARCEQN,133.09,133.09,133.09,0.0,0.0,3151,419366,186.3,109.1
JNKINDIA,JNKINDIAEQN,413.9,413.9,413.9,0.0,0.0,553,228886,558.0,200.92
DCXINDIA,DCXINDIAEQN,163.1,163.1,163.1,0.0,0.0,963,157065,283.4,153.3
IFBAGRO,IFBAGROEQN,888.0,888.0,888.0,0.0,0.0,17,15096,1790.0,679.15
KAPSTON,KAPSTONEQN,584.3,584.3,584.3,0.0,0.0,152,88813,600.0,162.79
SPARC,SPARCEQN,193.92,193.92,193.92,0.0,0.0,1510,292819,289.0,108.0
SANOFICONR,SANOFICONREQN,4033.4,4033.4,4033.4,0.0,0.0,2,8066,5330.0,3926.0
TIPSMUSIC,TIPSMUSICEQN,657.7,657.7,657.7,0.0,0.0,308,202571,741.0,481.15
TPHQ,TPHQBEN,0.55,0.55,0.55,0.0,0.0,30232,16627,0.86,0.4
ZEEMEDIA,ZEEMEDIAEQN,7.32,7.32,7.32,0.0,0.0,1592,11653,13.26,6.65
GROBTEA,GROBTEAEQN,921.9,921.9,921.9,0.0,0.0,1,921,1236.2,805.0
SURAKSHA,SURAKSHAEQN,335.1,335.1,335.1,0.0,0.0,4,1340,349.0,224.1
KPEL,KPELEQN,216.88,216.88,216.88,0.0,0.0,1589,344622,463.25,206.52
QUESS,QUESSEQN,351.65,351.65,351.65,0.0,0.0,1694,595695,388.75,166.3
KRITIKA,KRITIKAEQN,5.2,5.2,5.2,0.0,0.0,1436,7467,9.55,4.5
SKIL,SKILBZN,0.9,0.9,0.9,0.0,0.0,200,180,2.28,0.78
NORTHARC,NORTHARCEQN,313.6,313.6,313.6,0.0,0.0,1737,544723,334.0,206.0
ISHANCH,ISHANCHEQN,51.04,51.04,51.04,0.0,0.0,1568,80030,83.37,41.71
MGEL,MGELEQN,15.64,15.64,15.64,0.0,0.0,1195,18689,18.4,9.53
KRITINUT,KRITINUTEQN,81.34,81.34,81.34,0.0,0.0,50,4067,102.99,51.36
MAHAPEXLTD,MAHAPEXLTDEQN,54.72,54.72,54.72,0.0,0.0,25,1368,75.64,37.32
INCREDIBLE,INCREDIBLEEQN,32.37,32.37,32.37,0.0,0.0,1,32,49.79,28.1
LIBERTSHOE,LIBERTSHOEEQN,221.28,221.28,221.28,0.0,0.0,40,8851,384.9,210.5
TCIFINANCE,TCIFINANCEEQN,15.58,15.58,15.58,0.0,0.0,44,685,38.46,10.0
CENTEXT,CENTEXTEQN,19.16,19.16,19.16,0.0,0.0,189,3621,31.59,14.25
ZAGGLE,ZAGGLEEQN,178.56,178.56,178.56,0.0,0.0,1856,331407,405.4,154.36
OPTIEMUS,OPTIEMUSEQN,590.1,590.1,590.1,0.0,0.0,705,416020,713.0,288.0
JHS,JHSEQN,8.54,8.54,8.54,0.0,0.0,58,495,13.9,6.26
HAVISHA,HAVISHAEQN,1.33,1.33,1.33,0.0,0.0,116,154,2.42,1.03
THELEELA,THELEELAEQN,540.55,540.55,540.55,0.0,0.0,545,294599,582.85,384.5
LFIC,LFICEQN,132.74,132.74,132.74,0.0,0.0,1,132,224.85,111.0
FIBERWEB,FIBERWEBEQN,26.1,26.1,26.1,0.0,0.0,112,2923,49.9,25.07
EVEREADY,EVEREADYEQN,331.0,331.0,331.0,0.0,0.0,297,98307,436.75,259.65
DOLATALGO,DOLATALGOEQN,67.32,67.32,67.32,0.0,0.0,75,5049,95.76,64.96
LT,LTEQN,3885.0,3885.0,3885.0,0.0,0.0,3451,13407135,4440.0,3288.1
NIITLTD,NIITLTDEQN,91.57,91.57,91.57,0.0,0.0,1065,97522,114.41,49.0
LALPATHLAB,LALPATHLABEQN,1896.9,1896.9,1896.9,0.0,0.0,462,876367,2038.6,1272.6
SATIA,SATIAEQN,68.46,68.46,68.46,0.0,0.0,7,479,85.48,50.8
PERSISTENT,PERSISTENTEQN,5416.0,5416.0,5416.0,0.0,0.0,852,4614432,6599.0,4244.5
LTTS,LTTSEQN,3347.5,3347.5,3347.5,0.0,0.0,65,217587,4726.0,3010.0
SUNTECK,SUNTECKEQN,294.05,294.05,294.05,0.0,0.0,448,131734,472.5,270.75
YATHARTH,YATHARTHEQN,1139.5,1139.5,1139.5,0.0,0.0,5941,6769769,1184.0,538.25
GULPOLY,GULPOLYEQN,169.99,169.99,169.99,0.0,0.0,447,75985,227.63,121.5
NAVKARCORP,NAVKARCORPEQN,88.91,88.91,88.91,0.0,0.0,320,28451,132.0,74.05
UCOBANK,UCOBANKEQN,23.75,23.75,23.75,0.0,0.0,27430,651462,34.2,22.22
FCSSOFT,FCSSOFTEQN,1.41,1.41,1.41,0.0,0.0,56038,79013,2.53,1.05
BOHRAIND,BOHRAINDEQN,12.71,12.71,12.71,0.0,0.0,1,12,26.66,11.6
DAMCAPITAL,DAMCAPITALEQN,137.92,137.92,137.92,0.0,0.0,575,79304,286.0,119.22
TVSELECT,TVSELECTEQN,403.15,403.15,403.15,0.0,0.0,113,45555,739.35,336.2
UNIMECH,UNIMECHEQN,1591.3,1591.3,1591.3,0.0,0.0,855,1360561,1652.8,695.0
JAYBEE,JAYBEESMN,82.3,82.3,82.3,0.0,0.0,500,41150,218.0,70.0
SAGCEM,SAGCEMEQN,151.79,151.79,151.79,0.0,0.0,210,31875,282.05,141.52
KALAMANDIR,KALAMANDIREQN,78.26,78.26,78.26,0.0,0.0,1596,124902,223.03,76.55
KSL,KSLEQN,955.05,955.05,955.05,0.0,0.0,139,132751,1002.8,574.0
MANAPPURAM,MANAPPURAMEQN,319.15,319.15,319.15,0.0,0.0,3609,1151812,381.55,245.15
VPRPL,VPRPLEQN,34.72,34.72,34.72,0.0,0.0,278,9652,114.8,23.94
TEXRAIL,TEXRAILEQN,114.66,114.66,114.66,0.0,0.0,6059,694724,153.0,78.05
BIRLAMONEY,BIRLAMONEYEQN,120.49,120.49,120.49,0.0,0.0,92,11085,185.5,95.0
SPANDANA,SPANDANAEQN,229.25,229.25,229.25,0.0,0.0,42,9628,319.4,181.1
ULTRACEMCO,ULTRACEMCOEQN,11014.0,11014.0,11014.0,0.0,0.0,607,6685498,13110.0,10325.0
GRINDWELL,GRINDWELLEQN,1895.6,1895.6,1895.6,0.0,0.0,71,134587,2455.0,1329.0
AAKASH,AAKASHEQN,8.88,8.88,8.88,0.0,0.0,890,7903,13.4,7.21
SURYALAXMI,SURYALAXMIEQN,57.76,57.76,57.76,0.0,0.0,1,57,69.7,43.0
NRAIL,NRAILEQN,625.2,625.2,625.2,0.0,0.0,1,625,685.0,357.3
NITCO,NITCOEQN,87.0,87.0,87.0,0.0,0.0,431,37497,123.59,64.0
BAGFILMS,BAGFILMSEQN,4.35,4.35,4.35,0.0,0.0,96,417,8.0,3.61
RHIM,RHIMEQN,368.7,368.7,368.7,0.0,0.0,86,31708,508.3,323.05
GREENPANEL,GREENPANELEQN,157.83,157.83,157.83,0.0,0.0,555,87595,314.4,148.51
FEL,FELBZN,0.36,0.36,0.36,0.0,0.0,53094,19113,0.63,0.34
LTFOODS,LTFOODSEQN,423.2,423.2,423.2,0.0,0.0,460,194672,490.7,333.15
KRISHNADEF,KRISHNADEFEQN,1030.0,1030.0,1030.0,0.0,0.0,248,255440,1400.0,665.0
SHILPAMED,SHILPAMEDEQN,1021.1,1021.1,1021.1,0.0,0.0,4842,4944166,1033.1,259.5
PLATIND,PLATINDEQN,214.05,214.05,214.05,0.0,0.0,51,10916,331.95,183.5
SANDHAR,SANDHAREQN,601.25,601.25,601.25,0.0,0.0,163,98003,763.2,424.0
PRIMESECU,PRIMESECUEQN,296.85,296.85,296.85,0.0,0.0,3,890,325.0,248.0
MEDANTA,MEDANTAEQN,1499.4,1499.4,1499.4,0.0,0.0,637,955117,1544.0,956.0
ORIENTCER,ORIENTCEREQN,46.52,46.52,46.52,0.0,0.0,12,558,56.64,34.0
JKCEMENT,JKCEMENTEQN,5064.5,5064.5,5064.5,0.0,0.0,9,45580,7000.0,4671.5
MUNJALAU,MUNJALAUEQN,103.99,103.99,103.99,0.0,0.0,845,87871,130.6,67.2
KIRLOSENG,KIRLOSENGEQN,2160.1,2160.1,2160.1,0.0,0.0,728,1572552,2720.0,865.55
UGARSUGAR,UGARSUGAREQN,56.79,56.79,56.79,0.0,0.0,3435,195073,62.1,33.75
DRREDDY,DRREDDYEQN,1185.0,1185.0,1185.0,0.0,0.0,3011,3568035,1414.9,1101.0
TRITURBINE,TRITURBINEEQN,567.8,567.8,567.8,0.0,0.0,524,297527,787.6,428.35
SHIVACEM,SHIVACEMEQN,15.45,15.45,15.45,0.0,0.0,25,386,17.94,15.0
VSSL,VSSLEQN,404.7,404.7,404.7,0.0,0.0,384,155404,428.25,206.4
KRYSTAL,KRYSTALEQN,646.35,646.35,646.35,0.0,0.0,38,24561,696.9,500.0
INGERRAND,INGERRANDEQN,4155.7,4155.7,4155.7,0.0,0.0,171,710624,4955.0,3063.3
ONELIFECAP,ONELIFECAPBEN,34.02,34.02,34.02,0.0,0.0,200,6804,40.1,10.62
KPIL,KPILEQN,1445.5,1445.5,1445.5,0.0,0.0,568,821044,1479.6,1007.1
MSUMI,MSUMIEQN,35.67,35.67,35.67,0.0,0.0,36983,1319183,53.59,34.76
SERVOTECH,SERVOTECHEQN,72.8,72.8,72.8,0.0,0.0,1837,133733,141.5,57.51
SONATSOFTW,SONATSOFTWEQN,274.0,274.0,274.0,0.0,0.0,2154,590196,421.5,207.15
CHEMPLASTS,CHEMPLASTSEQN,171.48,171.48,171.48,0.0,0.0,244,41841,439.9,161.0
COASTCORP,COASTCORPEQN,38.84,38.84,38.84,0.0,0.0,729,28314,66.7,32.5
CLEAN,CLEANEQN,851.9,851.9,851.9,0.0,0.0,1307,1113433,1207.9,652.0
WANBURY,WANBURYEQN,222.75,222.75,222.75,0.0,0.0,109,24279,358.85,161.5
INVENTURE,INVENTUREEQN,0.89,0.89,0.89,0.0,0.0,18717,16658,1.68,0.72
SINCLAIR,SINCLAIREQN,81.93,81.93,81.93,0.0,0.0,109,8930,110.79,68.82
MINDACORP,MINDACORPEQN,691.45,691.45,691.45,0.0,0.0,764,528267,769.0,468.5
GTLINFRA,GTLINFRAEQN,1.15,1.15,1.15,0.0,0.0,206185,237112,1.67,0.96
KTKBANK,KTKBANKEQN,313.8,313.8,313.8,0.0,0.0,5320,1669416,345.9,170.0
PRITI,PRITIEQN,33.43,33.43,33.43,0.0,0.0,6,200,85.0,31.0
SJS,SJSEQN,2422.8,2422.8,2422.8,0.0,0.0,796,1928548,2590.0,1418.1
SHRIRAMPPS,SHRIRAMPPSEQN,71.22,71.22,71.22,0.0,0.0,305,21722,99.44,60.57
TSFINV,TSFINVEQN,455.65,455.65,455.65,0.0,0.0,122,55589,701.5,331.7
NINSYS,NINSYSEQN,707.5,707.5,707.5,0.0,0.0,220,155650,935.0,281.05
PGIL,PGILEQN,1146.1,1146.1,1146.1,0.0,0.0,101,115756,1269.8,600.0
RATNAMANI,RATNAMANIEQN,2859.1,2859.0,2859.0,-0.1,0.0,233,666147,3345.0,1936.5
AHLUCONT,AHLUCONTEQN,584.7,584.7,584.7,0.0,0.0,269,157284,1077.95,559.1
ELGIEQUIP,ELGIEQUIPEQN,609.55,609.55,609.55,0.0,0.0,742,452286,653.4,408.25
MANGLMCEM,MANGLMCEMEQN,1030.8,1030.8,1030.8,0.0,0.0,43,44324,1120.0,679.35
NAM-INDIA,NAM-INDIAEQN,1155.0,1155.0,1155.0,0.0,0.0,1105,1276275,1269.5,795.8
EXXARO,EXXAROEQN,6.25,6.25,6.25,0.0,0.0,47,293,10.33,5.99
SUZLON,SUZLONEQN,43.14,43.14,43.14,0.0,0.0,132288,5706904,61.5,38.19
TEAMLEASE,TEAMLEASEEQN,1219.0,1219.0,1219.0,0.0,0.0,23,28037,1939.5,1065.2
UNIPARTS,UNIPARTSEQN,831.5,831.5,831.5,0.0,0.0,951,790756,915.95,399.8
BHARATWIRE,BHARATWIREEQN,173.05,173.05,173.05,0.0,0.0,365,63163,262.0,148.01
EMBDL,EMBDLEQN,53.88,53.88,53.88,0.0,0.0,7771,418701,105.7,39.46
SAIFL,SAIFLSMN,4.4,4.4,4.4,0.0,0.0,4000,17600,20.25,4.2
SHIVATEX,SHIVATEXEQN,168.51,168.51,168.51,0.0,0.0,2,337,217.92,126.06
JAYNECOIND,JAYNECOINDEQN,89.26,89.26,89.26,0.0,0.0,2918,260460,117.0,64.4
RANEHOLDIN,RANEHOLDINEQN,1598.4,1598.4,1598.4,0.0,0.0,2,3196,1894.5,981.0
GNFC,GNFCEQN,588.9,588.9,588.9,0.0,0.0,3984,2346177,619.0,365.0
MSTCLTD,MSTCLTDEQN,724.05,724.05,724.05,0.0,0.0,135,97746,805.0,362.15
IRFC,IRFCEQN,81.5,81.5,81.5,0.0,0.0,83082,6771183,137.17,78.16
MEIL,MEILEQN,271.85,271.85,271.85,0.0,0.0,27,7339,509.9,206.26
STEL,STELEQN,654.2,654.2,654.2,0.0,0.0,1,654,689.95,380.0
AJANTPHARM,AJANTPHARMEQN,3563.6,3563.6,3563.6,0.0,0.0,58,206688,3796.0,2329.9
PIXTRANS,PIXTRANSEQN,1741.1,1741.1,1741.1,0.0,0.0,11,19152,2089.0,1252.0
SPENCERS,SPENCERSEQN,28.38,28.38,28.38,0.0,0.0,20,567,61.4,24.38
SANOFI,SANOFIEQN,3087.4,3087.4,3087.4,0.0,0.0,43,132758,5073.5,3054.0
SYNCOMF,SYNCOMFEQN,20.04,20.04,20.04,0.0,0.0,41418,830016,22.59,10.21
VLEGOV,VLEGOVEQN,10.19,10.19,10.19,0.0,0.0,153,1559,36.47,8.42
HINDCON,HINDCONEQN,23.81,23.81,23.81,0.0,0.0,234,5571,37.75,15.66
AEROFLEX,AEROFLEXEQN,510.9,510.9,510.9,0.0,0.0,4589,2344520,584.15,158.0
SANGHVIMOV,SANGHVIMOVEQN,430.7,430.7,430.7,0.0,0.0,276,118873,528.0,223.8
APLLTD,APLLTDEQN,845.75,845.75,845.75,0.0,0.0,439,371284,998.0,635.8
IEX,IEXEQN,115.46,115.46,115.46,0.0,0.0,29683,3427199,160.27,110.35
MOREPENLAB,MOREPENLABEQN,120.9,120.9,120.9,0.0,0.0,58872,7117624,123.45,33.05
KDDL,KDDLEQN,3858.4,3858.4,3858.4,0.0,0.0,46,177486,4155.5,1990.0
BALPHARMA,BALPHARMAEQN,100.67,100.67,100.67,0.0,0.0,447,44999,124.6,60.0
SURYODAY,SURYODAYEQN,146.63,146.63,146.63,0.0,0.0,517,75807,218.0,115.41
WONDERLA,WONDERLAEQN,527.85,527.85,527.85,0.0,0.0,31,16363,645.95,455.0
ASHOKLEY,ASHOKLEYEQN,163.0,163.0,163.0,0.0,0.0,30622,4991386,215.42,134.21
FMGOETZE,FMGOETZEEQN,446.15,446.15,446.15,0.0,0.0,429,191398,641.1,358.0
HDFCBANK,HDFCBANKEQN,731.0,731.0,731.0,0.0,0.0,374662,273877922,1020.5,681.9
BAJAJINDEF,BAJAJINDEFEQN,214.94,214.94,214.94,0.0,0.0,2,429,442.6,207.25
SUNTV,SUNTVEQN,451.7,451.7,451.7,0.0,0.0,1797,811704,660.7,447.7
CAMPUS,CAMPUSEQN,212.12,212.12,212.12,0.0,0.0,659,139787,289.05,207.92
BEPL,BEPLEQN,128.95,128.95,128.95,0.0,0.0,3486,449519,138.5,74.2
TIMKEN,TIMKENEQN,3124.2,3124.2,3124.2,0.0,0.0,33,103098,3925.0,2800.5
RELIGARE,RELIGAREEQN,253.02,253.02,253.02,0.0,0.0,310,78436,280.0,196.51
SIS,SISEQN,428.25,428.25,428.25,0.0,0.0,208,89076,480.95,257.05
PRECWIRE,PRECWIREEQN,478.4,478.4,478.4,0.0,0.0,1173,561163,524.9,179.52
HLVLTD,HLVLTDEQN,6.75,6.75,6.75,0.0,0.0,725,4893,12.6,5.6
PCBL,PCBLEQN,336.7,336.7,336.7,0.0,0.0,2768,931985,425.95,226.5
JUBLINGREA,JUBLINGREAEQN,624.9,624.9,624.9,0.0,0.0,501,313074,795.0,537.3
INTERARCH,INTERARCHEQN,1705.8,1705.8,1705.8,0.0,0.0,165,281457,2762.6,1600.0
BSOFT,BSOFTEQN,280.4,280.4,280.4,0.0,0.0,3992,1119356,474.0,270.2
ACCELYA,ACCELYAEQN,1123.0,1123.0,1123.0,0.0,0.0,35,39305,1527.0,1012.4
NLCINDIA,NLCINDIAEQN,268.8,268.8,268.8,0.0,0.0,1715,460992,387.8,230.0
OBCL,OBCLEQN,57.02,57.02,57.02,0.0,0.0,50,2851,62.0,46.51
SUNDRMFAST,SUNDRMFASTEQN,1228.2,1228.2,1228.2,0.0,0.0,10,12282,1347.2,730.1
GRMOVER,GRMOVEREQN,81.64,81.64,81.64,0.0,0.0,598,48820,185.45,79.31
KRBL,KRBLEQN,392.45,392.45,392.45,0.0,0.0,897,352027,452.8,274.65
COMPINFO,COMPINFOBZN,1.1,1.1,1.1,0.0,0.0,268,294,2.37,0.91
20MICRONS,20MICRONSEQN,208.28,208.28,208.28,0.0,0.0,221,46029,237.45,129.61
BLUEDART,BLUEDARTEQN,4821.0,4821.2,4821.2,0.2,0.0,19,91602,7036.0,4628.5
ALANKIT,ALANKITEQN,7.74,7.74,7.74,0.0,0.0,566,4380,13.84,6.8
JYOTHYLAB,JYOTHYLABEQN,195.07,195.07,195.07,0.0,0.0,601,117237,326.7,188.1
HIKAL,HIKALEQN,226.04,226.04,226.04,0.0,0.0,885,200045,282.7,146.25
PRUDENT,PRUDENTEQN,3501.6,3501.6,3501.6,0.0,0.0,42,147067,4105.5,2121.0
RAYMOND,RAYMONDEQN,978.0,978.0,978.0,0.0,0.0,4785,4679730,1122.0,320.0
BRNL,BRNLEQN,16.25,16.25,16.25,0.0,0.0,17,276,26.5,16.0
ONGC,ONGCEQN,232.8,232.8,232.8,0.0,0.0,40684,9471235,307.5,227.65
ONWARDTEC,ONWARDTECEQN,287.2,287.2,287.2,0.0,0.0,340,97648,355.0,208.25
ORIENTPPR,ORIENTPPREQN,17.2,17.2,17.2,0.0,0.0,508,8737,28.81,13.25
BALRAMCHIN,BALRAMCHINEQN,672.6,672.6,672.6,0.0,0.0,923,620809,780.95,393.55
BBTC,BBTCEQN,1512.1,1512.1,1512.1,0.0,0.0,1518,2295367,2135.0,1314.6
GANDHAR,GANDHAREQN,276.2,276.2,276.2,0.0,0.0,1803,497988,303.17,115.0
FEDFINA,FEDFINAEQN,155.25,155.25,155.25,0.0,0.0,4536,704214,178.48,119.07
FLAIR,FLAIREQN,235.23,235.23,235.23,0.0,0.0,11,2587,345.0,228.0
IOLCP,IOLCPEQN,203.15,203.14,203.14,-0.01,0.0,5692,1156272,219.04,67.19
DOMS,DOMSEQN,2105.3,2105.3,2105.3,0.0,0.0,11,23158,2755.0,2023.9
INOXINDIA,INOXINDIAEQN,2098.8,2098.8,2098.8,0.0,0.0,303,635936,2339.5,1068.2
OIL,OILEQN,475.7,475.7,475.7,0.0,0.0,6219,2958378,531.0,395.6
UBL,UBLEQN,1251.5,1251.5,1251.5,0.0,0.0,277,346665,1844.0,1213.5
NIITMTS,NIITMTSEQN,217.16,217.16,217.16,0.0,0.0,249,54072,443.9,203.3
MPHASIS,MPHASISEQN,2300.4,2300.4,2300.4,0.0,0.0,167,384166,3037.2,2013.0
KOTHARIPET,KOTHARIPETEQN,136.47,136.47,136.47,0.0,0.0,192,26202,156.5,94.75
RITES,RITESEQN,207.23,207.23,207.23,0.0,0.0,2250,466267,275.0,175.0
AMBER,AMBEREQN,7125.0,7125.0,7125.0,0.0,0.0,89,634125,8974.0,5400.5
CASTROLIND,CASTROLINDEQN,197.14,197.14,197.14,0.0,0.0,30130,5939828,207.2,170.1
BECTORFOOD,BECTORFOODEQN,221.55,221.55,221.55,0.0,0.0,2455,543905,279.9,165.0
AWHCL,AWHCLEQN,364.9,364.9,364.9,0.0,0.0,359,130999,609.0,337.55
AHLADA,AHLADAEQN,37.33,37.33,37.33,0.0,0.0,1,37,72.0,31.22
RECLTD,RECLTDEQN,312.0,312.0,312.0,0.0,0.0,5425,1692600,390.5,304.05
VGUARD,VGUARDEQN,325.4,325.4,325.4,0.0,0.0,953,310106,392.2,288.8
CDSL,CDSLEQN,1390.0,1390.0,1390.0,0.0,0.0,6414,8915460,1673.7,1116.3
GPPL,GPPLEQN,160.35,160.35,160.35,0.0,0.0,2143,343630,200.09,141.55
DEEPAKNTR,DEEPAKNTREQN,1586.3,1586.3,1586.3,0.0,0.0,1546,2452419,1904.4,1280.0
TTKPRESTIG,TTKPRESTIGEQN,530.85,530.85,530.85,0.0,0.0,154,81750,771.2,423.0
RADAAN,RADAANEQN,2.8,2.8,2.8,0.0,0.0,435,1218,3.99,2.35
HITECH,HITECHEQN,76.14,76.14,76.14,0.0,0.0,880,67003,127.5,70.14
INDOSTAR,INDOSTAREQN,241.05,241.05,241.05,0.0,0.0,325,78341,292.0,179.03
VIKASLIFE,VIKASLIFEEQN,1.21,1.21,1.21,0.0,0.0,24679,29861,2.37,1.05
SECURKLOUD,SECURKLOUDEQN,16.84,16.84,16.84,0.0,0.0,4,67,34.18,15.6
GENUSPOWER,GENUSPOWEREQN,310.75,310.75,310.75,0.0,0.0,1584,492228,363.0,210.4
SILINV,SILINVEQN,446.9,446.9,446.9,0.0,0.0,2,893,767.0,380.0
BILVYAPAR,BILVYAPARBEN,4.29,4.29,4.29,0.0,0.0,142,609,14.7,3.8
CELEBRITY,CELEBRITYEQN,6.83,6.83,6.83,0.0,0.0,14,95,13.25,5.65
INNOVACAP,INNOVACAPEQN,1179.8,1179.8,1179.8,0.0,0.0,49,57810,1236.1,622.0
UNIINFO,UNIINFOEQN,11.23,11.23,11.23,0.0,0.0,116,1302,18.98,9.36
NUVOCO,NUVOCOEQN,328.6,328.6,328.6,0.0,0.0,193,63419,453.25,276.25
ZEEL,ZEELEQN,78.62,78.62,78.62,0.0,0.0,27210,2139250,121.8,68.0
SOMANYCERA,SOMANYCERAEQN,572.6,572.6,572.6,0.0,0.0,165,94479,579.25,332.0
MERCURYEV,MERCURYEVEQN,39.91,39.91,39.91,0.0,0.0,1605,64055,44.05,30.16
PREMIERPOL,PREMIERPOLEQN,81.43,81.43,81.43,0.0,0.0,353,28744,98.8,38.0
BALAXI,BALAXIEQN,23.55,23.55,23.55,0.0,0.0,463,10903,47.71,15.2
IDFCFIRSTB,IDFCFIRSTBEQN,85.92,85.92,85.92,0.0,0.0,37742,3242792,88.76,58.08
IGL,IGLEQN,148.56,148.56,148.56,0.0,0.0,5616,834312,223.5,141.74
UJJIVANSFB,UJJIVANSFBEQN,65.02,65.02,65.02,0.0,0.0,47186,3068033,73.94,43.85
SEPC,SEPCEQN,5.23,5.23,5.23,0.0,0.0,50223,262666,13.73,4.65
SHRENIK,SHRENIKBZN,0.29,0.29,0.29,0.0,0.0,20592,5971,0.65,0.27
NEXTMEDIA,NEXTMEDIAEQN,3.82,3.82,3.82,0.0,0.0,52,198,8.48,3.16
ANKITMETAL,ANKITMETALBZN,1.73,1.73,1.73,0.0,0.0,5510,9532,2.12,1.29
MANAKSTEEL,MANAKSTEELBEN,107.58,107.58,107.58,0.0,0.0,272,29261,120.76,45.11
PROSTARM,PROSTARMEQN,129.53,129.53,129.53,0.0,0.0,13,1683,234.85,114.64
CUBEINVIT,CUBEINVITIVN,156.36,156.36,156.36,0.0,0.0,190,29708,165.0,131.0
VISAKAIND,VISAKAINDEQN,97.36,97.36,97.36,0.0,0.0,3588,349327,104.41,50.2
WENDT,WENDTEQN,8767.5,8767.5,8767.5,0.0,0.0,10,87675,9750.0,5841.5
KANANIIND,KANANIINDEQN,1.42,1.42,1.42,0.0,0.0,3134,4450,2.1,1.02
NAVINFLUOR,NAVINFLUOREQN,8590.0,8590.0,8590.0,0.0,0.0,271,2327890,8949.5,4498.5
ATLANTAA,ATLANTAAEQN,36.04,36.04,36.04,0.0,0.0,13,468,73.39,31.52
ARE&M,ARE&MEQN,796.0,796.0,796.0,0.0,0.0,1924,1531504,1039.75,670.0
MAANALU,MAANALUEQN,104.77,104.77,104.77,0.0,0.0,10,1047,184.74,101.22
VIVIDHA,VIVIDHAEQN,0.51,0.51,0.51,0.0,0.0,7814,3985,0.91,0.43
IL&FSTRANS,IL&FSTRANSBZN,1.91,1.91,1.91,0.0,0.0,723,1380,3.27,1.75
TINNARUBR,TINNARUBREQN,1018.75,1018.75,1018.75,0.0,0.0,129,131418,1322.0,527.45
VEEDOL,VEEDOLEQN,1377.7,1377.7,1377.7,0.0,0.0,44,60618,2035.0,1238.2
DIAMINESQ,DIAMINESQEQN,256.77,256.77,256.77,0.0,0.0,2,513,377.1,208.01
DISHTV,DISHTVEQN,2.56,2.56,2.56,0.0,0.0,2967,7595,5.8,1.82
GANESHHOU,GANESHHOUEQN,741.45,741.45,741.45,0.0,0.0,37,27433,899.7,500.0
ANANTAM,ANANTAMIVN,106.44,106.44,106.44,0.0,0.0,3,319,117.0,100.1
TMPV,TMPVEQN,303.8,303.8,303.8,0.0,0.0,36923,11217207,739.7,294.3
ADVENTHTL,ADVENTHTLEQN,129.15,129.15,129.15,0.0,0.0,579,74777,345.05,120.02
ETERNAL,ETERNALEQN,326.85,326.85,326.85,0.0,0.0,50917,16642221,368.45,212.6
BIRLANU,BIRLANUEQN,1380.1,1380.1,1380.1,0.0,0.0,21,28982,2012.4,1190.1
SUDARSCHEM,SUDARSCHEMEQN,1263.5,1263.5,1263.5,0.0,0.0,127,160464,1603.0,726.4
AKSHAR,AKSHAREQN,0.41,0.41,0.41,0.0,0.0,11942,4896,0.76,0.36
DPEL,DPELSMN,648.5,648.5,648.5,0.0,0.0,500,324250,655.0,227.8
TEMBO,TEMBOEQN,56.19,56.19,56.19,0.0,0.0,1841,103445,837.0,54.25
BELLACASA,BELLACASAEQN,262.53,262.53,262.53,0.0,0.0,100,26253,497.35,214.68
RUBICON,RUBICONEQN,1751.1,1751.1,1751.1,0.0,0.0,1546,2707200,1899.0,570.75
UEL,UELEQN,203.73,203.73,203.73,0.0,0.0,67,13649,284.2,92.32
LLOYDSME,LLOYDSMEEQN,1826.7,1826.7,1826.7,0.0,0.0,460,840282,2125.0,1042.9
JNPR,JNPREQN,265.15,265.15,265.15,0.0,0.0,1536,407270,282.0,232.11
SATIN,SATINEQN,219.32,219.32,219.32,0.0,0.0,1344,294766,274.14,135.81
GILLETTE,GILLETTEEQN,7073.0,7073.0,7073.0,0.0,0.0,75,530475,10553.0,7031.5
CENTRALBK,CENTRALBKEQN,31.73,31.73,31.73,0.0,0.0,80650,2559024,40.92,29.32
TIMEX,TIMEXEQN,714.2,720.0,714.2,0.0,0.0,15629,0,729.0,312.0
AVADHSUGAR,AVADHSUGAREQN,730.45,730.45,730.45,0.0,0.0,112,81810,884.8,306.05
SILGO,SILGOEQN,70.8,70.8,70.8,0.0,0.0,18,1274,86.2,57.55
ADVANCE,ADVANCEEQN,110.48,110.48,110.48,0.0,0.0,64,7070,154.0,84.1
LIBAS,LIBASEQN,12.1,12.1,12.1,0.0,0.0,1653,20001,14.3,9.02
POEL,POELEQN,137.16,137.16,137.16,0.0,0.0,15,2057,168.97,136.11
LANDSMILL,LANDSMILLEQN,0.56,0.56,0.56,0.0,0.0,56618,31706,1.72,0.55
DREAMFOLKS,DREAMFOLKSEQN,64.76,64.76,64.76,0.0,0.0,264,17096,160.0,56.0
ARDEE,ARDEEEQN,49.28,49.28,49.28,0.0,0.0,6430,316870,73.19,46.5
GOLDCASE,GOLDCASEEQN,24.07,24.07,24.07,0.0,0.0,63013,1516722,27.94,17.05
GOLDIETF,GOLDIETFEQN,131.16,131.16,131.16,0.0,0.0,37335,4896858,158.0,93.7
FASCINATE,FASCINATESMN,47.85,47.85,47.85,0.0,0.0,800,38280,120.8,43.45
CHOICEGOLD,CHOICEGOLDEQN,151.99,151.99,151.99,0.0,0.0,36,5471,175.49,115.79
SILVER001,SILVER001EQN,23.78,23.78,23.78,0.0,0.0,5195,123537,28.0,22.0
SAKSOFT,SAKSOFTEQN,141.14,141.14,141.14,0.0,0.0,466,65771,224.75,107.59
OAL,OALEQN,514.15,514.15,514.15,0.0,0.0,47,24165,559.8,228.0
BLIL,BLILEQN,67.1,67.1,67.1,0.0,0.0,1055,70790,79.5,66.97
ADVIKCA,ADVIKCAEQN,0.98,0.98,0.98,0.0,0.0,16264,15938,1.27,0.91
ADDIND,ADDINDEQN,82.65,82.65,82.65,0.0,0.0,9,743,94.6,71.05
MADHURKNIT,MADHURKNITSMN,51.1,51.1,51.1,0.0,0.0,2400,122640,100.0,44.85
BSLGOLDETF,BSLGOLDETFEQN,134.53,134.53,134.53,0.0,0.0,129,17354,155.99,95.63
KSHINTL,KSHINTLEQN,1046.95,1046.95,1046.95,0.0,0.0,300,314085,1198.0,330.0
ASIANTNE,ASIANTNEEQN,9.28,9.28,9.28,0.0,0.0,21,194,10.99,8.22
NILAINFRA,NILAINFRAEQN,6.63,6.63,6.63,0.0,0.0,1641,10879,11.55,5.9
ELIN,ELINEQN,88.53,88.53,88.53,0.0,0.0,110,9738,234.0,83.97
RAMASTEEL,RAMASTEELBEN,4.28,4.28,4.28,0.0,0.0,35781,153142,11.29,3.43
TURTLEMINT,TURTLEMINTEQN,134.12,134.12,134.12,0.0,0.0,2860,383583,160.0,110.41
PIRAMALFIN,PIRAMALFINEQN,2300.2,2300.1,2300.1,-0.1,0.0,118,271411,2326.4,1260.0
RUSHIL,RUSHILEQN,17.26,17.26,17.26,0.0,0.0,1485,25631,33.76,12.49
GKB,GKBEQN,67.44,67.44,67.44,0.0,0.0,4,269,74.0,60.3
TUTIALKA,TUTIALKAEQN,56.56,56.56,56.56,0.0,0.0,23,1300,62.9,52.0
GOLDBETA,GOLDBETAEQN,128.6,128.6,128.6,0.0,0.0,1425,183255,149.35,91.8
PDSL,PDSLEQN,351.15,351.15,351.15,0.0,0.0,516,181193,418.5,246.05
GROWWGOLD,GROWWGOLDEQN,14.94,14.94,14.94,0.0,0.0,1719,25681,18.0,10.73
UNITECH,UNITECHEQN,4.31,4.31,4.31,0.0,0.0,32966,142083,7.93,3.1
RADIANTCMS,RADIANTCMSEQN,35.42,35.42,35.42,0.0,0.0,3327,117842,57.49,32.33
TATAGOLD,TATAGOLDEQN,14.85,14.85,14.85,0.0,0.0,161524,2398631,17.7,10.33
SILVER1,SILVER1EQN,22.79,22.79,22.79,0.0,0.0,26015,592881,38.8,12.24
KSR,KSRBEN,43.2,43.2,43.2,0.0,0.0,120,5184,48.84,14.04
NCLIND,NCLINDEQN,174.66,174.66,174.66,0.0,0.0,39,6811,214.8,147.5
CHEMCON,CHEMCONBEN,216.36,216.36,216.36,0.0,0.0,110,23799,295.0,125.0
COMFINTE,COMFINTEEQN,5.98,5.98,5.98,0.0,0.0,394,2356,9.19,5.21
KAMAHOLD,KAMAHOLDEQN,2249.9,2249.9,2249.9,0.0,0.0,3,6749,2783.9,2240.0
CMLL,CMLLEQN,477.7,477.7,477.7,0.0,0.0,139,66400,624.4,460.0
NIMBSPROJ,NIMBSPROJEQN,185.46,185.46,185.46,0.0,0.0,3,556,231.23,141.04
TATSILV,TATSILVEQN,22.74,22.74,22.74,0.0,0.0,74757,1699974,35.1,12.22
AVANCE,AVANCEEQN,0.8,0.8,0.8,0.0,0.0,116664,93331,0.94,0.75
TANAA,TANAAEQN,266.35,266.35,266.35,0.0,0.0,215,57265,322.0,238.0
ARTEMISMED,ARTEMISMEDEQN,338.5,338.5,338.5,0.0,0.0,953,322590,362.0,203.35
GANECOS,GANECOSEQN,1002.0,1002.0,1002.0,0.0,0.0,108,108216,1325.0,653.55
SHRINGARMS,SHRINGARMSEQN,210.67,210.67,210.67,0.0,0.0,495,104281,266.5,166.0
LICMFGOLD,LICMFGOLDEQN,137.65,137.65,137.65,0.0,0.0,1909,262773,162.0,98.27
HSBCGOLD,HSBCGOLDEQN,132.91,132.91,132.91,0.0,0.0,5,664,146.4,119.1
MAJESAUT,MAJESAUTBEN,363.1,363.1,363.1,0.0,0.0,9,3267,500.0,274.0
NFL,NFLEQN,66.79,66.79,66.79,0.0,0.0,2799,186945,99.69,63.35
VTMLTD,VTMLTDEQN,47.5,47.5,47.5,0.0,0.0,2,95,61.9,39.15
AZADIND,AZADINDEQN,82.18,82.18,82.18,0.0,0.0,13,1068,98.99,72.97
VEDPOWER,VEDPOWEREQN,31.17,31.17,31.17,0.0,0.0,34374,1071437,49.88,30.44
RHFL,RHFLBZN,1.74,1.74,1.74,0.0,0.0,14001,24361,4.75,1.7
ESDS,ESDSEQN,1564.55,1564.55,1564.55,0.0,0.0,166187,260007870,1827.4,756.0
ROML,ROMLEQN,41.35,41.35,41.35,0.0,0.0,506,20923,62.0,35.11
SETFGOLD,SETFGOLDEQN,130.52,130.52,130.52,0.0,0.0,15670,2045248,153.95,93.48
HDFCSILVER,HDFCSILVEREQN,223.95,223.95,223.95,0.0,0.0,9794,2193366,359.0,121.25
NTCIND,NTCINDEQN,132.85,132.85,132.85,0.0,0.0,2,265,155.0,126.3
ADSL,ADSLEQN,96.29,96.29,96.29,0.0,0.0,329,31679,208.78,86.27
ECORECO,ECORECOEQN,432.1,432.1,432.1,0.0,0.0,3,1296,494.9,415.1
AVG,AVGBEN,170.11,170.11,170.11,0.0,0.0,1,170,256.73,113.26
SESHAPAPER,SESHAPAPEREQN,249.77,249.77,249.77,0.0,0.0,143,35717,293.11,209.96
ABREL,ABRELEQN,1266.2,1266.2,1266.2,0.0,0.0,25,31655,1965.3,1080.1
HARIOMPIPE,HARIOMPIPEEQN,362.9,362.9,362.9,0.0,0.0,72,26128,572.2,268.05
ANDHRSUGAR,ANDHRSUGAREQN,94.1,94.1,94.1,0.0,0.0,3448,324456,107.23,66.5
AMAGI,AMAGIEQN,569.5,569.5,569.5,0.0,0.0,1876,1068382,727.4,310.2
ABMKNO,ABMKNOEQN,170.5,170.5,170.5,0.0,0.0,2,341,254.9,168.3
ASIANHOTNR,ASIANHOTNREQN,374.9,374.9,374.9,0.0,0.0,2,749,423.8,247.5
FINCABLES,FINCABLESEQN,1411.2,1411.2,1411.2,0.0,0.0,1857,2620598,1498.0,700.8
ERIS,ERISEQN,1321.3,1321.3,1321.3,0.0,0.0,59,77956,1740.0,1200.0
MADRASFERT,MADRASFERTEQN,61.28,61.28,61.28,0.0,0.0,706,43263,92.38,52.56
GOLD1,GOLD1EQN,127.68,127.68,127.68,0.0,0.0,9319,1189849,158.0,90.2
COCKERILL,COCKERILLEQN,8164.0,8164.0,8164.0,0.0,0.0,18,146952,10871.5,4955.0
GMBREW,GMBREWEQN,953.95,953.95,953.95,0.0,0.0,194,185066,1328.8,698.55
MEDICAMEQ,MEDICAMEQBEN,328.05,328.05,328.05,0.0,0.0,155,50847,447.65,212.4
NAHARSPING,NAHARSPINGEQN,269.2,269.2,269.2,0.0,0.0,19,5114,349.0,149.2
GLOBUSSPR,GLOBUSSPREQN,819.75,819.75,819.75,0.0,0.0,166,136078,1252.8,800.05
AJAXENGG,AJAXENGGEQN,559.75,559.7,559.7,-0.05,-0.01,63,35261,697.55,394.8
TRAVELFOOD,TRAVELFOODEQN,1256.1,1256.0,1256.0,-0.1,-0.01,87,109272,1470.9,1035.3
SIRCA,SIRCAEQN,406.25,406.2,406.2,-0.05,-0.01,229,93019,539.0,385.0
RPTECH,RPTECHEQN,798.05,798.0,798.0,-0.05,-0.01,2376,1896048,967.7,310.8
NDRAUTO,NDRAUTOEQN,726.0,725.95,725.95,-0.05,-0.01,13,9437,1186.6,605.05
ELECTCAST,ELECTCASTEQN,73.38,73.37,73.37,-0.01,-0.01,10297,755490,103.0,60.15
ESCORTS,ESCORTSEQN,2798.2,2798.0,2798.0,-0.2,-0.01,500,1399000,3987.8,2700.0
LINDEINDIA,LINDEINDIAEQN,6241.5,6241.0,6241.0,-0.5,-0.01,39,243399,8049.0,5673.0
BHARTIHEXA,BHARTIHEXAEQN,1540.1,1540.0,1540.0,-0.1,-0.01,104,160160,1955.6,1430.0
BALAJITELE,BALAJITELEEQN,95.25,95.24,95.24,-0.01,-0.01,11,1047,141.32,69.52
RGL,RGLEQN,153.4,153.39,153.39,-0.01,-0.01,494,75774,163.45,85.0
MPSLTD,MPSLTDEQN,2667.3,2667.0,2667.0,-0.3,-0.01,11,29337,2979.0,1336.1
SHARDAMOTR,SHARDAMOTREQN,967.05,967.0,967.0,-0.05,-0.01,1657,1602319,1189.9,700.0
HAPPYFORGE,HAPPYFORGEEQN,2148.3,2148.0,2148.0,-0.3,-0.01,84,180432,2470.0,888.75
SWANDEF,SWANDEFBEN,2746.4,2746.0,2746.0,-0.4,-0.01,36,98856,2764.0,577.1
NAHARPOLY,NAHARPOLYEQN,227.02,227.0,227.0,-0.02,-0.01,639,145053,338.8,200.0
EFCIL,EFCILEQN,178.67,178.65,178.65,-0.02,-0.01,243,43411,329.26,171.42
ARSSBL,ARSSBLEQN,502.05,502.0,502.0,-0.05,-0.01,42,21084,794.85,416.0
GOLDAXIS,GOLDAXISEQN,127.67,127.66,127.66,-0.01,-0.01,564,72000,150.0,91.25
GARUDA,GARUDAEQN,175.53,175.5,175.5,-0.03,-0.02,1214,213057,249.3,130.0
IRMENERGY,IRMENERGYEQN,270.2,270.15,270.15,-0.05,-0.02,937,253130,393.0,165.4
ABFRL,ABFRLEQN,50.16,50.15,50.15,-0.01,-0.02,10250,514037,94.95,48.71
BHARATRAS,BHARATRASEQN,1168.8,1168.6,1168.6,-0.2,-0.02,7,8180,2987.5,1101.0
ANANTRAJ,ANANTRAJEQN,606.15,606.0,606.0,-0.15,-0.02,3506,2124636,743.65,403.0
RML,RMLEQN,1324.5,1324.3,1324.3,-0.2,-0.02,132,174807,1440.0,608.5
KAJARIACER,KAJARIACEREQN,1202.7,1196.5,1196.5,-0.2,-0.02,98,117257,1293.8,869.6
STYLAMIND,STYLAMINDEQN,3295.5,3295.0,3295.0,-0.5,-0.02,154,507430,4150.0,1621.0
GOKULAGRO,GOKULAGROEQN,224.24,224.2,224.2,-0.04,-0.02,1176,263659,259.8,151.0
ANANDRATHI,ANANDRATHIEQN,2229.4,2229.0,2229.0,-0.4,-0.02,1035,2307015,2268.4,1353.85
PRAJIND,PRAJINDEQN,316.05,316.0,316.0,-0.05,-0.02,1307,413012,427.65,273.0
VRLLOG,VRLLOGEQN,293.6,293.55,293.55,-0.05,-0.02,299,87771,310.2,225.0
RBA,RBAEQN,95.12,95.1,95.1,-0.02,-0.02,2449,232899,111.15,57.15
VIKRAN,VIKRANEQN,56.31,56.3,56.3,-0.01,-0.02,4840,272492,118.4,51.1
RICOAUTO,RICOAUTOEQN,130.58,130.55,130.55,-0.03,-0.02,2495,325722,157.99,78.92
PANORAMA,PANORAMAEQN,53.26,53.25,53.25,-0.01,-0.02,311,16560,56.2,40.0
EUROPRATIK,EUROPRATIKEQN,231.75,231.7,231.7,-0.05,-0.02,137,31742,390.0,205.1
SHADOWFAX,SHADOWFAXEQN,251.55,251.5,251.5,-0.05,-0.02,3565,896597,268.65,98.55
TVSSCS,TVSSCSEQN,133.85,133.81,133.81,-0.04,-0.03,1011,135281,146.5,90.32
ECLERX,ECLERXEQN,1915.6,1915.0,1915.0,-0.6,-0.03,146,279590,2497.5,1320.0
INDIACEM,INDIACEMEQN,344.8,344.7,344.7,-0.1,-0.03,514,177175,485.8,331.65
DBCORP,DBCORPEQN,184.06,184.0,184.0,-0.06,-0.03,247,45448,283.7,182.51
21STCENMGM,21STCENMGMEQN,38.98,38.97,38.97,-0.01,-0.03,1,38,54.47,28.25
APEX,APEXEQN,345.35,345.25,345.25,-0.1,-0.03,72,24858,514.5,219.86
UNIVCABLES,UNIVCABLESEQN,1477.0,1476.5,1476.5,-0.5,-0.03,76,112214,1774.9,576.0
IIFL,IIFLEQN,600.2,600.0,600.0,-0.2,-0.03,2400,1440000,705.0,409.1
PNB,PNBEQN,117.27,117.23,117.23,-0.04,-0.03,19434,2278247,135.15,98.5
RAMCOIND,RAMCOINDEQN,332.1,332.0,332.0,-0.1,-0.03,210,69720,398.05,230.65
GOLD360,GOLD360EQN,149.1,149.05,149.05,-0.05,-0.03,35,5216,178.0,106.25
CPL,CPLEQN,64.49,64.47,64.47,-0.02,-0.03,5,322,75.74,61.45
HDFCGOLD,HDFCGOLDEQN,130.64,130.6,130.6,-0.04,-0.03,10233,1336429,152.3,93.55
KUSUMGAR,KUSUMGAREQN,591.2,591.0,591.0,-0.2,-0.03,927,547857,659.5,533.0
WEWORK,WEWORKEQN,681.2,681.0,681.0,-0.2,-0.03,173,117813,794.5,420.0
ALPHAGEO,ALPHAGEOBEN,292.1,292.0,292.0,-0.1,-0.03,25,7300,368.0,164.8
INDRAMEDCO,INDRAMEDCOEQN,362.9,362.75,362.75,-0.15,-0.04,755,273876,640.85,342.0
AURUM,AURUMEQN,219.78,219.69,219.69,-0.09,-0.04,1250,274612,264.64,151.9
CSBBANK,CSBBANKEQN,336.15,336.0,336.0,-0.15,-0.04,287,96432,574.4,295.0
SENORES,SENORESEQN,1402.6,1402.1,1402.1,-0.5,-0.04,536,751525,1599.0,662.45
RAMCOSYS,RAMCOSYSEQN,567.25,567.0,567.0,-0.25,-0.04,67,37989,967.5,342.1
IGPL,IGPLEQN,550.15,549.95,549.95,-0.2,-0.04,1,549,590.0,315.0
GOLDENTOBC,GOLDENTOBCBZN,24.61,24.6,24.6,-0.01,-0.04,41,1008,36.5,20.34
FUSION,FUSIONEQN,185.12,185.05,185.05,-0.07,-0.04,175,32383,243.0,136.5
THOMASCOOK,THOMASCOOKEQN,106.04,106.0,106.0,-0.04,-0.04,8617,913402,175.0,86.35
TRIDENT,TRIDENTEQN,23.22,23.21,23.21,-0.01,-0.04,23102,536197,30.94,21.98
DEEP,DEEPBEN,46.72,46.7,46.7,-0.02,-0.04,100,4670,0.0,0.0
SILVERBEES,SILVERBEESEQN,224.07,223.99,223.99,-0.08,-0.04,36556,8188178,360.0,121.01
CEMPRO,CEMPROEQN,1263.5,1263.0,1263.0,-0.5,-0.04,670,846210,1649.2,503.3
TAINWALCHM,TAINWALCHMEQN,213.11,213.0,213.0,-0.11,-0.05,28,5964,257.0,155.0
AARTIPHARM,AARTIPHARMEQN,820.4,820.0,820.0,-0.4,-0.05,6689,5484980,940.5,585.0
SGIL,SGILEQN,589.3,589.0,589.0,-0.3,-0.05,2,1178,630.2,420.0
ASIANPAINT,ASIANPAINTEQN,2451.3,2450.0,2450.0,-1.3,-0.05,3283,8043350,2985.7,2115.0
LLOYDSENGG,LLOYDSENGGEQN,82.43,82.39,82.39,-0.04,-0.05,10802,889976,99.75,37.4
BESTAGRO,BESTAGROEQN,18.51,18.5,18.5,-0.01,-0.05,2256,41736,34.4,12.3
SAPPHIRE,SAPPHIREEQN,230.11,230.0,230.0,-0.11,-0.05,139,31970,324.95,139.91
MHLXMIRU,MHLXMIRUBEN,153.97,153.89,153.89,-0.08,-0.05,13,2000,244.65,105.53
PRECAM,PRECAMEQN,116.41,116.34,116.34,-0.07,-0.06,45,5235,223.2,103.98
SBFC,SBFCEQN,92.36,92.3,92.3,-0.06,-0.06,1593,147033,123.0,79.6
KCP,KCPEQN,161.95,161.85,161.85,-0.1,-0.06,537,86913,207.8,125.0
PGHL,PGHLEQN,5503.5,5500.0,5500.0,-3.5,-0.06,13,71500,6975.0,4707.0
GLAXO,GLAXOEQN,2838.8,2837.0,2837.0,-1.8,-0.06,171,485127,3120.7,2088.1
JWL,JWLEQN,230.13,230.0,230.0,-0.13,-0.06,4673,1074790,358.25,225.65
EBGNG,EBGNGEQN,703.05,702.6,702.6,-0.45,-0.06,4129,2901035,712.0,239.0
BALKRISHNA,BALKRISHNAEQN,16.43,16.42,16.42,-0.01,-0.06,772,12676,25.97,12.0
ETHOSLTD,ETHOSLTDEQN,2661.5,2660.0,2660.0,-1.5,-0.06,51,135660,3245.9,1919.4
GENSOL,GENSOLBZN,17.1,17.09,17.09,-0.01,-0.06,725,12390,43.71,16.4
SBISILVER,SBISILVEREQN,229.44,229.3,229.3,-0.14,-0.06,1114,255440,362.0,124.0
SHANKESH,SHANKESHEQN,93.06,93.0,93.0,-0.06,-0.06,15251,1418343,115.9,87.25
GUJENERGY,GUJENERGYEQN,244.64,244.5,244.5,-0.14,-0.06,5353,1308808,443.75,237.61
SREEL,SREELBEN,283.47,282.3,282.3,-0.17,-0.06,354,99934,400.0,165.25
LOTUSDEV,LOTUSDEVBEN,215.13,215.0,215.0,-0.13,-0.06,557,119755,220.4,102.2
DCBBANK,DCBBANKEQN,218.35,218.2,218.2,-0.15,-0.07,4262,929968,234.8,122.4
DCW,DCWEQN,45.18,45.15,45.15,-0.03,-0.07,3601,162585,75.7,37.11
TARSONS,TARSONSEQN,306.1,305.9,305.9,-0.2,-0.07,839,256650,375.0,164.45
IDBI,IDBIEQN,83.06,83.0,83.0,-0.06,-0.07,12089,1003387,118.38,61.01
GRWRHITECH,GRWRHITECHEQN,6724.5,6720.0,6720.0,-4.5,-0.07,13,87360,7990.0,2690.7
IOC,IOCEQN,137.0,136.9,136.9,-0.1,-0.07,50796,6953972,188.96,130.22
MWL,MWLEQN,42.52,42.49,42.49,-0.03,-0.07,2179,92585,48.0,20.0
CANHLIFE,CANHLIFEEQN,153.59,153.49,153.49,-0.1,-0.07,333,51112,166.69,106.0
SBIFUNDS,SBIFUNDSEQN,561.35,560.95,560.95,-0.4,-0.07,2810,1576269,624.95,525.3
VSTL,VSTLEQN,113.54,113.45,113.45,-0.09,-0.08,1,113,164.58,100.8
HECPROJECT,HECPROJECTEQN,119.77,119.68,119.68,-0.09,-0.08,1,119,160.5,92.1
RSYSTEMS,RSYSTEMSEQN,242.15,241.95,241.95,-0.2,-0.08,603,145895,451.75,213.52
SWANCORP,SWANCORPEQN,294.95,294.7,294.7,-0.25,-0.08,1136,334779,506.0,273.65
THYROCARE,THYROCAREEQN,555.8,555.35,555.35,-0.45,-0.08,164,91077,662.0,342.55
SILVERBETA,SILVERBETAEQN,226.15,225.98,225.98,-0.17,-0.08,317,71635,379.66,122.79
CPEDU,CPEDUEQN,171.66,171.52,171.52,-0.14,-0.08,168,28815,338.75,141.0
SILVERAG,SILVERAGEQN,228.18,228.0,228.0,-0.18,-0.08,210,47880,380.0,123.3
SILVER,SILVEREQN,233.88,233.7,233.7,-0.18,-0.08,2132,498248,371.89,126.55
INDSWFTLAB,INDSWFTLABEQN,373.25,372.9,372.9,-0.35,-0.09,1510,563079,404.0,87.15
IXIGO,IXIGOEQN,165.65,165.5,165.5,-0.15,-0.09,1803,298396,339.15,151.27
RISHABH,RISHABHEQN,764.7,764.0,764.0,-0.7,-0.09,108,82512,852.0,315.0
NCC,NCCEQN,137.13,137.0,137.0,-0.13,-0.09,7257,994209,217.5,130.0
GTPL,GTPLEQN,56.96,54.91,54.91,-0.05,-0.09,3728,204704,118.95,50.85
GENUSPAPER,GENUSPAPEREQN,11.41,11.4,11.4,-0.01,-0.09,1010,11514,18.38,8.67
EIDPARRY,EIDPARRYEQN,700.7,700.0,700.0,-0.7,-0.1,462,323400,1118.0,682.75
STYL,STYLEQN,360.35,360.0,360.0,-0.35,-0.1,228,82080,437.45,209.11
VINCOFE,VINCOFEEQN,174.19,174.0,174.0,-0.19,-0.11,1851,322074,189.4,120.24
HNDFDS,HNDFDSEQN,625.7,625.0,625.0,-0.7,-0.11,239,149375,677.75,442.0
BRIGADE,BRIGADEEQN,621.7,621.0,621.0,-0.7,-0.11,1460,906660,802.01,450.75
CSLFINANCE,CSLFINANCEEQN,218.24,218.0,218.0,-0.24,-0.11,140,30520,324.7,209.7
GODREJCP,GODREJCPEQN,880.0,879.0,879.0,-1.0,-0.11,581,510699,1273.9,855.15
VSTIND,VSTINDEQN,208.92,208.7,208.7,-0.22,-0.11,556,116037,286.78,200.0
63MOONS,63MOONSEQN,884.75,883.8,883.8,-0.95,-0.11,490,433062,966.0,467.0
JLHL,JLHLEQN,280.05,279.75,279.75,-0.3,-0.11,583,163094,340.0,235.6
BETA,BETAEQN,2055.2,2053.0,2053.0,-2.2,-0.11,98,201194,2807.9,990.1
SILVERIETF,SILVERIETFEQN,233.89,233.64,233.64,-0.25,-0.11,7643,1785710,373.5,125.61
SYSTANGO,SYSTANGOSMN,222.65,222.4,222.4,-0.25,-0.11,400,88960,411.0,202.55
KAMDHENU,KAMDHENUEQN,41.05,41.0,41.0,-0.05,-0.12,26989,1106549,41.05,16.15
NSIL,NSILEQN,5507.5,5501.0,5501.0,-6.5,-0.12,8,44008,8730.0,4700.0
TRF,TRFEQN,215.25,215.0,215.0,-0.25,-0.12,11,2365,405.0,210.0
KPRMILL,KPRMILLEQN,1141.4,1140.0,1140.0,-1.4,-0.12,671,764940,1334.0,796.1
MAHABANK,MAHABANKEQN,83.54,83.44,83.44,-0.1,-0.12,25499,2127636,94.5,53.85
GEOJITFSL,GEOJITFSLEQN,81.99,81.89,81.89,-0.1,-0.12,1618,132498,86.5,50.86
HEMIPROP,HEMIPROPEQN,120.77,120.61,120.61,-0.16,-0.13,797,96126,190.69,111.2
GRASIM,GRASIMEQN,3209.2,3204.9,3204.9,-4.3,-0.13,507,1624884,3411.1,2502.5
NEULANDLAB,NEULANDLABEQN,22840.0,22810.0,22810.0,-30.0,-0.13,85,1938850,24225.0,11500.0
AGI,AGIEQN,745.05,744.05,744.05,-1.0,-0.13,199,148065,939.0,465.0
LXCHEM,LXCHEMEQN,178.24,178.0,178.0,-0.24,-0.13,3848,684944,223.34,107.6
RVNL,RVNLEQN,214.29,214.01,214.01,-0.28,-0.13,190379,40743009,400.7,195.15
TIIL,TIILEQN,3054.1,3050.0,3050.0,-4.1,-0.13,714,2177700,3565.3,1868.5
BASF,BASFEQN,3605.7,3601.1,3601.1,-4.6,-0.13,110,396121,4829.9,3122.2
RACE,RACEEQN,96.8,96.67,96.67,-0.13,-0.13,10,966,246.0,84.11
NUCLEUS,NUCLEUSEQN,686.25,685.35,685.35,-0.9,-0.13,33,22616,1084.8,682.0
DANISH,DANISHSMN,1021.35,1019.95,1019.95,-1.4,-0.14,150,152992,1094.9,550.5
CHOICEIN,CHOICEINEQN,763.85,762.75,762.75,-1.1,-0.14,2325,1773393,860.5,568.7
SUMMITSEC,SUMMITSECEQN,1412.0,1410.0,1410.0,-2.0,-0.14,5,7050,2495.0,1312.0
AADHARHFC,AADHARHFCEQN,461.65,461.0,461.0,-0.65,-0.14,301,138761,563.0,430.15
MENNPIS,MENNPISBEN,73.79,73.69,73.69,-0.1,-0.14,2,147,85.8,52.35
NARMADA,NARMADAEQN,13.72,13.7,13.7,-0.02,-0.15,154,2109,22.59,9.95
PTC,PTCEQN,156.23,156.0,156.0,-0.23,-0.15,7518,1172808,229.51,149.59
CPPLUS,CPPLUSEQN,3355.1,3349.9,3349.9,-5.2,-0.15,778,2606222,4094.0,1227.0
DHABRIYA,DHABRIYABEN,488.75,488.0,488.0,-0.75,-0.15,80,39040,603.0,460.0
GOPAL,GOPALEQN,256.75,256.35,256.35,-0.4,-0.16,326,83570,382.05,247.55
GRSE,GRSEEQN,2411.8,2408.0,2408.0,-3.8,-0.16,1559,3754072,3339.0,1963.7
KALPATARU,KALPATARUEQN,274.45,274.0,274.0,-0.45,-0.16,464,127136,410.7,250.0
VADILALIND,VADILALINDEQN,7362.0,7350.0,7350.0,-12.0,-0.16,33,242550,8447.0,3996.0
JSLL,JSLLEQN,510.4,505.1,505.1,-0.8,-0.16,978,493987,849.5,485.1
INFOBEAN,INFOBEANEQN,151.27,151.01,151.01,-0.26,-0.17,483,72937,257.5,116.5
ALLDIGI,ALLDIGIEQN,776.3,775.0,775.0,-1.3,-0.17,18,13950,1000.0,700.0
GAIL,GAILEQN,173.9,173.6,173.6,-0.3,-0.17,11091,1925397,186.87,134.36
BAJAJCON,BAJAJCONEQN,512.15,511.3,511.3,-0.85,-0.17,1449,740873,692.0,232.1
DCMSHRIRAM,DCMSHRIRAMEQN,995.0,993.3,993.3,-1.7,-0.17,344,341695,1409.0,945.1
COMSYN,COMSYNEQN,306.55,306.0,306.0,-0.55,-0.18,392,119952,314.85,136.44
JBMA,JBMAEQN,599.1,598.0,598.0,-1.1,-0.18,315,188370,790.0,477.0
PAUSHAKLTD,PAUSHAKLTDEQN,716.35,715.05,715.05,-1.3,-0.18,55,39327,826.75,342.5
LMW,LMWEQN,17759.0,17725.0,17725.0,-34.0,-0.19,8,141800,20151.0,11920.0
ADVANIHOTR,ADVANIHOTREQN,47.89,47.8,47.8,-0.09,-0.19,148,7074,65.5,46.75
CREDITACC,CREDITACCEQN,1387.6,1385.0,1385.0,-2.6,-0.19,94,130190,1634.0,1113.0
PARACABLES,PARACABLESEQN,62.02,61.9,61.9,-0.12,-0.19,1185,73351,75.7,28.3
CHALET,CHALETEQN,865.65,864.0,864.0,-1.65,-0.19,227,196128,1069.6,691.35
PARAGMILK,PARAGMILKEQN,268.5,268.0,268.0,-0.5,-0.19,3102,831336,376.95,177.84
ADANIGREEN,ADANIGREENEQN,1334.5,1332.0,1332.0,-2.5,-0.19,18283,24352956,1631.5,765.0
OMFREIGHT,OMFREIGHTBEN,85.16,85.0,85.0,-0.16,-0.19,36,3060,114.33,58.95
RENTOMOJO,RENTOMOJOEQN,512.75,511.8,511.8,-0.95,-0.19,35663,18252323,581.95,482.45
TATAINVEST,TATAINVESTEQN,702.35,700.95,700.95,-1.4,-0.2,3881,2720386,1184.7,538.85
KSOLVES,KSOLVESEQN,251.6,251.1,251.1,-0.5,-0.2,297,74576,353.99,245.75
HMT,HMTBZN,61.32,61.2,61.2,-0.12,-0.2,20,1224,72.95,41.0
MGL,MGLEQN,1081.7,1079.5,1079.5,-2.2,-0.2,88,94996,1374.4,900.0
MUTHOOTCAP,MUTHOOTCAPEQN,234.28,233.8,233.8,-0.48,-0.2,24,5611,303.0,175.25
MAITHANALL,MAITHANALLEQN,1009.1,1001.0,1001.0,-2.1,-0.21,787,787787,1210.1,831.2
ALUFLUOR,ALUFLUOREQN,537.15,536.0,536.0,-1.15,-0.21,13,6968,542.5,421.0
SILVERCASE,SILVERCASEEQN,23.73,23.68,23.68,-0.05,-0.21,54860,1299084,38.01,12.62
NAHARINDUS,NAHARINDUSEQN,131.29,131.0,131.0,-0.29,-0.22,237,31047,154.0,83.05
SANDUMA,SANDUMAEQN,185.4,185.0,185.0,-0.4,-0.22,1061,196285,273.0,156.0
ATLASCYCLE,ATLASCYCLEEQN,88.19,88.0,88.0,-0.19,-0.22,60,5280,130.0,76.15
HIRECT,HIRECTEQN,1242.8,1240.0,1240.0,-2.8,-0.23,124,153760,1399.0,565.2
J&KBANK,J&KBANKEQN,146.58,146.25,146.25,-0.33,-0.23,3847,562623,201.75,97.35
TNPETRO,TNPETROEQN,125.73,125.44,125.44,-0.29,-0.23,725,90944,146.99,78.67
ESCONET,ESCONETSTN,214.5,214.0,214.0,-0.5,-0.23,400,85600,280.0,91.25
SUMICHEM,SUMICHEMEQN,460.85,459.8,459.8,-1.05,-0.23,2030,933394,617.45,362.6
VIJAYA,VIJAYAEQN,1558.9,1555.3,1555.3,-3.6,-0.23,314,488364,1578.0,848.0
PTCIL,PTCILEQN,22805.0,22750.0,22750.0,-55.0,-0.24,139,3162250,24125.0,14499.0
TOKYOPLAST,TOKYOPLASTEQN,75.67,75.49,75.49,-0.18,-0.24,5,377,140.85,53.86
MARATHON,MARATHONEQN,409.0,408.0,408.0,-1.0,-0.24,61,24888,685.4,344.05
SFML,SFMLSMN,20.6,20.55,20.55,-0.05,-0.24,1600,32880,43.5,16.5
AEROPLANE,AEROPLANEEQN,201.49,201.0,201.0,-0.49,-0.24,317,63717,209.44,117.02
GREAVESCOT,GREAVESCOTEQN,197.35,196.85,196.85,-0.5,-0.25,705,138779,271.9,119.99
EXIDEIND,EXIDEINDEQN,435.85,434.75,434.75,-1.1,-0.25,9284,4036219,496.4,287.0
ABBOTINDIA,ABBOTINDIAEQN,27270.0,27200.0,27200.0,-70.0,-0.26,43,1169600,31355.0,25135.0
INTLCONV,INTLCONVEQN,76.6,76.4,76.4,-0.2,-0.26,85,6494,114.54,60.0
RENUKA,RENUKAEQN,23.06,23.0,23.0,-0.06,-0.26,21579,496317,33.3,21.05
JITFINFRA,JITFINFRAEQN,284.75,284.0,284.0,-0.75,-0.26,3,852,433.15,222.35
BSE,BSEEQN,3266.4,3258.0,3258.0,-8.4,-0.26,8756,28527048,4446.8,2021.5
SBIN,SBINEQN,996.2,993.6,993.6,-2.6,-0.26,25208,25046668,1234.7,849.3
IITL,IITLEQN,143.37,143.0,143.0,-0.37,-0.26,31,4433,216.0,108.0
INNOVISION,INNOVISIONEQN,253.1,252.45,252.45,-0.65,-0.26,40,10098,470.0,246.2
CROMPTON,CROMPTONEQN,227.12,226.53,226.53,-0.59,-0.26,1373,311025,319.0,217.4
IONEXCHANG,IONEXCHANGEQN,442.3,441.15,441.15,-1.15,-0.26,1413,623344,486.0,312.7
MOTISONS,MOTISONSEQN,18.3,18.25,18.25,-0.05,-0.27,221739,4046736,19.99,10.62
VIMTALABS,VIMTALABSEQN,603.1,601.5,601.5,-1.6,-0.27,109,65563,851.0,376.05
MAHLOG,MAHLOGEQN,392.75,391.7,391.7,-1.05,-0.27,70,27419,450.0,275.05
AVANTIFEED,AVANTIFEEDEQN,774.45,772.35,772.35,-2.1,-0.27,480,370728,1593.8,631.65
HONAUT,HONAUTEQN,35445.0,35350.0,35350.0,-95.0,-0.27,4,141400,41495.0,26220.0
BLISSGVS,BLISSGVSBEN,681.85,680.0,680.0,-1.85,-0.27,200,136000,728.0,118.0
E2E,E2EBEN,607.65,606.0,606.0,-1.65,-0.27,2411,1461066,698.0,183.36
SOLARA,SOLARAEQN,742.05,740.0,740.0,-2.05,-0.28,796,589040,774.0,422.0
NELCO,NELCOEQN,1011.85,1009.0,1009.0,-2.85,-0.28,437,440933,1120.0,500.1
HCC,HCCEQN,21.77,21.71,21.71,-0.06,-0.28,40133,871287,28.5,13.65
SUNPHARMA,SUNPHARMAEQN,1837.3,1832.2,1832.2,-5.1,-0.28,3507,6425525,2046.9,1548.0
BALKRISIND,BALKRISINDEQN,2265.3,2259.0,2259.0,-6.3,-0.28,201,454059,2775.0,1970.0
VMSTMT,VMSTMTEQN,49.64,49.5,49.5,-0.14,-0.28,341,16879,105.0,33.5
SHOPERSTOP,SHOPERSTOPEQN,399.75,398.6,398.6,-1.15,-0.29,115,45839,572.0,275.95
DELHIVERY,DELHIVERYEQN,428.0,426.75,426.75,-1.25,-0.29,3363,1435160,524.0,374.45
ASHOKA,ASHOKAEQN,113.43,113.1,113.1,-0.33,-0.29,2462,278452,214.5,101.0
KIRLFER,KIRLFEREQN,480.65,479.25,479.25,-1.4,-0.29,79,37860,513.0,408.0
RPSGVENT,RPSGVENTEQN,843.45,841.0,841.0,-2.45,-0.29,62,52142,1179.0,551.9
GMMPFAUDLR,GMMPFAUDLREQN,1467.0,1462.8,1462.8,-4.2,-0.29,2591,3790114,1475.0,735.0
ROHLTD,ROHLTDEQN,304.9,304.0,304.0,-0.9,-0.3,51,15504,562.95,269.4
ICIL,ICILEQN,447.35,446.0,446.0,-1.35,-0.3,1028,458488,474.65,216.9
HATHWAY,HATHWAYEQN,9.98,9.95,9.95,-0.03,-0.3,12354,122922,15.2,8.76
FRACTAL,FRACTALEQN,764.35,762.05,762.05,-2.3,-0.3,432,329205,1118.0,733.7
LALITHAA,LALITHAAEQN,304.9,304.0,304.0,-0.9,-0.3,121481,36930224,343.9,240.35
SUYOG,SUYOGEQN,649.4,647.45,647.45,-1.95,-0.3,26,16833,921.15,526.5
S&SPOWER,S&SPOWEREQN,319.0,318.05,318.05,-0.95,-0.3,77,24489,444.95,193.5
LINCOLN,LINCOLNEQN,604.85,603.0,603.0,-1.85,-0.31,2,1206,770.0,440.0
MCX,MCXEQN,3260.0,3250.0,3250.0,-10.0,-0.31,1962,6376500,3480.0,1545.1
WABAG,WABAGEQN,2132.6,2126.0,2126.0,-6.6,-0.31,873,1855998,2319.0,1033.0
UTTAMSUGAR,UTTAMSUGAREQN,260.25,259.45,259.45,-0.8,-0.31,109,28280,359.3,181.1
MUFTI,MUFTIEQN,73.63,73.4,73.4,-0.23,-0.31,85,6239,122.0,63.06
APARINDS,APARINDSEQN,18858.0,18800.0,18800.0,-58.0,-0.31,474,8911200,19080.0,6801.0
MCLOUD,MCLOUDEQN,25.3,25.22,25.22,-0.08,-0.32,3771,95104,87.0,19.4
ASAHIINDIA,ASAHIINDIAEQN,961.05,958.0,958.0,-3.05,-0.32,138,132204,1074.0,775.1
BPCL,BPCLEQN,314.0,313.0,313.0,-1.0,-0.32,17224,5391112,391.65,266.6
HPAL,HPALEQN,34.76,34.65,34.65,-0.11,-0.32,174,6029,53.0,26.52
NITTAGELA,NITTAGELAEQN,1711.4,1706.0,1706.0,-5.4,-0.32,23,39238,2087.2,837.05
VAML,VAMLEQN,416.5,415.15,415.15,-1.35,-0.32,10533,4372774,537.0,401.15
PREMEXPLN,PREMEXPLNEQN,668.25,666.05,666.05,-2.2,-0.33,234,155855,829.8,378.4
VISHNUINFR,VISHNUINFRSMN,150.55,150.05,150.05,-0.5,-0.33,500,75025,218.9,125.2
DHANUKA,DHANUKAEQN,973.3,970.05,970.05,-3.25,-0.33,72,69843,1620.4,889.6
SUBROS,SUBROSEQN,720.3,717.95,717.95,-2.35,-0.33,196,140718,1213.7,622.1
AASTHA,AASTHAEQN,76.25,76.0,76.0,-0.25,-0.33,2255,171380,140.01,70.0
BAJAJST,BAJAJSTEQN,352.2,351.05,351.05,-1.15,-0.33,52,18254,507.8,343.0
EPACK,EPACKEQN,178.84,178.24,178.24,-0.6,-0.34,1510,269142,394.05,175.04
BALMLAWRIE,BALMLAWRIEEQN,167.41,166.84,166.84,-0.57,-0.34,1101,183690,220.71,148.36
GMRP&UI,GMRP&UIEQN,92.31,92.0,92.0,-0.31,-0.34,5585,513820,136.3,86.8
GUJALKALI,GUJALKALIEQN,638.7,636.5,636.5,-2.2,-0.34,645,410542,815.0,409.15
UFBL,UFBLBEN,692.45,690.1,690.1,-2.35,-0.34,2,1380,850.0,172.34
VMART,VMARTEQN,808.15,805.4,805.4,-2.75,-0.34,194,156247,888.0,457.9
DEVIT,DEVITEQN,23.13,23.05,23.05,-0.08,-0.35,291,6707,44.75,22.25
ITDC,ITDCEQN,658.3,656.0,656.0,-2.3,-0.35,160,104960,822.0,368.0
KANOHAR,KANOHAREQN,786.8,784.05,784.05,-2.75,-0.35,10194,7992605,884.95,685.1
HBLENGINE,HBLENGINEEQN,760.0,757.3,757.3,-2.7,-0.36,4010,3036773,1122.0,613.0
RAYMONDLSL,RAYMONDLSLEQN,648.35,646.0,646.0,-2.35,-0.36,432,279072,1328.9,628.25
NDL,NDLEQN,2.78,2.77,2.77,-0.01,-0.36,8728,24176,3.75,1.8
TRENT,TRENTEQN,2824.0,2813.9,2813.9,-10.1,-0.36,739,2079472,3483.33,2183.67
AARTISURF,AARTISURFBEN,535.95,534.0,534.0,-1.95,-0.36,16,8544,677.7,316.0
AVL,AVLEQN,636.95,634.6,634.6,-2.35,-0.37,180,114228,705.0,436.55
IRCTC,IRCTCEQN,476.75,475.0,475.0,-1.75,-0.37,12127,5760325,739.0,446.5
SWSOLAR,SWSOLAREQN,176.06,175.4,175.4,-0.66,-0.37,7715,1353211,272.8,148.0
DOLLAR,DOLLAREQN,273.25,272.25,272.25,-1.0,-0.37,205,55811,396.0,220.5
TTKHLTCARE,TTKHLTCAREEQN,1050.0,1046.0,1046.0,-4.0,-0.38,42,43932,1247.0,735.0
NAVNETEDUL,NAVNETEDULEQN,126.89,126.41,126.41,-0.48,-0.38,32,4045,166.0,121.5
TATACAP,TATACAPEQN,351.35,350.0,350.0,-1.35,-0.38,6571,2299850,390.2,296.0
VINATIORGA,VINATIORGAEQN,1234.9,1230.1,1230.1,-4.8,-0.39,62,76266,1849.9,1203.0
BANKBARODA,BANKBARODAEQN,234.94,234.0,234.0,-0.94,-0.4,12763,2986542,325.5,231.92
JUBLFOOD,JUBLFOODEQN,500.0,498.0,498.0,-2.0,-0.4,4483,2232534,635.0,408.55
PSPPROJECT,PSPPROJECTEQN,810.1,806.9,806.9,-3.2,-0.4,94,75848,1143.0,569.2
CHEVIOT,CHEVIOTEQN,1174.7,1170.0,1170.0,-4.7,-0.4,1,1170,1370.5,898.0
RPPINFRA,RPPINFRAEQN,53.81,53.59,53.59,-0.22,-0.41,282,15112,148.7,53.0
VENTIVE,VENTIVEEQN,557.35,555.05,555.05,-2.3,-0.41,69,38298,793.95,542.6
PNBHOUSING,PNBHOUSINGEQN,1133.1,1128.4,1128.4,-4.7,-0.41,336,379142,1211.5,729.6
SALASAR,SALASAREQN,4.89,4.87,4.87,-0.02,-0.41,31844,155080,10.99,4.71
ASTRAL,ASTRALEQN,1427.7,1421.8,1421.8,-5.9,-0.41,2052,2917533,1768.7,1311.6
VTL,VTLEQN,578.05,575.7,575.7,-2.35,-0.41,434,249853,688.0,385.5
NESCO,NESCOEQN,1111.3,1106.7,1106.7,-4.6,-0.41,55,60868,1575.3,996.0
KOLTEPATIL,KOLTEPATILEQN,431.75,430.0,430.0,-1.75,-0.41,82,35260,554.6,292.25
DEN,DENEQN,26.62,26.51,26.51,-0.11,-0.41,1944,51535,36.94,22.52
PICCADIL,PICCADILEQN,589.4,587.0,587.0,-2.4,-0.41,737,432619,809.7,515.0
CRISIL,CRISILEQN,4577.5,4558.9,4558.9,-18.6,-0.41,43,196032,5105.0,3686.0
JTLIND,JTLINDEQN,87.67,87.3,87.3,-0.37,-0.42,12296,1073440,94.0,40.25
ABB,ABBEQN,7270.5,7240.0,7240.0,-30.5,-0.42,715,5176600,7924.5,4637.5
THERMAX,THERMAXEQN,3551.9,3537.0,3537.0,-14.9,-0.42,500,1768500,5277.8,2742.7
REPCOHOME,REPCOHOMEEQN,354.5,353.0,353.0,-1.5,-0.42,170,60010,455.9,333.6
INDOTECH,INDOTECHEQN,3394.7,3380.0,3380.0,-14.7,-0.43,10,33800,4030.0,1100.0
FMNL,FMNLEQN,9.24,9.2,9.2,-0.04,-0.43,115,1058,13.94,6.74
ZYDUSLIFE,ZYDUSLIFEEQN,1160.0,1155.0,1155.0,-5.0,-0.43,1657,1913835,1205.0,835.5
PRAKASH,PRAKASHEQN,118.51,118.0,118.0,-0.51,-0.43,758,89444,177.0,110.24
ALLTIME,ALLTIMEEQN,208.4,207.51,207.51,-0.89,-0.43,106,21996,314.7,186.0
ACCURACY,ACCURACYBEN,4.65,4.63,4.63,-0.02,-0.43,924,4278,7.5,3.4
BAJAJHFL,BAJAJHFLEQN,85.58,85.2,85.2,-0.38,-0.44,29961,2552677,115.99,72.65
CROWN,CROWNEQN,108.48,108.0,108.0,-0.48,-0.44,30,3240,176.05,100.11
RRKABEL,RRKABELEQN,2450.8,2440.1,2440.1,-10.7,-0.44,676,1649507,2983.8,1181.6
BOMDYEING,BOMDYEINGEQN,111.3,110.81,110.81,-0.49,-0.44,1083,120007,189.0,92.0
CANBK,CANBKEQN,123.78,123.23,123.23,-0.55,-0.44,99843,12303652,162.89,114.7
LGEINDIA,LGEINDIAEQN,1696.9,1689.4,1689.4,-7.5,-0.44,498,841321,1755.0,1304.1
TAKE,TAKEEQN,15.96,15.89,15.89,-0.07,-0.44,436,6928,50.14,10.09
PWL,PWLEQN,136.6,136.0,136.0,-0.6,-0.44,30242,4112912,161.99,77.72
CEWATER,CEWATEREQN,279.25,278.0,278.0,-1.25,-0.45,386,107308,539.9,235.0
LATENTVIEW,LATENTVIEWEQN,255.35,254.2,254.2,-1.15,-0.45,1446,367573,517.5,248.0
ADOR,ADOREQN,1592.1,1585.0,1585.0,-7.1,-0.45,76,120460,1766.4,848.0
ALLCARGO,ALLCARGOEQN,11.11,11.06,11.06,-0.05,-0.45,62512,691382,36.55,7.11
NPST,NPSTEQN,1828.5,1820.0,1820.0,-8.5,-0.46,435,791700,2105.0,846.6
HCG,HCGEQN,708.25,705.0,705.0,-3.25,-0.46,177,124785,796.68,513.3
BHARATGEAR,BHARATGEARBEN,100.51,100.05,100.05,-0.46,-0.46,20,2001,154.2,83.8
ATGL,ATGLEQN,660.7,657.65,657.65,-3.05,-0.46,16890,11107708,859.85,462.8
ICEMAKE,ICEMAKEEQN,685.6,682.45,682.45,-3.15,-0.46,60,40947,920.0,660.3
TRANSCOR,TRANSCOREQN,23.79,23.68,23.68,-0.11,-0.46,20,473,27.0,21.0
SYRMA,SYRMAEQN,1728.9,1721.0,1721.0,-7.9,-0.46,12089,20805169,1764.0,634.5
JUSTDIAL,JUSTDIALEQN,669.0,665.95,665.95,-3.05,-0.46,434,289022,878.6,480.5
RELTD,RELTDEQN,147.59,146.9,146.9,-0.69,-0.47,66,9695,196.45,114.77
SANDESH,SANDESHEQN,1025.8,1021.0,1021.0,-4.8,-0.47,40,40840,1270.0,811.0
AFFLE,AFFLEEQN,1603.5,1596.0,1596.0,-7.5,-0.47,539,860244,2185.9,1251.3
EBIX,EBIXBEN,19.03,18.94,18.94,-0.09,-0.47,15,284,22.83,16.03
SANSTAR,SANSTAREQN,115.7,115.14,115.14,-0.56,-0.48,167,19228,137.49,74.3
DMART,DMARTEQN,3749.9,3732.0,3732.0,-17.9,-0.48,837,3123684,4818.0,3529.0
VESUVIUS,VESUVIUSEQN,405.95,404.0,404.0,-1.95,-0.48,89,35956,607.9,391.6
HERITGFOOD,HERITGFOODEQN,418.1,416.1,416.1,-2.0,-0.48,1130,470193,540.0,292.55
RAMANEWS,RAMANEWSEQN,31.33,31.18,31.18,-0.15,-0.48,2,62,42.0,27.05
URBANCO,URBANCOEQN,169.11,168.3,168.3,-0.81,-0.48,8187,1377872,201.18,100.7
MFSL,MFSLEQN,1559.0,1551.3,1551.3,-7.7,-0.49,88,136514,1892.5,1423.6
BVCL,BVCLEQN,40.76,40.56,40.56,-0.2,-0.49,3,121,56.51,31.2
SOMATEX,SOMATEXEQN,80.95,80.55,80.55,-0.4,-0.49,1,80,161.25,62.15
ONEGLOBAL,ONEGLOBALEQN,538.75,536.1,536.1,-2.65,-0.49,34,18227,580.0,494.0
KROSS,KROSSEQN,239.19,238.0,238.0,-1.19,-0.5,2314,550732,248.77,150.52
EKI,EKIEQN,68.34,68.0,68.0,-0.34,-0.5,106,7208,82.5,67.0
NH,NHEQN,1928.5,1918.9,1918.9,-9.6,-0.5,459,880775,2093.3,1589.0
PRICOLLTD,PRICOLLTDEQN,767.5,763.65,763.65,-3.85,-0.5,951,726231,823.0,499.9
MURUDCERA,MURUDCERAEQN,28.26,28.12,28.12,-0.14,-0.5,349,9813,46.0,25.16
ARVINDFASN,ARVINDFASNEQN,428.1,425.95,425.95,-2.15,-0.5,1508,642332,575.0,366.2
NILKAMAL,NILKAMALEQN,1887.5,1878.1,1878.1,-9.4,-0.5,201,377498,2149.5,1050.5
POONAWALLA,POONAWALLAEQN,479.4,477.0,477.0,-2.4,-0.5,9944,4743288,570.4,361.2
CARYSIL,CARYSILEQN,1131.3,1125.7,1125.7,-5.6,-0.5,64,72044,1280.9,732.1
NUVAMA,NUVAMAEQN,1713.7,1705.2,1705.2,-8.5,-0.5,307,523496,2066.0,1096.9
VOLTAMP,VOLTAMPEQN,10879.0,10825.0,10825.0,-54.0,-0.5,13,140725,12863.0,6666.0
ARIES,ARIESBEN,472.05,469.7,469.7,-2.35,-0.5,25,11742,524.75,285.35
TIGERLOGS,TIGERLOGSEQN,26.13,26.0,26.0,-0.13,-0.5,1192,30992,56.69,22.9
ITCHOTELS,ITCHOTELSEQN,158.8,157.99,157.99,-0.81,-0.51,13482,2130021,243.3,137.3
KOTYARK,KOTYARKBEN,31.17,31.01,31.01,-0.16,-0.51,50,1550,45.5,17.38
JMFINANCIL,JMFINANCILEQN,126.3,125.65,125.65,-0.65,-0.51,1631,204935,182.5,112.0
SKFINDUS,SKFINDUSEQN,2984.2,2969.1,2969.1,-15.1,-0.51,537,1594406,3218.7,1994.1
INDOBORAX,INDOBORAXEQN,472.6,470.2,470.2,-2.4,-0.51,271,127424,542.8,225.31
MAXESTATES,MAXESTATESEQN,594.0,591.0,591.0,-3.0,-0.51,201,118791,595.0,305.45
BAJFINANCE,BAJFINANCEEQN,1040.3,1035.0,1035.0,-5.3,-0.51,18864,19524240,1176.4,787.9
TATACOMM,TATACOMMEQN,1780.1,1771.0,1771.0,-9.1,-0.51,89,157619,2110.0,1322.5
CYBERTECH,CYBERTECHBEN,142.82,138.11,138.11,-0.71,-0.51,1105,152611,274.8,95.3
CHOLAHLDNG,CHOLAHLDNGEQN,1507.7,1500.0,1500.0,-7.7,-0.51,71,106500,2064.0,1305.0
FSL,FSLEQN,273.45,272.05,272.05,-1.4,-0.51,1573,427934,379.7,202.0
ELECON,ELECONEQN,421.2,419.0,419.0,-2.2,-0.52,820,343580,634.9,352.0
SOUTHBANK,SOUTHBANKEQN,46.07,45.83,45.83,-0.24,-0.52,47190,2162717,49.9,28.5
MARALOVER,MARALOVEREQN,59.36,59.05,59.05,-0.31,-0.52,50,2952,68.89,34.11
SCHAEFFLER,SCHAEFFLEREQN,4217.6,4195.7,4195.7,-21.9,-0.52,319,1338428,4467.7,3518.4
KIRLPNU,KIRLPNUEQN,698.65,695.0,695.0,-3.65,-0.52,164,113980,1098.55,495.05
COSMOFIRST,COSMOFIRSTEQN,871.25,866.7,866.7,-4.55,-0.52,91,78869,996.0,560.8
DIGISPICE,DIGISPICEEQN,16.99,16.9,16.9,-0.09,-0.53,104,1757,31.49,14.82
MUTHOOTFIN,MUTHOOTFINEQN,2841.1,2826.0,2826.0,-15.1,-0.53,966,2729916,4149.5,2671.0
V2RETAIL,V2RETAILEQN,214.03,212.9,212.9,-1.13,-0.53,1285,273576,259.25,172.03
TATASTEEL,TATASTEELEQN,185.54,184.55,184.55,-0.99,-0.53,106726,19696283,224.4,160.06
TECHM,TECHMEQN,1537.1,1529.0,1529.0,-8.1,-0.53,2140,3272060,1854.0,1304.1
MAZDOCK,MAZDOCKEQN,2280.0,2268.0,2268.0,-12.0,-0.53,7435,16862580,3061.4,2057.4
CCL,CCLEQN,1065.6,1060.0,1060.0,-5.6,-0.53,562,595720,1242.2,815.5
3MINDIA,3MINDIAEQN,34095.0,33915.0,33915.0,-180.0,-0.53,11,373065,38030.0,28730.0
GICRE,GICREEQN,351.0,349.1,349.1,-1.9,-0.54,1034,360969,417.95,337.0
A2ZINFRA,A2ZINFRAEQN,14.89,14.81,14.81,-0.08,-0.54,5000,74050,19.39,12.0
PKTEA,PKTEABEN,910.0,905.0,905.0,-5.0,-0.55,1,905,1169.0,605.0
INDUSINDBK,INDUSINDBKEQN,966.3,961.0,961.0,-5.3,-0.55,3497,3360617,1077.85,710.6
UTIAMC,UTIAMCEQN,895.0,890.05,890.05,-4.95,-0.55,63,56073,1418.0,866.0
SCODATUBES,SCODATUBESEQN,128.51,127.8,127.8,-0.71,-0.55,672,85881,185.07,110.0
NIACL,NIACLEQN,187.66,186.62,186.62,-1.04,-0.55,12233,2282922,242.6,116.97
WAAREEENER,WAAREEENEREQN,2560.7,2546.3,2546.3,-14.4,-0.56,2777,7071075,3718.8,2403.0
SYMPHONY,SYMPHONYEQN,598.65,595.3,595.3,-3.35,-0.56,129,76793,970.45,562.1
MMFL,MMFLEQN,628.55,625.0,625.0,-3.55,-0.56,568,355000,687.95,288.1
BANKINDIA,BANKINDIAEQN,140.0,139.22,139.22,-0.78,-0.56,2688,374223,178.36,116.0
HCLTECH,HCLTECHEQN,1249.3,1242.3,1242.3,-7.0,-0.56,1818,2258501,1780.1,1030.0
RACLGEAR,RACLGEAREQN,1760.9,1750.8,1750.8,-10.1,-0.57,180,315144,1927.7,900.1
SKIPPER,SKIPPEREQN,566.2,563.0,563.0,-3.2,-0.57,3198,1800474,616.8,327.05
POLYCAB,POLYCABEQN,8400.0,8352.5,8352.5,-47.5,-0.57,1225,10231812,10126.0,6663.0
WAAREERTL,WAAREERTLEQN,819.65,814.95,814.95,-4.7,-0.57,1186,966530,1358.0,779.5
ODIGMA,ODIGMAEQN,21.0,20.88,20.88,-0.12,-0.57,6,125,56.09,20.0
TATVA,TATVAEQN,1770.2,1760.0,1760.0,-10.2,-0.58,439,772640,1838.1,981.5
PVSL,PVSLEQN,98.77,98.2,98.2,-0.57,-0.58,11,1080,163.0,82.41
AVTNPL,AVTNPLEQN,85.7,85.2,85.2,-0.5,-0.58,302,25730,97.0,53.5
STARHEALTH,STARHEALTHEQN,547.05,543.9,543.9,-3.15,-0.58,2024,1100853,624.9,416.55
MAHESHWARI,MAHESHWARIEQN,68.7,68.3,68.3,-0.4,-0.58,1,68,76.81,39.04
PRIORITY,PRIORITYEQN,232.06,230.71,230.71,-1.35,-0.58,3700,853627,0.0,0.0
LTF,LTFEQN,312.8,311.0,311.0,-1.8,-0.58,4389,1364979,338.6,234.9
TBZ,TBZEQN,603.55,600.0,600.0,-3.55,-0.59,30290,18174000,603.55,110.5
TIL,TILBEN,257.51,256.0,256.0,-1.51,-0.59,300,76800,355.0,161.25
ADFFOODS,ADFFOODSEQN,261.45,259.9,259.9,-1.55,-0.59,1155,300184,346.95,153.1
HINDPETRO,HINDPETROEQN,359.0,356.85,356.85,-2.15,-0.6,10400,3711240,508.45,316.2
MEDPLUS,MEDPLUSEQN,659.65,655.7,655.7,-3.95,-0.6,214,140319,1022.2,645.0
TAJGVK,TAJGVKEQN,334.7,332.7,332.7,-2.0,-0.6,358,119106,450.0,281.35
LODHA,LODHAEQN,1144.7,1137.8,1137.8,-6.9,-0.6,2224,2530467,1344.95,650.8
KANORICHEM,KANORICHEMBEN,184.11,183.0,183.0,-1.11,-0.6,41,7503,191.45,56.0
GOODYEAR,GOODYEAREQN,704.85,700.6,700.6,-4.25,-0.6,151,105790,876.0,702.0
AJOONI,AJOONIEQN,3.28,3.26,3.26,-0.02,-0.61,1678,5470,5.94,3.08
DENTALKART,DENTALKARTSMN,420.4,417.85,417.85,-2.55,-0.61,250,104462,635.6,322.5
FAZE3Q,FAZE3QEQN,442.95,440.25,440.25,-2.7,-0.61,152,66918,650.05,322.1
RPOWER,RPOWEREQN,21.13,21.0,21.0,-0.13,-0.62,144688,3038448,50.73,20.17
METROBRAND,METROBRANDEQN,940.85,935.0,935.0,-5.85,-0.62,152,142120,1323.0,883.0
ALKYLAMINE,ALKYLAMINEEQN,1863.0,1851.4,1851.4,-11.6,-0.62,593,1097880,2115.0,1212.0
APOLLOHOSP,APOLLOHOSPEQN,8944.5,8889.0,8889.0,-55.5,-0.62,1029,9146781,9050.0,6696.5
PATELENG,PATELENGEQN,25.62,25.46,25.46,-0.16,-0.62,27467,699309,41.13,22.0
GUFICBIO,GUFICBIOEQN,436.0,433.3,433.3,-2.7,-0.62,69,29897,467.8,268.0
AXISCADES,AXISCADESEQN,1811.2,1800.0,1800.0,-11.2,-0.62,1652,2973600,2211.0,1063.3
PNCINFRA,PNCINFRAEQN,138.87,138.0,138.0,-0.87,-0.63,9123,1258974,319.7,116.4
GREENPLY,GREENPLYEQN,292.85,291.0,291.0,-1.85,-0.63,154,44814,334.4,176.42
TMCV,TMCVEQN,442.9,440.1,440.1,-2.8,-0.63,20036,8817843,509.0,306.3
KNRCON,KNRCONEQN,124.8,124.0,124.0,-0.8,-0.64,1933,239692,214.0,108.65
ANURAS,ANURASEQN,1207.7,1200.0,1200.0,-7.7,-0.64,3063,3675600,1415.0,1045.2
MKEXIM,MKEXIMEQN,67.43,67.0,67.0,-0.43,-0.64,6,402,69.87,45.7
GRANDOAK,GRANDOAKEQN,34.23,34.01,34.01,-0.22,-0.64,700,23807,55.76,24.0
M&MFIN,M&MFINEQN,353.3,351.05,351.05,-2.25,-0.64,1013,355613,415.0,269.5
BANCOINDIA,BANCOINDIAEQN,604.0,600.1,600.1,-3.9,-0.65,445,267044,879.8,502.0
NAHARCAP,NAHARCAPEQN,247.5,245.9,245.9,-1.6,-0.65,1,245,307.0,191.0
PENINLAND,PENINLANDEQN,15.36,15.26,15.26,-0.1,-0.65,13,198,37.6,13.82
KEI,KEIEQN,4650.0,4619.5,4619.5,-30.5,-0.66,1262,5829809,5899.0,3728.7
SHREECEM,SHREECEMEQN,22600.0,22450.0,22450.0,-150.0,-0.66,25,561250,30285.0,21665.0
POWERINDIA,POWERINDIAEQN,32700.0,32700.0,32480.0,-220.0,-0.67,365,0,38785.0,16111.0
THANGAMAYL,THANGAMAYLEQN,5044.5,5010.5,5010.5,-34.0,-0.67,348,1743654,7430.0,1939.5
TATATECH,TATATECHEQN,722.45,717.6,717.6,-4.85,-0.67,6055,4345068,891.0,507.4
MASFIN,MASFINEQN,288.95,287.0,287.0,-1.95,-0.67,66,18942,358.85,277.35
UFLEX,UFLEXEQN,659.45,655.0,655.0,-4.45,-0.67,208,136240,723.5,330.0
REMSONSIND,REMSONSINDEQN,98.66,98.0,98.0,-0.66,-0.67,204,19992,152.45,75.23
FDC,FDCEQN,352.5,350.15,350.15,-2.35,-0.67,103,36065,527.8,312.95
REGAAL,REGAALEQN,84.03,83.47,83.47,-0.56,-0.67,730,60933,106.0,57.27
PPL,PPLBEN,268.6,266.8,266.8,-1.8,-0.67,123,32816,334.4,163.21
DEVYANI,DEVYANIEQN,140.62,139.68,139.68,-0.94,-0.67,1728,241367,182.8,91.55
AONESILVER,AONESILVEREQN,8.96,8.9,8.9,-0.06,-0.67,229,2038,12.0,7.43
SUNRAKSHAK,SUNRAKSHAKEQN,368.5,366.0,366.0,-2.5,-0.68,67,24522,382.4,350.1
VISL,VISLEQN,30.91,30.7,30.7,-0.21,-0.68,163332,5014292,44.78,19.06
RAJSREESUG,RAJSREESUGEQN,31.87,31.65,31.65,-0.22,-0.69,1,31,43.2,24.65
NEWGEN,NEWGENEQN,497.3,493.8,493.8,-3.5,-0.7,1504,742675,1041.95,401.05
TORNTPOWER,TORNTPOWEREQN,1258.8,1250.0,1250.0,-8.8,-0.7,646,807500,1824.1,1188.0
HEXT,HEXTEQN,524.55,520.85,520.85,-3.7,-0.71,671,349490,807.75,400.2
MONTECARLO,MONTECARLOEQN,553.05,529.25,529.25,-3.8,-0.71,1931,1021981,860.95,464.0
SNOWMAN,SNOWMANEQN,35.25,35.0,35.0,-0.25,-0.71,574,20090,58.2,30.5
TCS,TCSEQN,2105.0,2090.0,2090.0,-15.0,-0.71,26405,55186450,3350.0,1976.8
VAIBHAVGBL,VAIBHAVGBLEQN,209.9,208.42,208.42,-1.48,-0.71,646,134639,293.25,174.13
AXISBANK,AXISBANKEQN,1257.0,1248.0,1248.0,-9.0,-0.72,9704,12110592,1418.3,1121.2
AMAL,AMALEQN,722.4,717.2,717.2,-5.2,-0.72,11,7889,822.0,673.55
HORIZONIND,HORIZONINDEQN,54.23,53.84,53.84,-0.39,-0.72,12508,673430,60.25,51.89
CAPACITE,CAPACITEEQN,195.71,194.29,194.29,-1.42,-0.73,959,186324,334.0,180.0
ANAWIL,ANAWILSMN,445.4,442.15,442.15,-3.25,-0.73,800,353720,491.95,313.2
RPEL,RPELEQN,1652.4,1640.1,1640.1,-12.3,-0.74,360,590436,1943.7,561.3
AWL,AWLEQN,186.98,185.6,185.6,-1.38,-0.74,3511,651641,282.9,171.19
OMPOWER,OMPOWEREQN,172.37,171.1,171.1,-1.27,-0.74,18,3079,206.0,158.01
PENIND,PENINDEQN,171.43,170.15,170.15,-1.28,-0.75,1599,272069,279.9,129.1
JYOTISTRUC,JYOTISTRUCEQN,9.29,9.22,9.22,-0.07,-0.75,46458,428342,17.42,7.94
SOBHA,SOBHAEQN,1215.2,1206.1,1206.1,-9.1,-0.75,140,168854,1732.0,1130.0
AYMSYNTEX,AYMSYNTEXEQN,283.15,281.0,281.0,-2.15,-0.76,20,5620,330.0,141.53
CYBERMEDIA,CYBERMEDIABEN,21.16,21.0,21.0,-0.16,-0.76,199,4179,28.99,11.3
ASTRAZEN,ASTRAZENEQN,6751.5,6700.0,6700.0,-51.5,-0.76,88,589600,9849.5,6600.0
VENUSREM,VENUSREMEQN,1582.2,1570.1,1570.1,-12.1,-0.76,65,102056,2044.3,424.0
GRAUWEIL,GRAUWEILEQN,86.62,85.96,85.96,-0.66,-0.76,11971,1029027,88.53,62.09
AMRUTANJAN,AMRUTANJANEQN,493.8,490.0,490.0,-3.8,-0.77,100,49000,772.0,476.5
GODREJIND,GODREJINDEQN,1107.4,1098.9,1098.9,-8.5,-0.77,156,171428,1443.0,744.2
LLOYDSENT,LLOYDSENTEQN,68.84,68.3,68.3,-0.54,-0.78,6470,441901,84.7,40.69
SGFIN,SGFINEQN,630.95,626.0,626.0,-4.95,-0.78,385,241010,727.45,323.0
POKARNA,POKARNAEQN,746.85,741.0,741.0,-5.85,-0.78,1697,1257477,1146.2,692.6
PROZONER,PROZONEREQN,53.17,52.75,52.75,-0.42,-0.79,711,37505,72.77,39.55
TCIEXP,TCIEXPEQN,485.35,481.5,481.5,-3.85,-0.79,28,13482,780.0,447.55
JSL,JSLEQN,750.95,745.0,745.0,-5.95,-0.79,935,696575,884.0,652.25
VHL,VHLEQN,3377.1,3350.0,3350.0,-27.1,-0.8,1,3350,4275.0,2870.0
CERA,CERAEQN,5645.0,5600.0,5600.0,-45.0,-0.8,39,218400,6740.0,4461.1
LAXMIDENTL,LAXMIDENTLEQN,197.95,196.35,196.35,-1.6,-0.81,43,8443,360.85,155.88
STARTECK,STARTECKEQN,240.0,238.05,238.05,-1.95,-0.81,10,2380,349.95,215.1
ADANIENT,ADANIENTEQN,3020.0,2995.6,2995.6,-24.4,-0.81,2129,6377632,3245.0,1753.0
CIPLA,CIPLAEQN,1394.5,1383.2,1383.2,-11.3,-0.81,1369,1893600,1673.0,1165.7
PERNIASPOP,PERNIASPOPEQN,546.45,542.05,542.05,-4.4,-0.81,238,129007,588.9,511.5
EIHOTEL,EIHOTELEQN,317.9,315.3,315.3,-2.6,-0.82,1368,431330,413.95,271.15
ATUL,ATULEQN,6170.5,6120.0,6120.0,-50.5,-0.82,204,1248480,7180.0,5560.5
TATACHEM,TATACHEMEQN,693.25,687.6,687.6,-5.65,-0.82,27737,19071961,1008.15,580.3
REMUS,REMUSSMN,979.05,971.0,971.0,-8.05,-0.82,100,97100,1007.0,580.0
HDBFS,HDBFSEQN,698.4,692.65,692.65,-5.75,-0.82,966,669099,799.95,555.3
HBPOR,HBPOREQN,61.0,60.5,60.5,-0.5,-0.82,1,60,65.0,48.6
LTM,LTMEQN,4275.1,4240.0,4240.0,-35.1,-0.82,594,2518560,6429.5,3528.0
NILE,NILEEQN,1462.2,1450.0,1450.0,-12.2,-0.83,60,87000,2018.9,1430.0
UNIECOM,UNIECOMEQN,83.21,82.51,82.51,-0.7,-0.84,1268,104622,152.98,78.51
KITEX,KITEXEQN,119.5,118.5,118.5,-1.0,-0.84,2049,242806,232.7,116.9
SRTL,SRTLEQN,38.02,37.7,37.7,-0.32,-0.84,68,2563,73.36,35.87
GICHSGFIN,GICHSGFINEQN,139.35,138.17,138.17,-1.18,-0.85,8,1105,184.0,130.05
HINDZINC,HINDZINCEQN,596.0,590.95,590.95,-5.05,-0.85,6972,4120103,733.0,445.6
HMVL,HMVLBEN,81.09,80.4,80.4,-0.69,-0.85,93,7477,108.16,55.2
PLASTIBLEN,PLASTIBLENEQN,186.63,185.0,185.0,-1.63,-0.87,300,55500,216.29,121.01
SIEMENS,SIEMENSEQN,3913.9,3880.0,3880.0,-33.9,-0.87,1458,5657040,4149.4,2826.0
ZEELEARN,ZEELEARNEQN,6.86,6.8,6.8,-0.06,-0.87,186,1264,10.45,4.17
LINC,LINCEQN,91.81,91.0,91.0,-0.81,-0.88,3,273,133.38,85.01
MAMATA,MAMATAEQN,403.75,400.2,400.2,-3.55,-0.88,60,24012,515.0,297.0
UNIDT,UNIDTEQN,224.01,222.01,222.01,-2.0,-0.89,20,4440,254.97,146.0
MOTILALOFS,MOTILALOFSEQN,1010.0,1001.0,1001.0,-9.0,-0.89,933,933933,1097.1,614.9
CARERATING,CARERATINGEQN,1668.6,1653.6,1653.6,-15.0,-0.9,21,34725,1838.0,1392.7
NESTLEIND,NESTLEINDEQN,1372.4,1360.0,1360.0,-12.4,-0.9,6924,9416640,1553.0,1145.0
PRASOLCHEM,PRASOLCHEMEQN,703.4,697.05,697.05,-6.35,-0.9,1573,1096459,734.9,601.0
AIIL,AIILEQN,559.0,553.9,553.9,-5.1,-0.91,636,352280,683.0,400.0
RAINBOW,RAINBOWEQN,1454.7,1441.4,1441.4,-13.3,-0.91,1155,1664817,1610.0,1084.0
GPECO,GPECOSMN,396.65,393.05,393.05,-3.6,-0.91,600,235830,599.9,264.05
GLENMARK,GLENMARKEQN,2447.4,2425.0,2425.0,-22.4,-0.92,852,2066100,2537.6,1792.6
OFSS,OFSSEQN,11896.0,11787.0,11787.0,-109.0,-0.92,800,9429600,12540.0,6234.5
SHREERAMA,SHREERAMAEQN,44.53,44.12,44.12,-0.41,-0.92,300,13236,71.99,37.62
VMM,VMMEQN,102.65,101.7,101.7,-0.95,-0.93,21906,2227840,153.4,98.77
SHAREINDIA,SHAREINDIAEQN,228.15,226.0,226.0,-2.15,-0.94,16488,3726288,233.35,115.36
INFY,INFYEQN,1051.4,1041.5,1041.5,-9.9,-0.94,29955,31198132,1728.0,982.4
POWERGRID,POWERGRIDEQN,270.3,267.75,267.75,-2.55,-0.94,28551,7644530,324.95,250.0
TWCGOLDETF,TWCGOLDETFEQN,152.54,151.1,151.1,-1.44,-0.94,1,151,187.98,123.31
WIPRO,WIPROEQN,166.83,165.24,165.24,-1.59,-0.95,46606,7701175,273.1,163.3
BLKASHYAP,BLKASHYAPEQN,52.74,52.24,52.24,-0.5,-0.95,70,3656,67.5,40.32
KALYANIFRG,KALYANIFRGBEN,975.25,966.0,966.0,-9.25,-0.95,31,29946,1192.25,523.6
PONNIERODE,PONNIERODEEQN,356.6,353.2,353.2,-3.4,-0.95,50,17660,455.0,252.4
SIMPLEXINF,SIMPLEXINFEQN,251.4,249.0,249.0,-2.4,-0.95,119,29631,318.0,137.0
INDNIPPON,INDNIPPONEQN,1260.0,1248.0,1248.0,-12.0,-0.95,140,174720,1564.0,675.0
AARTIDRUGS,AARTIDRUGSEQN,431.8,427.7,427.7,-4.1,-0.95,342,146273,534.55,318.95
GODIGIT,GODIGITEQN,239.0,236.7,236.7,-2.3,-0.96,6055,1433218,381.4,235.8
CUBEXTUB,CUBEXTUBEQN,85.32,84.49,84.49,-0.83,-0.97,175,14785,143.69,73.1
VALIANTLAB,VALIANTLABBEN,123.26,122.05,122.05,-1.21,-0.98,1781,217371,129.9,49.51
CONCOR,CONCOREQN,504.55,498.6,498.6,-4.95,-0.98,8342,4159321,564.95,421.45
AONEGOLD,AONEGOLDEQN,14.3,14.16,14.16,-0.14,-0.98,981,13890,17.73,10.22
INDOAMIN,INDOAMINBEN,126.55,125.3,125.3,-1.25,-0.99,94,11778,149.0,81.9
VIRAT,VIRATEQN,390.85,387.0,387.0,-3.85,-0.99,6,2322,494.4,268.05
DHARMAJ,DHARMAJEQN,276.15,273.4,273.4,-2.75,-1.0,36,9842,345.0,210.65
KICL,KICLEQN,5009.5,4959.0,4959.0,-50.5,-1.01,2,9918,6554.9,4011.0
AFCONS,AFCONSEQN,263.4,260.75,260.75,-2.65,-1.01,6269,1634641,479.4,225.35
NHPC,NHPCEQN,76.95,76.17,76.17,-0.78,-1.01,46931,3574734,89.22,71.62
FOCUS,FOCUSBEN,60.64,60.02,60.02,-0.62,-1.02,259,15545,98.87,57.06
CCCL,CCCLEQN,13.76,13.62,13.62,-0.14,-1.02,1197,16303,28.0,12.76
IGARASHI,IGARASHIEQN,432.35,427.95,427.95,-4.4,-1.02,502,214830,558.0,271.05
MAWANASUG,MAWANASUGEQN,128.21,126.9,126.9,-1.31,-1.02,202,25633,164.0,75.08
TNTELE,TNTELEEQN,8.86,8.77,8.77,-0.09,-1.02,1878,16470,15.74,7.81
KAVDEFENCE,KAVDEFENCEBEN,72.71,71.97,71.97,-0.74,-1.02,3880,279243,162.87,51.51
WCIL,WCILEQN,96.86,95.86,95.86,-1.0,-1.03,1168,111964,147.29,77.02
SGMART,SGMARTEQN,733.55,726.0,726.0,-7.55,-1.03,693,503118,860.6,313.1
THEJO,THEJOEQN,2199.7,2177.0,2177.0,-22.7,-1.03,1,2177,2286.6,1443.6
SUVEN,SUVENEQN,341.55,338.0,338.0,-3.55,-1.04,2517,850746,403.35,124.11
GODFRYPHLP,GODFRYPHLPEQN,2018.0,1997.0,1997.0,-21.0,-1.04,1084,2164748,3600.0,1832.1
ADANIENSOL,ADANIENSOLEQN,1436.1,1421.1,1421.1,-15.0,-1.04,3122,4436674,1789.0,803.1
ONMOBILE,ONMOBILEBEN,48.81,48.3,48.3,-0.51,-1.04,126,6085,84.0,40.21
ORICONENT,ORICONENTEQN,52.75,52.0,52.0,-0.55,-1.05,102,5304,73.12,48.81
HONDAPOWER,HONDAPOWEREQN,1930.3,1910.0,1910.0,-20.3,-1.05,10,19100,2919.8,1816.6
AKSHARCHEM,AKSHARCHEMBEN,392.15,388.05,388.05,-4.1,-1.05,1863,722937,472.0,141.3
HFCL,HFCLBEN,215.71,213.45,213.45,-2.26,-1.05,37821,8072892,256.7,59.82
VIRINCHI,VIRINCHIEQN,14.17,14.02,14.02,-0.15,-1.06,200,2804,32.69,13.6
FIVESTAR,FIVESTAREQN,538.45,532.75,532.75,-5.7,-1.06,1076,573239,666.0,338.15
FINEORG,FINEORGEQN,5199.0,5144.0,5144.0,-55.0,-1.06,93,478392,5407.0,3856.0
THOMASCOTT,THOMASCOTTEQN,236.55,234.0,234.0,-2.55,-1.08,22,5148,459.8,221.8
TCPLPACK,TCPLPACKEQN,3844.2,3802.6,3802.6,-41.6,-1.08,26,98867,4410.9,2200.0
KABRAEXTRU,KABRAEXTRUEQN,681.6,674.25,674.25,-7.35,-1.08,1666,1123300,741.9,180.0
MTARTECH,MTARTECHBEN,7202.0,7124.0,7124.0,-78.0,-1.08,253,1802372,8714.0,1752.6
ARCIL,ARCILEQN,136.37,134.9,134.9,-1.47,-1.08,7948,1072185,141.5,124.5
CENTRUM,CENTRUMEQN,21.94,21.7,21.7,-0.24,-1.09,3036,65881,38.48,19.66
BOSCH-HCIL,BOSCH-HCILEQN,1694.0,1675.6,1675.6,-18.4,-1.09,19,31836,1891.3,1021.3
FIRSTCRY,FIRSTCRYEQN,172.15,170.25,170.25,-1.9,-1.1,8462,1440655,395.35,163.37
ISFT,ISFTEQN,95.16,94.1,94.1,-1.06,-1.11,1152,108403,119.07,54.05
CARRARO,CARRAROEQN,524.65,518.85,518.85,-5.8,-1.11,919,476823,667.55,416.0
MAXIND,MAXINDEQN,152.69,151.0,151.0,-1.69,-1.11,475,71725,241.57,120.0
AUBANK,AUBANKEQN,1058.6,1046.8,1046.8,-11.8,-1.11,996,1042612,1144.1,703.85
KANCOTEA,KANCOTEAEQN,55.62,55.0,55.0,-0.62,-1.11,14,770,58.7,46.2
OBEROIRLTY,OBEROIRLTYEQN,1785.0,1765.0,1765.0,-20.0,-1.12,528,931920,1986.1,1391.2
VARDHACRLC,VARDHACRLCBEN,44.5,44.0,44.0,-0.5,-1.12,342,15048,48.55,27.01
CCAVENUE,CCAVENUEEQN,16.08,15.9,15.9,-0.18,-1.12,79701,1267245,20.5,12.92
CINELINE,CINELINEEQN,90.36,89.34,89.34,-1.02,-1.13,657,58696,104.4,73.35
AIRAN,AIRANEQN,16.69,16.5,16.5,-0.19,-1.14,3473,57304,27.49,12.63
GOLDTECH,GOLDTECHBEN,41.32,40.85,40.85,-0.47,-1.14,13,531,72.02,29.68
VASCONEQ,VASCONEQEQN,30.35,30.0,30.0,-0.35,-1.15,787,23610,74.59,26.75
VIDHIING,VIDHIINGEQN,344.55,340.6,340.6,-3.95,-1.15,502,170981,387.85,258.6
VEDL,VEDLEQN,267.6,264.5,264.5,-3.1,-1.16,60276,15943002,795.0,249.7
RBZJEWEL,RBZJEWELBEN,173.0,171.0,171.0,-2.0,-1.16,211,36081,204.7,100.0
ATHERENERG,ATHERENERGEQN,1640.0,1621.0,1621.0,-19.0,-1.16,14598,23663358,1744.0,534.5
PAGEIND,PAGEINDEQN,36400.0,35975.0,35975.0,-425.0,-1.17,38,1367050,45650.0,29805.0
COROMANDEL,COROMANDELEQN,1999.5,1976.2,1976.2,-23.3,-1.17,351,693646,2499.0,1706.5
SGL,SGLEQN,9.35,9.24,9.24,-0.11,-1.18,9,83,20.79,8.4
TVTODAY,TVTODAYEQN,109.29,108.0,108.0,-1.29,-1.18,53,5724,154.29,93.5
SHYAMCENT,SHYAMCENTBEN,5.06,5.0,5.0,-0.06,-1.19,143,715,8.0,3.68
TIPSFILMS,TIPSFILMSEQN,320.35,316.5,316.5,-3.85,-1.2,100,31650,479.25,276.75
ABCAPITAL,ABCAPITALEQN,410.05,405.1,405.1,-4.95,-1.21,16617,6731546,430.7,277.7
GOYALALUM,GOYALALUMEQN,5.77,5.7,5.7,-0.07,-1.21,1802,10271,11.37,5.3
NOVAAGRI,NOVAAGRIEQN,22.9,22.62,22.62,-0.28,-1.22,459,10382,51.99,18.12
SANATHAN,SANATHANEQN,480.85,475.0,475.0,-5.85,-1.22,200,95000,539.8,352.6
BALAJEE,BALAJEEEQN,25.31,25.0,25.0,-0.31,-1.22,629,15725,54.48,21.1
NATIONSTD,NATIONSTDEQN,109.94,108.6,108.6,-1.34,-1.22,110,11946,1519.95,98.27
SWISSMLTRY,SWISSMLTRYBEN,14.78,14.6,14.6,-0.18,-1.22,377,5504,18.5,13.0
BCPL,BCPLEQN,66.92,66.1,66.1,-0.82,-1.23,170,11237,92.0,60.0
MAHASTEEL,MAHASTEELBEN,1141.9,1127.7,1127.7,-14.2,-1.24,11,12404,1421.0,387.0
JKIL,JKILEQN,486.55,480.5,480.5,-6.05,-1.24,606,291183,672.0,425.0
VCL,VCLBEN,1.61,1.59,1.59,-0.02,-1.24,1628,2588,2.66,0.87
ZENITHSTL,ZENITHSTLEQN,5.58,5.51,5.51,-0.07,-1.25,5030,27715,10.33,4.41
RANASUG,RANASUGEQN,14.43,14.25,14.25,-0.18,-1.25,494,7039,16.45,10.21
KANPRPLA,KANPRPLAEQN,246.1,243.0,243.0,-3.1,-1.26,218,52974,283.14,151.25
IZMO,IZMOEQN,934.35,922.55,922.55,-11.8,-1.26,313,288758,1374.7,562.0
ALKEM,ALKEMEQN,5466.5,5395.0,5395.0,-71.5,-1.31,227,1224665,5933.5,5051.0
KECL,KECLEQN,122.78,121.16,121.16,-1.62,-1.32,4081,494453,155.0,75.47
RADICO,RADICOEQN,4535.4,4475.0,4475.0,-60.4,-1.33,1366,6112850,4747.0,2500.0
COLPAL,COLPALEQN,1917.8,1892.3,1892.3,-25.5,-1.33,1541,2916034,2379.2,1782.0
DABUR,DABUREQN,395.25,390.0,390.0,-5.25,-1.33,14735,5746650,542.8,368.05
JSWENERGY,JSWENERGYEQN,526.0,519.0,519.0,-7.0,-1.33,7212,3743028,617.35,427.75
GANESHBE,GANESHBEBEN,126.86,125.17,125.17,-1.69,-1.33,101,12642,135.85,68.4
ICDSLTD,ICDSLTDBEN,56.16,55.4,55.4,-0.76,-1.35,4,221,77.69,36.4
AGRITECH,AGRITECHEQN,98.33,97.0,97.0,-1.33,-1.35,21,2037,187.19,92.52
BDL,BDLEQN,1196.6,1180.0,1180.0,-16.2,-1.35,4239,5002020,1654.0,1086.0
SPAL,SPALEQN,994.3,980.8,980.8,-13.5,-1.36,565,554152,1221.9,600.0
MODIS,MODISEQN,352.4,347.6,347.6,-4.8,-1.36,224,77862,429.05,276.0
SAKHTISUG,SAKHTISUGEQN,18.37,18.12,18.12,-0.25,-1.36,1517,27488,23.29,13.52
OCCLLTD,OCCLLTDBEN,154.09,151.99,151.99,-2.1,-1.36,153,23254,183.03,75.71
STERTOOLS,STERTOOLSBEN,213.21,210.31,210.31,-2.9,-1.36,31,6519,344.4,155.0
WOMANCART,WOMANCARTSTN,106.05,104.6,104.6,-1.45,-1.37,400,41840,358.0,88.0
ARCHIES,ARCHIESEQN,12.29,12.12,12.12,-0.17,-1.38,6000,72720,24.38,10.86
DYNPRO,DYNPROEQN,229.89,226.71,226.71,-3.18,-1.38,190,43074,367.75,190.8
ESAFSFB,ESAFSFBBEN,39.19,38.65,38.65,-0.54,-1.38,243,9391,44.99,19.78
UFO,UFOEQN,60.95,60.11,60.11,-0.84,-1.38,43,2584,92.97,53.75
DSFCL,DSFCLEQN,26.14,25.78,25.78,-0.36,-1.38,500,12890,52.5,17.28
LEXUS,LEXUSEQN,13.0,12.82,12.82,-0.18,-1.38,98,1256,39.25,12.36
SBICARD,SBICARDEQN,651.15,642.1,642.1,-9.05,-1.39,2930,1881353,965.0,565.45
LOKESHMACH,LOKESHMACHEQN,344.8,340.0,340.0,-4.8,-1.39,22,7480,385.8,138.96
AUROPHARMA,AUROPHARMAEQN,1734.0,1709.8,1709.8,-24.2,-1.4,4227,7227324,1734.0,1066.8
SUBAHOTELS,SUBAHOTELSSMN,92.0,90.7,90.7,-1.3,-1.41,1200,108840,200.0,90.15
SULA,SULAEQN,134.49,132.6,132.6,-1.89,-1.41,8898,1179874,292.74,132.06
DCI,DCIEQN,278.95,275.0,275.0,-3.95,-1.42,109,29975,475.0,208.98
KRISHANA,KRISHANAEQN,179.89,177.33,177.33,-2.56,-1.42,14104,2501062,206.39,86.2
SAURASHCEM,SAURASHCEMEQN,53.51,52.75,52.75,-0.76,-1.42,108,5697,114.25,47.65
IREDA,IREDAEQN,114.32,112.7,112.7,-1.62,-1.42,30447,3431376,163.35,107.4
PAYTM,PAYTMEQN,1849.9,1823.0,1823.0,-26.9,-1.45,10150,18503450,1855.5,930.6
GLOTTIS,GLOTTISEQN,59.48,58.62,58.62,-0.86,-1.45,376,22041,93.0,37.0
MANAKALUCO,MANAKALUCOEQN,35.87,35.35,35.35,-0.52,-1.45,166,5868,68.12,21.73
MOMSBELIEF,MOMSBELIEFBEN,223.73,220.45,220.45,-3.28,-1.47,117,25792,239.0,208.03
SILVERTUC,SILVERTUCEQN,146.28,144.12,144.12,-2.16,-1.48,352,50730,216.8,67.58
DJML,DJMLEQN,77.65,76.5,76.5,-1.15,-1.48,50,3825,124.8,52.0
LAXMIINDIA,LAXMIINDIAEQN,126.98,125.1,125.1,-1.88,-1.48,192,24019,180.9,71.06
ORCHPHARMA,ORCHPHARMAEQN,989.7,975.0,975.0,-14.7,-1.49,1528,1489800,1133.0,480.0
VLSFINANCE,VLSFINANCEEQN,238.2,234.65,234.65,-3.55,-1.49,75,17598,339.0,198.81
BIKAJI,BIKAJIEQN,580.25,571.6,571.6,-8.65,-1.49,691,394975,794.1,532.75
PIGL,PIGLEQN,99.49,98.01,98.01,-1.48,-1.49,190,18621,189.7,88.05
C2C,C2CSMN,204.2,201.15,201.15,-3.05,-1.49,2550,512932,802.2,197.0
KREBSBIO,KREBSBIOEQN,57.31,56.45,56.45,-0.86,-1.5,424,23934,82.49,38.33
IEML,IEMLSTN,42.95,42.3,42.3,-0.65,-1.51,2000,84600,173.57,37.8
DAICHI,DAICHIBEN,327.95,323.0,323.0,-4.95,-1.51,2,646,380.0,229.9
NEUEON,NEUEONBEN,11.29,11.12,11.12,-0.17,-1.51,1096,12187,27.4,5.76
IFCI,IFCIEQN,76.51,75.35,75.35,-1.16,-1.52,399151,30076027,107.5,46.23
USK,USKEQN,20.07,19.76,19.76,-0.31,-1.54,1006,19878,35.17,18.97
EMKAY,EMKAYEQN,248.9,245.05,245.05,-3.85,-1.55,1144,280337,409.9,186.0
NYKAA,NYKAAEQN,332.15,327.0,327.0,-5.15,-1.55,8335,2725545,349.55,227.9
SIGNPOST,SIGNPOSTEQN,271.5,267.3,267.3,-4.2,-1.55,95,25393,336.8,191.41
INOXWIND,INOXWINDEQN,76.8,75.6,75.6,-1.2,-1.56,39893,3015910,159.3,68.0
KARAMTARA,KARAMTARAEQN,355.55,350.0,350.0,-5.55,-1.56,40020,14007000,377.9,320.0
BHEL,BHELEQN,439.9,433.0,433.0,-6.9,-1.57,32482,14064706,446.5,229.54
SUNDROP,SUNDROPEQN,663.4,653.0,653.0,-10.4,-1.57,39,25467,874.0,556.0
TEXINFRA,TEXINFRAEQN,113.54,111.75,111.75,-1.79,-1.58,17,1899,121.8,82.5
AARON,AARONEQN,119.92,118.0,118.0,-1.92,-1.6,401,47318,228.0,106.8
KFINTECH,KFINTECHEQN,930.0,915.0,915.0,-15.0,-1.61,855,782325,1215.0,784.95
AKG,AKGEQN,10.37,10.2,10.2,-0.17,-1.64,5,51,15.34,8.06
BAIDFIN,BAIDFINEQN,10.89,10.71,10.71,-0.18,-1.65,706,7561,12.98,8.8
AARTIIND,AARTIINDEQN,491.15,483.0,483.0,-8.15,-1.66,10013,4836279,551.75,338.05
ADANIPORTS,ADANIPORTSEQN,1824.0,1793.7,1793.7,-30.3,-1.66,82099,147260976,1891.1,1292.0
HONASA,HONASAEQN,479.55,471.55,471.55,-8.0,-1.67,8357,3940743,509.8,248.4
KOTARISUG,KOTARISUGBEN,26.97,26.52,26.52,-0.45,-1.67,1852,49115,39.94,22.5
SADBHAV,SADBHAVEQN,7.73,7.6,7.6,-0.13,-1.68,20100,152760,14.7,6.05
RATEGAIN,RATEGAINEQN,858.4,844.0,844.0,-14.4,-1.68,5097,4301868,1050.0,437.0
BIOFILCHEM,BIOFILCHEMEQN,32.83,32.28,32.28,-0.55,-1.68,250,8070,46.34,25.6
ZUARIIND,ZUARIINDEQN,262.45,258.05,258.05,-4.4,-1.68,4,1032,416.0,210.0
STEELXIND,STEELXINDEQN,11.74,11.54,11.54,-0.2,-1.7,44896,518099,13.95,7.0
SURANAT&P,SURANAT&PEQN,16.39,16.11,16.11,-0.28,-1.71,786,12662,24.43,15.5
SANGAMIND,SANGAMINDEQN,580.0,570.1,570.1,-9.9,-1.71,1,570,672.5,391.2
SAHLIBHFI,SAHLIBHFIEQN,76.56,75.25,75.25,-1.31,-1.71,549,41312,91.95,66.6
MUKKA,MUKKABEN,26.93,26.47,26.47,-0.46,-1.71,4889,129411,33.29,18.27
KANCHI,KANCHIEQN,386.65,380.05,380.05,-6.6,-1.71,99,37624,463.35,334.7
PHOENXINTL,PHOENXINTLEQN,29.0,28.5,28.5,-0.5,-1.72,70,1995,35.64,27.5
DCMSIL,DCMSILEQN,70.26,69.05,69.05,-1.21,-1.72,18,1242,105.27,49.5
COCHINSHIP,COCHINSHIPEQN,1398.0,1373.8,1373.8,-24.2,-1.73,8272,11364073,1979.9,1187.0
ORIENTCEM,ORIENTCEMEQN,124.55,122.4,122.4,-2.15,-1.73,8222,1006372,237.29,120.6
AUSOMENT,AUSOMENTEQN,152.15,149.5,149.5,-2.65,-1.74,74,11063,178.0,93.0
COFORGE,COFORGEEQN,1841.0,1809.0,1809.0,-32.0,-1.74,50725,91761525,2021.2,1008.1
MIIL,MIILEQN,711.35,699.0,699.0,-12.35,-1.74,34,23766,742.9,640.5
GYFTR,GYFTREQN,171.05,168.05,168.05,-3.0,-1.75,4,672,193.9,139.69
ANDREWYU,ANDREWYUEQN,26.27,25.81,25.81,-0.46,-1.75,227,5858,30.49,24.51
WPIL,WPILEQN,433.7,426.1,426.1,-7.6,-1.75,214,91185,510.35,383.55
HYUNDAI,HYUNDAIEQN,2208.8,2170.0,2170.0,-38.8,-1.76,1484,3220280,2890.0,1658.0
IGCL,IGCLEQN,67.05,65.87,65.87,-1.18,-1.76,652,42947,111.89,49.46
3IINFOLTD,3IINFOLTDBEN,25.5,25.05,25.05,-0.45,-1.76,1613,40405,27.8,12.68
MOHITIND,MOHITINDEQN,23.62,23.2,23.2,-0.42,-1.78,1,23,37.65,18.6
GOKUL,GOKULEQN,40.43,39.71,39.71,-0.72,-1.78,193,7664,46.8,31.0
SKFINDIA,SKFINDIAEQN,1552.6,1525.0,1525.0,-27.6,-1.78,845,1288625,5074.0,1404.0
DIGJAMLMTD,DIGJAMLMTDBEN,61.6,60.5,60.5,-1.1,-1.79,108,6534,73.19,36.03
PIIND,PIINDEQN,2366.8,2324.0,2324.0,-42.8,-1.81,490,1138760,3832.9,2191.0
FABTECH,FABTECHEQN,147.93,145.25,145.25,-2.68,-1.81,29,4212,262.8,132.7
LICI,LICIEQN,407.7,400.2,400.2,-7.5,-1.84,25051,10025410,468.48,360.75
SEJALLTD,SEJALLTDEQN,714.4,701.15,701.15,-13.25,-1.85,133,93252,1036.7,381.0
COOLCAPS,COOLCAPSSMN,26.7,26.2,26.2,-0.5,-1.87,1250,32750,99.5,19.0
DHRUV,DHRUVEQN,21.4,21.0,21.0,-0.4,-1.87,1,21,59.0,20.5
BBTCL,BBTCLEQN,230.53,226.2,226.2,-4.33,-1.88,109,24655,262.0,156.0
UNOMINDA,UNOMINDAEQN,1284.0,1259.9,1259.9,-24.1,-1.88,6578,8287622,1382.0,994.0
RBLBANK,RBLBANKEQN,415.9,408.0,408.0,-7.9,-1.9,4886,1993488,420.4,261.6
PETRONET,PETRONETEQN,292.6,287.0,287.0,-5.6,-1.91,9541,2738267,326.4,235.35
AARNAV,AARNAVBEN,31.2,30.6,30.6,-0.6,-1.92,304,9302,37.4,21.0
MASTERTR,MASTERTREQN,89.74,88.0,88.0,-1.74,-1.94,2200,193600,164.5,55.6
BLUECHIP,BLUECHIPBEN,2.06,2.02,2.02,-0.04,-1.94,8,16,4.41,1.65
AROGRANITE,AROGRANITEEQN,23.15,22.7,22.7,-0.45,-1.94,18,408,45.63,18.67
GICL,GICLBEN,24.58,24.1,24.1,-0.48,-1.95,50,1205,52.4,15.61
VIPULLTD,VIPULLTDBEN,12.25,12.01,12.01,-0.24,-1.96,4037,48484,18.6,7.38
VIVIMEDLAB,VIVIMEDLABBEN,5.58,5.47,5.47,-0.11,-1.97,500,2735,29.4,4.75
WEWIN,WEWINEQN,43.0,42.15,42.15,-0.85,-1.98,1,42,78.0,35.38
RELINFRA,RELINFRABEN,49.99,49.0,49.0,-0.99,-1.98,2715,133035,274.45,49.99
SPECIALITY,SPECIALITYBEN,144.89,142.0,142.0,-2.89,-1.99,50,7100,167.46,82.7
SHK,SHKEQN,137.04,134.3,134.3,-2.74,-2.0,28776,3864616,254.9,111.98
TATAPOWER,TATAPOWEREQN,374.8,367.3,367.3,-7.5,-2.0,23282,8551478,464.9,342.5
XTGLOBAL,XTGLOBALEQN,29.54,28.95,28.95,-0.59,-2.0,250,7237,45.89,25.2
EQUIPPP,EQUIPPPBEN,24.51,24.02,24.02,-0.49,-2.0,50,1201,25.89,13.85
OMNI,OMNIEQN,556.15,545.0,545.0,-11.15,-2.0,7777,4238465,764.85,176.25
APLAPOLLO,APLAPOLLOEQN,2270.1,2224.2,2224.2,-45.9,-2.02,2827,6287813,2301.4,1653.3
JOCIL,JOCILEQN,145.95,143.0,143.0,-2.95,-2.02,106,15158,175.12,91.25
UNICHEMLAB,UNICHEMLABEQN,545.7,534.7,534.7,-11.0,-2.02,1440,769968,687.2,278.2
SHALPAINTS,SHALPAINTSBEN,80.9,79.26,79.26,-1.64,-2.03,82,6499,95.95,35.21
BHARTIARTL,BHARTIARTLEQN,1893.3,1854.8,1854.8,-38.5,-2.03,111400,206624720,2174.5,1740.5
RUDRA,RUDRAEQN,20.68,20.26,20.26,-0.42,-2.03,7,141,29.7,14.63
MODTHREAD,MODTHREADEQN,47.99,47.0,47.0,-0.99,-2.06,13,611,65.65,35.61
MODISONLTD,MODISONLTDBEN,457.6,448.05,448.05,-9.55,-2.09,402,180116,546.0,114.0
MMWL,MMWLEQN,12.89,12.62,12.62,-0.27,-2.09,666,8404,16.57,9.02
HAVELLS,HAVELLSEQN,1132.4,1108.6,1108.6,-23.8,-2.1,5447,6038544,1610.0,1081.1
LOTUSEYE,LOTUSEYEEQN,115.1,112.65,112.65,-2.45,-2.13,67,7547,147.0,97.59
VIRTUALG,VIRTUALGBEN,0.47,0.46,0.46,-0.01,-2.13,20116,9253,0.6,0.4
PNC,PNCEQN,16.86,16.5,16.5,-0.36,-2.14,7,115,36.65,15.72
LCCPROJECT,LCCPROJECTEQN,155.78,152.44,152.44,-3.34,-2.14,19476,2968921,189.0,153.09
CCHHL,CCHHLEQN,13.01,12.73,12.73,-0.28,-2.15,8,101,18.0,10.03
DEVX,DEVXEQN,32.21,31.51,31.51,-0.7,-2.17,185,5829,63.25,29.95
RCOM,RCOMBEN,0.92,0.9,0.9,-0.02,-2.17,197525,177772,1.51,0.75
SUPREMEIND,SUPREMEINDEQN,3580.3,3500.0,3500.0,-80.3,-2.24,831,2908500,4548.7,3140.0
VERTOZ,VERTOZEQN,37.04,36.2,36.2,-0.84,-2.27,124,4488,84.8,27.02
AKSHOPTFBR,AKSHOPTFBRBEN,7.84,7.66,7.66,-0.18,-2.3,1379,10563,9.01,3.82
WAAREEINDO,WAAREEINDOEQN,267.95,261.8,261.8,-6.15,-2.3,200,52360,725.0,241.1
RNBDENIMS,RNBDENIMSBEN,8.96,8.75,8.75,-0.21,-2.34,1000,8750,67.67,7.72
TRU,TRUEQN,4.21,4.11,4.11,-0.1,-2.38,1431,5881,13.12,3.9
MOLDTECH,MOLDTECHBEN,192.75,188.1,188.1,-4.65,-2.41,1006,189228,227.0,101.1
SICAGEN,SICAGENEQN,52.77,51.5,51.5,-1.27,-2.41,152,7828,74.06,46.55
NIBL,NIBLEQN,30.97,30.22,30.22,-0.75,-2.42,20,604,40.8,25.3
AFIL,AFILEQN,8.61,8.4,8.4,-0.21,-2.44,4190,35196,11.1,3.92
VIVOBIOT,VIVOBIOTEQN,16.77,16.36,16.36,-0.41,-2.44,2,32,20.94,16.0
ROSSELLIND,ROSSELLINDEQN,52.64,51.35,51.35,-1.29,-2.45,363,18640,73.0,40.0
HTMEDIA,HTMEDIAEQN,23.69,23.11,23.11,-0.58,-2.45,50,1155,31.3,17.52
SHRJAGP,SHRJAGPEQN,637.65,622.05,622.05,-15.6,-2.45,7,4354,801.25,590.05
VIVIANA,VIVIANAEQN,718.8,701.1,701.1,-17.7,-2.46,300,210330,1162.5,565.0
KAYTEX,KAYTEXSMN,56.7,55.3,55.3,-1.4,-2.47,800,44240,112.35,50.35
EMAMIPAP,EMAMIPAPBEN,116.7,113.79,113.79,-2.91,-2.49,51,5803,133.7,55.0
AERONEU,AERONEUEQN,67.09,65.41,65.41,-1.68,-2.5,1,65,106.8,63.21
CGVAK,CGVAKEQN,149.8,145.01,145.01,-3.79,-2.55,6,870,163.7,127.0
TRACXN,TRACXNEQN,31.0,30.2,30.2,-0.8,-2.58,1840,55568,55.9,25.39
BABAFP,BABAFPSMN,23.1,22.5,22.5,-0.6,-2.6,1600,36000,38.5,17.65
FLFL,FLFLBZN,1.15,1.12,1.12,-0.03,-2.61,456,510,1.99,1.08
UPL,UPLEQN,580.0,564.2,564.2,-15.8,-2.72,4817,2717751,812.2,549.8
LENSKART,LENSKARTEQN,707.2,687.9,687.9,-19.3,-2.73,294006,202246727,725.0,356.1
KCPSUGIND,KCPSUGINDBEN,29.3,28.5,28.5,-0.8,-2.73,21,598,36.47,21.45
TAC,TACSTN,490.9,477.0,477.0,-13.9,-2.83,400,190800,899.65,347.4
DCMNVL,DCMNVLEQN,180.2,175.0,175.0,-5.2,-2.89,100,17500,198.58,95.6
VEEGALAND,VEEGALANDBEN,146.3,142.0,142.0,-4.3,-2.94,25059,3558378,0.0,0.0
CORALFINAC,CORALFINACEQN,32.56,31.6,31.6,-0.96,-2.95,397,12545,48.0,25.01
CHEMCRUX,CHEMCRUXEQN,80.78,78.4,78.4,-2.38,-2.95,116,9094,89.29,78.0
DPWIRES,DPWIRESBEN,146.44,142.12,142.12,-4.32,-2.95,100,14212,281.65,125.02
AKASH,AKASHEQN,24.29,23.56,23.56,-0.73,-3.01,25,589,36.0,22.8
JAIBALAJI,JAIBALAJIEQN,64.48,62.5,62.5,-1.98,-3.07,4110,256875,104.98,53.65
TDPOWERSYS,TDPOWERSYSEQN,763.75,740.0,740.0,-23.75,-3.11,25369,18773060,817.55,262.6
SHAHALLOYS,SHAHALLOYSBEN,92.5,89.6,89.6,-2.9,-3.14,63,5644,116.85,53.1
STLTECH,STLTECHBEN,818.8,793.0,793.0,-25.8,-3.15,99223,78683839,912.0,84.6
INFOMEDIA,INFOMEDIAEQN,5.28,5.11,5.11,-0.17,-3.22,14,71,8.05,4.5
LEMERITE,LEMERITEEQN,18.35,17.73,17.73,-0.62,-3.38,51803,918467,107.57,17.81
RADHIKAJWE,RADHIKAJWEBEN,71.24,68.81,68.81,-2.43,-3.41,9144,629198,97.5,50.01
ASAHISONG,ASAHISONGBEN,372.8,360.0,360.0,-12.8,-3.43,1000,360000,413.95,179.64
PREMCO,PREMCOEQN,400.1,386.2,386.2,-13.9,-3.47,6,2317,484.9,355.0
HBESD,HBESDEQN,73.57,71.0,71.0,-2.57,-3.49,2,142,95.9,60.51
CREATIVEYE,CREATIVEYEEQN,5.7,5.5,5.5,-0.2,-3.51,2,11,8.82,5.16
MAXPOSURE,MAXPOSURESMN,39.95,38.4,38.4,-1.55,-3.88,1000,38400,58.8,28.5
ORTINGLOBE,ORTINGLOBEEQN,15.83,15.21,15.21,-0.62,-3.92,500,7605,21.3,10.66
JAINIK,JAINIKSTN,199.0,191.15,191.15,-7.85,-3.94,1200,229380,221.0,102.25
DBSTOCKBRO,DBSTOCKBROBEN,30.35,29.11,29.11,-1.24,-4.09,99,2881,48.5,23.15
ARSHIYA,ARSHIYABZN,0.71,0.68,0.68,-0.03,-4.23,15000,10200,2.13,0.68
LADDERUP,LADDERUPBEN,59.84,57.25,57.25,-2.59,-4.33,5,286,80.98,42.7
IWP,IWPEQN,34.73,33.21,33.21,-1.52,-4.38,391,12985,39.15,28.0
DNAMEDIA,DNAMEDIAEQN,2.47,2.36,2.36,-0.11,-4.45,967,2282,5.09,2.17
SUMIT,SUMITEQN,49.43,47.2,47.2,-2.23,-4.51,100,4720,104.0,31.74
CMICABLES,CMICABLESBZN,2.62,2.5,2.5,-0.12,-4.58,1,2,6.02,2.41
EMPOWER,EMPOWEREQN,2.38,2.27,2.27,-0.11,-4.62,86124,195501,2.82,1.3
PSFL,PSFLSMN,34.25,32.65,32.65,-1.6,-4.67,4000,130600,40.65,21.15
SUPERSPIN,SUPERSPINBEN,7.26,6.92,6.92,-0.34,-4.68,80,553,9.98,3.79
PAR,PARBEN,136.6,130.15,130.15,-6.45,-4.72,851,110757,180.0,78.05
SWARAJ,SWARAJBEN,273.05,260.1,260.1,-12.95,-4.74,216298,56259109,386.75,158.5
DELPHIFX,DELPHIFXBEN,4.96,4.72,4.72,-0.24,-4.84,69991,330357,18.25,4.96
NAGAFERT,NAGAFERTBZN,1.86,1.77,1.77,-0.09,-4.84,18169,32159,6.37,1.86
PANSARI,PANSARIEQN,284.95,271.1,271.1,-13.85,-4.86,52,14097,388.9,233.3
SAMHI,SAMHIEQN,161.98,154.01,154.01,-7.97,-4.92,68092,10486848,217.3,127.0
MYSORPETRO,MYSORPETROBEN,129.99,123.6,123.6,-6.39,-4.92,3,370,182.03,111.0
RHETAN,RHETANEQN,19.57,18.6,18.6,-0.97,-4.96,74939,1393865,34.87,19.1
SELMC,SELMCBEN,27.79,26.41,26.41,-1.38,-4.97,312,8239,43.36,26.0
GRAVISSHO,GRAVISSHOBEN,38.25,36.35,36.35,-1.9,-4.97,66,2399,49.9,25.2
MVKAGRO,MVKAGROSMN,244.3,232.1,232.1,-12.2,-4.99,2400,557040,819.0,152.05
QUALIANCE,QUALIANCESTN,192.35,182.75,182.75,-9.6,-4.99,27000,4934250,236.1,192.35
ONIXSOLAR,ONIXSOLAREQN,357.4,339.55,339.55,-17.85,-4.99,4449,1510657,464.2,262.45
SPELS,SPELSBEN,138.37,131.46,131.46,-6.91,-4.99,1732,227688,157.0,138.37
AMDIND,AMDINDBEN,63.26,60.1,60.1,-3.16,-5.0,3171,190577,74.39,33.77
VILINBIO,VILINBIOSTN,58.0,55.1,55.1,-2.9,-5.0,4000,220400,60.95,18.95
LASA,LASABEN,6.2,5.89,5.89,-0.31,-5.0,171,1007,14.08,5.67
CURAA,CURAABEN,76.0,72.2,72.2,-3.8,-5.0,10,722,235.2,60.0
DCMFINSERV,DCMFINSERVEQN,5.18,4.9,4.9,-0.28,-5.41,3100,15190,8.55,3.7
ZEAL,ZEALSMN,80.0,75.5,75.5,-4.5,-5.63,600,45300,124.75,55.9
MEGASTAR,MEGASTAREQN,281.8,265.6,265.6,-16.2,-5.75,30,7968,392.0,203.0
ENKEIWHEL,ENKEIWHELEQN,395.1,372.0,372.0,-23.1,-5.85,14,5208,425.0,378.5
HTEL,HTELEQN,76.77,72.0,72.0,-4.77,-6.21,77671,5592312,86.45,68.22
KDL,KDLSMN,78.75,70.9,70.9,-7.85,-9.97,2100,148890,250.0,78.75
