symbol,identifier,previousClose,lastPrice,iep,change,pChange,finalQuantity,totalTurnover,yearHigh,yearLow
HINDADH,HINDADHEQN,279.65,335.55,335.55,55.9,19.99,230,77176,0.0,0.0
OSWALSEEDS,OSWALSEEDSEQN,12.15,14.2,14.2,2.05,16.87,90781,1289090,20.28,9.66
TPHQ,TPHQEQN,0.49,0.56,0.56,0.07,14.29,719958,403176,0.86,0.4
KEEPLEARN,KEEPLEARNEQN,1.83,2.08,2.08,0.25,13.66,649,1349,3.21,1.51
UFLEX,UFLEXEQN,488.4,555.0,555.0,66.6,13.64,25124,13943820,602.8,330.0
KLL,KLLSMN,22.15,24.95,24.95,2.8,12.64,800,19960,78.25,21.2
BI,BIEQN,76.81,86.0,86.0,9.19,11.96,7675,660050,76.81,51.62
ITL,ITLEQN,329.8,369.0,369.0,39.2,11.89,1,369,0.0,0.0
DHABRIYA,DHABRIYAEQN,502.3,554.8,554.8,52.5,10.45,625,346750,0.0,0.0
LKPSEC,LKPSECEQN,15.38,16.91,16.91,1.53,9.95,1,16,0.0,0.0
SAPPL,SAPPLEQN,277.95,305.05,305.05,27.1,9.75,108,32945,334.3,252.0
ASHIMASYN,ASHIMASYNEQN,17.13,18.7,18.7,1.57,9.17,5800,108460,27.8,11.5
DIGJAMLMTD,DIGJAMLMTDEQN,50.38,54.99,54.99,4.61,9.15,1009,55484,59.75,36.03
THAKDEV,THAKDEVEQN,146.48,159.75,159.75,13.27,9.06,271,43292,163.01,115.1
WOMANCART,WOMANCARTSMN,101.8,111.0,111.0,9.2,9.04,3200,355200,358.0,88.0
AIROLAM,AIROLAMEQN,87.29,94.9,94.9,7.61,8.72,54,5124,125.0,78.0
GROBTEA,GROBTEAEQN,958.05,1039.95,1039.95,81.9,8.55,27,28078,1236.2,805.0
INFOMEDIA,INFOMEDIAEQN,5.16,5.59,5.59,0.43,8.33,41,229,8.05,4.5
ESCONET,ESCONETSMN,213.3,231.0,231.0,17.7,8.3,5200,1201200,280.0,91.25
DNAMEDIA,DNAMEDIAEQN,2.62,2.83,2.83,0.21,8.02,147,416,5.44,2.33
KDL,KDLSMN,96.35,103.8,103.8,7.45,7.73,450,46710,321.0,84.05
MODTHREAD,MODTHREADEQN,48.28,52.0,52.0,3.72,7.71,51,2652,62.0,35.61
KRITI,KRITIEQN,67.77,72.8,72.8,5.03,7.42,50,3640,158.0,53.0
PURVA,PURVAEQN,218.21,234.01,234.01,15.8,7.24,34476,8067728,305.0,160.69
SIL,SILEQN,19.59,21.0,21.0,1.41,7.2,13496,283416,21.7,11.7
SHUKRAPHAR,SHUKRAPHAREQN,41.42,44.39,44.39,2.97,7.17,1291,57307,43.4,40.06
LCCINFOTEC,LCCINFOTECEQN,3.92,4.2,4.2,0.28,7.14,1,4,5.89,3.51
BBTCL,BBTCLEQN,244.64,262.0,262.0,17.36,7.1,1675,438850,252.55,156.0
NTCIND,NTCINDEQN,145.0,155.0,155.0,10.0,6.9,5,775,0.0,0.0
DJML,DJMLEQN,106.78,114.0,114.0,7.22,6.76,6023,686622,124.8,52.0
ACEINTEG,ACEINTEGEQN,17.8,19.0,19.0,1.2,6.74,100,1900,29.94,14.2
HAVISHA,HAVISHAEQN,1.34,1.43,1.43,0.09,6.72,2054,2937,2.42,1.03
PVP,PVPEQN,35.43,37.79,37.79,2.36,6.66,24636,930994,39.41,18.49
HAZOOR,HAZOOREQN,20.85,22.2,22.2,1.35,6.47,4,88,0.0,0.0
DHARAN,DHARANBZN,0.16,0.17,0.17,0.01,6.25,164381,27944,0.61,0.11
NDGL,NDGLEQN,2927.9,3100.0,3100.0,172.1,5.88,2,6200,4357.4,2100.0
INTLCONV,INTLCONVEQN,75.72,80.02,80.02,4.3,5.68,1722,137794,114.54,60.0
BRAHMINFRA,BRAHMINFRAEQN,172.0,181.7,181.7,9.7,5.64,1,181,0.0,0.0
FINKURVE,FINKURVEEQN,72.74,76.8,76.8,4.06,5.58,14599,1121203,134.9,48.02
GALAXYSURF,GALAXYSURFEQN,2508.4,2648.0,2648.0,139.6,5.57,7228,19139744,2508.4,1510.0
FILATFASH,FILATFASHEQN,0.18,0.19,0.19,0.01,5.56,548416,104199,0.68,0.14
RUBICON,RUBICONEQN,1619.1,1700.7,1700.7,81.6,5.04,7239,12311367,1684.1,570.75
ANONDITA,ANONDITASMN,1117.85,1174.0,1174.0,56.15,5.02,200,234800,1316.0,261.75
KRN,KRNEQN,1468.3,1541.7,1541.7,73.4,5.0,16634,25644637,1468.3,589.8
VALIANTLAB,VALIANTLABEQN,82.41,86.53,86.53,4.12,5.0,5600,484568,94.95,49.51
STYLEBAAZA,STYLEBAAZAEQN,365.25,383.5,383.5,18.25,5.0,32846,12596441,427.0,229.95
SANWARIA,SANWARIABZN,0.2,0.21,0.21,0.01,5.0,4967,1043,0.39,0.19
SANGINITA,SANGINITABEN,54.0,56.7,56.7,2.7,5.0,22229,1260384,25.85,9.09
MODISONLTD,MODISONLTDBEN,339.15,356.1,356.1,16.95,5.0,1842,655936,362.7,114.0
CTE,CTEEQN,38.83,40.77,40.77,1.94,5.0,1403,57200,59.93,20.51
MENONBE,MENONBEBEN,229.68,241.16,241.16,11.48,5.0,7571,1825822,254.25,101.5
AHLWEST,AHLWESTBEN,550.0,577.5,577.5,27.5,5.0,1,577,751.4,137.0
SHALPAINTS,SHALPAINTSBEN,91.39,95.95,95.95,4.56,4.99,14873,1427064,91.39,35.21
OILCOUNTUB,OILCOUNTUBBEN,59.1,62.05,62.05,2.95,4.99,1001,62112,85.0,35.65
SICALLOG,SICALLOGBEN,115.73,121.51,121.51,5.78,4.99,12758,1550224,122.5,60.11
OPTIVALUE,OPTIVALUESTN,176.45,185.25,185.25,8.8,4.99,30400,5631600,176.45,56.05
PURPLEUTED,PURPLEUTEDSTN,352.85,370.45,370.45,17.6,4.99,250,92612,587.95,244.45
VIVO,VIVOSTN,145.4,152.65,152.65,7.25,4.99,1600,244240,0.0,0.0
SHARDUL,SHARDULBEN,52.29,54.9,54.9,2.61,4.99,38791,2129625,60.0,23.05
ABANSENT,ABANSENTEQN,30.38,31.89,31.89,1.51,4.97,100,3189,48.85,22.3
AKSHOPTFBR,AKSHOPTFBRBEN,6.65,6.98,6.98,0.33,4.96,16470,114960,9.0,3.82
BLUECLOUDS,BLUECLOUDSEQN,22.58,23.7,23.7,1.12,4.96,5203,123311,0.0,0.0
DSKULKARNI,DSKULKARNIBEN,13.3,13.96,13.96,0.66,4.96,37,516,13.3,8.6
BIKEWO,BIKEWOSTN,100.05,105.0,105.0,4.95,4.95,4000,420000,100.05,13.65
LEAPIND,LEAPINDEQN,144.93,152.0,152.0,7.07,4.88,239156,36351712,0.0,0.0
UHTL,UHTLSTN,102.0,106.95,106.95,4.95,4.85,2000,213900,131.55,44.0
NIBL,NIBLEQN,33.29,34.9,34.9,1.61,4.84,47,1640,40.8,24.06
RAJESHEXPO,RAJESHEXPOBZN,81.62,85.5,85.5,3.88,4.75,9573,818491,237.88,72.63
VCL,VCLEQN,1.69,1.77,1.77,0.08,4.73,44904,79480,2.66,0.87
AARON,AARONEQN,135.46,141.85,141.85,6.39,4.72,310,43973,258.0,106.8
E2E,E2EBEN,666.75,698.0,698.0,31.25,4.69,43792,30566816,666.75,183.36
FELDVR,FELDVRBZN,2.36,2.47,2.47,0.11,4.66,426,1052,3.78,2.22
BEACON,BEACONSMN,88.0,92.1,92.1,4.1,4.66,1000,92100,124.8,50.0
NEXTMEDIA,NEXTMEDIAEQN,3.86,4.04,4.04,0.18,4.66,2502,10108,8.48,3.42
RKSWAMY,RKSWAMYEQN,94.59,98.99,98.99,4.4,4.65,50,4949,163.89,67.15
RKDL,RKDLEQN,18.63,19.49,19.49,0.86,4.62,100,1949,32.48,16.3
COMPINFO,COMPINFOBZN,1.1,1.15,1.15,0.05,4.55,1,1,2.52,0.91
GOLDSTAR,GOLDSTARSMN,7.7,8.05,8.05,0.35,4.55,11250,90562,9.95,4.5
TIL,TILBEN,238.95,249.8,249.8,10.85,4.54,26855,6708379,371.95,161.25
DUCON,DUCONEQN,3.09,3.23,3.23,0.14,4.53,6829,22057,6.45,2.22
HILTON,HILTONBEN,19.9,20.8,20.8,0.9,4.52,2831,58884,51.2,13.43
QUINTEGRA,QUINTEGRABEN,1.33,1.39,1.39,0.06,4.51,2,2,2.05,1.14
MOHITE,MOHITEEQN,2.68,2.8,2.8,0.12,4.48,10,28,0.0,0.0
QMSMEDI,QMSMEDIEQN,131.92,137.8,137.8,5.88,4.46,2,275,136.6,68.95
CUBEXTUB,CUBEXTUBEQN,82.6,86.24,86.24,3.64,4.41,58,5001,143.69,73.1
OCCLLTD,OCCLLTDBEN,152.21,158.9,158.9,6.69,4.4,1000,158900,183.03,75.71
GAYAPROJ,GAYAPROJBEN,21.16,22.09,22.09,0.93,4.4,471477,10414926,26.0,8.21
KMEW,KMEWEQN,2730.8,2850.0,2850.0,119.2,4.37,16204,46181400,2815.8,825.1
VIVIDEL,VIVIDELSTN,1566.75,1635.0,1635.0,68.25,4.36,720,1177200,1566.75,556.0
KINGFA,KINGFAEQN,5870.0,6120.0,6120.0,250.0,4.26,2041,12490920,6200.0,3605.4
RELCHEMQ,RELCHEMQEQN,118.99,123.99,123.99,5.0,4.2,1,123,184.0,105.01
ALPHAGEO,ALPHAGEOEQN,301.36,314.0,314.0,12.64,4.19,342,107388,315.0,164.8
FLFL,FLFLBZN,1.2,1.25,1.25,0.05,4.17,611,763,1.99,1.11
MADHAV,MADHAVEQN,35.04,36.5,36.5,1.46,4.17,1,36,49.95,29.0
ANTELOPUS,ANTELOPUSEQN,782.6,815.0,815.0,32.4,4.14,4738,3861470,933.65,357.0
IPCALAB,IPCALABEQN,1734.2,1805.9,1805.9,71.7,4.13,7173,12953720,1944.9,1251.6
GATECHDVR,GATECHDVRBEN,0.49,0.51,0.51,0.02,4.08,61307,31266,0.67,0.36
TREEHOUSE,TREEHOUSEEQN,6.13,6.38,6.38,0.25,4.08,100,638,11.0,5.52
ABSMARINE,ABSMARINESTN,234.45,244.0,244.0,9.55,4.07,1500,366000,315.5,143.05
PNGSREVA,PNGSREVAEQN,571.75,595.0,595.0,23.25,4.07,1638,974610,644.0,324.25
GRADIENTE,GRADIENTEEQN,2.72,2.83,2.83,0.11,4.04,24146,68333,9.4,2.08
NAGREEKEXP,NAGREEKEXPEQN,24.32,25.3,25.3,0.98,4.03,71,1796,40.0,17.5
RADIOCITY,RADIOCITYEQN,6.71,6.98,6.98,0.27,4.02,182,1270,9.25,4.5
COASTCORP,COASTCORPEQN,41.82,43.5,43.5,1.68,4.02,2185,95047,66.7,30.01
NEUEON,NEUEONBEN,16.97,17.65,17.65,0.68,4.01,1457,25716,27.4,5.76
THEINVEST,THEINVESTEQN,99.99,103.99,103.99,4.0,4.0,25,2599,164.8,89.0
PANACHE,PANACHEBEN,524.75,545.7,545.7,20.95,3.99,270,147339,524.75,237.05
VIRINCHI,VIRINCHIEQN,14.88,15.47,15.47,0.59,3.97,6,92,32.69,13.81
GATECH,GATECHBEN,0.76,0.79,0.79,0.03,3.95,187041,147762,0.93,0.4
PAKKA,PAKKAEQN,74.4,77.3,77.3,2.9,3.9,1000,77300,178.84,69.1
VAISHALI,VAISHALIEQN,8.51,8.84,8.84,0.33,3.88,5256,46463,13.05,4.75
SREEL,SREELEQN,240.82,250.0,250.0,9.18,3.81,1252,313000,258.0,165.25
ZFSTEERING,ZFSTEERINGEQN,662.75,688.0,688.0,25.25,3.81,38,26144,894.98,620.65
SVPGLOB,SVPGLOBEQN,3.95,4.1,4.1,0.15,3.8,46,188,6.89,2.18
VINEETLAB,VINEETLABEQN,37.29,38.7,38.7,1.41,3.78,51,1973,43.5,26.89
PLAZACABLE,PLAZACABLEEQN,56.38,58.5,58.5,2.12,3.76,14384,841464,65.0,27.0
PITTIENG,PITTIENGEQN,1059.8,1099.5,1099.5,39.7,3.75,2156,2370522,1093.5,675.0
SCANSTL,SCANSTLBEN,59.75,61.99,61.99,2.24,3.75,4254,263705,68.81,31.35
MTEDUCARE,MTEDUCAREBEN,1.87,1.94,1.94,0.07,3.74,125,242,2.53,1.17
KPL,KPLEQN,3436.5,3564.8,3564.8,128.3,3.73,1225,4366880,3486.0,1561.0
MAXVOLT,MAXVOLTSMN,333.5,345.9,345.9,12.4,3.72,2400,830160,509.0,210.05
KMCSHIL,KMCSHILEQN,132.8,137.7,137.7,4.9,3.69,1991,274160,0.0,0.0
NOVAAGRI,NOVAAGRIBEN,24.5,25.4,25.4,0.9,3.67,108,2743,53.74,18.12
UNITEDTEA,UNITEDTEAEQN,458.3,474.8,474.8,16.5,3.6,50,23740,590.0,412.0
AURUS,AURUSEQN,4.74,4.91,4.91,0.17,3.59,1058,5194,7.49,4.1
KOPRAN,KOPRANBEN,190.2,196.99,196.99,6.79,3.57,2521,496611,219.0,107.0
ZODIACLOTH,ZODIACLOTHEQN,75.21,77.87,77.87,2.66,3.54,6,467,119.45,58.5
MCLEODRUSS,MCLEODRUSSEQN,46.27,47.9,47.9,1.63,3.52,1983,94985,78.41,28.5
MOTISONS,MOTISONSEQN,16.75,17.33,17.33,0.58,3.46,677413,11739567,20.81,10.62
SITINET,SITINETBZN,0.29,0.3,0.3,0.01,3.45,17645,5293,0.53,0.28
NATCAPSUQ,NATCAPSUQEQN,149.72,154.89,154.89,5.17,3.45,4,619,296.0,136.36
INDOUS,INDOUSEQN,81.01,83.78,83.78,2.77,3.42,2,167,171.2,74.98
CYBERMEDIA,CYBERMEDIAEQN,16.49,17.05,17.05,0.56,3.4,1211,20647,22.81,11.3
DANGEE,DANGEEEQN,2.95,3.05,3.05,0.1,3.39,21,64,5.08,2.53
PRAXIS,PRAXISEQN,6.21,6.42,6.42,0.21,3.38,11,70,14.44,5.26
TARAPUR,TARAPUREQN,14.48,14.97,14.97,0.49,3.38,22,329,39.99,12.21
FCSSOFT,FCSSOFTEQN,1.49,1.54,1.54,0.05,3.36,30049,46275,2.59,1.05
BAJAJINDEF,BAJAJINDEFEQN,217.15,224.45,224.45,7.3,3.36,1,224,442.6,207.25
TRANSWORLD,TRANSWORLDBEN,155.75,160.99,160.99,5.24,3.36,25,4024,287.58,111.56
VOEPL,VOEPLEQN,506.0,523.0,523.0,17.0,3.36,355,185665,547.0,428.65
CENTEXT,CENTEXTEQN,21.29,22.0,22.0,0.71,3.33,5217,114774,34.75,15.67
HAMPTON,HAMPTONEQN,8.12,8.39,8.39,0.27,3.33,10,83,0.0,0.0
MHLXMIRU,MHLXMIRUEQN,188.77,195.0,195.0,6.23,3.3,60,11700,244.65,105.53
SIGIND,SIGINDEQN,66.32,68.5,68.5,2.18,3.29,1005,68842,74.95,40.66
TECILCHEM,TECILCHEMEQN,8.59,8.87,8.87,0.28,3.26,63,558,22.87,8.15
PANORAMA,PANORAMAEQN,47.46,49.0,49.0,1.54,3.24,750,36750,0.0,0.0
SHRENIK,SHRENIKBZN,0.31,0.32,0.32,0.01,3.23,10630,3401,0.65,0.31
NAGREEKCAP,NAGREEKCAPEQN,23.84,24.6,24.6,0.76,3.19,2,49,42.75,19.3
VARDMNPOLY,VARDMNPOLYEQN,6.3,6.5,6.5,0.2,3.17,255,1657,10.56,5.1
CONSOFINVT,CONSOFINVTBEN,270.0,278.55,278.55,8.55,3.17,100,27855,320.0,152.0
QUINT,QUINTEQN,37.56,38.75,38.75,1.19,3.17,269,10423,47.69,33.45
ORIENTCER,ORIENTCEREQN,43.38,44.75,44.75,1.37,3.16,2301,102969,56.64,34.0
SUNDRMBRAK,SUNDRMBRAKBEN,881.05,908.3,908.3,27.25,3.09,63,57222,881.05,460.0
AAREYDRUGS,AAREYDRUGSEQN,83.87,86.46,86.46,2.59,3.09,1,86,100.0,50.31
FLYSBS,FLYSBSSMN,441.45,455.0,455.0,13.55,3.07,1000,455000,790.0,355.25
SRD,SRDEQN,40.5,41.74,41.74,1.24,3.06,800,33392,91.0,36.0
VSTTILLERS,VSTTILLERSEQN,4511.6,4649.7,4649.7,138.1,3.06,238,1106628,6374.0,4275.0
JITFINFRA,JITFINFRAEQN,314.4,324.0,324.0,9.6,3.05,224,72576,478.0,222.35
MAANALU,MAANALUEQN,120.15,123.8,123.8,3.65,3.04,2,247,184.74,100.0
JHS,JHSEQN,8.95,9.22,9.22,0.27,3.02,20,184,13.9,6.26
HILINFRA,HILINFRAEQN,44.4,45.73,45.73,1.33,3.0,195,8917,131.4,40.6
SEKURITIND,SEKURITINDEQN,118.95,122.5,122.5,3.55,2.98,1,122,0.0,0.0
PARASPETRO,PARASPETROEQN,2.36,2.43,2.43,0.07,2.97,1118,2716,3.23,1.53
ELPROINTL,ELPROINTLEQN,174.85,180.0,180.0,5.15,2.95,2018,363240,180.89,86.0
WAAREEINDO,WAAREEINDOEQN,297.25,306.0,306.0,8.75,2.94,1684,515304,725.0,282.8
IL&FSTRANS,IL&FSTRANSBZN,2.07,2.13,2.13,0.06,2.9,67,142,3.46,1.75
SUNDARAM,SUNDARAMEQN,1.04,1.07,1.07,0.03,2.88,3648,3903,2.38,1.03
LAL,LALEQN,8.8,9.05,9.05,0.25,2.84,202,1828,12.77,5.56
LIBAS,LIBASEQN,9.72,9.99,9.99,0.27,2.78,1,9,14.3,9.02
BLBLIMITED,BLBLIMITEDEQN,15.96,16.4,16.4,0.44,2.76,101,1656,22.47,12.0
MBLINFRA,MBLINFRAEQN,24.61,25.29,25.29,0.68,2.76,10,252,52.48,18.37
SUNLITE,SUNLITESMN,464.25,477.0,477.0,12.75,2.75,300,143100,583.55,148.95
CEINSYS,CEINSYSEQN,817.7,840.0,840.0,22.3,2.73,1254,1053360,1249.9,736.35
ZOTA,ZOTAEQN,1131.3,1162.0,1162.0,30.7,2.71,1256,1459472,1740.0,1026.2
CHANDAN,CHANDANSMN,248.0,254.7,254.7,6.7,2.7,2400,611280,358.0,185.4
NDLVENTURE,NDLVENTUREEQN,127.46,130.9,130.9,3.44,2.7,1,130,140.0,80.0
HALDER,HALDEREQN,301.9,309.99,309.99,8.09,2.68,136,42158,308.05,210.0
BIRLAPREC,BIRLAPRECEQN,35.92,36.88,36.88,0.96,2.67,21,774,49.99,32.25
KHADIM,KHADIMBEN,98.59,101.2,101.2,2.61,2.65,61,6173,295.8,77.47
SURAJEST,SURAJESTEQN,214.32,220.0,220.0,5.68,2.65,3625,797500,349.35,171.3
KOTHARIPRO,KOTHARIPROEQN,68.98,70.8,70.8,1.82,2.64,5,354,109.0,58.0
RIR,RIREQN,165.36,169.69,169.69,4.33,2.62,107,18156,185.99,154.3
MICEL,MICELBEN,36.55,37.5,37.5,0.95,2.6,3271,122662,82.97,29.97
RMC,RMCEQN,267.0,273.9,273.9,6.9,2.58,328,89839,530.0,245.4
INDSWFTLAB,INDSWFTLABEQN,304.18,312.0,312.0,7.82,2.57,23502,7332624,320.5,87.15
RILINFRA,RILINFRASMN,37.0,37.95,37.95,0.95,2.57,200,7590,47.5,27.6
FEL,FELBZN,0.39,0.4,0.4,0.01,2.56,2142,856,0.65,0.34
GVPTECH,GVPTECHEQN,7.07,7.25,7.25,0.18,2.55,2866,20778,11.19,5.22
SETL,SETLEQN,298.4,306.0,306.0,7.6,2.55,5118,1566108,307.0,104.56
PRITIKAUTO,PRITIKAUTOBEN,17.3,17.74,17.74,0.44,2.54,4,70,20.99,10.41
SUKHJITS,SUKHJITSEQN,159.78,163.78,163.78,4.0,2.5,10,1637,231.1,137.3
SYSTMTXC,SYSTMTXCBEN,59.71,61.2,61.2,1.49,2.5,1,61,177.9,51.89
SIGACHI,SIGACHIEQN,27.28,27.95,27.95,0.67,2.46,15911,444712,46.73,16.65
SAKHTISUG,SAKHTISUGEQN,17.05,17.47,17.47,0.42,2.46,967,16893,24.75,13.52
SAHYADRI,SAHYADRIEQN,360.1,368.95,368.95,8.85,2.46,55,20292,379.0,200.1
JMA,JMAEQN,87.84,89.99,89.99,2.15,2.45,310,27896,98.0,70.25
VEEDOL,VEEDOLEQN,1512.9,1550.0,1550.0,37.1,2.45,502,778100,2035.0,1238.2
JINDALPOLY,JINDALPOLYEQN,636.3,651.85,651.85,15.55,2.44,84,54755,1026.45,365.0
SWANDEF,SWANDEFBEN,2421.0,2480.0,2480.0,59.0,2.44,9,22320,2750.0,372.0
AKSHAR,AKSHAREQN,0.41,0.42,0.42,0.01,2.44,59312,24911,0.76,0.36
MBEL,MBELEQN,270.4,277.0,277.0,6.6,2.44,4569,1265613,535.9,223.05
BILVYAPAR,BILVYAPARBEN,4.14,4.24,4.24,0.1,2.42,107,453,14.7,3.8
IMPAL,IMPALEQN,1068.3,1094.0,1094.0,25.7,2.41,10,10940,1238.9,928.0
UMESLTD,UMESLTDEQN,5.82,5.96,5.96,0.14,2.41,1,5,7.14,3.88
NURECA,NURECABEN,346.3,354.6,354.6,8.3,2.4,7,2482,358.0,204.0
IZMO,IZMOEQN,939.45,962.0,962.0,22.55,2.4,1286,1237132,1374.7,372.3
SBCL,SBCLEQN,1040.1,1064.9,1064.9,24.8,2.38,3267,3479028,1105.05,368.6
OBSCP,OBSCPSMN,852.0,872.0,872.0,20.0,2.35,400,348800,921.0,269.95
JAIBALAJI,JAIBALAJIEQN,70.6,72.25,72.25,1.65,2.34,3149,227515,109.72,53.65
VIVIANA,VIVIANABEN,700.75,717.0,717.0,16.25,2.32,703,504051,1162.5,565.0
RADAAN,RADAANEQN,3.06,3.13,3.13,0.07,2.29,5,15,3.99,2.35
ZEEMEDIA,ZEEMEDIAEQN,9.63,9.85,9.85,0.22,2.28,512961,5052665,13.26,6.65
EQUIPPP,EQUIPPPBEN,21.5,21.99,21.99,0.49,2.28,30,659,25.89,13.85
KUANTUM,KUANTUMEQN,80.66,82.49,82.49,1.83,2.27,1006,82984,122.09,65.01
KOKUYOCMLN,KOKUYOCMLNEQN,81.54,83.39,83.39,1.85,2.27,5,416,128.0,71.05
ANAWIL,ANAWILSTN,420.45,429.95,429.95,9.5,2.26,2800,1203860,420.45,313.2
KRIDHANINF,KRIDHANINFBEN,2.22,2.27,2.27,0.05,2.25,10,22,4.78,1.81
JGCHEM,JGCHEMEQN,606.15,619.7,619.7,13.55,2.24,4164,2580430,654.0,298.4
JISLDVREQS,JISLDVREQSEQN,21.02,21.49,21.49,0.47,2.24,90,1934,35.48,18.5
AIMTRON,AIMTRONSMN,1731.15,1769.8,1769.8,38.65,2.23,1000,1769800,1740.0,632.6
ESSARSHPNG,ESSARSHPNGEQN,17.49,17.88,17.88,0.39,2.23,6528,116720,43.26,17.24
AVTNPL,AVTNPLEQN,81.25,83.05,83.05,1.8,2.22,37517,3115786,82.86,53.5
ENTERO,ENTEROEQN,1416.6,1448.0,1448.0,31.4,2.22,2193,3175464,1467.8,944.0
CAPTRUST,CAPTRUSTBEN,21.23,21.7,21.7,0.47,2.21,50,1085,35.56,10.98
MANORAMA,MANORAMAEQN,1737.1,1775.0,1775.0,37.9,2.18,4302,7636050,1868.0,1060.6
AKI,AKIEQN,4.15,4.24,4.24,0.09,2.17,2152,9124,10.48,3.8
BGRENERGY,BGRENERGYBEN,257.45,263.0,263.0,5.55,2.16,126,33138,490.8,109.33
SUBEXLTD,SUBEXLTDEQN,13.88,14.18,14.18,0.3,2.16,16115,228510,14.58,6.61
EDUCOMP,EDUCOMPBZN,0.93,0.95,0.95,0.02,2.15,1,0,1.83,0.85
WELSPLSOL,WELSPLSOLEQN,47.96,48.99,48.99,1.03,2.15,1053,51586,63.25,36.0
ALICON,ALICONEQN,719.6,735.0,735.0,15.4,2.14,340,249900,1022.0,580.0
TARMAT,TARMATEQN,58.7,59.95,59.95,1.25,2.13,205,12289,73.9,46.26
XELPMOC,XELPMOCEQN,82.25,84.0,84.0,1.75,2.13,2,168,155.5,76.0
MERCURYEV,MERCURYEVEQN,36.08,36.85,36.85,0.77,2.13,3600,132660,38.49,30.16
MBAPL,MBAPLEQN,168.46,172.0,172.0,3.54,2.1,11276,1939472,170.94,74.63
KOHINOOR,KOHINOOREQN,27.72,28.3,28.3,0.58,2.09,13521,382644,35.83,19.2
ALANKIT,ALANKITEQN,8.29,8.46,8.46,0.17,2.05,2395,20261,15.04,6.8
WEL,WELEQN,145.05,148.0,148.0,2.95,2.03,7189,1063972,183.53,75.01
ISGEC,ISGECEQN,732.15,747.0,747.0,14.85,2.03,555,414585,1113.9,683.95
AEPL,AEPLEQN,15.3,15.61,15.61,0.31,2.03,7,109,20.25,13.25
LASA,LASAEQN,7.41,7.56,7.56,0.15,2.02,1111,8399,14.08,5.67
COUNCODOS,COUNCODOSBEN,6.45,6.58,6.58,0.13,2.02,155,1019,8.89,3.71
NAVKARURB,NAVKARURBBEN,0.99,1.01,1.01,0.02,2.02,16873,17041,2.93,0.7
CEMPRO,CEMPROEQN,1298.8,1325.0,1325.0,26.2,2.02,1930,2557250,1649.2,503.3
COFFEEDAY,COFFEEDAYBEN,28.82,29.4,29.4,0.58,2.01,1230,36162,51.46,21.0
PREMIERPOL,PREMIERPOLEQN,73.55,75.02,75.02,1.47,2.0,3359,251992,85.45,38.0
RADIANTCMS,RADIANTCMSEQN,36.08,36.8,36.8,0.72,2.0,5319,195739,62.3,32.33
IL&FSENGG,IL&FSENGGBZN,36.73,37.46,37.46,0.73,1.99,1,37,37.3,21.0
SHIVAMILLS,SHIVAMILLSEQN,62.2,63.44,63.44,1.24,1.99,10,634,77.01,43.01
HAPPYFORGE,HAPPYFORGEEQN,2089.6,2131.2,2131.2,41.6,1.99,838,1785945,2105.0,862.05
AGSTRA,AGSTRABZN,2.01,2.05,2.05,0.04,1.99,3236,6633,6.19,1.97
SAGARDEEP,SAGARDEEPEQN,23.71,24.18,24.18,0.47,1.98,11,265,31.48,20.81
BEARDSELL,BEARDSELLEQN,24.72,25.21,25.21,0.49,1.98,8,201,38.6,20.02
SAMPANN,SAMPANNEQN,26.28,26.8,26.8,0.52,1.98,31,830,43.44,23.75
MADHAVIPL,MADHAVIPLEQN,7.07,7.21,7.21,0.14,1.98,5226,37679,9.9,6.95
TCIFINANCE,TCIFINANCEBEN,15.2,15.5,15.5,0.3,1.97,1265,19607,38.46,10.0
ENIL,ENILEQN,101.01,103.0,103.0,1.99,1.97,10,1030,174.58,98.57
IMPEXFERRO,IMPEXFERROBZN,3.57,3.64,3.64,0.07,1.96,13,47,3.57,1.3
ASHOKAMET,ASHOKAMETEQN,13.78,14.05,14.05,0.27,1.96,470,6603,21.0,12.13
RELIABLE,RELIABLEEQN,139.86,142.6,142.6,2.74,1.96,105,14973,175.0,80.0
BALAJEE,BALAJEEEQN,27.71,28.25,28.25,0.54,1.95,155,4378,59.9,21.1
SINDHUTRAD,SINDHUTRADEQN,23.64,24.1,24.1,0.46,1.95,3370,81217,32.74,17.64
LATTEYS,LATTEYSEQN,20.59,20.99,20.99,0.4,1.94,8774,184166,37.0,15.79
NATHBIOGEN,NATHBIOGENEQN,155.06,158.0,158.0,2.94,1.9,2,316,204.0,126.15
MUKKA,MUKKAEQN,26.5,27.0,27.0,0.5,1.89,8987,242649,31.23,18.27
FLEXITUFF,FLEXITUFFBEN,3.19,3.25,3.25,0.06,1.88,77,250,29.49,3.15
KAMDHENU,KAMDHENUBEN,34.75,35.4,35.4,0.65,1.87,2166,76676,37.06,16.15
SHREERAMA,SHREERAMAEQN,43.8,44.62,44.62,0.82,1.87,3077,137295,71.99,37.62
SICAGEN,SICAGENEQN,58.8,59.9,59.9,1.1,1.87,286,17131,74.06,46.55
HMAAGRO,HMAAGROEQN,24.24,24.69,24.69,0.45,1.86,25117,620138,34.24,20.0
ACL,ACLEQN,46.14,47.0,47.0,0.86,1.86,100,4700,109.99,40.5
PRUDENT,PRUDENTEQN,3257.1,3317.6,3317.6,60.5,1.86,67,222279,3434.0,2121.0
AMBER,AMBEREQN,7222.0,7355.5,7355.5,133.5,1.85,4665,34313407,8974.0,5400.5
VIVIDHA,VIVIDHAEQN,0.54,0.55,0.55,0.01,1.85,2426,1334,0.91,0.43
UMAEXPORTS,UMAEXPORTSBEN,21.59,21.99,21.99,0.4,1.85,217,4771,57.81,18.12
FRONTSP,FRONTSPEQN,1330.3,1354.9,1354.9,24.6,1.85,347,470150,1869.0,1256.1
VIVIMEDLAB,VIVIMEDLABBEN,4.91,5.0,5.0,0.09,1.83,373,1865,29.4,4.75
ACSTECH,ACSTECHEQN,49.98,50.89,50.89,0.91,1.82,1961,99795,53.56,31.71
BALUFORGE,BALUFORGEEQN,493.75,502.7,502.7,8.95,1.81,20615,10363160,697.0,341.05
UNIVASTU,UNIVASTUBEN,160.69,163.6,163.6,2.91,1.81,1433,234438,160.69,56.02
DEVX,DEVXEQN,32.85,33.44,33.44,0.59,1.8,500,16720,64.05,29.95
HBSL,HBSLEQN,57.96,59.0,59.0,1.04,1.79,2,118,108.8,42.63
SUPREMEPWR,SUPREMEPWRSMN,184.7,188.0,188.0,3.3,1.79,500,94000,291.35,130.55
ONIDA,ONIDAEQN,35.79,36.43,36.43,0.64,1.79,1614,58798,49.23,21.5
PRAKASHSTL,PRAKASHSTLEQN,3.94,4.01,4.01,0.07,1.78,227,910,6.57,3.84
SUMIT,SUMITEQN,51.06,51.97,51.97,0.91,1.78,200,10394,104.9,31.74
BANSWRAS,BANSWRASEQN,116.03,118.1,118.1,2.07,1.78,108,12754,144.0,93.73
VIKRAMSOLR,VIKRAMSOLREQN,160.15,163.0,163.0,2.85,1.78,9478,1544914,407.95,155.38
TNTELE,TNTELEEQN,9.04,9.2,9.2,0.16,1.77,45,414,17.9,7.81
IGIL,IGILEQN,345.9,352.0,352.0,6.1,1.76,10906,3838912,392.0,287.0
SURANAT&P,SURANAT&PEQN,16.55,16.84,16.84,0.29,1.75,480,8083,29.27,15.5
INDIANCARD,INDIANCARDEQN,223.09,227.0,227.0,3.91,1.75,2,454,303.05,153.0
RVHL,RVHLEQN,43.47,44.22,44.22,0.75,1.73,300,13266,71.36,28.5
ATLANTAELE,ATLANTAELEEQN,1680.8,1709.8,1709.8,29.0,1.73,306,523198,2152.6,707.6
KENNAMET,KENNAMETEQN,3513.3,3574.0,3574.0,60.7,1.73,84,300216,3775.0,2405.2
EXPLEOSOL,EXPLEOSOLEQN,815.95,830.0,830.0,14.05,1.72,898,745340,1175.1,640.0
SPENCERS,SPENCERSEQN,30.77,31.3,31.3,0.53,1.72,1,31,64.0,24.38
TRU,TRUEQN,4.08,4.15,4.15,0.07,1.72,1177,4884,13.82,4.0
SEYAIND,SEYAINDBEN,12.29,12.5,12.5,0.21,1.71,15,187,23.99,8.54
GENUSPAPER,GENUSPAPEREQN,11.09,11.28,11.28,0.19,1.71,52,586,19.78,8.67
PASUPTAC,PASUPTACBEN,58.97,59.97,59.97,1.0,1.7,200,11994,78.95,40.1
ASMS,ASMSBEN,7.05,7.17,7.17,0.12,1.7,258,1849,17.6,6.9
ANUHPHR,ANUHPHREQN,76.21,77.5,77.5,1.29,1.69,1,77,94.89,67.0
MANAKSIA,MANAKSIAEQN,59.0,59.99,59.99,0.99,1.68,101,6058,73.99,42.1
GOPAL,GOPALEQN,272.15,276.7,276.7,4.55,1.67,645,178471,398.0,247.55
KIRLPNU,KIRLPNUEQN,1524.7,1550.0,1550.0,25.3,1.66,1094,1695700,2197.1,990.1
ALKALI,ALKALIBEN,66.87,67.98,67.98,1.11,1.66,60,4078,107.38,46.8
BLUECHIP,BLUECHIPEQN,1.81,1.84,1.84,0.03,1.66,106,195,4.6,1.65
AXITA,AXITAEQN,7.27,7.39,7.39,0.12,1.65,6067,44835,12.2,6.57
LEMERITE,LEMERITEEQN,23.17,23.55,23.55,0.38,1.64,10,235,107.57,19.52
JINDALPHOT,JINDALPHOTEQN,1057.7,1075.0,1075.0,17.3,1.64,110,118250,1616.6,796.0
INDGN,INDGNEQN,555.8,564.9,564.9,9.1,1.64,858,484684,596.8,414.0
CALSOFT,CALSOFTEQN,24.6,25.0,25.0,0.4,1.63,152502,3812550,27.83,10.9
WHEELS,WHEELSEQN,1435.6,1458.8,1458.8,23.2,1.62,771,1124734,1808.0,705.85
WEWORK,WEWORKEQN,708.5,720.0,720.0,11.5,1.62,776,558720,794.5,420.0
PAR,PAREQN,102.25,103.9,103.9,1.65,1.61,40,4156,122.43,78.05
GMMPFAUDLR,GMMPFAUDLREQN,1048.25,1065.0,1065.0,16.75,1.6,4110,4377150,1310.0,735.0
SONAMLTD,SONAMLTDEQN,55.38,56.26,56.26,0.88,1.59,13,731,63.0,37.4
STLNETWORK,STLNETWORKEQN,25.78,26.19,26.19,0.41,1.59,21400,560466,35.4,15.75
EMAMIPAP,EMAMIPAPBEN,109.16,110.9,110.9,1.74,1.59,8,887,133.7,55.0
HARSHA,HARSHAEQN,412.25,418.75,418.75,6.5,1.58,875,366406,469.0,313.3
INDBANK,INDBANKEQN,32.49,33.0,33.0,0.51,1.57,1,33,47.15,28.25
UNIVPHOTO,UNIVPHOTOBEN,472.6,480.0,480.0,7.4,1.57,33,15840,515.8,180.6
ELITECON,ELITECONEQN,17.17,17.44,17.44,0.27,1.57,2904,50645,46.4,15.3
ATLANTAA,ATLANTAAEQN,40.02,40.64,40.64,0.62,1.55,103,4185,73.39,29.41
SYNCOMF,SYNCOMFEQN,14.92,15.15,15.15,0.23,1.54,20719,313892,18.7,10.21
INNOVACAP,INNOVACAPEQN,1036.0,1052.0,1052.0,16.0,1.54,204,214608,1120.0,622.0
VISHAL,VISHALEQN,22.05,18.45,18.45,0.28,1.54,9,166,0.0,0.0
MONEYBOXX,MONEYBOXXEQN,58.49,59.39,59.39,0.9,1.54,2,118,91.5,44.02
PLASTIBLEN,PLASTIBLENEQN,199.17,199.17,199.17,3.0,1.53,2211,440364,216.29,121.01
SHAHALLOYS,SHAHALLOYSEQN,72.11,73.2,73.2,1.09,1.51,40,2928,83.85,53.1
VSSL,VSSLEQN,353.35,358.65,358.65,5.3,1.5,4221,1513861,356.0,206.4
DVL,DVLEQN,266.99,271.0,271.0,4.01,1.5,30,8130,380.6,186.99
IRISDOREME,IRISDOREMEEQN,57.93,58.8,58.8,0.87,1.5,4159,244549,58.65,26.35
JLHL,JLHLEQN,315.75,320.5,320.5,4.75,1.5,691,221465,340.0,235.6
ARIHANT,ARIHANTEQN,1048.5,1064.2,1064.2,15.7,1.5,81,86200,1225.0,715.1
MONTECARLO,MONTECARLOEQN,508.4,516.0,516.0,7.6,1.49,1004,518064,860.95,464.0
REPRO,REPROEQN,324.75,329.6,329.6,4.85,1.49,170,56032,590.0,307.05
KOLTEPATIL,KOLTEPATILEQN,477.7,484.8,484.8,7.1,1.49,2055,996264,554.6,292.25
LPDC,LPDCEQN,8.12,8.24,8.24,0.12,1.48,9230,76055,9.46,5.23
UNIMECH,UNIMECHEQN,1522.6,1545.0,1545.0,22.4,1.47,5884,9090780,1555.0,695.0
NIRMAN,NIRMANSMN,30.6,31.05,31.05,0.45,1.47,300,9315,231.0,30.0
RAJTV,RAJTVEQN,10.22,10.37,10.37,0.15,1.47,1,10,46.9,9.93
MPSLTD,MPSLTDEQN,2808.7,2849.9,2849.9,41.2,1.47,169,481633,2979.0,1336.1
IRMENERGY,IRMENERGYEQN,294.15,298.45,298.45,4.3,1.46,1263,376942,393.0,165.4
NILASPACES,NILASPACESEQN,12.31,12.49,12.49,0.18,1.46,1752,21882,20.47,11.35
GOLDIAM,GOLDIAMEQN,365.65,371.0,371.0,5.35,1.46,10565,3919615,398.2,198.75
TVTODAY,TVTODAYEQN,112.42,114.05,114.05,1.63,1.45,252,28740,156.48,93.5
APS,APSSMN,244.95,248.5,248.5,3.55,1.45,500,124250,543.95,235.0
HATSUN,HATSUNEQN,980.8,995.0,995.0,14.2,1.45,310,308450,1179.0,855.3
COSMOFIRST,COSMOFIRSTEQN,938.35,952.0,952.0,13.65,1.45,262,249424,1129.5,560.8
ARDEE,ARDEEEQN,59.15,60.0,60.0,0.85,1.44,86774,5206440,73.19,58.61
DPABHUSHAN,DPABHUSHANEQN,1429.3,1449.9,1449.9,20.6,1.44,501,726399,1719.9,866.1
WALCHANNAG,WALCHANNAGEQN,224.8,228.0,228.0,3.2,1.42,8972,2045616,315.8,131.15
PATANJALI,PATANJALIEQN,352.0,357.0,357.0,5.0,1.42,128528,45884496,615.0,328.2
BHADORA,BHADORASTN,105.4,106.9,106.9,1.5,1.42,1200,128280,128.85,49.5
RMDRIP,RMDRIPBEN,17.65,17.9,17.9,0.25,1.42,314,5620,72.22,14.81
COMSYN,COMSYNEQN,288.33,292.4,292.4,4.07,1.41,721,210820,290.39,133.0
PTCIL,PTCILEQN,19050.0,19319.0,19319.0,269.0,1.41,634,12248246,19851.0,13251.0
KHANDSE,KHANDSEEQN,17.7,17.95,17.95,0.25,1.41,109,1956,26.88,12.2
GSLSU,GSLSUEQN,32.11,32.56,32.56,0.45,1.4,975,31746,139.67,23.06
KANORICHEM,KANORICHEMBEN,152.29,154.4,154.4,2.11,1.39,24,3705,164.6,56.0
NARMADA,NARMADAEQN,15.19,15.4,15.4,0.21,1.38,4026,62000,22.59,9.95
MAXIND,MAXINDEQN,151.13,153.21,153.21,2.08,1.38,643,98514,241.57,120.0
RSL,RSLEQN,165.42,167.7,167.7,2.28,1.38,1533,257084,171.99,101.7
BATLIBOI,BATLIBOIEQN,89.56,90.8,90.8,1.24,1.38,337,30599,106.5,71.21
ORCHASP,ORCHASPEQN,1.46,1.48,1.48,0.02,1.37,450,666,4.16,1.41
VINDHYATEL,VINDHYATELEQN,2401.6,2434.6,2434.6,33.0,1.37,249,606215,2600.0,963.9
JAYKAY,JAYKAYEQN,155.87,158.0,158.0,2.13,1.37,4700,742600,219.7,115.52
HCG,HCGEQN,714.3,724.0,724.0,9.7,1.36,98,70952,796.68,513.3
DOLPHIN,DOLPHINEQN,508.1,515.0,515.0,6.9,1.36,408,210120,538.8,322.0
NRAIL,NRAILEQN,523.95,531.0,531.0,7.05,1.35,99,52569,574.0,333.0
TAKE,TAKEEQN,23.76,24.08,24.08,0.32,1.35,2876,69254,50.14,9.54
VHL,VHLEQN,3439.0,3485.0,3485.0,46.0,1.34,1,3485,4275.0,2870.0
RNBDENIMS,RNBDENIMSEQN,8.93,9.05,9.05,0.12,1.34,2788,25231,67.67,8.81
WABAG,WABAGEQN,1904.6,1930.0,1930.0,25.4,1.33,1115,2151950,2253.5,1033.0
SHREYANIND,SHREYANINDEQN,130.27,132.0,132.0,1.73,1.33,21,2772,247.22,122.0
XTRANET,XTRANETEQN,172.5,174.8,174.8,2.3,1.33,5846,1021880,176.78,122.5
PALASHSECU,PALASHSECUEQN,90.8,92.0,92.0,1.2,1.32,1,92,134.8,79.01
SHREEJISPG,SHREEJISPGEQN,653.4,662.0,662.0,8.6,1.32,107,70834,681.55,222.0
JUNIPER,JUNIPEREQN,192.98,195.5,195.5,2.52,1.31,1187,232058,312.5,188.5
SUDEEPPHRM,SUDEEPPHRMEQN,1105.55,1120.0,1120.0,14.45,1.31,1305,1461600,1158.6,524.05
LATENTVIEW,LATENTVIEWEQN,285.2,288.9,288.9,3.7,1.3,1196,345524,517.5,248.0
BALRAMCHIN,BALRAMCHINEQN,624.85,633.0,633.0,8.15,1.3,4070,2576310,665.5,393.55
AWFIS,AWFISEQN,266.55,270.0,270.0,3.45,1.29,3059,825930,639.4,229.05
MARKSANS,MARKSANSEQN,333.0,337.3,337.3,4.3,1.29,80395,27117233,336.6,155.0
HMT,HMTBZN,58.74,59.5,59.5,0.76,1.29,129,7675,72.95,41.0
DCMSRIND,DCMSRINDEQN,42.24,42.78,42.78,0.54,1.28,3393,145152,181.9,31.9
MANINDS,MANINDSEQN,599.45,607.15,607.15,7.7,1.28,3754,2279241,638.7,302.05
SESHAPAPER,SESHAPAPEREQN,232.04,234.99,234.99,2.95,1.27,500,117495,293.11,209.96
SHANTIGEAR,SHANTIGEAREQN,397.45,402.45,402.45,5.0,1.26,317,127576,598.9,388.45
KIRLFER,KIRLFEREQN,432.3,437.75,437.75,5.45,1.26,270,118192,513.0,408.0
SPARC,SPARCEQN,197.98,200.45,200.45,2.47,1.25,3446,690750,289.0,108.0
AIIL,AIILEQN,564.9,571.95,571.95,7.05,1.25,535,305993,683.0,400.0
BYKE,BYKEBEN,31.2,31.59,31.59,0.39,1.25,19,600,76.73,26.25
HEMIPROP,HEMIPROPEQN,132.34,134.0,134.0,1.66,1.25,2395,320930,190.69,111.2
NAVA,NAVAEQN,572.65,579.8,579.8,7.15,1.25,1348,781570,739.4,501.65
GUJENERGY,GUJENERGYEQN,282.95,286.5,286.5,3.55,1.25,8485,2430952,452.0,261.25
SPAL,SPALEQN,937.3,948.95,948.95,11.65,1.24,82,77813,1221.9,600.0
BRIGHOTEL,BRIGHOTELEQN,59.66,60.4,60.4,0.74,1.24,1345,81238,91.77,54.36
RAMBHAJO,RAMBHAJOEQN,177.79,180.0,180.0,2.21,1.24,1206,217080,222.0,161.6
ACCURACY,ACCURACYBEN,4.83,4.89,4.89,0.06,1.24,1602,7833,7.88,3.4
GOCLCORP,GOCLCORPEQN,397.1,402.0,402.0,4.9,1.23,1016,408432,459.9,223.35
SHANTIGOLD,SHANTIGOLDEQN,247.66,250.7,250.7,3.04,1.23,12945,3245311,274.1,155.0
TERASOFT,TERASOFTEQN,345.65,349.9,349.9,4.25,1.23,76,26592,598.0,283.35
HITECHCORP,HITECHCORPBEN,332.3,336.4,336.4,4.1,1.23,36,12110,335.0,112.0
RCOM,RCOMBEN,0.81,0.82,0.82,0.01,1.23,130629,107115,1.9,0.75
KRISHANA,KRISHANAEQN,190.68,193.0,193.0,2.32,1.22,4303,830479,193.9,86.2
RUSHIL,RUSHILEQN,17.21,17.42,17.42,0.21,1.22,2001,34857,33.99,12.49
A2ZINFRA,A2ZINFRAEQN,14.72,14.9,14.9,0.18,1.22,220,3278,22.64,12.0
BCG,BCGEQN,9.93,10.05,10.05,0.12,1.21,120548,1211507,17.7,7.7
MIDWESTLTD,MIDWESTLTDEQN,1125.7,1139.3,1139.3,13.6,1.21,39,44432,1859.9,1048.5
PNGJL,PNGJLEQN,610.7,618.05,618.05,7.35,1.2,297,183560,736.4,503.0
MOL,MOLEQN,63.23,63.99,63.99,0.76,1.2,65802,4210669,88.88,36.5
SELMC,SELMCEQN,27.6,27.93,27.93,0.33,1.2,69,1927,43.36,26.0
VISAKAIND,VISAKAINDEQN,95.46,96.6,96.6,1.14,1.19,1033,99787,104.41,50.2
KNAGRI,KNAGRIEQN,225.91,228.6,228.6,2.69,1.19,201,45948,248.55,148.3
NRBBEARING,NRBBEARINGEQN,458.9,464.3,464.3,5.4,1.18,1632,757737,483.0,212.55
AZAD,AZADEQN,2717.8,2750.0,2750.0,32.2,1.18,3597,9891750,2735.0,1360.0
TIIL,TIILEQN,3088.7,3125.0,3125.0,36.3,1.18,720,2250000,3299.9,1868.5
CLAYCRAFT,CLAYCRAFTSMN,161.6,163.5,163.5,1.9,1.18,600,98100,224.0,149.0
NIPPOBATRY,NIPPOBATRYEQN,330.15,334.0,334.0,3.85,1.17,4,1336,505.9,257.0
SARVESHWAR,SARVESHWAREQN,3.46,3.5,3.5,0.04,1.16,13945,48807,8.48,2.5
TIJARIA,TIJARIAEQN,6.03,6.1,6.1,0.07,1.16,184,1122,8.13,3.55
MUFTI,MUFTIEQN,78.2,79.1,79.1,0.9,1.15,206,16294,130.7,63.06
INDOAMIN,INDOAMINBEN,130.0,131.49,131.49,1.49,1.15,165,21695,167.9,81.9
INDOTECH,INDOTECHEQN,3558.1,3598.7,3598.7,40.6,1.14,4,14394,3976.8,1100.0
DMCC,DMCCEQN,294.15,297.5,297.5,3.35,1.14,69,20527,349.05,191.35
INDIGOPNTS,INDIGOPNTSEQN,1148.7,1161.7,1161.7,13.0,1.13,1832,2128234,1345.9,708.05
KIRLOSBROS,KIRLOSBROSEQN,1905.5,1927.0,1927.0,21.5,1.13,177,341079,2189.2,1335.0
ELLEN,ELLENEQN,332.6,336.35,336.35,3.75,1.13,3060,1029231,559.8,175.0
MANIPALHOS,MANIPALHOSEQN,706.95,714.95,714.95,8.0,1.13,4057,2900552,717.0,625.45
CNL,CNLEQN,1243.0,1257.0,1257.0,14.0,1.13,443,556851,1253.1,525.0
TGVSL,TGVSLEQN,106.3,107.49,107.49,1.19,1.12,10,1074,0.0,0.0
HINDCOPPER,HINDCOPPEREQN,529.05,535.0,535.0,5.95,1.12,49990,26744650,760.05,226.7
BAGFILMS,BAGFILMSEQN,4.52,4.57,4.57,0.05,1.11,6156,28132,8.0,3.61
KPIL,KPILEQN,1352.2,1367.2,1367.2,15.0,1.11,2504,3423468,1479.6,1007.1
BALKRISIND,BALKRISINDEQN,2363.6,2389.9,2389.9,26.3,1.11,1192,2848760,2775.0,1970.0
FEDFINA,FEDFINAEQN,150.87,152.54,152.54,1.67,1.11,4321,659125,178.48,119.07
ARIES,ARIESEQN,413.5,418.05,418.05,4.55,1.1,237,99077,459.9,285.35
REGAAL,REGAALEQN,86.0,86.95,86.95,0.95,1.1,2001,173986,145.7,57.27
CLEDUCATE,CLEDUCATEBEN,58.85,59.5,59.5,0.65,1.1,100,5950,120.8,35.48
BDL,BDLEQN,1398.0,1413.2,1413.2,15.2,1.09,25303,35758199,1654.0,1086.0
GOKEX,GOKEXEQN,783.65,792.2,792.2,8.55,1.09,1315,1041743,954.9,531.0
CHEMFAB,CHEMFABEQN,375.8,379.9,379.9,4.1,1.09,5,1899,764.0,290.35
FINEORG,FINEORGEQN,5143.8,5200.0,5200.0,56.2,1.09,187,972400,5407.0,3856.0
SEAMECLTD,SEAMECLTDEQN,1541.9,1558.5,1558.5,16.6,1.08,137,213514,1709.2,771.75
RAMCOCEM,RAMCOCEMEQN,907.2,917.0,917.0,9.8,1.08,133,121961,1214.5,838.3
CITIUSINVT,CITIUSINVTIVN,111.3,112.5,112.5,1.2,1.08,1396,157050,112.78,101.5
AVANCE,AVANCEEQN,0.93,0.94,0.94,0.01,1.08,600,564,0.0,0.0
ANANDRATHI,ANANDRATHIEQN,2174.7,2198.0,2198.0,23.3,1.07,1466,3222268,2230.0,1334.05
SGMART,SGMARTEQN,735.85,743.7,743.7,7.85,1.07,1467,1091007,757.4,313.1
DIVGIITTS,DIVGIITTSEQN,1301.05,1315.0,1315.0,13.95,1.07,955,1255825,1318.8,573.7
DISHTV,DISHTVEQN,2.82,2.85,2.85,0.03,1.06,5917,16863,5.99,1.82
PANSARI,PANSARIEQN,311.7,315.0,315.0,3.3,1.06,3,945,388.9,231.5
SJS,SJSEQN,2532.5,2559.1,2559.1,26.6,1.05,653,1671092,2590.0,1161.0
BHANDARI,BHANDARIEQN,2.86,2.89,2.89,0.03,1.05,960,2774,4.74,2.0
JNPR,JNPREQN,251.36,254.0,254.0,2.64,1.05,6958,1767332,264.72,232.11
NPST,NPSTEQN,1586.2,1602.7,1602.7,16.5,1.04,4,6410,2388.3,846.6
SCPL,SCPLEQN,653.05,659.85,659.85,6.8,1.04,44,29033,688.95,190.03
NGLFINE,NGLFINEEQN,3454.0,3489.9,3489.9,35.9,1.04,22,76777,3602.0,1271.0
ALEMBICLTD,ALEMBICLTDEQN,86.85,87.75,87.75,0.9,1.04,2129,186819,109.91,70.46
AARTIPHARM,AARTIPHARMEQN,851.2,860.0,860.0,8.8,1.03,2332,2005520,946.1,585.0
AGIIL,AGIILEQN,301.9,305.0,305.0,3.1,1.03,8912,2718160,434.4,217.98
BRNL,BRNLEQN,17.42,17.6,17.6,0.18,1.03,2,35,26.5,16.66
ARCHIDPLY,ARCHIDPLYEQN,93.3,94.25,94.25,0.95,1.02,151,14231,113.0,60.0
RUCHINFRA,RUCHINFRAEQN,5.89,5.95,5.95,0.06,1.02,60,357,8.25,4.05
GULPOLY,GULPOLYEQN,188.08,190.0,190.0,1.92,1.02,704,133760,227.63,121.5
MMP,MMPEQN,337.5,340.9,340.9,3.4,1.01,72,24544,361.6,185.2
ATL,ATLEQN,23.7,23.94,23.94,0.24,1.01,486,11634,37.86,18.2
LAOPALA,LAOPALAEQN,192.51,194.45,194.45,1.94,1.01,1253,243645,266.4,162.1
SANGHVIMOV,SANGHVIMOVEQN,489.05,494.0,494.0,4.95,1.01,789,389766,528.0,223.8
ORIENTPPR,ORIENTPPREQN,16.88,17.05,17.05,0.17,1.01,32,545,30.89,13.25
KSHINTL,KSHINTLEQN,1028.6,1039.0,1039.0,10.4,1.01,1599,1661361,1059.9,330.0
UNITECH,UNITECHEQN,3.96,4.0,4.0,0.04,1.01,12505,50020,7.93,3.1
BFINVEST,BFINVESTEQN,463.45,468.15,468.15,4.7,1.01,847,396523,584.7,315.0
PDMJEPAPER,PDMJEPAPEREQN,88.08,88.96,88.96,0.88,1.0,75,6672,148.39,65.0
PASHUPATI,PASHUPATIEQN,84.65,85.5,85.5,0.85,1.0,341,29155,118.35,66.4
LGBBROSLTD,LGBBROSLTDEQN,1596.7,1612.5,1612.5,15.8,0.99,222,357975,2048.0,1222.1
MUFIN,MUFINEQN,135.54,136.88,136.88,1.34,0.99,4488,614317,139.99,82.99
SUPERHOUSE,SUPERHOUSEEQN,169.52,171.2,171.2,1.68,0.99,1,171,201.95,128.55
NAHARINDUS,NAHARINDUSEQN,122.04,123.25,123.25,1.21,0.99,20,2465,135.45,83.05
TALBROAUTO,TALBROAUTOEQN,419.5,423.65,423.65,4.15,0.99,1549,656233,451.6,219.9
RAMRAT,RAMRATEQN,475.05,479.75,479.75,4.7,0.99,317,152080,520.0,268.0
TOLINS,TOLINSEQN,96.7,97.66,97.66,0.96,0.99,85,8301,202.0,83.04
SHAH,SHAHEQN,4.1,4.14,4.14,0.04,0.98,2841,11761,5.82,3.07
INDUSINVIT,INDUSINVITIVN,133.2,134.5,134.5,1.3,0.98,1035,139207,138.0,110.56
SMLMAH,SMLMAHEQN,5134.5,5185.0,5185.0,50.5,0.98,94,487390,5987.9,2719.0
ELGIRUBCO,ELGIRUBCOEQN,58.33,58.9,58.9,0.57,0.98,135,7951,90.5,32.72
DCMNVL,DCMNVLEQN,179.27,181.0,181.0,1.73,0.97,5,905,181.63,95.6
EIMCOELECO,EIMCOELECOEQN,2005.5,2025.0,2025.0,19.5,0.97,270,546750,2380.0,1405.5
ASHIKAG,ASHIKAGBEN,443.2,447.5,447.5,4.3,0.97,15,6712,520.95,339.95
TTKHLTCARE,TTKHLTCAREEQN,1157.7,1168.9,1168.9,11.2,0.97,189,220922,1216.8,735.0
HUHTAMAKI,HUHTAMAKIEQN,277.05,279.75,279.75,2.7,0.97,511,142952,330.0,148.6
LANCORHOL,LANCORHOLEQN,28.88,29.16,29.16,0.28,0.97,6,174,33.8,18.12
CCL,CCLEQN,1133.4,1144.4,1144.4,11.0,0.97,655,749582,1242.2,815.5
SIGNPOST,SIGNPOSTEQN,267.4,270.0,270.0,2.6,0.97,148,39960,336.8,191.41
TAJGVK,TAJGVKEQN,341.65,344.95,344.95,3.3,0.97,420,144879,512.65,281.35
SPLPETRO,SPLPETROEQN,726.55,733.6,733.6,7.05,0.97,356,261161,979.0,462.3
CLEAN,CLEANEQN,821.5,829.4,829.4,7.9,0.96,564,467781,1256.8,652.0
CHAMBLFERT,CHAMBLFERTEQN,442.7,446.95,446.95,4.25,0.96,2847,1272466,580.7,399.75
TIMEX,TIMEXEQN,524.65,529.7,529.7,5.05,0.96,66,34960,618.0,312.0
INTENTECH,INTENTECHEQN,80.34,81.1,81.1,0.76,0.95,22,1784,149.9,66.3
GODREJAGRO,GODREJAGROEQN,580.5,586.0,586.0,5.5,0.95,1056,618816,782.0,506.1
JUBLINGREA,JUBLINGREAEQN,736.95,743.95,743.95,7.0,0.95,696,517789,795.0,537.3
THYROCARE,THYROCAREEQN,624.05,630.0,630.0,5.95,0.95,1122,706860,662.0,342.55
RHETAN,RHETANEQN,21.05,21.25,21.25,0.2,0.95,81486,1731577,34.87,20.32
VINNY,VINNYEQN,1.06,1.07,1.07,0.01,0.94,3379,3615,1.53,0.94
TRIVENI,TRIVENIEQN,266.42,268.93,268.93,2.51,0.94,2666,716967,490.1,220.05
SINGERIND,SINGERINDEQN,83.22,84.0,84.0,0.78,0.94,94,7896,91.3,57.15
SAIPARENT,SAIPARENTEQN,551.65,556.85,556.85,5.2,0.94,74,41206,706.0,400.0
BPL,BPLEQN,49.54,50.0,50.0,0.46,0.93,216,10800,91.28,37.61
KAPSTON,KAPSTONEQN,588.4,593.9,593.9,5.5,0.93,397,235778,600.0,158.13
ESAFSFB,ESAFSFBBEN,38.62,38.98,38.98,0.36,0.93,4614,179853,44.25,19.78
RELAXO,RELAXOEQN,396.25,399.95,399.95,3.7,0.93,958,383152,526.0,236.5
GUJRAFFIA,GUJRAFFIAEQN,43.22,43.62,43.62,0.4,0.93,20,872,88.0,35.1
GUJAPOLLO,GUJAPOLLOEQN,341.95,345.1,345.1,3.15,0.92,926,319562,556.0,300.5
ADROITINFO,ADROITINFOEQN,9.81,9.9,9.9,0.09,0.92,57,564,12.2,7.55
VIKASECO,VIKASECOEQN,1.09,1.1,1.1,0.01,0.92,27073,29780,2.24,0.99
SAMBHAAV,SAMBHAAVEQN,6.5,6.56,6.56,0.06,0.92,55,360,11.53,5.07
LENSKART,LENSKARTEQN,611.85,617.5,617.5,5.65,0.92,15556,9605830,626.95,356.1
ANNAPURNA,ANNAPURNAEQN,152.6,154.0,154.0,1.4,0.92,1,154,287.0,120.75
HNDFDS,HNDFDSEQN,591.4,596.8,596.8,5.4,0.91,402,239913,600.4,442.0
BLUESTONE,BLUESTONEEQN,845.25,852.9,852.9,7.65,0.91,8452,7208710,926.0,399.8
JINDWORLD,JINDWORLDEQN,35.26,35.58,35.58,0.32,0.91,6420,228423,42.4,17.85
CRIZAC,CRIZACEQN,179.32,180.95,180.95,1.63,0.91,439,79437,387.95,173.35
LINCOLN,LINCOLNEQN,613.4,618.9,618.9,5.5,0.9,229,141728,770.0,440.0
RAYMONDREL,RAYMONDRELEQN,577.8,583.0,583.0,5.2,0.9,640,373120,734.9,349.0
INGERRAND,INGERRANDEQN,4608.7,4650.0,4650.0,41.3,0.9,206,957900,4768.7,3063.3
HAPPSTMNDS,HAPPSTMNDSEQN,420.2,424.0,424.0,3.8,0.9,13960,5919040,635.0,330.2
SAHANA,SAHANASMN,788.0,795.0,795.0,7.0,0.89,450,357750,1074.17,570.83
ELIN,ELINEQN,101.55,102.45,102.45,0.9,0.89,1081,110748,234.0,93.65
GANESHBE,GANESHBEBEN,117.65,118.7,118.7,1.05,0.89,386,45818,129.99,68.4
SONACOMS,SONACOMSEQN,792.0,799.0,799.0,7.0,0.88,10504,8392696,836.9,402.3
TI,TIEQN,568.75,573.75,573.75,5.0,0.88,4941,2834898,583.75,381.55
UNIVCABLES,UNIVCABLESEQN,1644.4,1658.9,1658.9,14.5,0.88,250,414725,1774.9,576.0
SUMEETINDS,SUMEETINDSEQN,14.77,14.9,14.9,0.13,0.88,72293,1077165,35.67,13.65
GCSL,GCSLEQN,517.75,522.3,522.3,4.55,0.88,22,11490,542.8,213.15
REDTAPE,REDTAPEEQN,122.19,123.25,123.25,1.06,0.87,200,24650,163.5,107.53
SUPREMEIND,SUPREMEINDEQN,3558.9,3590.0,3590.0,31.1,0.87,1840,6605600,4664.9,3140.0
UNICHEMLAB,UNICHEMLABEQN,540.2,544.9,544.9,4.7,0.87,159,86639,687.2,278.2
KROSS,KROSSEQN,210.2,212.0,212.0,1.8,0.86,1462,309944,237.6,150.52
ABREL,ABRELEQN,1402.9,1414.9,1414.9,12.0,0.86,855,1209739,1965.3,1080.1
AAATECH,AAATECHEQN,92.18,92.97,92.97,0.79,0.86,52,4834,136.0,76.11
QPOWER,QPOWEREQN,1249.3,1260.0,1260.0,10.7,0.86,332,418320,1441.0,581.0
RKFORGE,RKFORGEEQN,732.6,738.85,738.85,6.25,0.85,2693,1989723,763.5,460.15
DALMIASUG,DALMIASUGEQN,422.4,426.0,426.0,3.6,0.85,2909,1239234,441.75,261.4
DELTACORP,DELTACORPEQN,60.54,60.55,60.55,0.51,0.85,6560,397208,98.8,48.3
ZENTEC,ZENTECEQN,1857.2,1873.0,1873.0,15.8,0.85,3988,7469524,2024.0,1223.0
TRUALT,TRUALTEQN,481.6,485.7,485.7,4.1,0.85,375,182137,549.0,310.2
PANACEABIO,PANACEABIOEQN,396.45,399.8,399.8,3.35,0.84,176,70364,647.0,292.4
MOREPENLAB,MOREPENLABEQN,84.19,84.9,84.9,0.71,0.84,160984,13667541,84.84,33.05
MAHASTEEL,MAHASTEELBEN,1066.0,1075.0,1075.0,9.0,0.84,106,113950,1103.7,327.25
HONASA,HONASAEQN,502.8,507.0,507.0,4.2,0.84,19376,9823632,509.8,248.4
3PLAND,3PLANDEQN,32.18,32.45,32.45,0.27,0.84,2,64,52.9,28.51
NTPCGREEN,NTPCGREENEQN,91.93,92.69,92.69,0.76,0.83,22101,2048541,119.95,84.0
GPPL,GPPLEQN,158.68,159.99,159.99,1.31,0.83,9968,1594780,200.09,141.55
ZUARIIND,ZUARIINDEQN,257.8,259.95,259.95,2.15,0.83,234,60828,416.0,210.0
BALAXI,BALAXIEQN,24.0,24.2,24.2,0.2,0.83,32,774,49.65,15.2
BEML,BEMLEQN,1874.4,1890.0,1890.0,15.6,0.83,1655,3127950,2275.75,1355.0
SYRMA,SYRMAEQN,1465.2,1477.3,1477.3,12.1,0.83,4577,6761602,1543.0,634.5
FLUOROCHEM,FLUOROCHEMEQN,4737.8,4777.0,4777.0,39.2,0.83,172,821644,4958.9,2916.6
JNKINDIA,JNKINDIAEQN,456.25,460.0,460.0,3.75,0.82,1614,742440,558.0,200.92
DYCL,DYCLEQN,450.2,453.9,453.9,3.7,0.82,5724,2598123,520.0,236.8
NEOGEN,NEOGENEQN,2204.9,2223.0,2223.0,18.1,0.82,328,729144,2374.0,966.7
BECTORFOOD,BECTORFOODEQN,240.37,242.34,242.34,1.97,0.82,7540,1827243,299.0,165.0
ACUTAAS,ACUTAASEQN,3235.6,3262.0,3262.0,26.4,0.82,365,1190630,3740.0,1287.8
ISFT,ISFTEQN,82.33,83.0,83.0,0.67,0.81,53,4399,119.07,54.05
PGHL,PGHLEQN,5932.0,5980.0,5980.0,48.0,0.81,20,119600,6975.0,4707.0
PRIVISCL,PRIVISCLEQN,3482.2,3510.4,3510.4,28.2,0.81,188,659955,3785.3,2193.9
AVONMORE,AVONMOREEQN,12.35,12.45,12.45,0.1,0.81,1000,12450,23.9,9.05
AVL,AVLEQN,624.65,629.65,629.65,5.0,0.8,136,85632,705.0,420.0
EIEL,EIELEQN,196.73,198.3,198.3,1.57,0.8,2903,575664,276.1,134.71
KANPRPLA,KANPRPLAEQN,251.18,253.19,253.19,2.01,0.8,448,113429,264.01,151.25
ORIENTELEC,ORIENTELECEQN,187.31,188.81,188.81,1.5,0.8,972,183523,219.0,149.05
USHAMART,USHAMARTEQN,487.95,491.85,491.85,3.9,0.8,786,386594,527.5,341.35
MAWANASUG,MAWANASUGEQN,116.04,116.97,116.97,0.93,0.8,295,34506,123.75,75.08
CHOLAHLDNG,CHOLAHLDNGEQN,1597.2,1610.0,1610.0,12.8,0.8,1009,1624490,2064.0,1305.0
PSPPROJECT,PSPPROJECTEQN,922.4,929.8,929.8,7.4,0.8,91,84611,1143.0,569.2
INDOWIND,INDOWINDEQN,8.81,8.88,8.88,0.07,0.79,1287,11428,18.94,7.0
BTML,BTMLEQN,8.82,8.89,8.89,0.07,0.79,276,2453,10.5,5.06
NEPHROPLUS,NEPHROPLUSEQN,696.7,702.2,702.2,5.5,0.79,277,194509,769.75,446.0
EUREKAFORB,EUREKAFORBEQN,442.75,446.2,446.2,3.45,0.78,383,170894,668.3,403.2
DRCSYSTEMS,DRCSYSTEMSEQN,12.79,12.89,12.89,0.1,0.78,85,1095,23.68,11.5
JPOLYINVST,JPOLYINVSTEQN,1011.1,1019.0,1019.0,7.9,0.78,27,27513,1487.7,716.05
GOODLUCK,GOODLUCKEQN,1324.7,1335.0,1335.0,10.3,0.78,734,979890,1672.1,915.0
CENTRUM,CENTRUMEQN,25.77,25.97,25.97,0.2,0.78,263,6830,40.0,19.66
DALBHARAT,DALBHARATEQN,1842.0,1856.4,1856.4,14.4,0.78,201,373136,2496.3,1605.0
SUNPHARMA,SUNPHARMAEQN,1930.0,1945.0,1945.0,15.0,0.78,11978,23297210,2046.9,1548.0
HINDWAREAP,HINDWAREAPEQN,195.47,197.0,197.0,1.53,0.78,77,15169,392.7,170.5
LALPATHLAB,LALPATHLABEQN,1916.3,1931.0,1931.0,14.7,0.77,378,729918,1988.9,1272.6
CHENNPETRO,CHENNPETROEQN,1321.9,1332.1,1332.1,10.2,0.77,2226,2965254,1449.0,620.85
GALLANTT,GALLANTTEQN,582.05,586.45,586.45,4.4,0.76,95,55712,948.0,496.25
SPMLINFRA,SPMLINFRAEQN,190.56,192.01,192.01,1.45,0.76,867,166472,309.9,151.01
ROSSELLIND,ROSSELLINDEQN,55.58,56.0,56.0,0.42,0.76,10,560,69.85,40.0
GNA,GNAEQN,542.7,546.85,546.85,4.15,0.76,924,505289,601.65,291.8
MASTERTR,MASTERTREQN,78.38,78.97,78.97,0.59,0.75,55,4343,168.0,55.6
JAGRAN,JAGRANEQN,62.46,62.93,62.93,0.47,0.75,911,57329,78.9,59.5
TBOTEK,TBOTEKEQN,1633.3,1645.6,1645.6,12.3,0.75,59,97090,1764.8,1004.2
SBC,SBCEQN,38.6,38.89,38.89,0.29,0.75,18750,729187,45.0,15.55
HONDAPOWER,HONDAPOWEREQN,2149.9,2166.0,2166.0,16.1,0.75,88,190608,3216.0,1816.6
ATALREAL,ATALREALEQN,36.13,36.4,36.4,0.27,0.75,2068,75275,36.7,17.75
BORANA,BORANAEQN,319.95,322.35,322.35,2.4,0.75,15,4835,420.0,211.0
SILGO,SILGOEQN,69.78,70.3,70.3,0.52,0.75,30,2109,86.2,50.28
CMICABLES,CMICABLESBZN,2.7,2.72,2.72,0.02,0.74,100,272,6.02,2.66
MANOMAY,MANOMAYEQN,215.12,216.72,216.72,1.6,0.74,2,433,259.88,156.6
SRHHYPOLTD,SRHHYPOLTDEQN,496.55,500.2,500.2,3.65,0.74,75,37515,640.0,382.4
PGHH,PGHHEQN,8426.5,8489.0,8489.0,62.5,0.74,36,305604,14509.0,8405.5
ELGIEQUIP,ELGIEQUIPEQN,609.5,614.0,614.0,4.5,0.74,7661,4703854,633.85,408.25
TIMKEN,TIMKENEQN,3275.8,3300.0,3300.0,24.2,0.74,19,62700,3925.0,2800.5
INDIAGLYCO,INDIAGLYCOEQN,1061.1,1069.0,1069.0,7.9,0.74,46,49174,1222.0,792.5
AEROENTER,AEROENTEREQN,127.95,128.9,128.9,0.95,0.74,1185,152746,149.55,62.2
ALLTIME,ALLTIMEEQN,215.54,217.14,217.14,1.6,0.74,28,6079,334.9,186.0
MONARCH,MONARCHEQN,390.6,393.5,393.5,2.9,0.74,330,129855,406.95,235.45
3BBLACKBIO,3BBLACKBIOEQN,1174.6,1183.3,1183.3,8.7,0.74,28,33132,1441.5,1085.0
KAMATHOTEL,KAMATHOTELEQN,195.87,197.3,197.3,1.43,0.73,50,9865,329.8,140.2
GRWRHITECH,GRWRHITECHEQN,7088.5,7140.0,7140.0,51.5,0.73,141,1006740,7990.0,2681.0
PNBGILTS,PNBGILTSEQN,79.41,79.99,79.99,0.58,0.73,580,46394,109.99,58.6
FLAIR,FLAIREQN,253.9,255.75,255.75,1.85,0.73,509,130176,348.8,242.9
ACI,ACIEQN,503.3,506.95,506.95,3.65,0.73,188,95306,726.0,483.0
MKPL,MKPLEQN,4.13,4.16,4.16,0.03,0.73,988,4110,8.85,3.56
VEDAVAAG,VEDAVAAGEQN,19.3,19.44,19.44,0.14,0.73,1,19,0.0,0.0
ECORECO,ECORECOEQN,491.3,494.9,494.9,3.6,0.73,1,494,0.0,0.0
ALGOQUANT,ALGOQUANTEQN,66.0,66.48,66.48,0.48,0.73,210,13960,71.01,47.8
PLATIND,PLATINDEQN,215.42,216.97,216.97,1.55,0.72,116,25168,342.4,183.5
GABRIEL,GABRIELEQN,1459.0,1469.5,1469.5,10.5,0.72,1090,1601755,1600.0,795.7
BERGEPAINT,BERGEPAINTEQN,545.1,549.0,549.0,3.9,0.72,718,394182,594.55,391.1
NIITMTS,NIITMTSEQN,240.96,242.7,242.7,1.74,0.72,637,154599,443.9,203.3
THERMAX,THERMAXEQN,4044.9,4074.0,4074.0,29.1,0.72,341,1389234,5277.8,2742.7
NILE,NILEEQN,1487.3,1498.0,1498.0,10.7,0.72,3,4494,2018.9,1445.7
INDIQUBE,INDIQUBEEQN,180.0,181.3,181.3,1.3,0.72,69,12509,243.8,131.15
POLYPLEX,POLYPLEXEQN,1181.5,1190.0,1190.0,8.5,0.72,124,147560,1264.0,740.0
SUPREMEINF,SUPREMEINFEQN,90.87,91.52,91.52,0.65,0.72,169,15466,124.81,58.11
RPTECH,RPTECHEQN,834.05,840.0,840.0,5.95,0.71,1259,1057560,967.7,276.0
UGROCAP,UGROCAPEQN,93.34,94.0,94.0,0.66,0.71,1131,106314,192.5,80.12
LUMAXTECH,LUMAXTECHEQN,2025.7,2040.1,2040.1,14.4,0.71,724,1477032,2110.0,999.9
CENTURYPLY,CENTURYPLYEQN,756.55,761.95,761.95,5.4,0.71,12,9143,859.0,618.5
TVSELECT,TVSELECTEQN,451.55,454.7,454.7,3.15,0.7,9,4092,739.35,336.2
ASAHIINDIA,ASAHIINDIAEQN,939.2,945.8,945.8,6.6,0.7,2009,1900112,1074.0,775.1
BAJAJHCARE,BAJAJHCAREEQN,329.25,331.55,331.55,2.3,0.7,116,38459,515.9,272.35
IGPL,IGPLEQN,458.3,461.5,461.5,3.2,0.7,203,93684,532.45,315.0
GOLDTECH,GOLDTECHBEN,48.6,48.94,48.94,0.34,0.7,531,25987,76.9,29.68
VOGL,VOGLEQN,37.14,37.21,37.4,0.26,0.7,43879,0,47.6,30.42
DODLA,DODLAEQN,1109.4,1117.1,1117.1,7.7,0.69,108,120646,1500.0,964.1
MAYURUNIQ,MAYURUNIQEQN,744.4,749.5,749.5,5.1,0.69,130,97435,907.0,471.2
GLOBUSSPR,GLOBUSSPREQN,871.05,877.1,877.1,6.05,0.69,171,149984,1264.5,800.05
BANSALWIRE,BANSALWIREEQN,318.25,320.45,320.45,2.2,0.69,230,73703,380.2,222.5
GUJALKALI,GUJALKALIEQN,698.2,703.05,703.05,4.85,0.69,198,139203,815.0,409.15
INOXWIND,INOXWINDEQN,73.67,74.18,74.18,0.51,0.69,21341,1583075,159.3,72.7
DEN,DENEQN,27.51,27.7,27.7,0.19,0.69,1038,28752,37.93,22.52
PROSTARM,PROSTARMEQN,134.39,135.32,135.32,0.93,0.69,450,60894,237.0,114.64
KALYANIFRG,KALYANIFRGEQN,643.5,647.95,647.95,4.45,0.69,6,3887,849.65,523.6
CESC,CESCEQN,167.83,168.99,168.99,1.16,0.69,24253,4098514,204.5,138.12
ANTHEM,ANTHEMEQN,890.1,896.25,896.25,6.15,0.69,1406,1260127,899.9,579.15
ULTRAMAR,ULTRAMAREQN,398.2,400.95,400.95,2.75,0.69,16,6415,455.75,364.1
LCL,LCLEQN,528.95,532.6,532.6,3.65,0.69,286,152323,555.6,461.0
ADSL,ADSLEQN,112.82,113.6,113.6,0.78,0.69,316,35897,209.53,86.27
JSWHL,JSWHLEQN,11874.0,11956.0,11956.0,82.0,0.69,2,23912,22790.0,10530.0
ATULAUTO,ATULAUTOEQN,494.6,497.95,497.95,3.35,0.68,392,195196,596.55,380.05
GEMAROMA,GEMAROMAEQN,167.2,168.33,168.33,1.13,0.68,263,44270,349.6,133.0
CREDITACC,CREDITACCEQN,1549.4,1560.0,1560.0,10.6,0.68,486,758160,1634.0,1113.0
BLS,BLSEQN,278.12,280.0,280.0,1.88,0.68,10018,2805040,392.85,218.9
ROLEXRINGS,ROLEXRINGSEQN,176.3,177.5,177.5,1.2,0.68,11331,2011252,181.8,99.79
MANCREDIT,MANCREDITEQN,238.07,239.7,239.7,1.63,0.68,1,239,287.27,152.06
RITCO,RITCOEQN,295.6,297.6,297.6,2.0,0.68,197,58627,318.0,167.1
RIIT,RIITIVN,118.89,119.7,119.7,0.81,0.68,581,69545,120.39,105.3
BLSE,BLSEEQN,314.25,316.4,316.4,2.15,0.68,423,133837,324.9,124.3
LMW,LMWEQN,18921.0,19047.0,19047.0,126.0,0.67,34,647598,19179.0,11920.0
CANARYS,CANARYSSMN,22.25,22.4,22.4,0.15,0.67,4000,89600,35.2,14.6
ONGC,ONGCEQN,236.4,237.99,237.99,1.59,0.67,88695,21108523,307.5,227.65
INOXINDIA,INOXINDIAEQN,1943.0,1956.0,1956.0,13.0,0.67,136,266016,2119.8,1065.0
PPLPHARMA,PPLPHARMAEQN,206.64,208.0,208.0,1.36,0.66,24390,5073120,218.5,132.3
BANDHANBNK,BANDHANBNKEQN,174.55,174.2,174.2,1.15,0.66,20622,3592352,220.76,134.25
DAVANGERE,DAVANGEREEQN,3.01,3.03,3.03,0.02,0.66,9347,28321,5.5,2.95
GICL,GICLEQN,23.05,23.2,23.2,0.15,0.65,60,1392,52.4,15.61
GULFOILLUB,GULFOILLUBEQN,1159.3,1166.8,1166.8,7.5,0.65,39,45505,1329.0,865.0
DIVISLAB,DIVISLABEQN,8477.0,8532.0,8532.0,55.0,0.65,697,5946804,8674.0,5636.5
VARDHACRLC,VARDHACRLCBEN,44.61,44.9,44.9,0.29,0.65,487,21866,48.77,27.01
VOLTAS,VOLTASEQN,1320.5,1329.0,1329.0,8.5,0.64,32093,42651597,1582.5,1186.8
YATHARTH,YATHARTHEQN,844.7,850.05,850.05,5.35,0.63,605,514280,919.5,538.25
CCCL,CCCLEQN,16.0,16.1,16.1,0.1,0.63,263,4234,28.87,12.76
INTELLECT,INTELLECTEQN,700.6,705.0,705.0,4.4,0.63,350,246750,1244.6,595.2
EASEMYTRIP,EASEMYTRIPEQN,6.4,6.44,6.44,0.04,0.63,171980,1107551,10.6,5.77
PANAMAPET,PANAMAPETEQN,482.6,482.55,482.55,2.95,0.62,3508,1692785,599.6,229.0
XTGLOBAL,XTGLOBALEQN,30.71,30.9,30.9,0.19,0.62,22,679,46.25,25.2
OIL,OILEQN,468.5,471.4,471.4,2.9,0.62,3508,1653671,531.0,384.6
TNPL,TNPLEQN,141.12,141.99,141.99,0.87,0.62,493,70001,179.9,121.51
MTARTECH,MTARTECHBEN,7056.0,7100.0,7100.0,44.0,0.62,290,2059000,8714.0,1390.5
HCL-INSYS,HCL-INSYSEQN,11.33,11.4,11.4,0.07,0.62,1169,13326,16.5,9.01
THELEELA,THELEELAEQN,510.05,513.15,513.15,3.1,0.61,764,392046,527.0,384.5
SUNDRMFAST,SUNDRMFASTEQN,1217.6,1225.0,1225.0,7.4,0.61,215,263375,1243.35,730.1
NOCIL,NOCILEQN,161.42,162.4,162.4,0.98,0.61,241,39138,204.5,125.31
AMJLAND,AMJLANDEQN,39.36,39.6,39.6,0.24,0.61,62,2455,61.0,30.3
GINNIFILA,GINNIFILABEN,45.03,45.3,45.3,0.27,0.6,7,317,57.85,31.5
WELSPUNLIV,WELSPUNLIVEQN,164.06,165.05,165.05,0.99,0.6,38123,6292201,178.0,107.1
SHANTI-RE,SHANTI-REBEN,23.52,23.66,23.66,0.14,0.6,3743,88559,23.66,11.05
INDNIPPON,INDNIPPONEQN,1123.2,1129.9,1129.9,6.7,0.6,360,406764,1278.2,675.0
NILKAMAL,NILKAMALEQN,1860.0,1871.0,1871.0,11.0,0.59,112,209552,1983.5,1050.5
ROTO,ROTOEQN,66.11,66.5,66.5,0.39,0.59,914,60781,90.6,47.5
HUDCO,HUDCOEQN,189.99,189.6,189.6,1.11,0.59,11966,2268753,246.85,159.0
PACEDIGITK,PACEDIGITKEQN,180.92,181.99,181.99,1.07,0.59,1647,299737,231.95,139.81
MAZDOCK,MAZDOCKEQN,2580.0,2594.9,2594.9,14.9,0.58,5062,13135383,3061.4,2057.4
EPIGRAL,EPIGRALEQN,1098.4,1104.8,1104.8,6.4,0.58,60,66288,1911.6,807.0
KRISHIVAL,KRISHIVALEQN,406.6,408.95,408.95,2.35,0.58,151,61751,483.81,282.3
VGL,VGLEQN,58.66,59.0,59.0,0.34,0.58,10,590,98.48,43.7
SOUTHBANK,SOUTHBANKEQN,45.74,46.0,46.0,0.26,0.57,46181,2124326,49.9,28.11
KIRIINDUS,KIRIINDUSEQN,411.45,413.8,413.8,2.35,0.57,306,126622,779.0,333.8
BATAINDIA,BATAINDIAEQN,755.7,760.0,760.0,4.3,0.57,2680,2036800,1282.5,605.0
UNITEDPOLY,UNITEDPOLYBEN,33.31,33.5,33.5,0.19,0.57,384,12864,51.16,20.6
VINYLINDIA,VINYLINDIAEQN,238.64,240.0,240.0,1.36,0.57,213,51120,325.0,161.0
GENUSPOWER,GENUSPOWEREQN,309.1,310.85,310.85,1.75,0.57,2861,889341,364.5,210.4
CONCOR,CONCOREQN,527.0,530.0,530.0,3.0,0.57,2810,1489300,569.8,421.45
PROTEAN,PROTEANEQN,551.9,555.0,555.0,3.1,0.56,463,256965,945.5,444.0
CONFIPET,CONFIPETEQN,71.99,72.39,72.39,0.4,0.56,4713,341174,86.4,28.06
SENORES,SENORESEQN,1477.7,1486.0,1486.0,8.3,0.56,190,282340,1514.8,662.45
MHRIL,MHRILEQN,226.62,227.9,227.9,1.28,0.56,1638,373300,368.9,207.9
SPCENET,SPCENETEQN,3.6,3.62,3.62,0.02,0.56,11731,42466,11.24,3.0
NILAINFRA,NILAINFRAEQN,7.14,7.18,7.18,0.04,0.56,1251,8982,11.55,5.9
KFINTECH,KFINTECHEQN,940.0,945.2,945.2,5.2,0.55,3708,3504801,1215.0,784.95
BHARTIHEXA,BHARTIHEXAEQN,1621.1,1630.0,1630.0,8.9,0.55,952,1551760,1955.6,1430.0
BHEL,BHELEQN,421.7,424.0,424.0,2.3,0.55,33071,14022104,446.5,205.12
SAPPHIRE,SAPPHIREEQN,234.72,236.0,236.0,1.28,0.55,2320,547520,347.9,139.91
SHADOWFAX,SHADOWFAXEQN,251.33,252.7,252.7,1.37,0.55,13716,3466033,261.5,98.55
LIBERTSHOE,LIBERTSHOEEQN,238.7,240.0,240.0,1.3,0.54,1,240,404.95,210.5
IKS,IKSEQN,1840.0,1849.9,1849.9,9.9,0.54,166,307083,1933.0,1262.0
AARTECH,AARTECHBEN,50.23,50.5,50.5,0.27,0.54,1,50,64.75,33.51
HAVELLS,HAVELLSEQN,1298.0,1305.0,1305.0,7.0,0.54,2041,2663505,1621.1,1123.6
GANESHCP,GANESHCPEQN,160.54,161.4,161.4,0.86,0.54,55,8877,309.95,152.0
SUMICHEM,SUMICHEMEQN,564.95,568.0,568.0,3.05,0.54,3328,1890304,617.45,362.6
PNC,PNCEQN,18.4,18.5,18.5,0.1,0.54,1,18,40.64,16.0
NIRLON,NIRLONEQN,626.6,630.0,630.0,3.4,0.54,60,37800,657.0,516.03
ENERGYDEV,ENERGYDEVEQN,16.85,16.94,16.94,0.09,0.53,918,15550,29.69,13.15
SKYGOLD,SKYGOLDEQN,773.4,777.5,777.5,4.1,0.53,4628,3598270,848.0,259.0
UPL,UPLEQN,563.0,566.0,566.0,3.0,0.53,5955,3370530,812.2,558.05
ESCORTS,ESCORTSEQN,3113.7,3130.1,3130.1,16.4,0.53,657,2056475,4180.0,2700.0
BHARATWIRE,BHARATWIREEQN,188.01,189.0,189.0,0.99,0.53,206,38934,262.0,148.01
GNFC,GNFCEQN,568.95,571.95,571.95,3.0,0.53,2903,1660370,616.0,365.0
GLAND,GLANDEQN,2970.2,2986.0,2986.0,15.8,0.53,1195,3568270,3039.8,1573.6
NELCO,NELCOEQN,1024.6,1030.0,1030.0,5.4,0.53,683,703490,1075.1,500.1
NUVAMA,NUVAMAEQN,1670.1,1679.0,1679.0,8.9,0.53,598,1004042,2066.0,1096.9
ARSSBL,ARSSBLEQN,508.2,510.9,510.9,2.7,0.53,522,266689,794.85,416.0
BLISSGVS,BLISSGVSBEN,519.25,522.0,522.0,2.75,0.53,234,122148,553.0,118.0
STUDDS,STUDDSEQN,425.25,427.5,427.5,2.25,0.53,344,147060,600.0,412.3
PDSL,PDSLEQN,369.85,371.8,371.8,1.95,0.53,238,88488,418.5,246.05
RAJOOENG,RAJOOENGBEN,50.98,51.25,51.25,0.27,0.53,301,15426,109.5,46.0
GARUDA,GARUDAEQN,183.04,184.0,184.0,0.96,0.52,684,125856,249.3,130.0
MAHSCOOTER,MAHSCOOTEREQN,13330.0,13399.0,13399.0,69.0,0.52,8,107192,18538.0,10901.0
KAYNES,KAYNESEQN,3660.2,3679.1,3679.1,18.9,0.52,4372,16085025,7705.0,2995.0
AUROPHARMA,AUROPHARMAEQN,1622.1,1630.6,1630.6,8.5,0.52,2954,4816792,1682.4,1016.1
MAXESTATES,MAXESTATESEQN,441.95,444.25,444.25,2.3,0.52,577,256332,502.15,305.45
SMLT,SMLTEQN,71.61,71.98,71.98,0.37,0.52,504,36277,122.85,56.61
NBCC,NBCCEQN,89.15,89.46,89.46,0.46,0.52,82711,7399326,125.85,77.18
NATIONALUM,NATIONALUMEQN,376.0,377.9,377.9,1.9,0.51,23215,8772948,445.15,183.86
ZUARI,ZUARIEQN,220.58,221.71,221.71,1.13,0.51,476,105533,393.55,175.1
ANANTAM,ANANTAMIVN,105.3,105.84,105.84,0.54,0.51,750,79380,117.0,100.1
GILLETTE,GILLETTEEQN,7600.0,7639.0,7639.0,39.0,0.51,43,328477,10740.0,7206.0
CANFINHOME,CANFINHOMEEQN,820.8,824.95,824.95,4.15,0.51,528,435573,971.5,708.6
WAKEFIT,WAKEFITEQN,121.38,122.0,122.0,0.62,0.51,2023,246806,224.0,111.4
PINELABS,PINELABSEQN,164.86,165.7,165.7,0.84,0.51,15728,2606129,284.0,134.73
NEWGEN,NEWGENEQN,535.15,537.8,537.8,2.65,0.5,3659,1967810,1041.95,401.05
THANGAMAYL,THANGAMAYLEQN,5427.0,5454.0,5454.0,27.0,0.5,363,1979802,7430.0,1939.5
GVT&D,GVT&DEQN,4350.0,4371.6,4371.6,21.6,0.5,1266,5534445,5650.0,2523.2
CEIGALL,CEIGALLEQN,318.4,320.0,320.0,1.6,0.5,135,43200,405.7,222.61
AJANTPHARM,AJANTPHARMEQN,3672.8,3691.1,3691.1,18.3,0.5,204,752984,3700.6,2329.9
NOVARTIND,NOVARTINDEQN,1582.5,1590.4,1590.4,7.9,0.5,17,27036,1780.0,950.0
MEDIASSIST,MEDIASSISTEQN,348.7,350.45,350.45,1.75,0.5,201,70440,575.55,293.0
CELLO,CELLOEQN,377.6,379.5,379.5,1.9,0.5,1175,445912,673.8,336.6
IOLCP,IOLCPEQN,165.58,166.4,166.4,0.82,0.5,12909,2148057,179.6,67.19
ADOR,ADOREQN,1538.5,1546.2,1546.2,7.7,0.5,154,238114,1597.0,848.0
BLKASHYAP,BLKASHYAPEQN,51.62,51.88,51.88,0.26,0.5,42,2178,75.4,40.32
IRBINVIT,IRBINVITIVN,64.42,64.74,64.74,0.32,0.5,4690,303630,65.0,57.05
DEEPINDS,DEEPINDSEQN,668.7,672.05,672.05,3.35,0.5,501,336697,699.0,330.0
AVADHSUGAR,AVADHSUGAREQN,653.15,656.4,656.4,3.25,0.5,146,95834,666.0,306.05
CORONA,CORONAEQN,2137.1,2147.7,2147.7,10.6,0.5,65,139600,2270.1,1336.6
SEDEMAC,SEDEMACEQN,3152.9,3168.7,3168.7,15.8,0.5,395,1251636,3183.5,1413.1
JOCIL,JOCILBEN,146.28,147.01,147.01,0.73,0.5,1,147,175.12,91.25
DHAMPURSUG,DHAMPURSUGEQN,160.93,161.74,161.74,0.81,0.5,934,151065,168.63,110.0
AVALON,AVALONEQN,1940.8,1950.3,1950.3,9.5,0.49,1416,2761624,2004.0,777.3
CHEMPLASTS,CHEMPLASTSEQN,184.1,185.0,185.0,0.9,0.49,471,87135,460.8,170.02
AETHER,AETHEREQN,1625.1,1633.0,1633.0,7.9,0.49,415,677695,1658.0,726.45
ACCELYA,ACCELYAEQN,1139.7,1145.3,1145.3,5.6,0.49,2,2290,1527.0,1012.4
GLENMARK,GLENMARKEQN,2318.4,2329.7,2329.7,11.3,0.49,529,1232411,2474.0,1792.6
SWARAJ,SWARAJEQN,369.85,371.65,371.65,1.8,0.49,98,36421,374.9,158.5
KPITTECH,KPITTECHEQN,614.0,617.0,617.0,3.0,0.49,1857,1145769,1328.0,543.0
BONLON,BONLONEQN,42.44,42.65,42.65,0.21,0.49,1,42,57.0,34.51
GSPCROP,GSPCROPEQN,596.25,599.2,599.2,2.95,0.49,2,1198,607.8,328.0
BEEKAY,BEEKAYEQN,435.35,437.5,437.5,2.15,0.49,80,35000,471.85,355.05
SUNRAKSHAK,SUNRAKSHAKEQN,377.15,379.0,379.0,1.85,0.49,74,28046,0.0,0.0
ORIENTTECH,ORIENTTECHEQN,258.55,259.8,259.8,1.25,0.48,343,89111,466.73,220.8
5PAISA,5PAISAEQN,383.8,385.65,385.65,1.85,0.48,422,162744,408.35,245.5
UNOMINDA,UNOMINDAEQN,1240.0,1246.0,1246.0,6.0,0.48,666,829836,1382.0,994.0
VISHNU,VISHNUEQN,608.1,611.0,611.0,2.9,0.48,60,36660,670.0,443.7
HEXAGON,HEXAGONBEN,63.98,64.29,64.29,0.31,0.48,635,40824,78.25,48.1
VIDYAWIRES,VIDYAWIRESEQN,89.45,89.88,89.88,0.43,0.48,1742,156570,117.35,42.51
BCPL,BCPLEQN,72.84,73.19,73.19,0.35,0.48,1039,76044,92.0,60.0
ERIS,ERISEQN,1358.5,1365.0,1365.0,6.5,0.48,18,24570,1820.0,1200.0
NIITLTD,NIITLTDEQN,95.55,96.0,96.0,0.45,0.47,1335,128160,117.75,49.0
ASTRAZEN,ASTRAZENEQN,7753.0,7789.5,7789.5,36.5,0.47,6,46737,9849.5,7551.5
DECCANCE,DECCANCEEQN,545.35,547.9,547.9,2.55,0.47,9,4931,1164.9,525.0
AEROFLEX,AEROFLEXEQN,459.85,462.0,462.0,2.15,0.47,2643,1221066,521.9,158.0
APLAPOLLO,APLAPOLLOEQN,2083.3,2093.0,2093.0,9.7,0.47,609,1274637,2301.4,1578.0
ORIANA,ORIANASMN,1297.85,1304.0,1304.0,6.15,0.47,75,97800,3064.0,1290.05
PICCADIL,PICCADILEQN,641.9,644.9,644.9,3.0,0.47,779,502377,809.7,515.0
INVPRECQ,INVPRECQBEN,1217.3,1223.0,1223.0,5.7,0.47,1,1223,1251.0,551.0
VAML,VAMLEQN,443.8,445.9,445.9,2.1,0.47,22180,9890062,537.0,423.15
NH,NHEQN,1832.6,1841.0,1841.0,8.4,0.46,1005,1850205,2093.3,1589.0
ADANIENT,ADANIENTEQN,3035.1,3049.0,3049.0,13.9,0.46,2993,9125657,3245.0,1753.0
RENUKA,RENUKAEQN,21.95,22.05,22.05,0.1,0.46,8614,189938,33.5,21.05
STEL,STELEQN,581.2,583.9,583.9,2.7,0.46,6,3503,657.3,380.0
DLINKINDIA,DLINKINDIAEQN,420.45,422.4,422.4,1.95,0.46,51,21542,549.2,367.65
NDTV,NDTVEQN,76.53,76.88,76.88,0.35,0.46,815,62657,134.5,58.75
GRAPHITE,GRAPHITEEQN,721.6,724.9,724.9,3.3,0.46,2296,1664370,802.4,505.8
ADVAIT,ADVAITEQN,2095.2,2104.8,2104.8,9.6,0.46,133,279938,2485.0,1351.0
PYRAMID,PYRAMIDEQN,162.97,163.71,163.71,0.74,0.45,91,14897,198.69,131.8
KAJARIACER,KAJARIACEREQN,1253.4,1259.0,1259.0,5.6,0.45,478,601802,1309.7,869.6
WINDLAS,WINDLASEQN,949.45,953.7,953.7,4.25,0.45,163,155453,1097.9,697.4
SCILAL,SCILALEQN,40.32,40.5,40.5,0.18,0.45,99,4009,55.0,34.3
HCC,HCCEQN,19.82,19.91,19.91,0.09,0.45,100997,2010850,28.5,13.65
BLUEJET,BLUEJETEQN,584.5,587.15,587.15,2.65,0.45,1130,663479,802.05,325.0
PARAS,PARASEQN,1377.5,1383.5,1383.5,6.0,0.44,5879,8133596,1443.0,580.5
SHREEPUSHK,SHREEPUSHKEQN,384.3,386.0,386.0,1.7,0.44,10,3860,476.0,272.45
VARROC,VARROCEQN,847.9,851.6,851.6,3.7,0.44,692,589307,864.9,462.0
ASIANTILES,ASIANTILESEQN,50.55,50.77,50.77,0.22,0.44,14036,712607,79.06,42.5
HSCL,HSCLEQN,781.05,784.5,784.5,3.45,0.44,5759,4517935,819.5,418.5
STYLAMIND,STYLAMINDEQN,3642.0,3658.0,3658.0,16.0,0.44,31,113398,4150.0,1594.1
STOVEKRAFT,STOVEKRAFTEQN,750.7,754.0,754.0,3.3,0.44,181,136474,849.8,447.05
RIIL,RIILEQN,743.6,746.9,746.9,3.3,0.44,69,51536,964.9,617.35
HINDZINC,HINDZINCEQN,561.9,564.4,564.4,2.5,0.44,10145,5725838,733.0,418.0
PGINVIT,PGINVITIVN,100.14,100.58,100.58,0.44,0.44,8900,895162,102.0,86.3
CARYSIL,CARYSILEQN,1179.8,1185.0,1185.0,5.2,0.44,144,170640,1280.9,732.1
ASTRAMICRO,ASTRAMICROEQN,1739.3,1747.0,1747.0,7.7,0.44,828,1446516,1960.0,851.0
SHYAMMETL,SHYAMMETLEQN,999.6,1004.0,1004.0,4.4,0.44,1421,1426684,1090.0,746.0
PFOCUS,PFOCUSEQN,269.6,270.75,270.75,1.15,0.43,487,131855,367.0,139.04
RAJRATAN,RAJRATANEQN,515.8,518.0,518.0,2.2,0.43,168,87024,563.95,305.55
HEG,HEGEQN,701.0,704.0,704.0,3.0,0.43,2841,2000064,711.2,459.8
PTC,PTCEQN,161.47,162.16,162.16,0.69,0.43,8707,1411927,229.51,149.59
DATAMATICS,DATAMATICSEQN,866.25,870.0,870.0,3.75,0.43,89,77430,1054.0,632.0
LGEINDIA,LGEINDIAEQN,1729.7,1737.1,1737.1,7.4,0.43,23308,40488326,1749.0,1304.1
KANSAINER,KANSAINEREQN,204.75,205.6,205.6,0.85,0.42,623,128088,264.0,157.91
EUROBOND,EUROBONDEQN,158.44,159.1,159.1,0.66,0.42,13,2068,254.5,126.3
IRIS,IRISEQN,238.99,239.99,239.99,1.0,0.42,41,9839,388.1,203.0
SUNTV,SUNTVEQN,484.6,486.65,486.65,2.05,0.42,957,465724,660.7,475.85
MIDHANI,MIDHANIEQN,416.7,418.45,418.45,1.75,0.42,7661,3205745,456.6,266.65
RBA,RBAEQN,99.08,99.5,99.5,0.42,0.42,25358,2523121,103.2,57.15
DIXON,DIXONEQN,14130.0,14190.0,14190.0,60.0,0.42,612,8684280,18471.0,9600.0
BESTAGRO,BESTAGROEQN,18.87,18.95,18.95,0.08,0.42,704,13340,34.4,12.3
LAXMIINDIA,LAXMIINDIAEQN,124.38,124.9,124.9,0.52,0.42,1700,212330,180.9,71.06
FINCABLES,FINCABLESEQN,1246.85,1252.1,1252.1,5.25,0.42,1469,1839334,1374.0,700.8
SARLAPOLY,SARLAPOLYEQN,101.19,101.6,101.6,0.41,0.41,100,10160,114.0,68.4
SOTL,SOTLEQN,699.15,702.0,702.0,2.85,0.41,869,610038,814.8,285.8
MAHEPC,MAHEPCEQN,107.56,108.0,108.0,0.44,0.41,516,55728,185.12,91.91
ABDL,ABDLEQN,599.45,601.9,601.9,2.45,0.41,325,195617,711.7,382.1
GRAVISSHO,GRAVISSHOEQN,29.18,29.3,29.3,0.12,0.41,1200,35160,35.6,25.2
ICIL,ICILEQN,379.9,379.9,379.9,1.5,0.4,679,257952,463.8,216.9
KALAMANDIR,KALAMANDIREQN,87.04,87.39,87.39,0.35,0.4,1208,105567,223.03,84.82
UMIYA-MRO,UMIYA-MROEQN,89.69,90.05,90.05,0.36,0.4,20,1801,110.9,70.0
SUVIDHAA,SUVIDHAAEQN,2.52,2.53,2.53,0.01,0.4,64,161,4.45,2.21
TRENT,TRENTEQN,2978.0,2989.9,2989.9,11.9,0.4,1068,3193213,3782.67,2183.67
METROBRAND,METROBRANDEQN,944.1,947.9,947.9,3.8,0.4,70,66353,1340.4,883.0
BEPL,BEPLEQN,123.7,124.19,124.19,0.49,0.4,7965,989173,138.5,74.2
TATACONSUM,TATACONSUMEQN,1079.5,1083.8,1083.8,4.3,0.4,2371,2569689,1282.7,1007.2
TATACOMM,TATACOMMEQN,1718.1,1725.0,1725.0,6.9,0.4,139,239775,2110.0,1322.5
HLEGLAS,HLEGLASEQN,327.7,329.0,329.0,1.3,0.4,328,107912,661.95,250.0
HAL,HALEQN,5029.9,5050.0,5050.0,20.1,0.4,8512,42985600,5055.0,3479.1
DYNPRO,DYNPROEQN,231.85,232.75,232.75,0.9,0.39,200,46550,415.8,190.8
AGARWALEYE,AGARWALEYEEQN,506.5,508.5,508.5,2.0,0.39,323,164245,568.0,401.0
SILVERTUC,SILVERTUCEQN,209.29,210.0,210.0,0.81,0.39,695,145950,216.8,66.19
RICOAUTO,RICOAUTOEQN,132.0,132.51,132.51,0.51,0.39,2001,265152,157.99,78.92
CCAVENUE,CCAVENUEEQN,15.43,15.49,15.49,0.06,0.39,66332,1027482,20.5,12.92
PPAP,PPAPBEN,291.9,293.0,293.0,1.1,0.38,200,58600,379.5,176.0
TATVA,TATVAEQN,1717.3,1723.8,1723.8,6.5,0.38,217,374064,1838.1,976.4
DENTA,DENTAEQN,295.75,296.85,296.85,1.1,0.37,1009,299521,479.6,222.0
DRREDDY,DRREDDYEQN,1200.0,1204.4,1204.4,4.4,0.37,4748,5718491,1414.9,1101.0
FCL,FCLEQN,43.36,43.52,43.52,0.16,0.37,77560,3375411,47.18,19.1
DEEPAKFERT,DEEPAKFERTEQN,1496.4,1502.0,1502.0,5.6,0.37,873,1311246,1681.0,866.4
IMFA,IMFAEQN,1404.5,1409.7,1409.7,5.2,0.37,394,555421,1679.9,797.0
FDC,FDCEQN,354.2,355.5,355.5,1.3,0.37,502,178461,527.8,312.95
MAFATIND,MAFATINDEQN,122.55,123.0,123.0,0.45,0.37,6,738,157.77,119.6
KRITIKA,KRITIKAEQN,5.59,5.61,5.61,0.02,0.36,1982,11119,11.1,4.5
RPEL,RPELEQN,1433.9,1439.0,1439.0,5.1,0.36,238,342482,1473.0,561.3
UTTAMSUGAR,UTTAMSUGAREQN,264.29,265.25,265.25,0.96,0.36,288,76392,299.0,181.1
PREMIERENE,PREMIERENEEQN,1017.3,1021.0,1021.0,3.7,0.36,855,872955,1134.0,660.0
PRECWIRE,PRECWIREEQN,458.35,460.0,460.0,1.65,0.36,2084,958640,474.9,170.02
MMTC,MMTCEQN,64.35,64.58,64.58,0.23,0.36,4744,306367,78.35,50.1
CAPILLARY,CAPILLARYEQN,538.05,540.0,540.0,1.95,0.36,116,62640,798.95,464.25
ALMONDZ,ALMONDZEQN,14.3,14.35,14.35,0.05,0.35,326,4678,22.1,10.68
RPOWER,RPOWEREQN,22.98,23.06,23.06,0.08,0.35,90816,2094216,50.85,20.17
HFCL,HFCLEQN,223.11,223.9,223.9,0.79,0.35,48464,10851089,230.95,59.82
JYOTICNC,JYOTICNCEQN,826.9,829.8,829.8,2.9,0.35,649,538540,1055.9,580.1
SANSERA,SANSERAEQN,3924.6,3938.5,3938.5,13.9,0.35,1116,4395366,4038.0,1241.3
VINATIORGA,VINATIORGAEQN,1338.3,1343.0,1343.0,4.7,0.35,42,56406,1849.9,1203.0
SEPC,SEPCEQN,5.77,5.79,5.79,0.02,0.35,37338,216187,13.73,4.65
RAMCOIND,RAMCOINDEQN,356.95,358.2,358.2,1.25,0.35,211,75580,398.05,230.65
EKC,EKCEQN,110.41,110.8,110.8,0.39,0.35,399,44209,156.79,90.25
PARACABLES,PARACABLESEQN,65.27,65.49,65.49,0.22,0.34,3600,235764,75.7,28.3
VAKRANGEE,VAKRANGEEEQN,5.92,5.94,5.94,0.02,0.34,2610,15503,9.77,4.61
HINDALCO,HINDALCOEQN,1029.5,1033.0,1033.0,3.5,0.34,6191,6395303,1176.0,688.0
CGPOWER,CGPOWEREQN,890.15,893.2,893.2,3.05,0.34,6946,6204167,980.9,525.5
AIRAN,AIRANEQN,15.26,15.31,15.31,0.05,0.33,69,1056,27.49,12.63
MOSCHIP,MOSCHIPEQN,208.31,209.0,209.0,0.69,0.33,13125,2743125,288.45,146.8
KUSUMGAR,KUSUMGAREQN,601.85,603.85,603.85,2.0,0.33,807,487306,659.5,548.0
KPEL,KPELEQN,252.1,252.9,252.9,0.8,0.32,685,173236,463.25,237.9
ARTEMISMED,ARTEMISMEDEQN,314.75,315.75,315.75,1.0,0.32,183,57782,325.9,203.35
KSOLVES,KSOLVESEQN,277.1,278.0,278.0,0.9,0.32,287,79786,354.85,245.75
SAMBHV,SAMBHVEQN,121.06,121.45,121.45,0.39,0.32,3832,465396,141.32,81.42
UTLSOLAR,UTLSOLAREQN,423.85,425.2,425.2,1.35,0.32,888,377577,432.05,172.0
MOIL,MOILEQN,274.15,275.0,275.0,0.85,0.31,1818,499950,404.9,242.35
BAJAJHLDNG,BAJAJHLDNGEQN,11475.0,11511.0,11511.0,36.0,0.31,125,1438875,14763.0,8588.0
NETWORK18,NETWORK18EQN,29.01,29.1,29.1,0.09,0.31,22159,644826,58.55,27.38
ABBOTINDIA,ABBOTINDIAEQN,27060.0,27145.0,27145.0,85.0,0.31,13,352885,33495.0,25150.0
GATEWAY,GATEWAYEQN,54.86,55.03,55.03,0.17,0.31,4882,268656,70.5,48.1
GAEL,GAELEQN,172.81,173.35,173.35,0.54,0.31,1989,344793,184.03,101.2
RELIANCE,RELIANCEEQN,1310.0,1314.0,1314.0,4.0,0.31,50918,66906252,1611.8,1249.8
KRBL,KRBLEQN,386.4,387.6,387.6,1.2,0.31,4003,1551562,495.0,274.65
ADANIENSOL,ADANIENSOLEQN,1616.0,1621.0,1621.0,5.0,0.31,4469,7244249,1789.0,744.9
DEEPAKNTR,DEEPAKNTREQN,1723.2,1728.6,1728.6,5.4,0.31,200,345720,1904.4,1280.0
KABRAEXTRU,KABRAEXTRUEQN,517.4,519.0,519.0,1.6,0.31,1040,539760,523.8,180.0
KWIL,KWILEQN,35.99,36.1,36.1,0.11,0.31,963724,34790436,39.45,22.24
MAHLIFE,MAHLIFEEQN,384.9,386.1,386.1,1.2,0.31,1040,401544,427.05,286.8
ANDHRSUGAR,ANDHRSUGAREQN,101.88,102.2,102.2,0.32,0.31,3014,308030,107.23,66.5
BBOX,BBOXEQN,795.85,798.2,798.2,2.35,0.3,1737,1386473,1103.0,435.05
CAPINVIT,CAPINVITIVN,76.81,77.04,77.04,0.23,0.3,453,34899,81.25,67.0
SALSTEEL,SALSTEELEQN,66.42,66.62,66.62,0.2,0.3,1180,78611,73.9,15.18
DATAPATTNS,DATAPATTNSEQN,4455.8,4469.0,4469.0,13.2,0.3,1194,5335986,4955.9,2131.0
NETWEB,NETWEBEQN,5007.2,5022.0,5022.0,14.8,0.3,3728,18722016,5269.0,2037.3
VIPCLOTHNG,VIPCLOTHNGEQN,20.14,20.2,20.2,0.06,0.3,3506,70821,41.2,14.05
ADFFOODS,ADFFOODSEQN,262.45,263.25,263.25,0.8,0.3,95,25008,346.95,153.1
CEATLTD,CEATLTDEQN,3688.8,3700.0,3700.0,11.2,0.3,215,795500,4438.0,3000.5
SHRINGARMS,SHRINGARMSEQN,223.27,223.95,223.95,0.68,0.3,1403,314201,266.5,166.0
BAJAJHIND,BAJAJHINDEQN,17.3,17.35,17.35,0.05,0.29,57448,996722,23.3,14.85
ESABINDIA,ESABINDIAEQN,6232.0,6250.0,6250.0,18.0,0.29,3,18750,7319.5,4710.0
EMBDL,EMBDLEQN,61.62,61.8,61.8,0.18,0.29,4911,303499,105.7,39.46
JKPAPER,JKPAPEREQN,379.9,381.0,381.0,1.1,0.29,813,309753,444.8,304.85
ASIANENE,ASIANENEEQN,374.4,375.5,375.5,1.1,0.29,1421,533585,420.0,230.0
HEIDELBERG,HEIDELBERGEQN,158.24,158.7,158.7,0.46,0.29,620,98394,224.8,136.1
ASAHISONG,ASAHISONGBEN,361.9,362.95,362.95,1.05,0.29,4,1451,413.95,179.64
GMRAIRPORT,GMRAIRPORTEQN,101.51,101.79,101.79,0.28,0.28,14560,1482062,115.64,84.11
MUTHOOTMF,MUTHOOTMFEQN,208.41,209.0,209.0,0.59,0.28,742,155078,262.77,141.2
CIFL,CIFLEQN,21.17,21.23,21.23,0.06,0.28,40,849,39.69,19.56
MARSONS,MARSONSEQN,104.52,104.8,104.8,0.28,0.27,5967,625341,175.4,100.25
ICRA,ICRAEQN,5265.6,5280.0,5280.0,14.4,0.27,56,295680,6982.0,4692.0
MRPL,MRPLEQN,170.54,171.0,171.0,0.46,0.27,27412,4687452,212.31,120.45
CINEVISTA,CINEVISTAEQN,14.72,14.76,14.76,0.04,0.27,1,14,22.8,12.16
CARBORUNIV,CARBORUNIVEQN,1151.6,1154.7,1154.7,3.1,0.27,142,163967,1306.9,735.2
DIFFNKG,DIFFNKGEQN,391.95,393.0,393.0,1.05,0.27,295,115935,453.9,216.8
DLF,DLFEQN,665.0,666.7,666.7,1.7,0.26,3707,2471456,794.8,489.4
GFLLIMITED,GFLLIMITEDEQN,50.79,50.92,50.92,0.13,0.26,500,25460,81.0,37.25
TCL,TCLSMN,134.15,134.5,134.5,0.35,0.26,3200,430400,139.0,74.05
TBZ,TBZEQN,251.35,252.0,252.0,0.65,0.26,594,149688,295.7,110.5
TCPLPACK,TCPLPACKEQN,4088.8,4099.6,4099.6,10.8,0.26,26,106589,4410.9,2200.0
SWIGGY,SWIGGYEQN,276.3,277.0,277.0,0.7,0.25,12814,3549478,474.0,235.75
ROSSARI,ROSSARIEQN,503.0,504.25,504.25,1.25,0.25,145,73116,690.3,375.0
SIYSIL,SIYSILEQN,637.4,639.0,639.0,1.6,0.25,11,7029,848.8,433.35
MUKANDLTD,MUKANDLTDEQN,134.14,134.48,134.48,0.34,0.25,187,25147,154.25,114.31
SOMATEX,SOMATEXEQN,91.37,91.6,91.6,0.23,0.25,11,1007,161.25,62.15
TEMBO,TEMBOEQN,60.8,60.95,60.95,0.15,0.25,5397,328947,837.0,58.95
HPL,HPLEQN,317.45,318.25,318.25,0.8,0.25,1149,365669,548.0,255.55
MANYAVAR,MANYAVAREQN,528.75,530.0,530.0,1.25,0.24,343,181790,796.55,329.2
NAVINFLUOR,NAVINFLUOREQN,8235.0,8255.0,8255.0,20.0,0.24,81,668655,8775.5,4498.5
ORISSAMINE,ORISSAMINEEQN,4883.1,4895.0,4895.0,11.9,0.24,151,739145,6138.9,3100.5
CSBBANK,CSBBANKEQN,319.8,320.55,320.55,0.75,0.23,541,173417,574.4,315.0
LTF,LTFEQN,306.3,307.0,307.0,0.7,0.23,8166,2506962,338.6,199.76
CAMLINFINE,CAMLINFINEEQN,103.76,104.0,104.0,0.24,0.23,1607,167128,235.0,96.21
KIMS,KIMSEQN,809.1,811.0,811.0,1.9,0.23,199,161389,858.0,575.8
GRMOVER,GRMOVEREQN,89.66,89.87,89.87,0.21,0.23,239,21478,185.45,81.95
AMNPLST,AMNPLSTEQN,193.05,193.5,193.5,0.45,0.23,24,4644,250.0,127.0
FUSION,FUSIONEQN,198.55,199.0,199.0,0.45,0.23,1481,294719,243.0,136.5
TAALTECH,TAALTECHEQN,4280.0,4290.0,4290.0,10.0,0.23,8,34320,4696.0,2616.1
SRTL,SRTLEQN,39.56,39.65,39.65,0.09,0.23,35,1387,73.36,38.7
AARTISURF,AARTISURFBEN,658.55,660.0,660.0,1.45,0.22,283,186780,677.7,316.0
TPLPLASTEH,TPLPLASTEHEQN,77.33,77.5,77.5,0.17,0.22,390,30225,90.33,50.01
VMM,VMMEQN,105.2,105.43,105.43,0.23,0.22,11825,1246709,157.6,98.77
EIHOTEL,EIHOTELEQN,300.35,301.0,301.0,0.65,0.22,518,155918,434.8,271.15
SIGNATURE,SIGNATUREEQN,809.25,811.05,811.05,1.8,0.22,190,154099,1158.0,705.2
PGIL,PGILEQN,2474.6,2480.0,2480.0,5.4,0.22,85,210800,2539.6,1178.1
NLCINDIA,NLCINDIAEQN,275.4,276.0,276.0,0.6,0.22,2400,662400,387.8,222.0
POONAWALLA,POONAWALLAEQN,497.9,499.0,499.0,1.1,0.22,1294,645706,570.4,361.2
UJJIVANSFB,UJJIVANSFBEQN,72.47,72.63,72.63,0.16,0.22,75858,5509566,73.29,41.32
LTTS,LTTSEQN,3476.8,3484.0,3484.0,7.2,0.21,187,651508,4726.0,3010.0
SANDESH,SANDESHEQN,1079.7,1082.0,1082.0,2.3,0.21,2,2164,1320.1,811.0
KRISHNADEF,KRISHNADEFEQN,1077.7,1080.0,1080.0,2.3,0.21,606,654480,1400.0,665.0
POLYMED,POLYMEDEQN,1786.2,1789.9,1789.9,3.7,0.21,395,707010,2144.9,1182.0
MINDACORP,MINDACORPEQN,720.05,721.55,721.55,1.5,0.21,1703,1228799,769.0,468.5
CARERATING,CARERATINGEQN,1717.4,1721.0,1721.0,3.6,0.21,82,141122,1838.0,1392.7
AXISBANK,AXISBANKEQN,1217.4,1220.0,1220.0,2.6,0.21,26642,32503240,1418.3,1042.5
PRAJIND,PRAJINDEQN,335.25,335.95,335.95,0.7,0.21,3106,1043460,433.0,273.0
ONEPOINT,ONEPOINTEQN,58.38,58.5,58.5,0.12,0.21,1500,87750,65.85,40.58
CUPID,CUPIDEQN,293.88,294.51,294.51,0.63,0.21,107940,31789409,299.0,32.87
ALKEM,ALKEMEQN,5368.0,5379.5,5379.5,11.5,0.21,691,3717234,5933.5,5075.0
BHARATGEAR,BHARATGEARBEN,103.28,103.5,103.5,0.22,0.21,150,15525,154.2,83.8
ASHOKLEY,ASHOKLEYEQN,171.64,171.99,171.99,0.35,0.2,175282,30146751,215.42,119.29
GKENERGY,GKENERGYEQN,127.64,127.9,127.9,0.26,0.2,2577,329598,239.6,87.2
CMRGREEN,CMRGREENEQN,213.57,213.99,213.99,0.42,0.2,575,123044,268.96,212.0
DONEAR,DONEAREQN,87.28,87.45,87.45,0.17,0.19,519,45386,116.51,77.6
ELANTAS,ELANTASEQN,11807.5,11830.0,11830.0,22.5,0.19,7,82810,13200.0,8900.0
PRICOLLTD,PRICOLLTDEQN,792.05,793.55,793.55,1.5,0.19,3082,2445721,795.0,422.9
TEGA,TEGAEQN,1703.8,1707.1,1707.1,3.3,0.19,616,1051573,2125.0,1473.0
VISHWARAJ,VISHWARAJEQN,5.29,5.3,5.3,0.01,0.19,244,1293,10.2,4.14
IFCI,IFCIEQN,76.94,77.09,77.09,0.15,0.19,74715,5759779,95.8,46.23
VEDL,VEDLEQN,267.5,268.0,268.0,0.5,0.19,32475,8703300,795.0,249.7
CUBEINVIT,CUBEINVITIVN,159.19,159.5,159.5,0.31,0.19,2763,440698,165.0,129.0
SNOWMAN,SNOWMANEQN,37.92,37.99,37.99,0.07,0.18,128,4862,59.8,30.5
ZENSARTECH,ZENSARTECHEQN,490.8,491.7,491.7,0.9,0.18,1437,706572,868.95,423.0
AWL,AWLEQN,192.16,192.5,192.5,0.34,0.18,4136,796180,282.9,171.19
REDINGTON,REDINGTONEQN,334.05,334.65,334.65,0.6,0.18,3459,1157554,364.5,191.31
PARKHOSPS,PARKHOSPSEQN,281.35,281.85,281.85,0.5,0.18,2123,598367,305.0,138.1
STLTECH,STLTECHBEN,647.75,648.9,648.9,1.15,0.18,4217,2736411,683.5,84.6
BODALCHEM,BODALCHEMBEN,68.48,68.6,68.6,0.12,0.18,570,39102,81.9,42.81
RATNAVEER,RATNAVEEREQN,230.16,230.56,230.56,0.4,0.17,28678,6611999,233.02,130.5
RADICO,RADICOEQN,4650.0,4657.8,4657.8,7.8,0.17,908,4229282,4675.2,2500.0
JKLAKSHMI,JKLAKSHMIEQN,549.05,550.0,550.0,0.95,0.17,314,172700,989.8,542.95
MASFIN,MASFINEQN,301.5,302.0,302.0,0.5,0.17,66,19932,358.85,277.35
DEVYANI,DEVYANIEQN,143.76,144.0,144.0,0.24,0.17,15827,2279088,191.0,91.55
SHARDAMOTR,SHARDAMOTREQN,898.25,899.8,899.8,1.55,0.17,182,163763,1189.9,700.0
OSWALPUMPS,OSWALPUMPSEQN,300.5,301.0,301.0,0.5,0.17,1797,540897,888.4,283.1
DBOL,DBOLEQN,119.8,120.0,120.0,0.2,0.17,2867,344040,130.73,69.0
PREMEXPLN,PREMEXPLNEQN,651.9,652.95,652.95,1.05,0.16,3727,2433544,829.8,378.4
EPL,EPLEQN,244.6,245.0,245.0,0.4,0.16,1452,355740,259.83,176.4
RUSTOMJEE,RUSTOMJEEEQN,371.45,372.05,372.05,0.6,0.16,130,48366,668.0,358.8
GSFC,GSFCEQN,160.25,160.5,160.5,0.25,0.16,3770,605085,220.59,138.83
ZEEL,ZEELEQN,102.28,102.44,102.44,0.16,0.16,114675,11747307,124.14,68.0
DGCONTENT,DGCONTENTEQN,24.57,24.61,24.61,0.04,0.16,3397,83600,42.07,21.61
WAAREERTL,WAAREERTLEQN,891.55,893.0,893.0,1.45,0.16,788,703684,1358.0,779.5
OBEROIRLTY,OBEROIRLTYEQN,1846.0,1849.0,1849.0,3.0,0.16,288,532512,1986.1,1391.2
NCLIND,NCLINDEQN,172.57,172.85,172.85,0.28,0.16,16,2765,223.88,147.5
3IINFOLTD,3IINFOLTDBEN,26.95,26.99,26.99,0.04,0.15,1222,32981,27.8,12.68
RELIGARE,RELIGAREEQN,234.75,235.1,235.1,0.35,0.15,198,46549,280.0,196.51
RECLTD,RECLTDEQN,335.0,335.5,335.5,0.5,0.15,9014,3024197,390.5,304.05
ATGL,ATGLEQN,654.05,655.0,655.0,0.95,0.15,3007,1969585,859.85,462.8
TEXRAIL,TEXRAILEQN,104.85,105.0,105.0,0.15,0.14,6398,671790,153.0,78.05
SALZERELEC,SALZERELECEQN,570.25,571.05,571.05,0.8,0.14,90,51394,952.5,488.8
DCW,DCWEQN,44.05,44.11,44.11,0.06,0.14,2236,98629,81.31,37.11
TECHNOE,TECHNOEEQN,968.4,969.75,969.75,1.35,0.14,622,603184,1575.0,870.0
ROUTE,ROUTEEQN,505.25,505.95,505.95,0.7,0.14,396,200356,921.6,410.7
ATUL,ATULEQN,6729.0,6738.5,6738.5,9.5,0.14,19,128031,7180.0,5560.5
HLVLTD,HLVLTDEQN,6.98,6.99,6.99,0.01,0.14,2158,15084,12.6,5.6
DOMS,DOMSEQN,2215.9,2219.1,2219.1,3.2,0.14,134,297359,2770.0,2023.9
AHCL,AHCLEQN,14.43,14.45,14.45,0.02,0.14,9750,140887,17.28,9.08
AEQUS,AEQUSEQN,249.64,250.0,250.0,0.36,0.14,6461,1615250,274.39,113.3
IGCL,IGCLEQN,70.91,71.01,71.01,0.1,0.14,10,710,118.99,49.46
UYFINCORP,UYFINCORPBEN,21.08,21.11,21.11,0.03,0.14,300,6333,22.34,11.16
CENTENKA,CENTENKAEQN,569.15,569.95,569.95,0.8,0.14,142,80932,671.65,371.2
CHEMCON,CHEMCONBEN,191.14,191.4,191.4,0.26,0.14,15,2871,295.0,125.0
OMNI,OMNIEQN,579.0,579.8,579.8,0.8,0.14,2514,1457617,764.85,176.25
ENGINERSIN,ENGINERSINEQN,243.68,244.0,244.0,0.32,0.13,4846,1182424,267.0,163.55
GREENPANEL,GREENPANELEQN,174.54,174.77,174.77,0.23,0.13,405,70781,333.8,163.01
GRSE,GRSEEQN,2618.6,2622.0,2622.0,3.4,0.13,845,2215590,3339.0,1963.7
LINDEINDIA,LINDEINDIAEQN,6696.0,6705.0,6705.0,9.0,0.13,28,187740,8049.0,5673.0
VIKRAN,VIKRANEQN,62.22,62.3,62.3,0.08,0.13,11419,711403,118.4,51.1
ZYDUSWELL,ZYDUSWELLEQN,510.3,510.95,510.95,0.65,0.13,369,188540,611.85,367.55
EPACKPEB,EPACKPEBEQN,229.7,230.0,230.0,0.3,0.13,1187,273010,344.0,132.17
KAMAHOLD,KAMAHOLDEQN,2449.5,2452.8,2452.8,3.3,0.13,80,196224,2783.9,2435.4
HECPROJECT,HECPROJECTEQN,130.05,130.2,130.2,0.15,0.12,243,31638,173.47,92.1
SADBHAV,SADBHAVEQN,8.54,8.55,8.55,0.01,0.12,200,1710,17.85,6.05
SIRCA,SIRCAEQN,426.9,427.4,427.4,0.5,0.12,886,378676,539.0,385.0
KALYANKJIL,KALYANKJILEQN,608.25,609.0,609.0,0.75,0.12,11092,6755028,648.95,327.05
DWARKESH,DWARKESHEQN,42.95,43.0,43.0,0.05,0.12,13143,565149,53.09,32.13
INDOMIM,INDOMIMEQN,849.35,850.4,850.4,1.05,0.12,10393,8838207,908.0,700.0
HINDOILEXP,HINDOILEXPEQN,152.1,152.29,152.29,0.19,0.12,247,37615,188.65,117.5
KTKBANK,KTKBANKEQN,309.65,310.0,310.0,0.35,0.11,3435,1064850,316.8,169.12
UCAL,UCALEQN,139.85,140.0,140.0,0.15,0.11,2793,391020,146.99,77.0
BIGBLOC,BIGBLOCEQN,44.95,45.0,45.0,0.05,0.11,90,4050,80.0,38.0
CIEINDIA,CIEINDIAEQN,407.75,408.2,408.2,0.45,0.11,269,109805,526.0,381.1
POLYCAB,POLYCABEQN,9240.0,9250.0,9250.0,10.0,0.11,383,3542750,10126.0,6663.0
CAPITALSFB,CAPITALSFBEQN,285.7,286.0,286.0,0.3,0.11,39,11154,323.7,206.55
BIKAJI,BIKAJIEQN,613.3,614.0,614.0,0.7,0.11,378,232092,818.7,592.55
THOMASCOOK,THOMASCOOKEQN,105.88,106.0,106.0,0.12,0.11,1977,209562,181.55,86.35
IBULLSLTD,IBULLSLTDEQN,27.08,27.11,27.11,0.03,0.11,11200,303632,32.5,8.9
PCJEWELLER,PCJEWELLEREQN,9.64,9.65,9.65,0.01,0.1,791529,7638254,15.38,7.47
CAPLIPOINT,CAPLIPOINTEQN,2480.5,2482.9,2482.9,2.4,0.1,157,389815,2699.0,1500.3
POWERINDIA,POWERINDIAEQN,35700.0,35735.0,35735.0,35.0,0.1,140,5002900,38785.0,16111.0
AURUM,AURUMEQN,220.47,220.7,220.7,0.23,0.1,159,35091,264.64,151.9
SJVN,SJVNEQN,67.21,67.28,67.28,0.07,0.1,11197,753334,101.45,63.02
DABUR,DABUREQN,405.25,405.65,405.65,0.4,0.1,3438,1394624,577.0,403.35
PARADEEP,PARADEEPEQN,147.85,148.0,148.0,0.15,0.1,6389,945572,232.22,99.7
RITES,RITESEQN,221.06,221.29,221.29,0.23,0.1,2195,485731,280.9,175.0
ALLCARGO,ALLCARGOEQN,10.0,10.01,10.01,0.01,0.1,42178,422201,36.55,7.11
TVSSCS,TVSSCSEQN,123.39,123.5,123.5,0.11,0.09,1524,188214,146.5,90.32
PRESTIGE,PRESTIGEEQN,1592.5,1594.0,1594.0,1.5,0.09,529,843226,1805.2,1090.0
FOSECOIND,FOSECOINDEQN,5655.0,5660.0,5660.0,5.0,0.09,16,90560,6846.0,4300.0
ETHOSLTD,ETHOSLTDEQN,2747.4,2750.0,2750.0,2.6,0.09,60,165000,3245.9,1919.4
ANURAS,ANURASEQN,1209.4,1210.5,1210.5,1.1,0.09,279,337729,1415.0,1045.2
VOLTAMP,VOLTAMPEQN,10141.0,10150.0,10150.0,9.0,0.09,21,213150,12863.0,6666.0
YUKEN,YUKENEQN,853.2,854.0,854.0,0.8,0.09,2,1708,1053.9,584.1
FOCUS,FOCUSBEN,66.44,66.49,66.49,0.05,0.08,50,3324,99.9,57.06
MINDTECK,MINDTECKEQN,177.85,178.0,178.0,0.15,0.08,723,128694,307.68,145.13
APOLSINHOT,APOLSINHOTEQN,1208.0,1209.0,1209.0,1.0,0.08,10,12090,1491.2,950.0
APCOTEXIND,APCOTEXINDEQN,599.5,600.0,600.0,0.5,0.08,1317,790200,712.0,310.45
TARIL,TARILEQN,298.05,298.3,298.3,0.25,0.08,3687,1099832,552.0,224.05
BOSCH-HCIL,BOSCH-HCILEQN,1654.2,1655.6,1655.6,1.4,0.08,39,64568,1778.6,1021.3
CPEDU,CPEDUEQN,204.84,205.0,205.0,0.16,0.08,57,11685,338.75,141.0
VISL,VISLEQN,36.87,36.9,36.9,0.03,0.08,74338,2743072,44.78,19.06
VIPIND,VIPINDEQN,299.8,300.0,300.0,0.2,0.07,513,153900,454.3,278.25
ICICIBANK,ICICIBANKEQN,1417.0,1418.0,1418.0,1.0,0.07,47972,68024296,1480.0,1187.6
CHOICEIN,CHOICEINEQN,804.35,804.95,804.95,0.6,0.07,2217,1784574,860.5,568.7
NSIL,NSILEQN,5496.0,5500.0,5500.0,4.0,0.07,7,38500,8730.0,4700.0
KEC,KECEQN,439.9,440.2,440.2,0.3,0.07,2482,1092576,937.8,438.0
HDFCLIFE,HDFCLIFEEQN,535.85,536.25,536.25,0.4,0.07,6199,3324213,815.0,530.5
CASTROLIND,CASTROLINDEQN,186.82,186.95,186.95,0.13,0.07,5658,1057763,211.4,170.1
UTKARSHBNK,UTKARSHBNKEQN,14.04,14.05,14.05,0.01,0.07,20309,285341,22.03,10.12
LLOYDSME,LLOYDSMEEQN,1918.6,1920.0,1920.0,1.4,0.07,1019,1956480,2125.0,1042.9
MARKOLINES,MARKOLINESEQN,175.12,175.25,175.25,0.13,0.07,1314,230278,191.75,131.65
AGROPHOS,AGROPHOSEQN,27.33,27.35,27.35,0.02,0.07,42,1148,47.47,23.9
TENNIND,TENNINDEQN,538.25,538.6,538.6,0.35,0.07,918,494434,657.0,438.05
JUSTDIAL,JUSTDIALEQN,681.0,681.5,681.5,0.5,0.07,202,137663,878.6,480.5
KKCL,KKCLEQN,512.7,513.0,513.0,0.3,0.06,47,24111,595.0,408.35
LUMAXIND,LUMAXINDEQN,5796.5,5800.0,5800.0,3.5,0.06,36,208800,6934.5,3274.0
BALPHARMA,BALPHARMAEQN,87.05,87.1,87.1,0.05,0.06,10,871,98.85,60.0
APOLLO,APOLLOEQN,393.55,393.8,393.8,0.25,0.06,23666,9319670,466.5,179.5
SPORTKING,SPORTKINGEQN,199.89,200.0,200.0,0.11,0.06,1778,355600,241.51,78.17
NESTLEIND,NESTLEINDEQN,1499.1,1500.0,1500.0,0.9,0.06,1301,1951500,1553.0,1084.7
HERITGFOOD,HERITGFOODEQN,358.0,358.2,358.2,0.2,0.06,305,109251,540.0,292.55
ICICIAMC,ICICIAMCEQN,3097.9,3099.9,3099.9,2.0,0.06,261,809073,3611.0,2530.0
GGBL,GGBLSMN,232.1,232.25,232.25,0.15,0.06,300,69675,480.95,215.0
DECNGOLD,DECNGOLDEQN,225.46,225.6,225.6,0.14,0.06,6578,1483996,238.5,114.8
SMARTWORKS,SMARTWORKSEQN,488.75,489.0,489.0,0.25,0.05,34,16626,619.0,361.5
SSWL,SSWLEQN,312.9,313.05,313.05,0.15,0.05,1113,348424,328.4,169.0
MCX,MCXEQN,2911.5,2913.1,2913.1,1.6,0.05,3365,9802581,3480.0,1460.8
MAXHEALTH,MAXHEALTHEQN,1008.6,1009.1,1009.1,0.5,0.05,2356,2377439,1275.0,903.0
ABB,ABBEQN,7649.0,7652.5,7652.5,3.5,0.05,165,1262662,7924.5,4637.5
PHOENIXLTD,PHOENIXLTDEQN,1890.0,1891.0,1891.0,1.0,0.05,100,189100,2169.8,1420.2
OSWALGREEN,OSWALGREENEQN,20.99,21.0,21.0,0.01,0.05,560,11760,43.79,19.76
ENDURANCE,ENDURANCEEQN,2899.0,2900.4,2900.4,1.4,0.05,338,980335,3079.9,2142.8
BEL,BELEQN,410.8,411.0,411.0,0.2,0.05,41949,17241039,473.45,361.2
APARINDS,APARINDSEQN,16691.0,16700.0,16700.0,9.0,0.05,456,7615200,18465.0,6801.0
AEGISLOG,AEGISLOGEQN,1265.4,1266.0,1266.0,0.6,0.05,1122,1420452,1497.8,576.1
KOVAI,KOVAIEQN,6038.5,6041.5,6041.5,3.0,0.05,11,66456,6340.0,5275.5
GEEKAYWIRE,GEEKAYWIREEQN,22.6,22.61,22.61,0.01,0.04,280,6330,40.63,18.51
ZODIAC,ZODIACEQN,266.9,267.0,267.0,0.1,0.04,6,1602,430.0,205.55
BBL,BBLEQN,2284.8,2285.8,2285.8,1.0,0.04,18,41144,3411.0,2051.7
PSB,PSBEQN,23.59,23.6,23.6,0.01,0.04,4860,114696,32.46,20.5
MAGADSUGAR,MAGADSUGAREQN,543.3,543.5,543.5,0.2,0.04,20,10870,609.95,417.0
MMFL,MMFLEQN,589.75,590.0,590.0,0.25,0.04,2015,1188850,664.0,288.1
CORDSCABLE,CORDSCABLEBEN,218.51,218.59,218.59,0.08,0.04,276,60330,259.4,127.01
CMSINFO,CMSINFOEQN,263.45,263.55,263.55,0.1,0.04,763,201088,452.3,253.4
NAZARA,NAZARAEQN,355.9,356.05,356.05,0.15,0.04,9508,3385323,362.0,215.7
CYBERTECH,CYBERTECHBEN,133.94,134.0,134.0,0.06,0.04,23,3082,274.8,95.3
FABTECH,FABTECHEQN,147.77,147.23,147.23,0.06,0.04,204,30034,262.8,132.7
APTECHT,APTECHTBEN,92.41,92.45,92.45,0.04,0.04,752,69522,144.3,69.1
EFCIL,EFCILEQN,179.92,180.0,180.0,0.08,0.04,433,77940,350.0,171.55
GROWW,GROWWEQN,196.17,196.25,196.25,0.08,0.04,47583,9338163,227.2,112.0
ITDC,ITDCEQN,696.75,697.0,697.0,0.25,0.04,83,57851,822.0,368.0
TARC,TARCEQN,125.2,125.24,125.24,0.04,0.03,700,87668,186.3,109.1
EIDPARRY,EIDPARRYEQN,775.2,775.45,775.45,0.25,0.03,1493,1157746,1196.4,698.2
EDELWEISS,EDELWEISSEQN,121.98,122.02,122.02,0.04,0.03,6162,751887,133.9,93.5
MANALIPETC,MANALIPETCEQN,69.27,69.29,69.29,0.02,0.03,4806,333007,77.6,39.13
VIDHIING,VIDHIINGEQN,309.9,310.0,310.0,0.1,0.03,64,19840,410.0,258.6
MAPMYINDIA,MAPMYINDIAEQN,989.7,990.0,990.0,0.3,0.03,288,285120,1998.0,795.0
IOB,IOBEQN,33.59,33.6,33.6,0.01,0.03,10213,343156,41.8,31.2
PCBL,PCBLEQN,309.8,309.9,309.9,0.1,0.03,1864,577653,425.95,226.5
PRSMJOHNSN,PRSMJOHNSNEQN,105.12,105.15,105.15,0.03,0.03,1295,136169,176.0,97.1
DBSTOCKBRO,DBSTOCKBROBEN,32.63,32.64,32.64,0.01,0.03,3,97,48.5,23.15
UBL,UBLEQN,1376.6,1377.0,1377.0,0.4,0.03,476,655452,1935.6,1276.0
NACLIND,NACLINDEQN,166.54,166.59,166.59,0.05,0.03,585,97455,262.2,112.62
ARMANFIN,ARMANFINEQN,1969.4,1969.9,1969.9,0.5,0.03,34,66976,2158.6,1270.0
SAREGAMA,SAREGAMAEQN,527.3,527.45,527.45,0.15,0.03,1069,563844,574.5,307.05
MGL,MGLEQN,1138.7,1139.0,1139.0,0.3,0.03,418,476102,1378.0,900.0
CORDELIA,CORDELIAEQN,837.85,838.1,838.1,0.25,0.03,275,230477,925.65,623.1
DDEVPLSTIK,DDEVPLSTIKEQN,276.95,277.0,277.0,0.05,0.02,303,83931,360.0,185.15
VBL,VBLEQN,435.0,435.1,435.1,0.1,0.02,3064,1333146,555.8,381.0
APEXECO,APEXECOSTN,290.0,290.05,290.05,0.05,0.02,800,232040,297.15,102.05
SANDHAR,SANDHAREQN,639.85,640.0,640.0,0.15,0.02,296,189440,763.2,405.2
KRYSTAL,KRYSTALEQN,620.0,620.1,620.1,0.1,0.02,20,12402,729.5,500.0
AHLEAST,AHLEASTEQN,138.12,138.15,138.15,0.03,0.02,2,276,175.3,127.25
SYNGENE,SYNGENEEQN,401.45,401.55,401.55,0.1,0.02,392,157407,684.6,375.25
JUBLFOOD,JUBLFOODEQN,504.1,504.2,504.2,0.1,0.02,7968,4017465,670.45,408.55
GTPL,GTPLEQN,52.89,52.9,52.9,0.01,0.02,52,2750,120.38,51.0
TVSSRICHAK,TVSSRICHAKEQN,4478.1,4479.0,4479.0,0.9,0.02,288,1289952,4775.8,2812.0
LASERPOWER,LASERPOWEREQN,302.9,302.95,302.95,0.05,0.02,577,174802,317.0,250.0
LLOYDSENT,LLOYDSENTEQN,76.49,76.5,76.5,0.01,0.01,2497,191020,84.7,40.69
PERSISTENT,PERSISTENTEQN,5580.0,5580.5,5580.5,0.5,0.01,2301,12840730,6599.0,4244.5
WHIRLPOOL,WHIRLPOOLEQN,778.9,779.0,779.0,0.1,0.01,544,423776,1437.0,753.15
DCBBANK,DCBBANKEQN,182.04,182.05,182.05,0.01,0.01,2558,465683,205.9,119.51
JAMNAAUTO,JAMNAAUTOEQN,123.12,123.13,123.13,0.01,0.01,3493,430093,152.6,89.01
SUNCLAY,SUNCLAYEQN,1249.9,1250.0,1250.0,0.1,0.01,20,25000,1942.0,1112.8
NITINSPIN,NITINSPINEQN,552.95,553.0,553.0,0.05,0.01,134,74102,599.0,302.2
FINOPB,FINOPBEQN,150.24,150.26,150.26,0.02,0.01,4113,618019,339.0,110.03
IDEAFORGE,IDEAFORGEEQN,820.85,820.95,820.95,0.1,0.01,5930,4868233,992.25,366.0
MEDPLUS,MEDPLUSEQN,668.95,669.0,669.0,0.05,0.01,113,75597,1022.2,653.0
RATEGAIN,RATEGAINEQN,942.6,942.7,942.7,0.1,0.01,1009,951184,1050.0,437.0
TSFINV,TSFINVEQN,415.45,415.5,415.5,0.05,0.01,32,13296,701.5,331.7
ASALCBR,ASALCBREQN,713.95,714.05,714.05,0.1,0.01,27,19279,1277.0,660.65
RALLIS,RALLISEQN,212.48,212.5,212.5,0.02,0.01,1231,261587,385.8,207.53
CONCORDBIO,CONCORDBIOEQN,1451.3,1451.4,1451.4,0.1,0.01,545,791013,1801.9,987.0
POCL,POCLEQN,491.95,492.0,492.0,0.05,0.01,909,447228,647.6,392.2
SURYODAY,SURYODAYEQN,152.06,152.07,152.07,0.01,0.01,642,97628,218.0,115.41
HDFCBANK,HDFCBANKEQN,727.0,727.05,727.05,0.05,0.01,90089,65499207,1020.5,722.0
SFL,SFLEQN,699.95,700.0,700.0,0.05,0.01,210,147000,832.45,456.8
STARPAPER,STARPAPEREQN,147.98,148.0,148.0,0.02,0.01,500,74000,188.8,119.05
MAHABANK,MAHABANKEQN,80.12,80.13,80.13,0.01,0.01,10230,819729,94.5,51.71
EMSLIMITED,EMSLIMITEDEQN,362.7,362.75,362.75,0.05,0.01,704,255376,593.85,256.05
LLOYDSENGG,LLOYDSENGGEQN,93.53,93.54,93.54,0.01,0.01,16187,1514131,99.75,37.4
NUCLEUS,NUCLEUSEQN,703.9,704.0,704.0,0.1,0.01,157,110528,1084.8,682.0
BOSCHLTD,BOSCHLTDEQN,47100.0,47105.0,47105.0,5.0,0.01,120,5652600,47315.0,28610.0
DREAMFOLKS,DREAMFOLKSEQN,66.71,66.72,66.72,0.01,0.01,114,7606,160.0,56.0
CLEANMAX,CLEANMAXEQN,1248.5,1248.6,1248.6,0.1,0.01,70,87402,1536.0,727.1
GTECJAINX,GTECJAINXBEN,28.99,28.99,28.99,0.0,0.0,127,3681,38.35,15.54
GALAPREC,GALAPRECEQN,1000.6,1000.6,1000.6,0.0,0.0,230,230138,1260.0,671.2
VSTL,VSTLEQN,107.91,107.91,107.91,0.0,0.0,151,16294,187.24,100.8
MARUTI,MARUTIEQN,13834.0,13834.0,13834.0,0.0,0.0,360,4980240,17370.0,12201.0
URJA,URJAEQN,9.49,9.49,9.49,0.0,0.0,9690,91958,14.45,8.0
KMSUGAR,KMSUGAREQN,27.56,27.56,27.56,0.0,0.0,25,689,33.73,23.0
MOKSH,MOKSHEQN,10.53,10.53,10.53,0.0,0.0,125,1316,16.65,8.11
NOIDATOLL,NOIDATOLLBEN,4.03,4.03,4.03,0.0,0.0,601,2422,7.43,2.87
ROLLT,ROLLTBEN,3.02,3.02,3.02,0.0,0.0,2396,7235,3.74,1.02
OSWALAGRO,OSWALAGROEQN,37.78,37.78,37.78,0.0,0.0,1,37,83.44,33.4
TTL,TTLEQN,6.14,6.14,6.14,0.0,0.0,144,884,11.8,5.5
DCXINDIA,DCXINDIAEQN,176.19,176.19,176.19,0.0,0.0,1095,192928,286.0,153.3
DREDGECORP,DREDGECORPEQN,1166.4,1166.4,1166.4,0.0,0.0,814,949449,1286.0,538.0
NECLIFE,NECLIFEEQN,11.0,11.0,11.0,0.0,0.0,1150,12650,22.4,9.3
GOKUL,GOKULEQN,38.87,38.87,38.87,0.0,0.0,1,38,45.89,31.0
INFOBEAN,INFOBEANEQN,162.4,162.4,162.4,0.0,0.0,187,30368,257.5,116.5
TIPSMUSIC,TIPSMUSICEQN,670.9,670.9,670.9,0.0,0.0,224,150281,741.0,481.15
SGFIN,SGFINEQN,662.05,662.05,662.05,0.0,0.0,208,137706,727.45,323.0
ANTGRAPHIC,ANTGRAPHICEQN,0.73,0.73,0.73,0.0,0.0,8290,6051,1.22,0.64
HEXT,HEXTEQN,569.85,569.85,569.85,0.0,0.0,267,152149,829.4,400.2
WAAREEENER,WAAREEENEREQN,2682.0,2682.0,2682.0,0.0,0.0,1690,4532580,3865.0,2403.0
SURAKSHA,SURAKSHAEQN,304.9,304.9,304.9,0.0,0.0,407,124094,333.0,224.1
TVSHLTD,TVSHLTDEQN,13994.0,13994.0,13994.0,0.0,0.0,3,41982,16297.0,11444.0
AJOONI,AJOONIEQN,3.86,3.86,3.86,0.0,0.0,1685,6504,5.94,3.4
QUESS,QUESSEQN,337.8,337.8,337.8,0.0,0.0,1079,364486,349.5,166.3
REGENCERAM,REGENCERAMEQN,36.31,36.31,36.31,0.0,0.0,50,1815,54.99,30.0
SKIL,SKILBZN,0.9,0.9,0.9,0.0,0.0,1,0,2.28,0.84
SIEMENS,SIEMENSEQN,3940.0,3940.0,3940.0,0.0,0.0,286,1126840,4097.9,2826.0
IIFLCAPS,IIFLCAPSEQN,335.2,335.2,335.2,0.0,0.0,440,147488,411.3,240.4
KRITINUT,KRITINUTEQN,82.16,82.16,82.16,0.0,0.0,13,1068,108.5,51.36
ITC,ITCEQN,278.2,278.2,278.2,0.0,0.0,34320,9547824,427.0,275.0
VINCOFE,VINCOFEEQN,148.05,148.05,148.05,0.0,0.0,4061,601231,179.85,120.24
MAHAPEXLTD,MAHAPEXLTDEQN,50.41,50.41,50.41,0.0,0.0,10,504,75.64,37.32
CARRARO,CARRAROEQN,514.65,514.65,514.65,0.0,0.0,440,226446,667.55,405.0
NDL,NDLEQN,2.32,2.32,2.32,0.0,0.0,13583,31512,3.75,1.8
HDIL,HDILBZN,1.53,1.53,1.53,0.0,0.0,60,91,3.36,1.49
SHAKTIPUMP,SHAKTIPUMPEQN,500.3,500.3,500.3,0.0,0.0,1903,952070,915.0,456.35
ALPA,ALPAEQN,64.27,64.27,64.27,0.0,0.0,76,4884,101.0,46.1
LOTUSEYE,LOTUSEYEEQN,115.22,115.22,115.22,0.0,0.0,100,11522,147.0,75.51
ALIVUS,ALIVUSEQN,1386.7,1386.7,1386.7,0.0,0.0,677,938795,1418.0,819.0
INDRAMEDCO,INDRAMEDCOEQN,373.4,373.4,373.4,0.0,0.0,1126,420448,640.85,342.0
SKMEGGPROD,SKMEGGPRODEQN,259.5,259.5,259.5,0.0,0.0,265,68767,372.0,143.1
NTPC,NTPCEQN,340.0,340.0,340.0,0.0,0.0,16035,5451900,414.4,315.55
SATIA,SATIAEQN,59.88,59.88,59.88,0.0,0.0,1541,92275,90.7,50.8
MITTAL,MITTALEQN,0.91,0.91,0.91,0.0,0.0,2228,2027,1.82,0.7
ITCHOTELS,ITCHOTELSEQN,164.93,164.93,164.93,0.0,0.0,5693,938946,253.67,137.3
BALMLAWRIE,BALMLAWRIEEQN,173.43,173.43,173.43,0.0,0.0,392,67984,238.2,148.36
ASHAPURMIN,ASHAPURMINEQN,603.45,603.45,603.45,0.0,0.0,655,395259,924.9,455.1
UCOBANK,UCOBANKEQN,26.0,26.0,26.0,0.0,0.0,20239,526214,34.2,22.22
SUVEN,SUVENEQN,342.35,342.35,342.35,0.0,0.0,2087,714484,371.0,124.11
EMUDHRA,EMUDHRAEQN,518.8,518.8,518.8,0.0,0.0,193,100128,771.05,364.55
CEWATER,CEWATEREQN,264.65,264.65,264.65,0.0,0.0,160,42344,579.0,235.0
SANATHAN,SANATHANEQN,471.35,471.35,471.35,0.0,0.0,3,1414,551.95,352.6
GPTHEALTH,GPTHEALTHEQN,156.15,156.15,156.15,0.0,0.0,204,31854,175.0,115.0
KSL,KSLEQN,838.95,838.95,838.95,0.0,0.0,7,5872,982.55,574.0
SETUINFRA,SETUINFRABZN,0.42,0.42,0.42,0.0,0.0,16,6,0.78,0.37
YASHO,YASHOEQN,4215.7,4215.8,4215.8,0.1,0.0,456,1922404,4490.0,1130.0
STEELXIND,STEELXINDEQN,10.87,10.87,10.87,0.0,0.0,11036,119961,13.95,7.0
PIIND,PIINDEQN,2490.1,2490.1,2490.1,0.0,0.0,253,629995,3917.8,2457.0
BIRLAMONEY,BIRLAMONEYEQN,131.88,131.88,131.88,0.0,0.0,82,10814,197.39,95.0
WESTLIFE,WESTLIFEEQN,582.9,582.9,582.9,0.0,0.0,48,27979,775.0,398.4
SHEKHAWATI,SHEKHAWATIBEN,19.33,19.33,19.33,0.0,0.0,4,77,25.75,9.12
AMDIND,AMDINDEQN,54.8,54.8,54.8,0.0,0.0,193,10576,68.07,33.77
BALAMINES,BALAMINESEQN,2133.8,2133.8,2133.8,0.0,0.0,194,413957,2443.6,968.1
GRINDWELL,GRINDWELLEQN,2167.5,2167.5,2167.5,0.0,0.0,146,316455,2455.0,1329.0
IRCTC,IRCTCEQN,497.5,497.5,497.5,0.0,0.0,5391,2682022,739.0,485.3
AAKASH,AAKASHEQN,8.79,8.79,8.79,0.0,0.0,554,4869,13.4,7.21
SHOPERSTOP,SHOPERSTOPEQN,424.35,424.35,424.35,0.0,0.0,30,12730,572.0,275.95
YESBANK,YESBANKEQN,22.67,22.67,22.67,0.0,0.0,416793,9448697,25.78,17.2
BAJAJELEC,BAJAJELECEQN,362.4,362.4,362.4,0.0,0.0,1607,582376,653.8,301.0
UDS,UDSEQN,211.5,211.49,211.49,-0.01,0.0,322,68099,266.2,125.1
PILITA,PILITAEQN,8.48,8.48,8.48,0.0,0.0,278,2357,15.9,6.2
RHIM,RHIMEQN,379.85,379.85,379.85,0.0,0.0,2597,986470,515.55,323.05
SYMPHONY,SYMPHONYEQN,621.3,621.3,621.3,0.0,0.0,286,177691,991.5,618.2
AARTIIND,AARTIINDEQN,534.1,534.1,534.1,0.0,0.0,5275,2817377,541.7,338.05
RUBFILA,RUBFILAEQN,66.78,66.78,66.78,0.0,0.0,17,1135,89.24,57.31
ADANIPORTS,ADANIPORTSEQN,1700.0,1700.0,1700.0,0.0,0.0,4943,8403100,1891.1,1290.5
COLPAL,COLPALEQN,1981.0,1981.0,1981.0,0.0,0.0,176,348656,2504.0,1782.0
LTFOODS,LTFOODSEQN,419.8,419.8,419.8,0.0,0.0,496,208220,480.0,333.15
HIRECT,HIRECTEQN,1256.0,1256.0,1256.0,0.0,0.0,79,99224,1399.0,565.2
GANDHITUBE,GANDHITUBEEQN,882.85,882.85,882.85,0.0,0.0,9,7945,1031.8,681.05
SHILPAMED,SHILPAMEDEQN,822.0,822.0,822.0,0.0,0.0,2748,2258856,825.4,259.5
SARDAEN,SARDAENEQN,531.15,531.15,531.15,0.0,0.0,5169,2745514,639.75,453.1
TREL,TRELEQN,25.93,25.93,25.93,0.0,0.0,9,233,34.37,21.47
DIAMONDYD,DIAMONDYDEQN,1191.4,1191.4,1191.4,0.0,0.0,12,14296,1245.0,858.9
DHUNINV,DHUNINVEQN,1063.5,1063.5,1063.5,0.0,0.0,12,12762,1573.1,667.1
DELAPLEX,DELAPLEXSMN,90.0,90.0,90.0,0.0,0.0,600,54000,194.85,81.15
STARCEMENT,STARCEMENTEQN,200.06,200.06,200.06,0.0,0.0,472,94428,308.95,195.91
DHARMAJ,DHARMAJEQN,270.15,270.15,270.15,0.0,0.0,9,2431,386.5,210.65
GPIL,GPILEQN,235.43,235.43,235.43,0.0,0.0,2900,682747,320.0,197.1
JPPOWER,JPPOWEREQN,17.39,17.39,17.39,0.0,0.0,200233,3482051,24.5,13.15
DELTAMAGNT,DELTAMAGNTEQN,58.5,58.5,58.5,0.0,0.0,1,58,93.45,45.51
LANDMARK,LANDMARKEQN,511.65,511.65,511.65,0.0,0.0,43,22000,662.8,339.5
KEI,KEIEQN,5700.0,5700.0,5700.0,0.0,0.0,138,786600,5837.0,3728.7
RML,RMLEQN,1113.5,1113.5,1113.5,0.0,0.0,7,7794,1323.9,608.5
KIRLOSENG,KIRLOSENGEQN,2100.1,2100.1,2100.1,0.0,0.0,287,602728,2720.0,855.8
SAMMAANCAP,SAMMAANCAPEQN,152.39,152.39,152.39,0.0,0.0,36393,5545929,192.95,116.7
M&M,M&MEQN,3428.3,3428.3,3428.3,0.0,0.0,13445,46093493,3839.9,2896.0
IDEA,IDEAEQN,14.11,14.11,14.11,0.0,0.0,2468849,34835459,15.34,6.12
PRABHA,PRABHAEQN,155.93,155.93,155.93,0.0,0.0,35,5457,266.99,137.91
AADHARHFC,AADHARHFCEQN,498.2,498.2,498.2,0.0,0.0,215,107113,563.0,430.15
EQUITASBNK,EQUITASBNKEQN,74.52,74.52,74.52,0.0,0.0,16785,1250818,83.9,50.0
MAHSEAMLES,MAHSEAMLESEQN,612.45,612.45,612.45,0.0,0.0,353,216194,690.0,500.7
TATASTEEL,TATASTEELEQN,183.5,183.5,183.5,0.0,0.0,43205,7928117,224.4,153.05
AJMERA,AJMERAEQN,118.23,118.23,118.23,0.0,0.0,25,2955,221.4,98.03
JINDRILL,JINDRILLEQN,588.0,588.0,588.0,0.0,0.0,374,219912,693.5,440.1
GOCOLORS,GOCOLORSEQN,327.5,327.5,327.5,0.0,0.0,38,12445,760.9,237.05
HESTERBIO,HESTERBIOEQN,2414.4,2414.4,2414.4,0.0,0.0,17,41044,2683.6,1239.3
ALKYLAMINE,ALKYLAMINEEQN,1916.9,1916.9,1916.9,0.0,0.0,68,130349,2201.9,1212.0
SANDUMA,SANDUMAEQN,198.01,198.01,198.01,0.0,0.0,1664,329488,273.0,141.37
INVENTURE,INVENTUREEQN,0.92,0.92,0.92,0.0,0.0,4311,3966,1.72,0.81
MAITHANALL,MAITHANALLEQN,971.25,971.25,971.25,0.0,0.0,58,56332,1210.1,831.2
OLAELEC,OLAELECEQN,38.73,38.73,38.73,0.0,0.0,235277,9112278,71.25,22.25
GTLINFRA,GTLINFRAEQN,1.21,1.21,1.21,0.0,0.0,250430,303020,1.67,0.96
SHRIRAMPPS,SHRIRAMPPSEQN,78.11,78.11,78.11,0.0,0.0,1021,79750,99.44,60.57
AQYLON,AQYLONEQN,22.93,22.93,22.93,0.0,0.0,2065,47350,224.7,22.5
PTL,PTLEQN,38.64,38.64,38.64,0.0,0.0,361,13949,43.77,36.1
NINSYS,NINSYSEQN,738.95,738.95,738.95,0.0,0.0,2,1477,935.0,281.05
PFC,PFCEQN,376.0,376.0,376.0,0.0,0.0,10100,3797600,486.5,329.9
RATNAMANI,RATNAMANIEQN,2352.0,2352.0,2352.0,0.0,0.0,24,56448,3345.0,1936.5
ADANIPOWER,ADANIPOWEREQN,205.25,205.25,205.25,0.0,0.0,48531,9960987,254.2,116.22
AKUMS,AKUMSEQN,726.6,726.6,726.6,0.0,0.0,534,388004,775.0,409.3
LICHSGFIN,LICHSGFINEQN,500.0,500.0,500.0,0.0,0.0,2686,1343000,598.2,458.9
SUZLON,SUZLONEQN,47.1,47.1,47.1,0.0,0.0,172114,8106569,61.64,38.19
SWSOLAR,SWSOLAREQN,202.01,202.0,202.0,-0.01,0.0,3532,713464,286.5,148.0
AEGISVOPAK,AEGISVOPAKEQN,269.1,269.1,269.1,0.0,0.0,4316,1161435,311.49,158.0
TEAMLEASE,TEAMLEASEEQN,1255.0,1255.0,1255.0,0.0,0.0,83,104165,1944.3,1065.2
UNIPARTS,UNIPARTSEQN,816.0,816.0,816.0,0.0,0.0,234,190944,839.0,387.1
ATAM,ATAMEQN,59.03,59.03,59.03,0.0,0.0,384,22667,111.0,48.5
GLOBECIVIL,GLOBECIVILEQN,44.41,44.41,44.41,0.0,0.0,5,222,85.3,33.5
BAJAJ-AUTO,BAJAJ-AUTOEQN,11700.0,11700.0,11700.0,0.0,0.0,447,5229900,11863.0,8198.0
GOACARBON,GOACARBONEQN,362.55,362.55,362.55,0.0,0.0,5,1812,494.9,272.85
SAIFL,SAIFLSMN,5.1,5.1,5.1,0.0,0.0,4000,20400,26.8,4.9
SGIL,SGILEQN,560.85,560.85,560.85,0.0,0.0,14,7851,633.25,420.0
NCC,NCCEQN,140.65,140.65,140.65,0.0,0.0,4954,696780,223.1,130.0
JAYNECOIND,JAYNECOINDEQN,88.93,88.93,88.93,0.0,0.0,6196,551010,117.0,56.71
MURUDCERA,MURUDCERAEQN,30.5,30.5,30.5,0.0,0.0,7,213,47.5,25.16
BAYERCROP,BAYERCROPEQN,4045.8,4045.8,4045.8,0.0,0.0,26,105190,5706.0,4030.0
GREAVESCOT,GREAVESCOTEQN,194.37,194.37,194.37,0.0,0.0,2762,536849,271.9,119.99
MSTCLTD,MSTCLTDEQN,623.4,623.4,623.4,0.0,0.0,3938,2454949,743.9,362.15
AVANTIFEED,AVANTIFEEDEQN,861.4,861.4,861.4,0.0,0.0,879,757170,1593.8,614.25
INDOBORAX,INDOBORAXEQN,425.35,425.35,425.35,0.0,0.0,139,59123,499.0,224.0
PRECOT,PRECOTEQN,717.15,717.15,717.15,0.0,0.0,49,35140,899.0,300.05
AARVI,AARVIEQN,153.47,153.47,153.47,0.0,0.0,24,3683,168.4,111.9
SINTERCOM,SINTERCOMEQN,82.46,82.46,82.46,0.0,0.0,11,907,130.0,62.99
BOROSCI,BOROSCIEQN,133.92,133.92,133.92,0.0,0.0,110,14731,180.8,96.64
PAYTM,PAYTMEQN,1603.0,1603.0,1603.0,0.0,0.0,3869,6202007,1657.6,930.6
TORNTPOWER,TORNTPOWEREQN,1309.1,1309.1,1309.1,0.0,0.0,301,394039,1824.1,1188.0
HINDCON,HINDCONEQN,22.71,22.71,22.71,0.0,0.0,162,3679,37.75,15.66
SOBHA,SOBHAEQN,1328.2,1328.2,1328.2,0.0,0.0,186,247045,1732.0,1130.0
EIHAHOTELS,EIHAHOTELSEQN,299.25,299.25,299.25,0.0,0.0,10,2992,434.9,266.65
NAHARSPING,NAHARSPINGEQN,302.0,302.0,302.0,0.0,0.0,17,5134,349.0,149.2
GIPCL,GIPCLEQN,175.77,175.77,175.77,0.0,0.0,896,157489,202.05,119.9
IEX,IEXEQN,124.75,124.75,124.75,0.0,0.0,10628,1325843,160.27,114.6
GICRE,GICREEQN,352.1,352.1,352.1,0.0,0.0,1994,702087,417.95,346.7
KDDL,KDDLEQN,3930.2,3930.2,3930.2,0.0,0.0,103,404810,4155.5,1990.0
WONDERLA,WONDERLAEQN,468.25,468.25,468.25,0.0,0.0,314,147030,659.0,455.0
ARSHIYA,ARSHIYABZN,0.94,0.94,0.94,0.0,0.0,122,114,2.6,0.9
GLOBE,GLOBEEQN,1.99,1.99,1.99,0.0,0.0,2223,4423,3.29,1.86
NAVNETEDUL,NAVNETEDULEQN,134.01,134.01,134.01,0.0,0.0,524,70221,168.5,121.5
PATELENG,PATELENGEQN,28.45,28.45,28.45,0.0,0.0,4956,140998,41.13,22.0
BHAGCHEM,BHAGCHEMEQN,289.85,289.85,289.85,0.0,0.0,679,196808,316.9,170.6
GLOBALE,GLOBALEEQN,10.74,10.74,10.74,0.0,0.0,1,10,15.4,9.2
WELCORP,WELCORPEQN,1873.3,1873.3,1873.3,0.0,0.0,779,1459300,1896.0,710.0
MANINFRA,MANINFRAEQN,106.15,106.15,106.15,0.0,0.0,510,54136,169.6,77.12
ARVINDFASN,ARVINDFASNEQN,447.85,447.85,447.85,0.0,0.0,294,131667,579.0,366.2
ELDEHSG,ELDEHSGEQN,759.3,759.3,759.3,0.0,0.0,1,759,1044.1,691.2
GEECEE,GEECEEBEN,371.6,371.6,371.6,0.0,0.0,3,1114,393.9,215.85
GODREJPROP,GODREJPROPEQN,1990.0,1990.0,1990.0,0.0,0.0,980,1950200,2352.0,1434.0
AVANTEL,AVANTELEQN,158.5,158.5,158.5,0.0,0.0,1831,290213,215.0,117.05
TVSMOTOR,TVSMOTOREQN,4307.0,4307.0,4307.0,0.0,0.0,449,1933843,4475.0,2985.6
NESCO,NESCOEQN,1038.0,1038.0,1038.0,0.0,0.0,23,23874,1638.9,996.0
AGI,AGIEQN,703.8,703.8,703.8,0.0,0.0,169,118942,967.0,465.0
PEARLPOLY,PEARLPOLYEQN,16.77,16.77,16.77,0.0,0.0,10,167,35.02,12.75
TTML,TTMLEQN,38.59,38.59,38.59,0.0,0.0,7926,305864,60.89,31.22
SHAILY,SHAILYEQN,3365.0,3365.0,3365.0,0.0,0.0,198,666270,3615.2,1770.9
INTERARCH,INTERARCHEQN,1736.2,1736.2,1736.2,0.0,0.0,91,157994,2762.6,1600.0
SUNDARMFIN,SUNDARMFINEQN,4470.5,4470.5,4470.5,0.0,0.0,18,80469,5642.0,4000.0
TATAELXSI,TATAELXSIEQN,3772.7,3772.6,3772.6,-0.1,0.0,313,1180823,5950.0,3353.9
TATAPOWER,TATAPOWEREQN,382.05,382.05,382.05,0.0,0.0,13891,5307056,464.9,342.5
UNITDSPR,UNITDSPREQN,1536.0,1536.0,1536.0,0.0,0.0,1028,1579008,1548.7,1210.8
SKIPPER,SKIPPEREQN,525.35,525.35,525.35,0.0,0.0,296,155503,593.0,327.05
KPIGREEN,KPIGREENEQN,319.0,319.0,319.0,0.0,0.0,6955,2218645,542.25,317.0
COALINDIA,COALINDIAEQN,407.1,407.1,407.1,0.0,0.0,10907,4440239,491.25,368.65
ICICIPRULI,ICICIPRULIEQN,509.15,509.15,509.15,0.0,0.0,1567,797838,706.8,459.5
BLUEDART,BLUEDARTEQN,5141.0,5141.0,5141.0,0.0,0.0,17,87397,7036.0,4628.5
SCODATUBES,SCODATUBESEQN,133.23,133.23,133.23,0.0,0.0,194,25846,187.7,110.0
INDHOTEL,INDHOTELEQN,720.0,720.0,720.0,0.0,0.0,1155,831600,811.95,565.0
HGINFRA,HGINFRAEQN,523.75,523.75,523.75,0.0,0.0,378,197977,1049.95,429.5
JUBLPHARMA,JUBLPHARMAEQN,865.8,865.8,865.8,0.0,0.0,488,422510,1184.8,786.05
MARICO,MARICOEQN,865.2,865.2,865.2,0.0,0.0,1261,1091017,889.1,690.3
BALKRISHNA,BALKRISHNAEQN,17.54,17.54,17.54,0.0,0.0,1000,17540,25.97,12.0
GODREJCP,GODREJCPEQN,934.3,934.3,934.3,0.0,0.0,2088,1950818,1309.0,906.3
INDIAMART,INDIAMARTEQN,1789.9,1789.9,1789.9,0.0,0.0,173,309652,2685.0,1730.0
DBL,DBLEQN,412.35,412.35,412.35,0.0,0.0,1246,513788,585.0,381.55
JYOTHYLAB,JYOTHYLABEQN,199.36,199.36,199.36,0.0,0.0,1332,265547,352.7,188.1
DPSCLTD,DPSCLTDBEN,7.32,7.32,7.32,0.0,0.0,1231,9010,13.31,6.95
POWERGRID,POWERGRIDEQN,266.05,266.05,266.05,0.0,0.0,27086,7206230,324.95,250.0
LEMONTREE,LEMONTREEEQN,108.92,108.92,108.92,0.0,0.0,5310,578365,180.68,99.61
SCI,SCIEQN,292.25,292.25,292.25,0.0,0.0,5564,1626079,368.75,195.55
BASF,BASFEQN,4077.9,4077.9,4077.9,0.0,0.0,52,212050,4829.9,3122.2
IREDA,IREDAEQN,116.25,116.25,116.25,0.0,0.0,16953,1970786,163.35,108.65
JAICORPLTD,JAICORPLTDEQN,100.63,100.63,100.63,0.0,0.0,1746,175699,178.24,88.0
ASTERDM,ASTERDMEQN,822.35,822.35,822.35,0.0,0.0,2676,2200608,891.3,519.1
AHLADA,AHLADAEQN,38.36,38.36,38.36,0.0,0.0,6,230,72.0,31.22
GREENPLY,GREENPLYEQN,280.95,280.95,280.95,0.0,0.0,96,26971,334.4,176.42
VGUARD,VGUARDEQN,326.75,326.75,326.75,0.0,0.0,480,156840,392.2,288.8
CAPACITE,CAPACITEEQN,214.53,214.53,214.53,0.0,0.0,955,204876,334.0,180.0
TITAN,TITANEQN,5056.2,5056.2,5056.2,0.0,0.0,1063,5374740,5168.0,3303.1
VESUVIUS,VESUVIUSEQN,431.55,431.55,431.55,0.0,0.0,259,111771,607.9,429.35
VIKASLIFE,VIKASLIFEEQN,1.25,1.25,1.25,0.0,0.0,22331,27913,2.37,1.05
TCI,TCIEQN,915.2,915.2,915.2,0.0,0.0,39,35692,1242.0,868.05
GOLDENTOBC,GOLDENTOBCBZN,24.99,24.99,24.99,0.0,0.0,1,24,37.5,20.34
CELEBRITY,CELEBRITYEQN,6.77,6.77,6.77,0.0,0.0,1,6,14.2,5.65
URAVIDEF,URAVIDEFBEN,108.82,108.82,108.82,0.0,0.0,1,108,509.0,106.0
JIOFIN,JIOFINEQN,249.05,249.05,249.05,0.0,0.0,73393,18278526,333.7,223.3
SHRIPISTON,SHRIPISTONEQN,4492.4,4492.4,4492.4,0.0,0.0,70,314468,4588.0,2444.8
RTNPOWER,RTNPOWEREQN,8.45,8.45,8.45,0.0,0.0,106213,897499,12.9,7.52
INDORAMA,INDORAMAEQN,56.09,56.09,56.09,0.0,0.0,245,13742,75.0,29.0
EXCELINDUS,EXCELINDUSEQN,1013.65,1013.65,1013.65,0.0,0.0,22,22300,1348.8,800.05
EMIL,EMILEQN,189.44,189.44,189.44,0.0,0.0,9818,1859921,196.74,84.9
OMAXAUTO,OMAXAUTOEQN,204.96,204.96,204.96,0.0,0.0,36,7378,263.4,84.5
ANKITMETAL,ANKITMETALBZN,1.58,1.58,1.58,0.0,0.0,18,28,2.12,1.29
SAGILITY,SAGILITYEQN,42.28,42.28,42.28,0.0,0.0,37738,1595562,57.89,35.83
CINELINE,CINELINEEQN,89.79,89.79,89.79,0.0,0.0,5,448,97.5,73.35
BUTTERFLY,BUTTERFLYEQN,677.9,677.9,677.9,0.0,0.0,3,2033,823.85,565.8
CRAFTSMAN,CRAFTSMANEQN,10251.0,10251.0,10251.0,0.0,0.0,658,6745158,10762.0,6324.0
ATHERENERG,ATHERENERGEQN,1511.5,1511.5,1511.5,0.0,0.0,10381,15690881,1580.0,407.7
TICL,TICLBEN,9.51,9.51,9.51,0.0,0.0,9,85,33.99,8.91
K2INFRA,K2INFRASTN,50.5,50.5,50.5,0.0,0.0,600,30300,82.8,40.8
GLOBALVECT,GLOBALVECTEQN,150.53,150.53,150.53,0.0,0.0,19,2860,248.0,129.0
KALPATARU,KALPATARUEQN,286.25,286.25,286.25,0.0,0.0,978,279952,429.3,258.0
ARE&M,ARE&MEQN,945.95,945.95,945.95,0.0,0.0,2204,2084873,1057.85,670.0
BGLOBAL,BGLOBALBZN,3.27,3.27,3.27,0.0,0.0,1000,3270,4.6,2.62
ZENITHEXPO,ZENITHEXPOEQN,215.27,215.27,215.27,0.0,0.0,10,2152,351.65,174.0
BLUSPRING,BLUSPRINGEQN,111.07,111.07,111.07,0.0,0.0,1384,153720,131.82,43.98
HEADSUP,HEADSUPEQN,6.93,6.93,6.93,0.0,0.0,100,693,12.95,5.69
WELINV,WELINVBEN,1848.0,1848.0,1848.0,0.0,0.0,2,3696,1980.0,865.0
ALLETEC,ALLETECSTN,137.0,137.0,137.0,0.0,0.0,1200,164400,315.0,115.8
VENUSREM,VENUSREMBEN,1782.1,1782.1,1782.1,0.0,0.0,56,99797,2044.3,424.0
DELPHIFX,DELPHIFXBEN,6.66,6.66,6.66,0.0,0.0,22,146,18.25,6.21
KAVDEFENCE,KAVDEFENCEEQN,56.96,56.96,56.96,0.0,0.0,733,41751,162.87,51.51
DCMFINSERV,DCMFINSERVEQN,5.31,5.31,5.31,0.0,0.0,10,53,8.55,3.7
SHRIAHIMSA,SHRIAHIMSASTN,393.5,393.5,393.5,0.0,0.0,600,236100,455.0,180.2
SHANTI,SHANTIEQN,6.22,6.22,6.22,0.0,0.0,502,3122,12.26,4.7
TMCV,TMCVEQN,474.3,474.3,474.3,0.0,0.0,15876,7529986,509.0,306.3
BIRLANU,BIRLANUEQN,1555.2,1555.2,1555.2,0.0,0.0,83,129081,2086.9,1190.1
ENRIN,ENRINEQN,3536.3,3536.2,3536.2,-0.1,0.0,594,2100502,3968.0,2115.0
APOLLOTYRE,APOLLOTYREEQN,444.1,444.1,444.1,0.0,0.0,619,274897,540.5,365.3
RAJMET,RAJMETEQN,3.21,3.21,3.21,0.0,0.0,2922,9379,5.28,2.72
CRISIL,CRISILEQN,4475.9,4475.9,4475.9,0.0,0.0,87,389403,5451.0,3686.0
ORIENTLTD,ORIENTLTDBEN,74.11,74.11,74.11,0.0,0.0,1100,81521,102.3,53.72
SMARTLINK,SMARTLINKBEN,225.51,225.51,225.51,0.0,0.0,12,2706,232.05,103.5
KAYA,KAYAEQN,296.85,296.85,296.85,0.0,0.0,356,105678,487.9,224.01
VADILALIND,VADILALINDEQN,7749.0,7749.0,7749.0,0.0,0.0,40,309960,8447.0,3996.0
CENTRALBK,CENTRALBKEQN,31.4,31.4,31.4,0.0,0.0,13232,415484,40.92,29.32
SAKAR,SAKAREQN,875.95,875.95,875.95,0.0,0.0,165,144531,980.0,311.0
HARDWYN,HARDWYNEQN,11.33,11.33,11.33,0.0,0.0,22610,256171,20.2,7.76
DRAGARWQ,DRAGARWQEQN,5403.0,5403.0,5403.0,0.0,0.0,7,37821,6059.7,4600.0
KAMOPAINTS,KAMOPAINTSEQN,4.54,4.54,4.54,0.0,0.0,1655,7513,10.76,3.6
BUILDPRO,BUILDPROEQN,1248.6,1248.6,1248.6,0.0,0.0,38,47446,1380.0,636.0
PONNIERODE,PONNIERODEEQN,345.3,345.3,345.3,0.0,0.0,1,345,359.0,252.4
INNOVISION,INNOVISIONEQN,281.95,281.95,281.95,0.0,0.0,97,27349,470.0,274.0
LANDSMILL,LANDSMILLEQN,0.76,0.76,0.76,0.0,0.0,19875,15105,1.74,0.73
SAKUMA,SAKUMAEQN,1.62,1.62,1.62,0.0,0.0,12866,20842,3.1,1.1
PETRONET,PETRONETEQN,282.6,282.6,282.6,0.0,0.0,2371,670044,326.4,235.35
SAKSOFT,SAKSOFTEQN,165.71,165.71,165.71,0.0,0.0,874,144830,229.68,107.59
WPIL,WPILEQN,418.25,418.25,418.25,0.0,0.0,109,45589,510.35,383.55
BLIL,BLILEQN,70.94,70.94,70.94,0.0,0.0,161,11421,79.5,67.0
FILATEX,FILATEXEQN,81.39,81.39,81.39,0.0,0.0,5061,411914,85.7,36.26
GAYAHWS,GAYAHWSEQN,1.89,1.89,1.89,0.0,0.0,1057,1997,4.76,1.51
AMBALALSA,AMBALALSAEQN,42.27,42.27,42.27,0.0,0.0,224,9468,49.98,30.15
KARURVYSYA,KARURVYSYAEQN,331.75,331.75,331.75,0.0,0.0,1851,614069,351.8,201.82
BMWVENTLTD,BMWVENTLTDEQN,57.29,57.29,57.29,0.0,0.0,627,35920,78.0,48.0
M&MFIN,M&MFINEQN,390.1,390.1,390.1,0.0,0.0,2418,943261,415.0,253.05
ECOSMOBLTY,ECOSMOBLTYBEN,120.26,120.26,120.26,0.0,0.0,593,71314,303.25,103.94
SADBHIN,SADBHINBEN,2.86,2.86,2.86,0.0,0.0,8265,23637,5.02,2.06
DIACABS,DIACABSBEN,368.5,368.5,368.5,0.0,0.0,4035,1486897,379.0,115.57
RRIL,RRILEQN,16.71,16.71,16.71,0.0,0.0,1,16,21.5,15.25
MMWL,MMWLEQN,15.87,15.87,15.87,0.0,0.0,320,5078,16.57,9.02
KNACK,KNACKEQN,208.02,208.02,208.02,0.0,0.0,4279,890117,222.0,180.33
MWL,MWLEQN,41.28,41.28,41.28,0.0,0.0,679,28029,43.94,18.26
REPCOHOME,REPCOHOMEEQN,357.55,357.55,357.55,0.0,0.0,149,53274,455.9,333.6
SAHLIBHFI,SAHLIBHFIEQN,74.2,74.2,74.2,0.0,0.0,1,74,86.89,70.05
PRUDMOULI,PRUDMOULIBEN,13.35,13.35,13.35,0.0,0.0,61,814,42.49,11.26
BHAGERIA,BHAGERIABEN,199.25,199.25,199.25,0.0,0.0,10,1992,244.6,127.51
ALOKINDS,ALOKINDSEQN,11.62,11.62,11.62,0.0,0.0,26539,308383,19.34,11.11
BHARATCOAL,BHARATCOALEQN,33.69,33.69,33.69,0.0,0.0,16726,563498,45.09,29.74
CMLL,CMLLEQN,526.85,526.85,526.85,0.0,0.0,4585,2415607,624.4,463.35
MANAKALUCO,MANAKALUCOEQN,39.33,39.33,39.33,0.0,0.0,154,6056,68.12,21.73
ASAL,ASALEQN,499.1,499.1,499.1,0.0,0.0,5,2495,654.65,374.5
QUICKHEAL,QUICKHEALBEN,149.09,149.09,149.09,0.0,0.0,341,50839,371.4,125.0
KECL,KECLEQN,143.56,143.56,143.56,0.0,0.0,179,25697,155.0,75.47
SPECIALITY,SPECIALITYBEN,139.67,139.67,139.67,0.0,0.0,304,42459,167.46,82.7
CRSL,CRSLEQN,2.14,2.14,2.14,0.0,0.0,1000,2140,0.0,0.0
VMSTMT,VMSTMTEQN,51.36,51.36,51.36,0.0,0.0,176,9039,105.0,33.5
LTM,LTMEQN,4715.0,4715.0,4715.0,0.0,0.0,553,2607395,6429.5,3528.0
KCPSUGIND,KCPSUGINDBEN,30.49,30.49,30.49,0.0,0.0,43,1311,36.95,21.45
SUBROS,SUBROSEQN,758.25,758.25,758.25,0.0,0.0,103,78099,1213.7,622.1
RHFL,RHFLBZN,1.78,1.78,1.78,0.0,0.0,11530,20523,5.51,1.77
IONEXCHANG,IONEXCHANGEQN,372.95,372.95,372.95,0.0,0.0,1425,531453,486.0,312.7
RPPL,RPPLBEN,23.33,23.33,23.33,0.0,0.0,542,12644,26.97,14.25
VMART,VMARTEQN,807.5,807.5,807.5,0.0,0.0,201,162307,888.0,457.9
RUBYMILLS,RUBYMILLSBEN,364.25,364.25,364.25,0.0,0.0,23,8377,424.9,169.02
HARIOMPIPE,HARIOMPIPEEQN,351.9,351.9,351.9,0.0,0.0,720,253368,572.2,268.05
PFS,PFSEQN,28.35,28.35,28.35,0.0,0.0,2140,60669,40.69,23.85
TMB,TMBEQN,849.4,849.4,849.4,0.0,0.0,170,144398,917.0,411.8
AMAGI,AMAGIEQN,608.7,608.7,608.7,0.0,0.0,1281,779744,727.4,310.2
MUTHOOTCAP,MUTHOOTCAPEQN,255.41,255.41,255.41,0.0,0.0,18,4597,303.0,175.25
SULA,SULAEQN,149.93,149.93,149.93,0.0,0.0,2456,368228,296.8,138.6
DCMSHRIRAM,DCMSHRIRAMEQN,1024.7,1024.7,1024.7,0.0,0.0,51,52259,1414.4,945.1
GENESYS-RE,GENESYS-REBEN,119.15,119.15,119.15,0.0,0.0,3289,391884,141.0,114.0
SUPRIYA,SUPRIYAEQN,791.65,791.65,791.65,0.0,0.0,1083,857356,1085.0,545.5
CERA,CERAEQN,5872.0,5872.0,5872.0,0.0,0.0,96,563712,6740.0,4461.1
GULFPETRO,GULFPETROBEN,61.65,61.65,61.65,0.0,0.0,35,2157,65.88,23.25
TRANSPEK,TRANSPEKBEN,1125.8,1125.8,1125.8,0.0,0.0,7,7880,1447.9,952.3
DPWIRES,DPWIRESBEN,162.39,162.39,162.39,0.0,0.0,3,487,306.95,125.02
MADRASFERT,MADRASFERTEQN,65.56,65.56,65.56,0.0,0.0,700,45892,96.39,52.56
PATINTLOG,PATINTLOGBEN,13.91,13.91,13.91,0.0,0.0,76,1057,16.9,8.01
BAJAJHFL,BAJAJHFLEQN,84.33,84.32,84.32,-0.01,-0.01,15395,1298106,117.98,72.65
DOLATALGO,DOLATALGOEQN,69.4,69.39,69.39,-0.01,-0.01,13492,936209,95.76,64.96
DAMCAPITAL,DAMCAPITALEQN,145.32,145.3,145.3,-0.02,-0.01,317,46060,286.0,119.22
SAGCEM,SAGCEMEQN,173.39,173.38,173.38,-0.01,-0.01,100,17338,299.4,148.7
BANKINDIA,BANKINDIAEQN,144.1,144.09,144.09,-0.01,-0.01,14646,2110342,178.36,109.85
FEDERALBNK,FEDERALBNKEQN,351.3,351.25,351.25,-0.05,-0.01,12136,4262770,371.7,188.4
MOTILALOFS,MOTILALOFSEQN,903.7,903.65,903.65,-0.05,-0.01,837,756355,1097.1,614.9
TATAINVEST,TATAINVESTEQN,667.3,667.2,667.2,-0.1,-0.01,1160,773952,1184.7,538.85
TANLA,TANLAEQN,582.05,582.0,582.0,-0.05,-0.01,3607,2099274,766.0,365.9
GHCLTEXTIL,GHCLTEXTILEQN,118.15,118.14,118.14,-0.01,-0.01,2540,300075,124.9,65.26
CHALET,CHALETEQN,825.1,825.05,825.05,-0.05,-0.01,184,151809,1070.1,691.35
UFO,UFOEQN,67.14,67.13,67.13,-0.01,-0.01,3,201,92.97,53.75
CGCL,CGCLEQN,226.52,226.5,226.5,-0.02,-0.01,2541,575536,264.53,151.1
JKIL,JKILEQN,497.65,497.6,497.6,-0.05,-0.01,94,46774,685.4,425.0
LICI,LICIEQN,413.5,413.45,413.45,-0.05,-0.01,10469,4328408,468.48,360.75
SPIC,SPICEQN,67.68,67.67,67.67,-0.01,-0.01,4103,277650,128.2,55.1
CAMS,CAMSEQN,762.25,762.2,762.2,-0.05,-0.01,2210,1684462,844.9,611.4
WSTCSTPAPR,WSTCSTPAPREQN,611.35,611.3,611.3,-0.05,-0.01,51,31176,645.0,375.0
AWHCL,AWHCLEQN,390.3,390.25,390.25,-0.05,-0.01,237,92489,627.0,372.5
APEX,APEXEQN,426.35,426.3,426.3,-0.05,-0.01,8115,3459424,514.5,208.74
TNPETRO,TNPETROEQN,110.93,110.92,110.92,-0.01,-0.01,870,96500,129.89,78.67
IIFL,IIFLEQN,631.15,631.1,631.1,-0.05,-0.01,566,357202,675.0,409.1
UNIONBANK,UNIONBANKEQN,187.38,187.37,187.37,-0.01,-0.01,34007,6371891,205.49,124.64
AFFLE,AFFLEEQN,1668.8,1668.6,1668.6,-0.2,-0.01,221,368760,2185.9,1251.3
FERMENTA,FERMENTAEQN,450.05,450.0,450.0,-0.05,-0.01,100,45000,580.45,248.85
OMPOWER,OMPOWEREQN,169.95,169.94,169.94,-0.01,-0.01,657,111650,206.0,158.01
AARTIDRUGS,AARTIDRUGSEQN,416.35,416.3,416.3,-0.05,-0.01,843,350940,534.55,318.95
SBIFUNDS,SBIFUNDSEQN,559.1,559.05,559.05,-0.05,-0.01,7184,4016215,624.95,555.5
HYUNDAI,HYUNDAIEQN,2199.0,2198.6,2198.6,-0.4,-0.02,1044,2295338,2890.0,1658.0
SUNTECK,SUNTECKEQN,299.05,299.0,299.0,-0.05,-0.02,707,211393,473.0,270.75
ESTER,ESTEREQN,101.02,101.0,101.0,-0.02,-0.02,628,63428,132.45,68.55
SBICARD,SBICARDEQN,633.0,632.85,632.85,-0.15,-0.02,1528,966994,965.0,565.45
INA,INAEQN,99.02,99.0,99.0,-0.02,-0.02,2619,259281,161.81,79.75
ZYDUSLIFE,ZYDUSLIFEEQN,1135.2,1135.0,1135.0,-0.2,-0.02,1887,2141745,1205.0,835.5
KPRMILL,KPRMILLEQN,1110.0,1109.8,1109.8,-0.2,-0.02,751,833459,1334.0,796.1
BSOFT,BSOFTEQN,312.05,312.0,312.0,-0.05,-0.02,1393,434616,474.0,270.2
PRINCEPIPE,PRINCEPIPEEQN,284.0,283.95,283.95,-0.05,-0.02,450,127777,358.0,205.0
ASKAUTOLTD,ASKAUTOLTDEQN,644.7,644.6,644.6,-0.1,-0.02,224,144390,687.7,375.3
ONWARDTEC,ONWARDTECEQN,284.05,284.0,284.0,-0.05,-0.02,346,98264,357.0,208.25
SHREECEM,SHREECEMEQN,24795.0,24790.0,24790.0,-5.0,-0.02,17,421430,31920.0,22550.0
KAUSHALYA,KAUSHALYABEN,907.2,907.0,907.0,-0.2,-0.02,3,2721,1841.9,750.0
BROOKS,BROOKSBEN,62.41,62.4,62.4,-0.01,-0.02,17,1060,164.02,36.3
GNRL,GNRLEQN,111.34,111.32,111.32,-0.02,-0.02,820,91282,120.9,83.2
CMPDI,CMPDIEQN,237.25,237.2,237.2,-0.05,-0.02,1092,259022,283.69,150.16
HBLENGINE,HBLENGINEEQN,678.5,678.3,678.3,-0.2,-0.03,1905,1292161,1122.0,613.0
PRECAM,PRECAMEQN,135.0,134.96,134.96,-0.04,-0.03,820,110667,262.0,103.98
JAYSREETEA,JAYSREETEAEQN,92.04,92.01,92.01,-0.03,-0.03,1003,92286,104.0,70.55
PVRINOX,PVRINOXEQN,1174.0,1173.7,1173.7,-0.3,-0.03,262,307509,1249.7,907.4
KIOCL,KIOCLEQN,389.55,389.45,389.45,-0.1,-0.03,829,322854,634.55,290.65
RBLBANK,RBLBANKEQN,385.0,384.9,384.9,-0.1,-0.03,2171,835617,392.7,243.25
RAMCOSYS,RAMCOSYSEQN,595.7,595.55,595.55,-0.15,-0.03,435,259064,967.5,342.1
GLAXO,GLAXOEQN,2688.8,2688.0,2688.0,-0.8,-0.03,209,561792,2883.4,2088.1
APOLLOHOSP,APOLLOHOSPEQN,8920.5,8917.5,8917.5,-3.0,-0.03,815,7267762,9050.0,6696.5
HIMATSEIDE,HIMATSEIDEEQN,72.95,72.93,72.93,-0.02,-0.03,1046,76284,134.7,72.01
LXCHEM,LXCHEMEQN,176.05,176.0,176.0,-0.05,-0.03,1183,208208,241.0,107.6
CDSL,CDSLEQN,1344.4,1344.0,1344.0,-0.4,-0.03,2689,3614016,1673.7,1116.3
COFORGE,COFORGEEQN,1812.0,1811.5,1811.5,-0.5,-0.03,2764,5006986,1989.7,1008.1
ZFCVINDIA,ZFCVINDIAEQN,2636.7,2636.0,2636.0,-0.7,-0.03,18,47448,3044.0,2050.33
NORBTEAEXP,NORBTEAEXPEQN,63.02,63.0,63.0,-0.02,-0.03,1,63,99.35,35.7
JSWINFRA,JSWINFRAEQN,339.15,339.0,339.0,-0.15,-0.04,3874,1313286,355.8,233.42
SBFC,SBFCEQN,94.05,94.01,94.01,-0.04,-0.04,3001,282124,123.0,79.6
MANAKCOAT,MANAKCOATEQN,116.35,116.3,116.3,-0.05,-0.04,2001,232716,182.82,94.2
JSFB,JSFBEQN,577.75,577.5,577.5,-0.25,-0.04,201,116077,593.0,330.0
SUNFLAG,SUNFLAGEQN,355.15,355.0,355.0,-0.15,-0.04,100,35500,428.0,192.15
RCF,RCFEQN,124.05,124.0,124.0,-0.05,-0.04,2066,256184,164.49,106.0
TITAGARH,TITAGARHEQN,831.35,831.05,831.05,-0.3,-0.04,1287,1069561,971.0,568.7
EBGNG,EBGNGEQN,565.2,565.0,565.0,-0.2,-0.04,1119,632235,689.5,239.0
TIRUMALCHM,TIRUMALCHMEQN,159.66,159.6,159.6,-0.06,-0.04,296,47241,328.8,156.3
INDIANHUME,INDIANHUMEEQN,369.15,369.0,369.0,-0.15,-0.04,50,18450,432.0,279.8
JINDALSAW,JINDALSAWEQN,267.1,267.0,267.0,-0.1,-0.04,1381,368727,281.0,153.0
LODHA,LODHAEQN,1243.9,1243.4,1243.4,-0.5,-0.04,5145,6397293,1344.95,650.8
STEELCITY,STEELCITYEQN,83.53,83.5,83.5,-0.03,-0.04,500,41750,108.9,71.26
MEDICO,MEDICOEQN,45.58,45.56,45.56,-0.02,-0.04,545,24830,56.88,30.22
NIACL,NIACLEQN,179.08,179.0,179.0,-0.08,-0.04,3889,696131,218.0,116.97
EMKAY,EMKAYEQN,237.11,237.0,237.0,-0.11,-0.05,2,474,409.9,186.0
ROSSTECH,ROSSTECHEQN,1073.45,1072.95,1072.95,-0.5,-0.05,607,651280,1134.95,551.9
PAGEIND,PAGEINDEQN,36750.0,36730.0,36730.0,-20.0,-0.05,101,3709730,47310.0,29805.0
ICICIGI,ICICIGIEQN,1630.0,1629.2,1629.2,-0.8,-0.05,711,1158361,2064.9,1544.6
MEDANTA,MEDANTAEQN,1422.6,1421.9,1421.9,-0.7,-0.05,147,209019,1491.0,956.0
IRB,IRBEQN,19.26,19.25,19.25,-0.01,-0.05,63247,1217504,23.95,19.06
PIXTRANS,PIXTRANSEQN,1896.8,1895.9,1895.9,-0.9,-0.05,26,49293,2089.0,1252.0
ACE,ACEEQN,1085.6,1085.0,1085.0,-0.6,-0.06,900,976500,1170.0,745.1
BHARATSE,BHARATSEEQN,248.05,247.9,247.9,-0.15,-0.06,3333,826250,263.18,121.1
NYKAA,NYKAAEQN,331.0,330.8,330.8,-0.2,-0.06,2737,905399,348.0,211.16
GICHSGFIN,GICHSGFINEQN,141.08,141.0,141.0,-0.08,-0.06,389,54849,184.0,130.05
SHRADHA,SHRADHAEQN,34.45,34.43,34.43,-0.02,-0.06,101,3477,58.95,26.34
FSL,FSLEQN,267.1,266.95,266.95,-0.15,-0.06,1312,350238,381.4,202.0
EXICOM,EXICOMEQN,151.79,151.68,151.68,-0.11,-0.07,814,123467,182.9,75.6
CLSEL,CLSELEQN,278.45,278.25,278.25,-0.2,-0.07,109,30329,321.0,203.75
MUTHOOTFIN,MUTHOOTFINEQN,2842.0,2840.0,2840.0,-2.0,-0.07,4020,11416800,4149.5,2604.2
EMAMILTD,EMAMILTDEQN,403.3,403.0,403.0,-0.3,-0.07,259,104377,634.2,376.4
IXIGO,IXIGOEQN,174.03,173.9,173.9,-0.13,-0.07,877,152510,339.15,151.27
NIRAJ,NIRAJEQN,28.2,28.18,28.18,-0.02,-0.07,2252,63461,52.0,20.15
MATRIMONY,MATRIMONYEQN,538.4,538.0,538.0,-0.4,-0.07,23,12374,573.0,364.05
GARFIBRES,GARFIBRESEQN,755.5,755.0,755.0,-0.5,-0.07,123,92865,870.45,579.75
NAM-INDIA,NAM-INDIAEQN,1167.9,1167.1,1167.1,-0.8,-0.07,1458,1701631,1233.5,780.25
ASIANPAINT,ASIANPAINTEQN,2696.3,2694.5,2694.5,-1.8,-0.07,1529,4119890,2985.7,2115.0
RGL,RGLEQN,123.03,122.95,122.95,-0.08,-0.07,5231,643151,147.9,85.0
TATACHEM,TATACHEMEQN,670.65,670.2,670.2,-0.45,-0.07,800,536160,1026.65,580.3
JSLL,JSLLEQN,521.35,521.0,521.0,-0.35,-0.07,1108,577268,849.5,492.0
SAILIFE,SAILIFEEQN,1449.9,1448.8,1448.8,-1.1,-0.08,573,830162,1475.0,783.85
BFUTILITIE,BFUTILITIEEQN,533.6,533.15,533.15,-0.45,-0.08,96,51182,898.7,368.7
ULTRACEMCO,ULTRACEMCOEQN,11619.0,11610.0,11610.0,-9.0,-0.08,218,2530980,13110.0,10325.0
MASTEK,MASTEKEQN,1832.2,1830.7,1830.7,-1.5,-0.08,44,80550,2625.0,1334.2
SONATSOFTW,SONATSOFTWEQN,325.9,325.65,325.65,-0.25,-0.08,866,282012,421.5,207.15
INDUSINDBK,INDUSINDBKEQN,1020.8,1020.0,1020.0,-0.8,-0.08,1539,1569780,1077.85,710.6
SCHAEFFLER,SCHAEFFLEREQN,4043.2,4040.0,4040.0,-3.2,-0.08,184,743360,4467.7,3518.4
BAJEL,BAJELEQN,188.35,188.2,188.2,-0.15,-0.08,455,85631,226.69,135.1
SANOFI,SANOFIEQN,3242.9,3240.2,3240.2,-2.7,-0.08,79,255975,5291.0,3054.0
JISLJALEQS,JISLJALEQSEQN,26.49,26.47,26.47,-0.02,-0.08,3626,95980,59.0,26.4
ADANIGREEN,ADANIGREENEQN,1348.0,1346.9,1346.9,-1.1,-0.08,2358,3175990,1631.5,765.0
ABLBL,ABLBLEQN,88.77,88.7,88.7,-0.07,-0.08,1904,168884,151.33,87.91
JSWCEMENT,JSWCEMENTEQN,130.02,129.91,129.91,-0.11,-0.08,2031,263847,162.15,106.65
MEESHO,MEESHOEQN,191.16,191.0,191.0,-0.16,-0.08,27471,5246961,254.4,125.56
IPL,IPLEQN,140.52,140.4,140.4,-0.12,-0.09,383,53773,245.84,125.0
STANLEY,STANLEYEQN,136.22,136.1,136.1,-0.12,-0.09,727,98944,320.45,123.0
SOLARINDS,SOLARINDSEQN,19969.0,19951.0,19951.0,-18.0,-0.09,484,9656284,20400.0,11646.0
JTLIND,JTLINDEQN,75.24,75.17,75.17,-0.07,-0.09,1001,75245,87.2,40.25
TEXMOPIPES,TEXMOPIPESEQN,46.03,45.99,45.99,-0.04,-0.09,1028,47277,62.0,33.0
UTIAMC,UTIAMCEQN,908.05,907.2,907.2,-0.85,-0.09,338,306633,1418.0,876.0
JYOTISTRUC,JYOTISTRUCEQN,10.62,10.61,10.61,-0.01,-0.09,20054,212772,17.42,7.94
GODFRYPHLP,GODFRYPHLPEQN,2149.0,2147.0,2147.0,-2.0,-0.09,414,888858,3947.0,1832.1
NEULANDLAB,NEULANDLABEQN,23320.0,23300.0,23300.0,-20.0,-0.09,102,2376600,23650.0,11500.0
ARVSMART,ARVSMARTEQN,655.6,655.0,655.0,-0.6,-0.09,135,88425,693.8,486.8
MOBIKWIK,MOBIKWIKEQN,203.21,203.0,203.0,-0.21,-0.1,2305,467915,334.0,151.46
GODAVARIB,GODAVARIBEQN,247.25,247.0,247.0,-0.25,-0.1,485,119795,353.0,227.42
CROMPTON,CROMPTONEQN,248.3,248.05,248.05,-0.25,-0.1,9232,2289997,337.5,217.4
VTL,VTLEQN,590.6,590.0,590.0,-0.6,-0.1,928,547520,688.0,385.5
RAYMOND,RAYMONDEQN,635.45,634.8,634.8,-0.65,-0.1,936,594172,679.0,320.0
ANGELONE,ANGELONEEQN,287.3,287.0,287.0,-0.3,-0.1,7835,2248645,360.45,208.63
GREENPOWER,GREENPOWEREQN,9.53,9.52,9.52,-0.01,-0.1,12307,117162,15.04,7.98
TORNTPHARM,TORNTPHARMEQN,4833.0,4828.0,4828.0,-5.0,-0.1,221,1066988,5250.0,3480.6
ROHLTD,ROHLTDEQN,312.35,312.0,312.0,-0.35,-0.11,80,24960,593.4,269.4
ONESOURCE,ONESOURCEEQN,1559.2,1557.5,1557.5,-1.7,-0.11,105,163537,1925.0,1057.0
EICHERMOT,EICHERMOTEQN,8066.5,8058.0,8058.0,-8.5,-0.11,2059,16591422,8230.0,5710.0
GMRP&UI,GMRP&UIEQN,97.07,96.96,96.96,-0.11,-0.11,9506,921701,136.95,89.0
SKFINDUS,SKFINDUSEQN,2684.7,2661.8,2661.8,-2.9,-0.11,69,183664,3041.0,1994.1
SHREDIGCEM,SHREDIGCEMEQN,71.91,71.83,71.83,-0.08,-0.11,4,287,107.7,53.9
OFSS,OFSSEQN,11828.0,11815.0,11815.0,-13.0,-0.11,442,5222230,11979.0,6234.5
OMFREIGHT,OMFREIGHTBEN,97.1,96.99,96.99,-0.11,-0.11,24,2327,114.33,58.95
MVELECTRO,MVELECTROEQN,588.65,588.0,588.0,-0.65,-0.11,3233,1901004,686.5,520.0
VEDPOWER,VEDPOWEREQN,36.54,36.5,36.5,-0.04,-0.11,36963,1349149,49.88,33.06
TRIGYN,TRIGYNEQN,56.07,56.0,56.0,-0.07,-0.12,103,5768,102.4,37.55
AMBUJACEM,AMBUJACEMEQN,417.5,417.0,417.0,-0.5,-0.12,2839,1183863,605.45,394.0
GREENLAM,GREENLAMEQN,251.3,251.0,251.0,-0.3,-0.12,117,29367,278.63,197.59
RSYSTEMS,RSYSTEMSEQN,241.8,241.5,241.5,-0.3,-0.12,1230,297045,496.9,213.52
BAJAJCON,BAJAJCONEQN,500.6,500.0,500.0,-0.6,-0.12,3894,1947000,692.0,220.1
MOTHERSON,MOTHERSONEQN,168.3,168.1,168.1,-0.2,-0.12,27538,4629137,172.0,91.1
KSCL,KSCLEQN,779.95,779.0,779.0,-0.95,-0.12,120,93480,1225.0,705.1
TRANSRAILL,TRANSRAILLEQN,468.95,468.35,468.35,-0.6,-0.13,549,257124,823.0,450.05
JASH,JASHEQN,490.05,489.4,489.4,-0.65,-0.13,299,146330,572.85,327.1
JINDALSTEL,JINDALSTELEQN,1091.5,1090.1,1090.1,-1.4,-0.13,430,468743,1306.2,943.3
TIINDIA,TIINDIAEQN,2733.5,2730.0,2730.0,-3.5,-0.13,413,1127490,3419.9,2164.9
ANDHRAPAP,ANDHRAPAPEQN,59.69,59.61,59.61,-0.08,-0.13,15,894,86.89,58.0
GANDHAR,GANDHAREQN,245.57,245.26,245.26,-0.31,-0.13,1716,420866,303.17,115.0
URBANCO,URBANCOEQN,144.39,144.2,144.2,-0.19,-0.13,4626,667069,201.18,100.7
ASTEC,ASTECEQN,593.95,593.1,593.1,-0.85,-0.14,22,13048,941.75,513.4
ABFRL,ABFRLEQN,55.98,55.9,55.9,-0.08,-0.14,27736,1550442,94.95,53.51
BHARATRAS,BHARATRASEQN,1302.6,1300.8,1300.8,-1.8,-0.14,35,45528,2987.5,1203.0
INDUSTOWER,INDUSTOWEREQN,384.35,383.8,383.8,-0.55,-0.14,2114,811353,481.5,312.55
HDFCAMC,HDFCAMCEQN,2485.0,2481.6,2481.6,-3.4,-0.14,429,1064606,2967.25,2205.6
TIMETECHNO,TIMETECHNOEQN,193.27,193.0,193.0,-0.27,-0.14,7087,1367791,249.15,154.0
BPCL,BPCLEQN,319.45,319.0,319.0,-0.45,-0.14,7438,2372722,391.65,266.6
IOC,IOCEQN,139.4,139.2,139.2,-0.2,-0.14,27682,3853334,188.96,130.22
OLECTRA,OLECTRAEQN,1316.9,1315.0,1315.0,-1.9,-0.14,1519,1997485,1714.2,866.6
HDBFS,HDBFSEQN,686.95,686.0,686.0,-0.95,-0.14,462,316932,811.8,555.3
JAINREC,JAINRECEQN,293.4,293.0,293.0,-0.4,-0.14,4026,1179618,593.95,247.57
AURIONPRO,AURIONPROEQN,734.0,733.0,733.0,-1.0,-0.14,839,614987,1497.8,710.25
ACMESOLAR,ACMESOLAREQN,374.1,373.55,373.55,-0.55,-0.15,1209,451621,398.65,195.9
VENTIVE,VENTIVEEQN,582.95,582.1,582.1,-0.85,-0.15,35,20373,793.95,542.6
JBMA,JBMAEQN,622.95,622.0,622.0,-0.95,-0.15,564,350808,790.0,477.0
ANANTRAJ,ANANTRAJEQN,629.95,629.0,629.0,-0.95,-0.15,7290,4585410,743.65,403.0
ADVANIHOTR,ADVANIHOTREQN,52.09,52.01,52.01,-0.08,-0.15,210,10922,68.39,47.0
GODIGIT,GODIGITEQN,259.65,259.25,259.25,-0.4,-0.15,554,143624,381.4,244.2
DEEDEV,DEEDEVEQN,631.95,631.0,631.0,-0.95,-0.15,678,427818,760.0,183.0
PGEL,PGELEQN,601.0,600.1,600.1,-0.9,-0.15,1969,1181596,644.4,436.55
IRCON,IRCONEQN,124.79,124.6,124.6,-0.19,-0.15,3537,440710,189.5,114.5
NAUKRI,NAUKRIEQN,1343.0,1341.0,1341.0,-2.0,-0.15,462,619542,1437.8,908.3
RVNL,RVNLEQN,227.35,227.0,227.0,-0.35,-0.15,9406,2135162,400.7,220.16
JAYAGROGN,JAYAGROGNEQN,222.54,222.2,222.2,-0.34,-0.15,10,2222,260.25,147.26
VENKEYS,VENKEYSEQN,1528.0,1525.7,1525.7,-2.3,-0.15,25,38142,1800.0,1165.0
TTKPRESTIG,TTKPRESTIGEQN,595.9,595.0,595.0,-0.9,-0.15,219,130305,771.2,423.0
HITECH,HITECHEQN,78.22,78.1,78.1,-0.12,-0.15,1078,84191,127.5,70.14
TMPV,TMPVEQN,334.5,334.0,334.0,-0.5,-0.15,28154,9403436,739.7,294.3
HGS,HGSEQN,408.65,408.0,408.0,-0.65,-0.16,62,25296,556.0,342.05
LUPIN,LUPINEQN,2235.0,2231.5,2231.5,-3.5,-0.16,2141,4777641,2529.5,1875.0
TRIDENT,TRIDENTEQN,24.34,24.3,24.3,-0.04,-0.16,32484,789361,30.94,21.98
ADVANCE,ADVANCEEQN,118.79,118.6,118.6,-0.19,-0.16,16,1897,154.0,84.1
KANCHI,KANCHIEQN,370.6,370.0,370.0,-0.6,-0.16,5,1850,463.35,334.7
STYRENIX,STYRENIXEQN,2183.7,2180.0,2180.0,-3.7,-0.17,88,191840,2767.5,1780.0
3MINDIA,3MINDIAEQN,35340.0,35280.0,35280.0,-60.0,-0.17,30,1058400,38030.0,28730.0
BOMDYEING,BOMDYEINGEQN,114.4,114.2,114.2,-0.2,-0.17,1607,183519,195.45,92.0
EMMVEE,EMMVEEEQN,321.5,320.95,320.95,-0.55,-0.17,5315,1705849,371.55,171.51
AUTOAXLES,AUTOAXLESEQN,1783.0,1780.0,1780.0,-3.0,-0.17,29,51620,2115.0,1540.2
INSECTICID,INSECTICIDEQN,631.15,630.0,630.0,-1.15,-0.18,20,12600,924.0,518.6
ITI,ITIEQN,276.75,276.25,276.25,-0.5,-0.18,467,129008,372.85,237.0
V2RETAIL,V2RETAILEQN,216.4,216.0,216.0,-0.4,-0.18,1818,392688,259.25,158.56
ACC,ACCEQN,1321.4,1319.0,1319.0,-2.4,-0.18,1133,1494427,1987.0,1251.7
CAMPUS,CAMPUSEQN,218.4,218.0,218.0,-0.4,-0.18,2678,583804,297.0,215.2
CANTABIL,CANTABILEQN,237.78,237.35,237.35,-0.43,-0.18,20,4747,321.5,208.5
CANBK,CANBKEQN,131.25,131.01,131.01,-0.24,-0.18,15513,2032358,162.89,103.55
VSTIND,VSTINDEQN,215.44,215.05,215.05,-0.39,-0.18,1314,282575,286.78,200.0
AUBANK,AUBANKEQN,1081.9,1080.0,1080.0,-1.9,-0.18,1096,1183680,1105.9,682.15
NITIRAJ,NITIRAJEQN,205.89,205.5,205.5,-0.39,-0.19,1,205,236.98,168.0
MARINE,MARINEEQN,370.7,370.0,370.0,-0.7,-0.19,9179,3396230,388.0,150.86
MRF,MRFEQN,133490.0,133235.0,133235.0,-255.0,-0.19,11,1465585,163600.0,122000.0
IRFC,IRFCEQN,87.57,87.4,87.4,-0.17,-0.19,43277,3782409,137.17,86.02
PNCINFRA,PNCINFRAEQN,217.92,217.5,217.5,-0.42,-0.19,679,147682,325.0,158.17
PIDILITIND,PIDILITINDEQN,1693.0,1689.8,1689.8,-3.2,-0.19,824,1392395,1707.5,1259.0
VRLLOG,VRLLOGEQN,296.3,295.75,295.75,-0.55,-0.19,167,49390,310.2,225.0
20MICRONS,20MICRONSEQN,190.9,190.54,190.54,-0.36,-0.19,92,17529,246.61,129.61
SANOFICONR,SANOFICONREQN,4444.9,4436.0,4436.0,-8.9,-0.2,2,8872,5357.0,3975.0
OPTIEMUS,OPTIEMUSEQN,561.1,560.0,560.0,-1.1,-0.2,40,22400,713.0,288.0
HUBTOWN,HUBTOWNEQN,186.62,186.25,186.25,-0.37,-0.2,246,45817,365.7,168.15
BRIGADE,BRIGADEEQN,591.55,590.35,590.35,-1.2,-0.2,2244,1324745,802.01,450.75
RTNINDIA,RTNINDIAEQN,30.05,29.99,29.99,-0.06,-0.2,8231,246847,64.0,24.4
BIRLACORPN,BIRLACORPNEQN,904.9,903.05,903.05,-1.85,-0.2,57,51473,1346.1,769.6
IFGLEXPOR,IFGLEXPOREQN,225.31,224.87,224.87,-0.44,-0.2,24,5396,338.0,119.68
SHALBY,SHALBYEQN,152.91,152.61,152.61,-0.3,-0.2,187,28538,274.7,125.82
NELCAST,NELCASTEQN,117.78,117.55,117.55,-0.23,-0.2,101,11872,173.58,85.98
SWANCORP,SWANCORPEQN,304.6,304.0,304.0,-0.6,-0.2,1067,324368,506.0,295.65
SPELS,SPELSEQN,147.3,147.0,147.0,-0.3,-0.2,110,16170,0.0,0.0
MSPL,MSPLEQN,33.48,33.41,33.41,-0.07,-0.21,576,19244,46.12,26.25
SUPRAJIT,SUPRAJITEQN,524.6,523.5,523.5,-1.1,-0.21,236,123546,559.25,389.95
CARTRADE,CARTRADEEQN,2797.8,2792.0,2792.0,-5.8,-0.21,283,790136,3290.5,1600.0
INDOCO,INDOCOEQN,219.51,219.05,219.05,-0.46,-0.21,239,52352,332.2,162.19
WOCKPHARMA,WOCKPHARMAEQN,1932.7,1928.5,1928.5,-4.2,-0.22,619,1193741,2422.3,1086.7
TATATECH,TATATECHEQN,867.9,866.0,866.0,-1.9,-0.22,1798,1557068,891.0,507.4
KELLTONTEC,KELLTONTECEQN,13.71,13.68,13.68,-0.03,-0.22,6182,84569,29.05,13.0
SURYAROSNI,SURYAROSNIEQN,222.98,222.5,222.5,-0.48,-0.22,440,97900,314.5,187.35
DELHIVERY,DELHIVERYEQN,459.7,458.7,458.7,-1.0,-0.22,1627,746304,524.0,374.45
EXIDEIND,EXIDEINDEQN,476.1,475.05,475.05,-1.05,-0.22,5307,2521090,496.4,287.0
BRITANNIA,BRITANNIAEQN,5558.0,5546.0,5546.0,-12.0,-0.22,75,415950,6336.0,5035.0
FIVESTAR,FIVESTAREQN,550.2,549.0,549.0,-1.2,-0.22,475,260775,666.0,338.15
GANESHHOU,GANESHHOUEQN,835.6,833.75,833.75,-1.85,-0.22,158,131732,920.15,500.0
MIRZAINT,MIRZAINTEQN,31.73,31.66,31.66,-0.07,-0.22,418,13233,44.0,24.95
CPL,CPLEQN,68.36,68.21,68.21,-0.15,-0.22,2,136,75.74,68.0
RRKABEL,RRKABELEQN,2785.6,2779.1,2779.1,-6.5,-0.23,566,1572970,2848.0,1165.0
MARALOVER,MARALOVEREQN,53.1,52.98,52.98,-0.12,-0.23,56,2966,65.79,34.11
SRF,SRFEQN,2606.0,2600.0,2600.0,-6.0,-0.23,275,715000,3210.0,2355.0
JSWENERGY,JSWENERGYEQN,560.0,558.7,558.7,-1.3,-0.23,1866,1042534,617.35,427.75
IVC,IVCEQN,8.27,8.25,8.25,-0.02,-0.24,680,5610,9.88,6.02
CYIENT,CYIENTEQN,867.05,865.0,865.0,-2.05,-0.24,739,639235,1284.7,750.3
GRAVITA,GRAVITAEQN,1794.3,1790.0,1790.0,-4.3,-0.24,644,1152760,1913.6,1266.9
BIOCON,BIOCONEQN,417.0,416.0,416.0,-1.0,-0.24,3878,1613248,447.15,337.05
SATIN,SATINEQN,225.54,225.0,225.0,-0.54,-0.24,1081,243225,274.14,133.01
GPTINFRA,GPTINFRAEQN,115.8,115.51,115.51,-0.29,-0.25,42,4851,150.0,96.22
JMFINANCIL,JMFINANCILEQN,126.43,126.11,126.11,-0.32,-0.25,5605,706846,199.8,112.0
SMCGLOBAL,SMCGLOBALEQN,79.46,79.26,79.26,-0.2,-0.25,47,3725,94.9,54.44
MSUMI,MSUMIEQN,40.35,40.25,40.25,-0.1,-0.25,34352,1382668,53.59,35.7
BANKBARODA,BANKBARODAEQN,248.22,247.6,247.6,-0.62,-0.25,13349,3305212,325.5,230.81
PAISALO,PAISALOEQN,68.67,68.5,68.5,-0.17,-0.25,4556,312086,77.39,29.86
BANG,BANGEQN,28.57,28.5,28.5,-0.07,-0.25,1800,51300,62.07,25.84
POKARNA,POKARNAEQN,952.4,950.0,950.0,-2.4,-0.25,36,34200,1146.2,692.6
PUNJABCHEM,PUNJABCHEMEQN,1094.8,1092.1,1092.1,-2.7,-0.25,2,2184,1533.9,876.6
JAGSNPHARM,JAGSNPHARMEQN,226.55,225.98,225.98,-0.57,-0.25,20,4519,264.5,155.0
DMART,DMARTEQN,4060.0,4050.0,4050.0,-10.0,-0.25,214,866700,4949.5,3529.0
COROMANDEL,COROMANDELEQN,2095.3,2090.0,2090.0,-5.3,-0.25,359,750310,2500.0,1706.5
VIYASH,VIYASHEQN,255.65,255.0,255.0,-0.65,-0.25,9048,2307240,298.0,167.95
TATACAP,TATACAPEQN,364.2,363.3,363.3,-0.9,-0.25,2761,1003071,390.2,296.0
SIMPLEXINF,SIMPLEXINFEQN,250.1,249.47,249.47,-0.63,-0.25,15,3742,330.0,137.0
GANECOS,GANECOSEQN,1060.6,1057.9,1057.9,-2.7,-0.25,55,58184,1402.8,653.55
PREMCO,PREMCOEQN,385.95,385.0,385.0,-0.95,-0.25,1,385,484.9,355.0
TOTAL,TOTALEQN,64.17,64.0,64.0,-0.17,-0.26,416,26624,87.89,45.0
LAXMIDENTL,LAXMIDENTLEQN,201.82,201.3,201.3,-0.52,-0.26,579,116552,382.75,155.88
GESHIP,GESHIPEQN,1284.5,1281.1,1281.1,-3.4,-0.26,1745,2235519,1798.0,922.5
VAIBHAVGBL,VAIBHAVGBLEQN,228.3,227.7,227.7,-0.6,-0.26,1326,301930,293.25,174.13
MANKIND,MANKINDEQN,2425.2,2419.0,2419.0,-6.2,-0.26,209,505571,2674.0,1909.7
MAJESAUT,MAJESAUTBEN,378.5,377.5,377.5,-1.0,-0.26,268,101170,500.0,274.0
NIVABUPA,NIVABUPAEQN,82.72,82.5,82.5,-0.22,-0.27,2282,188265,91.4,67.5
MANAPPURAM,MANAPPURAMEQN,349.0,347.05,347.05,-0.95,-0.27,12117,4205204,381.55,245.15
GRASIM,GRASIMEQN,3248.7,3240.0,3240.0,-8.7,-0.27,406,1315440,3411.1,2502.5
RUDRA,RUDRAEQN,22.46,22.4,22.4,-0.06,-0.27,169,3785,29.7,14.63
NHPC,NHPCEQN,76.9,76.69,76.69,-0.21,-0.27,30262,2320792,89.22,71.62
WIPRO,WIPROEQN,184.0,183.5,183.5,-0.5,-0.27,27073,4967895,273.1,169.0
PENIND,PENINDEQN,152.43,152.0,152.0,-0.43,-0.28,2748,417696,279.9,129.1
ECLERX,ECLERXEQN,1897.0,1891.6,1891.6,-5.4,-0.28,528,998764,2497.5,1320.0
GOKULAGRO,GOKULAGROEQN,231.65,231.0,231.0,-0.65,-0.28,701,161931,249.92,149.03
HPAL,HPALEQN,35.15,35.05,35.05,-0.1,-0.28,2412,84540,53.0,26.52
ETERNAL,ETERNALEQN,318.5,317.6,317.6,-0.9,-0.28,60690,19275144,368.45,212.6
SUDARSCHEM,SUDARSCHEMEQN,1118.1,1115.0,1115.0,-3.1,-0.28,6431,7170565,1603.0,726.4
ADVENZYMES,ADVENZYMESEQN,304.3,303.45,303.45,-0.85,-0.28,784,237904,419.0,251.95
VIJAYA,VIJAYAEQN,1474.1,1469.9,1469.9,-4.2,-0.28,485,712901,1573.0,848.0
GRAUWEIL,GRAUWEILEQN,67.39,67.2,67.2,-0.19,-0.28,220,14784,87.4,62.09
STAR,STAREQN,967.8,965.0,965.0,-2.8,-0.29,394,380210,1231.0,768.65
ABSLAMC,ABSLAMCEQN,1011.2,1008.3,1008.3,-2.9,-0.29,207,208718,1224.9,708.0
HINDUNILVR,HINDUNILVREQN,2077.0,2070.9,2070.9,-6.1,-0.29,4786,9911327,2750.0,2016.0
HOMEFIRST,HOMEFIRSTEQN,1176.5,1173.1,1173.1,-3.4,-0.29,38,44577,1375.0,893.7
JKTYRE,JKTYREEQN,384.1,383.0,383.0,-1.1,-0.29,1546,592118,611.9,311.0
IDBI,IDBIEQN,82.45,82.2,82.2,-0.25,-0.3,8212,675026,118.38,61.01
PFIZER,PFIZEREQN,4874.8,4860.1,4860.1,-14.7,-0.3,44,213844,5873.5,4360.1
ONIXSOLAR,ONIXSOLAREQN,395.15,393.95,393.95,-1.2,-0.3,2,787,0.0,0.0
SHIVAMAUTO,SHIVAMAUTOBEN,16.81,16.76,16.76,-0.05,-0.3,102,1709,35.79,13.05
CUB,CUBEQN,208.64,208.0,208.0,-0.64,-0.31,2878,598624,245.38,145.13
GMDCLTD,GMDCLTDEQN,580.8,579.0,579.0,-1.8,-0.31,5545,3210555,771.9,400.0
ASHOKA,ASHOKAEQN,112.39,112.04,112.04,-0.35,-0.31,4390,491855,214.5,101.0
FELIX,FELIXSMN,190.6,190.0,190.0,-0.6,-0.31,500,95000,232.95,142.65
SHK,SHKEQN,170.72,170.17,170.17,-0.55,-0.32,1918,326386,275.5,111.98
SASKEN,SASKENEQN,1971.4,1965.0,1965.0,-6.4,-0.32,108,212220,2780.2,991.0
SIGMA,SIGMAEQN,46.16,46.01,46.01,-0.15,-0.32,3035,139640,65.5,35.46
CIPLA,CIPLAEQN,1450.0,1445.4,1445.4,-4.6,-0.32,1892,2734696,1673.0,1165.7
ORKLAINDIA,ORKLAINDIAEQN,549.75,548.0,548.0,-1.75,-0.32,64,35072,760.0,533.25
AXISCADES,AXISCADESEQN,1484.8,1480.0,1480.0,-4.8,-0.32,296,438080,2211.0,1063.3
JARO,JAROEQN,453.45,452.0,452.0,-1.45,-0.32,564,254928,890.0,383.5
AFSL,AFSLEQN,204.67,204.0,204.0,-0.67,-0.33,100,20400,229.0,194.41
MFSL,MFSLEQN,1538.1,1533.0,1533.0,-5.1,-0.33,1150,1762950,1892.5,1433.6
SWARAJENG,SWARAJENGEQN,3638.2,3626.2,3626.2,-12.0,-0.33,18,65271,4545.0,3301.3
SBIN,SBINEQN,1067.7,1064.2,1064.2,-3.5,-0.33,21110,22465262,1234.7,798.5
RAIN,RAINEQN,208.69,208.0,208.0,-0.69,-0.33,12401,2579408,252.0,99.9
IDFCFIRSTB,IDFCFIRSTBEQN,85.69,85.41,85.41,-0.28,-0.33,37764,3225423,88.76,58.08
FORCEMOT,FORCEMOTEQN,18361.0,18300.0,18300.0,-61.0,-0.33,135,2470500,26450.0,14911.0
FRACTAL,FRACTALEQN,834.35,831.6,831.6,-2.75,-0.33,1396,1160913,1118.0,733.7
CHOLAFIN,CHOLAFINEQN,1894.4,1888.0,1888.0,-6.4,-0.34,760,1434880,1952.5,1299.4
BAJAJFINSV,BAJAJFINSVEQN,2008.3,2001.4,2001.4,-6.9,-0.34,1067,2135493,2195.0,1597.0
AMBIKCO,AMBIKCOEQN,1598.6,1593.2,1593.2,-5.4,-0.34,102,162506,1931.0,1101.0
SHILCTECH,SHILCTECHEQN,3904.2,3891.1,3891.1,-13.1,-0.34,83,322961,5399.0,2852.5
IMAGICAA,IMAGICAAEQN,47.66,47.5,47.5,-0.16,-0.34,1176,55860,61.9,36.84
DIGISPICE,DIGISPICEEQN,17.06,17.0,17.0,-0.06,-0.35,7,119,35.5,14.82
KRONOX,KRONOXEQN,150.53,150.0,150.0,-0.53,-0.35,1205,180750,180.5,96.0
NITCO,NITCOEQN,93.26,92.93,92.93,-0.33,-0.35,827,76853,136.8,64.0
INDIANB,INDIANBEQN,894.95,891.8,891.8,-3.15,-0.35,837,746436,1000.9,642.6
SHANKARA,SHANKARAEQN,141.04,140.55,140.55,-0.49,-0.35,7,983,1160.0,98.25
FOODSIN,FOODSINEQN,57.21,57.01,57.01,-0.2,-0.35,101,5758,98.8,44.0
WEALTH,WEALTHEQN,902.15,899.0,899.0,-3.15,-0.35,10,8990,1300.5,774.95
BHARATFORG,BHARATFORGEQN,2065.0,2057.8,2057.8,-7.2,-0.35,1745,3590861,2295.0,1100.5
INDIACEM,INDIACEMEQN,375.3,374.0,374.0,-1.3,-0.35,581,217294,485.8,342.35
COHANCE,COHANCEEQN,440.65,439.1,439.1,-1.55,-0.35,1812,795649,1038.9,266.7
OMINFRAL,OMINFRALEQN,85.04,84.73,84.73,-0.31,-0.36,1631,138194,144.0,71.5
ZENITHSTL,ZENITHSTLEQN,5.59,5.57,5.57,-0.02,-0.36,1335,7435,10.33,4.41
HCLTECH,HCLTECHEQN,1360.0,1355.1,1355.1,-4.9,-0.36,3192,4325479,1780.1,1030.0
INDOSTAR,INDOSTAREQN,239.25,238.4,238.4,-0.85,-0.36,1266,301814,292.0,179.03
CPCAP,CPCAPEQN,126.57,126.1,126.1,-0.47,-0.37,22,2774,167.74,73.51
JKCEMENT,JKCEMENTEQN,5306.5,5287.0,5287.0,-19.5,-0.37,11,58157,7565.5,4671.5
METROPOLIS,METROPOLISEQN,545.5,543.5,543.5,-2.0,-0.37,530,288055,609.05,412.25
ADVENTHTL,ADVENTHTLEQN,141.58,141.05,141.05,-0.53,-0.37,19,2679,345.05,120.02
TECHNOCRAF,TECHNOCRAFEQN,311.15,310.0,310.0,-1.15,-0.37,81547,25279570,0.0,0.0
RPGLIFE,RPGLIFEEQN,2782.3,2772.0,2772.0,-10.3,-0.37,115,318780,3082.0,1733.0
HATHWAY,HATHWAYEQN,10.6,10.56,10.56,-0.04,-0.38,4453,47023,15.25,8.76
DYNAMATECH,DYNAMATECHEQN,11188.0,11145.0,11145.0,-43.0,-0.38,145,1616025,12875.0,6320.0
ALPEXSOLAR,ALPEXSOLARSMN,777.1,774.1,774.1,-3.0,-0.39,2500,1935250,1376.75,660.0
LT,LTEQN,4057.0,4041.0,4041.0,-16.0,-0.39,3967,16030647,4440.0,3288.1
UGARSUGAR,UGARSUGAREQN,48.19,48.0,48.0,-0.19,-0.39,4091,196368,52.26,33.75
CHEMBONDCH,CHEMBONDCHBEN,269.06,268.0,268.0,-1.06,-0.39,100,26800,279.8,104.85
AFCONS,AFCONSEQN,268.8,267.75,267.75,-1.05,-0.39,4678,1252534,479.4,259.1
MPHASIS,MPHASISEQN,2545.0,2535.2,2535.2,-9.8,-0.39,156,395491,3037.2,2013.0
JSL,JSLEQN,737.85,735.0,735.0,-2.85,-0.39,393,288855,884.0,652.25
DIGITIDE,DIGITIDEEQN,100.09,99.7,99.7,-0.39,-0.39,118,11764,219.0,69.9
ARKADE,ARKADEEQN,133.34,132.8,132.8,-0.54,-0.4,881,116996,194.8,92.62
BHARTIARTL,BHARTIARTLEQN,1992.1,1984.2,1984.2,-7.9,-0.4,29821,59170828,2174.5,1740.5
HINDPETRO,HINDPETROEQN,373.5,372.0,372.0,-1.5,-0.4,20164,7501008,508.45,316.2
ASTRAL,ASTRALEQN,1556.3,1550.0,1550.0,-6.3,-0.4,2069,3206950,1768.7,1270.3
BLUESTARCO,BLUESTARCOEQN,1508.0,1502.0,1502.0,-6.0,-0.4,279,419058,2040.0,1450.0
SHAREINDIA,SHAREINDIAEQN,174.47,173.77,173.77,-0.7,-0.4,216,37534,211.0,115.36
IFBIND,IFBINDEQN,1383.6,1378.0,1378.0,-5.6,-0.4,77,106106,2019.8,883.2
VIMTALABS,VIMTALABSEQN,617.0,614.45,614.45,-2.55,-0.41,236,145010,902.65,376.05
MAHLOG,MAHLOGEQN,405.5,403.85,403.85,-1.65,-0.41,66,26654,450.0,275.05
DBCORP,DBCORPEQN,211.48,210.61,210.61,-0.87,-0.41,14,2948,287.9,184.51
KRSNAA,KRSNAAEQN,575.3,572.95,572.95,-2.35,-0.41,666,381584,894.4,515.0
OSIAHYPER,OSIAHYPERBEN,2.46,2.45,2.45,-0.01,-0.41,7285,17848,33.08,2.41
ORIENTCEM,ORIENTCEMEQN,132.55,132.0,132.0,-0.55,-0.41,124,16368,244.37,122.32
RADHIKAJWE,RADHIKAJWEEQN,69.29,69.0,69.0,-0.29,-0.42,3604,248676,101.9,50.01
TCS,TCSEQN,2361.0,2351.0,2351.0,-10.0,-0.42,5531,13003381,3350.0,1976.8
ASPINWALL,ASPINWALLEQN,236.0,235.0,235.0,-1.0,-0.42,2,470,299.8,200.25
ARIS,ARISEQN,134.09,133.53,133.53,-0.56,-0.42,1247,166511,178.3,82.18
GMBREW,GMBREWEQN,894.75,891.0,891.0,-3.75,-0.42,79,70389,1328.8,666.05
SANSTAR,SANSTAREQN,111.5,111.02,111.02,-0.48,-0.43,354,39301,137.49,74.3
HEROMOTOCO,HEROMOTOCOEQN,5790.0,5765.0,5765.0,-25.0,-0.43,906,5223090,6388.5,4671.5
NFL,NFLEQN,71.81,71.5,71.5,-0.31,-0.43,1385,99027,102.97,63.35
GRINFRA,GRINFRAEQN,872.7,868.95,868.95,-3.75,-0.43,150,130342,1345.0,785.0
UNIVAFOODS,UNIVAFOODSBEN,9.03,8.99,8.99,-0.04,-0.44,1,8,14.24,7.79
SEJALLTD,SEJALLTDEQN,679.9,676.9,676.9,-3.0,-0.44,22,14891,1036.7,381.0
NUVOCO,NUVOCOEQN,331.55,330.1,330.1,-1.45,-0.44,415,136991,477.5,276.25
360ONE,360ONEEQN,1180.0,1174.7,1174.7,-5.3,-0.45,451,529789,1236.2,906.05
INFY,INFYEQN,1169.2,1163.9,1163.9,-5.3,-0.45,12974,15100438,1728.0,982.4
ABCAPITAL,ABCAPITALEQN,401.0,399.2,399.2,-1.8,-0.45,11435,4564852,430.7,268.1
GEOJITFSL,GEOJITFSLEQN,80.37,80.01,80.01,-0.36,-0.45,413,33044,85.39,50.86
CRAMC,CRAMCEQN,256.2,255.05,255.05,-1.15,-0.45,342,87227,353.4,214.2
BLACKBUCK,BLACKBUCKEQN,571.15,568.5,568.5,-2.65,-0.46,371,210913,748.0,496.0
VENUSPIPES,VENUSPIPESEQN,1577.3,1570.0,1570.0,-7.3,-0.46,77,120890,1875.0,890.0
SAFARI,SAFARIEQN,1498.5,1491.4,1491.4,-7.1,-0.47,30,44742,2507.1,1363.1
TRACXN,TRACXNEQN,29.61,29.47,29.47,-0.14,-0.47,285,8398,55.9,25.39
OAL,OALEQN,348.1,346.45,346.45,-1.65,-0.47,145,50235,400.0,228.0
NORTHARC,NORTHARCEQN,281.35,280.0,280.0,-1.35,-0.48,3397,951160,334.0,206.0
CORALFINAC,CORALFINACEQN,33.06,32.9,32.9,-0.16,-0.48,18,592,50.9,25.01
DOLLAR,DOLLAREQN,273.5,272.2,272.2,-1.3,-0.48,22,5988,396.0,220.5
RAYMONDLSL,RAYMONDLSLEQN,741.2,737.6,737.6,-3.6,-0.49,936,690393,1350.0,677.0
FIEMIND,FIEMINDEQN,2350.4,2338.8,2338.8,-11.6,-0.49,354,827935,2674.8,1815.0
IWP,IWPEQN,34.96,34.79,34.79,-0.17,-0.49,11,382,39.15,28.0
REFEX,REFEXEQN,297.25,295.75,295.75,-1.5,-0.5,978,289243,415.0,188.0
JSWSTEEL,JSWSTEELEQN,1270.0,1263.6,1263.6,-6.4,-0.5,1308,1652788,1335.0,1022.3
FINPIPE,FINPIPEEQN,159.24,158.45,158.45,-0.79,-0.5,1534,243062,222.5,147.54
SMSPHARMA,SMSPHARMAEQN,361.35,359.55,359.55,-1.8,-0.5,211,75865,447.8,221.02
KOTIC,KOTICEQN,146.18,145.45,145.45,-0.73,-0.5,12,1745,223.7,141.21
FREDUN,FREDUNEQN,1547.8,1540.0,1540.0,-7.8,-0.5,16,24640,0.0,0.0
THEJO,THEJOEQN,2104.9,2094.4,2094.4,-10.5,-0.5,2,4188,2286.6,1443.6
AEROPLANE,AEROPLANEEQN,192.14,191.17,191.17,-0.97,-0.5,209,39954,206.9,117.02
SOMANYCERA,SOMANYCERAEQN,522.65,520.0,520.0,-2.65,-0.51,640,332800,556.8,332.0
PROZONER,PROZONEREQN,42.02,41.8,41.8,-0.22,-0.52,763,31893,72.77,39.31
CYIENTDLM,CYIENTDLMEQN,696.65,693.05,693.05,-3.6,-0.52,358,248111,737.0,265.2
WANBURY,WANBURYEQN,261.35,260.0,260.0,-1.35,-0.52,409,106340,358.85,161.5
AAVAS,AAVASEQN,1397.4,1390.1,1390.1,-7.3,-0.52,196,272459,1771.9,1060.4
RBZJEWEL,RBZJEWELEQN,140.84,140.1,140.1,-0.74,-0.53,313,43851,179.0,100.0
RACLGEAR,RACLGEAREQN,1387.3,1380.0,1380.0,-7.3,-0.53,75,103500,1691.9,805.0
SHRIRAMFIN,SHRIRAMFINEQN,1122.0,1116.0,1116.0,-6.0,-0.53,9345,10429020,1153.7,566.5
SBILIFE,SBILIFEEQN,1795.0,1785.4,1785.4,-9.6,-0.53,889,1587220,2132.0,1700.4
FIRSTCRY,FIRSTCRYEQN,206.09,205.0,205.0,-1.09,-0.53,13234,2712970,438.7,202.56
MTNL,MTNLEQN,26.35,26.21,26.21,-0.14,-0.53,5630,147562,48.19,21.26
SAIL,SAILEQN,169.51,168.61,168.61,-0.9,-0.53,13464,2270165,209.7,118.1
YATRA,YATRAEQN,114.01,113.4,113.4,-0.61,-0.54,3165,358911,202.0,89.9
INDOFARM,INDOFARMEQN,145.78,145.0,145.0,-0.78,-0.54,7578,1098810,271.69,110.7
TFCILTD,TFCILTDEQN,117.44,116.8,116.8,-0.64,-0.54,3889,454235,119.5,51.0
ARVIND,ARVINDEQN,571.85,568.75,568.75,-3.1,-0.54,1587,902606,600.0,274.8
JTEKTINDIA,JTEKTINDIAEQN,131.71,131.0,131.0,-0.71,-0.54,610,79910,188.5,117.01
MACPOWER,MACPOWEREQN,1749.3,1739.9,1739.9,-9.4,-0.54,67,116573,1850.0,761.0
SENCO,SENCOEQN,341.85,340.0,340.0,-1.85,-0.54,11689,3974260,430.0,276.0
SAURASHCEM,SAURASHCEMEQN,60.34,60.01,60.01,-0.33,-0.55,514,30845,125.35,47.65
ELECTCAST,ELECTCASTEQN,70.74,70.35,70.35,-0.39,-0.55,6194,435747,108.71,60.15
RAILTEL,RAILTELEQN,282.15,280.6,280.6,-1.55,-0.55,2320,650992,412.9,245.0
KOTAKBANK,KOTAKBANKEQN,391.15,389.0,389.0,-2.15,-0.55,17979,6993831,453.2,345.5
WENDT,WENDTEQN,7932.0,7888.0,7888.0,-44.0,-0.55,8,63104,10585.0,5841.5
SHARDACROP,SHARDACROPEQN,786.4,782.0,782.0,-4.4,-0.56,1686,1318452,1297.0,755.55
TRITURBINE,TRITURBINEEQN,592.4,589.1,589.1,-3.3,-0.56,799,470690,787.6,428.35
RUPA,RUPAEQN,151.05,150.2,150.2,-0.85,-0.56,1328,199465,212.84,109.21
BBTC,BBTCEQN,1468.2,1460.0,1460.0,-8.2,-0.56,398,581080,2135.0,1314.6
AGARIND,AGARINDEQN,484.75,482.05,482.05,-2.7,-0.56,138,66522,1006.0,360.0
UNIDT,UNIDTBEN,224.28,223.0,223.0,-1.28,-0.57,25,5575,254.97,146.0
APTUS,APTUSEQN,250.5,249.05,249.05,-1.45,-0.58,2382,593237,364.0,193.03
FORTIS,FORTISEQN,929.0,923.5,923.5,-5.5,-0.59,3486,3219321,1104.3,766.8
MVGJL,MVGJLEQN,157.14,156.2,156.2,-0.94,-0.6,6,937,214.79,129.1
MUNJALAU,MUNJALAUEQN,120.53,119.81,119.81,-0.72,-0.6,16252,1947152,125.23,67.2
POLICYBZR,POLICYBZREQN,1741.0,1730.6,1730.6,-10.4,-0.6,1602,2772421,1974.0,1364.0
TEJASNET,TEJASNETEQN,538.5,535.2,535.2,-3.3,-0.61,4553,2436765,647.0,294.0
AMRUTANJAN,AMRUTANJANEQN,496.05,493.0,493.0,-3.05,-0.61,46,22678,790.95,482.8
MANGLMCEM,MANGLMCEMEQN,896.35,890.9,890.9,-5.45,-0.61,101,89980,1023.45,679.35
HALDYNGL,HALDYNGLBEN,123.76,123.0,123.0,-0.76,-0.61,10,1230,139.19,85.0
POWERMECH,POWERMECHEQN,2455.2,2440.0,2440.0,-15.2,-0.62,320,780800,3260.0,1717.7
STARHEALTH,STARHEALTHEQN,585.15,581.55,581.55,-3.6,-0.62,412,239598,624.9,416.55
IGARASHI,IGARASHIEQN,457.05,454.2,454.2,-2.85,-0.62,60,27252,558.0,271.05
MEIL,MEILEQN,272.5,270.8,270.8,-1.7,-0.62,228,61742,573.7,206.26
SUNDROP,SUNDROPEQN,660.1,656.0,656.0,-4.1,-0.62,2,1312,900.75,556.0
EXCELSOFT,EXCELSOFTEQN,73.96,73.5,73.5,-0.46,-0.62,1275,93712,142.59,66.4
DCMSIL,DCMSILEQN,82.36,81.85,81.85,-0.51,-0.62,6000,491100,105.27,49.5
XPROINDIA,XPROINDIAEQN,1097.0,1090.1,1090.1,-6.9,-0.63,40,43604,1574.8,788.05
TIPSFILMS,TIPSFILMSEQN,348.2,346.0,346.0,-2.2,-0.63,1,346,574.1,276.75
MOLDTKPAC,MOLDTKPACEQN,694.4,690.0,690.0,-4.4,-0.63,750,517500,870.5,464.9
BLACKROSE,BLACKROSEBEN,104.81,104.15,104.15,-0.66,-0.63,56,5832,129.9,80.05
KISSHT,KISSHTEQN,309.5,307.55,307.55,-1.95,-0.63,1154,354912,351.5,190.0
WCIL,WCILEQN,86.55,86.0,86.0,-0.55,-0.64,358,30788,147.29,77.02
EMCURE,EMCUREEQN,1932.3,1920.0,1920.0,-12.3,-0.64,857,1645440,2048.0,1260.0
SERVOTECH,SERVOTECHEQN,82.78,82.25,82.25,-0.53,-0.64,1296,106596,143.0,57.51
BAJFINANCE,BAJFINANCEEQN,1087.0,1080.0,1080.0,-7.0,-0.64,16865,18214200,1176.4,787.9
UFBL,UFBLBEN,754.9,750.0,750.0,-4.9,-0.65,67,50250,845.0,172.34
GLOTTIS,GLOTTISBEN,65.02,64.6,64.6,-0.42,-0.65,228,14728,93.0,37.0
NGIL,NGILBEN,42.26,41.98,41.98,-0.28,-0.66,2,83,43.89,22.01
BANCOINDIA,BANCOINDIAEQN,618.1,614.0,614.0,-4.1,-0.66,2273,1395622,879.8,502.0
HONAUT,HONAUTEQN,37205.0,36960.0,36960.0,-245.0,-0.66,25,924000,41495.0,26220.0
NECCLTD,NECCLTDBEN,15.1,15.0,15.0,-0.1,-0.66,127,1905,24.01,10.55
KHAICHEM,KHAICHEMEQN,52.37,52.02,52.02,-0.35,-0.67,437,22732,135.8,42.92
63MOONS,63MOONSEQN,786.25,781.0,781.0,-5.25,-0.67,576,449856,1029.9,467.0
EPACK,EPACKEQN,215.47,214.0,214.0,-1.47,-0.68,2479,530506,409.5,196.15
BVCL,BVCLEQN,40.98,40.7,40.7,-0.28,-0.68,2,81,69.99,31.2
GAIL,GAILEQN,174.9,173.71,173.71,-1.19,-0.68,23602,4099903,186.87,134.36
METALIC,METALICSMN,124.85,124.0,124.0,-0.85,-0.68,6400,793600,126.0,81.4
MUNJALSHOW,MUNJALSHOWEQN,138.21,137.25,137.25,-0.96,-0.69,145,19901,150.9,110.3
METROGLOBL,METROGLOBLEQN,146.11,145.1,145.1,-1.01,-0.69,10,1451,159.79,110.0
APOLLOPIPE,APOLLOPIPEEQN,510.85,507.25,507.25,-3.6,-0.7,1490,755802,554.0,252.1
GHCL,GHCLEQN,429.0,426.0,426.0,-3.0,-0.7,331,141006,667.2,416.6
BORORENEW,BORORENEWEQN,577.05,573.0,573.0,-4.05,-0.7,1152,660096,721.0,374.4
TRAVELFOOD,TRAVELFOODEQN,1364.9,1355.2,1355.2,-9.7,-0.71,316,428243,1470.9,1035.3
VRAJ,VRAJEQN,122.97,122.1,122.1,-0.87,-0.71,114,13919,162.0,93.0
DHANBANK,DHANBANKEQN,32.34,32.11,32.11,-0.23,-0.71,238,7642,36.85,19.45
PATELRMART,PATELRMARTEQN,219.62,218.07,218.07,-1.55,-0.71,15,3271,305.0,150.25
NITTAGELA,NITTAGELAEQN,1607.4,1596.0,1596.0,-11.4,-0.71,20,31920,2087.2,837.05
STYL,STYLEQN,408.3,405.4,405.4,-2.9,-0.71,522,211618,437.45,209.11
SOUTHWEST,SOUTHWESTEQN,220.25,218.66,218.66,-1.59,-0.72,114,24927,275.0,121.0
TECHM,TECHMEQN,1632.8,1621.0,1621.0,-11.8,-0.72,1412,2288852,1854.0,1304.1
JUBLCPL,JUBLCPLEQN,2407.5,2390.2,2390.2,-17.3,-0.72,100,239020,3013.4,1460.0
DEVIT,DEVITEQN,26.09,25.9,25.9,-0.19,-0.73,51,1320,50.89,22.25
INDIGO,INDIGOEQN,5310.0,5271.0,5271.0,-39.0,-0.73,507,2672397,6232.5,3895.2
TRF,TRFEQN,230.71,229.0,229.0,-1.71,-0.74,3,687,405.0,215.5
RANEHOLDIN,RANEHOLDINEQN,1674.4,1662.0,1662.0,-12.4,-0.74,10,16620,1894.5,981.0
KSB,KSBEQN,801.25,795.3,795.3,-5.95,-0.74,417,331640,1028.3,666.65
PIRAMALFIN,PIRAMALFINEQN,2057.7,2042.5,2042.5,-15.2,-0.74,248,506540,2220.0,1260.0
CUMMINSIND,CUMMINSINDEQN,5400.0,5359.5,5359.5,-40.5,-0.75,1058,5670351,6100.0,3729.5
PNB,PNBEQN,118.0,117.11,117.11,-0.89,-0.75,61293,7178023,135.15,98.5
ICEMAKE,ICEMAKEEQN,751.65,746.0,746.0,-5.65,-0.75,557,415522,920.0,660.3
WELENT,WELENTEQN,561.7,557.5,557.5,-4.2,-0.75,76,42370,634.9,412.0
QUADFUTURE,QUADFUTUREEQN,360.45,357.7,357.7,-2.75,-0.76,76,27185,502.4,248.55
SRM,SRMEQN,483.7,480.0,480.0,-3.7,-0.76,545,261600,649.95,361.35
HTMEDIA,HTMEDIAEQN,26.37,26.17,26.17,-0.2,-0.76,205,5364,31.3,17.52
STEELCAS,STEELCASEQN,351.85,349.15,349.15,-2.7,-0.77,2053,716804,360.8,176.02
RANASUG,RANASUGEQN,13.05,12.95,12.95,-0.1,-0.77,2607,33760,15.69,10.21
CANHLIFE,CANHLIFEEQN,148.71,147.57,147.57,-1.14,-0.77,160,23611,166.69,106.0
APLLTD,APLLTDEQN,831.25,824.8,824.8,-6.45,-0.78,148,122070,1002.0,635.8
GTL,GTLEQN,7.66,7.6,7.6,-0.06,-0.78,1415,10754,11.26,4.91
NATCOPHARM,NATCOPHARMEQN,903.15,896.1,896.1,-7.05,-0.78,5686,5095224,1226.8,789.0
ALLDIGI,ALLDIGIEQN,813.4,807.0,807.0,-6.4,-0.79,24,19368,1040.0,700.0
ARFIN,ARFINEQN,84.05,83.38,83.38,-0.67,-0.8,1606,133908,106.2,32.0
STALLION,STALLIONBEN,229.85,228.0,228.0,-1.85,-0.8,1743,397404,359.15,99.32
BAIDFIN,BAIDFINEQN,9.9,9.82,9.82,-0.08,-0.81,185,1816,12.98,8.8
RAMKY,RAMKYEQN,390.05,386.9,386.9,-3.15,-0.81,15,5803,705.0,367.0
BANARISUG,BANARISUGEQN,3450.0,3422.0,3422.0,-28.0,-0.81,2,6844,3849.0,3105.2
BENGALASM,BENGALASMEQN,6210.0,6159.5,6159.5,-50.5,-0.81,1,6159,7268.0,5845.85
GOODYEAR,GOODYEAREQN,777.4,771.1,771.1,-6.3,-0.81,44,33928,876.0,711.25
KICL,KICLEQN,5305.0,5261.5,5261.5,-43.5,-0.82,2,10523,6554.9,4011.0
HIKAL,HIKALEQN,217.99,216.2,216.2,-1.79,-0.82,426,92101,282.7,146.25
SANGAMIND,SANGAMINDEQN,601.0,596.05,596.05,-4.95,-0.82,32,19073,672.5,341.55
CONTROLPR,CONTROLPREQN,584.65,579.85,579.85,-4.8,-0.82,135,78279,899.0,517.0
FACT,FACTEQN,807.7,801.0,801.0,-6.7,-0.83,762,610362,1058.6,652.1
GUJTHEM,GUJTHEMEQN,348.75,345.85,345.85,-2.9,-0.83,154,53260,479.0,225.05
TEXINFRA,TEXINFRAEQN,107.81,106.92,106.92,-0.89,-0.83,23,2459,118.0,82.5
FEDDERSHOL,FEDDERSHOLEQN,42.18,41.83,41.83,-0.35,-0.83,1332,55717,53.49,32.06
DHANUKA,DHANUKAEQN,1009.7,1001.2,1001.2,-8.5,-0.84,60,60072,1654.4,889.6
WINDMACHIN,WINDMACHINEQN,302.55,300.0,300.0,-2.55,-0.84,32,9600,345.45,200.65
TIRUPATIFL,TIRUPATIFLBEN,65.84,65.29,65.29,-0.55,-0.84,2273,148404,83.9,30.11
KIRLOSIND,KIRLOSINDEQN,3754.4,3722.4,3722.4,-32.0,-0.85,10,37224,4574.8,2463.0
GVKPIL,GVKPILBEN,2.36,2.34,2.34,-0.02,-0.85,29268,68487,4.06,2.31
IKIO,IKIOEQN,204.97,203.22,203.22,-1.75,-0.85,506,102829,252.9,103.53
INDIASHLTR,INDIASHLTREQN,670.7,665.0,665.0,-5.7,-0.85,217,144305,968.75,640.0
TINNARUBR,TINNARUBREQN,1089.7,1080.4,1080.4,-9.3,-0.85,161,173944,1322.0,527.45
EUROPRATIK,EUROPRATIKEQN,287.4,284.95,284.95,-2.45,-0.85,180,51291,390.0,205.1
INDIGRID,INDIGRIDIVN,178.75,177.19,177.19,-1.54,-0.86,8335,1476878,180.9,157.5
LOTUSDEV,LOTUSDEVBEN,172.45,170.97,170.97,-1.48,-0.86,3109,531545,207.5,102.2
NAVKARCORP,NAVKARCORPEQN,99.49,98.6,98.6,-0.89,-0.89,1054,103924,132.5,74.05
LINC,LINCEQN,97.92,97.05,97.05,-0.87,-0.89,801,77737,139.6,85.01
POWERICA,POWERICAEQN,549.95,545.0,545.0,-4.95,-0.9,822,447990,676.95,365.1
HARRMALAYA,HARRMALAYAEQN,198.81,197.0,197.0,-1.81,-0.91,233,45901,237.9,153.66
PNBHOUSING,PNBHOUSINGEQN,1150.5,1140.0,1140.0,-10.5,-0.91,610,695400,1174.8,729.6
GLOBAL,GLOBALEQN,106.42,105.45,105.45,-0.97,-0.91,311,32794,121.9,55.3
COCKERILL,COCKERILLEQN,8578.5,8500.0,8500.0,-78.5,-0.92,36,306000,10871.5,4955.0
AVROIND,AVROINDEQN,8.63,8.55,8.55,-0.08,-0.93,313,2676,16.45,8.0
PARAGMILK,PARAGMILKEQN,210.8,208.84,208.84,-1.96,-0.93,6593,1376882,376.95,177.84
TASTYBITE,TASTYBITEEQN,10005.0,9910.5,9910.5,-94.5,-0.94,33,327046,10470.0,6430.0
SDBL,SDBLEQN,74.2,73.5,73.5,-0.7,-0.94,491,36088,144.66,61.8
PILANIINVS,PILANIINVSEQN,4547.0,4504.0,4504.0,-43.0,-0.95,94,423376,5980.0,4092.2
J&KBANK,J&KBANKEQN,155.48,154.0,154.0,-1.48,-0.95,5714,879956,201.75,97.35
FMGOETZE,FMGOETZEEQN,457.25,452.9,452.9,-4.35,-0.95,284,128623,577.4,358.0
INOXGREEN,INOXGREENEQN,187.07,185.26,185.26,-1.81,-0.97,394,72992,279.0,132.58
MARATHON,MARATHONEQN,365.15,361.6,361.6,-3.55,-0.97,264,95462,685.4,361.25
VASCONEQ,VASCONEQEQN,31.82,31.51,31.51,-0.31,-0.97,3247,102312,74.59,26.75
LAURUSLABS,LAURUSLABSEQN,1787.3,1770.0,1770.0,-17.3,-0.97,10133,17935410,1870.8,823.1
SKFINDIA,SKFINDIAEQN,1573.3,1558.1,1558.1,-15.2,-0.97,427,665308,5074.0,1404.0
CCHHL,CCHHLEQN,12.23,12.11,12.11,-0.12,-0.98,22,266,19.99,10.03
SURANASOL,SURANASOLEQN,25.6,25.35,25.35,-0.25,-0.98,733,18581,39.08,18.31
USK,USKEQN,21.41,21.2,21.2,-0.21,-0.98,1,21,36.0,18.97
AKASH,AKASHEQN,24.6,24.36,24.36,-0.24,-0.98,50,1218,36.0,22.8
MALLCOM,MALLCOMEQN,969.55,960.0,960.0,-9.55,-0.98,10,9600,1520.0,929.0
TDPOWERSYS,TDPOWERSYSEQN,1484.6,1470.0,1470.0,-14.6,-0.98,19841,29166270,1530.0,493.0
BETA,BETAEQN,2550.7,2525.7,2525.7,-25.0,-0.98,77,194478,2807.9,990.1
GRANULES,GRANULESEQN,858.4,850.0,850.0,-8.4,-0.98,4023,3419550,910.0,452.5
PRAENG,PRAENGEQN,20.2,20.0,20.0,-0.2,-0.99,920,18400,33.88,17.0
EVEREADY,EVEREADYEQN,356.5,352.95,352.95,-3.55,-1.0,471,166239,475.2,259.65
SPANDANA,SPANDANAEQN,245.8,243.35,243.35,-2.45,-1.0,252,61324,319.4,181.1
TECHNVISN,TECHNVISNEQN,5220.5,5168.1,5168.1,-52.4,-1.0,1,5168,6198.0,3222.8
OMAXE,OMAXEEQN,99.14,98.14,98.14,-1.0,-1.01,6462,634180,108.61,62.5
ELECON,ELECONEQN,432.35,428.0,428.0,-4.35,-1.01,1601,685228,634.9,352.0
EVERESTIND,EVERESTINDBEN,456.65,452.0,452.0,-4.65,-1.02,1,452,750.0,284.9
HERANBA,HERANBAEQN,169.76,168.0,168.0,-1.76,-1.04,941,158088,379.0,155.38
IVALUE,IVALUEEQN,278.8,275.9,275.9,-2.9,-1.04,208,57387,340.0,207.35
MGEL,MGELBEN,14.43,14.28,14.28,-0.15,-1.04,180,2570,18.4,9.53
PRIMESECU,PRIMESECUEQN,281.95,279.0,279.0,-2.95,-1.05,1,279,325.0,244.5
GKSL,GKSLEQN,136.43,135.0,135.0,-1.43,-1.05,2104,284040,148.34,98.36
AYE,AYEEQN,172.82,170.98,170.98,-1.84,-1.06,1565,267583,197.29,88.22
RACE,RACEEQN,100.07,99.0,99.0,-1.07,-1.07,96,9504,252.0,84.11
AGL,AGLEQN,14.91,14.75,14.75,-0.16,-1.07,22282,328659,22.0,12.03
RKEC,RKECEQN,25.02,24.75,24.75,-0.27,-1.08,5967,147683,81.5,23.9
SIS,SISEQN,429.65,425.0,425.0,-4.65,-1.08,627,266475,480.95,257.05
KNRCON,KNRCONEQN,132.43,131.0,131.0,-1.43,-1.08,3841,503171,220.0,108.65
SIKKO,SIKKOBEN,5.56,5.5,5.5,-0.06,-1.08,4636,25498,6.83,3.2
CROWN,CROWNEQN,107.94,106.75,106.75,-1.19,-1.1,45,4803,191.0,100.62
VPRPL,VPRPLEQN,32.86,32.5,32.5,-0.36,-1.1,2599,84467,155.4,23.94
BCONCEPTS,BCONCEPTSEQN,159.02,157.25,157.25,-1.77,-1.11,1270,199707,449.0,157.55
MODIRUBBER,MODIRUBBEREQN,119.33,118.0,118.0,-1.33,-1.11,3,354,167.5,98.41
SGL,SGLEQN,9.73,9.62,9.62,-0.11,-1.13,2,19,20.79,8.4
SAMHI,SAMHIEQN,163.37,161.5,161.5,-1.87,-1.14,14508,2343042,227.0,127.0
KERNEX,KERNEXEQN,2024.2,2001.0,2001.0,-23.2,-1.15,7339,14685339,2580.0,850.0
HINDCOMPOS,HINDCOMPOSEQN,410.25,405.5,405.5,-4.75,-1.16,129,52309,550.0,347.1
BHAGYANGR,BHAGYANGREQN,364.3,360.0,360.0,-4.3,-1.18,537,193320,432.3,86.0
VLSFINANCE,VLSFINANCEEQN,259.15,256.1,256.1,-3.05,-1.18,78,19975,339.0,198.81
BCLIND,BCLINDEQN,35.63,35.21,35.21,-0.42,-1.18,10971,386288,44.9,25.53
JSWDULUX,JSWDULUXEQN,3167.4,3130.0,3130.0,-37.4,-1.18,190,594700,3745.0,2658.7
KCP,KCPEQN,156.22,154.36,154.36,-1.86,-1.19,860,132749,212.7,125.0
ASHIANA,ASHIANAEQN,362.45,358.15,358.15,-4.3,-1.19,1155,413663,435.9,269.45
STCINDIA,STCINDIAEQN,116.7,115.3,115.3,-1.4,-1.2,800,92240,150.7,97.04
SOLARA,SOLARAEQN,512.3,506.0,506.0,-6.3,-1.23,911,460966,712.0,422.0
ARIHANTCAP,ARIHANTCAPEQN,74.14,73.23,73.23,-0.91,-1.23,1450,106183,120.0,56.97
SKP,SKPSMN,162.0,160.0,160.0,-2.0,-1.23,3000,480000,238.0,137.0
SWELECTES,SWELECTESEQN,616.75,609.0,609.0,-7.75,-1.26,272,165648,977.0,483.1
GENSOL,GENSOLBZN,16.62,16.41,16.41,-0.21,-1.26,205,3364,46.02,16.5
ANMOL,ANMOLEQN,10.16,10.03,10.03,-0.13,-1.28,805,8074,17.74,8.4
SCHAND,SCHANDEQN,137.86,136.1,136.1,-1.76,-1.28,67,9118,200.87,130.05
EXXARO,EXXAROEQN,6.19,6.11,6.11,-0.08,-1.29,4400,26884,10.33,5.99
FAZE3Q,FAZE3QEQN,487.35,481.05,481.05,-6.3,-1.29,10,4810,650.05,322.1
MANAKSTEEL,MANAKSTEELEQN,86.12,85.0,85.0,-1.12,-1.3,401,34085,89.9,45.11
NDRAUTO,NDRAUTOEQN,817.0,806.3,806.3,-10.7,-1.31,94,75792,1186.6,605.05
PARKHOTELS,PARKHOTELSEQN,117.7,116.15,116.15,-1.55,-1.32,877,101863,164.1,95.1
DIGIDRIVE,DIGIDRIVEEQN,17.3,17.07,17.07,-0.23,-1.33,900,15363,34.37,16.1
RISHABH,RISHABHEQN,648.65,640.0,640.0,-8.65,-1.33,5720,3660800,692.8,302.5
AIAENG,AIAENGEQN,4482.8,4423.0,4423.0,-59.8,-1.33,1352,5979896,5180.0,3001.1
VISACHROME,VISACHROMEEQN,36.89,36.4,36.4,-0.49,-1.33,396,14414,0.0,0.0
WEBELSOLAR,WEBELSOLAREQN,85.1,83.96,83.96,-1.14,-1.34,10902,915331,142.51,50.4
ELECTHERM,ELECTHERMEQN,1003.5,990.0,990.0,-13.5,-1.35,104,102960,1277.0,551.0
ORIENTALTL,ORIENTALTLEQN,5.13,5.06,5.06,-0.07,-1.36,901,4559,11.99,4.4
COMFINTE,COMFINTEEQN,6.63,6.54,6.54,-0.09,-1.36,3078,20130,9.19,5.21
MOLDTECH,MOLDTECHBEN,185.54,183.0,183.0,-2.54,-1.37,10,1830,221.0,101.1
DCI,DCIEQN,365.1,360.0,360.0,-5.1,-1.4,220,79200,475.0,208.98
SOLARWORLD,SOLARWORLDEQN,158.1,155.89,155.89,-2.21,-1.4,3357,523322,388.5,139.19
TARACHAND,TARACHANDEQN,47.89,47.21,47.21,-0.68,-1.42,2308,108960,103.67,47.02
TARSONS,TARSONSEQN,360.3,355.1,355.1,-5.2,-1.44,26813,9521296,375.0,164.45
JAYBARMARU,JAYBARMARUEQN,127.86,126.01,126.01,-1.85,-1.45,2485,313134,207.0,74.15
KHAITANLTD,KHAITANLTDEQN,139.18,137.15,137.15,-2.03,-1.46,125,17143,165.0,85.0
TCC,TCCEQN,259.55,255.7,255.7,-3.85,-1.48,122,31195,526.4,250.0
INCREDIBLE,INCREDIBLEEQN,32.23,31.75,31.75,-0.48,-1.49,3,95,52.87,28.1
BOROLTD,BOROLTDEQN,238.55,235.0,235.0,-3.55,-1.49,556,130660,397.95,213.73
PAUSHAKLTD,PAUSHAKLTDEQN,740.8,729.65,729.65,-11.15,-1.51,108,78802,780.6,342.5
SUDARCOLOR,SUDARCOLOREQN,413.4,407.1,407.1,-6.3,-1.52,60,24426,603.0,268.25
TCIEXP,TCIEXPEQN,559.85,551.3,551.3,-8.55,-1.53,39,21500,780.0,447.55
ORICONENT,ORICONENTEQN,53.12,52.3,52.3,-0.82,-1.54,549,28712,73.12,48.81
NMDC,NMDCEQN,84.4,83.1,83.1,-1.3,-1.54,350651,29139098,97.49,68.19
DBEIL,DBEILBEN,7.11,7.0,7.0,-0.11,-1.55,60975,426825,18.56,5.15
PPL,PPLBEN,274.35,270.0,270.0,-4.35,-1.59,901,243270,352.0,163.21
VERTOZ,VERTOZBEN,35.58,35.0,35.0,-0.58,-1.63,232,8120,89.65,27.02
MANORG,MANORGEQN,449.9,442.5,442.5,-7.4,-1.64,76,33630,637.85,356.25
BSE,BSEEQN,3447.0,3390.0,3390.0,-57.0,-1.65,33872,114826080,4446.8,2021.5
THEMISMED,THEMISMEDEQN,104.85,103.1,103.1,-1.75,-1.67,2,206,148.0,64.95
AUSOMENT,AUSOMENTEQN,147.06,144.51,144.51,-2.55,-1.73,14,2023,178.0,93.0
MCL,MCLEQN,57.2,56.21,56.21,-0.99,-1.73,645,36255,93.2,42.0
ARROWGREEN,ARROWGREENBEN,809.1,795.0,795.0,-14.1,-1.74,713,566835,821.6,341.95
MERCANTILE,MERCANTILEEQN,24.07,23.65,23.65,-0.42,-1.74,18,425,31.9,19.0
AASTHA,AASTHAEQN,74.31,73.0,73.0,-1.31,-1.76,14100,1029300,140.01,70.0
IFBAGRO,IFBAGROEQN,1029.3,1011.0,1011.0,-18.3,-1.78,69,69759,1790.0,679.15
IGL,IGLEQN,151.7,149.0,149.0,-2.7,-1.78,32330,4817170,223.5,141.74
UNIECOM,UNIECOMEQN,86.05,84.5,84.5,-1.55,-1.8,4231,357519,155.8,78.51
RAJRILTD,RAJRILTDBEN,21.7,21.31,21.31,-0.39,-1.8,1134,24165,28.9,19.41
RPSGVENT,RPSGVENTEQN,890.15,874.0,874.0,-16.15,-1.81,41,35834,1179.0,551.9
HAWKINCOOK,HAWKINCOOKEQN,8351.0,8200.0,8200.0,-151.0,-1.81,2,16400,9600.0,7109.0
21STCENMGM,21STCENMGMEQN,44.05,43.25,43.25,-0.8,-1.82,100,4325,57.98,28.25
SALASAR,SALASAREQN,5.96,5.85,5.85,-0.11,-1.85,57647,337234,10.99,5.59
VICTORYEV,VICTORYEVSTN,16.15,15.85,15.85,-0.3,-1.86,3000,47550,34.45,13.7
AJAXENGG,AJAXENGGEQN,582.2,571.1,571.1,-11.1,-1.91,407,232437,730.1,394.8
ISHANCH,ISHANCHEQN,48.17,47.25,47.25,-0.92,-1.91,831,39264,83.37,45.0
MENNPIS,MENNPISEQN,73.72,72.31,72.31,-1.41,-1.91,147,10629,82.0,52.35
EMPOWER,EMPOWEREQN,2.09,2.05,2.05,-0.04,-1.91,247448,507268,2.82,1.3
LIKHITHA,LIKHITHAEQN,217.17,213.01,213.01,-4.16,-1.92,1922,409405,272.0,131.45
BALAJITELE,BALAJITELEEQN,92.38,90.61,90.61,-1.77,-1.92,1679,152134,141.32,69.52
RPPINFRA,RPPINFRAEQN,59.65,58.5,58.5,-1.15,-1.93,800,46800,169.9,55.04
CHEMBOND,CHEMBONDEQN,178.85,175.4,175.4,-3.45,-1.93,10,1754,209.99,105.15
NIBE,NIBEEQN,1490.1,1461.2,1461.2,-28.9,-1.94,10784,15757580,1848.0,809.6
STERTOOLS,STERTOOLSBEN,223.95,219.6,219.6,-4.35,-1.94,80,17568,361.95,155.0
LUXIND,LUXINDEQN,1188.1,1165.0,1165.0,-23.1,-1.94,287,334355,1823.35,824.05
ABAN,ABANBEN,18.46,18.1,18.1,-0.36,-1.95,706,12778,52.14,12.89
RAMANEWS,RAMANEWSEQN,31.62,31.0,31.0,-0.62,-1.96,1,31,42.0,27.05
CENTUM,CENTUMEQN,3538.5,3468.9,3468.9,-69.6,-1.97,2004,6951675,3968.8,2044.2
CSM,CSMEQN,100.71,98.71,98.71,-2.0,-1.99,1025,101177,113.0,94.27
PARSVNATH,PARSVNATHBEN,1.5,1.47,1.47,-0.03,-2.0,2203,3238,18.75,1.5
XCHANGING,XCHANGINGEQN,63.88,62.6,62.6,-1.28,-2.0,1230,76998,103.0,47.5
RELINFRA,RELINFRABEN,67.12,65.78,65.78,-1.34,-2.0,15587,1025312,303.0,60.04
KANANIIND,KANANIINDEQN,1.49,1.46,1.46,-0.03,-2.01,10327,15077,2.27,1.02
ABINFRA,ABINFRAEQN,10.81,10.59,10.59,-0.22,-2.04,6933,73420,23.56,8.82
MAHESHWARI,MAHESHWARIBEN,72.5,71.0,71.0,-1.5,-2.07,1000,71000,75.5,39.04
WORTHPERI,WORTHPERIEQN,154.5,151.25,151.25,-3.25,-2.1,138,20872,169.8,109.0
PRAVEG,PRAVEGEQN,269.7,264.0,264.0,-5.7,-2.11,394,104016,325.0,210.4
PWL,PWLEQN,117.12,114.65,114.65,-2.47,-2.11,186783,21414670,161.99,77.72
SSDL,SSDLEQN,65.14,63.75,63.75,-1.39,-2.13,60,3825,98.0,46.15
GODREJIND,GODREJINDEQN,1252.5,1225.8,1225.8,-26.7,-2.13,1047,1283412,1443.0,744.2
PVSL,PVSLEQN,116.51,114.0,114.0,-2.51,-2.15,48,5472,163.0,82.41
KOTARISUG,KOTARISUGEQN,26.28,25.71,25.71,-0.57,-2.17,75,1928,37.68,22.5
ODIGMA,ODIGMAEQN,22.59,22.1,22.1,-0.49,-2.17,47,1038,56.09,20.0
BSHSL,BSHSLEQN,88.95,87.0,87.0,-1.95,-2.19,16,1392,150.0,59.16
AMANTA,AMANTABEN,156.33,152.89,152.89,-3.44,-2.2,5651,863981,189.0,92.0
REMSONSIND,REMSONSINDEQN,88.25,86.28,86.28,-1.97,-2.23,982,84726,152.45,75.23
SPLIL,SPLILEQN,31.72,31.01,31.01,-0.71,-2.24,7,217,45.2,20.2
PIGL,PIGLEQN,106.36,103.98,103.98,-2.38,-2.24,1008,104811,189.7,88.05
SIGMAADV,SIGMAADVEQN,660.1,645.0,645.0,-15.1,-2.29,3707,2391015,721.5,108.75
PARTH,PARTHSMN,473.05,462.1,462.1,-10.95,-2.31,400,184840,536.95,188.55
GENESYS,GENESYSEQN,181.15,176.95,176.95,-4.2,-2.32,5343,945443,440.75,134.73
GYFTR,GYFTREQN,161.87,158.0,158.0,-3.87,-2.39,300,47400,174.9,139.69
LAHOTIOV,LAHOTIOVEQN,41.03,40.05,40.05,-0.98,-2.39,50,2002,53.9,34.06
AVG,AVGBEN,205.0,200.05,200.05,-4.95,-2.41,60,12003,256.73,113.26
VELJAN,VELJANBEN,1824.3,1780.0,1780.0,-44.3,-2.43,1,1780,1980.0,812.0
RAJSREESUG,RAJSREESUGEQN,32.67,31.85,31.85,-0.82,-2.51,160,5096,49.7,24.65
JWL,JWLEQN,256.5,250.0,250.0,-6.5,-2.53,15265,3816250,372.85,235.65
KSHITIJPOL,KSHITIJPOLEQN,3.11,3.03,3.03,-0.08,-2.57,263232,797592,7.2,1.88
RAINBOW,RAINBOWEQN,1461.8,1423.8,1423.8,-38.0,-2.6,3230,4598874,1610.0,1084.0
DBREALTY,DBREALTYEQN,111.91,109.0,109.0,-2.91,-2.6,17805,1940745,185.0,83.5
SHYAMCENT,SHYAMCENTBEN,4.99,4.86,4.86,-0.13,-2.61,201,976,9.75,3.68
CREST,CRESTEQN,360.8,351.2,351.2,-9.6,-2.66,8,2809,418.0,298.15
RVTH,RVTHEQN,729.9,710.1,710.1,-19.8,-2.71,37,26273,1300.0,491.1
GRANDOAK,GRANDOAKEQN,38.24,37.2,37.2,-1.04,-2.72,2615,97278,55.76,24.0
CEREBRAINT,CEREBRAINTBZN,2.57,2.5,2.5,-0.07,-2.72,4213,10532,10.08,2.55
RETAIL,RETAILEQN,19.03,18.51,18.51,-0.52,-2.73,30,555,44.13,15.81
HMVL,HMVLBEN,86.64,84.26,84.26,-2.38,-2.75,45,3791,108.16,55.2
ANUP,ANUPEQN,1852.8,1801.0,1801.0,-51.8,-2.8,2205,3971205,2576.0,1422.3
FINBUD,FINBUDSMN,139.5,135.5,135.5,-4.0,-2.87,1000,135500,164.85,76.0
BIRLACABLE,BIRLACABLEBEN,288.44,280.1,280.1,-8.34,-2.89,1676,469447,308.25,104.0
WSI,WSIEQN,59.65,57.92,57.92,-1.73,-2.9,200,11584,95.0,53.8
PODDARMENT,PODDARMENTEQN,264.2,256.5,256.5,-7.7,-2.91,235,60277,297.95,201.1
EMMBI,EMMBIBEN,85.72,83.2,83.2,-2.52,-2.94,990,82368,116.9,60.3
ALPINETEX,ALPINETEXEQN,58.6,56.87,56.87,-1.73,-2.95,6111,347532,105.0,58.49
BELRISE,BELRISEEQN,255.35,247.77,247.77,-7.58,-2.97,56199,13924426,268.2,134.02
KITEX,KITEXEQN,134.24,130.25,130.25,-3.99,-2.97,11066,1441346,232.7,132.01
SHEMAROO,SHEMAROOBEN,129.13,125.3,125.3,-3.83,-2.97,5,626,143.0,73.0
SHIVALIK,SHIVALIKBEN,267.99,260.0,260.0,-7.99,-2.98,523,135980,533.0,206.4
C2C,C2CSMN,253.55,246.0,246.0,-7.55,-2.98,3750,922500,888.0,246.0
VGINFOTECH,VGINFOTECHSMN,156.95,152.25,152.25,-4.7,-2.99,2000,304500,201.8,99.5
ONELIFECAP,ONELIFECAPBEN,33.73,32.71,32.71,-1.02,-3.02,2000,65420,40.1,10.62
ORBTEXP,ORBTEXPBEN,235.93,228.7,228.7,-7.23,-3.06,1495,341906,278.61,135.0
MANUGRAPH,MANUGRAPHBEN,15.59,15.11,15.11,-0.48,-3.08,56,846,24.0,9.65
VERANDA,VERANDAEQN,245.9,238.3,238.3,-7.6,-3.09,6324,1507009,272.5,130.02
AFIL,AFILEQN,9.68,9.38,9.38,-0.3,-3.1,710,6659,11.1,3.92
COCHINSHIP,COCHINSHIPEQN,1496.5,1450.0,1450.0,-46.5,-3.11,34891,50591950,1979.9,1187.0
LOKESHMACH,LOKESHMACHBEN,347.1,336.05,336.05,-11.05,-3.18,95,31924,330.6,138.96
CREATIVEYE,CREATIVEYEEQN,6.2,6.0,6.0,-0.2,-3.23,6,36,8.83,5.41
ORIENTHOT,ORIENTHOTEQN,124.2,120.15,120.15,-4.05,-3.26,2181,262047,149.5,80.0
DSSL,DSSLEQN,1196.4,1156.1,1156.1,-40.3,-3.37,160,184976,1924.8,781.0
NSLNISP,NSLNISPEQN,44.5,43.0,43.0,-1.5,-3.37,241430,10381490,53.75,33.01
RELTD,RELTDEQN,164.7,158.93,158.93,-5.77,-3.5,3465,550692,196.45,114.77
RESPONIND,RESPONINDEQN,165.9,160.1,160.1,-5.8,-3.5,5006,801460,240.9,117.25
KOTHARIPET,KOTHARIPETEQN,143.92,138.88,138.88,-5.04,-3.5,3761,522327,174.0,94.75
MCLOUD,MCLOUDEQN,28.48,27.48,27.48,-1.0,-3.51,58261,1601012,90.5,19.4
FIBERWEB,FIBERWEBEQN,29.02,28.0,28.0,-1.02,-3.51,1502,42056,52.47,26.85
MEDICAMEQ,MEDICAMEQEQN,240.45,232.0,232.0,-8.45,-3.51,1124,260768,447.65,212.4
OPTIMYSTIX,OPTIMYSTIXSTN,189.0,182.0,182.0,-7.0,-3.7,8800,1601600,0.0,0.0
LGHL,LGHLEQN,182.0,175.0,175.0,-7.0,-3.85,250,43750,399.58,178.5
SPECTRUM,SPECTRUMBEN,2236.9,2150.6,2150.6,-86.3,-3.86,37,79572,2637.2,1050.0
SILLYMONKS,SILLYMONKSEQN,15.63,15.02,15.02,-0.61,-3.9,420,6308,28.45,14.61
FCONSUMER,FCONSUMERBZN,0.25,0.24,0.24,-0.01,-4.0,44297,10631,0.52,0.25
PRITI,PRITIBEN,35.79,34.35,34.35,-1.44,-4.02,295,10133,104.9,31.5
DIL,DILBZN,0.74,0.71,0.71,-0.03,-4.05,18555,13174,2.44,0.74
ZEELEARN,ZEELEARNBEN,8.13,7.8,7.8,-0.33,-4.06,25188,196466,10.45,4.17
BLUECOAST,BLUECOASTBEN,24.49,23.49,23.49,-1.0,-4.08,3,70,86.31,18.57
OWAIS,OWAISSTN,78.85,75.6,75.6,-3.25,-4.12,100,7560,580.0,78.85
JKIPL,JKIPLEQN,100.75,96.5,96.5,-4.25,-4.22,3917,377990,126.95,45.4
FISCHER,FISCHEREQN,38.64,37.01,37.01,-1.63,-4.22,24209,895975,124.7,31.05
MUKTAARTS,MUKTAARTSBEN,56.5,54.1,54.1,-2.4,-4.25,1,54,79.63,37.01
ESSENTIA,ESSENTIAEQN,1.38,1.32,1.32,-0.06,-4.35,27597,36428,1.96,0.95
NEAGI,NEAGIEQN,3139.0,3001.0,3001.0,-138.0,-4.4,19,57019,3459.2,3025.1
TOYAMSL,TOYAMSLEQN,0.68,0.65,0.65,-0.03,-4.41,45,29,0.0,0.0
AHLUCONT,AHLUCONTEQN,837.35,800.0,800.0,-37.35,-4.46,1735,1388000,1077.95,645.15
TGL,TGLSTN,20.05,19.15,19.15,-0.9,-4.49,2600,49790,113.4,14.8
KSR,KSREQN,29.86,28.5,28.5,-1.36,-4.55,162,4617,39.1,14.04
NAGAFERT,NAGAFERTBZN,2.37,2.26,2.26,-0.11,-4.64,39566,89419,6.37,2.37
SUTLEJTEX,SUTLEJTEXBEN,38.09,36.31,36.31,-1.78,-4.67,1500,54465,41.5,24.0
BASILIC,BASILICSMN,200.95,191.4,191.4,-9.55,-4.75,2700,516780,509.8,166.25
GOYALALUM,GOYALALUMEQN,6.51,6.2,6.2,-0.31,-4.76,12863,79750,11.37,5.34
CPPLUS,CPPLUSEQN,3519.0,3351.1,3351.1,-167.9,-4.77,19905,66703645,4094.0,1046.65
AKSHARCHEM,AKSHARCHEMBEN,305.64,291.0,291.0,-14.64,-4.79,1100,320100,330.8,141.3
GML,GMLSMN,19.8,18.85,18.85,-0.95,-4.8,4000,75400,54.0,15.15
BNAGROCHEM,BNAGROCHEMEQN,244.95,233.05,233.05,-11.9,-4.86,100,23305,394.8,224.0
ASTRON,ASTRONBZN,3.49,3.32,3.32,-0.17,-4.87,47,156,18.89,3.26
MODINATUR,MODINATURBEN,400.65,381.0,381.0,-19.65,-4.9,2086,794766,524.8,252.3
SEMAC,SEMACEQN,326.0,310.0,310.0,-16.0,-4.91,2,620,568.0,205.0
DHARIWAL,DHARIWALSMN,18.25,17.35,17.35,-0.9,-4.93,66000,1145100,48.3,15.46
CLSL,CLSLSTN,77.0,73.2,73.2,-3.8,-4.94,2000,146400,78.15,39.05
GANGAFORGE,GANGAFORGEEQN,2.62,2.49,2.49,-0.13,-4.96,525752,1309122,3.29,1.59
GSMFOILS,GSMFOILSSMN,97.7,92.85,92.85,-4.85,-4.96,2000,185700,293.85,97.7
AFFORDABLE,AFFORDABLEBEN,181.89,172.86,172.86,-9.03,-4.96,391,67588,409.95,119.71
BURNPUR,BURNPURBEN,18.32,17.41,17.41,-0.91,-4.97,651,11333,21.39,18.32
NEPHROCARE,NEPHROCARESTN,87.4,83.05,83.05,-4.35,-4.98,2800,232540,183.0,50.05
MVKAGRO,MVKAGROSMN,228.95,217.55,217.55,-11.4,-4.98,900,195795,819.0,228.95
KOTYARK,KOTYARKBEN,40.28,38.27,38.27,-2.01,-4.99,780,29850,45.5,17.38
VALIANTORG,VALIANTORGBEN,324.5,308.3,308.3,-16.2,-4.99,601,185288,397.0,195.0
INDOTHAI,INDOTHAIEQN,77.08,73.23,73.23,-3.85,-4.99,21644,1584990,466.35,77.08
KILITCH,KILITCHBEN,181.66,172.58,172.58,-9.08,-5.0,540,93193,219.5,117.25
INSPIRISYS,INSPIRISYSBEN,87.47,83.1,83.1,-4.37,-5.0,4278,355501,133.9,69.92
UEL,UELEQN,234.18,222.48,222.48,-11.7,-5.0,1523,338837,284.2,92.32
NATIONSTD,NATIONSTDEQN,148.47,141.05,141.05,-7.42,-5.0,182,25671,1519.95,148.47
GVPIL,GVPILEQN,769.6,731.15,731.15,-38.45,-5.0,18944,13850905,1084.0,270.9
RFBL,RFBLSTN,101.0,95.95,95.95,-5.05,-5.0,3000,287850,104.7,52.5
AUTOIND,AUTOINDBEN,98.27,93.36,93.36,-4.91,-5.0,8449,788798,104.0,48.35
RSDFIN,RSDFINBEN,112.09,106.49,106.49,-5.6,-5.0,13,1384,168.48,65.6
SEIL,SEILEQN,212.71,202.06,202.06,-10.65,-5.01,20020,4045241,239.96,172.9
GUFICBIO,GUFICBIOEQN,422.2,400.2,400.2,-22.0,-5.21,12673,5071734,448.0,268.0
SIKA,SIKAEQN,1098.8,1040.1,1040.1,-58.7,-5.34,655,681265,1359.4,870.1
TURTLEMINT,TURTLEMINTEQN,137.44,130.0,130.0,-7.44,-5.41,27549,3581370,154.3,110.41
PRIMO,PRIMOEQN,25.62,24.15,24.15,-1.47,-5.74,18702,451653,28.95,16.1
ADVIKCA,ADVIKCAEQN,1.22,1.15,1.15,-0.07,-5.74,2500,2875,0.0,0.0
THOMASCOTT,THOMASCOTTEQN,346.9,326.95,326.95,-19.95,-5.75,3049,996870,459.8,230.0
SUPREME,SUPREMEEQN,41.61,39.2,39.2,-2.41,-5.79,1000,39200,97.84,40.56
PRAKASH,PRAKASHEQN,137.68,129.5,129.5,-8.18,-5.94,28102,3639209,177.0,110.24
KLBRENG-B,KLBRENG-BEQN,358.2,336.3,336.3,-21.9,-6.11,5493,1847295,544.85,353.0
SAATVIKGL,SAATVIKGLEQN,427.4,401.0,401.0,-26.4,-6.18,8448,3387648,567.0,328.0
KSE,KSEEQN,207.95,195.0,195.0,-12.95,-6.23,201,39195,0.0,0.0
S&SPOWER,S&SPOWEREQN,325.6,305.0,305.0,-20.6,-6.33,1512,461160,468.9,193.5
MAMATA,MAMATAEQN,426.5,398.05,398.05,-28.45,-6.67,4339,1727138,515.0,297.0
DCAL,DCALEQN,190.66,176.6,176.6,-14.06,-7.37,17507,3091736,321.95,128.5
ORCHPHARMA,ORCHPHARMAEQN,1045.65,960.0,960.0,-85.65,-8.19,2798,2686080,1133.0,480.0
SOLEX,SOLEXEQN,879.85,801.0,801.0,-78.85,-8.96,1714,1372914,1985.0,795.45
ZAGGLE,ZAGGLEEQN,200.59,182.4,182.4,-18.19,-9.07,71233,12992899,417.6,186.05
ABMINTLLTD,ABMINTLLTDEQN,62.44,56.2,56.2,-6.24,-9.99,80,4496,72.8,34.0
SCHNEIDER,SCHNEIDEREQN,1369.2,1219.0,1219.0,-150.2,-10.97,21310,25976890,1548.0,571.85
