symbol,identifier,previousClose,lastPrice,iep,change,pChange,finalQuantity,totalTurnover,yearHigh,yearLow
KSHITIJ-RE,KSHITIJ-REBEN,0.01,0.02,0.02,0.01,100.0,6324,126,0.0,0.0
AASTHA,AASTHAEQN,80.34,88.37,88.37,8.03,10.0,301028,26601844,140.01,70.0
MGSL,MGSLSMN,85.1,92.95,92.95,7.85,9.22,1200,111540,120.0,57.2
HAMPTON,HAMPTONEQN,8.18,8.91,8.91,0.73,8.92,4,35,9.24,7.01
LCCINFOTEC,LCCINFOTECEQN,3.75,4.07,4.07,0.32,8.53,5574,22686,5.89,3.3
BVCL,BVCLEQN,42.83,46.0,46.0,3.17,7.4,20150,926900,69.99,31.2
QUINT,QUINTEQN,41.01,43.9,43.9,2.89,7.05,18,790,47.69,33.45
BPLPHARMA,BPLPHARMAEQN,1541.2,1649.0,1649.0,107.8,6.99,50,82450,1649.0,1125.7
ROSSELLIND,ROSSELLINDEQN,61.77,66.0,66.0,4.23,6.85,136029,8977914,73.0,40.0
TFL,TFLEQN,11.71,12.48,12.48,0.77,6.58,10,124,18.5,10.21
LPDC,LPDCEQN,7.05,7.48,7.48,0.43,6.1,2,14,9.46,5.23
SALONA,SALONAEQN,262.01,278.0,278.0,15.99,6.1,60,16680,320.0,200.0
REGENCERAM,REGENCERAMEQN,33.0,35.0,35.0,2.0,6.06,1,35,54.99,30.0
MADHAV,MADHAVEQN,34.84,36.8,36.8,1.96,5.63,1,36,49.95,29.0
FILATFASH,FILATFASHEQN,0.18,0.19,0.19,0.01,5.56,23236,4414,0.68,0.14
PROZONER,PROZONEREQN,43.51,45.88,45.88,2.37,5.45,11500,527620,72.77,39.31
LEXUS,LEXUSEQN,13.75,14.45,14.45,0.7,5.09,10,144,39.25,12.74
SAKUMA,SAKUMAEQN,1.79,1.88,1.88,0.09,5.03,140274,263715,3.1,1.1
SANWARIA,SANWARIABZN,0.2,0.21,0.21,0.01,5.0,705,148,0.39,0.18
SILKFLEX,SILKFLEXSMN,243.05,255.2,255.2,12.15,5.0,5000,1276000,243.05,76.0
CALSOFT,CALSOFTEQN,32.2,33.81,33.81,1.61,5.0,27555,931634,33.81,10.9
UEL,UELEQN,171.74,180.32,180.32,8.58,5.0,320,57702,284.2,92.32
RSDFIN,RSDFINBEN,111.23,116.79,116.79,5.56,5.0,12,1401,168.48,65.6
MINALIND,MINALINDBEN,3.81,4.0,4.0,0.19,4.99,1700,6800,4.0,1.71
MICEL,MICELBEN,37.69,39.57,39.57,1.88,4.99,26186,1036180,82.97,29.97
KANCHI,KANCHIEQN,411.9,432.45,432.45,20.55,4.99,1046,452342,463.35,334.7
BGRENERGY,BGRENERGYBEN,256.95,269.75,269.75,12.8,4.98,3015,813296,490.8,155.45
GOLDENTOBC,GOLDENTOBCBZN,24.1,25.3,25.3,1.2,4.98,1,25,37.5,20.34
GSMFOILS,GSMFOILSSMN,106.7,112.0,112.0,5.3,4.97,106000,11872000,293.85,79.7
GIRIRAJ,GIRIRAJSMN,96.6,101.4,101.4,4.8,4.97,250,25350,378.0,52.3
SUPTANERY,SUPTANERYBEN,12.72,13.35,13.35,0.63,4.95,64774,864732,13.35,6.81
BURNPUR,BURNPUREQN,13.36,14.01,14.01,0.65,4.87,4723,66169,21.39,11.13
EIFFL,EIFFLBEN,281.15,294.8,294.8,13.65,4.86,2,589,381.96,204.98
PREMIER,PREMIERBEN,2.71,2.84,2.84,0.13,4.8,999,2837,3.88,2.59
ANKITMETAL,ANKITMETALBZN,1.89,1.98,1.98,0.09,4.76,310,613,2.12,1.29
NEXTMEDIA,NEXTMEDIAEQN,3.58,3.75,3.75,0.17,4.75,5,18,8.48,3.16
TGL,TGLSTN,14.8,15.5,15.5,0.7,4.73,200,3100,106.8,14.1
MEDIORG,MEDIORGSMN,23.65,24.75,24.75,1.1,4.65,2000,49500,39.5,19.1
GUJAPOLLO,GUJAPOLLOEQN,351.75,368.0,368.0,16.25,4.62,7,2576,556.0,300.5
RNBDENIMS,RNBDENIMSEQN,8.93,9.34,9.34,0.41,4.59,55093,514568,67.67,7.72
BELLACASA,BELLACASAEQN,239.22,250.0,250.0,10.78,4.51,1001,250250,497.35,214.68
DHARIWAL,DHARIWALSMN,17.95,18.75,18.75,0.8,4.46,3000,56250,48.3,15.98
OWAIS,OWAISSTN,70.75,73.85,73.85,3.1,4.38,27000,1993950,580.0,58.1
PHOENXINTL,PHOENXINTLEQN,30.66,32.0,32.0,1.34,4.37,1,32,35.64,27.61
SUVIDHAA,SUVIDHAAEQN,2.3,2.4,2.4,0.1,4.35,7825,18780,4.25,1.91
HAVISHA,HAVISHAEQN,1.39,1.45,1.45,0.06,4.32,1000,1450,2.42,1.03
PVP,PVPEQN,56.48,58.9,58.9,2.42,4.28,98573,5805949,62.12,19.99
CANARYS,CANARYSSMN,24.85,25.9,25.9,1.05,4.23,4000,103600,35.2,14.6
AKG,AKGEQN,9.58,9.98,9.98,0.4,4.18,100,998,15.34,8.06
BRAHMINFRA,BRAHMINFRAEQN,157.39,163.9,163.9,6.51,4.14,3,491,184.0,151.2
AFIL,AFILEQN,9.5,9.89,9.89,0.39,4.11,10101,99898,11.1,3.92
LEENEE,LEENEEEQN,9.84,10.24,10.24,0.4,4.07,101,1034,11.48,6.81
OSIAHYPER,OSIAHYPERBEN,2.7,2.81,2.81,0.11,4.07,3939,11068,33.08,2.4
JNPR,JNPREQN,267.44,278.3,278.3,10.86,4.06,134780,37509274,282.0,232.11
FMNL,FMNLEQN,10.13,10.54,10.54,0.41,4.05,1790,18866,14.35,6.74
ABSMARINE,ABSMARINESTN,286.4,298.0,298.0,11.6,4.05,1500,447000,315.5,143.05
GATECH,GATECHBEN,0.99,1.03,1.03,0.04,4.04,439156,452330,1.03,0.4
TAMBOLIIN,TAMBOLIINBEN,245.0,254.8,254.8,9.8,4.0,1,254,262.5,141.5
LATTEYS,LATTEYSEQN,22.6,23.5,23.5,0.9,3.98,3,70,37.0,15.79
GATECHDVR,GATECHDVRBEN,0.52,0.54,0.54,0.02,3.85,2624,1416,0.67,0.36
UCAL,UCALBEN,148.72,154.4,154.4,5.68,3.82,1000,154400,159.7,77.0
JHS,JHSEQN,9.0,9.34,9.34,0.34,3.78,42,392,13.9,6.26
LASA,LASAEQN,6.94,7.2,7.2,0.26,3.75,1,7,14.08,5.67
SHEKHAWATI,SHEKHAWATIBEN,17.09,17.73,17.73,0.64,3.74,3,53,25.75,9.12
SITINET,SITINETBZN,0.27,0.28,0.28,0.01,3.7,2901,812,0.51,0.27
VLEGOV,VLEGOVBEN,11.24,11.65,11.65,0.41,3.65,4608,53683,39.49,8.42
KMEW,KMEWEQN,2777.8,2878.4,2878.4,100.6,3.62,1963,5650299,2999.9,851.65
THEINVEST,THEINVESTEQN,96.34,99.8,99.8,3.46,3.59,1,99,159.8,89.0
SHANTI,SHANTIEQN,6.22,6.44,6.44,0.22,3.54,100,644,12.26,4.7
NECLIFE,NECLIFEEQN,12.46,12.9,12.9,0.44,3.53,2840,36636,22.4,9.3
GOKUL,GOKULEQN,44.14,45.7,45.7,1.56,3.53,241,11013,46.8,31.0
GKENERGY,GKENERGYEQN,133.82,138.5,138.5,4.68,3.5,49152,6807552,239.6,87.2
MTEDUCARE,MTEDUCAREBEN,1.73,1.79,1.79,0.06,3.47,338,605,2.53,1.17
RAJMET,RAJMETEQN,3.18,3.29,3.29,0.11,3.46,8355,27487,5.28,2.72
SHRENIK,SHRENIKBZN,0.29,0.3,0.3,0.01,3.45,4274,1282,0.65,0.27
SPLIL,SPLILEQN,34.14,35.3,35.3,1.16,3.4,512,18073,45.2,20.2
AAREYDRUGS,AAREYDRUGSEQN,80.75,83.49,83.49,2.74,3.39,495,41327,100.0,50.31
ORIENTALTL,ORIENTALTLEQN,5.13,5.3,5.3,0.17,3.31,515,2729,11.99,4.4
PENINLAND,PENINLANDBEN,17.67,18.25,18.25,0.58,3.28,22372,408289,37.98,13.82
STLTECH,STLTECHBEN,662.75,684.1,684.1,21.35,3.22,29248,20008556,695.85,84.6
ACSTECH,ACSTECHBEN,48.45,50.0,50.0,1.55,3.2,20,1000,54.77,31.71
SELMC,SELMCEQN,27.9,28.78,28.78,0.88,3.15,1,28,43.36,26.0
RKEC,RKECEQN,23.24,23.97,23.97,0.73,3.14,45,1078,81.5,21.12
GSS,GSSEQN,12.55,12.94,12.94,0.39,3.11,80,1035,33.97,8.68
BLUECLOUDS,BLUECLOUDSEQN,20.02,20.64,20.64,0.62,3.1,21693,447743,24.5,19.8
ORIENTCER,ORIENTCEREQN,45.29,46.69,46.69,1.4,3.09,100,4669,56.64,34.0
UYFINCORP,UYFINCORPBEN,20.12,20.74,20.74,0.62,3.08,30,622,22.34,11.16
UNIENTER,UNIENTEREQN,95.08,97.98,97.98,2.9,3.05,31,3037,161.8,87.51
GENSOL,GENSOLBZN,17.33,17.85,17.85,0.52,3.0,578,10317,46.02,16.4
NDLVENTURE,NDLVENTUREEQN,123.17,126.85,126.85,3.68,2.99,1,126,140.0,80.0
AEPL,AEPLEQN,15.1,15.55,15.55,0.45,2.98,169,2627,20.25,13.25
EXXARO,EXXAROEQN,6.16,6.34,6.34,0.18,2.92,77,488,10.33,5.99
JKIPL,JKIPLEQN,106.39,109.5,109.5,3.11,2.92,10,1095,126.95,45.4
ARCHIES,ARCHIESEQN,13.51,13.9,13.9,0.39,2.89,1,13,24.38,10.86
DTIL,DTILEQN,183.22,188.4,188.4,5.18,2.83,7211,1358552,198.9,102.0
KAUSHALYA,KAUSHALYABEN,873.25,898.0,898.0,24.75,2.83,25,22450,1841.9,750.0
MVKAGRO,MVKAGROSMN,168.05,172.8,172.8,4.75,2.83,4200,725760,819.0,152.05
ZENITHSTL,ZENITHSTLEQN,5.38,5.53,5.53,0.15,2.79,100,553,10.33,4.41
DEEDEV,DEEDEVEQN,637.0,654.75,654.75,17.75,2.79,407,266483,760.0,183.0
ONIXSOLAR,ONIXSOLAREQN,288.65,296.7,296.7,8.05,2.79,2031,602597,393.95,262.45
ISHANCH,ISHANCHEQN,43.23,44.4,44.4,1.17,2.71,200,8880,83.37,41.71
SUNLITE,SUNLITESMN,521.0,535.0,535.0,14.0,2.69,1200,642000,583.55,148.95
GENUSPAPER,GENUSPAPEREQN,12.37,12.7,12.7,0.33,2.67,1001,12712,19.39,8.67
MERCURYEV,MERCURYEVEQN,38.73,39.73,39.73,1.0,2.58,1170,46484,41.5,30.16
CPCAP,CPCAPEQN,115.77,118.66,118.66,2.89,2.5,5,593,160.9,73.51
A2ZINFRA,A2ZINFRAEQN,16.0,16.4,16.4,0.4,2.5,1,16,22.64,12.0
RCOM,RCOMBEN,0.8,0.82,0.82,0.02,2.5,22421,18385,1.69,0.75
VARDMNPOLY,VARDMNPOLYEQN,6.03,6.18,6.18,0.15,2.49,12,74,9.49,5.1
ACEINTEG,ACEINTEGEQN,17.72,18.16,18.16,0.44,2.48,2,36,29.94,14.2
EBIX,EBIXEQN,21.37,21.9,21.9,0.53,2.48,137,3000,22.83,16.03
SKMEGGPROD,SKMEGGPRODEQN,268.41,275.0,275.0,6.59,2.46,6305,1733875,372.0,143.1
SUNDARAM,SUNDARAMEQN,1.23,1.26,1.26,0.03,2.44,2028,2555,2.2,1.03
TECHLABS,TECHLABSSMN,125.35,128.4,128.4,3.05,2.43,125,16050,660.0,105.0
ELGIRUBCO,ELGIRUBCOEQN,58.39,59.8,59.8,1.41,2.41,1,59,90.5,32.72
AKSHAR,AKSHAREQN,0.42,0.43,0.43,0.01,2.38,6019,2588,0.76,0.36
MILKYMIST,MILKYMISTEQN,222.11,227.39,227.39,5.28,2.38,247820,56351789,233.8,165.0
ALANKIT,ALANKITEQN,8.06,8.25,8.25,0.19,2.36,565,4661,14.49,6.8
SADBHIN,SADBHINBEN,2.54,2.6,2.6,0.06,2.36,2,5,4.79,2.06
MITTAL,MITTALEQN,0.85,0.87,0.87,0.02,2.35,2349,2043,1.82,0.7
KDDL,KDDLEQN,3941.1,4033.5,4033.5,92.4,2.34,240,968040,4155.5,1990.0
BILVYAPAR,BILVYAPARBEN,4.27,4.37,4.37,0.1,2.34,13,56,14.7,3.8
CHEMBONDCH,CHEMBONDCHBEN,267.76,274.0,274.0,6.24,2.33,38,10412,290.0,104.85
NITCO,NITCOEQN,96.67,98.9,98.9,2.23,2.31,22694,2244436,126.0,64.0
BEARDSELL,BEARDSELLEQN,27.35,27.98,27.98,0.63,2.3,600,16788,38.6,20.02
KHADIM,KHADIMBEN,107.99,110.4,110.4,2.41,2.23,6,662,295.8,77.47
INDTERRAIN,INDTERRAINEQN,30.15,30.82,30.82,0.67,2.22,49,1510,42.62,24.56
ABCOTS,ABCOTSEQN,205.36,209.9,209.9,4.54,2.21,1,209,504.0,196.81
MUTHOOTMF,MUTHOOTMFEQN,213.85,218.53,218.53,4.68,2.19,5357,1170665,262.77,141.2
MGEL,MGELBEN,14.44,14.75,14.75,0.31,2.15,13,191,18.4,9.53
DANGEE,DANGEEEQN,2.82,2.88,2.88,0.06,2.13,400,1152,5.08,2.53
ONIDA,ONIDAEQN,36.8,37.58,37.58,0.78,2.12,515,19353,49.23,21.5
CUBEINVIT,CUBEINVITIVN,156.11,159.4,159.4,3.29,2.11,616,98190,165.0,129.0
MANBRO,MANBROEQN,60.23,61.49,61.49,1.26,2.09,1500,92235,61.49,52.0
SIGIND,SIGINDBEN,71.02,72.5,72.5,1.48,2.08,2,145,74.99,40.66
TOTAL,TOTALEQN,71.57,73.05,73.05,1.48,2.07,102,7451,87.89,45.0
JAIBALAJI,JAIBALAJIEQN,68.58,70.0,70.0,1.42,2.07,9179,642530,108.0,53.65
BIOFILCHEM,BIOFILCHEMEQN,32.72,33.39,33.39,0.67,2.05,23,767,46.34,25.6
NETWEB,NETWEBEQN,5271.9,5380.0,5380.0,108.1,2.05,14609,78596420,5813.0,2190.7
MANINFRA,MANINFRAEQN,114.51,116.85,116.85,2.34,2.04,29465,3442985,164.79,77.12
AUTOIND,AUTOINDEQN,88.99,90.8,90.8,1.81,2.03,27,2451,104.0,48.35
E2E,E2EBEN,613.05,625.5,625.5,12.45,2.03,4497,2812873,698.0,183.36
ELITECON,ELITECONEQN,12.39,12.64,12.64,0.25,2.02,9102,115049,46.4,11.78
PPAP,PPAPBEN,261.65,266.9,266.9,5.25,2.01,50,13345,379.5,176.0
RELCHEMQ,RELCHEMQEQN,114.19,116.47,116.47,2.28,2.0,2,232,171.88,105.01
EASTWEST,EASTWESTEQN,2.5,2.55,2.55,0.05,2.0,600,1530,2.68,2.2
FCSSOFT,FCSSOFTEQN,1.51,1.54,1.54,0.03,1.99,18560,28582,2.53,1.05
PINELABS,PINELABSEQN,166.88,170.2,170.2,3.32,1.99,239443,40753198,284.0,134.73
DAMODARIND,DAMODARINDBEN,27.17,27.71,27.71,0.54,1.99,6,166,38.8,20.0
PASUPTAC,PASUPTACBEN,62.12,63.35,63.35,1.23,1.98,5,316,78.95,40.41
CLEDUCATE,CLEDUCATEBEN,65.12,66.41,66.41,1.29,1.98,200,13282,119.0,35.48
RSSOFTWARE,RSSOFTWAREEQN,31.38,32.0,32.0,0.62,1.98,200,6400,82.0,21.93
GAJA,GAJAEQN,168.67,172.0,172.0,3.33,1.97,110464,18999808,191.65,164.1
SIKKO,SIKKOBEN,5.08,5.18,5.18,0.1,1.97,3489,18073,6.83,3.2
SONAMLTD,SONAMLTDEQN,64.44,65.7,65.7,1.26,1.96,255,16753,68.99,37.4
UMESLTD,UMESLTDEQN,5.61,5.72,5.72,0.11,1.96,24,137,7.14,3.88
VIVIDHA,VIVIDHAEQN,0.51,0.52,0.52,0.01,1.96,1737,903,0.91,0.43
RAJSREESUG,RAJSREESUGEQN,36.59,37.3,37.3,0.71,1.94,1000,37300,49.7,24.65
CELEBRITY,CELEBRITYEQN,6.7,6.83,6.83,0.13,1.94,1,6,13.25,5.65
RELINFRA,RELINFRABEN,60.76,61.94,61.94,1.18,1.94,1180,73089,299.0,60.04
DCMSIL,DCMSILEQN,75.25,76.7,76.7,1.45,1.93,6,460,105.27,49.5
SETL,SETLEQN,330.4,336.75,336.75,6.35,1.92,8918,3003136,346.9,104.56
SAMPANN,SAMPANNEQN,26.1,26.6,26.6,0.5,1.92,13,345,43.44,23.75
MMWL,MMWLEQN,15.6,15.9,15.9,0.3,1.92,63,1001,16.57,9.02
VIRTUALG,VIRTUALGEQN,0.52,0.53,0.53,0.01,1.92,1831,970,0.6,0.4
VIVIMEDLAB,VIVIMEDLABBEN,6.81,6.94,6.94,0.13,1.91,2461,17079,29.4,4.75
DVL,DVLEQN,294.44,300.0,300.0,5.56,1.89,100,30000,380.6,186.99
ORIANA,ORIANASMN,1322.95,1347.95,1347.95,25.0,1.89,75,101096,3064.0,1174.95
SICAGEN,SICAGENEQN,54.96,56.0,56.0,1.04,1.89,210,11760,74.06,46.55
IL&FSTRANS,IL&FSTRANSBZN,2.13,2.17,2.17,0.04,1.88,246,533,3.34,1.75
NECCLTD,NECCLTDBEN,17.57,17.9,17.9,0.33,1.88,1836,32864,24.01,10.55
MADHAVIPL,MADHAVIPLEQN,8.03,8.18,8.18,0.15,1.87,1109,9071,9.9,6.95
XTRANET,XTRANETEQN,159.83,162.8,162.8,2.97,1.86,53450,8701660,176.78,122.5
DOLATALGO,DOLATALGOEQN,74.58,75.96,75.96,1.38,1.85,2594,197040,95.76,64.96
BANSWRAS,BANSWRASEQN,114.88,117.0,117.0,2.12,1.85,1,117,144.0,93.73
JAYBEE,JAYBEESMN,83.65,85.2,85.2,1.55,1.85,500,42600,232.0,70.0
GVT&D,GVT&DEQN,4340.0,4420.2,4420.2,80.2,1.85,11436,50549407,5650.0,2523.2
TPLPLASTEH,TPLPLASTEHEQN,77.6,79.03,79.03,1.43,1.84,1659,131110,90.33,50.01
GTPL,GTPLEQN,54.5,55.5,55.5,1.0,1.83,141,7825,118.95,50.85
MENONBE,MENONBEBEN,276.84,281.9,281.9,5.06,1.83,463,130519,291.9,101.5
VENTIVE,VENTIVEEQN,594.6,605.45,605.45,10.85,1.82,10,6054,793.95,542.6
KANPRPLA,KANPRPLAEQN,263.27,268.0,268.0,4.73,1.8,475,127300,283.14,151.25
DCMSHRIRAM,DCMSHRIRAMEQN,1050.1,1069.0,1069.0,18.9,1.8,449,479981,1414.4,945.1
PRUDENT,PRUDENTEQN,3345.1,3405.0,3405.0,59.9,1.79,125,425625,3509.9,2121.0
TECILCHEM,TECILCHEMEQN,9.49,9.66,9.66,0.17,1.79,161,1555,22.87,8.0
ARCHIDPLY,ARCHIDPLYEQN,112.94,114.95,114.95,2.01,1.78,75,8621,124.78,60.0
PAVNAIND,PAVNAINDEQN,18.51,18.84,18.84,0.33,1.78,1,18,44.5,14.11
ATAM,ATAMEQN,56.79,57.8,57.8,1.01,1.78,10,578,111.0,48.5
FMGOETZE,FMGOETZEEQN,548.7,558.4,558.4,9.7,1.77,10020,5595168,578.0,358.0
SHIVACEM,SHIVACEMEQN,16.58,16.87,16.87,0.29,1.75,100,1687,17.94,15.55
VMARCIND,VMARCINDSMN,381.2,387.8,387.8,6.6,1.73,1500,581700,406.0,70.0
ARIHANTSUP,ARIHANTSUPEQN,259.45,263.9,263.9,4.45,1.72,73,19264,465.0,188.8
VARDHACRLC,VARDHACRLCBEN,44.73,45.5,45.5,0.77,1.72,695,31622,48.77,27.01
FREDUN,FREDUNEQN,1494.3,1519.9,1519.9,25.6,1.71,23,34957,1590.0,1400.0
KSB,KSBEQN,796.45,810.0,810.0,13.55,1.7,138,111780,1028.3,666.65
TTL,TTLEQN,6.59,6.7,6.7,0.11,1.67,21,140,11.8,5.5
BBTC,BBTCEQN,1426.2,1450.0,1450.0,23.8,1.67,819,1187550,2135.0,1314.6
AVONMORE,AVONMOREEQN,13.97,14.2,14.2,0.23,1.65,3,42,23.9,9.05
VOGL,VOGLEQN,41.21,41.89,41.89,0.68,1.65,420841,17629029,47.6,30.42
TICL,TICLBEN,9.73,9.89,9.89,0.16,1.64,9,89,33.99,8.91
DEVYANI,DEVYANIEQN,149.36,151.8,151.8,2.44,1.63,30926,4694566,191.0,91.55
SHUKRAPHAR,SHUKRAPHAREQN,44.18,44.9,44.9,0.72,1.63,2219,99633,46.16,40.06
SUYOG,SUYOGEQN,755.8,768.0,768.0,12.2,1.61,175,134400,921.15,526.5
OSWALGREEN,OSWALGREENEQN,20.79,21.12,21.12,0.33,1.59,199,4202,43.79,19.76
SHIVAMAUTO,SHIVAMAUTOBEN,16.39,16.65,16.65,0.26,1.59,65,1082,35.79,13.05
VMSTMT,VMSTMTEQN,46.7,47.44,47.44,0.74,1.58,200,9488,105.0,33.5
JISLDVREQS,JISLDVREQSEQN,21.61,21.95,21.95,0.34,1.57,1,21,35.48,18.5
OSWALPUMPS,OSWALPUMPSEQN,295.35,300.0,300.0,4.65,1.57,4684,1405200,856.3,283.1
RAMBHAJO,RAMBHAJOEQN,255.69,259.7,259.7,4.01,1.57,55992,14541122,279.33,161.6
TOYAMSL,TOYAMSLEQN,0.64,0.65,0.65,0.01,1.56,109,70,0.69,0.61
FINKURVE,FINKURVEEQN,78.38,79.6,79.6,1.22,1.56,360,28656,134.9,48.02
PRITIKAUTO,PRITIKAUTOBEN,17.32,17.59,17.59,0.27,1.56,124,2181,20.99,10.41
AGSTRA,AGSTRABZN,1.93,1.96,1.96,0.03,1.55,529,1036,6.17,1.88
SURANAT&P,SURANAT&PEQN,16.2,16.45,16.45,0.25,1.54,30,493,29.27,15.5
CANBK,CANBKEQN,129.45,131.43,131.43,1.98,1.53,257810,33883968,162.89,103.55
ONEGLOBAL,ONEGLOBALEQN,556.5,565.0,565.0,8.5,1.53,4,2260,580.0,533.0
KSHINTL,KSHINTLEQN,948.25,962.55,962.55,14.3,1.51,902,868220,1059.9,330.0
NAHARSPING,NAHARSPINGEQN,294.1,298.5,298.5,4.4,1.5,24,7164,349.0,149.2
PRIMO,PRIMOEQN,21.28,21.6,21.6,0.32,1.5,50,1080,27.07,16.1
GAYAPROJ,GAYAPROJBEN,22.06,22.39,22.39,0.33,1.5,1282,28703,26.0,8.21
DCI,DCIEQN,402.8,408.8,408.8,6.0,1.49,502,205217,475.0,208.98
GEEKAYWIRE,GEEKAYWIREEQN,23.1,23.44,23.44,0.34,1.47,150,3516,40.63,18.51
MEIL,MEILEQN,297.65,302.0,302.0,4.35,1.46,2378,718156,573.7,206.26
MKPL,MKPLEQN,4.11,4.17,4.17,0.06,1.46,76,316,8.85,3.56
IMPEXFERRO,IMPEXFERROBZN,4.14,4.2,4.2,0.06,1.45,1001,4204,4.22,1.3
SWSOLAR,SWSOLAREQN,200.12,203.0,203.0,2.88,1.44,5199,1055397,281.7,148.0
ASMS,ASMSBEN,6.94,7.04,7.04,0.1,1.44,12,84,17.6,6.88
HINDADH,HINDADHEQN,353.9,359.0,359.0,5.1,1.44,20,7180,402.65,335.55
PNGSREVA,PNGSREVAEQN,555.65,563.65,563.65,8.0,1.44,112,63128,644.0,324.25
NATHBIOGEN,NATHBIOGENEQN,152.81,155.0,155.0,2.19,1.43,35,5425,204.0,126.15
MEP,MEPBZN,0.7,0.71,0.71,0.01,1.43,10050,7135,2.87,0.5
RAJRILTD,RAJRILTDBEN,23.07,23.4,23.4,0.33,1.43,1,23,28.9,19.41
SIMPLEXINF,SIMPLEXINFEQN,251.41,255.0,255.0,3.59,1.43,1219,310845,330.0,137.0
PARSVNATH,PARSVNATHBEN,1.41,1.43,1.43,0.02,1.42,502,717,18.75,1.35
AVROIND,AVROINDEQN,9.17,9.3,9.3,0.13,1.42,105,976,15.99,8.0
CSLFINANCE,CSLFINANCEEQN,229.74,233.0,233.0,3.26,1.42,10,2330,324.7,209.7
VTMLTD,VTMLTDEQN,53.71,54.47,54.47,0.76,1.42,11,599,57.8,44.5
DRCSYSTEMS,DRCSYSTEMSEQN,12.76,12.94,12.94,0.18,1.41,1,12,23.68,11.5
JUNIPER,JUNIPEREQN,212.04,215.0,215.0,2.96,1.4,4464,959760,312.5,188.5
JISLJALEQS,JISLJALEQSEQN,30.07,30.49,30.49,0.42,1.4,32031,976625,59.0,26.11
CINEVISTA,CINEVISTAEQN,14.53,14.73,14.73,0.2,1.38,8,117,22.8,12.16
PASHUPATI,PASHUPATIEQN,84.09,85.25,85.25,1.16,1.38,1699,144839,118.35,66.4
TEMBO,TEMBOEQN,58.4,59.2,59.2,0.8,1.37,5023,297361,837.0,55.0
RHETAN,RHETANEQN,21.94,22.24,22.24,0.3,1.37,100023,2224511,34.87,20.32
IVC,IVCEQN,8.07,8.18,8.18,0.11,1.36,519,4245,9.88,6.02
GUFICBIO,GUFICBIOEQN,408.45,414.0,414.0,5.55,1.36,525,217350,448.0,268.0
GANESHBE,GANESHBEBEN,122.27,123.9,123.9,1.63,1.33,1,123,129.99,68.4
GMRAIRPORT,GMRAIRPORTEQN,98.85,100.15,100.15,1.3,1.32,87496,8762724,115.64,84.11
ACCURACY,ACCURACYBEN,4.59,4.65,4.65,0.06,1.31,876,4073,7.51,3.4
CREDENT,CREDENTSTN,355.35,360.0,360.0,4.65,1.31,6000,2160000,380.0,325.7
ANMOL,ANMOLEQN,10.03,10.16,10.16,0.13,1.3,40,406,17.74,8.4
MARATHON,MARATHONEQN,419.45,424.9,424.9,5.45,1.3,2854,1212664,685.4,344.05
VISHWARAJ,VISHWARAJEQN,6.15,6.23,6.23,0.08,1.3,218,1358,10.2,4.14
AJOONI,AJOONIEQN,3.89,3.94,3.94,0.05,1.29,2192,8636,5.94,3.4
FINOPB,FINOPBEQN,145.54,147.4,147.4,1.86,1.28,3233,476544,339.0,110.03
ACL,ACLEQN,44.38,44.95,44.95,0.57,1.28,300,13485,109.99,40.5
HILINFRA,HILINFRAEQN,45.32,45.9,45.9,0.58,1.28,2197,100842,98.68,40.6
LAXMIINDIA,LAXMIINDIAEQN,126.73,128.35,128.35,1.62,1.28,1002,128606,180.9,71.06
MSPL,MSPLEQN,34.64,35.08,35.08,0.44,1.27,16295,571628,46.12,26.25
SHAH,SHAHEQN,3.16,3.2,3.2,0.04,1.27,61337,196278,5.82,2.56
MAANALU,MAANALUEQN,118.98,120.49,120.49,1.51,1.27,101,12169,184.74,100.0
DHAMPURSUG,DHAMPURSUGEQN,183.67,186.0,186.0,2.33,1.27,6095,1133670,199.92,110.0
NIITLTD,NIITLTDEQN,102.97,104.27,104.27,1.3,1.26,4021,419269,116.4,49.0
AEROENTER,AEROENTEREQN,143.64,145.45,145.45,1.81,1.26,5251,763757,149.55,62.2
ZFSTEERING,ZFSTEERINGEQN,669.6,678.0,678.0,8.4,1.25,29,19662,894.98,620.65
ADANIENSOL,ADANIENSOLEQN,1570.5,1590.0,1590.0,19.5,1.24,9595,15256050,1789.0,744.9
AIAENG,AIAENGEQN,4235.5,4288.0,4288.0,52.5,1.24,118,505984,5180.0,3001.1
RAJOOENG,RAJOOENGBEN,49.39,50.0,50.0,0.61,1.24,314,15700,105.75,46.0
DCM,DCMBEN,80.11,81.1,81.1,0.99,1.24,1,81,105.0,55.0
AIMTRON,AIMTRONSMN,1648.85,1668.9,1668.9,20.05,1.22,400,667560,1780.0,660.0
BLAL,BLALEQN,166.76,168.79,168.79,2.03,1.22,69,11646,233.8,155.5
GVPTECH,GVPTECHEQN,7.38,7.47,7.47,0.09,1.22,1017,7596,11.19,5.22
JAYKAY,JAYKAYEQN,168.94,171.0,171.0,2.06,1.22,2158,369018,219.7,115.52
WOMANCART,WOMANCARTSMN,123.45,124.95,124.95,1.5,1.22,400,49980,358.0,88.0
COCKERILL,COCKERILLEQN,8024.5,8122.0,8122.0,97.5,1.22,11,89342,10871.5,4955.0
SEPC,SEPCEQN,5.78,5.85,5.85,0.07,1.21,84348,493435,13.73,4.65
ANUHPHR,ANUHPHREQN,79.02,79.97,79.97,0.95,1.2,83,6637,93.0,67.0
RELIABLE,RELIABLEEQN,140.45,142.13,142.13,1.68,1.2,12,1705,175.0,104.74
MIDWESTLTD,MIDWESTLTDEQN,1135.4,1149.0,1149.0,13.6,1.2,50,57450,1859.9,1048.5
AMBALALSA,AMBALALSABEN,43.33,43.85,43.85,0.52,1.2,200,8770,49.98,30.15
ARSHIYA,ARSHIYABZN,0.85,0.86,0.86,0.01,1.18,118,101,2.59,0.81
BSL,BSLEQN,121.56,123.0,123.0,1.44,1.18,3,369,208.0,98.0
MAHAPEXLTD,MAHAPEXLTDEQN,57.28,57.95,57.95,0.67,1.17,100,5795,75.64,37.32
SOMANYCERA,SOMANYCERAEQN,558.45,565.0,565.0,6.55,1.17,1870,1056550,565.0,332.0
GNRL,GNRLEQN,99.73,100.9,100.9,1.17,1.17,377,38039,120.9,83.2
PWL,PWLEQN,126.13,127.6,127.6,1.47,1.17,71376,9107577,161.99,77.72
TEXMOPIPES,TEXMOPIPESEQN,47.34,47.89,47.89,0.55,1.16,103,4932,62.0,33.0
DEN,DENEQN,27.68,28.0,28.0,0.32,1.16,4125,115500,37.35,22.52
RADHIKAJWE,RADHIKAJWEEQN,70.54,71.35,71.35,0.81,1.15,4288,305948,99.65,50.01
KIRLOSENG,KIRLOSENGEQN,2036.6,2060.0,2060.0,23.4,1.15,1307,2692420,2720.0,855.8
RACLGEAR,RACLGEAREQN,1509.4,1526.6,1526.6,17.2,1.14,70,106862,1691.9,885.2
KWIL,KWILEQN,46.48,47.01,47.01,0.53,1.14,79385,3731888,50.68,22.24
VERANDA,VERANDAEQN,243.3,246.05,246.05,2.75,1.13,10,2460,272.5,130.02
TOKYOPLAST,TOKYOPLASTEQN,75.15,76.0,76.0,0.85,1.13,1,76,140.85,53.86
MADRASFERT,MADRASFERTEQN,69.71,70.5,70.5,0.79,1.13,1147,80863,96.39,52.56
DJML,DJMLEQN,75.16,76.0,76.0,0.84,1.12,250,19000,124.8,52.0
CCAVENUE,CCAVENUEEQN,15.28,15.45,15.45,0.17,1.11,71821,1109634,20.5,12.92
ORIENTTECH,ORIENTTECHEQN,245.55,248.25,248.25,2.7,1.1,1295,321483,466.73,220.8
RPTECH,RPTECHEQN,778.95,787.5,787.5,8.55,1.1,941,741037,967.7,276.55
LKPSEC,LKPSECEQN,15.43,15.6,15.6,0.17,1.1,1,15,18.43,14.51
SHREEPUSHK,SHREEPUSHKEQN,452.15,457.1,457.1,4.95,1.09,282,128902,481.5,272.45
METROBRAND,METROBRANDEQN,945.3,955.5,955.5,10.2,1.08,87,83128,1340.4,883.0
CMLL,CMLLEQN,509.0,514.5,514.5,5.5,1.08,897,461506,624.4,463.35
SOTL,SOTLEQN,694.95,702.4,702.4,7.45,1.07,1323,929275,814.8,285.8
INDIQUBE,INDIQUBEEQN,191.96,193.99,193.99,2.03,1.06,261,50631,243.8,131.15
ICICIBANK,ICICIBANKEQN,1430.0,1445.0,1445.0,15.0,1.05,299760,433153200,1480.0,1187.6
ZUARI,ZUARIEQN,234.3,236.75,236.75,2.45,1.05,828,196029,389.35,175.1
TITAGARH,TITAGARHEQN,825.4,834.0,834.0,8.6,1.04,3262,2720508,971.0,568.7
INVENTURE,INVENTUREEQN,0.97,0.98,0.98,0.01,1.03,7156,7012,1.72,0.72
KALYANIFRG,KALYANIFRGEQN,675.0,681.95,681.95,6.95,1.03,1,681,849.65,523.6
HFCL,HFCLEQN,235.89,238.3,238.3,2.41,1.02,106456,25368464,247.44,59.82
STEELCAS,STEELCASEQN,343.65,347.15,347.15,3.5,1.02,355,123238,364.0,176.02
WSTCSTPAPR,WSTCSTPAPREQN,607.8,614.0,614.0,6.2,1.02,380,233320,655.0,375.0
WINDLAS,WINDLASEQN,978.4,988.3,988.3,9.9,1.01,69,68192,1035.9,697.4
WEL,WELEQN,155.92,157.5,157.5,1.58,1.01,15224,2397780,183.53,75.01
TIJARIA,TIJARIAEQN,5.92,5.98,5.98,0.06,1.01,3,17,8.13,3.55
UNITECH,UNITECHEQN,3.96,4.0,4.0,0.04,1.01,18988,75952,7.93,3.1
ABDL,ABDLEQN,613.7,619.9,619.9,6.2,1.01,1008,624859,711.7,382.1
NDL,NDLEQN,3.01,3.04,3.04,0.03,1.0,3523,10709,3.75,1.8
JGCHEM,JGCHEMEQN,597.95,603.9,603.9,5.95,1.0,401,242163,663.1,298.4
IDEAFORGE,IDEAFORGEEQN,805.95,814.0,814.0,8.05,1.0,611,497354,992.25,366.0
SPENCERS,SPENCERSEQN,30.1,30.4,30.4,0.3,1.0,3,91,64.0,24.38
FINPIPE,FINPIPEEQN,161.39,163.0,163.0,1.61,1.0,1467,239121,222.5,147.54
BHANDARI,BHANDARIEQN,3.01,3.04,3.04,0.03,1.0,5,15,4.61,2.0
HAPPYFORGE,HAPPYFORGEEQN,2212.5,2234.6,2234.6,22.1,1.0,565,1262549,2340.0,862.05
INTLCONV,INTLCONVEQN,76.72,77.48,77.48,0.76,0.99,652,50516,114.54,60.0
SOBHA,SOBHAEQN,1292.2,1305.0,1305.0,12.8,0.99,511,666855,1732.0,1130.0
SEJALLTD,SEJALLTDEQN,666.95,673.55,673.55,6.6,0.99,5,3367,1036.7,381.0
THOMASCOOK,THOMASCOOKEQN,110.71,111.3,111.3,1.09,0.99,5670,631071,181.55,86.35
VALIANTORG,VALIANTORGBEN,297.0,299.95,299.95,2.95,0.99,290,86985,397.0,195.0
MUNJALSHOW,MUNJALSHOWEQN,132.39,133.7,133.7,1.31,0.99,42,5615,150.9,110.3
PDMJEPAPER,PDMJEPAPEREQN,89.69,90.57,90.57,0.88,0.98,688,62312,144.8,65.0
DDEVPLSTIK,DDEVPLSTIKEQN,276.25,278.95,278.95,2.7,0.98,73,20363,360.0,185.15
JTLIND,JTLINDEQN,81.01,81.8,81.8,0.79,0.98,7795,637631,87.2,40.25
DLF,DLFEQN,672.5,679.0,679.0,6.5,0.97,3913,2656927,794.8,489.4
RIIL,RIILEQN,762.5,769.9,769.9,7.4,0.97,785,604371,964.9,617.35
POLYCAB,POLYCABEQN,9060.0,9148.0,9148.0,88.0,0.97,3323,30398804,10126.0,6663.0
THOMASCOTT,THOMASCOTTEQN,281.1,283.8,283.8,2.7,0.96,72,20433,459.8,230.0
HCC,HCCEQN,23.88,24.11,24.11,0.23,0.96,434833,10483823,28.5,13.65
AKI,AKIEQN,4.16,4.2,4.2,0.04,0.96,3087,12965,10.48,3.8
BEL,BELEQN,406.9,410.8,410.8,3.9,0.96,127700,52459160,473.45,361.2
VIJAYA,VIJAYAEQN,1472.8,1487.0,1487.0,14.2,0.96,188,279556,1573.0,848.0
MVELECTRO,MVELECTROEQN,560.15,565.5,565.5,5.35,0.96,1415,800182,686.5,516.55
PANAMAPET,PANAMAPETEQN,480.3,484.85,484.85,4.55,0.95,347,168242,599.6,229.0
JITFINFRA,JITFINFRAEQN,321.55,324.6,324.6,3.05,0.95,101,32784,478.0,222.35
ADANIPOWER,ADANIPOWEREQN,207.2,209.15,209.15,1.95,0.94,97044,20296752,254.2,116.7
APOLLOHOSP,APOLLOHOSPEQN,8766.5,8849.0,8849.0,82.5,0.94,1106,9786994,9050.0,6696.5
HINDOILEXP,HINDOILEXPEQN,158.11,159.59,159.59,1.48,0.94,1264,201721,188.65,117.5
VIKASECO,VIKASECOEQN,1.08,1.09,1.09,0.01,0.93,91809,100071,2.15,0.99
GLOBUSSPR,GLOBUSSPREQN,915.45,924.0,924.0,8.55,0.93,232,214368,1254.2,800.05
ESSENTIA,ESSENTIAEQN,1.08,1.09,1.09,0.01,0.93,20361,22193,1.96,0.95
IOLCP,IOLCPEQN,186.01,187.7,187.7,1.69,0.91,64959,12192804,195.64,67.19
GPPL,GPPLEQN,169.46,171.0,171.0,1.54,0.91,17932,3066372,200.09,141.55
PROSTARM,PROSTARMEQN,135.88,137.12,137.12,1.24,0.91,1206,165366,237.0,114.64
ACCELYA,ACCELYAEQN,1131.8,1142.0,1142.0,10.2,0.9,4,4568,1527.0,1012.4
SMLMAH,SMLMAHEQN,5190.5,5237.0,5237.0,46.5,0.9,94,492278,5987.9,2719.0
JSWCEMENT,JSWCEMENTEQN,124.97,126.09,126.09,1.12,0.9,6820,859933,162.15,106.65
PERSISTENT,PERSISTENTEQN,5590.5,5640.0,5640.0,49.5,0.89,1708,9633120,6599.0,4244.5
RAMRAT,RAMRATEQN,523.7,528.35,528.35,4.65,0.89,1311,692666,580.5,268.0
PPL,PPLBEN,264.65,267.0,267.0,2.35,0.89,116,30972,338.65,163.21
HATSUN,HATSUNEQN,1086.55,1096.1,1096.1,9.55,0.88,97,106321,1179.0,855.3
HEXAGON,HEXAGONBEN,68.34,68.94,68.94,0.6,0.88,805,55496,78.25,48.1
SADBHAV,SADBHAVEQN,8.07,8.14,8.14,0.07,0.87,155,1261,16.42,6.05
ZYDUSLIFE,ZYDUSLIFEEQN,1150.0,1160.0,1160.0,10.0,0.87,5315,6165400,1205.0,835.5
ASHOKLEY,ASHOKLEYEQN,179.05,180.6,180.6,1.55,0.87,107995,19503897,215.42,125.85
VEDL,VEDLEQN,286.5,289.0,289.0,2.5,0.87,147431,42607559,795.0,249.7
BIRLACABLE,BIRLACABLEBEN,267.68,270.0,270.0,2.32,0.87,111,29970,308.25,104.0
OPTIFIN,OPTIFINEQN,13.82,13.94,13.94,0.12,0.87,2,27,14.78,11.25
RKSWAMY,RKSWAMYEQN,93.2,94.0,94.0,0.8,0.86,28,2632,163.89,67.15
MOTISONS,MOTISONSEQN,16.45,16.59,16.59,0.14,0.85,145179,2408519,20.45,10.62
TATVA,TATVAEQN,1606.4,1620.0,1620.0,13.6,0.85,673,1090260,1838.1,976.4
KRYSTAL,KRYSTALEQN,652.45,658.0,658.0,5.55,0.85,15,9870,729.5,500.0
RADIANTCMS,RADIANTCMSEQN,41.16,41.51,41.51,0.35,0.85,3103,128805,62.3,32.33
JARO,JAROEQN,461.1,465.0,465.0,3.9,0.85,43,19995,890.0,383.5
SBCL,SBCLEQN,1053.1,1061.9,1061.9,8.8,0.84,685,727401,1105.05,368.6
GEMAROMA,GEMAROMAEQN,172.35,173.8,173.8,1.45,0.84,563,97849,349.6,133.0
PREMIERPOL,PREMIERPOLEQN,90.79,91.55,91.55,0.76,0.84,808,73972,95.9,38.0
SGLRES,SGLRESEQN,2.38,2.4,2.4,0.02,0.84,1,2,2.74,2.28
GTLINFRA,GTLINFRAEQN,1.21,1.22,1.22,0.01,0.83,65973,80487,1.67,0.96
SUNFLAG,SUNFLAGEQN,350.45,353.35,353.35,2.9,0.83,1,353,428.0,192.15
INDIGOPNTS,INDIGOPNTSEQN,1186.1,1196.0,1196.0,9.9,0.83,350,418600,1345.9,708.05
CARBORUNIV,CARBORUNIVEQN,1105.7,1114.9,1114.9,9.2,0.83,34,37906,1306.9,735.2
SCANSTL,SCANSTLBEN,62.92,63.44,63.44,0.52,0.83,134,8500,68.81,31.35
WARDINMOBI,WARDINMOBIEQN,6.03,6.08,6.08,0.05,0.83,21957,133498,6.8,5.25
PYRAMID,PYRAMIDEQN,162.73,164.07,164.07,1.34,0.82,600,98442,198.69,131.8
POWERINDIA,POWERINDIAEQN,33125.0,33395.0,33395.0,270.0,0.82,156,5209620,38785.0,16111.0
JSFB,JSFBEQN,547.1,551.6,551.6,4.5,0.82,1525,841190,606.95,330.0
PRAKASH,PRAKASHEQN,129.94,131.0,131.0,1.06,0.82,1435,187985,177.0,110.24
SWANDEF,SWANDEFBEN,2407.8,2427.6,2427.6,19.8,0.82,15,36414,2750.0,410.3
TECHNOCRAF,TECHNOCRAFEQN,343.69,346.5,346.5,2.81,0.82,4452,1542618,373.65,284.0
DIVGIITTS,DIVGIITTSEQN,1175.9,1185.5,1185.5,9.6,0.82,75,88912,1318.8,573.7
DEVX,DEVXEQN,34.71,34.99,34.99,0.28,0.81,26,909,64.05,29.95
UTLSOLAR,UTLSOLAREQN,444.2,447.8,447.8,3.6,0.81,203,90903,494.25,172.0
WHIRLPOOL,WHIRLPOOLEQN,771.7,777.85,777.85,6.15,0.8,1341,1043096,1437.0,751.0
EMAMILTD,EMAMILTDEQN,401.45,404.65,404.65,3.2,0.8,957,387250,618.0,376.4
MARINE,MARINEEQN,375.55,378.55,378.55,3.0,0.8,3309,1252621,395.0,150.86
DMCC,DMCCEQN,285.9,288.2,288.2,2.3,0.8,6,1729,337.05,191.35
BSHSL,BSHSLEQN,89.88,90.6,90.6,0.72,0.8,10,906,150.0,59.16
SWIGGY,SWIGGYEQN,286.55,288.8,288.8,2.25,0.79,17026,4917108,474.0,235.75
UNIONBANK,UNIONBANKEQN,187.52,189.0,189.0,1.48,0.79,24218,4577202,205.49,124.64
GANESHCP,GANESHCPEQN,166.07,167.39,167.39,1.32,0.79,139,23267,309.95,152.0
GODREJCP,GODREJCPEQN,922.8,930.0,930.0,7.2,0.78,2422,2252460,1309.0,906.3
APEX,APEXEQN,382.5,385.5,385.5,3.0,0.78,264,101772,514.5,208.74
NITTAGELA,NITTAGELAEQN,1567.8,1580.0,1580.0,12.2,0.78,6,9480,2087.2,837.05
LTM,LTMEQN,4460.0,4494.6,4494.6,34.6,0.78,1188,5339584,6429.5,3528.0
TTKHLTCARE,TTKHLTCAREEQN,1090.6,1099.0,1099.0,8.4,0.77,80,87920,1216.8,735.0
MOLDTECH,MOLDTECHBEN,198.48,200.0,200.0,1.52,0.77,3035,607000,221.0,101.1
JMA,JMAEQN,90.77,91.47,91.47,0.7,0.77,551,50399,98.0,70.25
AMBIKCO,AMBIKCOEQN,1639.2,1651.9,1651.9,12.7,0.77,30,49557,1931.0,1101.0
EMSLIMITED,EMSLIMITEDEQN,375.75,378.65,378.65,2.9,0.77,1751,663016,593.85,256.05
SUMEETINDS,SUMEETINDSEQN,13.0,13.1,13.1,0.1,0.77,9933,130122,35.67,12.24
SREEL,SREELEQN,260.0,262.0,262.0,2.0,0.77,3,786,270.0,165.25
ECOSMOBLTY,ECOSMOBLTYBEN,111.62,112.48,112.48,0.86,0.77,220,24745,294.6,103.94
CIEINDIA,CIEINDIAEQN,397.0,400.0,400.0,3.0,0.76,329,131600,526.0,381.1
VIKASLIFE,VIKASLIFEEQN,1.32,1.33,1.33,0.01,0.76,9370,12462,2.37,1.05
ELLEN,ELLENEQN,321.25,323.7,323.7,2.45,0.76,1313,425018,559.8,175.0
WSI,WSIEQN,60.74,61.2,61.2,0.46,0.76,501,30661,95.0,53.8
JSWSTEEL,JSWSTEELEQN,1341.0,1351.0,1351.0,10.0,0.75,19479,26316129,1351.0,1022.3
BANKBARODA,BANKBARODAEQN,242.5,244.33,244.33,1.83,0.75,16102,3934201,325.5,230.81
KSOLVES,KSOLVESEQN,273.4,275.45,275.45,2.05,0.75,146,40215,353.99,245.75
KIRLOSBROS,KIRLOSBROSEQN,1900.7,1914.9,1914.9,14.2,0.75,305,584044,2189.2,1335.0
BHARATGEAR,BHARATGEARBEN,104.02,104.8,104.8,0.78,0.75,30,3144,154.2,83.8
STLNETWORK,STLNETWORKEQN,25.5,25.69,25.69,0.19,0.75,1300,33397,35.4,15.75
MANIPALHOS,MANIPALHOSEQN,795.0,801.0,801.0,6.0,0.75,7678,6150078,804.0,625.45
MOTOGENFIN,MOTOGENFINBEN,26.8,27.0,27.0,0.2,0.75,369,9963,32.82,17.5
QUADFUTURE,QUADFUTUREEQN,411.95,415.0,415.0,3.05,0.74,1796,745340,502.4,248.55
TARC,TARCEQN,119.45,120.33,120.33,0.88,0.74,124,14920,186.3,109.1
TBZ,TBZEQN,305.8,308.05,308.05,2.25,0.74,17043,5250096,312.7,110.5
DELTACORP,DELTACORPEQN,60.72,61.17,61.17,0.45,0.74,576,35233,97.18,48.3
MANYAVAR,MANYAVAREQN,546.6,550.65,550.65,4.05,0.74,130,71584,782.65,329.2
CENTRUM,CENTRUMEQN,23.12,23.29,23.29,0.17,0.74,1690,39360,39.95,19.66
APARINDS,APARINDSEQN,17063.0,17190.0,17190.0,127.0,0.74,284,4881960,18465.0,6801.0
WENDT,WENDTEQN,8148.5,8209.0,8209.0,60.5,0.74,71,582839,10341.0,5841.5
TEXRAIL,TEXRAILEQN,109.04,109.84,109.84,0.8,0.73,5249,576550,153.0,78.05
SRHHYPOLTD,SRHHYPOLTDEQN,470.95,474.4,474.4,3.45,0.73,2,948,640.0,382.4
SWARAJENG,SWARAJENGEQN,3549.0,3575.0,3575.0,26.0,0.73,64,228800,4545.0,3301.3
MPSLTD,MPSLTDEQN,2704.0,2723.8,2723.8,19.8,0.73,32,87161,2979.0,1336.1
CGPOWER,CGPOWEREQN,865.05,871.4,871.4,6.35,0.73,4467,3892543,980.9,525.5
ARIS,ARISEQN,147.96,149.04,149.04,1.08,0.73,5443,811224,178.3,82.18
KEI,KEIEQN,5540.0,5580.0,5580.0,40.0,0.72,803,4480740,5899.0,3728.7
VSSL,VSSLEQN,367.75,370.4,370.4,2.65,0.72,1414,523745,375.95,206.4
LICHSGFIN,LICHSGFINEQN,524.4,528.2,528.2,3.8,0.72,16008,8455425,598.2,458.9
LORDSCHLO,LORDSCHLOEQN,139.54,140.54,140.54,1.0,0.72,15,2108,233.0,108.0
HINDALCO,HINDALCOEQN,1053.0,1060.5,1060.5,7.5,0.71,22578,23943969,1176.0,697.0
HAL,HALEQN,4865.5,4900.0,4900.0,34.5,0.71,3499,17145100,5149.9,3479.1
KARURVYSYA,KARURVYSYAEQN,354.35,356.85,356.85,2.5,0.71,9458,3375087,358.65,201.82
YASHO,YASHOEQN,4369.6,4400.0,4400.0,30.4,0.7,56,246400,4994.0,1130.0
VIMTALABS,VIMTALABSEQN,627.7,632.1,632.1,4.4,0.7,297,187733,902.65,376.05
UFLEX,UFLEXEQN,650.45,655.0,655.0,4.55,0.7,661,432955,660.5,330.0
SYNCOMF,SYNCOMFEQN,17.03,17.15,17.15,0.12,0.7,13714,235195,18.7,10.21
BSOFT,BSOFTEQN,293.55,295.6,295.6,2.05,0.7,6224,1839814,474.0,270.2
GRMOVER,GRMOVEREQN,88.84,89.46,89.46,0.62,0.7,151,13508,185.45,81.95
TTKPRESTIG,TTKPRESTIGEQN,610.15,614.4,614.4,4.25,0.7,199,122265,771.2,423.0
TIL,TILBEN,242.8,244.5,244.5,1.7,0.7,250,61125,371.95,161.25
SUNTECH,SUNTECHSMN,42.9,43.2,43.2,0.3,0.7,3200,138240,73.0,28.7
MANINDS,MANINDSEQN,703.1,708.0,708.0,4.9,0.7,628,444624,783.4,302.05
GNA,GNAEQN,545.8,549.6,549.6,3.8,0.7,680,373728,601.65,291.8
NIRLON,NIRLONEQN,640.7,645.2,645.2,4.5,0.7,2,1290,657.0,516.03
GOODYEAR,GOODYEAREQN,755.4,760.7,760.7,5.3,0.7,5,3803,876.0,711.25
RUCHINFRA,RUCHINFRAEQN,5.76,5.8,5.8,0.04,0.69,80,464,8.25,4.05
ONESOURCE,ONESOURCEEQN,1483.6,1493.9,1493.9,10.3,0.69,103,153871,1925.0,1057.0
JUBLINGREA,JUBLINGREAEQN,708.15,713.05,713.05,4.9,0.69,104,74157,795.0,537.3
INDIGRID,INDIGRIDIVN,174.63,175.84,175.84,1.21,0.69,3198,562336,180.9,159.26
DPEL,DPELSMN,566.1,570.0,570.0,3.9,0.69,500,285000,599.0,130.0
BHARTIARTL,BHARTIARTLEQN,1902.1,1915.0,1915.0,12.9,0.68,93737,179506355,2174.5,1740.5
CROWN,CROWNEQN,105.28,106.0,106.0,0.72,0.68,10,1060,191.0,100.62
ADANIPORTS,ADANIPORTSEQN,1691.5,1703.0,1703.0,11.5,0.68,5004,8521812,1891.1,1292.0
RANASUG,RANASUGEQN,14.8,14.9,14.9,0.1,0.68,1409,20994,16.45,10.21
GLENMARK,GLENMARKEQN,2438.3,2455.0,2455.0,16.7,0.68,692,1698860,2484.0,1792.6
SGMART,SGMARTEQN,842.3,848.0,848.0,5.7,0.68,157,133136,860.6,313.1
LANCER,LANCEREQN,11.72,11.8,11.8,0.08,0.68,1483,17499,12.1,10.1
CENTEXT,CENTEXTEQN,22.45,22.6,22.6,0.15,0.67,1825,41245,34.75,15.67
KSL,KSLEQN,919.3,925.45,925.45,6.15,0.67,177,163804,982.55,574.0
WESTLIFE,WESTLIFEEQN,566.2,570.0,570.0,3.8,0.67,1,570,775.0,398.4
SBC,SBCEQN,40.13,40.4,40.4,0.27,0.67,50812,2052804,45.0,18.63
DREDGECORP,DREDGECORPEQN,1131.1,1138.6,1138.6,7.5,0.66,130,148018,1286.0,538.0
JAYNECOIND,JAYNECOINDEQN,102.23,102.9,102.9,0.67,0.66,10973,1129121,117.0,57.12
BERGEPAINT,BERGEPAINTEQN,503.7,507.0,507.0,3.3,0.66,226,114582,594.55,391.1
VOLTAS,VOLTASEQN,1217.0,1225.0,1225.0,8.0,0.66,1049,1285025,1582.5,1186.8
CHEMPLASTS,CHEMPLASTSEQN,177.84,179.0,179.0,1.16,0.65,376,67304,451.3,170.02
POLICYBZR,POLICYBZREQN,1840.0,1852.0,1852.0,12.0,0.65,812,1503824,1974.0,1364.0
AJANTPHARM,AJANTPHARMEQN,3551.8,3574.8,3574.8,23.0,0.65,14,50047,3796.0,2329.9
EASEMYTRIP,EASEMYTRIPEQN,6.14,6.18,6.18,0.04,0.65,23972,148146,10.6,5.77
VEEDOL,VEEDOLEQN,1510.1,1519.9,1519.9,9.8,0.65,25,37997,2035.0,1238.2
ARSSBL,ARSSBLEQN,526.3,529.7,529.7,3.4,0.65,55,29133,794.85,416.0
DPABHUSHAN,DPABHUSHANEQN,1506.1,1515.9,1515.9,9.8,0.65,108,163717,1670.0,866.1
PENIND,PENINDEQN,156.5,157.5,157.5,1.0,0.64,233,36697,279.9,129.1
GAEL,GAELEQN,173.19,174.3,174.3,1.11,0.64,3811,664257,184.99,101.2
ATUL,ATULEQN,6526.0,6568.0,6568.0,42.0,0.64,27,177336,7180.0,5560.5
VENUSPIPES,VENUSPIPESEQN,1636.6,1647.0,1647.0,10.4,0.64,867,1427949,1875.0,890.0
ICICIPRULI,ICICIPRULIEQN,515.05,518.35,518.35,3.3,0.64,1745,904520,706.8,459.5
BASF,BASFEQN,3914.0,3939.2,3939.2,25.2,0.64,89,350588,4829.9,3122.2
SHARDAMOTR,SHARDAMOTREQN,891.6,897.3,897.3,5.7,0.64,140,125622,1189.9,700.0
TREEHOUSE,TREEHOUSEEQN,6.29,6.33,6.33,0.04,0.64,162,1025,11.0,5.52
KROSS,KROSSEQN,217.72,219.1,219.1,1.38,0.63,1974,432503,237.6,150.52
LMW,LMWEQN,19204.0,19325.0,19325.0,121.0,0.63,4,77300,20151.0,11920.0
EMCURE,EMCUREEQN,1862.3,1874.0,1874.0,11.7,0.63,262,490988,2048.0,1260.0
EKI,EKIEQN,76.52,77.0,77.0,0.48,0.63,10,770,82.5,74.6
SAKHTISUG,SAKHTISUGEQN,20.77,20.9,20.9,0.13,0.63,5340,111606,24.75,13.52
ASKAUTOLTD,ASKAUTOLTDEQN,617.0,620.9,620.9,3.9,0.63,620,384958,687.7,375.3
DWARKESH,DWARKESHEQN,53.75,54.09,54.09,0.34,0.63,9640,521427,59.9,32.13
DREAMFOLKS,DREAMFOLKSEQN,68.77,69.2,69.2,0.43,0.63,246,17023,160.0,56.0
BPL,BPLEQN,51.67,51.99,51.99,0.32,0.62,61,3171,91.28,37.61
RATNAVEER,RATNAVEEREQN,279.27,281.0,281.0,1.73,0.62,96975,27249975,296.9,130.5
SBICARD,SBICARDEQN,660.1,664.2,664.2,4.1,0.62,3700,2457540,965.0,565.45
SIGACHI,SIGACHIEQN,33.64,33.85,33.85,0.21,0.62,15064,509916,46.73,16.65
MOLDTKPAC,MOLDTKPACEQN,711.1,715.5,715.5,4.4,0.62,661,472945,870.5,464.9
PRIVISCL,PRIVISCLEQN,3458.4,3480.0,3480.0,21.6,0.62,37,128760,3785.3,2193.9
DBREALTY,DBREALTYEQN,106.34,107.0,107.0,0.66,0.62,1462,156434,184.8,83.5
RBA,RBAEQN,102.36,102.99,102.99,0.63,0.62,25110,2586078,111.15,57.15
GULFOILLUB,GULFOILLUBEQN,1162.8,1170.0,1170.0,7.2,0.62,170,198900,1329.0,865.0
ALOKINDS,ALOKINDSEQN,11.28,11.35,11.35,0.07,0.62,22766,258394,19.34,9.55
GREENLAM,GREENLAMEQN,247.3,248.8,248.8,1.5,0.61,62,15425,278.63,197.59
APCOTEXIND,APCOTEXINDEQN,611.25,615.0,615.0,3.75,0.61,116,71340,712.0,310.45
MOTHERSON,MOTHERSONEQN,165.0,166.0,166.0,1.0,0.61,20930,3474380,173.27,91.1
MMTC,MMTCEQN,64.02,64.41,64.41,0.39,0.61,7658,493251,78.35,50.1
TMPV,TMPVEQN,313.1,315.0,315.0,1.9,0.61,26466,8336790,739.7,294.3
ETERNAL,ETERNALEQN,327.0,329.0,329.0,2.0,0.61,162533,53473357,368.45,212.6
IVP,IVPBEN,186.42,187.55,187.55,1.13,0.61,48,9002,194.0,110.0
TARAPUR,TARAPUREQN,14.65,14.74,14.74,0.09,0.61,150,2211,39.99,12.21
LINCOLN,LINCOLNEQN,612.55,616.2,616.2,3.65,0.6,20,12324,770.0,440.0
ASIANTILES,ASIANTILESEQN,46.72,47.0,47.0,0.28,0.6,3246,152562,79.06,42.5
INDUSTOWER,INDUSTOWEREQN,377.7,379.95,379.95,2.25,0.6,6382,2424840,481.5,312.55
DALMIASUG,DALMIASUGEQN,481.1,484.0,484.0,2.9,0.6,569,275396,520.0,261.4
TEGA,TEGAEQN,1652.1,1662.0,1662.0,9.9,0.6,373,619926,2125.0,1473.0
TGVSL,TGVSLEQN,105.42,106.05,106.05,0.63,0.6,100,10605,111.5,102.5
COMPUSOFT,COMPUSOFTEQN,13.29,13.37,13.37,0.08,0.6,220,2941,20.75,12.0
HLVLTD,HLVLTDEQN,6.62,6.66,6.66,0.04,0.6,900,5994,12.6,5.6
IFCI,IFCIEQN,85.44,85.95,85.95,0.51,0.6,142001,12204985,95.8,46.23
LXCHEM,LXCHEMEQN,172.21,173.25,173.25,1.04,0.6,1237,214310,241.0,107.6
ROTO,ROTOEQN,65.51,65.9,65.9,0.39,0.6,42,2767,85.97,47.5
ISGEC,ISGECEQN,769.3,773.9,773.9,4.6,0.6,170,131563,1113.9,683.95
BLUSPRING,BLUSPRINGEQN,128.13,128.9,128.9,0.77,0.6,835,107631,136.67,43.98
FRONTSP,FRONTSPEQN,1257.9,1265.4,1265.4,7.5,0.6,22,27838,1869.0,1241.1
RIR,RIREQN,164.46,165.44,165.44,0.98,0.6,22,3639,185.99,154.3
SURAJEST,SURAJESTEQN,196.01,197.17,197.17,1.16,0.59,30,5915,328.9,171.3
GPTHEALTH,GPTHEALTHEQN,152.05,152.95,152.95,0.9,0.59,76,11624,175.0,115.0
CAPINVIT,CAPINVITIVN,76.9,77.35,77.35,0.45,0.59,43,3326,79.99,67.0
ASALCBR,ASALCBREQN,727.95,732.25,732.25,4.3,0.59,8,5858,1277.0,660.65
TEAMLEASE,TEAMLEASEEQN,1248.8,1256.2,1256.2,7.4,0.59,2,2512,1944.3,1065.2
PNBGILTS,PNBGILTSEQN,79.4,79.87,79.87,0.47,0.59,119,9504,106.0,58.6
DBCORP,DBCORPEQN,203.71,204.92,204.92,1.21,0.59,40,8196,287.9,184.51
EMPIND,EMPINDEQN,1221.8,1229.0,1229.0,7.2,0.59,44,54076,1234.9,1065.6
IITL,IITLEQN,155.57,156.49,156.49,0.92,0.59,25,3912,216.0,108.0
FABTECH,FABTECHEQN,146.99,147.86,147.86,0.87,0.59,17,2513,262.8,132.7
SILGO,SILGOEQN,72.85,73.28,73.28,0.43,0.59,12,879,86.2,57.55
LENSKART,LENSKARTEQN,647.15,651.0,651.0,3.85,0.59,5074,3303174,673.9,356.1
KMCSHIL,KMCSHILEQN,138.91,139.73,139.73,0.82,0.59,248,34653,148.0,134.7
MAFATIND,MAFATINDEQN,120.09,120.8,120.8,0.71,0.59,4,483,157.77,119.02
GMBREW,GMBREWEQN,893.3,898.6,898.6,5.3,0.59,12,10783,1328.8,666.05
BELRISE,BELRISEEQN,229.66,231.0,231.0,1.34,0.58,10131,2340261,268.2,135.16
AVL,AVLEQN,585.6,589.0,589.0,3.4,0.58,274,161386,705.0,436.55
VPRPL,VPRPLEQN,32.98,33.17,33.17,0.19,0.58,625,20731,148.84,23.94
MUKKA,MUKKAEQN,25.73,25.88,25.88,0.15,0.58,916,23706,31.23,18.27
AWFIS,AWFISEQN,268.35,269.9,269.9,1.55,0.58,8,2159,639.4,229.05
LUMAXIND,LUMAXINDEQN,6160.5,6196.0,6196.0,35.5,0.58,74,458504,6934.5,3767.4
ORICONENT,ORICONENTEQN,56.65,56.98,56.98,0.33,0.58,50,2849,73.12,48.81
EIHAHOTELS,EIHAHOTELSEQN,301.95,303.7,303.7,1.75,0.58,15,4555,434.9,266.65
ORIENTELEC,ORIENTELECEQN,185.92,187.0,187.0,1.08,0.58,239,44693,219.0,149.05
SIGMA,SIGMAEQN,48.57,48.85,48.85,0.28,0.58,54,2637,65.5,35.46
FLAIR,FLAIREQN,250.25,251.7,251.7,1.45,0.58,13,3272,348.8,242.9
CAPITALSFB,CAPITALSFBEQN,282.6,284.25,284.25,1.65,0.58,35,9948,323.7,206.55
DEEPAKNTR,DEEPAKNTREQN,1776.7,1787.0,1787.0,10.3,0.58,212,378844,1904.4,1280.0
MEESHO,MEESHOEQN,208.14,209.34,209.34,1.2,0.58,41990,8790186,254.4,125.56
BFINVEST,BFINVESTEQN,447.7,450.3,450.3,2.6,0.58,20,9006,584.7,315.0
MVGJL,MVGJLEQN,155.19,156.08,156.08,0.89,0.57,175,27314,214.79,129.1
JAGRAN,JAGRANEQN,61.74,62.09,62.09,0.35,0.57,79,4905,78.9,59.5
TFCILTD,TFCILTDEQN,140.99,141.8,141.8,0.81,0.57,19435,2755883,146.0,51.0
HONDAPOWER,HONDAPOWEREQN,2062.3,2074.1,2074.1,11.8,0.57,1,2074,2991.8,1816.6
IRBINVIT,IRBINVITIVN,63.39,63.75,63.75,0.36,0.57,2061,131388,65.0,57.05
ZEEL,ZEELEQN,104.42,105.01,105.01,0.59,0.57,45205,4746977,121.8,68.0
DIFFNKG,DIFFNKGEQN,388.8,391.0,391.0,2.2,0.57,6,2346,453.9,216.8
TRIGYN,TRIGYNEQN,60.66,61.0,61.0,0.34,0.56,505,30805,102.4,37.55
MMP,MMPEQN,400.7,402.95,402.95,2.25,0.56,75,30221,429.95,185.2
KALAMANDIR,KALAMANDIREQN,87.8,88.29,88.29,0.49,0.56,31,2736,223.03,84.5
SBFC,SBFCEQN,101.14,101.71,101.71,0.57,0.56,58492,5949221,123.0,79.6
SMCGLOBAL,SMCGLOBALEQN,79.26,79.7,79.7,0.44,0.56,405,32278,94.9,54.44
MASFIN,MASFINEQN,297.25,298.9,298.9,1.65,0.56,504,150645,358.85,277.35
YATRA,YATRAEQN,112.89,113.52,113.52,0.63,0.56,567,64365,202.0,89.9
JINDALPOLY,JINDALPOLYEQN,641.4,645.0,645.0,3.6,0.56,25,16125,1026.45,365.0
INDORAMA,INDORAMAEQN,61.22,61.56,61.56,0.34,0.56,259,15944,75.0,29.0
HARSHA,HARSHAEQN,428.75,431.15,431.15,2.4,0.56,542,233683,469.0,313.3
BESTAGRO,BESTAGROEQN,17.85,17.95,17.95,0.1,0.56,2026,36366,34.4,12.3
FERMENTA,FERMENTAEQN,467.5,470.1,470.1,2.6,0.56,74,34787,580.45,248.85
REGAAL,REGAALEQN,94.57,95.1,95.1,0.53,0.56,110,10461,119.34,57.27
GRAUWEIL,GRAUWEILEQN,66.43,66.8,66.8,0.37,0.56,1221,81562,87.4,62.09
ALPINETEX,ALPINETEXEQN,55.77,56.08,56.08,0.31,0.56,877,49182,105.0,54.6
KAPSTON,KAPSTONEQN,505.25,508.05,508.05,2.8,0.55,149,75699,600.0,158.13
SHK,SHKEQN,155.62,156.48,156.48,0.86,0.55,119,18621,275.5,111.98
VBL,VBLEQN,421.25,423.55,423.55,2.3,0.55,128588,54463447,555.8,381.0
TASTYBITE,TASTYBITEEQN,9911.5,9966.5,9966.5,55.0,0.55,2,19933,10544.0,6430.0
KAMATHOTEL,KAMATHOTELEQN,227.08,228.33,228.33,1.25,0.55,233,53200,329.8,140.2
BAJAJHIND,BAJAJHINDEQN,21.78,21.9,21.9,0.12,0.55,137183,3004307,26.0,14.85
MODIS,MODISEQN,399.9,402.1,402.1,2.2,0.55,624,250910,429.05,276.0
TARSONS,TARSONSEQN,342.65,344.55,344.55,1.9,0.55,29,9991,375.0,164.45
RATEGAIN,RATEGAINEQN,934.05,939.2,939.2,5.15,0.55,1184,1112012,1050.0,437.0
SCODATUBES,SCODATUBESEQN,128.86,129.57,129.57,0.71,0.55,10,1295,187.7,110.0
BSE,BSEEQN,3325.6,3344.0,3344.0,18.4,0.55,5657,18917008,4446.8,2021.5
SOLEX,SOLEXEQN,781.45,785.75,785.75,4.3,0.55,1,785,1985.0,753.05
CENTRALBK,CENTRALBKEQN,30.83,31.0,31.0,0.17,0.55,43610,1351910,40.92,29.32
ABREL,ABRELEQN,1392.3,1400.0,1400.0,7.7,0.55,247,345800,1965.3,1080.1
MUTHOOTCAP,MUTHOOTCAPEQN,241.76,243.1,243.1,1.34,0.55,106,25768,303.0,175.25
SGFIN,SGFINEQN,692.2,695.95,695.95,3.75,0.54,53,36885,727.45,323.0
CAPLIPOINT,CAPLIPOINTEQN,2516.3,2529.9,2529.9,13.6,0.54,109,275759,2699.0,1500.3
ROLEXRINGS,ROLEXRINGSEQN,184.45,185.44,185.44,0.99,0.54,3081,571340,189.4,99.79
PLAZACABLE,PLAZACABLEEQN,52.22,52.5,52.5,0.28,0.54,12,630,65.0,27.0
RELIANCE,RELIANCEEQN,1298.0,1305.0,1305.0,7.0,0.54,94093,122791365,1611.8,1249.8
TIMETECHNO,TIMETECHNOEQN,185.3,186.3,186.3,1.0,0.54,2901,540456,249.15,154.0
PRINCEPIPE,PRINCEPIPEEQN,298.4,300.0,300.0,1.6,0.54,2238,671400,353.4,205.0
NILASPACES,NILASPACESEQN,12.93,13.0,13.0,0.07,0.54,1393,18109,20.47,11.35
HERANBA,HERANBAEQN,174.06,175.0,175.0,0.94,0.54,10,1750,376.05,155.38
TATACAP,TATACAPEQN,370.65,372.65,372.65,2.0,0.54,4312,1606866,390.2,296.0
ANTHEM,ANTHEMEQN,923.05,928.0,928.0,4.95,0.54,6382,5922496,942.6,579.15
IONEXCHANG,IONEXCHANGEQN,371.05,373.05,373.05,2.0,0.54,588,219353,486.0,312.7
PRESTIGE,PRESTIGEEQN,1615.1,1623.6,1623.6,8.5,0.53,253,410770,1805.2,1090.0
ANANDRATHI,ANANDRATHIEQN,2179.4,2191.0,2191.0,11.6,0.53,77,168707,2230.0,1353.85
NATCOPHARM,NATCOPHARMEQN,863.4,868.0,868.0,4.6,0.53,321,278628,1226.8,789.0
BALRAMCHIN,BALRAMCHINEQN,674.35,677.95,677.95,3.6,0.53,7188,4873104,780.95,393.55
BLSE,BLSEEQN,319.7,321.4,321.4,1.7,0.53,725,233015,328.1,124.3
PICCADIL,PICCADILEQN,665.3,668.8,668.8,3.5,0.53,197,131753,809.7,515.0
FISCHER,FISCHEREQN,36.05,36.24,36.24,0.19,0.53,10,362,124.7,31.05
LEAPIND,LEAPINDEQN,159.65,160.5,160.5,0.85,0.53,11804,1894542,171.25,143.0
SHIPROCKET,SHIPROCKETEQN,132.5,133.2,133.2,0.7,0.53,19366,2579551,156.9,129.36
ESSARSHPNG,ESSARSHPNGEQN,16.91,17.0,17.0,0.09,0.53,47,799,43.26,15.71
FAZE3Q,FAZE3QEQN,488.7,491.3,491.3,2.6,0.53,1,491,650.05,322.1
WELSPLSOL,WELSPLSOLEQN,54.71,55.0,55.0,0.29,0.53,12148,668140,63.25,36.0
IRMENERGY,IRMENERGYEQN,287.5,289.0,289.0,1.5,0.52,613,177157,393.0,165.4
RML,RMLEQN,1144.1,1150.0,1150.0,5.9,0.52,50,57500,1323.9,608.5
BLS,BLSEQN,237.76,239.0,239.0,1.24,0.52,2714,648646,392.85,218.9
SUNDRMFAST,SUNDRMFASTEQN,1237.95,1244.4,1244.4,6.45,0.52,35,43554,1250.3,730.1
LICI,LICIEQN,415.3,417.45,417.45,2.15,0.52,6394,2669175,468.48,360.75
TRUALT,TRUALTEQN,442.2,444.5,444.5,2.3,0.52,22,9779,549.0,310.2
TANAA,TANAAEQN,298.45,300.0,300.0,1.55,0.52,2,600,322.0,291.25
AXISCADES,AXISCADESEQN,1606.7,1615.0,1615.0,8.3,0.52,89,143735,2211.0,1063.3
RETAIL,RETAILEQN,17.81,17.9,17.9,0.09,0.51,3,53,43.79,15.81
DAMCAPITAL,DAMCAPITALEQN,150.02,150.78,150.78,0.76,0.51,1660,250294,286.0,119.22
FCL,FCLEQN,50.58,50.84,50.84,0.26,0.51,63505,3228594,51.38,19.1
SDBL,SDBLEQN,72.62,72.99,72.99,0.37,0.51,1648,120287,142.6,61.8
INDIACEM,INDIACEMEQN,371.85,373.75,373.75,1.9,0.51,272,101660,485.8,342.35
ADANIGREEN,ADANIGREENEQN,1303.2,1309.9,1309.9,6.7,0.51,4321,5660077,1631.5,765.0
ADVANCE,ADVANCEEQN,122.58,123.2,123.2,0.62,0.51,1,123,154.0,84.1
KRISHIVAL,KRISHIVALEQN,396.0,398.0,398.0,2.0,0.51,15,5970,483.81,282.3
PFS,PFSEQN,27.66,27.8,27.8,0.14,0.51,56,1556,40.5,23.85
LUXIND,LUXINDEQN,1207.1,1213.2,1213.2,6.1,0.51,8,9705,1823.35,824.05
ALLDIGI,ALLDIGIEQN,815.2,819.3,819.3,4.1,0.5,40,32772,1000.0,700.0
MANOMAY,MANOMAYEQN,220.31,221.42,221.42,1.11,0.5,2,442,259.88,160.25
LGBBROSLTD,LGBBROSLTDEQN,1688.9,1697.4,1697.4,8.5,0.5,47,79777,2048.0,1246.5
UNIMECH,UNIMECHEQN,1500.2,1507.7,1507.7,7.5,0.5,63,94985,1555.0,695.0
RHIM,RHIMEQN,370.6,372.45,372.45,1.85,0.5,224,83428,508.3,323.05
MEDANTA,MEDANTAEQN,1458.9,1466.2,1466.2,7.3,0.5,332,486778,1544.0,956.0
AADHARHFC,AADHARHFCEQN,470.35,472.7,472.7,2.35,0.5,159,75159,563.0,430.15
SWARAJ,SWARAJBEN,373.15,375.0,375.0,1.85,0.5,50,18750,386.75,158.5
SHRIRAMPPS,SHRIRAMPPSEQN,77.54,77.93,77.93,0.39,0.5,3046,237374,99.44,60.57
UNOMINDA,UNOMINDAEQN,1260.0,1266.3,1266.3,6.3,0.5,244,308977,1382.0,994.0
GUJALKALI,GUJALKALIEQN,719.85,723.45,723.45,3.6,0.5,150,108517,815.0,409.15
NILKAMAL,NILKAMALEQN,2096.8,2107.2,2107.2,10.4,0.5,168,354009,2118.6,1050.5
NESCO,NESCOEQN,1018.9,1024.0,1024.0,5.1,0.5,20,20480,1638.9,996.0
AXITA,AXITAEQN,8.05,8.09,8.09,0.04,0.5,7262,58749,12.2,6.57
BLUEDART,BLUEDARTEQN,5007.0,5032.0,5032.0,25.0,0.5,54,271728,7036.0,4628.5
METROPOLIS,METROPOLISEQN,570.3,573.15,573.15,2.85,0.5,339,194297,609.05,412.25
RAYMOND,RAYMONDEQN,621.05,624.15,624.15,3.1,0.5,218,136064,658.95,320.0
BALKRISIND,BALKRISINDEQN,2328.6,2340.2,2340.2,11.6,0.5,210,491442,2775.0,1970.0
NIITMTS,NIITMTSEQN,232.51,233.68,233.68,1.17,0.5,132,30845,443.9,203.3
BIKAJI,BIKAJIEQN,612.1,615.15,615.15,3.05,0.5,785,482892,818.7,592.55
SENCO,SENCOEQN,367.15,369.0,369.0,1.85,0.5,4912,1812528,430.0,276.0
EMIL,EMILEQN,184.54,185.46,185.46,0.92,0.5,2210,409866,196.74,84.9
SUMICHEM,SUMICHEMEQN,530.45,533.1,533.1,2.65,0.5,216,115149,617.45,362.6
WPIL,WPILEQN,438.35,440.55,440.55,2.2,0.5,15,6608,510.35,383.55
PSPPROJECT,PSPPROJECTEQN,904.65,909.2,909.2,4.55,0.5,25,22730,1143.0,569.2
ULTRAMAR,ULTRAMAREQN,432.75,434.9,434.9,2.15,0.5,92,40010,455.75,364.1
EMAMIPAP,EMAMIPAPBEN,120.98,121.58,121.58,0.6,0.5,121,14711,133.7,55.0
VAML,VAMLEQN,462.6,464.9,464.9,2.3,0.5,34237,15916781,537.0,423.15
HARIOMPIPE,HARIOMPIPEEQN,346.55,348.3,348.3,1.75,0.5,46,16021,572.2,268.05
SIGMAADV,SIGMAADVEQN,727.3,730.95,730.95,3.65,0.5,24796,18124636,763.65,126.73
MONTECARLO,MONTECARLOEQN,544.25,546.9,546.9,2.65,0.49,50,27345,860.95,464.0
DENTA,DENTAEQN,285.6,287.0,287.0,1.4,0.49,160,45920,479.6,222.0
LT,LTEQN,4038.1,4058.0,4058.0,19.9,0.49,5928,24055824,4440.0,3288.1
KINGFA,KINGFAEQN,6060.5,6090.0,6090.0,29.5,0.49,272,1656480,6200.0,3649.9
KRISHNADEF,KRISHNADEFEQN,1025.9,1030.9,1030.9,5.0,0.49,87,89688,1400.0,665.0
MINDACORP,MINDACORPEQN,707.5,711.0,711.0,3.5,0.49,270,191970,769.0,468.5
FEDERALBNK,FEDERALBNKEQN,345.3,347.0,347.0,1.7,0.49,7008,2431776,371.7,188.4
MSTCLTD,MSTCLTDEQN,737.5,741.15,741.15,3.65,0.49,818,606260,753.5,362.15
CEINSYS,CEINSYSEQN,728.2,731.8,731.8,3.6,0.49,31,22685,1249.9,697.15
SUNTV,SUNTVEQN,465.15,467.45,467.45,2.3,0.49,495,231387,660.7,461.0
MCL,MCLEQN,59.59,59.88,59.88,0.29,0.49,867,51915,93.2,42.0
ASTRAMICRO,ASTRAMICROEQN,1698.7,1707.1,1707.1,8.4,0.49,469,800629,1960.0,851.0
JINDWORLD,JINDWORLDEQN,34.84,35.01,35.01,0.17,0.49,6953,243424,42.4,17.85
VIKRAN,VIKRANEQN,59.21,59.5,59.5,0.29,0.49,5478,325941,118.4,51.1
FILATEX,FILATEXEQN,75.19,75.56,75.56,0.37,0.49,10176,768898,87.27,36.26
NIACL,NIACLEQN,187.09,188.0,188.0,0.91,0.49,1242,233496,218.0,116.97
MOKSH,MOKSHEQN,10.41,10.46,10.46,0.05,0.48,329,3441,16.65,8.11
KPRMILL,KPRMILLEQN,1136.0,1141.5,1141.5,5.5,0.48,910,1038765,1334.0,796.1
HINDZINC,HINDZINCEQN,626.5,629.5,629.5,3.0,0.48,55296,34808832,733.0,418.0
NLCINDIA,NLCINDIAEQN,271.4,272.7,272.7,1.3,0.48,1837,500949,387.8,222.0
PGINVIT,PGINVITIVN,100.0,100.48,100.48,0.48,0.48,2938,295210,102.0,86.3
INOXINDIA,INOXINDIAEQN,1926.7,1935.9,1935.9,9.2,0.48,115,222628,2224.0,1068.2
CUMMINSIND,CUMMINSINDEQN,5200.0,5225.0,5225.0,25.0,0.48,4816,25163600,6100.0,3777.3
ERIS,ERISEQN,1310.7,1317.0,1317.0,6.3,0.48,53,69801,1818.8,1200.0
EXPLEOSOL,EXPLEOSOLEQN,879.95,884.1,884.1,4.15,0.47,12,10609,1175.1,640.0
TVSSCS,TVSSCSEQN,132.16,132.78,132.78,0.62,0.47,2830,375767,146.5,90.32
BFUTILITIE,BFUTILITIEEQN,514.2,516.6,516.6,2.4,0.47,30,15498,898.7,368.7
BHARATSE,BHARATSEEQN,224.74,225.8,225.8,1.06,0.47,206,46514,263.18,129.87
JYOTICNC,JYOTICNCEQN,1012.7,1017.45,1017.45,4.75,0.47,1856,1888387,1055.9,580.1
KUANTUM,KUANTUMEQN,72.35,72.69,72.69,0.34,0.47,1000,72690,121.29,65.01
MAITHANALL,MAITHANALLEQN,1005.25,1010.0,1010.0,4.75,0.47,36,36360,1210.1,831.2
ABBOTINDIA,ABBOTINDIAEQN,26555.0,26680.0,26680.0,125.0,0.47,5,133400,32775.0,25150.0
GATEWAY,GATEWAYEQN,53.43,53.68,53.68,0.25,0.47,1259,67583,67.72,48.1
MUFTI,MUFTIEQN,78.63,79.0,79.0,0.37,0.47,100,7900,130.7,63.06
GHCLTEXTIL,GHCLTEXTILEQN,126.7,127.29,127.29,0.59,0.47,1413,179860,129.44,65.26
GHCL,GHCLEQN,437.85,439.9,439.9,2.05,0.47,59,25954,667.2,416.6
MOREPENLAB,MOREPENLABEQN,96.98,97.44,97.44,0.46,0.47,60916,5935655,99.75,33.05
VAIBHAVGBL,VAIBHAVGBLEQN,223.6,224.65,224.65,1.05,0.47,1053,236556,293.25,174.13
MANKIND,MANKINDEQN,2393.7,2405.0,2405.0,11.3,0.47,119,286195,2674.0,1909.7
VSTIND,VSTINDEQN,210.95,211.95,211.95,1.0,0.47,1573,333397,286.78,200.0
SHIVALIK,SHIVALIKBEN,294.36,295.75,295.75,1.39,0.47,160,47320,496.0,206.4
WAAREERTL,WAAREERTLEQN,885.75,889.95,889.95,4.2,0.47,315,280334,1358.0,779.5
APOLLOTYRE,APOLLOTYREEQN,443.05,445.15,445.15,2.1,0.47,3481,1549567,540.5,365.3
AARTIDRUGS,AARTIDRUGSEQN,418.0,419.95,419.95,1.95,0.47,13,5459,534.55,318.95
ACE,ACEEQN,1159.0,1164.3,1164.3,5.3,0.46,189,220052,1196.0,745.1
CEWATER,CEWATEREQN,271.75,273.0,273.0,1.25,0.46,3,819,579.0,235.0
GREENPANEL,GREENPANELEQN,157.98,158.71,158.71,0.73,0.46,74,11744,333.8,155.01
NH,NHEQN,1882.7,1891.3,1891.3,8.6,0.46,260,491738,2093.3,1589.0
UTTAMSUGAR,UTTAMSUGAREQN,312.82,314.25,314.25,1.43,0.46,886,278425,359.3,181.1
INA,INAEQN,93.21,93.64,93.64,0.43,0.46,187,17510,161.81,79.75
KHAICHEM,KHAICHEMEQN,56.92,57.18,57.18,0.26,0.46,671,38367,135.8,42.92
SKFINDIA,SKFINDIAEQN,1587.1,1594.4,1594.4,7.3,0.46,28,44643,5074.0,1404.0
BAJFINANCE,BAJFINANCEEQN,1085.0,1090.0,1090.0,5.0,0.46,26386,28760740,1176.4,787.9
CARYSIL,CARYSILEQN,1139.7,1144.9,1144.9,5.2,0.46,18,20608,1280.9,732.1
RELTD,RELTDEQN,156.7,157.4,157.4,0.7,0.45,127,19989,196.45,114.77
COCHINSHIP,COCHINSHIPEQN,1547.0,1554.0,1554.0,7.0,0.45,6410,9961140,1979.9,1187.0
CENTUM,CENTUMEQN,3334.5,3349.5,3349.5,15.0,0.45,45,150727,3968.8,2044.2
HUBTOWN,HUBTOWNEQN,188.5,189.35,189.35,0.85,0.45,1200,227220,364.7,168.15
SENORES,SENORESEQN,1494.7,1501.4,1501.4,6.7,0.45,298,447417,1599.0,662.45
UGROCAP,UGROCAPEQN,87.05,87.44,87.44,0.39,0.45,793,69339,192.5,80.12
JINDALSAW,JINDALSAWEQN,302.45,303.8,303.8,1.35,0.45,14255,4330669,316.95,153.0
SUDARSCHEM,SUDARSCHEMEQN,1234.3,1239.9,1239.9,5.6,0.45,98,121510,1603.0,726.4
AZAD,AZADEQN,2825.5,2838.0,2838.0,12.5,0.44,610,1731180,2986.6,1360.0
TIMEX,TIMEXEQN,629.0,631.75,631.75,2.75,0.44,1355,856021,647.8,312.0
CENTENKA,CENTENKAEQN,557.55,560.0,560.0,2.45,0.44,4,2240,671.65,371.2
PFC,PFCEQN,364.1,361.75,361.75,1.55,0.43,37863,13696940,486.5,329.9
ASIANPAINT,ASIANPAINTEQN,2626.5,2637.9,2637.9,11.4,0.43,1330,3508407,2985.7,2115.0
NELCO,NELCOEQN,936.0,940.0,940.0,4.0,0.43,2954,2776760,1120.0,500.1
HIMATSEIDE,HIMATSEIDEEQN,72.67,72.98,72.98,0.31,0.43,1000,72980,134.7,69.06
SYNGENE,SYNGENEEQN,411.15,412.9,412.9,1.75,0.43,346,142863,678.95,375.25
NAVINFLUOR,NAVINFLUOREQN,8553.0,8590.0,8590.0,37.0,0.43,920,7902800,8775.5,4498.5
GKSL,GKSLEQN,152.34,153.0,153.0,0.66,0.43,223,34119,162.22,98.36
GALAPREC,GALAPRECEQN,1040.6,1045.0,1045.0,4.4,0.42,18,18810,1260.0,671.2
SAILIFE,SAILIFEEQN,1461.0,1467.1,1467.1,6.1,0.42,703,1031371,1498.1,783.85
DCAL,DCALEQN,175.27,176.0,176.0,0.73,0.42,24,4224,321.95,128.5
TCIEXP,TCIEXPEQN,549.85,552.15,552.15,2.3,0.42,44,24294,780.0,447.55
MEDPLUS,MEDPLUSEQN,692.1,695.0,695.0,2.9,0.42,118,82010,1022.2,648.0
ADANIENT,ADANIENTEQN,3112.0,3125.0,3125.0,13.0,0.42,5427,16959375,3245.0,1753.0
RENUKA,RENUKAEQN,23.94,24.04,24.04,0.1,0.42,125305,3012332,33.5,21.05
SURYODAY,SURYODAYEQN,158.43,159.1,159.1,0.67,0.42,711,113120,218.0,115.41
POONAWALLA,POONAWALLAEQN,472.65,474.65,474.65,2.0,0.42,497,235901,570.4,361.2
SMSPHARMA,SMSPHARMAEQN,357.7,359.2,359.2,1.5,0.42,35,12572,447.8,221.02
CDSL,CDSLEQN,1434.0,1440.0,1440.0,6.0,0.42,11966,17231040,1673.7,1116.3
PARAGMILK,PARAGMILKEQN,244.77,245.8,245.8,1.03,0.42,3109,764192,376.95,177.84
SUBROS,SUBROSEQN,730.3,733.35,733.35,3.05,0.42,443,324874,1213.7,622.1
IGPL,IGPLEQN,523.85,526.0,526.0,2.15,0.41,428,225128,541.0,315.0
INDIANHUME,INDIANHUMEEQN,392.8,394.4,394.4,1.6,0.41,12,4732,432.0,279.8
CELLO,CELLOEQN,354.45,355.9,355.9,1.45,0.41,396,140936,673.8,336.6
JIOFIN,JIOFINEQN,241.0,242.0,242.0,1.0,0.41,36913,8932946,321.6,223.3
KAVDEFENCE,KAVDEFENCEEQN,58.41,58.65,58.65,0.24,0.41,84,4926,162.87,51.51
LALITHAA,LALITHAAEQN,244.0,245.0,245.0,1.0,0.41,19420,4757900,274.4,240.35
MTARTECH,MTARTECHBEN,7082.0,7111.0,7111.0,29.0,0.41,217,1543087,8714.0,1390.5
EIEL,EIELEQN,200.69,201.49,201.49,0.8,0.4,1910,384845,276.1,134.71
ANIKINDS,ANIKINDSEQN,47.21,47.4,47.4,0.19,0.4,250,11850,97.55,32.5
SMARTWORKS,SMARTWORKSEQN,541.85,544.0,544.0,2.15,0.4,50,27200,619.0,361.5
NATCAPSUQ,NATCAPSUQEQN,180.28,181.0,181.0,0.72,0.4,80,14480,296.0,136.36
IDEA,IDEAEQN,15.06,15.12,15.12,0.06,0.4,1246840,18852220,15.37,6.46
JINDRILL,JINDRILLEQN,632.45,635.0,635.0,2.55,0.4,357,226695,693.5,440.1
AXISBANK,AXISBANKEQN,1255.0,1260.0,1260.0,5.0,0.4,52270,65860200,1418.3,1042.5
SUNPHARMA,SUNPHARMAEQN,1899.5,1907.1,1907.1,7.6,0.4,4147,7908743,2046.9,1548.0
UTKARSHBNK,UTKARSHBNKEQN,14.94,15.0,15.0,0.06,0.4,10616,159240,22.03,10.12
VISAKAIND,VISAKAINDEQN,91.53,91.9,91.9,0.37,0.4,240,22056,104.41,50.2
IGIL,IGILEQN,347.85,349.2,349.2,1.35,0.39,317,110696,392.0,287.0
ANANTRAJ,ANANTRAJEQN,606.35,608.7,608.7,2.35,0.39,6590,4011333,743.65,403.0
GANDHITUBE,GANDHITUBEEQN,901.5,905.0,905.0,3.5,0.39,44,39820,1031.8,681.05
SRF,SRFEQN,2583.0,2593.0,2593.0,10.0,0.39,184,477112,3210.0,2355.0
DOMS,DOMSEQN,2204.0,2209.0,2209.0,8.6,0.39,29,64061,2770.0,2023.9
GCSL,GCSLEQN,538.0,540.1,540.1,2.1,0.39,510,275451,548.0,213.15
MCLOUD,MCLOUDEQN,28.87,28.98,28.98,0.11,0.38,794,23010,87.0,19.4
FIBERWEB,FIBERWEBEQN,26.0,26.1,26.1,0.1,0.38,1,26,52.47,25.17
SNOWMAN,SNOWMANEQN,37.13,37.27,37.27,0.14,0.38,101,3764,59.8,30.5
IXIGO,IXIGOEQN,168.26,168.9,168.9,0.64,0.38,551,93063,339.15,151.27
AKUMS,AKUMSEQN,766.1,769.0,769.0,2.9,0.38,334,256846,783.0,409.3
PCBL,PCBLEQN,325.65,326.9,326.9,1.25,0.38,4875,1593637,425.95,226.5
RTNPOWER,RTNPOWEREQN,7.95,7.98,7.98,0.03,0.38,39454,314842,12.84,7.52
ALKEM,ALKEMEQN,5303.5,5323.5,5323.5,20.0,0.38,2,10647,5933.5,5075.0
ADVENTHTL,ADVENTHTLEQN,138.48,139.0,139.0,0.52,0.38,101,14039,345.05,120.02
BEML,BEMLEQN,1937.7,1945.0,1945.0,7.3,0.38,1095,2129775,2275.75,1355.0
VETO,VETOBEN,128.5,128.99,128.99,0.49,0.38,1,128,153.95,82.32
SURAKSHA,SURAKSHAEQN,338.75,340.0,340.0,1.25,0.37,806,274040,340.5,224.1
ARKADE,ARKADEEQN,128.02,128.49,128.49,0.47,0.37,429,55122,188.25,92.62
GOPAL,GOPALEQN,284.9,285.95,285.95,1.05,0.37,200,57190,398.0,247.55
MUFIN,MUFINEQN,136.75,137.25,137.25,0.5,0.37,3122,428494,141.5,82.99
DOLLAR,DOLLAREQN,270.9,271.9,271.9,1.0,0.37,100,27190,396.0,220.5
HEIDELBERG,HEIDELBERGEQN,161.86,162.46,162.46,0.6,0.37,40,6498,220.9,136.1
LTTS,LTTSEQN,3543.2,3556.0,3556.0,12.8,0.36,145,515620,4726.0,3010.0
WEBELSOLAR,WEBELSOLAREQN,78.27,78.55,78.55,0.28,0.36,5353,420478,141.5,50.4
TANLA,TANLAEQN,526.05,527.95,527.95,1.9,0.36,6265,3307606,766.0,365.9
WELCORP,WELCORPEQN,2306.7,2315.0,2315.0,8.3,0.36,4677,10827255,2437.3,710.0
BPCL,BPCLEQN,318.0,319.15,319.15,1.15,0.36,6837,2182028,391.65,266.6
QPOWER,QPOWEREQN,1298.2,1302.9,1302.9,4.7,0.36,54,70356,1441.0,581.0
SULA,SULAEQN,148.02,148.55,148.55,0.53,0.36,725,107698,296.8,138.6
DECNGOLD,DECNGOLDEQN,230.96,231.8,231.8,0.84,0.36,5243,1215327,250.8,114.8
LAXMIDENTL,LAXMIDENTLEQN,196.21,196.9,196.9,0.69,0.35,3,590,377.05,155.88
VMM,VMMEQN,109.62,110.0,110.0,0.38,0.35,15569,1712590,157.6,98.77
M&M,M&MEQN,3398.2,3410.0,3410.0,11.8,0.35,7367,25121470,3839.9,2896.0
DEEPAKFERT,DEEPAKFERTEQN,1479.3,1484.5,1484.5,5.2,0.35,789,1171270,1681.0,866.4
VHLTD,VHLTDBEN,115.59,116.0,116.0,0.41,0.35,58,6728,145.2,104.25
CMSINFO,CMSINFOEQN,246.15,247.0,247.0,0.85,0.35,563,139061,444.9,239.0
AUBANK,AUBANKEQN,1113.5,1117.4,1117.4,3.9,0.35,1407,1572181,1144.1,682.15
DEEPINDS,DEEPINDSEQN,664.65,667.0,667.0,2.35,0.35,337,224779,720.0,330.0
PETRONET,PETRONETEQN,289.0,290.0,290.0,1.0,0.35,1841,533890,326.4,235.35
FSL,FSLEQN,270.05,271.0,271.0,0.95,0.35,788,213548,379.7,202.0
CMRGREEN,CMRGREENEQN,218.21,218.98,218.98,0.77,0.35,1110,243067,268.96,205.25
AMAGI,AMAGIEQN,583.9,585.95,585.95,2.05,0.35,8,4687,727.4,310.2
CEIGALL,CEIGALLEQN,337.85,339.0,339.0,1.15,0.34,2192,743088,405.7,222.61
FORTIS,FORTISEQN,913.85,916.95,916.95,3.1,0.34,255,233822,1104.3,766.8
ARVINDFASN,ARVINDFASNEQN,443.5,445.0,445.0,1.5,0.34,50,22250,579.0,366.2
AGI,AGIEQN,744.5,747.0,747.0,2.5,0.34,150,112050,939.0,465.0
INOXWIND,INOXWINDEQN,73.2,73.45,73.45,0.25,0.34,12782,938837,159.3,71.41
OFSS,OFSSEQN,11800.0,11840.0,11840.0,40.0,0.34,331,3919040,12060.0,6234.5
SAMBHV,SAMBHVEQN,128.46,128.9,128.9,0.44,0.34,2139,275717,141.32,81.42
LLOYDSME,LLOYDSMEEQN,1845.7,1851.9,1851.9,6.2,0.34,502,929653,2125.0,1042.9
PDSL,PDSLEQN,369.1,370.35,370.35,1.25,0.34,309,114438,418.5,246.05
CFEL,CFELEQN,32.69,32.8,32.8,0.11,0.34,100,3280,35.2,24.36
GRINDWELL,GRINDWELLEQN,2055.8,2062.5,2062.5,6.7,0.33,38,78375,2455.0,1329.0
ELECON,ELECONEQN,425.3,426.7,426.7,1.4,0.33,185,78939,634.9,352.0
INDIANB,INDIANBEQN,889.0,891.95,891.95,2.95,0.33,803,716235,1000.9,642.6
TDPOWERSYS,TDPOWERSYSEQN,727.8,730.2,730.2,2.4,0.33,2438,1780227,798.85,246.5
ZENSARTECH,ZENSARTECHEQN,471.85,473.4,473.4,1.55,0.33,1061,502277,868.95,423.0
BALUFORGE,BALUFORGEEQN,638.9,641.0,641.0,2.1,0.33,13849,8877209,697.0,341.05
DABUR,DABUREQN,392.2,393.5,393.5,1.3,0.33,2433,957385,577.0,386.05
EPL,EPLEQN,254.26,255.1,255.1,0.84,0.33,727,185457,274.03,176.4
GRSE,GRSEEQN,2630.3,2639.0,2639.0,8.7,0.33,1593,4203927,3339.0,1963.7
TORNTPOWER,TORNTPOWEREQN,1258.4,1262.5,1262.5,4.1,0.33,227,286587,1824.1,1188.0
GLAND,GLANDEQN,2903.2,2912.9,2912.9,9.7,0.33,228,664141,3039.8,1573.6
SFL,SFLEQN,648.05,650.2,650.2,2.15,0.33,94,61118,832.45,456.8
NMDC,NMDCEQN,88.21,88.5,88.5,0.29,0.33,97562,8634237,97.49,68.19
BCG,BCGEQN,9.07,9.1,9.1,0.03,0.33,54412,495149,16.72,7.7
SCI,SCIEQN,288.5,289.45,289.45,0.95,0.33,5764,1668389,368.75,195.55
LLOYDSENGG,LLOYDSENGGEQN,88.51,88.8,88.8,0.29,0.33,19289,1712863,99.75,37.4
GLOTTIS,GLOTTISEQN,65.77,65.99,65.99,0.22,0.33,1,65,93.0,37.0
PARAS,PARASEQN,1492.7,1497.5,1497.5,4.8,0.32,7226,10820935,1585.0,580.5
INDOWIND,INDOWINDEQN,9.34,9.37,9.37,0.03,0.32,7,65,18.94,7.0
ZOTA,ZOTAEQN,1077.1,1080.6,1080.6,3.5,0.32,47,50788,1740.0,1026.2
GLOBAL,GLOBALEQN,111.06,111.41,111.41,0.35,0.32,1,111,121.9,55.3
CUPID,CUPIDEQN,283.99,284.89,284.89,0.9,0.32,33741,9612473,299.0,32.87
DCBBANK,DCBBANKEQN,213.83,214.5,214.5,0.67,0.31,6954,1491633,220.5,119.51
IRB,IRBEQN,19.46,19.52,19.52,0.06,0.31,82492,1610243,23.95,18.76
GOLDIAM,GOLDIAMEQN,357.05,358.15,358.15,1.1,0.31,137,49066,398.2,198.75
VISL,VISLEQN,38.78,38.9,38.9,0.12,0.31,365271,14209041,44.78,19.06
SONATSOFTW,SONATSOFTWEQN,299.45,300.35,300.35,0.9,0.3,867,260403,421.5,207.15
RRKABEL,RRKABELEQN,2810.6,2819.0,2819.0,8.4,0.3,600,1691400,2983.8,1165.0
IOB,IOBEQN,33.1,33.2,33.2,0.1,0.3,5294,175760,41.8,31.2
MAXESTATES,MAXESTATESEQN,558.05,559.7,559.7,1.65,0.3,262,146641,579.0,305.45
PFIZER,PFIZEREQN,4802.5,4816.9,4816.9,14.4,0.3,42,202309,5578.5,4360.1
ASIANENE,ASIANENEEQN,478.55,480.0,480.0,1.45,0.3,883,423840,498.0,230.0
UJJIVANSFB,UJJIVANSFBEQN,68.99,69.2,69.2,0.21,0.3,23569,1630974,73.94,41.95
SAGILITY,SAGILITYEQN,44.0,44.13,44.13,0.13,0.3,52984,2338183,57.89,35.83
PIRAMALFIN,PIRAMALFINEQN,2221.4,2228.0,2228.0,6.6,0.3,313,697364,2252.2,1260.0
ALEMBICLTD,ALEMBICLTDEQN,98.7,99.0,99.0,0.3,0.3,13025,1289475,108.5,70.46
PPLPHARMA,PPLPHARMAEQN,211.29,211.9,211.9,0.61,0.29,6989,1480969,220.36,132.3
TEJASNET,TEJASNETEQN,505.05,506.5,506.5,1.45,0.29,3022,1530643,644.75,294.0
LTF,LTFEQN,322.2,323.15,323.15,0.95,0.29,3571,1153968,338.6,215.26
PNCINFRA,PNCINFRAEQN,201.32,201.9,201.9,0.58,0.29,617,124572,325.0,158.17
MARKSANS,MARKSANSEQN,331.05,332.0,332.0,0.95,0.29,7399,2456468,345.5,155.0
RECLTD,RECLTDEQN,322.2,323.15,323.15,0.95,0.29,6471,2091103,390.5,304.05
KRONOX,KRONOXBEN,195.44,196.0,196.0,0.56,0.29,2402,470792,223.42,96.0
BANDHANBNK,BANDHANBNKEQN,173.5,174.0,174.0,0.5,0.29,5176,900624,220.76,134.25
SAKAR,SAKAREQN,901.4,904.0,904.0,2.6,0.29,51,46104,980.0,321.05
NILAINFRA,NILAINFRAEQN,6.97,6.99,6.99,0.02,0.29,314,2194,11.55,5.9
VEDPOWER,VEDPOWEREQN,37.49,37.6,37.6,0.11,0.29,93162,3502891,49.88,33.06
MAHSCOOTER,MAHSCOOTEREQN,13662.0,13700.0,13700.0,38.0,0.28,20,274000,18538.0,10901.0
SOLARA,SOLARAEQN,617.3,619.05,619.05,1.75,0.28,190,117619,712.0,422.0
YATHARTH,YATHARTHEQN,965.3,968.0,968.0,2.7,0.28,2765,2676520,982.0,538.25
KAJARIACER,KAJARIACEREQN,1209.5,1212.9,1212.9,3.4,0.28,33,40025,1293.8,869.6
OBEROIRLTY,OBEROIRLTYEQN,1870.0,1875.2,1875.2,5.2,0.28,237,444422,1986.1,1391.2
NOVAAGRI,NOVAAGRIBEN,24.91,24.98,24.98,0.07,0.28,456,11390,53.7,18.12
ORIENTCEM,ORIENTCEMEQN,134.48,134.86,134.86,0.38,0.28,282,38030,238.07,122.32
3BBLACKBIO,3BBLACKBIOEQN,1306.3,1310.0,1310.0,3.7,0.28,10,13100,1441.5,1085.0
NIRAJ,NIRAJEQN,29.12,29.2,29.2,0.08,0.27,1,29,51.98,20.15
DHANBANK,DHANBANKEQN,33.21,33.3,33.3,0.09,0.27,1205,40126,36.85,19.45
GRWRHITECH,GRWRHITECHEQN,7115.5,7134.5,7134.5,19.0,0.27,32,228304,7990.0,2681.0
CAMS,CAMSEQN,746.0,748.0,748.0,2.0,0.27,1346,1006808,844.9,611.4
OLECTRA,OLECTRAEQN,1326.4,1330.0,1330.0,3.6,0.27,1162,1545460,1714.2,866.6
HONASA,HONASAEQN,475.5,476.8,476.8,1.3,0.27,563,268438,509.8,248.4
GARUDA,GARUDAEQN,183.22,183.7,183.7,0.48,0.26,1012,185904,249.3,130.0
TI,TIEQN,560.9,562.35,562.35,1.45,0.26,1718,966117,594.55,381.55
COLPAL,COLPALEQN,1860.0,1864.8,1864.8,4.8,0.26,297,553845,2504.0,1782.0
WABAG,WABAGEQN,2155.3,2161.0,2161.0,5.7,0.26,3612,7805532,2253.5,1033.0
TATATECH,TATATECHEQN,793.5,795.55,795.55,2.05,0.26,2147,1708045,891.0,507.4
SERVOTECH,SERVOTECHEQN,81.44,81.65,81.65,0.21,0.26,1274,104022,143.0,57.51
CYIENTDLM,CYIENTDLMEQN,797.9,800.0,800.0,2.1,0.26,2284,1827200,814.25,265.2
BAYERCROP,BAYERCROPEQN,4089.3,4100.0,4100.0,10.7,0.26,19,77900,5525.0,4030.0
PAYTM,PAYTMEQN,1716.0,1720.4,1720.4,4.4,0.26,4259,7327183,1732.3,930.6
IDBI,IDBIEQN,94.75,95.0,95.0,0.25,0.26,124772,11853340,118.38,61.01
VESUVIUS,VESUVIUSEQN,422.9,424.0,424.0,1.1,0.26,2,848,607.9,420.35
COFORGE,COFORGEEQN,1880.0,1884.9,1884.9,4.9,0.26,4978,9383032,1989.7,1008.1
GEOJITFSL,GEOJITFSLEQN,80.86,81.07,81.07,0.21,0.26,826,66963,85.39,50.86
GENUSPOWER,GENUSPOWEREQN,341.1,342.0,342.0,0.9,0.26,4732,1618344,363.0,210.4
FORCEMOT,FORCEMOTEQN,17450.0,17495.0,17495.0,45.0,0.26,183,3201585,26450.0,14911.0
JKCEMENT,JKCEMENTEQN,5277.0,5290.0,5290.0,13.0,0.25,14,74060,7124.5,4671.5
GOACARBON,GOACARBONEQN,358.1,359.0,359.0,0.9,0.25,5,1795,494.9,272.85
RAMCOCEM,RAMCOCEMEQN,940.65,943.0,943.0,2.35,0.25,354,333822,1214.5,838.3
HEXT,HEXTEQN,554.95,556.3,556.3,1.35,0.24,185,102915,828.85,400.2
LALPATHLAB,LALPATHLABEQN,1937.3,1942.0,1942.0,4.7,0.24,93,180606,1988.9,1272.6
DHANUKA,DHANUKAEQN,985.2,987.6,987.6,2.4,0.24,11,10863,1654.4,889.6
JPPOWER,JPPOWEREQN,16.98,17.02,17.02,0.04,0.24,97626,1661594,24.5,13.15
MASTEK,MASTEKEQN,1644.5,1648.5,1648.5,4.0,0.24,129,212656,2614.0,1334.2
ASTRAZEN,ASTRAZENEQN,7153.0,7170.0,7170.0,17.0,0.24,12,86040,9849.5,7070.0
INTELLECT,INTELLECTEQN,684.0,685.65,685.65,1.65,0.24,78,53480,1244.6,595.2
LATENTVIEW,LATENTVIEWEQN,273.7,274.35,274.35,0.65,0.24,1479,405763,517.5,248.0
TTML,TTMLEQN,37.41,37.5,37.5,0.09,0.24,13050,489375,60.62,31.22
LODHA,LODHAEQN,1265.0,1268.0,1268.0,3.0,0.24,7265,9212020,1344.95,650.8
MANORAMA,MANORAMAEQN,1896.9,1901.5,1901.5,4.6,0.24,258,490587,2043.0,1060.6
CRAFTSMAN,CRAFTSMANEQN,10539.0,10564.5,10564.5,25.5,0.24,23,242983,10960.0,6324.0
NOIDATOLL,NOIDATOLLEQN,4.13,4.14,4.14,0.01,0.24,839,3473,7.43,2.87
PONNIERODE,PONNIERODEEQN,391.05,392.0,392.0,0.95,0.24,33,12936,455.0,252.4
ORIENTBELL,ORIENTBELLEQN,378.2,379.1,379.1,0.9,0.24,126,47766,388.0,238.75
FEDDERSHOL,FEDDERSHOLEQN,42.5,42.6,42.6,0.1,0.24,134,5708,53.49,32.06
WINDMACHIN,WINDMACHINEQN,309.15,309.9,309.9,0.75,0.24,157,48654,343.9,200.65
LAURUSLABS,LAURUSLABSEQN,1887.0,1891.3,1891.3,4.3,0.23,14598,27609197,1930.0,823.1
ELGIEQUIP,ELGIEQUIPEQN,617.55,618.95,618.95,1.4,0.23,1017,629472,644.0,408.25
GICRE,GICREEQN,349.75,350.55,350.55,0.8,0.23,1241,435032,417.95,346.7
REDINGTON,REDINGTONEQN,354.2,355.0,355.0,0.8,0.23,10805,3835775,370.8,191.31
VIYASH,VIYASHEQN,263.4,264.0,264.0,0.6,0.23,90014,23763696,298.0,167.95
TNPL,TNPLEQN,140.67,141.0,141.0,0.33,0.23,17,2397,175.75,121.51
SEDEMAC,SEDEMACEQN,3065.0,3071.9,3071.9,6.9,0.23,194,595948,3368.9,1413.1
MOSCHIP,MOSCHIPEQN,205.54,206.0,206.0,0.46,0.22,8675,1787050,288.45,146.8
SIRCA,SIRCAEQN,436.05,437.0,437.0,0.95,0.22,755,329935,539.0,385.0
PNGJL,PNGJLEQN,595.7,597.0,597.0,1.3,0.22,316,188652,736.4,503.0
BAJAJ-AUTO,BAJAJ-AUTOEQN,11724.0,11750.0,11750.0,26.0,0.22,348,4089000,11927.0,8491.5
DELHIVERY,DELHIVERYEQN,449.0,450.0,450.0,1.0,0.22,1515,681750,524.0,374.45
NACLIND,NACLINDEQN,177.61,178.0,178.0,0.39,0.22,803,142934,262.2,112.62
STALLION,STALLIONBEN,224.0,224.5,224.5,0.5,0.22,255,57247,359.15,99.32
DIVISLAB,DIVISLABEQN,9025.0,9045.0,9045.0,20.0,0.22,3094,27985230,9150.0,5636.5
HARDWYN,HARDWYNEQN,9.03,9.05,9.05,0.02,0.22,7970,72128,20.2,7.76
SUNSHINE,SUNSHINEEQN,367.2,368.0,368.0,0.8,0.22,11742,4321056,395.9,363.6
NIBE,NIBEEQN,1392.2,1395.1,1395.1,2.9,0.21,25,34877,1848.0,809.6
CHOLAFIN,CHOLAFINEQN,1868.1,1872.0,1872.0,3.9,0.21,1901,3558672,1952.5,1299.4
DCW,DCWEQN,46.78,46.88,46.88,0.1,0.21,2358,110543,78.21,37.11
BHARATRAS,BHARATRASEQN,1278.4,1281.0,1281.0,2.6,0.2,25,32025,2987.5,1203.0
GULPOLY,GULPOLYEQN,194.56,194.95,194.95,0.39,0.2,315,61409,227.63,121.5
NITINSPIN,NITINSPINEQN,627.0,628.25,628.25,1.25,0.2,175,109943,647.85,302.2
BLUESTARCO,BLUESTARCOEQN,1485.0,1488.0,1488.0,3.0,0.2,147,218736,2040.0,1450.0
SIYSIL,SIYSILEQN,570.9,572.05,572.05,1.15,0.2,55,31462,848.8,433.35
PRAJIND,PRAJINDEQN,350.25,350.95,350.95,0.7,0.2,1277,448163,433.0,273.0
CANTABIL,CANTABILEQN,246.5,247.0,247.0,0.5,0.2,100,24700,321.5,208.5
ONEPOINT,ONEPOINTEQN,55.51,55.62,55.62,0.11,0.2,3589,199620,65.85,40.58
BATAINDIA,BATAINDIAEQN,685.55,686.95,686.95,1.4,0.2,98,67321,1282.5,605.0
TNPETRO,TNPETROEQN,113.27,113.5,113.5,0.23,0.2,434,49259,129.89,78.67
KABRAEXTRU,KABRAEXTRUEQN,601.65,602.85,602.85,1.2,0.2,123,74150,625.15,180.0
HPAL,HPALEQN,34.72,34.79,34.79,0.07,0.2,15,521,53.0,26.52
IZMO,IZMOEQN,856.85,858.55,858.55,1.7,0.2,42,36059,1374.7,562.0
ADVENZYMES,ADVENZYMESEQN,297.2,297.8,297.8,0.6,0.2,290,86362,419.0,251.95
HAZOOR,HAZOOREQN,20.36,20.4,20.4,0.04,0.2,1004,20481,22.2,17.44
ADSL,ADSLEQN,109.48,109.7,109.7,0.22,0.2,780,85566,209.53,86.27
MOBIKWIK,MOBIKWIKEQN,194.88,195.25,195.25,0.37,0.19,2317,452394,334.0,151.46
TVSELECT,TVSELECTEQN,443.15,444.0,444.0,0.85,0.19,11,4884,739.35,336.2
AMBUJACEM,AMBUJACEMEQN,419.2,420.0,420.0,0.8,0.19,2499,1049580,600.8,394.0
HMAAGRO,HMAAGROEQN,20.96,21.0,21.0,0.04,0.19,1493,31353,34.24,20.0
RIIT,RIITIVN,121.77,122.0,122.0,0.23,0.19,20,2440,127.0,105.3
STCINDIA,STCINDIAEQN,118.29,118.51,118.51,0.22,0.19,775,91845,150.7,97.04
EDELWEISS,EDELWEISSEQN,127.47,127.7,127.7,0.23,0.18,4199,536212,133.9,98.0
SKFINDUS,SKFINDUSEQN,2864.8,2870.0,2870.0,5.2,0.18,22,63140,3041.0,1994.1
HEG,HEGEQN,713.55,714.8,714.8,1.25,0.18,1004,717659,749.0,459.8
HIKAL,HIKALEQN,207.63,208.0,208.0,0.37,0.18,115,23920,282.7,146.25
NOCIL,NOCILEQN,165.1,165.4,165.4,0.3,0.18,348,57559,204.5,125.31
GODREJIND,GODREJINDEQN,1138.0,1140.0,1140.0,2.0,0.18,138,157320,1443.0,744.2
RICOAUTO,RICOAUTOEQN,130.76,131.0,131.0,0.24,0.18,751,98381,157.99,78.92
BMWVENTLTD,BMWVENTLTDEQN,56.9,57.0,57.0,0.1,0.18,320,18240,78.0,48.0
HITECHGEAR,HITECHGEARBEN,541.0,542.0,542.0,1.0,0.18,1,542,897.45,521.25
CMPDI,CMPDIEQN,231.79,232.2,232.2,0.41,0.18,1201,278872,283.69,150.16
OMINFRAL,OMINFRALEQN,82.1,82.24,82.24,0.14,0.17,130,10691,144.0,71.5
JNKINDIA,JNKINDIAEQN,453.25,454.0,454.0,0.75,0.17,140,63560,558.0,200.92
SPARC,SPARCEQN,194.36,194.69,194.69,0.33,0.17,617,120123,289.0,108.0
SIEMENS,SIEMENSEQN,4043.0,4050.0,4050.0,7.0,0.17,473,1915650,4149.4,2826.0
STOVEKRAFT,STOVEKRAFTEQN,816.6,818.0,818.0,1.4,0.17,585,478530,849.8,447.05
PRECWIRE,PRECWIREEQN,432.25,433.0,433.0,0.75,0.17,1526,660758,474.9,170.15
EFCIL,EFCILEQN,205.74,206.1,206.1,0.36,0.17,672,138499,335.29,171.42
VIKRAMSOLR,VIKRAMSOLREQN,171.85,172.14,172.14,0.29,0.17,4188,720922,407.95,155.38
RAMCOIND,RAMCOINDEQN,349.65,350.25,350.25,0.6,0.17,119,41679,398.05,230.65
SHANKESH,SHANKESHEQN,93.74,93.9,93.9,0.16,0.17,35423,3326219,111.0,89.01
ENGINERSIN,ENGINERSINEQN,250.36,250.75,250.75,0.39,0.16,5505,1380378,267.0,163.55
MAHABANK,MAHABANKEQN,85.6,85.74,85.74,0.14,0.16,97176,8331870,94.5,51.71
BOMDYEING,BOMDYEINGEQN,111.22,111.4,111.4,0.18,0.16,1288,143483,195.45,92.0
CIPLA,CIPLAEQN,1402.7,1405.0,1405.0,2.3,0.16,1290,1812450,1673.0,1165.7
SAREGAMA,SAREGAMAEQN,497.55,498.35,498.35,0.8,0.16,107,53323,574.5,307.05
JAINREC,JAINRECEQN,289.1,289.55,289.55,0.45,0.16,3369,975493,593.95,247.57
ALIVUS,ALIVUSEQN,1360.8,1362.9,1362.9,2.1,0.15,22,29983,1418.0,819.0
5PAISA,5PAISAEQN,376.4,376.95,376.95,0.55,0.15,176,66343,416.95,245.5
RELAXO,RELAXOEQN,367.4,367.95,367.95,0.55,0.15,489,179927,526.0,236.5
GMRP&UI,GMRP&UIEQN,95.06,95.2,95.2,0.14,0.15,1227,116810,136.95,89.0
MAPMYINDIA,MAPMYINDIAEQN,1008.5,1010.0,1010.0,1.5,0.15,200,202000,1998.0,795.0
AARTECH,AARTECHBEN,47.92,47.99,47.99,0.07,0.15,210,10077,64.75,33.51
INDIASHLTR,INDIASHLTREQN,659.0,660.0,660.0,1.0,0.15,70,46200,968.75,640.0
AEROPLANE,AEROPLANEEQN,174.99,175.25,175.25,0.26,0.15,527,92356,206.9,117.02
SUPRIYA,SUPRIYAEQN,781.75,782.95,782.95,1.2,0.15,193,151109,1085.0,545.5
SHARDACROP,SHARDACROPEQN,795.8,796.9,796.9,1.1,0.14,284,226319,1297.0,755.55
NEWGEN,NEWGENEQN,524.35,525.1,525.1,0.75,0.14,1791,940454,1041.95,401.05
GESHIP,GESHIPEQN,1332.2,1334.0,1334.0,1.8,0.14,2855,3808570,1798.0,922.5
RAMKY,RAMKYEQN,366.2,366.7,366.7,0.5,0.14,80,29336,705.0,360.0
MUNJALAU,MUNJALAUEQN,114.87,115.03,115.03,0.16,0.14,1368,157361,130.6,67.2
PITTIENG,PITTIENGEQN,1123.45,1125.0,1125.0,1.55,0.14,652,733500,1168.0,675.0
EBGNG,EBGNGEQN,577.2,578.0,578.0,0.8,0.14,450,260100,689.5,239.0
INDHOTEL,INDHOTELEQN,721.0,722.0,722.0,1.0,0.14,863,623086,792.55,565.0
VINDHYATEL,VINDHYATELEQN,2396.7,2400.0,2400.0,3.3,0.14,12,28800,2600.0,963.9
HLEGLAS,HLEGLASEQN,313.45,313.9,313.9,0.45,0.14,67,21031,661.95,250.0
63MOONS,63MOONSEQN,777.55,778.6,778.6,1.05,0.14,133,103553,1007.7,467.0
ITDC,ITDCEQN,684.05,685.0,685.0,0.95,0.14,1006,689110,822.0,368.0
KMSUGAR,KMSUGAREQN,31.96,32.0,32.0,0.04,0.13,716,22912,36.5,23.0
RAYMONDLSL,RAYMONDLSLEQN,709.75,710.7,710.7,0.95,0.13,4,2842,1350.0,677.0
STARCEMENT,STARCEMENTEQN,191.16,191.4,191.4,0.24,0.13,451,86321,308.95,186.0
MANALIPETC,MANALIPETCEQN,74.26,74.36,74.36,0.1,0.13,1982,147381,78.72,39.13
SUZLON,SUZLONEQN,46.94,47.0,47.0,0.06,0.13,159462,7494714,61.5,38.19
HDFCBANK,HDFCBANKEQN,727.2,728.15,728.15,0.95,0.13,463560,337541214,1020.5,710.0
TATACHEM,TATACHEMEQN,637.65,638.45,638.45,0.8,0.13,902,575881,1026.65,580.3
ENDURANCE,ENDURANCEEQN,2986.0,2990.0,2990.0,4.0,0.13,200,598000,3079.9,2142.8
MIDHANI,MIDHANIEQN,424.45,425.0,425.0,0.55,0.13,1797,763725,456.6,266.65
LEMONTREE,LEMONTREEEQN,108.75,108.89,108.89,0.14,0.13,10452,1138118,180.68,99.61
SRIVASAVI,SRIVASAVISTN,76.5,76.6,76.6,0.1,0.13,1000,76600,98.0,39.0
GRAPHITE,GRAPHITEEQN,689.1,690.0,690.0,0.9,0.13,1464,1010160,802.4,505.8
CROMPTON,CROMPTONEQN,238.25,238.55,238.55,0.3,0.13,2932,699428,337.5,217.4
M&MFIN,M&MFINEQN,385.35,385.85,385.85,0.5,0.13,1292,498518,415.0,253.05
RAJPALAYAM,RAJPALAYAMEQN,826.9,828.0,828.0,1.1,0.13,8,6624,875.0,745.0
RPPINFRA,RPPINFRAEQN,57.18,57.25,57.25,0.07,0.12,50,2862,169.9,55.04
CARRARO,CARRAROEQN,538.1,538.75,538.75,0.65,0.12,208,112060,667.55,407.4
NTPC,NTPCEQN,334.6,335.0,335.0,0.4,0.12,25643,8590405,414.4,315.55
GODIGIT,GODIGITEQN,259.1,259.4,259.4,0.3,0.12,17,4409,381.4,244.2
SCHNEIDER,SCHNEIDEREQN,1174.4,1175.8,1175.8,1.4,0.12,206,242214,1548.0,571.85
AJMERA,AJMERAEQN,117.86,118.0,118.0,0.14,0.12,760,89680,221.4,98.03
IGARASHI,IGARASHIEQN,426.5,427.0,427.0,0.5,0.12,100,42700,558.0,271.05
BEPL,BEPLEQN,128.35,128.5,128.5,0.15,0.12,2262,290667,138.5,74.2
BHEL,BHELEQN,415.5,416.0,416.0,0.5,0.12,5637,2344992,446.5,205.12
HCG,HCGEQN,706.15,707.0,707.0,0.85,0.12,72,50904,796.68,513.3
DEVIT,DEVITEQN,25.46,25.49,25.49,0.03,0.12,20,509,47.99,22.25
IPCALAB,IPCALABEQN,1952.4,1954.8,1954.8,2.4,0.12,772,1509105,1992.0,1251.6
CHAMBLFERT,CHAMBLFERTEQN,427.55,428.05,428.05,0.5,0.12,633,270955,580.7,399.75
JSWENERGY,JSWENERGYEQN,543.5,544.15,544.15,0.65,0.12,4030,2192924,617.35,427.75
ENRIN,ENRINEQN,3325.9,3330.0,3330.0,4.1,0.12,1092,3636360,3968.0,2115.0
RUSHIL,RUSHILEQN,16.8,16.82,16.82,0.02,0.12,573,9637,33.99,12.49
TRANSRAILL,TRANSRAILLEQN,462.25,462.75,462.75,0.5,0.11,1082,500695,823.0,450.05
PREMEXPLN,PREMEXPLNEQN,671.2,671.95,671.95,0.75,0.11,144,96760,829.8,378.4
ZEEMEDIA,ZEEMEDIAEQN,8.92,8.93,8.93,0.01,0.11,3822,34130,13.26,6.65
SPAL,SPALEQN,949.7,950.7,950.7,1.0,0.11,28,26619,1221.9,600.0
JAMNAAUTO,JAMNAAUTOEQN,120.96,121.09,121.09,0.13,0.11,2563,310353,152.6,89.74
MAXHEALTH,MAXHEALTHEQN,1005.0,1006.1,1006.1,1.1,0.11,4096,4120985,1221.9,903.0
TRITURBINE,TRITURBINEEQN,574.4,575.05,575.05,0.65,0.11,320,184016,787.6,428.35
SANDUMA,SANDUMAEQN,209.67,209.9,209.9,0.23,0.11,2182,458001,273.0,141.37
SEAMECLTD,SEAMECLTDEQN,1658.1,1660.0,1660.0,1.9,0.11,19,31540,1719.9,771.75
J&KBANK,J&KBANKEQN,152.04,152.2,152.2,0.16,0.11,5872,893718,201.75,97.35
ROUTE,ROUTEEQN,523.45,524.0,524.0,0.55,0.11,168,88032,890.4,410.7
TVSMOTOR,TVSMOTOREQN,4464.0,4469.0,4469.0,5.0,0.11,3321,14841549,4484.5,3228.0
ALGOQUANT,ALGOQUANTEQN,64.98,65.05,65.05,0.07,0.11,1550,100827,71.01,47.8
WAAREEENER,WAAREEENEREQN,2635.0,2637.6,2637.6,2.6,0.1,1413,3726928,3865.0,2403.0
V2RETAIL,V2RETAILEQN,219.79,220.0,220.0,0.21,0.1,690,151800,259.25,158.56
ESCORTS,ESCORTSEQN,3067.0,3070.0,3070.0,3.0,0.1,15,46050,4180.0,2700.0
BHARATWIRE,BHARATWIREEQN,186.06,186.25,186.25,0.19,0.1,100,18625,262.0,148.01
CUBEXTUB,CUBEXTUBEQN,77.87,77.95,77.95,0.08,0.1,154,12004,143.69,73.1
PHOENIXLTD,PHOENIXLTDEQN,1924.1,1926.0,1926.0,1.9,0.1,48,92448,2169.8,1465.6
GREENPOWER,GREENPOWEREQN,9.53,9.54,9.54,0.01,0.1,9238,88130,14.93,7.98
PAKKA,PAKKAEQN,80.52,80.6,80.6,0.08,0.1,321,25872,178.84,69.1
BOSCHLTD,BOSCHLTDEQN,48895.0,48945.0,48945.0,50.0,0.1,32,1566240,49190.0,28610.0
VISHNU,VISHNUEQN,639.8,640.45,640.45,0.65,0.1,36,23056,670.0,443.7
AEGISLOG,AEGISLOGEQN,1331.7,1333.0,1333.0,1.3,0.1,1303,1736899,1497.8,576.1
DHOOTTRANS,DHOOTTRANSEQN,1575.55,1569.0,1577.05,1.5,0.1,6539,0,1665.2,1131.0
NTPCGREEN,NTPCGREENEQN,91.27,91.35,91.35,0.08,0.09,3271,298805,119.95,84.0
ASTEC,ASTECEQN,593.5,594.05,594.05,0.55,0.09,18,10692,941.75,513.4
ICIL,ICILEQN,425.6,426.0,426.0,0.4,0.09,693,295218,463.8,216.9
SHOPERSTOP,SHOPERSTOPEQN,386.0,386.35,386.35,0.35,0.09,5,1931,572.0,275.95
YESBANK,YESBANKEQN,22.38,22.4,22.4,0.02,0.09,315759,7073001,25.78,17.2
GPIL,GPILEQN,245.83,246.05,246.05,0.22,0.09,579,142462,320.0,221.21
INGERRAND,INGERRANDEQN,4576.7,4581.0,4581.0,4.3,0.09,4,18324,4768.7,3063.3
BRITANNIA,BRITANNIAEQN,5310.0,5315.0,5315.0,5.0,0.09,321,1706115,6336.0,5035.0
INDIGO,INDIGOEQN,5250.5,5255.0,5255.0,4.5,0.09,1670,8775850,6101.5,3895.2
BLISSGVS,BLISSGVSBEN,570.5,571.0,571.0,0.5,0.09,370,211270,602.45,118.0
BBOX,BBOXEQN,754.8,755.4,755.4,0.6,0.08,539,407160,1103.0,435.05
ATULAUTO,ATULAUTOEQN,487.5,487.9,487.9,0.4,0.08,242,118071,596.55,380.05
RADICO,RADICOEQN,4614.0,4617.9,4617.9,3.9,0.08,172,794278,4747.0,2500.0
MBAPL,MBAPLEQN,167.07,167.2,167.2,0.13,0.08,951,159007,174.94,74.63
SJS,SJSEQN,2485.9,2488.0,2488.0,2.1,0.08,325,808600,2590.0,1285.9
TRIVENI,TRIVENIEQN,285.76,286.0,286.0,0.24,0.08,1613,461318,490.1,220.05
KIMS,KIMSEQN,756.1,756.7,756.7,0.6,0.08,292,220956,858.0,575.8
AEROFLEX,AEROFLEXEQN,536.35,536.8,536.8,0.45,0.08,11928,6402950,542.0,158.0
BHAGYANGR,BHAGYANGREQN,384.75,385.05,385.05,0.3,0.08,155,59682,432.3,86.0
CANHLIFE,CANHLIFEEQN,153.88,154.0,154.0,0.12,0.08,468,72072,166.69,106.0
ITCHOTELS,ITCHOTELSEQN,166.67,166.78,166.78,0.11,0.07,3367,561548,253.67,137.3
RTNINDIA,RTNINDIAEQN,30.22,30.24,30.24,0.02,0.07,5936,179504,64.0,24.4
TSFINV,TSFINVEQN,410.65,410.95,410.95,0.3,0.07,52,21369,701.5,331.7
TCPLPACK,TCPLPACKEQN,3877.1,3880.0,3880.0,2.9,0.07,3,11640,4410.9,2200.0
DIGITIDE,DIGITIDEEQN,101.83,101.9,101.9,0.07,0.07,106,10801,209.69,69.9
GANESHHOU,GANESHHOUEQN,813.4,814.0,814.0,0.6,0.07,58,47212,907.1,500.0
PANACEABIO,PANACEABIOEQN,397.95,398.2,398.2,0.25,0.06,94,37430,647.0,292.4
THANGAMAYL,THANGAMAYLEQN,5495.5,5499.0,5499.0,3.5,0.06,325,1787175,7430.0,1939.5
VHL,VHLEQN,3428.9,3431.0,3431.0,2.1,0.06,1,3431,4275.0,2870.0
UNIECOM,UNIECOMEQN,85.4,85.45,85.45,0.05,0.06,84,7177,155.8,78.51
SUBEXLTD,SUBEXLTDEQN,17.62,17.63,17.63,0.01,0.06,4569,80551,19.39,6.61
MARSONS,MARSONSEQN,123.58,123.65,123.65,0.07,0.06,2027,250638,175.4,100.25
MRF,MRFEQN,133520.0,133600.0,133600.0,80.0,0.06,8,1068800,163600.0,122000.0
VENKEYS,VENKEYSEQN,1597.0,1598.0,1598.0,1.0,0.06,181,289238,1800.0,1165.0
EPIGRAL,EPIGRALEQN,1249.2,1250.0,1250.0,0.8,0.06,106,132500,1844.8,807.0
HMT,HMTBZN,67.21,67.25,67.25,0.04,0.06,1360,91460,72.95,41.0
REPCOHOME,REPCOHOMEEQN,362.3,362.5,362.5,0.2,0.06,500,181250,455.9,333.6
WOCKPHARMA,WOCKPHARMAEQN,1882.1,1883.1,1883.1,1.0,0.05,243,457593,2422.3,1086.7
SKYGOLD,SKYGOLDEQN,848.1,848.5,848.5,0.4,0.05,1546,1311781,868.8,259.0
VARROC,VARROCEQN,812.15,812.55,812.55,0.4,0.05,135,109694,874.85,462.0
PROTEAN,PROTEANEQN,565.7,566.0,566.0,0.3,0.05,846,478836,945.5,444.0
SBILIFE,SBILIFEEQN,1768.2,1769.0,1769.0,0.8,0.05,3038,5374222,2132.0,1700.4
ARFIN,ARFINEQN,84.21,84.25,84.25,0.04,0.05,16,1348,106.2,32.0
LIKHITHA,LIKHITHAEQN,210.89,211.0,211.0,0.11,0.05,31,6541,272.0,131.45
POLYMED,POLYMEDEQN,1711.2,1712.0,1712.0,0.8,0.05,139,237968,2144.9,1182.0
JINDALSTEL,JINDALSTELEQN,1175.4,1176.0,1176.0,0.6,0.05,1467,1725192,1306.2,943.3
AWL,AWLEQN,201.9,202.0,202.0,0.1,0.05,3023,610646,282.9,171.19
BHARATFORG,BHARATFORGEQN,2005.0,2006.0,2006.0,1.0,0.05,498,998988,2295.0,1100.5
MHRIL,MHRILEQN,218.19,218.3,218.3,0.11,0.05,8,1746,368.9,207.9
ASTERDM,ASTERDMEQN,762.1,762.5,762.5,0.4,0.05,1057,805962,891.3,519.1
FRACTAL,FRACTALEQN,829.55,830.0,830.0,0.45,0.05,557,462310,1118.0,733.7
ARDEE,ARDEEEQN,55.92,55.95,55.95,0.03,0.05,13355,747212,73.19,55.66
ATLANTAELE,ATLANTAELEEQN,1725.1,1725.9,1725.9,0.8,0.05,187,322743,2152.6,707.6
AURIONPRO,AURIONPROEQN,700.7,701.05,701.05,0.35,0.05,119,83424,1348.4,680.15
KENNAMET,KENNAMETEQN,4325.5,4327.7,4327.7,2.2,0.05,102,441425,4555.0,2405.2
INDGN,INDGNEQN,569.7,570.0,570.0,0.3,0.05,313,178410,596.8,414.0
UDS,UDSEQN,222.07,222.15,222.15,0.08,0.04,200,44430,264.67,125.1
PLATIND,PLATINDEQN,218.31,218.39,218.39,0.08,0.04,144,31448,342.4,183.5
MOIL,MOILEQN,268.3,268.4,268.4,0.1,0.04,4159,1116275,404.9,242.35
PRICOLLTD,PRICOLLTDEQN,780.7,781.0,781.0,0.3,0.04,695,542795,823.0,445.8
TECHM,TECHMEQN,1571.0,1571.6,1571.6,0.6,0.04,3680,5783488,1854.0,1304.1
TRIDENT,TRIDENTEQN,24.44,24.45,24.45,0.01,0.04,14503,354598,30.94,21.98
THERMAX,THERMAXEQN,3968.5,3970.0,3970.0,1.5,0.04,73,289810,5277.8,2742.7
APTECHT,APTECHTBEN,91.51,91.55,91.55,0.04,0.04,205,18767,144.3,69.1
DRAGARWQ,DRAGARWQEQN,5246.0,5248.0,5248.0,2.0,0.04,1,5248,6059.7,4600.0
NBCC,NBCCEQN,89.21,89.25,89.25,0.04,0.04,9987,891339,125.85,77.18
ARVSMART,ARVSMARTEQN,670.7,671.0,671.0,0.3,0.04,128,85888,707.85,486.8
JSWINFRA,JSWINFRAEQN,344.95,345.05,345.05,0.1,0.03,3615,1247355,355.8,233.42
BANKINDIA,BANKINDIAEQN,145.95,146.0,146.0,0.05,0.03,19951,2912846,178.36,109.85
PAISALO,PAISALOEQN,68.04,68.06,68.06,0.02,0.03,2820,191929,77.39,29.86
HAPPSTMNDS,HAPPSTMNDSEQN,447.85,448.0,448.0,0.15,0.03,6275,2811200,596.0,330.2
ICRA,ICRAEQN,4907.8,4909.2,4909.2,1.4,0.03,9,44182,6982.0,4692.0
AUROPHARMA,AUROPHARMAEQN,1623.0,1623.5,1623.5,0.5,0.03,310,503285,1682.4,1016.1
PATELENG,PATELENGEQN,28.64,28.65,28.65,0.01,0.03,8430,241519,41.13,22.0
STEELCITY,STEELCITYEQN,87.87,87.9,87.9,0.03,0.03,10,879,106.8,71.26
EXCELSOFT,EXCELSOFTEQN,70.5,70.52,70.52,0.02,0.03,125,8815,142.59,66.4
MENNPIS,MENNPISEQN,69.89,69.91,69.91,0.02,0.03,50,3495,82.0,52.35
CEATLTD,CEATLTDEQN,3584.3,3585.2,3585.2,0.9,0.03,51,182845,4438.0,3000.5
NAVA,NAVAEQN,567.95,568.1,568.1,0.15,0.03,144,81806,739.4,501.65
PARKHOSPS,PARKHOSPSEQN,289.2,289.3,289.3,0.1,0.03,655,189491,305.0,138.1
SUNSHIEL,SUNSHIELEQN,1188.7,1189.0,1189.0,0.3,0.03,49,58261,1280.0,1131.3
NFL,NFLEQN,71.8,71.82,71.82,0.02,0.03,3805,273275,102.97,63.35
HOMEFIRST,HOMEFIRSTEQN,1183.7,1184.0,1184.0,0.3,0.03,36,42624,1341.5,893.7
ABFRL,ABFRLEQN,54.52,54.53,54.53,0.01,0.02,5277,287754,94.95,53.47
POWERMECH,POWERMECHEQN,2513.3,2513.9,2513.9,0.6,0.02,36,90500,3234.9,1717.7
SJVN,SJVNEQN,65.85,65.86,65.86,0.01,0.02,3558,234329,101.45,63.02
BBL,BBLEQN,2338.9,2339.3,2339.3,0.4,0.02,19,44446,3411.0,2051.7
TATASTEEL,TATASTEELEQN,188.01,188.05,188.05,0.04,0.02,156129,29360058,224.4,153.05
HDFCLIFE,HDFCLIFEEQN,553.0,553.1,553.1,0.1,0.02,12266,6784324,803.0,530.5
FIRSTCRY,FIRSTCRYEQN,191.96,192.0,192.0,0.04,0.02,1858,356736,438.7,187.55
CAMLINFINE,CAMLINFINEEQN,106.57,106.59,106.59,0.02,0.02,1836,195699,235.0,96.21
CORDSCABLE,CORDSCABLEBEN,248.95,249.0,249.0,0.05,0.02,45,11205,259.8,127.01
VTL,VTLEQN,602.9,603.0,603.0,0.1,0.02,155,93465,688.0,385.5
APLLTD,APLLTDEQN,824.8,825.0,825.0,0.2,0.02,109,89925,998.0,635.8
RCF,RCFEQN,122.33,122.36,122.36,0.03,0.02,2818,344810,164.49,106.0
DBL,DBLEQN,413.9,414.0,414.0,0.1,0.02,103,42642,585.0,381.55
JAICORPLTD,JAICORPLTDEQN,101.98,102.0,102.0,0.02,0.02,250,25500,178.24,88.0
BECTORFOOD,BECTORFOODEQN,243.24,243.3,243.3,0.06,0.02,2317,563726,299.0,165.0
COROMANDEL,COROMANDELEQN,1949.7,1950.0,1950.0,0.3,0.02,82,159900,2499.0,1706.5
ACI,ACIEQN,489.9,490.0,490.0,0.1,0.02,271,132790,726.0,482.3
JSL,JSLEQN,712.95,713.1,713.1,0.15,0.02,142,101260,884.0,652.25
IMFA,IMFAEQN,1380.5,1380.8,1380.8,0.3,0.02,138,190550,1679.9,837.3
YUKEN,YUKENEQN,938.85,939.0,939.0,0.15,0.02,25,23475,1035.0,584.1
TUTIALKA,TUTIALKAEQN,58.88,58.89,58.89,0.01,0.02,2,117,62.7,52.0
GUJENERGY,GUJENERGYEQN,253.95,254.0,254.0,0.05,0.02,5925,1504950,452.0,249.05
HBLENGINE,HBLENGINEEQN,683.9,684.0,684.0,0.1,0.01,2952,2019168,1122.0,613.0
FOCUS,FOCUSBEN,66.84,66.85,66.85,0.01,0.01,578,38639,99.9,57.06
QUESS,QUESSEQN,370.7,370.75,370.75,0.05,0.01,7182,2662726,376.5,166.3
VINCOFE,VINCOFEEQN,164.09,164.11,164.11,0.02,0.01,2455,402890,179.85,120.24
NIVABUPA,NIVABUPAEQN,82.17,82.18,82.18,0.01,0.01,400,32872,91.4,67.5
SHAKTIPUMP,SHAKTIPUMPEQN,490.35,490.4,490.4,0.05,0.01,449,220189,915.0,456.35
PAGEIND,PAGEINDEQN,35155.0,35160.0,35160.0,5.0,0.01,6,210960,46890.0,29805.0
PURVA,PURVAEQN,218.87,218.9,218.9,0.03,0.01,347,75958,305.0,160.69
BRIGADE,BRIGADEEQN,655.1,655.15,655.15,0.05,0.01,829,543119,802.01,450.75
HSCL,HSCLEQN,663.85,663.9,663.9,0.05,0.01,10842,7198003,819.5,418.5
RUPA,RUPAEQN,149.25,149.26,149.26,0.01,0.01,1178,175828,212.84,109.21
KPIL,KPILEQN,1391.3,1391.5,1391.5,0.2,0.01,34,47311,1479.6,1007.1
RBLBANK,RBLBANKEQN,382.5,382.55,382.55,0.05,0.01,621,237563,394.5,243.25
ABSLAMC,ABSLAMCEQN,1033.5,1033.6,1033.6,0.1,0.01,625,646000,1224.9,708.0
LUMAXTECH,LUMAXTECHEQN,1927.8,1927.9,1927.9,0.1,0.01,162,312319,2110.0,1024.6
HEMIPROP,HEMIPROPEQN,129.63,129.64,129.64,0.01,0.01,1151,149215,190.69,111.2
SAMHI,SAMHIEQN,159.1,159.11,159.11,0.01,0.01,601,95625,222.0,127.0
EXIDEIND,EXIDEINDEQN,444.0,444.05,444.05,0.05,0.01,2633,1169183,496.4,287.0
HGINFRA,HGINFRAEQN,501.9,501.95,501.95,0.05,0.01,207,103903,1049.95,429.5
MARICO,MARICOEQN,833.0,833.1,833.1,0.1,0.01,3397,2830040,889.1,690.3
POKARNA,POKARNAEQN,869.6,869.7,869.7,0.1,0.01,16,13915,1146.2,692.6
GOCLCORP,GOCLCORPEQN,397.4,397.45,397.45,0.05,0.01,137,54450,459.9,223.35
ACUTAAS,ACUTAASEQN,3257.8,3258.0,3258.0,0.2,0.01,157,511506,3740.0,1302.0
GUJTHEM,GUJTHEMEQN,420.75,420.8,420.8,0.05,0.01,677,284881,479.0,225.05
CESC,CESCEQN,153.33,153.35,153.35,0.02,0.01,2425,371873,204.5,138.12
AVADHSUGAR,AVADHSUGAREQN,813.7,813.8,813.8,0.1,0.01,295,240071,884.8,306.05
SPELS,SPELSEQN,143.61,143.62,143.62,0.01,0.01,371,53283,157.0,140.1
AERONEU,AERONEUEQN,82.14,82.15,82.15,0.01,0.01,77,6325,125.37,63.21
GTECJAINX,GTECJAINXBEN,29.52,29.52,29.52,0.0,0.0,5,147,38.35,15.54
VSTL,VSTLEQN,112.1,112.1,112.1,0.0,0.0,1,112,187.24,100.8
PRAKASHSTL,PRAKASHSTLEQN,3.87,3.87,3.87,0.0,0.0,208,804,6.57,3.82
MARUTI,MARUTIEQN,13520.0,13520.0,13520.0,0.0,0.0,1481,20023120,17370.0,12201.0
LAL,LALEQN,8.93,8.93,8.93,0.0,0.0,186,1660,12.77,5.56
AJAXENGG,AJAXENGGEQN,581.5,581.5,581.5,0.0,0.0,390,226785,728.5,394.8
KONSTELEC,KONSTELECSTN,61.5,61.5,61.5,0.0,0.0,17000,1045500,75.65,28.0
ORCHASP,ORCHASPEQN,1.39,1.39,1.39,0.0,0.0,1006,1398,4.16,1.25
INDOUS,INDOUSEQN,80.96,80.96,80.96,0.0,0.0,45,3643,159.0,74.98
PILANIINVS,PILANIINVSEQN,4424.9,4424.9,4424.9,0.0,0.0,1,4424,5980.0,4092.2
DIGIDRIVE,DIGIDRIVEEQN,17.95,17.95,17.95,0.0,0.0,4,71,34.37,16.1
TRAVELFOOD,TRAVELFOODEQN,1287.8,1287.8,1287.8,0.0,0.0,54,69541,1470.9,1035.3
LLOYDSENT,LLOYDSENTEQN,74.36,74.36,74.36,0.0,0.0,5988,445267,84.7,40.69
ANTGRAPHIC,ANTGRAPHICEQN,0.73,0.73,0.73,0.0,0.0,252,183,1.22,0.64
BLBLIMITED,BLBLIMITEDEQN,15.87,15.87,15.87,0.0,0.0,250,3967,22.47,12.0
KRITIKA,KRITIKAEQN,5.5,5.5,5.5,0.0,0.0,168,924,11.1,4.5
KEEPLEARN,KEEPLEARNEQN,1.98,1.98,1.98,0.0,0.0,105,207,3.21,1.51
ENERGYDEV,ENERGYDEVEQN,16.12,16.12,16.12,0.0,0.0,51,822,29.69,13.15
ESAFSFB,ESAFSFBBEN,44.16,44.16,44.16,0.0,0.0,1510,66681,44.8,19.78
DNAMEDIA,DNAMEDIAEQN,2.58,2.58,2.58,0.0,0.0,97,250,5.44,2.28
BAIDFIN,BAIDFINEQN,9.79,9.79,9.79,0.0,0.0,204,1997,12.98,8.8
GICL,GICLEQN,23.51,23.51,23.51,0.0,0.0,1,23,52.4,15.61
ABINFRA,ABINFRABEN,11.95,11.95,11.95,0.0,0.0,764,9129,23.56,8.82
LOVABLE,LOVABLEEQN,74.0,74.0,74.0,0.0,0.0,10,740,104.7,55.0
RPOWER,RPOWEREQN,22.7,22.7,22.7,0.0,0.0,53641,1217650,50.73,20.17
HDIL,HDILBZN,1.5,1.5,1.5,0.0,0.0,205,307,3.27,1.45
IKS,IKSEQN,1741.4,1741.4,1741.4,0.0,0.0,289,503264,1933.0,1262.0
STAR,STAREQN,982.9,982.9,982.9,0.0,0.0,284,279143,1231.0,768.65
NARMADA,NARMADAEQN,13.97,13.97,13.97,0.0,0.0,286,3995,22.59,9.95
INSECTICID,INSECTICIDEQN,579.5,579.5,579.5,0.0,0.0,30,17385,838.8,518.6
EIMCOELECO,EIMCOELECOEQN,2205.6,2205.6,2205.6,0.0,0.0,57,125719,2380.0,1405.5
IPL,IPLEQN,140.47,140.47,140.47,0.0,0.0,61,8568,240.25,125.0
NATIONALUM,NATIONALUMEQN,399.3,399.3,399.3,0.0,0.0,17314,6913480,445.15,183.86
SONACOMS,SONACOMSEQN,795.0,795.0,795.0,0.0,0.0,1598,1270410,844.0,402.3
CLSEL,CLSELEQN,313.2,313.2,313.2,0.0,0.0,739,231454,324.8,203.75
EVEREADY,EVEREADYEQN,345.65,345.65,345.65,0.0,0.0,57,19702,475.2,259.65
INOXGREEN,INOXGREENEQN,174.48,174.48,174.48,0.0,0.0,336,58625,279.0,132.58
ALICON,ALICONEQN,691.65,691.65,691.65,0.0,0.0,40,27666,1022.0,580.0
BALMLAWRIE,BALMLAWRIEEQN,176.72,176.72,176.72,0.0,0.0,25,4418,238.2,148.36
BBTCL,BBTCLEQN,233.07,233.07,233.07,0.0,0.0,1,233,262.0,156.0
TVTODAY,TVTODAYEQN,115.16,115.16,115.16,0.0,0.0,25,2879,156.48,93.5
KOTYARK,KOTYARKBEN,34.81,34.81,34.81,0.0,0.0,900,31329,45.5,17.38
EMUDHRA,EMUDHRAEQN,543.8,543.8,543.8,0.0,0.0,46,25014,746.3,364.55
PARASPETRO,PARASPETROEQN,2.3,2.3,2.3,0.0,0.0,227,522,3.23,1.53
AURUM,AURUMEQN,233.43,233.43,233.43,0.0,0.0,402,93838,264.64,151.9
MASTERTR,MASTERTREQN,84.96,84.96,84.96,0.0,0.0,402,34153,164.9,55.6
NPST,NPSTEQN,1660.2,1660.2,1660.2,0.0,0.0,139,230767,2275.2,846.6
INFOLLION,INFOLLIONSMN,157.55,157.55,157.55,0.0,0.0,400,63020,551.0,151.0
SAGCEM,SAGCEMEQN,167.67,167.67,167.67,0.0,0.0,2,335,299.4,148.7
MANAPPURAM,MANAPPURAMEQN,365.4,365.4,365.4,0.0,0.0,11251,4111115,381.55,245.15
VASCONEQ,VASCONEQEQN,31.11,31.11,31.11,0.0,0.0,125,3888,74.59,26.75
SALASAR,SALASAREQN,5.95,5.95,5.95,0.0,0.0,12303,73202,10.99,5.59
PVSL,PVSLEQN,106.53,106.53,106.53,0.0,0.0,62,6604,163.0,82.41
PIIND,PIINDEQN,2508.3,2508.3,2508.3,0.0,0.0,305,765031,3898.0,2453.1
SALZERELEC,SALZERELECEQN,556.5,556.5,556.5,0.0,0.0,6,3339,952.5,488.8
TCS,TCSEQN,2270.0,2270.0,2270.0,0.0,0.0,18894,42889380,3350.0,1976.8
ASTRAL,ASTRALEQN,1526.1,1526.1,1526.1,0.0,0.0,257,392207,1768.7,1311.6
IRCTC,IRCTCEQN,491.75,491.75,491.75,0.0,0.0,3903,1919300,739.0,481.0
FIEMIND,FIEMINDEQN,2110.0,2110.0,2110.0,0.0,0.0,943,1989730,2674.8,1868.5
AAKASH,AAKASHEQN,8.73,8.73,8.73,0.0,0.0,25,218,13.4,7.21
TVVISION,TVVISIONBEN,3.47,3.47,3.47,0.0,0.0,4,13,12.4,3.23
RKDL,RKDLEQN,18.88,18.88,18.88,0.0,0.0,100,1888,32.48,16.3
SUPRAJIT,SUPRAJITEQN,502.7,502.7,502.7,0.0,0.0,65,32675,559.25,389.95
BAJAJELEC,BAJAJELECEQN,340.6,340.6,340.6,0.0,0.0,442,150545,653.8,301.0
RAJRATAN,RAJRATANEQN,495.75,495.75,495.75,0.0,0.0,822,407506,563.95,305.55
DSSL,DSSLEQN,1073.5,1073.5,1073.5,0.0,0.0,38,40793,1924.8,781.0
VALIANTLAB,VALIANTLABEQN,107.87,107.87,107.87,0.0,0.0,1726,186183,110.7,49.51
MAYURUNIQ,MAYURUNIQEQN,747.45,747.45,747.45,0.0,0.0,58,43352,907.0,471.2
PILITA,PILITAEQN,8.14,8.14,8.14,0.0,0.0,1,8,15.9,6.2
SYMPHONY,SYMPHONYEQN,602.5,602.5,602.5,0.0,0.0,167,100617,974.7,592.05
AARTIIND,AARTIINDEQN,542.95,542.95,542.95,0.0,0.0,2504,1359546,551.75,338.05
JAYSREETEA,JAYSREETEAEQN,102.05,102.05,102.05,0.0,0.0,1917,195629,112.7,70.55
FEL,FELBZN,0.39,0.39,0.39,0.0,0.0,832,324,0.65,0.34
SHILPAMED,SHILPAMEDEQN,860.75,860.75,860.75,0.0,0.0,1805,1553653,919.0,259.5
SARDAEN,SARDAENEQN,514.4,514.4,514.4,0.0,0.0,3383,1740215,639.75,453.1
TREL,TRELEQN,26.39,26.39,26.39,0.0,0.0,6,158,34.37,21.47
BANCOINDIA,BANCOINDIAEQN,627.85,627.85,627.85,0.0,0.0,117,73458,879.8,502.0
GVKPIL,GVKPILBEN,2.12,2.12,2.12,0.0,0.0,3336,7072,4.06,2.08
VINNY,VINNYEQN,1.06,1.06,1.06,0.0,0.0,5025,5326,1.53,0.94
ROSSARI,ROSSARIEQN,500.05,500.05,500.05,0.0,0.0,11,5500,690.3,375.0
RADIOCITY,RADIOCITYEQN,6.62,6.62,6.62,0.0,0.0,15,99,9.25,4.5
SAMMAANCAP,SAMMAANCAPEQN,149.45,149.45,149.45,0.0,0.0,13824,2065996,192.95,116.7
DRREDDY,DRREDDYEQN,1182.0,1182.0,1182.0,0.0,0.0,2109,2492838,1414.9,1101.0
PSB,PSBEQN,23.5,23.5,23.5,0.0,0.0,6901,162173,32.46,20.5
SPMLINFRA,SPMLINFRAEQN,186.71,186.71,186.71,0.0,0.0,1617,301910,302.0,151.01
KCP,KCPEQN,172.03,172.03,172.03,0.0,0.0,103,17719,212.2,125.0
SWISSMLTRY,SWISSMLTRYEQN,17.74,17.74,17.74,0.0,0.0,277,4913,18.5,13.0
CREDITACC,CREDITACCEQN,1440.2,1440.2,1440.2,0.0,0.0,242,348528,1634.0,1113.0
FELDVR,FELDVRBZN,2.34,2.34,2.34,0.0,0.0,11,25,3.78,2.22
PRABHA,PRABHAEQN,209.16,209.16,209.16,0.0,0.0,267,55845,247.57,137.91
EQUITASBNK,EQUITASBNKEQN,75.23,75.23,75.23,0.0,0.0,1847,138949,83.9,50.0
TRENT,TRENTEQN,2908.2,2908.2,2908.2,0.0,0.0,859,2498143,3782.67,2183.67
ORIENTHOT,ORIENTHOTEQN,140.91,140.91,140.91,0.0,0.0,190,26772,149.5,80.0
ONELIFECAP,ONELIFECAPBEN,31.5,31.5,31.5,0.0,0.0,1,31,40.1,10.62
MMFL,MMFLEQN,628.5,628.5,628.5,0.0,0.0,37,23254,687.95,288.1
PARACABLES,PARACABLESEQN,60.08,60.08,60.08,0.0,0.0,1630,97930,75.7,28.3
SOLARINDS,SOLARINDSEQN,20097.0,20097.0,20097.0,0.0,0.0,216,4340952,20649.0,11646.0
IFGLEXPOR,IFGLEXPOREQN,215.01,215.01,215.01,0.0,0.0,44,9460,338.0,119.68
STYRENIX,STYRENIXEQN,2064.4,2064.5,2064.5,0.1,0.0,8,16516,2738.7,1780.0
MSUMI,MSUMIEQN,37.67,37.67,37.67,0.0,0.0,27599,1039654,53.59,35.7
SANSERA,SANSERAEQN,3836.6,3836.6,3836.6,0.0,0.0,93,356803,4040.4,1241.3
APTUS,APTUSEQN,258.5,258.5,258.5,0.0,0.0,279,72121,353.25,193.03
COASTCORP,COASTCORPEQN,40.69,40.69,40.69,0.0,0.0,4,162,66.7,30.01
SEIL,SEILEQN,211.66,211.66,211.66,0.0,0.0,1,211,239.96,172.9
RISHABH,RISHABHEQN,687.7,687.7,687.7,0.0,0.0,54,37135,729.85,315.0
SIGNATURE,SIGNATUREEQN,773.65,773.65,773.65,0.0,0.0,149,115273,1158.0,705.2
SCILAL,SCILALEQN,40.15,40.15,40.15,0.0,0.0,380,15257,55.0,34.3
OLAELEC,OLAELECEQN,38.0,38.0,38.0,0.0,0.0,104221,3960398,71.25,22.25
TALBROAUTO,TALBROAUTOEQN,407.1,407.1,407.1,0.0,0.0,252,102589,451.6,219.9
BTML,BTMLEQN,8.89,8.89,8.89,0.0,0.0,2050,18224,10.5,5.06
NSLNISP,NSLNISPEQN,41.44,41.44,41.44,0.0,0.0,14377,595782,53.75,33.01
ATL,ATLEQN,26.71,26.71,26.71,0.0,0.0,168,4487,37.86,18.2
AHLUCONT,AHLUCONTEQN,635.1,635.1,635.1,0.0,0.0,384,243878,1077.95,620.0
MANGLMCEM,MANGLMCEMEQN,1057.7,1057.7,1057.7,0.0,0.0,87,92019,1089.4,679.35
MARALOVER,MARALOVEREQN,55.7,55.7,55.7,0.0,0.0,20,1114,65.79,34.11
NAM-INDIA,NAM-INDIAEQN,1223.0,1223.0,1223.0,0.0,0.0,707,864661,1269.5,780.25
PGEL,PGELEQN,587.15,587.15,587.15,0.0,0.0,2101,1233602,644.4,436.55
VIVIANA,VIVIANABEN,734.55,734.55,734.55,0.0,0.0,34,24974,1162.5,565.0
IRCON,IRCONEQN,124.05,124.05,124.05,0.0,0.0,6877,853091,189.5,114.5
GMDCLTD,GMDCLTDEQN,578.95,578.95,578.95,0.0,0.0,2483,1437532,771.9,400.0
INDUSINDBK,INDUSINDBKEQN,1004.0,1004.0,1004.0,0.0,0.0,1188,1192752,1077.85,710.6
AEGISVOPAK,AEGISVOPAKEQN,264.15,264.15,264.15,0.0,0.0,913,241168,311.49,158.0
SARVESHWAR,SARVESHWAREQN,3.48,3.48,3.48,0.0,0.0,2099,7304,8.25,2.5
SAFARI,SAFARIEQN,1496.1,1496.1,1496.1,0.0,0.0,24,35906,2507.1,1363.1
UNIPARTS,UNIPARTSEQN,806.2,806.2,806.2,0.0,0.0,59,47565,844.9,391.8
3IINFOLTD,3IINFOLTDBEN,24.04,24.04,24.04,0.0,0.0,683,16419,27.8,12.68
EMBDL,EMBDLEQN,62.18,62.18,62.18,0.0,0.0,1269,78906,105.7,39.46
SHALBY,SHALBYEQN,156.92,156.92,156.92,0.0,0.0,210,32953,274.7,125.82
MTNL,MTNLEQN,26.79,26.79,26.79,0.0,0.0,9048,242395,46.65,21.26
KALYANKJIL,KALYANKJILEQN,610.6,610.6,610.6,0.0,0.0,8128,4962956,648.95,327.05
BAJEL,BAJELEQN,189.53,189.53,189.53,0.0,0.0,74,14025,226.69,135.1
IRFC,IRFCEQN,85.7,85.7,85.7,0.0,0.0,37367,3202351,137.17,84.5
HUHTAMAKI,HUHTAMAKIEQN,270.4,270.4,270.4,0.0,0.0,3,811,330.0,148.6
INDOBORAX,INDOBORAXEQN,505.7,505.7,505.7,0.0,0.0,617,312016,524.6,224.0
PIXTRANS,PIXTRANSEQN,1810.1,1810.1,1810.1,0.0,0.0,32,57923,2089.0,1252.0
MOTILALOFS,MOTILALOFSEQN,1040.0,1040.0,1040.0,0.0,0.0,2106,2190240,1097.1,614.9
BIGBLOC,BIGBLOCEQN,43.27,43.27,43.27,0.0,0.0,27,1168,80.0,38.0
MAZDOCK,MAZDOCKEQN,2625.0,2625.0,2625.0,0.0,0.0,2660,6982500,3061.4,2057.4
ORCHPHARMA,ORCHPHARMAEQN,973.35,973.35,973.35,0.0,0.0,158,153789,1133.0,480.0
TATAINVEST,TATAINVESTEQN,644.45,644.45,644.45,0.0,0.0,811,522648,1184.7,538.85
UTIAMC,UTIAMCEQN,897.2,897.2,897.2,0.0,0.0,194,174056,1418.0,876.0
BOROSCI,BOROSCIEQN,127.07,127.07,127.07,0.0,0.0,64,8132,180.8,96.64
BANSALWIRE,BANSALWIREEQN,320.5,320.5,320.5,0.0,0.0,17,5448,374.0,222.5
ASHIANA,ASHIANAEQN,368.7,368.7,368.7,0.0,0.0,1,368,435.9,269.45
AIIL,AIILEQN,561.6,561.6,561.6,0.0,0.0,103,57844,683.0,400.0
HDFCAMC,HDFCAMCEQN,2667.9,2667.9,2667.9,0.0,0.0,193,514904,2967.25,2205.6
NYKAA,NYKAAEQN,340.0,340.0,340.0,0.0,0.0,11225,3816500,348.0,225.26
JYOTISTRUC,JYOTISTRUCEQN,10.32,10.32,10.32,0.0,0.0,9583,98896,17.42,7.94
RUSTOMJEE,RUSTOMJEEEQN,379.1,379.1,379.1,0.0,0.0,112,42459,665.0,358.8
ZENTEC,ZENTECEQN,1873.4,1873.4,1873.4,0.0,0.0,492,921712,2043.7,1223.0
APLAPOLLO,APLAPOLLOEQN,2159.0,2159.0,2159.0,0.0,0.0,1204,2599436,2301.4,1578.0
SOLARWORLD,SOLARWORLDEQN,149.27,149.27,149.27,0.0,0.0,586,87472,388.5,139.19
IEX,IEXEQN,122.0,122.0,122.0,0.0,0.0,6968,850096,160.27,114.6
ANDHRAPAP,ANDHRAPAPEQN,60.46,60.46,60.46,0.0,0.0,19,1148,86.89,58.0
GLOBE,GLOBEEQN,2.04,2.04,2.04,0.0,0.0,724,1476,3.29,1.86
NAVNETEDUL,NAVNETEDULEQN,133.11,133.11,133.11,0.0,0.0,30,3993,168.5,121.5
NEULANDLAB,NEULANDLABEQN,23545.0,23545.0,23545.0,0.0,0.0,59,1389155,23881.0,11500.0
AARON,AARONEQN,136.08,136.08,136.08,0.0,0.0,2,272,250.0,106.8
JKPAPER,JKPAPEREQN,396.55,396.55,396.55,0.0,0.0,466,184792,444.8,304.85
BHAGCHEM,BHAGCHEMEQN,286.6,286.6,286.6,0.0,0.0,45,12897,316.9,170.6
CAMPUS,CAMPUSEQN,225.17,225.17,225.17,0.0,0.0,139,31298,297.0,215.2
GODREJPROP,GODREJPROPEQN,2035.1,2035.0,2035.0,-0.1,0.0,1844,3752540,2352.0,1434.0
KNRCON,KNRCONEQN,123.42,123.42,123.42,0.0,0.0,2656,327803,220.0,108.65
NAHARCAP,NAHARCAPEQN,258.5,258.5,258.5,0.0,0.0,5,1292,307.0,191.0
IFBIND,IFBINDEQN,1369.8,1369.8,1369.8,0.0,0.0,29,39724,2019.8,883.2
PIDILITIND,PIDILITINDEQN,1650.0,1650.0,1650.0,0.0,0.0,234,386100,1707.5,1259.0
AETHER,AETHEREQN,1655.0,1655.0,1655.0,0.0,0.0,177,292935,1696.1,726.45
NOVARTIND,NOVARTINDEQN,1490.1,1490.1,1490.1,0.0,0.0,33,49173,1780.0,950.0
MEDIASSIST,MEDIASSISTEQN,340.05,340.05,340.05,0.0,0.0,987,335629,575.55,293.0
INTERARCH,INTERARCHEQN,1691.2,1691.2,1691.2,0.0,0.0,50,84560,2762.6,1600.0
CCL,CCLEQN,1095.2,1095.2,1095.2,0.0,0.0,380,416176,1242.2,815.5
MUKANDLTD,MUKANDLTDEQN,137.03,137.03,137.03,0.0,0.0,39,5344,154.25,114.31
SUPREMEIND,SUPREMEINDEQN,3540.0,3540.0,3540.0,0.0,0.0,48,169920,4659.6,3140.0
TATAELXSI,TATAELXSIEQN,3650.0,3650.0,3650.0,0.0,0.0,385,1405250,5950.0,3353.9
KPIGREEN,KPIGREENEQN,322.0,322.0,322.0,0.0,0.0,3380,1088360,542.25,301.2
COALINDIA,COALINDIAEQN,403.5,403.5,403.5,0.0,0.0,7329,2957251,491.25,368.65
KOKUYOCMLN,KOKUYOCMLNEQN,79.93,79.93,79.93,0.0,0.0,55,4396,128.0,71.05
INFY,INFYEQN,1120.0,1120.0,1120.0,0.0,0.0,90238,101066560,1728.0,982.4
JTEKTINDIA,JTEKTINDIAEQN,126.53,126.53,126.53,0.0,0.0,3,379,188.5,117.01
JUBLPHARMA,JUBLPHARMAEQN,887.4,887.4,887.4,0.0,0.0,226,200552,1184.8,786.05
DPSCLTD,DPSCLTDBEN,7.11,7.11,7.11,0.0,0.0,1433,10188,13.31,6.85
THEMISMED,THEMISMEDEQN,126.26,126.26,126.26,0.0,0.0,1170,147724,148.0,64.95
ONGC,ONGCEQN,232.21,232.21,232.21,0.0,0.0,44296,10285974,307.5,227.65
SBIN,SBINEQN,1052.0,1052.0,1052.0,0.0,0.0,33741,35495532,1234.7,798.5
ANGELONE,ANGELONEEQN,298.85,298.85,298.85,0.0,0.0,16056,4798335,360.45,208.63
GRAVITA,GRAVITAEQN,1840.3,1840.3,1840.3,0.0,0.0,306,563131,1913.6,1266.9
GANDHAR,GANDHAREQN,255.39,255.39,255.39,0.0,0.0,1235,315406,303.17,115.0
OIL,OILEQN,469.15,469.15,469.15,0.0,0.0,1191,558757,531.0,384.6
HINDWAREAP,HINDWAREAPEQN,196.29,196.29,196.29,0.0,0.0,129,25321,392.7,170.5
PUNJABCHEM,PUNJABCHEMEQN,1119.0,1119.0,1119.0,0.0,0.0,14,15666,1533.9,876.6
KOTHARIPET,KOTHARIPETEQN,134.4,134.4,134.4,0.0,0.0,1001,134534,174.0,94.75
TATACOMM,TATACOMMEQN,1649.3,1649.3,1649.3,0.0,0.0,238,392533,2110.0,1322.5
RITES,RITESEQN,218.01,218.0,218.0,-0.01,0.0,569,124042,280.9,175.0
WIPRO,WIPROEQN,177.35,177.35,177.35,0.0,0.0,51266,9092025,273.1,169.0
AMBER,AMBEREQN,7466.0,7466.0,7466.0,0.0,0.0,228,1702248,8974.0,5400.5
CHENNPETRO,CHENNPETROEQN,1375.0,1375.0,1375.0,0.0,0.0,1337,1838375,1489.7,639.8
GREENPLY,GREENPLYEQN,292.1,292.1,292.1,0.0,0.0,173,50533,334.4,176.42
ABCAPITAL,ABCAPITALEQN,410.0,410.0,410.0,0.0,0.0,8616,3532560,430.7,272.7
TITAN,TITANEQN,5100.0,5100.0,5100.0,0.0,0.0,2136,10893600,5186.7,3303.1
RADAAN,RADAANEQN,3.02,3.02,3.02,0.0,0.0,6,18,3.99,2.35
INDOSTAR,INDOSTAREQN,259.5,259.5,259.5,0.0,0.0,100,25950,292.0,179.03
NDTV,NDTVEQN,74.35,74.35,74.35,0.0,0.0,30,2230,134.5,58.75
DIXON,DIXONEQN,14735.0,14735.0,14735.0,0.0,0.0,858,12642630,18471.0,9600.0
NESTLEIND,NESTLEINDEQN,1451.5,1451.5,1451.5,0.0,0.0,2982,4328373,1553.0,1145.0
THYROCARE,THYROCAREEQN,605.2,605.2,605.2,0.0,0.0,310,187612,662.0,342.55
UNIINFO,UNIINFOEQN,10.93,10.93,10.93,0.0,0.0,9,98,21.78,9.36
HUDCO,HUDCOEQN,186.95,186.95,186.95,0.0,0.0,3020,564589,246.85,159.0
MOL,MOLEQN,61.84,61.84,61.84,0.0,0.0,2665,164803,87.75,36.5
JAIPURKURT,JAIPURKURTEQN,26.64,26.64,26.64,0.0,0.0,104,2770,42.74,24.4
ZUARIIND,ZUARIINDEQN,275.9,275.9,275.9,0.0,0.0,3,827,416.0,210.0
REMSONSIND,REMSONSINDEQN,81.09,81.09,81.09,0.0,0.0,10,810,152.45,75.23
ATALREAL,ATALREALEQN,34.6,34.6,34.6,0.0,0.0,10174,352020,36.7,17.75
AFFLE,AFFLEEQN,1686.8,1686.8,1686.8,0.0,0.0,152,256393,2185.9,1251.3
IDFCFIRSTB,IDFCFIRSTBEQN,84.4,84.4,84.4,0.0,0.0,44376,3745334,88.76,58.08
IGL,IGLEQN,148.72,148.72,148.72,0.0,0.0,1664,247470,223.5,141.74
EXCELINDUS,EXCELINDUSEQN,1039.75,1039.75,1039.75,0.0,0.0,2,2079,1268.6,800.05
PNB,PNBEQN,116.7,116.7,116.7,0.0,0.0,19795,2310076,135.15,98.5
OMAXAUTO,OMAXAUTOEQN,186.84,186.84,186.84,0.0,0.0,114,21299,263.4,84.5
ENCOMPAS,ENCOMPASSMN,243.0,243.0,243.0,0.0,0.0,800,194400,302.9,167.35
SHYAMTEL,SHYAMTELEQN,13.15,13.15,13.15,0.0,0.0,1516,19935,25.42,7.07
KRIDHANINF,KRIDHANINFBEN,2.04,2.04,2.04,0.0,0.0,1,2,4.78,1.81
KANANIIND,KANANIINDEQN,1.49,1.49,1.49,0.0,0.0,520,774,2.27,1.02
AKSHOPTFBR,AKSHOPTFBRBEN,7.27,7.27,7.27,0.0,0.0,209,1519,9.0,3.82
NUVAMA,NUVAMAEQN,1779.3,1779.3,1779.3,0.0,0.0,249,443045,2066.0,1096.9
SRM,SRMEQN,462.5,462.5,462.5,0.0,0.0,139,64287,649.95,361.35
TIRUPATIFL,TIRUPATIFLBEN,69.65,69.65,69.65,0.0,0.0,270,18805,83.9,30.11
TINNARUBR,TINNARUBREQN,1016.4,1016.4,1016.4,0.0,0.0,142,144328,1322.0,527.45
VENUSREM,VENUSREMBEN,1606.9,1606.9,1606.9,0.0,0.0,50,80345,2044.3,424.0
DIAMINESQ,DIAMINESQEQN,245.24,245.24,245.24,0.0,0.0,1,245,418.8,208.01
UNICHEMLAB,UNICHEMLABEQN,530.3,530.3,530.3,0.0,0.0,341,180832,687.2,278.2
DISHTV,DISHTVEQN,2.75,2.75,2.75,0.0,0.0,370,1017,5.99,1.82
BRIGHOTEL,BRIGHOTELEQN,60.06,60.06,60.06,0.0,0.0,4,240,89.4,54.36
CPPLUS,CPPLUSEQN,3530.3,3530.3,3530.3,0.0,0.0,668,2358240,4094.0,1200.8
TMCV,TMCVEQN,483.75,483.75,483.75,0.0,0.0,17597,8512548,509.0,306.3
ABLBL,ABLBLEQN,86.04,86.04,86.04,0.0,0.0,406,34932,151.33,84.24
FDC,FDCEQN,347.25,347.25,347.25,0.0,0.0,102,35419,527.8,312.95
BIRLANU,BIRLANUEQN,1480.5,1480.5,1480.5,0.0,0.0,5,7402,2086.9,1190.1
ZYDUSWELL,ZYDUSWELLEQN,529.2,529.2,529.2,0.0,0.0,545,288414,611.85,367.55
HDBFS,HDBFSEQN,687.5,687.5,687.5,0.0,0.0,263,180812,801.5,555.3
3PLAND,3PLANDEQN,32.0,32.0,32.0,0.0,0.0,14,448,48.47,28.51
TARACHAND,TARACHANDEQN,47.72,47.72,47.72,0.0,0.0,141,6728,103.67,46.01
VERTOZ,VERTOZBEN,40.62,40.62,40.62,0.0,0.0,140,5686,86.75,27.02
SCHAND,SCHANDEQN,138.46,138.46,138.46,0.0,0.0,11,1523,200.0,130.05
KANORICHEM,KANORICHEMBEN,156.77,156.77,156.77,0.0,0.0,10,1567,164.6,56.0
HITECHCORP,HITECHCORPBEN,337.0,337.0,337.0,0.0,0.0,100,33700,345.0,112.0
GILLETTE,GILLETTEEQN,7403.5,7403.5,7403.5,0.0,0.0,23,170280,10740.0,7206.0
DBOL,DBOLEQN,127.73,127.73,127.73,0.0,0.0,31,3959,139.0,69.0
NGLFINE,NGLFINEEQN,2877.3,2877.3,2877.3,0.0,0.0,3,8631,3602.0,1271.0
KAMOPAINTS,KAMOPAINTSEQN,4.53,4.53,4.53,0.0,0.0,105,475,10.54,3.6
MIRZAINT,MIRZAINTEQN,31.96,31.96,31.96,0.0,0.0,184,5880,44.0,24.95
AMAL,AMALEQN,745.85,745.85,745.85,0.0,0.0,24,17900,822.0,730.05
LANDSMILL,LANDSMILLEQN,0.7,0.7,0.7,0.0,0.0,3173,2221,1.74,0.68
PANORAMA,PANORAMAEQN,48.65,48.65,48.65,0.0,0.0,105,5108,51.0,42.2
MODISONLTD,MODISONLTDBEN,411.6,411.6,411.6,0.0,0.0,76,31281,423.95,114.0
MBEL,MBELEQN,273.2,273.2,273.2,0.0,0.0,35,9562,535.9,223.05
ADFFOODS,ADFFOODSEQN,280.7,280.7,280.7,0.0,0.0,316,88701,346.95,153.1
TARIL,TARILEQN,304.0,304.0,304.0,0.0,0.0,1639,498256,552.0,224.05
EKC,EKCEQN,110.15,110.15,110.15,0.0,0.0,642,70716,154.55,90.25
ADVIKCA,ADVIKCAEQN,1.19,1.19,1.19,0.0,0.0,234,278,1.27,1.15
GAYAHWS,GAYAHWSEQN,1.9,1.9,1.9,0.0,0.0,1036,1968,4.76,1.51
EUROPRATIK,EUROPRATIKEQN,259.95,259.95,259.95,0.0,0.0,18,4679,390.0,205.1
SHYAMMETL,SHYAMMETLEQN,1040.5,1040.5,1040.5,0.0,0.0,1133,1178886,1090.0,746.0
KOPRAN,KOPRANBEN,194.55,194.55,194.55,0.0,0.0,221,42995,219.0,107.0
VIVOBIOT,VIVOBIOTEQN,18.5,18.5,18.5,0.0,0.0,11,203,20.94,17.51
SAATVIKGL,SAATVIKGLEQN,423.85,423.85,423.85,0.0,0.0,183,77564,567.0,328.0
FINEORG,FINEORGEQN,5139.1,5139.1,5139.1,0.0,0.0,13,66808,5407.0,3856.0
CLEANMAX,CLEANMAXEQN,1182.3,1182.3,1182.3,0.0,0.0,570,673911,1536.0,727.1
ELIN,ELINEQN,100.27,100.27,100.27,0.0,0.0,536,53744,234.0,93.65
DHARAN,DHARANBZN,0.16,0.16,0.16,0.0,0.0,168543,26966,0.61,0.11
MAHLIFE,MAHLIFEEQN,371.25,371.25,371.25,0.0,0.0,147,54573,427.05,286.8
LEMERITE,LEMERITEEQN,21.9,21.9,21.9,0.0,0.0,206,4511,107.57,19.52
CONCOR,CONCOREQN,517.0,517.0,517.0,0.0,0.0,490,253330,569.8,421.45
PRISMX,PRISMXEQN,0.54,0.54,0.54,0.0,0.0,101,54,0.58,0.47
STUDDS,STUDDSEQN,451.35,451.35,451.35,0.0,0.0,61,27532,600.0,412.3
BETA,BETAEQN,2261.0,2261.0,2261.0,0.0,0.0,20,45220,2807.9,990.1
INDOCO,INDOCOEQN,238.94,238.94,238.94,0.0,0.0,553,132133,332.2,162.19
MWL,MWLEQN,39.88,39.88,39.88,0.0,0.0,255,10169,43.94,18.26
NCLIND,NCLINDEQN,181.85,181.85,181.85,0.0,0.0,27,4909,220.39,147.5
ADVAIT,ADVAITEQN,2147.7,2147.7,2147.7,0.0,0.0,239,513300,2485.0,1351.0
COMFINTE,COMFINTEEQN,6.08,6.08,6.08,0.0,0.0,347,2109,9.19,5.21
POWERICA,POWERICAEQN,532.0,532.0,532.0,0.0,0.0,42,22344,676.95,365.1
INDNIPPON,INDNIPPONEQN,1066.1,1066.1,1066.1,0.0,0.0,1,1066,1278.2,675.0
AVANCE,AVANCEEQN,0.89,0.89,0.89,0.0,0.0,20276,18045,0.94,0.75
AKSHARCHEM,AKSHARCHEMBEN,350.18,350.18,350.18,0.0,0.0,70,24512,367.4,141.3
CAPILLARY,CAPILLARYEQN,506.6,506.6,506.6,0.0,0.0,69,34955,798.95,464.25
KLBRENG-B,KLBRENG-BEQN,394.9,394.9,394.9,0.0,0.0,5,1974,544.85,332.4
CSM,CSMEQN,96.85,96.85,96.85,0.0,0.0,158,15302,113.0,94.27
OMPOWER,OMPOWEREQN,172.84,172.84,172.84,0.0,0.0,385,66543,206.0,158.01
PERMAGN,PERMAGNEQN,900.55,900.55,900.55,0.0,0.0,22,19812,929.0,784.05
RHFL,RHFLBZN,1.95,1.95,1.95,0.0,0.0,10596,20662,5.07,1.7
VIDYAWIRES,VIDYAWIRESEQN,86.92,86.92,86.92,0.0,0.0,2830,245983,117.35,42.51
CENTURYPLY,CENTURYPLYEQN,743.05,743.05,743.05,0.0,0.0,79,58700,859.0,618.5
NEPHROPLUS,NEPHROPLUSEQN,693.65,693.65,693.65,0.0,0.0,2,1387,769.75,446.0
RMDRIP,RMDRIPBEN,19.37,19.37,19.37,0.0,0.0,488,9452,72.22,14.81
MCLEODRUSS,MCLEODRUSSEQN,49.55,49.55,49.55,0.0,0.0,487,24130,78.41,28.5
TMB,TMBEQN,897.6,897.6,897.6,0.0,0.0,165,148104,917.0,411.8
GRANULES,GRANULESEQN,828.2,828.2,828.2,0.0,0.0,468,387597,910.0,456.3
WAAREEINDO,WAAREEINDOEQN,275.15,275.15,275.15,0.0,0.0,81,22287,725.0,271.0
CERA,CERAEQN,5717.0,5717.0,5717.0,0.0,0.0,14,80038,6740.0,4461.1
JUSTDIAL,JUSTDIALEQN,647.65,647.65,647.65,0.0,0.0,159,102976,878.6,480.5
JKTYRE,JKTYREEQN,383.55,383.55,383.55,0.0,0.0,540,207117,611.9,318.05
SRTL,SRTLEQN,40.02,40.02,40.02,0.0,0.0,21,840,73.36,38.0
HINDPETRO,HINDPETROEQN,375.5,375.45,375.45,-0.05,-0.01,7722,2899224,508.45,316.2
RKFORGE,RKFORGEEQN,732.0,731.9,731.9,-0.1,-0.01,264,193221,772.8,460.15
PVRINOX,PVRINOXEQN,1255.3,1255.2,1255.2,-0.1,-0.01,1498,1880289,1284.5,907.4
MATRIMONY,MATRIMONYEQN,515.05,515.0,515.0,-0.05,-0.01,3,1545,573.0,364.05
STYLAMIND,STYLAMINDEQN,3570.4,3570.0,3570.0,-0.4,-0.01,16,57120,4150.0,1594.1
MANCREDIT,MANCREDITEQN,221.62,221.6,221.6,-0.02,-0.01,100,22160,287.27,152.06
NCC,NCCEQN,147.2,147.19,147.19,-0.01,-0.01,4946,728001,222.31,130.0
GODFRYPHLP,GODFRYPHLPEQN,2153.3,2153.0,2153.0,-0.3,-0.01,539,1160467,3947.0,1832.1
HEROMOTOCO,HEROMOTOCOEQN,5595.0,5594.5,5594.5,-0.5,-0.01,1962,10976409,6388.5,4671.5
SHAREINDIA,SHAREINDIAEQN,171.02,171.0,171.0,-0.02,-0.01,179,30609,211.0,115.36
TAJGVK,TAJGVKEQN,339.4,339.35,339.35,-0.05,-0.01,52,17646,512.65,281.35
JYOTHYLAB,JYOTHYLABEQN,211.87,211.85,211.85,-0.02,-0.01,1951,413319,350.7,188.1
ETHOSLTD,ETHOSLTDEQN,2879.4,2879.0,2879.0,-0.4,-0.01,35,100765,3245.9,1919.4
NEOGEN,NEOGENEQN,2183.3,2183.0,2183.0,-0.3,-0.01,25,54575,2483.9,966.7
SUDEEPPHRM,SUDEEPPHRMEQN,1129.1,1128.95,1128.95,-0.15,-0.01,115,129829,1180.0,524.05
JSWHL,JSWHLEQN,11832.0,11831.0,11831.0,-1.0,-0.01,7,82817,22790.0,10530.0
TIPSMUSIC,TIPSMUSICEQN,650.25,650.1,650.1,-0.15,-0.02,85,55258,741.0,481.15
BAJAJHFL,BAJAJHFLEQN,84.07,84.05,84.05,-0.02,-0.02,10048,844534,117.0,72.65
SUNTECK,SUNTECKEQN,312.1,312.05,312.05,-0.05,-0.02,283,88310,473.0,270.75
SANATHAN,SANATHANEQN,462.1,462.0,462.0,-0.1,-0.02,51,23562,551.95,352.6
MAGADSUGAR,MAGADSUGAREQN,577.1,577.0,577.0,-0.1,-0.02,18,10386,634.95,417.0
PGHL,PGHLEQN,5766.0,5720.0,5720.0,-1.0,-0.02,71,406120,6975.0,4707.0
JASH,JASHEQN,489.8,489.7,489.7,-0.1,-0.02,23,11263,572.85,327.1
GAIL,GAILEQN,174.49,174.45,174.45,-0.04,-0.02,6828,1191144,186.87,134.36
TECHNOE,TECHNOEEQN,1004.25,1004.0,1004.0,-0.25,-0.02,147,147588,1575.0,870.0
RATNAMANI,RATNAMANIEQN,2641.6,2641.1,2641.1,-0.5,-0.02,26,68668,3345.0,1936.5
RAMCOSYS,RAMCOSYSEQN,553.1,553.0,553.0,-0.1,-0.02,262,144886,967.5,342.1
BLUEJET,BLUEJETEQN,590.1,590.0,590.0,-0.1,-0.02,1141,673190,759.5,325.0
LGEINDIA,LGEINDIAEQN,1675.4,1675.0,1675.0,-0.4,-0.02,311,520925,1755.0,1304.1
TVSSRICHAK,TVSSRICHAKEQN,5311.8,5310.9,5310.9,-0.9,-0.02,413,2193401,5359.3,2812.0
GANECOS,GANECOSEQN,1045.2,1045.0,1045.0,-0.2,-0.02,26,27170,1398.0,653.55
AUTOAXLES,AUTOAXLESEQN,1745.4,1745.0,1745.0,-0.4,-0.02,11,19195,2115.0,1540.2
ANDHRSUGAR,ANDHRSUGAREQN,99.02,99.0,99.0,-0.02,-0.02,1406,139194,107.23,66.5
ACMESOLAR,ACMESOLAREQN,395.95,395.85,395.85,-0.1,-0.03,4094,1620609,411.5,195.9
IIFLCAPS,IIFLCAPSEQN,336.4,336.3,336.3,-0.1,-0.03,134,45064,411.3,240.4
NRBBEARING,NRBBEARINGEQN,473.65,473.5,473.5,-0.15,-0.03,130,61555,503.9,212.55
RAYMONDREL,RAYMONDRELEQN,575.2,575.0,575.0,-0.2,-0.03,442,254150,734.9,349.0
GOCOLORS,GOCOLORSEQN,343.6,343.5,343.5,-0.1,-0.03,103,35380,760.9,237.05
NETWORK18,NETWORK18EQN,30.45,30.44,30.44,-0.01,-0.03,15239,463875,58.1,27.38
NELCAST,NELCASTEQN,115.34,115.3,115.3,-0.04,-0.03,720,83016,173.2,85.98
RAIN,RAINEQN,195.78,195.72,195.72,-0.06,-0.03,12237,2395025,252.0,99.9
ARE&M,ARE&MEQN,920.75,920.5,920.5,-0.25,-0.03,642,590961,1057.85,670.0
TURTLEMINT,TURTLEMINTEQN,146.86,146.81,146.81,-0.05,-0.03,1747,256477,158.5,110.41
SPECIALITY,SPECIALITYBEN,149.04,149.0,149.0,-0.04,-0.03,500,74500,167.46,82.7
KPEL,KPELEQN,250.35,250.25,250.25,-0.1,-0.04,681,170420,463.25,237.9
NAVKARCORP,NAVKARCORPEQN,98.44,98.4,98.4,-0.04,-0.04,165,16236,132.5,74.05
RPEL,RPELEQN,1736.7,1736.0,1736.0,-0.7,-0.04,1025,1779400,1765.9,561.3
CONFIPET,CONFIPETEQN,79.69,79.66,79.66,-0.03,-0.04,6960,554433,86.4,28.06
SOUTHBANK,SOUTHBANKEQN,46.32,46.3,46.3,-0.02,-0.04,20531,950585,49.9,28.11
RSYSTEMS,RSYSTEMSEQN,240.1,240.0,240.0,-0.1,-0.04,41,9840,485.0,213.52
BHARTIHEXA,BHARTIHEXAEQN,1579.8,1579.1,1579.1,-0.7,-0.04,84,132644,1955.6,1430.0
PTC,PTCEQN,157.28,157.22,157.22,-0.06,-0.04,1795,282209,229.51,149.59
INDIAGLYCO,INDIAGLYCOEQN,1190.5,1190.0,1190.0,-0.5,-0.04,505,600950,1222.0,792.5
MAHASTEEL,MAHASTEELBEN,1235.5,1235.0,1235.0,-0.5,-0.04,31,38285,1284.0,331.0
PATANJALI,PATANJALIEQN,348.15,348.0,348.0,-0.15,-0.04,9871,3435108,615.0,328.2
CRIZAC,CRIZACEQN,178.83,178.75,178.75,-0.08,-0.04,109,19483,387.95,170.29
EPACKPEB,EPACKPEBEQN,232.15,232.05,232.05,-0.1,-0.04,91,21116,344.0,132.17
STYL,STYLEQN,396.85,396.7,396.7,-0.15,-0.04,155,61488,437.45,209.11
JSLL,JSLLEQN,514.25,514.05,514.05,-0.2,-0.04,346,177861,849.5,492.0
WEWORK,WEWORKEQN,678.3,678.0,678.0,-0.3,-0.04,123,83394,794.5,420.0
KPL,KPLEQN,3326.1,3324.9,3324.9,-1.2,-0.04,87,289266,3744.0,1561.0
SUVEN,SUVENEQN,372.2,372.0,372.0,-0.2,-0.05,2381,885732,393.5,124.11
GPTINFRA,GPTINFRAEQN,113.78,113.72,113.72,-0.06,-0.05,1,113,150.0,96.22
KIRLOSIND,KIRLOSINDEQN,3774.0,3772.1,3772.1,-1.9,-0.05,1,3772,4574.8,2463.0
ESTER,ESTEREQN,93.31,93.26,93.26,-0.05,-0.05,125,11657,132.45,68.55
KEC,KECEQN,430.15,429.95,429.95,-0.2,-0.05,869,373626,937.8,418.0
KKCL,KKCLEQN,514.8,514.55,514.55,-0.25,-0.05,2,1029,595.0,408.35
CLEAN,CLEANEQN,829.45,829.0,829.0,-0.45,-0.05,108,89532,1217.9,652.0
LINDEINDIA,LINDEINDIAEQN,6598.5,6595.0,6595.0,-3.5,-0.05,26,171470,8049.0,5673.0
GSFC,GSFCEQN,160.07,159.99,159.99,-0.08,-0.05,1819,291021,220.59,138.83
CHALET,CHALETEQN,912.45,912.0,912.0,-0.45,-0.05,764,696768,1070.1,691.35
HINDUNILVR,HINDUNILVREQN,2021.0,2020.0,2020.0,-1.0,-0.05,3856,7789120,2750.0,2004.3
USHAMART,USHAMARTEQN,496.15,495.9,495.9,-0.25,-0.05,421,208773,527.5,374.0
KITEX,KITEXEQN,126.8,126.74,126.74,-0.06,-0.05,322,40810,232.7,123.15
JKIL,JKILEQN,500.65,500.4,500.4,-0.25,-0.05,81,40532,672.0,425.0
TIIL,TIILEQN,3386.6,3385.0,3385.0,-1.6,-0.05,106,358810,3565.3,1868.5
DOLPHIN,DOLPHINEQN,613.3,613.0,613.0,-0.3,-0.05,518,317534,669.95,322.0
CORONA,CORONAEQN,2103.1,2102.0,2102.0,-1.1,-0.05,32,67264,2270.1,1336.6
GSPCROP,GSPCROPEQN,643.15,642.8,642.8,-0.35,-0.05,487,313043,667.95,328.0
KNACK,KNACKEQN,195.3,195.2,195.2,-0.1,-0.05,1736,338867,222.0,180.33
ASAL,ASALEQN,489.3,489.05,489.05,-0.25,-0.05,10,4890,654.65,374.5
KISSHT,KISSHTEQN,306.55,306.4,306.4,-0.15,-0.05,277,84872,351.5,190.0
ARIHANTCAP,ARIHANTCAPEQN,79.91,79.86,79.86,-0.05,-0.06,1,79,120.0,56.97
ELECTCAST,ELECTCASTEQN,77.65,77.6,77.6,-0.05,-0.06,8603,667592,103.95,60.15
NINSYS,NINSYSEQN,713.4,713.0,713.0,-0.4,-0.06,1,713,935.0,281.05
GOKULAGRO,GOKULAGROEQN,245.39,245.25,245.25,-0.14,-0.06,1175,288168,259.8,151.0
GREAVESCOT,GREAVESCOTEQN,195.62,195.5,195.5,-0.12,-0.06,1643,321206,271.9,119.99
LAOPALA,LAOPALAEQN,170.17,170.06,170.06,-0.11,-0.06,89,15135,262.0,162.1
CARERATING,CARERATINGEQN,1661.0,1660.0,1660.0,-1.0,-0.06,24,39840,1838.0,1392.7
SKIPPER,SKIPPEREQN,547.25,546.9,546.9,-0.35,-0.06,521,284934,593.0,327.05
IVALUE,IVALUEEQN,271.5,271.35,271.35,-0.15,-0.06,32,8683,340.0,207.35
SHADOWFAX,SHADOWFAXEQN,246.14,246.0,246.0,-0.14,-0.06,3329,818934,268.65,98.55
MAJESAUT,MAJESAUTBEN,356.15,355.95,355.95,-0.2,-0.06,51,18153,500.0,274.0
LASERPOWER,LASERPOWEREQN,328.2,328.0,328.0,-0.2,-0.06,737,241736,343.5,250.0
DCXINDIA,DCXINDIAEQN,176.11,175.99,175.99,-0.12,-0.07,528,92922,286.0,153.3
LTFOODS,LTFOODSEQN,451.3,451.0,451.0,-0.3,-0.07,1956,882156,490.7,333.15
KELLTONTEC,KELLTONTECEQN,13.51,13.5,13.5,-0.01,-0.07,1068,14418,28.13,13.0
AVANTIFEED,AVANTIFEEDEQN,839.6,839.0,839.0,-0.6,-0.07,665,557935,1593.8,614.25
AVANTEL,AVANTELEQN,156.94,156.83,156.83,-0.11,-0.07,2113,331381,215.0,117.05
WHEELS,WHEELSEQN,1487.1,1486.0,1486.0,-1.1,-0.07,1,1486,1808.0,705.85
AHCL,AHCLEQN,15.11,15.1,15.1,-0.01,-0.07,3523,53197,17.28,9.08
CNL,CNLEQN,1215.4,1214.5,1214.5,-0.9,-0.07,92,111734,1275.0,525.0
EPACK,EPACKEQN,199.16,199.0,199.0,-0.16,-0.08,423,84177,409.5,196.15
KRISHANA,KRISHANAEQN,205.16,205.0,205.0,-0.16,-0.08,1394,285770,206.39,86.2
SPANDANA,SPANDANAEQN,247.1,246.9,246.9,-0.2,-0.08,99,24443,319.4,181.1
AARTIPHARM,AARTIPHARMEQN,836.65,836.0,836.0,-0.65,-0.08,759,634524,946.1,585.0
IOC,IOCEQN,139.48,139.37,139.37,-0.11,-0.08,28012,3904032,188.96,130.22
INDIAMART,INDIAMARTEQN,1751.9,1750.5,1750.5,-1.4,-0.08,38,66519,2670.0,1722.3
KIRLPNU,KIRLPNUEQN,728.6,728.0,728.0,-0.6,-0.08,49,35672,1098.55,495.05
KPITTECH,KPITTECHEQN,590.0,589.5,589.5,-0.5,-0.08,3382,1993689,1328.0,543.0
JAGSNPHARM,JAGSNPHARMEQN,242.2,242.0,242.0,-0.2,-0.08,258,62436,264.5,155.0
JUBLFOOD,JUBLFOODEQN,499.5,499.1,499.1,-0.4,-0.08,7310,3648421,667.75,408.55
HERITGFOOD,HERITGFOODEQN,383.3,383.0,383.0,-0.3,-0.08,265,101495,540.0,292.55
COHANCE,COHANCEEQN,462.35,462.0,462.0,-0.35,-0.08,609,281358,1038.9,266.7
BODALCHEM,BODALCHEMBEN,89.98,89.91,89.91,-0.07,-0.08,1914,172087,94.47,42.81
MANBA,MANBAEQN,131.82,131.7,131.7,-0.12,-0.09,285,37534,154.0,98.0
STEELXIND,STEELXINDEQN,10.85,10.84,10.84,-0.01,-0.09,1059,11479,13.95,7.0
STARHEALTH,STARHEALTHEQN,583.75,583.25,583.25,-0.5,-0.09,197,114900,624.9,416.55
AGIIL,AGIILEQN,287.9,287.65,287.65,-0.25,-0.09,650,186972,434.4,224.7
VRLLOG,VRLLOGEQN,286.25,286.0,286.0,-0.25,-0.09,170,48620,310.2,225.0
KRBL,KRBLEQN,447.4,447.0,447.0,-0.4,-0.09,6952,3107544,479.0,274.65
CANFINHOME,CANFINHOMEEQN,802.75,802.0,802.0,-0.75,-0.09,128,102656,971.5,708.6
SBIFUNDS,SBIFUNDSEQN,563.45,562.95,562.95,-0.5,-0.09,3144,1769914,624.95,536.5
SSWL,SSWLEQN,290.4,290.1,290.1,-0.3,-0.1,285,82678,328.4,169.0
STYLEBAAZA,STYLEBAAZAEQN,408.9,408.5,408.5,-0.4,-0.1,993,405640,447.1,229.95
ECLERX,ECLERXEQN,1944.0,1942.0,1942.0,-2.0,-0.1,1016,1973072,2497.5,1320.0
SHAILY,SHAILYEQN,3238.3,3235.0,3235.0,-3.3,-0.1,231,747285,3615.2,1770.9
CASTROLIND,CASTROLINDEQN,186.75,186.56,186.56,-0.19,-0.1,1166,217528,210.75,170.1
TORNTPHARM,TORNTPHARMEQN,4890.0,4885.0,4885.0,-5.0,-0.1,207,1011195,5250.0,3480.6
COFFEEDAY,COFFEEDAYBEN,29.78,29.75,29.75,-0.03,-0.1,3635,108141,51.46,21.0
CHOICEIN,CHOICEINEQN,781.85,781.0,781.0,-0.85,-0.11,1053,822393,860.5,568.7
NSIL,NSILEQN,5783.5,5777.0,5777.0,-6.5,-0.11,1,5777,8730.0,4700.0
ASAHIINDIA,ASAHIINDIAEQN,951.15,950.1,950.1,-1.05,-0.11,108,102610,1074.0,775.1
KAMDHENU,KAMDHENUBEN,35.84,35.8,35.8,-0.04,-0.11,731,26169,37.06,16.15
20MICRONS,20MICRONSEQN,223.63,223.39,223.39,-0.24,-0.11,781,174467,238.26,129.61
ATGL,ATGLEQN,643.7,643.0,643.0,-0.7,-0.11,2585,1662155,859.85,462.8
ABANSENT,ABANSENTEQN,27.91,27.88,27.88,-0.03,-0.11,8,223,48.85,22.3
IBULLSLTD,IBULLSLTDEQN,27.03,27.0,27.0,-0.03,-0.11,35513,958851,32.5,8.9
OMNI,OMNIEQN,578.15,577.5,577.5,-0.65,-0.11,677,390967,764.85,176.25
KRITI,KRITIEQN,64.14,64.06,64.06,-0.08,-0.12,1,64,155.9,53.0
GODREJAGRO,GODREJAGROEQN,625.75,625.0,625.0,-0.75,-0.12,1055,659375,760.0,506.1
ABB,ABBEQN,7609.0,7600.0,7600.0,-9.0,-0.12,508,3860800,7924.5,4637.5
RAILTEL,RAILTELEQN,280.9,280.55,280.55,-0.35,-0.12,1264,354615,412.9,245.0
RAINBOW,RAINBOWEQN,1446.7,1445.0,1445.0,-1.7,-0.12,51,73695,1610.0,1084.0
BLUESTONE,BLUESTONEEQN,797.95,797.0,797.0,-0.95,-0.12,1680,1338960,926.0,399.8
KRSNAA,KRSNAAEQN,565.55,564.85,564.85,-0.7,-0.12,74,41798,894.4,515.0
GVPIL,GVPILEQN,643.6,642.8,642.8,-0.8,-0.12,31,19926,1084.0,270.9
HYUNDAI,HYUNDAIEQN,2250.0,2247.0,2247.0,-3.0,-0.13,292,656124,2890.0,1658.0
PRECAM,PRECAMEQN,129.27,129.1,129.1,-0.17,-0.13,26,3356,262.0,103.98
CCCL,CCCLEQN,15.07,15.05,15.05,-0.02,-0.13,27,406,28.87,12.76
KERNEX,KERNEXEQN,1860.4,1858.0,1858.0,-2.4,-0.13,480,891840,2580.0,850.0
ACC,ACCEQN,1331.7,1330.0,1330.0,-1.7,-0.13,388,516040,1987.0,1251.7
DYNAMATECH,DYNAMATECHEQN,11510.0,11495.0,11495.0,-15.0,-0.13,18,206910,12875.0,6320.0
ODIGMA,ODIGMAEQN,22.53,22.5,22.5,-0.03,-0.13,3,67,56.09,20.0
SHRINGARMS,SHRINGARMSEQN,220.78,220.5,220.5,-0.28,-0.13,151,33295,266.5,166.0
COUNCODOS,COUNCODOSBEN,6.94,6.93,6.93,-0.01,-0.14,2521,17470,8.89,3.71
ADVANIHOTR,ADVANIHOTREQN,49.88,49.81,49.81,-0.07,-0.14,18,896,65.5,47.0
PGHH,PGHHEQN,8136.5,8125.0,8125.0,-11.5,-0.14,34,276250,14509.0,8066.0
AMRUTANJAN,AMRUTANJANEQN,527.75,527.0,527.0,-0.75,-0.14,31,16337,790.95,482.8
ADOR,ADOREQN,1531.2,1529.0,1529.0,-2.2,-0.14,221,337909,1701.9,848.0
ARMANFIN,ARMANFINEQN,1977.8,1975.0,1975.0,-2.8,-0.14,38,75050,2158.6,1301.0
EXICOM,EXICOMEQN,155.21,154.98,154.98,-0.23,-0.15,650,100737,182.9,75.6
SOUTHWEST,SOUTHWESTEQN,211.66,211.35,211.35,-0.31,-0.15,41,8665,275.0,121.0
GLAXO,GLAXOEQN,3034.4,3030.0,3030.0,-4.4,-0.15,61,184830,3118.0,2088.1
3MINDIA,3MINDIAEQN,33570.0,33520.0,33520.0,-50.0,-0.15,3,100560,38030.0,28730.0
POWERGRID,POWERGRIDEQN,265.2,264.8,264.8,-0.4,-0.15,44754,11850859,324.95,250.0
KOLTEPATIL,KOLTEPATILEQN,456.7,456.0,456.0,-0.7,-0.15,31,14136,554.6,292.25
HITECH,HITECHEQN,81.92,81.8,81.8,-0.12,-0.15,1575,128835,127.5,70.14
ROSSTECH,ROSSTECHEQN,1099.95,1098.2,1098.2,-1.75,-0.16,1341,1472686,1172.0,551.9
WONDERLA,WONDERLAEQN,516.05,515.2,515.2,-0.85,-0.16,47,24214,659.0,455.0
GALAXYSURF,GALAXYSURFEQN,2338.8,2335.0,2335.0,-3.8,-0.16,3,7005,2648.0,1510.0
KSCL,KSCLEQN,785.25,784.0,784.0,-1.25,-0.16,185,145040,1225.0,705.1
SHREECEM,SHREECEMEQN,24865.0,24825.0,24825.0,-40.0,-0.16,19,471675,30750.0,22550.0
GOYALALUM,GOYALALUMEQN,6.36,6.35,6.35,-0.01,-0.16,602,3822,11.37,5.34
IMAGICAA,IMAGICAAEQN,50.18,50.1,50.1,-0.08,-0.16,1200,60120,60.21,36.84
MAXIND,MAXINDEQN,150.98,150.72,150.72,-0.26,-0.17,101,15222,241.57,120.0
AVTNPL,AVTNPLEQN,86.95,86.8,86.8,-0.15,-0.17,670,58156,92.45,53.5
NAZARA,NAZARAEQN,356.35,355.75,355.75,-0.6,-0.17,727,258630,365.0,215.7
UNIVCABLES,UNIVCABLESEQN,1578.7,1576.0,1576.0,-2.7,-0.17,254,400304,1774.9,576.0
ANURAS,ANURASEQN,1267.6,1265.5,1265.5,-2.1,-0.17,263,332826,1415.0,1045.2
RSL,RSLEQN,166.59,166.3,166.3,-0.29,-0.17,3,498,174.45,101.7
GROWW,GROWWEQN,196.24,195.9,195.9,-0.34,-0.17,206674,40487436,227.2,112.0
ARTEMISMED,ARTEMISMEDEQN,323.5,322.95,322.95,-0.55,-0.17,811,261912,333.7,203.35
OPTIEMUS,OPTIEMUSEQN,584.45,583.4,583.4,-1.05,-0.18,210,122514,713.0,288.0
DODLA,DODLAEQN,1094.0,1092.0,1092.0,-2.0,-0.18,4,4368,1500.0,964.1
ICICIGI,ICICIGIEQN,1596.9,1594.0,1594.0,-2.9,-0.18,1238,1973372,2064.9,1544.6
JKLAKSHMI,JKLAKSHMIEQN,549.85,548.85,548.85,-1.0,-0.18,296,162459,989.8,540.45
SANOFI,SANOFIEQN,3191.2,3185.6,3185.6,-5.6,-0.18,16,50969,5246.5,3054.0
GICHSGFIN,GICHSGFINEQN,141.75,141.5,141.5,-0.25,-0.18,700,99050,184.0,130.05
JWL,JWLEQN,246.85,246.4,246.4,-0.45,-0.18,3684,907737,358.25,235.65
ORIENTPPR,ORIENTPPREQN,17.03,17.0,17.0,-0.03,-0.18,93,1581,29.49,13.25
DMART,DMARTEQN,3826.9,3820.0,3820.0,-6.9,-0.18,1825,6971500,4949.5,3529.0
ESCONET,ESCONETSMN,190.35,190.0,190.0,-0.35,-0.18,400,76000,280.0,91.25
MONARCH,MONARCHEQN,379.7,379.0,379.0,-0.7,-0.18,231,87549,406.95,235.45
AVALON,AVALONEQN,2226.4,2222.2,2222.2,-4.2,-0.19,873,1939980,2351.0,777.3
SANDHAR,SANDHAREQN,661.05,659.8,659.8,-1.25,-0.19,250,164950,763.2,420.45
CRISIL,CRISILEQN,4513.4,4504.9,4504.9,-8.5,-0.19,11,49553,5221.5,3686.0
JSWDULUX,JSWDULUXEQN,3106.0,3100.0,3100.0,-6.0,-0.19,5,15500,3745.0,2658.7
MGL,MGLEQN,1115.3,1113.2,1113.2,-2.1,-0.19,203,225979,1378.0,900.0
AGARWALEYE,AGARWALEYEEQN,498.55,497.55,497.55,-1.0,-0.2,1408,700550,568.0,401.0
PFOCUS,PFOCUSEQN,302.55,301.95,301.95,-0.6,-0.2,173,52237,367.0,139.04
PREMIERENE,PREMIERENEEQN,1005.0,1003.0,1003.0,-2.0,-0.2,3942,3953826,1134.0,660.0
SILVERTUC,SILVERTUCEQN,178.96,178.6,178.6,-0.36,-0.2,225,40185,216.8,66.19
SPORTKING,SPORTKINGEQN,224.23,223.78,223.78,-0.45,-0.2,199,44532,241.51,78.17
SHRIPISTON,SHRIPISTONEQN,4610.0,4601.0,4601.0,-9.0,-0.2,27,124227,4785.8,2485.0
NUVOCO,NUVOCOEQN,324.65,324.0,324.0,-0.65,-0.2,930,301320,477.5,276.25
JBMA,JBMAEQN,653.4,652.0,652.0,-1.4,-0.21,978,637656,790.0,477.0
SUNDARMFIN,SUNDARMFINEQN,4539.6,4530.0,4530.0,-9.6,-0.21,20,90600,5642.0,4000.0
SYRMA,SYRMAEQN,1474.1,1471.0,1471.0,-3.1,-0.21,3852,5666292,1543.0,634.5
URJA,URJAEQN,9.22,9.2,9.2,-0.02,-0.22,5507,50664,14.45,8.0
GOODLUCK,GOODLUCKEQN,441.1,440.1,440.1,-1.0,-0.23,332,146113,557.37,305.0
SCHAEFFLER,SCHAEFFLEREQN,4010.2,4001.0,4001.0,-9.2,-0.23,107,428107,4467.7,3518.4
TIINDIA,TIINDIAEQN,2860.0,2853.3,2853.3,-6.7,-0.23,20,57066,3419.9,2164.9
KOTAKBANK,KOTAKBANKEQN,416.7,415.75,415.75,-0.95,-0.23,50215,20876886,453.2,345.5
SWANCORP,SWANCORPEQN,300.15,299.45,299.45,-0.7,-0.23,453,135650,506.0,295.65
RVNL,RVNLEQN,221.39,220.87,220.87,-0.52,-0.23,19198,4240262,400.7,215.11
CRAMC,CRAMCEQN,260.6,260.0,260.0,-0.6,-0.23,657,170820,353.4,214.2
ASHAPURMIN,ASHAPURMINEQN,592.45,591.0,591.0,-1.45,-0.24,2091,1235781,924.9,455.1
MAHSEAMLES,MAHSEAMLESEQN,636.55,635.0,635.0,-1.55,-0.24,213,135255,690.0,500.7
KIOCL,KIOCLEQN,388.95,388.0,388.0,-0.95,-0.24,167,64796,634.55,290.65
MRPL,MRPLEQN,173.61,173.2,173.2,-0.41,-0.24,8030,1390796,212.31,120.45
ANUP,ANUPEQN,1786.2,1782.0,1782.0,-4.2,-0.24,62,110484,2576.0,1422.3
KUSUMGAR,KUSUMGAREQN,580.4,579.0,579.0,-1.4,-0.24,555,321345,659.5,548.0
UPL,UPLEQN,589.3,587.8,587.8,-1.5,-0.25,11326,6657422,812.2,557.95
EICHERMOT,EICHERMOTEQN,8035.0,8015.0,8015.0,-20.0,-0.25,744,5963160,8230.0,5960.0
REDTAPE,REDTAPEEQN,122.56,122.25,122.25,-0.31,-0.25,554,67726,163.5,107.53
HAVELLS,HAVELLSEQN,1258.7,1255.6,1255.6,-3.1,-0.25,855,1073538,1621.1,1123.6
DLINKINDIA,DLINKINDIAEQN,443.8,442.7,442.7,-1.1,-0.25,43,19036,549.2,367.65
JLHL,JLHLEQN,298.75,298.0,298.0,-0.75,-0.25,2,596,340.0,235.6
POLYPLEX,POLYPLEXEQN,1175.4,1172.5,1172.5,-2.9,-0.25,85,99662,1264.0,740.0
MUTHOOTFIN,MUTHOOTFINEQN,3206.9,3198.7,3198.7,-8.2,-0.26,1721,5504962,4149.5,2604.2
CYIENT,CYIENTEQN,1047.7,1045.0,1045.0,-2.7,-0.26,9057,9464565,1284.7,750.3
CMNL,CMNLSMN,114.3,114.0,114.0,-0.3,-0.26,750,85500,183.9,90.0
SIS,SISEQN,421.1,420.0,420.0,-1.1,-0.26,35,14700,480.95,257.05
PRSMJOHNSN,PRSMJOHNSNEQN,112.29,112.0,112.0,-0.29,-0.26,1401,156912,176.0,97.1
NHPC,NHPCEQN,76.24,76.04,76.04,-0.2,-0.26,48260,3669690,89.22,71.62
AEQUS,AEQUSEQN,251.66,251.0,251.0,-0.66,-0.26,37970,9530470,274.39,113.3
AIRAN,AIRANEQN,14.9,14.86,14.86,-0.04,-0.27,822,12214,27.49,12.63
UCOBANK,UCOBANKEQN,26.19,26.12,26.12,-0.07,-0.27,21765,568501,34.2,22.22
WELSPUNLIV,WELSPUNLIVEQN,190.63,190.11,190.11,-0.52,-0.27,5774,1097695,195.0,107.1
360ONE,360ONEEQN,1197.2,1194.0,1194.0,-3.2,-0.27,486,580284,1236.2,906.05
GABRIEL,GABRIELEQN,1342.6,1339.0,1339.0,-3.6,-0.27,702,939978,1600.0,795.7
HCLTECH,HCLTECHEQN,1298.5,1295.0,1295.0,-3.5,-0.27,4784,6195280,1780.1,1030.0
BLKASHYAP,BLKASHYAPEQN,55.15,55.0,55.0,-0.15,-0.27,460,25300,73.0,40.32
SAPPHIRE,SAPPHIREEQN,249.68,249.0,249.0,-0.68,-0.27,9311,2318439,347.9,139.91
ITC,ITCEQN,270.25,269.5,269.5,-0.75,-0.28,54716,14745962,427.0,265.0
KTKBANK,KTKBANKEQN,337.7,336.75,336.75,-0.95,-0.28,2587,871172,341.0,169.12
TIMKEN,TIMKENEQN,3098.7,3090.0,3090.0,-8.7,-0.28,23,71070,3925.0,2800.5
HATHWAY,HATHWAYEQN,10.57,10.54,10.54,-0.03,-0.28,9430,99392,15.25,8.76
BORORENEW,BORORENEWEQN,527.0,525.5,525.5,-1.5,-0.28,992,521296,721.0,374.4
KANSAINER,KANSAINEREQN,201.33,200.75,200.75,-0.58,-0.29,421,84515,264.0,157.91
REFEX,REFEXEQN,296.85,296.0,296.0,-0.85,-0.29,613,181448,415.0,188.0
NAUKRI,NAUKRIEQN,1323.5,1319.6,1319.6,-3.9,-0.29,564,744254,1433.6,908.3
GNFC,GNFCEQN,584.25,582.55,582.55,-1.7,-0.29,402,234185,619.0,365.0
SETCO,SETCOBEN,17.54,17.49,17.49,-0.05,-0.29,1050,18364,28.62,11.56
GYFTR,GYFTREQN,168.19,167.7,167.7,-0.49,-0.29,7,1173,175.0,139.69
ARROWGREEN,ARROWGREENBEN,693.05,691.0,691.0,-2.05,-0.3,100,69100,821.6,341.95
KAYNES,KAYNESEQN,4032.0,4020.0,4020.0,-12.0,-0.3,6382,25655640,7705.0,2995.0
POCL,POCLEQN,512.45,510.9,510.9,-1.55,-0.3,582,297343,647.6,392.2
GOKEX,GOKEXEQN,787.1,784.7,784.7,-2.4,-0.3,421,330358,954.9,531.0
VADILALIND,VADILALINDEQN,7423.0,7401.0,7401.0,-22.0,-0.3,2,14802,8447.0,3996.0
TENNIND,TENNINDEQN,539.6,538.0,538.0,-1.6,-0.3,3212,1728056,657.0,438.05
KECL,KECLEQN,130.44,130.05,130.05,-0.39,-0.3,130,16906,155.0,75.47
KCPSUGIND,KCPSUGINDBEN,33.31,33.21,33.21,-0.1,-0.3,14,464,36.95,21.45
TAALTECH,TAALTECHEQN,4501.5,4488.0,4488.0,-13.5,-0.3,1,4488,4696.0,2616.1
INDOMIM,INDOMIMEQN,895.75,893.0,893.0,-2.75,-0.31,5712,5100816,989.9,700.0
OAL,OALEQN,401.25,400.0,400.0,-1.25,-0.31,2334,933600,432.55,228.0
INDRAMEDCO,INDRAMEDCOEQN,369.3,368.1,368.1,-1.2,-0.32,239,87975,640.85,342.0
ALKYLAMINE,ALKYLAMINEEQN,2089.6,2083.0,2083.0,-6.6,-0.32,107,222881,2139.2,1212.0
ASHOKA,ASHOKAEQN,114.07,113.7,113.7,-0.37,-0.32,1481,168389,214.5,101.0
ECORECO,ECORECOEQN,456.95,455.5,455.5,-1.45,-0.32,46,20953,494.9,443.75
EUREKAFORB,EUREKAFORBEQN,425.45,424.05,424.05,-1.4,-0.33,117,49613,668.3,403.2
SANGHVIMOV,SANGHVIMOVEQN,458.5,457.0,457.0,-1.5,-0.33,616,281512,528.0,223.8
GRASIM,GRASIMEQN,3299.9,3289.0,3289.0,-10.9,-0.33,708,2328612,3411.1,2502.5
WALCHANNAG,WALCHANNAGEQN,220.94,220.2,220.2,-0.74,-0.33,598,131679,315.8,131.15
GMMPFAUDLR,GMMPFAUDLREQN,1017.4,1014.0,1014.0,-3.4,-0.33,275,278850,1307.5,735.0
VIPIND,VIPINDEQN,310.9,309.85,309.85,-1.05,-0.34,234,72504,454.3,278.25
BALAJEE,BALAJEEEQN,26.21,26.12,26.12,-0.09,-0.34,633,16533,59.9,21.1
CONCORDBIO,CONCORDBIOEQN,1542.2,1537.0,1537.0,-5.2,-0.34,388,596356,1733.9,987.0
BAJAJCON,BAJAJCONEQN,463.5,461.9,461.9,-1.6,-0.35,835,385686,692.0,220.1
VGUARD,VGUARDEQN,329.65,328.5,328.5,-1.15,-0.35,779,255901,392.2,288.8
DIACABS,DIACABSBEN,338.3,337.1,337.1,-1.2,-0.35,765,257881,379.0,115.57
EMMVEE,EMMVEEEQN,332.95,331.8,331.8,-1.15,-0.35,3834,1272121,371.55,171.51
ZAGGLE,ZAGGLEEQN,190.76,190.07,190.07,-0.69,-0.36,7205,1369454,412.0,154.36
COSMOFIRST,COSMOFIRSTEQN,924.3,921.0,921.0,-3.3,-0.36,164,151044,1034.9,560.8
ULTRACEMCO,ULTRACEMCOEQN,11717.0,11674.0,11674.0,-43.0,-0.37,434,5066516,13110.0,10325.0
BIRLACORPN,BIRLACORPNEQN,895.3,892.0,892.0,-3.3,-0.37,35,31220,1346.1,769.6
AFCONS,AFCONSEQN,285.05,284.0,284.0,-1.05,-0.37,1393,395612,479.4,259.1
DYCL,DYCLEQN,458.9,457.2,457.2,-1.7,-0.37,1182,540410,475.0,236.8
SHREDIGCEM,SHREDIGCEMEQN,75.28,75.0,75.0,-0.28,-0.37,192,14400,100.8,53.9
SPIC,SPICEQN,70.28,70.02,70.02,-0.26,-0.37,331,23176,128.2,55.1
MPHASIS,MPHASISEQN,2400.0,2391.2,2391.2,-8.8,-0.37,247,590626,3037.2,2013.0
BCLIND,BCLINDEQN,37.69,37.55,37.55,-0.14,-0.37,960,36048,44.9,25.53
SOMICONVEY,SOMICONVEYEQN,91.85,91.5,91.5,-0.35,-0.38,5,457,169.4,80.16
RUBFILA,RUBFILAEQN,65.9,65.65,65.65,-0.25,-0.38,340,22321,89.24,57.31
KFINTECH,KFINTECHEQN,976.5,972.8,972.8,-3.7,-0.38,1266,1231564,1215.0,784.95
UGARSUGAR,UGARSUGAREQN,54.97,54.76,54.76,-0.21,-0.38,268,14675,62.1,33.75
AWHCL,AWHCLEQN,384.5,383.05,383.05,-1.45,-0.38,192,73545,616.0,372.5
FLEXITUFF,FLEXITUFFBEN,2.61,2.6,2.6,-0.01,-0.38,5000,13000,29.49,2.55
BLIL,BLILEQN,71.9,71.63,71.63,-0.27,-0.38,325,23279,79.5,67.0
BHARATCOAL,BHARATCOALEQN,34.43,34.3,34.3,-0.13,-0.38,16984,582551,45.09,29.74
SHARDUL,SHARDULBEN,52.21,52.01,52.01,-0.2,-0.38,100,5201,60.0,23.05
ORISSAMINE,ORISSAMINEEQN,4572.2,4555.0,4555.0,-17.2,-0.38,1,4555,6138.9,3100.5
CAPACITE,CAPACITEEQN,227.38,226.5,226.5,-0.88,-0.39,3537,801130,334.0,180.0
MOLBIO,MOLBIOEQN,1238.85,1234.0,1234.0,-4.85,-0.39,3243,4001862,1264.6,926.35
BLEL,BLELEQN,470.85,469.0,469.0,-1.85,-0.39,12428,5828732,548.0,431.2
TBOTEK,TBOTEKEQN,1706.5,1699.7,1699.7,-6.8,-0.4,243,413027,1764.8,1004.2
TCI,TCIEQN,903.15,899.5,899.5,-3.65,-0.4,150,134925,1242.0,868.05
JYOTIRES,JYOTIRESEQN,903.65,900.0,900.0,-3.65,-0.4,30,27000,911.0,830.25
IKIO,IKIOEQN,192.08,191.3,191.3,-0.78,-0.41,269,51459,248.88,103.53
BALKRISHNA,BALKRISHNAEQN,17.18,17.11,17.11,-0.07,-0.41,1,17,25.97,12.0
IRISDOREME,IRISDOREMEEQN,57.85,57.61,57.61,-0.24,-0.41,600,34566,60.2,26.35
INDOTECH,INDOTECHEQN,3745.9,3730.0,3730.0,-15.9,-0.42,26,96980,4030.0,1100.0
PGIL,PGILEQN,2289.6,2280.0,2280.0,-9.6,-0.42,120,273600,2539.6,1178.1
GALLANTT,GALLANTTEQN,583.5,581.0,581.0,-2.5,-0.43,75,43575,948.0,496.25
DUCON,DUCONEQN,2.35,2.34,2.34,-0.01,-0.43,7453,17440,4.57,1.57
BLACKBUCK,BLACKBUCKEQN,605.3,602.7,602.7,-2.6,-0.43,896,540019,748.0,496.0
SURANASOL,SURANASOLEQN,25.77,25.66,25.66,-0.11,-0.43,633,16242,39.08,18.31
LANDMARK,LANDMARKEQN,516.2,514.0,514.0,-2.2,-0.43,152,78128,662.8,339.5
RALLIS,RALLISEQN,213.93,213.01,213.01,-0.92,-0.43,1277,272013,381.8,207.53
KIRIINDUS,KIRIINDUSEQN,516.2,514.0,514.0,-2.2,-0.43,6027,3097878,779.0,333.8
WELENT,WELENTEQN,692.85,689.9,689.9,-2.95,-0.43,1724,1189387,700.0,412.0
JMFINANCIL,JMFINANCILEQN,132.84,132.25,132.25,-0.59,-0.44,9091,1202284,195.6,112.0
BAJAJFINSV,BAJAJFINSVEQN,2010.0,2001.1,2001.1,-8.9,-0.44,1843,3688027,2195.0,1597.0
USK,USKEQN,21.56,21.46,21.46,-0.1,-0.46,101,2167,35.17,18.97
SIL,SILEQN,19.65,19.56,19.56,-0.09,-0.46,13,254,22.3,11.7
MAZDA,MAZDABEN,241.11,240.0,240.0,-1.11,-0.46,4,960,308.0,159.2
RESPONIND,RESPONINDEQN,151.71,151.0,151.0,-0.71,-0.47,54,8154,240.9,117.25
AVG,AVGBEN,185.89,185.02,185.02,-0.87,-0.47,27,4995,256.73,113.26
FLUOROCHEM,FLUOROCHEMEQN,4732.1,4710.0,4710.0,-22.1,-0.47,98,461580,4958.9,2916.6
INFOBEAN,INFOBEANEQN,155.54,154.8,154.8,-0.74,-0.48,692,107121,257.5,116.5
ITI,ITIEQN,278.55,277.2,277.2,-1.35,-0.48,281,77893,372.85,237.0
INDOFARM,INDOFARMEQN,139.67,139.0,139.0,-0.67,-0.48,165,22935,271.69,110.7
DCMSRIND,DCMSRINDEQN,47.84,47.61,47.61,-0.23,-0.48,556,26471,181.9,31.9
HPL,HPLEQN,313.5,312.0,312.0,-1.5,-0.48,161,50232,507.9,255.55
OSWALAGRO,OSWALAGROEQN,36.79,36.61,36.61,-0.18,-0.49,100,3661,81.89,33.4
SHRIRAMFIN,SHRIRAMFINEQN,1117.5,1112.0,1112.0,-5.5,-0.49,40468,45000416,1153.7,566.5
EIHOTEL,EIHOTELEQN,303.5,302.0,302.0,-1.5,-0.49,200,60400,434.8,271.15
CUB,CUBEQN,226.8,225.7,225.7,-1.1,-0.49,3511,792432,245.38,145.13
HGS,HGSEQN,401.95,400.0,400.0,-1.95,-0.49,16,6400,546.35,342.05
UNITDSPR,UNITDSPREQN,1538.5,1531.0,1531.0,-7.5,-0.49,340,520540,1563.4,1210.8
ZFCVINDIA,ZFCVINDIAEQN,2588.4,2575.6,2575.6,-12.8,-0.49,16,41209,3044.0,2050.33
BALAXI,BALAXIEQN,22.41,22.3,22.3,-0.11,-0.49,5,111,47.87,15.2
FINCABLES,FINCABLESEQN,1286.35,1280.0,1280.0,-6.35,-0.49,2050,2624000,1374.0,700.8
VAKRANGEE,VAKRANGEEEQN,6.05,6.02,6.02,-0.03,-0.5,2237,13466,9.77,4.61
AAVAS,AAVASEQN,1285.8,1279.4,1279.4,-6.4,-0.5,381,487451,1771.9,1060.4
FIVESTAR,FIVESTAREQN,515.05,512.5,512.5,-2.55,-0.5,1393,713912,666.0,338.15
SURYAROSNI,SURYAROSNIEQN,219.62,218.5,218.5,-1.12,-0.51,407,88929,314.5,187.35
SAIL,SAILEQN,194.9,193.9,193.9,-1.0,-0.51,99796,19350444,209.7,118.1
DATAPATTNS,DATAPATTNSEQN,4779.4,4755.0,4755.0,-24.4,-0.51,1784,8482920,5000.0,2131.0
INNOVACAP,INNOVACAPEQN,1031.25,1026.0,1026.0,-5.25,-0.51,428,439128,1120.0,622.0
BI,BIBEN,92.07,91.6,91.6,-0.47,-0.51,3,274,111.51,51.62
APOLLO,APOLLOEQN,388.0,386.0,386.0,-2.0,-0.52,25220,9734920,466.5,179.5
BHAGERIA,BHAGERIABEN,221.3,220.15,220.15,-1.15,-0.52,60,13209,244.6,127.51
CHEVIOT,CHEVIOTEQN,1154.0,1148.0,1148.0,-6.0,-0.52,10,11480,1370.5,898.0
PCJEWELLER,PCJEWELLEREQN,11.23,11.17,11.17,-0.06,-0.53,1625232,18153841,15.38,7.47
FOODSIN,FOODSINEQN,53.33,53.05,53.05,-0.28,-0.53,226,11989,95.9,44.0
RELIGARE,RELIGAREEQN,227.85,226.65,226.65,-1.2,-0.53,460,104259,280.0,196.51
ARVIND,ARVINDEQN,541.95,539.0,539.0,-2.95,-0.54,869,468391,600.0,274.8
GOLDTECH,GOLDTECHBEN,51.78,51.5,51.5,-0.28,-0.54,11,566,72.5,29.68
RUBICON,RUBICONEQN,1818.8,1809.0,1809.0,-9.8,-0.54,1748,3162132,1872.0,570.75
HNDFDS,HNDFDSEQN,636.5,633.0,633.0,-3.5,-0.55,59,37347,677.75,442.0
ENTERO,ENTEROEQN,1648.0,1639.0,1639.0,-9.0,-0.55,474,776886,1786.4,944.0
CGCL,CGCLEQN,256.35,254.95,254.95,-1.4,-0.55,29651,7559522,264.53,151.1
ANAWIL,ANAWILSMN,427.65,425.3,425.3,-2.35,-0.55,800,340240,491.95,313.2
CARTRADE,CARTRADEEQN,3142.2,3125.0,3125.0,-17.2,-0.55,407,1271875,3290.5,1600.0
CEMPRO,CEMPROEQN,1287.1,1280.0,1280.0,-7.1,-0.55,115,147200,1649.2,503.3
LCL,LCLEQN,598.2,594.9,594.9,-3.3,-0.55,958,569914,604.7,461.0
HCL-INSYS,HCL-INSYSEQN,10.87,10.81,10.81,-0.06,-0.55,979,10582,16.5,9.01
PTCIL,PTCILEQN,20919.0,20801.0,20801.0,-118.0,-0.56,50,1040050,21800.0,13400.0
CSBBANK,CSBBANKEQN,347.75,345.8,345.8,-1.95,-0.56,696,240676,574.4,312.95
MAWANASUG,MAWANASUGEQN,141.12,140.33,140.33,-0.79,-0.56,802,112544,164.0,75.08
UNIVASTU,UNIVASTUBEN,157.89,157.0,157.0,-0.89,-0.56,3,471,178.98,56.02
TIRUMALCHM,TIRUMALCHMEQN,160.97,160.05,160.05,-0.92,-0.57,518,82905,328.8,143.5
PARADEEP,PARADEEPEQN,163.84,162.91,162.91,-0.93,-0.57,18187,2962844,232.22,99.7
COMSYN,COMSYNEQN,288.72,287.05,287.05,-1.67,-0.58,80,22964,298.0,133.57
SUMMITSEC,SUMMITSECEQN,1433.3,1425.0,1425.0,-8.3,-0.58,2,2850,2495.0,1312.0
DHARMAJ,DHARMAJEQN,269.55,268.0,268.0,-1.55,-0.58,320,85760,376.85,210.65
TATACONSUM,TATACONSUMEQN,1047.1,1041.0,1041.0,-6.1,-0.58,3156,3285396,1282.7,1007.2
IREDA,IREDAEQN,118.8,118.1,118.1,-0.7,-0.59,15142,1788270,163.35,108.65
BDL,BDLEQN,1363.0,1355.0,1355.0,-8.0,-0.59,2815,3814325,1654.0,1086.0
TOLINS,TOLINSEQN,96.58,96.01,96.01,-0.57,-0.59,7,672,202.0,83.04
SHRADHA,SHRADHAEQN,32.44,32.25,32.25,-0.19,-0.59,15,483,58.95,26.34
PAUSHAKLTD,PAUSHAKLTDEQN,750.55,746.15,746.15,-4.4,-0.59,48,35815,814.65,342.5
SAKSOFT,SAKSOFTEQN,161.36,160.4,160.4,-0.96,-0.59,140,22456,224.75,107.59
MCX,MCXEQN,3350.0,3330.0,3330.0,-20.0,-0.6,4813,16027290,3480.0,1460.8
MAHLOG,MAHLOGEQN,399.4,397.0,397.0,-2.4,-0.6,240,95280,450.0,275.05
FUSION,FUSIONEQN,205.24,204.0,204.0,-1.24,-0.6,107,21828,243.0,136.5
BIOCON,BIOCONEQN,417.5,415.0,415.0,-2.5,-0.6,1694,703010,447.15,337.05
SUMIT,SUMITEQN,51.21,50.9,50.9,-0.31,-0.61,1,50,104.0,31.74
WAKEFIT,WAKEFITEQN,145.72,144.83,144.83,-0.89,-0.61,3407,493435,224.0,111.4
SHREEJISPG,SHREEJISPGEQN,639.0,635.1,635.1,-3.9,-0.61,800,508080,681.55,222.0
LAMBODHARA,LAMBODHARAEQN,141.88,141.0,141.0,-0.88,-0.62,179,25239,162.0,81.8
GODAVARIB,GODAVARIBEQN,243.15,241.65,241.65,-1.5,-0.62,67,16190,353.0,227.42
IIFL,IIFLEQN,654.05,650.0,650.0,-4.05,-0.62,2788,1812200,705.0,409.1
MFSL,MFSLEQN,1600.0,1590.0,1590.0,-10.0,-0.63,377,599430,1892.5,1433.6
AGARIND,AGARINDEQN,470.2,467.25,467.25,-2.95,-0.63,75,35043,1006.0,360.0
ELPROINTL,ELPROINTLEQN,174.6,173.5,173.5,-1.1,-0.63,6,1041,180.89,86.0
UBL,UBLEQN,1353.7,1345.1,1345.1,-8.6,-0.64,194,260949,1882.0,1276.0
ATHERENERG,ATHERENERGEQN,1494.6,1485.0,1485.0,-9.6,-0.64,17531,26033535,1580.0,413.3
SAMBHAAV,SAMBHAAVEQN,6.24,6.2,6.2,-0.04,-0.64,11,68,11.53,5.07
ANTELOPUS,ANTELOPUSEQN,792.05,787.0,787.0,-5.05,-0.64,254,199898,933.65,357.0
BAFNAPH,BAFNAPHBEN,280.6,278.8,278.8,-1.8,-0.64,496,138284,290.7,94.77
ORKLAINDIA,ORKLAINDIAEQN,579.8,575.95,575.95,-3.85,-0.66,12,6911,760.0,533.25
PACEDIGITK,PACEDIGITKEQN,181.47,180.25,180.25,-1.22,-0.67,1279,230539,231.95,139.81
PNBHOUSING,PNBHOUSINGEQN,1185.0,1177.0,1177.0,-8.0,-0.68,459,540243,1211.5,729.6
NAHARINDUS,NAHARINDUSEQN,135.92,135.0,135.0,-0.92,-0.68,166,22410,154.0,83.05
SAURASHCEM,SAURASHCEMEQN,59.01,58.61,58.61,-0.4,-0.68,251,14711,125.35,47.65
IGCL,IGCLEQN,72.46,71.96,71.96,-0.5,-0.69,40,2878,118.99,49.46
ICEMAKE,ICEMAKEEQN,734.0,728.9,728.9,-5.1,-0.69,2,1457,920.0,660.3
LUPIN,LUPINEQN,2185.0,2169.6,2169.6,-15.4,-0.7,23632,51271987,2529.5,1875.0
SHILCTECH,SHILCTECHEQN,3947.8,3920.0,3920.0,-27.8,-0.7,11,43120,5399.0,2852.5
AGL,AGLEQN,14.32,14.22,14.22,-0.1,-0.7,1589,22595,22.0,12.03
APRAMEYA,APRAMEYASMN,133.0,132.05,132.05,-0.95,-0.71,2500,330125,360.0,114.25
FEDFINA,FEDFINAEQN,160.15,159.01,159.01,-1.14,-0.71,771,122596,178.48,119.07
RBZJEWEL,RBZJEWELEQN,149.33,148.25,148.25,-1.08,-0.72,1133,167967,179.0,100.0
INDUSINVIT,INDUSINVITIVN,134.52,133.55,133.55,-0.97,-0.72,1103,147305,138.0,111.01
GIPCL,GIPCLEQN,201.47,200.0,200.0,-1.47,-0.73,4019,803800,204.55,119.9
URAVIDEF,URAVIDEFBEN,106.78,106.0,106.0,-0.78,-0.73,162,17172,488.0,101.0
KRITINUT,KRITINUTEQN,88.1,87.45,87.45,-0.65,-0.74,102,8919,104.53,51.36
STANLEY,STANLEYEQN,137.01,136.0,136.0,-1.01,-0.74,300,40800,320.45,123.0
PRIMESECU,PRIMESECUEQN,283.8,281.7,281.7,-2.1,-0.74,100,28170,325.0,244.5
HESTERBIO,HESTERBIOEQN,2354.4,2336.7,2336.7,-17.7,-0.75,10,23367,2683.6,1239.3
UFO,UFOEQN,66.51,66.01,66.01,-0.5,-0.75,1,66,92.97,53.75
NUCLEUS,NUCLEUSEQN,740.1,734.55,734.55,-5.55,-0.75,9,6610,1084.8,682.0
DAVANGERE,DAVANGEREEQN,2.65,2.63,2.63,-0.02,-0.75,148584,390775,5.5,2.12
SPECTRUM,SPECTRUMBEN,2166.2,2150.0,2150.0,-16.2,-0.75,10,21500,2637.2,1050.0
ZEELEARN,ZEELEARNBEN,7.89,7.83,7.83,-0.06,-0.76,267,2090,10.45,4.17
GRINFRA,GRINFRAEQN,905.2,898.3,898.3,-6.9,-0.76,103,92524,1345.0,785.0
MAMATA,MAMATAEQN,410.15,407.0,407.0,-3.15,-0.77,61,24827,515.0,297.0
PARKHOTELS,PARKHOTELSEQN,113.64,112.75,112.75,-0.89,-0.78,96,10824,164.1,95.1
VISACHROME,VISACHROMEEQN,37.3,37.0,37.0,-0.3,-0.8,9,333,73.68,27.05
RAJESHEXPO,RAJESHEXPOBZN,76.66,76.05,76.05,-0.61,-0.8,370,28138,237.88,72.63
POEL,POELEQN,150.86,149.65,149.65,-1.21,-0.8,280,41902,168.97,145.0
HONAUT,HONAUTEQN,36445.0,36145.0,36145.0,-300.0,-0.82,5,180725,41495.0,26220.0
BANG,BANGEQN,33.83,33.55,33.55,-0.28,-0.83,550,18452,62.07,25.84
BAJAJHCARE,BAJAJHCAREEQN,326.45,323.7,323.7,-2.75,-0.84,272,88046,515.9,272.35
LANCORHOL,LANCORHOLEQN,30.86,30.6,30.6,-0.26,-0.84,155,4743,33.9,18.12
UFBL,UFBLBEN,756.3,749.95,749.95,-6.35,-0.84,826,619458,850.0,172.34
BAJAJST,BAJAJSTEQN,354.2,351.2,351.2,-3.0,-0.85,2,702,507.8,348.0
SANSTAR,SANSTAREQN,110.15,109.2,109.2,-0.95,-0.86,200,21840,137.49,74.3
CHOLAHLDNG,CHOLAHLDNGEQN,1559.4,1546.0,1546.0,-13.4,-0.86,285,440610,2064.0,1305.0
VMART,VMARTEQN,852.35,845.0,845.0,-7.35,-0.86,5,4225,888.0,457.9
BAJAJHLDNG,BAJAJHLDNGEQN,11540.0,11440.0,11440.0,-100.0,-0.87,107,1224080,13880.0,8588.0
SICALLOG,SICALLOGBEN,104.81,103.9,103.9,-0.91,-0.87,67,6961,122.5,60.11
CYBERMEDIA,CYBERMEDIAEQN,18.17,18.01,18.01,-0.16,-0.88,260,4682,22.81,11.3
HIRECT,HIRECTEQN,1246.8,1235.8,1235.8,-11.0,-0.88,1020,1260516,1399.0,565.2
JAYBARMARU,JAYBARMARUEQN,123.85,122.75,122.75,-1.1,-0.89,488,59902,207.0,74.15
SPCENET,SPCENETEQN,3.34,3.31,3.31,-0.03,-0.9,10000,33100,11.24,3.0
URBANCO,URBANCOEQN,167.53,166.0,166.0,-1.53,-0.91,29464,4891024,201.18,100.7
TCC,TCCEQN,235.15,233.0,233.0,-2.15,-0.91,1807,421031,526.4,223.4
SHRADDHA,SHRADDHAEQN,146.36,145.0,145.0,-1.36,-0.93,10,1450,179.0,142.0
ASHIMASYN,ASHIMASYNEQN,18.12,17.95,17.95,-0.17,-0.94,60,1077,26.0,11.5
APOLLOPIPE,APOLLOPIPEEQN,653.1,646.95,646.95,-6.15,-0.94,1800,1164510,668.8,252.1
BAJAJINDEF,BAJAJINDEFEQN,229.65,227.5,227.5,-2.15,-0.94,56,12740,442.6,207.25
MODTHREAD,MODTHREADEQN,56.05,55.51,55.51,-0.54,-0.96,51,2831,65.65,35.61
EIDPARRY,EIDPARRYEQN,796.35,788.6,788.6,-7.75,-0.97,3768,2971444,1176.0,698.2
INDOAMIN,INDOAMINBEN,121.17,120.0,120.0,-1.17,-0.97,1030,123600,155.83,81.9
XELPMOC,XELPMOCEQN,81.81,81.01,81.01,-0.8,-0.98,50,4050,155.5,74.0
DHUNINV,DHUNINVEQN,1115.9,1105.0,1105.0,-10.9,-0.98,59,65195,1573.1,667.1
TARMAT,TARMATEQN,62.54,61.92,61.92,-0.62,-0.99,2703,167369,73.9,46.26
PTL,PTLEQN,38.69,38.3,38.3,-0.39,-1.01,751,28763,43.77,36.1
JPOLYINVST,JPOLYINVSTEQN,992.2,982.1,982.1,-10.1,-1.02,251,246507,1487.7,716.05
SPLPETRO,SPLPETROEQN,708.3,701.1,701.1,-7.2,-1.02,252,176677,979.0,462.3
MACPOWER,MACPOWEREQN,1850.6,1831.8,1831.8,-18.8,-1.02,403,738215,2050.0,761.0
KSE,KSEEQN,180.23,178.4,178.4,-1.83,-1.02,378,67435,205.0,173.31
SIKA,SIKAEQN,1020.4,1010.0,1010.0,-10.4,-1.02,18,18180,1359.4,870.1
KOHINOOR,KOHINOOREQN,34.66,34.3,34.3,-0.36,-1.04,503,17252,38.47,19.2
MONOLITH,MONOLITHSMN,1113.2,1101.65,1101.65,-11.55,-1.04,250,275412,1143.0,367.0
ORIRAIL,ORIRAILEQN,132.99,131.61,131.61,-1.38,-1.04,3594,473006,142.0,102.8
SSDL,SSDLEQN,57.25,56.65,56.65,-0.6,-1.05,7,396,95.4,46.15
VIRINCHI,VIRINCHIEQN,15.28,15.12,15.12,-0.16,-1.05,808,12216,32.69,13.81
SHANTIGEAR,SHANTIGEAREQN,561.5,555.45,555.45,-6.05,-1.08,2771,1539151,592.0,384.0
DATAMATICS,DATAMATICSEQN,798.7,790.1,790.1,-8.6,-1.08,384,303398,1054.0,632.0
IRIS,IRISEQN,237.61,235.0,235.0,-2.61,-1.1,15,3525,388.1,203.0
INNOVISION,INNOVISIONEQN,254.8,252.0,252.0,-2.8,-1.1,388,97776,470.0,251.05
BALAMINES,BALAMINESEQN,2437.2,2410.0,2410.0,-27.2,-1.12,765,1843650,2461.0,968.1
KJMCFIN,KJMCFINEQN,73.78,72.95,72.95,-0.83,-1.12,34,2480,84.5,51.01
UMIYA-MRO,UMIYA-MROEQN,89.24,88.22,88.22,-1.02,-1.14,15,1323,110.9,70.0
BOROLTD,BOROLTDEQN,255.35,252.42,252.42,-2.93,-1.15,3381,853432,397.95,213.73
MBLINFRA,MBLINFRAEQN,23.68,23.4,23.4,-0.28,-1.18,6,140,52.48,18.37
NORTHARC,NORTHARCEQN,293.5,290.05,290.05,-3.45,-1.18,3035,880301,334.0,206.0
KARMAENG,KARMAENGEQN,38.0,37.55,37.55,-0.45,-1.18,7,262,73.7,34.38
SATIA,SATIAEQN,58.69,58.0,58.0,-0.69,-1.18,1645,95410,87.74,50.8
QUICKHEAL,QUICKHEALBEN,140.15,138.5,138.5,-1.65,-1.18,626,86701,371.4,125.0
MAHEPC,MAHEPCEQN,107.34,106.06,106.06,-1.28,-1.19,12,1272,182.5,91.91
SOMATEX,SOMATEXEQN,84.78,83.75,83.75,-1.03,-1.21,5,418,161.25,62.15
DALBHARAT,DALBHARATEQN,1898.0,1874.9,1874.9,-23.1,-1.22,1056,1979894,2496.3,1605.0
CHEMBOND,CHEMBONDEQN,172.12,170.0,170.0,-2.12,-1.23,10,1700,209.99,105.15
EMKAY,EMKAYEQN,239.24,236.25,236.25,-2.99,-1.25,150,35437,409.9,186.0
OMAXE,OMAXEEQN,109.37,108.0,108.0,-1.37,-1.25,11038,1192104,115.0,62.5
SINDHUTRAD,SINDHUTRADEQN,25.3,24.98,24.98,-0.32,-1.26,9449,236036,32.74,17.64
TRACXN,TRACXNEQN,29.98,29.6,29.6,-0.38,-1.27,5,148,55.9,25.39
ALMONDZ,ALMONDZEQN,14.74,14.55,14.55,-0.19,-1.29,84,1222,22.1,10.68
AURUS,AURUSEQN,4.61,4.55,4.55,-0.06,-1.3,150,682,7.49,4.1
TATAPOWER,TATAPOWEREQN,364.0,359.2,359.2,-4.8,-1.32,267342,96029246,464.9,342.5
AARTISURF,AARTISURFBEN,538.15,531.0,531.0,-7.15,-1.33,10,5310,677.7,316.0
MIIL,MIILEQN,726.45,716.75,716.75,-9.7,-1.34,32,22936,742.9,660.0
RUCHIRA,RUCHIRAEQN,103.42,102.0,102.0,-1.42,-1.37,200,20400,173.0,95.17
BIRLAPREC,BIRLAPRECEQN,44.12,43.51,43.51,-0.61,-1.38,251,10921,49.99,32.25
LIBAS,LIBASEQN,10.65,10.5,10.5,-0.15,-1.41,12,126,14.3,9.02
BUILDPRO,BUILDPROEQN,1262.9,1245.0,1245.0,-17.9,-1.42,571,710895,1380.0,636.0
SHYAMCENT,SHYAMCENTBEN,4.89,4.82,4.82,-0.07,-1.43,847,4082,9.75,3.68
AFFORDABLE,AFFORDABLEBEN,165.92,163.55,163.55,-2.37,-1.43,176,28784,356.8,119.71
CPL,CPLEQN,66.08,65.12,65.12,-0.96,-1.45,1,65,75.74,63.52
VIPCLOTHNG,VIPCLOTHNGEQN,20.53,20.23,20.23,-0.3,-1.46,599,12117,41.2,14.05
OILCOUNTUB,OILCOUNTUBBEN,59.69,58.8,58.8,-0.89,-1.49,101,5938,84.6,35.65
GTL,GTLEQN,7.34,7.23,7.23,-0.11,-1.5,153,1106,11.26,4.91
BATLIBOI,BATLIBOIEQN,86.83,85.5,85.5,-1.33,-1.53,1348,115254,106.5,71.21
LOKESHMACH,LOKESHMACHBEN,308.95,304.2,304.2,-4.75,-1.54,90,27378,358.25,138.96
MOHITE,MOHITEEQN,2.59,2.55,2.55,-0.04,-1.54,11,28,2.8,2.15
RAMAPHO,RAMAPHOEQN,128.0,126.0,126.0,-2.0,-1.56,126,15876,217.19,103.5
JETFREIGHT,JETFREIGHTEQN,22.86,22.5,22.5,-0.36,-1.57,50,1125,25.95,11.9
FOSECOIND,FOSECOINDEQN,6077.5,5982.0,5982.0,-95.5,-1.57,549,3284118,6846.0,4300.0
SHREYANIND,SHREYANINDEQN,124.99,123.01,123.01,-1.98,-1.58,336,41331,247.22,121.76
VIRAT,VIRATEQN,442.0,435.0,435.0,-7.0,-1.58,23,10005,494.4,268.05
HINDCOPPER,HINDCOPPEREQN,556.05,547.2,547.2,-8.85,-1.59,735719,402585436,760.05,226.7
NIBL,NIBLEQN,30.65,30.16,30.16,-0.49,-1.6,3,90,40.8,24.06
SHALPAINTS,SHALPAINTSBEN,81.55,80.23,80.23,-1.32,-1.62,10,802,95.95,35.21
KILITCH,KILITCHBEN,171.27,168.5,168.5,-2.77,-1.62,27,4549,219.5,117.25
BRNL,BRNLEQN,17.3,17.02,17.02,-0.28,-1.62,1061,18058,26.5,16.66
GENCON,GENCONEQN,46.77,46.0,46.0,-0.77,-1.65,573,26358,59.96,36.35
SASKEN,SASKENEQN,1863.0,1832.0,1832.0,-31.0,-1.66,274,501968,2780.2,991.0
NEPHROCARE,NEPHROCARESMN,98.65,97.0,97.0,-1.65,-1.67,1200,116400,177.95,50.05
NIPPOBATRY,NIPPOBATRYEQN,325.45,320.0,320.0,-5.45,-1.67,1,320,505.9,257.0
MODINATUR,MODINATURBEN,381.35,375.0,375.0,-6.35,-1.67,1449,543375,524.8,252.3
NILE,NILEEQN,1497.2,1472.1,1472.1,-25.1,-1.68,112,164875,2018.9,1445.7
BCPL,BCPLEQN,69.81,68.6,68.6,-1.21,-1.73,71,4870,92.0,60.0
MOHITIND,MOHITINDEQN,23.48,23.06,23.06,-0.42,-1.79,10,230,39.89,18.6
SATIN,SATINEQN,227.06,223.0,223.0,-4.06,-1.79,559,124657,274.14,133.01
LOTUSEYE,LOTUSEYEEQN,111.61,109.6,109.6,-2.01,-1.8,6,657,147.0,97.59
RGL,RGLEQN,152.58,149.79,149.79,-2.79,-1.83,33624,5036538,159.0,85.0
HALDYNGL,HALDYNGLBEN,132.54,130.1,130.1,-2.44,-1.84,130,16913,139.19,85.0
DBEIL,DBEILBEN,6.48,6.36,6.36,-0.12,-1.85,730,4642,18.56,5.15
FACT,FACTEQN,866.25,850.1,850.1,-16.15,-1.86,7565,6431006,1058.6,652.1
HINDALUMI,HINDALUMIEQN,99.88,98.0,98.0,-1.88,-1.88,17,1666,107.5,96.0
LOTUSDEV,LOTUSDEVBEN,184.99,181.5,181.5,-3.49,-1.89,1706,309639,207.5,102.2
KRN,KRNEQN,1511.9,1483.1,1483.1,-28.8,-1.9,1130,1675903,1598.2,589.8
SIMBHALS,SIMBHALSBZN,8.94,8.77,8.77,-0.17,-1.9,303,2657,15.99,6.47
CRSL,CRSLBEN,2.63,2.58,2.58,-0.05,-1.9,28772,74231,3.56,1.72
AKASH,AKASHEQN,24.63,24.16,24.16,-0.47,-1.91,3,72,36.0,22.8
CCHHL,CCHHLEQN,12.98,12.73,12.73,-0.25,-1.93,900,11457,19.5,10.03
SAHASRA,SAHASRASTN,315.3,309.2,309.2,-6.1,-1.93,400,123680,373.0,188.35
ABAN,ABANBEN,15.74,15.43,15.43,-0.31,-1.97,1256,19380,49.43,12.89
ASIANTNE,ASIANTNEEQN,9.57,9.38,9.38,-0.19,-1.99,1,9,9.95,8.64
SBGLP,SBGLPEQN,23.64,23.16,23.16,-0.48,-2.03,501,11603,40.95,18.35
SUNCLAY,SUNCLAYEQN,1267.9,1242.0,1242.0,-25.9,-2.04,10,12420,1942.0,1112.8
KOTARISUG,KOTARISUGBEN,33.79,33.1,33.1,-0.69,-2.04,505,16715,39.94,22.5
INDSWFTLAB,INDSWFTLABEQN,367.48,359.9,359.9,-7.58,-2.06,10595,3813140,373.72,87.15
SUNDRMBRAK,SUNDRMBRAKBEN,778.0,762.0,762.0,-16.0,-2.06,5,3810,920.0,460.0
NAVKARURB,NAVKARURBBEN,0.97,0.95,0.95,-0.02,-2.06,6046,5743,2.93,0.7
CHEMCON,CHEMCONBEN,201.15,197.0,197.0,-4.15,-2.06,101,19897,295.0,125.0
AYE,AYEEQN,176.65,172.99,172.99,-3.66,-2.07,155651,26926066,197.29,88.22
VAISHALI,VAISHALIEQN,8.17,8.0,8.0,-0.17,-2.08,280,2240,12.75,4.75
AMBICAAGAR,AMBICAAGAREQN,24.98,24.46,24.46,-0.52,-2.08,50,1223,29.68,20.0
VISHAL,VISHALEQN,18.67,18.28,18.28,-0.39,-2.09,41,749,19.99,17.85
SMLT,SMLTEQN,68.45,67.0,67.0,-1.45,-2.12,13,871,122.85,56.61
THELEELA,THELEELAEQN,552.8,541.05,541.05,-11.75,-2.13,589,318678,576.0,384.5
TRU,TRUEQN,4.13,4.04,4.04,-0.09,-2.18,2953,11930,13.82,3.95
ARIES,ARIESEQN,503.7,492.6,492.6,-11.1,-2.2,3417,1683214,517.9,285.35
VOEPL,VOEPLEQN,579.55,566.8,566.8,-12.75,-2.2,4605,2610114,593.45,428.65
SALSTEEL,SALSTEELEQN,71.64,70.05,70.05,-1.59,-2.22,673,47143,81.8,16.85
CORDELIA,CORDELIAEQN,109.5,107.05,107.05,-2.45,-2.24,21389,2289692,109.65,62.31
HORIZONIND,HORIZONINDEQN,56.78,55.51,55.51,-1.27,-2.24,47835,2655320,60.25,55.13
GFLLIMITED,GFLLIMITEDEQN,55.79,54.5,54.5,-1.29,-2.31,300,16350,81.0,37.25
ALLCARGO,ALLCARGOEQN,13.32,13.01,13.01,-0.31,-2.33,190870,2483218,36.55,7.11
PHANTOMFX,PHANTOMFXSMN,118.3,115.5,115.5,-2.8,-2.37,900,103950,311.0,113.95
PROPSHOP,PROPSHOPSMN,76.1,74.3,74.3,-1.8,-2.37,4000,297200,79.95,52.45
GULFPETRO,GULFPETROBEN,68.4,66.7,66.7,-1.7,-2.49,263,17542,71.4,23.25
CREST,CRESTEQN,372.35,363.0,363.0,-9.35,-2.51,5,1815,418.0,298.15
KORE,KORESMN,107.7,105.0,105.0,-2.7,-2.51,250,26250,212.3,85.0
DHABRIYA,DHABRIYABEN,548.95,535.15,535.15,-13.8,-2.51,114,61007,603.0,485.0
VOLTAMP,VOLTAMPEQN,10978.5,10700.0,10700.0,-278.5,-2.54,345,3691500,12863.0,6666.0
KSHITIJPOL,KSHITIJPOLEQN,3.11,3.03,3.03,-0.08,-2.57,101266,306835,7.2,1.88
ANDREWYU,ANDREWYUEQN,29.44,28.65,28.65,-0.79,-2.68,4500,128925,30.49,24.51
SHANTIGOLD,SHANTIGOLDEQN,266.07,258.9,258.9,-7.17,-2.69,22889,5925962,280.75,155.0
INDOKEM,INDOKEMEQN,624.0,607.0,607.0,-17.0,-2.72,15,9105,657.0,560.0
AGROPHOS,AGROPHOSEQN,26.75,26.02,26.02,-0.73,-2.73,85,2211,47.47,23.9
BCONCEPTS,BCONCEPTSEQN,160.48,156.0,156.0,-4.48,-2.79,8,1248,449.0,152.84
UMAEXPORTS,UMAEXPORTSBEN,26.75,26.0,26.0,-0.75,-2.8,33,858,55.9,18.12
AQYLON,AQYLONEQN,23.95,23.26,23.26,-0.69,-2.88,23874,555309,224.7,20.87
CIFL,CIFLEQN,20.75,20.14,20.14,-0.61,-2.94,584,11761,39.69,19.56
INFOMEDIA,INFOMEDIAEQN,5.22,5.06,5.06,-0.16,-3.07,45,227,8.05,4.5
RUBYMILLS,RUBYMILLSBEN,393.5,381.1,381.1,-12.4,-3.15,60,22866,424.9,169.02
IWP,IWPEQN,35.23,34.1,34.1,-1.13,-3.21,28,954,39.15,28.0
FLFL,FLFLBZN,1.15,1.11,1.11,-0.04,-3.48,770,854,1.99,1.1
MAKERSL,MAKERSLEQN,214.49,207.0,207.0,-7.49,-3.49,271,56097,236.0,150.0
DCMNVL,DCMNVLEQN,189.18,182.55,182.55,-6.63,-3.5,119,21723,198.58,95.6
HMVL,HMVLBEN,89.89,86.7,86.7,-3.19,-3.55,100,8670,108.16,55.2
ASTRON,ASTRONBZN,3.03,2.92,2.92,-0.11,-3.63,22,64,18.89,2.89
TPHQ,TPHQBEN,0.55,0.53,0.53,-0.02,-3.64,48376,25639,0.86,0.4
GENESYS,GENESYSEQN,246.3,236.9,236.9,-9.4,-3.82,44723,10594878,440.75,134.73
ICICIAMC,ICICIAMCEQN,3222.8,3099.7,3099.7,-123.1,-3.82,111304,345009008,3611.0,2530.0
ISFT,ISFTEQN,96.68,92.89,92.89,-3.79,-3.92,2091,194232,119.07,54.05
TEAMGTY,TEAMGTYEQN,240.0,230.0,230.0,-10.0,-4.17,1,230,332.55,210.0
GANGAFORGE,GANGAFORGEEQN,1.77,1.69,1.69,-0.08,-4.52,294937,498443,3.29,1.59
PRUDMOULI,PRUDMOULIBEN,16.42,15.65,15.65,-0.77,-4.69,498,7793,42.1,11.26
EMPOWER,EMPOWEREQN,2.34,2.23,2.23,-0.11,-4.7,45835,102212,2.82,1.3
BIOPOL,BIOPOLSMN,88.7,84.5,84.5,-4.2,-4.74,8400,709800,133.75,84.0
GRADIENTE,GRADIENTEEQN,2.7,2.57,2.57,-0.13,-4.81,10102,25962,9.4,2.08
MOS,MOSSTN,10.4,9.9,9.9,-0.5,-4.81,24000,237600,28.55,9.05
ROLLT,ROLLTBEN,4.09,3.89,3.89,-0.2,-4.89,27846,108320,4.29,1.02
VCL,VCLBEN,2.23,2.12,2.12,-0.11,-4.93,17527,37157,2.66,0.87
ABMINTLLTD,ABMINTLLTDBEN,60.46,57.46,57.46,-3.0,-4.96,2,114,72.8,34.0
FASCINATE,FASCINATESTN,103.65,98.5,98.5,-5.15,-4.97,7200,709200,120.8,103.65
ASCOM,ASCOMSMN,221.95,210.9,210.9,-11.05,-4.98,500,105450,285.0,90.0
SANGINITA,SANGINITABEN,48.38,45.97,45.97,-2.41,-4.98,4727,217300,68.02,9.23
INDOTHAI,INDOTHAIEQN,51.16,48.61,48.61,-2.55,-4.98,40644,1975704,466.35,48.61
TAKE,TAKEEQN,17.87,16.98,16.98,-0.89,-4.98,9032,153363,50.14,9.9
CTE,CTEBEN,46.93,44.59,44.59,-2.34,-4.99,1291,57565,59.93,20.51
MYSORPETRO,MYSORPETROBEN,138.57,131.65,131.65,-6.92,-4.99,507,66746,182.03,111.0
NATIONSTD,NATIONSTDEQN,108.88,103.44,103.44,-5.44,-5.0,12001,1241383,1519.95,103.44
SHIVATEX,SHIVATEXEQN,170.99,162.05,162.05,-8.94,-5.23,8,1296,217.92,126.06
NICCOPAR,NICCOPAREQN,89.43,82.5,82.5,-6.93,-7.75,25,2062,95.25,72.0
NITIRAJ,NITIRAJEQN,199.42,182.03,182.03,-17.39,-8.72,60,10921,236.98,168.0
SAIPARENT,SAIPARENTEQN,530.9,471.25,471.25,-59.65,-11.24,15725,7410406,706.0,400.0
