symbol,identifier,previousClose,lastPrice,iep,change,pChange,finalQuantity,totalTurnover,yearHigh,yearLow
KJMCFIN,KJMCFINEQN,66.42,79.7,79.7,13.28,19.99,721,57463,66.42,51.01
BPLPHARMA,BPLPHARMAEQN,1294.7,1528.9,1528.9,234.2,18.09,10,15289,1619.0,1125.7
MINALIND,MINALINDEQN,2.65,3.09,3.09,0.44,16.6,4043,12492,2.65,1.71
MPDL,MPDLEQN,34.32,39.99,39.99,5.67,16.52,505,20194,34.32,23.26
VIRTUALG,VIRTUALGEQN,0.51,0.59,0.59,0.08,15.69,17013,10037,0.51,0.4
SAMBANDAM,SAMBANDAMEQN,126.0,143.0,143.0,17.0,13.49,2154,308022,126.0,97.7
ARTNIRMAN,ARTNIRMANEQN,41.49,45.95,45.95,4.46,10.75,50,2297,66.97,29.39
KEEPLEARN,KEEPLEARNEQN,1.81,1.99,1.99,0.18,9.94,5,9,3.21,1.51
KHANDSE,KHANDSEEQN,16.63,18.2,18.2,1.57,9.44,100,1820,26.88,12.2
PHOENXINTL,PHOENXINTLEQN,30.53,33.4,33.4,2.87,9.4,1,33,35.0,29.05
CRSL,CRSLEQN,3.09,3.37,3.37,0.28,9.06,490280,1652243,3.09,1.72
WELCORP,WELCORPEQN,2005.2,2175.0,2175.0,169.8,8.47,81373,176986275,2017.5,710.0
VISHAL,VISHALEQN,18.49,19.99,19.99,1.5,8.11,100,1999,19.45,17.85
DHARAN,DHARANBZN,0.15,0.16,0.16,0.01,6.67,134555,21528,0.61,0.11
SELMC,SELMCEQN,28.0,29.79,29.79,1.79,6.39,5,148,43.36,26.0
TIJARIA,TIJARIAEQN,5.79,6.14,6.14,0.35,6.04,2,12,8.13,3.55
NKIND,NKINDEQN,56.6,60.0,60.0,3.4,6.01,200,12000,87.78,54.54
PACIFICI,PACIFICIEQN,150.98,160.0,160.0,9.02,5.97,137,21920,159.0,111.15
LKPSEC,LKPSECEQN,17.2,18.2,18.2,1.0,5.81,8,145,18.43,15.2
SUPTANERY,SUPTANERYEQN,7.31,7.73,7.73,0.42,5.75,10373,80183,8.59,6.81
FILATFASH,FILATFASHEQN,0.18,0.19,0.19,0.01,5.56,167748,31872,0.68,0.14
ETL,ETLSMN,1015.0,1069.95,1069.95,54.95,5.41,300,320985,1090.0,721.1
SANWARIA,SANWARIABZN,0.19,0.2,0.2,0.01,5.26,53974,10794,0.39,0.18
KAMANWALA,KAMANWALAEQN,16.68,17.55,17.55,0.87,5.22,100,1755,19.51,13.55
AGIIL,AGIILEQN,293.7,309.0,309.0,15.3,5.21,40315,12457335,434.4,224.7
MERCURYEV,MERCURYEVEQN,39.47,41.5,41.5,2.03,5.14,5001,207541,41.39,30.16
MYSORPETRO,MYSORPETROEQN,165.49,174.0,174.0,8.51,5.14,4503,783522,165.49,111.0
AMAGI,AMAGIEQN,576.45,606.0,606.0,29.55,5.13,39991,24234546,727.4,310.2
SHRADHA,SHRADHAEQN,33.38,34.44,34.44,1.66,5.06,1,34,58.95,26.34
LAL,LALEQN,8.52,8.95,8.95,0.43,5.05,8,71,12.77,5.56
URAVIDEF,URAVIDEFBEN,108.2,113.61,113.61,5.41,5.0,20,2272,509.0,101.0
EBIX,EBIXEQN,18.8,19.74,19.74,0.94,5.0,550,10857,18.8,16.03
TRANSWORLD,TRANSWORLDBEN,173.21,181.87,181.87,8.66,5.0,329,59835,287.58,111.56
BHADORA,BHADORASTN,118.05,123.95,123.95,5.9,5.0,20400,2528580,128.85,49.5
SOMATEX,SOMATEXEQN,87.37,91.73,91.73,4.36,4.99,3,275,161.25,62.15
ASSAMENT,ASSAMENTEQN,800.0,839.95,839.95,39.95,4.99,1,839,850.0,800.0
CTE,CTEEQN,47.18,49.53,49.53,2.35,4.98,8362,414169,59.93,20.51
SHIVAMAUTO,SHIVAMAUTOBEN,16.08,16.88,16.88,0.8,4.98,1004,16947,35.79,13.05
MANUGRAPH,MANUGRAPHBEN,15.7,16.48,16.48,0.78,4.97,1,16,24.0,9.65
SMARTEN,SMARTENSTN,58.3,61.2,61.2,2.9,4.97,9600,587520,109.0,42.0
ABMINTLLTD,ABMINTLLTDBEN,53.26,55.9,55.9,2.64,4.96,60,3354,72.8,34.0
TRANSPEK,TRANSPEKBEN,1244.5,1306.0,1306.0,61.5,4.94,277,361762,1447.9,952.3
VCL,VCLBEN,2.03,2.13,2.13,0.1,4.93,45835,97628,2.66,0.87
ROLLT,ROLLTBEN,3.47,3.64,3.64,0.17,4.9,16817,61213,3.74,1.02
SAATVIKGL,SAATVIKGLEQN,401.0,420.55,420.55,19.55,4.88,11786,4956602,567.0,328.0
EKI,EKIEQN,78.19,81.99,81.99,3.8,4.86,1,81,82.5,74.6
UHTL,UHTLSTN,123.95,129.9,129.9,5.95,4.8,2000,259800,131.55,44.0
VIVIMEDLAB,VIVIMEDLABBEN,5.95,6.23,6.23,0.28,4.71,10000,62300,29.4,4.75
SAYAJIIND,SAYAJIINDEQN,114.64,120.0,120.0,5.36,4.68,1,120,125.0,106.5
COMPINFO,COMPINFOBZN,1.07,1.12,1.12,0.05,4.67,5019,5621,2.52,0.91
QMSMEDI,QMSMEDIBEN,141.33,147.9,147.9,6.57,4.65,902,133405,141.33,68.95
GANESHBE,GANESHBEBEN,118.06,123.5,123.5,5.44,4.61,20687,2554844,129.99,68.4
GATECH,GATECHBEN,0.87,0.91,0.91,0.04,4.6,401657,365507,0.93,0.4
ANKITMETAL,ANKITMETALBZN,1.57,1.64,1.64,0.07,4.46,98,160,2.12,1.29
SETUINFRA,SETUINFRABZN,0.45,0.47,0.47,0.02,4.44,1430,672,0.78,0.37
URBANCO,URBANCOEQN,145.49,151.94,151.94,6.45,4.43,203964,30990290,201.18,100.7
SLONE,SLONESTN,148.6,155.0,155.0,6.4,4.31,400,62000,371.45,110.0
MENONBE,MENONBEBEN,279.15,291.0,291.0,11.85,4.25,8011,2331201,279.16,101.5
VIVIDEL,VIVIDELSTN,1571.0,1636.0,1636.0,65.0,4.14,240,392640,1679.0,556.0
QUINT,QUINTEQN,36.51,38.0,38.0,1.49,4.08,147,5586,47.69,33.45
ORIENTALTL,ORIENTALTLEQN,5.02,5.22,5.22,0.2,3.98,200,1044,11.99,4.4
RAMANEWS,RAMANEWSEQN,31.66,32.89,32.89,1.23,3.89,4,131,42.0,27.05
GATECHDVR,GATECHDVRBEN,0.52,0.54,0.54,0.02,3.85,727,392,0.67,0.36
HPTL,HPTLSMN,324.9,337.4,337.4,12.5,3.85,600,202440,330.3,175.0
WELINV,WELINVBEN,1925.8,2000.0,2000.0,74.2,3.85,37,74000,1980.0,865.0
NTCIND,NTCINDEQN,139.66,145.0,145.0,5.34,3.82,10,1450,155.0,133.57
UMAEXPORTS,UMAEXPORTSBEN,22.75,23.61,23.61,0.86,3.78,297,7012,57.81,18.12
LANCORHOL,LANCORHOLEQN,28.91,30.0,30.0,1.09,3.77,49156,1474680,33.8,18.12
EMKAYTOOLS,EMKAYTOOLSSMN,93.0,96.5,96.5,3.5,3.76,150,14475,198.0,83.1
SUMEETINDS,SUMEETINDSEQN,13.38,13.88,13.88,0.5,3.74,81777,1135064,35.67,12.24
MCCHRLS-B,MCCHRLS-BEQN,675.0,699.95,699.95,24.95,3.7,1,699,798.7,580.0
GLFL,GLFLEQN,5.78,5.99,5.99,0.21,3.63,100,599,9.34,3.66
SCANSTL,SCANSTLBEN,64.16,66.45,66.45,2.29,3.57,3,199,68.81,31.35
CAMPUS,CAMPUSEQN,223.11,231.0,231.0,7.89,3.54,59316,13701996,297.0,215.2
AGL,AGLEQN,12.73,13.18,13.18,0.45,3.53,11764,155049,22.0,12.03
PRIZOR,PRIZORSTN,925.5,958.0,958.0,32.5,3.51,400,383200,939.2,216.65
MCLEODRUSS,MCLEODRUSSEQN,49.95,51.7,51.7,1.75,3.5,15961,825183,78.41,28.5
NIBL,NIBLEQN,31.78,32.88,32.88,1.1,3.46,100,3288,40.8,24.06
WATERBASE,WATERBASEEQN,50.22,51.95,51.95,1.73,3.44,111,5766,52.0,44.11
BODALCHEM,BODALCHEMBEN,75.33,77.9,77.9,2.57,3.41,26506,2064817,81.9,42.81
BI,BIBEN,96.24,99.5,99.5,3.26,3.39,240,23880,111.51,51.62
JBMA,JBMAEQN,623.35,644.35,644.35,21.0,3.37,17473,11258727,790.0,477.0
PANORAMA,PANORAMAEQN,45.95,47.5,47.5,1.55,3.37,200,9500,51.0,42.2
VIVOBIOT,VIVOBIOTEQN,19.29,19.94,19.94,0.65,3.37,1,19,20.94,18.56
RUBYMILLS,RUBYMILLSBEN,403.6,417.0,417.0,13.4,3.32,207,86319,424.9,169.02
ZIMLAB,ZIMLABEQN,121.0,125.0,125.0,4.0,3.31,350,43750,133.9,59.31
CREATIVEYE,CREATIVEYEEQN,6.1,6.3,6.3,0.2,3.28,2,12,8.83,5.41
TECILCHEM,TECILCHEMEQN,9.14,9.44,9.44,0.3,3.28,107,1010,22.87,8.1
KRIDHANINF,KRIDHANINFBEN,2.16,2.23,2.23,0.07,3.24,1,2,4.78,1.81
CGVAK,CGVAKEQN,158.58,163.7,163.7,5.12,3.23,5,818,162.55,127.0
HALDYNGL,HALDYNGLBEN,132.67,136.9,136.9,4.23,3.19,190,26011,139.19,85.0
ORIRAIL,ORIRAILEQN,103.63,106.89,106.89,3.26,3.15,274,29287,112.0,102.8
C2C,C2CSMN,239.45,246.85,246.85,7.4,3.09,450,111082,888.0,204.5
LAXMICOT,LAXMICOTEQN,13.96,14.39,14.39,0.43,3.08,100,1439,26.98,11.7
AFIL,AFILEQN,9.41,9.7,9.7,0.29,3.08,502,4869,11.1,3.92
BCONCEPTS,BCONCEPTSEQN,155.29,160.0,160.0,4.71,3.03,1250,200000,449.0,152.84
MAKERSL,MAKERSLEQN,173.78,179.0,179.0,5.22,3.0,6,1074,183.99,150.0
PATELRMART,PATELRMARTEQN,232.32,239.24,239.24,6.92,2.98,2809,672025,305.0,150.25
TPHQ,TPHQEQN,0.68,0.7,0.7,0.02,2.94,25414,17789,0.86,0.4
EASTWEST,EASTWESTEQN,2.43,2.5,2.5,0.07,2.88,139,347,2.52,2.23
COMPUSOFT,COMPUSOFTEQN,14.12,14.52,14.52,0.4,2.83,1504,21838,20.75,12.0
AKI,AKIEQN,4.24,4.36,4.36,0.12,2.83,6,26,10.48,3.8
FRESHARA,FRESHARASTN,388.95,399.9,399.9,10.95,2.82,600,239940,388.95,130.0
SWISSMLTRY,SWISSMLTRYEQN,16.44,16.9,16.9,0.46,2.8,2228,37653,16.8,13.0
BEARDSELL,BEARDSELLEQN,25.76,26.48,26.48,0.72,2.8,152,4024,38.6,20.02
DNAMEDIA,DNAMEDIAEQN,2.51,2.58,2.58,0.07,2.79,581,1498,5.44,2.28
GOODLUCK,GOODLUCKEQN,1439.4,493.2,493.2,13.4,2.79,5342,2634674,557.37,305.0
MILKYMIST,MILKYMISTEQN,184.89,190.0,190.0,5.11,2.76,251756,47833640,211.8,165.0
TECHNOCRAF,TECHNOCRAFEQN,330.37,339.4,339.4,9.03,2.73,12843,4358914,337.0,284.0
ALANKIT,ALANKITEQN,8.15,8.37,8.37,0.22,2.7,500,4185,14.94,6.8
DJML,DJMLEQN,101.95,104.7,104.7,2.75,2.7,575,60202,124.8,52.0
A2ZINFRA,A2ZINFRAEQN,15.19,15.6,15.6,0.41,2.7,70526,1100205,22.64,12.0
PVP,PVPEQN,43.15,44.3,44.3,1.15,2.67,36382,1611722,43.7,19.39
SHANTI,SHANTIEQN,6.38,6.55,6.55,0.17,2.66,49,320,12.26,4.7
KRONOX,KRONOXEQN,186.19,191.0,191.0,4.81,2.58,97219,18568829,186.19,96.0
GULFPETRO,GULFPETROBEN,67.53,69.25,69.25,1.72,2.55,7000,484750,67.84,23.25
RVHL,RVHLEQN,42.43,43.5,43.5,1.07,2.52,218,9483,71.36,28.5
RRIL,RRILEQN,16.34,16.75,16.75,0.41,2.51,47,787,21.5,15.25
FEL,FELBZN,0.4,0.41,0.41,0.01,2.5,1530,627,0.65,0.34
GLOBECIVIL,GLOBECIVILEQN,42.34,43.4,43.4,1.06,2.5,3,130,85.3,33.5
MMWL,MMWLEQN,14.05,14.4,14.4,0.35,2.49,17,244,16.57,9.02
AGSTRA,AGSTRABZN,2.04,2.09,2.09,0.05,2.45,115,240,6.19,1.97
VALIANTLAB,VALIANTLABEQN,91.66,93.9,93.9,2.24,2.44,2251,211368,95.1,49.51
WELSPLSOL,WELSPLSOLEQN,48.41,49.59,49.59,1.18,2.44,3948,195781,63.25,36.0
MOKSH,MOKSHEQN,10.3,10.55,10.55,0.25,2.43,1,10,16.65,8.11
URBAN,URBANSMN,144.0,147.5,147.5,3.5,2.43,800,118000,193.2,114.0
GRADIENTE,GRADIENTEEQN,2.9,2.97,2.97,0.07,2.41,2183,6483,9.4,2.08
DHATRE,DHATREEQN,4.6,4.71,4.71,0.11,2.39,200,942,5.02,3.67
ISFT,ISFTEQN,86.43,88.49,88.49,2.06,2.38,2,176,119.07,54.05
TNTELE,TNTELEEQN,8.91,9.12,9.12,0.21,2.36,14,127,17.9,7.81
MONEYBOXX,MONEYBOXXEQN,55.0,56.3,56.3,1.3,2.36,1,56,91.5,44.02
MANGLMCEM,MANGLMCEMEQN,981.85,1004.95,1004.95,23.1,2.35,2463,2475191,1023.45,679.35
CORDELIA,CORDELIAEQN,907.75,929.0,929.0,21.25,2.34,12455,11570695,925.65,623.1
SANATHAN,SANATHANEQN,461.25,472.0,472.0,10.75,2.33,500,236000,551.95,352.6
SIGIND,SIGINDEQN,73.29,74.99,74.99,1.7,2.32,351,26321,74.95,40.66
TANAA,TANAAEQN,307.85,315.0,315.0,7.15,2.32,20,6300,322.0,297.0
CHEMFAB,CHEMFABEQN,366.0,374.45,374.45,8.45,2.31,2,748,764.0,290.35
ORIENTCER,ORIENTCEREQN,46.73,47.79,47.79,1.06,2.27,3240,154839,56.64,34.0
ARVINDFASN,ARVINDFASNEQN,428.3,438.0,438.0,9.7,2.26,16376,7172688,579.0,366.2
ZODIAC,ZODIACEQN,242.55,247.95,247.95,5.4,2.23,3,743,416.25,205.55
EMMBI,EMMBIBEN,83.14,84.99,84.99,1.85,2.23,1,84,116.9,60.3
ORCHASP,ORCHASPEQN,1.36,1.39,1.39,0.03,2.21,10,13,4.16,1.3
GENUSPAPER,GENUSPAPEREQN,11.32,11.57,11.57,0.25,2.21,507,5865,19.78,8.67
ELGIRUBCO,ELGIRUBCOEQN,59.2,60.5,60.5,1.3,2.2,210,12705,90.5,32.72
SOMICONVEY,SOMICONVEYEQN,100.07,102.26,102.26,2.19,2.19,1462,149504,169.4,80.16
PASUPTAC,PASUPTACBEN,62.39,63.75,63.75,1.36,2.18,150,9562,78.95,40.41
JETFREIGHT,JETFREIGHTEQN,22.12,22.6,22.6,0.48,2.17,112,2531,25.95,11.9
EMPOWER,EMPOWEREQN,2.3,2.35,2.35,0.05,2.17,29796,70020,2.82,1.3
AMNPLST,AMNPLSTEQN,183.04,187.0,187.0,3.96,2.16,40,7480,250.0,127.0
OCCLLTD,OCCLLTDBEN,165.41,168.99,168.99,3.58,2.16,240,40557,183.03,75.71
RUBFILA,RUBFILAEQN,68.43,69.9,69.9,1.47,2.15,12,838,89.24,57.31
ASMS,ASMSBEN,7.0,7.15,7.15,0.15,2.14,615,4397,17.6,6.88
ANTHEM,ANTHEMEQN,874.5,893.0,893.0,18.5,2.12,15860,14162980,904.0,579.15
CEREBRAINT,CEREBRAINTBZN,2.83,2.89,2.89,0.06,2.12,2447,7071,10.08,2.5
OILCOUNTUB,OILCOUNTUBBEN,58.75,59.99,59.99,1.24,2.11,20,1199,84.6,35.65
PRUDMOULI,PRUDMOULIBEN,14.69,15.0,15.0,0.31,2.11,12,180,42.1,11.26
JHS,JHSEQN,8.15,8.32,8.32,0.17,2.09,2,16,13.9,6.26
ASPINWALL,ASPINWALLEQN,246.55,251.7,251.7,5.15,2.09,40,10068,299.8,200.25
SHANTIGEAR,SHANTIGEAREQN,386.9,395.0,395.0,8.1,2.09,1059,418305,598.9,384.0
BHAGYANGR,BHAGYANGREQN,384.0,392.0,392.0,8.0,2.08,217,85064,432.3,86.0
UMESLTD,UMESLTDEQN,5.96,6.08,6.08,0.12,2.01,1,6,7.14,3.88
ENIL,ENILEQN,101.6,103.63,103.63,2.03,2.0,1,103,174.58,98.57
EMPIND,EMPINDEQN,1182.9,1206.6,1206.6,23.7,2.0,2,2413,1234.0,1065.6
SAKUMA,SAKUMAEQN,1.51,1.54,1.54,0.03,1.99,1974,3039,3.1,1.1
ECORECO,ECORECOEQN,461.25,470.45,470.45,9.2,1.99,6,2822,494.9,454.0
20MICRONS,20MICRONSEQN,203.96,208.0,208.0,4.04,1.98,3825,795600,241.7,129.61
AERON,AERONSMN,74.0,75.45,75.45,1.45,1.96,1000,75450,124.0,70.0
PTL,PTLEQN,38.24,38.99,38.99,0.75,1.96,10,389,43.77,36.1
INDOTECH,INDOTECHEQN,3727.8,3800.0,3800.0,72.2,1.94,245,931000,3976.8,1100.0
SUNDROP,SUNDROPEQN,652.35,665.0,665.0,12.65,1.94,10,6650,897.6,556.0
ITL,ITLEQN,317.85,324.0,324.0,6.15,1.93,3,972,369.0,311.1
VISAKAIND,VISAKAINDEQN,96.05,97.89,97.89,1.84,1.92,4764,466347,104.41,50.2
HERANBA,HERANBAEQN,160.39,163.47,163.47,3.08,1.92,510,83369,379.0,155.38
MAZDA,MAZDABEN,235.09,239.6,239.6,4.51,1.92,95,22762,308.0,159.2
KOTYARK,KOTYARKBEN,36.27,36.96,36.96,0.69,1.9,12087,446735,45.5,17.38
HEADSUP,HEADSUPEQN,6.87,7.0,7.0,0.13,1.89,50,350,12.95,5.69
LCL,LCLEQN,539.85,550.0,550.0,10.15,1.88,7055,3880250,580.4,461.0
TNPETRO,TNPETROEQN,114.88,117.0,117.0,2.12,1.85,7951,930267,129.89,78.67
VIVIDHA,VIVIDHAEQN,0.54,0.55,0.55,0.01,1.85,1260,693,0.91,0.43
VIPCLOTHNG,VIPCLOTHNGEQN,21.11,21.49,21.49,0.38,1.8,1,21,41.2,14.05
MADHAVIPL,MADHAVIPLEQN,7.24,7.37,7.37,0.13,1.8,14,103,9.9,6.95
AWL,AWLEQN,188.64,192.0,192.0,3.36,1.78,36465,7001280,282.9,171.19
ASAHISONG,ASAHISONGBEN,359.6,366.0,366.0,6.4,1.78,92,33672,413.95,179.64
KLBRENG-B,KLBRENG-BEQN,357.65,364.0,364.0,6.35,1.78,562,204568,544.85,332.4
TTL,TTLEQN,6.22,6.33,6.33,0.11,1.77,682,4317,11.8,5.5
ROHLTD,ROHLTDEQN,302.85,308.2,308.2,5.35,1.77,10,3082,593.4,269.4
DICIND,DICINDEQN,589.6,600.0,600.0,10.4,1.76,57,34200,630.95,450.5
PRAENG,PRAENGEQN,19.4,19.74,19.74,0.34,1.75,998,19700,33.88,17.0
SPECIALITY,SPECIALITYBEN,138.58,141.0,141.0,2.42,1.75,360,50760,167.46,82.7
CHEMBONDCH,CHEMBONDCHBEN,282.0,286.9,286.9,4.9,1.74,11,3155,283.26,104.85
RUCHINFRA,RUCHINFRAEQN,5.78,5.88,5.88,0.1,1.73,19,111,8.25,4.05
NIBE,NIBEEQN,1503.6,1529.5,1529.5,25.9,1.72,864,1321488,1848.0,809.6
SHANTIGOLD,SHANTIGOLDEQN,254.06,258.4,258.4,4.34,1.71,13286,3433102,274.1,155.0
FOODSIN,FOODSINEQN,54.96,55.89,55.89,0.93,1.69,401,22411,95.9,44.0
GIPCL,GIPCLEQN,170.18,173.0,173.0,2.82,1.66,1785,308805,202.05,119.9
NOVAAGRI,NOVAAGRIBEN,24.79,25.2,25.2,0.41,1.65,94,2368,53.74,18.12
RAMCOIND,RAMCOINDEQN,354.0,359.8,359.8,5.8,1.64,3779,1359684,398.05,230.65
MOHITIND,MOHITINDEQN,24.5,24.9,24.9,0.4,1.63,200,4980,39.89,18.6
SHIVALIK,SHIVALIKBEN,268.91,273.3,273.3,4.39,1.63,351,95928,522.05,206.4
NICCOPAR,NICCOPAREQN,79.85,80.9,80.9,1.3,1.63,6,485,82.0,72.0
VSTL,VSTLEQN,108.94,110.7,110.7,1.76,1.62,10,1107,187.24,100.8
VETO,VETOBEN,124.97,127.0,127.0,2.03,1.62,500,63500,153.95,82.32
VALIANTORG,VALIANTORGBEN,310.95,315.95,315.95,5.0,1.61,74,23380,397.0,195.0
SUNDARAM,SUNDARAMEQN,1.26,1.28,1.28,0.02,1.59,2001,2561,2.38,1.03
CROMPTON,CROMPTONEQN,252.0,256.0,256.0,4.0,1.59,41962,10742272,337.5,217.4
SHUKRAPHAR,SHUKRAPHAREQN,43.33,44.02,44.02,0.69,1.59,567,24959,45.78,40.06
RIR,RIREQN,164.38,166.99,166.99,2.61,1.59,2118,353684,185.99,154.3
BSL,BSLEQN,121.52,123.45,123.45,1.93,1.59,2,246,208.0,98.0
TAALTECH,TAALTECHEQN,4218.0,4285.1,4285.1,67.1,1.59,1,4285,4696.0,2616.1
SBGLP,SBGLPEQN,24.62,25.01,25.01,0.39,1.58,4010,100290,42.98,18.35
ANAWIL,ANAWILSTN,443.0,450.0,450.0,7.0,1.58,5600,2520000,444.6,313.2
BBTCL,BBTCLEQN,248.14,252.0,252.0,3.86,1.56,10,2520,262.0,156.0
RADHIKAJWE,RADHIKAJWEEQN,65.67,66.69,66.69,1.02,1.55,2696,179796,101.9,50.01
RACE,RACEEQN,102.12,103.7,103.7,1.58,1.55,12,1244,252.0,84.11
RUSHIL,RUSHILEQN,16.92,17.18,17.18,0.26,1.54,19025,326849,33.99,12.49
TOYAMSL,TOYAMSLEQN,0.66,0.67,0.67,0.01,1.52,647,433,0.69,0.65
HLVLTD,HLVLTDEQN,6.59,6.69,6.69,0.1,1.52,201,1344,12.6,5.6
TICL,TICLBEN,9.84,9.99,9.99,0.15,1.52,1,9,33.99,8.91
RAILTEL,RAILTELEQN,280.75,285.0,285.0,4.25,1.51,45748,13038180,412.9,245.0
MANAPPURAM,MANAPPURAMEQN,349.25,354.5,354.5,5.25,1.5,133061,47170124,381.55,245.15
KMCSHIL,KMCSHILEQN,136.94,138.99,138.99,2.05,1.5,338,46978,148.0,134.7
DUCON,DUCONEQN,3.35,3.4,3.4,0.05,1.49,2032,6908,6.45,2.22
TOLINS,TOLINSEQN,96.27,97.7,97.7,1.43,1.49,188,18367,202.0,83.04
IL&FSTRANS,IL&FSTRANSBZN,2.01,2.04,2.04,0.03,1.49,239,487,3.44,1.75
TBZ,TBZEQN,248.85,252.5,252.5,3.65,1.47,1185,299212,295.7,110.5
SARVESHWAR,SARVESHWAREQN,3.39,3.44,3.44,0.05,1.47,32346,111270,8.38,2.5
MADRASFERT,MADRASFERTEQN,65.04,65.98,65.98,0.94,1.45,101,6663,96.39,52.56
HINDCON,HINDCONEQN,22.18,22.5,22.5,0.32,1.44,100,2250,37.75,15.66
ATLANTAELE,ATLANTAELEEQN,1688.6,1712.9,1712.9,24.3,1.44,137,234667,2152.6,707.6
BALPHARMA,BALPHARMAEQN,86.66,87.9,87.9,1.24,1.43,1,87,98.85,60.0
KSE,KSEEQN,196.8,192.01,192.01,2.71,1.43,2909,558557,205.0,189.99
SAKHTISUG,SAKHTISUGEQN,21.77,22.08,22.08,0.31,1.42,14905,329102,24.75,13.52
SKFINDIA,SKFINDIAEQN,1601.7,1624.5,1624.5,22.8,1.42,309,501970,5074.0,1404.0
TAKE,TAKEEQN,21.84,22.15,22.15,0.31,1.42,1000,22150,50.14,9.9
BOROSCI,BOROSCIEQN,127.7,129.5,129.5,1.8,1.41,1261,163299,180.8,96.64
HINDZINC,HINDZINCEQN,573.9,582.0,582.0,8.1,1.41,60044,34945608,733.0,418.0
FOCUS,FOCUSBEN,70.02,71.0,71.0,0.98,1.4,115,8165,99.9,57.06
PLAZACABLE,PLAZACABLEEQN,52.18,52.9,52.9,0.72,1.38,441,23328,65.0,27.0
SCHAND,SCHANDEQN,135.03,136.89,136.89,1.86,1.38,48,6570,200.87,130.05
PGIL,PGILEQN,2377.6,2410.0,2410.0,32.4,1.36,323,778430,2539.6,1178.1
IIFL,IIFLEQN,636.7,645.35,645.35,8.65,1.36,29726,19183674,675.0,409.1
UNITEDPOLY,UNITEDPOLYBEN,36.26,36.75,36.75,0.49,1.35,200,7350,51.16,20.6
INFOMEDIA,INFOMEDIAEQN,5.19,5.26,5.26,0.07,1.35,10,52,8.05,4.5
OSIAHYPER,OSIAHYPERBEN,2.96,3.0,3.0,0.04,1.35,31497,94491,33.08,2.4
ELIN,ELINEQN,99.62,100.95,100.95,1.33,1.34,2,201,234.0,93.65
MUTHOOTFIN,MUTHOOTFINEQN,2970.0,3009.6,3009.6,39.6,1.33,11676,35140089,4149.5,2604.2
GVPTECH,GVPTECHEQN,6.79,6.88,6.88,0.09,1.33,540,3715,11.19,5.22
RPSGVENT,RPSGVENTEQN,868.4,879.95,879.95,11.55,1.33,51,44877,1179.0,551.9
CURAA,CURAAEQN,77.47,78.5,78.5,1.03,1.33,2,157,337.0,63.0
INDOWIND,INDOWINDEQN,9.06,9.18,9.18,0.12,1.32,4473,41062,18.94,7.0
RML,RMLEQN,1078.2,1092.4,1092.4,14.2,1.32,601,656532,1323.9,608.5
GOKUL,GOKULEQN,40.43,40.96,40.96,0.53,1.31,25,1024,45.89,31.0
AMANTA,AMANTABEN,186.51,188.95,188.95,2.44,1.31,2897,547388,189.0,92.0
RATNAVEER,RATNAVEEREQN,269.24,272.7,272.7,3.46,1.29,60010,16364727,270.5,130.5
GOACARBON,GOACARBONEQN,353.45,358.0,358.0,4.55,1.29,100,35800,494.9,272.85
WALCHANNAG,WALCHANNAGEQN,223.91,226.8,226.8,2.89,1.29,7320,1660176,315.8,131.15
MCL,MCLEQN,58.46,59.2,59.2,0.74,1.27,166,9827,93.2,42.0
SURAKSHA,SURAKSHAEQN,305.15,309.0,309.0,3.85,1.26,425,131325,333.0,224.1
ANDREWYU,ANDREWYUEQN,26.12,26.45,26.45,0.33,1.26,1,26,27.28,25.21
SBCL,SBCLEQN,1025.35,1038.2,1038.2,12.85,1.25,1372,1424410,1105.05,368.6
RCOM,RCOMBEN,0.8,0.81,0.81,0.01,1.25,85544,69290,1.83,0.75
AKCAPIT,AKCAPITEQN,1765.2,1765.0,1765.0,21.8,1.25,147,259455,1875.0,1484.9
BPL,BPLEQN,49.19,49.8,49.8,0.61,1.24,180,8964,91.28,37.61
BOSCH-HCIL,BOSCH-HCILEQN,1772.0,1794.0,1794.0,22.0,1.24,167,299598,1801.7,1021.3
DEEDEV,DEEDEVEQN,622.25,629.9,629.9,7.65,1.23,229,144247,760.0,183.0
IRISDOREME,IRISDOREMEEQN,59.27,60.0,60.0,0.73,1.23,2989,179340,60.18,26.35
ESAFSFB,ESAFSFBBEN,43.27,43.8,43.8,0.53,1.22,1753,76781,44.25,19.78
FMGOETZE,FMGOETZEEQN,474.0,479.8,479.8,5.8,1.22,250,119950,577.4,358.0
PFIZER,PFIZEREQN,4920.0,4980.0,4980.0,60.0,1.22,779,3879420,5765.0,4360.1
GCSL,GCSLEQN,482.05,487.95,487.95,5.9,1.22,418,203963,542.8,213.15
SPENCERS,SPENCERSEQN,30.53,30.9,30.9,0.37,1.21,500,15450,64.0,24.38
SUNRAKSHAK,SUNRAKSHAKEQN,375.4,379.95,379.95,4.55,1.21,250,94987,382.4,370.0
LIBERTSHOE,LIBERTSHOEEQN,241.1,244.0,244.0,2.9,1.2,310,75640,404.95,210.5
EIHOTEL,EIHOTELEQN,299.9,303.5,303.5,3.6,1.2,153,46435,434.8,271.15
HINDALUMI,HINDALUMIEQN,98.81,100.0,100.0,1.19,1.2,2,200,107.5,96.0
CEWATER,CEWATEREQN,271.75,274.95,274.95,3.2,1.18,2,549,579.0,235.0
TAINWALCHM,TAINWALCHMEQN,223.76,226.4,226.4,2.64,1.18,16,3622,257.0,155.0
KRISHIVAL,KRISHIVALEQN,393.55,398.2,398.2,4.65,1.18,4020,1600764,483.81,282.3
GANDHAR,GANDHAREQN,254.09,257.06,257.06,2.97,1.17,6845,1759575,303.17,115.0
HITECHGEAR,HITECHGEARBEN,535.75,542.0,542.0,6.25,1.17,2,1084,897.45,521.25
PNGSREVA,PNGSREVAEQN,552.5,558.95,558.95,6.45,1.17,271,151475,644.0,324.25
ZODIACLOTH,ZODIACLOTHEQN,74.21,75.07,75.07,0.86,1.16,5,375,119.45,58.5
ELECTHERM,ELECTHERMEQN,1012.9,1024.7,1024.7,11.8,1.16,25,25617,1277.0,551.0
KRBL,KRBLEQN,397.25,401.85,401.85,4.6,1.16,2691,1081378,495.0,274.65
KALYANIFRG,KALYANIFRGEQN,691.05,695.0,695.0,7.95,1.16,9,6255,849.65,523.6
DIACABS,DIACABSBEN,353.9,358.0,358.0,4.1,1.16,6319,2262202,379.0,115.57
KECL,KECLEQN,130.69,132.21,132.21,1.52,1.16,618,81705,155.0,75.47
UTLSOLAR,UTLSOLAREQN,477.5,483.0,483.0,5.5,1.15,1293,624519,494.25,172.0
AVANCE,AVANCEEQN,0.88,0.89,0.89,0.01,1.14,14144,12588,0.94,0.75
INDTERRAIN,INDTERRAINEQN,30.85,31.2,31.2,0.35,1.13,201,6271,42.62,24.56
KANPRPLA,KANPRPLAEQN,266.18,269.2,269.2,3.02,1.13,570,153444,272.2,151.25
LODHA,LODHAEQN,1240.0,1254.0,1254.0,14.0,1.13,9217,11558118,1344.95,650.8
AVL,AVLEQN,611.0,617.85,617.85,6.85,1.12,364,224897,705.0,436.55
DOLATALGO,DOLATALGOEQN,74.9,75.74,75.74,0.84,1.12,24,1817,95.76,64.96
PYRAMID,PYRAMIDEQN,163.18,165.0,165.0,1.82,1.12,3,495,198.69,131.8
ARTEMISMED,ARTEMISMEDEQN,321.3,324.9,324.9,3.6,1.12,4686,1522481,326.55,203.35
GUFICBIO,GUFICBIOEQN,413.7,418.35,418.35,4.65,1.12,174,72792,448.0,268.0
INDOAMIN,INDOAMINBEN,120.35,121.7,121.7,1.35,1.12,292,35536,164.0,81.9
TINNARUBR,TINNARUBREQN,1047.4,1059.0,1059.0,11.6,1.11,45,47655,1322.0,527.45
SONAMLTD,SONAMLTDEQN,67.16,67.9,67.9,0.74,1.1,5013,340382,68.99,37.4
GFLLIMITED,GFLLIMITEDEQN,56.38,57.0,57.0,0.62,1.1,2037,116109,81.0,37.25
FERMENTA,FERMENTAEQN,460.1,465.15,465.15,5.05,1.1,438,203735,580.45,248.85
JAYSREETEA,JAYSREETEAEQN,100.81,101.9,101.9,1.09,1.08,205,20889,103.28,70.55
CANFINHOME,CANFINHOMEEQN,842.9,852.0,852.0,9.1,1.08,1596,1359792,971.5,708.6
CENTENKA,CENTENKAEQN,567.0,573.1,573.1,6.1,1.08,1,573,671.65,371.2
AVROIND,AVROINDEQN,9.38,9.48,9.48,0.1,1.07,25,237,16.0,8.0
MFML,MFMLEQN,19.66,19.87,19.87,0.21,1.07,50,993,36.99,17.3
BSHSL,BSHSLEQN,88.07,89.0,89.0,0.93,1.06,1,89,150.0,59.16
MANBRO,MANBROEQN,59.37,60.0,60.0,0.63,1.06,15,900,59.9,52.0
SHRIRAMFIN,SHRIRAMFINEQN,1128.2,1140.0,1140.0,11.8,1.05,42361,48291540,1153.7,566.5
PITTIENG,PITTIENGEQN,1051.65,1062.65,1062.65,11.0,1.05,17,18065,1100.0,675.0
ONEGLOBAL,ONEGLOBALEQN,564.1,570.0,570.0,5.9,1.05,25,14250,576.0,533.0
MANINDS,MANINDSEQN,676.9,684.0,684.0,7.1,1.05,6260,4281840,699.0,302.05
NEPHROPLUS,NEPHROPLUSEQN,674.15,681.25,681.25,7.1,1.05,98,66762,769.75,446.0
IDEAFORGE,IDEAFORGEEQN,806.6,814.95,814.95,8.35,1.04,1041,848362,992.25,366.0
MEDPLUS,MEDPLUSEQN,656.3,663.1,663.1,6.8,1.04,507,336191,1022.2,648.0
HINDOILEXP,HINDOILEXPEQN,158.2,159.85,159.85,1.65,1.04,3872,618939,188.65,117.5
JAYBEE,JAYBEESMN,87.1,88.0,88.0,0.9,1.03,500,44000,232.0,70.0
BALUFORGE,BALUFORGEEQN,546.75,552.4,552.4,5.65,1.03,10488,5793571,697.0,341.05
OSWALGREEN,OSWALGREENEQN,21.27,21.49,21.49,0.22,1.03,901,19362,43.79,19.76
INDOSTAR,INDOSTAREQN,251.4,254.0,254.0,2.6,1.03,7,1778,292.0,179.03
OSWALPUMPS,OSWALPUMPSEQN,304.75,307.9,307.9,3.15,1.03,1682,517887,888.4,283.1
MAHEPC,MAHEPCEQN,107.75,108.86,108.86,1.11,1.03,1,108,185.12,91.91
VRAJ,VRAJEQN,122.45,123.7,123.7,1.25,1.02,1,123,162.0,93.0
NIRLON,NIRLONEQN,624.6,631.0,631.0,6.4,1.02,20,12620,657.0,516.03
BLUESTARCO,BLUESTARCOEQN,1510.0,1525.2,1525.2,15.2,1.01,1955,2981766,2040.0,1450.0
VSTIND,VSTINDEQN,212.86,215.0,215.0,2.14,1.01,1582,340130,286.78,200.0
VISACHROME,VISACHROMEEQN,36.52,36.89,36.89,0.37,1.01,1,36,73.68,27.05
MANBA,MANBAEQN,130.52,131.82,131.82,1.3,1.0,3,395,154.0,98.0
RACLGEAR,RACLGEAREQN,1435.5,1449.9,1449.9,14.4,1.0,70,101493,1691.9,859.1
ABREL,ABRELEQN,1445.5,1459.9,1459.9,14.4,1.0,1236,1804436,1965.3,1080.1
MASTEK,MASTEKEQN,1693.5,1710.4,1710.4,16.9,1.0,132,225772,2625.0,1334.2
APTECHT,APTECHTBEN,93.05,93.98,93.98,0.93,1.0,13,1221,144.3,69.1
MOLBIO,MOLBIOEQN,1036.65,1047.05,1047.05,10.4,1.0,2924,3061574,1177.0,926.35
DAVANGERE,DAVANGEREEQN,2.99,3.02,3.02,0.03,1.0,316161,954806,5.5,2.95
PENIND,PENINDEQN,163.29,164.9,164.9,1.61,0.99,808,133239,279.9,129.1
NGIL,NGILBEN,40.6,41.0,41.0,0.4,0.99,1,41,43.89,22.01
MANALIPETC,MANALIPETCEQN,77.73,78.5,78.5,0.77,0.99,26621,2089748,78.72,39.13
EXXARO,EXXAROEQN,6.04,6.1,6.1,0.06,0.99,30,183,10.33,5.99
AJANTPHARM,AJANTPHARMEQN,3658.6,3695.0,3695.0,36.4,0.99,242,894190,3796.0,2329.9
BEL,BELEQN,409.4,413.45,413.45,4.05,0.99,134875,55764068,473.45,361.2
EASEMYTRIP,EASEMYTRIPEQN,6.09,6.15,6.15,0.06,0.99,82427,506926,10.6,5.77
SUPREMEPWR,SUPREMEPWRSMN,227.4,229.65,229.65,2.25,0.99,500,114825,291.35,130.55
RELIABLE,RELIABLEEQN,138.44,139.8,139.8,1.36,0.98,200,27960,175.0,83.0
ENERGYDEV,ENERGYDEVEQN,16.5,16.66,16.66,0.16,0.97,2,33,29.69,13.15
YASHO,YASHOEQN,4284.2,4325.8,4325.8,41.6,0.97,155,670499,4994.0,1130.0
MOLDTKPAC,MOLDTKPACEQN,682.4,689.0,689.0,6.6,0.97,329,226681,870.5,464.9
SUNDRMFAST,SUNDRMFASTEQN,1228.4,1240.3,1240.3,11.9,0.97,125,155037,1250.3,730.1
TTKPRESTIG,TTKPRESTIGEQN,592.65,598.4,598.4,5.75,0.97,592,354252,771.2,423.0
ROSSELLIND,ROSSELLINDEQN,56.65,57.2,57.2,0.55,0.97,251,14357,69.85,40.0
LEENEE,LEENEEEQN,8.36,8.44,8.44,0.08,0.96,2,16,8.73,6.81
PREMIERENE,PREMIERENEEQN,1040.0,1050.0,1050.0,10.0,0.96,6960,7308000,1134.0,660.0
AXITA,AXITAEQN,7.3,7.37,7.37,0.07,0.96,11279,83126,12.2,6.57
JUBLFOOD,JUBLFOODEQN,507.3,512.15,512.15,4.85,0.96,5732,2935643,667.75,408.55
BAJFINANCE,BAJFINANCEEQN,1095.0,1105.4,1105.4,10.4,0.95,52279,57789206,1176.4,787.9
MBAPL,MBAPLEQN,163.41,164.95,164.95,1.54,0.94,1303,214929,172.85,74.63
AAKASH,AAKASHEQN,8.54,8.62,8.62,0.08,0.94,37,318,13.4,7.21
SUBEXLTD,SUBEXLTDEQN,17.08,17.24,17.24,0.16,0.94,36305,625898,17.39,6.61
SAKAR,SAKAREQN,884.65,892.95,892.95,8.3,0.94,12,10715,980.0,311.0
CHAMBLFERT,CHAMBLFERTEQN,433.95,438.0,438.0,4.05,0.93,5125,2244750,580.7,399.75
ZFCVINDIA,ZFCVINDIAEQN,2621.5,2646.0,2646.0,24.5,0.93,31,82026,3044.0,2050.33
PREMIERPOL,PREMIERPOLEQN,88.99,89.82,89.82,0.83,0.93,1480,132933,94.14,38.0
MICEL,MICELBEN,35.65,35.98,35.98,0.33,0.93,556,20004,82.97,29.97
BAIDFIN,BAIDFINEQN,9.76,9.85,9.85,0.09,0.92,9,88,12.98,8.8
DCAL,DCALEQN,172.41,174.0,174.0,1.59,0.92,958,166692,321.95,128.5
KAPSTON,KAPSTONEQN,524.8,529.55,529.55,4.75,0.91,51,27007,600.0,158.13
TPLPLASTEH,TPLPLASTEHEQN,78.31,79.02,79.02,0.71,0.91,1050,82971,90.33,50.01
SUVEN,SUVENEQN,373.6,377.0,377.0,3.4,0.91,9570,3607890,377.45,124.11
BAJAJINDEF,BAJAJINDEFEQN,213.45,215.4,215.4,1.95,0.91,200,43080,442.6,207.25
MOTISONS,MOTISONSEQN,16.59,16.74,16.74,0.15,0.9,108210,1811435,20.81,10.62
ASIANTILES,ASIANTILESEQN,45.42,45.83,45.83,0.41,0.9,15754,722005,79.06,42.5
ROLEXRINGS,ROLEXRINGSEQN,185.82,187.5,187.5,1.68,0.9,28940,5426250,187.38,99.79
VERTOZ,VERTOZBEN,35.68,36.0,36.0,0.32,0.9,44,1584,86.75,27.02
SUDEEPPHRM,SUDEEPPHRMEQN,1107.8,1117.8,1117.8,10.0,0.9,260,290628,1180.0,524.05
EPACKPEB,EPACKPEBEQN,232.9,235.0,235.0,2.1,0.9,650,152750,344.0,132.17
GMRAIRPORT,GMRAIRPORTEQN,100.41,101.3,101.3,0.89,0.89,50327,5098125,115.64,84.11
KODYTECH,KODYTECHSTN,1431.2,1444.0,1444.0,12.8,0.89,200,288800,1460.5,556.05
SPCENET,SPCENETEQN,3.36,3.39,3.39,0.03,0.89,4441,15054,11.24,3.0
ORIENTLTD,ORIENTLTDBEN,81.97,82.7,82.7,0.73,0.89,1,82,102.3,53.72
NDL,NDLEQN,2.26,2.28,2.28,0.02,0.88,2347,5351,3.75,1.8
BGRENERGY,BGRENERGYBEN,243.65,245.8,245.8,2.15,0.88,6,1474,490.8,142.74
GLAND,GLANDEQN,2820.0,2844.8,2844.8,24.8,0.88,256,728268,3039.8,1573.6
LATTEYS,LATTEYSEQN,22.8,23.0,23.0,0.2,0.88,74,1702,37.0,15.79
KAMOPAINTS,KAMOPAINTSEQN,4.55,4.59,4.59,0.04,0.88,1354,6214,10.76,3.6
STERTOOLS,STERTOOLSBEN,223.0,224.95,224.95,1.95,0.87,1,224,361.95,155.0
ATAM,ATAMEQN,55.53,56.01,56.01,0.48,0.86,1250,70012,111.0,48.5
ORCHPHARMA,ORCHPHARMAEQN,980.05,988.45,988.45,8.4,0.86,49,48434,1133.0,480.0
VEDL,VEDLEQN,268.0,270.3,270.3,2.3,0.86,51316,13870714,795.0,249.7
DIVGIITTS,DIVGIITTSEQN,1263.45,1274.3,1274.3,10.85,0.86,1035,1318900,1318.8,573.7
ARDEE,ARDEEEQN,61.48,62.0,62.0,0.52,0.85,44749,2774438,73.19,58.61
DHABRIYA,DHABRIYAEQN,555.25,559.95,559.95,4.7,0.85,177,99111,600.0,485.0
CEMPRO,CEMPROEQN,1273.9,1284.7,1284.7,10.8,0.85,83,106630,1649.2,503.3
TRANSRAILL,TRANSRAILLEQN,459.85,463.7,463.7,3.85,0.84,2670,1238079,823.0,450.05
ASHAPURMIN,ASHAPURMINEQN,599.95,605.0,605.0,5.05,0.84,1048,634040,924.9,455.1
STARCEMENT,STARCEMENTEQN,194.37,196.0,196.0,1.63,0.84,985,193060,308.95,191.5
KARURVYSYA,KARURVYSYAEQN,334.1,336.9,336.9,2.8,0.84,2720,916368,351.8,201.82
KIRLOSENG,KIRLOSENGEQN,2150.1,2168.0,2168.0,17.9,0.83,932,2020576,2720.0,855.8
VSSL,VSSLEQN,356.0,358.95,358.95,2.95,0.83,128,45945,375.95,206.4
AMRUTANJAN,AMRUTANJANEQN,521.65,526.0,526.0,4.35,0.83,2654,1396004,790.95,482.8
JINDALSAW,JINDALSAWEQN,269.75,272.0,272.0,2.25,0.83,1332,362304,281.0,153.0
SULA,SULAEQN,145.21,146.41,146.41,1.2,0.83,1190,174227,296.8,138.6
WINDMACHIN,WINDMACHINEQN,320.5,323.15,323.15,2.65,0.83,337,108901,345.45,200.65
VERANDA,VERANDAEQN,255.9,258.0,258.0,2.1,0.82,2898,747684,272.5,130.02
MASTERTR,MASTERTREQN,78.0,78.64,78.64,0.64,0.82,1570,123464,166.89,55.6
MANAKCOAT,MANAKCOATEQN,126.91,127.95,127.95,1.04,0.82,1500,191925,182.82,94.2
SOBHA,SOBHAEQN,1303.6,1314.3,1314.3,10.7,0.82,445,584863,1732.0,1130.0
HINDCOMPOS,HINDCOMPOSEQN,412.5,415.9,415.9,3.4,0.82,103,42837,550.0,347.1
HERITGFOOD,HERITGFOODEQN,378.75,381.8,381.8,3.05,0.81,1208,461214,540.0,292.55
MONARCH,MONARCHEQN,391.85,394.0,394.0,3.15,0.81,125,49250,406.95,235.45
INA,INAEQN,93.42,94.17,94.17,0.75,0.8,773,72793,161.81,79.75
TARSONS,TARSONSEQN,337.3,340.0,340.0,2.7,0.8,151,51340,375.0,164.45
HAPPSTMNDS,HAPPSTMNDSEQN,414.3,417.6,417.6,3.3,0.8,2113,882388,635.0,330.2
CEINSYS,CEINSYSEQN,761.0,767.1,767.1,6.1,0.8,36,27615,1249.9,736.35
CANTABIL,CANTABILEQN,247.31,249.29,249.29,1.98,0.8,2073,516778,321.5,208.5
DBREALTY,DBREALTYEQN,104.7,105.54,105.54,0.84,0.8,1358,143323,184.8,83.5
CARYSIL,CARYSILEQN,1158.1,1167.4,1167.4,9.3,0.8,276,322202,1280.9,732.1
SHRIPISTON,SHRIPISTONEQN,4513.8,4550.0,4550.0,36.2,0.8,192,873600,4589.0,2485.0
EPIGRAL,EPIGRALEQN,1120.5,1129.5,1129.5,9.0,0.8,29,32755,1911.6,807.0
RUBICON,RUBICONEQN,1760.6,1774.7,1774.7,14.1,0.8,582,1032875,1820.1,570.75
PINELABS,PINELABSEQN,159.73,161.0,161.0,1.27,0.8,39053,6287533,284.0,134.73
VASWANI,VASWANIEQN,46.62,46.99,46.99,0.37,0.79,92,4323,69.99,44.5
DENTA,DENTAEQN,290.5,292.8,292.8,2.3,0.79,315,92232,479.6,222.0
GEMAROMA,GEMAROMAEQN,177.39,178.8,178.8,1.41,0.79,49,8761,349.6,133.0
AEGISVOPAK,AEGISVOPAKEQN,266.6,268.7,268.7,2.1,0.79,1011,271655,311.49,158.0
GRMOVER,GRMOVEREQN,86.53,87.21,87.21,0.68,0.79,362,31570,185.45,81.95
SIGMA,SIGMAEQN,46.76,47.13,47.13,0.37,0.79,159,7493,65.5,35.46
TARACHAND,TARACHANDEQN,47.82,48.2,48.2,0.38,0.79,111,5350,103.67,46.01
HMT,HMTBZN,60.51,60.99,60.99,0.48,0.79,16,975,72.95,41.0
KUSUMGAR,KUSUMGAREQN,572.5,577.0,577.0,4.5,0.79,1009,582193,659.5,548.0
ALBERTDAVD,ALBERTDAVDEQN,863.15,869.9,869.9,6.75,0.78,32,27836,903.0,579.9
GOKULAGRO,GOKULAGROEQN,243.69,245.6,245.6,1.91,0.78,2459,603930,257.99,151.0
SOTL,SOTLEQN,688.55,688.85,688.85,5.3,0.78,525,361646,814.8,285.8
GOYALALUM,GOYALALUMEQN,6.42,6.47,6.47,0.05,0.78,28,181,11.37,5.34
TIRUPATIFL,TIRUPATIFLBEN,66.38,66.9,66.9,0.52,0.78,312,20872,83.9,30.11
DEVX,DEVXEQN,34.72,34.99,34.99,0.27,0.78,1580,55284,64.05,29.95
SAKSOFT,SAKSOFTEQN,163.72,164.99,164.99,1.27,0.78,611,100808,229.68,107.59
LASERPOWER,LASERPOWEREQN,328.4,330.95,330.95,2.55,0.78,7661,2535407,341.95,250.0
SAILIFE,SAILIFEEQN,1471.6,1483.0,1483.0,11.4,0.77,2214,3283362,1484.2,783.85
INDORAMA,INDORAMAEQN,61.29,61.76,61.76,0.47,0.77,1134,70035,75.0,29.0
JINDWORLD,JINDWORLDEQN,35.1,35.37,35.37,0.27,0.77,9424,333326,42.4,17.85
SMLMAH,SMLMAHEQN,5159.5,5199.0,5199.0,39.5,0.77,174,904626,5987.9,2719.0
CONCOR,CONCOREQN,519.0,523.0,523.0,4.0,0.77,1359,710757,569.8,421.45
PWL,PWLEQN,121.95,122.89,122.89,0.94,0.77,10966,1347611,161.99,77.72
SUPRIYA,SUPRIYAEQN,811.7,817.95,817.95,6.25,0.77,96,78523,1085.0,545.5
SHAH,SHAHEQN,3.95,3.98,3.98,0.03,0.76,648,2579,5.82,3.07
LAXMIDENTL,LAXMIDENTLEQN,198.18,199.69,199.69,1.51,0.76,490,97848,377.05,155.88
PRUDENT,PRUDENTEQN,3363.5,3389.2,3389.2,25.7,0.76,24,81340,3455.0,2121.0
CRIZAC,CRIZACEQN,171.34,172.65,172.65,1.31,0.76,782,135012,387.95,170.29
ADVAIT,ADVAITEQN,2115.4,2131.4,2131.4,16.0,0.76,311,662865,2485.0,1351.0
URJA,URJAEQN,9.32,9.39,9.39,0.07,0.75,3141,29493,14.45,8.0
METROPOLIS,METROPOLISEQN,540.8,544.85,544.85,4.05,0.75,306,166724,609.05,412.25
JSLL,JSLLEQN,506.2,510.0,510.0,3.8,0.75,240,122400,849.5,492.0
MWL,MWLEQN,41.17,41.48,41.48,0.31,0.75,174,7217,43.94,18.26
FEDDERSHOL,FEDDERSHOLEQN,40.2,40.5,40.5,0.3,0.75,3095,125347,53.49,32.06
LUXIND,LUXINDEQN,1201.0,1210.0,1210.0,9.0,0.75,201,243210,1823.35,824.05
MANOMAY,MANOMAYEQN,211.44,213.01,213.01,1.57,0.74,89,18957,259.88,160.25
KAMATHOTEL,KAMATHOTELEQN,190.83,192.25,192.25,1.42,0.74,3,576,329.8,140.2
HNDFDS,HNDFDSEQN,653.25,658.0,658.0,4.75,0.73,49,32242,677.75,442.0
INDIAMART,INDIAMARTEQN,1749.2,1762.0,1762.0,12.8,0.73,63,111006,2685.0,1730.0
SOMANYCERA,SOMANYCERAEQN,511.1,514.85,514.85,3.75,0.73,4,2059,556.8,332.0
PIRAMALFIN,PIRAMALFINEQN,2128.1,2143.7,2143.7,15.6,0.73,422,904641,2220.0,1260.0
LINCOLN,LINCOLNEQN,622.6,627.1,627.1,4.5,0.72,53,33236,770.0,440.0
MUKKA,MUKKAEQN,26.29,26.48,26.48,0.19,0.72,263,6964,31.23,18.27
STANLEY,STANLEYEQN,139.6,140.61,140.61,1.01,0.72,101,14201,320.45,123.0
UGROCAP,UGROCAPEQN,87.03,87.66,87.66,0.63,0.72,43,3769,192.5,80.12
CEIGALL,CEIGALLEQN,312.8,315.05,315.05,2.25,0.72,125,39381,405.7,222.61
SAFARI,SAFARIEQN,1490.2,1501.0,1501.0,10.8,0.72,15,22515,2507.1,1363.1
MEIL,MEILEQN,263.1,265.0,265.0,1.9,0.72,61,16165,573.7,206.26
NESCO,NESCOEQN,1032.6,1040.0,1040.0,7.4,0.72,20,20800,1638.9,996.0
SUBROS,SUBROSEQN,735.55,740.85,740.85,5.3,0.72,107,79270,1213.7,622.1
SRD,SRDEQN,39.42,39.7,39.7,0.28,0.71,1,39,91.0,36.0
RPPINFRA,RPPINFRAEQN,56.45,56.85,56.85,0.4,0.71,18,1023,169.9,55.04
TATVA,TATVAEQN,1638.4,1650.0,1650.0,11.6,0.71,123,202950,1838.1,976.4
CYBERTECH,CYBERTECHBEN,133.05,134.0,134.0,0.95,0.71,2,268,274.8,95.3
MEESHO,MEESHOEQN,209.51,210.99,210.99,1.48,0.71,148348,31299944,254.4,125.56
MOSCHIP,MOSCHIPEQN,206.31,207.75,207.75,1.44,0.7,6464,1342896,288.45,146.8
KIRLOSIND,KIRLOSINDEQN,3714.1,3740.0,3740.0,25.9,0.7,10,37400,4574.8,2463.0
PIIND,PIINDEQN,2482.5,2500.0,2500.0,17.5,0.7,612,1530000,3917.8,2457.0
CITIUSINVT,CITIUSINVTIVN,113.6,114.39,114.39,0.79,0.7,1,114,115.36,101.5
SUPREMEINF,SUPREMEINFEQN,85.36,85.96,85.96,0.6,0.7,67,5759,120.0,58.11
CERA,CERAEQN,5858.5,5899.5,5899.5,41.0,0.7,28,165186,6740.0,4461.1
LIKHITHA,LIKHITHAEQN,213.08,214.55,214.55,1.47,0.69,450,96547,272.0,131.45
IOB,IOBEQN,33.16,33.39,33.39,0.23,0.69,9834,328357,41.8,31.2
ONEPOINT,ONEPOINTEQN,56.61,57.0,57.0,0.39,0.69,1609,91713,65.85,40.58
IITL,IITLEQN,149.97,151.0,151.0,1.03,0.69,30,4530,216.0,108.0
JSWDULUX,JSWDULUXEQN,3086.1,3107.4,3107.4,21.3,0.69,11,34181,3745.0,2658.7
SEDEMAC,SEDEMACEQN,3261.4,3283.9,3283.9,22.5,0.69,167,548411,3349.7,1413.1
JSWCEMENT,JSWCEMENTEQN,125.13,125.99,125.99,0.86,0.69,4270,537977,162.15,106.65
UYFINCORP,UYFINCORPBEN,20.22,20.36,20.36,0.14,0.69,70,1425,22.34,11.16
RPOWER,RPOWEREQN,22.15,22.3,22.3,0.15,0.68,88145,1965633,50.85,20.17
FCSSOFT,FCSSOFTEQN,1.46,1.47,1.47,0.01,0.68,21657,31835,2.54,1.05
VASCONEQ,VASCONEQEQN,30.74,30.95,30.95,0.21,0.68,2,61,74.59,26.75
FIRSTCRY,FIRSTCRYEQN,196.67,198.0,198.0,1.33,0.68,889,176022,438.7,194.34
KMEW,KMEWEQN,2691.8,2710.0,2710.0,18.2,0.68,70,189700,2999.9,851.65
AARVI,AARVIEQN,153.96,155.0,155.0,1.04,0.68,100,15500,168.4,114.01
KANANIIND,KANANIINDEQN,1.48,1.49,1.49,0.01,0.68,180,268,2.27,1.02
NACLIND,NACLINDEQN,170.1,171.25,171.25,1.15,0.68,171,29283,262.2,112.62
HDIL,HDILBZN,1.49,1.5,1.5,0.01,0.67,272,408,3.36,1.48
TBOTEK,TBOTEKEQN,1702.6,1714.0,1714.0,11.4,0.67,468,802152,1764.8,1004.2
PRINCEPIPE,PRINCEPIPEEQN,283.1,285.0,285.0,1.9,0.67,261,74385,358.0,205.0
FUSION,FUSIONEQN,203.32,204.69,204.69,1.37,0.67,717,146762,243.0,136.5
IGIL,IGILEQN,335.8,338.0,338.0,2.2,0.66,484,163592,392.0,287.0
JAGRAN,JAGRANEQN,61.79,62.2,62.2,0.41,0.66,245,15239,78.9,59.5
SSDL,SSDLEQN,59.3,59.69,59.69,0.39,0.66,1,59,95.83,46.15
EICHERMOT,EICHERMOTEQN,8042.0,8095.0,8095.0,53.0,0.66,3813,30866235,8230.0,5880.0
JAYNECOIND,JAYNECOINDEQN,93.68,94.3,94.3,0.62,0.66,13772,1298699,117.0,57.12
SCPL,SCPLEQN,670.55,675.0,675.0,4.45,0.66,14,9450,689.0,190.03
PATANJALI,PATANJALIEQN,352.3,352.3,352.3,2.3,0.66,13201,4650712,615.0,328.2
SHREEJISPG,SHREEJISPGEQN,613.35,617.4,617.4,4.05,0.66,1104,681609,681.55,222.0
QUADFUTURE,QUADFUTUREEQN,337.8,340.0,340.0,2.2,0.65,287,97580,502.4,248.55
ACMESOLAR,ACMESOLAREQN,397.4,400.0,400.0,2.6,0.65,15064,6025600,406.5,195.9
ANUHPHR,ANUHPHREQN,75.91,76.4,76.4,0.49,0.65,100,7640,94.89,67.0
KRISHANA,KRISHANAEQN,196.52,197.8,197.8,1.28,0.65,421,83273,200.36,86.2
MVGJL,MVGJLEQN,146.84,147.8,147.8,0.96,0.65,100,14780,214.79,129.1
SONATSOFTW,SONATSOFTWEQN,306.0,308.0,308.0,2.0,0.65,873,268884,421.5,207.15
TIINDIA,TIINDIAEQN,2930.0,2949.0,2949.0,19.0,0.65,317,934833,3419.9,2164.9
REMUS,REMUSSMN,949.8,956.0,956.0,6.2,0.65,100,95600,967.05,580.0
SENCO,SENCOEQN,336.3,338.5,338.5,2.2,0.65,1399,473561,430.0,276.0
ADANIGREEN,ADANIGREENEQN,1301.8,1310.2,1310.2,8.4,0.65,8362,10955892,1631.5,765.0
KSHINTL,KSHINTLEQN,1011.3,1017.85,1017.85,6.55,0.65,242,246319,1059.9,330.0
STYL,STYLEQN,401.35,403.95,403.95,2.6,0.65,223,90080,437.45,209.11
KRN,KRNEQN,1518.3,1528.0,1528.0,9.7,0.64,268,409504,1598.2,589.8
RITCO,RITCOEQN,322.7,324.75,324.75,2.05,0.64,36,11691,327.5,167.1
DATAPATTNS,DATAPATTNSEQN,4700.2,4730.1,4730.1,29.9,0.64,6205,29350270,4955.9,2131.0
LICI,LICIEQN,419.0,421.7,421.7,2.7,0.64,32939,13890376,468.48,360.75
HARDWYN,HARDWYNEQN,9.31,9.37,9.37,0.06,0.64,1793,16800,20.2,7.76
M&MFIN,M&MFINEQN,382.45,384.9,384.9,2.45,0.64,884,340251,415.0,253.05
JUSTDIAL,JUSTDIALEQN,680.65,685.0,685.0,4.35,0.64,504,345240,878.6,480.5
SWIGGY,SWIGGYEQN,279.0,280.75,280.75,1.75,0.63,19915,5591136,474.0,235.75
UDS,UDSEQN,212.75,214.1,214.1,1.35,0.63,763,163358,266.2,125.1
AWFIS,AWFISEQN,263.0,264.65,264.65,1.65,0.63,289,76483,639.4,229.05
SUNPHARMA,SUNPHARMAEQN,1904.0,1916.0,1916.0,12.0,0.63,5749,11015084,2046.9,1548.0
FEDFINA,FEDFINAEQN,154.03,155.0,155.0,0.97,0.63,1755,272025,178.48,119.07
STCINDIA,STCINDIAEQN,121.44,122.2,122.2,0.76,0.63,1049,128187,150.7,97.04
ETERNAL,ETERNALEQN,327.95,330.0,330.0,2.05,0.63,248463,81992790,368.45,212.6
3PLAND,3PLANDEQN,31.6,31.8,31.8,0.2,0.63,5,159,50.18,28.51
SILGO,SILGOEQN,70.0,70.44,70.44,0.44,0.63,5,352,86.2,57.16
EXICOM,EXICOMEQN,157.03,158.0,158.0,0.97,0.62,2660,420280,182.9,75.6
SPAL,SPALEQN,923.85,929.6,929.6,5.75,0.62,30,27888,1221.9,600.0
NATIONALUM,NATIONALUMEQN,385.6,388.0,388.0,2.4,0.62,15623,6061724,445.15,183.86
GAEL,GAELEQN,183.36,184.5,184.5,1.14,0.62,21808,4023576,184.67,101.2
TORNTPOWER,TORNTPOWEREQN,1248.7,1256.4,1256.4,7.7,0.62,543,682225,1824.1,1188.0
GHCL,GHCLEQN,443.15,445.9,445.9,2.75,0.62,46,20511,667.2,416.6
BEPL,BEPLEQN,123.23,124.0,124.0,0.77,0.62,9887,1225988,138.5,74.2
BHEL,BHELEQN,413.5,416.05,416.05,2.55,0.62,12348,5137385,446.5,205.12
CPPLUS,CPPLUSEQN,3468.6,3490.0,3490.0,21.4,0.62,1911,6669390,4094.0,1086.15
SOLEX,SOLEXEQN,772.3,777.05,777.05,4.75,0.62,58,45068,1985.0,766.15
QUICKHEAL,QUICKHEALBEN,141.62,142.5,142.5,0.88,0.62,10,1425,371.4,125.0
PILITA,PILITAEQN,8.2,8.25,8.25,0.05,0.61,500,4125,15.9,6.2
MCX,MCXEQN,3126.0,3145.1,3145.1,19.1,0.61,19255,60558900,3480.0,1460.8
NBCC,NBCCEQN,88.25,88.79,88.79,0.54,0.61,33903,3010247,125.85,77.18
VAML,VAMLEQN,435.75,438.4,438.4,2.65,0.61,16167,7087612,537.0,423.15
TMB,TMBEQN,869.7,875.0,875.0,5.3,0.61,178,155750,917.0,411.8
CARRARO,CARRAROEQN,525.75,528.9,528.9,3.15,0.6,149,78806,667.55,407.4
TVSELECT,TVSELECTEQN,443.35,446.0,446.0,2.65,0.6,25,11150,739.35,336.2
UNIPARTS,UNIPARTSEQN,810.15,815.0,815.0,4.85,0.6,173,140995,839.0,391.8
SHREERAMA,SHREERAMAEQN,44.93,45.2,45.2,0.27,0.6,17,768,71.99,37.62
TIMEX,TIMEXEQN,591.05,594.6,594.6,3.55,0.6,1361,809250,618.0,312.0
BBOX,BBOXEQN,751.55,756.0,756.0,4.45,0.59,1172,886032,1103.0,435.05
WABAG,WABAGEQN,2057.9,2070.0,2070.0,12.1,0.59,2084,4313880,2253.5,1033.0
MEDIASSIST,MEDIASSISTEQN,355.9,358.0,358.0,2.1,0.59,180,64440,575.55,293.0
SUDARSCHEM,SUDARSCHEMEQN,1186.5,1193.5,1193.5,7.0,0.59,818,976283,1603.0,726.4
STLNETWORK,STLNETWORKEQN,25.25,25.4,25.4,0.15,0.59,806,20472,35.4,15.75
TURTLEMINT,TURTLEMINTEQN,144.6,145.45,145.45,0.85,0.59,2876,418314,158.5,110.41
ACSTECH,ACSTECHEQN,49.71,50.0,50.0,0.29,0.58,210,10500,53.56,31.71
KRISHNADEF,KRISHNADEFEQN,1037.9,1043.9,1043.9,6.0,0.58,192,200428,1400.0,665.0
KIMS,KIMSEQN,790.0,794.6,794.6,4.6,0.58,771,612636,858.0,575.8
JUBLINGREA,JUBLINGREAEQN,720.4,724.6,724.6,4.2,0.58,893,647067,795.0,537.3
NGLFINE,NGLFINEEQN,3033.3,3051.0,3051.0,17.7,0.58,46,140346,3602.0,1271.0
INNOVISION,INNOVISIONEQN,269.45,271.0,271.0,1.55,0.58,3,813,470.0,263.7
AYMSYNTEX,AYMSYNTEXEQN,262.5,264.0,264.0,1.5,0.57,17,4488,281.22,141.53
ASHIMASYN,ASHIMASYNEQN,17.49,17.59,17.59,0.1,0.57,500,8795,27.8,11.5
PDMJEPAPER,PDMJEPAPEREQN,87.68,88.18,88.18,0.5,0.57,1055,93029,148.39,65.0
INDIANB,INDIANBEQN,871.0,876.0,876.0,5.0,0.57,739,647364,1000.9,642.6
MANINFRA,MANINFRAEQN,110.29,110.92,110.92,0.63,0.57,2828,313681,169.6,77.12
DEVIT,DEVITEQN,24.66,24.8,24.8,0.14,0.57,831,20608,50.89,22.25
KIRIINDUS,KIRIINDUSEQN,461.3,463.95,463.95,2.65,0.57,6514,3022170,779.0,333.8
BLIL,BLILEQN,71.44,71.85,71.85,0.41,0.57,806,57911,79.5,67.0
NILAINFRA,NILAINFRAEQN,6.96,7.0,7.0,0.04,0.57,216,1512,11.55,5.9
VIPIND,VIPINDEQN,302.6,304.3,304.3,1.7,0.56,359,109243,454.3,278.25
GVT&D,GVT&DEQN,4050.1,4062.8,4062.8,22.7,0.56,1497,6082011,5650.0,2523.2
SUPRAJIT,SUPRAJITEQN,511.35,514.2,514.2,2.85,0.56,41,21082,559.25,389.95
RIIL,RIILEQN,737.8,741.95,741.95,4.15,0.56,125,92743,964.9,617.35
DIFFNKG,DIFFNKGEQN,401.8,404.05,404.05,2.25,0.56,1,404,453.9,216.8
RSL,RSLEQN,165.55,166.47,166.47,0.92,0.56,535,89061,171.99,101.7
VOEPL,VOEPLEQN,485.55,488.25,488.25,2.7,0.56,10,4882,547.0,428.65
NARMADA,NARMADAEQN,14.42,14.5,14.5,0.08,0.55,147,2131,22.59,9.95
RANEHOLDIN,RANEHOLDINEQN,1581.1,1589.8,1589.8,8.7,0.55,6,9538,1894.5,981.0
HINDWAREAP,HINDWAREAPEQN,198.45,199.55,199.55,1.1,0.55,507,101171,392.7,170.5
DEEPAKNTR,DEEPAKNTREQN,1750.4,1760.0,1760.0,9.6,0.55,58,102080,1904.4,1280.0
NAVINFLUOR,NAVINFLUOREQN,8256.0,8301.5,8301.5,45.5,0.55,678,5628417,8775.5,4498.5
EXCELSOFT,EXCELSOFTEQN,70.88,71.27,71.27,0.39,0.55,370,26369,142.59,66.4
GYFTR,GYFTREQN,159.08,159.95,159.95,0.87,0.55,6,959,174.9,139.69
GULPOLY,GULPOLYEQN,191.92,192.95,192.95,1.03,0.54,461,88949,227.63,121.5
PLATIND,PLATINDEQN,211.07,212.2,212.2,1.13,0.54,1,212,342.4,183.5
NH,NHEQN,1799.3,1809.0,1809.0,9.7,0.54,395,714555,2093.3,1589.0
GICRE,GICREEQN,359.8,361.75,361.75,1.95,0.54,723,261545,417.95,346.7
ADANIENSOL,ADANIENSOLEQN,1548.5,1556.9,1556.9,8.4,0.54,2772,4315726,1789.0,744.9
SAHYADRI,SAHYADRIEQN,374.9,374.4,374.4,2.0,0.54,14,5241,401.1,200.1
DEN,DENEQN,27.75,27.9,27.9,0.15,0.54,3024,84369,37.55,22.52
IBULLSLTD,IBULLSLTDEQN,25.75,25.89,25.89,0.14,0.54,12771,330641,32.5,8.9
SMARTWORKS,SMARTWORKSEQN,511.3,514.0,514.0,2.7,0.53,46,23644,619.0,361.5
BOMDYEING,BOMDYEINGEQN,112.6,113.2,113.2,0.6,0.53,681,77089,195.45,92.0
63MOONS,63MOONSEQN,770.8,774.9,774.9,4.1,0.53,932,722206,1007.7,467.0
DPEL,DPELSMN,576.95,580.0,580.0,3.05,0.53,500,290000,599.0,130.0
VIKRAMSOLR,VIKRAMSOLREQN,171.99,172.9,172.9,0.91,0.53,6528,1128691,407.95,155.38
CHEVIOT,CHEVIOTEQN,1176.3,1182.5,1182.5,6.2,0.53,1,1182,1370.5,898.0
XCHANGING,XCHANGINGEQN,61.28,61.6,61.6,0.32,0.52,182,11211,103.0,47.5
JTLIND,JTLINDEQN,74.61,75.0,75.0,0.39,0.52,2641,198075,87.2,40.25
BATAINDIA,BATAINDIAEQN,711.2,714.9,714.9,3.7,0.52,337,240921,1282.5,605.0
UNIVCABLES,UNIVCABLESEQN,1644.2,1652.7,1652.7,8.5,0.52,61,100814,1774.9,576.0
MOL,MOLEQN,61.43,61.75,61.75,0.32,0.52,7001,432311,88.88,36.5
OLECTRA,OLECTRAEQN,1291.2,1297.9,1297.9,6.7,0.52,1184,1536713,1714.2,866.6
TRUALT,TRUALTEQN,462.6,465.0,465.0,2.4,0.52,48,22320,549.0,310.2
IZMO,IZMOEQN,866.45,870.95,870.95,4.5,0.52,71,61837,1374.7,402.1
AURIONPRO,AURIONPROEQN,691.4,695.0,695.0,3.6,0.52,391,271745,1409.4,680.15
DREDGECORP,DREDGECORPEQN,1118.3,1124.0,1124.0,5.7,0.51,702,789048,1286.0,538.0
BANSWRAS,BANSWRASEQN,120.34,120.95,120.95,0.61,0.51,200,24190,144.0,93.73
ELECON,ELECONEQN,451.7,454.0,454.0,2.3,0.51,852,386808,634.9,352.0
GREENPANEL,GREENPANELEQN,160.26,161.07,161.07,0.81,0.51,781,125795,333.8,157.68
ESCORTS,ESCORTSEQN,3092.1,3108.0,3108.0,15.9,0.51,92,285936,4180.0,2700.0
NAUKRI,NAUKRIEQN,1360.9,1367.8,1367.8,6.9,0.51,690,943782,1437.8,908.3
GLOBUSSPR,GLOBUSSPREQN,905.1,909.7,909.7,4.6,0.51,32,29110,1264.5,800.05
ANDHRAPAP,ANDHRAPAPEQN,60.34,60.65,60.65,0.31,0.51,3,181,86.89,58.0
TIRUMALCHM,TIRUMALCHMEQN,156.41,157.2,157.2,0.79,0.51,2242,352442,328.8,143.5
HINDCOPPER,HINDCOPPEREQN,560.1,562.95,562.95,2.85,0.51,32812,18471515,760.05,226.7
GEOJITFSL,GEOJITFSLEQN,80.79,81.2,81.2,0.41,0.51,556,45147,85.39,50.86
ATHERENERG,ATHERENERGEQN,1449.6,1457.0,1457.0,7.4,0.51,9610,14001770,1580.0,407.7
FISCHER,FISCHEREQN,38.95,39.15,39.15,0.2,0.51,14036,549509,124.7,31.05
REPCOHOME,REPCOHOMEEQN,362.8,364.65,364.65,1.85,0.51,210,76576,455.9,333.6
KANSAINER,KANSAINEREQN,201.51,202.51,202.51,1.0,0.5,1235,250099,264.0,157.91
COMSYN,COMSYNEQN,289.77,291.21,291.21,1.44,0.5,30,8736,298.0,133.57
EMKAY,EMKAYEQN,239.09,240.28,240.28,1.19,0.5,1,240,409.9,186.0
ALLDIGI,ALLDIGIEQN,802.85,806.9,806.9,4.05,0.5,7,5648,1000.0,700.0
INDSWFTLAB,INDSWFTLABEQN,333.51,335.17,335.17,1.66,0.5,1081,362318,351.3,87.15
STAR,STAREQN,993.0,998.0,998.0,5.0,0.5,842,840316,1231.0,768.65
EIMCOELECO,EIMCOELECOEQN,2180.0,2190.8,2190.8,10.8,0.5,12,26289,2380.0,1405.5
SHARDACROP,SHARDACROPEQN,763.45,767.25,767.25,3.8,0.5,281,215597,1297.0,755.55
ANANTRAJ,ANANTRAJEQN,633.85,637.05,637.05,3.2,0.5,4764,3034906,743.65,403.0
NITINSPIN,NITINSPINEQN,586.05,589.0,589.0,2.95,0.5,226,133114,617.55,302.2
MUNJALAU,MUNJALAUEQN,115.13,115.71,115.71,0.58,0.5,2383,275736,130.6,67.2
GODFRYPHLP,GODFRYPHLPEQN,2103.1,2113.6,2113.6,10.5,0.5,1034,2185462,3947.0,1832.1
GLOBE,GLOBEEQN,2.0,2.01,2.01,0.01,0.5,38,76,3.29,1.86
BLUESTONE,BLUESTONEEQN,821.5,825.6,825.6,4.1,0.5,3950,3261120,926.0,399.8
DMART,DMARTEQN,3960.0,3979.8,3979.8,19.8,0.5,302,1201899,4949.5,3529.0
MMTC,MMTCEQN,66.27,66.6,66.6,0.33,0.5,47101,3136926,78.35,50.1
RICOAUTO,RICOAUTOEQN,131.54,132.2,132.2,0.66,0.5,4432,585910,157.99,78.92
AEQUS,AEQUSEQN,260.09,261.4,261.4,1.31,0.5,13246,3462504,274.39,113.3
ALLTIME,ALLTIMEEQN,208.21,209.25,209.25,1.04,0.5,1,209,334.9,186.0
KSB,KSBEQN,802.5,806.5,806.5,4.0,0.5,26,20969,1028.3,666.65
VMART,VMARTEQN,806.7,810.7,810.7,4.0,0.5,105,85123,888.0,457.9
KPEL,KPELEQN,256.65,257.9,257.9,1.25,0.49,509,131271,463.25,237.9
ZAGGLE,ZAGGLEEQN,197.56,198.52,198.52,0.96,0.49,34497,6848344,413.7,154.36
GODAVARIB,GODAVARIBEQN,245.8,247.0,247.0,1.2,0.49,159,39273,353.0,227.42
CAPLIPOINT,CAPLIPOINTEQN,2529.7,2542.0,2542.0,12.3,0.49,56,142352,2699.0,1500.3
KALAMANDIR,KALAMANDIREQN,86.48,86.9,86.9,0.42,0.49,813,70649,223.03,84.5
SHILPAMED,SHILPAMEDEQN,820.95,825.0,825.0,4.05,0.49,2163,1784475,834.1,259.5
HFCL,HFCLEQN,223.9,225.0,225.0,1.1,0.49,35508,7989300,234.4,59.82
MOLDTECH,MOLDTECHBEN,189.07,189.99,189.99,0.92,0.49,3151,598658,221.0,101.1
TATASTEEL,TATASTEELEQN,183.5,184.4,184.4,0.9,0.49,46425,8560770,224.4,153.05
DELTACORP,DELTACORPEQN,59.52,59.81,59.81,0.29,0.49,1497,89535,98.8,48.3
LUMAXTECH,LUMAXTECHEQN,2043.7,2053.8,2053.8,10.1,0.49,434,891349,2110.0,1024.6
SUNFLAG,SUNFLAGEQN,358.15,359.9,359.9,1.75,0.49,9,3239,428.0,192.15
MOTHERSON,MOTHERSONEQN,169.58,170.41,170.41,0.83,0.49,29971,5107358,173.27,91.1
EBGNG,EBGNGEQN,624.75,627.8,627.8,3.05,0.49,1960,1230488,689.5,239.0
MANORAMA,MANORAMAEQN,1958.7,1968.2,1968.2,9.5,0.49,1348,2653133,2043.0,1060.6
CAMS,CAMSEQN,749.25,752.9,752.9,3.65,0.49,2562,1928929,844.9,611.4
ORIANA,ORIANASMN,1194.4,1200.2,1200.2,5.8,0.49,75,90015,3064.0,1180.1
EXCELINDUS,EXCELINDUSEQN,1114.5,1120.0,1120.0,5.5,0.49,506,566720,1348.8,800.05
COHANCE,COHANCEEQN,475.55,477.9,477.9,2.35,0.49,4894,2338842,1038.9,266.7
IWARE,IWARESTN,452.85,455.05,455.05,2.2,0.49,600,273030,539.4,119.05
BFINVEST,BFINVESTEQN,451.5,453.7,453.7,2.2,0.49,7,3175,584.7,315.0
ARIS,ARISEQN,139.32,140.0,140.0,0.68,0.49,1603,224420,178.3,82.18
DCMSHRIRAM,DCMSHRIRAMEQN,1079.7,1085.0,1085.0,5.3,0.49,325,352625,1414.4,945.1
DECNGOLD,DECNGOLDEQN,242.66,243.85,243.85,1.19,0.49,5532,1348978,249.0,114.8
CAPINVIT,CAPINVITIVN,77.0,77.37,77.37,0.37,0.48,2650,205030,81.0,67.0
NESTLEIND,NESTLEINDEQN,1458.0,1465.0,1465.0,7.0,0.48,1344,1968960,1553.0,1145.0
SAPPHIRE,SAPPHIREEQN,241.35,242.5,242.5,1.15,0.48,1413,342652,347.9,139.91
ABANSENT,ABANSENTEQN,27.36,27.49,27.49,0.13,0.48,5,137,48.85,22.3
BAJAJHFL,BAJAJHFLEQN,85.59,85.99,85.99,0.4,0.47,15604,1341787,117.0,72.65
SIL,SILEQN,19.11,19.2,19.2,0.09,0.47,482,9254,21.7,11.7
SALSTEEL,SALSTEELEQN,79.13,79.5,79.5,0.37,0.47,2695,214252,81.8,15.61
SWANCORP,SWANCORPEQN,305.55,307.0,307.0,1.45,0.47,759,233013,506.0,295.65
MUKANDLTD,MUKANDLTDEQN,136.96,137.6,137.6,0.64,0.47,312,42931,154.25,114.31
JAICORPLTD,JAICORPLTDEQN,100.53,101.0,101.0,0.47,0.47,592,59792,178.24,88.0
DATAMATICS,DATAMATICSEQN,820.9,824.75,824.75,3.85,0.47,118,97320,1054.0,632.0
SAMBHV,SAMBHVEQN,131.38,132.0,132.0,0.62,0.47,7459,984588,141.32,81.42
REFEX,REFEXEQN,293.6,294.95,294.95,1.35,0.46,941,277547,415.0,188.0
LTFOODS,LTFOODSEQN,431.0,433.0,433.0,2.0,0.46,2008,869464,480.0,333.15
SOLARINDS,SOLARINDSEQN,19760.0,19850.0,19850.0,90.0,0.46,443,8793550,20422.0,11646.0
TECHNOE,TECHNOEEQN,985.45,990.0,990.0,4.55,0.46,455,450450,1575.0,870.0
SIGACHI,SIGACHIEQN,30.31,30.45,30.45,0.14,0.46,10165,309524,46.73,16.65
ECLERX,ECLERXEQN,1804.8,1812.1,1812.1,8.3,0.46,251,454837,2497.5,1320.0
FACT,FACTEQN,772.95,776.5,776.5,3.55,0.46,518,402227,1058.6,652.1
INOXWIND,INOXWINDEQN,73.9,74.24,74.24,0.34,0.46,17497,1298977,159.3,72.7
INDIAGLYCO,INDIAGLYCOEQN,1101.9,1107.0,1107.0,5.1,0.46,136,150552,1222.0,792.5
CRAFTSMAN,CRAFTSMANEQN,10690.5,10740.0,10740.0,49.5,0.46,21,225540,10960.0,6324.0
PPL,PPLBEN,270.75,272.0,272.0,1.25,0.46,4,1088,350.8,163.21
LENSKART,LENSKARTEQN,654.8,657.8,657.8,3.0,0.46,12473,8204739,657.9,356.1
COMFINTE,COMFINTEEQN,6.46,6.49,6.49,0.03,0.46,221,1434,9.19,5.21
GEEKAYWIRE,GEEKAYWIREEQN,22.31,22.41,22.41,0.1,0.45,1020,22858,40.63,18.51
SURYAROSNI,SURYAROSNIEQN,218.53,217.0,217.0,0.97,0.45,2793,606081,314.5,187.35
HDFCBANK,HDFCBANKEQN,725.05,728.3,728.3,3.25,0.45,280783,204494258,1020.5,715.1
TITAGARH,TITAGARHEQN,849.3,853.1,853.1,3.8,0.45,1662,1417852,971.0,568.7
BSOFT,BSOFTEQN,309.0,310.4,310.4,1.4,0.45,1505,467152,474.0,270.2
SBIN,SBINEQN,1048.0,1052.7,1052.7,4.7,0.45,25052,26372240,1234.7,798.5
SCI,SCIEQN,291.15,292.45,292.45,1.3,0.45,8654,2530862,368.75,195.55
IOLCP,IOLCPEQN,163.75,164.49,164.49,0.74,0.45,8887,1461822,179.6,67.19
ATALREAL,ATALREALEQN,33.45,33.6,33.6,0.15,0.45,20001,672033,36.7,17.75
BALAXI,BALAXIEQN,22.3,22.4,22.4,0.1,0.45,1205,26992,49.65,15.2
KEI,KEIEQN,5675.0,5700.0,5700.0,25.0,0.44,113,644100,5899.0,3728.7
JKPAPER,JKPAPEREQN,389.6,391.3,391.3,1.7,0.44,820,320866,444.8,304.85
DCMSRIND,DCMSRINDEQN,52.84,53.07,53.07,0.23,0.44,3867,205221,181.9,31.9
MARICO,MARICOEQN,858.35,862.15,862.15,3.8,0.44,7640,6586826,889.1,690.3
VINDHYATEL,VINDHYATELEQN,2436.0,2446.7,2446.7,10.7,0.44,1,2446,2600.0,963.9
ZEEL,ZEELEQN,108.03,108.5,108.5,0.47,0.44,95832,10397772,124.14,68.0
SRM,SRMEQN,481.1,483.2,483.2,2.1,0.44,7,3382,649.95,361.35
VIJAYA,VIJAYAEQN,1498.4,1505.0,1505.0,6.6,0.44,179,269395,1573.0,848.0
PARKHOSPS,PARKHOSPSEQN,272.6,273.8,273.8,1.2,0.44,830,227254,305.0,138.1
TENNIND,TENNINDEQN,568.6,571.1,571.1,2.5,0.44,1444,824668,657.0,438.05
AUTOAXLES,AUTOAXLESEQN,1754.2,1762.0,1762.0,7.8,0.44,11,19382,2115.0,1540.2
EUREKAFORB,EUREKAFORBEQN,416.2,418.0,418.0,1.8,0.43,150,62700,668.3,403.2
MOBIKWIK,MOBIKWIKEQN,195.66,196.5,196.5,0.84,0.43,1522,299073,334.0,151.46
BHARTIARTL,BHARTIARTLEQN,1941.7,1950.0,1950.0,8.3,0.43,48724,95011800,2174.5,1740.5
IRCTC,IRCTCEQN,485.9,488.0,488.0,2.1,0.43,4914,2398032,739.0,485.15
DCW,DCWEQN,44.01,44.2,44.2,0.19,0.43,3466,153197,81.31,37.11
SENORES,SENORESEQN,1513.3,1519.8,1519.8,6.5,0.43,443,673271,1577.5,662.45
NEULANDLAB,NEULANDLABEQN,23568.0,23669.0,23669.0,101.0,0.43,109,2579921,23881.0,11500.0
KIRLPNU,KIRLPNUEQN,739.8,743.0,743.0,3.2,0.43,356,264508,1098.55,495.05
COFORGE,COFORGEEQN,1882.0,1890.0,1890.0,8.0,0.43,10099,19087110,1989.7,1008.1
CMPDI,CMPDIEQN,234.49,235.5,235.5,1.01,0.43,8814,2075697,283.69,150.16
NITCO,NITCOEQN,89.61,89.99,89.99,0.38,0.42,3205,288417,130.0,64.0
360ONE,360ONEEQN,1203.0,1208.0,1208.0,5.0,0.42,954,1152432,1236.2,906.05
SHIVACEM,SHIVACEMEQN,16.68,16.75,16.75,0.07,0.42,102,1708,17.94,16.01
CONFIPET,CONFIPETEQN,72.16,72.46,72.46,0.3,0.42,527,38186,86.4,28.06
SOUTHBANK,SOUTHBANKEQN,45.16,45.35,45.35,0.19,0.42,47979,2175847,49.9,28.11
GUJALKALI,GUJALKALIEQN,676.85,679.7,679.7,2.85,0.42,174,118267,815.0,409.15
KPRMILL,KPRMILLEQN,1153.2,1158.0,1158.0,4.8,0.42,403,466674,1334.0,796.1
WHEELS,WHEELSEQN,1483.8,1490.0,1490.0,6.2,0.42,29,43210,1808.0,705.85
HEIDELBERG,HEIDELBERGEQN,160.22,160.9,160.9,0.68,0.42,112,18020,223.17,136.1
JSL,JSLEQN,718.4,718.4,718.4,3.0,0.42,203,145835,884.0,652.25
CENTRALBK,CENTRALBKEQN,31.07,31.2,31.2,0.13,0.42,15192,473990,40.92,29.32
AJAXENGG,AJAXENGGEQN,566.4,568.7,568.7,2.3,0.41,20,11374,728.5,394.8
PRESTIGE,PRESTIGEEQN,1585.5,1592.0,1592.0,6.5,0.41,506,805552,1805.2,1090.0
MAITHANALL,MAITHANALLEQN,978.0,982.0,982.0,4.0,0.41,15,14730,1210.1,831.2
NAZARA,NAZARAEQN,357.5,358.95,358.95,1.45,0.41,3901,1400263,365.0,215.7
RAMRAT,RAMRATEQN,486.5,488.5,488.5,2.0,0.41,255,124567,520.0,268.0
GKENERGY,GKENERGYEQN,123.99,124.5,124.5,0.51,0.41,1507,187621,239.6,87.2
KWIL,KWILEQN,43.47,43.65,43.65,0.18,0.41,315739,13782007,44.3,22.24
WEWORK,WEWORKEQN,688.15,691.0,691.0,2.85,0.41,267,184497,794.5,420.0
GARFIBRES,GARFIBRESEQN,760.25,763.3,763.3,3.05,0.4,115,87779,870.45,579.75
JASH,JASHEQN,481.5,483.45,483.45,1.95,0.4,390,188545,572.85,327.1
SWSOLAR,SWSOLAREQN,196.48,197.27,197.27,0.79,0.4,1352,266709,286.5,148.0
MPSLTD,MPSLTDEQN,2917.4,2929.0,2929.0,11.6,0.4,18,52722,2979.0,1336.1
MACPOWER,MACPOWEREQN,1945.9,1953.7,1953.7,7.8,0.4,42,82055,2000.0,761.0
VESUVIUS,VESUVIUSEQN,429.3,431.0,431.0,1.7,0.4,32,13792,607.9,428.6
THOMASCOOK,THOMASCOOKEQN,101.58,101.99,101.99,0.41,0.4,3126,318820,181.55,86.35
ALEMBICLTD,ALEMBICLTDEQN,91.63,92.0,92.0,0.37,0.4,939,86388,109.91,70.46
TCC,TCCEQN,252.85,253.85,253.85,1.0,0.4,40,10154,526.4,246.3
BELRISE,BELRISEEQN,234.08,234.99,234.99,0.91,0.39,6642,1560803,268.2,135.16
MARATHON,MARATHONEQN,354.6,356.0,356.0,1.4,0.39,221,78676,685.4,344.05
JSWINFRA,JSWINFRAEQN,329.85,331.15,331.15,1.3,0.39,2348,777540,355.8,233.42
BIRLACORPN,BIRLACORPNEQN,891.5,895.0,895.0,3.5,0.39,224,200480,1346.1,769.6
MAHSEAMLES,MAHSEAMLESEQN,610.6,613.0,613.0,2.4,0.39,214,131182,690.0,500.7
BLS,BLSEQN,273.92,275.0,275.0,1.08,0.39,3746,1030150,392.85,218.9
LICHSGFIN,LICHSGFINEQN,508.05,500.0,500.0,1.95,0.39,32351,16175500,598.2,458.9
KOTAKBANK,KOTAKBANKEQN,397.35,398.9,398.9,1.55,0.39,27977,11160025,453.2,345.5
BANSALWIRE,BANSALWIREEQN,322.75,324.0,324.0,1.25,0.39,18,5832,380.2,222.5
UNITDSPR,UNITDSPREQN,1544.0,1550.0,1550.0,6.0,0.39,1836,2845800,1550.0,1210.8
TMPV,TMPVEQN,320.25,321.5,321.5,1.25,0.39,40487,13016570,739.7,294.3
KOVAI,KOVAIEQN,6066.5,6090.0,6090.0,23.5,0.39,7,42630,6340.0,5275.5
FIEMIND,FIEMINDEQN,2190.6,2199.0,2199.0,8.4,0.38,244,536556,2674.8,1868.5
FLAIR,FLAIREQN,253.0,253.95,253.95,0.95,0.38,82,20823,348.8,242.9
ALLCARGO,ALLCARGOEQN,10.51,10.55,10.55,0.04,0.38,34746,366570,36.55,7.11
INDNIPPON,INDNIPPONEQN,1100.8,1105.0,1105.0,4.2,0.38,213,235365,1278.2,675.0
RAJOOENG,RAJOOENGBEN,50.26,50.45,50.45,0.19,0.38,598,30169,109.5,46.0
MUTHOOTMF,MUTHOOTMFEQN,213.21,214.0,214.0,0.79,0.37,1561,334054,262.77,141.2
JINDRILL,JINDRILLEQN,628.7,631.0,631.0,2.3,0.37,538,339478,693.5,440.1
CHOLAHLDNG,CHOLAHLDNGEQN,1574.2,1580.0,1580.0,5.8,0.37,82,129560,2064.0,1305.0
SHRINGARMS,SHRINGARMSEQN,223.98,224.8,224.8,0.82,0.37,400,89920,266.5,166.0
EPACK,EPACKEQN,203.06,203.8,203.8,0.74,0.36,688,140214,409.5,196.15
ICICIBANK,ICICIBANKEQN,1411.9,1417.0,1417.0,5.1,0.36,61303,86866351,1480.0,1187.6
ARVIND,ARVINDEQN,539.0,540.95,540.95,1.95,0.36,667,360813,600.0,274.8
BANDHANBNK,BANDHANBNKEQN,174.16,174.78,174.78,0.62,0.36,10263,1793767,220.76,134.25
GNRL,GNRLEQN,104.02,104.39,104.39,0.37,0.36,250,26097,120.9,83.2
TATACONSUM,TATACONSUMEQN,1056.3,1060.0,1060.0,3.7,0.35,2498,2647880,1282.7,1007.2
SHILCTECH,SHILCTECHEQN,3867.2,3880.8,3880.8,13.6,0.35,43,166874,5399.0,2852.5
VINATIORGA,VINATIORGAEQN,1330.5,1335.1,1335.1,4.6,0.35,283,377833,1849.9,1203.0
IRBINVIT,IRBINVITIVN,63.51,63.73,63.73,0.22,0.35,1898,120959,65.0,57.05
DIVISLAB,DIVISLABEQN,8570.0,8600.0,8600.0,30.0,0.35,391,3362600,8674.0,5636.5
CMRGREEN,CMRGREENEQN,213.75,214.5,214.5,0.75,0.35,889,190690,268.96,205.25
RADIANTCMS,RADIANTCMSEQN,34.18,34.3,34.3,0.12,0.35,15,514,62.3,32.33
MUFIN,MUFINEQN,139.51,139.98,139.98,0.47,0.34,5980,837080,140.46,82.99
PARKHOTELS,PARKHOTELSEQN,116.4,116.8,116.8,0.4,0.34,920,107456,164.1,95.1
RAYMONDREL,RAYMONDRELEQN,578.05,580.0,580.0,1.95,0.34,99,57420,734.9,349.0
ZENSARTECH,ZENSARTECHEQN,484.95,486.6,486.6,1.65,0.34,1429,695351,868.95,423.0
INTELLECT,INTELLECTEQN,685.7,688.0,688.0,2.3,0.34,404,277952,1244.6,595.2
ANUP,ANUPEQN,1811.8,1818.0,1818.0,6.2,0.34,56,101808,2576.0,1422.3
PGINVIT,PGINVITIVN,99.64,99.98,99.98,0.34,0.34,3644,364327,102.0,86.3
UNIONBANK,UNIONBANKEQN,184.68,185.3,185.3,0.62,0.34,5058,937247,205.49,124.64
WENDT,WENDTEQN,8109.5,8137.0,8137.0,27.5,0.34,27,219699,10585.0,5841.5
VOLTAS,VOLTASEQN,1219.5,1223.6,1223.6,4.1,0.34,953,1166090,1582.5,1186.8
ONESOURCE,ONESOURCEEQN,1534.5,1539.5,1539.5,5.0,0.33,78,120081,1925.0,1057.0
NETWORK18,NETWORK18EQN,30.59,30.69,30.69,0.1,0.33,52077,1598243,58.5,27.38
GICHSGFIN,GICHSGFINEQN,137.64,138.1,138.1,0.46,0.33,23,3176,184.0,130.05
ALLETEC,ALLETECSTN,121.6,122.0,122.0,0.4,0.33,800,97600,315.0,115.8
SANSTAR,SANSTAREQN,105.23,105.57,105.57,0.34,0.32,39,4117,137.49,74.3
BHARATSE,BHARATSEEQN,230.26,231.0,231.0,0.74,0.32,666,153846,263.18,129.1
BCLIND,BCLINDEQN,37.19,37.31,37.31,0.12,0.32,6990,260796,44.9,25.53
SGMART,SGMARTEQN,805.2,807.8,807.8,2.6,0.32,234,189025,824.0,313.1
BLISSGVS,BLISSGVSBEN,580.15,582.0,582.0,1.85,0.32,527,306714,602.45,118.0
GMBREW,GMBREWEQN,883.2,886.0,886.0,2.8,0.32,44,38984,1328.8,666.05
GALLANTT,GALLANTTEQN,582.4,584.2,584.2,1.8,0.31,87,50825,948.0,496.25
MAHAPEXLTD,MAHAPEXLTDEQN,58.59,58.77,58.77,0.18,0.31,102,5994,75.64,37.32
ZOTA,ZOTAEQN,1076.7,1080.0,1080.0,3.3,0.31,118,127440,1740.0,1026.2
RAINBOW,RAINBOWEQN,1453.5,1458.0,1458.0,4.5,0.31,5,7290,1610.0,1084.0
DYCL,DYCLEQN,453.6,455.0,455.0,1.4,0.31,1557,708435,520.0,236.8
LEMONTREE,LEMONTREEEQN,107.96,108.3,108.3,0.34,0.31,13655,1478836,180.68,99.61
BERGEPAINT,BERGEPAINTEQN,528.55,530.2,530.2,1.65,0.31,655,347281,594.55,391.1
VOLTAMP,VOLTAMPEQN,10313.5,10345.0,10345.0,31.5,0.31,213,2203485,12863.0,6666.0
ERIS,ERISEQN,1326.0,1330.1,1330.1,4.1,0.31,10,13301,1818.8,1200.0
RAMAPHO,RAMAPHOEQN,122.83,123.2,123.2,0.37,0.3,14,1724,217.19,103.5
PPLPHARMA,PPLPHARMAEQN,216.66,217.31,217.31,0.65,0.3,9356,2033152,218.5,132.3
FCL,FCLEQN,43.55,43.68,43.68,0.13,0.3,49411,2158272,47.18,19.1
EDELWEISS,EDELWEISSEQN,126.62,127.0,127.0,0.38,0.3,16698,2120646,133.9,93.5
EPL,EPLEQN,270.1,270.9,270.9,0.8,0.3,14047,3805332,273.0,176.4
MRPL,MRPLEQN,173.98,174.5,174.5,0.52,0.3,21596,3768502,212.31,120.45
PCBL,PCBLEQN,319.85,320.8,320.8,0.95,0.3,2735,877388,425.95,226.5
KITEX,KITEXEQN,124.73,125.1,125.1,0.37,0.3,1709,213795,232.7,123.15
VADILALIND,VADILALINDEQN,7402.0,7407.0,7407.0,22.0,0.3,52,385164,8447.0,3996.0
JAINREC,JAINRECEQN,299.75,300.65,300.65,0.9,0.3,1148,345146,593.95,247.57
TARIL,TARILEQN,285.15,286.0,286.0,0.85,0.3,3087,882882,552.0,224.05
WPIL,WPILEQN,461.5,462.9,462.9,1.4,0.3,175,81007,510.35,383.55
ZFSTEERING,ZFSTEERINGEQN,668.0,670.0,670.0,2.0,0.3,50,33500,894.98,620.65
SKYGOLD,SKYGOLDEQN,778.55,780.8,780.8,2.25,0.29,1479,1154803,848.0,259.0
BALMLAWRIE,BALMLAWRIEEQN,174.0,174.5,174.5,0.5,0.29,753,131398,238.2,148.36
THANGAMAYL,THANGAMAYLEQN,5457.0,5473.0,5473.0,16.0,0.29,260,1422980,7430.0,1939.5
MARSONS,MARSONSEQN,112.15,112.47,112.47,0.32,0.29,7925,891324,175.4,100.25
AFCONS,AFCONSEQN,280.2,281.0,281.0,0.8,0.29,1133,318373,479.4,259.1
ICRA,ICRAEQN,4867.2,4881.3,4881.3,14.1,0.29,33,161082,6982.0,4692.0
BAYERCROP,BAYERCROPEQN,4066.8,4078.5,4078.5,11.7,0.29,28,114198,5649.5,4030.0
TANLA,TANLAEQN,572.8,574.45,574.45,1.65,0.29,1390,798485,766.0,365.9
NAHARSPING,NAHARSPINGEQN,292.15,293.0,293.0,0.85,0.29,70,20510,349.0,149.2
NMDC,NMDCEQN,83.95,84.19,84.19,0.24,0.29,40336,3395887,97.49,68.19
PARAGMILK,PARAGMILKEQN,207.94,208.55,208.55,0.61,0.29,247,51511,376.95,177.84
SUMICHEM,SUMICHEMEQN,551.8,553.4,553.4,1.6,0.29,298,164913,617.45,362.6
MAHLIFE,MAHLIFEEQN,377.2,378.3,378.3,1.1,0.29,239,90413,427.05,286.8
SIRCA,SIRCAEQN,449.75,451.0,451.0,1.25,0.28,2072,934472,539.0,385.0
SBFC,SBFCEQN,93.99,94.25,94.25,0.26,0.28,536,50518,123.0,79.6
NRAIL,NRAILEQN,503.6,505.0,505.0,1.4,0.28,5,2525,574.0,333.0
APTUS,APTUSEQN,253.3,254.0,254.0,0.7,0.28,361,91694,358.75,193.03
AKUMS,AKUMSEQN,752.9,755.0,755.0,2.1,0.28,357,269535,775.0,409.3
FEDERALBNK,FEDERALBNKEQN,355.3,356.3,356.3,1.0,0.28,11240,4004812,371.7,188.4
JINDALSTEL,JINDALSTELEQN,1118.9,1120.0,1120.0,3.1,0.28,1445,1618400,1306.2,943.3
NLCINDIA,NLCINDIAEQN,272.05,272.8,272.8,0.75,0.28,2279,621711,387.8,222.0
JWL,JWLEQN,248.1,248.8,248.8,0.7,0.28,4029,1002415,372.85,235.65
ZUARIIND,ZUARIINDEQN,285.15,285.95,285.95,0.8,0.28,1016,290525,416.0,210.0
MVELECTRO,MVELECTROEQN,568.3,569.9,569.9,1.6,0.28,2908,1657269,686.5,520.0
AZADIND,AZADINDEQN,89.76,90.01,90.01,0.25,0.28,100,9001,98.99,72.97
GUJENERGY,GUJENERGYEQN,267.2,267.95,267.95,0.75,0.28,4475,1199076,452.0,261.25
CENTURYPLY,CENTURYPLYEQN,772.75,774.95,774.95,2.2,0.28,209,161964,859.0,618.5
PAGEIND,PAGEINDEQN,35505.0,35600.0,35600.0,95.0,0.27,22,783200,47310.0,29805.0
SCHNEIDER,SCHNEIDEREQN,1242.6,1246.0,1246.0,3.4,0.27,709,883414,1548.0,571.85
ALKYLAMINE,ALKYLAMINEEQN,1923.8,1929.0,1929.0,5.2,0.27,69,133101,2201.9,1212.0
ACC,ACCEQN,1301.1,1304.6,1304.6,3.5,0.27,110,143506,1987.0,1251.7
PNCINFRA,PNCINFRAEQN,209.34,209.9,209.9,0.56,0.27,1435,301206,325.0,158.17
HMAAGRO,HMAAGROEQN,21.94,22.0,22.0,0.06,0.27,1442,31724,34.24,20.0
SWARAJ,SWARAJEQN,372.0,373.0,373.0,1.0,0.27,7,2611,386.75,158.5
VENUSPIPES,VENUSPIPESEQN,1540.9,1545.1,1545.1,4.2,0.27,7,10815,1875.0,890.0
INFY,INFYEQN,1130.0,1133.0,1133.0,3.0,0.27,35693,40440169,1728.0,982.4
EMIL,EMILEQN,191.06,191.58,191.58,0.52,0.27,9766,1870970,196.74,84.9
THERMAX,THERMAXEQN,4034.0,4045.0,4045.0,11.0,0.27,97,392365,5277.8,2742.7
AXISCADES,AXISCADESEQN,1600.6,1604.9,1604.9,4.3,0.27,134,215056,2211.0,1063.3
PNBHOUSING,PNBHOUSINGEQN,1175.5,1178.5,1178.5,3.0,0.26,465,548002,1207.0,729.6
GOCOLORS,GOCOLORSEQN,330.15,331.0,331.0,0.85,0.26,350,115850,760.9,237.05
ASAHIINDIA,ASAHIINDIAEQN,951.55,954.0,954.0,2.45,0.26,321,306234,1074.0,775.1
RALLIS,RALLISEQN,212.85,213.4,213.4,0.55,0.26,2093,446646,385.7,207.53
CHENNPETRO,CHENNPETROEQN,1390.5,1394.1,1394.1,3.6,0.26,4060,5660046,1489.7,639.8
SMARTLINK,SMARTLINKBEN,224.42,225.0,225.0,0.58,0.26,75,16875,232.05,103.5
FLUOROCHEM,FLUOROCHEMEQN,4682.7,4695.0,4695.0,12.3,0.26,77,361515,4958.9,2916.6
PRAKASHSTL,PRAKASHSTLEQN,3.93,3.94,3.94,0.01,0.25,214,843,6.57,3.83
SPANDANA,SPANDANAEQN,243.45,244.05,244.05,0.6,0.25,269,65649,319.4,181.1
CAPTRUST,CAPTRUSTBEN,20.24,20.29,20.29,0.05,0.25,5,101,34.07,10.98
MASFIN,MASFINEQN,300.25,301.0,301.0,0.75,0.25,25,7525,358.85,277.35
DVL,DVLEQN,263.34,264.0,264.0,0.66,0.25,5,1320,380.6,186.99
DOLPHIN,DOLPHINEQN,621.6,623.15,623.15,1.55,0.25,274,170743,656.25,322.0
UNITECH,UNITECHEQN,3.97,3.98,3.98,0.01,0.25,1589,6324,7.93,3.1
SINGERIND,SINGERINDEQN,83.99,84.2,84.2,0.21,0.25,381,32080,91.3,57.15
SRTL,SRTLEQN,39.35,39.45,39.45,0.1,0.25,100,3945,73.36,38.0
PTCIL,PTCILEQN,19623.0,19670.0,19670.0,47.0,0.24,22,432740,20750.0,13251.0
LALPATHLAB,LALPATHLABEQN,1889.4,1894.0,1894.0,4.6,0.24,207,392058,1988.9,1272.6
SALZERELEC,SALZERELECEQN,568.55,569.9,569.9,1.35,0.24,127,72377,952.5,488.8
BANCOINDIA,BANCOINDIAEQN,625.45,626.95,626.95,1.5,0.24,199,124763,879.8,502.0
KEC,KECEQN,424.1,425.1,425.1,1.0,0.24,1205,512245,937.8,418.0
INDUSTOWER,INDUSTOWEREQN,368.8,369.7,369.7,0.9,0.24,2075,767127,481.5,312.55
MSTCLTD,MSTCLTDEQN,692.35,694.0,694.0,1.65,0.24,323,224162,743.9,362.15
VAIBHAVGBL,VAIBHAVGBLEQN,226.85,227.4,227.4,0.55,0.24,543,123478,293.25,174.13
SIGNPOST,SIGNPOSTEQN,266.35,267.0,267.0,0.65,0.24,76,20292,336.8,191.41
SUPREMEIND,SUPREMEINDEQN,3650.0,3658.7,3658.7,8.7,0.24,55,201228,4664.9,3140.0
ABCAPITAL,ABCAPITALEQN,409.0,410.0,410.0,1.0,0.24,18275,7492750,430.7,272.7
SMLT,SMLTEQN,70.18,70.35,70.35,0.17,0.24,90,6331,122.85,56.61
FDC,FDCEQN,350.15,351.0,351.0,0.85,0.24,86,30186,527.8,312.95
GRANULES,GRANULESEQN,841.6,843.6,843.6,2.0,0.24,457,385525,910.0,452.5
PARAS,PARASEQN,1502.0,1505.4,1505.4,3.4,0.23,4359,6562038,1577.0,580.5
TDPOWERSYS,TDPOWERSYSEQN,1507.5,1511.0,1511.0,3.5,0.23,1546,2336006,1597.7,493.0
HGS,HGSEQN,406.5,407.45,407.45,0.95,0.23,56,22817,556.0,342.05
SKFINDUS,SKFINDUSEQN,2753.7,2760.0,2760.0,6.3,0.23,32,88320,3041.0,1994.1
QPOWER,QPOWEREQN,1334.9,1338.0,1338.0,3.1,0.23,308,412104,1441.0,581.0
WELENT,WELENTEQN,584.65,586.0,586.0,1.35,0.23,907,531502,634.9,412.0
HINDPETRO,HINDPETROEQN,363.2,364.0,364.0,0.8,0.22,9719,3537716,508.45,316.2
POLYCAB,POLYCABEQN,9125.0,9145.0,9145.0,20.0,0.22,282,2578890,10126.0,6663.0
GENUSPOWER,GENUSPOWEREQN,334.25,335.0,335.0,0.75,0.22,8834,2959390,364.5,210.4
ICIL,ICILEQN,435.1,436.0,436.0,0.9,0.21,2374,1035064,463.8,216.9
MAXHEALTH,MAXHEALTHEQN,997.9,1000.0,1000.0,2.1,0.21,3003,3003000,1256.0,903.0
KFINTECH,KFINTECHEQN,961.0,963.0,963.0,2.0,0.21,2963,2853369,1215.0,784.95
TGVSL,TGVSLEQN,105.68,105.9,105.9,0.22,0.21,823,87155,111.5,102.5
SUZLON,SUZLONEQN,47.0,47.1,47.1,0.1,0.21,154114,7258769,61.5,38.19
HCG,HCGEQN,730.45,732.0,732.0,1.55,0.21,41,30012,796.68,513.3
NATCOPHARM,NATCOPHARMEQN,877.5,879.3,879.3,1.8,0.21,805,707836,1226.8,789.0
HIKAL,HIKALEQN,212.26,212.7,212.7,0.44,0.21,160,34032,282.7,146.25
NOCIL,NOCILEQN,161.66,162.0,162.0,0.34,0.21,261,42282,204.5,125.31
POWERICA,POWERICAEQN,533.9,535.0,535.0,1.1,0.21,49,26215,676.95,365.1
CLSEL,CLSELEQN,278.45,279.0,279.0,0.55,0.2,100,27900,321.0,203.75
DCBBANK,DCBBANKEQN,188.61,188.99,188.99,0.38,0.2,1069,202030,205.9,119.51
TRITURBINE,TRITURBINEEQN,580.05,581.2,581.2,1.15,0.2,349,202838,787.6,428.35
SANDUMA,SANDUMAEQN,196.95,197.35,197.35,0.4,0.2,943,186101,273.0,141.37
MANCREDIT,MANCREDITEQN,224.55,225.0,225.0,0.45,0.2,4,900,287.27,152.06
STEELCAS,STEELCASEQN,358.7,359.4,359.4,0.7,0.2,64,23001,363.65,176.02
NSLNISP,NSLNISPEQN,39.52,39.6,39.6,0.08,0.2,29753,1178218,53.75,33.01
NYKAA,NYKAAEQN,330.35,331.0,331.0,0.65,0.2,5058,1674198,348.0,223.3
APCOTEXIND,APCOTEXINDEQN,613.65,614.85,614.85,1.2,0.2,25,15371,712.0,310.45
VENKEYS,VENKEYSEQN,1512.0,1515.0,1515.0,3.0,0.2,51,77265,1800.0,1165.0
OFSS,OFSSEQN,11826.0,11850.0,11850.0,24.0,0.2,219,2595150,11979.0,6234.5
LEAPIND,LEAPINDEQN,166.66,167.0,167.0,0.34,0.2,42630,7119210,171.25,143.0
RADICO,RADICOEQN,4696.0,4705.0,4705.0,9.0,0.19,240,1129200,4747.0,2500.0
PERSISTENT,PERSISTENTEQN,5674.0,5685.0,5685.0,11.0,0.19,1425,8101125,6599.0,4244.5
M&M,M&MEQN,3424.8,3431.2,3431.2,6.4,0.19,14989,51430256,3839.9,2896.0
NOVARTIND,NOVARTINDEQN,1482.2,1485.0,1485.0,2.8,0.19,12,17820,1780.0,950.0
POONAWALLA,POONAWALLAEQN,494.05,495.0,495.0,0.95,0.19,2048,1013760,570.4,361.2
PROSTARM,PROSTARMEQN,138.53,138.8,138.8,0.27,0.19,39,5413,237.0,114.64
KALPATARU,KALPATARUEQN,288.35,288.9,288.9,0.55,0.19,10,2889,429.3,258.0
PRIMO,PRIMOEQN,21.46,21.5,21.5,0.04,0.19,200,4300,27.59,16.1
AYE,AYEEQN,169.69,170.01,170.01,0.32,0.19,132,22441,197.29,88.22
SJVN,SJVNEQN,65.91,66.03,66.03,0.12,0.18,3600,237708,101.45,63.02
KAYNES,KAYNESEQN,3815.0,3822.0,3822.0,7.0,0.18,2338,8935836,7705.0,2995.0
WINDLAS,WINDLASEQN,988.2,990.0,990.0,1.8,0.18,129,127710,1056.4,697.4
SEAMECLTD,SEAMECLTDEQN,1699.0,1700.0,1700.0,3.0,0.18,425,722500,1719.9,771.75
GSFC,GSFCEQN,160.61,160.9,160.9,0.29,0.18,2819,453577,220.59,138.83
THEMISMED,THEMISMEDEQN,102.77,102.95,102.95,0.18,0.18,273,28105,148.0,64.95
ASKAUTOLTD,ASKAUTOLTDEQN,643.85,645.0,645.0,1.15,0.18,418,269610,687.7,375.3
DOLLAR,DOLLAREQN,272.15,272.65,272.65,0.5,0.18,215,58619,396.0,220.5
KABRAEXTRU,KABRAEXTRUEQN,529.1,530.05,530.05,0.95,0.18,269,142583,541.0,180.0
VISHNU,VISHNUEQN,625.2,626.0,626.0,1.1,0.18,65,40690,670.0,443.7
E2E,E2EBEN,623.85,625.0,625.0,1.15,0.18,1944,1215000,698.0,183.36
SANDHAR,SANDHAREQN,648.0,649.1,649.1,1.1,0.17,795,516034,763.2,420.45
KPIL,KPILEQN,1387.6,1390.0,1390.0,2.4,0.17,37,51430,1479.6,1007.1
PRICOLLTD,PRICOLLTDEQN,803.65,805.0,805.0,1.35,0.17,410,330050,823.0,440.85
ZYDUSLIFE,ZYDUSLIFEEQN,1107.7,1109.6,1109.6,1.9,0.17,636,705705,1205.0,835.5
WONDERLA,WONDERLAEQN,490.1,490.95,490.95,0.85,0.17,217,106536,659.0,455.0
IGPL,IGPLEQN,471.05,471.85,471.85,0.8,0.17,47,22176,532.45,315.0
INDIGRID,INDIGRIDIVN,175.51,175.8,175.8,0.29,0.17,238,41840,180.9,158.75
ARSSBL,ARSSBLEQN,497.65,498.5,498.5,0.85,0.17,175,87237,794.85,416.0
LEMERITE,LEMERITEEQN,23.45,23.49,23.49,0.04,0.17,200,4698,107.57,19.52
CAPILLARY,CAPILLARYEQN,506.95,507.8,507.8,0.85,0.17,53,26913,798.95,464.25
VEDPOWER,VEDPOWEREQN,36.04,36.1,36.1,0.06,0.17,10933,394681,49.88,33.06
RPPL,RPPLBEN,22.94,22.98,22.98,0.04,0.17,10,229,26.97,14.25
CREDENT,CREDENTSTN,377.05,377.7,377.7,0.65,0.17,115800,43737660,0.0,0.0
MMP,MMPEQN,406.35,407.0,407.0,0.65,0.16,1055,429385,413.0,185.2
DLF,DLFEQN,676.15,677.2,677.2,1.05,0.16,4351,2946497,794.8,489.4
WELSPUNLIV,WELSPUNLIVEQN,188.69,189.0,189.0,0.31,0.16,39624,7488936,191.47,107.1
TEJASNET,TEJASNETEQN,509.2,510.0,510.0,0.8,0.16,4037,2058870,647.0,294.0
NDRAUTO,NDRAUTOEQN,773.8,775.0,775.0,1.2,0.16,56,43400,1186.6,605.05
ZUARI,ZUARIEQN,225.89,226.25,226.25,0.36,0.16,535,121043,393.55,175.1
PGEL,PGELEQN,602.05,603.0,603.0,0.95,0.16,1045,630135,644.4,436.55
IFBIND,IFBINDEQN,1402.9,1405.2,1405.2,2.3,0.16,156,219211,2019.8,883.2
MANAKALUCO,MANAKALUCOEQN,37.19,37.25,37.25,0.06,0.16,1,37,68.12,21.73
JKTYRE,JKTYREEQN,373.4,374.0,374.0,0.6,0.16,918,343332,611.9,318.05
HEXT,HEXTEQN,544.2,545.0,545.0,0.8,0.15,465,253425,829.4,400.2
RCF,RCFEQN,118.42,118.6,118.6,0.18,0.15,1141,135322,164.49,106.0
TIIL,TIILEQN,3200.2,3205.0,3205.0,4.8,0.15,73,233965,3359.9,1868.5
EMMVEE,EMMVEEEQN,325.6,326.1,326.1,0.5,0.15,8828,2878810,371.55,171.51
AASTHA,AASTHAEQN,73.32,73.43,73.43,0.11,0.15,64,4699,140.01,70.0
ICICIGI,ICICIGIEQN,1625.0,1627.3,1627.3,2.3,0.14,100,162730,2064.9,1544.6
INDOFARM,INDOFARMEQN,138.06,138.25,138.25,0.19,0.14,735,101613,271.69,110.7
CCL,CCLEQN,1112.4,1114.0,1114.0,1.6,0.14,154,171556,1242.2,815.5
PRIVISCL,PRIVISCLEQN,3450.3,3455.0,3455.0,4.7,0.14,77,266035,3785.3,2193.9
TATAELXSI,TATAELXSIEQN,3660.0,3665.1,3665.1,5.1,0.14,273,1000572,5950.0,3353.9
SMSPHARMA,SMSPHARMAEQN,356.5,357.0,357.0,0.5,0.14,16,5712,447.8,221.02
MIDHANI,MIDHANIEQN,420.5,421.1,421.1,0.6,0.14,1930,812723,456.6,266.65
APOLLO,APOLLOEQN,386.75,387.3,387.3,0.55,0.14,5972,2312955,466.5,179.5
GROWW,GROWWEQN,200.72,201.0,201.0,0.28,0.14,96313,19358913,227.2,112.0
ARVSMART,ARVSMARTEQN,659.1,660.0,660.0,0.9,0.14,93,61380,693.8,486.8
SPECTRUM,SPECTRUMBEN,2212.5,2215.5,2215.5,3.0,0.14,119,263644,2637.2,1050.0
FINCABLES,FINCABLESEQN,1291.2,1293.0,1293.0,1.8,0.14,664,858552,1374.0,700.8
ALPEXSOLAR,ALPEXSOLARSMN,828.95,830.0,830.0,1.05,0.13,200,166000,1376.75,660.0
HSCL,HSCLEQN,704.2,705.1,705.1,0.9,0.13,27273,19230192,819.5,418.5
ELECTCAST,ELECTCASTEQN,71.89,71.98,71.98,0.09,0.13,2126,153029,108.71,60.15
POLICYBZR,POLICYBZREQN,1779.6,1782.0,1782.0,2.4,0.13,960,1710720,1974.0,1364.0
INDBANK,INDBANKEQN,31.56,31.6,31.6,0.04,0.13,1,31,47.15,28.25
BASF,BASFEQN,3856.2,3861.2,3861.2,5.0,0.13,18,69501,4829.9,3122.2
CAPACITE,CAPACITEEQN,203.73,204.0,204.0,0.27,0.13,1069,218076,334.0,180.0
RTNPOWER,RTNPOWEREQN,7.77,7.78,7.78,0.01,0.13,45757,355989,12.9,7.52
HBPOR,HBPOREQN,61.92,62.0,62.0,0.08,0.13,100,6200,63.0,55.05
BLUECLOUDS,BLUECLOUDSEQN,22.47,22.5,22.5,0.03,0.13,3253,73192,24.5,21.5
SHARDUL,SHARDULBEN,52.73,52.8,52.8,0.07,0.13,1,52,60.0,23.05
BLACKBUCK,BLACKBUCKEQN,631.05,631.8,631.8,0.75,0.12,1218,769532,748.0,496.0
NSIL,NSILEQN,5631.0,5638.0,5638.0,7.0,0.12,19,107122,8730.0,4700.0
CENTUM,CENTUMEQN,3446.0,3450.0,3450.0,4.0,0.12,22,75900,3968.8,2044.2
TRF,TRFEQN,231.15,231.42,231.42,0.27,0.12,2,462,405.0,215.5
CAMLINFINE,CAMLINFINEEQN,108.38,108.51,108.51,0.13,0.12,704,76391,235.0,96.21
AQYLON,AQYLONEQN,24.08,24.11,24.11,0.03,0.12,2043,49256,224.7,20.87
SOLARWORLD,SOLARWORLDEQN,149.82,150.0,150.0,0.18,0.12,1408,211200,388.5,139.19
MAMATA,MAMATAEQN,405.5,406.0,406.0,0.5,0.12,1,406,515.0,297.0
TATAPOWER,TATAPOWEREQN,375.25,375.7,375.7,0.45,0.12,6975,2620507,464.9,342.5
IREDA,IREDAEQN,114.9,115.04,115.04,0.14,0.12,8213,944823,163.35,108.65
WSTCSTPAPR,WSTCSTPAPREQN,636.25,637.0,637.0,0.75,0.12,126,80262,645.0,375.0
RECLTD,RECLTDEQN,328.1,328.5,328.5,0.4,0.12,5796,1903986,390.5,304.05
ISGEC,ISGECEQN,761.75,762.7,762.7,0.95,0.12,47,35846,1113.9,683.95
KISSHT,KISSHTEQN,302.65,303.0,303.0,0.35,0.12,4240,1284720,351.5,190.0
DCXINDIA,DCXINDIAEQN,173.71,173.9,173.9,0.19,0.11,970,168683,286.0,153.3
ZEEMEDIA,ZEEMEDIAEQN,9.4,9.41,9.41,0.01,0.11,7953,74837,13.26,6.65
MONTECARLO,MONTECARLOEQN,541.5,542.1,542.1,0.6,0.11,102,55294,860.95,464.0
CSBBANK,CSBBANKEQN,320.9,321.25,321.25,0.35,0.11,714,229372,574.4,312.95
JMFINANCIL,JMFINANCILEQN,129.16,129.3,129.3,0.14,0.11,5837,754724,199.8,112.0
MTNL,MTNLEQN,26.79,26.82,26.82,0.03,0.11,4841,129835,48.19,21.26
APLLTD,APLLTDEQN,814.1,815.0,815.0,0.9,0.11,229,186635,1002.0,635.8
INTERARCH,INTERARCHEQN,1688.3,1690.1,1690.1,1.8,0.11,234,395483,2762.6,1600.0
HCLTECH,HCLTECHEQN,1318.4,1319.9,1319.9,1.5,0.11,2902,3830349,1780.1,1030.0
PNBGILTS,PNBGILTSEQN,79.11,79.2,79.2,0.09,0.11,629,49816,109.99,58.6
CELLO,CELLOEQN,363.6,364.0,364.0,0.4,0.11,150,54600,673.8,336.6
VEEDOL,VEEDOLEQN,1510.4,1512.0,1512.0,1.6,0.11,20,30240,2035.0,1238.2
BESTAGRO,BESTAGROEQN,18.12,18.14,18.14,0.02,0.11,779,14131,34.4,12.3
FABTECH,FABTECHEQN,146.33,146.49,146.49,0.16,0.11,153,22412,262.8,132.7
GRAUWEIL,GRAUWEILEQN,66.25,66.32,66.32,0.07,0.11,728,48280,87.4,62.09
JARO,JAROEQN,440.05,440.55,440.55,0.5,0.11,41,18062,890.0,383.5
PCJEWELLER,PCJEWELLEREQN,9.61,9.62,9.62,0.01,0.1,495377,4765526,15.38,7.47
MEDICAMEQ,MEDICAMEQEQN,243.75,244.0,244.0,0.25,0.1,27,6588,447.65,212.4
YATRA,YATRAEQN,114.64,114.76,114.76,0.12,0.1,105,12049,202.0,89.9
LINDEINDIA,LINDEINDIAEQN,6695.0,6702.0,6702.0,7.0,0.1,22,147444,8049.0,5673.0
GREAVESCOT,GREAVESCOTEQN,191.0,191.2,191.2,0.2,0.1,8300,1586960,271.9,119.99
MAHABANK,MAHABANKEQN,80.28,80.36,80.36,0.08,0.1,13760,1105753,94.5,51.71
SKIPPER,SKIPPEREQN,555.45,556.0,556.0,0.55,0.1,2779,1545124,593.0,327.05
REDINGTON,REDINGTONEQN,348.1,348.45,348.45,0.35,0.1,13317,4640308,364.5,191.31
NIITMTS,NIITMTSEQN,231.46,231.7,231.7,0.24,0.1,722,167287,443.9,203.3
ATLANTAA,ATLANTAAEQN,38.57,38.61,38.61,0.04,0.1,110,4247,73.39,29.41
HONASA,HONASAEQN,483.8,484.3,484.3,0.5,0.1,440,213092,509.8,248.4
ABFRL,ABFRLEQN,54.75,54.8,54.8,0.05,0.09,10464,573427,94.95,53.51
PNGJL,PNGJLEQN,609.45,610.0,610.0,0.55,0.09,281,171410,736.4,503.0
PSB,PSBEQN,23.38,23.4,23.4,0.02,0.09,3571,83561,32.46,20.5
IGARASHI,IGARASHIEQN,446.8,447.2,447.2,0.4,0.09,35,15652,558.0,271.05
CIEINDIA,CIEINDIAEQN,403.8,404.15,404.15,0.35,0.09,319,128923,526.0,381.1
SUNTV,SUNTVEQN,477.55,478.0,478.0,0.45,0.09,261,124758,660.7,474.0
TIMETECHNO,TIMETECHNOEQN,191.63,191.8,191.8,0.17,0.09,4005,768159,249.15,154.0
ONWARDTEC,ONWARDTECEQN,292.25,292.5,292.5,0.25,0.09,400,117000,357.0,208.25
VINYLINDIA,VINYLINDIAEQN,234.78,235.0,235.0,0.22,0.09,100,23500,325.0,161.0
RBA,RBAEQN,105.21,105.3,105.3,0.09,0.09,23816,2507824,108.41,57.15
DIXON,DIXONEQN,14850.0,14864.0,14864.0,14.0,0.09,1794,26666016,18471.0,9600.0
FIVESTAR,FIVESTAREQN,527.45,527.95,527.95,0.5,0.09,299,157857,666.0,338.15
JNPR,JNPREQN,273.76,274.0,274.0,0.24,0.09,9438,2586012,275.52,232.11
BHARATCOAL,BHARATCOALEQN,33.27,33.3,33.3,0.03,0.09,24881,828537,45.09,29.74
SYRMA,SYRMAEQN,1443.7,1445.0,1445.0,1.3,0.09,3275,4732375,1543.0,634.5
HCL-INSYS,HCL-INSYSEQN,11.09,11.1,11.1,0.01,0.09,706,7836,16.5,9.01
SPMLINFRA,SPMLINFRAEQN,190.89,191.05,191.05,0.16,0.08,3,573,302.0,151.01
LTF,LTFEQN,314.75,315.0,315.0,0.25,0.08,5832,1837080,338.6,214.63
POLYMED,POLYMEDEQN,1769.6,1771.0,1771.0,1.4,0.08,86,152306,2144.9,1182.0
ASALCBR,ASALCBREQN,722.8,723.4,723.4,0.6,0.08,140,101276,1277.0,660.65
CONCORDBIO,CONCORDBIOEQN,1576.7,1578.0,1578.0,1.3,0.08,160,252480,1801.9,987.0
GALAXYSURF,GALAXYSURFEQN,2318.2,2320.0,2320.0,1.8,0.08,122,283040,2648.0,1510.0
SETL,SETLEQN,304.95,305.2,305.2,0.25,0.08,642,195938,315.6,104.56
TATACHEM,TATACHEMEQN,634.5,635.0,635.0,0.5,0.08,953,605155,1026.65,580.3
LUPIN,LUPINEQN,2201.5,2203.3,2203.3,1.8,0.08,862,1899244,2529.5,1875.0
ONGC,ONGCEQN,238.5,238.7,238.7,0.2,0.08,32757,7819095,307.5,227.65
MPHASIS,MPHASISEQN,2430.0,2432.0,2432.0,2.0,0.08,44,107008,3037.2,2013.0
FINEORG,FINEORGEQN,5066.2,5070.0,5070.0,3.8,0.08,14,70980,5407.0,3856.0
OMNI,OMNIEQN,574.0,574.45,574.45,0.45,0.08,1205,692212,764.85,176.25
SIGMAADV,SIGMAADVEQN,664.45,664.95,664.95,0.5,0.08,1288,856455,721.5,115.98
ARKADE,ARKADEEQN,131.01,131.1,131.1,0.09,0.07,627,82199,191.58,92.62
IPL,IPLEQN,138.06,138.15,138.15,0.09,0.07,249,34399,245.84,125.0
AURUM,AURUMEQN,229.8,229.95,229.95,0.15,0.07,5,1149,264.64,151.9
ADANIPORTS,ADANIPORTSEQN,1696.0,1697.2,1697.2,1.2,0.07,2875,4879450,1891.1,1292.0
PAISALO,PAISALOEQN,69.95,70.0,70.0,0.05,0.07,8917,624190,77.39,29.86
TSFINV,TSFINVEQN,424.7,425.0,425.0,0.3,0.07,11,4675,701.5,331.7
MRF,MRFEQN,134000.0,134100.0,134100.0,100.0,0.07,7,938700,163600.0,122000.0
BOROLTD,BOROLTDEQN,257.82,258.0,258.0,0.18,0.07,278,71724,397.95,213.73
HEMIPROP,HEMIPROPEQN,130.91,131.0,131.0,0.09,0.07,1285,168335,190.69,111.2
AUROPHARMA,AUROPHARMAEQN,1608.0,1609.1,1609.1,1.1,0.07,707,1137633,1682.4,1016.1
GLENMARK,GLENMARKEQN,2332.9,2334.6,2334.6,1.7,0.07,1098,2563390,2474.0,1792.6
ASHOKA,ASHOKAEQN,112.07,112.15,112.15,0.08,0.07,1811,203103,214.5,101.0
SRF,SRFEQN,2574.5,2576.4,2576.4,1.9,0.07,198,510127,3210.0,2355.0
JAGSNPHARM,JAGSNPHARMEQN,232.99,233.15,233.15,0.16,0.07,67,15621,264.5,155.0
JSWENERGY,JSWENERGYEQN,542.0,542.4,542.4,0.4,0.07,1989,1078833,617.35,427.75
ACUTAAS,ACUTAASEQN,3210.5,3212.6,3212.6,2.1,0.07,362,1162961,3740.0,1302.0
AGARIND,AGARINDEQN,491.75,492.1,492.1,0.35,0.07,40,19684,1006.0,360.0
VSTTILLERS,VSTTILLERSEQN,4432.2,4435.2,4435.2,3.0,0.07,24,106444,6374.0,4275.0
ABINFRA,ABINFRAEQN,13.34,13.35,13.35,0.01,0.07,30560,407976,23.56,8.82
NAVKARCORP,NAVKARCORPEQN,96.88,96.94,96.94,0.06,0.06,400,38776,132.5,74.05
GPTHEALTH,GPTHEALTHEQN,151.41,151.5,151.5,0.09,0.06,100,15150,175.0,115.0
JPOLYINVST,JPOLYINVSTEQN,954.4,955.0,955.0,0.6,0.06,28,26740,1487.7,716.05
EMBDL,EMBDLEQN,63.08,63.12,63.12,0.04,0.06,1991,125671,105.7,39.46
MOTILALOFS,MOTILALOFSEQN,973.4,974.0,974.0,0.6,0.06,3169,3086606,1097.1,614.9
RELIANCE,RELIANCEEQN,1313.2,1314.0,1314.0,0.8,0.06,29082,38213748,1611.8,1249.8
VGUARD,VGUARDEQN,336.85,337.05,337.05,0.2,0.06,275,92688,392.2,288.8
VIYASH,VIYASHEQN,265.85,266.0,266.0,0.15,0.06,3337,887642,298.0,167.95
NEUEON,NEUEONBEN,16.04,16.05,16.05,0.01,0.06,270,4333,27.4,5.76
KCPSUGIND,KCPSUGINDBEN,33.63,33.65,33.65,0.02,0.06,7078,238174,36.95,21.45
TRIGYN,TRIGYNEQN,54.97,55.0,55.0,0.03,0.05,1,55,102.4,37.55
SGFIN,SGFINEQN,684.65,685.0,685.0,0.35,0.05,70,47950,727.45,323.0
BBL,BBLEQN,2353.9,2355.0,2355.0,1.1,0.05,10,23550,3411.0,2051.7
GPIL,GPILEQN,247.88,248.0,248.0,0.12,0.05,829,205592,320.0,216.01
IRB,IRBEQN,18.95,18.96,18.96,0.01,0.05,27074,513323,23.95,18.9
SYNGENE,SYNGENEEQN,395.5,395.7,395.7,0.2,0.05,464,183604,683.35,375.25
ANURAS,ANURASEQN,1239.4,1240.0,1240.0,0.6,0.05,14,17360,1415.0,1045.2
PACEDIGITK,PACEDIGITKEQN,175.37,175.45,175.45,0.08,0.05,1313,230365,231.95,139.81
ATGL,ATGLEQN,657.65,658.0,658.0,0.35,0.05,2037,1340346,859.85,462.8
CEATLTD,CEATLTDEQN,3588.2,3589.9,3589.9,1.7,0.05,61,218983,4438.0,3000.5
TVSSRICHAK,TVSSRICHAKEQN,4922.7,4925.0,4925.0,2.3,0.05,64,315200,5050.0,2812.0
UNOMINDA,UNOMINDAEQN,1260.5,1261.0,1261.0,0.5,0.04,895,1128595,1382.0,994.0
NAM-INDIA,NAM-INDIAEQN,1232.5,1233.0,1233.0,0.5,0.04,3112,3837096,1266.2,780.25
GATEWAY,GATEWAYEQN,55.1,55.12,55.12,0.02,0.04,1156,63718,70.5,48.1
APLAPOLLO,APLAPOLLOEQN,2140.0,2140.9,2140.9,0.9,0.04,592,1267412,2301.4,1578.0
BALKRISIND,BALKRISINDEQN,2378.0,2379.0,2379.0,1.0,0.04,13,30927,2775.0,1970.0
UBL,UBLEQN,1338.5,1339.0,1339.0,0.5,0.04,154,206206,1933.0,1276.0
ASTERDM,ASTERDMEQN,765.65,765.95,765.95,0.3,0.04,6018,4609487,891.3,519.1
LLOYDSENGG,LLOYDSENGGEQN,92.25,92.29,92.29,0.04,0.04,21744,2006753,99.75,37.4
RAJESHEXPO,RAJESHEXPOBZN,79.91,79.94,79.94,0.03,0.04,223,17826,237.88,72.63
GILLETTE,GILLETTEEQN,7512.0,7515.0,7515.0,3.0,0.04,85,638775,10740.0,7206.0
MARKOLINES,MARKOLINESEQN,171.93,172.0,172.0,0.07,0.04,209,35948,191.75,131.65
CLEANMAX,CLEANMAXEQN,1220.1,1220.6,1220.6,0.5,0.04,164,200178,1536.0,727.1
ODIGMA,ODIGMAEQN,22.26,22.27,22.27,0.01,0.04,21,467,56.09,20.0
HARIOMPIPE,HARIOMPIPEEQN,347.5,347.65,347.65,0.15,0.04,511,177649,572.2,268.05
WOCKPHARMA,WOCKPHARMAEQN,1830.6,1831.1,1831.1,0.5,0.03,1420,2600162,2422.3,1086.7
PANACHE,PANACHEBEN,527.85,528.0,528.0,0.15,0.03,30,15840,559.4,237.7
ARIES,ARIESEQN,435.1,435.25,435.25,0.15,0.03,25,10881,459.9,285.35
POWERINDIA,POWERINDIAEQN,33510.0,33515.0,33515.0,10.0,0.03,276,9250140,38785.0,16111.0
CHOICEIN,CHOICEINEQN,809.7,809.95,809.95,0.25,0.03,1078,873126,860.5,568.7
NPST,NPSTEQN,1606.9,1607.4,1607.4,0.5,0.03,100,160740,2388.3,846.6
RKFORGE,RKFORGEEQN,745.4,745.6,745.6,0.2,0.03,804,599462,772.8,460.15
DHANBANK,DHANBANKEQN,32.49,32.5,32.5,0.01,0.03,2867,93177,36.85,19.45
SCHAEFFLER,SCHAEFFLEREQN,4049.3,4050.5,4050.5,1.2,0.03,24,97212,4467.7,3518.4
ROUTE,ROUTEEQN,503.35,503.5,503.5,0.15,0.03,430,216505,921.6,410.7
BIRLAPREC,BIRLAPRECEQN,39.11,39.12,39.12,0.01,0.03,1623,63491,49.99,32.25
CARBORUNIV,CARBORUNIVEQN,1137.6,1137.9,1137.9,0.3,0.03,151,171822,1306.9,735.2
THYROCARE,THYROCAREEQN,566.7,566.85,566.85,0.15,0.03,567,321403,662.0,342.55
DYNAMATECH,DYNAMATECHEQN,11765.0,11768.0,11768.0,3.0,0.03,9,105912,12875.0,6320.0
BLUSPRING,BLUSPRINGEQN,117.96,118.0,118.0,0.04,0.03,169,19942,131.82,43.98
RAMBHAJO,RAMBHAJOEQN,173.84,173.9,173.9,0.06,0.03,43,7477,222.0,161.6
VISL,VISLEQN,36.2,36.21,36.21,0.01,0.03,81746,2960022,44.78,19.06
HOMEFIRST,HOMEFIRSTEQN,1187.4,1187.7,1187.7,0.3,0.03,147,174591,1375.0,893.7
RAYMONDLSL,RAYMONDLSLEQN,730.85,731.0,731.0,0.15,0.02,138,100878,1350.0,677.0
PFOCUS,PFOCUSEQN,282.6,282.65,282.65,0.05,0.02,102,28830,367.0,139.04
YATHARTH,YATHARTHEQN,847.85,848.0,848.0,0.15,0.02,358,303584,919.5,538.25
POWERMECH,POWERMECHEQN,2455.6,2456.2,2456.2,0.6,0.02,31,76142,3260.0,1717.7
PROTEAN,PROTEANEQN,548.15,548.25,548.25,0.1,0.02,273,149672,945.5,444.0
ADVANIHOTR,ADVANIHOTREQN,49.49,49.5,49.5,0.01,0.02,21,1039,68.39,47.0
ROSSARI,ROSSARIEQN,511.7,511.8,511.8,0.1,0.02,69,35314,690.3,375.0
GMRP&UI,GMRP&UIEQN,98.56,98.58,98.58,0.02,0.02,1165,114845,136.95,89.0
SCILAL,SCILALEQN,40.01,40.02,40.02,0.01,0.02,799,31975,55.0,34.3
ELGIEQUIP,ELGIEQUIPEQN,632.45,632.55,632.55,0.1,0.02,1370,866593,644.0,408.25
GMDCLTD,GMDCLTDEQN,561.95,562.05,562.05,0.1,0.02,3753,2109373,771.9,400.0
CMSINFO,CMSINFOEQN,249.55,249.6,249.6,0.05,0.02,1132,282547,450.85,240.5
AETHER,AETHEREQN,1634.4,1634.8,1634.8,0.4,0.02,385,629398,1692.0,726.45
UFO,UFOEQN,66.19,66.2,66.2,0.01,0.02,1,66,92.97,53.75
KPIGREEN,KPIGREENEQN,307.05,307.1,307.1,0.05,0.02,1873,575198,542.25,301.2
BLUEJET,BLUEJETEQN,595.3,595.4,595.4,0.1,0.02,28,16671,789.0,325.0
DOMS,DOMSEQN,2209.9,2210.4,2210.4,0.5,0.02,44,97257,2770.0,2023.9
PUNJABCHEM,PUNJABCHEMEQN,1167.0,1167.2,1167.2,0.2,0.02,18,21009,1533.9,876.6
TMCV,TMCVEQN,477.6,477.7,477.7,0.1,0.02,13094,6255003,509.0,306.3
CRISIL,CRISILEQN,4478.6,4479.5,4479.5,0.9,0.02,12,53754,5429.5,3686.0
AEGISLOG,AEGISLOGEQN,1336.2,1336.5,1336.5,0.3,0.02,869,1161418,1497.8,576.1
GALAPREC,GALAPRECEQN,1029.6,1029.7,1029.7,0.1,0.01,125,128712,1260.0,671.2
SOUTHWEST,SOUTHWESTEQN,215.37,215.39,215.39,0.02,0.01,214,46093,275.0,121.0
HBLENGINE,HBLENGINEEQN,712.9,712.95,712.95,0.05,0.01,7159,5104009,1122.0,613.0
TVSHLTD,TVSHLTDEQN,13968.0,13970.0,13970.0,2.0,0.01,1,13970,16297.0,11609.0
INSECTICID,INSECTICIDEQN,606.55,606.6,606.6,0.05,0.01,120,72792,881.5,518.6
RPTECH,RPTECHEQN,856.15,856.2,856.2,0.05,0.01,567,485465,967.7,276.55
V2RETAIL,V2RETAILEQN,220.05,220.07,220.07,0.02,0.01,1125,247578,259.25,158.56
IXIGO,IXIGOEQN,170.45,170.46,170.46,0.01,0.01,755,128697,339.15,151.27
PVRINOX,PVRINOXEQN,1219.5,1219.6,1219.6,0.1,0.01,137,167085,1249.7,907.4
DABUR,DABUREQN,400.0,400.05,400.05,0.05,0.01,1476,590473,577.0,398.0
EQUITASBNK,EQUITASBNKEQN,76.99,77.0,77.0,0.01,0.01,1865,143605,83.9,50.0
PGHH,PGHHEQN,8248.0,8249.0,8249.0,1.0,0.01,28,230972,14509.0,8220.0
CHEMPLASTS,CHEMPLASTSEQN,175.14,175.15,175.15,0.01,0.01,81,14187,460.0,170.02
STOVEKRAFT,STOVEKRAFTEQN,775.95,776.0,776.0,0.05,0.01,46,35696,849.8,447.05
IRFC,IRFCEQN,86.47,86.48,86.48,0.01,0.01,26362,2279785,137.17,85.0
RAMCOCEM,RAMCOCEMEQN,906.95,907.0,907.0,0.05,0.01,15,13605,1214.5,838.3
RUSTOMJEE,RUSTOMJEEEQN,370.95,371.0,371.0,0.05,0.01,2,742,668.0,358.8
PHOENIXLTD,PHOENIXLTDEQN,1925.0,1925.2,1925.2,0.2,0.01,26,50055,2169.8,1465.6
NELCAST,NELCASTEQN,116.63,116.64,116.64,0.01,0.01,156,18195,173.2,85.98
HEG,HEGEQN,711.95,712.0,712.0,0.05,0.01,3601,2563912,749.0,459.8
KNRCON,KNRCONEQN,127.14,127.15,127.15,0.01,0.01,1224,155631,220.0,108.65
AGI,AGIEQN,711.65,711.75,711.75,0.1,0.01,127,90392,967.0,465.0
IDBI,IDBIEQN,81.74,81.75,81.75,0.01,0.01,4123,337055,118.38,61.01
GRWRHITECH,GRWRHITECHEQN,7109.5,7110.0,7110.0,0.5,0.01,39,277290,7990.0,2681.0
COALINDIA,COALINDIAEQN,402.5,402.55,402.55,0.05,0.01,11816,4756530,491.25,368.65
TORNTPHARM,TORNTPHARMEQN,5005.0,5005.5,5005.5,0.5,0.01,218,1091199,5250.0,3480.6
BIKAJI,BIKAJIEQN,607.0,607.05,607.05,0.05,0.01,56,33994,818.7,592.55
JAYKAY,JAYKAYEQN,145.68,145.69,145.69,0.01,0.01,9669,1408676,219.7,115.52
HDBFS,HDBFSEQN,692.35,692.4,692.4,0.05,0.01,981,679244,811.8,555.3
SATIN,SATINEQN,226.98,227.0,227.0,0.02,0.01,141,32007,274.14,133.01
POLYPLEX,POLYPLEXEQN,1170.9,1171.0,1171.0,0.1,0.01,105,122955,1264.0,740.0
SPELS,SPELSEQN,150.22,150.23,150.23,0.01,0.01,469,70457,154.0,145.86
FLYSBS,FLYSBSSMN,574.95,575.0,575.0,0.05,0.01,200,115000,790.0,355.25
DREAMFOLKS,DREAMFOLKSEQN,68.41,68.42,68.42,0.01,0.01,355,24289,160.0,56.0
CORONA,CORONAEQN,2165.8,2166.0,2166.0,0.2,0.01,26,56316,2270.1,1336.6
FRONTSP,FRONTSPEQN,1293.8,1293.9,1293.9,0.1,0.01,19,24584,1869.0,1256.1
NAVA,NAVAEQN,556.75,556.8,556.8,0.05,0.01,145,80736,739.4,501.65
OBEROIRLTY,OBEROIRLTYEQN,1904.7,1904.8,1904.8,0.1,0.01,332,632393,1986.1,1391.2
GMMPFAUDLR,GMMPFAUDLREQN,1018.2,1018.3,1018.3,0.1,0.01,37,37677,1307.5,735.0
COCKERILL,COCKERILLEQN,7834.0,7835.0,7835.0,1.0,0.01,106,830510,10871.5,4955.0
MARUTI,MARUTIEQN,13809.0,13809.0,13809.0,0.0,0.0,566,7815894,17370.0,12201.0
GARUDA,GARUDAEQN,182.25,182.25,182.25,0.0,0.0,507,92400,249.3,130.0
SITINET,SITINETBZN,0.28,0.28,0.28,0.0,0.0,4009,1122,0.52,0.27
PREMEXPLN,PREMEXPLNEQN,663.55,663.55,663.55,0.0,0.0,242,160579,829.8,378.4
CCHHL,CCHHLEQN,12.54,12.54,12.54,0.0,0.0,17,213,19.99,10.03
JNKINDIA,JNKINDIAEQN,450.35,450.35,450.35,0.0,0.0,64,28822,558.0,200.92
MAHSCOOTER,MAHSCOOTEREQN,13138.0,13138.0,13138.0,0.0,0.0,2,26276,18538.0,10901.0
TOTAL,TOTALEQN,71.39,71.39,71.39,0.0,0.0,1,71,87.89,45.0
SPARC,SPARCEQN,199.59,199.59,199.59,0.0,0.0,1041,207773,289.0,108.0
TIPSMUSIC,TIPSMUSICEQN,651.05,651.05,651.05,0.0,0.0,10,6510,741.0,481.15
ANTGRAPHIC,ANTGRAPHICEQN,0.72,0.72,0.72,0.0,0.0,1275,918,1.22,0.64
IRIS,IRISEQN,248.12,248.12,248.12,0.0,0.0,5,1240,388.1,203.0
BLBLIMITED,BLBLIMITEDEQN,16.03,16.03,16.03,0.0,0.0,10,160,22.47,12.0
AJOONI,AJOONIEQN,3.75,3.75,3.75,0.0,0.0,8633,32373,5.94,3.4
IRMENERGY,IRMENERGYEQN,285.6,285.6,285.6,0.0,0.0,164,46838,393.0,165.4
ALMONDZ,ALMONDZEQN,13.55,13.55,13.55,0.0,0.0,1387,18793,22.1,10.68
SIEMENS,SIEMENSEQN,3880.0,3880.0,3880.0,0.0,0.0,410,1590800,4097.9,2826.0
PPAP,PPAPBEN,274.0,274.0,274.0,0.0,0.0,1,274,379.5,176.0
LAMBODHARA,LAMBODHARAEQN,107.63,107.63,107.63,0.0,0.0,5,538,162.0,81.8
ASTEC,ASTECEQN,601.8,601.8,601.8,0.0,0.0,18,10832,941.75,513.4
NORTHARC,NORTHARCEQN,292.6,292.6,292.6,0.0,0.0,622,181997,334.0,206.0
INCREDIBLE,INCREDIBLEEQN,33.77,33.77,33.77,0.0,0.0,1,33,52.87,28.1
GICL,GICLEQN,23.99,23.99,23.99,0.0,0.0,1225,29387,52.4,15.61
EIEL,EIELEQN,199.01,199.01,199.01,0.0,0.0,1026,204184,276.1,134.71
LASA,LASAEQN,6.99,6.99,6.99,0.0,0.0,2,13,14.08,5.67
PANACEABIO,PANACEABIOEQN,413.65,413.65,413.65,0.0,0.0,43,17786,647.0,292.4
OPTIEMUS,OPTIEMUSEQN,551.75,551.75,551.75,0.0,0.0,90,49657,713.0,288.0
VMM,VMMEQN,102.6,102.6,102.6,0.0,0.0,23988,2461168,157.6,98.77
SURANASOL,SURANASOLEQN,25.74,25.74,25.74,0.0,0.0,461,11866,39.08,18.31
SADBHAV,SADBHAVEQN,8.3,8.3,8.3,0.0,0.0,113,937,17.85,6.05
SHALPAINTS,SHALPAINTSBEN,82.81,82.81,82.81,0.0,0.0,2032,168269,95.95,35.21
MCLOUD,MCLOUDEQN,29.57,29.57,29.57,0.0,0.0,5027,148648,90.5,19.4
DODLA,DODLAEQN,1138.0,1138.0,1138.0,0.0,0.0,10,11380,1500.0,964.1
SNOWMAN,SNOWMANEQN,37.55,37.55,37.55,0.0,0.0,60,2253,59.8,30.5
ARIHANTCAP,ARIHANTCAPEQN,75.95,75.95,75.95,0.0,0.0,122,9265,120.0,56.97
EVEREADY,EVEREADYEQN,355.05,355.05,355.05,0.0,0.0,5,1775,475.2,259.65
LT,LTEQN,4081.0,4081.0,4081.0,0.0,0.0,5442,22208802,4440.0,3288.1
GINNIFILA,GINNIFILABEN,45.51,45.51,45.51,0.0,0.0,1,45,57.85,31.5
SATIA,SATIAEQN,57.71,57.71,57.71,0.0,0.0,10,577,90.7,50.8
SHK,SHKEQN,158.54,158.54,158.54,0.0,0.0,300,47562,275.5,111.98
ALICON,ALICONEQN,746.75,746.75,746.75,0.0,0.0,37,27629,1022.0,580.0
LGBBROSLTD,LGBBROSLTDEQN,1599.6,1599.6,1599.6,0.0,0.0,4,6398,2048.0,1226.6
MITTAL,MITTALEQN,0.9,0.9,0.9,0.0,0.0,3897,3507,1.82,0.7
LTTS,LTTSEQN,3579.1,3579.1,3579.1,0.0,0.0,204,730136,4726.0,3010.0
NRBBEARING,NRBBEARINGEQN,483.2,483.2,483.2,0.0,0.0,382,184582,503.9,212.55
ITCHOTELS,ITCHOTELSEQN,166.12,166.12,166.12,0.0,0.0,6102,1013664,253.67,137.3
CHOLAFIN,CHOLAFINEQN,1888.9,1888.9,1888.9,0.0,0.0,2449,4625916,1952.5,1299.4
ZEELEARN,ZEELEARNBEN,7.75,7.75,7.75,0.0,0.0,383,2968,10.45,4.17
BOHRAIND,BOHRAINDEQN,14.15,14.15,14.15,0.0,0.0,2002,28328,31.29,12.02
PURVA,PURVAEQN,216.4,216.4,216.4,0.0,0.0,273,59077,305.0,160.69
PARASPETRO,PARASPETROEQN,2.17,2.17,2.17,0.0,0.0,1989,4316,3.23,1.53
TCIFINANCE,TCIFINANCEBEN,15.21,15.21,15.21,0.0,0.0,1,15,38.46,10.0
DDEVPLSTIK,DDEVPLSTIKEQN,276.5,276.5,276.5,0.0,0.0,111,30691,360.0,185.15
KSL,KSLEQN,856.65,856.65,856.65,0.0,0.0,50,42832,982.55,574.0
KINGFA,KINGFAEQN,5857.5,5857.5,5857.5,0.0,0.0,190,1112925,6200.0,3649.9
PVSL,PVSLEQN,114.67,114.67,114.67,0.0,0.0,9,1032,163.0,82.41
TEXRAIL,TEXRAILEQN,105.48,105.48,105.48,0.0,0.0,3628,382681,153.0,78.05
BIRLAMONEY,BIRLAMONEYEQN,127.22,127.22,127.22,0.0,0.0,60,7633,197.39,95.0
INDUSINVIT,INDUSINVITIVN,134.06,134.06,134.06,0.0,0.0,310,41558,138.0,111.0
BFUTILITIE,BFUTILITIEEQN,528.45,528.45,528.45,0.0,0.0,69,36463,898.7,368.7
XPROINDIA,XPROINDIAEQN,1121.1,1121.1,1121.1,0.0,0.0,31,34754,1574.8,788.05
WESTLIFE,WESTLIFEEQN,594.5,594.5,594.5,0.0,0.0,161,95714,775.0,398.4
APOLLOPIPE,APOLLOPIPEEQN,603.25,603.25,603.25,0.0,0.0,1108,668401,606.0,252.1
ASTRAL,ASTRALEQN,1532.0,1532.0,1532.0,0.0,0.0,369,565308,1768.7,1311.6
EMAMILTD,EMAMILTDEQN,407.4,407.4,407.4,0.0,0.0,1265,515361,634.2,376.4
VAISHALI,VAISHALIEQN,7.95,7.95,7.95,0.0,0.0,32,254,13.05,4.75
GODIGIT,GODIGITEQN,256.7,256.7,256.7,0.0,0.0,303,77780,381.4,244.2
ARFIN,ARFINEQN,82.71,82.71,82.71,0.0,0.0,21,1736,106.2,32.0
SUKHJITS,SUKHJITSEQN,159.93,159.93,159.93,0.0,0.0,645,103154,231.1,137.3
SSWL,SSWLEQN,304.8,304.8,304.8,0.0,0.0,2072,631545,328.4,169.0
RAJSREESUG,RAJSREESUGEQN,40.38,40.38,40.38,0.0,0.0,9065,366044,49.7,24.65
YESBANK,YESBANKEQN,22.74,22.74,22.74,0.0,0.0,213056,4844893,25.78,17.2
BAJAJELEC,BAJAJELECEQN,354.35,354.35,354.35,0.0,0.0,230,81500,653.8,301.0
JAMNAAUTO,JAMNAAUTOEQN,121.43,121.43,121.43,0.0,0.0,4676,567806,152.6,89.74
VBL,VBLEQN,438.3,438.3,438.3,0.0,0.0,4518,1980239,555.8,381.0
DSSL,DSSLEQN,1093.7,1093.7,1093.7,0.0,0.0,22,24061,1924.8,781.0
SYMPHONY,SYMPHONYEQN,616.15,616.15,616.15,0.0,0.0,207,127543,974.7,599.95
BRIGADE,BRIGADEEQN,625.75,625.75,625.75,0.0,0.0,7995,5002871,802.01,450.75
SARDAEN,SARDAENEQN,509.35,509.35,509.35,0.0,0.0,696,354507,639.75,453.1
AARTIPHARM,AARTIPHARMEQN,829.25,829.25,829.25,0.0,0.0,739,612815,946.1,585.0
TTKHLTCARE,TTKHLTCAREEQN,1082.1,1082.1,1082.1,0.0,0.0,1,1082,1216.8,735.0
GVKPIL,GVKPILBEN,2.28,2.28,2.28,0.0,0.0,32435,73951,4.06,2.28
JPPOWER,JPPOWEREQN,17.1,17.1,17.1,0.0,0.0,108574,1856615,24.5,13.15
MANGALAM,MANGALAMEQN,26.95,26.95,26.95,0.0,0.0,2,53,84.21,22.8
MEDANTA,MEDANTAEQN,1408.2,1408.2,1408.2,0.0,0.0,76,107023,1491.0,956.0
VINNY,VINNYEQN,1.06,1.06,1.06,0.0,0.0,34,36,1.53,0.94
JKCEMENT,JKCEMENTEQN,5266.0,5266.0,5266.0,0.0,0.0,27,142182,7565.5,4671.5
KKCL,KKCLEQN,518.6,518.6,518.6,0.0,0.0,22,11409,595.0,408.35
SASKEN,SASKENEQN,1874.1,1874.1,1874.1,0.0,0.0,4,7496,2780.2,991.0
TCIEXP,TCIEXPEQN,544.65,544.65,544.65,0.0,0.0,130,70804,780.0,447.55
UGARSUGAR,UGARSUGAREQN,56.07,56.07,56.07,0.0,0.0,19865,1113830,57.64,33.75
RPEL,RPELEQN,1614.7,1614.7,1614.7,0.0,0.0,147,237360,1665.0,561.3
KCP,KCPEQN,165.08,165.08,165.08,0.0,0.0,338,55797,212.2,125.0
VIKASECO,VIKASECOEQN,1.08,1.08,1.08,0.0,0.0,22568,24373,2.24,0.99
RTNINDIA,RTNINDIAEQN,30.03,30.03,30.03,0.0,0.0,7376,221501,64.0,24.4
IDEA,IDEAEQN,14.03,14.03,14.03,0.0,0.0,1458630,20464578,15.34,6.46
TRENT,TRENTEQN,2970.0,2970.0,2970.0,0.0,0.0,1183,3513510,3782.67,2183.67
DEEPAKFERT,DEEPAKFERTEQN,1464.2,1464.2,1464.2,0.0,0.0,100,146420,1681.0,866.4
KUANTUM,KUANTUMEQN,74.99,74.99,74.99,0.0,0.0,1003,75214,122.09,65.01
PARACABLES,PARACABLESEQN,63.05,63.05,63.05,0.0,0.0,599,37766,75.7,28.3
HDFCLIFE,HDFCLIFEEQN,542.0,542.0,542.0,0.0,0.0,6504,3525168,807.0,530.5
STYRENIX,STYRENIXEQN,2108.5,2108.5,2108.5,0.0,0.0,22,46387,2738.7,1780.0
MSUMI,MSUMIEQN,39.18,39.18,39.18,0.0,0.0,14020,549303,53.59,35.7
METROBRAND,METROBRANDEQN,914.3,914.3,914.3,0.0,0.0,73,66743,1340.4,883.0
STYLAMIND,STYLAMINDEQN,3617.3,3617.3,3617.3,0.0,0.0,15,54259,4150.0,1594.1
SERVOTECH,SERVOTECHEQN,82.56,82.56,82.56,0.0,0.0,264,21795,143.0,57.51
CUB,CUBEQN,219.35,219.35,219.35,0.0,0.0,1136,249181,245.38,145.13
BANKINDIA,BANKINDIAEQN,142.8,142.8,142.8,0.0,0.0,13614,1944079,178.36,109.85
CLEAN,CLEANEQN,834.7,834.7,834.7,0.0,0.0,120,100164,1256.8,652.0
LAURUSLABS,LAURUSLABSEQN,1825.0,1825.0,1825.0,0.0,0.0,4082,7449650,1870.8,823.1
RBLBANK,RBLBANKEQN,392.3,392.3,392.3,0.0,0.0,18188,7135152,393.9,243.25
INVENTURE,INVENTUREEQN,0.86,0.86,0.86,0.0,0.0,1639,1409,1.72,0.72
OLAELEC,OLAELECEQN,37.82,37.82,37.82,0.0,0.0,88979,3365185,71.25,22.25
GTLINFRA,GTLINFRAEQN,1.21,1.21,1.21,0.0,0.0,147112,178005,1.67,0.96
VARDMNPOLY,VARDMNPOLYEQN,6.14,6.14,6.14,0.0,0.0,134,822,10.48,5.1
TALBROAUTO,TALBROAUTOEQN,412.0,412.0,412.0,0.0,0.0,456,187872,451.6,219.9
KTKBANK,KTKBANKEQN,335.05,335.05,335.05,0.0,0.0,7625,2554756,337.9,169.12
STARHEALTH,STARHEALTHEQN,575.5,575.5,575.5,0.0,0.0,291,167470,624.9,416.55
TEGA,TEGAEQN,1776.5,1776.5,1776.5,0.0,0.0,176,312664,2125.0,1473.0
ABSLAMC,ABSLAMCEQN,995.4,995.4,995.4,0.0,0.0,223,221974,1224.9,708.0
PFC,PFCEQN,363.8,363.8,363.8,0.0,0.0,35612,12955645,486.5,329.9
RSYSTEMS,RSYSTEMSEQN,241.6,241.6,241.6,0.0,0.0,274,66198,496.9,213.52
ABBOTINDIA,ABBOTINDIAEQN,26120.0,26120.0,26120.0,0.0,0.0,19,496280,33185.0,25150.0
RATNAMANI,RATNAMANIEQN,2289.6,2289.6,2289.6,0.0,0.0,130,297648,3345.0,1936.5
TECHM,TECHMEQN,1592.1,1592.1,1592.1,0.0,0.0,1713,2727267,1854.0,1304.1
ADANIPOWER,ADANIPOWEREQN,204.0,203.99,203.99,-0.01,0.0,25889,5281097,254.2,116.7
AHLUCONT,AHLUCONTEQN,693.5,693.5,693.5,0.0,0.0,240,166440,1077.95,645.15
ADANIENT,ADANIENTEQN,2994.9,2995.0,2995.0,0.1,0.0,1623,4860885,3245.0,1753.0
ISHAN,ISHANSMN,0.5,0.5,0.5,0.0,0.0,48000,24000,0.95,0.45
MARINE,MARINEEQN,373.25,373.25,373.25,0.0,0.0,9376,3499592,395.0,150.86
FOSECOIND,FOSECOINDEQN,5506.0,5506.0,5506.0,0.0,0.0,5,27530,6846.0,4300.0
RENUKA,RENUKAEQN,26.13,26.13,26.13,0.0,0.0,1077711,28160588,33.5,21.05
AMBIKCO,AMBIKCOEQN,1647.8,1647.8,1647.8,0.0,0.0,12,19773,1931.0,1101.0
UFLEX,UFLEXEQN,611.05,611.05,611.05,0.0,0.0,1264,772367,635.0,330.0
TCPLPACK,TCPLPACKEQN,4100.9,4100.9,4100.9,0.0,0.0,48,196843,4410.9,2200.0
LPDC,LPDCEQN,7.17,7.17,7.17,0.0,0.0,195,1398,9.46,5.23
KALYANKJIL,KALYANKJILEQN,596.0,596.0,596.0,0.0,0.0,30013,17887748,648.95,327.05
J&KBANK,J&KBANKEQN,148.19,148.19,148.19,0.0,0.0,2817,417451,201.75,97.35
ORICONENT,ORICONENTEQN,58.12,58.12,58.12,0.0,0.0,1,58,73.12,48.81
PRECOT,PRECOTEQN,709.5,709.5,709.5,0.0,0.0,13,9223,899.0,300.05
RAMCOSYS,RAMCOSYSEQN,552.35,552.35,552.35,0.0,0.0,258,142506,967.5,342.1
TEXMOPIPES,TEXMOPIPESEQN,44.08,44.08,44.08,0.0,0.0,60,2644,62.0,33.0
BAJAJCON,BAJAJCONEQN,486.95,486.95,486.95,0.0,0.0,2227,1084437,692.0,220.1
FLFL,FLFLBZN,1.17,1.17,1.17,0.0,0.0,1000,1170,1.99,1.11
MAZDOCK,MAZDOCKEQN,2570.0,2570.0,2570.0,0.0,0.0,1806,4641420,3061.4,2057.4
SDBL,SDBLEQN,73.57,73.57,73.57,0.0,0.0,621,45686,143.77,61.8
SANOFI,SANOFIEQN,3321.0,3321.0,3321.0,0.0,0.0,14,46494,5291.0,3054.0
CUBEXTUB,CUBEXTUBEQN,78.8,78.8,78.8,0.0,0.0,14,1103,143.69,73.1
ANANDRATHI,ANANDRATHIEQN,2171.1,2171.1,2171.1,0.0,0.0,332,720805,2230.0,1353.85
SEYAIND,SEYAINDBEN,12.42,12.42,12.42,0.0,0.0,5,62,23.99,8.54
BALAJITELE,BALAJITELEEQN,91.47,91.47,91.47,0.0,0.0,10,914,141.32,69.52
SHYAMCENT,SHYAMCENTBEN,4.97,4.97,4.97,0.0,0.0,5,24,9.75,3.68
AEROFLEX,AEROFLEXEQN,475.3,475.3,475.3,0.0,0.0,2807,1334167,521.9,158.0
VAKRANGEE,VAKRANGEEEQN,5.82,5.82,5.82,0.0,0.0,2832,16482,9.77,4.61
UTSSAV,UTSSAVSTN,468.75,468.75,468.75,0.0,0.0,1200,562500,568.0,160.05
IEX,IEXEQN,123.35,123.35,123.35,0.0,0.0,13355,1647339,160.27,114.6
TFL,TFLEQN,11.3,11.3,11.3,0.0,0.0,5,56,18.5,10.21
ARSHIYA,ARSHIYABZN,0.92,0.92,0.92,0.0,0.0,5000,4600,2.59,0.88
NAVNETEDUL,NAVNETEDULEQN,133.79,133.79,133.79,0.0,0.0,28,3746,168.5,121.5
PTC,PTCEQN,157.05,157.05,157.05,0.0,0.0,5253,824983,229.51,149.59
CENTRUM,CENTRUMEQN,23.56,23.56,23.56,0.0,0.0,10,235,40.0,19.66
GENESYS,GENESYSEQN,183.55,183.55,183.55,0.0,0.0,2506,459976,440.75,134.73
DELHIVERY,DELHIVERYEQN,450.1,450.1,450.1,0.0,0.0,1504,676950,524.0,374.45
HIMATSEIDE,HIMATSEIDEEQN,71.48,71.48,71.48,0.0,0.0,465,33238,134.7,69.06
HINDALCO,HINDALCOEQN,1029.85,1029.8,1029.8,-0.05,0.0,7046,7255970,1176.0,697.0
HINDUNILVR,HINDUNILVREQN,2028.0,2028.0,2028.0,0.0,0.0,4154,8424312,2750.0,2008.3
TIMKEN,TIMKENEQN,3176.3,3176.3,3176.3,0.0,0.0,28,88936,3925.0,2800.5
VISHWARAJ,VISHWARAJEQN,5.76,5.76,5.76,0.0,0.0,21249,122394,10.2,4.14
GODREJPROP,GODREJPROPEQN,2020.0,2020.0,2020.0,0.0,0.0,707,1428140,2352.0,1434.0
REDTAPE,REDTAPEEQN,123.98,123.98,123.98,0.0,0.0,63,7810,163.5,107.53
SAMHI,SAMHIEQN,160.39,160.39,160.39,0.0,0.0,156,25020,222.0,127.0
FINPIPE,FINPIPEEQN,158.61,158.61,158.61,0.0,0.0,467,74070,222.5,147.54
PRECWIRE,PRECWIREEQN,435.7,435.7,435.7,0.0,0.0,1300,566410,474.9,170.15
MANKIND,MANKINDEQN,2385.0,2385.0,2385.0,0.0,0.0,150,357750,2674.0,1909.7
TGBHOTELS,TGBHOTELSEQN,9.34,9.34,9.34,0.0,0.0,5,46,13.4,7.5
RGL,RGLEQN,130.51,130.51,130.51,0.0,0.0,581,75826,147.9,85.0
LXCHEM,LXCHEMEQN,174.51,174.51,174.51,0.0,0.0,1085,189343,241.0,107.6
USHAMART,USHAMARTEQN,495.65,495.65,495.65,0.0,0.0,92,45599,527.5,362.55
AARTECH,AARTECHBEN,50.67,50.67,50.67,0.0,0.0,607,30756,64.75,33.51
SAIL,SAILEQN,174.9,174.9,174.9,0.0,0.0,17196,3007580,209.7,118.1
DALBHARAT,DALBHARATEQN,1897.0,1897.0,1897.0,0.0,0.0,342,648774,2496.3,1605.0
3MINDIA,3MINDIAEQN,33550.0,33550.0,33550.0,0.0,0.0,9,301950,38030.0,28730.0
JISLJALEQS,JISLJALEQSEQN,28.22,28.22,28.22,0.0,0.0,10467,295378,59.0,26.11
MARKSANS,MARKSANSEQN,320.85,320.85,320.85,0.0,0.0,4054,1300725,345.5,155.0
RVNL,RVNLEQN,227.9,227.9,227.9,0.0,0.0,19055,4342634,400.7,220.16
SPLPETRO,SPLPETROEQN,700.7,700.7,700.7,0.0,0.0,5,3503,979.0,462.3
CGCL,CGCLEQN,225.11,225.11,225.11,0.0,0.0,1077,242443,264.53,151.1
ICICIPRULI,ICICIPRULIEQN,502.0,502.0,502.0,0.0,0.0,955,479410,706.8,459.5
ENDURANCE,ENDURANCEEQN,3001.7,3001.7,3001.7,0.0,0.0,44,132074,3079.9,2142.8
BLUEDART,BLUEDARTEQN,5077.0,5077.0,5077.0,0.0,0.0,14,71078,7036.0,4628.5
BPCL,BPCLEQN,308.7,308.7,308.7,0.0,0.0,6124,1890478,391.65,266.6
SCODATUBES,SCODATUBESEQN,126.68,126.68,126.68,0.0,0.0,113,14314,187.7,110.0
INDIACEM,INDIACEMEQN,370.65,370.65,370.65,0.0,0.0,346,128244,485.8,342.35
IPCALAB,IPCALABEQN,1900.1,1900.1,1900.1,0.0,0.0,922,1751892,1945.1,1251.6
JTEKTINDIA,JTEKTINDIAEQN,129.27,129.27,129.27,0.0,0.0,12,1551,188.5,117.01
BALKRISHNA,BALKRISHNAEQN,17.3,17.3,17.3,0.0,0.0,10,173,25.97,12.0
CANBK,CANBKEQN,129.6,129.6,129.6,0.0,0.0,52968,6864652,162.89,103.55
DBCORP,DBCORPEQN,206.31,206.31,206.31,0.0,0.0,3,618,287.9,184.51
DBL,DBLEQN,415.0,415.0,415.0,0.0,0.0,75,31125,585.0,381.55
HATHWAY,HATHWAYEQN,10.54,10.54,10.54,0.0,0.0,12076,127281,15.25,8.76
DPSCLTD,DPSCLTDBEN,7.16,7.16,7.16,0.0,0.0,417,2985,13.31,6.85
KPITTECH,KPITTECHEQN,592.9,592.9,592.9,0.0,0.0,2664,1579485,1328.0,543.0
NEOGEN,NEOGENEQN,2259.1,2259.2,2259.2,0.1,0.0,327,738758,2483.9,966.7
KSCL,KSCLEQN,773.4,773.4,773.4,0.0,0.0,159,122970,1225.0,705.1
BHANDARI,BHANDARIEQN,3.02,3.02,3.02,0.0,0.0,190,573,4.61,2.0
BRNL,BRNLEQN,17.35,17.35,17.35,0.0,0.0,200,3470,26.5,16.66
SHREDIGCEM,SHREDIGCEMEQN,70.21,70.21,70.21,0.0,0.0,21,1474,107.7,53.9
ANGELONE,ANGELONEEQN,289.5,289.5,289.5,0.0,0.0,12498,3618171,360.45,208.63
BBTC,BBTCEQN,1436.0,1436.0,1436.0,0.0,0.0,151,216836,2135.0,1314.6
GRAVITA,GRAVITAEQN,1792.8,1792.8,1792.8,0.0,0.0,327,586245,1913.6,1266.9
INOXINDIA,INOXINDIAEQN,1923.6,1923.6,1923.6,0.0,0.0,172,330859,2119.8,1068.2
MHRIL,MHRILEQN,221.05,221.05,221.05,0.0,0.0,326,72062,368.9,207.9
OIL,OILEQN,480.9,480.9,480.9,0.0,0.0,3433,1650929,531.0,384.6
AMBER,AMBEREQN,7275.0,7275.0,7275.0,0.0,0.0,196,1425900,8974.0,5400.5
CASTROLIND,CASTROLINDEQN,188.57,188.57,188.57,0.0,0.0,1714,323208,211.4,170.1
BECTORFOOD,BECTORFOODEQN,258.02,258.02,258.02,0.0,0.0,1326,342134,299.0,165.0
BDL,BDLEQN,1317.0,1317.0,1317.0,0.0,0.0,2992,3940464,1654.0,1086.0
HONAUT,HONAUTEQN,36715.0,36715.0,36715.0,0.0,0.0,15,550725,41495.0,26220.0
RAIN,RAINEQN,204.92,204.92,204.92,0.0,0.0,2620,536890,252.0,99.9
CDSL,CDSLEQN,1345.9,1345.9,1345.9,0.0,0.0,3877,5218054,1673.7,1116.3
AUBANK,AUBANKEQN,1088.0,1088.0,1088.0,0.0,0.0,1042,1133696,1105.9,682.15
TITAN,TITANEQN,5068.0,5068.0,5068.0,0.0,0.0,1968,9973824,5168.0,3303.1
COROMANDEL,COROMANDELEQN,2004.8,2004.7,2004.7,-0.1,0.0,76,152357,2500.0,1706.5
COSMOFIRST,COSMOFIRSTEQN,938.45,938.45,938.45,0.0,0.0,46,43168,1058.5,560.8
HLEGLAS,HLEGLASEQN,311.8,311.8,311.8,0.0,0.0,450,140310,661.95,250.0
VIKASLIFE,VIKASLIFEEQN,1.2,1.2,1.2,0.0,0.0,41889,50266,2.37,1.05
SHARDAMOTR,SHARDAMOTREQN,922.4,922.4,922.4,0.0,0.0,21,19370,1189.9,700.0
NDTV,NDTVEQN,75.5,75.5,75.5,0.0,0.0,5,377,134.5,58.75
ACI,ACIEQN,499.95,499.95,499.95,0.0,0.0,188,93990,726.0,483.0
AIAENG,AIAENGEQN,4357.6,4357.6,4357.6,0.0,0.0,6,26145,5180.0,3001.1
INNOVACAP,INNOVACAPEQN,1084.2,1084.2,1084.2,0.0,0.0,806,873865,1120.0,622.0
GULFOILLUB,GULFOILLUBEQN,1151.3,1151.3,1151.3,0.0,0.0,26,29933,1329.0,865.0
TNPL,TNPLEQN,139.85,139.85,139.85,0.0,0.0,74,10348,179.9,121.51
AFFLE,AFFLEEQN,1729.5,1729.5,1729.5,0.0,0.0,130,224835,2185.9,1251.3
BIOCON,BIOCONEQN,412.5,412.5,412.5,0.0,0.0,1763,727237,447.15,337.05
IGL,IGLEQN,150.55,150.55,150.55,0.0,0.0,4273,643300,223.5,141.74
FORCEMOT,FORCEMOTEQN,17885.0,17885.0,17885.0,0.0,0.0,197,3523345,26450.0,14911.0
KSOLVES,KSOLVESEQN,270.4,270.4,270.4,0.0,0.0,90,24336,354.85,245.75
SHRENIK,SHRENIKBZN,0.29,0.29,0.29,0.0,0.0,20715,6007,0.65,0.29
GODREJIND,GODREJINDEQN,1223.4,1223.4,1223.4,0.0,0.0,49,59946,1443.0,744.2
ALKEM,ALKEMEQN,5400.0,5400.0,5400.0,0.0,0.0,101,545400,5933.5,5075.0
SHYAMTEL,SHYAMTELEQN,15.0,15.0,15.0,0.0,0.0,1,15,25.42,7.07
MTEDUCARE,MTEDUCAREBEN,1.8,1.8,1.8,0.0,0.0,470,846,2.53,1.17
SAGILITY,SAGILITYEQN,42.64,42.64,42.64,0.0,0.0,16257,693198,57.89,35.83
JUBLCPL,JUBLCPLEQN,2284.0,2284.0,2284.0,0.0,0.0,3,6852,3013.4,1460.0
GUJTHEM,GUJTHEMEQN,369.25,369.25,369.25,0.0,0.0,15,5538,479.0,225.05
HPAL,HPALEQN,34.48,34.48,34.48,0.0,0.0,11,379,53.0,26.52
OSWALSEEDS,OSWALSEEDSEQN,13.16,13.16,13.16,0.0,0.0,3060,40269,20.28,9.66
KSHITIJPOL,KSHITIJPOLEQN,2.85,2.85,2.85,0.0,0.0,1662,4736,7.2,1.88
GLOBALVECT,GLOBALVECTEQN,149.37,149.37,149.37,0.0,0.0,1,149,248.0,129.0
ARE&M,ARE&MEQN,930.85,930.85,930.85,0.0,0.0,669,622738,1057.85,670.0
MEDICO,MEDICOEQN,42.07,42.07,42.07,0.0,0.0,27,1135,56.88,30.22
MAANALU,MAANALUEQN,118.52,118.52,118.52,0.0,0.0,16,1896,184.74,100.0
NAVKARURB,NAVKARURBBEN,0.96,0.96,0.96,0.0,0.0,3308,3175,2.93,0.7
DIGITIDE,DIGITIDEEQN,96.57,96.57,96.57,0.0,0.0,32,3090,219.0,69.9
AEROENTER,AEROENTEREQN,130.65,130.65,130.65,0.0,0.0,635,82962,149.55,62.2
BIRLACABLE,BIRLACABLEBEN,283.17,283.17,283.17,0.0,0.0,78,22087,308.25,104.0
UNICHEMLAB,UNICHEMLABEQN,516.55,516.55,516.55,0.0,0.0,68,35125,687.2,278.2
DISHTV,DISHTVEQN,2.79,2.79,2.79,0.0,0.0,1879,5242,5.99,1.82
TRU,TRUEQN,4.19,4.19,4.19,0.0,0.0,257,1076,13.82,4.0
DCMFINSERV,DCMFINSERVEQN,5.5,5.5,5.5,0.0,0.0,18,99,8.55,3.7
MANORG,MANORGEQN,460.35,460.35,460.35,0.0,0.0,48,22096,637.85,356.25
GANESHHOU,GANESHHOUEQN,826.8,826.8,826.8,0.0,0.0,1,826,920.15,500.0
AHCL,AHCLEQN,14.37,14.37,14.37,0.0,0.0,15027,215937,17.28,9.08
LGEINDIA,LGEINDIAEQN,1632.8,1632.8,1632.8,0.0,0.0,384,626995,1755.0,1304.1
BIL,BILEQN,834.55,834.55,834.55,0.0,0.0,1852,1545586,980.0,602.0
ABLBL,ABLBLEQN,86.5,86.5,86.5,0.0,0.0,1213,104924,151.33,86.0
ZYDUSWELL,ZYDUSWELLEQN,501.3,501.3,501.3,0.0,0.0,742,371964,611.85,367.55
BORORENEW,BORORENEWEQN,543.0,543.0,543.0,0.0,0.0,1199,651057,721.0,374.4
ENRIN,ENRINEQN,3435.3,3435.3,3435.3,0.0,0.0,394,1353508,3968.0,2115.0
GUJRAFFIA,GUJRAFFIAEQN,41.01,41.01,41.01,0.0,0.0,2,82,88.0,35.1
RAJMET,RAJMETEQN,3.22,3.22,3.22,0.0,0.0,757,2437,5.28,2.72
AKSHAR,AKSHAREQN,0.41,0.41,0.41,0.0,0.0,2935,1203,0.76,0.36
EASTSILK,EASTSILKBEN,64.2,64.2,64.2,0.0,0.0,300,19260,99.25,27.78
TEMBO,TEMBOEQN,58.2,58.2,58.2,0.0,0.0,2574,149806,837.0,57.6
CGPOWER,CGPOWEREQN,876.3,876.3,876.3,0.0,0.0,2782,2437866,980.9,525.5
KANORICHEM,KANORICHEMBEN,153.43,153.43,153.43,0.0,0.0,21,3222,164.6,56.0
ADVENZYMES,ADVENZYMESEQN,303.0,303.0,303.0,0.0,0.0,571,173013,419.0,251.95
LLOYDSME,LLOYDSMEEQN,1891.4,1891.4,1891.4,0.0,0.0,573,1083772,2125.0,1042.9
KAYA,KAYAEQN,374.1,374.1,374.1,0.0,0.0,234,87539,487.9,224.01
SEKURITIND,SEKURITINDEQN,119.05,119.05,119.05,0.0,0.0,4,476,124.65,115.0
LIBAS,LIBASEQN,9.83,9.83,9.83,0.0,0.0,2,19,14.3,9.02
MIRZAINT,MIRZAINTEQN,31.07,31.07,31.07,0.0,0.0,297,9227,44.0,24.95
GTPL,GTPLEQN,54.51,54.51,54.51,0.0,0.0,6,327,119.99,50.85
ESSARSHPNG,ESSARSHPNGEQN,15.9,15.9,15.9,0.0,0.0,4,63,43.26,15.71
LANDSMILL,LANDSMILLEQN,0.74,0.74,0.74,0.0,0.0,48558,35932,1.74,0.73
REGAAL,REGAALEQN,95.84,95.84,95.84,0.0,0.0,2385,228578,145.7,57.27
MBEL,MBELEQN,278.1,278.1,278.1,0.0,0.0,105,29200,535.9,223.05
EKC,EKCEQN,112.8,112.8,112.8,0.0,0.0,140,15792,154.55,90.25
SICAGEN,SICAGENEQN,55.85,55.85,55.85,0.0,0.0,2,111,74.06,46.55
NAMOEWASTE,NAMOEWASTESTN,279.45,279.45,279.45,0.0,0.0,800,223560,319.4,134.0
ADVIKCA,ADVIKCAEQN,1.2,1.2,1.2,0.0,0.0,3241,3889,1.27,1.15
IPRINGLTD,IPRINGLTDEQN,142.25,142.25,142.25,0.0,0.0,14,1991,153.0,124.5
RNBDENIMS,RNBDENIMSEQN,7.93,7.93,7.93,0.0,0.0,248,1966,67.67,7.82
GAYAHWS,GAYAHWSEQN,1.92,1.92,1.92,0.0,0.0,701,1345,4.76,1.51
EUROPRATIK,EUROPRATIKEQN,265.75,265.75,265.75,0.0,0.0,3,797,390.0,205.1
VOGL,VOGLEQN,36.69,36.69,36.69,0.0,0.0,72883,2674077,47.6,30.42
KOPRAN,KOPRANBEN,199.72,199.72,199.72,0.0,0.0,50,9986,219.0,107.0
PRAXIS,PRAXISEQN,5.41,5.41,5.41,0.0,0.0,200,1082,14.44,5.26
THEJO,THEJOEQN,2101.2,2101.2,2101.2,0.0,0.0,3,6303,2286.6,1443.6
SHADOWFAX,SHADOWFAXEQN,258.0,258.0,258.0,0.0,0.0,6612,1705896,268.65,98.55
RPGLIFE,RPGLIFEEQN,2654.8,2654.8,2654.8,0.0,0.0,4,10619,3082.0,1733.0
ECOSMOBLTY,ECOSMOBLTYBEN,112.31,112.31,112.31,0.0,0.0,45,5053,303.25,103.94
SADBHIN,SADBHINBEN,2.75,2.75,2.75,0.0,0.0,37,101,5.02,2.06
STUDDS,STUDDSEQN,448.0,448.0,448.0,0.0,0.0,31,13888,600.0,412.3
STLTECH,STLTECHBEN,621.4,621.4,621.4,0.0,0.0,1824,1133433,683.5,84.6
PRAVEG,PRAVEGEQN,262.1,262.1,262.1,0.0,0.0,24,6290,325.0,210.4
ALOKINDS,ALOKINDSEQN,11.54,11.54,11.54,0.0,0.0,10202,117731,19.34,11.11
CONSOFINVT,CONSOFINVTBEN,271.3,271.3,271.3,0.0,0.0,77,20890,320.0,152.0
MGL,MGLEQN,1137.8,1137.8,1137.8,0.0,0.0,441,501769,1378.0,900.0
EMAMIPAP,EMAMIPAPBEN,114.56,114.56,114.56,0.0,0.0,325,37232,133.7,55.0
CSM,CSMEQN,99.37,99.37,99.37,0.0,0.0,161,15998,113.0,94.27
OMPOWER,OMPOWEREQN,162.7,162.7,162.7,0.0,0.0,3,488,206.0,158.01
ORIENTBELL,ORIENTBELLEQN,339.2,339.2,339.2,0.0,0.0,5,1696,367.7,238.75
NFL,NFLEQN,70.3,70.3,70.3,0.0,0.0,2798,196699,102.97,63.35
RHFL,RHFLBZN,1.72,1.72,1.72,0.0,0.0,4578,7874,5.51,1.7
VIDYAWIRES,VIDYAWIRESEQN,87.4,87.4,87.4,0.0,0.0,523,45710,117.35,42.51
CNL,CNLEQN,1248.15,1248.15,1248.15,0.0,0.0,11,13729,1275.0,525.0
CCAVENUE,CCAVENUEEQN,14.95,14.95,14.95,0.0,0.0,46258,691557,20.5,12.92
AVG,AVGBEN,190.57,190.57,190.57,0.0,0.0,1,190,256.73,113.26
PRITIKAUTO,PRITIKAUTOBEN,17.42,17.42,17.42,0.0,0.0,16,278,20.99,10.41
TAMBOLIIN,TAMBOLIINBEN,242.51,242.51,242.51,0.0,0.0,3,727,262.5,141.5
RMDRIP,RMDRIPBEN,18.0,18.0,18.0,0.0,0.0,1823,32814,72.22,14.81
BLEL,BLELEQN,504.25,504.25,504.25,0.0,0.0,46068,23229789,548.0,458.7
WARDINMOBI,WARDINMOBIEQN,6.17,6.17,6.17,0.0,0.0,6045,37297,6.8,5.25
SBIFUNDS,SBIFUNDSEQN,555.5,555.5,555.5,0.0,0.0,4338,2409759,624.95,550.2
GKSL,GKSLEQN,156.41,156.41,156.41,0.0,0.0,295,46140,162.22,98.36
GRAVISSHO,GRAVISSHOEQN,29.89,29.89,29.89,0.0,0.0,1,29,35.6,25.2
PFS,PFSEQN,27.82,27.82,27.82,0.0,0.0,686,19084,40.69,23.85
GRINFRA,GRINFRAEQN,884.0,884.0,884.0,0.0,0.0,10,8840,1345.0,785.0
ELITECON,ELITECONEQN,16.79,16.79,16.79,0.0,0.0,2332,39154,46.4,15.3
MEDICAPQ,MEDICAPQEQN,25.28,25.28,25.28,0.0,0.0,2,50,27.96,20.33
DCMSIL,DCMSILEQN,76.1,76.1,76.1,0.0,0.0,80,6088,105.27,49.5
GOODYEAR,GOODYEAREQN,762.9,762.9,762.9,0.0,0.0,7,5340,876.0,711.25
GESHIP,GESHIPEQN,1299.0,1298.9,1298.9,-0.1,-0.01,1893,2458817,1798.0,922.5
TATATECH,TATATECHEQN,823.95,823.9,823.9,-0.05,-0.01,1654,1362730,891.0,507.4
TVSMOTOR,TVSMOTOREQN,4390.0,4389.5,4389.5,-0.5,-0.01,1280,5618560,4475.0,3221.2
AAVAS,AAVASEQN,1364.9,1364.8,1364.8,-0.1,-0.01,59,80523,1771.9,1060.4
EXIDEIND,EXIDEINDEQN,464.1,464.05,464.05,-0.05,-0.01,2346,1088661,496.4,287.0
ADOR,ADOREQN,1684.0,1683.9,1683.9,-0.1,-0.01,188,316573,1701.9,848.0
GPPL,GPPLEQN,164.81,164.79,164.79,-0.02,-0.01,3200,527328,200.09,141.55
BUILDPRO,BUILDPROEQN,1263.1,1263.0,1263.0,-0.1,-0.01,15,18945,1380.0,636.0
HEXAGON,HEXAGONBEN,70.11,70.1,70.1,-0.01,-0.01,66,4626,78.25,48.1
AFFORDABLE,AFFORDABLEBEN,164.71,164.7,164.7,-0.01,-0.01,200,32940,406.0,119.71
CMLL,CMLLEQN,506.95,506.9,506.9,-0.05,-0.01,2239,1134949,624.4,463.35
TRAVELFOOD,TRAVELFOODEQN,1316.2,1316.0,1316.0,-0.2,-0.02,76,100016,1470.9,1035.3
ITC,ITCEQN,271.65,271.6,271.6,-0.05,-0.02,60798,16512736,427.0,265.0
EMCURE,EMCUREEQN,1881.4,1881.0,1881.0,-0.4,-0.02,127,238887,2048.0,1260.0
INDUSINDBK,INDUSINDBKEQN,1008.0,1007.8,1007.8,-0.2,-0.02,841,847559,1077.85,710.6
TRIVENI,TRIVENIEQN,300.05,300.0,300.0,-0.05,-0.02,36815,11044500,490.1,220.05
PAYTM,PAYTMEQN,1603.6,1603.3,1603.3,-0.3,-0.02,5659,9073074,1657.6,930.6
AIIL,AIILEQN,532.3,532.2,532.2,-0.1,-0.02,317,168707,683.0,400.0
SHREECEM,SHREECEMEQN,24300.0,24295.0,24295.0,-5.0,-0.02,26,631670,31225.0,22550.0
TATACOMM,TATACOMMEQN,1677.5,1677.1,1677.1,-0.4,-0.02,394,660777,2110.0,1322.5
DRAGARWQ,DRAGARWQEQN,5307.0,5306.0,5306.0,-1.0,-0.02,3,15918,6059.7,4600.0
FSL,FSLEQN,272.25,272.2,272.2,-0.05,-0.02,2772,754538,381.4,202.0
ITDC,ITDCEQN,687.55,687.4,687.4,-0.15,-0.02,183,125794,822.0,368.0
ORIENTCEM,ORIENTCEMEQN,130.86,130.84,130.84,-0.02,-0.02,1371,179381,244.37,122.32
CREDITACC,CREDITACCEQN,1534.5,1534.0,1534.0,-0.5,-0.03,208,319072,1634.0,1113.0
EIDPARRY,EIDPARRYEQN,810.25,810.0,810.0,-0.25,-0.03,8220,6658200,1196.4,698.2
PANAMAPET,PANAMAPETEQN,486.25,486.1,486.1,-0.15,-0.03,300,145830,599.6,229.0
SJS,SJSEQN,2497.9,2497.1,2497.1,-0.8,-0.03,192,479443,2590.0,1285.9
BAJAJ-AUTO,BAJAJ-AUTOEQN,11793.0,11790.0,11790.0,-3.0,-0.03,839,9891810,11863.0,8491.5
BAJEL,BAJELEQN,180.58,180.53,180.53,-0.05,-0.03,130,23468,226.69,135.1
SURYODAY,SURYODAYEQN,154.54,154.5,154.5,-0.04,-0.03,394,60873,218.0,115.41
AXISBANK,AXISBANKEQN,1251.0,1250.6,1250.6,-0.4,-0.03,29469,36853931,1418.3,1042.5
KAMDHENU,KAMDHENUBEN,33.66,33.65,33.65,-0.01,-0.03,140,4711,37.06,16.15
SHAILY,SHAILYEQN,3350.0,3348.9,3348.9,-1.1,-0.03,118,395170,3615.2,1770.9
HUDCO,HUDCOEQN,186.05,186.0,186.0,-0.05,-0.03,5883,1094238,246.85,159.0
VIKRAN,VIKRANEQN,62.62,62.6,62.6,-0.02,-0.03,3662,229241,118.4,51.1
RBZJEWEL,RBZJEWELEQN,135.46,135.4,135.4,-0.06,-0.04,100,13540,179.0,100.0
MBLINFRA,MBLINFRAEQN,24.01,24.0,24.0,-0.01,-0.04,1,24,52.48,18.37
THELEELA,THELEELAEQN,539.7,539.5,539.5,-0.2,-0.04,1172,632294,544.35,384.5
SHAKTIPUMP,SHAKTIPUMPEQN,506.2,506.0,506.0,-0.2,-0.04,554,280324,915.0,456.35
SWELECTES,SWELECTESEQN,608.8,608.55,608.55,-0.25,-0.04,13,7911,977.0,483.1
ITI,ITIEQN,279.5,279.4,279.4,-0.1,-0.04,505,141097,372.85,237.0
GPTINFRA,GPTINFRAEQN,112.87,112.82,112.82,-0.05,-0.04,100,11282,150.0,96.22
SRHHYPOLTD,SRHHYPOLTDEQN,473.2,473.0,473.0,-0.2,-0.04,100,47300,640.0,382.4
SMCGLOBAL,SMCGLOBALEQN,81.13,81.1,81.1,-0.03,-0.04,156,12651,94.9,54.44
BHARTIHEXA,BHARTIHEXAEQN,1615.6,1615.0,1615.0,-0.6,-0.04,73,117895,1955.6,1430.0
AVANTIFEED,AVANTIFEEDEQN,857.15,856.8,856.8,-0.35,-0.04,535,458388,1593.8,614.25
CHALET,CHALETEQN,852.9,852.6,852.6,-0.3,-0.04,119,101459,1070.1,691.35
SIS,SISEQN,413.2,413.05,413.05,-0.15,-0.04,13,5369,480.95,257.05
ORIENTELEC,ORIENTELECEQN,186.03,185.95,185.95,-0.08,-0.04,669,124400,219.0,149.05
SPIC,SPICEQN,68.03,68.0,68.0,-0.03,-0.04,252,17136,128.2,55.1
INDIASHLTR,INDIASHLTREQN,675.3,675.0,675.0,-0.3,-0.04,196,132300,968.75,640.0
TATACAP,TATACAPEQN,366.15,366.0,366.0,-0.15,-0.04,2890,1057740,390.2,296.0
STALLION,STALLIONBEN,226.85,226.75,226.75,-0.1,-0.04,235,53286,359.15,99.32
FRACTAL,FRACTALEQN,855.25,854.95,854.95,-0.3,-0.04,251,214592,1118.0,733.7
NIACL,NIACLEQN,183.08,183.0,183.0,-0.08,-0.04,989,180987,218.0,116.97
DPABHUSHAN,DPABHUSHANEQN,1461.7,1461.1,1461.1,-0.6,-0.04,14,20455,1670.0,866.1
HILTON,HILTONBEN,19.63,19.62,19.62,-0.01,-0.05,59,1157,47.75,13.43
EXPLEOSOL,EXPLEOSOLEQN,883.15,882.75,882.75,-0.4,-0.05,19,16772,1175.1,640.0
EMUDHRA,EMUDHRAEQN,550.0,549.7,549.7,-0.3,-0.05,545,299586,767.5,364.55
VIMTALABS,VIMTALABSEQN,640.4,640.1,640.1,-0.3,-0.05,357,228515,902.65,376.05
NCC,NCCEQN,140.07,140.0,140.0,-0.07,-0.05,5185,725900,222.6,130.0
ENTERO,ENTEROEQN,1408.4,1407.7,1407.7,-0.7,-0.05,27,38007,1467.8,944.0
POCL,POCLEQN,503.25,503.0,503.0,-0.25,-0.05,424,213272,647.6,392.2
SFL,SFLEQN,666.2,665.9,665.9,-0.3,-0.05,219,145832,832.45,456.8
AZAD,AZADEQN,2766.6,2765.1,2765.1,-1.5,-0.05,1045,2889529,2986.6,1360.0
PAKKA,PAKKAEQN,88.69,88.65,88.65,-0.04,-0.05,375,33243,178.84,69.1
MAGSON,MAGSONSMN,194.7,194.6,194.6,-0.1,-0.05,1000,194600,199.95,100.5
PAUSHAKLTD,PAUSHAKLTDEQN,787.4,787.0,787.0,-0.4,-0.05,32,25184,814.65,342.5
WAAREEINDO,WAAREEINDOEQN,290.45,290.3,290.3,-0.15,-0.05,32,9289,725.0,282.8
LLOYDSENT,LLOYDSENTEQN,78.55,78.5,78.5,-0.05,-0.06,7149,561196,84.7,40.69
BHARATWIRE,BHARATWIREEQN,187.76,187.65,187.65,-0.11,-0.06,709,133043,262.0,148.01
MANYAVAR,MANYAVAREQN,547.35,547.0,547.0,-0.35,-0.06,67,36649,796.55,329.2
UTIAMC,UTIAMCEQN,896.5,896.0,896.0,-0.5,-0.06,93,83328,1418.0,876.0
BLKASHYAP,BLKASHYAPEQN,53.98,53.95,53.95,-0.03,-0.06,2692,145233,75.4,40.32
INDOMIM,INDOMIMEQN,919.55,919.0,919.0,-0.55,-0.06,6391,5873329,989.9,700.0
ATULAUTO,ATULAUTOEQN,487.35,487.0,487.0,-0.35,-0.07,215,104705,596.55,380.05
QUESS,QUESSEQN,338.25,338.0,338.0,-0.25,-0.07,330,111540,350.75,166.3
NEWGEN,NEWGENEQN,527.35,527.0,527.0,-0.35,-0.07,1777,936479,1041.95,401.05
CCCL,CCCLEQN,15.22,15.21,15.21,-0.01,-0.07,1,15,28.87,12.76
BAJAJHLDNG,BAJAJHLDNGEQN,11368.0,11360.0,11360.0,-8.0,-0.07,14,159040,13880.0,8588.0
FINOPB,FINOPBEQN,146.16,146.06,146.06,-0.1,-0.07,541,79018,339.0,110.03
ABB,ABBEQN,7479.0,7474.0,7474.0,-5.0,-0.07,241,1801234,7924.5,4637.5
IFCI,IFCIEQN,81.76,81.7,81.7,-0.06,-0.07,75830,6195311,95.8,46.23
NHPC,NHPCEQN,76.35,76.3,76.3,-0.05,-0.07,16539,1261925,89.22,71.62
RVTH,RVTHEQN,753.0,752.5,752.5,-0.5,-0.07,1,752,1300.0,491.1
WAAREEENER,WAAREEENEREQN,2675.0,2672.9,2672.9,-2.1,-0.08,907,2424320,3865.0,2403.0
IIFLCAPS,IIFLCAPSEQN,333.15,332.9,332.9,-0.25,-0.08,257,85555,411.3,240.4
DRREDDY,DRREDDYEQN,1180.0,1179.0,1179.0,-1.0,-0.08,958,1129482,1414.9,1101.0
SANSERA,SANSERAEQN,3900.2,3897.0,3897.0,-3.2,-0.08,213,830061,4040.4,1241.3
GREENLAM,GREENLAMEQN,256.2,256.0,256.0,-0.2,-0.08,58,14848,278.63,197.59
RATEGAIN,RATEGAINEQN,943.75,943.0,943.0,-0.75,-0.08,321,302703,1050.0,437.0
STARPAPER,STARPAPEREQN,145.12,145.0,145.0,-0.12,-0.08,12,1740,188.8,119.05
POWERGRID,POWERGRIDEQN,264.8,264.6,264.6,-0.2,-0.08,34569,9146957,324.95,250.0
CESC,CESCEQN,156.61,156.49,156.49,-0.12,-0.08,9005,1409192,204.5,138.12
CARTRADE,CARTRADEEQN,2895.2,2893.0,2893.0,-2.2,-0.08,665,1923845,3290.5,1600.0
ANTELOPUS,ANTELOPUSEQN,796.65,796.0,796.0,-0.65,-0.08,113,89948,933.65,357.0
KNACK,KNACKEQN,209.17,209.0,209.0,-0.17,-0.08,2443,510587,222.0,180.33
NTPCGREEN,NTPCGREENEQN,91.88,91.8,91.8,-0.08,-0.09,8138,747068,119.95,84.0
TARC,TARCEQN,121.74,121.63,121.63,-0.11,-0.09,135,16420,186.3,109.1
WHIRLPOOL,WHIRLPOOLEQN,775.75,775.05,775.05,-0.7,-0.09,2351,1822142,1437.0,751.0
STEELXIND,STEELXINDEQN,10.54,10.53,10.53,-0.01,-0.09,6585,69340,13.95,7.0
GODREJAGRO,GODREJAGROEQN,581.65,581.1,581.1,-0.55,-0.09,798,463717,769.7,506.1
ASTRAZEN,ASTRAZENEQN,7507.0,7500.0,7500.0,-7.0,-0.09,81,607500,9849.5,7481.0
SHRIRAMPPS,SHRIRAMPPSEQN,77.67,77.6,77.6,-0.07,-0.09,3293,255536,99.44,60.57
JYOTISTRUC,JYOTISTRUCEQN,10.69,10.68,10.68,-0.01,-0.09,7473,79811,17.42,7.94
APOLLOHOSP,APOLLOHOSPEQN,8735.0,8727.0,8727.0,-8.0,-0.09,949,8281923,9050.0,6696.5
SHANKARA,SHANKARAEQN,142.21,142.07,142.07,-0.14,-0.1,10,1420,1160.0,98.25
MOIL,MOILEQN,252.75,252.5,252.5,-0.25,-0.1,1730,436825,404.9,242.35
BIOPOL,BIOPOLSMN,97.9,97.8,97.8,-0.1,-0.1,2400,234720,133.75,84.0
TEAMLEASE,TEAMLEASEEQN,1242.1,1240.9,1240.9,-1.2,-0.1,1,1240,1944.3,1065.2
TCI,TCIEQN,906.55,905.65,905.65,-0.9,-0.1,1,905,1242.0,868.05
GOLDIAM,GOLDIAMEQN,363.15,362.8,362.8,-0.35,-0.1,543,197000,398.2,198.75
UJJIVANSFB,UJJIVANSFBEQN,71.93,71.86,71.86,-0.07,-0.1,24139,1734628,73.94,41.95
OBSCP,OBSCPSMN,855.85,855.0,855.0,-0.85,-0.1,400,342000,921.0,269.95
COFFEEDAY,COFFEEDAYBEN,29.26,29.23,29.23,-0.03,-0.1,953,27856,51.46,21.0
BIRLANU,BIRLANUEQN,1535.4,1533.9,1533.9,-1.5,-0.1,3,4601,2086.9,1190.1
GVPIL,GVPILEQN,666.7,666.0,666.0,-0.7,-0.1,418,278388,1084.0,270.9
HPL,HPLEQN,314.65,314.35,314.35,-0.3,-0.1,34,10687,517.75,255.55
CONTROLPR,CONTROLPREQN,565.9,565.35,565.35,-0.55,-0.1,1,565,899.0,517.0
LOTUSDEV,LOTUSDEVBEN,166.16,166.0,166.0,-0.16,-0.1,557,92462,207.5,102.2
INOXGREEN,INOXGREENEQN,175.08,174.88,174.88,-0.2,-0.11,144,25182,279.0,132.58
SBILIFE,SBILIFEEQN,1782.0,1780.0,1780.0,-2.0,-0.11,1476,2627280,2132.0,1700.4
TI,TIEQN,582.45,581.8,581.8,-0.65,-0.11,702,408423,593.0,381.55
COLPAL,COLPALEQN,1910.0,1907.9,1907.9,-2.1,-0.11,1705,3252969,2504.0,1782.0
KERNEX,KERNEXEQN,1837.0,1835.0,1835.0,-2.0,-0.11,610,1119350,2580.0,850.0
TTML,TTMLEQN,37.45,37.41,37.41,-0.04,-0.11,9499,355357,60.89,31.22
SHYAMMETL,SHYAMMETLEQN,996.8,995.7,995.7,-1.1,-0.11,129,128445,1090.0,746.0
SUNTECK,SUNTECKEQN,294.35,294.0,294.0,-0.35,-0.12,367,107898,473.0,270.75
SAMMAANCAP,SAMMAANCAPEQN,150.23,150.05,150.05,-0.18,-0.12,21710,3257585,192.95,116.7
INGERRAND,INGERRANDEQN,4705.6,4700.0,4700.0,-5.6,-0.12,21,98700,4768.7,3063.3
VHLTD,VHLTDBEN,119.13,118.99,118.99,-0.14,-0.12,60,7139,145.2,103.69
LATENTVIEW,LATENTVIEWEQN,281.75,281.4,281.4,-0.35,-0.12,931,261983,517.5,248.0
INDHOTEL,INDHOTELEQN,735.85,735.0,735.0,-0.85,-0.12,3815,2804025,811.95,565.0
AWHCL,AWHCLEQN,381.15,380.7,380.7,-0.45,-0.12,23,8756,616.0,372.5
JIOFIN,JIOFINEQN,244.6,244.3,244.3,-0.3,-0.12,41617,10167033,331.0,223.3
TRIDENT,TRIDENTEQN,24.63,24.6,24.6,-0.03,-0.12,15718,386662,30.94,21.98
GANESHCP,GANESHCPEQN,162.35,162.15,162.15,-0.2,-0.12,102,16539,309.95,152.0
WAAREERTL,WAAREERTLEQN,880.4,879.3,879.3,-1.1,-0.12,514,451960,1358.0,779.5
KENNAMET,KENNAMETEQN,3719.6,3715.0,3715.0,-4.6,-0.12,350,1300250,3775.0,2405.2
ALGOQUANT,ALGOQUANTEQN,65.13,65.05,65.05,-0.08,-0.12,1010,65700,71.01,47.8
DHANUKA,DHANUKAEQN,996.3,995.0,995.0,-1.3,-0.13,179,178105,1654.4,889.6
JSWSTEEL,JSWSTEELEQN,1299.7,1298.0,1298.0,-1.7,-0.13,4900,6360200,1335.0,1022.3
BAJAJHIND,BAJAJHINDEQN,23.33,23.3,23.3,-0.03,-0.13,1792804,41772333,23.98,14.85
IKIO,IKIOEQN,195.7,195.45,195.45,-0.25,-0.13,322,62934,252.9,103.53
PRAJIND,PRAJINDEQN,358.45,358.0,358.0,-0.45,-0.13,8232,2947056,433.0,273.0
PARADEEP,PARADEEPEQN,148.64,148.45,148.45,-0.19,-0.13,12336,1831279,232.22,99.7
SEJALLTD,SEJALLTDEQN,662.85,662.0,662.0,-0.85,-0.13,6,3972,1036.7,381.0
CUBEINVIT,CUBEINVITIVN,157.2,157.0,157.0,-0.2,-0.13,527,82739,165.0,129.0
IMFA,IMFAEQN,1421.9,1420.0,1420.0,-1.9,-0.13,446,633320,1679.9,815.0
APOLLOTYRE,APOLLOTYREEQN,429.3,428.75,428.75,-0.55,-0.13,1077,461763,540.5,365.3
ANDHRSUGAR,ANDHRSUGAREQN,102.74,102.61,102.61,-0.13,-0.13,6940,712113,107.23,66.5
NIITLTD,NIITLTDEQN,92.58,92.45,92.45,-0.13,-0.14,954,88197,117.75,49.0
GAIL,GAILEQN,172.5,172.26,172.26,-0.24,-0.14,18197,3134615,186.87,134.36
LUMAXIND,LUMAXINDEQN,5808.0,5800.0,5800.0,-8.0,-0.14,28,162400,6934.5,3706.7
GTL,GTLEQN,7.22,7.21,7.21,-0.01,-0.14,251,1809,11.26,4.91
ATUL,ATULEQN,6510.5,6501.5,6501.5,-9.0,-0.14,13,84519,7180.0,5560.5
HGINFRA,HGINFRAEQN,513.7,513.0,513.0,-0.7,-0.14,1089,558657,1049.95,429.5
MAWANASUG,MAWANASUGEQN,140.1,139.9,139.9,-0.2,-0.14,11727,1640607,143.15,75.08
UTKARSHBNK,UTKARSHBNKEQN,13.92,13.9,13.9,-0.02,-0.14,3836,53320,22.03,10.12
ICEMAKE,ICEMAKEEQN,726.05,725.0,725.0,-1.05,-0.14,13,9425,920.0,660.3
PATINTLOG,PATINTLOGBEN,13.82,13.8,13.8,-0.02,-0.14,57,786,16.9,8.01
NTPC,NTPCEQN,337.5,337.0,337.0,-0.5,-0.15,9386,3163082,414.4,315.55
PRECAM,PRECAMEQN,130.68,130.48,130.48,-0.2,-0.15,371,48408,262.0,103.98
JGCHEM,JGCHEMEQN,619.9,618.95,618.95,-0.95,-0.15,240,148548,663.1,298.4
MAYURUNIQ,MAYURUNIQEQN,776.05,768.9,768.9,-1.15,-0.15,489,375992,907.0,471.2
RHIM,RHIMEQN,374.75,374.2,374.2,-0.55,-0.15,3276,1225879,515.55,323.05
JSFB,JSFBEQN,562.85,562.0,562.0,-0.85,-0.15,1538,864356,593.0,330.0
MMFL,MMFLEQN,638.95,638.0,638.0,-0.95,-0.15,110,70180,687.95,288.1
RRKABEL,RRKABELEQN,2894.2,2890.0,2890.0,-4.2,-0.15,517,1494130,2920.9,1165.0
GRSE,GRSEEQN,2617.8,2614.0,2614.0,-3.8,-0.15,901,2355214,3339.0,1963.7
PIXTRANS,PIXTRANSEQN,1820.3,1817.6,1817.6,-2.7,-0.15,42,76339,2089.0,1252.0
VRLLOG,VRLLOGEQN,295.45,295.0,295.0,-0.45,-0.15,304,89680,310.2,225.0
DEEPINDS,DEEPINDSEQN,658.45,654.95,654.95,-1.0,-0.15,1054,690317,720.0,330.0
PDSL,PDSLEQN,370.15,369.6,369.6,-0.55,-0.15,13,4804,418.5,246.05
ASAL,ASALEQN,506.75,506.0,506.0,-0.75,-0.15,115,58190,654.65,374.5
DRCSYSTEMS,DRCSYSTEMSEQN,12.76,12.74,12.74,-0.02,-0.16,235,2993,23.68,11.5
MFSL,MFSLEQN,1575.0,1572.5,1572.5,-2.5,-0.16,420,660450,1892.5,1433.6
UPL,UPLEQN,571.9,571.0,571.0,-0.9,-0.16,1156,660076,812.2,557.95
LANDMARK,LANDMARKEQN,509.2,508.4,508.4,-0.8,-0.16,27,13726,662.8,339.5
KIOCL,KIOCLEQN,385.4,384.8,384.8,-0.6,-0.16,418,160846,634.55,290.65
VIVIANA,VIVIANABEN,705.0,703.85,703.85,-1.15,-0.16,7,4926,1162.5,565.0
SHAREINDIA,SHAREINDIAEQN,175.28,175.0,175.0,-0.28,-0.16,49,8575,211.0,115.36
CUPID,CUPIDEQN,282.43,281.99,281.99,-0.44,-0.16,53336,15040218,299.0,32.87
PSPPROJECT,PSPPROJECTEQN,923.35,921.9,921.9,-1.45,-0.16,22,20281,1143.0,569.2
ESTER,ESTEREQN,96.16,96.0,96.0,-0.16,-0.17,100,9600,132.45,68.55
SEPC,SEPCEQN,5.97,5.96,5.96,-0.01,-0.17,31476,187596,13.73,4.65
KIRLOSBROS,KIRLOSBROSEQN,1918.2,1915.0,1915.0,-3.2,-0.17,262,501730,2189.2,1335.0
INDOCO,INDOCOEQN,222.68,222.3,222.3,-0.38,-0.17,23,5112,332.2,162.19
GANECOS,GANECOSEQN,1095.5,1093.6,1093.6,-1.9,-0.17,94,102798,1402.8,653.55
SKMEGGPROD,SKMEGGPRODEQN,255.48,255.01,255.01,-0.47,-0.18,44,11220,372.0,143.1
JKLAKSHMI,JKLAKSHMIEQN,557.9,556.9,556.9,-1.0,-0.18,219,121961,989.8,542.95
JYOTICNC,JYOTICNCEQN,949.75,948.0,948.0,-1.75,-0.18,2758,2614584,1055.9,580.1
FORTIS,FORTISEQN,916.8,915.15,915.15,-1.65,-0.18,862,788859,1104.3,766.8
OSWALAGRO,OSWALAGROEQN,37.57,37.5,37.5,-0.07,-0.19,1,37,83.44,33.4
IKS,IKSEQN,1791.6,1788.2,1788.2,-3.4,-0.19,213,380886,1933.0,1262.0
TVSSCS,TVSSCSEQN,123.33,123.1,123.1,-0.23,-0.19,293,36068,146.5,90.32
VTL,VTLEQN,600.5,599.35,599.35,-1.15,-0.19,81,48547,688.0,385.5
LAOPALA,LAOPALAEQN,178.35,178.01,178.01,-0.34,-0.19,830,147748,262.0,162.1
ASIANPAINT,ASIANPAINTEQN,2625.2,2620.2,2620.2,-5.0,-0.19,762,1996592,2985.7,2115.0
HCC,HCCEQN,21.22,21.18,21.18,-0.04,-0.19,244184,5171817,28.5,13.65
KOLTEPATIL,KOLTEPATILEQN,465.9,465.0,465.0,-0.9,-0.19,1278,594270,554.6,292.25
INDIGO,INDIGOEQN,5165.0,5155.0,5155.0,-10.0,-0.19,1599,8242845,6173.5,3895.2
FREDUN,FREDUNEQN,1471.8,1469.0,1469.0,-2.8,-0.19,52,76388,1590.0,1400.0
BMWVENTLTD,BMWVENTLTDEQN,57.23,57.12,57.12,-0.11,-0.19,151,8625,78.0,48.0
AARTIIND,AARTIINDEQN,520.05,519.0,519.0,-1.05,-0.2,1533,795627,541.7,338.05
KRYSTAL,KRYSTALEQN,681.35,680.0,680.0,-1.35,-0.2,776,527680,729.5,500.0
BANKBARODA,BANKBARODAEQN,244.5,244.0,244.0,-0.5,-0.2,25646,6257624,325.5,230.81
TFCILTD,TFCILTDEQN,132.76,132.5,132.5,-0.26,-0.2,23270,3083275,134.92,51.0
RITES,RITESEQN,218.44,218.0,218.0,-0.44,-0.2,788,171784,280.9,175.0
WAKEFIT,WAKEFITEQN,136.64,136.36,136.36,-0.28,-0.2,1329,181222,224.0,111.4
INDGN,INDGNEQN,566.7,565.55,565.55,-1.15,-0.2,606,342723,596.8,414.0
GRINDWELL,GRINDWELLEQN,2059.3,2055.0,2055.0,-4.3,-0.21,9,18495,2455.0,1329.0
PGHL,PGHLEQN,5832.5,5820.0,5820.0,-12.5,-0.21,95,552900,6975.0,4707.0
TATAINVEST,TATAINVESTEQN,649.35,648.0,648.0,-1.35,-0.21,464,300672,1184.7,538.85
SANGHVIMOV,SANGHVIMOVEQN,490.7,489.65,489.65,-1.05,-0.21,379,185577,528.0,223.8
HYUNDAI,HYUNDAIEQN,2227.0,2222.0,2222.0,-5.0,-0.22,1591,3535202,2890.0,1658.0
ULTRACEMCO,ULTRACEMCOEQN,11575.0,11549.0,11549.0,-26.0,-0.22,239,2760211,13110.0,10325.0
GNFC,GNFCEQN,592.8,591.5,591.5,-1.3,-0.22,1161,686731,619.0,365.0
GHCLTEXTIL,GHCLTEXTILEQN,123.77,123.5,123.5,-0.27,-0.22,210,25935,129.44,65.26
KDDL,KDDLEQN,3942.7,3934.2,3934.2,-8.5,-0.22,15,59013,4155.5,1990.0
WIPRO,WIPROEQN,181.0,180.6,180.6,-0.4,-0.22,24045,4342527,273.1,169.0
SECURKLOUD,SECURKLOUDEQN,18.24,18.2,18.2,-0.04,-0.22,1,18,34.18,16.01
INDRAMEDCO,INDRAMEDCOEQN,376.8,375.95,375.95,-0.85,-0.23,451,169553,640.85,342.0
SONACOMS,SONACOMSEQN,821.9,820.05,820.05,-1.85,-0.23,1965,1611398,844.0,402.3
UCOBANK,UCOBANKEQN,25.81,25.75,25.75,-0.06,-0.23,16197,417072,34.2,22.22
AADHARHFC,AADHARHFCEQN,474.95,473.85,473.85,-1.1,-0.23,248,117514,563.0,430.15
IRCON,IRCONEQN,126.54,126.25,126.25,-0.29,-0.23,5713,721266,189.5,114.5
NELCO,NELCOEQN,912.0,909.9,909.9,-2.1,-0.23,614,558678,1120.0,500.1
HAVELLS,HAVELLSEQN,1278.0,1275.0,1275.0,-3.0,-0.23,1626,2073150,1621.1,1123.6
AKG,AKGEQN,8.87,8.85,8.85,-0.02,-0.23,13,115,15.34,8.06
SAREGAMA,SAREGAMAEQN,520.2,519.0,519.0,-1.2,-0.23,82,42558,574.5,307.05
BENGALASM,BENGALASMEQN,6201.0,6187.0,6187.0,-14.0,-0.23,29,179423,7268.0,5845.85
IONEXCHANG,IONEXCHANGEQN,373.1,372.25,372.25,-0.85,-0.23,110,40947,486.0,312.7
RESPONIND,RESPONINDEQN,156.37,156.0,156.0,-0.37,-0.24,183,28548,240.9,117.25
AMBUJACEM,AMBUJACEMEQN,411.0,410.0,410.0,-1.0,-0.24,2622,1075020,600.8,394.0
MKPL,MKPLEQN,4.14,4.13,4.13,-0.01,-0.24,471,1945,8.85,3.56
HARSHA,HARSHAEQN,438.05,437.0,437.0,-1.05,-0.24,204,89148,469.0,313.3
BOSCHLTD,BOSCHLTDEQN,48750.0,48635.0,48635.0,-115.0,-0.24,92,4474420,49130.0,28610.0
KIRLFER,KIRLFEREQN,444.05,443.0,443.0,-1.05,-0.24,10,4430,513.0,408.0
HINDADH,HINDADHEQN,351.0,350.15,350.15,-0.85,-0.24,50,17507,402.65,335.55
ASTRAMICRO,ASTRAMICROEQN,1684.2,1680.0,1680.0,-4.2,-0.25,1026,1723680,1960.0,851.0
MENNPIS,MENNPISEQN,71.73,71.55,71.55,-0.18,-0.25,18,1287,82.0,52.35
ROSSTECH,ROSSTECHEQN,1076.6,1073.75,1073.75,-2.85,-0.26,1000,1073750,1172.0,551.9
BHARATRAS,BHARATRASEQN,1303.4,1300.0,1300.0,-3.4,-0.26,3,3900,2987.5,1203.0
BALAJEE,BALAJEEEQN,26.77,26.7,26.7,-0.07,-0.26,1000,26700,59.9,21.1
HAL,HALEQN,4998.0,4985.2,4985.2,-12.8,-0.26,1861,9277457,5149.9,3479.1
TIL,TILBEN,231.6,231.0,231.0,-0.6,-0.26,11,2541,371.95,161.25
ARMANFIN,ARMANFINEQN,1973.1,1968.0,1968.0,-5.1,-0.26,92,181056,2158.6,1301.0
ADSL,ADSLEQN,109.63,109.35,109.35,-0.28,-0.26,262,28649,209.53,86.27
VINCOFE,VINCOFEEQN,152.82,152.4,152.4,-0.42,-0.27,161,24536,179.85,120.24
COCHINSHIP,COCHINSHIPEQN,1489.0,1485.0,1485.0,-4.0,-0.27,811,1204335,1979.9,1187.0
HIRECT,HIRECTEQN,1278.4,1275.0,1275.0,-3.4,-0.27,31,39525,1399.0,565.2
PRAKASH,PRAKASHEQN,129.45,129.1,129.1,-0.35,-0.27,61,7875,177.0,110.24
GODREJCP,GODREJCPEQN,947.0,944.4,944.4,-2.6,-0.27,912,861292,1309.0,906.3
RAYMOND,RAYMONDEQN,656.65,654.9,654.9,-1.75,-0.27,586,383771,679.0,320.0
PASHUPATI,PASHUPATIEQN,86.73,86.5,86.5,-0.23,-0.27,564,48786,118.35,66.4
SBC,SBCEQN,39.86,39.75,39.75,-0.11,-0.28,1661,66024,45.0,15.55
MAHLOG,MAHLOGEQN,406.65,405.5,405.5,-1.15,-0.28,249,100969,450.0,275.05
PATELENG,PATELENGEQN,28.14,28.06,28.06,-0.08,-0.28,5699,159913,41.13,22.0
HEROMOTOCO,HEROMOTOCOEQN,5740.5,5724.5,5724.5,-16.0,-0.28,634,3629333,6388.5,4671.5
RELIGARE,RELIGAREEQN,231.65,231.0,231.0,-0.65,-0.28,489,112959,280.0,196.51
IDFCFIRSTB,IDFCFIRSTBEQN,85.84,85.6,85.6,-0.24,-0.28,24346,2084017,88.76,58.08
FELIX,FELIXSMN,181.65,181.15,181.15,-0.5,-0.28,500,90575,232.95,142.65
ANANTAM,ANANTAMIVN,105.39,105.1,105.1,-0.29,-0.28,50,5255,117.0,100.1
KROSS,KROSSEQN,210.36,209.74,209.74,-0.62,-0.29,309,64809,237.6,150.52
JUNIPER,JUNIPEREQN,205.21,204.61,204.61,-0.6,-0.29,216,44195,312.5,188.5
IOC,IOCEQN,135.9,135.5,135.5,-0.4,-0.29,34891,4727730,188.96,130.22
GRAPHITE,GRAPHITEEQN,717.05,715.0,715.0,-2.05,-0.29,971,694265,802.4,505.8
ULTRAMAR,ULTRAMAREQN,419.2,418.0,418.0,-1.2,-0.29,512,214016,455.75,364.1
CANHLIFE,CANHLIFEEQN,151.69,151.25,151.25,-0.44,-0.29,142,21477,166.69,106.0
LANCER,LANCEREQN,10.38,10.35,10.35,-0.03,-0.29,2517,26050,11.35,10.1
UNIMECH,UNIMECHEQN,1508.3,1503.7,1503.7,-4.6,-0.3,253,380436,1555.0,695.0
CYIENTDLM,CYIENTDLMEQN,730.25,728.05,728.05,-2.2,-0.3,743,540941,764.8,265.2
ORIENTTECH,ORIENTTECHEQN,243.15,242.4,242.4,-0.75,-0.31,401,97202,466.73,220.8
THOMASCOTT,THOMASCOTTEQN,290.9,290.0,290.0,-0.9,-0.31,54,15660,459.8,230.0
MAPMYINDIA,MAPMYINDIAEQN,1007.2,1004.1,1004.1,-3.1,-0.31,712,714919,1998.0,795.0
GOCLCORP,GOCLCORPEQN,398.25,397.0,397.0,-1.25,-0.31,208,82576,459.9,223.35
FILATEX,FILATEXEQN,81.51,81.26,81.26,-0.25,-0.31,2130,173083,87.27,36.26
AARTIDRUGS,AARTIDRUGSEQN,414.75,413.45,413.45,-1.3,-0.31,466,192667,534.55,318.95
OMINFRAL,OMINFRALEQN,84.67,84.4,84.4,-0.27,-0.32,134,11309,144.0,71.5
ALIVUS,ALIVUSEQN,1370.0,1365.6,1365.6,-4.4,-0.32,11,15021,1418.0,819.0
MINDACORP,MINDACORPEQN,743.3,740.95,740.95,-2.35,-0.32,812,601651,769.0,468.5
CIPLA,CIPLAEQN,1438.0,1433.4,1433.4,-4.6,-0.32,725,1039215,1673.0,1165.7
AUTOIND,AUTOINDBEN,89.29,89.0,89.0,-0.29,-0.32,3700,329300,104.0,48.35
JKIL,JKILEQN,503.65,502.0,502.0,-1.65,-0.33,6,3012,680.0,425.0
ONIDA,ONIDAEQN,36.67,36.55,36.55,-0.12,-0.33,1067,38998,49.23,21.5
TCS,TCSEQN,2298.0,2290.1,2290.1,-7.9,-0.34,9853,22564355,3350.0,1976.8
HDFCAMC,HDFCAMCEQN,2624.0,2615.0,2615.0,-9.0,-0.34,3151,8239865,2967.25,2205.6
BLSE,BLSEEQN,321.1,320.0,320.0,-1.1,-0.34,1106,353920,328.1,124.3
ICICIAMC,ICICIAMCEQN,3228.9,3217.9,3217.9,-11.0,-0.34,511,1644346,3611.0,2530.0
BAJAJFINSV,BAJAJFINSVEQN,2016.0,2009.0,2009.0,-7.0,-0.35,1156,2322404,2195.0,1597.0
MAXESTATES,MAXESTATESEQN,499.85,498.1,498.1,-1.75,-0.35,37,18429,510.0,305.45
ACCELYA,ACCELYAEQN,1139.5,1135.5,1135.5,-4.0,-0.35,1,1135,1527.0,1012.4
ROTO,ROTOEQN,65.53,65.3,65.3,-0.23,-0.35,4073,265966,89.8,47.5
JUBLPHARMA,JUBLPHARMAEQN,871.05,868.0,868.0,-3.05,-0.35,243,210924,1184.8,786.05
ETHOSLTD,ETHOSLTDEQN,2867.6,2857.6,2857.6,-10.0,-0.35,21,60009,3245.9,1919.4
DLINKINDIA,DLINKINDIAEQN,438.4,436.85,436.85,-1.55,-0.35,312,136297,549.2,367.65
SPORTKING,SPORTKINGEQN,212.34,211.6,211.6,-0.74,-0.35,1692,358027,241.51,78.17
FLEXITUFF,FLEXITUFFBEN,2.75,2.74,2.74,-0.01,-0.36,199,545,29.49,2.71
DAMCAPITAL,DAMCAPITALEQN,145.54,145.0,145.0,-0.54,-0.37,1014,147030,286.0,119.22
BLAL,BLALEQN,169.63,169.01,169.01,-0.62,-0.37,114,19267,233.8,155.5
SIGNATURE,SIGNATUREEQN,801.0,798.0,798.0,-3.0,-0.37,29,23142,1158.0,705.2
ASHOKLEY,ASHOKLEYEQN,173.8,173.16,173.16,-0.64,-0.37,23006,3983718,215.42,125.85
ASIANENE,ASIANENEEQN,484.9,483.1,483.1,-1.8,-0.37,2280,1101468,490.0,230.0
BRITANNIA,BRITANNIAEQN,5548.0,5527.5,5527.5,-20.5,-0.37,285,1575337,6336.0,5035.0
NETWEB,NETWEBEQN,5419.8,5400.0,5400.0,-19.8,-0.37,6343,34252200,5449.9,2037.3
HTMEDIA,HTMEDIAEQN,26.73,26.63,26.63,-0.1,-0.37,200,5326,31.3,17.52
THEINVEST,THEINVESTEQN,97.87,97.5,97.5,-0.37,-0.38,100,9750,160.0,89.0
UNITEDTEA,UNITEDTEAEQN,452.9,451.2,451.2,-1.7,-0.38,5,2256,590.0,412.0
JINDALPOLY,JINDALPOLYEQN,637.0,634.6,634.6,-2.4,-0.38,71,45056,1026.45,365.0
KAVDEFENCE,KAVDEFENCEEQN,57.22,57.0,57.0,-0.22,-0.38,155,8835,162.87,51.51
RMC,RMCEQN,251.0,250.05,250.05,-0.95,-0.38,300,75015,530.0,245.4
SYNCOMF,SYNCOMFEQN,15.46,15.4,15.4,-0.06,-0.39,18399,283344,18.7,10.21
BHARATFORG,BHARATFORGEQN,2062.0,2054.0,2054.0,-8.0,-0.39,708,1454232,2295.0,1100.5
SUNDARMFIN,SUNDARMFINEQN,4503.4,4485.8,4485.8,-17.6,-0.39,5,22429,5642.0,4000.0
POKARNA,POKARNAEQN,889.55,886.1,886.1,-3.45,-0.39,197,174561,1146.2,692.6
HITECH,HITECHEQN,77.89,77.59,77.59,-0.3,-0.39,1350,104746,127.5,70.14
ELLEN,ELLENEQN,324.35,323.1,323.1,-1.25,-0.39,1762,569302,559.8,175.0
AGARWALEYE,AGARWALEYEEQN,503.1,501.1,501.1,-2.0,-0.4,186,93204,568.0,401.0
RELAXO,RELAXOEQN,374.1,372.6,372.6,-1.5,-0.4,498,185554,526.0,236.5
STYLEBAAZA,STYLEBAAZAEQN,439.6,437.85,437.85,-1.75,-0.4,10691,4681054,443.85,229.95
HUBTOWN,HUBTOWNEQN,198.81,198.0,198.0,-0.81,-0.41,8216,1626768,365.7,168.15
AVANTEL,AVANTELEQN,162.96,162.3,162.3,-0.66,-0.41,1377,223487,215.0,117.05
JYOTHYLAB,JYOTHYLABEQN,208.46,207.6,207.6,-0.86,-0.41,511,106083,352.7,188.1
ORIENTPPR,ORIENTPPREQN,17.1,17.03,17.03,-0.07,-0.41,149,2537,30.89,13.25
KOTHARIPET,KOTHARIPETEQN,134.3,133.75,133.75,-0.55,-0.41,222,29692,174.0,94.75
SHOPERSTOP,SHOPERSTOPEQN,419.9,418.15,418.15,-1.75,-0.42,17,7108,572.0,275.95
AVTNPL,AVTNPLEQN,88.47,88.1,88.1,-0.37,-0.42,98,8633,92.45,53.5
PRABHA,PRABHAEQN,212.89,212.0,212.0,-0.89,-0.42,3351,710412,264.66,137.91
ZENTEC,ZENTECEQN,1909.1,1900.0,1900.0,-8.1,-0.42,597,1134300,2043.7,1223.0
SINDHUTRAD,SINDHUTRADEQN,23.9,23.8,23.8,-0.1,-0.42,354,8425,32.74,17.64
GREENPOWER,GREENPOWEREQN,9.54,9.5,9.5,-0.04,-0.42,8174,77653,14.93,7.98
SWANDEF,SWANDEFBEN,2361.9,2352.0,2352.0,-9.9,-0.42,16,37632,2750.0,390.8
IMAGICAA,IMAGICAAEQN,47.45,47.25,47.25,-0.2,-0.42,170,8032,61.9,36.84
ENGINERSIN,ENGINERSINEQN,237.21,236.2,236.2,-1.01,-0.43,3602,850792,267.0,163.55
HAPPYFORGE,HAPPYFORGEEQN,2328.2,2318.1,2318.1,-10.1,-0.43,327,758018,2340.0,862.05
SANGAMIND,SANGAMINDEQN,578.05,575.55,575.55,-2.5,-0.43,168,96692,672.5,341.55
ACCURACY,ACCURACYBEN,4.68,4.66,4.66,-0.02,-0.43,100,466,7.51,3.4
CENTEXT,CENTEXTEQN,20.64,20.55,20.55,-0.09,-0.44,6424,132013,34.75,15.67
CORDSCABLE,CORDSCABLEBEN,241.06,240.0,240.0,-1.06,-0.44,408,97920,259.4,127.01
BETA,BETAEQN,2295.0,2285.0,2285.0,-10.0,-0.44,255,582675,2807.9,990.1
RAJRATAN,RAJRATANEQN,505.35,503.1,503.1,-2.25,-0.45,232,116719,563.95,305.55
RADIOCITY,RADIOCITYEQN,6.69,6.66,6.66,-0.03,-0.45,10,66,9.25,4.5
NUCLEUS,NUCLEUSEQN,736.6,733.3,733.3,-3.3,-0.45,8,5866,1084.8,682.0
ADFFOODS,ADFFOODSEQN,267.35,266.15,266.15,-1.2,-0.45,28,7452,346.95,153.1
UNIENTER,UNIENTEREQN,94.65,94.21,94.21,-0.44,-0.46,25,2355,161.8,87.51
AVALON,AVALONEQN,2245.5,2235.1,2235.1,-10.4,-0.46,1868,4175166,2351.0,777.3
NUVAMA,NUVAMAEQN,1727.9,1720.0,1720.0,-7.9,-0.46,674,1159280,2066.0,1096.9
IVALUE,IVALUEEQN,279.65,278.35,278.35,-1.3,-0.46,102,28391,340.0,207.35
ORISSAMINE,ORISSAMINEEQN,4651.5,4630.2,4630.2,-21.3,-0.46,4,18520,6138.9,3100.5
DEVYANI,DEVYANIEQN,147.79,147.1,147.1,-0.69,-0.47,8744,1286242,191.0,91.55
CARERATING,CARERATINGEQN,1698.9,1691.0,1691.0,-7.9,-0.47,50,84550,1838.0,1392.7
NUVOCO,NUVOCOEQN,321.7,320.2,320.2,-1.5,-0.47,472,151134,477.5,276.25
PNB,PNBEQN,118.0,117.45,117.45,-0.55,-0.47,56617,6649666,135.15,98.5
BORANA,BORANAEQN,308.2,306.75,306.75,-1.45,-0.47,1,306,420.0,211.0
CRAMC,CRAMCEQN,264.3,263.05,263.05,-1.25,-0.47,455,119687,353.4,214.2
SUYOG,SUYOGEQN,740.5,737.0,737.0,-3.5,-0.47,181,133397,921.15,526.5
MGEL,MGELBEN,14.97,14.9,14.9,-0.07,-0.47,180,2682,18.4,9.53
LOVABLE,LOVABLEEQN,70.94,70.6,70.6,-0.34,-0.48,5,353,104.7,55.0
GOPAL,GOPALEQN,282.75,281.4,281.4,-1.35,-0.48,668,187975,398.0,247.55
RUPA,RUPAEQN,155.29,154.55,154.55,-0.74,-0.48,213,32919,212.84,109.21
5PAISA,5PAISAEQN,390.9,389.0,389.0,-1.9,-0.49,231,89859,416.95,245.5
GLAXO,GLAXOEQN,2999.7,2985.0,2985.0,-14.7,-0.49,356,1062660,3054.9,2088.1
HATSUN,HATSUNEQN,963.7,959.0,959.0,-4.7,-0.49,148,141932,1179.0,855.3
RAMKY,RAMKYEQN,391.15,389.2,389.2,-1.95,-0.5,10,3892,705.0,367.0
UNIECOM,UNIECOMEQN,88.64,88.2,88.2,-0.44,-0.5,1223,107868,155.8,78.51
ORIENTHOT,ORIENTHOTEQN,137.29,136.61,136.61,-0.68,-0.5,2097,286471,149.5,80.0
CYIENT,CYIENTEQN,903.05,898.5,898.5,-4.55,-0.5,716,643326,1284.7,750.3
INDIGOPNTS,INDIGOPNTSEQN,1130.7,1125.1,1125.1,-5.6,-0.5,154,173265,1345.9,708.05
APARINDS,APARINDSEQN,16784.0,16700.0,16700.0,-84.0,-0.5,415,6930500,18465.0,6801.0
PETRONET,PETRONETEQN,291.4,289.95,289.95,-1.45,-0.5,2560,742272,326.4,235.35
ENKEIWHEL,ENKEIWHELEQN,402.85,400.85,400.85,-2.0,-0.5,39,15633,420.0,380.0
ASIANHOTNR,ASIANHOTNREQN,301.7,300.2,300.2,-1.5,-0.5,2,600,402.55,247.5
KELLTONTEC,KELLTONTECEQN,13.6,13.53,13.53,-0.07,-0.51,2001,27073,28.13,13.0
VARROC,VARROCEQN,824.25,820.0,820.0,-4.25,-0.52,916,751120,874.85,462.0
FINKURVE,FINKURVEEQN,76.32,75.92,75.92,-0.4,-0.52,1999,151764,134.9,48.02
ALPINETEX,ALPINETEXEQN,59.41,59.1,59.1,-0.31,-0.52,284,16784,105.0,55.25
AIRAN,AIRANEQN,15.03,14.95,14.95,-0.08,-0.53,1084,16205,27.49,12.63
NECCLTD,NECCLTDBEN,15.08,15.0,15.0,-0.08,-0.53,604,9060,24.01,10.55
LAXMIINDIA,LAXMIINDIAEQN,132.9,132.2,132.2,-0.7,-0.53,4708,622397,180.9,71.06
GABRIEL,GABRIELEQN,1436.8,1429.1,1429.1,-7.7,-0.54,421,601651,1600.0,795.7
SURANAT&P,SURANAT&PEQN,16.29,16.2,16.2,-0.09,-0.55,2133,34554,29.27,15.5
GOKEX,GOKEXEQN,799.9,795.5,795.5,-4.4,-0.55,229,182169,954.9,531.0
PICCADIL,PICCADILEQN,709.4,705.5,705.5,-3.9,-0.55,1131,797920,809.7,515.0
SHALBY,SHALBYEQN,154.57,153.7,153.7,-0.87,-0.56,29,4457,274.7,125.82
EIHAHOTELS,EIHAHOTELSEQN,294.65,293.0,293.0,-1.65,-0.56,20,5860,434.9,266.65
HAZOOR,HAZOOREQN,21.17,21.05,21.05,-0.12,-0.57,300,6315,22.2,19.8
HUHTAMAKI,HUHTAMAKIEQN,274.6,273.0,273.0,-1.6,-0.58,129,35217,330.0,148.6
KRSNAA,KRSNAAEQN,550.0,546.8,546.8,-3.2,-0.58,287,156931,894.4,515.0
GRASIM,GRASIMEQN,3300.0,3280.0,3280.0,-20.0,-0.61,597,1958160,3411.1,2502.5
GOLDTECH,GOLDTECHBEN,47.29,47.0,47.0,-0.29,-0.61,1,47,72.75,29.68
INDIANHUME,INDIANHUMEEQN,368.35,366.1,366.1,-2.25,-0.61,122,44664,432.0,279.8
TEXINFRA,TEXINFRAEQN,108.61,107.95,107.95,-0.66,-0.61,1450,156527,118.0,82.5
BALAMINES,BALAMINESEQN,2078.9,2066.0,2066.0,-12.9,-0.62,900,1859400,2443.6,968.1
COASTCORP,COASTCORPEQN,40.57,40.32,40.32,-0.25,-0.62,750,30240,66.7,30.01
ADVANCE,ADVANCEEQN,115.93,115.2,115.2,-0.73,-0.63,33,3801,154.0,84.1
BCG,BCGEQN,9.36,9.3,9.3,-0.06,-0.64,15005,139546,17.7,7.7
AEROPLANE,AEROPLANEEQN,182.56,181.4,181.4,-1.16,-0.64,373,67662,206.9,117.02
BEML,BEMLEQN,1962.8,1950.0,1950.0,-12.8,-0.65,545,1062750,2275.75,1355.0
NAGREEKEXP,NAGREEKEXPEQN,22.81,22.66,22.66,-0.15,-0.66,10,226,40.0,17.5
RAJRILTD,RAJRILTDBEN,22.9,22.75,22.75,-0.15,-0.66,1,22,28.9,19.41
ALUFLUOR,ALUFLUOREQN,443.95,441.0,441.0,-2.95,-0.66,1,441,455.0,421.0
WCIL,WCILEQN,86.58,86.0,86.0,-0.58,-0.67,22,1892,147.29,77.02
MODIS,MODISEQN,402.7,400.0,400.0,-2.7,-0.67,500,200000,429.05,276.0
ORKLAINDIA,ORKLAINDIAEQN,550.35,546.65,546.65,-3.7,-0.67,280,153062,760.0,533.25
MINDTECK,MINDTECKEQN,174.14,172.95,172.95,-1.19,-0.68,2,345,307.68,145.13
EIFFL,EIFFLBEN,251.8,250.1,250.1,-1.7,-0.68,25,6252,381.96,204.98
BAGFILMS,BAGFILMSEQN,4.38,4.35,4.35,-0.03,-0.68,3339,14524,8.0,3.61
TAJGVK,TAJGVKEQN,347.9,345.55,345.55,-2.35,-0.68,163,56324,512.65,281.35
SILVERTUC,SILVERTUCEQN,195.33,194.0,194.0,-1.33,-0.68,1057,205058,216.8,66.19
APEX,APEXEQN,398.7,396.0,396.0,-2.7,-0.68,1276,505296,514.5,208.74
RISHABH,RISHABHEQN,684.2,679.5,679.5,-4.7,-0.69,1668,1133406,729.85,315.0
PIDILITIND,PIDILITINDEQN,1660.0,1648.5,1648.5,-11.5,-0.69,589,970966,1707.5,1259.0
GREENPLY,GREENPLYEQN,287.15,285.15,285.15,-2.0,-0.7,300,85545,334.4,176.42
HILINFRA,HILINFRAEQN,45.69,45.37,45.37,-0.32,-0.7,481,21822,107.18,40.6
AJMERA,AJMERAEQN,119.07,118.23,118.23,-0.84,-0.71,850,100495,221.4,98.03
BAJAJHCARE,BAJAJHCAREEQN,325.95,323.65,323.65,-2.3,-0.71,225,72821,515.9,272.35
PRSMJOHNSN,PRSMJOHNSNEQN,109.88,109.1,109.1,-0.78,-0.71,12750,1391025,176.0,97.1
KPL,KPLEQN,3630.3,3604.1,3604.1,-26.2,-0.72,187,673966,3744.0,1561.0
IVC,IVCEQN,8.21,8.15,8.15,-0.06,-0.73,98,798,9.88,6.02
KILITCH,KILITCHBEN,162.54,161.35,161.35,-1.19,-0.73,334,53890,219.5,117.25
GNA,GNAEQN,566.15,562.0,562.0,-4.15,-0.73,1756,986872,601.65,291.8
COUNCODOS,COUNCODOSBEN,6.8,6.75,6.75,-0.05,-0.74,29,195,8.89,3.71
GLOBAL,GLOBALEQN,106.29,105.5,105.5,-0.79,-0.74,5000,527500,121.9,55.3
ABMKNO,ABMKNOEQN,191.41,190.0,190.0,-1.41,-0.74,3,570,254.9,182.5
ZENITHSTL,ZENITHSTLEQN,5.36,5.32,5.32,-0.04,-0.75,190,1010,10.33,4.41
SIMPLEXINF,SIMPLEXINFEQN,259.45,257.5,257.5,-1.95,-0.75,13,3347,330.0,137.0
NECLIFE,NECLIFEEQN,10.29,10.21,10.21,-0.08,-0.78,170,1735,22.4,9.3
VENTIVE,VENTIVEEQN,574.5,570.0,570.0,-4.5,-0.78,226,128820,793.95,542.6
WEBELSOLAR,WEBELSOLAREQN,82.85,82.2,82.2,-0.65,-0.78,7366,605485,141.5,50.4
ABDL,ABDLEQN,595.45,590.8,590.8,-4.65,-0.78,1405,830074,711.7,382.1
NITTAGELA,NITTAGELAEQN,1577.6,1565.0,1565.0,-12.6,-0.8,6,9390,2087.2,837.05
DIGIDRIVE,DIGIDRIVEEQN,17.26,17.12,17.12,-0.14,-0.81,37,633,34.37,16.1
ACE,ACEEQN,1164.4,1155.0,1155.0,-9.4,-0.81,1854,2141370,1196.0,745.1
VPRPL,VPRPLEQN,33.52,33.25,33.25,-0.27,-0.81,1010,33582,153.89,23.94
ALPHAGEO,ALPHAGEOBEN,328.66,326.0,326.0,-2.66,-0.81,6,1956,368.0,164.8
KMSUGAR,KMSUGAREQN,35.3,35.01,35.01,-0.29,-0.82,15289,535267,36.0,23.0
SHREEPUSHK,SHREEPUSHKEQN,406.65,403.3,403.3,-3.35,-0.82,74,29844,476.0,272.45
INDOBORAX,INDOBORAXEQN,498.15,494.05,494.05,-4.1,-0.82,5867,2898591,509.9,224.0
OAL,OALEQN,334.9,332.15,332.15,-2.75,-0.82,50,16607,400.0,228.0
GENCON,GENCONEQN,41.06,40.72,40.72,-0.34,-0.83,3,122,59.96,36.35
CAPITALSFB,CAPITALSFBEQN,287.45,285.0,285.0,-2.45,-0.85,32,9120,323.7,206.55
JLHL,JLHLEQN,317.7,315.0,315.0,-2.7,-0.85,373,117495,340.0,235.6
KOHINOOR,KOHINOOREQN,34.81,34.51,34.51,-0.3,-0.86,9042,312039,35.75,19.2
JAYBARMARU,JAYBARMARUEQN,127.19,126.1,126.1,-1.09,-0.86,162,20428,207.0,74.15
GSPCROP,GSPCROPEQN,590.5,585.4,585.4,-5.1,-0.86,1100,643940,607.8,328.0
UTTAMSUGAR,UTTAMSUGAREQN,336.22,333.31,333.31,-2.91,-0.87,11209,3736071,344.0,181.1
AMARJOTHI,AMARJOTHIEQN,163.61,160.0,160.0,-1.41,-0.87,157,25120,166.0,150.35
AURUS,AURUSEQN,4.62,4.58,4.58,-0.04,-0.87,10,45,7.49,4.1
JAIBALAJI,JAIBALAJIEQN,66.08,65.5,65.5,-0.58,-0.88,203,13296,108.0,53.65
KRITIKA,KRITIKAEQN,5.62,5.57,5.57,-0.05,-0.89,450,2506,11.1,4.5
SSEGL,SSEGLSMN,355.7,352.55,352.55,-3.15,-0.89,200,70510,580.0,283.0
RUDRA,RUDRAEQN,21.7,21.5,21.5,-0.2,-0.92,500,10750,29.7,14.63
VIRINCHI,VIRINCHIEQN,15.16,15.02,15.02,-0.14,-0.92,1063,15966,32.69,13.81
TIGERLOGS,TIGERLOGSEQN,29.41,29.14,29.14,-0.27,-0.92,9,262,56.69,22.9
SAURASHCEM,SAURASHCEMEQN,58.25,57.71,57.71,-0.54,-0.93,1577,91008,125.35,47.65
AARON,AARONEQN,139.3,138.0,138.0,-1.3,-0.93,70,9660,258.0,106.8
UFBL,UFBLBEN,807.5,800.0,800.0,-7.5,-0.93,188,150400,845.0,172.34
NILASPACES,NILASPACESEQN,12.77,12.65,12.65,-0.12,-0.94,2041,25818,20.47,11.35
ASHIANA,ASHIANAEQN,367.3,363.8,363.8,-3.5,-0.95,77,28012,435.9,269.45
NOIDATOLL,NOIDATOLLBEN,4.13,4.09,4.09,-0.04,-0.97,182,744,7.43,2.87
SIKA,SIKAEQN,999.8,990.1,990.1,-9.7,-0.97,454,449505,1359.4,870.1
TRACXN,TRACXNEQN,28.28,28.0,28.0,-0.28,-0.99,42,1176,55.9,25.39
BRAHMINFRA,BRAHMINFRAEQN,167.66,166.0,166.0,-1.66,-0.99,284,47144,184.0,162.0
SALASAR,SALASAREQN,6.01,5.95,5.95,-0.06,-1.0,6388,38008,10.99,5.59
KOKUYOCMLN,KOKUYOCMLNEQN,79.8,79.0,79.0,-0.8,-1.0,1300,102700,128.0,71.05
BCPL,BCPLEQN,70.71,70.0,70.0,-0.71,-1.0,64,4480,92.0,60.0
AHLADA,AHLADAEQN,38.59,38.2,38.2,-0.39,-1.01,26,993,72.0,31.22
RELTD,RELTDEQN,166.71,165.01,165.01,-1.7,-1.02,3008,496350,196.45,114.77
NCLIND,NCLINDEQN,174.05,172.25,172.25,-1.8,-1.03,530,91292,221.0,147.5
AKASH,AKASHEQN,25.01,24.75,24.75,-0.26,-1.04,1,24,36.0,22.8
DIAMINESQ,DIAMINESQEQN,236.46,234.0,234.0,-2.46,-1.04,5,1170,418.8,208.01
AVONMORE,AVONMOREEQN,13.3,13.16,13.16,-0.14,-1.05,7,92,23.9,9.05
GAYAPROJ,GAYAPROJBEN,20.77,20.55,20.55,-0.22,-1.06,7050,144877,26.0,8.21
INFOBEAN,INFOBEANEQN,156.78,155.1,155.1,-1.68,-1.07,3600,558360,257.5,116.5
MAHASTEEL,MAHASTEELBEN,1144.8,1132.5,1132.5,-12.3,-1.07,2,2265,1150.0,331.0
MTARTECH,MTARTECHBEN,7113.5,7036.5,7036.5,-77.0,-1.08,271,1906891,8714.0,1390.5
OMAXE,OMAXEEQN,103.16,102.03,102.03,-1.13,-1.1,5989,611057,108.61,62.5
THAKDEV,THAKDEVEQN,157.74,156.0,156.0,-1.74,-1.1,20,3120,163.01,115.1
OMAXAUTO,OMAXAUTOEQN,199.74,195.0,195.0,-2.24,-1.14,939,183105,263.4,84.5
MATRIMONY,MATRIMONYEQN,558.2,551.8,551.8,-6.4,-1.15,90,49662,573.0,364.05
GLOTTIS,GLOTTISBEN,66.01,65.25,65.25,-0.76,-1.15,1,65,93.0,37.0
ATL,ATLEQN,24.13,23.85,23.85,-0.28,-1.16,25,596,37.86,18.2
LTM,LTMEQN,4553.0,4500.0,4500.0,-53.0,-1.16,4069,18310500,6429.5,3528.0
BSE,BSEEQN,3291.1,3252.0,3252.0,-39.1,-1.19,37097,120639444,4446.8,2021.5
EFCIL,EFCILEQN,190.66,188.4,188.4,-2.26,-1.19,481,90620,350.0,171.42
TARAPUR,TARAPUREQN,15.18,15.0,15.0,-0.18,-1.19,1878,28170,39.99,12.21
WANBURY,WANBURYEQN,268.5,265.25,265.25,-3.25,-1.21,1035,274533,358.85,161.5
MOREPENLAB,MOREPENLABEQN,96.47,95.3,95.3,-1.17,-1.21,188771,17989876,97.5,33.05
GENSOL,GENSOLBZN,18.22,18.0,18.0,-0.22,-1.21,603,10854,46.02,16.4
EMSLIMITED,EMSLIMITEDEQN,405.0,400.0,400.0,-5.0,-1.23,5565,2226000,593.85,256.05
KNAGRI,KNAGRIEQN,212.61,210.0,210.0,-2.61,-1.23,350,73500,248.55,148.3
SUVIDHAA,SUVIDHAAEQN,2.41,2.38,2.38,-0.03,-1.24,77,183,4.3,2.21
KOTARISUG,KOTARISUGEQN,30.25,29.87,29.87,-0.38,-1.26,5539,165449,37.68,22.5
NILE,NILEEQN,1529.5,1510.2,1510.2,-19.3,-1.26,10,15102,2018.9,1445.7
RHETAN,RHETANEQN,22.03,21.75,21.75,-0.28,-1.27,3097010,67359967,34.87,20.32
AEPL,AEPLEQN,14.99,14.8,14.8,-0.19,-1.27,77,1139,20.25,13.25
VMSTMT,VMSTMTEQN,48.47,47.85,47.85,-0.62,-1.28,50,2392,105.0,33.5
TVTODAY,TVTODAYEQN,116.63,115.1,115.1,-1.53,-1.31,102,11740,156.48,93.5
MSPL,MSPLEQN,33.96,33.51,33.51,-0.45,-1.33,1155,38704,46.12,26.25
TARMAT,TARMATEQN,51.31,50.62,50.62,-0.69,-1.34,300,15186,73.9,46.26
HECPROJECT,HECPROJECTEQN,117.89,116.25,116.25,-1.64,-1.39,5,581,165.35,92.1
BTML,BTMLEQN,7.92,7.81,7.81,-0.11,-1.39,16516,128989,10.5,5.06
SBICARD,SBICARDEQN,647.05,638.0,638.0,-9.05,-1.4,20128,12841664,965.0,565.45
PARSVNATH,PARSVNATHBEN,1.41,1.39,1.39,-0.02,-1.42,14336,19927,18.75,1.41
RANASUG,RANASUGEQN,15.21,14.99,14.99,-0.22,-1.45,32172,482258,15.69,10.21
ARROWGREEN,ARROWGREENBEN,692.35,682.1,682.1,-10.25,-1.48,2,1364,821.6,341.95
PIGL,PIGLEQN,103.8,102.2,102.2,-1.6,-1.54,10,1022,189.7,88.05
SIKKO,SIKKOBEN,5.2,5.12,5.12,-0.08,-1.54,2300,11776,6.83,3.2
NILKAMAL,NILKAMALEQN,2043.7,2011.0,2011.0,-32.7,-1.6,422,848642,2105.0,1050.5
JISLDVREQS,JISLDVREQSEQN,21.35,21.0,21.0,-0.35,-1.64,75,1575,35.48,18.5
JITFINFRA,JITFINFRAEQN,308.05,303.0,303.0,-5.05,-1.64,26,7878,478.0,222.35
CELEBRITY,CELEBRITYEQN,6.72,6.61,6.61,-0.11,-1.64,118,779,14.2,5.65
MODTHREAD,MODTHREADEQN,53.9,53.0,53.0,-0.9,-1.67,20,1060,65.65,35.61
KHAICHEM,KHAICHEMEQN,56.65,55.7,55.7,-0.95,-1.68,272,15150,135.8,42.92
KAJARIACER,KAJARIACEREQN,1220.7,1200.0,1200.0,-20.7,-1.7,1025,1230000,1309.7,869.6
CUMMINSIND,CUMMINSINDEQN,5205.0,5116.0,5116.0,-89.0,-1.71,7042,36026872,6100.0,3729.5
KAUSHALYA,KAUSHALYABEN,886.3,871.0,871.0,-15.3,-1.73,80,69680,1841.9,750.0
ADVENTHTL,ADVENTHTLEQN,135.54,133.15,133.15,-2.39,-1.76,7469,994497,345.05,120.02
ANMOL,ANMOLEQN,10.11,9.93,9.93,-0.18,-1.78,1607,15957,17.74,8.4
NINSYS,NINSYSEQN,729.2,716.0,716.0,-13.2,-1.81,10,7160,935.0,281.05
PAR,PAREQN,102.48,100.6,100.6,-1.88,-1.83,150,15090,122.43,78.05
MARALOVER,MARALOVEREQN,55.37,54.35,54.35,-1.02,-1.84,100,5435,65.79,34.11
CINEVISTA,CINEVISTAEQN,14.12,13.86,13.86,-0.26,-1.84,4,55,22.8,12.16
21STCENMGM,21STCENMGMEQN,43.92,43.11,43.11,-0.81,-1.84,200,8622,57.98,28.25
SHIPROCKET,SHIPROCKETEQN,141.65,139.0,139.0,-2.65,-1.87,548631,76259709,156.9,131.0
SPLIL,SPLILEQN,30.79,30.21,30.21,-0.58,-1.88,9,271,45.2,20.2
CORALFINAC,CORALFINACEQN,34.11,33.46,33.46,-0.65,-1.91,50,1673,50.9,25.01
XTRANET,XTRANETEQN,160.18,157.1,157.1,-3.08,-1.92,2535,398248,176.78,122.5
CYBERMEDIA,CYBERMEDIAEQN,16.56,16.24,16.24,-0.32,-1.93,32,519,22.81,11.3
ABAN,ABANBEN,17.05,16.72,16.72,-0.33,-1.94,311,5199,52.14,12.89
SIYSIL,SIYSILEQN,647.55,635.0,635.0,-12.55,-1.94,981,622935,848.8,433.35
VEDAVAAG,VEDAVAAGEQN,18.47,18.11,18.11,-0.36,-1.95,40,724,19.8,18.06
DHOOTTRANS,DHOOTTRANSEQN,1468.65,1440.0,1440.0,-28.65,-1.95,11509,16572960,1495.0,1131.0
KIRANVYPAR,KIRANVYPAREQN,202.52,198.55,198.55,-3.97,-1.96,50,9927,219.0,148.27
PERMAGN,PERMAGNEQN,881.55,864.25,864.25,-17.3,-1.96,31,26791,929.0,784.05
IVP,IVPBEN,183.62,180.0,180.0,-3.62,-1.97,70,12600,194.0,110.0
SHEKHAWATI,SHEKHAWATIBEN,18.21,17.85,17.85,-0.36,-1.98,1050,18742,25.75,9.12
DALMIASUG,DALMIASUGEQN,508.1,498.0,498.0,-10.1,-1.99,16335,8134830,517.0,261.4
BROOKS,BROOKSBEN,60.3,59.1,59.1,-1.2,-1.99,100,5910,163.9,36.3
RELINFRA,RELINFRABEN,61.93,60.7,60.7,-1.23,-1.99,9640,585148,303.0,60.04
ISHANCH,ISHANCHEQN,48.25,47.25,47.25,-1.0,-2.07,11,519,83.37,45.0
DBEIL,DBEILBEN,6.66,6.52,6.52,-0.14,-2.1,730,4759,18.56,5.15
BONLON,BONLONEQN,40.88,40.0,40.0,-0.88,-2.15,294,11760,57.0,34.51
SGL,SGLEQN,9.72,9.51,9.51,-0.21,-2.16,100,951,20.79,8.4
3IINFOLTD,3IINFOLTDBEN,22.25,21.77,21.77,-0.48,-2.16,759,16523,27.8,12.68
LOKESHMACH,LOKESHMACHBEN,329.4,322.2,322.2,-7.2,-2.19,300,96660,358.25,138.96
SOLARA,SOLARAEQN,640.0,625.9,625.9,-14.1,-2.2,6832,4276148,712.0,422.0
RKEC,RKECEQN,22.6,22.1,22.1,-0.5,-2.21,300,6630,81.5,21.12
MODISONLTD,MODISONLTDBEN,405.95,396.8,396.8,-9.15,-2.25,1431,567820,411.0,114.0
MANIPALHOS,MANIPALHOSEQN,724.35,708.05,708.05,-16.3,-2.25,13972,9892874,757.7,625.45
RSSOFTWARE,RSSOFTWAREEQN,30.94,30.21,30.21,-0.73,-2.36,4,120,82.0,21.93
CHEMBOND,CHEMBONDEQN,167.47,163.5,163.5,-3.97,-2.37,100,16350,209.99,105.15
PAVNAIND,PAVNAINDEQN,18.72,18.26,18.26,-0.46,-2.46,1353,24705,46.0,14.11
MVKAGRO,MVKAGROSMN,186.6,182.0,182.0,-4.6,-2.47,93600,17035200,819.0,186.6
DWARKESH,DWARKESHEQN,55.38,54.0,54.0,-1.38,-2.49,214647,11590938,56.45,32.13
ARENTERP,ARENTERPEQN,37.44,36.5,36.5,-0.94,-2.51,3,109,60.79,30.01
MHLXMIRU,MHLXMIRUBEN,187.5,182.8,182.8,-4.7,-2.51,54,9871,244.65,105.53
BALRAMCHIN,BALRAMCHINEQN,767.1,747.35,747.35,-19.75,-2.57,117610,87895833,780.95,393.55
AMBALALSA,AMBALALSABEN,47.74,46.5,46.5,-1.24,-2.6,500,23250,0.0,0.0
DIGISPICE,DIGISPICEEQN,17.19,16.74,16.74,-0.45,-2.62,9,150,35.5,14.82
EQUIPPP,EQUIPPPBEN,23.93,23.3,23.3,-0.63,-2.63,50,1165,25.89,13.85
ADROITINFO,ADROITINFOEQN,10.23,9.96,9.96,-0.27,-2.64,8,79,12.2,7.55
NAGREEKCAP,NAGREEKCAPEQN,22.99,22.38,22.38,-0.61,-2.65,10,223,42.75,19.3
DBOL,DBOLEQN,135.61,132.0,132.0,-3.61,-2.66,6787,895884,139.0,69.0
IWP,IWPEQN,34.84,33.9,33.9,-0.94,-2.7,20,678,39.15,28.0
SHAHALLOYS,SHAHALLOYSEQN,77.3,75.2,75.2,-2.1,-2.72,16,1203,88.37,53.1
BELLACASA,BELLACASAEQN,224.48,218.3,218.3,-6.18,-2.75,11,2401,497.35,214.68
GANGESSECU,GANGESSECUEQN,122.07,118.7,118.7,-3.37,-2.76,4,474,178.15,103.31
AARTISURF,AARTISURFBEN,562.05,546.05,546.05,-16.0,-2.85,499,272478,677.7,316.0
VENUSREM,VENUSREMBEN,1765.6,1715.3,1715.3,-50.3,-2.85,276,473422,2044.3,424.0
HAVISHA,HAVISHAEQN,1.4,1.36,1.36,-0.04,-2.86,32,43,2.42,1.03
VHL,VHLEQN,3510.0,3407.0,3407.0,-103.0,-2.93,1,3407,4275.0,2870.0
UCAL,UCALBEN,140.77,136.6,136.6,-4.17,-2.96,520,71032,159.7,77.0
BANARISUG,BANARISUGEQN,4240.7,4114.9,4114.9,-125.8,-2.97,465,1913428,4338.0,3105.2
AVADHSUGAR,AVADHSUGAREQN,814.7,790.0,790.0,-24.7,-3.03,7582,5989780,828.0,306.05
TREL,TRELEQN,26.93,26.11,26.11,-0.82,-3.04,50,1305,34.37,21.47
DHAMPURSUG,DHAMPURSUGEQN,189.76,184.0,184.0,-5.76,-3.04,76431,14063304,192.89,110.0
SUMIT,SUMITEQN,53.64,52.0,52.0,-1.64,-3.06,1240,64480,104.0,31.74
WEL,WELEQN,136.04,131.81,131.81,-4.23,-3.11,6051,797582,183.53,75.01
NIVABUPA,NIVABUPAEQN,82.88,80.08,80.08,-2.8,-3.38,59215,4741937,91.4,67.5
GSLSU,GSLSUEQN,34.78,33.6,33.6,-1.18,-3.39,7700,258720,139.67,23.06
DANGEE,DANGEEEQN,2.91,2.81,2.81,-0.1,-3.44,14000,39340,5.08,2.53
MLKFOOD,MLKFOODEQN,87.01,84.01,84.01,-3.0,-3.45,16,1344,91.9,75.25
ESSENTIA,ESSENTIAEQN,1.14,1.1,1.1,-0.04,-3.51,80056,88061,1.96,0.95
MERCANTILE,MERCANTILEEQN,24.49,23.6,23.6,-0.89,-3.63,50,1180,31.9,19.0
MAGADSUGAR,MAGADSUGAREQN,620.6,598.0,598.0,-22.6,-3.64,5312,3176576,632.0,417.0
RAJINDLTD,RAJINDLTDSMN,70.65,68.05,68.05,-2.6,-3.68,1500,102075,95.0,60.0
HMVL,HMVLBEN,94.72,91.22,91.22,-3.5,-3.7,47,4287,108.16,55.2
DBSTOCKBRO,DBSTOCKBROBEN,31.77,30.55,30.55,-1.22,-3.84,148,4521,48.5,23.15
CIFL,CIFLEQN,20.87,20.03,20.03,-0.84,-4.02,4063,81381,39.69,19.56
RTSPOWR,RTSPOWREQN,98.52,94.5,94.5,-4.02,-4.08,1,94,114.0,82.9
CALSOFT,CALSOFTEQN,27.05,25.94,25.94,-1.11,-4.1,20621,534908,29.89,10.9
PRADPME,PRADPMEBEN,532.3,510.3,510.3,-22.0,-4.13,25,12757,596.0,357.05
PROV,PROVSMN,1910.0,1831.0,1831.0,-79.0,-4.14,80,146480,1940.0,815.1
NATIONSTD,NATIONSTDEQN,133.66,128.0,128.0,-5.66,-4.23,50000,6400000,1519.95,120.94
UNIVASTU,UNIVASTUBEN,172.45,165.01,165.01,-7.44,-4.31,1750,288767,177.13,56.02
GSMFOILS,GSMFOILSSMN,87.9,84.05,84.05,-3.85,-4.38,182500,15339125,293.85,79.7
SEMAC,SEMACEQN,284.7,272.2,272.2,-12.5,-4.39,5,1361,568.0,205.0
FMNL,FMNLBEN,8.49,8.1,8.1,-0.39,-4.59,1000,8100,14.35,6.74
FELDVR,FELDVRBZN,2.39,2.28,2.28,-0.11,-4.6,3,6,3.78,2.22
GANGAFORGE,GANGAFORGEEQN,2.15,2.05,2.05,-0.1,-4.65,41003,84056,3.29,1.59
BLACKROSE,BLACKROSEBEN,113.56,108.1,108.1,-5.46,-4.81,60,6486,129.9,80.05
PIONRINV,PIONRINVBEN,79.98,76.1,76.1,-3.88,-4.85,100,7610,135.44,76.39
TGL,TGLSTN,16.35,15.55,15.55,-0.8,-4.89,4400,68420,113.4,14.8
KONSTELEC,KONSTELECSTN,56.0,53.25,53.25,-2.75,-4.91,2000,106500,75.65,28.0
BIKEWO,BIKEWOSTN,99.6,94.7,94.7,-4.9,-4.92,4000,378800,115.8,13.65
AKSHOPTFBR,AKSHOPTFBRBEN,7.3,6.94,6.94,-0.36,-4.93,27048,187713,9.0,3.82
BURNPUR,BURNPURBEN,14.94,14.2,14.2,-0.74,-4.95,10351,146984,21.39,14.94
BLUECOAST,BLUECOASTBEN,23.99,22.8,22.8,-1.19,-4.96,50,1140,81.34,18.57
RFBL,RFBLSTN,95.7,90.95,90.95,-4.75,-4.96,3000,272850,104.7,52.5
OWAIS,OWAISSTN,64.35,61.15,61.15,-3.2,-4.97,2000,122300,580.0,64.35
SANGINITA,SANGINITABEN,59.38,56.42,56.42,-2.96,-4.98,16995,958857,68.02,9.23
ONIXSOLAR,ONIXSOLAREQN,321.95,305.9,305.9,-16.05,-4.99,2002,612411,393.95,321.95
SIEL,SIELEQN,40.3,38.29,38.29,-2.01,-4.99,1,38,44.54,30.0
SUNDRMBRAK,SUNDRMBRAKBEN,808.55,768.15,768.15,-40.4,-5.0,327,251185,920.0,460.0
UEL,UELEQN,190.76,181.23,181.23,-9.53,-5.0,366,66330,284.2,92.32
INDOTHAI,INDOTHAIEQN,62.8,59.66,59.66,-3.14,-5.0,5954,355215,466.35,62.8
PONNIERODE,PONNIERODEEQN,421.35,400.0,400.0,-21.35,-5.07,9611,3844400,433.5,252.4
TRANSCOR,TRANSCOREQN,24.75,23.2,23.2,-1.55,-6.26,120,2784,25.25,23.25
SHIVAAGRO,SHIVAAGROEQN,41.82,39.0,39.0,-2.82,-6.74,52,2028,45.9,37.0
MOHITE,MOHITEEQN,2.52,2.35,2.35,-0.17,-6.75,1329,3123,2.8,2.15
SWARNSAR,SWARNSAREQN,34.56,32.0,32.0,-2.56,-7.41,1,32,38.75,33.05
COMPEAU,COMPEAUEQN,353.6,318.0,318.0,-35.6,-10.07,804,255672,414.0,314.3
SUN-RE,SUN-RESTN,2.1,1.7,1.7,-0.4,-19.05,4800,8160,5.8,2.1
STLSTRINF,STLSTRINFEQN,18.23,14.59,14.59,-3.64,-19.97,1460,21301,22.78,17.35
