symbol,identifier,previousClose,lastPrice,iep,change,pChange,finalQuantity,totalTurnover,yearHigh,yearLow
RETAIL,RETAILEQN,24.07,28.88,28.88,4.81,19.98,51645,1491507,36.54,15.81
LANDSMILL,LANDSMILLEQN,0.74,0.85,0.85,0.11,14.86,1058788,899969,1.72,0.52
TNTELE,TNTELEEQN,11.89,13.5,13.5,1.61,13.54,50462,681237,15.74,7.81
REGENCERAM,REGENCERAMEQN,32.64,36.92,36.92,4.28,13.11,1010,37289,54.99,30.0
ELLEN,ELLENEQN,359.05,394.95,394.95,35.9,10.0,128859,50892862,502.0,175.0
HINDCON,HINDCONEQN,30.36,33.39,33.39,3.03,9.98,33644,1123373,37.75,15.66
GTECJAINX,GTECJAINXEQN,26.97,29.66,29.66,2.69,9.97,887,26308,38.35,15.54
RTSPOWR,RTSPOWREQN,125.5,136.77,136.77,11.27,8.98,16718,2286520,125.5,68.88
COMPEAU,COMPEAUEQN,353.05,383.9,383.9,30.85,8.74,1,383,420.0,314.3
STARTECK,STARTECKEQN,314.0,340.0,340.0,26.0,8.28,1430,486200,349.95,215.1
AXISCADES,AXISCADESEQN,1879.5,2034.0,2034.0,154.5,8.22,31258,63578772,2211.0,1063.3
CREATIVEYE,CREATIVEYEEQN,5.72,6.18,6.18,0.46,8.04,100,618,8.82,5.16
TECILCHEM,TECILCHEMEQN,9.12,9.8,9.8,0.68,7.46,200,1960,22.08,8.0
VIVOBIOT,VIVOBIOTEQN,16.26,17.44,17.44,1.18,7.26,1,17,20.94,15.51
DHARAN,DHARANBZN,0.14,0.15,0.15,0.01,7.14,195736,29360,0.61,0.11
THOMASCOTT,THOMASCOTTEQN,238.35,255.0,255.0,16.65,6.99,20372,5194860,459.8,221.8
ADL,ADLEQN,72.17,77.0,77.0,4.83,6.69,8,616,109.9,50.26
GILLANDERS,GILLANDERSEQN,107.38,114.0,114.0,6.62,6.17,2,228,129.4,76.0
SSDL,SSDLEQN,81.52,86.52,86.52,5.0,6.13,11202,969197,90.69,46.15
DUCOL,DUCOLSMN,115.0,121.9,121.9,6.9,6.0,800,97520,209.5,90.0
AUGMONT,AUGMONTEQN,965.65,1022.0,1022.0,56.35,5.84,197802,202153644,1019.8,806.05
FILATFASH,FILATFASHEQN,0.18,0.19,0.19,0.01,5.56,60063,11411,0.59,0.14
SHIVATEX,SHIVATEXEQN,165.91,175.0,175.0,9.09,5.48,1,175,217.92,126.06
RSYSTEMS,RSYSTEMSEQN,275.21,290.0,290.0,14.79,5.37,178882,51875780,435.9,213.52
SHIGAN,SHIGANSMN,60.55,63.8,63.8,3.25,5.37,1500,95700,88.0,41.2
SANWARIA,SANWARIABZN,0.19,0.2,0.2,0.01,5.26,651,130,0.35,0.18
PRITIKAUTO,PRITIKAUTOEQN,18.87,19.85,19.85,0.98,5.19,115392,2290531,20.99,10.41
GSS,GSSEQN,10.26,10.79,10.79,0.53,5.17,2,21,27.5,8.68
RBZJEWEL,RBZJEWELBEN,189.91,199.4,199.4,9.49,5.0,50412,10052152,204.7,100.0
KRONOX,KRONOXBEN,216.9,227.74,227.74,10.84,5.0,33422,7611526,223.42,96.0
GJL,GJLSTN,406.25,426.55,426.55,20.3,5.0,800,341240,406.25,91.4
JSIPL,JSIPLBEN,145.85,153.14,153.14,7.29,5.0,18806,2879950,145.85,120.0
QMSMEDI,QMSMEDIBEN,206.47,216.79,216.79,10.32,5.0,7075,1533789,206.47,68.95
GFSTEELS,GFSTEELSBEN,34.07,35.77,35.77,1.7,4.99,900,32193,34.07,10.21
OPTIVALUE,OPTIVALUESTN,231.35,242.9,242.9,11.55,4.99,22400,5440960,239.95,56.05
AHCL,AHCLEQN,34.66,36.39,36.39,1.73,4.99,167877,6109044,34.66,10.37
AKANKSHA,AKANKSHASMN,159.7,167.65,167.65,7.95,4.98,2000,335300,166.55,57.0
TECHERA,TECHERASMN,159.6,167.55,167.55,7.95,4.98,3200,536160,325.7,127.55
BLUEWATER,BLUEWATERSTN,561.45,589.4,589.4,27.95,4.98,2000,1178800,561.45,128.0
ARMOUR,ARMOURSTN,21.1,22.15,22.15,1.05,4.98,2000,44300,45.6,15.8
VIPULLTD,VIPULLTDBEN,10.87,11.41,11.41,0.54,4.97,2499,28513,18.6,7.38
SHEKHAWATI,SHEKHAWATIBEN,28.75,30.18,30.18,1.43,4.97,5725,172780,28.75,9.12
NEUEON,NEUEONBEN,15.1,15.85,15.85,0.75,4.97,2150,34077,27.4,5.76
HITECHGEAR,HITECHGEARBEN,648.85,680.9,680.9,32.05,4.94,350,238315,897.45,521.25
GOLDSTAR,GOLDSTARSMN,11.15,11.7,11.7,0.55,4.93,11250,131625,11.15,4.5
MOMSBELIEF,MOMSBELIEFEQN,223.01,234.0,234.0,10.99,4.93,7617,1782378,239.0,208.03
LAKSHYA,LAKSHYASMN,118.8,124.65,124.65,5.85,4.92,17600,2193840,165.9,73.15
MPEL,MPELSMN,26.5,27.8,27.8,1.3,4.91,1600,44480,93.84,19.2
SKYTECH,SKYTECHSMN,33.65,35.3,35.3,1.65,4.9,12800,451840,74.0,22.8
TICL,TICLBEN,6.74,7.07,7.07,0.33,4.9,4057,28682,33.99,5.33
RHETAN,RHETANEQN,15.91,16.69,16.69,0.78,4.9,2393669,39950335,34.87,14.42
OSIAHYPER,OSIAHYPERBEN,2.29,2.4,2.4,0.11,4.8,13611,32666,25.3,2.11
QUADPRO,QUADPROSTN,4.2,4.4,4.4,0.2,4.76,24000,105600,4.2,1.85
KORE,KORESTN,189.15,198.15,198.15,9.0,4.76,250,49537,212.3,85.0
AGSTRA,AGSTRABZN,2.52,2.64,2.64,0.12,4.76,5726,15116,5.44,1.85
PRASOLCHEM,PRASOLCHEMEQN,763.8,799.9,799.9,36.1,4.73,42407,33921359,773.9,601.0
SGL,SGLEQN,9.12,9.55,9.55,0.43,4.71,5450,52047,16.84,8.4
SAPPL,SAPPLEQN,279.95,293.0,293.0,13.05,4.66,1,293,334.3,252.0
PARNAXLAB,PARNAXLABEQN,112.78,118.0,118.0,5.22,4.63,9,1062,149.5,104.0
GLFL,GLFLEQN,5.02,5.25,5.25,0.23,4.58,1,5,9.34,3.66
BLUECOAST,BLUECOASTEQN,21.99,22.99,22.99,1.0,4.55,4,91,66.81,18.57
FERMENTA,FERMENTAEQN,479.3,501.0,501.0,21.7,4.53,13657,6842157,580.45,248.85
DGCONTENT,DGCONTENTEQN,23.37,24.4,24.4,1.03,4.41,925,22570,39.57,21.61
ANTGRAPHIC,ANTGRAPHICEQN,0.69,0.72,0.72,0.03,4.35,37,26,1.17,0.64
HAVISHA,HAVISHAEQN,1.38,1.44,1.44,0.06,4.35,103,148,2.42,1.03
GANESHBE,GANESHBEBEN,137.32,143.0,143.0,5.68,4.14,22162,3169166,137.38,68.4
ARVEE,ARVEEEQN,234.5,244.0,244.0,9.5,4.05,1914,467016,290.78,129.11
ZODIAC,ZODIACEQN,219.2,227.99,227.99,8.79,4.01,15,3419,415.0,205.55
TIPSFILMS,TIPSFILMSEQN,331.8,345.0,345.0,13.2,3.98,180,62100,479.25,276.75
ASHOKAMET,ASHOKAMETEQN,15.37,15.98,15.98,0.61,3.97,348,5561,19.4,12.13
SAMPANN,SAMPANNEQN,24.29,25.25,25.25,0.96,3.95,2,50,43.44,23.07
ORIENTALTL,ORIENTALTLEQN,4.94,5.13,5.13,0.19,3.85,2,10,10.84,4.4
SARTELE,SARTELESMN,84.8,88.0,88.0,3.2,3.77,500,44000,264.85,72.4
ESSARSHPNG,ESSARSHPNGEQN,15.63,16.21,16.21,0.58,3.71,3476,56345,43.26,15.43
MOTOGENFIN,MOTOGENFINEQN,25.7,26.65,26.65,0.95,3.7,3,79,34.4,17.5
HYBRIDFIN,HYBRIDFINEQN,17.36,18.0,18.0,0.64,3.69,4,72,33.62,14.5
SMLT,SMLTEQN,58.81,60.9,60.9,2.09,3.55,11,669,121.0,56.61
IEML,IEMLSTN,53.6,55.5,55.5,1.9,3.54,7500,416250,135.0,37.8
SUTLEJTEX,SUTLEJTEXBEN,37.0,38.3,38.3,1.3,3.51,150,5745,42.93,24.0
SSRETAIL,SSRETAILEQN,716.95,742.15,742.15,25.2,3.51,25797,19145243,888.0,603.05
CIFL,CIFLEQN,21.73,22.49,22.49,0.76,3.5,678,15248,39.69,18.56
ADROITINFO,ADROITINFOEQN,13.51,13.98,13.98,0.47,3.48,1320,18453,14.29,7.55
SHRENIK,SHRENIKBZN,0.29,0.3,0.3,0.01,3.45,1744,523,0.65,0.27
DAICHI,DAICHIBEN,316.0,326.85,326.85,10.85,3.43,5,1634,380.0,229.9
HAMPTON,HAMPTONEQN,7.9,8.17,8.17,0.27,3.42,71,580,9.65,7.01
NAVKARURB,NAVKARURBEQN,0.88,0.91,0.91,0.03,3.41,20397,18561,2.58,0.7
SCANSTL,SCANSTLBEN,50.36,52.07,52.07,1.71,3.4,1,52,68.81,31.35
HCL-INSYS,HCL-INSYSEQN,10.05,10.39,10.39,0.34,3.38,341,3542,16.5,9.01
PRAMARA,PRAMARASMN,107.7,111.3,111.3,3.6,3.34,500,55650,374.8,82.5
PRAXIS,PRAXISEQN,4.84,5.0,5.0,0.16,3.31,2,10,14.44,3.91
MARALOVER,MARALOVEREQN,59.37,61.29,61.29,1.92,3.23,19,1164,68.89,34.11
ADDIND,ADDINDEQN,77.5,80.0,80.0,2.5,3.23,1,80,94.6,71.05
KILITCH,KILITCHBEN,217.05,224.0,224.0,6.95,3.2,235,52640,232.5,117.25
RAJTV,RAJTVEQN,11.14,11.49,11.49,0.35,3.14,268,3079,46.9,7.7
KMEW,KMEWEQN,2876.9,2965.1,2965.1,88.2,3.07,1874,5556597,3175.0,1084.6
PRIMO,PRIMOEQN,28.13,28.99,28.99,0.86,3.06,13606,394437,29.8,16.1
SUMIT,SUMITEQN,49.52,51.0,51.0,1.48,2.99,1,51,104.0,31.74
MANAKALUCO,MANAKALUCOEQN,34.39,35.4,35.4,1.01,2.94,500,17700,68.12,21.73
INDOTECH,INDOTECHEQN,3133.7,3225.0,3225.0,91.3,2.91,250,806250,4030.0,1100.0
PREMIERPOL,PREMIERPOLEQN,92.81,95.49,95.49,2.68,2.89,2910,277875,106.0,38.0
TIGERLOGS,TIGERLOGSEQN,26.4,27.16,27.16,0.76,2.88,30,814,49.69,22.9
SETL,SETLEQN,422.65,434.7,434.7,12.05,2.85,6726,2923792,468.15,104.56
ORBTEXP,ORBTEXPEQN,227.15,233.6,233.6,6.45,2.84,41,9577,278.61,135.0
ENIL,ENILEQN,96.01,98.74,98.74,2.73,2.84,2,197,163.9,95.66
SIGIND,SIGINDBEN,69.04,70.99,70.99,1.95,2.82,1,70,74.99,40.66
SOMICONVEY,SOMICONVEYEQN,89.18,91.68,91.68,2.5,2.8,3,275,169.4,80.16
INVPRECQ,INVPRECQBEN,1501.5,1543.6,1543.6,42.1,2.8,118,182144,1550.0,551.0
RCDL,RCDLSMN,17.9,18.4,18.4,0.5,2.79,15000,276000,23.65,11.15
ZFSTEERING,ZFSTEERINGEQN,729.7,750.0,750.0,20.3,2.78,2,1500,894.98,620.65
DCMFINSERV,DCMFINSERVEQN,5.06,5.2,5.2,0.14,2.77,105,546,8.55,3.7
VARDMNPOLY,VARDMNPOLYEQN,5.8,5.96,5.96,0.16,2.76,5000,29800,9.49,5.1
LOKESHMACH,LOKESHMACHEQN,326.1,335.0,335.0,8.9,2.73,15,5025,385.8,138.96
HINDADH,HINDADHEQN,384.45,394.95,394.95,10.5,2.73,1,394,402.65,335.55
TCIEXP,TCIEXPEQN,486.0,499.2,499.2,13.2,2.72,1520,758784,746.75,447.55
NCC,NCCEQN,130.29,133.83,133.83,3.54,2.72,81685,10931903,217.25,130.0
FEL,FELBZN,0.37,0.38,0.38,0.01,2.7,270,102,0.6,0.34
BILVYAPAR,BILVYAPARBEN,4.48,4.6,4.6,0.12,2.68,250,1150,13.88,3.8
GLOSTERLTD,GLOSTERLTDEQN,545.5,559.9,559.9,14.4,2.64,1,559,756.45,495.0
UMESLTD,UMESLTDEQN,4.59,4.71,4.71,0.12,2.61,5,23,7.14,3.76
DCMSIL,DCMSILEQN,78.98,81.0,81.0,2.02,2.56,300,24300,105.27,49.5
IL&FSTRANS,IL&FSTRANSBZN,1.97,2.02,2.02,0.05,2.54,1,2,3.25,1.75
ASMS,ASMSEQN,6.33,6.49,6.49,0.16,2.53,122,791,16.7,6.24
POEL,POELEQN,141.35,144.91,144.91,3.56,2.52,50,7245,168.97,135.91
MOHITE,MOHITEEQN,2.4,2.46,2.46,0.06,2.5,110,270,3.3,2.15
CENTEXT-RE,CENTEXT-REBEN,2.0,2.05,2.05,0.05,2.5,1931,3958,3.06,1.35
SSEGL,SSEGLSMN,380.05,389.5,389.5,9.45,2.49,600,233700,580.0,283.0
ONWARDTEC,ONWARDTECEQN,285.0,292.0,292.0,7.0,2.46,3,876,355.0,208.25
AVIENCE,AVIENCESMN,376.25,385.5,385.5,9.25,2.46,1200,462600,414.95,222.0
BCPL,BCPLEQN,67.98,69.65,69.65,1.67,2.46,56,3900,92.0,60.0
MONEYBOXX,MONEYBOXXEQN,48.65,49.84,49.84,1.19,2.45,500,24920,91.5,35.85
SALSTEEL,SALSTEELEQN,93.03,95.3,95.3,2.27,2.44,5284,503565,96.9,26.1
AKSHAR,AKSHAREQN,0.41,0.42,0.42,0.01,2.44,550,231,0.76,0.36
DNAMEDIA,DNAMEDIAEQN,2.47,2.53,2.53,0.06,2.43,1,2,5.09,2.17
ELITECON,ELITECONEQN,8.63,8.84,8.84,0.21,2.43,50762,448736,46.4,7.08
VALIANTLAB,VALIANTLABBEN,118.97,121.85,121.85,2.88,2.42,200,24370,132.25,49.51
CHEMBOND,CHEMBONDEQN,189.43,194.0,194.0,4.57,2.41,1,194,236.8,105.15
FISCHER,FISCHEREQN,34.08,34.9,34.9,0.82,2.41,4059,141659,121.7,31.05
KRITIKA,KRITIKAEQN,5.0,5.12,5.12,0.12,2.4,480,2457,9.55,4.5
VIKRAMSOLR,VIKRAMSOLREQN,160.08,163.92,163.92,3.84,2.4,40103,6573683,354.4,155.38
MOLDTECH,MOLDTECHBEN,197.29,202.0,202.0,4.71,2.39,473,95546,227.0,101.1
CPCAP,CPCAPEQN,150.22,153.8,153.8,3.58,2.38,50,7690,160.5,73.51
TVVISION,TVVISIONBEN,2.96,3.03,3.03,0.07,2.36,10,30,12.4,2.39
SURAJLTD,SURAJLTDEQN,193.45,198.0,198.0,4.55,2.35,1,198,348.65,190.3
ACUTAAS,ACUTAASEQN,3214.4,3290.0,3290.0,75.6,2.35,6025,19822250,3740.0,1302.0
MMWL,MMWLEQN,14.56,14.9,14.9,0.34,2.34,22,327,16.57,9.02
NURECA,NURECABEN,362.55,371.0,371.0,8.45,2.33,250,92750,365.0,204.0
KOTARISUG,KOTARISUGBEN,26.75,27.37,27.37,0.62,2.32,107,2928,39.94,22.5
CENTRUM,CENTRUMEQN,20.85,21.33,21.33,0.48,2.3,6,127,35.9,19.66
PUNJABCHEM,PUNJABCHEMEQN,1054.6,1078.9,1078.9,24.3,2.3,75,80917,1533.9,876.6
BLACKROSE,BLACKROSEEQN,116.32,118.98,118.98,2.66,2.29,59,7019,129.9,80.05
ANMOL,ANMOLBEN,13.62,13.93,13.93,0.31,2.28,1011,14083,18.55,8.4
SUNFLAG,SUNFLAGEQN,449.2,459.4,459.4,10.2,2.27,15717,7220389,451.7,192.15
VIRTUALG,VIRTUALGBEN,0.44,0.45,0.45,0.01,2.27,590,265,0.6,0.4
HARRMALAYA,HARRMALAYAEQN,167.9,171.7,171.7,3.8,2.26,1,171,237.9,153.66
DCI,DCIEQN,326.65,334.0,334.0,7.35,2.25,373,124582,475.0,208.98
NDL,NDLEQN,2.67,2.73,2.73,0.06,2.25,16478,44984,3.48,1.8
GVPTECH,GVPTECHBEN,7.63,7.8,7.8,0.17,2.23,200,1560,11.19,5.22
KAPSTON,KAPSTONEQN,537.8,549.6,549.6,11.8,2.19,937,514975,616.2,162.79
AGIIL,AGIILEQN,271.6,277.55,277.55,5.95,2.19,40026,11109216,434.4,224.7
GATECHDVR,GATECHDVRBEN,0.46,0.47,0.47,0.01,2.17,103,48,0.67,0.36
INDOBORAX,INDOBORAXEQN,477.55,487.8,487.8,10.25,2.15,3216,1568764,542.8,225.31
SAHASRA,SAHASRASMN,450.25,459.95,459.95,9.7,2.15,2800,1287860,450.25,188.35
PRITI,PRITIEQN,31.33,32.0,32.0,0.67,2.14,500,16000,85.0,30.79
COASTCORP,COASTCORPEQN,36.18,36.95,36.95,0.77,2.13,12,443,66.7,32.73
LEXUS,LEXUSEQN,12.18,12.44,12.44,0.26,2.13,1,12,39.25,12.02
ACL,ACLEQN,39.94,40.78,40.78,0.84,2.1,18,734,85.73,39.51
JETFREIGHT,JETFREIGHTEQN,21.01,21.45,21.45,0.44,2.09,200,4290,25.95,12.0
ONELIFECAP,ONELIFECAPBEN,37.52,38.3,38.3,0.78,2.08,3,114,40.1,10.62
PARIN,PARINEQN,720.1,735.0,735.0,14.9,2.07,4,2940,789.0,502.0
JAYKAY,JAYKAYEQN,203.81,208.0,208.0,4.19,2.06,4055,843440,219.35,106.96
MADRASFERT,MADRASFERTEQN,59.18,60.4,60.4,1.22,2.06,12,724,86.95,52.56
AZAD,AZADEQN,2723.2,2779.0,2779.0,55.8,2.05,3241,9006739,2986.6,1360.0
MOKSH,MOKSHEQN,9.8,10.0,10.0,0.2,2.04,87,870,16.65,8.11
JHS,JHSEQN,8.81,8.99,8.99,0.18,2.04,1081,9718,13.9,6.26
WARDINMOBI,WARDINMOBIEQN,5.43,5.54,5.54,0.11,2.03,3009,16669,6.99,4.69
NAHARINDUS,NAHARINDUSEQN,127.47,130.05,130.05,2.58,2.02,100,13005,154.0,83.05
MAANALU,MAANALUEQN,100.86,102.9,102.9,2.04,2.02,100,10290,184.74,99.01
SUNRAKSHAK,SUNRAKSHAKEQN,359.65,366.9,366.9,7.25,2.02,453,166205,382.4,350.1
NIRAJ,NIRAJEQN,27.9,28.46,28.46,0.56,2.01,1,28,49.0,20.15
TRACXN,TRACXNEQN,32.33,32.98,32.98,0.65,2.01,1854,61144,55.9,25.39
VIDYAWIRES,VIDYAWIRESEQN,91.07,92.9,92.9,1.83,2.01,6124,568919,117.35,42.51
ANSALAPI,ANSALAPIBZN,4.0,4.08,4.08,0.08,2.0,138,563,4.72,2.51
CROWN,CROWNEQN,113.72,115.99,115.99,2.27,2.0,2,231,163.86,100.11
MBECL,MBECLBEN,465.52,474.83,474.83,9.31,2.0,108,51281,465.52,213.0
DBEIL,DBEILEQN,6.54,6.67,6.67,0.13,1.99,100,667,18.56,5.15
PARSVNATH,PARSVNATHBEN,2.01,2.05,2.05,0.04,1.99,2100,4305,18.75,1.35
BANARBEADS,BANARBEADSEQN,117.27,119.6,119.6,2.33,1.99,123,14710,164.7,96.05
ABAN,ABANBEN,14.07,14.35,14.35,0.28,1.99,170,2439,43.3,12.89
HUHTAMAKI,HUHTAMAKIEQN,234.2,238.85,238.85,4.65,1.99,1779,424914,330.0,148.6
SEYAIND,SEYAINDBEN,13.6,13.87,13.87,0.27,1.99,7,97,23.99,8.54
LAHOTIOV,LAHOTIOVEQN,40.2,41.0,41.0,0.8,1.99,19,779,53.9,34.06
SCHAND,SCHANDEQN,144.65,147.5,147.5,2.85,1.97,50,7375,200.0,127.73
RUCHINFRA,RUCHINFRAEQN,5.09,5.19,5.19,0.1,1.96,54,280,7.75,4.05
PAR,PARBEN,130.05,132.6,132.6,2.55,1.96,1,132,180.0,78.05
VEDAVAAG,VEDAVAAGEQN,22.93,23.38,23.38,0.45,1.96,1061,24806,25.69,16.98
ZEELEARN,ZEELEARNEQN,6.65,6.78,6.78,0.13,1.95,1384,9383,10.1,4.17
GRADIENTE,GRADIENTEBEN,2.06,2.1,2.1,0.04,1.94,20405,42850,9.4,1.95
VIVIMEDLAB,VIVIMEDLABBEN,5.66,5.77,5.77,0.11,1.94,10,57,29.4,4.75
IMPEXFERRO,IMPEXFERROBZN,6.26,6.38,6.38,0.12,1.92,2402,15324,6.26,1.3
LAMBODHARA,LAMBODHARAEQN,135.19,137.79,137.79,2.6,1.92,609,83914,154.5,81.8
MAHEPC,MAHEPCEQN,97.06,98.9,98.9,1.84,1.9,10,989,154.0,91.91
AQYLON,AQYLONEQN,18.0,18.34,18.34,0.34,1.89,1335,24483,224.7,17.72
LORDSCHLO,LORDSCHLOEQN,148.2,151.0,151.0,2.8,1.89,1,151,233.0,108.0
PRISMX,PRISMXEQN,0.53,0.54,0.54,0.01,1.89,2088,1127,0.63,0.47
AUTOIND,AUTOINDEQN,81.86,83.4,83.4,1.54,1.88,100,8340,104.0,48.35
ADVANCE,ADVANCEEQN,121.5,123.77,123.77,2.27,1.87,2531,313261,154.0,84.1
SHARDUL,SHARDULBEN,55.56,56.6,56.6,1.04,1.87,3,169,60.0,23.05
INDOAMIN,INDOAMINEQN,137.47,140.0,140.0,2.53,1.84,627,87780,152.65,81.9
DOLPHIN,DOLPHINEQN,648.0,659.9,659.9,11.9,1.84,251,165634,749.5,322.0
VIRAT,VIRATEQN,358.4,365.0,365.0,6.6,1.84,5,1825,494.4,268.05
DRREDDY,DRREDDYEQN,1221.0,1243.2,1243.2,22.2,1.82,38477,47834606,1414.9,1101.0
CHEMBONDCH,CHEMBONDCHBEN,242.4,246.8,246.8,4.4,1.82,5,1234,290.0,104.85
UEL,UELEQN,190.14,193.6,193.6,3.46,1.82,54,10454,284.2,92.32
KOTYARK,KOTYARKEQN,26.47,26.95,26.95,0.48,1.81,1622,43712,45.5,17.38
PNC,PNCEQN,16.68,16.98,16.98,0.3,1.8,26,441,32.89,15.72
SUDARCOLOR,SUDARCOLOREQN,387.9,394.9,394.9,7.0,1.8,7,2764,594.1,268.25
GFLLIMITED,GFLLIMITEDEQN,55.99,56.99,56.99,1.0,1.79,720,41032,81.0,37.25
SAKHTISUG,SAKHTISUGEQN,18.42,18.75,18.75,0.33,1.79,102,1912,23.29,13.52
JPOLYINVST,JPOLYINVSTEQN,911.5,927.8,927.8,16.3,1.79,17,15772,1487.7,852.1
HEROMOTORS,HEROMOTORSEQN,135.06,137.48,137.48,2.42,1.79,387846,53321068,155.85,80.5
MKPL,MKPLEQN,3.97,4.04,4.04,0.07,1.76,49,197,7.49,3.56
SECURKLOUD,SECURKLOUDEQN,17.14,17.44,17.44,0.3,1.75,12,209,34.18,15.6
FEDDERSHOL,FEDDERSHOLEQN,61.89,62.97,62.97,1.08,1.75,36143,2275924,72.77,32.06
INDOWIND,INDOWINDEQN,8.64,8.79,8.79,0.15,1.74,250,2197,18.94,7.0
VAKRANGEE,VAKRANGEEEQN,5.18,5.27,5.27,0.09,1.74,24434,128767,9.64,4.61
SARVESHWAR,SARVESHWAREQN,3.49,3.55,3.55,0.06,1.72,6326,22457,6.64,2.5
AJAXENGG,AJAXENGGEQN,589.9,600.0,600.0,10.1,1.71,633,379800,697.55,394.8
ABANSENT,ABANSENTEQN,26.84,27.3,27.3,0.46,1.71,200,5460,48.85,22.3
SWISSMLTRY,SWISSMLTRYBEN,14.01,14.25,14.25,0.24,1.71,2,28,18.5,13.0
EKI,EKIEQN,91.15,92.7,92.7,1.55,1.7,264,24472,108.94,67.0
LANDMARK,LANDMARKEQN,475.9,484.0,484.0,8.1,1.7,545,263780,662.0,339.5
RELIABLE,RELIABLEEQN,144.24,146.69,146.69,2.45,1.7,47,6894,175.0,104.74
MPIMANIPAL,MPIMANIPALEQN,387.1,393.7,393.7,6.6,1.7,5026,1978736,406.3,315.65
BATLIBOI,BATLIBOIEQN,83.19,84.6,84.6,1.41,1.69,100,8460,106.5,71.21
NOIDATOLL,NOIDATOLLEQN,3.58,3.64,3.64,0.06,1.68,521,1896,7.43,2.87
SANATHAN,SANATHANEQN,517.55,525.95,525.95,8.4,1.62,13,6837,544.3,352.6
VINEETLAB,VINEETLABEQN,35.33,35.89,35.89,0.56,1.59,10,358,43.5,27.96
GCHOTELS,GCHOTELSSMN,118.2,120.05,120.05,1.85,1.57,1200,144060,232.0,76.5
KRN,KRNEQN,1387.4,1409.0,1409.0,21.6,1.56,663,934167,1687.0,589.8
JYOTIRES,JYOTIRESEQN,841.9,854.9,854.9,13.0,1.54,140,119686,911.0,821.2
METROGLOBL,METROGLOBLEQN,130.0,131.99,131.99,1.99,1.53,3,395,165.0,110.0
CUBEXTUB,CUBEXTUBBEN,167.46,170.0,170.0,2.54,1.52,14308,2432360,167.46,73.1
NIRMAN,NIRMANSMN,26.5,26.9,26.9,0.4,1.51,300,8070,194.5,26.0
KANANIIND,KANANIINDEQN,1.35,1.37,1.37,0.02,1.48,3144,4307,2.04,1.02
TAALTECH,TAALTECHEQN,1069.1,1084.9,1084.9,15.8,1.48,5,5424,1234.0,523.22
SRTL,SRTLEQN,37.2,37.75,37.75,0.55,1.48,1,37,73.36,35.75
POWERMECH,POWERMECHEQN,2364.3,2399.0,2399.0,34.7,1.47,1678,4025522,3007.5,1717.7
FAIRCHEMOR,FAIRCHEMORBEN,675.0,684.9,684.9,9.9,1.47,1,684,846.8,428.05
KAMOPAINTS,KAMOPAINTSEQN,4.12,4.18,4.18,0.06,1.46,1573,6575,9.15,3.6
KICL,KICLEQN,4869.5,4940.0,4940.0,70.5,1.45,20,98800,6554.9,4011.0
SBC,SBCEQN,53.54,54.31,54.31,0.77,1.44,81161,4407853,56.9,21.15
XCHANGING,XCHANGINGEQN,60.04,60.89,60.89,0.85,1.42,2,121,103.0,47.5
MITTAL,MITTALEQN,0.71,0.72,0.72,0.01,1.41,1774,1277,1.62,0.7
NAHARPOLY,NAHARPOLYEQN,221.85,224.94,224.94,3.09,1.39,171,38464,338.8,200.0
REGAAL,REGAALEQN,88.56,89.79,89.79,1.23,1.39,100,8979,103.0,57.27
SHUKRAPHAR,SHUKRAPHAREQN,59.43,60.25,60.25,0.82,1.38,13317,802349,60.49,40.06
ADVANIHOTR,ADVANIHOTREQN,48.13,48.79,48.79,0.66,1.37,415,20247,65.5,46.75
SASKEN,SASKENEQN,1658.2,1681.0,1681.0,22.8,1.37,26,43706,2780.2,991.0
APTECHT,APTECHTEQN,90.27,91.5,91.5,1.23,1.36,58,5307,128.48,69.1
INDIAGLYCO,INDIAGLYCOEQN,297.5,301.5,301.5,4.0,1.34,1961,591241,1222.0,217.0
LAGNAM,LAGNAMEQN,73.02,73.99,73.99,0.97,1.33,5,369,95.9,58.6
JMA,JMAEQN,87.81,88.97,88.97,1.16,1.32,1,88,103.7,70.25
SPECTRUM,SPECTRUMBEN,3578.7,3624.0,3624.0,45.3,1.27,3,10872,3665.9,1050.0
BPL,BPLEQN,46.41,46.99,46.99,0.58,1.25,685,32188,82.7,37.61
DSSL,DSSLEQN,1011.3,1023.9,1023.9,12.6,1.25,62,63481,1924.8,781.0
ONIXSOLAR,ONIXSOLAREQN,339.8,344.0,344.0,4.2,1.24,543,186792,464.2,262.45
GSMFOILS,GSMFOILSSMN,81.4,82.4,82.4,1.0,1.23,1500,123600,293.85,73.75
VTMLTD,VTMLTDEQN,38.07,38.54,38.54,0.47,1.23,627,24164,61.9,37.45
GAYAPROJ,GAYAPROJEQN,21.96,22.23,22.23,0.27,1.23,1342,29832,27.33,10.99
ATALREAL,ATALREALEQN,13.24,13.4,13.4,0.16,1.21,2014,26987,36.7,12.21
BAGFILMS,BAGFILMSEQN,4.2,4.25,4.25,0.05,1.19,80,340,8.0,3.61
AKSHARCHEM,AKSHARCHEMBEN,383.35,387.9,387.9,4.55,1.19,5,1939,472.0,141.3
HSBCGOLD,HSBCGOLDEQN,127.28,128.8,128.8,1.52,1.19,210,27048,146.4,119.1
NEWGEN,NEWGENEQN,474.4,480.0,480.0,5.6,1.18,3848,1847040,1041.95,401.05
VAISHALI,VAISHALIEQN,8.5,8.6,8.6,0.1,1.18,134,1152,12.0,4.75
HONDAPOWER,HONDAPOWEREQN,1862.8,1884.7,1884.7,21.9,1.18,6,11308,2783.0,1816.6
SYNCOMF,SYNCOMFEQN,22.2,22.46,22.46,0.26,1.17,219906,4939088,23.42,10.21
NEULANDLAB,NEULANDLABEQN,21440.0,21690.0,21690.0,250.0,1.17,555,12037950,24225.0,11500.0
GOYALALUM,GOYALALUMEQN,5.97,6.04,6.04,0.07,1.17,328,1981,11.37,5.3
KANORICHEM,KANORICHEMBEN,202.55,204.9,204.9,2.35,1.16,1524,312267,206.0,56.0
ULTRAMAR,ULTRAMAREQN,419.1,423.9,423.9,4.8,1.15,100,42390,455.75,364.1
AIRAN,AIRANEQN,16.69,16.88,16.88,0.19,1.14,39,658,26.59,12.63
KHERIAAUTO,KHERIAAUTOSTN,96.3,97.4,97.4,1.1,1.14,1200,116880,106.5,94.65
MIRZAINT,MIRZAINTEQN,28.68,29.0,29.0,0.32,1.12,202,5858,43.3,24.95
LOVABLE,LOVABLEEQN,70.21,70.99,70.99,0.78,1.11,10,709,101.95,55.0
KRSNAA,KRSNAAEQN,534.05,540.0,540.0,5.95,1.11,1518,819720,848.1,515.0
STALLION,STALLIONBEN,221.54,224.0,224.0,2.46,1.11,427,95648,359.15,99.32
ONEGLOBAL,ONEGLOBALEQN,544.95,551.0,551.0,6.05,1.11,11,6061,580.0,494.0
MFSL,MFSLEQN,1444.0,1459.9,1459.9,15.9,1.1,205,299279,1892.5,1360.1
KALAMANDIR,KALAMANDIREQN,78.14,78.99,78.99,0.85,1.09,1635,129148,223.03,76.2
ITL,ITLEQN,357.7,361.6,361.6,3.9,1.09,5,1808,378.95,311.1
SURANAT&P,SURANAT&PEQN,15.72,15.89,15.89,0.17,1.08,21,333,24.12,15.5
SENCO,SENCOEQN,318.3,321.75,321.75,3.45,1.08,2938,945301,430.0,276.0
ATLANTAA,ATLANTAAEQN,35.32,35.7,35.7,0.38,1.08,568,20277,73.39,31.52
CORDELIA,CORDELIAEQN,102.64,103.75,103.75,1.11,1.08,808,83830,118.53,62.31
SREEL,SREELBEN,296.09,299.22,299.22,3.13,1.06,108,32315,400.0,165.25
IMPAL,IMPALEQN,1043.1,1054.0,1054.0,10.9,1.04,1,1054,1238.9,928.0
EXCELSOFT,EXCELSOFTEQN,84.13,85.0,85.0,0.87,1.03,8971,762535,142.59,66.4
SARLAPOLY,SARLAPOLYEQN,97.7,98.7,98.7,1.0,1.02,55,5428,111.0,68.4
LKPSEC,LKPSECEQN,13.76,13.9,13.9,0.14,1.02,3,41,18.43,13.62
MANOMAY,MANOMAYEQN,228.58,230.9,230.9,2.32,1.01,964,222587,259.88,160.25
SHANKARA,SHANKARAEQN,127.34,128.61,128.61,1.27,1.0,10,1286,207.75,98.25
RAJESHEXPO,RAJESHEXPOBZN,65.15,65.8,65.8,0.65,1.0,923,60733,237.88,65.0
DBOL,DBOLEQN,122.77,124.0,124.0,1.23,1.0,125,15500,139.0,69.0
GGBL,GGBLSMN,212.35,214.45,214.45,2.1,0.99,300,64335,475.0,202.05
MAJESAUT,MAJESAUTBEN,362.75,366.35,366.35,3.6,0.99,3,1099,500.0,274.0
EIHOTEL,EIHOTELEQN,295.1,298.0,298.0,2.9,0.98,2836,845128,413.95,271.15
PICCADIL,PICCADILEQN,600.5,606.4,606.4,5.9,0.98,222,134620,809.7,515.0
FOCUS,FOCUSBEN,58.73,59.3,59.3,0.57,0.97,10,593,98.87,57.06
ZENITHSTL,ZENITHSTLEQN,5.17,5.22,5.22,0.05,0.97,34,177,10.33,4.41
IDEA,IDEAEQN,13.47,13.6,13.6,0.13,0.97,6407625,87143700,15.79,8.02
IITL,IITLEQN,131.58,132.85,132.85,1.27,0.97,15,1992,216.0,108.0
KANOHAR,KANOHAREQN,811.15,819.0,819.0,7.85,0.97,4219,3455361,937.7,685.1
RAJRILTD,RAJRILTDBEN,20.8,21.0,21.0,0.2,0.96,10,210,28.49,19.41
QPOWER,QPOWEREQN,1592.7,1608.0,1608.0,15.3,0.96,6309,10144872,1593.6,581.0
HMT,HMTBZN,59.04,59.6,59.6,0.56,0.95,1001,59659,72.95,41.0
POLICYBZR,POLICYBZREQN,1151.3,1162.1,1162.1,10.8,0.94,12369,14374014,1964.2,1115.0
MEDICO,MEDICOEQN,22.3,22.51,22.51,0.21,0.94,5939,133686,56.88,20.89
BLBLIMITED,BLBLIMITEDEQN,17.18,17.34,17.34,0.16,0.93,180,3121,22.47,12.0
NOVARTIND,NOVARTINDEQN,1935.0,1952.9,1952.9,17.9,0.93,23,44916,2588.8,950.0
CRAMC,CRAMCEQN,225.4,227.5,227.5,2.1,0.93,109,24797,353.4,214.2
MEDICAMEQ,MEDICAMEQBEN,326.95,330.0,330.0,3.05,0.93,64,21120,447.65,212.4
GTLINFRA,GTLINFRAEQN,1.09,1.1,1.1,0.01,0.92,596746,656420,1.67,0.96
STYL,STYLEQN,370.35,373.75,373.75,3.4,0.92,170,63537,437.45,209.11
NILASPACES,NILASPACESEQN,11.0,11.1,11.1,0.1,0.91,555,6160,19.97,10.9
KALYANIFRG,KALYANIFRGBEN,990.0,999.0,999.0,9.0,0.91,22,21978,1192.25,523.6
SMLMAH,SMLMAHEQN,6515.5,6575.0,6575.0,59.5,0.91,116,762700,6898.5,2719.0
TRIGYN,TRIGYNEQN,53.12,53.6,53.6,0.48,0.9,10,536,91.6,37.55
IVC,IVCEQN,7.81,7.88,7.88,0.07,0.9,326,2568,10.99,6.02
RMDRIP,RMDRIPBEN,23.29,23.5,23.5,0.21,0.9,1162,27307,72.22,14.81
KOVAI,KOVAIEQN,6025.0,6079.5,6079.5,54.5,0.9,25,151987,6444.0,5275.5
BLEL,BLELEQN,445.1,449.05,449.05,3.95,0.89,952,427495,548.0,415.0
ECOSMOBLTY,ECOSMOBLTYEQN,106.36,107.3,107.3,0.94,0.88,100,10730,261.25,103.94
DMCC,DMCCEQN,302.8,305.45,305.45,2.65,0.88,1,305,332.9,191.35
NEPHROPLUS,NEPHROPLUSEQN,674.0,679.95,679.95,5.95,0.88,223,151628,781.5,446.0
TRAVELFOOD,TRAVELFOODEQN,1203.0,1213.5,1213.5,10.5,0.87,63,76450,1470.9,1035.3
SUNPHARMA,SUNPHARMAEQN,1838.0,1853.9,1853.9,15.9,0.87,15706,29117353,2046.9,1580.0
ALUFLUOR,ALUFLUOREQN,604.7,609.95,609.95,5.25,0.87,15,9149,644.4,421.0
JUNIPER,JUNIPEREQN,214.76,216.62,216.62,1.86,0.87,117,25344,291.6,188.5
AVROIND,AVROINDEQN,6.94,7.0,7.0,0.06,0.86,1015,7105,15.99,6.8
VASWANI,VASWANIEQN,44.62,45.0,45.0,0.38,0.85,25,1125,69.99,43.26
VIDHIING,VIDHIINGEQN,354.0,357.0,357.0,3.0,0.85,4,1428,387.85,258.6
BEPL,BEPLEQN,125.38,126.45,126.45,1.07,0.85,3452,436505,138.5,74.2
GVPIL,GVPILEQN,651.4,656.95,656.95,5.55,0.85,81,53212,1084.0,270.9
TURTLEMINT,TURTLEMINTEQN,83.29,84.0,84.0,0.71,0.85,3803,319452,160.0,81.11
PRAKASHSTL,PRAKASHSTLEQN,3.61,3.64,3.64,0.03,0.83,46,167,6.57,3.48
CENTEXT,CENTEXTEQN,18.14,18.29,18.29,0.15,0.83,235,4298,31.59,14.25
APOLLO,APOLLOEQN,408.3,411.7,411.7,3.4,0.83,31293,12883328,466.5,179.5
STERTOOLS,STERTOOLSEQN,224.13,226.0,226.0,1.87,0.83,237,53562,335.0,155.0
ELECTCAST,ELECTCASTEQN,72.35,72.94,72.94,0.59,0.82,80747,5889686,99.0,60.15
RUCHIRA,RUCHIRAEQN,106.92,107.8,107.8,0.88,0.82,234,25225,151.25,95.17
KENNAMET,KENNAMETEQN,4134.1,4167.9,4167.9,33.8,0.82,109,454301,5136.0,2405.2
LAL,LALEQN,8.69,8.76,8.76,0.07,0.81,23,201,11.43,5.56
GALLANTT,GALLANTTEQN,536.55,540.9,540.9,4.35,0.81,10,5409,948.0,496.25
SPARC,SPARCEQN,202.85,204.5,204.5,1.65,0.81,3421,699594,289.0,108.0
SEPC,SEPCEQN,4.96,5.0,5.0,0.04,0.81,28531,142655,12.24,4.65
EPACK,EPACKEQN,178.23,179.65,179.65,1.42,0.8,1590,285643,368.3,175.04
JAYBARMARU,JAYBARMARUEQN,122.52,123.5,123.5,0.98,0.8,421,51993,207.0,74.15
VISAKAIND,VISAKAINDBEN,87.21,87.91,87.91,0.7,0.8,301,26460,104.41,50.2
SHRINGARMS,SHRINGARMSEQN,218.04,219.78,219.78,1.74,0.8,1928,423735,266.5,166.0
ROSSTECH,ROSSTECHEQN,1398.8,1409.9,1409.9,11.1,0.79,591,833250,1505.0,551.9
TINNARUBR,TINNARUBREQN,947.4,954.9,954.9,7.5,0.79,299,285515,1322.0,527.45
PATELENG,PATELENGEQN,26.9,27.11,27.11,0.21,0.78,12178,330145,37.31,22.0
TANAA,TANAAEQN,352.85,355.6,355.6,2.75,0.78,149,52984,378.95,238.0
VERANDA,VERANDAEQN,238.02,239.86,239.86,1.84,0.77,6,1439,272.5,130.02
SHILPAMED,SHILPAMEDEQN,1025.25,1033.1,1033.1,7.85,0.77,3143,3247033,1075.0,259.5
UNIECOM,UNIECOMEQN,82.18,82.81,82.81,0.63,0.77,2124,175888,147.0,78.51
AXITA,AXITAEQN,7.9,7.96,7.96,0.06,0.76,57402,456919,12.2,6.57
GVKPIL,GVKPILBEN,2.66,2.68,2.68,0.02,0.75,53588,143615,3.66,2.04
PARAGMILK,PARAGMILKEQN,274.95,277.0,277.0,2.05,0.75,12891,3570807,376.95,177.84
SHIVALIK,SHIVALIKEQN,407.95,411.0,411.0,3.05,0.75,408,167688,471.0,206.4
STCINDIA,STCINDIAEQN,106.91,107.7,107.7,0.79,0.74,1,107,150.0,97.04
INDORAMA,INDORAMAEQN,100.8,101.55,101.55,0.75,0.74,2068,210005,112.3,29.0
SIGACHI,SIGACHIEQN,28.77,28.98,28.98,0.21,0.73,5723,165852,40.85,16.65
INTERARCH,INTERARCHEQN,1706.2,1718.6,1718.6,12.4,0.73,40,68744,2762.6,1600.0
HEGAM,HEGAMEQN,240.0,241.75,241.75,1.75,0.73,1109,268100,753.9,214.1
SWARAJ,SWARAJBEN,355.45,358.0,358.0,2.55,0.72,4882,1747756,386.75,158.5
JTLIND,JTLINDEQN,87.87,88.5,88.5,0.63,0.72,10451,924913,94.0,40.25
SCPL,SCPLBEN,628.5,633.0,633.0,4.5,0.72,1,633,690.0,190.03
KCPSUGIND,KCPSUGINDBEN,29.27,29.48,29.48,0.21,0.72,205,6043,36.47,21.45
PENIND,PENINDEQN,182.17,183.47,183.47,1.3,0.71,1405,257775,279.9,129.1
RPSGVENT,RPSGVENTEQN,842.05,848.0,848.0,5.95,0.71,99,83952,1179.0,551.9
DIGISPICE,DIGISPICEEQN,15.68,15.79,15.79,0.11,0.7,140,2210,28.98,14.82
BIRLACABLE,BIRLACABLEEQN,351.4,353.85,353.85,2.45,0.7,74,26184,418.8,104.0
DPEL,DPELSMN,620.7,625.05,625.05,4.35,0.7,500,312525,655.0,236.0
KWIL,KWILEQN,39.81,40.09,40.09,0.28,0.7,15836,634865,50.68,22.24
ARKADE,ARKADEEQN,123.22,124.07,124.07,0.85,0.69,1000,124070,180.0,92.62
MGEL,MGELEQN,15.97,16.08,16.08,0.11,0.69,412,6624,18.17,9.53
ASALCBR,ASALCBREQN,641.55,646.0,646.0,4.45,0.69,500,323000,1277.0,637.15
POLYSPIN,POLYSPINEQN,31.78,32.0,32.0,0.22,0.69,10,320,36.49,27.53
MWL,MWLEQN,43.46,43.76,43.76,0.3,0.69,601,26299,48.0,20.0
JNKINDIA,JNKINDIAEQN,420.0,422.85,422.85,2.85,0.68,162,68501,558.0,200.92
MATRIMONY,MATRIMONYEQN,521.35,524.9,524.9,3.55,0.68,5,2624,573.0,364.05
BANSALWIRE,BANSALWIREEQN,317.6,319.75,319.75,2.15,0.68,579,185135,370.0,222.5
LUPIN,LUPINEQN,2062.0,2076.0,2076.0,14.0,0.68,1857,3855132,2529.5,1900.0
SANGAMIND,SANGAMINDEQN,629.3,633.55,633.55,4.25,0.68,326,206537,672.5,391.2
BESTAGRO,BESTAGROEQN,17.69,17.81,17.81,0.12,0.68,1071,19074,34.4,12.3
DIFFNKG,DIFFNKGEQN,444.15,447.15,447.15,3.0,0.68,151,67519,519.9,216.8
HPL,HPLEQN,270.95,272.8,272.8,1.85,0.68,678,184958,479.9,255.55
JGCHEM,JGCHEMEQN,620.8,624.95,624.95,4.15,0.67,177,110616,675.0,298.4
RML,RMLEQN,1325.9,1334.8,1334.8,8.9,0.67,14,18687,1440.0,608.5
MAGADSUGAR,MAGADSUGAREQN,541.2,544.85,544.85,3.65,0.67,1,544,634.95,417.0
VSSL,VSSLEQN,407.75,410.5,410.5,2.75,0.67,196,80458,428.25,206.4
NILKAMAL,NILKAMALEQN,1918.0,1930.9,1930.9,12.9,0.67,81,156402,2149.5,1050.5
JWL,JWLEQN,222.23,223.71,223.71,1.48,0.67,2891,646745,358.25,221.85
INDIACEM,INDIACEMEQN,312.4,314.5,314.5,2.1,0.67,374,117623,485.8,310.8
EPIGRAL,EPIGRALEQN,1038.0,1045.0,1045.0,7.0,0.67,10,10450,1771.0,807.0
ARROWGREEN,ARROWGREENEQN,891.85,897.8,897.8,5.95,0.67,8,7182,952.75,341.95
ADVENZYMES,ADVENZYMESEQN,283.15,285.05,285.05,1.9,0.67,963,274503,419.0,251.95
GNRL,GNRLEQN,98.46,99.12,99.12,0.66,0.67,566,56101,120.9,83.2
RSL,RSLEQN,167.41,168.54,168.54,1.13,0.67,1629,274551,202.22,101.7
APCOTEXIND,APCOTEXINDEQN,586.0,589.95,589.95,3.95,0.67,334,197043,712.0,310.45
QUADFUTURE,QUADFUTUREEQN,531.5,535.0,535.0,3.5,0.66,2822,1509770,564.9,248.55
GENCON,GENCONEQN,37.75,38.0,38.0,0.25,0.66,100,3800,59.96,36.35
ADANIPORTS,ADANIPORTSEQN,1743.7,1755.2,1755.2,11.5,0.66,16150,28346480,1891.1,1292.0
FILATEX,FILATEXEQN,110.75,111.48,111.48,0.73,0.66,9917,1105547,111.98,36.26
RAJMET,RAJMETEQN,3.08,3.1,3.1,0.02,0.65,3546,10992,5.28,2.72
AJOONI,AJOONIEQN,3.14,3.16,3.16,0.02,0.64,1303,4117,5.57,3.02
KIRLOSIND,KIRLOSINDEQN,3520.5,3543.0,3543.0,22.5,0.64,84,297612,4574.8,2463.0
MAGNUM,MAGNUMEQN,18.88,19.0,19.0,0.12,0.64,1,19,28.0,16.25
SHAH,SHAHEQN,3.18,3.2,3.2,0.02,0.63,7133,22825,5.82,2.56
SHALPAINTS,SHALPAINTSBEN,74.4,74.87,74.87,0.47,0.63,20,1497,95.95,35.21
RAMBHAJO,RAMBHAJOEQN,265.03,266.7,266.7,1.67,0.63,2788,743559,308.4,161.6
COFORGE,COFORGEEQN,1773.0,1784.0,1784.0,11.0,0.62,7521,13417464,2021.2,1008.1
ETERNAL,ETERNALEQN,330.95,333.0,333.0,2.05,0.62,266528,88753824,368.45,212.6
IZMO,IZMOEQN,873.55,879.0,879.0,5.45,0.62,368,323472,1374.7,562.0
PRAENG,PRAENGEQN,22.86,23.0,23.0,0.14,0.61,434,9982,33.88,17.0
NELCO,NELCOEQN,916.45,922.0,922.0,5.55,0.61,1435,1323070,1120.0,500.1
HCG,HCGEQN,691.2,695.45,695.45,4.25,0.61,114,79281,796.68,513.3
ATGL,ATGLEQN,594.45,598.1,598.1,3.65,0.61,2710,1620851,859.85,462.8
KRITINUT,KRITINUTEQN,75.54,75.99,75.99,0.45,0.6,125,9498,102.99,51.36
CAMLINFINE,CAMLINFINEEQN,95.4,95.97,95.97,0.57,0.6,2277,218523,212.5,95.1
SOTL,SOTLEQN,699.3,703.5,703.5,4.2,0.6,1631,1147408,850.1,285.8
ZUARIIND,ZUARIINDEQN,276.85,278.5,278.5,1.65,0.6,178,49573,395.85,210.0
HITECHCORP,HITECHCORPBEN,341.45,343.5,343.5,2.05,0.6,502,172437,345.0,112.0
GREENLAM,GREENLAMEQN,217.51,218.8,218.8,1.29,0.59,211,46166,278.55,197.59
BALPHARMA,BALPHARMAEQN,104.77,105.39,105.39,0.62,0.59,201,21183,124.6,60.0
GLOBAL,GLOBALEQN,133.61,134.4,134.4,0.79,0.59,100,13440,143.0,55.3
BLSE,BLSEEQN,320.65,322.55,322.55,1.9,0.59,203,65477,339.8,124.3
EMMBI,EMMBIBEN,89.17,89.7,89.7,0.53,0.59,2,179,116.9,60.3
GTL,GTLEQN,6.94,6.98,6.98,0.04,0.58,208,1451,9.8,4.91
INDUSINVIT,INDUSINVITIVN,130.55,131.3,131.3,0.75,0.57,110,14443,138.0,113.21
SSWL,SSWLEQN,388.65,390.85,390.85,2.2,0.57,7019,2743376,394.3,169.0
SERVOTECH,SERVOTECHEQN,72.34,72.75,72.75,0.41,0.57,1727,125639,141.5,57.51
EPL,EPLEQN,235.0,236.35,236.35,1.35,0.57,601,142046,274.03,176.4
GHCLTEXTIL,GHCLTEXTILEQN,134.83,135.6,135.6,0.77,0.57,1115,151194,144.59,65.26
BOMDYEING,BOMDYEINGEQN,107.39,108.0,108.0,0.61,0.57,1463,158004,180.75,92.0
TARIL,TARILEQN,270.45,272.0,272.0,1.55,0.57,2019,549168,502.45,224.05
LASERPOWER,LASERPOWEREQN,262.4,263.9,263.9,1.5,0.57,353,93156,343.5,250.0
TARC,TARCEQN,126.53,127.24,127.24,0.71,0.56,22,2799,186.3,109.1
RISHABH,RISHABHEQN,713.5,717.5,717.5,4.0,0.56,138,99015,852.0,315.0
VHLTD,VHLTDBEN,128.28,129.0,129.0,0.72,0.56,201,25929,145.2,108.79
TARSONS,TARSONSEQN,338.0,339.9,339.9,1.9,0.56,5,1699,375.0,164.45
VISHWARAJ,VISHWARAJEQN,5.4,5.43,5.43,0.03,0.56,6446,35001,8.5,4.14
ROTO,ROTOEQN,62.55,62.9,62.9,0.35,0.56,1100,69190,80.77,47.5
CLEAN,CLEANEQN,781.7,786.0,786.0,4.3,0.55,367,288462,1118.0,652.0
JUSTDIAL,JUSTDIALEQN,658.95,662.6,662.6,3.65,0.55,40,26504,878.6,480.5
CUB,CUBEQN,215.99,217.16,217.16,1.17,0.54,2647,574822,248.85,154.35
AFCONS,AFCONSEQN,251.65,253.0,253.0,1.35,0.54,2528,639584,479.4,225.35
GODFRYPHLP,GODFRYPHLPEQN,1931.5,1941.9,1941.9,10.4,0.54,1207,2343873,3540.0,1832.1
GOCLCORP,GOCLCORPEQN,379.0,381.05,381.05,2.05,0.54,357,136034,461.4,223.35
MAXESTATES,MAXESTATESEQN,571.85,574.9,574.9,3.05,0.53,10,5749,652.8,305.45
JINDALSAW,JINDALSAWEQN,276.15,277.6,277.6,1.45,0.53,2548,707324,320.0,153.0
ADOR,ADOREQN,1611.7,1620.3,1620.3,8.6,0.53,47,76154,1766.4,848.0
HARSHA,HARSHAEQN,465.55,468.0,468.0,2.45,0.53,170,79560,476.8,313.3
KRIDHANINF,KRIDHANINFEQN,1.89,1.9,1.9,0.01,0.53,600,1140,4.78,1.79
WOCKPHARMA,WOCKPHARMAEQN,2187.6,2199.0,2199.0,11.4,0.52,2281,5015919,2422.3,1086.7
MEDANTA,MEDANTAEQN,1433.4,1440.8,1440.8,7.4,0.52,257,370285,1544.0,956.0
YATRA,YATRAEQN,101.67,102.2,102.2,0.53,0.52,2114,216050,202.0,89.9
TRANSRAILL,TRANSRAILLEQN,449.65,451.95,451.95,2.3,0.51,4654,2103375,766.8,400.65
RESPONIND,RESPONINDEQN,161.6,162.4,162.4,0.8,0.5,186,30206,240.9,117.25
LAURUSLABS,LAURUSLABSEQN,2010.7,2020.7,2020.7,10.0,0.5,5062,10228783,2055.3,826.2
ANDHRAPAP,ANDHRAPAPEQN,72.62,72.98,72.98,0.36,0.5,633,46196,86.89,58.0
TNPETRO,TNPETROEQN,124.99,125.61,125.61,0.62,0.5,4066,510730,146.99,78.67
ALKALI,ALKALIBEN,94.55,95.02,95.02,0.47,0.5,2,190,107.38,46.8
AYE,AYEEQN,162.49,163.3,163.3,0.81,0.5,357,58298,197.29,88.22
STUDDS,STUDDSEQN,398.0,400.0,400.0,2.0,0.5,119,47600,600.0,396.0
PFOCUS,PFOCUSEQN,315.2,316.75,316.75,1.55,0.49,7274,2304039,367.0,161.01
ORIENTELEC,ORIENTELECEQN,160.0,160.78,160.78,0.78,0.49,578,92930,217.51,149.05
ARMANFIN,ARMANFINEQN,1700.1,1708.5,1708.5,8.4,0.49,242,413457,2158.6,1301.0
SAKSOFT,SAKSOFTEQN,141.81,142.5,142.5,0.69,0.49,540,76950,222.99,107.59
FREDUN,FREDUNEQN,1387.0,1393.8,1393.8,6.8,0.49,151,210463,1590.0,1195.2
NCLIND,NCLINDEQN,175.81,176.68,176.68,0.87,0.49,2,353,214.8,147.5
LAXMIINDIA,LAXMIINDIAEQN,118.26,118.84,118.84,0.58,0.49,437,51933,159.59,71.06
AUSTENG,AUSTENGEQN,159.23,160.0,160.0,0.77,0.48,300,48000,178.0,110.0
ANTELOPUS,ANTELOPUSEQN,1159.45,1165.0,1165.0,5.55,0.48,1961,2284565,1290.9,357.0
VARDHACRLC,VARDHACRLCBEN,43.8,44.01,44.01,0.21,0.48,1,44,48.55,27.01
CCHHL,CCHHLEQN,12.83,12.89,12.89,0.06,0.47,5,64,18.0,10.03
ALPA,ALPAEQN,59.21,59.49,59.49,0.28,0.47,1,59,93.85,46.1
SCHNEIDER,SCHNEIDEREQN,1188.2,1193.8,1193.8,5.6,0.47,326,389178,1548.0,571.85
NATCOPHARM,NATCOPHARMEQN,828.55,832.45,832.45,3.9,0.47,1926,1603298,1226.8,789.0
CUBEINVIT,CUBEINVITIVN,154.02,154.75,154.75,0.73,0.47,706,109253,165.0,131.0
SATIN,SATINEQN,234.4,235.5,235.5,1.1,0.47,346,81483,274.14,135.81
BPLPHARMA,BPLPHARMAEQN,2149.8,2159.9,2159.9,10.1,0.47,260,561574,2277.6,1125.7
SANDHAR,SANDHAREQN,576.55,579.2,579.2,2.65,0.46,89,51548,763.2,424.0
MEDPLUS,MEDPLUSEQN,653.0,656.0,656.0,3.0,0.46,765,501840,1022.2,645.0
GLOBECIVIL,GLOBECIVILEQN,43.3,43.5,43.5,0.2,0.46,83,3610,80.0,33.5
MAPMYINDIA,MAPMYINDIAEQN,866.1,870.1,870.1,4.0,0.46,94,81789,1998.0,795.0
CIPLA,CIPLAEQN,1383.7,1390.0,1390.0,6.3,0.46,1695,2356050,1673.0,1165.7
ANTHEM,ANTHEMEQN,851.1,855.0,855.0,3.9,0.46,1581,1351755,977.55,579.15
EMKAY,EMKAYEQN,288.7,290.0,290.0,1.3,0.45,100,29000,370.9,186.0
SUDARSCHEM,SUDARSCHEMEQN,1199.6,1205.0,1205.0,5.4,0.45,43,51815,1406.2,726.4
MVELECTRO,MVELECTROEQN,786.35,789.9,789.9,3.55,0.45,1371,1082952,948.0,516.55
PARKHOSPS,PARKHOSPSEQN,276.5,277.75,277.75,1.25,0.45,373,103600,305.0,138.1
KNAGRI,KNAGRIEQN,205.05,205.98,205.98,0.93,0.45,103,21215,244.0,148.3
COCKERILL,COCKERILLEQN,7824.5,7860.0,7860.0,35.5,0.45,1,7860,10871.5,4955.0
TATVA,TATVAEQN,1760.2,1768.0,1768.0,7.8,0.44,531,938808,1880.0,981.5
METROBRAND,METROBRANDEQN,875.15,879.0,879.0,3.85,0.44,16,14064,1308.8,856.05
AETHER,AETHEREQN,1739.2,1746.9,1746.9,7.7,0.44,1591,2779317,1798.0,728.0
ASIANENE,ASIANENEEQN,474.15,476.25,476.25,2.1,0.44,332,158115,565.7,230.0
MARKSANS,MARKSANSEQN,331.55,333.0,333.0,1.45,0.44,6023,2005659,350.95,155.0
OLECTRA,OLECTRAEQN,1173.8,1179.0,1179.0,5.2,0.44,1421,1675359,1595.0,866.6
HESTERBIO,HESTERBIOEQN,2147.3,2156.6,2156.6,9.3,0.43,15,32349,2683.6,1239.3
GABRIEL,GABRIELEQN,1349.2,1355.0,1355.0,5.8,0.43,536,726280,1600.0,795.7
GIPCL,GIPCLEQN,182.22,183.0,183.0,0.78,0.43,589,107787,211.71,119.9
SHAILY,SHAILYEQN,3033.5,3046.5,3046.5,13.0,0.43,199,606253,3615.2,1770.9
ONEPOINT,ONEPOINTEQN,69.43,69.73,69.73,0.3,0.43,9743,679379,72.4,40.58
RBA,RBAEQN,91.61,92.0,92.0,0.39,0.43,4543,417956,111.15,57.15
APARINDS,APARINDSEQN,17263.0,17337.0,17337.0,74.0,0.43,331,5738547,19265.0,6801.0
CRSL,CRSLBEN,2.33,2.34,2.34,0.01,0.43,3478,8138,3.56,1.72
BLACKBUCK,BLACKBUCKEQN,601.2,603.75,603.75,2.55,0.42,680,410550,748.0,496.0
CPPLUS,CPPLUSEQN,3723.4,3739.0,3739.0,15.6,0.42,124,463636,4094.0,1227.0
RATNAVEER,RATNAVEEREQN,330.95,332.3,332.3,1.35,0.41,38644,12841401,343.75,130.5
PDMJEPAPER,PDMJEPAPEREQN,93.78,94.16,94.16,0.38,0.41,799,75233,127.18,65.0
PVRINOX,PVRINOXEQN,1225.0,1230.0,1230.0,5.0,0.41,600,738000,1357.8,907.4
DCW,DCWEQN,46.81,47.0,47.0,0.19,0.41,530,24910,72.3,37.11
CONFIPET,CONFIPETEQN,85.65,86.0,86.0,0.35,0.41,381,32766,93.2,28.06
MAWANASUG,MAWANASUGEQN,145.9,146.5,146.5,0.6,0.41,3154,462061,164.0,75.08
KUSUMGAR,KUSUMGAREQN,617.35,619.9,619.9,2.55,0.41,332,205806,659.5,533.0
SHANTIGOLD,SHANTIGOLDEQN,308.77,310.0,310.0,1.23,0.4,10781,3342110,333.09,155.0
ISGEC,ISGECEQN,886.45,890.0,890.0,3.55,0.4,49,43610,1113.9,683.95
OSWALSEEDS,OSWALSEEDSEQN,12.45,12.5,12.5,0.05,0.4,355,4437,20.28,9.66
DAVANGERE,DAVANGEREEQN,2.48,2.49,2.49,0.01,0.4,64698,161098,5.5,1.74
ASIANHOTNR,ASIANHOTNREQN,372.0,373.5,373.5,1.5,0.4,30,11205,423.8,247.5
AVL,AVLEQN,595.15,597.5,597.5,2.35,0.39,8,4780,705.0,436.55
BBL,BBLEQN,2112.2,2120.5,2120.5,8.3,0.39,5,10602,3411.0,2051.7
JASH,JASHEQN,588.75,591.05,591.05,2.3,0.39,781,461610,603.0,327.1
BAJAJFINSV,BAJAJFINSVEQN,1752.0,1758.8,1758.8,6.8,0.39,1462,2571365,2195.0,1597.0
BMWVENTLTD,BMWVENTLTDEQN,51.4,51.6,51.6,0.2,0.39,350,18060,78.0,48.0
GNA,GNAEQN,594.7,597.0,597.0,2.3,0.39,320,191040,648.0,295.0
RAJOOENG,RAJOOENGBEN,53.68,53.89,53.89,0.21,0.39,105,5658,95.06,46.0
CSM,CSMEQN,98.31,98.69,98.69,0.38,0.39,413,40758,114.9,76.26
KELLTONTEC,KELLTONTECEQN,13.09,13.14,13.14,0.05,0.38,7105,93359,26.14,13.0
CIEINDIA,CIEINDIAEQN,383.35,384.8,384.8,1.45,0.38,10,3848,526.0,366.9
TRUALT,TRUALTEQN,458.15,459.9,459.9,1.75,0.38,398,183040,549.0,310.2
GENSOL,GENSOLBZN,15.93,15.99,15.99,0.06,0.38,955,15270,41.52,15.88
GOLDBND,GOLDBNDEQN,146.43,146.98,146.98,0.55,0.38,59,8671,180.16,115.17
COMSYN,COMSYNEQN,280.85,281.9,281.9,1.05,0.37,2006,565491,315.4,136.44
DENTA,DENTAEQN,267.7,268.7,268.7,1.0,0.37,371,99687,479.6,222.0
INDTERRAIN,INDTERRAINEQN,29.49,29.6,29.6,0.11,0.37,250,7400,42.62,24.56
DELHIVERY,DELHIVERYEQN,407.5,409.0,409.0,1.5,0.37,1881,769329,524.0,374.45
AWHCL,AWHCLEQN,367.65,369.0,369.0,1.35,0.37,178,65682,605.0,337.55
CAPACITE,CAPACITEEQN,184.41,185.1,185.1,0.69,0.37,677,125312,314.25,180.0
WENDT,WENDTEQN,8459.0,8490.5,8490.5,31.5,0.37,5,42452,9270.5,5841.5
BUILDPRO,BUILDPROEQN,1256.7,1261.3,1261.3,4.6,0.37,41,51713,1380.0,636.0
CEMPRO,CEMPROEQN,1224.5,1229.0,1229.0,4.5,0.37,545,669805,1649.2,503.3
BBOX,BBOXEQN,783.15,786.0,786.0,2.85,0.36,241,189426,1103.0,444.3
UNIMECH,UNIMECHEQN,1616.2,1622.0,1622.0,5.8,0.36,363,588786,1868.2,695.0
BLUESTONE,BLUESTONEEQN,786.2,789.0,789.0,2.8,0.36,4138,3264882,969.9,399.8
ATHERENERG,ATHERENERGEQN,1454.9,1460.2,1460.2,5.3,0.36,5952,8691110,1744.0,542.5
SBICARD,SBICARDEQN,591.0,593.05,593.05,2.05,0.35,1204,714032,965.0,565.45
DELTACORP,DELTACORPEQN,72.2,72.45,72.45,0.25,0.35,13716,993724,86.4,48.3
KALYANKJIL,KALYANKJILEQN,564.0,566.0,566.0,2.0,0.35,19558,11069828,648.95,327.05
JUBLINGREA,JUBLINGREAEQN,654.8,657.1,657.1,2.3,0.35,194,127477,795.0,537.3
LODHA,LODHAEQN,1117.1,1121.0,1121.0,3.9,0.35,3725,4175725,1344.95,650.8
CHENNPETRO,CHENNPETROEQN,1408.1,1413.0,1413.0,4.9,0.35,2325,3285225,1677.5,716.8
IRISDOREME,IRISDOREMEEQN,62.78,63.0,63.0,0.22,0.35,670,42210,68.0,26.35
ACI,ACIEQN,482.75,484.45,484.45,1.7,0.35,98,47476,704.25,446.0
NUVOCO,NUVOCOEQN,325.85,327.0,327.0,1.15,0.35,12,3924,439.85,276.25
KSHINTL,KSHINTLEQN,984.55,988.0,988.0,3.45,0.35,906,895128,1198.0,330.0
TENNIND,TENNINDEQN,502.15,503.9,503.9,1.75,0.35,2682,1351459,657.0,438.05
POWERICA,POWERICAEQN,562.95,564.9,564.9,1.95,0.35,109,61574,676.95,365.1
INDNIPPON,INDNIPPONEQN,1290.6,1295.1,1295.1,4.5,0.35,3,3885,1564.0,675.0
CELLECOR,CELLECORSMN,29.45,29.55,29.55,0.1,0.34,3000,88650,43.85,21.8
SKYGOLD,SKYGOLDEQN,796.95,799.65,799.65,2.7,0.34,2616,2091884,868.8,259.0
V2RETAIL,V2RETAILEQN,211.22,211.93,211.93,0.71,0.34,512,108508,259.25,172.03
RTNINDIA,RTNINDIAEQN,26.2,26.29,26.29,0.09,0.34,8856,232824,54.5,24.4
GARFIBRES,GARFIBRESEQN,772.85,775.45,775.45,2.6,0.34,93,72116,863.4,579.75
SHALBY,SHALBYEQN,143.25,143.73,143.73,0.48,0.34,72,10348,273.0,125.82
RITCO,RITCOEQN,277.2,278.15,278.15,0.95,0.34,2,556,331.15,167.1
CHEMCON,CHEMCONEQN,220.81,221.55,221.55,0.74,0.34,100,22155,288.3,125.0
JAYAGROGN,JAYAGROGNEQN,230.42,231.2,231.2,0.78,0.34,40,9248,265.0,147.26
JAICORPLTD,JAICORPLTDEQN,92.18,92.49,92.49,0.31,0.34,300,27747,173.4,88.0
VINATIORGA,VINATIORGAEQN,1191.0,1195.0,1195.0,4.0,0.34,52,62140,1849.9,1190.0
BHARATCOAL,BHARATCOALEQN,32.51,32.62,32.62,0.11,0.34,31284,1020484,45.09,29.74
SUBROS,SUBROSEQN,700.3,702.65,702.65,2.35,0.34,10,7026,1213.7,622.1
KANSAINER,KANSAINEREQN,177.48,178.06,178.06,0.58,0.33,166,29557,264.0,157.91
BELRISE,BELRISEEQN,248.62,249.45,249.45,0.83,0.33,16023,3996937,268.2,142.59
MONTECARLO,MONTECARLOEQN,514.05,515.75,515.75,1.7,0.33,79,40744,860.95,464.0
BHARATRAS,BHARATRASEQN,1046.2,1049.7,1049.7,3.5,0.33,66,69280,2987.5,1027.8
TASTYBITE,TASTYBITEEQN,9633.0,9665.0,9665.0,32.0,0.33,1,9665,10544.0,6430.0
WEBELSOLAR,WEBELSOLAREQN,71.75,71.99,71.99,0.24,0.33,796,57304,137.9,50.4
FINOPB,FINOPBEQN,127.23,127.65,127.65,0.42,0.33,232,29614,339.0,110.03
KIOCL,KIOCLEQN,331.0,332.1,332.1,1.1,0.33,37,12287,634.55,290.65
TEAMLEASE,TEAMLEASEEQN,1140.2,1144.0,1144.0,3.8,0.33,3,3432,1872.2,1065.2
NIITMTS,NIITMTSEQN,205.39,206.07,206.07,0.68,0.33,98,20194,443.9,203.3
VSTIND,VSTINDEQN,204.0,204.68,204.68,0.68,0.33,93,19035,286.78,200.0
HARDWYN,HARDWYNEQN,9.23,9.26,9.26,0.03,0.33,273,2527,20.2,7.61
OAL,OALEQN,553.15,555.0,555.0,1.85,0.33,208,115440,570.0,228.0
HILINFRA,HILINFRAEQN,42.61,42.75,42.75,0.14,0.33,531,22700,86.35,40.1
GKSL,GKSLEQN,174.83,175.4,175.4,0.57,0.33,2905,509537,186.99,98.36
MARUTI,MARUTIEQN,12008.0,12046.0,12046.0,38.0,0.32,543,6540978,17370.0,11944.0
TORNTPHARM,TORNTPHARMEQN,4869.0,4884.5,4884.5,15.5,0.32,161,786404,5250.0,3480.6
WAKEFIT,WAKEFITEQN,138.57,139.01,139.01,0.44,0.32,1,139,224.0,111.4
TECHNOCRAF,TECHNOCRAFEQN,476.95,478.5,478.5,1.55,0.32,4991,2388193,496.5,284.0
HAZOOR,HAZOOREQN,18.98,19.04,19.04,0.06,0.32,431,8206,22.49,17.44
DREAMFOLKS,DREAMFOLKSEQN,62.03,62.23,62.23,0.2,0.32,10,622,160.0,56.0
SNOWMAN,SNOWMANEQN,35.09,35.2,35.2,0.11,0.31,40,1408,55.19,30.5
KRISHANA,KRISHANAEQN,186.42,186.99,186.99,0.57,0.31,156,29170,206.39,86.2
XTGLOBAL,XTGLOBALEQN,28.91,29.0,29.0,0.09,0.31,13,377,43.7,25.2
SHARDAMOTR,SHARDAMOTREQN,945.1,948.0,948.0,2.9,0.31,51,48348,1189.9,700.0
BLKASHYAP,BLKASHYAPEQN,51.9,52.06,52.06,0.16,0.31,619,32225,63.79,40.32
BIOCON,BIOCONEQN,374.9,376.05,376.05,1.15,0.31,6875,2585343,447.15,337.05
DHOOTTRANS,DHOOTTRANSEQN,1504.2,1508.9,1508.9,4.7,0.31,2044,3084191,1735.3,1131.0
SWELECTES,SWELECTESEQN,590.4,592.15,592.15,1.75,0.3,25,14803,977.0,483.1
UCOBANK,UCOBANKEQN,23.33,23.4,23.4,0.07,0.3,64002,1497646,34.2,22.22
SALZERELEC,SALZERELECEQN,535.55,537.15,537.15,1.6,0.3,1,537,952.5,488.8
TTKHLTCARE,TTKHLTCAREEQN,1013.6,1016.6,1016.6,3.0,0.3,15,15249,1247.0,735.0
KUANTUM,KUANTUMEQN,76.71,76.94,76.94,0.23,0.3,204,15695,113.0,65.01
UGROCAP,UGROCAPEQN,80.29,80.53,80.53,0.24,0.3,11,885,192.5,80.12
GOCOLORS,GOCOLORSEQN,304.8,305.7,305.7,0.9,0.3,181,55331,715.45,237.05
TCPLPACK,TCPLPACKEQN,3987.8,3999.9,3999.9,12.1,0.3,20,79998,4410.9,2200.0
BOROSCI,BOROSCIEQN,114.13,114.47,114.47,0.34,0.3,11,1259,180.8,96.64
TAJGVK,TAJGVKEQN,315.25,316.2,316.2,0.95,0.3,12,3794,438.25,281.35
PGINVIT,PGINVITIVN,102.01,102.32,102.32,0.31,0.3,3499,358017,104.5,86.3
BLUEJET,BLUEJETEQN,557.3,558.95,558.95,1.65,0.3,209,116820,692.9,325.0
CELEBRITY,CELEBRITYEQN,6.68,6.7,6.7,0.02,0.3,550,3685,11.97,5.65
THYROCARE,THYROCAREEQN,548.3,549.95,549.95,1.65,0.3,286,157285,662.0,342.55
CRAFTSMAN,CRAFTSMANEQN,10534.0,10566.0,10566.0,32.0,0.3,36,380376,11999.0,6324.0
AGARIND,AGARINDEQN,397.15,398.35,398.35,1.2,0.3,100,39835,951.6,360.0
APOLLOTYRE,APOLLOTYREEQN,389.6,390.75,390.75,1.15,0.3,337,131682,540.5,365.3
SUYOG,SUYOGEQN,641.9,643.8,643.8,1.9,0.3,70,45066,921.15,526.5
EKC,EKCEQN,107.03,107.35,107.35,0.32,0.3,369,39612,154.55,90.25
INDOCO,INDOCOEQN,249.06,249.8,249.8,0.74,0.3,311,77687,317.35,162.19
LICMFGOLD,LICMFGOLDEQN,132.2,132.6,132.6,0.4,0.3,1519,201419,162.0,102.5
OMPOWER,OMPOWEREQN,162.71,163.19,163.19,0.48,0.3,155,25294,206.0,158.01
BFINVEST,BFINVESTEQN,435.2,436.5,436.5,1.3,0.3,1,436,584.7,315.0
AZADIND,AZADINDEQN,82.3,82.55,82.55,0.25,0.3,100,8255,98.99,70.41
JKTYRE,JKTYREEQN,337.8,338.8,338.8,1.0,0.3,1519,514637,611.9,337.1
SURAJEST,SURAJESTEQN,217.27,217.89,217.89,0.62,0.29,170,37041,319.0,165.0
AYMSYNTEX,AYMSYNTEXEQN,291.15,292.0,292.0,0.85,0.29,2,584,330.0,141.53
LAXMIDENTL,LAXMIDENTLEQN,192.7,193.26,193.26,0.56,0.29,18,3478,344.8,155.88
INSECTICID,INSECTICIDEQN,598.35,600.1,600.1,1.75,0.29,25,15002,777.6,518.6
CEWATER,CEWATEREQN,258.25,259.0,259.0,0.75,0.29,46,11914,516.5,235.0
DIAMONDYD,DIAMONDYDEQN,1066.2,1069.3,1069.3,3.1,0.29,1,1069,1245.0,858.9
JAGRAN,JAGRANEQN,62.05,62.23,62.23,0.18,0.29,23,1431,78.9,59.5
MOIL,MOILEQN,242.05,242.75,242.75,0.7,0.29,515,125016,404.9,234.06
EIDPARRY,EIDPARRYEQN,706.45,708.5,708.5,2.05,0.29,299,211841,1118.0,682.75
INDOFARM,INDOFARMEQN,134.27,134.66,134.66,0.39,0.29,434,58442,271.69,110.7
BANARISUG,BANARISUGEQN,3383.7,3393.6,3393.6,9.9,0.29,1,3393,4338.0,3105.2
SIYSIL,SIYSILEQN,533.35,534.9,534.9,1.55,0.29,46,24605,848.8,433.35
QUICKHEAL,QUICKHEALEQN,143.4,143.82,143.82,0.42,0.29,258,37105,371.4,125.0
JTEKTINDIA,JTEKTINDIAEQN,116.21,116.55,116.55,0.34,0.29,70,8158,171.31,114.82
RAYMOND,RAYMONDEQN,1179.95,1183.4,1183.4,3.45,0.29,2536,3001102,1236.0,320.0
KOTHARIPET,KOTHARIPETEQN,130.84,131.22,131.22,0.38,0.29,254,33329,155.47,94.75
TTKPRESTIG,TTKPRESTIGEQN,513.85,515.35,515.35,1.5,0.29,5,2576,771.2,423.0
SRM,SRMEQN,407.35,408.55,408.55,1.2,0.29,41,16750,649.95,361.35
GANESHHOU,GANESHHOUEQN,718.55,720.65,720.65,2.1,0.29,1,720,899.7,500.0
SUMICHEM,SUMICHEMEQN,433.75,435.0,435.0,1.25,0.29,85,36975,572.05,362.6
SHREEJISPG,SHREEJISPGEQN,752.8,755.0,755.0,2.2,0.29,1072,809360,761.9,222.0
THELEELA,THELEELAEQN,547.9,549.45,549.45,1.55,0.28,785,431318,582.85,384.5
ROLEXRINGS,ROLEXRINGSEQN,193.45,194.0,194.0,0.55,0.28,14257,2765858,198.45,99.79
APOLLOHOSP,APOLLOHOSPEQN,8860.0,8885.0,8885.0,25.0,0.28,692,6148420,9070.5,6696.5
RGL,RGLEQN,163.23,163.69,163.69,0.46,0.28,147,24062,173.8,85.0
SPORTKING,SPORTKINGEQN,207.42,208.0,208.0,0.58,0.28,11,2288,241.51,78.17
GOLD360,GOLD360EQN,142.95,143.35,143.35,0.4,0.28,5,716,178.0,110.55
ALOKINDS,ALOKINDSEQN,7.22,7.24,7.24,0.02,0.28,16232,117519,18.45,6.98
MOGOLD,MOGOLDEQN,145.05,145.45,145.45,0.4,0.28,235,34180,175.0,113.1
COFFEEDAY,COFFEEDAYEQN,29.92,30.0,30.0,0.08,0.27,8,240,44.8,21.0
ONESOURCE,ONESOURCEEQN,1565.8,1570.0,1570.0,4.2,0.27,115,180550,1925.0,1057.0
APTUS,APTUSEQN,237.47,238.1,238.1,0.63,0.27,550,130955,332.0,193.03
FORTIS,FORTISEQN,830.75,833.0,833.0,2.25,0.27,672,559776,1104.3,766.8
J&KBANK,J&KBANKEQN,142.25,142.63,142.63,0.38,0.27,10010,1427726,201.75,97.35
ARVIND,ARVINDEQN,543.6,545.05,545.05,1.45,0.27,455,247997,607.15,277.9
SUNDRMFAST,SUNDRMFASTEQN,1166.6,1169.8,1169.8,3.2,0.27,957,1119498,1347.2,730.1
TCI,TCIEQN,864.85,867.2,867.2,2.35,0.27,888,770073,1242.0,797.0
INDIGRID,INDIGRIDIVN,172.53,172.99,172.99,0.46,0.27,3584,619996,180.9,161.01
BOSCHLTD,BOSCHLTDEQN,47020.0,47145.0,47145.0,125.0,0.27,27,1272915,50000.0,28610.0
PONNIERODE,PONNIERODEEQN,390.0,391.05,391.05,1.05,0.27,26,10167,455.0,252.4
AURIONPRO,AURIONPROEQN,642.5,644.25,644.25,1.75,0.27,379,244170,1240.0,638.55
DECNGOLD,DECNGOLDEQN,205.1,205.65,205.65,0.55,0.27,5819,1196677,250.8,114.8
DHAMPURSUG,DHAMPURSUGEQN,172.42,172.88,172.88,0.46,0.27,446,77104,199.92,110.0
VASCONEQ,VASCONEQEQN,34.96,35.05,35.05,0.09,0.26,70,2453,74.59,26.75
GOPAL,GOPALEQN,254.8,255.45,255.45,0.65,0.26,5,1277,364.4,247.55
MARINE,MARINEEQN,428.2,429.3,429.3,1.1,0.26,3257,1398230,450.0,150.86
CMSINFO,CMSINFOEQN,228.01,228.6,228.6,0.59,0.26,370,84582,393.3,220.99
INOXINDIA,INOXINDIAEQN,2051.1,2056.5,2056.5,5.4,0.26,388,797922,2339.5,1068.2
GAJA,GAJAEQN,140.93,141.3,141.3,0.37,0.26,2032,287121,191.65,137.5
INDSWFTLAB,INDSWFTLABEQN,408.1,409.1,409.1,1.0,0.25,884,361644,419.8,87.15
MASTEK,MASTEKEQN,1555.9,1559.8,1559.8,3.9,0.25,192,299481,2369.0,1334.2
AFIL,AFILEQN,7.89,7.91,7.91,0.02,0.25,121,957,11.1,3.92
SPLPETRO,SPLPETROEQN,864.85,867.0,867.0,2.15,0.25,961,833187,979.0,462.3
KPITTECH,KPITTECHEQN,509.0,510.25,510.25,1.25,0.25,4248,2167542,1284.9,506.0
GLASSWALL,GLASSWALLEQN,270.32,271.0,271.0,0.68,0.25,16673,4518383,317.9,185.2
ACMESOLAR,ACMESOLAREQN,437.9,438.95,438.95,1.05,0.24,2448,1074549,476.9,195.9
PTL,PTLEQN,37.9,37.99,37.99,0.09,0.24,12,455,43.77,36.1
NSLNISP,NSLNISPEQN,41.78,41.88,41.88,0.1,0.24,16580,694370,53.75,33.01
DATAPATTNS,DATAPATTNSEQN,4276.8,4287.0,4287.0,10.2,0.24,2105,9024135,5000.0,2131.0
NACLIND,NACLINDEQN,136.53,136.86,136.86,0.33,0.24,129,17654,245.0,112.62
LALITHAA,LALITHAAEQN,357.15,358.0,358.0,0.85,0.24,10269,3676302,389.0,240.35
SKYWAYS,SKYWAYSEQN,119.21,119.5,119.5,0.29,0.24,2712,324084,137.38,106.82
WSTCSTPAPR,WSTCSTPAPREQN,722.35,724.0,724.0,1.65,0.23,78,56472,777.0,375.0
RAIN,RAINEQN,215.45,215.95,215.95,0.5,0.23,3331,719329,252.0,99.9
KNACK,KNACKEQN,176.65,177.05,177.05,0.4,0.23,1598,282925,222.0,171.1
CMLL,CMLLEQN,524.8,526.0,526.0,1.2,0.23,180,94680,624.4,460.0
MOTISONS,MOTISONSEQN,18.04,18.08,18.08,0.04,0.22,142145,2569981,19.78,10.62
HIRECT,HIRECTEQN,1179.4,1182.0,1182.0,2.6,0.22,84,99288,1399.0,565.2
BHARATWIRE,BHARATWIREEQN,166.35,166.71,166.71,0.36,0.22,1162,193717,262.0,148.01
BHARTIHEXA,BHARTIHEXAEQN,1426.5,1429.7,1429.7,3.2,0.22,36,51469,1955.6,1422.0
MSTCLTD,MSTCLTDEQN,710.4,711.95,711.95,1.55,0.22,82,58379,805.0,362.15
SOBHA,SOBHAEQN,1218.7,1221.4,1221.4,2.7,0.22,102,124582,1732.0,1130.0
AIAENG,AIAENGEQN,3841.4,3850.0,3850.0,8.6,0.22,51,196350,5180.0,3045.0
LLOYDSME,LLOYDSMEEQN,1836.3,1840.3,1840.3,4.0,0.22,528,971678,2125.0,1042.9
NGLFINE,NGLFINEEQN,2730.0,2736.0,2736.0,6.0,0.22,3,8208,3602.0,1271.0
SUNSHINE,SUNSHINEEQN,448.85,449.85,449.85,1.0,0.22,1701,765194,524.95,326.25
EXICOM,EXICOMEQN,156.07,156.4,156.4,0.33,0.21,632,98844,189.17,75.6
SANDUMA,SANDUMAEQN,181.51,181.9,181.9,0.39,0.21,850,154615,273.0,160.8
ZYDUSLIFE,ZYDUSLIFEEQN,1215.0,1217.6,1217.6,2.6,0.21,5392,6565299,1228.6,835.5
GICHSGFIN,GICHSGFINEQN,135.72,136.0,136.0,0.28,0.21,60,8160,184.0,130.05
PTC,PTCEQN,154.88,155.2,155.2,0.32,0.21,9164,1422252,229.51,149.59
SUNDARMFIN,SUNDARMFINEQN,4453.4,4462.8,4462.8,9.4,0.21,101,450742,5642.0,4000.0
GOLDADD,GOLDADDEQN,14.24,14.27,14.27,0.03,0.21,61,870,18.1,11.08
HINDOILEXP,HINDOILEXPEQN,172.98,173.35,173.35,0.37,0.21,3566,618166,201.44,117.5
ESABINDIA,ESABINDIAEQN,5518.5,5530.0,5530.0,11.5,0.21,1,5530,7319.5,4710.0
OMINFRAL,OMINFRALEQN,78.75,78.91,78.91,0.16,0.2,501,39533,135.0,71.5
LINCOLN,LINCOLNEQN,581.85,583.0,583.0,1.15,0.2,14,8162,770.0,440.0
SBILIFE,SBILIFEEQN,1728.1,1731.6,1731.6,3.5,0.2,451,780951,2132.0,1652.9
PARKHOTELS,PARKHOTELSEQN,103.57,103.78,103.78,0.21,0.2,1265,131281,158.36,95.1
FEDERALBNK,FEDERALBNKEQN,325.0,325.65,325.65,0.65,0.2,10910,3552841,371.7,189.05
GLENMARK,GLENMARKEQN,2325.7,2330.4,2330.4,4.7,0.2,1119,2607717,2537.6,1792.6
UFO,UFOEQN,58.87,58.99,58.99,0.12,0.2,1,58,92.97,53.75
INDOMIM,INDOMIMEQN,1227.6,1230.0,1230.0,2.4,0.2,1147,1410810,1349.0,700.0
EGOLD,EGOLDEQN,146.55,146.85,146.85,0.3,0.2,500,73425,184.95,112.1
LCL,LCLEQN,570.2,571.35,571.35,1.15,0.2,339,193687,609.4,461.0
JPPOWER,JPPOWEREQN,15.52,15.55,15.55,0.03,0.19,216138,3360945,24.5,13.15
SAMMAANCAP,SAMMAANCAPEQN,138.82,139.08,139.08,0.26,0.19,5108,710420,192.95,129.0
IRFC,IRFCEQN,78.55,78.7,78.7,0.15,0.19,81675,6427822,137.17,78.16
POONAWALLA,POONAWALLAEQN,445.15,446.0,446.0,0.85,0.19,1438,641348,570.4,361.2
QGOLDHALF,QGOLDHALFEQN,121.37,121.6,121.6,0.23,0.19,1000,121600,149.69,93.31
IPL,IPLEQN,131.56,131.8,131.8,0.24,0.18,280,36904,213.96,125.0
ANANDRATHI,ANANDRATHIEQN,2146.2,2150.0,2150.0,3.8,0.18,282,606300,2268.4,1353.85
ASHOKLEY,ASHOKLEYEQN,155.22,155.5,155.5,0.28,0.18,25635,3986242,215.42,134.21
ANUP,ANUPEQN,1632.0,1635.0,1635.0,3.0,0.18,13,21255,2524.0,1422.3
GRWRHITECH,GRWRHITECHEQN,6653.5,6665.5,6665.5,12.0,0.18,53,353271,7990.0,2690.7
TATACONSUM,TATACONSUMEQN,960.0,961.7,961.7,1.7,0.18,4355,4188203,1282.7,955.5
INDIQUBE,INDIQUBEEQN,199.44,199.8,199.8,0.36,0.18,123,24575,235.79,131.15
AMAGI,AMAGIEQN,560.0,561.0,561.0,1.0,0.18,77,43197,727.4,310.2
CFEL,CFELBEN,44.92,45.0,45.0,0.08,0.18,50,2250,52.8,24.36
MVGJL,MVGJLEQN,215.94,216.3,216.3,0.36,0.17,575,124372,233.99,129.1
RUPA,RUPAEQN,132.75,132.98,132.98,0.23,0.17,647,86038,209.9,109.21
PGHH,PGHHEQN,6888.5,6900.0,6900.0,11.5,0.17,33,227700,14509.0,6875.0
BLS,BLSEQN,221.22,221.6,221.6,0.38,0.17,2381,527629,359.0,218.9
KPIL,KPILEQN,1375.6,1378.0,1378.0,2.4,0.17,1541,2123498,1479.6,1007.1
RALLIS,RALLISEQN,199.42,199.75,199.75,0.33,0.17,990,197752,315.0,196.81
POWERGRID,POWERGRIDEQN,261.85,262.3,262.3,0.45,0.17,53450,14019935,324.95,250.0
ICICIAMC,ICICIAMCEQN,3214.5,3220.0,3220.0,5.5,0.17,433,1394260,3611.0,2530.0
GOLDAXIS,GOLDAXISEQN,121.46,121.67,121.67,0.21,0.17,494,60104,150.0,95.7
SPAL,SPALEQN,948.5,950.0,950.0,1.5,0.16,6,5700,1221.9,600.0
JSFB,JSFBEQN,499.2,500.0,500.0,0.8,0.16,458,229000,606.95,330.0
STYLEBAAZA,STYLEBAAZAEQN,394.5,395.15,395.15,0.65,0.16,14776,5838736,447.1,229.95
ACC,ACCEQN,1213.5,1215.5,1215.5,2.0,0.16,197,239453,1987.0,1210.8
RAINBOW,RAINBOWEQN,1372.6,1374.8,1374.8,2.2,0.16,99,136105,1610.0,1084.0
JSL,JSLEQN,745.7,746.9,746.9,1.2,0.16,172,128466,884.0,652.25
JINDWORLD,JINDWORLDEQN,48.69,48.77,48.77,0.08,0.16,12866,627474,61.99,17.85
EMUDHRA,EMUDHRAEQN,649.25,650.2,650.2,0.95,0.15,2125,1381675,690.9,364.55
BHAGCHEM,BHAGCHEMEQN,241.1,241.45,241.45,0.35,0.15,17,4104,316.9,170.6
COSMOFIRST,COSMOFIRSTEQN,842.75,844.0,844.0,1.25,0.15,1,844,996.0,560.8
UNIONBANK,UNIONBANKEQN,171.75,172.0,172.0,0.25,0.15,16274,2799128,205.49,134.26
TARACHAND,TARACHANDEQN,47.44,47.51,47.51,0.07,0.15,11,522,103.67,45.16
GOODLUCK,GOODLUCKEQN,522.0,522.75,522.75,0.75,0.14,145,75798,557.37,305.0
CANTABIL,CANTABILEQN,230.67,231.0,231.0,0.33,0.14,324,74844,321.5,208.5
JKIL,JKILEQN,461.25,461.9,461.9,0.65,0.14,231,106698,672.0,425.0
DPSCLTD,DPSCLTDBEN,6.99,7.0,7.0,0.01,0.14,830,5810,13.31,6.72
GUFICBIO,GUFICBIOEQN,420.4,421.0,421.0,0.6,0.14,103,43363,467.8,268.0
MAZDA,MAZDABEN,285.15,285.55,285.55,0.4,0.14,105,29982,308.0,159.2
BLUECLOUDS,BLUECLOUDSEQN,21.71,21.74,21.74,0.03,0.14,34254,744681,24.5,18.85
MADHAVIPL,MADHAVIPLEQN,7.39,7.4,7.4,0.01,0.14,450,3330,9.9,6.95
GROWWSLVR,GROWWSLVREQN,21.56,21.59,21.59,0.03,0.14,1677,36206,36.3,13.59
TVTODAY,TVTODAYEQN,105.06,105.2,105.2,0.14,0.13,20,2104,153.01,93.5
GREAVESCOT,GREAVESCOTEQN,230.4,230.7,230.7,0.3,0.13,9953,2296157,271.9,119.99
DEEPAKNTR,DEEPAKNTREQN,1550.8,1552.8,1552.8,2.0,0.13,240,372672,1897.9,1280.0
DIVISLAB,DIVISLABEQN,9550.0,9562.0,9562.0,12.0,0.13,1095,10470390,9740.0,5636.5
SUPRIYA,SUPRIYAEQN,984.75,986.0,986.0,1.25,0.13,464,457504,1085.0,545.5
OPTIEMUS,OPTIEMUSEQN,809.95,810.9,810.9,0.95,0.12,3200,2594880,850.65,288.0
RELAXO,RELAXOEQN,290.75,291.1,291.1,0.35,0.12,166,48322,473.1,236.5
AVTNPL,AVTNPLEQN,86.61,86.71,86.71,0.1,0.12,201,17428,102.0,53.5
ADANIENT,ADANIENTEQN,2831.1,2834.6,2834.6,3.5,0.12,1956,5544477,3245.0,1753.0
RAMCOCEM,RAMCOCEMEQN,848.65,849.7,849.7,1.05,0.12,43,36537,1214.5,838.3
UTIAMC,UTIAMCEQN,893.9,895.0,895.0,1.1,0.12,24,21480,1409.0,866.0
KLBRENG-B,KLBRENG-BEQN,514.4,515.0,515.0,0.6,0.12,3,1545,544.85,332.4
IRCTC,IRCTCEQN,453.5,454.0,454.0,0.5,0.11,2744,1245776,735.75,446.5
MAITHANALL,MAITHANALLEQN,939.0,940.0,940.0,1.0,0.11,124,116560,1210.1,831.2
JYOTISTRUC,JYOTISTRUCEQN,8.75,8.76,8.76,0.01,0.11,27472,240654,15.49,7.94
SFL,SFLEQN,629.3,630.0,630.0,0.7,0.11,22,13860,832.45,456.8
BANDHANBNK,BANDHANBNKEQN,181.0,181.2,181.2,0.2,0.11,4475,810870,220.76,134.25
UNICHEMLAB,UNICHEMLABEQN,536.4,537.0,537.0,0.6,0.11,160,85920,687.2,278.2
TEMPSENS,TEMPSENSEQN,530.5,531.1,531.1,0.6,0.11,1390,738229,634.85,505.05
DIVGIITTS,DIVGIITTSEQN,1218.6,1220.0,1220.0,1.4,0.11,1065,1299300,1329.8,573.7
PPLPHARMA,PPLPHARMAEQN,206.59,206.8,206.8,0.21,0.1,11993,2480152,231.93,132.3
ECLERX,ECLERXEQN,1816.2,1818.0,1818.0,1.8,0.1,174,316332,2497.5,1320.0
MRF,MRFEQN,123425.0,123550.0,123550.0,125.0,0.1,9,1111950,163600.0,122000.0
DCMSRIND,DCMSRINDEQN,39.01,39.05,39.05,0.04,0.1,49,1913,181.9,31.9
PRINCEPIPE,PRINCEPIPEEQN,257.75,258.0,258.0,0.25,0.1,389,100362,352.2,205.0
METROPOLIS,METROPOLISEQN,572.3,572.85,572.85,0.55,0.1,60,34371,609.05,412.25
LCCPROJECT,LCCPROJECTEQN,149.35,149.5,149.5,0.15,0.1,1973,294963,189.0,140.57
GLOBUSSPR,GLOBUSSPREQN,819.15,820.0,820.0,0.85,0.1,84,68880,1252.8,800.05
ITC,ITCEQN,265.2,265.45,265.45,0.25,0.09,23541,6248958,426.4,255.5
NIITLTD,NIITLTDEQN,86.92,87.0,87.0,0.08,0.09,151,13137,111.1,49.0
STEELXIND,STEELXINDEQN,11.1,11.11,11.11,0.01,0.09,12441,138219,13.95,7.0
EQUITASBNK,EQUITASBNKEQN,66.02,66.08,66.08,0.06,0.09,18053,1192942,83.9,51.25
SAURASHCEM,SAURASHCEMEQN,53.35,53.4,53.4,0.05,0.09,211,11267,112.25,47.65
MANALIPETC,MANALIPETCEQN,82.02,82.09,82.09,0.07,0.09,2798,229687,93.0,39.13
TEGA,TEGAEQN,2011.5,2013.4,2013.4,1.9,0.09,252,507376,2175.0,1473.0
MOLDTKPAC,MOLDTKPACEQN,649.4,650.0,650.0,0.6,0.09,831,540150,815.0,464.9
JAINREC,JAINRECEQN,281.75,282.0,282.0,0.25,0.09,884,249288,593.95,247.57
NIACL,NIACLEQN,169.84,170.0,170.0,0.16,0.09,3070,521900,242.6,116.97
CROMPTON,CROMPTONEQN,218.8,219.0,219.0,0.2,0.09,4481,981339,310.5,214.51
SHANKESH,SHANKESHEQN,90.42,90.5,90.5,0.08,0.09,8365,757032,115.9,87.25
SBIFUNDS,SBIFUNDSEQN,522.9,523.35,523.35,0.45,0.09,1837,961393,624.95,521.05
LALPATHLAB,LALPATHLABEQN,1942.1,1943.6,1943.6,1.5,0.08,610,1185596,2038.6,1272.6
HUBTOWN,HUBTOWNEQN,167.87,168.0,168.0,0.13,0.08,670,112560,339.0,167.55
AWFIS,AWFISEQN,250.2,250.4,250.4,0.2,0.08,401,100410,639.4,229.05
PFC,PFCEQN,330.0,330.25,330.25,0.25,0.08,8638,2852699,486.5,329.05
ADANIPOWER,ADANIPOWEREQN,196.14,196.3,196.3,0.16,0.08,55503,10895238,254.2,128.1
TANLA,TANLAEQN,497.3,497.7,497.7,0.4,0.08,841,418565,748.45,365.9
POCL,POCLEQN,452.65,453.0,453.0,0.35,0.08,254,115062,647.6,392.2
LAOPALA,LAOPALAEQN,155.88,156.0,156.0,0.12,0.08,1400,218400,250.9,155.0
MEDIASSIST,MEDIASSISTEQN,307.75,308.0,308.0,0.25,0.08,487,149996,575.55,293.0
INDIAMART,INDIAMARTEQN,1637.0,1638.3,1638.3,1.3,0.08,497,814235,2525.9,1619.0
BSE,BSEEQN,3097.5,3100.0,3100.0,2.5,0.08,21390,66309000,4446.8,2035.1
KRISHIVAL,KRISHIVALEQN,413.65,414.0,414.0,0.35,0.08,57,23598,483.81,282.3
SKMEGGPROD,SKMEGGPRODEQN,211.35,211.5,211.5,0.15,0.07,422,89253,372.0,143.1
KSL,KSLEQN,952.35,953.0,953.0,0.65,0.07,92,87676,1032.9,574.0
SJVN,SJVNEQN,61.06,61.1,61.1,0.04,0.07,6114,373565,92.16,60.55
MUTHOOTMF,MUTHOOTMFEQN,178.84,178.96,178.96,0.12,0.07,90,16106,262.77,141.2
IDEAFORGE,IDEAFORGEEQN,716.4,716.9,716.9,0.5,0.07,700,501830,992.25,366.0
LICHSGFIN,LICHSGFINEQN,564.15,564.55,564.55,0.4,0.07,6281,3545938,598.2,458.9
BOROLTD,BOROLTDEQN,280.8,281.0,281.0,0.2,0.07,1029,289149,363.4,213.73
MOREPENLAB,MOREPENLABEQN,120.71,120.8,120.8,0.09,0.07,42187,5096189,126.8,33.05
XTRANET,XTRANETEQN,285.76,285.97,285.97,0.21,0.07,2095,599107,358.5,122.5
SPECIALITY,SPECIALITYBEN,150.89,151.0,151.0,0.11,0.07,20,3020,167.46,82.7
RKDL,RKDLEQN,18.02,18.03,18.03,0.01,0.06,2,36,28.2,16.3
GPIL,GPILEQN,225.46,225.6,225.6,0.14,0.06,1840,415104,320.0,221.21
PGHL,PGHLEQN,5399.5,5403.0,5403.0,3.5,0.06,4,21612,6975.0,4707.0
NLCINDIA,NLCINDIAEQN,256.7,256.85,256.85,0.15,0.06,720,184932,387.8,230.0
JAIBALAJI,JAIBALAJIEQN,63.51,63.55,63.55,0.04,0.06,2,127,102.0,53.65
KSCL,KSCLEQN,769.5,770.0,770.0,0.5,0.06,653,502810,1095.9,685.0
EMIL,EMILEQN,192.89,193.0,193.0,0.11,0.06,2994,577842,204.5,84.9
HERANBA,HERANBAEQN,179.94,180.05,180.05,0.11,0.06,242,43572,327.0,155.38
GILLETTE,GILLETTEEQN,6925.5,6930.0,6930.0,4.5,0.06,37,256410,9933.0,6900.5
VEDPOWER,VEDPOWEREQN,32.15,32.17,32.17,0.02,0.06,42689,1373305,49.88,30.44
IXIGO,IXIGOEQN,155.08,155.16,155.16,0.08,0.05,647,100388,339.15,151.27
ZENSARTECH,ZENSARTECHEQN,436.7,436.9,436.9,0.2,0.05,2667,1165212,822.0,416.15
SENORES,SENORESEQN,1351.8,1352.5,1352.5,0.7,0.05,93,125782,1599.0,662.45
ASAHIINDIA,ASAHIINDIAEQN,933.55,934.0,934.0,0.45,0.05,55,51370,1074.0,775.1
KTKBANK,KTKBANKEQN,321.85,322.0,322.0,0.15,0.05,1554,500388,345.9,170.26
CEIGALL,CEIGALLEQN,378.55,378.75,378.75,0.2,0.05,356,134835,405.7,222.61
INDIGOPNTS,INDIGOPNTSEQN,1110.0,1110.6,1110.6,0.6,0.05,150,166590,1345.9,708.05
MANKIND,MANKINDEQN,2435.6,2436.8,2436.8,1.2,0.05,257,626257,2642.0,1909.7
LXCHEM,LXCHEMEQN,177.47,177.56,177.56,0.09,0.05,1335,237042,216.8,107.6
PRIVISCL,PRIVISCLEQN,3605.3,3607.2,3607.2,1.9,0.05,16,57715,3785.3,2339.5
HIKAL,HIKALEQN,208.8,208.9,208.9,0.1,0.05,468,97765,261.0,146.25
POLYCAB,POLYCABEQN,8191.0,8195.0,8195.0,4.0,0.05,666,5457870,10126.0,6663.0
GREENPLY,GREENPLYEQN,279.75,279.9,279.9,0.15,0.05,341,95445,334.4,176.42
COROMANDEL,COROMANDELEQN,1899.1,1900.0,1900.0,0.9,0.05,490,931000,2499.0,1706.5
SHRIPISTON,SHRIPISTONEQN,4645.3,4647.5,4647.5,2.2,0.05,53,246317,4843.0,2525.8
RUBICON,RUBICONEQN,1592.8,1593.6,1593.6,0.8,0.05,651,1037433,1899.0,570.75
SAREGAMA,SAREGAMAEQN,489.6,489.85,489.85,0.25,0.05,994,486910,574.5,307.05
FRACTAL,FRACTALEQN,742.1,742.45,742.45,0.35,0.05,459,340784,1118.0,733.7
ABREL,ABRELEQN,1191.5,1192.1,1192.1,0.6,0.05,120,143052,1914.0,1080.1
MCLOUD,MCLOUDEQN,23.95,23.96,23.96,0.01,0.04,11740,281290,79.32,19.4
LT,LTEQN,3766.4,3768.0,3768.0,1.6,0.04,5249,19778232,4440.0,3288.1
ITI,ITIEQN,245.8,245.9,245.9,0.1,0.04,413,101556,372.85,237.0
CAPINVIT,CAPINVITIVN,76.92,76.95,76.95,0.03,0.04,254,19545,79.99,67.0
SONAMLTD,SONAMLTDBEN,69.54,69.57,69.57,0.03,0.04,1,69,80.32,37.4
SJS,SJSEQN,2261.7,2262.5,2262.5,0.8,0.04,197,445712,2590.0,1418.1
ATL,ATLEQN,24.85,24.86,24.86,0.01,0.04,6,149,37.76,18.2
JINDALPOLY,JINDALPOLYEQN,679.65,679.95,679.95,0.3,0.04,15,10199,1026.45,365.0
WEL,WELEQN,73.72,73.75,73.75,0.03,0.04,394,29057,183.53,68.01
TEXMOPIPES,TEXMOPIPESEQN,55.48,55.5,55.5,0.02,0.04,474,26307,64.5,33.0
VENUSREM,VENUSREMEQN,1629.2,1629.8,1629.8,0.6,0.04,106,172758,2044.3,428.0
IGL,IGLEQN,143.44,143.5,143.5,0.06,0.04,4379,628386,223.5,141.74
KSOLVES,KSOLVESEQN,245.5,245.6,245.6,0.1,0.04,83,20384,353.99,243.0
SGMART,SGMARTEQN,729.5,729.8,729.8,0.3,0.04,77,56194,860.6,313.1
ALEMBICLTD,ALEMBICLTDEQN,106.91,106.95,106.95,0.04,0.04,1235,132083,117.72,70.46
IMAGICAA,IMAGICAAEQN,51.29,51.31,51.31,0.02,0.04,536,27502,62.0,36.84
KISSHT,KISSHTEQN,344.9,345.05,345.05,0.15,0.04,904,311925,373.0,190.0
BASML,BASMLBEN,23.95,23.96,23.96,0.01,0.04,1,23,31.9,17.05
UNOMINDA,UNOMINDAEQN,1173.0,1173.3,1173.3,0.3,0.03,189,221753,1382.0,994.0
GUJALKALI,GUJALKALIEQN,606.2,606.4,606.4,0.2,0.03,41,24862,815.0,409.15
IRBINVIT,IRBINVITIVN,64.33,64.35,64.35,0.02,0.03,2227,143307,65.25,57.05
AEROENTER,AEROENTEREQN,121.66,121.7,121.7,0.04,0.03,705,85798,159.6,62.2
CHEMCRUX,CHEMCRUXEQN,78.78,78.8,78.8,0.02,0.03,1,78,89.29,77.5
OMNI,OMNIEQN,525.85,526.0,526.0,0.15,0.03,1555,817930,764.85,176.25
HYUNDAI,HYUNDAIEQN,2050.7,2051.1,2051.1,0.4,0.02,731,1499354,2706.0,1658.0
RAYMONDLSL,RAYMONDLSLEQN,672.0,672.15,672.15,0.15,0.02,30,20164,1246.4,628.25
NORTHARC,NORTHARCEQN,291.1,291.15,291.15,0.05,0.02,883,257085,334.0,206.0
DCAL,DCALEQN,164.27,164.3,164.3,0.03,0.02,3,492,306.0,128.5
DALMIASUG,DALMIASUGEQN,414.8,414.9,414.9,0.1,0.02,552,229024,520.0,261.4
ELGIEQUIP,ELGIEQUIPEQN,598.85,598.95,598.95,0.1,0.02,233,139555,653.4,408.25
CONCORDBIO,CONCORDBIOEQN,1392.7,1393.0,1393.0,0.3,0.02,120,167160,1667.6,987.0
GLAND,GLANDEQN,2896.0,2896.6,2896.6,0.6,0.02,321,929808,3042.0,1573.6
IPCALAB,IPCALABEQN,1919.3,1919.7,1919.7,0.4,0.02,214,410815,2038.0,1251.6
MPHASIS,MPHASISEQN,2237.5,2238.0,2238.0,0.5,0.02,141,315558,2975.0,2013.0
63MOONS,63MOONSEQN,818.6,818.8,818.8,0.2,0.02,698,571522,957.95,467.0
NUCLEUS,NUCLEUSEQN,661.5,661.6,661.6,0.1,0.02,18,11908,1064.8,658.8
NAVINFLUOR,NAVINFLUOREQN,8432.5,8434.5,8434.5,2.0,0.02,43,362683,8949.5,4498.5
ENRIN,ENRINEQN,3189.0,3189.5,3189.5,0.5,0.02,569,1814825,3968.0,2115.0
BSLGOLDETF,BSLGOLDETFEQN,129.35,129.38,129.38,0.03,0.02,1017,131579,155.99,100.33
SIMPLEXINF,SIMPLEXINFEQN,241.1,241.15,241.15,0.05,0.02,400,96460,318.0,137.0
VAML,VAMLEQN,420.05,420.15,420.15,0.1,0.02,7574,3182216,537.0,401.15
GCSL,GCSLEQN,667.35,667.5,667.5,0.15,0.02,201,134167,670.5,213.15
SONACOMS,SONACOMSEQN,807.9,808.0,808.0,0.1,0.01,2927,2365016,844.0,402.3
RAJRATAN,RAJRATANEQN,460.95,461.0,461.0,0.05,0.01,8,3688,563.95,305.55
SYMPHONY,SYMPHONYEQN,585.95,586.0,586.0,0.05,0.01,203,118958,970.45,562.1
INDIANB,INDIANBEQN,802.45,802.5,802.5,0.05,0.01,3963,3180307,1000.9,706.35
BANKINDIA,BANKINDIAEQN,129.99,130.0,130.0,0.01,0.01,32831,4268030,178.36,116.26
TECHM,TECHMEQN,1542.2,1542.3,1542.3,0.1,0.01,3418,5271581,1854.0,1304.1
AKUMS,AKUMSEQN,799.95,800.0,800.0,0.05,0.01,699,559200,838.8,409.3
TGVSL,TGVSLEQN,121.88,121.89,121.89,0.01,0.01,8290,1010468,130.49,101.01
ICRA,ICRAEQN,4310.4,4311.0,4311.0,0.6,0.01,16,68976,6620.0,4305.0
TORNTPOWER,TORNTPOWEREQN,1237.2,1237.3,1237.3,0.1,0.01,369,456563,1824.1,1188.0
GALAXYSURF,GALAXYSURFEQN,2190.7,2191.0,2191.0,0.3,0.01,17,37247,2648.0,1510.0
JKPAPER,JKPAPEREQN,398.15,398.2,398.2,0.05,0.01,159,63313,444.8,304.85
KIRIINDUS,KIRIINDUSEQN,541.95,542.0,542.0,0.05,0.01,798,432516,779.0,333.8
SKFINDIA,SKFINDIAEQN,1511.8,1512.0,1512.0,0.2,0.01,42,63504,5074.0,1404.0
SRF,SRFEQN,2491.5,2491.8,2491.8,0.3,0.01,213,530753,3210.0,2355.0
ANURAS,ANURASEQN,1187.1,1187.2,1187.2,0.1,0.01,239,283740,1415.0,1045.2
ARE&M,ARE&MEQN,774.95,775.0,775.0,0.05,0.01,1204,933100,1023.0,670.0
CEATLTD,CEATLTDEQN,3274.7,3275.1,3275.1,0.4,0.01,62,203056,4438.0,3061.2
CMRGREEN,CMRGREENEQN,221.77,221.8,221.8,0.03,0.01,632,140177,268.96,205.25
BODALCHEM,BODALCHEMBEN,201.93,201.95,201.95,0.02,0.01,520,105014,207.7,42.81
URJA,URJAEQN,8.75,8.75,8.75,0.0,0.0,2493,21813,13.75,8.0
KMSUGAR,KMSUGAREQN,32.67,32.67,32.67,0.0,0.0,7089,231597,36.5,23.0
SITINET,SITINETBZN,0.27,0.27,0.27,0.0,0.0,2143,578,0.49,0.27
ORCHASP,ORCHASPEQN,1.34,1.34,1.34,0.0,0.0,1000,1340,4.16,1.25
TTL,TTLEQN,7.33,7.33,7.33,0.0,0.0,150,1099,10.73,5.5
PTCIL,PTCILEQN,21685.0,21685.0,21685.0,0.0,0.0,10,216850,24125.0,14499.0
PARAS,PARASEQN,1315.0,1315.0,1315.0,0.0,0.0,1998,2627370,1585.0,580.5
MAHSCOOTER,MAHSCOOTEREQN,12804.0,12804.0,12804.0,0.0,0.0,1,12804,18098.0,10901.0
SUNDARAM,SUNDARAMEQN,1.13,1.13,1.13,0.0,0.0,6222,7030,2.2,1.02
IFBAGRO,IFBAGROEQN,844.0,844.0,844.0,0.0,0.0,6,5064,1790.0,679.15
SADBHIN,SADBHINEQN,2.57,2.57,2.57,0.0,0.0,3,7,4.79,2.06
TIPSMUSIC,TIPSMUSICEQN,657.35,657.35,657.35,0.0,0.0,200,131470,741.0,481.15
TPHQ,TPHQBEN,0.5,0.5,0.5,0.0,0.0,2823,1411,0.86,0.4
SGFIN,SGFINEQN,589.75,589.75,589.75,0.0,0.0,2274,1341091,727.45,323.0
ZEEMEDIA,ZEEMEDIAEQN,7.29,7.29,7.29,0.0,0.0,2384,17379,11.89,6.65
WAAREEENER,WAAREEENEREQN,2455.0,2455.0,2455.0,0.0,0.0,1905,4676775,3718.8,2403.0
TVSHLTD,TVSHLTDEQN,12436.0,12436.0,12436.0,0.0,0.0,5,62180,16297.0,12185.0
MBLINFRA,MBLINFRAEQN,20.8,20.8,20.8,0.0,0.0,4,83,45.6,18.37
MMP,MMPEQN,452.25,452.25,452.25,0.0,0.0,20,9045,498.0,185.2
AFSL,AFSLEQN,201.0,201.0,201.0,0.0,0.0,18,3618,227.0,194.41
BAIDFIN,BAIDFINEQN,10.61,10.61,10.61,0.0,0.0,3,31,12.98,8.8
ORIENTTECH,ORIENTTECHEQN,233.81,233.81,233.81,0.0,0.0,406,94926,466.73,220.8
TCIFINANCE,TCIFINANCEEQN,14.75,14.75,14.75,0.0,0.0,5,73,38.46,10.0
ASHIMASYN,ASHIMASYNEQN,15.85,15.85,15.85,0.0,0.0,4,63,23.58,11.5
DRCSYSTEMS,DRCSYSTEMSEQN,12.52,12.52,12.52,0.0,0.0,76,951,21.5,11.5
PCJEWELLER,PCJEWELLEREQN,13.52,13.52,13.52,0.0,0.0,1355151,18321641,14.86,7.47
PANACEABIO,PANACEABIOEQN,366.45,366.45,366.45,0.0,0.0,418,153176,647.0,292.4
VMM,VMMEQN,100.81,100.81,100.81,0.0,0.0,12225,1232402,152.18,98.77
SADBHAV,SADBHAVEQN,7.19,7.19,7.19,0.0,0.0,19,136,14.7,6.05
ABFRL,ABFRLEQN,47.59,47.59,47.59,0.0,0.0,25914,1233247,88.99,47.25
NARMADA,NARMADAEQN,13.05,13.05,13.05,0.0,0.0,3247,42373,22.59,9.95
NIBE,NIBEEQN,1237.4,1237.4,1237.4,0.0,0.0,42,51970,1848.0,809.6
FIBERWEB,FIBERWEBEQN,26.4,26.4,26.4,0.0,0.0,60,1584,46.95,25.07
INDRAMEDCO,INDRAMEDCOEQN,360.0,360.0,360.0,0.0,0.0,39,14040,640.85,342.0
ARIHANTCAP,ARIHANTCAPEQN,89.81,89.81,89.81,0.0,0.0,384,34487,120.0,56.97
HNDFDS,HNDFDSEQN,602.15,602.15,602.15,0.0,0.0,52,31311,677.75,442.0
INOXGREEN,INOXGREENEQN,170.0,170.0,170.0,0.0,0.0,1708,290360,279.0,132.58
JBMA,JBMAEQN,571.05,571.05,571.05,0.0,0.0,277,158180,738.5,477.0
SATIA,SATIAEQN,68.1,68.1,68.1,0.0,0.0,625,42562,83.8,50.8
LTTS,LTTSEQN,3211.6,3211.6,3211.6,0.0,0.0,73,234446,4726.0,3010.0
NRBBEARING,NRBBEARINGEQN,541.5,541.5,541.5,0.0,0.0,1103,597274,559.9,212.55
NAVKARCORP,NAVKARCORPEQN,86.86,86.86,86.86,0.0,0.0,136,11812,131.36,74.05
TVSELECT,TVSELECTEQN,378.85,378.85,378.85,0.0,0.0,1,378,739.35,336.2
PARASPETRO,PARASPETROEQN,2.03,2.03,2.03,0.0,0.0,675,1370,3.23,1.53
GPTINFRA,GPTINFRAEQN,116.27,116.27,116.27,0.0,0.0,34,3953,150.0,96.22
VERTOZ,VERTOZEQN,36.17,36.17,36.17,0.0,0.0,17,614,77.3,27.02
PNGJL,PNGJLEQN,585.35,585.35,585.35,0.0,0.0,2729,1597420,736.4,503.0
UNIENTER,UNIENTEREQN,89.07,89.07,89.07,0.0,0.0,12,1068,158.0,87.51
GPTHEALTH,GPTHEALTHEQN,156.1,156.1,156.1,0.0,0.0,145,22634,175.0,115.0
KINGFA,KINGFAEQN,6384.0,6384.0,6384.0,0.0,0.0,30,191520,6435.0,3649.9
SALASAR,SALASAREQN,4.51,4.51,4.51,0.0,0.0,22382,100942,10.99,4.45
RPTECH,RPTECHEQN,883.95,883.95,883.95,0.0,0.0,235,207728,967.7,313.05
XPROINDIA,XPROINDIAEQN,1142.2,1142.2,1142.2,0.0,0.0,31,35408,1574.8,788.05
SPANDANA,SPANDANAEQN,228.35,228.35,228.35,0.0,0.0,150,34252,319.4,181.1
WESTLIFE,WESTLIFEEQN,579.85,579.85,579.85,0.0,0.0,4,2319,763.8,398.4
APOLLOPIPE,APOLLOPIPEEQN,521.2,521.2,521.2,0.0,0.0,114,59416,668.8,252.1
ASTRAL,ASTRALEQN,1370.5,1370.5,1370.5,0.0,0.0,558,764739,1768.7,1311.6
CSBBANK,CSBBANKEQN,323.75,323.75,323.75,0.0,0.0,1293,418608,574.4,295.0
FIEMIND,FIEMINDEQN,1926.0,1926.0,1926.0,0.0,0.0,43,82818,2674.8,1868.5
SRHHYPOLTD,SRHHYPOLTDEQN,570.0,570.0,570.0,0.0,0.0,8,4560,670.0,382.4
VETO,VETOEQN,147.7,147.7,147.7,0.0,0.0,112,16542,155.9,82.32
YESBANK,YESBANKEQN,21.18,21.18,21.18,0.0,0.0,473961,10038493,25.78,17.2
UDS,UDSEQN,207.84,207.84,207.84,0.0,0.0,52,10807,262.85,125.1
CCCL,CCCLEQN,13.38,13.38,13.38,0.0,0.0,1,13,27.6,12.76
MAYURUNIQ,MAYURUNIQEQN,717.05,717.05,717.05,0.0,0.0,1,717,907.0,471.2
RHIM,RHIMEQN,386.6,386.6,386.6,0.0,0.0,811,313532,508.3,323.05
GESHIP,GESHIPEQN,1533.4,1533.4,1533.4,0.0,0.0,3738,5731849,1798.0,971.1
KRISHNADEF,KRISHNADEFEQN,995.8,995.8,995.8,0.0,0.0,259,257912,1400.0,665.0
TREL,TRELEQN,28.89,28.89,28.89,0.0,0.0,2,57,32.11,21.47
MANAKCOAT,MANAKCOATEQN,125.54,125.54,125.54,0.0,0.0,40,5021,182.82,94.2
WABAG,WABAGEQN,1977.2,1977.2,1977.2,0.0,0.0,1253,2477431,2319.0,1033.0
TEJASNET,TEJASNETEQN,491.1,491.1,491.1,0.0,0.0,7731,3796694,644.75,294.0
NH,NHEQN,1820.1,1820.1,1820.1,0.0,0.0,475,864547,2093.3,1589.0
VINNY,VINNYEQN,0.91,0.91,0.91,0.0,0.0,3469,3156,1.53,0.91
BHARATSE,BHARATSEEQN,212.45,212.45,212.45,0.0,0.0,294,62460,263.18,133.6
JKCEMENT,JKCEMENTEQN,4993.5,4993.5,4993.5,0.0,0.0,16,79896,6764.5,4671.5
KIRLOSENG,KIRLOSENGEQN,2141.2,2141.2,2141.2,0.0,0.0,418,895021,2720.0,865.55
RADIOCITY,RADIOCITYEQN,5.99,5.99,5.99,0.0,0.0,172,1030,8.7,4.5
PSB,PSBEQN,21.31,21.31,21.31,0.0,0.0,9267,197479,32.46,20.5
VIKASECO,VIKASECOEQN,1.03,1.03,1.03,0.0,0.0,37340,38460,2.04,0.99
BALUFORGE,BALUFORGEEQN,495.1,495.1,495.1,0.0,0.0,588,291118,678.0,341.05
EICHERMOT,EICHERMOTEQN,7213.5,7213.5,7213.5,0.0,0.0,713,5143225,8230.0,6442.0
TRENT,TRENTEQN,2626.0,2626.0,2626.0,0.0,0.0,658,1727908,3399.7,2183.67
ORIENTHOT,ORIENTHOTEQN,138.03,138.03,138.03,0.0,0.0,260,35887,148.8,80.0
PARACABLES,PARACABLESEQN,56.35,56.35,56.35,0.0,0.0,3532,199028,75.7,28.3
LIKHITHA,LIKHITHAEQN,228.63,228.63,228.63,0.0,0.0,311,71103,272.0,131.45
MSUMI,MSUMIEQN,34.8,34.8,34.8,0.0,0.0,41985,1461078,53.59,33.81
STYLAMIND,STYLAMINDEQN,3281.3,3281.3,3281.3,0.0,0.0,33,108282,4150.0,1621.0
FOODSIN,FOODSINEQN,52.83,52.83,52.83,0.0,0.0,473,24988,91.54,44.0
KERNEX,KERNEXEQN,1713.8,1713.8,1713.8,0.0,0.0,604,1035135,2580.0,850.0
ALKYLAMINE,ALKYLAMINEEQN,1799.8,1799.8,1799.8,0.0,0.0,54,97189,2115.0,1212.0
BANKBARODA,BANKBARODAEQN,227.5,227.5,227.5,0.0,0.0,12531,2850802,325.5,227.5
FIRSTCRY,FIRSTCRYEQN,184.72,184.72,184.72,0.0,0.0,9766,1803975,389.65,163.37
RRKABEL,RRKABELEQN,2459.8,2459.8,2459.8,0.0,0.0,111,273037,2983.8,1181.6
INVENTURE,INVENTUREEQN,0.87,0.87,0.87,0.0,0.0,235948,205274,1.58,0.72
SCILAL,SCILALEQN,36.9,36.9,36.9,0.0,0.0,279,10295,55.0,34.3
PREMIERENE,PREMIERENEEQN,906.0,906.0,906.0,0.0,0.0,1280,1159680,1134.0,660.0
POLYMED,POLYMEDEQN,1636.7,1636.7,1636.7,0.0,0.0,334,546657,2094.3,1182.0
TALBROAUTO,TALBROAUTOEQN,437.85,437.85,437.85,0.0,0.0,583,255266,485.8,219.9
BTML,BTMLEQN,7.15,7.15,7.15,0.0,0.0,10,71,10.12,5.06
TSFINV,TSFINVEQN,434.7,434.7,434.7,0.0,0.0,1,434,701.5,331.7
LUMAXTECH,LUMAXTECHEQN,2032.0,2032.0,2032.0,0.0,0.0,107,217424,2190.0,1120.0
NETWORK18,NETWORK18EQN,25.98,25.98,25.98,0.0,0.0,12903,335219,54.21,25.71
MARSONS,MARSONSEQN,120.13,120.13,120.13,0.0,0.0,5010,601851,175.4,100.25
ESCORTS,ESCORTSEQN,2740.7,2740.7,2740.7,0.0,0.0,33,90443,3987.8,2700.0
FOSECOIND,FOSECOINDEQN,6298.0,6298.0,6298.0,0.0,0.0,3,18894,7389.5,4300.0
INTLCONV,INTLCONVEQN,79.9,79.9,79.9,0.0,0.0,33,2636,114.54,60.0
SUZLON,SUZLONEQN,39.66,39.66,39.66,0.0,0.0,367100,14559186,61.5,38.19
UNIPARTS,UNIPARTSEQN,837.1,837.1,837.1,0.0,0.0,36,30135,915.95,399.8
AMBIKCO,AMBIKCOEQN,1568.0,1568.0,1568.0,0.0,0.0,4,6272,1931.0,1101.0
EMBDL,EMBDLEQN,56.03,56.03,56.03,0.0,0.0,2342,131222,99.21,39.46
GOKULAGRO,GOKULAGROEQN,216.16,216.16,216.16,0.0,0.0,64,13834,259.8,151.0
DECCANCE,DECCANCEEQN,542.55,542.55,542.55,0.0,0.0,1,542,1128.3,525.0
SCHAEFFLER,SCHAEFFLEREQN,3955.5,3955.5,3955.5,0.0,0.0,8,31644,4467.7,3518.4
UNIDT,UNIDTEQN,229.31,229.31,229.31,0.0,0.0,22,5044,272.0,146.0
AWL,AWLEQN,180.66,180.66,180.66,0.0,0.0,634,114538,282.9,171.19
MEIL,MEILEQN,269.35,269.35,269.35,0.0,0.0,11,2962,495.0,206.26
BAJAJCON,BAJAJCONEQN,480.05,480.05,480.05,0.0,0.0,262,125773,692.0,232.1
INDBANK,INDBANKEQN,25.6,25.6,25.6,0.0,0.0,138,3532,47.15,25.01
HMAAGRO,HMAAGROEQN,24.02,24.02,24.02,0.0,0.0,1247,29952,34.24,19.09
FLFL,FLFLBZN,1.15,1.15,1.15,0.0,0.0,97,111,1.92,1.08
ORCHPHARMA,ORCHPHARMAEQN,1023.4,1023.4,1023.4,0.0,0.0,115,117691,1143.5,480.0
SANOFI,SANOFIEQN,3103.5,3103.5,3103.5,0.0,0.0,37,114829,4898.0,3049.0
PAYTM,PAYTMEQN,1635.8,1635.8,1635.8,0.0,0.0,4159,6803292,1855.5,930.6
TFCILTD,TFCILTDEQN,139.68,139.68,139.68,0.0,0.0,14581,2036674,147.65,51.0
AIIL,AIILEQN,548.25,548.25,548.25,0.0,0.0,363,199014,683.0,400.0
NYKAA,NYKAAEQN,325.5,325.5,325.5,0.0,0.0,2283,743116,349.55,227.9
SATKARTAR,SATKARTARSMN,181.9,181.9,181.9,0.0,0.0,800,145520,219.8,110.3
SHYAMCENT,SHYAMCENTBEN,4.96,4.96,4.96,0.0,0.0,97,481,7.33,3.68
AMDIND,AMDINDBEN,56.65,56.65,56.65,0.0,0.0,1003,56819,74.39,33.77
IEX,IEXEQN,111.35,111.35,111.35,0.0,0.0,7386,822431,160.27,110.35
KDDL,KDDLEQN,4014.1,4014.1,4014.1,0.0,0.0,21,84296,4270.0,1990.0
RUBYMILLS,RUBYMILLSEQN,510.6,510.6,510.6,0.0,0.0,115,58719,522.0,169.02
FMGOETZE,FMGOETZEEQN,458.65,458.65,458.65,0.0,0.0,88,40361,641.1,358.0
GSFC,GSFCEQN,153.04,153.04,153.04,0.0,0.0,1033,158090,199.99,138.83
GLOBE,GLOBEEQN,2.2,2.2,2.2,0.0,0.0,5430,11946,3.29,1.75
ZIMLAB,ZIMLABEQN,137.55,137.55,137.55,0.0,0.0,27,3713,144.49,59.31
IOB,IOBEQN,31.74,31.74,31.74,0.0,0.0,7443,236240,41.8,31.2
HINDALCO,HINDALCOEQN,955.9,955.9,955.9,0.0,0.0,8767,8380375,1176.0,744.85
HINDUNILVR,HINDUNILVREQN,1896.0,1896.0,1896.0,0.0,0.0,3331,6315576,2667.2,1893.2
SIS,SISEQN,394.2,394.2,394.2,0.0,0.0,262,103280,480.95,257.05
SHAREINDIA,SHAREINDIAEQN,206.1,206.1,206.1,0.0,0.0,1165,240106,233.35,115.36
KNRCON,KNRCONEQN,117.39,117.39,117.39,0.0,0.0,1068,125372,204.95,108.65
AGI,AGIEQN,804.8,804.8,804.8,0.0,0.0,112,90137,896.15,465.0
HCLTECH,HCLTECHEQN,1252.6,1252.6,1252.6,0.0,0.0,7159,8967363,1780.1,1030.0
INOXWIND,INOXWINDEQN,72.0,72.0,72.0,0.0,0.0,24364,1754208,159.3,68.0
DALBHARAT,DALBHARATEQN,1651.6,1651.6,1651.6,0.0,0.0,23,37986,2319.9,1605.0
SWARAJENG,SWARAJENGEQN,3552.5,3552.5,3552.5,0.0,0.0,15,53287,4437.4,3301.3
BPCL,BPCLEQN,302.25,302.25,302.25,0.0,0.0,8478,2562475,391.65,266.6
IOC,IOCEQN,133.32,133.32,133.32,0.0,0.0,17140,2285104,188.96,130.22
ALANKIT,ALANKITEQN,7.72,7.72,7.72,0.0,0.0,117,903,13.4,6.8
GODREJCP,GODREJCPEQN,868.0,868.0,868.0,0.0,0.0,89,77252,1273.9,855.15
MANORAMA,MANORAMAEQN,1865.1,1865.1,1865.1,0.0,0.0,153,285360,2149.5,1060.6
21STCENMGM,21STCENMGMEQN,39.64,39.64,39.64,0.0,0.0,5,198,53.79,28.25
BCG,BCGEQN,9.37,9.37,9.37,0.0,0.0,21832,204565,15.11,7.7
CELLO,CELLOEQN,332.6,332.6,332.6,0.0,0.0,147,48892,673.8,314.6
ONGC,ONGCEQN,230.0,230.0,230.0,0.0,0.0,40249,9257270,307.5,227.65
LEMONTREE,LEMONTREEEQN,103.82,103.82,103.82,0.0,0.0,2895,300558,174.2,99.61
VEDL,VEDLEQN,259.0,259.0,259.0,0.0,0.0,42146,10915814,795.0,249.7
ANGELONE,ANGELONEEQN,279.2,279.2,279.2,0.0,0.0,11665,3256868,360.45,208.63
BALRAMCHIN,BALRAMCHINEQN,680.7,680.7,680.7,0.0,0.0,2654,1806577,780.95,393.55
BASF,BASFEQN,3495.8,3495.8,3495.8,0.0,0.0,3,10487,4829.9,3122.2
BATAINDIA,BATAINDIAEQN,624.7,624.7,624.7,0.0,0.0,168,104949,1238.0,605.0
BEL,BELEQN,385.5,385.5,385.5,0.0,0.0,35911,13843690,473.45,380.45
IREDA,IREDAEQN,114.82,114.82,114.82,0.0,0.0,30599,3513377,158.7,107.4
MHRIL,MHRILEQN,195.92,195.92,195.92,0.0,0.0,18,3526,363.95,188.21
HINDWAREAP,HINDWAREAPEQN,170.34,170.34,170.34,0.0,0.0,412,70180,392.7,167.0
RITES,RITESEQN,196.11,196.11,196.11,0.0,0.0,1104,216505,259.7,175.0
HATSUN,HATSUNEQN,1119.4,1119.4,1119.4,0.0,0.0,12,13432,1349.7,855.3
RACE,RACEEQN,121.7,121.7,121.7,0.0,0.0,419,50992,240.0,84.11
CDSL,CDSLEQN,1289.0,1289.0,1289.0,0.0,0.0,4247,5474383,1673.7,1116.3
APEX,APEXEQN,338.65,338.65,338.65,0.0,0.0,78,26414,514.5,219.86
DMART,DMARTEQN,3803.5,3803.5,3803.5,0.0,0.0,485,1844697,4644.0,3529.0
UNIVCABLES,UNIVCABLESEQN,1427.1,1427.1,1427.1,0.0,0.0,59,84198,1774.9,576.0
BSHSL,BSHSLEQN,84.99,84.99,84.99,0.0,0.0,1,84,132.4,59.16
HEIDELBERG,HEIDELBERGEQN,131.45,131.45,131.45,0.0,0.0,227,29839,208.0,131.1
RADAAN,RADAANEQN,3.02,3.02,3.02,0.0,0.0,169,510,3.99,2.35
SYNGENE,SYNGENEEQN,376.0,376.0,376.0,0.0,0.0,81,30456,678.95,360.4
RAMRAT,RAMRATEQN,568.2,568.2,568.2,0.0,0.0,110,62502,602.45,268.0
SEJALLTD,SEJALLTDEQN,664.6,664.6,664.6,0.0,0.0,2,1329,1036.7,381.0
COOLCAPS,COOLCAPSSMN,23.5,23.5,23.5,0.0,0.0,1250,29375,97.8,19.0
GOLDIAM,GOLDIAMEQN,312.6,312.6,312.6,0.0,0.0,770,240702,398.2,198.75
LLOYDSENGG,LLOYDSENGGEQN,95.97,95.97,95.97,0.0,0.0,26936,2585047,99.75,37.4
DIXON,DIXONEQN,13640.0,13640.0,13640.0,0.0,0.0,866,11812240,17637.0,9600.0
JSWENERGY,JSWENERGYEQN,495.0,495.0,495.0,0.0,0.0,1498,741510,617.35,427.75
JIOFIN,JIOFINEQN,220.5,220.5,220.5,0.0,0.0,79967,17632723,316.85,218.8
RTNPOWER,RTNPOWEREQN,6.86,6.86,6.86,0.0,0.0,124582,854632,11.94,6.85
GULFOILLUB,GULFOILLUBEQN,1110.5,1110.5,1110.5,0.0,0.0,249,276514,1289.4,865.0
ZEEL,ZEELEQN,76.5,76.5,76.5,0.0,0.0,21949,1679098,118.35,68.0
EXCELINDUS,EXCELINDUSEQN,942.8,942.8,942.8,0.0,0.0,4,3771,1168.0,800.05
FORCEMOT,FORCEMOTEQN,17100.0,17100.0,17100.0,0.0,0.0,78,1333800,26450.0,14911.0
OFSS,OFSSEQN,10800.0,10800.0,10800.0,0.0,0.0,138,1490400,12540.0,6234.5
TRIDENT,TRIDENTEQN,22.93,22.93,22.93,0.0,0.0,18354,420857,30.94,21.98
ESSENTIA,ESSENTIAEQN,1.01,1.01,1.01,0.0,0.0,4156,4197,1.96,0.95
VIRINCHI,VIRINCHIEQN,13.72,13.72,13.72,0.0,0.0,1169,16038,29.47,13.6
SAGILITY,SAGILITYEQN,43.45,43.45,43.45,0.0,0.0,22029,957160,57.89,35.83
PROSTARM,PROSTARMEQN,136.33,136.33,136.33,0.0,0.0,24,3271,208.7,114.64
ADANIGREEN,ADANIGREENEQN,1235.0,1235.0,1235.0,0.0,0.0,4459,5506865,1631.5,765.0
GATECH,GATECHBEN,0.73,0.73,0.73,0.0,0.0,606914,443047,1.11,0.4
JAINIK,JAINIKSTN,204.0,204.0,204.0,0.0,0.0,1200,244800,221.0,102.25
KALPATARU,KALPATARUEQN,275.8,275.8,275.8,0.0,0.0,36,9928,410.7,250.0
KIRLOSBROS,KIRLOSBROSEQN,1732.3,1732.3,1732.3,0.0,0.0,29,50236,2189.2,1335.0
VIVIDHA,VIVIDHAEQN,0.52,0.52,0.52,0.0,0.0,2000,1040,0.91,0.43
DIGITIDE,DIGITIDEEQN,76.55,76.55,76.55,0.0,0.0,255,19520,185.92,69.9
DANGEE,DANGEEEQN,2.94,2.94,2.94,0.0,0.0,650,1911,5.08,2.53
VEEDOL,VEEDOLEQN,1364.1,1364.1,1364.1,0.0,0.0,11,15005,1963.8,1238.2
OSWALPUMPS,OSWALPUMPSEQN,268.55,268.55,268.55,0.0,0.0,782,210006,790.0,266.45
TIJARIA,TIJARIABEN,6.66,6.66,6.66,0.0,0.0,123,819,9.8,3.55
PATELRMART,PATELRMARTEQN,204.0,204.0,204.0,0.0,0.0,5,1020,266.0,150.25
GLOTTIS,GLOTTISEQN,62.44,62.44,62.44,0.0,0.0,150,9366,93.0,37.0
SOLEX,SOLEXEQN,695.45,695.45,695.45,0.0,0.0,46,31990,1985.0,651.2
ANANTAM,ANANTAMIVN,104.76,104.76,104.76,0.0,0.0,1,104,117.0,100.1
VOLTAMP,VOLTAMPEQN,10513.0,10513.0,10513.0,0.0,0.0,8,84104,12863.0,6666.0
BIRLANU,BIRLANUEQN,1441.0,1441.0,1441.0,0.0,0.0,1,1441,1999.0,1190.1
BORORENEW,BORORENEWEQN,452.25,452.25,452.25,0.0,0.0,855,386673,721.0,374.4
SAMBHV,SAMBHVEQN,154.0,154.0,154.0,0.0,0.0,5484,844536,162.15,81.42
PASHUPATI,PASHUPATIEQN,77.27,77.27,77.27,0.0,0.0,1120,86542,118.35,67.5
BONLON,BONLONEQN,40.16,40.16,40.16,0.0,0.0,15,602,57.0,34.51
TEMBO,TEMBOEQN,57.75,57.75,57.75,0.0,0.0,1850,106837,837.0,54.25
CGPOWER,CGPOWEREQN,865.0,865.0,865.0,0.0,0.0,2924,2529260,980.9,525.5
JSWDULUX,JSWDULUXEQN,3169.8,3169.8,3169.8,0.0,0.0,24,76075,3745.0,2658.7
RNBDENIMS,RNBDENIMSBEN,9.14,9.14,9.14,0.0,0.0,112,1023,67.67,7.72
VISACHROME,VISACHROMEEQN,33.36,33.36,33.36,0.0,0.0,2,66,73.68,27.05
DEEPINDS,DEEPINDSEQN,768.0,768.0,768.0,0.0,0.0,606,465408,825.0,330.0
CENTRALBK,CENTRALBKEQN,30.59,30.59,30.59,0.0,0.0,10556,322908,40.92,29.32
SUDEEPPHRM,SUDEEPPHRMEQN,1138.8,1138.8,1138.8,0.0,0.0,193,219788,1378.0,524.05
AAREYDRUGS,AAREYDRUGSEQN,99.53,99.53,99.53,0.0,0.0,11,1094,103.99,50.31
NITTAGELA,NITTAGELAEQN,1718.2,1718.2,1718.2,0.0,0.0,1,1718,2087.2,837.05
CANFINHOME,CANFINHOMEEQN,737.6,737.6,737.6,0.0,0.0,1024,755302,971.5,735.0
EPACKPEB,EPACKPEBEQN,241.74,241.74,241.74,0.0,0.0,415,100322,344.0,132.17
RAMCOIND,RAMCOINDEQN,310.9,310.9,310.9,0.0,0.0,15,4663,395.5,230.65
INNOVISION,INNOVISIONEQN,251.7,251.7,251.7,0.0,0.0,27,6795,470.0,246.2
PHOENXINTL,PHOENXINTLEQN,29.3,29.3,29.3,0.0,0.0,1,29,35.64,27.5
KJMCFIN,KJMCFINEQN,58.12,58.12,58.12,0.0,0.0,1,58,84.5,51.01
SAKUMA,SAKUMAEQN,1.61,1.61,1.61,0.0,0.0,6778,10912,3.1,1.1
MUNJALSHOW,MUNJALSHOWEQN,124.26,124.26,124.26,0.0,0.0,35,4349,147.1,110.3
GROWW,GROWWEQN,183.39,183.39,183.39,0.0,0.0,26778,4910817,227.2,112.0
ARDEE,ARDEEEQN,51.99,51.99,51.99,0.0,0.0,6961,361902,73.19,46.5
SILVERADD,SILVERADDEQN,21.19,21.19,21.19,0.0,0.0,263,5572,39.0,13.36
BHADORA,BHADORASTN,127.25,127.25,127.25,0.0,0.0,1200,152700,131.9,49.5
WPIL,WPILEQN,422.35,422.35,422.35,0.0,0.0,25,10558,510.35,383.55
KSB,KSBEQN,801.25,801.25,801.25,0.0,0.0,44,35255,1028.3,666.65
GAYAHWS,GAYAHWSEQN,1.84,1.84,1.84,0.0,0.0,1125,2070,4.76,1.72
FSL,FSLEQN,256.0,256.0,256.0,0.0,0.0,650,166400,371.75,202.0
EUROPRATIK,EUROPRATIKEQN,206.4,206.4,206.4,0.0,0.0,20,4128,390.0,204.05
VOGL,VOGLEQN,33.3,33.3,33.3,0.0,0.0,63190,2104227,47.6,30.42
BNAGROCHEM,BNAGROCHEMEQN,208.0,208.0,208.0,0.0,0.0,2,416,394.8,192.23
KARURVYSYA,KARURVYSYAEQN,320.75,320.75,320.75,0.0,0.0,664,212978,358.65,204.8
LENSKART,LENSKARTEQN,655.2,655.2,655.2,0.0,0.0,4670,3059784,725.0,356.1
GENESYS,GENESYSEQN,282.13,282.13,282.13,0.0,0.0,3722,1050087,416.33,134.73
AVONMORE,AVONMOREEQN,12.66,12.66,12.66,0.0,0.0,634,8026,20.39,9.05
SHADOWFAX,SHADOWFAXEQN,274.05,274.05,274.05,0.0,0.0,2901,795019,292.2,98.55
AEGISLOG,AEGISLOGEQN,1308.1,1308.1,1308.1,0.0,0.0,1564,2045868,1528.7,576.1
ITDC,ITDCEQN,662.5,662.5,662.5,0.0,0.0,130,86125,822.0,368.0
CONCOR,CONCOREQN,450.0,450.0,450.0,0.0,0.0,2960,1332000,557.0,421.45
SIMBHALS,SIMBHALSBZN,6.43,6.43,6.43,0.0,0.0,1,6,14.34,6.1
TARAPUR,TARAPUREQN,11.87,11.87,11.87,0.0,0.0,701,8320,39.99,11.41
JSLL,JSLLEQN,501.9,501.9,501.9,0.0,0.0,307,154083,839.0,485.1
JSWCEMENT,JSWCEMENTEQN,112.49,112.49,112.49,0.0,0.0,2930,329595,143.4,106.65
UYFINCORP,UYFINCORPBEN,19.79,19.79,19.79,0.0,0.0,30,593,22.34,11.5
MEESHO,MEESHOEQN,216.83,216.83,216.83,0.0,0.0,10129,2196271,254.4,125.56
PDSL,PDSLEQN,349.5,349.5,349.5,0.0,0.0,45,15727,418.5,246.05
FAZE3Q,FAZE3QEQN,427.25,427.25,427.25,0.0,0.0,15,6408,650.05,322.1
UNITECH,UNITECHEQN,3.95,3.95,3.95,0.0,0.0,2280,9006,7.93,3.1
PRANAV,PRANAVEQN,101.39,101.39,101.39,0.0,0.0,8634,875401,165.1,96.49
UNIVASTU,UNIVASTUBEN,132.79,132.79,132.79,0.0,0.0,3,398,178.98,56.02
RIR,RIREQN,186.21,186.21,186.21,0.0,0.0,445,82863,213.94,154.0
PWL,PWLEQN,128.07,128.07,128.07,0.0,0.0,12510,1602155,161.99,77.72
MGL,MGLEQN,1048.8,1048.8,1048.8,0.0,0.0,122,127953,1335.4,900.0
ALPINETEX,ALPINETEXEQN,48.36,48.36,48.36,0.0,0.0,816,39461,105.0,48.0
CAPILLARY,CAPILLARYEQN,576.35,576.35,576.35,0.0,0.0,71,40920,798.95,438.15
UFBL,UFBLBEN,677.85,677.85,677.85,0.0,0.0,111,75241,850.0,172.34
SIKKO,SIKKOBEN,6.53,6.53,6.53,0.0,0.0,3715,24258,6.83,3.5
MUKKA,MUKKABEN,26.91,26.91,26.91,0.0,0.0,931,25053,33.29,18.27
LTM,LTMEQN,4091.4,4091.4,4091.4,0.0,0.0,455,1861587,6429.5,3528.0
CMPDI,CMPDIEQN,204.58,204.58,204.58,0.0,0.0,5647,1155263,283.69,150.16
SHILGRAVQ,SHILGRAVQEQN,143.36,143.36,143.36,0.0,0.0,65,9318,179.7,138.0
SHANTI,SHANTIEQN,5.67,5.67,5.67,0.0,0.0,2,11,12.26,4.7
ORISSAMINE,ORISSAMINEEQN,3667.6,3667.6,3667.6,0.0,0.0,8,29340,6138.9,3100.5
RHFL,RHFLBZN,1.6,1.6,1.6,0.0,0.0,7121,11393,4.25,1.58
CENTURYPLY,CENTURYPLYEQN,679.05,679.05,679.05,0.0,0.0,28,19013,859.0,618.5
PNGSREVA,PNGSREVAEQN,506.05,506.05,506.05,0.0,0.0,79,39977,644.0,324.25
FLUOROCHEM,FLUOROCHEMEQN,4443.7,4443.7,4443.7,0.0,0.0,43,191079,4958.9,2916.6
HOMEFIRST,HOMEFIRSTEQN,1094.0,1094.0,1094.0,0.0,0.0,293,320542,1317.7,893.7
ACCURACY,ACCURACYBEN,4.3,4.3,4.3,0.0,0.0,1508,6484,7.4,3.4
GENUSPAPER,GENUSPAPEREQN,10.11,10.11,10.11,0.0,0.0,1000,10110,17.89,8.67
HARIOMPIPE,HARIOMPIPEEQN,342.1,342.1,342.1,0.0,0.0,38,12999,510.3,268.05
ANDHRSUGAR,ANDHRSUGAREQN,95.13,95.13,95.13,0.0,0.0,248,23592,107.23,66.5
TMB,TMBEQN,861.75,861.75,861.75,0.0,0.0,143,123230,954.2,420.0
SULA,SULAEQN,133.5,133.5,133.5,0.0,0.0,866,115611,267.79,132.0
WELENT,WELENTEQN,749.5,749.5,749.5,0.0,0.0,163,122168,841.9,412.0
GRINFRA,GRINFRAEQN,799.3,799.3,799.3,0.0,0.0,8,6394,1309.8,785.0
CERA,CERAEQN,5196.0,5196.0,5196.0,0.0,0.0,16,83136,6740.0,4461.1
FINCABLES,FINCABLESEQN,1408.1,1408.1,1408.1,0.0,0.0,1221,1719290,1498.0,700.8
ANNU,ANNUEQN,47.86,47.86,47.86,0.0,0.0,715,34219,75.6,46.55
SHREECEM,SHREECEMEQN,22170.0,22170.0,22170.0,0.0,0.0,17,376890,30285.0,21665.0
ARCIL,ARCILEQN,142.71,142.71,142.71,0.0,0.0,2206,314818,157.0,124.5
GARUDA,GARUDAEQN,178.81,178.8,178.8,-0.01,-0.01,621,111034,249.3,130.0
RADICO,RADICOEQN,4478.3,4478.0,4478.0,-0.3,-0.01,386,1728508,4747.0,2500.0
LGBBROSLTD,LGBBROSLTDEQN,1730.6,1730.4,1730.4,-0.2,-0.01,20,34608,2048.0,1314.9
PERSISTENT,PERSISTENTEQN,5328.5,5328.0,5328.0,-0.5,-0.01,200,1065600,6599.0,4244.5
RKFORGE,RKFORGEEQN,703.1,703.0,703.0,-0.1,-0.01,1931,1357493,772.8,460.15
ELECTHERM,ELECTHERMEQN,806.65,806.6,806.6,-0.05,-0.01,4,3226,1277.0,551.0
SEAMECLTD,SEAMECLTDEQN,1684.3,1684.2,1684.2,-0.1,-0.01,6,10105,1849.0,771.75
AJANTPHARM,AJANTPHARMEQN,3525.2,3524.9,3524.9,-0.3,-0.01,98,345440,3796.0,2329.9
PNCINFRA,PNCINFRAEQN,131.26,131.25,131.25,-0.01,-0.01,1140,149625,311.0,116.4
VTL,VTLEQN,540.55,540.5,540.5,-0.05,-0.01,731,395105,688.0,385.5
GRMOVER,GRMOVEREQN,80.01,80.0,80.0,-0.01,-0.01,247,19760,185.45,78.74
EBGNG,EBGNGEQN,672.15,672.05,672.05,-0.1,-0.01,1708,1147861,730.0,239.0
ADANIENSOL,ADANIENSOLEQN,1287.9,1287.8,1287.8,-0.1,-0.01,2988,3847946,1789.0,803.1
SHILCTECH,SHILCTECHEQN,4061.3,4061.0,4061.0,-0.3,-0.01,10,40610,5399.0,2852.5
SWANDEF,SWANDEFBEN,2631.3,2631.0,2631.0,-0.3,-0.01,43,113133,2804.9,605.95
CORONA,CORONAEQN,2053.3,2053.0,2053.0,-0.3,-0.01,24,49272,2292.4,1336.6
BETA,BETAEQN,2040.3,2040.0,2040.0,-0.3,-0.01,54,110160,2807.9,990.1
KMCSHIL,KMCSHILEQN,165.33,165.32,165.32,-0.01,-0.01,7633,1261887,177.79,128.48
VMART,VMARTEQN,766.5,766.4,766.4,-0.1,-0.01,30,22992,888.0,457.9
GALAPREC,GALAPRECEQN,1140.2,1140.0,1140.0,-0.2,-0.02,41,46740,1260.0,671.2
BAJAJHFL,BAJAJHFLEQN,82.52,82.5,82.5,-0.02,-0.02,10668,880110,113.45,72.65
IKS,IKSEQN,1768.4,1768.0,1768.0,-0.4,-0.02,102,180336,1970.0,1262.0
SUVEN,SUVENEQN,321.65,321.6,321.6,-0.05,-0.02,3437,1105339,403.35,124.11
FCL,FCLEQN,57.4,57.39,57.39,-0.01,-0.02,49256,2826801,62.4,19.1
CREDITACC,CREDITACCEQN,1255.2,1255.0,1255.0,-0.2,-0.02,127,159385,1634.0,1113.0
ABBOTINDIA,ABBOTINDIAEQN,26740.0,26735.0,26735.0,-5.0,-0.02,3,80205,30655.0,25135.0
LINDEINDIA,LINDEINDIAEQN,6191.0,6190.0,6190.0,-1.0,-0.02,138,854220,8049.0,5673.0
SKFINDUS,SKFINDUSEQN,2881.7,2881.0,2881.0,-0.7,-0.02,110,316910,3218.7,1994.1
CAMPUS,CAMPUSEQN,211.04,211.0,211.0,-0.04,-0.02,329,69419,287.8,207.2
PRAKASH,PRAKASHEQN,115.68,115.66,115.66,-0.02,-0.02,15201,1758147,173.29,110.24
SUPREMEIND,SUPREMEINDEQN,3499.8,3499.0,3499.0,-0.8,-0.02,78,272922,4293.9,3140.0
TIRUMALCHM,TIRUMALCHMEQN,155.04,155.01,155.01,-0.03,-0.02,1349,209108,293.9,143.5
REDINGTON,REDINGTONEQN,404.85,404.75,404.75,-0.1,-0.02,4752,1923372,419.5,191.31
IOLCP,IOLCPEQN,196.29,196.25,196.25,-0.04,-0.02,4674,917272,219.04,67.19
POKARNA,POKARNAEQN,718.15,718.0,718.0,-0.15,-0.02,10,7180,1146.2,692.6
BECTORFOOD,BECTORFOODEQN,211.52,211.47,211.47,-0.05,-0.02,1240,262222,279.9,165.0
GENUSPOWER,GENUSPOWEREQN,294.05,294.0,294.0,-0.05,-0.02,1597,469518,363.0,210.4
VIKRAN,VIKRANEQN,57.26,57.25,57.25,-0.01,-0.02,3079,176272,118.4,51.1
GHCL,GHCLEQN,410.6,410.5,410.5,-0.1,-0.02,157,64448,667.2,410.0
SETFGOLD,SETFGOLDEQN,124.97,124.95,124.95,-0.02,-0.02,20360,2543982,153.95,97.11
GMBREW,GMBREWEQN,966.6,966.45,966.45,-0.15,-0.02,36,34792,1328.8,699.7
POWERINDIA,POWERINDIAEQN,30260.0,30250.0,30250.0,-10.0,-0.03,340,10285000,38785.0,16111.0
THANGAMAYL,THANGAMAYLEQN,5011.5,5010.0,5010.0,-1.5,-0.03,50,250500,7430.0,1939.5
TEXRAIL,TEXRAILEQN,123.14,123.1,123.1,-0.04,-0.03,6068,746970,143.1,78.05
CARERATING,CARERATINGEQN,1628.4,1627.9,1627.9,-0.5,-0.03,109,177441,1838.0,1392.7
GICRE,GICREEQN,329.3,329.2,329.2,-0.1,-0.03,1129,371666,417.95,328.2
AUROPHARMA,AUROPHARMAEQN,1697.5,1697.0,1697.0,-0.5,-0.03,1392,2362224,1740.0,1066.8
GRASIM,GRASIMEQN,3150.0,3149.2,3149.2,-0.8,-0.03,438,1379349,3411.1,2502.5
TATAELXSI,TATAELXSIEQN,3191.0,3190.0,3190.0,-1.0,-0.03,847,2701930,5950.0,3144.0
SMSPHARMA,SMSPHARMAEQN,462.15,462.0,462.0,-0.15,-0.03,89,41118,494.45,242.25
CARYSIL,CARYSILEQN,1038.3,1038.0,1038.0,-0.3,-0.03,49,50862,1280.9,732.1
BCLIND,BCLINDEQN,32.52,32.51,32.51,-0.01,-0.03,2255,73310,42.08,25.53
VOLTAS,VOLTASEQN,1135.5,1135.2,1135.2,-0.3,-0.03,627,711770,1582.5,1090.8
GUJENERGY,GUJENERGYEQN,235.07,234.99,234.99,-0.08,-0.03,2449,575490,443.75,229.5
ORIENTCEM,ORIENTCEMEQN,119.43,119.4,119.4,-0.03,-0.03,805,96117,226.86,119.11
GOLD1,GOLD1EQN,122.16,122.12,122.12,-0.04,-0.03,3549,433403,158.0,93.79
LLOYDSENT,LLOYDSENTEQN,76.33,76.3,76.3,-0.03,-0.04,1601,122156,84.7,40.69
DREDGECORP,DREDGECORPEQN,941.4,941.0,941.0,-0.4,-0.04,126,118566,1286.0,538.0
IIFLCAPS,IIFLCAPSEQN,343.7,343.55,343.55,-0.15,-0.04,4069,1397904,411.3,240.4
NPST,NPSTEQN,1635.0,1634.4,1634.4,-0.6,-0.04,179,292557,2058.0,846.6
EMAMILTD,EMAMILTDEQN,388.75,388.6,388.6,-0.15,-0.04,169,65673,567.5,361.15
KRYSTAL,KRYSTALEQN,621.65,621.4,621.4,-0.25,-0.04,50,31070,696.9,500.0
MASFIN,MASFINEQN,279.1,279.0,279.0,-0.1,-0.04,66,18414,358.85,275.0
LATENTVIEW,LATENTVIEWEQN,241.6,241.5,241.5,-0.1,-0.04,2867,692380,517.5,240.5
HEMIPROP,HEMIPROPEQN,115.95,115.9,115.9,-0.05,-0.04,1815,210358,190.69,111.2
NMDC,NMDCEQN,77.43,77.4,77.4,-0.03,-0.04,40461,3131681,97.49,72.24
PRUDENT,PRUDENTEQN,3171.3,3170.0,3170.0,-1.3,-0.04,28,88760,4105.5,2121.0
JUBLFOOD,JUBLFOODEQN,478.7,478.5,478.5,-0.2,-0.04,3019,1444591,635.0,408.55
PNB,PNBEQN,112.6,112.55,112.55,-0.05,-0.04,19610,2207105,135.15,98.5
KOPRAN,KOPRANEQN,277.97,277.86,277.86,-0.11,-0.04,1417,393727,293.5,107.0
KAVDEFENCE,KAVDEFENCEBEN,79.03,79.0,79.0,-0.03,-0.04,323,25517,162.87,51.51
AEQUS,AEQUSEQN,260.1,260.0,260.0,-0.1,-0.04,38312,9961120,274.39,113.3
SHIVAUM,SHIVAUMEQN,544.2,544.0,544.0,-0.2,-0.04,8,4352,550.0,275.0
SBFC,SBFCEQN,86.82,86.78,86.78,-0.04,-0.05,3509,304511,123.0,79.6
STARCEMENT,STARCEMENTEQN,182.42,182.33,182.33,-0.09,-0.05,879,160268,273.0,180.12
KEC,KECEQN,390.55,390.35,390.35,-0.2,-0.05,1487,580450,893.0,389.15
SURYAROSNI,SURYAROSNIEQN,220.1,220.0,220.0,-0.1,-0.05,277,60940,314.5,187.35
STYRENIX,STYRENIXEQN,2036.4,2035.4,2035.4,-1.0,-0.05,88,179115,2653.0,1780.0
OLAELEC,OLAELECEQN,37.86,37.84,37.84,-0.02,-0.05,359438,13601133,58.65,22.25
MANGLMCEM,MANGLMCEMEQN,1000.5,1000.0,1000.0,-0.5,-0.05,26,26000,1120.0,679.35
RAMCOSYS,RAMCOSYSEQN,563.8,563.5,563.5,-0.3,-0.05,75,42262,967.5,342.1
BHAGERIA,BHAGERIAEQN,380.85,380.65,380.65,-0.2,-0.05,770,293100,397.0,127.51
ZENTEC,ZENTECEQN,1642.8,1642.0,1642.0,-0.8,-0.05,523,858766,2043.7,1223.0
APLLTD,APLLTDEQN,854.35,853.9,853.9,-0.45,-0.05,178,151994,998.0,635.8
REDTAPE,REDTAPEEQN,119.97,119.91,119.91,-0.06,-0.05,1201,144011,158.99,107.53
PFIZER,PFIZEREQN,3968.0,3966.1,3966.1,-1.9,-0.05,91,360915,5578.5,3952.0
PRSMJOHNSN,PRSMJOHNSNEQN,115.15,115.09,115.09,-0.06,-0.05,199,22902,165.9,97.1
ENDURANCE,ENDURANCEEQN,2700.4,2699.0,2699.0,-1.4,-0.05,331,893369,3072.0,2142.8
KOKUYOCMLN,KOKUYOCMLNEQN,74.64,74.6,74.6,-0.04,-0.05,1,74,111.61,71.05
BLUEDART,BLUEDARTEQN,4749.6,4747.2,4747.2,-2.4,-0.05,69,327556,7036.0,4628.5
BBTC,BBTCEQN,1415.7,1415.0,1415.0,-0.7,-0.05,130,183950,2135.0,1314.6
ABLBL,ABLBLEQN,77.17,77.13,77.13,-0.04,-0.05,2124,163824,150.79,76.91
CESC,CESCEQN,136.18,136.11,136.11,-0.07,-0.05,9565,1301892,204.5,135.9
CHOLAHLDNG,CHOLAHLDNGEQN,1390.4,1389.7,1389.7,-0.7,-0.05,152,211234,2064.0,1305.0
STEAMHOUSE,STEAMHOUSEEQN,107.57,107.52,107.52,-0.05,-0.05,4366,469432,117.6,91.6
ASAL,ASALEQN,429.2,429.0,429.0,-0.2,-0.05,87,37323,627.7,374.5
INDGN,INDGNEQN,613.3,613.0,613.0,-0.3,-0.05,1366,837358,621.95,414.0
PODDARMENT,PODDARMENTEQN,257.8,257.65,257.65,-0.15,-0.06,200,51530,333.4,201.1
GODIGIT,GODIGITEQN,263.25,263.1,263.1,-0.15,-0.06,3093,813768,374.0,231.65
GAIL,GAILEQN,172.45,172.34,172.34,-0.11,-0.06,6249,1076952,186.87,134.36
VIMTALABS,VIMTALABSEQN,585.35,585.0,585.0,-0.35,-0.06,183,107055,774.7,376.05
KIMS,KIMSEQN,766.45,766.0,766.0,-0.45,-0.06,676,517816,858.0,575.8
SUNTV,SUNTVEQN,519.9,519.6,519.6,-0.3,-0.06,1055,548178,660.7,447.2
INFY,INFYEQN,1003.2,1002.6,1002.6,-0.6,-0.06,37924,38022602,1728.0,982.4
GANDHAR,GANDHAREQN,262.05,261.9,261.9,-0.15,-0.06,904,236757,303.17,115.0
UJJIVANSFB,UJJIVANSFBEQN,63.09,63.05,63.05,-0.04,-0.06,9034,569593,73.94,43.88
JLHL,JLHLEQN,263.85,263.7,263.7,-0.15,-0.06,82,21623,340.0,235.6
NBCC,NBCCEQN,80.21,80.16,80.16,-0.05,-0.06,16851,1350776,125.85,77.18
VISL,VISLEQN,31.42,31.4,31.4,-0.02,-0.06,37952,1191692,44.78,19.06
CCAVENUE,CCAVENUEEQN,15.41,15.4,15.4,-0.01,-0.06,51282,789742,20.5,12.92
DCMSHRIRAM,DCMSHRIRAMEQN,944.6,944.0,944.0,-0.6,-0.06,253,238832,1409.0,942.0
HEXT,HEXTEQN,489.25,488.9,488.9,-0.35,-0.07,63,30800,807.75,400.2
CAPLIPOINT,CAPLIPOINTEQN,2854.0,2852.0,2852.0,-2.0,-0.07,99,282348,2990.0,1500.3
ICIL,ICILEQN,440.2,439.9,439.9,-0.3,-0.07,1056,464534,485.95,216.9
PITTIENG,PITTIENGEQN,1136.8,1136.0,1136.0,-0.8,-0.07,119,135184,1228.0,675.0
BAJAJ-AUTO,BAJAJ-AUTOEQN,11024.0,11016.0,11016.0,-8.0,-0.07,716,7887456,12470.0,8491.5
GSLSU,GSLSUEQN,30.07,30.05,30.05,-0.02,-0.07,100,3005,139.67,23.06
KOTAKBANK,KOTAKBANKEQN,401.55,401.25,401.25,-0.3,-0.07,10887,4368408,453.2,345.5
SANGHVIMOV,SANGHVIMOVEQN,444.3,444.0,444.0,-0.3,-0.07,626,277944,528.0,223.8
CAPITALSFB,CAPITALSFBEQN,280.2,280.0,280.0,-0.2,-0.07,10,2800,323.7,206.55
HLEGLAS,HLEGLASEQN,419.35,419.05,419.05,-0.3,-0.07,238,99733,661.95,250.0
DEVYANI,DEVYANIEQN,131.09,131.0,131.0,-0.09,-0.07,1297,169907,172.74,91.55
MMFL,MMFLEQN,604.5,604.0,604.0,-0.5,-0.08,116,70064,687.95,288.1
HAPPSTMNDS,HAPPSTMNDSEQN,307.15,306.9,306.9,-0.25,-0.08,1648,505771,542.0,306.25
AVANTIFEED,AVANTIFEEDEQN,741.5,740.9,740.9,-0.6,-0.08,82,60753,1593.8,631.65
AVANTEL,AVANTELEQN,151.37,151.25,151.25,-0.12,-0.08,3384,511830,215.0,117.05
ACCELYA,ACCELYAEQN,1099.9,1099.0,1099.0,-0.9,-0.08,21,23079,1527.0,1012.4
MODIRUBBER,MODIRUBBEREQN,121.0,120.9,120.9,-0.1,-0.08,20,2418,167.5,98.41
JYOTHYLAB,JYOTHYLABEQN,189.66,189.5,189.5,-0.16,-0.08,1392,263784,325.0,188.1
HAPPYFORGE,HAPPYFORGEEQN,1996.7,1995.2,1995.2,-1.5,-0.08,61,121707,2470.0,888.75
CRIZAC,CRIZACEQN,177.14,177.0,177.0,-0.14,-0.08,56,9912,333.0,159.95
CLEANMAX,CLEANMAXEQN,1373.1,1372.0,1372.0,-1.1,-0.08,5783,7934276,1536.0,727.1
SYRMA,SYRMAEQN,1746.4,1745.0,1745.0,-1.4,-0.08,2635,4598075,1803.9,634.5
KROSS,KROSSEQN,260.23,260.0,260.0,-0.23,-0.09,1367,355420,283.0,150.52
CLSEL,CLSELEQN,285.75,285.5,285.5,-0.25,-0.09,130,37115,324.8,203.75
INA,INAEQN,89.08,89.0,89.0,-0.08,-0.09,2217,197313,161.81,79.75
MAZDOCK,MAZDOCKEQN,2138.0,2136.0,2136.0,-2.0,-0.09,1498,3199728,2929.7,2057.4
INDIGO,INDIGOEQN,4874.5,4870.0,4870.0,-4.5,-0.09,605,2946350,5970.0,3895.2
KIRANVYPAR,KIRANVYPAREQN,185.17,185.0,185.0,-0.17,-0.09,60,11100,221.78,148.27
JARO,JAROEQN,423.4,423.0,423.0,-0.4,-0.09,10,4230,890.0,383.5
PERNIASPOP,PERNIASPOPEQN,517.85,517.4,517.4,-0.45,-0.09,65,33631,588.9,501.05
GVT&D,GVT&DEQN,4203.0,4198.8,4198.8,-4.2,-0.1,504,2116195,5650.0,2523.2
SUBEXLTD,SUBEXLTDEQN,20.33,20.31,20.31,-0.02,-0.1,25841,524830,22.8,6.61
GMRP&UI,GMRP&UIEQN,101.9,101.8,101.8,-0.1,-0.1,665,67697,136.3,86.8
VLEGOV,VLEGOVEQN,10.34,10.33,10.33,-0.01,-0.1,436,4503,29.57,8.42
ASIANPAINT,ASIANPAINTEQN,2420.0,2417.5,2417.5,-2.5,-0.1,668,1614890,2985.7,2115.0
TIMETECHNO,TIMETECHNOEQN,183.44,183.25,183.25,-0.19,-0.1,5281,967743,227.5,154.0
NOCIL,NOCILEQN,175.17,175.0,175.0,-0.17,-0.1,2015,352625,211.2,125.31
CUMMINSIND,CUMMINSINDEQN,4855.0,4850.0,4850.0,-5.0,-0.1,454,2201900,6100.0,3833.0
ADVENTHTL,ADVENTHTLEQN,124.62,124.5,124.5,-0.12,-0.1,11,1369,345.05,120.02
PIGL,PIGLEQN,96.0,95.9,95.9,-0.1,-0.1,1,95,189.7,88.05
MAFATIND,MAFATINDEQN,115.41,115.3,115.3,-0.11,-0.1,200,23060,157.77,113.4
KARAMTARA,KARAMTARAEQN,357.8,357.45,357.45,-0.35,-0.1,1736,620533,382.95,320.0
BALMLAWRIE,BALMLAWRIEEQN,162.48,162.3,162.3,-0.18,-0.11,111,18015,212.76,148.36
COCHINSHIP,COCHINSHIPEQN,1329.0,1327.6,1327.6,-1.4,-0.11,2399,3184912,1929.9,1187.0
SHRIRAMPPS,SHRIRAMPPSEQN,70.09,70.01,70.01,-0.08,-0.11,743,52017,99.44,60.57
IKIO,IKIOEQN,199.62,199.4,199.4,-0.22,-0.11,239,47656,238.8,103.53
PNBGILTS,PNBGILTSEQN,73.28,73.2,73.2,-0.08,-0.11,460,33672,101.45,58.6
SBIN,SBINEQN,962.0,960.9,960.9,-1.1,-0.11,30752,29549596,1234.7,856.0
MOL,MOLEQN,56.96,56.9,56.9,-0.06,-0.11,2429,138210,85.35,36.5
COHANCE,COHANCEEQN,453.3,452.8,452.8,-0.5,-0.11,352,159385,917.85,266.7
PAUSHAKLTD,PAUSHAKLTDEQN,655.75,655.0,655.0,-0.75,-0.11,10,6550,826.75,342.5
DEEPAKFERT,DEEPAKFERTEQN,1350.5,1349.0,1349.0,-1.5,-0.11,246,331854,1681.0,866.4
CGCL,CGCLEQN,248.9,248.6,248.6,-0.3,-0.12,1650,410190,287.45,151.1
HGINFRA,HGINFRAEQN,444.55,444.0,444.0,-0.55,-0.12,522,231768,976.45,429.5
BALKRISIND,BALKRISINDEQN,2153.8,2151.3,2151.3,-2.5,-0.12,84,180709,2775.0,1970.0
HITECH,HITECHEQN,73.34,73.25,73.25,-0.09,-0.12,893,65412,123.8,70.14
ICEMAKE,ICEMAKEEQN,648.75,648.0,648.0,-0.75,-0.12,52,33696,920.0,645.9
GOLDBETA,GOLDBETAEQN,123.65,123.5,123.5,-0.15,-0.12,901,111273,149.35,95.85
IRB,IRBEQN,17.14,17.12,17.12,-0.02,-0.12,114934,1967670,23.95,17.07
SANOFICONR,SANOFICONREQN,3976.2,3971.1,3971.1,-5.1,-0.13,12,47653,5255.0,3834.9
SHRIRAMFIN,SHRIRAMFINEQN,976.3,975.0,975.0,-1.3,-0.13,18854,18382650,1153.7,603.15
GREENPANEL,GREENPANELEQN,159.21,159.0,159.0,-0.21,-0.13,262,41658,314.4,148.51
SOLARINDS,SOLARINDSEQN,19150.0,19125.0,19125.0,-25.0,-0.13,481,9199125,22700.0,11646.0
KPRMILL,KPRMILLEQN,1101.2,1099.8,1099.8,-1.4,-0.13,39,42892,1334.0,796.1
KITEX,KITEXEQN,116.13,115.98,115.98,-0.15,-0.13,495,57410,232.7,114.49
URBANCO,URBANCOEQN,161.21,161.0,161.0,-0.21,-0.13,6219,1001259,183.97,100.7
ULTRACEMCO,ULTRACEMCOEQN,11025.0,11010.0,11010.0,-15.0,-0.14,170,1871700,13110.0,10325.0
STOVEKRAFT,STOVEKRAFTEQN,797.15,796.0,796.0,-1.15,-0.14,20,15920,877.0,447.05
RELIGARE,RELIGAREEQN,234.32,234.0,234.0,-0.32,-0.14,647,151398,280.0,196.51
PRECWIRE,PRECWIREEQN,480.65,480.0,480.0,-0.65,-0.14,750,360000,524.9,182.0
WAAREERTL,WAAREERTLEQN,826.05,824.9,824.9,-1.15,-0.14,338,278816,1358.0,779.5
TIMEX,TIMEXEQN,703.65,702.65,702.65,-1.0,-0.14,742,521366,748.0,312.0
GOLDIETF,GOLDIETFEQN,125.45,125.27,125.27,-0.18,-0.14,33715,4223478,158.0,95.53
PSPPROJECT,PSPPROJECTEQN,779.1,778.0,778.0,-1.1,-0.14,9,7002,1143.0,569.2
DCXINDIA,DCXINDIAEQN,159.24,159.0,159.0,-0.24,-0.15,820,130380,259.8,153.3
OMAXE,OMAXEEQN,110.27,110.1,110.1,-0.17,-0.15,559,61545,138.89,62.5
EIMCOELECO,EIMCOELECOEQN,2268.9,2265.6,2265.6,-3.3,-0.15,2,4531,2380.0,1405.5
SIRCA,SIRCAEQN,406.6,406.0,406.0,-0.6,-0.15,449,182294,539.0,385.0
PRICOLLTD,PRICOLLTDEQN,753.1,752.0,752.0,-1.1,-0.15,451,339152,823.0,499.9
TIINDIA,TIINDIAEQN,2459.0,2455.3,2455.3,-3.7,-0.15,255,626101,3335.2,2164.9
SDBL,SDBLEQN,80.62,80.5,80.5,-0.12,-0.15,36098,2905889,136.0,61.8
DBL,DBLEQN,406.9,406.3,406.3,-0.6,-0.15,250,101575,538.2,381.55
PARADEEP,PARADEEPEQN,155.7,155.47,155.47,-0.23,-0.15,2362,367220,201.99,99.7
ODYCORP,ODYCORPEQN,6.86,6.85,6.85,-0.01,-0.15,86,589,8.48,5.71
DATAMATICS,DATAMATICSEQN,784.2,783.0,783.0,-1.2,-0.15,184,144072,1010.0,632.0
AGL,AGLEQN,13.21,13.19,13.19,-0.02,-0.15,13077,172485,22.0,12.03
SILVERAG,SILVERAGEQN,214.33,214.0,214.0,-0.33,-0.15,1059,226626,380.0,134.03
MANAPPURAM,MANAPPURAMEQN,313.0,312.5,312.5,-0.5,-0.16,16278,5086875,381.55,245.15
TVSSCS,TVSSCSEQN,128.5,128.3,128.3,-0.2,-0.16,776,99560,146.5,90.32
PGIL,PGILEQN,1296.1,1294.0,1294.0,-2.1,-0.16,389,503366,1357.9,600.0
BLUESTARCO,BLUESTARCOEQN,1575.4,1572.9,1572.9,-2.5,-0.16,670,1053843,2032.9,1432.3
CCL,CCLEQN,1031.6,1030.0,1030.0,-1.6,-0.16,166,170980,1242.2,815.5
LICI,LICIEQN,400.65,400.0,400.0,-0.65,-0.16,9246,3698400,468.48,360.75
AKI,AKIBEN,6.3,6.29,6.29,-0.01,-0.16,3070,19310,9.78,3.8
ALKEM,ALKEMEQN,5175.0,5166.5,5166.5,-8.5,-0.16,141,728476,5933.5,5051.0
ZYDUSWELL,ZYDUSWELLEQN,524.4,523.55,523.55,-0.85,-0.16,75,39266,611.85,367.55
PINELABS,PINELABSEQN,173.02,172.75,172.75,-0.27,-0.16,25002,4319095,284.0,134.73
SILVERBETA,SILVERBETAEQN,212.36,212.01,212.01,-0.35,-0.16,331,70175,379.66,134.16
GRANULES,GRANULESEQN,851.4,850.0,850.0,-1.4,-0.16,329,279650,923.65,510.9
EIEL,EIELEQN,193.0,192.68,192.68,-0.32,-0.17,1643,316573,257.66,134.71
SARDAEN,SARDAENEQN,501.3,500.45,500.45,-0.85,-0.17,563,281753,624.0,453.1
PRABHA,PRABHAEQN,223.39,223.0,223.0,-0.39,-0.17,10,2230,262.8,137.91
TRIVENI,TRIVENIEQN,242.4,242.0,242.0,-0.4,-0.17,840,203280,490.1,220.05
NAZARA,NAZARAEQN,379.65,379.0,379.0,-0.65,-0.17,4933,1869607,384.5,215.7
DYCL,DYCLEQN,435.15,434.4,434.4,-0.75,-0.17,1714,744561,560.0,236.8
EASEMYTRIP,EASEMYTRIPEQN,5.97,5.96,5.96,-0.01,-0.17,45775,272819,10.6,5.71
LUMINO,LUMINOEQN,104.79,104.61,104.61,-0.18,-0.17,9115,953520,122.0,98.05
SOLARA,SOLARAEQN,736.3,735.0,735.0,-1.3,-0.18,395,290325,774.0,422.0
CHOICEIN,CHOICEINEQN,756.9,755.5,755.5,-1.4,-0.18,1369,1034279,860.5,568.7
BALAMINES,BALAMINESEQN,2153.9,2150.0,2150.0,-3.9,-0.18,67,144050,2629.8,968.1
BAJAJHCARE,BAJAJHCAREEQN,336.6,336.0,336.0,-0.6,-0.18,441,148176,509.9,272.35
JINDALSTEL,JINDALSTELEQN,1139.6,1137.5,1137.5,-2.1,-0.18,439,499362,1306.2,977.1
AEGISVOPAK,AEGISVOPAKEQN,298.55,298.0,298.0,-0.55,-0.18,1646,490508,320.95,158.0
MRPL,MRPLEQN,169.8,169.5,169.5,-0.3,-0.18,19402,3288639,212.31,127.56
MOTHERSON,MOTHERSONEQN,162.37,162.08,162.08,-0.29,-0.18,22328,3618922,173.27,101.01
EXIDEIND,EXIDEINDEQN,411.75,411.0,411.0,-0.75,-0.18,3526,1449186,496.4,287.0
GPPL,GPPLEQN,159.88,159.6,159.6,-0.28,-0.18,1073,171250,200.09,141.55
THOMASCOOK,THOMASCOOKEQN,102.18,102.0,102.0,-0.18,-0.18,588,59976,169.0,86.35
FABTECH,FABTECHEQN,144.26,144.0,144.0,-0.26,-0.18,176,25344,262.8,132.7
SILVERAXIS,SILVERAXISEQN,219.23,218.83,218.83,-0.4,-0.18,541,118387,390.01,137.56
NTPC,NTPCEQN,321.1,320.5,320.5,-0.6,-0.19,11025,3533512,414.4,315.55
NAVNETEDUL,NAVNETEDULEQN,121.73,121.5,121.5,-0.23,-0.19,189,22963,166.0,120.55
MAHABANK,MAHABANKEQN,80.85,80.7,80.7,-0.15,-0.19,52346,4224322,94.5,53.91
DBSTOCKBRO,DBSTOCKBROBEN,31.66,31.6,31.6,-0.06,-0.19,1,31,48.5,23.15
CUPID,CUPIDEQN,264.5,264.0,264.0,-0.5,-0.19,22807,6021048,299.0,41.82
IDFCFIRSTB,IDFCFIRSTBEQN,80.55,80.4,80.4,-0.15,-0.19,26582,2137192,89.61,58.08
BUTTERFLY,BUTTERFLYEQN,564.05,563.0,563.0,-1.05,-0.19,1,563,823.85,559.75
SILVER1,SILVER1EQN,21.41,21.37,21.37,-0.04,-0.19,7767,165980,38.8,13.41
HORIZONIND,HORIZONINDEQN,51.79,51.69,51.69,-0.1,-0.19,3687,190581,60.25,50.0
SWIGGY,SWIGGYEQN,256.0,255.5,255.5,-0.5,-0.2,26235,6703042,459.95,235.75
VIPIND,VIPINDEQN,296.25,295.65,295.65,-0.6,-0.2,272,80416,447.3,278.25
JAMNAAUTO,JAMNAAUTOEQN,139.68,139.4,139.4,-0.28,-0.2,3094,431303,152.6,89.74
JYOTICNC,JYOTICNCEQN,1046.1,1044.0,1044.0,-2.1,-0.2,578,603432,1134.6,580.1
TECHNOE,TECHNOEEQN,981.85,979.9,979.9,-1.95,-0.2,165,161683,1389.6,870.0
WANBURY,WANBURYEQN,222.25,221.8,221.8,-0.45,-0.2,402,89163,358.85,161.5
TITAGARH,TITAGARHEQN,818.65,817.0,817.0,-1.65,-0.2,994,812098,971.0,568.7
BERGEPAINT,BERGEPAINTEQN,452.85,451.95,451.95,-0.9,-0.2,346,156374,594.55,391.1
PATANJALI,PATANJALIEQN,390.8,390.0,390.0,-0.8,-0.2,6612,2578680,614.05,328.2
POLYPLEX,POLYPLEXEQN,1063.1,1061.0,1061.0,-2.1,-0.2,16,16976,1264.0,740.0
GOLDBEES,GOLDBEESEQN,121.17,120.93,120.93,-0.24,-0.2,118558,14337218,148.14,94.34
HBLENGINE,HBLENGINEEQN,785.65,784.0,784.0,-1.65,-0.21,4293,3365712,1122.0,613.0
ARFIN,ARFINEQN,88.48,88.29,88.29,-0.19,-0.21,1012,89349,106.2,45.16
SOUTHBANK,SOUTHBANKEQN,48.64,48.54,48.54,-0.1,-0.21,22118,1073607,50.68,28.5
RATEGAIN,RATEGAINEQN,828.7,827.0,827.0,-1.7,-0.21,119,98413,1050.0,437.0
ROUTE,ROUTEEQN,453.45,452.5,452.5,-0.95,-0.21,364,164710,819.75,410.7
HATHWAY,HATHWAYEQN,9.37,9.35,9.35,-0.02,-0.21,27713,259116,14.38,8.76
MACPOWER,MACPOWEREQN,2194.6,2190.0,2190.0,-4.6,-0.21,195,427050,2226.0,761.0
BDL,BDLEQN,1115.0,1112.7,1112.7,-2.3,-0.21,2878,3202350,1633.4,1086.0
MANAKSTEEL,MANAKSTEELBEN,110.13,109.9,109.9,-0.23,-0.21,807,88689,120.76,45.11
HDFCGOLD,HDFCGOLDEQN,125.41,125.15,125.15,-0.26,-0.21,13294,1663744,152.3,95.68
PROTEAN,PROTEANEQN,691.5,690.0,690.0,-1.5,-0.22,2812,1940280,909.5,444.0
AARTIPHARM,AARTIPHARMEQN,914.0,912.0,912.0,-2.0,-0.22,1129,1029648,962.0,585.0
KAYNES,KAYNESEQN,3658.0,3650.0,3650.0,-8.0,-0.22,1495,5456750,7705.0,2995.0
BSOFT,BSOFTEQN,271.25,270.65,270.65,-0.6,-0.22,2775,751053,474.0,270.0
DBREALTY,DBREALTYEQN,96.28,96.07,96.07,-0.21,-0.22,106,10183,168.96,83.5
UTKARSHBNK,UTKARSHBNKEQN,13.59,13.56,13.56,-0.03,-0.22,3097,41995,22.03,10.12
HDBFS,HDBFSEQN,637.4,636.0,636.0,-1.4,-0.22,155,98580,796.7,555.3
CRISIL,CRISILEQN,4650.6,4640.2,4640.2,-10.4,-0.22,60,278412,5064.9,3686.0
GOLDCASE,GOLDCASEEQN,23.08,23.03,23.03,-0.05,-0.22,60502,1393361,27.94,17.66
SILVER,SILVEREQN,220.19,219.71,219.71,-0.48,-0.22,2952,648583,371.89,136.33
ALGOQUANT,ALGOQUANTEQN,69.55,69.4,69.4,-0.15,-0.22,5,347,76.2,47.8
RPEL,RPELEQN,1703.9,1700.0,1700.0,-3.9,-0.23,119,202300,1943.7,561.3
AMBUJACEM,AMBUJACEMEQN,374.35,373.5,373.5,-0.85,-0.23,12960,4840560,588.75,374.0
APLAPOLLO,APLAPOLLOEQN,2197.0,2191.9,2191.9,-5.1,-0.23,372,815386,2301.4,1668.1
RIIL,RIILEQN,685.6,684.05,684.05,-1.55,-0.23,138,94398,964.0,617.35
GODREJPROP,GODREJPROPEQN,1669.8,1666.0,1666.0,-3.8,-0.23,215,358190,2352.0,1434.0
JUBLPHARMA,JUBLPHARMAEQN,1060.45,1058.0,1058.0,-2.45,-0.23,405,428490,1184.8,786.05
SBISILVER,SBISILVEREQN,216.0,215.5,215.5,-0.5,-0.23,1424,306872,362.0,136.05
KPEL,KPELEQN,220.54,220.0,220.0,-0.54,-0.24,189,41580,463.25,206.52
DDEVPLSTIK,DDEVPLSTIKEQN,252.6,252.0,252.0,-0.6,-0.24,150,37800,360.0,185.15
DEEDEV,DEEDEVEQN,655.5,653.9,653.9,-1.6,-0.24,208,136011,760.0,183.0
SMCGLOBAL,SMCGLOBALEQN,97.23,97.0,97.0,-0.23,-0.24,56056,5437432,100.98,54.44
REPRO,REPROEQN,333.8,333.0,333.0,-0.8,-0.24,801,266733,590.0,276.1
IRCON,IRCONEQN,103.25,103.0,103.0,-0.25,-0.24,6247,643441,186.44,102.82
GMDCLTD,GMDCLTDEQN,522.25,521.0,521.0,-1.25,-0.24,3687,1920927,771.9,466.4
MANYAVAR,MANYAVAREQN,541.3,540.0,540.0,-1.3,-0.24,457,246780,711.45,329.2
HCC,HCCEQN,20.55,20.5,20.5,-0.05,-0.24,54964,1126762,28.5,13.65
TITAN,TITANEQN,4819.5,4808.0,4808.0,-11.5,-0.24,2025,9736200,5186.7,3327.0
VINDHYATEL,VINDHYATELEQN,2598.4,2592.1,2592.1,-6.3,-0.24,51,132197,2952.6,963.9
SAKAR,SAKAREQN,1089.65,1087.0,1087.0,-2.65,-0.24,434,471758,1229.85,345.5
AERONEU,AERONEUEQN,75.18,75.0,75.0,-0.18,-0.24,40,3000,105.5,63.21
AONESILVER,AONESILVEREQN,8.46,8.44,8.44,-0.02,-0.24,284,2396,12.0,7.43
BANCOINDIA,BANCOINDIAEQN,594.2,592.7,592.7,-1.5,-0.25,51,30227,879.8,502.0
RBLBANK,RBLBANKEQN,407.0,406.0,406.0,-1.0,-0.25,1770,718620,429.6,261.6
KRBL,KRBLEQN,382.95,382.0,382.0,-0.95,-0.25,560,213920,452.8,274.65
FIVESTAR,FIVESTAREQN,518.35,517.05,517.05,-1.3,-0.25,288,148910,666.0,338.15
VIJAYA,VIJAYAEQN,1501.4,1497.7,1497.7,-3.7,-0.25,199,298042,1593.6,848.0
CARTRADE,CARTRADEEQN,2880.1,2872.8,2872.8,-7.3,-0.25,425,1220940,3290.5,1600.0
EXPLEOSOL,EXPLEOSOLEQN,870.35,868.1,868.1,-2.25,-0.26,1,868,1175.1,640.0
FLAIR,FLAIREQN,235.06,234.46,234.46,-0.6,-0.26,201,47126,345.0,228.0
HDFCSILVER,HDFCSILVEREQN,210.33,209.78,209.78,-0.55,-0.26,5307,1113302,359.0,132.72
HECPROJECT,HECPROJECTEQN,112.86,112.55,112.55,-0.31,-0.27,323,36353,160.5,92.1
SUNTECK,SUNTECKEQN,276.75,276.0,276.0,-0.75,-0.27,336,92736,472.5,270.75
JSWSTEEL,JSWSTEELEQN,1264.1,1260.7,1260.7,-3.4,-0.27,2527,3185788,1351.0,1073.2
JKLAKSHMI,JKLAKSHMIEQN,494.8,493.45,493.45,-1.35,-0.27,171,84379,884.95,491.25
BAJEL,BAJELEQN,169.47,169.01,169.01,-0.46,-0.27,133,22478,219.64,135.1
GNFC,GNFCEQN,620.65,619.0,619.0,-1.65,-0.27,561,347259,636.0,365.0
ATUL,ATULEQN,5991.0,5975.0,5975.0,-16.0,-0.27,56,334600,7180.0,5560.5
IGPL,IGPLEQN,581.55,580.0,580.0,-1.55,-0.27,100,58000,609.9,315.0
LEAPIND,LEAPINDEQN,135.36,135.0,135.0,-0.36,-0.27,2410,325350,172.29,128.55
OBEROIRLTY,OBEROIRLTYEQN,1830.0,1825.0,1825.0,-5.0,-0.27,106,193450,1986.1,1391.2
SILVERCASE,SILVERCASEEQN,22.35,22.29,22.29,-0.06,-0.27,9856,219690,38.01,14.02
VARROC,VARROCEQN,848.35,846.0,846.0,-2.35,-0.28,280,236880,912.2,462.0
TCS,TCSEQN,2070.7,2065.0,2065.0,-5.7,-0.28,16580,34237700,3350.0,1976.8
INDUSTOWER,INDUSTOWEREQN,360.0,359.0,359.0,-1.0,-0.28,7106,2551054,481.5,337.8
UFLEX,UFLEXEQN,641.95,640.15,640.15,-1.8,-0.28,215,137632,723.5,330.0
HEROMOTOCO,HEROMOTOCOEQN,5390.0,5375.0,5375.0,-15.0,-0.28,1071,5756625,6388.5,4671.5
INDHOTEL,INDHOTELEQN,711.0,709.0,709.0,-2.0,-0.28,2648,1877432,757.4,565.0
MANAKSIA,MANAKSIAEQN,60.19,60.02,60.02,-0.17,-0.28,325,19506,73.4,42.1
RICOAUTO,RICOAUTOEQN,127.36,127.0,127.0,-0.36,-0.28,660,83820,157.99,78.92
GROWWGOLD,GROWWGOLDEQN,14.33,14.29,14.29,-0.04,-0.28,6559,93728,18.0,11.16
SILVER360,SILVER360EQN,217.62,217.0,217.0,-0.62,-0.28,35,7595,358.0,136.95
INFOBEAN,INFOBEANEQN,144.42,144.0,144.0,-0.42,-0.29,900,129600,257.5,116.5
CARRARO,CARRAROEQN,523.7,522.2,522.2,-1.5,-0.29,23,12010,667.55,416.0
VPRPL,VPRPLEQN,31.09,31.0,31.0,-0.09,-0.29,461,14291,100.42,23.94
TI,TIEQN,561.65,560.0,560.0,-1.65,-0.29,467,261520,607.8,381.55
TBOTEK,TBOTEKEQN,1654.8,1650.0,1650.0,-4.8,-0.29,52,85800,1764.8,1004.2
GLAXO,GLAXOEQN,2896.4,2888.0,2888.0,-8.4,-0.29,262,756656,3120.7,2088.1
BLUSPRING,BLUSPRINGEQN,149.44,149.0,149.0,-0.44,-0.29,1638,244062,151.9,43.98
ADVAIT,ADVAITEQN,1867.4,1862.0,1862.0,-5.4,-0.29,162,301644,2485.0,1351.0
PFS,PFSEQN,27.12,27.04,27.04,-0.08,-0.29,11430,309067,40.5,23.85
PREMEXPLN,PREMEXPLNEQN,677.05,675.0,675.0,-2.05,-0.3,127,85725,829.8,378.4
MOSCHIP,MOSCHIPEQN,200.21,199.61,199.61,-0.6,-0.3,8859,1768344,288.45,146.8
RPOWER,RPOWEREQN,19.96,19.9,19.9,-0.06,-0.3,170308,3389129,50.73,19.8
EMCURE,EMCUREEQN,1927.8,1922.1,1922.1,-5.7,-0.3,207,397874,2100.7,1260.0
NDRAUTO,NDRAUTOEQN,721.6,719.4,719.4,-2.2,-0.3,29,20862,1080.4,605.05
M&M,M&MEQN,2995.0,2986.0,2986.0,-9.0,-0.3,7229,21585794,3839.9,2896.0
PHOENIXLTD,PHOENIXLTDEQN,1952.2,1946.3,1946.3,-5.9,-0.3,379,737647,2169.8,1465.6
MAMATA,MAMATAEQN,401.2,400.0,400.0,-1.2,-0.3,146,58400,475.7,297.0
ANONDITA,ANONDITASMN,1103.35,1100.0,1100.0,-3.35,-0.3,400,440000,1302.97,331.68
DPABHUSHAN,DPABHUSHANEQN,1388.2,1384.0,1384.0,-4.2,-0.3,11,15224,1670.0,866.1
ECORECO,ECORECOEQN,404.8,403.6,403.6,-1.2,-0.3,140,56504,494.9,400.0
TCC,TCCEQN,49.35,49.2,49.2,-0.15,-0.3,213,10479,105.28,39.37
ZAGGLE,ZAGGLEEQN,175.55,175.0,175.0,-0.55,-0.31,1514,264950,405.4,154.36
VBL,VBLEQN,430.0,428.65,428.65,-1.35,-0.31,2917,1250372,555.8,381.0
IGARASHI,IGARASHIEQN,416.2,414.9,414.9,-1.3,-0.31,11,4563,558.0,271.05
COMPUSOFT,COMPUSOFTEQN,13.1,13.06,13.06,-0.04,-0.31,3,39,20.5,12.0
WONDERLA,WONDERLAEQN,505.55,504.0,504.0,-1.55,-0.31,352,177408,616.6,455.0
DBCORP,DBCORPEQN,178.55,178.0,178.0,-0.55,-0.31,195,34710,280.55,178.01
TIIL,TIILEQN,2929.4,2920.4,2920.4,-9.0,-0.31,97,283278,3565.3,1868.5
DOMS,DOMSEQN,2046.5,2040.2,2040.2,-6.3,-0.31,23,46924,2755.0,2023.9
ASTERDM,ASTERDMEQN,747.35,745.0,745.0,-2.35,-0.31,646,481270,891.3,519.1
SAPPHIRE,SAPPHIREEQN,216.68,216.0,216.0,-0.68,-0.31,234,50544,310.5,139.91
HALDYNGL,HALDYNGLEQN,152.35,151.87,151.87,-0.48,-0.32,608,92336,159.0,85.0
ASIANTILES,ASIANTILESEQN,50.16,50.0,50.0,-0.16,-0.32,2011,100550,79.06,42.5
ABB,ABBEQN,6972.5,6950.0,6950.0,-22.5,-0.32,180,1251000,7924.5,4637.5
RELIANCE,RELIANCEEQN,1197.6,1193.8,1193.8,-3.8,-0.32,237586,283630166,1611.8,1197.0
OIL,OILEQN,468.0,466.5,466.5,-1.5,-0.32,1349,629308,531.0,395.6
HAL,HALEQN,4738.0,4723.0,4723.0,-15.0,-0.32,1002,4732446,5149.9,3479.1
ASTRAMICRO,ASTRAMICROEQN,1590.1,1585.0,1585.0,-5.1,-0.32,719,1139615,1960.0,851.0
CYBERTECH,CYBERTECHBEN,135.44,135.0,135.0,-0.44,-0.32,20,2700,274.8,95.3
TERASOFT,TERASOFTEQN,215.7,215.0,215.0,-0.7,-0.32,30,6450,598.0,211.05
GMMPFAUDLR,GMMPFAUDLREQN,1480.1,1475.4,1475.4,-4.7,-0.32,902,1330810,1533.6,735.0
SILVERIETF,SILVERIETFEQN,220.2,219.5,219.5,-0.7,-0.32,8767,1924356,373.5,138.51
KPL,KPLEQN,3576.9,3565.4,3565.4,-11.5,-0.32,31,110527,3949.0,1561.0
AGARWALEYE,AGARWALEYEEQN,503.6,501.95,501.95,-1.65,-0.33,68,34132,568.0,401.0
EDELWEISS,EDELWEISSEQN,135.45,135.0,135.0,-0.45,-0.33,10797,1457595,146.0,98.0
GATEWAY,GATEWAYEQN,51.88,51.71,51.71,-0.17,-0.33,3298,170539,65.42,48.1
SWANCORP,SWANCORPEQN,289.7,288.75,288.75,-0.95,-0.33,592,170940,493.6,273.65
BRITANNIA,BRITANNIAEQN,4915.0,4899.0,4899.0,-16.0,-0.33,107,524193,6271.0,4869.0
ZFCVINDIA,ZFCVINDIAEQN,2332.8,2325.0,2325.0,-7.8,-0.33,103,239475,3044.0,2050.33
SHIPROCKET,SHIPROCKETEQN,120.9,120.5,120.5,-0.4,-0.33,4640,559120,156.9,116.64
PIRAMALFIN,PIRAMALFINEQN,2149.0,2142.0,2142.0,-7.0,-0.33,103,220626,2326.4,1260.0
QUESS,QUESSEQN,340.9,339.75,339.75,-1.15,-0.34,371,126047,388.75,166.3
AARTIIND,AARTIINDEQN,476.6,475.0,475.0,-1.6,-0.34,1547,734825,551.75,338.05
EIHAHOTELS,EIHAHOTELSEQN,290.0,289.0,289.0,-1.0,-0.34,2,578,403.45,266.65
NEOGEN,NEOGENEQN,2396.3,2388.1,2388.1,-8.2,-0.34,276,659115,2499.7,966.7
NUVAMA,NUVAMAEQN,1640.6,1635.0,1635.0,-5.6,-0.34,151,246885,2066.0,1096.9
IVALUE,IVALUEEQN,219.21,218.47,218.47,-0.74,-0.34,50,10923,340.0,200.88
MANINDS,MANINDSEQN,953.35,950.1,950.1,-3.25,-0.34,1148,1090714,1039.7,302.05
ODIGMA,ODIGMAEQN,20.87,20.8,20.8,-0.07,-0.34,3,62,47.36,20.0
WAAREEINDO,WAAREEINDOEQN,219.35,218.6,218.6,-0.75,-0.34,969,211823,725.0,219.35
ITCHOTELS,ITCHOTELSEQN,158.57,158.02,158.02,-0.55,-0.35,2712,428550,237.63,137.3
KEI,KEIEQN,4516.0,4500.0,4500.0,-16.0,-0.35,930,4185000,5899.0,3728.7
SOLARWORLD,SOLARWORLDEQN,131.49,131.03,131.03,-0.46,-0.35,213,27909,388.5,128.16
HIMATSEIDE,HIMATSEIDEEQN,66.13,65.9,65.9,-0.23,-0.35,1297,85472,129.49,61.09
VENUSPIPES,VENUSPIPESEQN,2132.6,2125.1,2125.1,-7.5,-0.35,735,1561948,2347.9,890.0
RIIT,RIITIVN,119.42,119.0,119.0,-0.42,-0.35,50,5950,127.0,105.3
SPIC,SPICEQN,62.75,62.53,62.53,-0.22,-0.35,2200,137566,96.83,55.1
WIPRO,WIPROEQN,161.56,161.0,161.0,-0.56,-0.35,42241,6800801,273.1,160.97
RECLTD,RECLTDEQN,303.25,302.2,302.2,-1.05,-0.35,11474,3467442,390.3,303.25
CHAMBLFERT,CHAMBLFERTEQN,418.45,417.0,417.0,-1.45,-0.35,3420,1426140,524.85,399.75
IBULLSLTD,IBULLSLTDEQN,28.9,28.8,28.8,-0.1,-0.35,13131,378172,32.5,8.9
TATAGOLD,TATAGOLDEQN,14.26,14.21,14.21,-0.05,-0.35,129427,1839157,17.7,10.33
HTEL,HTELEQN,65.64,65.41,65.41,-0.23,-0.35,307,20080,86.45,62.91
NAM-INDIA,NAM-INDIAEQN,1093.9,1090.0,1090.0,-3.9,-0.36,1915,2087350,1269.5,795.8
RCF,RCFEQN,109.95,109.55,109.55,-0.4,-0.36,2777,304220,157.2,106.0
VAIBHAVGBL,VAIBHAVGBLEQN,199.72,199.0,199.0,-0.72,-0.36,214,42586,293.25,174.13
BHARATFORG,BHARATFORGEQN,1957.0,1950.0,1950.0,-7.0,-0.36,660,1287000,2295.0,1179.4
DLINKINDIA,DLINKINDIAEQN,418.45,416.95,416.95,-1.5,-0.36,100,41695,549.2,367.65
NETWEB,NETWEBEQN,4566.5,4550.0,4550.0,-16.5,-0.36,2051,9332050,5813.0,2920.0
UBL,UBLEQN,1217.4,1213.0,1213.0,-4.4,-0.36,182,220766,1844.0,1210.4
MANIPALHOS,MANIPALHOSEQN,722.5,719.9,719.9,-2.6,-0.36,1623,1168397,815.0,625.45
PROZONER,PROZONEREQN,56.26,56.05,56.05,-0.21,-0.37,1914,107279,72.77,39.55
SANSTAR,SANSTAREQN,106.9,106.5,106.5,-0.4,-0.37,2,213,137.49,74.3
LTFOODS,LTFOODSEQN,408.5,407.0,407.0,-1.5,-0.37,1099,447293,490.7,333.15
GODREJAGRO,GODREJAGROEQN,642.5,640.1,640.1,-2.4,-0.37,771,493517,727.0,506.1
BIRLACORPN,BIRLACORPNEQN,839.1,836.0,836.0,-3.1,-0.37,14,11704,1346.1,769.6
UTTAMSUGAR,UTTAMSUGAREQN,294.75,293.65,293.65,-1.1,-0.37,1236,362951,359.3,181.1
CHEMPLASTS,CHEMPLASTSEQN,195.88,195.15,195.15,-0.73,-0.37,278,54251,421.75,161.0
ABSLAMC,ABSLAMCEQN,987.7,984.0,984.0,-3.7,-0.37,180,177120,1224.9,708.0
SWSOLAR,SWSOLAREQN,170.74,170.1,170.1,-0.64,-0.37,4686,797088,260.8,148.0
MUKANDLTD,MUKANDLTDEQN,171.03,170.4,170.4,-0.63,-0.37,1458,248443,173.95,114.31
RVNL,RVNLEQN,202.75,202.0,202.0,-0.75,-0.37,14251,2878702,400.7,195.15
20MICRONS,20MICRONSEQN,212.94,212.16,212.16,-0.78,-0.37,81,17184,237.4,129.61
GRAVITA,GRAVITAEQN,1475.4,1470.0,1470.0,-5.4,-0.37,491,721770,1913.6,1266.9
NESTLEIND,NESTLEINDEQN,1346.0,1341.0,1341.0,-5.0,-0.37,4347,5829327,1553.0,1145.0
REMSONSIND,REMSONSINDEQN,120.39,119.95,119.95,-0.44,-0.37,3179,381321,152.45,75.23
TATSILV,TATSILVEQN,21.38,21.3,21.3,-0.08,-0.37,40325,858922,35.1,13.5
RELTD,RELTDEQN,148.07,147.51,147.51,-0.56,-0.38,7,1032,196.45,114.77
NESCO,NESCOEQN,1086.4,1082.3,1082.3,-4.1,-0.38,211,228365,1422.8,996.0
JISLJALEQS,JISLJALEQSEQN,28.88,28.77,28.77,-0.11,-0.38,7002,201447,55.79,26.11
KPIGREEN,KPIGREENEQN,357.35,356.0,356.0,-1.35,-0.38,8798,3132088,542.25,271.9
SILVERBEES,SILVERBEESEQN,210.65,209.85,209.85,-0.8,-0.38,39739,8339229,360.0,132.99
ESILVER,ESILVEREQN,220.84,220.0,220.0,-0.84,-0.38,100,22000,375.0,139.33
MANINFRA,MANINFRAEQN,127.43,126.95,126.95,-0.48,-0.38,1299,164908,150.86,77.12
GULPOLY,GULPOLYEQN,166.05,165.4,165.4,-0.65,-0.39,146,24148,227.63,121.5
SMARTWORKS,SMARTWORKSEQN,511.65,509.65,509.65,-2.0,-0.39,53,27011,619.0,361.5
PRESTIGE,PRESTIGEEQN,1470.8,1465.0,1465.0,-5.8,-0.39,514,753010,1805.2,1090.0
PLATIND,PLATINDEQN,205.91,205.1,205.1,-0.81,-0.39,131,26868,314.85,183.5
BHEL,BHELEQN,411.9,410.3,410.3,-1.6,-0.39,21640,8878892,446.5,229.54
USHAMART,USHAMARTEQN,508.0,506.0,506.0,-2.0,-0.39,701,354706,542.6,380.0
SCODATUBES,SCODATUBESEQN,130.53,130.02,130.02,-0.51,-0.39,910,118318,181.48,110.0
HUDCO,HUDCOEQN,168.66,168.0,168.0,-0.66,-0.39,4239,712152,246.85,159.0
LGEINDIA,LGEINDIAEQN,1730.7,1724.0,1724.0,-6.7,-0.39,934,1610216,1755.0,1304.1
RACLGEAR,RACLGEAREQN,1613.1,1606.6,1606.6,-6.5,-0.4,10,16066,1927.7,921.8
ALICON,ALICONEQN,716.85,714.0,714.0,-2.85,-0.4,1,714,1022.0,580.0
GEMAROMA,GEMAROMAEQN,156.62,156.0,156.0,-0.62,-0.4,1,156,263.68,133.0
MAHLOG,MAHLOGEQN,421.8,420.1,420.1,-1.7,-0.4,468,196606,450.0,275.05
FINPIPE,FINPIPEEQN,151.61,151.0,151.0,-0.61,-0.4,853,128803,209.44,147.54
SKIPPER,SKIPPEREQN,535.65,533.5,533.5,-2.15,-0.4,674,359579,616.8,327.05
AFFLE,AFFLEEQN,1548.4,1542.2,1542.2,-6.2,-0.4,133,205112,2016.7,1251.3
AVADHSUGAR,AVADHSUGAREQN,808.4,805.2,805.2,-3.2,-0.4,165,132858,884.8,306.05
TUTIALKA,TUTIALKAEQN,55.22,55.0,55.0,-0.22,-0.4,27,1485,62.9,52.0
LEENEE,LEENEEBEN,7.57,7.54,7.54,-0.03,-0.4,4,30,11.48,6.81
MANBA,MANBAEQN,137.68,137.11,137.11,-0.57,-0.41,3840,526502,154.0,98.0
XELPMOC,XELPMOCEQN,89.57,89.2,89.2,-0.37,-0.41,250,22300,155.5,71.1
MOBIKWIK,MOBIKWIKEQN,199.06,198.25,198.25,-0.81,-0.41,1076,213317,296.7,151.46
AEROFLEX,AEROFLEXEQN,513.4,511.3,511.3,-2.1,-0.41,713,364556,584.15,158.0
SAMHI,SAMHIEQN,150.16,149.55,149.55,-0.61,-0.41,4041,604331,217.3,127.0
AAVAS,AAVASEQN,1282.4,1277.1,1277.1,-5.3,-0.41,23,29373,1771.9,1060.4
HAVELLS,HAVELLSEQN,1085.0,1080.6,1080.6,-4.4,-0.41,598,646198,1520.9,1074.5
FEDFINA,FEDFINAEQN,150.72,150.1,150.1,-0.62,-0.41,562,84356,178.48,119.07
BOSCH-HCIL,BOSCH-HCILEQN,1802.4,1795.0,1795.0,-7.4,-0.41,15,26925,1891.3,1021.3
SIEMENS,SIEMENSEQN,3785.5,3769.6,3769.6,-15.9,-0.42,676,2548249,4149.4,2826.0
BHARTIARTL,BHARTIARTLEQN,1771.4,1764.0,1764.0,-7.4,-0.42,172067,303526188,2174.5,1740.5
RAYMONDREL,RAYMONDRELEQN,672.95,670.1,670.1,-2.85,-0.42,2159,1446745,741.95,349.0
TDPOWERSYS,TDPOWERSYSEQN,722.0,719.0,719.0,-3.0,-0.42,2627,1888813,817.55,284.03
AADHARHFC,AADHARHFCEQN,436.95,435.1,435.1,-1.85,-0.42,273,118782,563.0,430.15
KHAICHEM,KHAICHEMEQN,49.51,49.3,49.3,-0.21,-0.42,246,12127,132.9,42.92
PRAJIND,PRAJINDEQN,311.95,310.65,310.65,-1.3,-0.42,1303,404776,427.65,273.0
CASTROLIND,CASTROLINDEQN,201.04,200.2,200.2,-0.84,-0.42,15591,3121318,207.2,170.1
DWARKESH,DWARKESHEQN,43.37,43.19,43.19,-0.18,-0.42,4021,173666,59.9,32.13
SAILIFE,SAILIFEEQN,1582.8,1576.0,1576.0,-6.8,-0.43,311,490136,1697.0,783.85
SAGCEM,SAGCEMEQN,149.64,149.0,149.0,-0.64,-0.43,62,9238,258.1,141.52
JSWINFRA,JSWINFRAEQN,348.75,347.25,347.25,-1.5,-0.43,2542,882709,375.5,233.42
YASHO,YASHOEQN,4117.9,4100.0,4100.0,-17.9,-0.43,31,127100,4994.0,1130.0
MUTHOOTFIN,MUTHOOTFINEQN,2760.0,2748.0,2748.0,-12.0,-0.43,896,2462208,4149.5,2671.0
CYIENTDLM,CYIENTDLMEQN,917.95,914.0,914.0,-3.95,-0.43,1743,1593102,1009.0,265.2
AARTECH,AARTECHBEN,51.22,51.0,51.0,-0.22,-0.43,11,561,64.75,33.51
WALCHANNAG,WALCHANNAGEQN,203.03,202.15,202.15,-0.88,-0.43,1948,393788,315.8,131.15
ERIS,ERISEQN,1236.3,1231.0,1231.0,-5.3,-0.43,16,19696,1740.0,1200.0
ATULAUTO,ATULAUTOEQN,440.55,438.6,438.6,-1.95,-0.44,150,65790,596.55,380.05
AVALON,AVALONEQN,2310.2,2300.0,2300.0,-10.2,-0.44,383,880900,2618.0,777.3
KFINTECH,KFINTECHEQN,884.05,880.2,880.2,-3.85,-0.44,465,409293,1215.0,784.95
LUMAXIND,LUMAXINDEQN,5676.0,5651.0,5651.0,-25.0,-0.44,1,5651,6934.5,4480.0
ABCAPITAL,ABCAPITALEQN,382.7,381.0,381.0,-1.7,-0.44,1512,576072,430.7,279.55
SOMATEX,SOMATEXEQN,80.35,80.0,80.0,-0.35,-0.44,100,8000,161.25,63.01
SHYAMMETL,SHYAMMETLEQN,1068.7,1064.0,1064.0,-4.7,-0.44,69,73416,1148.0,746.0
ORIENTBELL,ORIENTBELLEQN,395.7,393.95,393.95,-1.75,-0.44,1,393,434.95,246.55
ARIS,ARISEQN,132.61,132.02,132.02,-0.59,-0.44,535,70630,178.3,82.18
DAMCAPITAL,DAMCAPITALEQN,158.66,157.95,157.95,-0.71,-0.45,38440,6071598,286.0,119.22
SUVIDHAA,SUVIDHAAEQN,2.21,2.2,2.2,-0.01,-0.45,1493,3284,4.25,1.77
MINDACORP,MINDACORPEQN,673.0,670.0,670.0,-3.0,-0.45,261,174870,769.0,468.5
STARHEALTH,STARHEALTHEQN,552.5,550.0,550.0,-2.5,-0.45,464,255200,624.9,416.55
RAILTEL,RAILTELEQN,256.15,255.0,255.0,-1.15,-0.45,488,124440,400.8,245.0
VISHAL,VISHALEQN,17.86,17.78,17.78,-0.08,-0.45,3483,61927,21.94,17.35
MODISONLTD,MODISONLTDBEN,429.7,427.75,427.75,-1.95,-0.45,262,112070,546.0,114.0
ARVSMART,ARVSMARTEQN,615.75,612.95,612.95,-2.8,-0.45,224,137300,707.85,486.8
PERMAGN,PERMAGNEQN,825.7,822.0,822.0,-3.7,-0.45,2,1644,929.0,784.05
SYMBIOTEC,SYMBIOTECEQN,1055.75,1051.0,1051.0,-4.75,-0.45,1600,1681600,1193.7,934.2
SHAKTIPUMP,SHAKTIPUMPEQN,465.15,463.0,463.0,-2.15,-0.46,354,163902,838.65,455.0
DLF,DLFEQN,663.55,660.5,660.5,-3.05,-0.46,5217,3445828,786.5,489.4
DHANUKA,DHANUKAEQN,954.4,950.0,950.0,-4.4,-0.46,31,29450,1620.4,889.6
HSCL,HSCLEQN,669.95,666.9,666.9,-3.05,-0.46,1106,737591,819.5,418.5
MENONBE,MENONBEEQN,290.85,289.5,289.5,-1.35,-0.46,503,145618,330.0,101.5
CEINSYS,CEINSYSEQN,685.15,682.0,682.0,-3.15,-0.46,25,17050,1249.9,665.0
COALINDIA,COALINDIAEQN,422.5,420.55,420.55,-1.95,-0.46,13601,5719900,491.25,369.6
ALLCARGO,ALLCARGOEQN,10.82,10.77,10.77,-0.05,-0.46,41766,449819,36.55,7.11
SEKURITIND,SEKURITINDEQN,108.12,107.62,107.62,-0.5,-0.46,2015,216854,124.65,105.05
SAGARDEEP,SAGARDEEPEQN,23.29,23.18,23.18,-0.11,-0.47,43,996,31.48,20.81
PVSL,PVSLEQN,97.66,97.2,97.2,-0.46,-0.47,50,4860,163.0,82.41
MCX,MCXEQN,3263.5,3248.0,3248.0,-15.5,-0.47,2217,7200816,3481.4,1545.1
GANDHITUBE,GANDHITUBEEQN,952.5,948.0,948.0,-4.5,-0.47,192,182016,1046.6,681.05
UGARSUGAR,UGARSUGAREQN,62.29,62.0,62.0,-0.29,-0.47,2912,180544,66.77,33.75
INTELLECT,INTELLECTEQN,631.55,628.6,628.6,-2.95,-0.47,145,91147,1244.6,595.2
HERITGFOOD,HERITGFOODEQN,402.05,400.15,400.15,-1.9,-0.47,126,50418,503.8,292.55
ICICIBANK,ICICIBANKEQN,1302.0,1295.7,1295.7,-6.3,-0.48,160779,208321350,1480.0,1187.6
BAJAJELEC,BAJAJELECEQN,314.65,313.15,313.15,-1.5,-0.48,237,74216,575.0,301.0
360ONE,360ONEEQN,1045.0,1040.0,1040.0,-5.0,-0.48,2372,2466880,1236.2,906.05
PGEL,PGELEQN,507.0,504.55,504.55,-2.45,-0.48,2770,1397603,644.4,436.55
BIOFILCHEM,BIOFILCHEMEQN,31.51,31.36,31.36,-0.15,-0.48,834,26154,46.34,25.6
VENKEYS,VENKEYSEQN,1632.8,1625.0,1625.0,-7.8,-0.48,61,99125,1814.9,1165.0
GODREJIND,GODREJINDEQN,1076.1,1070.9,1070.9,-5.2,-0.48,125,133862,1443.0,744.2
IMFA,IMFAEQN,1207.8,1202.0,1202.0,-5.8,-0.48,146,175492,1679.9,1064.1
TEXINFRA,TEXINFRAEQN,116.56,116.0,116.0,-0.56,-0.48,300,34800,126.59,82.5
RENTOMOJO,RENTOMOJOEQN,491.35,489.0,489.0,-2.35,-0.48,5372,2626908,581.95,482.45
ARTEMISMED,ARTEMISMEDEQN,365.9,364.15,364.15,-1.75,-0.48,2366,861578,378.8,203.35
VMSTMT,VMSTMTEQN,48.25,48.02,48.02,-0.23,-0.48,150,7203,85.42,33.5
EMMVEE,EMMVEEEQN,315.55,314.05,314.05,-1.5,-0.48,3249,1020348,371.55,171.51
LTF,LTFEQN,280.85,279.5,279.5,-1.35,-0.48,4959,1386040,338.6,234.9
REFEX,REFEXEQN,275.8,274.45,274.45,-1.35,-0.49,990,271705,382.4,188.0
ANANTRAJ,ANANTRAJEQN,607.95,605.0,605.0,-2.95,-0.49,2229,1348545,743.65,403.0
MBAPL,MBAPLEQN,166.81,166.0,166.0,-0.81,-0.49,8368,1389088,174.94,74.63
KCP,KCPEQN,157.28,156.51,156.51,-0.77,-0.49,42,6573,207.8,125.0
DABUR,DABUREQN,385.75,383.85,383.85,-1.9,-0.49,2067,793417,534.0,368.05
TVSMOTOR,TVSMOTOREQN,4095.0,4075.0,4075.0,-20.0,-0.49,605,2465375,4484.5,3228.0
KIRLPNU,KIRLPNUEQN,678.65,675.3,675.3,-3.35,-0.49,201,135735,1098.55,495.05
CARBORUNIV,CARBORUNIVEQN,1247.8,1241.7,1241.7,-6.1,-0.49,448,556281,1368.9,735.2
SETCO,SETCOBEN,18.52,18.43,18.43,-0.09,-0.49,608,11205,28.62,11.56
INNOVACAP,INNOVACAPEQN,1271.2,1265.0,1265.0,-6.2,-0.49,138,174570,1353.5,622.0
BHARATGEAR,BHARATGEARBEN,99.82,99.33,99.33,-0.49,-0.49,10,993,154.2,83.8
NFL,NFLEQN,65.76,65.44,65.44,-0.32,-0.49,2535,165890,98.3,63.35
IGIL,IGILEQN,323.15,321.55,321.55,-1.6,-0.5,250,80387,388.3,287.0
ASHAPURMIN,ASHAPURMINEQN,502.6,500.1,500.1,-2.5,-0.5,707,353570,924.9,455.1
WHIRLPOOL,WHIRLPOOLEQN,917.1,912.55,912.55,-4.55,-0.5,5723,5222523,1437.0,706.0
ZOTA,ZOTAEQN,1322.2,1315.6,1315.6,-6.6,-0.5,67,88145,1740.0,1022.0
GRINDWELL,GRINDWELLEQN,1918.2,1908.6,1908.6,-9.6,-0.5,25,47715,2455.0,1329.0
SUPRAJIT,SUPRAJITEQN,483.6,481.2,481.2,-2.4,-0.5,8,3849,559.25,389.95
MAHSEAMLES,MAHSEAMLESEQN,714.35,710.8,710.8,-3.55,-0.5,524,372459,738.6,500.7
GRSE,GRSEEQN,2245.3,2234.0,2234.0,-11.3,-0.5,1152,2573568,3339.0,1963.7
SCI,SCIEQN,272.05,270.7,270.7,-1.35,-0.5,5119,1385713,368.75,195.55
THERMAX,THERMAXEQN,3386.0,3369.0,3369.0,-17.0,-0.5,62,208878,5277.8,2742.7
VSTTILLERS,VSTTILLERSEQN,4307.3,4285.8,4285.8,-21.5,-0.5,41,175717,6374.0,3950.0
ABDL,ABDLEQN,723.45,719.85,719.85,-3.6,-0.5,1590,1144561,753.8,382.1
AARTIDRUGS,AARTIDRUGSEQN,429.65,427.5,427.5,-2.15,-0.5,522,223155,534.0,318.95
ANUHPHR,ANUHPHREQN,89.46,89.0,89.0,-0.46,-0.51,1094,97366,99.5,67.0
HINDPETRO,HINDPETROEQN,342.45,340.7,340.7,-1.75,-0.51,5116,1743021,508.45,316.2
MUFIN,MUFINEQN,130.16,129.5,129.5,-0.66,-0.51,7454,965293,141.5,85.13
INDUSINDBK,INDUSINDBKEQN,909.7,905.1,905.1,-4.6,-0.51,2016,1824681,1077.85,712.55
BEML,BEMLEQN,1995.1,1985.0,1985.0,-10.1,-0.51,985,1955225,2275.75,1355.0
ATLANTAELE,ATLANTAELEEQN,1613.3,1605.0,1605.0,-8.3,-0.51,158,253590,2152.6,707.6
MOLBIO,MOLBIOEQN,1237.5,1231.2,1231.2,-6.3,-0.51,854,1051444,1686.8,926.35
CNL,CNLEQN,1072.7,1067.2,1067.2,-5.5,-0.51,140,149408,1328.0,525.0
BIRLAMONEY,BIRLAMONEYEQN,115.31,114.71,114.71,-0.6,-0.52,211,24203,179.85,95.0
ICICIGI,ICICIGIEQN,1540.0,1532.0,1532.0,-8.0,-0.52,237,363084,2064.9,1423.1
VRLLOG,VRLLOGEQN,287.0,285.5,285.5,-1.5,-0.52,928,264944,310.2,225.0
UNITDSPR,UNITDSPREQN,1415.4,1408.0,1408.0,-7.4,-0.52,1270,1788160,1563.4,1210.8
IIFL,IIFLEQN,598.15,595.05,595.05,-3.1,-0.52,1782,1060379,705.0,409.1
AEROPLANE,AEROPLANEEQN,201.09,200.05,200.05,-1.04,-0.52,140,28007,212.07,117.02
JINDRILL,JINDRILLEQN,624.15,620.9,620.9,-3.25,-0.52,2979,1849661,704.4,440.1
AUBANK,AUBANKEQN,995.3,990.0,990.0,-5.3,-0.53,1582,1566180,1144.1,719.05
MMTC,MMTCEQN,56.4,56.1,56.1,-0.3,-0.53,3173,178005,78.35,50.1
MIDWESTLTD,MIDWESTLTDEQN,899.9,895.1,895.1,-4.8,-0.53,31,27748,1859.9,892.3
VINCOFE,VINCOFEEQN,179.97,179.0,179.0,-0.97,-0.54,16463,2946877,191.35,120.24
CANBK,CANBKEQN,120.65,120.0,120.0,-0.65,-0.54,109132,13095840,162.89,118.26
GUJTHEM,GUJTHEMEQN,397.55,395.4,395.4,-2.15,-0.54,214,84615,479.0,225.05
TMCV,TMCVEQN,432.95,430.6,430.6,-2.35,-0.54,16043,6908115,509.0,306.3
SOUTHWEST,SOUTHWESTEQN,189.85,188.8,188.8,-1.05,-0.55,164,30963,275.0,121.0
SHK,SHKEQN,137.78,137.02,137.02,-0.76,-0.55,999,136882,243.51,111.98
SILVERTUC,SILVERTUCEQN,145.8,145.0,145.0,-0.8,-0.55,2524,365980,216.8,67.58
PACEDIGITK,PACEDIGITKEQN,161.81,160.92,160.92,-0.89,-0.55,2155,346782,231.95,139.81
EVEREADY,EVEREADYEQN,321.75,319.95,319.95,-1.8,-0.56,230,73588,397.8,259.65
NITINSPIN,NITINSPINEQN,596.45,593.1,593.1,-3.35,-0.56,121,71765,665.5,302.2
SIGNATURE,SIGNATUREEQN,780.35,775.95,775.95,-4.4,-0.56,1604,1244623,1153.9,705.2
ENTERO,ENTEROEQN,1790.1,1780.0,1780.0,-10.1,-0.56,101,179780,1920.0,944.0
SHREDIGCEM,SHREDIGCEMEQN,66.61,66.24,66.24,-0.37,-0.56,25,1656,97.15,53.9
VISHNU,VISHNUEQN,691.95,688.05,688.05,-3.9,-0.56,311,213983,744.0,443.7
GULFPETRO,GULFPETROBEN,61.14,60.8,60.8,-0.34,-0.56,139,8451,71.4,23.25
PURVA,PURVAEQN,209.99,208.8,208.8,-1.19,-0.57,71,14824,287.3,160.69
MTEDUCARE,MTEDUCAREBEN,1.76,1.75,1.75,-0.01,-0.57,109,190,2.53,1.17
SAATVIKGL,SAATVIKGLEQN,422.4,420.0,420.0,-2.4,-0.57,90,37800,567.0,328.0
NAVA,NAVAEQN,547.0,543.9,543.9,-3.1,-0.57,271,147396,739.4,501.65
IDBI,IDBIEQN,84.39,83.9,83.9,-0.49,-0.58,11038,926088,118.38,61.01
HONAUT,HONAUTEQN,33855.0,33660.0,33660.0,-195.0,-0.58,1,33660,41495.0,26220.0
MAHLIFE,MAHLIFEEQN,363.1,361.0,361.0,-2.1,-0.58,317,114437,427.05,286.8
GOODYEAR,GOODYEAREQN,704.05,700.0,700.0,-4.05,-0.58,25,17500,876.0,700.1
WCIL,WCILEQN,92.75,92.2,92.2,-0.55,-0.59,380,35036,138.29,77.02
MONARCH,MONARCHEQN,350.1,348.05,348.05,-2.05,-0.59,20,6961,406.95,235.45
IONEXCHANG,IONEXCHANGEQN,422.9,420.4,420.4,-2.5,-0.59,1694,712157,486.0,312.7
PNBHOUSING,PNBHOUSINGEQN,1085.0,1078.5,1078.5,-6.5,-0.6,214,230799,1211.5,729.6
ELECON,ELECONEQN,480.75,477.85,477.85,-2.9,-0.6,5753,2749071,626.0,352.0
NHPC,NHPCEQN,74.5,74.05,74.05,-0.45,-0.6,21134,1564972,88.12,71.62
VGUARD,VGUARDEQN,307.25,305.4,305.4,-1.85,-0.6,1669,509712,384.0,288.8
MBEL,MBELEQN,251.85,250.35,250.35,-1.5,-0.6,200,50070,535.9,223.05
ADFFOODS,ADFFOODSEQN,266.6,265.0,265.0,-1.6,-0.6,368,97520,346.95,153.1
3BBLACKBIO,3BBLACKBIOEQN,1584.8,1575.1,1575.1,-9.7,-0.61,468,737146,1599.0,1085.0
PASUPTAC,PASUPTACEQN,72.45,72.0,72.0,-0.45,-0.62,417,30024,81.29,40.41
PIXTRANS,PIXTRANSEQN,1724.8,1714.1,1714.1,-10.7,-0.62,27,46280,2089.0,1252.0
PCBL,PCBLEQN,332.55,330.5,330.5,-2.05,-0.62,2240,740320,394.0,226.5
VIYASH,VIYASHEQN,241.0,239.5,239.5,-1.5,-0.62,17600,4215200,298.0,178.13
GAUDIUMIVF,GAUDIUMIVFEQN,112.2,111.5,111.5,-0.7,-0.62,47,5240,163.18,69.18
NIVABUPA,NIVABUPAEQN,75.73,75.25,75.25,-0.48,-0.63,992,74648,91.4,67.5
ALIVUS,ALIVUSEQN,1345.5,1337.0,1337.0,-8.5,-0.63,83,110971,1493.8,819.0
HLVLTD,HLVLTDEQN,6.37,6.33,6.33,-0.04,-0.63,87,550,11.95,5.6
GOLDETF,GOLDETFEQN,143.02,142.12,142.12,-0.9,-0.63,3101,440714,173.5,111.1
UPL,UPLEQN,549.5,546.0,546.0,-3.5,-0.64,973,531258,812.2,542.85
BAJAJHIND,BAJAJHINDEQN,20.45,20.32,20.32,-0.13,-0.64,50741,1031057,26.0,14.85
MANCREDIT,MANCREDITEQN,217.4,216.0,216.0,-1.4,-0.64,118,25488,287.27,152.06
3MINDIA,3MINDIAEQN,33415.0,33200.0,33200.0,-215.0,-0.64,20,664000,38030.0,28730.0
ETHOSLTD,ETHOSLTDEQN,2518.2,2502.0,2502.0,-16.2,-0.64,51,127602,3245.9,1919.4
TATACAP,TATACAPEQN,328.1,326.0,326.0,-2.1,-0.64,7415,2417290,390.2,296.0
ACE,ACEEQN,1212.9,1205.0,1205.0,-7.9,-0.65,1248,1503840,1268.0,745.1
BAJAJHLDNG,BAJAJHLDNGEQN,10800.0,10730.0,10730.0,-70.0,-0.65,5,53650,13250.0,8588.0
BAYERCROP,BAYERCROPEQN,3671.8,3648.0,3648.0,-23.8,-0.65,141,514368,5149.9,3650.0
AXISBANK,AXISBANKEQN,1209.9,1202.0,1202.0,-7.9,-0.65,34799,41828398,1418.3,1125.4
PAISALO,PAISALOEQN,79.6,79.08,79.08,-0.52,-0.65,31246,2470933,94.88,30.0
MINDTECK,MINDTECKEQN,153.62,152.61,152.61,-1.01,-0.66,600,91566,307.68,145.13
NITCO,NITCOEQN,84.61,84.05,84.05,-0.56,-0.66,3,252,120.0,64.0
ARVINDFASN,ARVINDFASNEQN,413.75,411.0,411.0,-2.75,-0.66,40,16440,569.0,366.2
FINEORG,FINEORGEQN,5124.0,5090.0,5090.0,-34.0,-0.66,200,1018000,5407.0,3856.0
CYIENT,CYIENTEQN,1082.3,1075.0,1075.0,-7.3,-0.67,382,410650,1222.0,750.3
PIDILITIND,PIDILITINDEQN,1503.0,1493.0,1493.0,-10.0,-0.67,2465,3680245,1707.5,1259.0
FDC,FDCEQN,343.6,341.3,341.3,-2.3,-0.67,413,140956,476.4,312.95
SEDEMAC,SEDEMACEQN,3547.8,3523.9,3523.9,-23.9,-0.67,1521,5359851,3595.0,1413.1
DCBBANK,DCBBANKEQN,207.46,206.05,206.05,-1.41,-0.68,824,169785,234.8,122.76
DYNAMATECH,DYNAMATECHEQN,13139.0,13049.0,13049.0,-90.0,-0.68,35,456715,13500.0,6716.0
EFCIL,EFCILEQN,175.24,174.05,174.05,-1.19,-0.68,110,19145,329.26,171.42
RPGLIFE,RPGLIFEEQN,2955.1,2935.0,2935.0,-20.1,-0.68,77,225995,3127.8,1733.0
GMRAIRPORT,GMRAIRPORTEQN,94.75,94.1,94.1,-0.65,-0.69,12753,1200057,115.64,84.11
COLPAL,COLPALEQN,1845.9,1833.2,1833.2,-12.7,-0.69,588,1077921,2329.9,1782.0
VALIANTORG,VALIANTORGEQN,397.75,395.0,395.0,-2.75,-0.69,5,1975,442.1,195.0
MUFTI,MUFTIEQN,69.49,69.01,69.01,-0.48,-0.69,45,3105,116.82,63.06
IFCI,IFCIEQN,70.55,70.06,70.06,-0.49,-0.69,164707,11539372,107.5,46.23
BHANDARI,BHANDARIEQN,2.9,2.88,2.88,-0.02,-0.69,16,46,4.5,2.0
DIACABS,DIACABSBEN,339.25,336.9,336.9,-2.35,-0.69,1360,458184,404.0,115.57
MSPL,MSPLEQN,32.99,32.76,32.76,-0.23,-0.7,2363,77411,46.12,26.25
HDFCAMC,HDFCAMCEQN,2302.3,2286.1,2286.1,-16.2,-0.7,4841,11067010,2967.25,2205.6
HINDZINC,HINDZINCEQN,573.0,569.0,569.0,-4.0,-0.7,16414,9339566,733.0,453.5
AURUM,AURUMEQN,218.95,217.4,217.4,-1.55,-0.71,250,54350,264.64,151.9
MAXHEALTH,MAXHEALTHEQN,1000.1,993.0,993.0,-7.1,-0.71,2729,2709897,1221.9,903.0
FUSION,FUSIONEQN,171.93,170.71,170.71,-1.22,-0.71,1412,241042,243.0,136.5
STAR,STAREQN,1151.4,1143.1,1143.1,-8.3,-0.72,180,205758,1260.9,768.65
ASTRAZEN,ASTRAZENEQN,6280.0,6235.0,6235.0,-45.0,-0.72,92,573620,9849.5,6262.0
GKENERGY,GKENERGYEQN,121.87,120.99,120.99,-0.88,-0.72,236,28553,239.6,87.2
ARSSBL,ARSSBLEQN,500.6,497.0,497.0,-3.6,-0.72,129,64113,794.85,416.0
ELANTAS,ELANTASEQN,13819.0,13720.0,13720.0,-99.0,-0.72,3,41160,15150.0,8900.0
WINDMACHIN,WINDMACHINEQN,300.25,298.1,298.1,-2.15,-0.72,50,14905,343.9,200.65
GODAVARIB,GODAVARIBEQN,229.45,227.78,227.78,-1.67,-0.73,44,10022,353.0,224.0
NATIONALUM,NATIONALUMEQN,349.0,346.45,346.45,-2.55,-0.73,15256,5285441,445.15,200.83
SONATSOFTW,SONATSOFTWEQN,274.05,272.05,272.05,-2.0,-0.73,360,97938,400.5,207.15
AJMERA,AJMERAEQN,119.62,118.74,118.74,-0.88,-0.74,750,89055,221.4,98.03
HDFCBANK,HDFCBANKEQN,719.05,713.7,713.7,-5.35,-0.74,1488871,1062607232,1020.5,681.9
EMSLIMITED,EMSLIMITEDEQN,342.55,340.0,340.0,-2.55,-0.74,1005,341700,576.9,256.05
SGRL,SGRLEQN,680.05,675.0,675.0,-5.05,-0.74,135,91125,749.85,477.05
ARIES,ARIESBEN,470.5,467.0,467.0,-3.5,-0.74,1,467,524.75,285.35
STEELCAS,STEELCASEQN,370.75,368.0,368.0,-2.75,-0.74,1859,684112,390.9,176.02
PRECAM,PRECAMEQN,116.78,115.9,115.9,-0.88,-0.75,460,53314,205.9,103.98
RUSHIL,RUSHILEQN,15.96,15.84,15.84,-0.12,-0.75,4774,75620,30.0,12.49
WELSPUNLIV,WELSPUNLIVEQN,227.95,226.21,226.21,-1.74,-0.76,5789,1309529,233.0,107.1
MASTERTR,MASTERTREQN,83.13,82.5,82.5,-0.63,-0.76,13,1072,164.5,55.6
MODIS,MODISEQN,362.85,360.1,360.1,-2.75,-0.76,40,14404,429.05,276.0
AHLUCONT,AHLUCONTEQN,572.4,568.05,568.05,-4.35,-0.76,26,14769,1077.95,559.1
BAJFINANCE,BAJFINANCEEQN,985.0,977.5,977.5,-7.5,-0.76,25254,24685785,1176.4,787.9
ORKLAINDIA,ORKLAINDIAEQN,554.3,550.1,550.1,-4.2,-0.76,44,24204,760.0,533.25
ROSSARI,ROSSARIEQN,440.4,437.0,437.0,-3.4,-0.77,37,16169,690.3,375.0
DEVIT,DEVITEQN,22.16,21.99,21.99,-0.17,-0.77,86,1891,44.44,21.3
ELIN,ELINEQN,87.29,86.62,86.62,-0.67,-0.77,111,9614,222.99,83.97
KECL,KECLEQN,120.07,119.15,119.15,-0.92,-0.77,79,9412,155.0,75.47
WEWORK,WEWORKEQN,650.65,645.65,645.65,-5.0,-0.77,25,16141,794.5,420.0
NTPCGREEN,NTPCGREENEQN,92.21,91.5,91.5,-0.71,-0.77,5349,489433,119.95,84.0
SIL,SILEQN,16.63,16.5,16.5,-0.13,-0.78,1000,16500,22.3,11.7
TATATECH,TATATECHEQN,707.05,701.5,701.5,-5.55,-0.78,914,641171,891.0,507.4
RUSTOMJEE,RUSTOMJEEEQN,359.9,357.1,357.1,-2.8,-0.78,20,7142,634.0,331.9
ZUARI,ZUARIEQN,217.12,215.4,215.4,-1.72,-0.79,480,103392,345.6,175.1
RENUKA,RENUKAEQN,22.91,22.73,22.73,-0.18,-0.79,68923,1566619,31.77,21.05
PEARLPOLY,PEARLPOLYEQN,17.64,17.5,17.5,-0.14,-0.79,10,175,31.5,12.75
MPSLTD,MPSLTDEQN,2631.7,2611.0,2611.0,-20.7,-0.79,26,67886,2979.0,1336.1
TATACOMM,TATACOMMEQN,1655.3,1642.2,1642.2,-13.1,-0.79,150,246330,2110.0,1322.5
REPCOHOME,REPCOHOMEEQN,346.75,344.0,344.0,-2.75,-0.79,80,27520,455.9,333.6
EUREKAFORB,EUREKAFORBEQN,361.3,358.4,358.4,-2.9,-0.8,296,106086,668.3,359.0
MARATHON,MARATHONEQN,392.8,389.65,389.65,-3.15,-0.8,2083,811640,678.05,344.05
GANECOS,GANECOSEQN,1019.2,1011.0,1011.0,-8.2,-0.8,27,27297,1268.0,653.55
DHANBANK,DHANBANKEQN,28.23,28.0,28.0,-0.23,-0.81,7391,206948,36.85,19.45
VIKASLIFE,VIKASLIFEEQN,1.23,1.22,1.22,-0.01,-0.81,53627,65424,2.23,1.05
TATASTEEL,TATASTEELEQN,186.3,184.78,184.78,-1.52,-0.82,82915,15321033,224.4,160.06
TOLINS,TOLINSEQN,86.91,86.2,86.2,-0.71,-0.82,30,2586,197.69,83.04
DODLA,DODLAEQN,1008.7,1000.3,1000.3,-8.4,-0.83,152,152045,1400.0,964.1
BRIGADE,BRIGADEEQN,583.9,579.05,579.05,-4.85,-0.83,289,167345,802.01,450.75
KAJARIACER,KAJARIACEREQN,1189.5,1179.6,1179.6,-9.9,-0.83,40,47184,1293.8,869.6
JAGSNPHARM,JAGSNPHARMEQN,241.02,239.02,239.02,-2.0,-0.83,203,48521,264.5,155.0
SHREERAMA,SHREERAMAEQN,43.39,43.03,43.03,-0.36,-0.83,5,215,71.99,37.62
CANHLIFE,CANHLIFEEQN,147.78,146.55,146.55,-1.23,-0.83,174,25499,166.69,106.0
NECLIFE,NECLIFEEQN,10.72,10.63,10.63,-0.09,-0.84,100,1063,22.4,9.3
MAHAPEXLTD,MAHAPEXLTDEQN,51.08,50.65,50.65,-0.43,-0.84,15,759,75.64,37.32
TRITURBINE,TRITURBINEEQN,551.65,547.0,547.0,-4.65,-0.84,214,117058,787.6,428.35
HINDCOPPER,HINDCOPPEREQN,479.6,475.55,475.55,-4.05,-0.84,36757,17479791,760.05,308.5
RADIANTCMS,RADIANTCMSEQN,35.7,35.4,35.4,-0.3,-0.84,900,31860,57.49,32.33
AUTOAXLES,AUTOAXLESEQN,1689.2,1675.0,1675.0,-14.2,-0.84,4,6700,2115.0,1540.2
YATHARTH,YATHARTHEQN,1100.4,1091.0,1091.0,-9.4,-0.85,626,682966,1184.0,538.25
BLIL,BLILEQN,65.56,65.0,65.0,-0.56,-0.85,3168,205920,79.5,65.16
CHALET,CHALETEQN,868.95,861.5,861.5,-7.45,-0.86,195,167992,993.0,691.35
AMAL,AMALEQN,665.55,659.8,659.8,-5.75,-0.86,149,98310,822.0,636.05
DEEP,DEEPBEN,44.38,44.0,44.0,-0.38,-0.86,134,5896,49.17,34.2
CHOLAFIN,CHOLAFINEQN,1634.2,1620.0,1620.0,-14.2,-0.87,805,1304100,1952.5,1299.4
GOKEX,GOKEXEQN,671.85,666.0,666.0,-5.85,-0.87,910,606060,954.9,531.0
SPMLINFRA,SPMLINFRAEQN,161.42,160.0,160.0,-1.42,-0.88,208,33280,251.0,151.01
ASHOKA,ASHOKAEQN,110.17,109.2,109.2,-0.97,-0.88,2576,281299,214.5,101.0
DISHTV,DISHTVEQN,2.26,2.24,2.24,-0.02,-0.88,11407,25551,5.12,1.82
SONA,SONABEN,96.95,96.1,96.1,-0.85,-0.88,28429,2732026,107.42,96.95
NSIL,NSILEQN,5398.5,5350.5,5350.5,-48.0,-0.89,14,74907,8730.0,4700.0
FACT,FACTEQN,767.5,760.65,760.65,-6.85,-0.89,184,139959,1058.6,652.1
JAYNECOIND,JAYNECOINDEQN,87.98,87.2,87.2,-0.78,-0.89,1807,157570,117.0,64.4
MIDHANI,MIDHANIEQN,416.0,412.3,412.3,-3.7,-0.89,1285,529805,482.4,266.65
MANIKA,MANIKABEN,41.37,41.0,41.0,-0.37,-0.89,812,33292,43.5,39.71
CENTUM,CENTUMEQN,4571.2,4530.0,4530.0,-41.2,-0.9,337,1526610,4999.5,2044.2
SOMANYCERA,SOMANYCERAEQN,620.05,614.45,614.45,-5.6,-0.9,46,28264,627.3,332.0
WATERBASE,WATERBASEEQN,44.56,44.16,44.16,-0.4,-0.9,100,4416,54.0,43.62
PLASTIBLEN,PLASTIBLENEQN,199.86,198.04,198.04,-1.82,-0.91,120,23764,216.29,121.01
SAIL,SAILEQN,184.2,182.53,182.53,-1.67,-0.91,31160,5687634,209.7,124.0
BRNL,BRNLEQN,16.43,16.28,16.28,-0.15,-0.91,409,6658,26.5,16.0
PIIND,PIINDEQN,2349.0,2327.5,2327.5,-21.5,-0.92,267,621442,3832.9,2191.0
JMFINANCIL,JMFINANCILEQN,125.25,124.1,124.1,-1.15,-0.92,4344,539090,182.5,112.0
RATNAMANI,RATNAMANIEQN,2748.4,2722.5,2722.5,-25.9,-0.94,1,2722,3345.0,1936.5
MOTILALOFS,MOTILALOFSEQN,1011.6,1002.0,1002.0,-9.6,-0.95,283,283566,1097.1,614.9
CAMS,CAMSEQN,691.55,685.0,685.0,-6.55,-0.95,7810,5349850,844.9,611.4
ASTEC,ASTECEQN,711.8,705.0,705.0,-6.8,-0.96,352,248160,941.75,513.4
GAEL,GAELEQN,160.47,158.93,158.93,-1.54,-0.96,416,66114,184.99,101.2
DEN,DENEQN,26.0,25.75,25.75,-0.25,-0.96,1010,26007,35.95,22.52
TNPL,TNPLEQN,147.64,146.22,146.22,-1.42,-0.96,540,78958,175.75,121.51
JSWHL,JSWHLEQN,11026.0,10920.0,10920.0,-106.0,-0.96,2,21840,22790.0,10530.0
DIGIKORE,DIGIKORESMN,35.8,35.45,35.45,-0.35,-0.98,400,14180,100.0,30.25
TMPV,TMPVEQN,281.75,279.0,279.0,-2.75,-0.98,70467,19660293,739.7,280.2
GRAPHITE,GRAPHITEEQN,799.0,791.2,791.2,-7.8,-0.98,3401,2690871,874.35,516.2
UTLSOLAR,UTLSOLAREQN,409.05,405.05,405.05,-4.0,-0.98,244,98832,494.25,172.0
PAGEIND,PAGEINDEQN,37500.0,37130.0,37130.0,-370.0,-0.99,11,408430,43855.0,29805.0
BALAJEE,BALAJEEEQN,25.25,25.0,25.0,-0.25,-0.99,141,3525,54.48,21.1
MCL,MCLEQN,58.6,58.02,58.02,-0.58,-0.99,477,27675,93.2,42.0
MVKAGRO,MVKAGROSMN,242.4,240.0,240.0,-2.4,-0.99,6600,1584000,819.0,152.05
AVG,AVGBEN,162.1,160.5,160.5,-1.6,-0.99,1,160,256.73,113.26
LOTUSDEV,LOTUSDEVBEN,208.05,206.0,206.0,-2.05,-0.99,1320,271920,226.0,102.2
WELCORP,WELCORPEQN,2739.7,2712.3,2712.3,-27.4,-1.0,1715,4651594,2838.0,710.0
MARICO,MARICOEQN,813.25,805.1,805.1,-8.15,-1.0,2660,2141566,889.1,690.3
DJML,DJMLEQN,71.35,70.63,70.63,-0.72,-1.01,50,3531,124.8,52.0
TVSSRICHAK,TVSSRICHAKEQN,4490.5,4445.0,4445.0,-45.5,-1.01,202,897890,5760.0,3135.0
E2E,E2EBEN,625.9,619.55,619.55,-6.35,-1.01,2314,1433638,698.0,183.36
SURAKSHA,SURAKSHAEQN,347.05,343.5,343.5,-3.55,-1.02,1268,435558,360.0,224.1
HDFCLIFE,HDFCLIFEEQN,531.6,526.2,526.2,-5.4,-1.02,10181,5357242,788.5,508.7
INDIASHLTR,INDIASHLTREQN,647.3,640.7,640.7,-6.6,-1.02,3,1922,924.0,620.15
WHEELS,WHEELSEQN,2323.8,2300.0,2300.0,-23.8,-1.02,597,1373100,2498.0,705.85
GRAUWEIL,GRAUWEILEQN,83.96,83.1,83.1,-0.86,-1.02,296,24597,88.75,62.09
NILAINFRA,NILAINFRAEQN,6.83,6.76,6.76,-0.07,-1.02,230,1554,11.55,5.9
SHOPERSTOP,SHOPERSTOPEQN,421.8,417.45,417.45,-4.35,-1.03,510,212899,558.0,275.95
ADVIKCA,ADVIKCAEQN,0.97,0.96,0.96,-0.01,-1.03,4142,3976,1.27,0.91
CONTROLPR,CONTROLPREQN,599.2,593.0,593.0,-6.2,-1.03,62,36766,829.7,517.0
SAIPARENT,SAIPARENTEQN,509.95,504.7,504.7,-5.25,-1.03,67,33814,706.0,400.0
SILINV,SILINVEQN,444.7,440.0,440.0,-4.7,-1.06,20,8800,767.0,380.0
BIKAJI,BIKAJIEQN,557.9,552.0,552.0,-5.9,-1.06,710,391920,768.5,532.75
AMBER,AMBEREQN,6990.0,6915.5,6915.5,-74.5,-1.07,541,3741285,8974.0,5400.5
SEIL,SEILEQN,190.06,188.0,188.0,-2.06,-1.08,1402,263576,239.96,172.9
TATAPOWER,TATAPOWEREQN,361.9,358.0,358.0,-3.9,-1.08,11836,4237288,464.9,342.5
SINDHUTRAD,SINDHUTRADEQN,23.24,22.99,22.99,-0.25,-1.08,100,2299,29.38,17.64
MUNJALAU,MUNJALAUEQN,106.87,105.71,105.71,-1.16,-1.09,306,32347,130.6,67.2
SHARDACROP,SHARDACROPEQN,729.1,721.0,721.0,-8.1,-1.11,1106,797426,1297.0,727.0
FRONTSP,FRONTSPEQN,1447.0,1431.0,1431.0,-16.0,-1.11,254,363474,1869.0,1150.5
LUXIND,LUXINDEQN,1124.6,1112.1,1112.1,-12.5,-1.11,72,80071,1823.35,824.05
OSWALGREEN,OSWALGREENEQN,19.57,19.35,19.35,-0.22,-1.12,556,10758,43.79,18.55
GEEKAYWIRE,GEEKAYWIREEQN,31.87,31.51,31.51,-0.36,-1.13,600,18906,36.8,18.51
WINDLAS,WINDLASEQN,1102.55,1090.05,1090.05,-12.5,-1.13,228,248531,1181.9,697.4
ASKAUTOLTD,ASKAUTOLTDEQN,650.35,643.0,643.0,-7.35,-1.13,3621,2328303,687.7,375.3
HGS,HGSEQN,372.35,368.1,368.1,-4.25,-1.14,216,79509,545.0,342.05
ORIANA,ORIANASMN,309.85,306.3,306.3,-3.55,-1.15,750,229725,612.8,234.99
VEEGALAND,VEEGALANDBEN,140.62,139.0,139.0,-1.62,-1.15,1535,213365,154.0,135.2
ESAFSFB,ESAFSFBBEN,43.0,42.5,42.5,-0.5,-1.16,7496,318580,45.0,19.78
BVCL,BVCLEQN,40.53,40.06,40.06,-0.47,-1.16,100,4006,54.9,31.2
AVANCE,AVANCEEQN,0.86,0.85,0.85,-0.01,-1.16,132286,112443,0.94,0.75
HFCL,HFCLBEN,205.92,203.5,203.5,-2.42,-1.18,16730,3404555,256.7,59.82
SURANASOL,SURANASOLEQN,25.13,24.83,24.83,-0.3,-1.19,270,6704,34.51,18.31
RANEHOLDIN,RANEHOLDINEQN,1584.4,1565.6,1565.6,-18.8,-1.19,152,237971,1894.5,981.0
EMAMIPAP,EMAMIPAPBEN,117.4,116.0,116.0,-1.4,-1.19,623,72268,133.7,55.0
ENGINERSIN,ENGINERSINEQN,313.9,310.1,310.1,-3.8,-1.21,11980,3714998,321.4,163.55
SBCL,SBCLEQN,1110.2,1096.8,1096.8,-13.4,-1.21,388,425558,1215.7,368.6
TRU,TRUEQN,4.11,4.06,4.06,-0.05,-1.22,879,3568,11.29,3.9
TPLPLASTEH,TPLPLASTEHEQN,64.9,64.1,64.1,-0.8,-1.23,58,3717,90.33,50.01
ARHAM,ARHAMSMN,213.65,211.0,211.0,-2.65,-1.24,1000,211000,223.75,95.2
ISFT,ISFTBEN,96.29,95.1,95.1,-1.19,-1.24,100,9510,114.95,54.05
INDOTHAI,INDOTHAIEQN,30.41,30.03,30.03,-0.38,-1.25,4419,132702,466.35,30.11
NAUKRI,NAUKRIEQN,1253.9,1238.1,1238.1,-15.8,-1.26,1774,2196389,1419.9,908.3
DHATRE,DHATREEQN,3.96,3.91,3.91,-0.05,-1.26,50,195,5.17,3.67
OCCLLTD,OCCLLTDBEN,174.52,172.3,172.3,-2.22,-1.27,3776,650604,183.03,75.71
MANGALAM,MANGALAMEQN,30.9,30.5,30.5,-0.4,-1.29,1420,43310,73.94,22.8
WELSPLSOL,WELSPLSOLEQN,53.81,53.11,53.11,-0.7,-1.3,562,29847,63.25,36.0
SHIVACEM,SHIVACEMEQN,15.21,15.01,15.01,-0.2,-1.31,22,330,17.94,15.0
SHANTIGEAR,SHANTIGEAREQN,633.3,625.0,625.0,-8.3,-1.31,308,192500,743.0,384.0
ASHIANA,ASHIANAEQN,388.8,383.7,383.7,-5.1,-1.31,7,2685,435.9,269.45
ORIRAIL,ORIRAILEQN,126.15,124.5,124.5,-1.65,-1.31,150,18675,142.0,102.8
HILTON,HILTONEQN,16.78,16.56,16.56,-0.22,-1.31,213,3527,42.68,13.43
ARSHIYA,ARSHIYABZN,0.76,0.75,0.75,-0.01,-1.32,13,9,2.12,0.68
KOTIC,KOTICEQN,151.06,149.07,149.07,-1.99,-1.32,49,7304,223.7,123.12
TTML,TTMLEQN,36.19,35.71,35.71,-0.48,-1.33,43675,1559634,60.08,31.22
MAXIND,MAXINDEQN,155.35,153.27,153.27,-2.08,-1.34,541,82919,228.8,120.0
PRAVEG,PRAVEGEQN,249.5,246.15,246.15,-3.35,-1.34,1,246,325.0,210.4
INDOSTAR,INDOSTAREQN,210.85,208.0,208.0,-2.85,-1.35,32,6656,292.0,179.03
KESORAMIND,KESORAMINDEQN,11.02,10.87,10.87,-0.15,-1.36,1547,16815,14.26,4.55
GEOJITFSL,GEOJITFSLEQN,78.3,77.22,77.22,-1.08,-1.38,556,42934,86.5,50.86
MTNL,MTNLEQN,22.94,22.62,22.62,-0.32,-1.39,10891,246354,44.67,21.26
TATACHEM,TATACHEMEQN,641.45,632.5,632.5,-8.95,-1.4,15940,10082050,944.5,580.3
IRMENERGY,IRMENERGYEQN,265.4,261.65,261.65,-3.75,-1.41,319,83466,378.0,165.4
NELCAST,NELCASTEQN,116.65,115.0,115.0,-1.65,-1.41,132,15180,173.2,85.98
VINYLINDIA,VINYLINDIAEQN,218.59,215.5,215.5,-3.09,-1.41,250,53875,309.0,161.0
PAVNAIND,PAVNAINDEQN,15.53,15.31,15.31,-0.22,-1.42,231,3536,42.3,14.11
FCSSOFT,FCSSOFTEQN,1.4,1.38,1.38,-0.02,-1.43,12821,17692,2.53,1.05
HBSL,HBSLEQN,55.8,55.0,55.0,-0.8,-1.43,26,1430,108.8,42.63
M&MFIN,M&MFINEQN,331.75,327.0,327.0,-4.75,-1.43,7745,2532615,415.0,269.5
MERCURYEV,MERCURYEVEQN,38.93,38.37,38.37,-0.56,-1.44,573,21986,44.05,30.16
BLISSGVS,BLISSGVSBEN,737.65,727.0,727.0,-10.65,-1.44,9989,7262003,739.9,118.0
LOTUSCHO,LOTUSCHOEQN,564.2,556.1,556.1,-8.1,-1.44,15,8341,671.0,533.7
PILITA,PILITAEQN,7.59,7.48,7.48,-0.11,-1.45,1002,7494,14.12,6.2
ICICIPRULI,ICICIPRULIEQN,458.7,452.05,452.05,-6.65,-1.45,3468,1567709,706.8,445.35
PAKKA,PAKKAEQN,73.77,72.7,72.7,-1.07,-1.45,5233,380439,160.3,69.1
AMJLAND,AMJLANDEQN,38.05,37.5,37.5,-0.55,-1.45,2,75,57.39,30.3
TATAINVEST,TATAINVESTEQN,644.45,635.0,635.0,-9.45,-1.47,5504,3495040,1184.7,538.85
GREENPOWER,GREENPOWEREQN,8.81,8.68,8.68,-0.13,-1.48,28494,247327,14.93,7.98
DOLLAR,DOLLAREQN,269.5,265.5,265.5,-4.0,-1.48,1,265,396.0,220.5
RADHIKAJWE,RADHIKAJWEBEN,69.38,68.35,68.35,-1.03,-1.48,573,39164,97.5,50.01
AASTHA,AASTHAEQN,39.3,38.71,38.71,-0.59,-1.5,7848,303796,70.01,35.0
SIGMA,SIGMAEQN,44.74,44.06,44.06,-0.68,-1.52,127,5595,65.5,35.46
SUPTANERY,SUPTANERYBEN,9.14,9.0,9.0,-0.14,-1.53,19801,178209,16.21,6.81
ONIDA,ONIDAEQN,32.0,31.51,31.51,-0.49,-1.53,143,4505,49.23,21.5
ENERGYDEV,ENERGYDEVEQN,14.83,14.6,14.6,-0.23,-1.55,809,11811,29.69,13.15
COUNCODOS,COUNCODOSBEN,6.45,6.35,6.35,-0.1,-1.55,4,25,7.85,3.71
TECHLABS,TECHLABSSMN,114.9,113.1,113.1,-1.8,-1.57,125,14137,510.0,105.0
PENINLAND,PENINLANDEQN,15.76,15.51,15.51,-0.25,-1.59,217,3365,37.6,13.82
SINGERIND,SINGERINDEQN,77.43,76.2,76.2,-1.23,-1.59,9935,757047,91.3,57.15
STEELCITY,STEELCITYEQN,81.88,80.52,80.52,-1.36,-1.66,4,322,103.79,71.26
HEADSUP,HEADSUPEQN,6.61,6.5,6.5,-0.11,-1.66,204,1326,12.95,5.69
SIGMAADV,SIGMAADVBEN,930.4,915.0,915.0,-15.4,-1.66,983,899445,980.0,140.1
OMAXAUTO,OMAXAUTOEQN,200.55,197.12,197.12,-3.43,-1.71,39,7687,263.4,84.5
MCLEODRUSS,MCLEODRUSSEQN,43.67,42.92,42.92,-0.75,-1.72,1000,42920,78.41,28.5
SANSERA,SANSERAEQN,4457.2,4380.0,4380.0,-77.2,-1.73,1703,7459140,4743.5,1364.2
RANASUG,RANASUGEQN,13.86,13.62,13.62,-0.24,-1.73,297,4045,16.45,10.21
PLAZACABLE,PLAZACABLEEQN,57.05,56.05,56.05,-1.0,-1.75,34,1905,66.0,27.0
BIGBLOC,BIGBLOCEQN,39.37,38.68,38.68,-0.69,-1.75,802,31021,80.0,38.0
EASTWEST,EASTWESTEQN,2.29,2.25,2.25,-0.04,-1.75,142,319,2.68,2.05
PRIORITY,PRIORITYEQN,300.93,295.65,295.65,-5.28,-1.75,1022,302154,329.55,209.61
BHAGYANGR,BHAGYANGREQN,411.35,404.05,404.05,-7.3,-1.77,960,387888,467.9,92.0
BRAHMINFRA,BRAHMINFRAEQN,148.23,145.6,145.6,-2.63,-1.77,500,72800,184.0,142.1
PETRONET,PETRONETEQN,289.85,284.7,284.7,-5.15,-1.78,12045,3429211,326.4,235.35
3IINFOLTD,3IINFOLTDBEN,23.99,23.56,23.56,-0.43,-1.79,1061,24997,27.8,12.68
DEEPA,DEEPAEQN,202.54,198.9,198.9,-3.64,-1.8,27429,5455628,222.0,164.79
STANLEY,STANLEYEQN,135.81,133.35,133.35,-2.46,-1.81,16200,2160270,304.0,123.0
LANCER,LANCEREQN,11.62,11.41,11.41,-0.21,-1.81,233,2658,13.8,10.1
SPCENET,SPCENETEQN,3.29,3.23,3.23,-0.06,-1.82,1573,5080,11.24,3.0
JNPR,JNPREQN,269.95,265.0,265.0,-4.95,-1.83,576,152640,282.0,232.11
AGROPHOS,AGROPHOSEQN,23.95,23.51,23.51,-0.44,-1.84,114,2680,45.89,21.0
SADHNANIQ,SADHNANIQBEN,2.68,2.63,2.63,-0.05,-1.87,19611,51576,3.32,1.27
RPPINFRA,RPPINFRAEQN,51.52,50.55,50.55,-0.97,-1.88,291,14710,131.25,51.15
AKASH,AKASHEQN,25.02,24.55,24.55,-0.47,-1.88,300,7365,34.74,22.8
ACEINTEG,ACEINTEGEQN,17.02,16.7,16.7,-0.32,-1.88,21,350,27.29,14.2
KAMDHENU,KAMDHENUEQN,39.0,38.26,38.26,-0.74,-1.9,8436,322761,43.7,16.15
MFML,MFMLEQN,18.46,18.11,18.11,-0.35,-1.9,1,18,31.89,16.75
RRIL,RRILEQN,15.66,15.36,15.36,-0.3,-1.92,49,752,21.5,15.06
SILVER001,SILVER001EQN,22.27,21.84,21.84,-0.43,-1.93,10000,218400,28.0,22.0
OSWALAGRO,OSWALAGROEQN,33.67,33.01,33.01,-0.66,-1.96,60,1980,81.0,32.36
RELINFRA,RELINFRABEN,44.3,43.43,43.43,-0.87,-1.96,544,23625,255.79,44.3
EASTSILK,EASTSILKBEN,74.0,72.55,72.55,-1.45,-1.96,100,7255,99.25,43.03
STLNETWORK,STLNETWORKEQN,52.06,51.0,51.0,-1.06,-2.04,90447,4612797,56.5,15.75
AAKASH,AAKASHEQN,8.8,8.62,8.62,-0.18,-2.05,784,6758,13.4,7.21
GICL,GICLBEN,23.38,22.89,22.89,-0.49,-2.1,167,3822,52.4,15.61
ROSSELLIND,ROSSELLINDEQN,51.18,50.1,50.1,-1.08,-2.11,328,16432,73.0,40.0
SGLRES,SGLRESEQN,2.35,2.3,2.3,-0.05,-2.13,2,4,2.74,2.26
KOTHARIPRO,KOTHARIPROEQN,66.01,64.6,64.6,-1.41,-2.14,118,7622,100.42,58.0
INTENTECH,INTENTECHEQN,83.05,81.25,81.25,-1.8,-2.17,28,2275,145.0,66.3
JISLDVREQS,JISLDVREQSEQN,19.8,19.37,19.37,-0.43,-2.17,46,891,34.23,18.5
KEN,KENSMN,40.9,40.0,40.0,-0.9,-2.2,1200,48000,50.15,29.0
RCOM,RCOMBEN,0.89,0.87,0.87,-0.02,-2.25,33571,29206,1.51,0.75
ADSL,ADSLEQN,116.66,114.0,114.0,-2.66,-2.28,9903,1128942,204.65,86.27
ALMONDZ,ALMONDZBEN,21.09,20.6,20.6,-0.49,-2.32,75,1545,21.92,10.68
COMFINTE,COMFINTEEQN,7.21,7.04,7.04,-0.17,-2.36,27018,190206,9.19,5.21
AKSHOPTFBR,AKSHOPTFBRBEN,7.07,6.9,6.9,-0.17,-2.4,14640,101016,9.01,3.82
IWP,IWPEQN,40.96,39.95,39.95,-1.01,-2.47,2228,89008,41.96,28.0
BGRENERGY,BGRENERGYBEN,268.28,261.58,261.58,-6.7,-2.5,5075,1327518,490.8,218.0
A2ZINFRA,A2ZINFRAEQN,14.66,14.29,14.29,-0.37,-2.52,5,71,19.39,12.0
WORTHPERI,WORTHPERIEQN,146.86,143.16,143.16,-3.7,-2.52,100,14316,169.8,109.0
HONASA,HONASAEQN,466.05,454.0,454.0,-12.05,-2.59,44543,20222522,509.8,248.4
TOYAMSL,TOYAMSLEQN,0.77,0.75,0.75,-0.02,-2.6,3306,2479,0.92,0.6
PVP,PVPEQN,58.85,57.3,57.3,-1.55,-2.63,2702,154824,72.04,23.0
SRGHFL,SRGHFLEQN,140.95,137.2,137.2,-3.75,-2.66,79,10838,335.0,118.6
SUMEETINDS,SUMEETINDSEQN,11.59,11.28,11.28,-0.31,-2.67,2000,22560,35.67,9.26
STLTECH,STLTECHBEN,825.35,803.0,803.0,-22.35,-2.71,14082,11307846,912.0,84.6
CALSOFT,CALSOFTBEN,34.55,33.61,33.61,-0.94,-2.72,1300,43693,43.13,10.9
METALIC,METALICSTN,188.0,182.8,182.8,-5.2,-2.77,6400,1169920,189.25,81.4
ABINFRA,ABINFRABEN,12.38,12.03,12.03,-0.35,-2.83,50,601,23.56,8.82
MILKYMIST,MILKYMISTBEN,315.12,306.2,306.2,-8.92,-2.83,5196,1591015,333.11,165.0
CTE,CTEBEN,41.31,40.1,40.1,-1.21,-2.93,222,8902,59.93,20.51
PANORAMA,PANORAMAEQN,59.25,57.5,57.5,-1.75,-2.95,16393,942597,64.8,40.0
RAMANEWS,RAMANEWSEQN,31.11,30.19,30.19,-0.92,-2.96,29,875,42.0,27.05
PKTEA,PKTEABEN,994.6,965.0,965.0,-29.6,-2.98,65,62725,1169.0,605.0
BIRLAPREC,BIRLAPRECBEN,53.88,52.27,52.27,-1.61,-2.99,201,10506,63.49,32.25
NAGREEKCAP,NAGREEKCAPEQN,26.32,25.5,25.5,-0.82,-3.12,15,382,42.75,19.3
MTARTECH,MTARTECHBEN,7072.5,6851.0,6851.0,-221.5,-3.13,459,3144609,8714.0,1824.5
PALASHSECU,PALASHSECUEQN,88.9,86.0,86.0,-2.9,-3.26,13,1118,132.7,79.01
AFFORDABLE,AFFORDABLEEQN,170.74,165.12,165.12,-5.62,-3.29,401,66213,297.0,119.71
TARMAT,TARMATEQN,56.87,55.0,55.0,-1.87,-3.29,16,880,73.9,46.26
MOS,MOSSMN,7.6,7.35,7.35,-0.25,-3.29,12000,88200,28.55,5.1
STLSTRINF,STLSTRINFEQN,23.8,23.0,23.0,-0.8,-3.36,1,23,27.9,14.59
SPECTRAA,SPECTRAASTN,248.5,240.1,240.1,-8.4,-3.38,4800,1152480,255.0,224.2
SAMBHAAV,SAMBHAAVEQN,5.8,5.6,5.6,-0.2,-3.45,20,112,11.53,5.07
GANGAFORGE,GANGAFORGEEQN,1.4,1.35,1.35,-0.05,-3.57,57713,77912,3.29,1.39
TBZ,TBZBEN,630.75,608.0,608.0,-22.75,-3.61,1851,1125408,698.6,110.5
KABRAEXTRU,KABRAEXTRUEQN,863.15,831.1,831.1,-32.05,-3.71,8796,7310355,888.7,180.0
BURNPUR,BURNPURBEN,14.56,14.01,14.01,-0.55,-3.78,10,140,22.63,11.13
NEXTMEDIA,NEXTMEDIAEQN,3.68,3.54,3.54,-0.14,-3.8,1,3,8.48,3.16
SWARNSAR,SWARNSAREQN,40.18,38.6,38.6,-1.58,-3.93,50,1930,45.7,32.0
NAGREEKEXP,NAGREEKEXPEQN,22.31,21.42,21.42,-0.89,-3.99,16,342,35.9,17.5
POLYSIL,POLYSILSMN,57.9,55.55,55.55,-2.35,-4.06,500,27775,356.75,47.25
SUPERSPIN,SUPERSPINBEN,7.86,7.54,7.54,-0.32,-4.07,61,459,9.98,3.79
HDIL,HDILBZN,1.47,1.41,1.41,-0.06,-4.08,1700,2397,3.05,1.44
CRESTO,CRESTOEQN,23.83,22.85,22.85,-0.98,-4.11,208,4752,28.45,14.35
S&SPOWER,S&SPOWEREQN,311.1,298.2,298.2,-12.9,-4.15,28,8349,444.95,193.5
LPDC,LPDCEQN,6.41,6.14,6.14,-0.27,-4.21,562,3450,9.46,5.23
SUPREME,SUPREMEEQN,31.55,30.2,30.2,-1.35,-4.28,150,4530,97.84,30.9
LEMERITE,LEMERITEEQN,20.01,19.15,19.15,-0.86,-4.3,3723,71295,107.57,17.73
EMPOWER,EMPOWEREQN,1.78,1.7,1.7,-0.08,-4.49,306762,521495,2.82,1.3
VCL,VCLBEN,1.32,1.26,1.26,-0.06,-4.55,7654,9644,2.66,0.87
DUCON,DUCONEQN,1.49,1.42,1.42,-0.07,-4.7,76489,108614,4.09,1.15
CORDSCABLE,CORDSCABLEBEN,331.4,315.5,315.5,-15.9,-4.8,733,231261,406.95,127.01
KSHITIJPOL,KSHITIJPOLBEN,4.57,4.35,4.35,-0.22,-4.81,1334,5802,7.2,1.88
VISAMAN,VISAMANSMN,28.7,27.3,27.3,-1.4,-4.88,2000,54600,145.0,28.7
ROLLT,ROLLTBEN,5.51,5.24,5.24,-0.27,-4.9,560,2934,6.57,1.07
GLOBALE,GLOBALEEQN,10.8,10.27,10.27,-0.53,-4.91,1,10,15.4,9.2
TAKE,TAKEEQN,14.74,14.01,14.01,-0.73,-4.95,511,7159,50.14,10.63
AXIOMGAS,AXIOMGASSTN,51.35,48.8,48.8,-2.55,-4.97,2000,97600,57.0,51.35
ARISTO,ARISTOSMN,100.6,95.6,95.6,-5.0,-4.97,800,76480,136.0,74.3
MANUGRAPH,MANUGRAPHBEN,18.83,17.89,17.89,-0.94,-4.99,1718,30735,24.26,9.65
QUINT,QUINTBEN,80.15,76.15,76.15,-4.0,-4.99,611,46527,90.0,33.45
KDL,KDLSMN,55.0,52.25,52.25,-2.75,-5.0,450,23512,233.25,55.0
ESDS,ESDSEQN,1672.5,1588.9,1588.9,-83.6,-5.0,3987,6334944,1859.2,756.0
