symbol,identifier,previousClose,lastPrice,iep,change,pChange,finalQuantity,totalTurnover,yearHigh,yearLow
KSHITIJ-RE,KSHITIJ-REBEN,0.03,0.04,0.04,0.01,33.33,115491,4619,0.03,0.02
NIRAJISPAT,NIRAJISPATEQN,295.9,355.08,355.08,59.18,20.0,20,7101,485.75,155.0
INNOVISION,INNOVISIONEQN,247.25,296.7,296.7,49.45,20.0,70022,20775527,470.0,246.2
LANCER,LANCEREQN,11.5,13.8,13.8,2.3,20.0,291093,4017083,12.1,10.1
SGRL,SGRLEQN,542.6,639.75,639.75,97.15,17.9,2158,1380580,589.75,477.05
VISHAL,VISHALEQN,18.7,21.94,21.94,3.24,17.33,10017,219772,19.99,17.85
GAYAHWS,GAYAHWSEQN,1.88,2.18,2.18,0.3,15.96,3587,7819,4.76,1.51
PNC,PNCEQN,16.99,19.69,19.69,2.7,15.89,121,2382,40.64,16.0
BODALCHEM,BODALCHEMEQN,99.08,114.48,114.48,15.4,15.54,137869,15783243,99.19,42.81
NEXTMEDIA,NEXTMEDIAEQN,4.62,5.3,5.3,0.68,14.72,38988,206636,8.48,3.16
HBESD,HBESDEQN,74.5,81.99,81.99,7.49,10.05,900,73791,95.9,61.05
LGHL,LGHLEQN,173.45,188.0,188.0,14.55,8.39,2267,426196,399.58,168.0
PBMPOLY,PBMPOLYEQN,64.61,70.0,70.0,5.39,8.34,15,1050,72.2,58.0
SINTERCOM,SINTERCOMEQN,79.35,85.7,85.7,6.35,8.0,26,2228,130.0,62.99
TIJARIA,TIJARIAEQN,6.02,6.48,6.48,0.46,7.64,1531,9920,7.97,3.55
DHARAN,DHARANBZN,0.15,0.16,0.16,0.01,6.67,134996,21599,0.61,0.11
INFOBEAN,INFOBEANEQN,165.67,176.39,176.39,10.72,6.47,25787,4548568,257.5,116.5
SHIVAMAUTO,SHIVAMAUTOEQN,16.94,17.99,17.99,1.05,6.2,750,13492,35.79,13.05
SHUKRAPHAR,SHUKRAPHAREQN,44.28,46.99,46.99,2.71,6.12,39526,1857326,46.16,40.06
SAMBHAAV,SAMBHAAVEQN,6.1,6.47,6.47,0.37,6.07,51,329,11.53,5.07
RRIL,RRILEQN,16.71,17.69,17.69,0.98,5.86,64,1132,21.5,15.06
IWP,IWPEQN,34.03,36.0,36.0,1.97,5.79,10,360,39.15,28.0
FILATFASH,FILATFASHEQN,0.18,0.19,0.19,0.01,5.56,104707,19894,0.68,0.14
QUINT,QUINTEQN,40.74,42.99,42.99,2.25,5.52,12,515,47.69,33.45
NORTHARC,NORTHARCEQN,285.75,301.3,301.3,15.55,5.44,217791,65620428,334.0,206.0
SHIVAAGRO,SHIVAAGROEQN,41.72,43.98,43.98,2.26,5.42,1,43,45.9,37.0
SUNLOC,SUNLOCEQN,75.93,80.0,80.0,4.07,5.36,56,4480,77.0,67.5
AKG,AKGEQN,9.16,9.65,9.65,0.49,5.35,20,193,15.34,8.06
ANTGRAPHIC,ANTGRAPHICEQN,0.75,0.79,0.79,0.04,5.33,60770,48008,1.22,0.64
AERONEU,AERONEUEQN,80.68,84.9,84.9,4.22,5.23,8,679,125.37,63.21
QPOWER,QPOWEREQN,1431.2,1502.7,1502.7,71.5,5.0,62111,93334199,1441.0,581.0
UEL,UELEQN,189.33,198.79,198.79,9.46,5.0,347,68980,284.2,92.32
SUPTANERY,SUPTANERYBEN,14.01,14.71,14.71,0.7,5.0,43185,635251,14.01,6.81
EMMBI,EMMBIBEN,86.0,90.3,90.3,4.3,5.0,1200,108360,116.9,60.3
MINALIND,MINALINDBEN,4.2,4.41,4.41,0.21,5.0,2752,12136,4.2,1.71
ONIXSOLAR,ONIXSOLAREQN,316.05,331.85,331.85,15.8,5.0,39972,13264708,393.95,262.45
BHAGERIA,BHAGERIABEN,238.75,250.68,250.68,11.93,5.0,8574,2149330,244.6,127.51
MANAKSTEEL,MANAKSTEELEQN,94.79,99.52,99.52,4.73,4.99,6251,622099,94.79,45.11
SANGINITA,SANGINITABEN,53.31,55.97,55.97,2.66,4.99,5695,318749,68.02,9.23
CALSOFT,CALSOFTEQN,35.5,37.27,37.27,1.77,4.99,25821,962348,35.5,10.9
MVKAGRO,MVKAGROSMN,185.25,194.5,194.5,9.25,4.99,600,116700,819.0,152.05
VISACHROME,VISACHROMEEQN,39.07,41.02,41.02,1.95,4.99,1151,47214,73.68,27.05
OILCOUNTUB,OILCOUNTUBBEN,60.99,64.03,64.03,3.04,4.98,8454,541309,84.6,35.65
RNBDENIMS,RNBDENIMSEQN,9.83,10.32,10.32,0.49,4.98,42348,437031,67.67,7.72
AKSHARCHEM,AKSHARCHEMBEN,348.91,366.3,366.3,17.39,4.98,900,329670,367.4,141.3
AUROIMPEX,AUROIMPEXSMN,24.15,25.35,25.35,1.2,4.97,1600,40560,53.95,21.25
GSMFOILS,GSMFOILSSMN,117.6,123.45,123.45,5.85,4.97,9000,1111050,293.85,79.7
SGLRES,SGLRESEQN,2.42,2.54,2.54,0.12,4.96,1550,3937,2.74,2.28
BIKEWO,BIKEWOSTN,98.9,103.8,103.8,4.9,4.95,24000,2491200,115.8,13.65
BONLON,BONLONEQN,40.5,42.5,42.5,2.0,4.94,25,1062,57.0,34.51
KSE,KSEEQN,177.99,186.77,186.77,8.78,4.93,6,1120,205.0,173.31
TGL,TGLSTN,16.25,17.05,17.05,0.8,4.92,1600,27280,106.7,14.1
SUPERSPIN,SUPERSPINBEN,6.12,6.42,6.42,0.3,4.9,7788,49998,11.75,3.79
LAKPRE,LAKPREBZN,4.91,5.15,5.15,0.24,4.89,7,36,6.67,4.1
MPEL,MPELSTN,38.7,24.7,24.7,1.15,4.88,1600,39520,93.84,20.18
ORIENTLTD,ORIENTLTDBEN,80.1,84.0,84.0,3.9,4.87,1,84,102.3,53.72
DHARIWAL,DHARIWALSMN,19.7,20.65,20.65,0.95,4.82,36000,743400,48.3,15.98
SUVIDHAA,SUVIDHAAEQN,2.29,2.4,2.4,0.11,4.8,203,487,4.25,1.91
POLYSIL,POLYSILSMN,55.25,57.9,57.9,2.65,4.8,3500,202650,356.75,47.25
COOLCAPS,COOLCAPSSTN,19.85,20.8,20.8,0.95,4.79,6250,130000,99.5,19.0
NKIND,NKINDEQN,59.89,62.75,62.75,2.86,4.78,1,62,87.78,49.66
GLFL,GLFLEQN,5.72,5.99,5.99,0.27,4.72,1,5,9.34,3.66
GATECH,GATECHBEN,1.06,1.11,1.11,0.05,4.72,1143288,1269049,1.07,0.4
LAL,LALEQN,9.06,9.48,9.48,0.42,4.64,200,1896,12.77,5.56
PRECOT,PRECOTEQN,701.5,734.0,734.0,32.5,4.63,4,2936,899.0,300.05
COMPINFO,COMPINFOBZN,1.08,1.13,1.13,0.05,4.63,24,27,2.52,0.91
CRSL,CRSLBEN,2.62,2.74,2.74,0.12,4.58,49357,135238,3.56,1.72
VIVOBIOT,VIVOBIOTEQN,18.11,18.93,18.93,0.82,4.53,101,1911,20.94,17.51
MOHITIND,MOHITINDEQN,24.69,25.8,25.8,1.11,4.5,1,25,39.89,18.6
GENSOL,GENSOLBZN,17.32,18.1,18.1,0.78,4.5,1232,22299,46.02,16.4
TARIL,TARILEQN,303.45,317.05,317.05,13.6,4.48,117563,37273349,552.0,224.05
ASHOKA,ASHOKAEQN,112.65,117.7,117.7,5.05,4.48,78959,9293474,214.5,101.0
SWARNSAR,SWARNSAREQN,34.41,35.95,35.95,1.54,4.48,20,719,38.75,32.0
AMDIND,AMDINDEQN,52.38,54.7,54.7,2.32,4.43,2,109,68.07,33.77
INNOVANA,INNOVANAEQN,306.75,320.0,320.0,13.25,4.32,3,960,564.8,290.0
DURLAX,DURLAXSMN,66.0,68.85,68.85,2.85,4.32,2000,137700,72.0,28.03
NOIDATOLL,NOIDATOLLEQN,4.2,4.38,4.38,0.18,4.29,648,2838,7.43,2.87
AVANTEL,AVANTELEQN,156.79,163.5,163.5,6.71,4.28,61222,10009797,215.0,117.05
CTE,CTEBEN,46.8,48.8,48.8,2.0,4.27,101,4928,59.93,20.51
LAXMICOT,LAXMICOTEQN,13.42,13.99,13.99,0.57,4.25,750,10492,26.04,11.7
TUTIALKA,TUTIALKAEQN,59.47,61.96,61.96,2.49,4.19,3,185,62.7,52.0
SAICAPI,SAICAPIEQN,148.5,154.7,154.7,6.2,4.18,4,618,170.05,140.5
PVP,PVPEQN,65.22,67.88,67.88,2.66,4.08,258233,17528856,65.22,20.1
VERTOZ,VERTOZEQN,39.3,40.9,40.9,1.6,4.07,68,2781,86.75,27.02
SADBHAV,SADBHAVEQN,8.89,9.25,9.25,0.36,4.05,90173,834100,15.48,6.05
COMFINTE,COMFINTEEQN,5.94,6.18,6.18,0.24,4.04,2423,14974,9.19,5.21
RPPL,RPPLBEN,23.07,24.0,24.0,0.93,4.03,134,3216,26.97,14.25
SCANSTL,SCANSTLBEN,59.99,62.4,62.4,2.41,4.02,332,20716,68.81,31.35
BURNPUR,BURNPUREQN,16.15,16.8,16.8,0.65,4.02,8700,146160,21.39,11.13
AXTEL,AXTELEQN,394.35,409.95,409.95,15.6,3.96,42,17217,424.95,390.0
JMA,JMAEQN,95.09,98.8,98.8,3.71,3.9,790,78052,103.7,70.25
ADL,ADLEQN,75.0,77.9,77.9,2.9,3.87,61,4751,109.9,50.26
ADROITINFO,ADROITINFOEQN,10.44,10.84,10.84,0.4,3.83,200,2168,12.2,7.55
GVPTECH,GVPTECHEQN,9.03,9.37,9.37,0.34,3.77,77680,727861,11.19,5.22
GREENPOWER,GREENPOWEREQN,9.39,9.74,9.74,0.35,3.73,116836,1137982,14.93,7.98
TOTAL,TOTALEQN,70.77,72.1,72.1,2.58,3.71,286,20620,87.89,45.0
TOUCHWOOD,TOUCHWOODEQN,60.69,62.94,62.94,2.25,3.71,296,18630,128.0,59.0
GATECHDVR,GATECHDVRBEN,0.54,0.56,0.56,0.02,3.7,16711,9358,0.67,0.36
LATTEYS,LATTEYSEQN,22.19,23.0,23.0,0.81,3.65,2308,53084,37.0,15.79
SHAHALLOYS,SHAHALLOYSEQN,103.15,106.9,106.9,3.75,3.64,28363,3032004,103.15,53.1
KORE,KORESMN,108.0,111.9,111.9,3.9,3.61,250,27975,212.3,85.0
VTMLTD,VTMLTDEQN,58.2,60.29,60.29,2.09,3.59,226,13625,58.9,44.5
INDORAMA,INDORAMAEQN,63.65,65.85,65.85,2.2,3.46,13551,892333,75.0,29.0
FEDDERSHOL,FEDDERSHOLEQN,43.99,45.5,45.5,1.51,3.43,20919,951814,53.49,32.06
KRN,KRNEQN,1609.7,1664.7,1664.7,55.0,3.42,4020,6692094,1612.1,589.8
INDOKEM,INDOKEMEQN,617.85,639.0,639.0,21.15,3.42,1,639,657.0,560.0
VOEPL,VOEPLEQN,570.65,589.9,589.9,19.25,3.37,1757,1036454,593.45,428.65
BEDMUTHA,BEDMUTHAEQN,106.25,109.8,109.8,3.55,3.34,70,7686,154.9,94.55
ASHIKAG,ASHIKAGBEN,436.55,451.0,451.0,14.45,3.31,43,19393,520.95,339.95
NEUEON,NEUEONBEN,13.34,13.78,13.78,0.44,3.3,264,3637,27.4,5.76
GOLDTECH,GOLDTECHBEN,50.83,52.49,52.49,1.66,3.27,10,524,72.5,29.68
HBPOR,HBPOREQN,61.79,63.8,63.8,2.01,3.25,1,63,63.99,48.6
AFIL,AFILEQN,9.4,9.7,9.7,0.3,3.19,3021,29303,11.1,3.92
MADHAVIPL,MADHAVIPLEQN,8.21,8.47,8.47,0.26,3.17,206,1744,9.9,6.95
LEXUS,LEXUSEQN,13.03,13.44,13.44,0.41,3.15,2,26,39.25,12.74
BIRLACABLE,BIRLACABLEBEN,295.11,304.4,304.4,9.29,3.15,31762,9668352,308.25,104.0
KONSTELEC,KONSTELECSTN,62.05,64.0,64.0,1.95,3.14,1000,64000,75.65,28.0
AKCAPIT,AKCAPITEQN,1708.1,1761.8,1761.8,53.7,3.14,3,5285,1875.0,1484.9
ALMONDZ,ALMONDZEQN,16.96,17.49,17.49,0.53,3.13,3206,56072,22.1,10.68
JAIBALAJI,JAIBALAJIEQN,69.23,71.4,71.4,2.17,3.13,10728,765979,108.0,53.65
TGBHOTELS,TGBHOTELSEQN,9.4,9.69,9.69,0.29,3.09,1,9,13.4,7.5
HRYNSHP,HRYNSHPEQN,99.9,102.99,102.99,3.09,3.09,1,102,104.05,91.0
GAYAPROJ,GAYAPROJEQN,22.15,22.83,22.83,0.68,3.07,7740,176704,0.0,0.0
CLEANMAX,CLEANMAXEQN,1250.9,1289.0,1289.0,38.1,3.05,3800,4898200,1536.0,727.1
DIFFNKG,DIFFNKGEQN,411.0,423.5,423.5,12.5,3.04,4893,2072185,453.9,216.8
GLOBALE,GLOBALEEQN,11.58,11.93,11.93,0.35,3.02,127,1515,15.4,9.2
SHRIKRISH,SHRIKRISHEQN,39.9,41.1,41.1,1.2,3.01,310,12741,56.0,35.0
KARMAENG,KARMAENGEQN,38.84,40.0,40.0,1.16,2.99,10,400,73.7,34.38
VIRAT,VIRATEQN,466.05,480.0,480.0,13.95,2.99,1,480,494.4,268.05
PDMJEPAPER,PDMJEPAPEREQN,94.98,97.8,97.8,2.82,2.97,111381,10893061,140.0,65.0
STLTECH,STLTECHBEN,723.75,745.0,745.0,21.25,2.94,44754,33341730,728.6,84.6
AKI,AKIEQN,4.13,4.25,4.25,0.12,2.91,7471,31751,10.48,3.8
SYSTMTXC,SYSTMTXCBEN,57.12,58.78,58.78,1.66,2.91,5,293,177.9,51.89
DAVANGERE,DAVANGEREEQN,2.09,2.15,2.15,0.06,2.87,44238,95111,5.5,1.95
ORIENTBELL,ORIENTBELLEQN,379.25,390.0,390.0,10.75,2.83,280,109200,404.8,238.75
HAZOOR,HAZOOREQN,19.94,20.5,20.5,0.56,2.81,16,328,22.49,17.44
PILITA,PILITAEQN,7.93,8.15,8.15,0.22,2.77,19,154,15.9,6.2
SPAL,SPALEQN,1022.0,1050.0,1050.0,28.0,2.74,4145,4352250,1221.9,600.0
MOTOGENFIN,MOTOGENFINBEN,27.0,27.74,27.74,0.74,2.74,200,5548,32.82,17.5
DEVX,DEVXEQN,35.92,36.9,36.9,0.98,2.73,200,7380,64.05,29.95
DUCOL,DUCOLSMN,111.95,115.0,115.0,3.05,2.72,800,92000,209.5,90.0
GTPL,GTPLEQN,53.54,54.99,54.99,1.45,2.71,4094,225129,118.95,50.85
TBZ,TBZEQN,301.7,309.85,309.85,8.15,2.7,15656,4851011,312.7,110.5
VALIANTLAB,VALIANTLABBEN,99.65,102.3,102.3,2.65,2.66,1,102,110.7,49.51
FIBERWEB,FIBERWEBEQN,26.7,27.4,27.4,0.7,2.62,15,411,49.9,25.17
SUNSHINE,SUNSHINEEQN,429.75,440.95,440.95,11.2,2.61,26575,11718246,441.7,363.6
HGM,HGMEQN,46.74,47.95,47.95,1.21,2.59,1,47,82.4,42.0
PARTH,PARTHSMN,498.95,511.85,511.85,12.9,2.59,1600,818960,536.95,188.55
KEEPLEARN,KEEPLEARNEQN,1.94,1.99,1.99,0.05,2.58,184,366,3.21,1.51
PREMCO,PREMCOEQN,381.2,391.0,391.0,9.8,2.57,1,391,484.9,355.0
FEL,FELBZN,0.39,0.4,0.4,0.01,2.56,11142,4456,0.65,0.34
TRITONV,TRITONVEQN,1148.5,1177.9,1177.9,29.4,2.56,32,37692,1219.3,1108.0
TARC,TARCEQN,117.9,120.9,120.9,3.0,2.54,2124,256791,186.3,109.1
AXISCADES,AXISCADESEQN,1594.7,1635.0,1635.0,40.3,2.53,1420,2321700,2211.0,1063.3
GSS,GSSEQN,12.38,12.69,12.69,0.31,2.5,1,12,33.97,8.68
DELPHIFX,DELPHIFXBEN,6.42,6.58,6.58,0.16,2.49,148,973,18.25,6.19
ELGIRUBCO,ELGIRUBCOEQN,60.94,62.45,62.45,1.51,2.48,110,6869,90.5,32.72
UNIVCABLES,UNIVCABLESEQN,1693.2,1735.0,1735.0,41.8,2.47,3065,5317775,1774.9,576.0
TRANSCOR,TRANSCOREQN,24.7,25.3,25.3,0.6,2.43,1,25,26.48,21.0
SHAH,SHAHEQN,3.74,3.83,3.83,0.09,2.41,35685,136673,5.82,2.56
PREMIER,PREMIERBEN,2.9,2.97,2.97,0.07,2.41,2564,7615,3.88,2.59
ALPHAGEO,ALPHAGEOBEN,306.47,313.85,313.85,7.38,2.41,1,313,368.0,164.8
ATAM,ATAMEQN,55.85,57.19,57.19,1.34,2.4,355,20302,111.0,48.5
EKI,EKIEQN,74.21,75.99,75.99,1.78,2.4,5,379,82.5,73.0
VEDAVAAG,VEDAVAAGEQN,18.33,18.77,18.77,0.44,2.4,25,469,19.8,18.0
KPEL,KPELEQN,249.45,255.4,255.4,5.95,2.39,5956,1521162,463.25,237.9
ATHERENERG,ATHERENERGEQN,1616.3,1655.0,1655.0,38.7,2.39,143305,237169775,1630.0,421.6
BAFNAPH,BAFNAPHBEN,291.1,298.0,298.0,6.9,2.37,1052,313496,291.35,94.77
NECCLTD,NECCLTDBEN,16.91,17.31,17.31,0.4,2.37,50,865,24.01,10.55
NIPPOBATRY,NIPPOBATRYEQN,326.35,334.0,334.0,7.65,2.34,1,334,505.9,257.0
AEPL,AEPLEQN,15.38,15.74,15.74,0.36,2.34,1001,15755,20.25,13.25
SUDEEPPHRM,SUDEEPPHRMEQN,1152.1,1179.0,1179.0,26.9,2.33,482,568278,1180.0,524.05
FMGOETZE,FMGOETZEEQN,602.05,616.0,616.0,13.95,2.32,44528,27429248,614.8,358.0
SHALPAINTS,SHALPAINTSBEN,78.63,80.45,80.45,1.82,2.31,1230,98953,95.95,35.21
PODDARMENT,PODDARMENTEQN,251.0,256.8,256.8,5.8,2.31,100,25680,297.95,201.1
CHEMCRUX,CHEMCRUXEQN,84.46,86.4,86.4,1.94,2.3,3,259,89.29,80.0
QUICKHEAL,QUICKHEALBEN,138.73,141.9,141.9,3.17,2.29,586,83153,371.4,125.0
SHERA,SHERASMN,181.85,186.0,186.0,4.15,2.28,1000,186000,188.9,94.95
PAVNAIND,PAVNAINDEQN,18.47,18.89,18.89,0.42,2.27,504,9520,43.8,14.11
AIROLAM,AIROLAMEQN,88.88,90.9,90.9,2.02,2.27,1,90,123.3,78.0
SETL,SETLEQN,364.2,372.4,372.4,8.2,2.25,66453,24747097,364.2,104.56
MANALIPETC,MANALIPETCEQN,73.36,75.0,75.0,1.64,2.24,9571,717825,78.72,39.13
SHREERAMA,SHREERAMAEQN,42.89,43.85,43.85,0.96,2.24,161,7059,71.99,37.62
UMIYA-MRO,UMIYA-MROEQN,94.64,96.75,96.75,2.11,2.23,2,193,110.9,70.0
A2ZINFRA,A2ZINFRAEQN,16.63,17.0,17.0,0.37,2.22,1241,21097,22.64,12.0
SUDARCOLOR,SUDARCOLOREQN,390.35,399.0,399.0,8.65,2.22,1,399,603.0,268.25
RAJTV,RAJTVEQN,10.4,10.63,10.63,0.23,2.21,40,425,46.9,9.93
COCKERILL,COCKERILLEQN,8123.0,8301.5,8301.5,178.5,2.2,90,747135,10871.5,4955.0
SGIL,SGILEQN,607.7,621.0,621.0,13.3,2.19,142,88182,633.25,420.0
JUSTDIAL,JUSTDIALEQN,704.55,720.0,720.0,15.45,2.19,22733,16367760,878.6,480.5
CYBERMEDIA,CYBERMEDIAEQN,18.78,19.19,19.19,0.41,2.18,228,4375,22.81,11.3
SUNLITE,SUNLITESMN,534.35,546.0,546.0,11.65,2.18,1200,655200,583.55,148.95
MADHUCON,MADHUCONBEN,5.13,5.24,5.24,0.11,2.14,490,2567,8.55,3.61
RELIGARE,RELIGAREEQN,233.05,238.0,238.0,4.95,2.12,33397,7948486,280.0,196.51
SPCENET,SPCENETEQN,3.32,3.39,3.39,0.07,2.11,10489,35557,11.24,3.0
RKSWAMY,RKSWAMYEQN,93.82,95.8,95.8,1.98,2.11,10,958,163.89,67.15
MMP,MMPEQN,404.4,412.9,412.9,8.5,2.1,5619,2320085,429.95,185.2
SETUINFRA,SETUINFRABZN,0.48,0.49,0.49,0.01,2.08,7184,3520,0.78,0.37
VIRINCHI,VIRINCHIEQN,14.98,15.29,15.29,0.31,2.07,10,152,32.69,13.81
MILKYMIST,MILKYMISTEQN,214.31,218.75,218.75,4.44,2.07,69180,15133125,233.8,165.0
SETCO,SETCOBEN,17.93,18.3,18.3,0.37,2.06,296,5416,28.62,11.56
ITL,ITLEQN,368.4,376.0,376.0,7.6,2.06,1,376,377.0,311.1
ZENITHSTL,ZENITHSTLEQN,5.37,5.48,5.48,0.11,2.05,330,1808,10.33,4.41
PAR,PAREQN,100.21,102.25,102.25,2.04,2.04,53,5419,122.43,78.05
MOHITE,MOHITEEQN,2.95,3.01,3.01,0.06,2.03,6782,20413,3.16,2.15
KCEIL,KCEILSMN,81.3,82.95,82.95,1.65,2.03,500,41475,298.6,74.0
MKEXIM,MKEXIMEQN,62.6,63.86,63.86,1.26,2.01,2,127,68.69,45.7
BLBLIMITED,BLBLIMITEDEQN,15.98,16.3,16.3,0.32,2.0,3,48,22.47,12.0
KAMOPAINTS,KAMOPAINTSEQN,4.5,4.59,4.59,0.09,2.0,2366,10859,10.31,3.6
ANMOL,ANMOLEQN,10.05,10.25,10.25,0.2,1.99,178,1824,17.74,8.4
MALLCOM,MALLCOMEQN,1000.05,1020.0,1020.0,19.95,1.99,1,1020,1520.0,929.0
NILASPACES,NILASPACESEQN,12.55,12.8,12.8,0.25,1.99,3155,40384,20.47,11.35
XTGLOBAL,XTGLOBALEQN,32.16,32.8,32.8,0.64,1.99,543,17810,46.25,25.2
HAMPTON,HAMPTONEQN,8.03,8.19,8.19,0.16,1.99,141,1154,9.24,7.01
MAXESTATES,MAXESTATESEQN,539.05,549.8,549.8,10.75,1.99,10566,5809186,579.0,305.45
VIVIMEDLAB,VIVIMEDLABBEN,7.07,7.21,7.21,0.14,1.98,510,3677,29.4,4.75
WATERBASE,WATERBASEEQN,49.89,50.87,50.87,0.98,1.96,52,2645,54.0,44.11
STARPAPER,STARPAPEREQN,153.0,155.95,155.95,2.95,1.93,50,7797,181.8,119.05
ROLLT,ROLLTBEN,4.16,4.24,4.24,0.08,1.92,12361,52410,4.32,1.02
PTL,PTLEQN,38.53,39.27,39.27,0.74,1.92,169,6636,43.77,36.1
CEREBRAINT,CEREBRAINTBZN,2.61,2.66,2.66,0.05,1.92,555,1476,10.08,2.5
KENNAMET,KENNAMETEQN,4580.3,4667.9,4667.9,87.6,1.91,154,718856,4860.0,2405.2
VIRTUALG,VIRTUALGEQN,0.53,0.54,0.54,0.01,1.89,14875,8032,0.6,0.4
PONNIERODE,PONNIERODEEQN,396.95,404.4,404.4,7.45,1.88,1785,721854,455.0,252.4
NATCAPSUQ,NATCAPSUQEQN,204.96,208.8,208.8,3.84,1.87,1,208,296.0,136.36
BLUECHIP,BLUECHIPEQN,2.14,2.18,2.18,0.04,1.87,180,392,4.41,1.65
IMPEXFERRO,IMPEXFERROBZN,4.3,4.38,4.38,0.08,1.86,115,503,4.3,1.3
PLAZACABLE,PLAZACABLEEQN,53.86,54.86,54.86,1.0,1.86,751,41199,65.0,27.0
XTRANET,XTRANETEQN,197.11,200.77,200.77,3.66,1.86,50279,10094514,197.11,122.5
BALAJEE,BALAJEEEQN,26.51,27.0,27.0,0.49,1.85,1110,29970,59.9,21.1
HATSUN,HATSUNEQN,1176.05,1197.75,1197.75,21.7,1.85,1697,2032581,1196.55,855.3
ESSENTIA,ESSENTIAEQN,1.08,1.1,1.1,0.02,1.85,341692,375861,1.96,0.95
GRADIENTE,GRADIENTEEQN,2.72,2.77,2.77,0.05,1.84,92718,256828,9.4,2.08
KMCSHIL,KMCSHILEQN,138.05,140.57,140.57,2.52,1.83,1003,140991,148.0,134.7
ACL,ACLEQN,44.14,44.94,44.94,0.8,1.81,95,4269,109.99,40.5
GOLDENTOBC,GOLDENTOBCBZN,24.9,25.35,25.35,0.45,1.81,5,126,37.5,20.34
AASTHA,AASTHAEQN,79.61,81.05,81.05,1.44,1.81,7258,588260,140.01,70.0
CPEDU,CPEDUEQN,186.52,189.9,189.9,3.38,1.81,14,2658,338.75,141.0
BRAHMINFRA,BRAHMINFRAEQN,160.13,163.0,163.0,2.87,1.79,10,1630,184.0,151.2
TECHD,TECHDSMN,560.0,570.0,570.0,10.0,1.79,300,171000,843.6,360.0
CREATIVEYE,CREATIVEYEEQN,6.18,6.29,6.29,0.11,1.78,1000,6290,8.83,5.41
MANBRO,MANBROEQN,59.64,60.7,60.7,1.06,1.78,4,242,61.49,52.0
ALPA,ALPAEQN,63.77,64.9,64.9,1.13,1.77,10,649,99.0,46.1
SECMARK,SECMARKEQN,151.31,153.99,153.99,2.68,1.77,1321,203420,152.34,95.05
BLKASHYAP,BLKASHYAPEQN,58.57,59.6,59.6,1.03,1.76,3351,199719,73.0,40.32
CROWN,CROWNEQN,102.7,104.49,104.49,1.79,1.74,5,522,191.0,100.62
FLFL,FLFLBZN,1.15,1.17,1.17,0.02,1.74,30,35,1.99,1.1
TIRUMALCHM,TIRUMALCHMEQN,160.32,163.1,163.1,2.78,1.73,8260,1347206,328.8,143.5
COFFEEDAY,COFFEEDAYBEN,29.49,30.0,30.0,0.51,1.73,914,27420,51.46,21.0
RKFORGE,RKFORGEEQN,751.25,764.15,764.15,12.9,1.72,24303,18571137,772.8,460.15
ORIENTCER,ORIENTCEREQN,46.6,47.4,47.4,0.8,1.72,10,474,56.64,34.0
AARVI,AARVIEQN,142.25,144.69,144.69,2.44,1.72,500,72345,168.4,114.81
BVCL,BVCLEQN,43.9,44.65,44.65,0.75,1.71,250,11162,69.99,31.2
BPLPHARMA,BPLPHARMAEQN,1527.8,1553.9,1553.9,26.1,1.71,1,1553,1649.0,1125.7
SONAMLTD,SONAMLTDEQN,73.17,74.4,74.4,1.23,1.68,1860,138384,74.6,37.4
ADVIKCA,ADVIKCAEQN,1.19,1.21,1.21,0.02,1.68,9492,11485,1.27,1.15
NAGREEKCAP,NAGREEKCAPEQN,22.77,23.15,23.15,0.38,1.67,5,115,42.75,19.3
SBCL,SBCLEQN,1049.2,1066.6,1066.6,17.4,1.66,1286,1371647,1105.05,368.6
ADOR,ADOREQN,1635.6,1662.7,1662.7,27.1,1.66,359,596909,1701.9,848.0
SHIVALIK,SHIVALIKBEN,306.85,311.95,311.95,5.1,1.66,505,157534,496.0,206.4
VASWANI,VASWANIEQN,48.98,49.79,49.79,0.81,1.65,426,21210,69.99,44.5
KIRIINDUS,KIRIINDUSEQN,492.9,501.05,501.05,8.15,1.65,22145,11095752,779.0,333.8
NILAINFRA,NILAINFRAEQN,6.79,6.9,6.9,0.11,1.62,3583,24722,11.55,5.9
IGL,IGLEQN,147.61,149.99,149.99,2.38,1.61,37427,5613675,223.5,141.74
STEELCITY,STEELCITYEQN,84.16,85.5,85.5,1.34,1.59,19,1624,106.8,71.26
TOYAMSL,TOYAMSLEQN,0.63,0.64,0.64,0.01,1.59,4141,2650,0.69,0.61
INDOAMIN,INDOAMINBEN,120.59,122.5,122.5,1.91,1.58,1064,130340,151.0,81.9
LASA,LASAEQN,6.99,7.1,7.1,0.11,1.57,200,1420,14.08,5.67
INDTERRAIN,INDTERRAINEQN,30.02,30.49,30.49,0.47,1.57,500,15245,42.62,24.56
REPRO,REPROEQN,307.95,312.8,312.8,4.85,1.57,70,21896,590.0,305.0
AKASH,AKASHEQN,24.36,24.74,24.74,0.38,1.56,103,2548,36.0,22.8
TNTELE,TNTELEEQN,8.95,9.09,9.09,0.14,1.56,143,1299,17.9,7.81
DBEIL,DBEILBEN,6.39,6.49,6.49,0.1,1.56,1180,7658,18.56,5.15
BLUSPRING,BLUSPRINGEQN,127.43,129.4,129.4,1.97,1.55,2807,363225,136.67,43.98
LENSKART,LENSKARTEQN,636.15,646.0,646.0,9.85,1.55,41815,27012490,673.9,356.1
FISCHER,FISCHEREQN,35.44,35.99,35.99,0.55,1.55,3233,116355,124.7,31.05
NURECA,NURECABEN,331.05,336.1,336.1,5.05,1.53,14,4705,358.0,204.0
AGIIL,AGIILEQN,289.1,293.5,293.5,4.4,1.52,104015,30528402,434.4,224.7
ATL,ATLEQN,27.04,27.45,27.45,0.41,1.52,1052,28877,37.86,18.2
KOLTEPATIL,KOLTEPATILEQN,448.2,455.0,455.0,6.8,1.52,2387,1086085,554.6,292.25
PRECWIRE,PRECWIREEQN,507.35,515.0,515.0,7.65,1.51,43608,22458120,507.35,170.15
LINC,LINCEQN,95.54,96.98,96.98,1.44,1.51,100,9698,139.6,85.01
MANAKSIA,MANAKSIAEQN,58.13,59.0,59.0,0.87,1.5,2038,120242,73.4,42.1
AURUS,AURUSEQN,4.66,4.73,4.73,0.07,1.5,10,47,7.49,4.1
VENTIVE,VENTIVEEQN,587.1,595.85,595.85,8.75,1.49,218,129895,793.95,542.6
VIKASLIFE,VIKASLIFEEQN,1.35,1.37,1.37,0.02,1.48,13001,17811,2.37,1.05
LEAPIND,LEAPINDEQN,168.4,170.9,170.9,2.5,1.48,81788,13977569,171.25,143.0
KAMAHOLD,KAMAHOLDEQN,2374.6,2409.8,2409.8,35.2,1.48,23,55425,2783.9,2370.0
CCHHL,CCHHLEQN,12.89,13.08,13.08,0.19,1.47,1,13,19.5,10.03
INTENTECH,INTENTECHEQN,83.62,84.85,84.85,1.23,1.47,1,84,149.9,66.3
LOKESHMACH,LOKESHMACHEQN,312.45,317.0,317.0,4.55,1.46,1628,516076,358.25,138.96
PIONRINV,PIONRINVBEN,82.45,83.65,83.65,1.2,1.46,200,16730,135.44,72.5
DCI,DCIEQN,410.05,416.0,416.0,5.95,1.45,1112,462592,475.0,208.98
SRTL,SRTLEQN,37.94,38.49,38.49,0.55,1.45,6,230,73.36,37.6
NILE,NILEEQN,1487.4,1509.0,1509.0,21.6,1.45,6,9054,2018.9,1445.7
MODISONLTD,MODISONLTDEQN,412.8,418.7,418.7,5.9,1.43,1059,443403,423.95,114.0
STLNETWORK,STLNETWORKEQN,27.28,27.67,27.67,0.39,1.43,80889,2238198,35.4,15.75
TEXMOPIPES,TEXMOPIPESEQN,46.24,46.9,46.9,0.66,1.43,6,281,62.0,33.0
INDBANK,INDBANKEQN,31.45,31.9,31.9,0.45,1.43,58,1850,47.15,28.25
XELPMOC,XELPMOCEQN,81.64,82.8,82.8,1.16,1.42,2,165,155.5,74.0
ECOSMOBLTY,ECOSMOBLTYEQN,113.39,115.0,115.0,1.61,1.42,1599,183885,294.6,103.94
SSDL,SSDLEQN,57.18,57.99,57.99,0.81,1.42,146,8466,92.48,46.15
SAMPANN,SAMPANNEQN,26.13,26.5,26.5,0.37,1.42,101,2676,43.44,23.75
RAJSREESUG,RAJSREESUGEQN,36.49,37.0,37.0,0.51,1.4,405,14985,49.7,24.65
MCL,MCLEQN,59.17,60.0,60.0,0.83,1.4,576,34560,93.2,42.0
SAKHTISUG,SAKHTISUGEQN,20.71,21.0,21.0,0.29,1.4,2600,54600,24.75,13.52
DANGEE,DANGEEEQN,2.86,2.9,2.9,0.04,1.4,101,292,5.08,2.53
MEP,MEPBZN,0.72,0.73,0.73,0.01,1.39,40,29,2.87,0.5
DREAMFOLKS,DREAMFOLKSEQN,67.06,67.99,67.99,0.93,1.39,258,17541,160.0,56.0
PARSVNATH,PARSVNATHBEN,1.45,1.47,1.47,0.02,1.38,6050,8893,18.75,1.35
SIGMA,SIGMAEQN,47.25,47.9,47.9,0.65,1.38,758,36308,65.5,35.46
EBIX,EBIXEQN,21.69,21.99,21.99,0.3,1.38,210,4617,22.83,16.03
GINNIFILA,GINNIFILABEN,44.48,45.09,45.09,0.61,1.37,6,270,57.85,31.5
LEENEE,LEENEEEQN,10.25,10.39,10.39,0.14,1.37,500,5195,11.48,6.81
ACMESOLAR,ACMESOLAREQN,393.7,399.0,399.0,5.3,1.35,12814,5112786,411.5,195.9
CSLFINANCE,CSLFINANCEEQN,230.92,234.0,234.0,3.08,1.33,188,43992,324.7,209.7
IVC,IVCEQN,8.49,8.6,8.6,0.11,1.3,10422,89629,9.88,6.02
SYSTANGO,SYSTANGOSMN,233.9,236.95,236.95,3.05,1.3,400,94780,411.0,202.55
BIRLAPREC,BIRLAPRECEQN,47.64,48.25,48.25,0.61,1.28,538,25958,49.99,32.25
HERANBA,HERANBAEQN,171.64,173.8,173.8,2.16,1.26,350,60830,364.0,155.38
MAFATIND,MAFATINDEQN,123.4,124.95,124.95,1.55,1.26,500,62475,157.77,119.02
TREJHARA,TREJHARAEQN,144.2,146.0,146.0,1.8,1.25,370,54020,284.85,128.4
BCPL,BCPLEQN,68.94,69.8,69.8,0.86,1.25,115,8027,92.0,60.0
SALSTEEL,SALSTEELEQN,75.16,76.1,76.1,0.94,1.25,3871,294583,81.8,16.85
SAFEENTP,SAFEENTPSMN,251.65,254.8,254.8,3.15,1.25,500,127400,319.0,175.0
LFIC,LFICEQN,137.6,139.3,139.3,1.7,1.24,1,139,240.9,111.0
CANTABIL,CANTABILEQN,243.59,246.6,246.6,3.01,1.24,1502,370393,321.5,208.5
BAJAJST,BAJAJSTEQN,345.55,349.85,349.85,4.3,1.24,102,35684,507.8,343.0
RCOM,RCOMBEN,0.81,0.82,0.82,0.01,1.23,41225,33804,1.69,0.75
EVERESTIND,EVERESTINDBEN,434.75,440.0,440.0,5.25,1.21,12,5280,750.0,284.9
MKPL,MKPLEQN,4.13,4.18,4.18,0.05,1.21,4357,18212,8.85,3.56
SRM,SRMEQN,459.35,464.9,464.9,5.55,1.21,437,203161,649.95,361.35
MINDTECK,MINDTECKEQN,176.4,178.51,178.51,2.11,1.2,304,54267,307.68,145.13
ULTRAMAR,ULTRAMAREQN,411.3,416.2,416.2,4.9,1.19,2446,1018025,455.75,364.1
AHCL,AHCLEQN,15.91,16.1,16.1,0.19,1.19,13671,220103,17.28,9.08
3BBLACKBIO,3BBLACKBIOEQN,1441.2,1458.1,1458.1,16.9,1.17,190,277039,1463.0,1085.0
JINDWORLD,JINDWORLDEQN,37.86,38.3,38.3,0.44,1.16,23438,897675,42.4,17.85
HITECHGEAR,HITECHGEARBEN,578.35,585.0,585.0,6.65,1.15,2,1170,897.45,521.25
BANG,BANGEQN,34.75,35.15,35.15,0.4,1.15,1714,60247,62.07,25.84
GUJALKALI,GUJALKALIEQN,706.85,715.0,715.0,8.15,1.15,448,320320,815.0,409.15
AVANCE,AVANCEEQN,0.87,0.88,0.88,0.01,1.15,757100,666248,0.94,0.75
GICL,GICLEQN,23.73,24.0,24.0,0.27,1.14,553,13272,52.4,15.61
NITTAGELA,NITTAGELAEQN,1656.1,1675.0,1675.0,18.9,1.14,16,26800,2087.2,837.05
VIPCLOTHNG,VIPCLOTHNGEQN,20.37,20.6,20.6,0.23,1.13,1,20,41.2,14.05
SRD,SRDEQN,40.24,40.69,40.69,0.45,1.12,3550,144449,91.0,36.0
BIRLAMONEY,BIRLAMONEYEQN,129.94,131.4,131.4,1.46,1.12,5,657,197.39,95.0
NIBL,NIBLEQN,30.66,31.0,31.0,0.34,1.11,146,4526,40.8,24.06
BYKE,BYKEBEN,30.74,31.08,31.08,0.34,1.11,1,31,76.73,26.25
DYCL,DYCLEQN,487.6,493.0,493.0,5.4,1.11,9803,4832879,491.0,236.8
KOPRAN,KOPRANEQN,201.76,204.0,204.0,2.24,1.11,2028,413712,219.0,107.0
TIL,TILBEN,239.25,241.9,241.9,2.65,1.11,176,42574,371.95,161.25
AAREYDRUGS,AAREYDRUGSEQN,89.01,90.0,90.0,0.99,1.11,4752,427680,100.0,50.31
HCL-INSYS,HCL-INSYSEQN,10.78,10.9,10.9,0.12,1.11,1133,12349,16.5,9.01
JINDALPOLY,JINDALPOLYEQN,635.85,642.85,642.85,7.0,1.1,101,64927,1026.45,365.0
TICL,TICLBEN,9.09,9.19,9.19,0.1,1.1,101,928,33.99,8.91
BOSCH-HCIL,BOSCH-HCILEQN,1695.2,1713.8,1713.8,18.6,1.1,248,425022,1801.7,1021.3
BPL,BPLEQN,50.43,50.98,50.98,0.55,1.09,240,12235,91.28,37.61
LAMBODHARA,LAMBODHARAEQN,138.48,139.99,139.99,1.51,1.09,92,12879,162.0,81.8
HFCL,HFCLEQN,251.47,254.2,254.2,2.73,1.09,200580,50987436,255.1,59.82
CENTUM,CENTUMEQN,3442.8,3480.0,3480.0,37.2,1.08,158,549840,3968.8,2044.2
HMT,HMTBZN,61.82,62.49,62.49,0.67,1.08,224,13997,72.95,41.0
SMARTLINK,SMARTLINKBEN,227.0,229.45,229.45,2.45,1.08,100,22945,232.05,103.5
SHIVACEM,SHIVACEMEQN,16.61,16.79,16.79,0.18,1.08,14,235,17.94,15.55
PATINTLOG,PATINTLOGBEN,13.06,13.2,13.2,0.14,1.07,386,5095,16.9,8.01
RHFL,RHFLBZN,1.87,1.89,1.89,0.02,1.07,16236,30686,5.07,1.7
AARTIDRUGS,AARTIDRUGSEQN,418.55,423.0,423.0,4.45,1.06,209,88407,534.55,318.95
ZFSTEERING,ZFSTEERINGEQN,670.95,678.0,678.0,7.05,1.05,29,19662,894.98,620.65
INVENTURE,INVENTUREEQN,0.96,0.97,0.97,0.01,1.04,7838,7602,1.72,0.72
RVHL,RVHLEQN,39.39,39.8,39.8,0.41,1.04,122,4855,71.36,28.5
PRIVISCL,PRIVISCLEQN,3458.0,3494.0,3494.0,36.0,1.04,1136,3969184,3785.3,2193.9
MANKIND,MANKINDEQN,2382.9,2407.6,2407.6,24.7,1.04,259,623568,2674.0,1909.7
OCCLLTD,OCCLLTDBEN,158.25,159.9,159.9,1.65,1.04,23,3677,183.03,75.71
DHABRIYA,DHABRIYABEN,552.2,557.95,557.95,5.75,1.04,54,30129,603.0,485.0
KOKUYOCMLN,KOKUYOCMLNEQN,80.18,81.0,81.0,0.82,1.02,1000,81000,128.0,71.05
PANAMAPET,PANAMAPETEQN,465.2,469.9,469.9,4.7,1.01,1265,594423,599.6,229.0
RELCHEMQ,RELCHEMQEQN,115.33,116.5,116.5,1.17,1.01,102,11883,171.88,105.01
ESSARSHPNG,ESSARSHPNGEQN,16.77,16.94,16.94,0.17,1.01,269,4556,43.26,15.71
KKCL,KKCLEQN,507.05,512.1,512.1,5.05,1.0,251,128537,595.0,408.35
NINSYS,NINSYSEQN,722.8,730.0,730.0,7.2,1.0,100,73000,935.0,281.05
SOTL,SOTLEQN,693.2,700.1,700.1,6.9,1.0,2878,2014887,814.8,285.8
KRITINUT,KRITINUTEQN,88.88,89.76,89.76,0.88,0.99,1,89,104.53,51.36
INDOBORAX,INDOBORAXEQN,495.1,499.95,499.95,4.85,0.98,439,219478,524.6,224.0
COMPUSOFT,COMPUSOFTEQN,13.26,13.39,13.39,0.13,0.98,104,1392,20.75,12.0
ALANKIT,ALANKITEQN,8.13,8.21,8.21,0.08,0.98,1111,9121,14.49,6.8
TVSHLTD,TVSHLTDEQN,13450.0,13580.0,13580.0,130.0,0.97,36,488880,16297.0,11650.0
TDPOWERSYS,TDPOWERSYSEQN,752.7,760.0,760.0,7.3,0.97,12243,9304680,798.85,246.5
VENKEYS,VENKEYSEQN,1571.9,1587.2,1587.2,15.3,0.97,405,642816,1800.0,1165.0
COMSYN,COMSYNEQN,282.0,284.7,284.7,2.7,0.96,1005,286123,298.0,133.57
HARSHA,HARSHAEQN,438.85,443.05,443.05,4.2,0.96,924,409378,469.0,313.3
GUJTHEM,GUJTHEMEQN,411.05,415.0,415.0,3.95,0.96,2001,830415,479.0,225.05
IDEAFORGE,IDEAFORGEEQN,807.65,815.4,815.4,7.75,0.96,772,629488,992.25,366.0
TRIGYN,TRIGYNEQN,62.85,63.45,63.45,0.6,0.95,31,1966,102.4,37.55
RAMAPHO,RAMAPHOEQN,125.8,126.99,126.99,1.19,0.95,100,12699,217.19,103.5
TIMEX,TIMEXEQN,653.75,659.95,659.95,6.2,0.95,2108,1391174,657.0,312.0
WEWIN,WEWINEQN,46.81,47.25,47.25,0.44,0.94,4,189,78.0,35.38
BENGALASM,BENGALASMEQN,6339.5,6399.0,6399.0,59.5,0.94,33,211167,7268.0,5845.85
TCC,TCCEQN,223.25,225.35,225.35,2.1,0.94,161,36281,526.4,218.05
BAJAJHCARE,BAJAJHCAREEQN,322.0,325.0,325.0,3.0,0.93,692,224900,515.9,272.35
GREENPLY,GREENPLYEQN,286.25,288.9,288.9,2.65,0.93,710,205119,334.4,176.42
MAHEPC,MAHEPCEQN,105.47,106.45,106.45,0.98,0.93,210,22354,182.5,91.91
ADVAIT,ADVAITEQN,2200.5,2220.9,2220.9,20.4,0.93,431,957207,2485.0,1351.0
NIRLON,NIRLONEQN,642.65,648.6,648.6,5.95,0.93,27,17512,657.0,516.03
HLVLTD,HLVLTDEQN,6.53,6.59,6.59,0.06,0.92,633,4171,12.6,5.6
RANASUG,RANASUGEQN,15.31,15.45,15.45,0.14,0.91,3693,57056,16.45,10.21
AMAL,AMALEQN,760.75,767.7,767.7,6.95,0.91,20,15354,822.0,730.05
OSWALAGRO,OSWALAGROEQN,37.65,37.99,37.99,0.34,0.9,200,7598,81.0,33.4
FOCUS,FOCUSBEN,67.49,68.1,68.1,0.61,0.9,1,68,99.9,57.06
UNIPARTS,UNIPARTSEQN,873.15,881.0,881.0,7.85,0.9,2170,1911770,879.8,391.85
GRWRHITECH,GRWRHITECHEQN,7224.5,7289.5,7289.5,65.0,0.9,137,998661,7990.0,2681.0
NATIONSTD,NATIONSTDEQN,103.07,104.0,104.0,0.93,0.9,30,3120,1519.95,98.27
RAJESHEXPO,RAJESHEXPOBZN,76.81,77.5,77.5,0.69,0.9,1018,78895,237.88,72.63
STAR,STAREQN,1019.9,1029.0,1029.0,9.1,0.89,2150,2212350,1231.0,768.65
MAITHANALL,MAITHANALLEQN,982.15,990.85,990.85,8.7,0.89,525,520196,1210.1,831.2
VENUSPIPES,VENUSPIPESEQN,1634.3,1648.9,1648.9,14.6,0.89,1998,3294502,1875.0,890.0
DOLPHIN,DOLPHINEQN,612.55,618.0,618.0,5.45,0.89,421,260178,669.95,322.0
EMPIND,EMPINDEQN,1214.2,1225.0,1225.0,10.8,0.89,14,17150,1248.0,1065.6
VIKASECO,VIKASECOEQN,1.14,1.15,1.15,0.01,0.88,22318,25665,2.15,0.99
PIRAMALFIN,PIRAMALFINEQN,2278.4,2298.4,2298.4,20.0,0.88,1026,2358158,2299.9,1260.0
ISGEC,ISGECEQN,789.05,796.0,796.0,6.95,0.88,336,267456,1113.9,683.95
GALAXYSURF,GALAXYSURFEQN,2285.0,2305.0,2305.0,20.0,0.88,234,539370,2648.0,1510.0
RIIT,RIITIVN,121.48,122.55,122.55,1.07,0.88,1787,218996,127.0,105.3
FINPIPE,FINPIPEEQN,160.56,161.95,161.95,1.39,0.87,1696,274667,222.5,147.54
KAPSTON,KAPSTONEQN,559.2,564.0,564.0,4.8,0.86,659,371676,600.0,158.13
THELEELA,THELEELAEQN,555.25,560.0,560.0,4.75,0.86,1804,1010240,576.0,384.5
TTKHLTCARE,TTKHLTCAREEQN,1134.2,1144.0,1144.0,9.8,0.86,226,258544,1216.8,735.0
SIMPLEXINF,SIMPLEXINFEQN,277.59,279.99,279.99,2.4,0.86,2001,560259,330.0,137.0
KRSNAA,KRSNAAEQN,564.05,568.9,568.9,4.85,0.86,234,133122,894.4,515.0
CITIUSINVT,CITIUSINVTIVN,114.46,115.45,115.45,0.99,0.86,5,577,116.5,101.5
EPACKPEB,EPACKPEBEQN,225.65,227.6,227.6,1.95,0.86,1177,267885,344.0,132.17
TVTODAY,TVTODAYEQN,112.04,112.99,112.99,0.95,0.85,100,11299,156.48,93.5
SUPRIYA,SUPRIYAEQN,804.15,811.0,811.0,6.85,0.85,580,470380,1085.0,545.5
GHCLTEXTIL,GHCLTEXTILEQN,130.79,131.9,131.9,1.11,0.85,5486,723603,132.04,65.26
WARDINMOBI,WARDINMOBIEQN,5.87,5.92,5.92,0.05,0.85,1938,11472,6.99,5.25
ARFIN,ARFINEQN,85.77,86.49,86.49,0.72,0.84,161,13924,106.2,32.0
SALASAR,SALASAREQN,5.92,5.97,5.97,0.05,0.84,20284,121095,10.99,5.59
BIKAJI,BIKAJIEQN,618.8,624.0,624.0,5.2,0.84,422,263328,818.7,592.55
TOLINS,TOLINSEQN,95.0,95.8,95.8,0.8,0.84,107,10250,202.0,83.04
PRITI,PRITIBEN,34.35,34.64,34.64,0.29,0.84,5,173,85.0,31.5
NPST,NPSTEQN,1701.1,1715.2,1715.2,14.1,0.83,45,77184,2236.7,846.6
MASTEK,MASTEKEQN,1901.4,1901.0,1901.0,15.6,0.83,7868,14957068,2614.0,1334.2
RUCHIRA,RUCHIRAEQN,102.64,103.49,103.49,0.85,0.83,151,15626,173.0,95.17
HILINFRA,HILINFRAEQN,45.52,45.9,45.9,0.38,0.83,277,12714,98.68,40.6
RSL,RSLEQN,177.49,178.97,178.97,1.48,0.83,1174,210110,178.0,101.7
SWISSMLTRY,SWISSMLTRYEQN,16.96,17.1,17.1,0.14,0.83,126,2154,18.5,13.0
GRMOVER,GRMOVEREQN,86.38,87.09,87.09,0.71,0.82,4142,360726,185.45,81.95
MAWANASUG,MAWANASUGEQN,147.94,149.16,149.16,1.22,0.82,1734,258643,164.0,75.08
AIAENG,AIAENGEQN,4234.2,4269.0,4269.0,34.8,0.82,208,887952,5180.0,3001.1
LCCINFOTEC,LCCINFOTECEQN,3.68,3.71,3.71,0.03,0.82,1402,5201,5.89,3.3
SPELS,SPELSEQN,150.77,152.0,152.0,1.23,0.82,179,27208,157.0,140.1
LMW,LMWEQN,18901.0,19053.0,19053.0,152.0,0.8,7,133371,20151.0,11920.0
RISHABH,RISHABHEQN,691.6,697.1,697.1,5.5,0.8,352,245379,729.85,315.0
FOSECOIND,FOSECOINDEQN,6362.0,6413.0,6413.0,51.0,0.8,202,1295426,6846.0,4300.0
AGI,AGIEQN,774.8,781.0,781.0,6.2,0.8,1922,1501082,939.0,465.0
HAPPYFORGE,HAPPYFORGEEQN,2307.0,2325.5,2325.5,18.5,0.8,491,1141820,2340.0,862.05
AEROENTER,AEROENTEREQN,146.29,147.46,147.46,1.17,0.8,2525,372336,149.55,62.2
VOLTAMP,VOLTAMPEQN,11038.5,11127.0,11127.0,88.5,0.8,80,890160,12863.0,6666.0
EASTWEST,EASTWESTEQN,2.49,2.51,2.51,0.02,0.8,12,30,2.68,2.2
SUNDARAM,SUNDARAMEQN,1.27,1.28,1.28,0.01,0.79,8145,10425,2.2,1.03
GLENMARK,GLENMARKEQN,2515.0,2532.4,2532.4,19.9,0.79,3544,8974825,2537.6,1792.6
ANDHRSUGAR,ANDHRSUGAREQN,98.02,98.79,98.79,0.77,0.79,1654,163398,107.23,66.5
BSL,BSLEQN,123.03,124.0,124.0,0.97,0.79,3,372,208.0,98.0
ROSSTECH,ROSSTECHEQN,1104.6,1113.35,1113.35,8.75,0.79,97,107994,1172.0,551.9
MIIL,MIILEQN,709.95,715.55,715.55,5.6,0.79,15,10733,742.9,660.0
SPECIALITY,SPECIALITYBEN,143.87,145.0,145.0,1.13,0.79,1,145,167.46,82.7
OIL,OILEQN,482.85,486.6,486.6,3.75,0.78,14726,7165671,531.0,384.6
JINDALSAW,JINDALSAWEQN,308.6,311.0,311.0,2.4,0.78,14375,4470625,316.95,153.0
JAIPURKURT,JAIPURKURTEQN,26.78,26.99,26.99,0.21,0.78,1,26,42.74,24.4
HEXAGON,HEXAGONBEN,68.37,68.9,68.9,0.53,0.78,1899,130841,78.25,48.1
AHLUCONT,AHLUCONTEQN,641.1,646.05,646.05,4.95,0.77,555,358557,1077.95,620.0
SYNGENE,SYNGENEEQN,403.4,406.5,406.5,3.1,0.77,1787,726415,678.95,375.25
TAC,TACSTN,423.2,426.45,426.45,3.25,0.77,3000,1279350,899.65,347.4
SAMBANDAM,SAMBANDAMEQN,120.98,121.9,121.9,0.92,0.76,1,121,161.9,97.7
NCLIND,NCLINDEQN,176.26,177.6,177.6,1.34,0.76,28,4972,220.39,147.5
TPLPLASTEH,TPLPLASTEHEQN,73.4,73.95,73.95,0.55,0.75,415,30689,90.33,50.01
RUSTOMJEE,RUSTOMJEEEQN,380.3,383.15,383.15,2.85,0.75,64,24521,662.75,358.8
JUNIPER,JUNIPEREQN,214.59,216.2,216.2,1.61,0.75,6,1297,312.5,188.5
ARIS,ARISEQN,151.31,152.45,152.45,1.14,0.75,11281,1719788,178.3,82.18
ASIANTILES,ASIANTILESEQN,47.88,48.24,48.24,0.36,0.75,4839,233433,79.06,42.5
ACE,ACEEQN,1140.6,1149.0,1149.0,8.4,0.74,2292,2633508,1196.0,745.1
MAXIND,MAXINDEQN,150.4,151.52,151.52,1.12,0.74,76,11515,241.57,120.0
GENUSPAPER,GENUSPAPEREQN,12.16,12.25,12.25,0.09,0.74,2,24,19.07,8.67
KHAICHEM,KHAICHEMEQN,55.58,55.99,55.99,0.41,0.74,26,1455,135.8,42.92
DOLLAR,DOLLAREQN,268.7,270.7,270.7,2.0,0.74,790,213853,396.0,220.5
MBEL,MBELEQN,271.35,273.35,273.35,2.0,0.74,35,9567,535.9,223.05
KANPRPLA,KANPRPLAEQN,272.32,274.34,274.34,2.02,0.74,91,24964,283.14,151.25
SILGO,SILGOEQN,75.63,76.19,76.19,0.56,0.74,581,44266,86.2,57.55
GENCON,GENCONEQN,44.12,44.44,44.44,0.32,0.73,203,9021,59.96,36.35
SOUTHBANK,SOUTHBANKEQN,45.37,45.7,45.7,0.33,0.73,34060,1556542,49.9,28.11
INTELLECT,INTELLECTEQN,679.7,684.65,684.65,4.95,0.73,646,442283,1244.6,595.2
STEELCAS,STEELCASEQN,342.3,344.8,344.8,2.5,0.73,379,130679,364.0,176.02
PUNJABCHEM,PUNJABCHEMEQN,1126.9,1135.1,1135.1,8.2,0.73,44,49944,1533.9,876.6
PAKKA,PAKKAEQN,78.38,78.95,78.95,0.57,0.73,104,8210,178.84,69.1
ADVANCE,ADVANCEEQN,116.95,117.8,117.8,0.85,0.73,11,1295,154.0,84.1
MOTISONS,MOTISONSEQN,16.64,16.76,16.76,0.12,0.72,220319,3692546,20.45,10.62
SNOWMAN,SNOWMANEQN,37.66,37.93,37.93,0.27,0.72,2067,78401,59.8,30.5
PARKHOTELS,PARKHOTELSEQN,112.33,113.14,113.14,0.81,0.72,264,29868,164.1,95.1
THEJO,THEJOEQN,2060.6,2075.5,2075.5,14.9,0.72,29,60189,2286.6,1443.6
PRABHA,PRABHAEQN,207.77,209.27,209.27,1.5,0.72,543,113633,247.57,137.91
KNACK,KNACKEQN,192.61,194.0,194.0,1.39,0.72,2900,562600,222.0,180.33
NUCLEUS,NUCLEUSEQN,745.2,750.6,750.6,5.4,0.72,51,38280,1084.8,682.0
MAHSCOOTER,MAHSCOOTEREQN,13696.0,13794.0,13794.0,98.0,0.72,10,137940,18538.0,10901.0
COASTCORP,COASTCORPEQN,40.62,40.91,40.91,0.29,0.71,14,572,66.7,30.01
SHRIRAMPPS,SHRIRAMPPSEQN,75.97,76.51,76.51,0.54,0.71,5098,390047,99.44,60.57
ESABINDIA,ESABINDIAEQN,6162.0,6206.0,6206.0,44.0,0.71,5,31030,7319.5,4710.0
EPL,EPLEQN,251.94,253.72,253.72,1.78,0.71,12284,3116696,274.03,176.4
BCLIND,BCLINDEQN,36.74,37.0,37.0,0.26,0.71,3948,146076,44.9,25.53
RIR,RIREQN,159.83,160.97,160.97,1.14,0.71,98,15775,185.99,154.3
RATNAVEER,RATNAVEEREQN,294.95,297.0,297.0,2.05,0.7,53419,15865443,305.25,130.5
DDEVPLSTIK,DDEVPLSTIKEQN,279.05,281.0,281.0,1.95,0.7,151,42431,360.0,185.15
JAGRAN,JAGRANEQN,61.3,61.73,61.73,0.43,0.7,711,43890,78.9,59.5
AJMERA,AJMERAEQN,117.41,118.23,118.23,0.82,0.7,201,23764,221.4,98.03
VIMTALABS,VIMTALABSEQN,617.7,622.0,622.0,4.3,0.7,391,243202,902.65,376.05
ACCELYA,ACCELYAEQN,1134.1,1142.0,1142.0,7.9,0.7,123,140466,1527.0,1012.4
STCINDIA,STCINDIAEQN,116.88,117.7,117.7,0.82,0.7,50,5885,150.7,97.04
UYFINCORP,UYFINCORPBEN,19.86,20.0,20.0,0.14,0.7,52,1040,22.34,11.16
SAIPARENT,SAIPARENTEQN,521.35,525.0,525.0,3.65,0.7,244,128100,706.0,400.0
ORCHASP,ORCHASPEQN,1.43,1.44,1.44,0.01,0.7,23,33,4.16,1.25
MODIS,MODISEQN,377.45,380.1,380.1,2.65,0.7,20,7602,429.05,276.0
ANDREWYU,ANDREWYUEQN,28.45,28.65,28.65,0.2,0.7,13,372,30.49,24.51
SHYAMMETL,SHYAMMETLEQN,1099.8,1107.4,1107.4,7.6,0.69,1464,1621233,1111.0,746.0
KALAMANDIR,KALAMANDIREQN,87.09,87.69,87.69,0.6,0.69,1136,99615,223.03,84.5
PREMIERPOL,PREMIERPOLEQN,93.86,94.51,94.51,0.65,0.69,3714,351010,97.99,38.0
ELLEN,ELLENEQN,319.8,322.0,322.0,2.2,0.69,1349,434378,559.8,175.0
SOLEX,SOLEXEQN,759.6,764.85,764.85,5.25,0.69,77,58893,1985.0,753.05
SOLARWORLD,SOLARWORLDEQN,148.75,149.78,149.78,1.03,0.69,11,1647,388.5,139.19
HNDFDS,HNDFDSEQN,634.45,638.85,638.85,4.4,0.69,809,516829,677.75,442.0
IDEA,IDEAEQN,14.68,14.78,14.78,0.1,0.68,1852710,27383053,15.37,6.46
PGIL,PGILEQN,2314.3,2330.0,2330.0,15.7,0.68,119,277270,2539.6,1178.1
SOBHA,SOBHAEQN,1270.2,1278.8,1278.8,8.6,0.68,598,764722,1732.0,1130.0
BHAGYANGR,BHAGYANGREQN,391.05,393.7,393.7,2.65,0.68,990,389763,432.3,86.0
ARSSBL,ARSSBLEQN,509.7,513.15,513.15,3.45,0.68,1100,564465,794.85,416.0
VAKRANGEE,VAKRANGEEEQN,5.89,5.93,5.93,0.04,0.68,1118,6629,9.77,4.61
KPL,KPLEQN,3314.3,3337.0,3337.0,22.7,0.68,101,337037,3744.0,1561.0
SHRADDHA,SHRADDHAEQN,162.9,164.0,164.0,1.1,0.68,200,32800,179.0,142.0
HDIL,HDILBZN,1.5,1.51,1.51,0.01,0.67,233,351,3.27,1.45
SHARDACROP,SHARDACROPEQN,783.75,789.0,789.0,5.25,0.67,277,218553,1297.0,755.55
ONGC,ONGCEQN,232.25,233.8,233.8,1.55,0.67,32590,7619542,307.5,227.65
GENUSPOWER,GENUSPOWEREQN,349.7,352.05,352.05,2.35,0.67,20477,7208927,363.0,210.4
WOMANCART,WOMANCARTSTN,119.2,120.0,120.0,0.8,0.67,400,48000,358.0,88.0
MOLBIO,MOLBIOEQN,1094.75,1102.1,1102.1,7.35,0.67,754,830983,1264.6,926.35
VRAJ,VRAJEQN,125.47,126.3,126.3,0.83,0.66,1,126,159.99,93.0
HARDWYN,HARDWYNEQN,9.07,9.13,9.13,0.06,0.66,4692,42837,20.2,7.76
BHANDARI,BHANDARIEQN,3.03,3.05,3.05,0.02,0.66,270,823,4.61,2.0
ZYDUSWELL,ZYDUSWELLEQN,526.55,530.0,530.0,3.45,0.66,1268,672040,611.85,367.55
TAALTECH,TAALTECHEQN,4562.0,4592.0,4592.0,30.0,0.66,4,18368,4696.0,2616.1
EMAMIPAP,EMAMIPAPBEN,114.24,114.99,114.99,0.75,0.66,633,72788,133.7,55.0
CLSEL,CLSELEQN,293.05,294.95,294.95,1.9,0.65,972,286691,324.8,203.75
ALOKINDS,ALOKINDSEQN,9.24,9.3,9.3,0.06,0.65,179620,1670466,19.34,9.16
GAIL,GAILEQN,171.1,172.2,172.2,1.1,0.64,42638,7342263,186.87,134.36
LXCHEM,LXCHEMEQN,171.34,172.44,172.44,1.1,0.64,7416,1278815,241.0,107.6
IRBINVIT,IRBINVITIVN,64.19,64.6,64.6,0.41,0.64,13494,871712,65.0,57.05
KSHINTL,KSHINTLEQN,963.85,970.0,970.0,6.15,0.64,2117,2053490,1059.9,330.0
CPL,CPLEQN,63.89,64.3,64.3,0.41,0.64,11,707,75.74,63.01
KANSAINER,KANSAINEREQN,195.77,197.0,197.0,1.23,0.63,793,156221,264.0,157.91
ALBERTDAVD,ALBERTDAVDEQN,898.6,904.3,904.3,5.7,0.63,45,40693,912.0,579.9
THOMASCOTT,THOMASCOTTEQN,277.25,279.0,279.0,1.75,0.63,9,2511,459.8,230.0
BANSALWIRE,BANSALWIREEQN,318.0,320.0,320.0,2.0,0.63,6,1920,374.0,222.5
CYBERTECH,CYBERTECHBEN,134.04,134.89,134.89,0.85,0.63,17,2293,274.8,95.3
UFLEX,UFLEXEQN,634.35,638.35,638.35,4.0,0.63,654,417480,660.5,330.0
CHEMCON,CHEMCONBEN,199.54,200.8,200.8,1.26,0.63,210,42168,295.0,125.0
LALITHAA,LALITHAAEQN,265.24,266.9,266.9,1.66,0.63,79556,21233496,274.4,240.35
MOLDTKPAC,MOLDTKPACEQN,691.2,695.5,695.5,4.3,0.62,273,189871,870.5,464.9
TEAMLEASE,TEAMLEASEEQN,1272.7,1280.6,1280.6,7.9,0.62,19,24331,1944.3,1065.2
SYNCOMF,SYNCOMFEQN,19.46,19.58,19.58,0.12,0.62,155625,3047137,20.38,10.21
BIL,BILEQN,857.7,863.0,863.0,5.3,0.62,100,86300,980.0,602.0
SINCLAIR,SINCLAIREQN,81.51,82.01,82.01,0.5,0.61,1002,82174,114.75,68.82
WONDERLA,WONDERLAEQN,537.1,540.35,540.35,3.25,0.61,588,317725,659.0,455.0
IPCALAB,IPCALABEQN,1950.3,1962.2,1962.2,11.9,0.61,431,845708,1992.0,1251.6
WAKEFIT,WAKEFITEQN,144.71,145.59,145.59,0.88,0.61,2288,333109,224.0,111.4
NIITMTS,NIITMTSEQN,233.07,234.5,234.5,1.43,0.61,421,98724,443.9,203.3
INOXINDIA,INOXINDIAEQN,2126.2,2139.1,2139.1,12.9,0.61,970,2074927,2267.9,1068.2
POWERMECH,POWERMECHEQN,2580.6,2596.1,2596.1,15.5,0.6,273,708735,3234.9,1717.7
GAEL,GAELEQN,166.98,167.99,167.99,1.01,0.6,2110,354458,184.99,101.2
CAPILLARY,CAPILLARYEQN,501.5,504.5,504.5,3.0,0.6,98,49441,798.95,464.25
ONEGLOBAL,ONEGLOBALEQN,546.7,550.0,550.0,3.3,0.6,9,4950,580.0,533.0
CERA,CERAEQN,5654.5,5688.0,5688.0,33.5,0.59,34,193392,6740.0,4461.1
SANSTAR,SANSTAREQN,108.21,108.85,108.85,0.64,0.59,161,17524,137.49,74.3
BATAINDIA,BATAINDIAEQN,681.3,685.3,685.3,4.0,0.59,489,335111,1282.5,605.0
APCOTEXIND,APCOTEXINDEQN,625.25,628.85,628.85,3.6,0.58,132,83008,712.0,310.45
TNPETRO,TNPETROEQN,111.37,112.02,112.02,0.65,0.58,848,94992,129.89,78.67
MTEDUCARE,MTEDUCAREBEN,1.72,1.73,1.73,0.01,0.58,8,13,2.53,1.17
PVRINOX,PVRINOXEQN,1220.9,1228.0,1228.0,7.1,0.58,2566,3151048,1284.5,907.4
ARYAMAN,ARYAMANEQN,644.3,648.0,648.0,3.7,0.57,5,3240,674.95,570.0
NDTV,NDTVEQN,73.77,74.19,74.19,0.42,0.57,431,31975,134.5,58.75
ATLANTAELE,ATLANTAELEEQN,1745.1,1755.0,1755.0,9.9,0.57,651,1142505,2152.6,707.6
SILLYMONKS,SILLYMONKSEQN,16.01,16.1,16.1,0.09,0.56,3,48,28.45,14.61
MONARCH,MONARCHEQN,376.6,378.7,378.7,2.1,0.56,65,24615,406.95,235.45
KALPATARU,KALPATARUEQN,276.45,278.0,278.0,1.55,0.56,38,10564,429.3,258.0
DRAGARWQ,DRAGARWQEQN,5245.5,5275.0,5275.0,29.5,0.56,4,21100,6059.7,4600.0
MANIPALHOS,MANIPALHOSEQN,771.65,775.95,775.95,4.3,0.56,4046,3139493,815.0,625.45
INDOTECH,INDOTECHEQN,3757.1,3777.8,3777.8,20.7,0.55,100,377780,4030.0,1100.0
MANCREDIT,MANCREDITEQN,247.65,249.0,249.0,1.35,0.55,79,19671,287.27,152.06
GREENLAM,GREENLAMEQN,246.35,247.7,247.7,1.35,0.55,104,25760,278.63,197.59
KABRAEXTRU,KABRAEXTRUEQN,603.5,606.8,606.8,3.3,0.55,1700,1031560,625.15,180.0
SHADOWFAX,SHADOWFAXEQN,245.36,246.7,246.7,1.34,0.55,9007,2222026,268.65,98.55
AVALON,AVALONEQN,2231.7,2244.0,2244.0,12.3,0.55,786,1763784,2351.0,777.3
TRAVELFOOD,TRAVELFOODEQN,1297.7,1304.9,1304.9,7.2,0.55,115,150063,1470.9,1035.3
PFOCUS,PFOCUSEQN,294.4,296.0,296.0,1.6,0.54,1029,304584,367.0,139.04
ACI,ACIEQN,484.3,486.9,486.9,2.6,0.54,149,72548,726.0,479.8
CUPID,CUPIDEQN,282.33,283.85,283.85,1.52,0.54,107695,30569225,299.0,32.87
CEMPRO,CEMPROEQN,1268.1,1275.0,1275.0,6.9,0.54,541,689775,1649.2,503.3
INDGN,INDGNEQN,578.95,582.1,582.1,3.15,0.54,2812,1636865,596.8,414.0
DAMCAPITAL,DAMCAPITALEQN,146.27,147.04,147.04,0.77,0.53,850,124984,286.0,119.22
PIXTRANS,PIXTRANSEQN,1843.3,1853.0,1853.0,9.7,0.53,100,185300,2089.0,1252.0
JTLIND,JTLINDEQN,89.87,90.35,90.35,0.48,0.53,41527,3751964,91.01,40.25
GABRIEL,GABRIELEQN,1367.6,1374.9,1374.9,7.3,0.53,596,819440,1600.0,795.7
NAZARA,NAZARAEQN,374.6,376.6,376.6,2.0,0.53,11395,4291357,379.4,215.7
AJOONI,AJOONIEQN,3.82,3.84,3.84,0.02,0.52,2633,10110,5.94,3.4
BLAL,BLALEQN,166.14,167.0,167.0,0.86,0.52,1,167,233.8,155.5
PITTIENG,PITTIENGEQN,1121.2,1127.0,1127.0,5.8,0.52,222,250194,1168.0,675.0
UNITEDPOLY,UNITEDPOLYEQN,38.8,39.0,39.0,0.2,0.52,1471,57369,51.16,20.6
KIRLFER,KIRLFEREQN,449.85,452.2,452.2,2.35,0.52,341,154200,513.0,408.0
MERCURYEV,MERCURYEVEQN,38.67,38.87,38.87,0.2,0.52,1101,42795,41.5,30.16
FINKURVE,FINKURVEEQN,75.56,75.95,75.95,0.39,0.52,1612,122431,134.9,48.02
GRANDOAK,GRANDOAKEQN,36.69,36.88,36.88,0.19,0.52,140,5163,55.76,24.0
SGMART,SGMARTEQN,789.3,793.35,793.35,4.05,0.51,367,291159,860.6,313.1
EMCURE,EMCUREEQN,1869.4,1879.0,1879.0,9.6,0.51,142,266818,2048.0,1260.0
PNGSREVA,PNGSREVAEQN,542.25,545.0,545.0,2.75,0.51,208,113360,644.0,324.25
EIMCOELECO,EIMCOELECOEQN,2196.1,2207.0,2207.0,10.9,0.5,132,291324,2380.0,1405.5
GCSL,GCSLEQN,541.3,544.0,544.0,2.7,0.5,106,57664,548.0,213.15
VARROC,VARROCEQN,821.85,826.0,826.0,4.15,0.5,471,389046,874.85,462.0
SUKHJITS,SUKHJITSEQN,159.0,159.79,159.79,0.79,0.5,82,13102,231.1,137.3
TECHNOE,TECHNOEEQN,1025.5,1030.65,1030.65,5.15,0.5,877,903880,1575.0,870.0
ELGIEQUIP,ELGIEQUIPEQN,628.85,632.0,632.0,3.15,0.5,5147,3252904,644.0,408.25
SUNFLAG,SUNFLAGEQN,348.25,350.0,350.0,1.75,0.5,246,86100,428.0,192.15
INTERARCH,INTERARCHEQN,1701.4,1709.9,1709.9,8.5,0.5,108,184669,2762.6,1600.0
TATACHEM,TATACHEMEQN,655.75,659.0,659.0,3.25,0.5,7662,5049258,1026.65,580.3
NAVA,NAVAEQN,564.85,567.7,567.7,2.85,0.5,219,124326,739.4,501.65
EXCELINDUS,EXCELINDUSEQN,1030.85,1036.05,1036.05,5.2,0.5,11,11396,1261.0,800.05
RACE,RACEEQN,100.55,101.05,101.05,0.5,0.5,10,1010,252.0,84.11
THERMAX,THERMAXEQN,3944.2,3964.0,3964.0,19.8,0.5,270,1070280,5277.8,2742.7
NEAGI,NEAGIEQN,3450.0,3467.2,3467.2,17.2,0.5,1,3467,3500.0,3001.0
HALDYNGL,HALDYNGLBEN,139.29,139.98,139.98,0.69,0.5,311,43533,140.23,85.0
KNRCON,KNRCONEQN,124.55,125.17,125.17,0.62,0.5,13846,1733103,220.0,108.65
PARNAXLAB,PARNAXLABEQN,128.4,129.04,129.04,0.64,0.5,1,129,130.0,108.03
MAHSEAMLES,MAHSEAMLESEQN,661.7,665.0,665.0,3.3,0.5,1251,831915,690.0,500.7
AGROPHOS,AGROPHOSEQN,26.34,26.47,26.47,0.13,0.49,1,26,47.47,23.9
GOKEX,GOKEXEQN,767.8,771.6,771.6,3.8,0.49,373,287806,954.9,531.0
KOVAI,KOVAIEQN,6032.5,6062.0,6062.0,29.5,0.49,7,42434,6340.0,5275.5
GSPCROP,GSPCROPEQN,626.6,629.65,629.65,3.05,0.49,129,81224,667.95,328.0
EMSLIMITED,EMSLIMITEDEQN,377.85,379.7,379.7,1.85,0.49,364,138210,593.85,256.05
RMDRIP,RMDRIPBEN,20.43,20.53,20.53,0.1,0.49,4725,97004,72.22,14.81
JARO,JAROEQN,470.05,472.35,472.35,2.3,0.49,103,48652,890.0,383.5
GANESHCP,GANESHCPEQN,174.15,175.01,175.01,0.86,0.49,685,119881,309.95,152.0
VIKRAN,VIKRANEQN,59.39,59.68,59.68,0.29,0.49,6001,358139,118.4,51.1
TECHNOCRAF,TECHNOCRAFEQN,373.83,375.68,375.68,1.85,0.49,5151,1935127,382.96,284.0
ABFRL,ABFRLEQN,52.49,52.74,52.74,0.25,0.48,5126,270345,94.95,52.21
PSB,PSBEQN,23.14,23.25,23.25,0.11,0.48,16592,385764,32.46,20.5
FCL,FCLEQN,50.03,50.27,50.27,0.24,0.48,92986,4674406,51.38,19.1
SAURASHCEM,SAURASHCEMEQN,56.33,56.6,56.6,0.27,0.48,31,1754,125.35,47.65
ABBOTINDIA,ABBOTINDIAEQN,26175.0,26300.0,26300.0,125.0,0.48,27,710100,32775.0,25150.0
HINDCON,HINDCONEQN,22.89,23.0,23.0,0.11,0.48,5,115,37.75,15.66
ADANIENSOL,ADANIENSOLEQN,1581.4,1589.0,1589.0,7.6,0.48,6863,10905307,1789.0,744.9
ODIGMA,ODIGMAEQN,23.0,23.11,23.11,0.11,0.48,115,2657,56.09,20.0
SRIKPRIND,SRIKPRINDEQN,20.99,21.09,21.09,0.1,0.48,1,21,22.55,19.4
AYE,AYEEQN,183.92,184.8,184.8,0.88,0.48,3205,592284,197.29,88.22
OMNI,OMNIEQN,565.55,568.25,568.25,2.7,0.48,2619,1488246,764.85,176.25
OMINFRAL,OMINFRALEQN,83.01,83.4,83.4,0.39,0.47,261,21767,144.0,71.5
ICIL,ICILEQN,434.95,437.0,437.0,2.05,0.47,1505,657685,463.8,216.9
RSYSTEMS,RSYSTEMSEQN,246.75,247.9,247.9,1.15,0.47,1339,331938,485.0,213.52
AMRUTANJAN,AMRUTANJANEQN,514.25,516.65,516.65,2.4,0.47,102,52698,790.95,482.8
MANORG,MANORGEQN,510.6,513.0,513.0,2.4,0.47,3,1539,635.0,356.25
GUJENERGY,GUJENERGYEQN,254.8,256.0,256.0,1.2,0.47,7351,1881856,452.0,249.05
BASML,BASMLBEN,25.5,25.62,25.62,0.12,0.47,5,128,31.9,17.05
INDIGRID,INDIGRIDIVN,174.19,175.0,175.0,0.81,0.47,2893,506275,180.9,159.35
AKUMS,AKUMSEQN,772.6,776.15,776.15,3.55,0.46,1096,850660,783.0,409.3
KANORICHEM,KANORICHEMBEN,159.25,159.99,159.99,0.74,0.46,182,29118,164.6,56.0
VIDYAWIRES,VIDYAWIRESEQN,90.07,90.48,90.48,0.41,0.46,13601,1230618,117.35,42.51
JKIL,JKILEQN,500.25,502.5,502.5,2.25,0.45,143,71857,672.0,425.0
BORORENEW,BORORENEWEQN,502.25,504.5,504.5,2.25,0.45,4479,2259655,721.0,374.4
VOGL,VOGLEQN,40.32,40.5,40.5,0.18,0.45,249719,10113619,47.6,30.42
RHIM,RHIMEQN,369.35,371.0,371.0,1.65,0.45,1036,384356,508.3,323.05
PWL,PWLEQN,119.46,120.0,120.0,0.54,0.45,31068,3728160,161.99,77.72
ALLDIGI,ALLDIGIEQN,813.65,817.25,817.25,3.6,0.44,49,40045,1000.0,700.0
ONESOURCE,ONESOURCEEQN,1532.2,1539.0,1539.0,6.8,0.44,267,410913,1925.0,1057.0
AJANTPHARM,AJANTPHARMEQN,3557.0,3572.5,3572.5,15.5,0.44,153,546592,3796.0,2329.9
GLOBUSSPR,GLOBUSSPREQN,916.1,920.1,920.1,4.0,0.44,97,89249,1254.2,800.05
IGARASHI,IGARASHIEQN,427.1,429.0,429.0,1.9,0.44,592,253968,558.0,271.05
CARYSIL,CARYSILEQN,1112.8,1117.7,1117.7,4.9,0.44,470,525319,1280.9,732.1
CHENNPETRO,CHENNPETROEQN,1341.1,1347.0,1347.0,5.9,0.44,4076,5490372,1489.7,639.8
SOMANYCERA,SOMANYCERAEQN,564.5,567.0,567.0,2.5,0.44,475,269325,568.6,332.0
ROSSELLIND,ROSSELLINDEQN,59.62,59.88,59.88,0.26,0.44,367,21975,73.0,40.0
SHANTIGEAR,SHANTIGEAREQN,517.75,520.0,520.0,2.25,0.43,515,267800,592.0,384.0
PGHH,PGHHEQN,8092.0,8126.5,8126.5,34.5,0.43,19,154403,14509.0,8066.0
MAPMYINDIA,MAPMYINDIAEQN,965.9,970.0,970.0,4.1,0.42,414,401580,1998.0,795.0
MEDICO,MEDICOEQN,42.41,42.59,42.59,0.18,0.42,50,2129,56.88,30.22
DPSCLTD,DPSCLTDBEN,7.19,7.22,7.22,0.03,0.42,2352,16981,13.31,6.85
RUBICON,RUBICONEQN,1804.4,1812.0,1812.0,7.6,0.42,652,1181424,1899.0,570.75
CRAMC,CRAMCEQN,259.9,261.0,261.0,1.1,0.42,1291,336951,353.4,214.2
SUDARSCHEM,SUDARSCHEMEQN,1256.9,1262.2,1262.2,5.3,0.42,408,514977,1603.0,726.4
ARKADE,ARKADEEQN,127.38,127.9,127.9,0.52,0.41,701,89657,188.25,92.62
BAIDFIN,BAIDFINEQN,9.74,9.78,9.78,0.04,0.41,455,4449,12.98,8.8
INDUSINVIT,INDUSINVITIVN,133.9,134.45,134.45,0.55,0.41,1132,152197,138.0,111.01
GTL,GTLEQN,7.37,7.4,7.4,0.03,0.41,1251,9257,11.26,4.91
TTML,TTMLEQN,38.84,39.0,39.0,0.16,0.41,25610,998790,60.62,31.22
SAHYADRI,SAHYADRIEQN,343.6,345.0,345.0,1.4,0.41,106,36570,401.1,200.1
KSCL,KSCLEQN,786.8,790.0,790.0,3.2,0.41,102,80580,1225.0,705.1
MOL,MOLEQN,60.94,61.19,61.19,0.25,0.41,5316,325286,87.75,36.5
ABHAPOWER,ABHAPOWERSMN,24.5,24.6,24.6,0.1,0.41,1600,39360,48.8,23.0
KAMANWALA,KAMANWALAEQN,16.93,17.0,17.0,0.07,0.41,30,510,19.51,13.55
GOCOLORS,GOCOLORSEQN,335.65,337.0,337.0,1.35,0.4,785,264545,760.9,237.05
CIEINDIA,CIEINDIAEQN,389.95,391.5,391.5,1.55,0.4,1636,640494,526.0,381.1
VESUVIUS,VESUVIUSEQN,421.55,423.25,423.25,1.7,0.4,180,76185,607.9,418.3
KANCHI,KANCHIEQN,422.3,424.0,424.0,1.7,0.4,2,848,463.35,334.7
KICL,KICLEQN,5180.0,5200.0,5200.0,20.0,0.39,2,10400,6554.9,4011.0
SURANASOL,SURANASOLEQN,25.75,25.85,25.85,0.1,0.39,476,12304,39.08,18.31
ASHIANA,ASHIANAEQN,368.8,370.25,370.25,1.45,0.39,35,12958,435.9,269.45
JYOTISTRUC,JYOTISTRUCEQN,10.14,10.18,10.18,0.04,0.39,25957,264242,17.42,7.94
FLEXITUFF,FLEXITUFFBEN,2.58,2.59,2.59,0.01,0.39,626,1621,29.49,2.55
AETHER,AETHEREQN,1696.8,1703.4,1703.4,6.6,0.39,1280,2180352,1717.0,726.45
VSSL,VSSLEQN,348.55,349.9,349.9,1.35,0.39,143,50035,375.95,206.4
SBC,SBCEQN,41.93,42.09,42.09,0.16,0.38,22411,943278,45.0,18.63
SANGHVIMOV,SANGHVIMOVEQN,444.1,445.8,445.8,1.7,0.38,1136,506428,528.0,223.8
HDFCBANK,HDFCBANKEQN,720.3,723.05,723.05,2.75,0.38,649874,469891395,1020.5,707.0
JYOTIRES,JYOTIRESEQN,879.65,883.0,883.0,3.35,0.38,4,3532,911.0,830.25
SOLARA,SOLARAEQN,623.7,626.0,626.0,2.3,0.37,314,196564,712.0,422.0
SHILPAMED,SHILPAMEDEQN,903.8,907.15,907.15,3.35,0.37,2433,2207095,919.0,259.5
BAJAJHIND,BAJAJHINDEQN,21.67,21.75,21.75,0.08,0.37,119535,2599886,26.0,14.85
RAMCOCEM,RAMCOCEMEQN,895.65,899.0,899.0,3.35,0.37,373,335327,1214.5,838.3
DELHIVERY,DELHIVERYEQN,470.2,471.95,471.95,1.75,0.37,6496,3065787,524.0,374.45
IDBI,IDBIEQN,92.66,93.0,93.0,0.34,0.37,62013,5767209,118.38,61.01
AXITA,AXITAEQN,8.05,8.08,8.08,0.03,0.37,20360,164508,12.2,6.57
EFCIL,EFCILEQN,202.26,203.0,203.0,0.74,0.37,220,44660,335.29,171.42
MARATHON,MARATHONEQN,421.55,423.05,423.05,1.5,0.36,123,52035,685.4,344.05
MURUDCERA,MURUDCERAEQN,30.69,30.8,30.8,0.11,0.36,1,30,47.5,25.16
MEDIASSIST,MEDIASSISTEQN,333.8,335.0,335.0,1.2,0.36,219,73365,575.55,293.0
CASTROLIND,CASTROLINDEQN,185.24,185.9,185.9,0.66,0.36,3535,657156,210.75,170.1
BAHETI,BAHETISMN,847.0,850.0,850.0,3.0,0.35,375,318750,875.0,478.0
TVSELECT,TVSELECTEQN,437.4,438.95,438.95,1.55,0.35,220,96569,739.35,336.2
CYIENT,CYIENTEQN,1107.45,1111.35,1111.35,3.9,0.35,4504,5005520,1284.7,750.3
GATEWAY,GATEWAYEQN,53.61,53.8,53.8,0.19,0.35,3419,183942,67.72,48.1
VIDHIING,VIDHIINGEQN,355.7,356.95,356.95,1.25,0.35,15,5354,410.0,258.6
SEAMECLTD,SEAMECLTDEQN,1676.6,1682.5,1682.5,5.9,0.35,130,218725,1719.9,771.75
JAGSNPHARM,JAGSNPHARMEQN,239.06,239.9,239.9,0.84,0.35,491,117790,264.5,155.0
SAGILITY,SAGILITYEQN,46.34,46.5,46.5,0.16,0.35,224048,10418232,57.89,35.83
CRIZAC,CRIZACEQN,172.9,173.5,173.5,0.6,0.35,533,92475,387.95,170.29
DHOOTTRANS,DHOOTTRANSEQN,1454.9,1459.95,1459.95,5.05,0.35,3073,4486426,1665.2,1131.0
LUXIND,LUXINDEQN,1199.5,1203.7,1203.7,4.2,0.35,358,430924,1823.35,824.05
IBULLSLTD,IBULLSLTDEQN,26.31,26.4,26.4,0.09,0.34,22920,605088,32.5,8.9
LAURUSLABS,LAURUSLABSEQN,1938.5,1945.0,1945.0,6.5,0.34,17127,33312015,1938.5,823.1
SHIVATEX,SHIVATEXEQN,176.4,177.0,177.0,0.6,0.34,1,177,217.92,126.06
TIIL,TIILEQN,3292.6,3303.9,3303.9,11.3,0.34,208,687211,3565.3,1868.5
NDL,NDLEQN,3.02,3.03,3.03,0.01,0.33,13769,41720,3.75,1.8
ACSTECH,ACSTECHBEN,51.58,51.75,51.75,0.17,0.33,394,20389,54.77,31.71
ICICIGI,ICICIGIEQN,1562.0,1567.1,1567.1,5.1,0.33,472,739671,2064.9,1544.6
SJS,SJSEQN,2509.5,2517.9,2517.9,8.4,0.33,337,848532,2590.0,1285.9
POEL,POELEQN,149.51,150.0,150.0,0.49,0.33,500,75000,168.97,145.0
GSFC,GSFCEQN,157.97,158.49,158.49,0.52,0.33,2687,425862,220.59,138.83
AZAD,AZADEQN,2850.5,2859.9,2859.9,9.4,0.33,1934,5531046,2986.6,1360.0
MWL,MWLEQN,39.53,39.66,39.66,0.13,0.33,225,8923,43.94,18.26
AVG,AVGBEN,179.22,179.82,179.82,0.6,0.33,10,1798,256.73,113.26
HAWKINCOOK,HAWKINCOOKEQN,8230.0,8257.5,8257.5,27.5,0.33,7,57802,9600.0,7109.0
NITCO,NITCOEQN,95.59,95.9,95.9,0.31,0.32,1747,167537,126.0,64.0
GNFC,GNFCEQN,580.05,581.9,581.9,1.85,0.32,1071,623214,619.0,365.0
MSTCLTD,MSTCLTDEQN,729.65,732.0,732.0,2.35,0.32,1120,819840,753.5,362.15
LTM,LTMEQN,4675.0,4690.0,4690.0,15.0,0.32,2016,9455040,6429.5,3528.0
TAJGVK,TAJGVKEQN,340.0,341.1,341.1,1.1,0.32,502,171232,512.65,281.35
DEEPINDS,DEEPINDSEQN,674.45,676.6,676.6,2.15,0.32,771,521658,720.0,330.0
MUTHOOTMF,MUTHOOTMFEQN,208.46,209.1,209.1,0.64,0.31,1281,267857,262.77,141.2
ELECTCAST,ELECTCASTEQN,81.5,81.75,81.75,0.25,0.31,30737,2512749,103.95,60.15
ETHOSLTD,ETHOSLTDEQN,2875.1,2884.0,2884.0,8.9,0.31,27,77868,3245.9,1919.4
HONAUT,HONAUTEQN,36635.0,36750.0,36750.0,115.0,0.31,30,1102500,41495.0,26220.0
CORDSCABLE,CORDSCABLEEQN,251.23,251.98,251.98,0.75,0.3,1693,426602,259.8,127.01
IGIL,IGILEQN,338.95,339.95,339.95,1.0,0.3,629,213828,392.0,287.0
SAGCEM,SAGCEMEQN,162.96,163.45,163.45,0.49,0.3,4,653,299.4,148.7
FINOPB,FINOPBEQN,141.57,141.99,141.99,0.42,0.3,258,36633,339.0,110.03
BANARISUG,BANARISUGEQN,3930.7,3942.5,3942.5,11.8,0.3,52,205010,4338.0,3105.2
DMCC,DMCCEQN,301.0,301.9,301.9,0.9,0.3,686,207103,332.9,191.35
ASKAUTOLTD,ASKAUTOLTDEQN,633.1,635.0,635.0,1.9,0.3,1734,1101090,687.7,375.3
TIRUPATIFL,TIRUPATIFLBEN,69.78,69.99,69.99,0.21,0.3,2806,196391,83.9,30.11
JNPR,JNPREQN,258.23,259.0,259.0,0.77,0.3,2464,638176,282.0,232.11
ANTELOPUS,ANTELOPUSEQN,787.3,789.7,789.7,2.4,0.3,160,126352,933.65,357.0
KRYSTAL,KRYSTALEQN,646.05,648.0,648.0,1.95,0.3,10,6480,729.5,500.0
RADHIKAJWE,RADHIKAJWEEQN,68.76,68.96,68.96,0.2,0.29,278,19170,99.65,50.01
RESPONIND,RESPONINDEQN,153.55,154.0,154.0,0.45,0.29,210,32340,240.9,117.25
JINDRILL,JINDRILLEQN,628.2,630.0,630.0,1.8,0.29,808,509040,693.5,440.1
MOTILALOFS,MOTILALOFSEQN,1038.3,1041.3,1041.3,3.0,0.29,2606,2713627,1097.1,614.9
AIIL,AIILEQN,545.9,547.5,547.5,1.6,0.29,504,275940,683.0,400.0
USHAMART,USHAMARTEQN,492.45,493.9,493.9,1.45,0.29,444,219291,527.5,374.0
ONEPOINT,ONEPOINTEQN,55.03,55.19,55.19,0.16,0.29,2500,137975,65.85,40.58
ANANDRATHI,ANANDRATHIEQN,2213.4,2219.9,2219.9,6.5,0.29,520,1154348,2242.0,1353.85
NACLIND,NACLINDEQN,171.63,172.12,172.12,0.49,0.29,525,90363,262.2,112.62
PGINVIT,PGINVITIVN,100.01,100.3,100.3,0.29,0.29,10617,1064885,102.0,86.3
WCIL,WCILEQN,85.74,85.98,85.98,0.24,0.28,47,4041,147.29,77.02
AVTNPL,AVTNPLEQN,85.19,85.43,85.43,0.24,0.28,3194,272863,92.45,53.5
V2RETAIL,V2RETAILEQN,221.32,221.94,221.94,0.62,0.28,1831,406372,259.25,158.56
FIRSTCRY,FIRSTCRYEQN,185.48,186.0,186.0,0.52,0.28,2269,422034,438.7,184.97
BAYERCROP,BAYERCROPEQN,4048.7,4059.9,4059.9,11.2,0.28,42,170515,5489.0,4030.0
GHCL,GHCLEQN,441.45,442.7,442.7,1.25,0.28,157,69503,667.2,416.6
GROWW,GROWWEQN,191.46,192.0,192.0,0.54,0.28,216712,41608704,227.2,112.0
ABREL,ABRELEQN,1387.0,1390.7,1390.7,3.7,0.27,126,175228,1965.3,1080.1
CORALFINAC,CORALFINACEQN,33.26,33.35,33.35,0.09,0.27,1,33,50.9,25.01
MAYURUNIQ,MAYURUNIQEQN,766.9,769.0,769.0,2.1,0.27,525,403725,907.0,471.2
KPIL,KPILEQN,1386.3,1390.0,1390.0,3.7,0.27,536,745040,1479.6,1007.1
GOKULAGRO,GOKULAGROEQN,244.34,245.0,245.0,0.66,0.27,921,225645,259.8,151.0
SAMHI,SAMHIEQN,156.01,156.43,156.43,0.42,0.27,1815,283920,222.0,127.0
IFCI,IFCIEQN,89.96,90.2,90.2,0.24,0.27,345224,31139204,95.8,46.23
KALYANIFRG,KALYANIFRGEQN,761.95,764.0,764.0,2.05,0.27,128,97792,849.65,523.6
ORKLAINDIA,ORKLAINDIAEQN,595.4,597.0,597.0,1.6,0.27,129,77013,760.0,533.25
NEULANDLAB,NEULANDLABEQN,23205.0,23265.0,23265.0,60.0,0.26,38,884070,23881.0,11500.0
COALINDIA,COALINDIAEQN,401.0,401.0,402.05,1.05,0.26,25372,0,491.25,368.65
IONEXCHANG,IONEXCHANGEQN,371.45,371.15,371.15,0.95,0.26,1467,544477,486.0,312.7
DCMSIL,DCMSILEQN,73.49,73.68,73.68,0.19,0.26,82,6041,105.27,49.5
OPTIEMUS,OPTIEMUSEQN,579.6,581.05,581.05,1.45,0.25,341,198138,713.0,288.0
INSECTICID,INSECTICIDEQN,598.5,600.0,600.0,1.5,0.25,2,1200,836.15,518.6
LINCOLN,LINCOLNEQN,614.95,616.5,616.5,1.55,0.25,32,19728,770.0,440.0
WELENT,WELENTEQN,670.3,672.0,672.0,1.7,0.25,210,141120,700.0,412.0
SMCGLOBAL,SMCGLOBALEQN,79.2,79.4,79.4,0.2,0.25,209,16594,94.9,54.44
FOODSIN,FOODSINEQN,52.87,53.0,53.0,0.13,0.25,2,106,95.9,44.0
HEROMOTOCO,HEROMOTOCOEQN,5600.0,5614.0,5614.0,14.0,0.25,873,4901022,6388.5,4671.5
RTNPOWER,RTNPOWEREQN,7.95,7.97,7.97,0.02,0.25,429349,3421911,12.84,7.52
LCL,LCLEQN,565.1,566.5,566.5,1.4,0.25,688,389752,604.7,461.0
PRESTIGE,PRESTIGEEQN,1588.0,1592.0,1592.0,4.0,0.25,375,597000,1805.2,1090.0
SURAKSHA,SURAKSHAEQN,340.2,341.0,341.0,0.8,0.24,232,79112,343.0,224.1
TATVA,TATVAEQN,1630.0,1633.9,1633.9,3.9,0.24,204,333315,1838.1,976.4
GOPAL,GOPALEQN,276.25,276.9,276.9,0.65,0.24,35,9691,398.0,247.55
BIRLACORPN,BIRLACORPNEQN,881.2,883.35,883.35,2.15,0.24,118,104235,1346.1,769.6
FORTIS,FORTISEQN,926.75,929.0,929.0,2.25,0.24,1539,1429731,1104.3,766.8
ITDC,ITDCEQN,662.15,663.75,663.75,1.6,0.24,881,584763,822.0,368.0
ETERNAL,ETERNALEQN,328.0,328.8,328.8,0.8,0.24,101887,33500445,368.45,212.6
GANESHHOU,GANESHHOUEQN,803.6,804.0,804.0,1.9,0.24,66,53064,902.95,500.0
HPL,HPLEQN,308.8,309.5,309.5,0.7,0.23,462,142989,507.9,255.55
GAUDIUMIVF,GAUDIUMIVFBEN,121.72,122.0,122.0,0.28,0.23,2545,310490,163.18,69.18
ENRIN,ENRINEQN,3242.6,3250.0,3250.0,7.4,0.23,686,2229500,3968.0,2115.0
VISL,VISLEQN,38.59,38.68,38.68,0.09,0.23,121232,4689253,44.78,19.06
ORIRAIL,ORIRAILEQN,131.7,132.0,132.0,0.3,0.23,519,68508,142.0,102.8
INGERRAND,INGERRANDEQN,4860.2,4871.1,4871.1,10.9,0.22,279,1359036,4899.0,3063.3
IMAGICAA,IMAGICAAEQN,58.07,58.2,58.2,0.13,0.22,11797,686585,62.0,36.84
KECL,KECLEQN,134.83,135.13,135.13,0.3,0.22,373,50403,155.0,75.47
NDGL,NDGLEQN,2783.0,2789.0,2789.0,6.0,0.22,1,2789,4085.0,2100.0
IRISDOREME,IRISDOREMEEQN,58.7,58.83,58.83,0.13,0.22,1224,72007,60.2,26.35
VIYASH,VIYASHEQN,267.4,268.0,268.0,0.6,0.22,23959,6421012,298.0,167.95
MOLDTECH,MOLDTECHBEN,194.07,194.5,194.5,0.43,0.22,984,191388,221.0,101.1
ROHLTD,ROHLTDEQN,302.35,303.0,303.0,0.65,0.21,55,16665,593.4,269.4
WEBELSOLAR,WEBELSOLAREQN,77.84,78.0,78.0,0.16,0.21,11290,880620,141.5,50.4
DVL,DVLEQN,279.37,279.96,279.96,0.59,0.21,4,1119,380.6,186.99
GICRE,GICREEQN,353.3,354.05,354.05,0.75,0.21,4676,1655537,417.95,346.7
HINDOILEXP,HINDOILEXPEQN,162.66,163.0,163.0,0.34,0.21,2345,382235,188.65,117.5
NHPC,NHPCEQN,74.82,74.98,74.98,0.16,0.21,29859,2238827,89.22,71.62
EQUIPPP,EQUIPPPBEN,23.4,23.45,23.45,0.05,0.21,2,46,25.89,13.85
DWARKESH,DWARKESHEQN,51.89,52.0,52.0,0.11,0.21,12721,661492,59.9,32.13
BALUFORGE,BALUFORGEEQN,638.8,640.05,640.05,1.25,0.2,8186,5239449,697.0,341.05
KTKBANK,KTKBANKEQN,330.35,331.0,331.0,0.65,0.2,8524,2821444,341.0,169.12
AUROPHARMA,AUROPHARMAEQN,1645.3,1648.6,1648.6,3.3,0.2,1937,3193338,1682.4,1016.1
CELLO,CELLOEQN,350.8,351.5,351.5,0.7,0.2,197,69245,673.8,336.6
ASTRAMICRO,ASTRAMICROEQN,1706.6,1710.0,1710.0,3.4,0.2,695,1188450,1960.0,851.0
TRUALT,TRUALTEQN,434.15,435.0,435.0,0.85,0.2,260,113100,549.0,310.2
EXCELSOFT,EXCELSOFTEQN,71.03,71.17,71.17,0.14,0.2,433,30816,142.59,66.4
JSWHL,JSWHLEQN,11578.0,11601.0,11601.0,23.0,0.2,15,174015,22790.0,10530.0
RATNAMANI,RATNAMANIEQN,2611.1,2616.1,2616.1,5.0,0.19,134,350557,3345.0,1936.5
POLYCAB,POLYCABEQN,9088.0,9105.0,9105.0,17.0,0.19,486,4425030,10126.0,6663.0
PRINCEPIPE,PRINCEPIPEEQN,293.45,294.0,294.0,0.55,0.19,499,146706,353.4,205.0
HISARMETAL,HISARMETALEQN,155.96,156.25,156.25,0.29,0.19,200,31250,195.99,124.99
CAPINVIT,CAPINVITIVN,77.0,77.14,77.14,0.14,0.18,1067,82308,79.99,67.0
SENORES,SENORESEQN,1482.1,1484.8,1484.8,2.7,0.18,144,213811,1599.0,662.45
UTLSOLAR,UTLSOLAREQN,449.55,450.35,450.35,0.8,0.18,522,235082,494.25,172.0
ORIENTELEC,ORIENTELECEQN,180.17,180.5,180.5,0.33,0.18,668,120574,219.0,149.05
AMBER,AMBEREQN,7675.0,7689.0,7689.0,14.0,0.18,531,4082859,8974.0,5400.5
INNOVACAP,INNOVACAPEQN,1055.1,1057.0,1057.0,1.9,0.18,109,115213,1120.0,622.0
VMM,VMMEQN,107.0,107.18,107.18,0.18,0.17,16788,1799337,155.32,98.77
YATHARTH,YATHARTHEQN,967.4,969.0,969.0,1.6,0.17,1758,1703502,1024.85,538.25
JAYSREETEA,JAYSREETEAEQN,98.84,99.01,99.01,0.17,0.17,512,50693,112.7,70.55
TEMBO,TEMBOEQN,58.2,58.3,58.3,0.1,0.17,3649,212736,837.0,55.0
SWIGGY,SWIGGYEQN,280.5,280.95,280.95,0.45,0.16,19488,5475153,474.0,235.75
FINCABLES,FINCABLESEQN,1297.9,1300.0,1300.0,2.1,0.16,4381,5695300,1374.0,700.8
NESCO,NESCOEQN,1048.4,1050.1,1050.1,1.7,0.16,74,77707,1638.9,996.0
IIFLCAPS,IIFLCAPSEQN,333.2,333.7,333.7,0.5,0.15,412,137484,411.3,240.4
BLACKBUCK,BLACKBUCKEQN,588.15,589.05,589.05,0.9,0.15,314,184961,748.0,496.0
RELTD,RELTDEQN,156.76,157.0,157.0,0.24,0.15,54,8478,196.45,114.77
INDSWFTLAB,INDSWFTLABEQN,362.92,363.46,363.46,0.54,0.15,2324,844681,373.72,87.15
SUVEN,SUVENEQN,364.95,365.5,365.5,0.55,0.15,1851,676540,393.5,124.11
ADANIPORTS,ADANIPORTSEQN,1707.5,1710.0,1710.0,2.5,0.15,2652,4534920,1891.1,1292.0
PFS,PFSEQN,26.95,26.99,26.99,0.04,0.15,4543,122615,40.5,23.85
BHARATWIRE,BHARATWIREEQN,186.99,187.27,187.27,0.28,0.15,157,29401,262.0,148.01
CELEBRITY,CELEBRITYEQN,6.8,6.81,6.81,0.01,0.15,1900,12939,13.25,5.65
KIRLOSBROS,KIRLOSBROSEQN,1914.7,1917.5,1917.5,2.8,0.15,212,406510,2189.2,1335.0
VRLLOG,VRLLOGEQN,295.95,296.4,296.4,0.45,0.15,681,201848,310.2,225.0
BLUECLOUDS,BLUECLOUDSEQN,20.19,20.22,20.22,0.03,0.15,5650,114243,24.5,19.8
ALICON,ALICONEQN,685.05,686.0,686.0,0.95,0.14,53,36358,1022.0,580.0
MANORAMA,MANORAMAEQN,1889.4,1892.0,1892.0,2.6,0.14,281,531652,2043.0,1060.6
REDINGTON,REDINGTONEQN,366.0,366.5,366.5,0.5,0.14,19351,7092141,378.5,191.31
INDIAGLYCO,INDIAGLYCOEQN,1178.3,1180.0,1180.0,1.7,0.14,537,633660,1222.0,792.5
AKSHOPTFBR,AKSHOPTFBRBEN,7.19,7.2,7.2,0.01,0.14,1919,13816,9.0,3.82
SYMPHONY,SYMPHONYEQN,591.15,592.0,592.0,0.85,0.14,335,198320,974.7,590.0
DALBHARAT,DALBHARATEQN,1845.3,1847.8,1847.8,2.5,0.14,243,449015,2496.3,1605.0
MICEL,MICELBEN,41.54,41.6,41.6,0.06,0.14,26401,1098281,82.97,29.97
AGL,AGLEQN,14.03,14.05,14.05,0.02,0.14,5031,70685,22.0,12.03
PLASTIBLEN,PLASTIBLENEQN,189.56,189.8,189.8,0.24,0.13,100,18980,216.29,121.01
ALIVUS,ALIVUSEQN,1350.2,1352.0,1352.0,1.8,0.13,97,131144,1418.0,819.0
AAVAS,AAVASEQN,1275.5,1277.1,1277.1,1.6,0.13,143,182625,1771.9,1060.4
APOLLOHOSP,APOLLOHOSPEQN,8838.5,8850.0,8850.0,11.5,0.13,453,4009050,9050.0,6696.5
REMSONSIND,REMSONSINDEQN,86.49,86.6,86.6,0.11,0.13,2100,181860,152.45,75.23
DRONE,DRONESMN,37.95,38.0,38.0,0.05,0.13,500,19000,101.85,33.3
FRONTSP,FRONTSPEQN,1273.4,1275.0,1275.0,1.6,0.13,61,77775,1869.0,1241.1
SBIFUNDS,SBIFUNDSEQN,563.8,564.55,564.55,0.75,0.13,10827,6112382,624.95,536.5
BUILDPRO,BUILDPROEQN,1243.7,1245.3,1245.3,1.6,0.13,73,90906,1380.0,636.0
VPRPL,VPRPLEQN,32.16,32.2,32.2,0.04,0.12,545,17549,146.69,23.94
PIIND,PIINDEQN,2420.1,2422.9,2422.9,2.8,0.12,1447,3505936,3832.9,2420.1
BAJAJCON,BAJAJCONEQN,477.45,478.0,478.0,0.55,0.12,2564,1225592,692.0,220.1
ASIANENE,ASIANENEEQN,480.8,481.4,481.4,0.6,0.12,1272,612340,520.0,230.0
MAHABANK,MAHABANKEQN,83.8,83.9,83.9,0.1,0.12,32200,2701580,94.5,51.71
APEX,APEXEQN,381.25,381.7,381.7,0.45,0.12,89,33971,514.5,208.74
AFSL,AFSLEQN,211.92,212.16,212.16,0.24,0.11,140,29702,229.0,194.41
NIBE,NIBEEQN,1408.1,1409.7,1409.7,1.6,0.11,326,459562,1848.0,809.6
UGARSUGAR,UGARSUGAREQN,54.13,54.19,54.19,0.06,0.11,2020,109463,62.1,33.75
RATEGAIN,RATEGAINEQN,933.95,935.0,935.0,1.05,0.11,720,673200,1050.0,437.0
LICHSGFIN,LICHSGFINEQN,535.0,535.6,535.6,0.6,0.11,11658,6244024,598.2,458.9
DLINKINDIA,DLINKINDIAEQN,443.25,443.75,443.75,0.5,0.11,102,45262,549.2,367.65
LASERPOWER,LASERPOWEREQN,325.65,326.0,326.0,0.35,0.11,2491,812066,343.5,250.0
IVALUE,IVALUEEQN,264.65,264.95,264.95,0.3,0.11,660,174867,340.0,207.35
ENGINERSIN,ENGINERSINEQN,253.72,254.0,254.0,0.28,0.11,13153,3340862,267.0,163.55
DREDGECORP,DREDGECORPEQN,1120.4,1121.5,1121.5,1.1,0.1,604,677386,1286.0,538.0
AGARWALEYE,AGARWALEYEEQN,507.8,508.3,508.3,0.5,0.1,784,398507,568.0,401.0
JPOLYINVST,JPOLYINVSTEQN,1025.0,1026.0,1026.0,1.0,0.1,96,98496,1487.7,716.05
SALZERELEC,SALZERELECEQN,552.6,553.15,553.15,0.55,0.1,42,23232,952.5,488.8
TCPLPACK,TCPLPACKEQN,3821.7,3825.5,3825.5,3.8,0.1,23,87986,4410.9,2200.0
MUNJALSHOW,MUNJALSHOWEQN,130.97,131.1,131.1,0.13,0.1,3,393,150.9,110.3
KIRLPNU,KIRLPNUEQN,723.3,724.0,724.0,0.7,0.1,283,204892,1098.55,495.05
POKARNA,POKARNAEQN,875.05,875.95,875.95,0.9,0.1,52,45549,1146.2,692.6
HITECH,HITECHEQN,82.05,82.13,82.13,0.08,0.1,6279,515694,127.5,70.14
ANURAS,ANURASEQN,1260.4,1261.6,1261.6,1.2,0.1,11,13877,1415.0,1045.2
CNL,CNLEQN,1242.15,1243.4,1243.4,1.25,0.1,12,14920,1275.0,525.0
SDBL,SDBLEQN,73.38,73.45,73.45,0.07,0.1,1333,97908,142.6,61.8
OMAXAUTO,OMAXAUTOEQN,188.72,188.91,188.91,0.19,0.1,427,80664,263.4,84.5
DENTA,DENTAEQN,283.75,284.0,284.0,0.25,0.09,600,170400,479.6,222.0
SCHNEIDER,SCHNEIDEREQN,1201.9,1203.0,1203.0,1.1,0.09,535,643605,1548.0,571.85
METROPOLIS,METROPOLISEQN,588.45,589.0,589.0,0.55,0.09,745,438805,609.05,412.25
HARIOMPIPE,HARIOMPIPEEQN,352.2,352.5,352.5,0.3,0.09,425,149812,572.2,268.05
KANCOTEA,KANCOTEAEQN,55.95,56.0,56.0,0.05,0.09,10,560,58.0,46.2
JKPAPER,JKPAPEREQN,391.55,391.9,391.9,0.35,0.09,763,299019,444.8,304.85
JSFB,JSFBEQN,541.0,541.5,541.5,0.5,0.09,230,124545,606.95,330.0
NECLIFE,NECLIFEEQN,12.47,12.48,12.48,0.01,0.08,1246,15550,22.4,9.3
MASTERTR,MASTERTREQN,82.68,82.75,82.75,0.07,0.08,10,827,164.5,55.6
PYRAMID,PYRAMIDEQN,159.89,160.02,160.02,0.13,0.08,152,24323,198.69,131.8
BOROLTD,BOROLTDEQN,239.81,240.01,240.01,0.2,0.08,382,91683,397.95,213.73
HIKAL,HIKALEQN,204.23,204.39,204.39,0.16,0.08,1145,234026,282.7,146.25
RAJOOENG,RAJOOENGBEN,49.27,49.31,49.31,0.04,0.08,356,17554,103.89,46.0
SKYGOLD,SKYGOLDEQN,811.4,811.95,811.95,0.55,0.07,2466,2002268,868.8,259.0
MGEL,MGELBEN,14.45,14.46,14.46,0.01,0.07,101,1460,18.4,9.53
M&MFIN,M&MFINEQN,376.6,376.85,376.85,0.25,0.07,1986,748424,415.0,253.05
SPMLINFRA,SPMLINFRAEQN,179.88,180.0,180.0,0.12,0.07,559,100620,302.0,151.01
NAVNETEDUL,NAVNETEDULEQN,134.51,134.61,134.61,0.1,0.07,319,42940,168.5,121.5
HTMEDIA,HTMEDIAEQN,26.78,26.8,26.8,0.02,0.07,19,509,31.3,17.52
GNRL,GNRLEQN,96.82,96.89,96.89,0.07,0.07,472,45732,120.9,83.2
TRANSRAILL,TRANSRAILLEQN,452.75,453.0,453.0,0.25,0.06,4691,2125023,823.0,450.05
PAISALO,PAISALOEQN,67.56,67.6,67.6,0.04,0.06,7823,528834,77.39,30.0
OMPOWER,OMPOWEREQN,175.31,175.41,175.41,0.1,0.06,1034,181373,206.0,158.01
URAVIDEF,URAVIDEFBEN,107.92,107.99,107.99,0.07,0.06,4,431,488.0,101.0
CUBEINVIT,CUBEINVITIVN,156.6,156.7,156.7,0.1,0.06,351,55001,165.0,129.0
TENNIND,TENNINDEQN,537.5,537.8,537.8,0.3,0.06,490,263522,657.0,438.05
BRNL,BRNLEQN,17.29,17.3,17.3,0.01,0.06,7,121,26.5,16.66
GANESHBE,GANESHBEBEN,119.93,120.0,120.0,0.07,0.06,125,15000,129.99,68.4
KAUSHALYA,KAUSHALYABEN,867.5,868.0,868.0,0.5,0.06,1,868,1841.9,750.0
CAPLIPOINT,CAPLIPOINTEQN,2517.2,2518.5,2518.5,1.3,0.05,436,1098066,2699.0,1500.3
VSTTILLERS,VSTTILLERSEQN,4381.6,4383.8,4383.8,2.2,0.05,3,13151,6374.0,4275.0
AARTIIND,AARTIINDEQN,540.35,540.6,540.6,0.25,0.05,2216,1197969,551.75,338.05
DCAL,DCALEQN,174.77,174.86,174.86,0.09,0.05,334,58403,321.95,128.5
DIAMONDYD,DIAMONDYDEQN,1162.8,1163.4,1163.4,0.6,0.05,10,11634,1245.0,858.9
TEXRAIL,TEXRAILEQN,109.44,109.49,109.49,0.05,0.05,11889,1301726,153.0,78.05
APOLLOPIPE,APOLLOPIPEEQN,631.0,631.3,631.3,0.3,0.05,1011,638244,668.8,252.1
OLAELEC,OLAELECEQN,38.98,39.0,39.0,0.02,0.05,356732,13912548,71.25,22.25
BLUEJET,BLUEJETEQN,577.65,577.95,577.95,0.3,0.05,738,426527,759.5,325.0
DOMS,DOMSEQN,2198.9,2200.0,2200.0,1.1,0.05,32,70400,2770.0,2023.9
BLUEDART,BLUEDARTEQN,4989.5,4992.0,4992.0,2.5,0.05,28,139776,7036.0,4628.5
SUNDROP,SUNDROPEQN,652.7,653.0,653.0,0.3,0.05,244,159332,897.6,556.0
OFSS,OFSSEQN,12190.0,12196.0,12196.0,6.0,0.05,1100,13415600,12275.0,6234.5
TTKPRESTIG,TTKPRESTIGEQN,593.7,594.0,594.0,0.3,0.05,124,73656,771.2,423.0
ATLANTAA,ATLANTAAEQN,37.03,37.05,37.05,0.02,0.05,20,741,73.39,29.41
KSL,KSLEQN,888.35,888.8,888.8,0.45,0.05,47,41773,982.55,574.0
SEDEMAC,SEDEMACEQN,3011.6,3013.0,3013.0,1.4,0.05,488,1470344,3368.9,1413.1
NOVARTIND,NOVARTINDEQN,1486.3,1487.0,1487.0,0.7,0.05,11,16357,1780.0,950.0
MCLOUD,MCLOUDEQN,27.47,27.48,27.48,0.01,0.04,8493,233387,87.0,19.4
FSL,FSLEQN,269.3,269.4,269.4,0.1,0.04,2519,678618,379.7,202.0
BFUTILITIE,BFUTILITIEEQN,510.25,510.45,510.45,0.2,0.04,50,25522,898.7,368.7
HUHTAMAKI,HUHTAMAKIEQN,262.9,263.0,263.0,0.1,0.04,420,110460,330.0,148.6
TATAINVEST,TATAINVESTEQN,638.75,639.0,639.0,0.25,0.04,503,321417,1184.7,538.85
HCLTECH,HCLTECHEQN,1316.1,1316.6,1316.6,0.5,0.04,5159,6792339,1780.1,1030.0
SHAREINDIA,SHAREINDIAEQN,167.93,168.0,168.0,0.07,0.04,396,66528,211.0,115.36
MARICO,MARICOEQN,829.65,830.0,830.0,0.35,0.04,1657,1375310,889.1,690.3
VMART,VMARTEQN,819.65,820.0,820.0,0.35,0.04,172,141040,888.0,457.9
LGEINDIA,LGEINDIAEQN,1691.4,1692.0,1692.0,0.6,0.04,1032,1746144,1755.0,1304.1
MENNPIS,MENNPISEQN,73.97,74.0,74.0,0.03,0.04,24,1776,82.0,52.35
FEDFINA,FEDFINAEQN,158.94,159.0,159.0,0.06,0.04,2069,328971,178.48,119.07
CMLL,CMLLEQN,509.8,510.0,510.0,0.2,0.04,552,281520,624.4,463.35
IRIS,IRISEQN,250.72,250.8,250.8,0.08,0.03,13,3260,388.1,203.0
SHK,SHKEQN,152.43,152.48,152.48,0.05,0.03,647,98654,275.5,111.98
LTTS,LTTSEQN,3568.7,3569.9,3569.9,1.2,0.03,141,503355,4726.0,3010.0
GESHIP,GESHIPEQN,1339.6,1340.0,1340.0,0.4,0.03,4651,6232340,1798.0,922.5
CAMLINFINE,CAMLINFINEEQN,103.52,103.55,103.55,0.03,0.03,701,72588,235.0,96.21
RBA,RBAEQN,100.97,101.0,101.0,0.03,0.03,8811,889911,111.15,57.15
MANAKALUCO,MANAKALUCOEQN,39.39,39.4,39.4,0.01,0.03,30,1182,68.12,21.73
TNPL,TNPLEQN,141.22,141.26,141.26,0.04,0.03,1716,242402,175.75,121.51
CINELINE,CINELINEEQN,87.98,88.01,88.01,0.03,0.03,100,8801,97.4,73.35
TRACXN,TRACXNEQN,29.76,29.77,29.77,0.01,0.03,4250,126522,55.9,25.39
PFIZER,PFIZEREQN,4703.8,4705.0,4705.0,1.2,0.03,31,145855,5578.5,4360.1
SMLMAH,SMLMAHEQN,5186.5,5188.0,5188.0,1.5,0.03,275,1426700,5987.9,2719.0
SPORTKING,SPORTKINGEQN,222.94,223.0,223.0,0.06,0.03,310,69130,241.51,78.17
DYNPRO,DYNPROEQN,228.55,228.6,228.6,0.05,0.02,50,11430,403.0,190.8
DODLA,DODLAEQN,1093.4,1093.6,1093.6,0.2,0.02,85,92956,1500.0,964.1
NTPC,NTPCEQN,330.05,330.1,330.1,0.05,0.02,20392,6731399,414.4,315.55
BALAMINES,BALAMINESEQN,2390.5,2391.0,2391.0,0.5,0.02,376,899016,2461.0,968.1
NDRAUTO,NDRAUTOEQN,714.85,715.0,715.0,0.15,0.02,9,6435,1186.6,605.05
TORNTPOWER,TORNTPOWEREQN,1217.7,1218.0,1218.0,0.3,0.02,680,828240,1824.1,1188.0
REDTAPE,REDTAPEEQN,126.01,126.03,126.03,0.02,0.02,2001,252186,163.5,107.53
THEMISMED,THEMISMEDEQN,125.48,125.5,125.5,0.02,0.02,1287,161518,148.0,64.95
RAYMOND,RAYMONDEQN,626.85,626.95,626.95,0.1,0.02,1222,766132,658.95,320.0
TATACOMM,TATACOMMEQN,1694.7,1695.0,1695.0,0.3,0.02,136,230520,2110.0,1322.5
SPLPETRO,SPLPETROEQN,700.85,701.0,701.0,0.15,0.02,10,7010,979.0,462.3
JWL,JWLEQN,245.1,245.15,245.15,0.05,0.02,2454,601598,358.25,235.65
RECLTD,RECLTDEQN,316.8,316.85,316.85,0.05,0.02,10322,3270525,390.5,304.05
COFORGE,COFORGEEQN,2014.6,2015.0,2015.0,0.4,0.02,14409,29034135,2016.5,1008.1
SUMICHEM,SUMICHEMEQN,517.85,517.95,517.95,0.1,0.02,804,416431,617.45,362.6
PASHUPATI,PASHUPATIEQN,84.18,84.2,84.2,0.02,0.02,1311,110386,118.35,66.4
TANAA,TANAAEQN,293.05,293.1,293.1,0.05,0.02,103,30189,322.0,290.0
ARDEE,ARDEEEQN,61.16,61.17,61.17,0.01,0.02,25493,1559406,73.19,55.66
ATULAUTO,ATULAUTOEQN,483.35,483.4,483.4,0.05,0.01,219,105864,596.55,380.05
SRHHYPOLTD,SRHHYPOLTDEQN,473.95,474.0,474.0,0.05,0.01,161,76314,640.0,382.4
HSCL,HSCLEQN,672.95,673.0,673.0,0.05,0.01,10879,7321567,819.5,418.5
KFINTECH,KFINTECHEQN,949.95,950.05,950.05,0.1,0.01,749,711587,1215.0,784.95
ORIENTHOT,ORIENTHOTEQN,137.48,137.5,137.5,0.02,0.01,690,94875,149.5,80.0
GODFRYPHLP,GODFRYPHLPEQN,2123.7,2124.0,2124.0,0.3,0.01,695,1476180,3947.0,1832.1
KPRMILL,KPRMILLEQN,1130.2,1130.3,1130.3,0.1,0.01,517,584365,1334.0,796.1
BEML,BEMLEQN,1984.9,1985.0,1985.0,0.1,0.01,1775,3523375,2275.75,1355.0
SWARAJENG,SWARAJENGEQN,3544.8,3545.0,3545.0,0.2,0.01,13,46085,4545.0,3301.3
HEIDELBERG,HEIDELBERGEQN,160.99,161.0,161.0,0.01,0.01,486,78246,220.9,136.1
GOODYEAR,GOODYEAREQN,749.9,749.95,749.95,0.05,0.01,13,9749,876.0,711.25
SAMBHV,SAMBHVEQN,127.41,127.42,127.42,0.01,0.01,2834,361108,141.32,81.42
MANBA,MANBAEQN,130.81,130.81,130.81,0.0,0.0,12,1569,154.0,98.0
TPHQ,TPHQBEN,0.53,0.53,0.53,0.0,0.0,18306,9702,0.86,0.4
GALAPREC,GALAPRECEQN,1034.2,1034.2,1034.2,0.0,0.0,28,28957,1260.0,671.2
PRAKASHSTL,PRAKASHSTLEQN,3.92,3.92,3.92,0.0,0.0,710,2783,6.57,3.7
URJA,URJAEQN,9.19,9.19,9.19,0.0,0.0,10703,98360,14.45,8.0
PELATRO,PELATROSMN,359.0,359.0,359.0,0.0,0.0,300,107700,440.0,246.0
GALLANTT,GALLANTTEQN,577.85,577.85,577.85,0.0,0.0,262,151396,948.0,496.25
SITINET,SITINETBZN,0.28,0.28,0.28,0.0,0.0,326964,91549,0.51,0.27
PREMEXPLN,PREMEXPLNEQN,662.75,662.75,662.75,0.0,0.0,417,276366,829.8,378.4
NATHBIOGEN,NATHBIOGENEQN,157.3,157.3,157.3,0.0,0.0,250,39325,204.0,126.15
SAGARDEEP,SAGARDEEPEQN,23.62,23.62,23.62,0.0,0.0,684,16156,31.48,20.81
SURANAT&P,SURANAT&PEQN,16.47,16.47,16.47,0.0,0.0,1404,23123,29.27,15.5
SURAJEST,SURAJESTEQN,198.68,198.68,198.68,0.0,0.0,10,1986,320.4,171.3
GOKUL,GOKULEQN,42.46,42.46,42.46,0.0,0.0,2,84,46.8,31.0
ASTEC,ASTECEQN,581.45,581.45,581.45,0.0,0.0,124,72099,941.75,513.4
BAJAJHFL,BAJAJHFLEQN,85.0,85.0,85.0,0.0,0.0,15062,1280270,117.0,72.65
ITC,ITCEQN,266.0,266.0,266.0,0.0,0.0,49346,13126036,427.0,264.8
EPACK,EPACKEQN,191.95,191.95,191.95,0.0,0.0,974,186959,409.5,190.98
EUREKAFORB,EUREKAFORBEQN,427.75,427.75,427.75,0.0,0.0,290,124047,668.3,403.2
ORIENTTECH,ORIENTTECHEQN,244.8,244.8,244.8,0.0,0.0,55,13464,466.73,220.8
AIRAN,AIRANEQN,15.09,15.09,15.09,0.0,0.0,166,2504,27.49,12.63
RPPINFRA,RPPINFRAEQN,53.83,53.83,53.83,0.0,0.0,1081,58190,169.9,53.6
RPOWER,RPOWEREQN,22.45,22.45,22.45,0.0,0.0,105366,2365466,50.73,20.17
CARRARO,CARRAROEQN,557.8,557.8,557.8,0.0,0.0,288,160646,667.55,407.4
JHS,JHSEQN,8.29,8.29,8.29,0.0,0.0,362,3000,13.9,6.26
HAVISHA,HAVISHAEQN,1.37,1.37,1.37,0.0,0.0,1770,2424,2.42,1.03
ARCHIES,ARCHIESEQN,13.4,13.4,13.4,0.0,0.0,100,1340,24.38,10.86
RAYMONDLSL,RAYMONDLSLEQN,691.35,691.35,691.35,0.0,0.0,263,181825,1350.0,677.0
MBLINFRA,MBLINFRAEQN,23.27,23.27,23.27,0.0,0.0,5,116,52.48,18.37
IRMENERGY,IRMENERGYEQN,283.35,283.35,283.35,0.0,0.0,834,236313,393.0,165.4
GEEKAYWIRE,GEEKAYWIREEQN,24.69,24.69,24.69,0.0,0.0,604,14912,40.63,18.51
SHANTIGOLD,SHANTIGOLDEQN,242.29,242.3,242.3,0.01,0.0,5992,1451861,280.75,155.0
IL&FSENGG,IL&FSENGGBZN,35.41,35.41,35.41,0.0,0.0,11,389,39.39,21.0
BCG,BCGEQN,9.05,9.05,9.05,0.0,0.0,14567,131831,16.72,7.7
PNGJL,PNGJLEQN,598.0,598.0,598.0,0.0,0.0,844,504712,736.4,503.0
ANUHPHR,ANUHPHREQN,83.57,83.57,83.57,0.0,0.0,309,25823,93.0,67.0
SAILIFE,SAILIFEEQN,1485.0,1485.0,1485.0,0.0,0.0,1209,1795365,1506.3,783.85
NARMADA,NARMADAEQN,13.96,13.96,13.96,0.0,0.0,868,12117,22.59,9.95
SIL,SILEQN,19.22,19.22,19.22,0.0,0.0,488,9379,22.3,11.7
ICICIBANK,ICICIBANKEQN,1422.8,1422.8,1422.8,0.0,0.0,69109,98328285,1480.0,1187.6
NIITLTD,NIITLTDEQN,105.52,105.52,105.52,0.0,0.0,1331,140447,116.4,49.0
LALPATHLAB,LALPATHLABEQN,1931.1,1931.1,1931.1,0.0,0.0,212,409393,1988.9,1272.6
POWERINDIA,POWERINDIAEQN,33330.0,33330.0,33330.0,0.0,0.0,122,4066260,38785.0,16111.0
MITTAL,MITTALEQN,0.83,0.83,0.83,0.0,0.0,3126,2594,1.82,0.7
SUNTECK,SUNTECKEQN,306.0,306.0,306.0,0.0,0.0,907,277542,473.0,270.75
GILLETTE,GILLETTEEQN,7316.0,7316.0,7316.0,0.0,0.0,51,373116,10740.0,7206.0
ITCHOTELS,ITCHOTELSEQN,162.73,162.73,162.73,0.0,0.0,7474,1216244,253.67,137.3
NAVKARCORP,NAVKARCORPEQN,96.88,96.88,96.88,0.0,0.0,705,68300,132.5,74.05
EXPLEOSOL,EXPLEOSOLEQN,875.75,875.75,875.75,0.0,0.0,97,84947,1175.1,640.0
FCSSOFT,FCSSOFTEQN,1.5,1.5,1.5,0.0,0.0,32020,48030,2.53,1.05
DPWIRES,DPWIRESBEN,153.01,153.01,153.01,0.0,0.0,1,153,306.95,125.02
SEKURITIND,SEKURITINDEQN,115.43,115.43,115.43,0.0,0.0,27,3116,124.65,115.0
EMUDHRA,EMUDHRAEQN,559.65,559.65,559.65,0.0,0.0,407,227777,739.95,364.55
TVVISION,TVVISIONBEN,3.58,3.58,3.58,0.0,0.0,42,150,12.4,3.23
ARENTERP,ARENTERPEQN,37.29,37.29,37.29,0.0,0.0,21,783,60.79,30.01
DCBBANK,DCBBANKEQN,212.97,212.97,212.97,0.0,0.0,2345,499414,220.5,119.51
NRAIL,NRAILEQN,497.5,497.5,497.5,0.0,0.0,3,1492,574.0,357.3
BAGFILMS,BAGFILMSEQN,4.42,4.42,4.42,0.0,0.0,83,366,8.0,3.61
RELAXO,RELAXOEQN,356.75,356.75,356.75,0.0,0.0,1595,569016,526.0,236.5
RUSHIL,RUSHILEQN,16.79,16.79,16.79,0.0,0.0,141,2367,33.99,12.49
TREL,TRELEQN,27.18,27.18,27.18,0.0,0.0,213,5789,34.37,21.47
DELAPLEX,DELAPLEXSMN,111.0,111.0,111.0,0.0,0.0,600,66600,194.85,80.0
SCHAND,SCHANDEQN,137.97,137.97,137.97,0.0,0.0,96,13245,200.0,130.05
TEJASNET,TEJASNETEQN,550.15,550.15,550.15,0.0,0.0,27336,15038900,644.75,294.0
SANDHAR,SANDHAREQN,649.25,649.25,649.25,0.0,0.0,271,175946,763.2,420.45
BBL,BBLEQN,2358.8,2358.8,2358.8,0.0,0.0,52,122657,3411.0,2051.7
GVKPIL,GVKPILBEN,2.12,2.12,2.12,0.0,0.0,11243,23835,4.06,2.05
NH,NHEQN,1932.1,1932.1,1932.1,0.0,0.0,687,1327352,2093.3,1589.0
KAYNES,KAYNESEQN,3943.1,3943.0,3943.0,-0.1,0.0,2830,11158690,7705.0,2995.0
MBAPL,MBAPLEQN,162.94,162.94,162.94,0.0,0.0,1290,210192,174.94,74.63
KRISHANA,KRISHANAEQN,192.91,192.91,192.91,0.0,0.0,5412,1044028,206.39,86.2
GPTHEALTH,GPTHEALTHEQN,151.72,151.72,151.72,0.0,0.0,373,56591,175.0,115.0
MVGJL,MVGJLEQN,154.84,154.84,154.84,0.0,0.0,62,9600,214.79,129.1
JGCHEM,JGCHEMEQN,651.3,651.3,651.3,0.0,0.0,2784,1813219,675.0,298.4
TCS,TCSEQN,2342.0,2342.0,2342.0,0.0,0.0,11044,25865048,3350.0,1976.8
SHEKHAWATI,SHEKHAWATIBEN,15.93,15.93,15.93,0.0,0.0,201,3201,25.75,9.12
BLUECOAST,BLUECOASTBEN,23.5,23.5,23.5,0.0,0.0,25,587,71.47,18.57
TREEHOUSE,TREEHOUSEEQN,6.27,6.27,6.27,0.0,0.0,135,846,11.0,5.52
EMAMILTD,EMAMILTDEQN,379.4,379.4,379.4,0.0,0.0,1347,511051,618.0,376.4
GRINDWELL,GRINDWELLEQN,2057.7,2057.7,2057.7,0.0,0.0,80,164616,2455.0,1329.0
ELECON,ELECONEQN,425.25,425.25,425.25,0.0,0.0,360,153090,634.9,352.0
FIEMIND,FIEMINDEQN,2087.7,2087.7,2087.7,0.0,0.0,262,546977,2674.8,1868.5
SANDUMA,SANDUMAEQN,205.45,205.44,205.44,-0.01,0.0,2488,511134,273.0,141.37
PRICOLLTD,PRICOLLTDEQN,770.65,770.65,770.65,0.0,0.0,1263,973330,823.0,446.25
LTF,LTFEQN,314.3,314.3,314.3,0.0,0.0,12844,4036869,338.6,215.26
PREMIERENE,PREMIERENEEQN,1013.9,1013.9,1013.9,0.0,0.0,1383,1402223,1134.0,660.0
WEALTH,WEALTHEQN,848.3,848.3,848.3,0.0,0.0,5,4241,1294.8,774.95
MINDACORP,MINDACORPEQN,702.8,702.8,702.8,0.0,0.0,590,414652,769.0,468.5
GTLINFRA,GTLINFRAEQN,1.2,1.2,1.2,0.0,0.0,997625,1197150,1.67,0.96
KEC,KECEQN,425.8,425.8,425.8,0.0,0.0,3151,1341695,937.8,418.0
PSPPROJECT,PSPPROJECTEQN,889.0,889.0,889.0,0.0,0.0,151,134239,1143.0,569.2
TCIEXP,TCIEXPEQN,555.8,555.8,555.8,0.0,0.0,82,45575,780.0,447.55
ROSSARI,ROSSARIEQN,498.1,498.1,498.1,0.0,0.0,167,83182,690.3,375.0
INDUSTOWER,INDUSTOWEREQN,380.0,380.0,380.0,0.0,0.0,3096,1176480,481.5,312.55
DRREDDY,DRREDDYEQN,1178.0,1178.0,1178.0,0.0,0.0,1768,2082704,1414.9,1101.0
RPEL,RPELEQN,1748.4,1748.4,1748.4,0.0,0.0,895,1564818,1798.0,561.3
KAMATHOTEL,KAMATHOTELEQN,228.3,228.3,228.3,0.0,0.0,451,102963,329.8,140.2
RTNINDIA,RTNINDIAEQN,30.24,30.24,30.24,0.0,0.0,12964,392031,64.0,24.4
SUBEXLTD,SUBEXLTDEQN,18.13,18.13,18.13,0.0,0.0,11039,200137,19.39,6.61
ZENSARTECH,ZENSARTECHEQN,470.6,470.6,470.6,0.0,0.0,3466,1631099,868.95,423.0
AADHARHFC,AADHARHFCEQN,471.1,471.1,471.1,0.0,0.0,165,77731,563.0,430.15
AEGISLOG,AEGISLOGEQN,1289.4,1289.4,1289.4,0.0,0.0,1144,1475073,1497.8,576.1
DCMSHRIRAM,DCMSHRIRAMEQN,1022.3,1022.3,1022.3,0.0,0.0,56,57248,1414.4,945.1
EQUITASBNK,EQUITASBNKEQN,73.9,73.9,73.9,0.0,0.0,3305,244239,83.9,50.0
EIHOTEL,EIHOTELEQN,297.8,297.8,297.8,0.0,0.0,1053,313583,434.8,271.15
GARFIBRES,GARFIBRESEQN,799.0,799.0,799.0,0.0,0.0,95,75905,863.4,579.75
SURYAROSNI,SURYAROSNIEQN,220.46,220.46,220.46,0.0,0.0,631,139110,314.5,187.35
BAJAJHLDNG,BAJAJHLDNGEQN,11340.0,11340.0,11340.0,0.0,0.0,60,680400,13880.0,8588.0
SOLARINDS,SOLARINDSEQN,20400.0,20400.0,20400.0,0.0,0.0,142,2896800,20672.0,11646.0
CROMPTON,CROMPTONEQN,233.0,233.0,233.0,0.0,0.0,5844,1361652,337.5,217.4
KARURVYSYA,KARURVYSYAEQN,346.0,346.0,346.0,0.0,0.0,1027,355342,358.65,201.82
GMRP&UI,GMRP&UIEQN,93.35,93.35,93.35,0.0,0.0,6201,578863,136.95,89.0
ROLEXRINGS,ROLEXRINGSEQN,180.55,180.55,180.55,0.0,0.0,5215,941568,189.4,99.79
UGROCAP,UGROCAPEQN,86.96,86.96,86.96,0.0,0.0,845,73481,192.5,80.12
WINDLAS,WINDLASEQN,998.55,998.55,998.55,0.0,0.0,269,268609,1035.9,697.4
SANSERA,SANSERAEQN,3859.0,3858.9,3858.9,-0.1,0.0,227,875970,4040.4,1245.0
SONATSOFTW,SONATSOFTWEQN,304.6,304.6,304.6,0.0,0.0,5735,1746881,421.5,207.15
CARTRADE,CARTRADEEQN,3014.6,3014.6,3014.6,0.0,0.0,1096,3304001,3290.5,1600.0
CHEMPLASTS,CHEMPLASTSEQN,182.68,182.68,182.68,0.0,0.0,349,63755,451.3,170.02
ASTRAZEN,ASTRAZENEQN,7106.5,7106.5,7106.5,0.0,0.0,23,163449,9849.5,7070.0
DTIL,DTILEQN,167.09,167.09,167.09,0.0,0.0,263,43944,198.9,102.0
CLEAN,CLEANEQN,836.45,836.45,836.45,0.0,0.0,852,712655,1217.9,652.0
GRINFRA,GRINFRAEQN,890.75,890.75,890.75,0.0,0.0,16,14252,1345.0,785.0
GMDCLTD,GMDCLTDEQN,567.65,567.65,567.65,0.0,0.0,3059,1736441,771.9,400.0
EXXARO,EXXAROEQN,7.41,7.41,7.41,0.0,0.0,174550,1293415,10.33,5.99
INTLCONV,INTLCONVEQN,80.31,80.31,80.31,0.0,0.0,1670,134117,114.54,60.0
NAUKRI,NAUKRIEQN,1354.0,1354.0,1354.0,0.0,0.0,717,970818,1433.6,908.3
SUZLON,SUZLONEQN,46.79,46.79,46.79,0.0,0.0,249715,11684164,61.5,38.19
BAJAJ-AUTO,BAJAJ-AUTOEQN,11910.0,11910.0,11910.0,0.0,0.0,714,8503740,11974.0,8491.5
ICRA,ICRAEQN,4912.8,4912.8,4912.8,0.0,0.0,219,1075903,6982.0,4692.0
GSLSU,GSLSUEQN,27.08,27.08,27.08,0.0,0.0,11,297,139.67,23.06
GOACARBON,GOACARBONEQN,361.85,361.85,361.85,0.0,0.0,6,2171,494.9,272.85
SAIFL,SAIFLSMN,5.0,5.0,5.0,0.0,0.0,4000,20000,26.8,4.85
NIACL,NIACLEQN,186.34,186.34,186.34,0.0,0.0,6753,1258354,218.0,116.97
SANWARIA,SANWARIABZN,0.2,0.2,0.2,0.0,0.0,21506,4301,0.39,0.18
NCC,NCCEQN,148.4,148.4,148.4,0.0,0.0,17068,2532891,222.31,130.0
ALEMBICLTD,ALEMBICLTDEQN,100.04,100.04,100.04,0.0,0.0,1125,112545,108.5,70.46
IRFC,IRFCEQN,83.9,83.9,83.9,0.0,0.0,67496,5662914,137.17,83.65
AVANTIFEED,AVANTIFEEDEQN,826.75,826.75,826.75,0.0,0.0,708,585339,1593.8,614.25
STEL,STELEQN,636.9,636.9,636.9,0.0,0.0,1,636,657.3,380.0
BLUESTARCO,BLUESTARCOEQN,1480.0,1480.0,1480.0,0.0,0.0,616,911680,2040.0,1450.0
SIYSIL,SIYSILEQN,567.55,567.55,567.55,0.0,0.0,154,87402,848.8,433.35
SKFINDUS,SKFINDUSEQN,2952.2,2952.2,2952.2,0.0,0.0,107,315885,3041.0,1994.1
MAZDOCK,MAZDOCKEQN,2555.0,2555.0,2555.0,0.0,0.0,1604,4098220,3061.4,2057.4
SANOFI,SANOFIEQN,3181.6,3181.7,3181.7,0.1,0.0,27,85905,5189.0,3054.0
BOROSCI,BOROSCIEQN,124.44,124.44,124.44,0.0,0.0,48,5973,180.8,96.64
TFCILTD,TFCILTDEQN,140.54,140.54,140.54,0.0,0.0,14642,2057786,146.0,51.0
CUBEXTUB,CUBEXTUBEQN,77.41,77.41,77.41,0.0,0.0,189,14630,143.69,73.1
SEYAIND,SEYAINDBEN,12.44,12.44,12.44,0.0,0.0,6,74,23.99,8.54
VARDMNPOLY,VARDMNPOLYEQN,5.98,5.98,5.98,0.0,0.0,1915,11451,9.49,5.1
KOTHARIPRO,KOTHARIPROEQN,68.24,68.24,68.24,0.0,0.0,1,68,109.0,58.0
VARDHACRLC,VARDHACRLCBEN,44.5,44.5,44.5,0.0,0.0,244,10858,48.77,27.01
BTML,BTMLEQN,8.61,8.61,8.61,0.0,0.0,197,1696,10.5,5.06
MEDPLUS,MEDPLUSEQN,676.35,676.35,676.35,0.0,0.0,121,81838,1022.2,648.0
SMLT,SMLTEQN,67.1,67.1,67.1,0.0,0.0,121,8119,122.85,56.61
TEGA,TEGAEQN,1658.7,1658.7,1658.7,0.0,0.0,39,64689,2125.0,1473.0
ECLERX,ECLERXEQN,1955.5,1955.5,1955.5,0.0,0.0,231,451720,2497.5,1320.0
UNOMINDA,UNOMINDAEQN,1276.0,1276.0,1276.0,0.0,0.0,652,831952,1382.0,994.0
PFC,PFCEQN,352.0,352.0,352.0,0.0,0.0,28448,10013696,486.5,329.9
GRAPHITE,GRAPHITEEQN,696.0,696.0,696.0,0.0,0.0,3315,2307240,802.4,505.8
MANGLMCEM,MANGLMCEMEQN,1062.9,1062.95,1062.95,0.05,0.0,53,56336,1089.4,679.35
STOVEKRAFT,STOVEKRAFTEQN,797.5,797.5,797.5,0.0,0.0,631,503222,849.8,447.05
CEIGALL,CEIGALLEQN,341.0,341.0,341.0,0.0,0.0,1535,523435,405.7,222.61
NLCINDIA,NLCINDIAEQN,270.6,270.6,270.6,0.0,0.0,5981,1618458,387.8,222.0
PHOENIXLTD,PHOENIXLTDEQN,1917.0,1917.0,1917.0,0.0,0.0,240,460080,2169.8,1465.6
EIHAHOTELS,EIHAHOTELSEQN,301.8,301.8,301.8,0.0,0.0,100,30180,434.9,266.65
IKIO,IKIOEQN,213.72,213.72,213.72,0.0,0.0,4355,930750,248.88,103.53
GLAXO,GLAXOEQN,3106.4,3106.5,3106.5,0.1,0.0,396,1230174,3120.7,2088.1
IEX,IEXEQN,121.8,121.8,121.8,0.0,0.0,13823,1683641,160.27,114.6
BALPHARMA,BALPHARMAEQN,84.8,84.8,84.8,0.0,0.0,1,84,98.85,60.0
AUTOAXLES,AUTOAXLESEQN,1740.2,1740.2,1740.2,0.0,0.0,26,45245,2115.0,1540.2
ARSHIYA,ARSHIYABZN,0.81,0.81,0.81,0.0,0.0,676,547,2.59,0.8
GRASIM,GRASIMEQN,3290.0,3290.0,3290.0,0.0,0.0,492,1618680,3411.1,2502.5
GLOBE,GLOBEEQN,2.0,2.0,2.0,0.0,0.0,13559,27118,3.29,1.86
PTC,PTCEQN,157.69,157.69,157.69,0.0,0.0,3772,594806,229.51,149.59
GENESYS,GENESYSEQN,227.8,227.8,227.8,0.0,0.0,1367,311402,440.75,134.73
INDOCO,INDOCOEQN,248.8,248.8,248.8,0.0,0.0,253,62946,332.2,162.19
ZIMLAB,ZIMLABEQN,125.46,125.46,125.46,0.0,0.0,200,25092,133.9,59.31
MANINFRA,MANINFRAEQN,122.81,122.81,122.81,0.0,0.0,9385,1152571,164.2,77.12
ARVINDFASN,ARVINDFASNEQN,450.65,450.65,450.65,0.0,0.0,145,65344,579.0,366.2
VISHWARAJ,VISHWARAJEQN,6.04,6.04,6.04,0.0,0.0,4587,27705,10.2,4.14
JISLDVREQS,JISLDVREQSEQN,21.22,21.22,21.22,0.0,0.0,7,148,35.48,18.5
ORIENTCEM,ORIENTCEMEQN,131.37,131.37,131.37,0.0,0.0,1055,138595,237.29,122.32
SIS,SISEQN,431.0,431.0,431.0,0.0,0.0,275,118525,480.95,257.05
RAJRILTD,RAJRILTDBEN,23.03,23.03,23.03,0.0,0.0,22,506,28.9,19.41
RGL,RGLEQN,139.39,139.39,139.39,0.0,0.0,1184,165037,159.0,85.0
PRSMJOHNSN,PRSMJOHNSNEQN,111.18,111.18,111.18,0.0,0.0,1487,165324,176.0,97.1
SUBROS,SUBROSEQN,726.2,726.2,726.2,0.0,0.0,118,85691,1213.7,622.1
HATHWAY,HATHWAYEQN,10.57,10.57,10.57,0.0,0.0,13228,139819,15.25,8.76
KPITTECH,KPITTECHEQN,609.4,609.4,609.4,0.0,0.0,10614,6468171,1328.0,543.0
POWERGRID,POWERGRIDEQN,266.05,266.05,266.05,0.0,0.0,16936,4505822,324.95,250.0
TVSSRICHAK,TVSSRICHAKEQN,5292.3,5292.3,5292.3,0.0,0.0,95,502768,5359.3,2812.0
BSE,BSEEQN,3405.0,3405.0,3405.0,0.0,0.0,15293,52072665,4446.8,2021.5
AMNPLST,AMNPLSTEQN,184.16,184.16,184.16,0.0,0.0,5,920,250.0,127.0
ARIHANTSUP,ARIHANTSUPEQN,255.35,255.35,255.35,0.0,0.0,201,51325,465.0,188.8
DEN,DENEQN,28.31,28.31,28.31,0.0,0.0,5154,145909,37.35,22.52
LEMONTREE,LEMONTREEEQN,108.53,108.53,108.53,0.0,0.0,11023,1196326,180.68,99.61
GANDHAR,GANDHAREQN,256.47,256.46,256.46,-0.01,0.0,1168,299545,303.17,115.0
FLAIR,FLAIREQN,249.3,249.3,249.3,0.0,0.0,15,3739,348.8,242.9
UBL,UBLEQN,1334.1,1334.1,1334.1,0.0,0.0,175,233467,1882.0,1276.0
MADRASFERT,MADRASFERTEQN,67.43,67.43,67.43,0.0,0.0,1006,67834,96.39,52.56
JAICORPLTD,JAICORPLTDEQN,100.32,100.32,100.32,0.0,0.0,639,64104,178.24,88.0
VSTIND,VSTINDEQN,210.45,210.45,210.45,0.0,0.0,558,117431,286.78,200.0
RITES,RITESEQN,217.0,217.0,217.0,0.0,0.0,3801,824817,280.9,175.0
APOLLO,APOLLOEQN,387.45,387.45,387.45,0.0,0.0,13385,5186018,466.5,179.5
FINEORG,FINEORGEQN,5282.5,5282.6,5282.6,0.1,0.0,73,385629,5407.0,3856.0
SUNDARMFIN,SUNDARMFINEQN,4574.4,4574.4,4574.4,0.0,0.0,54,247017,5642.0,4000.0
SUNDRMFAST,SUNDRMFASTEQN,1200.0,1200.0,1200.0,0.0,0.0,107,128400,1250.3,730.1
TATAELXSI,TATAELXSIEQN,3685.0,3685.0,3685.0,0.0,0.0,731,2693735,5950.0,3353.9
LUPIN,LUPINEQN,2171.5,2171.5,2171.5,0.0,0.0,725,1574337,2529.5,1875.0
UNITDSPR,UNITDSPREQN,1510.0,1510.0,1510.0,0.0,0.0,596,899960,1563.4,1210.8
SILVERTUC,SILVERTUCEQN,178.22,178.22,178.22,0.0,0.0,66,11762,216.8,66.19
CGCL,CGCLEQN,257.98,257.98,257.98,0.0,0.0,15198,3920780,264.53,151.1
GNA,GNAEQN,542.65,542.65,542.65,0.0,0.0,271,147058,601.65,291.8
ICICIPRULI,ICICIPRULIEQN,506.0,506.0,506.0,0.0,0.0,583,294998,706.8,459.5
SJLOGISTIC,SJLOGISTICSMN,334.35,334.35,334.35,0.0,0.0,500,167175,459.0,225.35
SADBHIN,SADBHINBEN,2.72,2.72,2.72,0.0,0.0,2899,7885,4.79,2.06
JUBLPHARMA,JUBLPHARMAEQN,882.65,882.65,882.65,0.0,0.0,405,357473,1184.8,786.05
BALAXI,BALAXIEQN,22.54,22.54,22.54,0.0,0.0,172,3876,47.87,15.2
AFFLE,AFFLEEQN,1620.2,1620.2,1620.2,0.0,0.0,758,1228111,2185.9,1251.3
BIOCON,BIOCONEQN,411.1,411.1,411.1,0.0,0.0,875,359712,447.15,337.05
DIVISLAB,DIVISLABEQN,9239.0,9239.0,9239.0,0.0,0.0,1908,17628012,9270.0,5636.5
FORCEMOT,FORCEMOTEQN,17370.0,17370.0,17370.0,0.0,0.0,236,4099320,26450.0,14911.0
OLECTRA,OLECTRAEQN,1312.3,1312.3,1312.3,0.0,0.0,1197,1570823,1714.2,866.6
LIBAS,LIBASEQN,10.46,10.46,10.46,0.0,0.0,5201,54402,14.3,9.02
JSL,JSLEQN,705.15,705.15,705.15,0.0,0.0,825,581748,884.0,652.25
PARAGMILK,PARAGMILKEQN,237.65,237.65,237.65,0.0,0.0,7679,1824914,376.95,177.84
ISTLTD,ISTLTDEQN,676.4,676.4,676.4,0.0,0.0,19,12851,749.95,636.6
GPPL,GPPLEQN,168.75,168.75,168.75,0.0,0.0,12336,2081700,200.09,141.55
COROMANDEL,COROMANDELEQN,1913.7,1913.7,1913.7,0.0,0.0,308,589419,2499.0,1706.5
CRISIL,CRISILEQN,4732.7,4732.7,4732.7,0.0,0.0,174,823489,5115.0,3686.0
HLEGLAS,HLEGLASEQN,313.3,313.3,313.3,0.0,0.0,227,71119,661.95,250.0
EASEMYTRIP,EASEMYTRIPEQN,6.12,6.12,6.12,0.0,0.0,41949,256727,10.6,5.77
PRISMX,PRISMXEQN,0.55,0.55,0.55,0.0,0.0,2064,1135,0.58,0.47
SHARDAMOTR,SHARDAMOTREQN,877.2,877.2,877.2,0.0,0.0,138,121053,1189.9,700.0
TCI,TCIEQN,888.1,888.1,888.1,0.0,0.0,199,176731,1242.0,868.05
ACEINTEG,ACEINTEGEQN,17.44,17.44,17.44,0.0,0.0,4,69,29.94,14.2
63MOONS,63MOONSEQN,776.4,776.4,776.4,0.0,0.0,545,423138,1007.7,467.0
GOYALALUM,GOYALALUMEQN,6.27,6.27,6.27,0.0,0.0,516,3235,11.37,5.34
GEOJITFSL,GEOJITFSLEQN,83.7,83.7,83.7,0.0,0.0,5573,466460,85.39,50.86
SILINV,SILINVEQN,490.05,490.05,490.05,0.0,0.0,42,20582,767.0,380.0
SYRMA,SYRMAEQN,1474.3,1474.3,1474.3,0.0,0.0,3311,4881407,1543.0,634.5
TMB,TMBEQN,886.05,886.05,886.05,0.0,0.0,121,107212,917.0,411.8
CENTURYPLY,CENTURYPLYEQN,753.8,753.8,753.8,0.0,0.0,120,90456,859.0,618.5
ERIS,ERISEQN,1314.8,1314.8,1314.8,0.0,0.0,123,161720,1812.7,1200.0
DIXON,DIXONEQN,14650.0,14650.0,14650.0,0.0,0.0,935,13697750,18471.0,9600.0
ADISOFT,ADISOFTSMN,198.0,198.0,198.0,0.0,0.0,1600,316800,280.0,170.0
THYROCARE,THYROCAREEQN,584.35,584.35,584.35,0.0,0.0,384,224390,662.0,342.55
SHRIPISTON,SHRIPISTONEQN,4572.2,4572.2,4572.2,0.0,0.0,84,384064,4785.8,2485.0
DYNAMATECH,DYNAMATECHEQN,11436.0,11436.0,11436.0,0.0,0.0,17,194412,12875.0,6399.0
ACUTAAS,ACUTAASEQN,3281.6,3281.6,3281.6,0.0,0.0,693,2274148,3740.0,1302.0
QUINTEGRA,QUINTEGRABEN,1.27,1.27,1.27,0.0,0.0,1,1,2.05,1.14
SHYAMTEL,SHYAMTELEQN,13.87,13.87,13.87,0.0,0.0,10,138,25.42,7.07
KRIDHANINF,KRIDHANINFBEN,2.04,2.04,2.04,0.0,0.0,4,8,4.78,1.81
BANDHANBNK,BANDHANBNKEQN,168.25,168.25,168.25,0.0,0.0,7775,1308143,220.76,134.25
BUTTERFLY,BUTTERFLYEQN,633.15,633.15,633.15,0.0,0.0,222,140559,823.85,565.8
CRAFTSMAN,CRAFTSMANEQN,11118.0,11118.0,11118.0,0.0,0.0,160,1778880,11199.5,6324.0
NAVINFLUOR,NAVINFLUOREQN,8517.5,8517.5,8517.5,0.0,0.0,200,1703500,8775.5,4498.5
SUYOG,SUYOGEQN,745.3,745.3,745.3,0.0,0.0,1,745,921.15,526.5
GODREJIND,GODREJINDEQN,1167.5,1167.5,1167.5,0.0,0.0,316,368930,1443.0,744.2
ALKEM,ALKEMEQN,5355.0,5355.0,5355.0,0.0,0.0,96,514080,5933.5,5075.0
NUVAMA,NUVAMAEQN,1805.0,1805.0,1805.0,0.0,0.0,189,341145,2066.0,1096.9
BROOKS,BROOKSBEN,69.28,69.28,69.28,0.0,0.0,147,10184,163.9,36.3
BGLOBAL,BGLOBALBZN,3.16,3.16,3.16,0.0,0.0,10,31,4.6,2.62
VIVIDHA,VIVIDHAEQN,0.52,0.52,0.52,0.0,0.0,5624,2924,0.91,0.43
OSIAHYPER,OSIAHYPERBEN,2.5,2.5,2.5,0.0,0.0,15220,38050,33.08,2.4
SLONE,SLONESTN,172.0,172.0,172.0,0.0,0.0,400,68800,371.45,110.0
IL&FSTRANS,IL&FSTRANSBZN,2.2,2.2,2.2,0.0,0.0,79,173,3.34,1.75
SWANDEF,SWANDEFBEN,2455.1,2455.1,2455.1,0.0,0.0,152,373175,2750.0,410.3
HEADSUP,HEADSUPEQN,6.99,6.99,6.99,0.0,0.0,27,188,12.95,5.69
UMESLTD,UMESLTDEQN,5.3,5.3,5.3,0.0,0.0,1103,5845,7.14,3.88
NAVKARURB,NAVKARURBBEN,0.94,0.94,0.94,0.0,0.0,4000,3760,2.93,0.7
UNICHEMLAB,UNICHEMLABEQN,564.25,564.25,564.25,0.0,0.0,1551,875151,687.2,278.2
LAXMIINDIA,LAXMIINDIAEQN,126.29,126.29,126.29,0.0,0.0,894,112903,180.9,71.06
TARAPUR,TARAPUREQN,14.43,14.43,14.43,0.0,0.0,800,11544,39.99,12.21
VEEDOL,VEEDOLEQN,1496.1,1496.1,1496.1,0.0,0.0,15,22441,2035.0,1238.2
BHARATSE,BHARATSEEQN,226.43,226.43,226.43,0.0,0.0,449,101667,263.18,130.05
JAINREC,JAINRECEQN,287.95,287.95,287.95,0.0,0.0,1808,520613,593.95,247.57
COHANCE,COHANCEEQN,449.9,449.9,449.9,0.0,0.0,389,175011,1038.9,266.7
ABLBL,ABLBLEQN,84.6,84.6,84.6,0.0,0.0,23693,2004427,151.33,84.24
APTECHT,APTECHTBEN,91.52,91.52,91.52,0.0,0.0,259,23703,144.3,69.1
JLHL,JLHLEQN,301.4,301.4,301.4,0.0,0.0,420,126588,340.0,235.6
FDC,FDCEQN,342.5,342.5,342.5,0.0,0.0,322,110285,527.8,312.95
SMARTWORKS,SMARTWORKSEQN,538.75,538.75,538.75,0.0,0.0,123,66266,619.0,361.5
MTNL,MTNLEQN,27.25,27.25,27.25,0.0,0.0,13168,358828,46.44,21.26
SWANCORP,SWANCORPEQN,298.15,298.15,298.15,0.0,0.0,1628,485388,506.0,295.65
MARKOLINES,MARKOLINESEQN,171.92,171.92,171.92,0.0,0.0,199,34212,191.75,131.65
SERVOTECH,SERVOTECHEQN,80.97,80.97,80.97,0.0,0.0,1668,135057,143.0,57.51
SHILCTECH,SHILCTECHEQN,4084.2,4084.2,4084.2,0.0,0.0,30,122526,5399.0,2852.5
SHRENIK,SHRENIKBZN,0.3,0.3,0.3,0.0,0.0,78686,23605,0.65,0.27
LANDSMILL,LANDSMILLEQN,0.69,0.69,0.69,0.0,0.0,26147,18041,1.74,0.68
ANTHEM,ANTHEMEQN,900.1,900.1,900.1,0.0,0.0,745,670574,942.6,579.15
ANANTAM,ANANTAMIVN,105.46,105.46,105.46,0.0,0.0,18,1898,117.0,100.1
3MINDIA,3MINDIAEQN,34415.0,34415.0,34415.0,0.0,0.0,4,137660,38030.0,28730.0
SUMEETINDS,SUMEETINDSEQN,12.68,12.68,12.68,0.0,0.0,5351,67850,35.67,12.24
SHRINGARMS,SHRINGARMSEQN,220.17,220.17,220.17,0.0,0.0,796,175255,266.5,166.0
FMNL,FMNLEQN,11.0,11.0,11.0,0.0,0.0,236,2596,14.22,6.74
SEIL,SEILEQN,206.67,206.67,206.67,0.0,0.0,210,43400,239.96,172.9
AVONMORE,AVONMOREEQN,13.9,13.9,13.9,0.0,0.0,300,4170,23.9,9.05
RBMINFRA,RBMINFRASMN,235.1,235.1,235.1,0.0,0.0,200,47020,524.8,221.0
KSR,KSREQN,31.42,31.42,31.42,0.0,0.0,2524,79304,39.1,14.04
ICICIAMC,ICICIAMCEQN,3139.6,3139.6,3139.6,0.0,0.0,315,988974,3611.0,2530.0
UCOBANK,UCOBANKEQN,25.48,25.48,25.48,0.0,0.0,29035,739811,34.2,22.22
VIJAYA,VIJAYAEQN,1452.5,1452.5,1452.5,0.0,0.0,291,422677,1573.0,848.0
ASTRON,ASTRONBZN,3.13,3.13,3.13,0.0,0.0,122,381,18.89,2.89
HILTON,HILTONEQN,19.37,19.37,19.37,0.0,0.0,70,1355,47.75,13.43
BLIL,BLILEQN,72.14,72.14,72.14,0.0,0.0,1421,102510,79.5,67.0
SCPL,SCPLBEN,645.8,645.8,645.8,0.0,0.0,56,36164,690.0,190.03
INA,INAEQN,92.58,92.58,92.58,0.0,0.0,1010,93505,161.81,79.75
MAGNUM,MAGNUMEQN,19.04,19.04,19.04,0.0,0.0,101,1923,30.25,16.25
VASCONEQ,VASCONEQEQN,30.98,30.98,30.98,0.0,0.0,5777,178971,74.59,26.75
AURIONPRO,AURIONPROEQN,707.6,707.6,707.6,0.0,0.0,586,414653,1348.4,680.15
ACCURACY,ACCURACYBEN,4.6,4.6,4.6,0.0,0.0,664,3054,7.51,3.4
REGAAL,REGAALEQN,92.51,92.51,92.51,0.0,0.0,582,53840,119.34,57.27
WEWORK,WEWORKEQN,691.6,691.6,691.6,0.0,0.0,414,286322,794.5,420.0
AKSHAR,AKSHAREQN,0.42,0.42,0.42,0.0,0.0,8601,3612,0.76,0.36
MITCON,MITCONBEN,76.1,76.1,76.1,0.0,0.0,15,1141,91.7,49.56
UNITECH,UNITECHEQN,3.9,3.9,3.9,0.0,0.0,28632,111664,7.93,3.1
VINNY,VINNYEQN,1.05,1.05,1.05,0.0,0.0,1628,1709,1.53,0.94
SAKUMA,SAKUMAEQN,1.71,1.71,1.71,0.0,0.0,19234,32890,3.1,1.1
RMC,RMCEQN,246.45,246.45,246.45,0.0,0.0,213,52493,530.0,243.65
ADVENTHTL,ADVENTHTLEQN,142.8,142.8,142.8,0.0,0.0,518,73970,345.05,120.02
NEPHROPLUS,NEPHROPLUSEQN,692.35,692.35,692.35,0.0,0.0,71,49156,769.75,446.0
ORIANA,ORIANASMN,1299.1,1299.15,1299.15,0.05,0.0,225,292308,3064.0,1174.95
KEN,KENSMN,39.3,39.3,39.3,0.0,0.0,1200,47160,54.85,29.0
SUPREMEINF,SUPREMEINFEQN,83.25,83.25,83.25,0.0,0.0,4,333,119.79,58.11
PINELABS,PINELABSEQN,165.07,165.07,165.07,0.0,0.0,47306,7808801,284.0,134.73
HAVELLS,HAVELLSEQN,1222.9,1222.9,1222.9,0.0,0.0,936,1144634,1621.1,1123.6
BATLIBOI,BATLIBOIEQN,88.41,88.41,88.41,0.0,0.0,1,88,106.5,71.21
VIVIANA,VIVIANABEN,728.4,728.4,728.4,0.0,0.0,407,296458,1162.5,565.0
SIKA,SIKAEQN,1018.6,1018.6,1018.6,0.0,0.0,11,11204,1359.4,870.1
SINDHUTRAD,SINDHUTRADEQN,24.99,24.99,24.99,0.0,0.0,842,21041,32.74,17.64
RUDRA,RUDRAEQN,20.76,20.76,20.76,0.0,0.0,1,20,29.7,14.63
PRAXIS,PRAXISEQN,4.96,4.96,4.96,0.0,0.0,20,99,14.44,4.94
GENXAI,GENXAISMN,85.6,85.6,85.6,0.0,0.0,2400,205440,103.35,66.7
MAHASTEEL,MAHASTEELBEN,1329.7,1329.7,1329.7,0.0,0.0,34,45209,1330.0,331.0
EUROPRATIK,EUROPRATIKEQN,257.45,257.45,257.45,0.0,0.0,220,56639,390.0,205.1
LUMAXTECH,LUMAXTECHEQN,1985.5,1985.5,1985.5,0.0,0.0,248,492404,2110.0,1024.6
NOVAAGRI,NOVAAGRIBEN,24.46,24.46,24.46,0.0,0.0,388,9490,53.7,18.12
PATELRMART,PATELRMARTEQN,232.68,232.69,232.69,0.01,0.0,710,165209,284.0,150.25
BHARATGEAR,BHARATGEARBEN,103.59,103.59,103.59,0.0,0.0,2,207,154.2,83.8
VADILENT,VADILENTEQN,10833.0,10833.0,10833.0,0.0,0.0,3,32499,11754.0,9401.0
CREDITACC,CREDITACCEQN,1391.7,1391.7,1391.7,0.0,0.0,565,786310,1634.0,1113.0
STANLEY,STANLEYEQN,137.39,137.39,137.39,0.0,0.0,380,52208,320.45,123.0
BASF,BASFEQN,3848.7,3848.7,3848.7,0.0,0.0,57,219375,4829.9,3122.2
LORDSCHLO,LORDSCHLOEQN,140.25,140.25,140.25,0.0,0.0,52,7293,233.0,108.0
SKFINDIA,SKFINDIAEQN,1571.3,1571.3,1571.3,0.0,0.0,95,149273,5074.0,1404.0
3PLAND,3PLANDEQN,31.74,31.74,31.74,0.0,0.0,8,253,47.7,28.51
IZMO,IZMOEQN,848.45,848.45,848.45,0.0,0.0,98,83148,1374.7,562.0
BHARATCOAL,BHARATCOALEQN,34.02,34.02,34.02,0.0,0.0,38720,1317254,45.09,29.74
KWIL,KWILEQN,45.55,45.55,45.55,0.0,0.0,64875,2955056,50.68,22.24
INDOMIM,INDOMIMEQN,868.05,868.05,868.05,0.0,0.0,3829,3323763,989.9,700.0
EMMVEE,EMMVEEEQN,324.1,324.1,324.1,0.0,0.0,5485,1777688,371.55,171.51
C2C,C2CSMN,228.4,228.4,228.4,0.0,0.0,450,102780,888.0,204.5
PETRONET,PETRONETEQN,292.0,292.0,292.0,0.0,0.0,1617,0,326.4,235.35
ABDL,ABDLEQN,610.0,610.0,610.0,0.0,0.0,201,122610,711.7,382.1
JINDALPHOT,JINDALPHOTEQN,1026.6,1026.6,1026.6,0.0,0.0,20,20532,1616.6,845.15
BLEL,BLELEQN,457.45,457.45,457.45,0.0,0.0,5635,2577730,548.0,431.2
ONELIFECAP,ONELIFECAPBEN,31.3,31.3,31.3,0.0,0.0,8,250,40.1,10.62
KJMCFIN,KJMCFINEQN,66.97,66.97,66.97,0.0,0.0,5,334,84.5,51.01
CMPDI,CMPDIEQN,230.97,230.97,230.97,0.0,0.0,6095,1407762,283.69,150.16
FERMENTA,FERMENTAEQN,509.9,509.9,509.9,0.0,0.0,244,124415,580.45,248.85
TGVSL,TGVSLEQN,105.24,105.24,105.24,0.0,0.0,605,63670,111.5,102.5
WHBRADY,WHBRADYEQN,492.2,492.2,492.2,0.0,0.0,4,1968,589.9,477.0
LTFOODS,LTFOODSEQN,439.35,439.35,439.35,0.0,0.0,894,392778,490.7,333.15
ALPINETEX,ALPINETEXEQN,55.16,55.16,55.16,0.0,0.0,1018,56152,105.0,54.5
ESAFSFB,ESAFSFBBEN,44.71,44.71,44.71,0.0,0.0,3322,148526,44.99,19.78
RSWM,RSWMBEN,196.0,196.0,196.0,0.0,0.0,1,196,238.0,120.0
AMARJOTHI,AMARJOTHIEQN,162.4,162.4,162.4,0.0,0.0,108,17539,166.0,150.35
ECORECO,ECORECOEQN,467.65,467.65,467.65,0.0,0.0,33,15432,494.9,443.75
PRADPME,PRADPMEBEN,492.5,492.5,492.5,0.0,0.0,10,4925,596.0,357.05
SAYAJIHOTL,SAYAJIHOTLEQN,315.7,315.7,315.7,0.0,0.0,1,315,365.2,265.5
PRAVEG,PRAVEGEQN,276.65,276.65,276.65,0.0,0.0,114,31538,325.0,210.4
LOTUSCHO,LOTUSCHOEQN,614.35,614.35,614.35,0.0,0.0,11,6757,635.0,595.9
APOLLOTYRE,APOLLOTYREEQN,443.5,443.5,443.5,0.0,0.0,1806,800961,540.5,365.3
DSSL,DSSLEQN,1069.9,1069.9,1069.9,0.0,0.0,253,270684,1924.8,781.0
VEDPOWER,VEDPOWEREQN,36.64,36.64,36.64,0.0,0.0,48537,1778395,49.88,33.06
HAPPSTMNDS,HAPPSTMNDSEQN,408.0,408.0,408.0,0.0,0.0,8720,3557760,583.4,330.2
SWARAJ,SWARAJBEN,366.4,366.4,366.4,0.0,0.0,2060,754784,386.75,158.5
BRIGHTBR,BRIGHTBREQN,260.78,260.78,260.78,0.0,0.0,2,521,270.0,210.0
NTCIND,NTCINDEQN,133.47,133.47,133.47,0.0,0.0,1,133,155.0,132.5
DCMFINSERV,DCMFINSERVEQN,5.38,5.38,5.38,0.0,0.0,5,26,8.55,3.7
ELANTAS,ELANTASEQN,11475.0,11475.0,11475.0,0.0,0.0,7,80325,13200.0,8900.0
BLACKROSE,BLACKROSEBEN,114.46,114.46,114.46,0.0,0.0,1054,120640,129.9,80.05
THAKDEV,THAKDEVEQN,140.65,140.65,140.65,0.0,0.0,10,1406,163.01,115.1
COMPEAU,COMPEAUEQN,353.95,353.95,353.95,0.0,0.0,1,353,420.0,314.3
ANSALBU,ANSALBUEQN,82.42,82.42,82.42,0.0,0.0,6,494,86.49,70.64
SHILGRAVQ,SHILGRAVQEQN,170.07,170.07,170.07,0.0,0.0,2,340,179.7,157.8
MUFTI,MUFTIEQN,75.92,75.92,75.92,0.0,0.0,533,40465,130.7,63.06
CSM,CSMEQN,97.4,97.4,97.4,0.0,0.0,315,30681,113.0,94.27
MARUTI,MARUTIEQN,13376.0,13375.0,13375.0,-1.0,-0.01,342,4574250,17370.0,12201.0
VINCOFE,VINCOFEEQN,177.97,177.95,177.95,-0.02,-0.01,10194,1814022,181.66,120.24
QUESS,QUESSEQN,372.25,372.2,372.2,-0.05,-0.01,4769,1775021,376.5,166.3
SANDESH,SANDESHEQN,1009.55,1009.45,1009.45,-0.1,-0.01,2,2018,1304.3,811.0
PLATIND,PLATINDEQN,230.58,230.55,230.55,-0.03,-0.01,53,12219,342.4,183.5
ARMANFIN,ARMANFINEQN,2034.2,2034.0,2034.0,-0.2,-0.01,143,290862,2158.6,1301.0
SURYODAY,SURYODAYEQN,154.26,154.25,154.25,-0.01,-0.01,661,101959,218.0,115.41
INDOFARM,INDOFARMEQN,138.85,138.84,138.84,-0.01,-0.01,915,127038,271.69,110.7
LLOYDSME,LLOYDSMEEQN,1810.2,1810.0,1810.0,-0.2,-0.01,1492,2700520,2125.0,1042.9
ENDURANCE,ENDURANCEEQN,2929.2,2929.0,2929.0,-0.2,-0.01,224,656096,3079.9,2142.8
SIGIND,SIGINDBEN,71.74,71.73,71.73,-0.01,-0.01,15,1075,74.99,40.66
CESC,CESCEQN,148.11,148.1,148.1,-0.01,-0.01,11632,1722699,204.5,138.12
CPPLUS,CPPLUSEQN,3576.6,3576.4,3576.4,-0.2,-0.01,122,436320,4094.0,1200.8
URBANCO,URBANCOEQN,168.41,168.4,168.4,-0.01,-0.01,12009,2022315,201.18,100.7
EXICOM,EXICOMEQN,167.93,167.9,167.9,-0.03,-0.02,3251,545842,182.9,75.6
LAXMIDENTL,LAXMIDENTLEQN,199.78,199.75,199.75,-0.03,-0.02,1229,245492,377.05,155.88
GULPOLY,GULPOLYEQN,192.73,192.7,192.7,-0.03,-0.02,387,74574,227.63,121.5
SSWL,SSWLEQN,295.5,295.45,295.45,-0.05,-0.02,820,242269,328.4,169.0
VADILALIND,VADILALINDEQN,7900.0,7898.5,7898.5,-1.5,-0.02,59,466011,8447.0,3996.0
GLOSTERLTD,GLOSTERLTDEQN,607.15,607.0,607.0,-0.15,-0.02,30,18210,756.45,495.0
ADVANIHOTR,ADVANIHOTREQN,50.01,50.0,50.0,-0.01,-0.02,660,33000,65.5,47.0
KRITI,KRITIEQN,62.71,62.7,62.7,-0.01,-0.02,15,940,155.9,53.0
MRPL,MRPLEQN,168.53,168.5,168.5,-0.03,-0.02,15701,2645618,212.31,120.45
RAMCOSYS,RAMCOSYSEQN,578.4,578.3,578.3,-0.1,-0.02,715,413484,967.5,342.1
NAM-INDIA,NAM-INDIAEQN,1194.4,1194.2,1194.2,-0.2,-0.02,1340,1600228,1269.5,780.25
AEROFLEX,AEROFLEXEQN,542.1,542.0,542.0,-0.1,-0.02,10996,5959832,547.0,158.0
PRAKASH,PRAKASHEQN,129.97,129.94,129.94,-0.03,-0.02,1651,214530,177.0,110.24
SCI,SCIEQN,299.05,299.0,299.0,-0.05,-0.02,23956,7162844,368.75,195.55
IOLCP,IOLCPEQN,194.95,194.91,194.91,-0.04,-0.02,21283,4148269,197.0,67.19
NETWEB,NETWEBEQN,5322.9,5322.0,5322.0,-0.9,-0.02,6777,36067194,5813.0,2190.7
CONSOFINVT,CONSOFINVTBEN,269.0,268.95,268.95,-0.05,-0.02,20,5379,320.0,152.0
INDOSTAR,INDOSTAREQN,258.85,258.8,258.8,-0.05,-0.02,95,24586,292.0,179.03
APARINDS,APARINDSEQN,17803.0,17800.0,17800.0,-3.0,-0.02,364,6479200,18465.0,6801.0
IITL,IITLEQN,156.53,156.5,156.5,-0.03,-0.02,2,313,216.0,108.0
ZUARI,ZUARIEQN,240.76,240.7,240.7,-0.06,-0.02,1040,250328,386.45,175.1
GLOTTIS,GLOTTISEQN,64.27,64.26,64.26,-0.01,-0.02,591,37977,93.0,37.0
TMCV,TMCVEQN,466.3,467.1,466.2,-0.1,-0.02,20062,0,509.0,306.3
BRIGHOTEL,BRIGHOTELEQN,59.56,59.55,59.55,-0.01,-0.02,370,22033,89.4,54.36
PARKHOSPS,PARKHOSPSEQN,290.55,290.5,290.5,-0.05,-0.02,809,235014,305.0,138.1
ARIHANTCAP,ARIHANTCAPEQN,79.39,79.37,79.37,-0.02,-0.03,539,42780,120.0,56.97
FLUOROCHEM,FLUOROCHEMEQN,4771.2,4769.7,4769.7,-1.5,-0.03,154,734533,4958.9,2916.6
360ONE,360ONEEQN,1200.0,1199.6,1199.6,-0.4,-0.03,590,707764,1236.2,906.05
UNIECOM,UNIECOMEQN,87.18,87.15,87.15,-0.03,-0.03,641,55863,155.8,78.51
DABUR,DABUREQN,386.0,385.9,385.9,-0.1,-0.03,4626,1785173,577.0,383.1
CONFIPET,CONFIPETEQN,79.87,79.85,79.85,-0.02,-0.03,3712,296403,86.4,28.06
DHANBANK,DHANBANKEQN,32.27,32.26,32.26,-0.01,-0.03,2588,83488,36.85,19.45
NFL,NFLEQN,71.09,71.07,71.07,-0.02,-0.03,4807,341633,102.97,63.35
GRSE,GRSEEQN,2612.9,2612.1,2612.1,-0.8,-0.03,1142,2983018,3339.0,1963.7
POLICYBZR,POLICYBZREQN,1811.5,1811.0,1811.0,-0.5,-0.03,399,722589,1974.0,1364.0
SIGACHI,SIGACHIEQN,33.16,33.15,33.15,-0.01,-0.03,18216,603860,46.73,16.65
ANUP,ANUPEQN,1800.5,1800.0,1800.0,-0.5,-0.03,131,235800,2576.0,1422.3
MIRZAINT,MIRZAINTEQN,31.83,31.82,31.82,-0.01,-0.03,106,3372,44.0,24.95
SANGAMIND,SANGAMINDEQN,603.15,602.95,602.95,-0.2,-0.03,57,34368,672.5,341.55
VBL,VBLEQN,414.0,413.85,413.85,-0.15,-0.04,24941,10321832,555.8,381.0
KAJARIACER,KAJARIACEREQN,1215.5,1215.0,1215.0,-0.5,-0.04,104,126360,1293.8,869.6
TRIVENI,TRIVENIEQN,283.82,282.45,282.45,-0.12,-0.04,1416,399949,490.1,220.05
PRAJIND,PRAJINDEQN,347.9,347.75,347.75,-0.15,-0.04,1573,547010,433.0,273.0
MHRIL,MHRILEQN,211.39,211.3,211.3,-0.09,-0.04,1005,212356,368.9,207.9
BOMDYEING,BOMDYEINGEQN,118.4,118.35,118.35,-0.05,-0.04,3317,392566,195.45,92.0
TORNTPHARM,TORNTPHARMEQN,5050.0,5048.0,5048.0,-2.0,-0.04,977,4931896,5250.0,3480.6
COSMOFIRST,COSMOFIRSTEQN,938.35,938.0,938.0,-0.35,-0.04,38,35644,1013.3,560.8
POWERICA,POWERICAEQN,517.7,517.5,517.5,-0.2,-0.04,86,44505,676.95,365.1
BLISSGVS,BLISSGVSBEN,588.1,587.85,587.85,-0.25,-0.04,3810,2239708,602.45,118.0
PARAS,PARASEQN,1439.7,1439.0,1439.0,-0.7,-0.05,2631,3786009,1585.0,580.5
COLPAL,COLPALEQN,1826.9,1826.0,1826.0,-0.9,-0.05,1016,1855216,2504.0,1782.0
SARDAEN,SARDAENEQN,508.25,508.0,508.0,-0.25,-0.05,513,260604,639.75,453.1
WABAG,WABAGEQN,2086.1,2085.0,2085.0,-1.1,-0.05,2138,4457730,2253.5,1033.0
TRITURBINE,TRITURBINEEQN,580.3,580.0,580.0,-0.3,-0.05,408,236640,787.6,428.35
REPCOHOME,REPCOHOMEEQN,365.5,365.3,365.3,-0.2,-0.05,222,81096,455.9,333.6
GANECOS,GANECOSEQN,1019.3,1018.8,1018.8,-0.5,-0.05,93,94748,1396.0,653.55
SAFARI,SAFARIEQN,1509.7,1509.0,1509.0,-0.7,-0.05,90,135810,2507.1,1363.1
KALYANKJIL,KALYANKJILEQN,615.8,615.5,615.5,-0.3,-0.05,12242,7534951,648.95,327.05
TECHM,TECHMEQN,1640.9,1640.0,1640.0,-0.9,-0.05,3462,5677680,1854.0,1304.1
ASALCBR,ASALCBREQN,714.5,714.15,714.15,-0.35,-0.05,45,32136,1277.0,660.65
MOBIKWIK,MOBIKWIKEQN,192.33,192.22,192.22,-0.11,-0.06,2291,440376,334.0,151.46
SBILIFE,SBILIFEEQN,1761.1,1760.0,1760.0,-1.1,-0.06,817,1437920,2132.0,1700.4
PASUPTAC,PASUPTACBEN,61.79,61.75,61.75,-0.04,-0.06,830,51252,78.95,40.41
LINDEINDIA,LINDEINDIAEQN,6504.0,6500.0,6500.0,-4.0,-0.06,46,299000,8049.0,5673.0
APLLTD,APLLTDEQN,813.45,813.0,813.0,-0.45,-0.06,30,24390,998.0,635.8
MOREPENLAB,MOREPENLABEQN,106.19,106.13,106.13,-0.06,-0.06,374269,39721168,106.37,33.05
BHEL,BHELEQN,430.85,430.6,430.6,-0.25,-0.06,11087,4774062,446.5,205.12
KPIGREEN,KPIGREENEQN,314.25,314.05,314.05,-0.2,-0.06,2872,901951,542.25,301.2
GMMPFAUDLR,GMMPFAUDLREQN,1026.7,1026.05,1026.05,-0.65,-0.06,266,272929,1307.5,735.0
CDSL,CDSLEQN,1414.7,1413.9,1413.9,-0.8,-0.06,3189,4508927,1673.7,1116.3
IVP,IVPBEN,191.37,191.25,191.25,-0.12,-0.06,21,4016,194.0,110.0
UNIDT,UNIDTBEN,215.51,215.39,215.39,-0.12,-0.06,13,2800,254.97,146.0
NATCOPHARM,NATCOPHARMEQN,853.8,853.3,853.3,-0.5,-0.06,787,671547,1226.8,789.0
SIRCA,SIRCAEQN,436.3,436.0,436.0,-0.3,-0.07,1171,510556,539.0,385.0
CCCL,CCCLEQN,14.76,14.75,14.75,-0.01,-0.07,212,3127,28.87,12.76
TRENT,TRENTEQN,2898.0,2895.9,2895.9,-2.1,-0.07,858,2484682,3782.67,2183.67
ICEMAKE,ICEMAKEEQN,742.55,742.0,742.0,-0.55,-0.07,48,35616,920.0,660.3
TATAPOWER,TATAPOWEREQN,351.85,351.6,351.6,-0.25,-0.07,20782,7306951,464.9,342.5
THOMASCOOK,THOMASCOOKEQN,108.43,108.35,108.35,-0.08,-0.07,3798,411513,181.55,86.35
CCAVENUE,CCAVENUEEQN,15.27,15.26,15.26,-0.01,-0.07,24290,370665,20.5,12.92
MARINE,MARINEEQN,406.8,406.5,406.5,-0.3,-0.07,7390,3004035,412.15,150.86
CMRGREEN,CMRGREENEQN,225.11,224.95,224.95,-0.16,-0.07,1155,259817,268.96,205.25
PPLPHARMA,PPLPHARMAEQN,218.68,218.5,218.5,-0.18,-0.08,16727,3654849,220.36,132.3
MANAKCOAT,MANAKCOATEQN,122.85,122.75,122.75,-0.1,-0.08,2141,262807,182.82,94.2
ARTEMISMED,ARTEMISMEDEQN,319.25,319.0,319.0,-0.25,-0.08,728,232232,333.7,203.35
UTIAMC,UTIAMCEQN,887.7,887.0,887.0,-0.7,-0.08,327,290049,1418.0,876.0
ATGL,ATGLEQN,636.5,636.0,636.0,-0.5,-0.08,5541,3524076,859.85,462.8
PARADEEP,PARADEEPEQN,165.88,165.74,165.74,-0.14,-0.08,18891,3130994,231.0,99.7
VGUARD,VGUARDEQN,333.25,333.0,333.0,-0.25,-0.08,1194,397602,392.2,288.8
MVELECTRO,MVELECTROEQN,719.55,718.95,718.95,-0.6,-0.08,15066,10831700,768.0,516.55
KRISHNADEF,KRISHNADEFEQN,1019.8,1019.0,1019.0,-0.8,-0.08,339,345441,1400.0,665.0
SHREEJISPG,SHREEJISPGEQN,652.5,652.0,652.0,-0.5,-0.08,481,313612,681.55,222.0
BIMETAL,BIMETALEQN,648.5,648.0,648.0,-0.5,-0.08,1,648,750.75,537.9
PANACEABIO,PANACEABIOEQN,395.5,395.15,395.15,-0.35,-0.09,59,23313,647.0,292.4
MANINDS,MANINDSEQN,768.2,767.5,767.5,-0.7,-0.09,1958,1502765,783.4,302.05
VTL,VTLEQN,592.75,592.2,592.2,-0.55,-0.09,248,146865,688.0,385.5
PGEL,PGELEQN,585.85,585.35,585.35,-0.5,-0.09,1373,803685,644.4,436.55
ARVIND,ARVINDEQN,543.35,542.85,542.85,-0.5,-0.09,2467,1339210,600.0,274.8
IOB,IOBEQN,32.81,32.78,32.78,-0.03,-0.09,9335,306001,41.8,31.2
JUBLFOOD,JUBLFOODEQN,490.45,490.0,490.0,-0.45,-0.09,3007,1473430,667.75,408.55
BOSCHLTD,BOSCHLTDEQN,48640.0,48595.0,48595.0,-45.0,-0.09,41,1992395,49190.0,28610.0
NSIL,NSILEQN,5715.5,5710.0,5710.0,-5.5,-0.1,4,22840,8730.0,4700.0
AARTIPHARM,AARTIPHARMEQN,840.7,839.9,839.9,-0.8,-0.1,1667,1400113,946.1,585.0
GPIL,GPILEQN,239.85,239.6,239.6,-0.25,-0.1,1623,388870,320.0,221.21
GRAVITA,GRAVITAEQN,1825.8,1824.0,1824.0,-1.8,-0.1,526,959424,1913.6,1266.9
HCG,HCGEQN,696.3,695.6,695.6,-0.7,-0.1,427,297021,796.68,513.3
GLAND,GLANDEQN,2888.0,2885.0,2885.0,-3.0,-0.1,421,1214585,3039.8,1573.6
NOCIL,NOCILEQN,164.96,164.8,164.8,-0.16,-0.1,138,22742,204.5,125.31
RVNL,RVNLEQN,214.22,214.0,214.0,-0.22,-0.1,16482,3527148,400.7,214.0
TINNARUBR,TINNARUBREQN,996.1,995.1,995.1,-1.0,-0.1,121,120407,1322.0,527.45
KOTARISUG,KOTARISUGBEN,31.43,31.4,31.4,-0.03,-0.1,125,3925,39.94,22.5
WOCKPHARMA,WOCKPHARMAEQN,1977.1,1974.9,1974.9,-2.2,-0.11,1067,2107218,2422.3,1086.7
INDOWIND,INDOWINDEQN,9.16,9.15,9.15,-0.01,-0.11,371,3394,18.94,7.0
ZAGGLE,ZAGGLEEQN,190.26,190.05,190.05,-0.21,-0.11,4082,775784,409.2,154.36
WAAREEENER,WAAREEENEREQN,2640.0,2637.0,2637.0,-3.0,-0.11,2225,5867325,3865.0,2403.0
MAXHEALTH,MAXHEALTHEQN,1014.1,1013.0,1013.0,-1.1,-0.11,3348,3391524,1221.9,903.0
MSUMI,MSUMIEQN,37.74,37.7,37.7,-0.04,-0.11,27726,1045270,53.59,35.7
CUB,CUBEQN,222.24,222.0,222.0,-0.24,-0.11,6555,1455210,245.38,145.13
ADANIENT,ADANIENTEQN,3168.5,3165.0,3165.0,-3.5,-0.11,2324,7355460,3245.0,1753.0
SRF,SRFEQN,2589.9,2587.1,2587.1,-2.8,-0.11,131,338910,3210.0,2355.0
BEL,BELEQN,411.9,411.45,411.45,-0.45,-0.11,58898,24233582,473.45,361.2
WHEELS,WHEELSEQN,1547.7,1546.0,1546.0,-1.7,-0.11,94,145324,1808.0,705.85
MPSLTD,MPSLTDEQN,2677.9,2675.0,2675.0,-2.9,-0.11,9,24075,2979.0,1336.1
VMSTMT,VMSTMTEQN,46.05,46.0,46.0,-0.05,-0.11,681,31326,105.0,33.5
DIACABS,DIACABSBEN,349.4,349.0,349.0,-0.4,-0.11,3589,1252561,379.0,115.57
AZADIND,AZADINDEQN,93.5,93.4,93.4,-0.1,-0.11,27,2521,98.99,72.97
CEINSYS,CEINSYSEQN,723.15,722.35,722.35,-0.8,-0.11,55,39729,1249.9,697.15
FREDUN,FREDUNEQN,1476.6,1475.0,1475.0,-1.6,-0.11,175,258125,1590.0,1400.0
BBOX,BBOXEQN,745.9,745.0,745.0,-0.9,-0.12,511,380695,1103.0,435.05
JPPOWER,JPPOWEREQN,16.82,16.8,16.8,-0.02,-0.12,202743,3406082,24.5,13.15
SPANDANA,SPANDANAEQN,244.3,244.0,244.0,-0.3,-0.12,387,94428,319.4,181.1
CHALET,CHALETEQN,901.2,900.1,900.1,-1.1,-0.12,269,242126,1070.1,691.35
BRITANNIA,BRITANNIAEQN,5308.5,5302.0,5302.0,-6.5,-0.12,187,991474,6336.0,5035.0
TRIDENT,TRIDENTEQN,24.32,24.29,24.29,-0.03,-0.12,26778,650437,30.94,21.98
VINDHYATEL,VINDHYATELEQN,2585.5,2582.4,2582.4,-3.1,-0.12,1391,3592118,2600.0,963.9
ADANIPOWER,ADANIPOWEREQN,212.63,212.37,212.37,-0.26,-0.12,47350,10055719,254.2,116.7
TIMKEN,TIMKENEQN,3149.8,3145.9,3145.9,-3.9,-0.12,16,50334,3925.0,2800.5
BHARTIARTL,BHARTIARTLEQN,1882.4,1880.0,1880.0,-2.4,-0.13,14770,27767600,2174.5,1740.5
RUBFILA,RUBFILAEQN,68.59,68.5,68.5,-0.09,-0.13,20,1370,89.24,57.31
WESTLIFE,WESTLIFEEQN,555.75,555.0,555.0,-0.75,-0.13,338,187590,775.0,398.4
GODIGIT,GODIGITEQN,262.35,262.0,262.0,-0.35,-0.13,870,227940,381.4,244.2
EMBDL,EMBDLEQN,62.78,62.7,62.7,-0.08,-0.13,4264,267352,105.7,39.46
RPSGVENT,RPSGVENTEQN,857.15,856.0,856.0,-1.15,-0.13,4,3424,1179.0,551.9
INOXWIND,INOXWINDEQN,71.79,71.7,71.7,-0.09,-0.13,36666,2628952,159.3,71.27
CHAMBLFERT,CHAMBLFERTEQN,421.55,421.0,421.0,-0.55,-0.13,1620,682020,580.7,399.75
INDIASHLTR,INDIASHLTREQN,649.85,649.0,649.0,-0.85,-0.13,38,24662,968.75,640.0
SUNRAKSHAK,SUNRAKSHAKEQN,373.0,372.5,372.5,-0.5,-0.13,4,1490,382.4,365.0
RBZJEWEL,RBZJEWELEQN,146.2,146.0,146.0,-0.2,-0.14,142,20732,179.0,100.0
MANOMAY,MANOMAYEQN,225.93,225.61,225.61,-0.32,-0.14,125,28201,259.88,160.25
COUNCODOS,COUNCODOSBEN,6.93,6.92,6.92,-0.01,-0.14,239,1653,8.89,3.71
YESBANK,YESBANKEQN,22.1,22.07,22.07,-0.03,-0.14,304171,6713053,25.78,17.2
PRECAM,PRECAMEQN,126.33,126.15,126.15,-0.18,-0.14,127,16021,262.0,103.98
ALKYLAMINE,ALKYLAMINEEQN,2047.9,2045.0,2045.0,-2.9,-0.14,240,490800,2127.0,1212.0
LPDC,LPDCEQN,6.93,6.92,6.92,-0.01,-0.14,294,2034,9.46,5.23
MRF,MRFEQN,132080.0,131900.0,131900.0,-180.0,-0.14,32,4220800,163600.0,122000.0
BHARATFORG,BHARATFORGEQN,2037.7,2034.9,2034.9,-2.8,-0.14,381,775296,2295.0,1100.5
ASAL,ASALEQN,488.2,487.5,487.5,-0.7,-0.14,43,20962,654.65,374.5
DBCORP,DBCORPEQN,202.57,202.28,202.28,-0.29,-0.14,80,16182,287.9,184.51
DBL,DBLEQN,406.95,406.4,406.4,-0.55,-0.14,84,34137,585.0,381.55
IDFCFIRSTB,IDFCFIRSTBEQN,83.12,83.0,83.0,-0.12,-0.14,51431,4268773,88.76,58.08
VISHNU,VISHNUEQN,652.2,651.3,651.3,-0.9,-0.14,47,30611,670.0,443.7
MIDWESTLTD,MIDWESTLTDEQN,1106.6,1105.1,1105.1,-1.5,-0.14,5,5525,1859.9,1048.5
NELCO,NELCOEQN,961.2,959.9,959.9,-1.3,-0.14,818,785198,1120.0,500.1
INDIQUBE,INDIQUBEEQN,192.36,192.1,192.1,-0.26,-0.14,700,134470,243.8,131.15
IPL,IPLEQN,139.0,138.79,138.79,-0.21,-0.15,155,21512,240.25,125.0
INOXGREEN,INOXGREENEQN,174.26,174.0,174.0,-0.26,-0.15,337,58638,279.0,132.58
XCHANGING,XCHANGINGEQN,61.38,61.29,61.29,-0.09,-0.15,814,49890,103.0,47.5
DHARMAJ,DHARMAJEQN,270.45,270.05,270.05,-0.4,-0.15,142,38347,376.85,210.65
KIRLOSENG,KIRLOSENGEQN,2123.1,2119.9,2119.9,-3.2,-0.15,115,243788,2720.0,855.8
MATRIMONY,MATRIMONYEQN,515.0,514.25,514.25,-0.75,-0.15,3,1542,573.0,364.05
CYIENTDLM,CYIENTDLMEQN,819.1,817.9,817.9,-1.2,-0.15,1631,1333994,836.3,265.2
RANEHOLDIN,RANEHOLDINEQN,1598.9,1596.5,1596.5,-2.4,-0.15,1,1596,1894.5,981.0
MAHLIFE,MAHLIFEEQN,367.55,367.0,367.0,-0.55,-0.15,100,36700,427.05,286.8
EXIDEIND,EXIDEINDEQN,444.6,443.95,443.95,-0.65,-0.15,4790,2126520,496.4,287.0
DATAPATTNS,DATAPATTNSEQN,4624.8,4618.0,4618.0,-6.8,-0.15,2273,10496714,5000.0,2131.0
PNBGILTS,PNBGILTSEQN,78.71,78.59,78.59,-0.12,-0.15,622,48882,106.0,58.6
GIPCL,GIPCLEQN,205.91,205.61,205.61,-0.3,-0.15,2018,414920,206.8,119.9
SUNTV,SUNTVEQN,474.5,473.8,473.8,-0.7,-0.15,980,464324,660.7,461.0
CAMPUS,CAMPUSEQN,226.14,225.79,225.79,-0.35,-0.15,1230,277721,297.0,215.2
AGRITECH,AGRITECHEQN,102.9,102.75,102.75,-0.15,-0.15,20,2055,187.19,92.52
CENTENKA,CENTENKAEQN,547.4,546.6,546.6,-0.8,-0.15,10,5466,671.65,371.2
SHALBY,SHALBYEQN,154.65,154.42,154.42,-0.23,-0.15,36,5559,274.7,125.82
TSFINV,TSFINVEQN,407.2,406.6,406.6,-0.6,-0.15,58,23582,701.5,331.7
WELSPLSOL,WELSPLSOLEQN,53.29,53.21,53.21,-0.08,-0.15,2000,106420,63.25,36.0
NEOGEN,NEOGENEQN,2209.8,2206.5,2206.5,-3.3,-0.15,202,445713,2483.9,966.7
SAREGAMA,SAREGAMAEQN,492.8,492.0,492.0,-0.8,-0.16,1159,570228,574.5,307.05
ORISSAMINE,ORISSAMINEEQN,4462.2,4455.0,4455.0,-7.2,-0.16,1,4455,6138.9,3100.5
TATATECH,TATATECHEQN,834.35,833.0,833.0,-1.35,-0.16,5711,4757263,891.0,507.4
STYLAMIND,STYLAMINDEQN,3507.5,3502.0,3502.0,-5.5,-0.16,69,241638,4150.0,1594.1
IREDA,IREDAEQN,117.02,116.83,116.83,-0.19,-0.16,24305,2839553,163.35,108.65
SUNPHARMA,SUNPHARMAEQN,1920.0,1917.0,1917.0,-3.0,-0.16,1586,3040362,2046.9,1548.0
WAAREERTL,WAAREERTLEQN,878.7,877.3,877.3,-1.4,-0.16,1107,971171,1358.0,779.5
BIRLANU,BIRLANUEQN,1442.3,1440.0,1440.0,-2.3,-0.16,28,40320,2086.9,1190.1
KISSHT,KISSHTEQN,306.3,305.8,305.8,-0.5,-0.16,2952,902721,351.5,190.0
AMBUJACEM,AMBUJACEMEQN,412.05,411.4,411.4,-0.65,-0.16,2392,984068,600.8,394.0
IRCON,IRCONEQN,122.4,122.21,122.21,-0.19,-0.16,6526,797542,189.5,114.5
BELRISE,BELRISEEQN,229.87,229.48,229.48,-0.39,-0.17,6389,1466147,268.2,135.16
SOUTHWEST,SOUTHWESTEQN,209.06,208.7,208.7,-0.36,-0.17,219,45705,275.0,121.0
RACLGEAR,RACLGEAREQN,1538.6,1536.0,1536.0,-2.6,-0.17,101,155136,1691.9,885.2
SKMEGGPROD,SKMEGGPRODEQN,257.55,257.1,257.1,-0.45,-0.17,4050,1041255,372.0,143.1
BALMLAWRIE,BALMLAWRIEEQN,177.8,177.5,177.5,-0.3,-0.17,664,117860,238.2,148.36
CEWATER,CEWATEREQN,267.5,267.05,267.05,-0.45,-0.17,489,130587,556.4,235.0
PENIND,PENINDEQN,162.28,162.0,162.0,-0.28,-0.17,2783,450846,279.9,129.1
POLYMED,POLYMEDEQN,1733.0,1730.1,1730.1,-2.9,-0.17,141,243944,2144.9,1182.0
WINDMACHIN,WINDMACHINEQN,301.9,301.4,301.4,-0.5,-0.17,156,47018,343.9,200.65
GODREJAGRO,GODREJAGROEQN,609.3,608.25,608.25,-1.05,-0.17,320,194640,760.0,506.1
INDIAMART,INDIAMARTEQN,1756.9,1754.0,1754.0,-2.9,-0.17,155,271870,2655.9,1722.3
JIOFIN,JIOFINEQN,238.4,238.0,238.0,-0.4,-0.17,85703,20397314,321.6,223.3
SENCO,SENCOEQN,354.85,354.25,354.25,-0.6,-0.17,1582,560423,430.0,276.0
OMAXE,OMAXEEQN,131.74,131.5,131.5,-0.24,-0.18,30892,4062298,134.3,62.5
RRKABEL,RRKABELEQN,2905.2,2900.0,2900.0,-5.2,-0.18,1244,3607600,2983.8,1165.0
AWL,AWLEQN,196.27,195.91,195.91,-0.36,-0.18,7764,1521045,282.9,171.19
ACC,ACCEQN,1306.4,1304.0,1304.0,-2.4,-0.18,353,460312,1987.0,1251.7
ESCORTS,ESCORTSEQN,3015.5,3010.1,3010.1,-5.4,-0.18,77,231777,4180.0,2700.0
FACT,FACTEQN,832.5,831.0,831.0,-1.5,-0.18,350,290850,1058.6,652.1
MIDHANI,MIDHANIEQN,417.75,417.0,417.0,-0.75,-0.18,1040,433680,456.6,266.65
ABCAPITAL,ABCAPITALEQN,405.55,404.8,404.8,-0.75,-0.18,6476,2621484,430.7,272.7
BMWVENTLTD,BMWVENTLTDEQN,56.65,56.55,56.55,-0.1,-0.18,728,41168,78.0,48.0
GRAUWEIL,GRAUWEILEQN,71.32,71.19,71.19,-0.13,-0.18,2016,143519,87.4,62.09
PROTEAN,PROTEANEQN,539.75,538.75,538.75,-1.0,-0.19,1768,952510,945.5,444.0
GODAVARIB,GODAVARIBEQN,239.05,238.6,238.6,-0.45,-0.19,107,25530,353.0,227.42
CHOICEIN,CHOICEINEQN,786.4,784.9,784.9,-1.5,-0.19,2300,1805270,860.5,568.7
THANGAMAYL,THANGAMAYLEQN,5440.5,5430.0,5430.0,-10.5,-0.19,299,1623570,7430.0,1939.5
DEEDEV,DEEDEVEQN,606.15,605.0,605.0,-1.15,-0.19,2316,1401180,760.0,183.0
STYLEBAAZA,STYLEBAAZAEQN,410.8,410.0,410.0,-0.8,-0.19,4717,1933970,447.1,229.95
AUBANK,AUBANKEQN,1077.1,1075.0,1075.0,-2.1,-0.19,1166,1253450,1144.1,682.15
OSWALPUMPS,OSWALPUMPSEQN,295.55,295.0,295.0,-0.55,-0.19,2863,844585,846.0,283.1
PICCADIL,PICCADILEQN,651.25,650.0,650.0,-1.25,-0.19,498,323700,809.7,515.0
RAYMONDREL,RAYMONDRELEQN,557.05,556.0,556.0,-1.05,-0.19,787,437572,734.9,349.0
JSWCEMENT,JSWCEMENTEQN,125.24,125.0,125.0,-0.24,-0.19,2633,329125,162.15,106.65
AEROPLANE,AEROPLANEEQN,174.82,174.49,174.49,-0.33,-0.19,57,9945,206.9,117.02
ARCHIDPLY,ARCHIDPLYEQN,105.23,105.02,105.02,-0.21,-0.2,40,4200,124.78,60.0
MONTECARLO,MONTECARLOEQN,539.55,538.45,538.45,-1.1,-0.2,13,6999,860.95,464.0
MUFIN,MUFINEQN,138.27,138.0,138.0,-0.27,-0.2,4842,668196,141.5,82.99
ALGOQUANT,ALGOQUANTEQN,64.56,64.43,64.43,-0.13,-0.2,113,7280,71.01,47.8
SBFC,SBFCEQN,98.75,98.55,98.55,-0.2,-0.2,2638,259974,123.0,79.6
JYOTICNC,JYOTICNCEQN,1039.4,1037.3,1037.3,-2.1,-0.2,1869,1938713,1055.9,580.1
GOODLUCK,GOODLUCKEQN,449.9,449.0,449.0,-0.9,-0.2,2128,955472,557.37,305.0
INDUSINDBK,INDUSINDBKEQN,994.0,992.0,992.0,-2.0,-0.2,1691,1677472,1077.85,710.6
MANYAVAR,MANYAVAREQN,547.8,546.7,546.7,-1.1,-0.2,342,186971,779.0,329.2
RHETAN,RHETANEQN,20.31,20.27,20.27,-0.04,-0.2,127620,2586857,34.87,20.17
GODREJPROP,GODREJPROPEQN,2029.1,2025.0,2025.0,-4.1,-0.2,565,1144125,2352.0,1434.0
ARVSMART,ARVSMARTEQN,661.4,660.05,660.05,-1.35,-0.2,220,145211,707.85,486.8
SPIC,SPICEQN,69.09,68.95,68.95,-0.14,-0.2,288,19857,128.2,55.1
TITAN,TITANEQN,5169.2,5159.0,5159.0,-10.2,-0.2,2014,10390226,5186.7,3303.1
UTKARSHBNK,UTKARSHBNKEQN,14.68,14.65,14.65,-0.03,-0.2,13981,204821,22.03,10.12
ADSL,ADSLEQN,106.21,106.0,106.0,-0.21,-0.2,226,23956,209.53,86.27
AEQUS,AEQUSEQN,245.99,245.5,245.5,-0.49,-0.2,4539,1114324,274.39,113.3
ADVENZYMES,ADVENZYMESEQN,299.8,299.2,299.2,-0.6,-0.2,137,40990,419.0,251.95
MARSONS,MARSONSEQN,133.17,132.91,132.91,-0.26,-0.2,10599,1408713,175.4,100.25
MFSL,MFSLEQN,1564.4,1561.3,1561.3,-3.1,-0.2,193,301330,1892.5,1433.6
AJAXENGG,AJAXENGGEQN,571.1,569.9,569.9,-1.2,-0.21,86,49011,728.5,394.8
UNIMECH,UNIMECHEQN,1503.1,1500.0,1500.0,-3.1,-0.21,894,1341000,1555.0,695.0
ELECTHERM,ELECTHERMEQN,1016.1,1014.0,1014.0,-2.1,-0.21,50,50700,1277.0,551.0
GREAVESCOT,GREAVESCOTEQN,194.41,194.0,194.0,-0.41,-0.21,2158,418652,271.9,119.99
SHREECEM,SHREECEMEQN,24000.0,23950.0,23950.0,-50.0,-0.21,72,1724400,30750.0,22550.0
RELIABLE,RELIABLEEQN,139.75,139.45,139.45,-0.3,-0.21,50,6972,175.0,104.74
KLBRENG-B,KLBRENG-BEQN,421.0,420.1,420.1,-0.9,-0.21,1652,694005,544.85,332.4
BLUESTONE,BLUESTONEEQN,794.7,793.0,793.0,-1.7,-0.21,2473,1961089,926.0,399.8
3IINFOLTD,3IINFOLTDBEN,23.85,23.8,23.8,-0.05,-0.21,1781,42387,27.8,12.68
AVROIND,AVROINDEQN,9.3,9.28,9.28,-0.02,-0.22,6669,61888,15.99,8.0
IRCTC,IRCTCEQN,485.65,484.6,484.6,-1.05,-0.22,4125,1998975,739.0,481.0
BDL,BDLEQN,1306.0,1303.1,1303.1,-2.9,-0.22,5139,6696630,1654.0,1086.0
CORONA,CORONAEQN,2079.5,2075.0,2075.0,-4.5,-0.22,62,128650,2270.1,1336.6
NTPCGREEN,NTPCGREENEQN,90.82,90.61,90.61,-0.21,-0.23,23266,2108132,119.95,84.0
HUBTOWN,HUBTOWNEQN,186.09,185.67,185.67,-0.42,-0.23,500,92835,362.8,168.15
5PAISA,5PAISAEQN,368.35,367.5,367.5,-0.85,-0.23,107,39322,416.95,245.5
TANLA,TANLAEQN,544.25,543.0,543.0,-1.25,-0.23,906,491958,766.0,365.9
SGFIN,SGFINEQN,684.55,683.0,683.0,-1.55,-0.23,269,183727,727.45,323.0
AMAGI,AMAGIEQN,570.8,569.5,569.5,-1.3,-0.23,95,54102,727.4,310.2
MUKKA,MUKKAEQN,25.06,25.0,25.0,-0.06,-0.24,2659,66475,31.23,18.27
CSBBANK,CSBBANKEQN,336.3,335.5,335.5,-0.8,-0.24,754,252967,574.4,312.95
INDNIPPON,INDNIPPONEQN,1061.6,1059.0,1059.0,-2.6,-0.24,37,39183,1278.2,675.0
CAPACITE,CAPACITEEQN,217.33,216.8,216.8,-0.53,-0.24,320,69376,334.0,180.0
ADANIGREEN,ADANIGREENEQN,1311.0,1307.8,1307.8,-3.2,-0.24,2218,2900700,1631.5,765.0
VMARCIND,VMARCINDSMN,376.0,375.05,375.05,-0.95,-0.25,3000,1125150,406.0,70.0
GUJAPOLLO,GUJAPOLLOEQN,345.25,344.4,344.4,-0.85,-0.25,20,6888,539.8,300.5
MSPL,MSPLEQN,36.39,36.3,36.3,-0.09,-0.25,2876,104398,46.12,26.25
JBMA,JBMAEQN,641.55,639.95,639.95,-1.6,-0.25,1005,643149,790.0,477.0
JAMNAAUTO,JAMNAAUTOEQN,120.8,120.5,120.5,-0.3,-0.25,5532,666606,152.6,89.74
RAILTEL,RAILTELEQN,278.9,278.2,278.2,-0.7,-0.25,1238,344411,412.9,245.0
RALLIS,RALLISEQN,209.63,209.1,209.1,-0.53,-0.25,2481,518777,371.9,207.53
APLAPOLLO,APLAPOLLOEQN,2265.6,2260.0,2260.0,-5.6,-0.25,1943,4391180,2301.4,1578.0
VAIBHAVGBL,VAIBHAVGBLEQN,221.55,221.0,221.0,-0.55,-0.25,895,197795,293.25,174.13
ASTERDM,ASTERDMEQN,748.4,746.55,746.55,-1.85,-0.25,816,609184,891.3,519.1
KITEX,KITEXEQN,128.4,128.08,128.08,-0.32,-0.25,470,60197,232.7,123.15
HGINFRA,HGINFRAEQN,496.5,495.25,495.25,-1.25,-0.25,287,142136,1049.95,429.5
OSWALSEEDS,OSWALSEEDSEQN,12.07,12.04,12.04,-0.03,-0.25,10,120,20.28,9.66
AMBALALSA,AMBALALSABEN,44.01,43.9,43.9,-0.11,-0.25,100,4390,49.98,30.15
VIVIDEL,VIVIDELSMN,1503.7,1500.0,1500.0,-3.7,-0.25,240,360000,1679.0,556.0
EKC,EKCEQN,108.87,108.6,108.6,-0.27,-0.25,440,47784,154.55,90.25
SHANKESH,SHANKESHEQN,91.73,91.5,91.5,-0.23,-0.25,13926,1274229,111.0,87.25
GVPIL,GVPILEQN,652.7,651.1,651.1,-1.6,-0.25,181,117849,1084.0,270.9
ZODIACLOTH,ZODIACLOTHEQN,73.19,73.0,73.0,-0.19,-0.26,30,2190,119.45,58.5
LT,LTEQN,4045.8,4035.1,4035.1,-10.7,-0.26,2589,10446873,4440.0,3288.1
MMFL,MMFLEQN,641.7,640.0,640.0,-1.7,-0.26,329,210560,687.95,288.1
IGPL,IGPLEQN,532.4,531.0,531.0,-1.4,-0.26,353,187443,541.0,315.0
ARE&M,ARE&MEQN,921.35,919.0,919.0,-2.35,-0.26,2770,2545630,1057.85,670.0
RCF,RCFEQN,119.81,119.5,119.5,-0.31,-0.26,2142,255969,164.49,106.0
SARLAPOLY,SARLAPOLYEQN,98.76,98.5,98.5,-0.26,-0.26,217,21374,111.0,68.4
SHREDIGCEM,SHREDIGCEMEQN,78.19,77.99,77.99,-0.2,-0.26,646,50381,100.8,53.9
SAKSOFT,SAKSOFTEQN,160.64,160.2,160.2,-0.44,-0.27,1064,170452,224.75,107.59
PIDILITIND,PIDILITINDEQN,1629.5,1625.1,1625.1,-4.4,-0.27,1665,2705791,1707.5,1259.0
JYOTHYLAB,JYOTHYLABEQN,207.4,206.85,206.85,-0.55,-0.27,1098,227121,347.0,188.1
BERGEPAINT,BERGEPAINTEQN,494.35,493.0,493.0,-1.35,-0.27,1295,638435,594.55,391.1
APCL,APCLEQN,100.27,100.0,100.0,-0.27,-0.27,304,30400,148.78,98.02
PATANJALI,PATANJALIEQN,348.45,347.5,347.5,-0.95,-0.27,15620,5427950,615.0,328.2
MMTC,MMTCEQN,63.07,62.9,62.9,-0.17,-0.27,4825,303492,78.35,50.1
SIGMAADV,SIGMAADVBEN,777.1,775.0,775.0,-2.1,-0.27,2836,2197900,801.0,126.73
SHARDUL,SHARDULBEN,52.14,52.0,52.0,-0.14,-0.27,195,10140,60.0,23.05
AARTISURF,AARTISURFBEN,541.5,540.0,540.0,-1.5,-0.28,12,6480,677.7,316.0
VIPIND,VIPINDEQN,305.8,304.95,304.95,-0.85,-0.28,251,76542,454.3,278.25
IXIGO,IXIGOEQN,163.36,162.9,162.9,-0.46,-0.28,894,145632,339.15,151.27
LIKHITHA,LIKHITHAEQN,208.88,208.3,208.3,-0.58,-0.28,195,40618,272.0,131.45
ABB,ABBEQN,7509.0,7488.0,7488.0,-21.0,-0.28,223,1669824,7924.5,4637.5
AGARIND,AGARINDEQN,465.3,464.0,464.0,-1.3,-0.28,76,35264,1006.0,360.0
DJML,DJMLEQN,72.19,71.99,71.99,-0.2,-0.28,280,20157,124.8,52.0
SHAKTIPUMP,SHAKTIPUMPEQN,493.55,492.1,492.1,-1.45,-0.29,1158,569851,915.0,456.35
BHARATRAS,BHARATRASEQN,1255.2,1251.5,1251.5,-3.7,-0.29,46,57569,2987.5,1203.0
VOLTAS,VOLTASEQN,1200.0,1196.5,1196.5,-3.5,-0.29,2137,2556920,1582.5,1186.8
MOIL,MOILEQN,258.25,257.5,257.5,-0.75,-0.29,1851,476632,404.9,242.35
BANKBARODA,BANKBARODAEQN,241.9,241.2,241.2,-0.7,-0.29,12980,3130776,325.5,230.81
MODIRUBBER,MODIRUBBEREQN,132.63,132.24,132.24,-0.39,-0.29,6,793,167.5,98.41
SECURKLOUD,SECURKLOUDEQN,17.4,17.35,17.35,-0.05,-0.29,10,173,34.18,16.01
TITAGARH,TITAGARHEQN,835.35,832.95,832.95,-2.4,-0.29,1149,957059,971.0,568.7
TBOTEK,TBOTEKEQN,1682.7,1677.7,1677.7,-5.0,-0.3,110,184547,1764.8,1004.2
EDELWEISS,EDELWEISSEQN,125.42,125.05,125.05,-0.37,-0.3,7863,983268,133.9,98.0
JAYNECOIND,JAYNECOINDEQN,99.1,98.8,98.8,-0.3,-0.3,12854,1269975,117.0,57.12
DBREALTY,DBREALTYEQN,107.37,107.05,107.05,-0.32,-0.3,7053,755023,184.8,83.5
JTEKTINDIA,JTEKTINDIAEQN,126.38,126.0,126.0,-0.38,-0.3,50,6300,188.5,117.01
MEESHO,MEESHOEQN,208.63,208.0,208.0,-0.63,-0.3,15630,3251040,254.4,125.56
UNIVASTU,UNIVASTUBEN,160.48,160.0,160.0,-0.48,-0.3,421,67360,178.98,56.02
DMART,DMARTEQN,3830.6,3819.1,3819.1,-11.5,-0.3,1544,5896690,4949.5,3529.0
SHREEPUSHK,SHREEPUSHKEQN,451.4,450.0,450.0,-1.4,-0.31,83,37350,481.5,272.45
HEXT,HEXTEQN,555.7,554.0,554.0,-1.7,-0.31,229,126866,807.75,400.2
SFL,SFLEQN,637.0,635.0,635.0,-2.0,-0.31,390,247650,832.45,456.8
JSWENERGY,JSWENERGYEQN,535.3,533.65,533.65,-1.65,-0.31,1314,701216,617.35,427.75
TMPV,TMPVEQN,319.4,318.4,318.4,-1.0,-0.31,34487,10980660,739.7,294.3
PACEDIGITK,PACEDIGITKEQN,176.15,175.6,175.6,-0.55,-0.31,1538,270072,231.95,139.81
SWELECTES,SWELECTESEQN,589.9,588.0,588.0,-1.9,-0.32,10,5880,977.0,483.1
PERSISTENT,PERSISTENTEQN,5875.0,5855.5,5855.5,-19.5,-0.33,1837,10756553,6599.0,4244.5
SANATHAN,SANATHANEQN,448.05,446.55,446.55,-1.5,-0.33,54,24113,551.95,352.6
MGL,MGLEQN,1092.6,1089.0,1089.0,-3.6,-0.33,1354,1474506,1378.0,900.0
ROTO,ROTOEQN,64.52,64.31,64.31,-0.21,-0.33,193,12411,85.53,47.5
LEMERITE,LEMERITEEQN,20.97,20.9,20.9,-0.07,-0.33,1052,21986,107.57,19.52
DBOL,DBOLEQN,125.42,125.0,125.0,-0.42,-0.33,188,23500,139.0,69.0
TVSMOTOR,TVSMOTOREQN,4304.2,4290.0,4290.0,-14.2,-0.33,3422,14680380,4484.5,3228.0
KRONOX,KRONOXBEN,179.59,179.0,179.0,-0.59,-0.33,376,67304,223.42,96.0
SPARC,SPARCEQN,207.71,207.0,207.0,-0.71,-0.34,5174,1071018,289.0,108.0
ULTRACEMCO,ULTRACEMCOEQN,11589.0,11550.0,11550.0,-39.0,-0.34,201,2321550,13110.0,10325.0
JKLAKSHMI,JKLAKSHMIEQN,540.85,539.0,539.0,-1.85,-0.34,736,396704,989.8,539.0
YUKEN,YUKENEQN,993.4,990.0,990.0,-3.4,-0.34,66,65340,1035.0,584.1
ORCHPHARMA,ORCHPHARMAEQN,975.6,972.3,972.3,-3.3,-0.34,30,29169,1133.0,480.0
TALBROAUTO,TALBROAUTOEQN,401.35,400.0,400.0,-1.35,-0.34,596,238400,451.6,219.9
ZENTEC,ZENTECEQN,1820.1,1814.0,1814.0,-6.1,-0.34,901,1634414,2043.7,1223.0
BAJEL,BAJELEQN,192.84,192.19,192.19,-0.65,-0.34,776,149139,226.69,135.1
ZYDUSLIFE,ZYDUSLIFEEQN,1191.0,1187.0,1187.0,-4.0,-0.34,1457,1729459,1205.0,835.5
VERANDA,VERANDAEQN,240.65,239.8,239.8,-0.85,-0.35,1274,305505,272.5,130.02
MOSCHIP,MOSCHIPEQN,219.77,219.0,219.0,-0.77,-0.35,14474,3169806,288.45,146.8
PNB,PNBEQN,115.4,115.0,115.0,-0.4,-0.35,24205,2783575,135.15,98.5
PAUSHAKLTD,PAUSHAKLTDEQN,776.7,774.0,774.0,-2.7,-0.35,29,22446,814.65,342.5
ELPROINTL,ELPROINTLEQN,174.71,174.1,174.1,-0.61,-0.35,335,58323,180.89,86.0
NETWORK18,NETWORK18EQN,28.8,28.7,28.7,-0.1,-0.35,21442,615385,58.1,27.38
DISHTV,DISHTVEQN,2.82,2.81,2.81,-0.01,-0.35,6727,18902,5.99,1.82
BRIGADE,BRIGADEEQN,642.25,640.0,640.0,-2.25,-0.35,295,188800,802.01,450.75
SAMMAANCAP,SAMMAANCAPEQN,145.8,145.27,145.27,-0.53,-0.36,11367,1651284,192.95,116.7
JETFREIGHT,JETFREIGHTEQN,22.39,22.31,22.31,-0.08,-0.36,14,312,25.95,11.9
MAANALU,MAANALUEQN,120.43,120.0,120.0,-0.43,-0.36,247,29640,184.74,100.0
KUSUMGAR,KUSUMGAREQN,563.1,561.05,561.05,-2.05,-0.36,762,427520,659.5,548.0
EIEL,EIELEQN,199.23,198.5,198.5,-0.73,-0.37,1802,357697,276.1,134.71
NYKAA,NYKAAEQN,335.65,334.4,334.4,-1.25,-0.37,6194,2071273,348.0,225.26
IRB,IRBEQN,19.07,19.0,19.0,-0.07,-0.37,48574,922906,23.95,18.76
HEMIPROP,HEMIPROPEQN,129.98,129.5,129.5,-0.48,-0.37,846,109557,190.69,111.2
NUVOCO,NUVOCOEQN,324.85,323.65,323.65,-1.2,-0.37,808,261509,477.5,276.25
TEXINFRA,TEXINFRAEQN,111.41,111.0,111.0,-0.41,-0.37,215,23865,118.0,82.5
KMEW,KMEWEQN,3051.9,3040.7,3040.7,-11.2,-0.37,504,1532512,3080.0,851.65
PAGEIND,PAGEINDEQN,35985.0,35850.0,35850.0,-135.0,-0.38,14,501900,45890.0,29805.0
SIGNATURE,SIGNATUREEQN,779.25,776.25,776.25,-3.0,-0.38,46,35707,1158.0,705.2
SCHAEFFLER,SCHAEFFLEREQN,4033.4,4018.0,4018.0,-15.4,-0.38,41,164738,4467.7,3518.4
TECHERA,TECHERASMN,169.1,168.45,168.45,-0.65,-0.38,800,134760,325.7,127.55
JAYKAY,JAYKAYEQN,154.11,153.53,153.53,-0.58,-0.38,1562,239813,203.43,106.96
FABTECH,FABTECHEQN,147.56,147.0,147.0,-0.56,-0.38,19,2793,262.8,132.7
KAVDEFENCE,KAVDEFENCEEQN,57.22,57.0,57.0,-0.22,-0.38,189,10773,162.87,51.51
HYUNDAI,HYUNDAIEQN,2267.0,2258.1,2258.1,-8.9,-0.39,1488,3360052,2890.0,1658.0
IKS,IKSEQN,1762.0,1755.1,1755.1,-6.9,-0.39,177,310652,1933.0,1262.0
JSWINFRA,JSWINFRAEQN,342.95,341.6,341.6,-1.35,-0.39,2935,1002596,355.8,233.42
RUPA,RUPAEQN,149.49,148.9,148.9,-0.59,-0.39,399,59411,212.84,109.21
SULA,SULAEQN,147.58,147.01,147.01,-0.57,-0.39,1097,161269,296.8,138.6
CIPLA,CIPLAEQN,1423.5,1418.0,1418.0,-5.5,-0.39,2993,4244074,1673.0,1165.7
ASAHIINDIA,ASAHIINDIAEQN,952.7,948.9,948.9,-3.8,-0.4,784,743937,1074.0,775.1
HUDCO,HUDCOEQN,183.23,182.5,182.5,-0.73,-0.4,5355,977287,246.85,159.0
GKENERGY,GKENERGYEQN,138.46,137.9,137.9,-0.56,-0.4,5082,700807,239.6,87.2
MEIL,MEILEQN,299.4,298.2,298.2,-1.2,-0.4,293,87372,573.7,206.26
KIRLOSIND,KIRLOSINDEQN,3715.1,3700.0,3700.0,-15.1,-0.41,5,18500,4574.8,2463.0
ROUTE,ROUTEEQN,509.35,507.25,507.25,-2.1,-0.41,173,87754,890.4,410.7
SKIPPER,SKIPPEREQN,546.25,544.0,544.0,-2.25,-0.41,1113,605472,593.0,327.05
TATACONSUM,TATACONSUMEQN,1040.7,1036.4,1036.4,-4.3,-0.41,1767,1831318,1282.7,1007.2
EMKAY,EMKAYEQN,251.59,250.56,250.56,-1.03,-0.41,1,250,409.9,186.0
DHANUKA,DHANUKAEQN,976.1,972.0,972.0,-4.1,-0.42,101,98172,1654.4,889.6
M&M,M&MEQN,3334.0,3320.0,3320.0,-14.0,-0.42,9118,30271760,3839.9,2896.0
DHAMPURSUG,DHAMPURSUGEQN,175.23,174.5,174.5,-0.73,-0.42,3862,673919,199.92,110.0
HESTERBIO,HESTERBIOEQN,2302.3,2292.6,2292.6,-9.7,-0.42,1,2292,2683.6,1239.3
TIINDIA,TIINDIAEQN,2840.0,2828.0,2828.0,-12.0,-0.42,184,520352,3419.9,2164.9
CARERATING,CARERATINGEQN,1682.1,1675.0,1675.0,-7.1,-0.42,69,115575,1838.0,1392.7
HIMATSEIDE,HIMATSEIDEEQN,71.31,71.01,71.01,-0.3,-0.42,649,46085,134.7,69.06
GODREJCP,GODREJCPEQN,915.0,911.2,911.2,-3.8,-0.42,1005,915756,1309.0,906.3
SMSPHARMA,SMSPHARMAEQN,355.55,354.05,354.05,-1.5,-0.42,101,35759,447.8,221.02
SUPREMEIND,SUPREMEINDEQN,3636.9,3621.5,3621.5,-15.4,-0.42,195,706192,4642.7,3140.0
GLOBALVECT,GLOBALVECTEQN,145.92,145.3,145.3,-0.62,-0.42,5,726,248.0,129.0
VENUSREM,VENUSREMBEN,1626.7,1619.9,1619.9,-6.8,-0.42,182,294821,2044.3,424.0
KMSUGAR,KMSUGAREQN,32.64,32.5,32.5,-0.14,-0.43,3693,120022,36.5,23.0
SJVN,SJVNEQN,64.88,64.6,64.6,-0.28,-0.43,13730,886958,100.31,63.02
RPTECH,RPTECHEQN,828.55,825.0,825.0,-3.55,-0.43,728,600600,967.7,276.55
JINDALSTEL,JINDALSTELEQN,1179.2,1174.1,1174.1,-5.1,-0.43,1162,1364304,1306.2,943.3
POCL,POCLEQN,509.2,507.0,507.0,-2.2,-0.43,449,227643,647.6,392.2
LAOPALA,LAOPALAEQN,175.95,175.2,175.2,-0.75,-0.43,347,60794,262.0,162.1
IFBIND,IFBINDEQN,1336.8,1331.1,1331.1,-5.7,-0.43,100,133110,2019.8,883.2
CAMS,CAMSEQN,762.0,758.75,758.75,-3.25,-0.43,4492,3408305,844.9,611.4
WIPRO,WIPROEQN,180.95,180.17,180.17,-0.78,-0.43,41904,7549843,273.1,169.0
VIKRAMSOLR,VIKRAMSOLREQN,172.71,171.97,171.97,-0.74,-0.43,6041,1038870,407.95,155.38
GREENPANEL,GREENPANELEQN,161.06,160.36,160.36,-0.7,-0.43,632,101347,333.8,155.01
SIGNPOST,SIGNPOSTEQN,260.15,259.0,259.0,-1.15,-0.44,61,15799,336.8,191.41
ASHOKLEY,ASHOKLEYEQN,175.77,175.0,175.0,-0.77,-0.44,50012,8752100,215.42,125.85
PERMAGN,PERMAGNEQN,893.95,890.0,890.0,-3.95,-0.44,12,10680,929.0,784.05
SATIA,SATIAEQN,57.76,57.5,57.5,-0.26,-0.45,476,27370,86.0,50.8
SUPRAJIT,SUPRAJITEQN,505.25,503.0,503.0,-2.25,-0.45,145,72935,559.25,389.95
BANCOINDIA,BANCOINDIAEQN,624.4,621.6,621.6,-2.8,-0.45,270,167832,879.8,502.0
APTUS,APTUSEQN,256.15,255.0,255.0,-1.15,-0.45,761,194055,353.25,193.03
SWSOLAR,SWSOLAREQN,195.37,194.5,194.5,-0.87,-0.45,4152,807564,281.7,148.0
AMBIKCO,AMBIKCOEQN,1638.3,1631.0,1631.0,-7.3,-0.45,46,75026,1931.0,1101.0
CHOLAHLDNG,CHOLAHLDNGEQN,1498.8,1492.0,1492.0,-6.8,-0.45,96,143232,2064.0,1305.0
HEG,HEGEQN,737.35,734.0,734.0,-3.35,-0.45,2752,2019968,749.0,459.8
20MICRONS,20MICRONSEQN,222.0,221.01,221.01,-0.99,-0.45,336,74259,238.26,129.61
LKPSEC,LKPSECEQN,15.44,15.37,15.37,-0.07,-0.45,1,15,18.43,14.51
KROSS,KROSSEQN,213.99,213.0,213.0,-0.99,-0.46,611,130143,237.6,150.52
NIVABUPA,NIVABUPAEQN,81.8,81.42,81.42,-0.38,-0.46,5153,419557,91.4,67.5
AURUM,AURUMEQN,232.98,231.9,231.9,-1.08,-0.46,182,42205,264.64,151.9
NBCC,NBCCEQN,87.5,87.1,87.1,-0.4,-0.46,47994,4180277,125.85,77.18
CENTRALBK,CENTRALBKEQN,30.54,30.4,30.4,-0.14,-0.46,29658,901603,40.92,29.32
KELLTONTEC,KELLTONTECEQN,15.07,15.0,15.0,-0.07,-0.46,19265,288975,28.13,13.0
LATENTVIEW,LATENTVIEWEQN,279.6,278.3,278.3,-1.3,-0.46,646,179781,517.5,248.0
HINDUNILVR,HINDUNILVREQN,2010.4,2001.1,2001.1,-9.3,-0.46,4506,9016956,2750.0,1997.5
ANGELONE,ANGELONEEQN,294.0,292.65,292.65,-1.35,-0.46,2533,741282,360.45,208.63
MPHASIS,MPHASISEQN,2455.0,2443.7,2443.7,-11.3,-0.46,480,1172976,3037.2,2013.0
UNIINFO,UNIINFOEQN,10.97,10.92,10.92,-0.05,-0.46,4,43,20.7,9.36
TARACHAND,TARACHANDEQN,48.22,48.0,48.0,-0.22,-0.46,300,14400,103.67,46.01
CAPITALSFB,CAPITALSFBEQN,281.65,280.35,280.35,-1.3,-0.46,69,19344,323.7,206.55
GMRAIRPORT,GMRAIRPORTEQN,98.31,97.85,97.85,-0.46,-0.47,43330,4239840,115.64,84.11
PNCINFRA,PNCINFRAEQN,195.22,194.3,194.3,-0.92,-0.47,1187,230634,325.0,158.17
PCBL,PCBLEQN,322.1,320.6,320.6,-1.5,-0.47,648,207748,425.95,226.5
WALCHANNAG,WALCHANNAGEQN,221.09,220.05,220.05,-1.04,-0.47,1422,312911,315.8,131.15
INDIACEM,INDIACEMEQN,369.75,368.0,368.0,-1.75,-0.47,72,26496,485.8,342.35
INFY,INFYEQN,1144.0,1138.6,1138.6,-5.4,-0.47,20668,23532584,1728.0,982.4
VINATIORGA,VINATIORGAEQN,1325.2,1319.0,1319.0,-6.2,-0.47,94,123986,1849.9,1203.0
PRITIKAUTO,PRITIKAUTOBEN,17.09,17.01,17.01,-0.08,-0.47,609,10359,20.99,10.41
KAMDHENU,KAMDHENUBEN,36.17,36.0,36.0,-0.17,-0.47,2236,80496,37.06,16.15
SIMBHALS,SIMBHALSBZN,8.6,8.56,8.56,-0.04,-0.47,731,6257,15.99,6.47
GAJA,GAJAEQN,158.66,157.91,157.91,-0.75,-0.47,7656,1208958,191.65,156.91
PPAP,PPAPBEN,259.25,258.0,258.0,-1.25,-0.48,16,4128,379.5,176.0
OBEROIRLTY,OBEROIRLTYEQN,1870.0,1861.0,1861.0,-9.0,-0.48,419,779759,1986.1,1391.2
MCX,MCXEQN,3332.0,3316.0,3316.0,-16.0,-0.48,8933,29621828,3480.0,1460.8
MCLEODRUSS,MCLEODRUSSEQN,49.81,49.57,49.57,-0.24,-0.48,854,42332,78.41,28.5
RADIANTCMS,RADIANTCMSEQN,39.27,39.08,39.08,-0.19,-0.48,2509,98051,62.3,32.33
FEDERALBNK,FEDERALBNKEQN,344.25,342.6,342.6,-1.65,-0.48,13790,4724454,371.7,188.4
KSB,KSBEQN,793.85,790.0,790.0,-3.85,-0.48,335,264650,1028.3,666.65
JSLL,JSLLEQN,512.5,510.05,510.05,-2.45,-0.48,1187,605429,849.5,492.0
NGLFINE,NGLFINEEQN,2813.4,2800.0,2800.0,-13.4,-0.48,166,464800,3602.0,1271.0
KAYA,KAYABEN,327.35,325.75,325.75,-1.6,-0.49,1,325,487.9,224.01
LIBERTSHOE,LIBERTSHOEEQN,244.35,243.15,243.15,-1.2,-0.49,30,7294,404.95,210.5
AYMSYNTEX,AYMSYNTEXEQN,254.4,253.15,253.15,-1.25,-0.49,7,1772,281.22,141.53
RADICO,RADICOEQN,4605.0,4582.6,4582.6,-22.4,-0.49,437,2002596,4747.0,2500.0
LGBBROSLTD,LGBBROSLTDEQN,1717.7,1709.2,1709.2,-8.5,-0.49,71,121353,2048.0,1246.5
MEDANTA,MEDANTAEQN,1472.2,1465.0,1465.0,-7.2,-0.49,800,1172000,1544.0,956.0
CMSINFO,CMSINFOEQN,242.55,241.35,241.35,-1.2,-0.49,924,223007,432.85,239.0
MARKSANS,MARKSANSEQN,329.7,328.1,328.1,-1.6,-0.49,4625,1517462,345.5,155.0
HERITGFOOD,HERITGFOODEQN,370.55,368.75,368.75,-1.8,-0.49,567,209081,540.0,292.55
HPAL,HPALEQN,34.86,34.69,34.69,-0.17,-0.49,720,24976,53.0,26.52
FIVESTAR,FIVESTAREQN,537.85,535.2,535.2,-2.65,-0.49,255,136476,666.0,338.15
EASTSILK,EASTSILKBEN,64.99,64.67,64.67,-0.32,-0.49,1,64,99.25,33.7
GKSL,GKSLEQN,160.64,159.85,159.85,-0.79,-0.49,1623,259436,163.44,98.36
INDRAMEDCO,INDRAMEDCOEQN,368.05,366.2,366.2,-1.85,-0.5,491,179804,640.85,342.0
HIRECT,HIRECTEQN,1237.8,1231.6,1231.6,-6.2,-0.5,34,41874,1399.0,565.2
INDIANB,INDIANBEQN,882.4,878.0,878.0,-4.4,-0.5,1521,1335438,1000.9,642.6
PNBHOUSING,PNBHOUSINGEQN,1169.9,1164.0,1164.0,-5.9,-0.5,192,223488,1211.5,729.6
RENUKA,RENUKAEQN,24.14,24.02,24.02,-0.12,-0.5,66718,1602566,33.5,21.05
PRUDENT,PRUDENTEQN,3421.3,3404.3,3404.3,-17.0,-0.5,59,200853,3509.9,2121.0
RPGLIFE,RPGLIFEEQN,2537.6,2525.0,2525.0,-12.6,-0.5,42,106050,3082.0,1733.0
HAL,HALEQN,4861.1,4836.9,4836.9,-24.2,-0.5,1295,6263785,5149.9,3479.1
GRANULES,GRANULESEQN,836.65,832.5,832.5,-4.15,-0.5,1466,1220445,910.0,466.0
ZEEL,ZEELEQN,101.51,101.0,101.0,-0.51,-0.5,210432,21253632,121.8,68.0
VISAKAIND,VISAKAINDEQN,89.65,89.2,89.2,-0.45,-0.5,389,34698,104.41,50.2
AGSTRA,AGSTRABZN,2.01,2.0,2.0,-0.01,-0.5,1323,2646,5.95,1.88
TERASOFT,TERASOFTEQN,297.8,296.3,296.3,-1.5,-0.5,137,40593,598.0,285.0
OMFREIGHT,OMFREIGHTBEN,90.0,89.55,89.55,-0.45,-0.5,33,2955,114.33,58.95
BETA,BETAEQN,2201.0,2190.0,2190.0,-11.0,-0.5,23,50370,2807.9,990.1
EMIL,EMILEQN,177.35,176.47,176.47,-0.88,-0.5,3061,540174,196.74,84.9
DECNGOLD,DECNGOLDEQN,227.64,226.5,226.5,-1.14,-0.5,5050,1143825,250.8,114.8
RML,RMLEQN,1126.7,1121.0,1121.0,-5.7,-0.51,6,6726,1323.9,608.5
MAGADSUGAR,MAGADSUGAREQN,584.15,581.2,581.2,-2.95,-0.51,312,181334,634.95,417.0
DATAMATICS,DATAMATICSEQN,791.9,787.9,787.9,-4.0,-0.51,70,55153,1054.0,632.0
RICOAUTO,RICOAUTOEQN,129.41,128.75,128.75,-0.66,-0.51,2621,337453,157.99,78.92
METROBRAND,METROBRANDEQN,936.7,931.9,931.9,-4.8,-0.51,99,92258,1340.4,883.0
ANANTRAJ,ANANTRAJEQN,606.15,603.0,603.0,-3.15,-0.52,5798,3496194,743.65,403.0
COCHINSHIP,COCHINSHIPEQN,1535.0,1527.0,1527.0,-8.0,-0.52,1759,2685993,1979.9,1187.0
RBLBANK,RBLBANKEQN,382.0,380.0,380.0,-2.0,-0.52,4715,1791700,394.5,243.25
PGHL,PGHLEQN,5670.5,5641.0,5641.0,-29.5,-0.52,19,107179,6975.0,4707.0
KIMS,KIMSEQN,771.0,767.0,767.0,-4.0,-0.52,404,309868,858.0,575.8
CENTRUM,CENTRUMEQN,23.05,22.93,22.93,-0.12,-0.52,520,11923,38.5,19.66
PROSTARM,PROSTARMEQN,135.31,134.61,134.61,-0.7,-0.52,176,23691,237.0,114.64
WENDT,WENDTEQN,8243.5,8201.0,8201.0,-42.5,-0.52,8,65608,10341.0,5841.5
STYL,STYLEQN,402.1,400.0,400.0,-2.1,-0.52,90,36000,437.45,209.11
ASHAPURMIN,ASHAPURMINEQN,582.1,579.0,579.0,-3.1,-0.53,968,560472,924.9,455.1
CHOLAFIN,CHOLAFINEQN,1862.9,1853.0,1853.0,-9.9,-0.53,597,1106241,1952.5,1299.4
ASHIMASYN,ASHIMASYNEQN,18.83,18.73,18.73,-0.1,-0.53,300,5619,26.0,11.5
RAMKY,RAMKYEQN,358.5,356.6,356.6,-1.9,-0.53,185,65971,705.0,357.2
ZOTA,ZOTAEQN,1082.7,1077.0,1077.0,-5.7,-0.53,6,6462,1740.0,1026.2
JKCEMENT,JKCEMENTEQN,5168.5,5141.0,5141.0,-27.5,-0.53,24,123384,7124.5,4671.5
GULFPETRO,GULFPETROBEN,67.76,67.4,67.4,-0.36,-0.53,1141,76903,71.4,23.25
DCMSRIND,DCMSRINDEQN,46.98,46.73,46.73,-0.25,-0.53,493,23037,181.9,31.9
NMDC,NMDCEQN,86.76,86.3,86.3,-0.46,-0.53,43104,3719875,97.49,68.19
ZFCVINDIA,ZFCVINDIAEQN,2568.0,2554.4,2554.4,-13.6,-0.53,60,153264,3044.0,2050.33
SHIPROCKET,SHIPROCKETEQN,125.4,124.74,124.74,-0.66,-0.53,29366,3663114,156.9,124.0
UPL,UPLEQN,571.0,568.0,568.0,-3.0,-0.53,2159,1226312,812.2,557.95
ITI,ITIEQN,275.5,274.0,274.0,-1.5,-0.54,258,70692,372.85,237.0
SCILAL,SCILALEQN,40.38,40.16,40.16,-0.22,-0.54,895,35943,55.0,34.3
SHAILY,SHAILYEQN,3270.4,3252.8,3252.8,-17.6,-0.54,107,348049,3615.2,1770.9
FRACTAL,FRACTALEQN,844.3,839.75,839.75,-4.55,-0.54,1997,1676980,1118.0,733.7
WANBURY,WANBURYEQN,257.5,256.1,256.1,-1.4,-0.54,247,63256,358.85,161.5
DLF,DLFEQN,679.8,676.15,676.15,-3.65,-0.54,3512,2374638,794.8,489.4
KEI,KEIEQN,5570.0,5540.0,5540.0,-30.0,-0.54,295,1634300,5899.0,3728.7
PCJEWELLER,PCJEWELLEREQN,10.94,10.88,10.88,-0.06,-0.55,1093056,11892449,15.38,7.47
SONACOMS,SONACOMSEQN,815.0,810.5,810.5,-4.5,-0.55,2810,2277505,844.0,402.3
HINDPETRO,HINDPETROEQN,364.0,362.0,362.0,-2.0,-0.55,19683,7125246,508.45,316.2
GPTINFRA,GPTINFRAEQN,111.91,111.3,111.3,-0.61,-0.55,664,73903,150.0,96.22
HDFCLIFE,HDFCLIFEEQN,548.0,545.0,545.0,-3.0,-0.55,2698,1470410,803.0,530.5
MOTHERSON,MOTHERSONEQN,165.6,164.69,164.69,-0.91,-0.55,21987,3621039,173.27,91.1
AHLADA,AHLADAEQN,38.06,37.85,37.85,-0.21,-0.55,5,189,72.0,31.22
YASHO,YASHOEQN,4338.8,4315.0,4315.0,-23.8,-0.55,88,379720,4994.0,1130.0
CGPOWER,CGPOWEREQN,889.0,884.15,884.15,-4.85,-0.55,6676,5902585,980.9,525.5
EVEREADY,EVEREADYEQN,337.1,335.2,335.2,-1.9,-0.56,48,16089,475.2,259.65
ENTERO,ENTEROEQN,1808.6,1798.5,1798.5,-10.1,-0.56,1034,1859649,1838.0,944.0
KOTHARIPET,KOTHARIPETEQN,131.15,130.41,130.41,-0.74,-0.56,5,652,174.0,94.75
UFO,UFOEQN,66.49,66.12,66.12,-0.37,-0.56,55,3636,92.97,53.75
HONASA,HONASAEQN,470.65,468.0,468.0,-2.65,-0.56,2234,1045512,509.8,248.4
INDIGOPNTS,INDIGOPNTSEQN,1151.8,1145.2,1145.2,-6.6,-0.57,167,191248,1345.9,708.05
HCC,HCCEQN,24.64,24.5,24.5,-0.14,-0.57,178877,4382486,28.5,13.65
WSTCSTPAPR,WSTCSTPAPREQN,612.5,609.0,609.0,-3.5,-0.57,113,68817,655.0,375.0
OAL,OALEQN,487.8,485.0,485.0,-2.8,-0.57,2166,1050510,492.7,228.0
RIIL,RIILEQN,761.45,757.0,757.0,-4.45,-0.58,204,154428,964.9,617.35
HINDWAREAP,HINDWAREAPEQN,191.61,190.5,190.5,-1.11,-0.58,106,20193,392.7,170.5
ABINFRA,ABINFRABEN,11.82,11.75,11.75,-0.07,-0.59,4125,48468,23.56,8.82
PARACABLES,PARACABLESEQN,62.37,62.0,62.0,-0.37,-0.59,12517,776054,75.7,28.3
STARHEALTH,STARHEALTHEQN,573.5,570.1,570.1,-3.4,-0.59,596,339779,624.9,416.55
AWHCL,AWHCLEQN,387.3,385.0,385.0,-2.3,-0.59,179,68915,616.0,372.5
GULFOILLUB,GULFOILLUBEQN,1143.9,1137.1,1137.1,-6.8,-0.59,2136,2428845,1329.0,865.0
GEMAROMA,GEMAROMAEQN,168.75,167.75,167.75,-1.0,-0.59,260,43615,325.75,133.0
LOTUSDEV,LOTUSDEVBEN,186.61,185.5,185.5,-1.11,-0.59,383,71046,207.5,102.2
GVT&D,GVT&DEQN,4339.2,4313.0,4313.0,-26.2,-0.6,1048,4520024,5650.0,2523.2
SBIN,SBINEQN,1047.5,1041.2,1041.2,-6.3,-0.6,25183,26220539,1234.7,798.5
MACPOWER,MACPOWEREQN,2007.1,1995.0,1995.0,-12.1,-0.6,192,383040,2050.0,761.0
SCODATUBES,SCODATUBESEQN,132.59,131.8,131.8,-0.79,-0.6,137,18056,187.7,110.0
GFLLIMITED,GFLLIMITEDEQN,54.28,53.95,53.95,-0.33,-0.61,111,5988,81.0,37.25
KINGFA,KINGFAEQN,5947.0,5910.5,5910.5,-36.5,-0.61,20,118210,6200.0,3649.9
JMFINANCIL,JMFINANCILEQN,129.29,128.5,128.5,-0.79,-0.61,6495,834607,195.6,112.0
BHARTIHEXA,BHARTIHEXAEQN,1550.1,1540.6,1540.6,-9.5,-0.61,80,123248,1955.6,1430.0
CCL,CCLEQN,1123.1,1116.2,1116.2,-6.9,-0.61,470,524614,1242.2,815.5
TVSSCS,TVSSCSEQN,131.56,130.75,130.75,-0.81,-0.62,1197,156507,146.5,90.32
DALMIASUG,DALMIASUGEQN,477.95,475.0,475.0,-2.95,-0.62,1841,874475,520.0,261.4
TATASTEEL,TATASTEELEQN,186.5,185.35,185.35,-1.15,-0.62,63310,11734508,224.4,153.05
INDHOTEL,INDHOTELEQN,706.4,702.0,702.0,-4.4,-0.62,2630,1846260,792.55,565.0
LLOYDSENGG,LLOYDSENGGEQN,86.74,86.2,86.2,-0.54,-0.62,37076,3195951,99.75,37.4
EIDPARRY,EIDPARRYEQN,805.3,800.3,800.3,-5.0,-0.62,1381,1105214,1176.0,698.2
SHRIRAMFIN,SHRIRAMFINEQN,1086.9,1080.0,1080.0,-6.9,-0.63,14876,16066080,1153.7,566.5
BSOFT,BSOFTEQN,300.9,299.0,299.0,-1.9,-0.63,5824,1741376,474.0,270.2
NELCAST,NELCASTEQN,119.85,119.1,119.1,-0.75,-0.63,300,35730,173.2,85.98
AXISBANK,AXISBANKEQN,1265.0,1257.0,1257.0,-8.0,-0.63,9699,12191643,1418.3,1042.5
BBTC,BBTCEQN,1563.2,1553.3,1553.3,-9.9,-0.63,1341,2082975,2135.0,1314.6
IMFA,IMFAEQN,1370.7,1362.0,1362.0,-8.7,-0.63,430,585660,1679.9,837.3
BFINVEST,BFINVESTEQN,442.8,440.0,440.0,-2.8,-0.63,181,79640,584.7,315.0
UDS,UDSEQN,222.48,221.07,221.07,-1.41,-0.63,20,4421,264.67,125.1
DEVYANI,DEVYANIEQN,139.94,139.05,139.05,-0.89,-0.64,16582,2305727,191.0,91.55
KOTAKBANK,KOTAKBANKEQN,423.7,421.0,421.0,-2.7,-0.64,16488,6941448,453.2,345.5
RELIANCE,RELIANCEEQN,1287.0,1278.7,1278.7,-8.3,-0.64,118638,151702410,1611.8,1249.8
RADAAN,RADAANEQN,3.12,3.1,3.1,-0.02,-0.64,605,1875,3.99,2.35
HDBFS,HDBFSEQN,679.35,675.0,675.0,-4.35,-0.64,2160,1458000,801.1,555.3
DCXINDIA,DCXINDIAEQN,177.81,176.65,176.65,-1.16,-0.65,802,141673,286.0,153.3
KCP,KCPEQN,168.69,167.6,167.6,-1.09,-0.65,27,4525,212.2,125.0
BHAGCHEM,BHAGCHEMEQN,277.9,276.1,276.1,-1.8,-0.65,361,99672,316.9,170.6
CFEL,CFELEQN,31.0,30.8,30.8,-0.2,-0.65,150,4620,35.2,24.36
SAPPHIRE,SAPPHIREEQN,231.5,230.0,230.0,-1.5,-0.65,6896,1586080,347.9,139.91
UFBL,UFBLBEN,763.8,758.8,758.8,-5.0,-0.65,736,558476,850.0,172.34
NESTLEIND,NESTLEINDEQN,1454.6,1445.1,1445.1,-9.5,-0.65,785,1134403,1553.0,1145.0
IIFL,IIFLEQN,659.25,654.95,654.95,-4.3,-0.65,4830,3163408,705.0,409.1
MANGALAM,MANGALAMEQN,31.94,31.73,31.73,-0.21,-0.66,177,5616,82.36,22.8
KIOCL,KIOCLEQN,386.55,384.0,384.0,-2.55,-0.66,222,85248,634.55,290.65
LUMAXIND,LUMAXINDEQN,6071.0,6031.0,6031.0,-40.0,-0.66,30,180930,6934.5,3975.9
ATUL,ATULEQN,6459.5,6417.0,6417.0,-42.5,-0.66,121,776457,7180.0,5560.5
JUBLINGREA,JUBLINGREAEQN,683.5,679.0,679.0,-4.5,-0.66,711,482769,795.0,537.3
CANBK,CANBKEQN,128.35,127.5,127.5,-0.85,-0.66,47682,6079455,162.89,103.55
INDIANHUME,INDIANHUMEEQN,386.55,384.0,384.0,-2.55,-0.66,111,42624,432.0,279.8
RAIN,RAINEQN,199.31,198.0,198.0,-1.31,-0.66,5820,1152360,252.0,99.9
KSHITIJPOL,KSHITIJPOLEQN,3.05,3.03,3.03,-0.02,-0.66,10383,31460,7.2,1.88
ANNAPURNA,ANNAPURNAEQN,144.65,143.7,143.7,-0.95,-0.66,6,862,287.0,120.75
SIEMENS,SIEMENSEQN,4089.0,4061.4,4061.4,-27.6,-0.67,677,2749567,4149.4,2826.0
ESTER,ESTEREQN,93.73,93.1,93.1,-0.63,-0.67,1,93,132.45,68.55
J&KBANK,J&KBANKEQN,150.01,149.0,149.0,-1.01,-0.67,2016,300384,201.75,97.35
NILKAMAL,NILKAMALEQN,2071.9,2058.0,2058.0,-13.9,-0.67,283,582414,2118.6,1050.5
MTARTECH,MTARTECHBEN,6997.0,6950.0,6950.0,-47.0,-0.67,361,2508950,8714.0,1390.5
PATELENG,PATELENGEQN,28.34,28.15,28.15,-0.19,-0.67,13875,390581,41.13,22.0
LANDMARK,LANDMARKEQN,503.35,500.0,500.0,-3.35,-0.67,462,231000,662.8,339.5
UTTAMSUGAR,UTTAMSUGAREQN,299.55,297.5,297.5,-2.05,-0.68,1668,496230,359.3,181.1
STYRENIX,STYRENIXEQN,2020.8,2007.0,2007.0,-13.8,-0.68,144,289008,2738.7,1780.0
TARSONS,TARSONSEQN,332.25,330.0,330.0,-2.25,-0.68,459,151470,375.0,164.45
TI,TIEQN,567.2,563.3,563.3,-3.9,-0.69,917,516546,594.55,381.55
GICHSGFIN,GICHSGFINEQN,141.03,140.05,140.05,-0.98,-0.69,67,9383,184.0,130.05
TIMETECHNO,TIMETECHNOEQN,186.29,185.0,185.0,-1.29,-0.69,3905,722425,249.15,154.0
JSWDULUX,JSWDULUXEQN,3110.8,3089.2,3089.2,-21.6,-0.69,158,488093,3745.0,2658.7
KUANTUM,KUANTUMEQN,72.54,72.03,72.03,-0.51,-0.7,49,3529,121.29,65.01
MAHLOG,MAHLOGEQN,392.75,390.0,390.0,-2.75,-0.7,240,93600,450.0,275.05
CONTROLPR,CONTROLPREQN,598.2,594.0,594.0,-4.2,-0.7,66,39204,899.0,517.0
JISLJALEQS,JISLJALEQSEQN,28.7,28.5,28.5,-0.2,-0.7,10941,311818,59.0,26.11
INDIGO,INDIGOEQN,5166.0,5130.0,5130.0,-36.0,-0.7,1256,6443280,5970.0,3895.2
PRAMODINI,PRAMODINISTN,114.8,114.0,114.0,-0.8,-0.7,2400,273600,125.95,114.0
ARIHANT,ARIHANTEQN,958.9,952.2,952.2,-6.7,-0.7,19,18091,1225.0,715.1
LLOYDSENT,LLOYDSENTEQN,73.53,73.01,73.01,-0.52,-0.71,1952,142515,84.7,40.69
DELTACORP,DELTACORPEQN,59.43,59.01,59.01,-0.42,-0.71,5131,302780,97.18,48.3
BALRAMCHIN,BALRAMCHINEQN,654.85,650.2,650.2,-4.65,-0.71,9441,6138538,780.95,393.55
HOMEFIRST,HOMEFIRSTEQN,1198.3,1189.8,1189.8,-8.5,-0.71,189,224872,1317.7,893.7
UNIONBANK,UNIONBANKEQN,186.0,184.68,184.68,-1.32,-0.71,16246,3000311,205.49,124.64
E2E,E2EBEN,616.4,612.05,612.05,-4.35,-0.71,3479,2129321,698.0,183.36
CONCOR,CONCOREQN,516.0,512.3,512.3,-3.7,-0.72,2845,1457493,569.8,421.45
ASIANPAINT,ASIANPAINTEQN,2608.7,2590.0,2590.0,-18.7,-0.72,1368,3543120,2985.7,2115.0
HINDALCO,HINDALCOEQN,1037.4,1029.9,1029.9,-7.5,-0.72,7653,7881824,1176.0,697.0
IOC,IOCEQN,137.1,136.11,136.11,-0.99,-0.72,47283,6435689,188.96,130.22
RAJRATAN,RAJRATANEQN,496.65,493.0,493.0,-3.65,-0.73,420,207060,563.95,305.55
NAHARINDUS,NAHARINDUSEQN,135.99,135.0,135.0,-0.99,-0.73,11,1485,154.0,83.05
EICHERMOT,EICHERMOTEQN,8059.0,8000.0,8000.0,-59.0,-0.73,769,6152000,8230.0,6070.0
KOHINOOR,KOHINOOREQN,34.45,34.2,34.2,-0.25,-0.73,22,752,38.47,19.2
RAMCOIND,RAMCOINDEQN,335.7,333.2,333.2,-2.5,-0.74,59,19658,398.05,230.65
DIVGIITTS,DIVGIITTSEQN,1175.15,1166.45,1166.45,-8.7,-0.74,183,213460,1318.8,573.7
BAJAJELEC,BAJAJELECEQN,332.75,330.3,330.3,-2.45,-0.74,297,98099,653.8,301.0
SHANKARA,SHANKARAEQN,146.09,145.0,145.0,-1.09,-0.75,58,8410,1048.6,98.25
STEELXIND,STEELXINDEQN,10.65,10.57,10.57,-0.08,-0.75,2187,23116,13.95,7.0
YATRA,YATRAEQN,109.82,109.0,109.0,-0.82,-0.75,4081,444829,202.0,89.9
RAINBOW,RAINBOWEQN,1442.8,1432.0,1432.0,-10.8,-0.75,48,68736,1610.0,1084.0
SPECTRUM,SPECTRUMBEN,2116.9,2101.0,2101.0,-15.9,-0.75,2,4202,2637.2,1050.0
CORDELIA,CORDELIAEQN,105.05,104.25,104.25,-0.8,-0.76,2449,255308,109.65,62.31
WELSPUNLIV,WELSPUNLIVEQN,190.46,189.0,189.0,-1.46,-0.77,3437,649593,195.35,107.1
DEEPAKFERT,DEEPAKFERTEQN,1436.3,1425.3,1425.3,-11.0,-0.77,762,1086078,1681.0,866.4
ONWARDTEC,ONWARDTECEQN,287.2,285.0,285.0,-2.2,-0.77,72,20520,357.0,208.25
BORANA,BORANAEQN,317.75,315.3,315.3,-2.45,-0.77,101,31845,420.0,211.0
CANHLIFE,CANHLIFEEQN,154.19,153.0,153.0,-1.19,-0.77,671,102663,166.69,106.0
TIPSMUSIC,TIPSMUSICEQN,648.05,643.0,643.0,-5.05,-0.78,278,178754,741.0,481.15
BANKINDIA,BANKINDIAEQN,144.0,142.88,142.88,-1.12,-0.78,21993,3142359,178.36,109.85
POLYPLEX,POLYPLEXEQN,1184.4,1175.0,1175.0,-9.4,-0.79,66,77550,1264.0,740.0
SESHAPAPER,SESHAPAPEREQN,229.61,227.8,227.8,-1.81,-0.79,371,84513,293.11,209.96
AVL,AVLEQN,590.8,586.05,586.05,-4.75,-0.8,104,60949,705.0,436.55
ASTRAL,ASTRALEQN,1532.3,1520.0,1520.0,-12.3,-0.8,6494,9870880,1768.7,1311.6
MUNJALAU,MUNJALAUEQN,112.4,111.5,111.5,-0.9,-0.8,878,97897,130.6,67.2
BECTORFOOD,BECTORFOODEQN,232.87,231.0,231.0,-1.87,-0.8,7030,1623930,299.0,165.0
EBGNG,EBGNGEQN,635.1,630.05,630.05,-5.05,-0.8,3966,2498778,689.5,239.0
SHYAMCENT,SHYAMCENTBEN,4.94,4.9,4.9,-0.04,-0.81,23,112,9.75,3.68
PURVA,PURVAEQN,215.78,214.01,214.01,-1.77,-0.82,708,151519,305.0,160.69
SHOPERSTOP,SHOPERSTOPEQN,382.85,379.7,379.7,-3.15,-0.82,4,1518,572.0,275.95
BAJAJFINSV,BAJAJFINSVEQN,2002.0,1985.6,1985.6,-16.4,-0.82,1398,2775868,2195.0,1597.0
MAMATA,MAMATAEQN,400.05,396.75,396.75,-3.3,-0.82,347,137672,515.0,297.0
POONAWALLA,POONAWALLAEQN,479.05,475.1,475.1,-3.95,-0.82,1125,534487,570.4,361.2
GOCLCORP,GOCLCORPEQN,388.25,385.05,385.05,-3.2,-0.82,578,222558,459.9,223.35
MONOLITH,MONOLITHSMN,1226.0,1216.0,1216.0,-10.0,-0.82,1000,1216000,1238.5,367.0
JSWSTEEL,JSWSTEELEQN,1334.9,1323.8,1323.8,-11.1,-0.83,2528,3346566,1351.0,1022.3
BALAJITELE,BALAJITELEEQN,94.05,93.27,93.27,-0.78,-0.83,120,11192,141.32,69.52
NAHARSPING,NAHARSPINGEQN,288.4,286.0,286.0,-2.4,-0.83,11,3146,349.0,149.2
BEPL,BEPLEQN,123.52,122.5,122.5,-1.02,-0.83,3574,437815,138.5,74.2
CUMMINSIND,CUMMINSINDEQN,5193.0,5150.0,5150.0,-43.0,-0.83,479,2466850,6100.0,3777.3
DCW,DCWEQN,46.4,46.01,46.01,-0.39,-0.84,1740,80057,78.21,37.11
BLS,BLSEQN,239.03,237.0,237.0,-2.03,-0.85,16942,4015254,376.0,218.9
QUADFUTURE,QUADFUTUREEQN,429.2,425.5,425.5,-3.7,-0.86,261,111055,502.4,248.55
PTCIL,PTCILEQN,22110.0,21920.0,21920.0,-190.0,-0.86,327,7167840,22215.0,13400.0
BALKRISIND,BALKRISINDEQN,2340.1,2320.0,2320.0,-20.1,-0.86,2646,6138720,2775.0,1970.0
NITINSPIN,NITINSPINEQN,626.4,621.0,621.0,-5.4,-0.86,150,93150,647.85,302.2
CEATLTD,CEATLTDEQN,3511.5,3481.0,3481.0,-30.5,-0.87,200,696200,4438.0,3035.0
ANDHRAPAP,ANDHRAPAPEQN,61.07,60.54,60.54,-0.53,-0.87,268,16224,86.89,58.0
LOVABLE,LOVABLEEQN,74.66,74.0,74.0,-0.66,-0.88,153,11322,104.7,55.0
DPABHUSHAN,DPABHUSHANEQN,1483.0,1470.0,1470.0,-13.0,-0.88,191,280770,1670.0,866.1
PDSL,PDSLEQN,369.75,366.5,366.5,-3.25,-0.88,492,180318,418.5,246.05
FUSION,FUSIONEQN,199.24,197.48,197.48,-1.76,-0.88,759,149887,243.0,136.5
ARIES,ARIESEQN,484.3,480.0,480.0,-4.3,-0.89,5,2400,517.9,285.35
REFEX,REFEXEQN,287.55,285.0,285.0,-2.55,-0.89,1225,349125,415.0,188.0
AUTOIND,AUTOINDEQN,89.04,88.25,88.25,-0.79,-0.89,111,9795,104.0,48.35
AWFIS,AWFISEQN,253.25,251.0,251.0,-2.25,-0.89,1467,368217,639.4,229.05
HDFCAMC,HDFCAMCEQN,2569.0,2546.1,2546.1,-22.9,-0.89,1972,5020909,2967.25,2205.6
ADFFOODS,ADFFOODSEQN,274.45,272.0,272.0,-2.45,-0.89,510,138720,346.95,153.1
NEWGEN,NEWGENEQN,567.1,562.0,562.0,-5.1,-0.9,10816,6078592,1041.95,401.05
SEPC,SEPCEQN,5.56,5.51,5.51,-0.05,-0.9,115982,639060,13.73,4.65
UJJIVANSFB,UJJIVANSFBEQN,67.85,67.23,67.23,-0.62,-0.91,40671,2734311,73.94,41.95
BSHSL,BSHSLEQN,91.85,91.0,91.0,-0.85,-0.93,200,18200,149.5,59.16
KDDL,KDDLEQN,3936.9,3900.4,3900.4,-36.5,-0.93,66,257426,4155.5,1990.0
IFGLEXPOR,IFGLEXPOREQN,215.47,213.45,213.45,-2.02,-0.94,115,24546,338.0,119.68
STARCEMENT,STARCEMENTEQN,187.79,186.0,186.0,-1.79,-0.95,2263,420918,308.95,185.3
LICI,LICIEQN,422.0,418.0,418.0,-4.0,-0.95,62226,26010468,468.48,360.75
SAIL,SAILEQN,200.0,198.1,198.1,-1.9,-0.95,44200,8756020,209.7,118.1
RAJMET,RAJMETEQN,3.13,3.1,3.1,-0.03,-0.96,12487,38709,5.28,2.72
DUCON,DUCONEQN,2.07,2.05,2.05,-0.02,-0.97,14951,30649,4.57,1.57
BAJFINANCE,BAJFINANCEEQN,1079.9,1069.4,1069.4,-10.5,-0.97,36575,39113305,1176.4,787.9
WELCORP,WELCORPEQN,2373.8,2350.5,2350.5,-23.3,-0.98,3415,8026957,2443.9,710.0
SIKKO,SIKKOBEN,5.12,5.07,5.07,-0.05,-0.98,3186,16153,6.83,3.2
NRBBEARING,NRBBEARINGEQN,469.65,465.0,465.0,-4.65,-0.99,491,228315,503.9,212.55
JKTYRE,JKTYREEQN,380.25,376.5,376.5,-3.75,-0.99,2049,771448,611.9,318.05
WHIRLPOOL,WHIRLPOOLEQN,813.25,805.1,805.1,-8.15,-1.0,3702,2980480,1437.0,751.0
RAMBHAJO,RAMBHAJOEQN,250.51,248.0,248.0,-2.51,-1.0,2232,553536,279.33,161.6
RAMRAT,RAMRATEQN,591.9,585.95,585.95,-5.95,-1.01,3187,1867422,602.45,268.0
JNKINDIA,JNKINDIAEQN,447.65,443.1,443.1,-4.55,-1.02,680,301308,558.0,200.92
DRCSYSTEMS,DRCSYSTEMSEQN,12.71,12.58,12.58,-0.13,-1.02,1255,15787,23.68,11.5
JASH,JASHEQN,478.3,473.4,473.4,-4.9,-1.02,1308,619207,572.85,327.1
DEEPAKNTR,DEEPAKNTREQN,1762.9,1745.0,1745.0,-17.9,-1.02,2866,5001170,1904.4,1280.0
GOLDIAM,GOLDIAMEQN,348.55,345.0,345.0,-3.55,-1.02,4322,1491090,398.2,198.75
KILITCH,KILITCHBEN,171.77,170.0,170.0,-1.77,-1.03,5,850,219.5,117.25
DIGITIDE,DIGITIDEEQN,99.46,98.44,98.44,-1.02,-1.03,251,24708,209.5,69.9
ELIN,ELINEQN,104.88,103.8,103.8,-1.08,-1.03,1840,190992,234.0,93.65
TRANSTEEL,TRANSTEELSMN,81.55,80.7,80.7,-0.85,-1.04,3000,242100,169.0,79.0
HINDCOPPER,HINDCOPPEREQN,533.55,528.0,528.0,-5.55,-1.04,59586,31461408,760.05,226.7
PPL,PPLBEN,263.75,261.0,261.0,-2.75,-1.04,46,12006,338.65,163.21
KERNEX,KERNEXEQN,1800.0,1781.1,1781.1,-18.9,-1.05,1124,2001956,2580.0,850.0
JAYBARMARU,JAYBARMARUEQN,128.35,127.0,127.0,-1.35,-1.05,1300,165100,207.0,74.15
HMAAGRO,HMAAGROEQN,20.97,20.75,20.75,-0.22,-1.05,10179,211214,34.24,20.0
ENERGYDEV,ENERGYDEVEQN,16.06,15.89,15.89,-0.17,-1.06,261,4147,29.69,13.15
GMBREW,GMBREWEQN,890.4,881.0,881.0,-9.4,-1.06,1259,1109179,1328.8,666.05
AAATECH,AAATECHEQN,95.03,94.02,94.02,-1.01,-1.06,52,4889,136.0,76.11
KRBL,KRBLEQN,437.65,432.95,432.95,-4.7,-1.07,7064,3058358,479.0,274.65
IGCL,IGCLEQN,71.84,71.07,71.07,-0.77,-1.07,137,9736,118.99,49.46
CENTEXT,CENTEXTEQN,22.27,22.03,22.03,-0.24,-1.08,788,17359,34.75,15.67
NAGREEKEXP,NAGREEKEXPEQN,22.24,22.0,22.0,-0.24,-1.08,5,110,40.0,17.5
ZUARIIND,ZUARIINDEQN,272.95,270.0,270.0,-2.95,-1.08,345,93150,416.0,210.0
TURTLEMINT,TURTLEMINTEQN,152.65,151.0,151.0,-1.65,-1.08,1454,219554,160.0,110.41
AVADHSUGAR,AVADHSUGAREQN,830.05,821.0,821.0,-9.05,-1.09,494,405574,884.8,306.05
ACGL,ACGLEQN,1792.6,1773.0,1773.0,-19.6,-1.09,1,1773,1880.0,1715.5
KRITIKA,KRITIKAEQN,5.46,5.4,5.4,-0.06,-1.1,3025,16335,11.1,4.5
LODHA,LODHAEQN,1274.0,1260.0,1260.0,-14.0,-1.1,4792,6037920,1344.95,650.8
STERTOOLS,STERTOOLSBEN,219.95,217.5,217.5,-2.45,-1.11,300,65250,361.95,155.0
DOLATALGO,DOLATALGOEQN,72.82,72.0,72.0,-0.82,-1.13,7164,515808,95.76,64.96
SICALLOG,SICALLOGBEN,104.68,103.5,103.5,-1.18,-1.13,1557,161149,122.5,60.11
VAML,VAMLEQN,456.15,451.0,451.0,-5.15,-1.13,24434,11019734,537.0,423.15
MASFIN,MASFINEQN,294.4,291.0,291.0,-3.4,-1.15,2273,661443,358.85,277.35
ATALREAL,ATALREALEQN,35.51,35.1,35.1,-0.41,-1.15,131044,4599644,36.7,17.75
ORIENTPPR,ORIENTPPREQN,17.21,17.01,17.01,-0.2,-1.16,310,5273,29.0,13.25
MEDICAMEQ,MEDICAMEQEQN,248.88,246.0,246.0,-2.88,-1.16,16,3936,447.65,212.4
SARVESHWAR,SARVESHWAREQN,3.4,3.36,3.36,-0.04,-1.18,12473,41909,8.25,2.5
JAYAGROGN,JAYAGROGNEQN,223.14,220.5,220.5,-2.64,-1.18,7,1543,256.8,147.26
PURPLEUTED,PURPLEUTEDSTN,415.75,410.85,410.85,-4.9,-1.18,250,102712,587.95,244.45
STUDDS,STUDDSEQN,450.0,444.65,444.65,-5.35,-1.19,160,71144,600.0,412.3
ORIENTALTL,ORIENTALTLEQN,5.01,4.95,4.95,-0.06,-1.2,504,2494,11.99,4.4
GARUDA,GARUDAEQN,175.2,173.05,173.05,-2.15,-1.23,1512,261651,249.3,130.0
KSOLVES,KSOLVESEQN,269.35,266.0,266.0,-3.35,-1.24,534,142044,353.99,245.75
NATIONALUM,NATIONALUMEQN,394.95,390.0,390.0,-4.95,-1.25,22701,8853390,445.15,183.86
TATACAP,TATACAPEQN,375.7,371.0,371.0,-4.7,-1.25,3136,1163456,390.2,296.0
SBICARD,SBICARDEQN,641.05,632.9,632.9,-8.15,-1.27,8879,5619519,965.0,565.45
XPROINDIA,XPROINDIAEQN,1139.4,1124.8,1124.8,-14.6,-1.28,30,33744,1574.8,788.05
ZSARACOM,ZSARACOMEQN,10991.0,10850.0,10850.0,-141.0,-1.28,3,32550,14400.0,9000.0
WPIL,WPILEQN,447.75,442.0,442.0,-5.75,-1.28,1160,512720,510.35,383.55
CANFINHOME,CANFINHOMEEQN,815.5,805.0,805.0,-10.5,-1.29,3115,2507575,971.5,708.6
STALLION,STALLIONBEN,213.55,210.8,210.8,-2.75,-1.29,1153,243052,359.15,99.32
GUFICBIO,GUFICBIOEQN,406.3,401.0,401.0,-5.3,-1.3,716,287116,448.0,268.0
TEMPSENS,TEMPSENSEQN,586.65,579.0,579.0,-7.65,-1.3,61072,35360688,0.0,0.0
BPCL,BPCLEQN,319.25,315.0,315.0,-4.25,-1.33,16250,5118750,391.65,266.6
HBLENGINE,HBLENGINEEQN,674.1,665.05,665.05,-9.05,-1.34,9785,6507514,1122.0,613.0
ROML,ROMLEQN,42.58,42.01,42.01,-0.57,-1.34,3,126,62.0,35.11
SAATVIKGL,SAATVIKGLEQN,422.3,416.65,416.65,-5.65,-1.34,498,207491,567.0,328.0
EPIGRAL,EPIGRALEQN,1232.8,1216.2,1216.2,-16.6,-1.35,464,564316,1838.9,807.0
ABSLAMC,ABSLAMCEQN,1047.9,1033.7,1033.7,-14.2,-1.36,966,998554,1224.9,708.0
CONCORDBIO,CONCORDBIOEQN,1481.1,1461.0,1461.0,-20.1,-1.36,5060,7392660,1730.0,987.0
AAKASH,AAKASHEQN,8.73,8.61,8.61,-0.12,-1.37,2013,17331,13.4,7.21
NSLNISP,NSLNISPEQN,49.02,48.35,48.35,-0.67,-1.37,130877,6327902,53.75,33.01
VEDL,VEDLEQN,287.95,284.0,284.0,-3.95,-1.37,102476,29103184,795.0,249.7
MUTHOOTFIN,MUTHOOTFINEQN,3091.0,3048.2,3048.2,-42.8,-1.38,8332,25397602,4149.5,2604.2
ADDIND,ADDINDEQN,84.0,82.84,82.84,-1.16,-1.38,5,414,94.6,71.05
SUMIT,SUMITEQN,51.72,51.0,51.0,-0.72,-1.39,2,102,104.0,31.74
HBSL,HBSLEQN,52.55,51.8,51.8,-0.75,-1.43,9,466,108.8,42.63
PRIMO,PRIMOEQN,21.33,21.02,21.02,-0.31,-1.45,28,588,26.99,16.1
AEGISVOPAK,AEGISVOPAKEQN,269.9,265.95,265.95,-3.95,-1.46,2534,673917,311.49,158.0
TRU,TRUEQN,4.12,4.06,4.06,-0.06,-1.46,579,2350,13.82,3.95
MUTHOOTCAP,MUTHOOTCAPEQN,240.43,236.9,236.9,-3.53,-1.47,75,17767,303.0,175.25
SATIN,SATINEQN,222.37,219.1,219.1,-3.27,-1.47,1404,307616,274.14,133.01
KOTYARK,KOTYARKBEN,34.8,34.29,34.29,-0.51,-1.47,57,1954,45.5,17.38
HGS,HGSEQN,402.55,396.6,396.6,-5.95,-1.48,504,199886,546.35,342.05
BAJAJINDEF,BAJAJINDEFEQN,228.49,225.1,225.1,-3.39,-1.48,11,2476,442.6,207.25
ALLCARGO,ALLCARGOEQN,12.19,12.01,12.01,-0.18,-1.48,188695,2266226,36.55,7.11
BESTAGRO,BESTAGROEQN,17.61,17.35,17.35,-0.26,-1.48,1727,29963,34.4,12.3
NITIRAJ,NITIRAJEQN,200.05,197.05,197.05,-3.0,-1.5,4,788,236.98,168.0
MARALOVER,MARALOVEREQN,56.65,55.8,55.8,-0.85,-1.5,1,55,65.79,34.11
HPIL,HPILEQN,125.08,123.2,123.2,-1.88,-1.5,50,6160,164.0,107.0
TCIFINANCE,TCIFINANCEBEN,15.23,15.0,15.0,-0.23,-1.51,42,630,38.46,10.0
MODTHREAD,MODTHREADEQN,53.51,52.7,52.7,-0.81,-1.51,20,1054,65.65,35.61
AFCONS,AFCONSEQN,286.65,282.25,282.25,-4.4,-1.53,4998,1410685,479.4,259.1
KAKATCEM,KAKATCEMEQN,113.78,112.0,112.0,-1.78,-1.56,1,112,165.55,85.0
SHREYANIND,SHREYANINDEQN,124.97,123.01,123.01,-1.96,-1.57,10,1230,247.22,121.76
RELINFRA,RELINFRABEN,60.6,59.65,59.65,-0.95,-1.57,4781,285186,299.0,60.04
ASMS,ASMSBEN,7.01,6.9,6.9,-0.11,-1.57,693,4781,17.6,6.75
PVSL,PVSLEQN,102.11,100.5,100.5,-1.61,-1.58,38,3819,163.0,82.41
OSWALGREEN,OSWALGREENEQN,20.74,20.41,20.41,-0.33,-1.59,1431,29206,43.79,19.76
DEVIT,DEVITEQN,24.91,24.51,24.51,-0.4,-1.61,388,9509,47.99,22.25
ARROWGREEN,ARROWGREENBEN,692.0,680.6,680.6,-11.4,-1.65,75,51045,821.6,341.95
SOMICONVEY,SOMICONVEYEQN,91.58,90.05,90.05,-1.53,-1.67,13,1170,169.4,80.16
SASKEN,SASKENEQN,1901.0,1869.3,1869.3,-31.7,-1.67,6,11215,2780.2,991.0
BEEKAY,BEEKAYEQN,424.2,417.1,417.1,-7.1,-1.67,24,10010,471.85,355.05
BGRENERGY,BGRENERGYBEN,256.3,252.0,252.0,-4.3,-1.68,49,12348,490.8,155.45
ANKITMETAL,ANKITMETALBZN,1.77,1.74,1.74,-0.03,-1.69,13,22,2.12,1.29
MONEYBOXX,MONEYBOXXEQN,56.97,56.0,56.0,-0.97,-1.7,28,1568,91.5,44.02
BIGBLOC,BIGBLOCEQN,42.33,41.6,41.6,-0.73,-1.72,74,3078,80.0,38.0
PAYTM,PAYTMEQN,1650.9,1622.5,1622.5,-28.4,-1.72,45677,74110932,1732.3,930.6
NAHARCAP,NAHARCAPEQN,258.44,254.0,254.0,-4.44,-1.72,161,40894,307.0,191.0
WAAREEINDO,WAAREEINDOEQN,276.25,271.5,271.5,-4.75,-1.72,732,198738,725.0,269.2
FAZE3Q,FAZE3QEQN,491.05,482.6,482.6,-8.45,-1.72,23,11099,650.05,322.1
BLSE,BLSEEQN,326.25,320.4,320.4,-5.85,-1.79,3783,1212073,328.9,124.3
PARASPETRO,PARASPETROEQN,2.22,2.18,2.18,-0.04,-1.8,4137,9018,3.23,1.53
SREEL,SREELEQN,249.48,245.0,245.0,-4.48,-1.8,953,233485,270.0,165.25
VALIANTORG,VALIANTORGBEN,297.4,292.05,292.05,-5.35,-1.8,107,31249,397.0,195.0
MAHAPEXLTD,MAHAPEXLTDEQN,54.2,53.22,53.22,-0.98,-1.81,21,1117,75.64,37.32
ONIDA,ONIDAEQN,36.19,35.53,35.53,-0.66,-1.82,744,26434,49.23,21.5
SALONA,SALONAEQN,272.99,268.0,268.0,-4.99,-1.83,3,804,320.0,200.0
VLEGOV,VLEGOVBEN,10.8,10.6,10.6,-0.2,-1.85,2069,21931,38.9,8.42
LANCORHOL,LANCORHOLEQN,33.93,33.3,33.3,-0.63,-1.86,10000,333000,34.49,18.12
BCONCEPTS,BCONCEPTSEQN,163.07,160.0,160.0,-3.07,-1.88,478,76480,449.0,152.84
SPENCERS,SPENCERSEQN,29.89,29.32,29.32,-0.57,-1.91,25,733,64.0,24.38
CARBORUNIV,CARBORUNIVEQN,1116.8,1095.5,1095.5,-21.3,-1.91,5340,5849970,1306.9,735.2
UNITEDTEA,UNITEDTEAEQN,454.0,445.2,445.2,-8.8,-1.94,2,890,590.0,412.0
21STCENMGM,21STCENMGMEQN,41.16,40.35,40.35,-0.81,-1.97,1005,40551,55.15,28.25
ABAN,ABANBEN,15.13,14.83,14.83,-0.3,-1.98,671,9950,49.14,12.89
BI,BIBEN,91.83,90.0,90.0,-1.83,-1.99,75,6750,111.51,51.62
GUJRAFFIA,GUJRAFFIAEQN,41.4,40.57,40.57,-0.83,-2.0,22,892,88.0,35.1
DEEP,DEEPEQN,36.95,36.21,36.21,-0.74,-2.0,1,36,39.98,34.5
SUTLEJTEX,SUTLEJTEXBEN,39.3,38.51,38.51,-0.79,-2.01,2,77,41.5,24.0
PROZONER,PROZONEREQN,44.91,44.0,44.0,-0.91,-2.03,7,308,72.77,39.31
PENINLAND,PENINLANDBEN,16.99,16.64,16.64,-0.35,-2.06,268,4459,37.98,13.82
BBTCL,BBTCLEQN,235.59,230.55,230.55,-5.04,-2.14,20,4611,262.0,156.0
MANAPPURAM,MANAPPURAMEQN,348.9,341.45,341.45,-7.45,-2.14,53187,18160701,381.55,245.15
AARON,AARONEQN,134.94,132.0,132.0,-2.94,-2.18,120,15840,230.65,106.8
MAJESAUT,MAJESAUTBEN,363.05,355.0,355.0,-8.05,-2.22,100,35500,500.0,274.0
SAKAR,SAKAREQN,875.7,856.3,856.3,-19.4,-2.22,2209,1891566,980.0,321.05
VSTL,VSTLEQN,110.82,108.3,108.3,-2.52,-2.27,50,5415,168.0,100.8
MODINATUR,MODINATUREQN,347.95,340.0,340.0,-7.95,-2.28,147,49980,524.8,252.3
AARTECH,AARTECHBEN,49.16,48.04,48.04,-1.12,-2.28,125,6005,64.75,33.51
MOKSH,MOKSHEQN,10.69,10.44,10.44,-0.25,-2.34,5033,52544,16.65,8.11
GANDHITUBE,GANDHITUBEEQN,898.25,877.05,877.05,-21.2,-2.36,178,156114,1031.8,681.05
ORICONENT,ORICONENTEQN,55.82,54.5,54.5,-1.32,-2.36,144,7848,73.12,48.81
AROGRANITE,AROGRANITEEQN,25.1,24.5,24.5,-0.6,-2.39,12,294,45.63,18.67
JITFINFRA,JITFINFRAEQN,318.1,310.5,310.5,-7.6,-2.39,97,30118,478.0,222.35
TTL,TTLEQN,6.66,6.5,6.5,-0.16,-2.4,10770,70005,11.8,5.5
FILATEX,FILATEXEQN,78.89,77.0,77.0,-1.89,-2.4,29799,2294523,87.27,36.26
SKIL,SKILBZN,0.82,0.8,0.8,-0.02,-2.44,120,96,4.1,0.82
SBGLP,SBGLPEQN,24.63,24.03,24.03,-0.6,-2.44,112,2691,40.95,18.35
ZEEMEDIA,ZEEMEDIAEQN,8.93,8.71,8.71,-0.22,-2.46,54142,471576,13.26,6.65
RCDL,RCDLSMN,18.0,17.55,17.55,-0.45,-2.5,3000,52650,23.65,11.15
RUBYMILLS,RUBYMILLSBEN,390.4,380.2,380.2,-10.2,-2.61,10,3802,424.9,169.02
KANANIIND,KANANIINDEQN,1.52,1.48,1.48,-0.04,-2.63,8400,12432,2.27,1.02
INFOMEDIA,INFOMEDIAEQN,5.33,5.19,5.19,-0.14,-2.63,12,62,8.05,4.5
ZEELEARN,ZEELEARNBEN,7.91,7.7,7.7,-0.21,-2.65,9453,72788,10.45,4.17
ENVIRO,ENVIROSMN,70.95,69.05,69.05,-1.9,-2.68,2000,138100,173.0,68.1
SHANTI,SHANTIEQN,6.31,6.14,6.14,-0.17,-2.69,216,1326,12.26,4.7
GLOBAL,GLOBALEQN,108.99,106.05,106.05,-2.94,-2.7,50,5302,121.9,55.3
TIGERLOGS,TIGERLOGSEQN,29.45,28.65,28.65,-0.8,-2.72,400,11460,56.69,22.9
GROBTEA,GROBTEAEQN,991.6,964.2,964.2,-27.4,-2.76,20,19284,1236.2,805.0
SHEMAROO,SHEMAROOBEN,126.06,122.31,122.31,-3.75,-2.97,22,2690,143.0,73.0
ABANSENT,ABANSENTEQN,27.99,27.15,27.15,-0.84,-3.0,116,3149,48.85,22.3
EMAMIREAL,EMAMIREALEQN,70.16,68.05,68.05,-2.11,-3.01,1336,90914,122.14,48.2
VHL,VHLEQN,3506.9,3401.0,3401.0,-105.9,-3.02,1,3401,4275.0,2870.0
PRAENG,PRAENGEQN,20.63,20.0,20.0,-0.63,-3.05,30,600,33.88,17.0
HINDZINC,HINDZINCEQN,622.0,602.9,602.9,-19.1,-3.07,63812,38472254,733.0,418.0
AMBICAAGAR,AMBICAAGAREQN,25.24,24.46,24.46,-0.78,-3.09,5,122,29.68,20.0
ASAHISONG,ASAHISONGBEN,366.7,355.35,355.35,-11.35,-3.1,40,14214,413.95,179.64
KCPSUGIND,KCPSUGINDBEN,32.12,31.11,31.11,-1.01,-3.14,3328,103534,36.95,21.45
FRESHARA,FRESHARASTN,438.9,425.05,425.05,-13.85,-3.16,600,255030,447.7,130.0
MENONBE,MENONBEBEN,284.62,275.5,275.5,-9.12,-3.2,1342,369721,291.9,101.5
IMPAL,IMPALEQN,1097.5,1062.0,1062.0,-35.5,-3.23,4,4248,1238.9,928.0
IFBAGRO,IFBAGROEQN,919.8,890.0,890.0,-29.8,-3.24,46,40940,1790.0,679.15
NAGAFERT,NAGAFERTBZN,2.15,2.08,2.08,-0.07,-3.26,8419,17511,6.54,2.15
FELIX,FELIXSMN,177.15,171.35,171.35,-5.8,-3.27,500,85675,232.95,142.65
MMWL,MMWLEQN,14.81,14.31,14.31,-0.5,-3.38,114,1631,16.57,9.02
HECPROJECT,HECPROJECTEQN,118.06,114.01,114.01,-4.05,-3.43,7,798,160.5,92.1
VINEETLAB,VINEETLABEQN,38.68,37.35,37.35,-1.33,-3.44,200,7470,43.5,26.89
HMVL,HMVLBEN,88.69,85.6,85.6,-3.09,-3.48,85,7276,108.16,55.2
VAISHALI,VAISHALIEQN,8.31,8.02,8.02,-0.29,-3.49,8919,71530,12.75,4.75
HINDALUMI,HINDALUMIEQN,99.76,96.25,96.25,-3.51,-3.52,21,2021,107.5,96.0
AQYLON,AQYLONEQN,22.11,21.32,21.32,-0.79,-3.57,2080,44345,224.7,20.87
WSI,WSIEQN,61.86,59.5,59.5,-2.36,-3.82,25,1487,95.0,53.8
RAMANEWS,RAMANEWSEQN,31.8,30.57,30.57,-1.23,-3.87,2,61,42.0,27.05
ODYCORP,ODYCORPEQN,7.98,7.67,7.67,-0.31,-3.88,650,4985,8.48,5.71
OBCL,OBCLEQN,55.4,53.2,53.2,-2.2,-3.97,45,2394,62.0,46.51
MPDL,MPDLBEN,32.45,31.15,31.15,-1.3,-4.01,147,4579,45.29,23.26
DELTAMAGNT,DELTAMAGNTEQN,57.55,55.2,55.2,-2.35,-4.08,10,552,93.45,45.51
TECHLABS,TECHLABSSMN,119.5,114.45,114.45,-5.05,-4.23,125,14306,660.0,105.0
TFL,TFLEQN,12.46,11.93,11.93,-0.53,-4.25,79,942,18.5,10.21
BALKRISHNA,BALKRISHNAEQN,16.89,16.17,16.17,-0.72,-4.26,33,533,25.97,12.0
MLKFOOD,MLKFOODEQN,86.71,83.0,83.0,-3.71,-4.28,29,2407,93.0,75.25
HORIZONIND,HORIZONINDEQN,58.05,55.55,55.55,-2.5,-4.31,53795,2988312,60.25,55.13
FCONSUMER,FCONSUMERBZN,0.23,0.22,0.22,-0.01,-4.35,74244,16333,0.55,0.23
DIL,DILBZN,0.68,0.65,0.65,-0.03,-4.41,2050,1332,2.67,0.68
ZODIAC,ZODIACEQN,247.25,236.0,236.0,-11.25,-4.55,701,165436,415.0,205.55
ORBTEXP,ORBTEXPBEN,243.62,232.0,232.0,-11.12,-4.57,81,18792,278.61,135.0
AVANA,AVANASTN,150.0,142.95,142.95,-7.05,-4.7,4000,571800,168.05,60.1
EMPOWER,EMPOWEREQN,2.12,2.02,2.02,-0.1,-4.72,58933,119044,2.82,1.3
DHATRE,DHATREEQN,4.24,4.04,4.04,-0.2,-4.72,4050,16362,5.02,3.67
EEPL,EEPLSTN,154.1,146.55,146.55,-7.55,-4.9,2000,293100,232.8,91.0
ALKALI,ALKALIBEN,66.26,63.01,63.01,-3.25,-4.9,501,31568,107.38,46.8
RSSOFTWARE,RSSOFTWAREEQN,31.29,29.75,29.75,-1.54,-4.92,11015,327696,82.0,21.93
VCL,VCLBEN,2.02,1.92,1.92,-0.1,-4.95,7350,14112,2.66,0.87
TAKE,TAKEEQN,16.14,15.34,15.34,-0.8,-4.96,4681,71806,50.14,9.9
GANGAFORGE,GANGAFORGEEQN,1.61,1.53,1.53,-0.08,-4.97,400301,612460,3.29,1.59
FASCINATE,FASCINATESTN,93.6,88.95,88.95,-4.65,-4.97,1600,142320,120.8,93.6
INDOTHAI,INDOTHAIEQN,46.18,43.88,43.88,-2.3,-4.98,26675,1170499,466.35,46.18
MYSORPETRO,MYSORPETROBEN,125.07,118.82,118.82,-6.25,-5.0,228,27090,182.03,111.0
ELITECON,ELITECONEQN,11.2,10.64,10.64,-0.56,-5.0,46384,493525,46.4,11.2
CHEMFAB,CHEMFABEQN,369.75,350.1,350.1,-19.65,-5.31,10,3501,703.0,290.35
GILLANDERS,GILLANDERSEQN,106.38,100.1,100.1,-6.28,-5.9,3,300,131.89,76.0
ANONDITA,ANONDITASMN,1060.9,997.5,997.5,-63.4,-5.98,7600,7581000,1316.0,261.75
ASIANTNE,ASIANTNEEQN,10.89,9.99,9.99,-0.9,-8.26,5220,52147,10.99,8.64
BIOPOL,BIOPOLSMN,56.9,51.55,51.55,-5.35,-9.4,21600,1113480,133.75,56.9
SAWALIYA,SAWALIYASMN,169.95,153.0,153.0,-16.95,-9.97,1800,275400,351.0,169.95
WEL,WELEQN,99.8,89.82,89.82,-9.98,-10.0,153729,13807938,183.53,75.01
SHRJAGP,SHRJAGPEQN,673.1,590.05,590.05,-83.05,-12.34,972,573528,801.25,664.1
RCDL-RE,RCDL-RESTN,8.0,5.9,5.9,-2.1,-26.25,6000,35400,0.0,0.0
