symbol,identifier,previousClose,lastPrice,iep,change,pChange,finalQuantity,totalTurnover,yearHigh,yearLow
TARAPUR,TARAPUREQN,11.52,13.8,13.8,2.28,19.79,5848,80702,39.99,10.8
VALUE360,VALUE360SMN,73.85,86.4,86.4,12.55,16.99,16800,1451520,91.0,47.85
AGL,AGLEQN,12.63,14.5,14.5,1.87,14.81,150664,2184628,22.0,12.03
PARTY-RE,PARTY-RESTN,0.35,0.4,0.4,0.05,14.29,12948,5179,0.35,0.1
VIRAT,VIRATEQN,382.45,420.65,420.65,38.2,9.99,751,315908,494.4,268.05
MMWL,MMWLEQN,17.99,19.78,19.78,1.79,9.95,36722,726361,19.78,9.02
PRAXIS,PRAXISEQN,4.51,4.94,4.94,0.43,9.53,465,2297,14.44,3.91
SURANI,SURANISMN,158.45,172.0,172.0,13.55,8.55,12400,2132800,158.45,47.3
SENCO,SENCOEQN,320.6,346.05,346.05,25.45,7.94,78309,27098829,430.0,276.0
UNIINFO,UNIINFOEQN,11.45,12.34,12.34,0.89,7.77,1,12,18.98,9.36
PRUDMOULI,PRUDMOULIEQN,13.54,14.49,14.49,0.95,7.02,10,144,29.25,11.26
HAVISHA,HAVISHAEQN,1.52,1.62,1.62,0.1,6.58,5844,9467,2.42,1.03
MONEYVIEW,MONEYVIEWEQN,60.46,64.4,64.4,3.94,6.52,3553051,228816484,64.56,48.34
SHRIKRISH,SHRIKRISHEQN,34.82,36.99,36.99,2.17,6.23,900,33291,56.0,32.56
KIRANVYPAR,KIRANVYPAREQN,191.35,203.0,203.0,11.65,6.09,461,93583,225.4,148.27
IBULLSLTD,IBULLSLTDEQN,32.49,34.4,34.4,1.91,5.88,1012938,34845067,38.89,8.9
PILITA,PILITAEQN,7.32,7.75,7.75,0.43,5.87,1000,7750,13.8,6.2
SANWARIA,SANWARIABZN,0.18,0.19,0.19,0.01,5.56,58188,11055,0.35,0.18
SHYAMCENT,SHYAMCENTEQN,4.98,5.23,5.23,0.25,5.02,111,580,7.15,3.68
PANACHE,PANACHEBEN,597.45,627.3,627.3,29.85,5.0,1860,1166778,627.3,237.7
PRIZOR,PRIZORSTN,1382.15,1451.25,1451.25,69.1,5.0,800,1161000,1382.15,216.65
RELINFRA,RELINFRABEN,53.8,56.49,56.49,2.69,5.0,55426,3131014,244.0,42.56
RHETAN,RHETANEQN,17.4,18.27,18.27,0.87,5.0,984167,17980731,34.87,14.42
ESDS,ESDSEQN,1359.0,1426.9,1426.9,67.9,5.0,2269,3237636,1859.2,756.0
SPCON,SPCONSMN,180.0,189.0,189.0,9.0,5.0,1200,226800,207.5,99.0
SWASTIKAIN,SWASTIKAINBEN,210.13,220.63,220.63,10.5,5.0,42294,9331325,220.63,198.05
KSHITIJPOL,KSHITIJPOLBEN,3.81,4.0,4.0,0.19,4.99,372759,1491036,7.2,1.88
RUDRA,RUDRAEQN,19.46,20.43,20.43,0.97,4.98,320,6537,29.7,14.63
NATIONSTD,NATIONSTDEQN,110.21,115.69,115.69,5.48,4.97,22,2545,1519.95,98.27
FASCINATE,FASCINATESMN,85.5,89.75,89.75,4.25,4.97,16800,1507800,120.8,43.45
POOJALOGIS,POOJALOGISSTN,125.85,132.1,132.1,6.25,4.97,30000,3963000,125.85,115.75
ARCL,ARCLEQN,229.99,241.4,241.4,11.41,4.96,130,31382,280.7,211.5
BGRENERGY,BGRENERGYBEN,256.31,269.0,269.0,12.69,4.95,6328,1702232,490.8,218.0
ABAN,ABANBEN,17.76,18.64,18.64,0.88,4.95,5570,103824,42.77,12.89
TAKE,TAKEEQN,12.12,12.72,12.72,0.6,4.95,9652,122773,50.14,11.51
ROLLT,ROLLTBEN,5.47,5.74,5.74,0.27,4.94,42238,242446,6.57,1.07
ARIES,ARIESBEN,494.55,519.0,519.0,24.45,4.94,910,472290,524.75,285.35
GSLSU,GSLSUEQN,28.88,30.3,30.3,1.42,4.92,3,90,139.67,23.06
VIVIMEDLAB,VIVIMEDLABBEN,6.59,6.91,6.91,0.32,4.86,6600,45606,29.4,4.75
MTEDUCARE,MTEDUCAREBEN,1.65,1.73,1.73,0.08,4.85,15,25,2.53,1.17
INDOTHAI,INDOTHAIEQN,40.71,42.68,42.68,1.97,4.84,136486,5825222,466.35,29.0
GLOBALE,GLOBALEEQN,10.49,10.99,10.99,0.5,4.77,20,219,15.4,9.2
MOS,MOSSMN,6.3,6.6,6.6,0.3,4.76,32000,211200,28.55,5.1
APSISAERO,APSISAEROSTN,582.1,609.75,609.75,27.65,4.75,1200,731700,634.0,147.2
DUCON,DUCONEQN,1.49,1.56,1.56,0.07,4.7,291892,455351,4.09,1.15
VAISHALI,VAISHALIEQN,8.1,8.48,8.48,0.38,4.69,1060,8988,11.59,4.75
SVPGLOB,SVPGLOBEQN,3.0,3.14,3.14,0.14,4.67,500,1570,6.89,2.18
VISAMAN,VISAMANSMN,25.7,26.9,26.9,1.2,4.67,1000,26900,145.0,24.6
ANKITMETAL,ANKITMETALBZN,2.37,2.48,2.48,0.11,4.64,200,496,2.48,1.29
VGINFOTECH,VGINFOTECHSMN,136.6,142.75,142.75,6.15,4.5,1000,142750,183.8,99.5
ONYX,ONYXSTN,37.8,39.45,39.45,1.65,4.37,2000,78900,49.65,24.2
BEWLTD,BEWLTDSMN,58.45,61.0,61.0,2.55,4.36,2500,152500,147.0,47.7
LEXUS,LEXUSEQN,9.48,9.89,9.89,0.41,4.32,1386,13707,39.25,9.0
MARALOVER,MARALOVEREQN,58.48,61.0,61.0,2.52,4.31,4292,261812,68.89,34.11
SONA,SONABEN,98.78,103.0,103.0,4.22,4.27,10049,1035047,107.42,88.1
INDIAGLYCO,INDIAGLYCOEQN,382.7,399.0,399.0,16.3,4.26,49913,19915287,1222.0,217.0
TVVISION,TVVISIONBEN,2.59,2.7,2.7,0.11,4.25,1000,2700,12.4,2.39
ACEVECTOR,ACEVECTOREQN,31.11,32.42,32.42,1.31,4.21,1287768,41749438,33.27,23.37
PVP,PVPEQN,52.85,55.0,55.0,2.15,4.07,373653,20550915,72.04,23.0
FINOPB,FINOPBEQN,128.76,134.0,134.0,5.24,4.07,12670,1697780,339.0,110.03
ZODIAC,ZODIACEQN,214.34,223.0,223.0,8.66,4.04,100,22300,415.0,201.35
VIJAYPD,VIJAYPDSMN,96.1,99.95,99.95,3.85,4.01,4000,399800,114.5,35.0
CAPTRUST,CAPTRUSTBEN,22.02,22.9,22.9,0.88,4.0,1174,26884,34.07,10.98
CHEMFAB,CHEMFABEQN,331.8,345.0,345.0,13.2,3.98,100,34500,657.05,290.35
JSIPL,JSIPLEQN,195.42,203.2,203.2,7.78,3.98,115153,23399089,214.96,120.0
AVONMORE,AVONMOREEQN,12.8,13.29,13.29,0.49,3.83,389,5169,20.39,9.05
SOMICONVEY,SOMICONVEYEQN,83.37,86.55,86.55,3.18,3.81,100,8655,162.2,80.16
LEMERITE,LEMERITEEQN,19.26,19.99,19.99,0.73,3.79,1,19,107.57,17.73
AZADIND,AZADINDEQN,82.85,85.99,85.99,3.14,3.79,50,4299,98.99,70.41
SUPTANERY,SUPTANERYBEN,8.47,8.79,8.79,0.32,3.78,14792,130021,16.21,6.81
UMESLTD,UMESLTDEQN,4.51,4.68,4.68,0.17,3.77,1000,4680,7.14,3.76
UNITEDTEA,UNITEDTEAEQN,408.85,424.0,424.0,15.15,3.71,10,4240,590.0,401.6
ONELIFECAP,ONELIFECAPBEN,47.16,48.9,48.9,1.74,3.69,95,4645,49.51,10.62
NAGREEKCAP,NAGREEKCAPEQN,27.25,28.25,28.25,1.0,3.67,2,56,42.75,19.3
SHIVALIK,SHIVALIKEQN,365.05,378.3,378.3,13.25,3.63,1822,689262,471.0,206.4
SEJALLTD,SEJALLTDEQN,680.55,704.9,704.9,24.35,3.58,247,174110,1036.7,381.0
TECHLABS,TECHLABSSMN,111.85,115.85,115.85,4.0,3.58,125,14481,494.45,105.0
DHABRIYA,DHABRIYABEN,477.05,494.0,494.0,16.95,3.55,204,100776,603.0,445.0
MUTHOOTMF,MUTHOOTMFEQN,172.91,179.0,179.0,6.09,3.52,4651,832529,262.77,141.2
DBEIL,DBEILEQN,6.55,6.78,6.78,0.23,3.51,159,1078,17.49,5.15
EXCELSOFT,EXCELSOFTEQN,81.71,84.57,84.57,2.86,3.5,17001,1437774,142.59,66.4
OSWALGREEN,OSWALGREENEQN,18.99,19.65,19.65,0.66,3.48,3788,74434,40.9,18.55
CINEVISTA,CINEVISTAEQN,15.37,15.9,15.9,0.53,3.45,2527,40179,20.9,12.16
ABH,ABHSMN,47.85,49.5,49.5,1.65,3.45,1200,59400,99.0,38.2
KRITIKA,KRITIKAEQN,4.95,5.12,5.12,0.17,3.43,1020,5222,9.55,4.5
CUBEXTUB,CUBEXTUBBEN,157.4,162.8,162.8,5.4,3.43,17037,2773623,184.0,73.1
SIL,SILEQN,15.62,16.15,16.15,0.53,3.39,212,3423,22.3,11.7
PREMIERPOL,PREMIERPOLEQN,101.23,104.6,104.6,3.37,3.33,21470,2245762,106.7,38.0
INDOKEM,INDOKEMEQN,580.95,600.0,600.0,19.05,3.28,162,97200,697.1,555.0
SAHLIBHFI,SAHLIBHFIEQN,76.31,78.8,78.8,2.49,3.26,1,78,91.95,66.6
ONEGLOBAL,ONEGLOBALEQN,585.0,604.0,604.0,19.0,3.25,355,214420,606.0,494.0
SHIVAMILLS,SHIVAMILLSEQN,58.33,60.2,60.2,1.87,3.21,1,60,74.0,43.01
VERANDA,VERANDABEN,31.2,32.2,32.2,1.0,3.21,12288,395673,272.5,26.9
JAIBALAJI,JAIBALAJIEQN,67.37,69.5,69.5,2.13,3.16,19401,1348369,99.41,53.65
AKI,AKIBEN,6.01,6.2,6.2,0.19,3.16,9,55,9.49,3.8
BATLIBOI,BATLIBOIEQN,94.8,97.8,97.8,3.0,3.16,103,10073,106.5,71.21
PRITI,PRITIEQN,32.2,33.2,33.2,1.0,3.11,100,3320,85.0,30.5
RADIOCITY,RADIOCITYEQN,5.87,6.05,6.05,0.18,3.07,3060,18513,8.6,4.5
HTEL,HTELEQN,87.94,90.6,90.6,2.66,3.02,278188,25203832,103.72,62.91
CORDELIA,CORDELIAEQN,109.52,112.76,112.76,3.24,2.96,17080,1925940,118.53,62.31
SUNDRMFAST,SUNDRMFASTEQN,1127.0,1159.9,1159.9,32.9,2.92,353,409444,1347.2,730.1
ELITECON,ELITECONEQN,7.53,7.75,7.75,0.22,2.92,29299,227067,46.4,7.08
BELLACASA,BELLACASAEQN,251.77,259.0,259.0,7.23,2.87,172,44548,497.35,214.68
E2E,E2EBEN,723.3,744.0,744.0,20.7,2.86,54192,40318848,753.35,183.36
VIDYAWIRES,VIDYAWIRESEQN,100.62,103.5,103.5,2.88,2.86,95141,9847093,117.35,42.51
ARCIL,ARCILEQN,160.31,164.9,164.9,4.59,2.86,71748,11831245,164.9,124.5
TOYAMSL,TOYAMSLEQN,0.71,0.73,0.73,0.02,2.82,1130,824,0.92,0.6
SIGMA,SIGMAEQN,45.71,47.0,47.0,1.29,2.82,1757,82579,64.2,35.46
ABINFRA,ABINFRABEN,12.5,12.85,12.85,0.35,2.8,3,38,23.56,8.82
HDIL,HDILBZN,1.43,1.47,1.47,0.04,2.8,20,29,3.03,1.4
HINDALUMI,HINDALUMIEQN,89.99,92.5,92.5,2.51,2.79,30,2775,107.5,86.3
FEL,FELBZN,0.36,0.37,0.37,0.01,2.78,7688,2844,0.57,0.34
VISACHROME,VISACHROMEEQN,35.22,36.2,36.2,0.98,2.78,265,9593,73.68,27.05
JITFINFRA,JITFINFRAEQN,278.3,286.0,286.0,7.7,2.77,151,43186,433.15,222.35
SGLRES,SGLRESEQN,2.18,2.24,2.24,0.06,2.75,292,654,2.74,2.16
JTLIND,JTLINDEQN,88.2,90.62,90.62,2.42,2.74,51218,4641375,94.0,40.25
BBTCL,BBTCLEQN,225.66,231.83,231.83,6.17,2.73,700,162281,262.0,156.0
KOKUYOCMLN,KOKUYOCMLNEQN,73.0,74.99,74.99,1.99,2.73,21,1574,109.59,71.05
VELJAN,VELJANBEN,2657.9,2730.0,2730.0,72.1,2.71,143,390390,2790.7,812.0
GVPIL,GVPILEQN,698.15,717.0,717.0,18.85,2.7,8295,5947515,1084.0,270.9
KOTYARK,KOTYARKEQN,31.1,31.94,31.94,0.84,2.7,1941,61995,45.5,17.38
IGCL,IGCLEQN,57.75,59.29,59.29,1.54,2.67,2,118,111.4,49.46
PCJEWELLER,PCJEWELLEREQN,13.14,13.49,13.49,0.35,2.66,2430903,32792881,14.86,7.47
MMP,MMPEQN,498.8,512.0,512.0,13.2,2.65,2109,1079808,515.45,185.2
ASIANHOTNR,ASIANHOTNREQN,330.25,339.0,339.0,8.75,2.65,100,33900,423.8,247.5
SICAGEN,SICAGENEQN,51.53,52.89,52.89,1.36,2.64,500,26445,74.06,46.55
ELIN,ELINEQN,77.07,79.1,79.1,2.03,2.63,2,158,222.99,74.0
GEEKAYWIRE,GEEKAYWIREEQN,33.14,34.0,34.0,0.86,2.6,806,27404,36.8,18.51
BLUSPRING,BLUSPRINGEQN,142.71,146.4,146.4,3.69,2.59,3219,471261,152.5,43.98
JAYBARMARU,JAYBARMARUEQN,132.78,136.2,136.2,3.42,2.58,11633,1584414,207.0,74.15
ALPEXSOLAR,ALPEXSOLARSMN,815.1,836.0,836.0,20.9,2.56,300,250800,1319.0,660.0
OMPOWER,OMPOWEREQN,165.75,170.0,170.0,4.25,2.56,9216,1566720,206.0,150.2
NELCAST,NELCASTEQN,146.29,150.0,150.0,3.71,2.54,26984,4047600,173.2,85.98
CALSOFT,CALSOFTBEN,35.11,36.0,36.0,0.89,2.53,7780,280080,43.13,10.9
ALOKINDS,ALOKINDSEQN,8.29,8.5,8.5,0.21,2.53,212550,1806675,18.45,6.92
RENTOMOJO,RENTOMOJOEQN,618.95,634.5,634.5,15.55,2.51,19799,12562465,648.0,482.45
BHAGERIA,BHAGERIAEQN,377.55,387.0,387.0,9.45,2.5,602,232974,415.8,127.51
HBPOR,HBPOREQN,62.36,63.91,63.91,1.55,2.49,1250,79887,65.0,48.6
DANGEE,DANGEEEQN,3.22,3.3,3.3,0.08,2.48,3154,10408,5.08,2.53
RAJOOENG,RAJOOENGEQN,62.37,63.9,63.9,1.53,2.45,32066,2049017,95.06,46.0
BAIDFIN,BAIDFINEQN,10.21,10.46,10.46,0.25,2.45,924,9665,12.98,8.8
INDBANK,INDBANKEQN,26.11,26.75,26.75,0.64,2.45,701,18751,47.15,24.21
THEINVEST,THEINVESTEQN,90.2,92.4,92.4,2.2,2.44,15,1386,152.35,89.0
ARSHIYA,ARSHIYABZN,0.84,0.86,0.86,0.02,2.38,1,0,2.12,0.68
STLNETWORK,STLNETWORKEQN,49.43,50.6,50.6,1.17,2.37,425231,21516688,56.5,15.75
NIBE,NIBEEQN,1270.1,1300.0,1300.0,29.9,2.35,1112,1445600,1848.0,809.6
KRN,KRNEQN,1484.2,1519.0,1519.0,34.8,2.34,1428,2169132,1687.0,589.8
AURUS,AURUSEQN,4.29,4.39,4.39,0.1,2.33,7,30,6.95,4.06
RBZJEWEL,RBZJEWELBEN,199.38,204.0,204.0,4.62,2.32,252,51408,207.66,100.0
VIRTUALG,VIRTUALGBEN,0.44,0.45,0.45,0.01,2.27,17784,8002,0.6,0.4
EMPOWER,EMPOWEREQN,1.76,1.8,1.8,0.04,2.27,346044,622879,2.82,1.3
CSM,CSMEQN,91.82,93.9,93.9,2.08,2.27,11,1032,114.9,76.26
MOMSBELIEF,MOMSBELIEFEQN,229.68,234.89,234.89,5.21,2.27,20,4697,267.61,208.03
MATRIMONY,MATRIMONYEQN,517.5,529.05,529.05,11.55,2.23,200,105810,573.0,364.05
VPRPL,VPRPLEQN,28.32,28.95,28.95,0.63,2.22,2001,57928,100.42,23.94
WEWIN,WEWINEQN,52.85,54.0,54.0,1.15,2.18,149,8046,78.0,35.38
ASMS,ASMSEQN,5.95,6.08,6.08,0.13,2.18,54,328,16.7,5.1
SWISSMLTRY,SWISSMLTRYBEN,14.19,14.5,14.5,0.31,2.18,5,72,18.5,13.0
MERCURYEV,MERCURYEVEQN,37.88,38.7,38.7,0.82,2.16,2220,85914,44.05,30.16
THOMASCOTT,THOMASCOTTEQN,278.85,284.85,284.85,6.0,2.15,5,1424,459.8,221.8
DRONE,DRONESMN,33.05,33.75,33.75,0.7,2.12,500,16875,101.85,31.7
TRU,TRUEQN,4.25,4.34,4.34,0.09,2.12,20,86,10.99,3.9
ZIMLAB,ZIMLABEQN,146.61,149.69,149.69,3.08,2.1,1726,258364,152.5,59.31
OSIAHYPER,OSIAHYPERBZN,1.91,1.95,1.95,0.04,2.09,1516,2956,24.4,1.82
BROOKS,BROOKSEQN,58.78,60.0,60.0,1.22,2.08,113,6780,131.91,36.3
PATINTLOG,PATINTLOGEQN,13.11,13.38,13.38,0.27,2.06,2,26,16.25,8.01
ESAFSFB,ESAFSFBBEN,42.67,43.54,43.54,0.87,2.04,4690,204202,46.0,19.78
ADVIKCA,ADVIKCAEQN,0.98,1.0,1.0,0.02,2.04,1443,1443,1.27,0.86
TGBHOTELS,TGBHOTELSEQN,9.4,9.59,9.59,0.19,2.02,21,201,12.39,7.5
ONWARDTEC,ONWARDTECEQN,297.4,303.4,303.4,6.0,2.02,90,27306,355.0,208.25
TECILCHEM,TECILCHEMEQN,9.4,9.59,9.59,0.19,2.02,18,172,22.08,8.0
BLBLIMITED,BLBLIMITEDEQN,16.91,17.25,17.25,0.34,2.01,4144,71484,22.47,12.0
DRCSYSTEMS,DRCSYSTEMSEQN,12.96,13.22,13.22,0.26,2.01,252,3331,20.93,11.5
FIBERWEB,FIBERWEBEQN,26.36,26.89,26.89,0.53,2.01,20,537,46.5,25.07
MAJESAUT,MAJESAUTBEN,367.6,375.0,375.0,7.4,2.01,30,11250,500.0,274.0
SUMIT,SUMITEQN,50.48,51.49,51.49,1.01,2.0,2,102,103.5,31.74
BALPHARMA,BALPHARMABEN,98.62,100.59,100.59,1.97,2.0,2649,266462,124.6,60.0
APCL,APCLEQN,92.64,94.49,94.49,1.85,2.0,1,94,148.78,90.55
ANMOL,ANMOLBEN,13.03,13.29,13.29,0.26,2.0,2458,32666,18.55,8.4
SPECTRAA,SPECTRAASTN,272.55,278.0,278.0,5.45,2.0,2400,667200,272.55,224.2
MANGALAM,MANGALAMEQN,33.09,33.75,33.75,0.66,1.99,1,33,73.0,22.8
KCPSUGIND,KCPSUGINDBEN,24.18,24.66,24.66,0.48,1.99,1,24,36.47,21.45
MUTHOOTCAP,MUTHOOTCAPEQN,213.53,217.78,217.78,4.25,1.99,100,21778,303.0,175.25
HARRMALAYA,HARRMALAYAEQN,173.9,177.35,177.35,3.45,1.98,12,2128,237.9,153.66
LOVABLE,LOVABLEEQN,68.73,70.09,70.09,1.36,1.98,2,140,101.95,55.0
SASKEN,SASKENEQN,1665.1,1698.0,1698.0,32.9,1.98,6,10188,2780.2,991.0
LGHL,LGHLEQN,215.12,219.39,219.39,4.27,1.98,1,219,395.0,168.0
ARCHIDPLY,ARCHIDPLYEQN,102.73,104.75,104.75,2.02,1.97,10,1047,124.78,60.0
MEGASTAR,MEGASTAREQN,309.06,315.15,315.15,6.09,1.97,3,945,392.0,204.4
PNGSREVA,PNGSREVAEQN,631.0,643.4,643.4,12.4,1.97,7411,4768237,738.0,324.25
JINDALPOLY,JINDALPOLYEQN,653.25,666.0,666.0,12.75,1.95,380,253080,1026.45,365.0
CEMPRO,CEMPROEQN,1137.8,1160.0,1160.0,22.2,1.95,2997,3476520,1649.2,503.3
NIBL,NIBLEQN,31.37,31.98,31.98,0.61,1.94,4,127,40.8,25.3
SARVESHWAR,SARVESHWAREQN,3.61,3.68,3.68,0.07,1.94,7190,26459,6.64,2.5
ITTL,ITTLSTN,61.9,63.1,63.1,1.2,1.94,105,6625,129.1,60.75
VCL,VCLBEN,1.55,1.58,1.58,0.03,1.94,703,1110,2.66,0.87
CRSL,CRSLBZN,2.06,2.1,2.1,0.04,1.94,945,1984,3.56,1.72
MUKTAARTS,MUKTAARTSEQN,56.5,57.59,57.59,1.09,1.93,2,115,72.7,37.01
DSSL,DSSLEQN,1032.45,1052.4,1052.4,19.95,1.93,748,787195,1924.8,781.0
CEIGALL,CEIGALLEQN,372.8,380.0,380.0,7.2,1.93,8020,3047600,405.7,222.61
WIPL,WIPLEQN,163.27,166.4,166.4,3.13,1.92,1,166,193.2,133.1
BALAXI,BALAXIEQN,22.38,22.81,22.81,0.43,1.92,65,1482,44.63,15.2
AVG,AVGEQN,169.65,172.9,172.9,3.25,1.92,2,345,256.73,113.26
LATTEYS,LATTEYSEQN,21.87,22.29,22.29,0.42,1.92,2,44,37.0,15.79
AMAL,AMALEQN,798.05,813.35,813.35,15.3,1.92,72,58561,822.0,636.05
MKEXIM,MKEXIMEQN,62.0,63.19,63.19,1.19,1.92,12,758,72.0,45.7
BLACKROSE,BLACKROSEEQN,110.78,112.9,112.9,2.12,1.91,1,112,129.9,80.05
ARIHANTSUP,ARIHANTSUPEQN,231.18,235.6,235.6,4.42,1.91,1,235,465.0,188.8
NOIDATOLL,NOIDATOLLEQN,3.67,3.74,3.74,0.07,1.91,775,2898,7.43,2.87
LANCER,LANCEREQN,10.98,11.19,11.19,0.21,1.91,40,447,13.8,10.1
NIVABUPA,NIVABUPAEQN,77.38,78.85,78.85,1.47,1.9,19565,1542700,91.4,67.5
TURTLEMINT,TURTLEMINTEQN,72.28,73.64,73.64,1.36,1.88,4155,305974,160.0,65.85
COMFINTE,COMFINTEEQN,6.37,6.49,6.49,0.12,1.88,5,32,9.19,5.21
MADRASFERT,MADRASFERTEQN,58.89,60.0,60.0,1.11,1.88,500,30000,86.4,52.56
SUNDARAM,SUNDARAMEQN,1.07,1.09,1.09,0.02,1.87,87,94,2.2,1.02
RVHL,RVHLEQN,37.38,38.08,38.08,0.7,1.87,1,38,62.15,28.5
ORICONENT,ORICONENTEQN,52.27,53.25,53.25,0.98,1.87,2,106,73.12,47.04
IWP,IWPEQN,37.1,37.79,37.79,0.69,1.86,16,604,42.4,28.0
SAGARDEEP,SAGARDEEPEQN,22.18,22.59,22.59,0.41,1.85,5,112,31.0,20.81
SHIVACEM,SHIVACEMEQN,13.0,13.24,13.24,0.24,1.85,3830,50709,17.94,12.45
GAUDIUMIVF,GAUDIUMIVFEQN,107.5,109.49,109.49,1.99,1.85,500,54745,163.18,69.18
COUNCODOS,COUNCODOSBEN,6.53,6.65,6.65,0.12,1.84,30,199,7.85,3.71
HAPPYFORGE,HAPPYFORGEEQN,1934.3,1969.9,1969.9,35.6,1.84,115,226538,2470.0,888.75
BBOX,BBOXEQN,884.85,901.0,901.0,16.15,1.83,15569,14027669,1103.0,444.3
UNIDT,UNIDTEQN,227.34,231.5,231.5,4.16,1.83,1,231,272.0,146.0
AAKASH,AAKASHEQN,8.24,8.39,8.39,0.15,1.82,203,1703,13.4,6.86
BLISSGVS,BLISSGVSBEN,681.55,693.95,693.95,12.4,1.82,544,377508,739.9,118.0
CIFL,CIFLEQN,20.97,21.35,21.35,0.38,1.81,67,1430,39.69,18.56
BHANDARI,BHANDARIEQN,2.78,2.83,2.83,0.05,1.8,464,1313,4.5,2.0
SALSTEEL,SALSTEELEQN,86.44,87.99,87.99,1.55,1.79,3876,341049,102.4,26.1
RAJSREESUG,RAJSREESUGEQN,27.4,27.89,27.89,0.49,1.79,9,251,42.48,24.65
SAMPANN,SAMPANNEQN,23.96,24.39,24.39,0.43,1.79,1,24,43.44,23.07
PARSVNATH,PARSVNATHBEN,2.25,2.29,2.29,0.04,1.78,1000,2290,18.75,1.35
KUSUMGAR,KUSUMGAREQN,626.85,638.0,638.0,11.15,1.78,1565,998470,659.5,533.0
CENTRUM,CENTRUMEQN,20.35,20.71,20.71,0.36,1.77,2001,41440,35.9,18.71
RELTD,RELTDEQN,148.58,151.2,151.2,2.62,1.76,1791,270799,196.45,114.77
BALAJEE,BALAJEEEQN,23.97,24.39,24.39,0.42,1.75,1,24,54.48,21.1
JAIPURKURT,JAIPURKURTEQN,28.5,29.0,29.0,0.5,1.75,50,1450,42.74,23.91
HEADSUP,HEADSUPEQN,6.33,6.44,6.44,0.11,1.74,15,96,12.95,5.69
RMC,RMCEQN,196.41,199.8,199.8,3.39,1.73,1,199,530.0,185.1
ORIANA,ORIANASMN,303.0,308.2,308.2,5.2,1.72,375,115575,612.8,234.99
MAGNUM,MAGNUMEQN,18.18,18.49,18.49,0.31,1.71,60,1109,28.0,16.25
MAHSEAMLES,MAHSEAMLESEQN,692.75,704.55,704.55,11.8,1.7,6046,4259709,768.0,500.7
HBSL,HBSLEQN,58.61,59.6,59.6,0.99,1.69,1,59,108.8,42.63
TDPOWERSYS,TDPOWERSYSEQN,821.1,835.0,835.0,13.9,1.69,33982,28374970,856.1,291.35
SHUKRAPHAR,SHUKRAPHAREQN,68.32,69.47,69.47,1.15,1.68,20320,1411630,75.4,40.06
KESORAMIND,KESORAMINDEQN,10.81,10.99,10.99,0.18,1.67,182,2000,14.26,4.55
XTRANET,XTRANETEQN,302.65,307.7,307.7,5.05,1.67,3932,1209876,358.5,122.5
KSE,KSEEQN,176.84,179.8,179.8,2.96,1.67,10,1798,205.0,173.0
MCLEODRUSS,MCLEODRUSSEQN,42.0,42.7,42.7,0.7,1.67,595,25406,78.41,28.5
ZEEMEDIA,ZEEMEDIAEQN,7.21,7.33,7.33,0.12,1.66,8361,61286,11.55,6.65
LANCORHOL,LANCORHOLBEN,31.41,31.93,31.93,0.52,1.66,104,3320,41.75,18.12
AEPL,AEPLEQN,15.04,15.29,15.29,0.25,1.66,36,550,20.25,13.25
TREL,TRELEQN,26.71,27.15,27.15,0.44,1.65,101,2742,32.0,21.47
EQUIPPP,EQUIPPPBEN,22.38,22.75,22.75,0.37,1.65,169,3844,25.89,13.85
AARVI,AARVIEQN,140.71,143.0,143.0,2.29,1.63,75,10725,168.4,115.99
CCCL,CCCLEQN,12.99,13.2,13.2,0.21,1.62,30,396,25.69,12.7
ANNAPURNA,ANNAPURNAEQN,129.4,131.5,131.5,2.1,1.62,1,131,287.0,120.75
WATERBASE,WATERBASEEQN,45.07,45.8,45.8,0.73,1.62,109,4992,54.0,43.21
GAYAHWS,GAYAHWSEQN,1.86,1.89,1.89,0.03,1.61,157,296,4.76,1.69
FMNL,FMNLEQN,8.12,8.25,8.25,0.13,1.6,100,825,13.29,6.74
SAGILITY,SAGILITYEQN,43.11,43.8,43.8,0.69,1.6,207372,9082893,57.89,35.83
SCHAND,SCHANDEQN,144.15,146.45,146.45,2.3,1.6,42,6150,195.8,127.73
SUNCLAY,SUNCLAYEQN,1131.8,1149.8,1149.8,18.0,1.59,10,11498,1688.8,1096.1
SILVERTUC,SILVERTUCEQN,135.11,137.25,137.25,2.14,1.58,2684,368379,216.8,67.58
FAIRCHEMOR,FAIRCHEMOREQN,703.85,715.0,715.0,11.15,1.58,212,151580,846.8,428.05
HAMPTON,HAMPTONEQN,8.24,8.37,8.37,0.13,1.58,20,167,9.65,7.01
DIACABS,DIACABSBEN,369.15,374.9,374.9,5.75,1.56,7884,2955711,404.0,115.57
NOVARTIND,NOVARTINDEQN,2010.4,2041.5,2041.5,31.1,1.55,429,875803,2588.8,950.0
CINELINE,CINELINEEQN,93.35,94.8,94.8,1.45,1.55,105,9954,104.4,73.35
PILANIINVS,PILANIINVSEQN,4076.3,4139.0,4139.0,62.7,1.54,82,339398,5980.0,3865.0
NDL,NDLEQN,2.6,2.64,2.64,0.04,1.54,1644,4340,3.48,1.8
GLASSWALL,GLASSWALLEQN,262.25,266.3,266.3,4.05,1.54,24958,6646315,317.9,185.2
SURANAT&P,SURANAT&PEQN,15.76,16.0,16.0,0.24,1.52,9,144,24.12,15.5
ORCHASP,ORCHASPEQN,1.33,1.35,1.35,0.02,1.5,100,135,4.16,1.22
KABRAEXTRU,KABRAEXTRUBEN,805.9,817.95,817.95,12.05,1.5,44,35989,888.7,180.0
WHEELS,WHEELSEQN,2283.9,2318.1,2318.1,34.2,1.5,483,1119642,2498.0,705.85
KANANIIND,KANANIINDEQN,1.33,1.35,1.35,0.02,1.5,4737,6394,2.04,1.02
SOLEX,SOLEXEQN,670.15,680.2,680.2,10.05,1.5,465,316293,1985.0,651.0
VINEETLAB,VINEETLABEQN,36.65,37.2,37.2,0.55,1.5,10,372,43.5,27.96
RPPL,RPPLBEN,19.31,19.6,19.6,0.29,1.5,10,196,26.97,14.25
KIRLPNU,KIRLPNUEQN,696.15,706.5,706.5,10.35,1.49,1270,897255,1098.55,495.05
PICCADIL,PICCADILEQN,589.0,597.8,597.8,8.8,1.49,526,314442,809.7,515.0
VENUSPIPES,VENUSPIPESEQN,2238.5,2271.7,2271.7,33.2,1.48,1291,2932764,2347.9,890.0
MSL,MSLEQN,145.69,147.85,147.85,2.16,1.48,1,147,167.0,120.0
KECL,KECLEQN,129.04,130.95,130.95,1.91,1.48,318,41642,155.0,75.47
NAHARINDUS,NAHARINDUSEQN,133.93,135.9,135.9,1.97,1.47,5,679,154.0,83.05
ORIENTCER,ORIENTCEREQN,42.87,43.5,43.5,0.63,1.47,1,43,56.64,34.0
BANSALWIRE,BANSALWIREEQN,324.0,328.75,328.75,4.75,1.47,2213,727523,370.0,222.5
CSLFINANCE,CSLFINANCEEQN,206.94,209.99,209.99,3.05,1.47,1,209,324.7,199.99
SPIC,SPICEQN,63.06,63.99,63.99,0.93,1.47,5086,325453,96.26,55.1
FSL,FSLEQN,259.2,263.0,263.0,3.8,1.47,12662,3330106,371.75,202.0
UNITECH,UNITECHEQN,4.1,4.16,4.16,0.06,1.46,63634,264717,7.67,3.1
SADBHAV,SADBHAVEQN,6.92,7.02,7.02,0.1,1.45,10,70,14.7,6.05
AEROFLEX,AEROFLEXEQN,563.85,572.05,572.05,8.2,1.45,15740,9004067,584.15,158.0
TNPETRO,TNPETROEQN,125.78,127.6,127.6,1.82,1.45,3838,489728,146.99,78.67
5PAISA,5PAISAEQN,348.0,353.0,353.0,5.0,1.44,110,38830,416.95,245.5
BEARDSELL,BEARDSELLEQN,22.22,22.54,22.54,0.32,1.44,2208,49768,37.37,20.02
ESSARSHPNG,ESSARSHPNGEQN,16.66,16.9,16.9,0.24,1.44,1133,19147,43.26,15.43
ANTGRAPHIC,ANTGRAPHICEQN,0.7,0.71,0.71,0.01,1.43,1677,1190,1.17,0.64
AVADHSUGAR,AVADHSUGAREQN,937.55,951.0,951.0,13.45,1.43,2372,2255772,978.8,306.05
TBOTEK,TBOTEKEQN,1704.5,1728.7,1728.7,24.2,1.42,524,905838,1772.5,1004.2
CCHHL,CCHHLEQN,12.81,12.99,12.99,0.18,1.41,1,12,18.0,10.03
AAATECH,AAATECHEQN,106.79,108.3,108.3,1.51,1.41,152,16461,136.0,81.1
GERMAN,GERMANEQN,120.11,121.8,121.8,1.69,1.41,6859,835426,142.81,115.0
EVEREADY,EVEREADYEQN,320.5,325.0,325.0,4.5,1.4,582,189150,394.0,259.65
HLEGLAS,HLEGLASEQN,469.45,476.0,476.0,6.55,1.4,1119,532644,661.95,250.0
MITTAL,MITTALEQN,0.72,0.73,0.73,0.01,1.39,13430,9803,1.58,0.68
OSWALSEEDS,OSWALSEEDSEQN,12.2,12.37,12.37,0.17,1.39,51,630,20.28,9.66
ALUFLUOR,ALUFLUOREQN,649.15,658.15,658.15,9.0,1.39,321,211266,661.95,421.0
AEROENTER,AEROENTEREQN,129.01,130.79,130.79,1.78,1.38,2205,288391,159.6,62.2
SUNSHINE,SUNSHINEEQN,448.9,455.1,455.1,6.2,1.38,778,354067,524.95,326.25
ASHOKAMET,ASHOKAMETEQN,14.61,14.81,14.81,0.2,1.37,2,29,19.4,12.13
PLAZACABLE,PLAZACABLEEQN,58.2,59.0,59.0,0.8,1.37,1521,89739,66.0,27.0
DDEVPLSTIK,DDEVPLSTIKEQN,254.05,257.5,257.5,3.45,1.36,703,181022,353.0,185.15
TANAA,TANAAEQN,349.25,354.0,354.0,4.75,1.36,230,81420,378.95,238.0
CITIUSINVT,CITIUSINVTIVN,114.26,115.8,115.8,1.54,1.35,2,231,126.04,101.5
GANESHCP,GANESHCPEQN,158.87,161.0,161.0,2.13,1.34,2620,421820,307.4,144.5
AQYLON,AQYLONEQN,15.79,16.0,16.0,0.21,1.33,254,4064,224.7,14.69
SAKUMA,SAKUMAEQN,1.5,1.52,1.52,0.02,1.33,2192,3331,3.1,1.1
WAAREEINDO,WAAREEINDOEQN,207.15,209.9,209.9,2.75,1.33,1162,243903,725.0,196.8
NARMADA,NARMADAEQN,11.35,11.5,11.5,0.15,1.32,25,287,22.59,9.95
ESTER,ESTEREQN,94.55,95.8,95.8,1.25,1.32,100,9580,132.45,68.55
CUPID,CUPIDEQN,343.95,348.5,348.5,4.55,1.32,136562,47591857,357.0,41.82
MANOMAY,MANOMAYEQN,236.9,240.0,240.0,3.1,1.31,1514,363360,259.88,160.25
CPL,CPLEQN,61.1,61.9,61.9,0.8,1.31,1,61,75.74,59.53
BIRLAPREC,BIRLAPRECBEN,58.23,58.99,58.99,0.76,1.31,8,471,63.49,32.25
MSTCLTD,MSTCLTDEQN,698.75,707.85,707.85,9.1,1.3,825,583976,805.0,362.15
MCL,MCLEQN,55.27,55.99,55.99,0.72,1.3,354,19820,93.2,42.0
ALPINETEX,ALPINETEXEQN,46.04,46.64,46.64,0.6,1.3,347,16184,105.0,44.8
CREATIVEYE,CREATIVEYEEQN,6.21,6.29,6.29,0.08,1.29,2,12,8.82,5.16
NIACL,NIACLEQN,159.29,161.35,161.35,2.06,1.29,18234,2942055,242.6,116.97
VALIANTLAB,VALIANTLABBEN,123.21,124.79,124.79,1.58,1.28,1600,199664,132.25,49.51
VLEGOV,VLEGOVEQN,9.37,9.49,9.49,0.12,1.28,100,949,29.23,8.42
GSPCROP,GSPCROPEQN,482.8,489.0,489.0,6.2,1.28,65,31785,667.95,328.0
OMFREIGHT,OMFREIGHTEQN,106.63,108.0,108.0,1.37,1.28,786,84888,114.33,58.95
RHFL,RHFLBZN,1.56,1.58,1.58,0.02,1.28,9503,15014,3.98,1.53
GSS,GSSEQN,10.22,10.35,10.35,0.13,1.27,611,6323,27.5,8.68
LOTUSCHO,LOTUSCHOEQN,646.85,655.0,655.0,8.15,1.26,286,187330,724.0,526.1
KMSUGAR,KMSUGARBEN,26.17,26.5,26.5,0.33,1.26,912,24168,36.5,23.0
ATL,ATLEQN,25.67,25.99,25.99,0.32,1.25,2263,58815,36.16,18.2
ATAM,ATAMEQN,55.26,55.95,55.95,0.69,1.25,3,167,111.0,48.5
WALCHANNAG,WALCHANNAGEQN,223.99,226.8,226.8,2.81,1.25,9088,2061158,315.8,131.15
MEDICO,MEDICOEQN,22.37,22.65,22.65,0.28,1.25,446,10101,56.88,20.47
ENERGYDEV,ENERGYDEVEQN,14.57,14.75,14.75,0.18,1.24,100,1475,29.69,13.15
CEINSYS,CEINSYSEQN,691.15,699.75,699.75,8.6,1.24,743,519914,1249.9,634.95
AARTECH,AARTECHBEN,47.61,48.2,48.2,0.59,1.24,6,289,64.75,33.51
RIIT,RIITIVN,121.0,122.5,122.5,1.5,1.24,4,490,127.0,105.3
KANORICHEM,KANORICHEMBEN,180.75,183.0,183.0,2.25,1.24,203,37149,206.0,56.0
KMCSHIL,KMCSHILEQN,183.22,185.5,185.5,2.28,1.24,2883,534796,185.5,128.48
SNOWMAN,SNOWMANEQN,34.32,34.74,34.74,0.42,1.22,1136,39464,53.75,30.5
LINC,LINCEQN,86.84,87.9,87.9,1.06,1.22,12,1054,133.38,83.3
NECCLTD,NECCLTDEQN,18.87,19.1,19.1,0.23,1.22,3,57,24.01,10.55
SHREERAMA,SHREERAMAEQN,43.36,43.89,43.89,0.53,1.22,72,3160,71.99,37.62
VARMORA,VARMORAEQN,136.31,137.97,137.97,1.66,1.22,4017,554225,163.77,130.35
KRITINUT,KRITINUTEQN,70.15,71.0,71.0,0.85,1.21,110,7810,102.99,51.36
FCL,FCLEQN,57.8,58.5,58.5,0.7,1.21,127334,7449039,62.4,19.1
ORIENTELEC,ORIENTELECEQN,160.73,162.67,162.67,1.94,1.21,534,86865,217.51,149.05
AXITA,AXITAEQN,7.44,7.53,7.53,0.09,1.21,6151,46317,12.2,6.57
SHALPAINTS,SHALPAINTSBEN,77.08,78.0,78.0,0.92,1.19,2150,167700,95.95,35.21
ARFIN,ARFINEQN,103.06,104.29,104.29,1.23,1.19,11499,1199230,112.69,48.0
MVGJL,MVGJLEQN,212.39,214.9,214.9,2.51,1.18,768,165043,233.99,129.1
ZENSARTECH,ZENSARTECHEQN,439.3,444.5,444.5,5.2,1.18,3219,1430845,822.0,416.15
LUMAXIND,LUMAXINDEQN,5401.5,5465.5,5465.5,64.0,1.18,3,16396,6934.5,4480.0
AIRAN,AIRANEQN,15.32,15.5,15.5,0.18,1.17,36,558,25.08,12.63
AONEGOLD,AONEGOLDEQN,13.69,13.85,13.85,0.16,1.17,101,1398,17.73,10.22
NAVKARURB,NAVKARURBEQN,0.86,0.87,0.87,0.01,1.16,2895,2518,2.58,0.7
SUKHJITS,SUKHJITSEQN,149.56,151.3,151.3,1.74,1.16,110,16643,231.1,137.3
SADBHIN,SADBHINEQN,2.6,2.63,2.63,0.03,1.15,964,2535,4.79,2.06
ARIHANTCAP,ARIHANTCAPEQN,97.38,98.5,98.5,1.12,1.15,5213,513480,120.0,56.97
SOMATEX,SOMATEXEQN,80.95,81.88,81.88,0.93,1.15,1,81,161.25,68.35
SAGCEM,SAGCEMEQN,143.91,145.55,145.55,1.64,1.14,210,30565,257.64,140.1
TCS,TCSEQN,2080.3,2104.0,2104.0,23.7,1.14,28887,60778248,3350.0,1976.8
SARLAPOLY,SARLAPOLYEQN,96.7,97.8,97.8,1.1,1.14,5,489,111.0,68.4
VEDPOWER,VEDPOWEREQN,32.42,32.79,32.79,0.37,1.14,55982,1835649,49.88,30.44
ANDHRSUGAR,ANDHRSUGAREQN,93.37,94.43,94.43,1.06,1.14,10311,973667,107.23,66.5
MINDTECK,MINDTECKEQN,140.12,141.7,141.7,1.58,1.13,140,19838,307.68,133.0
BLUECLOUDS,BLUECLOUDSEQN,20.35,20.58,20.58,0.23,1.13,69230,1424753,24.5,18.85
GAJA,GAJAEQN,146.35,148.0,148.0,1.65,1.13,7554,1117992,191.65,133.0
AERONEU,AERONEUEQN,70.21,71.0,71.0,0.79,1.13,5000,355000,105.5,63.21
VASWANI,VASWANIEQN,43.8,44.29,44.29,0.49,1.12,15,664,69.99,43.11
VINNY,VINNYEQN,0.89,0.9,0.9,0.01,1.12,1446,1301,1.53,0.88
IZMO,IZMOEQN,889.95,899.9,899.9,9.95,1.12,849,764015,1175.4,562.0
PSPPROJECT,PSPPROJECTEQN,765.6,774.1,774.1,8.5,1.11,161,124630,1143.0,569.2
JASH,JASHEQN,586.15,592.6,592.6,6.45,1.1,576,341337,619.4,327.1
MMTC,MMTCEQN,56.2,56.82,56.82,0.62,1.1,18837,1070318,78.35,50.1
ONIXSOLAR,ONIXSOLAREQN,355.1,359.0,359.0,3.9,1.1,3305,1186495,464.2,262.45
GKSL,GKSLEQN,187.12,189.18,189.18,2.06,1.1,1681,318011,209.8,98.36
MEDICAMEQ,MEDICAMEQBEN,313.25,316.7,316.7,3.45,1.1,1,316,447.65,212.4
RUSTOMJEE,RUSTOMJEEEQN,379.3,383.45,383.45,4.15,1.09,1093,419110,634.0,331.9
VSSL,VSSLEQN,393.75,398.0,398.0,4.25,1.08,415,165170,428.25,206.4
SJS,SJSEQN,1982.6,2004.0,2004.0,21.4,1.08,1516,3038064,2590.0,1447.1
ATLANTAELE,ATLANTAELEEQN,1875.8,1896.0,1896.0,20.2,1.08,55,104280,2152.6,707.6
ONIDA,ONIDAEQN,30.67,31.0,31.0,0.33,1.08,120,3720,49.23,21.5
BHARATGEAR,BHARATGEARBEN,104.87,105.99,105.99,1.12,1.07,110,11658,141.33,83.8
PANORAMA,PANORAMAEQN,66.29,67.0,67.0,0.71,1.07,5260,352420,69.5,40.0
KNAGRI,KNAGRIEQN,205.9,208.1,208.1,2.2,1.07,101,21018,244.0,148.3
GALAPREC,GALAPRECEQN,1161.4,1173.7,1173.7,12.3,1.06,111,130280,1260.0,671.2
PNBHOUSING,PNBHOUSINGEQN,1131.0,1143.0,1143.0,12.0,1.06,1936,2212848,1211.5,729.6
VHLTD,VHLTDBEN,129.62,131.0,131.0,1.38,1.06,11940,1564140,145.2,109.86
ALKEM,ALKEMEQN,5350.5,5407.0,5407.0,56.5,1.06,901,4871707,5933.5,5051.0
TARACHAND,TARACHANDEQN,46.26,46.75,46.75,0.49,1.06,4,187,103.67,45.16
SERVOTECH,SERVOTECHEQN,71.15,71.9,71.9,0.75,1.05,3118,224184,141.5,57.51
HMT,HMTBZN,57.25,57.85,57.85,0.6,1.05,10,578,72.95,41.0
AUGMONT,AUGMONTEQN,1216.2,1229.0,1229.0,12.8,1.05,2210,2716090,1277.0,806.05
UFBL,UFBLBEN,687.65,694.9,694.9,7.25,1.05,75,52117,850.0,172.34
ARKADE,ARKADEEQN,119.73,120.98,120.98,1.25,1.04,501,60610,180.0,92.62
ZYDUSLIFE,ZYDUSLIFEEQN,1153.0,1165.0,1165.0,12.0,1.04,11674,13600210,1232.1,835.5
GANESHBE,GANESHBEBEN,117.78,119.0,119.0,1.22,1.04,281848,33539912,143.0,68.4
AFFORDABLE,AFFORDABLEEQN,165.3,167.0,167.0,1.7,1.03,5,835,297.0,119.71
VOLTAMP,VOLTAMPEQN,10512.0,10620.0,10620.0,108.0,1.03,110,1168200,12863.0,6666.0
INTLCONV,INTLCONVEQN,80.17,80.99,80.99,0.82,1.02,1,80,114.54,60.0
TOLINS,TOLINSEQN,90.08,91.0,91.0,0.92,1.02,36,3276,197.69,83.04
RUCHINFRA,RUCHINFRAEQN,4.94,4.99,4.99,0.05,1.01,10,49,7.7,4.05
PNBGILTS,PNBGILTSEQN,71.52,72.24,72.24,0.72,1.01,2004,144768,99.8,58.6
INFY,INFYEQN,992.0,1002.0,1002.0,10.0,1.01,79620,79779240,1728.0,980.4
IL&FSTRANS,IL&FSTRANSBZN,1.98,2.0,2.0,0.02,1.01,4,8,3.25,1.75
MVELECTRO,MVELECTROEQN,920.25,929.5,929.5,9.25,1.01,9312,8655504,970.0,516.55
FRESHARA,FRESHARASTN,410.85,415.0,415.0,4.15,1.01,600,249000,493.95,130.0
KNACK,KNACKEQN,211.86,214.0,214.0,2.14,1.01,14082,3013548,222.0,171.1
KOVAI,KOVAIEQN,5919.5,5979.5,5979.5,60.0,1.01,22,131549,6444.0,5275.5
SHAH,SHAHEQN,3.01,3.04,3.04,0.03,1.0,6385,19410,5.82,2.56
MBAPL,MBAPLEQN,168.02,169.7,169.7,1.68,1.0,3279,556446,174.94,76.56
SYNCOMF,SYNCOMFEQN,24.94,25.19,25.19,0.25,1.0,77789,1959504,27.49,10.21
ACI,ACIEQN,476.2,480.95,480.95,4.75,1.0,363,174584,676.0,446.0
ESSENTIA,ESSENTIAEQN,1.0,1.01,1.01,0.01,1.0,32944,33273,1.96,0.95
RAYMOND,RAYMONDEQN,1206.7,1218.7,1218.7,12.0,0.99,4249,5178256,1339.0,320.0
GLOBALVECT,GLOBALVECTEQN,125.94,127.19,127.19,1.25,0.99,5,635,248.0,123.0
KAVDEFENCE,KAVDEFENCEBEN,89.54,90.43,90.43,0.89,0.99,9894,894714,138.56,51.51
GLOTTIS,GLOTTISEQN,58.71,59.29,59.29,0.58,0.99,476,28222,93.0,37.0
PRANAV,PRANAVEQN,94.22,95.15,95.15,0.93,0.99,6279,597446,165.1,89.1
CAPILLARY,CAPILLARYEQN,578.3,584.0,584.0,5.7,0.99,1292,754528,798.95,438.15
SUPREMEINF,SUPREMEINFEQN,54.67,55.21,55.21,0.54,0.99,1812,100040,110.88,49.21
TRANSRAILL,TRANSRAILLEQN,479.3,484.0,484.0,4.7,0.98,10870,5261080,766.8,400.65
WONDERLA,WONDERLAEQN,519.6,524.7,524.7,5.1,0.98,1385,726709,599.0,455.0
SAMHI,SAMHIEQN,147.25,148.7,148.7,1.45,0.98,1097,163123,217.3,127.0
BPLPHARMA,BPLPHARMAEQN,1881.2,1899.6,1899.6,18.4,0.98,40,75984,2277.6,1125.7
KENNAMET,KENNAMETEQN,4180.9,4221.8,4221.8,40.9,0.98,1,4221,5136.0,2405.2
AMDIND,AMDINDBEN,52.37,52.88,52.88,0.51,0.97,37,1956,74.39,33.77
INDOAMIN,INDOAMINEQN,157.97,159.5,159.5,1.53,0.97,2236,356642,168.0,81.9
ANANTAM,ANANTAMIVN,103.0,104.0,104.0,1.0,0.97,2,208,117.0,100.1
TTL,TTLEQN,7.29,7.36,7.36,0.07,0.96,30,220,10.59,5.5
RBA,RBAEQN,96.08,97.0,97.0,0.92,0.96,23075,2238275,111.15,57.15
FREDUN,FREDUNEQN,1473.9,1488.0,1488.0,14.1,0.96,45,66960,1665.0,1195.2
ANTELOPUS,ANTELOPUSEQN,1130.2,1141.0,1141.0,10.8,0.96,1211,1381751,1290.9,357.0
SCPL,SCPLBEN,609.2,615.0,615.0,5.8,0.95,1,615,690.0,190.03
INDORAMA,INDORAMAEQN,95.99,96.9,96.9,0.91,0.95,1579,153005,112.3,29.0
PERMAGN,PERMAGNEQN,881.6,889.95,889.95,8.35,0.95,35,31148,929.0,784.05
LANDMARK,LANDMARKEQN,480.95,485.45,485.45,4.5,0.94,201,97575,662.0,339.5
SYNGENE,SYNGENEEQN,360.3,363.7,363.7,3.4,0.94,510,185487,678.95,345.2
AEGISLOG,AEGISLOGEQN,1460.2,1473.9,1473.9,13.7,0.94,3041,4482129,1528.7,576.1
PLASTIBLEN,PLASTIBLENEQN,205.09,207.0,207.0,1.91,0.93,500,103500,216.29,121.01
INDOWIND,INDOWINDEQN,8.58,8.66,8.66,0.08,0.93,2027,17553,18.94,7.0
KINGFA,KINGFAEQN,6932.5,6997.0,6997.0,64.5,0.93,40,279880,6997.0,3649.9
MACPOWER,MACPOWEREQN,2062.9,2082.1,2082.1,19.2,0.93,5,10410,2251.0,761.0
DIFFNKG,DIFFNKGEQN,452.85,457.05,457.05,4.2,0.93,1,457,519.9,216.8
DISHTV,DISHTVEQN,2.14,2.16,2.16,0.02,0.93,12741,27520,4.99,1.82
CHEMCRUX,CHEMCRUXEQN,87.16,87.97,87.97,0.81,0.93,200,17594,91.45,76.3
INDOCO,INDOCOEQN,246.55,248.85,248.85,2.3,0.93,170,42304,317.35,162.19
MOLBIO,MOLBIOEQN,1544.7,1559.0,1559.0,14.3,0.93,7165,11170235,1686.8,926.35
FINCABLES,FINCABLESEQN,1483.5,1497.3,1497.3,13.8,0.93,2637,3948380,1499.0,700.8
SIGIND,SIGINDBEN,61.19,61.75,61.75,0.56,0.92,50,3087,74.99,40.66
SREEL,SREELBEN,287.35,290.0,290.0,2.65,0.92,25,7250,400.0,165.25
LIBERTSHOE,LIBERTSHOEEQN,216.48,218.45,218.45,1.97,0.91,100,21845,344.0,209.0
ASIANTILES,ASIANTILESEQN,47.19,47.62,47.62,0.43,0.91,1110,52858,79.06,42.5
AWFIS,AWFISEQN,250.75,253.04,253.04,2.29,0.91,383,96914,639.4,229.05
EMSLIMITED,EMSLIMITEDEQN,328.95,331.95,331.95,3.0,0.91,203,67385,559.2,256.05
SEKURITIND,SEKURITINDEQN,109.99,110.99,110.99,1.0,0.91,50,5549,124.65,105.05
MOTISONS,MOTISONSEQN,17.68,17.84,17.84,0.16,0.9,116743,2082695,19.78,10.62
FOCUS,FOCUSEQN,56.26,56.76,56.76,0.5,0.89,81,4597,98.87,52.25
ACCELYA,ACCELYAEQN,1100.1,1109.9,1109.9,9.8,0.89,535,593796,1527.0,1012.4
UEL,UELEQN,177.64,179.22,179.22,1.58,0.89,3,537,284.2,110.13
3BBLACKBIO,3BBLACKBIOEQN,1615.5,1629.9,1629.9,14.4,0.89,124,202107,1740.0,1085.0
WOMANCART,WOMANCARTSTN,91.1,91.9,91.9,0.8,0.88,400,36760,358.0,88.0
LICHSGFIN,LICHSGFINEQN,515.4,519.9,519.9,4.5,0.87,12872,6692152,598.2,458.9
FMGOETZE,FMGOETZEEQN,441.15,445.0,445.0,3.85,0.87,506,225170,641.1,358.0
LXCHEM,LXCHEMEQN,190.35,192.0,192.0,1.65,0.87,10115,1942080,215.01,107.6
VIVIANA,VIVIANAEQN,817.85,825.0,825.0,7.15,0.87,72,59400,1162.5,565.0
CPPLUS,CPPLUSEQN,4064.9,4100.0,4100.0,35.1,0.86,785,3218500,4188.9,1304.0
SHREEJISPG,SHREEJISPGEQN,802.1,809.0,809.0,6.9,0.86,1152,931968,809.75,222.0
NRBBEARING,NRBBEARINGEQN,529.95,534.45,534.45,4.5,0.85,1104,590032,559.9,212.55
HONAUT,HONAUTEQN,33345.0,33630.0,33630.0,285.0,0.85,1,33630,41495.0,26220.0
QPOWER,QPOWEREQN,1615.0,1628.8,1628.8,13.8,0.85,796,1296524,1681.0,581.0
DEEPA,DEEPAEQN,227.06,229.0,229.0,1.94,0.85,30330,6945570,242.4,164.79
DOLATALGO,DOLATALGOEQN,61.68,62.2,62.2,0.52,0.84,34,2114,95.76,59.25
BIRLAMONEY,BIRLAMONEYEQN,118.98,119.98,119.98,1.0,0.84,17,2039,179.85,95.0
HILINFRA,HILINFRAEQN,47.6,48.0,48.0,0.4,0.84,68,3264,84.3,40.1
CANHLIFE,CANHLIFEEQN,146.06,147.29,147.29,1.23,0.84,678,99862,166.69,106.0
SBC,SBCEQN,61.77,62.28,62.28,0.51,0.83,15125,941985,64.43,22.1
MARSONS,MARSONSEQN,132.45,133.55,133.55,1.1,0.83,31948,4266655,175.4,100.25
PIXTRANS,PIXTRANSEQN,1788.4,1803.2,1803.2,14.8,0.83,140,252448,2089.0,1252.0
ZEEL,ZEELEQN,70.12,70.7,70.7,0.58,0.83,28661,2026332,118.35,68.0
ULTRAMAR,ULTRAMAREQN,409.6,413.0,413.0,3.4,0.83,1,413,455.75,364.1
AVROIND,AVROINDEQN,6.13,6.18,6.18,0.05,0.82,395,2441,15.87,5.61
VERTOZ,VERTOZEQN,33.06,33.33,33.33,0.27,0.82,171,5699,76.8,27.02
EPIGRAL,EPIGRALEQN,1030.0,1038.4,1038.4,8.4,0.82,24,24921,1746.0,807.0
PENINLAND,PENINLANDEQN,14.66,14.78,14.78,0.12,0.82,1,14,37.0,13.75
COMSYN,COMSYNEQN,260.85,262.95,262.95,2.1,0.81,414,108861,315.4,136.44
ATULAUTO,ATULAUTOEQN,426.25,429.7,429.7,3.45,0.81,143,61447,596.55,380.05
DNAMEDIA,DNAMEDIAEQN,2.47,2.49,2.49,0.02,0.81,40,99,5.09,2.17
POLYPLEX,POLYPLEXEQN,1023.3,1031.6,1031.6,8.3,0.81,144,148550,1264.0,740.0
FRONTSP,FRONTSPEQN,1431.2,1442.8,1442.8,11.6,0.81,35,50498,1869.0,1150.5
LYKALABS,LYKALABSBEN,74.3,74.9,74.9,0.6,0.81,1,74,100.94,44.1
KAMATHOTEL,KAMATHOTELEQN,262.89,264.99,264.99,2.1,0.8,80,21199,329.6,140.2
GABRIEL,GABRIELEQN,1346.9,1357.7,1357.7,10.8,0.8,1232,1672686,1600.0,795.7
ABDL,ABDLEQN,694.25,699.8,699.8,5.55,0.8,675,472365,753.8,382.1
CENTURYPLY,CENTURYPLYEQN,683.5,689.0,689.0,5.5,0.8,189,130221,859.0,618.5
EXICOM,EXICOMEQN,153.78,154.99,154.99,1.21,0.79,776,120272,189.17,75.6
VENTIVE,VENTIVEEQN,582.4,587.0,587.0,4.6,0.79,1,587,793.95,542.6
SALZERELEC,SALZERELECEQN,521.0,525.1,525.1,4.1,0.79,20,10502,952.5,488.8
TGVSL,TGVSLEQN,126.26,127.25,127.25,0.99,0.78,1622,206399,130.49,101.01
NDTV,NDTVEQN,66.48,67.0,67.0,0.52,0.78,24,1608,117.8,58.75
AKSHOPTFBR,AKSHOPTFBRBEN,7.73,7.79,7.79,0.06,0.78,54436,424056,9.01,3.82
ITDC,ITDCEQN,671.75,677.0,677.0,5.25,0.78,682,461714,822.0,368.0
DHAMPURSUG,DHAMPURSUGEQN,188.92,190.4,190.4,1.48,0.78,3091,588526,199.92,110.0
THANGAMAYL,THANGAMAYLEQN,4803.0,4840.0,4840.0,37.0,0.77,147,711480,7430.0,1939.5
ASPINWALL,ASPINWALLEQN,241.65,243.5,243.5,1.85,0.77,7,1704,299.8,200.25
SAIL,SAILEQN,174.31,175.65,175.65,1.34,0.77,16163,2839030,209.7,124.0
ADANIENSOL,ADANIENSOLEQN,1318.8,1328.9,1328.9,10.1,0.77,2234,2968762,1789.0,803.1
BLIL,BLILEQN,65.28,65.78,65.78,0.5,0.77,112,7367,79.5,64.22
IRMENERGY,IRMENERGYEQN,263.0,265.0,265.0,2.0,0.76,476,126140,366.89,165.4
MGEL,MGELEQN,15.71,15.83,15.83,0.12,0.76,64,1013,17.89,9.53
ZENITHSTL,ZENITHSTLEQN,5.28,5.32,5.32,0.04,0.76,131,696,10.33,4.41
MONTECARLO,MONTECARLOEQN,525.7,529.7,529.7,4.0,0.76,5,2648,860.95,464.0
BHARTIARTL,BHARTIARTLEQN,1833.9,1847.8,1847.8,13.9,0.76,61426,113502962,2174.5,1726.3
TVSELECT,TVSELECTEQN,397.0,400.0,400.0,3.0,0.76,101,40400,739.35,336.2
INDUSINVIT,INDUSINVITIVN,131.01,132.0,132.0,0.99,0.76,323,42636,138.0,113.21
CEWATER,CEWATEREQN,260.95,262.9,262.9,1.95,0.75,16,4206,512.5,235.0
TRF,TRFEQN,198.02,199.5,199.5,1.48,0.75,1,199,387.8,191.0
NDRAUTO,NDRAUTOEQN,716.6,722.0,722.0,5.4,0.75,2,1444,1077.5,605.05
RENUKA,RENUKAEQN,22.78,22.95,22.95,0.17,0.75,31921,732586,31.35,20.95
COMPUSOFT,COMPUSOFTEQN,13.25,13.35,13.35,0.1,0.75,103,1375,19.98,12.0
APARINDS,APARINDSEQN,18160.0,18296.0,18296.0,136.0,0.75,306,5598576,19265.0,6801.0
ZUARIIND,ZUARIINDEQN,281.45,283.55,283.55,2.1,0.75,156,44233,379.0,210.0
OMNI,OMNIEQN,657.55,662.45,662.45,4.9,0.75,1272,842636,764.85,176.25
KAMDHENU,KAMDHENUEQN,38.08,38.36,38.36,0.28,0.74,337,12927,43.7,16.15
MASTERTR,MASTERTREQN,82.94,83.55,83.55,0.61,0.74,436,36427,149.9,55.6
SANSTAR,SANSTAREQN,104.23,105.0,105.0,0.77,0.74,100,10500,137.49,74.3
NAM-INDIA,NAM-INDIAEQN,1047.2,1055.0,1055.0,7.8,0.74,451,475805,1269.5,795.8
BALAJITELE,BALAJITELEEQN,89.18,89.84,89.84,0.66,0.74,111,9972,133.23,69.52
SINDHUTRAD,SINDHUTRADEQN,21.68,21.84,21.84,0.16,0.74,254,5547,28.64,17.64
IMAGICAA,IMAGICAAEQN,48.72,49.08,49.08,0.36,0.74,1728,84810,62.0,36.84
HARIOMPIPE,HARIOMPIPEEQN,338.15,340.65,340.65,2.5,0.74,40,13626,482.0,268.05
SIKA,SIKAEQN,1068.6,1076.5,1076.5,7.9,0.74,24,25836,1359.4,870.1
SURAKSHA,SURAKSHAEQN,321.7,324.05,324.05,2.35,0.73,207,67078,360.0,224.1
BHARATRAS,BHARATRASEQN,985.2,992.4,992.4,7.2,0.73,29,28779,2987.5,958.0
PREMIER,PREMIERBEN,2.74,2.76,2.76,0.02,0.73,1,2,3.88,2.47
MANAKCOAT,MANAKCOATEQN,129.25,130.19,130.19,0.94,0.73,81,10545,182.82,94.2
AVTNPL,AVTNPLEQN,88.75,89.4,89.4,0.65,0.73,110,9834,102.0,53.5
TEAMLEASE,TEAMLEASEEQN,1101.0,1109.0,1109.0,8.0,0.73,1,1109,1872.2,1065.2
GLOBAL,GLOBALEQN,144.79,145.85,145.85,1.06,0.73,1695,247215,145.85,55.3
TAJGVK,TAJGVKEQN,320.45,322.8,322.8,2.35,0.73,307,99099,438.25,281.35
ADOR,ADOREQN,1552.1,1563.5,1563.5,11.4,0.73,75,117262,1766.4,848.0
INDOSTAR,INDOSTAREQN,200.12,201.59,201.59,1.47,0.73,10,2015,292.0,179.03
ARROWGREEN,ARROWGREENEQN,893.35,899.9,899.9,6.55,0.73,58,52194,952.75,341.95
ADVENTHTL,ADVENTHTLEQN,121.77,122.66,122.66,0.89,0.73,99,12143,345.05,116.8
BIRLANU,BIRLANUEQN,1321.3,1331.0,1331.0,9.7,0.73,16,21296,1999.0,1190.1
NGLFINE,NGLFINEEQN,3134.2,3157.1,3157.1,22.9,0.73,5,15785,3602.0,1271.0
IVP,IVPBEN,227.25,228.9,228.9,1.65,0.73,51,11673,232.5,110.0
FAZE3Q,FAZE3QEQN,450.1,453.4,453.4,3.3,0.73,10,4534,650.05,322.1
LUXIND,LUXINDEQN,1157.5,1166.0,1166.0,8.5,0.73,54,62964,1823.35,824.05
APCOTEXIND,APCOTEXINDEQN,592.7,597.0,597.0,4.3,0.73,401,239397,712.0,310.45
COCKERILL,COCKERILLEQN,7856.0,7913.5,7913.5,57.5,0.73,5,39567,10871.5,4955.0
ACCURACY,ACCURACYEQN,4.17,4.2,4.2,0.03,0.72,2,8,7.1,3.4
DIGISPICE,DIGISPICEEQN,15.28,15.39,15.39,0.11,0.72,4,61,28.49,14.4
PLATIND,PLATINDEQN,200.56,202.0,202.0,1.44,0.72,36,7272,299.0,183.5
GTL,GTLEQN,6.9,6.95,6.95,0.05,0.72,169,1174,9.56,4.91
RUBYMILLS,RUBYMILLSEQN,509.8,513.45,513.45,3.65,0.72,17,8728,523.8,169.02
AGARIND,AGARINDEQN,388.9,391.7,391.7,2.8,0.72,85,33294,933.8,360.0
CRAMC,CRAMCEQN,229.52,231.18,231.18,1.66,0.72,1667,385377,353.4,214.2
KRISHIVAL,KRISHIVALEQN,397.4,400.25,400.25,2.85,0.72,3,1200,483.81,282.3
ADSL,ADSLEQN,102.04,102.77,102.77,0.73,0.72,60,6166,202.63,86.27
PASUPTAC,PASUPTACEQN,70.5,71.0,71.0,0.5,0.71,1376,97696,81.29,40.41
SATIA,SATIAEQN,69.0,69.49,69.49,0.49,0.71,82,5698,82.59,50.8
WABAG,WABAGEQN,1998.3,2012.4,2012.4,14.1,0.71,1093,2199553,2319.0,1033.0
AMBIKCO,AMBIKCOEQN,1504.9,1515.6,1515.6,10.7,0.71,1,1515,1931.0,1101.0
CHEMCON,CHEMCONEQN,220.59,222.16,222.16,1.57,0.71,185,41099,286.0,125.0
RELCHEMQ,RELCHEMQEQN,114.19,115.0,115.0,0.81,0.71,2,230,163.0,105.01
KOTHARIPET,KOTHARIPETEQN,126.56,127.46,127.46,0.9,0.71,240,30590,155.47,94.75
KALPATARU,KALPATARUEQN,267.3,269.2,269.2,1.9,0.71,2,538,410.7,250.0
PONNIERODE,PONNIERODEEQN,365.4,368.0,368.0,2.6,0.71,301,110768,455.0,252.4
BRAHMINFRA,BRAHMINFRAEQN,142.98,144.0,144.0,1.02,0.71,51,7344,184.0,138.0
UTLSOLAR,UTLSOLAREQN,431.75,434.8,434.8,3.05,0.71,227,98699,494.25,172.0
AEROPLANE,AEROPLANEEQN,218.44,219.99,219.99,1.55,0.71,883,194251,220.89,117.02
LAXMIINDIA,LAXMIINDIAEQN,110.81,111.6,111.6,0.79,0.71,5,558,159.59,71.06
ESCORTS,ESCORTSEQN,2785.5,2804.9,2804.9,19.4,0.7,45,126220,3987.8,2550.1
SHREDIGCEM,SHREDIGCEMEQN,64.55,65.0,65.0,0.45,0.7,8,520,97.15,53.9
KRISHANA,KRISHANAEQN,191.38,192.7,192.7,1.32,0.69,562,108297,206.39,90.86
KFINTECH,KFINTECHEQN,858.0,863.95,863.95,5.95,0.69,1612,1392687,1215.0,784.95
KOLTEPATIL,KOLTEPATILEQN,435.9,438.9,438.9,3.0,0.69,658,288796,554.6,292.25
DOLPHIN,DOLPHINEQN,652.9,657.4,657.4,4.5,0.69,200,131480,749.5,322.0
TIGERLOGS,TIGERLOGSEQN,26.17,26.35,26.35,0.18,0.69,15,395,48.5,22.9
KILITCH,KILITCHEQN,256.25,258.0,258.0,1.75,0.68,265,68370,267.9,117.25
MAANALU,MAANALUEQN,103.99,104.7,104.7,0.71,0.68,30,3141,184.74,96.0
BESTAGRO,BESTAGROEQN,17.59,17.71,17.71,0.12,0.68,2466,43672,34.4,12.3
KLBRENG-B,KLBRENG-BEQN,524.35,527.9,527.9,3.55,0.68,399,210632,544.85,332.4
CENTEXT,CENTEXTEQN,17.82,17.94,17.94,0.12,0.67,112,2009,31.59,14.25
JPPOWER,JPPOWEREQN,14.86,14.96,14.96,0.1,0.67,240570,3598927,24.5,13.15
SMSPHARMA,SMSPHARMAEQN,468.85,472.0,472.0,3.15,0.67,748,353056,494.45,262.41
MOL,MOLEQN,61.06,61.47,61.47,0.41,0.67,7444,457582,84.43,36.5
INDOMIM,INDOMIMEQN,1359.9,1369.0,1369.0,9.1,0.67,2339,3202091,1374.4,700.0
MIIL,MIILEQN,667.5,672.0,672.0,4.5,0.67,6,4032,742.9,640.5
NPST,NPSTEQN,1854.9,1867.2,1867.2,12.3,0.66,26,48547,2058.0,846.6
SHOPERSTOP,SHOPERSTOPEQN,392.4,395.0,395.0,2.6,0.66,1,395,558.0,275.95
RTNINDIA,RTNINDIAEQN,25.78,25.95,25.95,0.17,0.66,8393,217798,54.39,24.4
VALIANTORG,VALIANTORGEQN,479.85,483.0,483.0,3.15,0.66,440,212520,505.0,195.0
RAIN,RAINEQN,218.95,220.4,220.4,1.45,0.66,5997,1321738,252.0,99.9
KERNEX,KERNEXEQN,1767.5,1779.0,1779.0,11.5,0.65,202,359358,2580.0,850.0
PANAMAPET,PANAMAPETEQN,537.0,540.5,540.5,3.5,0.65,2125,1148562,599.6,229.0
MEDIASSIST,MEDIASSISTEQN,300.0,301.95,301.95,1.95,0.65,42,12681,575.55,291.25
AURIONPRO,AURIONPROEQN,612.8,616.8,616.8,4.0,0.65,612,377481,1240.0,593.35
SAKHTISUG,SAKHTISUGEQN,18.63,18.75,18.75,0.12,0.64,28,525,23.29,13.52
OSELDEVICE,OSELDEVICESMN,388.4,390.9,390.9,2.5,0.64,600,234540,835.0,349.75
JAGSNPHARM,JAGSNPHARMEQN,235.4,236.9,236.9,1.5,0.64,435,103051,264.5,155.0
GANGAFORGE,GANGAFORGEEQN,1.58,1.59,1.59,0.01,0.63,26719,42483,3.29,1.35
KPEL,KPELEQN,212.89,214.22,214.22,1.33,0.62,1093,234142,463.25,206.2
CUB,CUBEQN,222.12,223.49,223.49,1.37,0.62,3296,736623,248.85,158.69
SHRINGARMS,SHRINGARMSEQN,221.03,222.4,222.4,1.37,0.62,1746,388310,266.5,166.0
HNDFDS,HNDFDSEQN,580.4,583.95,583.95,3.55,0.61,8,4671,677.75,442.0
BOSCH-HCIL,BOSCH-HCILEQN,1948.1,1960.0,1960.0,11.9,0.61,70,137200,2037.0,1021.3
PDSL,PDSLEQN,342.0,344.1,344.1,2.1,0.61,9,3096,418.5,246.05
TATATECH,TATATECHEQN,697.6,701.8,701.8,4.2,0.6,614,430905,891.0,507.4
METROPOLIS,METROPOLISEQN,541.45,544.7,544.7,3.25,0.6,27,14706,609.05,412.25
GANDHAR,GANDHAREQN,299.2,301.0,301.0,1.8,0.6,4656,1401456,303.17,115.0
GPPL,GPPLEQN,172.46,173.5,173.5,1.04,0.6,11473,1990565,200.09,141.55
KIRLOSBROS,KIRLOSBROSEQN,1712.8,1723.0,1723.0,10.2,0.6,104,179192,2189.2,1335.0
SAREGAMA,SAREGAMAEQN,503.75,506.75,506.75,3.0,0.6,611,309624,574.5,307.05
COFFEEDAY,COFFEEDAYEQN,30.63,30.81,30.81,0.18,0.59,1138,35061,44.8,21.0
FIEMIND,FIEMINDEQN,1799.3,1810.0,1810.0,10.7,0.59,63,114030,2674.8,1742.5
SHILPAMED,SHILPAMEDEQN,1071.2,1077.5,1077.5,6.3,0.59,747,804892,1095.0,259.5
SOUTHBANK,SOUTHBANKEQN,47.47,47.75,47.75,0.28,0.59,48266,2304701,50.68,30.09
LUMAXTECH,LUMAXTECHEQN,1849.2,1860.1,1860.1,10.9,0.59,79,146947,2190.0,1120.0
HATSUN,HATSUNEQN,1148.1,1154.9,1154.9,6.8,0.59,10,11549,1349.7,855.3
IVALUE,IVALUEEQN,232.04,233.4,233.4,1.36,0.59,674,157311,340.0,200.88
LEAPIND,LEAPINDEQN,148.03,148.9,148.9,0.87,0.59,3989,593962,172.29,128.55
TPLPLASTEH,TPLPLASTEHEQN,68.6,69.0,69.0,0.4,0.58,6,414,90.33,50.01
CARBORUNIV,CARBORUNIVEQN,1256.7,1264.0,1264.0,7.3,0.58,20,25280,1368.9,735.2
LCL,LCLEQN,624.1,627.75,627.75,3.65,0.58,1183,742628,638.7,461.0
MANINDS,MANINDSEQN,905.75,910.95,910.95,5.2,0.57,1303,1186967,1039.7,302.05
WELSPLSOL,WELSPLSOLEQN,51.31,51.6,51.6,0.29,0.57,110,5676,63.25,36.0
SUPRIYA,SUPRIYAEQN,889.25,894.35,894.35,5.1,0.57,1221,1092001,1085.0,545.5
DODLA,DODLAEQN,1013.3,1019.0,1019.0,5.7,0.56,2,2038,1377.1,964.1
UPL,UPLEQN,495.0,497.75,497.75,2.75,0.56,1288,641102,812.2,476.45
RISHABH,RISHABHEQN,674.2,678.0,678.0,3.8,0.56,10,6780,852.0,315.0
TFCILTD,TFCILTDEQN,152.24,153.1,153.1,0.86,0.56,44504,6813562,154.19,51.0
JAYAGROGN,JAYAGROGNEQN,213.0,214.2,214.2,1.2,0.56,100,21420,265.0,147.26
PASHUPATI,PASHUPATIEQN,69.6,69.99,69.99,0.39,0.56,3961,277230,118.35,67.75
CNL,CNLEQN,1079.0,1085.0,1085.0,6.0,0.56,100,108500,1328.0,525.0
GRANULES,GRANULESEQN,845.3,850.0,850.0,4.7,0.56,901,765850,923.65,529.85
AASTHA,AASTHAEQN,30.12,30.29,30.29,0.17,0.56,318,9632,70.01,28.62
TVSHLTD,TVSHLTDEQN,11735.0,11799.0,11799.0,64.0,0.55,3,35397,16297.0,11475.0
RATNAVEER,RATNAVEEREQN,336.45,338.3,338.3,1.85,0.55,22460,7598218,357.7,130.5
UTTAMSUGAR,UTTAMSUGAREQN,308.3,310.0,310.0,1.7,0.55,2168,672080,359.3,181.1
STARHEALTH,STARHEALTHEQN,553.85,556.9,556.9,3.05,0.55,331,184333,624.9,416.55
SUNFLAG,SUNFLAGEQN,474.4,477.0,477.0,2.6,0.55,843,402111,479.1,192.15
ANANDRATHI,ANANDRATHIEQN,2127.2,2139.0,2139.0,11.8,0.55,762,1629918,2268.4,1353.85
VADILALIND,VADILALINDEQN,7247.0,7287.0,7287.0,40.0,0.55,1,7287,8447.0,3996.0
CMLL,CMLLEQN,531.95,534.85,534.85,2.9,0.55,123,65786,624.4,460.0
PERNIASPOP,PERNIASPOPEQN,531.45,534.35,534.35,2.9,0.55,126,67328,588.9,501.05
JUSTDIAL,JUSTDIALEQN,657.4,661.0,661.0,3.6,0.55,15,9915,878.6,480.5
MOSCHIP,MOSCHIPEQN,195.2,196.25,196.25,1.05,0.54,4683,919038,288.45,146.8
SMCGLOBAL,SMCGLOBALEQN,110.24,110.83,110.83,0.59,0.54,18817,2085488,120.0,54.44
HINDZINC,HINDZINCEQN,551.0,554.0,554.0,3.0,0.54,5513,3054202,733.0,453.5
TATAPOWER,TATAPOWEREQN,345.15,347.0,347.0,1.85,0.54,20999,7286653,464.9,334.0
BAYERCROP,BAYERCROPEQN,3491.5,3510.0,3510.0,18.5,0.53,12,42120,5149.9,3366.3
CAPACITE,CAPACITEEQN,181.72,182.68,182.68,0.96,0.53,201,36718,314.25,175.99
CRIZAC,CRIZACEQN,166.91,167.8,167.8,0.89,0.53,309,51850,333.0,159.02
ENRIN,ENRINEQN,3344.0,3361.8,3361.8,17.8,0.53,965,3244137,3968.0,2115.0
ATGL,ATGLEQN,581.9,585.0,585.0,3.1,0.53,2506,1466010,859.85,462.8
DBOL,DBOLEQN,140.25,141.0,141.0,0.75,0.53,2355,332055,143.09,69.0
LENSKART,LENSKARTEQN,681.3,684.9,684.9,3.6,0.53,3302,2261539,725.0,356.1
NITIRAJ,NITIRAJEQN,213.86,214.98,214.98,1.12,0.52,1,214,241.0,168.0
IGIL,IGILEQN,317.05,318.7,318.7,1.65,0.52,653,208111,388.3,287.0
DCAL,DCALEQN,152.46,153.25,153.25,0.79,0.52,102,15631,306.0,128.5
RAYMONDREL,RAYMONDRELEQN,701.8,705.45,705.45,3.65,0.52,2288,1614069,741.95,349.0
MMFL,MMFLEQN,566.05,569.0,569.0,2.95,0.52,66,37554,687.95,288.1
EMBDL,EMBDLEQN,57.19,57.49,57.49,0.3,0.52,3358,193051,97.42,39.46
UTIAMC,UTIAMCEQN,892.3,896.9,896.9,4.6,0.52,22,19731,1409.0,866.0
SUDARSCHEM,SUDARSCHEMEQN,1226.6,1233.0,1233.0,6.4,0.52,439,541287,1347.0,726.4
CONTROLPR,CONTROLPREQN,619.95,623.2,623.2,3.25,0.52,65,40508,818.25,517.0
CYIENT,CYIENTEQN,1115.0,1120.7,1120.7,5.7,0.51,358,401210,1222.0,750.3
GCSL,GCSLEQN,689.7,693.25,693.25,3.55,0.51,39,27036,701.25,213.15
BLEL,BLELEQN,514.4,517.0,517.0,2.6,0.51,5304,2742168,548.0,415.0
RADICO,RADICOEQN,4495.0,4517.4,4517.4,22.4,0.5,510,2303874,4747.0,2500.0
ROSSARI,ROSSARIEQN,422.9,425.0,425.0,2.1,0.5,16,6800,690.3,375.0
KMEW,KMEWEQN,3214.0,3230.0,3230.0,16.0,0.5,84,271320,3307.0,1084.6
ORCHPHARMA,ORCHPHARMAEQN,1023.95,1029.05,1029.05,5.1,0.5,626,644185,1143.5,480.0
IKIO,IKIOEQN,191.05,192.0,192.0,0.95,0.5,4,768,238.8,103.53
NESCO,NESCOEQN,1028.9,1034.0,1034.0,5.1,0.5,11,11374,1422.8,996.0
SUPREMEIND,SUPREMEINDEQN,3550.0,3567.7,3567.7,17.7,0.5,213,759920,4293.9,3140.0
EBGNG,EBGNGEQN,731.35,735.0,735.0,3.65,0.5,4705,3458175,740.4,239.0
SOTL,SOTLEQN,803.8,807.8,807.8,4.0,0.5,1226,990362,860.4,285.8
SHANTIGOLD,SHANTIGOLDEQN,341.05,342.75,342.75,1.7,0.5,13297,4557546,361.35,155.0
INNOVACAP,INNOVACAPEQN,1166.2,1172.0,1172.0,5.8,0.5,26,30472,1353.5,622.0
DPEL,DPELSMN,605.95,609.0,609.0,3.05,0.5,1000,609000,655.0,240.3
FERMENTA,FERMENTAEQN,565.3,568.1,568.1,2.8,0.5,100,56810,582.65,248.85
ARSSBL,ARSSBLEQN,571.15,574.0,574.0,2.85,0.5,976,560224,794.85,416.0
ANAWIL,ANAWILSMN,433.2,435.35,435.35,2.15,0.5,400,174140,540.0,313.2
QMSMEDI,QMSMEDIBEN,200.99,201.99,201.99,1.0,0.5,51,10301,216.79,68.95
DENTA,DENTAEQN,263.7,265.0,265.0,1.3,0.49,55,14575,479.6,222.0
MARATHON,MARATHONEQN,377.7,379.55,379.55,1.85,0.49,1,379,678.05,344.05
PNGJL,PNGJLEQN,597.05,600.0,600.0,2.95,0.49,200,120000,736.4,503.0
KALYANKJIL,KALYANKJILEQN,569.0,571.8,571.8,2.8,0.49,18742,10716675,648.95,327.05
PCBL,PCBLEQN,326.9,328.5,328.5,1.6,0.49,8574,2816559,394.0,226.5
INDIGRID,INDIGRIDIVN,168.96,169.78,169.78,0.82,0.49,922,156537,180.9,161.01
DIGITIDE,DIGITIDEEQN,75.7,76.07,76.07,0.37,0.49,30,2282,183.4,69.9
HEGAM,HEGAMEQN,246.99,248.21,248.21,1.22,0.49,670,166300,753.9,214.1
ECORECO,ECORECOEQN,424.25,426.35,426.35,2.1,0.49,12,5116,494.9,385.0
GRINFRA,GRINFRAEQN,798.4,802.35,802.35,3.95,0.49,10,8023,1309.8,775.0
SHREEPUSHK,SHREEPUSHKEQN,517.5,520.0,520.0,2.5,0.48,168,87360,545.2,272.45
MAYURUNIQ,MAYURUNIQEQN,762.85,766.5,766.5,3.65,0.48,367,281305,907.0,471.2
LPDC,LPDCEQN,6.25,6.28,6.28,0.03,0.48,2,12,9.46,5.23
BLUEJET,BLUEJETEQN,541.35,543.95,543.95,2.6,0.48,95,51675,692.9,325.0
IIFL,IIFLEQN,588.55,591.4,591.4,2.85,0.48,2095,1238983,705.0,409.1
THYROCARE,THYROCAREEQN,513.05,515.5,515.5,2.45,0.48,534,275277,662.0,342.55
TINNARUBR,TINNARUBREQN,930.55,935.0,935.0,4.45,0.48,35,32725,1322.0,527.45
JNPR,JNPREQN,280.65,282.0,282.0,1.35,0.48,285,80370,284.5,232.11
ELGIRUBCO,ELGIRUBCOEQN,57.85,58.13,58.13,0.28,0.48,100,5813,70.0,32.72
BFINVEST,BFINVESTEQN,439.1,441.2,441.2,2.1,0.48,41,18089,584.7,315.0
MOGOLD,MOGOLDEQN,144.95,145.65,145.65,0.7,0.48,10,1456,175.0,115.45
PRASOLCHEM,PRASOLCHEMEQN,878.9,883.1,883.1,4.2,0.48,5079,4485264,914.9,601.0
GLOBUSSPR,GLOBUSSPREQN,796.85,800.7,800.7,3.85,0.48,31,24821,1252.8,775.0
ANANTRAJ,ANANTRAJEQN,612.15,615.0,615.0,2.85,0.47,8553,5260095,743.65,403.0
UNIECOM,UNIECOMEQN,82.61,83.0,83.0,0.39,0.47,501,41583,143.85,78.51
MAITHANALL,MAITHANALLEQN,905.75,910.0,910.0,4.25,0.47,63,57330,1210.1,831.2
BASF,BASFEQN,3453.8,3470.0,3470.0,16.2,0.47,133,461510,4700.0,3122.2
BLUESTONE,BLUESTONEEQN,831.1,835.0,835.0,3.9,0.47,1691,1411985,969.9,399.8
VIYASH,VIYASHEQN,240.77,241.9,241.9,1.13,0.47,5289,1279409,298.0,178.13
CONCOR,CONCOREQN,439.75,441.8,441.8,2.05,0.47,819,361834,557.0,421.45
HIRECT,HIRECTEQN,1113.9,1119.0,1119.0,5.1,0.46,15,16785,1399.0,565.2
IFGLEXPOR,IFGLEXPOREQN,183.05,183.9,183.9,0.85,0.46,1,183,308.4,119.68
RBLBANK,RBLBANKEQN,412.0,413.9,413.9,1.9,0.46,1976,817866,429.6,272.1
PRECWIRE,PRECWIREEQN,516.6,519.0,519.0,2.4,0.46,754,391326,524.9,193.05
DATAPATTNS,DATAPATTNSEQN,4233.4,4253.0,4253.0,19.6,0.46,1376,5852128,5000.0,2131.0
BRITANNIA,BRITANNIAEQN,4780.0,4802.0,4802.0,22.0,0.46,193,926786,6271.0,4734.1
63MOONS,63MOONSEQN,783.2,786.8,786.8,3.6,0.46,461,362714,957.95,467.0
SOMANYCERA,SOMANYCERAEQN,621.15,624.0,624.0,2.85,0.46,43,26832,631.7,332.0
HEXAGON,HEXAGONBEN,71.97,72.3,72.3,0.33,0.46,466,33691,78.25,48.1
BODALCHEM,BODALCHEMBEN,184.14,184.99,184.99,0.85,0.46,657,121538,207.7,42.81
TIPSMUSIC,TIPSMUSICEQN,639.9,642.8,642.8,2.9,0.45,38,24426,741.0,481.15
LAXMIDENTL,LAXMIDENTLEQN,197.12,198.0,198.0,0.88,0.45,18,3564,344.8,155.88
DHANUKA,DHANUKAEQN,891.8,895.85,895.85,4.05,0.45,76,68084,1529.9,885.55
GREENLAM,GREENLAMEQN,210.5,211.45,211.45,0.95,0.45,2,422,278.55,197.59
PGIL,PGILEQN,1273.1,1278.8,1278.8,5.7,0.45,137,175195,1357.9,600.0
AGIIL,AGIILEQN,257.15,258.3,258.3,1.15,0.45,3155,814936,434.4,224.7
SANGHVIMOV,SANGHVIMOVEQN,410.65,412.5,412.5,1.85,0.45,681,280912,528.0,223.8
NIITMTS,NIITMTSEQN,203.37,204.29,204.29,0.92,0.45,2,408,443.9,185.0
AUBANK,AUBANKEQN,993.4,997.9,997.9,4.5,0.45,664,662605,1144.1,751.65
SHARDAMOTR,SHARDAMOTREQN,924.85,929.0,929.0,4.15,0.45,99,91971,1189.9,700.0
VISHNU,VISHNUEQN,683.4,686.5,686.5,3.1,0.45,14,9611,744.0,460.2
MAKERSL,MAKERSLEQN,179.21,180.01,180.01,0.8,0.45,50,9000,236.0,150.0
VINCOFE,VINCOFEEQN,184.19,185.0,185.0,0.81,0.44,3464,640840,191.35,120.24
IKS,IKSEQN,1737.4,1745.0,1745.0,7.6,0.44,995,1736275,1970.0,1262.0
TATVA,TATVAEQN,1991.2,1999.9,1999.9,8.7,0.44,924,1847907,2008.7,1026.5
SIS,SISEQN,413.3,415.1,415.1,1.8,0.44,704,292230,480.95,257.05
MPHASIS,MPHASISEQN,2289.0,2299.0,2299.0,10.0,0.44,268,616132,2975.0,2013.0
GNRL,GNRLEQN,97.67,98.1,98.1,0.43,0.44,260,25506,120.9,83.2
DEEP,DEEPBEN,39.03,39.2,39.2,0.17,0.44,6,235,49.17,34.2
FINEORG,FINEORGEQN,5625.5,5650.0,5650.0,24.5,0.44,113,638450,5666.0,3856.0
DREDGECORP,DREDGECORPEQN,931.0,935.0,935.0,4.0,0.43,109,101915,1286.0,538.0
SJVN,SJVNEQN,56.36,56.6,56.6,0.24,0.43,15305,866263,91.36,54.01
RAJRATAN,RAJRATANEQN,460.6,462.6,462.6,2.0,0.43,175,80955,563.95,305.55
DCW,DCWEQN,46.6,46.8,46.8,0.2,0.43,5628,263390,72.3,37.11
HIMATSEIDE,HIMATSEIDEEQN,63.22,63.49,63.49,0.27,0.43,638,40506,129.49,59.9
HINDCOPPER,HINDCOPPEREQN,479.95,482.0,482.0,2.05,0.43,22768,10974176,760.05,308.5
ETHOSLTD,ETHOSLTDEQN,2634.8,2646.0,2646.0,11.2,0.43,22,58212,3245.9,1919.4
BERGEPAINT,BERGEPAINTEQN,463.9,465.9,465.9,2.0,0.43,632,294448,594.55,391.1
HERANBA,HERANBAEQN,169.27,170.0,170.0,0.73,0.43,75,12750,327.0,155.38
EASTWEST,EASTWESTEQN,2.35,2.36,2.36,0.01,0.43,701,1654,2.68,2.05
GOLDCASE,GOLDCASEEQN,23.05,23.15,23.15,0.1,0.43,87344,2022013,27.94,17.9
BETA,BETAEQN,1991.4,2000.0,2000.0,8.6,0.43,50,100000,2807.9,990.1
KROSS,KROSSEQN,263.9,265.0,265.0,1.1,0.42,2352,623280,283.0,150.52
MOLDTKPAC,MOLDTKPACEQN,667.2,670.0,670.0,2.8,0.42,553,370510,815.0,464.9
TTKPRESTIG,TTKPRESTIGEQN,517.85,520.0,520.0,2.15,0.42,161,83720,771.2,423.0
SEDEMAC,SEDEMACEQN,3425.6,3440.0,3440.0,14.4,0.42,232,798080,3650.0,1413.1
FLUOROCHEM,FLUOROCHEMEQN,4555.9,4575.0,4575.0,19.1,0.42,156,713700,4958.9,2916.6
RKDL,RKDLEQN,16.93,17.0,17.0,0.07,0.41,9,153,27.79,16.0
SSWL,SSWLEQN,424.2,425.95,425.95,1.75,0.41,382,162712,434.0,169.0
DALMIASUG,DALMIASUGEQN,447.65,449.5,449.5,1.85,0.41,52,23374,520.0,261.4
MRF,MRFEQN,123075.0,123585.0,123585.0,510.0,0.41,9,1112265,163600.0,122000.0
BAJAJCON,BAJAJCONEQN,483.0,485.0,485.0,2.0,0.41,1868,905980,692.0,238.0
BALKRISIND,BALKRISINDEQN,2006.6,2014.8,2014.8,8.2,0.41,193,388856,2775.0,1970.0
PATELRMART,PATELRMARTEQN,227.86,228.8,228.8,0.94,0.41,101,23108,266.0,150.25
CHOLAHLDNG,CHOLAHLDNGEQN,1402.7,1408.4,1408.4,5.7,0.41,165,232386,2064.0,1305.0
DSFCL,DSFCLBEN,29.33,29.45,29.45,0.12,0.41,402,11838,52.5,17.28
VISL,VISLEQN,29.44,29.56,29.56,0.12,0.41,51478,1521689,44.78,19.06
AARTIIND,AARTIINDEQN,491.25,493.2,493.2,1.95,0.4,1599,788626,551.75,338.05
360ONE,360ONEEQN,1063.0,1067.2,1067.2,4.2,0.4,956,1020243,1236.2,906.05
KCP,KCPEQN,154.33,154.95,154.95,0.62,0.4,32,4958,207.8,125.0
LATENTVIEW,LATENTVIEWEQN,230.08,231.0,231.0,0.92,0.4,414,95634,517.5,228.37
TIMKEN,TIMKENEQN,3132.0,3144.6,3144.6,12.6,0.4,85,267291,3925.0,2800.5
SUNPHARMA,SUNPHARMAEQN,1781.0,1788.1,1788.1,7.1,0.4,4827,8631158,2046.9,1583.7
KRBL,KRBLEQN,398.2,399.8,399.8,1.6,0.4,847,338630,452.8,274.65
RECLTD,RECLTDEQN,298.9,300.1,300.1,1.2,0.4,5484,1645748,388.3,286.2
MOHITE,MOHITEEQN,2.47,2.48,2.48,0.01,0.4,1363,3380,3.3,2.15
ALICON,ALICONEQN,901.4,904.9,904.9,3.5,0.39,161,145688,1022.0,580.0
HSCL,HSCLEQN,672.95,675.55,675.55,2.6,0.39,2567,1734136,819.5,418.5
BBL,BBLEQN,2042.0,2050.0,2050.0,8.0,0.39,1,2050,3411.0,2009.0
WEBELSOLAR,WEBELSOLAREQN,69.13,69.4,69.4,0.27,0.39,18932,1313880,137.9,50.4
ASAHIINDIA,ASAHIINDIAEQN,976.25,980.05,980.05,3.8,0.39,569,557648,1074.0,775.1
PGINVIT,PGINVITIVN,102.48,102.88,102.88,0.4,0.39,13596,1398756,104.5,86.3
NOCIL,NOCILEQN,172.82,173.5,173.5,0.68,0.39,423,73390,211.2,125.31
MONARCH,MONARCHEQN,347.15,348.5,348.5,1.35,0.39,51,17773,406.95,235.45
ARMEE,ARMEEEQN,269.95,271.0,271.0,1.05,0.39,1228,332788,375.0,251.05
AGARWALEYE,AGARWALEYEEQN,483.25,485.1,485.1,1.85,0.38,35,16978,568.0,401.0
MEDANTA,MEDANTAEQN,1294.1,1299.0,1299.0,4.9,0.38,247,320853,1544.0,956.0
TATASTEEL,TATASTEELEQN,175.64,176.3,176.3,0.66,0.38,93237,16437683,224.4,160.06
IVC,IVCEQN,7.95,7.98,7.98,0.03,0.38,596,4756,10.99,6.02
ERIS,ERISEQN,1145.8,1150.1,1150.1,4.3,0.38,68,78206,1740.0,1141.0
BALUFORGE,BALUFORGEEQN,507.5,509.4,509.4,1.9,0.37,190,96786,678.0,341.05
STYRENIX,STYRENIXEQN,2001.3,2008.7,2008.7,7.4,0.37,83,166722,2653.0,1780.0
LLOYDSENGG,LLOYDSENGGEQN,101.1,101.47,101.47,0.37,0.37,19696,1998553,104.2,37.4
INFOMEDIA,INFOMEDIAEQN,5.41,5.43,5.43,0.02,0.37,41,222,8.05,4.5
HDBFS,HDBFSEQN,600.1,602.35,602.35,2.25,0.37,501,301777,796.7,555.3
ADVENZYMES,ADVENZYMESEQN,270.05,271.05,271.05,1.0,0.37,314,85109,419.0,251.95
GOLDBETA,GOLDBETAEQN,123.25,123.7,123.7,0.45,0.37,1147,141883,149.35,95.85
EUREKAFORB,EUREKAFORBEQN,351.75,353.0,353.0,1.25,0.36,375,132375,668.3,338.0
OPTIEMUS,OPTIEMUSEQN,861.9,865.0,865.0,3.1,0.36,1910,1652150,924.9,288.0
MFSL,MFSLEQN,1345.1,1350.0,1350.0,4.9,0.36,200,270000,1892.5,1316.0
KSL,KSLEQN,932.65,936.0,936.0,3.35,0.36,203,190008,1032.9,574.0
SONATSOFTW,SONATSOFTWEQN,248.1,249.0,249.0,0.9,0.36,1003,249747,400.5,207.15
GLAND,GLANDEQN,3150.6,3162.0,3162.0,11.4,0.36,2233,7060746,3171.0,1573.6
LORDSCHLO,LORDSCHLOEQN,139.5,140.0,140.0,0.5,0.36,1,140,233.0,108.0
TATACHEM,TATACHEMEQN,609.8,612.0,612.0,2.2,0.36,906,554472,944.5,580.3
POWERGRID,POWERGRIDEQN,253.05,253.95,253.95,0.9,0.36,64691,16428279,324.95,244.65
FEDFINA,FEDFINAEQN,148.56,149.1,149.1,0.54,0.36,461,68735,178.48,119.07
WSTCSTPAPR,WSTCSTPAPREQN,732.3,734.95,734.95,2.65,0.36,129,94808,777.0,375.0
DHOOTTRANS,DHOOTTRANSEQN,1463.7,1469.0,1469.0,5.3,0.36,1123,1649687,1735.3,1131.0
J&KBANK,J&KBANKEQN,139.4,139.89,139.89,0.49,0.35,2729,381759,201.75,97.35
MOREPENLAB,MOREPENLABEQN,146.97,147.48,147.48,0.51,0.35,99503,14674702,150.7,33.05
NATCOPHARM,NATCOPHARMEQN,810.1,812.95,812.95,2.85,0.35,403,327618,1214.65,784.21
ASKAUTOLTD,ASKAUTOLTDEQN,626.55,628.75,628.75,2.2,0.35,216,135810,687.7,375.3
KRSNAA,KRSNAAEQN,548.1,550.0,550.0,1.9,0.35,25,13750,848.1,515.0
MLKFOOD,MLKFOODEQN,85.7,86.0,86.0,0.3,0.35,3,258,93.0,71.02
KSHINTL,KSHINTLEQN,1072.3,1076.0,1076.0,3.7,0.35,508,546608,1198.0,330.0
GROWWGOLD,GROWWGOLDEQN,14.31,14.36,14.36,0.05,0.35,110,1579,18.0,11.21
RIR,RIREQN,183.81,184.45,184.45,0.64,0.35,817,150695,213.94,154.0
SYMPHONY,SYMPHONYEQN,558.1,560.0,560.0,1.9,0.34,192,107520,970.45,536.25
BANKINDIA,BANKINDIAEQN,133.55,134.0,134.0,0.45,0.34,24659,3304306,178.36,122.2
GENSOL,GENSOLBZN,11.74,11.78,11.78,0.04,0.34,1741,20508,37.46,11.16
INVPRECQ,INVPRECQBEN,1594.5,1600.0,1600.0,5.5,0.34,1,1600,1675.0,551.0
HIKAL,HIKALEQN,225.24,226.0,226.0,0.76,0.34,516,116616,261.0,146.25
THELEELA,THELEELAEQN,602.45,604.45,604.45,2.0,0.33,626,378385,607.25,384.5
BALMLAWRIE,BALMLAWRIEEQN,158.88,159.4,159.4,0.52,0.33,505,80497,208.48,148.36
RELAXO,RELAXOEQN,287.75,288.7,288.7,0.95,0.33,380,109706,454.75,236.5
STANLEY,STANLEYEQN,135.0,135.44,135.44,0.44,0.33,750,101580,304.0,123.0
MAXIND,MAXINDEQN,162.27,162.8,162.8,0.53,0.33,88,14326,225.01,120.0
GPIL,GPILEQN,214.31,215.01,215.01,0.7,0.33,818,175878,320.0,204.52
DYCL,DYCLEQN,441.05,442.5,442.5,1.45,0.33,567,250897,560.0,236.8
BATAINDIA,BATAINDIAEQN,615.1,617.1,617.1,2.0,0.33,173,106758,1238.0,601.0
JSL,JSLEQN,732.15,734.6,734.6,2.45,0.33,104,76398,884.0,652.25
TECHNOCRAF,TECHNOCRAFEQN,486.4,488.0,488.0,1.6,0.33,4239,2068632,496.5,284.0
JSWCEMENT,JSWCEMENTEQN,112.14,112.51,112.51,0.37,0.33,2087,234808,143.4,106.65
GOLD1,GOLD1EQN,122.3,122.7,122.7,0.4,0.33,1536,188467,158.0,96.1
TEXMOPIPES,TEXMOPIPESEQN,52.58,52.75,52.75,0.17,0.32,596,31439,64.5,33.0
DEEPAKNTR,DEEPAKNTREQN,1553.9,1558.8,1558.8,4.9,0.32,82,127821,1897.9,1280.0
GENUSPOWER,GENUSPOWEREQN,301.05,302.0,302.0,0.95,0.32,1127,340354,363.0,210.4
DEVX,DEVXEQN,40.37,40.5,40.5,0.13,0.32,300,12150,54.0,29.95
RAJMET,RAJMETEQN,3.1,3.11,3.11,0.01,0.32,441,1371,5.28,2.72
VMARCIND,VMARCINDSMN,326.95,328.0,328.0,1.05,0.32,1500,492000,406.0,70.84
GOLDAXIS,GOLDAXISEQN,121.9,122.29,122.29,0.39,0.32,983,120211,150.0,96.0
SUVEN,SUVENEQN,305.55,306.5,306.5,0.95,0.31,1021,312936,403.35,124.11
INDIANB,INDIANBEQN,828.3,830.9,830.9,2.6,0.31,3969,3297842,1000.9,754.9
MASTEK,MASTEKEQN,1624.9,1630.0,1630.0,5.1,0.31,79,128770,2369.0,1334.2
PREMIERENE,PREMIERENEEQN,910.0,912.8,912.8,2.8,0.31,2596,2369628,1134.0,660.0
PRINCEPIPE,PRINCEPIPEEQN,256.65,257.45,257.45,0.8,0.31,109,28062,352.2,205.0
ORIENTPPR,ORIENTPPREQN,15.99,16.04,16.04,0.05,0.31,107,1716,27.36,13.25
WAAREERTL,WAAREERTLEQN,812.45,815.0,815.0,2.55,0.31,691,563165,1358.0,779.5
GMBREW,GMBREWEQN,984.95,988.0,988.0,3.05,0.31,837,826956,1328.8,730.0
RUPA,RUPAEQN,127.62,128.0,128.0,0.38,0.3,501,64128,206.0,109.21
LAOPALA,LAOPALAEQN,155.04,155.5,155.5,0.46,0.3,99,15394,245.44,152.71
IGPL,IGPLEQN,586.25,588.0,588.0,1.75,0.3,21,12348,609.9,315.0
ABCAPITAL,ABCAPITALEQN,372.1,373.2,373.2,1.1,0.3,2107,786332,430.7,287.7
MPIMANIPAL,MPIMANIPALEQN,377.6,378.75,378.75,1.15,0.3,3335,1263131,458.0,315.65
SYRMA,SYRMAEQN,1746.7,1752.0,1752.0,5.3,0.3,3514,6156528,1822.6,634.5
ORIENTCEM,ORIENTCEMEQN,113.21,113.55,113.55,0.34,0.3,145,16464,225.94,109.7
SKMEGGPROD,SKMEGGPRODEQN,215.37,216.0,216.0,0.63,0.29,655,141480,372.0,143.1
CLSEL,CLSELEQN,295.15,296.0,296.0,0.85,0.29,151,44696,324.8,203.75
YASHO,YASHOEQN,4337.6,4350.0,4350.0,12.4,0.29,23,100050,4994.0,1130.0
RAMCOSYS,RAMCOSYSEQN,574.35,576.0,576.0,1.65,0.29,247,142272,967.5,342.1
PHOENIXLTD,PHOENIXLTDEQN,1845.5,1850.9,1850.9,5.4,0.29,636,1177172,2169.8,1465.6
HITECHCORP,HITECHCORPBEN,349.1,350.1,350.1,1.0,0.29,1698,594469,354.3,112.0
TVSSRICHAK,TVSSRICHAKEQN,4354.1,4366.7,4366.7,12.6,0.29,2,8733,5760.0,3185.0
GOLDBEES,GOLDBEESEQN,121.08,121.43,121.43,0.35,0.29,39035,4740020,148.14,95.55
ELEVATE,ELEVATEEQN,350.0,351.0,351.0,1.0,0.29,3019,1059669,372.75,290.1
VIPIND,VIPINDEQN,281.1,281.9,281.9,0.8,0.28,300,84570,447.3,273.8
VBL,VBLEQN,440.75,442.0,442.0,1.25,0.28,6647,2937974,555.8,381.0
AARTIPHARM,AARTIPHARMEQN,953.35,956.0,956.0,2.65,0.28,464,443584,1002.4,585.0
KEC,KECEQN,362.5,363.5,363.5,1.0,0.28,1047,380584,893.0,348.0
TECHNOE,TECHNOEEQN,988.3,991.1,991.1,2.8,0.28,1325,1313207,1389.6,870.0
SANOFI,SANOFIEQN,3023.8,3032.3,3032.3,8.5,0.28,41,124324,4898.0,2967.0
ONEPOINT,ONEPOINTEQN,78.77,78.99,78.99,0.22,0.28,8876,701115,81.0,40.58
ONGC,ONGCEQN,221.88,222.5,222.5,0.62,0.28,21665,4820462,307.5,218.53
TCI,TCIEQN,885.6,888.1,888.1,2.5,0.28,218,193605,1242.0,797.0
DIXON,DIXONEQN,13024.0,13060.0,13060.0,36.0,0.28,1132,14783920,17505.0,9600.0
ARTEMISMED,ARTEMISMEDEQN,318.3,319.2,319.2,0.9,0.28,68,21705,378.8,203.35
KARAMTARA,KARAMTARAEQN,416.65,417.8,417.8,1.15,0.28,4775,1994995,444.0,320.0
IXIGO,IXIGOEQN,158.27,158.7,158.7,0.43,0.27,355,56338,339.15,151.27
TEJASNET,TEJASNETEQN,466.7,467.95,467.95,1.25,0.27,3389,1585882,644.75,294.0
KOHINOOR,KOHINOOREQN,29.42,29.5,29.5,0.08,0.27,91,2684,38.47,19.2
CONFIPET,CONFIPETEQN,91.75,92.0,92.0,0.25,0.27,8567,788164,93.2,28.06
SIGNATURE,SIGNATUREEQN,712.5,714.4,714.4,1.9,0.27,181,129306,1153.9,695.0
GOKULAGRO,GOKULAGROEQN,212.42,212.99,212.99,0.57,0.27,200,42598,259.8,151.0
ATUL,ATULEQN,5999.5,6015.5,6015.5,16.0,0.27,27,162418,7180.0,5560.5
GREENPLY,GREENPLYEQN,310.75,311.6,311.6,0.85,0.27,10,3116,334.4,176.42
SHARDUL,SHARDULBEN,58.32,58.48,58.48,0.16,0.27,1,58,60.0,23.05
SHARDACROP,SHARDACROPEQN,742.05,744.0,744.0,1.95,0.26,348,258912,1297.0,697.6
ELECON,ELECONEQN,441.25,442.4,442.4,1.15,0.26,380,168112,626.0,352.0
SHRIRAMPPS,SHRIRAMPPSEQN,68.05,68.23,68.23,0.18,0.26,1089,74302,99.44,60.57
TECHM,TECHMEQN,1491.1,1495.0,1495.0,3.9,0.26,1444,2158780,1854.0,1304.1
AJANTPHARM,AJANTPHARMEQN,3569.8,3579.0,3579.0,9.2,0.26,44,157476,3796.0,2380.2
GOKEX,GOKEXEQN,673.0,674.75,674.75,1.75,0.26,342,230764,954.9,531.0
EMIL,EMILEQN,211.54,212.1,212.1,0.56,0.26,7682,1629352,212.64,84.9
FORCEMOT,FORCEMOTEQN,16956.0,17000.0,17000.0,44.0,0.26,169,2873000,26450.0,14911.0
CRAFTSMAN,CRAFTSMANEQN,10198.0,10225.0,10225.0,27.0,0.26,27,276075,11999.0,6324.0
DATAMATICS,DATAMATICSEQN,763.8,765.8,765.8,2.0,0.26,11,8423,1010.0,632.0
UYFINCORP,UYFINCORPBEN,22.93,22.99,22.99,0.06,0.26,50,1149,24.2,11.5
NAHARSPING,NAHARSPINGEQN,264.3,265.0,265.0,0.7,0.26,26,6890,349.0,149.2
RAMKY,RAMKYEQN,281.7,282.4,282.4,0.7,0.25,22,6212,705.0,264.5
KELLTONTEC,KELLTONTECEQN,12.15,12.18,12.18,0.03,0.25,308,3751,24.34,11.8
ELECTCAST,ELECTCASTEQN,78.73,78.93,78.93,0.2,0.25,3677,290225,99.0,60.15
MUKANDLTD,MUKANDLTDEQN,185.92,186.38,186.38,0.46,0.25,1597,297648,190.7,114.31
SHILCTECH,SHILCTECHEQN,4000.9,4010.8,4010.8,9.9,0.25,17,68183,5399.0,2852.5
NETWEB,NETWEBEQN,4685.4,4696.9,4696.9,11.5,0.25,2057,9661523,5813.0,2920.0
POKARNA,POKARNAEQN,704.45,706.2,706.2,1.75,0.25,78,55083,1146.2,675.1
MKPL,MKPLEQN,3.93,3.94,3.94,0.01,0.25,980,3861,7.2,3.56
EMMVEE,EMMVEEEQN,305.8,306.55,306.55,0.75,0.25,4926,1510065,371.55,171.51
PPLPHARMA,PPLPHARMAEQN,203.01,203.5,203.5,0.49,0.24,5796,1179486,231.93,132.3
MUFIN,MUFINEQN,135.17,135.5,135.5,0.33,0.24,3987,540238,141.5,85.13
TI,TIEQN,551.55,552.85,552.85,1.3,0.24,705,389759,607.8,381.55
ECOSMOBLTY,ECOSMOBLTYEQN,108.24,108.5,108.5,0.26,0.24,30,3255,260.05,102.0
RSYSTEMS,RSYSTEMSEQN,252.35,252.95,252.95,0.6,0.24,1327,335664,435.9,213.52
AEGISVOPAK,AEGISVOPAKEQN,294.25,294.95,294.95,0.7,0.24,430,126828,320.95,158.0
TATAELXSI,TATAELXSIEQN,3082.5,3090.0,3090.0,7.5,0.24,263,812670,5950.0,2996.0
DBREALTY,DBREALTYEQN,88.79,89.0,89.0,0.21,0.24,620,55180,163.5,83.5
UBL,UBLEQN,1185.7,1188.6,1188.6,2.9,0.24,201,238908,1844.0,1140.3
HARSHA,HARSHAEQN,460.4,461.5,461.5,1.1,0.24,8,3692,484.8,313.3
KWIL,KWILEQN,38.06,38.15,38.15,0.09,0.24,3648,139171,50.68,22.24
SKYWAYS,SKYWAYSEQN,114.72,114.99,114.99,0.27,0.24,3006,345659,137.38,106.82
ANNU,ANNUEQN,45.53,45.64,45.64,0.11,0.24,995,45411,75.6,43.22
TEXRAIL,TEXRAILEQN,114.74,115.0,115.0,0.26,0.23,4913,564995,143.1,78.05
KRISHNADEF,KRISHNADEFEQN,1242.1,1245.0,1245.0,2.9,0.23,73,90885,1400.0,665.0
RPEL,RPELEQN,1820.9,1825.0,1825.0,4.1,0.23,160,292000,1943.7,561.3
SUZLON,SUZLONEQN,38.34,38.43,38.43,0.09,0.23,207195,7962503,61.5,36.31
IOC,IOCEQN,130.0,130.3,130.3,0.3,0.23,35684,4649625,188.96,125.27
VEDL,VEDLEQN,261.4,262.0,262.0,0.6,0.23,41835,10960770,795.0,247.25
HERITGFOOD,HERITGFOODEQN,398.75,399.65,399.65,0.9,0.23,272,108704,503.8,292.55
JSWDULUX,JSWDULUXEQN,3028.1,3035.0,3035.0,6.9,0.23,46,139610,3745.0,2658.7
AURUM,AURUMEQN,231.2,231.7,231.7,0.5,0.22,2,463,264.64,151.9
EDELWEISS,EDELWEISSEQN,133.8,134.1,134.1,0.3,0.22,6329,848718,146.0,98.0
MEIL,MEILEQN,274.4,275.0,275.0,0.6,0.22,126,34650,495.0,206.26
HAL,HALEQN,4746.3,4756.7,4756.7,10.4,0.22,888,4223949,5149.9,3479.1
SHADOWFAX,SHADOWFAXEQN,292.85,293.5,293.5,0.65,0.22,6619,1942676,296.35,98.55
GOLDETF,GOLDETFEQN,142.57,142.89,142.89,0.32,0.22,335,47868,173.5,111.4
SHRIRAMFIN,SHRIRAMFINEQN,948.0,950.0,950.0,2.0,0.21,21050,19997500,1153.7,658.75
MTNL,MTNLEQN,23.55,23.6,23.6,0.05,0.21,6384,150662,44.67,21.26
COFORGE,COFORGEEQN,1822.2,1826.0,1826.0,3.8,0.21,2543,4643518,2021.2,1008.1
TIMEX,TIMEXEQN,724.45,726.0,726.0,1.55,0.21,504,365904,759.7,312.0
ANONDITA,ANONDITASMN,1070.8,1073.0,1073.0,2.2,0.21,200,214600,1302.97,411.93
IPL,IPLEQN,130.39,130.65,130.65,0.26,0.2,401,52390,211.63,125.0
APTUS,APTUSEQN,219.46,219.9,219.9,0.44,0.2,1265,278173,323.5,193.03
RCF,RCFEQN,107.58,107.8,107.8,0.22,0.2,1743,187895,157.2,103.1
ASHOKLEY,ASHOKLEYEQN,149.2,149.5,149.5,0.3,0.2,21499,3214100,215.42,134.21
NLCINDIA,NLCINDIAEQN,250.35,250.85,250.85,0.5,0.2,856,214727,387.8,230.0
MARKSANS,MARKSANSEQN,325.45,326.1,326.1,0.65,0.2,1805,588610,350.95,155.0
JHS,JHSBEN,9.98,10.0,10.0,0.02,0.2,1,10,13.9,6.26
WELENT,WELENTEQN,740.75,742.25,742.25,1.5,0.2,270,200407,841.9,412.0
BHARATSE,BHARATSEEQN,204.59,204.97,204.97,0.38,0.19,119,24391,263.18,133.6
PSB,PSBEQN,21.06,21.1,21.1,0.04,0.19,8041,169665,32.46,20.5
BAJAJHCARE,BAJAJHCAREEQN,323.3,323.9,323.9,0.6,0.19,219,70934,490.0,272.35
BEML,BEMLEQN,2006.2,2010.0,2010.0,3.8,0.19,310,623100,2275.75,1355.0
RAMBHAJO,RAMBHAJOEQN,360.8,361.5,361.5,0.7,0.19,5479,1980658,364.8,161.6
GOPAL,GOPALEQN,255.4,255.85,255.85,0.45,0.18,108,27631,364.4,247.55
KAYNES,KAYNESEQN,3365.0,3371.0,3371.0,6.0,0.18,1237,4169927,7705.0,2995.0
KAJARIACER,KAJARIACEREQN,1226.2,1228.4,1228.4,2.2,0.18,68,83531,1293.8,869.6
BLUESTARCO,BLUESTARCOEQN,1530.1,1532.8,1532.8,2.7,0.18,100,153280,2032.9,1432.3
HDFCBANK,HDFCBANKEQN,702.75,704.05,704.05,1.3,0.18,255249,179708058,1020.5,681.9
AXISBANK,AXISBANKEQN,1242.5,1244.7,1244.7,2.2,0.18,18545,23082961,1418.3,1150.3
ASIANENE,ASIANENEEQN,480.15,481.0,481.0,0.85,0.18,158,75998,565.7,230.0
BANDHANBNK,BANDHANBNKEQN,162.99,163.29,163.29,0.3,0.18,9939,1622939,220.76,134.25
GMDCLTD,GMDCLTDEQN,477.1,477.9,477.9,0.8,0.17,2481,1185669,771.9,462.1
UFLEX,UFLEXEQN,643.15,644.25,644.25,1.1,0.17,26,16750,723.5,330.0
SURYODAY,SURYODAYEQN,155.54,155.8,155.8,0.26,0.17,150,23370,218.0,115.41
20MICRONS,20MICRONSEQN,204.56,204.9,204.9,0.34,0.17,2,409,237.4,129.61
LEMONTREE,LEMONTREEEQN,112.52,112.71,112.71,0.19,0.17,7380,831799,171.48,99.61
QUADFUTURE,QUADFUTUREEQN,534.4,535.25,535.25,0.85,0.16,396,211959,567.2,248.55
COLPAL,COLPALEQN,1757.4,1760.2,1760.2,2.8,0.16,340,598468,2329.9,1716.1
NH,NHEQN,1723.2,1726.0,1726.0,2.8,0.16,430,742180,2093.3,1589.0
IDEAFORGE,IDEAFORGEEQN,700.0,701.1,701.1,1.1,0.16,944,661838,992.25,366.0
SWSOLAR,SWSOLAREQN,168.11,168.38,168.38,0.27,0.16,1409,237247,260.8,148.0
IREDA,IREDAEQN,107.33,107.5,107.5,0.17,0.16,12543,1348372,158.7,103.41
GUJTHEM,GUJTHEMEQN,379.5,380.1,380.1,0.6,0.16,148,56254,479.0,225.05
TMPV,TMPVEQN,283.0,283.45,283.45,0.45,0.16,16537,4687412,712.9,272.2
LALITHAA,LALITHAAEQN,394.85,395.5,395.5,0.65,0.16,8100,3203550,414.1,240.35
ONMOBILE,ONMOBILEBEN,51.57,51.65,51.65,0.08,0.16,258,13325,84.0,40.21
MANBA,MANBAEQN,141.74,141.95,141.95,0.21,0.15,2946,418184,154.0,98.0
WELSPUNLIV,WELSPUNLIVEQN,235.86,236.21,236.21,0.35,0.15,8767,2070853,245.5,107.1
SRHHYPOLTD,SRHHYPOLTDEQN,549.15,550.0,550.0,0.85,0.15,1,550,670.0,382.4
RHIM,RHIMEQN,369.45,370.0,370.0,0.55,0.15,562,207940,508.3,323.05
MANYAVAR,MANYAVAREQN,500.2,500.95,500.95,0.75,0.15,314,157298,705.0,329.2
GATEWAY,GATEWAYEQN,51.65,51.73,51.73,0.08,0.15,83,4293,65.42,48.1
APTECHT,APTECHTEQN,86.87,87.0,87.0,0.13,0.15,9,783,128.48,69.1
TIMETECHNO,TIMETECHNOEQN,183.62,183.9,183.9,0.28,0.15,3420,628938,227.5,154.0
RILINFRA,RILINFRASMN,32.5,32.55,32.55,0.05,0.15,200,6510,47.5,27.6
NEOGEN,NEOGENEQN,2431.3,2435.0,2435.0,3.7,0.15,94,228890,2499.7,966.7
SANGAMIND,SANGAMINDEQN,624.05,625.0,625.0,0.95,0.15,346,216250,672.5,391.2
MOSILVER,MOSILVEREQN,216.16,216.48,216.48,0.32,0.15,5,1082,385.0,135.25
JINDRILL,JINDRILLEQN,598.1,599.0,599.0,0.9,0.15,275,164725,704.4,440.1
DEEDEV,DEEDEVEQN,624.1,625.0,625.0,0.9,0.14,288,180000,760.0,183.0
BANCOINDIA,BANCOINDIAEQN,600.2,601.05,601.05,0.85,0.14,130,78136,875.0,502.0
PFC,PFCEQN,325.55,326.0,326.0,0.45,0.14,6771,2207346,486.5,313.35
SPLPETRO,SPLPETROEQN,806.65,807.8,807.8,1.15,0.14,24,19387,899.0,462.3
SPORTKING,SPORTKINGEQN,201.71,202.0,202.0,0.29,0.14,314,63428,241.51,78.17
AFFLE,AFFLEEQN,1436.0,1438.0,1438.0,2.0,0.14,77,110726,1993.7,1251.3
BIOCON,BIOCONEQN,360.0,360.5,360.5,0.5,0.14,3371,1215245,447.15,337.7
VIJAYA,VIJAYAEQN,1462.4,1464.5,1464.5,2.1,0.14,86,125947,1593.6,848.0
SILVERADD,SILVERADDEQN,21.06,21.09,21.09,0.03,0.14,5,105,39.0,13.36
MANIPALHOS,MANIPALHOSEQN,699.15,700.1,700.1,0.95,0.14,1180,826118,815.0,625.45
GROWWSLVR,GROWWSLVREQN,21.41,21.44,21.44,0.03,0.14,1,21,36.3,13.59
TATAGOLD,TATAGOLDEQN,14.23,14.25,14.25,0.02,0.14,27348,389709,17.7,10.33
JARO,JAROEQN,414.4,415.0,415.0,0.6,0.14,102,42330,750.3,383.5
EMUDHRA,EMUDHRAEQN,605.5,606.3,606.3,0.8,0.13,1188,720284,688.35,364.55
INDOFARM,INDOFARMEQN,139.92,140.1,140.1,0.18,0.13,65,9106,271.69,110.7
INDUSINDBK,INDUSINDBKEQN,874.9,876.0,876.0,1.1,0.13,2006,1757256,1077.85,726.3
STUDDS,STUDDSEQN,420.45,421.0,421.0,0.55,0.13,31,13051,600.0,389.15
RUNWALENTR,RUNWALENTREQN,279.1,279.45,279.45,0.35,0.13,2848,795873,307.75,258.9
GMMPFAUDLR,GMMPFAUDLREQN,1438.0,1439.9,1439.9,1.9,0.13,56,80634,1533.6,735.0
VGL,VGLEQN,62.92,63.0,63.0,0.08,0.13,3,189,84.75,43.7
ARIS,ARISEQN,142.31,142.5,142.5,0.19,0.13,613,87352,178.3,82.18
EIMCOELECO,EIMCOELECOEQN,2247.3,2250.0,2250.0,2.7,0.12,119,267750,2448.4,1405.5
VARROC,VARROCEQN,823.75,824.75,824.75,1.0,0.12,175,144331,912.2,462.0
PIIND,PIINDEQN,2210.0,2212.7,2212.7,2.7,0.12,96,212419,3832.9,2100.0
CAPINVIT,CAPINVITIVN,77.89,77.98,77.98,0.09,0.12,1384,107924,79.99,67.0
PGHH,PGHHEQN,6921.0,6929.0,6929.0,8.0,0.12,16,110864,14509.0,6579.0
IRFC,IRFCEQN,76.15,76.24,76.24,0.09,0.12,42456,3236845,137.17,74.12
HEMIPROP,HEMIPROPEQN,112.87,113.0,113.0,0.13,0.12,1150,129950,163.85,108.62
IPCALAB,IPCALABEQN,1938.5,1940.9,1940.9,2.4,0.12,979,1900141,2038.0,1251.6
MARICO,MARICOEQN,787.25,788.2,788.2,0.95,0.12,1439,1134219,889.1,704.35
PNB,PNBEQN,114.59,114.73,114.73,0.14,0.12,27285,3130408,135.15,98.5
COHANCE,COHANCEEQN,455.45,456.0,456.0,0.55,0.12,1203,548568,917.85,266.7
TENNIND,TENNINDEQN,480.4,481.0,481.0,0.6,0.12,583,280423,657.0,438.05
EVERESTIND,EVERESTINDEQN,499.35,499.95,499.95,0.6,0.12,3,1499,707.4,284.9
SPARC,SPARCEQN,196.79,197.0,197.0,0.21,0.11,16038,3159486,289.0,108.0
LAURUSLABS,LAURUSLABSEQN,2052.8,2055.0,2055.0,2.2,0.11,1778,3653790,2065.2,843.0
POCL,POCLEQN,448.4,448.9,448.9,0.5,0.11,59,26485,647.6,392.2
SHAREINDIA,SHAREINDIAEQN,207.27,207.5,207.5,0.23,0.11,1623,336772,233.35,115.36
ICICIPRULI,ICICIPRULIEQN,457.5,458.0,458.0,0.5,0.11,526,240908,706.8,441.8
HAZOOR,HAZOOREQN,18.58,18.6,18.6,0.02,0.11,1198,22282,22.49,16.51
TBZ,TBZBEN,594.25,594.9,594.9,0.65,0.11,131,77931,698.6,110.5
SHINDL,SHINDLEQN,157.72,157.9,157.9,0.18,0.11,1,157,179.99,130.6
CARTRADE,CARTRADEEQN,2914.7,2917.9,2917.9,3.2,0.11,306,892877,3290.5,1600.0
HEROMOTORS,HEROMOTORSEQN,170.84,171.02,171.02,0.18,0.11,129919,22218747,178.84,80.5
PRIORITY,PRIORITYEQN,319.55,319.9,319.9,0.35,0.11,685,219131,342.7,209.61
CLEANMAX,CLEANMAXEQN,1388.5,1390.0,1390.0,1.5,0.11,249,346110,1536.0,727.1
VMSTMT,VMSTMTEQN,45.76,45.81,45.81,0.05,0.11,200,9162,78.7,33.5
INDSWFTLAB,INDSWFTLABEQN,391.1,391.5,391.5,0.4,0.1,409,160123,424.75,87.15
BLACKBUCK,BLACKBUCKEQN,616.4,617.0,617.0,0.6,0.1,745,459665,748.0,496.0
SAILIFE,SAILIFEEQN,1561.8,1563.4,1563.4,1.6,0.1,241,376779,1697.0,783.85
PRECAM,PRECAMEQN,113.85,113.96,113.96,0.11,0.1,14,1595,201.1,103.98
HUBTOWN,HUBTOWNEQN,164.52,164.68,164.68,0.16,0.1,800,131744,339.0,154.0
CREDITACC,CREDITACCEQN,1239.6,1240.9,1240.9,1.3,0.1,192,238252,1634.0,1113.0
POLICYBZR,POLICYBZREQN,1040.0,1041.0,1041.0,1.0,0.1,6199,6453159,1964.2,945.1
AVANTIFEED,AVANTIFEEDEQN,722.3,723.05,723.05,0.75,0.1,111,80258,1593.8,636.0
ADANIGREEN,ADANIGREENEQN,1341.4,1342.7,1342.7,1.3,0.1,3733,5012299,1631.5,765.0
LGEINDIA,LGEINDIAEQN,1780.3,1782.0,1782.0,1.7,0.1,2130,3795660,1825.0,1304.1
ANTHEM,ANTHEMEQN,887.05,887.9,887.9,0.85,0.1,894,793782,977.55,579.15
ADFFOODS,ADFFOODSEQN,291.7,292.0,292.0,0.3,0.1,2650,773800,346.95,153.1
ORIENTBELL,ORIENTBELLEQN,432.55,433.0,433.0,0.45,0.1,292,126436,442.0,246.55
SETFGOLD,SETFGOLDEQN,124.92,125.04,125.04,0.12,0.1,4379,547550,153.95,98.5
GRINDWELL,GRINDWELLEQN,2018.2,2020.0,2020.0,1.8,0.09,57,115140,2455.0,1329.0
BAJEL,BAJELEQN,162.34,162.49,162.49,0.15,0.09,12,1949,215.5,135.1
HINDCOMPOS,HINDCOMPOSEQN,403.75,404.1,404.1,0.35,0.09,1500,606150,550.0,347.1
AZAD,AZADEQN,3048.2,3051.0,3051.0,2.8,0.09,1311,3999861,3127.9,1360.0
IOLCP,IOLCPEQN,220.22,220.41,220.41,0.19,0.09,8662,1909191,224.0,67.19
OFSS,OFSSEQN,10576.0,10586.0,10586.0,10.0,0.09,126,1333836,12540.0,6234.5
MAZDA,MAZDABEN,283.65,283.9,283.9,0.25,0.09,2,567,310.0,159.2
GOLDIETF,GOLDIETFEQN,125.44,125.55,125.55,0.11,0.09,20221,2538746,158.0,95.53
HITECHGEAR,HITECHGEARBEN,565.0,565.5,565.5,0.5,0.09,7,3958,897.45,521.25
LUMINO,LUMINOEQN,108.9,109.0,109.0,0.1,0.09,30260,3298340,122.0,94.5
SIEMENS,SIEMENSEQN,3793.0,3796.1,3796.1,3.1,0.08,35,132863,4149.4,2826.0
ORIENTTECH,ORIENTTECHEQN,239.8,240.0,240.0,0.2,0.08,14950,3588000,466.73,220.8
NEWGEN,NEWGENEQN,447.75,448.1,448.1,0.35,0.08,3456,1548633,1041.95,401.05
3MINDIA,3MINDIAEQN,30825.0,30850.0,30850.0,25.0,0.08,2,61700,38030.0,28730.0
KIRIINDUS,KIRIINDUSEQN,556.25,556.7,556.7,0.45,0.08,654,364081,779.0,333.8
GODREJCP,GODREJCPEQN,865.55,866.2,866.2,0.65,0.08,882,763988,1273.9,832.6
OLECTRA,OLECTRAEQN,1084.1,1085.0,1085.0,0.9,0.08,472,512120,1573.8,866.6
ANDREWYU,ANDREWYUEQN,24.63,24.65,24.65,0.02,0.08,30,739,30.49,24.1
IRCTC,IRCTCEQN,453.65,453.95,453.95,0.3,0.07,1524,691819,735.75,446.5
CYIENTDLM,CYIENTDLMEQN,988.3,989.0,989.0,0.7,0.07,1748,1728772,1014.65,265.2
SEAMECLTD,SEAMECLTDEQN,1610.9,1612.1,1612.1,1.2,0.07,239,385291,1849.0,771.75
LINDEINDIA,LINDEINDIAEQN,6094.0,6098.5,6098.5,4.5,0.07,17,103674,8049.0,5673.0
CHALET,CHALETEQN,847.4,848.0,848.0,0.6,0.07,113,95824,989.0,691.35
BHEL,BHELEQN,448.5,448.8,448.8,0.3,0.07,17631,7912792,455.95,229.54
UNITDSPR,UNITDSPREQN,1344.0,1344.9,1344.9,0.9,0.07,435,585031,1563.4,1210.8
BOMDYEING,BOMDYEINGEQN,101.63,101.7,101.7,0.07,0.07,1543,156923,178.36,92.0
TITAN,TITANEQN,4377.0,4380.0,4380.0,3.0,0.07,6377,27931260,5186.7,3411.0
UNIVASTU,UNIVASTUBEN,129.81,129.9,129.9,0.09,0.07,125,16237,178.98,56.02
ACMESOLAR,ACMESOLAREQN,436.15,436.4,436.4,0.25,0.06,572,249620,476.9,195.9
SONACOMS,SONACOMSEQN,810.5,811.0,811.0,0.5,0.06,2620,2124820,844.0,404.35
KALAMANDIR,KALAMANDIREQN,77.01,77.06,77.06,0.05,0.06,435,33521,223.03,73.1
ICICIGI,ICICIGIEQN,1590.0,1591.0,1591.0,1.0,0.06,272,432752,2064.9,1423.1
EIDPARRY,EIDPARRYEQN,699.55,700.0,700.0,0.45,0.06,135,94500,1118.0,672.3
INA,INAEQN,82.0,82.05,82.05,0.05,0.06,319,26173,161.81,79.0
JAYNECOIND,JAYNECOINDEQN,95.24,95.3,95.3,0.06,0.06,1697,161724,117.0,64.4
INTERARCH,INTERARCHEQN,1700.9,1702.0,1702.0,1.1,0.06,16,27232,2762.6,1600.0
VINATIORGA,VINATIORGAEQN,1142.3,1143.0,1143.0,0.7,0.06,54,61722,1739.0,1117.3
KSB,KSBEQN,801.5,802.0,802.0,0.5,0.06,8,6416,1028.3,666.65
AARTIDRUGS,AARTIDRUGSEQN,417.55,417.8,417.8,0.25,0.06,234,97765,534.0,318.95
PARAS,PARASEQN,1286.1,1286.7,1286.7,0.6,0.05,1741,2240144,1585.0,580.5
SUNTECK,SUNTECKEQN,278.15,278.3,278.3,0.15,0.05,200,55660,472.5,268.55
SBFC,SBFCEQN,81.1,81.14,81.14,0.04,0.05,831,67427,123.0,79.6
LTFOODS,LTFOODSEQN,418.2,418.4,418.4,0.2,0.05,954,399153,490.7,333.15
GMRP&UI,GMRP&UIEQN,101.58,101.63,101.63,0.05,0.05,1262,128257,136.3,86.8
RATEGAIN,RATEGAINEQN,854.55,855.0,855.0,0.45,0.05,225,192375,1050.0,437.0
KIMS,KIMSEQN,693.95,694.3,694.3,0.35,0.05,224,155523,858.0,575.8
ZENTEC,ZENTECEQN,1580.2,1581.0,1581.0,0.8,0.05,551,871131,2043.7,1223.0
SHAILY,SHAILYEQN,3085.3,3086.8,3086.8,1.5,0.05,109,336461,3615.2,1770.9
KITEX,KITEXEQN,116.93,116.99,116.99,0.06,0.05,1986,232342,232.7,114.36
ABLBL,ABLBLEQN,73.69,73.73,73.73,0.04,0.05,2040,150409,148.8,71.1
ASHAPURMIN,ASHAPURMINEQN,488.0,488.2,488.2,0.2,0.04,1029,502357,924.9,455.1
RML,RMLEQN,1336.4,1337.0,1337.0,0.6,0.04,28,37436,1440.0,608.5
PITTIENG,PITTIENGEQN,1118.4,1118.9,1118.9,0.5,0.04,79,88393,1228.0,675.0
PNCINFRA,PNCINFRAEQN,136.93,136.99,136.99,0.06,0.04,1697,232472,293.4,116.4
SIYSIL,SIYSILEQN,554.45,554.65,554.65,0.2,0.04,25,13866,848.8,433.35
GSFC,GSFCEQN,149.73,149.79,149.79,0.06,0.04,1319,197573,199.33,138.83
MANKIND,MANKINDEQN,2500.0,2501.1,2501.1,1.1,0.04,820,2050902,2642.0,1909.7
CARYSIL,CARYSILEQN,1007.5,1007.9,1007.9,0.4,0.04,35,35276,1280.9,732.1
ORKLAINDIA,ORKLAINDIAEQN,562.75,563.0,563.0,0.25,0.04,84,47292,760.0,530.05
ABANSENT,ABANSENTEQN,27.66,27.67,27.67,0.01,0.04,30,830,48.85,22.3
DRAGARWQ,DRAGARWQEQN,5198.0,5200.0,5200.0,2.0,0.04,1,5200,6059.7,4600.0
CANFINHOME,CANFINHOMEEQN,727.0,727.3,727.3,0.3,0.04,145,105458,971.5,700.0
HBLENGINE,HBLENGINEEQN,762.45,762.7,762.7,0.25,0.03,2063,1573450,1122.0,613.0
RAYMONDLSL,RAYMONDLSLEQN,624.85,625.05,625.05,0.2,0.03,61,38128,1246.4,593.9
NATIONALUM,NATIONALUMEQN,321.3,321.4,321.4,0.1,0.03,23588,7581183,445.15,216.0
CORDSCABLE,CORDSCABLEBEN,316.0,316.1,316.1,0.1,0.03,4,1264,406.95,127.01
CMSINFO,CMSINFOEQN,218.37,218.43,218.43,0.06,0.03,479,104627,393.3,213.86
GEOJITFSL,GEOJITFSLEQN,77.98,78.0,78.0,0.02,0.03,46,3588,86.5,50.86
LOKESHMACH,LOKESHMACHEQN,465.45,465.6,465.6,0.15,0.03,427,198811,488.0,138.96
SAIPARENT,SAIPARENTEQN,521.65,521.8,521.8,0.15,0.03,1,521,706.0,400.0
SILVERAG,SILVERAGEQN,212.92,212.98,212.98,0.06,0.03,24,5111,380.0,134.03
SRTL,SRTLEQN,37.74,37.75,37.75,0.01,0.03,194,7323,73.36,35.75
CARRARO,CARRAROEQN,533.85,533.95,533.95,0.1,0.02,1,533,667.55,416.0
ULTRACEMCO,ULTRACEMCOEQN,10658.0,10660.0,10660.0,2.0,0.02,300,3198000,13110.0,10325.0
ASTRAL,ASTRALEQN,1427.7,1428.0,1428.0,0.3,0.02,532,759696,1768.7,1311.6
SHANKARA,SHANKARAEQN,119.98,120.0,120.0,0.02,0.02,35,4200,160.77,98.25
CONCORDBIO,CONCORDBIOEQN,1359.7,1360.0,1360.0,0.3,0.02,35,47600,1647.8,987.0
SFL,SFLEQN,620.05,620.15,620.15,0.1,0.02,26,16123,832.45,456.8
RAMRAT,RAMRATEQN,637.4,637.5,637.5,0.1,0.02,77,49087,662.85,268.0
IRBINVIT,IRBINVITIVN,63.85,63.86,63.86,0.01,0.02,1686,107667,65.25,57.05
JAYKAY,JAYKAYEQN,263.45,263.49,263.49,0.04,0.02,8720,2297632,273.0,106.96
MODISONLTD,MODISONLTDBEN,488.8,488.9,488.9,0.1,0.02,9,4400,546.0,114.0
HDFCGOLD,HDFCGOLDEQN,125.19,125.22,125.22,0.03,0.02,2176,272478,152.3,95.68
JSLL,JSLLEQN,417.2,417.3,417.3,0.1,0.02,1518,633461,835.0,377.75
GARUDA,GARUDAEQN,172.55,172.56,172.56,0.01,0.01,81,13977,249.3,130.0
CHOICEIN,CHOICEINEQN,723.7,723.75,723.75,0.05,0.01,1166,843892,860.5,568.7
DAMCAPITAL,DAMCAPITALEQN,148.74,148.75,148.75,0.01,0.01,418,62177,286.0,119.22
ARVINDFASN,ARVINDFASNEQN,397.95,398.0,398.0,0.05,0.01,203,80794,569.0,366.2
CHAMBLFERT,CHAMBLFERTEQN,396.35,396.4,396.4,0.05,0.01,635,251714,518.85,376.1
ACUTAAS,ACUTAASEQN,3174.2,3174.6,3174.6,0.4,0.01,298,946030,3740.0,1380.1
ANURAS,ANURASEQN,1165.1,1165.2,1165.2,0.1,0.01,32,37286,1415.0,1047.9
LLOYDSME,LLOYDSMEEQN,1844.5,1844.6,1844.6,0.1,0.01,541,997928,2125.0,1042.9
PIRAMALFIN,PIRAMALFINEQN,1981.5,1981.6,1981.6,0.1,0.01,280,554848,2326.4,1260.0
CMPDI,CMPDIEQN,209.05,209.07,209.07,0.02,0.01,1010,211160,283.69,150.16
SUBROS,SUBROSEQN,675.5,675.6,675.6,0.1,0.01,11,7431,1172.7,622.1
VSTL,VSTLEQN,106.84,106.84,106.84,0.0,0.0,100,10684,154.7,100.8
KANSAINER,KANSAINEREQN,192.4,192.4,192.4,0.0,0.0,2270,436748,264.0,157.91
BELRISE,BELRISEEQN,246.31,246.31,246.31,0.0,0.0,7232,1781313,268.2,142.59
SITINET,SITINETBZN,0.24,0.24,0.24,0.0,0.0,89379,21450,0.49,0.23
MOHITIND,MOHITINDEQN,22.57,22.57,22.57,0.0,0.0,1,22,34.8,18.6
DANISH,DANISHSMN,1059.4,1059.4,1059.4,0.0,0.0,150,158910,1094.9,550.5
PTCIL,PTCILEQN,24685.0,24685.0,24685.0,0.0,0.0,143,3529955,24800.0,14499.0
WOCKPHARMA,WOCKPHARMAEQN,2150.4,2150.4,2150.4,0.0,0.0,866,1862246,2422.3,1086.7
BPL,BPLEQN,44.22,44.22,44.22,0.0,0.0,13,574,82.7,37.61
SOUTHWEST,SOUTHWESTEQN,193.95,193.95,193.95,0.0,0.0,310,60124,275.0,121.0
SURAJEST,SURAJESTEQN,208.26,208.26,208.26,0.0,0.0,1,208,319.0,165.0
NECLIFE,NECLIFEEQN,10.59,10.59,10.59,0.0,0.0,250,2647,22.4,9.3
KAPSTON,KAPSTONEQN,545.45,545.45,545.45,0.0,0.0,29,15818,616.2,163.33
SANOFICONR,SANOFICONREQN,3722.9,3722.9,3722.9,0.0,0.0,8,29783,5255.0,3573.4
TPHQ,TPHQBEN,0.47,0.47,0.47,0.0,0.0,13585,6384,0.86,0.4
VIPULLTD,VIPULLTDBEN,9.85,9.85,9.85,0.0,0.0,50,492,18.6,7.38
SGFIN,SGFINEQN,663.7,663.7,663.7,0.0,0.0,379,251542,727.45,323.0
ARCHIES,ARCHIESEQN,12.42,12.42,12.42,0.0,0.0,1,12,21.25,10.86
WAAREEENER,WAAREEENEREQN,2401.0,2401.0,2401.0,0.0,0.0,1562,3750362,3718.8,2301.1
SWIGGY,SWIGGYEQN,246.0,246.0,246.0,0.0,0.0,9671,2379066,459.95,234.0
GATECHDVR,GATECHDVRBEN,0.47,0.47,0.47,0.0,0.0,1500,705,0.67,0.36
AFSL,AFSLEQN,201.0,201.0,201.0,0.0,0.0,2,402,227.0,194.41
PPAP,PPAPBEN,247.06,247.06,247.06,0.0,0.0,15,3705,379.5,176.0
KEEPLEARN,KEEPLEARNEQN,1.86,1.86,1.86,0.0,0.0,1565,2910,3.21,1.51
BAJAJHFL,BAJAJHFLEQN,84.08,84.08,84.08,0.0,0.0,9548,802795,112.4,72.65
DCI,DCIEQN,342.1,342.1,342.1,0.0,0.0,71,24289,475.0,208.98
ASHIMASYN,ASHIMASYNEQN,14.51,14.51,14.51,0.0,0.0,5,72,23.5,11.5
XELPMOC,XELPMOCEQN,91.32,91.32,91.32,0.0,0.0,1,91,155.5,71.1
STAR,STAREQN,1100.6,1100.6,1100.6,0.0,0.0,106,116663,1260.9,768.65
SURANASOL,SURANASOLEQN,24.36,24.36,24.36,0.0,0.0,125,3045,34.51,18.31
CPCAP,CPCAPEQN,155.22,155.22,155.22,0.0,0.0,10,1552,162.0,73.51
ALIVUS,ALIVUSEQN,1370.2,1370.2,1370.2,0.0,0.0,599,820749,1493.8,819.0
INDRAMEDCO,INDRAMEDCOEQN,329.4,329.4,329.4,0.0,0.0,205,67527,640.85,317.15
CAPLIPOINT,CAPLIPOINTEQN,2649.1,2649.1,2649.1,0.0,0.0,76,201331,2990.0,1500.3
LALPATHLAB,LALPATHLABEQN,1945.1,1945.1,1945.1,0.0,0.0,61,118651,2038.6,1272.6
SHK,SHKEQN,141.62,141.62,141.62,0.0,0.0,386,54665,241.55,111.98
POWERINDIA,POWERINDIAEQN,31610.0,31610.0,31610.0,0.0,0.0,85,2686850,38785.0,16111.0
LTTS,LTTSEQN,3252.1,3252.0,3252.0,-0.1,0.0,85,276420,4726.0,3010.0
NAVKARCORP,NAVKARCORPEQN,85.88,85.88,85.88,0.0,0.0,606,52043,131.36,74.05
EXPLEOSOL,EXPLEOSOLEQN,862.65,862.65,862.65,0.0,0.0,46,39681,1175.1,640.0
UCOBANK,UCOBANKEQN,23.4,23.4,23.4,0.0,0.0,22230,520182,34.2,22.22
ACE,ACEEQN,1249.9,1249.9,1249.9,0.0,0.0,333,416216,1268.0,745.1
FCSSOFT,FCSSOFTEQN,1.4,1.4,1.4,0.0,0.0,6808,9531,2.53,1.05
COCHINSHIP,COCHINSHIPEQN,1255.1,1255.1,1255.1,0.0,0.0,2294,2879199,1874.8,1187.0
PROTEAN,PROTEANEQN,669.95,669.95,669.95,0.0,0.0,367,245871,888.2,444.0
GFLLIMITED,GFLLIMITEDEQN,57.83,57.83,57.83,0.0,0.0,213,12317,81.0,37.25
TVSSCS,TVSSCSEQN,130.4,130.4,130.4,0.0,0.0,502,65460,146.5,90.32
SALASAR,SALASAREQN,4.17,4.17,4.17,0.0,0.0,10103,42129,10.99,3.8
WESTLIFE,WESTLIFEEQN,586.4,586.4,586.4,0.0,0.0,671,393474,690.75,398.4
BALAMINES,BALAMINESEQN,2155.9,2156.0,2156.0,0.1,0.0,418,901208,2629.8,968.1
GODIGIT,GODIGITEQN,264.75,264.75,264.75,0.0,0.0,1675,443456,374.0,231.65
VETO,VETOEQN,138.49,138.49,138.49,0.0,0.0,1,138,155.9,82.32
TAINWALCHM,TAINWALCHMEQN,200.4,200.4,200.4,0.0,0.0,1,200,257.0,155.0
DCBBANK,DCBBANKEQN,201.19,201.19,201.19,0.0,0.0,826,166182,234.8,127.41
AVALON,AVALONEQN,2429.7,2429.7,2429.7,0.0,0.0,390,947583,2618.0,777.3
UDS,UDSEQN,218.11,218.11,218.11,0.0,0.0,208,45366,256.99,125.1
PRESTIGE,PRESTIGEEQN,1429.3,1429.3,1429.3,0.0,0.0,463,661765,1805.2,1090.0
NRAIL,NRAILEQN,660.9,660.9,660.9,0.0,0.0,5,3304,706.4,385.0
BVCL,BVCLEQN,40.69,40.69,40.69,0.0,0.0,2,81,54.9,31.2
BRIGADE,BRIGADEEQN,554.2,554.2,554.2,0.0,0.0,499,276545,802.01,450.75
GESHIP,GESHIPEQN,1567.9,1567.9,1567.9,0.0,0.0,847,1328011,1798.0,1002.55
SARDAEN,SARDAENEQN,499.35,499.35,499.35,0.0,0.0,189,94377,624.0,453.1
SUVIDHAA,SUVIDHAAEQN,2.1,2.1,2.1,0.0,0.0,3204,6728,4.25,1.77
NITINSPIN,NITINSPINEQN,615.6,615.6,615.6,0.0,0.0,18,11080,665.5,302.2
KKCL,KKCLEQN,475.55,475.55,475.55,0.0,0.0,35,16644,568.05,408.35
JKLAKSHMI,JKLAKSHMIEQN,471.65,471.65,471.65,0.0,0.0,97,45750,884.95,461.45
TCIEXP,TCIEXPEQN,499.75,499.75,499.75,0.0,0.0,11,5497,722.0,447.55
MOLDTECH,MOLDTECHBEN,220.99,221.0,221.0,0.01,0.0,273,60333,227.0,101.1
INDUSTOWER,INDUSTOWEREQN,385.05,385.05,385.05,0.0,0.0,1420,546771,481.5,337.8
SPMLINFRA,SPMLINFRAEQN,160.02,160.02,160.02,0.0,0.0,1,160,250.65,151.01
STYLEBAAZA,STYLEBAAZAEQN,379.9,379.9,379.9,0.0,0.0,700,265930,447.1,229.95
VIKASECO,VIKASECOEQN,1.02,1.02,1.02,0.0,0.0,42062,42903,2.04,0.99
M&M,M&MEQN,2800.0,2800.0,2800.0,0.0,0.0,11473,32124400,3839.9,2744.3
SCHNEIDER,SCHNEIDEREQN,1256.2,1256.2,1256.2,0.0,0.0,480,602976,1548.0,571.85
SUBEXLTD,SUBEXLTDEQN,19.15,19.15,19.15,0.0,0.0,23954,458719,22.8,6.61
AADHARHFC,AADHARHFCEQN,455.05,455.05,455.05,0.0,0.0,171,77813,563.0,427.3
EQUITASBNK,EQUITASBNKEQN,68.92,68.92,68.92,0.0,0.0,2241,154449,83.9,51.25
GARFIBRES,GARFIBRESEQN,773.75,773.75,773.75,0.0,0.0,3,2321,863.4,579.75
AMBUJACEM,AMBUJACEMEQN,356.9,356.9,356.9,0.0,0.0,2804,1000747,588.75,341.0
INGERRAND,INGERRANDEQN,4115.3,4115.3,4115.3,0.0,0.0,30,123459,4955.0,3063.3
SENORES,SENORESEQN,1389.6,1389.6,1389.6,0.0,0.0,318,441892,1599.0,700.75
BLS,BLSEQN,220.84,220.84,220.84,0.0,0.0,435,96065,359.0,212.0
PARACABLES,PARACABLESEQN,57.49,57.49,57.49,0.0,0.0,1500,86235,75.7,28.3
KPIL,KPILEQN,1458.4,1458.4,1458.4,0.0,0.0,281,409810,1490.0,1007.1
METROBRAND,METROBRANDEQN,825.1,825.1,825.1,0.0,0.0,11,9076,1283.0,807.0
GOCOLORS,GOCOLORSEQN,306.15,306.15,306.15,0.0,0.0,9,2755,698.0,237.05
HESTERBIO,HESTERBIOEQN,2167.2,2167.1,2167.1,-0.1,0.0,12,26005,2683.6,1239.3
MANALIPETC,MANALIPETCEQN,90.48,90.48,90.48,0.0,0.0,8050,728364,93.0,39.13
BANKBARODA,BANKBARODAEQN,234.55,234.55,234.55,0.0,0.0,14994,3516842,325.5,223.82
WANBURY,WANBURYEQN,198.7,198.7,198.7,0.0,0.0,12,2384,358.85,161.5
INVENTURE,INVENTUREEQN,0.83,0.83,0.83,0.0,0.0,3706,3075,1.53,0.72
GTLINFRA,GTLINFRAEQN,1.07,1.07,1.07,0.0,0.0,137839,147487,1.67,0.96
VARDMNPOLY,VARDMNPOLYEQN,5.4,5.4,5.4,0.0,0.0,12,64,9.49,5.1
CAMLINFINE,CAMLINFINEEQN,94.52,94.52,94.52,0.0,0.0,530,50095,211.95,88.26
SIGACHI,SIGACHIEQN,29.36,29.36,29.36,0.0,0.0,5561,163270,40.8,16.65
TARSONS,TARSONSEQN,341.7,341.7,341.7,0.0,0.0,48,16401,375.0,164.45
TSFINV,TSFINVEQN,409.6,409.6,409.6,0.0,0.0,70,28672,701.5,331.7
BYKE,BYKEEQN,30.01,30.01,30.01,0.0,0.0,160,4801,73.06,26.25
PTL,PTLEQN,38.2,38.2,38.2,0.0,0.0,215,8213,43.77,36.1
NINSYS,NINSYSEQN,829.75,829.75,829.75,0.0,0.0,10,8297,935.0,281.05
ABB,ABBEQN,7005.0,7005.0,7005.0,0.0,0.0,170,1190850,7924.5,4637.5
FEDERALBNK,FEDERALBNKEQN,323.5,323.5,323.5,0.0,0.0,9796,3169006,371.7,194.1
HAPPSTMNDS,HAPPSTMNDSEQN,304.6,304.6,304.6,0.0,0.0,792,241243,534.5,299.0
MANGLMCEM,MANGLMCEMEQN,971.1,971.1,971.1,0.0,0.0,12,11653,1120.0,679.35
STOVEKRAFT,STOVEKRAFTEQN,817.35,817.35,817.35,0.0,0.0,54,44136,877.0,447.05
RAILTEL,RAILTELEQN,254.65,254.65,254.65,0.0,0.0,528,134455,400.8,245.0
GRSE,GRSEEQN,2102.0,2102.0,2102.0,0.0,0.0,817,1717334,3339.0,1963.7
INTELLECT,INTELLECTEQN,591.35,591.35,591.35,0.0,0.0,87,51447,1244.6,564.05
JINDALSTEL,JINDALSTELEQN,1061.0,1061.0,1061.0,0.0,0.0,890,944290,1306.2,977.1
BHARATWIRE,BHARATWIREEQN,171.99,171.99,171.99,0.0,0.0,548,94250,262.0,148.01
GLOBECIVIL,GLOBECIVILEQN,40.89,40.89,40.89,0.0,0.0,2,81,80.0,33.5
ICRA,ICRAEQN,4346.3,4346.3,4346.3,0.0,0.0,2,8692,6620.0,4198.2
FORTIS,FORTISEQN,779.1,779.1,779.1,0.0,0.0,1436,1118787,1104.3,745.35
MAHLOG,MAHLOGEQN,411.15,411.15,411.15,0.0,0.0,412,169393,450.0,275.05
SHALBY,SHALBYEQN,134.62,134.62,134.62,0.0,0.0,81,10904,264.0,125.82
SCHAEFFLER,SCHAEFFLEREQN,3797.0,3796.9,3796.9,-0.1,0.0,9,34172,4467.7,3518.4
TIINDIA,TIINDIAEQN,2388.0,2388.0,2388.0,0.0,0.0,87,207756,3335.2,2164.9
NCC,NCCEQN,126.88,126.88,126.88,0.0,0.0,8930,1133038,217.25,119.01
INDOBORAX,INDOBORAXEQN,480.9,480.9,480.9,0.0,0.0,35,16831,542.8,230.01
GAEL,GAELEQN,162.98,162.98,162.98,0.0,0.0,166,27054,184.99,101.2
WEL,WELEQN,74.96,74.96,74.96,0.0,0.0,129,9669,183.53,68.01
HMAAGRO,HMAAGROEQN,24.91,24.91,24.91,0.0,0.0,252,6277,34.24,19.09
VIVIDEL,VIVIDELSMN,1750.0,1750.0,1750.0,0.0,0.0,240,420000,1990.0,556.0
KOTAKBANK,KOTAKBANKEQN,440.0,440.0,440.0,0.0,0.0,42391,18652040,453.2,345.5
KHAICHEM,KHAICHEMEQN,48.82,48.82,48.82,0.0,0.0,1,48,132.9,42.92
SDBL,SDBLEQN,73.08,73.08,73.08,0.0,0.0,223,16296,136.0,61.8
ROUTE,ROUTEEQN,426.5,426.5,426.5,0.0,0.0,352,150128,797.15,410.7
BOROSCI,BOROSCIEQN,115.03,115.03,115.03,0.0,0.0,75,8627,180.8,96.64
ASHIANA,ASHIANAEQN,379.2,379.2,379.2,0.0,0.0,17,6446,435.9,269.45
JYOTISTRUC,JYOTISTRUCEQN,9.03,9.03,9.03,0.0,0.0,21148,190966,15.14,7.94
EIHAHOTELS,EIHAHOTELSEQN,297.3,297.3,297.3,0.0,0.0,11,3270,403.45,266.65
APLLTD,APLLTDEQN,833.8,833.8,833.8,0.0,0.0,138,115064,998.0,635.8
VAKRANGEE,VAKRANGEEEQN,5.19,5.19,5.19,0.0,0.0,677,3513,9.64,4.61
SOLARWORLD,SOLARWORLDEQN,131.25,131.25,131.25,0.0,0.0,75,9843,350.0,122.92
GLAXO,GLAXOEQN,2634.0,2634.0,2634.0,0.0,0.0,144,379296,3120.7,2088.1
GICRE,GICREEQN,316.55,316.55,316.55,0.0,0.0,240,75972,417.95,308.0
RELIANCE,RELIANCEEQN,1207.7,1207.7,1207.7,0.0,0.0,61266,73990948,1611.8,1160.8
GUJALKALI,GUJALKALIEQN,616.0,616.0,616.0,0.0,0.0,62,38192,815.0,409.15
GALAXYSURF,GALAXYSURFEQN,2434.0,2434.0,2434.0,0.0,0.0,55,133870,2648.0,1510.0
BAJAJINDEF,BAJAJINDEFEQN,203.96,203.96,203.96,0.0,0.0,5,1019,442.6,197.5
NEULANDLAB,NEULANDLABEQN,21655.0,21655.0,21655.0,0.0,0.0,52,1126060,24225.0,11500.0
QUICKHEAL,QUICKHEALEQN,140.97,140.97,140.97,0.0,0.0,37,5215,371.4,125.0
VAIBHAVGBL,VAIBHAVGBLEQN,200.75,200.75,200.75,0.0,0.0,446,89534,293.25,174.13
ELDEHSG,ELDEHSGEQN,769.0,769.0,769.0,0.0,0.0,1,769,1044.1,701.55
IOB,IOBEQN,31.03,31.03,31.03,0.0,0.0,3415,105967,41.8,30.07
HCC,HCCEQN,19.8,19.8,19.8,0.0,0.0,151965,3008907,28.5,13.65
MAXESTATES,MAXESTATESEQN,550.5,550.5,550.5,0.0,0.0,51,28075,652.8,305.45
REDTAPE,REDTAPEEQN,113.63,113.63,113.63,0.0,0.0,623,70791,158.99,107.53
RGL,RGLEQN,168.47,168.47,168.47,0.0,0.0,1188,200142,173.8,85.0
HLVLTD,HLVLTDEQN,6.12,6.12,6.12,0.0,0.0,75,459,11.75,5.6
IDBI,IDBIEQN,85.67,85.67,85.67,0.0,0.0,5937,508622,118.38,61.01
PFIZER,PFIZEREQN,3815.1,3815.1,3815.1,0.0,0.0,5,19075,5578.5,3731.0
DMCC,DMCCEQN,356.05,356.05,356.05,0.0,0.0,622,221463,374.15,191.35
TTML,TTMLEQN,34.01,34.01,34.01,0.0,0.0,8493,288846,60.08,31.22
AETHER,AETHEREQN,1787.6,1787.6,1787.6,0.0,0.0,521,931339,1814.1,728.0
SWANCORP,SWANCORPEQN,271.85,271.85,271.85,0.0,0.0,8345,2268588,493.6,254.4
HCLTECH,HCLTECHEQN,1185.0,1185.0,1185.0,0.0,0.0,9636,11418660,1780.1,1030.0
DCMSRIND,DCMSRINDEQN,39.81,39.81,39.81,0.0,0.0,435,17317,179.9,31.9
INOXWIND,INOXWINDEQN,67.1,67.1,67.1,0.0,0.0,17401,1167607,159.3,62.43
GRWRHITECH,GRWRHITECHEQN,6903.5,6903.5,6903.5,0.0,0.0,8,55228,7990.0,2690.7
SIGNPOST,SIGNPOSTEQN,267.45,267.45,267.45,0.0,0.0,1,267,336.8,191.41
PRIVISCL,PRIVISCLEQN,3519.2,3519.2,3519.2,0.0,0.0,327,1150778,3785.3,2425.0
MAHABANK,MAHABANKEQN,84.15,84.15,84.15,0.0,0.0,78012,6564709,94.5,54.66
SWARAJENG,SWARAJENGEQN,3546.1,3546.1,3546.1,0.0,0.0,1,3546,4437.4,3301.3
LUPIN,LUPINEQN,2012.9,2012.9,2012.9,0.0,0.0,756,1521752,2529.5,1900.0
ASHOKA,ASHOKAEQN,104.03,104.03,104.03,0.0,0.0,1601,166552,214.5,101.0
COALINDIA,COALINDIAEQN,414.5,414.5,414.5,0.0,0.0,13703,5679893,491.25,369.6
COMPINFO,COMPINFOBZN,1.1,1.1,1.1,0.0,0.0,197,216,2.37,0.91
GRADIENTE,GRADIENTEBEN,2.5,2.5,2.5,0.0,0.0,241,602,9.4,1.95
BLUEDART,BLUEDARTEQN,4555.2,4555.2,4555.2,0.0,0.0,35,159432,7036.0,4458.1
CANBK,CANBKEQN,119.15,119.15,119.15,0.0,0.0,35779,4263067,162.89,116.51
HAVELLS,HAVELLSEQN,1060.5,1060.5,1060.5,0.0,0.0,376,398748,1520.0,1015.1
INDIAMART,INDIAMARTEQN,1605.3,1605.3,1605.3,0.0,0.0,37,59396,2525.9,1565.1
JKIL,JKILEQN,442.2,442.2,442.2,0.0,0.0,108,47757,672.0,425.0
LICI,LICIEQN,386.3,386.3,386.3,0.0,0.0,4787,1849218,468.48,360.75
KPITTECH,KPITTECHEQN,484.25,484.25,484.25,0.0,0.0,3380,1636765,1284.9,470.1
MANORAMA,MANORAMAEQN,1996.0,1996.0,1996.0,0.0,0.0,517,1031932,2149.5,1060.6
TIIL,TIILEQN,2715.4,2715.4,2715.4,0.0,0.0,435,1181199,3565.3,1868.5
BCG,BCGEQN,9.08,9.08,9.08,0.0,0.0,22306,202538,15.11,7.7
AMNPLST,AMNPLSTEQN,172.6,172.6,172.6,0.0,0.0,133,22955,250.0,127.0
DEN,DENEQN,26.1,26.1,26.1,0.0,0.0,453,11823,35.95,22.52
BBTC,BBTCEQN,1269.4,1269.4,1269.4,0.0,0.0,44,55853,2135.0,1215.1
GRAVITA,GRAVITAEQN,1496.0,1496.0,1496.0,0.0,0.0,517,773432,1913.6,1266.9
NILASPACES,NILASPACESEQN,11.35,11.35,11.35,0.0,0.0,611,6934,19.97,10.76
MHRIL,MHRILEQN,195.07,195.07,195.07,0.0,0.0,9,1755,348.35,186.21
NHPC,NHPCEQN,72.5,72.5,72.5,0.0,0.0,13556,982810,88.12,70.25
HINDWAREAP,HINDWAREAPEQN,170.19,170.19,170.19,0.0,0.0,278,47312,392.7,165.0
VSTIND,VSTINDEQN,201.33,201.34,201.34,0.01,0.0,534,107515,286.78,200.0
VENKEYS,VENKEYSEQN,1655.6,1655.6,1655.6,0.0,0.0,6,9933,1814.9,1165.0
AWHCL,AWHCLEQN,348.7,348.7,348.7,0.0,0.0,53,18481,605.0,335.25
CUMMINSIND,CUMMINSINDEQN,4872.2,4872.2,4872.2,0.0,0.0,191,930590,6100.0,3882.5
AKG,AKGEQN,9.38,9.38,9.38,0.0,0.0,1,9,15.34,8.06
APEX,APEXEQN,343.4,343.4,343.4,0.0,0.0,137,47045,514.5,219.86
CAPITALSFB,CAPITALSFBEQN,274.2,274.2,274.2,0.0,0.0,161,44146,323.7,206.55
PAKKA,PAKKAEQN,72.37,72.37,72.37,0.0,0.0,208,15052,155.88,68.66
RADAAN,RADAANEQN,2.89,2.89,2.89,0.0,0.0,285,823,3.99,2.35
HITECH,HITECHEQN,73.9,73.9,73.9,0.0,0.0,1257,92892,123.8,69.85
HONDAPOWER,HONDAPOWEREQN,1871.4,1871.4,1871.4,0.0,0.0,1,1871,2775.0,1816.6
ISGEC,ISGECEQN,901.75,901.75,901.75,0.0,0.0,1,901,1113.9,683.95
VIKASLIFE,VIKASLIFEEQN,1.19,1.19,1.19,0.0,0.0,68417,81416,2.2,1.05
DWARKESH,DWARKESHEQN,46.8,46.8,46.8,0.0,0.0,4319,202129,59.9,32.13
GOYALALUM,GOYALALUMEQN,5.94,5.94,5.94,0.0,0.0,173,1027,11.37,5.3
STCINDIA,STCINDIAEQN,104.5,104.5,104.5,0.0,0.0,10,1045,150.0,97.04
CELEBRITY,CELEBRITYEQN,6.02,6.02,6.02,0.0,0.0,166,999,11.68,5.65
ALLCARGO,ALLCARGOEQN,10.28,10.28,10.28,0.0,0.0,11190,115033,36.55,7.11
UTKARSHBNK,UTKARSHBNKEQN,13.98,13.98,13.98,0.0,0.0,16135,225567,22.03,10.12
RTNPOWER,RTNPOWEREQN,6.7,6.7,6.7,0.0,0.0,30449,204008,11.94,6.36
DYNAMATECH,DYNAMATECHEQN,13723.0,13723.0,13723.0,0.0,0.0,99,1358577,14409.0,6765.0
OMAXAUTO,OMAXAUTOEQN,206.85,206.85,206.85,0.0,0.0,2700,558495,263.4,84.5
SEPC,SEPCEQN,5.03,5.03,5.03,0.0,0.0,15548,78206,11.99,4.65
SHRENIK,SHRENIKBZN,0.27,0.27,0.27,0.0,0.0,3319,896,0.65,0.26
ROSSELLIND,ROSSELLINDEQN,52.26,52.26,52.26,0.0,0.0,10,522,73.0,40.0
LCCINFOTEC,LCCINFOTECBEN,3.46,3.46,3.46,0.0,0.0,1,3,5.89,2.88
KOPRAN,KOPRANEQN,276.5,276.5,276.5,0.0,0.0,77,21290,295.83,107.0
CUBEINVIT,CUBEINVITIVN,154.85,154.85,154.85,0.0,0.0,360,55746,165.0,131.0
WENDT,WENDTEQN,7991.0,7991.0,7991.0,0.0,0.0,3,23973,9199.0,5841.5
STERTOOLS,STERTOOLSEQN,218.79,218.79,218.79,0.0,0.0,1,218,335.0,155.0
BOSCHLTD,BOSCHLTDEQN,44410.0,44410.0,44410.0,0.0,0.0,22,977020,50000.0,28610.0
HPAL,HPALEQN,34.62,34.62,34.62,0.0,0.0,8,276,53.0,26.52
VIPCLOTHNG,VIPCLOTHNGEQN,20.02,20.02,20.02,0.0,0.0,2,40,37.55,14.05
THERMAX,THERMAXEQN,3230.4,3230.4,3230.4,0.0,0.0,114,368265,5277.8,2742.7
MADHAVBAUG,MADHAVBAUGSTN,168.95,168.95,168.95,0.0,0.0,400,67580,335.0,147.0
KRIDHANINF,KRIDHANINFEQN,1.86,1.86,1.86,0.0,0.0,1061,1973,4.78,1.79
PRIMO,PRIMOEQN,25.62,25.62,25.62,0.0,0.0,1270,32537,29.8,16.1
VIVIDHA,VIVIDHAEQN,0.5,0.5,0.5,0.0,0.0,4727,2363,0.82,0.43
FILATFASH,FILATFASHEQN,0.18,0.18,0.18,0.0,0.0,143078,25754,0.56,0.14
SICALLOG,SICALLOGBEN,88.3,88.3,88.3,0.0,0.0,2,176,122.5,60.11
VEEDOL,VEEDOLEQN,1383.0,1383.0,1383.0,0.0,0.0,3,4149,1963.8,1238.2
RAMANEWS,RAMANEWSEQN,28.98,28.98,28.98,0.0,0.0,1,28,42.0,27.05
SPCENET,SPCENETEQN,3.33,3.33,3.33,0.0,0.0,7239,24105,11.24,3.0
TRUALT,TRUALTEQN,448.85,448.85,448.85,0.0,0.0,19,8528,542.0,310.2
PACEDIGITK,PACEDIGITKEQN,165.45,165.45,165.45,0.0,0.0,1185,196058,231.95,139.81
SMLT,SMLTEQN,73.94,73.94,73.94,0.0,0.0,300,22182,121.0,56.61
CESC,CESCEQN,131.18,131.18,131.18,0.0,0.0,3469,455063,204.5,128.31
ETERNAL,ETERNALEQN,328.0,328.0,328.0,0.0,0.0,69888,22923264,368.45,212.6
SUMEETINDS,SUMEETINDSEQN,12.0,12.0,12.0,0.0,0.0,73473,881676,35.67,9.26
3PLAND,3PLANDEQN,30.8,30.8,30.8,0.0,0.0,1,30,45.01,28.51
VISAKAIND,VISAKAINDBEN,83.83,83.83,83.83,0.0,0.0,76,6371,104.41,50.2
AKSHAR,AKSHAREQN,0.42,0.42,0.42,0.0,0.0,2782,1168,0.76,0.36
EFCIL,EFCILEQN,173.8,173.8,173.8,0.0,0.0,5,869,329.26,165.94
RUBICON,RUBICONEQN,1575.6,1575.6,1575.6,0.0,0.0,259,408080,1899.0,570.75
SMARTEN,SMARTENSMN,53.15,53.15,53.15,0.0,0.0,1200,63780,96.45,42.0
GYFTR,GYFTREQN,169.52,169.52,169.52,0.0,0.0,1,169,193.9,139.69
DIVISLAB,DIVISLABEQN,9588.0,9588.0,9588.0,0.0,0.0,635,6088380,9740.0,5647.5
SUDEEPPHRM,SUDEEPPHRMEQN,1170.4,1170.4,1170.4,0.0,0.0,386,451774,1378.0,524.05
KAMOPAINTS,KAMOPAINTSEQN,4.07,4.07,4.07,0.0,0.0,14493,58986,8.89,3.6
SILGO,SILGOEQN,70.16,70.16,70.16,0.0,0.0,10,701,86.2,57.55
EPACKPEB,EPACKPEBEQN,267.44,267.44,267.44,0.0,0.0,3084,824784,344.0,132.17
RSL,RSLEQN,174.51,174.51,174.51,0.0,0.0,300,52353,202.22,101.7
MIRZAINT,MIRZAINTEQN,27.85,27.85,27.85,0.0,0.0,5,139,43.3,24.95
VSTTILLERS,VSTTILLERSEQN,4375.6,4375.6,4375.6,0.0,0.0,1,4375,6374.0,3950.0
RAMCOIND,RAMCOINDEQN,299.7,299.7,299.7,0.0,0.0,62,18581,395.5,230.65
VISHAL,VISHALEQN,17.13,17.13,17.13,0.0,0.0,5,85,21.94,16.02
ACGL,ACGLEQN,1703.8,1703.8,1703.8,0.0,0.0,1,1703,1961.9,1605.0
INNOVISION,INNOVISIONEQN,256.0,256.0,256.0,0.0,0.0,50,12800,470.0,246.2
AUSTENG,AUSTENGEQN,161.74,161.74,161.74,0.0,0.0,1,161,178.0,110.0
JAINREC,JAINRECEQN,295.15,295.15,295.15,0.0,0.0,2607,769456,593.95,271.0
CORONA,CORONAEQN,2041.1,2041.0,2041.0,-0.1,0.0,8,16328,2292.4,1336.6
GOLDADD,GOLDADDEQN,14.24,14.24,14.24,0.0,0.0,1086,15464,18.1,11.23
ALLTIME,ALLTIMEEQN,184.43,184.43,184.43,0.0,0.0,25,4610,314.7,174.3
EKC,EKCEQN,105.52,105.52,105.52,0.0,0.0,115,12134,154.55,90.25
BSLGOLDETF,BSLGOLDETFEQN,128.99,128.99,128.99,0.0,0.0,39,5030,155.99,101.09
VIVOBIOT,VIVOBIOTEQN,15.1,15.1,15.1,0.0,0.0,80,1208,20.94,12.8
ASIANTNE,ASIANTNEEQN,9.07,9.07,9.07,0.0,0.0,1,9,10.99,8.05
SMLMAH,SMLMAHEQN,6095.0,6095.0,6095.0,0.0,0.0,461,2809795,6898.5,2719.0
KARURVYSYA,KARURVYSYAEQN,330.1,330.1,330.1,0.0,0.0,1990,656899,358.65,215.41
GENESYS,GENESYSEQN,294.85,294.85,294.85,0.0,0.0,2484,732407,416.33,134.73
GHCL,GHCLEQN,398.8,398.8,398.8,0.0,0.0,602,240077,667.2,385.0
THEJO,THEJOEQN,2100.4,2100.4,2100.4,0.0,0.0,2,4200,2286.6,1443.6
BMWVENTLTD,BMWVENTLTDEQN,50.11,50.11,50.11,0.0,0.0,62,3106,73.2,48.0
RPGLIFE,RPGLIFEEQN,2892.8,2892.8,2892.8,0.0,0.0,2,5785,3127.8,1733.0
AONESTEELS,AONESTEELSEQN,420.35,420.35,420.35,0.0,0.0,3497,1469963,470.0,366.45
MONEYBOXX,MONEYBOXXBEN,52.72,52.72,52.72,0.0,0.0,1,52,91.5,35.85
ISFT,ISFTBEN,99.49,99.49,99.49,0.0,0.0,2,198,114.95,54.05
DHARAN,DHARANBZN,0.14,0.14,0.14,0.0,0.0,100800,14112,0.59,0.11
MAHLIFE,MAHLIFEEQN,351.1,351.1,351.1,0.0,0.0,77,27034,427.05,286.8
ICEMAKE,ICEMAKEEQN,673.35,673.35,673.35,0.0,0.0,419,282133,920.0,602.0
TUTIALKA,TUTIALKAEQN,54.7,54.7,54.7,0.0,0.0,2,109,62.9,51.08
PRISMX,PRISMXEQN,0.49,0.49,0.49,0.0,0.0,3811,1867,0.63,0.47
NBCC,NBCCEQN,76.74,76.74,76.74,0.0,0.0,24189,1856263,125.85,73.9
RRIL,RRILEQN,16.07,16.07,16.07,0.0,0.0,1,16,21.5,15.06
MEESHO,MEESHOEQN,236.52,236.53,236.53,0.01,0.0,20554,4861637,254.4,125.56
RCOM,RCOMBEN,0.85,0.85,0.85,0.0,0.0,28476,24204,1.5,0.75
SILVER1,SILVER1EQN,21.2,21.2,21.2,0.0,0.0,4861,103053,38.8,13.41
IVZINGOLD,IVZINGOLDEQN,127.7,127.7,127.7,0.0,0.0,95,12131,156.0,100.0
MWL,MWLEQN,42.04,42.04,42.04,0.0,0.0,1062,44646,48.0,20.0
KSR,KSRBEN,37.56,37.56,37.56,0.0,0.0,20,751,48.84,14.04
TRANSCOR,TRANSCOREQN,25.38,25.38,25.38,0.0,0.0,27,685,29.0,21.0
NCLIND,NCLINDEQN,163.93,163.93,163.93,0.0,0.0,8,1311,214.8,147.5
SINGERIND,SINGERINDEQN,77.45,77.45,77.45,0.0,0.0,1,77,91.3,57.15
GNA,GNAEQN,583.65,583.65,583.65,0.0,0.0,618,360695,648.0,295.0
ADVAIT,ADVAITEQN,1910.8,1910.8,1910.8,0.0,0.0,27,51591,2485.0,1351.0
ASAL,ASALEQN,423.3,423.3,423.3,0.0,0.0,3,1269,612.0,374.5
INDNIPPON,INDNIPPONEQN,1231.4,1231.4,1231.4,0.0,0.0,8,9851,1564.0,675.0
AVANCE,AVANCEEQN,0.78,0.78,0.78,0.0,0.0,24116,18810,0.94,0.75
GANECOS,GANECOSEQN,998.9,998.9,998.9,0.0,0.0,26,25971,1268.0,653.55
AMBALALSA,AMBALALSABEN,40.47,40.47,40.47,0.0,0.0,110,4451,49.98,30.15
AARNAV,AARNAVBEN,37.01,37.01,37.01,0.0,0.0,275,10177,38.0,21.0
LICMFGOLD,LICMFGOLDEQN,132.25,132.25,132.25,0.0,0.0,18,2380,162.0,102.5
MUKKA,MUKKABEN,26.94,26.94,26.94,0.0,0.0,32,862,33.29,18.27
VAML,VAMLEQN,394.0,394.0,394.0,0.0,0.0,8110,3195340,537.0,372.0
MODINATUR,MODINATUREQN,299.6,299.6,299.6,0.0,0.0,2,599,524.8,252.3
INDGN,INDGNEQN,607.1,607.1,607.1,0.0,0.0,820,497822,627.0,414.0
SHANTI,SHANTIEQN,5.46,5.46,5.46,0.0,0.0,2,10,12.26,4.7
HCL-INSYS,HCL-INSYSEQN,10.05,10.05,10.05,0.0,0.0,106,1065,16.5,9.01
TAALTECH,TAALTECHEQN,1087.9,1087.9,1087.9,0.0,0.0,79,85944,1234.0,523.22
CRESTO,CRESTOBEN,20.04,20.04,20.04,0.0,0.0,5,100,28.45,14.35
GUJENERGY,GUJENERGYEQN,228.48,228.48,228.48,0.0,0.0,1432,327183,443.75,219.04
VOEPL,VOEPLEQN,526.9,526.9,526.9,0.0,0.0,31,16333,593.45,428.65
ELANTAS,ELANTASEQN,14022.0,14022.0,14022.0,0.0,0.0,8,112176,15150.0,8900.0
WARDINMOBI,WARDINMOBIBZN,5.15,5.15,5.15,0.0,0.0,239,1230,6.99,4.69
CCAVENUE,CCAVENUEEQN,15.56,15.56,15.56,0.0,0.0,18127,282056,20.5,12.92
NEPHROPLUS,NEPHROPLUSEQN,641.6,641.6,641.6,0.0,0.0,132,84691,781.5,446.0
JUNIPER,JUNIPEREQN,216.34,216.34,216.34,0.0,0.0,368,79613,286.2,188.5
ABREL,ABRELEQN,1049.4,1049.4,1049.4,0.0,0.0,312,327412,1914.0,1011.6
QGOLDHALF,QGOLDHALFEQN,121.3,121.3,121.3,0.0,0.0,18,2183,149.69,95.51
DCMSHRIRAM,DCMSHRIRAMEQN,969.3,969.3,969.3,0.0,0.0,28,27140,1409.0,886.3
ALGOQUANT,ALGOQUANTEQN,70.2,70.2,70.2,0.0,0.0,141,9898,76.2,47.8
SIEL,SIELEQN,31.5,31.5,31.5,0.0,0.0,1,31,44.54,28.1
DIVGIITTS,DIVGIITTSEQN,1092.9,1092.9,1092.9,0.0,0.0,133,145355,1329.8,573.7
CERA,CERAEQN,5038.5,5038.5,5038.5,0.0,0.0,3,15115,6740.0,4461.1
JKTYRE,JKTYREEQN,333.4,333.4,333.4,0.0,0.0,1516,505434,611.9,328.2
DCMSIL,DCMSILEQN,79.22,79.22,79.22,0.0,0.0,62,4911,105.27,49.5
GOODYEAR,GOODYEAREQN,685.05,685.05,685.05,0.0,0.0,1,685,876.0,676.0
ZSARACOM,ZSARACOMEQN,10282.0,10282.0,10282.0,0.0,0.0,1,10282,14400.0,9000.0
CENTEXT-RE,CENTEXT-REBEN,2.16,2.16,2.16,0.0,0.0,1593,3440,3.88,1.35
NTPCGREEN,NTPCGREENEQN,88.51,88.51,88.51,0.0,0.0,4805,425290,119.95,84.0
PAGEIND,PAGEINDEQN,37570.0,37565.0,37565.0,-5.0,-0.01,33,1239645,43855.0,29805.0
LMW,LMWEQN,16819.0,16817.0,16817.0,-2.0,-0.01,3,50451,20151.0,11920.0
POWERMECH,POWERMECHEQN,2429.3,2429.0,2429.0,-0.3,-0.01,72,174888,3007.5,1717.7
ADANIPORTS,ADANIPORTSEQN,1750.1,1749.9,1749.9,-0.2,-0.01,4772,8350522,1891.1,1292.0
GOODLUCK,GOODLUCKEQN,501.95,501.9,501.9,-0.05,-0.01,298,149566,557.37,305.0
CLEAN,CLEANEQN,813.7,813.65,813.65,-0.05,-0.01,335,272572,1097.2,652.0
TALBROAUTO,TALBROAUTOEQN,417.05,417.0,417.0,-0.05,-0.01,298,124266,485.8,219.9
IRCON,IRCONEQN,106.66,106.65,106.65,-0.01,-0.01,6399,682453,186.44,101.6
SOBHA,SOBHAEQN,1197.9,1197.8,1197.8,-0.1,-0.01,245,293461,1732.0,1130.0
TITAGARH,TITAGARHEQN,799.75,799.65,799.65,-0.1,-0.01,691,552558,971.0,568.7
TIRUMALCHM,TIRUMALCHMEQN,147.91,147.9,147.9,-0.01,-0.01,25,3697,293.75,141.0
SBIN,SBINEQN,954.0,953.9,953.9,-0.1,-0.01,42769,40797349,1234.7,857.25
INOXINDIA,INOXINDIAEQN,2082.0,2081.8,2081.8,-0.2,-0.01,236,491304,2339.5,1068.2
ZFCVINDIA,ZFCVINDIAEQN,2172.2,2172.0,2172.0,-0.2,-0.01,3,6516,3044.0,2050.33
HONASA,HONASAEQN,477.05,477.0,477.0,-0.05,-0.01,790,376830,509.8,248.4
SUMICHEM,SUMICHEMEQN,421.95,421.9,421.9,-0.05,-0.01,489,206309,572.05,362.6
SAKAR,SAKAREQN,1020.1,1020.0,1020.0,-0.1,-0.01,410,418200,1229.85,345.5
FILATEX,FILATEXEQN,111.63,111.62,111.62,-0.01,-0.01,1899,211966,114.58,36.26
CEATLTD,CEATLTDEQN,3301.9,3301.6,3301.6,-0.3,-0.01,25,82540,4438.0,3061.2
LTM,LTMEQN,3930.0,3929.7,3929.7,-0.3,-0.01,651,2558234,6429.5,3528.0
SSRETAIL,SSRETAILEQN,720.3,720.25,720.25,-0.05,-0.01,8041,5791530,888.0,603.05
JGCHEM,JGCHEMEQN,654.95,654.85,654.85,-0.1,-0.02,493,322841,688.0,298.4
JSFB,JSFBEQN,500.1,500.0,500.0,-0.1,-0.02,311,155500,606.95,330.0
SURYAROSNI,SURYAROSNIEQN,218.34,218.3,218.3,-0.04,-0.02,632,137965,314.5,187.35
ABBOTINDIA,ABBOTINDIAEQN,26095.0,26090.0,26090.0,-5.0,-0.02,5,130450,30655.0,25135.0
RATNAMANI,RATNAMANIEQN,2524.3,2523.9,2523.9,-0.4,-0.02,9,22715,3345.0,1936.5
GICHSGFIN,GICHSGFINEQN,132.83,132.8,132.8,-0.03,-0.02,35,4648,184.0,130.05
GODFRYPHLP,GODFRYPHLPEQN,1862.4,1862.0,1862.0,-0.4,-0.02,278,517636,3480.0,1770.0
BSOFT,BSOFTEQN,278.05,278.0,278.0,-0.05,-0.02,2146,596588,474.0,267.05
DMART,DMARTEQN,3636.0,3635.2,3635.2,-0.8,-0.02,408,1483161,4644.0,3521.0
UJJIVANSFB,UJJIVANSFBEQN,64.94,64.93,64.93,-0.01,-0.02,25911,1682401,73.94,47.31
JLHL,JLHLEQN,250.0,249.95,249.95,-0.05,-0.02,102,25494,340.0,235.6
M&MFIN,M&MFINEQN,321.75,321.7,321.7,-0.05,-0.02,1908,613803,415.0,272.0
SILVERBETA,SILVERBETAEQN,210.93,210.89,210.89,-0.04,-0.02,123,25939,379.66,134.16
WINDMACHIN,WINDMACHINEQN,303.05,303.0,303.0,-0.05,-0.02,65,19695,343.9,200.65
INFOBEAN,INFOBEANEQN,147.24,147.2,147.2,-0.04,-0.03,1243,182969,257.5,116.5
UNIMECH,UNIMECHEQN,1854.5,1854.0,1854.0,-0.5,-0.03,221,409734,1901.0,695.0
SUPRAJIT,SUPRAJITEQN,465.15,465.0,465.0,-0.15,-0.03,30,13950,559.25,389.95
GNFC,GNFCEQN,618.2,618.0,618.0,-0.2,-0.03,930,574740,636.0,365.0
DPWIRES,DPWIRESEQN,227.46,227.4,227.4,-0.06,-0.03,2104,478449,251.9,125.02
GHCLTEXTIL,GHCLTEXTILEQN,130.04,130.0,130.0,-0.04,-0.03,938,121940,144.59,65.26
LODHA,LODHAEQN,1109.4,1109.1,1109.1,-0.3,-0.03,8712,9662479,1344.95,650.8
BSE,BSEEQN,3356.0,3355.0,3355.0,-1.0,-0.03,9031,30299005,4446.8,2180.0
WIPRO,WIPROEQN,159.6,159.55,159.55,-0.05,-0.03,82857,13219834,273.1,156.79
BIKAJI,BIKAJIEQN,483.55,483.4,483.4,-0.15,-0.03,327,158071,768.5,466.75
TNPL,TNPLEQN,143.35,143.3,143.3,-0.05,-0.03,329,47145,166.66,121.51
ATHERENERG,ATHERENERGEQN,1455.0,1454.5,1454.5,-0.5,-0.03,7862,11435279,1744.0,582.05
ARE&M,ARE&MEQN,733.25,733.05,733.05,-0.2,-0.03,1623,1189740,1023.0,670.0
RAJESHEXPO,RAJESHEXPOBZN,61.02,61.0,61.0,-0.02,-0.03,356,21716,237.88,59.0
VIKRAMSOLR,VIKRAMSOLREQN,148.94,148.9,148.9,-0.04,-0.03,4332,645034,354.4,143.0
TRANSWORLD,TRANSWORLDBEN,155.05,155.0,155.0,-0.05,-0.03,3,465,258.0,111.56
SHYAMMETL,SHYAMMETLEQN,1067.3,1067.0,1067.0,-0.3,-0.03,413,440671,1148.0,746.0
VOGL,VOGLEQN,31.11,31.1,31.1,-0.01,-0.03,66907,2080807,47.6,29.56
DEEPAKFERT,DEEPAKFERTEQN,1415.4,1415.0,1415.0,-0.4,-0.03,1395,1973925,1681.0,866.4
AXISCADES,AXISCADESEQN,2245.6,2245.0,2245.0,-0.6,-0.03,334,749830,2360.0,1063.3
KPL,KPLEQN,3681.2,3680.0,3680.0,-1.2,-0.03,27,99360,3949.0,1561.0
ONESOURCE,ONESOURCEEQN,1528.6,1528.0,1528.0,-0.6,-0.04,143,218504,1925.0,1057.0
KIRLOSENG,KIRLOSENGEQN,2230.8,2230.0,2230.0,-0.8,-0.04,109,243070,2720.0,865.55
ZUARI,ZUARIEQN,216.19,216.1,216.1,-0.09,-0.04,407,87952,345.6,175.1
VIMTALABS,VIMTALABSEQN,567.2,567.0,567.0,-0.2,-0.04,61,34587,774.7,376.05
EXIDEIND,EXIDEINDEQN,402.95,402.8,402.8,-0.15,-0.04,8778,3535778,496.4,287.0
INDHOTEL,INDHOTELEQN,731.3,731.0,731.0,-0.3,-0.04,1946,1422526,757.4,565.0
HGINFRA,HGINFRAEQN,416.15,416.0,416.0,-0.15,-0.04,279,116064,943.0,398.55
NIRAJISPAT,NIRAJISPATBEN,284.1,284.0,284.0,-0.1,-0.04,34,9656,429.65,155.0
GOLDENTOBC,GOLDENTOBCBZN,22.85,22.84,22.84,-0.01,-0.04,1,22,36.3,20.34
THOMASCOOK,THOMASCOOKEQN,100.54,100.5,100.5,-0.04,-0.04,635,63817,169.0,86.35
TEMBO,TEMBOEQN,56.42,56.4,56.4,-0.02,-0.04,326,18386,837.0,54.25
FRACTAL,FRACTALEQN,721.3,721.0,721.0,-0.3,-0.04,252,181692,1118.0,698.0
SBISILVER,SBISILVEREQN,214.32,214.23,214.23,-0.09,-0.04,964,206517,362.0,136.05
MILKYMIST,MILKYMISTBEN,335.15,335.0,335.0,-0.15,-0.04,20564,6888940,342.4,165.0
SBIFUNDS,SBIFUNDSEQN,501.2,501.0,501.0,-0.2,-0.04,2320,1162320,624.95,494.0
TRAVELFOOD,TRAVELFOODEQN,1189.6,1189.0,1189.0,-0.6,-0.05,29,34481,1470.9,1035.3
RPOWER,RPOWEREQN,20.32,20.31,20.31,-0.01,-0.05,83440,1694666,50.73,19.09
NIITLTD,NIITLTDEQN,84.99,84.95,84.95,-0.04,-0.05,31,2633,111.1,49.0
VARDHACRLC,VARDHACRLCEQN,43.72,43.7,43.7,-0.02,-0.05,2,87,48.55,27.01
LGBBROSLTD,LGBBROSLTDEQN,1715.8,1714.9,1714.9,-0.9,-0.05,16,27438,2048.0,1314.9
PERSISTENT,PERSISTENTEQN,5507.0,5504.5,5504.5,-2.5,-0.05,842,4634789,6599.0,4244.5
PURVA,PURVAEQN,209.68,209.58,209.58,-0.1,-0.05,301,63083,287.3,160.69
GPTINFRA,GPTINFRAEQN,130.06,130.0,130.0,-0.06,-0.05,1488,193440,150.0,96.22
STYLAMIND,STYLAMINDEQN,3351.6,3350.0,3350.0,-1.6,-0.05,15,50250,4150.0,1784.6
JETFREIGHT,JETFREIGHTEQN,19.72,19.71,19.71,-0.01,-0.05,27,532,25.95,12.0
TRIVENI,TRIVENIEQN,245.13,245.0,245.0,-0.13,-0.05,1076,263620,490.1,220.05
RAMCOCEM,RAMCOCEMEQN,845.0,844.55,844.55,-0.45,-0.05,49,41382,1214.5,811.6
AVANTEL,AVANTELEQN,153.28,153.2,153.2,-0.08,-0.05,1416,216931,215.0,117.05
IFCI,IFCIEQN,64.03,64.0,64.0,-0.03,-0.05,132188,8460032,107.5,46.23
DLINKINDIA,DLINKINDIAEQN,419.2,419.0,419.0,-0.2,-0.05,2,838,549.2,367.65
GILLETTE,GILLETTEEQN,7223.5,7220.0,7220.0,-3.5,-0.05,119,859180,9664.0,6860.0
TARIL,TARILEQN,289.15,289.0,289.0,-0.15,-0.05,3702,1069878,499.6,224.05
TATSILV,TATSILVEQN,21.21,21.2,21.2,-0.01,-0.05,21160,448592,35.1,13.5
SKFINDIA,SKFINDIAEQN,1428.9,1428.0,1428.0,-0.9,-0.06,2,2856,5074.0,1399.0
ASTRAMICRO,ASTRAMICROEQN,1701.1,1700.0,1700.0,-1.1,-0.06,514,873800,1960.0,851.0
IDFCFIRSTB,IDFCFIRSTBEQN,79.54,79.49,79.49,-0.05,-0.06,69273,5506510,89.61,58.08
FISCHER,FISCHEREQN,32.63,32.61,32.61,-0.02,-0.06,1025,33425,121.7,31.05
CGPOWER,CGPOWEREQN,894.5,894.0,894.0,-0.5,-0.06,6894,6163236,980.9,525.5
QLINE,QLINESMN,684.35,683.95,683.95,-0.4,-0.06,400,273580,735.0,431.0
RPTECH,RPTECHEQN,939.7,939.0,939.0,-0.7,-0.07,128,120192,1004.7,313.05
MINDACORP,MINDACORPEQN,639.45,639.0,639.0,-0.45,-0.07,412,263268,769.0,468.5
MAPMYINDIA,MAPMYINDIAEQN,896.0,895.4,895.4,-0.6,-0.07,29,25966,1998.0,795.0
NMDC,NMDCEQN,72.8,72.75,72.75,-0.05,-0.07,27742,2018230,97.49,70.1
REDINGTON,REDINGTONEQN,406.5,406.2,406.2,-0.3,-0.07,2718,1104051,419.5,191.31
GOCLCORP,GOCLCORPEQN,367.85,367.6,367.6,-0.25,-0.07,20,7352,461.4,223.35
VGUARD,VGUARDEQN,302.15,301.95,301.95,-0.2,-0.07,838,253034,384.0,288.8
TORNTPHARM,TORNTPHARMEQN,4716.2,4713.0,4713.0,-3.2,-0.07,604,2846652,5250.0,3480.6
ARMANFIN,ARMANFINEQN,1741.2,1740.0,1740.0,-1.2,-0.07,40,69600,2158.6,1301.0
CENTRALBK,CENTRALBKEQN,30.44,30.42,30.42,-0.02,-0.07,5506,167492,40.92,29.32
MCX,MCXEQN,3362.6,3360.0,3360.0,-2.6,-0.08,2369,7959840,3481.4,1626.0
JAGRAN,JAGRANEQN,62.05,62.0,62.0,-0.05,-0.08,89,5518,78.9,59.5
IDEA,IDEAEQN,13.18,13.17,13.17,-0.01,-0.08,1640941,21611192,15.79,8.13
GODREJPROP,GODREJPROPEQN,1580.2,1579.0,1579.0,-1.2,-0.08,888,1402152,2352.0,1434.0
BEL,BELEQN,378.3,378.0,378.0,-0.3,-0.08,22094,8351532,473.45,366.2
NACLIND,NACLINDEQN,132.6,132.5,132.5,-0.1,-0.08,573,75922,245.0,112.62
FDC,FDCEQN,328.55,328.3,328.3,-0.25,-0.08,250,82075,473.6,312.95
ARDEE,ARDEEEQN,50.79,50.75,50.75,-0.04,-0.08,4359,221219,73.19,46.5
CMRGREEN,CMRGREENEQN,224.99,224.8,224.8,-0.19,-0.08,71,15960,268.96,205.25
NAVA,NAVAEQN,570.45,570.0,570.0,-0.45,-0.08,111,63270,739.4,501.65
TECHNVISN,TECHNVISNEQN,4213.5,4210.1,4210.1,-3.4,-0.08,5,21050,6198.0,3222.8
RACLGEAR,RACLGEAREQN,1589.5,1588.0,1588.0,-1.5,-0.09,45,71460,1927.7,921.8
SHAKTIPUMP,SHAKTIPUMPEQN,447.4,447.0,447.0,-0.4,-0.09,1159,518073,829.95,423.0
LT,LTEQN,3701.5,3698.0,3698.0,-3.5,-0.09,3728,13786144,4440.0,3288.1
ENTERO,ENTEROEQN,1713.3,1711.7,1711.7,-1.6,-0.09,135,231079,1920.0,944.0
MOTILALOFS,MOTILALOFSEQN,1067.9,1066.9,1066.9,-1.0,-0.09,1638,1747582,1097.1,614.9
BEPL,BEPLEQN,127.61,127.5,127.5,-0.11,-0.09,1870,238425,138.5,74.2
HINDALCO,HINDALCOEQN,910.85,910.0,910.0,-0.85,-0.09,12628,11491480,1176.0,754.45
JUBLINGREA,JUBLINGREAEQN,642.55,641.95,641.95,-0.6,-0.09,481,308777,795.0,537.3
SCI,SCIEQN,285.35,285.1,285.1,-0.25,-0.09,3008,857580,368.75,195.55
VIKRAN,VIKRANEQN,57.85,57.8,57.8,-0.05,-0.09,1842,106467,118.4,51.1
PIGL,PIGLEQN,97.09,97.0,97.0,-0.09,-0.09,10,970,184.8,88.05
RMDRIP,RMDRIPBEN,22.68,22.66,22.66,-0.02,-0.09,552,12508,72.22,14.81
VEEGALAND,VEEGALANDEQN,143.63,143.5,143.5,-0.13,-0.09,3043,436670,154.0,134.21
SILVERCASE,SILVERCASEEQN,22.14,22.12,22.12,-0.02,-0.09,4357,96376,38.01,14.02
UGARSUGAR,UGARSUGARBEN,58.45,58.4,58.4,-0.05,-0.09,1232,71948,66.77,33.75
SUPREME,SUPREMEEQN,29.98,29.95,29.95,-0.03,-0.1,25,748,97.84,29.06
SOLARA,SOLARAEQN,683.7,683.0,683.0,-0.7,-0.1,99,67617,774.0,422.0
SANDUMA,SANDUMAEQN,181.19,181.0,181.0,-0.19,-0.1,252,45612,273.0,170.51
NSLNISP,NSLNISPEQN,40.55,40.51,40.51,-0.04,-0.1,5286,214135,53.75,33.01
GLENMARK,GLENMARKEQN,2282.3,2280.0,2280.0,-2.3,-0.1,529,1206120,2537.6,1792.6
DBL,DBLEQN,409.25,408.85,408.85,-0.4,-0.1,1804,737565,538.2,381.55
IONEXCHANG,IONEXCHANGEQN,402.4,402.0,402.0,-0.4,-0.1,1084,435768,486.0,312.7
SILVERIETF,SILVERIETFEQN,218.21,217.99,217.99,-0.22,-0.1,16483,3593129,373.5,138.51
ITCHOTELS,ITCHOTELSEQN,159.17,159.0,159.0,-0.17,-0.11,5923,941757,226.63,137.3
AMRUTANJAN,AMRUTANJANEQN,521.55,521.0,521.0,-0.55,-0.11,270,140670,760.15,476.5
ADANIENT,ADANIENTEQN,2743.0,2740.0,2740.0,-3.0,-0.11,6660,18248400,3245.0,1753.0
KSCL,KSCLEQN,710.75,710.0,710.0,-0.75,-0.11,804,570840,1095.9,670.8
NUCLEUS,NUCLEUSEQN,628.85,628.15,628.15,-0.7,-0.11,24,15075,1064.8,609.3
HARDWYN,HARDWYNEQN,9.17,9.16,9.16,-0.01,-0.11,1768,16194,20.2,7.61
HPL,HPLEQN,266.3,266.0,266.0,-0.3,-0.11,192,51072,479.9,255.0
ICICIAMC,ICICIAMCEQN,3058.5,3055.0,3055.0,-3.5,-0.11,99,302445,3611.0,2530.0
QUESS,QUESSEQN,328.4,328.0,328.0,-0.4,-0.12,611,200408,388.75,166.3
SBILIFE,SBILIFEEQN,1726.1,1724.0,1724.0,-2.1,-0.12,737,1270588,2132.0,1652.9
FIRSTCRY,FIRSTCRYEQN,172.2,172.0,172.0,-0.2,-0.12,6476,1113872,389.65,163.37
TEGA,TEGAEQN,2123.6,2121.0,2121.0,-2.6,-0.12,1081,2292801,2198.0,1473.0
ACC,ACCEQN,1165.5,1164.1,1164.1,-1.4,-0.12,181,210702,1987.0,1125.1
NYKAA,NYKAAEQN,341.25,340.85,340.85,-0.4,-0.12,12837,4375491,349.55,232.0
PATELENG,PATELENGEQN,25.74,25.71,25.71,-0.03,-0.12,4766,122533,37.26,22.0
TVSMOTOR,TVSMOTOREQN,3926.0,3921.4,3921.4,-4.6,-0.12,1141,4474317,4484.5,3228.0
GREENPOWER,GREENPOWEREQN,8.65,8.64,8.64,-0.01,-0.12,5534,47813,14.93,7.98
BDL,BDLEQN,1085.0,1083.7,1083.7,-1.3,-0.12,3068,3324791,1633.4,1047.7
OAL,OALEQN,515.6,515.0,515.0,-0.6,-0.12,82,42230,570.0,228.0
AONESILVER,AONESILVEREQN,8.36,8.35,8.35,-0.01,-0.12,6,50,12.0,7.43
DECNGOLD,DECNGOLDEQN,198.24,198.0,198.0,-0.24,-0.12,1973,390654,250.8,114.8
ZAGGLE,ZAGGLEEQN,172.22,172.0,172.0,-0.22,-0.13,1278,219816,405.4,154.36
IEX,IEXEQN,105.85,105.71,105.71,-0.14,-0.13,26249,2774781,160.27,103.5
JKPAPER,JKPAPEREQN,384.5,384.0,384.0,-0.5,-0.13,418,160512,442.0,304.85
PRAJIND,PRAJINDEQN,300.4,300.0,300.0,-0.4,-0.13,1512,453600,427.65,273.0
PRUDENT,PRUDENTEQN,3223.3,3219.0,3219.0,-4.3,-0.13,10,32190,4105.5,2121.0
PANACEABIO,PANACEABIOEQN,357.6,357.1,357.1,-0.5,-0.14,140,49994,647.0,292.4
YESBANK,YESBANKEQN,20.79,20.76,20.76,-0.03,-0.14,211299,4386567,25.78,17.2
NELCO,NELCOEQN,915.8,914.5,914.5,-1.3,-0.14,254,232283,1120.0,500.1
VRLLOG,VRLLOGEQN,285.1,284.7,284.7,-0.4,-0.14,900,256230,310.2,225.0
AEQUS,AEQUSEQN,288.15,287.75,287.75,-0.4,-0.14,5037,1449396,294.7,113.3
MARUTI,MARUTIEQN,11450.0,11433.0,11433.0,-17.0,-0.15,582,6654006,17370.0,11225.0
PREMEXPLN,PREMEXPLNEQN,687.05,686.0,686.0,-1.05,-0.15,300,205800,829.8,378.4
RAMAPHO,RAMAPHOEQN,115.17,115.0,115.0,-0.17,-0.15,114,13110,217.19,103.5
RKFORGE,RKFORGEEQN,716.4,715.3,715.3,-1.1,-0.15,286,204575,772.8,460.15
DELTACORP,DELTACORPEQN,82.37,82.25,82.25,-0.12,-0.15,19924,1638749,88.6,48.3
POWERICA,POWERICAEQN,600.95,600.05,600.05,-0.9,-0.15,7,4200,676.95,365.1
MGL,MGLEQN,1041.6,1040.0,1040.0,-1.6,-0.15,122,126880,1335.4,900.0
SIGMAADV,SIGMAADVBEN,1091.6,1090.0,1090.0,-1.6,-0.15,863,940670,1165.0,140.1
VMART,VMARTEQN,806.2,805.0,805.0,-1.2,-0.15,36,28980,888.0,457.9
ENGINERSIN,ENGINERSINEQN,308.3,307.8,307.8,-0.5,-0.16,4682,1441119,321.4,163.55
AFCONS,AFCONSEQN,244.38,244.0,244.0,-0.38,-0.16,337,82228,479.4,225.35
DELHIVERY,DELHIVERYEQN,398.15,397.5,397.5,-0.65,-0.16,4715,1874212,524.0,374.45
KNRCON,KNRCONEQN,115.72,115.53,115.53,-0.19,-0.16,684,79022,197.0,108.65
NAZARA,NAZARAEQN,378.45,377.85,377.85,-0.6,-0.16,923,348755,401.9,215.7
CCL,CCLEQN,1052.3,1050.6,1050.6,-1.7,-0.16,56,58833,1242.2,815.5
BCLIND,BCLINDEQN,31.55,31.5,31.5,-0.05,-0.16,2209,69583,41.34,25.53
JENBURPH,JENBURPHEQN,891.4,890.0,890.0,-1.4,-0.16,30,26700,1073.9,864.0
HOMEFIRST,HOMEFIRSTEQN,1087.9,1086.2,1086.2,-1.7,-0.16,250,271550,1317.7,893.7
DCXINDIA,DCXINDIAEQN,157.88,157.61,157.61,-0.27,-0.17,726,114424,248.38,152.0
SIRCA,SIRCAEQN,413.7,413.0,413.0,-0.7,-0.17,754,311402,539.0,385.0
PYRAMID,PYRAMIDEQN,151.27,151.02,151.02,-0.25,-0.17,264,39869,198.69,131.8
MUTHOOTFIN,MUTHOOTFINEQN,2654.4,2650.0,2650.0,-4.4,-0.17,602,1595300,4149.5,2559.6
MOIL,MOILEQN,236.4,236.0,236.0,-0.4,-0.17,1148,270928,393.7,228.7
JYOTICNC,JYOTICNCEQN,1071.0,1069.2,1069.2,-1.8,-0.17,399,426610,1134.6,580.1
HDFCLIFE,HDFCLIFEEQN,546.05,545.1,545.1,-0.95,-0.17,5740,3128874,788.5,508.7
RIIL,RIILEQN,705.05,703.85,703.85,-1.2,-0.17,1163,818577,964.0,617.35
AUROPHARMA,AUROPHARMAEQN,1682.0,1679.1,1679.1,-2.9,-0.17,318,533953,1740.0,1066.8
ALEMBICLTD,ALEMBICLTDEQN,103.57,103.39,103.39,-0.18,-0.17,1085,112178,117.72,70.46
IRB,IRBEQN,17.44,17.41,17.41,-0.03,-0.17,42587,741439,23.95,16.75
AVL,AVLEQN,621.1,620.0,620.0,-1.1,-0.18,74,45880,705.0,436.55
ALKYLAMINE,ALKYLAMINEEQN,1918.9,1915.4,1915.4,-3.5,-0.18,195,373503,2115.0,1212.0
RKSWAMY,RKSWAMYEQN,88.16,88.0,88.0,-0.16,-0.18,11,968,147.49,67.15
JISLJALEQS,JISLJALEQSEQN,27.95,27.9,27.9,-0.05,-0.18,23640,659556,55.79,26.11
AIAENG,AIAENGEQN,3858.0,3851.0,3851.0,-7.0,-0.18,90,346590,5180.0,3150.6
HUDCO,HUDCOEQN,161.79,161.5,161.5,-0.29,-0.18,4741,765671,246.85,155.8
NAVINFLUOR,NAVINFLUOREQN,8490.0,8475.0,8475.0,-15.0,-0.18,202,1711950,8949.5,4520.9
JNKINDIA,JNKINDIAEQN,444.75,443.9,443.9,-0.85,-0.19,34,15092,558.0,200.92
ALLDIGI,ALLDIGIEQN,783.8,782.3,782.3,-1.5,-0.19,25,19557,1000.0,700.0
SPAL,SPALEQN,960.3,958.5,958.5,-1.8,-0.19,50,47925,1221.9,600.0
HINDPETRO,HINDPETROEQN,343.15,342.5,342.5,-0.65,-0.19,23447,8030597,508.45,316.2
PRICOLLTD,PRICOLLTDEQN,661.25,660.0,660.0,-1.25,-0.19,1656,1092960,823.0,507.65
NETWORK18,NETWORK18EQN,25.7,25.65,25.65,-0.05,-0.19,7295,187116,53.24,24.25
WELCORP,WELCORPEQN,2704.6,2699.4,2699.4,-5.2,-0.19,1064,2872161,2900.0,710.0
AAVAS,AAVASEQN,1231.7,1229.4,1229.4,-2.3,-0.19,73,89746,1771.9,1060.4
DOMS,DOMSEQN,2058.9,2055.0,2055.0,-3.9,-0.19,12,24660,2755.0,2020.0
APOLLO,APOLLOEQN,414.75,413.95,413.95,-0.8,-0.19,19659,8137843,466.5,179.5
PATANJALI,PATANJALIEQN,360.95,360.25,360.25,-0.7,-0.19,4483,1615000,614.05,328.2
TMCV,TMCVEQN,427.9,427.1,427.1,-0.8,-0.19,12813,5472432,509.0,306.3
GROWW,GROWWEQN,197.75,197.37,197.37,-0.38,-0.19,44537,8790267,227.2,112.0
CROMPTON,CROMPTONEQN,210.7,210.3,210.3,-0.4,-0.19,1709,359402,310.5,201.1
DIAMONDYD,DIAMONDYDEQN,1079.2,1077.0,1077.0,-2.2,-0.2,5,5385,1245.0,858.9
DABUR,DABUREQN,383.55,382.8,382.8,-0.75,-0.2,2058,787802,534.0,368.05
SOLARINDS,SOLARINDSEQN,20050.0,20010.0,20010.0,-40.0,-0.2,125,2501250,22700.0,11646.0
MRPL,MRPLEQN,182.86,182.5,182.5,-0.36,-0.2,21172,3863890,212.31,136.02
TATAINVEST,TATAINVESTEQN,615.3,614.05,614.05,-1.25,-0.2,671,412027,1082.0,538.85
POONAWALLA,POONAWALLAEQN,448.9,448.0,448.0,-0.9,-0.2,1803,807744,545.0,361.2
NUVOCO,NUVOCOEQN,324.75,324.1,324.1,-0.65,-0.2,11,3565,439.85,276.25
SHIPROCKET,SHIPROCKETEQN,133.11,132.85,132.85,-0.26,-0.2,7799,1036097,156.9,116.64
SAATVIKGL,SAATVIKGLEQN,405.3,404.5,404.5,-0.8,-0.2,69,27910,567.0,328.0
TCC,TCCEQN,46.1,46.01,46.01,-0.09,-0.2,1781,81943,105.28,39.37
EIEL,EIELEQN,187.41,187.01,187.01,-0.4,-0.21,1615,302021,257.66,134.71
KEI,KEIEQN,4677.7,4668.0,4668.0,-9.7,-0.21,509,2376012,5899.0,3728.7
ELLEN,ELLENEQN,365.75,365.0,365.0,-0.75,-0.21,1213,442745,473.55,175.0
MBEL,MBELEQN,290.6,290.0,290.0,-0.6,-0.21,5318,1542220,535.9,223.05
HDFCSILVER,HDFCSILVEREQN,208.83,208.39,208.39,-0.44,-0.21,1276,265905,359.0,132.72
LLOYDSENT,LLOYDSENTEQN,78.98,78.81,78.81,-0.17,-0.22,635,50044,84.7,40.69
COASTCORP,COASTCORPEQN,36.98,36.9,36.9,-0.08,-0.22,700,25830,66.7,34.0
YATRA,YATRAEQN,101.59,101.37,101.37,-0.22,-0.22,141,14293,202.0,89.9
PRAKASH,PRAKASHEQN,118.31,118.05,118.05,-0.26,-0.22,250,29512,172.9,110.24
TATACONSUM,TATACONSUMEQN,968.5,966.4,966.4,-2.1,-0.22,2528,2443059,1282.7,945.0
SRF,SRFEQN,2460.0,2454.5,2454.5,-5.5,-0.22,174,427083,3210.0,2355.0
SILVERBEES,SILVERBEESEQN,209.02,208.55,208.55,-0.47,-0.22,21967,4581217,360.0,132.99
ICIL,ICILEQN,471.1,470.0,470.0,-1.1,-0.23,598,281060,485.95,216.9
MALLCOM,MALLCOMEQN,902.1,900.0,900.0,-2.1,-0.23,20,18000,1520.0,892.0
ARVIND,ARVINDEQN,529.3,528.1,528.1,-1.2,-0.23,618,326365,607.15,277.9
NAVNETEDUL,NAVNETEDULEQN,123.95,123.66,123.66,-0.29,-0.23,2,247,166.0,120.35
JYOTHYLAB,JYOTHYLABEQN,191.44,191.0,191.0,-0.44,-0.23,1825,348575,325.0,180.0
BECTORFOOD,BECTORFOODEQN,211.07,210.58,210.58,-0.49,-0.23,758,159619,279.9,165.0
COSMOFIRST,COSMOFIRSTEQN,831.95,830.0,830.0,-1.95,-0.23,3,2490,996.0,560.8
NTPC,NTPCEQN,316.75,316.0,316.0,-0.75,-0.24,15153,4788348,414.4,308.45
ITI,ITIEQN,245.84,245.25,245.25,-0.59,-0.24,223,54690,372.85,236.15
PIDILITIND,PIDILITINDEQN,1488.5,1485.0,1485.0,-3.5,-0.24,730,1084050,1707.5,1259.0
USHAMART,USHAMARTEQN,520.25,519.0,519.0,-1.25,-0.24,634,329046,542.6,380.0
DALBHARAT,DALBHARATEQN,1640.1,1636.1,1636.1,-4.0,-0.24,75,122707,2319.9,1585.1
PARADEEP,PARADEEPEQN,155.38,155.0,155.0,-0.38,-0.24,3558,551490,201.59,99.7
FUSION,FUSIONEQN,168.52,168.11,168.11,-0.41,-0.24,647,108767,243.0,136.5
IIFLCAPS,IIFLCAPSEQN,346.85,346.0,346.0,-0.85,-0.25,142,49132,411.3,240.4
YATHARTH,YATHARTHEQN,1032.7,1030.1,1030.1,-2.6,-0.25,300,309030,1184.0,538.25
GODREJAGRO,GODREJAGROEQN,639.6,638.0,638.0,-1.6,-0.25,81,51678,698.4,506.1
VTL,VTLEQN,536.4,535.05,535.05,-1.35,-0.25,187,100054,688.0,385.5
SUNTV,SUNTVEQN,636.5,634.9,634.9,-1.6,-0.25,4978,3160532,663.9,447.2
HEROMOTOCO,HEROMOTOCOEQN,5004.0,4991.5,4991.5,-12.5,-0.25,983,4906644,6388.5,4671.5
INDIACEM,INDIACEMEQN,303.05,302.3,302.3,-0.75,-0.25,750,226725,485.8,289.2
VENUSREM,VENUSREMBEN,1769.4,1765.0,1765.0,-4.4,-0.25,45,79425,2044.3,432.1
DHATRE,DHATREEQN,3.94,3.93,3.93,-0.01,-0.25,1,3,5.17,3.56
ZFSTEERING,ZFSTEERINGEQN,691.7,690.0,690.0,-1.7,-0.25,2,1380,894.98,620.65
HYUNDAI,HYUNDAIEQN,1945.0,1940.0,1940.0,-5.0,-0.26,749,1453060,2549.5,1658.0
MANAPPURAM,MANAPPURAMEQN,308.9,308.1,308.1,-0.8,-0.26,2303,709554,381.55,245.15
ROLEXRINGS,ROLEXRINGSEQN,183.67,183.2,183.2,-0.47,-0.26,2120,388384,199.0,99.79
SUNDARMFIN,SUNDARMFINEQN,4301.2,4290.0,4290.0,-11.2,-0.26,3,12870,5642.0,4000.0
DEVYANI,DEVYANIEQN,128.98,128.65,128.65,-0.33,-0.26,1038,133538,169.75,91.55
URBANCO,URBANCOEQN,168.23,167.8,167.8,-0.43,-0.26,11062,1856203,183.97,100.7
PFS,PFSEQN,27.12,27.05,27.05,-0.07,-0.26,15,405,40.5,23.85
PGHL,PGHLEQN,5234.0,5220.0,5220.0,-14.0,-0.27,11,57420,6975.0,4707.0
SANSERA,SANSERAEQN,4261.7,4250.0,4250.0,-11.7,-0.27,238,1011500,4743.5,1382.7
CHEMPLASTS,CHEMPLASTSEQN,228.22,227.6,227.6,-0.62,-0.27,5637,1282981,412.65,161.0
BIRLACABLE,BIRLACABLEEQN,385.05,384.0,384.0,-1.05,-0.27,1008,387072,418.8,104.0
AFIL,AFILEQN,7.54,7.52,7.52,-0.02,-0.27,541,4068,11.1,3.92
TATACOMM,TATACOMMEQN,1659.6,1655.2,1655.2,-4.4,-0.27,43,71173,2110.0,1322.5
BUILDPRO,BUILDPROEQN,1302.0,259.7,259.7,-0.7,-0.27,1178,305926,276.0,127.2
SILVER,SILVEREQN,218.35,217.76,217.76,-0.59,-0.27,461,100387,371.89,136.33
SWARAJ,SWARAJBEN,362.0,361.0,361.0,-1.0,-0.28,1,361,395.0,160.1
PTC,PTCEQN,151.72,151.3,151.3,-0.42,-0.28,7723,1168489,229.51,148.0
BHARATFORG,BHARATFORGEQN,1841.8,1836.7,1836.7,-5.1,-0.28,647,1188344,2295.0,1179.4
BHARATCOAL,BHARATCOALEQN,32.09,32.0,32.0,-0.09,-0.28,13614,435648,45.09,29.74
KDDL,KDDLEQN,3997.2,3985.6,3985.6,-11.6,-0.29,12,47827,4270.0,1990.0
HINDUNILVR,HINDUNILVREQN,1865.4,1860.0,1860.0,-5.4,-0.29,2299,4276140,2667.2,1826.9
RAINBOW,RAINBOWEQN,1270.7,1267.0,1267.0,-3.7,-0.29,107,135569,1610.0,1084.0
JSWENERGY,JSWENERGYEQN,485.45,484.05,484.05,-1.4,-0.29,1083,524226,617.35,427.75
BAJAJHLDNG,BAJAJHLDNGEQN,10662.0,10630.0,10630.0,-32.0,-0.3,104,1105520,13250.0,8588.0
ECLERX,ECLERXEQN,1896.0,1890.4,1890.4,-5.6,-0.3,211,398874,2497.5,1320.0
BALRAMCHIN,BALRAMCHINEQN,706.6,704.45,704.45,-2.15,-0.3,2266,1596283,780.95,393.55
CIPLA,CIPLAEQN,1327.2,1323.2,1323.2,-4.0,-0.3,1237,1636798,1673.0,1165.7
JIOFIN,JIOFINEQN,216.44,215.8,215.8,-0.64,-0.3,64372,13891477,316.85,208.5
INDIGO,INDIGOEQN,4990.0,4975.0,4975.0,-15.0,-0.3,1433,7129175,5970.0,3895.2
CHEMBOND,CHEMBONDEQN,188.56,188.0,188.0,-0.56,-0.3,51,9588,236.8,105.15
GANESHHOU,GANESHHOUEQN,701.1,699.0,699.0,-2.1,-0.3,33,23067,899.7,500.0
HORIZONIND,HORIZONINDEQN,50.15,50.0,50.0,-0.15,-0.3,4088,204400,60.25,47.06
BIRLACORPN,BIRLACORPNEQN,814.4,811.85,811.85,-2.55,-0.31,204,165617,1244.3,769.6
CARERATING,CARERATINGEQN,1595.9,1591.0,1591.0,-4.9,-0.31,26,41366,1838.0,1392.7
HEIDELBERG,HEIDELBERGEQN,127.49,127.1,127.1,-0.39,-0.31,1020,129642,206.7,125.0
CRISIL,CRISILEQN,4509.1,4495.2,4495.2,-13.9,-0.31,41,184303,5064.9,3686.0
WAKEFIT,WAKEFITEQN,134.42,134.01,134.01,-0.41,-0.31,501,67139,224.0,111.4
KOTARISUG,KOTARISUGBEN,25.94,25.86,25.86,-0.08,-0.31,30,775,39.94,22.5
REPCOHOME,REPCOHOMEEQN,339.8,338.75,338.75,-1.05,-0.31,529,179198,455.9,325.65
SESHAPAPER,SESHAPAPEREQN,231.31,230.6,230.6,-0.71,-0.31,276,63645,293.11,209.96
SULA,SULAEQN,133.41,133.0,133.0,-0.41,-0.31,413,54929,266.65,130.0
SAMMAANCAP,SAMMAANCAPEQN,132.94,132.52,132.52,-0.42,-0.32,16001,2120452,192.95,127.4
POLYMED,POLYMEDEQN,1615.0,1609.8,1609.8,-5.2,-0.32,228,367034,2094.3,1182.0
AIIL,AIILEQN,549.65,547.9,547.9,-1.75,-0.32,132,72322,683.0,400.0
ASIANPAINT,ASIANPAINTEQN,2372.1,2364.4,2364.4,-7.7,-0.32,1258,2974415,2985.7,2115.0
VESUVIUS,VESUVIUSEQN,409.7,408.4,408.4,-1.3,-0.32,445,181738,607.9,383.0
COROMANDEL,COROMANDELEQN,1745.5,1740.0,1740.0,-5.5,-0.32,1070,1861800,2499.0,1662.2
IMFA,IMFAEQN,1186.8,1183.0,1183.0,-3.8,-0.32,147,173901,1679.9,1064.1
RICOAUTO,RICOAUTOEQN,123.45,123.05,123.05,-0.4,-0.32,2116,260373,157.99,78.92
SAMBHV,SAMBHVEQN,158.32,157.82,157.82,-0.5,-0.32,3082,486401,171.7,81.42
SHANKESH,SHANKESHEQN,96.51,96.2,96.2,-0.31,-0.32,5941,571524,115.9,86.58
TMB,TMBEQN,877.35,874.5,874.5,-2.85,-0.32,193,168778,954.2,420.0
AJOONI,AJOONIEQN,3.01,3.0,3.0,-0.01,-0.33,4828,14484,5.5,2.95
STARCEMENT,STARCEMENTEQN,174.88,174.3,174.3,-0.58,-0.33,1899,330995,273.0,167.62
CASTROLIND,CASTROLINDEQN,197.15,196.5,196.5,-0.65,-0.33,7010,1377465,207.2,170.1
NESTLEIND,NESTLEINDEQN,1324.0,1319.6,1319.6,-4.4,-0.33,2135,2817346,1553.0,1158.6
APOLLOTYRE,APOLLOTYREEQN,407.6,406.25,406.25,-1.35,-0.33,1080,438750,540.5,365.3
ORIENTCABL,ORIENTCABLEQN,418.4,417.0,417.0,-1.4,-0.33,18562,7740354,464.85,364.5
JYOTIRES,JYOTIRESEQN,842.95,840.15,840.15,-2.8,-0.33,92,77293,911.0,821.2
ALBERTDAVD,ALBERTDAVDEQN,812.75,810.0,810.0,-2.75,-0.34,1,810,931.85,579.9
DLF,DLFEQN,656.0,653.8,653.8,-2.2,-0.34,2273,1486087,786.5,489.4
EICHERMOT,EICHERMOTEQN,6960.0,6936.0,6936.0,-24.0,-0.34,975,6762600,8230.0,6442.0
ABSLAMC,ABSLAMCEQN,1015.5,1012.05,1012.05,-3.45,-0.34,192,194313,1224.9,708.0
PGEL,PGELEQN,522.0,520.2,520.2,-1.8,-0.34,2186,1137157,644.4,436.55
BOROLTD,BOROLTDEQN,281.15,280.2,280.2,-0.95,-0.34,1482,415256,363.4,213.73
DOLLAR,DOLLAREQN,278.95,278.0,278.0,-0.95,-0.34,126,35028,385.0,220.5
SRM,SRMEQN,421.45,420.0,420.0,-1.45,-0.34,40,16800,649.95,361.35
3IINFOLTD,3IINFOLTDBEN,23.3,23.22,23.22,-0.08,-0.34,200,4644,27.8,12.68
JBMA,JBMAEQN,547.0,545.1,545.1,-1.9,-0.35,145,79039,738.5,477.0
GAIL,GAILEQN,170.71,170.11,170.11,-0.6,-0.35,10435,1775097,186.87,134.36
WINDLAS,WINDLASEQN,1022.0,1018.4,1018.4,-3.6,-0.35,131,133410,1181.9,697.4
NAUKRI,NAUKRIEQN,1225.3,1221.0,1221.0,-4.3,-0.35,1590,1941390,1419.9,908.3
CDSL,CDSLEQN,1275.0,1270.5,1270.5,-4.5,-0.35,2554,3244857,1673.7,1116.3
PETRONET,PETRONETEQN,297.0,295.95,295.95,-1.05,-0.35,5714,1691058,326.4,235.35
OBEROIRLTY,OBEROIRLTYEQN,1736.0,1730.0,1730.0,-6.0,-0.35,147,254310,1986.1,1391.2
AKSHARCHEM,AKSHARCHEMBEN,374.3,373.0,373.0,-1.3,-0.35,96,35808,472.0,141.3
BCPL,BCPLEQN,66.43,66.2,66.2,-0.23,-0.35,2,132,92.0,60.0
ABFRL,ABFRLEQN,44.62,44.46,44.46,-0.16,-0.36,14302,635866,86.67,43.05
CHANDAN,CHANDANSMN,247.9,247.0,247.0,-0.9,-0.36,1600,395200,358.0,185.4
CENTUM,CENTUMEQN,4345.9,4330.3,4330.3,-15.6,-0.36,77,333433,4999.5,2044.2
MSUMI,MSUMIEQN,33.57,33.45,33.45,-0.12,-0.36,26328,880671,53.59,32.7
MEDPLUS,MEDPLUSEQN,647.3,645.0,645.0,-2.3,-0.36,158,101910,1022.2,626.5
IGARASHI,IGARASHIEQN,403.45,402.0,402.0,-1.45,-0.36,102,41004,558.0,271.05
CIEINDIA,CIEINDIAEQN,378.7,377.35,377.35,-1.35,-0.36,127,47923,526.0,366.9
JTEKTINDIA,JTEKTINDIAEQN,114.46,114.05,114.05,-0.41,-0.36,150,17107,171.31,111.0
VOLTAS,VOLTASEQN,1056.8,1053.0,1053.0,-3.8,-0.36,533,561249,1582.5,1024.1
FEDDERSHOL,FEDDERSHOLEQN,63.43,63.2,63.2,-0.23,-0.36,34344,2170540,75.99,32.06
EPACK,EPACKEQN,171.84,171.2,171.2,-0.64,-0.37,1460,249952,358.0,163.1
MUNJALAU,MUNJALAUEQN,105.44,105.05,105.05,-0.39,-0.37,318,33405,130.6,67.2
JUBLPHARMA,JUBLPHARMAEQN,974.6,971.0,971.0,-3.6,-0.37,35,33985,1184.8,786.05
RITES,RITESEQN,200.74,200.0,200.0,-0.74,-0.37,2630,526000,259.7,175.0
LASERPOWER,LASERPOWEREQN,284.55,283.5,283.5,-1.05,-0.37,900,255150,343.5,250.0
SHREECEM,SHREECEMEQN,21780.0,21700.0,21700.0,-80.0,-0.37,64,1388800,30285.0,21355.0
SKYGOLD,SKYGOLDEQN,876.95,873.65,873.65,-3.3,-0.38,5364,4686258,901.8,280.0
ELGIEQUIP,ELGIEQUIPEQN,602.05,599.75,599.75,-2.3,-0.38,172,103157,653.4,408.25
CAMPUS,CAMPUSEQN,208.37,207.58,207.58,-0.79,-0.38,498,103374,287.8,197.0
GRMOVER,GRMOVEREQN,81.19,80.87,80.87,-0.32,-0.39,427,34531,185.45,77.0
OIL,OILEQN,453.75,452.0,452.0,-1.75,-0.39,2991,1351932,531.0,395.6
UNIVCABLES,UNIVCABLESEQN,1633.1,1626.7,1626.7,-6.4,-0.39,58,94348,1774.9,576.0
PROSTARM,PROSTARMEQN,131.36,130.85,130.85,-0.51,-0.39,846,110699,208.65,114.64
GULFPETRO,GULFPETROBEN,61.64,61.4,61.4,-0.24,-0.39,3,184,71.4,23.25
INDOTECH,INDOTECHEQN,3323.3,3310.0,3310.0,-13.3,-0.4,1,3310,4030.0,1100.0
VMM,VMMEQN,100.5,100.1,100.1,-0.4,-0.4,24183,2420718,150.99,96.8
JSWSTEEL,JSWSTEELEQN,1230.0,1225.1,1225.1,-4.9,-0.4,2566,3143606,1351.0,1073.2
KPRMILL,KPRMILLEQN,1101.3,1096.9,1096.9,-4.4,-0.4,38,41682,1334.0,796.1
RELIGARE,RELIGAREEQN,224.92,224.01,224.01,-0.91,-0.4,753,168679,280.0,196.51
MOTHERSON,MOTHERSONEQN,159.2,158.57,158.57,-0.63,-0.4,46519,7376517,173.27,101.01
BORORENEW,BORORENEWEQN,438.1,436.35,436.35,-1.75,-0.4,374,163194,721.0,374.4
WHIRLPOOL,WHIRLPOOLEQN,845.5,842.0,842.0,-3.5,-0.41,591,497622,1437.0,706.0
TORNTPOWER,TORNTPOWEREQN,1236.5,1231.4,1231.4,-5.1,-0.41,565,695741,1824.1,1195.0
GRASIM,GRASIMEQN,2921.1,2909.0,2909.0,-12.1,-0.41,470,1367230,3411.1,2502.5
SAKSOFT,SAKSOFTEQN,139.08,138.51,138.51,-0.57,-0.41,1003,138925,222.99,107.59
STEAMHOUSE,STEAMHOUSEEQN,125.17,124.66,124.66,-0.51,-0.41,43724,5450633,126.8,91.6
NFL,NFLEQN,63.76,63.5,63.5,-0.26,-0.41,2403,152590,98.3,61.15
GREAVESCOT,GREAVESCOTEQN,212.0,211.1,211.1,-0.9,-0.42,3025,638577,271.9,119.99
BPCL,BPCLEQN,296.35,295.1,295.1,-1.25,-0.42,12022,3547692,391.65,266.6
GOLD360,GOLD360EQN,142.75,142.15,142.15,-0.6,-0.42,167,23739,178.0,111.15
AMAGI,AMAGIEQN,561.45,559.1,559.1,-2.35,-0.42,91,50878,727.4,310.2
MANINFRA,MANINFRAEQN,122.52,122.0,122.0,-0.52,-0.42,1348,164456,150.0,77.12
EMAMILTD,EMAMILTDEQN,375.45,373.85,373.85,-1.6,-0.43,728,272162,558.55,361.15
SBICARD,SBICARDEQN,557.4,555.0,555.0,-2.4,-0.43,2056,1141080,965.0,547.65
UNOMINDA,UNOMINDAEQN,1104.8,1100.0,1100.0,-4.8,-0.43,1422,1564200,1382.0,994.0
EPL,EPLEQN,237.03,236.0,236.0,-1.03,-0.43,2501,590236,274.03,176.4
HUHTAMAKI,HUHTAMAKIEQN,231.19,230.2,230.2,-0.99,-0.43,121,27854,330.0,148.6
SKIPPER,SKIPPEREQN,541.35,539.0,539.0,-2.35,-0.43,761,410179,616.8,327.05
KPIGREEN,KPIGREENEQN,334.45,333.0,333.0,-1.45,-0.43,1772,590076,542.25,271.9
CAMS,CAMSEQN,694.6,691.6,691.6,-3.0,-0.43,1706,1179869,844.9,611.4
CSBBANK,CSBBANKEQN,306.5,305.15,305.15,-1.35,-0.44,92,28073,574.4,295.0
KIOCL,KIOCLEQN,349.35,347.8,347.8,-1.55,-0.44,200,69560,630.0,290.65
KTKBANK,KTKBANKEQN,326.45,325.0,325.0,-1.45,-0.44,4218,1370850,345.9,170.26
SAFARI,SAFARIEQN,1319.2,1313.4,1313.4,-5.8,-0.44,5,6567,2507.1,1280.0
RVNL,RVNLEQN,195.87,195.0,195.0,-0.87,-0.44,14578,2842710,400.7,186.9
ZOTA,ZOTAEQN,1342.1,1336.0,1336.0,-6.1,-0.45,199,265864,1740.0,1022.0
PARKHOTELS,PARKHOTELSEQN,103.62,103.15,103.15,-0.47,-0.45,343,35380,158.36,95.1
BAJAJ-AUTO,BAJAJ-AUTOEQN,9884.0,9840.0,9840.0,-44.0,-0.45,390,3837600,12470.0,8605.0
CHENNPETRO,CHENNPETROEQN,1612.3,1605.0,1605.0,-7.3,-0.45,19965,32043825,1677.5,716.8
AUTOIND,AUTOINDEQN,83.38,83.0,83.0,-0.38,-0.46,874,72542,104.0,48.35
AWL,AWLEQN,187.11,186.25,186.25,-0.86,-0.46,1665,310106,282.9,171.19
MAZDOCK,MAZDOCKEQN,2064.4,2055.0,2055.0,-9.4,-0.46,1571,3228405,2929.7,1990.0
VIRINCHI,VIRINCHIEQN,12.97,12.91,12.91,-0.06,-0.46,20,258,29.47,12.55
FIVESTAR,FIVESTAREQN,509.35,507.0,507.0,-2.35,-0.46,255,129285,666.0,338.15
SAPPHIRE,SAPPHIREEQN,215.03,214.05,214.05,-0.98,-0.46,572,122436,310.5,139.91
RUSHIL,RUSHILEQN,15.17,15.1,15.1,-0.07,-0.46,296,4469,29.5,12.49
ESABINDIA,ESABINDIAEQN,5627.0,5601.0,5601.0,-26.0,-0.46,1,5601,7319.5,4710.0
HEXT,HEXTEQN,505.5,503.1,503.1,-2.4,-0.47,305,153445,807.75,400.2
JAMNAAUTO,JAMNAAUTOEQN,151.77,151.05,151.05,-0.72,-0.47,20393,3080362,154.0,89.74
PENIND,PENINDEQN,180.85,180.0,180.0,-0.85,-0.47,785,141300,279.9,129.1
JMFINANCIL,JMFINANCILEQN,124.92,124.33,124.33,-0.59,-0.47,1187,147579,182.5,112.0
BIGBLOC,BIGBLOCEQN,36.47,36.3,36.3,-0.17,-0.47,16,580,80.0,34.46
HDFCAMC,HDFCAMCEQN,2314.8,2304.0,2304.0,-10.8,-0.47,486,1119744,2967.25,2205.6
APLAPOLLO,APLAPOLLOEQN,2135.0,2125.0,2125.0,-10.0,-0.47,636,1351500,2301.4,1690.0
GLOBE,GLOBEEQN,2.11,2.1,2.1,-0.01,-0.47,2689,5646,3.29,1.75
JWL,JWLEQN,223.56,222.5,222.5,-1.06,-0.47,1679,373577,358.25,216.0
ENDURANCE,ENDURANCEEQN,2513.4,2501.7,2501.7,-11.7,-0.47,41,102569,3072.0,2142.8
DPSCLTD,DPSCLTDBEN,6.44,6.41,6.41,-0.03,-0.47,2303,14762,12.25,6.13
ASTERDM,ASTERDMEQN,680.3,677.1,677.1,-3.2,-0.47,617,417770,891.3,519.1
DREAMFOLKS,DREAMFOLKSEQN,60.13,59.85,59.85,-0.28,-0.47,1931,115570,160.0,56.0
GRAPHITE,GRAPHITEEQN,834.05,830.1,830.1,-3.95,-0.47,592,491419,874.35,516.2
MSPL,MSPLEQN,30.95,30.8,30.8,-0.15,-0.48,1349,41549,46.12,26.25
WCIL,WCILEQN,92.54,92.1,92.1,-0.44,-0.48,646,59496,138.29,77.02
ADANIPOWER,ADANIPOWEREQN,196.94,196.0,196.0,-0.94,-0.48,129898,25460008,254.2,128.1
ROTO,ROTOEQN,62.35,62.05,62.05,-0.3,-0.48,45,2792,80.77,47.5
JAYSREETEA,JAYSREETEAEQN,83.41,83.0,83.0,-0.41,-0.49,120,9960,112.7,70.55
EXXARO,EXXAROEQN,6.13,6.1,6.1,-0.03,-0.49,110,671,10.33,5.99
GIPCL,GIPCLEQN,171.86,171.02,171.02,-0.84,-0.49,3548,606778,211.71,119.9
JUBLCPL,JUBLCPLEQN,1988.0,1978.2,1978.2,-9.8,-0.49,7,13847,2753.1,1460.0
HBESD,HBESDEQN,77.06,76.68,76.68,-0.38,-0.49,1,76,95.9,60.26
JSWHL,JSWHLEQN,11272.0,11217.0,11217.0,-55.0,-0.49,7,78519,22790.0,10530.0
SYMBIOTEC,SYMBIOTECEQN,1135.6,1130.0,1130.0,-5.6,-0.49,1697,1917610,1246.0,934.2
GALLANTT,GALLANTTEQN,514.55,512.0,512.0,-2.55,-0.5,4269,2185728,948.0,496.25
GODAVARIB,GODAVARIBEQN,226.24,225.1,225.1,-1.14,-0.5,21,4727,353.0,217.0
STYL,STYLEQN,369.7,367.85,367.85,-1.85,-0.5,390,143461,434.7,209.11
SHRADDHA,SHRADDHAEQN,163.31,162.5,162.5,-0.81,-0.5,3,487,179.0,142.0
GUJAPOLLO,GUJAPOLLOEQN,341.8,340.05,340.05,-1.75,-0.51,248,84332,493.0,300.5
APOLLOPIPE,APOLLOPIPEEQN,531.45,528.75,528.75,-2.7,-0.51,375,198281,668.8,252.1
DENORA,DENORAEQN,720.65,717.0,717.0,-3.65,-0.51,14,10038,960.35,559.0
HINDOILEXP,HINDOILEXPEQN,171.88,171.01,171.01,-0.87,-0.51,900,153909,201.44,117.5
STEELCAS,STEELCASEQN,373.3,371.4,371.4,-1.9,-0.51,14,5199,390.9,176.02
PAISALO,PAISALOEQN,84.23,83.8,83.8,-0.43,-0.51,18546,1554154,94.88,30.0
INOXGREEN,INOXGREENEQN,135.87,135.17,135.17,-0.7,-0.52,2854,385775,279.0,108.7
BAJAJELEC,BAJAJELECEQN,300.7,299.15,299.15,-1.55,-0.52,356,106497,560.95,289.05
BAJAJHIND,BAJAJHINDEQN,21.05,20.94,20.94,-0.11,-0.52,54369,1138486,26.0,14.85
ASALCBR,ASALCBREQN,590.1,587.05,587.05,-3.05,-0.52,10,5870,1277.0,567.0
MARINE,MARINEEQN,476.4,473.9,473.9,-2.5,-0.52,2840,1345876,490.85,150.86
FACT,FACTEQN,746.95,743.1,743.1,-3.85,-0.52,273,202866,1058.6,652.1
FOSECOIND,FOSECOINDEQN,6373.0,6340.0,6340.0,-33.0,-0.52,4,25360,7389.5,4300.0
GAYAPROJ,GAYAPROJEQN,21.05,20.94,20.94,-0.11,-0.52,280,5863,27.33,10.99
RALLIS,RALLISEQN,200.03,198.96,198.96,-1.07,-0.53,776,154392,310.05,195.05
BHARTIHEXA,BHARTIHEXAEQN,1477.9,1470.0,1470.0,-7.9,-0.53,595,874650,1955.6,1359.2
ACL,ACLEQN,39.41,39.2,39.2,-0.21,-0.53,62,2430,85.57,38.4
DBCORP,DBCORPEQN,171.05,170.14,170.14,-0.91,-0.53,102,17354,280.55,166.1
ARVSMART,ARVSMARTEQN,612.5,609.25,609.25,-3.25,-0.53,192,116976,707.85,486.8
JSWINFRA,JSWINFRAEQN,353.9,352.0,352.0,-1.9,-0.54,7538,2653376,375.5,233.42
DRREDDY,DRREDDYEQN,1203.8,1197.3,1197.3,-6.5,-0.54,2315,2771749,1414.9,1101.0
ICICIBANK,ICICIBANKEQN,1357.5,1350.0,1350.0,-7.5,-0.55,101456,136965600,1480.0,1187.6
PFOCUS,PFOCUSEQN,284.0,282.45,282.45,-1.55,-0.55,1097,309847,367.0,161.01
SANATHAN,SANATHANEQN,522.85,520.0,520.0,-2.85,-0.55,420,218400,544.3,352.6
SPANDANA,SPANDANAEQN,218.19,217.0,217.0,-1.19,-0.55,40,8680,319.4,181.1
AGI,AGIEQN,787.5,783.2,783.2,-4.3,-0.55,201,157423,896.15,465.0
GOLDIAM,GOLDIAMEQN,317.0,315.25,315.25,-1.75,-0.55,957,301694,398.2,198.75
PRABHA,PRABHAEQN,225.82,224.5,224.5,-1.32,-0.58,15,3367,262.8,137.91
TRENT,TRENTEQN,2890.3,2873.6,2873.6,-16.7,-0.58,1754,5040294,3399.7,2183.67
NILKAMAL,NILKAMALEQN,1831.7,1821.1,1821.1,-10.6,-0.58,43,78307,2149.5,1050.5
PARAGMILK,PARAGMILKEQN,311.8,310.0,310.0,-1.8,-0.58,4391,1361210,376.95,177.84
URJA,URJAEQN,8.51,8.46,8.46,-0.05,-0.59,20492,173362,13.75,8.0
KIRLOSIND,KIRLOSINDEQN,3531.2,3510.2,3510.2,-21.0,-0.59,4,14040,4574.8,2463.0
JKCEMENT,JKCEMENTEQN,5047.0,5017.0,5017.0,-30.0,-0.59,37,185629,6764.5,4671.5
FINPIPE,FINPIPEEQN,153.91,153.0,153.0,-0.91,-0.59,2020,309060,200.4,147.54
INDIGOPNTS,INDIGOPNTSEQN,1060.2,1053.8,1053.8,-6.4,-0.6,113,119079,1345.9,708.05
APOLLOHOSP,APOLLOHOSPEQN,7917.0,7869.5,7869.5,-47.5,-0.6,1214,9553573,9070.5,6696.5
ANGELONE,ANGELONEEQN,302.0,300.2,300.2,-1.8,-0.6,14560,4370912,360.45,208.63
VLSFINANCE,VLSFINANCEEQN,229.97,228.6,228.6,-1.37,-0.6,1,228,339.0,198.81
OSWALPUMPS,OSWALPUMPSEQN,264.6,263.0,263.0,-1.6,-0.6,445,117035,790.0,254.55
DEEPINDS,DEEPINDSEQN,795.6,790.8,790.8,-4.8,-0.6,1098,868298,825.0,330.0
AYE,AYEEQN,167.63,166.63,166.63,-1.0,-0.6,316,52655,197.29,88.22
IFBAGRO,IFBAGROEQN,875.35,870.0,870.0,-5.35,-0.61,632,549840,1790.0,679.15
MCLOUD,MCLOUDEQN,24.76,24.61,24.61,-0.15,-0.61,767,18875,78.19,19.4
PRSMJOHNSN,PRSMJOHNSNEQN,100.71,100.1,100.1,-0.61,-0.61,874,87487,165.9,96.3
INDIASHLTR,INDIASHLTREQN,633.85,630.0,630.0,-3.85,-0.61,860,541800,924.0,620.15
RPSGVENT,RPSGVENTEQN,870.15,864.85,864.85,-5.3,-0.61,382,330372,1179.0,551.9
LCCPROJECT,LCCPROJECTEQN,143.97,143.09,143.09,-0.88,-0.61,2740,392066,189.0,138.8
ORIENTALTL,ORIENTALTLEQN,4.83,4.8,4.8,-0.03,-0.62,100,480,10.84,4.4
HATHWAY,HATHWAYEQN,9.64,9.58,9.58,-0.06,-0.62,20264,194129,14.34,8.76
BRIGHOTEL,BRIGHOTELEQN,56.87,56.52,56.52,-0.35,-0.62,8,452,87.79,54.36
EUROPRATIK,EUROPRATIKEQN,179.12,178.01,178.01,-1.11,-0.62,1167,207737,390.0,170.35
KISSHT,KISSHTEQN,377.35,375.0,375.0,-2.35,-0.62,992,372000,388.15,190.0
NORTHARC,NORTHARCEQN,293.75,291.9,291.9,-1.85,-0.63,867,253077,334.0,206.0
ROSSTECH,ROSSTECHEQN,1622.4,1612.1,1612.1,-10.3,-0.63,370,596477,1699.0,551.9
BFUTILITIE,BFUTILITIEEQN,496.2,493.05,493.05,-3.15,-0.63,6,2958,834.0,368.7
PWL,PWLEQN,139.57,138.69,138.69,-0.88,-0.63,49984,6932280,161.99,77.72
AJAXENGG,AJAXENGGEQN,582.75,579.0,579.0,-3.75,-0.64,214,123906,678.0,394.8
ITC,ITCEQN,265.7,264.0,264.0,-1.7,-0.64,241296,63702144,426.4,253.15
PDMJEPAPER,PDMJEPAPEREQN,96.36,95.74,95.74,-0.62,-0.64,25,2393,125.98,65.0
UNIONBANK,UNIONBANKEQN,173.15,172.05,172.05,-1.1,-0.64,12102,2082149,205.49,135.72
MTARTECH,MTARTECHBEN,7864.5,7814.5,7814.5,-50.0,-0.64,102,797079,8714.0,1866.2
KRMAYURVED,KRMAYURVEDSMN,275.0,273.25,273.25,-1.75,-0.64,1000,273250,343.95,156.15
PVRINOX,PVRINOXEQN,1343.8,1335.1,1335.1,-8.7,-0.65,2576,3439217,1374.8,907.4
RSWM,RSWMEQN,203.83,202.5,202.5,-1.33,-0.65,100,20250,238.0,120.0
KUANTUM,KUANTUMEQN,76.72,76.22,76.22,-0.5,-0.65,65,4954,111.3,65.01
MANAKALUCO,MANAKALUCOEQN,32.21,32.0,32.0,-0.21,-0.65,14,448,68.12,21.73
ORIENTHOT,ORIENTHOTEQN,143.06,142.11,142.11,-0.95,-0.66,132,18758,148.8,80.0
POLYCAB,POLYCABEQN,8310.0,8255.0,8255.0,-55.0,-0.66,3356,27703780,10126.0,6663.0
EMCURE,EMCUREEQN,1918.0,1905.1,1905.1,-12.9,-0.67,102,194320,2100.7,1306.5
JINDALSAW,JINDALSAWEQN,281.9,280.0,280.0,-1.9,-0.67,4754,1331120,320.0,153.0
SHRIPISTON,SHRIPISTONEQN,4411.6,4382.2,4382.2,-29.4,-0.67,141,617890,4843.0,2525.8
GULFOILLUB,GULFOILLUBEQN,1118.6,1111.1,1111.1,-7.5,-0.67,113,125554,1289.4,865.0
TRIDENT,TRIDENTEQN,22.31,22.16,22.16,-0.15,-0.67,6824,151219,30.94,21.8
GRAUWEIL,GRAUWEILEQN,81.05,80.51,80.51,-0.54,-0.67,220,17712,88.75,62.09
SHAHALLOYS,SHAHALLOYSBEN,80.56,80.01,80.01,-0.55,-0.68,1,80,116.85,53.1
SCILAL,SCILALEQN,37.85,37.59,37.59,-0.26,-0.69,272,10224,55.0,34.3
STLTECH,STLTECHBEN,1016.8,1009.8,1009.8,-7.0,-0.69,6805,6871689,1051.1,84.6
GREENPANEL,GREENPANELEQN,159.12,158.0,158.0,-1.12,-0.7,1486,234788,314.0,148.51
UNIPARTS,UNIPARTSEQN,812.3,806.6,806.6,-5.7,-0.7,301,242786,915.95,399.8
HCG,HCGEQN,657.6,653.0,653.0,-4.6,-0.7,452,295156,796.68,513.3
MANAKSIA,MANAKSIAEQN,58.26,57.85,57.85,-0.41,-0.7,23,1330,73.4,42.1
GICL,GICLBEN,21.34,21.19,21.19,-0.15,-0.7,20,423,52.4,15.61
DPABHUSHAN,DPABHUSHANEQN,2262.7,2246.9,2246.9,-15.8,-0.7,545,1224560,2344.5,866.1
GVT&D,GVT&DEQN,4316.3,4285.8,4285.8,-30.5,-0.71,785,3364353,5650.0,2523.2
NITCO,NITCOEQN,82.75,82.16,82.16,-0.59,-0.71,215,17664,119.4,64.0
CGCL,CGCLEQN,250.74,248.95,248.95,-1.79,-0.71,2671,664945,287.45,151.1
TEMPSENS,TEMPSENSEQN,578.0,573.9,573.9,-4.1,-0.71,16226,9312101,634.85,486.0
AKUMS,AKUMSEQN,822.55,816.6,816.6,-5.95,-0.72,202,164953,838.8,409.3
TANLA,TANLAEQN,494.55,491.0,491.0,-3.55,-0.72,1995,979545,748.45,365.9
SCODATUBES,SCODATUBESEQN,122.88,122.0,122.0,-0.88,-0.72,81,9882,181.48,110.0
VASCONEQ,VASCONEQEQN,32.33,32.09,32.09,-0.24,-0.74,3040,97553,74.59,26.75
MAMATA,MAMATAEQN,395.95,393.0,393.0,-2.95,-0.75,154,60522,459.75,297.0
BAJFINANCE,BAJFINANCEEQN,963.85,956.5,956.5,-7.35,-0.76,64585,61775552,1176.4,787.9
MAWANASUG,MAWANASUGEQN,151.66,150.5,150.5,-1.16,-0.76,202,30401,164.0,75.08
KRONOX,KRONOXBEN,210.6,209.0,209.0,-1.6,-0.76,1395,291555,227.74,96.0
GULPOLY,GULPOLYEQN,166.63,165.35,165.35,-1.28,-0.77,7,1157,227.63,121.5
SANDHAR,SANDHAREQN,561.3,557.0,557.0,-4.3,-0.77,13,7241,763.2,424.0
ZYDUSWELL,ZYDUSWELLEQN,507.55,503.65,503.65,-3.9,-0.77,50,25182,611.85,367.55
BNAGROCHEM,BNAGROCHEMEQN,215.21,213.55,213.55,-1.66,-0.77,50,10677,394.8,192.23
BURNPUR,BURNPURBEN,14.11,14.0,14.0,-0.11,-0.78,1940,27160,22.63,11.13
EKI,EKIBEN,85.01,84.35,84.35,-0.66,-0.78,225,18978,108.94,67.0
MASFIN,MASFINEQN,270.25,268.15,268.15,-2.1,-0.78,83,22256,358.85,260.75
BASML,BASMLEQN,22.69,22.51,22.51,-0.18,-0.79,2,45,31.9,17.05
SUMMITSEC,SUMMITSECEQN,1320.4,1310.0,1310.0,-10.4,-0.79,1,1310,2495.0,1297.2
RRKABEL,RRKABELEQN,2722.5,2701.0,2701.0,-21.5,-0.79,1471,3973171,2983.8,1218.9
AXTEL,AXTELEQN,435.5,432.05,432.05,-3.45,-0.79,57,24626,459.9,385.0
AHLUCONT,AHLUCONTEQN,561.5,557.0,557.0,-4.5,-0.8,30,16710,1077.95,540.55
PRITIKAUTO,PRITIKAUTOEQN,16.18,16.05,16.05,-0.13,-0.8,2443,39210,20.99,10.41
TATACAP,TATACAPEQN,320.55,318.0,318.0,-2.55,-0.8,1572,499896,390.2,296.0
SGMART,SGMARTEQN,752.25,746.15,746.15,-6.1,-0.81,196,146245,860.6,313.1
MPSLTD,MPSLTDEQN,2697.1,2675.0,2675.0,-22.1,-0.82,102,272850,2979.0,1336.1
FLAIR,FLAIREQN,227.97,226.1,226.1,-1.87,-0.82,2,452,345.0,216.82
VINDHYATEL,VINDHYATELEQN,2810.1,2787.0,2787.0,-23.1,-0.82,74,206238,2952.6,963.9
ADVANIHOTR,ADVANIHOTREQN,47.91,47.51,47.51,-0.4,-0.83,600,28506,65.5,46.75
RESPONIND,RESPONINDEQN,159.73,158.4,158.4,-1.33,-0.83,750,118800,240.9,117.25
MAXHEALTH,MAXHEALTHEQN,908.0,900.5,900.5,-7.5,-0.83,10018,9021209,1221.9,870.0
TRITURBINE,TRITURBINEEQN,531.45,527.05,527.05,-4.4,-0.83,141,74314,787.6,428.35
OLAELEC,OLAELECEQN,36.32,36.02,36.02,-0.3,-0.83,454025,16353980,57.95,22.25
HGS,HGSEQN,363.0,360.0,360.0,-3.0,-0.83,41,14760,545.0,342.05
ORISSAMINE,ORISSAMINEEQN,3581.3,3551.5,3551.5,-29.8,-0.83,11,39066,5828.4,3100.5
ADROITINFO,ADROITINFOBEN,11.97,11.87,11.87,-0.1,-0.84,908,10777,15.84,7.55
REFEX,REFEXEQN,266.35,264.1,264.1,-2.25,-0.84,701,185134,382.4,188.0
EIHOTEL,EIHOTELEQN,296.5,294.0,294.0,-2.5,-0.84,547,160818,405.0,271.15
AJMERA,AJMERAEQN,117.99,117.0,117.0,-0.99,-0.84,1146,134082,221.4,98.03
SATIN,SATINEQN,223.79,221.9,221.9,-1.89,-0.84,4108,911565,274.14,135.81
PARKHOSPS,PARKHOSPSEQN,272.8,270.5,270.5,-2.3,-0.84,780,210990,305.0,138.1
DAVANGERE,DAVANGEREEQN,2.36,2.34,2.34,-0.02,-0.85,100462,235081,5.5,1.74
CENTENKA,CENTENKAEQN,569.9,565.0,565.0,-4.9,-0.86,122,68930,671.65,371.2
LTF,LTFEQN,260.25,258.0,258.0,-2.25,-0.86,30145,7777410,338.6,234.9
OCCLLTD,OCCLLTDBEN,217.3,215.42,215.42,-1.88,-0.87,1789,385386,217.96,75.71
SETL,SETLEQN,429.8,426.0,426.0,-3.8,-0.88,6734,2868684,468.15,104.56
JUBLFOOD,JUBLFOODEQN,460.6,456.5,456.5,-4.1,-0.89,40527,18500575,628.95,408.55
GPTHEALTH,GPTHEALTHEQN,146.34,145.03,145.03,-1.31,-0.9,1123,162868,175.0,115.0
SBCL,SBCLEQN,1099.3,1089.3,1089.3,-10.0,-0.91,1264,1376875,1215.7,368.6
RADHIKAJWE,RADHIKAJWEBEN,69.53,68.9,68.9,-0.63,-0.91,980,67522,97.5,50.01
BAJAJFINSV,BAJAJFINSVEQN,1743.3,1727.3,1727.3,-16.0,-0.92,1462,2525312,2195.0,1597.0
IGL,IGLEQN,146.35,145.0,145.0,-1.35,-0.92,13022,1888190,223.5,139.2
RUCHIRA,RUCHIRAEQN,103.15,102.2,102.2,-0.95,-0.92,34,3474,144.43,95.17
UFO,UFOEQN,56.88,56.35,56.35,-0.53,-0.93,3,169,92.97,53.75
RADIANTCMS,RADIANTCMSEQN,34.52,34.2,34.2,-0.32,-0.93,435,14877,57.49,32.33
CHOLAFIN,CHOLAFINEQN,1564.7,1550.0,1550.0,-14.7,-0.94,3736,5790800,1952.5,1299.4
SAURASHCEM,SAURASHCEMEQN,50.6,50.12,50.12,-0.48,-0.95,601,30122,110.94,47.65
GODREJIND,GODREJINDEQN,1029.0,1019.1,1019.1,-9.9,-0.96,31,31592,1443.0,744.2
JINDWORLD,JINDWORLDEQN,44.83,44.4,44.4,-0.43,-0.96,6661,295748,61.99,17.85
GMRAIRPORT,GMRAIRPORTEQN,91.19,90.31,90.31,-0.88,-0.97,102520,9258581,115.64,84.11
AKCAPIT,AKCAPITEQN,1747.2,1730.3,1730.3,-16.9,-0.97,1,1730,1875.0,1484.9
MENONBE,MENONBEEQN,301.45,298.5,298.5,-2.95,-0.98,175,52237,330.0,101.5
CELLO,CELLOEQN,390.65,386.8,386.8,-3.85,-0.99,11791,4560758,673.8,314.0
KSOLVES,KSOLVESEQN,246.44,244.0,244.0,-2.44,-0.99,73,17812,353.99,237.5
NUVAMA,NUVAMAEQN,1825.9,1807.8,1807.8,-18.1,-0.99,504,911131,2066.0,1096.9
BANKA,BANKAEQN,67.97,67.29,67.29,-0.68,-1.0,9,605,96.58,41.0
SIKKO,SIKKOBEN,6.01,5.95,5.95,-0.06,-1.0,988,5878,6.83,3.55
SHANTIGEAR,SHANTIGEAREQN,586.05,580.05,580.05,-6.0,-1.02,15,8700,743.0,384.0
FLFL,FLFLBZN,0.98,0.97,0.97,-0.01,-1.02,87,84,1.92,0.94
TRIGYN,TRIGYNEQN,51.63,51.1,51.1,-0.53,-1.03,13,664,82.54,37.55
NSIL,NSILEQN,5266.5,5212.0,5212.0,-54.5,-1.03,1,5212,8730.0,4700.0
GOACARBON,GOACARBONEQN,407.8,403.6,403.6,-4.2,-1.03,8,3228,494.9,272.85
DONEAR,DONEAREQN,80.86,80.0,80.0,-0.86,-1.06,1,80,116.51,77.6
MIDHANI,MIDHANIEQN,458.7,453.8,453.8,-4.9,-1.07,3915,1776627,482.4,266.65
HFCL,HFCLBEN,271.9,269.0,269.0,-2.9,-1.07,31019,8344111,275.91,59.82
VISHWARAJ,VISHWARAJEQN,5.51,5.45,5.45,-0.06,-1.09,709,3864,8.5,4.14
MANIKA,MANIKAEQN,58.64,58.0,58.0,-0.64,-1.09,26357,1528706,61.25,39.71
ASTEC,ASTECEQN,748.2,740.0,740.0,-8.2,-1.1,389,287860,941.75,513.4
SADHNANIQ,SADHNANIQBEN,2.68,2.65,2.65,-0.03,-1.12,18678,49496,3.32,1.27
OMAXE,OMAXEEQN,107.01,105.8,105.8,-1.21,-1.13,42,4443,138.89,62.5
GOKUL,GOKULEQN,38.97,38.52,38.52,-0.45,-1.15,22,847,46.8,31.0
NURECA,NURECABEN,333.9,330.05,330.05,-3.85,-1.15,101,33335,376.0,204.0
SUYOG,SUYOGEQN,672.85,665.0,665.0,-7.85,-1.17,40,26600,921.15,526.5
MUNJALSHOW,MUNJALSHOWEQN,125.58,124.1,124.1,-1.48,-1.18,200,24820,147.1,110.3
V2RETAIL,V2RETAILEQN,163.95,162.0,162.0,-1.95,-1.19,21880,3544560,259.25,153.5
SUNSHIEL,SUNSHIELEQN,1103.5,1090.1,1090.1,-13.4,-1.21,82,89388,1284.8,1025.0
WEWORK,WEWORKEQN,673.15,665.0,665.0,-8.15,-1.21,894,594510,794.5,420.0
MUFTI,MUFTIEQN,69.96,69.1,69.1,-0.86,-1.23,103,7117,116.82,63.06
AMBER,AMBEREQN,6925.0,6839.5,6839.5,-85.5,-1.23,413,2824713,8974.0,5400.5
CYBERTECH,CYBERTECHEQN,137.7,136.0,136.0,-1.7,-1.23,200,27200,213.54,95.3
VTMLTD,VTMLTDEQN,34.11,33.69,33.69,-0.42,-1.23,2,67,61.9,30.3
ATALREAL,ATALREALEQN,12.12,11.97,11.97,-0.15,-1.24,7287,87225,36.7,11.52
GEMAROMA,GEMAROMAEQN,153.2,151.25,151.25,-1.95,-1.27,60,9075,254.0,133.0
SAHASRA,SAHASRASMN,452.15,446.35,446.35,-5.8,-1.28,1200,535620,521.8,188.35
ANUHPHR,ANUHPHREQN,85.51,84.4,84.4,-1.11,-1.3,9,759,99.5,67.0
BLSE,BLSEEQN,158.2,156.15,156.15,-2.05,-1.3,646,100872,169.9,62.15
BLKASHYAP,BLKASHYAPEQN,53.94,53.24,53.24,-0.7,-1.3,7,372,63.79,40.32
FLYSBS,FLYSBSSMN,631.5,623.2,623.2,-8.3,-1.31,200,124640,719.95,355.25
TERASOFT,TERASOFTEQN,226.04,223.0,223.0,-3.04,-1.34,1,223,598.0,194.11
HYBRIDFIN,HYBRIDFINEQN,17.84,17.6,17.6,-0.24,-1.35,5,88,33.62,14.5
A2ZINFRA,A2ZINFRAEQN,14.1,13.91,13.91,-0.19,-1.35,17243,239850,19.39,12.0
NILAINFRA,NILAINFRAEQN,6.63,6.54,6.54,-0.09,-1.36,2805,18344,11.2,5.9
EASEMYTRIP,EASEMYTRIPEQN,5.86,5.78,5.78,-0.08,-1.37,104174,602125,10.6,5.71
KANPRPLA,KANPRPLAEQN,250.96,247.5,247.5,-3.46,-1.38,10,2475,283.14,151.25
BIOFILCHEM,BIOFILCHEMEQN,30.43,30.01,30.01,-0.42,-1.38,195,5851,46.34,25.6
MAHEPC,MAHEPCEQN,98.37,97.0,97.0,-1.37,-1.39,27,2619,152.7,91.91
GKENERGY,GKENERGYEQN,114.63,113.01,113.01,-1.62,-1.41,210,23732,239.6,87.2
JAICORPLTD,JAICORPLTDEQN,90.9,89.61,89.61,-1.29,-1.42,3101,277880,173.4,84.58
ZEELEARN,ZEELEARNEQN,6.29,6.2,6.2,-0.09,-1.43,670,4154,10.1,4.17
PRAKASHSTL,PRAKASHSTLEQN,3.43,3.38,3.38,-0.05,-1.46,2501,8453,6.57,3.36
SINCLAIR,SINCLAIREQN,75.1,74.0,74.0,-1.1,-1.46,1,74,101.13,68.82
BSHSL,BSHSLEQN,78.25,77.1,77.1,-1.15,-1.47,35,2698,128.5,59.16
PINELABS,PINELABSEQN,177.67,175.05,175.05,-2.62,-1.47,447699,78369709,284.0,134.73
INDIANHUME,INDIANHUMEEQN,355.45,350.0,350.0,-5.45,-1.53,289,101150,432.0,279.8
VHL,VHLEQN,3598.8,3543.2,3543.2,-55.6,-1.54,1,3543,4275.0,2870.0
ALANKIT,ALANKITEQN,7.71,7.59,7.59,-0.12,-1.56,1025,7779,13.09,6.8
RNBDENIMS,RNBDENIMSBEN,9.0,8.86,8.86,-0.14,-1.56,20,177,67.67,7.72
LAXMICOT,LAXMICOTEQN,12.8,12.6,12.6,-0.2,-1.56,5300,66780,24.44,11.36
MIDWESTLTD,MIDWESTLTDEQN,1067.15,1050.0,1050.0,-17.15,-1.61,785,824250,1859.9,860.0
PPL,PPLEQN,247.6,243.5,243.5,-4.1,-1.66,220,53570,334.4,163.21
AGSTRA,AGSTRABZN,2.41,2.37,2.37,-0.04,-1.66,140,331,5.44,1.85
GVKPIL,GVKPILBEN,2.38,2.34,2.34,-0.04,-1.68,11904,27855,3.65,2.04
MANAKSTEEL,MANAKSTEELBEN,110.97,109.11,109.11,-1.86,-1.68,100,10911,120.76,45.11
ESPRIT,ESPRITSMN,62.1,61.05,61.05,-1.05,-1.69,1600,97680,94.5,52.0
C2C,C2CSMN,178.7,175.65,175.65,-3.05,-1.71,150,26347,714.35,155.0
CORALFINAC,CORALFINACEQN,31.41,30.86,30.86,-0.55,-1.75,1,30,46.54,25.01
HMVL,HMVLBEN,75.18,73.85,73.85,-1.33,-1.77,688,50808,108.16,55.2
MADHUCON,MADHUCONEQN,3.93,3.86,3.86,-0.07,-1.78,1000,3860,8.19,3.61
LOTUSDEV,LOTUSDEVBEN,242.92,238.6,238.6,-4.32,-1.78,597,142444,248.1,102.2
REPRO,REPROEQN,295.7,290.1,290.1,-5.6,-1.89,312,90511,590.0,276.1
TCIFINANCE,TCIFINANCEEQN,14.21,13.94,13.94,-0.27,-1.9,10,139,38.46,10.0
TREEHOUSE,TREEHOUSEEQN,5.78,5.67,5.67,-0.11,-1.9,470,2664,11.0,5.46
PRADPME,PRADPMEEQN,620.9,609.05,609.05,-11.85,-1.91,666,405627,653.1,357.05
TGL,TGLSTN,12.95,12.7,12.7,-0.25,-1.93,200,2540,83.85,12.7
KANOHAR,KANOHAREQN,1091.05,1070.0,1070.0,-21.05,-1.93,26001,27821070,1207.7,685.1
FELDVR,FELDVRBZN,2.04,2.0,2.0,-0.04,-1.96,50,100,3.74,1.9
PARASPETRO,PARASPETROEQN,2.03,1.99,1.99,-0.04,-1.97,1431,2847,3.23,1.53
SAPPL,SAPPLEQN,317.9,311.6,311.6,-6.3,-1.98,8,2492,335.0,252.0
ALPA,ALPAEQN,57.71,56.56,56.56,-1.15,-1.99,40,2262,93.85,46.1
MBECL,MBECLBEN,483.95,474.3,474.3,-9.65,-1.99,12,5691,513.9,213.0
UNITEDPOLY,UNITEDPOLYEQN,48.1,47.14,47.14,-0.96,-2.0,103,4855,50.23,20.6
STEELXIND,STEELXINDEQN,10.9,10.68,10.68,-0.22,-2.02,44529,475569,13.95,7.0
AMANTA,AMANTABEN,207.08,202.9,202.9,-4.18,-2.02,922,187073,209.95,92.0
SWANDEF,SWANDEFBEN,2759.4,2703.1,2703.1,-56.3,-2.04,97,262200,2814.9,668.0
TRACXN,TRACXNEQN,33.89,33.2,33.2,-0.69,-2.04,1203,39939,55.9,25.39
HPIL,HPILEQN,116.49,114.1,114.1,-2.39,-2.05,100,11410,154.45,105.65
SETCO,SETCOBEN,18.48,18.1,18.1,-0.38,-2.06,51,923,28.62,11.56
RPPINFRA,RPPINFRAEQN,51.43,50.36,50.36,-1.07,-2.08,773,38928,128.99,50.1
SETUINFRA,SETUINFRABZN,0.48,0.47,0.47,-0.01,-2.08,287,134,0.7,0.37
GENCON,GENCONEQN,37.04,36.26,36.26,-0.78,-2.11,200,7252,59.96,36.0
STALLION,STALLIONBEN,227.81,223.0,223.0,-4.81,-2.11,463,103249,359.15,99.32
WSI,WSIEQN,52.1,51.0,51.0,-1.1,-2.11,10,510,95.0,50.1
CHEMBONDCH,CHEMBONDCHBEN,229.66,224.75,224.75,-4.91,-2.14,2,449,290.0,104.85
GLOSTERLTD,GLOSTERLTDEQN,552.9,541.0,541.0,-11.9,-2.15,3,1623,756.45,495.0
SSDL,SSDLEQN,66.2,64.77,64.77,-1.43,-2.16,3500,226695,88.26,46.15
LIKHITHA,LIKHITHAEQN,234.14,229.02,229.02,-5.12,-2.19,171,39162,272.0,131.45
DEVIT,DEVITEQN,19.96,19.52,19.52,-0.44,-2.2,1345,26254,44.44,19.11
PRESSTONIC,PRESSTONICSTN,44.85,43.85,43.85,-1.0,-2.23,800,35080,70.34,24.0
LANDSMILL,LANDSMILLBEN,0.89,0.87,0.87,-0.02,-2.25,4176,3633,1.68,0.52
NEUEON,NEUEONBEN,13.31,13.0,13.0,-0.31,-2.33,20,260,27.4,5.76
KHAITANLTD,KHAITANLTDEQN,150.76,147.2,147.2,-3.56,-2.36,87,12806,178.0,85.0
AAREYDRUGS,AAREYDRUGSEQN,108.81,106.24,106.24,-2.57,-2.36,152,16148,110.0,50.31
AMJLAND,AMJLANDEQN,37.35,36.45,36.45,-0.9,-2.41,2,72,57.39,30.3
DHANBANK,DHANBANKEQN,32.83,32.0,32.0,-0.83,-2.53,71637,2292384,36.85,19.45
SHRADHA,SHRADHAEQN,30.78,30.0,30.0,-0.78,-2.53,1,30,51.81,26.34
UMAEXPORTS,UMAEXPORTSBEN,20.07,19.56,19.56,-0.51,-2.54,400,7824,55.9,18.12
PAPADMALJI,PAPADMALJISTN,68.75,67.0,67.0,-1.75,-2.55,1600,107200,0.0,0.0
GVPTECH,GVPTECHBEN,7.31,7.12,7.12,-0.19,-2.6,183,1302,11.19,5.22
JOCIL,JOCILEQN,149.04,145.15,145.15,-3.89,-2.61,40,5806,175.12,91.25
BMISL,BMISLSTN,127.3,123.95,123.95,-3.35,-2.63,110400,13684080,127.3,104.5
METROGLOBL,METROGLOBLEQN,132.0,128.5,128.5,-3.5,-2.65,7,899,165.0,110.0
NAGREEKEXP,NAGREEKEXPEQN,21.63,21.05,21.05,-0.58,-2.68,11,231,35.9,17.5
AGROPHOS,AGROPHOSEQN,23.38,22.75,22.75,-0.63,-2.69,52,1183,44.98,21.0
PROZONER,PROZONEREQN,54.06,52.6,52.6,-1.46,-2.7,3,157,72.77,39.55
BTML,BTMLEQN,7.14,6.94,6.94,-0.2,-2.8,2770,19223,10.12,5.06
ARENTERP,ARENTERPEQN,32.44,31.52,31.52,-0.92,-2.84,30,945,60.79,27.6
REMSONSIND,REMSONSINDEQN,104.02,101.0,101.0,-3.02,-2.9,27034,2730434,152.45,75.23
HINDADH,HINDADHEQN,384.8,373.0,373.0,-11.8,-3.07,20,7460,402.65,335.55
SPECTRUM,SPECTRUMBEN,3903.7,3780.0,3780.0,-123.7,-3.17,100,378000,3988.0,1050.0
GSMFOILS,GSMFOILSSMN,66.65,64.5,64.5,-2.15,-3.23,5500,354750,293.85,66.65
GATECH,GATECHBEN,0.62,0.6,0.6,-0.02,-3.23,384105,230463,1.11,0.4
PAYTM,PAYTMEQN,1732.0,1671.0,1671.0,-61.0,-3.52,27682,46256622,1855.5,930.6
MOBIKWIK,MOBIKWIKEQN,256.08,247.0,247.0,-9.08,-3.55,67230,16605810,296.7,151.46
ADROITIND,ADROITINDBEN,223.63,215.1,215.1,-8.53,-3.81,53326,11470422,258.8,202.35
SKYTECH,SKYTECHSMN,38.15,36.6,36.6,-1.55,-4.06,9600,351360,74.0,22.8
SUMAX,SUMAXSMN,105.35,101.05,101.05,-4.3,-4.08,2400,242520,132.75,96.1
RTSPOWR,RTSPOWRBEN,108.24,103.8,103.8,-4.44,-4.1,2,207,138.05,68.88
RSDFIN,RSDFINBEN,92.0,88.0,88.0,-4.0,-4.35,10,880,168.48,65.6
RFBL,RFBLSTN,101.5,97.0,97.0,-4.5,-4.43,3000,291000,113.0,52.5
TROM,TROMSMN,56.05,53.5,53.5,-2.55,-4.55,1200,64200,109.8,42.9
SMARTLINK,SMARTLINKBEN,227.3,216.72,216.72,-10.58,-4.65,200,43344,241.81,103.5
PKTEA,PKTEABEN,944.4,899.0,899.0,-45.4,-4.81,2,1798,1169.0,605.0
KDL,KDLSMN,40.55,38.55,38.55,-2.0,-4.93,150,5782,222.2,40.55
TNTELE,TNTELEBEN,9.93,9.44,9.44,-0.49,-4.93,2142,20220,15.74,7.81
GOLDSTAR,GOLDSTARSTN,11.1,10.55,10.55,-0.55,-4.95,11250,118687,13.45,4.5
AHCL,AHCLEQN,28.18,26.78,26.78,-1.4,-4.97,346984,9292231,37.24,10.37
VINOD,VINODSMN,39.2,37.25,37.25,-1.95,-4.97,1200,44700,94.0,39.2
GREENASIA,GREENASIASTN,84.55,80.35,80.35,-4.2,-4.97,11200,899920,0.0,0.0
HINDCON,HINDCONBEN,28.56,27.14,27.14,-1.42,-4.97,5726,155403,37.75,15.66
RETAIL,RETAILBEN,29.97,28.48,28.48,-1.49,-4.97,60,1708,36.39,15.81
QUINT,QUINTBEN,58.95,56.01,56.01,-2.94,-4.99,336,18819,90.0,33.45
SHEKHAWATI,SHEKHAWATIBEN,25.82,24.53,24.53,-1.29,-5.0,752,18446,33.26,9.12
HOLMARC,HOLMARCSMN,131.05,124.5,124.5,-6.55,-5.0,2250,280125,131.65,60.05
VIJIFIN,VIJIFINBEN,13.01,12.36,12.36,-0.65,-5.0,347,4288,17.24,2.01
GSPLTRANS,GSPLTRANSBEN,117.63,111.75,111.75,-5.88,-5.0,159247,17795852,159.6,111.75
SHAHINVEST,SHAHINVESTBEN,166.82,158.48,158.48,-8.34,-5.0,4236,671321,179.55,158.48
SRIT,SRITBEN,147.34,139.98,139.98,-7.36,-5.0,51991,7277700,155.09,139.98
EMAMIREAL,EMAMIREALEQN,69.12,65.25,65.25,-3.87,-5.6,25,1631,115.3,48.2
DCMFINSERV,DCMFINSERVEQN,5.15,4.77,4.77,-0.38,-7.38,361,1721,8.55,3.7
