symbol,identifier,previousClose,lastPrice,iep,change,pChange,finalQuantity,totalTurnover,yearHigh,yearLow
PPSL,PPSLSMN,3.2,3.7,3.7,0.5,15.63,96000,355200,21.0,2.1
OPTIVALUE,OPTIVALUESMN,118.95,136.5,136.5,17.55,14.75,22400,3057600,118.95,56.05
RRKABEL,RRKABELEQN,2525.3,2750.0,2750.0,224.7,8.9,32237,88651750,2584.0,1165.0
LORDSCHLO,LORDSCHLOEQN,157.86,169.0,169.0,11.14,7.06,4141,699829,233.0,108.0
DHARAN,DHARANBZN,0.15,0.16,0.16,0.01,6.67,219247,35079,0.61,0.11
HARDWYN,HARDWYNEQN,15.59,11.88,11.88,0.74,6.64,39537,469699,20.2,7.76
DELTAMAGNT,DELTAMAGNTEQN,56.22,59.9,59.9,3.68,6.55,100,5990,94.9,45.51
OMINFRAL,OMINFRALEQN,87.04,92.01,92.01,4.97,5.71,12619,1161074,144.0,71.5
ACEINTEG,ACEINTEGEQN,19.31,20.38,20.38,1.07,5.54,50,1019,29.94,14.2
AEROFLEX,AEROFLEXEQN,418.15,440.0,440.0,21.85,5.23,84311,37096840,521.9,158.0
JAINAM,JAINAMSMN,235.0,246.75,246.75,11.75,5.0,500,123375,322.85,169.0
GSLSU,GSLSUEQN,29.41,30.88,30.88,1.47,5.0,800,24704,139.67,23.06
SANWARIA,SANWARIABZN,0.2,0.21,0.21,0.01,5.0,551,115,0.39,0.19
IPHL,IPHLSMN,66.0,69.3,69.3,3.3,5.0,10800,748440,78.25,46.1
FAIRCHEMOR,FAIRCHEMORBEN,806.5,846.8,846.8,40.3,5.0,2981,2524310,946.1,428.05
ANTELOPUS,ANTELOPUSEQN,875.55,919.3,919.3,43.75,5.0,12007,11038035,933.65,357.0
SIGMAADV,SIGMAADVBEN,549.15,576.6,576.6,27.45,5.0,4892,2820727,638.1,107.1
GULFPETRO,GULFPETROBEN,45.44,47.71,47.71,2.27,5.0,98555,4702059,45.44,23.25
ONELIFECAP,ONELIFECAPBEN,37.89,39.78,39.78,1.89,4.99,1100,43758,40.1,10.62
BLACKROSE,BLACKROSEBEN,100.76,105.79,105.79,5.03,4.99,3182,336623,129.9,80.05
BLUEWATER,BLUEWATERSTN,444.95,467.15,467.15,22.2,4.99,1000,467150,446.25,128.0
UNITEDPOLY,UNITEDPOLYBEN,30.06,31.55,31.55,1.49,4.96,101,3186,51.16,20.6
VMOBILE,VMOBILESMN,67.7,71.05,71.05,3.35,4.95,4000,284200,155.0,63.85
BOHRAIND,BOHRAINDEQN,13.16,13.81,13.81,0.65,4.94,1237,17082,35.58,12.02
KOVAI,KOVAIEQN,5844.0,6129.0,6129.0,285.0,4.88,342,2096118,6340.0,5275.5
IFBAGRO,IFBAGROBEN,1044.55,1095.0,1095.0,50.45,4.83,1654,1811130,1790.0,679.15
CMRSL,CMRSLSMN,65.1,68.2,68.2,3.1,4.76,800,54560,96.75,52.45
MOL,MOLEQN,55.61,58.25,58.25,2.64,4.75,51086,2975759,106.3,36.5
UTKAL,UTKALSMN,40.25,42.15,42.15,1.9,4.72,2000,84300,66.0,22.6
WIPL,WIPLEQN,169.07,177.0,177.0,7.93,4.69,7,1239,193.2,133.1
KSHITIJPOL,KSHITIJPOLBEN,3.0,3.14,3.14,0.14,4.67,86064,270240,7.2,1.88
SIKKO,SIKKOEQN,5.02,5.25,5.25,0.23,4.58,8883,46635,6.83,3.2
DCMFINSERV,DCMFINSERVEQN,5.26,5.49,5.49,0.23,4.37,1,5,8.55,3.7
UNIENTER,UNIENTEREQN,97.64,101.9,101.9,4.26,4.36,1,101,163.03,87.51
EVERESTIND,EVERESTINDBEN,540.65,564.0,564.0,23.35,4.32,6754,3809256,750.0,284.9
IL&FSTRANS,IL&FSTRANSBZN,2.12,2.21,2.21,0.09,4.25,5,11,3.54,1.75
MMWL,MMWLBEN,13.72,14.29,14.29,0.57,4.15,11,157,16.34,9.02
KECL,KECLEQN,137.33,143.0,143.0,5.67,4.13,4776,682968,148.0,75.47
SALSTEEL,SALSTEELBEN,59.54,62.0,62.0,2.46,4.13,5006,310372,65.5,14.37
ARSHIYA,ARSHIYABZN,0.98,1.02,1.02,0.04,4.08,66,67,3.05,0.94
MANAKSIA,MANAKSIAEQN,56.02,58.3,58.3,2.28,4.07,1,58,83.0,42.1
KODYTECH,KODYTECHSMN,1345.3,1400.0,1400.0,54.7,4.07,300,420000,1345.3,556.05
ROLLT,ROLLTBEN,2.22,2.31,2.31,0.09,4.05,383,884,3.74,1.02
CAPTRUST,CAPTRUSTEQN,15.38,15.99,15.99,0.61,3.97,40,639,44.74,10.98
SAMBHAAV,SAMBHAAVEQN,6.33,6.58,6.58,0.25,3.95,162,1065,11.53,5.07
BEARDSELL,BEARDSELLEQN,27.42,28.5,28.5,1.08,3.94,1,28,38.6,20.02
CPEDU,CPEDUEQN,197.32,204.9,204.9,7.58,3.84,82,16801,338.75,141.0
AHLADA,AHLADAEQN,36.52,37.88,37.88,1.36,3.72,5,189,72.5,31.22
TAMBOLIIN,TAMBOLIINBEN,215.1,222.9,222.9,7.8,3.63,2375,529387,237.7,141.5
IFGLEXPOR,IFGLEXPOREQN,200.88,208.13,208.13,7.25,3.61,485,100943,338.0,119.68
GRADIENTE,GRADIENTEBEN,2.77,2.87,2.87,0.1,3.61,3585,10288,9.4,2.08
USHAMART,USHAMARTEQN,502.1,520.0,520.0,17.9,3.57,31915,16595800,527.5,333.6
SUMIT,SUMITBEN,52.05,53.89,53.89,1.84,3.54,1,53,104.9,31.74
SABAR,SABARSMN,5.65,5.85,5.85,0.2,3.54,5000,29250,9.55,3.95
RPPL,RPPLEQN,21.69,22.45,22.45,0.76,3.5,1,22,26.65,14.25
SAHASRA,SAHASRASTN,326.55,337.9,337.9,11.35,3.48,800,270320,373.0,188.35
PAVNAIND,PAVNAINDEQN,16.22,16.78,16.78,0.56,3.45,6,100,46.0,14.11
OCCLLTD,OCCLLTDBEN,152.2,157.4,157.4,5.2,3.42,632,99476,159.42,75.71
VAISHALI,VAISHALIEQN,7.72,7.98,7.98,0.26,3.37,6,47,13.1,4.75
GSS,GSSEQN,11.89,12.29,12.29,0.4,3.36,50,614,33.97,8.68
LANCORHOL,LANCORHOLEQN,25.3,26.15,26.15,0.85,3.36,5,130,33.8,18.12
UNIVASTU,UNIVASTUBEN,124.88,129.0,129.0,4.12,3.3,4088,527352,126.9,56.02
NIRAJ,NIRAJBEN,28.97,29.92,29.92,0.95,3.28,5,149,52.0,20.15
GTL,GTLEQN,7.36,7.6,7.6,0.24,3.26,715,5434,11.26,4.91
E2E,E2EEQN,542.5,560.0,560.0,17.5,3.23,130305,72970800,542.5,183.36
SHANTI,SHANTIEQN,6.87,7.09,7.09,0.22,3.2,11,77,12.89,4.7
GAYAHWS,GAYAHWSEQN,1.88,1.94,1.94,0.06,3.19,20,38,4.76,1.51
BODALCHEM,BODALCHEMBEN,67.6,69.75,69.75,2.15,3.18,6357,443400,81.9,42.81
VIDHIING,VIDHIINGEQN,315.15,325.0,325.0,9.85,3.13,1690,549250,433.0,258.6
LEMERITE,LEMERITEEQN,21.33,21.99,21.99,0.66,3.09,10001,219921,107.57,19.52
CIFL,CIFLEQN,20.12,20.74,20.74,0.62,3.08,205,4251,39.69,19.56
PPL,PPLBEN,268.6,276.85,276.85,8.25,3.07,5,1384,379.0,163.21
MARALOVER,MARALOVERBEN,58.7,60.5,60.5,1.8,3.07,50,3025,74.93,34.11
AURUM,AURUMEQN,229.68,236.65,236.65,6.97,3.03,8448,1999219,264.64,151.9
SHRENIK,SHRENIKBZN,0.33,0.34,0.34,0.01,3.03,6693,2275,0.65,0.33
SICALLOG,SICALLOGEQN,101.92,105.0,105.0,3.08,3.02,4178,438690,103.37,60.11
SPANDANA,SPANDANAEQN,266.0,274.0,274.0,8.0,3.01,2735,749390,319.4,181.1
CGCL,CGCLEQN,244.27,251.63,251.63,7.36,3.01,173426,43639184,264.53,151.1
DELPHIFX,DELPHIFXBEN,7.06,7.27,7.27,0.21,2.97,100,727,18.25,6.21
BANSWRAS,BANSWRASEQN,124.33,128.0,128.0,3.67,2.95,300,38400,150.99,93.73
SPLPETRO,SPLPETROEQN,760.9,783.0,783.0,22.1,2.9,41428,32438124,979.0,462.3
LODHA,LODHAEQN,1198.7,1233.2,1233.2,34.5,2.88,23577,29075156,1327.6,650.8
BALAMINES,BALAMINESEQN,2284.8,2350.0,2350.0,65.2,2.85,19716,46332600,2443.6,968.1
MEDICO,MEDICOEQN,40.75,41.9,41.9,1.15,2.82,2,83,56.88,30.22
ORKLAINDIA,ORKLAINDIAEQN,568.9,584.9,584.9,16.0,2.81,1978,1156932,760.0,533.25
NARMADA,NARMADAEQN,32.98,33.9,33.9,0.92,2.79,7723,261809,45.17,18.85
INDOTECH,INDOTECHBEN,3503.4,3599.0,3599.0,95.6,2.73,380,1367620,3550.0,1100.0
COFORGE,COFORGEEQN,1528.4,1570.0,1570.0,41.6,2.72,68422,107422540,1989.7,1008.1
NIITMTS,NIITMTSEQN,233.57,239.9,239.9,6.33,2.71,650,155935,443.9,203.3
FEL,FELBZN,0.37,0.38,0.38,0.01,2.7,54100,20558,0.65,0.34
CEREBRAINT,CEREBRAINTBZN,3.0,3.08,3.08,0.08,2.67,650,2002,10.08,2.9
AIRAN,AIRANEQN,15.03,15.43,15.43,0.4,2.66,1331,20537,29.21,12.63
GANDHAR,GANDHAREQN,245.47,252.0,252.0,6.53,2.66,51359,12942468,303.17,115.0
DPSCLTD,DPSCLTDBEN,7.17,7.36,7.36,0.19,2.65,6094,44851,13.31,6.95
NRBBEARING,NRBBEARINGEQN,419.25,430.0,430.0,10.75,2.56,13365,5746950,467.6,212.55
RUCHINFRA,RUCHINFRAEQN,5.95,6.1,6.1,0.15,2.52,11,67,8.25,4.05
ELITECON,ELITECONEQN,15.98,16.38,16.38,0.4,2.5,6110,100081,46.4,15.3
ASHIMASYN,ASHIMASYNEQN,18.05,18.5,18.5,0.45,2.49,93,1720,27.83,11.5
PRAENG,PRAENGEQN,22.11,22.66,22.66,0.55,2.49,2,45,33.88,17.0
MANBA,MANBAEQN,146.37,150.0,150.0,3.63,2.48,4642,696300,151.0,98.0
HAVISHA,HAVISHAEQN,1.21,1.24,1.24,0.03,2.48,885,1097,2.42,1.03
VIVIMEDLAB,VIVIMEDLABBEN,5.26,5.39,5.39,0.13,2.47,100,539,29.4,5.02
CONSOFINVT,CONSOFINVTBEN,285.0,291.99,291.99,6.99,2.45,1,291,293.4,152.0
GVPTECH,GVPTECHEQN,6.97,7.14,7.14,0.17,2.44,219,1563,11.39,5.22
AARTISURF,AARTISURFEQN,398.3,408.0,408.0,9.7,2.44,1,408,575.85,316.0
NIBL,NIBLEQN,36.91,37.8,37.8,0.89,2.41,246,9298,40.8,21.62
ALMONDZ,ALMONDZEQN,12.98,13.29,13.29,0.31,2.39,100,1329,23.0,10.68
AEROENTER,AEROENTEREQN,122.1,124.99,124.99,2.89,2.37,7171,896303,149.55,62.2
TPHQ,TPHQEQN,0.43,0.44,0.44,0.01,2.33,1894,833,0.86,0.4
HAPPSTMNDS,HAPPSTMNDSEQN,387.7,396.7,396.7,9.0,2.32,27366,10856092,646.1,330.2
ORISSAMINE,ORISSAMINEEQN,3713.3,3799.0,3799.0,85.7,2.31,565,2146435,6138.9,3100.5
PARASPETRO,PARASPETROEQN,2.18,2.23,2.23,0.05,2.29,10152,22638,3.23,1.53
GATECHDVR,GATECHDVREQN,0.44,0.45,0.45,0.01,2.27,10212,4595,0.67,0.36
MUNJALSHOW,MUNJALSHOWEQN,136.93,140.0,140.0,3.07,2.24,3601,504140,152.0,110.3
AIMTRON,AIMTRONSMN,1339.3,1369.0,1369.0,29.7,2.22,200,273800,1480.0,632.6
MANORG,MANORGBEN,526.25,537.9,537.9,11.65,2.21,1,537,637.85,356.25
CMLL,CMLLEQN,570.55,583.0,583.0,12.45,2.18,44556,25976148,624.4,463.35
LIKHITHA,LIKHITHAEQN,230.3,235.3,235.3,5.0,2.17,1000,235300,286.9,131.45
VGL,VGLEQN,61.62,62.95,62.95,1.33,2.16,1,62,98.48,43.7
XELPMOC,XELPMOCEQN,79.32,81.0,81.0,1.68,2.12,1,81,155.5,76.0
KCPSUGIND,KCPSUGINDEQN,32.08,32.74,32.74,0.66,2.06,17072,558937,36.95,21.45
DSSL,DSSLEQN,1231.6,1257.0,1257.0,25.4,2.06,68,85476,1924.8,781.0
COMFINTE,COMFINTEEQN,5.4,5.51,5.51,0.11,2.04,4220,23252,9.19,5.21
NOIDATOLL,NOIDATOLLBEN,4.44,4.53,4.53,0.09,2.03,122,552,7.43,2.87
NEOGEN,NEOGENEQN,2064.1,2105.8,2105.8,41.7,2.02,626,1318230,2374.0,966.7
VISAKAIND,VISAKAINDEQN,82.29,83.94,83.94,1.65,2.01,1323,111052,91.4,50.2
AKG,AKGEQN,9.99,10.19,10.19,0.2,2.0,699,7122,15.34,9.01
ETHOSLTD,ETHOSLTDEQN,2578.8,2630.0,2630.0,51.2,1.99,107,281410,3245.9,1919.4
SHEKHAWATI,SHEKHAWATIEQN,12.63,12.88,12.88,0.25,1.98,871,11218,25.75,9.12
BSL,BSLEQN,124.95,127.4,127.4,2.45,1.96,1,127,208.0,98.0
ANKITMETAL,ANKITMETALBZN,1.55,1.58,1.58,0.03,1.94,310,489,2.12,1.29
GEMAROMA,GEMAROMAEQN,189.37,193.0,193.0,3.63,1.92,710,137030,349.6,133.0
ORCHASP,ORCHASPEQN,1.6,1.63,1.63,0.03,1.88,128,208,4.16,1.47
MENNPIS,MENNPISEQN,73.87,74.24,74.24,1.37,1.88,36,2672,81.8,52.35
CENTEXT,CENTEXTEQN,18.7,19.05,19.05,0.35,1.87,106,2019,34.75,15.67
GLOBALVECT,GLOBALVECTEQN,159.71,162.7,162.7,2.99,1.87,146,23754,248.0,129.0
INNOVANA,INNOVANAEQN,347.55,354.0,354.0,6.45,1.86,11,3894,564.8,292.8
JAYAGROGN,JAYAGROGNEQN,232.68,237.0,237.0,4.32,1.86,510,120870,271.1,147.26
HMT,HMTBZN,60.77,61.9,61.9,1.13,1.86,1,61,72.95,41.0
TOTAL,TOTALEQN,48.1,48.99,48.99,0.89,1.85,50,2449,87.89,45.0
MOHITIND,MOHITINDEQN,22.94,23.36,23.36,0.42,1.83,500,11680,40.19,18.6
SUPERHOUSE,SUPERHOUSEEQN,157.12,160.0,160.0,2.88,1.83,200,32000,201.95,128.55
RUDRA,RUDRAEQN,17.68,18.0,18.0,0.32,1.81,4244,76392,29.7,14.63
MPHASIS,MPHASISEQN,2332.7,2374.7,2374.7,42.0,1.8,3755,8916998,3037.2,2013.0
LAGNAM,LAGNAMEQN,90.38,92.0,92.0,1.62,1.79,5,460,105.8,58.6
KRITI,KRITIBEN,64.64,65.79,65.79,1.15,1.78,4,263,177.51,53.0
UFLEX,UFLEXEQN,476.45,484.95,484.95,8.5,1.78,1247,604732,604.0,330.0
AJOONI,AJOONIEQN,3.97,4.04,4.04,0.07,1.76,251,1014,5.94,3.4
TNTELE,TNTELEEQN,9.09,9.25,9.25,0.16,1.76,1,9,20.49,7.81
BLBLIMITED,BLBLIMITEDEQN,16.11,16.39,16.39,0.28,1.74,30,491,22.47,12.0
DIVGIITTS,DIVGIITTSEQN,962.35,979.0,979.0,16.65,1.73,448,438592,1065.0,573.7
AFIL,AFILEQN,9.26,9.42,9.42,0.16,1.73,1053,9919,11.1,3.92
HERANBA,HERANBAEQN,175.94,178.99,178.99,3.05,1.73,33,5906,403.7,155.38
PATELRMART,PATELRMARTEQN,222.21,226.0,226.0,3.79,1.71,1008,227808,305.0,150.25
ARENTERP,ARENTERPEQN,41.1,41.8,41.8,0.7,1.7,14,585,60.79,30.01
ORIENTCER,ORIENTCEREQN,40.32,41.0,41.0,0.68,1.69,2,82,56.64,34.0
GICL,GICLEQN,16.23,16.5,16.5,0.27,1.66,95,1567,52.4,15.61
DCMSHRIRAM,DCMSHRIRAMEQN,1032.9,1049.9,1049.9,17.0,1.65,259,271924,1460.0,945.1
INFY,INFYEQN,1079.2,1097.0,1097.0,17.8,1.65,60893,66799621,1728.0,982.4
RHETAN,RHETANEQN,29.05,29.53,29.53,0.48,1.65,65945,1947355,33.01,20.32
TRU,TRUEQN,4.91,4.99,4.99,0.08,1.63,168,838,16.5,4.55
MICEL,MICELBEN,36.41,37.0,37.0,0.59,1.62,749,27713,82.97,29.97
ACCELYA,ACCELYAEQN,1160.4,1179.0,1179.0,18.6,1.6,12,14148,1527.0,1012.4
STYRENIX,STYRENIXEQN,2476.0,2515.0,2515.0,39.0,1.58,309,777135,3060.0,1780.0
URAVIDEF,URAVIDEFBEN,114.0,115.8,115.8,1.8,1.58,48,5558,519.0,106.55
PLAZACABLE,PLAZACABLEBEN,42.8,43.47,43.47,0.67,1.57,3,130,65.0,27.0
ALKYLAMINE,ALKYLAMINEEQN,1821.5,1850.0,1850.0,28.5,1.56,3252,6016200,2400.0,1212.0
OSWALGREEN,OSWALGREENEQN,21.17,21.5,21.5,0.33,1.56,240,5160,46.99,19.76
SWANDEF,SWANDEFBEN,2430.7,2467.9,2467.9,37.2,1.53,53,130798,2489.0,321.56
RHFL,RHFLBZN,1.96,1.99,1.99,0.03,1.53,11367,22620,5.51,1.82
RAJTV,RAJTVEQN,11.81,11.99,11.99,0.18,1.52,1,11,46.9,11.4
TECHM,TECHMEQN,1575.0,1599.0,1599.0,24.0,1.52,16549,26461851,1854.0,1304.1
ARCHIES,ARCHIESEQN,13.99,14.2,14.2,0.21,1.5,1,14,24.38,10.86
SHK,SHKEQN,148.26,150.48,150.48,2.22,1.5,4864,731934,275.5,111.98
AGARIND,AGARINDEQN,483.55,490.8,490.8,7.25,1.5,767,376443,1006.0,360.0
MAHSCOOTER,MAHSCOOTEREQN,12986.0,13180.0,13180.0,194.0,1.49,45,593100,18538.0,10901.0
NILAINFRA,NILAINFRAEQN,7.39,7.5,7.5,0.11,1.49,59,442,12.16,5.9
ASAHISONG,ASAHISONGEQN,339.85,344.9,344.9,5.05,1.49,211,72773,453.7,179.64
AASTHA,AASTHAEQN,102.37,103.9,103.9,1.53,1.49,41917,4355176,140.01,95.85
DHARMAJ,DHARMAJEQN,260.15,264.0,264.0,3.85,1.48,25,6600,386.5,210.65
BCPL,BCPLEQN,70.75,71.8,71.8,1.05,1.48,453,32525,92.0,60.0
GOODLUCK,GOODLUCKEQN,1527.6,1550.0,1550.0,22.4,1.47,2052,3180600,1672.1,915.0
NOVARTIND,NOVARTINDEQN,1631.0,1654.9,1654.9,23.9,1.47,61,100948,1780.0,950.0
IRISDOREME,IRISDOREMEEQN,48.29,49.0,49.0,0.71,1.47,1132,55468,49.8,26.35
ANDHRAPAP,ANDHRAPAPEQN,62.59,63.5,63.5,0.91,1.45,5004,317754,86.89,58.0
SPCENET,SPCENETEQN,3.44,3.49,3.49,0.05,1.45,3274,11426,11.24,3.0
ARIHANT,ARIHANTEQN,1081.4,1097.0,1097.0,15.6,1.44,51,55947,1100.0,715.1
GRPLTD,GRPLTDEQN,2021.1,2050.0,2050.0,28.9,1.43,7,14350,2551.0,1500.0
SURANASOL,SURANASOLEQN,27.9,28.3,28.3,0.4,1.43,1003,28384,39.08,18.31
SMARTWORKS,SMARTWORKSEQN,485.0,491.95,491.95,6.95,1.43,160,78712,619.0,361.5
KRMAYURVED,KRMAYURVEDSTN,255.0,258.65,258.65,3.65,1.43,2000,517300,271.0,156.15
GALLANTT,GALLANTTEQN,547.25,555.0,555.0,7.75,1.42,9957,5526135,948.0,496.25
SCILAL,SCILALEQN,42.15,42.75,42.75,0.6,1.42,116,4959,55.0,34.3
SHANTIGOLD,SHANTIGOLDEQN,216.91,220.0,220.0,3.09,1.42,3308,727760,274.1,155.0
CHAMUNDA,CHAMUNDASMN,45.8,46.45,46.45,0.65,1.42,3000,139350,59.0,38.0
ALLDIGI,ALLDIGIEQN,872.05,884.35,884.35,12.3,1.41,175,154761,1084.0,700.0
INOXINDIA,INOXINDIAEQN,1985.9,2014.0,2014.0,28.1,1.41,351,706914,2119.8,1065.0
MANGALAM,MANGALAMEQN,27.42,27.8,27.8,0.38,1.39,5,139,93.08,22.8
AARVI,AARVIEQN,157.32,159.5,159.5,2.18,1.39,3250,518375,168.4,96.99
GFLLIMITED,GFLLIMITEDEQN,46.95,47.6,47.6,0.65,1.38,100,4760,81.0,37.25
E2ERAIL,E2ERAILSTN,275.0,278.8,278.8,3.8,1.38,800,223040,347.1,171.0
VISACHROME,VISACHROMEBEN,37.97,38.49,38.49,0.52,1.37,211,8121,73.68,27.05
MERCURYEV,MERCURYEVEQN,35.92,36.41,36.41,0.49,1.36,149,5425,38.49,30.16
ANTGRAPHIC,ANTGRAPHICEQN,0.74,0.75,0.75,0.01,1.35,1606,1204,1.25,0.64
PYRAMID,PYRAMIDEQN,195.96,198.6,198.6,2.64,1.35,18885,3750561,197.05,131.8
RATNAVEER,RATNAVEEREQN,199.61,202.28,202.28,2.67,1.34,162138,32797274,204.0,130.5
SUNFLAG,SUNFLAGEQN,362.15,367.0,367.0,4.85,1.34,2054,753818,428.0,192.15
NOVAAGRI,NOVAAGRIBEN,23.17,23.48,23.48,0.31,1.34,1000,23480,59.33,18.12
CERA,CERAEQN,6205.5,6288.5,6288.5,83.0,1.34,113,710600,6740.0,4461.1
ASIANENE,ASIANENEEQN,383.8,388.9,388.9,5.1,1.33,8213,3194035,392.0,230.0
ZAGGLE,ZAGGLEEQN,203.34,206.0,206.0,2.66,1.31,5628,1159368,417.6,186.05
SUNCLAY,SUNCLAYEQN,1399.8,1418.0,1418.0,18.2,1.3,100,141800,2000.0,1112.8
MAANALU,MAANALUEQN,114.21,115.7,115.7,1.49,1.3,25,2892,184.74,100.0
KAMOPAINTS,KAMOPAINTSEQN,4.61,4.67,4.67,0.06,1.3,21,98,10.76,3.6
INDOWIND,INDOWINDBEN,9.22,9.34,9.34,0.12,1.3,109,1018,18.94,7.0
NATHBIOGEN,NATHBIOGENEQN,164.88,167.0,167.0,2.12,1.29,1,167,204.0,126.15
NDL,NDLEQN,2.32,2.35,2.35,0.03,1.29,1086,2552,3.8,1.8
SADBHIN,SADBHINBEN,2.32,2.35,2.35,0.03,1.29,1084,2547,5.02,2.06
PERSISTENT,PERSISTENTEQN,5268.2,5335.8,5335.8,67.6,1.28,2499,13334164,6599.0,4244.5
TCS,TCSEQN,2295.6,2325.0,2325.0,29.4,1.28,30234,70294050,3350.0,1976.8
PANAMAPET,PANAMAPETEQN,487.1,493.35,493.35,6.25,1.28,182,89789,518.5,229.0
GSMFOILS,GSMFOILSSMN,271.55,275.0,275.0,3.45,1.27,1000,275000,293.85,150.2
WELCORP,WELCORPEQN,1599.8,1619.9,1619.9,20.1,1.26,2581,4180961,1698.8,710.0
UNIECOM,UNIECOMEQN,85.73,86.8,86.8,1.07,1.25,889,77165,155.8,78.51
LINCOLN,LINCOLNEQN,582.1,589.3,589.3,7.2,1.24,37,21804,770.0,440.0
K2INFRA,K2INFRASTN,56.3,57.0,57.0,0.7,1.24,1200,68400,82.8,40.8
TEAMLEASE,TEAMLEASEEQN,1294.0,1309.9,1309.9,15.9,1.23,106,138849,2100.0,1065.2
JAYBARMARU,JAYBARMARUEQN,169.42,171.5,171.5,2.08,1.23,5488,941192,207.0,71.01
TATAPOWER,TATAPOWEREQN,377.35,382.0,382.0,4.65,1.23,92359,35281138,464.9,342.5
CSLFINANCE,CSLFINANCEEQN,217.24,219.92,219.92,2.68,1.23,100,21992,324.7,209.7
CIPLA,CIPLAEQN,1409.4,1426.7,1426.7,17.3,1.23,11883,16953476,1673.0,1165.7
BLUECOAST,BLUECOASTBEN,25.69,26.0,26.0,0.31,1.21,7,182,86.31,18.57
RKSWAMY,RKSWAMYEQN,106.71,108.0,108.0,1.29,1.21,200,21600,169.0,67.15
UNICHEMLAB,UNICHEMLABEQN,539.95,546.5,546.5,6.55,1.21,436,238274,687.2,278.2
KRYSTAL,KRYSTALEQN,600.3,607.5,607.5,7.2,1.2,200,121500,729.5,500.0
RCOM,RCOMBEN,0.83,0.84,0.84,0.01,1.2,68692,57701,1.9,0.75
METROBRAND,METROBRANDEQN,1031.7,1043.9,1043.9,12.2,1.18,2,2087,1340.4,883.0
ESABINDIA,ESABINDIAEQN,5621.5,5688.0,5688.0,66.5,1.18,21,119448,7319.5,4710.0
AEROPLANE,AEROPLANEEQN,189.26,191.5,191.5,2.24,1.18,2,383,200.0,117.02
MODIS,MODISEQN,388.45,393.0,393.0,4.55,1.17,26,10218,429.05,276.0
TSFINV,TSFINVEQN,431.6,436.6,436.6,5.0,1.16,250,109150,701.5,331.7
HGM,HGMEQN,52.4,53.0,53.0,0.6,1.15,11,583,82.4,43.6
OILCOUNTUB,OILCOUNTUBBEN,56.65,57.3,57.3,0.65,1.15,31,1776,97.7,35.65
INDBANK,INDBANKEQN,33.1,33.48,33.48,0.38,1.15,1,33,47.15,28.25
COFFEEDAY,COFFEEDAYBEN,30.39,30.74,30.74,0.35,1.15,262,8053,51.46,21.0
LTM,LTMEQN,4190.8,4239.2,4239.2,48.4,1.15,3762,15947870,6429.5,3528.0
HILTON,HILTONBEN,21.05,21.29,21.29,0.24,1.14,18,383,52.17,13.43
LGBBROSLTD,LGBBROSLTDEQN,1553.8,1571.5,1571.5,17.7,1.14,105,165007,2048.0,1222.1
FISCHER,FISCHEREQN,37.7,38.13,38.13,0.43,1.14,100,3813,124.7,31.05
STOVEKRAFT,STOVEKRAFTEQN,795.9,804.8,804.8,8.9,1.12,270,217296,828.0,447.05
EIHAHOTELS,EIHAHOTELSEQN,316.95,316.95,316.95,3.5,1.12,313,99205,434.9,266.65
BLUEJET,BLUEJETEQN,576.05,582.5,582.5,6.45,1.12,1851,1078207,825.0,325.0
JETFREIGHT,JETFREIGHTEQN,23.44,23.7,23.7,0.26,1.11,13,308,25.95,11.9
BIGBLOC,BIGBLOCEQN,46.98,47.5,47.5,0.52,1.11,2,95,80.0,38.0
VINYLINDIA,VINYLINDIAEQN,251.2,254.0,254.0,2.8,1.11,130,33020,325.0,161.0
SURAKSHA,SURAKSHAEQN,249.6,252.35,252.35,2.75,1.1,39,9841,333.0,224.1
INVENTURE,INVENTUREEQN,0.91,0.92,0.92,0.01,1.1,1905,1752,1.72,0.81
RANASUG,RANASUGEQN,11.84,11.97,11.97,0.13,1.1,3007,35993,15.69,10.21
BOSCHLTD,BOSCHLTDEQN,41250.0,41705.0,41705.0,455.0,1.1,166,6923030,42985.0,28610.0
INFOMEDIA,INFOMEDIAEQN,5.45,5.51,5.51,0.06,1.1,275,1515,8.05,4.5
IVC,IVCEQN,8.27,8.36,8.36,0.09,1.09,56,468,9.88,6.02
IBULLSLTD,IBULLSLTDBEN,31.16,31.5,31.5,0.34,1.09,23328,734832,32.5,8.9
SADBHAV,SADBHAVEQN,8.31,8.4,8.4,0.09,1.08,1,8,17.85,6.05
EVEREADY,EVEREADYEQN,349.75,353.45,353.45,3.7,1.06,506,178845,475.2,259.65
GANECOS,GANECOSEQN,1212.1,1224.95,1224.95,12.85,1.06,316,387084,1499.4,653.55
HOMEFIRST,HOMEFIRSTEQN,1182.5,1195.0,1195.0,12.5,1.06,6915,8263425,1441.0,893.7
VMART,VMARTEQN,714.95,722.45,722.45,7.5,1.05,306,221069,888.0,457.9
VIVIANA,VIVIANABEN,732.3,739.9,739.9,7.6,1.04,179,132442,1162.5,565.0
KAUSHALYA,KAUSHALYABEN,909.5,919.0,919.0,9.5,1.04,4,3676,1841.9,750.0
PASHUPATI,PASHUPATIEQN,86.8,87.7,87.7,0.9,1.04,628,55075,118.35,66.4
BHARATWIRE,BHARATWIREEQN,202.91,205.0,205.0,2.09,1.03,244,50020,262.0,148.01
SHALPAINTS,SHALPAINTSEQN,69.57,70.29,70.29,0.72,1.03,2141,150490,88.71,35.21
SREEL,SREELEQN,222.71,225.0,225.0,2.29,1.03,6,1350,258.0,165.25
3IINFOLTD,3IINFOLTDEQN,20.68,20.89,20.89,0.21,1.02,9386,196073,24.91,12.68
ESAFSFB,ESAFSFBEQN,38.29,38.68,38.68,0.39,1.02,9294,359491,40.2,19.78
KOTARISUG,KOTARISUGEQN,24.84,25.09,25.09,0.25,1.01,163,4089,37.68,22.5
BESTAGRO,BESTAGROEQN,15.91,16.07,16.07,0.16,1.01,2975,47808,35.58,12.3
IGIL,IGILEQN,329.7,333.0,333.0,3.3,1.0,1428,475524,442.0,287.0
JUNIPER,JUNIPEREQN,198.01,200.0,200.0,1.99,1.0,131,26200,313.95,188.5
MANALIPETC,MANALIPETCEQN,66.97,67.64,67.64,0.67,1.0,2157,145899,77.6,39.13
SKFINDUS,SKFINDUSEQN,2714.0,2741.1,2741.1,27.1,1.0,3,8223,3041.0,1994.1
PAUSHAKLTD,PAUSHAKLTDEQN,572.15,577.85,577.85,5.7,1.0,1,577,633.05,342.5
IZMO,IZMOEQN,1104.0,1115.0,1115.0,11.0,1.0,360,401400,1374.7,350.05
KIRLFER,KIRLFEREQN,480.95,485.75,485.75,4.8,1.0,251,121923,513.0,408.0
ENERGYDEV,ENERGYDEVEQN,17.14,17.31,17.31,0.17,0.99,3,51,29.69,13.15
CEWATER,CEWATEREQN,291.5,294.4,294.4,2.9,0.99,85,25024,656.0,235.0
MAXIND,MAXINDEQN,184.96,186.8,186.8,1.84,0.99,583,108904,241.57,120.0
REFEX,REFEXEQN,331.55,334.8,334.8,3.25,0.98,5100,1707480,454.4,188.0
KERNEX,KERNEXEQN,2321.2,2344.0,2344.0,22.8,0.98,1326,3108144,2445.0,850.0
INTERARCH,INTERARCHEQN,1827.1,1845.0,1845.0,17.9,0.98,6,11070,2762.6,1600.0
DBSTOCKBRO,DBSTOCKBROBEN,33.75,34.08,34.08,0.33,0.98,15,511,48.5,23.15
ARIS,ARISEQN,124.78,126.0,126.0,1.22,0.98,4496,566496,178.3,82.18
TEGA,TEGAEQN,1510.5,1525.0,1525.0,14.5,0.96,216,329400,2125.0,1500.6
HCL-INSYS,HCL-INSYSEQN,11.49,11.6,11.6,0.11,0.96,1700,19720,16.5,9.01
SHYAMMETL,SHYAMMETLEQN,1035.1,1044.9,1044.9,9.8,0.95,65,67918,1090.0,746.0
STEELXIND,STEELXINDEQN,11.58,11.69,11.69,0.11,0.95,3068,35864,13.95,7.0
AVALON,AVALONEQN,1728.2,1744.6,1744.6,16.4,0.95,313,546059,1853.0,777.3
TARSONS,TARSONSEQN,320.9,323.95,323.95,3.05,0.95,1098,355697,382.1,164.45
DBEIL,DBEILBEN,7.39,7.46,7.46,0.07,0.95,2000,14920,18.56,5.15
SRF,SRFEQN,2636.5,2656.6,2656.6,25.1,0.95,605,1607243,3210.0,2355.0
NUVOCO,NUVOCOEQN,351.15,354.5,354.5,3.35,0.95,1495,529977,477.5,276.25
GSPCROP,GSPCROPEQN,556.6,561.9,561.9,5.3,0.95,1254,704622,562.0,328.0
TATVA,TATVAEQN,1800.1,1817.1,1817.1,17.0,0.94,521,946709,1835.0,976.4
NAVKARCORP,NAVKARCORPEQN,104.17,105.15,105.15,0.98,0.94,3616,380222,140.2,74.05
AMNPLST,AMNPLSTEQN,195.16,197.0,197.0,1.84,0.94,16,3152,250.0,127.0
NAVKARURB,NAVKARURBBEN,1.06,1.07,1.07,0.01,0.94,3808,4074,2.93,0.7
RUBICON,RUBICONEQN,1556.0,1570.7,1570.7,14.7,0.94,477,749223,1578.0,570.75
MBEL,MBELEQN,296.95,299.75,299.75,2.8,0.94,303,90824,535.9,223.05
UTLSOLAR,UTLSOLAREQN,384.4,388.0,388.0,3.6,0.94,837,324756,402.45,172.0
GOLDENTOBC,GOLDENTOBCBZN,24.77,25.0,25.0,0.23,0.93,270,6750,37.5,20.34
HAPPYFORGE,HAPPYFORGEEQN,1650.7,1666.0,1666.0,15.3,0.93,332,553112,1661.0,862.05
INDOAMIN,INDOAMINBEN,128.11,129.3,129.3,1.19,0.93,20,2586,167.9,81.9
ESSENTIA,ESSENTIABEN,1.08,1.09,1.09,0.01,0.93,11755,12812,2.07,0.95
ONESOURCE,ONESOURCEEQN,1688.9,1704.5,1704.5,15.6,0.92,614,1046563,2026.5,1057.0
KNAGRI,KNAGRIEQN,221.46,223.5,223.5,2.04,0.92,200,44700,265.0,148.3
DPWIRES,DPWIRESBEN,167.86,169.4,169.4,1.54,0.92,7,1185,306.95,125.02
RPTECH,RPTECHEQN,801.45,808.75,808.75,7.3,0.91,3585,2899368,812.85,275.6
UNIPARTS,UNIPARTSEQN,704.8,711.2,711.2,6.4,0.91,421,299415,722.7,335.0
ASIANTILES,ASIANTILESEQN,53.42,53.9,53.9,0.48,0.9,90999,4904846,79.06,42.5
UTKARSHBNK,UTKARSHBNKEQN,14.51,14.64,14.64,0.13,0.9,6794,99464,22.03,10.12
ELLEN,ELLENEQN,282.45,285.0,285.0,2.55,0.9,1104,314640,600.15,175.0
MADHAVIPL,MADHAVIPLEQN,7.81,7.88,7.88,0.07,0.9,164,1292,9.9,7.61
JMA,JMAEQN,88.88,89.66,89.66,0.78,0.88,80,7172,98.0,70.25
DEEPINDS,DEEPINDSEQN,516.45,521.0,521.0,4.55,0.88,1949,1015429,578.0,330.0
MAFATIND,MAFATINDEQN,134.51,135.69,135.69,1.18,0.88,130,17639,157.77,124.07
INDSWFTLAB,INDSWFTLABEQN,239.91,242.0,242.0,2.09,0.87,4675,1131350,248.45,87.15
SIRCA,SIRCAEQN,397.75,401.2,401.2,3.45,0.87,600,240720,539.0,385.0
ROHLTD,ROHLTDEQN,322.35,325.15,325.15,2.8,0.87,4,1300,593.4,269.4
PRIVISCL,PRIVISCLEQN,3623.6,3655.0,3655.0,31.4,0.87,137,500735,3785.3,2173.2
PCJEWELLER,PCJEWELLEREQN,9.35,9.43,9.43,0.08,0.86,560282,5283459,16.1,7.47
HCG,HCGEQN,676.95,682.8,682.8,5.85,0.86,104,71011,796.68,513.3
SHADOWFAX,SHADOWFAXEQN,209.6,211.4,211.4,1.8,0.86,11614,2455199,241.63,98.55
HESTERBIO,HESTERBIOEQN,2528.4,2550.0,2550.0,21.6,0.85,11,28050,2660.0,1239.3
SIYSIL,SIYSILEQN,624.7,630.0,630.0,5.3,0.85,70,44100,848.8,433.35
PIDILITIND,PIDILITINDEQN,1611.3,1625.0,1625.0,13.7,0.85,4485,7288125,1626.7,1259.0
COMPINFO,COMPINFOBZN,1.17,1.18,1.18,0.01,0.85,100,118,2.81,0.91
KHADIM,KHADIMBEN,93.71,94.5,94.5,0.79,0.84,100,9450,295.8,77.47
CONCORDBIO,CONCORDBIOEQN,1256.4,1267.0,1267.0,10.6,0.84,62,78554,1905.0,987.0
CEINSYS,CEINSYSEQN,858.6,865.85,865.85,7.25,0.84,45,38963,1249.9,855.0
KRBL,KRBLEQN,350.55,353.5,353.5,2.95,0.84,660,233310,495.0,274.65
OFSS,OFSSEQN,11089.0,11181.0,11181.0,92.0,0.83,622,6954582,11979.0,6234.5
ALICON,ALICONEQN,678.45,684.0,684.0,5.55,0.82,18,12312,1022.0,580.0
GTLINFRA,GTLINFRAEQN,1.22,1.23,1.23,0.01,0.82,45544,56019,1.67,0.96
CCL,CCLEQN,1174.4,1184.0,1184.0,9.6,0.82,4561,5400224,1242.2,815.5
KRISHANA,KRISHANAEQN,167.65,169.0,169.0,1.35,0.81,15852,2678988,169.45,86.2
CONFIPET,CONFIPETEQN,81.04,81.7,81.7,0.66,0.81,13560,1107852,83.0,28.06
VARDMNPOLY,VARDMNPOLYEQN,6.15,6.2,6.2,0.05,0.81,582,3608,10.65,5.1
METROPOLIS,METROPOLISEQN,577.35,582.0,582.0,4.65,0.81,222,129204,600.0,412.25
RTNPOWER,RTNPOWEREQN,8.63,8.7,8.7,0.07,0.81,41877,364329,13.59,7.52
MUKKA,MUKKAEQN,22.62,22.8,22.8,0.18,0.8,226,5152,31.23,18.27
ABAN,ABANBEN,14.96,15.08,15.08,0.12,0.8,1,15,52.14,12.89
TRUALT,TRUALTEQN,421.25,424.6,424.6,3.35,0.8,25,10615,549.0,310.2
PNGSREVA,PNGSREVAEQN,414.1,417.4,417.4,3.3,0.8,10,4174,476.75,324.25
FINCABLES,FINCABLESEQN,998.6,1006.6,1006.6,8.0,0.8,748,752936,1203.9,700.8
XCHANGING,XCHANGINGEQN,64.19,64.7,64.7,0.51,0.79,250,16175,103.0,47.5
HINDWAREAP,HINDWAREAPEQN,221.05,222.8,222.8,1.75,0.79,154,34311,392.7,170.5
RTNINDIA,RTNINDIAEQN,32.03,32.28,32.28,0.25,0.78,3257,105135,64.0,24.4
RBA,RBAEQN,67.57,68.1,68.1,0.53,0.78,14321,975260,87.65,57.15
CONCOR,CONCOREQN,510.5,514.5,514.5,4.0,0.78,26290,13526205,601.8,421.45
TBZ,TBZEQN,280.22,282.39,282.39,2.17,0.77,11973,3381055,283.0,110.5
CREDITACC,CREDITACCEQN,1591.1,1603.4,1603.4,12.3,0.77,1869,2996754,1614.0,1113.0
SAFARI,SAFARIEQN,1594.2,1606.5,1606.5,12.3,0.77,37,59440,2507.1,1363.1
LXCHEM,LXCHEMEQN,193.05,194.54,194.54,1.49,0.77,15798,3073342,241.0,107.6
INDIAGLYCO,INDIAGLYCOEQN,1184.45,1193.6,1193.6,9.15,0.77,383,457148,1222.0,792.5
CELLO,CELLOEQN,345.05,347.7,347.7,2.65,0.77,45,15646,673.8,336.6
KALAMANDIR,KALAMANDIREQN,87.34,88.0,88.0,0.66,0.76,1799,158312,223.03,86.2
VISHWARAJ,VISHWARAJEQN,5.25,5.29,5.29,0.04,0.76,114,603,10.2,4.14
SFL,SFLEQN,767.2,773.0,773.0,5.8,0.76,141,108993,828.95,456.8
MANUGRAPH,MANUGRAPHBEN,13.09,13.19,13.19,0.1,0.76,301,3970,24.0,9.65
GENESYS,GENESYSEQN,300.55,302.8,302.8,2.25,0.75,357,108099,647.9,198.05
WELSPLSOL,WELSPLSOLEQN,51.69,52.08,52.08,0.39,0.75,1044,54371,63.25,36.0
DRCSYSTEMS,DRCSYSTEMSEQN,13.58,13.68,13.68,0.1,0.74,8,109,23.68,11.5
PRESTIGE,PRESTIGEEQN,1644.6,1656.8,1656.8,12.2,0.74,379,627927,1805.2,1090.0
HCC,HCCEQN,21.73,21.89,21.89,0.16,0.74,77034,1686274,28.5,13.65
PWL,PWLEQN,123.09,124.0,124.0,0.91,0.74,7058,875192,161.99,77.72
UNIMECH,UNIMECHEQN,1203.2,1212.0,1212.0,8.8,0.73,107,129684,1323.0,695.0
SILVERTUC,SILVERTUCEQN,202.42,203.9,203.9,1.48,0.73,81,16515,212.7,66.19
MANORAMA,MANORAMAEQN,1658.9,1671.0,1671.0,12.1,0.73,163,272373,1760.0,1060.6
DOMS,DOMSEQN,2263.5,2280.0,2280.0,16.5,0.73,60,136800,2770.0,2023.9
APOLLOTYRE,APOLLOTYREEQN,419.95,423.0,423.0,3.05,0.73,1354,572742,540.5,365.3
YATHARTH,YATHARTHEQN,843.9,850.0,850.0,6.1,0.72,464,394400,889.9,538.25
FOSECOIND,FOSECOINDEQN,5036.5,5073.0,5073.0,36.5,0.72,1,5073,6846.0,4300.0
SHILPAMED,SHILPAMEDEQN,620.6,625.0,625.0,4.4,0.71,1088,680000,650.0,259.5
ORIENTPPR,ORIENTPPREQN,18.21,18.34,18.34,0.13,0.71,1,18,30.89,13.25
TMB,TMBEQN,893.65,900.0,900.0,6.35,0.71,14293,12863700,917.0,411.8
SENCO,SENCOEQN,417.95,420.9,420.9,2.95,0.71,15851,6671685,430.0,276.0
EQUITASBNK,EQUITASBNKEQN,79.0,79.55,79.55,0.55,0.7,5602,445639,83.9,50.0
GODREJAGRO,GODREJAGROEQN,574.35,578.35,578.35,4.0,0.7,301,174083,867.15,506.1
IPCALAB,IPCALABEQN,1777.6,1790.0,1790.0,12.4,0.7,573,1025670,1944.9,1251.6
TATACAP,TATACAPEQN,350.55,353.0,353.0,2.45,0.7,5061,1786533,379.95,296.0
CAPLIPOINT,CAPLIPOINTEQN,2621.4,2639.4,2639.4,18.0,0.69,218,575389,2699.0,1500.3
GOPAL,GOPALEQN,260.15,261.95,261.95,1.8,0.69,25,6548,398.0,247.55
PVSL,PVSLEQN,108.25,109.0,109.0,0.75,0.69,22,2398,163.0,82.41
GUJALKALI,GUJALKALIEQN,694.1,698.9,698.9,4.8,0.69,609,425630,815.0,409.15
SUDEEPPHRM,SUDEEPPHRMEQN,858.1,864.0,864.0,5.9,0.69,163,140832,894.95,524.05
CANFINHOME,CANFINHOMEEQN,812.8,818.4,818.4,5.6,0.69,296,242246,971.5,708.6
VOGL,VOGLEQN,34.84,35.08,35.08,0.24,0.69,145793,5114418,47.6,30.42
KENNAMET,KENNAMETEQN,2837.3,2857.0,2857.0,19.7,0.69,1,2857,3400.3,2405.2
AUTOAXLES,AUTOAXLESEQN,1792.5,1804.9,1804.9,12.4,0.69,4,7219,2115.0,1540.2
SAKAR,SAKAREQN,830.0,835.65,835.65,5.65,0.68,149,124511,960.0,311.0
PRINCEPIPE,PRINCEPIPEEQN,265.65,267.45,267.45,1.8,0.68,771,206203,358.0,205.0
UEL,UELEQN,120.96,121.78,121.78,0.82,0.68,2,243,220.0,84.43
GHCLTEXTIL,GHCLTEXTILEQN,116.15,116.93,116.93,0.78,0.67,732,85592,120.9,65.26
FERMENTA,FERMENTAEQN,442.05,445.0,445.0,2.95,0.67,201,89445,479.45,248.85
FSL,FSLEQN,262.23,263.99,263.99,1.76,0.67,622,164201,381.4,202.0
ELGIRUBCO,ELGIRUBCOEQN,56.62,57.0,57.0,0.38,0.67,50,2850,90.5,32.72
GNA,GNAEQN,511.85,515.3,515.3,3.45,0.67,211,108728,601.65,291.8
GARUDA,GARUDAEQN,172.34,173.48,173.48,1.14,0.66,1001,173653,249.3,130.0
VINCOFE,VINCOFEEQN,162.87,163.95,163.95,1.08,0.66,1590,260680,179.85,120.24
MEDANTA,MEDANTAEQN,1407.2,1416.5,1416.5,9.3,0.66,397,562350,1456.5,956.0
GROWW,GROWWEQN,199.38,200.7,200.7,1.32,0.66,116543,23390180,227.2,112.0
MENONBE,MENONBEBEN,217.46,218.9,218.9,1.44,0.66,115,25173,224.0,101.5
SHRIRAMFIN,SHRIRAMFINEQN,1038.2,1045.0,1045.0,6.8,0.65,11856,12389520,1108.0,566.5
SANSTAR,SANSTAREQN,116.24,117.0,117.0,0.76,0.65,853,99801,137.49,74.3
GLOBUSSPR,GLOBUSSPREQN,889.45,895.2,895.2,5.75,0.65,79,70720,1303.2,800.05
KAMDHENU,KAMDHENUBEN,36.76,37.0,37.0,0.24,0.65,1038,38406,37.0,16.15
MADRASFERT,MADRASFERTEQN,66.55,66.98,66.98,0.43,0.65,304,20361,97.4,52.56
KUSUMGAR,KUSUMGAREQN,575.2,578.95,578.95,3.75,0.65,853,493844,629.2,548.0
MBAPL,MBAPLEQN,163.95,165.0,165.0,1.05,0.64,13437,2217105,166.95,74.63
UYFINCORP,UYFINCORPEQN,18.88,19.0,19.0,0.12,0.64,469,8911,19.85,11.16
SHINDL,SHINDLEQN,158.97,159.99,159.99,1.02,0.64,751,120152,179.7,130.6
BLUESTONE,BLUESTONEEQN,820.75,826.0,826.0,5.25,0.64,22003,18174478,869.5,399.8
AUTOIND,AUTOINDBEN,89.63,90.2,90.2,0.57,0.64,1,90,103.5,48.35
MANINFRA,MANINFRAEQN,98.38,99.0,99.0,0.62,0.63,22357,2213343,184.75,77.12
BSOFT,BSOFTEQN,293.45,295.3,295.3,1.85,0.63,5991,1769142,474.0,270.2
UBL,UBLEQN,1428.7,1437.7,1437.7,9.0,0.63,607,872683,2042.0,1276.0
EPIGRAL,EPIGRALEQN,1157.0,1164.3,1164.3,7.3,0.63,748,870896,2114.0,807.0
HINDPETRO,HINDPETROEQN,393.95,396.4,396.4,2.45,0.62,6863,2720493,508.45,316.2
THOMASCOTT,THOMASCOTTEQN,315.15,317.1,317.1,1.95,0.62,2,634,459.8,230.0
GENUSPOWER,GENUSPOWEREQN,322.0,324.0,324.0,2.0,0.62,6210,2012040,394.0,210.4
PRECAM,PRECAMEQN,139.85,140.7,140.7,0.85,0.61,2210,310947,262.0,103.98
RBZJEWEL,RBZJEWELEQN,145.61,146.49,146.49,0.88,0.6,130,19043,179.0,100.0
HDIL,HDILBZN,1.66,1.67,1.67,0.01,0.6,25,41,3.36,1.62
ARROWGREEN,ARROWGREENBEN,705.8,710.0,710.0,4.2,0.6,11,7810,817.95,341.95
AARTIIND,AARTIINDEQN,486.1,489.0,489.0,2.9,0.6,856,418584,523.1,338.05
STARCEMENT,STARCEMENTEQN,202.83,204.05,204.05,1.22,0.6,201,41014,308.95,196.53
360ONE,360ONEEQN,1132.7,1139.5,1139.5,6.8,0.6,528,601656,1236.2,906.05
MAGADSUGAR,MAGADSUGAREQN,489.05,492.0,492.0,2.95,0.6,2,984,609.95,417.0
AARTIDRUGS,AARTIDRUGSEQN,410.95,413.4,413.4,2.45,0.6,135,55809,549.3,318.95
SUPRIYA,SUPRIYAEQN,844.9,850.0,850.0,5.1,0.6,481,408850,1085.0,545.5
BERGEPAINT,BERGEPAINTEQN,504.0,507.0,507.0,3.0,0.6,670,339690,594.55,391.1
JUBLFOOD,JUBLFOODEQN,427.45,430.0,430.0,2.55,0.6,3640,1565200,670.45,408.55
VISHNU,VISHNUEQN,636.3,640.1,640.1,3.8,0.6,261,167066,670.0,443.7
GANGAFORGE,GANGAFORGEBEN,1.68,1.69,1.69,0.01,0.6,893,1509,3.29,1.59
INDOTHAI,INDOTHAIEQN,220.09,221.4,221.4,1.31,0.6,773,171142,466.35,143.65
SAKUMA,SAKUMAEQN,1.66,1.67,1.67,0.01,0.6,4545,7590,3.1,1.1
VEDPOWER,VEDPOWEREQN,36.97,37.19,37.19,0.22,0.6,46026,1711706,49.88,33.88
RACLGEAR,RACLGEAREQN,1332.2,1340.1,1340.1,7.9,0.59,16,21441,1691.9,805.0
INTELLECT,INTELLECTEQN,717.7,721.95,721.95,4.25,0.59,1041,751549,1244.6,595.2
JINDALSTEL,JINDALSTELEQN,1065.7,1072.0,1072.0,6.3,0.59,1818,1948896,1306.2,941.55
ANDHRSUGAR,ANDHRSUGAREQN,87.45,87.97,87.97,0.52,0.59,983,86474,107.23,66.5
ORIENTELEC,ORIENTELECEQN,172.98,174.0,174.0,1.02,0.59,370,64380,224.87,149.05
NESTLEIND,NESTLEINDEQN,1446.1,1454.6,1454.6,8.5,0.59,10192,14825283,1510.0,1084.7
THYROCARE,THYROCAREEQN,584.05,587.5,587.5,3.45,0.59,4506,2647275,617.45,342.55
POLYPLEX,POLYPLEXEQN,1161.9,1168.8,1168.8,6.9,0.59,107,125061,1179.9,740.0
WPIL,WPILEQN,442.2,444.8,444.8,2.6,0.59,41,18236,510.35,383.55
KPL,KPLEQN,2708.0,2724.0,2724.0,16.0,0.59,123,335052,2890.3,1561.0
SHANTIGEAR,SHANTIGEAREQN,416.6,419.0,419.0,2.4,0.58,50,20950,598.9,395.0
BASF,BASFEQN,3738.4,3759.9,3759.9,21.5,0.58,13,48878,5150.0,3122.2
SAATVIKGL,SAATVIKGLEQN,442.95,445.5,445.5,2.55,0.58,86,38313,567.0,328.0
TENNIND,TENNINDEQN,540.45,543.6,543.6,3.15,0.58,231,125571,657.0,438.05
POWERICA,POWERICAEQN,565.7,569.0,569.0,3.3,0.58,208,118352,676.95,365.1
SURAJEST,SURAJESTEQN,195.57,196.69,196.69,1.12,0.57,2,393,349.35,171.3
SGFIN,SGFINEQN,688.1,692.0,692.0,3.9,0.57,735,508620,723.6,323.0
KAMATHOTEL,KAMATHOTELEQN,169.83,170.8,170.8,0.97,0.57,253,43212,329.8,140.2
EXIDEIND,EXIDEINDEQN,427.0,429.45,429.45,2.45,0.57,7338,3151304,452.8,287.0
IMAGICAA,IMAGICAAEQN,45.72,45.98,45.98,0.26,0.57,20,919,65.49,36.84
POLYCAB,POLYCABEQN,9010.0,9061.0,9061.0,51.0,0.57,1572,14243892,10126.0,6620.0
DDEVPLSTIK,DDEVPLSTIKEQN,275.45,277.0,277.0,1.55,0.56,100,27700,360.0,185.15
GENUSPAPER,GENUSPAPEREQN,12.59,12.66,12.66,0.07,0.56,202,2557,20.7,8.67
REDTAPE,REDTAPEEQN,127.28,127.99,127.99,0.71,0.56,78,9983,163.5,107.53
BHARATGEAR,BHARATGEARBEN,127.48,128.2,128.2,0.72,0.56,112,14358,154.2,83.8
CORONA,CORONAEQN,2098.2,2110.0,2110.0,11.8,0.56,56,118160,2140.0,1336.6
FEDDERSHOL,FEDDERSHOLEQN,44.64,44.89,44.89,0.25,0.56,10271,461065,53.49,32.06
RELTD,RELTDEQN,174.03,174.99,174.99,0.96,0.55,61,10674,196.45,114.77
LAXMIDENTL,LAXMIDENTLEQN,218.05,219.25,219.25,1.2,0.55,228,49989,472.2,155.88
PDMJEPAPER,PDMJEPAPEREQN,95.75,96.28,96.28,0.53,0.55,171,16463,148.39,65.0
PURVA,PURVAEQN,219.45,220.66,220.66,1.21,0.55,119,26258,305.0,160.69
DPABHUSHAN,DPABHUSHANEQN,1412.35,1420.1,1420.1,7.75,0.55,65,92306,1729.6,866.1
GRWRHITECH,GRWRHITECHEQN,7160.0,7199.5,7199.5,39.5,0.55,369,2656615,7199.0,2681.0
DEN,DENEQN,27.37,27.52,27.52,0.15,0.55,10010,275475,39.2,22.52
CENTENKA,CENTENKAEQN,577.8,581.0,581.0,3.2,0.55,266,154546,622.0,371.2
63MOONS,63MOONSEQN,728.8,732.8,732.8,4.0,0.55,694,508563,1056.9,467.0
JSWDULUX,JSWDULUXEQN,2944.0,2960.2,2960.2,16.2,0.55,4,11840,3868.0,2658.7
ANTHEM,ANTHEMEQN,790.55,794.9,794.9,4.35,0.55,1616,1284558,873.5,579.15
ARIHANTCAP,ARIHANTCAPEQN,78.06,78.48,78.48,0.42,0.54,3559,279310,120.0,56.97
ZOTA,ZOTAEQN,1283.1,1290.0,1290.0,6.9,0.54,10,12900,1740.0,1026.2
NH,NHEQN,2054.0,2065.0,2065.0,11.0,0.54,1281,2645265,2093.3,1589.0
KPRMILL,KPRMILLEQN,1056.0,1061.7,1061.7,5.7,0.54,238,252684,1334.0,796.1
GULFOILLUB,GULFOILLUBEQN,1048.2,1053.9,1053.9,5.7,0.54,255,268744,1329.0,865.0
EMBDL,EMBDLEQN,62.17,62.5,62.5,0.33,0.53,4073,254562,113.72,39.46
BALKRISIND,BALKRISINDEQN,2025.2,2036.0,2036.0,10.8,0.53,191,388876,2775.0,1970.0
BLUSPRING,BLUSPRINGEQN,109.36,109.94,109.94,0.58,0.53,353,38808,131.82,43.98
RADICO,RADICOEQN,4149.5,4171.0,4171.0,21.5,0.52,1164,4855044,4201.0,2500.0
DCBBANK,DCBBANKEQN,190.26,191.25,191.25,0.99,0.52,3425,655031,205.9,119.51
TATATECH,TATATECHEQN,713.3,717.0,717.0,3.7,0.52,520,372840,784.0,507.4
MASFIN,MASFINEQN,318.3,319.95,319.95,1.65,0.52,119,38074,358.85,277.35
AEQUS,AEQUSEQN,229.8,231.0,231.0,1.2,0.52,5834,1347654,274.39,113.3
CLEDUCATE,CLEDUCATEBEN,57.86,58.16,58.16,0.3,0.52,1,58,120.8,35.48
INDUSINVIT,INDUSINVITIVN,130.63,131.29,131.29,0.66,0.51,256,33610,132.99,110.0
RHIM,RHIMEQN,401.05,403.1,403.1,2.05,0.51,579,233394,537.7,323.05
PGHH,PGHHEQN,8993.5,9039.0,9039.0,45.5,0.51,9,81351,14540.0,8680.0
PCBL,PCBLEQN,326.15,327.8,327.8,1.65,0.51,1324,434007,425.95,226.5
PRSMJOHNSN,PRSMJOHNSNEQN,108.55,109.1,109.1,0.55,0.51,42,4582,176.0,106.01
PGINVIT,PGINVITIVN,101.33,101.85,101.85,0.52,0.51,32207,3280282,101.48,86.3
DOLLAR,DOLLAREQN,257.7,256.0,256.0,1.3,0.51,1651,422656,396.0,220.5
STALLION,STALLIONEQN,255.5,256.8,256.8,1.3,0.51,10984,2820691,359.15,94.78
CUPID,CUPIDEQN,221.46,222.59,222.59,1.13,0.51,121450,27033555,226.0,29.6
GNRL,GNRLEQN,92.09,92.56,92.56,0.47,0.51,19,1758,120.9,83.2
PLASTIBLEN,PLASTIBLENEQN,191.08,192.03,192.03,0.95,0.5,10,1920,216.29,121.01
MANOMAY,MANOMAYEQN,206.46,207.5,207.5,1.04,0.5,200,41500,259.88,154.1
THELEELA,THELEELAEQN,475.6,478.0,478.0,2.4,0.5,146,69788,511.0,384.5
THANGAMAYL,THANGAMAYLEQN,7309.5,7346.0,7346.0,36.5,0.5,940,6905240,7344.5,1750.1
RAJRATAN,RAJRATANEQN,504.5,507.0,507.0,2.5,0.5,523,265161,544.0,305.55
GREENPANEL,GREENPANELEQN,191.86,192.82,192.82,0.96,0.5,50,9641,335.2,163.01
TRF,TRFEQN,232.67,233.84,233.84,1.17,0.5,2,467,405.0,215.5
JSFB,JSFBEQN,537.25,539.95,539.95,2.7,0.5,253,136607,569.8,330.0
BANCOINDIA,BANCOINDIAEQN,626.1,629.2,629.2,3.1,0.5,315,198198,879.8,502.0
ESCORTS,ESCORTSEQN,2954.1,2969.0,2969.0,14.9,0.5,299,887731,4180.0,2700.0
GICRE,GICREEQN,359.2,361.0,361.0,1.8,0.5,1395,503595,417.95,346.7
CANTABIL,CANTABILEQN,238.41,239.6,239.6,1.19,0.5,300,71880,321.5,208.5
MACPOWER,MACPOWEREQN,1318.3,1324.9,1324.9,6.6,0.5,11,14573,1470.0,761.0
CAMS,CAMSEQN,785.05,789.0,789.0,3.95,0.5,2024,1596936,844.9,611.4
INDOSTAR,INDOSTAREQN,268.5,269.85,269.85,1.35,0.5,200,53970,301.95,179.03
GRANULES,GRANULESEQN,842.8,847.0,847.0,4.2,0.5,757,641179,910.0,432.6
LLOYDSENGG,LLOYDSENGGEQN,91.33,91.79,91.79,0.46,0.5,27543,2528171,95.1,37.4
DYNAMATECH,DYNAMATECHEQN,10546.0,10599.0,10599.0,53.0,0.5,105,1112895,12875.0,6320.0
PROSTARM,PROSTARMEQN,123.41,124.03,124.03,0.62,0.5,216,26790,253.49,114.64
JAYKAY,JAYKAYEQN,167.99,168.83,168.83,0.84,0.5,51,8610,219.7,115.52
INDIQUBE,INDIQUBEEQN,177.51,178.4,178.4,0.89,0.5,2,356,243.8,131.15
FRONTSP,FRONTSPEQN,1380.8,1387.7,1387.7,6.9,0.5,49,67997,1869.0,1309.1
SINGERIND,SINGERINDEQN,66.47,66.8,66.8,0.33,0.5,151,10086,80.0,57.15
RIR,RIREQN,157.21,157.99,157.99,0.78,0.5,11,1737,170.5,155.1
CAPILLARY,CAPILLARYEQN,535.3,538.0,538.0,2.7,0.5,6213,3342594,798.95,464.25
GKSL,GKSLEQN,127.39,128.03,128.03,0.64,0.5,20,2560,148.34,98.36
MVGJL,MVGJLEQN,167.13,167.95,167.95,0.82,0.49,55,9237,224.0,129.1
EKC,EKCEQN,109.79,110.33,110.33,0.54,0.49,932,102827,156.79,90.25
YATRA,YATRAEQN,110.65,111.19,111.19,0.54,0.49,1140,126756,202.0,89.63
KTKBANK,KTKBANKEQN,285.55,286.95,286.95,1.4,0.49,6575,1886696,287.0,169.12
UCAL,UCALEQN,117.67,118.25,118.25,0.58,0.49,100,11825,151.1,77.0
VAKRANGEE,VAKRANGEEEQN,6.09,6.12,6.12,0.03,0.49,4894,29951,10.15,4.61
SUNDRMFAST,SUNDRMFASTEQN,958.3,963.0,963.0,4.7,0.49,1,963,1072.0,730.1
INDIAMART,INDIAMARTEQN,1759.7,1768.4,1768.4,8.7,0.49,89,157387,2685.0,1751.1
FEDFINA,FEDFINAEQN,150.27,151.0,151.0,0.73,0.49,2288,345488,178.48,119.07
ISGEC,ISGECEQN,859.25,863.5,863.5,4.25,0.49,1,863,1151.3,683.95
HARSHA,HARSHAEQN,405.75,407.75,407.75,2.0,0.49,3,1223,469.0,313.3
ARSSBL,ARSSBLEQN,512.5,515.0,515.0,2.5,0.49,664,341960,794.85,416.0
AYE,AYEEQN,166.81,167.63,167.63,0.82,0.49,1212,203167,197.29,88.22
LTFOODS,LTFOODSEQN,376.4,378.2,378.2,1.8,0.48,737,278733,507.8,333.15
WEBELSOLAR,WEBELSOLAREQN,99.01,99.49,99.49,0.48,0.48,3763,374380,157.3,50.4
BAJAJHCARE,BAJAJHCAREEQN,319.65,321.2,321.2,1.55,0.48,51,16381,537.95,272.35
NAUKRI,NAUKRIEQN,1194.3,1200.0,1200.0,5.7,0.48,2792,3350400,1437.8,908.3
NAVNETEDUL,NAVNETEDULEQN,144.54,145.24,145.24,0.7,0.48,886,128682,168.5,121.5
IGPL,IGPLEQN,472.75,475.0,475.0,2.25,0.48,11,5225,498.75,315.0
IREDA,IREDAEQN,120.29,120.87,120.87,0.58,0.48,9843,1189723,163.35,108.65
AFFLE,AFFLEEQN,1492.8,1500.0,1500.0,7.2,0.48,662,993000,2185.9,1251.3
INDIGO,INDIGOEQN,5230.0,5255.0,5255.0,25.0,0.48,2891,15192205,6232.5,3895.2
SAPPHIRE,SAPPHIREEQN,187.09,187.99,187.99,0.9,0.48,2013,378423,347.9,139.91
ARMANFIN,ARMANFINEQN,1993.4,2003.0,2003.0,9.6,0.48,68,136204,2069.2,1270.0
WCIL,WCILEQN,91.06,91.49,91.49,0.43,0.47,10,914,147.29,77.02
ARFIN,ARFINEQN,91.17,91.6,91.6,0.43,0.47,407,37281,106.2,31.43
BRIGADE,BRIGADEEQN,543.45,546.0,546.0,2.55,0.47,318,173628,802.01,450.75
SAKHTISUG,SAKHTISUGEQN,17.2,17.28,17.28,0.08,0.47,5,86,24.95,13.52
HMVL,HMVLEQN,95.25,95.7,95.7,0.45,0.47,5,478,100.0,55.2
ZFCVINDIA,ZFCVINDIAEQN,2299.1,2309.9,2309.9,10.8,0.47,19,43888,3044.0,2050.33
THOMASCOOK,THOMASCOOKEQN,98.45,98.91,98.91,0.46,0.47,2887,285553,181.55,86.35
JSWHL,JSWHLEQN,10999.0,11051.0,11051.0,52.0,0.47,1,11051,22790.0,10530.0
LASERPOWER,LASERPOWEREQN,306.22,307.66,307.66,1.44,0.47,4470,1375240,317.0,250.0
CARRARO,CARRAROEQN,536.05,538.5,538.5,2.45,0.46,67,36079,667.55,405.0
SBFC,SBFCEQN,90.38,90.8,90.8,0.42,0.46,1693,153724,123.0,79.6
INA,INAEQN,112.04,112.56,112.56,0.52,0.46,220,24763,161.81,79.75
MAHLIFE,MAHLIFEEQN,380.25,382.0,382.0,1.75,0.46,1537,587134,427.05,286.8
JYOTISTRUC,JYOTISTRUCEQN,10.94,10.99,10.99,0.05,0.46,18217,200204,17.99,7.94
PDSL,PDSLEQN,357.5,359.15,359.15,1.65,0.46,112,40224,418.5,246.05
CAPACITE,CAPACITEEQN,218.8,219.8,219.8,1.0,0.46,231,50773,334.0,180.0
SRM,SRMEQN,509.55,511.9,511.9,2.35,0.46,54,27642,649.95,361.35
DIVISLAB,DIVISLABEQN,7414.0,7448.0,7448.0,34.0,0.46,579,4312392,7459.0,5636.5
GRANDOAK,GRANDOAKEQN,39.17,39.35,39.35,0.18,0.46,16,629,55.76,24.0
HALDYNGL,HALDYNGLBEN,120.45,121.0,121.0,0.55,0.46,5,605,133.7,85.0
COCKERILL,COCKERILLEQN,8859.5,8900.0,8900.0,40.5,0.46,4,35600,10871.5,4955.0
TVSSCS,TVSSCSEQN,136.62,137.24,137.24,0.62,0.45,1568,215192,146.5,90.32
MAXHEALTH,MAXHEALTHEQN,1114.6,1119.6,1119.6,5.0,0.45,4699,5261000,1301.7,903.0
ACMESOLAR,ACMESOLAREQN,362.4,364.0,364.0,1.6,0.44,2561,932204,398.65,195.9
RML,RMLEQN,1149.0,1154.0,1154.0,5.0,0.44,14,16156,1323.9,608.5
MRPL,MRPLEQN,162.29,163.0,163.0,0.71,0.44,25448,4148024,212.31,120.4
TGBHOTELS,TGBHOTELSEQN,9.04,9.08,9.08,0.04,0.44,10,90,13.4,7.5
IFBIND,IFBINDEQN,1323.8,1329.6,1329.6,5.8,0.44,57,75787,2019.8,883.2
JUBLINGREA,JUBLINGREAEQN,744.1,747.4,747.4,3.3,0.44,41,30643,845.55,537.3
GINNIFILA,GINNIFILABEN,48.98,49.19,49.19,0.21,0.43,100,4919,57.85,31.5
PAGEIND,PAGEINDEQN,39970.0,40140.0,40140.0,170.0,0.43,15,602100,49090.0,29805.0
JAGRAN,JAGRANEQN,62.31,62.58,62.58,0.27,0.43,441,27597,78.9,59.5
KCP,KCPEQN,162.55,163.25,163.25,0.7,0.43,241,39343,215.19,125.0
LATENTVIEW,LATENTVIEWEQN,313.85,315.2,315.2,1.35,0.43,2891,911243,517.5,248.0
PNBGILTS,PNBGILTSEQN,85.44,85.81,85.81,0.37,0.43,420,36040,114.95,58.6
ANGELONE,ANGELONEEQN,304.2,305.5,305.5,1.3,0.43,8585,2622717,360.45,208.63
RAIN,RAINEQN,223.74,224.7,224.7,0.96,0.43,7099,1595145,228.0,99.9
SPORTKING,SPORTKINGEQN,215.56,216.49,216.49,0.93,0.43,68,14721,218.48,78.17
BLKASHYAP,BLKASHYAPEQN,54.11,54.34,54.34,0.23,0.43,345,18747,80.01,40.32
NUCLEUS,NUCLEUSEQN,731.5,734.65,734.65,3.15,0.43,29,21304,1168.6,690.0
AXISCADES,AXISCADESEQN,1533.4,1540.0,1540.0,6.6,0.43,259,398860,2211.0,1063.3
ALGOQUANT,ALGOQUANTEQN,69.3,69.6,69.6,0.3,0.43,1501,104469,71.01,47.8
LUXIND,LUXINDEQN,1246.6,1252.0,1252.0,5.4,0.43,6,7512,1823.35,824.05
DCAL,DCALEQN,186.11,186.89,186.89,0.78,0.42,211,39433,321.95,128.5
GVKPIL,GVKPILBEN,2.39,2.4,2.4,0.01,0.42,10483,25159,4.06,2.37
DALMIASUG,DALMIASUGEQN,358.5,360.0,360.0,1.5,0.42,48,17280,419.0,261.4
INGERRAND,INGERRANDEQN,4378.9,4397.5,4397.5,18.6,0.42,17,74757,4756.2,3063.3
JASH,JASHEQN,516.8,518.95,518.95,2.15,0.42,137,71096,591.9,327.1
APCOTEXIND,APCOTEXINDEQN,588.5,591.0,591.0,2.5,0.42,746,440886,593.4,310.45
SCI,SCIEQN,283.8,285.0,285.0,1.2,0.42,10620,3026700,368.75,195.55
STCINDIA,STCINDIAEQN,118.4,118.9,118.9,0.5,0.42,501,59568,150.7,97.04
EMPOWER,EMPOWERBEN,2.4,2.41,2.41,0.01,0.42,20985,50573,2.82,1.3
GCSL,GCSLEQN,531.1,533.35,533.35,2.25,0.42,510,272008,538.7,213.15
SUVIDHAA,SUVIDHAAEQN,2.41,2.42,2.42,0.01,0.41,1,2,4.97,2.21
BLUESTARCO,BLUESTARCOEQN,1643.2,1650.0,1650.0,6.8,0.41,110,181500,2040.0,1450.0
NETWEB,NETWEBEQN,4362.2,4380.0,4380.0,17.8,0.41,9376,41066880,5244.0,1812.5
STEELCITY,STEELCITYEQN,75.57,75.88,75.88,0.31,0.41,15,1138,116.0,71.26
RAYMONDLSL,RAYMONDLSLEQN,705.6,708.45,708.45,2.85,0.4,58,41090,1350.0,696.25
GODAVARIB,GODAVARIBEQN,273.9,275.0,275.0,1.1,0.4,427,117425,353.0,227.42
BHARATRAS,BHARATRASEQN,1273.8,1278.9,1278.9,5.1,0.4,5,6394,3000.0,1203.0
EMUDHRA,EMUDHRAEQN,463.15,465.0,465.0,1.85,0.4,164,76260,826.3,364.55
BLS,BLSEQN,237.5,238.45,238.45,0.95,0.4,896,213651,414.9,218.9
RAINBOW,RAINBOWEQN,1483.5,1489.5,1489.5,6.0,0.4,23,34258,1593.7,1084.0
BPCL,BPCLEQN,316.25,317.5,317.5,1.25,0.4,9164,2909570,391.65,266.6
JINDALSAW,JINDALSAWEQN,250.85,251.85,251.85,1.0,0.4,1853,466678,278.95,153.0
TINNARUBR,TINNARUBREQN,1139.3,1143.9,1143.9,4.6,0.4,322,368335,1322.0,527.45
TVSHLTD,TVSHLTDEQN,14694.0,14751.0,14751.0,57.0,0.39,6,88506,16297.0,11063.0
NEWGEN,NEWGENEQN,506.3,508.25,508.25,1.95,0.39,4186,2127534,1041.95,401.05
HCLTECH,HCLTECHEQN,1295.9,1301.0,1301.0,5.1,0.39,14609,19006309,1780.1,1030.0
POONAWALLA,POONAWALLAEQN,465.1,466.9,466.9,1.8,0.39,892,416474,570.4,361.2
VESUVIUS,VESUVIUSEQN,450.95,452.7,452.7,1.75,0.39,10,4527,607.9,430.3
VIYASH,VIYASHEQN,259.7,260.7,260.7,1.0,0.39,2583,673388,298.0,166.0
DREDGECORP,DREDGECORPEQN,1064.9,1068.9,1068.9,4.0,0.38,181,193470,1286.0,538.0
CCCL,CCCLEQN,15.74,15.8,15.8,0.06,0.38,1007,15910,28.87,12.76
MUTHOOTMF,MUTHOOTMFEQN,255.03,255.99,255.99,0.96,0.38,920,235510,262.77,141.2
IDBI,IDBIEQN,84.48,84.8,84.8,0.32,0.38,8138,690102,118.38,61.01
WSTCSTPAPR,WSTCSTPAPREQN,581.7,583.9,583.9,2.2,0.38,1670,975113,590.0,375.0
NECLIFE,NECLIFEBEN,10.41,10.45,10.45,0.04,0.38,35,365,22.4,9.3
ADANIGREEN,ADANIGREENEQN,1399.7,1405.0,1405.0,5.3,0.38,2432,3416960,1631.5,765.0
ORBTEXP,ORBTEXPBEN,244.07,245.0,245.0,0.93,0.38,90,22050,265.0,135.0
IVALUE,IVALUEEQN,288.9,290.0,290.0,1.1,0.38,151,43790,340.0,207.35
LIBERTSHOE,LIBERTSHOEEQN,269.0,270.0,270.0,1.0,0.37,132,35640,404.95,210.5
GARFIBRES,GARFIBRESEQN,753.0,755.8,755.8,2.8,0.37,30,22674,918.65,579.75
STYLAMIND,STYLAMINDEQN,3415.2,3428.0,3428.0,12.8,0.37,58,198824,4150.0,1594.1
HINDCOMPOS,HINDCOMPOSEQN,423.95,425.5,425.5,1.55,0.37,11,4680,550.0,347.1
DEEPAKNTR,DEEPAKNTREQN,1678.9,1685.1,1685.1,6.2,0.37,171,288152,1916.7,1280.0
HLEGLAS,HLEGLASEQN,418.95,420.5,420.5,1.55,0.37,303,127411,661.95,250.0
INDIGRID,INDIGRIDIVN,177.2,177.85,177.85,0.65,0.37,452,80388,180.9,153.22
LLOYDSME,LLOYDSMEEQN,2014.9,2022.3,2022.3,7.4,0.37,941,1902984,2037.0,1042.9
VENTIVE,VENTIVEEQN,617.8,620.0,620.0,2.2,0.36,5,3100,799.0,542.6
CLEAN,CLEANEQN,728.3,730.95,730.95,2.65,0.36,118,86252,1256.8,652.0
MRF,MRFEQN,132020.0,132500.0,132500.0,480.0,0.36,12,1590000,163600.0,122000.0
CIEINDIA,CIEINDIAEQN,413.4,414.9,414.9,1.5,0.36,91,37755,526.0,381.1
SUNDROP,SUNDROPEQN,682.55,685.0,685.0,2.45,0.36,1,685,928.0,556.0
EPACKPEB,EPACKPEBEQN,255.19,256.1,256.1,0.91,0.36,462,118318,344.0,132.17
AEGISLOG,AEGISLOGEQN,1291.3,1295.9,1295.9,4.6,0.36,1442,1868687,1434.5,576.1
ABFRL,ABFRLEQN,57.05,57.25,57.25,0.2,0.35,4442,254304,94.95,53.51
AMBUJACEM,AMBUJACEMEQN,430.95,432.45,432.45,1.5,0.35,5716,2471884,624.8,394.0
ROLEXRINGS,ROLEXRINGSEQN,137.92,138.4,138.4,0.48,0.35,465,64356,176.0,99.79
MINDACORP,MINDACORPEQN,692.55,695.0,695.0,2.45,0.35,226,157070,713.65,445.05
SWSOLAR,SWSOLAREQN,208.27,209.0,209.0,0.73,0.35,1549,323741,294.85,148.0
GOLDIAM,GOLDIAMEQN,355.75,357.0,357.0,1.25,0.35,1238,441966,393.65,198.75
PATANJALI,PATANJALIEQN,346.85,348.05,348.05,1.2,0.35,14120,4914466,638.93,328.2
ATALREAL,ATALREALEQN,31.54,31.65,31.65,0.11,0.35,1068,33802,32.7,17.75
JKTYRE,JKTYREEQN,399.6,401.0,401.0,1.4,0.35,1321,529721,611.9,311.0
EPACK,EPACKEQN,232.1,232.9,232.9,0.8,0.34,251,58457,414.9,196.15
LTTS,LTTSEQN,3498.1,3510.0,3510.0,11.9,0.34,51,179010,4726.0,3010.0
ITCHOTELS,ITCHOTELSEQN,165.43,165.99,165.99,0.56,0.34,4835,802561,253.67,137.3
PRABHA,PRABHAEQN,142.02,142.5,142.5,0.48,0.34,2,285,269.9,137.91
ABBOTINDIA,ABBOTINDIAEQN,27800.0,27895.0,27895.0,95.0,0.34,3,83685,35310.0,25150.0
PRAKASH,PRAKASHEQN,125.47,125.9,125.9,0.43,0.34,1412,177770,190.9,110.24
IOC,IOCEQN,141.52,142.0,142.0,0.48,0.34,55488,7879296,188.96,130.22
WALCHANNAG,WALCHANNAGEQN,233.5,234.3,234.3,0.8,0.34,545,127693,315.8,131.15
UNIONBANK,UNIONBANKEQN,170.11,170.68,170.68,0.57,0.34,10851,1852048,205.49,124.64
AVL,AVLEQN,623.95,626.0,626.0,2.05,0.33,66,41316,705.0,372.4
IKS,IKSEQN,1829.0,1835.0,1835.0,6.0,0.33,345,633075,1933.0,1262.0
INDIANB,INDIANBEQN,831.25,834.0,834.0,2.75,0.33,766,638844,1000.9,606.0
MONARCH,MONARCHEQN,397.6,398.9,398.9,1.3,0.33,3120,1244568,403.8,235.45
SHRINGARMS,SHRINGARMSEQN,220.18,220.9,220.9,0.72,0.33,1892,417942,266.5,166.0
NIBE,NIBEEQN,1494.2,1499.0,1499.0,4.8,0.32,101,151399,1848.0,809.6
JGCHEM,JGCHEMEQN,507.75,509.4,509.4,1.65,0.32,1344,684633,532.0,298.4
COLPAL,COLPALEQN,2136.6,2143.5,2143.5,6.9,0.32,1467,3144514,2504.0,1782.0
RENUKA,RENUKAEQN,21.86,21.93,21.93,0.07,0.32,8608,188773,33.5,21.05
SHALBY,SHALBYEQN,163.48,164.0,164.0,0.52,0.32,998,163672,274.7,125.82
AARON,AARONEQN,141.95,142.4,142.4,0.45,0.32,1407,200356,258.0,106.8
AHCL,AHCLEQN,15.75,15.8,15.8,0.05,0.32,10882,171935,17.28,9.08
PIIND,PIINDEQN,2742.6,2751.0,2751.0,8.4,0.31,187,514437,4330.0,2527.0
BBL,BBLEQN,2562.0,2569.9,2569.9,7.9,0.31,10,25699,3411.0,2051.7
SONATSOFTW,SONATSOFTWEQN,293.35,294.25,294.25,0.9,0.31,2967,873039,421.5,207.15
KHAICHEM,KHAICHEMEQN,48.86,49.01,49.01,0.15,0.31,325,15928,135.8,42.92
KPITTECH,KPITTECHEQN,585.2,587.0,587.0,1.8,0.31,3704,2174248,1328.0,543.0
GOYALALUM,GOYALALUMEQN,6.46,6.48,6.48,0.02,0.31,34,220,11.37,5.34
SUMICHEM,SUMICHEMEQN,538.85,540.5,540.5,1.65,0.31,1978,1069109,665.0,362.6
SAWALIYA,SAWALIYASMN,289.6,290.5,290.5,0.9,0.31,1800,522900,351.0,208.0
ASHIKAG,ASHIKAGEQN,429.65,431.0,431.0,1.35,0.31,311,134041,434.0,339.95
COMSYN,COMSYNEQN,174.48,175.0,175.0,0.52,0.3,321,56175,224.6,127.23
ROSSTECH,ROSSTECHEQN,975.65,978.55,978.55,2.9,0.3,26,25442,1122.0,539.95
VARROC,VARROCEQN,665.7,667.7,667.7,2.0,0.3,218,145558,694.7,462.0
SESHAPAPER,SESHAPAPEREQN,237.29,238.01,238.01,0.72,0.3,831,197786,293.11,209.96
VIKRAMSOLR,VIKRAMSOLREQN,181.19,181.73,181.73,0.54,0.3,2063,374908,407.95,162.1
STERTOOLS,STERTOOLSBEN,241.83,242.55,242.55,0.72,0.3,5,1212,361.95,155.0
ACC,ACCEQN,1358.1,1362.0,1362.0,3.9,0.29,158,215196,1987.0,1251.7
GICHSGFIN,GICHSGFINEQN,148.26,148.69,148.69,0.43,0.29,64,9516,189.79,130.05
FLAIR,FLAIREQN,256.75,257.5,257.5,0.75,0.29,184,47380,357.0,242.9
HTMEDIA,HTMEDIAEQN,24.56,24.63,24.63,0.07,0.29,26,640,28.64,17.52
ELPROINTL,ELPROINTLEQN,177.89,178.4,178.4,0.51,0.29,535,95444,178.5,86.0
TARC,TARCEQN,132.93,133.3,133.3,0.37,0.28,1001,133433,191.12,109.1
TPLPLASTEH,TPLPLASTEHEQN,78.34,78.56,78.56,0.22,0.28,5,392,90.33,50.01
KELLTONTEC,KELLTONTECEQN,14.1,14.14,14.14,0.04,0.28,10242,144821,31.0,13.0
ABSLAMC,ABSLAMCEQN,989.2,992.0,992.0,2.8,0.28,250,248000,1224.9,708.0
AGIIL,AGIILEQN,304.05,304.9,304.9,0.85,0.28,3173,967447,434.4,208.2
TRIDENT,TRIDENTEQN,25.08,25.15,25.15,0.07,0.28,16936,425940,31.89,21.98
RICOAUTO,RICOAUTOEQN,145.59,146.0,146.0,0.41,0.28,8701,1270346,157.0,65.73
HILINFRA,HILINFRAEQN,46.37,46.5,46.5,0.13,0.28,1066,49569,131.4,40.6
SALZERELEC,SALZERELECEQN,573.85,575.4,575.4,1.55,0.27,26,14960,964.7,488.8
LUMAXIND,LUMAXINDEQN,5182.0,5196.0,5196.0,14.0,0.27,5,25980,6934.5,3272.0
NAM-INDIA,NAM-INDIAEQN,1153.9,1157.0,1157.0,3.1,0.27,1470,1700790,1233.5,780.25
LAOPALA,LAOPALAEQN,185.87,186.37,186.37,0.5,0.27,237,44169,281.0,162.1
PARADEEP,PARADEEPEQN,134.64,135.0,135.0,0.36,0.27,7003,945405,234.39,99.7
HATSUN,HATSUNEQN,874.65,877.0,877.0,2.35,0.27,34,29818,1179.0,855.3
KRSNAA,KRSNAAEQN,542.1,543.55,543.55,1.45,0.27,41,22285,894.4,515.0
ZEEL,ZEELEQN,108.86,109.15,109.15,0.29,0.27,46063,5027776,124.14,68.0
BAJAJFINSV,BAJAJFINSVEQN,1913.0,1918.0,1918.0,5.0,0.26,1326,2543268,2195.0,1597.0
SBC,SBCEQN,42.09,42.2,42.2,0.11,0.26,1232,51990,45.0,15.55
SIS,SISEQN,435.4,436.55,436.55,1.15,0.26,39,17025,480.95,257.05
SUNPHARMA,SUNPHARMAEQN,1973.7,1978.8,1978.8,5.1,0.26,7786,15406936,1977.0,1548.0
NOCIL,NOCILEQN,163.03,163.45,163.45,0.42,0.26,144,23536,204.5,125.31
DATAMATICS,DATAMATICSEQN,854.8,857.0,857.0,2.2,0.26,78,66846,1120.0,632.0
SAKSOFT,SAKSOFTEQN,164.69,165.12,165.12,0.43,0.26,1894,312737,229.68,107.59
JAIBALAJI,JAIBALAJIBEN,61.34,61.5,61.5,0.16,0.26,427,26260,117.0,53.65
ITI,ITIEQN,276.1,276.8,276.8,0.7,0.25,1050,290640,372.85,237.0
ALANKIT,ALANKITEQN,7.88,7.9,7.9,0.02,0.25,26,205,15.85,6.8
SHIVALIK,SHIVALIKBEN,264.18,264.85,264.85,0.67,0.25,45,11918,651.0,206.4
SHREEJISPG,SHREEJISPGEQN,631.25,632.8,632.8,1.55,0.25,625,395500,639.8,222.0
VARDHACRLC,VARDHACRLCBEN,44.04,44.15,44.15,0.11,0.25,300,13245,51.64,27.01
VSSL,VSSLEQN,297.3,298.0,298.0,0.7,0.24,236,70328,325.85,206.4
NSLNISP,NSLNISPEQN,42.15,42.25,42.25,0.1,0.24,3910,165197,53.75,33.01
PAYTM,PAYTMEQN,1289.4,1292.5,1292.5,3.1,0.24,6288,8127240,1407.0,930.6
RVNL,RVNLEQN,223.95,224.49,224.49,0.54,0.24,9421,2114920,400.7,220.84
TIRUMALCHM,TIRUMALCHMEQN,172.09,172.5,172.5,0.41,0.24,844,145590,328.8,158.0
ZENSARTECH,ZENSARTECHEQN,515.4,516.6,516.6,1.2,0.23,3113,1608175,868.95,423.0
WANBURY,WANBURYEQN,329.25,330.0,330.0,0.75,0.23,66,21780,358.85,161.5
PAISALO,PAISALOEQN,70.44,70.6,70.6,0.16,0.23,11310,798486,77.39,29.86
NYKAA,NYKAAEQN,326.75,327.5,327.5,0.75,0.23,2648,867220,335.0,200.14
TANLA,TANLAEQN,587.1,588.45,588.45,1.35,0.23,1807,1063329,766.0,365.9
ALIVUS,ALIVUSEQN,1132.5,1135.0,1135.0,2.5,0.22,50,56750,1193.9,819.0
MOIL,MOILEQN,268.4,269.0,269.0,0.6,0.22,365,98185,404.9,242.35
ASAHIINDIA,ASAHIINDIAEQN,878.15,880.1,880.1,1.95,0.22,9,7920,1074.0,775.1
BAYERCROP,BAYERCROPEQN,4238.5,4248.0,4248.0,9.5,0.22,3,12744,6509.5,4030.0
MSTCLTD,MSTCLTDEQN,602.7,604.0,604.0,1.3,0.22,170,102680,743.9,362.15
GATEWAY,GATEWAYEQN,58.5,58.63,58.63,0.13,0.22,1462,85717,76.5,48.1
ASHOKLEY,ASHOKLEYEQN,155.06,155.4,155.4,0.34,0.22,39102,6076450,215.42,114.96
ADVAIT,ADVAITEQN,2314.8,2320.0,2320.0,5.2,0.22,40,92800,2485.0,1351.0
HUBTOWN,HUBTOWNEQN,196.04,196.45,196.45,0.41,0.21,200,39290,365.7,168.15
WINDMACHIN,WINDMACHINEQN,281.9,282.5,282.5,0.6,0.21,177,50002,345.45,200.65
SOUTHBANK,SOUTHBANKEQN,47.9,48.0,48.0,0.1,0.21,29454,1413792,49.9,28.11
DELHIVERY,DELHIVERYEQN,470.0,471.0,471.0,1.0,0.21,1694,797874,524.0,374.45
TITAN,TITANEQN,4740.1,4750.0,4750.0,9.9,0.21,2391,11357250,4749.1,3303.1
WELENT,WELENTEQN,596.8,598.0,598.0,1.2,0.2,258,154284,634.9,412.0
HSCL,HSCLEQN,790.45,792.0,792.0,1.55,0.2,5943,4706856,819.5,418.5
ICICIGI,ICICIGIEQN,1681.0,1684.3,1684.3,3.3,0.2,475,800042,2064.9,1544.6
PTL,PTLEQN,39.42,39.5,39.5,0.08,0.2,202,7979,43.77,36.1
GODREJPROP,GODREJPROPEQN,2078.8,2073.0,2073.0,4.2,0.2,633,1312209,2352.0,1434.0
KSCL,KSCLEQN,832.7,834.4,834.4,1.7,0.2,23,19191,1225.0,705.1
SHARDAMOTR,SHARDAMOTREQN,834.55,836.2,836.2,1.65,0.2,254,212394,1189.9,700.0
DBOL,DBOLEQN,102.3,102.5,102.5,0.2,0.2,12,1230,130.73,69.0
SHAKTIPUMP,SHAKTIPUMPEQN,529.5,530.5,530.5,1.0,0.19,1497,794158,919.7,456.35
SATIA,SATIAEQN,62.13,62.25,62.25,0.12,0.19,1031,64179,90.7,50.8
NELCO,NELCOEQN,933.75,935.5,935.5,1.75,0.19,174,162777,993.8,500.1
SUNDRMBRAK,SUNDRMBRAKBEN,786.0,787.5,787.5,1.5,0.19,15,11812,940.1,460.0
FORCEMOT,FORCEMOTEQN,17268.0,17300.0,17300.0,32.0,0.19,206,3563800,26450.0,14911.0
DREAMFOLKS,DREAMFOLKSEQN,67.54,67.67,67.67,0.13,0.19,16,1082,160.0,56.0
VAML,VAMLEQN,437.15,438.0,438.0,0.85,0.19,12657,5543766,537.0,423.15
MHLXMIRU,MHLXMIRUEQN,140.65,140.9,140.9,0.25,0.18,5,704,244.65,105.53
BLACKBUCK,BLACKBUCKEQN,547.6,548.6,548.6,1.0,0.18,153,83935,748.0,432.55
TIMKEN,TIMKENEQN,3126.9,3132.5,3132.5,5.6,0.18,41,128432,3925.0,2800.5
SAMHI,SAMHIEQN,178.54,178.86,178.86,0.32,0.18,505,90324,234.91,127.0
GLENMARK,GLENMARKEQN,2196.0,2199.9,2199.9,3.9,0.18,131,288186,2474.0,1792.6
ANURAS,ANURASEQN,1223.3,1225.5,1225.5,2.2,0.18,351,430150,1415.0,1045.2
APLLTD,APLLTDEQN,814.45,815.8,815.8,1.35,0.17,259,211292,1026.2,635.8
NESCO,NESCOEQN,1008.3,1010.0,1010.0,1.7,0.17,238,240380,1638.9,996.0
TATAELXSI,TATAELXSIEQN,3554.4,3560.6,3560.6,6.2,0.17,807,2873404,6169.5,3353.9
GUJENERGY,GUJENERGYEQN,265.55,266.0,266.0,0.45,0.17,2338,621908,465.1,261.25
MOBIKWIK,MOBIKWIKEQN,205.56,205.88,205.88,0.32,0.16,2092,430700,334.0,151.46
LT,LTEQN,3806.0,3812.0,3812.0,6.0,0.16,4490,17115880,4440.0,3288.1
AKUMS,AKUMSEQN,675.6,676.65,676.65,1.05,0.16,194,131270,714.7,409.3
TFCILTD,TFCILTDEQN,94.8,94.95,94.95,0.15,0.16,73639,6992023,95.25,51.0
BEPL,BEPLEQN,114.51,114.69,114.69,0.18,0.16,9079,1041270,138.5,74.2
FINPIPE,FINPIPEEQN,163.83,164.1,164.1,0.27,0.16,887,145556,222.5,147.54
PFIZER,PFIZEREQN,4692.6,4700.0,4700.0,7.4,0.16,105,493500,5873.5,4360.1
PIRAMALFIN,PIRAMALFINEQN,2044.8,2048.0,2048.0,3.2,0.16,779,1595392,2220.0,1260.0
BELRISE,BELRISEEQN,232.66,233.0,233.0,0.34,0.15,12080,2814640,252.0,125.2
LASA,LASAEQN,6.82,6.83,6.83,0.01,0.15,4,27,14.08,5.67
SONACOMS,SONACOMSEQN,720.9,722.0,722.0,1.1,0.15,630,454860,741.65,402.3
UCOBANK,UCOBANKEQN,26.66,26.7,26.7,0.04,0.15,36873,984509,34.2,22.22
WABAG,WABAGEQN,1977.5,1980.5,1980.5,3.0,0.15,1443,2857861,2253.5,1033.0
SJS,SJSEQN,2419.3,2423.0,2423.0,3.7,0.15,642,1555566,2434.0,1131.3
INOXWIND,INOXWINDEQN,78.23,78.35,78.35,0.12,0.15,14261,1117349,161.39,75.05
BBTC,BBTCEQN,1496.6,1498.9,1498.9,2.3,0.15,55,82439,2135.0,1314.6
MOLDTECH,MOLDTECHEQN,142.39,142.6,142.6,0.21,0.15,476,67877,221.0,101.1
MOTISONS,MOTISONSEQN,13.96,13.98,13.98,0.02,0.14,113339,1584479,21.5,10.62
SARDAEN,SARDAENEQN,512.3,513.0,513.0,0.7,0.14,458,234954,639.75,429.3
UNOMINDA,UNOMINDAEQN,1162.4,1164.0,1164.0,1.6,0.14,364,423696,1382.0,994.0
FEDERALBNK,FEDERALBNKEQN,356.5,357.0,357.0,0.5,0.14,11963,4270791,357.7,185.11
APLAPOLLO,APLAPOLLOEQN,1849.9,1852.4,1852.4,2.5,0.14,546,1011410,2301.4,1492.0
IFCI,IFCIEQN,70.39,70.49,70.49,0.1,0.14,49697,3503141,95.8,46.23
OLECTRA,OLECTRAEQN,1328.1,1330.0,1330.0,1.9,0.14,1904,2532320,1714.2,866.6
BORORENEW,BORORENEWEQN,585.1,585.9,585.9,0.8,0.14,1060,621054,721.0,374.4
SBIFUNDS,SBIFUNDSEQN,583.2,584.0,584.0,0.8,0.14,13529,7900936,624.95,572.0
DHAMPURSUG,DHAMPURSUGEQN,143.61,143.8,143.8,0.19,0.13,28,4026,167.25,110.0
MARSONS,MARSONSEQN,111.86,112.0,112.0,0.14,0.13,7427,831824,175.4,104.16
MMTC,MMTCEQN,61.66,61.74,61.74,0.08,0.13,7504,463296,78.35,50.1
GRINDWELL,GRINDWELLEQN,2014.6,2017.0,2017.0,2.4,0.12,6,12102,2455.0,1329.0
SUPRAJIT,SUPRAJITEQN,491.4,492.0,492.0,0.6,0.12,45,22140,517.65,389.95
KPIL,KPILEQN,1298.4,1300.0,1300.0,1.6,0.12,70,91000,1479.6,1007.1
BIRLAPREC,BIRLAPRECEQN,34.21,34.25,34.25,0.04,0.12,9,308,49.99,32.25
HINDCOPPER,HINDCOPPEREQN,482.4,483.0,483.0,0.6,0.12,9085,4388055,760.05,226.7
ITDC,ITDCEQN,735.15,736.0,736.0,0.85,0.12,3230,2377280,822.0,368.0
THERMAX,THERMAXEQN,4454.5,4460.0,4460.0,5.5,0.12,96,428160,5277.8,2742.7
ALBERTDAVD,ALBERTDAVDEQN,684.25,685.0,685.0,0.75,0.11,1,685,918.8,579.9
ULTRACEMCO,ULTRACEMCOEQN,11881.0,11894.0,11894.0,13.0,0.11,368,4376992,13110.0,10325.0
ATAM,ATAMEQN,66.08,66.15,66.15,0.07,0.11,1089,72037,111.0,48.5
MTNL,MTNLEQN,27.17,27.2,27.2,0.03,0.11,3455,93976,48.8,21.26
GLAXO,GLAXOEQN,2551.2,2553.9,2553.9,2.7,0.11,57,145572,3200.0,2088.1
AGI,AGIEQN,707.15,707.95,707.95,0.8,0.11,749,530254,992.0,465.0
MARKSANS,MARKSANSEQN,263.4,263.7,263.7,0.3,0.11,3786,998368,281.6,155.0
BCG,BCGEQN,9.47,9.48,9.48,0.01,0.11,14342,135962,17.7,7.97
SYRMA,SYRMAEQN,1316.2,1317.7,1317.7,1.5,0.11,1491,1964690,1517.7,634.5
ATULAUTO,ATULAUTOEQN,482.25,482.75,482.75,0.5,0.1,33,15930,554.0,380.05
SWELECTES,SWELECTESEQN,607.85,608.45,608.45,0.6,0.1,108,65712,977.0,483.1
WELSPUNLIV,WELSPUNLIVEQN,163.53,163.7,163.7,0.17,0.1,4156,680337,174.97,107.1
BIRLAMONEY,BIRLAMONEYEQN,131.22,131.35,131.35,0.13,0.1,11,1444,197.39,95.0
KEC,KECEQN,464.6,465.05,465.05,0.45,0.1,1132,526436,937.8,462.4
KKCL,KKCLEQN,501.95,502.45,502.45,0.5,0.1,2,1004,595.0,408.35
MUNJALAU,MUNJALAUEQN,104.9,105.0,105.0,0.1,0.1,857,89985,114.99,67.2
AWFIS,AWFISEQN,288.65,288.95,288.95,0.3,0.1,799,230871,639.4,229.05
MOLDTKPAC,MOLDTKPACEQN,692.35,693.05,693.05,0.7,0.1,1517,1051356,892.9,464.9
TCPLPACK,TCPLPACKEQN,3208.7,3211.9,3211.9,3.2,0.1,1,3211,3795.0,2200.0
BALAJITELE,BALAJITELEEQN,83.8,83.88,83.88,0.08,0.1,30,2516,141.32,69.52
INDIANHUME,INDIANHUMEEQN,387.0,387.4,387.4,0.4,0.1,3,1162,435.7,279.8
SOTL,SOTLEQN,649.35,650.0,650.0,0.65,0.1,614,399100,666.6,285.8
POKARNA,POKARNAEQN,933.3,934.2,934.2,0.9,0.1,7,6539,1146.2,692.6
TNPETRO,TNPETROEQN,94.14,94.23,94.23,0.09,0.1,360,33922,129.89,78.67
TTKPRESTIG,TTKPRESTIGEQN,655.35,656.0,656.0,0.65,0.1,261,171216,771.2,423.0
KABRAEXTRU,KABRAEXTRUEQN,404.8,405.2,405.2,0.4,0.1,683,276751,408.0,180.0
EMIL,EMILEQN,125.67,125.8,125.8,0.13,0.1,2173,273363,168.5,84.9
VEEDOL,VEEDOLEQN,1392.3,1393.7,1393.7,1.4,0.1,2,2787,2035.0,1238.2
WAAREERTL,WAAREERTLEQN,931.3,932.2,932.2,0.9,0.1,586,546269,1358.0,779.5
ATGL,ATGLEQN,660.5,661.15,661.15,0.65,0.1,2666,1762625,859.85,462.8
GILLETTE,GILLETTEEQN,7940.5,7948.5,7948.5,8.0,0.1,15,119227,11281.0,7206.0
TIMEX,TIMEXEQN,561.25,561.8,561.8,0.55,0.1,782,439327,618.0,312.0
MTARTECH,MTARTECHBEN,5754.5,5760.0,5760.0,5.5,0.1,256,1474560,8714.0,1390.5
SMLMAH,SMLMAHEQN,3903.8,3907.7,3907.7,3.9,0.1,30,117231,5348.0,2719.0
REPCOHOME,REPCOHOMEEQN,391.05,391.45,391.45,0.4,0.1,152,59500,455.9,333.6
PFOCUS,PFOCUSEQN,287.75,288.0,288.0,0.25,0.09,406,116928,367.0,136.53
RKFORGE,RKFORGEEQN,625.45,626.0,626.0,0.55,0.09,9931,6216806,635.55,460.15
SSWL,SSWLEQN,293.95,294.2,294.2,0.25,0.09,3184,936732,304.08,169.0
BANKINDIA,BANKINDIAEQN,137.87,138.0,138.0,0.13,0.09,51219,7068222,178.36,108.81
CEIGALL,CEIGALLEQN,335.8,336.1,336.1,0.3,0.09,33,11091,405.7,222.61
GLOBALE,GLOBALEBEN,10.97,10.98,10.98,0.01,0.09,5,54,15.4,9.2
INTLCONV,INTLCONVEQN,74.93,75.0,75.0,0.07,0.09,1,75,114.54,60.0
COSMOFIRST,COSMOFIRSTEQN,909.2,910.0,910.0,0.8,0.09,297,270270,1137.4,560.8
JLHL,JLHLEQN,327.0,327.3,327.3,0.3,0.09,862,282132,330.0,235.6
GODIGIT,GODIGITEQN,254.8,255.0,255.0,0.2,0.08,1099,280245,381.4,247.35
FILATEX,FILATEXEQN,74.64,74.7,74.7,0.06,0.08,4420,330174,77.54,36.26
ONIDA,ONIDABEN,38.26,38.29,38.29,0.03,0.08,664,25424,49.23,15.2
SANDHAR,SANDHAREQN,599.55,600.0,600.0,0.45,0.08,45,27000,763.2,405.2
LUMAXTECH,LUMAXTECHEQN,1493.9,1495.1,1495.1,1.2,0.08,29,43357,1898.0,954.1
GRSE,GRSEEQN,2647.5,2649.7,2649.7,2.2,0.08,2930,7763621,3339.0,1963.7
ATUL,ATULEQN,6789.5,6795.0,6795.0,5.5,0.08,468,3180060,7180.0,5560.5
GLAND,GLANDEQN,2427.1,2429.0,2429.0,1.9,0.08,136,330344,2573.5,1573.6
HEG,HEGEQN,652.5,653.0,653.0,0.5,0.08,3453,2254809,690.0,459.8
HINDZINC,HINDZINCEQN,529.65,530.05,530.05,0.4,0.08,25669,13605853,733.0,413.5
GREENPLY,GREENPLYEQN,294.75,295.0,295.0,0.25,0.08,365,107675,349.0,176.42
LGEINDIA,LGEINDIAEQN,1526.8,1528.0,1528.0,1.2,0.08,352,537856,1749.0,1304.1
CRISIL,CRISILEQN,4486.3,4490.0,4490.0,3.7,0.08,125,561250,5550.0,3686.0
OAL,OALEQN,392.45,392.75,392.75,0.3,0.08,785,308308,394.9,228.0
NFL,NFLEQN,71.04,71.1,71.1,0.06,0.08,2588,184006,102.97,63.35
EMMBI,EMMBIBEN,87.45,87.52,87.52,0.07,0.08,20,1750,116.9,60.3
GALAPREC,GALAPRECEQN,1164.2,1165.0,1165.0,0.8,0.07,27,31455,1260.0,671.2
EIMCOELECO,EIMCOELECOEQN,1829.8,1831.0,1831.0,1.2,0.07,40,73240,2553.4,1405.5
ELECON,ELECONEQN,423.7,424.0,424.0,0.3,0.07,709,300616,634.9,352.0
SJVN,SJVNEQN,68.04,68.09,68.09,0.05,0.07,9306,633645,101.45,63.02
BHARATSE,BHARATSEEQN,211.85,212.0,212.0,0.15,0.07,231,48972,263.18,103.17
TECHNOE,TECHNOEEQN,997.2,997.9,997.9,0.7,0.07,198,197584,1575.0,870.0
KALYANKJIL,KALYANKJILEQN,564.6,565.0,565.0,0.4,0.07,37196,21015740,616.0,327.05
TORNTPOWER,TORNTPOWEREQN,1440.0,1441.0,1441.0,1.0,0.07,115,165715,1824.1,1188.0
HPTL,HPTLSMN,271.85,272.05,272.05,0.2,0.07,600,163230,327.4,174.35
ASIANPAINT,ASIANPAINTEQN,2710.2,2712.0,2712.0,1.8,0.07,1625,4407000,2985.7,2115.0
MAMATA,MAMATAEQN,380.75,381.0,381.0,0.25,0.07,215,81915,541.0,297.0
AUROPHARMA,AUROPHARMAEQN,1549.4,1550.5,1550.5,1.1,0.07,1702,2638951,1636.8,1016.1
ANUP,ANUPEQN,2144.4,2146.0,2146.0,1.6,0.07,4,8584,2724.7,1422.3
SIGNPOST,SIGNPOSTEQN,305.65,305.85,305.85,0.2,0.07,100,30585,336.8,191.41
BAJFINANCE,BAJFINANCEEQN,1048.3,1049.0,1049.0,0.7,0.07,11299,11852651,1102.5,787.9
CHAMBLFERT,CHAMBLFERTEQN,439.7,440.0,440.0,0.3,0.07,964,424160,580.7,399.75
BIOCON,BIOCONEQN,436.25,436.55,436.55,0.3,0.07,953,416032,447.15,331.0
SURANAT&P,SURANAT&PEQN,18.12,18.13,18.13,0.01,0.06,174,3154,29.27,15.5
HNDFDS,HNDFDSEQN,578.15,578.5,578.5,0.35,0.06,105,60742,595.0,442.0
ABREL,ABRELEQN,1400.2,1401.0,1401.0,0.8,0.06,71,99471,2017.6,1080.1
JSWINFRA,JSWINFRAEQN,321.8,322.0,322.0,0.2,0.06,2530,814660,355.8,233.42
JPPOWER,JPPOWEREQN,17.01,17.02,17.02,0.01,0.06,114574,1950049,24.5,13.15
DELTACORP,DELTACORPEQN,62.71,62.75,62.75,0.04,0.06,2467,154804,98.8,48.3
SOLARINDS,SOLARINDSEQN,18628.0,18628.0,18628.0,11.0,0.06,88,1639264,19187.0,11646.0
RSYSTEMS,RSYSTEMSEQN,252.85,253.0,253.0,0.15,0.06,419,106007,496.9,213.52
SUNTV,SUNTVEQN,488.7,489.0,489.0,0.3,0.06,101,49389,660.7,480.2
ASHOKA,ASHOKAEQN,124.13,124.2,124.2,0.07,0.06,3247,403277,214.5,101.0
JAICORPLTD,JAICORPLTDEQN,102.69,102.75,102.75,0.06,0.06,337,34626,178.24,88.0
ACUTAAS,ACUTAASEQN,3367.8,3369.7,3369.7,1.9,0.06,766,2581190,3740.0,1125.0
JSWCEMENT,JSWCEMENTEQN,134.41,134.49,134.49,0.08,0.06,2315,311344,162.15,106.65
OMNI,OMNIEQN,619.65,620.0,620.0,0.35,0.06,1199,743380,630.4,176.25
HAWKINCOOK,HAWKINCOOKEQN,8894.5,8900.0,8900.0,5.5,0.06,4,35600,9600.0,7109.0
SHARDACROP,SHARDACROPEQN,888.6,889.0,889.0,0.4,0.05,82,72898,1297.0,755.55
KAYNES,KAYNESEQN,3181.3,3183.0,3183.0,1.7,0.05,1624,5169192,7705.0,2995.0
ADANIENT,ADANIENTEQN,3036.6,3038.0,3038.0,1.4,0.05,890,2703820,3245.0,1753.0
NILKAMAL,NILKAMALEQN,1775.2,1776.0,1776.0,0.8,0.05,372,660672,1853.4,1050.5
TATACONSUM,TATACONSUMEQN,1107.4,1108.0,1108.0,0.6,0.05,1897,2101876,1282.7,1007.2
BECTORFOOD,BECTORFOODEQN,211.89,212.0,212.0,0.11,0.05,11615,2462380,310.0,165.0
LOTUSDEV,LOTUSDEVEQN,187.95,188.05,188.05,0.1,0.05,17556,3301405,218.49,102.2
SKYGOLD,SKYGOLDEQN,671.65,671.95,671.95,0.3,0.04,1699,1141643,683.45,246.05
DENTA,DENTAEQN,333.85,334.0,334.0,0.15,0.04,166,55444,479.6,222.0
TEXRAIL,TEXRAILEQN,112.77,112.82,112.82,0.05,0.04,3919,442141,153.9,78.05
IRCTC,IRCTCEQN,494.0,494.2,494.2,0.2,0.04,2113,1044244,750.0,488.55
VBL,VBLEQN,464.5,464.7,464.7,0.2,0.04,18122,8421293,555.8,381.0
SBICARD,SBICARDEQN,645.0,645.25,645.25,0.25,0.04,2622,1691845,965.0,565.45
MANINDS,MANINDSEQN,526.8,527.0,527.0,0.2,0.04,228,120156,623.7,302.05
SANSERA,SANSERAEQN,3273.0,3274.4,3274.4,1.4,0.04,156,510806,3457.5,1216.3
RBLBANK,RBLBANKEQN,362.85,363.0,363.0,0.15,0.04,1387,503481,382.35,243.25
CEATLTD,CEATLTDEQN,3369.7,3371.2,3371.2,1.5,0.04,93,313521,4438.0,3000.5
AVANTIFEED,AVANTIFEEDEQN,979.55,979.95,979.95,0.4,0.04,177,173451,1593.8,614.25
SANOFI,SANOFIEQN,3368.8,3370.0,3370.0,1.2,0.04,53,178610,5924.5,3054.0
POCL,POCLEQN,522.8,523.0,523.0,0.2,0.04,489,255747,647.6,392.2
KIRIINDUS,KIRIINDUSEQN,410.8,410.95,410.95,0.15,0.04,205,84244,779.0,333.8
SINDHUTRAD,SINDHUTRADEQN,24.81,24.82,24.82,0.01,0.04,300,7446,32.74,17.64
CASTROLIND,CASTROLINDEQN,184.32,184.4,184.4,0.08,0.04,1331,245436,225.5,170.1
SYNGENE,SYNGENEEQN,413.85,414.0,414.0,0.15,0.04,645,267030,728.6,380.0
DHRUV,DHRUVBEN,23.99,24.0,24.0,0.01,0.04,5,120,71.25,22.22
RAMANEWS,RAMANEWSEQN,28.52,28.53,28.53,0.01,0.04,26,741,42.0,27.05
EXCELSOFT,EXCELSOFTEQN,77.47,77.5,77.5,0.03,0.04,578,44795,142.59,66.4
PINELABS,PINELABSEQN,148.94,149.0,149.0,0.06,0.04,10007,1491043,284.0,134.73
ATLANTAELE,ATLANTAELEEQN,1614.3,1615.0,1615.0,0.7,0.04,281,453815,2152.6,707.6
NEPHROPLUS,NEPHROPLUSEQN,681.65,681.9,681.9,0.25,0.04,90,61371,769.75,446.0
BATLIBOI,BATLIBOIEQN,84.46,84.49,84.49,0.03,0.04,51,4308,97.45,71.21
TATASTEEL,TATASTEELEQN,184.25,184.31,184.31,0.06,0.03,50867,9375296,224.4,152.51
GOCOLORS,GOCOLORSEQN,329.4,329.5,329.5,0.1,0.03,396,130482,875.0,237.05
SIGNATURE,SIGNATUREEQN,790.8,791.0,791.0,0.2,0.03,396,313236,1187.3,705.2
MANGLMCEM,MANGLMCEMEQN,984.7,985.0,985.0,0.3,0.03,64,63040,1023.45,679.35
BHARATFORG,BHARATFORGEQN,2181.3,2182.0,2182.0,0.7,0.03,295,643690,2238.0,1100.5
MASTEK,MASTEKEQN,1731.6,1732.0,1732.0,0.4,0.02,42,72744,2625.0,1334.2
PASUPTAC,PASUPTACBEN,57.22,57.23,57.23,0.01,0.02,12,686,78.95,40.1
MARINE,MARINEEQN,269.95,270.0,270.0,0.05,0.02,1402,378540,297.9,150.86
BANSALWIRE,BANSALWIREEQN,316.45,316.5,316.5,0.05,0.02,107,33865,418.5,222.5
RITCO,RITCOEQN,295.1,295.15,295.15,0.05,0.02,13,3836,305.0,167.1
GIPCL,GIPCLEQN,162.58,162.61,162.61,0.03,0.02,478,77727,203.25,119.9
NMDC,NMDCEQN,83.52,83.54,83.54,0.02,0.02,12947,1081592,97.49,68.19
DATAPATTNS,DATAPATTNSEQN,4578.9,4579.9,4579.9,1.0,0.02,2027,9283457,4955.9,2131.0
PETRONET,PETRONETEQN,272.9,272.95,272.95,0.05,0.02,650,177417,326.4,235.35
20MICRONS,20MICRONSEQN,204.0,204.05,204.05,0.05,0.02,87,17752,267.02,129.61
CARBORUNIV,CARBORUNIVEQN,1073.1,1073.3,1073.3,0.2,0.02,20,21466,1306.9,735.2
HEXT,HEXTEQN,562.95,563.0,563.0,0.05,0.01,1043,587209,829.4,400.2
IIFLCAPS,IIFLCAPSEQN,337.7,337.75,337.75,0.05,0.01,351,118550,411.3,240.4
IPL,IPLEQN,149.88,149.89,149.89,0.01,0.01,121,18136,245.84,125.0
NATIONALUM,NATIONALUMEQN,339.35,339.4,339.4,0.05,0.01,11166,3789740,445.15,179.93
GPTINFRA,GPTINFRAEQN,120.9,120.91,120.91,0.01,0.01,327,39537,150.0,96.22
GPTHEALTH,GPTHEALTHEQN,165.99,166.0,166.0,0.01,0.01,1175,195050,185.0,115.0
RAMKY,RAMKYEQN,375.2,375.25,375.25,0.05,0.01,6,2251,705.0,368.0
UTIAMC,UTIAMCEQN,904.0,904.05,904.05,0.05,0.01,356,321841,1418.0,876.0
APOLLOHOSP,APOLLOHOSPEQN,8843.5,8844.5,8844.5,1.0,0.01,196,1733522,9009.0,6696.5
FRESHARA,FRESHARASMN,349.95,350.0,350.0,0.05,0.01,600,210000,374.0,130.0
SHAILY,SHAILYEQN,3049.7,3049.9,3049.9,0.2,0.01,355,1082714,3233.9,1535.9
BOMDYEING,BOMDYEINGEQN,122.08,122.09,122.09,0.01,0.01,781,95352,195.45,92.0
IOLCP,IOLCPEQN,151.46,151.48,151.48,0.02,0.01,1769,267968,179.6,67.19
INDIASHLTR,INDIASHLTREQN,727.95,728.0,728.0,0.05,0.01,77,56056,975.0,653.2
WIPRO,WIPROEQN,178.53,178.55,178.55,0.02,0.01,53808,9607418,273.1,169.0
CHENNPETRO,CHENNPETROEQN,1168.8,1168.9,1168.9,0.1,0.01,4913,5742805,1354.0,620.85
TORNTPHARM,TORNTPHARMEQN,5019.5,5020.1,5020.1,0.6,0.01,266,1335346,5085.8,3480.6
ARE&M,ARE&MEQN,874.0,874.05,874.05,0.05,0.01,992,867057,1057.85,670.0
ENRIN,ENRINEQN,3264.6,3265.0,3265.0,0.4,0.01,351,1146015,3968.0,2115.0
HINDOILEXP,HINDOILEXPEQN,157.98,158.0,158.0,0.02,0.01,2132,336856,188.65,117.5
FINEORG,FINEORGEQN,4838.5,4839.0,4839.0,0.5,0.01,1,4839,5407.0,3856.0
BETA,BETAEQN,2230.7,2231.0,2231.0,0.3,0.01,3,6693,2674.0,990.1
VIDYAWIRES,VIDYAWIRESEQN,91.3,91.31,91.31,0.01,0.01,1548,141347,117.35,42.51
KANSAINER,KANSAINEREQN,203.88,203.88,203.88,0.0,0.0,662,134968,264.0,157.91
URJA,URJAEQN,9.1,9.1,9.1,0.0,0.0,2595,23614,14.9,8.0
MOKSH,MOKSHEQN,10.29,10.29,10.29,0.0,0.0,25,257,16.65,8.11
SITINET,SITINETBZN,0.32,0.32,0.32,0.0,0.0,290,92,0.58,0.28
OSWALAGRO,OSWALAGROEQN,38.77,38.77,38.77,0.0,0.0,9,348,93.39,33.4
EMKAY,EMKAYEQN,238.05,238.05,238.05,0.0,0.0,1910,454675,409.9,186.0
TTL,TTLEQN,6.27,6.27,6.27,0.0,0.0,3,18,14.01,6.05
EXICOM,EXICOMEQN,165.2,165.2,165.2,0.0,0.0,1722,284474,182.9,75.6
JNKINDIA,JNKINDIAEQN,469.4,469.4,469.4,0.0,0.0,288,135187,558.0,200.92
BPL,BPLEQN,52.73,52.73,52.73,0.0,0.0,1,52,91.28,37.61
TRAVELFOOD,TRAVELFOODEQN,1276.4,1276.4,1276.4,0.0,0.0,17,21698,1445.0,1008.5
LLOYDSENT,LLOYDSENTEQN,81.64,81.64,81.64,0.0,0.0,11615,948248,83.8,40.69
SANOFICONR,SANOFICONREQN,4685.2,4685.2,4685.2,0.0,0.0,6,28111,5512.0,3975.0
PVP,PVPEQN,27.4,27.4,27.4,0.0,0.0,10,274,39.41,18.49
GMRAIRPORT,GMRAIRPORTEQN,108.0,108.0,108.0,0.0,0.0,7868,849744,115.64,84.11
TARIL,TARILEQN,302.5,302.5,302.5,0.0,0.0,2622,793155,578.5,224.05
SRD,SRDEQN,37.63,37.63,37.63,0.0,0.0,2,75,91.0,37.0
IRMENERGY,IRMENERGYEQN,258.8,258.8,258.8,0.0,0.0,128,33126,393.0,165.4
PPAP,PPAPBEN,287.43,287.43,287.43,0.0,0.0,12,3449,379.5,176.0
ASTEC,ASTECEQN,664.6,664.6,664.6,0.0,0.0,30,19938,941.75,513.4
BAJAJHFL,BAJAJHFLEQN,85.5,85.5,85.5,0.0,0.0,9892,845766,117.98,72.65
AMJLAND,AMJLANDEQN,37.68,37.68,37.68,0.0,0.0,7,263,62.25,30.3
BAIDFIN,BAIDFINEQN,9.86,9.86,9.86,0.0,0.0,315,3105,12.98,8.8
ORIENTTECH,ORIENTTECHEQN,279.17,279.17,279.17,0.0,0.0,5447,1520638,466.73,220.8
HECPROJECT,HECPROJECTEQN,137.7,137.7,137.7,0.0,0.0,8,1101,173.47,92.1
AGARWALEYE,AGARWALEYEEQN,476.2,476.2,476.2,0.0,0.0,198,94287,568.0,401.0
OPTIEMUS,OPTIEMUSEQN,610.45,610.45,610.45,0.0,0.0,28,17092,713.0,288.0
RPOWER,RPOWEREQN,23.76,23.76,23.76,0.0,0.0,57423,1364370,56.74,20.17
ORIENTALTL,ORIENTALTLEQN,5.32,5.32,5.32,0.0,0.0,36,191,11.99,4.4
ANUHPHR,ANUHPHREQN,80.68,80.68,80.68,0.0,0.0,2,161,100.0,67.0
SAILIFE,SAILIFEEQN,1287.0,1287.0,1287.0,0.0,0.0,673,866151,1300.0,778.5
VMM,VMMEQN,110.31,110.31,110.31,0.0,0.0,14916,1645383,157.6,98.77
SIL,SILEQN,16.22,16.22,16.22,0.0,0.0,45,729,20.49,11.7
ENGINERSIN,ENGINERSINEQN,226.42,226.42,226.42,0.0,0.0,9486,2147820,267.0,163.55
MONTECARLO,MONTECARLOEQN,546.85,546.85,546.85,0.0,0.0,32,17499,860.95,464.0
SBCL,SBCLEQN,742.25,742.25,742.25,0.0,0.0,69,51215,814.0,368.6
LALPATHLAB,LALPATHLABEQN,1827.2,1827.2,1827.2,0.0,0.0,2308,4217177,1894.9,1272.6
MITTAL,MITTALEQN,0.91,0.91,0.91,0.0,0.0,338,307,1.82,0.7
BALMLAWRIE,BALMLAWRIEEQN,176.65,176.65,176.65,0.0,0.0,101,17841,238.2,148.36
ASHAPURMIN,ASHAPURMINEQN,702.1,702.1,702.1,0.0,0.0,424,297690,924.9,455.1
SUVEN,SUVENEQN,311.65,311.65,311.65,0.0,0.0,3641,1134717,371.0,124.11
FCSSOFT,FCSSOFTEQN,1.52,1.52,1.52,0.0,0.0,2474,3760,2.61,1.05
ZEELEARN,ZEELEARNBEN,8.16,8.16,8.16,0.0,0.0,1212,9889,10.89,4.17
ELANTAS,ELANTASEQN,9555.0,9555.0,9555.0,0.0,0.0,1,9555,10965.0,8900.0
CHOICEIN,CHOICEINEQN,800.0,800.0,800.0,0.0,0.0,1941,1552800,860.5,568.7
MEP,MEPBZN,0.54,0.54,0.54,0.0,0.0,1229,663,2.87,0.54
NPST,NPSTEQN,1557.1,1557.1,1557.1,0.0,0.0,1,1557,2388.3,846.6
SETUINFRA,SETUINFRABZN,0.43,0.43,0.43,0.0,0.0,206,88,0.78,0.37
CENTRALBK,CENTRALBKEQN,31.25,31.25,31.25,0.0,0.0,24322,760062,40.92,29.32
CSBBANK,CSBBANKEQN,337.25,337.25,337.25,0.0,0.0,248,83638,574.4,317.35
CENTUM,CENTUMEQN,3503.1,3503.1,3503.1,0.0,0.0,16,56049,3916.0,2044.2
EMCURE,EMCUREEQN,1924.8,1924.8,1924.8,0.0,0.0,615,1183752,1944.0,1260.0
AAKASH,AAKASHEQN,9.0,9.0,9.0,0.0,0.0,1490,13410,13.4,7.21
CAPINVIT,CAPINVITIVN,73.23,73.23,73.23,0.0,0.0,223,16330,82.74,67.0
FILATFASH,FILATFASHBEN,0.18,0.18,0.18,0.0,0.0,562013,101162,0.68,0.14
SHOPERSTOP,SHOPERSTOPEQN,385.85,385.85,385.85,0.0,0.0,154,59420,572.0,275.95
YESBANK,YESBANKEQN,22.94,22.94,22.94,0.0,0.0,216789,4973139,25.78,17.2
BALAJEE,BALAJEEEQN,27.13,27.13,27.13,0.0,0.0,12,325,59.9,21.1
MAYURUNIQ,MAYURUNIQEQN,817.65,817.65,817.65,0.0,0.0,239,195418,907.0,471.2
RUSHIL,RUSHILEQN,17.64,17.64,17.64,0.0,0.0,691,12189,33.99,12.49
ADANIPORTS,ADANIPORTSEQN,1770.4,1770.4,1770.4,0.0,0.0,987,1747384,1891.1,1290.5
HIRECT,HIRECTEQN,1332.3,1332.3,1332.3,0.0,0.0,81,107916,1399.0,565.2
RESPONIND,RESPONINDEQN,175.47,175.47,175.47,0.0,0.0,527,92472,240.9,117.25
PFS,PFSEQN,29.24,29.24,29.24,0.0,0.0,6708,196141,42.5,23.85
PARKHOTELS,PARKHOTELSEQN,122.32,122.32,122.32,0.0,0.0,106,12965,164.1,95.1
PLATIND,PLATINDEQN,240.24,240.24,240.24,0.0,0.0,74,17777,342.4,183.5
AVTNPL,AVTNPLEQN,70.22,70.22,70.22,0.0,0.0,69,4845,83.8,53.5
VINNY,VINNYEQN,1.05,1.05,1.05,0.0,0.0,16,16,1.53,0.94
NITINSPIN,NITINSPINEQN,539.85,539.85,539.85,0.0,0.0,44,23753,580.5,302.2
JKCEMENT,JKCEMENTEQN,5730.0,5730.0,5730.0,0.0,0.0,22,126060,7565.5,4671.5
LANDMARK,LANDMARKEQN,538.5,538.5,538.5,0.0,0.0,1027,553039,662.8,339.5
JKLAKSHMI,JKLAKSHMIEQN,574.2,574.2,574.2,0.0,0.0,56,32155,1005.65,549.95
KIRLOSENG,KIRLOSENGEQN,2283.1,2283.1,2283.1,0.0,0.0,1287,2938349,2720.0,855.8
TCIEXP,TCIEXPEQN,561.35,561.35,561.35,0.0,0.0,7,3929,780.0,447.55
PSB,PSBEQN,23.89,23.89,23.89,0.0,0.0,14470,345688,32.46,20.5
IDEA,IDEAEQN,13.06,13.06,13.06,0.0,0.0,1251804,16348560,15.34,6.12
DABUR,DABUREQN,427.35,427.35,427.35,0.0,0.0,2083,890170,577.0,403.35
EICHERMOT,EICHERMOTEQN,7769.5,7769.5,7769.5,0.0,0.0,754,5858203,8230.0,5353.0
TRENT,TRENTEQN,2938.3,2938.3,2938.3,0.0,0.0,835,2453480,3782.67,2183.67
MAHSEAMLES,MAHSEAMLESEQN,576.85,576.85,576.85,0.0,0.0,101,58261,712.8,500.7
DEEPAKFERT,DEEPAKFERTEQN,1634.5,1634.5,1634.5,0.0,0.0,266,434777,1680.0,866.4
BAJAJHIND,BAJAJHINDEQN,16.93,16.93,16.93,0.0,0.0,13937,235953,25.1,14.85
JINDRILL,JINDRILLEQN,594.35,594.35,594.35,0.0,0.0,488,290042,693.5,440.1
DHANBANK,DHANBANKEQN,35.4,35.4,35.4,0.0,0.0,2077,73525,36.85,19.45
CROMPTON,CROMPTONEQN,249.1,249.1,249.1,0.0,0.0,2680,667588,337.5,217.4
ELECTCAST,ELECTCASTEQN,72.14,72.14,72.14,0.0,0.0,1683,121411,115.75,60.15
HDFCLIFE,HDFCLIFEEQN,552.85,552.85,552.85,0.0,0.0,3581,1979755,815.0,543.0
GMRP&UI,GMRP&UIEQN,97.62,97.62,97.62,0.0,0.0,2993,292176,136.95,89.0
SERVOTECH,SERVOTECHEQN,95.6,95.6,95.6,0.0,0.0,1295,123802,144.0,57.51
COASTCORP,COASTCORPEQN,50.07,50.07,50.07,0.0,0.0,10,500,66.7,30.01
CYIENTDLM,CYIENTDLMEQN,665.05,665.05,665.05,0.0,0.0,552,367107,734.95,265.2
FIRSTCRY,FIRSTCRYEQN,213.51,213.5,213.5,-0.01,0.0,968,206668,438.7,202.56
PRICOLLTD,PRICOLLTDEQN,665.35,665.35,665.35,0.0,0.0,2596,1727248,694.2,415.1
OLAELEC,OLAELECEQN,37.27,37.27,37.27,0.0,0.0,82346,3069035,71.25,22.25
WEALTH,WEALTHEQN,958.95,958.95,958.95,0.0,0.0,10,9589,1386.7,774.95
TALBROAUTO,TALBROAUTOEQN,386.85,386.85,386.85,0.0,0.0,652,252226,435.0,219.9
MEDPLUS,MEDPLUSEQN,716.9,716.9,716.9,0.0,0.0,508,364185,1022.2,653.0
ECLERX,ECLERXEQN,1811.7,1811.7,1811.7,0.0,0.0,379,686634,2497.5,1320.0
INDOFARM,INDOFARMEQN,155.38,155.38,155.38,0.0,0.0,69,10721,271.69,110.7
TIPSFILMS,TIPSFILMSEQN,377.25,377.25,377.25,0.0,0.0,11,4149,574.1,276.75
AMRUTANJAN,AMRUTANJANEQN,513.35,513.35,513.35,0.0,0.0,56,28747,790.95,486.0
AHLUCONT,AHLUCONTEQN,830.65,830.65,830.65,0.0,0.0,89,73927,1077.95,645.15
ABB,ABBEQN,7327.5,7327.5,7327.5,0.0,0.0,174,1274985,7924.5,4637.5
FACT,FACTEQN,819.55,819.55,819.55,0.0,0.0,179,146699,1058.6,652.1
IGARASHI,IGARASHIEQN,455.65,455.65,455.65,0.0,0.0,1,455,665.0,271.05
RAILTEL,RAILTELEQN,288.55,288.55,288.55,0.0,0.0,1379,397910,412.9,245.0
SEAMECLTD,SEAMECLTDEQN,1411.2,1411.2,1411.2,0.0,0.0,13,18345,1709.2,752.55
RALLIS,RALLISEQN,221.59,221.59,221.59,0.0,0.0,1907,422572,385.9,215.5
MAWANASUG,MAWANASUGBEN,109.44,109.44,109.44,0.0,0.0,1,109,123.75,75.08
EXXARO,EXXAROEQN,6.58,6.58,6.58,0.0,0.0,301,1980,10.33,6.0
SUZLON,SUZLONEQN,53.15,53.15,53.15,0.0,0.0,236382,12563703,66.81,38.19
SARVESHWAR,SARVESHWAREQN,3.38,3.38,3.38,0.0,0.0,9483,32052,8.48,2.5
VIMTALABS,VIMTALABSEQN,587.15,587.15,587.15,0.0,0.0,518,304143,902.65,376.05
ICRA,ICRAEQN,4745.0,4745.0,4745.0,0.0,0.0,80,379600,6982.0,4731.0
LINDEINDIA,LINDEINDIAEQN,6766.5,6766.5,6766.5,0.0,0.0,23,155629,8049.0,5673.0
CREATIVEYE,CREATIVEYEEQN,6.37,6.37,6.37,0.0,0.0,4,25,8.83,5.41
TIINDIA,TIINDIAEQN,2849.3,2849.3,2849.3,0.0,0.0,130,370409,3419.9,2164.9
BHARTIHEXA,BHARTIHEXAEQN,1614.3,1614.3,1614.3,0.0,0.0,86,138829,1955.6,1430.0
PIONEEREMB,PIONEEREMBEQN,23.04,23.04,23.04,0.0,0.0,2,46,44.9,19.61
ENTERO,ENTEROEQN,1273.4,1273.4,1273.4,0.0,0.0,57,72583,1390.0,944.0
BAJEL,BAJELEQN,177.74,177.74,177.74,0.0,0.0,100,17774,255.9,135.1
MANYAVAR,MANYAVAREQN,410.3,410.3,410.3,0.0,0.0,240,98472,804.0,329.2
IRFC,IRFCEQN,88.13,88.13,88.13,0.0,0.0,19667,1733252,137.17,86.02
ZYDUSLIFE,ZYDUSLIFEEQN,1108.2,1108.2,1108.2,0.0,0.0,470,520854,1181.5,835.5
PRECOT,PRECOTEQN,844.5,844.5,844.5,0.0,0.0,1,844,876.75,300.05
WEL,WELEQN,109.97,109.97,109.97,0.0,0.0,188,20674,183.53,75.01
RPSGVENT,RPSGVENTEQN,898.7,898.7,898.7,0.0,0.0,19,17075,1179.0,551.9
MOTILALOFS,MOTILALOFSEQN,869.3,869.3,869.3,0.0,0.0,1734,1507366,1097.1,614.9
MAZDOCK,MAZDOCKEQN,2330.3,2330.3,2330.3,0.0,0.0,1297,3022399,3061.4,2057.4
TATAINVEST,TATAINVESTEQN,649.95,649.95,649.95,0.0,0.0,858,557657,1184.7,538.85
ROUTE,ROUTEEQN,540.6,540.6,540.6,0.0,0.0,2479,1340147,930.0,410.7
ABDL,ABDLEQN,624.3,624.3,624.3,0.0,0.0,120,74916,711.7,382.1
ASHIANA,ASHIANAEQN,386.9,386.9,386.9,0.0,0.0,1,386,435.9,269.45
HDFCAMC,HDFCAMCEQN,2552.4,2552.4,2552.4,0.0,0.0,684,1745841,2967.25,2205.6
CUBEXTUB,CUBEXTUBEQN,77.43,77.43,77.43,0.0,0.0,22,1703,143.69,73.1
MAPMYINDIA,MAPMYINDIAEQN,1132.1,1132.1,1132.1,0.0,0.0,625,707562,1998.0,795.0
RUSTOMJEE,RUSTOMJEEEQN,409.6,409.6,409.6,0.0,0.0,4,1638,668.0,358.8
CMSINFO,CMSINFOEQN,272.6,272.6,272.6,0.0,0.0,2185,595631,490.95,255.15
NCLIND,NCLINDEQN,185.59,185.59,185.59,0.0,0.0,692,128428,225.2,147.5
SANGHVIMOV,SANGHVIMOVEQN,450.0,450.0,450.0,0.0,0.0,1021,459450,473.0,223.8
CARERATING,CARERATINGEQN,1700.6,1700.6,1700.6,0.0,0.0,1,1700,1838.0,1392.7
GABRIEL,GABRIELEQN,1437.8,1437.8,1437.8,0.0,0.0,688,989206,1519.9,795.7
GHCL,GHCLEQN,438.6,438.6,438.6,0.0,0.0,311,136404,667.2,416.6
ARVIND,ARVINDEQN,523.45,523.45,523.45,0.0,0.0,624,326632,600.0,274.8
FMGOETZE,FMGOETZEEQN,483.75,483.75,483.75,0.0,0.0,42,20317,602.95,358.0
GALAXYSURF,GALAXYSURFEQN,1962.8,1962.8,1962.8,0.0,0.0,17,33367,2750.1,1510.0
PATELENG,PATELENGEQN,27.98,27.98,27.98,0.0,0.0,6632,185563,41.13,22.0
BHAGCHEM,BHAGCHEMEQN,263.3,263.3,263.3,0.0,0.0,2,526,325.0,170.6
SETL,SETLEQN,282.8,282.8,282.8,0.0,0.0,905,255934,305.3,104.56
BHEL,BHELEQN,415.95,415.95,415.95,0.0,0.0,6068,2523984,446.5,205.12
HINDUNILVR,HINDUNILVREQN,2174.6,2174.6,2174.6,0.0,0.0,1975,4294835,2750.0,2022.5
RELIGARE,RELIGAREEQN,255.45,255.45,255.45,0.0,0.0,500,127725,282.5,196.51
AVANTEL,AVANTELEQN,165.05,165.05,165.05,0.0,0.0,2004,330760,215.0,117.05
AKI,AKIEQN,4.19,4.19,4.19,0.0,0.0,88,368,12.99,3.8
KNRCON,KNRCONEQN,122.58,122.58,122.58,0.0,0.0,2608,319688,220.0,108.65
DRONE,DRONESTN,40.0,40.0,40.0,0.0,0.0,500,20000,105.8,36.0
SAIL,SAILEQN,162.62,162.62,162.62,0.0,0.0,25179,4094608,209.7,118.1
MAHABANK,MAHABANKEQN,80.63,80.63,80.63,0.0,0.0,17045,1374338,94.5,51.71
SUNDARMFIN,SUNDARMFINEQN,4416.8,4416.8,4416.8,0.0,0.0,11,48584,5642.0,4000.0
3MINDIA,3MINDIAEQN,35195.0,35195.0,35195.0,0.0,0.0,2,70390,38030.0,28730.0
UFO,UFOEQN,68.45,68.45,68.45,0.0,0.0,267,18276,92.97,53.75
SKIPPER,SKIPPEREQN,520.65,520.65,520.65,0.0,0.0,888,462337,593.0,327.05
COUNCODOS,COUNCODOSEQN,6.32,6.32,6.32,0.0,0.0,33,208,8.89,3.71
ICICIPRULI,ICICIPRULIEQN,509.8,509.8,509.8,0.0,0.0,620,316076,706.8,459.5
ENDURANCE,ENDURANCEEQN,2732.8,2732.8,2732.8,0.0,0.0,198,541094,3079.9,2142.8
SIGMA,SIGMAEQN,37.93,37.93,37.93,0.0,0.0,3,113,65.5,35.46
BLUEDART,BLUEDARTEQN,5114.2,5114.2,5114.2,0.0,0.0,128,654617,7036.0,4628.5
SCODATUBES,SCODATUBESEQN,147.73,147.73,147.73,0.0,0.0,2,295,201.34,110.0
INDIACEM,INDIACEMEQN,398.35,398.35,398.35,0.0,0.0,385,153364,485.8,342.35
NATCOPHARM,NATCOPHARMEQN,927.1,927.1,927.1,0.0,0.0,1131,1048550,1226.8,789.0
MARICO,MARICOEQN,858.65,858.65,858.65,0.0,0.0,418,358915,873.0,690.2
ASAL,ASALEQN,498.25,498.25,498.25,0.0,0.0,111,55305,654.65,374.5
HAVELLS,HAVELLSEQN,1237.4,1237.4,1237.4,0.0,0.0,351,434327,1621.1,1123.6
GODREJCP,GODREJCPEQN,1073.7,1073.7,1073.7,0.0,0.0,37,39726,1309.0,967.05
DYCL,DYCLEQN,414.9,414.9,414.9,0.0,0.0,1946,807395,520.0,236.8
DBCORP,DBCORPEQN,208.29,208.29,208.29,0.0,0.0,48,9997,287.9,184.51
DIGIKORE,DIGIKORESMN,48.4,48.4,48.4,0.0,0.0,400,19360,100.0,44.0
LICI,LICIEQN,424.35,424.35,424.35,0.0,0.0,2632,1116889,468.48,360.75
SHILCTECH,SHILCTECHEQN,4407.1,4407.1,4407.1,0.0,0.0,26,114584,5399.0,2852.5
PRUDENT,PRUDENTEQN,2870.0,2870.0,2870.0,0.0,0.0,214,614180,3160.1,2121.0
TIIL,TIILEQN,2593.0,2593.0,2593.0,0.0,0.0,156,404508,3383.0,1868.5
SMSPHARMA,SMSPHARMAEQN,391.9,391.9,391.9,0.0,0.0,60,23514,447.8,207.99
BSE,BSEEQN,3536.8,3536.8,3536.8,0.0,0.0,4719,16690159,4446.8,2021.5
BRNL,BRNLEQN,17.59,17.59,17.59,0.0,0.0,188,3306,26.5,16.66
SCPL,SCPLEQN,599.3,599.3,599.3,0.0,0.0,60,35958,607.75,190.03
MIDHANI,MIDHANIEQN,397.1,397.1,397.1,0.0,0.0,977,387966,454.8,266.65
VEDL,VEDLEQN,264.65,264.65,264.65,0.0,0.0,19742,5224720,795.0,249.7
SKFINDIA,SKFINDIAEQN,1481.4,1481.4,1481.4,0.0,0.0,31,45923,5074.0,1404.0
BALRAMCHIN,BALRAMCHINEQN,611.65,611.65,611.65,0.0,0.0,519,317446,641.95,393.55
GRAVITA,GRAVITAEQN,1788.8,1788.8,1788.8,0.0,0.0,4321,7729404,1949.0,1266.9
NILASPACES,NILASPACESEQN,12.12,12.12,12.12,0.0,0.0,280,3393,20.47,11.35
PUNJABCHEM,PUNJABCHEMEQN,1156.1,1156.1,1156.1,0.0,0.0,15,17341,1666.0,876.6
TATACOMM,TATACOMMEQN,1735.2,1735.2,1735.2,0.0,0.0,153,265485,2110.0,1322.5
AMBER,AMBEREQN,7280.5,7280.5,7280.5,0.0,0.0,194,1412417,8974.0,5400.5
ASTERDM,ASTERDMEQN,801.5,801.5,801.5,0.0,0.0,835,669252,836.5,519.1
BDL,BDLEQN,1256.4,1256.4,1256.4,0.0,0.0,836,1050350,1667.7,1086.0
HONAUT,HONAUTEQN,37525.0,37525.0,37525.0,0.0,0.0,1,37525,40480.0,26220.0
VGUARD,VGUARDEQN,294.4,294.4,294.4,0.0,0.0,210,61824,405.2,288.8
CDSL,CDSLEQN,1329.0,1329.0,1329.0,0.0,0.0,4404,5852916,1673.7,1116.3
ABCAPITAL,ABCAPITALEQN,400.45,400.45,400.45,0.0,0.0,4335,1735950,411.4,243.0
APEX,APEXEQN,383.85,383.85,383.85,0.0,0.0,166,63719,514.5,208.74
CAPITALSFB,CAPITALSFBEQN,299.85,299.85,299.85,0.0,0.0,14,4197,326.35,206.55
DMART,DMARTEQN,4027.7,4027.7,4027.7,0.0,0.0,1447,5828081,4949.5,3529.0
EASEMYTRIP,EASEMYTRIPEQN,6.82,6.82,6.82,0.0,0.0,25862,176378,10.6,5.77
JALAN,JALANSTN,1.6,1.6,1.6,0.0,0.0,3000,4800,7.1,1.6
VIKASLIFE,VIKASLIFEEQN,1.27,1.27,1.27,0.0,0.0,66502,84457,2.45,1.05
APARINDS,APARINDSEQN,14051.0,14051.0,14051.0,0.0,0.0,359,5044309,17157.0,6801.0
DWARKESH,DWARKESHEQN,42.52,42.52,42.52,0.0,0.0,6323,268853,53.09,32.13
GEOJITFSL,GEOJITFSLEQN,75.16,75.16,75.16,0.0,0.0,40,3006,85.39,50.86
FUSION,FUSIONEQN,220.7,220.7,220.7,0.0,0.0,429,94680,243.0,136.5
MKPL,MKPLEQN,4.18,4.18,4.18,0.0,0.0,813,3398,8.85,3.56
AIAENG,AIAENGEQN,4634.5,4634.5,4634.5,0.0,0.0,38,176111,5180.0,3001.1
VCL,VCLEQN,1.02,1.02,1.02,0.0,0.0,5190,5293,2.66,0.87
VINATIORGA,VINATIORGAEQN,1313.6,1313.6,1313.6,0.0,0.0,1,1313,1909.8,1203.0
GATECH,GATECHEQN,0.49,0.49,0.49,0.0,0.0,6183,3029,0.93,0.4
SPECTRUM,SPECTRUMEQN,2203.1,2203.1,2203.1,0.0,0.0,32,70499,2394.5,1050.0
PNB,PNBEQN,111.62,111.62,111.62,0.0,0.0,25199,2812712,135.15,98.5
KSOLVES,KSOLVESEQN,279.5,279.5,279.5,0.0,0.0,327,91396,354.85,245.75
JSL,JSLEQN,724.0,724.0,724.0,0.0,0.0,94,68056,884.0,652.25
GODREJIND,GODREJINDEQN,1332.9,1332.9,1332.9,0.0,0.0,84,111963,1443.0,744.2
FLEXITUFF,FLEXITUFFBEN,4.62,4.62,4.62,0.0,0.0,134,619,36.74,4.44
ALKEM,ALKEMEQN,5613.0,5613.0,5613.0,0.0,0.0,4,22452,5933.5,4738.5
VALIANTORG,VALIANTORGBEN,262.4,262.4,262.4,0.0,0.0,10,2624,397.0,195.0
LCCINFOTEC,LCCINFOTECEQN,4.34,4.34,4.34,0.0,0.0,6,26,5.89,3.7
GUJTHEM,GUJTHEMEQN,360.75,360.75,360.75,0.0,0.0,25,9018,479.0,225.05
CINELINE,CINELINEEQN,82.29,82.29,82.29,0.0,0.0,1,82,97.99,73.35
BUTTERFLY,BUTTERFLYEQN,766.1,766.1,766.1,0.0,0.0,27,20684,823.85,565.8
KANANIIND,KANANIINDEQN,1.51,1.51,1.51,0.0,0.0,576,869,2.27,1.02
SAMPANN,SAMPANNEQN,27.64,27.64,27.64,0.0,0.0,39,1077,43.44,23.75
CYBERTECH,CYBERTECHBEN,138.85,138.85,138.85,0.0,0.0,11,1527,274.8,95.3
VIPCLOTHNG,VIPCLOTHNGBEN,21.83,21.83,21.83,0.0,0.0,1,21,41.48,14.05
KALPATARU,KALPATARUEQN,267.0,267.0,267.0,0.0,0.0,9,2403,429.3,258.0
HONASA,HONASAEQN,452.75,452.75,452.75,0.0,0.0,544,246296,491.35,248.4
VIVIDHA,VIVIDHAEQN,0.52,0.52,0.52,0.0,0.0,3041,1581,0.91,0.43
TIRUPATIFL,TIRUPATIFLBEN,75.31,75.31,75.31,0.0,0.0,2191,165004,83.9,30.11
DANGEE,DANGEEEQN,2.92,2.92,2.92,0.0,0.0,110,321,5.08,2.53
ZODIAC,ZODIACBEN,245.9,245.9,245.9,0.0,0.0,53,13032,465.65,205.55
BRIGHOTEL,BRIGHOTELEQN,59.99,59.99,59.99,0.0,0.0,300,17997,91.77,54.36
KAVDEFENCE,KAVDEFENCEEQN,57.37,57.37,57.37,0.0,0.0,75,4302,162.87,51.51
GANESHHOU,GANESHHOUEQN,819.85,819.85,819.85,0.0,0.0,22,18036,920.15,500.0
GKENERGY,GKENERGYEQN,136.69,136.69,136.69,0.0,0.0,418,57136,239.6,87.2
PACEDIGITK,PACEDIGITKEQN,197.8,197.8,197.8,0.0,0.0,3635,719003,231.95,139.81
UFBL,UFBLEQN,699.35,699.35,699.35,0.0,0.0,191,133575,763.35,172.34
CRIZAC,CRIZACEQN,194.98,194.98,194.98,0.0,0.0,2424,472631,387.95,173.35
TMCV,TMCVEQN,411.1,411.1,411.1,0.0,0.0,9377,3854884,509.0,306.3
ABLBL,ABLBLEQN,95.47,95.47,95.47,0.0,0.0,1998,190749,151.33,87.91
DISHTV,DISHTVBEN,2.87,2.87,2.87,0.0,0.0,3979,11419,5.99,1.82
APTECHT,APTECHTBEN,91.66,91.66,91.66,0.0,0.0,100,9166,144.3,69.1
FDC,FDCEQN,417.1,417.1,417.1,0.0,0.0,126,52554,527.8,312.95
UMAEXPORTS,UMAEXPORTSBEN,19.47,19.47,19.47,0.0,0.0,1028,20015,57.81,18.12
TARACHAND,TARACHANDEQN,54.6,54.6,54.6,0.0,0.0,10,546,103.67,53.0
SAMBHV,SAMBHVEQN,121.69,121.69,121.69,0.0,0.0,1291,157101,141.32,81.42
WSI,WSIEQN,62.4,62.4,62.4,0.0,0.0,1,62,98.9,59.25
AVONMORE,AVONMOREEQN,9.29,9.29,9.29,0.0,0.0,30,278,23.9,9.2
EFCIL,EFCILEQN,197.05,197.05,197.05,0.0,0.0,117,23054,350.0,171.55
VADILALIND,VADILALINDEQN,6761.5,6761.5,6761.5,0.0,0.0,1,6761,6997.0,3996.0
GVPIL,GVPILEQN,779.85,779.85,779.85,0.0,0.0,256,199641,1084.0,270.9
VELJAN,VELJANBEN,1804.3,1804.3,1804.3,0.0,0.0,1,1804,1980.0,812.0
ESSARSHPNG,ESSARSHPNGEQN,20.43,20.43,20.43,0.0,0.0,701,14321,43.26,18.61
LANDSMILL,LANDSMILLEQN,0.82,0.82,0.82,0.0,0.0,22146,18159,1.74,0.73
CHOLAHLDNG,CHOLAHLDNGEQN,1526.5,1526.5,1526.5,0.0,0.0,138,210657,2064.0,1305.0
ABINFRA,ABINFRAEQN,10.33,10.33,10.33,0.0,0.0,6974,72041,23.56,8.82
KSB,KSBEQN,877.4,877.4,877.4,0.0,0.0,26,22812,1028.3,666.65
SEDEMAC,SEDEMACEQN,2778.3,2778.3,2778.3,0.0,0.0,388,1077980,2977.7,1413.1
RNBDENIMS,RNBDENIMSEQN,9.32,9.32,9.32,0.0,0.0,1125,10485,67.67,9.03
ICICIAMC,ICICIAMCEQN,3143.9,3143.9,3143.9,0.0,0.0,51,160338,3611.0,2530.0
KOPRAN,KOPRANBEN,201.21,201.21,201.21,0.0,0.0,2,402,219.0,107.0
LENSKART,LENSKARTEQN,572.0,572.0,572.0,0.0,0.0,4839,2767908,574.7,356.1
STYL,STYLEQN,359.4,359.4,359.4,0.0,0.0,813,292192,437.45,209.11
CONTROLPR,CONTROLPREQN,592.0,592.0,592.0,0.0,0.0,91,53872,899.0,517.0
IVP,IVPBEN,154.28,154.28,154.28,0.0,0.0,201,31010,196.0,110.0
BMWVENTLTD,BMWVENTLTDEQN,59.34,59.34,59.34,0.0,0.0,602,35722,78.0,48.0
PIGL,PIGLEQN,109.07,109.07,109.07,0.0,0.0,1,109,189.7,88.05
PARKHOSPS,PARKHOSPSEQN,279.7,279.7,279.7,0.0,0.0,271,75798,305.0,138.1
BHANDARI,BHANDARIBEN,2.87,2.87,2.87,0.0,0.0,628,1802,4.84,2.0
NBCC,NBCCEQN,94.9,94.9,94.9,0.0,0.0,17198,1632090,125.85,77.18
AFFORDABLE,AFFORDABLEBEN,184.13,184.13,184.13,0.0,0.0,5,920,435.0,119.71
STLNETWORK,STLNETWORKBEN,25.71,25.71,25.71,0.0,0.0,450,11569,35.4,15.75
SAHLIBHFI,SAHLIBHFIEQN,78.2,78.2,78.2,0.0,0.0,1,78,86.89,70.05
REGAAL,REGAALBEN,77.58,77.58,77.58,0.0,0.0,262,20325,145.7,57.27
ALOKINDS,ALOKINDSEQN,12.04,12.04,12.04,0.0,0.0,11106,133716,20.13,11.11
QPOWER,QPOWERBEN,1105.6,1105.6,1105.6,0.0,0.0,264,291878,1441.0,581.0
MGL,MGLEQN,1098.0,1098.0,1098.0,0.0,0.0,242,265716,1427.9,900.0
CORDELIA,CORDELIAEQN,820.7,820.7,820.7,0.0,0.0,359,294631,925.65,623.1
AEPL,AEPLEQN,15.14,15.14,15.14,0.0,0.0,3,45,20.25,13.25
QUICKHEAL,QUICKHEALBEN,155.72,155.72,155.72,0.0,0.0,324,50453,371.4,125.0
URBANCO,URBANCOEQN,130.42,130.42,130.42,0.0,0.0,2955,385391,201.18,100.7
BFINVEST,BFINVESTEQN,460.1,460.1,460.1,0.0,0.0,2,920,584.7,315.0
EMMVEE,EMMVEEEQN,333.6,333.6,333.6,0.0,0.0,2195,732252,371.55,171.51
SAIPARENT,SAIPARENTEQN,559.75,559.75,559.75,0.0,0.0,174,97396,706.0,400.0
INDGN,INDGNEQN,508.05,508.05,508.05,0.0,0.0,429,217953,596.8,414.0
SUBROS,SUBROSEQN,788.0,788.0,788.0,0.0,0.0,187,147356,1213.7,622.1
REPL,REPLBEN,63.59,63.59,63.59,0.0,0.0,2,127,182.8,60.0
VISL,VISLEQN,30.36,30.36,30.36,0.0,0.0,108712,3300496,44.78,19.06
IONEXCHANG,IONEXCHANGEQN,427.4,427.4,427.4,0.0,0.0,367,156855,486.0,312.7
RUBYMILLS,RUBYMILLSBEN,397.55,397.55,397.55,0.0,0.0,25,9938,424.9,169.02
VPRPL,VPRPLBEN,28.29,28.29,28.29,0.0,0.0,2244,63482,167.4,23.94
DECNGOLD,DECNGOLDEQN,197.0,197.0,197.0,0.0,0.0,2858,563026,235.0,114.8
ERIS,ERISEQN,1403.5,1403.5,1403.5,0.0,0.0,11,15438,1885.0,1200.0
JUSTDIAL,JUSTDIALEQN,718.7,718.7,718.7,0.0,0.0,1058,760384,878.6,480.5
SRTL,SRTLEQN,40.87,40.87,40.87,0.0,0.0,1,40,73.36,38.7
MAJESAUT,MAJESAUTEQN,429.15,429.15,429.15,0.0,0.0,4,1716,439.95,274.0
MARUTI,MARUTIEQN,13730.0,13729.0,13729.0,-1.0,-0.01,709,9733861,17370.0,12201.0
SPARC,SPARCEQN,214.91,214.88,214.88,-0.03,-0.01,2339,502604,289.0,108.0
WAAREEENER,WAAREEENEREQN,2741.4,2741.0,2741.0,-0.4,-0.01,2067,5665647,3865.0,2403.0
PNGJL,PNGJLEQN,689.05,689.0,689.0,-0.05,-0.01,17058,11752962,736.4,503.0
BALUFORGE,BALUFORGEEQN,439.75,439.7,439.7,-0.05,-0.01,281,123555,697.0,341.05
SHRIRAMPPS,SHRIRAMPPSEQN,85.49,85.48,85.48,-0.01,-0.01,740,63255,99.44,60.57
SCHAEFFLER,SCHAEFFLEREQN,4185.5,4185.0,4185.0,-0.5,-0.01,48,200880,4467.7,3518.4
ZENTEC,ZENTECEQN,1688.2,1688.1,1688.1,-0.1,-0.01,2399,4049751,2024.0,1223.0
SOBHA,SOBHAEQN,1361.2,1361.0,1361.0,-0.2,-0.01,153,208233,1732.0,1130.0
TITAGARH,TITAGARHEQN,816.1,816.0,816.0,-0.1,-0.01,663,541008,971.0,568.7
SWARAJENG,SWARAJENGEQN,3605.4,3604.9,3604.9,-0.5,-0.01,27,97332,4545.0,3301.3
GPPL,GPPLEQN,148.31,148.3,148.3,-0.01,-0.01,2843,421616,200.09,141.55
DIFFNKG,DIFFNKGEQN,404.05,404.0,404.0,-0.05,-0.01,95,38380,436.2,216.8
MIDWESTLTD,MIDWESTLTDEQN,1240.1,1240.0,1240.0,-0.1,-0.01,15,18600,1859.9,1048.5
ADVENTHTL,ADVENTHTLEQN,149.47,149.46,149.46,-0.01,-0.01,279,41699,345.05,120.02
JAINREC,JAINRECEQN,338.45,338.4,338.4,-0.05,-0.01,1276,431798,593.95,247.57
MINDTECK,MINDTECKEQN,194.68,194.64,194.64,-0.04,-0.02,421,81943,307.68,145.13
BGRENERGY,BGRENERGYBEN,280.25,280.2,280.2,-0.05,-0.02,307,86021,490.8,94.0
COCHINSHIP,COCHINSHIPEQN,1402.3,1402.0,1402.0,-0.3,-0.02,1120,1570240,1979.9,1187.0
YASHO,YASHOEQN,3092.6,3092.0,3092.0,-0.6,-0.02,4,12368,3262.8,1130.0
EMAMILTD,EMAMILTDEQN,414.1,414.0,414.0,-0.1,-0.02,132,54648,634.2,376.4
BIRLACORPN,BIRLACORPNEQN,910.2,910.0,910.0,-0.2,-0.02,1906,1734460,1535.3,769.6
APTUS,APTUSEQN,279.05,279.0,279.0,-0.05,-0.02,1854,517266,364.0,193.03
CYIENT,CYIENTEQN,825.2,825.05,825.05,-0.15,-0.02,1093,901779,1284.7,750.3
LAURUSLABS,LAURUSLABSEQN,1713.4,1713.0,1713.0,-0.4,-0.02,11660,19973580,1734.5,810.05
LTF,LTFEQN,312.25,312.2,312.2,-0.05,-0.02,15868,4953989,338.6,194.4
PFC,PFCEQN,420.1,420.0,420.0,-0.1,-0.02,17889,7513380,486.5,329.9
PNCINFRA,PNCINFRAEQN,241.85,241.8,241.8,-0.05,-0.02,282,68187,325.0,158.17
INDHOTEL,INDHOTELEQN,733.75,733.6,733.6,-0.15,-0.02,1837,1347623,811.95,565.0
HAL,HALEQN,4619.0,4618.0,4618.0,-1.0,-0.02,1178,5440004,4978.0,3479.1
THEJO,THEJOEQN,1921.2,1920.9,1920.9,-0.3,-0.02,1,1920,2485.8,1443.6
STYLEBAAZA,STYLEBAAZABEN,274.95,274.9,274.9,-0.05,-0.02,50,13745,427.0,229.95
SWIGGY,SWIGGYEQN,257.98,257.9,257.9,-0.08,-0.03,15517,4001834,474.0,235.75
NORTHARC,NORTHARCEQN,300.1,300.0,300.0,-0.1,-0.03,42199,12659700,334.0,206.0
PVRINOX,PVRINOXEQN,1123.2,1122.9,1122.9,-0.3,-0.03,3117,3500079,1249.7,907.4
KMEW,KMEWEQN,2427.8,2427.0,2427.0,-0.8,-0.03,162,393174,2540.0,797.5
EPL,EPLEQN,239.06,239.0,239.0,-0.06,-0.03,400,95600,246.86,176.4
PONNIERODE,PONNIERODEEQN,311.5,311.4,311.4,-0.1,-0.03,10,3114,359.0,252.4
VAIBHAVGBL,VAIBHAVGBLEQN,264.99,264.9,264.9,-0.09,-0.03,2386,632051,293.25,174.13
HINDALCO,HINDALCOEQN,945.25,945.0,945.0,-0.25,-0.03,3258,3078810,1176.0,657.5
RGL,RGLEQN,118.04,118.0,118.0,-0.04,-0.03,1000,118000,147.9,85.0
LUPIN,LUPINEQN,2410.0,2409.2,2409.2,-0.8,-0.03,768,1850265,2529.5,1836.8
AUBANK,AUBANKEQN,1052.2,1051.9,1051.9,-0.3,-0.03,1861,1957585,1090.4,682.15
IIFL,IIFLEQN,573.2,573.0,573.0,-0.2,-0.03,4450,2549850,675.0,409.1
TNPL,TNPLEQN,156.04,156.0,156.0,-0.04,-0.03,537,83772,179.9,121.51
BCLIND,BCLINDEQN,35.3,35.29,35.29,-0.01,-0.03,1152,40654,45.8,25.53
SUDARSCHEM,SUDARSCHEMEQN,1056.35,1056.0,1056.0,-0.35,-0.03,38,40128,1603.0,726.4
IDEAFORGE,IDEAFORGEBEN,860.25,860.0,860.0,-0.25,-0.03,2089,1796540,992.25,366.0
INDRAMEDCO,INDRAMEDCOEQN,368.6,368.45,368.45,-0.15,-0.04,175,64478,640.85,342.0
MFSL,MFSLEQN,1511.1,1510.5,1510.5,-0.6,-0.04,109,164644,1892.5,1433.6
ICIL,ICILEQN,401.15,401.0,401.0,-0.15,-0.04,172,68972,463.8,216.9
JAMNAAUTO,JAMNAAUTOEQN,135.06,135.0,135.0,-0.06,-0.04,3826,516510,152.6,87.75
GESHIP,GESHIPEQN,1398.6,1398.0,1398.0,-0.6,-0.04,1776,2482848,1798.0,913.1
PTC,PTCEQN,166.33,166.27,166.27,-0.06,-0.04,646,107410,229.51,149.59
JYOTHYLAB,JYOTHYLABEQN,201.98,201.9,201.9,-0.08,-0.04,491,99132,352.7,188.1
RECLTD,RECLTDEQN,368.15,368.0,368.0,-0.15,-0.04,11815,4347920,403.6,304.05
HEIDELBERG,HEIDELBERGEQN,158.06,158.0,158.0,-0.06,-0.04,236,37288,224.8,136.1
OSWALPUMPS,OSWALPUMPSEQN,349.2,349.05,349.05,-0.15,-0.04,447,156025,888.4,283.1
VOLTAMP,VOLTAMPEQN,9183.0,9179.0,9179.0,-4.0,-0.04,14,128506,12863.0,6666.0
CSM,CSMEQN,99.54,99.5,99.5,-0.04,-0.04,1139,113330,113.0,95.1
ANANTRAJ,ANANTRAJEQN,616.9,616.6,616.6,-0.3,-0.05,6484,3998034,743.65,403.0
AARTIPHARM,AARTIPHARMEQN,684.35,684.0,684.0,-0.35,-0.05,102,69768,954.0,585.0
UGARSUGAR,UGARSUGAREQN,43.49,43.47,43.47,-0.02,-0.05,2831,123063,48.85,33.75
ZUARI,ZUARIEQN,222.1,222.0,222.0,-0.1,-0.05,81,17982,393.55,175.1
SEIL,SEILEQN,205.1,205.0,205.0,-0.1,-0.05,103,21115,239.96,172.9
ADANIPOWER,ADANIPOWEREQN,213.96,213.85,213.85,-0.11,-0.05,40311,8620507,254.2,110.45
GRINFRA,GRINFRAEQN,877.45,877.0,877.0,-0.45,-0.05,11,9647,1345.0,785.0
DEVYANI,DEVYANIEQN,116.06,116.0,116.0,-0.06,-0.05,5301,614916,191.0,91.55
AIIL,AIILEQN,551.7,551.45,551.45,-0.25,-0.05,535,295025,683.0,400.0
GSFC,GSFCEQN,160.08,160.0,160.0,-0.08,-0.05,852,136320,220.59,138.83
KOTHARIPET,KOTHARIPETEQN,136.07,136.0,136.0,-0.07,-0.05,202,27472,174.0,94.75
PICCADIL,PICCADILEQN,757.05,756.65,756.65,-0.4,-0.05,596,450963,805.5,515.0
FIVESTAR,FIVESTAREQN,540.25,540.0,540.0,-0.25,-0.05,728,393120,695.15,338.15
ETERNAL,ETERNALEQN,295.85,295.7,295.7,-0.15,-0.05,107312,31732158,368.45,212.6
ADVENZYMES,ADVENZYMESEQN,316.6,316.45,316.45,-0.15,-0.05,209,66138,419.0,251.95
STUDDS,STUDDSEQN,444.2,444.0,444.0,-0.2,-0.05,25,11100,600.0,427.55
VMSTMT,VMSTMTBEN,44.02,44.0,44.0,-0.02,-0.05,58,2552,105.0,33.5
GAYAPROJ,GAYAPROJBEN,20.21,20.2,20.2,-0.01,-0.05,1127,22765,26.0,7.7
CMPDI,CMPDIEQN,253.45,253.32,253.32,-0.13,-0.05,6234,1579196,283.69,150.16
VERANDA,VERANDAEQN,232.95,232.8,232.8,-0.15,-0.06,110,25608,272.5,130.02
SURYAROSNI,SURYAROSNIEQN,239.2,239.05,239.05,-0.15,-0.06,168,40160,344.4,187.35
PARACABLES,PARACABLESEQN,62.9,62.86,62.86,-0.04,-0.06,1369,86055,75.7,28.3
BAJAJ-AUTO,BAJAJ-AUTOEQN,11183.5,11176.5,11176.5,-7.0,-0.06,371,4146481,11331.0,7858.5
BAJAJCON,BAJAJCONEQN,540.85,540.5,540.5,-0.35,-0.06,474,256197,692.0,220.1
IEX,IEXEQN,126.77,126.7,126.7,-0.07,-0.06,11124,1409410,160.27,114.6
KDDL,KDDLEQN,3119.0,3117.0,3117.0,-2.0,-0.06,3,9351,3416.0,1990.0
MANKIND,MANKINDEQN,2551.6,2550.0,2550.0,-1.6,-0.06,80,204000,2674.0,1909.7
HUDCO,HUDCOEQN,202.16,202.03,202.03,-0.13,-0.06,28050,5666941,246.85,159.0
EUROPRATIK,EUROPRATIKEQN,314.6,314.4,314.4,-0.2,-0.06,250,78600,390.0,205.1
INDOCO,INDOCOEQN,248.14,248.0,248.0,-0.14,-0.06,46,11408,332.2,162.19
HYUNDAI,HYUNDAIEQN,1984.6,1983.3,1983.3,-1.3,-0.07,708,1404176,2890.0,1658.0
SAMMAANCAP,SAMMAANCAPEQN,164.96,164.85,164.85,-0.11,-0.07,5058,833811,192.95,114.1
ARTEMISMED,ARTEMISMEDEQN,278.5,278.3,278.3,-0.2,-0.07,237,65957,297.5,203.35
J&KBANK,J&KBANKEQN,177.51,177.39,177.39,-0.12,-0.07,5301,940344,201.75,97.35
ORCHPHARMA,ORCHPHARMAEQN,987.95,987.3,987.3,-0.65,-0.07,11,10860,1119.8,480.0
PHOENIXLTD,PHOENIXLTDEQN,2036.6,2035.1,2035.1,-1.5,-0.07,257,523020,2169.8,1402.5
TIMETECHNO,TIMETECHNOEQN,206.75,206.6,206.6,-0.15,-0.07,2243,463403,249.15,154.0
CANBK,CANBKEQN,127.26,127.17,127.17,-0.09,-0.07,192610,24494213,162.89,103.55
RITES,RITESEQN,217.15,217.0,217.0,-0.15,-0.07,845,183365,280.9,175.0
DIXON,DIXONEQN,13810.0,13800.0,13800.0,-10.0,-0.07,755,10419000,18471.0,9600.0
ORTINGLOBE,ORTINGLOBEBEN,14.51,14.5,14.5,-0.01,-0.07,8,116,21.3,10.66
JIOFIN,JIOFINEQN,236.17,236.0,236.0,-0.17,-0.07,25097,5922892,338.6,223.3
CESC,CESCEQN,162.32,162.2,162.2,-0.12,-0.07,1865,302503,204.5,138.12
SUYOG,SUYOGEQN,885.4,884.75,884.75,-0.65,-0.07,27,23888,925.0,526.5
VIPIND,VIPINDEQN,296.25,296.0,296.0,-0.25,-0.08,347,102712,472.9,278.25
DLF,DLFEQN,650.9,650.4,650.4,-0.5,-0.08,9466,6156686,820.45,489.4
NITCO,NITCOEQN,107.59,107.5,107.5,-0.09,-0.08,334,35905,141.99,64.0
EIDPARRY,EIDPARRYEQN,771.15,770.5,770.5,-0.65,-0.08,162,124821,1246.8,698.2
SANDUMA,SANDUMAEQN,198.15,198.0,198.0,-0.15,-0.08,807,159786,273.0,141.37
RISHABH,RISHABHEQN,624.7,624.2,624.2,-0.5,-0.08,27,16853,692.8,272.3
NCC,NCCEQN,142.14,142.02,142.02,-0.12,-0.08,3362,477471,225.95,130.0
NEULANDLAB,NEULANDLABEQN,18994.0,18978.0,18978.0,-16.0,-0.08,53,1005834,20089.0,11500.0
MPSLTD,MPSLTDEQN,2687.1,2685.0,2685.0,-2.1,-0.08,395,1060575,2800.0,1336.1
JWL,JWLEQN,247.6,247.4,247.4,-0.2,-0.08,4917,1216465,372.85,235.65
BRITANNIA,BRITANNIAEQN,5384.5,5380.0,5380.0,-4.5,-0.08,51,274380,6336.0,5035.0
ASKAUTOLTD,ASKAUTOLTDEQN,514.4,514.0,514.0,-0.4,-0.08,2271,1167294,578.5,375.3
IGL,IGLEQN,150.27,150.15,150.15,-0.12,-0.08,4020,603603,223.5,141.74
DJML,DJMLEQN,114.49,114.4,114.4,-0.09,-0.08,21,2402,124.8,52.0
VIKRAN,VIKRANEQN,71.83,71.77,71.77,-0.06,-0.08,3422,245596,118.4,51.1
SAREGAMA,SAREGAMAEQN,514.85,514.45,514.45,-0.4,-0.08,635,326675,519.8,307.05
INFOBEAN,INFOBEANEQN,157.14,157.0,157.0,-0.14,-0.09,600,94200,257.5,116.5
SAURASHCEM,SAURASHCEMEQN,57.93,57.88,57.88,-0.05,-0.09,46,2662,128.4,47.65
BAJAJHLDNG,BAJAJHLDNGEQN,10810.0,10800.0,10800.0,-10.0,-0.09,110,1188000,14763.0,8588.0
SPIC,SPICEQN,66.15,66.09,66.09,-0.06,-0.09,290,19166,128.2,55.1
HERITGFOOD,HERITGFOODEQN,327.2,326.9,326.9,-0.3,-0.09,850,277865,540.0,292.55
C2C,C2CSMN,275.25,275.0,275.0,-0.25,-0.09,300,82500,888.0,246.6
GRAUWEIL,GRAUWEILEQN,75.32,75.25,75.25,-0.07,-0.09,803,60425,87.4,62.09
VASCONEQ,VASCONEQBEN,32.53,32.5,32.5,-0.03,-0.09,20,650,74.59,26.75
BBOX,BBOXEQN,775.7,774.95,774.95,-0.75,-0.1,314,243334,1103.0,435.05
DAMCAPITAL,DAMCAPITALEQN,156.86,156.7,156.7,-0.16,-0.1,554,86811,286.0,119.22
SBILIFE,SBILIFEEQN,1866.8,1865.0,1865.0,-1.8,-0.1,953,1777345,2132.0,1700.4
MUFIN,MUFINEQN,125.61,125.48,125.48,-0.13,-0.1,1360,170652,138.0,82.99
OBEROIRLTY,OBEROIRLTYEQN,1832.6,1830.7,1830.7,-1.9,-0.1,85,155609,1986.1,1391.2
PENIND,PENINDEQN,165.16,165.0,165.0,-0.16,-0.1,715,117975,279.9,129.1
DIAMONDYD,DIAMONDYDEQN,1097.6,1096.5,1096.5,-1.1,-0.1,9,9868,1228.9,858.9
MSUMI,MSUMIEQN,41.74,41.7,41.7,-0.04,-0.1,45887,1913487,53.59,35.7
IRB,IRBEQN,19.62,19.6,19.6,-0.02,-0.1,29313,574534,23.95,19.15
ANANDRATHI,ANANDRATHIEQN,2052.1,2050.0,2050.0,-2.1,-0.1,127,260350,2176.2,1270.0
HEMIPROP,HEMIPROPEQN,135.14,135.0,135.0,-0.14,-0.1,1110,149850,190.69,111.2
JISLJALEQS,JISLJALEQSEQN,30.43,30.4,30.4,-0.03,-0.1,3857,117252,59.0,27.1
ASTRAMICRO,ASTRAMICROEQN,1801.8,1800.0,1800.0,-1.8,-0.1,507,912600,1871.0,851.0
HBLENGINE,HBLENGINEEQN,713.75,713.0,713.0,-0.75,-0.11,2080,1483040,1122.0,551.6
ALPA,ALPAEQN,66.58,66.51,66.51,-0.07,-0.11,1,66,105.51,46.1
POWERMECH,POWERMECHEQN,2692.9,2690.0,2690.0,-2.9,-0.11,201,540690,3260.0,1717.7
DHANUKA,DHANUKAEQN,996.2,995.1,995.1,-1.1,-0.11,101,100505,1975.0,889.6
FOODSIN,FOODSINEQN,53.63,53.57,53.57,-0.06,-0.11,200,10714,112.0,44.0
KIOCL,KIOCLEQN,355.35,354.95,354.95,-0.4,-0.11,146,51822,634.55,290.65
HEROMOTOCO,HEROMOTOCOEQN,5113.8,5108.0,5108.0,-5.8,-0.11,793,4050644,6388.5,4201.0
LEMONTREE,LEMONTREEEQN,111.82,111.7,111.7,-0.12,-0.11,6140,685838,180.68,99.61
IDFCFIRSTB,IDFCFIRSTBEQN,84.88,84.79,84.79,-0.09,-0.11,156155,13240382,88.76,58.08
TICL,TICLBEN,9.26,9.25,9.25,-0.01,-0.11,1000,9250,33.99,9.21
SUPREMEINF,SUPREMEINFEQN,80.29,80.2,80.2,-0.09,-0.11,9,721,127.9,58.11
POLICYBZR,POLICYBZREQN,1553.2,1551.4,1551.4,-1.8,-0.12,170,263738,1974.0,1364.0
SDBL,SDBLEQN,72.07,71.98,71.98,-0.09,-0.12,1162,83640,159.69,61.8
GRASIM,GRASIMEQN,3112.4,3108.7,3108.7,-3.7,-0.12,180,559566,3246.0,2502.5
PRECWIRE,PRECWIREEQN,373.95,373.5,373.5,-0.45,-0.12,956,357066,467.5,168.51
KITEX,KITEXEQN,147.18,147.0,147.0,-0.18,-0.12,484,71148,264.75,138.2
NAVA,NAVAEQN,564.65,564.0,564.0,-0.65,-0.12,264,148896,739.4,501.65
CCAVENUE,CCAVENUEEQN,16.73,16.71,16.71,-0.02,-0.12,16473,275263,20.5,12.92
SOUTHWEST,SOUTHWESTEQN,235.31,235.0,235.0,-0.31,-0.13,75,17625,275.0,121.0
SOLARA,SOLARAEQN,505.0,504.35,504.35,-0.65,-0.13,1233,621863,712.0,422.0
NIVABUPA,NIVABUPAEQN,86.92,86.81,86.81,-0.11,-0.13,342,29689,91.2,67.5
CHOLAFIN,CHOLAFINEQN,1785.2,1782.9,1782.9,-2.3,-0.13,796,1419188,1875.0,1299.4
KFINTECH,KFINTECHEQN,949.25,948.0,948.0,-1.25,-0.13,11976,11353248,1215.0,784.95
MCLEODRUSS,MCLEODRUSSBEN,52.57,52.5,52.5,-0.07,-0.13,101,5302,78.41,28.5
TDPOWERSYS,TDPOWERSYSEQN,1141.5,1140.0,1140.0,-1.5,-0.13,703,801420,1379.6,453.1
MANCREDIT,MANCREDITEQN,222.3,222.02,222.02,-0.28,-0.13,1655,367443,265.0,152.06
ARVINDFASN,ARVINDFASNEQN,463.7,463.1,463.1,-0.6,-0.13,15,6946,579.0,366.2
NAZARA,NAZARAEQN,303.4,303.0,303.0,-0.4,-0.13,2951,894153,363.25,215.7
AXITA,AXITAEQN,7.41,7.4,7.4,-0.01,-0.13,3341,24723,12.2,6.57
GRMOVER,GRMOVEREQN,90.12,90.0,90.0,-0.12,-0.13,11,990,185.45,81.95
UNITDSPR,UNITDSPREQN,1482.0,1480.0,1480.0,-2.0,-0.13,2256,3338880,1503.5,1210.8
ACI,ACIEQN,576.75,576.0,576.0,-0.75,-0.13,277,159552,727.6,483.0
SHREERAMA,SHREERAMAEQN,39.8,39.75,39.75,-0.05,-0.13,20,795,71.99,39.26
SIKA,SIKAEQN,1123.5,1122.0,1122.0,-1.5,-0.13,96,107712,1359.4,870.1
KPEL,KPELEQN,311.15,310.7,310.7,-0.45,-0.14,264,82024,540.3,237.9
SNOWMAN,SNOWMANEQN,36.35,36.3,36.3,-0.05,-0.14,10,363,64.05,30.5
NIITLTD,NIITLTDEQN,95.08,94.95,94.95,-0.13,-0.14,510,48424,125.0,49.0
PNBHOUSING,PNBHOUSINGEQN,1078.5,1077.0,1077.0,-1.5,-0.14,168,180936,1132.7,729.6
SYMPHONY,SYMPHONYEQN,678.95,678.0,678.0,-0.95,-0.14,234,158652,1150.1,656.0
VHLTD,VHLTDBEN,134.09,133.9,133.9,-0.19,-0.14,2,267,155.36,101.1
LICHSGFIN,LICHSGFINEQN,551.75,551.0,551.0,-0.75,-0.14,923,508573,612.45,458.9
HLVLTD,HLVLTDEQN,7.31,7.3,7.3,-0.01,-0.14,769,5613,13.45,5.6
ADANIENSOL,ADANIENSOLEQN,1703.3,1701.0,1701.0,-2.3,-0.14,5552,9443952,1789.0,744.9
HIKAL,HIKALEQN,221.98,221.66,221.66,-0.32,-0.14,452,100190,336.5,146.25
ALEMBICLTD,ALEMBICLTDEQN,90.15,90.02,90.02,-0.13,-0.14,1013,91190,115.99,70.46
INDNIPPON,INDNIPPONEQN,1198.9,1197.2,1197.2,-1.7,-0.14,97,116128,1278.2,675.0
DCXINDIA,DCXINDIAEQN,182.98,182.71,182.71,-0.27,-0.15,993,181431,286.0,153.3
DOLATALGO,DOLATALGOEQN,68.39,68.29,68.29,-0.1,-0.15,280,19121,95.76,65.0
BFUTILITIE,BFUTILITIEEQN,577.85,577.0,577.0,-0.85,-0.15,130,75010,898.7,368.7
KIMS,KIMSEQN,800.45,799.25,799.25,-1.2,-0.15,267,213399,858.0,575.8
JSWENERGY,JSWENERGYEQN,549.7,548.9,548.9,-0.8,-0.15,1067,585676,617.35,427.75
WENDT,WENDTEQN,8302.5,8290.0,8290.0,-12.5,-0.15,23,190670,10585.0,5841.5
PARAS,PARASEQN,1221.3,1219.3,1219.3,-2.0,-0.16,2138,2606863,1443.0,580.5
KROSS,KROSSEQN,190.31,190.0,190.0,-0.31,-0.16,4059,771210,237.6,150.52
EUREKAFORB,EUREKAFORBEQN,439.7,439.0,439.0,-0.7,-0.16,377,165503,668.3,403.2
PPLPHARMA,PPLPHARMAEQN,192.05,191.75,191.75,-0.3,-0.16,33862,6493038,210.5,132.3
MUTHOOTFIN,MUTHOOTFINEQN,3025.9,3021.0,3021.0,-4.9,-0.16,687,2075427,4149.5,2476.6
CUB,CUBEQN,221.45,221.1,221.1,-0.35,-0.16,9350,2067285,243.08,145.13
AQYLON,AQYLONEQN,24.98,24.94,24.94,-0.04,-0.16,668,16659,224.7,24.94
PRAJIND,PRAJINDEQN,316.0,315.5,315.5,-0.5,-0.16,2301,725965,485.7,273.0
ATHERENERG,ATHERENERGEQN,1214.9,1213.0,1213.0,-1.9,-0.16,3869,4693097,1345.0,329.2
COHANCE,COHANCEEQN,428.0,427.3,427.3,-0.7,-0.16,428,182884,1038.9,266.7
KWIL,KWILEQN,31.5,31.45,31.45,-0.05,-0.16,26201,824021,39.45,22.24
ACE,ACEEQN,1061.8,1060.0,1060.0,-1.8,-0.17,2379,2521740,1170.0,745.1
SALASAR,SALASAREQN,5.96,5.95,5.95,-0.01,-0.17,12459,74131,10.99,5.59
INDUSTOWER,INDUSTOWEREQN,387.4,386.75,386.75,-0.65,-0.17,19771,7646434,481.5,312.55
DCW,DCWEQN,47.17,47.09,47.09,-0.08,-0.17,352,16575,81.31,37.11
AJANTPHARM,AJANTPHARMEQN,3386.1,3380.5,3380.5,-5.6,-0.17,117,395518,3598.8,2329.9
KPIGREEN,KPIGREENEQN,392.45,391.8,391.8,-0.65,-0.17,1461,572419,552.0,335.65
SANGAMIND,SANGAMINDEQN,612.55,611.5,611.5,-1.05,-0.17,501,306361,672.5,341.55
SEPC,SEPCEQN,6.06,6.05,6.05,-0.01,-0.17,22754,137661,13.73,4.65
CRAFTSMAN,CRAFTSMANEQN,9327.0,9311.0,9311.0,-16.0,-0.17,86,800746,9938.0,5954.0
AMAGI,AMAGIEQN,625.05,624.0,624.0,-1.05,-0.17,111,69264,677.8,310.2
ROSSARI,ROSSARIEQN,519.95,519.0,519.0,-0.95,-0.18,119,61761,717.35,375.0
RATNAMANI,RATNAMANIEQN,2404.3,2400.0,2400.0,-4.3,-0.18,4,9600,3345.0,1936.5
AWL,AWLEQN,187.64,187.3,187.3,-0.34,-0.18,3956,740958,282.9,171.19
MODINATUR,MODINATURBEN,411.65,410.9,410.9,-0.75,-0.18,10,4109,524.8,252.3
AZAD,AZADEQN,2441.6,2437.2,2437.2,-4.4,-0.18,613,1494003,2530.0,1360.0
JUBLPHARMA,JUBLPHARMAEQN,979.7,977.9,977.9,-1.8,-0.18,128,125171,1248.0,786.05
RAYMOND,RAYMONDEQN,595.0,593.95,593.95,-1.05,-0.18,387,229858,702.9,320.0
KNACK,KNACKEQN,197.35,197.0,197.0,-0.35,-0.18,4881,961557,220.72,180.33
RADHIKAJWE,RADHIKAJWEEQN,68.03,67.9,67.9,-0.13,-0.19,3475,235952,111.5,50.01
KIRLOSIND,KIRLOSINDEQN,3807.2,3800.0,3800.0,-7.2,-0.19,5,19000,4574.8,2463.0
MOREPENLAB,MOREPENLABEQN,56.66,56.55,56.55,-0.11,-0.19,14863,840502,64.58,33.05
COROMANDEL,COROMANDELEQN,2003.8,2000.0,2000.0,-3.8,-0.19,31,62000,2718.9,1706.5
SATIN,SATINEQN,261.51,261.01,261.01,-0.5,-0.19,433,113017,274.14,133.01
NGLFINE,NGLFINEEQN,3226.5,3220.5,3220.5,-6.0,-0.19,3,9661,3349.0,1175.5
TAKE,TAKEEQN,20.84,20.8,20.8,-0.04,-0.19,1409,29307,50.14,8.88
JPOLYINVST,JPOLYINVSTEQN,1043.1,1041.0,1041.0,-2.1,-0.2,14,14574,1487.7,716.05
GAEL,GAELEQN,157.31,157.0,157.0,-0.31,-0.2,2986,468802,177.92,101.2
GOCLCORP,GOCLCORPEQN,395.95,395.15,395.15,-0.8,-0.2,53,20942,459.9,223.35
TMPV,TMPVEQN,327.65,327.0,327.0,-0.65,-0.2,23736,7761672,739.7,294.3
MARKOLINES,MARKOLINESEQN,178.36,178.0,178.0,-0.36,-0.2,947,168566,191.75,131.65
TRANSRAILL,TRANSRAILLEQN,485.0,484.0,484.0,-1.0,-0.21,1009,488356,855.8,450.05
GAIL,GAILEQN,174.23,173.87,173.87,-0.36,-0.21,8706,1513712,186.87,134.36
TBOTEK,TBOTEKEQN,1519.2,1516.0,1516.0,-3.2,-0.21,259,392644,1764.8,1004.2
RCF,RCFEQN,126.27,126.01,126.01,-0.26,-0.21,736,92743,164.49,106.0
NACLIND,NACLINDEQN,193.1,192.69,192.69,-0.41,-0.21,657,126597,311.42,112.62
CMRGREEN,CMRGREENEQN,219.1,218.65,218.65,-0.45,-0.21,1521,332566,268.96,213.05
CANHLIFE,CANHLIFEEQN,145.01,144.7,144.7,-0.31,-0.21,924,133702,166.69,106.0
CAMLINFINE,CAMLINFINEEQN,127.38,127.1,127.1,-0.28,-0.22,263,33427,280.8,96.21
PGEL,PGELEQN,579.7,578.4,578.4,-1.3,-0.22,950,549480,823.5,436.55
NLCINDIA,NLCINDIAEQN,298.45,297.8,297.8,-0.65,-0.22,6030,1795734,387.8,222.0
EXCELINDUS,EXCELINDUSEQN,982.15,980.0,980.0,-2.15,-0.22,66,64680,1440.0,800.05
HPL,HPLEQN,339.75,339.0,339.0,-0.75,-0.22,40,13560,607.45,255.55
PILANIINVS,PILANIINVSEQN,4345.2,4335.0,4335.0,-10.2,-0.23,4,17340,5980.0,4092.2
BHARTIARTL,BHARTIARTLEQN,1905.3,1901.0,1901.0,-4.3,-0.23,51556,98007956,2174.5,1740.5
WHIRLPOOL,WHIRLPOOLEQN,794.8,793.0,793.0,-1.8,-0.23,200,158600,1437.0,753.15
KRISHNADEF,KRISHNADEFEQN,1295.9,1292.9,1292.9,-3.0,-0.23,136,175834,1400.0,665.0
JYOTICNC,JYOTICNCEQN,803.75,801.9,801.9,-1.85,-0.23,142,113869,1055.9,580.1
AJMERA,AJMERAEQN,126.18,125.89,125.89,-0.29,-0.23,707,89004,221.4,98.03
ORIENTCEM,ORIENTCEMEQN,136.11,135.8,135.8,-0.31,-0.23,105,14259,267.8,122.32
MEDIASSIST,MEDIASSISTEQN,347.15,346.35,346.35,-0.8,-0.23,97,33595,594.1,293.0
ONGC,ONGCEQN,238.56,238.0,238.0,-0.56,-0.23,79506,18922428,307.5,227.65
IGCL,IGCLEQN,75.17,75.0,75.0,-0.17,-0.23,21,1575,118.99,49.46
SULA,SULAEQN,150.85,150.51,150.51,-0.34,-0.23,724,108969,297.15,138.6
ICICIBANK,ICICIBANKEQN,1445.7,1442.3,1442.3,-3.4,-0.24,80135,115578710,1494.5,1187.6
NTPC,NTPCEQN,350.8,349.95,349.95,-0.85,-0.24,10755,3763712,414.4,315.55
STARHEALTH,STARHEALTHEQN,592.05,590.6,590.6,-1.45,-0.24,347,204938,623.9,416.55
FORTIS,FORTISEQN,942.3,940.0,940.0,-2.3,-0.24,1059,995460,1104.3,766.8
MCL,MCLEQN,53.33,53.2,53.2,-0.13,-0.24,203,10799,93.2,42.0
BATAINDIA,BATAINDIAEQN,699.65,698.0,698.0,-1.65,-0.24,351,244998,1282.5,605.0
ADOR,ADOREQN,1523.0,1519.3,1519.3,-3.7,-0.24,123,186873,1597.0,848.0
INDORAMA,INDORAMAEQN,49.74,49.62,49.62,-0.12,-0.24,177,8782,75.0,29.0
ZYDUSWELL,ZYDUSWELLEQN,559.35,558.0,558.0,-1.35,-0.24,194,108252,611.85,367.55
RAMASTEEL,RAMASTEELBEN,4.24,4.23,4.23,-0.01,-0.24,12371,52329,11.65,3.43
AGL,AGLEQN,12.3,12.27,12.27,-0.03,-0.24,1273,15619,22.0,12.03
PRAKASHSTL,PRAKASHSTLEQN,4.06,4.05,4.05,-0.01,-0.25,854,3458,6.57,3.84
ZODIACLOTH,ZODIACLOTHEQN,75.84,75.65,75.65,-0.19,-0.25,19,1437,119.45,58.5
QUESS,QUESSEQN,295.75,295.0,295.0,-0.75,-0.25,914,269630,310.45,166.3
UPL,UPLEQN,608.5,607.0,607.0,-1.5,-0.25,9286,5636602,812.2,563.15
PITTIENG,PITTIENGEQN,930.7,928.35,928.35,-2.35,-0.25,58,53844,1035.25,675.0
GANESHBE,GANESHBEEQN,112.35,112.07,112.07,-0.28,-0.25,117,13112,118.0,68.4
HGS,HGSEQN,422.55,421.5,421.5,-1.05,-0.25,16,6744,610.1,342.05
JAYNECOIND,JAYNECOINDEQN,87.58,87.36,87.36,-0.22,-0.25,6498,567665,117.0,40.5
RANEHOLDIN,RANEHOLDINEQN,1762.7,1758.3,1758.3,-4.4,-0.25,12,21099,1837.7,981.0
ONEPOINT,ONEPOINTEQN,55.44,55.3,55.3,-0.14,-0.25,513,28368,65.85,40.58
SBIN,SBINEQN,1020.6,1018.0,1018.0,-2.6,-0.25,18104,18429872,1234.7,786.55
SHREDIGCEM,SHREDIGCEMEQN,73.18,73.0,73.0,-0.18,-0.25,201,14673,107.7,53.9
BEL,BELEQN,407.15,406.15,406.15,-1.0,-0.25,219895,89310354,473.45,361.2
VENKEYS,VENKEYSEQN,1503.7,1500.0,1500.0,-3.7,-0.25,27,40500,1800.0,1165.0
SHRIPISTON,SHRIPISTONEQN,4241.8,4231.0,4231.0,-10.8,-0.25,22,93082,4522.8,2301.2
BANDHANBNK,BANDHANBNKEQN,169.43,169.0,169.0,-0.43,-0.25,24275,4102475,220.76,134.25
FLUOROCHEM,FLUOROCHEMEQN,4563.5,4552.0,4552.0,-11.5,-0.25,285,1297320,4653.2,2916.6
SUNTECK,SUNTECKEQN,310.75,309.95,309.95,-0.8,-0.26,637,197438,473.0,270.75
SENORES,SENORESEQN,1412.0,1408.3,1408.3,-3.7,-0.26,2840,3999572,1509.8,630.3
HIMATSEIDE,HIMATSEIDEEQN,81.02,80.81,80.81,-0.21,-0.26,335,27071,157.45,72.01
HGINFRA,HGINFRAEQN,539.8,538.4,538.4,-1.4,-0.26,140,75376,1065.5,429.5
RMC,RMCEQN,265.65,264.95,264.95,-0.7,-0.26,42,11127,530.0,260.0
GULPOLY,GULPOLYEQN,197.74,197.2,197.2,-0.54,-0.27,420,82824,221.75,121.5
ADVANIHOTR,ADVANIHOTREQN,52.25,52.11,52.11,-0.14,-0.27,216,11255,68.39,47.0
JSWSTEEL,JSWSTEELEQN,1244.6,1241.2,1241.2,-3.4,-0.27,994,1233752,1328.0,1017.4
SASKEN,SASKENEQN,1819.0,1814.1,1814.1,-4.9,-0.27,109,197736,2780.2,991.0
ROTO,ROTOEQN,67.29,67.11,67.11,-0.18,-0.27,66,4429,94.9,47.5
JAGSNPHARM,JAGSNPHARMEQN,229.61,229.0,229.0,-0.61,-0.27,117,26793,301.65,155.0
TECHERA,TECHERASMN,149.4,149.0,149.0,-0.4,-0.27,800,119200,325.7,127.55
NAVINFLUOR,NAVINFLUOREQN,7711.0,7690.0,7690.0,-21.0,-0.27,75,576750,7936.0,4498.5
WOCKPHARMA,WOCKPHARMAEQN,1865.2,1859.9,1859.9,-5.3,-0.28,270,502173,2422.3,1086.7
ASTRAZEN,ASTRAZENEQN,8167.5,8145.0,8145.0,-22.5,-0.28,2,16290,9849.5,7551.5
PIXTRANS,PIXTRANSEQN,1796.7,1791.6,1791.6,-5.1,-0.28,5,8958,1937.9,1220.1
RPGLIFE,RPGLIFEEQN,2928.1,2920.0,2920.0,-8.1,-0.28,40,116800,3082.0,1733.0
HITECH,HITECHEQN,86.74,86.5,86.5,-0.24,-0.28,879,76033,127.5,70.14
SAGILITY,SAGILITYEQN,43.29,43.17,43.17,-0.12,-0.28,120850,5217094,57.89,35.83
MIRZAINT,MIRZAINTEQN,35.14,35.04,35.04,-0.1,-0.28,485,16994,44.0,24.95
BHARATCOAL,BHARATCOALEQN,35.25,35.15,35.15,-0.1,-0.28,53305,1873670,45.09,29.74
BORANA,BORANAEQN,328.05,327.1,327.1,-0.95,-0.29,13,4252,420.0,211.0
FRACTAL,FRACTALEQN,809.3,806.95,806.95,-2.35,-0.29,1897,1530784,1118.0,733.7
RSL,RSLEQN,134.33,133.94,133.94,-0.39,-0.29,56,7500,144.9,101.7
DIACABS,DIACABSEQN,307.17,306.26,306.26,-0.91,-0.3,23044,7057455,309.9,115.57
INSECTICID,INSECTICIDEQN,612.55,610.7,610.7,-1.85,-0.3,58,35420,1098.0,518.6
M&MFIN,M&MFINEQN,363.0,361.9,361.9,-1.1,-0.3,2664,964101,412.2,246.35
SCHNEIDER,SCHNEIDEREQN,1352.0,1348.0,1348.0,-4.0,-0.3,108,145584,1548.0,571.85
MUFTI,MUFTIEQN,84.25,84.0,84.0,-0.25,-0.3,6,504,171.08,63.06
JKIL,JKILEQN,489.0,487.55,487.55,-1.45,-0.3,57,27790,737.0,425.0
SILINV,SILINVEQN,416.8,415.5,415.5,-1.3,-0.31,2,831,767.0,380.0
TEXINFRA,TEXINFRAEQN,113.2,112.85,112.85,-0.35,-0.31,35,3949,118.0,82.5
HDBFS,HDBFSEQN,686.3,684.2,684.2,-2.1,-0.31,494,337994,811.8,555.3
POWERINDIA,POWERINDIAEQN,31550.0,31450.0,31450.0,-100.0,-0.32,167,5252150,38785.0,16111.0
RELAXO,RELAXOEQN,401.4,400.1,400.1,-1.3,-0.32,406,162440,526.0,236.5
GPIL,GPILEQN,237.75,237.0,237.0,-0.75,-0.32,1764,418068,320.0,185.32
MEIL,MEILEQN,300.95,300.0,300.0,-0.95,-0.32,218,65400,573.7,206.26
ITC,ITCEQN,285.85,284.9,284.9,-0.95,-0.33,50695,14443005,427.0,275.0
WONDERLA,WONDERLAEQN,467.75,466.2,466.2,-1.55,-0.33,8,3729,659.0,455.0
RAJOOENG,RAJOOENGBEN,54.18,54.0,54.0,-0.18,-0.33,375,20250,113.13,46.0
GOKULAGRO,GOKULAGROEQN,211.55,210.84,210.84,-0.71,-0.34,412,86866,249.92,142.5
SURYODAY,SURYODAYEQN,184.62,184.0,184.0,-0.62,-0.34,12473,2295032,218.0,115.41
KIRLPNU,KIRLPNUEQN,1489.6,1484.6,1484.6,-5.0,-0.34,134,198936,2197.1,990.1
APOLLO,APOLLOEQN,392.95,391.6,391.6,-1.35,-0.34,17015,6663074,466.5,162.34
BIKAJI,BIKAJIEQN,641.25,639.05,639.05,-2.2,-0.34,49,31313,818.7,592.55
NIACL,NIACLEQN,165.57,165.0,165.0,-0.57,-0.34,7156,1180740,218.0,116.97
NSIL,NSILEQN,5445.0,5426.0,5426.0,-19.0,-0.35,1,5426,8730.0,4700.0
NETWORK18,NETWORK18EQN,28.85,28.75,28.75,-0.1,-0.35,11322,325507,60.9,27.38
GMDCLTD,GMDCLTDEQN,562.15,560.2,560.2,-1.95,-0.35,2586,1448677,771.9,379.7
SOLARWORLD,SOLARWORLDEQN,200.5,199.8,199.8,-0.7,-0.35,178,35564,388.5,139.19
IOB,IOBEQN,34.12,34.0,34.0,-0.12,-0.35,15904,540736,41.8,31.2
CARYSIL,CARYSILEQN,1154.1,1150.1,1150.1,-4.0,-0.35,26,29902,1280.9,732.1
GANESHCP,GANESHCPEQN,169.9,169.3,169.3,-0.6,-0.35,70,11851,309.95,152.0
PROTEAN,PROTEANEQN,625.75,623.5,623.5,-2.25,-0.36,1402,874147,945.5,444.0
NIRMAN,NIRMANSMN,42.1,41.95,41.95,-0.15,-0.36,300,12585,231.0,38.0
GNFC,GNFCEQN,513.95,512.1,512.1,-1.85,-0.36,765,391756,616.0,365.0
GREAVESCOT,GREAVESCOTEQN,245.99,243.1,243.1,-0.89,-0.36,4513,1097110,271.9,119.99
PRIMO,PRIMOEQN,22.49,22.41,22.41,-0.08,-0.36,1000,22410,30.5,16.1
SHREEPUSHK,SHREEPUSHKEQN,388.15,386.7,386.7,-1.45,-0.37,15,5800,476.0,272.45
MUKANDLTD,MUKANDLTDEQN,140.57,140.05,140.05,-0.52,-0.37,250,35012,154.25,114.31
INNOVISION,INNOVISIONEQN,283.55,282.5,282.5,-1.05,-0.37,6,1695,470.0,280.0
KRN,KRNBEN,1244.6,1240.0,1240.0,-4.6,-0.37,155,192200,1405.0,589.8
PTCIL,PTCILEQN,17923.0,17854.0,17854.0,-69.0,-0.38,5,89270,19851.0,13251.0
PREMIERENE,PREMIERENEEQN,1039.9,1036.0,1036.0,-3.9,-0.38,270,279720,1134.0,660.0
SHYAMCENT,SHYAMCENTBEN,5.22,5.2,5.2,-0.02,-0.38,59,306,9.75,3.68
SWANCORP,SWANCORPEQN,312.2,311.0,311.0,-1.2,-0.38,537,167007,506.0,295.65
ICEMAKE,ICEMAKEEQN,863.25,860.0,860.0,-3.25,-0.38,4,3440,920.0,660.3
MSPL,MSPLEQN,36.14,36.0,36.0,-0.14,-0.39,289,10404,46.12,26.25
FINOPB,FINOPBEQN,166.46,165.81,165.81,-0.65,-0.39,2194,363787,339.0,110.03
RELIANCE,RELIANCEEQN,1280.0,1275.0,1275.0,-5.0,-0.39,78650,100278750,1611.8,1249.8
SHREECEM,SHREECEMEQN,26860.0,26755.0,26755.0,-105.0,-0.39,4,107020,31920.0,22550.0
VSTTILLERS,VSTTILLERSEQN,4430.2,4412.9,4412.9,-17.3,-0.39,6,26477,6374.0,4275.0
ARKADE,ARKADEEQN,134.59,134.05,134.05,-0.54,-0.4,125,16756,198.6,92.62
JTLIND,JTLINDEQN,73.18,72.89,72.89,-0.29,-0.4,1244,90675,87.2,40.25
NHPC,NHPCEQN,79.72,79.4,79.4,-0.32,-0.4,9232,733020,89.22,71.62
FABTECH,FABTECHEQN,148.9,148.3,148.3,-0.6,-0.4,25,3707,262.8,132.7
ENIL,ENILEQN,106.06,105.62,105.62,-0.44,-0.41,150,15843,174.58,98.57
KEI,KEIEQN,4873.0,4853.0,4853.0,-20.0,-0.41,253,1227809,5708.0,3712.2
WINDLAS,WINDLASEQN,857.5,854.0,854.0,-3.5,-0.41,10,8540,1097.9,697.4
MAITHANALL,MAITHANALLEQN,966.3,962.3,962.3,-4.0,-0.41,17,16359,1210.1,831.2
AXISBANK,AXISBANKEQN,1227.5,1222.5,1222.5,-5.0,-0.41,10794,13195665,1418.3,1042.5
AETHER,AETHEREQN,1480.1,1474.0,1474.0,-6.1,-0.41,148,218152,1538.5,726.45
REDINGTON,REDINGTONEQN,278.15,277.0,277.0,-1.15,-0.41,15376,4259152,314.4,191.31
UNIVCABLES,UNIVCABLESEQN,1256.2,1251.0,1251.0,-5.2,-0.41,799,999549,1391.0,576.0
CPPLUS,CPPLUSEQN,3557.8,3543.2,3543.2,-14.6,-0.41,336,1190515,3866.0,1015.0
KMSUGAR,KMSUGAREQN,28.33,28.21,28.21,-0.12,-0.42,9,253,33.73,23.0
OMAXE,OMAXEEQN,89.95,89.57,89.57,-0.38,-0.42,122,10927,102.64,62.5
M&M,M&MEQN,3238.6,3225.0,3225.0,-13.6,-0.42,5935,19140375,3839.9,2896.0
KOTAKBANK,KOTAKBANKEQN,384.65,383.05,383.05,-1.6,-0.42,14921,5715489,453.2,345.5
TEMBO,TEMBOEQN,552.3,550.0,550.0,-2.3,-0.42,190,104500,837.0,433.35
KISSHT,KISSHTEQN,342.25,340.8,340.8,-1.45,-0.42,2867,977073,351.5,190.0
MOSCHIP,MOSCHIPEQN,208.3,207.4,207.4,-0.9,-0.43,26510,5498174,288.45,146.8
RPEL,RPELEQN,1292.7,1287.1,1287.1,-5.6,-0.43,1,1287,1371.8,561.3
PGHL,PGHLEQN,6784.0,6755.0,6755.0,-29.0,-0.43,30,202650,6975.0,4707.0
MAHLOG,MAHLOGEQN,419.1,417.3,417.3,-1.8,-0.43,482,201138,450.0,275.05
CENTRUM,CENTRUMEQN,23.15,23.05,23.05,-0.1,-0.43,385,8874,41.43,19.66
CAMPUS,CAMPUSEQN,219.44,218.5,218.5,-0.94,-0.43,2872,627532,297.0,215.2
MASTERTR,MASTERTREQN,84.14,83.77,83.77,-0.37,-0.44,100,8377,170.0,55.6
CUMMINSIND,CUMMINSINDEQN,5629.5,5605.0,5605.0,-24.5,-0.44,570,3194850,6100.0,3481.5
JBMA,JBMAEQN,665.0,662.0,662.0,-3.0,-0.45,940,622280,790.0,477.0
SINTERCOM,SINTERCOMEQN,81.37,81.0,81.0,-0.37,-0.45,15,1215,137.99,62.99
KOLTEPATIL,KOLTEPATILEQN,386.6,384.85,384.85,-1.75,-0.45,44,16933,483.9,292.25
VINDHYATEL,VINDHYATELEQN,1907.5,1899.0,1899.0,-8.5,-0.45,325,617175,2484.9,963.9
PREMEXPLN,PREMEXPLNEQN,669.1,666.05,666.05,-3.05,-0.46,406,270416,829.8,378.4
HMAAGRO,HMAAGROEQN,21.53,21.43,21.43,-0.1,-0.46,394,8443,34.24,21.1
SYNCOMF,SYNCOMFEQN,13.17,13.11,13.11,-0.06,-0.46,1438,18852,18.93,10.21
TAJGVK,TAJGVKEQN,360.1,358.45,358.45,-1.65,-0.46,1,358,512.65,281.35
DLINKINDIA,DLINKINDIAEQN,447.65,445.6,445.6,-2.05,-0.46,142,63275,549.2,367.65
TCI,TCIEQN,932.3,928.0,928.0,-4.3,-0.46,6,5568,1242.0,868.05
ALPEXSOLAR,ALPEXSOLARSMN,827.2,823.35,823.35,-3.85,-0.47,100,82335,1449.7,660.0
CLSEL,CLSELEQN,279.3,278.0,278.0,-1.3,-0.47,221,61438,332.0,203.75
APOLLOPIPE,APOLLOPIPEEQN,505.35,503.0,503.0,-2.35,-0.47,22,11066,554.0,252.1
STEELCAS,STEELCASEQN,311.45,310.0,310.0,-1.45,-0.47,23,7130,344.0,176.02
BOROLTD,BOROLTDEQN,233.73,232.62,232.62,-1.11,-0.47,170,39545,397.95,213.73
AAVAS,AAVASEQN,1390.6,1384.0,1384.0,-6.6,-0.47,19,26296,1856.7,1060.4
TERASOFT,TERASOFTEQN,392.85,391.0,391.0,-1.85,-0.47,3,1173,598.0,282.8
TIPSMUSIC,TIPSMUSICEQN,712.55,709.1,709.1,-3.45,-0.48,356,252439,741.0,481.15
SIEMENS,SIEMENSEQN,3718.0,3700.0,3700.0,-18.0,-0.48,529,1957300,3937.3,2826.0
MALUPAPER,MALUPAPEREQN,35.2,35.03,35.03,-0.17,-0.48,50,1751,45.57,27.0
MMFL,MMFLEQN,559.5,556.8,556.8,-2.7,-0.48,13,7238,565.0,288.1
SOLEX,SOLEXEQN,939.6,935.1,935.1,-4.5,-0.48,118,110341,1985.0,795.45
IXIGO,IXIGOEQN,195.99,195.02,195.02,-0.97,-0.49,1219,237729,339.15,151.27
RUPA,RUPAEQN,164.0,163.2,163.2,-0.8,-0.49,235,38352,219.87,109.21
BANKBARODA,BANKBARODAEQN,244.0,242.8,242.8,-1.2,-0.49,47897,11629391,325.5,230.81
VRLLOG,VRLLOGEQN,262.75,261.45,261.45,-1.3,-0.49,844,220663,318.25,225.0
KARURVYSYA,KARURVYSYAEQN,339.65,338.0,338.0,-1.65,-0.49,2918,986284,347.9,201.82
RAMCOIND,RAMCOINDEQN,336.85,335.15,335.15,-1.7,-0.5,314,105237,398.05,230.65
MARATHON,MARATHONEQN,388.7,386.75,386.75,-1.95,-0.5,1,386,737.0,368.3
TVTODAY,TVTODAYEQN,117.6,117.01,117.01,-0.59,-0.5,16,1872,162.0,93.5
XPROINDIA,XPROINDIAEQN,1394.1,1387.1,1387.1,-7.0,-0.5,1,1387,1574.8,788.05
DRREDDY,DRREDDYEQN,1150.8,1145.0,1145.0,-5.8,-0.5,2973,3404085,1414.9,1101.0
ORIENTHOT,ORIENTHOTEQN,137.35,136.67,136.67,-0.68,-0.5,108,14760,149.5,80.0
VTL,VTLEQN,628.25,625.1,625.1,-3.15,-0.5,176,110017,688.0,383.7
LAXMIINDIA,LAXMIINDIABEN,128.52,127.88,127.88,-0.64,-0.5,1,127,180.9,71.06
MMP,MMPEQN,285.05,283.6,283.6,-1.45,-0.51,1,283,319.98,185.2
GREENLAM,GREENLAMEQN,256.3,255.0,255.0,-1.3,-0.51,65,16575,278.63,197.59
IKIO,IKIOEQN,207.98,206.91,206.91,-1.07,-0.51,655,135526,252.9,103.53
GOKEX,GOKEXEQN,834.25,830.0,830.0,-4.25,-0.51,311,258130,954.9,531.0
RAJESHEXPO,RAJESHEXPOBZN,88.46,88.01,88.01,-0.45,-0.51,660,58086,237.88,72.63
BLISSGVS,BLISSGVSBEN,459.4,457.0,457.0,-2.4,-0.52,185,84545,553.0,118.0
INOXGREEN,INOXGREENEQN,199.05,198.0,198.0,-1.05,-0.53,4978,985644,279.0,132.58
WESTLIFE,WESTLIFEEQN,464.5,462.05,462.05,-2.45,-0.53,43,19868,779.15,398.4
NURECA,NURECAEQN,315.7,314.0,314.0,-1.7,-0.54,97,30458,343.0,204.0
POWERGRID,POWERGRIDEQN,288.85,287.3,287.3,-1.55,-0.54,22166,6368291,324.95,250.0
NDTV,NDTVEQN,77.42,77.0,77.0,-0.42,-0.54,327,25179,134.5,58.75
TVSMOTOR,TVSMOTOREQN,3876.4,3855.0,3855.0,-21.4,-0.55,2018,7779390,3974.7,2750.0
SUPREMEIND,SUPREMEINDEQN,3338.2,3320.0,3320.0,-18.2,-0.55,773,2566360,4664.9,3140.0
VOLTAS,VOLTASEQN,1319.3,1312.0,1312.0,-7.3,-0.55,741,972192,1582.5,1186.8
GMBREW,GMBREWEQN,905.6,900.6,900.6,-5.0,-0.55,62,55837,1328.8,666.05
UTTAMSUGAR,UTTAMSUGAREQN,228.71,227.42,227.42,-1.29,-0.56,3,682,299.0,181.1
INDUSINDBK,INDUSINDBKEQN,1006.65,1001.0,1001.0,-5.65,-0.56,811,811811,1077.85,710.6
BEML,BEMLEQN,1780.1,1770.1,1770.1,-10.0,-0.56,231,408893,2275.75,1355.0
MCX,MCXEQN,2755.1,2739.5,2739.5,-15.6,-0.57,2730,7478835,3480.0,1460.8
PGIL,PGILEQN,2016.6,2005.1,2005.1,-11.5,-0.57,46,92234,2144.2,1178.1
IRCON,IRCONEQN,126.48,125.76,125.76,-0.72,-0.57,5121,644016,189.5,114.5
A2ZINFRA,A2ZINFRAEQN,12.34,12.27,12.27,-0.07,-0.57,145,1779,23.0,12.0
KSHINTL,KSHINTLEQN,885.1,880.05,880.05,-5.05,-0.57,970,853648,930.0,330.0
GMMPFAUDLR,GMMPFAUDLREQN,830.75,825.0,825.0,-4.75,-0.57,618,509850,1418.0,735.0
SARLAPOLY,SARLAPOLYEQN,100.58,100.0,100.0,-0.58,-0.58,110,11000,119.5,68.4
ELGIEQUIP,ELGIEQUIPEQN,578.85,575.5,575.5,-3.35,-0.58,140,80570,633.85,408.25
JSLL,JSLLEQN,565.35,562.05,562.05,-3.3,-0.58,1308,735161,849.5,492.0
RATEGAIN,RATEGAINEQN,905.8,900.5,900.5,-5.3,-0.59,348,313374,997.25,417.6
HONDAPOWER,HONDAPOWEREQN,2124.2,2111.7,2111.7,-12.5,-0.59,5,10558,3216.0,1816.6
V2RETAIL,V2RETAILEQN,223.46,222.11,222.11,-1.35,-0.6,326,72407,259.25,158.56
PARAGMILK,PARAGMILKEQN,217.41,216.1,216.1,-1.31,-0.6,629,135926,376.95,177.84
KIRLOSBROS,KIRLOSBROSEQN,1833.5,1822.5,1822.5,-11.0,-0.6,216,393660,2189.2,1335.0
CGPOWER,CGPOWEREQN,877.3,872.0,872.0,-5.3,-0.6,11264,9822208,980.9,525.5
STAR,STAREQN,1043.0,1036.6,1036.6,-6.4,-0.61,104,107806,1231.0,768.65
DAVANGERE,DAVANGEREEQN,3.3,3.28,3.28,-0.02,-0.61,5546,18190,5.5,3.03
WEWORK,WEWORKEQN,724.4,720.0,720.0,-4.4,-0.61,226,162720,767.0,420.0
MHRIL,MHRILEQN,223.83,222.45,222.45,-1.38,-0.62,223,49606,368.9,207.9
ALLCARGO,ALLCARGOEQN,8.09,8.04,8.04,-0.05,-0.62,23132,185981,36.55,7.11
CARTRADE,CARTRADEEQN,2978.5,2960.0,2960.0,-18.5,-0.62,2562,7583520,3290.5,1600.0
NINSYS,NINSYSBEN,845.2,840.0,840.0,-5.2,-0.62,10,8400,935.0,281.05
NTPCGREEN,NTPCGREENEQN,93.69,93.1,93.1,-0.59,-0.63,61708,5745014,119.95,84.0
VMARCIND,VMARCINDSMN,279.0,277.25,277.25,-1.75,-0.63,1500,415875,311.9,69.68
ZEEMEDIA,ZEEMEDIAEQN,7.96,7.91,7.91,-0.05,-0.63,1166,9223,14.2,6.65
POLYMED,POLYMEDEQN,1680.7,1670.1,1670.1,-10.6,-0.63,83,138618,2144.9,1182.0
DALBHARAT,DALBHARATEQN,1826.5,1815.0,1815.0,-11.5,-0.63,549,996435,2496.3,1605.0
PAKKA,PAKKAEQN,71.1,70.65,70.65,-0.45,-0.63,250,17662,202.6,69.1
EIHOTEL,EIHOTELEQN,330.65,328.5,328.5,-2.15,-0.65,202,66357,434.8,271.15
BALPHARMA,BALPHARMAEQN,88.63,88.05,88.05,-0.58,-0.65,100,8805,102.99,60.0
RIIL,RIILEQN,736.2,731.45,731.45,-4.75,-0.65,104,76070,964.9,617.35
DCMSRIND,DCMSRINDEQN,39.81,39.55,39.55,-0.26,-0.65,111,4390,181.9,31.9
SOMANYCERA,SOMANYCERAEQN,491.85,488.65,488.65,-3.2,-0.65,162,79161,555.55,332.0
ARVSMART,ARVSMARTEQN,599.7,595.8,595.8,-3.9,-0.65,58,34556,669.0,486.8
DUCON,DUCONEQN,3.02,3.0,3.0,-0.02,-0.66,4510,13530,6.45,2.22
IMPAL,IMPALEQN,1132.4,1124.9,1124.9,-7.5,-0.66,8,8999,1238.9,928.0
SPMLINFRA,SPMLINFRAEQN,198.57,197.25,197.25,-1.32,-0.66,266,52468,323.4,151.01
KAJARIACER,KAJARIACEREQN,1220.0,1212.0,1212.0,-8.0,-0.66,511,619332,1321.9,869.6
INDIGOPNTS,INDIGOPNTSEQN,1073.9,1066.8,1066.8,-7.1,-0.66,163,173888,1345.9,708.05
KALYANIFRG,KALYANIFRGEQN,604.0,600.0,600.0,-4.0,-0.66,8,4800,849.65,523.6
BLIL,BLILEQN,69.97,69.51,69.51,-0.46,-0.66,1007,69996,79.5,67.0
AADHARHFC,AADHARHFCEQN,502.0,498.65,498.65,-3.35,-0.67,668,333098,563.0,430.15
EMSLIMITED,EMSLIMITEDEQN,401.75,399.05,399.05,-2.7,-0.67,681,271753,623.4,256.05
BAJAJELEC,BAJAJELECEQN,329.4,327.15,327.15,-2.25,-0.68,538,176006,653.8,301.0
UGROCAP,UGROCAPEQN,95.65,95.0,95.0,-0.65,-0.68,25,2375,192.5,80.12
HARIOMPIPE,HARIOMPIPEEQN,395.0,392.3,392.3,-2.7,-0.68,43,16868,572.2,268.05
JMFINANCIL,JMFINANCILEQN,124.36,123.5,123.5,-0.86,-0.69,3007,371364,199.8,112.0
FIEMIND,FIEMINDEQN,2356.6,2340.0,2340.0,-16.6,-0.7,131,306540,2555.3,1794.0
RMDRIP,RMDRIPEQN,18.65,18.52,18.52,-0.13,-0.7,2014,37299,72.22,14.81
GRAPHITE,GRAPHITEEQN,662.65,658.0,658.0,-4.65,-0.7,1277,840266,802.4,505.8
DMCC,DMCCEQN,271.05,269.15,269.15,-1.9,-0.7,20,5383,350.0,191.35
GREENPOWER,GREENPOWEREQN,9.99,9.92,9.92,-0.07,-0.7,2714,26922,15.04,7.98
SILGO,SILGOEQN,74.31,73.79,73.79,-0.52,-0.7,100,7379,86.2,49.89
RAMBHAJO,RAMBHAJOEQN,197.89,196.5,196.5,-1.39,-0.7,379,74473,222.0,161.6
MWL,MWLEQN,35.9,35.65,35.65,-0.25,-0.7,352,12548,41.95,17.01
EIEL,EIELEQN,218.76,217.2,217.2,-1.56,-0.71,3292,715022,276.1,134.71
LMW,LMWEQN,16140.0,16025.0,16025.0,-115.0,-0.71,13,208325,17699.0,11920.0
TVSELECT,TVSELECTEQN,494.0,490.5,490.5,-3.5,-0.71,501,245740,739.35,336.2
CRAMC,CRAMCEQN,262.87,261.0,261.0,-1.87,-0.71,3950,1030950,353.4,214.2
CPL,CPLEQN,70.81,70.31,70.31,-0.5,-0.71,6,421,75.74,68.0
EBGNG,EBGNGEQN,587.3,583.05,583.05,-4.25,-0.72,5913,3447574,689.5,239.0
AWHCL,AWHCLEQN,440.0,436.85,436.85,-3.15,-0.72,142,62032,635.8,372.5
UDS,UDSEQN,206.6,205.1,205.1,-1.5,-0.73,477,97832,295.0,125.1
RAMCOCEM,RAMCOCEMEQN,919.75,913.05,913.05,-6.7,-0.73,18,16434,1214.5,838.3
IMFA,IMFAEQN,1371.8,1361.8,1361.8,-10.0,-0.73,132,179757,1679.9,700.05
BIRLACABLE,BIRLACABLEBEN,200.98,199.5,199.5,-1.48,-0.74,423,84388,241.0,104.0
FLFL,FLFLBZN,1.34,1.33,1.33,-0.01,-0.75,2050,2726,1.99,1.11
ADSL,ADSLEQN,116.36,115.49,115.49,-0.87,-0.75,568,65598,209.53,86.27
KAYA,KAYAEQN,282.22,280.1,280.1,-2.12,-0.75,7,1960,487.9,224.01
ATL,ATLEQN,23.68,23.5,23.5,-0.18,-0.76,1169,27471,37.86,18.2
AFCONS,AFCONSEQN,284.25,282.1,282.1,-2.15,-0.76,4431,1249985,479.4,265.8
SGMART,SGMARTEQN,720.65,715.15,715.15,-5.5,-0.76,589,421223,737.45,313.1
CLEANMAX,CLEANMAXEQN,1439.0,1428.1,1428.1,-10.9,-0.76,70,99967,1536.0,727.1
GVT&D,GVT&DEQN,4202.3,4170.1,4170.1,-32.2,-0.77,2336,9741353,5650.0,2356.5
CHALET,CHALETEQN,846.5,840.0,840.0,-6.5,-0.77,2126,1785840,1082.0,691.35
VENUSPIPES,VENUSPIPESEQN,1688.0,1675.0,1675.0,-13.0,-0.77,330,552750,1875.0,890.0
JTEKTINDIA,JTEKTINDIAEQN,133.29,132.27,132.27,-1.02,-0.77,1,132,188.5,117.01
BLSE,BLSEEQN,288.32,286.1,286.1,-2.22,-0.77,1902,544162,293.0,124.3
VETO,VETOBEN,121.14,120.21,120.21,-0.93,-0.77,57,6851,153.95,82.32
SUNDARAM,SUNDARAMEQN,1.28,1.27,1.27,-0.01,-0.78,258,327,2.38,1.11
AMDIND,AMDINDEQN,47.57,47.2,47.2,-0.37,-0.78,6,283,68.07,33.77
RAMRAT,RAMRATEQN,425.3,422.0,422.0,-3.3,-0.78,3532,1490504,520.0,268.0
MANAPPURAM,MANAPPURAMEQN,359.85,357.0,357.0,-2.85,-0.79,10622,3792054,361.5,245.15
NIRLON,NIRLONEQN,620.05,615.1,615.1,-4.95,-0.8,2,1230,657.0,516.03
ORICONENT,ORICONENTEQN,54.35,53.9,53.9,-0.45,-0.83,5,269,73.12,44.4
ACL,ACLEQN,48.42,48.02,48.02,-0.4,-0.83,499,23961,109.99,40.5
TURTLEMINT,TURTLEMINTEQN,125.92,124.88,124.88,-1.04,-0.83,2776,346666,154.3,123.53
EXPLEOSOL,EXPLEOSOLEQN,812.0,805.15,805.15,-6.85,-0.84,11,8856,1245.0,640.0
VIJAYA,VIJAYAEQN,1350.8,1339.0,1339.0,-11.8,-0.87,568,760552,1440.0,848.0
CNL,CNLEQN,1019.9,1011.05,1011.05,-8.85,-0.87,1646,1664188,1080.25,525.0
SKMEGGPROD,SKMEGGPRODEQN,318.8,316.0,316.0,-2.8,-0.88,1072,338752,372.0,143.1
DIGISPICE,DIGISPICEBEN,18.16,18.0,18.0,-0.16,-0.88,2,36,35.5,14.82
GOODYEAR,GOODYEAREQN,818.3,811.1,811.1,-7.2,-0.88,90,72999,846.0,711.25
RAYMONDREL,RAYMONDRELEQN,665.9,660.0,660.0,-5.9,-0.89,213,140580,734.9,349.0
VIKASECO,VIKASECOEQN,1.12,1.11,1.11,-0.01,-0.89,43422,48198,2.33,0.99
OIL,OILEQN,442.0,438.05,438.05,-3.95,-0.89,2581,1130607,531.0,384.6
KOHINOOR,KOHINOOREQN,23.21,23.0,23.0,-0.21,-0.9,2,46,36.26,19.2
ZUARIIND,ZUARIINDEQN,255.6,253.3,253.3,-2.3,-0.9,101,25583,416.0,210.0
HATHWAY,HATHWAYEQN,10.88,10.78,10.78,-0.1,-0.92,1540,16601,15.8,8.76
MODISONLTD,MODISONLTDBEN,272.25,269.75,269.75,-2.5,-0.92,36,9711,362.7,114.0
PROZONER,PROZONEREQN,44.11,43.7,43.7,-0.41,-0.93,3,131,72.77,39.31
NDRAUTO,NDRAUTOEQN,824.9,817.2,817.2,-7.7,-0.93,42,34322,1186.6,605.05
ASTRAL,ASTRALEQN,1465.8,1452.0,1452.0,-13.8,-0.94,647,939444,1768.7,1263.7
VSTIND,VSTINDEQN,234.7,232.5,232.5,-2.2,-0.94,1912,444540,286.78,200.0
JHS,JHSEQN,7.4,7.33,7.33,-0.07,-0.95,62,454,13.9,6.26
MANAKCOAT,MANAKCOATEQN,126.11,124.9,124.9,-1.21,-0.96,2,249,182.82,94.2
CHEMPLASTS,CHEMPLASTSEQN,206.98,205.0,205.0,-1.98,-0.96,391,80155,460.8,193.11
BEDMUTHA,BEDMUTHAEQN,112.18,111.1,111.1,-1.08,-0.96,62,6888,164.9,94.55
MAHEPC,MAHEPCEQN,108.04,107.0,107.0,-1.04,-0.96,200,21400,185.12,91.91
RSWM,RSWMBEN,213.67,211.58,211.58,-2.09,-0.98,25,5289,224.0,120.0
KLBRENG-B,KLBRENG-BEQN,439.65,435.25,435.25,-4.4,-1.0,59,25679,544.85,432.1
AJAXENGG,AJAXENGGEQN,566.85,561.05,561.05,-5.8,-1.02,40,22442,730.1,394.8
HDFCBANK,HDFCBANKEQN,739.55,732.0,732.0,-7.55,-1.02,869330,636349560,1020.5,726.65
PRAVEG,PRAVEGEQN,301.07,298.0,298.0,-3.07,-1.02,795,236910,325.0,210.4
DODLA,DODLAEQN,1031.9,1021.3,1021.3,-10.6,-1.03,112,114385,1500.0,964.1
EDELWEISS,EDELWEISSEQN,116.91,115.71,115.71,-1.2,-1.03,7223,835773,133.9,91.78
PODDARMENT,PODDARMENTEQN,252.74,250.1,250.1,-2.64,-1.04,663,165816,305.0,201.1
QUADFUTURE,QUADFUTUREEQN,362.7,358.9,358.9,-3.8,-1.05,1972,707750,502.4,248.55
KAPSTON,KAPSTONEQN,460.2,455.3,455.3,-4.9,-1.06,1001,455755,469.0,154.39
RKEC,RKECEQN,26.96,26.67,26.67,-0.29,-1.08,662,17655,81.5,23.9
COALINDIA,COALINDIAEQN,427.5,422.9,422.9,-4.6,-1.08,87451,36983027,491.25,368.65
WAKEFIT,WAKEFITEQN,127.7,126.31,126.31,-1.39,-1.09,1601,202222,224.0,111.4
SHAH,SHAHEQN,4.56,4.51,4.51,-0.05,-1.1,1625,7328,5.82,3.07
JKPAPER,JKPAPEREQN,414.55,410.0,410.0,-4.55,-1.1,44667,18313470,444.8,304.85
DEEDEV,DEEDEVBEN,682.65,675.0,675.0,-7.65,-1.12,624,421200,760.0,183.0
OSELDEVICE,OSELDEVICESMN,419.75,415.0,415.0,-4.75,-1.13,400,166000,835.0,350.0
ASMS,ASMSBEN,7.01,6.93,6.93,-0.08,-1.14,200,1386,17.6,6.9
SOMICONVEY,SOMICONVEYEQN,97.22,96.1,96.1,-1.12,-1.15,1,96,169.4,85.5
AEGISVOPAK,AEGISVOPAKEQN,303.49,300.0,300.0,-3.49,-1.15,3544,1063200,311.49,158.0
BUILDPRO,BUILDPROEQN,1219.3,1205.3,1205.3,-14.0,-1.15,110,132583,1365.0,636.0
KOTYARK,KOTYARKBEN,31.97,31.6,31.6,-0.37,-1.16,163,5150,45.5,17.38
SHAREINDIA,SHAREINDIAEQN,188.39,186.2,186.2,-2.19,-1.16,2196,408895,211.0,115.36
UNITECH,UNITECHEQN,4.3,4.25,4.25,-0.05,-1.16,100269,426143,7.93,3.1
PANACEABIO,PANACEABIOEQN,433.1,428.05,428.05,-5.05,-1.17,427,182777,647.0,292.4
HPAL,HPALEQN,33.39,33.0,33.0,-0.39,-1.17,333,10989,53.0,26.52
DIGIDRIVE,DIGIDRIVEEQN,17.83,17.62,17.62,-0.21,-1.18,50,881,36.85,16.1
TARAPUR,TARAPUREQN,17.74,17.53,17.53,-0.21,-1.18,1000,17530,39.99,16.96
ASALCBR,ASALCBREQN,791.7,782.3,782.3,-9.4,-1.19,74,57890,1277.0,660.65
ORIANA,ORIANASMN,1438.25,1421.0,1421.0,-17.25,-1.2,75,106575,3064.0,1391.1
RADIANTCMS,RADIANTCMSEQN,36.64,36.2,36.2,-0.44,-1.2,2000,72400,62.4,32.33
AVROIND,AVROINDEQN,8.94,8.83,8.83,-0.11,-1.23,3813,33668,16.72,8.6
NAGREEKEXP,NAGREEKEXPEQN,22.83,22.55,22.55,-0.28,-1.23,15,338,40.0,17.5
ADFFOODS,ADFFOODSEQN,314.4,310.5,310.5,-3.9,-1.24,1601,497110,346.95,153.1
TRITURBINE,TRITURBINEEQN,623.4,615.55,615.55,-7.85,-1.26,2770,1705073,787.6,428.35
KRITIKA,KRITIKAEQN,5.52,5.45,5.45,-0.07,-1.27,348,1896,11.1,4.5
VERTOZ,VERTOZBEN,35.55,35.1,35.1,-0.45,-1.27,111,3896,97.8,27.02
OMPOWER,OMPOWEREQN,169.87,167.71,167.71,-2.16,-1.27,52,8720,206.0,165.05
PRIMESECU,PRIMESECUEQN,274.5,271.0,271.0,-3.5,-1.28,1,271,325.0,244.5
BAGFILMS,BAGFILMSEQN,4.61,4.55,4.55,-0.06,-1.3,420,1911,8.0,3.61
PREMIERPOL,PREMIERPOLEQN,74.48,73.51,73.51,-0.97,-1.3,2086,153341,85.45,38.0
KESORAMIND,KESORAMINDBEN,11.45,11.3,11.3,-0.15,-1.31,959,10836,14.26,4.55
MOTHERSON,MOTHERSONEQN,148.97,147.0,147.0,-1.97,-1.32,162952,23953944,155.25,89.7
KANPRPLA,KANPRPLAEQN,224.54,221.56,221.56,-2.98,-1.33,355,78653,247.0,151.25
MCLOUD,MCLOUDEQN,26.86,26.5,26.5,-0.36,-1.34,10171,269531,94.5,19.4
KINGFA,KINGFAEQN,5128.5,5060.0,5060.0,-68.5,-1.34,18,91080,5699.4,3184.9
OSIAHYPER,OSIAHYPERBEN,2.96,2.92,2.92,-0.04,-1.35,1450,4234,33.08,2.83
TATACHEM,TATACHEMEQN,698.9,689.25,689.25,-9.65,-1.38,11621,8009774,1026.65,580.3
SPECIALITY,SPECIALITYEQN,132.03,130.2,130.2,-1.83,-1.39,268,34893,154.0,82.7
NELCAST,NELCASTEQN,116.64,115.01,115.01,-1.63,-1.4,2062,237150,180.9,85.98
SHREYANIND,SHREYANINDEQN,143.0,141.0,141.0,-2.0,-1.4,26,3666,247.22,122.0
GLOBAL,GLOBALEQN,103.99,102.5,102.5,-1.49,-1.43,80,8200,121.9,55.3
CENTURYPLY,CENTURYPLYEQN,792.65,781.3,781.3,-11.35,-1.43,116,90630,859.0,618.5
FCL,FCLEQN,40.22,39.62,39.62,-0.6,-1.49,73481,2911317,47.18,19.1
MFML,MFMLEQN,18.84,18.56,18.56,-0.28,-1.49,2,37,36.99,17.3
SMCGLOBAL,SMCGLOBALEQN,76.31,75.16,75.16,-1.15,-1.51,661,49680,94.9,54.44
BALAXI,BALAXIEQN,24.39,24.02,24.02,-0.37,-1.52,589,14147,52.5,15.2
JINDWORLD,JINDWORLDEQN,39.43,38.82,38.82,-0.61,-1.55,65428,2539914,41.64,17.85
PARSVNATH,PARSVNATHBEN,1.92,1.89,1.89,-0.03,-1.56,33328,62989,18.82,1.92
TREL,TRELEQN,24.41,24.03,24.03,-0.38,-1.56,450,10813,36.15,21.47
TRACXN,TRACXNEQN,30.08,29.6,29.6,-0.48,-1.6,3330,98568,59.4,25.39
SUBEXLTD,SUBEXLTDBEN,12.31,12.11,12.11,-0.2,-1.62,2782,33690,14.58,6.61
NECCLTD,NECCLTDBEN,15.15,14.9,14.9,-0.25,-1.65,10,149,24.01,10.55
PRAXIS,PRAXISBEN,7.03,6.91,6.91,-0.12,-1.71,4000,27640,14.44,5.26
GEEKAYWIRE,GEEKAYWIREEQN,23.91,23.5,23.5,-0.41,-1.71,200,4700,40.63,18.51
TRIVENI,TRIVENIBEN,240.0,235.9,235.9,-4.1,-1.71,1155,272464,490.1,236.3
PRITIKAUTO,PRITIKAUTOBEN,17.96,17.65,17.65,-0.31,-1.73,80,1412,20.99,10.41
VHL,VHLEQN,3503.3,3442.0,3442.0,-61.3,-1.75,1,3442,4275.0,2870.0
RRIL,RRILEQN,16.45,16.16,16.16,-0.29,-1.76,12,193,21.5,15.25
ORIENTLTD,ORIENTLTDEQN,98.44,96.7,96.7,-1.74,-1.77,750,72525,102.3,53.72
TI,TIEQN,446.7,438.75,438.75,-7.95,-1.78,8982,3940852,549.7,381.55
TEJASNET,TEJASNETEQN,513.05,503.9,503.9,-9.15,-1.78,14776,7445626,647.0,294.0
BASML,BASMLBEN,26.99,26.51,26.51,-0.48,-1.78,50,1325,31.99,17.05
RUBFILA,RUBFILAEQN,72.34,71.01,71.01,-1.33,-1.84,1107,78608,89.24,57.31
DBREALTY,DBREALTYBEN,113.85,111.75,111.75,-2.1,-1.84,1414,158014,189.9,83.5
HEXAGON,HEXAGONBEN,64.18,63.0,63.0,-1.18,-1.84,1750,110250,78.25,48.1
UMESLTD,UMESLTDEQN,5.36,5.26,5.26,-0.1,-1.87,11,57,7.14,3.88
MAHESHWARI,MAHESHWARIBEN,73.5,72.1,72.1,-1.4,-1.9,1,72,75.5,39.04
INDOBORAX,INDOBORAXEQN,406.6,398.8,398.8,-7.8,-1.92,1897,756523,499.0,224.0
RAJRILTD,RAJRILTDBEN,20.67,20.27,20.27,-0.4,-1.94,30,608,28.9,19.41
PURPLEUTED,PURPLEUTEDSTN,332.5,326.0,326.0,-6.5,-1.95,250,81500,587.95,244.45
GLOTTIS,GLOTTISBEN,66.67,65.37,65.37,-1.3,-1.95,281,18368,93.0,37.0
LPDC,LPDCEQN,6.11,5.99,5.99,-0.12,-1.96,3,17,9.46,5.23
ODIGMA,ODIGMABEN,23.06,22.6,22.6,-0.46,-1.99,348,7864,56.09,20.0
ARIES,ARIESEQN,343.95,337.1,337.1,-6.85,-1.99,2,674,459.9,285.35
AMBICAAGAR,AMBICAAGAREQN,24.64,24.15,24.15,-0.49,-1.99,10,241,30.8,20.0
UNIDT,UNIDTBEN,226.07,221.56,221.56,-4.51,-1.99,7,1550,254.97,146.0
SAGARDEEP,SAGARDEEPEQN,24.96,24.46,24.46,-0.5,-2.0,1,24,31.48,20.81
LATTEYS,LATTEYSBEN,20.0,19.6,19.6,-0.4,-2.0,500,9800,37.0,15.79
DIGITIDE,DIGITIDEEQN,100.72,98.66,98.66,-2.06,-2.05,7333,723473,252.99,69.9
ALKALI,ALKALIBEN,69.99,68.55,68.55,-1.44,-2.06,41,2810,107.38,46.8
OMFREIGHT,OMFREIGHTBEN,91.9,90.01,90.01,-1.89,-2.06,212,19082,114.33,58.95
SANATHAN,SANATHANEQN,488.25,478.0,478.0,-10.25,-2.1,57,27246,551.95,352.6
RAJMET,RAJMETEQN,3.33,3.26,3.26,-0.07,-2.1,4204,13705,5.48,2.72
KEEPLEARN,KEEPLEARNEQN,1.9,1.86,1.86,-0.04,-2.11,5055,9402,3.29,1.51
HUHTAMAKI,HUHTAMAKIEQN,312.61,306.0,306.0,-6.61,-2.11,11712,3583872,330.0,148.6
SVPGLOB,SVPGLOBBEN,3.8,3.72,3.72,-0.08,-2.11,97,360,6.89,2.18
NEPHROCARE,NEPHROCARESTN,63.0,61.65,61.65,-1.35,-2.14,400,24660,183.0,50.05
UJJIVANSFB,UJJIVANSFBEQN,71.57,70.03,70.03,-1.54,-2.15,172505,12080525,73.29,41.32
KOTIC,KOTICEQN,164.82,161.2,161.2,-3.62,-2.2,37,5964,223.7,142.15
MEESHO,MEESHOEQN,182.1,178.0,178.0,-4.1,-2.25,146245,26031610,254.4,125.56
WHEELS,WHEELSEQN,1495.6,1459.9,1459.9,-35.7,-2.39,2378,3471642,1808.0,705.85
BTML,BTMLEQN,6.68,6.52,6.52,-0.16,-2.4,62,404,10.5,5.06
DBL,DBLEQN,443.65,433.0,433.0,-10.65,-2.4,4675,2024275,585.0,381.55
TTML,TTMLEQN,39.48,38.53,38.53,-0.95,-2.41,60696,2338616,61.98,31.22
LAXMICOT,LAXMICOTEQN,14.37,14.02,14.02,-0.35,-2.44,6,84,28.5,11.7
AKSHAR,AKSHAREQN,0.41,0.4,0.4,-0.01,-2.44,31067,12426,0.76,0.36
BHAGYANGR,BHAGYANGRBEN,426.7,416.05,416.05,-10.65,-2.5,1895,788414,432.3,85.62
HBSL,HBSLBEN,48.22,47.0,47.0,-1.22,-2.53,73,3431,108.8,42.63
IRBINVIT,IRBINVITIVN,63.47,61.8,61.8,-1.67,-2.63,39007,2410632,64.97,57.05
VENUSREM,VENUSREMBEN,1572.0,1530.1,1530.1,-41.9,-2.67,988,1511738,2044.3,424.0
TAC,TACSMN,515.1,501.25,501.25,-13.85,-2.69,13200,6616500,899.65,347.4
NUVAMA,NUVAMAEQN,1916.6,1862.9,1862.9,-53.7,-2.8,3407,6346900,2066.0,1096.9
HFCL,HFCLEQN,192.54,187.0,187.0,-5.54,-2.88,273797,51200039,229.5,59.82
CPCAP,CPCAPBEN,108.33,105.15,105.15,-3.18,-2.94,150,15772,173.0,73.51
NAGREEKCAP,NAGREEKCAPEQN,22.73,22.06,22.06,-0.67,-2.95,15,330,42.75,19.3
CEMPRO,CEMPROEQN,1369.0,1328.1,1328.1,-40.9,-2.99,44830,59538723,1649.2,503.3
TTKHLTCARE,TTKHLTCAREEQN,1088.8,1055.0,1055.0,-33.8,-3.1,312,329160,1311.5,735.0
TREEHOUSE,TREEHOUSEEQN,6.46,6.26,6.26,-0.2,-3.1,1080,6760,11.0,5.52
EMAMIPAP,EMAMIPAPBEN,112.28,108.8,108.8,-3.48,-3.1,5060,550528,133.7,55.0
STLTECH,STLTECHBEN,555.4,538.0,538.0,-17.4,-3.13,27491,14790158,679.9,84.6
GODFRYPHLP,GODFRYPHLPEQN,2210.5,2137.4,2137.4,-73.1,-3.31,18383,39291824,3947.0,1832.1
HINDCON,HINDCONEQN,20.77,20.05,20.05,-0.72,-3.47,100,2005,37.75,15.66
TECHNVISN,TECHNVISNEQN,4914.0,4702.6,4702.6,-211.4,-4.3,5,23513,6198.0,3222.8
PANACHE,PANACHEBEN,426.45,408.0,408.0,-18.45,-4.33,15,6120,472.15,237.05
IWARE,IWARESTN,472.75,451.05,451.05,-21.7,-4.59,600,270630,539.4,86.6
PARAMPARA,PARAMPARASMN,11.7,11.15,11.15,-0.55,-4.7,8000,89200,12.95,6.8
UNIVPHOTO,UNIVPHOTOBEN,489.05,465.65,465.65,-23.4,-4.78,5,2328,515.8,180.6
WAAREEINDO,WAAREEINDOEQN,335.05,319.05,319.05,-16.0,-4.78,10017,3195923,725.0,282.27
TREJHARA,TREJHARAEQN,138.01,131.4,131.4,-6.61,-4.79,20,2628,284.85,128.4
MRIL,MRILSTN,69.6,66.25,66.25,-3.35,-4.81,4800,318000,82.0,29.05
SABEVENTS,SABEVENTSEQN,7.29,6.93,6.93,-0.36,-4.94,60,415,18.25,5.6
VIPULLTD,VIPULLTDBEN,11.52,10.95,10.95,-0.57,-4.95,653,7150,18.6,7.38
SUMEETINDS,SUMEETINDSEQN,27.34,25.98,25.98,-1.36,-4.97,12243,318073,35.67,17.21
AURIONPRO,AURIONPROEQN,836.65,795.0,795.0,-41.65,-4.98,9814,7802130,1507.0,719.6
RAMCOSYS,RAMCOSYSEQN,639.9,607.95,607.95,-31.95,-4.99,9945,6046062,967.5,342.1
SHARDUL,SHARDULBEN,50.93,48.39,48.39,-2.54,-4.99,240,11613,60.0,23.05
MTEDUCARE,MTEDUCAREBEN,2.0,1.9,1.9,-0.1,-5.0,400,760,2.55,1.17
NATIONSTD,NATIONSTDEQN,304.2,289.0,289.0,-15.2,-5.0,219,63291,1519.95,304.2
THAKDEV,THAKDEVEQN,161.0,152.95,152.95,-8.05,-5.0,3,458,163.01,115.1
OMAXAUTO,OMAXAUTOBEN,215.1,204.35,204.35,-10.75,-5.0,2988,610597,263.4,84.5
ALPINETEX,ALPINETEXBEN,81.27,77.21,77.21,-4.06,-5.0,4705,363273,105.0,81.27
AARNAV,AARNAVEQN,31.63,30.02,30.02,-1.61,-5.09,1971,59169,37.4,21.0
SHREEDHAR,SHREEDHARSMN,85.0,80.0,80.0,-5.0,-5.88,2000,160000,100.0,54.4
SAGCEM,SAGCEMEQN,183.15,172.0,172.0,-11.15,-6.09,5573,958556,299.4,148.7
JYOTIGLOBL,JYOTIGLOBLSMN,36.0,33.8,33.8,-2.2,-6.11,2000,67600,77.75,27.05
DCCL,DCCLSMN,51.0,45.25,45.25,-5.75,-11.27,4000,181000,60.8,33.0
