symbol,identifier,previousClose,lastPrice,iep,change,pChange,finalQuantity,totalTurnover,yearHigh,yearLow
GRAPHITE,GRAPHITEEQN,734.25,812.9,812.9,78.65,10.71,237066,192710951,802.4,513.75
AXTEL,AXTELEQN,408.85,452.0,452.0,43.15,10.55,615,277980,424.95,385.0
ESDS,ESDSEQN,1308.05,1438.85,1438.85,130.8,10.0,164437,236600177,1308.05,756.0
EFACTOR,EFACTORSMN,168.0,182.0,182.0,14.0,8.33,400,72800,348.0,150.0
DHARAN,DHARANBZN,0.13,0.14,0.14,0.01,7.69,96170,13463,0.61,0.11
ANOND-RE,ANOND-RESTN,228.6,246.0,246.0,17.4,7.61,310,76260,0.0,0.0
INNOVISION,INNOVISIONEQN,252.0,268.0,268.0,16.0,6.35,5562,1490616,470.0,246.2
ARVEE,ARVEEEQN,193.74,206.0,206.0,12.26,6.33,1496,308176,290.78,129.11
FILATFASH,FILATFASHEQN,0.18,0.19,0.19,0.01,5.56,534433,101542,0.68,0.14
SANWARIA,SANWARIABZN,0.19,0.2,0.2,0.01,5.26,1377,275,0.39,0.18
ORCHASP,ORCHASPEQN,1.36,1.43,1.43,0.07,5.15,3001,4291,4.16,1.25
YOGI,YOGIEQN,155.05,163.0,163.0,7.95,5.13,2,326,180.0,130.01
KRITI,KRITIEQN,61.27,64.35,64.35,3.08,5.03,38,2445,155.9,53.0
TBZ,TBZEQN,555.3,583.05,583.05,27.75,5.0,12589,7340016,555.3,110.5
INDOTHAI,INDOTHAIEQN,39.4,41.37,41.37,1.97,5.0,29226,1209079,466.35,33.97
SYSTMTXC,SYSTMTXCBEN,66.4,69.72,69.72,3.32,5.0,302,21055,177.9,51.89
MBECL,MBECLBEN,285.42,299.69,299.69,14.27,5.0,1,299,285.42,213.0
MVKAGRO,MVKAGROSMN,260.55,273.55,273.55,13.0,4.99,300,82065,819.0,152.05
INDIAGLYCO,INDIAGLYCOBEN,287.0,301.3,301.3,14.3,4.98,20111,6059444,1222.0,217.0
SRIKPRIND,SRIKPRINDBEN,32.36,33.97,33.97,1.61,4.98,94,3193,36.8,19.4
BIKEWO,BIKEWOSTN,104.6,109.8,109.8,5.2,4.97,4000,439200,115.8,13.65
AARADHYA,AARADHYASMN,127.9,134.25,134.25,6.35,4.96,1200,161100,182.0,64.2
JYOTIGLOBL,JYOTIGLOBLSMN,44.4,46.6,46.6,2.2,4.95,4000,186400,77.75,27.05
PIONRINV,PIONRINVBEN,83.85,88.0,88.0,4.15,4.95,450,39600,135.44,72.5
RMDRIP,RMDRIPBEN,22.91,24.04,24.04,1.13,4.93,16095,386923,72.22,14.81
SETUINFRA,SETUINFRABZN,0.61,0.64,0.64,0.03,4.92,11470,7340,0.73,0.37
AKSHOPTFBR,AKSHOPTFBRBEN,8.19,8.59,8.59,0.4,4.88,18853,161947,9.0,3.82
SHYAMDHANI,SHYAMDHANISTN,53.7,56.3,56.3,2.6,4.84,4000,225200,139.65,47.0
MTEDUCARE,MTEDUCAREBEN,1.87,1.96,1.96,0.09,4.81,141,276,2.53,1.17
MYSORPETRO,MYSORPETROBEN,140.09,146.75,146.75,6.66,4.75,192,28176,182.03,111.0
BLACKBUCK,BLACKBUCKEQN,573.4,600.4,600.4,27.0,4.71,16704,10029081,748.0,496.0
SHEKHAWATI,SHEKHAWATIBEN,16.81,17.6,17.6,0.79,4.7,2132,37523,25.75,9.12
OMAXAUTO,OMAXAUTOEQN,170.75,178.7,178.7,7.95,4.66,1250,223375,263.4,84.5
LCCINFOTEC,LCCINFOTECEQN,3.73,3.9,3.9,0.17,4.56,3,11,5.89,3.3
SWARNSAR,SWARNSAREQN,41.62,43.5,43.5,1.88,4.52,2,87,44.38,32.0
VCL,VCLBEN,1.58,1.65,1.65,0.07,4.43,4897,8080,2.66,0.87
ALKALI,ALKALIEQN,87.34,91.2,91.2,3.86,4.42,4213,384225,107.38,46.8
TAMBOLIIN,TAMBOLIINBEN,272.1,284.0,284.0,11.9,4.37,1172,332848,272.1,141.5
EIEL,EIELEQN,196.2,204.75,204.75,8.55,4.36,50632,10366902,276.1,134.71
FRESHARA,FRESHARASTN,452.55,471.9,471.9,19.35,4.28,600,283140,477.95,130.0
ASTEC,ASTECEQN,662.8,691.0,691.0,28.2,4.25,9244,6387604,941.75,513.4
AFIL,AFILEQN,9.07,9.45,9.45,0.38,4.19,526,4970,11.1,3.92
TAKE,TAKEEQN,15.23,15.84,15.84,0.61,4.01,78224,1239068,50.14,10.09
GSTL,GSTLSMN,11.25,11.7,11.7,0.45,4.0,1000,11700,37.65,5.95
CNL,CNLEQN,1149.2,1194.8,1194.8,45.6,3.97,1003,1198384,1328.0,525.0
CORONA,CORONAEQN,2093.2,2175.0,2175.0,81.8,3.91,1299,2825325,2270.1,1336.6
TECHLABS,TECHLABSSMN,121.65,126.4,126.4,4.75,3.9,125,15800,649.9,105.0
RILINFRA,RILINFRASMN,31.75,32.95,32.95,1.2,3.78,500,16475,47.5,27.6
RBMINFRA,RBMINFRASMN,275.75,286.0,286.0,10.25,3.72,1200,343200,524.8,221.0
VPRPL,VPRPLEQN,36.35,37.7,37.7,1.35,3.71,27571,1039426,124.78,23.94
PRISMX,PRISMXEQN,0.55,0.57,0.57,0.02,3.64,11188,6377,0.58,0.47
BALAXI,BALAXIEQN,23.34,24.18,24.18,0.84,3.6,300,7254,47.75,15.2
PENINLAND,PENINLANDEQN,15.67,16.23,16.23,0.56,3.57,32,519,37.98,13.82
GOACARBON,GOACARBONEQN,386.25,400.0,400.0,13.75,3.56,3675,1470000,494.9,272.85
TECILCHEM,TECILCHEMEQN,9.26,9.59,9.59,0.33,3.56,22,210,22.87,8.0
GRADIENTE,GRADIENTEEQN,2.54,2.63,2.63,0.09,3.54,7353,19338,9.4,2.08
ONEGLOBAL,ONEGLOBALEQN,531.2,550.0,550.0,18.8,3.54,85,46750,580.0,494.0
VALIANTORG,VALIANTORGBEN,342.4,354.5,354.5,12.1,3.53,5372,1904374,397.0,195.0
JHS,JHSEQN,7.97,8.25,8.25,0.28,3.51,2,16,13.9,6.26
LIBAS,LIBASEQN,9.99,10.34,10.34,0.35,3.5,5,51,14.3,9.02
CHEMBOND,CHEMBONDEQN,197.72,204.6,204.6,6.88,3.48,273,55855,205.78,105.15
CINEVISTA,CINEVISTAEQN,14.21,14.7,14.7,0.49,3.45,5,73,22.8,12.16
SUNLITE,SUNLITESMN,562.65,582.0,582.0,19.35,3.44,300,174600,583.55,156.1
ENKEIWHEL,ENKEIWHELEQN,396.6,410.0,410.0,13.4,3.38,685,280850,425.0,378.5
RCOM,RCOMBEN,0.89,0.92,0.92,0.03,3.37,68359,62890,1.51,0.75
DELPHIFX,DELPHIFXBEN,5.95,6.15,6.15,0.2,3.36,5,30,18.25,5.8
RAYMONDLSL,RAYMONDLSLEQN,696.85,720.0,720.0,23.15,3.32,26118,18804960,1350.0,628.25
GTL,GTLEQN,7.02,7.25,7.25,0.23,3.28,13527,98070,11.26,4.91
SARVESHWAR,SARVESHWAREQN,4.03,4.16,4.16,0.13,3.23,327786,1363589,8.25,2.5
TOYAMSL,TOYAMSLEQN,0.62,0.64,0.64,0.02,3.23,59000,37760,0.69,0.6
TTL,TTLEQN,6.83,7.05,7.05,0.22,3.22,450,3172,11.8,5.5
GANGAFORGE,GANGAFORGEEQN,1.59,1.64,1.64,0.05,3.14,8293,13600,3.29,1.53
ROLLT,ROLLTBEN,4.8,4.95,4.95,0.15,3.13,2070,10246,4.8,1.03
MODISONLTD,MODISONLTDEQN,499.35,515.0,515.0,15.65,3.13,15265,7861475,546.0,114.0
GILLANDERS,GILLANDERSEQN,101.81,105.0,105.0,3.19,3.13,1,105,129.4,76.0
WORTHPERI,WORTHPERIEQN,155.99,159.8,159.8,4.81,3.1,1,159,169.8,109.0
DONEAR,DONEAREQN,86.79,89.4,89.4,2.61,3.01,2,178,116.51,77.6
ABCOTS,ABCOTSEQN,207.99,214.2,214.2,6.21,2.99,50,10710,504.0,196.81
ASHOKAMET,ASHOKAMETEQN,14.44,14.87,14.87,0.43,2.98,2200,32714,21.0,12.13
SBGLP,SBGLPEQN,23.81,24.52,24.52,0.71,2.98,1,24,40.9,18.35
HEADSUP,HEADSUPEQN,7.04,7.25,7.25,0.21,2.98,5000,36250,12.95,5.69
RAJPUTANA,RAJPUTANASMN,204.0,210.0,210.0,6.0,2.94,500,105000,299.0,169.0
MKEXIM,MKEXIMEQN,64.01,65.89,65.89,1.88,2.94,2,131,68.69,45.7
OSWALAGRO,OSWALAGROEQN,36.21,37.24,37.24,1.03,2.84,500,18620,81.0,33.4
NOVARTIND,NOVARTINDEQN,1822.0,1873.7,1873.7,51.7,2.84,3952,7404862,1856.0,950.0
COFFEEDAY,COFFEEDAYEQN,34.24,35.2,35.2,0.96,2.8,42223,1486249,50.77,21.0
STALLION,STALLIONBEN,212.77,218.7,218.7,5.93,2.79,17298,3783072,359.15,99.32
SHANTI,SHANTIEQN,6.46,6.64,6.64,0.18,2.79,100,664,12.26,4.7
HECPROJECT,HECPROJECTEQN,122.98,126.4,126.4,3.42,2.78,300,37920,160.5,92.1
NATIONSTD,NATIONSTDEQN,109.95,113.0,113.0,3.05,2.77,1051,118763,1519.95,98.27
HDIL,HDILBZN,1.5,1.54,1.54,0.04,2.67,2245,3457,3.27,1.45
MODINATUR,MODINATUREQN,353.6,363.0,363.0,9.4,2.66,6,2178,524.8,252.3
UNIVPHOTO,UNIVPHOTOBEN,540.6,555.0,555.0,14.4,2.66,83,46065,540.6,180.6
ATLASCYCLE,ATLASCYCLEEQN,113.03,116.0,116.0,2.97,2.63,10493,1217188,131.0,76.15
TGBHOTELS,TGBHOTELSEQN,9.21,9.45,9.45,0.24,2.61,15,141,13.4,7.5
VINEETLAB,VINEETLABEQN,36.94,37.9,37.9,0.96,2.6,150,5685,43.5,26.89
MOHITE,MOHITEEQN,2.71,2.78,2.78,0.07,2.58,20,55,3.3,2.15
GAYAPROJ,GAYAPROJEQN,23.26,23.85,23.85,0.59,2.54,34939,833295,26.0,8.28
EMPOWER,EMPOWEREQN,2.01,2.06,2.06,0.05,2.49,284569,586212,2.82,1.3
LEXUS,LEXUSEQN,13.47,13.8,13.8,0.33,2.45,100,1380,39.25,12.74
AROGRANITE,AROGRANITEEQN,24.1,24.69,24.69,0.59,2.45,251,6197,45.63,18.67
AKG,AKGEQN,9.83,10.07,10.07,0.24,2.44,1970,19837,15.34,8.06
INNOVACAP,INNOVACAPEQN,1171.8,1200.0,1200.0,28.2,2.41,2082,2498400,1199.9,622.0
KOTIC,KOTICEQN,136.63,139.9,139.9,3.27,2.39,111,15528,223.7,128.85
3BBLACKBIO,3BBLACKBIOEQN,1455.3,1490.0,1490.0,34.7,2.38,52,77480,1588.9,1085.0
PIGL,PIGLEQN,96.13,98.4,98.4,2.27,2.36,2500,246000,189.7,88.05
DBEIL,DBEILEQN,7.26,7.43,7.43,0.17,2.34,184,1367,18.56,5.15
MITTAL,MITTALEQN,0.86,0.88,0.88,0.02,2.33,11151,9812,1.82,0.7
ASIANHOTNR,ASIANHOTNREQN,405.75,415.0,415.0,9.25,2.28,184,76360,423.8,247.5
LIBERTSHOE,LIBERTSHOEEQN,226.85,231.98,231.98,5.13,2.26,10,2319,404.95,210.5
WARDINMOBI,WARDINMOBIEQN,5.77,5.9,5.9,0.13,2.25,2707,15971,6.99,4.69
NEUEON,NEUEONBEN,12.03,12.3,12.3,0.27,2.24,1000,12300,27.4,5.76
VISHAL,VISHALEQN,18.39,18.8,18.8,0.41,2.23,52,977,21.94,17.35
VIRINCHI,VIRINCHIEQN,14.05,14.36,14.36,0.31,2.21,12,172,32.69,13.75
HEXATRADEX,HEXATRADEXEQN,157.34,160.8,160.8,3.46,2.2,1,160,194.89,147.26
TTKHLTCARE,TTKHLTCAREEQN,1191.0,1217.2,1217.2,26.2,2.2,1053,1281711,1216.0,735.0
SAIFL,SAIFLSMN,4.55,4.65,4.65,0.1,2.2,4000,18600,25.5,4.5
VALIANTLAB,VALIANTLABBEN,114.13,116.6,116.6,2.47,2.16,2219,258735,114.13,49.51
BSL,BSLEQN,123.33,125.99,125.99,2.66,2.16,27,3401,205.0,98.0
SWISSMLTRY,SWISSMLTRYBEN,15.26,15.59,15.59,0.33,2.16,50,779,18.5,13.0
RAJMET,RAJMETEQN,3.25,3.32,3.32,0.07,2.15,2468,8193,5.28,2.72
AEPL,AEPLEQN,18.11,18.5,18.5,0.39,2.15,2,37,20.25,13.25
SUPREME,SUPREMEEQN,37.16,37.95,37.95,0.79,2.13,2,75,97.84,36.0
LOVABLE,LOVABLEEQN,70.41,71.9,71.9,1.49,2.12,152,10928,104.7,55.0
DICIND,DICINDEQN,622.85,635.9,635.9,13.05,2.1,8,5087,638.95,450.5
ALPHAGEO,ALPHAGEOBEN,323.1,329.9,329.9,6.8,2.1,5,1649,368.0,164.8
DANGEE,DANGEEEQN,2.88,2.94,2.94,0.06,2.08,4,11,5.08,2.53
PASHUPATI,PASHUPATIEQN,81.02,82.7,82.7,1.68,2.07,2933,242559,118.35,66.4
KSR,KSREQN,37.33,38.1,38.1,0.77,2.06,1008,38404,39.1,14.04
GAYAHWS,GAYAHWSEQN,1.94,1.98,1.98,0.04,2.06,991,1962,4.76,1.79
UNIDT,UNIDTBEN,234.16,238.95,238.95,4.79,2.05,1,238,254.97,146.0
GATECHDVR,GATECHDVRBEN,0.49,0.5,0.5,0.01,2.04,22582,11291,0.67,0.36
SOFTTECH,SOFTTECHEQN,438.0,446.95,446.95,8.95,2.04,25,11173,489.9,215.0
KRIDHANINF,KRIDHANINFEQN,1.97,2.01,2.01,0.04,2.03,125,251,4.78,1.81
KRITINUT,KRITINUTEQN,82.14,83.8,83.8,1.66,2.02,35,2933,102.99,51.36
GRAVISSHO,GRAVISSHOEQN,28.67,29.25,29.25,0.58,2.02,600,17550,35.6,25.2
ATAM,ATAMEQN,55.34,56.45,56.45,1.11,2.01,15,846,111.0,48.5
SOMATEX,SOMATEXEQN,85.27,86.98,86.98,1.71,2.01,25,2174,161.25,62.15
VILINBIO,VILINBIOSMN,59.75,60.95,60.95,1.2,2.01,4000,243800,59.75,18.95
BIOFILCHEM,BIOFILCHEMEQN,31.52,32.15,32.15,0.63,2.0,2,64,46.34,25.6
KANORICHEM,KANORICHEMBEN,158.9,162.08,162.08,3.18,2.0,102,16532,164.6,56.0
HAZOOR,HAZOOREQN,19.97,20.37,20.37,0.4,2.0,1422,28966,22.49,17.44
JAYAGROGN,JAYAGROGNEQN,249.04,254.0,254.0,4.96,1.99,797,202438,256.8,147.26
NECLIFE,NECLIFEEQN,12.15,12.39,12.39,0.24,1.98,1661,20579,22.4,9.3
OSWALSEEDS,OSWALSEEDSEQN,12.14,12.38,12.38,0.24,1.98,32,396,20.28,9.66
DCMNVL,DCMNVLEQN,180.44,184.0,184.0,3.56,1.97,100,18400,198.58,95.6
SEYAIND,SEYAINDBEN,12.23,12.47,12.47,0.24,1.96,1,12,23.99,8.54
RUCHINFRA,RUCHINFRAEQN,5.63,5.74,5.74,0.11,1.95,102,585,8.25,4.05
PILITA,PILITAEQN,7.75,7.9,7.9,0.15,1.94,11,86,15.9,6.2
GEMAROMA,GEMAROMAEQN,161.86,165.0,165.0,3.14,1.94,3572,589380,317.0,133.0
SGL,SGLEQN,9.87,10.06,10.06,0.19,1.93,2,20,20.79,8.4
MARALOVER,MARALOVEREQN,65.83,67.1,67.1,1.27,1.93,783,52539,68.89,34.11
RSSOFTWARE,RSSOFTWAREEQN,29.09,29.65,29.65,0.56,1.93,310,9191,82.0,21.93
DIFFNKG,DIFFNKGEQN,442.5,451.0,451.0,8.5,1.92,1509,680559,519.9,216.8
BAIDFIN,BAIDFINEQN,12.05,12.28,12.28,0.23,1.91,6174,75816,12.98,8.8
BAGFILMS,BAGFILMSEQN,4.7,4.79,4.79,0.09,1.91,100,479,8.0,3.61
WELSPUNLIV,WELSPUNLIVEQN,207.87,211.8,211.8,3.93,1.89,81990,17365482,216.0,107.1
ROHLTD,ROHLTDEQN,308.0,313.8,313.8,5.8,1.88,20,6276,563.95,269.4
GVKPIL,GVKPILBEN,2.13,2.17,2.17,0.04,1.88,62600,135842,4.06,2.04
HRYNSHP,HRYNSHPEQN,100.62,102.5,102.5,1.88,1.87,2,205,104.05,91.0
CORDSCABLE,CORDSCABLEEQN,372.75,379.7,379.7,6.95,1.86,9411,3573356,376.0,127.01
WCIL,WCILEQN,82.48,84.0,84.0,1.52,1.84,1000,84000,147.29,77.02
PARSVNATH,PARSVNATHBEN,1.63,1.66,1.66,0.03,1.84,62324,103457,18.75,1.35
RHETAN,RHETANEQN,28.0,28.51,28.51,0.51,1.82,6729745,191865029,34.87,19.1
FIBERWEB,FIBERWEBEQN,26.03,26.5,26.5,0.47,1.81,100,2650,49.9,25.17
AAREYDRUGS,AAREYDRUGSEQN,98.03,99.8,99.8,1.77,1.81,303,30239,100.0,50.31
BASML,BASMLBEN,24.46,24.9,24.9,0.44,1.8,500,12450,31.9,17.05
SHAH,SHAHEQN,3.36,3.42,3.42,0.06,1.79,20381,69703,5.82,2.56
GOLDENTOBC,GOLDENTOBCBZN,25.3,25.75,25.75,0.45,1.78,6,154,37.5,20.34
ZODIAC,ZODIACEQN,235.28,239.44,239.44,4.16,1.77,5,1197,415.0,205.55
AMBICAAGAR,AMBICAAGAREQN,25.44,25.89,25.89,0.45,1.77,2,51,29.68,20.0
MODTHREAD,MODTHREADEQN,52.96,53.9,53.9,0.94,1.77,100,5390,65.65,35.61
MONEYBOXX,MONEYBOXXEQN,56.01,57.0,57.0,0.99,1.77,2,114,91.5,44.02
BHAGYANGR,BHAGYANGREQN,392.05,398.95,398.95,6.9,1.76,25707,10255807,432.3,88.1
NDLVENTURE,NDLVENTUREEQN,126.18,128.4,128.4,2.22,1.76,36,4622,140.0,80.0
ARFIN,ARFINEQN,91.36,92.95,92.95,1.59,1.74,7275,676211,106.2,36.25
MANAKSIA,MANAKSIAEQN,67.72,68.9,68.9,1.18,1.74,10,689,73.4,42.1
LANDSMILL,LANDSMILLEQN,0.58,0.59,0.59,0.01,1.72,19889,11734,1.74,0.57
HILTON,HILTONEQN,18.65,18.97,18.97,0.32,1.72,1,18,47.75,13.43
TRU,TRUEQN,4.06,4.13,4.13,0.07,1.72,574,2370,13.82,3.9
LINC,LINCEQN,98.31,100.0,100.0,1.69,1.72,515,51500,139.6,85.01
DHATRE,DHATREEQN,4.69,4.77,4.77,0.08,1.71,7,33,5.17,3.67
BCG,BCGEQN,10.57,10.75,10.75,0.18,1.7,197693,2125199,16.39,7.7
KSE,KSEEQN,178.95,181.99,181.99,3.04,1.7,100,18199,205.0,173.31
BALAJEE,BALAJEEEQN,25.46,25.89,25.89,0.43,1.69,306,7922,55.7,21.1
ACCENTMIC,ACCENTMICSMN,642.95,653.8,653.8,10.85,1.69,2000,1307600,653.9,238.0
DIGITIDE,DIGITIDEEQN,93.42,95.0,95.0,1.58,1.69,11705,1111975,202.6,69.9
DUCON,DUCONEQN,1.8,1.83,1.83,0.03,1.67,3926,7184,4.57,1.57
NILAINFRA,NILAINFRAEQN,6.62,6.73,6.73,0.11,1.66,283,1904,11.55,5.9
RHFL,RHFLBZN,1.81,1.84,1.84,0.03,1.66,2461,4528,4.99,1.7
CLAYCRAFT,CLAYCRAFTSMN,150.9,153.4,153.4,2.5,1.66,600,92040,224.0,149.0
SUNSHIEL,SUNSHIELEQN,1239.4,1259.9,1259.9,20.5,1.65,1,1259,1284.8,1130.0
CREATIVEYE,CREATIVEYEEQN,6.09,6.19,6.19,0.1,1.64,2,12,8.83,5.41
CIFL,CIFLEQN,20.16,20.49,20.49,0.33,1.64,2000,40980,39.69,19.56
POWERICA,POWERICAEQN,530.7,539.4,539.4,8.7,1.64,1125,606825,676.95,365.1
SPENCERS,SPENCERSEQN,29.41,29.89,29.89,0.48,1.63,10,298,61.4,24.38
RPGLIFE,RPGLIFEEQN,2802.6,2848.0,2848.0,45.4,1.62,238,677824,3082.0,1733.0
GNRL,GNRLEQN,108.95,110.7,110.7,1.75,1.61,4678,517854,120.9,83.2
ANTELOPUS,ANTELOPUSEQN,1099.15,1116.8,1116.8,17.65,1.61,10237,11432681,1127.5,357.0
SHUKRAPHAR,SHUKRAPHAREQN,54.11,54.98,54.98,0.87,1.61,7914,435111,56.0,40.06
NTCIND,NTCINDEQN,136.8,139.0,139.0,2.2,1.61,5,695,155.0,126.3
INDOTECH,INDOTECHEQN,3696.8,3756.0,3756.0,59.2,1.6,22,82632,4030.0,1100.0
SGIL,SGILEQN,588.5,597.9,597.9,9.4,1.6,2,1195,633.25,420.0
LEMERITE,LEMERITEEQN,20.67,21.0,21.0,0.33,1.6,1,21,107.57,19.52
SIGIND,SIGINDBEN,69.88,70.99,70.99,1.11,1.59,1,70,74.99,40.66
UNICHEMLAB,UNICHEMLABEQN,555.6,564.45,564.45,8.85,1.59,268,151272,687.2,278.2
NPST,NPSTEQN,1716.5,1743.4,1743.4,26.9,1.57,61,106347,2208.6,846.6
STCINDIA,STCINDIAEQN,113.72,115.5,115.5,1.78,1.57,51,5890,150.7,97.04
VAISHALI,VAISHALIEQN,8.34,8.47,8.47,0.13,1.56,131,1109,12.7,4.75
HAWKINCOOK,HAWKINCOOKEQN,8212.0,8340.0,8340.0,128.0,1.56,6,50040,9600.0,7109.0
DAVANGERE,DAVANGEREEQN,1.93,1.96,1.96,0.03,1.55,67231,131772,5.5,1.92
GMMPFAUDLR,GMMPFAUDLREQN,1285.2,1305.0,1305.0,19.8,1.54,3861,5038605,1308.6,735.0
DIGIDRIVE,DIGIDRIVEEQN,17.73,18.0,18.0,0.27,1.52,4,72,34.37,16.1
E2E,E2EBEN,617.6,627.0,627.0,9.4,1.52,20981,13155087,698.0,183.36
TNPETRO,TNPETROEQN,139.18,141.27,141.27,2.09,1.5,9364,1322852,146.99,78.67
MKPL,MKPLEQN,3.99,4.05,4.05,0.06,1.5,449,1818,8.85,3.56
HAVISHA,HAVISHAEQN,1.33,1.35,1.35,0.02,1.5,84,113,2.42,1.03
NOIDATOLL,NOIDATOLLEQN,3.99,4.05,4.05,0.06,1.5,26,105,7.43,2.87
UNITECH,UNITECHEQN,4.04,4.1,4.1,0.06,1.49,9676,39671,7.93,3.1
ALMONDZ,ALMONDZEQN,19.61,19.9,19.9,0.29,1.48,527,10487,22.1,10.68
CELEBRITY,CELEBRITYEQN,6.74,6.84,6.84,0.1,1.48,31,212,13.25,5.65
SMSPHARMA,SMSPHARMAEQN,399.15,405.0,405.0,5.85,1.47,3097,1254285,447.8,238.0
KOTHARIPRO,KOTHARIPROEQN,66.43,67.4,67.4,0.97,1.46,25,1685,109.0,58.0
MERCURYEV,MERCURYEVEQN,38.38,38.94,38.94,0.56,1.46,1533,59695,41.5,30.16
BHARATCOAL,BHARATCOALEQN,33.51,34.0,34.0,0.49,1.46,115535,3928190,45.09,29.74
LADDERUP,LADDERUPEQN,45.19,45.85,45.85,0.66,1.46,1,45,54.0,42.7
ASMS,ASMSBEN,6.92,7.02,7.02,0.1,1.45,1013,7111,17.6,6.66
HINDCON,HINDCONEQN,24.39,24.74,24.74,0.35,1.44,142,3513,37.75,15.66
PPL,PPLBEN,274.05,278.0,278.0,3.95,1.44,100,27800,334.55,163.21
MAHASTEEL,MAHASTEELBEN,1291.4,1309.9,1309.9,18.5,1.43,13,17028,1421.0,381.25
CHEMCON,CHEMCONBEN,209.53,212.53,212.53,3.0,1.43,285,60571,295.0,125.0
CCCL,CCCLEQN,14.09,14.29,14.29,0.2,1.42,302,4315,28.87,12.76
UFO,UFOEQN,64.83,65.75,65.75,0.92,1.42,5,328,92.97,53.75
RITCO,RITCOEQN,318.45,322.9,322.9,4.45,1.4,1531,494359,331.15,167.1
SIGMAADV,SIGMAADVBEN,777.15,788.0,788.0,10.85,1.4,6202,4887176,801.0,140.1
ANTGRAPHIC,ANTGRAPHICEQN,0.72,0.73,0.73,0.01,1.39,999,729,1.17,0.64
IL&FSENGG,IL&FSENGGBZN,36.0,36.5,36.5,0.5,1.39,50,1825,39.39,21.0
ALLCARGO,ALLCARGOEQN,13.02,13.2,13.2,0.18,1.38,83614,1103704,36.55,7.11
IVP,IVPBEN,216.96,219.95,219.95,2.99,1.38,311,68404,218.5,110.0
QUINT,QUINTEQN,39.85,40.4,40.4,0.55,1.38,31,1252,47.69,33.45
VISHWARAJ,VISHWARAJEQN,5.86,5.94,5.94,0.08,1.37,276,1639,9.5,4.14
LUMINO,LUMINOEQN,108.12,109.6,109.6,1.48,1.37,108543,11896312,122.0,106.54
FINCABLES,FINCABLESEQN,1302.3,1320.0,1320.0,17.7,1.36,8172,10787040,1374.0,700.8
STARPAPER,STARPAPEREQN,159.33,161.5,161.5,2.17,1.36,30,4845,179.37,119.05
ADISOFT,ADISOFTSMN,225.05,228.1,228.1,3.05,1.36,800,182480,280.0,170.0
KIRIINDUS,KIRIINDUSEQN,588.1,596.05,596.05,7.95,1.35,35412,21107322,779.0,333.8
AVONMORE,AVONMOREEQN,14.06,14.25,14.25,0.19,1.35,35,498,23.9,9.05
BCPL,BCPLEQN,71.04,71.99,71.99,0.95,1.34,11,791,92.0,60.0
BHANDARI,BHANDARIEQN,3.01,3.05,3.05,0.04,1.33,2209,6737,4.5,2.0
HMT,HMTBZN,68.11,69.0,69.0,0.89,1.31,300,20700,72.95,41.0
UYFINCORP,UYFINCORPBEN,19.88,20.14,20.14,0.26,1.31,15,302,22.34,11.5
COMFINTE,COMFINTEEQN,6.11,6.19,6.19,0.08,1.31,25,154,9.19,5.21
GEEKAYWIRE,GEEKAYWIREEQN,29.51,29.89,29.89,0.38,1.29,304,9086,40.63,18.51
CUBEXTUB,CUBEXTUBEQN,78.88,79.9,79.9,1.02,1.29,822,65677,143.69,73.1
INDIANHUME,INDIANHUMEEQN,388.9,393.9,393.9,5.0,1.29,716,282032,432.0,279.8
MTARTECH,MTARTECHBEN,7799.5,7900.0,7900.0,100.5,1.29,2174,17174600,8714.0,1400.0
MAYURUNIQ,MAYURUNIQEQN,740.55,750.0,750.0,9.45,1.28,553,414750,907.0,471.2
BODALCHEM,BODALCHEMEQN,184.05,186.4,186.4,2.35,1.28,61424,11449433,186.0,42.81
MUNJALSHOW,MUNJALSHOWEQN,128.75,130.38,130.38,1.63,1.27,12,1564,150.9,110.3
VISHNU,VISHNUEQN,731.55,740.8,740.8,9.25,1.26,1506,1115644,744.0,443.7
VSTL,VSTLEQN,124.44,126.0,126.0,1.56,1.25,54,6804,168.0,100.8
DBREALTY,DBREALTYEQN,101.19,102.45,102.45,1.26,1.25,3179,325688,183.9,83.5
RUSHIL,RUSHILEQN,16.07,16.27,16.27,0.2,1.24,11,178,33.99,12.49
JISLDVREQS,JISLDVREQSEQN,21.7,21.97,21.97,0.27,1.24,921,20234,35.48,18.5
FISCHER,FISCHEREQN,35.56,36.0,36.0,0.44,1.24,3913,140868,124.7,31.05
IRIS,IRISEQN,254.67,257.8,257.8,3.13,1.23,2,515,388.1,203.0
KPRMILL,KPRMILLEQN,1135.0,1148.9,1148.9,13.9,1.22,2759,3169815,1334.0,796.1
IVC,IVCEQN,10.02,10.14,10.14,0.12,1.2,1080,10951,10.99,6.02
UNIMECH,UNIMECHEQN,1629.6,1649.0,1649.0,19.4,1.19,3472,5725328,1640.0,695.0
GINNIFILA,GINNIFILABEN,42.99,43.5,43.5,0.51,1.19,2300,100050,57.85,31.5
ALBERTDAVD,ALBERTDAVDEQN,844.05,854.0,854.0,9.95,1.18,10,8540,931.85,579.9
EMAMIPAP,EMAMIPAPBEN,119.68,121.09,121.09,1.41,1.18,202,24460,133.7,55.0
ADOR,ADOREQN,1626.2,1645.0,1645.0,18.8,1.16,372,611940,1766.4,848.0
AXISCADES,AXISCADESEQN,1848.6,1870.0,1870.0,21.4,1.16,760,1421200,2211.0,1063.3
RPPL,RPPLBEN,22.52,22.78,22.78,0.26,1.15,1,22,26.97,14.25
COMSYN,COMSYNEQN,301.85,305.3,305.3,3.45,1.14,913,278738,314.85,136.44
CROWN,CROWNEQN,115.58,116.9,116.9,1.32,1.14,51,5961,191.0,100.11
KSHINTL,KSHINTLEQN,1176.75,1190.2,1190.2,13.45,1.14,1368,1628193,1197.0,330.0
DIVGIITTS,DIVGIITTSEQN,1189.3,1202.6,1202.6,13.3,1.12,136,163553,1329.8,573.7
NAVKARURB,NAVKARURBBEN,0.89,0.9,0.9,0.01,1.12,12742,11467,2.93,0.7
SAHLIBHFI,SAHLIBHFIEQN,84.95,85.9,85.9,0.95,1.12,1,85,91.95,66.6
MCL,MCLEQN,59.35,60.0,60.0,0.65,1.1,1046,62760,93.2,42.0
VERTOZ,VERTOZEQN,38.38,38.8,38.8,0.42,1.09,6,232,86.75,27.02
DBOL,DBOLEQN,126.12,127.5,127.5,1.38,1.09,1594,203235,139.0,69.0
AFFORDABLE,AFFORDABLEEQN,164.23,166.0,166.0,1.77,1.08,50,8300,297.0,119.71
VINYLINDIA,VINYLINDIAEQN,224.57,227.0,227.0,2.43,1.08,1,227,325.0,161.0
CAPITALSFB,CAPITALSFBEQN,277.0,280.0,280.0,3.0,1.08,2,560,323.7,206.55
SHANTIGEAR,SHANTIGEAREQN,704.0,711.5,711.5,7.5,1.07,13929,9910483,704.0,384.0
DEN,DENEQN,27.18,27.47,27.47,0.29,1.07,14,384,37.35,22.52
DIGISPICE,DIGISPICEEQN,16.91,17.09,17.09,0.18,1.06,6,102,35.5,14.82
SERVOTECH,SERVOTECHEQN,79.06,79.9,79.9,0.84,1.06,5435,434256,143.0,57.51
GAUDIUMIVF,GAUDIUMIVFBEN,118.39,119.65,119.65,1.26,1.06,3481,416501,163.18,69.18
EBGNG,EBGNGEQN,665.15,672.2,672.2,7.05,1.06,3919,2634351,689.5,239.0
ELPROINTL,ELPROINTLEQN,174.17,176.0,176.0,1.83,1.05,80,14080,180.89,86.0
HTEL,HTELBEN,73.96,74.74,74.74,0.78,1.05,2933,219212,81.4,71.1
TARC,TARCEQN,131.53,132.9,132.9,1.37,1.04,4449,591272,186.3,109.1
SAGARDEEP,SAGARDEEPEQN,23.98,24.23,24.23,0.25,1.04,105,2544,31.48,20.81
STLNETWORK,STLNETWORKEQN,31.62,31.95,31.95,0.33,1.04,45369,1449539,35.4,15.75
ORCHPHARMA,ORCHPHARMAEQN,965.8,975.8,975.8,10.0,1.04,544,530835,1133.0,480.0
HINDCOPPER,HINDCOPPEREQN,532.85,538.4,538.4,5.55,1.04,131860,70993424,760.05,241.52
NEXTMEDIA,NEXTMEDIAEQN,3.86,3.9,3.9,0.04,1.04,5,19,8.48,3.16
OMAXE,OMAXEEQN,127.58,128.9,128.9,1.32,1.03,6069,782294,138.89,62.5
SHALPAINTS,SHALPAINTSBEN,84.12,84.99,84.99,0.87,1.03,20,1699,95.95,35.21
CYBERTECH,CYBERTECHBEN,139.26,140.7,140.7,1.44,1.03,185,26029,274.8,95.3
LEAPIND,LEAPINDEQN,148.26,149.79,149.79,1.53,1.03,7701,1153532,172.29,143.0
JNKINDIA,JNKINDIAEQN,440.5,445.0,445.0,4.5,1.02,195,86775,558.0,200.92
NLCINDIA,NLCINDIAEQN,272.25,275.0,275.0,2.75,1.01,15548,4275700,387.8,228.8
ALPA,ALPAEQN,63.17,63.8,63.8,0.63,1.0,364,23223,97.9,46.1
PARACABLES,PARACABLESEQN,69.05,69.74,69.74,0.69,1.0,29824,2079925,75.7,28.3
RUBYMILLS,RUBYMILLSEQN,450.3,454.8,454.8,4.5,1.0,10,4548,499.05,169.02
SARLAPOLY,SARLAPOLYEQN,101.47,102.48,102.48,1.01,1.0,14,1434,111.0,68.4
SGRL,SGRLEQN,696.0,702.95,702.95,6.95,1.0,2,1405,722.0,477.05
SCHAND,SCHANDEQN,136.64,137.99,137.99,1.35,0.99,112,15454,200.0,130.05
ELLEN,ELLENEQN,322.8,326.0,326.0,3.2,0.99,823,268298,559.8,175.0
GENESYS,GENESYSEQN,288.19,291.01,291.01,2.82,0.98,67855,19746483,432.01,134.73
BEPL,BEPLEQN,133.84,135.15,135.15,1.31,0.98,35322,4773768,138.5,74.2
RAJESHEXPO,RAJESHEXPOBZN,79.61,80.39,80.39,0.78,0.98,754,60614,237.88,72.63
REPCOHOME,REPCOHOMEEQN,361.35,364.85,364.85,3.5,0.97,201,73334,455.9,333.6
TRACXN,TRACXNEQN,29.01,29.29,29.29,0.28,0.97,115,3368,55.9,25.39
SANATHAN,SANATHANEQN,470.5,475.0,475.0,4.5,0.96,600,285000,551.95,352.6
SAKAR,SAKAREQN,1157.85,1169.0,1169.0,11.15,0.96,1053,1230957,1211.0,321.05
SYNCOMF,SYNCOMFEQN,20.97,21.17,21.17,0.2,0.95,28388,600973,22.59,10.21
ESSENTIA,ESSENTIAEQN,1.05,1.06,1.06,0.01,0.95,7711,8173,1.96,0.95
INA,INAEQN,93.12,94.0,94.0,0.88,0.95,1985,186590,161.81,79.75
BHAGERIA,BHAGERIABEN,335.8,339.0,339.0,3.2,0.95,4136,1402104,335.8,127.51
KPEL,KPELEQN,235.88,238.09,238.09,2.21,0.94,2957,704032,463.25,235.0
CLSEL,CLSELEQN,305.65,308.5,308.5,2.85,0.93,889,274256,324.8,203.75
BERGEPAINT,BERGEPAINTEQN,479.45,483.9,483.9,4.45,0.93,2389,1156037,594.55,391.1
GRMOVER,GRMOVEREQN,88.17,88.99,88.99,0.82,0.93,1294,115153,185.45,81.95
GROWWSLVR,GROWWSLVREQN,22.65,22.86,22.86,0.21,0.93,200,4572,36.3,12.15
BIRLAMONEY,BIRLAMONEYEQN,124.85,126.0,126.0,1.15,0.92,1,126,197.39,95.0
CARBORUNIV,CARBORUNIVEQN,1095.9,1106.0,1106.0,10.1,0.92,55,60830,1306.9,735.2
KIRLFER,KIRLFEREQN,459.9,464.15,464.15,4.25,0.92,7,3249,513.0,408.0
FREDUN,FREDUNEQN,1356.8,1369.3,1369.3,12.5,0.92,50,68465,1590.0,1320.1
COUNCODOS,COUNCODOSBEN,6.51,6.57,6.57,0.06,0.92,80,525,8.49,3.71
BLAL,BLALEQN,161.92,163.4,163.4,1.48,0.91,60,9804,233.8,155.5
LUMAXIND,LUMAXINDEQN,6133.0,6188.0,6188.0,55.0,0.9,40,247520,6934.5,4061.0
PIRAMALFIN,PIRAMALFINEQN,2298.5,2319.0,2319.0,20.5,0.89,211,489309,2324.0,1260.0
NITINSPIN,NITINSPINEQN,655.1,660.95,660.95,5.85,0.89,1360,898892,664.4,302.2
AJAXENGG,AJAXENGGEQN,594.1,599.3,599.3,5.2,0.88,307,183985,698.85,394.8
ANMOL,ANMOLEQN,11.38,11.48,11.48,0.1,0.88,1221,14017,17.74,8.4
SURANASOL,SURANASOLEQN,26.03,26.26,26.26,0.23,0.88,510,13392,39.08,18.31
MADHAVIPL,MADHAVIPLEQN,8.03,8.1,8.1,0.07,0.87,604,4892,9.9,6.95
TECHNVISN,TECHNVISNEQN,4797.5,4839.0,4839.0,41.5,0.87,1,4839,6198.0,3222.8
CSM,CSMEQN,94.13,94.95,94.95,0.82,0.87,1279,121441,113.0,92.67
JKPAPER,JKPAPEREQN,415.3,418.9,418.9,3.6,0.87,1331,557555,444.8,304.85
NRAIL,NRAILEQN,644.35,649.9,649.9,5.55,0.86,526,341847,648.3,357.3
CARERATING,CARERATINGEQN,1721.1,1735.7,1735.7,14.6,0.85,89,154477,1838.0,1392.7
MENNPIS,MENNPISEQN,84.28,85.0,85.0,0.72,0.85,3115,264775,85.8,52.35
VEDAVAAG,VEDAVAAGEQN,18.83,18.99,18.99,0.16,0.85,1,18,19.8,16.98
SFL,SFLEQN,675.95,681.6,681.6,5.65,0.84,1903,1297084,832.45,456.8
DEEPA,DEEPAEQN,194.37,196.01,196.01,1.64,0.84,40662,7970158,0.0,0.0
GNA,GNAEQN,553.4,558.0,558.0,4.6,0.83,772,430776,601.65,295.0
GOLDIAM,GOLDIAMEQN,338.2,341.0,341.0,2.8,0.83,1721,586861,398.2,198.75
RSL,RSLEQN,190.21,191.75,191.75,1.54,0.81,1782,341698,192.0,101.7
SMARTWORKS,SMARTWORKSEQN,552.65,557.15,557.15,4.5,0.81,179,99729,619.0,361.5
PALREDTEC,PALREDTECEQN,53.32,53.75,53.75,0.43,0.81,2,107,73.6,27.45
SILVERADD,SILVERADDEQN,22.3,22.48,22.48,0.18,0.81,733,16477,39.0,11.9
BIRLACORPN,BIRLACORPNEQN,854.3,861.15,861.15,6.85,0.8,500,430575,1346.1,769.6
AVADHSUGAR,AVADHSUGAREQN,836.25,842.9,842.9,6.65,0.8,175,147507,884.8,306.05
UNIVCABLES,UNIVCABLESEQN,1524.7,1536.9,1536.9,12.2,0.8,156,239756,1774.9,576.0
DECNGOLD,DECNGOLDEQN,223.22,225.0,225.0,1.78,0.8,14086,3169350,250.8,114.8
KENNAMET,KENNAMETEQN,4654.4,4691.7,4691.7,37.3,0.8,4,18766,4860.0,2405.2
JASH,JASHEQN,518.7,522.8,522.8,4.1,0.79,1335,697938,572.85,327.1
KRBL,KRBLEQN,431.05,434.45,434.45,3.4,0.79,8889,3861826,479.0,274.65
DISHTV,DISHTVEQN,2.54,2.56,2.56,0.02,0.79,6695,17139,5.99,1.82
RAIN,RAINEQN,217.81,219.5,219.5,1.69,0.78,27942,6133269,252.0,99.9
SEJALLTD,SEJALLTDEQN,651.35,656.4,656.4,5.05,0.78,1,656,1036.7,381.0
STARHEALTH,STARHEALTHEQN,572.1,576.5,576.5,4.4,0.77,106,61109,624.9,416.55
DEEPINDS,DEEPINDSEQN,818.7,825.0,825.0,6.3,0.77,3984,3286800,823.0,330.0
KRISHNADEF,KRISHNADEFEQN,1111.6,1120.2,1120.2,8.6,0.77,648,725889,1400.0,665.0
DHOOTTRANS,DHOOTTRANSEQN,1597.6,1609.9,1609.9,12.3,0.77,3253,5237004,1665.2,1131.0
MOSILVER,MOSILVEREQN,229.24,231.0,231.0,1.76,0.77,1000,231000,385.0,123.05
JAMNAAUTO,JAMNAAUTOEQN,128.92,129.9,129.9,0.98,0.76,16877,2192322,152.6,89.74
ONGC,ONGCEQN,236.0,237.8,237.8,1.8,0.76,105367,25056272,307.5,227.65
CENTENKA,CENTENKAEQN,589.2,593.7,593.7,4.5,0.76,181,107459,671.65,371.2
INFOBEAN,INFOBEANEQN,158.61,159.8,159.8,1.19,0.75,1533,244973,257.5,116.5
CENTEXT,CENTEXTEQN,21.39,21.55,21.55,0.16,0.75,21379,460717,34.75,15.67
PANACEABIO,PANACEABIOEQN,391.85,394.8,394.8,2.95,0.75,351,138574,647.0,292.4
JUNIPER,JUNIPEREQN,215.75,217.37,217.37,1.62,0.75,92,19998,312.5,188.5
TRAVELFOOD,TRAVELFOODEQN,1295.5,1295.0,1295.0,9.7,0.75,45,58275,1470.9,1035.3
THEJO,THEJOEQN,2134.1,2149.9,2149.9,15.8,0.74,19,40848,2286.6,1443.6
BAJAJHCARE,BAJAJHCAREEQN,336.7,339.2,339.2,2.5,0.74,722,244902,515.9,272.35
CARYSIL,CARYSILEQN,1155.0,1163.5,1163.5,8.5,0.74,150,174525,1280.9,732.1
IITL,IITLEQN,149.88,150.99,150.99,1.11,0.74,5,754,216.0,108.0
FABTECH,FABTECHEQN,146.91,148.0,148.0,1.09,0.74,381,56388,262.8,132.7
SUDEEPPHRM,SUDEEPPHRMEQN,1344.2,1354.2,1354.2,10.0,0.74,873,1182216,1378.0,524.05
CARRARO,CARRAROEQN,538.85,542.8,542.8,3.95,0.73,3,1628,667.55,416.0
SHANKESH,SHANKESHEQN,94.89,95.58,95.58,0.69,0.73,12381,1183375,111.0,87.25
AJANTPHARM,AJANTPHARMEQN,3579.3,3605.0,3605.0,25.7,0.72,373,1344665,3796.0,2329.9
PICCADIL,PICCADILEQN,608.3,612.65,612.65,4.35,0.72,603,369427,809.7,515.0
SEIL,SEILEQN,198.59,200.01,200.01,1.42,0.72,1301,260213,239.96,172.9
IZMO,IZMOEQN,927.15,933.8,933.8,6.65,0.72,411,383791,1374.7,562.0
SHANTIINOR,SHANTIINORSTN,159.85,161.0,161.0,1.15,0.72,6400,1030400,169.95,150.0
CAPLIPOINT,CAPLIPOINTEQN,2770.1,2789.9,2789.9,19.8,0.71,228,636097,2877.3,1500.3
LGBBROSLTD,LGBBROSLTDEQN,1736.7,1749.0,1749.0,12.3,0.71,110,192390,2048.0,1314.9
ICRA,ICRAEQN,4854.4,4888.7,4888.7,34.3,0.71,3,14666,6982.0,4692.0
DSFCL,DSFCLBEN,26.74,26.93,26.93,0.19,0.71,1,26,52.5,17.28
BLUECLOUDS,BLUECLOUDSEQN,19.75,19.89,19.89,0.14,0.71,2564,50997,24.5,19.56
PACIFICI,PACIFICIEQN,140.0,141.0,141.0,1.0,0.71,75,10575,160.0,111.15
STEELXIND,STEELXINDEQN,11.53,11.61,11.61,0.08,0.69,31107,361152,13.95,7.0
SONAMLTD,SONAMLTDBEN,72.5,73.0,73.0,0.5,0.69,420,30660,80.32,37.4
FEDFINA,FEDFINAEQN,162.3,163.42,163.42,1.12,0.69,451,73702,178.48,119.07
BGRENERGY,BGRENERGYBEN,257.06,258.8,258.8,1.74,0.68,109,28209,490.8,212.1
KPIGREEN,KPIGREENEQN,292.05,294.05,294.05,2.0,0.68,8908,2619397,542.25,290.55
SOLARWORLD,SOLARWORLDEQN,147.99,149.0,149.0,1.01,0.68,542,80758,388.5,139.19
XTRANET,XTRANETEQN,266.7,268.52,268.52,1.82,0.68,5308,1425304,291.99,122.5
SENORES,SENORESEQN,1509.8,1519.9,1519.9,10.1,0.67,708,1076089,1599.0,662.45
MAMATA,MAMATAEQN,425.7,428.55,428.55,2.85,0.67,247,105851,515.0,297.0
MADRASFERT,MADRASFERTEQN,64.37,64.8,64.8,0.43,0.67,150,9720,93.49,52.56
IRISDOREME,IRISDOREMEEQN,61.62,62.03,62.03,0.41,0.67,259,16065,65.0,26.35
GKB,GKBEQN,71.52,72.0,72.0,0.48,0.67,1,72,71.77,60.3
ARKADE,ARKADEEQN,123.09,123.9,123.9,0.81,0.66,1001,124023,185.3,92.62
EUREKAFORB,EUREKAFORBEQN,408.55,411.25,411.25,2.7,0.66,254,104457,668.3,402.9
SHREEPUSHK,SHREEPUSHKEQN,510.05,513.4,513.4,3.35,0.66,220,112948,545.2,272.45
ONESOURCE,ONESOURCEEQN,1579.5,1590.0,1590.0,10.5,0.66,683,1085970,1925.0,1057.0
CEWATER,CEWATEREQN,267.0,268.75,268.75,1.75,0.66,16,4300,539.9,235.0
GESHIP,GESHIPEQN,1383.8,1393.0,1393.0,9.2,0.66,4195,5843635,1798.0,948.4
CSBBANK,CSBBANKEQN,312.85,314.9,314.9,2.05,0.66,3724,1172687,574.4,311.15
KELLTONTEC,KELLTONTECEQN,13.69,13.78,13.78,0.09,0.66,3739,51523,28.13,13.0
INDOBORAX,INDOBORAXEQN,511.05,514.4,514.4,3.35,0.66,116,59670,542.8,225.31
STEELCAS,STEELCASEQN,331.6,333.8,333.8,2.2,0.66,29,9680,364.0,176.02
TARSONS,TARSONSEQN,325.15,327.3,327.3,2.15,0.66,1,327,375.0,164.45
STOVEKRAFT,STOVEKRAFTEQN,839.45,845.0,845.0,5.55,0.66,68,57460,877.0,447.05
PONNIERODE,PONNIERODEEQN,378.55,381.05,381.05,2.5,0.66,9,3429,455.0,252.4
REDINGTON,REDINGTONEQN,373.55,376.0,376.0,2.45,0.66,25550,9606800,381.6,191.31
SUMICHEM,SUMICHEMEQN,486.7,489.9,489.9,3.2,0.66,172,84262,617.45,362.6
PAUSHAKLTD,PAUSHAKLTDEQN,770.7,775.75,775.75,5.05,0.66,111,86108,826.75,342.5
MEDICAMEQ,MEDICAMEQEQN,285.75,287.65,287.65,1.9,0.66,75,21573,447.65,212.4
GOODYEAR,GOODYEAREQN,725.2,730.0,730.0,4.8,0.66,27,19710,876.0,711.25
AASTHA,AASTHAEQN,76.85,77.26,77.26,0.51,0.66,464,35848,140.01,70.0
SOLEX,SOLEXEQN,725.05,729.8,729.8,4.75,0.66,3,2189,1985.0,705.1
EUROPRATIK,EUROPRATIKEQN,256.95,258.65,258.65,1.7,0.66,830,214679,390.0,205.1
JWL,JWLEQN,242.41,244.0,244.0,1.59,0.66,3380,824720,358.25,235.65
MAHSCOOTER,MAHSCOOTEREQN,13267.0,13354.0,13354.0,87.0,0.66,1,13354,18538.0,10901.0
EIMCOELECO,EIMCOELECOEQN,2258.2,2272.9,2272.9,14.7,0.65,52,118190,2380.0,1405.5
MONTECARLO,MONTECARLOEQN,558.5,562.15,562.15,3.65,0.65,62,34853,860.95,464.0
AURUM,AURUMEQN,227.26,228.74,228.74,1.48,0.65,13,2973,264.64,151.9
SUPRAJIT,SUPRAJITEQN,475.6,478.7,478.7,3.1,0.65,195,93346,559.25,389.95
SAGCEM,SAGCEMEQN,151.82,152.81,152.81,0.99,0.65,7,1069,295.95,148.7
HINDWAREAP,HINDWAREAPEQN,180.28,181.46,181.46,1.18,0.65,1,181,392.7,170.5
JUBLCPL,JUBLCPLEQN,2177.8,2192.0,2192.0,14.2,0.65,1,2192,2911.8,1460.0
KANANIIND,KANANIINDEQN,1.53,1.54,1.54,0.01,0.65,8000,12320,2.15,1.02
TINNARUBR,TINNARUBREQN,1019.0,1025.65,1025.65,6.65,0.65,1,1025,1322.0,527.45
MADHUCON,MADHUCONBEN,4.59,4.62,4.62,0.03,0.65,45,207,8.55,3.61
MARKOLINES,MARKOLINESEQN,177.17,178.33,178.33,1.16,0.65,17,3031,191.75,131.65
SHILCTECH,SHILCTECHEQN,4212.5,4239.9,4239.9,27.4,0.65,39,165356,5399.0,2852.5
AURIONPRO,AURIONPROEQN,672.1,676.5,676.5,4.4,0.65,1677,1134490,1309.9,665.15
REGAAL,REGAALEQN,87.3,87.87,87.87,0.57,0.65,500,43935,113.75,57.27
SHINDL,SHINDLEQN,160.65,161.7,161.7,1.05,0.65,3,485,179.99,130.6
NOVAAGRI,NOVAAGRIBEN,23.15,23.3,23.3,0.15,0.65,5,116,52.6,18.12
MIIL,MIILEQN,704.6,709.2,709.2,4.6,0.65,28,19857,742.9,660.0
MAXESTATES,MAXESTATESEQN,538.15,541.65,541.65,3.5,0.65,86,46581,579.0,305.45
EMCURE,EMCUREEQN,1925.8,1938.1,1938.1,12.3,0.64,491,951607,2048.0,1260.0
PCBL,PCBLEQN,328.8,330.9,330.9,2.1,0.64,12545,4151140,425.95,226.5
KMCSHIL,KMCSHILEQN,137.59,138.47,138.47,0.88,0.64,307,42510,148.0,131.45
TVVISION,TVVISIONBEN,3.18,3.2,3.2,0.02,0.63,1,3,12.4,3.06
ACSTECH,ACSTECHBEN,57.14,57.5,57.5,0.36,0.63,14735,847262,57.14,31.71
ASALCBR,ASALCBREQN,696.15,698.5,698.5,4.35,0.63,146,101981,1277.0,660.65
ARVIND,ARVINDEQN,581.35,585.0,585.0,3.65,0.63,5618,3286530,600.0,277.9
GOKEX,GOKEXEQN,781.3,786.2,786.2,4.9,0.63,2011,1581048,954.9,531.0
AXITA,AXITAEQN,7.99,8.04,8.04,0.05,0.63,46478,373683,12.2,6.57
RIR,RIREQN,183.84,185.0,185.0,1.16,0.63,891,164835,203.83,154.0
SBCL,SBCLEQN,1105.2,1112.0,1112.0,6.8,0.62,356,395872,1215.7,368.6
JAYSREETEA,JAYSREETEAEQN,94.41,95.0,95.0,0.59,0.62,702,66690,112.7,70.55
GMRP&UI,GMRP&UIEQN,95.61,96.2,96.2,0.59,0.62,8494,817122,136.95,86.8
ANDHRSUGAR,ANDHRSUGAREQN,98.79,99.4,99.4,0.61,0.62,1605,159537,107.23,66.5
HIMATSEIDE,HIMATSEIDEEQN,69.46,69.89,69.89,0.43,0.62,1100,76879,134.7,68.0
ORIENTCEM,ORIENTCEMEQN,126.42,127.2,127.2,0.78,0.62,128,16281,237.29,122.32
EXCELSOFT,EXCELSOFTEQN,69.06,69.49,69.49,0.43,0.62,600,41694,142.59,66.4
SHIVAUM,SHIVAUMEQN,461.2,464.05,464.05,2.85,0.62,2,928,483.9,275.0
VERANDA,VERANDAEQN,232.73,234.16,234.16,1.43,0.61,1353,316818,272.5,130.02
SKYGOLD,SKYGOLDEQN,820.0,825.0,825.0,5.0,0.61,4594,3790050,868.8,259.0
VTL,VTLEQN,584.4,587.95,587.95,3.55,0.61,642,377463,688.0,385.5
RPPINFRA,RPPINFRAEQN,53.68,54.0,54.0,0.32,0.6,51,2754,156.0,53.39
IGIL,IGILEQN,318.1,320.0,320.0,1.9,0.6,2775,888000,392.0,287.0
MCX,MCXEQN,3342.0,3362.0,3362.0,20.0,0.6,14924,50174488,3480.0,1496.0
POEL,POELEQN,144.12,144.99,144.99,0.87,0.6,250,36247,168.97,140.6
CHENNPETRO,CHENNPETROEQN,1457.8,1466.5,1466.5,8.7,0.6,5606,8221199,1489.7,698.05
ASTRAMICRO,ASTRAMICROEQN,1757.3,1767.8,1767.8,10.5,0.6,1401,2476687,1960.0,851.0
PREMIERPOL,PREMIERPOLEQN,90.56,91.1,91.1,0.54,0.6,1171,106678,98.8,38.0
GUJTHEM,GUJTHEMEQN,453.25,455.95,455.95,2.7,0.6,634,289072,479.0,225.05
RAYMONDREL,RAYMONDRELEQN,582.5,586.0,586.0,3.5,0.6,4593,2691498,734.9,349.0
ORIANA,ORIANASMN,1217.65,1225.0,1225.0,7.35,0.6,225,275625,3064.0,1174.95
DALBHARAT,DALBHARATEQN,1700.5,1710.7,1710.7,10.2,0.6,221,378064,2496.3,1605.0
SANOFICONR,SANOFICONREQN,4075.6,4099.8,4099.8,24.2,0.59,3,12299,5357.0,3975.0
PCJEWELLER,PCJEWELLEREQN,13.52,13.6,13.6,0.08,0.59,2068662,28133803,15.38,7.47
AYMSYNTEX,AYMSYNTEXEQN,320.1,322.0,322.0,1.9,0.59,301,96922,330.0,141.53
DALMIASUG,DALMIASUGEQN,450.35,453.0,453.0,2.65,0.59,547,247791,520.0,261.4
CONFIPET,CONFIPETEQN,82.49,82.98,82.98,0.49,0.59,9883,820091,88.27,28.06
TEMPSENS,TEMPSENSEQN,571.35,574.7,574.7,3.35,0.59,8856,5089543,634.85,534.7
MANALIPETC,MANALIPETCEQN,90.08,90.6,90.6,0.52,0.58,20243,1834015,93.0,39.13
J&KBANK,J&KBANKEQN,147.03,147.88,147.88,0.85,0.58,4192,619912,201.75,97.35
AVANTIFEED,AVANTIFEEDEQN,837.15,842.0,842.0,4.85,0.58,2327,1959334,1593.8,631.65
SBC,SBCEQN,46.77,47.04,47.04,0.27,0.58,19812,931956,47.8,20.18
IGPL,IGPLEQN,584.55,587.95,587.95,3.4,0.58,52,30573,590.0,315.0
REMSONSIND,REMSONSINDEQN,97.26,97.82,97.82,0.56,0.58,388,37954,152.45,75.23
MWL,MWLEQN,37.65,37.87,37.87,0.22,0.58,281,10641,43.94,18.35
RIIT,RIITIVN,120.79,121.49,121.49,0.7,0.58,21,2551,127.0,105.3
PFOCUS,PFOCUSEQN,313.15,314.95,314.95,1.8,0.57,3613,1137914,367.0,161.01
CEIGALL,CEIGALLEQN,374.85,377.0,377.0,2.15,0.57,8279,3121183,405.7,222.61
PAKKA,PAKKAEQN,78.54,78.99,78.99,0.45,0.57,144,11374,178.84,69.1
UDS,UDSEQN,215.77,217.0,217.0,1.23,0.57,388,84196,264.67,125.1
MOTISONS,MOTISONSEQN,16.13,16.22,16.22,0.09,0.56,141375,2293102,20.45,10.62
MAANALU,MAANALUEQN,114.34,114.98,114.98,0.64,0.56,302,34723,184.74,103.01
SILVER,SILVEREQN,231.1,232.39,232.39,1.29,0.56,2212,514046,371.89,123.85
LORDSCHLO,LORDSCHLOEQN,138.23,139.0,139.0,0.77,0.56,5,695,233.0,108.0
VSSL,VSSLEQN,356.6,358.6,358.6,2.0,0.56,365,130889,375.95,206.4
SPCENET,SPCENETEQN,3.61,3.63,3.63,0.02,0.55,361,1310,11.24,3.0
AVL,AVLEQN,614.6,618.0,618.0,3.4,0.55,354,218772,705.0,436.55
GFLLIMITED,GFLLIMITEDEQN,60.17,60.5,60.5,0.33,0.55,159,9619,81.0,37.25
KINGFA,KINGFAEQN,6037.0,6070.5,6070.5,33.5,0.55,47,285313,6200.0,3649.9
JTLIND,JTLINDEQN,89.55,90.04,90.04,0.49,0.55,18116,1631164,94.0,40.25
VIDHIING,VIDHIINGEQN,356.45,358.4,358.4,1.95,0.55,567,203212,387.9,258.6
CPPLUS,CPPLUSEQN,3828.8,3850.0,3850.0,21.2,0.55,356,1370600,4094.0,1227.0
ZFSTEERING,ZFSTEERINGEQN,670.3,674.0,674.0,3.7,0.55,125,84250,894.98,620.65
CMLL,CMLLEQN,484.35,487.0,487.0,2.65,0.55,159,77433,624.4,463.35
GALLANTT,GALLANTTEQN,561.65,564.7,564.7,3.05,0.54,270,152469,948.0,496.25
SEKURITIND,SEKURITINDEQN,113.19,113.8,113.8,0.61,0.54,17,1934,124.65,112.7
MPSLTD,MPSLTDEQN,2749.1,2763.9,2763.9,14.8,0.54,15,41458,2979.0,1336.1
MACPOWER,MACPOWEREQN,1874.1,1884.2,1884.2,10.1,0.54,22,41452,2050.0,761.0
OMPOWER,OMPOWEREQN,170.0,170.92,170.92,0.92,0.54,7,1196,206.0,158.01
MIDWESTLTD,MIDWESTLTDEQN,1078.4,1084.2,1084.2,5.8,0.54,17,18431,1859.9,1026.0
ADANIPORTS,ADANIPORTSEQN,1710.0,1719.0,1719.0,9.0,0.53,9650,16588350,1891.1,1292.0
SMLT,SMLTEQN,62.17,62.5,62.5,0.33,0.53,112,7000,122.85,56.61
AMAL,AMALEQN,757.85,761.9,761.9,4.05,0.53,1,761,822.0,730.05
STYL,STYLEQN,383.35,385.4,385.4,2.05,0.53,230,88642,437.45,209.11
GLOBE,GLOBEEQN,1.87,1.88,1.88,0.01,0.53,646,1214,3.29,1.83
WEBELSOLAR,WEBELSOLAREQN,75.01,75.4,75.4,0.39,0.52,8212,619184,137.9,50.4
OIL,OILEQN,495.4,498.0,498.0,2.6,0.52,9994,4977012,531.0,390.0
CENTURYPLY,CENTURYPLYEQN,744.1,746.95,746.95,3.85,0.52,200,149390,859.0,618.5
MVELECTRO,MVELECTROEQN,883.25,887.85,887.85,4.6,0.52,21880,19426158,917.8,516.55
KEI,KEIEQN,4697.5,4722.0,4722.0,24.5,0.52,382,1803804,5899.0,3728.7
ALLDIGI,ALLDIGIEQN,804.9,809.0,809.0,4.1,0.51,1,809,1000.0,700.0
KRN,KRNEQN,1660.2,1668.6,1668.6,8.4,0.51,311,518934,1669.5,589.8
IKS,IKSEQN,1780.0,1789.0,1789.0,9.0,0.51,154,275506,1933.0,1262.0
GVT&D,GVT&DEQN,4750.0,4774.0,4774.0,24.0,0.51,6050,28882700,5650.0,2523.2
JSWSTEEL,JSWSTEELEQN,1297.3,1303.9,1303.9,6.6,0.51,850,1108315,1351.0,1073.2
UNITEDPOLY,UNITEDPOLYEQN,42.78,43.0,43.0,0.22,0.51,2,86,51.16,20.6
GLOBALVECT,GLOBALVECTEQN,139.29,140.0,140.0,0.71,0.51,3,420,248.0,129.0
TECHNOCRAF,TECHNOCRAFEQN,403.85,405.9,405.9,2.05,0.51,5919,2402522,406.95,284.0
SSWL,SSWLEQN,373.1,374.95,374.95,1.85,0.5,3315,1242959,383.8,169.0
TBOTEK,TBOTEKEQN,1694.5,1703.0,1703.0,8.5,0.5,76,129428,1764.8,1004.2
SURYAROSNI,SURYAROSNIEQN,216.02,217.1,217.1,1.08,0.5,1020,221442,314.5,187.35
GMDCLTD,GMDCLTDEQN,568.85,571.7,571.7,2.85,0.5,5571,3184940,771.9,466.4
HMAAGRO,HMAAGROEQN,20.01,20.11,20.11,0.1,0.5,5181,104189,34.24,19.9
AGIIL,AGIILEQN,271.65,273.0,273.0,1.35,0.5,6487,1770951,434.4,224.7
BTML,BTMLEQN,8.02,8.06,8.06,0.04,0.5,62,499,10.5,5.06
SUNFLAG,SUNFLAGEQN,338.3,340.0,340.0,1.7,0.5,59,20060,428.0,192.15
GLENMARK,GLENMARKEQN,2474.5,2486.9,2486.9,12.4,0.5,2371,5896439,2537.6,1792.6
HINDOILEXP,HINDOILEXPEQN,193.66,194.62,194.62,0.96,0.5,5496,1069631,194.99,117.5
PROSTARM,PROSTARMEQN,135.23,135.91,135.91,0.68,0.5,611,83041,237.0,114.64
ATLANTAA,ATLANTAAEQN,38.3,38.49,38.49,0.19,0.5,10,384,73.39,31.52
COHANCE,COHANCEEQN,451.6,453.85,453.85,2.25,0.5,323,146593,1038.9,266.7
BETA,BETAEQN,2139.8,2150.5,2150.5,10.7,0.5,15,32257,2807.9,990.1
PINELABS,PINELABSEQN,169.55,170.4,170.4,0.85,0.5,110962,18907924,284.0,134.73
KAMDHENU,KAMDHENUBEN,40.25,40.45,40.45,0.2,0.5,1220,49349,40.95,16.15
SPELS,SPELSEQN,146.6,147.33,147.33,0.73,0.5,45,6629,157.0,140.1
ANUHPHR,ANUHPHREQN,95.53,96.0,96.0,0.47,0.49,12998,1247808,99.5,67.0
UNIENTER,UNIENTEREQN,93.55,94.01,94.01,0.46,0.49,125,11751,158.0,87.51
HINDALCO,HINDALCOEQN,1009.0,1013.9,1013.9,4.9,0.49,5266,5339197,1176.0,731.95
BONLON,BONLONEQN,40.88,41.08,41.08,0.2,0.49,55,2259,57.0,34.51
GRANULES,GRANULESEQN,895.35,899.75,899.75,4.4,0.49,12796,11513201,910.0,510.55
IDEAFORGE,IDEAFORGEEQN,775.2,779.0,779.0,3.8,0.49,499,388721,992.25,366.0
JYOTISTRUC,JYOTISTRUCEQN,10.42,10.47,10.47,0.05,0.48,24754,259174,17.42,7.94
HPAL,HPALEQN,35.42,35.59,35.59,0.17,0.48,1,35,53.0,26.52
STANLEY,STANLEYEQN,138.59,139.25,139.25,0.66,0.48,370,51522,320.45,123.0
FINKURVE,FINKURVEEQN,69.09,69.42,69.42,0.33,0.48,252,17493,134.9,48.02
XTGLOBAL,XTGLOBALEQN,31.11,31.26,31.26,0.15,0.48,1,31,46.25,25.2
TEMBO,TEMBOEQN,58.17,58.45,58.45,0.28,0.48,840,49098,837.0,55.0
KPL,KPLEQN,3661.4,3678.9,3678.9,17.5,0.48,173,636449,3744.0,1561.0
NITIRAJ,NITIRAJEQN,230.92,232.0,232.0,1.08,0.47,1,232,241.0,168.0
SIL,SILEQN,19.1,19.19,19.19,0.09,0.47,73,1400,22.3,11.7
THOMASCOTT,THOMASCOTTEQN,255.3,256.5,256.5,1.2,0.47,1,256,459.8,230.0
NDRAUTO,NDRAUTOEQN,717.65,721.0,721.0,3.35,0.47,5,3605,1186.6,605.05
STYRENIX,STYRENIXEQN,2114.9,2124.9,2124.9,10.0,0.47,29,61622,2690.0,1780.0
SWSOLAR,SWSOLAREQN,184.08,184.94,184.94,0.86,0.47,2707,500632,281.7,148.0
PRAKASH,PRAKASHEQN,127.3,127.9,127.9,0.6,0.47,1243,158979,177.0,110.24
HERANBA,HERANBAEQN,172.8,173.62,173.62,0.82,0.47,2,347,347.95,155.38
LATTEYS,LATTEYSEQN,21.15,21.25,21.25,0.1,0.47,1,21,37.0,15.79
BAJEL,BAJELEQN,183.62,184.49,184.49,0.87,0.47,5,922,226.69,135.1
ADVAIT,ADVAITEQN,2153.9,2164.0,2164.0,10.1,0.47,36,77904,2485.0,1351.0
RAMANEWS,RAMANEWSEQN,33.74,33.9,33.9,0.16,0.47,16,542,42.0,27.05
ENRIN,ENRINEQN,3200.1,3215.0,3215.0,14.9,0.47,773,2485195,3968.0,2115.0
GYFTR,GYFTREQN,186.02,186.9,186.9,0.88,0.47,113,21119,193.9,139.69
LOTUSDEV,LOTUSDEVBEN,198.81,199.75,199.75,0.94,0.47,3570,713107,207.5,102.2
AGARWALEYE,AGARWALEYEEQN,519.7,522.1,522.1,2.4,0.46,686,358160,568.0,401.0
TITAN,TITANEQN,4987.0,5010.0,5010.0,23.0,0.46,1336,6693360,5186.7,3303.1
BESTAGRO,BESTAGROEQN,19.6,19.69,19.69,0.09,0.46,7181,141393,34.4,12.3
MALUPAPER,MALUPAPEREQN,34.59,34.75,34.75,0.16,0.46,201,6984,44.11,27.0
PARAS,PARASEQN,1504.0,1510.8,1510.8,6.8,0.45,9189,13882741,1585.0,580.5
GENCON,GENCONEQN,41.89,42.08,42.08,0.19,0.45,2,84,59.96,36.35
BANARBEADS,BANARBEADSEQN,109.99,110.48,110.48,0.49,0.45,2,220,164.7,96.05
GIPCL,GIPCLEQN,201.1,202.0,202.0,0.9,0.45,724,146248,211.71,119.9
SRTL,SRTLEQN,37.61,37.78,37.78,0.17,0.45,1,37,73.36,35.87
AONESILVER,AONESILVEREQN,8.82,8.86,8.86,0.04,0.45,2,17,12.0,7.43
JYOTIRES,JYOTIRESEQN,873.95,868.85,868.85,3.9,0.45,6,5213,911.0,830.25
SHANKARA,SHANKARAEQN,148.34,148.99,148.99,0.65,0.44,300,44697,1048.6,98.25
DHANUKA,DHANUKAEQN,994.05,998.4,998.4,4.35,0.44,1,998,1620.4,889.6
ESSARSHPNG,ESSARSHPNGEQN,16.05,16.12,16.12,0.07,0.44,3326,53615,43.26,15.71
JBMA,JBMAEQN,615.35,617.15,617.15,2.65,0.43,1457,899187,790.0,477.0
SAURASHCEM,SAURASHCEMEQN,56.11,56.35,56.35,0.24,0.43,18,1014,120.0,47.65
BIOCON,BIOCONEQN,392.3,394.0,394.0,1.7,0.43,238494,93966636,447.15,337.05
INDORAMA,INDORAMAEQN,74.98,75.3,75.3,0.32,0.43,2889,217541,78.0,29.0
BLACKROSE,BLACKROSEBEN,112.27,112.75,112.75,0.48,0.43,150,16912,129.9,80.05
GAEL,GAELEQN,167.3,168.0,168.0,0.7,0.42,578,97104,184.99,101.2
PAYTM,PAYTMEQN,1670.0,1677.0,1677.0,7.0,0.42,9970,16719690,1732.3,930.6
AMBER,AMBEREQN,7308.0,7339.0,7339.0,31.0,0.42,172,1262308,8974.0,5400.5
PKTEA,PKTEAEQN,972.75,976.85,976.85,4.1,0.42,17,16606,1115.0,605.0
DELTIC,DELTICSMN,35.85,36.0,36.0,0.15,0.42,1000,36000,71.6,28.05
SUPREMEINF,SUPREMEINFEQN,85.1,85.46,85.46,0.36,0.42,34,2905,113.0,58.11
PODDARMENT,PODDARMENTEQN,311.45,312.75,312.75,1.3,0.42,90,28147,333.4,201.1
SBILIFE,SBILIFEEQN,1696.6,1703.6,1703.6,7.0,0.41,1053,1793890,2132.0,1696.6
TIINDIA,TIINDIAEQN,2638.7,2649.4,2649.4,10.7,0.41,192,508684,3419.9,2164.9
ACCELYA,ACCELYAEQN,1124.4,1129.0,1129.0,4.6,0.41,6,6774,1527.0,1012.4
VRLLOG,VRLLOGEQN,293.75,294.95,294.95,1.2,0.41,449,132432,310.2,225.0
LOKESHMACH,LOKESHMACHEQN,363.5,365.0,365.0,1.5,0.41,270,98550,385.8,138.96
GOLDADD,GOLDADDEQN,14.79,14.85,14.85,0.06,0.41,65,965,18.1,10.39
DCI,DCIEQN,300.75,301.95,301.95,1.2,0.4,1731,522675,475.0,208.98
EVERESTIND,EVERESTINDBEN,426.3,428.0,428.0,1.7,0.4,10,4280,750.0,284.9
GARFIBRES,GARFIBRESEQN,819.15,822.4,822.4,3.25,0.4,55,45232,863.4,579.75
MAHLOG,MAHLOGEQN,408.85,410.5,410.5,1.65,0.4,105,43102,450.0,275.05
GLOBUSSPR,GLOBUSSPREQN,861.45,864.9,864.9,3.45,0.4,98,84760,1252.8,800.05
NSLNISP,NSLNISPEQN,45.02,45.2,45.2,0.18,0.4,22184,1002716,53.75,33.01
ALOKINDS,ALOKINDSEQN,7.46,7.49,7.49,0.03,0.4,161584,1210264,19.34,7.06
BCONCEPTS,BCONCEPTSEQN,166.33,167.0,167.0,0.67,0.4,10,1670,449.0,152.84
SIGNPOST,SIGNPOSTEQN,264.55,265.6,265.6,1.05,0.4,204,54182,336.8,191.41
ADFFOODS,ADFFOODSEQN,273.7,274.8,274.8,1.1,0.4,173,47540,346.95,153.1
SUNDRMFAST,SUNDRMFASTEQN,1255.0,1260.0,1260.0,5.0,0.4,938,1181880,1278.0,730.1
SRM,SRMEQN,461.05,462.9,462.9,1.85,0.4,4,1851,649.95,361.35
ADVANCE,ADVANCEEQN,115.53,115.99,115.99,0.46,0.4,1051,121905,154.0,84.1
RUBICON,RUBICONEQN,1860.6,1868.1,1868.1,7.5,0.4,821,1533710,1899.0,570.75
EMSLIMITED,EMSLIMITEDEQN,378.4,379.9,379.9,1.5,0.4,1731,657606,593.85,256.05
SILVER1,SILVER1EQN,22.46,22.55,22.55,0.09,0.4,1743,39304,38.8,11.95
HNDFDS,HNDFDSEQN,623.5,626.0,626.0,2.5,0.4,118,73868,677.75,442.0
SGLRES,SGLRESEQN,2.52,2.53,2.53,0.01,0.4,2,5,2.74,2.27
MANINDS,MANINDSEQN,821.7,824.9,824.9,3.2,0.39,805,664044,844.4,302.05
KAYNES,KAYNESEQN,3610.0,3624.0,3624.0,14.0,0.39,1224,4435776,7705.0,2995.0
INGERRAND,INGERRANDEQN,4741.7,4760.0,4760.0,18.3,0.39,59,280840,4955.0,3063.3
LAOPALA,LAOPALAEQN,169.92,170.59,170.59,0.67,0.39,29,4947,262.0,162.1
HMVL,HMVLBEN,81.98,82.3,82.3,0.32,0.39,10,823,108.16,55.2
JAYKAY,JAYKAYEQN,159.87,160.49,160.49,0.62,0.39,223,35789,203.43,106.96
TAALTECH,TAALTECHEQN,4532.2,4550.0,4550.0,17.8,0.39,13,59150,4696.0,2616.1
ZYDUSLIFE,ZYDUSLIFEEQN,1145.5,1150.0,1150.0,4.5,0.39,2554,2937100,1205.0,835.5
LALITHAA,LALITHAAEQN,318.75,320.0,320.0,1.25,0.39,29238,9356160,326.8,240.35
IIFLCAPS,IIFLCAPSEQN,339.4,340.7,340.7,1.3,0.38,512,174438,411.3,240.4
CYIENTDLM,CYIENTDLMEQN,976.25,980.0,980.0,3.75,0.38,7976,7816480,1009.0,265.2
COMPUSOFT,COMPUSOFTEQN,13.15,13.2,13.2,0.05,0.38,1,13,20.75,12.0
SADBHIN,SADBHINBEN,2.6,2.61,2.61,0.01,0.38,207,540,4.79,2.06
CEMPRO,CEMPROEQN,1285.1,1290.0,1290.0,4.9,0.38,173,223170,1649.2,503.3
PNGSREVA,PNGSREVAEQN,546.55,548.65,548.65,2.1,0.38,388,212876,644.0,324.25
ONIXSOLAR,ONIXSOLAREQN,444.3,446.0,446.0,1.7,0.38,7223,3221458,444.35,262.45
NORTHARC,NORTHARCEQN,310.85,312.0,312.0,1.15,0.37,2879,898248,334.0,206.0
GLOSTERLTD,GLOSTERLTDEQN,598.8,601.0,601.0,2.2,0.37,45,27045,756.45,495.0
JKCEMENT,JKCEMENTEQN,4990.5,5009.0,5009.0,18.5,0.37,13,65117,7000.0,4671.5
KARURVYSYA,KARURVYSYAEQN,341.15,342.4,342.4,1.25,0.37,2182,747116,358.65,203.6
RATNAMANI,RATNAMANIEQN,2803.8,2814.1,2814.1,10.3,0.37,108,303922,3345.0,1936.5
PHOENIXLTD,PHOENIXLTDEQN,1885.0,1892.0,1892.0,7.0,0.37,222,420024,2169.8,1465.6
TIRUMALCHM,TIRUMALCHMEQN,157.9,158.49,158.49,0.59,0.37,205,32490,328.8,143.5
KANPRPLA,KANPRPLAEQN,242.1,243.0,243.0,0.9,0.37,29,7047,283.14,151.25
HONAUT,HONAUTEQN,35060.0,35190.0,35190.0,130.0,0.37,6,211140,41495.0,26220.0
MEIL,MEILEQN,286.7,287.75,287.75,1.05,0.37,1,287,572.7,206.26
SPARC,SPARCEQN,203.27,204.0,204.0,0.73,0.36,1422,290088,289.0,108.0
MAITHANALL,MAITHANALLEQN,1061.2,1065.0,1065.0,3.8,0.36,559,595335,1210.1,831.2
RML,RMLEQN,1390.0,1395.0,1395.0,5.0,0.36,250,348750,1423.5,608.5
KIRLOSENG,KIRLOSENGEQN,2272.8,2281.0,2281.0,8.2,0.36,835,1904635,2720.0,855.8
SUBEXLTD,SUBEXLTDEQN,19.23,19.3,19.3,0.07,0.36,101337,1955804,19.58,6.61
INTERARCH,INTERARCHEQN,1753.5,1759.9,1759.9,6.4,0.36,96,168950,2762.6,1600.0
GHCLTEXTIL,GHCLTEXTILEQN,131.96,132.44,132.44,0.48,0.36,386,51121,144.59,65.26
IDBI,IDBIEQN,81.11,81.4,81.4,0.29,0.36,96558,7859821,118.38,61.01
APOLLO,APOLLOEQN,417.9,419.4,419.4,1.5,0.36,40999,17194980,466.5,179.5
SUNPHARMA,SUNPHARMAEQN,1885.9,1892.6,1892.6,6.7,0.36,1602,3031945,2046.9,1548.0
TNPL,TNPLEQN,161.41,161.99,161.99,0.58,0.36,994,161018,175.75,121.51
INDSWFTLAB,INDSWFTLABEQN,388.3,389.7,389.7,1.4,0.36,3502,1364729,401.45,87.15
TATASTEEL,TATASTEELEQN,184.15,184.8,184.8,0.65,0.35,37054,6847579,224.4,160.06
FMGOETZE,FMGOETZEEQN,469.25,470.9,470.9,1.65,0.35,2070,974763,641.1,358.0
DBCORP,DBCORPEQN,195.3,195.98,195.98,0.68,0.35,5,979,287.9,184.51
OLECTRA,OLECTRAEQN,1213.7,1218.0,1218.0,4.3,0.35,1360,1656480,1714.2,866.6
BMWVENTLTD,BMWVENTLTDEQN,54.8,54.99,54.99,0.19,0.35,500,27495,78.0,48.0
BALMLAWRIE,BALMLAWRIEEQN,176.38,177.0,177.0,0.62,0.35,94,16638,238.2,148.36
RHIM,RHIMEQN,371.7,373.0,373.0,1.3,0.35,1839,685947,508.3,323.05
BHADORA,BHADORASTN,114.6,115.0,115.0,0.4,0.35,1200,138000,128.85,49.5
SANDHAR,SANDHAREQN,626.35,628.5,628.5,2.15,0.34,40,25140,763.2,424.0
PANAMAPET,PANAMAPETEQN,483.15,484.8,484.8,1.65,0.34,338,163862,599.6,229.0
PITTIENG,PITTIENGEQN,1171.3,1175.3,1175.3,4.0,0.34,143,168067,1228.0,675.0
SEAMECLTD,SEAMECLTDEQN,1782.6,1788.7,1788.7,6.1,0.34,36,64393,1828.9,771.75
GODREJCP,GODREJCPEQN,865.0,867.95,867.95,2.95,0.34,1154,1001614,1273.9,855.15
ADSL,ADSLEQN,101.23,101.57,101.57,0.34,0.34,1287,130720,209.53,86.27
NDL,NDLEQN,2.92,2.93,2.93,0.01,0.34,7070,20715,3.75,1.8
FIEMIND,FIEMINDEQN,2038.2,2045.0,2045.0,6.8,0.33,106,216770,2674.8,1868.5
SUZLON,SUZLONEQN,45.5,45.65,45.65,0.15,0.33,282499,12896079,61.5,38.19
LINDEINDIA,LINDEINDIAEQN,6380.0,6401.0,6401.0,21.0,0.33,27,172827,8049.0,5673.0
HCG,HCGEQN,690.6,692.9,692.9,2.3,0.33,170,117793,796.68,513.3
POCL,POCLEQN,469.45,471.0,471.0,1.55,0.33,1357,639147,647.6,392.2
WPIL,WPILEQN,428.6,430.0,430.0,1.4,0.33,5,2150,510.35,383.55
CMRGREEN,CMRGREENEQN,222.16,222.9,222.9,0.74,0.33,1042,232261,268.96,205.25
MANIPALHOS,MANIPALHOSEQN,718.95,721.3,721.3,2.35,0.33,2460,1774398,815.0,625.45
VIVIMEDLAB,VIVIMEDLABBEN,6.33,6.35,6.35,0.02,0.32,400,2540,29.4,4.75
JSWDULUX,JSWDULUXEQN,3174.4,3184.4,3184.4,10.0,0.32,15,47766,3745.0,2658.7
VISL,VISLEQN,33.97,34.08,34.08,0.11,0.32,59070,2013105,44.78,19.06
WELSPLSOL,WELSPLSOLEQN,57.11,57.29,57.29,0.18,0.32,1887,108106,63.25,36.0
MCLOUD,MCLOUDEQN,25.92,26.0,26.0,0.08,0.31,6175,160550,87.0,19.4
DODLA,DODLAEQN,1081.7,1085.0,1085.0,3.3,0.31,201,218085,1487.4,964.1
APEX,APEXEQN,384.2,385.4,385.4,1.2,0.31,1552,598140,514.5,217.97
GANESHBE,GANESHBEBEN,129.6,130.0,130.0,0.4,0.31,851,110630,135.85,68.4
SBISILVER,SBISILVEREQN,226.79,227.5,227.5,0.71,0.31,5201,1183227,362.0,119.73
UFBL,UFBLBEN,717.6,719.85,719.85,2.25,0.31,52,37432,850.0,172.34
LASA,LASAEQN,6.69,6.71,6.71,0.02,0.3,1,6,14.08,5.67
XPROINDIA,XPROINDIAEQN,1389.7,1393.8,1393.8,4.1,0.3,46,64114,1574.8,788.05
AWFIS,AWFISEQN,253.0,253.75,253.75,0.75,0.3,112,28420,639.4,229.05
GICHSGFIN,GICHSGFINEQN,138.73,139.15,139.15,0.42,0.3,20,2783,184.0,130.05
AIRAN,AIRANEQN,17.15,17.2,17.2,0.05,0.29,12050,207260,27.49,12.63
TARIL,TARILEQN,297.15,298.0,298.0,0.85,0.29,4294,1279612,552.0,224.05
KOHINOOR,KOHINOOREQN,31.41,31.5,31.5,0.09,0.29,3,94,38.47,19.2
JINDALSTEL,JINDALSTELEQN,1136.3,1139.6,1139.6,3.3,0.29,298,339600,1306.2,977.1
PRSMJOHNSN,PRSMJOHNSNEQN,112.27,112.6,112.6,0.33,0.29,202,22745,176.0,97.1
TIIL,TIILEQN,3141.0,3150.0,3150.0,9.0,0.29,16,50400,3565.3,1868.5
HEIDELBERG,HEIDELBERGEQN,159.72,160.19,160.19,0.47,0.29,1521,243648,220.9,136.1
LUMAXTECH,LUMAXTECHEQN,1955.9,1961.5,1961.5,5.6,0.29,34,66691,2148.7,1056.8
ELGIEQUIP,ELGIEQUIPEQN,638.2,640.0,640.0,1.8,0.28,295,188800,653.4,408.25
BHARATSE,BHARATSEEQN,226.85,227.49,227.49,0.64,0.28,306,69611,263.18,133.6
DPSCLTD,DPSCLTDBEN,7.24,7.26,7.26,0.02,0.28,262,1902,13.31,6.84
NELCO,NELCOEQN,973.1,975.8,975.8,2.7,0.28,509,496682,1120.0,500.1
PRAKASHSTL,PRAKASHSTLEQN,3.75,3.76,3.76,0.01,0.27,1200,4512,6.57,3.63
CHOLAFIN,CHOLAFINEQN,1823.4,1828.4,1828.4,5.0,0.27,351,641768,1952.5,1299.4
SOLARINDS,SOLARINDSEQN,22455.0,22515.0,22515.0,60.0,0.27,598,13463970,22495.0,11646.0
IOB,IOBEQN,33.34,33.43,33.43,0.09,0.27,4428,148028,41.8,31.2
PUNJABCHEM,PUNJABCHEMEQN,1094.9,1097.9,1097.9,3.0,0.27,6,6587,1533.9,876.6
MOL,MOLEQN,65.82,66.0,66.0,0.18,0.27,6735,444510,87.75,36.5
CUBEINVIT,CUBEINVITIVN,156.99,157.42,157.42,0.43,0.27,107,16843,165.0,131.0
VESUVIUS,VESUVIUSEQN,421.85,423.0,423.0,1.15,0.27,28,11844,607.9,403.95
NATIONALUM,NATIONALUMEQN,371.05,372.0,372.0,0.95,0.26,28805,10715460,445.15,198.68
INTELLECT,INTELLECTEQN,691.8,693.6,693.6,1.8,0.26,204,141494,1244.6,595.2
RAILTEL,RAILTELEQN,266.3,267.0,267.0,0.7,0.26,2483,662961,412.9,245.0
ORIENTELEC,ORIENTELECEQN,175.54,176.0,176.0,0.46,0.26,578,101728,217.51,149.05
TCI,TCIEQN,872.5,874.8,874.8,2.3,0.26,26,22744,1242.0,858.05
SHRINGARMS,SHRINGARMSEQN,217.44,218.0,218.0,0.56,0.26,160,34880,266.5,166.0
NATCOPHARM,NATCOPHARMEQN,825.75,827.9,827.9,2.15,0.26,1444,1195487,1226.8,789.0
ALLTIME,ALLTIMEEQN,211.46,212.0,212.0,0.54,0.26,152,32224,314.7,186.0
CAPILLARY,CAPILLARYEQN,460.55,461.75,461.75,1.2,0.26,133,61412,798.95,457.1
SINGERIND,SINGERINDEQN,75.75,75.95,75.95,0.2,0.26,226,17164,91.3,57.15
INDIGRID,INDIGRIDIVN,174.44,174.9,174.9,0.46,0.26,721,126102,180.9,161.01
EDELWEISS,EDELWEISSEQN,138.8,139.15,139.15,0.35,0.25,38857,5406951,139.8,98.0
CHOLAHLDNG,CHOLAHLDNGEQN,1526.2,1530.0,1530.0,3.8,0.25,247,377910,2064.0,1305.0
ATGL,ATGLEQN,609.4,610.9,610.9,1.5,0.25,2086,1274337,859.85,462.8
NETWEB,NETWEBEQN,5087.5,5100.0,5100.0,12.5,0.25,5939,30288900,5813.0,2822.3
ACI,ACIEQN,484.7,485.9,485.9,1.2,0.25,212,103010,726.0,479.8
ANNAPURNA,ANNAPURNAEQN,139.9,140.25,140.25,0.35,0.25,1,140,287.0,120.75
SKYWAYS,SKYWAYSEQN,110.22,110.5,110.5,0.28,0.25,18198,2010879,136.45,106.82
TRANSRAILL,TRANSRAILLEQN,419.0,420.0,420.0,1.0,0.24,1018,427560,823.0,416.05
MEDANTA,MEDANTAEQN,1428.6,1432.1,1432.1,3.5,0.24,345,494074,1544.0,956.0
MINDACORP,MINDACORPEQN,708.3,710.0,710.0,1.7,0.24,481,341510,769.0,468.5
BEL,BELEQN,410.55,411.55,411.55,1.0,0.24,98499,40537263,473.45,369.9
GENUSPOWER,GENUSPOWEREQN,333.65,334.45,334.45,0.8,0.24,2513,840472,363.0,210.4
SWANDEF,SWANDEFBEN,2484.0,2490.0,2490.0,6.0,0.24,5,12450,2750.0,523.5
VEEDOL,VEEDOLEQN,1454.0,1457.5,1457.5,3.5,0.24,55,80162,2035.0,1238.2
CONCORDBIO,CONCORDBIOEQN,1470.5,1474.0,1474.0,3.5,0.24,53,78122,1704.0,987.0
SUDARSCHEM,SUDARSCHEMEQN,1221.7,1224.6,1224.6,2.9,0.24,1157,1416862,1603.0,726.4
ENTERO,ENTEROEQN,1851.8,1856.0,1856.0,4.2,0.23,172,319232,1920.0,944.0
ADANIENT,ADANIENTEQN,2953.1,2959.9,2959.9,6.8,0.23,18985,56193701,3245.0,1753.0
NILASPACES,NILASPACESEQN,12.78,12.81,12.81,0.03,0.23,838,10734,20.47,11.35
JUBLPHARMA,JUBLPHARMAEQN,997.75,1000.0,1000.0,2.25,0.23,1000,1000000,1184.8,786.05
SIRCA,SIRCAEQN,434.4,435.35,435.35,0.95,0.22,599,260774,539.0,385.0
TORNTPOWER,TORNTPOWEREQN,1270.2,1273.0,1273.0,2.8,0.22,457,581761,1824.1,1188.0
GHCL,GHCLEQN,433.05,434.0,434.0,0.95,0.22,212,92008,667.2,416.6
CRISIL,CRISILEQN,4754.5,4765.0,4765.0,10.5,0.22,70,333550,5115.0,3686.0
STEELCITY,STEELCITYEQN,83.22,83.4,83.4,0.18,0.22,6,500,105.57,71.26
CUPID,CUPIDEQN,274.8,275.4,275.4,0.6,0.22,19100,5260140,299.0,32.87
ZEEL,ZEELEQN,86.31,86.5,86.5,0.19,0.22,24347,2106015,121.8,68.0
PREMIERENE,PREMIERENEEQN,988.8,990.9,990.9,2.1,0.21,1659,1643903,1134.0,660.0
MUTHOOTMF,MUTHOOTMFEQN,201.57,202.0,202.0,0.43,0.21,497,100394,262.77,141.2
GODREJAGRO,GODREJAGROEQN,673.6,675.0,675.0,1.4,0.21,579,390825,759.5,506.1
JYOTHYLAB,JYOTHYLABEQN,194.59,195.0,195.0,0.41,0.21,598,116610,334.25,188.1
TENNIND,TENNINDEQN,525.7,526.8,526.8,1.1,0.21,113,59528,657.0,438.05
BLEL,BLELEQN,451.05,452.0,452.0,0.95,0.21,3274,1479848,548.0,431.1
SHK,SHKEQN,145.59,145.88,145.88,0.29,0.2,467,68125,263.15,111.98
HSCL,HSCLEQN,670.65,672.0,672.0,1.35,0.2,11275,7576800,819.5,418.5
JGCHEM,JGCHEMEQN,611.2,612.45,612.45,1.25,0.2,1579,967058,675.0,298.4
BFUTILITIE,BFUTILITIEEQN,526.55,527.6,527.6,1.05,0.2,82,43263,898.7,368.7
AEGISLOG,AEGISLOGEQN,1268.1,1270.6,1270.6,2.5,0.2,393,499345,1497.8,576.1
MANINFRA,MANINFRAEQN,127.75,128.0,128.0,0.25,0.2,17505,2240640,162.75,77.12
EXCELINDUS,EXCELINDUSEQN,993.0,995.0,995.0,2.0,0.2,2,1990,1210.0,800.05
PARAGMILK,PARAGMILKEQN,254.4,254.9,254.9,0.5,0.2,3451,879659,376.95,177.84
EMIL,EMILEQN,186.02,186.4,186.4,0.38,0.2,26549,4948733,196.74,84.9
PERMAGN,PERMAGNEQN,863.1,864.8,864.8,1.7,0.2,1,864,929.0,784.05
PREMEXPLN,PREMEXPLNEQN,677.7,679.0,679.0,1.3,0.19,1397,948563,829.8,378.4
KRITIKA,KRITIKAEQN,5.32,5.33,5.33,0.01,0.19,1445,7701,9.73,4.5
HBLENGINE,HBLENGINEEQN,731.25,732.65,732.65,1.4,0.19,5480,4014922,1122.0,613.0
POWERINDIA,POWERINDIAEQN,31135.0,31195.0,31195.0,60.0,0.19,175,5459125,38785.0,16111.0
ELECON,ELECONEQN,421.15,421.95,421.95,0.8,0.19,351,148104,634.9,352.0
BALAJITELE,BALAJITELEEQN,93.42,93.6,93.6,0.18,0.19,14,1310,141.32,69.52
NELCAST,NELCASTEQN,114.18,114.4,114.4,0.22,0.19,706,80766,173.2,85.98
WONDERLA,WONDERLAEQN,518.4,519.4,519.4,1.0,0.19,103,53498,659.0,455.0
SAMHI,SAMHIEQN,155.61,155.9,155.9,0.29,0.19,1472,229484,220.82,127.0
TVSSRICHAK,TVSSRICHAKEQN,5340.0,5350.0,5350.0,10.0,0.19,31,165850,5760.0,2871.5
WAAREEINDO,WAAREEINDOEQN,262.05,262.55,262.55,0.5,0.19,120,31506,725.0,261.2
PATELRMART,PATELRMARTEQN,215.2,215.6,215.6,0.4,0.19,163,35142,269.3,150.25
GKENERGY,GKENERGYEQN,129.61,129.86,129.86,0.25,0.19,490,63631,239.6,87.2
KRONOX,KRONOXBEN,174.97,174.81,174.81,0.34,0.19,330,57687,223.42,96.0
VENTIVE,VENTIVEEQN,571.5,572.55,572.55,1.05,0.18,163,93325,793.95,542.6
VARROC,VARROCEQN,849.45,851.0,851.0,1.55,0.18,258,219558,896.0,462.0
PRABHA,PRABHAEQN,253.55,254.0,254.0,0.45,0.18,1273,323342,260.0,137.91
SWARAJENG,SWARAJENGEQN,3632.6,3639.0,3639.0,6.4,0.18,15,54585,4545.0,3301.3
SUMEETINDS,SUMEETINDSEQN,11.39,11.41,11.41,0.02,0.18,1607,18335,35.67,11.09
SIKKO,SIKKOBEN,5.52,5.53,5.53,0.01,0.18,383,2117,6.83,3.2
SUNSHINE,SUNSHINEEQN,489.15,490.05,490.05,0.9,0.18,7585,3717029,495.9,363.6
SMLMAH,SMLMAHEQN,6313.5,6325.0,6325.0,11.5,0.18,243,1536975,6449.0,2719.0
VEDPOWER,VEDPOWEREQN,34.28,34.34,34.34,0.06,0.18,40282,1383283,49.88,33.06
SPORTKING,SPORTKINGEQN,215.6,215.99,215.99,0.39,0.18,378,81644,241.51,78.17
PPLPHARMA,PPLPHARMAEQN,226.62,227.0,227.0,0.38,0.17,18906,4291662,231.93,132.3
SREEL,SREELEQN,287.51,288.0,288.0,0.49,0.17,45,12960,292.0,165.25
GOODLUCK,GOODLUCKEQN,515.65,516.55,516.55,0.9,0.17,1997,1031550,557.37,305.0
BBTC,BBTCEQN,1477.5,1480.0,1480.0,2.5,0.17,86,127280,2135.0,1314.6
WHEELS,WHEELSEQN,2106.4,2110.0,2110.0,3.6,0.17,15491,32686010,2106.4,705.85
HATSUN,HATSUNEQN,1198.0,1200.0,1200.0,2.0,0.17,138,165600,1222.0,855.3
TRIDENT,TRIDENTEQN,23.86,23.9,23.9,0.04,0.17,16925,404507,30.94,21.98
EIDPARRY,EIDPARRYEQN,763.7,765.0,765.0,1.3,0.17,356,272340,1119.0,698.2
AMAGI,AMAGIEQN,576.15,577.15,577.15,1.0,0.17,742,428245,727.4,310.2
GANESHCP,GANESHCPEQN,169.71,170.0,170.0,0.29,0.17,400,68000,309.95,152.0
CAPINVIT,CAPINVITIVN,75.88,76.0,76.0,0.12,0.16,309,23484,79.99,67.0
CLEAN,CLEANEQN,830.25,831.6,831.6,1.35,0.16,181,150519,1212.0,652.0
EPL,EPLEQN,248.1,248.5,248.5,0.4,0.16,2998,745003,274.03,176.4
TTML,TTMLEQN,36.49,36.55,36.55,0.06,0.16,8449,308810,60.62,31.22
INDIACEM,INDIACEMEQN,353.45,354.0,354.0,0.55,0.16,211,74694,485.8,342.35
MMTC,MMTCEQN,63.19,63.29,63.29,0.1,0.16,2744,173667,78.35,50.1
ROSSTECH,ROSSTECHEQN,1218.0,1220.0,1220.0,2.0,0.16,683,833260,1228.7,551.9
EKC,EKCEQN,103.14,103.3,103.3,0.16,0.16,941,97205,154.55,90.25
MEESHO,MEESHOEQN,211.06,211.4,211.4,0.34,0.16,17873,3778352,254.4,125.56
AZADIND,AZADINDEQN,89.86,90.0,90.0,0.14,0.16,10,900,98.99,72.97
BELRISE,BELRISEEQN,227.17,227.5,227.5,0.33,0.15,6618,1505595,268.2,136.54
MARATHON,MARATHONEQN,446.35,447.0,447.0,0.65,0.15,119,53193,685.4,344.05
CAPTRUST,CAPTRUSTBEN,19.47,19.5,19.5,0.03,0.15,10,195,34.07,10.98
PARKHOTELS,PARKHOTELSEQN,113.11,113.28,113.28,0.17,0.15,144,16312,164.1,95.1
RIIL,RIILEQN,729.7,730.8,730.8,1.1,0.15,83,60656,964.9,617.35
IFBIND,IFBINDEQN,1296.0,1298.0,1298.0,2.0,0.15,46,59708,2019.8,883.2
CEINSYS,CEINSYSEQN,702.2,703.25,703.25,1.05,0.15,210,147682,1249.9,672.0
LOTUSCHO,LOTUSCHOEQN,590.1,591.0,591.0,0.9,0.15,1,591,671.0,580.0
SHARDACROP,SHARDACROPEQN,795.9,797.0,797.0,1.1,0.14,71,56587,1297.0,755.55
WABAG,WABAGEQN,2008.4,2011.3,2011.3,2.9,0.14,1243,2500045,2253.5,1033.0
APOLLOPIPE,APOLLOPIPEEQN,591.2,592.0,592.0,0.8,0.14,264,156288,668.8,252.1
POLYMED,POLYMEDEQN,1730.1,1732.6,1732.6,2.5,0.14,114,197516,2107.8,1182.0
SASKEN,SASKENEQN,1894.3,1897.0,1897.0,2.7,0.14,69,130893,2780.2,991.0
RPEL,RPELEQN,1692.6,1694.9,1694.9,2.3,0.14,75,127117,1943.7,561.3
RTNINDIA,RTNINDIAEQN,28.05,28.09,28.09,0.04,0.14,6056,170113,62.67,24.4
KPIL,KPILEQN,1397.5,1399.5,1399.5,2.0,0.14,149,208525,1479.6,1007.1
PRIVISCL,PRIVISCLEQN,3469.6,3474.5,3474.5,4.9,0.14,33,114658,3785.3,2236.0
COALINDIA,COALINDIAEQN,420.25,420.85,420.85,0.6,0.14,19013,8001621,491.25,369.6
NAVA,NAVAEQN,554.55,555.35,555.35,0.8,0.14,508,282117,739.4,501.65
SILVERBEES,SILVERBEESEQN,221.17,221.49,221.49,0.32,0.14,5969,1322073,360.0,118.23
LUXIND,LUXINDEQN,1128.4,1130.0,1130.0,1.6,0.14,152,171760,1823.35,824.05
NEOGEN,NEOGENEQN,2213.0,2216.0,2216.0,3.0,0.14,29,64264,2483.9,966.7
SUKHJITS,SUKHJITSEQN,160.49,160.7,160.7,0.21,0.13,250,40175,231.1,137.3
NH,NHEQN,1897.4,1899.9,1899.9,2.5,0.13,410,778959,2093.3,1589.0
TDPOWERSYS,TDPOWERSYSEQN,768.8,769.8,769.8,1.0,0.13,5634,4337053,798.85,262.6
MRPL,MRPLEQN,172.96,173.19,173.19,0.23,0.13,11701,2026496,212.31,125.0
BAYERCROP,BAYERCROPEQN,3984.9,3990.0,3990.0,5.1,0.13,30,119700,5489.0,3935.0
IMAGICAA,IMAGICAAEQN,54.43,54.5,54.5,0.07,0.13,1056,57552,62.0,36.84
WENDT,WENDTEQN,8419.0,8430.0,8430.0,11.0,0.13,1,8430,10050.0,5841.5
ANURAS,ANURASEQN,1233.4,1235.0,1235.0,1.6,0.13,68,83980,1415.0,1045.2
WELCORP,WELCORPEQN,2599.5,2602.9,2602.9,3.4,0.13,2901,7551012,2676.0,710.0
MOLBIO,MOLBIOEQN,1117.5,1119.0,1119.0,1.5,0.13,456,510264,1264.6,926.35
PERNIASPOP,PERNIASPOPEQN,557.3,558.0,558.0,0.7,0.13,2527,1410066,588.9,515.85
BLBLIMITED,BLBLIMITEDEQN,16.88,16.9,16.9,0.02,0.12,4301,72686,22.47,12.0
POWERMECH,POWERMECHEQN,2415.1,2418.0,2418.0,2.9,0.12,165,398970,3145.9,1717.7
SJVN,SJVNEQN,65.87,65.95,65.95,0.08,0.12,6919,456308,95.58,63.02
RAMKY,RAMKYEQN,337.6,338.0,338.0,0.4,0.12,131,44278,705.0,333.0
AEGISVOPAK,AEGISVOPAKEQN,290.65,291.0,291.0,0.35,0.12,1877,546207,311.49,158.0
MRF,MRFEQN,128245.0,128400.0,128400.0,155.0,0.12,9,1155600,163600.0,122000.0
BANARISUG,BANARISUGEQN,3743.6,3748.0,3748.0,4.4,0.12,1,3748,4338.0,3105.2
ETERNAL,ETERNALEQN,321.6,322.0,322.0,0.4,0.12,48750,15697500,368.45,212.6
SCODATUBES,SCODATUBESEQN,129.85,130.0,130.0,0.15,0.12,183,23790,185.07,110.0
BAJAJHFL,BAJAJHFLEQN,84.01,84.1,84.1,0.09,0.11,29236,2458747,117.0,72.65
INDOWIND,INDOWINDEQN,8.85,8.86,8.86,0.01,0.11,260,2303,18.94,7.0
YATHARTH,YATHARTHEQN,969.9,971.0,971.0,1.1,0.11,368,357328,1024.85,538.25
GRAUWEIL,GRAUWEILEQN,72.01,72.09,72.09,0.08,0.11,509,36693,87.4,62.09
S&SPOWER,S&SPOWEREQN,350.7,351.1,351.1,0.4,0.11,15,5266,468.9,193.5
HARDWYN,HARDWYNEQN,9.14,9.15,9.15,0.01,0.11,5107,46729,20.2,7.76
PGIL,PGILEQN,2366.8,2369.1,2369.1,2.3,0.1,564,1336172,2539.6,1200.0
AUTOAXLES,AUTOAXLESEQN,1664.4,1666.0,1666.0,1.6,0.1,3,4998,2115.0,1540.2
SUNTV,SUNTVEQN,453.5,453.95,453.95,0.45,0.1,382,173408,660.7,449.0
NAVINFLUOR,NAVINFLUOREQN,8731.0,8740.0,8740.0,9.0,0.1,345,3015300,8775.5,4498.5
ASIANTNE,ASIANTNEEQN,9.69,9.7,9.7,0.01,0.1,600,5820,10.99,8.64
ENDURANCE,ENDURANCEEQN,2735.3,2738.0,2738.0,2.7,0.1,65,177970,3079.9,2142.8
ABINFRA,ABINFRABEN,11.51,11.52,11.52,0.01,0.09,220,2534,23.56,8.82
PNGJL,PNGJLEQN,627.45,628.0,628.0,0.55,0.09,411,258108,736.4,503.0
VMM,VMMEQN,103.9,103.99,103.99,0.09,0.09,14236,1480401,154.93,98.77
NTPC,NTPCEQN,330.8,331.1,331.1,0.3,0.09,8047,2664361,414.4,315.55
TFCILTD,TFCILTDEQN,140.89,141.01,141.01,0.12,0.09,10141,1429982,147.65,51.0
SURYODAY,SURYODAYEQN,154.86,155.0,155.0,0.14,0.09,501,77655,218.0,115.41
CAMPUS,CAMPUSEQN,216.81,217.0,217.0,0.19,0.09,554,120218,289.05,215.2
CELLO,CELLOEQN,343.95,344.25,344.25,0.3,0.09,263,90537,673.8,336.0
BORORENEW,BORORENEWEQN,503.35,503.8,503.8,0.45,0.09,463,233259,721.0,374.4
LCL,LCLEQN,555.8,556.3,556.3,0.5,0.09,236,131286,604.7,461.0
NITTAGELA,NITTAGELAEQN,1670.5,1672.0,1672.0,1.5,0.09,6,10032,2087.2,837.05
PTCIL,PTCILEQN,23730.0,23750.0,23750.0,20.0,0.08,82,1947500,24125.0,13460.0
NRBBEARING,NRBBEARINGEQN,489.6,490.0,490.0,0.4,0.08,1395,683550,503.9,212.55
FSL,FSLEQN,257.8,258.0,258.0,0.2,0.08,1149,296442,379.7,202.0
MOIL,MOILEQN,251.49,251.69,251.69,0.2,0.08,1094,275348,404.9,242.35
BLUESTARCO,BLUESTARCOEQN,1460.9,1462.0,1462.0,1.1,0.08,258,377196,2032.9,1432.5
MEDPLUS,MEDPLUSEQN,663.45,664.0,664.0,0.55,0.08,110,73040,1022.2,648.0
THOMASCOOK,THOMASCOOKEQN,109.91,110.0,110.0,0.09,0.08,2621,288310,181.41,86.35
DWARKESH,DWARKESHEQN,47.96,48.0,48.0,0.04,0.08,8463,406224,59.9,32.13
GOCLCORP,GOCLCORPEQN,435.6,435.95,435.95,0.35,0.08,268,116834,459.9,223.35
MARINE,MARINEEQN,416.45,416.8,416.8,0.35,0.08,2008,836934,450.0,150.86
BPLPHARMA,BPLPHARMAEQN,1568.8,1570.0,1570.0,1.2,0.08,30,47100,1649.0,1125.7
SYMBIOTEC,SYMBIOTECEQN,1094.1,1095.0,1095.0,0.9,0.08,4453,4876035,1180.0,934.2
JKTYRE,JKTYREEQN,364.1,364.4,364.4,0.3,0.08,1112,405212,611.9,346.75
RATNAVEER,RATNAVEEREQN,297.8,298.0,298.0,0.2,0.07,11604,3457992,316.0,130.5
ACE,ACEEQN,1121.2,1122.0,1122.0,0.8,0.07,294,329868,1196.0,745.1
KEC,KECEQN,405.7,406.0,406.0,0.3,0.07,3008,1221248,937.8,399.55
DHAMPURSUG,DHAMPURSUGEQN,168.88,169.0,169.0,0.12,0.07,544,91936,199.92,110.0
DELTACORP,DELTACORPEQN,55.44,55.48,55.48,0.04,0.07,2178,120835,86.61,48.3
FOSECOIND,FOSECOINDEQN,6095.5,6100.0,6100.0,4.5,0.07,2,12200,6846.0,4300.0
KSCL,KSCLEQN,728.5,729.0,729.0,0.5,0.07,111,80919,1225.0,705.1
FORCEMOT,FORCEMOTEQN,17625.0,17588.0,17588.0,13.0,0.07,75,1319100,26450.0,14911.0
QPOWER,QPOWEREQN,1519.7,1520.7,1520.7,1.0,0.07,1419,2157873,1570.0,581.0
VASCONEQ,VASCONEQEQN,29.87,29.89,29.89,0.02,0.07,943,28186,74.59,26.75
ITC,ITCEQN,263.5,263.65,263.65,0.15,0.06,32553,8582598,426.4,255.5
XCHANGING,XCHANGINGEQN,64.08,64.12,64.12,0.04,0.06,37,2372,103.0,47.5
MANAKCOAT,MANAKCOATEQN,122.93,123.0,123.0,0.07,0.06,134,16482,182.82,94.2
STARCEMENT,STARCEMENTEQN,194.83,194.94,194.94,0.11,0.06,3617,705097,293.35,180.12
RRKABEL,RRKABELEQN,2448.5,2450.0,2450.0,1.5,0.06,2191,5367950,2983.8,1181.6
SPMLINFRA,SPMLINFRAEQN,176.31,176.42,176.42,0.11,0.06,60,10585,302.0,151.01
YUKEN,YUKENEQN,1017.35,1018.0,1018.0,0.65,0.06,2,2036,1050.95,584.1
SHAILY,SHAILYEQN,3407.8,3410.0,3410.0,2.2,0.06,338,1152580,3615.2,1770.9
GSFC,GSFCEQN,160.81,160.9,160.9,0.09,0.06,4188,673849,213.45,138.83
VENKEYS,VENKEYSEQN,1709.0,1710.0,1710.0,1.0,0.06,35,59850,1800.0,1165.0
THERMAX,THERMAXEQN,3629.6,3631.8,3631.8,2.2,0.06,265,962427,5277.8,2742.7
AHCL,AHCLEQN,15.61,15.62,15.62,0.01,0.06,5287,82582,17.28,9.26
TCC,TCCEQN,49.07,49.1,49.1,0.03,0.06,25243,1239431,105.28,39.37
TRIGYN,TRIGYNEQN,56.92,56.95,56.95,0.03,0.05,1003,57120,102.4,37.55
SOUTHWEST,SOUTHWESTEQN,230.38,230.5,230.5,0.12,0.05,883,203531,275.0,121.0
ICICIGI,ICICIGIEQN,1484.4,1485.2,1485.2,0.8,0.05,176,261395,2064.9,1474.5
PAISALO,PAISALOEQN,77.72,77.76,77.76,0.04,0.05,19665,1529150,80.0,30.0
BAJAJFINSV,BAJAJFINSVEQN,1938.1,1939.1,1939.1,1.0,0.05,512,992819,2195.0,1597.0
AKUMS,AKUMSEQN,736.6,737.0,737.0,0.4,0.05,148,109076,796.55,409.3
JETFREIGHT,JETFREIGHTEQN,20.24,20.25,20.25,0.01,0.05,485,9821,25.95,11.9
RUDRA,RUDRAEQN,19.77,19.78,19.78,0.01,0.05,199,3936,29.7,14.63
PARKHOSPS,PARKHOSPSEQN,282.25,282.4,282.4,0.15,0.05,963,271951,305.0,138.1
UDAYJEW,UDAYJEWEQN,167.17,167.25,167.25,0.08,0.05,33,5519,175.8,115.04
WOCKPHARMA,WOCKPHARMAEQN,2224.0,2225.0,2225.0,1.0,0.04,2415,5373375,2422.3,1086.7
BAJAJHIND,BAJAJHINDEQN,22.66,22.67,22.67,0.01,0.04,41066,930966,26.0,14.85
INDBANK,INDBANKEQN,27.69,27.7,27.7,0.01,0.04,901,24957,47.15,27.6
AGROPHOS,AGROPHOSEQN,23.44,23.45,23.45,0.01,0.04,300,7035,47.47,23.03
DYCL,DYCLEQN,460.6,460.8,460.8,0.2,0.04,1309,603187,560.0,236.8
NUVOCO,NUVOCOEQN,339.85,340.0,340.0,0.15,0.04,194,65960,467.0,276.25
JLHL,JLHLEQN,283.35,283.45,283.45,0.1,0.04,42,11904,340.0,235.6
AEQUS,AEQUSEQN,231.9,232.0,232.0,0.1,0.04,3791,879512,274.39,113.3
METROBRAND,METROBRANDEQN,948.55,948.95,948.95,0.4,0.04,68,64528,1340.4,883.0
JSFB,JSFBEQN,539.8,540.0,540.0,0.2,0.04,1306,705240,606.95,330.0
BHARATRAS,BHARATRASEQN,1159.5,1159.8,1159.8,0.3,0.03,19,22036,2987.5,1148.1
NIBL,NIBLEQN,30.36,30.37,30.37,0.01,0.03,100,3037,40.8,24.06
SARDAEN,SARDAENEQN,519.85,520.0,520.0,0.15,0.03,327,170040,639.75,453.1
SCILAL,SCILALEQN,38.77,38.78,38.78,0.01,0.03,224,8686,55.0,34.3
BAJAJHLDNG,BAJAJHLDNGEQN,11046.0,11049.0,11049.0,3.0,0.03,121,1336929,13880.0,8588.0
TECHNOE,TECHNOEEQN,964.7,965.0,965.0,0.3,0.03,623,601195,1554.0,870.0
ARVINDFASN,ARVINDFASNEQN,440.35,440.5,440.5,0.15,0.03,180,79290,579.0,366.2
AVANTEL,AVANTELEQN,156.44,156.49,156.49,0.05,0.03,3789,592940,215.0,117.05
MUTHOOTCAP,MUTHOOTCAPEQN,234.39,234.47,234.47,0.08,0.03,2,468,303.0,175.25
MARKSANS,MARKSANSEQN,335.9,336.0,336.0,0.1,0.03,10016,3365376,349.95,155.0
JSL,JSLEQN,738.75,739.0,739.0,0.25,0.03,285,210615,884.0,652.25
ORKLAINDIA,ORKLAINDIAEQN,589.85,590.0,590.0,0.15,0.03,50,29500,760.0,533.25
ARIS,ARISEQN,127.22,127.26,127.26,0.04,0.03,3752,477479,178.3,82.18
GMRAIRPORT,GMRAIRPORTEQN,97.0,97.02,97.02,0.02,0.02,48312,4687230,115.64,84.11
IRMENERGY,IRMENERGYEQN,282.25,282.3,282.3,0.05,0.02,196,55330,393.0,165.4
LINCOLN,LINCOLNEQN,639.8,639.9,639.9,0.1,0.02,132,84466,770.0,440.0
GULPOLY,GULPOLYEQN,181.96,181.99,181.99,0.03,0.02,379,68974,227.63,121.5
SRHHYPOLTD,SRHHYPOLTDEQN,527.9,528.0,528.0,0.1,0.02,165,87120,638.0,382.4
TI,TIEQN,540.35,540.45,540.45,0.1,0.02,448,242121,594.55,381.55
ESTER,ESTEREQN,91.43,91.45,91.45,0.02,0.02,1,91,132.45,68.55
JMFINANCIL,JMFINANCILEQN,128.47,128.5,128.5,0.03,0.02,6987,897829,195.6,112.0
BANKBARODA,BANKBARODAEQN,236.6,236.65,236.65,0.05,0.02,34346,8127980,325.5,233.46
SAHANA,SAHANASMN,887.85,888.0,888.0,0.15,0.02,150,133200,1046.67,570.83
NEULANDLAB,NEULANDLABEQN,23995.0,24000.0,24000.0,5.0,0.02,260,6240000,24100.0,11500.0
BATAINDIA,BATAINDIAEQN,663.85,664.0,664.0,0.15,0.02,148,98272,1282.5,605.0
APARINDS,APARINDSEQN,17635.0,17639.0,17639.0,4.0,0.02,123,2169597,18465.0,6801.0
KALPATARU,KALPATARUEQN,272.15,272.2,272.2,0.05,0.02,36,9799,429.3,258.0
CTE,CTEBEN,41.77,41.78,41.78,0.01,0.02,1,41,59.93,20.51
ZYDUSWELL,ZYDUSWELLEQN,558.15,558.25,558.25,0.1,0.02,319,178081,611.85,367.55
PGINVIT,PGINVITIVN,102.87,102.89,102.89,0.02,0.02,3614,371844,104.5,86.3
TITAGARH,TITAGARHEQN,880.8,881.0,881.0,0.2,0.02,914,805234,971.0,568.7
SHANTIGOLD,SHANTIGOLDEQN,264.26,264.28,264.28,0.02,0.01,8723,2305314,280.75,155.0
SAILIFE,SAILIFEEQN,1647.1,1647.3,1647.3,0.2,0.01,1617,2663684,1657.2,783.85
EXPLEOSOL,EXPLEOSOLEQN,887.95,888.0,888.0,0.05,0.01,36,31968,1175.1,640.0
DCAL,DCALEQN,173.98,174.0,174.0,0.02,0.01,22,3828,321.95,128.5
RPTECH,RPTECHEQN,817.95,818.0,818.0,0.05,0.01,1543,1262174,967.7,292.25
CENTUM,CENTUMEQN,4287.4,4287.9,4287.9,0.5,0.01,225,964777,4420.0,2044.2
DEEPAKFERT,DEEPAKFERTEQN,1345.9,1346.0,1346.0,0.1,0.01,80,107680,1681.0,866.4
KUANTUM,KUANTUMEQN,77.92,77.93,77.93,0.01,0.01,482,37562,121.29,65.01
RAMCOCEM,RAMCOCEMEQN,871.45,871.55,871.55,0.1,0.01,6,5229,1214.5,838.3
TEGA,TEGAEQN,1632.4,1632.5,1632.5,0.1,0.01,47,76727,2125.0,1473.0
AZAD,AZADEQN,2822.1,2822.3,2822.3,0.2,0.01,637,1797805,2986.6,1360.0
OAL,OALEQN,530.95,531.0,531.0,0.05,0.01,23,12213,545.95,228.0
VINDHYATEL,VINDHYATELEQN,2793.7,2794.0,2794.0,0.3,0.01,354,989076,2952.6,963.9
LAXMIINDIA,LAXMIINDIAEQN,129.99,130.0,130.0,0.01,0.01,173,22490,180.9,71.06
KMEW,KMEWEQN,2985.6,2986.0,2986.0,0.4,0.01,86,256796,3175.0,851.65
SHIPROCKET,SHIPROCKETEQN,134.77,134.78,134.78,0.01,0.01,39578,5334322,156.9,124.0
AYE,AYEEQN,184.78,184.8,184.8,0.02,0.01,1265,233772,197.29,88.22
GAJA,GAJAEQN,153.64,153.65,153.65,0.01,0.01,1713,263202,191.65,149.51
TPHQ,TPHQBEN,0.51,0.51,0.51,0.0,0.0,12110,6176,0.86,0.4
SITINET,SITINETBZN,0.28,0.28,0.28,0.0,0.0,1065,298,0.51,0.27
ZODIACLOTH,ZODIACLOTHEQN,71.5,71.5,71.5,0.0,0.0,1,71,119.45,58.5
SUNDARAM,SUNDARAMEQN,1.21,1.21,1.21,0.0,0.0,182,220,2.2,1.03
NATHBIOGEN,NATHBIOGENEQN,152.01,152.01,152.01,0.0,0.0,20,3040,204.0,126.15
KEEPLEARN,KEEPLEARNEQN,1.91,1.91,1.91,0.0,0.0,10,19,3.21,1.51
ENERGYDEV,ENERGYDEVEQN,15.33,15.33,15.33,0.0,0.0,23,352,29.69,13.15
MGEL,MGELEQN,15.5,15.5,15.5,0.0,0.0,6285,97417,18.4,9.53
EPACK,EPACKEQN,187.38,187.38,187.38,0.0,0.0,1331,249402,408.0,184.86
MINDTECK,MINDTECKEQN,165.0,165.0,165.0,0.0,0.0,73,12045,307.68,145.13
ORIENTTECH,ORIENTTECHEQN,233.43,233.43,233.43,0.0,0.0,500,116715,466.73,220.8
GLFL,GLFLEQN,5.35,5.35,5.35,0.0,0.0,49,262,9.34,3.66
ZENITHSTL,ZENITHSTLEQN,6.1,6.1,6.1,0.0,0.0,36,219,10.33,4.41
ZEEMEDIA,ZEEMEDIAEQN,7.94,7.94,7.94,0.0,0.0,5176,41097,13.26,6.65
WAAREEENER,WAAREEENEREQN,2571.0,2571.0,2571.0,0.0,0.0,2106,5414526,3865.0,2403.0
TVSHLTD,TVSHLTDEQN,13377.0,13377.0,13377.0,0.0,0.0,58,775866,16297.0,12171.0
PROTEAN,PROTEANEQN,499.65,499.65,499.65,0.0,0.0,792,395722,939.8,444.0
RADHIKAJWE,RADHIKAJWEEQN,87.96,87.96,87.96,0.0,0.0,10671,938621,99.65,50.01
PREMIER,PREMIERBEN,2.78,2.78,2.78,0.0,0.0,3,8,3.88,2.57
STAR,STAREQN,1187.4,1187.4,1187.4,0.0,0.0,337,400153,1231.0,768.65
IPL,IPLEQN,134.65,134.65,134.65,0.0,0.0,133,17908,240.25,125.0
SNOWMAN,SNOWMANEQN,36.83,36.83,36.83,0.0,0.0,723,26628,59.8,30.5
TATVA,TATVAEQN,1680.2,1680.2,1680.2,0.0,0.0,32,53766,1838.1,976.4
DENTA,DENTAEQN,279.65,279.65,279.65,0.0,0.0,207,57887,479.6,222.0
EVEREADY,EVEREADYEQN,348.85,348.85,348.85,0.0,0.0,926,323035,469.6,259.65
ARROWGREEN,ARROWGREENBEN,800.7,800.7,800.7,0.0,0.0,15,12010,829.0,341.95
ALICON,ALICONEQN,695.45,695.45,695.45,0.0,0.0,31,21558,1022.0,580.0
SANDESH,SANDESHEQN,1051.1,1051.1,1051.1,0.0,0.0,1000,1051100,1270.0,811.0
CONCOR,CONCOREQN,502.0,502.0,502.0,0.0,0.0,1029,516558,569.8,421.45
SUVEN,SUVENEQN,369.9,369.9,369.9,0.0,0.0,2652,980974,403.35,124.11
AKASH,AKASHEQN,25.09,25.09,25.09,0.0,0.0,2,50,36.0,22.8
FCSSOFT,FCSSOFTEQN,1.42,1.42,1.42,0.0,0.0,4039,5735,2.53,1.05
EMUDHRA,EMUDHRAEQN,509.1,509.1,509.1,0.0,0.0,47,23927,714.0,364.55
COCHINSHIP,COCHINSHIPEQN,1528.2,1528.2,1528.2,0.0,0.0,2592,3961094,1979.9,1187.0
PARASPETRO,PARASPETROEQN,2.13,2.13,2.13,0.0,0.0,685,1459,3.23,1.53
TCIFINANCE,TCIFINANCEBEN,15.0,15.0,15.0,0.0,0.0,13,195,38.46,10.0
SAKSOFT,SAKSOFTEQN,149.98,149.98,149.98,0.0,0.0,470,70490,224.75,107.59
CERA,CERAEQN,5761.5,5761.5,5761.5,0.0,0.0,4,23046,6740.0,4461.1
RAJRATAN,RAJRATANEQN,496.8,496.8,496.8,0.0,0.0,126,62596,563.95,305.55
ECOSMOBLTY,ECOSMOBLTYEQN,111.87,111.87,111.87,0.0,0.0,6,671,294.6,103.94
PENIND,PENINDEQN,180.62,180.62,180.62,0.0,0.0,3707,669558,279.9,129.1
VRAJ,VRAJEQN,121.44,121.44,121.44,0.0,0.0,13,1578,159.99,93.0
AARTIIND,AARTIINDEQN,503.7,503.7,503.7,0.0,0.0,3503,1764461,551.75,338.05
FLUOROCHEM,FLUOROCHEMEQN,4676.6,4676.6,4676.6,0.0,0.0,153,715519,4958.9,2916.6
HIRECT,HIRECTEQN,1281.4,1281.4,1281.4,0.0,0.0,85,108919,1399.0,565.2
SHILPAMED,SHILPAMEDEQN,959.9,959.9,959.9,0.0,0.0,664,637373,980.1,259.5
TREL,TRELEQN,26.72,26.72,26.72,0.0,0.0,10,267,34.05,21.47
AUTOIND,AUTOINDEQN,87.03,87.03,87.03,0.0,0.0,72,6266,104.0,48.35
JPPOWER,JPPOWEREQN,16.49,16.49,16.49,0.0,0.0,190135,3135326,24.5,13.15
MANGALAM,MANGALAMEQN,29.33,29.33,29.33,0.0,0.0,2,58,79.49,22.8
NIRAJ,NIRAJEQN,28.18,28.18,28.18,0.0,0.0,1,28,51.98,20.15
MBAPL,MBAPLEQN,164.37,164.37,164.37,0.0,0.0,520,85472,174.94,74.63
SBFC,SBFCEQN,97.35,97.35,97.35,0.0,0.0,2926,284846,123.0,79.6
SALASAR,SALASAREQN,5.14,5.14,5.14,0.0,0.0,21218,109060,10.99,4.73
SGMART,SGMARTEQN,809.5,809.5,809.5,0.0,0.0,152,123044,860.6,313.1
PIIND,PIINDEQN,2395.0,2395.0,2395.0,0.0,0.0,85,203575,3832.9,2353.5
SALZERELEC,SALZERELECEQN,550.55,550.55,550.55,0.0,0.0,7,3853,952.5,488.8
WESTLIFE,WESTLIFEEQN,538.25,538.25,538.25,0.0,0.0,159,85581,767.2,398.4
AMDIND,AMDINDEQN,60.02,60.02,60.02,0.0,0.0,40,2400,68.07,33.77
TREEHOUSE,TREEHOUSEEQN,6.07,6.07,6.07,0.0,0.0,2,12,11.0,5.52
BALAMINES,BALAMINESEQN,2475.4,2475.4,2475.4,0.0,0.0,364,901045,2629.8,968.1
GRINDWELL,GRINDWELLEQN,1922.8,1922.8,1922.8,0.0,0.0,12,23073,2455.0,1329.0
IXIGO,IXIGOEQN,169.96,169.96,169.96,0.0,0.0,313,53197,339.15,151.27
DEEDEV,DEEDEVEQN,701.6,701.6,701.6,0.0,0.0,420,294672,760.0,183.0
LAURUSLABS,LAURUSLABSEQN,1946.9,1946.9,1946.9,0.0,0.0,8700,16938030,1952.0,823.1
INVENTURE,INVENTUREEQN,0.92,0.92,0.92,0.0,0.0,9336,8589,1.68,0.72
GTLINFRA,GTLINFRAEQN,1.18,1.18,1.18,0.0,0.0,113879,134377,1.67,0.96
JAGRAN,JAGRANEQN,62.54,62.54,62.54,0.0,0.0,594,37148,78.9,59.5
ROSSARI,ROSSARIEQN,454.6,454.6,454.6,0.0,0.0,137,62280,690.3,375.0
UGARSUGAR,UGARSUGAREQN,53.29,53.29,53.29,0.0,0.0,331,17638,62.1,33.75
SAMMAANCAP,SAMMAANCAPEQN,153.0,153.0,153.0,0.0,0.0,8172,1250316,192.95,129.0
PSB,PSBEQN,22.86,22.86,22.86,0.0,0.0,7288,166603,32.46,20.5
SSDL,SSDLEQN,57.12,57.12,57.12,0.0,0.0,115,6568,91.9,46.15
TRITURBINE,TRITURBINEEQN,580.6,580.6,580.6,0.0,0.0,1340,778004,787.6,428.35
VIKASECO,VIKASECOEQN,1.05,1.05,1.05,0.0,0.0,4252,4464,2.15,0.99
SCHNEIDER,SCHNEIDEREQN,1229.7,1229.7,1229.7,0.0,0.0,258,317262,1548.0,571.85
ZENSARTECH,ZENSARTECHEQN,450.55,450.55,450.55,0.0,0.0,2120,955166,868.95,423.0
AADHARHFC,AADHARHFCEQN,479.65,479.65,479.65,0.0,0.0,83,39810,563.0,430.15
TRENT,TRENTEQN,2793.6,2793.6,2793.6,0.0,0.0,527,1472227,3703.67,2183.67
ORIENTHOT,ORIENTHOTEQN,140.54,140.54,140.54,0.0,0.0,298,41880,149.5,80.0
MASFIN,MASFINEQN,290.15,290.15,290.15,0.0,0.0,80,23212,358.85,277.35
AJMERA,AJMERAEQN,118.1,118.1,118.1,0.0,0.0,1262,149042,221.4,98.03
DHANBANK,DHANBANKEQN,31.11,31.11,31.11,0.0,0.0,777,24172,36.85,19.45
GENUSPAPER,GENUSPAPEREQN,12.86,12.86,12.86,0.0,0.0,5,64,18.71,8.67
GANECOS,GANECOSEQN,1040.4,1040.4,1040.4,0.0,0.0,233,242413,1358.4,653.55
KNACK,KNACKEQN,183.91,183.91,183.91,0.0,0.0,1137,209105,222.0,180.33
DEVYANI,DEVYANIEQN,137.99,137.99,137.99,0.0,0.0,5298,731071,191.0,91.55
GRSE,GRSEEQN,2525.7,2525.7,2525.7,0.0,0.0,945,2386786,3339.0,1963.7
LATENTVIEW,LATENTVIEWEQN,258.05,258.05,258.05,0.0,0.0,459,118444,517.5,248.0
NIACL,NIACLEQN,205.22,205.22,205.22,0.0,0.0,41119,8438441,242.6,116.97
TCPLPACK,TCPLPACKEQN,3874.7,3874.7,3874.7,0.0,0.0,4,15498,4410.9,2200.0
BHARTIHEXA,BHARTIHEXAEQN,1549.3,1549.3,1549.3,0.0,0.0,116,179718,1955.6,1430.0
LPDC,LPDCEQN,6.29,6.29,6.29,0.0,0.0,11,69,9.46,5.23
RANASUG,RANASUGEQN,14.9,14.9,14.9,0.0,0.0,100,1490,16.45,10.21
ALEMBICLTD,ALEMBICLTDEQN,109.73,109.73,109.73,0.0,0.0,2348,257646,117.72,70.46
GRAVITA,GRAVITAEQN,1682.3,1682.3,1682.3,0.0,0.0,257,432351,1913.6,1266.9
KALYANKJIL,KALYANKJILEQN,612.6,612.6,612.6,0.0,0.0,20861,12779448,648.95,327.05
KIMS,KIMSEQN,764.5,764.5,764.5,0.0,0.0,210,160545,858.0,575.8
MSTCLTD,MSTCLTDEQN,778.55,778.55,778.55,0.0,0.0,1422,1107098,805.0,362.15
AWL,AWLEQN,187.52,187.52,187.52,0.0,0.0,2363,443109,282.9,171.19
MAJESAUT,MAJESAUTBEN,355.9,355.9,355.9,0.0,0.0,8,2847,500.0,274.0
GATEWAY,GATEWAYEQN,53.94,53.94,53.94,0.0,0.0,2436,131397,66.25,48.1
WEL,WELEQN,69.39,69.39,69.39,0.0,0.0,1113,77231,183.53,68.62
RAMCOSYS,RAMCOSYSEQN,609.15,609.15,609.15,0.0,0.0,426,259497,967.5,342.1
BAJAJCON,BAJAJCONEQN,514.1,514.1,514.1,0.0,0.0,558,286867,692.0,220.1
UTLSOLAR,UTLSOLAREQN,435.2,435.2,435.2,0.0,0.0,818,355993,494.25,172.0
TATAINVEST,TATAINVESTEQN,622.05,622.05,622.05,0.0,0.0,836,520033,1184.7,538.85
MAPMYINDIA,MAPMYINDIAEQN,968.8,968.8,968.8,0.0,0.0,134,129819,1998.0,795.0
VARDMNPOLY,VARDMNPOLYEQN,5.89,5.89,5.89,0.0,0.0,830,4888,9.49,5.1
VARDHACRLC,VARDHACRLCBEN,44.18,44.18,44.18,0.0,0.0,6,265,48.77,27.01
CAMLINFINE,CAMLINFINEEQN,104.15,104.15,104.15,0.0,0.0,768,79987,235.0,96.21
ECLERX,ECLERXEQN,1945.1,1945.1,1945.1,0.0,0.0,444,863624,2497.5,1320.0
MCLEODRUSS,MCLEODRUSSEQN,44.96,44.96,44.96,0.0,0.0,750,33720,78.41,28.5
ABBOTINDIA,ABBOTINDIAEQN,25555.0,25555.0,25555.0,0.0,0.0,14,357770,31645.0,25150.0
AMRUTANJAN,AMRUTANJANEQN,500.45,500.45,500.45,0.0,0.0,120,60054,790.95,482.8
BEARDSELL,BEARDSELLEQN,24.77,24.77,24.77,0.0,0.0,5,123,38.6,20.02
IGARASHI,IGARASHIEQN,415.6,415.6,415.6,0.0,0.0,52,21611,558.0,271.05
DATAPATTNS,DATAPATTNSEQN,4932.3,4932.5,4932.5,0.2,0.0,3405,16795162,5000.0,2131.0
DEVIT,DEVITEQN,23.99,23.99,23.99,0.0,0.0,20,479,45.51,22.25
IKIO,IKIOEQN,219.73,219.73,219.73,0.0,0.0,2546,559432,248.88,103.53
GLAXO,GLAXOEQN,2928.2,2928.2,2928.2,0.0,0.0,29,84917,3120.7,2088.1
GODFRYPHLP,GODFRYPHLPEQN,2010.0,2010.0,2010.0,0.0,0.0,201,404010,3947.0,1832.1
GICRE,GICREEQN,348.1,348.1,348.1,0.0,0.0,561,195284,417.95,341.6
MOTOGENFIN,MOTOGENFINEQN,27.45,27.45,27.45,0.0,0.0,936,25693,34.4,17.5
CIEINDIA,CIEINDIAEQN,383.4,383.4,383.4,0.0,0.0,739,283332,526.0,382.25
GLAND,GLANDEQN,2959.3,2959.3,2959.3,0.0,0.0,2036,6025134,3042.0,1573.6
GUJALKALI,GUJALKALIEQN,718.75,718.75,718.75,0.0,0.0,108,77625,815.0,409.15
VAIBHAVGBL,VAIBHAVGBLEQN,215.98,215.98,215.98,0.0,0.0,399,86176,293.25,174.13
BHEL,BHELEQN,422.15,422.15,422.15,0.0,0.0,5886,2484774,446.5,213.8
KSB,KSBEQN,824.05,824.05,824.05,0.0,0.0,53,43674,1028.3,666.65
FINPIPE,FINPIPEEQN,157.86,157.86,157.86,0.0,0.0,836,131970,222.5,147.54
RAJRILTD,RAJRILTDBEN,21.34,21.34,21.34,0.0,0.0,19,405,28.9,19.41
GLOBAL,GLOBALEQN,126.62,126.62,126.62,0.0,0.0,994,125860,129.4,55.3
DMCC,DMCCEQN,290.4,290.4,290.4,0.0,0.0,2,580,332.9,191.35
ALANKIT,ALANKITEQN,7.99,7.99,7.99,0.0,0.0,4153,33182,14.28,6.8
CSLFINANCE,CSLFINANCEEQN,241.85,241.85,241.85,0.0,0.0,125,30231,324.7,209.7
JKIL,JKILEQN,488.6,488.6,488.6,0.0,0.0,248,121172,672.0,425.0
METROPOLIS,METROPOLISEQN,582.2,582.2,582.2,0.0,0.0,367,213667,609.05,412.25
POLYCAB,POLYCABEQN,8373.5,8373.5,8373.5,0.0,0.0,438,3667593,10126.0,6663.0
KOLTEPATIL,KOLTEPATILEQN,441.95,441.95,441.95,0.0,0.0,18,7955,554.6,292.25
ORIENTPPR,ORIENTPPREQN,18.29,18.29,18.29,0.0,0.0,133,2432,28.96,13.25
SOTL,SOTLEQN,681.35,681.35,681.35,0.0,0.0,1138,775376,850.1,285.8
SHREECEM,SHREECEMEQN,23160.0,23160.0,23160.0,0.0,0.0,17,393720,30660.0,22550.0
SPIC,SPICEQN,71.07,71.07,71.07,0.0,0.0,2374,168720,124.0,55.1
GREENPOWER,GREENPOWEREQN,9.14,9.14,9.14,0.0,0.0,7872,71950,14.93,7.98
GANDHAR,GANDHAREQN,264.05,264.05,264.05,0.0,0.0,1412,372838,303.17,115.0
NHPC,NHPCEQN,75.9,75.9,75.9,0.0,0.0,27600,2094840,89.22,71.62
SUPREMEIND,SUPREMEINDEQN,3553.0,3553.0,3553.0,0.0,0.0,145,515185,4632.0,3140.0
ROTO,ROTOEQN,65.44,65.44,65.44,0.0,0.0,1000,65440,85.28,47.5
KITEX,KITEXEQN,127.1,127.1,127.1,0.0,0.0,1445,183659,232.7,122.75
CANTABIL,CANTABILEQN,236.87,236.87,236.87,0.0,0.0,143,33872,321.5,208.5
BRITANNIA,BRITANNIAEQN,5064.0,5064.0,5064.0,0.0,0.0,121,612744,6319.5,5005.5
CANFINHOME,CANFINHOMEEQN,797.6,797.6,797.6,0.0,0.0,520,414752,971.5,733.0
DIVISLAB,DIVISLABEQN,9575.0,9575.0,9575.0,0.0,0.0,2444,23401300,9588.0,5636.5
HARSHA,HARSHAEQN,466.8,466.8,466.8,0.0,0.0,412,192321,469.0,313.3
SEPC,SEPCEQN,5.34,5.34,5.34,0.0,0.0,30117,160824,13.73,4.65
VGUARD,VGUARDEQN,330.05,330.05,330.05,0.0,0.0,437,144231,392.2,288.8
CAPACITE,CAPACITEEQN,199.72,199.72,199.72,0.0,0.0,885,176752,334.0,180.0
BLSE,BLSEEQN,322.05,322.05,322.05,0.0,0.0,383,123345,331.3,124.3
GPPL,GPPLEQN,160.58,160.58,160.58,0.0,0.0,2758,442879,200.09,141.55
DEEPAKNTR,DEEPAKNTREQN,1647.8,1647.8,1647.8,0.0,0.0,323,532239,1904.4,1280.0
TORNTPHARM,TORNTPHARMEQN,4960.0,4960.0,4960.0,0.0,0.0,413,2048480,5250.0,3480.6
COSMOFIRST,COSMOFIRSTEQN,909.15,909.15,909.15,0.0,0.0,79,71822,996.0,560.8
BSHSL,BSHSLEQN,91.17,91.17,91.17,0.0,0.0,1,91,140.2,59.16
HAL,HALEQN,5031.1,5031.1,5031.1,0.0,0.0,10594,53299473,5149.9,3479.1
HONDAPOWER,HONDAPOWEREQN,1981.7,1981.7,1981.7,0.0,0.0,1,1981,2969.2,1816.6
ISGEC,ISGECEQN,782.4,782.4,782.4,0.0,0.0,15,11736,1113.9,683.95
VIKASLIFE,VIKASLIFEEQN,1.28,1.28,1.28,0.0,0.0,20201,25857,2.37,1.05
SHARDAMOTR,SHARDAMOTREQN,890.75,890.75,890.75,0.0,0.0,43,38302,1189.9,700.0
AKI,AKIBEN,7.15,7.15,7.15,0.0,0.0,10560,75504,10.48,3.8
NDTV,NDTVEQN,73.03,73.03,73.03,0.0,0.0,32,2336,134.5,58.75
DIXON,DIXONEQN,14100.0,14100.0,14100.0,0.0,0.0,863,12168300,18471.0,9600.0
JSWENERGY,JSWENERGYEQN,526.5,526.5,526.5,0.0,0.0,8573,4513684,617.35,427.75
ZFCVINDIA,ZFCVINDIAEQN,2517.4,2517.4,2517.4,0.0,0.0,24,60417,3044.0,2050.33
THYROCARE,THYROCAREEQN,569.45,569.45,569.45,0.0,0.0,427,243155,662.0,342.55
SHRIPISTON,SHRIPISTONEQN,4438.2,4438.2,4438.2,0.0,0.0,68,301797,4785.8,2525.8
VINATIORGA,VINATIORGAEQN,1347.8,1347.8,1347.8,0.0,0.0,97,130736,1849.9,1203.0
GULFOILLUB,GULFOILLUBEQN,1057.6,1057.6,1057.6,0.0,0.0,214,226326,1329.0,865.0
ACUTAAS,ACUTAASEQN,3182.1,3182.1,3182.1,0.0,0.0,131,416855,3740.0,1302.0
PROV,PROVSMN,1760.0,1760.0,1760.0,0.0,0.0,80,140800,1940.0,940.0
SAGILITY,SAGILITYEQN,45.7,45.7,45.7,0.0,0.0,13736,627735,57.89,35.83
CRAFTSMAN,CRAFTSMANEQN,11406.0,11406.0,11406.0,0.0,0.0,47,536082,11542.0,6324.0
KSHITIJPOL,KSHITIJPOLEQN,3.62,3.62,3.62,0.0,0.0,58627,212229,7.2,1.88
TICL,TICLBEN,7.63,7.63,7.63,0.0,0.0,2043,15588,33.99,7.61
FLEXITUFF,FLEXITUFFBEN,2.08,2.08,2.08,0.0,0.0,5000,10400,27.5,2.08
ALKEM,ALKEMEQN,5181.0,5181.0,5181.0,0.0,0.0,91,471471,5933.5,5075.0
KIRLOSBROS,KIRLOSBROSEQN,1853.3,1853.3,1853.3,0.0,0.0,28,51892,2189.2,1335.0
RELINFRA,RELINFRABEN,57.0,57.0,57.0,0.0,0.0,1697,96729,288.7,54.8
GTPL,GTPLEQN,58.08,58.08,58.08,0.0,0.0,536,31130,118.95,50.85
ASAHISONG,ASAHISONGBEN,385.35,385.35,385.35,0.0,0.0,30,11560,413.95,179.64
OSWALPUMPS,OSWALPUMPSEQN,274.8,274.8,274.8,0.0,0.0,1188,326462,840.0,272.05
GML,GMLSMN,16.95,16.95,16.95,0.0,0.0,2000,33900,54.0,15.15
JSLL,JSLLEQN,505.45,505.45,505.45,0.0,0.0,573,289622,849.5,492.0
ABLBL,ABLBLEQN,84.52,84.52,84.52,0.0,0.0,1738,146895,151.33,82.61
APTECHT,APTECHTBEN,89.69,89.69,89.69,0.0,0.0,41,3677,137.08,69.1
CRIZAC,CRIZACEQN,171.94,171.94,171.94,0.0,0.0,3166,544362,387.95,159.95
KABRAEXTRU,KABRAEXTRUEQN,656.45,656.45,656.45,0.0,0.0,1691,1110056,677.75,180.0
PFIZER,PFIZEREQN,4310.7,4310.7,4310.7,0.0,0.0,860,3707202,5578.5,4300.0
CHEMBONDCH,CHEMBONDCHBEN,259.95,259.95,259.95,0.0,0.0,100,25995,290.0,104.85
MTNL,MTNLEQN,25.35,25.35,25.35,0.0,0.0,7125,180618,46.44,21.26
VAKRANGEE,VAKRANGEEEQN,5.62,5.62,5.62,0.0,0.0,1453,8165,9.77,4.61
ABAN,ABANBEN,14.55,14.55,14.55,0.0,0.0,540,7857,45.72,12.89
SHRENIK,SHRENIKBZN,0.29,0.29,0.29,0.0,0.0,10168,2948,0.65,0.27
3MINDIA,3MINDIAEQN,33145.0,33145.0,33145.0,0.0,0.0,5,165725,38030.0,28730.0
NGLFINE,NGLFINEEQN,2811.6,2811.6,2811.6,0.0,0.0,8,22492,3602.0,1271.0
GENSOL,GENSOLBZN,17.46,17.46,17.46,0.0,0.0,166,2898,46.02,16.4
SDBL,SDBLEQN,72.39,72.39,72.39,0.0,0.0,1521,110105,142.6,61.8
NIITMTS,NIITMTSEQN,223.51,223.51,223.51,0.0,0.0,7,1564,443.9,203.3
MMWL,MMWLEQN,13.99,13.99,13.99,0.0,0.0,61,853,16.57,9.02
TERASOFT,TERASOFTEQN,272.35,272.35,272.35,0.0,0.0,5,1361,598.0,270.4
TRUALT,TRUALTEQN,415.7,415.7,415.7,0.0,0.0,185,76904,549.0,310.2
BLISSGVS,BLISSGVSBEN,722.3,722.3,722.3,0.0,0.0,637,460105,725.9,118.0
SHALBY,SHALBYEQN,149.82,149.82,149.82,0.0,0.0,20,2996,274.7,125.82
SCPL,SCPLBEN,662.2,662.2,662.2,0.0,0.0,8,5297,690.0,190.03
NIRLON,NIRLONEQN,619.65,619.65,619.65,0.0,0.0,1,619,657.0,516.03
AKSHAR,AKSHAREQN,0.42,0.42,0.42,0.0,0.0,140558,59034,0.76,0.36
VINNY,VINNYEQN,1.0,1.0,1.0,0.0,0.0,721,721,1.53,0.94
SAKUMA,SAKUMAEQN,1.63,1.63,1.63,0.0,0.0,27400,44662,3.1,1.1
PVRINOX,PVRINOXEQN,1231.3,1231.3,1231.3,0.0,0.0,2435,2998215,1284.5,907.4
RMC,RMCEQN,226.19,226.19,226.19,0.0,0.0,110,24880,530.0,220.05
NEPHROPLUS,NEPHROPLUSEQN,744.1,744.1,744.1,0.0,0.0,1143,850506,769.75,446.0
PRITI,PRITIBEN,33.35,33.35,33.35,0.0,0.0,5,166,85.0,31.5
SUPERSPIN,SUPERSPINBEN,6.87,6.87,6.87,0.0,0.0,1660,11404,9.99,3.79
BLKASHYAP,BLKASHYAPEQN,56.8,56.8,56.8,0.0,0.0,102,5793,73.0,40.32
DAICHI,DAICHIBEN,367.0,367.0,367.0,0.0,0.0,10,3670,380.0,229.9
VIDYAWIRES,VIDYAWIRESEQN,89.09,89.09,89.09,0.0,0.0,3125,278406,117.35,42.51
PRITIKAUTO,PRITIKAUTOBEN,15.15,15.15,15.15,0.0,0.0,10013,151696,20.99,10.41
DTIL,DTILBEN,142.08,142.08,142.08,0.0,0.0,1,142,198.9,102.0
TMPV,TMPVEQN,306.45,306.45,306.45,0.0,0.0,16979,5203214,739.7,294.3
DIACABS,DIACABSBEN,336.25,336.25,336.25,0.0,0.0,774,260257,379.0,115.57
ODIGMA,ODIGMAEQN,21.99,21.99,21.99,0.0,0.0,1,21,56.09,20.0
SIKA,SIKAEQN,1015.15,1015.15,1015.15,0.0,0.0,269,273075,1359.4,870.1
RRIL,RRILEQN,16.12,16.12,16.12,0.0,0.0,571,9204,21.5,15.06
SONAL,SONALEQN,88.85,88.85,88.85,0.0,0.0,20,1777,104.75,82.5
EPACKPEB,EPACKPEBEQN,234.0,234.0,234.0,0.0,0.0,521,121914,344.0,132.17
SINDHUTRAD,SINDHUTRADEQN,25.0,25.0,25.0,0.0,0.0,15,375,32.74,17.64
CHOICEGOLD,CHOICEGOLDEQN,151.01,151.01,151.01,0.0,0.0,1,151,175.49,115.79
AKSHARCHEM,AKSHARCHEMBEN,452.5,452.5,452.5,0.0,0.0,112,50680,472.0,141.3
HAMPTON,HAMPTONEQN,8.59,8.59,8.59,0.0,0.0,2840,24395,9.65,7.01
JAYKAY-RE1,JAYKAY-RE1BEN,81.64,81.64,81.64,0.0,0.0,185,15103,82.65,70.0
GLOBALE,GLOBALEEQN,10.91,10.91,10.91,0.0,0.0,5,54,15.4,9.2
CREDITACC,CREDITACCEQN,1417.1,1417.1,1417.1,0.0,0.0,27,38261,1634.0,1113.0
GOLDTECH,GOLDTECHBEN,48.01,48.01,48.01,0.0,0.0,1,48,72.02,29.68
HDFCSILVER,HDFCSILVEREQN,221.31,221.31,221.31,0.0,0.0,248,54884,359.0,118.54
AARTIDRUGS,AARTIDRUGSEQN,421.5,421.5,421.5,0.0,0.0,83,34984,534.55,318.95
INDGN,INDGNEQN,589.2,589.2,589.2,0.0,0.0,1169,688774,615.5,414.0
SILVER360,SILVER360EQN,227.28,227.28,227.28,0.0,0.0,26,5909,358.0,121.7
UFLEX,UFLEXEQN,686.75,686.75,686.75,0.0,0.0,864,593352,723.5,330.0
SKFINDIA,SKFINDIAEQN,1534.8,1534.8,1534.8,0.0,0.0,14,21487,5074.0,1404.0
TARACHAND,TARACHANDEQN,47.68,47.68,47.68,0.0,0.0,300,14304,103.67,46.01
RICOAUTO,RICOAUTOEQN,132.38,132.38,132.38,0.0,0.0,1042,137939,157.99,78.92
VOEPL,VOEPLEQN,549.7,549.7,549.7,0.0,0.0,7,3847,593.45,428.65
BRIGADE,BRIGADEEQN,687.0,687.0,687.0,0.0,0.0,388,266556,802.01,450.75
INDOMIM,INDOMIMEQN,968.95,968.95,968.95,0.0,0.0,8724,8453119,989.9,700.0
CGPOWER,CGPOWEREQN,910.7,910.7,910.7,0.0,0.0,4133,3763923,980.9,525.5
BLUESTONE,BLUESTONEEQN,868.7,868.7,868.7,0.0,0.0,3107,2699050,926.0,399.8
GKSL,GKSLEQN,175.19,175.19,175.19,0.0,0.0,289,50629,179.8,98.36
REPL,REPLBEN,61.0,61.0,61.0,0.0,0.0,100,6100,168.0,59.4
INDUSINVIT,INDUSINVITIVN,132.98,132.98,132.98,0.0,0.0,576,76596,138.0,113.21
SAATVIKGL,SAATVIKGLEQN,415.95,415.95,415.95,0.0,0.0,97,40347,567.0,328.0
JSWHL,JSWHLEQN,11466.0,11466.0,11466.0,0.0,0.0,11,126126,22790.0,10530.0
GALAXYSURF,GALAXYSURFEQN,2251.9,2251.9,2251.9,0.0,0.0,68,153129,2648.0,1510.0
TSFINV,TSFINVEQN,422.3,422.3,422.3,0.0,0.0,283,119510,701.5,331.7
CEREBRAINT,CEREBRAINTBZN,2.9,2.9,2.9,0.0,0.0,215,623,10.08,2.4
PETRONET,PETRONETEQN,285.8,285.8,285.8,0.0,0.0,682,194915,326.4,235.35
ABDL,ABDLEQN,594.5,594.5,594.5,0.0,0.0,37,21996,711.7,382.1
THACKER,THACKEREQN,1017.0,1017.0,1017.0,0.0,0.0,10,10170,1689.9,950.0
STUDDS,STUDDSEQN,421.85,421.85,421.85,0.0,0.0,50,21092,600.0,412.3
CMPDI,CMPDIEQN,236.85,236.85,236.85,0.0,0.0,1272,301273,283.69,150.16
MOLDTECH,MOLDTECHBEN,218.27,218.27,218.27,0.0,0.0,72,15715,227.0,101.1
SELMC,SELMCEQN,28.81,28.81,28.81,0.0,0.0,100,2881,43.36,26.0
SVPGLOB,SVPGLOBEQN,3.51,3.51,3.51,0.0,0.0,908,3187,6.89,2.18
AURUS,AURUSEQN,4.78,4.78,4.78,0.0,0.0,186,889,7.49,4.1
ECORECO,ECORECOEQN,450.4,450.4,450.4,0.0,0.0,100,45040,494.9,443.75
SIMBHALS,SIMBHALSBZN,7.5,7.5,7.5,0.0,0.0,1050,7875,15.27,6.47
PREMCO,PREMCOEQN,392.0,392.0,392.0,0.0,0.0,7,2744,484.9,355.0
GVPIL,GVPILEQN,656.2,656.2,656.2,0.0,0.0,484,317600,1084.0,270.9
VIRTUALG,VIRTUALGBEN,0.46,0.46,0.46,0.0,0.0,8007,3683,0.6,0.4
RAJOOENG,RAJOOENGBEN,53.7,53.7,53.7,0.0,0.0,606,32542,103.69,46.0
DSSL,DSSLEQN,1061.7,1061.7,1061.7,0.0,0.0,125,132712,1924.8,781.0
EASTWEST,EASTWESTEQN,2.36,2.36,2.36,0.0,0.0,50,118,2.68,2.2
CPL,CPLEQN,66.78,66.78,66.78,0.0,0.0,101,6744,75.74,61.45
DCMFINSERV,DCMFINSERVEQN,5.11,5.11,5.11,0.0,0.0,8,40,8.55,3.7
SILVERAXIS,SILVERAXISEQN,229.96,229.96,229.96,0.0,0.0,104,23915,390.01,123.0
URJA,URJAEQN,9.08,9.08,9.08,0.0,0.0,2883,26177,14.45,8.0
KAMAHOLD,KAMAHOLDEQN,2318.7,2318.8,2318.8,0.1,0.0,1,2318,2783.9,2316.1
GOLDBETA,GOLDBETAEQN,128.15,128.15,128.15,0.0,0.0,1784,228619,149.35,90.0
GOLD360,GOLD360EQN,148.25,148.25,148.25,0.0,0.0,759,112521,178.0,87.85
KOTYARK,KOTYARKBEN,32.0,32.0,32.0,0.0,0.0,143,4576,45.5,17.38
SILVERIETF,SILVERIETFEQN,230.88,230.88,230.88,0.0,0.0,957,220952,373.5,123.6
PILANIINVS,PILANIINVSEQN,4261.7,4261.7,4261.7,0.0,0.0,2,8523,5980.0,4092.2
ADVIKCA,ADVIKCAEQN,1.07,1.07,1.07,0.0,0.0,12459,13331,1.27,1.06
ABANSENT,ABANSENTEQN,27.77,27.77,27.77,0.0,0.0,1,27,48.85,22.3
AEROPLANE,AEROPLANEEQN,199.31,199.31,199.31,0.0,0.0,646,128754,206.9,117.02
TATSILV,TATSILVEQN,22.44,22.44,22.44,0.0,0.0,16453,369205,35.1,11.63
MUFTI,MUFTIEQN,73.91,73.91,73.91,0.0,0.0,3,221,130.14,63.06
NESTLEIND,NESTLEINDEQN,1400.5,1400.5,1400.5,0.0,0.0,2027,2838813,1553.0,1145.0
BAJAJST,BAJAJSTEQN,365.0,365.0,365.0,0.0,0.0,31,11315,507.8,343.0
HAPPYFORGE,HAPPYFORGEEQN,2230.3,2230.3,2230.3,0.0,0.0,64,142739,2470.0,869.0
MBEL,MBELEQN,267.7,267.7,267.7,0.0,0.0,204,54610,535.9,223.05
3IINFOLTD,3IINFOLTDBEN,22.32,22.32,22.32,0.0,0.0,101,2254,27.8,12.68
IVZINGOLD,IVZINGOLDEQN,132.9,132.9,132.9,0.0,0.0,1,132,156.0,93.83
TPLPLASTEH,TPLPLASTEHEQN,67.69,67.69,67.69,0.0,0.0,79,5347,90.33,50.01
SPAL,SPALEQN,1048.9,1048.8,1048.8,-0.1,-0.01,553,579986,1221.9,600.0
DPWIRES,DPWIRESBEN,152.77,152.75,152.75,-0.02,-0.01,3,458,306.95,125.02
ABREL,ABRELEQN,1372.1,1372.0,1372.0,-0.1,-0.01,66,90552,1965.3,1080.1
WELENT,WELENTEQN,790.0,789.95,789.95,-0.05,-0.01,327,258313,825.0,412.0
THANGAMAYL,THANGAMAYLEQN,5366.5,5366.0,5366.0,-0.5,-0.01,100,536600,7430.0,1939.5
RKFORGE,RKFORGEEQN,701.3,701.2,701.2,-0.1,-0.01,251,176001,772.8,460.15
MAHESHWARI,MAHESHWARIBEN,72.49,72.48,72.48,-0.01,-0.01,50,3624,76.81,39.04
MASTEK,MASTEKEQN,1654.2,1654.0,1654.0,-0.2,-0.01,405,669870,2580.0,1334.2
CUB,CUBEQN,232.97,232.95,232.95,-0.02,-0.01,3126,728201,248.85,147.04
SANOFI,SANOFIEQN,3114.9,3114.5,3114.5,-0.4,-0.01,139,432915,5120.0,3054.0
KTKBANK,KTKBANKEQN,334.25,334.2,334.2,-0.05,-0.01,4124,1378240,345.9,170.0
EXIDEIND,EXIDEINDEQN,418.15,418.1,418.1,-0.05,-0.01,3227,1349208,496.4,287.0
PNBGILTS,PNBGILTSEQN,81.26,81.25,81.25,-0.01,-0.01,197,16006,106.0,58.6
GMBREW,GMBREWEQN,927.75,927.7,927.7,-0.05,-0.01,15,13915,1328.8,682.4
NMDC,NMDCEQN,84.71,84.7,84.7,-0.01,-0.01,64927,5499316,97.49,72.24
USHAMART,USHAMARTEQN,499.85,499.8,499.8,-0.05,-0.01,1516,757696,529.3,379.0
MAHABANK,MAHABANKEQN,84.79,84.78,84.78,-0.01,-0.01,23744,2013016,94.5,52.28
IGL,IGLEQN,154.02,154.0,154.0,-0.02,-0.01,2073,319242,223.5,141.74
SYRMA,SYRMAEQN,1639.2,1639.0,1639.0,-0.2,-0.01,4414,7234546,1660.0,634.5
LLOYDSENGG,LLOYDSENGGEQN,81.81,81.8,81.8,-0.01,-0.01,10282,841067,99.75,37.4
HERITGFOOD,HERITGFOODEQN,382.15,382.1,382.1,-0.05,-0.01,3247,1240678,540.0,292.55
ANTHEM,ANTHEMEQN,957.8,957.7,957.7,-0.1,-0.01,1148,1099439,973.5,579.15
AVALON,AVALONEQN,2290.3,2290.0,2290.0,-0.3,-0.01,851,1948790,2424.0,777.3
QUADFUTURE,QUADFUTUREEQN,441.0,440.9,440.9,-0.1,-0.02,1057,466031,485.0,248.55
SAREGAMA,SAREGAMAEQN,497.1,497.0,497.0,-0.1,-0.02,217,107849,574.5,307.05
LMW,LMWEQN,18603.0,18600.0,18600.0,-3.0,-0.02,1,18600,20151.0,11920.0
KRISHANA,KRISHANAEQN,183.03,182.99,182.99,-0.04,-0.02,284,51969,206.39,86.2
HDFCLIFE,HDFCLIFEEQN,533.8,533.7,533.7,-0.1,-0.02,2473,1319840,796.9,530.5
SCHAEFFLER,SCHAEFFLEREQN,3954.6,3954.0,3954.0,-0.6,-0.02,13,51402,4467.7,3518.4
RADIANTCMS,RADIANTCMSEQN,41.24,41.23,41.23,-0.01,-0.02,4281,176505,57.49,32.33
RUCHIRA,RUCHIRAEQN,112.17,112.15,112.15,-0.02,-0.02,395,44299,173.0,95.17
ASKAUTOLTD,ASKAUTOLTDEQN,610.15,610.0,610.0,-0.15,-0.02,211,128710,687.7,375.3
SCI,SCIEQN,288.75,288.7,288.7,-0.05,-0.02,7537,2175931,368.75,195.55
ANGELONE,ANGELONEEQN,298.0,297.95,297.95,-0.05,-0.02,9370,2791791,360.45,208.63
LLOYDSME,LLOYDSMEEQN,1799.3,1799.0,1799.0,-0.3,-0.02,1312,2360288,2125.0,1042.9
IDFCFIRSTB,IDFCFIRSTBEQN,86.5,86.48,86.48,-0.02,-0.02,21192,1832684,88.76,58.08
VISAKAIND,VISAKAINDEQN,93.12,93.1,93.1,-0.02,-0.02,474,44129,104.41,50.2
DIAMINESQ,DIAMINESQEQN,245.07,245.01,245.01,-0.06,-0.02,8,1960,379.0,208.01
TEXINFRA,TEXINFRAEQN,120.03,120.01,120.01,-0.02,-0.02,788,94567,121.8,82.5
SIGMA,SIGMAEQN,47.21,47.2,47.2,-0.01,-0.02,135,6372,65.5,35.46
FRONTSP,FRONTSPEQN,1258.2,1258.0,1258.0,-0.2,-0.02,30,37740,1869.0,1241.1
KDDL,KDDLEQN,3965.7,3965.0,3965.0,-0.7,-0.02,8,31720,4155.5,1990.0
LLOYDSENT,LLOYDSENTEQN,71.05,71.03,71.03,-0.02,-0.03,5793,411476,84.7,40.69
SUNTECK,SUNTECKEQN,295.9,295.8,295.8,-0.1,-0.03,634,187537,473.0,270.75
NITCO,NITCOEQN,93.46,93.43,93.43,-0.03,-0.03,216,20180,126.0,64.0
MAXHEALTH,MAXHEALTHEQN,993.0,992.7,992.7,-0.3,-0.03,694,688933,1221.9,903.0
SIGNATURE,SIGNATUREEQN,785.2,785.0,785.0,-0.2,-0.03,134,105190,1158.0,705.2
EQUITASBNK,EQUITASBNKEQN,72.54,72.52,72.52,-0.02,-0.03,1274,92390,83.9,51.25
PNCINFRA,PNCINFRAEQN,177.06,177.0,177.0,-0.06,-0.03,985,174345,325.0,158.17
INDIAMART,INDIAMARTEQN,1684.5,1684.0,1684.0,-0.5,-0.03,115,193660,2630.0,1681.0
BEML,BEMLEQN,2105.6,2105.0,2105.0,-0.6,-0.03,1709,3597445,2275.75,1355.0
AHLADA,AHLADAEQN,36.3,36.29,36.29,-0.01,-0.03,100,3629,72.0,31.22
ABCAPITAL,ABCAPITALEQN,396.95,396.85,396.85,-0.1,-0.03,2237,887753,430.7,277.7
KRSNAA,KRSNAAEQN,546.15,546.0,546.0,-0.15,-0.03,246,134316,894.4,515.0
FDC,FDCEQN,345.95,345.85,345.85,-0.1,-0.03,118,40810,527.8,312.95
WAKEFIT,WAKEFITEQN,153.05,153.0,153.0,-0.05,-0.03,395,60435,224.0,111.4
SCANSTL,SCANSTLBEN,58.41,58.39,58.39,-0.02,-0.03,50,2919,68.81,31.35
PROZONER,PROZONEREQN,48.92,48.9,48.9,-0.02,-0.04,213,10415,72.77,39.55
NIBE,NIBEEQN,1331.5,1331.0,1331.0,-0.5,-0.04,108,143748,1848.0,809.6
PFS,PFSEQN,27.71,27.7,27.7,-0.01,-0.04,1183,32769,40.5,23.85
BLS,BLSEQN,237.7,237.6,237.6,-0.1,-0.04,1560,370656,372.45,218.9
SONATSOFTW,SONATSOFTWEQN,274.25,274.15,274.15,-0.1,-0.04,2632,721562,421.5,207.15
PGEL,PGELEQN,553.7,553.5,553.5,-0.2,-0.04,1086,601101,644.4,436.55
MANORAMA,MANORAMAEQN,2132.9,2132.1,2132.1,-0.8,-0.04,932,1987117,2149.5,1060.6
UBL,UBLEQN,1252.5,1252.0,1252.0,-0.5,-0.04,330,413160,1847.9,1245.9
TTKPRESTIG,TTKPRESTIGEQN,549.2,549.0,549.0,-0.2,-0.04,183,100467,771.2,423.0
PDMJEPAPER,PDMJEPAPEREQN,99.61,99.56,99.56,-0.05,-0.05,278,27677,132.96,65.0
BANCOINDIA,BANCOINDIAEQN,628.3,628.0,628.0,-0.3,-0.05,103,64684,879.8,502.0
UTTAMSUGAR,UTTAMSUGAREQN,287.55,287.4,287.4,-0.15,-0.05,50,14370,359.3,181.1
ASAHIINDIA,ASAHIINDIAEQN,955.6,955.1,955.1,-0.5,-0.05,173,165232,1074.0,775.1
SAFARI,SAFARIEQN,1533.7,1533.0,1533.0,-0.7,-0.05,2,3066,2507.1,1363.1
PTL,PTLEQN,38.43,38.41,38.41,-0.02,-0.05,145,5569,43.77,36.1
CCL,CCLEQN,1130.6,1130.0,1130.0,-0.6,-0.05,360,406800,1242.2,815.5
SOBHA,SOBHAEQN,1255.6,1255.0,1255.0,-0.6,-0.05,183,229665,1732.0,1130.0
GRASIM,GRASIMEQN,3306.8,3305.0,3305.0,-1.8,-0.05,402,1328610,3411.1,2502.5
TATACOMM,TATACOMMEQN,1752.8,1752.0,1752.0,-0.8,-0.05,271,474792,2110.0,1322.5
SPLPETRO,SPLPETROEQN,828.4,828.0,828.0,-0.4,-0.05,2040,1689120,979.0,462.3
MARSONS,MARSONSEQN,131.07,131.0,131.0,-0.07,-0.05,9134,1196554,175.4,100.25
HIKAL,HIKALEQN,246.01,245.88,245.88,-0.13,-0.05,5173,1271937,282.7,146.25
QGOLDHALF,QGOLDHALFEQN,126.09,126.03,126.03,-0.06,-0.05,380,47891,149.69,88.9
ZAGGLE,ZAGGLEEQN,180.11,180.0,180.0,-0.11,-0.06,3284,591120,405.4,154.36
DAMCAPITAL,DAMCAPITALEQN,145.29,145.2,145.2,-0.09,-0.06,356,51691,286.0,119.22
5PAISA,5PAISAEQN,337.4,337.2,337.2,-0.2,-0.06,2,674,416.95,245.5
DIAMONDYD,DIAMONDYDEQN,1129.3,1128.6,1128.6,-0.7,-0.06,10,11286,1245.0,858.9
STYLAMIND,STYLAMINDEQN,3349.9,3348.0,3348.0,-1.9,-0.06,10,33480,4150.0,1621.0
HESTERBIO,HESTERBIOEQN,2318.3,2316.9,2316.9,-1.4,-0.06,1,2316,2683.6,1239.3
ASHIANA,ASHIANAEQN,346.3,346.1,346.1,-0.2,-0.06,2,692,435.9,269.45
NYKAA,NYKAAEQN,341.0,340.8,340.8,-0.2,-0.06,21458,7312886,349.55,227.9
GODREJPROP,GODREJPROPEQN,1906.6,1905.5,1905.5,-1.1,-0.06,437,832703,2352.0,1434.0
JAIBALAJI,JAIBALAJIEQN,67.86,67.82,67.82,-0.04,-0.06,158,10715,108.0,53.65
SILVERTUC,SILVERTUCEQN,161.1,161.0,161.0,-0.1,-0.06,18,2898,216.8,67.58
ATHERENERG,ATHERENERGEQN,1578.0,1577.0,1577.0,-1.0,-0.06,6259,9870443,1744.0,492.7
SAIL,SAILEQN,186.1,185.98,185.98,-0.12,-0.06,20820,3872103,209.7,124.0
EMMBI,EMMBIBEN,89.94,89.89,89.89,-0.05,-0.06,301,27056,116.9,60.3
GOKULAGRO,GOKULAGROEQN,233.15,233.0,233.0,-0.15,-0.06,1198,279134,259.8,151.0
VOLTAS,VOLTASEQN,1144.8,1144.0,1144.0,-0.8,-0.07,999,1142856,1582.5,1141.3
GILLETTE,GILLETTEEQN,7530.5,7525.0,7525.0,-5.5,-0.07,32,240800,10553.0,7206.0
MUFIN,MUFINEQN,135.35,135.26,135.26,-0.09,-0.07,5581,754886,141.5,85.13
WINDMACHIN,WINDMACHINEQN,305.6,305.4,305.4,-0.2,-0.07,20,6108,343.9,200.65
UGROCAP,UGROCAPEQN,85.06,85.0,85.0,-0.06,-0.07,103,8755,192.5,80.12
NAM-INDIA,NAM-INDIAEQN,1188.9,1188.1,1188.1,-0.8,-0.07,597,709295,1269.5,794.0
NAVNETEDUL,NAVNETEDULEQN,130.16,130.07,130.07,-0.09,-0.07,182,23672,166.0,121.5
CAMS,CAMSEQN,729.5,729.0,729.0,-0.5,-0.07,1080,787320,844.9,611.4
PATELENG,PATELENGEQN,26.93,26.91,26.91,-0.02,-0.07,11115,299104,41.13,22.0
GOLD1,GOLD1EQN,127.09,127.0,127.0,-0.09,-0.07,29341,3726307,158.0,89.14
GROWWGOLD,GROWWGOLDEQN,14.85,14.84,14.84,-0.01,-0.07,106,1573,18.0,10.55
TATAGOLD,TATAGOLDEQN,14.79,14.78,14.78,-0.01,-0.07,141276,2088059,17.7,10.33
ENGINERSIN,ENGINERSINEQN,279.2,279.0,279.0,-0.2,-0.07,8124,2266596,289.65,163.55
GCSL,GCSLEQN,598.25,597.8,597.8,-0.45,-0.08,3,1793,613.2,213.15
CHOICEIN,CHOICEINEQN,753.45,752.85,752.85,-0.6,-0.08,1479,1113465,860.5,568.7
VSTTILLERS,VSTTILLERSEQN,4127.5,4124.0,4124.0,-3.5,-0.08,4,16496,6374.0,4113.0
KALAMANDIR,KALAMANDIREQN,85.37,85.3,85.3,-0.07,-0.08,2505,213676,223.03,84.1
PRICOLLTD,PRICOLLTDEQN,758.6,758.0,758.0,-0.6,-0.08,3166,2399828,823.0,491.95
STYLEBAAZA,STYLEBAAZAEQN,387.3,387.0,387.0,-0.3,-0.08,200,77400,447.1,229.95
DABUR,DABUREQN,375.0,374.7,374.7,-0.3,-0.08,2707,1014312,551.65,373.75
ASTRAZEN,ASTRAZENEQN,6875.5,6870.0,6870.0,-5.5,-0.08,10,68700,9849.5,6830.0
HINDZINC,HINDZINCEQN,595.5,595.0,595.0,-0.5,-0.08,27656,16455320,733.0,430.75
PGHH,PGHHEQN,7736.0,7730.0,7730.0,-6.0,-0.08,26,200980,14509.0,7562.0
VIJAYA,VIJAYAEQN,1503.0,1501.8,1501.8,-1.2,-0.08,348,522626,1573.0,848.0
BUILDPRO,BUILDPROEQN,1301.1,1300.0,1300.0,-1.1,-0.08,1,1300,1380.0,636.0
EMMVEE,EMMVEEEQN,331.25,331.0,331.0,-0.25,-0.08,4132,1367692,371.55,171.51
GALAPREC,GALAPRECEQN,1054.9,1054.0,1054.0,-0.9,-0.09,14,14756,1260.0,671.2
NIVABUPA,NIVABUPAEQN,80.55,80.48,80.48,-0.07,-0.09,504,40561,91.4,67.5
RPOWER,RPOWEREQN,21.71,21.69,21.69,-0.02,-0.09,73158,1586797,50.73,20.17
PGHL,PGHLEQN,5603.0,5598.0,5598.0,-5.0,-0.09,6,33588,6975.0,4707.0
SRF,SRFEQN,2522.0,2519.8,2519.8,-2.2,-0.09,157,395608,3210.0,2355.0
CORDELIA,CORDELIAEQN,106.72,106.62,106.62,-0.1,-0.09,865,92226,110.49,62.31
AFCONS,AFCONSEQN,280.25,280.0,280.0,-0.25,-0.09,2594,726320,479.4,259.1
RAMBHAJO,RAMBHAJOEQN,275.04,274.8,274.8,-0.24,-0.09,1512,415497,288.3,161.6
VAML,VAMLEQN,436.6,436.2,436.2,-0.4,-0.09,7603,3316428,537.0,423.15
ABFRL,ABFRLEQN,52.24,52.19,52.19,-0.05,-0.1,19269,1005649,94.95,50.2
KAJARIACER,KAJARIACEREQN,1250.2,1248.9,1248.9,-1.3,-0.1,48,59947,1293.8,869.6
WINDLAS,WINDLASEQN,1146.1,1145.0,1145.0,-1.1,-0.1,328,375560,1181.9,697.4
GREENLAM,GREENLAMEQN,235.53,235.3,235.3,-0.23,-0.1,17,4000,278.63,197.59
NCC,NCCEQN,148.65,148.5,148.5,-0.15,-0.1,8349,1239826,222.31,130.0
MOREPENLAB,MOREPENLABEQN,117.16,117.04,117.04,-0.12,-0.1,63312,7410036,122.55,33.05
DBL,DBLEQN,393.55,393.15,393.15,-0.4,-0.1,26,10221,585.0,381.55
HATHWAY,HATHWAYEQN,10.29,10.28,10.28,-0.01,-0.1,12972,133352,15.25,8.76
POKARNA,POKARNAEQN,786.65,785.9,785.9,-0.75,-0.1,107,84091,1146.2,692.6
KNRCON,KNRCONEQN,119.72,119.6,119.6,-0.12,-0.1,2157,257977,220.0,108.65
MASTERTR,MASTERTREQN,92.09,91.99,91.99,-0.1,-0.11,1472,135409,164.5,55.6
TREJHARA,TREJHARAEQN,149.11,148.95,148.95,-0.16,-0.11,200,29790,284.85,128.4
INDIANB,INDIANBEQN,859.9,858.95,858.95,-0.95,-0.11,1077,925089,1000.9,664.45
IRCTC,IRCTCEQN,472.45,471.95,471.95,-0.5,-0.11,3547,1674006,739.0,470.7
IFGLEXPOR,IFGLEXPOREQN,198.22,198.0,198.0,-0.22,-0.11,26,5148,338.0,119.68
BHARATWIRE,BHARATWIREEQN,176.19,176.0,176.0,-0.19,-0.11,16,2816,262.0,148.01
UTIAMC,UTIAMCEQN,900.45,899.5,899.5,-0.95,-0.11,76,68362,1418.0,866.0
BECTORFOOD,BECTORFOODEQN,230.35,230.1,230.1,-0.25,-0.11,553,127245,286.8,165.0
LENSKART,LENSKARTEQN,695.75,695.0,695.0,-0.75,-0.11,9252,6430140,697.6,356.1
BLIL,BLILEQN,72.43,72.35,72.35,-0.08,-0.11,251,18159,79.5,67.0
INDIASHLTR,INDIASHLTREQN,671.7,670.95,670.95,-0.75,-0.11,148,99300,924.0,620.15
MFSL,MFSLEQN,1498.7,1497.0,1497.0,-1.7,-0.11,240,359280,1892.5,1433.6
SONACOMS,SONACOMSEQN,804.0,803.05,803.05,-0.95,-0.12,2765,2220433,844.0,402.3
ITCHOTELS,ITCHOTELSEQN,156.84,156.65,156.65,-0.19,-0.12,7193,1126783,251.23,137.3
AAKASH,AAKASHEQN,8.49,8.48,8.48,-0.01,-0.12,156,1322,13.4,7.21
AARTIPHARM,AARTIPHARMEQN,867.0,866.0,866.0,-1.0,-0.12,1267,1097222,946.1,585.0
EMAMILTD,EMAMILTDEQN,363.65,363.2,363.2,-0.45,-0.12,1956,710419,614.0,361.15
KERNEX,KERNEXEQN,1732.0,1730.0,1730.0,-2.0,-0.12,439,759470,2580.0,850.0
FORTIS,FORTISEQN,908.0,906.9,906.9,-1.1,-0.12,904,819837,1104.3,766.8
IRFC,IRFCEQN,82.0,81.9,81.9,-0.1,-0.12,40500,3316950,137.17,81.3
PIXTRANS,PIXTRANSEQN,1722.0,1720.0,1720.0,-2.0,-0.12,26,44720,2089.0,1252.0
ESABINDIA,ESABINDIAEQN,6067.0,6060.0,6060.0,-7.0,-0.12,106,642360,7319.5,4710.0
ASIANENE,ASIANENEEQN,553.55,552.9,552.9,-0.65,-0.12,2593,1433669,565.7,230.0
SHAREINDIA,SHAREINDIAEQN,170.91,170.2,170.2,-0.21,-0.12,12,2042,211.0,115.36
IFCI,IFCIEQN,92.61,92.5,92.5,-0.11,-0.12,500243,46272477,107.5,46.23
ADANIENSOL,ADANIENSOLEQN,1407.7,1406.0,1406.0,-1.7,-0.12,4368,6141408,1789.0,757.65
BDL,BDLEQN,1242.5,1241.0,1241.0,-1.5,-0.12,3938,4887058,1654.0,1086.0
GREENPLY,GREENPLYEQN,299.35,299.0,299.0,-0.35,-0.12,421,125879,334.4,176.42
SKIPPER,SKIPPEREQN,604.7,604.0,604.0,-0.7,-0.12,2940,1775760,616.8,327.05
INDOSTAR,INDOSTAREQN,251.29,251.0,251.0,-0.29,-0.12,26,6526,292.0,179.03
ADANIGREEN,ADANIGREENEQN,1292.0,1290.5,1290.5,-1.5,-0.12,1630,2103515,1631.5,765.0
KNAGRI,KNAGRIEQN,202.25,202.0,202.0,-0.25,-0.12,5,1010,244.0,148.3
YASHO,YASHOEQN,4079.9,4075.0,4075.0,-4.9,-0.12,38,154850,4994.0,1130.0
GROWW,GROWWEQN,195.24,195.0,195.0,-0.24,-0.12,53738,10478910,227.2,112.0
ESAFSFB,ESAFSFBBEN,41.47,41.42,41.42,-0.05,-0.12,444,18390,44.99,19.78
KUSUMGAR,KUSUMGAREQN,565.8,565.1,565.1,-0.7,-0.12,810,457731,659.5,548.0
ATULAUTO,ATULAUTOEQN,458.9,458.3,458.3,-0.6,-0.13,41,18790,596.55,380.05
KROSS,KROSSEQN,211.28,211.0,211.0,-0.28,-0.13,1029,217119,237.6,150.52
SADBHAV,SADBHAVEQN,7.99,7.98,7.98,-0.01,-0.13,100,798,14.7,6.05
SHYAMMETL,SHYAMMETLEQN,1081.9,1080.5,1080.5,-1.4,-0.13,25,27012,1111.0,746.0
LTF,LTFEQN,308.3,307.9,307.9,-0.4,-0.13,3379,1040394,338.6,230.71
ROLEXRINGS,ROLEXRINGSEQN,175.52,175.3,175.3,-0.22,-0.13,1994,349548,189.4,99.79
VIMTALABS,VIMTALABSEQN,625.8,625.0,625.0,-0.8,-0.13,261,163125,893.45,376.05
HDFCAMC,HDFCAMCEQN,2447.3,2444.0,2444.0,-3.3,-0.13,381,931164,2967.25,2205.6
FACT,FACTEQN,791.2,790.2,790.2,-1.0,-0.13,353,278940,1058.6,652.1
MHRIL,MHRILEQN,205.71,205.45,205.45,-0.26,-0.13,1055,216749,368.9,204.7
20MICRONS,20MICRONSEQN,219.28,219.0,219.0,-0.28,-0.13,215,47085,237.45,129.61
PATANJALI,PATANJALIEQN,342.0,341.55,341.55,-0.45,-0.13,11153,3809307,614.9,328.2
MEDICO,MEDICOEQN,39.28,39.23,39.23,-0.05,-0.13,374,14672,56.88,30.22
ADVENZYMES,ADVENZYMESEQN,298.85,298.45,298.45,-0.4,-0.13,58,17310,419.0,251.95
VIVIANA,VIVIANAEQN,740.85,739.9,739.9,-0.95,-0.13,521,385487,1162.5,565.0
GOLDAXIS,GOLDAXISEQN,126.86,126.7,126.7,-0.16,-0.13,3801,481586,150.0,89.53
TIPSMUSIC,TIPSMUSICEQN,644.9,644.0,644.0,-0.9,-0.14,103,66332,741.0,481.15
MOBIKWIK,MOBIKWIKEQN,194.14,193.87,193.87,-0.27,-0.14,1496,290029,334.0,151.46
ASHAPURMIN,ASHAPURMINEQN,549.35,548.6,548.6,-0.75,-0.14,1010,554086,924.9,455.1
PNBHOUSING,PNBHOUSINGEQN,1167.1,1165.5,1165.5,-1.6,-0.14,395,460372,1211.5,729.6
MAGADSUGAR,MAGADSUGAREQN,563.8,563.0,563.0,-0.8,-0.14,2,1126,634.95,417.0
CHEMPLASTS,CHEMPLASTSEQN,180.76,180.5,180.5,-0.26,-0.14,1426,257393,451.3,166.15
ABB,ABBEQN,7387.0,7377.0,7377.0,-10.0,-0.14,214,1578678,7924.5,4637.5
ESCORTS,ESCORTSEQN,3013.2,3009.0,3009.0,-4.2,-0.14,95,285855,3987.8,2700.0
APLAPOLLO,APLAPOLLOEQN,2185.0,2182.0,2182.0,-3.0,-0.14,406,885892,2301.4,1653.3
APOLLOHOSP,APOLLOHOSPEQN,8837.5,8825.0,8825.0,-12.5,-0.14,457,4033025,9050.0,6696.5
UNITDSPR,UNITDSPREQN,1440.0,1438.0,1438.0,-2.0,-0.14,81,116478,1563.4,1210.8
PRINCEPIPE,PRINCEPIPEEQN,285.75,284.35,284.35,-0.4,-0.14,53,15070,353.4,205.0
RTNPOWER,RTNPOWEREQN,7.28,7.27,7.27,-0.01,-0.14,51661,375575,12.71,7.2
SGFIN,SGFINEQN,676.15,675.2,675.2,-0.95,-0.14,232,156646,727.45,323.0
GOLDIETF,GOLDIETFEQN,130.38,130.2,130.2,-0.18,-0.14,19277,2509865,158.0,91.62
BSLGOLDETF,BSLGOLDETFEQN,133.97,133.78,133.78,-0.19,-0.14,104,13913,155.99,94.46
MANOMAY,MANOMAYEQN,232.8,232.46,232.46,-0.34,-0.15,100,23246,259.88,160.25
ALIVUS,ALIVUSEQN,1372.0,1370.0,1370.0,-2.0,-0.15,103,141110,1493.8,819.0
NIITLTD,NIITLTDEQN,95.34,95.2,95.2,-0.14,-0.15,603,57405,116.4,49.0
ZEELEARN,ZEELEARNBEN,6.61,6.6,6.6,-0.01,-0.15,2500,16500,10.45,4.17
MAXIND,MAXINDEQN,147.22,147.0,147.0,-0.22,-0.15,25,3675,241.57,120.0
MGL,MGLEQN,1103.2,1101.5,1101.5,-1.7,-0.15,103,113454,1378.0,900.0
HPL,HPLEQN,303.0,302.55,302.55,-0.45,-0.15,72,21783,507.9,255.55
OFSS,OFSSEQN,11780.0,11762.0,11762.0,-18.0,-0.15,302,3552124,12540.0,6234.5
KLBRENG-B,KLBRENG-BEQN,459.7,459.0,459.0,-0.7,-0.15,335,153765,544.85,332.4
HDFCGOLD,HDFCGOLDEQN,130.18,129.99,129.99,-0.19,-0.15,5945,772790,152.3,90.0
SETFGOLD,SETFGOLDEQN,129.84,129.65,129.65,-0.19,-0.15,4931,639304,153.95,90.61
MAHSEAMLES,MAHSEAMLESEQN,680.65,679.65,679.65,-1.0,-0.15,391,265743,717.8,500.7
BBOX,BBOXEQN,770.9,769.65,769.65,-1.25,-0.16,1031,793509,1103.0,440.0
GPTINFRA,GPTINFRAEQN,111.42,111.24,111.24,-0.18,-0.16,3,333,150.0,96.22
KIOCL,KIOCLEQN,377.1,376.5,376.5,-0.6,-0.16,3,1129,634.55,290.65
KCP,KCPEQN,162.11,161.85,161.85,-0.26,-0.16,315,50982,207.8,125.0
NFL,NFLEQN,70.35,70.24,70.24,-0.11,-0.16,1264,88783,101.4,63.35
TIMETECHNO,TIMETECHNOEQN,186.54,186.24,186.24,-0.3,-0.16,582,108391,249.15,154.0
KECL,KECLEQN,121.14,120.95,120.95,-0.19,-0.16,205,24794,155.0,75.47
SANGAMIND,SANGAMINDEQN,580.0,579.05,579.05,-0.95,-0.16,11,6369,672.5,362.75
TARAPUR,TARAPUREQN,12.83,12.81,12.81,-0.02,-0.16,372,4765,39.99,12.21
RETAIL,RETAILEQN,17.23,17.2,17.2,-0.03,-0.17,5,86,43.79,15.81
EIHOTEL,EIHOTELEQN,295.75,295.25,295.25,-0.5,-0.17,315,93003,434.8,271.15
ARMANFIN,ARMANFINEQN,2037.5,2034.0,2034.0,-3.5,-0.17,108,219672,2158.6,1301.0
MANKIND,MANKINDEQN,2309.0,2305.0,2305.0,-4.0,-0.17,154,354970,2674.0,1909.7
IOLCP,IOLCPEQN,210.98,210.63,210.63,-0.35,-0.17,4186,881697,219.04,67.19
UCOBANK,UCOBANKEQN,24.18,24.14,24.14,-0.04,-0.17,40929,988026,34.2,22.22
GOLDCASE,GOLDCASEEQN,23.95,23.91,23.91,-0.04,-0.17,69930,1672026,27.94,16.67
ONIDA,ONIDAEQN,34.76,34.7,34.7,-0.06,-0.17,26,902,49.23,21.5
NSIL,NSILEQN,5660.0,5650.0,5650.0,-10.0,-0.18,1,5650,8730.0,4700.0
TEJASNET,TEJASNETEQN,590.05,589.0,589.0,-1.05,-0.18,7933,4672537,644.75,294.0
TVSSCS,TVSSCSEQN,127.23,127.0,127.0,-0.23,-0.18,1458,185166,146.5,90.32
JKLAKSHMI,JKLAKSHMIEQN,498.75,497.85,497.85,-0.9,-0.18,487,242452,936.6,498.05
SIS,SISEQN,427.75,427.0,427.0,-0.75,-0.18,32,13664,480.95,257.05
NAZARA,NAZARAEQN,368.4,367.75,367.75,-0.65,-0.18,2056,756094,379.4,215.7
SANGANI,SANGANISMN,54.1,54.0,54.0,-0.1,-0.18,1500,81000,77.0,37.0
LICI,LICIEQN,410.75,410.0,410.0,-0.75,-0.18,13163,5396830,468.48,360.75
PARADEEP,PARADEEPEQN,159.79,159.51,159.51,-0.28,-0.18,6362,1014802,202.19,99.7
VEDL,VEDLEQN,272.0,271.5,271.5,-0.5,-0.18,57318,15561837,795.0,249.7
JOCIL,JOCILEQN,164.29,163.99,163.99,-0.3,-0.18,10,1639,175.12,91.25
ARE&M,ARE&MEQN,837.8,836.3,836.3,-1.5,-0.18,951,795321,1057.85,670.0
CESC,CESCEQN,146.05,145.79,145.79,-0.26,-0.18,1309,190839,204.5,138.12
SWANCORP,SWANCORPEQN,276.8,276.3,276.3,-0.5,-0.18,2048,565862,506.0,273.9
NETWORK18,NETWORK18EQN,27.3,27.25,27.25,-0.05,-0.18,12331,336019,58.1,27.01
AETHER,AETHEREQN,1642.9,1640.0,1640.0,-2.9,-0.18,253,414920,1717.0,726.45
RAMAPHO,RAMAPHOEQN,124.74,124.5,124.5,-0.24,-0.19,11,1369,217.19,103.5
MOTILALOFS,MOTILALOFSEQN,1051.5,1049.5,1049.5,-2.0,-0.19,603,632848,1097.1,614.9
GABRIEL,GABRIELEQN,1389.6,1387.0,1387.0,-2.6,-0.19,211,292657,1600.0,795.7
PTC,PTCEQN,154.2,153.91,153.91,-0.29,-0.19,4454,685515,229.51,149.59
SYNGENE,SYNGENEEQN,387.55,386.8,386.8,-0.75,-0.19,1503,581360,678.95,375.25
GUFICBIO,GUFICBIOEQN,440.3,439.45,439.45,-0.85,-0.19,221,97118,467.8,268.0
KAVDEFENCE,KAVDEFENCEEQN,64.62,64.5,64.5,-0.12,-0.19,2379,153445,162.87,51.51
KIRLOSIND,KIRLOSINDEQN,3677.6,3670.2,3670.2,-7.4,-0.2,2,7340,4574.8,2463.0
INDNIPPON,INDNIPPONEQN,1122.3,1120.1,1120.1,-2.2,-0.2,26,29122,1278.2,675.0
BALRAMCHIN,BALRAMCHINEQN,711.45,710.05,710.05,-1.4,-0.2,5581,3962789,780.95,393.55
CCAVENUE,CCAVENUEEQN,15.36,15.33,15.33,-0.03,-0.2,14551,223066,20.5,12.92
ARDEE,ARDEEEQN,54.74,54.63,54.63,-0.11,-0.2,8628,471347,73.19,54.48
MONARCH,MONARCHEQN,382.45,381.7,381.7,-0.75,-0.2,116,44277,406.95,235.45
KSL,KSLEQN,907.8,906.0,906.0,-1.8,-0.2,215,194790,982.55,574.0
KMSUGAR,KMSUGAREQN,30.31,30.25,30.25,-0.06,-0.2,1079,32639,36.5,23.0
HEXT,HEXTEQN,518.85,517.75,517.75,-1.1,-0.21,269,139274,807.75,400.2
SHAKTIPUMP,SHAKTIPUMPEQN,473.0,472.0,472.0,-1.0,-0.21,1167,550824,915.0,456.35
NAVKARCORP,NAVKARCORPEQN,94.75,94.55,94.55,-0.2,-0.21,1000,94550,132.5,74.05
GREAVESCOT,GREAVESCOTEQN,193.06,192.65,192.65,-0.41,-0.21,1934,372585,271.9,119.99
AHLUCONT,AHLUCONTEQN,607.15,605.9,605.9,-1.25,-0.21,169,102397,1077.95,590.0
CANBK,CANBKEQN,124.68,124.42,124.42,-0.26,-0.21,36122,4494299,162.89,107.12
TAJGVK,TAJGVKEQN,332.75,332.05,332.05,-0.7,-0.21,179,59436,512.65,281.35
FMNL,FMNLEQN,9.52,9.5,9.5,-0.02,-0.21,100,950,13.94,6.74
SWELECTES,SWELECTESEQN,583.8,582.55,582.55,-1.25,-0.21,45,26214,977.0,483.1
REFEX,REFEXEQN,275.85,275.25,275.25,-0.6,-0.22,945,260111,415.0,188.0
RAMCOIND,RAMCOINDEQN,321.5,320.8,320.8,-0.7,-0.22,6,1924,398.05,230.65
MSUMI,MSUMIEQN,36.61,36.53,36.53,-0.08,-0.22,13237,483547,53.59,35.7
UNIPARTS,UNIPARTSEQN,898.0,896.0,896.0,-2.0,-0.22,21,18816,915.95,399.8
ACC,ACCEQN,1262.8,1260.0,1260.0,-2.8,-0.22,219,275940,1987.0,1251.7
SUBROS,SUBROSEQN,697.85,696.3,696.3,-1.55,-0.22,2,1392,1213.7,622.1
HONASA,HONASAEQN,476.05,475.0,475.0,-1.05,-0.22,1865,885875,509.8,248.4
TMCV,TMCVEQN,456.05,455.05,455.05,-1.0,-0.22,8036,3656781,509.0,306.3
LGEINDIA,LGEINDIAEQN,1672.2,1668.6,1668.6,-3.6,-0.22,207,345400,1755.0,1304.1
PRADPME,PRADPMEBEN,489.1,488.0,488.0,-1.1,-0.22,25,12200,596.0,357.05
M&MFIN,M&MFINEQN,374.35,373.5,373.5,-0.85,-0.23,980,366030,415.0,266.05
POLYPLEX,POLYPLEXEQN,1149.6,1147.0,1147.0,-2.6,-0.23,16,18352,1264.0,740.0
AGARIND,AGARINDEQN,440.9,439.9,439.9,-1.0,-0.23,40,17596,1006.0,360.0
BRIGHOTEL,BRIGHOTELEQN,57.14,57.01,57.01,-0.13,-0.23,275,15677,88.27,54.36
INOXGREEN,INOXGREENEQN,174.42,174.0,174.0,-0.42,-0.24,272,47328,279.0,132.58
ICIL,ICILEQN,450.85,449.75,449.75,-1.1,-0.24,763,343159,474.65,216.9
DCBBANK,DCBBANKEQN,229.55,229.0,229.0,-0.55,-0.24,3587,821423,234.8,122.4
JPOLYINVST,JPOLYINVSTEQN,994.45,992.1,992.1,-2.35,-0.24,3,2976,1487.7,852.1
TEXRAIL,TEXRAILEQN,118.26,117.98,117.98,-0.28,-0.24,4545,536219,153.0,78.05
ALKYLAMINE,ALKYLAMINEEQN,1970.7,1966.0,1966.0,-4.7,-0.24,27,53082,2116.8,1212.0
HGS,HGSEQN,387.95,387.0,387.0,-0.95,-0.24,16,6192,546.35,342.05
BLUEJET,BLUEJETEQN,581.5,580.1,580.1,-1.4,-0.24,516,299331,759.5,325.0
COCKERILL,COCKERILLEQN,8325.5,8305.5,8305.5,-20.0,-0.24,3,24916,10871.5,4955.0
ARIES,ARIESBEN,483.15,482.0,482.0,-1.15,-0.24,21,10122,524.75,285.35
VIKRAN,VIKRANEQN,59.14,59.0,59.0,-0.14,-0.24,3394,200246,118.4,51.1
GTECJAINX,GTECJAINXBEN,28.05,27.98,27.98,-0.07,-0.25,12,335,38.35,15.54
MARUTI,MARUTIEQN,12641.0,12609.0,12609.0,-32.0,-0.25,572,7212348,17370.0,12201.0
VINCOFE,VINCOFEEQN,178.34,177.9,177.9,-0.44,-0.25,1099,195512,189.4,120.24
ICICIBANK,ICICIBANKEQN,1399.4,1395.9,1395.9,-3.5,-0.25,38635,53930596,1480.0,1187.6
PAGEIND,PAGEINDEQN,35915.0,35825.0,35825.0,-90.0,-0.25,5,179125,45890.0,29805.0
PRECAM,PRECAMEQN,121.71,121.4,121.4,-0.31,-0.25,52,6312,262.0,103.98
DCW,DCWEQN,47.65,47.53,47.53,-0.12,-0.25,3586,170442,76.35,37.11
KOTAKBANK,KOTAKBANKEQN,419.25,418.2,418.2,-1.05,-0.25,13465,5631063,453.2,345.5
CMSINFO,CMSINFOEQN,236.58,236.0,236.0,-0.58,-0.25,13708,3235088,429.65,236.0
PRECWIRE,PRECWIREEQN,480.2,479.0,479.0,-1.2,-0.25,2218,1062422,524.9,178.01
PRAJIND,PRAJINDEQN,338.85,338.0,338.0,-0.85,-0.25,856,289328,427.65,273.0
VENUSPIPES,VENUSPIPESEQN,1949.9,1945.0,1945.0,-4.9,-0.25,1053,2048085,1987.0,890.0
MARICO,MARICOEQN,823.9,821.85,821.85,-2.05,-0.25,738,606525,889.1,690.3
BCLIND,BCLINDEQN,36.0,35.91,35.91,-0.09,-0.25,1531,54978,44.9,25.53
SOLARA,SOLARAEQN,701.8,700.0,700.0,-1.8,-0.26,1065,745500,719.0,422.0
AEROFLEX,AEROFLEXEQN,573.5,572.0,572.0,-1.5,-0.26,5288,3024736,584.15,158.0
CASTROLIND,CASTROLINDEQN,189.46,188.96,188.96,-0.5,-0.26,2392,451992,210.75,170.1
AUBANK,AUBANKEQN,1073.7,1070.9,1070.9,-2.8,-0.26,518,554726,1144.1,694.3
COROMANDEL,COROMANDELEQN,1951.1,1946.1,1946.1,-5.0,-0.26,115,223801,2499.0,1706.5
TIL,TILBEN,250.64,250.0,250.0,-0.64,-0.26,9,2250,371.95,161.25
LT,LTEQN,3946.1,3935.3,3935.3,-10.8,-0.27,11507,45283497,4440.0,3288.1
COLPAL,COLPALEQN,1819.9,1815.0,1815.0,-4.9,-0.27,354,642510,2446.0,1782.0
SHRIRAMPPS,SHRIRAMPPSEQN,74.63,74.43,74.43,-0.2,-0.27,700,52101,99.44,60.57
ABSLAMC,ABSLAMCEQN,1037.8,1035.0,1035.0,-2.8,-0.27,196,202860,1224.9,708.0
AAVAS,AAVASEQN,1293.5,1290.0,1290.0,-3.5,-0.27,44,56760,1771.9,1060.4
ZENTEC,ZENTECEQN,1825.0,1820.0,1820.0,-5.0,-0.27,1479,2691780,2043.7,1223.0
SANGHVIMOV,SANGHVIMOVEQN,441.2,440.0,440.0,-1.2,-0.27,439,193160,528.0,223.8
ANUP,ANUPEQN,1725.6,1721.0,1721.0,-4.6,-0.27,28,48188,2576.0,1422.3
JARO,JAROEQN,441.4,440.2,440.2,-1.2,-0.27,17,7483,890.0,383.5
GOLDBEES,GOLDBEESEQN,125.84,125.5,125.5,-0.34,-0.27,77619,9741184,148.14,88.65
EMKAY,EMKAYEQN,260.7,260.0,260.0,-0.7,-0.27,2,520,409.9,186.0
SUMAX,SUMAXSTN,109.75,109.45,109.45,-0.3,-0.27,1200,131340,116.0,101.2
DMART,DMARTEQN,3720.2,3710.0,3710.0,-10.2,-0.27,430,1595300,4818.0,3529.0
ADROITINFO,ADROITINFOEQN,10.63,10.6,10.6,-0.03,-0.28,135,1431,12.2,7.55
ALGOQUANT,ALGOQUANTEQN,63.7,63.52,63.52,-0.18,-0.28,77,4891,71.01,47.8
TCIEXP,TCIEXPEQN,550.45,548.9,548.9,-1.55,-0.28,14,7684,780.0,447.55
INOXWIND,INOXWINDEQN,75.71,75.5,75.5,-0.21,-0.28,83744,6322672,159.3,68.0
POWERGRID,POWERGRIDEQN,265.75,265.0,265.0,-0.75,-0.28,6990,1852350,324.95,250.0
CGCL,CGCLEQN,270.75,270.0,270.0,-0.75,-0.28,3554,959580,287.45,151.1
JIOFIN,JIOFINEQN,233.15,232.5,232.5,-0.65,-0.28,38115,8861737,321.6,223.3
THELEELA,THELEELAEQN,542.5,540.95,540.95,-1.55,-0.29,31,16769,582.85,384.5
ANSALAPI,ANSALAPIBZN,3.41,3.4,3.4,-0.01,-0.29,2,6,5.28,2.51
NEWGEN,NEWGENEQN,514.0,512.5,512.5,-1.5,-0.29,1930,989125,1041.95,401.05
GPIL,GPILEQN,245.71,245.0,245.0,-0.71,-0.29,1546,378770,320.0,221.21
BOROSCI,BOROSCIEQN,129.63,129.25,129.25,-0.38,-0.29,2,258,180.8,96.64
BALPHARMA,BALPHARMAEQN,95.38,95.1,95.1,-0.28,-0.29,30,2853,98.85,60.0
QUICKHEAL,QUICKHEALEQN,153.44,153.0,153.0,-0.44,-0.29,125,19125,371.4,125.0
JINDALSAW,JINDALSAWEQN,307.6,306.7,306.7,-0.9,-0.29,1036,317741,319.5,153.0
RAMRAT,RAMRATEQN,531.25,529.7,529.7,-1.55,-0.29,278,147256,602.45,268.0
CIPLA,CIPLAEQN,1384.0,1380.0,1380.0,-4.0,-0.29,2066,2851080,1673.0,1165.7
TIMKEN,TIMKENEQN,3098.9,3090.0,3090.0,-8.9,-0.29,4,12360,3925.0,2800.5
INDIGOPNTS,INDIGOPNTSEQN,1140.3,1136.9,1136.9,-3.4,-0.3,223,253528,1345.9,708.05
SJS,SJSEQN,2286.8,2280.0,2280.0,-6.8,-0.3,484,1103520,2590.0,1372.2
SHADOWFAX,SHADOWFAXEQN,249.75,249.0,249.0,-0.75,-0.3,13300,3311700,268.65,98.55
BASILIC,BASILICSMN,185.55,185.0,185.0,-0.55,-0.3,300,55500,509.8,164.0
ELANTAS,ELANTASEQN,13891.0,13849.0,13849.0,-42.0,-0.3,10,138490,13999.0,8900.0
HUBTOWN,HUBTOWNEQN,185.56,184.99,184.99,-0.57,-0.31,203,37552,342.0,168.15
YESBANK,YESBANKEQN,22.52,22.45,22.45,-0.07,-0.31,100277,2251218,25.78,17.2
SPANDANA,SPANDANAEQN,239.74,239.0,239.0,-0.74,-0.31,109,26051,319.4,181.1
ULTRACEMCO,ULTRACEMCOEQN,11009.0,10975.0,10975.0,-34.0,-0.31,446,4894850,13110.0,10325.0
RATEGAIN,RATEGAINEQN,862.7,860.0,860.0,-2.7,-0.31,458,393880,1050.0,437.0
IRB,IRBEQN,19.25,19.19,19.19,-0.06,-0.31,14717,282419,23.95,18.76
ATUL,ATULEQN,6314.5,6295.0,6295.0,-19.5,-0.31,66,415470,7180.0,5560.5
JAICORPLTD,JAICORPLTDEQN,98.3,98.0,98.0,-0.3,-0.31,360,35280,178.24,88.0
WALCHANNAG,WALCHANNAGEQN,219.1,218.43,218.43,-0.67,-0.31,135,29488,315.8,131.15
STERTOOLS,STERTOOLSBEN,218.68,218.0,218.0,-0.68,-0.31,39,8502,361.95,155.0
HEMIPROP,HEMIPROPEQN,124.41,124.02,124.02,-0.39,-0.31,500,62010,190.69,111.2
IRCON,IRCONEQN,116.89,116.53,116.53,-0.36,-0.31,5205,606538,189.5,114.5
RELTD,RELTDEQN,155.39,154.9,154.9,-0.49,-0.32,1,154,196.45,114.77
DCMSHRIRAM,DCMSHRIRAMEQN,1008.2,1005.0,1005.0,-3.2,-0.32,59,59295,1414.4,945.1
ARTEMISMED,ARTEMISMEDEQN,342.05,340.95,340.95,-1.1,-0.32,592,201842,350.0,203.35
RENUKA,RENUKAEQN,25.19,25.11,25.11,-0.08,-0.32,54066,1357597,33.3,21.05
AIIL,AIILEQN,526.2,524.5,524.5,-1.7,-0.32,1042,546529,683.0,400.0
THEMISMED,THEMISMEDEQN,132.17,131.75,131.75,-0.42,-0.32,143,18840,148.0,64.95
BOMDYEING,BOMDYEINGEQN,114.27,113.9,113.9,-0.37,-0.32,2280,259692,195.45,92.0
HGINFRA,HGINFRAEQN,484.55,483.0,483.0,-1.55,-0.32,291,140553,1049.95,429.5
VENUSREM,VENUSREMBEN,1625.2,1620.0,1620.0,-5.2,-0.32,4,6480,2044.3,424.0
IVALUE,IVALUEEQN,235.31,234.55,234.55,-0.76,-0.32,323,75759,340.0,207.35
LTFOODS,LTFOODSEQN,455.25,453.8,453.8,-1.45,-0.32,4000,1815200,490.7,333.15
IIFL,IIFLEQN,628.0,626.0,626.0,-2.0,-0.32,2949,1846074,705.0,409.1
RADIOCITY,RADIOCITYEQN,6.11,6.09,6.09,-0.02,-0.33,5,30,9.25,4.5
BAJAJ-AUTO,BAJAJ-AUTOEQN,11880.0,11841.0,11841.0,-39.0,-0.33,583,6903303,12470.0,8491.5
APCOTEXIND,APCOTEXINDEQN,612.15,610.15,610.15,-2.0,-0.33,42,25626,712.0,310.45
RVNL,RVNLEQN,207.5,206.82,206.82,-0.68,-0.33,23616,4884261,400.7,203.83
TATACONSUM,TATACONSUMEQN,1014.1,1010.8,1010.8,-3.3,-0.33,369,372985,1282.7,1004.0
TIMEX,TIMEXEQN,607.1,605.1,605.1,-2.0,-0.33,1027,621437,687.8,312.0
TGVSL,TGVSLEQN,109.47,109.11,109.11,-0.36,-0.33,900,98199,114.24,102.5
MATRIMONY,MATRIMONYEQN,516.05,514.3,514.3,-1.75,-0.34,11,5657,573.0,364.05
BALUFORGE,BALUFORGEEQN,541.65,539.8,539.8,-1.85,-0.34,2834,1529793,697.0,341.05
MMFL,MMFLEQN,615.85,613.75,613.75,-2.1,-0.34,21,12888,687.95,288.1
BANKINDIA,BANKINDIAEQN,140.86,140.38,140.38,-0.48,-0.34,10752,1509365,178.36,112.51
CEATLTD,CEATLTDEQN,3313.2,3302.0,3302.0,-11.2,-0.34,181,597662,4438.0,3061.2
JAYBARMARU,JAYBARMARUEQN,116.5,116.1,116.1,-0.4,-0.34,56,6501,207.0,74.15
RAINBOW,RAINBOWEQN,1449.9,1445.0,1445.0,-4.9,-0.34,27,39015,1610.0,1084.0
ICICIPRULI,ICICIPRULIEQN,469.3,467.7,467.7,-1.6,-0.34,797,372756,706.8,459.5
TANAA,TANAAEQN,276.95,276.0,276.0,-0.95,-0.34,50,13800,322.0,272.8
EPIGRAL,EPIGRALEQN,1189.8,1185.8,1185.8,-4.0,-0.34,159,188542,1808.8,807.0
AVROIND,AVROINDEQN,8.58,8.55,8.55,-0.03,-0.35,89,760,15.99,8.0
MOSCHIP,MOSCHIPEQN,214.26,213.52,213.52,-0.74,-0.35,4604,983046,288.45,146.8
GODAVARIB,GODAVARIBEQN,244.37,243.52,243.52,-0.85,-0.35,1,243,353.0,227.42
IBULLSLTD,IBULLSLTDEQN,25.95,25.86,25.86,-0.09,-0.35,20588,532405,32.5,8.9
DHARMAJ,DHARMAJEQN,269.75,268.8,268.8,-0.95,-0.35,145,38976,376.0,210.65
INDUSTOWER,INDUSTOWEREQN,373.05,371.75,371.75,-1.3,-0.35,6432,2391096,481.5,334.9
RSYSTEMS,RSYSTEMSEQN,245.89,245.02,245.02,-0.87,-0.35,210,51454,472.9,213.52
HINDUNILVR,HINDUNILVREQN,1980.0,1973.0,1973.0,-7.0,-0.35,1460,2880580,2667.2,1950.4
RUSTOMJEE,RUSTOMJEEEQN,357.55,356.3,356.3,-1.25,-0.35,137,48813,634.0,351.05
HAVELLS,HAVELLSEQN,1140.0,1136.0,1136.0,-4.0,-0.35,629,714544,1621.1,1123.6
INOXINDIA,INOXINDIAEQN,2215.9,2208.1,2208.1,-7.8,-0.35,143,315758,2320.0,1068.2
MAZDA,MAZDABEN,271.75,270.8,270.8,-0.95,-0.35,13,3520,308.0,159.2
AONEGOLD,AONEGOLDEQN,14.2,14.15,14.15,-0.05,-0.35,88,1245,17.73,10.0
ARENTERP,ARENTERPEQN,33.34,33.22,33.22,-0.12,-0.36,435,14450,60.79,30.01
SMCGLOBAL,SMCGLOBALEQN,85.31,85.0,85.0,-0.31,-0.36,1682,142970,94.9,54.44
AGI,AGIEQN,783.8,781.0,781.0,-2.8,-0.36,704,549824,939.0,465.0
DOLLAR,DOLLAREQN,264.75,263.8,263.8,-0.95,-0.36,51,13453,396.0,220.5
VIYASH,VIYASHEQN,261.95,261.0,261.0,-0.95,-0.36,5059,1320399,298.0,178.13
FRACTAL,FRACTALEQN,794.75,791.85,791.85,-2.9,-0.36,412,326242,1118.0,733.7
SBIFUNDS,SBIFUNDSEQN,555.7,553.7,553.7,-2.0,-0.36,2941,1628431,624.95,536.5
APOLLOTYRE,APOLLOTYREEQN,411.5,410.0,410.0,-1.5,-0.36,1810,742100,540.5,365.3
APTUS,APTUSEQN,256.96,256.0,256.0,-0.96,-0.37,258,66048,353.25,193.03
INDUSINDBK,INDUSINDBKEQN,997.7,994.0,994.0,-3.7,-0.37,501,497994,1077.85,710.6
PANORAMA,PANORAMAEQN,48.38,48.2,48.2,-0.18,-0.37,1704,82132,51.0,40.0
MILKYMIST,MILKYMISTEQN,275.97,274.94,274.94,-1.03,-0.37,41089,11297009,288.45,165.0
LALPATHLAB,LALPATHLABEQN,1912.5,1905.2,1905.2,-7.3,-0.38,104,198140,1988.9,1272.6
RALLIS,RALLISEQN,205.29,204.5,204.5,-0.79,-0.38,2173,444378,367.5,204.51
FIVESTAR,FIVESTAREQN,524.15,522.15,522.15,-2.0,-0.38,232,121138,666.0,338.15
KOTARISUG,KOTARISUGBEN,29.24,29.13,29.13,-0.11,-0.38,105,3058,39.94,22.5
DAMODARIND,DAMODARINDBEN,29.11,29.0,29.0,-0.11,-0.38,300,8700,38.8,20.0
PACEDIGITK,PACEDIGITKEQN,160.31,159.7,159.7,-0.61,-0.38,1332,212720,231.95,139.81
DHABRIYA,DHABRIYABEN,515.85,513.9,513.9,-1.95,-0.38,19,9764,603.0,485.0
SILVERCASE,SILVERCASEEQN,23.45,23.36,23.36,-0.09,-0.38,51323,1198905,38.01,12.5
ORIENTALTL,ORIENTALTLEQN,5.11,5.09,5.09,-0.02,-0.39,102,519,11.99,4.4
AVTNPL,AVTNPLEQN,90.35,90.0,90.0,-0.35,-0.39,346,31140,97.0,53.5
WHIRLPOOL,WHIRLPOOLEQN,805.0,801.9,801.9,-3.1,-0.39,68,54529,1437.0,751.0
SANDUMA,SANDUMAEQN,196.57,195.8,195.8,-0.77,-0.39,686,134318,273.0,151.5
IDEA,IDEAEQN,15.42,15.36,15.36,-0.06,-0.39,1154562,17734072,15.68,7.16
JISLJALEQS,JISLJALEQSEQN,31.12,31.0,31.0,-0.12,-0.39,4339,134509,59.0,26.11
HUDCO,HUDCOEQN,178.26,177.57,177.57,-0.69,-0.39,4853,861747,246.85,159.0
SBICARD,SBICARDEQN,668.0,665.35,665.35,-2.65,-0.4,808,537602,965.0,565.45
YATRA,YATRAEQN,113.64,113.18,113.18,-0.46,-0.4,706,79905,202.0,89.9
RITES,RITESEQN,212.97,212.12,212.12,-0.85,-0.4,921,195362,280.9,175.0
CUMMINSIND,CUMMINSINDEQN,5040.0,5020.0,5020.0,-20.0,-0.4,56,281120,6100.0,3833.0
TATAPOWER,TATAPOWEREQN,365.55,364.1,364.1,-1.45,-0.4,7129,2595668,464.9,342.5
NUVAMA,NUVAMAEQN,1836.4,1829.0,1829.0,-7.4,-0.4,198,362142,2066.0,1096.9
ICICIAMC,ICICIAMCEQN,3013.0,3001.0,3001.0,-12.0,-0.4,132,396132,3611.0,2530.0
FCL,FCLEQN,58.44,58.2,58.2,-0.24,-0.41,77624,4517716,59.5,19.1
DCMSRIND,DCMSRINDEQN,43.78,43.6,43.6,-0.18,-0.41,247,10769,181.9,31.9
AUROPHARMA,AUROPHARMAEQN,1692.0,1685.0,1685.0,-7.0,-0.41,2939,4952215,1717.0,1035.4
BHAGCHEM,BHAGCHEMEQN,259.05,258.0,258.0,-1.05,-0.41,93,23994,316.9,170.6
BHARATFORG,BHARATFORGEQN,2003.7,1995.5,1995.5,-8.2,-0.41,1518,3029169,2295.0,1140.6
IONEXCHANG,IONEXCHANGEQN,431.75,430.0,430.0,-1.75,-0.41,1310,563300,486.0,312.7
RECLTD,RECLTDEQN,317.85,316.55,316.55,-1.3,-0.41,6166,1951847,390.5,304.05
MANAKSTEEL,MANAKSTEELBEN,104.33,103.9,103.9,-0.43,-0.41,540,56106,114.76,45.11
VOGL,VOGLEQN,36.65,36.5,36.5,-0.15,-0.41,77355,2823457,47.6,30.42
CRAMC,CRAMCEQN,242.25,241.25,241.25,-1.0,-0.41,889,214471,353.4,214.2
LTTS,LTTSEQN,3389.1,3375.0,3375.0,-14.1,-0.42,209,705375,4726.0,3010.0
HINDPETRO,HINDPETROEQN,347.0,345.55,345.55,-1.45,-0.42,17345,5993564,508.45,316.2
TEXMOPIPES,TEXMOPIPESEQN,52.52,52.3,52.3,-0.22,-0.42,639,33419,62.0,33.0
IEX,IEXEQN,116.54,116.05,116.05,-0.49,-0.42,18879,2190907,160.27,114.6
TVSELECT,TVSELECTEQN,411.75,410.0,410.0,-1.75,-0.43,50,20500,739.35,336.2
RELAXO,RELAXOEQN,333.7,332.25,332.25,-1.45,-0.43,732,243207,506.4,236.5
DRREDDY,DRREDDYEQN,1151.0,1146.0,1146.0,-5.0,-0.43,1039,1190694,1414.9,1101.0
KIRLPNU,KIRLPNUEQN,745.0,741.8,741.8,-3.2,-0.43,704,522227,1098.55,495.05
DLINKINDIA,DLINKINDIAEQN,443.0,441.1,441.1,-1.9,-0.43,107,47197,549.2,367.65
HLEGLAS,HLEGLASEQN,334.5,333.05,333.05,-1.45,-0.43,500,166525,661.95,250.0
LASERPOWER,LASERPOWEREQN,305.3,304.0,304.0,-1.3,-0.43,551,167504,343.5,250.0
SHREEJISPG,SHREEJISPGEQN,698.2,695.2,695.2,-3.0,-0.43,930,646536,710.3,222.0
CANHLIFE,CANHLIFEEQN,154.16,153.5,153.5,-0.66,-0.43,791,121418,166.69,106.0
GREENPANEL,GREENPANELEQN,161.69,161.0,161.0,-0.69,-0.43,147,23667,333.8,154.55
OMINFRAL,OMINFRALEQN,81.96,81.6,81.6,-0.36,-0.44,10,816,144.0,71.5
ITI,ITIEQN,270.2,269.0,269.0,-1.2,-0.44,185,49765,372.85,237.0
UNIECOM,UNIECOMEQN,84.13,83.76,83.76,-0.37,-0.44,231,19348,153.79,78.51
JINDRILL,JINDRILLEQN,678.0,675.05,675.05,-2.95,-0.44,2792,1884739,693.5,440.1
PFC,PFCEQN,355.9,354.35,354.35,-1.55,-0.44,11805,4183101,486.5,329.9
JUBLINGREA,JUBLINGREAEQN,675.3,672.3,672.3,-3.0,-0.44,312,209757,795.0,537.3
VLSFINANCE,VLSFINANCEEQN,246.08,245.0,245.0,-1.08,-0.44,400,98000,339.0,198.81
FINEORG,FINEORGEQN,5196.0,5173.0,5173.0,-23.0,-0.44,7,36211,5407.0,3856.0
HYUNDAI,HYUNDAIEQN,2220.0,2210.0,2210.0,-10.0,-0.45,910,2011100,2890.0,1658.0
VIPIND,VIPINDEQN,309.6,308.2,308.2,-1.4,-0.45,489,150709,454.3,278.25
GOPAL,GOPALEQN,264.2,263.0,263.0,-1.2,-0.45,37,9731,398.0,247.55
HDBFS,HDBFSEQN,683.1,680.0,680.0,-3.1,-0.45,244,165920,801.1,555.3
VMART,VMARTEQN,824.65,820.95,820.95,-3.7,-0.45,372,305393,888.0,457.9
ELECTCAST,ELECTCASTEQN,79.9,79.53,79.53,-0.37,-0.46,2505,199222,103.95,60.15
SIGACHI,SIGACHIEQN,34.7,34.54,34.54,-0.16,-0.46,4438,153288,46.73,16.65
INDOFARM,INDOFARMEQN,144.16,143.5,143.5,-0.66,-0.46,1524,218694,271.69,110.7
HARIOMPIPE,HARIOMPIPEEQN,371.7,370.0,370.0,-1.7,-0.46,200,74000,572.2,268.05
SKMEGGPROD,SKMEGGPRODEQN,253.35,252.15,252.15,-1.2,-0.47,359,90521,372.0,143.1
VADILALIND,VADILALINDEQN,7534.5,7499.0,7499.0,-35.5,-0.47,24,179976,8447.0,3996.0
SKFINDUS,SKFINDUSEQN,2953.8,2940.0,2940.0,-13.8,-0.47,7,20580,3131.0,1994.1
BYKE,BYKEBEN,31.9,31.75,31.75,-0.15,-0.47,10,317,76.73,26.25
WAAREERTL,WAAREERTLEQN,845.25,841.25,841.25,-4.0,-0.47,331,278453,1358.0,779.5
ANANDRATHI,ANANDRATHIEQN,2229.5,2219.0,2219.0,-10.5,-0.47,187,414953,2255.0,1353.85
PRESTIGE,PRESTIGEEQN,1561.6,1554.2,1554.2,-7.4,-0.47,193,299960,1805.2,1090.0
FILATEX,FILATEXEQN,76.44,76.07,76.07,-0.37,-0.48,547,41610,87.27,36.26
RUPA,RUPAEQN,142.18,141.5,141.5,-0.68,-0.48,300,42450,212.84,109.21
SUPRIYA,SUPRIYAEQN,915.65,911.3,911.3,-4.35,-0.48,86,78371,1085.0,545.5
NACLIND,NACLINDEQN,161.0,160.23,160.23,-0.77,-0.48,295,47267,249.91,112.62
VLEGOV,VLEGOVEQN,10.36,10.31,10.31,-0.05,-0.48,31,319,38.9,8.42
SAMBHV,SAMBHVEQN,128.67,128.05,128.05,-0.62,-0.48,3766,482236,141.32,81.42
SIEMENS,SIEMENSEQN,3951.3,3932.0,3932.0,-19.3,-0.49,138,542616,4149.4,2826.0
PASUPTAC,PASUPTACBEN,67.12,66.79,66.79,-0.33,-0.49,1,66,78.95,40.41
SANSERA,SANSERAEQN,4033.6,4013.8,4013.8,-19.8,-0.49,841,3375605,4094.3,1364.2
APLLTD,APLLTDEQN,808.5,804.5,804.5,-4.0,-0.49,98,78841,998.0,635.8
NILKAMAL,NILKAMALEQN,2112.0,2101.6,2101.6,-10.4,-0.49,70,147112,2149.5,1050.5
TATACHEM,TATACHEMEQN,607.7,604.7,604.7,-3.0,-0.49,2512,1519006,1026.65,580.3
HOMEFIRST,HOMEFIRSTEQN,1237.1,1231.0,1231.0,-6.1,-0.49,137,168647,1317.7,893.7
63MOONS,63MOONSEQN,868.25,864.0,864.0,-4.25,-0.49,562,485568,1007.7,467.0
BLUSPRING,BLUSPRINGEQN,123.61,123.0,123.0,-0.61,-0.49,655,80565,139.8,43.98
VGL,VGLEQN,53.26,53.0,53.0,-0.26,-0.49,648,34344,92.5,43.7
DREDGECORP,DREDGECORPEQN,1049.1,1044.0,1044.0,-5.1,-0.49,35,36540,1286.0,538.0
ORIRAIL,ORIRAILEQN,128.38,127.75,127.75,-0.63,-0.49,20,2555,142.0,102.8
DDEVPLSTIK,DDEVPLSTIKEQN,269.45,268.1,268.1,-1.35,-0.5,401,107508,360.0,185.15
360ONE,360ONEEQN,1110.0,1104.4,1104.4,-5.6,-0.5,236,260638,1236.2,906.05
V2RETAIL,V2RETAILEQN,220.17,219.08,219.08,-1.09,-0.5,654,143278,259.25,158.56
KFINTECH,KFINTECHEQN,925.1,920.5,920.5,-4.6,-0.5,690,635145,1215.0,784.95
REDTAPE,REDTAPEEQN,115.58,115.0,115.0,-0.58,-0.5,1014,116610,163.5,107.53
ONEPOINT,ONEPOINTEQN,56.36,56.08,56.08,-0.28,-0.5,24,1345,65.85,40.58
BLUEDART,BLUEDARTEQN,4987.2,4962.3,4962.3,-24.9,-0.5,9,44660,7036.0,4628.5
CDSL,CDSLEQN,1400.0,1393.0,1393.0,-7.0,-0.5,2259,3146787,1673.7,1116.3
RNBDENIMS,RNBDENIMSBEN,10.09,10.04,10.04,-0.05,-0.5,131,1315,67.67,7.72
ZUARI,ZUARIEQN,227.96,226.83,226.83,-1.13,-0.5,1,226,345.6,175.1
HFCL,HFCLBEN,250.76,249.5,249.5,-1.26,-0.5,48260,12040870,256.7,59.82
SUNDARMFIN,SUNDARMFINEQN,4712.7,4689.2,4689.2,-23.5,-0.5,69,323554,5642.0,4000.0
AMBUJACEM,AMBUJACEMEQN,398.3,396.3,396.3,-2.0,-0.5,3155,1250326,600.8,394.0
PWL,PWLEQN,126.63,126.0,126.0,-0.63,-0.5,23408,2949408,161.99,77.72
AARTISURF,AARTISURFBEN,538.75,536.0,536.0,-2.75,-0.51,15,8040,677.7,316.0
GULFPETRO,GULFPETROBEN,64.62,64.29,64.29,-0.33,-0.51,3,192,71.4,23.25
MOLDTKPAC,MOLDTKPACEQN,697.55,694.0,694.0,-3.55,-0.51,242,167948,859.65,464.9
ROUTE,ROUTEEQN,502.55,500.0,500.0,-2.55,-0.51,371,185500,890.4,410.7
RACE,RACEEQN,97.5,97.0,97.0,-0.5,-0.51,38,3686,252.0,84.11
ERIS,ERISEQN,1324.7,1318.0,1318.0,-6.7,-0.51,56,73808,1745.0,1200.0
SENCO,SENCOEQN,361.85,360.0,360.0,-1.85,-0.51,840,302400,430.0,276.0
IMFA,IMFAEQN,1306.7,1300.0,1300.0,-6.7,-0.51,403,523900,1679.9,975.05
NTPCGREEN,NTPCGREENEQN,88.44,87.98,87.98,-0.46,-0.52,3821,336171,119.95,84.0
TEAMLEASE,TEAMLEASEEQN,1256.5,1250.0,1250.0,-6.5,-0.52,70,87500,1944.3,1065.2
MOTHERSON,MOTHERSONEQN,163.85,162.99,162.99,-0.86,-0.52,17844,2908393,173.27,95.09
IREDA,IREDAEQN,112.2,111.62,111.62,-0.58,-0.52,14677,1638246,163.35,108.65
FUSION,FUSIONEQN,202.06,201.0,201.0,-1.06,-0.52,637,128037,243.0,136.5
SEDEMAC,SEDEMACEQN,2867.5,2852.6,2852.6,-14.9,-0.52,123,350869,3368.9,1413.1
FEDDERSHOL,FEDDERSHOLEQN,48.0,47.75,47.75,-0.25,-0.52,1338,63889,53.49,32.06
ASTRAL,ASTRALEQN,1500.8,1492.8,1492.8,-8.0,-0.53,490,731472,1768.7,1311.6
LICHSGFIN,LICHSGFINEQN,563.0,560.0,560.0,-3.0,-0.53,5546,3105760,598.2,458.9
INDHOTEL,INDHOTELEQN,720.0,716.15,716.15,-3.85,-0.53,662,474091,792.55,565.0
HITECH,HITECHEQN,75.4,75.0,75.0,-0.4,-0.53,411,30825,127.5,70.14
INFOMEDIA,INFOMEDIAEQN,5.53,5.5,5.5,-0.03,-0.54,25,137,8.05,4.5
ATLANTAELE,ATLANTAELEEQN,1922.3,1912.0,1912.0,-10.3,-0.54,108,206496,2152.6,707.6
TURTLEMINT,TURTLEMINTEQN,139.86,139.1,139.1,-0.76,-0.54,1493,207676,160.0,110.41
MAHLIFE,MAHLIFEEQN,366.15,364.15,364.15,-2.0,-0.55,52,18935,427.05,286.8
ASTERDM,ASTERDMEQN,790.35,786.0,786.0,-4.35,-0.55,226,177636,891.3,519.1
AEROENTER,AEROENTEREQN,152.65,151.81,151.81,-0.84,-0.55,3500,531335,159.6,62.2
LANCER,LANCEREQN,12.62,12.55,12.55,-0.07,-0.55,1106,13880,13.8,10.1
TATATECH,TATATECHEQN,798.5,794.0,794.0,-4.5,-0.56,2085,1655490,891.0,507.4
JSWINFRA,JSWINFRAEQN,332.0,330.15,330.15,-1.85,-0.56,2331,769579,355.8,233.42
ETHOSLTD,ETHOSLTDEQN,2761.5,2746.1,2746.1,-15.4,-0.56,4,10984,3245.9,1919.4
SHREDIGCEM,SHREDIGCEMEQN,72.6,71.2,71.2,-0.4,-0.56,1052,74902,97.15,53.9
SAPPHIRE,SAPPHIREEQN,226.61,225.35,225.35,-1.26,-0.56,385,86759,338.0,139.91
UPL,UPLEQN,576.75,573.5,573.5,-3.25,-0.56,353,202445,812.2,557.95
RADICO,RADICOEQN,4485.0,4459.5,4459.5,-25.5,-0.57,208,927576,4747.0,2500.0
SANSTAR,SANSTAREQN,109.62,109.0,109.0,-0.62,-0.57,115,12535,137.49,74.3
UNOMINDA,UNOMINDAEQN,1237.0,1230.0,1230.0,-7.0,-0.57,151,185730,1382.0,994.0
LEMONTREE,LEMONTREEEQN,105.73,105.13,105.13,-0.6,-0.57,7229,759984,180.68,99.61
RBA,RBAEQN,95.54,95.0,95.0,-0.54,-0.57,7122,676590,111.15,57.15
IPCALAB,IPCALABEQN,1967.2,1956.0,1956.0,-11.2,-0.57,263,514428,2001.5,1251.6
GAJANAND,GAJANANDSMN,8.75,8.7,8.7,-0.05,-0.57,3000,26100,13.15,6.25
BANDHANBNK,BANDHANBNKEQN,171.58,170.6,170.6,-0.98,-0.57,14997,2558488,220.76,134.25
VOLTAMP,VOLTAMPEQN,11365.0,11300.0,11300.0,-65.0,-0.57,29,327700,12863.0,6666.0
AJOONI,AJOONIEQN,3.44,3.42,3.42,-0.02,-0.58,643,2199,5.94,3.4
CENTRALBK,CENTRALBKEQN,30.96,30.78,30.78,-0.18,-0.58,37529,1155142,40.92,29.32
ARVSMART,ARVSMARTEQN,629.65,626.0,626.0,-3.65,-0.58,169,105794,707.85,486.8
NOCIL,NOCILEQN,185.07,184.0,184.0,-1.07,-0.58,7562,1391408,204.5,125.31
MMP,MMPEQN,478.5,475.7,475.7,-2.8,-0.59,355,168873,485.0,185.2
ASHOKA,ASHOKAEQN,114.27,113.6,113.6,-0.67,-0.59,2765,314104,214.5,101.0
PURVA,PURVAEQN,216.39,215.1,215.1,-1.29,-0.6,1020,219402,289.55,160.69
BOROLTD,BOROLTDEQN,255.54,254.0,254.0,-1.54,-0.6,60,15240,397.95,213.73
VSTIND,VSTINDEQN,206.74,205.5,205.5,-1.24,-0.6,785,161317,286.78,200.0
WSTCSTPAPR,WSTCSTPAPREQN,681.2,677.1,677.1,-4.1,-0.6,231,156410,699.15,375.0
KISSHT,KISSHTEQN,331.0,329.0,329.0,-2.0,-0.6,2436,801444,351.5,190.0
SAKHTISUG,SAKHTISUGEQN,19.93,19.81,19.81,-0.12,-0.6,105,2080,23.29,13.52
OLAELEC,OLAELECEQN,37.63,37.4,37.4,-0.23,-0.61,95107,3557001,64.35,22.25
MUNJALAU,MUNJALAUEQN,112.8,112.11,112.11,-0.69,-0.61,753,84418,130.6,67.2
CARTRADE,CARTRADEEQN,3176.7,3157.4,3157.4,-19.3,-0.61,310,978794,3290.5,1600.0
GUJENERGY,GUJENERGYEQN,260.18,258.59,258.59,-1.59,-0.61,4502,1164172,452.0,246.15
DCXINDIA,DCXINDIAEQN,174.09,173.01,173.01,-1.08,-0.62,2579,446192,286.0,153.3
SWIGGY,SWIGGYEQN,275.7,274.0,274.0,-1.7,-0.62,35101,9617674,474.0,235.75
ANANTRAJ,ANANTRAJEQN,625.85,622.0,622.0,-3.85,-0.62,3250,2021500,743.65,403.0
MANAPPURAM,MANAPPURAMEQN,325.0,323.0,323.0,-2.0,-0.62,8405,2714815,381.55,245.15
MANYAVAR,MANYAVAREQN,579.55,575.95,575.95,-3.6,-0.62,245,141107,779.0,329.2
MAZDOCK,MAZDOCKEQN,2466.4,2451.0,2451.0,-15.4,-0.62,2749,6737799,3061.4,2057.4
DPABHUSHAN,DPABHUSHANEQN,1411.6,1402.8,1402.8,-8.8,-0.62,16,22444,1670.0,866.1
NUCLEUS,NUCLEUSEQN,717.45,713.0,713.0,-4.45,-0.62,28,19964,1084.8,682.0
HEG,HEGBEN,258.6,257.0,257.0,-1.6,-0.62,58623,15066111,753.9,250.0
ADANIPOWER,ADANIPOWEREQN,208.4,207.1,207.1,-1.3,-0.62,28518,5906077,254.2,120.0
SETL,SETLEQN,404.5,402.0,402.0,-2.5,-0.62,13888,5582976,412.8,104.56
BIKAJI,BIKAJIEQN,583.7,580.0,580.0,-3.7,-0.63,168,97440,801.3,577.1
KAPSTON,KAPSTONEQN,573.65,570.0,570.0,-3.65,-0.64,205,116850,600.0,158.13
BSOFT,BSOFTEQN,281.65,279.85,279.85,-1.8,-0.64,5958,1667346,474.0,270.2
PDSL,PDSLEQN,346.2,344.0,344.0,-2.2,-0.64,83,28552,418.5,246.05
ITDC,ITDCEQN,638.2,634.1,634.1,-4.1,-0.64,37,23461,822.0,368.0
BOSCHLTD,BOSCHLTDEQN,48785.0,48475.0,48475.0,-310.0,-0.64,76,3684100,50000.0,28610.0
INFOLLION,INFOLLIONSMN,154.0,153.0,153.0,-1.0,-0.65,800,122400,551.0,151.0
LUPIN,LUPINEQN,2104.7,2091.0,2091.0,-13.7,-0.65,1058,2212278,2529.5,1900.0
PNB,PNBEQN,116.0,115.25,115.25,-0.75,-0.65,23470,2704917,135.15,98.5
MAWANASUG,MAWANASUGEQN,142.51,141.58,141.58,-0.93,-0.65,1264,178957,164.0,75.08
EXICOM,EXICOMEQN,181.65,180.45,180.45,-1.2,-0.66,3256,587545,189.17,75.6
RACLGEAR,RACLGEAREQN,1540.2,1530.0,1530.0,-10.2,-0.66,10,15300,1691.9,890.0
ZOTA,ZOTAEQN,1113.1,1105.8,1105.8,-7.3,-0.66,4,4423,1740.0,1022.0
JYOTICNC,JYOTICNCEQN,1037.2,1030.35,1030.35,-6.85,-0.66,1616,1665045,1058.85,580.1
SOUTHBANK,SOUTHBANKEQN,46.82,46.51,46.51,-0.31,-0.66,26436,1229538,49.9,28.43
GRINFRA,GRINFRAEQN,859.3,853.65,853.65,-5.65,-0.66,94,80243,1345.0,785.0
RGL,RGLEQN,150.0,149.01,149.01,-0.99,-0.66,1305,194458,159.0,85.0
KPITTECH,KPITTECHEQN,562.0,558.3,558.3,-3.7,-0.66,2128,1188062,1328.0,543.0
MIDHANI,MIDHANIEQN,477.0,473.85,473.85,-3.15,-0.66,35890,17006476,482.4,266.65
CLEANMAX,CLEANMAXEQN,1399.2,1390.0,1390.0,-9.2,-0.66,153,212670,1536.0,727.1
ARIHANTCAP,ARIHANTCAPEQN,78.54,78.01,78.01,-0.53,-0.67,1158,90335,120.0,56.97
EASEMYTRIP,EASEMYTRIPEQN,5.94,5.9,5.9,-0.04,-0.67,101569,599257,10.6,5.77
HTMEDIA,HTMEDIAEQN,25.41,25.24,25.24,-0.17,-0.67,10,252,31.3,17.52
HUHTAMAKI,HUHTAMAKIEQN,250.7,249.0,249.0,-1.7,-0.68,559,139191,330.0,148.6
LTM,LTMEQN,4430.0,4399.9,4399.9,-30.1,-0.68,635,2793936,6429.5,3528.0
JAYNECOIND,JAYNECOINDEQN,90.68,90.05,90.05,-0.63,-0.69,7535,678526,117.0,60.75
SATIN,SATINEQN,217.49,216.0,216.0,-1.49,-0.69,11,2376,274.14,135.81
AIAENG,AIAENGEQN,4259.0,4229.5,4229.5,-29.5,-0.69,24,101508,5180.0,3002.0
JUBLFOOD,JUBLFOODEQN,480.4,477.1,477.1,-3.3,-0.69,1417,676050,667.75,408.55
IRBINVIT,IRBINVITIVN,64.85,64.4,64.4,-0.45,-0.69,6555,422142,65.0,57.05
OBEROIRLTY,OBEROIRLTYEQN,1833.8,1821.0,1821.0,-12.8,-0.7,157,285897,1986.1,1391.2
FIRSTCRY,FIRSTCRYEQN,176.24,175.0,175.0,-1.24,-0.7,2430,425250,438.7,168.15
MUKANDLTD,MUKANDLTDEQN,137.66,136.7,136.7,-0.96,-0.7,200,27340,154.25,114.31
LODHA,LODHAEQN,1212.0,1203.5,1203.5,-8.5,-0.7,5661,6813013,1344.95,650.8
ARSSBL,ARSSBLEQN,513.65,510.05,510.05,-3.6,-0.7,70,35703,794.85,416.0
BFINVEST,BFINVESTEQN,451.15,448.0,448.0,-3.15,-0.7,32,14336,584.7,315.0
BRNL,BRNLEQN,17.12,17.0,17.0,-0.12,-0.7,260,4420,26.5,16.66
OMNI,OMNIEQN,525.9,522.2,522.2,-3.7,-0.7,443,231334,764.85,176.25
OPTIEMUS,OPTIEMUSEQN,556.35,552.4,552.4,-3.95,-0.71,88,48611,713.0,288.0
QUESS,QUESSEQN,337.5,335.1,335.1,-2.4,-0.71,764,256016,388.75,166.3
SIYSIL,SIYSILEQN,554.05,550.1,550.1,-3.95,-0.71,1442,793244,848.8,433.35
HDFCBANK,HDFCBANKEQN,703.0,698.0,698.0,-5.0,-0.71,283194,197669412,1020.5,698.5
AXISBANK,AXISBANKEQN,1244.9,1236.0,1236.0,-8.9,-0.71,12181,15055716,1418.3,1048.7
DELHIVERY,DELHIVERYEQN,454.9,451.65,451.65,-3.25,-0.71,780,352287,524.0,374.45
GNFC,GNFCEQN,589.1,564.0,564.0,-4.1,-0.72,10863,6126732,619.0,365.0
JAGSNPHARM,JAGSNPHARMEQN,237.72,236.0,236.0,-1.72,-0.72,1135,267860,264.5,155.0
DOLPHIN,DOLPHINEQN,687.75,682.8,682.8,-4.95,-0.72,786,536680,741.4,322.0
LANDMARK,LANDMARKEQN,497.95,494.35,494.35,-3.6,-0.72,169,83545,662.8,339.5
BIRLAPREC,BIRLAPRECBEN,54.5,54.11,54.11,-0.39,-0.72,1600,86576,0.0,0.0
BHARTIARTL,BHARTIARTLEQN,1844.0,1830.5,1830.5,-13.5,-0.73,79961,146368610,2174.5,1740.5
RESPONIND,RESPONINDEQN,148.23,147.15,147.15,-1.08,-0.73,1535,225875,240.9,117.25
ICEMAKE,ICEMAKEEQN,730.35,725.0,725.0,-5.35,-0.73,606,439350,920.0,660.3
AFFLE,AFFLEEQN,1609.4,1597.6,1597.6,-11.8,-0.73,324,517622,2185.9,1251.3
TMB,TMBEQN,926.8,920.0,920.0,-6.8,-0.73,122,112240,954.2,420.0
ROSSELLIND,ROSSELLINDEQN,56.51,56.1,56.1,-0.41,-0.73,210,11781,73.0,40.0
GODREJIND,GODREJINDEQN,1144.0,1135.6,1135.6,-8.4,-0.73,87,98797,1443.0,744.2
DLF,DLFEQN,675.1,670.2,670.2,-4.9,-0.73,2237,1499237,794.8,489.4
WEWORK,WEWORKEQN,667.35,662.4,662.4,-4.95,-0.74,46,30470,794.5,420.0
URBANCO,URBANCOEQN,171.77,170.5,170.5,-1.27,-0.74,8711,1485225,201.18,100.7
AARTECH,AARTECHBEN,51.38,51.0,51.0,-0.38,-0.74,150,7650,64.75,33.51
HAPPSTMNDS,HAPPSTMNDSEQN,345.65,343.1,343.1,-2.55,-0.74,2635,904068,583.4,330.2
GPTHEALTH,GPTHEALTHEQN,160.7,159.5,159.5,-1.2,-0.75,201,32059,175.0,115.0
MUKKA,MUKKAEQN,30.72,30.49,30.49,-0.23,-0.75,9872,300997,33.22,18.27
GOCOLORS,GOCOLORSEQN,327.45,325.0,325.0,-2.45,-0.75,190,61750,760.9,237.05
MIRZAINT,MIRZAINTEQN,30.73,30.5,30.5,-0.23,-0.75,47,1433,44.0,24.95
TVSMOTOR,TVSMOTOREQN,4133.2,4102.0,4102.0,-31.2,-0.75,2089,8569078,4484.5,3228.0
RBLBANK,RBLBANKEQN,418.5,415.3,415.3,-3.2,-0.76,3445,1430708,419.1,261.6
KDGREEN,KDGREENEQN,47.36,47.0,47.0,-0.36,-0.76,92,4324,61.49,47.01
EFCIL,EFCILEQN,186.53,185.11,185.11,-1.42,-0.76,691,127911,329.26,171.42
BASF,BASFEQN,3788.8,3760.0,3760.0,-28.8,-0.76,3,11280,4829.9,3122.2
JSWCEMENT,JSWCEMENTEQN,121.62,120.7,120.7,-0.92,-0.76,3504,422932,153.45,106.65
FEDERALBNK,FEDERALBNKEQN,344.15,341.5,341.5,-2.65,-0.77,3881,1325361,371.7,189.05
TANLA,TANLAEQN,512.95,509.0,509.0,-3.95,-0.77,1587,807783,766.0,365.9
CHEVIOT,CHEVIOTEQN,1214.6,1205.3,1205.3,-9.3,-0.77,6,7231,1370.5,898.0
CONSOFINVT,CONSOFINVTBEN,317.45,315.0,315.0,-2.45,-0.77,203,63945,320.0,152.0
DYNAMATECH,DYNAMATECHEQN,11584.0,11495.0,11495.0,-89.0,-0.77,13,149435,12875.0,6500.5
SPECTRUM,SPECTRUMBEN,2611.1,2591.0,2591.0,-20.1,-0.77,522,1352502,2637.2,1050.0
GANESHHOU,GANESHHOUEQN,750.8,745.0,745.0,-5.8,-0.77,29,21605,902.95,500.0
RISHABH,RISHABHEQN,808.3,802.0,802.0,-6.3,-0.78,151,121102,822.8,315.0
M&M,M&MEQN,3160.0,3135.3,3135.3,-24.7,-0.78,2791,8750622,3839.9,2896.0
EICHERMOT,EICHERMOTEQN,7747.5,7687.0,7687.0,-60.5,-0.78,604,4642948,8230.0,6442.0
IOC,IOCEQN,134.35,133.3,133.3,-1.05,-0.78,47141,6283895,188.96,130.22
SALSTEEL,SALSTEELEQN,79.63,79.01,79.01,-0.62,-0.78,176,13905,86.25,26.1
PRUDENT,PRUDENTEQN,3277.5,3252.0,3252.0,-25.5,-0.78,23,74796,4105.5,2121.0
SURANAT&P,SURANAT&PEQN,16.42,16.29,16.29,-0.13,-0.79,42,684,29.27,15.5
GAIL,GAILEQN,175.09,173.7,173.7,-1.39,-0.79,4877,847134,186.87,134.36
NCLIND,NCLINDEQN,176.65,175.25,175.25,-1.4,-0.79,400,70100,216.09,147.5
TATACAP,TATACAPEQN,368.05,365.15,365.15,-2.9,-0.79,1594,582049,390.2,296.0
NAGREEKEXP,NAGREEKEXPEQN,22.39,22.21,22.21,-0.18,-0.8,5,111,40.0,17.5
GRWRHITECH,GRWRHITECHEQN,6975.5,6920.0,6920.0,-55.5,-0.8,37,256040,7990.0,2690.7
UNIONBANK,UNIONBANKEQN,183.22,181.75,181.75,-1.47,-0.8,38635,7021911,205.49,126.61
NBCC,NBCCEQN,86.0,85.3,85.3,-0.7,-0.81,15515,1323429,125.85,77.18
FLAIR,FLAIREQN,236.96,235.05,235.05,-1.91,-0.81,1794,421679,345.0,234.95
KOKUYOCMLN,KOKUYOCMLNEQN,79.04,78.4,78.4,-0.64,-0.81,18,1411,119.59,71.05
EMBDL,EMBDLEQN,58.12,57.65,57.65,-0.47,-0.81,2199,126772,105.7,39.46
ASHUTOSH,ASHUTOSHSTN,154.05,152.8,152.8,-1.25,-0.81,10800,1650240,154.35,137.0
TCS,TCSEQN,2255.5,2237.0,2237.0,-18.5,-0.82,19489,43596893,3350.0,1976.8
LAHOTIOV,LAHOTIOVEQN,41.38,41.04,41.04,-0.34,-0.82,973,39931,53.9,34.06
SOMANYCERA,SOMANYCERAEQN,562.65,558.0,558.0,-4.65,-0.83,37,20646,576.8,332.0
PRAENG,PRAENGEQN,22.69,22.5,22.5,-0.19,-0.84,5000,112500,33.88,17.0
SRD,SRDEQN,39.39,39.06,39.06,-0.33,-0.84,500,19530,81.5,36.0
CROMPTON,CROMPTONEQN,231.9,229.95,229.95,-1.95,-0.84,7353,1690822,335.0,217.4
HCC,HCCEQN,23.86,23.66,23.66,-0.2,-0.84,227592,5384826,28.5,13.65
RELIGARE,RELIGAREEQN,254.61,252.47,252.47,-2.14,-0.84,2599,656169,280.0,196.51
BBL,BBLEQN,2240.1,2221.0,2221.0,-19.1,-0.85,200,444200,3411.0,2051.7
NAUKRI,NAUKRIEQN,1292.0,1281.0,1281.0,-11.0,-0.85,921,1179801,1433.6,908.3
BAJFINANCE,BAJFINANCEEQN,1054.1,1045.1,1045.1,-9.0,-0.85,42053,43949590,1176.4,787.9
AWHCL,AWHCLEQN,365.75,362.65,362.65,-3.1,-0.85,515,186764,616.0,361.0
SILVERBETA,SILVERBETAEQN,223.41,221.5,221.5,-1.91,-0.85,220,48730,379.66,119.83
VHL,VHLEQN,3631.4,3600.0,3600.0,-31.4,-0.86,1,3600,4275.0,2870.0
PLATIND,PLATINDEQN,232.47,230.47,230.47,-2.0,-0.86,33,7605,342.4,183.5
CHALET,CHALETEQN,897.75,890.0,890.0,-7.75,-0.86,226,201140,1070.1,691.35
JAINREC,JAINRECEQN,296.55,294.0,294.0,-2.55,-0.86,6448,1895712,593.95,247.57
JUSTDIAL,JUSTDIALEQN,694.25,688.3,688.3,-5.95,-0.86,250,172075,878.6,480.5
RANEHOLDIN,RANEHOLDINEQN,1691.8,1677.0,1677.0,-14.8,-0.87,10,16770,1894.5,981.0
SUVIDHAA,SUVIDHAAEQN,2.31,2.29,2.29,-0.02,-0.87,704,1612,4.25,1.77
SUNRAKSHAK,SUNRAKSHAKEQN,373.75,370.5,370.5,-3.25,-0.87,4,1482,382.4,361.05
GARUDA,GARUDAEQN,183.61,181.99,181.99,-1.62,-0.88,6635,1207503,249.3,130.0
VASWANI,VASWANIEQN,46.5,46.09,46.09,-0.41,-0.88,90,4148,69.99,44.5
MANGLMCEM,MANGLMCEMEQN,1062.5,1053.1,1053.1,-9.4,-0.88,30,31593,1120.0,679.35
RELIANCE,RELIANCEEQN,1294.9,1283.5,1283.5,-11.4,-0.88,203034,260594139,1611.8,1249.8
PIDILITIND,PIDILITINDEQN,1593.0,1579.0,1579.0,-14.0,-0.88,1138,1796902,1707.5,1259.0
KOPRAN,KOPRANEQN,239.51,237.41,237.41,-2.1,-0.88,831,197287,253.71,107.0
AUGMONT,AUGMONTEQN,893.4,885.5,885.5,-7.9,-0.88,10369,9181749,1019.8,851.0
HORIZONIND,HORIZONINDEQN,55.54,55.05,55.05,-0.49,-0.88,5451,300077,60.25,53.75
PVP,PVPEQN,64.07,63.5,63.5,-0.57,-0.89,2514,159639,71.9,23.0
INDRAMEDCO,INDRAMEDCOEQN,355.15,352.0,352.0,-3.15,-0.89,157,55264,640.85,342.0
SBIN,SBINEQN,1008.0,999.0,999.0,-9.0,-0.89,72901,72828099,1234.7,805.6
OSWALGREEN,OSWALGREENEQN,20.29,20.11,20.11,-0.18,-0.89,55,1106,43.79,19.55
UJJIVANSFB,UJJIVANSFBEQN,64.86,64.28,64.28,-0.58,-0.89,20298,1304755,73.94,42.33
BATLIBOI,BATLIBOIEQN,87.63,86.85,86.85,-0.78,-0.89,30,2605,106.5,71.21
LIKHITHA,LIKHITHAEQN,203.77,201.93,201.93,-1.84,-0.9,244,49270,272.0,131.45
KRYSTAL,KRYSTALEQN,663.95,658.0,658.0,-5.95,-0.9,10,6580,705.0,500.0
GOLDETF,GOLDETFEQN,147.88,146.55,146.55,-1.33,-0.9,4159,609501,173.5,104.32
ASIANPAINT,ASIANPAINTEQN,2481.6,2459.1,2459.1,-22.5,-0.91,3821,9396221,2985.7,2115.0
SAIPARENT,SAIPARENTEQN,529.7,524.9,524.9,-4.8,-0.91,42,22045,706.0,400.0
KKCL,KKCLEQN,501.5,496.9,496.9,-4.6,-0.92,20,9938,595.0,408.35
BANSALWIRE,BANSALWIREEQN,314.9,312.0,312.0,-2.9,-0.92,283,88296,370.0,222.5
TALBROAUTO,TALBROAUTOEQN,424.0,420.1,420.1,-3.9,-0.92,119,49991,451.6,219.9
INDOCO,INDOCOEQN,244.25,242.0,242.0,-2.25,-0.92,880,212960,332.2,162.19
JINDWORLD,JINDWORLDEQN,55.53,55.02,55.02,-0.51,-0.92,58278,3206455,61.99,17.85
TRIVENI,TRIVENIEQN,272.75,270.2,270.2,-2.55,-0.93,3277,885445,490.1,220.05
LXCHEM,LXCHEMEQN,184.52,182.81,182.81,-1.71,-0.93,8262,1510376,241.0,107.6
RBZJEWEL,RBZJEWELBEN,181.18,179.5,179.5,-1.68,-0.93,891,159934,204.7,100.0
JTEKTINDIA,JTEKTINDIAEQN,121.28,120.15,120.15,-1.13,-0.93,1201,144300,188.5,117.0
DATAMATICS,DATAMATICSEQN,739.0,732.1,732.1,-6.9,-0.93,242,177168,1010.0,632.0
MHLXMIRU,MHLXMIRUBEN,166.25,164.7,164.7,-1.55,-0.93,136,22399,244.65,105.53
UMIYA-MRO,UMIYA-MROEQN,98.93,98.0,98.0,-0.93,-0.94,5,490,110.9,70.0
KAMATHOTEL,KAMATHOTELEQN,232.18,230.0,230.0,-2.18,-0.94,1821,418830,329.8,140.2
CONTROLPR,CONTROLPREQN,593.3,587.7,587.7,-5.6,-0.94,51,29972,899.0,517.0
SILVERAG,SILVERAGEQN,225.22,223.1,223.1,-2.12,-0.94,2434,543025,380.0,120.75
ASIANTILES,ASIANTILESEQN,50.04,49.56,49.56,-0.48,-0.96,3403,168652,79.06,42.5
CHAMBLFERT,CHAMBLFERTEQN,418.65,414.6,414.6,-4.05,-0.97,1939,803909,559.0,399.75
DOMS,DOMSEQN,2191.4,2170.0,2170.0,-21.4,-0.98,177,384090,2755.0,2023.9
FERMENTA,FERMENTAEQN,480.7,476.0,476.0,-4.7,-0.98,2479,1180004,580.45,248.85
JINDALPOLY,JINDALPOLYEQN,683.8,677.0,677.0,-6.8,-0.99,19,12863,1026.45,365.0
RCF,RCFEQN,113.73,112.6,112.6,-1.13,-0.99,7732,870623,158.14,106.0
KWIL,KWILEQN,41.48,41.07,41.07,-0.41,-0.99,19167,787188,50.68,22.24
HCL-INSYS,HCL-INSYSEQN,10.12,10.02,10.02,-0.1,-0.99,4403,44118,16.5,9.01
MSPL,MSPLEQN,34.95,34.6,34.6,-0.35,-1.0,500,17300,46.12,26.25
FINOPB,FINOPBEQN,139.97,138.57,138.57,-1.4,-1.0,1384,191780,339.0,110.03
KHAICHEM,KHAICHEMEQN,52.83,52.3,52.3,-0.53,-1.0,60,3138,135.8,42.92
INDIGO,INDIGOEQN,5000.0,4950.0,4950.0,-50.0,-1.0,2167,10726650,5970.0,3895.2
BAJAJELEC,BAJAJELECEQN,339.95,336.55,336.55,-3.4,-1.0,141,47453,653.8,301.0
TIRUPATIFL,TIRUPATIFLBEN,70.02,69.31,69.31,-0.71,-1.01,210,14555,83.9,30.11
KCPSUGIND,KCPSUGINDBEN,31.83,31.51,31.51,-0.32,-1.01,20,630,36.47,21.45
GEOJITFSL,GEOJITFSLEQN,81.08,80.25,80.25,-0.83,-1.02,1577,126554,86.5,50.86
VIKRAMSOLR,VIKRAMSOLREQN,169.28,167.55,167.55,-1.73,-1.02,3414,572015,407.95,155.38
CLEDUCATE,CLEDUCATEEQN,59.11,58.5,58.5,-0.61,-1.03,1,58,112.74,35.48
HILINFRA,HILINFRAEQN,43.7,43.25,43.25,-0.45,-1.03,45,1946,91.7,40.6
ANDREWYU,ANDREWYUEQN,27.18,26.9,26.9,-0.28,-1.03,1198,32226,30.49,24.51
LAXMIDENTL,LAXMIDENTLEQN,199.25,197.17,197.17,-2.08,-1.04,45,8872,377.05,155.88
ALPINETEX,ALPINETEXEQN,62.6,61.95,61.95,-0.65,-1.04,1548,95898,105.0,50.46
INSECTICID,INSECTICIDEQN,610.2,603.8,603.8,-6.4,-1.05,7,4226,819.95,518.6
SHRIRAMFIN,SHRIRAMFINEQN,1029.0,1018.2,1018.2,-10.8,-1.05,19155,19503621,1153.7,590.85
WANBURY,WANBURYEQN,247.7,245.1,245.1,-2.6,-1.05,101,24755,358.85,161.5
INDIQUBE,INDIQUBEEQN,205.09,202.93,202.93,-2.16,-1.05,15,3043,243.8,131.15
SUNDROP,SUNDROPEQN,659.3,652.3,652.3,-7.0,-1.06,100,65230,883.45,556.0
RSWM,RSWMBEN,225.7,223.3,223.3,-2.4,-1.06,1,223,238.0,120.0
PRECOT,PRECOTEQN,682.9,675.6,675.6,-7.3,-1.07,2,1351,899.0,300.05
ICDSLTD,ICDSLTDBEN,61.26,60.6,60.6,-0.66,-1.08,3,181,77.69,36.4
HLVLTD,HLVLTDEQN,6.4,6.33,6.33,-0.07,-1.09,1218,7709,12.6,5.6
GLOTTIS,GLOTTISEQN,57.13,56.51,56.51,-0.62,-1.09,104,5877,93.0,37.0
NAHARINDUS,NAHARINDUSEQN,137.43,135.92,135.92,-1.51,-1.1,25,3398,154.0,83.05
RPSGVENT,RPSGVENTEQN,819.05,810.0,810.0,-9.05,-1.1,1,810,1179.0,551.9
KOTHARIPET,KOTHARIPETEQN,144.29,142.7,142.7,-1.59,-1.1,1255,179088,169.0,94.75
KANSAINER,KANSAINEREQN,193.4,191.26,191.26,-2.14,-1.11,599,114564,264.0,157.91
GANDHITUBE,GANDHITUBEEQN,892.95,883.0,883.0,-9.95,-1.11,44,38852,1031.8,681.05
ASHOKLEY,ASHOKLEYEQN,169.0,167.12,167.12,-1.88,-1.11,64313,10747988,215.42,131.37
HEXAGON,HEXAGONBEN,64.21,63.5,63.5,-0.71,-1.11,1454,92329,78.25,48.1
ELIN,ELINEQN,98.42,97.32,97.32,-1.1,-1.12,22,2141,234.0,93.65
KAMOPAINTS,KAMOPAINTSEQN,4.45,4.4,4.4,-0.05,-1.12,1021,4492,9.6,3.6
GODIGIT,GODIGITEQN,259.15,256.25,256.25,-2.9,-1.12,245,62781,381.4,244.2
TATAELXSI,TATAELXSIEQN,3492.0,3452.5,3452.5,-39.5,-1.13,982,3390355,5950.0,3353.9
PSPPROJECT,PSPPROJECTEQN,875.4,865.4,865.4,-10.0,-1.14,9,7788,1143.0,569.2
DREAMFOLKS,DREAMFOLKSEQN,65.14,64.4,64.4,-0.74,-1.14,1636,105358,160.0,56.0
JNPR,JNPREQN,264.1,261.1,261.1,-3.0,-1.14,1181,308359,282.0,232.11
POONAWALLA,POONAWALLAEQN,455.25,450.0,450.0,-5.25,-1.15,3338,1502100,570.4,361.2
BHARATGEAR,BHARATGEARBEN,102.78,101.6,101.6,-1.18,-1.15,2,203,154.2,83.8
ASAL,ASALEQN,468.45,463.0,463.0,-5.45,-1.16,1,463,654.65,374.5
GSPCROP,GSPCROPEQN,531.0,524.85,524.85,-6.15,-1.16,974,511203,667.95,328.0
STLTECH,STLTECHBEN,824.7,815.0,815.0,-9.7,-1.18,57197,46615555,825.6,84.6
TARMAT,TARMATEQN,62.25,61.51,61.51,-0.74,-1.19,1,61,73.9,46.26
SOMICONVEY,SOMICONVEYEQN,91.64,90.55,90.55,-1.09,-1.19,20,1811,169.4,80.16
BIGBLOC,BIGBLOCEQN,41.19,40.7,40.7,-0.49,-1.19,302,12291,80.0,38.0
SICAGEN,SICAGENEQN,57.84,57.15,57.15,-0.69,-1.19,5,285,74.06,46.55
KSOLVES,KSOLVESEQN,268.2,265.0,265.0,-3.2,-1.19,111,29415,353.99,245.75
AVANCE,AVANCEEQN,0.84,0.83,0.83,-0.01,-1.19,77011,63919,0.94,0.75
TOLINS,TOLINSEQN,92.23,91.11,91.11,-1.12,-1.21,100,9111,202.0,83.04
RKEC,RKECEQN,20.45,20.2,20.2,-0.25,-1.22,3,60,81.5,19.55
NARMADA,NARMADAEQN,14.78,14.6,14.6,-0.18,-1.22,778,11358,22.59,9.95
BPCL,BPCLEQN,303.85,300.15,300.15,-3.7,-1.22,41315,12400697,391.65,266.6
OSIAHYPER,OSIAHYPERBEN,2.44,2.41,2.41,-0.03,-1.23,2239,5395,33.08,2.38
MPHASIS,MPHASISEQN,2355.0,2325.7,2325.7,-29.3,-1.24,593,1379140,3037.2,2013.0
KLL,KLLSMN,24.05,23.75,23.75,-0.3,-1.25,800,19000,73.0,21.0
LEENEE,LEENEEBEN,8.0,7.9,7.9,-0.1,-1.25,15,118,11.48,6.81
PERSISTENT,PERSISTENTEQN,5560.0,5490.0,5490.0,-70.0,-1.26,3002,16480980,6599.0,4244.5
HEROMOTOCO,HEROMOTOCOEQN,5333.5,5266.5,5266.5,-67.0,-1.26,2288,12049752,6388.5,4671.5
MEDIASSIST,MEDIASSISTEQN,331.25,327.0,327.0,-4.25,-1.28,1359,444393,575.55,293.0
SUPERHOUSE,SUPERHOUSEEQN,170.7,168.5,168.5,-2.2,-1.29,80,13480,201.95,128.55
MVGJL,MVGJLEQN,210.72,208.0,208.0,-2.72,-1.29,2304,479232,233.99,129.1
RAJSREESUG,RAJSREESUGEQN,35.49,35.03,35.03,-0.46,-1.3,5,175,44.36,24.65
SYMPHONY,SYMPHONYEQN,613.05,605.0,605.0,-8.05,-1.31,2913,1762365,970.45,564.0
DRCSYSTEMS,DRCSYSTEMSEQN,12.9,12.73,12.73,-0.17,-1.32,451,5741,23.68,11.5
MEGASTAR,MEGASTAREQN,288.85,285.0,285.0,-3.85,-1.33,200,57000,392.0,203.0
BOSCH-HCIL,BOSCH-HCILEQN,1794.0,1769.3,1769.3,-24.7,-1.38,306,541405,1891.3,1021.3
UNIVASTU,UNIVASTUBEN,164.79,162.5,162.5,-2.29,-1.39,1535,249437,178.98,56.02
POLICYBZR,POLICYBZREQN,1826.0,1800.0,1800.0,-26.0,-1.42,431,775800,1964.2,1364.0
NILE,NILEEQN,1471.7,1450.7,1450.7,-21.0,-1.43,40,58028,2018.9,1437.1
NESCO,NESCOEQN,1117.1,1101.0,1101.0,-16.1,-1.44,1478,1627278,1638.9,996.0
IL&FSTRANS,IL&FSTRANSBZN,2.08,2.05,2.05,-0.03,-1.44,66,135,3.34,1.75
MEP,MEPBZN,0.69,0.68,0.68,-0.01,-1.45,3093,2103,2.87,0.5
LICMFGOLD,LICMFGOLDEQN,137.2,135.2,135.2,-2.0,-1.46,1092,147638,162.0,97.5
CURAA,CURAAEQN,78.0,76.85,76.85,-1.15,-1.47,13,999,272.45,60.0
SURAKSHA,SURAKSHAEQN,340.1,335.05,335.05,-5.05,-1.48,43,14407,348.95,224.1
KILITCH,KILITCHBEN,187.88,185.02,185.02,-2.86,-1.52,100,18502,219.5,117.25
AERONEU,AERONEUEQN,74.13,73.0,73.0,-1.13,-1.52,369,26937,125.37,63.21
FOCUS,FOCUSBEN,61.59,60.62,60.62,-0.97,-1.57,77,4667,99.9,57.06
MUTHOOTFIN,MUTHOOTFINEQN,2899.7,2854.1,2854.1,-45.6,-1.57,1586,4526602,4149.5,2671.0
CRSL,CRSLBEN,2.54,2.5,2.5,-0.04,-1.57,5003,12507,3.56,1.72
ACMESOLAR,ACMESOLAREQN,412.6,406.0,406.0,-6.6,-1.6,15207,6174042,430.5,195.9
PRIORITY,PRIORITYBEN,218.53,215.0,215.0,-3.53,-1.62,5230,1124450,245.0,218.43
WIPRO,WIPROEQN,171.5,168.7,168.7,-2.8,-1.63,177009,29861418,273.1,169.0
NAGREEKCAP,NAGREEKCAPEQN,23.38,23.0,23.0,-0.38,-1.63,5,115,42.75,19.3
SULA,SULAEQN,146.5,144.1,144.1,-2.4,-1.64,8335,1201073,296.8,138.6
CPCAP,CPCAPEQN,137.36,135.05,135.05,-2.31,-1.68,32,4321,160.9,73.51
BALKRISIND,BALKRISINDEQN,2258.0,2220.0,2220.0,-38.0,-1.68,1674,3716280,2775.0,1970.0
VETO,VETOBEN,125.71,123.56,123.56,-2.15,-1.71,86,10626,153.95,82.32
EMPIND,EMPINDEQN,1176.8,1107.2,1107.2,-19.6,-1.74,696,770611,1248.0,1065.6
GOYALALUM,GOYALALUMEQN,6.21,6.1,6.1,-0.11,-1.77,1691,10315,11.37,5.34
UTKARSHBNK,UTKARSHBNKEQN,15.69,15.41,15.41,-0.28,-1.78,105190,1620977,22.03,10.12
TECHM,TECHMEQN,1559.0,1531.0,1531.0,-28.0,-1.8,5180,7930580,1854.0,1304.1
APCL,APCLEQN,100.32,98.5,98.5,-1.82,-1.81,4,394,148.78,98.02
AGL,AGLEQN,16.02,15.73,15.73,-0.29,-1.81,65750,1034247,22.0,12.03
MURUDCERA,MURUDCERAEQN,29.08,28.55,28.55,-0.53,-1.82,10,285,47.5,25.16
CYIENT,CYIENTEQN,1086.3,1066.3,1066.3,-20.0,-1.84,7354,7841570,1284.7,750.3
DJML,DJMLEQN,76.08,74.67,74.67,-1.41,-1.85,260,19414,124.8,52.0
NRL,NRLBEN,130.46,128.0,128.0,-2.46,-1.89,221,28288,137.79,45.1
DNAMEDIA,DNAMEDIAEQN,2.61,2.56,2.56,-0.05,-1.92,20000,51200,5.44,2.28
IGCL,IGCLEQN,72.54,71.15,71.15,-1.39,-1.92,136,9676,118.99,49.46
VIVIDHA,VIVIDHAEQN,0.52,0.51,0.51,-0.01,-1.92,17978,9168,0.91,0.43
FOODSIN,FOODSINEQN,56.08,55.0,55.0,-1.08,-1.93,200,11000,95.9,44.0
REGENCERAM,REGENCERAMEQN,34.23,33.56,33.56,-0.67,-1.96,12,402,54.99,30.0
SATIA,SATIAEQN,67.83,66.5,66.5,-1.33,-1.96,377,25070,86.0,50.8
SETCO,SETCOBEN,17.08,16.74,16.74,-0.34,-1.99,6968,116644,28.62,11.56
GVPTECH,GVPTECHBEN,8.03,7.87,7.87,-0.16,-1.99,726,5713,11.19,5.22
ONELIFECAP,ONELIFECAPBEN,30.7,30.09,30.09,-0.61,-1.99,2148,64633,40.1,10.62
TNTELE,TNTELEEQN,8.99,8.81,8.81,-0.18,-2.0,10,88,15.74,7.81
ELGIRUBCO,ELGIRUBCOEQN,59.12,57.94,57.94,-1.18,-2.0,6,347,74.95,32.72
ATL,ATLEQN,25.82,25.3,25.3,-0.52,-2.01,1025,25932,37.86,18.2
SILLYMONKS,SILLYMONKSEQN,16.29,15.96,15.96,-0.33,-2.03,11,175,28.45,14.61
SILINV,SILINVEQN,462.4,453.0,453.0,-9.4,-2.03,2,906,767.0,380.0
ASHIKAG,ASHIKAGBEN,419.5,411.0,411.0,-8.5,-2.03,1,411,520.95,339.95
NECCLTD,NECCLTDBEN,19.65,19.25,19.25,-0.4,-2.04,2,38,24.01,10.55
AQYLON,AQYLONEQN,23.1,22.62,22.62,-0.48,-2.08,2000,45240,224.7,19.66
INFY,INFYEQN,1082.0,1059.0,1059.0,-23.0,-2.13,142110,150494490,1728.0,982.4
BRAHMINFRA,BRAHMINFRAEQN,159.13,155.7,155.7,-3.43,-2.16,251,39080,184.0,151.2
PLAZACABLE,PLAZACABLEEQN,56.84,55.61,55.61,-1.23,-2.16,80,4448,65.0,27.0
HCLTECH,HCLTECHEQN,1277.0,1248.8,1248.8,-28.2,-2.21,40010,49964488,1780.1,1030.0
DEVX,DEVXEQN,33.75,33.0,33.0,-0.75,-2.22,514,16962,64.05,29.95
ABSMARINE,ABSMARINESMN,330.7,323.05,323.05,-7.65,-2.31,1000,323050,347.75,143.05
VTMLTD,VTMLTDEQN,56.58,55.26,55.26,-1.32,-2.33,17,939,61.9,44.5
HYBRIDFIN,HYBRIDFINBEN,17.2,16.8,16.8,-0.4,-2.33,33,554,33.62,13.06
VBL,VBLEQN,405.7,396.2,396.2,-9.5,-2.34,134291,53206094,555.8,381.0
EXXARO,EXXAROEQN,6.51,6.35,6.35,-0.16,-2.46,300,1905,10.33,5.99
HSBCGOLD,HSBCGOLDEQN,132.67,129.22,129.22,-3.45,-2.6,250,32305,146.4,119.1
3PLAND,3PLANDEQN,32.4,31.55,31.55,-0.85,-2.62,110,3470,47.5,28.51
FEL,FELBZN,0.38,0.37,0.37,-0.01,-2.63,1048,387,0.65,0.34
RAYMOND,RAYMONDEQN,857.8,834.5,834.5,-23.3,-2.72,34392,28700124,869.0,320.0
BSE,BSEEQN,3394.0,3301.0,3301.0,-93.0,-2.74,62788,207263188,4446.8,2021.5
IWARE,IWARESTN,454.6,442.0,442.0,-12.6,-2.77,600,265200,539.4,120.0
MOMSBELIEF,MOMSBELIEFBEN,228.34,222.0,222.0,-6.34,-2.78,679,150738,0.0,0.0
ACCURACY,ACCURACYBEN,4.29,4.16,4.16,-0.13,-3.03,817,3398,7.51,3.4
AGSTRA,AGSTRABZN,1.96,1.9,1.9,-0.06,-3.06,13200,25080,5.44,1.88
LKPSEC,LKPSECEQN,15.35,14.86,14.86,-0.49,-3.19,25,371,18.43,14.01
ORBTEXP,ORBTEXPBEN,239.43,231.5,231.5,-7.93,-3.31,60,13890,278.61,135.0
AMBALALSA,AMBALALSABEN,42.05,40.62,40.62,-1.43,-3.4,25,1015,49.98,30.15
VMOBILE,VMOBILESMN,54.0,52.05,52.05,-1.95,-3.61,1600,83280,155.0,53.9
BI,BIBEN,96.11,92.61,92.61,-3.5,-3.64,1150,106501,111.51,51.62
BANKA,BANKAEQN,79.1,76.21,76.21,-2.89,-3.65,13,990,97.88,41.0
LAMOSAIC,LAMOSAICSTN,56.05,53.95,53.95,-2.1,-3.75,600,32370,61.55,20.45
ANDHRAPAP,ANDHRAPAPEQN,72.09,69.16,69.16,-2.93,-4.06,45717,3161787,86.89,58.0
BIRLACABLE,BIRLACABLEEQN,339.9,326.0,326.0,-13.9,-4.09,106241,34634566,395.0,104.0
SAMBHAAV,SAMBHAAVEQN,5.96,5.71,5.71,-0.25,-4.19,60,342,11.53,5.07
MENONBE,MENONBEBEN,291.05,278.55,278.55,-12.5,-4.29,2151,599161,324.0,101.5
MOS,MOSSTN,6.9,6.6,6.6,-0.3,-4.35,12000,79200,28.55,6.9
UEL,UELEQN,218.05,208.0,208.0,-10.05,-4.61,7738,1609504,284.2,92.32
GSMFOILS,GSMFOILSSMN,100.35,95.6,95.6,-4.75,-4.73,55000,5258000,293.85,79.7
GATECH,GATECHBEN,0.83,0.79,0.79,-0.04,-4.82,518288,409447,1.11,0.4
CYBERMEDIA,CYBERMEDIABEN,23.92,22.74,22.74,-1.18,-4.93,1000,22740,28.99,11.3
SUPTANERY,SUPTANERYBEN,11.97,11.38,11.38,-0.59,-4.93,2055,23385,16.21,6.81
SKYTECH,SKYTECHSMN,32.45,30.85,30.85,-1.6,-4.93,4800,148080,74.0,32.45
ELITECON,ELITECONEQN,7.84,7.45,7.45,-0.39,-4.97,82378,613716,46.4,7.84
SHAHALLOYS,SHAHALLOYSBEN,100.09,95.11,95.11,-4.98,-4.98,760,72283,116.85,53.1
BURNPUR,BURNPURBEN,19.47,18.5,18.5,-0.97,-4.98,3,55,22.63,11.13
TIJARIA,TIJARIABEN,8.62,8.19,8.19,-0.43,-4.99,626,5126,9.8,3.55
PRIMECAB,PRIMECABSTN,178.3,169.4,169.4,-8.9,-4.99,6400,1084160,222.0,70.4
ANNU,ANNUBEN,61.58,58.51,58.51,-3.07,-4.99,21490,1257379,75.6,61.58
PAR,PARBEN,141.44,134.37,134.37,-7.07,-5.0,2342,314694,180.0,78.05
CALSOFT,CALSOFTBEN,37.0,35.15,35.15,-1.85,-5.0,1805,63445,43.13,10.9
KALYANIFRG,KALYANIFRGBEN,975.65,926.9,926.9,-48.75,-5.0,427,395786,1192.25,523.6
VIRAT,VIRATEQN,460.35,436.2,436.2,-24.15,-5.25,23,10032,494.4,268.05
FASCINATE,FASCINATESMN,58.8,55.5,55.5,-3.3,-5.61,3200,177600,120.8,58.8
COFORGE,COFORGEEQN,1950.0,1815.5,1815.5,-134.5,-6.9,95320,173053460,2021.2,1008.1
PARNAXLAB,PARNAXLABEQN,125.9,116.0,116.0,-9.9,-7.86,1,116,144.95,108.03
ODYCORP,ODYCORPEQN,7.27,6.66,6.66,-0.61,-8.39,110,732,8.48,5.71
ATALREAL,ATALREALEQN,21.2,16.96,16.96,-4.24,-20.0,49663,842284,36.7,18.55
MPEL-RE,MPEL-RESTN,6.85,4.95,4.95,-1.9,-27.74,3200,15840,7.0,6.85
