symbol,identifier,previousClose,lastPrice,iep,change,pChange,finalQuantity,totalTurnover,yearHigh,yearLow
KSHITIJ-RE,KSHITIJ-REBEN,0.07,0.08,0.08,0.01,14.29,2734121,218729,0.07,0.02
SVGLOBAL,SVGLOBALEQN,144.01,162.0,162.0,17.99,12.49,2357,381834,144.98,114.3
PHOENXINTL,PHOENXINTLEQN,29.48,32.5,32.5,3.02,10.24,1,32,35.64,27.61
RHETAN,RHETANEQN,23.11,25.42,25.42,2.31,10.0,904184,22984357,34.87,19.1
SRIKPRIND,SRIKPRINDEQN,33.46,36.8,36.8,3.34,9.98,663,24398,33.46,19.4
PENTAGON,PENTAGONSMN,74.85,82.3,82.3,7.45,9.95,9000,740700,99.5,49.15
AKI,AKIEQN,6.57,7.22,7.22,0.65,9.89,27638,199546,10.48,3.8
SELMC,SELMCEQN,27.17,29.5,29.5,2.33,8.58,1,29,43.36,26.0
CYBERMEDIA,CYBERMEDIAEQN,23.88,25.9,25.9,2.02,8.46,39891,1033176,23.88,11.3
UMESLTD,UMESLTDEQN,5.0,5.4,5.4,0.4,8.0,100,540,7.14,3.88
ICDSLTD,ICDSLTDEQN,64.96,70.0,70.0,5.04,7.76,3014,210980,64.96,36.4
DHARAN,DHARANBZN,0.13,0.14,0.14,0.01,7.69,107410,15037,0.61,0.11
IVC,IVCEQN,10.09,10.84,10.84,0.75,7.43,94952,1029279,10.99,6.02
KEEPLEARN,KEEPLEARNEQN,1.9,2.03,2.03,0.13,6.84,1314,2667,3.21,1.51
KDGREEN,KDGREENEQN,51.81,55.29,55.29,3.48,6.72,1,55,61.49,48.75
LCCINFOTEC,LCCINFOTECEQN,3.85,4.07,4.07,0.22,5.71,1638,6666,5.89,3.3
BLUEPEBBLE,BLUEPEBBLESMN,70.0,73.95,73.95,3.95,5.64,400,29580,195.0,59.2
FILATFASH,FILATFASHEQN,0.18,0.19,0.19,0.01,5.56,79498,15104,0.68,0.14
RADAAN,RADAANEQN,2.89,3.05,3.05,0.16,5.54,1500,4575,3.99,2.35
SHRIKRISH,SHRIKRISHEQN,38.85,41.0,41.0,2.15,5.53,333,13653,56.0,35.0
MOHITIND,MOHITINDEQN,23.72,24.99,24.99,1.27,5.35,2,49,39.89,18.6
MADHAV,MADHAVEQN,34.84,36.7,36.7,1.86,5.34,1,36,49.95,29.0
GSS,GSSEQN,11.16,11.75,11.75,0.59,5.29,6,70,28.84,8.68
MERCANTILE,MERCANTILEEQN,25.55,26.9,26.9,1.35,5.28,1,26,31.9,19.0
INNOVISION,INNOVISIONEQN,255.65,269.0,269.0,13.35,5.22,1084,291596,470.0,246.2
AMBICAAGAR,AMBICAAGAREQN,26.33,27.69,27.69,1.36,5.17,60626,1678733,29.68,20.0
LOKESHMACH,LOKESHMACHEQN,360.3,378.8,378.8,18.5,5.13,2245,850406,385.8,138.96
LPDC,LPDCEQN,6.69,7.03,7.03,0.34,5.08,5882,41350,9.46,5.23
ESFL,ESFLSMN,115.15,121.0,121.0,5.85,5.08,1080,130680,377.0,108.3
HAVISHA,HAVISHAEQN,1.4,1.47,1.47,0.07,5.0,5000,7350,2.42,1.03
MVKAGRO,MVKAGROSMN,225.1,236.35,236.35,11.25,5.0,300,70905,819.0,152.05
STLTECH,STLTECHBEN,713.25,748.9,748.9,35.65,5.0,46760,35018564,757.7,84.6
MBECL,MBECLBEN,246.57,258.89,258.89,12.32,5.0,1074,278047,246.57,213.0
AKSHARCHEM,AKSHARCHEMBEN,424.0,445.2,445.2,21.2,5.0,3180,1415736,424.0,141.3
INDIAGLYCO,INDIAGLYCOBEN,248.0,260.4,260.4,12.4,5.0,68,17707,1222.0,217.0
TRANSPEK,TRANSPEKBEN,1390.0,1459.5,1459.5,69.5,5.0,192,280224,1475.0,952.3
AISL,AISLSMN,57.1,59.95,59.95,2.85,4.99,1200,71940,105.1,49.0
VALIANTLAB,VALIANTLABBEN,100.93,105.97,105.97,5.04,4.99,975,103320,110.7,49.51
SILKFLEX,SILKFLEXSMN,274.6,288.3,288.3,13.7,4.99,6000,1729800,274.6,76.0
BIRLACABLE,BIRLACABLEBEN,358.65,376.55,376.55,17.9,4.99,75674,28495044,358.65,104.0
CONSOFINVT,CONSOFINVTBEN,274.6,288.3,288.3,13.7,4.99,311,89661,320.0,152.0
RSDFIN,RSDFINBEN,100.11,105.1,105.1,4.99,4.98,1,105,168.48,65.6
SHALPAINTS,SHALPAINTSBEN,81.55,85.6,85.6,4.05,4.97,2119,181386,95.95,35.21
SABAR,SABARSTN,9.05,9.5,9.5,0.45,4.97,5000,47500,9.55,3.95
BURNPUR,BURNPUREQN,20.54,21.56,21.56,1.02,4.97,1143,24643,21.39,11.13
SONUINFRA,SONUINFRASTN,42.35,44.45,44.45,2.1,4.96,1500,66675,111.4,33.3
JYOTIGLOBL,JYOTIGLOBLSMN,38.5,40.4,40.4,1.9,4.94,6000,242400,77.75,27.05
VASWANI,VASWANIEQN,46.52,48.8,48.8,2.28,4.9,50,2440,69.99,44.5
MINALIND,MINALINDBEN,5.1,5.35,5.35,0.25,4.9,13289,71096,5.1,1.71
MAKS,MAKSSMN,14.4,15.1,15.1,0.7,4.86,1500,22650,36.0,12.65
KRITINUT,KRITINUTEQN,83.36,87.4,87.4,4.04,4.85,2113,184676,104.53,51.36
SUVIDHAA,SUVIDHAAEQN,2.06,2.16,2.16,0.1,4.85,1240,2678,4.25,1.77
DHARIWAL,DHARIWALSMN,23.8,24.95,24.95,1.15,4.83,57000,1422150,48.3,16.13
BIOPOL,BIOPOLSMN,43.6,45.7,45.7,2.1,4.82,1200,54840,133.75,39.5
REGENCERAM,REGENCERAMEQN,36.47,38.2,38.2,1.73,4.74,1,38,54.99,30.0
MTEDUCARE,MTEDUCAREBEN,1.69,1.77,1.77,0.08,4.73,957,1693,2.53,1.17
AVONMORE,AVONMOREEQN,13.12,13.74,13.74,0.62,4.73,100,1374,23.9,9.05
PARASPETRO,PARASPETROEQN,2.13,2.23,2.23,0.1,4.69,1187,2647,3.23,1.53
ONIXSOLAR,ONIXSOLAREQN,384.0,402.0,402.0,18.0,4.69,33925,13637850,393.95,262.45
TCIFINANCE,TCIFINANCEBEN,15.08,15.78,15.78,0.7,4.64,724,11424,38.46,10.0
SPECTRUM,SPECTRUMBEN,2255.7,2360.0,2360.0,104.3,4.62,134,316240,2637.2,1050.0
SGLRES,SGLRESEQN,2.39,2.5,2.5,0.11,4.6,1104,2760,2.74,2.27
NTCIND,NTCINDEQN,132.95,139.0,139.0,6.05,4.55,10,1390,155.0,126.3
MUKKA,MUKKAEQN,28.72,29.99,29.99,1.27,4.42,41524,1245304,31.23,18.27
ARCL,ARCLEQN,228.3,238.25,238.25,9.95,4.36,4,953,249.68,220.15
ROLLT,ROLLTBEN,4.17,4.35,4.35,0.18,4.32,3319,14437,4.32,1.02
TBZ,TBZEQN,437.15,456.0,456.0,18.85,4.31,97112,44283072,457.15,110.5
SOMATEX,SOMATEXEQN,92.75,96.74,96.74,3.99,4.3,1100,106414,161.25,62.15
STEELXIND,STEELXINDEQN,11.31,11.78,11.78,0.47,4.16,91716,1080414,13.95,7.0
MALLCOM,MALLCOMEQN,998.8,1040.0,1040.0,41.2,4.12,1,1040,1520.0,929.0
SUPREME,SUPREMEEQN,36.21,37.7,37.7,1.49,4.11,172,6484,97.84,36.0
KAYA,KAYABEN,328.7,342.0,342.0,13.3,4.05,340,116280,487.9,224.01
SBGLP,SBGLPEQN,24.68,25.68,25.68,1.0,4.05,10,256,40.9,18.35
PILITA,PILITAEQN,7.95,8.27,8.27,0.32,4.03,101,835,15.9,6.2
VIVIDHA,VIVIDHAEQN,0.5,0.52,0.52,0.02,4.0,840,436,0.91,0.43
ONEGLOBAL,ONEGLOBALEQN,527.15,547.8,547.8,20.65,3.92,1147,628326,580.0,494.0
DELPHIFX,DELPHIFXBEN,5.94,6.17,6.17,0.23,3.87,103,635,18.25,5.8
LKPSEC,LKPSECEQN,15.02,15.59,15.59,0.57,3.79,1,15,18.43,14.01
HINDCON,HINDCONEQN,24.28,25.19,25.19,0.91,3.75,2,50,37.75,15.66
GRADIENTE,GRADIENTEEQN,2.67,2.77,2.77,0.1,3.75,16399,45425,9.4,2.08
SETUINFRA,SETUINFRABZN,0.55,0.57,0.57,0.02,3.64,8578,4889,0.73,0.37
COOLCAPS,COOLCAPSSTN,23.35,24.2,24.2,0.85,3.64,5000,121000,99.5,19.0
SIEL,SIELEQN,30.89,32.0,32.0,1.11,3.59,1,32,44.54,30.0
ASHOKAMET,ASHOKAMETEQN,13.47,13.95,13.95,0.48,3.56,10,139,21.0,12.13
ATLANTAA,ATLANTAAEQN,39.86,41.28,41.28,1.42,3.56,51,2105,73.39,31.52
CEIGALL,CEIGALLEQN,347.55,359.85,359.85,12.3,3.54,44420,15984537,405.7,222.61
RAJESHEXPO,RAJESHEXPOBZN,83.46,86.4,86.4,2.94,3.52,5830,503712,237.88,72.63
HINDADH,HINDADHEQN,370.85,383.75,383.75,12.9,3.48,5,1918,402.65,335.55
SITINET,SITINETBZN,0.29,0.3,0.3,0.01,3.45,840,252,0.51,0.27
KARMAENG,KARMAENGEQN,37.7,39.0,39.0,1.3,3.45,1,39,73.7,34.38
TIJARIA,TIJARIABEN,9.09,9.4,9.4,0.31,3.41,24430,229642,9.09,3.55
ASHIKAG,ASHIKAGBEN,429.25,443.85,443.85,14.6,3.4,10,4438,520.95,339.95
SPCENET,SPCENETEQN,3.24,3.35,3.35,0.11,3.4,1533,5135,11.24,3.0
MERCURYEV,MERCURYEVEQN,36.67,37.91,37.91,1.24,3.38,259,9818,41.5,30.16
SHIVAMAUTO,SHIVAMAUTOEQN,17.8,18.4,18.4,0.6,3.37,2250,41400,35.79,13.05
NAVKARURB,NAVKARURBBEN,0.89,0.92,0.92,0.03,3.37,2099,1931,2.93,0.7
AFFORDABLE,AFFORDABLEEQN,159.68,164.93,164.93,5.25,3.29,1,164,297.0,119.71
TREEHOUSE,TREEHOUSEEQN,6.22,6.42,6.42,0.2,3.22,390,2503,11.0,5.52
TGBHOTELS,TGBHOTELSEQN,9.69,10.0,10.0,0.31,3.2,40,400,13.4,7.5
BESTAGRO,BESTAGROEQN,20.34,20.99,20.99,0.65,3.2,20218,424375,34.4,12.3
AVALON,AVALONEQN,2248.6,2320.0,2320.0,71.4,3.18,12043,27939760,2400.0,777.3
ANGELONE,ANGELONEEQN,286.0,295.1,295.1,9.1,3.18,200862,59274376,360.45,208.63
NIITMTS,NIITMTSEQN,222.91,229.99,229.99,7.08,3.18,1474,339005,443.9,203.3
ENERGYDEV,ENERGYDEVEQN,15.5,15.99,15.99,0.49,3.16,1000,15990,29.69,13.15
JINDWORLD,JINDWORLDEQN,48.15,49.67,49.67,1.52,3.16,619568,30773942,48.22,17.85
YOGI,YOGIEQN,161.9,167.0,167.0,5.1,3.15,2,334,180.0,130.01
SONAMLTD,SONAMLTDBEN,67.87,70.0,70.0,2.13,3.14,10,700,80.32,37.4
BALAXI,BALAXIEQN,25.8,26.6,26.6,0.8,3.1,150,3990,47.87,15.2
FLUOROCHEM,FLUOROCHEMEQN,4694.6,4839.3,4839.3,144.7,3.08,3695,17881213,4958.9,2916.6
SHRADDHA,SHRADDHAEQN,152.78,157.49,157.49,4.71,3.08,26,4094,179.0,142.0
BYKE,BYKEBEN,31.9,32.88,32.88,0.98,3.07,1,32,76.73,26.25
BIRLAPREC,BIRLAPRECEQN,51.67,53.25,53.25,1.58,3.06,21341,1136408,51.67,32.25
ADL,ADLEQN,72.79,75.0,75.0,2.21,3.04,10,750,109.9,50.26
KSR,KSREQN,31.54,32.5,32.5,0.96,3.04,500,16250,39.1,14.04
FEDDERSHOL,FEDDERSHOLEQN,46.0,47.4,47.4,1.4,3.04,23309,1104846,53.49,32.06
GVPTECH,GVPTECHBEN,8.25,8.5,8.5,0.25,3.03,211,1793,11.19,5.22
SETCO,SETCOBEN,17.36,17.88,17.88,0.52,3.0,15,268,28.62,11.56
UEL,UELEQN,230.1,236.99,236.99,6.89,2.99,2813,666652,284.2,92.32
SURYALA,SURYALAEQN,407.7,419.9,419.9,12.2,2.99,1,419,508.0,330.3
SWARAJ,SWARAJBEN,354.5,365.0,365.0,10.5,2.96,27,9855,386.75,158.5
SHANTIGEAR,SHANTIGEAREQN,582.8,600.0,600.0,17.2,2.95,13556,8133600,592.0,384.0
SPENCERS,SPENCERSEQN,28.57,29.4,29.4,0.83,2.91,121,3557,64.0,24.38
QMSMEDI,QMSMEDIBEN,159.07,163.7,163.7,4.63,2.91,1,163,164.7,68.95
SBCL,SBCLEQN,1155.9,1189.3,1189.3,33.4,2.89,4230,5030739,1155.9,368.6
KANPRPLA,KANPRPLAEQN,256.4,263.8,263.8,7.4,2.89,100,26380,283.14,151.25
WATERBASE,WATERBASEEQN,47.36,48.73,48.73,1.37,2.89,1,48,54.0,44.11
COFFEEDAY,COFFEEDAYBEN,31.3,32.2,32.2,0.9,2.88,75375,2427075,50.77,21.0
CPCAP,CPCAPEQN,118.3,121.69,121.69,3.39,2.87,2100,255549,160.9,73.51
KALYANIFRG,KALYANIFRGBEN,1125.25,1157.4,1157.4,32.15,2.86,10,11574,1192.25,523.6
BSE,BSEEQN,3306.1,3306.1,3400.0,93.9,2.84,103639,352372600,4446.8,2021.5
SHUKRAPHAR,SHUKRAPHAREQN,51.93,53.39,53.39,1.46,2.81,11716,625517,54.9,40.06
IFBAGRO,IFBAGROEQN,889.05,913.9,913.9,24.85,2.8,10,9139,1790.0,679.15
RBZJEWEL,RBZJEWELEQN,191.68,197.0,197.0,5.32,2.78,62892,12389724,193.76,100.0
VPRPL,VPRPLEQN,35.99,36.99,36.99,1.0,2.78,2348,86852,125.5,23.94
SUMIT,SUMITEQN,51.57,53.0,53.0,1.43,2.77,1,53,104.0,31.74
ARSHIYA,ARSHIYABZN,0.73,0.75,0.75,0.02,2.74,112,84,2.19,0.68
AQYLON,AQYLONEQN,21.59,22.18,22.18,0.59,2.73,418,9271,224.7,19.66
QUINT,QUINTEQN,39.91,41.0,41.0,1.09,2.73,2,82,47.69,33.45
VARDMNPOLY,VARDMNPOLYEQN,5.94,6.1,6.1,0.16,2.69,100,610,9.49,5.1
VLEGOV,VLEGOVBEN,10.48,10.76,10.76,0.28,2.67,1720,18507,38.9,8.42
KERNEX,KERNEXEQN,1709.6,1755.0,1755.0,45.4,2.66,3720,6528600,2580.0,850.0
WARDINMOBI,WARDINMOBIEQN,5.7,5.85,5.85,0.15,2.63,29,169,6.99,5.25
KOTYARK,KOTYARKBEN,32.16,33.0,33.0,0.84,2.61,7693,253869,45.5,17.38
BIOFILCHEM,BIOFILCHEMEQN,31.97,32.8,32.8,0.83,2.6,200,6560,46.34,25.6
MITTAL,MITTALEQN,0.78,0.8,0.8,0.02,2.56,8794,7035,1.82,0.7
XTGLOBAL,XTGLOBALEQN,31.58,32.39,32.39,0.81,2.56,487,15773,46.25,25.2
HFCL,HFCLBEN,220.42,226.0,226.0,5.58,2.53,116460,26319960,256.7,59.82
PFOCUS,PFOCUSEQN,291.65,298.95,298.95,7.3,2.5,3948,1180254,367.0,141.55
LASA,LASAEQN,6.82,6.99,6.99,0.17,2.49,5,34,14.08,5.67
ABSMARINE,ABSMARINESMN,307.15,314.8,314.8,7.65,2.49,1000,314800,315.5,143.05
TTL,TTLEQN,6.86,7.03,7.03,0.17,2.48,2368,16647,11.8,5.5
ANNAPURNA,ANNAPURNAEQN,147.78,151.45,151.45,3.67,2.48,170,25746,287.0,120.75
ZEEMEDIA,ZEEMEDIAEQN,8.11,8.31,8.31,0.2,2.47,41252,342804,13.26,6.65
VISHAL,VISHALEQN,18.47,18.92,18.92,0.45,2.44,209,3954,21.94,17.85
LATTEYS,LATTEYSEQN,20.98,21.49,21.49,0.51,2.43,1,21,37.0,15.79
VISACHROME,VISACHROMEEQN,39.53,40.49,40.49,0.96,2.43,2,80,73.68,27.05
COMPUSOFT,COMPUSOFTEQN,12.89,13.2,13.2,0.31,2.4,2,26,20.75,12.0
DEVX,DEVXEQN,32.13,32.9,32.9,0.77,2.4,110,3619,64.05,29.95
APCL,APCLEQN,100.1,102.5,102.5,2.4,2.4,101,10352,148.78,98.02
CROWN,CROWNEQN,111.8,114.45,114.45,2.65,2.37,30,3433,191.0,100.11
JOCIL,JOCILBEN,152.89,152.9,152.9,3.51,2.35,1,152,175.12,91.25
KRN,KRNEQN,1505.9,1540.9,1540.9,35.0,2.32,2270,3497843,1668.0,589.8
ELANTAS,ELANTASEQN,12114.0,12395.0,12395.0,281.0,2.32,30,371850,13200.0,8900.0
RAMBHAJO,RAMBHAJOEQN,244.26,249.9,249.9,5.64,2.31,8784,2195121,279.33,161.6
SUMEDHA,SUMEDHAEQN,38.51,39.4,39.4,0.89,2.31,1,39,47.0,36.6
TAALTECH,TAALTECHEQN,4496.0,4600.0,4600.0,104.0,2.31,150,690000,4696.0,2616.1
PWL,PWLEQN,120.6,123.37,123.37,2.77,2.3,186287,22982227,161.99,77.72
NATCAPSUQ,NATCAPSUQBEN,226.98,232.2,232.2,5.22,2.3,200,46440,296.0,136.36
MANOMAY,MANOMAYEQN,226.83,232.0,232.0,5.17,2.28,2000,464000,259.88,160.25
INDOBORAX,INDOBORAXEQN,512.8,524.5,524.5,11.7,2.28,493,258578,538.4,225.31
TECHLABS,TECHLABSSMN,118.3,121.0,121.0,2.7,2.28,125,15125,660.0,105.0
HPAL,HPALEQN,35.4,36.2,36.2,0.8,2.26,357,12923,53.0,26.52
TIGERLOGS,TIGERLOGSEQN,29.22,29.88,29.88,0.66,2.26,916,27370,56.69,22.9
AIRAN,AIRANEQN,14.8,15.13,15.13,0.33,2.23,1100,16643,27.49,12.63
ODIGMA,ODIGMAEQN,23.47,23.99,23.99,0.52,2.22,173,4150,56.09,20.0
OCCLLTD,OCCLLTDBEN,164.32,167.95,167.95,3.63,2.21,1,167,183.03,75.71
TUTIALKA,TUTIALKAEQN,61.0,62.35,62.35,1.35,2.21,100,6235,62.7,52.0
AVTNPL,AVTNPLEQN,91.64,93.66,93.66,2.02,2.2,10821,1013494,97.0,53.5
GALLANTT,GALLANTTEQN,572.65,585.0,585.0,12.35,2.16,314,183690,948.0,496.25
INOXINDIA,INOXINDIAEQN,2176.2,2223.0,2223.0,46.8,2.15,3036,6749028,2267.9,1068.2
ALPHAGEO,ALPHAGEOBEN,315.0,321.7,321.7,6.7,2.13,26,8364,368.0,164.8
CCCL,CCCLEQN,14.19,14.49,14.49,0.3,2.11,43,623,28.87,12.76
PRITI,PRITIBEN,33.35,34.05,34.05,0.7,2.1,1,34,85.0,31.5
ITL,ITLEQN,362.4,370.0,370.0,7.6,2.1,5,1850,377.0,311.1
ALLCARGO,ALLCARGOEQN,12.51,12.77,12.77,0.26,2.08,70023,894193,36.55,7.11
VIRTUALG,VIRTUALGBEN,0.48,0.49,0.49,0.01,2.08,14520,7114,0.6,0.4
DONEAR,DONEAREQN,88.56,90.39,90.39,1.83,2.07,1000,90390,116.51,77.6
ARDEE,ARDEEEQN,54.84,55.97,55.97,1.13,2.06,38776,2170292,73.19,54.48
CERA,CERAEQN,5683.5,5800.0,5800.0,116.5,2.05,333,1931400,6740.0,4461.1
LAHOTIOV,LAHOTIOVEQN,45.08,46.0,46.0,0.92,2.04,3,138,53.9,34.06
GAYAHWS,GAYAHWSEQN,1.96,2.0,2.0,0.04,2.04,835,1670,4.76,1.79
HLVLTD,HLVLTDEQN,6.41,6.54,6.54,0.13,2.03,32,209,12.6,5.6
TIL,TILBEN,245.0,249.98,249.98,4.98,2.03,10960,2739780,371.95,161.25
TINNARUBR,TINNARUBREQN,1036.8,1057.8,1057.8,21.0,2.03,349,369172,1322.0,527.45
ANTHEM,ANTHEMEQN,950.7,970.0,970.0,19.3,2.03,15633,15164010,955.0,579.15
SAIFL,SAIFLSMN,4.95,5.05,5.05,0.1,2.02,4000,20200,25.5,4.55
RAMCOSYS,RAMCOSYSEQN,586.55,598.4,598.4,11.85,2.02,1511,904182,967.5,342.1
GATECHDVR,GATECHDVRBEN,0.5,0.51,0.51,0.01,2.0,1105,563,0.67,0.36
SIL,SILEQN,19.52,19.91,19.91,0.39,2.0,2450,48779,22.3,11.7
SINTERCOM,SINTERCOMEQN,79.61,81.2,81.2,1.59,2.0,350,28420,130.0,62.99
ISTLTD,ISTLTDEQN,659.55,672.75,672.75,13.2,2.0,7,4709,749.95,605.0
COUNCODOS,COUNCODOSBEN,6.52,6.65,6.65,0.13,1.99,20,133,8.89,3.71
EMCURE,EMCUREEQN,1854.7,1888.0,1888.0,36.9,1.99,1915,3615520,2048.0,1260.0
NGIL,NGILEQN,40.24,41.04,41.04,0.8,1.99,638,26183,43.89,22.01
DHOOTTRANS,DHOOTTRANSEQN,1583.5,1615.0,1615.0,31.5,1.99,15800,25517000,1665.2,1131.0
MANGALAM,MANGALAMEQN,30.3,30.9,30.9,0.6,1.98,1,30,79.7,22.8
BMWVENTLTD,BMWVENTLTDEQN,55.13,56.22,56.22,1.09,1.98,152,8545,78.0,48.0
DIFFNKG,DIFFNKGEQN,477.6,487.0,487.0,9.4,1.97,1453,707611,493.2,216.8
UCAL,UCALBEN,148.08,151.0,151.0,2.92,1.97,100,15100,163.8,77.0
63MOONS,63MOONSEQN,851.25,867.95,867.95,16.7,1.96,7267,6307392,1007.7,467.0
PARSVNATH,PARSVNATHBEN,1.54,1.57,1.57,0.03,1.95,108034,169613,18.75,1.35
DIGISPICE,DIGISPICEEQN,16.96,17.29,17.29,0.33,1.95,10,172,35.5,14.82
RAJSREESUG,RAJSREESUGEQN,36.43,37.14,37.14,0.71,1.95,5,185,49.7,24.65
GRAPHISAD,GRAPHISADSMN,25.6,26.1,26.1,0.5,1.95,1200,31320,52.8,25.15
PAISALO,PAISALOEQN,70.28,71.65,71.65,1.37,1.95,101233,7253344,77.39,30.0
WORTHPERI,WORTHPERIEQN,153.99,157.0,157.0,3.01,1.95,1,157,169.8,109.0
SWISSMLTRY,SWISSMLTRYBEN,15.4,15.7,15.7,0.3,1.95,61,957,18.5,13.0
CORALFINAC,CORALFINACEQN,32.94,33.58,33.58,0.64,1.94,1,33,50.9,25.01
UMIYA-MRO,UMIYA-MROEQN,96.84,98.7,98.7,1.86,1.92,750,74025,110.9,70.0
INDTERRAIN,INDTERRAINEQN,30.22,30.8,30.8,0.58,1.92,1,30,42.62,24.56
BALAJEE,BALAJEEEQN,26.15,26.65,26.65,0.5,1.91,54,1439,58.9,21.1
ALEMBICLTD,ALEMBICLTDEQN,109.51,111.6,111.6,2.09,1.91,29616,3305145,117.72,70.46
DNAMEDIA,DNAMEDIAEQN,2.63,2.68,2.68,0.05,1.9,95,254,5.44,2.28
RMDRIP,RMDRIPBEN,21.0,21.4,21.4,0.4,1.9,1164,24909,72.22,14.81
ARCHIDPLY,ARCHIDPLYEQN,105.99,107.99,107.99,2.0,1.89,1,107,124.78,60.0
RAMANEWS,RAMANEWSEQN,32.35,32.96,32.96,0.61,1.89,11,362,42.0,27.05
LUMINO,LUMINOEQN,110.32,111.2,112.4,2.08,1.89,499783,56175609,0.0,0.0
KRITIKA,KRITIKAEQN,5.39,5.49,5.49,0.1,1.86,281,1542,9.88,4.5
PAR,PARBEN,164.95,168.0,168.0,3.05,1.85,102,17136,180.0,78.05
PURVA,PURVAEQN,211.09,215.0,215.0,3.91,1.85,2969,638335,296.45,160.69
SANATHAN,SANATHANEQN,433.05,441.05,441.05,8.0,1.85,616,271686,551.95,352.6
STLNETWORK,STLNETWORKEQN,27.5,28.01,28.01,0.51,1.85,5954,166771,35.4,15.75
SUMEETINDS,SUMEETINDSEQN,11.44,11.65,11.65,0.21,1.84,10000,116500,35.67,11.09
KNAGRI,KNAGRIEQN,206.23,210.0,210.0,3.77,1.83,200,42000,244.0,148.3
DPSCLTD,DPSCLTDBEN,7.27,7.4,7.4,0.13,1.79,435,3219,13.31,6.84
HCL-INSYS,HCL-INSYSEQN,10.14,10.32,10.32,0.18,1.78,1715,17698,16.5,9.01
GFLLIMITED,GFLLIMITEDEQN,58.65,59.69,59.69,1.04,1.77,43,2566,81.0,37.25
ADVIKCA,ADVIKCAEQN,1.13,1.15,1.15,0.02,1.77,2131,2450,1.27,1.1
EMAMIPAP,EMAMIPAPBEN,110.4,112.35,112.35,1.95,1.77,376,42243,133.7,55.0
CINELINE,CINELINEEQN,89.83,91.4,91.4,1.57,1.75,100,9140,97.4,73.35
GEEKAYWIRE,GEEKAYWIREEQN,29.39,29.9,29.9,0.51,1.74,323,9657,40.63,18.51
GANESHBE,GANESHBEBEN,121.18,123.29,123.29,2.11,1.74,40,4931,129.99,68.4
MUTHOOTCAP,MUTHOOTCAPEQN,243.75,248.0,248.0,4.25,1.74,101,25048,303.0,175.25
SURANAT&P,SURANAT&PEQN,16.21,16.49,16.49,0.28,1.73,1850,30506,29.27,15.5
DEEPINDS,DEEPINDSEQN,744.85,757.75,757.75,12.9,1.73,6023,4563928,749.0,330.0
SPECIALITY,SPECIALITYBEN,135.67,137.0,137.0,2.33,1.73,11,1507,167.46,82.7
AURUS,AURUSEQN,4.62,4.7,4.7,0.08,1.73,2,9,7.49,4.1
VALIANTORG,VALIANTORGBEN,316.15,321.6,321.6,5.45,1.72,887,285259,397.0,195.0
HINDZINC,HINDZINCEQN,587.95,598.0,598.0,10.05,1.71,26985,16137030,733.0,430.75
JMA,JMAEQN,92.24,93.79,93.79,1.55,1.68,64,6002,103.7,70.25
IWARE,IWARESTN,462.25,470.0,470.0,7.75,1.68,600,282000,539.4,119.05
INDBANK,INDBANKEQN,28.71,29.19,29.19,0.48,1.67,254,7414,47.15,28.1
NATIONSTD,NATIONSTDEQN,104.75,106.5,106.5,1.75,1.67,27,2875,1519.95,98.27
WELSPLSOL,WELSPLSOLEQN,56.02,56.95,56.95,0.93,1.66,5263,299727,63.25,36.0
STEELCITY,STEELCITYEQN,86.47,87.9,87.9,1.43,1.65,250,21975,106.8,71.26
AAREYDRUGS,AAREYDRUGSEQN,94.44,96.0,96.0,1.56,1.65,2,192,100.0,50.31
TARAPUR,TARAPUREQN,13.33,13.55,13.55,0.22,1.65,3,40,39.99,12.21
TOYAMSL,TOYAMSLEQN,0.61,0.62,0.62,0.01,1.64,1926,1194,0.69,0.61
VIPCLOTHNG,VIPCLOTHNGEQN,20.17,20.5,20.5,0.33,1.64,1000,20500,41.2,14.05
MALUPAPER,MALUPAPEREQN,32.44,32.97,32.97,0.53,1.63,201,6626,44.11,27.0
RAJMET,RAJMETEQN,3.11,3.16,3.16,0.05,1.61,2830,8942,5.28,2.72
MTARTECH,MTARTECHBEN,6820.0,6930.0,6930.0,110.0,1.61,1189,8239770,8714.0,1400.0
SCILAL,SCILALEQN,40.02,40.1,40.1,0.63,1.6,2127,85292,55.0,34.3
MURUDCERA,MURUDCERAEQN,29.97,30.45,30.45,0.48,1.6,1,30,47.5,25.16
CYBERTECH,CYBERTECHBEN,132.27,134.39,134.39,2.12,1.6,37,4972,274.8,95.3
BPLPHARMA,BPLPHARMAEQN,1520.8,1545.0,1545.0,24.2,1.59,20,30900,1649.0,1125.7
MWL,MWLEQN,39.08,39.7,39.7,0.62,1.59,2162,85831,43.94,18.26
JETFREIGHT,JETFREIGHTEQN,20.91,21.24,21.24,0.33,1.58,1230,26125,25.95,11.9
AARON,AARONEQN,128.98,131.0,131.0,2.02,1.57,2,262,228.0,106.8
ULTRAMAR,ULTRAMAREQN,435.15,441.95,441.95,6.8,1.56,20,8839,455.75,364.1
INDOWIND,INDOWINDEQN,9.05,9.19,9.19,0.14,1.55,214,1966,18.94,7.0
IEX,IEXEQN,119.15,121.0,121.0,1.85,1.55,107223,12973983,160.27,114.6
DEVIT,DEVITEQN,24.52,24.9,24.9,0.38,1.55,23,572,47.3,22.25
STYL,STYLEQN,387.05,393.0,393.0,5.95,1.54,95,37335,437.45,209.11
TVSSRICHAK,TVSSRICHAKEQN,5249.0,5330.0,5330.0,81.0,1.54,51,271830,5760.0,2871.5
MUTHOOTFIN,MUTHOOTFINEQN,2926.5,2971.0,2971.0,44.5,1.52,5686,16893106,4149.5,2671.0
ELGIRUBCO,ELGIRUBCOEQN,59.08,59.98,59.98,0.9,1.52,4,239,80.38,32.72
PERMAGN,PERMAGNEQN,876.6,889.95,889.95,13.35,1.52,1,889,929.0,784.05
WOCKPHARMA,WOCKPHARMAEQN,1950.6,1980.0,1980.0,29.4,1.51,12749,25243020,2422.3,1086.7
MMP,MMPEQN,395.95,399.9,399.9,5.95,1.51,398,159160,429.95,185.2
PDMJEPAPER,PDMJEPAPEREQN,94.57,96.0,96.0,1.43,1.51,1617,155232,135.6,65.0
TCIEXP,TCIEXPEQN,541.3,549.5,549.5,8.2,1.51,2605,1431447,780.0,447.55
SGIL,SGILEQN,603.8,612.85,612.85,9.05,1.5,10,6128,633.25,420.0
HILTON,HILTONEQN,18.71,18.99,18.99,0.28,1.5,11,208,47.75,13.43
TCC,TCCEQN,233.13,47.33,47.33,0.7,1.5,1223,57884,105.28,43.61
3BBLACKBIO,3BBLACKBIOEQN,1486.2,1508.5,1508.5,22.3,1.5,66,99561,1588.9,1085.0
ASTEC,ASTECEQN,573.25,581.8,581.8,8.55,1.49,71,41307,941.75,513.4
VENTIVE,VENTIVEEQN,585.7,594.45,594.45,8.75,1.49,173,102839,793.95,542.6
SHRIRAMPPS,SHRIRAMPPSEQN,75.68,76.8,76.8,1.12,1.48,331,25420,99.44,60.57
TVVISION,TVVISIONBEN,3.4,3.45,3.45,0.05,1.47,257,886,12.4,3.23
UFO,UFOEQN,65.44,66.4,66.4,0.96,1.47,100,6640,92.97,53.75
KIRLPNU,KIRLPNUEQN,759.8,771.0,771.0,11.2,1.47,1201,925971,1098.55,495.05
DAVANGERE,DAVANGEREEQN,2.04,2.07,2.07,0.03,1.47,14094,29174,5.5,1.95
JSWHL,JSWHLEQN,11590.0,11760.0,11760.0,170.0,1.47,27,317520,22790.0,10530.0
GVKPIL,GVKPILBEN,2.05,2.08,2.08,0.03,1.46,4985,10368,4.06,2.04
AFSL,AFSLEQN,208.77,211.8,211.8,3.03,1.45,2,423,229.0,194.41
TVTODAY,TVTODAYEQN,111.14,112.75,112.75,1.61,1.45,68,7667,156.48,93.5
GROWW,GROWWEQN,190.24,193.0,193.0,2.76,1.45,264887,51123191,227.2,112.0
ONELIFECAP,ONELIFECAPBEN,31.98,32.44,32.44,0.46,1.44,3,97,40.1,10.62
DCMSIL,DCMSILEQN,70.29,71.3,71.3,1.01,1.44,10,713,105.27,49.5
BAJAJST,BAJAJSTEQN,361.5,366.7,366.7,5.2,1.44,24,8800,507.8,343.0
UDS,UDSEQN,236.61,240.0,240.0,3.39,1.43,5290,1269600,264.67,125.1
ORCHASP,ORCHASPEQN,1.41,1.43,1.43,0.02,1.42,1503,2149,4.16,1.25
KAVDEFENCE,KAVDEFENCEEQN,56.15,56.95,56.95,0.8,1.42,180,10251,162.87,51.51
NILASPACES,NILASPACESEQN,12.28,12.45,12.45,0.17,1.38,4674,58191,20.47,11.35
JASH,JASHEQN,464.15,470.5,470.5,6.35,1.37,1043,490731,572.85,327.1
HAL,HALEQN,4765.6,4831.0,4831.0,65.4,1.37,8482,40976542,5149.9,3479.1
TICL,TICLBEN,8.08,8.19,8.19,0.11,1.36,13,106,33.99,8.0
SICAGEN,SICAGENEQN,58.65,59.45,59.45,0.8,1.36,256,15219,74.06,46.55
AUTOIND,AUTOINDEQN,92.75,94.0,94.0,1.25,1.35,4620,434280,104.0,48.35
HALDYNGL,HALDYNGLBEN,144.65,146.6,146.6,1.95,1.35,151,22136,146.0,85.0
ANUHPHR,ANUHPHREQN,79.68,80.75,80.75,1.07,1.34,75,6056,93.0,67.0
INDORAMA,INDORAMAEQN,68.87,69.79,69.79,0.92,1.34,12,837,75.0,29.0
DAICHI,DAICHIEQN,369.75,374.7,374.7,4.95,1.34,438,164118,369.9,229.9
POWERICA,POWERICAEQN,512.95,519.8,519.8,6.85,1.34,501,260419,676.95,365.1
RAINBOW,RAINBOWEQN,1440.8,1460.0,1460.0,19.2,1.33,1046,1527160,1610.0,1084.0
CAPITALSFB,CAPITALSFBEQN,281.85,285.6,285.6,3.75,1.33,53,15136,323.7,206.55
HMT,HMTBZN,69.07,69.99,69.99,0.92,1.33,41,2869,72.95,41.0
CMLL,CMLLEQN,501.4,508.0,508.0,6.6,1.32,190,96520,624.4,463.35
DGCONTENT,DGCONTENTEQN,24.43,24.75,24.75,0.32,1.31,1,24,39.57,21.61
PARADEEP,PARADEEPEQN,153.53,154.0,154.0,1.97,1.3,8822,1358588,216.0,99.7
BAIDFIN,BAIDFINEQN,10.1,10.23,10.23,0.13,1.29,50,511,12.98,8.8
ECORECO,ECORECOEQN,456.1,462.0,462.0,5.9,1.29,3,1386,494.9,443.75
ISHANCH,ISHANCHEQN,45.4,45.98,45.98,0.58,1.28,1000,45980,83.37,41.71
MSPL,MSPLEQN,35.34,35.79,35.79,0.45,1.27,5556,198849,46.12,26.25
NAHARSPING,NAHARSPINGEQN,293.0,295.7,295.7,3.7,1.27,2,591,349.0,149.2
SPELS,SPELSEQN,148.61,150.5,150.5,1.89,1.27,333,50116,157.0,140.1
SAKUMA,SAKUMAEQN,1.58,1.6,1.6,0.02,1.27,11616,18585,3.1,1.1
RCOM,RCOMBEN,0.79,0.8,0.8,0.01,1.27,65693,52554,1.55,0.75
TATAELXSI,TATAELXSIEQN,3580.0,3625.0,3625.0,45.0,1.26,240,870000,5950.0,3353.9
PRIMO,PRIMOEQN,20.68,20.94,20.94,0.26,1.26,1,20,26.9,16.1
AAKASH,AAKASHEQN,8.77,8.88,8.88,0.11,1.25,6110,54256,13.4,7.21
MASTEK,MASTEKEQN,1792.6,1815.0,1815.0,22.4,1.25,1819,3301485,2609.9,1334.2
AXITA,AXITAEQN,8.01,8.11,8.11,0.1,1.25,12643,102534,12.2,6.57
JAGSNPHARM,JAGSNPHARMEQN,243.02,242.0,242.0,2.98,1.25,815,197230,264.5,155.0
PREMIERPOL,PREMIERPOLEQN,92.35,93.5,93.5,1.15,1.25,805,75267,97.99,38.0
IGIL,IGILEQN,325.95,330.0,330.0,4.05,1.24,932,307560,392.0,287.0
WAKEFIT,WAKEFITEQN,149.64,151.5,151.5,1.86,1.24,5680,860520,224.0,111.4
KNACK,KNACKEQN,188.37,190.7,190.7,2.33,1.24,2205,420493,222.0,180.33
SWELECTES,SWELECTESEQN,576.9,584.0,584.0,7.1,1.23,500,292000,977.0,483.1
KAMAHOLD,KAMAHOLDEQN,2341.1,2369.9,2369.9,28.8,1.23,1,2369,2783.9,2327.2
JYOTIRES,JYOTIRESEQN,866.35,877.0,877.0,10.65,1.23,145,127165,911.0,830.25
DCI,DCIEQN,357.65,362.0,362.0,4.35,1.22,200,72400,475.0,208.98
SIGMA,SIGMAEQN,47.42,48.0,48.0,0.58,1.22,658,31584,65.5,35.46
JUBLPHARMA,JUBLPHARMAEQN,907.9,919.0,919.0,11.1,1.22,4751,4366169,1184.8,786.05
AVANCE,AVANCEEQN,0.82,0.83,0.83,0.01,1.22,35064,29103,0.94,0.75
CAPTRUST,CAPTRUSTBEN,19.76,20.0,20.0,0.24,1.21,5,100,34.07,10.98
REDTAPE,REDTAPEEQN,117.48,118.9,118.9,1.42,1.21,2067,245766,163.5,107.53
ARIHANTSUP,ARIHANTSUPEQN,236.15,239.0,239.0,2.85,1.21,10,2390,465.0,188.8
KSHINTL,KSHINTLEQN,1022.7,1035.1,1035.1,12.4,1.21,2893,2994544,1059.9,330.0
HYBRIDFIN,HYBRIDFINBEN,16.6,16.8,16.8,0.2,1.2,30,504,33.62,13.06
MANAPPURAM,MANAPPURAMEQN,341.0,345.05,345.05,4.05,1.19,36154,12474937,381.55,245.15
TRENT,TRENTEQN,2815.6,2849.0,2849.0,33.4,1.19,1456,4148144,3782.67,2183.67
VISHWARAJ,VISHWARAJEQN,5.93,6.0,6.0,0.07,1.18,1856,11136,10.0,4.14
OSWALPUMPS,OSWALPUMPSEQN,279.55,282.85,282.85,3.3,1.18,2495,705710,846.0,275.2
LCL,LCLEQN,553.45,560.0,560.0,6.55,1.18,1278,715680,604.7,461.0
BFINVEST,BFINVESTEQN,469.45,475.0,475.0,5.55,1.18,325,154375,584.7,315.0
ACCURACY,ACCURACYBEN,4.22,4.27,4.27,0.05,1.18,509,2173,7.51,3.4
APCOTEXIND,APCOTEXINDEQN,650.4,658.0,658.0,7.6,1.17,826,543508,712.0,310.45
ACI,ACIEQN,495.2,501.0,501.0,5.8,1.17,1100,551100,726.0,479.8
IRMENERGY,IRMENERGYEQN,283.85,287.15,287.15,3.3,1.16,201,57717,393.0,165.4
SUMMITSEC,SUMMITSECEQN,1442.3,1459.0,1459.0,16.7,1.16,15,21885,2495.0,1312.0
BIRLANU,BIRLANUEQN,1423.5,1440.0,1440.0,16.5,1.16,75,108000,2086.9,1190.1
INDOKEM,INDOKEMEQN,628.7,636.0,636.0,7.3,1.16,1,636,657.0,560.0
SHAH,SHAHEQN,3.49,3.53,3.53,0.04,1.15,10043,35451,5.82,2.56
ZODIAC,ZODIACEQN,240.22,242.99,242.99,2.77,1.15,7,1700,415.0,205.55
CREDITACC,CREDITACCEQN,1437.4,1453.9,1453.9,16.5,1.15,4481,6514925,1634.0,1113.0
UBL,UBLEQN,1284.2,1299.0,1299.0,14.8,1.15,594,771606,1874.0,1276.0
HITECHCORP,HITECHCORPBEN,337.0,339.85,339.85,3.85,1.15,74,25148,345.0,112.0
KARURVYSYA,KARURVYSYAEQN,350.0,354.0,354.0,4.0,1.14,1748,618792,358.65,201.82
SIMPLEXINF,SIMPLEXINFEQN,266.95,270.0,270.0,3.05,1.14,812,219240,330.0,137.0
TGVSL,TGVSLEQN,108.57,109.8,109.8,1.23,1.13,1897,208290,111.5,102.5
SOBHA,SOBHAEQN,1259.1,1273.3,1273.3,14.2,1.13,302,384536,1732.0,1130.0
GHCL,GHCLEQN,437.55,442.5,442.5,4.95,1.13,150,66375,667.2,416.6
MANINFRA,MANINFRAEQN,124.59,126.0,126.0,1.41,1.13,25923,3266298,163.9,77.12
MLKFOOD,MLKFOODEQN,82.62,83.55,83.55,0.93,1.13,8,668,93.0,75.25
WAAREEINDO,WAAREEINDOEQN,274.85,277.95,277.95,3.1,1.13,142,39468,725.0,261.2
WEWORK,WEWORKEQN,654.7,662.0,662.0,7.3,1.12,160,105920,794.5,420.0
RPPINFRA,RPPINFRAEQN,55.04,55.65,55.65,0.61,1.11,460,25599,158.9,53.5
FISCHER,FISCHEREQN,37.03,37.44,37.44,0.41,1.11,982,36766,124.7,31.05
ARSSBL,ARSSBLEQN,514.95,520.65,520.65,5.7,1.11,840,437346,794.85,416.0
SKYWAYS,SKYWAYSEQN,130.06,131.5,131.5,1.44,1.11,50459,6635358,136.45,119.0
DODLA,DODLAEQN,1069.9,1081.7,1081.7,11.8,1.1,5,5408,1500.0,964.1
REPRO,REPROEQN,323.15,326.7,326.7,3.55,1.1,1,326,590.0,301.0
PTL,PTLEQN,38.22,38.64,38.64,0.42,1.1,381,14721,43.77,36.1
BOROSCI,BOROSCIEQN,134.93,136.41,136.41,1.48,1.1,134,18278,180.8,96.64
BORANA,BORANAEQN,300.35,303.65,303.65,3.3,1.1,67,20344,420.0,211.0
GYFTR,GYFTREQN,180.23,182.22,182.22,1.99,1.1,1,182,193.9,139.69
KAMOPAINTS,KAMOPAINTSEQN,4.53,4.58,4.58,0.05,1.1,25756,117962,9.97,3.6
ALLTIME,ALLTIMEEQN,199.78,201.97,201.97,2.19,1.1,500,100985,314.7,186.0
PENIND,PENINDEQN,166.88,168.7,168.7,1.82,1.09,367,61912,279.9,129.1
PLATIND,PLATINDEQN,234.45,237.01,237.01,2.56,1.09,14,3318,342.4,183.5
INVENTURE,INVENTUREEQN,0.92,0.93,0.93,0.01,1.09,1347,1252,1.72,0.72
LUMAXIND,LUMAXINDEQN,6380.5,6450.0,6450.0,69.5,1.09,4,25800,6934.5,4061.0
LANCORHOL,LANCORHOLEQN,34.75,35.13,35.13,0.38,1.09,601,21113,35.25,18.12
VINATIORGA,VINATIORGAEQN,1313.7,1328.0,1328.0,14.3,1.09,348,462144,1849.9,1203.0
PROSTARM,PROSTARMEQN,129.73,131.15,131.15,1.42,1.09,4,524,237.0,114.64
SAIPARENT,SAIPARENTEQN,518.15,523.8,523.8,5.65,1.09,88,46094,706.0,400.0
JGCHEM,JGCHEMEQN,612.2,618.8,618.8,6.6,1.08,1111,687486,675.0,298.4
NINSYS,NINSYSEQN,709.25,716.9,716.9,7.65,1.08,32,22940,935.0,281.05
PRIVISCL,PRIVISCLEQN,3373.5,3410.0,3410.0,36.5,1.08,478,1629980,3785.3,2226.0
ROTO,ROTOEQN,63.76,64.45,64.45,0.69,1.08,642,41376,85.53,47.5
ASKAUTOLTD,ASKAUTOLTDEQN,632.2,639.0,639.0,6.8,1.08,543,346977,687.7,375.3
RAYMONDREL,RAYMONDRELEQN,536.75,542.5,542.5,5.75,1.07,6488,3519740,734.9,349.0
UNIECOM,UNIECOMEQN,85.93,86.85,86.85,0.92,1.07,857,74430,155.8,78.51
PONNIERODE,PONNIERODEEQN,398.65,402.9,402.9,4.25,1.07,505,203464,455.0,252.4
PFS,PFSEQN,27.11,27.4,27.4,0.29,1.07,72,1972,40.5,23.85
LMW,LMWEQN,18993.0,19195.0,19195.0,202.0,1.06,21,403095,20151.0,11920.0
SAGCEM,SAGCEMEQN,154.38,156.01,156.01,1.63,1.06,28,4368,299.4,148.7
PASUPTAC,PASUPTACBEN,66.79,67.5,67.5,0.71,1.06,524,35370,78.95,40.41
SHAREINDIA,SHAREINDIAEQN,169.27,171.06,171.06,1.79,1.06,26,4447,211.0,115.36
PYRAMID,PYRAMIDEQN,154.87,156.5,156.5,1.63,1.05,8,1252,198.69,131.8
GLOBE,GLOBEEQN,1.91,1.93,1.93,0.02,1.05,1325,2557,3.29,1.86
DBL,DBLEQN,398.55,402.75,402.75,4.2,1.05,110,44302,585.0,381.55
SPORTKING,SPORTKINGEQN,230.6,232.0,232.0,2.4,1.05,132,30624,241.51,78.17
MOL,MOLEQN,67.52,68.23,68.23,0.71,1.05,7113,485319,87.75,36.5
JUBLCPL,JUBLCPLEQN,2304.8,2329.1,2329.1,24.3,1.05,63,146733,2974.7,1460.0
JLHL,JLHLEQN,290.3,293.35,293.35,3.05,1.05,76,22294,340.0,235.6
ORIENTBELL,ORIENTBELLEQN,412.65,417.0,417.0,4.35,1.05,116,48372,417.0,246.55
GENUSPAPER,GENUSPAPEREQN,12.44,12.57,12.57,0.13,1.05,10,125,18.85,8.67
AARTISURF,AARTISURFBEN,544.25,549.9,549.9,5.65,1.04,25,13747,677.7,316.0
RACLGEAR,RACLGEAREQN,1558.8,1575.0,1575.0,16.2,1.04,31,48825,1691.9,890.0
DENTA,DENTAEQN,270.4,273.2,273.2,2.8,1.04,246,67207,479.6,222.0
DBCORP,DBCORPEQN,193.78,195.79,195.79,2.01,1.04,217,42486,287.9,184.51
ATLANTAELE,ATLANTAELEEQN,1886.4,1905.9,1905.9,19.5,1.03,198,377368,2152.6,707.6
STUDDS,STUDDSEQN,426.95,431.35,431.35,4.4,1.03,2,862,600.0,412.3
ARVSMART,ARVSMARTEQN,639.0,645.6,645.6,6.6,1.03,441,284709,707.85,486.8
CAPILLARY,CAPILLARYEQN,480.05,485.0,485.0,4.95,1.03,1,485,798.95,464.25
VMSTMT,VMSTMTEQN,45.53,46.0,46.0,0.47,1.03,1217,55982,105.0,33.5
CORDSCABLE,CORDSCABLEEQN,302.9,306.0,306.0,3.1,1.02,176,53856,329.3,127.01
EPACK,EPACKEQN,189.08,191.0,191.0,1.92,1.02,1283,245053,409.5,184.86
MUTHOOTMF,MUTHOOTMFEQN,206.89,208.99,208.99,2.1,1.02,854,178477,262.77,141.2
XTRANET,XTRANETEQN,195.2,197.2,197.2,2.0,1.02,1282,252810,207.41,122.5
RATNAVEER,RATNAVEEREQN,286.1,289.0,289.0,2.9,1.01,23480,6785720,314.9,130.5
MOTILALOFS,MOTILALOFSEQN,1012.8,1023.0,1023.0,10.2,1.01,424,433752,1097.1,614.9
EASEMYTRIP,EASEMYTRIPEQN,5.97,6.03,6.03,0.06,1.01,25812,155646,10.6,5.77
ELLEN,ELLENEQN,330.45,333.8,333.8,3.35,1.01,1522,508043,559.8,175.0
MIDWESTLTD,MIDWESTLTDEQN,1054.3,1064.9,1064.9,10.6,1.01,11,11713,1859.9,1026.0
UNIVASTU,UNIVASTUBEN,168.4,170.1,170.1,1.7,1.01,166,28236,178.98,56.02
HEALTHX,HEALTHXEQN,292.05,295.0,295.0,2.95,1.01,1,295,363.0,252.5
AGSTRA,AGSTRABZN,1.98,2.0,2.0,0.02,1.01,1809,3618,5.47,1.88
ORIENTALTL,ORIENTALTLEQN,5.02,5.07,5.07,0.05,1.0,369,1870,11.99,4.4
GREENPANEL,GREENPANELEQN,157.62,159.2,159.2,1.58,1.0,516,82147,333.8,154.55
EDELWEISS,EDELWEISSEQN,134.76,136.11,136.11,1.35,1.0,71601,9745612,135.24,98.0
SUNFLAG,SUNFLAGEQN,346.5,349.95,349.95,3.45,1.0,1328,464733,428.0,192.15
SRM,SRMEQN,470.3,475.0,475.0,4.7,1.0,17,8075,649.95,361.35
BELLACASA,BELLACASAEQN,239.51,241.9,241.9,2.39,1.0,17,4112,497.35,214.68
ARKADE,ARKADEEQN,124.17,125.4,125.4,1.23,0.99,211,26459,188.25,92.62
SHREEPUSHK,SHREEPUSHKEQN,477.45,482.2,482.2,4.75,0.99,234,112834,491.0,272.45
IXIGO,IXIGOEQN,162.15,163.76,163.76,1.61,0.99,2983,488496,339.15,151.27
SINGERIND,SINGERINDEQN,75.88,76.63,76.63,0.75,0.99,4,306,91.3,57.15
DBEIL,DBEILBEN,6.14,6.2,6.2,0.06,0.98,371,2300,18.56,5.15
SETL,SETLEQN,391.15,395.0,395.0,3.85,0.98,2957,1168015,393.65,104.56
SECURKLOUD,SECURKLOUDEQN,17.41,17.58,17.58,0.17,0.98,10,175,34.18,16.01
GTPL,GTPLEQN,57.93,58.5,58.5,0.57,0.98,20,1170,118.95,50.85
INDOAMIN,INDOAMINBEN,124.28,125.5,125.5,1.22,0.98,50,6275,149.78,81.9
GNA,GNAEQN,531.8,537.0,537.0,5.2,0.98,177,95049,601.65,295.0
RAJOOENG,RAJOOENGBEN,49.14,49.62,49.62,0.48,0.98,602,29871,103.69,46.0
LAMBODHARA,LAMBODHARAEQN,137.47,138.81,138.81,1.34,0.97,50,6940,162.0,81.8
VINNY,VINNYEQN,1.03,1.04,1.04,0.01,0.97,346,359,1.53,0.94
STYLAMIND,STYLAMINDEQN,3240.9,3272.4,3272.4,31.5,0.97,10,32724,4150.0,1594.1
SUNSHINE,SUNSHINEEQN,438.8,443.05,443.05,4.25,0.97,3476,1540041,473.8,363.6
GALAPREC,GALAPRECEQN,1026.2,1036.1,1036.1,9.9,0.96,253,262133,1260.0,671.2
YATHARTH,YATHARTHEQN,962.3,971.5,971.5,9.2,0.96,679,659648,1024.85,538.25
SUVEN,SUVENEQN,378.35,382.0,382.0,3.65,0.96,6009,2295438,403.35,124.11
VAISHALI,VAISHALIEQN,8.36,8.44,8.44,0.08,0.96,345,2911,12.7,4.75
DELTACORP,DELTACORPEQN,56.25,56.79,56.79,0.54,0.96,4064,230794,97.18,48.3
MANAKSIA,MANAKSIAEQN,59.12,59.69,59.69,0.57,0.96,320,19100,73.4,42.1
JAICORPLTD,JAICORPLTDEQN,99.15,100.1,100.1,0.95,0.96,461,46146,178.24,88.0
SAREGAMA,SAREGAMAEQN,493.65,498.4,498.4,4.75,0.96,1379,687293,574.5,307.05
SHIPROCKET,SHIPROCKETEQN,135.89,137.19,137.19,1.3,0.96,21961,3012829,156.9,124.0
SHREEJISPG,SHREEJISPGEQN,664.25,670.65,670.65,6.4,0.96,2152,1443238,681.55,222.0
LALITHAA,LALITHAAEQN,280.3,283.0,283.0,2.7,0.96,46343,13115069,283.65,240.35
MANINDS,MANINDSEQN,793.4,801.0,801.0,7.6,0.96,3465,2775465,799.0,302.05
BBTCL,BBTCLEQN,233.77,236.0,236.0,2.23,0.95,98,23128,262.0,156.0
IDEAFORGE,IDEAFORGEEQN,776.55,783.95,783.95,7.4,0.95,401,314363,992.25,366.0
ATL,ATLEQN,24.26,24.49,24.49,0.23,0.95,14,342,37.86,18.2
GLOBALVECT,GLOBALVECTEQN,142.65,144.0,144.0,1.35,0.95,1,144,248.0,129.0
FOCUS,FOCUSBEN,63.9,64.5,64.5,0.6,0.94,110,7095,99.9,57.06
OAL,OALEQN,502.3,507.0,507.0,4.7,0.94,583,295581,503.7,228.0
COASTCORP,COASTCORPEQN,41.93,42.32,42.32,0.39,0.93,40,1692,66.7,30.7
DYNPRO,DYNPROEQN,237.81,240.0,240.0,2.19,0.92,55,13200,388.7,190.8
PANAMAPET,PANAMAPETEQN,484.55,489.0,489.0,4.45,0.92,618,302202,599.6,229.0
IRB,IRBEQN,19.67,19.85,19.85,0.18,0.92,72245,1434063,23.95,18.76
3IINFOLTD,3IINFOLTDBEN,21.79,21.99,21.99,0.2,0.92,217,4771,27.8,12.68
CGCL,CGCLEQN,271.7,274.0,274.0,2.5,0.92,27200,7452800,272.75,151.1
ORIANA,ORIANASMN,1239.7,1251.0,1251.0,11.3,0.91,150,187650,3064.0,1174.95
NUVAMA,NUVAMAEQN,1839.2,1856.0,1856.0,16.8,0.91,731,1356736,2066.0,1096.9
GNRL,GNRLEQN,96.72,97.6,97.6,0.88,0.91,14,1366,120.9,83.2
SARVESHWAR,SARVESHWAREQN,3.35,3.38,3.38,0.03,0.9,2495,8433,8.25,2.5
TEXMOPIPES,TEXMOPIPESEQN,45.49,45.9,45.9,0.41,0.9,2,91,62.0,33.0
NEULANDLAB,NEULANDLABEQN,22890.0,23095.0,23095.0,205.0,0.9,118,2725210,23881.0,11500.0
MANORAMA,MANORAMAEQN,1966.3,1984.0,1984.0,17.7,0.9,1307,2593088,2043.0,1060.6
GCSL,GCSLEQN,586.7,592.0,592.0,5.3,0.9,267,158064,591.8,213.15
GRINFRA,GRINFRAEQN,871.1,878.95,878.95,7.85,0.9,10,8789,1345.0,785.0
OMAXE,OMAXEEQN,127.29,128.42,128.42,1.13,0.89,8182,1050732,138.1,62.5
INSECTICID,INSECTICIDEQN,614.15,619.6,619.6,5.45,0.89,168,104092,836.15,518.6
JKLAKSHMI,JKLAKSHMIEQN,514.4,519.0,519.0,4.6,0.89,319,165561,989.8,512.0
BIL,BILEQN,915.85,924.0,924.0,8.15,0.89,33,30492,980.0,602.0
ANDHRSUGAR,ANDHRSUGAREQN,101.29,102.19,102.19,0.9,0.89,3696,377694,107.23,66.5
ROSSARI,ROSSARIEQN,457.0,461.0,461.0,4.0,0.88,93,42873,690.3,375.0
GHCLTEXTIL,GHCLTEXTILEQN,138.02,139.23,139.23,1.21,0.88,3266,454725,144.59,65.26
IMFA,IMFAEQN,1281.7,1293.0,1293.0,11.3,0.88,573,740889,1679.9,886.65
CHOLAHLDNG,CHOLAHLDNGEQN,1502.8,1516.0,1516.0,13.2,0.88,20,30320,2064.0,1305.0
RADIANTCMS,RADIANTCMSEQN,39.87,40.22,40.22,0.35,0.88,32,1287,57.95,32.33
LASERPOWER,LASERPOWEREQN,301.05,303.7,303.7,2.65,0.88,630,191331,343.5,250.0
KPEL,KPELEQN,240.89,242.99,242.99,2.1,0.87,84,20411,463.25,237.0
SENORES,SENORESEQN,1430.4,1442.8,1442.8,12.4,0.87,152,219305,1599.0,662.45
DOLPHIN,DOLPHINEQN,619.6,625.0,625.0,5.4,0.87,37,23125,669.95,322.0
ASAHISONG,ASAHISONGBEN,368.8,372.0,372.0,3.2,0.87,20,7440,413.95,179.64
TATVA,TATVAEQN,1596.2,1609.9,1609.9,13.7,0.86,66,106253,1838.1,976.4
AURUM,AURUMEQN,224.76,226.7,226.7,1.94,0.86,115,26070,264.64,151.9
INGERRAND,INGERRANDEQN,4846.4,4888.0,4888.0,41.6,0.86,21,102648,4955.0,3063.3
GTLINFRA,GTLINFRAEQN,1.16,1.17,1.17,0.01,0.86,102106,119464,1.67,0.96
BLUSPRING,BLUSPRINGEQN,134.25,135.4,135.4,1.15,0.86,1179,159636,136.67,43.98
ADVAIT,ADVAITEQN,2210.9,2230.0,2230.0,19.1,0.86,174,388020,2485.0,1351.0
GAYAPROJ,GAYAPROJEQN,22.18,22.37,22.37,0.19,0.86,547,12236,26.0,8.28
DCAL,DCALEQN,176.99,178.5,178.5,1.51,0.85,7,1249,321.95,128.5
SAMMAANCAP,SAMMAANCAPEQN,153.7,155.0,155.0,1.3,0.85,38160,5914800,192.95,129.0
IGPL,IGPLEQN,548.85,553.5,553.5,4.65,0.85,5,2767,552.9,315.0
GUJTHEM,GUJTHEMEQN,425.1,428.7,428.7,3.6,0.85,65,27865,479.0,225.05
VERANDA,VERANDAEQN,242.27,244.3,244.3,2.03,0.84,1001,244544,272.5,130.02
SGFIN,SGFINEQN,676.8,682.5,682.5,5.7,0.84,425,290062,727.45,323.0
NEWGEN,NEWGENEQN,517.65,522.0,522.0,4.35,0.84,12050,6290100,1041.95,401.05
ASTRAZEN,ASTRAZENEQN,6940.5,6999.0,6999.0,58.5,0.84,26,181974,9849.5,6835.0
BHARATFORG,BHARATFORGEQN,1981.0,1997.6,1997.6,16.6,0.84,2960,5912896,2295.0,1128.0
SINDHUTRAD,SINDHUTRADEQN,23.95,24.15,24.15,0.2,0.84,154,3719,32.74,17.64
STCINDIA,STCINDIAEQN,114.65,115.61,115.61,0.96,0.84,60,6936,150.7,97.04
VENUSPIPES,VENUSPIPESEQN,1594.8,1607.6,1607.6,13.3,0.83,75,120570,1875.0,890.0
SCI,SCIEQN,294.95,296.4,296.4,2.45,0.83,12551,3720116,368.75,195.55
ABLBL,ABLBLEQN,83.49,84.18,84.18,0.69,0.83,1900,159942,151.33,82.61
CITIUSINVT,CITIUSINVTIVN,115.03,115.99,115.99,0.96,0.83,1,115,116.5,101.5
MILKYMIST,MILKYMISTEQN,252.89,255.0,255.0,2.11,0.83,77443,19747965,268.69,165.0
IRIS,IRISEQN,253.93,256.0,256.0,2.07,0.82,2,512,388.1,203.0
ORIENTCER,ORIENTCEREQN,43.94,44.3,44.3,0.36,0.82,27,1196,56.64,34.0
SOLARWORLD,SOLARWORLDEQN,149.76,150.99,150.99,1.23,0.82,46,6945,388.5,139.19
RIIT,RIITIVN,121.4,122.4,122.4,1.0,0.82,1,122,127.0,105.3
BBTC,BBTCEQN,1501.6,1513.9,1513.9,12.3,0.82,24,36333,2135.0,1314.6
VISHNU,VISHNUEQN,688.45,694.1,694.1,5.65,0.82,1038,720475,697.2,443.7
SAMBHV,SAMBHVEQN,129.64,130.7,130.7,1.06,0.82,1980,258786,141.32,81.42
TIMEX,TIMEXEQN,649.55,654.85,654.85,5.3,0.82,329,215445,687.8,312.0
TRF,TRFEQN,230.03,231.9,231.9,1.87,0.81,5,1159,405.0,215.5
MOIL,MOILEQN,250.68,252.7,252.7,2.02,0.81,1960,495292,404.9,242.35
KOHINOOR,KOHINOOREQN,33.52,33.79,33.79,0.27,0.81,59,1993,38.47,19.2
LIKHITHA,LIKHITHAEQN,202.9,204.54,204.54,1.64,0.81,189,38658,272.0,131.45
ABAN,ABANBEN,14.78,14.9,14.9,0.12,0.81,50,745,46.13,12.89
IKIO,IKIOEQN,208.31,209.99,209.99,1.68,0.81,186,39058,248.88,103.53
ANDHRAPAP,ANDHRAPAPEQN,63.29,63.8,63.8,0.51,0.81,452,28837,86.89,58.0
MAXESTATES,MAXESTATESEQN,530.7,535.0,535.0,4.3,0.81,150,80250,579.0,305.45
RVNL,RVNLEQN,209.3,211.0,211.0,1.7,0.81,64180,13541980,400.7,203.83
BANKBARODA,BANKBARODAEQN,240.44,242.37,242.37,1.93,0.8,19083,4625146,325.5,231.72
BAJAJHCARE,BAJAJHCAREEQN,325.2,327.8,327.8,2.6,0.8,3,983,515.9,272.35
TEAMLEASE,TEAMLEASEEQN,1250.0,1260.0,1260.0,10.0,0.8,1,1260,1944.3,1065.2
PRECWIRE,PRECWIREEQN,487.85,491.75,491.75,3.9,0.8,2009,987925,524.9,174.02
SHANTIGOLD,SHANTIGOLDEQN,245.05,247.01,247.01,1.96,0.8,628,155122,280.75,155.0
KALPATARU,KALPATARUEQN,276.55,278.75,278.75,2.2,0.8,151,42091,429.3,258.0
SOLEX,SOLEXEQN,728.95,734.8,734.8,5.85,0.8,370,271876,1985.0,705.1
AYE,AYEEQN,180.61,182.05,182.05,1.44,0.8,613,111596,197.29,88.22
TURTLEMINT,TURTLEMINTEQN,144.29,145.45,145.45,1.16,0.8,1029,149668,160.0,110.41
PARKHOSPS,PARKHOSPSEQN,286.7,289.0,289.0,2.3,0.8,822,237558,305.0,138.1
TENNIND,TENNINDEQN,515.7,519.8,519.8,4.1,0.8,253,131509,657.0,438.05
GANECOS,GANECOSEQN,1015.4,1023.5,1023.5,8.1,0.8,3652,3737822,1384.8,653.55
AARTIDRUGS,AARTIDRUGSEQN,425.85,429.25,429.25,3.4,0.8,46,19745,534.55,318.95
GKSL,GKSLEQN,171.51,172.88,172.88,1.37,0.8,931,160951,175.26,98.36
TMB,TMBEQN,942.45,949.95,949.95,7.5,0.8,457,434127,947.5,411.8
AMAGI,AMAGIEQN,562.35,566.85,566.85,4.5,0.8,156,88428,727.4,310.2
DIVGIITTS,DIVGIITTSEQN,1235.2,1245.1,1245.1,9.9,0.8,73,90892,1329.8,573.7
KOVAI,KOVAIEQN,6091.5,6140.0,6140.0,48.5,0.8,5,30700,6340.0,5275.5
ALMONDZ,ALMONDZEQN,17.66,17.8,17.8,0.14,0.79,402,7155,22.1,10.68
SALASAR,SALASAREQN,5.08,5.12,5.12,0.04,0.79,94163,482114,10.99,4.73
MASFIN,MASFINEQN,292.7,295.0,295.0,2.3,0.79,37,10915,358.85,277.35
SONATSOFTW,SONATSOFTWEQN,284.0,286.25,286.25,2.25,0.79,428,122515,421.5,207.15
CIEINDIA,CIEINDIAEQN,383.95,387.0,387.0,3.05,0.79,237,91719,526.0,382.3
VIKRAMSOLR,VIKRAMSOLREQN,171.65,173.0,173.0,1.35,0.79,17482,3024386,407.95,155.38
MENONBE,MENONBEBEN,308.55,311.0,311.0,2.45,0.79,250,77750,308.55,101.5
FAZE3Q,FAZE3QEQN,498.4,502.35,502.35,3.95,0.79,1,502,650.05,322.1
ZFSTEERING,ZFSTEERINGEQN,667.75,673.0,673.0,5.25,0.79,20,13460,894.98,620.65
RKFORGE,RKFORGEEQN,726.85,732.5,732.5,5.65,0.78,846,619695,772.8,460.15
INDOFARM,INDOFARMEQN,134.54,135.59,135.59,1.05,0.78,50,6779,271.69,110.7
KMEW,KMEWEQN,3150.4,3175.0,3175.0,24.6,0.78,446,1416050,3175.0,851.65
GUJALKALI,GUJALKALIEQN,722.85,728.5,728.5,5.65,0.78,215,156627,815.0,409.15
M&MFIN,M&MFINEQN,376.05,379.0,379.0,2.95,0.78,1570,595030,415.0,259.35
VGL,VGLEQN,56.56,57.0,57.0,0.44,0.78,33,1881,92.5,43.7
GOPAL,GOPALEQN,265.4,267.45,267.45,2.05,0.77,101,27012,398.0,247.55
RHIM,RHIMEQN,369.75,372.6,372.6,2.85,0.77,100,37260,508.3,323.05
ASIANENE,ASIANENEEQN,523.0,527.05,527.05,4.05,0.77,823,433762,528.4,230.0
COALINDIA,COALINDIAEQN,420.05,418.0,418.0,3.2,0.77,76475,31966550,491.25,369.6
SOTL,SOTLEQN,737.35,743.0,743.0,5.65,0.77,1604,1191772,814.8,285.8
QPOWER,QPOWEREQN,1424.1,1435.0,1435.0,10.9,0.77,858,1231230,1502.7,581.0
ESSARSHPNG,ESSARSHPNGEQN,16.87,17.0,17.0,0.13,0.77,84,1428,43.26,15.71
PCJEWELLER,PCJEWELLEREQN,10.52,10.6,10.6,0.08,0.76,1103072,11692563,15.38,7.47
POCL,POCLEQN,476.1,479.7,479.7,3.6,0.76,397,190440,647.6,392.2
NLCINDIA,NLCINDIAEQN,274.9,277.0,277.0,2.1,0.76,10373,2873321,387.8,225.72
PACEDIGITK,PACEDIGITKEQN,166.23,167.5,167.5,1.27,0.76,1818,304515,231.95,139.81
SYMBIOTEC,SYMBIOTECEQN,1076.85,1085.05,1085.05,8.2,0.76,3632,3940901,1180.0,934.2
OPTIEMUS,OPTIEMUSEQN,564.85,569.1,569.1,4.25,0.75,134,76259,713.0,288.0
ANANTRAJ,ANANTRAJEQN,628.3,633.0,633.0,4.7,0.75,14273,9034809,743.65,403.0
SPANDANA,SPANDANAEQN,236.52,238.29,238.29,1.77,0.75,311,74108,319.4,181.1
RAMKY,RAMKYEQN,351.35,354.0,354.0,2.65,0.75,108,38232,705.0,333.0
AHLUCONT,AHLUCONTEQN,595.45,599.9,599.9,4.45,0.75,81,48591,1077.95,590.0
SANGHVIMOV,SANGHVIMOVEQN,453.0,456.4,456.4,3.4,0.75,1729,789115,528.0,223.8
SGMART,SGMARTEQN,815.85,822.0,822.0,6.15,0.75,274,225228,860.6,313.1
RSL,RSLEQN,181.56,182.93,182.93,1.37,0.75,409,74818,183.53,101.7
ALPINETEX,ALPINETEXEQN,57.17,57.6,57.6,0.43,0.75,1389,80006,105.0,50.46
UTKARSHBNK,UTKARSHBNKEQN,14.89,15.0,15.0,0.11,0.74,6342,95130,22.03,10.12
RUBICON,RUBICONEQN,1775.7,1788.8,1788.8,13.1,0.74,586,1048236,1899.0,570.75
UNIMECH,UNIMECHEQN,1465.3,1476.0,1476.0,10.7,0.73,238,351288,1555.0,695.0
ULTRACEMCO,ULTRACEMCOEQN,11275.0,11357.0,11357.0,82.0,0.73,1159,13162763,13110.0,10325.0
MAXIND,MAXINDEQN,152.89,154.0,154.0,1.11,0.73,27,4158,241.57,120.0
RTNINDIA,RTNINDIAEQN,27.43,27.63,27.63,0.2,0.73,30881,853242,64.0,24.4
ATALREAL,ATALREALEQN,25.9,26.09,26.09,0.19,0.73,4573,119309,36.7,18.55
UNICHEMLAB,UNICHEMLABEQN,547.95,551.95,551.95,4.0,0.73,38,20974,687.2,278.2
SMCGLOBAL,SMCGLOBALEQN,79.42,79.99,79.99,0.57,0.72,407,32555,94.9,54.44
KAMDHENU,KAMDHENUBEN,38.77,39.05,39.05,0.28,0.72,1759,68688,39.15,16.15
IGL,IGLEQN,149.42,150.5,150.5,1.08,0.72,8661,1303480,223.5,141.74
NDLVENTURE,NDLVENTUREEQN,123.01,123.9,123.9,0.89,0.72,205,25399,140.0,80.0
LEAPIND,LEAPINDEQN,152.41,153.5,153.5,1.09,0.72,4287,658054,172.29,143.0
OMNI,OMNIEQN,519.25,523.0,523.0,3.75,0.72,2645,1383335,764.85,176.25
NEPHROPLUS,NEPHROPLUSEQN,706.75,711.85,711.85,5.1,0.72,217,154471,769.75,446.0
YASHO,YASHOEQN,4051.2,4080.0,4080.0,28.8,0.71,41,167280,4994.0,1130.0
AIMTRON,AIMTRONSMN,1620.35,1631.9,1631.9,11.55,0.71,200,326380,1780.0,665.0
BAJAJ-AUTO,BAJAJ-AUTOEQN,11920.0,12005.0,12005.0,85.0,0.71,352,4225760,12470.0,8491.5
AEROENTER,AEROENTEREQN,142.86,143.88,143.88,1.02,0.71,1333,191792,149.55,62.2
ARCHIES,ARCHIESEQN,12.91,13.0,13.0,0.09,0.7,200,2600,24.38,10.86
OSWALGREEN,OSWALGREENEQN,19.86,20.0,20.0,0.14,0.7,300,6000,43.79,19.55
HINDCOPPER,HINDCOPPEREQN,518.5,522.15,522.15,3.65,0.7,26422,13796247,760.05,238.2
BLIL,BLILEQN,72.47,72.98,72.98,0.51,0.7,2269,165591,79.5,67.0
PSPPROJECT,PSPPROJECTEQN,861.95,868.0,868.0,6.05,0.7,155,134540,1143.0,569.2
NORTHARC,NORTHARCEQN,304.6,306.7,306.7,2.1,0.69,2601,797726,334.0,206.0
ABFRL,ABFRLEQN,50.41,50.76,50.76,0.35,0.69,7446,377958,94.95,50.2
BAGFILMS,BAGFILMSEQN,4.32,4.35,4.35,0.03,0.69,1000,4350,8.0,3.61
SARDAEN,SARDAENEQN,506.55,510.05,510.05,3.5,0.69,3125,1593906,639.75,453.1
FINPIPE,FINPIPEEQN,158.9,160.0,160.0,1.1,0.69,1129,180640,222.5,147.54
JNPR,JNPREQN,259.2,261.0,261.0,1.8,0.69,1235,322335,282.0,232.11
GULFOILLUB,GULFOILLUBEQN,1112.5,1089.9,1089.9,7.4,0.68,1746,1902965,1329.0,865.0
PRAXIS,PRAXISEQN,4.43,4.46,4.46,0.03,0.68,50,223,14.44,4.32
STYLEBAAZA,STYLEBAAZAEQN,394.85,397.5,397.5,2.65,0.67,474,188415,447.1,229.95
ROLEXRINGS,ROLEXRINGSEQN,174.83,176.0,176.0,1.17,0.67,2348,413248,189.4,99.79
BHANDARI,BHANDARIEQN,3.0,3.02,3.02,0.02,0.67,1364,4119,4.52,2.0
HONASA,HONASAEQN,477.05,480.25,480.25,3.2,0.67,5014,2407973,509.8,248.4
FCL,FCLEQN,48.41,48.68,48.68,0.32,0.66,31773,1546709,52.21,19.1
ZENSARTECH,ZENSARTECHEQN,465.45,468.5,468.5,3.05,0.66,1315,616077,868.95,423.0
MAPMYINDIA,MAPMYINDIAEQN,968.6,975.0,975.0,6.4,0.66,712,694200,1998.0,795.0
ANUP,ANUPEQN,1808.0,1820.0,1820.0,12.0,0.66,30,54600,2576.0,1422.3
REGAAL,REGAALEQN,89.17,89.76,89.76,0.59,0.66,100,8976,113.75,57.27
REPCOHOME,REPCOHOMEEQN,355.75,358.1,358.1,2.35,0.66,51,18263,455.9,333.6
AURIONPRO,AURIONPROEQN,686.45,691.0,691.0,4.55,0.66,264,182424,1334.8,680.15
MAHSCOOTER,MAHSCOOTEREQN,13639.0,13727.0,13727.0,88.0,0.65,1,13727,18538.0,10901.0
GODAVARIB,GODAVARIBEQN,245.25,246.85,246.85,1.6,0.65,427,105404,353.0,227.42
EIHOTEL,EIHOTELEQN,290.75,292.65,292.65,1.9,0.65,183,53554,434.8,271.15
AFFLE,AFFLEEQN,1519.2,1529.0,1529.0,9.8,0.65,971,1484659,2185.9,1251.3
KSL,KSLEQN,950.2,956.3,956.3,6.1,0.64,108,103280,982.55,574.0
FIEMIND,FIEMINDEQN,2036.9,2050.0,2050.0,13.1,0.64,48,98400,2674.8,1868.5
UTTAMSUGAR,UTTAMSUGAREQN,299.0,300.9,300.9,1.9,0.64,384,115545,359.3,181.1
VIDHIING,VIDHIINGEQN,342.8,345.0,345.0,2.2,0.64,100,34500,410.0,258.6
MTNL,MTNLEQN,26.42,26.59,26.59,0.17,0.64,8875,235986,46.44,21.26
SESHAPAPER,SESHAPAPEREQN,234.51,236.0,236.0,1.49,0.64,195,46020,293.11,209.96
HINDWAREAP,HINDWAREAPEQN,185.82,187.0,187.0,1.18,0.64,93,17391,392.7,170.5
FIVESTAR,FIVESTAREQN,534.6,538.0,538.0,3.4,0.64,473,254474,666.0,338.15
GVPIL,GVPILEQN,663.75,668.0,668.0,4.25,0.64,5852,3909136,1084.0,270.9
RSSOFTWARE,RSSOFTWAREEQN,29.91,30.1,30.1,0.19,0.64,73,2197,82.0,21.93
EIEL,EIELEQN,195.66,196.9,196.9,1.24,0.63,3655,719669,276.1,134.71
DOLATALGO,DOLATALGOEQN,70.05,70.49,70.49,0.44,0.63,171,12053,95.76,64.96
NRBBEARING,NRBBEARINGEQN,451.05,453.9,453.9,2.85,0.63,183,83063,503.9,212.55
ICIL,ICILEQN,437.35,440.1,440.1,2.75,0.63,860,378486,474.65,216.9
WENDT,WENDTEQN,8307.0,8359.0,8359.0,52.0,0.63,4,33436,10341.0,5841.5
OBEROIRLTY,OBEROIRLTYEQN,1902.0,1914.0,1914.0,12.0,0.63,695,1330230,1986.1,1391.2
BSL,BSLEQN,123.22,124.0,124.0,0.78,0.63,170,21080,205.0,98.0
PITTIENG,PITTIENGEQN,1105.1,1112.0,1112.0,6.9,0.62,109,121208,1168.0,675.0
NELCO,NELCOEQN,933.75,939.5,939.5,5.75,0.62,428,402106,1120.0,500.1
IFCI,IFCIEQN,95.91,96.5,96.5,0.59,0.62,459560,44347540,101.66,46.23
HCG,HCGEQN,703.45,707.8,707.8,4.35,0.62,1,707,796.68,513.3
RAMCOIND,RAMCOINDEQN,324.0,326.0,326.0,2.0,0.62,220,71720,398.05,230.65
HAZOOR,HAZOOREQN,19.28,19.4,19.4,0.12,0.62,131,2541,22.49,17.44
CORDELIA,CORDELIAEQN,101.87,102.5,102.5,0.63,0.62,835,85587,109.65,62.31
NATHBIOGEN,NATHBIOGENEQN,153.07,154.0,154.0,0.93,0.61,10,1540,204.0,126.15
PLASTIBLEN,PLASTIBLENEQN,188.33,189.47,189.47,1.14,0.61,51,9662,216.29,121.01
SATIA,SATIAEQN,60.37,60.74,60.74,0.37,0.61,202,12269,86.0,50.8
PSB,PSBEQN,23.05,23.19,23.19,0.14,0.61,5962,138258,32.46,20.5
CAMLINFINE,CAMLINFINEEQN,102.28,102.9,102.9,0.62,0.61,1414,145500,235.0,96.21
MAZDOCK,MAZDOCKEQN,2474.0,2489.0,2489.0,15.0,0.61,2132,5306548,3061.4,2057.4
OIL,OILEQN,490.0,492.0,492.0,3.0,0.61,3821,1879932,531.0,390.0
PATANJALI,PATANJALIEQN,342.9,345.0,345.0,2.1,0.61,21020,7251900,615.0,328.2
SOMANYCERA,SOMANYCERAEQN,569.5,573.0,573.0,3.5,0.61,130,74490,576.8,332.0
AVL,AVLEQN,600.4,604.0,604.0,3.6,0.6,154,93016,705.0,436.55
KIOCL,KIOCLEQN,380.55,382.85,382.85,2.3,0.6,130,49770,634.55,290.65
BAJAJCON,BAJAJCONEQN,508.95,512.0,512.0,3.05,0.6,1477,756224,692.0,220.1
RGL,RGLEQN,137.12,137.94,137.94,0.82,0.6,765,105524,159.0,85.0
BSOFT,BSOFTEQN,293.25,295.0,295.0,1.75,0.6,2870,846650,474.0,270.2
MACPOWER,MACPOWEREQN,1944.1,1955.8,1955.8,11.7,0.6,178,348132,2050.0,761.0
PATELRMART,PATELRMARTEQN,220.58,221.9,221.9,1.32,0.6,50,11095,269.3,150.25
VIDYAWIRES,VIDYAWIRESEQN,89.45,89.99,89.99,0.54,0.6,1338,120406,117.35,42.51
SHAKTIPUMP,SHAKTIPUMPEQN,472.2,475.0,475.0,2.8,0.59,1275,605625,915.0,456.35
ONESOURCE,ONESOURCEEQN,1575.7,1585.0,1585.0,9.3,0.59,15,23775,1925.0,1057.0
BALAMINES,BALAMINESEQN,2417.8,2432.0,2432.0,14.2,0.59,866,2106112,2506.0,968.1
SCHNEIDER,SCHNEIDEREQN,1191.0,1198.0,1198.0,7.0,0.59,255,305490,1548.0,571.85
RCF,RCFEQN,114.52,115.2,115.2,0.68,0.59,914,105292,164.49,106.0
RBA,RBAEQN,97.89,98.47,98.47,0.58,0.59,2617,257695,111.15,57.15
NIACL,NIACLEQN,195.33,196.49,196.49,1.16,0.59,14642,2877006,218.0,116.97
JSLL,JSLLEQN,501.45,504.4,504.4,2.95,0.59,1371,691532,849.5,492.0
PDSL,PDSLEQN,353.9,356.0,356.0,2.1,0.59,394,140264,418.5,246.05
EXPLEOSOL,EXPLEOSOLEQN,898.75,904.0,904.0,5.25,0.58,95,85880,1175.1,640.0
RELAXO,RELAXOEQN,343.95,345.95,345.95,2.0,0.58,299,103439,526.0,236.5
AWFIS,AWFISEQN,256.5,258.0,258.0,1.5,0.58,54,13932,639.4,229.05
CHEMPLASTS,CHEMPLASTSEQN,167.03,168.0,168.0,0.97,0.58,127,21336,451.3,166.15
AGI,AGIEQN,742.2,746.5,746.5,4.3,0.58,180,134370,939.0,465.0
FLAIR,FLAIREQN,248.11,249.55,249.55,1.44,0.58,9,2245,348.8,242.9
WIPRO,WIPROEQN,175.72,176.74,176.74,1.02,0.58,64469,11394251,273.1,169.0
ISGEC,ISGECEQN,771.1,775.55,775.55,4.45,0.58,35,27144,1113.9,683.95
PINELABS,PINELABSEQN,156.5,157.4,157.4,0.9,0.58,63093,9930838,284.0,134.73
KSB,KSBEQN,810.6,815.3,815.3,4.7,0.58,236,192410,1028.3,666.65
HARIOMPIPE,HARIOMPIPEEQN,355.45,357.5,357.5,2.05,0.58,56,20020,572.2,268.05
KFINTECH,KFINTECHEQN,927.7,933.0,933.0,5.3,0.57,800,746400,1215.0,784.95
VTL,VTLEQN,588.65,592.0,592.0,3.35,0.57,559,330928,688.0,385.5
GANESHCP,GANESHCPEQN,168.82,169.79,169.79,0.97,0.57,125,21223,309.95,152.0
NTPC,NTPCEQN,330.9,332.75,332.75,1.85,0.56,20813,6925525,414.4,315.55
MCX,MCXEQN,3170.2,3187.8,3187.8,17.6,0.56,4347,13857366,3480.0,1496.0
SERVOTECH,SERVOTECHEQN,80.25,80.7,80.7,0.45,0.56,492,39704,143.0,57.51
STOVEKRAFT,STOVEKRAFTEQN,839.75,840.9,840.9,4.65,0.56,216,181634,877.0,447.05
LINDEINDIA,LINDEINDIAEQN,6373.0,6409.0,6409.0,36.0,0.56,22,140998,8049.0,5673.0
CARERATING,CARERATINGEQN,1708.4,1718.0,1718.0,9.6,0.56,5,8590,1838.0,1392.7
JTEKTINDIA,JTEKTINDIAEQN,121.82,122.5,122.5,0.68,0.56,95,11637,188.5,117.0
NEOGEN,NEOGENEQN,2137.1,2149.0,2149.0,11.9,0.56,81,174069,2483.9,966.7
SUDEEPPHRM,SUDEEPPHRMEQN,1292.8,1300.1,1300.1,7.3,0.56,717,932171,1295.7,524.05
CLEANMAX,CLEANMAXEQN,1298.7,1306.0,1306.0,7.3,0.56,278,363068,1536.0,727.1
DCMSHRIRAM,DCMSHRIRAMEQN,1019.2,1024.9,1024.9,5.7,0.56,25,25622,1414.4,945.1
DECNGOLD,DECNGOLDEQN,213.8,215.0,215.0,1.2,0.56,5616,1207440,250.8,114.8
INTLCONV,INTLCONVEQN,79.44,79.88,79.88,0.44,0.55,125,9985,114.54,60.0
AIIL,AIILEQN,519.05,521.9,521.9,2.85,0.55,213,111164,683.0,400.0
VEDL,VEDLEQN,270.5,272.0,272.0,1.5,0.55,36042,9803424,795.0,249.7
AJOONI,AJOONIEQN,3.71,3.73,3.73,0.02,0.54,8,29,5.94,3.4
LTTS,LTTSEQN,3501.2,3520.0,3520.0,18.8,0.54,63,221760,4726.0,3010.0
COLPAL,COLPALEQN,1850.0,1860.0,1860.0,10.0,0.54,347,645420,2504.0,1782.0
ELECTCAST,ELECTCASTEQN,83.85,84.3,84.3,0.45,0.54,4761,401352,103.95,60.15
CLEAN,CLEANEQN,852.95,853.5,853.5,4.55,0.54,443,378100,1217.9,652.0
RIIL,RIILEQN,752.95,757.0,757.0,4.05,0.54,135,102195,964.9,617.35
GSFC,GSFCEQN,161.86,162.73,162.73,0.87,0.54,1782,289984,220.59,138.83
SHREYANIND,SHREYANINDEQN,129.3,130.0,130.0,0.7,0.54,200,26000,247.22,121.76
SRF,SRFEQN,2617.0,2631.1,2631.1,14.1,0.54,187,492015,3210.0,2355.0
BANDHANBNK,BANDHANBNKEQN,164.23,165.11,165.11,0.88,0.54,2245,370671,220.76,134.25
TMCV,TMCVEQN,460.35,462.85,462.85,2.5,0.54,10002,4629425,509.0,306.3
MBEL,MBELEQN,275.45,276.95,276.95,1.5,0.54,74,20494,535.9,223.05
CENTENKA,CENTENKAEQN,616.65,620.0,620.0,3.35,0.54,1767,1095540,671.65,371.2
RELTD,RELTDEQN,159.15,160.0,160.0,0.85,0.53,3189,510240,196.45,114.77
NATIONALUM,NATIONALUMEQN,374.0,376.0,376.0,2.0,0.53,10515,3953640,445.15,198.68
MAITHANALL,MAITHANALLEQN,1038.5,1044.0,1044.0,5.5,0.53,680,709920,1210.1,831.2
SBC,SBCEQN,43.25,43.48,43.48,0.23,0.53,11328,492541,45.0,19.86
RITCO,RITCOEQN,301.0,302.6,302.6,1.6,0.53,350,105910,327.5,167.1
EIHAHOTELS,EIHAHOTELSEQN,303.85,305.45,305.45,1.6,0.53,1,305,434.9,266.65
TIRUMALCHM,TIRUMALCHMEQN,157.86,158.7,158.7,0.84,0.53,620,98394,328.8,143.5
BLUEJET,BLUEJETEQN,579.0,582.05,582.05,3.05,0.53,829,482519,759.5,325.0
BERGEPAINT,BERGEPAINTEQN,491.4,494.0,494.0,2.6,0.53,302,149188,594.55,391.1
COHANCE,COHANCEEQN,460.85,463.3,463.3,2.45,0.53,186,86173,1038.9,266.7
VOGL,VOGLEQN,37.54,37.74,37.74,0.2,0.53,65071,2455779,47.6,30.42
VINEETLAB,VINEETLABEQN,37.5,37.7,37.7,0.2,0.53,550,20735,43.5,26.89
WCIL,WCILEQN,83.96,84.4,84.4,0.44,0.52,52,4388,147.29,77.02
MONTECARLO,MONTECARLOEQN,564.45,567.4,567.4,2.95,0.52,18,10213,860.95,464.0
SOUTHBANK,SOUTHBANKEQN,47.7,47.95,47.95,0.25,0.52,29272,1403592,49.9,28.11
REDINGTON,REDINGTONEQN,372.45,374.4,374.4,1.95,0.52,10528,3941683,378.5,191.31
NETWEB,NETWEBEQN,5270.0,5297.5,5297.5,27.5,0.52,5918,31350605,5813.0,2281.8
COFORGE,COFORGEEQN,1971.8,1982.0,1982.0,10.2,0.52,5238,10381716,2021.2,1008.1
MAHLIFE,MAHLIFEEQN,363.1,365.0,365.0,1.9,0.52,107,39055,427.05,286.8
CCAVENUE,CCAVENUEEQN,15.4,15.48,15.48,0.08,0.52,9537,147632,20.5,12.92
SANSERA,SANSERAEQN,3789.6,3808.8,3808.8,19.2,0.51,216,822700,4084.9,1287.3
STARHEALTH,STARHEALTHEQN,559.35,562.2,562.2,2.85,0.51,268,150669,624.9,416.55
JYOTISTRUC,JYOTISTRUCEQN,9.8,9.85,9.85,0.05,0.51,23736,233799,17.42,7.94
NAVNETEDUL,NAVNETEDULEQN,132.08,132.75,132.75,0.67,0.51,25,3318,168.5,121.5
ARVINDFASN,ARVINDFASNEQN,454.3,456.6,456.6,2.3,0.51,90,41094,579.0,366.2
CAPACITE,CAPACITEEQN,208.88,209.95,209.95,1.07,0.51,137,28763,334.0,180.0
EMPIND,EMPINDEQN,1195.9,1202.0,1202.0,6.1,0.51,31,37262,1248.0,1065.6
AHCL,AHCLEQN,15.6,15.68,15.68,0.08,0.51,3781,59286,17.28,9.08
INDNIPPON,INDNIPPONEQN,1109.4,1115.1,1115.1,5.7,0.51,4,4460,1278.2,675.0
BHARATRAS,BHARATRASEQN,1184.2,1190.1,1190.1,5.9,0.5,48,57124,2987.5,1179.0
SALZERELEC,SALZERELECEQN,537.3,540.0,540.0,2.7,0.5,76,41040,952.5,488.8
GESHIP,GESHIPEQN,1353.6,1360.4,1360.4,6.8,0.5,4011,5456564,1798.0,948.4
SANDHAR,SANDHAREQN,627.85,631.0,631.0,3.15,0.5,108,68148,763.2,424.0
BBL,BBLEQN,2298.3,2309.7,2309.7,11.4,0.5,3,6929,3411.0,2051.7
MATRIMONY,MATRIMONYEQN,529.6,532.25,532.25,2.65,0.5,28,14903,573.0,364.05
NDRAUTO,NDRAUTOEQN,724.2,727.8,727.8,3.6,0.5,18,13100,1186.6,605.05
DEEPAKFERT,DEEPAKFERTEQN,1355.9,1362.7,1362.7,6.8,0.5,662,902107,1681.0,866.4
CONFIPET,CONFIPETEQN,84.28,84.7,84.7,0.42,0.5,4918,416554,88.27,28.06
ESCORTS,ESCORTSEQN,2978.2,2993.0,2993.0,14.8,0.5,7,20951,4180.0,2700.0
IRCON,IRCONEQN,118.69,119.28,119.28,0.59,0.5,5594,667252,189.5,114.5
TRIVENI,TRIVENIEQN,280.5,281.9,281.9,1.4,0.5,1451,409036,490.1,220.05
KALYANKJIL,KALYANKJILEQN,585.3,588.2,588.2,2.9,0.5,9090,5346738,648.95,327.05
GATEWAY,GATEWAYEQN,54.5,54.77,54.77,0.27,0.5,8051,440953,67.72,48.1
JUBLINGREA,JUBLINGREAEQN,690.55,694.0,694.0,3.45,0.5,95,65930,795.0,537.3
MAHABANK,MAHABANKEQN,86.32,86.75,86.75,0.43,0.5,85981,7458851,94.5,51.84
MPSLTD,MPSLTDEQN,2620.6,2633.6,2633.6,13.0,0.5,25,65840,2979.0,1336.1
20MICRONS,20MICRONSEQN,217.82,218.91,218.91,1.09,0.5,423,92598,238.01,129.61
KSCL,KSCLEQN,744.8,748.5,748.5,3.7,0.5,77,57634,1225.0,705.1
TIIL,TIILEQN,3267.4,3283.7,3283.7,16.3,0.5,1,3283,3565.3,1868.5
TORNTPHARM,TORNTPHARMEQN,4905.5,4930.0,4930.0,24.5,0.5,201,990930,5250.0,3480.6
IRISDOREME,IRISDOREMEEQN,59.98,60.28,60.28,0.3,0.5,754,45451,61.6,26.35
RAMRAT,RAMRATEQN,560.8,563.6,563.6,2.8,0.5,187,105393,602.45,268.0
BIOCON,BIOCONEQN,402.0,404.0,404.0,2.0,0.5,1441,582164,447.15,337.05
PNB,PNBEQN,116.32,116.9,116.9,0.58,0.5,12631,1476563,135.15,98.5
CUBEINVIT,CUBEINVITIVN,157.0,157.78,157.78,0.78,0.5,88,13884,165.0,131.0
HERITGFOOD,HERITGFOODEQN,371.55,373.4,373.4,1.85,0.5,19148,7149863,540.0,292.55
PICCADIL,PICCADILEQN,620.5,623.6,623.6,3.1,0.5,95,59242,809.7,515.0
SAKAR,SAKAREQN,1006.95,1012.0,1012.0,5.05,0.5,593,600116,1024.0,321.05
VSTTILLERS,VSTTILLERSEQN,4175.3,4196.1,4196.1,20.8,0.5,13,54549,6374.0,4128.0
MYSORPETRO,MYSORPETROBEN,124.89,125.51,125.51,0.62,0.5,30,3765,182.03,111.0
FILATEX,FILATEXEQN,76.72,77.1,77.1,0.38,0.5,1063,81957,87.27,36.26
CROMPTON,CROMPTONEQN,226.51,227.64,227.64,1.13,0.5,3563,811081,337.0,217.4
CANHLIFE,CANHLIFEEQN,154.31,155.08,155.08,0.77,0.5,389,60326,166.69,106.0
INDGN,INDGNEQN,600.15,603.15,603.15,3.0,0.5,365,220149,615.5,414.0
VISL,VISLEQN,36.07,36.25,36.25,0.18,0.5,34550,1252437,44.78,19.06
IONEXCHANG,IONEXCHANGEQN,382.2,384.1,384.1,1.9,0.5,452,173613,486.0,312.7
HEXT,HEXTEQN,529.1,531.7,531.7,2.6,0.49,487,258937,807.75,400.2
DAMCAPITAL,DAMCAPITALEQN,145.28,145.99,145.99,0.71,0.49,1152,168180,286.0,119.22
EMAMILTD,EMAMILTDEQN,368.2,370.0,370.0,1.8,0.49,432,159840,618.0,361.15
MEDANTA,MEDANTAEQN,1417.3,1424.3,1424.3,7.0,0.49,156,222190,1544.0,956.0
KCP,KCPEQN,168.17,168.99,168.99,0.82,0.49,5,844,212.2,125.0
LUMAXTECH,LUMAXTECHEQN,1985.4,1995.2,1995.2,9.8,0.49,19,37908,2148.7,1024.6
AKUMS,AKUMSEQN,780.55,784.4,784.4,3.85,0.49,936,734198,796.55,409.3
ESABINDIA,ESABINDIAEQN,6077.5,6107.5,6107.5,30.0,0.49,3,18322,7319.5,4710.0
VIMTALABS,VIMTALABSEQN,652.25,655.45,655.45,3.2,0.49,268,175660,902.65,376.05
GOACARBON,GOACARBONEQN,375.25,377.1,377.1,1.85,0.49,21,7919,494.9,272.85
CEINSYS,CEINSYSEQN,678.65,682.0,682.0,3.35,0.49,3,2046,1249.9,675.0
BRITANNIA,BRITANNIAEQN,5130.0,5155.0,5155.0,25.0,0.49,57,293835,6336.0,5035.0
POWERGRID,POWERGRIDEQN,265.6,266.9,266.9,1.3,0.49,35516,9479220,324.95,250.0
ASTERDM,ASTERDMEQN,787.0,790.85,790.85,3.85,0.49,2307,1824490,891.3,519.1
HUDCO,HUDCOEQN,181.07,181.96,181.96,0.89,0.49,6887,1253158,246.85,159.0
VARDHACRLC,VARDHACRLCBEN,43.27,43.48,43.48,0.21,0.49,2,86,48.77,27.01
SHRINGARMS,SHRINGARMSEQN,217.28,218.35,218.35,1.07,0.49,341,74457,266.5,166.0
EMKAY,EMKAYEQN,257.75,259.0,259.0,1.25,0.48,20,5180,409.9,186.0
ZAGGLE,ZAGGLEEQN,182.63,183.5,183.5,0.87,0.48,1296,237816,408.5,154.36
AJMERA,AJMERAEQN,115.45,116.0,116.0,0.55,0.48,1636,189776,221.4,98.03
OLAELEC,OLAELECEQN,37.47,37.65,37.65,0.18,0.48,207401,7808647,71.25,22.25
JAYBARMARU,JAYBARMARUEQN,121.81,122.4,122.4,0.59,0.48,10,1224,207.0,74.15
SANOFI,SANOFIEQN,3190.8,3206.0,3206.0,15.2,0.48,13,41678,5175.5,3054.0
ORIENTELEC,ORIENTELECEQN,178.15,179.0,179.0,0.85,0.48,139,24881,219.0,149.05
GOCLCORP,GOCLCORPEQN,422.95,425.0,425.0,2.05,0.48,12326,5238550,459.9,223.35
NDTV,NDTVEQN,70.66,71.0,71.0,0.34,0.48,49,3479,134.5,58.75
PASHUPATI,PASHUPATIEQN,83.1,83.5,83.5,0.4,0.48,1775,148212,118.35,66.4
VIVOBIOT,VIVOBIOTEQN,18.7,18.79,18.79,0.09,0.48,300,5637,20.94,17.51
CCHHL,CCHHLEQN,12.64,12.7,12.7,0.06,0.47,500,6350,19.5,10.03
ORIENTTECH,ORIENTTECHEQN,238.75,239.88,239.88,1.13,0.47,297,71244,466.73,220.8
ANIKINDS,ANIKINDSEQN,44.99,45.2,45.2,0.21,0.47,2,90,94.78,32.5
ITCHOTELS,ITCHOTELSEQN,160.25,161.0,161.0,0.75,0.47,6611,1064371,253.67,137.3
MUNJALAU,MUNJALAUEQN,112.92,113.45,113.45,0.53,0.47,2704,306768,130.6,67.2
IDBI,IDBIEQN,91.97,92.4,92.4,0.43,0.47,25156,2324414,118.38,61.01
MMTC,MMTCEQN,62.32,62.61,62.61,0.29,0.47,7004,438520,78.35,50.1
TRACXN,TRACXNEQN,29.94,30.08,30.08,0.14,0.47,3,90,55.9,25.39
ARIHANTCAP,ARIHANTCAPEQN,78.52,78.88,78.88,0.36,0.46,1006,79353,120.0,56.97
BALMLAWRIE,BALMLAWRIEEQN,176.93,177.75,177.75,0.82,0.46,37,6576,238.2,148.36
PRABHA,PRABHAEQN,220.97,221.99,221.99,1.02,0.46,480,106555,245.63,137.91
MINDACORP,MINDACORPEQN,706.5,709.75,709.75,3.25,0.46,292,207247,769.0,468.5
NSLNISP,NSLNISPEQN,45.4,45.61,45.61,0.21,0.46,19580,893043,53.75,33.01
MOLDTKPAC,MOLDTKPACEQN,699.6,702.85,702.85,3.25,0.46,46,32331,870.5,464.9
PCBL,PCBLEQN,314.25,315.7,315.7,1.45,0.46,801,252875,425.95,226.5
USHAMART,USHAMARTEQN,515.65,518.0,518.0,2.35,0.46,2569,1330742,527.5,374.0
PNBGILTS,PNBGILTSEQN,78.63,78.99,78.99,0.36,0.46,5161,407667,106.0,58.6
JISLJALEQS,JISLJALEQSEQN,28.16,28.29,28.29,0.13,0.46,4580,129568,59.0,26.11
INNOVACAP,INNOVACAPEQN,1125.4,1130.6,1130.6,5.2,0.46,78,88186,1155.8,622.0
DPEL,DPELSMN,577.3,579.95,579.95,2.65,0.46,500,289975,599.0,137.0
SATIN,SATINEQN,219.37,220.39,220.39,1.02,0.46,310,68320,274.14,135.81
PRECAM,PRECAMEQN,122.1,122.65,122.65,0.55,0.45,710,87081,262.0,103.98
TEJASNET,TEJASNETEQN,567.45,570.0,570.0,2.55,0.45,7883,4493310,644.75,294.0
AARTIPHARM,AARTIPHARMEQN,868.1,872.0,872.0,3.9,0.45,651,567672,946.1,585.0
BAJAJHIND,BAJAJHINDEQN,22.08,22.18,22.18,0.1,0.45,69456,1540534,26.0,14.85
JINDRILL,JINDRILLEQN,649.9,652.85,652.85,2.95,0.45,2695,1759430,693.5,440.1
JKPAPER,JKPAPEREQN,410.15,412.0,412.0,1.85,0.45,3905,1608860,444.8,304.85
TITAGARH,TITAGARHEQN,844.2,848.0,848.0,3.8,0.45,808,685184,971.0,568.7
HCLTECH,HCLTECHEQN,1319.0,1324.9,1324.9,5.9,0.45,13373,17717887,1780.1,1030.0
MPHASIS,MPHASISEQN,2471.0,2482.0,2482.0,11.0,0.45,710,1762220,3037.2,2013.0
TCI,TCIEQN,870.9,874.8,874.8,3.9,0.45,121,105850,1242.0,863.0
CRIZAC,CRIZACEQN,162.27,163.0,163.0,0.73,0.45,957,155991,387.95,161.66
NECCLTD,NECCLTDBEN,17.63,17.71,17.71,0.08,0.45,76,1345,24.01,10.55
UYFINCORP,UYFINCORPBEN,19.93,20.02,20.02,0.09,0.45,163,3263,22.34,11.5
HBLENGINE,HBLENGINEEQN,665.55,668.5,668.5,2.95,0.44,2441,1631808,1122.0,613.0
PROTEAN,PROTEANEQN,494.8,497.0,497.0,2.2,0.44,186,92442,945.5,444.0
NITCO,NITCOEQN,96.28,96.7,96.7,0.42,0.44,328,31717,126.0,64.0
TECHM,TECHMEQN,1598.0,1605.1,1605.1,7.1,0.44,2200,3531220,1854.0,1304.1
KNRCON,KNRCONEQN,119.27,119.8,119.8,0.53,0.44,1629,195154,220.0,108.65
SAIL,SAILEQN,197.0,197.86,197.86,0.86,0.44,34009,6729020,209.7,123.56
IREDA,IREDAEQN,113.0,113.5,113.5,0.5,0.44,11543,1310130,163.35,108.65
LAXMIINDIA,LAXMIINDIAEQN,128.13,128.7,128.7,0.57,0.44,374,48133,180.9,71.06
ARIS,ARISEQN,129.43,130.0,130.0,0.57,0.44,1885,245050,178.3,82.18
TCS,TCSEQN,2320.1,2330.0,2330.0,9.9,0.43,15384,35844720,3350.0,1976.8
V2RETAIL,V2RETAILEQN,219.0,219.94,219.94,0.94,0.43,1289,283502,259.25,158.56
CDSL,CDSLEQN,1394.0,1400.0,1400.0,6.0,0.43,3957,5539800,1673.7,1116.3
VINDHYATEL,VINDHYATELEQN,2736.2,2748.0,2748.0,11.8,0.43,2385,6553980,2810.0,963.9
SAGILITY,SAGILITYEQN,46.8,47.0,47.0,0.2,0.43,53900,2533300,57.89,35.83
POLYPLEX,POLYPLEXEQN,1202.7,1207.9,1207.9,5.2,0.43,241,291103,1264.0,740.0
KENNAMET,KENNAMETEQN,4532.2,4551.5,4551.5,19.3,0.43,11,50066,4860.0,2405.2
JAGRAN,JAGRANEQN,61.23,61.49,61.49,0.26,0.42,142,8731,78.9,59.5
INDIGOPNTS,INDIGOPNTSEQN,1183.1,1183.1,1183.1,5.0,0.42,166,196394,1345.9,708.05
CELLO,CELLOEQN,343.45,344.9,344.9,1.45,0.42,54,18624,673.8,336.6
KOTHARIPET,KOTHARIPETEQN,129.02,129.56,129.56,0.54,0.42,647,83825,174.0,94.75
RAIN,RAINEQN,211.71,212.6,212.6,0.89,0.42,8427,1791580,252.0,99.9
PAKKA,PAKKAEQN,73.64,73.95,73.95,0.31,0.42,1930,142723,178.84,69.1
PERSISTENT,PERSISTENTEQN,5657.0,5680.0,5680.0,23.0,0.41,572,3248960,6599.0,4244.5
GRINDWELL,GRINDWELLEQN,1974.4,1982.5,1982.5,8.1,0.41,29,57492,2455.0,1329.0
RISHABH,RISHABHEQN,734.95,738.0,738.0,3.05,0.41,523,385974,753.0,315.0
ELGIEQUIP,ELGIEQUIPEQN,630.35,632.95,632.95,2.6,0.41,567,358882,644.0,408.25
GIPCL,GIPCLEQN,208.04,208.9,208.9,0.86,0.41,6065,1266978,211.71,119.9
DBSTOCKBRO,DBSTOCKBROBEN,29.07,29.19,29.19,0.12,0.41,1,29,48.5,23.15
OFSS,OFSSEQN,12149.0,12199.0,12199.0,50.0,0.41,242,2952158,12540.0,6234.5
BOSCHLTD,BOSCHLTDEQN,47000.0,47195.0,47195.0,195.0,0.41,29,1368655,50000.0,28610.0
BCLIND,BCLINDEQN,36.22,36.37,36.37,0.15,0.41,4656,169338,44.9,25.53
FDC,FDCEQN,341.6,343.0,343.0,1.4,0.41,102,34986,527.8,312.95
SILGO,SILGOEQN,71.16,71.45,71.45,0.29,0.41,461,32938,86.2,57.55
MANIPALHOS,MANIPALHOSEQN,726.0,729.0,729.0,3.0,0.41,10366,7556814,815.0,625.45
MOLBIO,MOLBIOEQN,1135.2,1139.9,1139.9,4.7,0.41,1054,1201454,1264.6,926.35
EXICOM,EXICOMEQN,166.13,166.8,166.8,0.67,0.4,3566,594808,182.9,75.6
APOLLOPIPE,APOLLOPIPEEQN,614.55,617.0,617.0,2.45,0.4,74,45658,668.8,252.1
LANDMARK,LANDMARKEQN,498.0,500.0,500.0,2.0,0.4,11,5500,662.8,339.5
CANTABIL,CANTABILEQN,237.74,238.7,238.7,0.96,0.4,210,50127,321.5,208.5
CANBK,CANBKEQN,125.8,126.3,126.3,0.5,0.4,29971,3785337,162.89,105.61
HITECH,HITECHEQN,75.15,75.45,75.45,0.3,0.4,2111,159274,127.5,70.14
TEMPSENS,TEMPSENSEQN,568.55,570.8,570.8,2.25,0.4,8248,4707958,634.85,534.7
ALOKINDS,ALOKINDSEQN,7.53,7.56,7.56,0.03,0.4,185445,1401964,19.34,7.06
DDEVPLSTIK,DDEVPLSTIKEQN,272.5,273.55,273.55,1.05,0.39,310,84800,360.0,185.15
MUFIN,MUFINEQN,136.92,137.45,137.45,0.53,0.39,1810,248784,141.5,82.99
ACC,ACCEQN,1272.0,1277.0,1277.0,5.0,0.39,286,365222,1987.0,1251.7
J&KBANK,J&KBANKEQN,149.86,150.45,150.45,0.59,0.39,4240,637908,201.75,97.35
RAMCOCEM,RAMCOCEMEQN,879.15,882.6,882.6,3.45,0.39,3,2647,1214.5,838.3
MOREPENLAB,MOREPENLABEQN,117.45,117.91,117.91,0.46,0.39,113162,13342931,118.55,33.05
NMDC,NMDCEQN,84.19,84.52,84.52,0.33,0.39,27059,2287026,97.49,72.24
MUKANDLTD,MUKANDLTDEQN,132.97,133.49,133.49,0.52,0.39,593,79159,154.25,114.31
WALCHANNAG,WALCHANNAGEQN,206.13,206.94,206.94,0.81,0.39,561,116093,315.8,131.15
ZEEL,ZEELEQN,91.64,92.0,92.0,0.36,0.39,22336,2054912,121.8,68.0
INDOMIM,INDOMIMEQN,922.4,926.0,926.0,3.6,0.39,4090,3787340,989.9,700.0
RPSGVENT,RPSGVENTEQN,833.3,836.55,836.55,3.25,0.39,30,25096,1179.0,551.9
ITC,ITCEQN,263.0,264.0,264.0,1.0,0.38,19883,5249112,427.0,255.5
NIBE,NIBEEQN,1322.0,1327.0,1327.0,5.0,0.38,107,141989,1848.0,809.6
INDRAMEDCO,INDRAMEDCOEQN,356.35,357.7,357.7,1.35,0.38,285,101944,640.85,342.0
TRITURBINE,TRITURBINEEQN,571.7,573.9,573.9,2.2,0.38,1149,659411,787.6,428.35
BALUFORGE,BALUFORGEEQN,570.35,572.5,572.5,2.15,0.38,3884,2223590,697.0,341.05
LATENTVIEW,LATENTVIEWEQN,266.0,267.0,267.0,1.0,0.38,1471,392757,517.5,248.0
LUPIN,LUPINEQN,2132.0,2140.1,2140.1,8.1,0.38,275,588527,2529.5,1875.0
CHAMBLFERT,CHAMBLFERTEQN,418.3,419.9,419.9,1.6,0.38,1151,483304,580.7,399.75
CANFINHOME,CANFINHOMEEQN,804.95,808.0,808.0,3.05,0.38,129,104232,971.5,733.0
HPL,HPLEQN,303.25,304.4,304.4,1.15,0.38,61,18568,507.9,255.55
SHADOWFAX,SHADOWFAXEQN,259.9,260.9,260.9,1.0,0.38,6356,1658280,268.65,98.55
ZENITHSTL,ZENITHSTLEQN,5.37,5.39,5.39,0.02,0.37,15,80,10.33,4.41
KINGFA,KINGFAEQN,5888.0,5910.0,5910.0,22.0,0.37,5,29550,6200.0,3649.9
TATATECH,TATATECHEQN,805.1,808.05,808.05,2.95,0.37,1081,873502,891.0,507.4
ORIENTHOT,ORIENTHOTEQN,141.96,142.48,142.48,0.52,0.37,368,52432,149.5,80.0
JTLIND,JTLINDEQN,89.67,90.0,90.0,0.33,0.37,16849,1516410,94.0,40.25
KTKBANK,KTKBANKEQN,339.75,341.0,341.0,1.25,0.37,3876,1321716,342.5,170.0
MARINE,MARINEEQN,430.4,432.0,432.0,1.6,0.37,9223,3984336,450.0,150.86
TCPLPACK,TCPLPACKEQN,3956.6,3971.4,3971.4,14.8,0.37,11,43685,4410.9,2200.0
KPRMILL,KPRMILLEQN,1175.4,1179.7,1179.7,4.3,0.37,105,123868,1334.0,796.1
JINDALSAW,JINDALSAWEQN,310.85,312.0,312.0,1.15,0.37,20305,6335160,319.5,153.0
ALANKIT,ALANKITEQN,8.02,8.05,8.05,0.03,0.37,187,1505,14.32,6.8
GANDHAR,GANDHAREQN,267.4,268.4,268.4,1.0,0.37,337,90450,303.17,115.0
IRBINVIT,IRBINVITIVN,64.5,64.74,64.74,0.24,0.37,2846,184250,65.0,57.05
SEPC,SEPCEQN,5.37,5.39,5.39,0.02,0.37,130225,701912,13.73,4.65
ADVENZYMES,ADVENZYMESEQN,296.0,297.1,297.1,1.1,0.37,55,16340,419.0,251.95
VIJAYA,VIJAYAEQN,1505.5,1511.0,1511.0,5.5,0.37,31,46841,1573.0,848.0
PANORAMA,PANORAMAEQN,45.83,46.0,46.0,0.17,0.37,2110,97060,51.0,40.0
EKC,EKCEQN,107.0,107.4,107.4,0.4,0.37,111,11921,154.55,90.25
ADSL,ADSLEQN,104.85,105.24,105.24,0.39,0.37,249,26204,209.53,86.27
HECPROJECT,HECPROJECTEQN,121.34,121.78,121.78,0.44,0.36,1,121,160.5,92.1
RPOWER,RPOWEREQN,22.03,22.11,22.11,0.08,0.36,95013,2100737,50.73,20.17
HSCL,HSCLEQN,662.0,664.4,664.4,2.4,0.36,4528,3008403,819.5,418.5
FACT,FACTEQN,800.2,803.05,803.05,2.85,0.36,201,161413,1058.6,652.1
INOXWIND,INOXWINDEQN,74.0,74.27,74.27,0.27,0.36,111248,8262388,159.3,68.0
IIFL,IIFLEQN,643.4,645.7,645.7,2.3,0.36,6429,4151205,705.0,409.1
ADANIGREEN,ADANIGREENEQN,1283.4,1288.0,1288.0,4.6,0.36,1083,1394904,1631.5,765.0
RICOAUTO,RICOAUTOEQN,126.49,126.95,126.95,0.46,0.36,204,25897,157.99,78.92
RUCHIRA,RUCHIRAEQN,105.12,105.5,105.5,0.38,0.36,160,16880,173.0,95.17
CRAMC,CRAMCEQN,251.2,252.1,252.1,0.9,0.36,178,44873,353.4,214.2
ARTEMISMED,ARTEMISMEDEQN,319.85,321.0,321.0,1.15,0.36,171,54891,335.0,203.35
VAML,VAMLEQN,435.85,437.4,437.4,1.55,0.36,9891,4326323,537.0,423.15
ASHAPURMIN,ASHAPURMINEQN,547.95,549.85,549.85,1.9,0.35,387,212791,924.9,455.1
JPOLYINVST,JPOLYINVSTEQN,1006.5,1010.0,1010.0,3.5,0.35,45,45450,1487.7,852.1
IDEA,IDEAEQN,14.48,14.53,14.53,0.05,0.35,1429672,20773134,15.37,6.46
WEBELSOLAR,WEBELSOLAREQN,77.33,77.6,77.6,0.27,0.35,4631,359365,137.9,50.4
ANANDRATHI,ANANDRATHIEQN,2205.3,2213.0,2213.0,7.7,0.35,149,329737,2242.0,1353.85
CAMS,CAMSEQN,747.4,750.0,750.0,2.6,0.35,1789,1341750,844.9,611.4
CHENNPETRO,CHENNPETROEQN,1440.0,1445.1,1445.1,5.1,0.35,5000,7225500,1489.7,685.1
IDFCFIRSTB,IDFCFIRSTBEQN,87.5,87.81,87.81,0.31,0.35,92430,8116278,88.76,58.08
SEDEMAC,SEDEMACEQN,2905.9,2916.2,2916.2,10.3,0.35,33,96234,3368.9,1413.1
CMRGREEN,CMRGREENEQN,230.74,231.55,231.55,0.81,0.35,4094,947965,268.96,205.25
DCXINDIA,DCXINDIAEQN,169.57,170.15,170.15,0.58,0.34,1071,182230,286.0,153.3
VARROC,VARROCEQN,839.15,842.0,842.0,2.85,0.34,196,165032,896.0,462.0
AARTIIND,AARTIINDEQN,501.9,503.6,503.6,1.7,0.34,1619,815328,551.75,338.05
TTKHLTCARE,TTKHLTCAREEQN,1103.2,1107.0,1107.0,3.8,0.34,2,2214,1216.0,735.0
MRF,MRFEQN,130510.0,130950.0,130950.0,440.0,0.34,15,1964250,163600.0,122000.0
AEROFLEX,AEROFLEXEQN,542.15,544.0,544.0,1.85,0.34,4449,2420256,570.5,158.0
BCONCEPTS,BCONCEPTSEQN,165.43,166.0,166.0,0.57,0.34,6,996,449.0,152.84
DBREALTY,DBREALTYEQN,103.05,103.4,103.4,0.35,0.34,729,75378,184.8,83.5
WHEELS,WHEELSEQN,1654.4,1660.0,1660.0,5.6,0.34,413,685580,1808.0,705.85
ICICIAMC,ICICIAMCEQN,2980.0,2990.0,2990.0,10.0,0.34,216,645840,3611.0,2530.0
DIACABS,DIACABSBEN,322.9,324.0,324.0,1.1,0.34,9694,3140856,379.0,115.57
QUADFUTURE,QUADFUTUREEQN,425.6,427.0,427.0,1.4,0.33,405,172935,502.4,248.55
GENCON,GENCONEQN,42.36,42.5,42.5,0.14,0.33,24,1020,59.96,36.35
CAPINVIT,CAPINVITIVN,76.19,76.44,76.44,0.25,0.33,74,5656,79.99,67.0
METROBRAND,METROBRANDEQN,915.65,915.65,915.65,3.0,0.33,111,101637,1340.4,883.0
GOCOLORS,GOCOLORSEQN,322.55,323.6,323.6,1.05,0.33,4,1294,760.9,237.05
AMRUTANJAN,AMRUTANJANEQN,507.35,509.0,509.0,1.65,0.33,2,1018,790.95,482.8
TFCILTD,TFCILTDEQN,146.71,147.19,147.19,0.48,0.33,9578,1409785,147.65,51.0
SFL,SFLEQN,644.9,647.0,647.0,2.1,0.33,113,73111,832.45,456.8
AETHER,AETHEREQN,1654.7,1660.1,1660.1,5.4,0.33,129,214152,1717.0,726.45
BCG,BCGEQN,9.0,9.03,9.03,0.03,0.33,31412,283650,16.39,7.7
LEMONTREE,LEMONTREEEQN,104.89,105.24,105.24,0.35,0.33,4311,453689,180.68,99.61
APEX,APEXEQN,376.75,378.0,378.0,1.25,0.33,253,95634,514.5,215.43
SUMICHEM,SUMICHEMEQN,498.35,500.0,500.0,1.65,0.33,182,91000,617.45,362.6
RSWM,RSWMBEN,217.28,218.0,218.0,0.72,0.33,2862,623916,238.0,120.0
SHYAMMETL,SHYAMMETLEQN,1076.4,1079.9,1079.9,3.5,0.33,49,52915,1111.0,746.0
RADHIKAJWE,RADHIKAJWEEQN,71.32,71.55,71.55,0.23,0.32,1722,123209,99.65,50.01
VSSL,VSSLEQN,363.95,365.1,365.1,1.15,0.32,36,13143,375.95,206.4
GRSE,GRSEEQN,2509.8,2517.9,2517.9,8.1,0.32,1331,3351324,3339.0,1963.7
LORDSCHLO,LORDSCHLOEQN,141.55,142.0,142.0,0.45,0.32,30,4260,233.0,108.0
JAIBALAJI,JAIBALAJIEQN,70.85,71.08,71.08,0.23,0.32,228,16206,108.0,53.65
THEMISMED,THEMISMEDEQN,124.87,125.27,125.27,0.4,0.32,200,25054,148.0,64.95
GENUSPOWER,GENUSPOWEREQN,339.7,340.8,340.8,1.1,0.32,937,319329,363.0,210.4
ACUTAAS,ACUTAASEQN,3201.0,3211.1,3211.1,10.1,0.32,198,635797,3740.0,1302.0
CRISIL,CRISILEQN,4759.7,4775.0,4775.0,15.3,0.32,28,133700,5115.0,3686.0
MMFL,MMFLEQN,641.8,643.8,643.8,2.0,0.31,39,25108,687.95,288.1
MSTCLTD,MSTCLTDEQN,744.25,746.55,746.55,2.3,0.31,334,249347,763.0,362.15
POONAWALLA,POONAWALLAEQN,465.1,466.55,466.55,1.45,0.31,317,147896,570.4,361.2
PARAGMILK,PARAGMILKEQN,254.2,255.0,255.0,0.8,0.31,2295,585225,376.95,177.84
ADOR,ADOREQN,1714.6,1720.0,1720.0,5.4,0.31,46,79120,1766.4,848.0
ATHERENERG,ATHERENERGEQN,1638.9,1644.0,1644.0,5.1,0.31,8543,14044692,1744.0,485.0
IBULLSLTD,IBULLSLTDEQN,25.84,25.92,25.92,0.08,0.31,2464,63866,32.5,8.9
PARAS,PARASEQN,1411.5,1415.8,1415.8,4.3,0.3,2346,3321466,1585.0,580.5
SIEMENS,SIEMENSEQN,4030.0,4042.0,4042.0,12.0,0.3,70,282940,4149.4,2826.0
PRESTIGE,PRESTIGEEQN,1615.2,1620.1,1620.1,4.9,0.3,468,758206,1805.2,1090.0
HAPPSTMNDS,HAPPSTMNDSEQN,353.95,355.0,355.0,1.05,0.3,2092,742660,583.4,330.2
INDIGRID,INDIGRIDIVN,175.07,175.59,175.59,0.52,0.3,3920,688312,180.9,161.01
GODREJIND,GODREJINDEQN,1154.3,1157.8,1157.8,3.5,0.3,80,92624,1443.0,744.2
KOTIC,KOTICEQN,134.79,135.2,135.2,0.41,0.3,643,86933,223.7,133.51
WABAG,WABAGEQN,2011.1,2017.0,2017.0,5.9,0.29,573,1155741,2253.5,1033.0
MARSONS,MARSONSEQN,125.53,125.89,125.89,0.36,0.29,4805,604901,175.4,100.25
INTELLECT,INTELLECTEQN,678.3,680.3,680.3,2.0,0.29,583,396614,1244.6,595.2
HUHTAMAKI,HUHTAMAKIEQN,258.2,258.95,258.95,0.75,0.29,213,55156,330.0,148.6
WELCORP,WELCORPEQN,2641.6,2649.2,2649.2,7.6,0.29,5427,14377208,2676.0,710.0
HINDALCO,HINDALCOEQN,1010.0,1012.9,1012.9,2.9,0.29,3434,3478298,1176.0,723.1
NOCIL,NOCILEQN,171.8,172.3,172.3,0.5,0.29,360,62028,204.5,125.31
IOLCP,IOLCPEQN,196.43,197.0,197.0,0.57,0.29,19595,3860215,202.99,67.19
ZFCVINDIA,ZFCVINDIAEQN,2524.8,2532.0,2532.0,7.2,0.29,20,50640,3044.0,2050.33
TEMBO,TEMBOEQN,55.94,56.1,56.1,0.16,0.29,159,8919,837.0,55.0
WPIL,WPILEQN,445.5,446.8,446.8,1.3,0.29,14,6255,510.35,383.55
SPAL,SPALEQN,1062.8,1062.8,1062.8,3.0,0.28,45,47826,1221.9,600.0
MOBIKWIK,MOBIKWIKEQN,190.61,191.15,191.15,0.54,0.28,959,183312,334.0,151.46
CEWATER,CEWATEREQN,265.4,266.15,266.15,0.75,0.28,16,4258,555.8,235.0
JMFINANCIL,JMFINANCILEQN,134.53,134.9,134.9,0.37,0.28,6883,928516,195.6,112.0
M&M,M&MEQN,3150.0,3158.7,3158.7,8.7,0.28,4980,15730326,3839.9,2896.0
SDBL,SDBLEQN,72.62,72.82,72.82,0.2,0.28,504,36701,142.6,61.8
BHEL,BHELEQN,431.8,433.0,433.0,1.2,0.28,9970,4317010,446.5,209.6
CONTROLPR,CONTROLPREQN,600.3,602.0,602.0,1.7,0.28,1,602,899.0,517.0
AXISCADES,AXISCADESEQN,1730.4,1735.2,1735.2,4.8,0.28,157,272426,2211.0,1063.3
VASCONEQ,VASCONEQEQN,30.05,30.13,30.13,0.08,0.27,702,21151,74.59,26.75
KIMS,KIMSEQN,767.85,769.95,769.95,2.1,0.27,215,165539,858.0,575.8
GRASIM,GRASIMEQN,3310.0,3318.9,3318.9,8.9,0.27,1666,5529287,3411.1,2502.5
NAZARA,NAZARAEQN,365.8,366.8,366.8,1.0,0.27,790,289772,379.4,215.7
AEQUS,AEQUSEQN,247.23,247.9,247.9,0.67,0.27,3785,938301,274.39,113.3
JAINREC,JAINRECEQN,279.8,280.55,280.55,0.75,0.27,1210,339465,593.95,247.57
HEXAGON,HEXAGONBEN,66.42,66.6,66.6,0.18,0.27,382,25441,78.25,48.1
RIR,RIREQN,157.58,158.0,158.0,0.42,0.27,516,81528,185.99,154.0
AUTOAXLES,AUTOAXLESEQN,1705.4,1710.0,1710.0,4.6,0.27,2,3420,2115.0,1540.2
ORISSAMINE,ORISSAMINEEQN,4290.3,4302.0,4302.0,11.7,0.27,1,4302,6138.9,3100.5
GNFC,GNFCEQN,587.35,588.9,588.9,1.55,0.26,1333,785003,619.0,365.0
ZYDUSLIFE,ZYDUSLIFEEQN,1143.0,1146.0,1146.0,3.0,0.26,728,834288,1205.0,835.5
AXISBANK,AXISBANKEQN,1267.0,1270.3,1270.3,3.3,0.26,5139,6528071,1418.3,1045.0
BECTORFOOD,BECTORFOODEQN,229.41,230.01,230.01,0.6,0.26,1550,356515,299.0,165.0
UNIVCABLES,UNIVCABLESEQN,1626.8,1631.0,1631.0,4.2,0.26,469,764939,1774.9,576.0
GUFICBIO,GUFICBIOEQN,439.35,440.5,440.5,1.15,0.26,276,121578,453.95,268.0
ZUARIIND,ZUARIINDEQN,273.2,273.9,273.9,0.7,0.26,22,6025,416.0,210.0
CENTRALBK,CENTRALBKEQN,30.77,30.85,30.85,0.08,0.26,26499,817494,40.92,29.32
PETRONET,PETRONETEQN,289.5,290.25,290.25,0.75,0.26,599,173859,326.4,235.35
JARO,JAROEQN,454.4,455.6,455.6,1.2,0.26,17,7745,890.0,383.5
NECLIFE,NECLIFEEQN,12.17,12.2,12.2,0.03,0.25,11,134,22.4,9.3
ACMESOLAR,ACMESOLAREQN,401.9,402.9,402.9,1.0,0.25,3652,1471390,411.5,195.9
INDOTECH,INDOTECHEQN,3610.7,3619.7,3619.7,9.0,0.25,5,18098,4030.0,1100.0
EIMCOELECO,EIMCOELECOEQN,2280.4,2286.1,2286.1,5.7,0.25,1,2286,2380.0,1405.5
SNOWMAN,SNOWMANEQN,36.41,36.5,36.5,0.09,0.25,5,182,59.8,30.5
MARATHON,MARATHONEQN,434.95,436.05,436.05,1.1,0.25,532,231978,685.4,344.05
ACE,ACEEQN,1145.5,1148.4,1148.4,2.9,0.25,628,721195,1196.0,745.1
TVSELECT,TVSELECTEQN,421.3,422.35,422.35,1.05,0.25,65,27452,739.35,336.2
KIRLOSIND,KIRLOSINDEQN,3724.7,3734.0,3734.0,9.3,0.25,2,7468,4574.8,2463.0
DHANBANK,DHANBANKEQN,31.72,31.8,31.8,0.08,0.25,13,413,36.85,19.45
UGROCAP,UGROCAPEQN,84.89,85.1,85.1,0.21,0.25,131,11148,192.5,80.12
WINDLAS,WINDLASEQN,1127.1,1129.9,1129.9,2.8,0.25,495,559300,1148.0,697.4
WANBURY,WANBURYEQN,243.35,243.95,243.95,0.6,0.25,1,243,358.85,161.5
ORCHPHARMA,ORCHPHARMAEQN,934.65,937.0,937.0,2.35,0.25,8,7496,1133.0,480.0
AGIIL,AGIILEQN,278.3,279.0,279.0,0.7,0.25,3838,1070802,434.4,224.7
CUBEXTUB,CUBEXTUBEQN,76.41,76.6,76.6,0.19,0.25,1,76,143.69,73.1
KDDL,KDDLEQN,3855.3,3864.9,3864.9,9.6,0.25,42,162325,4155.5,1990.0
HINDUNILVR,HINDUNILVREQN,1962.0,1967.0,1967.0,5.0,0.25,2667,5245989,2750.0,1959.9
GRWRHITECH,GRWRHITECHEQN,7100.0,7117.5,7117.5,17.5,0.25,23,163702,7990.0,2690.7
JYOTHYLAB,JYOTHYLABEQN,200.5,201.0,201.0,0.5,0.25,570,114570,347.0,188.1
METROPOLIS,METROPOLISEQN,591.9,593.4,593.4,1.5,0.25,172,102064,609.05,412.25
SBIN,SBINEQN,1023.4,1026.0,1026.0,2.6,0.25,10580,10855080,1234.7,803.0
PUNJABCHEM,PUNJABCHEMEQN,1097.0,1099.7,1099.7,2.7,0.25,10,10997,1533.9,876.6
KRSNAA,KRSNAAEQN,550.95,552.35,552.35,1.4,0.25,54,29826,894.4,515.0
CRAFTSMAN,CRAFTSMANEQN,11220.0,11248.0,11248.0,28.0,0.25,35,393680,11500.0,6324.0
TERASOFT,TERASOFTEQN,281.3,282.0,282.0,0.7,0.25,86,24252,598.0,279.95
DPABHUSHAN,DPABHUSHANEQN,1359.4,1362.8,1362.8,3.4,0.25,2,2725,1670.0,866.1
BLBLIMITED,BLBLIMITEDEQN,16.96,17.0,17.0,0.04,0.24,392,6664,22.47,12.0
CENTEXT,CENTEXTEQN,21.24,21.29,21.29,0.05,0.24,710,15115,34.75,15.67
BRIGADE,BRIGADEEQN,712.3,714.0,714.0,1.7,0.24,11832,8448048,802.01,450.75
BANCOINDIA,BANCOINDIAEQN,616.9,618.4,618.4,1.5,0.24,115,71116,879.8,502.0
RPEL,RPELEQN,1885.2,1889.8,1889.8,4.6,0.24,271,512135,1900.0,561.3
KPIL,KPILEQN,1417.7,1421.1,1421.1,3.4,0.24,205,291325,1479.6,1007.1
ABSLAMC,ABSLAMCEQN,1045.2,1047.7,1047.7,2.5,0.24,114,119437,1224.9,708.0
SKFINDUS,SKFINDUSEQN,3062.8,3070.0,3070.0,7.2,0.24,37,113590,3131.0,1994.1
CMSINFO,CMSINFOEQN,244.86,245.45,245.45,0.59,0.24,602,147760,429.65,238.3
GABRIEL,GABRIELEQN,1345.8,1349.0,1349.0,3.2,0.24,197,265753,1600.0,795.7
GLAND,GLANDEQN,2907.9,2915.0,2915.0,7.1,0.24,13856,40390240,3039.8,1573.6
HDFCBANK,HDFCBANKEQN,706.65,708.35,708.35,1.7,0.24,129703,91875120,1020.5,698.5
IOB,IOBEQN,33.23,33.31,33.31,0.08,0.24,18202,606308,41.8,31.2
MARKSANS,MARKSANSEQN,332.2,333.0,333.0,0.8,0.24,2720,905760,345.5,155.0
INFY,INFYEQN,1130.3,1133.0,1133.0,2.7,0.24,63901,72399833,1728.0,982.4
KOLTEPATIL,KOLTEPATILEQN,449.55,450.65,450.65,1.1,0.24,9,4055,554.6,292.25
AMBER,AMBEREQN,7410.0,7428.0,7428.0,18.0,0.24,137,1017636,8974.0,5400.5
INDOSTAR,INDOSTAREQN,255.88,256.5,256.5,0.62,0.24,12,3078,292.0,179.03
DYNAMATECH,DYNAMATECHEQN,11532.0,11560.0,11560.0,28.0,0.24,14,161840,12875.0,6500.5
KIRLOSBROS,KIRLOSBROSEQN,1881.3,1885.9,1885.9,4.6,0.24,32,60348,2189.2,1335.0
CEATLTD,CEATLTDEQN,3315.3,3323.3,3323.3,8.0,0.24,84,279157,4438.0,3061.2
GAJA,GAJAEQN,157.62,158.0,158.0,0.38,0.24,1586,250588,191.65,149.51
SURANASOL,SURANASOLEQN,25.94,26.0,26.0,0.06,0.23,326,8476,39.08,18.31
PPLPHARMA,PPLPHARMAEQN,214.49,214.99,214.99,0.5,0.23,3165,680443,220.36,132.3
KRISHNADEF,KRISHNADEFEQN,1008.7,1011.0,1011.0,2.3,0.23,68,68748,1400.0,665.0
MAGADSUGAR,MAGADSUGAREQN,566.7,568.0,568.0,1.3,0.23,3,1704,634.95,417.0
MRPL,MRPLEQN,175.99,176.4,176.4,0.41,0.23,24227,4273642,212.31,124.21
SENCO,SENCOEQN,349.05,349.85,349.85,0.8,0.23,1260,440811,430.0,276.0
ROSSELLIND,ROSSELLINDEQN,57.67,57.8,57.8,0.13,0.23,107,6184,73.0,40.0
PAUSHAKLTD,PAUSHAKLTDEQN,806.15,808.0,808.0,1.85,0.23,204,164832,826.75,342.5
NAVA,NAVAEQN,557.2,558.5,558.5,1.3,0.23,136,75956,739.4,501.65
KECL,KECLEQN,125.2,125.49,125.49,0.29,0.23,312,39152,155.0,75.47
LTM,LTMEQN,4560.0,4570.3,4570.3,10.3,0.23,909,4154402,6429.5,3528.0
VEDPOWER,VEDPOWEREQN,34.29,34.37,34.37,0.08,0.23,19045,654576,49.88,33.06
VMART,VMARTEQN,839.1,841.0,841.0,1.9,0.23,20,16820,888.0,457.9
NARMADA,NARMADAEQN,13.62,13.65,13.65,0.03,0.22,130,1774,22.59,9.95
RBLBANK,RBLBANKEQN,408.1,409.0,409.0,0.9,0.22,37842,15477378,410.7,261.6
SWSOLAR,SWSOLAREQN,187.79,188.2,188.2,0.41,0.22,1426,268373,281.7,148.0
GICRE,GICREEQN,356.15,343.65,343.65,0.75,0.22,22889,7865804,417.95,346.7
HEG,HEGEQN,707.45,709.0,709.0,1.55,0.22,1685,1194665,753.9,470.8
AWHCL,AWHCLEQN,371.4,372.2,372.2,0.8,0.22,170,63274,616.0,370.1
CIPLA,CIPLAEQN,1394.7,1397.7,1397.7,3.0,0.22,2491,3481670,1673.0,1165.7
UNITEDPOLY,UNITEDPOLYEQN,40.41,40.5,40.5,0.09,0.22,423,17131,51.16,20.6
CESC,CESCEQN,147.96,148.29,148.29,0.33,0.22,1071,158818,204.5,138.12
MAZDA,MAZDABEN,272.85,269.45,269.45,0.6,0.22,700,188615,308.0,159.2
INA,INAEQN,89.03,89.22,89.22,0.19,0.21,756,67450,161.81,79.75
PLAZACABLE,PLAZACABLEEQN,62.62,62.75,62.75,0.13,0.21,1040,65260,65.0,27.0
BAJAJINDEF,BAJAJINDEFEQN,220.84,221.3,221.3,0.46,0.21,3,663,442.6,207.25
EXIDEIND,EXIDEINDEQN,423.0,423.9,423.9,0.9,0.21,2604,1103835,496.4,287.0
DOLLAR,DOLLAREQN,265.0,265.55,265.55,0.55,0.21,4,1062,396.0,220.5
KABRAEXTRU,KABRAEXTRUEQN,564.8,566.0,566.0,1.2,0.21,341,193006,625.15,180.0
VOLTAMP,VOLTAMPEQN,11182.0,11206.0,11206.0,24.0,0.21,39,437034,12863.0,6666.0
MMWL,MMWLEQN,14.07,14.1,14.1,0.03,0.21,19,267,16.57,9.02
SALSTEEL,SALSTEELEQN,82.04,82.2,82.2,0.16,0.2,150,12330,86.25,17.8
BEPL,BEPLEQN,129.74,130.0,130.0,0.26,0.2,4186,544180,138.5,74.2
HEROMOTOCO,HEROMOTOCOEQN,5308.5,5319.0,5319.0,10.5,0.2,1143,6079617,6388.5,4671.5
ADVENTHTL,ADVENTHTLEQN,134.98,135.25,135.25,0.27,0.2,5,676,345.05,120.02
BONLON,BONLONEQN,40.66,40.74,40.74,0.08,0.2,10,407,57.0,34.51
FRACTAL,FRACTALEQN,817.4,819.0,819.0,1.6,0.2,1104,904176,1118.0,733.7
SAATVIKGL,SAATVIKGLEQN,421.65,422.5,422.5,0.85,0.2,636,268710,567.0,328.0
KODYTECH,KODYTECHSTN,1567.0,1570.0,1570.0,3.0,0.19,100,157000,1590.0,556.05
MCLOUD,MCLOUDEQN,26.46,26.51,26.51,0.05,0.19,3339,88516,87.0,19.4
WELSPUNLIV,WELSPUNLIVEQN,200.61,201.0,201.0,0.39,0.19,19575,3934575,202.9,107.1
WHIRLPOOL,WHIRLPOOLEQN,804.4,805.95,805.95,1.55,0.19,96,77371,1437.0,751.0
MAHSEAMLES,MAHSEAMLESEQN,653.5,654.75,654.75,1.25,0.19,1411,923852,690.0,500.7
TEGA,TEGAEQN,1552.8,1555.8,1555.8,3.0,0.19,51,79345,2125.0,1473.0
DCMSRIND,DCMSRINDEQN,46.51,46.6,46.6,0.09,0.19,1,46,181.9,31.9
ONGC,ONGCEQN,236.0,235.44,235.44,0.44,0.19,23795,5602294,307.5,227.65
LLOYDSENGG,LLOYDSENGGEQN,84.95,85.11,85.11,0.16,0.19,29061,2473381,99.75,37.4
URBANCO,URBANCOEQN,177.46,177.8,177.8,0.34,0.19,26117,4643602,201.18,100.7
COCKERILL,COCKERILLEQN,8080.0,8095.0,8095.0,15.0,0.19,8,64760,10871.5,4955.0
MARUTI,MARUTIEQN,12857.0,12880.0,12880.0,23.0,0.18,483,6221040,17370.0,12201.0
VINCOFE,VINCOFEEQN,176.48,176.8,176.8,0.32,0.18,2025,358020,189.4,120.24
FIRSTCRY,FIRSTCRYEQN,178.67,179.0,179.0,0.33,0.18,4650,832350,438.7,168.15
SINCLAIR,SINCLAIREQN,83.85,84.0,84.0,0.15,0.18,100,8400,114.75,68.82
ABB,ABBEQN,7432.0,7445.5,7445.5,13.5,0.18,225,1675237,7924.5,4637.5
PGEL,PGELEQN,553.9,554.9,554.9,1.0,0.18,1133,628701,644.4,436.55
DWARKESH,DWARKESHEQN,49.32,49.41,49.41,0.09,0.18,3261,161126,59.9,32.13
OLECTRA,OLECTRAEQN,1244.8,1247.0,1247.0,2.2,0.18,958,1194626,1714.2,866.6
VENUSREM,VENUSREMBEN,1701.9,1705.0,1705.0,3.1,0.18,558,951390,2044.3,424.0
TARIL,TARILEQN,300.6,301.15,301.15,0.55,0.18,1688,508341,552.0,224.05
EMMVEE,EMMVEEEQN,326.4,327.0,327.0,0.6,0.18,3687,1205649,371.55,171.51
EUREKAFORB,EUREKAFORBEQN,429.25,430.0,430.0,0.75,0.17,100,43000,668.3,403.2
SHK,SHKEQN,150.14,150.4,150.4,0.26,0.17,1003,150851,275.5,111.98
DRREDDY,DRREDDYEQN,1155.0,1157.0,1157.0,2.0,0.17,537,621309,1414.9,1101.0
SPMLINFRA,SPMLINFRAEQN,173.31,173.6,173.6,0.29,0.17,4,694,302.0,151.01
JINDALSTEL,JINDALSTELEQN,1145.0,1147.0,1147.0,2.0,0.17,366,419802,1306.2,973.0
SUZLON,SUZLONEQN,46.03,46.11,46.11,0.08,0.17,96011,4427067,61.5,38.19
AWL,AWLEQN,190.79,191.11,191.11,0.32,0.17,1920,366931,282.9,171.19
SCPL,SCPLBEN,641.9,643.0,643.0,1.1,0.17,36,23148,690.0,190.03
APLLTD,APLLTDEQN,803.65,805.0,805.0,1.35,0.17,475,382375,998.0,635.8
SAHYADRI,SAHYADRIEQN,359.4,360.0,360.0,0.6,0.17,1,360,401.1,200.1
TRIDENT,TRIDENTEQN,23.99,24.03,24.03,0.04,0.17,17317,416127,30.94,21.98
SYRMA,SYRMAEQN,1452.8,1455.2,1455.2,2.4,0.17,820,1193264,1543.0,634.5
ENGINERSIN,ENGINERSINEQN,281.95,282.4,282.4,0.45,0.16,10689,3018573,289.65,163.55
MAYURUNIQ,MAYURUNIQEQN,728.8,730.0,730.0,1.2,0.16,69,50370,907.0,471.2
AVANTIFEED,AVANTIFEEDEQN,795.85,797.1,797.1,1.25,0.16,148,117970,1593.8,631.65
CONCORDBIO,CONCORDBIOEQN,1447.7,1450.0,1450.0,2.3,0.16,133,192850,1730.0,987.0
BEL,BELEQN,408.6,409.25,409.25,0.65,0.16,12259,5016995,473.45,368.5
DEEPAKNTR,DEEPAKNTREQN,1725.3,1728.0,1728.0,2.7,0.16,136,235008,1904.4,1280.0
CARTRADE,CARTRADEEQN,2992.2,2997.0,2997.0,4.8,0.16,459,1375623,3290.5,1600.0
DSFCL,DSFCLBEN,25.75,25.79,25.79,0.04,0.16,26,670,52.5,17.28
CEMPRO,CEMPROEQN,1296.9,1299.0,1299.0,2.1,0.16,1461,1897839,1649.2,503.3
CFEL,CFELEQN,32.05,32.1,32.1,0.05,0.16,140,4494,35.2,24.36
BBOX,BBOXEQN,720.9,722.0,722.0,1.1,0.15,872,629584,1103.0,435.05
ATULAUTO,ATULAUTOEQN,461.3,462.0,462.0,0.7,0.15,54,24948,596.55,380.05
ICICIBANK,ICICIBANKEQN,1430.0,1432.1,1432.1,2.1,0.15,48735,69793393,1480.0,1187.6
LT,LTEQN,3975.0,3981.0,3981.0,6.0,0.15,1757,6994617,4440.0,3288.1
COCHINSHIP,COCHINSHIPEQN,1486.7,1488.9,1488.9,2.2,0.15,1186,1765835,1979.9,1187.0
NPST,NPSTEQN,1718.4,1720.9,1720.9,2.5,0.15,46,79161,2208.6,846.6
BOROLTD,BOROLTDEQN,248.63,249.0,249.0,0.37,0.15,200,49800,397.95,213.73
BAJFINANCE,BAJFINANCEEQN,1049.0,1050.6,1050.6,1.6,0.15,17273,18147013,1176.4,787.9
JIOFIN,JIOFINEQN,237.45,237.8,237.8,0.35,0.15,33080,7866424,321.6,223.3
ETERNAL,ETERNALEQN,324.8,324.8,325.3,0.5,0.15,35297,11482114,368.45,212.6
ENRIN,ENRINEQN,3155.2,3160.0,3160.0,4.8,0.15,376,1188160,3968.0,2115.0
TRANSRAILL,TRANSRAILLEQN,427.45,428.05,428.05,0.6,0.14,1224,523933,823.0,425.8
RKEC,RKECEQN,21.64,21.67,21.67,0.03,0.14,200,4334,81.5,21.04
ZEELEARN,ZEELEARNBEN,7.19,7.2,7.2,0.01,0.14,206,1483,10.45,4.17
KALAMANDIR,KALAMANDIREQN,85.87,85.99,85.99,0.12,0.14,541,46520,223.03,84.1
TECHNOE,TECHNOEEQN,973.65,975.0,975.0,1.35,0.14,108,105300,1575.0,870.0
MAHLOG,MAHLOGEQN,400.3,400.85,400.85,0.55,0.14,159,63735,450.0,275.05
GTL,GTLEQN,7.2,7.21,7.21,0.01,0.14,636,4585,11.26,4.91
DELHIVERY,DELHIVERYEQN,464.35,465.0,465.0,0.65,0.14,5461,2539365,524.0,374.45
HIMATSEIDE,HIMATSEIDEEQN,70.32,70.42,70.42,0.1,0.14,105,7394,134.7,68.0
KRBL,KRBLEQN,424.9,425.5,425.5,0.6,0.14,417,177433,479.0,274.65
DLINKINDIA,DLINKINDIAEQN,452.35,453.0,453.0,0.65,0.14,822,372366,549.2,367.65
THERMAX,THERMAXEQN,3733.9,3739.0,3739.0,5.1,0.14,207,773973,5277.8,2742.7
VEEDOL,VEEDOLEQN,1462.8,1464.9,1464.9,2.1,0.14,32,46876,2035.0,1238.2
INDOCO,INDOCOEQN,272.56,272.95,272.95,0.39,0.14,846,230915,332.2,162.19
PILANIINVS,PILANIINVSEQN,4354.5,4360.0,4360.0,5.5,0.13,1,4360,5980.0,4092.2
ELECON,ELECONEQN,435.95,436.5,436.5,0.55,0.13,1469,641218,634.9,352.0
TANLA,TANLAEQN,514.8,515.45,515.45,0.65,0.13,1796,925748,766.0,365.9
SHARDAMOTR,SHARDAMOTREQN,877.9,879.05,879.05,1.15,0.13,4,3516,1189.9,700.0
VIYASH,VIYASHEQN,260.45,260.8,260.8,0.35,0.13,6571,1713716,298.0,171.78
BEML,BEMLEQN,2079.4,2082.0,2082.0,2.6,0.13,3269,6806058,2275.75,1355.0
QUESS,QUESSEQN,366.55,367.0,367.0,0.45,0.12,2312,848504,388.75,166.3
HGM,HGMEQN,51.54,51.6,51.6,0.06,0.12,37,1909,82.4,42.0
AFCONS,AFCONSEQN,294.7,295.05,295.05,0.35,0.12,671,197978,479.4,259.1
RENUKA,RENUKAEQN,24.27,24.3,24.3,0.03,0.12,46478,1129415,33.3,21.05
KOTAKBANK,KOTAKBANKEQN,421.15,421.65,421.65,0.5,0.12,3802,1603113,453.2,345.5
RELIANCE,RELIANCEEQN,1302.5,1304.1,1304.1,1.6,0.12,47665,62159926,1611.8,1249.8
APOLLOHOSP,APOLLOHOSPEQN,8692.0,8702.5,8702.5,10.5,0.12,489,4255522,9050.0,6696.5
BALKRISIND,BALKRISINDEQN,2327.3,2330.0,2330.0,2.7,0.12,43,100190,2775.0,1970.0
BLSE,BLSEEQN,323.65,324.05,324.05,0.4,0.12,18,5832,331.3,124.3
GOLDIAM,GOLDIAMEQN,340.65,341.05,341.05,0.4,0.12,1163,396641,398.2,198.75
RUSHIL,RUSHILEQN,16.18,16.2,16.2,0.02,0.12,1000,16200,33.99,12.49
INDSWFTLAB,INDSWFTLABEQN,372.7,373.1,373.1,0.4,0.11,891,332432,389.5,87.15
SJVN,SJVNEQN,64.98,65.05,65.05,0.07,0.11,3581,232944,95.58,63.02
KIRLOSENG,KIRLOSENGEQN,2267.6,2270.0,2270.0,2.4,0.11,1760,3995200,2720.0,855.8
YATRA,YATRAEQN,113.08,113.2,113.2,0.12,0.11,2102,237946,202.0,89.9
ARVIND,ARVINDEQN,567.0,563.1,563.1,0.6,0.11,1599,900396,600.0,277.9
ATUL,ATULEQN,6469.0,6476.0,6476.0,7.0,0.11,5,32380,7180.0,5560.5
BHAGCHEM,BHAGCHEMEQN,266.3,266.6,266.6,0.3,0.11,100,26660,316.9,170.6
AZAD,AZADEQN,2766.9,2770.0,2770.0,3.1,0.11,948,2625960,2986.6,1360.0
GOKEX,GOKEXEQN,767.65,768.5,768.5,0.85,0.11,346,265901,954.9,531.0
FSL,FSLEQN,265.3,265.6,265.6,0.3,0.11,2160,573696,379.7,202.0
JSWCEMENT,JSWCEMENTEQN,123.37,123.5,123.5,0.13,0.11,1414,174629,162.15,106.65
MOKSH,MOKSHEQN,9.98,9.99,9.99,0.01,0.1,1,9,16.65,8.11
VBL,VBLEQN,407.15,407.55,407.55,0.4,0.1,9167,3736010,555.8,381.0
SIGNATURE,SIGNATUREEQN,794.2,795.0,795.0,0.8,0.1,103,81885,1158.0,705.2
EMBDL,EMBDLEQN,58.59,58.65,58.65,0.06,0.1,3144,184395,105.7,39.46
SIGNPOST,SIGNPOSTEQN,245.45,245.7,245.7,0.25,0.1,214,52579,336.8,191.41
BLUEDART,BLUEDARTEQN,5028.8,5034.0,5034.0,5.2,0.1,25,125850,7036.0,4628.5
POKARNA,POKARNAEQN,831.4,832.2,832.2,0.8,0.1,43,35784,1146.2,692.6
RITES,RITESEQN,213.78,214.0,214.0,0.22,0.1,676,144664,280.9,175.0
ARE&M,ARE&MEQN,860.4,861.3,861.3,0.9,0.1,1642,1414254,1057.85,670.0
UFBL,UFBLBEN,719.2,719.9,719.9,0.7,0.1,28,20157,850.0,172.34
DCBBANK,DCBBANKEQN,222.2,222.4,222.4,0.2,0.09,1143,254203,228.99,122.4
JAMNAAUTO,JAMNAAUTOEQN,122.04,122.15,122.15,0.11,0.09,1569,191653,152.6,89.74
JKCEMENT,JKCEMENTEQN,5039.5,5044.0,5044.0,4.5,0.09,21,105924,7065.0,4671.5
FEDERALBNK,FEDERALBNKEQN,344.6,344.9,344.9,0.3,0.09,10747,3706640,371.7,188.4
BHARTIHEXA,BHARTIHEXAEQN,1505.6,1507.0,1507.0,1.4,0.09,112,168784,1955.6,1430.0
SHILCTECH,SHILCTECHEQN,4041.6,4045.2,4045.2,3.6,0.09,10,40452,5399.0,2852.5
KPITTECH,KPITTECHEQN,583.5,584.0,584.0,0.5,0.09,5313,3102792,1328.0,543.0
FORCEMOT,FORCEMOTEQN,17500.0,17515.0,17515.0,15.0,0.09,162,2837430,26450.0,14911.0
EPACKPEB,EPACKPEBEQN,227.3,227.5,227.5,0.2,0.09,306,69615,344.0,132.17
ITDC,ITDCEQN,643.35,643.95,643.95,0.6,0.09,5,3219,822.0,368.0
CENTURYPLY,CENTURYPLYEQN,749.2,749.9,749.9,0.7,0.09,8,5999,859.0,618.5
LOTUSDEV,LOTUSDEVBEN,184.64,184.8,184.8,0.16,0.09,1598,295310,207.5,102.2
MVGJL,MVGJLEQN,171.97,172.1,172.1,0.13,0.08,774,133205,214.79,129.1
KAYNES,KAYNESEQN,3485.0,3487.8,3487.8,2.8,0.08,2109,7355770,7705.0,2995.0
RALLIS,RALLISEQN,209.83,210.0,210.0,0.17,0.08,573,120330,371.9,204.51
PHOENIXLTD,PHOENIXLTDEQN,1960.0,1961.5,1961.5,1.5,0.08,884,1733966,2169.8,1465.6
SUNDRMFAST,SUNDRMFASTEQN,1199.1,1200.0,1200.0,0.9,0.08,24,28800,1250.3,730.1
ENDURANCE,ENDURANCEEQN,2754.7,2757.0,2757.0,2.3,0.08,23,63411,3079.9,2142.8
NATCOPHARM,NATCOPHARMEQN,838.3,839.0,839.0,0.7,0.08,271,227369,1226.8,789.0
TATACONSUM,TATACONSUMEQN,1019.2,1020.0,1020.0,0.8,0.08,229,233580,1282.7,1007.2
NAVKARCORP,NAVKARCORPEQN,97.44,97.51,97.51,0.07,0.07,354,34518,132.5,74.05
ASAHIINDIA,ASAHIINDIAEQN,962.25,962.95,962.95,0.7,0.07,66,63554,1074.0,775.1
PGINVIT,PGINVITIVN,100.5,100.57,100.57,0.07,0.07,4490,451559,102.0,86.3
BASF,BASFEQN,3832.4,3835.0,3835.0,2.6,0.07,23,88205,4829.9,3122.2
APOLLO,APOLLOEQN,383.25,383.5,383.5,0.25,0.07,9621,3689653,466.5,179.5
VGUARD,VGUARDEQN,339.25,339.5,339.5,0.25,0.07,517,175521,392.2,288.8
HEIDELBERG,HEIDELBERGEQN,158.19,158.3,158.3,0.11,0.07,1040,164632,220.9,136.1
HARSHA,HARSHAEQN,451.05,451.35,451.35,0.3,0.07,33,14894,469.0,313.3
KOPRAN,KOPRANEQN,232.24,232.4,232.4,0.16,0.07,2332,541956,239.6,107.0
ANDREWYU,ANDREWYUEQN,27.98,28.0,28.0,0.02,0.07,3,84,30.49,24.51
GRAPHITE,GRAPHITEEQN,721.3,721.8,721.8,0.5,0.07,967,697980,802.4,513.75
AEGISLOG,AEGISLOGEQN,1287.2,1288.1,1288.1,0.9,0.07,919,1183763,1497.8,576.1
SURAJEST,SURAJESTEQN,177.8,177.9,177.9,0.1,0.06,744,132357,319.0,171.3
BAJAJHFL,BAJAJHFLEQN,82.95,83.0,83.0,0.05,0.06,4627,384041,117.0,72.65
JBMA,JBMAEQN,629.1,629.5,629.5,0.4,0.06,551,346854,790.0,477.0
CHOICEIN,CHOICEINEQN,768.45,768.9,768.9,0.45,0.06,1280,984192,860.5,568.7
CSBBANK,CSBBANKEQN,324.95,325.15,325.15,0.2,0.06,286,92992,574.4,312.95
SHILPAMED,SHILPAMEDEQN,956.15,956.15,956.15,0.6,0.06,2388,2283286,966.45,259.5
ENIL,ENILEQN,99.61,99.67,99.67,0.06,0.06,2,199,166.79,98.57
TDPOWERSYS,TDPOWERSYSEQN,722.55,723.0,723.0,0.45,0.06,9260,6694980,798.85,257.98
SANDUMA,SANDUMAEQN,197.89,198.0,198.0,0.11,0.06,3602,713196,273.0,151.5
GMDCLTD,GMDCLTDEQN,565.85,566.2,566.2,0.35,0.06,3523,1994722,771.9,439.1
IRFC,IRFCEQN,82.65,82.7,82.7,0.05,0.06,30835,2550054,137.17,81.3
PTC,PTCEQN,155.25,155.34,155.34,0.09,0.06,2306,358214,229.51,149.59
AVANTEL,AVANTELEQN,156.5,156.6,156.6,0.1,0.06,2017,315862,215.0,117.05
JKIL,JKILEQN,487.7,488.0,488.0,0.3,0.06,225,109800,672.0,425.0
BRNL,BRNLEQN,17.12,17.13,17.13,0.01,0.06,3,51,26.5,16.66
ORIENTPPR,ORIENTPPREQN,17.13,17.14,17.14,0.01,0.06,350,5999,29.0,13.25
CARBORUNIV,CARBORUNIVEQN,1078.0,1078.7,1078.7,0.7,0.06,125,134837,1306.9,735.2
ASTRAMICRO,ASTRAMICROEQN,1665.1,1666.1,1666.1,1.0,0.06,352,586467,1960.0,851.0
MGL,MGLEQN,1066.4,1067.0,1067.0,0.6,0.06,69,73623,1378.0,900.0
TVSSCS,TVSSCSEQN,129.53,129.6,129.6,0.07,0.05,1803,233668,146.5,90.32
KUANTUM,KUANTUMEQN,75.16,75.2,75.2,0.04,0.05,600,45120,121.29,65.01
STEELCAS,STEELCASEQN,317.85,318.0,318.0,0.15,0.05,216,68688,364.0,176.02
TORNTPOWER,TORNTPOWEREQN,1289.3,1289.9,1289.9,0.6,0.05,514,663008,1824.1,1188.0
GLAXO,GLAXOEQN,2937.5,2938.9,2938.9,1.4,0.05,69,202784,3120.7,2088.1
NOVARTIND,NOVARTINDEQN,1614.1,1614.9,1614.9,0.8,0.05,76,122732,1780.0,950.0
SUPREMEIND,SUPREMEINDEQN,3508.1,3509.9,3509.9,1.8,0.05,346,1214425,4642.7,3140.0
DMART,DMARTEQN,3763.0,3765.0,3765.0,2.0,0.05,401,1509765,4949.5,3529.0
MAHEPC,MAHEPCEQN,103.25,103.3,103.3,0.05,0.05,8,826,182.5,91.91
KISSHT,KISSHTEQN,305.3,305.45,305.45,0.15,0.05,5299,1618579,351.5,190.0
UCOBANK,UCOBANKEQN,24.64,24.65,24.65,0.01,0.04,15635,385402,34.2,22.22
IRCTC,IRCTCEQN,474.6,474.8,474.8,0.2,0.04,2855,1355554,739.0,470.7
BLAL,BLALEQN,161.93,162.0,162.0,0.07,0.04,12,1944,233.8,155.5
HDFCLIFE,HDFCLIFEEQN,533.5,533.7,533.7,0.2,0.04,1685,899284,803.0,530.5
NETWORK18,NETWORK18EQN,27.55,27.56,27.56,0.01,0.04,16352,450661,58.1,27.01
NAUKRI,NAUKRIEQN,1330.0,1330.5,1330.5,0.5,0.04,627,834223,1433.6,908.3
KHAICHEM,KHAICHEMEQN,54.83,54.85,54.85,0.02,0.04,61,3345,135.8,42.92
PATELENG,PATELENGEQN,27.11,27.12,27.12,0.01,0.04,3211,87082,41.13,22.0
AAVAS,AAVASEQN,1297.8,1298.3,1298.3,0.5,0.04,46,59721,1771.9,1060.4
MHRIL,MHRILEQN,207.91,208.0,208.0,0.09,0.04,52,10816,368.9,205.2
GPPL,GPPLEQN,165.43,165.5,165.5,0.07,0.04,2190,362445,200.09,141.55
CPPLUS,CPPLUSEQN,3751.3,3752.7,3752.7,1.4,0.04,308,1155831,4094.0,1227.0
AGARWALEYE,AGARWALEYEEQN,511.45,511.6,511.6,0.15,0.03,435,222546,568.0,401.0
SYMPHONY,SYMPHONYEQN,572.8,573.0,573.0,0.2,0.03,122,69906,974.7,564.0
STYRENIX,STYRENIXEQN,2007.0,2007.6,2007.6,0.6,0.03,30,60228,2702.0,1780.0
LTF,LTFEQN,316.9,317.0,317.0,0.1,0.03,7820,2478940,338.6,222.19
RATEGAIN,RATEGAINEQN,869.75,870.0,870.0,0.25,0.03,260,226200,1050.0,437.0
ZENTEC,ZENTECEQN,1810.3,1810.8,1810.8,0.5,0.03,462,836589,2043.7,1223.0
GLOBAL,GLOBALEQN,116.27,116.3,116.3,0.03,0.03,6,697,123.38,55.3
INDIAMART,INDIAMARTEQN,1729.5,1730.0,1730.0,0.5,0.03,73,126290,2630.0,1722.3
ETHOSLTD,ETHOSLTDEQN,2793.1,2794.0,2794.0,0.9,0.03,3,8382,3245.9,1919.4
SPIC,SPICEQN,71.13,71.15,71.15,0.02,0.03,199,14158,128.2,55.1
NAVINFLUOR,NAVINFLUOREQN,8697.0,8700.0,8700.0,3.0,0.03,208,1809600,8775.5,4498.5
APTECHT,APTECHTBEN,90.97,91.0,91.0,0.03,0.03,303,27573,137.3,69.1
KANSAINER,KANSAINEREQN,195.11,195.14,195.14,0.03,0.02,60,11708,264.0,157.91
BELRISE,BELRISEEQN,238.11,238.15,238.15,0.04,0.02,4497,1070960,268.2,135.16
RAYMONDLSL,RAYMONDLSLEQN,647.85,647.95,647.95,0.1,0.02,478,309720,1350.0,628.25
NIVABUPA,NIVABUPAEQN,80.73,80.75,80.75,0.02,0.02,55,4441,91.4,67.5
SIRCA,SIRCAEQN,440.4,440.5,440.5,0.1,0.02,817,359888,539.0,385.0
ITI,ITIEQN,268.45,268.5,268.5,0.05,0.02,337,90484,372.85,237.0
MASTERTR,MASTERTREQN,81.03,81.05,81.05,0.02,0.02,31,2512,164.5,55.6
HIRECT,HIRECTEQN,1235.8,1236.0,1236.0,0.2,0.02,64,79104,1399.0,565.2
SEAMECLTD,SEAMECLTDEQN,1786.6,1787.0,1787.0,0.4,0.02,122,218014,1794.9,771.75
HDFCAMC,HDFCAMCEQN,2510.8,2511.3,2511.3,0.5,0.02,1085,2724760,2967.25,2205.6
TIMETECHNO,TIMETECHNOEQN,189.36,189.4,189.4,0.04,0.02,2235,423309,249.15,154.0
DATAPATTNS,DATAPATTNSEQN,4587.3,4588.0,4588.0,0.7,0.02,1374,6303912,5000.0,2131.0
KPIGREEN,KPIGREENEQN,303.25,303.3,303.3,0.05,0.02,1439,436448,542.25,301.2
MIDHANI,MIDHANIEQN,416.9,417.0,417.0,0.1,0.02,681,283977,456.6,266.65
GEOJITFSL,GEOJITFSLEQN,82.77,82.79,82.79,0.02,0.02,3267,270474,86.5,50.86
CUPID,CUPIDEQN,279.95,280.0,280.0,0.05,0.02,40416,11316480,299.0,32.87
NTPCGREEN,NTPCGREENEQN,88.73,88.74,88.74,0.01,0.01,9983,885891,119.95,84.0
TARC,TARCEQN,124.19,124.2,124.2,0.01,0.01,638,79239,186.3,109.1
JNKINDIA,JNKINDIAEQN,431.45,431.5,431.5,0.05,0.01,322,138943,558.0,200.92
XELPMOC,XELPMOCEQN,79.4,79.41,79.41,0.01,0.01,100,7941,155.5,74.0
ALIVUS,ALIVUSEQN,1418.8,1418.9,1418.9,0.1,0.01,20,28378,1493.8,819.0
RAJRATAN,RAJRATANEQN,495.1,495.15,495.15,0.05,0.01,204,101010,563.95,305.55
RML,RMLEQN,1127.4,1127.5,1127.5,0.1,0.01,3,3382,1323.9,608.5
INDUSTOWER,INDUSTOWEREQN,374.95,375.0,375.0,0.05,0.01,2316,868500,481.5,312.55
AADHARHFC,AADHARHFCEQN,478.65,478.7,478.7,0.05,0.01,136,65103,563.0,430.15
EQUITASBNK,EQUITASBNKEQN,73.04,73.05,73.05,0.01,0.01,1932,141132,83.9,50.85
FINOPB,FINOPBEQN,140.23,140.25,140.25,0.02,0.01,37,5189,339.0,110.03
ICRA,ICRAEQN,4889.3,4890.0,4890.0,0.7,0.01,32,156480,6982.0,4692.0
PIXTRANS,PIXTRANSEQN,1799.4,1799.6,1799.6,0.2,0.01,5,8998,2089.0,1252.0
LAOPALA,LAOPALAEQN,171.55,171.56,171.56,0.01,0.01,387,66393,262.0,162.1
SUNTV,SUNTVEQN,465.9,465.95,465.95,0.05,0.01,300,139785,660.7,455.25
MOTHERSON,MOTHERSONEQN,162.0,162.01,162.01,0.01,0.01,27739,4493995,173.27,93.49
GRMOVER,GRMOVEREQN,85.81,85.82,85.82,0.01,0.01,540,46342,185.45,81.95
KITEX,KITEXEQN,123.64,123.65,123.65,0.01,0.01,1265,156417,232.7,122.75
BATAINDIA,BATAINDIAEQN,677.4,677.45,677.45,0.05,0.01,108,73164,1282.5,605.0
LENSKART,LENSKARTEQN,672.45,672.55,672.55,0.1,0.01,4194,2820674,681.65,356.1
NFL,NFLEQN,70.33,70.34,70.34,0.01,0.01,1842,129566,102.97,63.35
VSTL,VSTLEQN,115.15,115.15,115.15,0.0,0.0,6,690,168.0,100.8
PRAKASHSTL,PRAKASHSTLEQN,3.65,3.65,3.65,0.0,0.0,3163,11544,6.57,3.63
KMSUGAR,KMSUGAREQN,32.0,32.0,32.0,0.0,0.0,1,32,36.5,23.0
HYUNDAI,HYUNDAIEQN,2152.0,2152.0,2152.0,0.0,0.0,567,1220184,2890.0,1658.0
OSWALAGRO,OSWALAGROEQN,36.88,36.88,36.88,0.0,0.0,272,10031,81.0,33.4
TRAVELFOOD,TRAVELFOODEQN,1278.4,1278.4,1278.4,0.0,0.0,106,135510,1470.9,1035.3
SUNDARAM,SUNDARAMEQN,1.23,1.23,1.23,0.0,0.0,3163,3890,2.2,1.03
TARMAT,TARMATEQN,64.49,64.49,64.49,0.0,0.0,20,1289,73.9,46.26
SAGARDEEP,SAGARDEEPEQN,23.76,23.76,23.76,0.0,0.0,3,71,31.48,20.81
DREDGECORP,DREDGECORPEQN,1074.7,1074.7,1074.7,0.0,0.0,11,11821,1286.0,538.0
KAPSTON,KAPSTONEQN,581.35,581.35,581.35,0.0,0.0,237,137779,600.0,158.13
SANOFICONR,SANOFICONREQN,4205.4,4205.3,4205.3,-0.1,0.0,1,4205,5357.0,3975.0
TPHQ,TPHQBEN,0.55,0.55,0.55,0.0,0.0,4538,2495,0.86,0.4
ANTGRAPHIC,ANTGRAPHICEQN,0.75,0.75,0.75,0.0,0.0,982,736,1.17,0.64
AYMSYNTEX,AYMSYNTEXEQN,317.25,317.25,317.25,0.0,0.0,104,32994,325.0,141.53
WAAREEENER,WAAREEENEREQN,2579.9,2580.0,2580.0,0.1,0.0,2384,6150720,3865.0,2403.0
SURAKSHA,SURAKSHAEQN,339.6,339.6,339.6,0.0,0.0,11,3735,348.95,224.1
SWIGGY,SWIGGYEQN,269.3,269.3,269.3,0.0,0.0,235255,63354171,474.0,235.75
SRD,SRDEQN,39.66,39.66,39.66,0.0,0.0,3,118,90.8,36.0
IL&FSENGG,IL&FSENGGBZN,35.0,35.0,35.0,0.0,0.0,1,35,39.39,21.0
PPAP,PPAPBEN,256.7,256.7,256.7,0.0,0.0,3,770,379.5,176.0
KROSS,KROSSEQN,211.34,211.34,211.34,0.0,0.0,716,151319,237.6,150.52
ESAFSFB,ESAFSFBBEN,41.67,41.67,41.67,0.0,0.0,368,15334,44.99,19.78
TPLPLASTEH,TPLPLASTEHEQN,72.53,72.53,72.53,0.0,0.0,137,9936,90.33,50.01
GICL,GICLEQN,24.0,24.0,24.0,0.0,0.0,6,144,52.4,15.61
LAXMIDENTL,LAXMIDENTLEQN,199.2,199.2,199.2,0.0,0.0,280,55776,377.05,155.88
MOSCHIP,MOSCHIPEQN,213.57,213.56,213.56,-0.01,0.0,3917,836514,288.45,146.8
JHS,JHSEQN,7.86,7.86,7.86,0.0,0.0,27,212,13.9,6.26
NDL,NDLEQN,2.83,2.83,2.83,0.0,0.0,9195,26021,3.75,1.8
HDIL,HDILBZN,1.51,1.51,1.51,0.0,0.0,387,584,3.27,1.45
BGRENERGY,BGRENERGYBEN,238.44,238.44,238.44,0.0,0.0,24,5722,490.8,185.05
SADBHAV,SADBHAVEQN,8.03,8.03,8.03,0.0,0.0,90,722,14.78,6.05
SKYGOLD,SKYGOLDEQN,742.0,742.0,742.0,0.0,0.0,2412,1789704,868.8,259.0
ROSSTECH,ROSSTECHEQN,1116.3,1116.3,1116.3,0.0,0.0,460,513498,1172.0,551.9
SHRIRAMFIN,SHRIRAMFINEQN,1044.2,1044.2,1044.2,0.0,0.0,2634,2750422,1153.7,580.0
SONACOMS,SONACOMSEQN,800.0,800.0,800.0,0.0,0.0,979,783200,844.0,402.3
CAPLIPOINT,CAPLIPOINTEQN,2845.0,2845.0,2845.0,0.0,0.0,1691,4810895,2877.3,1500.3
DLF,DLFEQN,681.65,681.65,681.65,0.0,0.0,2447,1667997,794.8,489.4
ARROWGREEN,ARROWGREENBEN,777.4,777.4,777.4,0.0,0.0,77,59859,821.6,341.95
HNDFDS,HNDFDSEQN,626.9,626.9,626.9,0.0,0.0,7,4388,677.75,442.0
INOXGREEN,INOXGREENEQN,171.01,171.01,171.01,0.0,0.0,2693,460529,279.0,132.58
LGBBROSLTD,LGBBROSLTDEQN,1716.2,1716.2,1716.2,0.0,0.0,3,5148,2048.0,1300.2
POWERINDIA,POWERINDIAEQN,32000.0,32000.0,32000.0,0.0,0.0,97,3104000,38785.0,16111.0
MFSL,MFSLEQN,1537.0,1537.0,1537.0,0.0,0.0,177,272049,1892.5,1433.6
GULPOLY,GULPOLYEQN,186.27,186.27,186.27,0.0,0.0,220,40979,227.63,121.5
PAGEIND,PAGEINDEQN,35865.0,35865.0,35865.0,0.0,0.0,14,502110,45890.0,29805.0
FCSSOFT,FCSSOFTEQN,1.44,1.44,1.44,0.0,0.0,10196,14682,2.53,1.05
EMUDHRA,EMUDHRAEQN,519.85,519.85,519.85,0.0,0.0,155,80576,735.0,364.55
POWERMECH,POWERMECHEQN,2399.8,2399.9,2399.9,0.1,0.0,248,595175,3212.8,1717.7
NSIL,NSILEQN,5683.0,5683.0,5683.0,0.0,0.0,2,11366,8730.0,4700.0
MBAPL,MBAPLEQN,162.08,162.08,162.08,0.0,0.0,1081,175208,174.94,74.63
JSWINFRA,JSWINFRAEQN,334.1,334.1,334.1,0.0,0.0,2220,741702,355.8,233.42
SBFC,SBFCEQN,99.9,99.9,99.9,0.0,0.0,2505,250249,123.0,79.6
SBILIFE,SBILIFEEQN,1715.0,1715.0,1715.0,0.0,0.0,271,464765,2132.0,1700.4
INDUSINVIT,INDUSINVITIVN,134.01,134.01,134.01,0.0,0.0,43,5762,138.0,111.4
WESTLIFE,WESTLIFEEQN,540.55,540.55,540.55,0.0,0.0,393,212436,775.0,398.4
5PAISA,5PAISAEQN,342.45,342.45,342.45,0.0,0.0,95,32532,416.95,245.5
SHOPERSTOP,SHOPERSTOPEQN,391.45,391.45,391.45,0.0,0.0,15,5871,572.0,275.95
ECOSMOBLTY,ECOSMOBLTYEQN,113.93,113.93,113.93,0.0,0.0,284,32356,294.6,103.94
SANSTAR,SANSTAREQN,108.0,108.0,108.0,0.0,0.0,913,98604,137.49,74.3
FEL,FELBZN,0.39,0.39,0.39,0.0,0.0,1300,507,0.65,0.34
TREL,TRELEQN,26.94,26.94,26.94,0.0,0.0,1,26,34.05,21.47
SBICARD,SBICARDEQN,661.0,661.0,661.0,0.0,0.0,2348,1552028,965.0,565.45
ICICIGI,ICICIGIEQN,1521.7,1521.7,1521.7,0.0,0.0,492,748676,2064.9,1510.1
DHUNINV,DHUNINVEQN,1046.25,1046.25,1046.25,0.0,0.0,1,1046,1573.1,667.1
MAXHEALTH,MAXHEALTHEQN,994.9,994.9,994.9,0.0,0.0,709,705384,1221.9,903.0
JSFB,JSFBEQN,534.2,534.2,534.2,0.0,0.0,1075,574265,606.95,330.0
STARCEMENT,STARCEMENTEQN,184.47,184.47,184.47,0.0,0.0,144,26563,308.0,180.12
GPIL,GPILEQN,239.9,239.9,239.9,0.0,0.0,3355,804864,320.0,221.21
BHARATSE,BHARATSEEQN,213.69,213.69,213.69,0.0,0.0,280,59833,263.18,133.6
NITINSPIN,NITINSPINEQN,640.25,640.25,640.25,0.0,0.0,43,27530,649.55,302.2
KEC,KECEQN,406.15,406.15,406.15,0.0,0.0,2952,1198954,937.8,399.55
JYOTICNC,JYOTICNCEQN,1026.85,1026.85,1026.85,0.0,0.0,3336,3425571,1055.9,580.1
RUPA,RUPAEQN,144.43,144.43,144.43,0.0,0.0,405,58494,212.84,109.21
VIKASECO,VIKASECOEQN,1.08,1.08,1.08,0.0,0.0,22556,24360,2.15,0.99
EIDPARRY,EIDPARRYEQN,778.25,778.25,778.25,0.0,0.0,1062,826501,1131.9,698.2
SAURASHCEM,SAURASHCEMEQN,56.81,56.81,56.81,0.0,0.0,11,624,125.35,47.65
PGHH,PGHHEQN,7725.0,7725.0,7725.0,0.0,0.0,37,285825,14509.0,7700.0
SURYAROSNI,SURYAROSNIEQN,216.66,216.66,216.66,0.0,0.0,501,108546,314.5,187.35
TATASTEEL,TATASTEELEQN,184.2,184.2,184.2,0.0,0.0,71323,13137696,224.4,158.4
PGHL,PGHLEQN,5757.5,5757.5,5757.5,0.0,0.0,2,11515,6975.0,4707.0
BLS,BLSEQN,240.15,240.15,240.15,0.0,0.0,1518,364547,373.5,218.9
SOLARINDS,SOLARINDSEQN,21500.0,21500.0,21500.0,0.0,0.0,395,8492500,21645.0,11646.0
KAJARIACER,KAJARIACEREQN,1260.6,1260.6,1260.6,0.0,0.0,76,95805,1293.8,869.6
APTUS,APTUSEQN,257.31,257.31,257.31,0.0,0.0,1398,359719,353.25,193.03
CYIENT,CYIENTEQN,1111.3,1111.3,1111.3,0.0,0.0,888,986834,1284.7,750.3
GREENLAM,GREENLAMEQN,244.17,244.17,244.17,0.0,0.0,2,488,278.63,197.59
TBOTEK,TBOTEKEQN,1733.7,1733.7,1733.7,0.0,0.0,56,97087,1764.8,1004.2
TALBROAUTO,TALBROAUTOEQN,412.15,412.15,412.15,0.0,0.0,298,122820,451.6,219.9
MEDPLUS,MEDPLUSEQN,660.65,660.65,660.65,0.0,0.0,207,136754,1022.2,648.0
SJS,SJSEQN,2411.1,2411.1,2411.1,0.0,0.0,56,135021,2590.0,1333.3
SIGACHI,SIGACHIEQN,32.55,32.55,32.55,0.0,0.0,1212,39450,46.73,16.65
TARSONS,TARSONSEQN,336.5,336.5,336.5,0.0,0.0,71,23891,375.0,164.45
ABBOTINDIA,ABBOTINDIAEQN,25945.0,25945.0,25945.0,0.0,0.0,18,467010,32775.0,25150.0
ADANIPOWER,ADANIPOWEREQN,208.29,208.29,208.29,0.0,0.0,48020,10002085,254.2,120.0
ASALCBR,ASALCBREQN,696.05,696.05,696.05,0.0,0.0,103,71693,1277.0,660.65
EPL,EPLEQN,246.55,246.55,246.55,0.0,0.0,3293,811889,274.03,176.4
FOSECOIND,FOSECOINDEQN,6372.5,6372.5,6372.5,0.0,0.0,20,127450,6846.0,4300.0
IGARASHI,IGARASHIEQN,416.25,416.25,416.25,0.0,0.0,8,3330,558.0,271.05
LICHSGFIN,LICHSGFINEQN,554.0,554.0,554.0,0.0,0.0,5771,3197134,598.2,458.9
INDUSINDBK,INDUSINDBKEQN,1004.8,1004.8,1004.8,0.0,0.0,5517,0,1077.85,710.6
SAFARI,SAFARIEQN,1509.5,1509.5,1509.5,0.0,0.0,15,22642,2507.1,1363.1
GSLSU,GSLSUEQN,27.02,27.02,27.02,0.0,0.0,6817,184195,139.67,23.06
HGS,HGSEQN,393.0,393.0,393.0,0.0,0.0,16,6288,546.35,342.05
SANWARIA,SANWARIABZN,0.19,0.19,0.19,0.0,0.0,4643,882,0.39,0.18
RANASUG,RANASUGEQN,15.15,15.15,15.15,0.0,0.0,71,1075,16.45,10.21
RANEHOLDIN,RANEHOLDINEQN,1635.3,1635.3,1635.3,0.0,0.0,1,1635,1894.5,981.0
BAYERCROP,BAYERCROPEQN,3960.8,3960.8,3960.8,0.0,0.0,8,31686,5489.0,3935.0
ENTERO,ENTEROEQN,1848.0,1848.0,1848.0,0.0,0.0,928,1714944,1863.0,944.0
BAJEL,BAJELEQN,185.69,185.69,185.69,0.0,0.0,22,4085,226.69,135.1
BLUESTARCO,BLUESTARCOEQN,1485.7,1485.7,1485.7,0.0,0.0,682,1013247,2040.0,1432.5
GAEL,GAELEQN,170.88,170.88,170.88,0.0,0.0,248,42378,184.99,101.2
SIYSIL,SIYSILEQN,558.65,558.65,558.65,0.0,0.0,7,3910,848.8,433.35
GLOBUSSPR,GLOBUSSPREQN,919.65,919.65,919.65,0.0,0.0,12,11035,1252.8,800.05
FLFL,FLFLBZN,1.22,1.22,1.22,0.0,0.0,102,124,1.99,1.1
TATAINVEST,TATAINVESTEQN,637.95,637.95,637.95,0.0,0.0,396,252628,1184.7,538.85
ROUTE,ROUTEEQN,503.65,503.65,503.65,0.0,0.0,97,48854,890.4,410.7
BANSALWIRE,BANSALWIREEQN,319.0,319.0,319.0,0.0,0.0,1,319,374.0,222.5
RUSTOMJEE,RUSTOMJEEEQN,381.75,381.75,381.75,0.0,0.0,26,9925,634.0,358.8
CANARYS,CANARYSSMN,25.8,25.8,25.8,0.0,0.0,4000,103200,35.2,14.6
VAKRANGEE,VAKRANGEEEQN,5.8,5.8,5.8,0.0,0.0,1861,10793,9.77,4.61
GICHSGFIN,GICHSGFINEQN,142.06,142.06,142.06,0.0,0.0,1029,146179,184.0,130.05
GODFRYPHLP,GODFRYPHLPEQN,2045.0,2045.0,2045.0,0.0,0.0,339,693255,3947.0,1832.1
HEMIPROP,HEMIPROPEQN,125.93,125.93,125.93,0.0,0.0,776,97721,190.69,111.2
NELCAST,NELCASTEQN,118.76,118.76,118.76,0.0,0.0,485,57598,173.2,85.98
SAKHTISUG,SAKHTISUGEQN,20.35,20.35,20.35,0.0,0.0,107,2177,24.0,13.52
AUROPHARMA,AUROPHARMAEQN,1637.3,1637.3,1637.3,0.0,0.0,798,1306565,1717.0,1021.0
GALAXYSURF,GALAXYSURFEQN,2251.6,2251.6,2251.6,0.0,0.0,11,24767,2648.0,1510.0
GENESYS,GENESYSEQN,222.63,222.63,222.63,0.0,0.0,6469,1440193,438.74,134.73
VAIBHAVGBL,VAIBHAVGBLEQN,215.3,215.3,215.3,0.0,0.0,184,39615,293.25,174.13
CAMPUS,CAMPUSEQN,223.97,223.97,223.97,0.0,0.0,601,134605,297.0,215.2
SAMHI,SAMHIEQN,152.59,152.59,152.59,0.0,0.0,371,56610,222.0,127.0
SIS,SISEQN,435.85,435.85,435.85,0.0,0.0,163,71043,480.95,257.05
ACL,ACLEQN,43.58,43.58,43.58,0.0,0.0,93,4052,109.99,40.5
CCL,CCLEQN,1107.3,1107.3,1107.3,0.0,0.0,166,183811,1242.2,815.5
EMSLIMITED,EMSLIMITEDEQN,387.35,387.35,387.35,0.0,0.0,754,292061,593.85,256.05
ICICIPRULI,ICICIPRULIEQN,495.05,495.05,495.05,0.0,0.0,288,142574,706.8,459.5
BOMDYEING,BOMDYEINGEQN,113.19,113.19,113.19,0.0,0.0,1653,187103,195.45,92.0
INDIACEM,INDIACEMEQN,358.8,358.8,358.8,0.0,0.0,177,63507,485.8,342.35
HATHWAY,HATHWAYEQN,10.26,10.26,10.26,0.0,0.0,15760,161697,15.25,8.76
PRUDENT,PRUDENTEQN,3328.5,3328.4,3328.4,-0.1,0.0,3,9985,4105.5,2121.0
ONWARDTEC,ONWARDTECEQN,283.3,283.3,283.3,0.0,0.0,5,1416,357.0,208.25
SHREDIGCEM,SHREDIGCEMEQN,74.28,74.28,74.28,0.0,0.0,6,445,100.8,53.9
GRAVITA,GRAVITAEQN,1684.8,1684.8,1684.8,0.0,0.0,596,1004140,1913.6,1266.9
GREENPOWER,GREENPOWEREQN,9.19,9.19,9.19,0.0,0.0,5858,53835,14.93,7.98
TATACOMM,TATACOMMEQN,1696.4,1696.4,1696.4,0.0,0.0,121,205264,2110.0,1322.5
VSTIND,VSTINDEQN,207.96,207.95,207.95,-0.01,0.0,1536,319411,286.78,200.0
VENKEYS,VENKEYSEQN,1677.1,1677.1,1677.1,0.0,0.0,32,53667,1800.0,1165.0
CUMMINSIND,CUMMINSINDEQN,5071.0,5071.0,5071.0,0.0,0.0,575,2915825,6100.0,3792.0
HONAUT,HONAUTEQN,35265.0,35265.0,35265.0,0.0,0.0,2,70530,41495.0,26220.0
RECLTD,RECLTDEQN,313.6,313.6,313.6,0.0,0.0,2694,844838,390.5,304.05
VESUVIUS,VESUVIUSEQN,420.0,420.0,420.0,0.0,0.0,100,42000,607.9,403.95
BSHSL,BSHSLEQN,89.46,89.46,89.46,0.0,0.0,2,178,147.69,59.16
HLEGLAS,HLEGLASEQN,320.05,320.05,320.05,0.0,0.0,201,64330,661.95,250.0
VIKASLIFE,VIKASLIFEEQN,1.3,1.3,1.3,0.0,0.0,22621,29407,2.37,1.05
GOYALALUM,GOYALALUMEQN,6.31,6.31,6.31,0.0,0.0,62,391,11.37,5.34
FUSION,FUSIONEQN,199.73,199.73,199.73,0.0,0.0,147,29360,243.0,136.5
UNIONBANK,UNIONBANKEQN,189.0,189.0,189.0,0.0,0.0,12478,2358342,205.49,125.45
BIKAJI,BIKAJIEQN,587.15,587.15,587.15,0.0,0.0,127,74568,818.7,584.2
MKPL,MKPLEQN,4.06,4.06,4.06,0.0,0.0,392,1591,8.85,3.56
BLKASHYAP,BLKASHYAPEQN,57.6,57.6,57.6,0.0,0.0,1551,89337,73.0,40.32
DIXON,DIXONEQN,14445.0,14445.0,14445.0,0.0,0.0,485,7005825,18471.0,9600.0
JUBLFOOD,JUBLFOODEQN,482.9,482.9,482.9,0.0,0.0,979,472759,667.75,408.55
SHRIPISTON,SHRIPISTONEQN,4551.3,4551.3,4551.3,0.0,0.0,26,118333,4785.8,2525.8
RTNPOWER,RTNPOWEREQN,7.24,7.24,7.24,0.0,0.0,206325,1493793,12.84,7.2
TNPL,TNPLEQN,154.36,154.36,154.36,0.0,0.0,871,134447,175.75,121.51
INDIGO,INDIGOEQN,4980.0,4980.0,4980.0,0.0,0.0,629,3132420,5970.0,3895.2
SUNDROP,SUNDROPEQN,656.4,656.4,656.4,0.0,0.0,41,26912,897.6,556.0
NUCLEUS,NUCLEUSEQN,740.0,740.0,740.0,0.0,0.0,15,11100,1084.8,682.0
OMAXAUTO,OMAXAUTOEQN,183.59,183.59,183.59,0.0,0.0,102,18726,263.4,84.5
JSL,JSLEQN,738.4,738.4,738.4,0.0,0.0,533,393567,884.0,652.25
ESSENTIA,ESSENTIAEQN,1.05,1.05,1.05,0.0,0.0,13548,14225,1.96,0.95
UJJIVANSFB,UJJIVANSFBEQN,62.99,62.99,62.99,0.0,0.0,31580,1989224,73.94,42.33
SHRENIK,SHRENIKBZN,0.29,0.29,0.29,0.0,0.0,2339,678,0.65,0.27
FLEXITUFF,FLEXITUFFBEN,2.4,2.4,2.4,0.0,0.0,300,720,29.49,2.34
NAGREEKCAP,NAGREEKCAPEQN,22.87,22.87,22.87,0.0,0.0,15,343,42.75,19.3
VISAKAIND,VISAKAINDEQN,90.5,90.5,90.5,0.0,0.0,330,29865,104.41,50.2
KANANIIND,KANANIINDEQN,1.51,1.51,1.51,0.0,0.0,3802,5741,2.15,1.02
KSHITIJPOL,KSHITIJPOLEQN,3.15,3.15,3.15,0.0,0.0,100444,316398,7.2,1.88
DJML,DJMLEQN,70.71,70.71,70.71,0.0,0.0,421,29768,124.8,52.0
OSIAHYPER,OSIAHYPERBEN,2.48,2.48,2.48,0.0,0.0,1929,4783,33.08,2.38
DANGEE,DANGEEEQN,2.94,2.94,2.94,0.0,0.0,3,8,5.08,2.53
SHIVALIK,SHIVALIKBEN,313.4,313.4,313.4,0.0,0.0,203,63620,496.0,206.4
DISHTV,DISHTVEQN,2.61,2.61,2.61,0.0,0.0,6180,16129,5.99,1.82
BRIGHOTEL,BRIGHOTELEQN,58.95,58.95,58.95,0.0,0.0,951,56061,88.27,54.36
VIKRAN,VIKRANEQN,57.68,57.68,57.68,0.0,0.0,3501,201937,118.4,51.1
DCMFINSERV,DCMFINSERVEQN,5.09,5.09,5.09,0.0,0.0,2,10,8.55,3.7
GKENERGY,GKENERGYEQN,129.55,129.55,129.55,0.0,0.0,408,52856,239.6,87.2
BHARATGEAR,BHARATGEARBEN,104.49,104.49,104.49,0.0,0.0,5,522,154.2,83.8
TRUALT,TRUALTEQN,426.4,426.4,426.4,0.0,0.0,602,256692,549.0,310.2
NOIDATOLL,NOIDATOLLEQN,4.27,4.27,4.27,0.0,0.0,11,46,7.43,2.87
TATACAP,TATACAPEQN,371.85,371.85,371.85,0.0,0.0,6559,2438964,390.2,296.0
A2ZINFRA,A2ZINFRAEQN,15.98,15.98,15.98,0.0,0.0,500,7990,22.64,12.0
SHANTI,SHANTIEQN,6.31,6.31,6.31,0.0,0.0,100,631,12.26,4.7
TMPV,TMPVEQN,312.0,312.0,312.0,0.0,0.0,33826,10553712,739.7,294.3
WAAREERTL,WAAREERTLEQN,847.9,847.9,847.9,0.0,0.0,324,274719,1358.0,779.5
HDBFS,HDBFSEQN,693.45,693.45,693.45,0.0,0.0,844,585271,801.1,555.3
APOLLOTYRE,APOLLOTYREEQN,433.85,433.85,433.85,0.0,0.0,317,137530,540.5,365.3
AKSHAR,AKSHAREQN,0.42,0.42,0.42,0.0,0.0,16508,6933,0.76,0.36
EASTSILK,EASTSILKBEN,63.99,63.99,63.99,0.0,0.0,211,13501,99.25,37.19
CGPOWER,CGPOWEREQN,895.0,895.0,895.0,0.0,0.0,7991,7151945,980.9,525.5
JSWDULUX,JSWDULUXEQN,3167.6,3167.6,3167.6,0.0,0.0,1,3167,3745.0,2658.7
KANORICHEM,KANORICHEMBEN,155.68,155.68,155.68,0.0,0.0,171,26621,164.6,56.0
PRADPME,PRADPMEBEN,497.45,497.45,497.45,0.0,0.0,20,9949,596.0,357.05
LLOYDSME,LLOYDSMEEQN,1848.7,1848.7,1848.7,0.0,0.0,139,256969,2125.0,1042.9
YUKEN,YUKENEQN,1010.05,1010.05,1010.05,0.0,0.0,42,42422,1028.5,584.1
OPTIFIN,OPTIFINEQN,14.98,14.98,14.98,0.0,0.0,250,3745,15.79,11.25
IGCL,IGCLEQN,73.27,73.27,73.27,0.0,0.0,2,146,118.99,49.46
FERMENTA,FERMENTAEQN,502.3,502.3,502.3,0.0,0.0,70,35161,580.45,248.85
MENNPIS,MENNPISEQN,74.82,74.82,74.82,0.0,0.0,51,3815,82.0,52.35
HARDWYN,HARDWYNEQN,9.11,9.11,9.11,0.0,0.0,3960,36075,20.2,7.76
DRAGARWQ,DRAGARWQEQN,5339.0,5339.0,5339.0,0.0,0.0,5,26695,6059.7,4600.0
BUILDPRO,BUILDPROEQN,1288.8,1288.8,1288.8,0.0,0.0,75,96660,1380.0,636.0
LANDSMILL,LANDSMILLEQN,0.67,0.67,0.67,0.0,0.0,109878,73618,1.74,0.67
MVELECTRO,MVELECTROEQN,730.65,730.65,730.65,0.0,0.0,6248,4565101,780.0,516.55
MUNJALSHOW,MUNJALSHOWEQN,129.27,129.27,129.27,0.0,0.0,8,1034,150.9,110.3
ADFFOODS,ADFFOODSEQN,267.5,267.5,267.5,0.0,0.0,252,67410,346.95,153.1
SAKSOFT,SAKSOFTEQN,153.69,153.69,153.69,0.0,0.0,588,90369,224.75,107.59
PIONRINV,PIONRINVBEN,80.0,80.0,80.0,0.0,0.0,3,240,135.44,72.5
ODYCORP,ODYCORPEQN,6.93,6.93,6.93,0.0,0.0,22,152,8.48,5.71
KWIL,KWILEQN,42.31,42.31,42.31,0.0,0.0,56825,2404265,50.68,22.24
RNBDENIMS,RNBDENIMSEQN,10.81,10.81,10.81,0.0,0.0,11305,122207,67.67,7.72
EUROPRATIK,EUROPRATIKEQN,267.0,267.0,267.0,0.0,0.0,110,29370,390.0,205.1
BOSCH-HCIL,BOSCH-HCILEQN,1777.7,1777.7,1777.7,0.0,0.0,322,572419,1808.9,1021.3
HILINFRA,HILINFRAEQN,44.68,44.68,44.68,0.0,0.0,1,44,97.0,40.6
NILAINFRA,NILAINFRAEQN,6.7,6.7,6.7,0.0,0.0,1131,7577,11.55,5.9
AUGMONT,AUGMONTEQN,922.7,922.7,922.7,0.0,0.0,6882,6350021,1019.8,851.0
ASMS,ASMSBEN,7.11,7.11,7.11,0.0,0.0,170,1208,17.6,6.66
ELIN,ELINEQN,95.26,95.26,95.26,0.0,0.0,416,39628,234.0,93.65
RPGLIFE,RPGLIFEEQN,2652.4,2652.4,2652.4,0.0,0.0,150,397860,3082.0,1733.0
CEREBRAINT,CEREBRAINTBZN,2.6,2.6,2.6,0.0,0.0,100,260,10.08,2.4
AGROPHOS,AGROPHOSEQN,26.19,26.19,26.19,0.0,0.0,10,261,47.47,23.9
ICEMAKE,ICEMAKEEQN,739.25,739.25,739.25,0.0,0.0,60,44355,920.0,660.3
PRISMX,PRISMXEQN,0.52,0.52,0.52,0.0,0.0,4249,2209,0.58,0.47
NBCC,NBCCEQN,86.5,86.5,86.5,0.0,0.0,12825,1109362,125.85,77.18
MADHAVIPL,MADHAVIPLEQN,7.92,7.92,7.92,0.0,0.0,100,792,9.9,6.95
MEESHO,MEESHOEQN,209.74,209.74,209.74,0.0,0.0,16561,3473504,254.4,125.56
UNITECH,UNITECHEQN,3.71,3.71,3.71,0.0,0.0,15602,57883,7.93,3.1
BHARATCOAL,BHARATCOALEQN,33.8,33.8,33.8,0.0,0.0,25159,850374,45.09,29.74
NIRLON,NIRLONEQN,621.6,621.6,621.6,0.0,0.0,72,44755,657.0,516.03
MANAKALUCO,MANAKALUCOEQN,37.68,37.68,37.68,0.0,0.0,220,8289,68.12,21.73
SIGMAADV,SIGMAADVBEN,754.8,754.8,754.8,0.0,0.0,504,380419,801.0,133.6
TANAA,TANAAEQN,282.35,282.35,282.35,0.0,0.0,20,5647,322.0,279.0
CRAVATEX,CRAVATEXEQN,326.75,326.75,326.75,0.0,0.0,1,326,372.5,300.0
QUICKHEAL,QUICKHEALBEN,137.14,137.14,137.14,0.0,0.0,43,5897,371.4,125.0
AMBALALSA,AMBALALSABEN,43.67,43.67,43.67,0.0,0.0,2,87,49.98,30.15
AARNAV,AARNAVBEN,32.22,32.22,32.22,0.0,0.0,22,708,37.4,21.0
GMMPFAUDLR,GMMPFAUDLREQN,1073.5,1073.5,1073.5,0.0,0.0,161,172833,1307.5,735.0
QLINE,QLINESMN,637.6,637.6,637.6,0.0,0.0,400,255040,659.75,431.0
AZADIND,AZADINDEQN,90.32,90.32,90.32,0.0,0.0,500,45160,98.99,72.97
KMCSHIL,KMCSHILEQN,138.0,138.0,138.0,0.0,0.0,376,51888,148.0,131.45
LANCER,LANCEREQN,13.19,13.19,13.19,0.0,0.0,5663,74694,13.8,10.1
MOHITE,MOHITEEQN,2.8,2.8,2.8,0.0,0.0,211,590,3.3,2.15
SUBROS,SUBROSEQN,705.85,705.85,705.85,0.0,0.0,64,45174,1213.7,622.1
SECMARK,SECMARKEQN,148.46,148.46,148.46,0.0,0.0,1,148,179.5,95.05
GUJENERGY,GUJENERGYEQN,264.1,264.11,264.11,0.01,0.0,2874,759052,452.0,246.15
VOEPL,VOEPLEQN,545.9,545.9,545.9,0.0,0.0,10,5459,593.45,428.65
CRSL,CRSLBEN,2.61,2.61,2.61,0.0,0.0,9670,25238,3.56,1.72
BLEL,BLELEQN,454.25,454.25,454.25,0.0,0.0,2989,1357753,548.0,431.1
HOMEFIRST,HOMEFIRSTEQN,1201.4,1201.4,1201.4,0.0,0.0,308,370031,1317.7,893.7
HTMEDIA,HTMEDIAEQN,26.56,26.56,26.56,0.0,0.0,3530,93756,31.3,17.52
ABREL,ABRELEQN,1376.9,1376.9,1376.9,0.0,0.0,114,156966,1965.3,1080.1
BCPL,BCPLEQN,67.77,67.77,67.77,0.0,0.0,20,1355,92.0,60.0
SULA,SULAEQN,147.56,147.56,147.56,0.0,0.0,232,34233,296.8,138.6
ALGOQUANT,ALGOQUANTEQN,64.27,64.27,64.27,0.0,0.0,15,964,71.01,47.8
GULFPETRO,GULFPETROBEN,66.82,66.82,66.82,0.0,0.0,4,267,71.4,23.25
VETO,VETOBEN,127.97,127.97,127.97,0.0,0.0,2,255,153.95,82.32
SRTL,SRTLEQN,36.72,36.72,36.72,0.0,0.0,3,110,73.36,35.87
GMRAIRPORT,GMRAIRPORTEQN,96.87,96.86,96.86,-0.01,-0.01,56224,5445856,115.64,84.11
GPTINFRA,GPTINFRAEQN,110.88,110.87,110.87,-0.01,-0.01,2726,302231,150.0,96.22
SSWL,SSWLEQN,360.8,360.75,360.75,-0.05,-0.01,4474,1613995,366.6,169.0
GARFIBRES,GARFIBRESEQN,800.05,800.0,800.0,-0.05,-0.01,87,69600,863.4,579.75
AMBUJACEM,AMBUJACEMEQN,405.0,404.95,404.95,-0.05,-0.01,2263,916401,600.8,394.0
PNCINFRA,PNCINFRAEQN,182.97,182.95,182.95,-0.02,-0.01,534,97695,325.0,158.17
UTIAMC,UTIAMCEQN,880.4,880.35,880.35,-0.05,-0.01,35,30812,1418.0,866.0
BALPHARMA,BALPHARMAEQN,87.71,87.7,87.7,-0.01,-0.01,10,877,98.85,60.0
ADANIENSOL,ADANIENSOLEQN,1385.7,1385.6,1385.6,-0.1,-0.01,3820,5292992,1789.0,744.9
LICI,LICIEQN,416.9,416.85,416.85,-0.05,-0.01,7480,3118038,468.48,360.75
AUBANK,AUBANKEQN,1072.0,1071.9,1071.9,-0.1,-0.01,654,701022,1144.1,682.15
ATGL,ATGLEQN,614.05,614.0,614.0,-0.05,-0.01,1612,989768,859.85,462.8
GILLETTE,GILLETTEEQN,7341.0,7340.0,7340.0,-1.0,-0.01,9,66060,10740.0,7206.0
SGRL,SGRLEQN,684.1,684.0,684.0,-0.1,-0.01,2,1368,700.05,477.05
CONCOR,CONCOREQN,508.85,508.8,508.8,-0.05,-0.01,1317,670089,569.8,421.45
CSM,CSMEQN,94.0,93.99,93.99,-0.01,-0.01,128,12030,113.0,93.12
CHEVIOT,CHEVIOTEQN,1143.1,1143.0,1143.0,-0.1,-0.01,21,24003,1370.5,898.0
SPARC,SPARCEQN,202.54,202.5,202.5,-0.04,-0.02,1882,381105,289.0,108.0
TIPSMUSIC,TIPSMUSICEQN,652.05,651.9,651.9,-0.15,-0.02,297,193614,741.0,481.15
PVP,PVPEQN,64.9,64.89,64.89,-0.01,-0.02,100861,6544870,71.9,20.93
DEEDEV,DEEDEVEQN,645.9,645.8,645.8,-0.1,-0.02,136,87828,760.0,183.0
LTFOODS,LTFOODSEQN,442.55,442.45,442.45,-0.1,-0.02,500,221225,490.7,333.15
ZUARI,ZUARIEQN,225.04,225.0,225.0,-0.04,-0.02,108,24300,345.6,175.1
DALMIASUG,DALMIASUGEQN,461.05,460.95,460.95,-0.1,-0.02,291,134136,520.0,261.4
MANGLMCEM,MANGLMCEMEQN,1098.2,1098.0,1098.0,-0.2,-0.02,240,263520,1120.0,679.35
SCHAEFFLER,SCHAEFFLEREQN,3950.6,3950.0,3950.0,-0.6,-0.02,47,185650,4467.7,3518.4
EBGNG,EBGNGEQN,622.1,622.0,622.0,-0.1,-0.02,866,538652,689.5,239.0
ANURAS,ANURASEQN,1240.2,1240.0,1240.0,-0.2,-0.02,303,375720,1415.0,1045.2
RELINFRA,RELINFRABEN,55.91,55.9,55.9,-0.01,-0.02,961,53719,299.0,55.91
HERANBA,HERANBAEQN,175.93,175.9,175.9,-0.03,-0.02,5,879,363.7,155.38
SUDARSCHEM,SUDARSCHEMEQN,1249.3,1249.0,1249.0,-0.3,-0.02,21,26229,1603.0,726.4
SMLMAH,SMLMAHEQN,5726.0,5725.0,5725.0,-1.0,-0.02,439,2513275,5987.9,2719.0
SBIFUNDS,SBIFUNDSEQN,564.0,563.9,563.9,-0.1,-0.02,1398,788332,624.95,536.5
JUSTDIAL,JUSTDIALEQN,697.35,697.2,697.2,-0.15,-0.02,692,482462,878.6,480.5
THANGAMAYL,THANGAMAYLEQN,5295.0,5293.5,5293.5,-1.5,-0.03,115,608752,7430.0,1939.5
TEXRAIL,TEXRAILEQN,113.63,113.6,113.6,-0.03,-0.03,1850,210160,153.0,78.05
PRICOLLTD,PRICOLLTDEQN,768.4,768.2,768.2,-0.2,-0.03,291,223546,823.0,474.2
ADANIENT,ADANIENTEQN,2901.0,2900.0,2900.0,-1.0,-0.03,2092,6066800,3245.0,1753.0
MUFTI,MUFTIEQN,72.87,72.85,72.85,-0.02,-0.03,258,18795,130.7,63.06
TTML,TTMLEQN,38.01,38.0,38.0,-0.01,-0.03,5162,196156,60.62,31.22
BANG,BANGEQN,34.17,34.16,34.16,-0.01,-0.03,1,34,62.07,25.84
TAJGVK,TAJGVKEQN,333.8,333.7,333.7,-0.1,-0.03,62,20689,512.65,281.35
KIRIINDUS,KIRIINDUSEQN,578.95,578.75,578.75,-0.2,-0.03,4693,2716073,779.0,333.8
INDIANHUME,INDIANHUMEEQN,390.7,390.6,390.6,-0.1,-0.03,8,3124,432.0,279.8
NGLFINE,NGLFINEEQN,2940.8,2940.0,2940.0,-0.8,-0.03,99,291060,3602.0,1271.0
WINDMACHIN,WINDMACHINEQN,312.1,312.0,312.0,-0.1,-0.03,352,109824,343.9,200.65
STANLEY,STANLEYEQN,137.46,137.4,137.4,-0.06,-0.04,206,28304,320.45,123.0
RAILTEL,RAILTELEQN,270.9,270.8,270.8,-0.1,-0.04,3829,1036893,412.9,245.0
DEVYANI,DEVYANIEQN,138.05,138.0,138.0,-0.05,-0.04,3075,424350,191.0,91.55
ONEPOINT,ONEPOINTEQN,54.62,54.6,54.6,-0.02,-0.04,774,42260,65.85,40.58
SMSPHARMA,SMSPHARMAEQN,374.15,374.0,374.0,-0.15,-0.04,322,120428,447.8,231.0
RELIABLE,RELIABLEEQN,141.26,141.2,141.2,-0.06,-0.04,11,1553,175.0,104.74
BETA,BETAEQN,2258.9,2258.0,2258.0,-0.9,-0.04,16,36128,2807.9,990.1
AEROPLANE,AEROPLANEEQN,188.07,188.0,188.0,-0.07,-0.04,1686,316968,206.9,117.02
STAR,STAREQN,1053.6,1053.1,1053.1,-0.5,-0.05,125,131637,1231.0,768.65
BHARTIARTL,BHARTIARTLEQN,1869.0,1868.1,1868.1,-0.9,-0.05,33624,62812994,2174.5,1740.5
SHANKARA,SHANKARAEQN,147.09,147.01,147.01,-0.08,-0.05,520,76445,1048.6,98.25
MANYAVAR,MANYAVAREQN,568.2,567.9,567.9,-0.3,-0.05,1504,854121,779.0,329.2
WONDERLA,WONDERLAEQN,525.25,525.0,525.0,-0.25,-0.05,54,28350,659.0,455.0
UNITDSPR,UNITDSPREQN,1488.9,1488.1,1488.1,-0.8,-0.05,660,982146,1563.4,1210.8
CTE,CTEBEN,41.03,41.01,41.01,-0.02,-0.05,16,656,59.93,20.51
SHANKESH,SHANKESHEQN,97.4,97.35,97.35,-0.05,-0.05,5195,505733,111.0,87.25
KPL,KPLEQN,3351.7,3350.0,3350.0,-1.7,-0.05,41,137350,3744.0,1561.0
BAJAJELEC,BAJAJELECEQN,334.2,334.0,334.0,-0.2,-0.06,303,101202,653.8,301.0
NH,NHEQN,1882.2,1881.0,1881.0,-1.2,-0.06,296,556776,2093.3,1589.0
RSYSTEMS,RSYSTEMSEQN,252.64,252.5,252.5,-0.14,-0.06,1,252,485.0,213.52
ASIANPAINT,ASIANPAINTEQN,2541.6,2540.0,2540.0,-1.6,-0.06,1451,3685540,2985.7,2115.0
SHAILY,SHAILYEQN,3267.1,3265.0,3265.0,-2.1,-0.06,294,959910,3615.2,1770.9
DALBHARAT,DALBHARATEQN,1771.2,1770.1,1770.1,-1.1,-0.06,111,196481,2496.3,1605.0
ASHOKA,ASHOKAEQN,117.32,117.25,117.25,-0.07,-0.06,1577,184903,214.5,101.0
ALKEM,ALKEMEQN,5193.0,5190.0,5190.0,-3.0,-0.06,48,249120,5933.5,5075.0
DIVISLAB,DIVISLABEQN,9250.0,9244.0,9244.0,-6.0,-0.06,512,4732928,9467.0,5636.5
GMBREW,GMBREWEQN,910.55,910.0,910.0,-0.55,-0.06,100,91000,1328.8,682.4
GARUDA,GARUDAEQN,178.88,178.75,178.75,-0.13,-0.07,366,65422,249.3,130.0
BLACKBUCK,BLACKBUCKEQN,582.4,582.0,582.0,-0.4,-0.07,126,73332,748.0,496.0
REFEX,REFEXEQN,279.25,279.05,279.05,-0.2,-0.07,2059,574563,415.0,188.0
NIITLTD,NIITLTDEQN,97.57,97.5,97.5,-0.07,-0.07,512,49920,116.4,49.0
KELLTONTEC,KELLTONTECEQN,13.99,13.98,13.98,-0.01,-0.07,9728,135997,28.13,13.0
DABUR,DABUREQN,380.7,380.45,380.45,-0.25,-0.07,1710,650569,577.0,377.45
BALAJITELE,BALAJITELEEQN,91.31,91.25,91.25,-0.06,-0.07,1,91,141.32,69.52
GODREJPROP,GODREJPROPEQN,2001.5,2000.0,2000.0,-1.5,-0.07,959,1918000,2352.0,1434.0
NESTLEIND,NESTLEINDEQN,1416.0,1415.0,1415.0,-1.0,-0.07,1953,2763495,1553.0,1145.0
LGEINDIA,LGEINDIAEQN,1662.3,1661.2,1661.2,-1.1,-0.07,283,470119,1755.0,1304.1
PATINTLOG,PATINTLOGBEN,13.41,13.4,13.4,-0.01,-0.07,302,4046,16.9,8.01
SUNTECK,SUNTECKEQN,297.75,297.5,297.5,-0.25,-0.08,285,84787,473.0,270.75
CHALET,CHALETEQN,890.75,890.0,890.0,-0.75,-0.08,123,109470,1070.1,691.35
NHPC,NHPCEQN,76.45,76.39,76.39,-0.06,-0.08,17235,1316581,89.22,71.62
HATSUN,HATSUNEQN,1160.8,1159.9,1159.9,-0.9,-0.08,120,139188,1222.0,855.3
APARINDS,APARINDSEQN,17704.0,17689.0,17689.0,-15.0,-0.08,332,5872748,18465.0,6801.0
SIKA,SIKAEQN,974.75,974.0,974.0,-0.75,-0.08,41,39934,1359.4,870.1
GMRP&UI,GMRP&UIEQN,91.69,91.61,91.61,-0.08,-0.09,891,81624,136.95,86.8
XPROINDIA,XPROINDIAEQN,1280.3,1279.0,1279.0,-1.3,-0.1,657,840303,1574.8,788.05
HUBTOWN,HUBTOWNEQN,192.2,192.0,192.0,-0.2,-0.1,510,97920,345.85,168.15
NIRAJ,NIRAJEQN,29.13,29.1,29.1,-0.03,-0.1,1,29,51.98,20.15
BIRLACORPN,BIRLACORPNEQN,880.9,880.0,880.0,-0.9,-0.1,128,112640,1346.1,769.6
GOODLUCK,GOODLUCKEQN,469.4,468.95,468.95,-0.45,-0.1,257,120520,557.37,305.0
MANKIND,MANKINDEQN,2368.8,2366.5,2366.5,-2.3,-0.1,47,111225,2674.0,1909.7
KOTARISUG,KOTARISUGBEN,30.53,30.5,30.5,-0.03,-0.1,22,671,39.94,22.5
GRANULES,GRANULESEQN,853.85,853.0,853.0,-0.85,-0.1,1362,1161786,910.0,507.3
DHANUKA,DHANUKAEQN,1010.15,1009.0,1009.0,-1.15,-0.11,7,7063,1654.4,889.6
FOODSIN,FOODSINEQN,56.06,56.0,56.0,-0.06,-0.11,6,336,95.9,44.0
PAYTM,PAYTMEQN,1637.0,1635.2,1635.2,-1.8,-0.11,8486,13876307,1732.3,930.6
SPLPETRO,SPLPETROEQN,725.8,725.0,725.0,-0.8,-0.11,16,11600,979.0,462.3
BHAGYANGR,BHAGYANGREQN,373.45,373.05,373.05,-0.4,-0.11,70,26113,432.3,88.1
SCODATUBES,SCODATUBESEQN,134.95,134.8,134.8,-0.15,-0.11,57,7683,187.7,110.0
HGINFRA,HGINFRAEQN,479.9,479.35,479.35,-0.55,-0.11,99,47455,1049.95,429.5
CASTROLIND,CASTROLINDEQN,186.42,186.21,186.21,-0.21,-0.11,1212,225686,210.75,170.1
SAPPHIRE,SAPPHIREEQN,228.76,228.5,228.5,-0.26,-0.11,44,10054,347.9,139.91
CMPDI,CMPDIEQN,239.66,239.39,239.39,-0.27,-0.11,3715,889333,283.69,150.16
TVSHLTD,TVSHLTDEQN,13156.0,13140.0,13140.0,-16.0,-0.12,27,354780,16297.0,11925.0
AEGISVOPAK,AEGISVOPAKEQN,286.85,286.5,286.5,-0.35,-0.12,3690,1057185,311.49,158.0
DOMS,DOMSEQN,2207.6,2205.0,2205.0,-2.6,-0.12,9,19845,2770.0,2023.9
GENSOL,GENSOLBZN,17.17,17.15,17.15,-0.02,-0.12,67,1149,46.02,16.4
MINDTECK,MINDTECKEQN,168.22,168.0,168.0,-0.22,-0.13,1,168,307.68,145.13
PRSMJOHNSN,PRSMJOHNSNEQN,111.31,111.16,111.16,-0.15,-0.13,7,778,176.0,97.1
FABTECH,FABTECHEQN,147.33,147.14,147.14,-0.19,-0.13,203,29869,262.8,132.7
SHARDACROP,SHARDACROPEQN,772.75,771.65,771.65,-1.1,-0.14,32,24692,1297.0,755.55
EVEREADY,EVEREADYEQN,319.45,319.0,319.0,-0.45,-0.14,30,9570,475.2,259.65
BANKINDIA,BANKINDIAEQN,145.0,144.8,144.8,-0.2,-0.14,7711,1116552,178.36,111.33
GLOBECIVIL,GLOBECIVILEQN,48.92,48.85,48.85,-0.07,-0.14,19,928,80.45,33.5
HMAAGRO,HMAAGROEQN,20.93,20.9,20.9,-0.03,-0.14,386,8067,34.24,20.0
LUXIND,LUXINDEQN,1171.7,1170.1,1170.1,-1.6,-0.14,96,112329,1823.35,824.05
SUTLEJTEX,SUTLEJTEXBEN,38.96,38.9,38.9,-0.06,-0.15,1,38,41.5,24.0
MOLDTECH,MOLDTECHBEN,207.31,207.0,207.0,-0.31,-0.15,80,16560,221.0,101.1
CUB,CUBEQN,234.36,234.0,234.0,-0.36,-0.15,4003,936702,245.38,145.13
WEL,WELEQN,79.37,79.25,79.25,-0.12,-0.15,5689,450853,183.53,75.01
GODREJCP,GODREJCPEQN,880.0,878.65,878.65,-1.35,-0.15,4582,4025974,1309.0,859.55
COSMOFIRST,COSMOFIRSTEQN,940.15,938.7,938.7,-1.45,-0.15,837,785691,1008.0,560.8
AIAENG,AIAENGEQN,4272.4,4250.0,4250.0,-6.4,-0.15,71,301750,5180.0,3002.0
ONIDA,ONIDAEQN,34.35,34.3,34.3,-0.05,-0.15,321,11010,49.23,21.5
JKTYRE,JKTYREEQN,369.45,368.9,368.9,-0.55,-0.15,954,351930,611.9,341.15
TATAPOWER,TATAPOWEREQN,365.7,365.1,365.1,-0.6,-0.16,14519,5300886,464.9,342.5
JWL,JWLEQN,241.09,240.71,240.71,-0.38,-0.16,2052,493936,358.25,235.65
CONNPLEX,CONNPLEXSMN,223.35,223.0,223.0,-0.35,-0.16,800,178400,311.9,178.15
ROHLTD,ROHLTDEQN,298.5,298.0,298.0,-0.5,-0.17,4,1192,588.7,269.4
BFUTILITIE,BFUTILITIEEQN,544.0,543.05,543.05,-0.95,-0.17,1947,1057318,898.7,368.7
PARKHOTELS,PARKHOTELSEQN,113.14,112.95,112.95,-0.19,-0.17,581,65623,164.1,95.1
PFC,PFCEQN,345.5,344.9,344.9,-0.6,-0.17,23275,8027547,486.5,329.9
VIPIND,VIPINDEQN,310.35,309.8,309.8,-0.55,-0.18,262,81167,454.3,278.25
VRLLOG,VRLLOGEQN,297.85,297.3,297.3,-0.55,-0.18,125,37162,310.2,225.0
GLENMARK,GLENMARKEQN,2459.0,2454.5,2454.5,-4.5,-0.18,208,510536,2537.6,1792.6
MAWANASUG,MAWANASUGEQN,146.27,146.0,146.0,-0.27,-0.18,1646,240316,164.0,75.08
KSOLVES,KSOLVESEQN,271.5,271.0,271.0,-0.5,-0.18,95,25745,353.99,245.75
GLOTTIS,GLOTTISEQN,62.31,62.2,62.2,-0.11,-0.18,200,12440,93.0,37.0
IIFLCAPS,IIFLCAPSEQN,338.05,337.4,337.4,-0.65,-0.19,103,34752,411.3,240.4
MANALIPETC,MANALIPETCEQN,89.73,89.56,89.56,-0.17,-0.19,59569,5334999,90.89,39.13
PIDILITIND,PIDILITINDEQN,1638.3,1635.2,1635.2,-3.1,-0.19,1086,1775827,1707.5,1259.0
ERIS,ERISEQN,1303.5,1301.0,1301.0,-2.5,-0.19,7,9107,1799.0,1200.0
PREMEXPLN,PREMEXPLNEQN,666.35,665.0,665.0,-1.35,-0.2,755,502075,829.8,378.4
BPL,BPLEQN,49.31,49.21,49.21,-0.1,-0.2,21,1033,91.28,37.61
RPTECH,RPTECHEQN,815.65,814.0,814.0,-1.65,-0.2,532,433048,967.7,280.65
PIIND,PIINDEQN,2419.9,2415.0,2415.0,-4.9,-0.2,328,792120,3832.9,2353.5
SILVERTUC,SILVERTUCEQN,169.72,169.38,169.38,-0.34,-0.2,116,19648,216.8,66.19
BPCL,BPCLEQN,320.05,319.4,319.4,-0.65,-0.2,2212,706512,391.65,266.6
FRONTSP,FRONTSPEQN,1269.8,1267.3,1267.3,-2.5,-0.2,100,126730,1869.0,1241.1
ALKYLAMINE,ALKYLAMINEEQN,2003.2,1999.0,1999.0,-4.2,-0.21,64,127936,2127.0,1212.0
SWANCORP,SWANCORPEQN,284.1,283.5,283.5,-0.6,-0.21,698,197883,506.0,282.2
SUNPHARMA,SUNPHARMAEQN,1916.0,1912.0,1912.0,-4.0,-0.21,2356,4504672,2046.9,1548.0
NURECA,NURECABEN,332.6,331.9,331.9,-0.7,-0.21,8,2655,358.0,204.0
OMINFRAL,OMINFRALEQN,82.68,82.0,82.0,-0.18,-0.22,160,13120,144.0,71.5
PRAMODINI,PRAMODINISMN,115.25,115.0,115.0,-0.25,-0.22,1200,138000,125.95,111.55
APLAPOLLO,APLAPOLLOEQN,2159.4,2154.6,2154.6,-4.8,-0.22,682,1469437,2301.4,1645.1
ASHOKLEY,ASHOKLEYEQN,169.35,168.98,168.98,-0.37,-0.22,28758,4859526,215.42,126.54
COROMANDEL,COROMANDELEQN,1931.3,1927.0,1927.0,-4.3,-0.22,17,32759,2499.0,1706.5
VMARCIND,VMARCINDSMN,348.7,347.95,347.95,-0.75,-0.22,3000,1043850,406.0,70.0
IKS,IKSEQN,1732.4,1728.5,1728.5,-3.9,-0.23,22,38027,1933.0,1262.0
SKMEGGPROD,SKMEGGPRODEQN,262.4,261.8,261.8,-0.6,-0.23,957,250542,372.0,143.1
GVT&D,GVT&DEQN,4362.0,4352.0,4352.0,-10.0,-0.23,1021,4443392,5650.0,2523.2
JSWSTEEL,JSWSTEELEQN,1308.0,1305.0,1305.0,-3.0,-0.23,2708,3533940,1351.0,1040.0
SUBEXLTD,SUBEXLTDEQN,17.69,17.65,17.65,-0.04,-0.23,2552,45042,19.39,6.61
GAIL,GAILEQN,174.67,174.67,174.27,-0.4,-0.23,5707,0,186.87,134.36
ZYDUSWELL,ZYDUSWELLEQN,538.2,536.95,536.95,-1.25,-0.23,277,148735,611.85,367.55
EXCELSOFT,EXCELSOFTEQN,70.66,70.5,70.5,-0.16,-0.23,3416,240828,142.59,66.4
LALPATHLAB,LALPATHLABEQN,1925.2,1920.5,1920.5,-4.7,-0.24,136,261188,1988.9,1272.6
WSTCSTPAPR,WSTCSTPAPREQN,656.95,655.35,655.35,-1.6,-0.24,634,415491,660.0,375.0
ARMANFIN,ARMANFINEQN,1991.9,1987.2,1987.2,-4.7,-0.24,14,27820,2158.6,1301.0
POEL,POELEQN,144.2,143.05,143.05,-0.35,-0.24,250,35762,168.97,140.6
AMAL,AMALEQN,749.8,748.0,748.0,-1.8,-0.24,3,2244,822.0,730.05
LLOYDSENT,LLOYDSENTEQN,71.97,71.79,71.79,-0.18,-0.25,21628,1552674,84.7,40.69
GPTHEALTH,GPTHEALTHEQN,153.68,153.29,153.29,-0.39,-0.25,150,22993,175.0,115.0
HINDCOMPOS,HINDCOMPOSEQN,393.1,392.1,392.1,-1.0,-0.25,42,16468,550.0,347.1
SHREECEM,SHREECEMEQN,23910.0,23850.0,23850.0,-60.0,-0.25,11,262350,30750.0,22550.0
MEDICO,MEDICOEQN,39.5,39.4,39.4,-0.1,-0.25,10,394,56.88,30.22
BLUECLOUDS,BLUECLOUDSEQN,19.9,19.85,19.85,-0.05,-0.25,1021,20266,24.5,19.61
TOLINS,TOLINSEQN,91.94,91.7,91.7,-0.24,-0.26,1,91,202.0,83.04
ABINFRA,ABINFRABEN,11.18,11.15,11.15,-0.03,-0.27,296,3300,23.56,8.82
UGARSUGAR,UGARSUGAREQN,58.56,58.4,58.4,-0.16,-0.27,6906,403310,62.1,33.75
DMCC,DMCCEQN,295.5,294.7,294.7,-0.8,-0.27,266,78390,332.9,191.35
3MINDIA,3MINDIAEQN,32820.0,32730.0,32730.0,-90.0,-0.27,4,130920,38030.0,28730.0
INDHOTEL,INDHOTELEQN,732.0,730.0,730.0,-2.0,-0.27,1793,1308890,792.55,565.0
SYNGENE,SYNGENEEQN,400.8,399.7,399.7,-1.1,-0.27,2023,808593,678.95,375.25
NACLIND,NACLINDEQN,166.45,166.0,166.0,-0.45,-0.27,1282,212812,260.46,112.62
IMAGICAA,IMAGICAAEQN,54.55,54.4,54.4,-0.15,-0.27,306,16646,62.0,36.84
THELEELA,THELEELAEQN,566.05,564.45,564.45,-1.6,-0.28,150,84667,582.85,384.5
TRANSCOR,TRANSCOREQN,24.97,24.9,24.9,-0.07,-0.28,1,24,26.48,21.0
SOLARA,SOLARAEQN,629.85,628.0,628.0,-1.85,-0.29,661,415108,712.0,422.0
IPL,IPLEQN,137.5,137.1,137.1,-0.4,-0.29,277,37976,240.25,125.0
THOMASCOOK,THOMASCOOKEQN,106.31,106.0,106.0,-0.31,-0.29,3758,398348,181.41,86.35
SAILIFE,SAILIFEEQN,1574.8,1570.0,1570.0,-4.8,-0.3,2522,3959540,1630.0,783.85
BIRLAMONEY,BIRLAMONEYEQN,127.15,126.77,126.77,-0.38,-0.3,1,126,197.39,95.0
CALSOFT,CALSOFTBEN,43.13,43.0,43.0,-0.13,-0.3,44080,1895440,43.13,10.9
GODREJAGRO,GODREJAGROEQN,658.95,657.0,657.0,-1.95,-0.3,1435,942795,759.5,506.1
HCC,HCCEQN,23.13,23.06,23.06,-0.07,-0.3,105585,2434790,28.5,13.65
SWARAJENG,SWARAJENGEQN,3554.7,3544.1,3544.1,-10.6,-0.3,16,56705,4545.0,3301.3
RMC,RMCEQN,225.97,225.3,225.3,-0.67,-0.3,14,3154,530.0,220.05
YESBANK,YESBANKEQN,22.54,22.47,22.47,-0.07,-0.31,130359,2929166,25.78,17.2
PARACABLES,PARACABLESEQN,64.3,64.1,64.1,-0.2,-0.31,2090,133969,75.7,28.3
TIINDIA,TIINDIAEQN,2735.4,2727.0,2727.0,-8.4,-0.31,115,313605,3419.9,2164.9
IPCALAB,IPCALABEQN,1956.1,1950.0,1950.0,-6.1,-0.31,376,733200,2001.5,1251.6
GREENPLY,GREENPLYEQN,293.0,292.1,292.1,-0.9,-0.31,299,87337,334.4,176.42
JAIPURKURT,JAIPURKURTEQN,25.82,25.74,25.74,-0.08,-0.31,20,514,42.74,24.4
HTEL,HTELBEN,74.73,74.5,74.5,-0.23,-0.31,11182,833059,81.4,71.25
MONARCH,MONARCHEQN,381.3,380.1,380.1,-1.2,-0.31,286,108708,406.95,235.45
ASIANTILES,ASIANTILESEQN,49.96,49.8,49.8,-0.16,-0.32,2920,145416,79.06,42.5
KAMATHOTEL,KAMATHOTELEQN,217.66,216.96,216.96,-0.7,-0.32,64,13885,329.8,140.2
TECHNOCRAF,TECHNOCRAFEQN,373.2,372.0,372.0,-1.2,-0.32,1391,517452,383.85,284.0
CORONA,CORONAEQN,2127.8,2121.0,2121.0,-6.8,-0.32,80,169680,2270.1,1336.6
GRAUWEIL,GRAUWEILEQN,70.84,70.61,70.61,-0.23,-0.32,1529,107962,87.4,62.09
EICHERMOT,EICHERMOTEQN,7690.0,7665.0,7665.0,-25.0,-0.33,715,5480475,8230.0,6308.0
CYIENTDLM,CYIENTDLMEQN,836.55,833.8,833.8,-2.75,-0.33,1329,1108120,869.95,265.2
RATNAMANI,RATNAMANIEQN,2669.7,2661.0,2661.0,-8.7,-0.33,75,199575,3345.0,1936.5
PFIZER,PFIZEREQN,4643.7,4628.2,4628.2,-15.5,-0.33,14,64794,5578.5,4360.1
TTKPRESTIG,TTKPRESTIGEQN,583.95,582.05,582.05,-1.9,-0.33,32,18625,771.2,423.0
TEXINFRA,TEXINFRAEQN,116.7,116.32,116.32,-0.38,-0.33,1706,198441,118.74,82.5
UTLSOLAR,UTLSOLAREQN,428.5,427.1,427.1,-1.4,-0.33,372,158881,494.25,172.0
ORIRAIL,ORIRAILEQN,125.72,125.3,125.3,-0.42,-0.33,5,626,142.0,102.8
GOKULAGRO,GOKULAGROEQN,234.91,234.1,234.1,-0.81,-0.34,545,127584,259.8,151.0
TITAN,TITANEQN,5027.0,5010.0,5010.0,-17.0,-0.34,961,4814610,5186.7,3303.1
TNTELE,TNTELEEQN,8.86,8.83,8.83,-0.03,-0.34,50,441,16.1,7.81
DHAMPURSUG,DHAMPURSUGEQN,177.05,176.45,176.45,-0.6,-0.34,705,124397,199.92,110.0
SUPRAJIT,SUPRAJITEQN,489.7,488.0,488.0,-1.7,-0.35,87,42456,559.25,389.95
RELIGARE,RELIGAREEQN,251.89,251.0,251.0,-0.89,-0.35,826,207326,280.0,196.51
SEJALLTD,SEJALLTDEQN,672.45,670.1,670.1,-2.35,-0.35,25,16752,1036.7,381.0
PPL,PPLBEN,257.4,256.5,256.5,-0.9,-0.35,112,28728,338.65,163.21
DREAMFOLKS,DREAMFOLKSEQN,66.33,66.1,66.1,-0.23,-0.35,383,25316,160.0,56.0
STERTOOLS,STERTOOLSBEN,220.78,220.0,220.0,-0.78,-0.35,3,660,361.95,155.0
ASTRAL,ASTRALEQN,1495.2,1489.8,1489.8,-5.4,-0.36,893,1330391,1768.7,1311.6
BAJAJFINSV,BAJAJFINSVEQN,1992.1,1985.0,1985.0,-7.1,-0.36,1346,2671810,2195.0,1597.0
CENTRUM,CENTRUMEQN,22.45,22.37,22.37,-0.08,-0.36,700,15659,38.5,19.66
BLUESTONE,BLUESTONEEQN,804.9,802.0,802.0,-2.9,-0.36,1139,913478,926.0,399.8
JSWENERGY,JSWENERGYEQN,539.5,537.55,537.55,-1.95,-0.36,2332,1253566,617.35,427.75
HORIZONIND,HORIZONINDEQN,55.69,55.49,55.49,-0.2,-0.36,4025,223347,60.25,53.75
VRAJ,VRAJEQN,122.71,122.26,122.26,-0.45,-0.37,1,122,159.99,93.0
SUNDARMFIN,SUNDARMFINEQN,4578.0,4561.0,4561.0,-17.0,-0.37,26,118586,5642.0,4000.0
BDL,BDLEQN,1257.7,1253.0,1253.0,-4.7,-0.37,4116,5157348,1654.0,1086.0
AGL,AGLEQN,13.66,13.61,13.61,-0.05,-0.37,523,7118,22.0,12.03
ORIENTCEM,ORIENTCEMEQN,128.48,128.0,128.0,-0.48,-0.37,1033,132224,237.29,122.32
SUPRIYA,SUPRIYAEQN,842.7,838.55,838.55,-3.15,-0.37,396,332065,1085.0,545.5
CARRARO,CARRAROEQN,533.95,531.9,531.9,-2.05,-0.38,160,85104,667.55,416.0
PNGJL,PNGJLEQN,591.25,589.0,589.0,-2.25,-0.38,458,269762,736.4,503.0
PNBHOUSING,PNBHOUSINGEQN,1145.5,1141.1,1141.1,-4.4,-0.38,379,432476,1211.5,729.6
FORTIS,FORTISEQN,917.5,914.0,914.0,-3.5,-0.38,562,513668,1104.3,766.8
ADANIPORTS,ADANIPORTSEQN,1706.5,1699.9,1699.9,-6.6,-0.39,4509,7664849,1891.1,1292.0
RUDRA,RUDRAEQN,20.38,20.3,20.3,-0.08,-0.39,1000,20300,29.7,14.63
WELENT,WELENTEQN,764.75,761.8,761.8,-2.95,-0.39,1870,1424566,768.0,412.0
ANMOL,ANMOLEQN,10.04,10.0,10.0,-0.04,-0.4,34,340,17.74,8.4
HINDPETRO,HINDPETROEQN,361.35,361.35,359.9,-1.45,-0.4,8478,0,508.45,316.2
MARICO,MARICOEQN,827.4,824.05,824.05,-3.35,-0.4,2053,1691774,889.1,690.3
CHANDAN,CHANDANSMN,208.95,208.1,208.1,-0.85,-0.41,800,166480,358.0,185.4
RESPONIND,RESPONINDEQN,151.87,151.25,151.25,-0.62,-0.41,151,22838,240.9,117.25
DCW,DCWEQN,46.3,46.11,46.11,-0.19,-0.41,3014,138975,78.21,37.11
MODIS,MODISEQN,379.1,377.5,377.5,-1.6,-0.42,41,15477,429.05,276.0
NAM-INDIA,NAM-INDIAEQN,1164.9,1160.0,1160.0,-4.9,-0.42,1539,1785240,1269.5,794.0
NMSTEEL,NMSTEELSMN,23.9,23.8,23.8,-0.1,-0.42,1600,38080,39.15,17.4
INFOBEAN,INFOBEANEQN,157.68,157.0,157.0,-0.68,-0.43,637,100009,257.5,116.5
NCC,NCCEQN,147.24,146.6,146.6,-0.64,-0.43,3559,521749,222.31,130.0
NUVOCO,NUVOCOEQN,338.1,336.65,336.65,-1.45,-0.43,760,255854,477.5,276.25
EMIL,EMILEQN,176.16,175.4,175.4,-0.76,-0.43,2454,430431,196.74,84.9
MCLEODRUSS,MCLEODRUSSEQN,46.61,46.41,46.41,-0.2,-0.43,76,3527,78.41,28.5
NILKAMAL,NILKAMALEQN,2111.1,2101.8,2101.8,-9.3,-0.44,162,340491,2149.5,1050.5
DYCL,DYCLEQN,544.3,541.9,541.9,-2.4,-0.44,2035,1102766,560.0,236.8
DATAMATICS,DATAMATICSEQN,774.85,771.45,771.45,-3.4,-0.44,200,154290,1054.0,632.0
VADILALIND,VADILALINDEQN,7615.0,7581.5,7581.5,-33.5,-0.44,26,197119,8447.0,3996.0
BASML,BASMLBEN,25.02,24.91,24.91,-0.11,-0.44,89,2216,31.9,17.05
CHOLAFIN,CHOLAFINEQN,1849.3,1841.0,1841.0,-8.3,-0.45,309,568869,1952.5,1299.4
FELDVR,FELDVRBZN,2.2,2.19,2.19,-0.01,-0.45,6,13,3.74,2.12
TVSMOTOR,TVSMOTOREQN,4200.0,4181.2,4181.2,-18.8,-0.45,2091,8742889,4484.5,3228.0
ABCAPITAL,ABCAPITALEQN,402.0,400.2,400.2,-1.8,-0.45,2886,1154977,430.7,272.7
3PLAND,3PLANDEQN,32.45,32.3,32.3,-0.15,-0.46,17,549,47.5,28.51
AJAXENGG,AJAXENGGEQN,579.75,577.0,577.0,-2.75,-0.47,237,136749,698.95,394.8
VHL,VHLEQN,3607.1,3590.0,3590.0,-17.1,-0.47,1,3590,4275.0,2870.0
PRIMESECU,PRIMESECUEQN,290.2,288.85,288.85,-1.35,-0.47,1,288,325.0,248.0
FINKURVE,FINKURVEEQN,70.23,69.9,69.9,-0.33,-0.47,1,69,134.9,48.02
PTCIL,PTCILEQN,23820.0,23705.0,23705.0,-115.0,-0.48,137,3247585,24000.0,13400.0
RADIOCITY,RADIOCITYEQN,6.24,6.21,6.21,-0.03,-0.48,15,93,9.25,4.5
PRAJIND,PRAJINDEQN,341.6,339.95,339.95,-1.65,-0.48,896,304595,427.65,273.0
POLYMED,POLYMEDEQN,1768.7,1760.0,1760.0,-8.7,-0.49,101,177760,2144.9,1182.0
SKFINDIA,SKFINDIAEQN,1540.6,1533.0,1533.0,-7.6,-0.49,30,45990,5074.0,1404.0
AVADHSUGAR,AVADHSUGAREQN,831.1,827.0,827.0,-4.1,-0.49,146,120742,884.8,306.05
KANCHI,KANCHIEQN,398.55,396.6,396.6,-1.95,-0.49,5,1983,463.35,334.7
GOODYEAR,GOODYEAREQN,736.7,733.1,733.1,-3.6,-0.49,60,43986,876.0,711.25
RADICO,RADICOEQN,4559.0,4536.4,4536.4,-22.6,-0.5,339,1537839,4747.0,2500.0
UNIPARTS,UNIPARTSEQN,899.9,895.4,895.4,-4.5,-0.5,183,163858,915.95,399.8
BHARATWIRE,BHARATWIREEQN,180.42,179.51,179.51,-0.91,-0.5,600,107706,262.0,148.01
UFLEX,UFLEXEQN,686.7,683.3,683.3,-3.4,-0.5,313,213872,723.5,330.0
AJANTPHARM,AJANTPHARMEQN,3521.1,3503.5,3503.5,-17.6,-0.5,36,126126,3796.0,2329.9
KRONOX,KRONOXBEN,183.37,182.45,182.45,-0.92,-0.5,342,62397,223.42,96.0
BORORENEW,BORORENEWEQN,497.5,495.0,495.0,-2.5,-0.5,4064,2011680,721.0,374.4
360ONE,360ONEEQN,1155.0,1149.1,1149.1,-5.9,-0.51,1234,1417989,1236.2,906.05
NESCO,NESCOEQN,1044.8,1039.5,1039.5,-5.3,-0.51,12,12474,1638.9,996.0
MAANALU,MAANALUEQN,120.77,120.15,120.15,-0.62,-0.51,70,8410,184.74,103.01
VOLTAS,VOLTASEQN,1178.0,1172.0,1172.0,-6.0,-0.51,1073,1257556,1582.5,1151.0
DUCON,DUCONEQN,1.93,1.92,1.92,-0.01,-0.52,9000,17280,4.57,1.57
DBOL,DBOLEQN,129.64,128.96,128.96,-0.68,-0.52,1,128,139.0,69.0
PGIL,PGILEQN,2329.0,2316.7,2316.7,-12.3,-0.53,19,44017,2539.6,1178.1
SCHAND,SCHANDEQN,136.73,136.0,136.0,-0.73,-0.53,14,1904,200.0,130.05
PIRAMALFIN,PIRAMALFINEQN,2232.9,2221.0,2221.0,-11.9,-0.53,167,370907,2324.0,1260.0
INTERARCH,INTERARCHEQN,1701.2,1692.0,1692.0,-9.2,-0.54,1000,1692000,2762.6,1600.0
EPIGRAL,EPIGRALEQN,1236.7,1230.0,1230.0,-6.7,-0.54,151,185730,1826.0,807.0
PREMIERENE,PREMIERENEEQN,1008.0,1002.5,1002.5,-5.5,-0.55,1136,1138840,1134.0,660.0
GODIGIT,GODIGITEQN,257.85,256.4,256.4,-1.45,-0.56,229,58715,381.4,244.2
BAJAJHLDNG,BAJAJHLDNGEQN,11165.0,11102.0,11102.0,-63.0,-0.56,35,388570,13880.0,8588.0
VLSFINANCE,VLSFINANCEEQN,246.57,245.2,245.2,-1.37,-0.56,200,49040,339.0,198.81
SIKKO,SIKKOBEN,5.33,5.3,5.3,-0.03,-0.56,2396,12698,6.83,3.2
IOC,IOCEQN,137.8,137.0,137.0,-0.8,-0.58,25094,3437878,188.96,130.22
ORKLAINDIA,ORKLAINDIAEQN,588.5,585.1,585.1,-3.4,-0.58,27,15797,760.0,533.25
MSUMI,MSUMIEQN,37.03,36.81,36.81,-0.22,-0.59,38697,1424436,53.59,35.7
ECLERX,ECLERXEQN,1971.7,1960.0,1960.0,-11.7,-0.59,298,584080,2497.5,1320.0
INDIASHLTR,INDIASHLTREQN,673.1,669.05,669.05,-4.05,-0.6,524,350582,924.0,620.15
TNPETRO,TNPETROEQN,137.81,136.99,136.99,-0.82,-0.6,6214,851255,141.0,78.67
MANAKCOAT,MANAKCOATEQN,120.65,119.91,119.91,-0.74,-0.61,10,1199,182.82,94.2
NYKAA,NYKAAEQN,334.2,332.15,332.15,-2.05,-0.61,7879,2617009,349.55,227.9
AASTHA,AASTHAEQN,80.05,79.56,79.56,-0.49,-0.61,701,55771,140.01,70.0
ZODIACLOTH,ZODIACLOTHEQN,72.85,72.4,72.4,-0.45,-0.62,5,362,119.45,58.5
CLSEL,CLSELEQN,304.8,302.9,302.9,-1.9,-0.62,545,165080,324.8,203.75
LINC,LINCEQN,94.69,94.1,94.1,-0.59,-0.62,9,846,139.6,85.01
THYROCARE,THYROCAREEQN,578.65,575.05,575.05,-3.6,-0.62,319,183440,662.0,342.55
SURYODAY,SURYODAYEQN,153.57,152.6,152.6,-0.97,-0.63,163,24873,218.0,115.41
SEKURITIND,SEKURITINDEQN,114.67,113.95,113.95,-0.72,-0.63,10,1139,124.65,113.21
INDIANB,INDIANBEQN,888.75,883.05,883.05,-5.7,-0.64,2501,2208508,1000.9,660.1
JAYKAY,JAYKAYEQN,166.46,165.37,165.37,-1.09,-0.65,303,50107,203.43,106.96
COMFINTE,COMFINTEEQN,6.19,6.15,6.15,-0.04,-0.65,1100,6765,9.19,5.21
RUCHINFRA,RUCHINFRAEQN,6.04,6.0,6.0,-0.04,-0.66,264,1584,8.25,4.05
GREAVESCOT,GREAVESCOTEQN,194.78,193.5,193.5,-1.28,-0.66,7931,1534648,271.9,119.99
LXCHEM,LXCHEMEQN,175.58,174.4,174.4,-1.18,-0.67,4150,723760,241.0,107.6
MEDIASSIST,MEDIASSISTEQN,343.95,341.65,341.65,-2.3,-0.67,278,94978,575.55,293.0
SAHLIBHFI,SAHLIBHFIEQN,89.12,88.52,88.52,-0.6,-0.67,421,37266,91.95,66.6
VIVIANA,VIVIANABEN,766.4,761.0,761.0,-5.4,-0.7,10,7610,1162.5,565.0
KRISHANA,KRISHANAEQN,186.37,185.05,185.05,-1.32,-0.71,1229,227426,206.39,86.2
ANAWIL,ANAWILSMN,382.5,379.8,379.8,-2.7,-0.71,1600,607680,491.95,313.2
LAURUSLABS,LAURUSLABSEQN,1868.5,1855.0,1855.0,-13.5,-0.72,9113,16904615,1949.0,823.1
COMSYN,COMSYNEQN,302.7,300.5,300.5,-2.2,-0.73,100,30050,314.85,136.44
UPL,UPLEQN,585.35,581.05,581.05,-4.3,-0.73,1307,759432,812.2,557.95
LODHA,LODHAEQN,1234.0,1225.0,1225.0,-9.0,-0.73,4787,5864075,1344.95,650.8
MODTHREAD,MODTHREADEQN,53.39,53.0,53.0,-0.39,-0.73,20,1060,65.65,35.61
STALLION,STALLIONBEN,207.61,206.1,206.1,-1.51,-0.73,1623,334500,359.15,99.32
VMM,VMMEQN,107.8,107.0,107.0,-0.8,-0.74,12530,1340710,155.32,98.77
JPPOWER,JPPOWEREQN,16.14,16.02,16.02,-0.12,-0.74,426511,6832706,24.5,13.15
RAYMOND,RAYMONDEQN,757.9,752.3,752.3,-5.6,-0.74,15307,11515456,765.0,320.0
TRU,TRUEQN,4.08,4.05,4.05,-0.03,-0.74,46,186,13.82,3.9
BHAGERIA,BHAGERIABEN,290.15,288.0,288.0,-2.15,-0.74,6328,1822464,290.15,127.51
DEN,DENEQN,27.87,27.66,27.66,-0.21,-0.75,2085,57671,37.35,22.52
IZMO,IZMOEQN,921.95,915.0,915.0,-6.95,-0.75,520,475800,1374.7,562.0
HINDOILEXP,HINDOILEXPEQN,184.38,183.0,183.0,-1.38,-0.75,20012,3662196,191.0,117.5
TI,TIEQN,544.25,540.0,540.0,-4.25,-0.78,4119,2224260,594.55,381.55
CENTUM,CENTUMEQN,3776.1,3746.3,3746.3,-29.8,-0.79,235,880380,3968.8,2044.2
SADBHIN,SADBHINBEN,2.53,2.51,2.51,-0.02,-0.79,2207,5539,4.79,2.06
KUSUMGAR,KUSUMGAREQN,581.65,577.0,577.0,-4.65,-0.8,403,232531,659.5,548.0
NIBL,NIBLEQN,30.76,30.51,30.51,-0.25,-0.81,12,366,40.8,24.06
BTML,BTMLEQN,8.49,8.42,8.42,-0.07,-0.82,442,3721,10.5,5.06
MCL,MCLEQN,58.5,58.0,58.0,-0.5,-0.85,446,25868,93.2,42.0
AMDIND,AMDINDEQN,58.51,58.0,58.0,-0.51,-0.87,1,58,68.07,33.77
UNOMINDA,UNOMINDAEQN,1269.0,1258.0,1258.0,-11.0,-0.87,983,1236614,1382.0,994.0
OWAIS,OWAISSTN,80.8,80.1,80.1,-0.7,-0.87,100,8010,580.0,58.1
SOUTHWEST,SOUTHWESTEQN,213.12,211.25,211.25,-1.87,-0.88,804,169845,275.0,121.0
VDEAL,VDEALSMN,160.0,158.6,158.6,-1.4,-0.88,600,95160,260.0,142.0
NICCOPAR,NICCOPAREQN,78.2,77.51,77.51,-0.69,-0.88,37,2867,98.99,72.0
MOTOGENFIN,MOTOGENFINBEN,27.97,27.72,27.72,-0.25,-0.89,1,27,32.82,17.5
HEADSUP,HEADSUPEQN,6.69,6.63,6.63,-0.06,-0.9,64,424,12.95,5.69
JINDALPOLY,JINDALPOLYEQN,683.7,677.5,677.5,-6.2,-0.91,123,83332,1026.45,365.0
NAGREEKEXP,NAGREEKEXPEQN,21.3,21.1,21.1,-0.2,-0.94,15,316,40.0,17.5
IFGLEXPOR,IFGLEXPOREQN,207.44,205.5,205.5,-1.94,-0.94,93,19111,338.0,119.68
MIRZAINT,MIRZAINTEQN,30.99,30.7,30.7,-0.29,-0.94,275,8442,44.0,24.95
AERONEU,AERONEUEQN,78.99,78.25,78.25,-0.74,-0.94,11,860,125.37,63.21
MAGNUM,MAGNUMEQN,19.0,18.82,18.82,-0.18,-0.95,100,1882,30.25,16.25
XCHANGING,XCHANGINGEQN,60.99,60.4,60.4,-0.59,-0.97,10,604,103.0,47.5
MGEL,MGELBEN,14.4,14.26,14.26,-0.14,-0.97,1506,21475,18.4,9.53
URJA,URJAEQN,9.15,9.06,9.06,-0.09,-0.98,1595,14450,14.45,8.0
RKDL,RKDLEQN,18.32,18.14,18.14,-0.18,-0.98,1,18,32.48,16.3
FEDFINA,FEDFINAEQN,157.86,156.32,156.32,-1.54,-0.98,2530,395489,178.48,119.07
NILE,NILEEQN,1470.5,1456.0,1456.0,-14.5,-0.99,35,50960,2018.9,1437.1
SAMBHAAV,SAMBHAAVEQN,6.0,5.94,5.94,-0.06,-1.0,1,5,11.53,5.07
PRAENG,PRAENGEQN,25.75,25.49,25.49,-0.26,-1.01,1,25,33.88,17.0
KOTHARIPRO,KOTHARIPROEQN,67.58,66.9,66.9,-0.68,-1.01,2,133,109.0,58.0
ABDL,ABDLEQN,609.4,603.25,603.25,-6.15,-1.01,449,270859,711.7,382.1
LAXMICOT,LAXMICOTEQN,12.71,12.58,12.58,-0.13,-1.02,1,12,26.04,11.36
SUNRAKSHAK,SUNRAKSHAKEQN,373.8,370.0,370.0,-3.8,-1.02,6,2220,382.4,363.0
MOTISONS,MOTISONSEQN,15.37,15.21,15.21,-0.16,-1.04,138899,2112653,20.45,10.62
DSSL,DSSLEQN,1003.0,992.6,992.6,-10.4,-1.04,300,297780,1924.8,781.0
BALRAMCHIN,BALRAMCHINEQN,704.35,697.0,697.0,-7.35,-1.04,10637,7413989,780.95,393.55
ADROITINFO,ADROITINFOEQN,10.31,10.2,10.2,-0.11,-1.07,2,20,12.2,7.55
OLIL,OLILSMN,408.65,404.0,404.0,-4.65,-1.14,400,161600,479.9,227.0
POLICYBZR,POLICYBZREQN,1870.0,1848.2,1848.2,-21.8,-1.17,1207,2230777,1974.0,1364.0
ANTELOPUS,ANTELOPUSEQN,1013.3,1001.0,1001.0,-12.3,-1.21,20996,21016996,1075.1,357.0
SAMPANN,SAMPANNEQN,24.61,24.31,24.31,-0.3,-1.22,106,2576,43.44,23.75
MAHESHWARI,MAHESHWARIBEN,72.88,71.99,71.99,-0.89,-1.22,342,24620,76.81,39.04
EKI,EKIEQN,74.06,73.15,73.15,-0.91,-1.23,7,512,82.5,71.5
AARVI,AARVIEQN,141.35,139.61,139.61,-1.74,-1.23,15,2094,168.4,115.99
JUNIPER,JUNIPEREQN,217.69,215.0,215.0,-2.69,-1.24,31,6665,312.5,188.5
GOLDTECH,GOLDTECHBEN,47.1,46.5,46.5,-0.6,-1.27,8,372,72.02,29.68
AKSHOPTFBR,AKSHOPTFBRBEN,7.08,6.99,6.99,-0.09,-1.27,3259,22780,9.0,3.82
HAPPYFORGE,HAPPYFORGEEQN,2294.4,2265.1,2265.1,-29.3,-1.28,495,1121224,2470.0,862.05
VERTOZ,VERTOZEQN,38.63,38.13,38.13,-0.5,-1.29,123,4689,86.75,27.02
BRAHMINFRA,BRAHMINFRAEQN,162.17,160.0,160.0,-2.17,-1.34,47,7520,184.0,151.2
EFCIL,EFCILEQN,200.84,198.09,198.09,-2.75,-1.37,755,149557,333.28,171.42
SHEMAROO,SHEMAROOBEN,125.74,124.01,124.01,-1.73,-1.38,18,2232,143.0,73.0
MEP,MEPBZN,0.72,0.71,0.71,-0.01,-1.39,227,161,2.87,0.5
TRITONV,TRITONVEQN,1115.5,1100.0,1100.0,-15.5,-1.39,164,180400,1219.3,1101.1
REMSONSIND,REMSONSINDEQN,95.05,93.69,93.69,-1.36,-1.43,105,9837,152.45,75.23
TAC,TACSTN,437.25,431.0,431.0,-6.25,-1.43,200,86200,899.65,347.4
BLISSGVS,BLISSGVSBEN,639.35,630.0,630.0,-9.35,-1.46,519,326970,665.0,118.0
EXXARO,EXXAROEQN,6.7,6.6,6.6,-0.1,-1.49,120,792,10.33,5.99
NOVAAGRI,NOVAAGRIBEN,23.55,23.2,23.2,-0.35,-1.49,21,487,53.7,18.12
INDPRUD,INDPRUDEQN,6325.0,6228.0,6228.0,-97.0,-1.53,12,74736,7052.5,5750.5
DRCSYSTEMS,DRCSYSTEMSEQN,13.42,13.21,13.21,-0.21,-1.56,10,132,23.68,11.5
ASHIMASYN,ASHIMASYNEQN,17.88,17.6,17.6,-0.28,-1.57,100,1760,26.0,11.5
SHREERAMA,SHREERAMAEQN,44.52,43.82,43.82,-0.7,-1.57,316,13847,71.99,37.62
AXTEL,AXTELEQN,394.8,388.6,388.6,-6.2,-1.57,1,388,424.95,385.0
SKIPPER,SKIPPEREQN,546.9,538.15,538.15,-8.75,-1.6,7722,4155594,593.0,327.05
MHLXMIRU,MHLXMIRUBEN,174.89,172.1,172.1,-2.79,-1.6,4,688,244.65,105.53
AEPL,AEPLEQN,17.09,16.81,16.81,-0.28,-1.64,90,1512,20.25,13.25
FMGOETZE,FMGOETZEEQN,613.7,511.0,511.0,-8.7,-1.67,18699,9555189,641.1,358.0
RHFL,RHFLBZN,1.79,1.76,1.76,-0.03,-1.68,12573,22128,4.99,1.7
TIRUPATIFL,TIRUPATIFLBEN,68.42,67.26,67.26,-1.16,-1.7,2022,135999,83.9,30.11
EASTWEST,EASTWESTEQN,2.34,2.3,2.3,-0.04,-1.71,125,287,2.68,2.2
PRINCEPIPE,PRINCEPIPEEQN,289.5,284.5,284.5,-5.0,-1.73,1801,512384,353.4,205.0
HRYNSHP,HRYNSHPEQN,100.75,99.0,99.0,-1.75,-1.74,2,198,104.05,91.0
SICALLOG,SICALLOGBEN,108.88,106.96,106.96,-1.92,-1.76,21709,2321994,122.5,60.11
ANSALBU,ANSALBUEQN,76.35,75.0,75.0,-1.35,-1.77,160,12000,92.4,70.64
TATACHEM,TATACHEMEQN,641.35,630.0,630.0,-11.35,-1.77,12831,8083530,1026.65,580.3
HAVELLS,HAVELLSEQN,1200.0,1178.0,1178.0,-22.0,-1.83,13715,16156270,1621.1,1123.6
INTENTECH,INTENTECHEQN,79.54,78.08,78.08,-1.46,-1.84,500,39040,149.9,66.3
GAUDIUMIVF,GAUDIUMIVFBEN,117.24,115.01,115.01,-2.23,-1.9,209,24037,163.18,69.18
PENINLAND,PENINLANDBEN,16.06,15.75,15.75,-0.31,-1.93,150,2362,37.98,13.82
PRITIKAUTO,PRITIKAUTOBEN,16.28,15.96,15.96,-0.32,-1.97,170,2713,20.99,10.41
VIVIMEDLAB,VIVIMEDLABBEN,6.54,6.41,6.41,-0.13,-1.99,89,570,29.4,4.75
MUKTAARTS,MUKTAARTSBEN,56.1,54.98,54.98,-1.12,-2.0,10,549,72.89,37.01
SYNCOMF,SYNCOMFEQN,21.36,20.93,20.93,-0.43,-2.01,158651,3320565,22.59,10.21
KCPSUGIND,KCPSUGINDBEN,32.28,31.63,31.63,-0.65,-2.01,40,1265,36.47,21.45
SWANDEF,SWANDEFBEN,2490.0,2439.0,2439.0,-51.0,-2.05,477,1163403,2750.0,452.3
IVP,IVPBEN,206.25,202.0,202.0,-4.25,-2.06,220,44440,214.0,110.0
LGHL,LGHLEQN,178.95,175.2,175.2,-3.75,-2.1,166,29083,399.58,168.0
LAL,LALEQN,9.0,8.81,8.81,-0.19,-2.11,2592,22835,12.77,5.56
AVROIND,AVROINDEQN,8.97,8.78,8.78,-0.19,-2.12,1380,12116,15.99,8.0
SUMAX,SUMAXSTN,110.65,108.1,108.1,-2.55,-2.3,4800,518880,116.0,104.95
BODALCHEM,BODALCHEMEQN,150.76,147.26,147.26,-3.5,-2.32,14847,2186369,159.99,42.81
JINDALPHOT,JINDALPHOTEQN,1026.2,1002.1,1002.1,-24.1,-2.35,8,8016,1616.6,971.1
LEXUS,LEXUSEQN,13.54,13.22,13.22,-0.32,-2.36,29,383,39.25,12.74
PULZ,PULZSMN,22.95,22.4,22.4,-0.55,-2.4,2000,44800,44.25,21.35
LOTUSCHO,LOTUSCHOEQN,650.95,635.0,635.0,-15.95,-2.45,1158,735330,671.0,595.9
MASKINVEST,MASKINVESTEQN,143.55,140.0,140.0,-3.55,-2.47,2,280,246.09,114.94
HIKAL,HIKALEQN,240.36,234.0,234.0,-5.96,-2.48,139472,32636448,282.7,146.25
RELCHEMQ,RELCHEMQEQN,116.77,113.85,113.85,-2.92,-2.5,20,2277,167.7,105.01
PVRINOX,PVRINOXEQN,1247.5,1216.0,1216.0,-31.5,-2.53,5010,6092160,1284.5,907.4
RRKABEL,RRKABELEQN,2617.7,2550.0,2550.0,-67.7,-2.59,13055,33290250,2983.8,1181.6
MANAKSTEEL,MANAKSTEELEQN,111.91,109.0,109.0,-2.91,-2.6,3222,351198,114.76,45.11
OSWALSEEDS,OSWALSEEDSEQN,11.92,11.61,11.61,-0.31,-2.6,632,7337,20.28,9.66
RACE,RACEEQN,100.94,98.31,98.31,-2.63,-2.61,1,98,252.0,84.11
ASIANTNE,ASIANTNEEQN,9.76,9.5,9.5,-0.26,-2.66,57,541,10.99,8.64
AHLADA,AHLADAEQN,37.51,36.51,36.51,-1.0,-2.67,7,255,72.0,31.22
DIGIDRIVE,DIGIDRIVEEQN,17.8,17.31,17.31,-0.49,-2.75,20,346,34.37,16.1
SHIVAAGRO,SHIVAAGROEQN,42.9,41.7,41.7,-1.2,-2.8,1,41,45.9,37.0
MODISONLTD,MODISONLTDEQN,494.65,479.2,479.2,-15.45,-3.12,3652,1750038,546.0,114.0
FINCABLES,FINCABLESEQN,1272.9,1223.5,1223.5,-40.4,-3.2,22132,27078502,1374.0,700.8
RAJTV,RAJTVEQN,8.49,8.21,8.21,-0.28,-3.3,1050,8620,46.9,8.49
E2E,E2EBEN,592.7,573.1,573.1,-19.6,-3.31,27401,15703513,698.0,183.36
BEDMUTHA,BEDMUTHAEQN,112.23,108.5,108.5,-3.73,-3.32,1,108,154.9,94.55
PACIFICI,PACIFICIEQN,145.0,140.05,140.05,-4.95,-3.41,31,4341,160.0,111.15
POLYCAB,POLYCABEQN,8807.5,8500.0,8500.0,-307.5,-3.49,34111,289943500,10126.0,6663.0
NEXTMEDIA,NEXTMEDIAEQN,4.0,3.86,3.86,-0.14,-3.5,850,3281,8.48,3.16
QUICKTOUCH,QUICKTOUCHSMN,15.25,14.7,14.7,-0.55,-3.61,500,7350,51.0,15.25
SILLYMONKS,SILLYMONKSEQN,16.24,15.6,15.6,-0.64,-3.94,49,764,28.45,14.61
LEENEE,LEENEEBEN,8.49,8.15,8.15,-0.34,-4.0,2061,16797,11.48,6.81
SHIVAMILLS,SHIVAMILLSEQN,61.58,59.0,59.0,-2.58,-4.19,2,118,77.01,43.01
GATECH,GATECHBEN,0.95,0.91,0.91,-0.04,-4.21,420962,383075,1.11,0.4
SHAHALLOYS,SHAHALLOYSBEN,106.84,102.15,102.15,-4.69,-4.39,2000,204300,116.85,53.1
MOS,MOSSTN,7.9,7.55,7.55,-0.35,-4.43,16000,120800,28.55,7.9
GANGAFORGE,GANGAFORGEEQN,1.76,1.68,1.68,-0.08,-4.55,437644,735241,3.29,1.53
VCL,VCLBEN,1.66,1.58,1.58,-0.08,-4.82,9368,14801,2.66,0.87
REPL,REPLBEN,65.96,62.75,62.75,-3.21,-4.87,2476,155369,169.18,59.4
MOBILISE,MOBILISESMN,113.75,108.15,108.15,-5.6,-4.92,1600,173040,125.9,45.0
ELITECON,ELITECONEQN,9.13,8.68,8.68,-0.45,-4.93,41166,357320,46.4,9.13
TAKE,TAKEEQN,13.17,12.52,12.52,-0.65,-4.94,3383,42355,50.14,10.09
EMPOWER,EMPOWEREQN,1.82,1.73,1.73,-0.09,-4.95,298432,516287,2.82,1.3
SUPTANERY,SUPTANERYBEN,13.94,13.25,13.25,-0.69,-4.95,1817,24075,16.21,6.81
FASCINATE,FASCINATESTN,76.35,72.55,72.55,-3.8,-4.98,2400,174120,120.8,76.35
MAHASTEEL,MAHASTEELBEN,1258.2,1195.3,1195.3,-62.9,-5.0,279,333488,1421.0,367.25
NIRAJISPAT,NIRAJISPATBEN,408.2,387.8,387.8,-20.4,-5.0,3,1163,438.5,155.0
GSMFOILS,GSMFOILSSMN,117.0,111.15,111.15,-5.85,-5.0,2000,222300,293.85,79.7
ANNU,ANNUBEN,71.82,68.23,68.23,-3.59,-5.0,26310,1795131,75.6,70.0
INDOTHAI,INDOTHAIEQN,37.63,35.75,35.75,-1.88,-5.0,28186,1007649,466.35,37.63
KEI,KEIEQN,5327.0,5000.0,5000.0,-327.0,-6.14,30697,153485000,5899.0,3728.7
JAYNECOIND,JAYNECOINDEQN,98.68,92.0,92.0,-6.68,-6.77,437720,40270240,117.0,58.46
DUCON-RE1,DUCON-RE1BEN,0.65,0.39,0.39,-0.26,-40.0,83249,32467,0.85,0.65
