symbol,identifier,previousClose,lastPrice,iep,change,pChange,finalQuantity,totalTurnover,yearHigh,yearLow
HAMPTON,HAMPTONEQN,8.02,9.24,9.24,1.22,15.21,122,1127,8.99,7.01
SHERVANI,SHERVANIEQN,312.05,358.0,358.0,45.95,14.73,100,35800,367.4,300.05
DNAMEDIA,DNAMEDIAEQN,2.56,2.89,2.89,0.33,12.89,30,86,5.44,2.28
DTIL,DTILEQN,152.69,172.0,172.0,19.31,12.65,7824,1345728,200.0,102.0
REGENCERAM,REGENCERAMEQN,33.61,37.69,37.69,4.08,12.14,150,5653,54.99,30.0
WILLAMAGOR,WILLAMAGOREQN,24.47,27.0,27.0,2.53,10.34,1,27,37.5,21.11
SUPTANERY,SUPTANERYEQN,11.57,12.72,12.72,1.15,9.94,42027,534583,11.57,6.81
BOHRAIND,BOHRAINDEQN,13.73,15.0,15.0,1.27,9.25,2,30,30.49,12.02
SAIPARENT,SAIPARENTEQN,527.9,576.0,576.0,48.1,9.11,4081,2350656,706.0,400.0
GROBTEA,GROBTEAEQN,967.15,1054.0,1054.0,86.85,8.98,10,10540,1236.2,805.0
TIJARIA,TIJARIAEQN,5.51,5.92,5.92,0.41,7.44,25,148,8.13,3.55
ZODIAC,ZODIACEQN,245.8,263.95,263.95,18.15,7.38,135,35633,415.0,205.55
INCREDIBLE,INCREDIBLEEQN,33.48,35.75,35.75,2.27,6.78,6,214,52.87,28.1
TECILCHEM,TECILCHEMEQN,8.7,9.29,9.29,0.59,6.78,1000,9290,22.87,8.1
KEEPLEARN,KEEPLEARNEQN,1.92,2.05,2.05,0.13,6.77,50,102,3.21,1.51
ROCKINGDCE,ROCKINGDCESMN,238.9,254.8,254.8,15.9,6.66,250,63700,283.85,123.9
GREENCHEF,GREENCHEFSMN,59.25,63.0,63.0,3.75,6.33,800,50400,74.05,40.4
DHARAN,DHARANBZN,0.16,0.17,0.17,0.01,6.25,35058,5959,0.61,0.11
GENESYS,GENESYSEQN,214.25,226.0,226.0,11.75,5.48,81908,18511208,440.75,134.73
PAVNAIND,PAVNAINDEQN,18.22,19.2,19.2,0.98,5.38,3,57,45.0,14.11
PVP,PVPEQN,51.35,54.0,54.0,2.65,5.16,116941,6314814,53.44,19.99
ALUFLUOR,ALUFLUOREQN,452.0,475.0,475.0,23.0,5.09,50,23750,463.5,421.0
MKEXIM,MKEXIMEQN,61.88,65.0,65.0,3.12,5.04,142,9230,63.0,45.7
ANKITMETAL,ANKITMETALBZN,1.8,1.89,1.89,0.09,5.0,1007,1903,2.12,1.29
WELINV,WELINVBEN,2229.2,2340.6,2340.6,111.4,5.0,8,18724,2229.2,865.0
HMT,HMTBZN,64.01,67.21,67.21,3.2,5.0,901,60556,72.95,41.0
ROLLT,ROLLTBEN,4.01,4.21,4.21,0.2,4.99,46956,197684,4.01,1.02
GRCL,GRCLSMN,585.6,614.8,614.8,29.2,4.99,250,153700,629.2,306.65
CALSOFT,CALSOFTEQN,30.67,32.2,32.2,1.53,4.99,10266,330565,30.67,10.9
RSDFIN,RSDFINBEN,105.94,111.23,111.23,5.29,4.99,100,11123,168.48,65.6
SIGMAADV,SIGMAADVEQN,692.7,727.3,727.3,34.6,4.99,137300,99858290,721.5,126.73
FMNL,FMNLEQN,9.66,10.14,10.14,0.48,4.97,11,111,14.35,6.74
SILKFLEX,SILKFLEXSMN,231.5,243.0,243.0,11.5,4.97,3000,729000,232.5,76.0
OWAIS,OWAISSTN,67.4,70.75,70.75,3.35,4.97,100,7075,580.0,58.1
EBIX,EBIXEQN,21.75,22.83,22.83,1.08,4.97,34100,778503,21.75,16.03
TGL,TGLSTN,14.1,14.8,14.8,0.7,4.96,200,2960,113.4,14.1
KONSTELEC,KONSTELECSTN,58.6,61.5,61.5,2.9,4.95,6000,369000,75.65,28.0
BANKA,BANKAEQN,79.9,83.85,83.85,3.95,4.94,5,419,97.88,41.0
RNBDENIMS,RNBDENIMSEQN,8.51,8.93,8.93,0.42,4.94,17000,151810,67.67,7.72
VERTOZ,VERTOZBEN,40.32,42.3,42.3,1.98,4.91,19424,821635,86.75,27.02
SAKUMA,SAKUMAEQN,1.63,1.71,1.71,0.08,4.91,60535,103514,3.1,1.1
VLEGOV,VLEGOVBEN,10.71,11.23,11.23,0.52,4.86,55486,623107,39.49,8.42
ABSMARINE,ABSMARINESTN,272.8,286.0,286.0,13.2,4.84,6500,1859000,315.5,143.05
KANCHI,KANCHIEQN,392.3,411.0,411.0,18.7,4.77,870,357570,463.35,334.7
BAFNAPH,BAFNAPHBEN,267.25,280.0,280.0,12.75,4.77,230,64400,290.7,91.2
PRUDMOULI,PRUDMOULIBEN,16.79,17.59,17.59,0.8,4.76,170,2990,42.1,11.26
SAROJA,SAROJASMN,37.9,39.7,39.7,1.8,4.75,1600,63520,53.1,28.0
MODIRUBBER,MODIRUBBEREQN,138.44,144.99,144.99,6.55,4.73,1,144,167.5,98.41
VCL,VCLBEN,2.34,2.45,2.45,0.11,4.7,1003352,2458212,2.66,0.87
GENUSPAPER,GENUSPAPEREQN,12.09,12.65,12.65,0.56,4.63,10932,138289,19.78,8.67
UMESLTD,UMESLTDEQN,5.63,5.89,5.89,0.26,4.62,1594,9388,7.14,3.88
HALEOSLABS,HALEOSLABSEQN,1500.3,1568.5,1568.5,68.2,4.55,1,1568,1774.0,1076.1
NECCLTD,NECCLTDBEN,17.41,18.2,18.2,0.79,4.54,550,10010,24.01,10.55
OSIAHYPER,OSIAHYPERBEN,2.65,2.77,2.77,0.12,4.53,10,27,33.08,2.4
MMWL,MMWLEQN,15.77,16.48,16.48,0.71,4.5,1171,19298,16.57,9.02
AKSHARCHEM,AKSHARCHEMBEN,333.72,348.48,348.48,14.76,4.42,90,31363,334.29,141.3
SUMIT,SUMITEQN,51.72,54.0,54.0,2.28,4.41,2,108,104.0,31.74
ABMINTLLTD,ABMINTLLTDBEN,60.49,63.15,63.15,2.66,4.4,1,63,72.8,34.0
KRIDHANINF,KRIDHANINFBEN,2.05,2.14,2.14,0.09,4.39,884,1891,4.78,1.81
ARVEE,ARVEEEQN,182.05,189.99,189.99,7.94,4.36,1140,216588,290.78,129.11
SETUINFRA,SETUINFRABZN,0.46,0.48,0.48,0.02,4.35,6010,2884,0.78,0.37
MPEL,MPELSTN,33.5,34.95,34.95,1.45,4.33,1600,55920,153.9,33.1
AKANKSHA,AKANKSHASMN,133.75,139.5,139.5,5.75,4.3,1000,139500,133.75,57.0
INTENTECH,INTENTECHEQN,81.38,84.8,84.8,3.42,4.2,1,84,149.9,66.3
GATECH,GATECHBEN,0.96,1.0,1.0,0.04,4.17,1171880,1171880,0.97,0.4
COMFINTE,COMFINTEEQN,6.08,6.33,6.33,0.25,4.11,150,949,9.19,5.21
SHYAMCENT,SHYAMCENTBEN,4.89,5.09,5.09,0.2,4.09,10,50,9.75,3.68
TUTIALKA,TUTIALKAEQN,54.58,56.79,56.79,2.21,4.05,122,6928,59.79,52.0
VAISHALI,VAISHALIEQN,7.97,8.29,8.29,0.32,4.02,110,911,12.75,4.75
SWISSMLTRY,SWISSMLTRYEQN,17.53,18.23,18.23,0.7,3.99,23,419,18.5,13.0
INDOTECH,INDOTECHEQN,3742.2,3889.8,3889.8,147.6,3.94,403,1567589,4030.0,1100.0
AVROIND,AVROINDEQN,9.14,9.5,9.5,0.36,3.94,5003,47528,16.0,8.0
MTEDUCARE,MTEDUCAREBEN,1.78,1.85,1.85,0.07,3.93,43,79,2.53,1.17
JAYKAY,JAYKAYEQN,158.67,164.9,164.9,6.23,3.93,11569,1907728,219.7,115.52
GATECHDVR,GATECHDVRBEN,0.51,0.53,0.53,0.02,3.92,3205,1698,0.67,0.36
MADHAV,MADHAVEQN,35.46,36.85,36.85,1.39,3.92,3,110,49.95,29.0
BGRENERGY,BGRENERGYBEN,244.75,254.2,254.2,9.45,3.86,5445,1384119,490.8,155.45
TAURIAN,TAURIANSMN,510.0,529.7,529.7,19.7,3.86,800,423760,530.4,192.0
AGROPHOS,AGROPHOSEQN,26.49,27.5,27.5,1.01,3.81,1,27,47.47,23.9
SUPREME,SUPREMEEQN,39.5,41.0,41.0,1.5,3.8,30,1230,97.84,38.55
KSHITIJPOL,KSHITIJPOLEQN,2.97,3.08,3.08,0.11,3.7,233222,718323,7.2,1.88
PROPSHOP,PROPSHOPSMN,74.25,77.0,77.0,2.75,3.7,6000,462000,79.95,52.45
EQUIPPP,EQUIPPPBEN,23.1,23.95,23.95,0.85,3.68,1,23,25.89,13.85
BAGFILMS,BAGFILMSEQN,4.38,4.54,4.54,0.16,3.65,1,4,8.0,3.61
MUTHOOTCAP,MUTHOOTCAPEQN,245.08,254.0,254.0,8.92,3.64,1,254,303.0,175.25
BETA,BETAEQN,2287.2,2370.0,2370.0,82.8,3.62,528,1251360,2807.9,990.1
OMPOWER,OMPOWEREQN,167.7,173.75,173.75,6.05,3.61,4550,790562,206.0,158.01
TREL,TRELEQN,26.55,27.5,27.5,0.95,3.58,1790,49225,34.37,21.47
SHRENIK,SHRENIKBZN,0.28,0.29,0.29,0.01,3.57,8500,2465,0.65,0.27
MENONBE,MENONBEBEN,264.5,273.95,273.95,9.45,3.57,76,20820,291.9,101.5
TCIFINANCE,TCIFINANCEBEN,15.56,16.1,16.1,0.54,3.47,25,402,38.46,10.0
CORDSCABLE,CORDSCABLEBEN,247.52,256.0,256.0,8.48,3.43,99,25344,259.8,127.01
EFFWA,EFFWASTN,322.0,333.0,333.0,11.0,3.42,1200,399600,399.95,165.0
MBLINFRA,MBLINFRAEQN,23.68,24.48,24.48,0.8,3.38,10,244,52.48,18.37
RMDRIP,RMDRIPBEN,19.25,19.9,19.9,0.65,3.38,1205,23979,72.22,14.81
FEDDERSHOL,FEDDERSHOLEQN,40.53,41.9,41.9,1.37,3.38,2641,110657,53.49,32.06
SHANKESH,SHANKESHEQN,94.82,98.0,98.0,3.18,3.35,122940,12048120,0.0,0.0
KHADIM,KHADIMBEN,106.94,110.5,110.5,3.56,3.33,543,60001,295.8,77.47
LEENEE,LEENEEEQN,9.91,10.24,10.24,0.33,3.33,113,1157,11.48,6.81
VTMLTD,VTMLTDEQN,53.07,54.83,54.83,1.76,3.32,150,8224,53.49,44.5
GSMFOILS,GSMFOILSSMN,101.65,105.0,105.0,3.35,3.3,64500,6772500,293.85,79.7
MINDTECK,MINDTECKEQN,169.35,174.9,174.9,5.55,3.28,200,34980,307.68,145.13
ATALREAL,ATALREALEQN,34.06,35.17,35.17,1.11,3.26,100001,3517035,36.7,17.75
MAGNUM,MAGNUMEQN,19.26,19.88,19.88,0.62,3.22,2,39,30.25,16.25
TIRUPATIFL,TIRUPATIFLBEN,71.5,73.8,73.8,2.3,3.22,157,11586,83.9,30.11
SHAH,SHAHEQN,3.2,3.3,3.3,0.1,3.13,160078,528257,5.82,3.08
RAJMET,RAJMETEQN,3.2,3.3,3.3,0.1,3.13,1799,5936,5.28,2.72
TAINWALCHM,TAINWALCHMEQN,212.6,219.0,219.0,6.4,3.01,1,219,257.0,155.0
AUSOMENT,AUSOMENTEQN,147.59,152.0,152.0,4.41,2.99,100,15200,178.0,93.0
ARHAM,ARHAMSMN,213.7,220.05,220.05,6.35,2.97,1000,220050,215.95,82.0
MOKSH,MOKSHEQN,10.13,10.43,10.43,0.3,2.96,100,1043,16.65,8.11
ORIENTALTL,ORIENTALTLEQN,5.14,5.29,5.29,0.15,2.92,1000,5290,11.99,4.4
HCL-INSYS,HCL-INSYSEQN,11.02,11.34,11.34,0.32,2.9,3265,37025,16.5,9.01
TICL,TICLBEN,9.7,9.98,9.98,0.28,2.89,515,5139,33.99,8.91
GRAUWEIL,GRAUWEILEQN,67.83,69.79,69.79,1.96,2.89,4076,284464,87.4,62.09
AMDIND,AMDINDEQN,53.47,55.0,55.0,1.53,2.86,5,275,68.07,33.77
INDTERRAIN,INDTERRAINEQN,30.07,30.93,30.93,0.86,2.86,5,154,42.62,24.56
SCPL,SCPLBEN,658.2,677.0,677.0,18.8,2.86,2,1354,690.0,190.03
AUTOIND,AUTOINDEQN,89.47,92.0,92.0,2.53,2.83,500,46000,104.0,48.35
KANORICHEM,KANORICHEMBEN,158.95,163.45,163.45,4.5,2.83,10,1634,164.6,56.0
SMARTLINK,SMARTLINKBEN,223.15,229.45,229.45,6.3,2.82,20,4589,232.05,103.5
CYBERMEDIA,CYBERMEDIAEQN,18.67,19.19,19.19,0.52,2.79,50,959,22.81,11.3
INDIANCARD,INDIANCARDEQN,208.01,213.8,213.8,5.79,2.78,11,2351,303.05,153.0
EKI,EKIEQN,75.92,77.99,77.99,2.07,2.73,33,2573,82.5,74.6
DELPHIFX,DELPHIFXBEN,6.62,6.8,6.8,0.18,2.72,130,884,18.25,6.19
USK,USKEQN,21.33,21.9,21.9,0.57,2.67,1,21,35.17,18.97
SREEL,SREELEQN,257.61,264.5,264.5,6.89,2.67,100,26450,267.45,165.25
KAMANWALA,KAMANWALAEQN,16.56,17.0,17.0,0.44,2.66,2,34,19.51,13.55
SPECIALITY,SPECIALITYBEN,142.23,146.0,146.0,3.77,2.65,41,5986,167.46,82.7
CHEMFAB,CHEMFABEQN,364.85,374.45,374.45,9.6,2.63,3,1123,704.95,290.35
SWANDEF,SWANDEFBEN,2333.8,2395.0,2395.0,61.2,2.62,213,510135,2750.0,390.8
GKENERGY,GKENERGYEQN,126.19,129.5,129.5,3.31,2.62,11328,1466976,239.6,87.2
ULTRAMAR,ULTRAMAREQN,410.25,421.0,421.0,10.75,2.62,479,201659,455.75,364.1
LOTUSDEV,LOTUSDEVBEN,181.56,186.3,186.3,4.74,2.61,1731,322485,207.5,102.2
GRPLTD,GRPLTDEQN,1967.8,2019.0,2019.0,51.2,2.6,2,4038,2422.0,1500.0
SUVIDHAA,SUVIDHAAEQN,2.31,2.37,2.37,0.06,2.6,29,68,4.3,1.91
MOLDTECH,MOLDTECHBEN,191.54,196.5,196.5,4.96,2.59,250,49125,221.0,101.1
IFBAGRO,IFBAGROEQN,959.3,984.0,984.0,24.7,2.57,1,984,1790.0,679.15
ZIMLAB,ZIMLABEQN,124.8,128.0,128.0,3.2,2.56,100,12800,133.9,59.31
PENINLAND,PENINLANDBEN,16.83,17.26,17.26,0.43,2.55,1030,17777,37.98,13.82
GULFPETRO,GULFPETROBEN,69.14,70.9,70.9,1.76,2.55,152,10776,71.4,23.25
BALUFORGE,BALUFORGEEQN,609.6,625.0,625.0,15.4,2.53,23905,14940625,697.0,341.05
DCMSIL,DCMSILEQN,77.8,79.75,79.75,1.95,2.51,86,6858,105.27,49.5
BALAXI,BALAXIEQN,22.83,23.4,23.4,0.57,2.5,5,117,47.88,15.2
NOVAAGRI,NOVAAGRIBEN,24.89,25.51,25.51,0.62,2.49,468,11938,53.74,18.12
SAHAJSOLAR,SAHAJSOLARSMN,102.8,105.3,105.3,2.5,2.43,400,42120,268.0,91.0
EASTWEST,EASTWESTEQN,2.48,2.54,2.54,0.06,2.42,4,10,2.59,2.2
TVTODAY,TVTODAYEQN,112.31,115.0,115.0,2.69,2.4,8,920,156.48,93.5
INDOWIND,INDOWINDEQN,9.27,9.49,9.49,0.22,2.37,315,2989,18.94,7.0
KOTHARIPRO,KOTHARIPROEQN,68.92,70.55,70.55,1.63,2.37,1,70,109.0,58.0
MITTAL,MITTALEQN,0.85,0.87,0.87,0.02,2.35,1854,1612,1.82,0.7
TVVISION,TVVISIONBEN,3.47,3.55,3.55,0.08,2.31,668,2371,12.4,3.23
MANGALAM,MANGALAMEQN,32.84,33.6,33.6,0.76,2.31,125,4200,82.36,22.8
PIGL,PIGLEQN,102.63,105.0,105.0,2.37,2.31,11,1155,189.7,88.05
HAZOOR,HAZOOREQN,20.52,20.99,20.99,0.47,2.29,9,188,22.2,19.24
SUNSHINE,SUNSHINEEQN,369.2,377.65,377.65,8.45,2.29,26572,10034915,0.0,0.0
BHAGYANGR,BHAGYANGREQN,383.3,392.0,392.0,8.7,2.27,1678,657776,432.3,86.0
JAGSNPHARM,JAGSNPHARMEQN,241.43,246.9,246.9,5.47,2.27,370,91353,264.5,155.0
MANAKALUCO,MANAKALUCOEQN,40.04,40.95,40.95,0.91,2.27,120,4914,68.12,21.73
CEWATER,CEWATEREQN,265.45,271.45,271.45,6.0,2.26,2292,622163,579.0,235.0
VBL,VBLEQN,438.0,447.9,447.9,9.9,2.26,398636,178549064,555.8,381.0
SUPREMEINF,SUPREMEINFEQN,85.86,87.8,87.8,1.94,2.26,500,43900,119.79,58.11
BRNL,BRNLEQN,17.3,17.69,17.69,0.39,2.25,2,35,26.5,16.66
ORIRAIL,ORIRAILEQN,131.81,134.75,134.75,2.94,2.23,3649,491702,136.8,102.8
VSTL,VSTLEQN,111.5,113.95,113.95,2.45,2.2,1,113,187.24,100.8
LANCER,LANCEREQN,11.34,11.59,11.59,0.25,2.2,2680,31061,11.48,10.1
MANBRO,MANBROEQN,59.66,60.96,60.96,1.3,2.18,328,19994,60.99,52.0
3IINFOLTD,3IINFOLTDBEN,23.98,24.5,24.5,0.52,2.17,71,1739,27.8,12.68
ORIANA,ORIANASMN,1333.05,1362.0,1362.0,28.95,2.17,150,204300,3064.0,1174.95
GVPIL,GVPILEQN,644.5,658.4,658.4,13.9,2.16,471,310106,1084.0,270.9
MHLXMIRU,MHLXMIRUBEN,185.0,189.0,189.0,4.0,2.16,30,5670,244.65,105.53
ECORECO,ECORECOEQN,450.25,459.9,459.9,9.65,2.14,50,22995,494.9,443.75
TARACHAND,TARACHANDEQN,47.87,48.89,48.89,1.02,2.13,1,48,103.67,46.01
STEELCITY,STEELCITYEQN,88.12,89.99,89.99,1.87,2.12,61,5489,107.5,71.26
DANGEE,DANGEEEQN,2.83,2.89,2.89,0.06,2.12,100,289,5.08,2.53
HINDZINC,HINDZINCEQN,592.6,605.0,605.0,12.4,2.09,65641,39712805,733.0,418.0
KANPRPLA,KANPRPLAEQN,277.19,282.95,282.95,5.76,2.08,1238,350292,283.14,151.25
KRONOX,KRONOXBEN,186.14,190.0,190.0,3.86,2.07,3070,583300,0.0,0.0
KANANIIND,KANANIINDEQN,1.45,1.48,1.48,0.03,2.07,311,460,2.27,1.02
ADVAIT,ADVAITEQN,2061.6,2104.2,2104.2,42.6,2.07,798,1679151,2485.0,1351.0
NAVKARURB,NAVKARURBBEN,0.97,0.99,0.99,0.02,2.06,4068,4027,2.93,0.7
FOODSIN,FOODSINEQN,54.53,55.65,55.65,1.12,2.05,113,6288,95.9,44.0
VIDHIING,VIDHIINGEQN,346.85,353.9,353.9,7.05,2.03,50,17695,410.0,258.6
GTECJAINX,GTECJAINXBEN,28.3,28.87,28.87,0.57,2.01,21,606,38.35,15.54
PRESSTONIC,PRESSTONICSMN,37.35,38.1,38.1,0.75,2.01,1600,60960,78.81,24.0
ASMS,ASMSBEN,6.95,7.09,7.09,0.14,2.01,551,3906,17.6,6.88
KRITIKA,KRITIKAEQN,5.49,5.6,5.6,0.11,2.0,2113,11832,11.1,4.5
GILLANDERS,GILLANDERSEQN,105.88,108.0,108.0,2.12,2.0,6,648,131.89,76.0
NAHARINDUS,NAHARINDUSEQN,139.23,142.0,142.0,2.77,1.99,176,24992,154.0,83.05
SIGMA,SIGMAEQN,48.64,49.61,49.61,0.97,1.99,617,30609,65.5,35.46
LASA,LASAEQN,7.07,7.21,7.21,0.14,1.98,1,7,14.08,5.67
IMPEXFERRO,IMPEXFERROBZN,4.06,4.14,4.14,0.08,1.97,25,103,4.06,1.3
SIMBHALS,SIMBHALSBZN,9.12,9.3,9.3,0.18,1.97,4000,37200,15.99,6.47
MANOMAY,MANOMAYEQN,215.57,219.8,219.8,4.23,1.96,4278,940304,259.88,160.25
AVG,AVGBEN,186.35,190.0,190.0,3.65,1.96,1000,190000,256.73,113.26
VIVIMEDLAB,VIVIMEDLABBEN,6.68,6.81,6.81,0.13,1.95,450,3064,29.4,4.75
MEDIASSIST,MEDIASSISTEQN,351.2,358.0,358.0,6.8,1.94,2709,969822,575.55,293.0
LAL,LALEQN,8.83,9.0,9.0,0.17,1.93,2,18,12.77,5.56
AJOONI,AJOONIEQN,3.62,3.69,3.69,0.07,1.93,1285,4741,5.94,3.4
AVONMORE,AVONMOREEQN,13.44,13.7,13.7,0.26,1.93,3001,41113,23.9,9.05
VIVIANA,VIVIANABEN,725.7,739.65,739.65,13.95,1.92,8,5917,1162.5,565.0
COCKERILL,COCKERILLEQN,7889.5,8040.0,8040.0,150.5,1.91,3,24120,10871.5,4955.0
LANCORHOL,LANCORHOLEQN,32.14,32.75,32.75,0.61,1.9,111,3635,33.9,18.12
RADIANTCMS,RADIANTCMSEQN,38.36,39.09,39.09,0.73,1.9,1618,63247,62.3,32.33
SSEGL,SSEGLSMN,420.0,427.95,427.95,7.95,1.89,600,256770,580.0,283.0
SONAMLTD,SONAMLTDEQN,64.76,65.98,65.98,1.22,1.88,461,30416,68.99,37.4
KRISHNADEF,KRISHNADEFEQN,1030.6,1050.0,1050.0,19.4,1.88,1409,1479450,1400.0,665.0
NILAINFRA,NILAINFRAEQN,6.91,7.04,7.04,0.13,1.88,528,3717,11.55,5.9
BPLPHARMA,BPLPHARMAEQN,1472.4,1499.9,1499.9,27.5,1.87,91,136490,1619.0,1125.7
KMEW,KMEWEQN,2685.1,2734.9,2734.9,49.8,1.85,234,639966,2999.9,851.65
VOEPL,VOEPLEQN,498.75,508.0,508.0,9.25,1.85,175,88900,547.0,428.65
AFFORDABLE,AFFORDABLEBEN,162.99,165.99,165.99,3.0,1.84,150,24898,398.7,119.71
UNIVCABLES,UNIVCABLESEQN,1589.9,1619.0,1619.0,29.1,1.83,381,616839,1774.9,576.0
JUBLFOOD,JUBLFOODEQN,515.0,524.35,524.35,9.35,1.82,37408,19614884,667.75,408.55
ASHOKAMET,ASHOKAMETEQN,13.92,14.17,14.17,0.25,1.8,1,14,21.0,12.13
ROTO,ROTOEQN,65.4,66.58,66.58,1.18,1.8,3059,203668,85.97,47.5
PATILAUTOM,PATILAUTOMSMN,226.95,231.0,231.0,4.05,1.78,1200,277200,249.0,112.05
NITCO,NITCOEQN,95.78,97.48,97.48,1.7,1.77,42077,4101665,126.38,64.0
GLOBECIVIL,GLOBECIVILEQN,45.69,46.5,46.5,0.81,1.77,3361,156286,80.97,33.5
GTL,GTLEQN,7.36,7.49,7.49,0.13,1.77,1001,7497,11.26,4.91
SILVERTUC,SILVERTUCEQN,181.64,184.86,184.86,3.22,1.77,192,35493,216.8,66.19
TOLINS,TOLINSEQN,96.78,98.49,98.49,1.71,1.77,50,4924,202.0,83.04
MEGASTAR,MEGASTAREQN,305.6,311.0,311.0,5.4,1.77,7,2177,392.0,203.0
RBMINFRA,RBMINFRASMN,246.65,251.0,251.0,4.35,1.76,200,50200,524.8,221.0
STALLION,STALLIONBEN,225.85,229.8,229.8,3.95,1.75,302,69399,359.15,99.32
MTARTECH,MTARTECHBEN,6928.5,7050.0,7050.0,121.5,1.75,664,4681200,8714.0,1390.5
AFIL,AFILEQN,9.8,9.97,9.97,0.17,1.73,200,1994,11.1,3.92
MODISONLTD,MODISONLTDBEN,414.85,421.9,421.9,7.05,1.7,435,183526,416.0,114.0
MADRASFERT,MADRASFERTEQN,69.81,71.0,71.0,1.19,1.7,5470,388370,96.39,52.56
CAPTRUST,CAPTRUSTBEN,20.11,20.45,20.45,0.34,1.69,180,3681,34.07,10.98
INDIASHLTR,INDIASHLTREQN,655.85,666.95,666.95,11.1,1.69,100,66695,968.75,640.0
ENIL,ENILEQN,102.18,103.9,103.9,1.72,1.68,11,1142,174.58,98.57
AUTOAXLES,AUTOAXLESEQN,1731.2,1760.0,1760.0,28.8,1.66,270,475200,2115.0,1540.2
BCPL,BCPLEQN,69.84,71.0,71.0,1.16,1.66,20,1420,92.0,60.0
STYLEBAAZA,STYLEBAAZAEQN,394.5,401.0,401.0,6.5,1.65,1743,698943,447.1,229.95
BHARATRAS,BHARATRASEQN,1273.2,1293.9,1293.9,20.7,1.63,103,133271,2987.5,1203.0
UBL,UBLEQN,1348.6,1370.6,1370.6,22.0,1.63,2081,2852218,1890.8,1276.0
VINCOFE,VINCOFEEQN,160.9,163.5,163.5,2.6,1.62,5525,903337,179.85,120.24
IMFA,IMFAEQN,1377.7,1400.0,1400.0,22.3,1.62,1566,2192400,1679.9,837.3
MSPL,MSPLEQN,33.46,34.0,34.0,0.54,1.61,5500,187000,46.12,26.25
PROZONER,PROZONEREQN,44.73,45.45,45.45,0.72,1.61,240,10908,72.77,39.31
MOTISONS,MOTISONSEQN,16.29,16.55,16.55,0.26,1.6,106959,1770171,20.45,10.62
RHETAN,RHETANEQN,21.85,22.2,22.2,0.35,1.6,100990,2241978,34.87,20.32
COMPUSOFT,COMPUSOFTEQN,13.19,13.4,13.4,0.21,1.59,1,13,20.75,12.0
AXTEL,AXTELEQN,416.4,423.0,423.0,6.6,1.59,100,42300,424.95,400.0
RHFL,RHFLBZN,1.89,1.92,1.92,0.03,1.59,9658,18543,5.19,1.7
KICL,KICLEQN,5238.0,5321.0,5321.0,83.0,1.58,5,26605,6554.9,4011.0
ALMONDZ,ALMONDZEQN,15.25,15.49,15.49,0.24,1.57,2000,30980,22.1,10.68
SUPERHOUSE,SUPERHOUSEEQN,176.19,178.94,178.94,2.75,1.56,1,178,201.95,128.55
TOYAMSL,TOYAMSLEQN,0.64,0.65,0.65,0.01,1.56,1666,1082,0.69,0.61
MENNPIS,MENNPISEQN,70.54,71.64,71.64,1.1,1.56,142,10172,82.0,52.35
ANUHPHR,ANUHPHREQN,77.27,78.45,78.45,1.18,1.53,4,313,93.0,67.0
CYIENT,CYIENTEQN,979.05,994.0,994.0,14.95,1.53,14924,14834456,1284.7,750.3
ATAM,ATAMEQN,55.49,56.34,56.34,0.85,1.53,200,11268,111.0,48.5
STCINDIA,STCINDIAEQN,121.6,123.46,123.46,1.86,1.53,1008,124447,150.7,97.04
TINNARUBR,TINNARUBREQN,1022.7,1038.3,1038.3,15.6,1.53,301,312528,1322.0,527.45
GALAPREC,GALAPRECEQN,1076.6,1092.7,1092.7,16.1,1.5,964,1053362,1260.0,671.2
MUNJALAU,MUNJALAUEQN,112.68,114.37,114.37,1.69,1.5,4705,538110,130.6,67.2
FOSECOIND,FOSECOINDEQN,5615.5,5699.5,5699.5,84.0,1.5,49,279275,6846.0,4300.0
STEL,STELEQN,613.4,622.6,622.6,9.2,1.5,40,24904,657.3,380.0
KIRLOSENG,KIRLOSENGEQN,2029.3,2059.3,2059.3,30.0,1.48,879,1810124,2720.0,855.8
HERANBA,HERANBAEQN,174.27,176.85,176.85,2.58,1.48,11,1945,379.0,155.38
APTECHT,APTECHTBEN,90.95,92.3,92.3,1.35,1.48,1000,92300,144.3,69.1
DOLPHIN,DOLPHINEQN,610.25,619.2,619.2,8.95,1.47,42,26006,669.95,322.0
RSSOFTWARE,RSSOFTWAREEQN,29.89,30.33,30.33,0.44,1.47,15,454,82.0,21.93
PITTIENG,PITTIENGEQN,1123.3,1139.7,1139.7,16.4,1.46,748,852495,1149.5,675.0
SECURKLOUD,SECURKLOUDEQN,17.79,18.05,18.05,0.26,1.46,2,36,34.18,16.01
BTML,BTMLEQN,8.96,9.09,9.09,0.13,1.45,8587,78055,10.5,5.06
TFCILTD,TFCILTDEQN,137.02,139.0,139.0,1.98,1.45,80181,11145159,137.94,51.0
PARSVNATH,PARSVNATHBEN,1.39,1.41,1.41,0.02,1.44,3032,4275,18.75,1.35
SAPPHIRE,SAPPHIREEQN,249.81,253.4,253.4,3.59,1.44,4050,1026270,347.9,139.91
PWL,PWLEQN,121.35,123.1,123.1,1.75,1.44,51753,6370794,161.99,77.72
ACMESOLAR,ACMESOLAREQN,399.3,405.0,405.0,5.7,1.43,14198,5750190,411.5,195.9
VALIANTLAB,VALIANTLABEQN,105.48,106.99,106.99,1.51,1.43,783,83773,105.54,49.51
DELTACORP,DELTACORPEQN,61.52,62.4,62.4,0.88,1.43,7456,465254,97.18,48.3
ADVANCE,ADVANCEEQN,119.19,120.89,120.89,1.7,1.43,5,604,154.0,84.1
TARMAT,TARMATEQN,54.23,55.0,55.0,0.77,1.42,771,42405,73.9,46.26
UNIVASTU,UNIVASTUBEN,161.7,164.0,164.0,2.3,1.42,256,41984,178.98,56.02
MOHITIND,MOHITINDEQN,24.06,24.4,24.4,0.34,1.41,1,24,39.89,18.6
ADANIENSOL,ADANIENSOLEQN,1594.5,1617.0,1617.0,22.5,1.41,18936,30619512,1789.0,744.9
TIL,TILBEN,240.6,244.0,244.0,3.4,1.41,376,91744,371.95,161.25
SKMEGGPROD,SKMEGGPRODEQN,259.36,263.0,263.0,3.64,1.4,3342,878946,372.0,143.1
ROHLTD,ROHLTDEQN,303.7,307.95,307.95,4.25,1.4,102,31410,593.4,269.4
CCCL,CCCLEQN,15.04,15.25,15.25,0.21,1.4,55,838,28.87,12.76
TENNIND,TENNINDEQN,546.15,553.8,553.8,7.65,1.4,5364,2970583,657.0,438.05
MEIL,MEILEQN,276.2,280.05,280.05,3.85,1.39,2130,596506,573.7,206.26
SAMHI,SAMHIEQN,158.74,160.94,160.94,2.2,1.39,1035,166572,222.0,127.0
DAVANGERE,DAVANGEREEQN,2.88,2.92,2.92,0.04,1.39,129955,379468,5.5,2.85
MUFTI,MUFTIEQN,76.34,77.39,77.39,1.05,1.38,272,21050,130.7,63.06
ESSARSHPNG,ESSARSHPNGEQN,16.62,16.85,16.85,0.23,1.38,500,8425,43.26,15.71
WELSPLSOL,WELSPLSOLEQN,50.8,51.5,51.5,0.7,1.38,105,5407,63.25,36.0
SHALPAINTS,SHALPAINTSBEN,81.87,82.99,82.99,1.12,1.37,104,8630,95.95,35.21
BBTCL,BBTCLEQN,235.77,239.0,239.0,3.23,1.37,1,239,262.0,156.0
EFCIL,EFCILEQN,199.87,202.61,202.61,2.74,1.37,25,5065,335.29,171.42
SPELS,SPELSEQN,141.94,143.88,143.88,1.94,1.37,111,15970,154.0,140.1
CANHLIFE,CANHLIFEEQN,152.2,154.29,154.29,2.09,1.37,375,57858,166.69,106.0
HDIL,HDILBZN,1.47,1.49,1.49,0.02,1.36,4,5,3.27,1.45
DIGISPICE,DIGISPICEEQN,16.86,17.09,17.09,0.23,1.36,75,1281,35.5,14.82
BAJAJINDEF,BAJAJINDEFEQN,225.93,229.0,229.0,3.07,1.36,110,25190,442.6,207.25
OLAELEC,OLAELECEQN,36.2,36.69,36.69,0.49,1.35,100432,3684850,71.25,22.25
STERTOOLS,STERTOOLSBEN,221.7,224.7,224.7,3.0,1.35,511,114821,361.95,155.0
SIKA,SIKAEQN,1017.7,1031.4,1031.4,13.7,1.35,11,11345,1359.4,870.1
ASIANTILES,ASIANTILESEQN,46.37,46.99,46.99,0.62,1.34,2003,94120,79.06,42.5
BIOFILCHEM,BIOFILCHEMEQN,32.06,32.49,32.49,0.43,1.34,200,6498,46.34,25.6
HITECH,HITECHEQN,81.16,82.25,82.25,1.09,1.34,7972,655697,127.5,70.14
SHRIPISTON,SHRIPISTONEQN,4629.9,4692.0,4692.0,62.1,1.34,157,736644,4785.8,2485.0
AKSHOPTFBR,AKSHOPTFBRBEN,7.48,7.58,7.58,0.1,1.34,21,159,9.0,3.82
RAYMONDREL,RAYMONDRELEQN,577.3,585.0,585.0,7.7,1.33,700,409500,734.9,349.0
AJMERA,AJMERAEQN,117.44,119.0,119.0,1.56,1.33,300,35700,221.4,98.03
PREMIERPOL,PREMIERPOLEQN,90.3,91.5,91.5,1.2,1.33,2301,210541,94.14,38.0
BHANDARI,BHANDARIEQN,3.04,3.08,3.08,0.04,1.32,3253,10019,4.61,2.0
INDGN,INDGNEQN,563.55,571.0,571.0,7.45,1.32,307,175297,596.8,414.0
SUNCLAY,SUNCLAYEQN,1268.3,1284.9,1284.9,16.6,1.31,10,12849,1942.0,1112.8
DCI,DCIEQN,370.15,374.95,374.95,4.8,1.3,397,148855,475.0,208.98
MALLCOM,MALLCOMEQN,1016.8,1030.0,1030.0,13.2,1.3,1,1030,1520.0,929.0
RHIM,RHIMEQN,370.2,375.0,375.0,4.8,1.3,701,262875,508.3,323.05
SANGHVIMOV,SANGHVIMOVEQN,458.4,464.35,464.35,5.95,1.3,795,369158,528.0,223.8
JUNIPER,JUNIPEREQN,211.67,214.4,214.4,2.73,1.29,135,28944,312.5,188.5
AADHARHFC,AADHARHFCEQN,475.0,481.15,481.15,6.15,1.29,5084,2446166,563.0,430.15
TEGA,TEGAEQN,1674.6,1696.1,1696.1,21.5,1.28,59,100069,2125.0,1473.0
VISAKAIND,VISAKAINDEQN,91.33,92.5,92.5,1.17,1.28,1760,162800,104.41,50.2
ECOSMOBLTY,ECOSMOBLTYBEN,110.56,111.97,111.97,1.41,1.28,14,1567,297.45,103.94
WATERBASE,WATERBASEEQN,49.37,50.0,50.0,0.63,1.28,10,500,54.0,44.11
DCBBANK,DCBBANKEQN,207.37,210.0,210.0,2.63,1.27,21702,4557420,210.1,119.51
ALEMBICLTD,ALEMBICLTDEQN,94.66,95.86,95.86,1.2,1.27,1425,136600,108.5,70.46
IGARASHI,IGARASHIEQN,427.55,432.95,432.95,5.4,1.26,1025,443773,558.0,271.05
AJANTPHARM,AJANTPHARMEQN,3554.9,3599.8,3599.8,44.9,1.26,54,194389,3796.0,2329.9
NEOGEN,NEOGENEQN,2123.2,2149.9,2149.9,26.7,1.26,63,135443,2483.9,966.7
APEX,APEXEQN,389.1,394.0,394.0,4.9,1.26,135,53190,514.5,208.74
NPST,NPSTEQN,1608.0,1628.1,1628.1,20.1,1.25,49,79776,2371.5,846.6
BBL,BBLEQN,2348.7,2378.0,2378.0,29.3,1.25,1,2378,3411.0,2051.7
UNITECH,UNITECHEQN,4.01,4.06,4.06,0.05,1.25,17165,69689,7.93,3.1
GODIGIT,GODIGITEQN,258.8,262.0,262.0,3.2,1.24,651,170562,381.4,244.2
TARSONS,TARSONSEQN,345.5,349.8,349.8,4.3,1.24,237,82902,375.0,164.45
SUNDRMFAST,SUNDRMFASTEQN,1207.0,1221.95,1221.95,14.95,1.24,290,354365,1250.3,730.1
NATCOPHARM,NATCOPHARMEQN,866.25,877.0,877.0,10.75,1.24,2525,2214425,1226.8,789.0
RUBICON,RUBICONEQN,1708.8,1730.0,1730.0,21.2,1.24,3468,5999640,1820.1,570.75
RTNINDIA,RTNINDIAEQN,30.01,30.38,30.38,0.37,1.23,12854,390504,64.0,24.4
NUVOCO,NUVOCOEQN,321.35,325.3,325.3,3.95,1.23,74,24072,477.5,276.25
RCOM,RCOMBEN,0.81,0.82,0.82,0.01,1.23,15642,12826,1.8,0.75
KAJARIACER,KAJARIACEREQN,1213.9,1228.7,1228.7,14.8,1.22,538,661040,1293.8,869.6
SKFINDUS,SKFINDUSEQN,2732.0,2765.2,2765.2,33.2,1.22,4,11060,3041.0,1994.1
FAZE3Q,FAZE3QEQN,489.05,495.0,495.0,5.95,1.22,1,495,650.05,322.1
WESTLIFE,WESTLIFEEQN,576.5,583.5,583.5,7.0,1.21,60,35010,775.0,398.4
MURUDCERA,MURUDCERAEQN,30.65,31.02,31.02,0.37,1.21,100,3102,47.5,25.16
CONCORDBIO,CONCORDBIOEQN,1548.0,1566.7,1566.7,18.7,1.21,170,266339,1767.6,987.0
BOSCH-HCIL,BOSCH-HCILEQN,1664.8,1685.0,1685.0,20.2,1.21,14,23590,1801.7,1021.3
TURTLEMINT,TURTLEMINTEQN,145.93,147.7,147.7,1.77,1.21,11388,1682007,158.5,110.41
MANIPALHOS,MANIPALHOSEQN,762.8,772.0,772.0,9.2,1.21,6582,5081304,768.5,625.45
ROSSTECH,ROSSTECHEQN,1050.35,1063.0,1063.0,12.65,1.2,165,175395,1172.0,551.9
TATVA,TATVAEQN,1581.0,1600.0,1600.0,19.0,1.2,60,96000,1838.1,976.4
MEDPLUS,MEDPLUSEQN,678.15,686.3,686.3,8.15,1.2,56,38432,1022.2,648.0
TMB,TMBEQN,871.45,881.95,881.95,10.5,1.2,57,50271,917.0,411.8
MOLBIO,MOLBIOEQN,1227.35,1242.0,1242.0,14.65,1.19,6994,8686548,1247.0,926.35
JYOTIRES,JYOTIRESEQN,864.6,874.9,874.9,10.3,1.19,502,439199,884.95,830.25
RADHIKAJWE,RADHIKAJWEEQN,66.92,67.71,67.71,0.79,1.18,450,30469,101.08,50.01
JAYNECOIND,JAYNECOINDEQN,100.88,102.07,102.07,1.19,1.18,47565,4854959,117.0,57.12
NITTAGELA,NITTAGELAEQN,1561.6,1580.0,1580.0,18.4,1.18,1,1580,2087.2,837.05
APCOTEXIND,APCOTEXINDEQN,617.25,624.5,624.5,7.25,1.17,5,3122,712.0,310.45
FREDUN,FREDUNEQN,1448.6,1465.5,1465.5,16.9,1.17,9,13189,1590.0,1400.0
MAHLIFE,MAHLIFEEQN,376.55,380.95,380.95,4.4,1.17,160,60952,427.05,286.8
SUBROS,SUBROSEQN,729.5,738.0,738.0,8.5,1.17,50,36900,1213.7,622.1
USHAMART,USHAMARTEQN,487.25,492.9,492.9,5.65,1.16,680,335172,527.5,373.1
BLACKROSE,BLACKROSEBEN,114.68,116.0,116.0,1.32,1.15,1,116,129.9,80.05
LALITHAA,LALITHAAEQN,249.87,252.75,252.75,2.88,1.15,86038,21746104,274.4,244.4
SERVOTECH,SERVOTECHEQN,81.53,82.46,82.46,0.93,1.14,584,48156,143.0,57.51
SUDEEPPHRM,SUDEEPPHRMEQN,1127.2,1140.0,1140.0,12.8,1.14,288,328320,1180.0,524.05
TCC,TCCEQN,242.25,245.0,245.0,2.75,1.14,169,41405,526.4,235.0
KOKUYOCMLN,KOKUYOCMLNEQN,79.11,80.0,80.0,0.89,1.13,39,3120,128.0,71.05
JHS,JHSEQN,8.89,8.99,8.99,0.1,1.12,1,8,13.9,6.26
PGEL,PGELEQN,594.35,601.0,601.0,6.65,1.12,1979,1189379,644.4,436.55
AFFLE,AFFLEEQN,1710.8,1729.9,1729.9,19.1,1.12,2023,3499587,2185.9,1251.3
ZFSTEERING,ZFSTEERINGEQN,672.35,679.9,679.9,7.55,1.12,29,19717,894.98,620.65
GOKEX,GOKEXEQN,791.25,800.0,800.0,8.75,1.11,261,208800,954.9,531.0
NDTV,NDTVEQN,74.77,75.6,75.6,0.83,1.11,1,75,134.5,58.75
BMWVENTLTD,BMWVENTLTDEQN,56.97,57.6,57.6,0.63,1.11,251,14457,78.0,48.0
NIBE,NIBEEQN,1394.7,1410.0,1410.0,15.3,1.1,122,172020,1848.0,809.6
GICHSGFIN,GICHSGFINEQN,140.44,141.99,141.99,1.55,1.1,866,122963,184.0,130.05
ANAWIL,ANAWILSMN,445.1,450.0,450.0,4.9,1.1,800,360000,491.95,313.2
CEATLTD,CEATLTDEQN,3532.9,3571.8,3571.8,38.9,1.1,345,1232271,4438.0,3000.5
TPLPLASTEH,TPLPLASTEHEQN,78.72,79.58,79.58,0.86,1.09,150,11937,90.33,50.01
MVGJL,MVGJLEQN,151.2,152.85,152.85,1.65,1.09,110,16813,214.79,129.1
CHALET,CHALETEQN,894.05,903.8,903.8,9.75,1.09,572,516973,1070.1,691.35
JUBLINGREA,JUBLINGREAEQN,706.8,714.5,714.5,7.7,1.09,237,169336,795.0,537.3
INDIGO,INDIGOEQN,5218.0,5275.0,5275.0,57.0,1.09,5499,29007225,6149.5,3895.2
ONIDA,ONIDAEQN,37.58,37.99,37.99,0.41,1.09,1750,66482,49.23,21.5
MARINE,MARINEEQN,373.5,377.5,377.5,4.0,1.07,2064,779160,395.0,150.86
INDBANK,INDBANKEQN,31.86,32.2,32.2,0.34,1.07,2,64,47.15,28.25
GLAXO,GLAXOEQN,2963.4,2995.0,2995.0,31.6,1.07,204,610980,3054.9,2088.1
ENDURANCE,ENDURANCEEQN,2987.5,3019.6,3019.6,32.1,1.07,42,126823,3079.9,2142.8
COHANCE,COHANCEEQN,445.4,450.15,450.15,4.75,1.07,1016,457352,1038.9,266.7
ALOKINDS,ALOKINDSEQN,11.29,11.41,11.41,0.12,1.06,36270,413840,19.34,11.11
EPACK,EPACKEQN,199.91,202.0,202.0,2.09,1.05,655,132310,409.5,196.15
MASTERTR,MASTERTREQN,82.83,83.7,83.7,0.87,1.05,150,12555,164.9,55.6
XPROINDIA,XPROINDIAEQN,1186.5,1199.0,1199.0,12.5,1.05,79,94721,1574.8,788.05
NIRAJ,NIRAJEQN,28.6,28.9,28.9,0.3,1.05,10,289,51.98,20.15
GPPL,GPPLEQN,164.51,166.23,166.23,1.72,1.05,28532,4742874,200.09,141.55
INA,INAEQN,93.47,94.44,94.44,0.97,1.04,575,54303,161.81,79.75
BLSE,BLSEEQN,312.1,315.35,315.35,3.25,1.04,215,67800,328.1,124.3
CARBORUNIV,CARBORUNIVEQN,1106.7,1118.2,1118.2,11.5,1.04,525,587055,1306.9,735.2
RAPIDFLEET,RAPIDFLEETSMN,231.1,233.5,233.5,2.4,1.04,600,140100,241.9,158.0
PARKHOSPS,PARKHOSPSEQN,284.05,287.0,287.0,2.95,1.04,1141,327467,305.0,138.1
RADICO,RADICOEQN,4630.0,4677.5,4677.5,47.5,1.03,1123,5252832,4747.0,2500.0
KRISHANA,KRISHANAEQN,201.72,203.8,203.8,2.08,1.03,2745,559431,204.7,86.2
ORIENTCER,ORIENTCEREQN,43.55,44.0,44.0,0.45,1.03,1000,44000,56.64,34.0
BALRAMCHIN,BALRAMCHINEQN,668.1,675.0,675.0,6.9,1.03,3939,2658825,780.95,393.55
KNACK,KNACKEQN,196.58,198.6,198.6,2.02,1.03,1708,339208,222.0,180.33
PANAMAPET,PANAMAPETEQN,476.85,481.7,481.7,4.85,1.02,841,405109,599.6,229.0
PRIVISCL,PRIVISCLEQN,3444.8,3480.0,3480.0,35.2,1.02,22,76560,3785.3,2193.9
VSTIND,VSTINDEQN,209.86,212.0,212.0,2.14,1.02,1333,282596,286.78,200.0
INNOVACAP,INNOVACAPEQN,1040.4,1051.0,1051.0,10.6,1.02,114,119814,1120.0,622.0
CITIUSINVT,CITIUSINVTIVN,114.13,115.29,115.29,1.16,1.02,1,115,116.5,101.5
JAINREC,JAINRECEQN,288.4,291.35,291.35,2.95,1.02,2244,653789,593.95,247.57
PNGSREVA,PNGSREVAEQN,536.9,542.4,542.4,5.5,1.02,1,542,644.0,324.25
VETO,VETOBEN,129.15,130.47,130.47,1.32,1.02,83,10829,153.95,82.32
TVSSCS,TVSSCSEQN,135.14,136.5,136.5,1.36,1.01,6885,939802,146.5,90.32
KAVDEFENCE,KAVDEFENCEEQN,59.51,60.11,60.11,0.6,1.01,1703,102367,162.87,51.51
VISHNU,VISHNUEQN,642.9,649.4,649.4,6.5,1.01,1242,806554,670.0,443.7
SAREGAMA,SAREGAMAEQN,504.7,509.8,509.8,5.1,1.01,613,312507,574.5,307.05
CPL,CPLEQN,67.21,67.89,67.89,0.68,1.01,505,34284,75.74,63.52
OMNI,OMNIEQN,577.0,582.8,582.8,5.8,1.01,686,399800,764.85,176.25
AFSL,AFSLEQN,201.0,203.0,203.0,2.0,1.0,1,203,229.0,194.41
ENERGYDEV,ENERGYDEVEQN,16.01,16.17,16.17,0.16,1.0,6,97,29.69,13.15
AIRAN,AIRANEQN,15.0,15.15,15.15,0.15,1.0,385,5832,27.49,12.63
RML,RMLEQN,1133.0,1144.3,1144.3,11.3,1.0,10,11443,1323.9,608.5
MSUMI,MSUMIEQN,36.82,37.19,37.19,0.37,1.0,57330,2132102,53.59,35.7
MAHLOG,MAHLOGEQN,399.7,403.7,403.7,4.0,1.0,12,4844,450.0,275.05
RUSTOMJEE,RUSTOMJEEEQN,374.2,377.95,377.95,3.75,1.0,8,3023,665.0,358.8
AETHER,AETHEREQN,1633.9,1650.2,1650.2,16.3,1.0,677,1117185,1692.0,726.45
INTERARCH,INTERARCHEQN,1686.1,1702.9,1702.9,16.8,1.0,115,195833,2762.6,1600.0
JAICORPLTD,JAICORPLTDEQN,101.39,102.4,102.4,1.01,1.0,700,71680,178.24,88.0
COSMOFIRST,COSMOFIRSTEQN,930.65,940.0,940.0,9.35,1.0,61,57340,1034.9,560.8
SIGIND,SIGINDBEN,69.29,69.98,69.98,0.69,1.0,5,349,74.99,40.66
FISCHER,FISCHEREQN,36.93,37.3,37.3,0.37,1.0,3,111,124.7,31.05
LENSKART,LENSKARTEQN,655.95,662.5,662.5,6.55,1.0,35968,23828800,673.9,356.1
SURAKSHA,SURAKSHAEQN,317.85,321.0,321.0,3.15,0.99,202,64842,333.0,224.1
KPEL,KPELEQN,253.45,255.95,255.95,2.5,0.99,101,25850,463.25,237.9
NIBL,NIBLEQN,31.44,31.75,31.75,0.31,0.99,137,4349,40.8,24.06
BIRLACORPN,BIRLACORPNEQN,880.1,888.85,888.85,8.75,0.99,42,37331,1346.1,769.6
JASH,JASHEQN,484.3,489.1,489.1,4.8,0.99,57,27878,572.85,327.1
MINDACORP,MINDACORPEQN,703.55,710.5,710.5,6.95,0.99,357,253648,769.0,468.5
MOLDTKPAC,MOLDTKPACEQN,706.8,713.8,713.8,7.0,0.99,527,376172,870.5,464.9
J&KBANK,J&KBANKEQN,149.52,151.0,151.0,1.48,0.99,5555,838805,201.75,97.35
TTKPRESTIG,TTKPRESTIGEQN,595.55,601.45,601.45,5.9,0.99,9,5413,771.2,423.0
GUFICBIO,GUFICBIOEQN,413.65,417.75,417.75,4.1,0.99,5,2088,448.0,268.0
ZEEL,ZEELEQN,104.82,105.86,105.86,1.04,0.99,24676,2612201,123.59,68.0
SOLEX,SOLEXEQN,788.95,796.75,796.75,7.8,0.99,86,68520,1985.0,766.15
PRIMESECU,PRIMESECUEQN,278.2,280.9,280.9,2.7,0.97,89,25000,325.0,244.5
GODREJAGRO,GODREJAGROEQN,610.1,616.0,616.0,5.9,0.97,1560,960960,760.0,506.1
TORNTPOWER,TORNTPOWEREQN,1243.9,1256.0,1256.0,12.1,0.97,356,447136,1824.1,1188.0
MAHABANK,MAHABANKEQN,81.7,82.49,82.49,0.79,0.97,42638,3517208,94.5,51.71
MADHAVIPL,MADHAVIPLEQN,7.23,7.3,7.3,0.07,0.97,100,730,9.9,6.95
NAVKARCORP,NAVKARCORPEQN,97.07,98.0,98.0,0.93,0.96,2537,248626,132.5,74.05
EPL,EPLEQN,258.32,260.8,260.8,2.48,0.96,3299,860379,274.03,176.4
HINDCOMPOS,HINDCOMPOSEQN,413.45,417.4,417.4,3.95,0.96,45,18783,550.0,347.1
KRSNAA,KRSNAAEQN,564.8,570.2,570.2,5.4,0.96,14,7982,894.4,515.0
PDMJEPAPER,PDMJEPAPEREQN,88.06,88.9,88.9,0.84,0.95,111,9867,148.39,65.0
XCHANGING,XCHANGINGEQN,60.87,61.45,61.45,0.58,0.95,1,61,103.0,47.5
TBZ,TBZEQN,280.35,283.0,283.0,2.65,0.95,1117,316111,295.7,110.5
IL&FSTRANS,IL&FSTRANSBZN,2.11,2.13,2.13,0.02,0.95,25,53,3.34,1.75
TRUALT,TRUALTEQN,435.55,439.7,439.7,4.15,0.95,221,97173,549.0,310.2
RAJOOENG,RAJOOENGBEN,49.53,50.0,50.0,0.47,0.95,156,7800,107.12,46.0
FLUOROCHEM,FLUOROCHEMEQN,4606.2,4649.8,4649.8,43.6,0.95,162,753267,4958.9,2916.6
VIKASECO,VIKASECOEQN,1.06,1.07,1.07,0.01,0.94,9465,10127,2.21,0.99
CAMLINFINE,CAMLINFINEEQN,106.45,107.45,107.45,1.0,0.94,983,105623,235.0,96.21
AWL,AWLEQN,200.64,202.52,202.52,1.88,0.94,10433,2112891,282.9,171.19
RIIT,RIITIVN,121.85,123.0,123.0,1.15,0.94,18,2214,127.0,105.3
NETWEB,NETWEBEQN,5273.5,5323.1,5323.1,49.6,0.94,7655,40748330,5813.0,2190.7
BHARATGEAR,BHARATGEARBEN,104.02,105.0,105.0,0.98,0.94,125,13125,154.2,83.8
INDOAMIN,INDOAMINBEN,122.84,123.99,123.99,1.15,0.94,11,1363,160.11,81.9
ITCHOTELS,ITCHOTELSEQN,166.24,167.79,167.79,1.55,0.93,11531,1934786,253.67,137.3
ASHAPURMIN,ASHAPURMINEQN,570.5,575.8,575.8,5.3,0.93,463,266595,924.9,455.1
SENORES,SENORESEQN,1480.4,1494.2,1494.2,13.8,0.93,1189,1776603,1599.0,662.45
NSLNISP,NSLNISPEQN,39.95,40.32,40.32,0.37,0.93,24172,974615,53.75,33.01
AKUMS,AKUMSEQN,745.05,752.0,752.0,6.95,0.93,277,208304,783.0,409.3
UFLEX,UFLEXEQN,606.35,612.0,612.0,5.65,0.93,221,135252,635.0,330.0
GIPCL,GIPCLEQN,190.72,192.5,192.5,1.78,0.93,5162,993685,202.05,119.9
AHCL,AHCLEQN,15.05,15.19,15.19,0.14,0.93,269,4086,17.28,9.08
RACLGEAR,RACLGEAREQN,1511.1,1525.0,1525.0,13.9,0.92,214,326350,1691.9,885.2
SKFINDIA,SKFINDIAEQN,1568.3,1582.7,1582.7,14.4,0.92,17,26905,5074.0,1404.0
VIJAYA,VIJAYAEQN,1483.4,1497.0,1497.0,13.6,0.92,94,140718,1573.0,848.0
MICEL,MICELBEN,35.9,36.23,36.23,0.33,0.92,5344,193613,82.97,29.97
NIRLON,NIRLONEQN,643.4,649.3,649.3,5.9,0.92,15,9739,657.0,516.03
ISHANCH,ISHANCHEQN,44.0,44.4,44.4,0.4,0.91,2,88,83.37,42.52
DEEPAKFERT,DEEPAKFERTEQN,1460.0,1473.3,1473.3,13.3,0.91,914,1346596,1681.0,866.4
IDEAFORGE,IDEAFORGEEQN,788.8,796.0,796.0,7.2,0.91,272,216512,992.25,366.0
MRF,MRFEQN,132295.0,133500.0,133500.0,1205.0,0.91,18,2403000,163600.0,122000.0
CEINSYS,CEINSYSEQN,722.4,729.0,729.0,6.6,0.91,66,48114,1249.9,697.15
JKTYRE,JKTYREEQN,380.65,384.1,384.1,3.45,0.91,3793,1456891,611.9,318.05
ALKYLAMINE,ALKYLAMINEEQN,2061.5,2080.0,2080.0,18.5,0.9,87,180960,2201.9,1212.0
NELCAST,NELCASTEQN,114.91,115.94,115.94,1.03,0.9,1505,174489,173.2,85.98
NOCIL,NOCILEQN,163.93,165.4,165.4,1.47,0.9,75,12405,204.5,125.31
CAPILLARY,CAPILLARYEQN,510.4,515.0,515.0,4.6,0.9,191,98365,798.95,464.25
ARROWGREEN,ARROWGREENBEN,710.5,716.8,716.8,6.3,0.89,51,36556,821.6,341.95
ABBOTINDIA,ABBOTINDIAEQN,26415.0,26650.0,26650.0,235.0,0.89,16,426400,32775.0,25150.0
MANYAVAR,MANYAVAREQN,536.5,541.25,541.25,4.75,0.89,470,254387,796.55,329.2
IOLCP,IOLCPEQN,172.37,173.9,173.9,1.53,0.89,15352,2669712,179.6,67.19
BIKAJI,BIKAJIEQN,599.8,605.15,605.15,5.35,0.89,69,41755,818.7,592.55
BLEL,BLELEQN,450.3,454.3,454.3,4.0,0.89,4443,2018454,548.0,441.3
GICL,GICLEQN,23.75,23.96,23.96,0.21,0.88,28,670,52.4,15.61
NRBBEARING,NRBBEARINGEQN,470.1,474.25,474.25,4.15,0.88,197,93427,503.9,212.55
CHEMPLASTS,CHEMPLASTSEQN,177.82,179.39,179.39,1.57,0.88,152,27267,451.3,170.02
CEIGALL,CEIGALLEQN,324.35,327.2,327.2,2.85,0.88,1778,581761,405.7,222.61
DYCL,DYCLEQN,428.25,432.0,432.0,3.75,0.88,1662,717984,475.0,236.8
CENTRALBK,CENTRALBKEQN,30.73,31.0,31.0,0.27,0.88,23691,734421,40.92,29.32
WPIL,WPILEQN,442.9,446.8,446.8,3.9,0.88,4,1787,510.35,383.55
KSB,KSBEQN,802.85,809.95,809.95,7.1,0.88,140,113393,1028.3,666.65
MTNL,MTNLEQN,26.57,26.8,26.8,0.23,0.87,3903,104600,47.09,21.26
RANEHOLDIN,RANEHOLDINEQN,1592.1,1606.0,1606.0,13.9,0.87,3,4818,1894.5,981.0
BAJAJCON,BAJAJCONEQN,455.05,459.0,459.0,3.95,0.87,858,393822,692.0,220.1
ASHOKA,ASHOKAEQN,114.01,115.0,115.0,0.99,0.87,2964,340860,214.5,101.0
ZYDUSWELL,ZYDUSWELLEQN,525.45,530.0,530.0,4.55,0.87,739,391670,611.85,367.55
DRAGARWQ,DRAGARWQEQN,5328.5,5375.0,5375.0,46.5,0.87,3,16125,6059.7,4600.0
ARSSBL,ARSSBLEQN,537.35,542.0,542.0,4.65,0.87,232,125744,794.85,416.0
GCSL,GCSLEQN,523.1,527.65,527.65,4.55,0.87,131,69122,542.8,213.15
ELITECON,ELITECONEQN,13.76,13.88,13.88,0.12,0.87,7154,99297,46.4,13.7
SARVESHWAR,SARVESHWAREQN,3.47,3.5,3.5,0.03,0.86,2077,7269,8.25,2.5
PUNJABCHEM,PUNJABCHEMEQN,1090.6,1100.0,1100.0,9.4,0.86,27,29700,1533.9,876.6
PNB,PNBEQN,115.93,116.93,116.93,1.0,0.86,46117,5392460,135.15,98.5
ANDREWYU,ANDREWYUEQN,26.76,26.99,26.99,0.23,0.86,1,26,27.28,24.51
WAAREEINDO,WAAREEINDOEQN,274.65,277.0,277.0,2.35,0.86,11,3047,725.0,273.8
CENTUM,CENTUMEQN,3274.8,3302.6,3302.6,27.8,0.85,93,307141,3968.8,2044.2
LXCHEM,LXCHEMEQN,170.5,171.95,171.95,1.45,0.85,1045,179687,241.0,107.6
GENUSPOWER,GENUSPOWEREQN,335.05,337.9,337.9,2.85,0.85,3766,1272531,363.5,210.4
FORCEMOT,FORCEMOTEQN,17431.0,17580.0,17580.0,149.0,0.85,256,4500480,26450.0,14911.0
RAMBHAJO,RAMBHAJOEQN,213.2,215.01,215.01,1.81,0.85,10258,2205572,242.0,161.6
AEROPLANE,AEROPLANEEQN,180.39,181.93,181.93,1.54,0.85,254,46210,206.9,117.02
AURIONPRO,AURIONPROEQN,711.35,717.4,717.4,6.05,0.85,426,305612,1369.8,680.15
CNL,CNLEQN,1186.9,1197.0,1197.0,10.1,0.85,146,174762,1275.0,525.0
ALGOQUANT,ALGOQUANTEQN,67.13,67.7,67.7,0.57,0.85,1511,102294,71.01,47.8
MOTILALOFS,MOTILALOFSEQN,1011.5,1020.0,1020.0,8.5,0.84,4985,5084700,1097.1,614.9
RITCO,RITCOEQN,316.25,318.9,318.9,2.65,0.84,13,4145,327.5,167.1
ARMANFIN,ARMANFINEQN,1907.8,1923.9,1923.9,16.1,0.84,120,230868,2158.6,1301.0
MUNJALSHOW,MUNJALSHOWEQN,131.85,132.96,132.96,1.11,0.84,1,132,150.9,110.3
BENGALASM,BENGALASMEQN,6165.0,6217.0,6217.0,52.0,0.84,1,6217,7268.0,5845.85
RPTECH,RPTECHEQN,779.45,785.95,785.95,6.5,0.83,4470,3513196,967.7,276.55
SOMANYCERA,SOMANYCERAEQN,539.35,543.85,543.85,4.5,0.83,576,313257,558.3,332.0
NIACL,NIACLEQN,187.29,188.85,188.85,1.56,0.83,7636,1442058,218.0,116.97
MONARCH,MONARCHEQN,383.25,386.45,386.45,3.2,0.83,257,99317,406.95,235.45
RAMAPHO,RAMAPHOEQN,124.98,126.0,126.0,1.02,0.82,800,100800,217.19,103.5
VARROC,VARROCEQN,810.3,816.95,816.95,6.65,0.82,37,30227,874.85,462.0
UGROCAP,UGROCAPEQN,88.08,88.8,88.8,0.72,0.82,1671,148384,192.5,80.12
ABSLAMC,ABSLAMCEQN,1001.8,1010.0,1010.0,8.2,0.82,140,141400,1224.9,708.0
CROMPTON,CROMPTONEQN,243.0,245.0,245.0,2.0,0.82,15333,3756585,337.5,217.4
BHARATCOAL,BHARATCOALEQN,34.35,34.63,34.63,0.28,0.82,88294,3057621,45.09,29.74
SURAJEST,SURAJESTEQN,196.6,198.2,198.2,1.6,0.81,169,33495,337.0,171.3
SHK,SHKEQN,153.73,154.98,154.98,1.25,0.81,138,21387,275.5,111.98
AWFIS,AWFISEQN,272.55,274.75,274.75,2.2,0.81,434,119241,639.4,229.05
OSWALGREEN,OSWALGREENEQN,20.98,21.15,21.15,0.17,0.81,5,105,43.79,19.76
HARSHA,HARSHAEQN,428.3,431.75,431.75,3.45,0.81,75,32381,469.0,313.3
ATGL,ATGLEQN,640.25,645.45,645.45,5.2,0.81,2481,1601361,859.85,462.8
DPEL,DPELSMN,565.4,570.0,570.0,4.6,0.81,500,285000,599.0,130.0
SGFIN,SGFINEQN,700.5,706.1,706.1,5.6,0.8,154,108739,727.45,323.0
SANOFI,SANOFIEQN,3198.2,3223.9,3223.9,25.7,0.8,6,19343,5281.0,3054.0
SOLARWORLD,SOLARWORLDEQN,148.77,149.96,149.96,1.19,0.8,169,25343,388.5,139.19
ASIANPAINT,ASIANPAINTEQN,2639.8,2660.9,2660.9,21.1,0.8,3507,9331776,2985.7,2115.0
KPRMILL,KPRMILLEQN,1120.0,1129.0,1129.0,9.0,0.8,300,338700,1334.0,796.1
KRBL,KRBLEQN,423.0,426.4,426.4,3.4,0.8,1585,675844,479.0,274.65
KITEX,KITEXEQN,126.56,127.57,127.57,1.01,0.8,1723,219803,232.7,123.15
CGCL,CGCLEQN,239.67,241.58,241.58,1.91,0.8,9614,2322550,264.53,151.1
JITFINFRA,JITFINFRAEQN,318.55,321.1,321.1,2.55,0.8,20,6422,478.0,222.35
AYE,AYEEQN,172.84,174.22,174.22,1.38,0.8,329,57318,197.29,88.22
ANDHRSUGAR,ANDHRSUGAREQN,97.74,98.52,98.52,0.78,0.8,1588,156449,107.23,66.5
NARMADA,NARMADAEQN,14.0,14.11,14.11,0.11,0.79,46,649,22.59,9.95
THANGAMAYL,THANGAMAYLEQN,5397.0,5439.5,5439.5,42.5,0.79,278,1512181,7430.0,1939.5
INDIANB,INDIANBEQN,878.0,884.9,884.9,6.9,0.79,1762,1559193,1000.9,642.6
SUBEXLTD,SUBEXLTDEQN,17.82,17.96,17.96,0.14,0.79,8860,159125,19.39,6.61
EIDPARRY,EIDPARRYEQN,810.4,816.8,816.8,6.4,0.79,261,213184,1196.4,698.2
PRECWIRE,PRECWIREEQN,411.75,415.0,415.0,3.25,0.79,2154,893910,474.9,170.15
XTGLOBAL,XTGLOBALEQN,29.22,29.45,29.45,0.23,0.79,30,883,46.25,25.2
ASKAUTOLTD,ASKAUTOLTDEQN,605.2,610.0,610.0,4.8,0.79,148,90280,687.7,375.3
LAXMIINDIA,LAXMIINDIAEQN,125.96,126.95,126.95,0.99,0.79,2,253,180.9,71.06
MUKKA,MUKKAEQN,25.78,25.98,25.98,0.2,0.78,156,4052,31.23,18.27
AVTNPL,AVTNPLEQN,87.17,87.85,87.85,0.68,0.78,642,56399,92.45,53.5
BHARATSE,BHARATSEEQN,222.27,224.0,224.0,1.73,0.78,26,5824,263.18,129.87
MUTHOOTMF,MUTHOOTMFEQN,212.04,213.7,213.7,1.66,0.78,376,80351,262.77,141.2
IRFC,IRFCEQN,85.45,86.12,86.12,0.67,0.78,29959,2580069,137.17,85.0
ARVINDFASN,ARVINDFASNEQN,438.0,441.4,441.4,3.4,0.78,10,4414,579.0,366.2
VINEETLAB,VINEETLABEQN,38.7,39.0,39.0,0.3,0.78,469,18291,43.5,26.89
ZEEMEDIA,ZEEMEDIAEQN,9.12,9.19,9.19,0.07,0.77,2557,23498,13.26,6.65
PURVA,PURVAEQN,217.92,219.6,219.6,1.68,0.77,378,83008,305.0,160.69
JTLIND,JTLINDEQN,78.82,79.43,79.43,0.61,0.77,2545,202149,87.2,40.25
BATAINDIA,BATAINDIAEQN,684.7,690.0,690.0,5.3,0.77,287,198030,1282.5,605.0
JLHL,JLHLEQN,298.7,301.0,301.0,2.3,0.77,139,41839,340.0,235.6
SMLMAH,SMLMAHEQN,5192.0,5232.0,5232.0,40.0,0.77,9,47088,5987.9,2719.0
BHAGERIA,BHAGERIABEN,222.19,223.9,223.9,1.71,0.77,101,22613,244.6,127.51
HINDPETRO,HINDPETROEQN,373.2,376.05,376.05,2.85,0.76,53940,20284137,508.45,316.2
AARTIIND,AARTIINDEQN,538.9,543.0,543.0,4.1,0.76,1468,797124,551.75,338.05
TASTYBITE,TASTYBITEEQN,10083.0,10160.0,10160.0,77.0,0.76,25,254000,10544.0,6430.0
ELGIEQUIP,ELGIEQUIPEQN,610.25,614.9,614.9,4.65,0.76,1730,1063777,644.0,408.25
QPOWER,QPOWEREQN,1309.1,1319.0,1319.0,9.9,0.76,232,306008,1441.0,581.0
BLUECLOUDS,BLUECLOUDSEQN,22.28,22.45,22.45,0.17,0.76,2637,59200,24.5,21.5
SAMMAANCAP,SAMMAANCAPEQN,149.97,151.1,151.1,1.13,0.75,18655,2818770,192.95,116.7
BAJAJHCARE,BAJAJHCAREEQN,320.1,322.5,322.5,2.4,0.75,119,38377,515.9,272.35
BEARDSELL,BEARDSELLEQN,26.79,26.99,26.99,0.2,0.75,300,8097,38.6,20.02
DEVYANI,DEVYANIEQN,149.9,151.02,151.02,1.12,0.75,16772,2532907,191.0,91.55
SAFARI,SAFARIEQN,1501.8,1513.0,1513.0,11.2,0.75,3,4539,2507.1,1363.1
BANSALWIRE,BANSALWIREEQN,318.15,320.55,320.55,2.4,0.75,11,3526,374.0,222.5
ASIANENE,ASIANENEEQN,451.4,454.8,454.8,3.4,0.75,328,149174,491.0,230.0
PASHUPATI,PASHUPATIEQN,86.34,86.99,86.99,0.65,0.75,1673,145534,118.35,66.4
LEAPIND,LEAPINDEQN,158.31,159.5,159.5,1.19,0.75,18210,2904495,171.25,143.0
SILGO,SILGOEQN,72.37,72.91,72.91,0.54,0.75,361,26320,86.2,57.55
SADBHAV,SADBHAVEQN,8.08,8.14,8.14,0.06,0.74,539,4387,17.85,6.05
DLF,DLFEQN,682.95,688.0,688.0,5.05,0.74,20826,14328288,794.8,489.4
SRHHYPOLTD,SRHHYPOLTDEQN,471.9,475.4,475.4,3.5,0.74,1,475,640.0,382.4
STANLEY,STANLEYEQN,135.08,136.08,136.08,1.0,0.74,332,45178,320.45,123.0
TEAMLEASE,TEAMLEASEEQN,1236.8,1246.0,1246.0,9.2,0.74,1,1246,1944.3,1065.2
MAMATA,MAMATAEQN,410.4,413.45,413.45,3.05,0.74,10,4134,515.0,297.0
SAIL,SAILEQN,184.59,185.95,185.95,1.36,0.74,41164,7654445,209.7,118.1
TAJGVK,TAJGVKEQN,349.2,351.8,351.8,2.6,0.74,10,3518,512.65,281.35
IITL,IITLEQN,160.41,161.6,161.6,1.19,0.74,2,323,216.0,108.0
NOIDATOLL,NOIDATOLLEQN,4.08,4.11,4.11,0.03,0.74,923,3793,7.43,2.87
EXCELSOFT,EXCELSOFTEQN,70.27,70.79,70.79,0.52,0.74,344,24351,142.59,66.4
ALLTIME,ALLTIMEEQN,204.62,206.14,206.14,1.52,0.74,345,71118,334.9,186.0
STLNETWORK,STLNETWORKEQN,25.66,25.85,25.85,0.19,0.74,450,11632,35.4,15.75
TAALTECH,TAALTECHEQN,4501.3,4534.7,4534.7,33.4,0.74,5,22673,4696.0,2616.1
GRINFRA,GRINFRAEQN,902.05,908.7,908.7,6.65,0.74,49,44526,1345.0,785.0
KANSAINER,KANSAINEREQN,200.43,201.9,201.9,1.47,0.73,635,128206,264.0,157.91
SWIGGY,SWIGGYEQN,287.4,289.5,289.5,2.1,0.73,13807,3997126,474.0,235.75
SOUTHBANK,SOUTHBANKEQN,45.35,45.68,45.68,0.33,0.73,13990,639063,49.9,28.11
CLEAN,CLEANEQN,821.9,827.9,827.9,6.0,0.73,243,201179,1217.9,652.0
GOKULAGRO,GOKULAGROEQN,252.85,254.69,254.69,1.84,0.73,2561,652261,259.5,151.0
ICRA,ICRAEQN,5106.5,5144.0,5144.0,37.5,0.73,12,61728,6982.0,4692.0
MAXESTATES,MAXESTATESEQN,556.05,560.1,560.1,4.05,0.73,1246,697884,562.2,305.45
RVNL,RVNLEQN,218.4,220.0,220.0,1.6,0.73,10473,2304060,400.7,217.02
GREENPLY,GREENPLYEQN,287.9,290.0,290.0,2.1,0.73,49,14210,334.4,176.42
DISHTV,DISHTVEQN,2.73,2.75,2.75,0.02,0.73,240,660,5.99,1.82
SAWALIYA,SAWALIYASMN,268.05,270.0,270.0,1.95,0.73,600,162000,351.0,208.0
JSWCEMENT,JSWCEMENTEQN,124.99,125.9,125.9,0.91,0.73,1789,225235,162.15,106.65
EMAMIPAP,EMAMIPAPBEN,117.13,117.99,117.99,0.86,0.73,507,59820,133.7,55.0
SBIFUNDS,SBIFUNDSEQN,549.05,553.05,553.05,4.0,0.73,5576,3083806,624.95,536.5
FINCABLES,FINCABLESEQN,1259.85,1269.0,1269.0,9.15,0.73,805,1021545,1374.0,700.8
QUESS,QUESSEQN,347.0,349.5,349.5,2.5,0.72,556,194322,350.75,166.3
NORTHARC,NORTHARCEQN,291.65,293.75,293.75,2.1,0.72,1544,453550,334.0,206.0
BAIDFIN,BAIDFINEQN,9.7,9.77,9.77,0.07,0.72,1,9,12.98,8.8
WHIRLPOOL,WHIRLPOOLEQN,767.3,772.8,772.8,5.5,0.72,203,156878,1437.0,751.0
HSCL,HSCLEQN,659.75,664.5,664.5,4.75,0.72,17419,11574925,819.5,418.5
IOC,IOCEQN,139.0,140.0,140.0,1.0,0.72,46485,6507900,188.96,130.22
CPPLUS,CPPLUSEQN,3393.5,3418.0,3418.0,24.5,0.72,112,382816,4094.0,1200.8
SPAL,SPALEQN,949.8,956.5,956.5,6.7,0.71,15,14347,1221.9,600.0
BALMLAWRIE,BALMLAWRIEEQN,175.16,176.4,176.4,1.24,0.71,16,2822,238.2,148.36
DDEVPLSTIK,DDEVPLSTIKEQN,276.05,278.0,278.0,1.95,0.71,15,4170,360.0,185.15
UNIMECH,UNIMECHEQN,1473.5,1484.0,1484.0,10.5,0.71,110,163240,1555.0,695.0
AVANTIFEED,AVANTIFEEDEQN,843.9,849.9,849.9,6.0,0.71,475,403702,1593.8,614.25
SETL,SETLEQN,314.75,317.0,317.0,2.25,0.71,1293,409881,322.35,104.56
APARINDS,APARINDSEQN,17001.0,17121.0,17121.0,120.0,0.71,302,5170542,18465.0,6801.0
BIRLACABLE,BIRLACABLEBEN,266.11,268.0,268.0,1.89,0.71,211,56548,308.25,104.0
PINELABS,PINELABSEQN,163.69,164.85,164.85,1.16,0.71,69312,11426083,284.0,134.73
NIVABUPA,NIVABUPAEQN,83.21,83.79,83.79,0.58,0.7,761,63764,91.4,67.5
JAMNAAUTO,JAMNAAUTOEQN,120.65,121.5,121.5,0.85,0.7,6017,731065,152.6,89.74
INDOFARM,INDOFARMEQN,138.61,139.58,139.58,0.97,0.7,75,10468,271.69,110.7
BHARTIHEXA,BHARTIHEXAEQN,1592.9,1604.1,1604.1,11.2,0.7,31,49727,1955.6,1430.0
GATEWAY,GATEWAYEQN,52.93,53.3,53.3,0.37,0.7,552,29421,69.54,48.1
INDIACEM,INDIACEMEQN,364.3,366.85,366.85,2.55,0.7,387,141970,485.8,342.35
KOTHARIPET,KOTHARIPETEQN,134.05,134.99,134.99,0.94,0.7,1,134,174.0,94.75
ABLBL,ABLBLEQN,85.44,86.04,86.04,0.6,0.7,2809,241686,151.33,84.24
TIMEX,TIMEXEQN,617.65,621.95,621.95,4.3,0.7,1002,623193,624.4,312.0
TARIL,TARILEQN,307.85,310.0,310.0,2.15,0.7,5709,1769790,552.0,224.05
RAMCOCEM,RAMCOCEMEQN,909.15,915.4,915.4,6.25,0.69,33,30208,1214.5,838.3
ATUL,ATULEQN,6492.5,6537.0,6537.0,44.5,0.69,17,111129,7180.0,5560.5
BASF,BASFEQN,3872.2,3898.8,3898.8,26.6,0.69,48,187142,4829.9,3122.2
NACLIND,NACLINDEQN,181.65,182.9,182.9,1.25,0.69,383,70050,262.2,112.62
KOTIC,KOTICEQN,146.69,147.7,147.7,1.01,0.69,367,54205,223.7,141.2
EMMVEE,EMMVEEEQN,333.7,336.0,336.0,2.3,0.69,9242,3105312,371.55,171.51
AMAGI,AMAGIEQN,581.35,585.35,585.35,4.0,0.69,993,581252,727.4,310.2
SASKEN,SASKENEQN,1871.2,1884.0,1884.0,12.8,0.68,64,120576,2780.2,991.0
TRENT,TRENTEQN,2930.0,2950.0,2950.0,20.0,0.68,979,2888050,3782.67,2183.67
PARACABLES,PARACABLESEQN,61.53,61.95,61.95,0.42,0.68,1096,67897,75.7,28.3
WANBURY,WANBURYEQN,264.35,266.15,266.15,1.8,0.68,286,76118,358.85,161.5
SYNCOMF,SYNCOMFEQN,17.56,17.68,17.68,0.12,0.68,20894,369405,18.7,10.21
ACL,ACLEQN,44.3,44.6,44.6,0.3,0.68,300,13380,109.99,40.5
SPLPETRO,SPLPETROEQN,700.25,705.0,705.0,4.75,0.68,7,4935,979.0,462.3
BPCL,BPCLEQN,318.1,320.25,320.25,2.15,0.68,19475,6236868,391.65,266.6
TNPETRO,TNPETROEQN,114.21,114.99,114.99,0.78,0.68,1174,134998,129.89,78.67
ELIN,ELINEQN,98.22,98.89,98.89,0.67,0.68,576,56960,234.0,93.65
JSLL,JSLLEQN,516.3,519.8,519.8,3.5,0.68,276,143464,849.5,492.0
WINDMACHIN,WINDMACHINEQN,314.25,316.4,316.4,2.15,0.68,205,64862,345.45,200.65
OSWALAGRO,OSWALAGROEQN,37.25,37.5,37.5,0.25,0.67,16,600,82.8,33.4
KRN,KRNEQN,1524.8,1535.0,1535.0,10.2,0.67,471,722985,1598.2,589.8
CMSINFO,CMSINFOEQN,244.85,246.5,246.5,1.65,0.67,1043,257099,447.3,240.5
DMCC,DMCCEQN,282.1,284.0,284.0,1.9,0.67,147,41748,338.45,191.35
BSE,BSEEQN,3303.0,3325.0,3325.0,22.0,0.67,8448,28089600,4446.8,2021.5
NBCC,NBCCEQN,89.5,90.1,90.1,0.6,0.67,46470,4186947,125.85,77.18
AVALON,AVALONEQN,2111.5,2125.4,2125.4,13.9,0.66,315,669501,2351.0,777.3
JSWSTEEL,JSWSTEELEQN,1320.3,1329.0,1329.0,8.7,0.66,3122,4149138,1335.0,1022.3
AARON,AARONEQN,138.98,139.9,139.9,0.92,0.66,1,139,258.0,106.8
INDIAMART,INDIAMARTEQN,1750.3,1761.9,1761.9,11.6,0.66,63,110999,2685.0,1722.3
LASERPOWER,LASERPOWEREQN,335.4,337.6,337.6,2.2,0.66,4054,1368630,343.5,250.0
SIEMENS,SIEMENSEQN,4090.5,4117.0,4117.0,26.5,0.65,538,2214946,4149.4,2826.0
EUREKAFORB,EUREKAFORBEQN,410.35,413.0,413.0,2.65,0.65,116,47908,668.3,403.2
SSWL,SSWLEQN,291.1,293.0,293.0,1.9,0.65,535,156755,328.4,169.0
BAJAJFINSV,BAJAJFINSVEQN,2004.0,2017.0,2017.0,13.0,0.65,1447,2918599,2195.0,1597.0
TATAPOWER,TATAPOWEREQN,370.6,373.0,373.0,2.4,0.65,9116,3400268,464.9,342.5
ORIENTPPR,ORIENTPPREQN,16.9,17.01,17.01,0.11,0.65,200,3402,30.89,13.25
WALCHANNAG,WALCHANNAGEQN,220.02,221.45,221.45,1.43,0.65,756,167416,315.8,131.15
HAPPYFORGE,HAPPYFORGEEQN,2151.1,2165.0,2165.0,13.9,0.65,25,54125,2340.0,862.05
SAGILITY,SAGILITYEQN,43.02,43.3,43.3,0.28,0.65,34242,1482678,57.89,35.83
APOLLOTYRE,APOLLOTYREEQN,441.4,444.25,444.25,2.85,0.65,1670,741897,540.5,365.3
ADVENZYMES,ADVENZYMESEQN,299.75,301.7,301.7,1.95,0.65,111,33488,419.0,251.95
KCPSUGIND,KCPSUGINDBEN,33.68,33.9,33.9,0.22,0.65,606,20543,36.95,21.45
PROTEAN,PROTEANEQN,568.35,572.0,572.0,3.65,0.64,852,487344,945.5,444.0
GMDCLTD,GMDCLTDEQN,567.35,571.0,571.0,3.65,0.64,4530,2586630,771.9,400.0
SOTL,SOTLEQN,673.65,677.95,677.95,4.3,0.64,113,76608,814.8,285.8
SYNGENE,SYNGENEEQN,406.4,409.0,409.0,2.6,0.64,1087,444583,678.95,375.25
TNPL,TNPLEQN,141.1,142.0,142.0,0.9,0.64,319,45298,179.9,121.51
SHADOWFAX,SHADOWFAXEQN,256.9,258.55,258.55,1.65,0.64,5746,1485628,268.65,98.55
IXIGO,IXIGOEQN,168.37,169.43,169.43,1.06,0.63,1073,181798,339.15,151.27
TDPOWERSYS,TDPOWERSYSEQN,729.4,734.0,734.0,4.6,0.63,2773,2035382,798.85,246.5
EDELWEISS,EDELWEISSEQN,128.15,128.96,128.96,0.81,0.63,2386,307698,133.9,94.12
ECLERX,ECLERXEQN,1879.5,1891.4,1891.4,11.9,0.63,285,539049,2497.5,1320.0
INTELLECT,INTELLECTEQN,682.8,687.1,687.1,4.3,0.63,97,66648,1244.6,595.2
AIIL,AIILEQN,566.65,570.2,570.2,3.55,0.63,369,210403,683.0,400.0
VAIBHAVGBL,VAIBHAVGBLEQN,221.3,222.7,222.7,1.4,0.63,446,99324,293.25,174.13
RELIGARE,RELIGAREEQN,228.45,229.9,229.9,1.45,0.63,1121,257717,280.0,196.51
ACCELYA,ACCELYAEQN,1134.8,1142.0,1142.0,7.2,0.63,1,1142,1527.0,1012.4
PRINCEPIPE,PRINCEPIPEEQN,287.1,288.9,288.9,1.8,0.63,188,54313,353.4,205.0
HGINFRA,HGINFRAEQN,502.85,506.0,506.0,3.15,0.63,301,152306,1049.95,429.5
SINDHUTRAD,SINDHUTRADEQN,23.8,23.95,23.95,0.15,0.63,4051,97021,32.74,17.64
KABRAEXTRU,KABRAEXTRUEQN,609.15,613.0,613.0,3.85,0.63,460,281980,625.15,180.0
THYROCARE,THYROCAREEQN,596.05,599.8,599.8,3.75,0.63,462,277107,662.0,342.55
SHIPROCKET,SHIPROCKETEQN,132.77,133.6,133.6,0.83,0.63,20111,2686829,156.9,131.0
NECLIFE,NECLIFEEQN,11.33,11.4,11.4,0.07,0.62,2252,25672,22.4,9.3
SHAKTIPUMP,SHAKTIPUMPEQN,491.95,495.0,495.0,3.05,0.62,690,341550,915.0,456.35
ASTRAZEN,ASTRAZENEQN,7146.0,7190.0,7190.0,44.0,0.62,7,50330,9849.5,7110.0
BIGBLOC,BIGBLOCEQN,43.73,44.0,44.0,0.27,0.62,8,352,80.0,38.0
SIGNPOST,SIGNPOSTEQN,256.4,258.0,258.0,1.6,0.62,69,17802,336.8,191.41
SCI,SCIEQN,288.1,289.9,289.9,1.8,0.62,8718,2527348,368.75,195.55
FEDFINA,FEDFINAEQN,159.02,160.0,160.0,0.98,0.62,1216,194560,178.48,119.07
GALLANTT,GALLANTTEQN,581.5,585.05,585.05,3.55,0.61,61,35688,948.0,496.25
RATNAVEER,RATNAVEEREQN,263.43,265.03,265.03,1.6,0.61,8387,2222806,282.98,130.5
MOBIKWIK,MOBIKWIKEQN,197.05,198.25,198.25,1.2,0.61,1452,287859,334.0,151.46
MCX,MCXEQN,3280.0,3300.0,3300.0,20.0,0.61,8763,28917900,3480.0,1460.8
HMAAGRO,HMAAGROEQN,21.14,21.27,21.27,0.13,0.61,3592,76401,34.24,20.0
IKIO,IKIOEQN,191.63,192.8,192.8,1.17,0.61,150,28920,248.88,103.53
JSL,JSLEQN,701.4,705.7,705.7,4.3,0.61,361,254757,884.0,652.25
E2E,E2EBEN,596.35,600.0,600.0,3.65,0.61,1703,1021800,698.0,183.36
EIHAHOTELS,EIHAHOTELSEQN,300.8,302.6,302.6,1.8,0.6,50,15130,434.9,266.65
GICRE,GICREEQN,351.4,353.5,353.5,2.1,0.6,1138,402283,417.95,346.7
TIMETECHNO,TIMETECHNOEQN,184.84,185.95,185.95,1.11,0.6,3438,639296,249.15,154.0
INDIANHUME,INDIANHUMEEQN,389.6,391.95,391.95,2.35,0.6,9,3527,432.0,279.8
JUBLPHARMA,JUBLPHARMAEQN,896.65,902.05,902.05,5.4,0.6,255,230022,1184.8,786.05
POWERICA,POWERICAEQN,531.8,535.0,535.0,3.2,0.6,384,205440,676.95,365.1
GMRAIRPORT,GMRAIRPORTEQN,99.85,100.44,100.44,0.59,0.59,48126,4833775,115.64,84.11
ANMOL,ANMOLEQN,10.09,10.15,10.15,0.06,0.59,59,598,17.74,8.4
EQUITASBNK,EQUITASBNKEQN,75.06,75.5,75.5,0.44,0.59,2602,196451,83.9,50.0
HDFCLIFE,HDFCLIFEEQN,546.7,549.95,549.95,3.25,0.59,4773,2624911,803.0,530.5
MAPMYINDIA,MAPMYINDIAEQN,964.3,970.0,970.0,5.7,0.59,110,106700,1998.0,795.0
JAIBALAJI,JAIBALAJIEQN,65.61,66.0,66.0,0.39,0.59,361,23826,108.0,53.65
JINDALSAW,JINDALSAWEQN,281.75,283.4,283.4,1.65,0.59,969,274614,298.4,153.0
RAMCOIND,RAMCOINDEQN,348.85,350.9,350.9,2.05,0.59,185,64916,398.05,230.65
COUNCODOS,COUNCODOSBEN,6.86,6.9,6.9,0.04,0.58,57,393,8.89,3.71
HFCL,HFCLEQN,238.01,239.4,239.4,1.39,0.58,42012,10057672,244.3,59.82
SCHNEIDER,SCHNEIDEREQN,1146.4,1153.0,1153.0,6.6,0.58,235,270955,1548.0,571.85
CELEBRITY,CELEBRITYEQN,6.89,6.93,6.93,0.04,0.58,10,69,14.2,5.65
SAMBHV,SAMBHVEQN,128.66,129.4,129.4,0.74,0.58,1900,245860,141.32,81.42
M&MFIN,M&MFINEQN,381.45,383.65,383.65,2.2,0.58,1768,678293,415.0,253.05
SUNRAKSHAK,SUNRAKSHAKEQN,372.85,375.0,375.0,2.15,0.58,2,750,382.4,370.0
INDUSINVIT,INDUSINVITIVN,134.04,134.8,134.8,0.76,0.57,115,15502,138.0,111.01
TEJASNET,TEJASNETEQN,504.35,507.25,507.25,2.9,0.57,4157,2108638,644.75,294.0
DVL,DVLEQN,280.89,282.5,282.5,1.61,0.57,41,11582,380.6,186.99
ORCHPHARMA,ORCHPHARMAEQN,1038.55,1044.5,1044.5,5.95,0.57,44,45958,1133.0,480.0
ANDHRAPAP,ANDHRAPAPEQN,59.66,60.0,60.0,0.34,0.57,510,30600,86.89,58.0
COFORGE,COFORGEEQN,1892.8,1903.6,1903.6,10.8,0.57,3746,7130885,1989.7,1008.1
INDNIPPON,INDNIPPONEQN,1070.6,1076.7,1076.7,6.1,0.57,26,27994,1278.2,675.0
IL&FSENGG,IL&FSENGGBZN,35.8,36.0,36.0,0.2,0.56,20,720,39.39,21.0
PAGEIND,PAGEINDEQN,35500.0,35700.0,35700.0,200.0,0.56,38,1356600,47310.0,29805.0
SJVN,SJVNEQN,65.86,66.23,66.23,0.37,0.56,12462,825358,101.45,63.02
INDUSTOWER,INDUSTOWEREQN,387.25,389.4,389.4,2.15,0.56,17404,6777117,481.5,312.55
KERNEX,KERNEXEQN,1899.4,1910.0,1910.0,10.6,0.56,537,1025670,2580.0,850.0
POONAWALLA,POONAWALLAEQN,475.95,478.6,478.6,2.65,0.56,366,175167,570.4,361.2
TMPV,TMPVEQN,314.25,316.0,316.0,1.75,0.56,17265,5455740,739.7,294.3
BORORENEW,BORORENEWEQN,529.05,532.0,532.0,2.95,0.56,642,341544,721.0,374.4
GNRL,GNRLEQN,99.54,100.1,100.1,0.56,0.56,19,1901,120.9,83.2
VIDYAWIRES,VIDYAWIRESEQN,85.0,85.48,85.48,0.48,0.56,886,75735,117.35,42.51
INDRAMEDCO,INDRAMEDCOEQN,372.95,375.0,375.0,2.05,0.55,176,66000,640.85,342.0
DCAL,DCALEQN,172.05,173.0,173.0,0.95,0.55,136,23528,321.95,128.5
GPIL,GPILEQN,244.26,245.6,245.6,1.34,0.55,496,121817,320.0,221.21
NDRAUTO,NDRAUTOEQN,728.3,732.3,732.3,4.0,0.55,152,111309,1186.6,605.05
HEG,HEGEQN,721.55,725.5,725.5,3.95,0.55,2562,1858731,749.0,459.8
AGI,AGIEQN,730.85,734.9,734.9,4.05,0.55,198,145510,948.9,465.0
AZAD,AZADEQN,2804.5,2819.8,2819.8,15.3,0.55,1216,3428876,2986.6,1360.0
PARADEEP,PARADEEPEQN,159.63,160.51,160.51,0.88,0.55,56097,9004129,232.22,99.7
SHREECEM,SHREECEMEQN,24440.0,24575.0,24575.0,135.0,0.55,13,319475,30750.0,22550.0
HERITGFOOD,HERITGFOODEQN,389.85,392.0,392.0,2.15,0.55,382,149744,540.0,292.55
HARDWYN,HARDWYNEQN,9.03,9.08,9.08,0.05,0.55,653,5929,20.2,7.76
BIRLAMONEY,BIRLAMONEYEQN,127.3,127.99,127.99,0.69,0.54,7,895,197.39,95.0
ADANIPORTS,ADANIPORTSEQN,1702.7,1711.9,1711.9,9.2,0.54,7546,12917997,1891.1,1292.0
MAHSEAMLES,MAHSEAMLESEQN,636.55,640.0,640.0,3.45,0.54,683,437120,690.0,500.7
EBGNG,EBGNGEQN,584.75,587.9,587.9,3.15,0.54,213,125222,689.5,239.0
CAMS,CAMSEQN,749.95,754.0,754.0,4.05,0.54,1886,1422044,844.9,611.4
BLUESTONE,BLUESTONEEQN,810.65,815.0,815.0,4.35,0.54,1287,1048905,926.0,399.8
SVPGLOB,SVPGLOBEQN,3.73,3.75,3.75,0.02,0.54,21,78,6.89,2.18
CENTENKA,CENTENKAEQN,552.0,555.0,555.0,3.0,0.54,15,8325,671.65,371.2
SYRMA,SYRMAEQN,1458.1,1466.0,1466.0,7.9,0.54,2079,3047814,1543.0,634.5
NFL,NFLEQN,72.4,72.79,72.79,0.39,0.54,9786,712322,102.97,63.35
HORIZONIND,HORIZONINDEQN,55.6,55.9,55.9,0.3,0.54,59573,3330130,60.25,55.15
MARUTI,MARUTIEQN,13678.0,13750.0,13750.0,72.0,0.53,731,10051250,17370.0,12201.0
JGCHEM,JGCHEMEQN,579.05,582.1,582.1,3.05,0.53,115,66941,663.1,298.4
TI,TIEQN,574.7,577.75,577.75,3.05,0.53,1757,1015106,594.55,381.55
JKCEMENT,JKCEMENTEQN,5197.5,5225.0,5225.0,27.5,0.53,19,99275,7124.5,4671.5
SHRIRAMPPS,SHRIRAMPPSEQN,77.96,78.37,78.37,0.41,0.53,110,8620,99.44,60.57
IRCON,IRCONEQN,123.35,124.0,124.0,0.65,0.53,5349,663276,189.5,114.5
SUZLON,SUZLONEQN,46.75,47.0,47.0,0.25,0.53,137811,6477117,61.5,38.19
NEULANDLAB,NEULANDLABEQN,22948.0,23070.0,23070.0,122.0,0.53,117,2699190,23881.0,11500.0
JWL,JWLEQN,246.9,248.2,248.2,1.3,0.53,3530,876146,358.25,235.65
JTEKTINDIA,JTEKTINDIAEQN,125.61,126.28,126.28,0.67,0.53,27,3409,188.5,117.01
UNIONBANK,UNIONBANKEQN,186.98,187.98,187.98,1.0,0.53,32412,6092807,205.49,124.64
AIAENG,AIAENGEQN,4267.4,4290.0,4290.0,22.6,0.53,48,205920,5180.0,3001.1
THOMASCOOK,THOMASCOOKEQN,110.42,111.0,111.0,0.58,0.53,3558,394938,181.55,86.35
GUJENERGY,GUJENERGYEQN,256.5,257.85,257.85,1.35,0.53,3949,1018249,452.0,255.2
BBOX,BBOXEQN,746.9,750.75,750.75,3.85,0.52,822,617116,1103.0,435.05
CIEINDIA,CIEINDIAEQN,395.95,398.0,398.0,2.05,0.52,49,19502,526.0,381.1
TIMKEN,TIMKENEQN,3131.6,3148.0,3148.0,16.4,0.52,7,22036,3925.0,2800.5
BALKRISIND,BALKRISINDEQN,2366.3,2378.7,2378.7,12.4,0.52,275,654142,2775.0,1970.0
OCCLLTD,OCCLLTDBEN,160.66,161.5,161.5,0.84,0.52,311,50226,183.03,75.71
AGARIND,AGARINDEQN,471.8,474.25,474.25,2.45,0.52,50,23712,1006.0,360.0
CRIZAC,CRIZACEQN,177.08,178.0,178.0,0.92,0.52,101,17978,387.95,170.29
GAYAHWS,GAYAHWSEQN,1.93,1.94,1.94,0.01,0.52,687,1332,4.76,1.51
ARKADE,ARKADEEQN,126.35,127.0,127.0,0.65,0.51,1887,239649,188.25,92.62
AGARWALEYE,AGARWALEYEEQN,500.4,502.95,502.95,2.55,0.51,162,81477,568.0,401.0
SUNTECK,SUNTECKEQN,314.0,315.6,315.6,1.6,0.51,788,248692,473.0,270.75
GULPOLY,GULPOLYEQN,196.25,197.26,197.26,1.01,0.51,128,25249,227.63,121.5
TVSELECT,TVSELECTEQN,440.0,442.25,442.25,2.25,0.51,41,18132,739.35,336.2
KUANTUM,KUANTUMEQN,72.12,72.49,72.49,0.37,0.51,439,31823,122.09,65.01
YATRA,YATRAEQN,113.92,114.5,114.5,0.58,0.51,1144,130988,202.0,89.9
GHCL,GHCLEQN,440.8,443.05,443.05,2.25,0.51,151,66900,667.2,416.6
SHARDAMOTR,SHARDAMOTREQN,874.35,878.85,878.85,4.5,0.51,74,65034,1189.9,700.0
RUCHIRA,RUCHIRAEQN,103.45,103.98,103.98,0.53,0.51,143,14869,173.0,95.17
INDSWFTLAB,INDSWFTLABEQN,324.38,326.0,326.0,1.62,0.5,1899,619074,351.3,87.15
NTPC,NTPCEQN,339.85,341.55,341.55,1.7,0.5,16693,5701494,414.4,315.55
ZENSARTECH,ZENSARTECHEQN,472.1,474.45,474.45,2.35,0.5,1528,724959,868.95,423.0
JINDRILL,JINDRILLEQN,615.9,619.0,619.0,3.1,0.5,246,152274,693.5,440.1
TBOTEK,TBOTEKEQN,1725.1,1733.7,1733.7,8.6,0.5,35,60679,1764.8,1004.2
SJS,SJSEQN,2551.3,2564.0,2564.0,12.7,0.5,137,351268,2590.0,1285.9
STEELCAS,STEELCASEQN,338.95,340.65,340.65,1.7,0.5,264,89931,364.0,176.02
RAILTEL,RAILTELEQN,280.8,282.2,282.2,1.4,0.5,2084,588104,412.9,245.0
UNIPARTS,UNIPARTSEQN,825.6,829.75,829.75,4.15,0.5,157,130270,844.9,391.8
GLOBUSSPR,GLOBUSSPREQN,917.7,922.25,922.25,4.55,0.5,59,54412,1254.7,800.05
ASHOKLEY,ASHOKLEYEQN,174.69,175.57,175.57,0.88,0.5,35861,6296115,215.42,125.85
GLAND,GLANDEQN,2824.6,2838.7,2838.7,14.1,0.5,459,1302963,3039.8,1573.6
REDTAPE,REDTAPEEQN,120.89,121.5,121.5,0.61,0.5,558,67797,163.5,107.53
HINDWAREAP,HINDWAREAPEQN,194.03,195.0,195.0,0.97,0.5,73,14235,392.7,170.5
APOLLO,APOLLOEQN,389.65,391.6,391.6,1.95,0.5,14699,5756128,466.5,179.5
ISGEC,ISGECEQN,764.05,767.85,767.85,3.8,0.5,10,7678,1113.9,683.95
CYBERTECH,CYBERTECHBEN,134.88,135.55,135.55,0.67,0.5,1,135,274.8,95.3
ENRIN,ENRINEQN,3389.6,3406.5,3406.5,16.9,0.5,351,1195681,3968.0,2115.0
ANTHEM,ANTHEMEQN,874.7,879.05,879.05,4.35,0.5,92,80872,904.0,579.15
GRAPHITE,GRAPHITEEQN,704.55,708.1,708.1,3.55,0.5,322,228008,802.4,505.8
DIACABS,DIACABSBEN,339.3,341.0,341.0,1.7,0.5,742,253022,379.0,115.57
DECNGOLD,DECNGOLDEQN,232.84,234.0,234.0,1.16,0.5,3043,712062,250.8,114.8
SRTL,SRTLEQN,39.79,39.99,39.99,0.2,0.5,1,39,73.36,38.0
RAYMONDLSL,RAYMONDLSLEQN,715.5,719.0,719.0,3.5,0.49,29,20851,1350.0,677.0
EIFFL,EIFFLBEN,267.8,269.1,269.1,1.3,0.49,40,10764,381.96,204.98
COCHINSHIP,COCHINSHIPEQN,1518.5,1526.0,1526.0,7.5,0.49,2606,3976756,1979.9,1187.0
ELECON,ELECONEQN,426.25,428.35,428.35,2.1,0.49,270,115654,634.9,352.0
BAJAJELEC,BAJAJELECEQN,334.35,336.0,336.0,1.65,0.49,409,137424,653.8,301.0
CREDITACC,CREDITACCEQN,1415.5,1422.5,1422.5,7.0,0.49,56,79660,1634.0,1113.0
METROBRAND,METROBRANDEQN,922.1,926.6,926.6,4.5,0.49,216,200145,1340.4,883.0
RISHABH,RISHABHEQN,688.55,691.9,691.9,3.35,0.49,271,187504,729.85,315.0
LINDEINDIA,LINDEINDIAEQN,6493.5,6525.0,6525.0,31.5,0.49,12,78300,8049.0,5673.0
MOREPENLAB,MOREPENLABEQN,93.9,94.36,94.36,0.46,0.49,23277,2196417,98.28,33.05
KNRCON,KNRCONEQN,123.79,124.4,124.4,0.61,0.49,1986,247058,220.0,108.65
NESCO,NESCOEQN,1030.9,1036.0,1036.0,5.1,0.49,1,1036,1638.9,996.0
INOXWIND,INOXWINDEQN,73.74,74.1,74.1,0.36,0.49,30597,2267237,159.3,72.7
PNBGILTS,PNBGILTSEQN,79.59,79.98,79.98,0.39,0.49,105,8397,106.0,58.6
SWARAJENG,SWARAJENGEQN,3551.7,3569.0,3569.0,17.3,0.49,9,32121,4545.0,3301.3
TITAN,TITANEQN,5124.8,5149.9,5149.9,25.1,0.49,1927,9923857,5168.0,3303.1
COROMANDEL,COROMANDELEQN,1913.6,1922.9,1922.9,9.3,0.49,333,640325,2499.0,1706.5
EASEMYTRIP,EASEMYTRIPEQN,6.11,6.14,6.14,0.03,0.49,19185,117795,10.6,5.77
NAVINFLUOR,NAVINFLUOREQN,8209.0,8249.5,8249.5,40.5,0.49,35,288732,8775.5,4498.5
LLOYDSME,LLOYDSMEEQN,1844.7,1853.7,1853.7,9.0,0.49,181,335519,2125.0,1042.9
EIEL,EIELEQN,194.71,195.65,195.65,0.94,0.48,1129,220888,276.1,134.71
TECHM,TECHMEQN,1599.9,1607.5,1607.5,7.6,0.48,5145,8270587,1854.0,1304.1
MARSONS,MARSONSEQN,123.4,123.99,123.99,0.59,0.48,8957,1110578,175.4,100.25
TIINDIA,TIINDIAEQN,2888.0,2902.0,2902.0,14.0,0.48,131,380162,3419.9,2164.9
JYOTISTRUC,JYOTISTRUCEQN,10.5,10.55,10.55,0.05,0.48,8948,94401,17.42,7.94
IOB,IOBEQN,33.03,33.19,33.19,0.16,0.48,4414,146500,41.8,31.2
STARPAPER,STARPAPEREQN,147.89,148.6,148.6,0.71,0.48,2,297,188.8,119.05
GOLDTECH,GOLDTECHBEN,51.83,52.08,52.08,0.25,0.48,1,52,72.5,29.68
SUMICHEM,SUMICHEMEQN,521.5,524.0,524.0,2.5,0.48,211,110564,617.45,362.6
RICOAUTO,RICOAUTOEQN,127.89,128.5,128.5,0.61,0.48,3326,427391,157.99,78.92
AEGISLOG,AEGISLOGEQN,1321.6,1328.0,1328.0,6.4,0.48,1619,2150032,1497.8,576.1
OBEROIRLTY,OBEROIRLTYEQN,1880.0,1889.0,1889.0,9.0,0.48,324,612036,1986.1,1391.2
HTMEDIA,HTMEDIAEQN,27.29,27.42,27.42,0.13,0.48,100,2742,31.3,17.52
MUFIN,MUFINEQN,138.02,138.67,138.67,0.65,0.47,1201,166542,141.5,82.99
JPPOWER,JPPOWEREQN,16.97,17.05,17.05,0.08,0.47,49160,838178,24.5,13.15
NH,NHEQN,1890.1,1899.0,1899.0,8.9,0.47,645,1224855,2093.3,1589.0
JMFINANCIL,JMFINANCILEQN,130.39,131.0,131.0,0.61,0.47,9392,1230352,195.6,112.0
PGHH,PGHHEQN,8089.0,8127.0,8127.0,38.0,0.47,9,73143,14509.0,8075.5
RBLBANK,RBLBANKEQN,384.0,385.8,385.8,1.8,0.47,3141,1211797,394.5,243.25
MCL,MCLEQN,57.74,58.01,58.01,0.27,0.47,981,56907,93.2,42.0
ONEPOINT,ONEPOINTEQN,55.24,55.5,55.5,0.26,0.47,1902,105561,65.85,40.58
JSWHL,JSWHLEQN,11446.0,11500.0,11500.0,54.0,0.47,3,34500,22790.0,10530.0
GRANULES,GRANULESEQN,845.95,849.95,849.95,4.0,0.47,956,812552,910.0,456.3
ABFRL,ABFRLEQN,54.48,54.73,54.73,0.25,0.46,2181,119366,94.95,53.51
FIEMIND,FIEMINDEQN,2165.6,2175.6,2175.6,10.0,0.46,69,150116,2674.8,1868.5
GESHIP,GESHIPEQN,1342.6,1348.8,1348.8,6.2,0.46,1337,1803345,1798.0,922.5
SBICARD,SBICARDEQN,651.0,654.0,654.0,3.0,0.46,1741,1138614,965.0,565.45
IDEA,IDEAEQN,15.19,15.26,15.26,0.07,0.46,3339550,50961533,15.34,6.46
KRYSTAL,KRYSTALEQN,621.05,623.9,623.9,2.85,0.46,12,7486,729.5,500.0
AMBUJACEM,AMBUJACEMEQN,413.1,415.0,415.0,1.9,0.46,2586,1073190,600.8,394.0
HAPPSTMNDS,HAPPSTMNDSEQN,445.95,448.0,448.0,2.05,0.46,3888,1741824,604.0,330.2
AGIIL,AGIILEQN,283.0,284.3,284.3,1.3,0.46,341,96946,434.4,224.7
HINDCON,HINDCONEQN,23.92,24.03,24.03,0.11,0.46,405,9732,37.75,15.66
POCL,POCLEQN,504.65,506.95,506.95,2.3,0.46,63,31937,647.6,392.2
MARKSANS,MARKSANSEQN,318.5,319.95,319.95,1.45,0.46,3584,1146700,345.5,155.0
GEOJITFSL,GEOJITFSLEQN,80.63,81.0,81.0,0.37,0.46,634,51354,85.39,50.86
MOL,MOLEQN,62.51,62.8,62.8,0.29,0.46,4360,273808,87.75,36.5
SANGAMIND,SANGAMINDEQN,564.1,566.7,566.7,2.6,0.46,109,61770,672.5,341.55
GANESHCP,GANESHCPEQN,166.23,167.0,167.0,0.77,0.46,72,12024,309.95,152.0
SAILIFE,SAILIFEEQN,1455.5,1462.0,1462.0,6.5,0.45,437,638894,1485.0,783.85
SBCL,SBCLEQN,1018.35,1022.9,1022.9,4.55,0.45,112,114564,1105.05,368.6
MASFIN,MASFINEQN,299.6,300.95,300.95,1.35,0.45,69,20765,358.85,277.35
BLS,BLSEQN,243.32,244.41,244.41,1.09,0.45,7465,1824520,392.85,218.9
FIRSTCRY,FIRSTCRYEQN,192.04,192.9,192.9,0.86,0.45,1480,285492,438.7,191.62
SBC,SBCEQN,39.91,40.09,40.09,0.18,0.45,3855,154546,45.0,18.63
TEXMOPIPES,TEXMOPIPESEQN,46.68,46.89,46.89,0.21,0.45,1,46,62.0,33.0
SIS,SISEQN,413.1,414.95,414.95,1.85,0.45,22,9128,480.95,257.05
RAYMOND,RAYMONDEQN,627.2,630.0,630.0,2.8,0.45,425,267750,658.95,320.0
GRAVITA,GRAVITAEQN,1800.4,1808.5,1808.5,8.1,0.45,331,598613,1913.6,1266.9
ARE&M,ARE&MEQN,920.85,925.0,925.0,4.15,0.45,831,768675,1057.85,670.0
POLYPLEX,POLYPLEXEQN,1180.2,1185.5,1185.5,5.3,0.45,8,9484,1264.0,740.0
CONSOFINVT,CONSOFINVTBEN,274.75,276.0,276.0,1.25,0.45,5,1380,320.0,152.0
ADSL,ADSLEQN,108.51,109.0,109.0,0.49,0.45,2721,296589,209.53,86.27
ASTEC,ASTECEQN,597.25,599.9,599.9,2.65,0.44,24,14397,941.75,513.4
ZAGGLE,ZAGGLEEQN,189.37,190.2,190.2,0.83,0.44,5920,1125984,413.7,154.36
DENTA,DENTAEQN,284.75,286.0,286.0,1.25,0.44,122,34892,479.6,222.0
EMCURE,EMCUREEQN,1846.9,1855.0,1855.0,8.1,0.44,66,122430,2048.0,1260.0
CAPINVIT,CAPINVITIVN,76.91,77.25,77.25,0.34,0.44,223,17226,79.99,67.0
YESBANK,YESBANKEQN,22.5,22.6,22.6,0.1,0.44,134806,3046615,25.78,17.2
POLICYBZR,POLICYBZREQN,1798.3,1806.3,1806.3,8.0,0.44,371,670137,1974.0,1364.0
KHAICHEM,KHAICHEMEQN,56.75,57.0,57.0,0.25,0.44,879,50103,135.8,42.92
BCG,BCGEQN,9.09,9.13,9.13,0.04,0.44,15793,144190,16.9,7.7
LEMONTREE,LEMONTREEEQN,109.21,109.69,109.69,0.48,0.44,3287,360551,180.68,99.61
PICCADIL,PICCADILEQN,676.85,679.8,679.8,2.95,0.44,7,4758,809.7,515.0
LEMERITE,LEMERITEEQN,22.9,23.0,23.0,0.1,0.44,50,1150,107.57,19.52
PSB,PSBEQN,23.34,23.44,23.44,0.1,0.43,7112,166705,32.46,20.5
IRB,IRBEQN,18.81,18.89,18.89,0.08,0.43,24270,458460,23.95,18.76
EMBDL,EMBDLEQN,62.73,63.0,63.0,0.27,0.43,1025,64575,105.7,39.46
JISLJALEQS,JISLJALEQSEQN,27.95,28.07,28.07,0.12,0.43,7148,200644,59.0,26.11
TIRUMALCHM,TIRUMALCHMEQN,157.33,158.0,158.0,0.67,0.43,5,790,328.8,143.5
ANURAS,ANURASEQN,1264.6,1270.0,1270.0,5.4,0.43,532,675640,1415.0,1045.2
CRISIL,CRISILEQN,4480.0,4499.1,4499.1,19.1,0.43,111,499400,5380.0,3686.0
JAYSREETEA,JAYSREETEAEQN,106.57,107.02,107.02,0.45,0.42,181,19370,108.54,70.55
GREENPANEL,GREENPANELEQN,156.34,157.0,157.0,0.66,0.42,5,785,333.8,155.01
SIGNATURE,SIGNATUREEQN,790.6,793.9,793.9,3.3,0.42,98,77802,1158.0,705.2
JAYBARMARU,JAYBARMARUEQN,122.98,123.5,123.5,0.52,0.42,14,1729,207.0,74.15
IFCI,IFCIEQN,83.25,83.6,83.6,0.35,0.42,77030,6439708,95.8,46.23
HUDCO,HUDCOEQN,186.22,187.0,187.0,0.78,0.42,1981,370447,246.85,159.0
DATAMATICS,DATAMATICSEQN,799.2,802.55,802.55,3.35,0.42,7,5617,1054.0,632.0
CRAFTSMAN,CRAFTSMANEQN,10375.0,10419.0,10419.0,44.0,0.42,35,364665,10960.0,6324.0
VOLTAMP,VOLTAMPEQN,10974.0,11020.0,11020.0,46.0,0.42,57,628140,12863.0,6666.0
FDC,FDCEQN,343.65,345.1,345.1,1.45,0.42,185,63843,527.8,312.95
VIKRAMSOLR,VIKRAMSOLREQN,169.99,170.7,170.7,0.71,0.42,2098,358128,407.95,155.38
IGIL,IGILEQN,343.95,345.35,345.35,1.4,0.41,117,40405,392.0,287.0
GODAVARIB,GODAVARIBEQN,241.2,242.2,242.2,1.0,0.41,101,24462,353.0,227.42
PPLPHARMA,PPLPHARMAEQN,207.71,208.56,208.56,0.85,0.41,5372,1120384,220.36,132.3
MFSL,MFSLEQN,1592.5,1599.1,1599.1,6.6,0.41,281,449347,1892.5,1433.6
HUBTOWN,HUBTOWNEQN,188.64,189.41,189.41,0.77,0.41,200,37882,365.7,168.15
RUBFILA,RUBFILAEQN,65.43,65.7,65.7,0.27,0.41,1000,65700,89.24,57.31
SANDHAR,SANDHAREQN,679.0,681.75,681.75,2.75,0.41,12,8181,763.2,420.45
PVRINOX,PVRINOXEQN,1231.0,1236.0,1236.0,5.0,0.41,970,1198920,1284.5,907.4
KFINTECH,KFINTECHEQN,966.0,969.95,969.95,3.95,0.41,1308,1268694,1215.0,784.95
KPIL,KPILEQN,1384.4,1390.1,1390.1,5.7,0.41,66,91746,1479.6,1007.1
BANKBARODA,BANKBARODAEQN,241.0,242.0,242.0,1.0,0.41,13320,3223440,325.5,230.81
ADANIENT,ADANIENTEQN,3110.0,3122.8,3122.8,12.8,0.41,4791,14961334,3245.0,1753.0
SOBHA,SOBHAEQN,1279.7,1285.0,1285.0,5.3,0.41,612,786420,1732.0,1130.0
HEMIPROP,HEMIPROPEQN,130.56,131.1,131.1,0.54,0.41,82,10750,190.69,111.2
GSFC,GSFCEQN,159.16,159.82,159.82,0.66,0.41,3891,621859,220.59,138.83
AXISBANK,AXISBANKEQN,1235.0,1240.1,1240.1,5.1,0.41,12075,14974207,1418.3,1042.5
SPIC,SPICEQN,70.51,70.8,70.8,0.29,0.41,977,69171,128.2,55.1
JIOFIN,JIOFINEQN,243.15,244.15,244.15,1.0,0.41,36664,8951515,322.35,223.3
FIVESTAR,FIVESTAREQN,501.0,503.05,503.05,2.05,0.41,380,191159,666.0,338.15
CANFINHOME,CANFINHOMEEQN,805.4,808.7,808.7,3.3,0.41,87,70356,971.5,708.6
ICEMAKE,ICEMAKEEQN,726.15,729.1,729.1,2.95,0.41,11,8020,920.0,660.3
ABREL,ABRELEQN,1408.0,1413.8,1413.8,5.8,0.41,49,69276,1965.3,1080.1
VHL,VHLEQN,3446.1,3460.0,3460.0,13.9,0.4,1,3460,4275.0,2870.0
HIRECT,HIRECTEQN,1235.4,1240.4,1240.4,5.0,0.4,23,28529,1399.0,565.2
MEDANTA,MEDANTAEQN,1404.4,1410.0,1410.0,5.6,0.4,75,105750,1491.0,956.0
WEBELSOLAR,WEBELSOLAREQN,79.69,80.01,80.01,0.32,0.4,7500,600075,141.5,50.4
NETWORK18,NETWORK18EQN,30.36,30.48,30.48,0.12,0.4,3245,98907,58.1,27.38
GRSE,GRSEEQN,2607.5,2617.9,2617.9,10.4,0.4,2149,5625867,3339.0,1963.7
SDBL,SDBLEQN,72.73,73.02,73.02,0.29,0.4,249,18181,142.6,61.8
TATAINVEST,TATAINVESTEQN,644.35,646.9,646.9,2.55,0.4,596,385552,1184.7,538.85
BOMDYEING,BOMDYEINGEQN,110.26,110.7,110.7,0.44,0.4,945,104611,195.45,92.0
COFFEEDAY,COFFEEDAYBEN,30.18,30.3,30.3,0.12,0.4,241,7302,51.46,21.0
CEMPRO,CEMPROEQN,1279.9,1285.0,1285.0,5.1,0.4,133,170905,1649.2,503.3
CCAVENUE,CCAVENUEEQN,15.06,15.12,15.12,0.06,0.4,18338,277270,20.5,12.92
PANACEABIO,PANACEABIOEQN,405.9,407.5,407.5,1.6,0.39,11,4482,647.0,292.4
TCS,TCSEQN,2296.2,2305.1,2305.1,8.9,0.39,7457,17189130,3350.0,1976.8
BRIGADE,BRIGADEEQN,660.9,663.5,663.5,2.6,0.39,682,452507,802.01,450.75
DHANBANK,DHANBANKEQN,33.12,33.25,33.25,0.13,0.39,715,23773,36.85,19.45
KIOCL,KIOCLEQN,379.8,381.3,381.3,1.5,0.39,111,42324,634.55,290.65
TATACHEM,TATACHEMEQN,626.35,628.8,628.8,2.45,0.39,636,399916,1026.65,580.3
EMSLIMITED,EMSLIMITEDEQN,381.05,382.55,382.55,1.5,0.39,223,85308,593.85,256.05
PGINVIT,PGINVITIVN,100.5,100.89,100.89,0.39,0.39,4320,435844,102.0,86.3
MIDHANI,MIDHANIEQN,414.4,416.0,416.0,1.6,0.39,1027,427232,456.6,266.65
ATHERENERG,ATHERENERGEQN,1439.4,1445.0,1445.0,5.6,0.39,5481,7920045,1580.0,413.3
LLOYDSENT,LLOYDSENTEQN,74.07,74.35,74.35,0.28,0.38,4286,318664,84.7,40.69
DAMCAPITAL,DAMCAPITALEQN,149.38,149.95,149.95,0.57,0.38,337,50533,286.0,119.22
PRECAM,PRECAMEQN,130.41,130.9,130.9,0.49,0.38,200,26180,262.0,103.98
LTF,LTFEQN,319.5,320.7,320.7,1.2,0.38,3737,1198455,338.6,215.26
AVANTEL,AVANTELEQN,157.78,158.38,158.38,0.6,0.38,1674,265128,215.0,117.05
SHANTIGOLD,SHANTIGOLDEQN,263.96,264.95,264.95,0.99,0.38,6981,1849615,280.75,155.0
BIRLANU,BIRLANUEQN,1529.2,1535.0,1535.0,5.8,0.38,2,3070,2086.9,1190.1
GILLETTE,GILLETTEEQN,7439.0,7467.0,7467.0,28.0,0.38,40,298680,10740.0,7206.0
KARURVYSYA,KARURVYSYAEQN,346.0,347.3,347.3,1.3,0.38,2645,918608,351.8,201.82
AARTIPHARM,AARTIPHARMEQN,834.95,838.0,838.0,3.05,0.37,1014,849732,946.1,585.0
JKLAKSHMI,JKLAKSHMIEQN,542.45,544.45,544.45,2.0,0.37,145,78945,989.8,540.45
DALMIASUG,DALMIASUGEQN,470.25,472.0,472.0,1.75,0.37,220,103840,520.0,261.4
FEDERALBNK,FEDERALBNKEQN,346.95,348.25,348.25,1.3,0.37,23673,8244122,371.7,188.4
PNCINFRA,PNCINFRAEQN,203.15,203.9,203.9,0.75,0.37,295,60150,325.0,158.17
INDIGOPNTS,INDIGOPNTSEQN,1135.9,1140.1,1140.1,4.2,0.37,47,53584,1345.9,708.05
SFL,SFLEQN,646.55,648.95,648.95,2.4,0.37,22,14276,832.45,456.8
ANGELONE,ANGELONEEQN,300.9,302.0,302.0,1.1,0.37,35299,10660298,360.45,208.63
VIKRAN,VIKRANEQN,59.98,60.2,60.2,0.22,0.37,10305,620361,118.4,51.1
ARTEMISMED,ARTEMISMEDEQN,323.7,324.9,324.9,1.2,0.37,1023,332372,333.7,203.35
KEC,KECEQN,426.35,427.9,427.9,1.55,0.36,1144,489517,937.8,418.0
NAM-INDIA,NAM-INDIAEQN,1224.4,1228.8,1228.8,4.4,0.36,1338,1644134,1269.5,780.25
PHOENIXLTD,PHOENIXLTDEQN,1930.0,1937.0,1937.0,7.0,0.36,210,406770,2169.8,1465.6
INOXINDIA,INOXINDIAEQN,1900.0,1906.9,1906.9,6.9,0.36,112,213572,2119.8,1068.2
IVALUE,IVALUEEQN,280.9,281.9,281.9,1.0,0.36,141,39747,340.0,207.35
HARIOMPIPE,HARIOMPIPEEQN,348.95,350.2,350.2,1.25,0.36,302,105760,572.2,268.05
ARIHANTCAP,ARIHANTCAPEQN,78.19,78.46,78.46,0.27,0.35,304,23851,120.0,56.97
ZOTA,ZOTAEQN,1076.8,1080.6,1080.6,3.8,0.35,7,7564,1740.0,1026.2
SPANDANA,SPANDANAEQN,242.3,243.15,243.15,0.85,0.35,82,19938,319.4,181.1
ULTRACEMCO,ULTRACEMCOEQN,11540.0,11580.0,11580.0,40.0,0.35,372,4307760,13110.0,10325.0
MANAKCOAT,MANAKCOATEQN,124.09,124.52,124.52,0.43,0.35,11,1369,182.82,94.2
DIAMONDYD,DIAMONDYDEQN,1165.2,1169.3,1169.3,4.1,0.35,2,2338,1245.0,858.9
PARKHOTELS,PARKHOTELSEQN,115.79,116.2,116.2,0.41,0.35,63,7320,164.1,95.1
SPMLINFRA,SPMLINFRAEQN,188.13,188.79,188.79,0.66,0.35,1,188,302.0,151.01
MMFL,MMFLEQN,629.95,632.15,632.15,2.2,0.35,9,5689,687.95,288.1
SONATSOFTW,SONATSOFTWEQN,298.45,299.5,299.5,1.05,0.35,1277,382461,421.5,207.15
SEAMECLTD,SEAMECLTDEQN,1649.6,1655.3,1655.3,5.7,0.35,2,3310,1719.9,771.75
SIYSIL,SIYSILEQN,567.2,569.2,569.2,2.0,0.35,202,114978,848.8,433.35
TANLA,TANLAEQN,556.05,558.0,558.0,1.95,0.35,719,401202,766.0,365.9
TATAELXSI,TATAELXSIEQN,3665.9,3678.9,3678.9,13.0,0.35,446,1640789,5950.0,3353.9
IPCALAB,IPCALABEQN,1928.5,1935.2,1935.2,6.7,0.35,793,1534613,1958.6,1251.6
POLYCAB,POLYCABEQN,9098.0,9130.0,9130.0,32.0,0.35,302,2757260,10126.0,6663.0
IRISDOREME,IRISDOREMEEQN,56.89,57.09,57.09,0.2,0.35,376,21465,60.2,26.35
VINATIORGA,VINATIORGAEQN,1333.2,1337.8,1337.8,4.6,0.35,36,48160,1849.9,1203.0
SEPC,SEPCEQN,5.77,5.79,5.79,0.02,0.35,10409,60268,13.73,4.65
BUTTERFLY,BUTTERFLYEQN,632.7,634.9,634.9,2.2,0.35,1,634,823.85,565.8
BRIGHOTEL,BRIGHOTELEQN,59.35,59.56,59.56,0.21,0.35,563,33532,89.4,54.36
SAKAR,SAKAREQN,884.85,887.95,887.95,3.1,0.35,58,51501,980.0,321.05
EKC,EKCEQN,111.21,111.6,111.6,0.39,0.35,25,2790,154.55,90.25
SIMPLEXINF,SIMPLEXINFEQN,248.72,249.59,249.59,0.87,0.35,1,249,330.0,137.0
KECL,KECLEQN,129.03,129.48,129.48,0.45,0.35,6,776,155.0,75.47
ABDL,ABDLEQN,633.45,635.65,635.65,2.2,0.35,584,371219,711.7,382.1
GRADIENTE,GRADIENTEEQN,2.84,2.85,2.85,0.01,0.35,28376,80871,9.4,2.08
KOVAI,KOVAIEQN,5985.5,6006.5,6006.5,21.0,0.35,2,12013,6340.0,5275.5
HYUNDAI,HYUNDAIEQN,2232.5,2240.0,2240.0,7.5,0.34,1981,4437440,2890.0,1658.0
PARAS,PARASEQN,1445.2,1450.1,1450.1,4.9,0.34,3612,5237761,1585.0,580.5
LIBERTSHOE,LIBERTSHOEEQN,247.15,248.0,248.0,0.85,0.34,5,1240,404.95,210.5
ELECTCAST,ELECTCASTEQN,76.59,76.85,76.85,0.26,0.34,2238,171990,104.4,60.15
SCHAEFFLER,SCHAEFFLEREQN,4002.5,4016.0,4016.0,13.5,0.34,14,56224,4467.7,3518.4
BOROSCI,BOROSCIEQN,125.47,125.9,125.9,0.43,0.34,36,4532,180.8,96.64
VAKRANGEE,VAKRANGEEEQN,5.92,5.94,5.94,0.02,0.34,526,3124,9.77,4.61
BSOFT,BSOFTEQN,291.0,292.0,292.0,1.0,0.34,2525,737300,474.0,270.2
DBREALTY,DBREALTYEQN,107.28,107.65,107.65,0.37,0.34,1170,125950,184.8,83.5
CELLO,CELLOEQN,354.5,355.7,355.7,1.2,0.34,111,39482,673.8,336.6
DMART,DMARTEQN,3909.6,3922.9,3922.9,13.3,0.34,267,1047414,4949.5,3529.0
SETCO,SETCOBEN,17.54,17.6,17.6,0.06,0.34,34,598,28.62,11.56
BCLIND,BCLINDEQN,37.71,37.84,37.84,0.13,0.34,442,16725,44.9,25.53
EXICOM,EXICOMEQN,157.36,157.88,157.88,0.52,0.33,700,110516,182.9,75.6
KROSS,KROSSEQN,209.11,209.79,209.79,0.68,0.33,226,47412,237.6,150.52
ELANTAS,ELANTASEQN,11660.0,11699.0,11699.0,39.0,0.33,17,198883,13200.0,8900.0
RKFORGE,RKFORGEEQN,721.1,723.5,723.5,2.4,0.33,795,575182,772.8,460.15
ROSSARI,ROSSARIEQN,503.35,505.0,505.0,1.65,0.33,11,5555,690.3,375.0
SUNFLAG,SUNFLAGEQN,348.35,349.5,349.5,1.15,0.33,96,33552,428.0,192.15
EXXARO,EXXAROEQN,6.13,6.15,6.15,0.02,0.33,30,184,10.33,5.99
MOTHERSON,MOTHERSONEQN,166.45,167.0,167.0,0.55,0.33,19184,3203728,173.27,91.1
DATAPATTNS,DATAPATTNSEQN,4542.3,4557.5,4557.5,15.2,0.33,2223,10131322,5000.0,2131.0
DJML,DJMLEQN,73.26,73.5,73.5,0.24,0.33,2794,205359,124.8,52.0
ONESOURCE,ONESOURCEEQN,1516.1,1521.0,1521.0,4.9,0.32,58,88218,1925.0,1057.0
SMARTWORKS,SMARTWORKSEQN,540.25,542.0,542.0,1.75,0.32,74,40108,619.0,361.5
5PAISA,5PAISAEQN,380.65,381.85,381.85,1.2,0.32,5,1909,416.95,245.5
LATENTVIEW,LATENTVIEWEQN,279.35,280.25,280.25,0.9,0.32,993,278288,517.5,248.0
GHCLTEXTIL,GHCLTEXTILEQN,125.6,126.0,126.0,0.4,0.32,231,29106,129.44,65.26
RGL,RGLEQN,132.87,133.3,133.3,0.43,0.32,155,20661,147.9,85.0
SBIN,SBINEQN,1048.0,1051.4,1051.4,3.4,0.32,54482,57282374,1234.7,798.5
GREENPOWER,GREENPOWEREQN,9.42,9.45,9.45,0.03,0.32,4150,39217,14.93,7.98
KIRLOSBROS,KIRLOSBROSEQN,1899.0,1905.0,1905.0,6.0,0.32,146,278130,2189.2,1335.0
BLIL,BLILEQN,71.9,72.13,72.13,0.23,0.32,91,6563,79.5,67.0
NIITLTD,NIITLTDEQN,102.68,103.0,103.0,0.32,0.31,3071,316313,116.4,49.0
JSWINFRA,JSWINFRAEQN,343.95,345.0,345.0,1.05,0.31,3053,1053285,355.8,233.42
SBILIFE,SBILIFEEQN,1755.0,1760.5,1760.5,5.5,0.31,1859,3272769,2132.0,1700.4
ADANIPOWER,ADANIPOWEREQN,206.33,206.96,206.96,0.63,0.31,47344,9798314,254.2,116.7
FORTIS,FORTISEQN,923.95,926.85,926.85,2.9,0.31,1341,1242905,1104.3,766.8
RIIL,RIILEQN,763.55,765.95,765.95,2.4,0.31,277,212168,964.9,617.35
SURYODAY,SURYODAYEQN,151.02,151.49,151.49,0.47,0.31,117,17724,218.0,115.41
DEVIT,DEVITEQN,25.41,25.49,25.49,0.08,0.31,22,560,47.99,22.25
HAVELLS,HAVELLSEQN,1269.1,1273.0,1273.0,3.9,0.31,357,454461,1621.1,1123.6
LLOYDSENGG,LLOYDSENGGEQN,85.73,86.0,86.0,0.27,0.31,8557,735902,99.75,37.4
CLEANMAX,CLEANMAXEQN,1233.7,1237.5,1237.5,3.8,0.31,67,82912,1536.0,727.1
SHRINGARMS,SHRINGARMSEQN,226.3,227.0,227.0,0.7,0.31,67,15209,266.5,166.0
GMMPFAUDLR,GMMPFAUDLREQN,1004.9,1008.0,1008.0,3.1,0.31,114,114912,1307.5,735.0
AXISCADES,AXISCADESEQN,1604.1,1609.0,1609.0,4.9,0.31,38,61142,2211.0,1063.3
3BBLACKBIO,3BBLACKBIOEQN,1262.4,1266.3,1266.3,3.9,0.31,20,25326,1441.5,1085.0
GARUDA,GARUDAEQN,183.15,183.7,183.7,0.55,0.3,245,45006,249.3,130.0
ADVANIHOTR,ADVANIHOTREQN,50.34,50.49,50.49,0.15,0.3,27,1363,65.5,47.0
IRCTC,IRCTCEQN,482.55,484.0,484.0,1.45,0.3,4974,2407416,739.0,481.0
KIMS,KIMSEQN,772.5,774.8,774.8,2.3,0.3,341,264206,858.0,575.8
HUHTAMAKI,HUHTAMAKIEQN,267.4,268.2,268.2,0.8,0.3,380,101916,330.0,148.6
HINDUNILVR,HINDUNILVREQN,2024.2,2030.3,2030.3,6.1,0.3,2958,6005627,2750.0,2006.2
HCG,HCGEQN,724.85,727.0,727.0,2.15,0.3,14,10178,796.68,513.3
BLUEJET,BLUEJETEQN,589.15,590.9,590.9,1.75,0.3,940,555446,761.45,325.0
HATSUN,HATSUNEQN,1030.5,1033.55,1033.55,3.05,0.3,7,7234,1179.0,855.3
CHAMBLFERT,CHAMBLFERTEQN,427.6,428.9,428.9,1.3,0.3,2564,1099699,580.7,399.75
ACI,ACIEQN,499.25,500.75,500.75,1.5,0.3,87,43565,726.0,483.0
CUPID,CUPIDEQN,281.76,282.61,282.61,0.85,0.3,28662,8100167,299.0,32.87
INDIGRID,INDIGRIDIVN,174.97,175.5,175.5,0.53,0.3,1215,213232,180.9,159.26
CENTURYPLY,CENTURYPLYEQN,757.55,759.85,759.85,2.3,0.3,108,82063,859.0,618.5
TRAVELFOOD,TRAVELFOODEQN,1296.3,1300.0,1300.0,3.7,0.29,43,55900,1470.9,1035.3
CYIENTDLM,CYIENTDLMEQN,769.35,771.6,771.6,2.25,0.29,1055,814038,778.0,265.2
GODREJPROP,GODREJPROPEQN,2049.0,2055.0,2055.0,6.0,0.29,803,1650165,2352.0,1434.0
KIRLPNU,KIRLPNUEQN,721.9,724.0,724.0,2.1,0.29,15,10860,1098.55,495.05
IRBINVIT,IRBINVITIVN,64.76,64.95,64.95,0.19,0.29,6116,397234,65.0,57.05
BANDHANBNK,BANDHANBNKEQN,173.5,174.0,174.0,0.5,0.29,3561,619614,220.76,134.25
OPTIFIN,OPTIFINEQN,13.89,13.93,13.93,0.04,0.29,1750,24377,14.44,11.25
EUROPRATIK,EUROPRATIKEQN,261.25,262.0,262.0,0.75,0.29,120,31440,390.0,205.1
KSHINTL,KSHINTLEQN,970.2,973.0,973.0,2.8,0.29,449,436877,1059.9,330.0
TARC,TARCEQN,120.76,121.1,121.1,0.34,0.28,68,8234,186.3,109.1
INOXGREEN,INOXGREENEQN,173.51,174.0,174.0,0.49,0.28,84,14616,279.0,132.58
NEWGEN,NEWGENEQN,525.55,527.0,527.0,1.45,0.28,1004,529108,1041.95,401.05
CHOICEIN,CHOICEINEQN,788.75,790.95,790.95,2.2,0.28,655,518072,860.5,568.7
SHILPAMED,SHILPAMEDEQN,861.55,864.0,864.0,2.45,0.28,2345,2026080,869.0,259.5
KTKBANK,KTKBANKEQN,334.6,335.55,335.55,0.95,0.28,5145,1726404,338.25,169.12
AEGISVOPAK,AEGISVOPAKEQN,267.7,268.45,268.45,0.75,0.28,301,80803,311.49,158.0
NCC,NCCEQN,148.31,148.72,148.72,0.41,0.28,3328,494940,222.31,130.0
PTC,PTCEQN,158.05,158.5,158.5,0.45,0.28,784,124264,229.51,149.59
PCBL,PCBLEQN,321.1,322.0,322.0,0.9,0.28,646,208012,425.95,226.5
NAZARA,NAZARAEQN,358.0,359.0,359.0,1.0,0.28,6904,2478536,365.0,215.7
HCLTECH,HCLTECHEQN,1315.8,1319.5,1319.5,3.7,0.28,3636,4797702,1780.1,1030.0
TATACONSUM,TATACONSUMEQN,1060.5,1063.5,1063.5,3.0,0.28,2133,2268445,1282.7,1007.2
BERGEPAINT,BERGEPAINTEQN,509.85,511.3,511.3,1.45,0.28,1027,525105,594.55,391.1
EMPIND,EMPINDEQN,1207.6,1211.0,1211.0,3.4,0.28,2,2422,1234.0,1065.6
HONASA,HONASAEQN,485.5,486.85,486.85,1.35,0.28,3551,1728804,509.8,248.4
WAAREERTL,WAAREERTLEQN,871.25,873.7,873.7,2.45,0.28,94,82127,1358.0,779.5
BEML,BEMLEQN,1923.0,1928.4,1928.4,5.4,0.28,539,1039407,2275.75,1355.0
VOGL,VOGLEQN,38.95,39.06,39.06,0.11,0.28,66696,2605145,47.6,30.42
DHOOTTRANS,DHOOTTRANSEQN,1521.75,1526.05,1526.05,4.3,0.28,5828,8893819,1541.1,1131.0
BALAMINES,BALAMINESEQN,2343.6,2350.0,2350.0,6.4,0.27,1274,2993900,2443.6,968.1
TTML,TTMLEQN,37.55,37.65,37.65,0.1,0.27,7933,298677,60.62,31.22
DBCORP,DBCORPEQN,205.43,205.99,205.99,0.56,0.27,24,4943,287.9,184.51
FUSION,FUSIONEQN,200.05,200.6,200.6,0.55,0.27,319,63991,243.0,136.5
LGEINDIA,LGEINDIAEQN,1690.4,1695.0,1695.0,4.6,0.27,862,1461090,1755.0,1304.1
ACSTECH,ACSTECHBEN,50.96,51.1,51.1,0.14,0.27,1,51,0.0,0.0
WAAREEENER,WAAREEENEREQN,2655.0,2662.0,2662.0,7.0,0.26,632,1682384,3865.0,2403.0
NSIL,NSILEQN,5685.5,5700.0,5700.0,14.5,0.26,1,5700,8730.0,4700.0
360ONE,360ONEEQN,1210.0,1213.2,1213.2,3.2,0.26,787,954788,1236.2,906.05
LAURUSLABS,LAURUSLABSEQN,1866.2,1871.1,1871.1,4.9,0.26,7134,13348427,1870.8,823.1
ZYDUSLIFE,ZYDUSLIFEEQN,1124.5,1127.4,1127.4,2.9,0.26,2181,2458859,1205.0,835.5
APLLTD,APLLTDEQN,803.1,805.15,805.15,2.05,0.26,108,86956,998.0,635.8
NLCINDIA,NLCINDIAEQN,271.3,272.0,272.0,0.7,0.26,2189,595408,387.8,222.0
REDINGTON,REDINGTONEQN,352.65,353.55,353.55,0.9,0.26,7655,2706425,370.8,191.31
DEEPAKNTR,DEEPAKNTREQN,1751.0,1755.6,1755.6,4.6,0.26,234,410810,1904.4,1280.0
THEJO,THEJOEQN,2054.6,2059.9,2059.9,5.3,0.26,1,2059,2286.6,1443.6
TAC,TACSTN,421.6,422.7,422.7,1.1,0.26,2800,1183560,899.65,347.4
VAML,VAMLEQN,447.85,449.0,449.0,1.15,0.26,13803,6197547,537.0,423.15
AASTHA,AASTHAEQN,73.05,73.24,73.24,0.19,0.26,745,54563,140.01,70.0
SOUTHWEST,SOUTHWESTEQN,204.49,205.0,205.0,0.51,0.25,1589,325745,275.0,121.0
SHRIRAMFIN,SHRIRAMFINEQN,1138.5,1141.4,1141.4,2.9,0.25,5712,6519676,1153.7,566.5
CAPLIPOINT,CAPLIPOINTEQN,2471.8,2478.0,2478.0,6.2,0.25,47,116466,2699.0,1500.3
PNBHOUSING,PNBHOUSINGEQN,1182.0,1185.0,1185.0,3.0,0.25,2052,2431620,1207.0,729.6
ZUARI,ZUARIEQN,232.01,232.6,232.6,0.59,0.25,222,51637,389.6,175.1
EXIDEIND,EXIDEINDEQN,448.75,449.85,449.85,1.1,0.25,1565,704015,496.4,287.0
SUNPHARMA,SUNPHARMAEQN,1922.0,1926.9,1926.9,4.9,0.25,2462,4744027,2046.9,1548.0
COALINDIA,COALINDIAEQN,404.0,405.0,405.0,1.0,0.25,9000,3645000,491.25,368.65
DBL,DBLEQN,414.85,415.9,415.9,1.05,0.25,101,42005,585.0,381.55
DOLLAR,DOLLAREQN,274.6,275.3,275.3,0.7,0.25,1,275,396.0,220.5
MMTC,MMTCEQN,63.9,64.06,64.06,0.16,0.25,1839,117806,78.35,50.1
STLSTRINF,STLSTRINFEQN,19.97,20.02,20.02,0.05,0.25,12,240,22.78,14.59
HILTON,HILTONEQN,19.84,19.89,19.89,0.05,0.25,10,198,47.75,13.43
ENGINERSIN,ENGINERSINEQN,250.38,250.99,250.99,0.61,0.24,5861,1471052,267.0,163.55
BHEL,BHELEQN,417.0,418.0,418.0,1.0,0.24,7703,3219854,446.5,205.12
AKI,AKIEQN,4.17,4.18,4.18,0.01,0.24,1544,6453,10.48,3.8
OLECTRA,OLECTRAEQN,1291.8,1294.9,1294.9,3.1,0.24,574,743272,1714.2,866.6
VALIANTORG,VALIANTORGBEN,292.3,293.0,293.0,0.7,0.24,380,111340,397.0,195.0
SOLARA,SOLARAEQN,628.55,630.0,630.0,1.45,0.23,1475,929250,712.0,422.0
POWERINDIA,POWERINDIAEQN,33300.0,33375.0,33375.0,75.0,0.23,104,3471000,38785.0,16111.0
SURYAROSNI,SURYAROSNIEQN,220.23,220.74,220.74,0.51,0.23,1578,348327,314.5,187.35
SHAREINDIA,SHAREINDIAEQN,172.62,173.01,173.01,0.39,0.23,129,22318,211.0,115.36
TVSMOTOR,TVSMOTOREQN,4420.0,4430.0,4430.0,10.0,0.23,1775,7863250,4475.0,3228.0
SRM,SRMEQN,461.95,463.0,463.0,1.05,0.23,45,20835,649.95,361.35
KIRLFER,KIRLFEREQN,442.5,443.5,443.5,1.0,0.23,6,2661,513.0,408.0
ASAL,ASALEQN,489.75,490.9,490.9,1.15,0.23,10,4909,654.65,374.5
KOTAKBANK,KOTAKBANKEQN,401.6,402.5,402.5,0.9,0.22,85126,34263215,453.2,345.5
SUNTV,SUNTVEQN,468.9,469.95,469.95,1.05,0.22,345,162132,660.7,465.6
TITAGARH,TITAGARHEQN,832.2,834.0,834.0,1.8,0.22,900,750600,971.0,568.7
MAWANASUG,MAWANASUGEQN,143.68,144.0,144.0,0.32,0.22,402,57888,164.0,75.08
SENCO,SENCOEQN,368.65,369.45,369.45,0.8,0.22,770,284476,430.0,276.0
SAKSOFT,SAKSOFTEQN,159.59,159.94,159.94,0.35,0.22,1048,167617,226.0,107.59
CMRGREEN,CMRGREENEQN,217.92,218.4,218.4,0.48,0.22,451,98498,268.96,205.25
ITDC,ITDCEQN,681.6,683.1,683.1,1.5,0.22,665,454261,822.0,368.0
ALLDIGI,ALLDIGIEQN,814.85,816.6,816.6,1.75,0.21,1,816,1000.0,700.0
LAXMIDENTL,LAXMIDENTLEQN,193.1,193.5,193.5,0.4,0.21,14,2709,377.05,155.88
IPL,IPLEQN,139.66,139.95,139.95,0.29,0.21,166,23231,240.25,125.0
JBMA,JBMAEQN,647.55,648.9,648.9,1.35,0.21,815,528853,790.0,477.0
YATHARTH,YATHARTHEQN,923.05,925.0,925.0,1.95,0.21,1693,1566025,938.8,538.25
WABAG,WABAGEQN,2021.5,2025.7,2025.7,4.2,0.21,1144,2317400,2253.5,1033.0
KEI,KEIEQN,5588.0,5600.0,5600.0,12.0,0.21,1327,7431200,5899.0,3728.7
RRKABEL,RRKABELEQN,2801.2,2807.0,2807.0,5.8,0.21,204,572628,2983.8,1165.0
IDFCFIRSTB,IDFCFIRSTBEQN,85.0,85.18,85.18,0.18,0.21,18568,1581622,88.76,58.08
IGL,IGLEQN,148.68,148.99,148.99,0.31,0.21,3573,532341,223.5,141.74
FRACTAL,FRACTALEQN,834.2,835.95,835.95,1.75,0.21,175,146291,1118.0,733.7
EPACKPEB,EPACKPEBEQN,236.1,236.6,236.6,0.5,0.21,357,84466,344.0,132.17
PREMEXPLN,PREMEXPLNEQN,665.55,666.9,666.9,1.35,0.2,112,74692,829.8,378.4
PTCIL,PTCILEQN,21116.0,21158.0,21158.0,42.0,0.2,42,888636,21800.0,13400.0
SKYGOLD,SKYGOLDEQN,842.3,844.0,844.0,1.7,0.2,2985,2519340,849.9,259.0
ITI,ITIEQN,278.15,278.7,278.7,0.55,0.2,490,136563,372.85,237.0
ACE,ACEEQN,1154.8,1157.1,1157.1,2.3,0.2,380,439698,1196.0,745.1
EMAMILTD,EMAMILTDEQN,402.7,403.5,403.5,0.8,0.2,118,47613,618.0,376.4
VTL,VTLEQN,601.35,602.55,602.55,1.2,0.2,313,188598,688.0,385.5
DOMS,DOMSEQN,2212.3,2216.7,2216.7,4.4,0.2,13,28817,2770.0,2023.9
ACUTAAS,ACUTAASEQN,3313.4,3320.0,3320.0,6.6,0.2,292,969440,3740.0,1302.0
TRIDENT,TRIDENTEQN,24.42,24.47,24.47,0.05,0.2,10218,250034,30.94,21.98
GODREJIND,GODREJINDEQN,1165.9,1168.2,1168.2,2.3,0.2,161,188080,1443.0,744.2
HDBFS,HDBFSEQN,687.6,689.0,689.0,1.4,0.2,231,159159,802.8,555.3
RESPONIND,RESPONINDEQN,153.71,154.0,154.0,0.29,0.19,167,25718,240.9,117.25
KAYNES,KAYNESEQN,3936.0,3943.6,3943.6,7.6,0.19,1871,7378475,7705.0,2995.0
RAMCOSYS,RAMCOSYSEQN,558.15,559.2,559.2,1.05,0.19,190,106248,967.5,342.1
NILKAMAL,NILKAMALEQN,2015.9,2019.8,2019.8,3.9,0.19,115,232277,2105.0,1050.5
VRLLOG,VRLLOGEQN,289.95,290.5,290.5,0.55,0.19,126,36603,310.2,225.0
JYOTHYLAB,JYOTHYLABEQN,212.64,213.05,213.05,0.41,0.19,1073,228602,352.7,188.1
PACEDIGITK,PACEDIGITKEQN,182.26,182.6,182.6,0.34,0.19,2210,403546,231.95,139.81
SGRL,SGRLEQN,507.1,508.05,508.05,0.95,0.19,10,5080,559.5,477.05
NAVA,NAVAEQN,566.95,568.05,568.05,1.1,0.19,97,55100,739.4,501.65
AARTIDRUGS,AARTIDRUGSEQN,422.2,423.0,423.0,0.8,0.19,110,46530,534.55,318.95
MAXHEALTH,MAXHEALTHEQN,1016.0,1017.8,1017.8,1.8,0.18,3640,3704792,1252.5,903.0
FCL,FCLEQN,48.78,48.87,48.87,0.09,0.18,38650,1888825,51.38,19.1
CUB,CUBEQN,221.6,222.0,222.0,0.4,0.18,6244,1386168,245.38,145.13
FINPIPE,FINPIPEEQN,162.81,163.1,163.1,0.29,0.18,605,98675,222.5,147.54
CANTABIL,CANTABILEQN,245.14,245.59,245.59,0.45,0.18,118,28979,321.5,208.5
VEDL,VEDLEQN,275.0,275.5,275.5,0.5,0.18,30540,8413770,795.0,249.7
NHPC,NHPCEQN,76.62,76.76,76.76,0.14,0.18,15109,1159766,89.22,71.62
OSWALPUMPS,OSWALPUMPSEQN,299.45,300.0,300.0,0.55,0.18,450,135000,884.0,283.1
AEROENTER,AEROENTEREQN,140.74,141.0,141.0,0.26,0.18,277,39057,149.55,62.2
CRAMC,CRAMCEQN,256.55,257.0,257.0,0.45,0.18,2595,666915,353.4,214.2
KRISHIVAL,KRISHIVALEQN,406.25,407.0,407.0,0.75,0.18,15,6105,483.81,282.3
ITC,ITCEQN,271.4,271.85,271.85,0.45,0.17,39682,10787551,427.0,265.0
ESCORTS,ESCORTSEQN,3064.8,3070.0,3070.0,5.2,0.17,135,414450,4180.0,2700.0
HGS,HGSEQN,401.3,402.0,402.0,0.7,0.17,22,8844,556.0,342.05
GNFC,GNFCEQN,588.0,589.0,589.0,1.0,0.17,857,504773,619.0,365.0
KPITTECH,KPITTECHEQN,592.0,593.0,593.0,1.0,0.17,1614,957102,1328.0,543.0
MANORAMA,MANORAMAEQN,1914.6,1917.8,1917.8,3.2,0.17,210,402738,2043.0,1060.6
RBA,RBAEQN,106.31,106.49,106.49,0.18,0.17,6876,732225,111.15,57.15
HEIDELBERG,HEIDELBERGEQN,161.72,162.0,162.0,0.28,0.17,72,11664,220.9,136.1
OFSS,OFSSEQN,11729.0,11749.0,11749.0,20.0,0.17,220,2584780,11979.0,6234.5
CGPOWER,CGPOWEREQN,878.5,880.0,880.0,1.5,0.17,4442,3908960,980.9,525.5
PIRAMALFIN,PIRAMALFINEQN,2181.2,2185.0,2185.0,3.8,0.17,236,515660,2220.0,1260.0
WARDINMOBI,WARDINMOBIEQN,5.97,5.98,5.98,0.01,0.17,192,1148,6.8,5.25
CCHHL,CCHHLEQN,12.55,12.57,12.57,0.02,0.16,64,804,19.99,10.03
DREDGECORP,DREDGECORPEQN,1100.2,1102.0,1102.0,1.8,0.16,18,19836,1286.0,538.0
MOIL,MOILEQN,254.3,254.7,254.7,0.4,0.16,1720,438084,404.9,242.35
MRPL,MRPLEQN,171.84,172.11,172.11,0.27,0.16,8509,1464483,212.31,120.45
SRF,SRFEQN,2575.0,2579.0,2579.0,4.0,0.16,74,190846,3210.0,2355.0
MHRIL,MHRILEQN,219.1,219.46,219.46,0.36,0.16,97,21287,368.9,207.9
VOLTAS,VOLTASEQN,1243.0,1245.0,1245.0,2.0,0.16,538,669810,1582.5,1186.8
GMBREW,GMBREWEQN,887.55,889.0,889.0,1.45,0.16,8,7112,1328.8,666.05
MANAPPURAM,MANAPPURAMEQN,367.45,368.0,368.0,0.55,0.15,4871,1792528,381.55,245.15
KELLTONTEC,KELLTONTECEQN,13.63,13.65,13.65,0.02,0.15,2468,33688,28.13,13.0
NELCO,NELCOEQN,925.6,927.0,927.0,1.4,0.15,161,149247,1120.0,500.1
HINDALCO,HINDALCOEQN,1051.05,1052.65,1052.65,1.6,0.15,6943,7308548,1176.0,697.0
GRWRHITECH,GRWRHITECHEQN,7264.0,7275.0,7275.0,11.0,0.15,26,189150,7990.0,2681.0
TIIL,TIILEQN,3454.9,3460.0,3460.0,5.1,0.15,106,366760,3565.3,1868.5
HONAUT,HONAUTEQN,36740.0,36795.0,36795.0,55.0,0.15,3,110385,41495.0,26220.0
MAANALU,MAANALUEQN,118.32,118.5,118.5,0.18,0.15,3,355,184.74,100.0
SUMEETINDS,SUMEETINDSEQN,12.95,12.97,12.97,0.02,0.15,113,1465,35.67,12.24
NGLFINE,NGLFINEEQN,2803.8,2808.0,2808.0,4.2,0.15,8,22464,3602.0,1271.0
FSL,FSLEQN,275.4,275.8,275.8,0.4,0.15,1308,360746,381.4,202.0
WELENT,WELENTEQN,661.0,662.0,662.0,1.0,0.15,1383,915546,669.7,412.0
DABUR,DABUREQN,395.05,395.6,395.6,0.55,0.14,5509,2179360,577.0,392.15
AUROPHARMA,AUROPHARMAEQN,1617.8,1620.0,1620.0,2.2,0.14,353,571860,1682.4,1016.1
PATELENG,PATELENGEQN,28.34,28.38,28.38,0.04,0.14,9603,272533,41.13,22.0
INDIAGLYCO,INDIAGLYCOEQN,1170.5,1172.1,1172.1,1.6,0.14,128,150028,1222.0,792.5
BIOCON,BIOCONEQN,417.2,417.8,417.8,0.6,0.14,7337,3065398,447.15,337.05
AEQUS,AEQUSEQN,255.2,255.55,255.55,0.35,0.14,3277,837437,274.39,113.3
VADILALIND,VADILALINDEQN,7437.5,7448.0,7448.0,10.5,0.14,1,7448,8447.0,3996.0
PETRONET,PETRONETEQN,292.5,292.9,292.9,0.4,0.14,3709,1086366,326.4,235.35
SULA,SULAEQN,146.79,146.99,146.99,0.2,0.14,450,66145,296.8,138.6
HARRMALAYA,HARRMALAYAEQN,198.85,199.11,199.11,0.26,0.13,10,1991,237.9,153.66
PENIND,PENINDEQN,157.34,157.55,157.55,0.21,0.13,254,40017,279.9,129.1
VSSL,VSSLEQN,344.55,345.0,345.0,0.45,0.13,318,109710,375.95,206.4
MAITHANALL,MAITHANALLEQN,988.75,990.0,990.0,1.25,0.13,46,45540,1210.1,831.2
AAVAS,AAVASEQN,1313.2,1314.9,1314.9,1.7,0.13,50,65745,1771.9,1060.4
ICICIPRULI,ICICIPRULIEQN,510.0,510.65,510.65,0.65,0.13,2619,1337392,706.8,459.5
BLUSPRING,BLUSPRINGEQN,126.83,127.0,127.0,0.17,0.13,2058,261366,136.67,43.98
KUSUMGAR,KUSUMGAREQN,599.2,600.0,600.0,0.8,0.13,703,421800,659.5,548.0
ORIENTCEM,ORIENTCEMEQN,130.83,131.0,131.0,0.17,0.13,150,19650,239.18,122.32
MOSCHIP,MOSCHIPEQN,205.35,205.6,205.6,0.25,0.12,1850,380360,288.45,146.8
ICIL,ICILEQN,422.5,423.0,423.0,0.5,0.12,827,349821,463.8,216.9
ICICIGI,ICICIGIEQN,1616.0,1618.0,1618.0,2.0,0.12,473,765314,2064.9,1544.6
RPEL,RPELEQN,1603.1,1605.0,1605.0,1.9,0.12,15,24075,1700.0,561.3
SIGACHI,SIGACHIEQN,33.9,33.94,33.94,0.04,0.12,25233,856408,46.73,16.65
ZENTEC,ZENTECEQN,1877.7,1879.9,1879.9,2.2,0.12,423,795197,2043.7,1223.0
MANINFRA,MANINFRAEQN,113.86,114.0,114.0,0.14,0.12,632,72048,167.0,77.12
AWHCL,AWHCLEQN,379.55,380.0,380.0,0.45,0.12,23,8740,616.0,372.5
ASTRAMICRO,ASTRAMICROEQN,1708.0,1710.0,1710.0,2.0,0.12,907,1550970,1960.0,851.0
INDOMIM,INDOMIMEQN,889.9,891.0,891.0,1.1,0.12,2140,1906740,989.9,700.0
PSPPROJECT,PSPPROJECTEQN,909.1,910.2,910.2,1.1,0.12,51,46420,1143.0,569.2
PRITIKAUTO,PRITIKAUTOBEN,17.37,17.39,17.39,0.02,0.12,25,434,20.99,10.41
CHOLAFIN,CHOLAFINEQN,1873.0,1875.0,1875.0,2.0,0.11,1503,2818125,1952.5,1299.4
SARDAEN,SARDAENEQN,506.5,507.05,507.05,0.55,0.11,182,92283,639.75,453.1
SAURASHCEM,SAURASHCEMEQN,56.94,57.0,57.0,0.06,0.11,130,7410,125.35,47.65
ACC,ACCEQN,1305.9,1307.3,1307.3,1.4,0.11,123,160797,1987.0,1251.7
HEROMOTOCO,HEROMOTOCOEQN,5624.5,5630.5,5630.5,6.0,0.11,1123,6323051,6388.5,4671.5
BLUEDART,BLUEDARTEQN,4994.5,5000.0,5000.0,5.5,0.11,11,55000,7036.0,4628.5
CANBK,CANBKEQN,128.81,128.95,128.95,0.14,0.11,43323,5586500,162.89,103.55
RITES,RITESEQN,217.69,217.93,217.93,0.24,0.11,831,181099,280.9,175.0
DWARKESH,DWARKESHEQN,53.94,54.0,54.0,0.06,0.11,8124,438696,59.9,32.13
SPORTKING,SPORTKINGEQN,228.26,228.5,228.5,0.24,0.11,2915,666077,241.51,78.17
IZMO,IZMOEQN,848.1,849.0,849.0,0.9,0.11,64,54336,1374.7,562.0
VIPIND,VIPINDEQN,299.7,300.0,300.0,0.3,0.1,1096,328800,454.3,278.25
SHARDACROP,SHARDACROPEQN,767.4,768.2,768.2,0.8,0.1,71,54542,1297.0,755.55
YASHO,YASHOEQN,4201.7,4206.0,4206.0,4.3,0.1,6,25236,4994.0,1130.0
SCODATUBES,SCODATUBESEQN,129.87,130.0,130.0,0.13,0.1,99,12870,187.7,110.0
JKIL,JKILEQN,497.05,497.55,497.55,0.5,0.1,18,8955,672.0,425.0
VENKEYS,VENKEYSEQN,1577.4,1579.0,1579.0,1.6,0.1,114,180006,1800.0,1165.0
ASTERDM,ASTERDMEQN,765.25,766.0,766.0,0.75,0.1,1337,1024142,891.3,519.1
TATACAP,TATACAPEQN,363.75,364.1,364.1,0.35,0.1,1481,539232,390.2,296.0
STLTECH,STLTECHBEN,651.35,652.0,652.0,0.65,0.1,1623,1058196,683.5,84.6
LGBBROSLTD,LGBBROSLTDEQN,1611.5,1613.0,1613.0,1.5,0.09,4,6452,2048.0,1246.5
CCL,CCLEQN,1099.0,1100.0,1100.0,1.0,0.09,168,184800,1242.2,815.5
VGUARD,VGUARDEQN,332.7,333.0,333.0,0.3,0.09,277,92241,392.2,288.8
RAMRAT,RAMRATEQN,489.55,490.0,490.0,0.45,0.09,64,31360,520.0,268.0
DIGITIDE,DIGITIDEEQN,99.91,100.0,100.0,0.09,0.09,965,96500,210.0,69.9
TEMBO,TEMBOEQN,56.3,56.35,56.35,0.05,0.09,311,17524,837.0,55.0
VMARCIND,VMARCINDSMN,390.05,390.35,390.35,0.3,0.08,1500,585525,406.0,70.0
OMAXE,OMAXEEQN,99.63,99.71,99.71,0.08,0.08,620,61820,108.61,62.5
MMP,MMPEQN,389.7,390.0,390.0,0.3,0.08,15,5850,429.95,185.2
JPOLYINVST,JPOLYINVSTEQN,953.6,954.4,954.4,0.8,0.08,10,9544,1487.7,716.05
EIHOTEL,EIHOTELEQN,302.75,303.0,303.0,0.25,0.08,15,4545,434.8,271.15
APTUS,APTUSEQN,254.4,254.6,254.6,0.2,0.08,309,78671,353.25,193.03
STOVEKRAFT,STOVEKRAFTEQN,795.4,796.0,796.0,0.6,0.08,12,9552,849.8,447.05
JINDALSTEL,JINDALSTELEQN,1154.1,1155.0,1155.0,0.9,0.08,1304,1506120,1306.2,943.3
HLEGLAS,HLEGLASEQN,315.8,316.05,316.05,0.25,0.08,136,42982,661.95,250.0
ADVENTHTL,ADVENTHTLEQN,141.83,141.95,141.95,0.12,0.08,2633,373754,345.05,120.02
ISFT,ISFTEQN,91.44,91.5,91.5,0.06,0.07,28,2562,119.07,54.05
JNKINDIA,JNKINDIAEQN,453.7,454.0,454.0,0.3,0.07,2,908,558.0,200.92
PNGJL,PNGJLEQN,605.6,606.0,606.0,0.4,0.07,95,57570,736.4,503.0
DSSL,DSSLEQN,1089.2,1090.0,1090.0,0.8,0.07,3,3270,1924.8,781.0
HDFCBANK,HDFCBANKEQN,727.5,728.0,728.0,0.5,0.07,199872,145506816,1020.5,715.1
NMDC,NMDCEQN,85.94,86.0,86.0,0.06,0.07,23725,2040350,97.49,68.19
MUKANDLTD,MUKANDLTDEQN,135.11,135.2,135.2,0.09,0.07,22,2974,154.25,114.31
LODHA,LODHAEQN,1281.1,1282.0,1282.0,0.9,0.07,5913,7580466,1344.95,650.8
KOLTEPATIL,KOLTEPATILEQN,459.45,459.75,459.75,0.3,0.07,10,4597,554.6,292.25
SMSPHARMA,SMSPHARMAEQN,356.75,357.0,357.0,0.25,0.07,170,60690,447.8,221.02
MANINDS,MANINDSEQN,711.5,712.0,712.0,0.5,0.07,685,487720,735.0,302.05
KENNAMET,KENNAMETEQN,4132.1,4135.0,4135.0,2.9,0.07,268,1108180,4260.0,2405.2
JARO,JAROEQN,468.55,468.9,468.9,0.35,0.07,536,251330,890.0,383.5
PFS,PFSEQN,27.98,28.0,28.0,0.02,0.07,650,18200,40.5,23.85
BAJAJHFL,BAJAJHFLEQN,84.02,84.07,84.07,0.05,0.06,14483,1217585,117.0,72.65
LTTS,LTTSEQN,3568.2,3570.2,3570.2,2.0,0.06,76,271335,4726.0,3010.0
SUVEN,SUVENEQN,360.05,360.25,360.25,0.2,0.06,334,120323,393.5,124.11
ESABINDIA,ESABINDIAEQN,6168.5,6172.0,6172.0,3.5,0.06,3,18516,7319.5,4710.0
RCF,RCFEQN,124.47,124.55,124.55,0.08,0.06,7895,983322,164.49,106.0
FMGOETZE,FMGOETZEEQN,534.1,534.4,534.4,0.3,0.06,12868,6876659,577.4,358.0
PFIZER,PFIZEREQN,4758.0,4761.0,4761.0,3.0,0.06,34,161874,5697.5,4360.1
CHENNPETRO,CHENNPETROEQN,1401.2,1402.1,1402.1,0.9,0.06,1570,2201297,1489.7,639.8
THERMAX,THERMAXEQN,3999.8,4002.0,4002.0,2.2,0.06,10,40020,5277.8,2742.7
DEEPINDS,DEEPINDSEQN,649.65,650.05,650.05,0.4,0.06,94,61104,720.0,330.0
MGL,MGLEQN,1101.4,1102.1,1102.1,0.7,0.06,119,131149,1378.0,900.0
QMSMEDI,QMSMEDIBEN,148.91,149.0,149.0,0.09,0.06,57,8493,155.5,68.95
CMPDI,CMPDIEQN,233.32,233.45,233.45,0.13,0.06,2623,612339,283.69,150.16
RAJRATAN,RAJRATANEQN,489.75,490.0,490.0,0.25,0.05,40,19600,563.95,305.55
TTKHLTCARE,TTKHLTCAREEQN,1093.4,1093.9,1093.9,0.5,0.05,1,1093,1216.8,735.0
PREMIERENE,PREMIERENEEQN,1036.0,1036.5,1036.5,0.5,0.05,912,945288,1134.0,660.0
AEROFLEX,AEROFLEXEQN,495.75,496.0,496.0,0.25,0.05,1259,624464,521.9,158.0
RUDRA,RUDRAEQN,21.16,21.17,21.17,0.01,0.05,104,2201,29.7,14.63
SWANCORP,SWANCORPEQN,299.4,299.55,299.55,0.15,0.05,260,77883,506.0,295.65
METROPOLIS,METROPOLISEQN,566.7,567.0,567.0,0.3,0.05,2,1134,609.05,412.25
WHEELS,WHEELSEQN,1499.3,1500.0,1500.0,0.7,0.05,211,316500,1808.0,705.85
GULFOILLUB,GULFOILLUBEQN,1154.4,1155.0,1155.0,0.6,0.05,94,108570,1329.0,865.0
ADANIGREEN,ADANIGREENEQN,1330.0,1330.6,1330.6,0.6,0.05,3726,4957815,1631.5,765.0
HPL,HPLEQN,310.25,310.4,310.4,0.15,0.05,214,66425,507.9,255.55
BLACKBUCK,BLACKBUCKEQN,601.25,601.5,601.5,0.25,0.04,260,156390,748.0,496.0
LTFOODS,LTFOODSEQN,445.8,446.0,446.0,0.2,0.04,3481,1552526,490.7,333.15
BANCOINDIA,BANCOINDIAEQN,616.75,617.0,617.0,0.25,0.04,371,228907,879.8,502.0
JYOTICNC,JYOTICNCEQN,989.95,990.35,990.35,0.4,0.04,737,729887,1055.9,580.1
ABB,ABBEQN,7627.0,7630.0,7630.0,3.0,0.04,823,6279490,7924.5,4637.5
GRASIM,GRASIMEQN,3289.6,3291.0,3291.0,1.4,0.04,1451,4775241,3411.1,2502.5
GALAXYSURF,GALAXYSURFEQN,2284.2,2285.0,2285.0,0.8,0.04,62,141670,2648.0,1510.0
NAVNETEDUL,NAVNETEDULEQN,133.45,133.51,133.51,0.06,0.04,1,133,168.5,121.5
SHAILY,SHAILYEQN,3227.6,3228.9,3228.9,1.3,0.04,230,742647,3615.2,1770.9
BBTC,BBTCEQN,1422.4,1423.0,1423.0,0.6,0.04,130,184990,2135.0,1314.6
GANESHHOU,GANESHHOUEQN,838.7,839.0,839.0,0.3,0.04,154,129206,908.4,500.0
UMAEXPORTS,UMAEXPORTSBEN,25.48,25.49,25.49,0.01,0.04,293,7468,55.9,18.12
GANECOS,GANECOSEQN,1051.6,1052.0,1052.0,0.4,0.04,11,11572,1399.0,653.55
NTPCGREEN,NTPCGREENEQN,91.65,91.68,91.68,0.03,0.03,6769,620581,119.95,84.0
ICICIBANK,ICICIBANKEQN,1422.7,1423.1,1423.1,0.4,0.03,175844,250243596,1480.0,1187.6
KINGFA,KINGFAEQN,5909.5,5911.0,5911.0,1.5,0.03,10,59110,6200.0,3649.9
VASCONEQ,VASCONEQEQN,31.0,31.01,31.01,0.01,0.03,1160,35971,74.59,26.75
ASTRAL,ASTRALEQN,1540.0,1540.5,1540.5,0.5,0.03,1743,2685091,1768.7,1311.6
WINDLAS,WINDLASEQN,990.95,991.25,991.25,0.3,0.03,4,3965,1035.9,697.4
MANALIPETC,MANALIPETCEQN,74.87,74.89,74.89,0.02,0.03,384,28757,78.72,39.13
BAJEL,BAJELEQN,188.0,188.05,188.05,0.05,0.03,193,36293,226.69,135.1
ANANDRATHI,ANANDRATHIEQN,2164.4,2165.0,2165.0,0.6,0.03,310,671150,2230.0,1353.85
KAMDHENU,KAMDHENUBEN,35.44,35.45,35.45,0.01,0.03,1116,39562,37.06,16.15
RECLTD,RECLTDEQN,326.0,326.1,326.1,0.1,0.03,4977,1622999,390.5,304.05
MERCURYEV,MERCURYEVEQN,37.4,37.41,37.41,0.01,0.03,338,12644,41.5,30.16
CPEDU,CPEDUEQN,178.04,178.1,178.1,0.06,0.03,10,1781,338.75,141.0
KLBRENG-B,KLBRENG-BEQN,393.9,394.0,394.0,0.1,0.03,9,3546,544.85,332.4
BFINVEST,BFINVESTEQN,448.95,449.1,449.1,0.15,0.03,409,183681,584.7,315.0
VEDPOWER,VEDPOWEREQN,36.93,36.94,36.94,0.01,0.03,11863,438219,49.88,33.06
VISL,VISLEQN,36.94,36.95,36.95,0.01,0.03,39224,1449326,44.78,19.06
ERIS,ERISEQN,1309.6,1310.0,1310.0,0.4,0.03,71,93010,1818.8,1200.0
BELRISE,BELRISEEQN,227.95,228.0,228.0,0.05,0.02,11262,2567736,268.2,135.16
SPARC,SPARCEQN,194.46,194.5,194.5,0.04,0.02,1321,256934,289.0,108.0
IRMENERGY,IRMENERGYEQN,277.5,277.55,277.55,0.05,0.02,20,5551,393.0,165.4
BFUTILITIE,BFUTILITIEEQN,519.9,520.0,520.0,0.1,0.02,700,364000,898.7,368.7
GRMOVER,GRMOVEREQN,89.13,89.15,89.15,0.02,0.02,171,15244,185.45,81.95
KPIGREEN,KPIGREENEQN,319.25,319.3,319.3,0.05,0.02,2637,841994,542.25,301.2
GANDHAR,GANDHAREQN,255.42,255.48,255.48,0.06,0.02,477,121863,303.17,115.0
MEDICO,MEDICOEQN,42.06,42.07,42.07,0.01,0.02,9,378,56.88,30.22
ELLEN,ELLENEQN,315.1,315.15,315.15,0.05,0.02,696,219344,559.8,175.0
TMCV,TMCVEQN,474.9,475.0,475.0,0.1,0.02,12356,5869100,509.0,306.3
SHUKRAPHAR,SHUKRAPHAREQN,44.08,44.09,44.09,0.01,0.02,5549,244655,45.78,40.06
ADFFOODS,ADFFOODSEQN,276.7,276.75,276.75,0.05,0.02,615,170201,346.95,153.1
ARDEE,ARDEEEQN,56.99,57.0,57.0,0.01,0.02,22354,1274178,73.19,56.0
QUICKHEAL,QUICKHEALBEN,140.72,140.75,140.75,0.03,0.02,10,1407,371.4,125.0
VMSTMT,VMSTMTEQN,46.99,47.0,47.0,0.01,0.02,15,705,105.0,33.5
IMAGICAA,IMAGICAAEQN,49.79,49.8,49.8,0.01,0.02,610,30378,61.9,36.84
VGL,VGLEQN,58.98,58.99,58.99,0.01,0.02,256,15101,97.0,43.7
NEPHROPLUS,NEPHROPLUSEQN,697.35,697.5,697.5,0.15,0.02,45,31387,769.75,446.0
GKSL,GKSLEQN,152.46,152.49,152.49,0.03,0.02,358,54591,162.22,98.36
ARCHIDPLY,ARCHIDPLYEQN,114.33,114.34,114.34,0.01,0.01,150,17151,124.78,60.0
KALAMANDIR,KALAMANDIREQN,86.9,86.91,86.91,0.01,0.01,1032,89691,223.03,84.5
GRINDWELL,GRINDWELLEQN,2005.8,2006.0,2006.0,0.2,0.01,52,104312,2455.0,1329.0
COLPAL,COLPALEQN,1876.8,1876.9,1876.9,0.1,0.01,584,1096109,2504.0,1782.0
GARFIBRES,GARFIBRESEQN,800.5,800.6,800.6,0.1,0.01,120,96072,863.4,579.75
BANKINDIA,BANKINDIAEQN,143.99,144.0,144.0,0.01,0.01,15326,2206944,178.36,109.85
STARHEALTH,STARHEALTHEQN,582.85,582.9,582.9,0.05,0.01,997,581151,624.9,416.55
PIDILITIND,PIDILITINDEQN,1651.1,1651.3,1651.3,0.2,0.01,846,1396999,1707.5,1259.0
VENUSPIPES,VENUSPIPESEQN,1550.0,1550.2,1550.2,0.2,0.01,108,167421,1875.0,890.0
TATACOMM,TATACOMMEQN,1699.9,1700.0,1700.0,0.1,0.01,682,1159400,2110.0,1322.5
CDSL,CDSLEQN,1394.8,1395.0,1395.0,0.2,0.01,2868,4000860,1673.7,1116.3
SEDEMAC,SEDEMACEQN,3081.8,3082.0,3082.0,0.2,0.01,242,745844,3368.9,1413.1
VMART,VMARTEQN,862.15,862.2,862.2,0.05,0.01,42,36212,888.0,457.9
PRAKASHSTL,PRAKASHSTLEQN,3.86,3.86,3.86,0.0,0.0,52,200,6.57,3.82
URJA,URJAEQN,9.28,9.28,9.28,0.0,0.0,3599,33398,14.45,8.0
COMSYN,COMSYNEQN,287.68,287.68,287.68,0.0,0.0,51,14671,298.0,133.57
SITINET,SITINETBZN,0.27,0.27,0.27,0.0,0.0,5785,1561,0.51,0.27
TRANSRAILL,TRANSRAILLEQN,467.85,467.85,467.85,0.0,0.0,1973,923068,823.0,450.05
ORCHASP,ORCHASPEQN,1.32,1.32,1.32,0.0,0.0,21922,28937,4.16,1.25
TTL,TTLEQN,6.49,6.49,6.49,0.0,0.0,10,64,11.8,5.5
SUNDARAM,SUNDARAMEQN,1.24,1.24,1.24,0.0,0.0,22150,27466,2.2,1.03
SAGARDEEP,SAGARDEEPEQN,23.66,23.66,23.66,0.0,0.0,198,4684,31.48,20.81
SURANAT&P,SURANAT&PEQN,16.24,16.24,16.24,0.0,0.0,12,194,29.27,15.5
KAPSTON,KAPSTONEQN,511.5,511.5,511.5,0.0,0.0,375,191812,600.0,158.13
SANOFICONR,SANOFICONREQN,4176.9,4176.9,4176.9,0.0,0.0,2,8353,5357.0,3975.0
RELTD,RELTDEQN,159.01,159.01,159.01,0.0,0.0,600,95406,196.45,114.77
ANTGRAPHIC,ANTGRAPHICEQN,0.73,0.73,0.73,0.0,0.0,482,351,1.22,0.64
AVL,AVLEQN,574.9,574.9,574.9,0.0,0.0,94,54040,705.0,436.55
KRITINUT,KRITINUTEQN,90.39,90.39,90.39,0.0,0.0,5,451,104.53,51.36
RPPINFRA,RPPINFRAEQN,57.88,57.88,57.88,0.0,0.0,300,17364,169.9,55.04
HECPROJECT,HECPROJECTEQN,121.21,121.21,121.21,0.0,0.0,29,3515,165.35,92.1
DRCSYSTEMS,DRCSYSTEMSEQN,12.9,12.9,12.9,0.0,0.0,206,2657,23.68,11.5
CENTEXT,CENTEXTEQN,22.18,22.18,22.18,0.0,0.0,267,5922,34.75,15.67
PCJEWELLER,PCJEWELLEREQN,11.0,11.0,11.0,0.0,0.0,2612658,28739238,15.38,7.47
OPTIEMUS,OPTIEMUSEQN,595.8,595.8,595.8,0.0,0.0,473,281813,713.0,288.0
CARRARO,CARRAROEQN,532.15,532.15,532.15,0.0,0.0,22,11707,667.55,407.4
NDL,NDLEQN,3.08,3.08,3.08,0.0,0.0,8129,25037,3.75,1.8
HAVISHA,HAVISHAEQN,1.39,1.39,1.39,0.0,0.0,112,155,2.42,1.03
STAR,STAREQN,986.6,986.6,986.6,0.0,0.0,35,34531,1231.0,768.65
REFEX,REFEXEQN,290.0,290.0,290.0,0.0,0.0,1690,490100,415.0,188.0
MCLOUD,MCLOUDEQN,29.0,29.0,29.0,0.0,0.0,619,17951,87.0,19.4
SIL,SILEQN,19.95,19.95,19.95,0.0,0.0,15,299,22.3,11.7
IVC,IVCEQN,8.08,8.08,8.08,0.0,0.0,496,4007,9.88,6.02
PFOCUS,PFOCUSEQN,302.75,302.75,302.75,0.0,0.0,365,110503,367.0,139.04
SONACOMS,SONACOMSEQN,808.8,808.8,808.8,0.0,0.0,1623,1312682,844.0,402.3
SNOWMAN,SNOWMANEQN,37.37,37.37,37.37,0.0,0.0,20,747,59.8,30.5
DOLATALGO,DOLATALGOEQN,74.49,74.49,74.49,0.0,0.0,271,20186,95.76,64.96
ALICON,ALICONEQN,697.8,697.8,697.8,0.0,0.0,102,71175,1022.0,580.0
PERSISTENT,PERSISTENTEQN,5655.0,5655.0,5655.0,0.0,0.0,210,1187550,6599.0,4244.5
ASTRON,ASTRONBZN,2.95,2.95,2.95,0.0,0.0,2,5,18.89,2.89
UCOBANK,UCOBANKEQN,26.05,26.05,26.05,0.0,0.0,15903,414273,34.2,22.22
UPL,UPLEQN,585.0,585.0,585.0,0.0,0.0,3146,1840410,812.2,557.95
ANANTRAJ,ANANTRAJEQN,613.15,613.15,613.15,0.0,0.0,1716,1052165,743.65,403.0
FCSSOFT,FCSSOFTEQN,1.44,1.44,1.44,0.0,0.0,3674,5290,2.54,1.05
ZEELEARN,ZEELEARNBEN,7.99,7.99,7.99,0.0,0.0,29,231,10.45,4.17
EMUDHRA,EMUDHRAEQN,543.5,543.5,543.5,0.0,0.0,151,82068,754.2,364.55
AURUM,AURUMEQN,236.46,236.46,236.46,0.0,0.0,667,157718,264.64,151.9
MBAPL,MBAPLEQN,168.55,168.55,168.55,0.0,0.0,1008,169898,174.94,74.63
SAGCEM,SAGCEMEQN,163.39,163.39,163.39,0.0,0.0,3,490,299.4,148.7
KSL,KSLEQN,874.2,874.2,874.2,0.0,0.0,5,4371,982.55,574.0
GOPAL,GOPALEQN,280.75,280.75,280.75,0.0,0.0,30,8422,398.0,247.55
SALASAR,SALASAREQN,5.91,5.91,5.91,0.0,0.0,5479,32380,10.99,5.59
PVSL,PVSLEQN,107.98,107.98,107.98,0.0,0.0,50,5399,163.0,82.41
DHANUKA,DHANUKAEQN,983.7,983.7,983.7,0.0,0.0,6,5902,1654.4,889.6
GVT&D,GVT&DEQN,4185.0,4185.0,4185.0,0.0,0.0,805,3368925,5650.0,2523.2
UDS,UDSEQN,222.0,222.0,222.0,0.0,0.0,272,60384,266.2,125.1
SYMPHONY,SYMPHONYEQN,595.45,595.45,595.45,0.0,0.0,222,132189,974.7,592.05
FEL,FELBZN,0.39,0.39,0.39,0.0,0.0,2815,1097,0.65,0.34
RAMKY,RAMKYEQN,372.9,372.9,372.9,0.0,0.0,6,2237,705.0,367.0
TATATECH,TATATECHEQN,798.5,798.5,798.5,0.0,0.0,2316,1849326,891.0,507.4
PLATIND,PLATINDEQN,212.74,212.74,212.74,0.0,0.0,208,44249,342.4,183.5
STARCEMENT,STARCEMENTEQN,194.84,194.84,194.84,0.0,0.0,94,18314,308.95,191.5
VINNY,VINNYEQN,1.06,1.06,1.06,0.0,0.0,1180,1250,1.53,0.94
NITINSPIN,NITINSPINEQN,623.65,623.65,623.65,0.0,0.0,917,571887,628.0,302.2
DCW,DCWEQN,45.38,45.38,45.38,0.0,0.0,1491,67661,79.6,37.11
SSDL,SSDLEQN,57.57,57.57,57.57,0.0,0.0,513,29533,95.83,46.15
TRITURBINE,TRITURBINEEQN,572.65,572.65,572.65,0.0,0.0,475,272008,787.6,428.35
BAJAJHIND,BAJAJHINDEQN,22.81,22.81,22.81,0.0,0.0,241650,5512036,26.0,14.85
INGERRAND,INGERRANDEQN,4594.0,4594.0,4594.0,0.0,0.0,1,4594,4768.7,3063.3
PGHL,PGHLEQN,5833.0,5833.0,5833.0,0.0,0.0,8,46664,6975.0,4707.0
GMRP&UI,GMRP&UIEQN,96.11,96.11,96.11,0.0,0.0,524,50361,136.95,89.0
STYLAMIND,STYLAMINDEQN,3556.0,3556.0,3556.0,0.0,0.0,4,14224,4150.0,1594.1
ROLEXRINGS,ROLEXRINGSEQN,182.42,182.42,182.42,0.0,0.0,1161,211789,189.4,99.79
SANSERA,SANSERAEQN,3790.5,3790.5,3790.5,0.0,0.0,64,242592,4040.4,1241.3
GOODLUCK,GOODLUCKEQN,456.2,456.2,456.2,0.0,0.0,3152,1437942,557.37,305.0
HESTERBIO,HESTERBIOEQN,2421.8,2421.8,2421.8,0.0,0.0,5,12109,2683.6,1239.3
PLAZACABLE,PLAZACABLEEQN,52.43,52.43,52.43,0.0,0.0,159,8336,65.0,27.0
PRICOLLTD,PRICOLLTDEQN,790.5,790.5,790.5,0.0,0.0,378,298809,823.0,444.05
GTLINFRA,GTLINFRAEQN,1.21,1.21,1.21,0.0,0.0,45750,55357,1.67,0.96
GVPTECH,GVPTECHEQN,7.08,7.08,7.08,0.0,0.0,121,856,11.19,5.22
TALBROAUTO,TALBROAUTOEQN,409.4,409.4,409.4,0.0,0.0,110,45034,451.6,219.9
LUMAXTECH,LUMAXTECHEQN,1932.1,1932.1,1932.1,0.0,0.0,177,341981,2110.0,1024.6
UNOMINDA,UNOMINDAEQN,1253.4,1253.4,1253.4,0.0,0.0,695,871113,1382.0,994.0
RSYSTEMS,RSYSTEMSEQN,243.15,243.15,243.15,0.0,0.0,424,103095,492.0,213.52
ASALCBR,ASALCBREQN,722.55,722.55,722.55,0.0,0.0,45,32514,1277.0,660.65
LICHSGFIN,LICHSGFINEQN,506.0,506.0,506.0,0.0,0.0,7337,3712522,598.2,458.9
RALLIS,RALLISEQN,212.93,212.93,212.93,0.0,0.0,842,179287,385.5,207.53
SWSOLAR,SWSOLAREQN,197.1,197.1,197.1,0.0,0.0,6647,1310123,281.7,148.0
SANWARIA,SANWARIABZN,0.19,0.19,0.19,0.0,0.0,4801,912,0.39,0.18
KALYANKJIL,KALYANKJILEQN,612.6,612.6,612.6,0.0,0.0,9793,5999191,648.95,327.05
ENTERO,ENTEROEQN,1633.0,1633.0,1633.0,0.0,0.0,1629,2660157,1667.0,944.0
MSTCLTD,MSTCLTDEQN,727.95,727.95,727.95,0.0,0.0,169,123023,743.9,362.15
INDOBORAX,INDOBORAXEQN,487.4,487.4,487.4,0.0,0.0,211,102841,524.6,224.0
GAEL,GAELEQN,177.53,177.53,177.53,0.0,0.0,178,31600,184.99,101.2
PIXTRANS,PIXTRANSEQN,1791.8,1791.8,1791.8,0.0,0.0,14,25085,2089.0,1252.0
MAZDOCK,MAZDOCKEQN,2610.0,2610.0,2610.0,0.0,0.0,4102,10706220,3061.4,2057.4
ROUTE,ROUTEEQN,507.6,507.6,507.6,0.0,0.0,82,41623,890.4,410.7
HDFCAMC,HDFCAMCEQN,2698.0,2698.0,2698.0,0.0,0.0,2164,5838472,2967.25,2205.6
BALAJITELE,BALAJITELEEQN,95.09,95.09,95.09,0.0,0.0,14,1331,141.32,69.52
CARERATING,CARERATINGEQN,1618.6,1618.6,1618.6,0.0,0.0,156,252501,1838.0,1392.7
GABRIEL,GABRIELEQN,1346.0,1346.0,1346.0,0.0,0.0,546,734916,1600.0,795.7
KDDL,KDDLEQN,3924.6,3924.6,3924.6,0.0,0.0,37,145210,4155.5,1990.0
WONDERLA,WONDERLAEQN,513.75,513.75,513.75,0.0,0.0,33,16953,659.0,455.0
ARSHIYA,ARSHIYABZN,0.89,0.89,0.89,0.0,0.0,10,8,2.59,0.88
GUJALKALI,GUJALKALIEQN,726.7,726.7,726.7,0.0,0.0,37,26887,815.0,409.15
ANUP,ANUPEQN,1772.4,1772.4,1772.4,0.0,0.0,38,67351,2576.0,1422.3
CAMPUS,CAMPUSEQN,226.08,226.08,226.08,0.0,0.0,126,28486,297.0,215.2
BEPL,BEPLEQN,129.62,129.62,129.62,0.0,0.0,5563,721076,138.5,74.2
BHARATFORG,BHARATFORGEQN,2052.5,2052.5,2052.5,0.0,0.0,540,1108350,2295.0,1100.5
HIMATSEIDE,HIMATSEIDEEQN,72.41,72.41,72.41,0.0,0.0,1399,101301,134.7,69.06
VISHWARAJ,VISHWARAJEQN,6.29,6.29,6.29,0.0,0.0,8886,55892,10.2,4.14
NAHARCAP,NAHARCAPEQN,259.99,259.99,259.99,0.0,0.0,1,259,307.0,191.0
HLVLTD,HLVLTDEQN,6.47,6.47,6.47,0.0,0.0,110,711,12.6,5.6
AARTECH,AARTECHBEN,47.1,47.1,47.1,0.0,0.0,30,1413,64.75,33.51
SUNDARMFIN,SUNDARMFINEQN,4518.2,4518.2,4518.2,0.0,0.0,70,316274,5642.0,4000.0
SUPREMEIND,SUPREMEINDEQN,3593.0,3593.0,3593.0,0.0,0.0,61,219173,4664.9,3140.0
3MINDIA,3MINDIAEQN,33695.0,33695.0,33695.0,0.0,0.0,6,202170,38030.0,28730.0
LUPIN,LUPINEQN,2175.5,2175.5,2175.5,0.0,0.0,644,1401022,2529.5,1875.0
LOKESHMACH,LOKESHMACHBEN,313.0,313.0,313.0,0.0,0.0,60,18780,358.25,138.96
20MICRONS,20MICRONSEQN,210.65,210.66,210.66,0.01,0.0,354,74573,239.87,129.61
JAYAGROGN,JAYAGROGNEQN,229.64,229.64,229.64,0.0,0.0,9,2066,256.8,147.26
ALANKIT,ALANKITEQN,8.1,8.1,8.1,0.0,0.0,60,486,14.75,6.8
GODREJCP,GODREJCPEQN,929.2,929.2,929.2,0.0,0.0,766,711767,1309.0,906.3
HIKAL,HIKALEQN,208.37,208.37,208.37,0.0,0.0,1210,252127,282.7,146.25
ETHOSLTD,ETHOSLTDEQN,2894.7,2894.7,2894.7,0.0,0.0,21,60788,3245.9,1919.4
SHILCTECH,SHILCTECHEQN,3919.7,3919.7,3919.7,0.0,0.0,9,35277,5399.0,2852.5
KSCL,KSCLEQN,786.85,786.85,786.85,0.0,0.0,217,170746,1225.0,705.1
DLINKINDIA,DLINKINDIAEQN,448.75,448.75,448.75,0.0,0.0,59,26476,549.2,367.65
SESHAPAPER,SESHAPAPEREQN,227.16,227.16,227.16,0.0,0.0,45,10222,293.11,209.96
SHREDIGCEM,SHREDIGCEMEQN,74.87,74.87,74.87,0.0,0.0,150,11230,107.7,53.9
NIITMTS,NIITMTSEQN,230.03,230.03,230.03,0.0,0.0,150,34504,443.9,203.3
VLSFINANCE,VLSFINANCEEQN,244.95,244.95,244.95,0.0,0.0,375,91856,339.0,198.81
WIPRO,WIPROEQN,180.09,180.09,180.09,0.0,0.0,37640,6778587,273.1,169.0
AMBER,AMBEREQN,7432.0,7432.0,7432.0,0.0,0.0,339,2519448,8974.0,5400.5
AHLADA,AHLADAEQN,37.0,37.0,37.0,0.0,0.0,65,2405,72.0,31.22
AUBANK,AUBANKEQN,1128.6,1128.6,1128.6,0.0,0.0,2413,2723311,1144.1,682.15
PARAGMILK,PARAGMILKEQN,250.0,250.0,250.0,0.0,0.0,6828,1707000,376.95,177.84
PAKKA,PAKKAEQN,82.44,82.44,82.44,0.0,0.0,208,17147,178.84,69.1
INDOSTAR,INDOSTAREQN,257.55,257.55,257.55,0.0,0.0,27,6953,292.0,179.03
VIKASLIFE,VIKASLIFEEQN,1.24,1.24,1.24,0.0,0.0,19000,23560,2.37,1.05
RELIABLE,RELIABLEEQN,141.76,141.76,141.76,0.0,0.0,15,2126,175.0,97.0
ALLCARGO,ALLCARGOEQN,12.26,12.26,12.26,0.0,0.0,64739,793700,36.55,7.11
ZFCVINDIA,ZFCVINDIAEQN,2603.0,2603.0,2603.0,0.0,0.0,32,83296,3044.0,2050.33
UNIINFO,UNIINFOEQN,11.29,11.29,11.29,0.0,0.0,7,79,21.78,9.36
RTNPOWER,RTNPOWEREQN,7.82,7.82,7.82,0.0,0.0,46216,361409,12.84,7.52
MODTHREAD,MODTHREADEQN,56.8,56.8,56.8,0.0,0.0,1,56,65.65,35.61
NEXTMEDIA,NEXTMEDIAEQN,3.91,3.91,3.91,0.0,0.0,119,465,8.48,3.42
FLEXITUFF,FLEXITUFFBEN,2.61,2.61,2.61,0.0,0.0,117,305,29.49,2.55
ALKEM,ALKEMEQN,5368.0,5368.0,5368.0,0.0,0.0,671,3601928,5933.5,5075.0
OSWALSEEDS,OSWALSEEDSEQN,12.03,12.03,12.03,0.0,0.0,5,60,20.28,9.66
KALPATARU,KALPATARUEQN,279.15,279.15,279.15,0.0,0.0,160,44664,429.3,258.0
VIVIDHA,VIVIDHAEQN,0.52,0.52,0.52,0.0,0.0,2114,1099,0.91,0.43
FILATFASH,FILATFASHEQN,0.18,0.18,0.18,0.0,0.0,1447396,260531,0.68,0.14
BESTAGRO,BESTAGROEQN,17.69,17.69,17.69,0.0,0.0,9416,166569,34.4,12.3
SHIVALIK,SHIVALIKBEN,282.26,282.26,282.26,0.0,0.0,36,10161,503.0,206.4
UNICHEMLAB,UNICHEMLABEQN,526.05,526.05,526.05,0.0,0.0,389,204633,687.2,278.2
SHRADHA,SHRADHAEQN,32.31,32.31,32.31,0.0,0.0,10,323,58.95,26.34
DCMFINSERV,DCMFINSERVEQN,5.33,5.33,5.33,0.0,0.0,33,175,8.55,3.7
SGMART,SGMARTEQN,837.4,837.4,837.4,0.0,0.0,61,51081,848.95,313.1
GLOTTIS,GLOTTISEQN,65.88,65.88,65.88,0.0,0.0,125,8235,93.0,37.0
MAHEPC,MAHEPCEQN,106.2,106.2,106.2,0.0,0.0,29,3079,182.5,91.91
CESC,CESCEQN,154.0,154.0,154.0,0.0,0.0,2120,326480,204.5,138.12
BONLON,BONLONEQN,40.06,40.06,40.06,0.0,0.0,1,40,57.0,34.51
AKSHAR,AKSHAREQN,0.41,0.41,0.41,0.0,0.0,17594,7213,0.76,0.36
TERASOFT,TERASOFTEQN,301.5,301.5,301.5,0.0,0.0,34,10251,598.0,285.0
RPSGVENT,RPSGVENTEQN,865.5,865.5,865.5,0.0,0.0,1,865,1179.0,551.9
INDIQUBE,INDIQUBEEQN,192.5,192.5,192.5,0.0,0.0,84,16170,243.8,131.15
SBGLP,SBGLPEQN,24.35,24.35,24.35,0.0,0.0,229,5576,40.95,18.35
TECHNOCRAF,TECHNOCRAFEQN,341.42,341.42,341.42,0.0,0.0,2301,785607,349.6,284.0
NEUEON,NEUEONBEN,13.8,13.8,13.8,0.0,0.0,404,5575,27.4,5.76
INNOVISION,INNOVISIONEQN,257.45,257.45,257.45,0.0,0.0,198,50975,470.0,256.0
LANDSMILL,LANDSMILLEQN,0.7,0.7,0.7,0.0,0.0,18049,12634,1.74,0.69
REGAAL,REGAALEQN,95.13,95.13,95.13,0.0,0.0,51,4851,125.88,57.27
PRITI,PRITIBEN,34.39,34.39,34.39,0.0,0.0,100,3439,85.0,31.5
FILATEX,FILATEXEQN,82.11,82.11,82.11,0.0,0.0,256,21020,87.27,36.26
SHYAMMETL,SHYAMMETLEQN,1006.2,1006.2,1006.2,0.0,0.0,200,201240,1090.0,746.0
UTLSOLAR,UTLSOLAREQN,446.65,446.65,446.65,0.0,0.0,377,168387,494.25,172.0
CONTROLPR,CONTROLPREQN,605.2,605.2,605.2,0.0,0.0,10,6052,899.0,517.0
DHATRE,DHATREEQN,4.27,4.27,4.27,0.0,0.0,155,661,5.02,3.67
ELGIRUBCO,ELGIRUBCOEQN,59.82,59.82,59.82,0.0,0.0,6,358,90.5,32.72
RPGLIFE,RPGLIFEEQN,2584.5,2584.5,2584.5,0.0,0.0,4,10338,3082.0,1733.0
CEREBRAINT,CEREBRAINTBZN,2.71,2.71,2.71,0.0,0.0,8,21,10.08,2.5
SADBHIN,SADBHINBEN,2.57,2.57,2.57,0.0,0.0,188,483,4.79,2.06
ODIGMA,ODIGMAEQN,21.88,21.88,21.88,0.0,0.0,1,21,56.09,20.0
PRISMX,PRISMXEQN,0.54,0.54,0.54,0.0,0.0,120,64,0.58,0.5
JINDALPHOT,JINDALPHOTEQN,1051.2,1051.2,1051.2,0.0,0.0,1,1051,1616.6,830.05
INDOCO,INDOCOEQN,225.34,225.34,225.34,0.0,0.0,46,10365,332.2,162.19
MGEL,MGELBEN,14.53,14.53,14.53,0.0,0.0,8,116,18.4,9.53
VIRTUALG,VIRTUALGEQN,0.52,0.52,0.52,0.0,0.0,1067,554,0.6,0.4
GNA,GNAEQN,548.8,548.8,548.8,0.0,0.0,745,408856,601.65,291.8
XTRANET,XTRANETEQN,163.09,163.09,163.09,0.0,0.0,1398,227999,176.78,122.5
AVANCE,AVANCEEQN,0.88,0.88,0.88,0.0,0.0,101561,89373,0.94,0.75
AARNAV,AARNAVBEN,33.26,33.26,33.26,0.0,0.0,1,33,37.4,21.0
KISSHT,KISSHTEQN,310.3,310.3,310.3,0.0,0.0,843,261582,351.5,190.0
ORIENTBELL,ORIENTBELLEQN,376.25,376.25,376.25,0.0,0.0,38,14297,388.0,238.75
WEWORK,WEWORKEQN,674.9,674.9,674.9,0.0,0.0,166,112033,794.5,420.0
AURUS,AURUSEQN,4.59,4.59,4.59,0.0,0.0,9,41,7.49,4.1
RTSPOWR,RTSPOWREQN,92.5,92.5,92.5,0.0,0.0,35,3237,114.0,82.9
PRAMODINI,PRAMODINISTN,122.65,122.65,122.65,0.0,0.0,1200,147180,125.55,114.0
IONEXCHANG,IONEXCHANGEQN,369.5,369.5,369.5,0.0,0.0,141,52099,486.0,312.7
ALPHAGEO,ALPHAGEOBEN,317.14,317.14,317.14,0.0,0.0,18,5708,368.0,164.8
MCLEODRUSS,MCLEODRUSSEQN,50.53,50.53,50.53,0.0,0.0,200,10106,78.41,28.5
RPPL,RPPLBEN,23.67,23.67,23.67,0.0,0.0,248,5870,26.97,14.25
ACCURACY,ACCURACYBEN,4.5,4.5,4.5,0.0,0.0,295,1327,7.51,3.4
JOCIL,JOCILBEN,153.17,153.17,153.17,0.0,0.0,10,1531,175.12,91.25
DIVGIITTS,DIVGIITTSEQN,1190.35,1190.35,1190.35,0.0,0.0,42,49994,1318.8,573.7
SHIVAMAUTO,SHIVAMAUTOBEN,16.03,16.03,16.03,0.0,0.0,100,1603,35.79,13.05
JUSTDIAL,JUSTDIALEQN,655.45,655.45,655.45,0.0,0.0,550,360497,878.6,480.5
KPL,KPLEQN,3373.1,3373.1,3373.1,0.0,0.0,154,519457,3744.0,1561.0
HBLENGINE,HBLENGINEEQN,694.6,694.5,694.5,-0.1,-0.01,2179,1513315,1122.0,613.0
IIFLCAPS,IIFLCAPSEQN,334.95,334.9,334.9,-0.05,-0.01,108,36169,411.3,240.4
HNDFDS,HNDFDSEQN,628.75,628.7,628.7,-0.05,-0.01,105,66013,677.75,442.0
FINOPB,FINOPBEQN,145.53,145.52,145.52,-0.01,-0.01,105,15279,339.0,110.03
LAOPALA,LAOPALAEQN,170.88,170.86,170.86,-0.02,-0.01,1198,204690,262.0,162.1
ARVIND,ARVINDEQN,539.3,539.25,539.25,-0.05,-0.01,194,104614,600.0,274.8
CASTROLIND,CASTROLINDEQN,186.88,186.86,186.86,-0.02,-0.01,2278,425667,210.75,170.1
EPIGRAL,EPIGRALEQN,1240.9,1240.8,1240.8,-0.1,-0.01,53,65762,1850.0,807.0
CORONA,CORONAEQN,2097.3,2097.0,2097.0,-0.3,-0.01,8,16776,2270.1,1336.6
MILKYMIST,MILKYMISTEQN,201.92,201.9,201.9,-0.02,-0.01,44467,8977887,211.8,165.0
TIPSMUSIC,TIPSMUSICEQN,646.1,646.0,646.0,-0.1,-0.02,42,27132,741.0,481.15
ARIES,ARIESEQN,446.75,446.65,446.65,-0.1,-0.02,150,66997,475.0,285.35
MONTECARLO,MONTECARLOEQN,545.1,545.0,545.0,-0.1,-0.02,8,4360,860.95,464.0
EXPLEOSOL,EXPLEOSOLEQN,870.65,870.5,870.5,-0.15,-0.02,44,38302,1175.1,640.0
TEXRAIL,TEXRAILEQN,108.06,108.04,108.04,-0.02,-0.02,2173,234770,153.0,78.05
V2RETAIL,V2RETAILEQN,223.25,223.2,223.2,-0.05,-0.02,918,204897,259.25,158.56
SURYALAXMI,SURYALAXMIEQN,56.34,56.33,56.33,-0.01,-0.02,50,2816,69.8,43.0
LICI,LICIEQN,424.0,423.9,423.9,-0.1,-0.02,12230,5184297,468.48,360.75
WSTCSTPAPR,WSTCSTPAPREQN,606.15,606.0,606.0,-0.15,-0.02,376,227856,655.0,375.0
CARYSIL,CARYSILEQN,1145.2,1145.0,1145.0,-0.2,-0.02,87,99615,1280.9,732.1
BOSCHLTD,BOSCHLTDEQN,48680.0,48670.0,48670.0,-10.0,-0.02,71,3455570,49130.0,28610.0
BUILDPRO,BUILDPROEQN,1241.3,1241.0,1241.0,-0.3,-0.02,20,24820,1380.0,636.0
THELEELA,THELEELAEQN,554.9,554.75,554.75,-0.15,-0.03,449,249082,576.0,384.5
NATIONALUM,NATIONALUMEQN,397.8,397.7,397.7,-0.1,-0.03,12103,4813363,445.15,183.86
MUTHOOTFIN,MUTHOOTFINEQN,3201.0,3200.0,3200.0,-1.0,-0.03,4714,15084800,4149.5,2604.2
VINDHYATEL,VINDHYATELEQN,2381.6,2381.0,2381.0,-0.6,-0.03,6,14286,2600.0,963.9
DYNAMATECH,DYNAMATECHEQN,11514.0,11510.0,11510.0,-4.0,-0.03,4,46040,12875.0,6320.0
KNAGRI,KNAGRIEQN,218.01,217.95,217.95,-0.06,-0.03,218,47513,248.55,148.3
HOMEFIRST,HOMEFIRSTEQN,1191.3,1191.0,1191.0,-0.3,-0.03,313,372783,1375.0,893.7
PPAP,PPAPBEN,265.1,265.0,265.0,-0.1,-0.04,16,4240,379.5,176.0
NYKAA,NYKAAEQN,334.0,333.85,333.85,-0.15,-0.04,4456,1487635,348.0,224.94
CENTRUM,CENTRUMEQN,23.26,23.25,23.25,-0.01,-0.04,806,18739,40.0,19.66
DELHIVERY,DELHIVERYEQN,447.95,447.75,447.75,-0.2,-0.04,1796,804159,524.0,374.45
HCC,HCCEQN,22.61,22.6,22.6,-0.01,-0.04,117661,2659138,28.5,13.65
HINDOILEXP,HINDOILEXPEQN,158.57,158.5,158.5,-0.07,-0.04,28,4438,188.65,117.5
MAJESAUT,MAJESAUTBEN,359.15,359.0,359.0,-0.15,-0.04,1,359,500.0,274.0
MAYURUNIQ,MAYURUNIQEQN,745.4,745.0,745.0,-0.4,-0.05,47,35015,907.0,471.2
COASTCORP,COASTCORPEQN,40.45,40.43,40.43,-0.02,-0.05,3500,141505,66.7,30.01
SANDUMA,SANDUMAEQN,205.1,205.0,205.0,-0.1,-0.05,102,20910,273.0,141.37
PFC,PFCEQN,367.0,366.8,366.8,-0.2,-0.05,23709,8696461,486.5,329.9
GODFRYPHLP,GODFRYPHLPEQN,2107.0,2106.0,2106.0,-1.0,-0.05,94,197964,3947.0,1832.1
UNITDSPR,UNITDSPREQN,1550.0,1549.3,1549.3,-0.7,-0.05,620,960566,1563.4,1210.8
CAPITALSFB,CAPITALSFBEQN,288.05,287.9,287.9,-0.15,-0.05,1,287,323.7,206.55
CMLL,CMLLEQN,517.25,517.0,517.0,-0.25,-0.05,3684,1904628,624.4,463.35
KOTYARK,KOTYARKBEN,34.46,34.44,34.44,-0.02,-0.06,125,4305,45.5,17.38
ORIENTHOT,ORIENTHOTEQN,141.59,141.5,141.5,-0.09,-0.06,3086,436669,149.5,80.0
CONFIPET,CONFIPETEQN,77.85,77.8,77.8,-0.05,-0.06,16303,1268373,86.4,28.06
NAUKRI,NAUKRIEQN,1350.0,1349.2,1349.2,-0.8,-0.06,1067,1439596,1433.6,908.3
DIVISLAB,DIVISLABEQN,8744.5,8739.5,8739.5,-5.0,-0.06,2346,20502867,8744.5,5636.5
ONEGLOBAL,ONEGLOBALEQN,546.2,545.85,545.85,-0.35,-0.06,1,545,580.0,533.0
EVEREADY,EVEREADYEQN,341.75,341.5,341.5,-0.25,-0.07,101,34491,475.2,259.65
SALZERELEC,SALZERELECEQN,564.45,564.05,564.05,-0.4,-0.07,3,1692,952.5,488.8
BDL,BDLEQN,1359.9,1359.0,1359.0,-0.9,-0.07,4940,6713460,1654.0,1086.0
CONCOR,CONCOREQN,516.0,515.65,515.65,-0.35,-0.07,1513,780178,569.8,421.45
TCIEXP,TCIEXPEQN,531.95,531.5,531.5,-0.45,-0.08,12,6378,780.0,447.55
TECHNOE,TECHNOEEQN,994.3,993.55,993.55,-0.75,-0.08,89,88425,1575.0,870.0
JKPAPER,JKPAPEREQN,388.9,388.6,388.6,-0.3,-0.08,127,49352,444.8,304.85
UNIECOM,UNIECOMEQN,85.19,85.11,85.11,-0.08,-0.09,167,14213,155.8,78.51
EICHERMOT,EICHERMOTEQN,8055.0,8048.0,8048.0,-7.0,-0.09,830,6679840,8230.0,5880.0
GREAVESCOT,GREAVESCOTEQN,192.18,192.01,192.01,-0.17,-0.09,2975,571229,271.9,119.99
CUBEXTUB,CUBEXTUBEQN,79.07,79.0,79.0,-0.07,-0.09,1100,86900,143.69,73.1
HATHWAY,HATHWAYEQN,10.56,10.55,10.55,-0.01,-0.09,11071,116799,15.25,8.76
RAIN,RAINEQN,200.49,200.3,200.3,-0.19,-0.09,14980,3000494,252.0,99.9
JSWENERGY,JSWENERGYEQN,548.4,547.9,547.9,-0.5,-0.09,1461,800481,617.35,427.75
BLISSGVS,BLISSGVSBEN,561.5,561.0,561.0,-0.5,-0.09,20,11220,602.45,118.0
CSBBANK,CSBBANKEQN,339.35,339.0,339.0,-0.35,-0.1,336,113904,574.4,312.95
SOLARINDS,SOLARINDSEQN,19800.0,19780.0,19780.0,-20.0,-0.1,149,2947220,20422.0,11646.0
AHLUCONT,AHLUCONTEQN,651.75,651.1,651.1,-0.65,-0.1,102,66412,1077.95,643.5
WAKEFIT,WAKEFITEQN,145.14,145.0,145.0,-0.14,-0.1,3123,452835,224.0,111.4
ORISSAMINE,ORISSAMINEEQN,4484.6,4480.0,4480.0,-4.6,-0.1,2,8960,6138.9,3100.5
SIRCA,SIRCAEQN,435.5,435.0,435.0,-0.5,-0.11,1214,528090,539.0,385.0
MAXIND,MAXINDEQN,150.66,150.5,150.5,-0.16,-0.11,462,69531,241.57,120.0
BANARISUG,BANARISUGEQN,3899.9,3895.7,3895.7,-4.2,-0.11,1,3895,4338.0,3105.2
TCI,TCIEQN,893.75,892.8,892.8,-0.95,-0.11,21,18748,1242.0,868.05
SUDARSCHEM,SUDARSCHEMEQN,1231.3,1230.0,1230.0,-1.3,-0.11,1446,1778580,1603.0,726.4
LT,LTEQN,4119.0,4114.0,4114.0,-5.0,-0.12,10946,45031844,4440.0,3288.1
DEEDEV,DEEDEVEQN,647.8,647.0,647.0,-0.8,-0.12,124,80228,760.0,183.0
SCILAL,SCILALEQN,40.06,40.01,40.01,-0.05,-0.12,2,80,55.0,34.3
WEALTH,WEALTHEQN,861.0,860.0,860.0,-1.0,-0.12,10,8600,1294.8,774.95
63MOONS,63MOONSEQN,782.75,781.8,781.8,-0.95,-0.12,161,125869,1007.7,467.0
PRESTIGE,PRESTIGEEQN,1623.0,1620.9,1620.9,-2.1,-0.13,1730,2804157,1805.2,1090.0
PRUDENT,PRUDENTEQN,3336.0,3331.7,3331.7,-4.3,-0.13,25,83292,3455.0,2121.0
DCXINDIA,DCXINDIAEQN,173.76,173.52,173.52,-0.24,-0.14,2003,347560,286.0,153.3
BAJAJ-AUTO,BAJAJ-AUTOEQN,11927.0,11910.0,11910.0,-17.0,-0.14,419,4990290,11927.0,8491.5
KIRIINDUS,KIRIINDUSEQN,498.7,498.0,498.0,-0.7,-0.14,2090,1040820,779.0,333.8
UTKARSHBNK,UTKARSHBNKEQN,14.72,14.7,14.7,-0.02,-0.14,8909,130962,22.03,10.12
IFBIND,IFBINDEQN,1370.1,1368.0,1368.0,-2.1,-0.15,75,102600,2019.8,883.2
PRAKASH,PRAKASHEQN,127.69,127.5,127.5,-0.19,-0.15,1319,168172,177.0,110.24
CARTRADE,CARTRADEEQN,3144.8,3140.0,3140.0,-4.8,-0.15,464,1456960,3290.5,1600.0
BATLIBOI,BATLIBOIEQN,86.13,86.0,86.0,-0.13,-0.15,9,774,106.5,71.21
PATINTLOG,PATINTLOGBEN,13.3,13.28,13.28,-0.02,-0.15,691,9176,16.9,8.01
WELSPUNLIV,WELSPUNLIVEQN,190.3,190.0,190.0,-0.3,-0.16,6257,1188830,195.0,107.1
SHANTIGEAR,SHANTIGEAREQN,557.9,557.0,557.0,-0.9,-0.16,7278,4053846,592.0,384.0
ORIENTELEC,ORIENTELECEQN,181.79,181.5,181.5,-0.29,-0.16,715,129772,219.0,149.05
MARICO,MARICOEQN,847.5,846.15,846.15,-1.35,-0.16,2430,2056144,889.1,690.3
UNITEDPOLY,UNITEDPOLYEQN,38.06,38.0,38.0,-0.06,-0.16,219,8322,51.16,20.6
MEESHO,MEESHOEQN,206.32,206.0,206.0,-0.32,-0.16,49598,10217188,254.4,125.56
LTM,LTMEQN,4528.0,4520.8,4520.8,-7.2,-0.16,297,1342677,6429.5,3528.0
ATULAUTO,ATULAUTOEQN,485.95,485.1,485.1,-0.85,-0.17,463,224601,596.55,380.05
APLAPOLLO,APLAPOLLOEQN,2139.3,2135.7,2135.7,-3.6,-0.17,1009,2154921,2301.4,1578.0
INFY,INFYEQN,1144.0,1142.0,1142.0,-2.0,-0.17,37000,42254000,1728.0,982.4
MAHASTEEL,MAHASTEELBEN,1202.1,1200.0,1200.0,-2.1,-0.17,121,145200,1205.0,331.0
PPL,PPLBEN,264.2,263.75,263.75,-0.45,-0.17,2,527,338.65,163.21
SBFC,SBFCEQN,92.77,92.6,92.6,-0.17,-0.18,294,27224,123.0,79.6
BAJAJHLDNG,BAJAJHLDNGEQN,11290.0,11270.0,11270.0,-20.0,-0.18,52,586040,13880.0,8588.0
EMIL,EMILEQN,180.34,180.01,180.01,-0.33,-0.18,1587,285675,196.74,84.9
ASIANHOTNR,ASIANHOTNREQN,299.35,298.8,298.8,-0.55,-0.18,1,298,402.55,247.5
TEXINFRA,TEXINFRAEQN,110.24,110.03,110.03,-0.21,-0.19,157,17274,118.0,82.5
ORIENTTECH,ORIENTTECHEQN,245.45,244.95,244.95,-0.5,-0.2,215,52664,466.73,220.8
BLUESTARCO,BLUESTARCOEQN,1515.0,1512.0,1512.0,-3.0,-0.2,759,1147608,2040.0,1450.0
PRAJIND,PRAJINDEQN,347.8,347.1,347.1,-0.7,-0.2,985,341893,433.0,273.0
NESTLEIND,NESTLEINDEQN,1479.0,1476.0,1476.0,-3.0,-0.2,2808,4144608,1553.0,1145.0
ANTELOPUS,ANTELOPUSEQN,786.6,785.0,785.0,-1.6,-0.2,651,511035,933.65,357.0
SIKKO,SIKKOBEN,5.01,5.0,5.0,-0.01,-0.2,561,2805,6.83,3.2
RUPA,RUPAEQN,150.59,150.27,150.27,-0.32,-0.21,250,37567,212.84,109.21
RATEGAIN,RATEGAINEQN,946.05,944.05,944.05,-2.0,-0.21,229,216187,1050.0,437.0
INDHOTEL,INDHOTELEQN,730.0,728.5,728.5,-1.5,-0.21,2129,1550976,795.65,565.0
ONGC,ONGCEQN,234.0,233.51,233.51,-0.49,-0.21,70100,16369051,307.5,227.65
NUVAMA,NUVAMAEQN,1754.6,1751.0,1751.0,-3.6,-0.21,158,276658,2066.0,1096.9
GENCON,GENCONEQN,41.5,41.41,41.41,-0.09,-0.22,5,207,59.96,36.35
IKS,IKSEQN,1790.9,1787.0,1787.0,-3.9,-0.22,74,132238,1933.0,1262.0
STYRENIX,STYRENIXEQN,2094.7,2090.0,2090.0,-4.7,-0.22,8,16720,2738.7,1780.0
IGPL,IGPLEQN,488.05,487.0,487.0,-1.05,-0.22,335,163145,532.45,315.0
ABCAPITAL,ABCAPITALEQN,410.85,409.95,409.95,-0.9,-0.22,1107,453814,430.7,272.7
DBOL,DBOLEQN,128.94,128.66,128.66,-0.28,-0.22,22,2830,139.0,69.0
URBANCO,URBANCOEQN,169.28,168.91,168.91,-0.37,-0.22,59976,10130546,201.18,100.7
M&M,M&MEQN,3443.0,3435.0,3435.0,-8.0,-0.23,8823,30307005,3839.9,2896.0
BRITANNIA,BRITANNIAEQN,5382.5,5370.0,5370.0,-12.5,-0.23,286,1535820,6336.0,5035.0
MLKFOOD,MLKFOODEQN,91.21,91.0,91.0,-0.21,-0.23,20,1820,93.0,75.25
LAGNAM,LAGNAMEQN,75.93,75.75,75.75,-0.18,-0.24,2,151,96.98,58.6
POWERMECH,POWERMECHEQN,2503.4,2497.5,2497.5,-5.9,-0.24,11,27472,3243.0,1717.7
JAGRAN,JAGRANEQN,61.65,61.5,61.5,-0.15,-0.24,884,54366,78.9,59.5
TATASTEEL,TATASTEELEQN,186.94,186.49,186.49,-0.45,-0.24,91864,17131717,224.4,153.05
MKPL,MKPLEQN,4.12,4.11,4.11,-0.01,-0.24,200,822,8.85,3.56
POLYMED,POLYMEDEQN,1731.7,1727.4,1727.4,-4.3,-0.25,52,89824,2144.9,1182.0
JINDALPOLY,JINDALPOLYEQN,646.6,645.0,645.0,-1.6,-0.25,46,29670,1026.45,365.0
REPCOHOME,REPCOHOMEEQN,354.7,353.8,353.8,-0.9,-0.25,15,5307,455.9,333.6
DCMSHRIRAM,DCMSHRIRAMEQN,1052.9,1050.3,1050.3,-2.6,-0.25,5,5251,1414.4,945.1
URAVIDEF,URAVIDEFBEN,109.28,109.0,109.0,-0.28,-0.26,3,327,509.0,101.0
PATANJALI,PATANJALIEQN,350.9,350.0,350.0,-0.9,-0.26,3520,1232000,615.0,328.2
RSL,RSLEQN,164.32,163.9,163.9,-0.42,-0.26,108,17701,174.0,101.7
VMM,VMMEQN,112.5,112.2,112.2,-0.3,-0.27,52545,5895549,157.6,98.77
ALIVUS,ALIVUSEQN,1348.4,1344.8,1344.8,-3.6,-0.27,11,14792,1418.0,819.0
LANDMARK,LANDMARKEQN,528.45,527.0,527.0,-1.45,-0.27,32,16864,662.8,339.5
CUBEINVIT,CUBEINVITIVN,156.42,156.0,156.0,-0.42,-0.27,113,17628,165.0,129.0
ORKLAINDIA,ORKLAINDIAEQN,565.7,564.2,564.2,-1.5,-0.27,64,36108,760.0,533.25
ATLANTAELE,ATLANTAELEEQN,1719.6,1715.0,1715.0,-4.6,-0.27,1195,2049425,2152.6,707.6
CREDENT,CREDENTSTN,338.45,337.55,337.55,-0.9,-0.27,2400,810120,380.0,338.45
RELAXO,RELAXOEQN,368.55,367.5,367.5,-1.05,-0.28,994,365295,526.0,236.5
DHARMAJ,DHARMAJEQN,271.25,270.5,270.5,-0.75,-0.28,372,100626,386.5,210.65
RENUKA,RENUKAEQN,24.67,24.6,24.6,-0.07,-0.28,87309,2147801,33.5,21.05
KWIL,KWILEQN,47.19,47.06,47.06,-0.13,-0.28,86361,4064148,50.68,22.24
GOODYEAR,GOODYEAREQN,754.1,752.0,752.0,-2.1,-0.28,17,12784,876.0,711.25
GPTINFRA,GPTINFRAEQN,114.33,114.0,114.0,-0.33,-0.29,6,684,150.0,96.22
GAIL,GAILEQN,175.5,174.99,174.99,-0.51,-0.29,21591,3778209,186.87,134.36
PGIL,PGILEQN,2326.7,2320.0,2320.0,-6.7,-0.29,50,116000,2539.6,1178.1
PAYTM,PAYTMEQN,1718.0,1713.1,1713.1,-4.9,-0.29,15432,26436559,1718.0,930.6
DPABHUSHAN,DPABHUSHANEQN,1459.5,1455.2,1455.2,-4.3,-0.29,57,82946,1670.0,866.1
DRREDDY,DRREDDYEQN,1193.5,1189.9,1189.9,-3.6,-0.3,3553,4227714,1414.9,1101.0
MANKIND,MANKINDEQN,2365.0,2358.0,2358.0,-7.0,-0.3,99,233442,2674.0,1909.7
UJJIVANSFB,UJJIVANSFBEQN,69.46,69.25,69.25,-0.21,-0.3,167176,11576938,73.94,41.95
PROSTARM,PROSTARMEQN,134.58,134.17,134.17,-0.41,-0.3,167,22406,237.0,114.64
ETERNAL,ETERNALEQN,331.0,330.0,330.0,-1.0,-0.3,210990,69626700,368.45,212.6
BAYERCROP,BAYERCROPEQN,4089.5,4077.0,4077.0,-12.5,-0.31,480,1956960,5590.0,4030.0
MACPOWER,MACPOWEREQN,1903.0,1897.1,1897.1,-5.9,-0.31,227,430641,2050.0,761.0
NUCLEUS,NUCLEUSEQN,744.6,742.3,742.3,-2.3,-0.31,9,6680,1084.8,682.0
KSOLVES,KSOLVESEQN,274.15,273.3,273.3,-0.85,-0.31,14,3826,353.99,245.75
HPAL,HPALEQN,35.11,35.0,35.0,-0.11,-0.31,31,1085,53.0,26.52
ARVSMART,ARVSMARTEQN,683.75,681.65,681.65,-2.1,-0.31,122,83161,707.85,486.8
SANSTAR,SANSTAREQN,107.93,107.58,107.58,-0.35,-0.32,54,5809,137.49,74.3
IEX,IEXEQN,124.2,123.8,123.8,-0.4,-0.32,8945,1107391,160.27,114.6
DIFFNKG,DIFFNKGEQN,392.05,390.8,390.8,-1.25,-0.32,302,118021,453.9,216.8
VSTTILLERS,VSTTILLERSEQN,4450.0,4435.8,4435.8,-14.2,-0.32,20,88716,6374.0,4275.0
ICICIAMC,ICICIAMCEQN,3291.8,3281.2,3281.2,-10.6,-0.32,259,849830,3611.0,2530.0
CLSEL,CLSELEQN,319.05,318.0,318.0,-1.05,-0.33,1744,554592,324.8,203.75
MATRIMONY,MATRIMONYEQN,519.25,517.55,517.55,-1.7,-0.33,25,12938,573.0,364.05
VARDMNPOLY,VARDMNPOLYEQN,6.0,5.98,5.98,-0.02,-0.33,200,1196,9.49,5.1
GLENMARK,GLENMARKEQN,2400.0,2392.2,2392.2,-7.8,-0.33,1314,3143350,2474.0,1792.6
POWERGRID,POWERGRIDEQN,271.0,270.1,270.1,-0.9,-0.33,29150,7873415,324.95,250.0
GENSOL,GENSOLBZN,17.96,17.9,17.9,-0.06,-0.33,397,7106,46.02,16.4
JNPR,JNPREQN,258.96,258.11,258.11,-0.85,-0.33,521,134475,281.89,232.11
PDSL,PDSLEQN,365.8,364.6,364.6,-1.2,-0.33,2,729,418.5,246.05
CSM,CSMEQN,97.56,97.24,97.24,-0.32,-0.33,244,23726,113.0,94.27
MPSLTD,MPSLTDEQN,2705.1,2696.0,2696.0,-9.1,-0.34,27,72792,2979.0,1336.1
CORDELIA,CORDELIAEQN,104.45,104.1,104.1,-0.35,-0.34,9035,940543,107.5,62.31
BECTORFOOD,BECTORFOODEQN,250.89,250.0,250.0,-0.89,-0.35,3344,836000,299.0,165.0
STUDDS,STUDDSEQN,450.75,449.15,449.15,-1.6,-0.35,50,22457,600.0,412.3
QUADFUTURE,QUADFUTUREEQN,418.5,417.0,417.0,-1.5,-0.36,9042,3770514,502.4,248.55
VPRPL,VPRPLEQN,33.71,33.59,33.59,-0.12,-0.36,373,12529,150.77,23.94
BEL,BELEQN,413.25,411.75,411.75,-1.5,-0.36,28836,11873223,473.45,361.2
HONDAPOWER,HONDAPOWEREQN,2073.6,2066.2,2066.2,-7.4,-0.36,1,2066,2991.8,1816.6
STEELXIND,STEELXINDEQN,10.8,10.76,10.76,-0.04,-0.37,15524,167038,13.95,7.0
ESTER,ESTEREQN,95.86,95.51,95.51,-0.35,-0.37,55,5253,132.45,68.55
IGCL,IGCLEQN,72.38,72.11,72.11,-0.27,-0.37,333,24012,118.99,49.46
MWL,MWLEQN,40.18,40.03,40.03,-0.15,-0.37,112,4483,43.94,18.26
MASTEK,MASTEKEQN,1666.5,1660.1,1660.1,-6.4,-0.38,223,370202,2625.0,1334.2
AXITA,AXITAEQN,7.98,7.95,7.95,-0.03,-0.38,22107,175750,12.2,6.57
BAJFINANCE,BAJFINANCEEQN,1087.4,1083.3,1083.3,-4.1,-0.38,30142,32652828,1176.4,787.9
HILINFRA,HILINFRAEQN,45.27,45.1,45.1,-0.17,-0.38,272,12267,98.68,40.6
GSPCROP,GSPCROPEQN,631.4,629.0,629.0,-2.4,-0.38,1436,903244,667.95,328.0
RANASUG,RANASUGEQN,15.26,15.2,15.2,-0.06,-0.39,356,5411,16.45,10.21
MEDICAMEQ,MEDICAMEQEQN,237.94,237.0,237.0,-0.94,-0.4,198,46926,447.65,212.4
SUPRAJIT,SUPRAJITEQN,503.25,501.25,501.25,-2.0,-0.4,246,123307,559.25,389.95
DCMSRIND,DCMSRINDEQN,50.5,50.3,50.3,-0.2,-0.4,126,6337,181.9,31.9
TVSSRICHAK,TVSSRICHAKEQN,4812.0,4792.9,4792.9,-19.1,-0.4,55,263609,5050.0,2812.0
DHAMPURSUG,DHAMPURSUGEQN,179.72,179.0,179.0,-0.72,-0.4,3922,702038,199.92,110.0
BI,BIBEN,94.39,94.0,94.0,-0.39,-0.41,112,10528,111.51,51.62
PIIND,PIINDEQN,2508.0,2497.4,2497.4,-10.6,-0.42,316,789178,3917.8,2453.1
MANGLMCEM,MANGLMCEMEQN,1034.5,1030.15,1030.15,-4.35,-0.42,96,98894,1084.95,679.35
SHALBY,SHALBYEQN,154.69,154.04,154.04,-0.65,-0.42,80,12323,274.7,125.82
RUSHIL,RUSHILEQN,16.78,16.71,16.71,-0.07,-0.42,30,501,33.99,12.49
UTIAMC,UTIAMCEQN,889.95,886.15,886.15,-3.8,-0.43,14,12406,1418.0,876.0
PRSMJOHNSN,PRSMJOHNSNEQN,107.96,107.5,107.5,-0.46,-0.43,737,79227,176.0,97.1
IIFL,IIFLEQN,666.25,663.4,663.4,-2.85,-0.43,6858,4549597,705.0,409.1
JINDWORLD,JINDWORLDEQN,34.96,34.81,34.81,-0.15,-0.43,2466,85841,42.4,17.85
SMCGLOBAL,SMCGLOBALEQN,78.88,78.53,78.53,-0.35,-0.44,165,12957,94.9,54.44
INDUSINDBK,INDUSINDBKEQN,1015.0,1010.5,1010.5,-4.5,-0.44,4627,4675583,1077.85,710.6
SAATVIKGL,SAATVIKGLEQN,421.85,420.0,420.0,-1.85,-0.44,50,21000,567.0,328.0
PARASPETRO,PARASPETROEQN,2.21,2.2,2.2,-0.01,-0.45,326,717,3.23,1.53
SHREEPUSHK,SHREEPUSHKEQN,454.1,452.0,452.0,-2.1,-0.46,1329,600708,476.0,272.45
SHOPERSTOP,SHOPERSTOPEQN,394.6,392.8,392.8,-1.8,-0.46,13,5106,572.0,275.95
KKCL,KKCLEQN,515.45,513.1,513.1,-2.35,-0.46,21,10775,595.0,408.35
HAL,HALEQN,4900.0,4877.4,4877.4,-22.6,-0.46,1652,8057464,5149.9,3479.1
SHINDL,SHINDLEQN,163.71,162.96,162.96,-0.75,-0.46,172,28029,179.99,130.6
TARAPUR,TARAPUREQN,15.23,15.16,15.16,-0.07,-0.46,69,1046,39.99,12.21
PRABHA,PRABHAEQN,207.02,206.04,206.04,-0.98,-0.47,25,5151,258.25,137.91
SAMBHAAV,SAMBHAAVEQN,6.34,6.31,6.31,-0.03,-0.47,15010,94713,11.53,5.07
RMC,RMCEQN,253.5,252.3,252.3,-1.2,-0.47,150,37845,530.0,245.4
RIR,RIREQN,162.92,162.16,162.16,-0.76,-0.47,1989,322536,185.99,154.3
RBZJEWEL,RBZJEWELEQN,142.02,141.34,141.34,-0.68,-0.48,562,79433,179.0,100.0
JSFB,JSFBEQN,570.65,567.9,567.9,-2.75,-0.48,547,310641,606.95,330.0
BLKASHYAP,BLKASHYAPEQN,52.45,52.2,52.2,-0.25,-0.48,616,32155,73.6,40.32
TVSHLTD,TVSHLTDEQN,13567.0,13500.0,13500.0,-67.0,-0.49,31,418500,16297.0,11609.0
PTL,PTLEQN,38.54,38.35,38.35,-0.19,-0.49,230,8820,43.77,36.1
DALBHARAT,DALBHARATEQN,1824.0,1815.0,1815.0,-9.0,-0.49,1384,2511960,2496.3,1605.0
GAYAPROJ,GAYAPROJBEN,22.28,22.17,22.17,-0.11,-0.49,298,6606,26.0,8.21
HEXT,HEXTEQN,556.9,554.1,554.1,-2.8,-0.5,580,321378,829.4,400.2
GEMAROMA,GEMAROMAEQN,172.8,171.93,171.93,-0.87,-0.5,2392,411256,349.6,133.0
APOLLOHOSP,APOLLOHOSPEQN,8889.0,8844.5,8844.5,-44.5,-0.5,812,7181734,9050.0,6696.5
SHREEJISPG,SHREEJISPGEQN,645.5,642.25,642.25,-3.25,-0.5,179,114962,681.55,222.0
AGL,AGLEQN,14.07,14.0,14.0,-0.07,-0.5,11999,167986,22.0,12.03
SUPRIYA,SUPRIYAEQN,791.65,787.7,787.7,-3.95,-0.5,377,296962,1085.0,545.5
WOCKPHARMA,WOCKPHARMAEQN,1899.6,1890.0,1890.0,-9.6,-0.51,3283,6204870,2422.3,1086.7
AVADHSUGAR,AVADHSUGAREQN,806.15,802.0,802.0,-4.15,-0.51,232,186064,884.8,306.05
KAMATHOTEL,KAMATHOTELEQN,227.2,226.01,226.01,-1.19,-0.52,537,121367,329.8,140.2
LUMAXIND,LUMAXINDEQN,5909.0,5878.5,5878.5,-30.5,-0.52,1,5878,6934.5,3706.7
RELIANCE,RELIANCEEQN,1317.0,1310.0,1310.0,-7.0,-0.53,142743,186993330,1611.8,1249.8
JETFREIGHT,JETFREIGHTEQN,22.32,22.2,22.2,-0.12,-0.54,2,44,25.95,11.9
FLAIR,FLAIREQN,250.95,249.6,249.6,-1.35,-0.54,9,2246,348.8,242.9
TORNTPHARM,TORNTPHARMEQN,4932.0,4905.0,4905.0,-27.0,-0.55,409,2006145,5250.0,3480.6
INDORAMA,INDORAMAEQN,60.53,60.2,60.2,-0.33,-0.55,50,3010,75.0,29.0
DREAMFOLKS,DREAMFOLKSEQN,67.42,67.05,67.05,-0.37,-0.55,310,20785,160.0,56.0
ASAHIINDIA,ASAHIINDIAEQN,955.9,950.55,950.55,-5.35,-0.56,313,297522,1074.0,775.1
GOLDIAM,GOLDIAMEQN,360.0,358.0,358.0,-2.0,-0.56,2244,803352,398.2,198.75
NURECA,NURECABEN,296.65,295.0,295.0,-1.65,-0.56,1,295,358.0,204.0
KMSUGAR,KMSUGAREQN,32.48,32.29,32.29,-0.19,-0.58,2504,80854,36.5,23.0
AFCONS,AFCONSEQN,285.7,284.05,284.05,-1.65,-0.58,3216,913504,479.4,259.1
KCP,KCPEQN,177.06,176.01,176.01,-1.05,-0.59,208,36610,212.2,125.0
PLASTIBLEN,PLASTIBLENEQN,189.13,188.0,188.0,-1.13,-0.6,200,37600,216.29,121.01
MAGADSUGAR,MAGADSUGAREQN,582.35,578.85,578.85,-3.5,-0.6,35,20259,634.95,417.0
SKIPPER,SKIPPEREQN,549.2,545.9,545.9,-3.3,-0.6,2599,1418794,593.0,327.05
CIPLA,CIPLAEQN,1422.0,1413.5,1413.5,-8.5,-0.6,9908,14004958,1673.0,1165.7
SATIN,SATINEQN,221.36,220.0,220.0,-1.36,-0.61,2318,509960,274.14,133.01
CERA,CERAEQN,5819.0,5783.5,5783.5,-35.5,-0.61,5,28917,6740.0,4461.1
ARFIN,ARFINEQN,84.52,84.0,84.0,-0.52,-0.62,3,252,106.2,32.0
FERMENTA,FERMENTAEQN,468.4,465.5,465.5,-2.9,-0.62,1,465,580.45,248.85
VERANDA,VERANDAEQN,248.0,246.45,246.45,-1.55,-0.63,75,18483,272.5,130.02
OIL,OILEQN,467.5,464.55,464.55,-2.95,-0.63,7979,3706644,531.0,384.6
WENDT,WENDTEQN,8189.0,8137.0,8137.0,-52.0,-0.63,6,48822,10341.0,5841.5
SCHAND,SCHANDEQN,135.86,135.0,135.0,-0.86,-0.63,1,135,200.0,130.05
PONNIERODE,PONNIERODEEQN,402.55,400.0,400.0,-2.55,-0.63,27,10800,455.0,252.4
EIMCOELECO,EIMCOELECOEQN,2237.6,2223.0,2223.0,-14.6,-0.65,49,108927,2380.0,1405.5
BOROLTD,BOROLTDEQN,261.45,259.75,259.75,-1.7,-0.65,16628,4319123,397.95,213.73
UTTAMSUGAR,UTTAMSUGAREQN,323.13,321.0,321.0,-2.13,-0.66,2844,912924,359.3,181.1
BHARATWIRE,BHARATWIREEQN,189.25,188.0,188.0,-1.25,-0.66,403,75764,262.0,148.01
WEL,WELEQN,134.02,133.14,133.14,-0.88,-0.66,702,93464,183.53,75.01
ADOR,ADOREQN,1580.4,1570.0,1570.0,-10.4,-0.66,125,196250,1701.9,848.0
SEKURITIND,SEKURITINDEQN,117.07,116.3,116.3,-0.77,-0.66,72,8373,124.65,115.0
OILCOUNTUB,OILCOUNTUBBEN,58.39,58.0,58.0,-0.39,-0.67,1,58,84.6,35.65
MPHASIS,MPHASISEQN,2431.9,2415.6,2415.6,-16.3,-0.67,887,2142637,3037.2,2013.0
DPWIRES,DPWIRESBEN,154.04,153.0,153.0,-1.04,-0.68,2,306,306.95,125.02
BHARTIARTL,BHARTIARTLEQN,1947.0,1933.5,1933.5,-13.5,-0.69,198581,383956363,2174.5,1740.5
LALPATHLAB,LALPATHLABEQN,1913.7,1900.0,1900.0,-13.7,-0.72,767,1457300,1988.9,1272.6
GUJTHEM,GUJTHEMEQN,404.7,401.75,401.75,-2.95,-0.73,2270,911972,479.0,225.05
RPOWER,RPOWEREQN,22.7,22.53,22.53,-0.17,-0.75,91756,2067262,50.73,20.17
MARATHON,MARATHONEQN,402.4,399.4,399.4,-3.0,-0.75,1456,581526,685.4,344.05
TSFINV,TSFINVEQN,411.1,408.0,408.0,-3.1,-0.75,1701,694008,701.5,331.7
FINEORG,FINEORGEQN,5186.9,5147.7,5147.7,-39.2,-0.76,57,293418,5407.0,3856.0
CIFL,CIFLEQN,20.87,20.71,20.71,-0.16,-0.77,272,5633,39.69,19.56
BAJAJST,BAJAJSTEQN,356.85,354.1,354.1,-2.75,-0.77,1,354,507.8,348.0
KOHINOOR,KOHINOOREQN,35.78,35.5,35.5,-0.28,-0.78,442,15691,38.47,19.2
KMCSHIL,KMCSHILEQN,140.22,139.11,139.11,-1.11,-0.79,3154,438752,148.0,134.7
TRIGYN,TRIGYNEQN,56.05,55.6,55.6,-0.45,-0.8,2,111,102.4,37.55
AJAXENGG,AJAXENGGEQN,570.6,566.0,566.0,-4.6,-0.81,45,25470,728.5,394.8
PRIMO,PRIMOEQN,20.8,20.63,20.63,-0.17,-0.82,1,20,27.21,16.1
ADVIKCA,ADVIKCAEQN,1.2,1.19,1.19,-0.01,-0.83,715,850,1.27,1.15
VRAJ,VRAJEQN,121.32,120.3,120.3,-1.02,-0.84,59,7097,159.99,93.0
ARIS,ARISEQN,144.26,143.05,143.05,-1.21,-0.84,6201,887053,178.3,82.18
VIMTALABS,VIMTALABSEQN,626.35,621.0,621.0,-5.35,-0.85,779,483759,902.65,376.05
LCL,LCLEQN,587.0,582.0,582.0,-5.0,-0.85,1517,882894,599.5,461.0
TRIVENI,TRIVENIEQN,292.88,290.35,290.35,-2.53,-0.86,6879,1997317,490.1,220.05
BODALCHEM,BODALCHEMBEN,87.05,86.3,86.3,-0.75,-0.86,12480,1077024,87.05,42.81
APOLLOPIPE,APOLLOPIPEEQN,663.75,658.0,658.0,-5.75,-0.87,4406,2899148,668.8,252.1
ESSENTIA,ESSENTIAEQN,1.13,1.12,1.12,-0.01,-0.88,6584,7374,1.96,0.95
KOPRAN,KOPRANBEN,192.5,190.8,190.8,-1.7,-0.88,28,5342,219.0,107.0
SPCENET,SPCENETEQN,3.34,3.31,3.31,-0.03,-0.9,80198,265455,11.24,3.0
ESAFSFB,ESAFSFBBEN,43.3,42.9,42.9,-0.4,-0.92,277,11883,44.7,19.78
PAISALO,PAISALOEQN,69.29,68.65,68.65,-0.64,-0.92,10783,740252,77.39,29.86
DIXON,DIXONEQN,14990.0,14850.0,14850.0,-140.0,-0.93,3116,46272600,18471.0,9600.0
STYL,STYLEQN,393.7,390.0,390.0,-3.7,-0.94,10,3900,437.45,209.11
UMIYA-MRO,UMIYA-MROEQN,88.86,88.0,88.0,-0.86,-0.97,100,8800,110.9,70.0
BIOPOL,BIOPOLSMN,96.55,95.6,95.6,-0.95,-0.98,1200,114720,133.75,84.0
MADHUCON,MADHUCONBEN,5.1,5.05,5.05,-0.05,-0.98,400,2020,8.55,3.61
RAJESHEXPO,RAJESHEXPOBZN,77.27,76.51,76.51,-0.76,-0.98,354,27084,237.88,72.63
SAKHTISUG,SAKHTISUGEQN,21.73,21.51,21.51,-0.22,-1.01,304,6539,24.75,13.52
AAKASH,AAKASHEQN,8.8,8.71,8.71,-0.09,-1.02,163,1419,13.4,7.21
BIRLAPREC,BIRLAPRECEQN,44.07,43.62,43.62,-0.45,-1.02,1020,44492,49.99,32.25
TANAA,TANAAEQN,298.7,295.65,295.65,-3.05,-1.02,10,2956,322.0,296.0
LAMBODHARA,LAMBODHARAEQN,142.03,140.55,140.55,-1.48,-1.04,356,50035,162.0,81.8
THEMISMED,THEMISMEDEQN,119.24,117.99,117.99,-1.25,-1.05,557,65720,148.0,64.95
BALAJEE,BALAJEEEQN,26.4,26.12,26.12,-0.28,-1.06,213,5563,59.9,21.1
NRAIL,NRAILEQN,509.65,504.25,504.25,-5.4,-1.06,1,504,574.0,357.3
FACT,FACTEQN,876.1,866.8,866.8,-9.3,-1.06,7960,6899728,1058.6,652.1
HINDCOPPER,HINDCOPPEREQN,532.65,527.0,527.0,-5.65,-1.06,743918,392044786,760.05,226.7
IDBI,IDBIEQN,88.31,87.35,87.35,-0.96,-1.09,53463,4669993,118.38,61.01
EMKAY,EMKAYEQN,241.66,239.01,239.01,-2.65,-1.1,1,239,409.9,186.0
INVENTURE,INVENTUREEQN,0.91,0.9,0.9,-0.01,-1.1,27114,24402,1.72,0.72
HEXAGON,HEXAGONBEN,69.81,69.03,69.03,-0.78,-1.12,588,40589,78.25,48.1
POEL,POELEQN,152.34,150.57,150.57,-1.77,-1.16,105,15809,168.97,145.0
SUNSHIEL,SUNSHIELEQN,1178.6,1164.9,1164.9,-13.7,-1.16,1,1164,1280.0,1151.1
PRADPME,PRADPMEBEN,510.0,504.0,504.0,-6.0,-1.18,1,504,596.0,357.05
UGARSUGAR,UGARSUGAREQN,55.66,55.0,55.0,-0.66,-1.19,9984,549120,62.1,33.75
SHIVACEM,SHIVACEMEQN,16.66,16.46,16.46,-0.2,-1.2,800,13168,17.94,16.01
OMAXAUTO,OMAXAUTOEQN,193.02,190.7,190.7,-2.32,-1.2,96,18307,263.4,84.5
UYFINCORP,UYFINCORPBEN,19.86,19.62,19.62,-0.24,-1.21,118,2315,22.34,11.16
RAJSREESUG,RAJSREESUGEQN,38.09,37.62,37.62,-0.47,-1.23,19,714,49.7,24.65
PILITA,PILITAEQN,7.93,7.83,7.83,-0.1,-1.26,109,853,15.9,6.2
MAZDA,MAZDABEN,240.08,237.05,237.05,-3.03,-1.26,25,5926,308.0,159.2
PYRAMID,PYRAMIDEQN,162.64,160.55,160.55,-2.09,-1.29,1100,176605,198.69,131.8
ABANSENT,ABANSENTEQN,27.62,27.26,27.26,-0.36,-1.3,3,81,48.85,22.3
ASHIMASYN,ASHIMASYNEQN,18.25,18.01,18.01,-0.24,-1.32,300,5403,26.25,11.5
SALSTEEL,SALSTEELEQN,74.49,73.5,73.5,-0.99,-1.33,808,59388,81.8,16.85
DEN,DENEQN,28.12,27.74,27.74,-0.38,-1.35,2949,81805,37.35,22.52
BELLACASA,BELLACASAEQN,223.36,220.31,220.31,-3.05,-1.37,501,110375,497.35,214.68
CAPACITE,CAPACITEEQN,223.38,220.3,220.3,-3.08,-1.38,1700,374510,334.0,180.0
GVKPIL,GVKPILBEN,2.16,2.13,2.13,-0.03,-1.39,5008,10667,4.06,2.16
BAHETI,BAHETISMN,841.85,830.1,830.1,-11.75,-1.4,3750,3112875,843.9,478.0
DPSCLTD,DPSCLTDBEN,7.15,7.05,7.05,-0.1,-1.4,1372,9672,13.31,6.85
IBULLSLTD,IBULLSLTDEQN,27.09,26.7,26.7,-0.39,-1.44,45497,1214769,32.5,8.9
SURANASOL,SURANASOLEQN,25.98,25.6,25.6,-0.38,-1.46,50,1280,39.08,18.31
GOCOLORS,GOCOLORSEQN,340.25,335.25,335.25,-5.0,-1.47,3018,1011784,760.9,237.05
ZENITHSTL,ZENITHSTLEQN,5.39,5.31,5.31,-0.08,-1.48,352,1869,10.33,4.41
LGHL,LGHLEQN,174.84,172.25,172.25,-2.59,-1.48,87,14985,399.58,168.0
SIMCA,SIMCASMN,266.2,262.25,262.25,-3.95,-1.48,600,157350,291.0,132.0
GLOBE,GLOBEEQN,2.02,1.99,1.99,-0.03,-1.49,1107,2202,3.29,1.86
GROWW,GROWWEQN,203.01,199.98,199.98,-3.03,-1.49,626977,125382860,227.2,112.0
21STCENMGM,21STCENMGMEQN,43.17,42.51,42.51,-0.66,-1.53,1000,42510,56.99,28.25
KAMOPAINTS,KAMOPAINTSEQN,4.58,4.51,4.51,-0.07,-1.53,75,338,10.76,3.6
RAINBOW,RAINBOWEQN,1445.2,1423.0,1423.0,-22.2,-1.54,1901,2705123,1610.0,1084.0
AGSTRA,AGSTRABZN,1.93,1.9,1.9,-0.03,-1.55,184,349,6.17,1.92
BSHSL,BSHSLEQN,88.6,87.2,87.2,-1.4,-1.58,15,1308,150.0,59.16
RELINFRA,RELINFRABEN,61.48,60.5,60.5,-0.98,-1.59,1307,79073,299.0,60.04
GLOBAL,GLOBALEQN,106.71,105.0,105.0,-1.71,-1.6,42,4410,121.9,55.3
TIGERLOGS,TIGERLOGSEQN,30.5,30.01,30.01,-0.49,-1.61,1000,30010,56.69,22.9
INTLCONV,INTLCONVEQN,75.42,74.2,74.2,-1.22,-1.62,74,5490,114.54,60.0
NILASPACES,NILASPACESEQN,12.76,12.55,12.55,-0.21,-1.65,25693,322447,20.47,11.35
DUCON,DUCONEQN,2.4,2.36,2.36,-0.04,-1.67,11024,26016,4.57,1.57
BLBLIMITED,BLBLIMITEDEQN,16.03,15.76,15.76,-0.27,-1.68,100,1576,22.47,12.0
HYBRIDFIN,HYBRIDFINBEN,17.1,16.8,16.8,-0.3,-1.75,1,16,33.62,13.06
RATNAMANI,RATNAMANIEQN,2711.5,2661.1,2661.1,-50.4,-1.86,2074,5519121,3345.0,1936.5
GANDHITUBE,GANDHITUBEEQN,898.8,882.0,882.0,-16.8,-1.87,30,26460,1031.8,681.05
FOCUS,FOCUSBEN,67.65,66.37,66.37,-1.28,-1.89,212,14070,99.9,57.06
NAGREEKEXP,NAGREEKEXPEQN,22.69,22.26,22.26,-0.43,-1.9,15,333,40.0,17.5
GREENLAM,GREENLAMEQN,248.85,244.1,244.1,-4.75,-1.91,3287,802356,278.63,197.59
WELCORP,WELCORPEQN,2345.5,2300.0,2300.0,-45.5,-1.94,13497,31043100,2433.9,710.0
TRU,TRUEQN,4.11,4.03,4.03,-0.08,-1.95,1367,5509,13.82,4.0
VIRAT,VIRATEQN,448.8,440.0,440.0,-8.8,-1.96,1,440,494.4,268.05
MOTOGENFIN,MOTOGENFINBEN,26.74,26.21,26.21,-0.53,-1.98,10,262,32.82,17.5
ABAN,ABANBEN,16.06,15.74,15.74,-0.32,-1.99,3,47,52.14,12.89
VIPCLOTHNG,VIPCLOTHNGEQN,20.57,20.16,20.16,-0.41,-1.99,273,5503,41.2,14.05
TOKYOPLAST,TOKYOPLASTEQN,76.56,75.0,75.0,-1.56,-2.04,1,75,140.85,53.86
IREDA,IREDAEQN,120.61,117.99,117.99,-2.62,-2.17,73874,8716393,163.35,108.65
CUMMINSIND,CUMMINSINDEQN,5239.5,5125.0,5125.0,-114.5,-2.19,10710,54888750,6100.0,3777.3
ALPINETEX,ALPINETEXEQN,55.84,54.6,54.6,-1.24,-2.22,6926,378159,105.0,55.25
BANARBEADS,BANARBEADSEQN,110.52,108.0,108.0,-2.52,-2.28,5,540,164.7,96.05
BANG,BANGEQN,34.71,33.92,33.92,-0.79,-2.28,1081,36667,62.07,25.84
INDOUS,INDOUSEQN,81.99,80.1,80.1,-1.89,-2.31,3261,261206,159.0,74.98
DCMNVL,DCMNVLEQN,180.29,176.05,176.05,-4.24,-2.35,25,4401,181.63,95.6
SHBAJRG,SHBAJRGEQN,165.11,161.1,161.1,-4.01,-2.43,10,1611,214.95,150.5
IWP,IWPEQN,33.65,32.8,32.8,-0.85,-2.53,20,656,39.15,28.0
BURNPUR,BURNPUREQN,12.15,11.84,11.84,-0.31,-2.55,5039,59661,21.39,12.15
AKASH,AKASHEQN,24.77,24.13,24.13,-0.64,-2.58,55,1327,36.0,22.8
HPTL,HPTLSMN,350.1,341.0,341.0,-9.1,-2.6,600,204600,360.0,179.0
SILINV,SILINVEQN,474.95,462.4,462.4,-12.55,-2.64,25,11560,767.0,380.0
LCCINFOTEC,LCCINFOTECEQN,3.41,3.32,3.32,-0.09,-2.64,200,664,5.89,3.31
RADAAN,RADAANEQN,3.0,2.92,2.92,-0.08,-2.67,32,93,3.99,2.35
LAKSHMIMIL,LAKSHMIMILEQN,8020.5,7800.5,7800.5,-220.0,-2.74,2,15601,8505.0,7900.0
BEDMUTHA,BEDMUTHAEQN,108.12,105.1,105.1,-3.02,-2.79,9,945,154.9,94.55
ELDEHSG,ELDEHSGEQN,809.75,787.0,787.0,-22.75,-2.81,15,11805,1044.1,691.2
RKDL,RKDLEQN,18.66,18.12,18.12,-0.54,-2.89,22,398,32.48,16.3
GKB,GKBEQN,63.0,61.11,61.11,-1.89,-3.0,60,3666,70.0,60.3
VIRINCHI,VIRINCHIEQN,15.53,15.06,15.06,-0.47,-3.03,617,9292,32.69,13.81
INFOMEDIA,INFOMEDIAEQN,5.28,5.12,5.12,-0.16,-3.03,2,10,8.05,4.5
SAHLIBHFI,SAHLIBHFIEQN,72.99,70.75,70.75,-2.24,-3.07,50,3537,86.89,66.6
QUINT,QUINTEQN,43.64,42.21,42.21,-1.43,-3.28,300,12663,47.69,33.45
UEL,UELEQN,163.57,158.01,158.01,-5.56,-3.4,991,156587,284.2,92.32
AQYLON,AQYLONEQN,25.2,24.34,24.34,-0.86,-3.41,4022,97895,224.7,20.87
VIYASH,VIYASHEQN,278.35,268.85,268.85,-9.5,-3.41,2189758,588716438,298.0,167.95
TPHQ,TPHQBEN,0.57,0.55,0.55,-0.02,-3.51,24801,13640,0.86,0.4
LPDC,LPDCEQN,7.18,6.92,6.92,-0.26,-3.62,300,2076,9.46,5.23
SPECTRUM,SPECTRUMBEN,2190.2,2110.1,2110.1,-80.1,-3.66,86,181468,2637.2,1050.0
UFBL,UFBLBEN,796.1,765.7,765.7,-30.4,-3.82,369,282543,850.0,172.34
KOTARISUG,KOTARISUGEQN,35.25,33.87,33.87,-1.38,-3.91,2369,80238,39.94,22.5
DBSTOCKBRO,DBSTOCKBROBEN,28.67,27.55,27.55,-1.12,-3.91,2002,55155,48.5,23.15
NATIONSTD,NATIONSTDEQN,114.61,110.02,110.02,-4.59,-4.0,897,98687,1519.95,114.61
NAGREEKCAP,NAGREEKCAPEQN,23.05,22.11,22.11,-0.94,-4.08,11,243,42.75,19.3
ABINFRA,ABINFRABEN,12.57,12.01,12.01,-0.56,-4.46,5291,63544,23.56,8.82
VENUSREM,VENUSREMBEN,1657.4,1581.3,1581.3,-76.1,-4.59,3292,5205639,2044.3,424.0
MYSORPETRO,MYSORPETROBEN,145.86,139.01,139.01,-6.85,-4.7,200,27802,182.03,111.0
CRSL,CRSLBEN,2.76,2.63,2.63,-0.13,-4.71,2004,5270,0.0,0.0
QVCEL,QVCELSMN,27.2,25.9,25.9,-1.3,-4.78,1600,41440,35.3,21.75
GANGAFORGE,GANGAFORGEEQN,1.86,1.77,1.77,-0.09,-4.84,112640,199372,3.29,1.59
EMPOWER,EMPOWEREQN,2.46,2.34,2.34,-0.12,-4.88,128803,301399,2.82,1.3
NAMOEWASTE,NAMOEWASTESTN,276.1,262.6,262.6,-13.5,-4.89,1600,420160,319.4,134.0
BIKEWO,BIKEWOSTN,85.5,81.25,81.25,-4.25,-4.97,6000,487500,115.8,13.65
SANGINITA,SANGINITABEN,50.92,48.38,48.38,-2.54,-4.99,36761,1778497,68.02,9.23
SICALLOG,SICALLOGBEN,100.37,95.36,95.36,-5.01,-4.99,7856,749148,122.5,60.11
MVKAGRO,MVKAGROSMN,160.05,152.05,152.05,-8.0,-5.0,89700,13638885,819.0,160.05
INDOTHAI,INDOTHAIEQN,53.85,51.16,51.16,-2.69,-5.0,14109,721816,466.35,53.85
TAKE,TAKEEQN,18.81,17.87,17.87,-0.94,-5.0,3331,59524,50.14,9.9
ONIXSOLAR,ONIXSOLAREQN,276.25,262.45,262.45,-13.8,-5.0,109143,28644580,393.95,276.15
MPDL,MPDLEQN,37.44,34.9,34.9,-2.54,-6.78,247,8620,45.29,23.26
MVELECTRO,MVELECTROEQN,564.15,525.0,525.0,-39.15,-6.94,24053,12627825,686.5,520.0
KJMCFIN,KJMCFINEQN,71.97,66.25,66.25,-5.72,-7.95,16,1060,84.5,51.01
PANSARI,PANSARIEQN,328.85,300.0,300.0,-28.85,-8.77,1,300,388.9,233.3
HBPOR,HBPOREQN,60.74,48.6,48.6,-12.14,-19.99,210,10206,63.99,55.05
