symbol,identifier,previousClose,lastPrice,iep,change,pChange,finalQuantity,totalTurnover,yearHigh,yearLow
TECILCHEM,TECILCHEMEQN,9.2,10.68,10.68,1.48,16.09,25,267,22.08,8.0
QUINT,QUINTEQN,57.88,63.66,63.66,5.78,9.99,2189,139351,57.88,33.45
RIR,RIREQN,179.77,194.74,194.74,14.97,8.33,43484,8468074,203.83,154.0
MGEL,MGELEQN,15.6,16.8,16.8,1.2,7.69,26622,447249,18.4,9.53
DHARAN,DHARANBZN,0.13,0.14,0.14,0.01,7.69,48729,6822,0.61,0.11
KHAITANLTD,KHAITANLTDEQN,149.37,159.95,159.95,10.58,7.08,6,959,178.0,85.0
SBGLP,SBGLPEQN,21.49,23.0,23.0,1.51,7.03,10200,234600,40.9,18.35
ASTAR,ASTAREQN,560.7,598.0,598.0,37.3,6.65,22,13156,723.0,485.0
DNAMEDIA,DNAMEDIAEQN,2.45,2.6,2.6,0.15,6.12,101,262,5.15,2.26
BCONCEPTS,BCONCEPTSEQN,150.68,159.74,159.74,9.06,6.01,1,159,449.0,148.0
INNOVANA,INNOVANAEQN,301.3,319.0,319.0,17.7,5.87,9,2871,550.0,290.0
ZENITHSTL,ZENITHSTLEQN,5.49,5.8,5.8,0.31,5.65,20,116,10.33,4.41
ASIANTNE,ASIANTNEEQN,9.19,9.7,9.7,0.51,5.55,5,48,10.99,8.22
AROGRANITE,AROGRANITEEQN,22.55,23.8,23.8,1.25,5.54,100,2380,45.63,18.67
SHANTI,SHANTIEQN,6.06,6.39,6.39,0.33,5.45,100,639,12.26,4.7
SUVIDHAA,SUVIDHAAEQN,2.21,2.33,2.33,0.12,5.43,100,233,4.25,1.77
TARAPUR,TARAPUREQN,12.53,13.21,13.21,0.68,5.43,5,66,39.99,12.1
VEDAVAAG,VEDAVAAGEQN,19.77,20.79,20.79,1.02,5.16,14960,311018,25.69,16.98
KRSNAA,KRSNAAEQN,536.4,563.9,563.9,27.5,5.13,5629,3174193,894.4,515.0
GLOBECIVIL,GLOBECIVILEQN,42.56,44.7,44.7,2.14,5.03,10,447,80.0,33.5
SEJALLTD,SEJALLTDEQN,649.25,681.7,681.7,32.45,5.0,667,454693,1036.7,381.0
MONEYBOXX,MONEYBOXXEQN,49.43,51.9,51.9,2.47,5.0,900,46710,91.5,35.85
MBECL,MBECLBEN,364.26,382.47,382.47,18.21,5.0,838,320509,364.26,213.0
ONMOBILE,ONMOBILEBEN,51.81,54.4,54.4,2.59,5.0,5397,293596,84.0,40.21
AGRITECH,AGRITECHEQN,98.1,103.0,103.0,4.9,4.99,1,103,187.19,92.52
BURNPUR,BURNPURBEN,16.67,17.5,17.5,0.83,4.98,1465,25637,22.63,11.13
GFSTEELS,GFSTEELSBEN,23.08,24.23,24.23,1.15,4.98,790,19141,23.08,10.21
GSMFOILS,GSMFOILSSMN,85.85,90.1,90.1,4.25,4.95,6000,540600,293.85,79.7
FELDVR,FELDVRBZN,2.05,2.15,2.15,0.1,4.88,101,217,3.74,2.0
SOFTTECH,SOFTTECHEQN,476.9,500.0,500.0,23.1,4.84,478,239000,489.9,215.0
FROG,FROGSMN,290.95,304.95,304.95,14.0,4.81,800,243960,301.5,123.5
LCCINFOTEC,LCCINFOTECEQN,3.13,3.28,3.28,0.15,4.79,5000,16400,5.89,2.88
KSHITIJPOL,KSHITIJPOLEQN,3.83,4.01,4.01,0.18,4.7,111996,449103,7.2,1.88
INDIANCARD,INDIANCARDEQN,214.96,225.0,225.0,10.04,4.67,1,225,288.85,153.0
POEL,POELEQN,137.47,143.79,143.79,6.32,4.6,1,143,168.97,136.11
MLKFOOD,MLKFOODEQN,75.59,79.0,79.0,3.41,4.51,1,79,93.0,75.0
ROLLT,ROLLTBEN,5.19,5.42,5.42,0.23,4.43,43041,233282,5.19,1.07
MGSL,MGSLSMN,66.1,69.0,69.0,2.9,4.39,1200,82800,120.0,57.2
KEEPLEARN,KEEPLEARNEQN,1.83,1.91,1.91,0.08,4.37,2,3,3.21,1.51
SADBHIN,SADBHINEQN,2.55,2.66,2.66,0.11,4.31,108,287,4.79,2.06
TOYAMSL,TOYAMSLEQN,0.71,0.74,0.74,0.03,4.23,1274,942,0.71,0.6
GLASSWALL,GLASSWALLEQN,214.85,223.75,223.75,8.9,4.14,358239,80155976,0.0,0.0
SOMICONVEY,SOMICONVEYEQN,94.11,98.0,98.0,3.89,4.13,8124,796152,169.4,80.16
KAMANWALA,KAMANWALAEQN,17.24,17.95,17.95,0.71,4.12,108,1938,19.51,13.55
SHIVAMAUTO,SHIVAMAUTOEQN,16.33,17.0,17.0,0.67,4.1,1296,22032,35.79,13.05
LAXMICOT,LAXMICOTEQN,13.22,13.76,13.76,0.54,4.08,1000,13760,25.48,11.36
BRAHMINFRA,BRAHMINFRAEQN,155.58,161.88,161.88,6.3,4.05,1,161,184.0,142.1
HILINFRA,HILINFRAEQN,43.83,45.6,45.6,1.77,4.04,15452,704611,91.3,40.1
HBPOR,HBPOREQN,62.3,64.75,64.75,2.45,3.93,101,6539,65.0,48.6
TREEHOUSE,TREEHOUSEEQN,5.87,6.1,6.1,0.23,3.92,4,24,11.0,5.52
MAXVOLT,MAXVOLTSMN,384.95,399.9,399.9,14.95,3.88,2000,799800,509.0,213.0
GSS,GSSEQN,10.08,10.47,10.47,0.39,3.87,13,136,28.84,8.68
OBCL,OBCLEQN,56.98,59.18,59.18,2.2,3.86,1411,83502,62.0,46.51
ISHANCH,ISHANCHEQN,47.12,48.9,48.9,1.78,3.78,10,489,83.37,41.71
AQYLON,AQYLONEQN,19.71,20.45,20.45,0.74,3.75,4151,84887,224.7,19.66
CIFL,CIFLEQN,20.2,20.95,20.95,0.75,3.71,3160,66202,39.69,18.56
EMMBI,EMMBIBEN,87.75,90.95,90.95,3.2,3.65,6,545,116.9,60.3
MADHAVIPL,MADHAVIPLEQN,7.69,7.97,7.97,0.28,3.64,150,1195,9.9,6.95
NEUEON,NEUEONBEN,11.09,11.49,11.49,0.4,3.61,1,11,27.4,5.76
LATTEYS,LATTEYSEQN,20.65,21.39,21.39,0.74,3.58,100,2139,37.0,15.79
SITINET,SITINETBZN,0.28,0.29,0.29,0.01,3.57,3170,919,0.5,0.27
LEXUS,LEXUSEQN,13.52,14.0,14.0,0.48,3.55,152,2128,39.25,12.58
GUJAPOLLO,GUJAPOLLOEQN,338.1,349.85,349.85,11.75,3.48,6,2099,512.0,300.5
SONAMLTD,SONAMLTDBEN,71.44,73.89,73.89,2.45,3.43,10,738,80.32,37.4
GRADIENTE,GRADIENTEBEN,2.34,2.42,2.42,0.08,3.42,4537,10979,9.4,2.08
MAKERSL,MAKERSLEQN,177.92,184.0,184.0,6.08,3.42,51,9384,236.0,150.0
ALMONDZ,ALMONDZEQN,18.01,18.6,18.6,0.59,3.28,12318,229114,20.79,10.68
VPRPL,VPRPLEQN,31.79,32.83,32.83,1.04,3.27,605,19862,119.87,23.94
MAITHANALL,MAITHANALLEQN,994.45,1026.95,1026.95,32.5,3.27,2475,2541701,1210.1,831.2
KOTIC,KOTICEQN,133.61,137.95,137.95,4.34,3.25,2056,283625,223.7,123.12
BROOKS,BROOKSEQN,61.02,62.99,62.99,1.97,3.23,15,944,160.0,36.3
KSR,KSREQN,46.52,47.99,47.99,1.47,3.16,634,30425,46.62,14.04
EMAMIREAL,EMAMIREALEQN,66.31,68.4,68.4,2.09,3.15,10,684,119.68,48.2
HINDCON,HINDCONEQN,23.76,24.5,24.5,0.74,3.11,100,2450,37.75,15.66
TNTELE,TNTELEEQN,8.72,8.99,8.99,0.27,3.1,100,899,15.74,7.81
LAMBODHARA,LAMBODHARAEQN,117.76,121.4,121.4,3.64,3.09,25,3035,151.96,81.8
WILLAMAGOR,WILLAMAGOREQN,24.59,25.35,25.35,0.76,3.09,10,253,37.5,21.11
SETCO,SETCOBEN,16.95,17.47,17.47,0.52,3.07,160,2795,28.62,11.56
DRCSYSTEMS,DRCSYSTEMSEQN,12.48,12.86,12.86,0.38,3.04,237,3047,22.78,11.5
PRANAV,PRANAVEQN,106.81,110.0,110.0,3.19,2.99,44773,4925030,165.1,105.6
RUBFILA,RUBFILAEQN,65.04,66.96,66.96,1.92,2.95,50,3348,88.88,57.31
KOTHARIPRO,KOTHARIPROEQN,64.14,66.0,66.0,1.86,2.9,60,3960,109.0,58.0
GANESHIN,GANESHINSTN,93.35,96.0,96.0,2.65,2.84,800,76800,250.0,66.4
MANAKSTEEL,MANAKSTEELBEN,106.42,109.4,109.4,2.98,2.8,308,33695,120.76,45.11
SALSTEEL,SALSTEELEQN,74.62,76.7,76.7,2.08,2.79,3560,273052,86.25,26.1
CSM,CSMEQN,96.22,98.9,98.9,2.68,2.79,6166,609817,113.0,76.26
FEL,FELBZN,0.36,0.37,0.37,0.01,2.78,2125,786,0.65,0.34
MKEXIM,MKEXIMEQN,65.17,66.94,66.94,1.77,2.72,23,1539,68.69,45.7
ALPINETEX,ALPINETEXEQN,52.33,53.75,53.75,1.42,2.71,781,41978,105.0,49.15
WEWIN,WEWINEQN,41.87,43.0,43.0,1.13,2.7,8,344,78.0,35.38
DOLLEX,DOLLEXEQN,37.0,38.0,38.0,1.0,2.7,1,38,43.55,26.0
JINDWORLD,JINDWORLDEQN,49.16,50.48,50.48,1.32,2.69,22390,1130247,61.99,17.85
HTMEDIA,HTMEDIAEQN,22.99,23.6,23.6,0.61,2.65,51,1203,31.3,17.52
S&SPOWER,S&SPOWEREQN,321.35,329.8,329.8,8.45,2.63,10,3298,468.9,193.5
BPLPHARMA,BPLPHARMAEQN,1509.8,1549.2,1549.2,39.4,2.61,4,6196,1649.0,1125.7
AVONMORE,AVONMOREEQN,13.06,13.4,13.4,0.34,2.6,100,1340,20.79,9.05
HILTON,HILTONEQN,17.52,17.97,17.97,0.45,2.57,894,16065,47.08,13.43
AAREYDRUGS,AAREYDRUGSEQN,99.94,102.49,102.49,2.55,2.55,39,3997,101.29,50.31
TURTLEMINT,TURTLEMINTEQN,127.74,131.0,131.0,3.26,2.55,3216,421296,160.0,110.41
FOODSIN,FOODSINEQN,51.98,53.3,53.3,1.32,2.54,1005,53566,93.63,44.0
STLSTRINF,STLSTRINFEQN,26.52,27.18,27.18,0.66,2.49,325,8833,27.9,14.59
ARENTERP,ARENTERPEQN,32.6,33.4,33.4,0.8,2.45,25,835,60.79,30.01
IVC,IVCEQN,7.76,7.95,7.95,0.19,2.45,1350,10732,10.99,6.02
GOKUL,GOKULEQN,39.39,40.35,40.35,0.96,2.44,25,1008,46.8,31.0
DHATRE,DHATREEQN,4.11,4.21,4.21,0.1,2.43,101,425,5.17,3.67
KARMAENG,KARMAENGEQN,38.72,39.65,39.65,0.93,2.4,11,436,73.7,34.38
DREAMFOLKS,DREAMFOLKSEQN,65.33,66.9,66.9,1.57,2.4,10,669,160.0,56.0
VELJAN,VELJANBEN,1902.6,1948.0,1948.0,45.4,2.39,52,101296,1980.0,812.0
SILVER001,SILVER001EQN,23.12,23.67,23.67,0.55,2.38,1,23,28.0,22.0
ISFT,ISFTEQN,75.22,77.0,77.0,1.78,2.37,25,1925,119.07,54.05
RAMAPHO,RAMAPHOEQN,115.18,117.89,117.89,2.71,2.35,13,1532,217.19,103.5
SVPGLOB,SVPGLOBEQN,3.41,3.49,3.49,0.08,2.35,100,349,6.89,2.18
MAZDA,MAZDABEN,250.95,256.85,256.85,5.9,2.35,60,15411,308.0,159.2
RPPINFRA,RPPINFRAEQN,53.56,54.8,54.8,1.24,2.32,21,1150,149.55,53.0
MALUPAPER,MALUPAPEREQN,31.66,32.39,32.39,0.73,2.31,32,1036,44.11,27.0
CROWN,CROWNEQN,107.54,110.0,110.0,2.46,2.29,1,110,179.75,100.11
KANOHAR,KANOHAREQN,751.5,754.0,768.7,17.2,2.29,61637,0,0.0,0.0
AFFORDABLE,AFFORDABLEEQN,162.29,165.99,165.99,3.7,2.28,10,1659,297.0,119.71
MAHEPC,MAHEPCEQN,101.18,103.49,103.49,2.31,2.28,2,206,160.8,91.91
ZODIAC,ZODIACEQN,220.37,225.37,225.37,5.0,2.27,1,225,415.0,205.55
GICL,GICLBEN,24.69,25.25,25.25,0.56,2.27,21,530,52.4,15.61
HAVISHA,HAVISHAEQN,1.33,1.36,1.36,0.03,2.26,137,186,2.42,1.03
UNIMECH,UNIMECHEQN,1515.8,1550.0,1550.0,34.2,2.26,1248,1934400,1652.8,695.0
SALONA,SALONAEQN,264.0,269.95,269.95,5.95,2.25,94,25375,320.0,200.0
MALLCOM,MALLCOMEQN,924.3,945.0,945.0,20.7,2.24,5,4725,1520.0,905.15
ADROITINFO,ADROITINFOEQN,11.2,11.45,11.45,0.25,2.23,21,240,12.2,7.55
VARDMNPOLY,VARDMNPOLYEQN,5.86,5.99,5.99,0.13,2.22,15,89,9.49,5.1
GOCLCORP,GOCLCORPEQN,428.4,437.85,437.85,9.45,2.21,4231,1852543,459.9,223.35
ORIENTCER,ORIENTCEREQN,44.82,45.44,45.44,0.97,2.18,6,272,56.64,34.0
TARACHAND,TARACHANDEQN,46.73,47.75,47.75,1.02,2.18,2,95,103.67,46.01
JUNIPER,JUNIPEREQN,214.32,219.0,219.0,4.68,2.18,4323,946737,312.5,188.5
GANGESSECU,GANGESSECUEQN,115.01,117.49,117.49,2.48,2.16,8,939,178.15,103.31
PREMIER,PREMIERBEN,2.79,2.85,2.85,0.06,2.15,10,28,3.88,2.56
AKSHOPTFBR,AKSHOPTFBRBEN,7.96,8.13,8.13,0.17,2.14,603,4902,9.01,3.82
MVKAGRO,MVKAGROSMN,270.65,276.4,276.4,5.75,2.12,2700,746280,819.0,152.05
GEEKAYWIRE,GEEKAYWIREEQN,30.56,31.2,31.2,0.64,2.09,2535,79092,38.13,18.51
PASUPTAC,PASUPTACEQN,68.07,69.49,69.49,1.42,2.09,247,17164,78.95,40.41
ALANKIT,ALANKITEQN,7.74,7.9,7.9,0.16,2.07,584,4613,14.16,6.8
ADVIKCA,ADVIKCAEQN,0.97,0.99,0.99,0.02,2.06,127,125,1.27,0.91
SGLRES,SGLRESEQN,2.44,2.49,2.49,0.05,2.05,3,7,2.74,2.27
VINNY,VINNYEQN,0.98,1.0,1.0,0.02,2.04,1568,1568,1.53,0.94
APOLSINHOT,APOLSINHOTEQN,1185.8,1210.0,1210.0,24.2,2.04,4,4840,1450.1,950.0
RAMASTEEL,RAMASTEELBEN,3.92,4.0,4.0,0.08,2.04,37792,151168,11.58,3.43
AASTHA,AASTHAEQN,74.33,75.85,75.85,1.52,2.04,3081,233693,140.01,70.0
AFIL,AFILEQN,8.37,8.54,8.54,0.17,2.03,112,956,11.1,3.92
NECLIFE,NECLIFEEQN,10.9,11.12,11.12,0.22,2.02,20,222,22.4,9.3
INDBANK,INDBANKEQN,25.68,26.2,26.2,0.52,2.02,376,9851,47.15,25.01
NOIDATOLL,NOIDATOLLEQN,3.96,4.04,4.04,0.08,2.02,62,250,7.43,2.87
HTEL,HTELEQN,74.21,75.71,75.71,1.5,2.02,10648,806160,86.45,71.1
ODIGMA,ODIGMAEQN,21.42,21.85,21.85,0.43,2.01,12,262,56.09,20.0
CRSL,CRSLBEN,2.49,2.54,2.54,0.05,2.01,2134,5420,3.56,1.72
ASHOKAMET,ASHOKAMETEQN,14.5,14.79,14.79,0.29,2.0,197,2913,21.0,12.13
TVTODAY,TVTODAYEQN,103.49,105.55,105.55,2.06,1.99,200,21110,154.29,93.5
AUSTENG,AUSTENGEQN,126.95,129.48,129.48,2.53,1.99,6,776,139.0,110.0
VTMLTD,VTMLTDEQN,48.83,49.8,49.8,0.97,1.99,5163,257117,61.9,39.15
CMSINFO,CMSINFOEQN,232.39,237.0,237.0,4.61,1.98,10087,2390619,427.0,220.99
GENUSPAPER,GENUSPAPEREQN,11.11,11.33,11.33,0.22,1.98,291,3297,18.6,8.67
MEIL,MEILEQN,268.6,273.9,273.9,5.3,1.97,55,15064,547.9,206.26
ODYCORP,ODYCORPEQN,7.11,7.25,7.25,0.14,1.97,12,87,8.48,5.71
UYFINCORP,UYFINCORPBEN,19.3,19.68,19.68,0.38,1.97,10,196,22.34,11.5
VAISHALI,VAISHALIEQN,8.68,8.85,8.85,0.17,1.96,2,17,12.7,4.75
SIGMA,SIGMAEQN,45.6,46.48,46.48,0.88,1.93,2269,105463,65.5,35.46
TAALTECH,TAALTECHEQN,5121.2,5220.0,5220.0,98.8,1.93,72,375840,5550.0,2616.1
TBZ,TBZEQN,547.5,558.0,558.0,10.5,1.92,6208,3464064,583.05,110.5
21STCENMGM,21STCENMGMEQN,38.37,39.1,39.1,0.73,1.9,25,977,54.47,28.25
HRYNSHP,HRYNSHPEQN,100.0,101.9,101.9,1.9,1.9,1,101,104.05,91.0
QMSMEDI,QMSMEDIBEN,164.29,167.4,167.4,3.11,1.89,55,9207,167.0,68.95
MCLEODRUSS,MCLEODRUSSEQN,42.55,43.35,43.35,0.8,1.88,6,260,78.41,28.5
COMPUSOFT,COMPUSOFTEQN,12.84,13.08,13.08,0.24,1.87,2,26,20.5,12.0
MUNJALSHOW,MUNJALSHOWEQN,124.67,127.0,127.0,2.33,1.87,108,13716,150.9,110.3
IMPEXFERRO,IMPEXFERROBZN,5.38,5.48,5.48,0.1,1.86,115,630,5.38,1.3
PRITIKAUTO,PRITIKAUTOBEN,14.48,14.75,14.75,0.27,1.86,210,3097,20.99,10.41
MVGJL,MVGJLEQN,207.16,211.0,211.0,3.84,1.85,4446,938106,233.99,129.1
GOLDTECH,GOLDTECHBEN,41.29,42.05,42.05,0.76,1.84,110,4625,72.02,29.68
NOVARTIND,NOVARTINDEQN,1995.5,2032.0,2032.0,36.5,1.83,820,1666240,2588.8,950.0
TEJA,TEJASMN,207.2,211.0,211.0,3.8,1.83,600,126600,775.0,200.95
UEL,UELEQN,204.77,208.49,208.49,3.72,1.82,750,156367,284.2,92.32
MANOMAY,MANOMAYEQN,223.85,227.89,227.89,4.04,1.8,923,210342,259.88,160.25
AVALON,AVALONEQN,2216.1,2256.0,2256.0,39.9,1.8,1521,3431376,2424.0,777.3
ANKITMETAL,ANKITMETALBZN,1.67,1.7,1.7,0.03,1.8,65,110,2.12,1.29
GOODYEAR,GOODYEAREQN,712.05,724.8,724.8,12.75,1.79,45,32616,876.0,708.1
KDL,KDLSMN,87.6,89.15,89.15,1.55,1.77,150,13372,250.0,84.05
FOSECOIND,FOSECOINDEQN,6846.5,6968.0,6968.0,121.5,1.77,497,3463096,7040.0,4300.0
SWANDEF,SWANDEFBEN,2687.2,2734.0,2734.0,46.8,1.74,416,1137344,2750.0,577.1
CHEMCON,CHEMCONBEN,212.1,215.8,215.8,3.7,1.74,343,74019,295.0,125.0
PEARLPOLY,PEARLPOLYEQN,16.15,16.43,16.43,0.28,1.73,18,295,32.25,12.75
VILAS,VILASSMN,316.25,321.7,321.7,5.45,1.72,1250,402125,589.95,313.25
GVKPIL,GVKPILBEN,2.33,2.37,2.37,0.04,1.72,550,1303,4.06,2.04
HINDADH,HINDADHEQN,378.45,384.95,384.95,6.5,1.72,1,384,402.65,335.55
SUNDARAM,SUNDARAMEQN,1.17,1.19,1.19,0.02,1.71,159,189,2.2,1.03
BSL,BSLEQN,117.97,119.99,119.99,2.02,1.71,3,359,205.0,98.0
DPSCLTD,DPSCLTDBEN,7.07,7.19,7.19,0.12,1.7,1916,13776,13.31,6.84
PARSVNATH,PARSVNATHBEN,1.78,1.81,1.81,0.03,1.69,14998,27146,18.75,1.35
AWL,AWLEQN,181.94,185.0,185.0,3.06,1.68,18340,3392900,282.9,171.19
KAMOPAINTS,KAMOPAINTSEQN,4.21,4.28,4.28,0.07,1.66,630,2696,9.4,3.6
GTPL,GTPLEQN,56.46,57.39,57.39,0.93,1.65,351,20143,118.95,50.85
PRAXIS,PRAXISEQN,4.23,4.3,4.3,0.07,1.65,2,8,14.44,4.15
ACL,ACLEQN,42.7,43.4,43.4,0.7,1.64,2,86,100.01,40.5
GAYAHWS,GAYAHWSEQN,1.84,1.87,1.87,0.03,1.63,411,768,4.76,1.72
MEDICO,MEDICOEQN,35.33,35.9,35.9,0.57,1.61,500,17950,56.88,30.22
GRAPHITE,GRAPHITEEQN,805.05,818.0,818.0,12.95,1.61,13372,10938296,874.35,516.2
PYRAMID,PYRAMIDEQN,153.93,156.39,156.39,2.46,1.6,1,156,198.69,131.8
PANACEABIO,PANACEABIOEQN,367.15,373.0,373.0,5.85,1.59,952,355096,647.0,292.4
BHAGYANGR,BHAGYANGREQN,425.25,432.0,432.0,6.75,1.59,2071,894672,432.3,90.0
PLAZACABLE,PLAZACABLEEQN,62.51,63.5,63.5,0.99,1.58,80,5080,66.0,27.0
CHEMBONDCH,CHEMBONDCHBEN,270.75,275.0,275.0,4.25,1.57,40,11000,290.0,104.85
INDOWIND,INDOWINDEQN,8.95,9.09,9.09,0.14,1.56,111,1008,18.94,7.0
MADRASFERT,MADRASFERTEQN,60.27,61.2,61.2,0.93,1.54,109,6670,93.49,52.56
PASHUPATI,PASHUPATIEQN,79.74,80.95,80.95,1.21,1.52,2834,229412,118.35,67.5
LORDSCHLO,LORDSCHLOEQN,133.49,135.5,135.5,2.01,1.51,40,5420,233.0,108.0
SOLARA,SOLARAEQN,711.5,722.15,722.15,10.65,1.5,1316,950349,774.0,422.0
GODAVARIB,GODAVARIBEQN,236.94,240.49,240.49,3.55,1.5,4235,1018475,353.0,224.0
SHAREINDIA,SHAREINDIAEQN,196.05,199.0,199.0,2.95,1.5,4792,953608,212.33,115.36
GSPCROP,GSPCROPEQN,482.95,490.2,490.2,7.25,1.5,630,308826,667.95,328.0
DANGEE,DANGEEEQN,2.73,2.77,2.77,0.04,1.47,110,304,5.08,2.53
ACGL,ACGLEQN,1769.4,1795.0,1795.0,25.6,1.45,1,1795,1961.9,1702.0
COMSYN,COMSYNEQN,294.75,299.0,299.0,4.25,1.44,1610,481390,314.85,136.44
SHREDIGCEM,SHREDIGCEMEQN,66.19,67.14,67.14,0.95,1.44,1,67,97.15,53.9
KALPATARU,KALPATARUEQN,256.3,260.0,260.0,3.7,1.44,1160,301600,410.7,250.0
PANORAMA,PANORAMAEQN,50.13,50.85,50.85,0.72,1.44,2501,127175,56.2,40.0
BPL,BPLEQN,46.73,47.4,47.4,0.67,1.43,1,47,87.6,37.61
TATVA,TATVAEQN,1646.8,1670.0,1670.0,23.2,1.41,346,577820,1838.1,981.5
KANANIIND,KANANIINDEQN,1.42,1.44,1.44,0.02,1.41,158,227,2.1,1.02
BI,BIBEN,97.62,99.0,99.0,1.38,1.41,94,9306,111.51,51.62
AGARIND,AGARINDEQN,409.6,412.0,412.0,5.7,1.4,50,20600,1006.0,360.0
MAGNUM,MAGNUMEQN,18.94,19.2,19.2,0.26,1.37,2,38,29.24,16.25
BALPHARMA,BALPHARMAEQN,101.33,101.5,101.5,1.37,1.37,1063,107894,124.6,60.0
OSWALSEEDS,OSWALSEEDSEQN,14.6,14.8,14.8,0.2,1.37,350,5180,20.28,9.66
HEXATRADEX,HEXATRADEXEQN,156.37,158.5,158.5,2.13,1.36,30,4755,194.89,147.26
BAIDFIN,BAIDFINEQN,10.35,10.49,10.49,0.14,1.35,112,1174,12.98,8.8
ATAM,ATAMEQN,62.15,62.99,62.99,0.84,1.35,223,14046,111.0,48.5
WATERBASE,WATERBASEEQN,47.31,47.95,47.95,0.64,1.35,158,7576,54.0,44.11
RUCHINFRA,RUCHINFRAEQN,5.22,5.29,5.29,0.07,1.34,309,1634,8.25,4.05
BIL,BILEQN,1036.25,1050.0,1050.0,13.75,1.33,3,3150,1150.0,602.0
STLNETWORK,STLNETWORKEQN,38.97,39.48,39.48,0.51,1.31,102836,4059965,39.06,15.75
NAGREEKCAP,NAGREEKCAPEQN,27.79,28.15,28.15,0.36,1.3,26,731,42.75,19.3
VIJAYA,VIJAYAEQN,1438.3,1457.0,1457.0,18.7,1.3,115,167555,1578.0,848.0
MUFIN,MUFINEQN,130.56,132.25,132.25,1.69,1.29,5798,766785,141.5,85.13
HARRMALAYA,HARRMALAYAEQN,178.71,181.0,181.0,2.29,1.28,100,18100,237.9,153.66
PILITA,PILITAEQN,7.79,7.89,7.89,0.1,1.28,100,789,15.5,6.2
ONEPOINT,ONEPOINTEQN,56.28,57.0,57.0,0.72,1.28,23296,1327872,65.85,40.58
KSOLVES,KSOLVESEQN,255.75,259.0,259.0,3.25,1.27,135,34965,353.99,245.75
JKIPL,JKIPLEQN,96.72,97.95,97.95,1.23,1.27,26,2546,126.95,45.4
NIVABUPA,NIVABUPAEQN,79.55,80.55,80.55,1.0,1.26,6503,523816,91.4,67.5
STUDDS,STUDDSEQN,404.85,409.95,409.95,5.1,1.26,540,221373,600.0,402.55
NIACL,NIACLEQN,184.19,186.5,186.5,2.31,1.25,18864,3518136,242.6,116.97
PATINTLOG,PATINTLOGBEN,13.78,13.75,13.75,0.17,1.25,670,9212,16.9,8.01
PHOENIXLTD,PHOENIXLTDEQN,1855.0,1878.0,1878.0,23.0,1.24,5632,10576896,2169.8,1465.6
ONWARDTEC,ONWARDTECEQN,278.6,282.0,282.0,3.4,1.22,7,1974,355.0,208.25
SAHLIBHFI,SAHLIBHFIEQN,78.94,79.9,79.9,0.96,1.22,1,79,91.95,66.6
BATLIBOI,BATLIBOIEQN,82.1,83.1,83.1,1.0,1.22,55,4570,106.5,71.21
RACLGEAR,RACLGEAREQN,1852.4,1874.9,1874.9,22.5,1.21,1005,1884274,1892.0,900.1
CENTUM,CENTUMEQN,4276.1,4327.9,4327.9,51.8,1.21,151,653512,4450.0,2044.2
REMSONSIND,REMSONSINDEQN,92.34,93.45,93.45,1.11,1.2,150,14017,152.45,75.23
EMAMILTD,EMAMILTDEQN,369.3,373.7,373.7,4.4,1.19,36162,13513739,614.0,361.15
SEDEMAC,SEDEMACEQN,3122.4,3158.8,3158.8,36.4,1.17,1369,4324397,3368.9,1413.1
ASMS,ASMSBEN,6.86,6.94,6.94,0.08,1.17,200,1388,17.0,6.66
BALAXI,BALAXIEQN,23.33,23.6,23.6,0.27,1.16,11,259,47.71,15.2
DPEL,DPELSMN,627.65,634.9,634.9,7.25,1.16,500,317450,655.0,227.8
INVENTURE,INVENTUREEQN,0.88,0.89,0.89,0.01,1.14,2833,2521,1.68,0.72
ZFSTEERING,ZFSTEERINGEQN,725.8,734.0,734.0,8.2,1.13,3,2202,894.98,620.65
IGCL,IGCLEQN,65.27,66.0,66.0,0.73,1.12,750,49500,112.9,49.46
NPST,NPSTEQN,1834.6,1855.0,1855.0,20.4,1.11,2221,4119955,2138.5,846.6
EKC,EKCEQN,98.75,99.85,99.85,1.1,1.11,1000,99850,154.55,90.25
SHIVACEM,SHIVACEMEQN,15.5,15.67,15.67,0.17,1.1,10,156,17.94,15.0
KANORICHEM,KANORICHEMBEN,186.97,189.0,189.0,2.03,1.09,1192,225288,187.02,56.0
LAXMIINDIA,LAXMIINDIAEQN,119.85,121.16,121.16,1.31,1.09,183,22172,180.9,71.06
KOHINOOR,KOHINOOREQN,31.36,31.7,31.7,0.34,1.08,456,14455,38.47,19.2
BHAGERIA,BHAGERIABEN,303.7,306.95,306.95,3.25,1.07,20,6139,342.0,127.51
RSSOFTWARE,RSSOFTWAREEQN,29.92,30.24,30.24,0.32,1.07,2,60,82.0,21.93
XTRANET,XTRANETEQN,283.03,286.0,286.0,2.97,1.05,9027,2581722,304.8,122.5
SURANASOL,SURANASOLEQN,25.01,25.27,25.27,0.26,1.04,72,1819,36.5,18.31
SIKA,SIKAEQN,1052.2,1063.0,1063.0,10.8,1.03,10,10630,1359.4,870.1
SUBEXLTD,SUBEXLTDEQN,19.59,19.79,19.79,0.2,1.02,27124,536783,21.85,6.61
RANASUG,RANASUGEQN,14.7,14.85,14.85,0.15,1.02,3,44,16.45,10.21
KOTHARIPET,KOTHARIPETEQN,133.03,134.39,134.39,1.36,1.02,50,6719,159.77,94.75
FELIX,FELIXSMN,205.6,207.7,207.7,2.1,1.02,500,103850,232.95,142.65
AVROIND,AVROINDEQN,7.92,8.0,8.0,0.08,1.01,5141,41128,15.99,7.47
DEEDEV,DEEDEVEQN,634.65,641.05,641.05,6.4,1.01,1052,674384,760.0,183.0
HPAL,HPALEQN,35.64,36.0,36.0,0.36,1.01,2,72,53.0,26.52
DCI,DCIEQN,264.15,266.8,266.8,2.65,1.0,521,139002,475.0,208.98
AHLUCONT,AHLUCONTEQN,569.3,575.0,575.0,5.7,1.0,463,266225,1077.95,565.05
SPLPETRO,SPLPETROEQN,792.7,800.6,800.6,7.9,1.0,145,116087,979.0,462.3
RIIT,RIITIVN,119.8,121.0,121.0,1.2,1.0,510,61710,127.0,105.3
SRF,SRFEQN,2480.1,2505.0,2505.0,24.9,1.0,2902,7269510,3210.0,2355.0
UNITEDPOLY,UNITEDPOLYEQN,43.19,43.62,43.62,0.43,1.0,3,130,51.16,20.6
HEXAGON,HEXAGONBEN,63.96,64.6,64.6,0.64,1.0,297,19186,78.25,48.1
CORDSCABLE,CORDSCABLEEQN,348.25,351.7,351.7,3.45,0.99,584,205392,394.9,127.01
RAJSREESUG,RAJSREESUGEQN,31.24,31.55,31.55,0.31,0.99,390,12304,43.2,24.65
SSDL,SSDLEQN,59.7,60.29,60.29,0.59,0.99,3,180,91.69,46.15
KIRLOSIND,KIRLOSINDEQN,3770.2,3807.3,3807.3,37.1,0.98,30,114219,4574.8,2463.0
MCL,MCLEQN,54.96,55.5,55.5,0.54,0.98,77,4273,93.2,42.0
SHREERAMA,SHREERAMAEQN,43.98,44.41,44.41,0.43,0.98,1,44,71.99,37.62
SMLMAH,SMLMAHEQN,5971.5,6030.0,6030.0,58.5,0.98,36,217080,6654.0,2719.0
DEEPA,DEEPAEQN,171.82,173.5,173.5,1.68,0.98,8769,1521421,222.0,164.79
KESORAMIND,KESORAMINDBEN,12.36,12.48,12.48,0.12,0.97,1391,17359,14.26,4.55
SHRADDHA,SHRADDHAEQN,152.97,154.45,154.45,1.48,0.97,200,30890,179.0,142.0
GALLANTT,GALLANTTEQN,524.95,530.0,530.0,5.05,0.96,161,85330,948.0,496.25
OMAXE,OMAXEEQN,115.07,116.18,116.18,1.11,0.96,202,23468,138.89,62.5
MAANALU,MAANALUEQN,103.41,104.4,104.4,0.99,0.96,212,22132,184.74,101.8
IDEAFORGE,IDEAFORGEEQN,702.35,709.0,709.0,6.65,0.95,437,309833,992.25,366.0
RAILTEL,RAILTELEQN,252.35,254.75,254.75,2.4,0.95,5306,1351703,412.9,245.0
ORIENTELEC,ORIENTELECEQN,168.4,170.0,170.0,1.6,0.95,67,11390,217.51,149.05
CAPITALSFB,CAPITALSFBEQN,273.25,275.85,275.85,2.6,0.95,77,21240,323.7,206.55
SGRL,SGRLEQN,648.65,654.8,654.8,6.15,0.95,100,65480,722.0,477.05
PARASPETRO,PARASPETROEQN,2.13,2.15,2.15,0.02,0.94,775,1666,3.23,1.53
APTECHT,APTECHTBEN,86.97,87.79,87.79,0.82,0.94,2,175,132.99,69.1
INDOMIM,INDOMIMEQN,946.1,955.0,955.0,8.9,0.94,6126,5850330,1028.5,700.0
TTL,TTLEQN,6.43,6.49,6.49,0.06,0.93,2011,13051,11.8,5.5
PILANIINVS,PILANIINVSEQN,4052.2,4089.3,4089.3,37.1,0.92,2,8178,5980.0,4021.3
ELECTHERM,ELECTHERMEQN,941.15,949.85,949.85,8.7,0.92,10,9498,1277.0,551.0
SJS,SJSEQN,2297.2,2318.3,2318.3,21.1,0.92,1514,3509906,2590.0,1417.3
LAL,LALEQN,8.77,8.85,8.85,0.08,0.91,3,26,12.02,5.56
SUNCLAY,SUNCLAYEQN,1257.4,1268.8,1268.8,11.4,0.91,1,1268,1942.0,1112.8
KPIL,KPILEQN,1390.9,1403.5,1403.5,12.6,0.91,1317,1848409,1479.6,1007.1
TBOTEK,TBOTEKEQN,1631.4,1646.3,1646.3,14.9,0.91,156,256822,1764.8,1004.2
SCPL,SCPLBEN,635.2,641.0,641.0,5.8,0.91,3,1923,690.0,190.03
ASKAUTOLTD,ASKAUTOLTDEQN,617.9,623.55,623.55,5.65,0.91,211,131569,687.7,375.3
IZMO,IZMOEQN,880.0,888.0,888.0,8.0,0.91,169,150072,1374.7,562.0
VGL,VGLEQN,66.2,66.8,66.8,0.6,0.91,1647,110019,92.5,43.7
AUTOIND,AUTOINDEQN,77.5,78.2,78.2,0.7,0.9,3,234,104.0,48.35
MAHSEAMLES,MAHSEAMLESEQN,692.95,699.2,699.2,6.25,0.9,362,253110,738.6,500.7
GTLINFRA,GTLINFRAEQN,1.11,1.12,1.12,0.01,0.9,249936,279928,1.67,0.96
FLFL,FLFLBZN,1.12,1.13,1.13,0.01,0.89,33,37,1.99,1.1
HLVLTD,HLVLTDEQN,6.79,6.85,6.85,0.06,0.88,2375,16268,12.6,5.6
HONDAPOWER,HONDAPOWEREQN,1922.9,1939.9,1939.9,17.0,0.88,36,69836,2949.0,1816.6
PATELRMART,PATELRMARTEQN,202.92,204.71,204.71,1.79,0.88,10,2047,266.0,150.25
FILATEX,FILATEXEQN,87.22,87.99,87.99,0.77,0.88,17576,1546512,91.3,36.26
HBLENGINE,HBLENGINEEQN,704.65,710.8,710.8,6.15,0.87,7291,5182442,1122.0,613.0
MIDWESTLTD,MIDWESTLTDEQN,975.3,983.8,983.8,8.5,0.87,112,110185,1859.9,951.6
CGPOWER,CGPOWEREQN,851.55,859.0,859.0,7.45,0.87,4755,4084545,980.9,525.5
CHOLAHLDNG,CHOLAHLDNGEQN,1512.4,1525.6,1525.6,13.2,0.87,142,216635,2064.0,1305.0
SHANKESH,SHANKESHEQN,89.55,90.33,90.33,0.78,0.87,16827,1519982,115.9,87.25
AXISCADES,AXISCADESEQN,1684.5,1699.0,1699.0,14.5,0.86,123,208977,2211.0,1063.3
LIBERTSHOE,LIBERTSHOEEQN,217.94,219.8,219.8,1.86,0.85,79,17364,404.95,210.5
QPOWER,QPOWEREQN,1422.9,1435.0,1435.0,12.1,0.85,3796,5447260,1570.0,581.0
UNIVPHOTO,UNIVPHOTOBEN,595.05,600.1,600.1,5.05,0.85,57,34205,595.05,180.6
VIKASLIFE,VIKASLIFEEQN,1.19,1.2,1.2,0.01,0.84,77561,93073,2.37,1.05
MERCURYEV,MERCURYEVEQN,39.08,39.41,39.41,0.33,0.84,52,2049,44.05,30.16
JASH,JASHEQN,488.9,492.95,492.95,4.05,0.83,200,98590,572.85,327.1
JMFINANCIL,JMFINANCILEQN,120.46,121.45,121.45,0.99,0.82,5032,611136,183.35,112.0
VENUSPIPES,VENUSPIPESEQN,1938.1,1954.0,1954.0,15.9,0.82,2539,4961206,2044.4,890.0
BLIL,BLILEQN,67.33,67.88,67.88,0.55,0.82,450,30546,79.5,67.0
SHYAMCENT,SHYAMCENTBEN,4.96,5.0,5.0,0.04,0.81,10,50,8.0,3.68
INOXINDIA,INOXINDIAEQN,1978.9,1995.0,1995.0,16.1,0.81,619,1234905,2339.5,1068.2
ARVINDFASN,ARVINDFASNEQN,416.35,419.7,419.7,3.35,0.8,11,4616,579.0,366.2
TIIL,TIILEQN,3114.2,3139.2,3139.2,25.0,0.8,72,226022,3565.3,1868.5
3IINFOLTD,3IINFOLTDBEN,25.02,25.22,25.22,0.2,0.8,4658,117474,27.8,12.68
ACSTECH,ACSTECHBEN,60.0,60.48,60.48,0.48,0.8,563,34050,61.5,31.71
NRBBEARING,NRBBEARINGEQN,471.3,475.0,475.0,3.7,0.79,304,144400,519.0,212.55
STCINDIA,STCINDIAEQN,111.08,111.96,111.96,0.88,0.79,150,16794,150.7,97.04
ARKADE,ARKADEEQN,115.76,116.66,116.66,0.9,0.78,6,699,185.3,92.62
IGIL,IGILEQN,314.4,316.85,316.85,2.45,0.78,1616,512029,392.0,287.0
POWERINDIA,POWERINDIAEQN,30200.0,30435.0,30435.0,235.0,0.78,816,24834960,38785.0,16111.0
TDPOWERSYS,TDPOWERSYSEQN,696.0,701.4,701.4,5.4,0.78,10796,7572314,817.55,262.6
KOLTEPATIL,KOLTEPATILEQN,429.05,432.4,432.4,3.35,0.78,57,24646,554.6,292.25
FRONTSP,FRONTSPEQN,1185.8,1195.0,1195.0,9.2,0.78,103,123085,1869.0,1178.1
FIEMIND,FIEMINDEQN,1927.9,1942.8,1942.8,14.9,0.77,81,157366,2674.8,1868.5
GVT&D,GVT&DEQN,4267.0,4300.0,4300.0,33.0,0.77,1010,4343000,5650.0,2523.2
FORTIS,FORTISEQN,870.3,877.0,877.0,6.7,0.77,2941,2579257,1104.3,766.8
MAZDOCK,MAZDOCKEQN,2231.9,2249.1,2249.1,17.2,0.77,6109,13739751,3061.4,2057.4
CORONA,CORONAEQN,2143.6,2160.0,2160.0,16.4,0.77,59,127440,2292.4,1336.6
FOCUS,FOCUSBEN,60.67,61.13,61.13,0.46,0.76,12,733,98.87,57.06
YATRA,YATRAEQN,102.46,103.24,103.24,0.78,0.76,2392,246950,202.0,89.9
GHCLTEXTIL,GHCLTEXTILEQN,121.68,122.6,122.6,0.92,0.76,1662,203761,144.59,65.26
MCLOUD,MCLOUDEQN,25.17,25.36,25.36,0.19,0.75,2616,66341,87.0,19.4
NDRAUTO,NDRAUTOEQN,670.55,675.6,675.6,5.05,0.75,304,205382,1186.6,605.05
TINNARUBR,TINNARUBREQN,1002.5,1010.0,1010.0,7.5,0.75,208,210080,1322.0,527.45
DISHTV,DISHTVEQN,2.66,2.68,2.68,0.02,0.75,3621,9704,5.99,1.82
ALPEXSOLAR,ALPEXSOLARSMN,893.35,900.0,900.0,6.65,0.74,500,450000,1332.9,660.0
KICL,KICLEQN,4779.5,4815.0,4815.0,35.5,0.74,5,24075,6554.9,4011.0
VINYLINDIA,VINYLINDIAEQN,215.0,216.6,216.6,1.6,0.74,1,216,310.95,161.0
VENKEYS,VENKEYSEQN,1670.6,1683.0,1683.0,12.4,0.74,66,111078,1814.9,1165.0
ABDL,ABDLEQN,647.55,652.35,652.35,4.8,0.74,1955,1275344,711.7,382.1
LUXIND,LUXINDEQN,1032.4,1040.0,1040.0,7.6,0.74,72,74880,1823.35,824.05
BHARTIHEXA,BHARTIHEXAEQN,1479.3,1490.0,1490.0,10.7,0.72,47,70030,1955.6,1430.0
ARROWGREEN,ARROWGREENEQN,907.45,913.95,913.95,6.5,0.72,840,767718,952.75,341.95
HPL,HPLEQN,278.0,279.0,279.0,2.0,0.72,477,133083,505.0,255.55
WARDINMOBI,WARDINMOBIEQN,5.57,5.61,5.61,0.04,0.72,2759,15477,6.99,4.69
FCSSOFT,FCSSOFTEQN,1.41,1.42,1.42,0.01,0.71,4399,6246,2.53,1.05
METROBRAND,METROBRANDEQN,948.3,955.0,955.0,6.7,0.71,280,267400,1340.4,883.0
HINDCOPPER,HINDCOPPEREQN,481.6,485.0,485.0,3.4,0.71,28809,13972365,760.05,276.25
ANDHRSUGAR,ANDHRSUGAREQN,93.39,94.05,94.05,0.66,0.71,604,56806,107.23,66.5
ORIENTTECH,ORIENTTECHEQN,233.32,234.95,234.95,1.63,0.7,943,221557,466.73,220.8
DBCORP,DBCORPEQN,186.49,187.8,187.8,1.31,0.7,200,37560,286.0,182.51
3PLAND,3PLANDEQN,31.28,31.5,31.5,0.22,0.7,1,31,46.89,28.51
SANOFICONR,SANOFICONREQN,3990.4,4018.0,4018.0,27.6,0.69,1,4018,5357.0,3971.0
INDTERRAIN,INDTERRAINEQN,30.29,30.5,30.5,0.21,0.69,66,2013,42.62,24.56
JSFB,JSFBEQN,506.6,510.1,510.1,3.5,0.69,64,32646,606.95,330.0
LIKHITHA,LIKHITHAEQN,227.33,228.9,228.9,1.57,0.69,250,57225,272.0,131.45
BAJAJHCARE,BAJAJHCAREEQN,321.1,323.3,323.3,2.2,0.69,124,40089,515.9,272.35
JINDALSAW,JINDALSAWEQN,281.25,283.2,283.2,1.95,0.69,1911,541195,320.0,153.0
FEDDERSHOL,FEDDERSHOLEQN,50.81,51.16,51.16,0.35,0.69,6016,307778,53.49,32.06
EQUITASBNK,EQUITASBNKEQN,73.5,74.0,74.0,0.5,0.68,17154,1269396,83.9,51.25
INTLCONV,INTLCONVEQN,75.39,75.4,75.4,0.51,0.68,1,75,114.54,60.0
IGPL,IGPLEQN,533.3,536.9,536.9,3.6,0.68,640,343616,590.0,315.0
KIRLPNU,KIRLPNUEQN,695.2,699.9,699.9,4.7,0.68,132,92386,1098.55,495.05
APEX,APEXEQN,347.95,350.3,350.3,2.35,0.68,147,51494,514.5,219.86
GRAUWEIL,GRAUWEILEQN,73.56,74.06,74.06,0.5,0.68,3,222,87.4,62.09
VOEPL,VOEPLEQN,479.6,482.85,482.85,3.25,0.68,10,4828,593.45,428.65
HNDFDS,HNDFDSEQN,606.45,610.5,610.5,4.05,0.67,350,213675,677.75,442.0
GREENPANEL,GREENPANELEQN,152.77,153.8,153.8,1.03,0.67,105,16149,316.0,148.51
DELTACORP,DELTACORPEQN,55.19,55.56,55.56,0.37,0.67,3285,182514,86.4,48.3
SPENCERS,SPENCERSEQN,28.21,28.4,28.4,0.19,0.67,10,284,61.4,24.38
QUICKHEAL,QUICKHEALEQN,157.33,158.39,158.39,1.06,0.67,109,17264,371.4,125.0
MEDIASSIST,MEDIASSISTEQN,312.5,314.6,314.6,2.1,0.67,525,165165,575.55,293.0
INTERARCH,INTERARCHEQN,1660.8,1672.0,1672.0,11.2,0.67,83,138776,2762.6,1600.0
ADOR,ADOREQN,1536.2,1546.5,1546.5,10.3,0.67,4,6186,1766.4,848.0
MAWANASUG,MAWANASUGEQN,125.16,126.0,126.0,0.84,0.67,220,27720,164.0,75.08
TTKPRESTIG,TTKPRESTIGEQN,541.1,544.75,544.75,3.65,0.67,263,143269,771.2,423.0
JAYKAY,JAYKAYEQN,154.77,155.81,155.81,1.04,0.67,200,31162,203.43,106.96
EFCIL,EFCILEQN,178.06,179.26,179.26,1.2,0.67,39,6991,329.26,171.42
MENONBE,MENONBEBEN,297.15,299.15,299.15,2.0,0.67,30,8974,324.0,101.5
WELSPLSOL,WELSPLSOLEQN,52.1,52.45,52.45,0.35,0.67,2825,148171,63.25,36.0
OMPOWER,OMPOWEREQN,164.82,165.92,165.92,1.1,0.67,100,16592,206.0,158.01
CENTURYPLY,CENTURYPLYEQN,719.9,724.75,724.75,4.85,0.67,84,60879,859.0,618.5
APCOTEXIND,APCOTEXINDEQN,581.1,585.0,585.0,3.9,0.67,431,252135,712.0,310.45
ENIL,ENILEQN,100.34,101.0,101.0,0.66,0.66,65,6565,166.45,98.57
SAMPANN,SAMPANNEQN,24.28,24.44,24.44,0.16,0.66,8,195,43.44,23.56
KIRLFER,KIRLFEREQN,470.9,474.0,474.0,3.1,0.66,100,47400,513.0,408.0
FREDUN,FREDUNEQN,1221.6,1229.7,1229.7,8.1,0.66,197,242250,1590.0,1195.2
NATHBIOGEN,NATHBIOGENEQN,146.05,147.0,147.0,0.95,0.65,60,8820,204.0,126.15
PARKHOTELS,PARKHOTELSEQN,105.85,106.54,106.54,0.69,0.65,1858,197951,163.9,95.1
JAGRAN,JAGRANEQN,61.22,61.62,61.62,0.4,0.65,20,1232,78.9,59.5
POLICYBZR,POLICYBZREQN,1827.1,1839.0,1839.0,11.9,0.65,9031,16608009,1964.2,1364.0
STARPAPER,STARPAPEREQN,161.46,160.0,160.0,1.04,0.65,500,80000,179.37,119.05
GULFOILLUB,GULFOILLUBEQN,1057.2,1064.1,1064.1,6.9,0.65,39,41499,1329.0,865.0
SUNDROP,SUNDROPEQN,653.15,657.4,657.4,4.25,0.65,36,23666,874.0,556.0
IVALUE,IVALUEEQN,230.45,231.94,231.94,1.49,0.65,105,24353,340.0,207.35
VMSTMT,VMSTMTEQN,50.57,50.9,50.9,0.33,0.65,282,14353,105.0,33.5
GRANULES,GRANULESEQN,835.6,841.0,841.0,5.4,0.65,2751,2313591,923.65,510.55
IRCON,IRCONEQN,108.51,108.5,108.5,0.69,0.64,5445,590782,189.5,107.54
BORANA,BORANAEQN,303.05,305.0,305.0,1.95,0.64,5,1525,420.0,215.35
GANGAFORGE,GANGAFORGEEQN,1.59,1.6,1.6,0.01,0.63,2483,3972,3.29,1.53
SHAKTIPUMP,SHAKTIPUMPEQN,463.9,466.8,466.8,2.9,0.63,1174,548023,897.9,455.0
HINDPETRO,HINDPETROEQN,350.05,352.25,352.25,2.2,0.63,9248,3257608,508.45,316.2
JKCEMENT,JKCEMENTEQN,4750.0,4780.0,4780.0,30.0,0.63,47,224660,7000.0,4671.5
BANSALWIRE,BANSALWIREEQN,307.15,309.1,309.1,1.95,0.63,1,309,370.0,222.5
CRAMC,CRAMCEQN,228.55,230.0,230.0,1.45,0.63,588,135240,353.4,214.2
ICEMAKE,ICEMAKEEQN,671.8,676.0,676.0,4.2,0.63,12,8112,920.0,660.3
RADIANTCMS,RADIANTCMSEQN,38.05,38.29,38.29,0.24,0.63,3050,116784,57.49,32.33
NCLIND,NCLINDEQN,172.42,173.5,173.5,1.08,0.63,3,520,214.8,147.5
GANESHBE,GANESHBEBEN,119.24,119.99,119.99,0.75,0.63,697,83633,135.85,68.4
FIRSTCRY,FIRSTCRYEQN,170.02,171.08,171.08,1.06,0.62,4452,761648,400.65,165.01
BOROLTD,BOROLTDEQN,246.76,248.3,248.3,1.54,0.62,6,1489,397.95,213.73
HCG,HCGEQN,674.15,678.3,678.3,4.15,0.62,383,259788,796.68,513.3
THEMISMED,THEMISMEDEQN,119.76,120.5,120.5,0.74,0.62,1250,150625,148.0,64.95
ANTHEM,ANTHEMEQN,908.45,914.1,914.1,5.65,0.62,630,575883,977.55,579.15
AJOONI,AJOONIEQN,3.3,3.32,3.32,0.02,0.61,57,189,5.94,3.08
PDMJEPAPER,PDMJEPAPEREQN,97.95,98.55,98.55,0.6,0.61,2065,203505,130.0,65.0
SNOWMAN,SNOWMANEQN,34.54,34.75,34.75,0.21,0.61,50,1737,59.3,30.5
PLATIND,PLATINDEQN,217.03,218.34,218.34,1.31,0.6,100,21834,342.4,183.5
TARIL,TARILEQN,277.1,278.75,278.75,1.65,0.6,3107,866076,552.0,224.05
DODLA,DODLAEQN,1063.6,1069.9,1069.9,6.3,0.59,51,54564,1475.0,964.1
SCHAEFFLER,SCHAEFFLEREQN,3898.9,3921.9,3921.9,23.0,0.59,68,266689,4467.7,3518.4
RITCO,RITCOEQN,294.75,296.5,296.5,1.75,0.59,11,3261,331.15,167.1
TATACOMM,TATACOMMEQN,1799.3,1810.0,1810.0,10.7,0.59,803,1453430,2110.0,1322.5
IMAGICAA,IMAGICAAEQN,52.99,53.3,53.3,0.31,0.59,7730,412009,62.0,36.84
MUTHOOTMF,MUTHOOTMFEQN,187.41,188.5,188.5,1.09,0.58,45,8482,262.77,141.2
PGHH,PGHHEQN,7611.0,7655.0,7655.0,44.0,0.58,35,267925,14509.0,7475.0
BASF,BASFEQN,3558.4,3579.0,3579.0,20.6,0.58,7,25053,4829.9,3122.2
HARSHA,HARSHAEQN,430.0,432.5,432.5,2.5,0.58,386,166945,470.95,313.3
UTLSOLAR,UTLSOLAREQN,405.65,408.0,408.0,2.35,0.58,510,208080,494.25,172.0
APLLTD,APLLTDEQN,825.3,830.0,830.0,4.7,0.57,557,462310,998.0,635.8
IFBIND,IFBINDEQN,1241.9,1249.0,1249.0,7.1,0.57,12,14988,2019.8,883.2
SMSPHARMA,SMSPHARMAEQN,402.95,405.25,405.25,2.3,0.57,1644,666231,482.0,242.25
VESUVIUS,VESUVIUSEQN,394.75,397.0,397.0,2.25,0.57,218,86546,607.9,391.6
GKENERGY,GKENERGYEQN,119.91,120.59,120.59,0.68,0.57,1139,137352,239.6,87.2
GENESYS,GENESYSEQN,276.71,278.3,278.3,1.59,0.57,1411,392681,416.33,134.73
UNIDT,UNIDTEQN,218.77,220.0,220.0,1.23,0.56,3,660,254.97,146.0
GLOBE,GLOBEEQN,1.77,1.78,1.78,0.01,0.56,520,925,3.29,1.75
NILASPACES,NILASPACESEQN,12.56,12.63,12.63,0.07,0.56,1346,16999,20.47,11.35
APOLLOTYRE,APOLLOTYREEQN,411.95,414.25,414.25,2.3,0.56,1025,424606,540.5,365.3
MONARCH,MONARCHEQN,368.95,371.0,371.0,2.05,0.56,1,371,406.95,235.45
RHFL,RHFLBZN,1.79,1.8,1.8,0.01,0.56,3845,6921,4.8,1.7
MMP,MMPEQN,456.35,458.85,458.85,2.5,0.55,54,24777,498.0,185.2
AVL,AVLEQN,620.6,624.0,624.0,3.4,0.55,33,20592,705.0,436.55
AMDIND,AMDINDEQN,63.66,64.01,64.01,0.35,0.55,128,8193,74.39,33.77
ATGL,ATGLEQN,586.5,589.7,589.7,3.2,0.55,2411,1421766,859.85,462.8
HARDWYN,HARDWYNEQN,9.04,9.09,9.09,0.05,0.55,101,918,20.2,7.61
3BBLACKBIO,3BBLACKBIOEQN,1292.6,1299.7,1299.7,7.1,0.55,2,2599,1588.9,1085.0
KIOCL,KIOCLEQN,326.85,328.6,328.6,1.75,0.54,731,240206,634.55,290.65
SUDARSCHEM,SUDARSCHEMEQN,1198.7,1205.2,1205.2,6.5,0.54,331,398921,1603.0,726.4
RPGLIFE,RPGLIFEEQN,2739.1,2754.0,2754.0,14.9,0.54,8,22032,3082.0,1733.0
PRAKASHSTL,PRAKASHSTLEQN,3.74,3.76,3.76,0.02,0.53,677,2545,6.57,3.48
VMM,VMMEQN,100.97,101.51,101.51,0.54,0.53,29257,2969878,153.4,98.77
SARDAEN,SARDAENEQN,497.35,500.0,500.0,2.65,0.53,799,399500,639.75,453.1
VSSL,VSSLEQN,405.85,408.0,408.0,2.15,0.53,1033,421464,423.85,206.4
SANGHVIMOV,SANGHVIMOVEQN,408.25,410.4,410.4,2.15,0.53,1388,569635,528.0,223.8
SHRIPISTON,SHRIPISTONEQN,4309.3,4332.0,4332.0,22.7,0.53,96,415872,4785.8,2525.8
HONASA,HONASAEQN,469.3,471.8,471.8,2.5,0.53,4247,2003734,509.8,248.4
CMLL,CMLLEQN,475.4,477.9,477.9,2.5,0.53,90,43011,624.4,460.0
ORISSAMINE,ORISSAMINEEQN,3829.4,3849.6,3849.6,20.2,0.53,59,227126,6138.9,3100.5
DDEVPLSTIK,DDEVPLSTIKEQN,252.2,253.5,253.5,1.3,0.52,648,164268,360.0,185.15
SUMMITSEC,SUMMITSECEQN,1391.7,1399.0,1399.0,7.3,0.52,5,6995,2495.0,1312.0
DCAL,DCALEQN,162.08,162.92,162.92,0.84,0.52,950,154774,321.95,128.5
LATENTVIEW,LATENTVIEWEQN,252.15,253.45,253.45,1.3,0.52,853,216192,517.5,248.0
SIYSIL,SIYSILEQN,516.05,518.75,518.75,2.7,0.52,60,31125,848.8,433.35
HLEGLAS,HLEGLASEQN,416.85,419.0,419.0,2.15,0.52,1027,430313,661.95,250.0
RELTD,RELTDEQN,147.96,148.72,148.72,0.76,0.51,10,1487,196.45,114.77
THOMASCOTT,THOMASCOTTEQN,233.8,235.0,235.0,1.2,0.51,157,36895,459.8,221.8
HDFCLIFE,HDFCLIFEEQN,530.2,532.9,532.9,2.7,0.51,6376,3397770,796.9,508.7
OLAELEC,OLAELECEQN,37.24,37.43,37.43,0.19,0.51,168008,6288539,61.0,22.25
ASTERDM,ASTERDMEQN,741.2,745.0,745.0,3.8,0.51,905,674225,891.3,519.1
KLBRENG-B,KLBRENG-BEQN,462.65,465.0,465.0,2.35,0.51,52,24180,544.85,332.4
MANBA,MANBAEQN,130.67,131.32,131.32,0.65,0.5,3,393,154.0,98.0
ANUHPHR,ANUHPHREQN,89.22,89.67,89.67,0.45,0.5,1010,90566,99.5,67.0
NITCO,NITCOEQN,85.17,85.6,85.6,0.43,0.5,373,31928,123.59,64.0
NH,NHEQN,1851.6,1860.9,1860.9,9.3,0.5,366,681089,2093.3,1589.0
KAYNES,KAYNESEQN,3385.0,3402.0,3402.0,17.0,0.5,2186,7436772,7705.0,2995.0
SMCGLOBAL,SMCGLOBALEQN,80.57,80.97,80.97,0.4,0.5,32,2591,95.0,54.44
BLS,BLSEQN,226.74,227.87,227.87,1.13,0.5,2198,500858,372.1,218.9
ECLERX,ECLERXEQN,1961.2,1971.0,1971.0,9.8,0.5,1230,2424330,2497.5,1320.0
ENTERO,ENTEROEQN,1731.8,1740.5,1740.5,8.7,0.5,101,175790,1920.0,944.0
GATEWAY,GATEWAYEQN,52.34,52.6,52.6,0.26,0.5,1041,54756,66.25,48.1
CINEVISTA,CINEVISTAEQN,13.88,13.95,13.95,0.07,0.5,405,5649,22.8,12.16
CSLFINANCE,CSLFINANCEEQN,214.26,215.34,215.34,1.08,0.5,551,118652,324.7,209.7
MIDHANI,MIDHANIEQN,399.25,401.25,401.25,2.0,0.5,3223,1293228,482.4,266.65
FLAIR,FLAIREQN,231.89,233.05,233.05,1.16,0.5,367,85529,345.0,228.0
AAATECH,AAATECHEQN,92.54,93.0,93.0,0.46,0.5,1,93,136.0,76.11
MKPL,MKPLEQN,4.03,4.05,4.05,0.02,0.5,266,1077,8.85,3.56
ZEEL,ZEELEQN,79.6,80.0,80.0,0.4,0.5,61666,4933280,121.8,68.0
WAAREERTL,WAAREERTLEQN,801.05,805.05,805.05,4.0,0.5,695,559509,1358.0,779.5
REGAAL,REGAALEQN,80.59,80.99,80.99,0.4,0.5,1269,102776,107.29,57.27
GROWW,GROWWEQN,189.76,190.7,190.7,0.94,0.5,75852,14464976,227.2,112.0
AXITA,AXITAEQN,7.99,8.03,8.03,0.04,0.5,18424,147944,12.2,6.57
MOLBIO,MOLBIOEQN,1307.0,1313.5,1313.5,6.5,0.5,5217,6852529,1686.8,926.35
PROZONER,PROZONEREQN,52.61,52.87,52.87,0.26,0.49,2,105,72.77,39.55
SUKHJITS,SUKHJITSEQN,159.22,160.0,160.0,0.78,0.49,200,32000,231.1,137.3
MAXIND,MAXINDEQN,139.64,140.33,140.33,0.69,0.49,10,1403,241.57,120.0
MUNJALAU,MUNJALAUEQN,102.06,102.56,102.56,0.5,0.49,618,63382,130.6,67.2
BAYERCROP,BAYERCROPEQN,3938.6,3958.0,3958.0,19.4,0.49,10,39580,5489.0,3885.3
TNPETRO,TNPETROEQN,127.72,126.84,126.84,0.62,0.49,2843,360606,146.99,78.67
NURECA,NURECABEN,338.3,339.95,339.95,1.65,0.49,30,10198,358.0,204.0
JLHL,JLHLEQN,276.85,278.2,278.2,1.35,0.49,2,556,340.0,235.6
VIVIANA,VIVIANAEQN,701.2,704.65,704.65,3.45,0.49,50,35232,1162.5,565.0
KENNAMET,KENNAMETEQN,4135.8,4156.0,4156.0,20.2,0.49,67,278452,5136.0,2405.2
RPOWER,RPOWEREQN,20.78,20.88,20.88,0.1,0.48,59755,1247684,50.73,20.17
YATHARTH,YATHARTHEQN,982.3,987.0,987.0,4.7,0.48,812,801444,1024.85,538.25
CYIENT,CYIENTEQN,1054.5,1059.6,1059.6,5.1,0.48,334,353906,1284.7,750.3
TALBROAUTO,TALBROAUTOEQN,418.8,420.8,420.8,2.0,0.48,349,146859,451.6,219.9
DLINKINDIA,DLINKINDIAEQN,418.0,420.0,420.0,2.0,0.48,134,56280,549.2,367.65
SHARDAMOTR,SHARDAMOTREQN,930.55,935.0,935.0,4.45,0.48,92,86020,1189.9,700.0
BRIGHOTEL,BRIGHOTELEQN,55.85,56.12,56.12,0.27,0.48,1,56,88.27,54.36
KPL,KPLEQN,3356.0,3372.0,3372.0,16.0,0.48,161,542892,3798.9,1561.0
GARUDA,GARUDAEQN,175.98,176.8,176.8,0.82,0.47,739,130655,249.3,130.0
SBCL,SBCLEQN,1057.0,1062.0,1062.0,5.0,0.47,321,340902,1215.7,368.6
EXPLEOSOL,EXPLEOSOLEQN,879.85,884.0,884.0,4.15,0.47,102,90168,1175.1,640.0
THANGAMAYL,THANGAMAYLEQN,4927.0,4950.0,4950.0,23.0,0.47,65,321750,7430.0,1939.5
KILITCH,KILITCHBEN,188.82,189.7,189.7,0.88,0.47,150,28455,219.5,117.25
JTLIND,JTLINDEQN,84.6,85.0,85.0,0.4,0.47,2710,230350,94.0,40.25
BANARISUG,BANARISUGEQN,3267.2,3282.6,3282.6,15.4,0.47,3,9847,4338.0,3105.2
MOTHERSON,MOTHERSONEQN,158.27,159.02,159.02,0.75,0.47,38700,6154074,173.27,101.01
COHANCE,COHANCEEQN,432.95,435.0,435.0,2.05,0.47,1311,570285,996.0,266.7
PRAVEG,PRAVEGEQN,254.0,255.2,255.2,1.2,0.47,75,19140,325.0,210.4
BENGALASM,BENGALASMEQN,6319.0,6349.0,6349.0,30.0,0.47,2,12698,7268.0,5845.85
ASTEC,ASTECEQN,661.95,665.0,665.0,3.05,0.46,1,665,941.75,513.4
ATL,ATLEQN,23.89,24.0,24.0,0.11,0.46,16,384,37.86,18.2
BSE,BSEEQN,3240.0,3255.0,3255.0,15.0,0.46,7004,22798020,4446.8,2021.5
FRACTAL,FRACTALEQN,738.6,742.0,742.0,3.4,0.46,170,126140,1118.0,733.7
RMC,RMCEQN,206.41,207.35,207.35,0.94,0.46,3,622,530.0,194.1
PFS,PFSEQN,26.06,26.18,26.18,0.12,0.46,161,4214,40.5,23.85
DCW,DCWEQN,44.26,44.46,44.46,0.2,0.45,1699,75537,76.35,37.11
BAJAJHIND,BAJAJHINDEQN,19.81,19.9,19.9,0.09,0.45,16420,326758,26.0,14.85
JETFREIGHT,JETFREIGHTEQN,19.9,19.99,19.99,0.09,0.45,500,9995,25.95,11.9
NLCINDIA,NLCINDIAEQN,255.35,256.5,256.5,1.15,0.45,2100,538650,387.8,230.0
VINCOFE,VINCOFEEQN,167.27,168.0,168.0,0.73,0.44,1774,298032,189.4,120.24
VARROC,VARROCEQN,851.15,854.9,854.9,3.75,0.44,112,95748,896.0,462.0
MOIL,MOILEQN,237.36,238.4,238.4,1.04,0.44,2324,554041,404.9,234.06
UTTAMSUGAR,UTTAMSUGAREQN,250.7,251.8,251.8,1.1,0.44,37,9316,359.3,181.1
IRFC,IRFCEQN,78.95,79.3,79.3,0.35,0.44,45090,3575637,137.17,78.16
POCL,POCLEQN,452.9,454.9,454.9,2.0,0.44,1083,492656,647.6,392.2
ENDURANCE,ENDURANCEEQN,2628.4,2639.9,2639.9,11.5,0.44,68,179513,3072.0,2142.8
YUKEN,YUKENEQN,1134.95,1140.0,1140.0,5.05,0.44,37,42180,1153.85,584.1
CEATLTD,CEATLTDEQN,3305.6,3320.0,3320.0,14.4,0.44,93,308760,4438.0,3061.2
POWERICA,POWERICAEQN,540.0,542.4,542.4,2.4,0.44,100,54240,676.95,365.1
HEG,HEGBEN,215.05,216.0,216.0,0.95,0.44,1892,408672,753.9,214.1
JARO,JAROEQN,467.95,470.0,470.0,2.05,0.44,85,39950,890.0,383.5
BLBLIMITED,BLBLIMITEDEQN,16.13,16.2,16.2,0.07,0.43,1070,17334,22.47,12.0
SEAMECLTD,SEAMECLTDEQN,1701.6,1709.0,1709.0,7.4,0.43,7,11963,1849.0,771.75
RECLTD,RECLTDEQN,312.65,314.0,314.0,1.35,0.43,1792,562688,390.5,304.05
RTNPOWER,RTNPOWEREQN,7.03,7.06,7.06,0.03,0.43,48209,340355,12.57,6.95
SHBAJRG,SHBAJRGEQN,151.35,152.0,152.0,0.65,0.43,1,152,214.95,147.98
WAAREEINDO,WAAREEINDOEQN,246.95,248.0,248.0,1.05,0.43,110,27280,725.0,241.1
MOSCHIP,MOSCHIPEQN,199.16,200.0,200.0,0.84,0.42,9131,1826200,288.45,146.8
ADANIPORTS,ADANIPORTSEQN,1723.8,1731.0,1731.0,7.2,0.42,3504,6065424,1891.1,1292.0
MMFL,MMFLEQN,606.95,609.5,609.5,2.55,0.42,68,41446,687.95,288.1
WEALTH,WEALTHEQN,837.45,839.95,839.95,3.5,0.42,1,839,1269.8,774.95
AEROFLEX,AEROFLEXEQN,481.1,483.1,483.1,2.0,0.42,2725,1316447,584.15,158.0
NAHARSPING,NAHARSPINGEQN,261.8,262.9,262.9,1.1,0.42,1,262,349.0,149.2
TVSMOTOR,TVSMOTOREQN,4033.0,4050.0,4050.0,17.0,0.42,705,2855250,4484.5,3228.0
MPSLTD,MPSLTDEQN,2610.2,2621.1,2621.1,10.9,0.42,34,89117,2979.0,1336.1
CONTROLPR,CONTROLPREQN,591.5,594.0,594.0,2.5,0.42,16,9504,899.0,517.0
KCPSUGIND,KCPSUGINDBEN,28.88,28.9,28.9,0.12,0.42,391,11299,36.47,21.45
INDRAMEDCO,INDRAMEDCOEQN,356.55,358.0,358.0,1.45,0.41,1385,495830,640.85,342.0
PPLPHARMA,PPLPHARMAEQN,202.37,203.2,203.2,0.83,0.41,13001,2641803,231.93,132.3
TVSELECT,TVSELECTEQN,401.5,403.15,403.15,1.65,0.41,47,18948,739.35,336.2
JAYSREETEA,JAYSREETEAEQN,89.23,89.6,89.6,0.37,0.41,134,12006,112.7,70.55
SHANKARA,SHANKARAEQN,149.24,149.85,149.85,0.61,0.41,1,149,1021.35,98.25
TECHNOE,TECHNOEEQN,971.05,975.0,975.0,3.95,0.41,340,331500,1479.0,870.0
TANLA,TANLAEQN,487.55,489.55,489.55,2.0,0.41,1170,572773,766.0,365.9
PCBL,PCBLEQN,317.1,318.4,318.4,1.3,0.41,1363,433979,425.95,226.5
BSOFT,BSOFTEQN,281.25,282.4,282.4,1.15,0.41,5480,1547552,474.0,270.2
ETERNAL,ETERNALEQN,317.0,318.3,318.3,1.3,0.41,40567,12912476,368.45,212.6
INDUSTOWER,INDUSTOWEREQN,375.6,377.1,377.1,1.5,0.4,2909,1096983,481.5,337.8
BPCL,BPCLEQN,303.35,304.55,304.55,1.2,0.4,10803,3290053,391.65,266.6
GODREJCP,GODREJCPEQN,863.0,866.45,866.45,3.45,0.4,385,333583,1273.9,855.15
ADVANCE,ADVANCEEQN,110.15,110.59,110.59,0.44,0.4,2,221,154.0,84.1
MVELECTRO,MVELECTROEQN,819.05,822.3,822.3,3.25,0.4,2047,1683248,948.0,516.55
EUROPRATIK,EUROPRATIKEQN,240.05,241.0,241.0,0.95,0.4,206,49646,390.0,205.1
EMMVEE,EMMVEEEQN,321.7,323.0,323.0,1.3,0.4,4495,1451885,371.55,171.51
BLEL,BLELEQN,428.4,430.1,430.1,1.7,0.4,2520,1083852,548.0,415.0
PURVA,PURVAEQN,210.23,211.05,211.05,0.82,0.39,1001,211261,287.3,160.69
CAPINVIT,CAPINVITIVN,76.88,77.18,77.18,0.3,0.39,117,9030,79.99,67.0
RELIANCE,RELIANCEEQN,1240.0,1244.8,1244.8,4.8,0.39,86739,107972707,1611.8,1235.3
INDIGRID,INDIGRIDIVN,173.32,173.99,173.99,0.67,0.39,6683,1162775,180.9,161.01
BOSCHLTD,BOSCHLTDEQN,47555.0,47740.0,47740.0,185.0,0.39,40,1909600,50000.0,28610.0
AVADHSUGAR,AVADHSUGAREQN,726.2,729.0,729.0,2.8,0.39,158,115182,884.8,306.05
DHANUKA,DHANUKAEQN,961.85,965.5,965.5,3.65,0.38,2,1931,1620.4,889.6
GODFRYPHLP,GODFRYPHLPEQN,1934.0,1941.4,1941.4,7.4,0.38,350,679490,3947.0,1832.1
EBGNG,EBGNGEQN,645.55,648.0,648.0,2.45,0.38,496,321408,712.0,239.0
BAJFINANCE,BAJFINANCEEQN,1006.2,1010.0,1010.0,3.8,0.38,6595,6660950,1176.4,787.9
AYE,AYEEQN,180.12,180.8,180.8,0.68,0.38,1239,224011,197.29,88.22
RAMBHAJO,RAMBHAJOEQN,252.05,253.0,253.0,0.95,0.38,287,72611,289.0,161.6
JINDRILL,JINDRILLEQN,595.15,597.4,597.4,2.25,0.38,464,277193,704.4,440.1
ATULAUTO,ATULAUTOEQN,436.4,438.0,438.0,1.6,0.37,121,52998,596.55,380.05
BHARTIARTL,BHARTIARTLEQN,1835.0,1841.8,1841.8,6.8,0.37,88938,163806008,2174.5,1740.5
ULTRACEMCO,ULTRACEMCOEQN,10700.0,10740.0,10740.0,40.0,0.37,347,3726780,13110.0,10325.0
SASKEN,SASKENEQN,1681.5,1687.8,1687.8,6.3,0.37,15,25317,2780.2,991.0
DHANBANK,DHANBANKEQN,29.42,29.53,29.53,0.11,0.37,942,27817,36.85,19.45
JAYNECOIND,JAYNECOINDEQN,87.35,87.67,87.67,0.32,0.37,3804,333496,117.0,64.4
ORCHPHARMA,ORCHPHARMAEQN,957.5,961.0,961.0,3.5,0.37,20,19220,1133.0,480.0
LUPIN,LUPINEQN,2045.0,2052.6,2052.6,7.6,0.37,1035,2124441,2529.5,1900.0
LOVABLE,LOVABLEEQN,69.75,70.0,70.0,0.25,0.36,35,2450,104.7,55.0
SUNTECK,SUNTECKEQN,281.15,280.65,280.65,1.0,0.36,508,142570,472.5,270.75
WHIRLPOOL,WHIRLPOOLEQN,731.75,734.4,734.4,2.65,0.36,453,332683,1437.0,729.9
SBFC,SBFCEQN,93.66,94.0,94.0,0.34,0.36,1113,104622,123.0,79.6
MOLDTKPAC,MOLDTKPACEQN,661.45,663.85,663.85,2.4,0.36,41,27217,837.0,464.9
INDOBORAX,INDOBORAXEQN,470.3,472.0,472.0,1.7,0.36,369,174168,542.8,225.31
TORNTPOWER,TORNTPOWEREQN,1295.3,1300.0,1300.0,4.7,0.36,2576,3348800,1824.1,1188.0
VAIBHAVGBL,VAIBHAVGBLEQN,210.66,211.42,211.42,0.76,0.36,534,112898,293.25,174.13
20MICRONS,20MICRONSEQN,203.23,203.96,203.96,0.73,0.36,93,18968,237.45,129.61
HGINFRA,HGINFRAEQN,461.5,463.15,463.15,1.65,0.36,445,206101,1049.95,429.5
BOSCH-HCIL,BOSCH-HCILEQN,1674.2,1680.2,1680.2,6.0,0.36,10,16802,1891.3,1021.3
SUNSHINE,SUNSHINEEQN,363.7,365.0,365.0,1.3,0.36,6845,2498425,524.95,326.25
RATNAVEER,RATNAVEEREQN,286.75,287.75,287.75,1.0,0.35,7086,2038996,316.0,130.5
MEDANTA,MEDANTAEQN,1404.6,1409.5,1409.5,4.9,0.35,154,217063,1544.0,956.0
GAIL,GAILEQN,170.65,171.24,171.24,0.59,0.35,7846,1343549,186.87,134.36
ADANIENT,ADANIENTEQN,2920.0,2930.1,2930.1,10.1,0.35,978,2865637,3245.0,1753.0
PTC,PTCEQN,151.96,152.49,152.49,0.53,0.35,1955,298117,229.51,149.59
HEROMOTOCO,HEROMOTOCOEQN,5235.0,5253.5,5253.5,18.5,0.35,1535,8064122,6388.5,4671.5
CRISIL,CRISILEQN,4578.8,4595.0,4595.0,16.2,0.35,5,22975,5115.0,3686.0
MWL,MWLEQN,39.74,39.88,39.88,0.14,0.35,2582,102970,48.0,20.0
JKTYRE,JKTYREEQN,343.3,344.5,344.5,1.2,0.35,776,267332,611.9,339.55
HSCL,HSCLEQN,652.8,655.0,655.0,2.2,0.34,5134,3362770,819.5,418.5
AETHER,AETHEREQN,1603.1,1608.6,1608.6,5.5,0.34,535,860601,1717.0,726.45
HMT,HMTBZN,61.79,62.0,62.0,0.21,0.34,171,10602,72.95,41.0
COFFEEDAY,COFFEEDAYEQN,30.4,30.5,30.5,0.1,0.33,606,18483,46.57,21.0
INDUSINVIT,INDUSINVITIVN,131.47,131.9,131.9,0.43,0.33,394,51968,138.0,113.21
RADIOCITY,RADIOCITYEQN,6.03,6.05,6.05,0.02,0.33,366,2214,9.25,4.5
3MINDIA,3MINDIAEQN,31935.0,32040.0,32040.0,105.0,0.33,16,512640,38030.0,28730.0
CIPLA,CIPLAEQN,1358.0,1362.5,1362.5,4.5,0.33,491,668987,1673.0,1165.7
MMTC,MMTCEQN,59.8,60.0,60.0,0.2,0.33,18772,1126320,78.35,50.1
ELLEN,ELLENEQN,374.65,375.9,375.9,1.25,0.33,2982,1120933,550.55,175.0
MIIL,MIILEQN,663.0,664.95,664.95,2.2,0.33,125,83118,742.9,640.5
SAURASHCEM,SAURASHCEMEQN,52.33,52.5,52.5,0.17,0.32,82,4305,115.32,47.65
SUNTV,SUNTVEQN,462.45,463.95,463.95,1.5,0.32,101,46858,660.7,447.7
BEL,BELEQN,385.75,385.75,387.0,1.25,0.32,51101,0,473.45,380.45
LENSKART,LENSKARTEQN,675.85,678.0,678.0,2.15,0.32,2670,1810260,703.5,356.1
ELIN,ELINEQN,88.71,88.99,88.99,0.28,0.32,113,10055,234.0,83.97
BBOX,BBOXEQN,763.25,765.6,765.6,2.35,0.31,1850,1416360,1103.0,444.3
BFUTILITIE,BFUTILITIEEQN,520.35,521.95,521.95,1.6,0.31,20,10439,898.7,368.7
KDDL,KDDLEQN,3819.0,3830.7,3830.7,11.7,0.31,6,22984,4155.5,1990.0
ASIANPAINT,ASIANPAINTEQN,2416.6,2424.0,2424.0,7.4,0.31,700,1696800,2985.7,2115.0
SWARAJENG,SWARAJENGEQN,3524.8,3535.6,3535.6,10.8,0.31,5,17678,4545.0,3301.3
IRISDOREME,IRISDOREMEEQN,58.18,58.36,58.36,0.18,0.31,305,17799,65.0,26.35
AIAENG,AIAENGEQN,3805.8,3817.5,3817.5,11.7,0.31,15,57262,5180.0,3034.0
SPCENET,SPCENETEQN,3.24,3.25,3.25,0.01,0.31,1256,4082,11.24,3.0
BEML,BEMLEQN,1991.9,1998.0,1998.0,6.1,0.31,311,621378,2275.75,1355.0
KNACK,KNACKEQN,179.69,180.24,180.24,0.55,0.31,251,45240,222.0,171.1
TMB,TMBEQN,904.2,907.0,907.0,2.8,0.31,232,210424,954.2,420.0
MOHITIND,MOHITINDEQN,23.23,23.3,23.3,0.07,0.3,1,23,37.98,18.6
SHAH,SHAHEQN,3.34,3.35,3.35,0.01,0.3,8472,28381,5.82,2.56
DENTA,DENTAEQN,282.05,282.9,282.9,0.85,0.3,1055,298459,479.6,222.0
SANDHAR,SANDHAREQN,583.25,585.0,585.0,1.75,0.3,486,284310,763.2,424.0
ELECTCAST,ELECTCASTEQN,74.33,74.55,74.55,0.22,0.3,4857,362089,103.0,60.15
RUBYMILLS,RUBYMILLSEQN,462.1,461.0,461.0,1.4,0.3,218,100498,499.05,169.02
MANKIND,MANKINDEQN,2246.0,2252.7,2252.7,6.7,0.3,261,587954,2674.0,1909.7
TATACONSUM,TATACONSUMEQN,1000.1,1003.1,1003.1,3.0,0.3,1222,1225788,1282.7,986.0
CASTROLIND,CASTROLINDEQN,188.84,189.4,189.4,0.56,0.3,4066,770100,210.75,170.1
EXCELINDUS,EXCELINDUSEQN,966.8,955.9,955.9,2.8,0.29,270,258093,1210.0,800.05
TRITURBINE,TRITURBINEEQN,540.8,542.3,542.3,1.5,0.28,578,313449,787.6,428.35
PARACABLES,PARACABLESEQN,60.83,61.0,61.0,0.17,0.28,4753,289933,75.7,28.3
PAYTM,PAYTMEQN,1790.0,1795.0,1795.0,5.0,0.28,16937,30401915,1855.5,930.6
NYKAA,NYKAAEQN,325.6,326.5,326.5,0.9,0.28,15920,5197880,349.55,227.9
LAOPALA,LAOPALAEQN,156.01,156.45,156.45,0.44,0.28,99,15488,259.7,155.0
SCI,SCIEQN,266.9,267.65,267.65,0.75,0.28,5538,1482245,368.75,195.55
BERGEPAINT,BERGEPAINTEQN,448.15,449.4,449.4,1.25,0.28,1338,601297,594.55,391.1
DEEPAKNTR,DEEPAKNTREQN,1590.5,1595.0,1595.0,4.5,0.28,274,437030,1904.4,1280.0
SOMANYCERA,SOMANYCERAEQN,555.15,556.7,556.7,1.55,0.28,16,8907,576.8,332.0
VISAKAIND,VISAKAINDEQN,87.15,87.39,87.39,0.24,0.28,1,87,104.41,50.2
THEJO,THEJOEQN,2156.8,2162.9,2162.9,6.1,0.28,1,2162,2286.6,1443.6
TGVSL,TGVSLEQN,102.37,102.65,102.65,0.28,0.27,88,9033,114.24,101.01
POWERGRID,POWERGRIDEQN,262.8,263.5,263.5,0.7,0.27,6867,1809454,324.95,250.0
NHPC,NHPCEQN,75.41,75.61,75.61,0.2,0.27,15695,1186698,89.22,71.62
INDIGO,INDIGOEQN,4733.5,4746.5,4746.5,13.0,0.27,1791,8500981,5970.0,3895.2
PROSTARM,PROSTARMEQN,127.95,128.3,128.3,0.35,0.27,440,56452,237.0,114.64
VISHAL,VISHALEQN,18.42,18.47,18.47,0.05,0.27,200,3694,21.94,17.35
DATAMATICS,DATAMATICSEQN,755.55,757.6,757.6,2.05,0.27,228,172732,1010.0,632.0
BHARATRAS,BHARATRASEQN,1157.4,1159.9,1159.9,3.0,0.26,35,40596,2987.5,1101.0
SSWL,SSWLEQN,350.05,350.95,350.95,0.9,0.26,1752,614864,384.15,169.0
RAIN,RAINEQN,199.29,199.8,199.8,0.51,0.26,10672,2132265,252.0,99.9
AFFLE,AFFLEEQN,1535.0,1539.0,1539.0,4.0,0.26,333,512487,2185.9,1251.3
VISL,VISLEQN,31.16,31.24,31.24,0.08,0.26,33067,1033013,44.78,19.06
IRB,IRBEQN,19.05,19.1,19.1,0.05,0.26,38625,737737,23.95,18.66
SRD,SRDEQN,40.09,40.19,40.19,0.1,0.25,23,924,75.79,36.0
ITC,ITCEQN,264.15,264.8,264.8,0.65,0.25,51559,13652823,426.4,255.5
MONTECARLO,MONTECARLOEQN,549.95,551.3,551.3,1.35,0.25,9,4961,860.95,464.0
ASHAPURMIN,ASHAPURMINEQN,515.7,517.0,517.0,1.3,0.25,551,284867,924.9,455.1
NEWGEN,NEWGENEQN,492.0,493.25,493.25,1.25,0.25,2980,1469885,1041.95,401.05
KRISHANA,KRISHANAEQN,183.67,184.13,184.13,0.46,0.25,459,84515,206.39,86.2
5PAISA,5PAISAEQN,316.85,317.65,317.65,0.8,0.25,17,5400,416.95,245.5
PANAMAPET,PANAMAPETEQN,451.55,452.7,452.7,1.15,0.25,442,200093,599.6,229.0
MTNL,MTNLEQN,23.84,23.9,23.9,0.06,0.25,8691,207714,46.44,21.26
ASHOKLEY,ASHOKLEYEQN,156.5,156.89,156.89,0.39,0.25,12005,1883464,215.42,133.99
IOLCP,IOLCPEQN,194.57,195.05,195.05,0.48,0.25,10535,2054851,219.04,67.19
VSTIND,VSTINDEQN,202.14,202.65,202.65,0.51,0.25,33,6687,286.78,200.0
WAKEFIT,WAKEFITEQN,145.61,145.97,145.97,0.36,0.25,982,143342,224.0,111.4
HINDOILEXP,HINDOILEXPEQN,180.44,180.89,180.89,0.45,0.25,889,160811,201.44,117.5
PARKHOSPS,PARKHOSPSEQN,276.4,277.1,277.1,0.7,0.25,158,43781,305.0,138.1
NTPC,NTPCEQN,327.0,327.8,327.8,0.8,0.24,5562,1823223,414.4,315.55
INDIANB,INDIANBEQN,840.0,842.0,842.0,2.0,0.24,1175,989350,1000.9,692.15
EDELWEISS,EDELWEISSEQN,126.74,127.05,127.05,0.31,0.24,4303,546696,140.9,98.0
EPL,EPLEQN,233.9,234.45,234.45,0.55,0.24,2099,492110,274.03,176.4
MOREPENLAB,MOREPENLABEQN,114.73,115.0,115.0,0.27,0.24,36494,4196810,122.55,33.05
HCC,HCCEQN,21.04,21.09,21.09,0.05,0.24,30049,633733,28.5,13.65
EPACKPEB,EPACKPEBEQN,221.47,222.0,222.0,0.53,0.24,99,21978,344.0,132.17
ATLANTAELE,ATLANTAELEEQN,1655.0,1659.0,1659.0,4.0,0.24,502,832818,2152.6,707.6
ONESOURCE,ONESOURCEEQN,1596.6,1600.2,1600.2,3.6,0.23,306,489661,1925.0,1057.0
POWERMECH,POWERMECHEQN,2296.5,2301.7,2301.7,5.2,0.23,374,860835,3120.0,1717.7
UNITEDTEA,UNITEDTEAEQN,431.2,432.2,432.2,1.0,0.23,14,6050,590.0,412.0
IRCTC,IRCTCEQN,452.95,454.0,454.0,1.05,0.23,4625,2099750,739.0,446.5
TEJASNET,TEJASNETEQN,514.8,516.0,516.0,1.2,0.23,7603,3923148,644.75,294.0
BHEL,BHELEQN,410.6,411.55,411.55,0.95,0.23,5819,2394809,446.5,229.12
DYCL,DYCLEQN,433.0,434.0,434.0,1.0,0.23,972,421848,560.0,236.8
FDC,FDCEQN,350.2,351.0,351.0,0.8,0.23,229,80379,527.8,312.95
CLEANMAX,CLEANMAXEQN,1286.8,1289.8,1289.8,3.0,0.23,20,25796,1536.0,727.1
AUGMONT,AUGMONTEQN,833.05,835.0,835.0,1.95,0.23,1551,1295085,1019.8,812.1
PNGJL,PNGJLEQN,608.65,610.0,610.0,1.35,0.22,108,65880,736.4,503.0
NSIL,NSILEQN,5397.5,5409.5,5409.5,12.0,0.22,2,10819,8730.0,4700.0
GOPAL,GOPALEQN,254.4,254.95,254.95,0.55,0.22,48,12237,393.0,247.55
KELLTONTEC,KELLTONTECEQN,13.5,13.53,13.53,0.03,0.22,3705,50128,27.6,13.0
CLEAN,CLEANEQN,820.0,821.8,821.8,1.8,0.22,329,270372,1212.0,652.0
RATNAMANI,RATNAMANIEQN,2695.0,2701.0,2701.0,6.0,0.22,35,94535,3345.0,1936.5
RALLIS,RALLISEQN,202.65,203.09,203.09,0.44,0.22,625,126931,342.1,196.81
GRSE,GRSEEQN,2314.6,2319.8,2319.8,5.2,0.22,699,1621540,3339.0,1963.7
ICRA,ICRAEQN,4610.0,4620.0,4620.0,10.0,0.22,111,512820,6982.0,4578.1
KPITTECH,KPITTECHEQN,555.0,556.2,556.2,1.2,0.22,3215,1788183,1328.0,543.0
SKFINDIA,SKFINDIAEQN,1546.3,1549.7,1549.7,3.4,0.22,56,86783,5074.0,1404.0
CARBORUNIV,CARBORUNIVEQN,1051.6,1053.9,1053.9,2.3,0.22,63,66395,1306.9,735.2
HDFCAMC,HDFCAMCEQN,2373.1,2378.1,2378.1,5.0,0.21,456,1084413,2967.25,2205.6
NELCO,NELCOEQN,938.05,940.0,940.0,1.95,0.21,566,532040,1120.0,500.1
CANTABIL,CANTABILEQN,238.95,239.44,239.44,0.49,0.21,200,47888,321.5,208.5
WALCHANNAG,WALCHANNAGEQN,197.08,197.5,197.5,0.42,0.21,497,98157,315.8,131.15
KOPRAN,KOPRANEQN,260.86,261.4,261.4,0.54,0.21,8620,2253268,274.78,107.0
INFOBEAN,INFOBEANEQN,150.98,151.28,151.28,0.3,0.2,570,86229,257.5,116.5
APOLLOPIPE,APOLLOPIPEEQN,508.9,509.9,509.9,1.0,0.2,478,243732,668.8,252.1
SHANTIGEAR,SHANTIGEAREQN,691.6,693.0,693.0,1.4,0.2,368,255024,743.0,384.0
MAPMYINDIA,MAPMYINDIAEQN,883.1,884.9,884.9,1.8,0.2,310,274319,1998.0,795.0
HEMIPROP,HEMIPROPEQN,117.67,117.9,117.9,0.23,0.2,1101,129807,190.69,111.2
SURYODAY,SURYODAYEQN,143.61,143.9,143.9,0.29,0.2,705,101449,218.0,115.41
IFCI,IFCIEQN,75.06,75.21,75.21,0.15,0.2,183284,13784789,107.5,46.23
TIRUMALCHM,TIRUMALCHMEQN,154.19,154.5,154.5,0.31,0.2,98,15141,328.8,143.5
BCG,BCGEQN,9.78,9.8,9.8,0.02,0.2,62007,607668,15.89,7.7
SMLT,SMLTEQN,59.88,60.0,60.0,0.12,0.2,9,540,121.0,56.61
RAYMONDREL,RAYMONDRELEQN,565.35,566.45,566.45,1.1,0.19,1104,625360,734.9,349.0
DHARMAJ,DHARMAJEQN,269.4,269.9,269.9,0.5,0.19,42,11335,345.0,210.65
RIIL,RIILEQN,693.65,694.95,694.95,1.3,0.19,76,52816,964.0,617.35
DELHIVERY,DELHIVERYEQN,421.8,422.6,422.6,0.8,0.19,3619,1529389,524.0,374.45
CELLO,CELLOEQN,323.4,324.0,324.0,0.6,0.19,156,50544,673.8,319.45
PNC,PNCEQN,16.17,16.2,16.2,0.03,0.19,904,14644,37.99,15.72
SMARTLINK,SMARTLINKBEN,222.57,223.0,223.0,0.43,0.19,8,1784,241.81,103.5
ESSARSHPNG,ESSARSHPNGEQN,15.53,15.56,15.56,0.03,0.19,7051,109713,43.26,15.45
SHYAMMETL,SHYAMMETLEQN,1048.0,1050.0,1050.0,2.0,0.19,78,81900,1111.0,746.0
STYL,STYLEQN,361.2,361.9,361.9,0.7,0.19,189,68399,437.45,209.11
SWIGGY,SWIGGYEQN,270.5,271.0,271.0,0.5,0.18,23034,6242214,474.0,235.75
PIIND,PIINDEQN,2256.0,2260.0,2260.0,4.0,0.18,140,316400,3832.9,2191.0
RELAXO,RELAXOEQN,311.4,311.95,311.95,0.55,0.18,184,57398,503.95,236.5
APOLLO,APOLLOEQN,370.35,371.0,371.0,0.65,0.18,22799,8458429,466.5,179.5
ABCAPITAL,ABCAPITALEQN,381.3,382.0,382.0,0.7,0.18,1996,762472,430.7,277.7
ARE&M,ARE&MEQN,791.55,793.0,793.0,1.45,0.18,1138,902434,1057.85,670.0
ITDC,ITDCEQN,656.75,657.9,657.9,1.15,0.18,526,346055,822.0,368.0
WOCKPHARMA,WOCKPHARMAEQN,2021.5,2025.0,2025.0,3.5,0.17,1148,2324700,2422.3,1086.7
CARRARO,CARRAROEQN,508.85,509.7,509.7,0.85,0.17,109,55557,667.55,416.0
GRINDWELL,GRINDWELLEQN,1852.9,1856.0,1856.0,3.1,0.17,10,18560,2455.0,1329.0
MARSONS,MARSONSEQN,121.54,121.75,121.75,0.21,0.17,6863,835570,175.4,100.25
INTELLECT,INTELLECTEQN,659.45,660.6,660.6,1.15,0.17,113,74647,1244.6,595.2
LINDEINDIA,LINDEINDIAEQN,6089.5,6100.0,6100.0,10.5,0.17,55,335500,8049.0,5673.0
PGINVIT,PGINVITIVN,101.33,101.5,101.5,0.17,0.17,969,98353,104.5,86.3
RBA,RBAEQN,95.83,95.99,95.99,0.16,0.17,1516,145520,111.15,57.15
OLECTRA,OLECTRAEQN,1168.0,1170.0,1170.0,2.0,0.17,576,673920,1714.2,866.6
SAMBHAAV,SAMBHAAVEQN,5.89,5.9,5.9,0.01,0.17,320,1888,11.53,5.07
VINEETLAB,VINEETLABEQN,35.89,35.95,35.95,0.06,0.17,20,719,43.5,27.96
SOUTHWEST,SOUTHWESTEQN,198.58,198.9,198.9,0.32,0.16,75,14917,275.0,121.0
NIBE,NIBEEQN,1212.0,1213.9,1213.9,1.9,0.16,96,116534,1848.0,809.6
ALIVUS,ALIVUSEQN,1370.6,1372.8,1372.8,2.2,0.16,7,9609,1493.8,819.0
GFLLIMITED,GFLLIMITEDEQN,54.65,54.74,54.74,0.09,0.16,5000,273700,81.0,37.25
BALUFORGE,BALUFORGEEQN,483.25,484.0,484.0,0.75,0.16,1409,681956,696.7,341.05
PITTIENG,PITTIENGEQN,1101.4,1103.2,1103.2,1.8,0.16,118,130177,1228.0,675.0
JKPAPER,JKPAPEREQN,417.35,418.0,418.0,0.65,0.16,977,408386,444.8,304.85
HIMATSEIDE,HIMATSEIDEEQN,64.76,64.61,64.61,0.1,0.16,1105,71394,134.2,63.25
CARTRADE,CARTRADEEQN,2885.3,2889.9,2889.9,4.6,0.16,1909,5516819,3290.5,1600.0
VBL,VBLEQN,410.4,411.0,411.0,0.6,0.15,4131,1697841,555.8,381.0
UGARSUGAR,UGARSUGAREQN,53.39,53.47,53.47,0.08,0.15,325,17377,62.1,33.75
SIGNATURE,SIGNATUREEQN,752.5,753.6,753.6,1.1,0.15,69,51998,1158.0,705.2
JTEKTINDIA,JTEKTINDIAEQN,117.12,117.29,117.29,0.17,0.15,277,32489,187.95,114.82
FEDFINA,FEDFINAEQN,150.76,150.99,150.99,0.23,0.15,630,95123,178.48,119.07
AEQUS,AEQUSEQN,220.68,221.0,221.0,0.32,0.15,3057,675597,274.39,113.3
CANFINHOME,CANFINHOMEEQN,771.95,773.1,773.1,1.15,0.15,63,48705,971.5,738.3
MTARTECH,MTARTECHBEN,6792.0,6802.0,6802.0,10.0,0.15,372,2530344,8714.0,1659.1
ARVSMART,ARVSMARTEQN,549.2,550.0,550.0,0.8,0.15,5,2750,707.85,486.8
SYRMA,SYRMAEQN,1511.2,1513.5,1513.5,2.3,0.15,2491,3770128,1660.0,634.5
SUPERSPIN,SUPERSPINBEN,6.85,6.86,6.86,0.01,0.15,6,41,9.98,3.79
BIKEWO,BIKEWOSTN,108.5,108.65,108.65,0.15,0.14,2000,217300,115.8,13.65
CAPLIPOINT,CAPLIPOINTEQN,2583.0,2586.6,2586.6,3.6,0.14,332,858751,2877.3,1500.3
LTFOODS,LTFOODSEQN,417.75,418.35,418.35,0.6,0.14,1017,425461,490.7,333.15
REDTAPE,REDTAPEEQN,117.34,117.5,117.5,0.16,0.14,1646,193405,163.5,107.53
DOMS,DOMSEQN,2085.2,2088.2,2088.2,3.0,0.14,22,45940,2755.0,2023.9
AWHCL,AWHCLEQN,345.5,346.0,346.0,0.5,0.14,134,46364,616.0,337.55
BLSE,BLSEEQN,313.55,314.0,314.0,0.45,0.14,50,15700,331.3,124.3
SPORTKING,SPORTKINGEQN,200.96,201.25,201.25,0.29,0.14,408,82110,241.51,78.17
DIXON,DIXONEQN,13181.0,13200.0,13200.0,19.0,0.14,377,4976400,18471.0,9600.0
THYROCARE,THYROCAREEQN,541.3,542.05,542.05,0.75,0.14,244,132260,662.0,342.55
ANURAS,ANURASEQN,1178.3,1180.0,1180.0,1.7,0.14,87,102660,1415.0,1045.2
KRISHIVAL,KRISHIVALEQN,419.4,420.0,420.0,0.6,0.14,101,42420,483.81,282.3
ENGINERSIN,ENGINERSINEQN,260.65,261.0,261.0,0.35,0.13,3519,918459,289.65,163.55
RPEL,RPELEQN,1547.0,1549.0,1549.0,2.0,0.13,144,223056,1943.7,561.3
GOCOLORS,GOCOLORSEQN,303.6,304.0,304.0,0.4,0.13,402,122208,744.0,237.05
TFCILTD,TFCILTDEQN,138.81,138.99,138.99,0.18,0.13,3404,473121,147.65,51.0
NESCO,NESCOEQN,1075.6,1077.0,1077.0,1.4,0.13,83,89391,1575.3,996.0
GEOJITFSL,GEOJITFSLEQN,76.9,77.0,77.0,0.1,0.13,1061,81697,86.5,50.86
GNRL,GNRLEQN,99.87,100.0,100.0,0.13,0.13,1,100,120.9,83.2
ALOKINDS,ALOKINDSEQN,7.48,7.49,7.49,0.01,0.13,50451,377877,19.34,7.06
SKYWAYS,SKYWAYSEQN,113.42,113.57,113.57,0.15,0.13,8506,966026,136.45,106.82
WELENT,WELENTEQN,768.0,769.0,769.0,1.0,0.13,729,560601,825.0,412.0
LAXMIDENTL,LAXMIDENTLEQN,195.43,195.66,195.66,0.23,0.12,125,24457,377.05,155.88
BIRLACABLE,BIRLACABLEEQN,382.55,383.0,383.0,0.45,0.12,1713,656079,411.95,104.0
APOLLOHOSP,APOLLOHOSPEQN,8696.5,8707.0,8707.0,10.5,0.12,133,1158031,9050.0,6696.5
PNBGILTS,PNBGILTSEQN,77.91,78.0,78.0,0.09,0.12,1011,78858,106.0,58.6
CGCL,CGCLEQN,256.65,256.95,256.95,0.3,0.12,1968,505677,287.45,151.1
DEEPINDS,DEEPINDSEQN,735.15,736.0,736.0,0.85,0.12,245,180320,825.0,330.0
PWL,PWLEQN,127.53,127.68,127.68,0.15,0.12,7924,1011736,161.99,77.72
JSWHL,JSWHLEQN,10935.0,10948.0,10948.0,13.0,0.12,5,54740,22790.0,10530.0
SENORES,SENORESEQN,1376.9,1378.4,1378.4,1.5,0.11,81,111650,1599.0,662.45
ROLEXRINGS,ROLEXRINGSEQN,168.53,168.72,168.72,0.19,0.11,2769,467185,189.4,99.79
TSFINV,TSFINVEQN,438.5,439.0,439.0,0.5,0.11,15,6585,701.5,331.7
NMDC,NMDCEQN,80.32,80.41,80.41,0.09,0.11,19278,1550143,97.49,72.24
IOC,IOCEQN,134.75,134.9,134.9,0.15,0.11,28207,3805124,188.96,130.22
ACI,ACIEQN,461.45,461.95,461.95,0.5,0.11,414,191247,724.0,446.0
IRBINVIT,IRBINVITIVN,63.93,64.0,64.0,0.07,0.11,3165,202560,65.0,57.05
FIVESTAR,FIVESTAREQN,549.4,550.0,550.0,0.6,0.11,679,373450,666.0,338.15
AARTISURF,AARTISURFBEN,500.45,501.0,501.0,0.55,0.11,36,18036,677.7,316.0
SESHAPAPER,SESHAPAPEREQN,246.72,247.0,247.0,0.28,0.11,100,24700,293.11,209.96
IL&FSENGG,IL&FSENGGBZN,39.93,39.97,39.97,0.04,0.1,20,799,40.05,21.0
DABUR,DABUREQN,382.0,382.4,382.4,0.4,0.1,1738,664611,542.8,368.05
JINDALSTEL,JINDALSTELEQN,1103.0,1104.1,1104.1,1.1,0.1,529,584068,1306.2,977.1
MAHABANK,MAHABANKEQN,80.21,80.29,80.29,0.08,0.1,11019,884715,94.5,53.85
POLYCAB,POLYCABEQN,8121.5,8130.0,8130.0,8.5,0.1,331,2691030,10126.0,6663.0
TRACXN,TRACXNEQN,30.96,30.99,30.99,0.03,0.1,10,309,55.9,25.39
ENRIN,ENRINEQN,3013.4,3016.5,3016.5,3.1,0.1,299,901933,3968.0,2115.0
ELANTAS,ELANTASEQN,13436.0,13450.0,13450.0,14.0,0.1,15,201750,14890.0,8900.0
COCKERILL,COCKERILLEQN,7877.5,7885.0,7885.0,7.5,0.1,26,205010,10871.5,4955.0
LT,LTEQN,3807.7,3811.0,3811.0,3.3,0.09,3697,14089267,4440.0,3288.1
SYMPHONY,SYMPHONYEQN,570.1,570.6,570.6,0.5,0.09,53,30241,970.45,562.1
GRASIM,GRASIMEQN,3187.0,3190.0,3190.0,3.0,0.09,206,657140,3411.1,2502.5
INDIAMART,INDIAMARTEQN,1706.3,1707.9,1707.9,1.6,0.09,108,184453,2629.3,1624.1
CAMS,CAMSEQN,705.7,706.35,706.35,0.65,0.09,518,365889,844.9,611.4
DOLLAR,DOLLAREQN,266.8,267.05,267.05,0.25,0.09,75,20028,396.0,220.5
JAINREC,JAINRECEQN,274.8,275.05,275.05,0.25,0.09,603,165855,593.95,247.57
AJMERA,AJMERAEQN,113.51,113.6,113.6,0.09,0.08,1,113,221.4,98.03
TFL,TFLEQN,12.17,12.18,12.18,0.01,0.08,2000,24360,18.5,10.21
DATAPATTNS,DATAPATTNSEQN,4321.7,4325.0,4325.0,3.3,0.08,2022,8745150,5000.0,2131.0
JAGSNPHARM,JAGSNPHARMEQN,228.28,228.47,228.47,0.19,0.08,27,6168,264.5,155.0
VIYASH,VIYASHEQN,238.85,239.05,239.05,0.2,0.08,1924,459932,298.0,178.13
JNPR,JNPREQN,261.8,262.0,262.0,0.2,0.08,444,116328,282.0,232.11
PAGEIND,PAGEINDEQN,34275.0,34300.0,34300.0,25.0,0.07,17,583100,45890.0,29805.0
UPL,UPLEQN,550.6,551.0,551.0,0.4,0.07,1008,555408,812.2,550.6
PAVNAIND,PAVNAINDEQN,15.14,15.15,15.15,0.01,0.07,21,318,43.8,14.11
BANKINDIA,BANKINDIAEQN,137.81,137.91,137.91,0.1,0.07,4817,664312,178.36,116.0
RRKABEL,RRKABELEQN,2397.4,2399.0,2399.0,1.6,0.07,449,1077151,2983.8,1181.6
ASALCBR,ASALCBREQN,649.55,650.0,650.0,0.45,0.07,20,13000,1277.0,644.55
MRF,MRFEQN,125010.0,125100.0,125100.0,90.0,0.07,15,1876500,163600.0,122000.0
GICRE,GICREEQN,337.75,338.0,338.0,0.25,0.07,720,243360,417.95,337.0
CAPACITE,CAPACITEEQN,186.88,187.01,187.01,0.13,0.07,398,74429,334.0,180.0
HAL,HALEQN,4695.6,4699.0,4699.0,3.4,0.07,1686,7922514,5149.9,3479.1
TCI,TCIEQN,827.0,827.6,827.6,0.6,0.07,31,25655,1242.0,825.0
JIOFIN,JIOFINEQN,224.84,225.0,225.0,0.16,0.07,44329,9974025,321.6,223.3
ATALREAL,ATALREALEQN,14.44,14.45,14.45,0.01,0.07,3867,55878,36.7,12.38
KWIL,KWILEQN,41.32,41.35,41.35,0.03,0.07,15443,638568,50.68,22.24
SHARDUL,SHARDULBEN,53.56,53.6,53.6,0.04,0.07,2,107,60.0,23.05
OMNI,OMNIEQN,539.5,539.9,539.9,0.4,0.07,547,295325,764.85,176.25
GUJENERGY,GUJENERGYEQN,244.24,244.4,244.4,0.16,0.07,3337,815562,447.45,240.36
FLUOROCHEM,FLUOROCHEMEQN,4533.6,4533.6,4533.6,3.0,0.07,74,335486,4958.9,2916.6
SRHHYPOLTD,SRHHYPOLTDEQN,509.7,510.0,510.0,0.3,0.06,100,51000,619.95,382.4
SJVN,SJVNEQN,64.06,64.1,64.1,0.04,0.06,3057,195953,95.55,63.02
COASTCORP,COASTCORPEQN,36.18,36.2,36.2,0.02,0.06,1,36,66.7,32.5
FEDERALBNK,FEDERALBNKEQN,341.8,342.0,342.0,0.2,0.06,5254,1796868,371.7,189.05
GICHSGFIN,GICHSGFINEQN,134.92,135.0,135.0,0.08,0.06,50,6750,184.0,130.05
RCF,RCFEQN,108.77,108.84,108.84,0.07,0.06,1623,176647,157.9,106.0
BEPL,BEPLEQN,124.92,125.0,125.0,0.08,0.06,3771,471375,138.5,74.2
ORIENTPPR,ORIENTPPREQN,16.79,16.8,16.8,0.01,0.06,1500,25200,28.89,13.25
UBL,UBLEQN,1227.3,1228.0,1228.0,0.7,0.06,51,62628,1847.9,1225.2
JSWENERGY,JSWENERGYEQN,504.7,505.0,505.0,0.3,0.06,1386,699930,617.35,427.75
DBOL,DBOLEQN,113.41,113.48,113.48,0.07,0.06,27,3063,139.0,69.0
DIACABS,DIACABSBEN,394.75,395.0,395.0,0.25,0.06,3607,1424765,404.0,115.57
COLPAL,COLPALEQN,1860.0,1861.0,1861.0,1.0,0.05,558,1038438,2379.2,1782.0
SANSERA,SANSERAEQN,3971.2,3969.0,3969.0,1.8,0.05,266,1055754,4183.6,1364.2
STARHEALTH,STARHEALTHEQN,545.7,546.0,546.0,0.3,0.05,160,87360,624.9,416.55
KMEW,KMEWEQN,2708.7,2710.0,2710.0,1.3,0.05,62,168020,3175.0,1084.6
GNFC,GNFCEQN,539.75,540.0,540.0,0.25,0.05,800,432000,619.0,365.0
GLAND,GLANDEQN,2826.6,2827.9,2827.9,1.3,0.05,742,2098301,3042.0,1573.6
BHARATFORG,BHARATFORGEQN,1885.0,1885.9,1885.9,0.9,0.05,443,835453,2295.0,1179.0
ASIANENE,ASIANENEEQN,494.1,493.1,493.1,0.25,0.05,2216,1092709,565.7,230.0
VLSFINANCE,VLSFINANCEEQN,241.88,242.0,242.0,0.12,0.05,125,30250,339.0,198.81
AEGISLOG,AEGISLOGEQN,1381.2,1381.9,1381.9,0.7,0.05,2244,3100983,1497.8,576.1
ALEMBICLTD,ALEMBICLTDEQN,98.95,99.0,99.0,0.05,0.05,3092,306108,117.72,70.46
CANHLIFE,CANHLIFEEQN,153.92,154.0,154.0,0.08,0.05,257,39578,166.69,106.0
PREMEXPLN,PREMEXPLNEQN,667.85,668.1,668.1,0.25,0.04,130,86853,829.8,378.4
RAYMONDLSL,RAYMONDLSLEQN,667.75,668.0,668.0,0.25,0.04,59,39412,1350.0,628.25
DLF,DLFEQN,622.8,623.05,623.05,0.25,0.04,1310,816195,794.8,489.4
SBC,SBCEQN,47.63,47.65,47.65,0.02,0.04,4503,214567,49.38,21.03
KRBL,KRBLEQN,394.85,395.0,395.0,0.15,0.04,774,305730,452.8,274.65
LLOYDSME,LLOYDSMEEQN,1812.3,1813.0,1813.0,0.7,0.04,223,404299,2125.0,1042.9
AMAL,AMALEQN,711.75,712.0,712.0,0.25,0.04,2,1424,822.0,673.55
PINELABS,PINELABSEQN,185.71,185.78,185.78,0.07,0.04,59632,11078432,284.0,134.73
ALLTIME,ALLTIMEEQN,206.42,206.5,206.5,0.08,0.04,10,2065,314.7,186.0
CMRGREEN,CMRGREENEQN,211.91,212.0,212.0,0.09,0.04,37,7844,268.96,205.25
GHCL,GHCLEQN,418.85,419.0,419.0,0.15,0.04,152,63688,667.2,415.0
SIEMENS,SIEMENSEQN,3742.0,3743.1,3743.1,1.1,0.03,139,520290,4149.4,2826.0
GESHIP,GESHIPEQN,1391.6,1392.0,1392.0,0.4,0.03,1237,1721904,1798.0,971.1
PFC,PFCEQN,346.0,346.1,346.1,0.1,0.03,17230,5963303,486.5,329.9
PGEL,PGELEQN,523.85,524.0,524.0,0.15,0.03,722,378328,644.4,436.55
NCC,NCCEQN,135.01,135.05,135.05,0.04,0.03,7455,1006797,222.31,130.0
USHAMART,USHAMARTEQN,478.85,479.0,479.0,0.15,0.03,784,375536,529.3,380.0
TOLINS,TOLINSEQN,86.07,86.1,86.1,0.03,0.03,50,4305,201.8,83.04
ORKLAINDIA,ORKLAINDIAEQN,579.8,580.0,580.0,0.2,0.03,20,11600,760.0,533.25
RSL,RSLEQN,180.84,180.9,180.9,0.06,0.03,60,10854,193.09,101.7
VOGL,VOGLEQN,34.98,34.99,34.99,0.01,0.03,89144,3119148,47.6,30.42
M&MFIN,M&MFINEQN,345.05,345.15,345.15,0.1,0.03,445,153591,415.0,269.5
ROSSTECH,ROSSTECHEQN,1349.9,1349.9,1349.9,0.3,0.02,2242,3026475,1420.0,551.9
JGCHEM,JGCHEMEQN,582.9,583.0,583.0,0.1,0.02,456,265848,675.0,298.4
BRIGADE,BRIGADEEQN,626.85,627.0,627.0,0.15,0.02,543,340461,802.01,450.75
SOUTHBANK,SOUTHBANKEQN,45.19,45.2,45.2,0.01,0.02,21034,950736,49.9,28.5
SONATSOFTW,SONATSOFTWEQN,276.9,276.95,276.95,0.05,0.02,594,164508,421.5,207.15
ALKYLAMINE,ALKYLAMINEEQN,1823.1,1823.4,1823.4,0.3,0.02,31,56525,2116.8,1212.0
ASAHIINDIA,ASAHIINDIAEQN,951.8,952.0,952.0,0.2,0.02,226,215152,1074.0,775.1
ACC,ACCEQN,1226.6,1226.8,1226.8,0.2,0.02,123,150896,1987.0,1219.1
NETWEB,NETWEBEQN,4562.0,4563.0,4563.0,1.0,0.02,3486,15906618,5813.0,2822.3
ACUTAAS,ACUTAASEQN,3344.7,3343.0,3343.0,0.8,0.02,115,384445,3740.0,1302.0
WENDT,WENDTEQN,8663.5,8665.0,8665.0,1.5,0.02,2,17330,9839.0,5841.5
SRM,SRMEQN,419.8,419.9,419.9,0.1,0.02,115,48288,649.95,361.35
VISHNU,VISHNUEQN,693.9,694.05,694.05,0.15,0.02,50,34702,744.0,443.7
SGFIN,SGFINEQN,618.2,618.25,618.25,0.05,0.01,336,207732,727.45,323.0
IXIGO,IXIGOEQN,160.53,160.54,160.54,0.01,0.01,1285,206293,339.15,151.27
PENIND,PENINDEQN,166.79,166.8,166.8,0.01,0.01,603,100580,279.9,129.1
WABAG,WABAGEQN,2055.8,2056.0,2056.0,0.2,0.01,1056,2171136,2319.0,1033.0
WEBELSOLAR,WEBELSOLAREQN,72.11,72.12,72.12,0.01,0.01,2927,211095,137.9,50.4
MANALIPETC,MANALIPETCEQN,82.37,82.38,82.38,0.01,0.01,667,54947,93.0,39.13
PRICOLLTD,PRICOLLTDEQN,744.8,744.9,744.9,0.1,0.01,437,325521,823.0,499.9
PGIL,PGILEQN,1179.9,1180.0,1180.0,0.1,0.01,1088,1283840,1269.8,600.0
SWSOLAR,SWSOLAREQN,177.94,177.95,177.95,0.01,0.01,859,152859,272.8,148.0
SDBL,SDBLEQN,67.29,67.3,67.3,0.01,0.01,30,2019,142.6,61.8
ZENTEC,ZENTECEQN,1662.8,1663.0,1663.0,0.2,0.01,851,1415213,2043.7,1223.0
NATCOPHARM,NATCOPHARMEQN,813.3,813.35,813.35,0.05,0.01,526,427822,1226.8,789.0
SHILCTECH,SHILCTECHEQN,4016.5,4017.0,4017.0,0.5,0.01,13,52221,5399.0,2852.5
BBTC,BBTCEQN,1416.7,1416.8,1416.8,0.1,0.01,85,120428,2135.0,1314.6
COFORGE,COFORGEEQN,1766.7,1766.8,1766.8,0.1,0.01,5560,9823408,2021.2,1008.1
METROGLOBL,METROGLOBLEQN,132.0,132.01,132.01,0.01,0.01,10,1320,165.0,110.0
CENTENKA,CENTENKAEQN,561.45,561.5,561.5,0.05,0.01,243,136444,671.65,371.2
VOLTAS,VOLTASEQN,1131.0,1131.1,1131.1,0.1,0.01,309,349509,1582.5,1131.0
ARIS,ARISEQN,116.53,116.54,116.54,0.01,0.01,359,41837,178.3,82.18
GALAPREC,GALAPRECEQN,999.9,999.9,999.9,0.0,0.0,50,49995,1260.0,671.2
URJA,URJAEQN,8.77,8.77,8.77,0.0,0.0,1103,9673,14.45,8.0
TRANSRAILL,TRANSRAILLEQN,406.85,406.85,406.85,0.0,0.0,509,207086,823.0,400.65
ORCHASP,ORCHASPEQN,1.6,1.6,1.6,0.0,0.0,97,155,4.16,1.25
TARC,TARCEQN,128.81,128.81,128.81,0.0,0.0,201,25890,186.3,109.1
MAHSCOOTER,MAHSCOOTEREQN,13123.0,13123.0,13123.0,0.0,0.0,8,104984,18499.0,10901.0
TRAVELFOOD,TRAVELFOODEQN,1215.3,1215.3,1215.3,0.0,0.0,67,81425,1470.9,1035.3
DREDGECORP,DREDGECORPEQN,987.8,987.8,987.8,0.0,0.0,54,53341,1286.0,538.0
RETAIL,RETAILEQN,16.78,16.78,16.78,0.0,0.0,100,1678,43.79,15.81
TPHQ,TPHQBEN,0.52,0.52,0.52,0.0,0.0,3219,1673,0.86,0.4
ANTGRAPHIC,ANTGRAPHICEQN,0.72,0.72,0.72,0.0,0.0,873,628,1.17,0.64
GMRAIRPORT,GMRAIRPORTEQN,92.46,92.46,92.46,0.0,0.0,21386,1977349,115.64,84.11
IRMENERGY,IRMENERGYEQN,264.15,264.15,264.15,0.0,0.0,13,3433,393.0,165.4
GATECHDVR,GATECHDVRBEN,0.48,0.48,0.48,0.0,0.0,5402,2592,0.67,0.36
WCIL,WCILEQN,90.24,90.24,90.24,0.0,0.0,163,14709,147.29,77.02
GRPLTD,GRPLTDEQN,1979.3,1979.3,1979.3,0.0,0.0,2,3958,2360.6,1500.0
ACCPL,ACCPLSTN,208.8,208.8,208.8,0.0,0.0,1200,250560,219.0,53.8
EPACK,EPACKEQN,178.09,178.09,178.09,0.0,0.0,740,131786,394.05,175.04
HECPROJECT,HECPROJECTEQN,114.45,114.45,114.45,0.0,0.0,91,10414,160.5,92.1
GLFL,GLFLEQN,5.35,5.35,5.35,0.0,0.0,1,5,9.34,3.66
JHS,JHSEQN,8.51,8.51,8.51,0.0,0.0,4,34,13.9,6.26
HDIL,HDILBZN,1.47,1.47,1.47,0.0,0.0,1000,1470,3.25,1.45
BGRENERGY,BGRENERGYBEN,231.86,231.87,231.87,0.01,0.0,142,32925,490.8,218.0
CYBERMEDIA,CYBERMEDIABEN,22.11,22.11,22.11,0.0,0.0,1,22,28.99,11.3
WIPL,WIPLEQN,168.0,168.0,168.0,0.0,0.0,1,168,193.2,133.1
SADBHAV,SADBHAVEQN,7.6,7.6,7.6,0.0,0.0,500,3800,14.7,6.05
VASWANI,VASWANIEQN,44.98,44.98,44.98,0.0,0.0,25,1124,69.99,43.35
INSECTICID,INSECTICIDEQN,595.2,595.2,595.2,0.0,0.0,80,47616,789.45,518.6
CPCAP,CPCAPEQN,140.77,140.77,140.77,0.0,0.0,25,3519,144.4,73.51
MEDICAMEQ,MEDICAMEQEQN,345.5,345.5,345.5,0.0,0.0,1054,364157,447.65,212.4
NATIONALUM,NATIONALUMEQN,356.0,356.0,356.0,0.0,0.0,15809,5628004,445.15,198.68
SHRIRAMFIN,SHRIRAMFINEQN,979.0,979.0,979.0,0.0,0.0,22247,21779813,1153.7,603.15
ARIHANTCAP,ARIHANTCAPEQN,80.45,80.45,80.45,0.0,0.0,2024,162830,120.0,56.97
DOLATALGO,DOLATALGOEQN,67.47,67.47,67.47,0.0,0.0,1,67,95.76,64.96
SATIA,SATIAEQN,68.11,68.11,68.11,0.0,0.0,31,2111,85.73,50.8
SHK,SHKEQN,133.42,133.42,133.42,0.0,0.0,684,91259,255.79,111.98
MITTAL,MITTALEQN,0.77,0.77,0.77,0.0,0.0,1524,1173,1.82,0.7
LTTS,LTTSEQN,3351.5,3351.5,3351.5,0.0,0.0,79,264768,4726.0,3010.0
MARATHON,MARATHONEQN,415.05,415.05,415.05,0.0,0.0,295,122439,685.4,344.05
ASTRON,ASTRONBZN,2.94,2.94,2.94,0.0,0.0,5,14,16.7,2.86
GULPOLY,GULPOLYEQN,168.89,168.89,168.89,0.0,0.0,349,58942,227.63,121.5
ITCHOTELS,ITCHOTELSEQN,153.39,153.39,153.39,0.0,0.0,2054,315063,246.0,137.3
ICIL,ICILEQN,431.95,431.95,431.95,0.0,0.0,801,345991,474.65,216.9
ACE,ACEEQN,1149.7,1149.7,1149.7,0.0,0.0,426,489772,1196.0,745.1
GEMAROMA,GEMAROMAEQN,156.07,156.07,156.07,0.0,0.0,150,23410,284.75,133.0
COUNCODOS,COUNCODOSBEN,6.49,6.49,6.49,0.0,0.0,27,175,7.97,3.71
CEWATER,CEWATEREQN,259.35,259.35,259.35,0.0,0.0,571,148088,539.9,235.0
PROTEAN,PROTEANEQN,485.35,485.35,485.35,0.0,0.0,625,303343,939.8,444.0
MEP,MEPBZN,0.65,0.65,0.65,0.0,0.0,86,55,2.87,0.5
MBAPL,MBAPLEQN,159.82,159.82,159.82,0.0,0.0,781,124819,174.94,74.63
KALAMANDIR,KALAMANDIREQN,77.78,77.78,77.78,0.0,0.0,1277,99325,223.03,76.7
KSL,KSLEQN,952.0,952.0,952.0,0.0,0.0,66,62832,992.6,574.0
JSWINFRA,JSWINFRAEQN,325.55,325.55,325.55,0.0,0.0,1573,512090,355.8,233.42
YASHO,YASHOEQN,4008.5,4008.5,4008.5,0.0,0.0,65,260552,4994.0,1130.0
ZOTA,ZOTAEQN,1114.1,1114.1,1114.1,0.0,0.0,17,18939,1740.0,1022.0
XPROINDIA,XPROINDIAEQN,1255.7,1255.7,1255.7,0.0,0.0,95,119291,1574.8,788.05
SPANDANA,SPANDANAEQN,225.8,225.8,225.8,0.0,0.0,9,2032,319.4,181.1
BALAMINES,BALAMINESEQN,2149.8,2149.8,2149.8,0.0,0.0,90,193482,2629.8,968.1
ELECON,ELECONEQN,407.35,407.35,407.35,0.0,0.0,142,57843,634.9,352.0
PRESTIGE,PRESTIGEEQN,1424.0,1424.0,1424.0,0.0,0.0,668,951232,1805.2,1090.0
NIBL,NIBLEQN,30.88,30.88,30.88,0.0,0.0,2,61,40.8,25.3
MAYURUNIQ,MAYURUNIQEQN,741.2,741.2,741.2,0.0,0.0,17,12600,907.0,471.2
RHIM,RHIMEQN,363.6,363.6,363.6,0.0,0.0,7,2545,508.3,323.05
HIRECT,HIRECTEQN,1182.6,1182.6,1182.6,0.0,0.0,33,39025,1399.0,565.2
ICICIGI,ICICIGIEQN,1440.0,1440.0,1440.0,0.0,0.0,133,191520,2064.9,1423.1
DHUNINV,DHUNINVEQN,977.2,977.2,977.2,0.0,0.0,1,977,1573.1,667.1
RAMKY,RAMKYEQN,311.75,311.75,311.75,0.0,0.0,1,311,705.0,308.85
AVTNPL,AVTNPLEQN,85.72,85.72,85.72,0.0,0.0,320,27430,97.0,53.5
JSWSTEEL,JSWSTEELEQN,1248.9,1248.9,1248.9,0.0,0.0,1369,1709744,1351.0,1073.2
NITINSPIN,NITINSPINEQN,628.0,628.0,628.0,0.0,0.0,13,8164,665.5,302.2
KEC,KECEQN,397.55,397.55,397.55,0.0,0.0,1966,781583,937.8,389.15
KKCL,KKCLEQN,485.55,485.55,485.55,0.0,0.0,401,194705,595.0,408.35
ROSSARI,ROSSARIEQN,437.8,437.8,437.8,0.0,0.0,169,73988,690.3,375.0
DRREDDY,DRREDDYEQN,1140.0,1140.0,1140.0,0.0,0.0,2130,2428200,1414.9,1101.0
KCP,KCPEQN,158.64,158.64,158.64,0.0,0.0,1,158,207.8,125.0
RUPA,RUPAEQN,132.08,132.08,132.08,0.0,0.0,268,35397,212.84,109.21
VIKASECO,VIKASECOEQN,1.04,1.04,1.04,0.0,0.0,19252,20022,2.11,0.99
DALMIASUG,DALMIASUGEQN,393.1,393.1,393.1,0.0,0.0,212,83337,520.0,261.4
KRYSTAL,KRYSTALEQN,655.6,655.6,655.6,0.0,0.0,615,403194,696.0,500.0
MASFIN,MASFINEQN,288.05,288.05,288.05,0.0,0.0,99,28516,358.85,277.35
AMBUJACEM,AMBUJACEMEQN,381.05,381.05,381.05,0.0,0.0,1414,538804,600.8,379.55
INGERRAND,INGERRANDEQN,4261.9,4261.9,4261.9,0.0,0.0,16,68190,4955.0,3063.3
TATASTEEL,TATASTEELEQN,183.0,183.0,183.0,0.0,0.0,55779,10207557,224.4,160.06
NIRMAN,NIRMANSMN,26.85,26.85,26.85,0.0,0.0,1200,32220,231.0,26.65
SOLARINDS,SOLARINDSEQN,18900.0,18900.0,18900.0,0.0,0.0,379,7163100,22700.0,11646.0
BAJAJFINSV,BAJAJFINSVEQN,1837.0,1837.0,1837.0,0.0,0.0,661,1214257,2195.0,1597.0
IFGLEXPOR,IFGLEXPOREQN,198.27,198.27,198.27,0.0,0.0,4,793,338.0,119.68
STYRENIX,STYRENIXEQN,2059.7,2059.7,2059.7,0.0,0.0,22,45313,2653.0,1780.0
FINOPB,FINOPBEQN,136.05,136.05,136.05,0.0,0.0,167,22720,339.0,110.03
WINDLAS,WINDLASEQN,1075.05,1075.05,1075.05,0.0,0.0,76,81703,1181.9,697.4
CHEMPLASTS,CHEMPLASTSEQN,166.12,166.12,166.12,0.0,0.0,616,102329,441.55,161.0
GREENLAM,GREENLAMEQN,230.86,230.86,230.86,0.0,0.0,2,461,278.63,197.59
SANDUMA,SANDUMAEQN,180.6,180.6,180.6,0.0,0.0,2453,443011,273.0,156.0
MINDACORP,MINDACORPEQN,671.55,671.55,671.55,0.0,0.0,281,188705,769.0,468.5
BTML,BTMLEQN,7.57,7.57,7.57,0.0,0.0,1,7,10.5,5.06
CAMLINFINE,CAMLINFINEEQN,98.12,98.12,98.12,0.0,0.0,1085,106460,235.0,96.21
PRITI,PRITIEQN,31.96,31.96,31.96,0.0,0.0,5,159,85.0,31.0
LUMAXTECH,LUMAXTECHEQN,1941.8,1941.8,1941.8,0.0,0.0,87,168936,2148.7,1083.2
PTL,PTLEQN,38.05,38.05,38.05,0.0,0.0,65,2473,43.77,36.1
RSYSTEMS,RSYSTEMSEQN,240.74,240.74,240.74,0.0,0.0,70,16851,451.75,213.52
ABBOTINDIA,ABBOTINDIAEQN,26125.0,26125.0,26125.0,0.0,0.0,6,156750,31355.0,25135.0
VIDHIING,VIDHIINGEQN,337.4,337.4,337.4,0.0,0.0,10,3374,387.85,258.6
ADANIPOWER,ADANIPOWEREQN,202.34,202.34,202.34,0.0,0.0,23899,4835723,254.2,125.2
AMRUTANJAN,AMRUTANJANEQN,490.4,490.4,490.4,0.0,0.0,109,53453,772.0,476.5
ABB,ABBEQN,6980.0,6980.0,6980.0,0.0,0.0,154,1074920,7924.5,4637.5
ESCORTS,ESCORTSEQN,2815.6,2815.6,2815.6,0.0,0.0,24,67574,3987.8,2700.0
GMDCLTD,GMDCLTDEQN,543.35,543.35,543.35,0.0,0.0,1741,945972,771.9,466.4
UNIPARTS,UNIPARTSEQN,851.15,851.15,851.15,0.0,0.0,252,214489,915.95,399.8
TRIVENI,TRIVENIEQN,239.45,239.45,239.45,0.0,0.0,584,139838,490.1,220.05
SAHANA,SAHANASMN,864.55,864.55,864.55,0.0,0.0,150,129682,1046.67,570.83
SANWARIA,SANWARIABZN,0.2,0.2,0.2,0.0,0.0,7793,1558,0.36,0.18
LPDC,LPDCEQN,6.12,6.12,6.12,0.0,0.0,86,526,9.46,5.23
MRPL,MRPLEQN,166.11,166.11,166.11,0.0,0.0,12535,2082188,212.31,126.1
KIMS,KIMSEQN,766.65,766.65,766.65,0.0,0.0,182,139530,858.0,575.8
AVANTIFEED,AVANTIFEEDEQN,770.35,770.35,770.35,0.0,0.0,389,299666,1593.8,631.65
GAEL,GAELEQN,157.16,157.16,157.16,0.0,0.0,104,16344,184.99,101.2
PIXTRANS,PIXTRANSEQN,1724.6,1724.6,1724.6,0.0,0.0,34,58636,2089.0,1252.0
WEL,WELEQN,69.42,69.42,69.42,0.0,0.0,640,44428,183.53,68.04
MOTILALOFS,MOTILALOFSEQN,976.5,976.5,976.5,0.0,0.0,407,397435,1097.1,614.9
HMAAGRO,HMAAGROEQN,23.04,23.04,23.04,0.0,0.0,1484,34191,34.24,19.09
KOTAKBANK,KOTAKBANKEQN,415.0,415.0,415.0,0.0,0.0,21573,8952795,453.2,345.5
SANOFI,SANOFIEQN,3111.2,3111.2,3111.2,0.0,0.0,25,77780,5089.0,3054.0
ROUTE,ROUTEEQN,480.7,480.7,480.7,0.0,0.0,128,61529,890.0,410.7
ASHIANA,ASHIANAEQN,348.35,348.35,348.35,0.0,0.0,20,6967,435.9,269.45
CANARYS,CANARYSSMN,23.15,23.15,23.15,0.0,0.0,4000,92600,35.2,14.6
VAKRANGEE,VAKRANGEEEQN,5.25,5.25,5.25,0.0,0.0,161,845,9.77,4.61
SOLARWORLD,SOLARWORLDEQN,133.76,133.76,133.76,0.0,0.0,2051,274341,388.5,128.16
GTL,GTLEQN,7.1,7.1,7.1,0.0,0.0,107,759,11.26,4.91
NELCAST,NELCASTEQN,103.85,103.85,103.85,0.0,0.0,839,87130,173.2,85.98
CIEINDIA,CIEINDIAEQN,375.8,375.8,375.8,0.0,0.0,141,52987,526.0,366.9
SAKHTISUG,SAKHTISUGEQN,18.53,18.53,18.53,0.0,0.0,129,2390,23.29,13.52
MENNPIS,MENNPISBEN,74.2,74.2,74.2,0.0,0.0,103,7642,85.8,52.35
NAVNETEDUL,NAVNETEDULEQN,125.03,125.03,125.03,0.0,0.0,171,21380,166.0,121.5
CAMPUS,CAMPUSEQN,211.47,211.47,211.47,0.0,0.0,688,145491,289.05,207.92
HINDUNILVR,HINDUNILVREQN,1962.0,1962.0,1962.0,0.0,0.0,936,1836432,2667.2,1926.2
TITAGARH,TITAGARHEQN,813.15,813.15,813.15,0.0,0.0,1018,827786,971.0,568.7
SIS,SISEQN,415.9,415.9,415.9,0.0,0.0,30,12477,480.95,257.05
PRECWIRE,PRECWIREEQN,439.6,439.6,439.6,0.0,0.0,949,417180,524.9,179.52
KNRCON,KNRCONEQN,121.82,121.82,121.82,0.0,0.0,4998,608856,220.0,108.65
PRAJIND,PRAJINDEQN,314.0,314.0,314.0,0.0,0.0,1353,424842,427.65,273.0
PRAKASH,PRAKASHEQN,118.48,118.48,118.48,0.0,0.0,1225,145138,177.0,110.24
DMCC,DMCCEQN,259.3,259.3,259.3,0.0,0.0,28,7260,332.9,191.35
VRLLOG,VRLLOGEQN,286.05,286.05,286.05,0.0,0.0,136,38902,310.2,225.0
DCMSRIND,DCMSRINDEQN,38.68,38.68,38.68,0.0,0.0,176,6807,181.9,31.9
SUNDARMFIN,SUNDARMFINEQN,4672.4,4672.4,4672.4,0.0,0.0,4,18689,5642.0,4000.0
SUNPHARMA,SUNPHARMAEQN,1853.5,1853.5,1853.5,0.0,0.0,1670,3095345,2046.9,1548.0
SUPREMEIND,SUPREMEINDEQN,3300.0,3300.0,3300.0,0.0,0.0,76,250800,4632.0,3140.0
TATAELXSI,TATAELXSIEQN,3373.0,3373.0,3373.0,0.0,0.0,515,1737095,5950.0,3353.9
TATAPOWER,TATAPOWEREQN,360.4,360.4,360.4,0.0,0.0,4895,1764158,464.9,342.5
JISLJALEQS,JISLJALEQSEQN,29.07,29.07,29.07,0.0,0.0,6010,174710,59.0,26.11
SILVERTUC,SILVERTUCEQN,153.05,153.05,153.05,0.0,0.0,202,30916,216.8,67.58
JWL,JWLEQN,228.67,228.67,228.67,0.0,0.0,1090,249250,358.25,225.65
AZAD,AZADEQN,2581.7,2581.7,2581.7,0.0,0.0,1600,4130720,2986.6,1360.0
ICICIPRULI,ICICIPRULIEQN,470.0,470.0,470.0,0.0,0.0,1487,698890,706.8,455.3
JITFINFRA,JITFINFRAEQN,278.0,278.0,278.0,0.0,0.0,3,834,433.15,222.35
INDHOTEL,INDHOTELEQN,713.4,713.4,713.4,0.0,0.0,2613,1864114,791.45,565.0
INDIACEM,INDIACEMEQN,334.65,334.65,334.65,0.0,0.0,296,99056,485.8,331.65
MARICO,MARICOEQN,810.15,810.15,810.15,0.0,0.0,1441,1167426,889.1,690.3
HAVELLS,HAVELLSEQN,1089.9,1089.9,1089.9,0.0,0.0,1045,1138945,1621.1,1081.1
JKIL,JKILEQN,480.4,480.4,480.4,0.0,0.0,31,14892,672.0,425.0
ETHOSLTD,ETHOSLTDEQN,2612.5,2612.5,2612.5,0.0,0.0,2,5225,3245.9,1919.4
LICI,LICIEQN,395.5,395.5,395.5,0.0,0.0,17337,6856783,468.48,360.75
MACPOWER,MACPOWEREQN,1889.6,1889.6,1889.6,0.0,0.0,126,238089,2050.0,761.0
PRUDENT,PRUDENTEQN,3326.1,3326.1,3326.1,0.0,0.0,16,53217,4105.5,2121.0
RAYMOND,RAYMONDEQN,993.9,993.9,993.9,0.0,0.0,8629,8576363,1122.0,320.0
BALKRISIND,BALKRISINDEQN,2124.9,2124.9,2124.9,0.0,0.0,97,206115,2775.0,1970.0
BATAINDIA,BATAINDIAEQN,630.65,630.65,630.65,0.0,0.0,164,103426,1280.9,605.0
SINDHUTRAD,SINDHUTRADEQN,23.35,23.35,23.35,0.0,0.0,7113,166088,32.74,17.64
GREENPOWER,GREENPOWEREQN,9.06,9.06,9.06,0.0,0.0,13953,126414,14.93,7.98
NIITMTS,NIITMTSEQN,223.79,223.79,223.79,0.0,0.0,17,3804,443.9,203.3
PUNJABCHEM,PUNJABCHEMEQN,1071.2,1071.2,1071.2,0.0,0.0,2,2142,1533.9,876.6
RITES,RITESEQN,204.92,204.92,204.92,0.0,0.0,979,200616,278.3,175.0
WHEELS,WHEELSEQN,2110.5,2110.5,2110.5,0.0,0.0,320,675360,2498.0,705.85
WSTCSTPAPR,WSTCSTPAPREQN,711.0,711.0,711.0,0.0,0.0,170,120870,734.0,375.0
BECTORFOOD,BECTORFOODEQN,220.16,220.16,220.16,0.0,0.0,812,178769,279.9,165.0
CARYSIL,CARYSILEQN,1118.4,1118.4,1118.4,0.0,0.0,17,19012,1280.9,732.1
CUMMINSIND,CUMMINSINDEQN,4940.0,4940.0,4940.0,0.0,0.0,94,464360,6100.0,3833.0
CHENNPETRO,CHENNPETROEQN,1456.0,1456.0,1456.0,0.0,0.0,1856,2702336,1677.5,716.8
VGUARD,VGUARDEQN,327.15,327.15,327.15,0.0,0.0,313,102397,392.2,288.8
CDSL,CDSLEQN,1299.0,1299.0,1299.0,0.0,0.0,3081,4002219,1673.7,1116.3
EASEMYTRIP,EASEMYTRIPEQN,5.78,5.78,5.78,0.0,0.0,20513,118565,10.6,5.74
HITECH,HITECHEQN,73.36,73.36,73.36,0.0,0.0,2314,169755,127.5,70.14
SYNGENE,SYNGENEEQN,380.1,380.1,380.1,0.0,0.0,134,50933,678.95,374.2
GOYALALUM,GOYALALUMEQN,5.9,5.9,5.9,0.0,0.0,304,1793,11.37,5.34
FUSION,FUSIONEQN,182.73,182.73,182.73,0.0,0.0,222,40566,243.0,136.5
NDTV,NDTVEQN,69.74,69.74,69.74,0.0,0.0,4,278,134.5,58.75
ALLCARGO,ALLCARGOEQN,11.18,11.18,11.18,0.0,0.0,59330,663309,36.55,7.11
NESTLEIND,NESTLEINDEQN,1384.5,1384.5,1384.5,0.0,0.0,938,1298661,1553.0,1145.0
HUDCO,HUDCOEQN,169.73,169.73,169.73,0.0,0.0,1964,333349,246.85,159.0
EPIGRAL,EPIGRALEQN,1084.0,1084.0,1084.0,0.0,0.0,5,5420,1808.8,807.0
NUVOCO,NUVOCOEQN,316.2,316.2,316.2,0.0,0.0,15,4743,453.25,276.25
PNB,PNBEQN,116.8,116.8,116.8,0.0,0.0,29480,3443264,135.15,98.5
ESSENTIA,ESSENTIAEQN,1.04,1.04,1.04,0.0,0.0,1574,1636,1.96,0.95
SHRENIK,SHRENIKBZN,0.29,0.29,0.29,0.0,0.0,992,287,0.65,0.27
NEXTMEDIA,NEXTMEDIAEQN,3.8,3.8,3.8,0.0,0.0,100,380,8.48,3.16
ALKEM,ALKEMEQN,5175.0,5175.0,5175.0,0.0,0.0,138,714150,5933.5,5051.0
VALIANTORG,VALIANTORGBEN,389.0,389.0,389.0,0.0,0.0,65,25285,414.0,195.0
SAGILITY,SAGILITYEQN,45.02,45.02,45.02,0.0,0.0,21270,957575,57.89,35.83
BCLIND,BCLINDEQN,32.98,32.98,32.98,0.0,0.0,2117,69818,44.9,25.53
HERITGFOOD,HERITGFOODEQN,408.65,408.65,408.65,0.0,0.0,1718,702060,540.0,292.55
THERMAX,THERMAXEQN,3536.8,3536.8,3536.8,0.0,0.0,203,717970,5277.8,2742.7
KRIDHANINF,KRIDHANINFEQN,1.89,1.89,1.89,0.0,0.0,170,321,4.78,1.81
SIGIND,SIGINDBEN,67.94,67.94,67.94,0.0,0.0,51,3464,74.99,40.66
BLUSPRING,BLUSPRINGEQN,124.46,124.46,124.46,0.0,0.0,476,59242,139.8,43.98
PRIMO,PRIMOEQN,21.35,21.35,21.35,0.0,0.0,20,427,26.9,16.1
UMESLTD,UMESLTDEQN,4.08,4.08,4.08,0.0,0.0,125,510,7.14,3.88
NAVKARURB,NAVKARURBBEN,0.86,0.86,0.86,0.0,0.0,3108,2672,2.93,0.7
VIVIDHA,VIVIDHAEQN,0.53,0.53,0.53,0.0,0.0,10522,5576,0.91,0.43
IL&FSTRANS,IL&FSTRANSBZN,1.95,1.95,1.95,0.0,0.0,42,81,3.27,1.75
FILATFASH,FILATFASHEQN,0.18,0.18,0.18,0.0,0.0,181358,32644,0.68,0.14
OSWALPUMPS,OSWALPUMPSEQN,269.85,269.85,269.85,0.0,0.0,1070,288739,825.95,266.45
AEROENTER,AEROENTEREQN,113.35,113.35,113.35,0.0,0.0,912,103375,159.6,62.2
DCMFINSERV,DCMFINSERVEQN,5.14,5.14,5.14,0.0,0.0,5,25,8.55,3.7
TRUALT,TRUALTEQN,422.7,422.7,422.7,0.0,0.0,15,6340,549.0,310.2
FABTECH,FABTECHEQN,145.66,145.66,145.66,0.0,0.0,12,1747,262.8,132.7
TMPV,TMPVEQN,301.0,301.0,301.0,0.0,0.0,17977,5411077,739.7,294.3
SUMICHEM,SUMICHEMEQN,454.05,454.05,454.05,0.0,0.0,44,19978,617.45,362.6
TMCV,TMCVEQN,424.25,424.25,424.25,0.0,0.0,8625,3659156,509.0,306.3
ZYDUSWELL,ZYDUSWELLEQN,551.8,551.8,551.8,0.0,0.0,431,237825,611.85,367.55
AKSHAR,AKSHAREQN,0.42,0.42,0.42,0.0,0.0,2885,1211,0.76,0.36
RUBICON,RUBICONEQN,1766.7,1766.7,1766.7,0.0,0.0,202,356873,1899.0,570.75
VISACHROME,VISACHROMEEQN,31.86,31.86,31.86,0.0,0.0,30,955,73.68,27.05
GILLETTE,GILLETTEEQN,7275.5,7275.5,7275.5,0.0,0.0,20,145510,10553.0,7180.0
VIRTUALG,VIRTUALGBEN,0.49,0.49,0.49,0.0,0.0,3534,1731,0.6,0.4
FERMENTA,FERMENTAEQN,470.0,470.0,470.0,0.0,0.0,5,2350,580.45,248.85
DIVISLAB,DIVISLABEQN,9158.0,9158.0,9158.0,0.0,0.0,487,4459946,9615.0,5636.5
SHIPROCKET,SHIPROCKETEQN,123.66,123.66,123.66,0.0,0.0,4232,523329,156.9,120.31
GVPIL,GVPILEQN,616.1,616.1,616.1,0.0,0.0,25,15402,1084.0,270.9
SUDEEPPHRM,SUDEEPPHRMEQN,1107.2,1107.2,1107.2,0.0,0.0,159,176044,1378.0,524.05
NITTAGELA,NITTAGELAEQN,1756.9,1756.9,1756.9,0.0,0.0,6,10541,2087.2,837.05
RPSGVENT,RPSGVENTEQN,823.7,823.7,823.7,0.0,0.0,1,823,1179.0,551.9
BUILDPRO,BUILDPROEQN,1271.0,1271.0,1271.0,0.0,0.0,99,125829,1380.0,636.0
POLYPLEX,POLYPLEXEQN,1079.7,1079.7,1079.7,0.0,0.0,42,45347,1264.0,740.0
RAMCOIND,RAMCOINDEQN,320.85,320.85,320.85,0.0,0.0,10,3208,398.05,230.65
BLUECLOUDS,BLUECLOUDSEQN,19.59,19.59,19.59,0.0,0.0,3981,77987,24.5,18.85
ANDREWYU,ANDREWYUEQN,25.88,25.88,25.88,0.0,0.0,20,517,30.49,24.51
LANDSMILL,LANDSMILLEQN,0.57,0.57,0.57,0.0,0.0,84703,48280,1.74,0.55
ARSSBL,ARSSBLEQN,496.95,496.95,496.95,0.0,0.0,137,68082,794.85,416.0
ADFFOODS,ADFFOODSEQN,267.15,267.15,267.15,0.0,0.0,175,46751,346.95,153.1
SAKSOFT,SAKSOFTEQN,141.18,141.18,141.18,0.0,0.0,309,43624,224.75,107.59
OAL,OALEQN,508.85,508.85,508.85,0.0,0.0,75,38163,559.8,228.0
WPIL,WPILEQN,431.85,431.85,431.85,0.0,0.0,20,8637,510.35,383.55
KSB,KSBEQN,764.85,764.85,764.85,0.0,0.0,159,121611,1028.3,666.65
CEMPRO,CEMPROEQN,1235.1,1235.1,1235.1,0.0,0.0,69,85221,1649.2,503.3
KARURVYSYA,KARURVYSYAEQN,334.8,334.8,334.8,0.0,0.0,2645,885546,358.65,204.8
SHADOWFAX,SHADOWFAXEQN,243.75,243.75,243.75,0.0,0.0,1235,301031,268.65,98.55
MAHLIFE,MAHLIFEEQN,344.15,344.15,344.15,0.0,0.0,179,61602,427.05,286.8
ANTELOPUS,ANTELOPUSEQN,1170.95,1171.0,1171.0,0.05,0.0,3684,4313964,1218.3,357.0
PRISMX,PRISMXEQN,0.55,0.55,0.55,0.0,0.0,69,37,0.63,0.47
NBCC,NBCCEQN,81.41,81.41,81.41,0.0,0.0,12393,1008914,125.85,77.18
JSLL,JSLLEQN,497.05,497.05,497.05,0.0,0.0,1011,502517,849.5,485.1
SHIVALIK,SHIVALIKEQN,389.15,389.15,389.15,0.0,0.0,591,229987,491.9,206.4
INDOCO,INDOCOEQN,254.0,254.0,254.0,0.0,0.0,806,204724,325.0,162.19
PDSL,PDSLEQN,336.65,336.65,336.65,0.0,0.0,28,9426,418.5,246.05
TRANSCOR,TRANSCOREQN,25.1,25.1,25.1,0.0,0.0,1,25,27.0,21.0
GNA,GNAEQN,529.85,529.85,529.85,0.0,0.0,117,61992,601.65,295.0
COMFINTE,COMFINTEEQN,5.88,5.88,5.88,0.0,0.0,137,805,9.19,5.21
EMAMIPAP,EMAMIPAPBEN,111.56,111.56,111.56,0.0,0.0,1001,111671,133.7,55.0
AVANCE,AVANCEEQN,0.79,0.79,0.79,0.0,0.0,63437,50115,0.94,0.75
TANAA,TANAAEQN,263.2,263.2,263.2,0.0,0.0,41,10791,322.0,238.0
CORDELIA,CORDELIAEQN,108.19,108.19,108.19,0.0,0.0,1680,181759,115.49,62.31
SHRINGARMS,SHRINGARMSEQN,209.49,209.49,209.49,0.0,0.0,200,41898,266.5,166.0
ARYAMAN,ARYAMANEQN,610.0,610.0,610.0,0.0,0.0,3,1830,674.95,570.0
URBANCO,URBANCOEQN,164.56,164.56,164.56,0.0,0.0,21671,3566179,201.18,100.7
LTM,LTMEQN,4233.0,4233.0,4233.0,0.0,0.0,691,2925003,6429.5,3528.0
AZADIND,AZADINDEQN,84.36,84.36,84.36,0.0,0.0,151,12738,98.99,72.97
ARCL,ARCLEQN,274.16,274.16,274.16,0.0,0.0,12,3289,275.5,216.89
LANCER,LANCEREQN,12.23,12.23,12.23,0.0,0.0,6,73,13.8,10.1
SUBROS,SUBROSEQN,678.0,678.0,678.0,0.0,0.0,80,54240,1213.7,622.1
RUSTOMJEE,RUSTOMJEEEQN,338.35,338.35,338.35,0.0,0.0,44,14887,634.0,331.9
HCL-INSYS,HCL-INSYSEQN,10.0,10.0,10.0,0.0,0.0,132,1320,16.5,9.01
REPL,REPLBEN,57.61,57.61,57.61,0.0,0.0,5,288,168.0,56.55
ADSL,ADSLEQN,95.26,95.26,95.26,0.0,0.0,401,38199,209.53,86.27
CCAVENUE,CCAVENUEEQN,15.32,15.32,15.32,0.0,0.0,40337,617962,20.5,12.92
NEPHROPLUS,NEPHROPLUSEQN,735.2,735.2,735.2,0.0,0.0,50,36760,781.5,446.0
ALPHAGEO,ALPHAGEOBEN,294.65,294.65,294.65,0.0,0.0,1,294,368.0,164.8
STEELCAS,STEELCASEQN,299.25,299.25,299.25,0.0,0.0,1999,598200,364.0,176.02
ABREL,ABRELEQN,1233.4,1233.4,1233.4,0.0,0.0,63,77704,1965.3,1080.1
GKSL,GKSLEQN,172.33,172.33,172.33,0.0,0.0,153,26366,183.05,98.36
TECHNVISN,TECHNVISNEQN,4362.0,4362.0,4362.0,0.0,0.0,1,4362,6198.0,3222.8
HARIOMPIPE,HARIOMPIPEEQN,350.35,350.35,350.35,0.0,0.0,15,5255,572.2,268.05
LASERPOWER,LASERPOWEREQN,270.8,270.8,270.8,0.0,0.0,1417,383723,343.5,250.0
MUTHOOTCAP,MUTHOOTCAPEQN,234.02,234.02,234.02,0.0,0.0,30,7020,303.0,175.25
SULA,SULAEQN,136.52,136.52,136.52,0.0,0.0,1625,221845,292.74,132.06
AONESILVER,AONESILVEREQN,8.73,8.73,8.73,0.0,0.0,51,445,12.0,7.43
ALGOQUANT,ALGOQUANTEQN,65.15,65.15,65.15,0.0,0.0,302,19675,71.01,47.8
SAICAPI,SAICAPIEQN,158.84,158.84,158.84,0.0,0.0,3,476,170.05,133.5
SRTL,SRTLEQN,36.86,36.86,36.86,0.0,0.0,4,147,73.36,35.87
DCMSIL,DCMSILEQN,69.28,69.28,69.28,0.0,0.0,34,2355,105.27,49.5
MARUTI,MARUTIEQN,12166.0,12165.0,12165.0,-1.0,-0.01,511,6216315,17370.0,12159.0
BLACKBUCK,BLACKBUCKEQN,619.05,619.0,619.0,-0.05,-0.01,1288,797272,748.0,496.0
EIEL,EIELEQN,194.87,194.85,194.85,-0.02,-0.01,1069,208294,276.1,134.71
CHOLAFIN,CHOLAFINEQN,1765.6,1765.5,1765.5,-0.1,-0.01,316,557898,1952.5,1299.4
MANYAVAR,MANYAVAREQN,554.7,554.65,554.65,-0.05,-0.01,118,65448,779.0,329.2
GALAXYSURF,GALAXYSURFEQN,2156.3,2156.0,2156.0,-0.3,-0.01,6,12936,2648.0,1510.0
BLUEDART,BLUEDARTEQN,4850.5,4850.0,4850.0,-0.5,-0.01,12,58200,7036.0,4628.5
MAHESHWARI,MAHESHWARIEQN,71.48,71.47,71.47,-0.01,-0.01,100,7147,76.81,39.04
ISGEC,ISGECEQN,759.05,759.0,759.0,-0.05,-0.01,24,18216,1113.9,683.95
KABRAEXTRU,KABRAEXTRUEQN,628.1,628.05,628.05,-0.05,-0.01,778,488622,741.9,180.0
THOMASCOOK,THOMASCOOKEQN,102.01,102.0,102.0,-0.01,-0.01,4679,477258,175.0,86.35
HERANBA,HERANBAEQN,163.31,163.3,163.3,-0.01,-0.01,46,7511,332.25,155.38
VENUSREM,VENUSREMBEN,1535.1,1535.0,1535.0,-0.1,-0.01,2,3070,2044.3,424.0
CESC,CESCEQN,141.67,141.65,141.65,-0.02,-0.01,2085,295340,204.5,138.12
ARMANFIN,ARMANFINEQN,1873.5,1873.4,1873.4,-0.1,-0.01,14,26227,2158.6,1301.0
VIKRAMSOLR,VIKRAMSOLREQN,163.88,163.86,163.86,-0.02,-0.01,2989,489777,365.8,155.38
UDAYJEW,UDAYJEWEQN,158.53,158.52,158.52,-0.01,-0.01,400,63408,180.89,115.04
SIGMAADV,SIGMAADVBEN,817.05,817.0,817.0,-0.05,-0.01,673,549841,867.0,140.1
KMCSHIL,KMCSHILEQN,146.93,146.92,146.92,-0.01,-0.01,15407,2263596,154.0,128.48
FINCABLES,FINCABLESEQN,1362.6,1362.5,1362.5,-0.1,-0.01,2012,2741350,1498.0,700.8
GLOBUSSPR,GLOBUSSPREQN,839.05,838.95,838.95,-0.1,-0.01,44,36913,1252.8,800.05
KROSS,KROSSEQN,225.86,225.81,225.81,-0.05,-0.02,451,101840,243.29,150.52
SKMEGGPROD,SKMEGGPRODEQN,229.6,229.55,229.55,-0.05,-0.02,666,152880,372.0,143.1
CHOICEIN,CHOICEINEQN,725.65,725.5,725.5,-0.15,-0.02,399,289474,860.5,568.7
PRECAM,PRECAMEQN,112.81,112.79,112.79,-0.02,-0.02,538,60681,224.99,103.98
TEXRAIL,TEXRAILEQN,108.62,108.6,108.6,-0.02,-0.02,2313,251191,153.0,78.05
BAJAJHLDNG,BAJAJHLDNGEQN,10930.0,10928.0,10928.0,-2.0,-0.02,70,764960,13880.0,8588.0
INDOFARM,INDOFARMEQN,132.92,132.9,132.9,-0.02,-0.02,3,398,271.69,110.7
TIINDIA,TIINDIAEQN,2566.6,2566.0,2566.0,-0.6,-0.02,126,323316,3419.9,2164.9
SBIN,SBINEQN,991.4,991.2,991.2,-0.2,-0.02,44651,44258071,1234.7,821.65
IREDA,IREDAEQN,108.4,108.38,108.38,-0.02,-0.02,8987,974011,163.35,107.4
HATSUN,HATSUNEQN,1214.0,1213.7,1213.7,-0.3,-0.02,191,231816,1349.7,855.3
SHANTIGOLD,SHANTIGOLDEQN,243.95,243.89,243.89,-0.06,-0.02,1560,380468,280.75,155.0
VIKRAN,VIKRANEQN,56.06,56.05,56.05,-0.01,-0.02,1316,73761,118.4,51.1
PETRONET,PETRONETEQN,282.1,282.05,282.05,-0.05,-0.02,882,248768,326.4,235.35
ARIES,ARIESBEN,480.7,480.6,480.6,-0.1,-0.02,11,5286,524.75,285.35
JSWCEMENT,JSWCEMENTEQN,116.52,116.5,116.5,-0.02,-0.02,3188,371402,152.9,106.65
WEWORK,WEWORKEQN,676.1,675.95,675.95,-0.15,-0.02,1,675,794.5,420.0
SPECTRUM,SPECTRUMBEN,3083.7,3083.0,3083.0,-0.7,-0.02,719,2216677,3173.6,1050.0
HORIZONIND,HORIZONINDEQN,52.91,52.9,52.9,-0.01,-0.02,8732,461922,60.25,52.46
ECORECO,ECORECOEQN,425.1,425.0,425.0,-0.1,-0.02,33,14025,494.9,415.1
SBIFUNDS,SBIFUNDSEQN,530.1,530.0,530.0,-0.1,-0.02,3808,2018240,624.95,525.3
ZENSARTECH,ZENSARTECHEQN,450.15,450.0,450.0,-0.15,-0.03,3771,1696950,868.95,421.0
EIHOTEL,EIHOTELEQN,292.1,292.0,292.0,-0.1,-0.03,445,129940,413.95,271.15
SAFARI,SAFARIEQN,1520.5,1520.0,1520.0,-0.5,-0.03,7,10640,2507.1,1363.1
ARVIND,ARVINDEQN,548.05,547.9,547.9,-0.15,-0.03,2191,1200448,607.15,277.9
AVANTEL,AVANTELEQN,141.89,141.85,141.85,-0.04,-0.03,1306,185256,215.0,117.05
JYOTHYLAB,JYOTHYLABEQN,195.41,195.35,195.35,-0.06,-0.03,385,75209,327.7,188.1
GRAVITA,GRAVITAEQN,1622.7,1622.2,1622.2,-0.5,-0.03,102,165464,1913.6,1266.9
MANIPALHOS,MANIPALHOSEQN,714.6,714.4,714.4,-0.2,-0.03,1390,993016,815.0,625.45
DCMSHRIRAM,DCMSHRIRAMEQN,986.3,986.0,986.0,-0.3,-0.03,55,54230,1414.4,945.1
DECNGOLD,DECNGOLDEQN,220.67,220.6,220.6,-0.07,-0.03,3635,801881,250.8,114.8
GPIL,GPILEQN,236.49,236.4,236.4,-0.09,-0.04,524,123873,320.0,221.21
RTNINDIA,RTNINDIAEQN,26.74,26.73,26.73,-0.01,-0.04,4051,108283,57.69,24.4
ASTRAZEN,ASTRAZENEQN,6703.0,6700.0,6700.0,-3.0,-0.04,10,67000,9849.5,6600.0
RENUKA,RENUKAEQN,23.01,23.0,23.0,-0.01,-0.04,9990,229770,33.3,21.05
EXIDEIND,EXIDEINDEQN,415.5,415.35,415.35,-0.15,-0.04,2873,1193300,496.4,287.0
CANBK,CANBKEQN,123.2,123.15,123.15,-0.05,-0.04,15450,1902667,162.89,112.51
SHUKRAPHAR,SHUKRAPHAREQN,54.6,54.58,54.58,-0.02,-0.04,133,7259,58.2,40.06
ORIRAIL,ORIRAILEQN,119.85,119.8,119.8,-0.05,-0.04,1,119,142.0,102.8
AMAGI,AMAGIEQN,569.3,569.1,569.1,-0.2,-0.04,465,264631,727.4,310.2
MEDICAPQ,MEDICAPQEQN,25.81,25.8,25.8,-0.01,-0.04,317,8178,36.8,20.33
INDUSINDBK,INDUSINDBKEQN,946.5,946.0,946.0,-0.5,-0.05,1834,1734964,1077.85,710.6
RAMCOCEM,RAMCOCEMEQN,863.15,862.75,862.75,-0.4,-0.05,6,5176,1214.5,838.3
SYNCOMF,SYNCOMFEQN,18.41,18.4,18.4,-0.01,-0.05,7568,139251,22.59,10.21
GIPCL,GIPCLEQN,185.14,185.05,185.05,-0.09,-0.05,278,51443,211.71,119.9
AGI,AGIEQN,717.3,716.95,716.95,-0.35,-0.05,65,46601,939.0,465.0
PIDILITIND,PIDILITINDEQN,1543.8,1543.0,1543.0,-0.8,-0.05,522,805446,1707.5,1259.0
ROTO,ROTOEQN,62.13,62.1,62.1,-0.03,-0.05,46,2856,85.28,47.5
JUBLPHARMA,JUBLPHARMAEQN,1002.5,1002.0,1002.0,-0.5,-0.05,247,247494,1184.8,786.05
METROPOLIS,METROPOLISEQN,580.85,580.55,580.55,-0.3,-0.05,225,130623,609.05,412.25
TORNTPHARM,TORNTPHARMEQN,4812.5,4810.0,4810.0,-2.5,-0.05,222,1067820,5250.0,3480.6
UNICHEMLAB,UNICHEMLABEQN,524.25,524.0,524.0,-0.25,-0.05,82,42968,687.2,278.2
GANESHHOU,GANESHHOUEQN,740.65,740.25,740.25,-0.4,-0.05,1,740,899.7,500.0
ADVENZYMES,ADVENZYMESEQN,287.85,287.7,287.7,-0.15,-0.05,120,34524,419.0,251.95
HAZOOR,HAZOOREQN,18.51,18.5,18.5,-0.01,-0.05,107,1979,22.49,17.44
MARKOLINES,MARKOLINESEQN,170.59,170.5,170.5,-0.09,-0.05,712,121396,191.75,131.65
SAATVIKGL,SAATVIKGLEQN,413.25,413.05,413.05,-0.2,-0.05,1937,800077,567.0,328.0
NAVA,NAVAEQN,548.3,548.0,548.0,-0.3,-0.05,1753,960644,739.4,501.65
INDOAMIN,INDOAMINBEN,123.06,122.5,122.5,-0.06,-0.05,10,1225,149.0,81.9
INDGN,INDGNEQN,573.2,572.9,572.9,-0.3,-0.05,574,328844,615.5,414.0
SHREEPUSHK,SHREEPUSHKEQN,506.95,506.65,506.65,-0.3,-0.06,182,92210,545.2,272.45
NIITLTD,NIITLTDEQN,85.35,85.3,85.3,-0.05,-0.06,734,62610,114.41,49.0
TATATECH,TATATECHEQN,748.4,747.95,747.95,-0.45,-0.06,692,517581,891.0,507.4
JPPOWER,JPPOWEREQN,15.41,15.4,15.4,-0.01,-0.06,103578,1595101,24.5,13.15
ORIENTHOT,ORIENTHOTEQN,138.59,138.5,138.5,-0.09,-0.06,23,3185,148.8,80.0
KTKBANK,KTKBANKEQN,318.2,318.0,318.0,-0.2,-0.06,2509,797862,345.9,170.0
GREAVESCOT,GREAVESCOTEQN,185.64,185.52,185.52,-0.12,-0.06,1253,232456,271.9,119.99
ANUP,ANUPEQN,1637.0,1636.0,1636.0,-1.0,-0.06,18,29448,2576.0,1422.3
BOMDYEING,BOMDYEINGEQN,107.16,107.1,107.1,-0.06,-0.06,2400,257040,191.0,92.0
LEMONTREE,LEMONTREEEQN,103.26,103.2,103.2,-0.06,-0.06,11868,1224777,177.8,99.61
GOLD1,GOLD1EQN,126.08,126.0,126.0,-0.08,-0.06,201880,25436880,158.0,90.2
BAJAJHFL,BAJAJHFLEQN,82.96,82.9,82.9,-0.06,-0.07,6839,566953,117.0,72.65
SHARDACROP,SHARDACROPEQN,745.5,745.0,745.0,-0.5,-0.07,52,38740,1297.0,740.05
SIRCA,SIRCAEQN,403.25,402.95,402.95,-0.3,-0.07,451,181730,539.0,385.0
IDEA,IDEAEQN,14.26,14.25,14.25,-0.01,-0.07,794393,11320100,15.79,7.71
EICHERMOT,EICHERMOTEQN,7500.0,7495.0,7495.0,-5.0,-0.07,651,4879245,8230.0,6442.0
KAJARIACER,KAJARIACEREQN,1215.9,1215.0,1215.0,-0.9,-0.07,24,29160,1293.8,869.6
DVL,DVLEQN,275.2,275.0,275.0,-0.2,-0.07,5,1375,380.6,186.99
J&KBANK,J&KBANKEQN,147.66,147.55,147.55,-0.11,-0.07,2807,414172,201.75,97.35
HINDALCO,HINDALCOEQN,972.7,972.0,972.0,-0.7,-0.07,4690,4558680,1176.0,731.95
INOXWIND,INOXWINDEQN,74.5,74.45,74.45,-0.05,-0.07,8118,604385,159.3,68.0
KITEX,KITEXEQN,118.58,118.5,118.5,-0.08,-0.07,870,103095,232.7,116.9
BRITANNIA,BRITANNIAEQN,4999.5,4996.0,4996.0,-3.5,-0.07,151,754396,6271.0,4933.0
DBL,DBLEQN,406.2,405.9,405.9,-0.3,-0.07,56,22730,585.0,381.55
KSCL,KSCLEQN,690.45,690.0,690.0,-0.45,-0.07,97,66930,1225.0,685.4
IGL,IGLEQN,148.77,148.66,148.66,-0.11,-0.07,2226,330917,223.5,141.74
FORCEMOT,FORCEMOTEQN,17383.0,17370.0,17370.0,-13.0,-0.07,80,1389600,26450.0,14911.0
WSI,WSIEQN,56.04,56.0,56.0,-0.04,-0.07,5,280,95.0,53.8
CENTRALBK,CENTRALBKEQN,30.39,30.37,30.37,-0.02,-0.07,9964,302606,40.92,29.32
TIMEX,TIMEXEQN,605.45,605.0,605.0,-0.45,-0.07,285,172425,687.8,312.0
BLISSGVS,BLISSGVSBEN,680.5,680.0,680.0,-0.5,-0.07,1310,890800,728.0,118.0
ANNAPURNA,ANNAPURNAEQN,134.56,134.46,134.46,-0.1,-0.07,200,26892,287.0,120.75
MOGOLD,MOGOLDEQN,149.35,149.25,149.25,-0.1,-0.07,20,2985,175.0,108.0
LTF,LTFEQN,295.5,295.3,295.3,-0.2,-0.07,7446,2198803,338.6,234.9
GMBREW,GMBREWEQN,912.65,912.0,912.0,-0.65,-0.07,54,49248,1328.8,698.55
WAAREEENER,WAAREEENEREQN,2501.0,2499.0,2499.0,-2.0,-0.08,1801,4500699,3718.8,2403.0
SAILIFE,SAILIFEEQN,1539.1,1537.9,1537.9,-1.2,-0.08,1630,2506777,1697.0,783.85
PFOCUS,PFOCUSEQN,320.45,320.2,320.2,-0.25,-0.08,2086,667937,367.0,161.01
KINGFA,KINGFAEQN,5889.0,5884.0,5884.0,-5.0,-0.08,14,82376,6347.0,3649.9
STYLEBAAZA,STYLEBAAZAEQN,372.3,372.0,372.0,-0.3,-0.08,10,3720,447.1,229.95
UTIAMC,UTIAMCEQN,895.2,894.45,894.45,-0.75,-0.08,56,50089,1418.0,866.0
GODREJPROP,GODREJPROPEQN,1665.3,1664.0,1664.0,-1.3,-0.08,1041,1732224,2352.0,1434.0
KAMDHENU,KAMDHENUBEN,38.83,38.8,38.8,-0.03,-0.08,1208,46870,40.95,16.15
JAIBALAJI,JAIBALAJIEQN,64.05,64.0,64.0,-0.05,-0.08,827,52928,107.0,53.65
KIRIINDUS,KIRIINDUSEQN,513.4,513.0,513.0,-0.4,-0.08,677,347301,779.0,333.8
ZUARIIND,ZUARIINDEQN,254.85,254.65,254.65,-0.2,-0.08,687,174944,416.0,210.0
MILKYMIST,MILKYMISTEQN,276.23,276.01,276.01,-0.22,-0.08,15138,4178239,304.7,165.0
DSFCL,DSFCLBEN,25.75,25.73,25.73,-0.02,-0.08,204,5248,52.5,17.28
KANSAINER,KANSAINEREQN,184.81,184.65,184.65,-0.16,-0.09,246,45423,264.0,157.91
NOVAAGRI,NOVAAGRIEQN,22.32,22.3,22.3,-0.02,-0.09,308,6868,51.99,18.12
V2RETAIL,V2RETAILEQN,209.18,209.0,209.0,-0.18,-0.09,320,66880,259.25,160.81
PSB,PSBEQN,22.25,22.23,22.23,-0.02,-0.09,655,14560,32.46,20.5
KAMATHOTEL,KAMATHOTELEQN,209.88,209.7,209.7,-0.18,-0.09,19,3984,329.8,140.2
GARFIBRES,GARFIBRESEQN,800.6,799.9,799.9,-0.7,-0.09,101,80789,863.4,579.75
CONFIPET,CONFIPETEQN,86.58,86.5,86.5,-0.08,-0.09,2810,243065,91.65,28.06
IGARASHI,IGARASHIEQN,428.4,428.0,428.0,-0.4,-0.09,1256,537568,558.0,271.05
SPIC,SPICEQN,66.83,66.77,66.77,-0.06,-0.09,335,22367,106.6,55.1
COROMANDEL,COROMANDELEQN,1937.8,1936.0,1936.0,-1.8,-0.09,76,147136,2499.0,1706.5
OFSS,OFSSEQN,11510.0,11500.0,11500.0,-10.0,-0.09,318,3657000,12540.0,6234.5
TRIDENT,TRIDENTEQN,23.17,23.15,23.15,-0.02,-0.09,22064,510781,30.94,21.98
AEROPLANE,AEROPLANEEQN,195.67,195.5,195.5,-0.17,-0.09,251,49070,209.44,117.02
SAIPARENT,SAIPARENTEQN,516.45,516.0,516.0,-0.45,-0.09,3,1548,706.0,400.0
DCXINDIA,DCXINDIAEQN,160.76,160.6,160.6,-0.16,-0.1,455,73073,284.9,153.3
CENTEXT,CENTEXTEQN,19.49,19.47,19.47,-0.02,-0.1,3141,61155,31.59,14.25
DAMCAPITAL,DAMCAPITALEQN,135.99,135.86,135.86,-0.13,-0.1,375,50947,286.0,119.22
SURYAROSNI,SURYAROSNIEQN,209.2,209.0,209.0,-0.2,-0.1,643,134387,314.5,187.35
TARSONS,TARSONSEQN,302.3,302.0,302.0,-0.3,-0.1,99,29898,375.0,164.45
SHRIRAMPPS,SHRIRAMPPSEQN,70.57,70.5,70.5,-0.07,-0.1,1183,83401,99.44,60.57
NAM-INDIA,NAM-INDIAEQN,1124.0,1122.9,1122.9,-1.1,-0.1,518,581662,1269.5,795.8
ATUL,ATULEQN,6076.0,6070.0,6070.0,-6.0,-0.1,8,48560,7180.0,5560.5
NEOGEN,NEOGENEQN,2302.4,2300.0,2300.0,-2.4,-0.1,1433,3295900,2483.9,966.7
DWARKESH,DWARKESHEQN,41.04,41.0,41.0,-0.04,-0.1,11448,469368,59.9,32.13
GENUSPOWER,GENUSPOWEREQN,301.55,301.25,301.25,-0.3,-0.1,1228,369935,363.0,210.4
SAPPHIRE,SAPPHIREEQN,223.32,223.1,223.1,-0.22,-0.1,127,28333,330.75,139.91
GOLD360,GOLD360EQN,147.35,147.2,147.2,-0.15,-0.1,1,147,178.0,106.25
MASTERTR,MASTERTREQN,85.38,85.29,85.29,-0.09,-0.11,109,9296,164.5,55.6
GANDHITUBE,GANDHITUBEEQN,900.9,899.9,899.9,-1.0,-0.11,3,2699,1010.0,681.05
BBL,BBLEQN,2178.2,2175.9,2175.9,-2.3,-0.11,9,19583,3411.0,2051.7
CUB,CUBEQN,227.24,227.0,227.0,-0.24,-0.11,3484,790868,248.85,151.95
MARINE,MARINEEQN,373.3,372.9,372.9,-0.4,-0.11,579,215909,450.0,150.86
JYOTISTRUC,JYOTISTRUCEQN,9.02,9.01,9.01,-0.01,-0.11,9452,85162,17.42,7.94
GSFC,GSFCEQN,149.16,149.0,149.0,-0.16,-0.11,1799,268051,212.9,138.83
KPRMILL,KPRMILLEQN,1121.4,1120.2,1120.2,-1.2,-0.11,334,374146,1334.0,796.1
MHRIL,MHRILEQN,193.51,193.3,193.3,-0.21,-0.11,41,7925,368.9,188.21
PARAGMILK,PARAGMILKEQN,269.1,268.8,268.8,-0.3,-0.11,2746,738124,376.95,177.84
BIOCON,BIOCONEQN,374.4,374.0,374.0,-0.4,-0.11,4769,1783606,447.15,337.05
VOLTAMP,VOLTAMPEQN,10513.0,10501.0,10501.0,-12.0,-0.11,15,157515,12863.0,6666.0
OBEROIRLTY,OBEROIRLTYEQN,1706.9,1705.1,1705.1,-1.8,-0.11,345,588259,1986.1,1391.2
ARTEMISMED,ARTEMISMEDEQN,325.25,324.9,324.9,-0.35,-0.11,401,130284,362.0,203.35
DPABHUSHAN,DPABHUSHANEQN,1321.6,1320.1,1320.1,-1.5,-0.11,36,47523,1670.0,866.1
EIDPARRY,EIDPARRYEQN,703.05,702.2,702.2,-0.85,-0.12,52,36514,1118.0,685.5
IIFL,IIFLEQN,585.7,585.0,585.0,-0.7,-0.12,781,456885,705.0,409.1
JSL,JSLEQN,730.85,730.0,730.0,-0.85,-0.12,122,89060,884.0,652.25
MEESHO,MEESHOEQN,213.26,213.0,213.0,-0.26,-0.12,7281,1550853,254.4,125.56
BHARATCOAL,BHARATCOALEQN,32.23,32.19,32.19,-0.04,-0.12,21817,702289,45.09,29.74
XCHANGING,XCHANGINGEQN,63.08,63.0,63.0,-0.08,-0.13,5,315,103.0,47.5
KRISHNADEF,KRISHNADEFEQN,1002.4,1001.1,1001.1,-1.3,-0.13,130,130143,1400.0,665.0
SAMMAANCAP,SAMMAANCAPEQN,142.19,142.0,142.0,-0.19,-0.13,7926,1125492,192.95,129.0
FACT,FACTEQN,749.0,748.0,748.0,-1.0,-0.13,398,297704,1058.6,652.1
GABRIEL,GABRIELEQN,1295.7,1294.0,1294.0,-1.7,-0.13,86,111284,1600.0,795.7
GLENMARK,GLENMARKEQN,2410.0,2406.8,2406.8,-3.2,-0.13,669,1610149,2537.6,1792.6
ADANIGREEN,ADANIGREENEQN,1270.2,1268.5,1268.5,-1.7,-0.13,415,526427,1631.5,765.0
KSHINTL,KSHINTLEQN,1060.35,1058.95,1058.95,-1.4,-0.13,540,571833,1198.0,330.0
CROMPTON,CROMPTONEQN,223.4,223.1,223.1,-0.3,-0.13,6055,1350870,319.0,217.4
LCL,LCLEQN,523.8,523.1,523.1,-0.7,-0.13,130,68003,604.7,461.0
DPWIRES,DPWIRESBEN,143.49,143.3,143.3,-0.19,-0.13,1,143,286.4,125.02
HEXT,HEXTEQN,522.75,522.0,522.0,-0.75,-0.14,156,81432,807.75,400.2
ZUARI,ZUARIEQN,209.3,209.0,209.0,-0.3,-0.14,394,82346,345.6,175.1
HEIDELBERG,HEIDELBERGEQN,141.2,141.0,141.0,-0.2,-0.14,936,131976,216.99,136.1
TEMBO,TEMBOEQN,56.48,56.4,56.4,-0.08,-0.14,1688,95203,837.0,54.25
PIGL,PIGLEQN,101.74,101.6,101.6,-0.14,-0.14,200,20320,189.7,88.05
SUPRIYA,SUPRIYAEQN,877.85,876.6,876.6,-1.25,-0.14,98,85906,1085.0,545.5
KALYANKJIL,KALYANKJILEQN,580.9,580.0,580.0,-0.9,-0.15,20756,12038480,648.95,327.05
GLAXO,GLAXOEQN,2856.2,2852.0,2852.0,-4.2,-0.15,43,122636,3120.7,2088.1
FINPIPE,FINPIPEEQN,151.05,150.83,150.83,-0.22,-0.15,693,104525,222.23,147.54
RAINBOW,RAINBOWEQN,1457.2,1455.0,1455.0,-2.2,-0.15,96,139680,1610.0,1084.0
GPPL,GPPLEQN,162.24,162.0,162.0,-0.24,-0.15,1563,253206,200.09,141.55
RAMRAT,RAMRATEQN,525.8,525.0,525.0,-0.8,-0.15,29,15225,602.45,268.0
GUFICBIO,GUFICBIOEQN,419.85,419.2,419.2,-0.65,-0.15,257,107734,467.8,268.0
VADILALIND,VADILALINDEQN,7156.0,7145.0,7145.0,-11.0,-0.15,2,14290,8447.0,3996.0
IVZINGOLD,IVZINGOLDEQN,131.6,131.4,131.4,-0.2,-0.15,2,262,156.0,94.63
AURIONPRO,AURIONPROEQN,688.0,687.0,687.0,-1.0,-0.15,204,140148,1296.8,663.0
SUNRAKSHAK,SUNRAKSHAKEQN,370.55,370.0,370.0,-0.55,-0.15,25,9250,382.4,350.1
ONIDA,ONIDAEQN,33.05,33.0,33.0,-0.05,-0.15,512,16896,49.23,21.5
DHAMPURSUG,DHAMPURSUGEQN,152.74,152.51,152.51,-0.23,-0.15,346,52768,199.92,110.0
IIFLCAPS,IIFLCAPSEQN,335.6,335.05,335.05,-0.55,-0.16,296,99174,411.3,240.4
SPAL,SPALEQN,974.9,973.3,973.3,-1.6,-0.16,1,973,1221.9,600.0
AIIL,AIILEQN,528.95,528.1,528.1,-0.85,-0.16,86,45416,683.0,400.0
CEINSYS,CEINSYSEQN,673.05,672.0,672.0,-1.05,-0.16,21,14112,1249.9,665.0
IEX,IEXEQN,112.0,111.82,111.82,-0.18,-0.16,10737,1200611,160.27,110.35
RELIGARE,RELIGAREEQN,247.65,247.25,247.25,-0.4,-0.16,342,84559,280.0,196.51
MARKSANS,MARKSANSEQN,316.45,315.95,315.95,-0.5,-0.16,2810,887819,349.95,155.0
ESFL,ESFLSMN,124.6,124.4,124.4,-0.2,-0.16,360,44784,320.0,108.3
SHREECEM,SHREECEMEQN,21795.0,21760.0,21760.0,-35.0,-0.16,20,435200,30285.0,21665.0
INDORAMA,INDORAMAEQN,85.6,85.46,85.46,-0.14,-0.16,1034,88365,96.5,29.0
VSTTILLERS,VSTTILLERSEQN,3996.5,3990.0,3990.0,-6.5,-0.16,12,47880,6374.0,3950.0
VEDPOWER,VEDPOWEREQN,31.0,30.95,30.95,-0.05,-0.16,24627,762205,49.88,30.78
MASTEK,MASTEKEQN,1633.1,1630.3,1630.3,-2.8,-0.17,54,88036,2555.5,1334.2
GMRP&UI,GMRP&UIEQN,93.16,93.0,93.0,-0.16,-0.17,1555,144615,136.95,86.8
MEDPLUS,MEDPLUSEQN,656.1,655.0,655.0,-1.1,-0.17,10,6550,1022.2,645.0
LICHSGFIN,LICHSGFINEQN,543.0,542.05,542.05,-0.95,-0.17,1992,1079763,598.2,458.9
VTL,VTLEQN,571.75,570.75,570.75,-1.0,-0.17,1377,785922,688.0,385.5
SAMHI,SAMHIEQN,160.27,160.0,160.0,-0.27,-0.17,2485,397600,217.3,127.0
REDINGTON,REDINGTONEQN,388.15,387.5,387.5,-0.65,-0.17,3737,1448087,403.25,191.31
AMBER,AMBEREQN,6930.0,6918.0,6918.0,-12.0,-0.17,127,878586,8974.0,5400.5
NUVAMA,NUVAMAEQN,1703.1,1700.2,1700.2,-2.9,-0.17,71,120714,2066.0,1096.9
JPOLYINVST,JPOLYINVSTEQN,983.7,982.05,982.05,-1.65,-0.17,11,10802,1487.7,852.1
KEI,KEIEQN,4506.0,4498.0,4498.0,-8.0,-0.18,189,850122,5899.0,3728.7
BIKAJI,BIKAJIEQN,540.95,540.0,540.0,-0.95,-0.18,45,24300,801.3,532.75
ROSSELLIND,ROSSELLINDEQN,55.35,55.25,55.25,-0.1,-0.18,1,55,73.0,40.0
INFOMEDIA,INFOMEDIAEQN,5.5,5.49,5.49,-0.01,-0.18,1,5,8.05,4.5
TIRUPATIFL,TIRUPATIFLBEN,65.91,65.79,65.79,-0.12,-0.18,322,21184,83.9,30.11
PICCADIL,PICCADILEQN,593.05,592.0,592.0,-1.05,-0.18,140,82880,809.7,515.0
SILVERADD,SILVERADDEQN,22.04,22.0,22.0,-0.04,-0.18,47702,1049444,39.0,12.14
VMART,VMARTEQN,786.4,784.95,784.95,-1.45,-0.18,11,8634,888.0,457.9
UNOMINDA,UNOMINDAEQN,1186.0,1183.8,1183.8,-2.2,-0.19,1404,1662055,1382.0,994.0
WELCORP,WELCORPEQN,2424.5,2420.0,2420.0,-4.5,-0.19,4486,10856120,2784.8,710.0
GLOBAL,GLOBALEQN,128.89,128.64,128.64,-0.25,-0.19,397,51070,131.98,55.3
RBZJEWEL,RBZJEWELBEN,162.3,161.99,161.99,-0.31,-0.19,70,11339,204.7,100.0
GOLDIAM,GOLDIAMEQN,321.8,321.2,321.2,-0.6,-0.19,987,317024,398.2,198.75
LUMINO,LUMINOEQN,100.29,100.1,100.1,-0.19,-0.19,10196,1020619,122.0,98.05
TCC,TCCEQN,52.26,52.16,52.16,-0.1,-0.19,2898,151159,105.28,39.37
ZAGGLE,ZAGGLEEQN,177.81,177.45,177.45,-0.36,-0.2,1526,270788,405.4,154.36
ITI,ITIEQN,255.5,255.0,255.0,-0.5,-0.2,218,55590,372.85,237.0
SALASAR,SALASAREQN,4.93,4.92,4.92,-0.01,-0.2,14036,69057,10.99,4.71
ANGELONE,ANGELONEEQN,293.5,292.9,292.9,-0.6,-0.2,7934,2323868,360.45,208.63
GANESHCP,GANESHCPEQN,163.07,162.75,162.75,-0.32,-0.2,15,2441,309.95,152.0
GOLDBETA,GOLDBETAEQN,127.15,126.9,126.9,-0.25,-0.2,3186,404303,149.35,91.8
GCSL,GCSLEQN,594.75,593.55,593.55,-1.2,-0.2,332,197058,616.9,213.15
SGL,SGLEQN,9.64,9.62,9.62,-0.02,-0.21,175,1683,20.79,8.4
RAJRATAN,RAJRATANEQN,462.95,462.0,462.0,-0.95,-0.21,221,102102,563.95,305.55
CEIGALL,CEIGALLEQN,386.8,386.0,386.0,-0.8,-0.21,436,168296,405.7,222.61
AGIIL,AGIILEQN,262.4,261.85,261.85,-0.55,-0.21,3383,885838,434.4,224.7
JOCIL,JOCILEQN,143.0,142.7,142.7,-0.3,-0.21,4,570,175.12,91.25
DBREALTY,DBREALTYEQN,95.2,95.0,95.0,-0.2,-0.21,11190,1063050,183.9,83.5
VINDHYATEL,VINDHYATELEQN,2586.5,2581.1,2581.1,-5.4,-0.21,69,178095,2952.6,963.9
SENCO,SENCOEQN,332.25,331.55,331.55,-0.7,-0.21,444,147208,430.0,276.0
AGL,AGLEQN,14.03,14.0,14.0,-0.03,-0.21,11161,156254,22.0,12.03
NARMADA,NARMADAEQN,13.77,13.74,13.74,-0.03,-0.22,5106,70156,22.59,9.95
LINCOLN,LINCOLNEQN,590.7,589.4,589.4,-1.3,-0.22,47,27701,770.0,440.0
TVSSCS,TVSSCSEQN,126.28,126.0,126.0,-0.28,-0.22,324,40824,146.5,90.32
KIRLOSENG,KIRLOSENGEQN,2040.5,2036.0,2036.0,-4.5,-0.22,255,519180,2720.0,865.55
TCIEXP,TCIEXPEQN,489.1,488.0,488.0,-1.1,-0.22,6,2928,780.0,447.55
BAJAJ-AUTO,BAJAJ-AUTOEQN,11593.0,11568.0,11568.0,-25.0,-0.22,215,2487120,12470.0,8491.5
JUBLFOOD,JUBLFOODEQN,471.0,469.95,469.95,-1.05,-0.22,1419,666859,637.3,408.55
HYUNDAI,HYUNDAIEQN,2155.0,2150.0,2150.0,-5.0,-0.23,395,849250,2890.0,1658.0
SURAJEST,SURAJESTEQN,168.69,168.3,168.3,-0.39,-0.23,11,1851,319.0,166.0
LMW,LMWEQN,17617.0,17577.0,17577.0,-40.0,-0.23,7,123039,20151.0,11920.0
SAMBHV,SAMBHVEQN,128.4,128.11,128.11,-0.29,-0.23,2414,309257,141.32,81.42
SEKURITIND,SEKURITINDEQN,107.25,107.0,107.0,-0.25,-0.23,25,2675,124.65,105.05
HAMPTON,HAMPTONEQN,8.55,8.53,8.53,-0.02,-0.23,1500,12795,9.65,7.01
BSLGOLDETF,BSLGOLDETFEQN,132.9,132.59,132.59,-0.31,-0.23,51,6762,155.99,95.63
DEEPAKFERT,DEEPAKFERTEQN,1315.0,1312.0,1312.0,-3.0,-0.23,460,603520,1681.0,866.4
GAUDIUMIVF,GAUDIUMIVFEQN,116.42,116.15,116.15,-0.27,-0.23,12,1393,163.18,69.18
CAPILLARY,CAPILLARYEQN,452.05,451.0,451.0,-1.05,-0.23,107,48257,798.95,438.15
GPTHEALTH,GPTHEALTHEQN,163.3,162.9,162.9,-0.4,-0.24,34,5538,175.0,115.0
SALZERELEC,SALZERELECEQN,557.85,556.5,556.5,-1.35,-0.24,748,416262,952.5,488.8
AXISBANK,AXISBANKEQN,1241.0,1238.0,1238.0,-3.0,-0.24,5780,7155640,1418.3,1104.0
ASHOKA,ASHOKAEQN,108.76,108.5,108.5,-0.26,-0.24,1051,114033,214.5,101.0
ADANIENSOL,ADANIENSOLEQN,1349.2,1346.0,1346.0,-3.2,-0.24,1227,1651542,1789.0,803.1
EMIL,EMILEQN,180.93,180.5,180.5,-0.43,-0.24,2095,378147,196.74,84.9
VEEDOL,VEEDOLEQN,1375.3,1372.0,1372.0,-3.3,-0.24,8,10976,2035.0,1238.2
ABLBL,ABLBLEQN,82.4,82.2,82.2,-0.2,-0.24,560,46032,150.79,82.11
EVEREADY,EVEREADYEQN,333.95,333.1,333.1,-0.85,-0.25,41,13657,446.0,259.65
AARTIPHARM,AARTIPHARMEQN,813.0,811.0,811.0,-2.0,-0.25,718,582298,946.1,585.0
KUANTUM,KUANTUMEQN,75.69,75.5,75.5,-0.19,-0.25,3,226,121.29,65.01
RBLBANK,RBLBANKEQN,404.0,403.0,403.0,-1.0,-0.25,743,299429,420.4,261.6
NILKAMAL,NILKAMALEQN,1920.5,1915.7,1915.7,-4.8,-0.25,77,147508,2149.5,1050.5
HINDWAREAP,HINDWAREAPEQN,171.93,171.5,171.5,-0.43,-0.25,40,6860,392.7,170.5
ANANTRAJ,ANANTRAJEQN,583.5,582.0,582.0,-1.5,-0.26,2307,1342674,743.65,403.0
POLYMED,POLYMEDEQN,1704.6,1700.1,1700.1,-4.5,-0.26,47,79904,2107.8,1182.0
ABSLAMC,ABSLAMCEQN,1058.4,1055.6,1055.6,-2.8,-0.26,207,218509,1224.9,708.0
EMSLIMITED,EMSLIMITEDEQN,362.25,361.3,361.3,-0.95,-0.26,456,164752,589.9,256.05
LGEINDIA,LGEINDIAEQN,1628.2,1624.0,1624.0,-4.2,-0.26,146,237104,1755.0,1304.1
KOTARISUG,KOTARISUGBEN,27.19,27.12,27.12,-0.07,-0.26,85,2305,39.94,22.5
SINGERIND,SINGERINDEQN,77.2,77.0,77.0,-0.2,-0.26,1,77,91.3,57.15
CMPDI,CMPDIEQN,203.77,203.25,203.25,-0.52,-0.26,10905,2216441,283.69,150.16
ZEEMEDIA,ZEEMEDIAEQN,7.37,7.35,7.35,-0.02,-0.27,2218,16302,13.26,6.65
MSPL,MSPLEQN,33.48,33.39,33.39,-0.09,-0.27,692,23105,46.12,26.25
LALPATHLAB,LALPATHLABEQN,1895.7,1890.6,1890.6,-5.1,-0.27,430,812958,2038.6,1272.6
BLUESTARCO,BLUESTARCOEQN,1504.0,1499.9,1499.9,-4.1,-0.27,235,352476,2032.9,1432.3
BODALCHEM,BODALCHEMEQN,173.46,173.0,173.0,-0.46,-0.27,7471,1292483,189.68,42.81
NEULANDLAB,NEULANDLABEQN,22625.0,22565.0,22565.0,-60.0,-0.27,69,1556985,24225.0,11500.0
COALINDIA,COALINDIAEQN,422.25,421.1,421.1,-1.15,-0.27,4937,2078970,491.25,369.6
CUBEINVIT,CUBEINVITIVN,156.84,156.41,156.41,-0.43,-0.27,97,15171,165.0,131.0
KIRLOSBROS,KIRLOSBROSEQN,1724.7,1720.0,1720.0,-4.7,-0.27,28,48160,2189.2,1335.0
SHREEJISPG,SHREEJISPGEQN,690.2,688.35,688.35,-1.85,-0.27,514,353811,721.5,222.0
SYMBIOTEC,SYMBIOTECEQN,1042.8,1040.0,1040.0,-2.8,-0.27,795,826800,1193.7,934.2
DSSL,DSSLEQN,1018.8,1015.9,1015.9,-2.9,-0.28,158,160512,1924.8,781.0
MAXHEALTH,MAXHEALTHEQN,1025.0,1022.1,1022.1,-2.9,-0.28,878,897403,1221.9,903.0
ANANDRATHI,ANANDRATHIEQN,2206.2,2200.0,2200.0,-6.2,-0.28,136,299200,2255.0,1353.85
IOB,IOBEQN,32.09,32.0,32.0,-0.09,-0.28,11393,364576,41.8,31.2
MAXESTATES,MAXESTATESEQN,572.1,570.5,570.5,-1.6,-0.28,16,9128,579.0,305.45
TITAN,TITANEQN,4908.5,4895.0,4895.0,-13.5,-0.28,473,2315335,5186.7,3303.1
MANINDS,MANINDSEQN,790.3,788.05,788.05,-2.25,-0.28,1159,913349,944.0,302.05
SBILIFE,SBILIFEEQN,1697.9,1693.0,1693.0,-4.9,-0.29,604,1022572,2132.0,1652.9
SANSTAR,SANSTAREQN,112.81,112.48,112.48,-0.33,-0.29,1370,154097,137.49,74.3
SWANCORP,SWANCORPEQN,292.85,292.0,292.0,-0.85,-0.29,501,146292,506.0,273.65
BANDHANBNK,BANDHANBNKEQN,172.5,172.0,172.0,-0.5,-0.29,18855,3243060,220.76,134.25
TATACAP,TATACAPEQN,343.5,342.5,342.5,-1.0,-0.29,4149,1421032,390.2,296.0
E2E,E2EBEN,599.75,598.0,598.0,-1.75,-0.29,9062,5419076,698.0,183.36
AWFIS,AWFISEQN,271.1,270.3,270.3,-0.8,-0.3,2804,757921,639.4,229.05
SOBHA,SOBHAEQN,1181.8,1178.3,1178.3,-3.5,-0.3,86,101333,1732.0,1130.0
IDBI,IDBIEQN,82.95,82.7,82.7,-0.25,-0.3,9172,758524,118.38,61.01
GMMPFAUDLR,GMMPFAUDLREQN,1335.0,1331.0,1331.0,-4.0,-0.3,112,149072,1384.8,735.0
TVSHLTD,TVSHLTDEQN,12769.0,12730.0,12730.0,-39.0,-0.31,1,12730,16297.0,12376.0
RPTECH,RPTECHEQN,794.45,792.0,792.0,-2.45,-0.31,348,275616,967.7,299.85
MCX,MCXEQN,3211.2,3201.1,3201.1,-10.1,-0.31,1597,5112156,3480.0,1521.4
NETWORK18,NETWORK18EQN,26.12,26.04,26.04,-0.08,-0.31,3126,81401,58.1,25.71
HUHTAMAKI,HUHTAMAKIEQN,243.05,242.3,242.3,-0.75,-0.31,100,24230,330.0,148.6
PRINCEPIPE,PRINCEPIPEEQN,257.3,256.5,256.5,-0.8,-0.31,225,57712,352.2,205.0
VINATIORGA,VINATIORGAEQN,1253.9,1250.0,1250.0,-3.9,-0.31,143,178750,1849.9,1203.0
IDFCFIRSTB,IDFCFIRSTBEQN,85.01,84.75,84.75,-0.26,-0.31,15723,1332524,88.76,58.08
IBULLSLTD,IBULLSLTDEQN,28.79,28.7,28.7,-0.09,-0.31,176249,5058346,32.5,8.9
MATRIMONY,MATRIMONYEQN,533.4,531.7,531.7,-1.7,-0.32,26,13824,573.0,364.05
SAIL,SAILEQN,173.55,173.0,173.0,-0.55,-0.32,13505,2336365,209.7,124.0
BLUEJET,BLUEJETEQN,565.05,563.25,563.25,-1.8,-0.32,405,228116,717.0,325.0
APARINDS,APARINDSEQN,17075.0,17021.0,17021.0,-54.0,-0.32,103,1753163,18465.0,6801.0
ARDEE,ARDEEEQN,47.42,47.27,47.27,-0.15,-0.32,4810,227368,73.19,46.5
TENNIND,TENNINDEQN,512.05,510.4,510.4,-1.65,-0.32,158,80643,657.0,438.05
ADVAIT,ADVAITEQN,1996.3,1989.9,1989.9,-6.4,-0.32,72,143272,2485.0,1351.0
STAR,STAREQN,1183.9,1180.0,1180.0,-3.9,-0.33,229,270220,1231.0,768.65
MANAPPURAM,MANAPPURAMEQN,319.9,318.85,318.85,-1.05,-0.33,2118,675324,381.55,245.15
JMA,JMAEQN,90.3,90.0,90.0,-0.3,-0.33,1,90,103.7,70.25
SUZLON,SUZLONEQN,42.15,42.15,42.01,-0.14,-0.33,187595,0,61.5,38.19
PREMIERPOL,PREMIERPOLEQN,82.62,82.2,82.2,-0.27,-0.33,2065,169743,98.8,38.0
PACEDIGITK,PACEDIGITKEQN,152.5,152.0,152.0,-0.5,-0.33,1768,268736,231.95,139.81
C2C,C2CSMN,212.2,211.5,211.5,-0.7,-0.33,300,63450,814.0,197.0
DIVGIITTS,DIVGIITTSEQN,1119.7,1116.0,1116.0,-3.7,-0.33,51,56916,1329.8,573.7
KPEL,KPELEQN,210.32,209.6,209.6,-0.72,-0.34,587,123035,463.25,206.52
YESBANK,YESBANKEQN,23.4,23.32,23.32,-0.08,-0.34,300697,7012254,25.78,17.2
SBICARD,SBICARDEQN,618.1,616.0,616.0,-2.1,-0.34,2974,1831984,965.0,565.45
BHANDARI,BHANDARIEQN,2.98,2.97,2.97,-0.01,-0.34,555,1648,4.5,2.0
A2ZINFRA,A2ZINFRAEQN,14.7,14.65,14.65,-0.05,-0.34,20,293,19.39,12.0
LEAPIND,LEAPINDEQN,134.71,134.25,134.25,-0.46,-0.34,1126,151165,172.29,128.55
TRENT,TRENTEQN,2769.7,2760.0,2760.0,-9.7,-0.35,1033,2851080,3498.67,2183.67
AGROPHOS,AGROPHOSEQN,23.18,23.1,23.1,-0.08,-0.35,15,346,47.47,21.0
IONEXCHANG,IONEXCHANGEQN,426.25,424.75,424.75,-1.5,-0.35,535,227241,486.0,312.7
EXICOM,EXICOMEQN,162.72,162.13,162.13,-0.59,-0.36,5251,851344,189.17,75.6
RADICO,RADICOEQN,4466.0,4450.0,4450.0,-16.0,-0.36,520,2314000,4747.0,2500.0
TASTYBITE,TASTYBITEEQN,9936.0,9900.0,9900.0,-36.0,-0.36,1,9900,10544.0,6430.0
BANCOINDIA,BANCOINDIAEQN,593.15,591.0,591.0,-2.15,-0.36,265,156615,879.8,502.0
ZYDUSLIFE,ZYDUSLIFEEQN,1107.5,1103.5,1103.5,-4.0,-0.36,548,604718,1205.0,835.5
PFIZER,PFIZEREQN,4014.4,4000.0,4000.0,-14.4,-0.36,129,516000,5578.5,3955.5
NAZARA,NAZARAEQN,351.15,349.9,349.9,-1.25,-0.36,1803,630869,380.0,215.7
AKI,AKIBEN,5.55,5.53,5.53,-0.02,-0.36,627,3467,10.48,3.8
CUPID,CUPIDEQN,280.0,279.0,279.0,-1.0,-0.36,21156,5902524,299.0,40.32
INDSWFTLAB,INDSWFTLABEQN,363.9,362.55,362.55,-1.35,-0.37,694,251609,404.0,87.15
JBMA,JBMAEQN,588.2,586.05,586.05,-2.15,-0.37,256,150028,790.0,477.0
AEGISVOPAK,AEGISVOPAKEQN,296.95,295.85,295.85,-1.1,-0.37,6370,1884564,311.49,158.0
MAMATA,MAMATAEQN,391.55,390.1,390.1,-1.45,-0.37,1,390,515.0,297.0
UNIVCABLES,UNIVCABLESEQN,1405.2,1400.0,1400.0,-5.2,-0.37,328,459200,1774.9,576.0
ZFCVINDIA,ZFCVINDIAEQN,2461.5,2452.5,2452.5,-9.0,-0.37,50,122625,3044.0,2050.33
IMFA,IMFAEQN,1246.1,1241.5,1241.5,-4.6,-0.37,81,100561,1679.9,1015.0
CONCOR,CONCOREQN,488.8,487.0,487.0,-1.8,-0.37,781,380347,569.8,421.45
CERA,CERAEQN,5646.0,5625.0,5625.0,-21.0,-0.37,13,73125,6740.0,4461.1
MUTHOOTFIN,MUTHOOTFINEQN,2771.4,2761.0,2761.0,-10.4,-0.38,3826,10563586,4149.5,2671.0
TTKHLTCARE,TTKHLTCAREEQN,1065.1,1061.0,1061.0,-4.1,-0.38,81,85941,1247.0,735.0
APTUS,APTUSEQN,239.91,239.0,239.0,-0.91,-0.38,430,102770,336.6,193.03
LAURUSLABS,LAURUSLABSEQN,1905.5,1898.0,1898.0,-7.5,-0.39,1491,2829918,1981.8,823.1
CHAMBLFERT,CHAMBLFERTEQN,409.1,407.5,407.5,-1.6,-0.39,396,161370,559.0,399.75
DYNAMATECH,DYNAMATECHEQN,12077.0,12030.0,12030.0,-47.0,-0.39,17,204510,12875.0,6701.0
GUJTHEM,GUJTHEMEQN,412.6,411.0,411.0,-1.6,-0.39,93,38223,479.0,225.05
QUADFUTURE,QUADFUTUREEQN,491.95,490.0,490.0,-1.95,-0.4,1964,962360,519.6,248.55
PCJEWELLER,PCJEWELLEREQN,12.64,12.59,12.59,-0.05,-0.4,825828,10397174,15.38,7.47
ABFRL,ABFRLEQN,49.74,49.54,49.54,-0.2,-0.4,13067,647339,94.95,48.71
RML,RMLEQN,1268.1,1263.0,1263.0,-5.1,-0.4,9,11367,1440.0,608.5
MAXPOSURE,MAXPOSURESMN,37.65,37.5,37.5,-0.15,-0.4,1000,37500,61.2,28.5
INA,INAEQN,86.95,86.6,86.6,-0.35,-0.4,1564,135442,161.81,79.75
KUSUMGAR,KUSUMGAREQN,549.2,547.0,547.0,-2.2,-0.4,145,79315,659.5,533.0
RKFORGE,RKFORGEEQN,688.8,686.0,686.0,-2.8,-0.41,512,351232,772.8,460.15
NSLNISP,NSLNISPEQN,41.17,41.0,41.0,-0.17,-0.41,6301,258341,53.75,33.01
ELGIEQUIP,ELGIEQUIPEQN,592.5,590.1,590.1,-2.4,-0.41,1375,811387,653.4,408.25
CRIZAC,CRIZACEQN,176.02,175.3,175.3,-0.72,-0.41,88,15426,359.7,159.95
GROWWGOLD,GROWWGOLDEQN,14.76,14.7,14.7,-0.06,-0.41,25,367,18.0,10.73
UCOBANK,UCOBANKEQN,23.68,23.58,23.58,-0.1,-0.42,12703,299536,34.2,22.22
GOLDAXIS,GOLDAXISEQN,125.92,125.39,125.39,-0.53,-0.42,4000,501560,150.0,91.25
INTENTECH,INTENTECHEQN,76.43,76.1,76.1,-0.33,-0.43,2,152,149.9,66.3
ENERGYDEV,ENERGYDEVEQN,14.08,14.02,14.02,-0.06,-0.43,70,981,29.69,13.15
STARCEMENT,STARCEMENTEQN,187.3,186.5,186.5,-0.8,-0.43,805,150132,279.55,180.12
MSTCLTD,MSTCLTDEQN,703.55,692.45,692.45,-3.0,-0.43,1016,703529,805.0,362.15
IKIO,IKIOEQN,202.78,201.9,201.9,-0.88,-0.43,254,51282,238.8,103.53
OSIAHYPER,OSIAHYPERBEN,2.3,2.29,2.29,-0.01,-0.43,2563,5869,33.08,2.3
360ONE,360ONEEQN,1045.6,1041.0,1041.0,-4.6,-0.44,590,614190,1236.2,906.05
MAHLOG,MAHLOGEQN,386.8,385.1,385.1,-1.7,-0.44,5,1925,450.0,275.05
TEXMOPIPES,TEXMOPIPESEQN,57.45,57.2,57.2,-0.25,-0.44,379,21678,64.5,33.0
PARADEEP,PARADEEPEQN,146.84,146.2,146.2,-0.64,-0.44,4132,604098,201.99,99.7
GOLDIETF,GOLDIETFEQN,129.44,128.87,128.87,-0.57,-0.44,32362,4170490,158.0,91.62
KAMAHOLD,KAMAHOLDEQN,2249.9,2240.0,2240.0,-9.9,-0.44,5,11200,2783.9,2241.1
ORIENTCEM,ORIENTCEMEQN,121.64,121.1,121.1,-0.54,-0.44,450,54495,237.29,120.6
WINDMACHIN,WINDMACHINEQN,295.3,294.0,294.0,-1.3,-0.44,34,9996,343.9,200.65
TIPSMUSIC,TIPSMUSICEQN,654.55,651.6,651.6,-2.95,-0.45,27,17593,741.0,481.15
SKYGOLD,SKYGOLDEQN,792.6,789.0,789.0,-3.6,-0.45,1567,1236363,868.8,259.0
PRIVISCL,PRIVISCLEQN,3480.7,3465.0,3465.0,-15.7,-0.45,14,48510,3785.3,2326.1
DEN,DENEQN,26.42,26.3,26.3,-0.12,-0.45,229,6022,37.35,22.52
GOKEX,GOKEXEQN,725.35,722.05,722.05,-3.3,-0.45,609,439728,954.9,531.0
UNITECH,UNITECHEQN,4.46,4.44,4.44,-0.02,-0.45,21527,95579,7.93,3.1
SARTELE,SARTELESMN,73.8,73.45,73.45,-0.35,-0.47,1000,73450,264.85,73.4
AJANTPHARM,AJANTPHARMEQN,3508.9,3492.3,3492.3,-16.6,-0.47,24,83815,3796.0,2329.9
APLAPOLLO,APLAPOLLOEQN,2120.0,2110.0,2110.0,-10.0,-0.47,155,327050,2301.4,1653.3
PATELENG,PATELENGEQN,25.62,25.5,25.5,-0.12,-0.47,7555,192652,41.13,22.0
POKARNA,POKARNAEQN,750.5,747.0,747.0,-3.5,-0.47,22,16434,1146.2,692.6
COSMOFIRST,COSMOFIRSTEQN,878.05,873.95,873.95,-4.1,-0.47,23,20100,996.0,560.8
ASAL,ASALEQN,444.55,442.45,442.45,-2.1,-0.47,27,11946,654.65,374.5
JYOTICNC,JYOTICNCEQN,967.7,963.05,963.05,-4.65,-0.48,433,417000,1058.85,580.1
INFY,INFYEQN,1060.0,1054.9,1054.9,-5.1,-0.48,22259,23481019,1728.0,982.4
NACLIND,NACLINDEQN,151.18,150.45,150.45,-0.73,-0.48,470,70711,245.0,112.62
RICOAUTO,RICOAUTOEQN,125.86,125.25,125.25,-0.61,-0.48,1329,166457,157.99,78.92
KISSHT,KISSHTEQN,342.65,341.0,341.0,-1.65,-0.48,917,312697,351.5,190.0
IKS,IKSEQN,1752.0,1743.5,1743.5,-8.5,-0.49,82,142967,1933.0,1262.0
PVRINOX,PVRINOXEQN,1254.6,1248.5,1248.5,-6.1,-0.49,630,786555,1284.5,907.4
BIRLACORPN,BIRLACORPNEQN,803.9,800.0,800.0,-3.9,-0.49,114,91200,1346.1,769.6
NINSYS,NINSYSEQN,709.35,705.85,705.85,-3.5,-0.49,1,705,935.0,281.05
BAJAJCON,BAJAJCONEQN,498.05,495.6,495.6,-2.45,-0.49,102,50551,692.0,225.67
ANDHRAPAP,ANDHRAPAPEQN,73.32,72.96,72.96,-0.36,-0.49,200,14592,86.89,58.0
CHALET,CHALETEQN,844.1,840.0,840.0,-4.1,-0.49,84,70560,1070.1,691.35
MANORAMA,MANORAMAEQN,1916.4,1907.1,1907.1,-9.3,-0.49,363,692277,2149.5,1060.6
HONAUT,HONAUTEQN,33895.0,33730.0,33730.0,-165.0,-0.49,3,101190,41495.0,26220.0
PAKKA,PAKKAEQN,75.15,74.78,74.78,-0.37,-0.49,50,3739,178.84,69.1
SAKAR,SAKAREQN,1105.4,1100.0,1100.0,-5.4,-0.49,117,128700,1211.0,330.0
FSL,FSLEQN,277.75,276.4,276.4,-1.35,-0.49,6029,1666415,379.7,202.0
HDFCGOLD,HDFCGOLDEQN,129.11,128.48,128.48,-0.63,-0.49,5428,697389,152.3,93.55
KRITINUT,KRITINUTEQN,80.3,79.9,79.9,-0.4,-0.5,5,399,102.99,51.36
EIMCOELECO,EIMCOELECOEQN,2277.1,2265.7,2265.7,-11.4,-0.5,36,81565,2380.0,1405.5
ICICIBANK,ICICIBANKEQN,1358.8,1352.0,1352.0,-6.8,-0.5,27280,36882560,1480.0,1187.6
MFSL,MFSLEQN,1487.6,1480.1,1480.1,-7.5,-0.5,507,750410,1892.5,1423.6
RKDL,RKDLEQN,17.94,17.85,17.85,-0.09,-0.5,1,17,32.48,16.3
OMAXAUTO,OMAXAUTOEQN,167.1,166.27,166.27,-0.83,-0.5,1,166,263.4,84.5
NAVINFLUOR,NAVINFLUOREQN,8160.5,8120.0,8120.0,-40.5,-0.5,330,2679600,8949.5,4498.5
SGMART,SGMARTEQN,697.65,694.15,694.15,-3.5,-0.5,473,328332,860.6,313.1
ONEGLOBAL,ONEGLOBALEQN,524.75,522.15,522.15,-2.6,-0.5,2,1044,580.0,494.0
DEVYANI,DEVYANIEQN,136.69,136.0,136.0,-0.69,-0.5,763,103768,183.98,91.55
BETA,BETAEQN,2064.9,2054.6,2054.6,-10.3,-0.5,2,4109,2807.9,990.1
AONEGOLD,AONEGOLDEQN,14.1,14.03,14.03,-0.07,-0.5,181,2539,17.73,10.22
NFL,NFLEQN,66.29,65.96,65.96,-0.33,-0.5,3342,220438,100.3,63.35
BELRISE,BELRISEEQN,229.35,228.19,228.19,-1.16,-0.51,2721,620904,268.2,142.59
SHALPAINTS,SHALPAINTSBEN,81.92,81.5,81.5,-0.42,-0.51,61,4971,95.95,35.21
AKUMS,AKUMSEQN,772.0,768.1,768.1,-3.9,-0.51,161,123664,796.55,409.3
TIMETECHNO,TIMETECHNOEQN,173.53,172.65,172.65,-0.88,-0.51,494,85289,249.15,154.0
RVNL,RVNLEQN,197.5,196.5,196.5,-1.0,-0.51,19604,3852186,400.7,195.15
UTKARSHBNK,UTKARSHBNKEQN,13.82,13.75,13.75,-0.07,-0.51,60828,836385,22.03,10.12
ICICIAMC,ICICIAMCEQN,3086.3,3070.5,3070.5,-15.8,-0.51,158,485139,3611.0,2530.0
VIDYAWIRES,VIDYAWIRESEQN,84.93,84.5,84.5,-0.43,-0.51,1447,122271,117.35,42.51
JKLAKSHMI,JKLAKSHMIEQN,507.65,505.0,505.0,-2.65,-0.52,72,36360,927.75,495.2
CREDITACC,CREDITACCEQN,1416.5,1409.2,1409.2,-7.3,-0.52,511,720101,1634.0,1113.0
CCL,CCLEQN,1065.5,1060.0,1060.0,-5.5,-0.52,60,63600,1242.2,815.5
TATACHEM,TATACHEMEQN,731.8,728.0,728.0,-3.8,-0.52,26930,19605040,1026.65,580.3
GOLDBEES,GOLDBEESEQN,124.91,124.26,124.26,-0.65,-0.52,63946,7945929,148.14,90.45
JNKINDIA,JNKINDIAEQN,407.2,405.05,405.05,-2.15,-0.53,679,275028,558.0,200.92
COCHINSHIP,COCHINSHIPEQN,1319.0,1312.0,1312.0,-7.0,-0.53,3892,5106304,1979.9,1187.0
KFINTECH,KFINTECHEQN,889.0,884.3,884.3,-4.7,-0.53,524,463373,1215.0,784.95
VIMTALABS,VIMTALABSEQN,598.45,595.25,595.25,-3.2,-0.53,334,198813,851.0,376.05
UFLEX,UFLEXEQN,645.45,642.0,642.0,-3.45,-0.53,94,60348,723.5,330.0
BALRAMCHIN,BALRAMCHINEQN,682.6,679.0,679.0,-3.6,-0.53,707,480053,780.95,393.55
OIL,OILEQN,487.6,485.0,485.0,-2.6,-0.53,3882,1882770,531.0,393.0
BDL,BDLEQN,1136.0,1130.0,1130.0,-6.0,-0.53,3247,3669110,1654.0,1086.0
DMART,DMARTEQN,3720.0,3700.1,3700.1,-19.9,-0.53,709,2623370,4818.0,3529.0
LLOYDSENT,LLOYDSENTEQN,66.96,66.6,66.6,-0.36,-0.54,362,24109,84.7,40.69
INDOTECH,INDOTECHEQN,3373.3,3355.0,3355.0,-18.3,-0.54,32,107360,4030.0,1100.0
SHILPAMED,SHILPAMEDEQN,928.05,923.0,923.0,-5.05,-0.54,524,483652,980.1,259.5
CONCORDBIO,CONCORDBIOEQN,1453.8,1446.0,1446.0,-7.8,-0.54,207,299322,1704.0,987.0
OCCLLTD,OCCLLTDBEN,147.29,146.5,146.5,-0.79,-0.54,25,3662,183.03,75.71
SETFGOLD,SETFGOLDEQN,128.88,128.19,128.19,-0.69,-0.54,5025,644154,153.95,93.48
PERSISTENT,PERSISTENTEQN,5440.0,5410.0,5410.0,-30.0,-0.55,460,2488600,6599.0,4244.5
SCHNEIDER,SCHNEIDEREQN,1198.6,1192.0,1192.0,-6.6,-0.55,335,399320,1548.0,571.85
SHALBY,SHALBYEQN,135.74,135.0,135.0,-0.74,-0.55,563,76005,274.7,125.82
AUROPHARMA,AUROPHARMAEQN,1643.0,1634.0,1634.0,-9.0,-0.55,8798,14375932,1717.0,1066.8
HDFCBANK,HDFCBANKEQN,721.5,721.5,717.5,-4.0,-0.55,546986,0,1020.5,681.9
IPCALAB,IPCALABEQN,1950.7,1940.0,1940.0,-10.7,-0.55,81,157140,2001.5,1251.6
MPHASIS,MPHASISEQN,2316.7,2304.0,2304.0,-12.7,-0.55,502,1156608,3037.2,2013.0
GREENPLY,GREENPLYEQN,281.1,279.55,279.55,-1.55,-0.55,1618,452311,334.4,176.42
CRESTO,CRESTOEQN,16.34,16.25,16.25,-0.09,-0.55,8,130,28.45,14.35
ERIS,ERISEQN,1303.2,1296.0,1296.0,-7.2,-0.55,3,3888,1740.0,1200.0
SUNFLAG,SUNFLAGEQN,339.0,337.1,337.1,-1.9,-0.56,211,71128,428.0,192.15
SHAILY,SHAILYEQN,3097.3,3080.0,3080.0,-17.3,-0.56,770,2371600,3615.2,1770.9
KPIGREEN,KPIGREENEQN,276.35,274.8,274.8,-1.55,-0.56,1342,368781,542.25,271.9
AGARWALEYE,AGARWALEYEEQN,505.0,502.1,502.1,-2.9,-0.57,70,35147,568.0,401.0
REFEX,REFEXEQN,260.9,259.4,259.4,-1.5,-0.57,746,193512,415.0,188.0
VASCONEQ,VASCONEQEQN,29.57,29.4,29.4,-0.17,-0.57,3443,101224,74.59,26.75
POONAWALLA,POONAWALLAEQN,432.45,430.0,430.0,-2.45,-0.57,189,81270,570.4,361.2
TNPL,TNPLEQN,152.09,147.25,147.25,-0.84,-0.57,9628,1417723,175.75,121.51
UJJIVANSFB,UJJIVANSFBEQN,64.83,64.46,64.46,-0.37,-0.57,23830,1536081,73.94,43.85
DIFFNKG,DIFFNKGEQN,428.7,426.25,426.25,-2.45,-0.57,299,127448,519.9,216.8
KRN,KRNEQN,1438.3,1430.0,1430.0,-8.3,-0.58,4690,6706700,1687.0,589.8
NOCIL,NOCILEQN,181.95,180.9,180.9,-1.05,-0.58,204,36903,204.5,125.31
MGL,MGLEQN,1080.1,1073.8,1073.8,-6.3,-0.58,152,163217,1378.0,900.0
BBNPPGOLD,BBNPPGOLDEQN,146.4,145.55,145.55,-0.85,-0.58,10,1455,184.05,106.0
BANKBARODA,BANKBARODAEQN,234.98,233.6,233.6,-1.38,-0.59,9869,2305398,325.5,232.33
INDIGOPNTS,INDIGOPNTSEQN,1081.6,1075.2,1075.2,-6.4,-0.59,8,8601,1345.9,708.05
CARERATING,CARERATINGEQN,1652.5,1642.7,1642.7,-9.8,-0.59,95,156056,1838.0,1392.7
SEPC,SEPCEQN,5.11,5.08,5.08,-0.03,-0.59,20519,104236,13.73,4.65
HDBFS,HDBFSEQN,678.0,674.0,674.0,-4.0,-0.59,309,208266,801.1,555.3
BIRLAMONEY,BIRLAMONEYEQN,117.93,117.22,117.22,-0.71,-0.6,19,2227,185.5,95.0
UGROCAP,UGROCAPEQN,83.5,83.0,83.0,-0.5,-0.6,75,6225,192.5,80.12
GAJA,GAJAEQN,138.83,138.0,138.0,-0.83,-0.6,2024,279312,191.65,137.5
EUREKAFORB,EUREKAFORBEQN,394.15,391.75,391.75,-2.4,-0.61,94,36824,668.3,385.0
WELSPUNLIV,WELSPUNLIVEQN,202.82,201.59,201.59,-1.23,-0.61,4931,994040,216.0,107.1
SKFINDUS,SKFINDUSEQN,2943.0,2925.0,2925.0,-18.0,-0.61,7,20475,3131.0,1994.1
CNL,CNLEQN,1065.5,1059.0,1059.0,-6.5,-0.61,100,105900,1328.0,525.0
PTCIL,PTCILEQN,22500.0,22360.0,22360.0,-140.0,-0.62,20,447200,24125.0,14461.0
AARTIIND,AARTIINDEQN,472.85,469.9,469.9,-2.95,-0.62,593,278650,551.75,338.05
MSUMI,MSUMIEQN,35.47,35.25,35.25,-0.22,-0.62,33662,1186585,53.59,34.76
TTML,TTMLEQN,35.22,35.0,35.0,-0.22,-0.62,14430,505050,60.62,31.22
AMBIKCO,AMBIKCOEQN,1564.9,1555.0,1555.0,-9.9,-0.63,13,20215,1931.0,1101.0
SAREGAMA,SAREGAMAEQN,486.55,483.5,483.5,-3.05,-0.63,306,147951,574.5,307.05
GROWWSLVR,GROWWSLVREQN,22.38,22.24,22.24,-0.14,-0.63,22,489,36.3,12.47
CCHHL,CCHHLEQN,12.5,12.42,12.42,-0.08,-0.64,2,24,18.0,10.03
INOXGREEN,INOXGREENEQN,173.11,172.0,172.0,-1.11,-0.64,352,60544,279.0,132.58
PGHL,PGHLEQN,5460.0,5425.0,5425.0,-35.0,-0.64,7,37975,6975.0,4707.0
HAPPSTMNDS,HAPPSTMNDSEQN,327.45,325.35,325.35,-2.1,-0.64,1910,621418,583.4,322.85
ORICONENT,ORICONENTEQN,51.38,51.05,51.05,-0.33,-0.64,7,357,73.12,48.81
BALAJITELE,BALAJITELEEQN,92.1,91.51,91.51,-0.59,-0.64,1155,105694,141.32,69.52
GANDHAR,GANDHAREQN,258.95,257.3,257.3,-1.65,-0.64,1846,474975,303.17,115.0
NUCLEUS,NUCLEUSEQN,692.45,688.0,688.0,-4.45,-0.64,10,6880,1084.8,682.0
RAJMET,RAJMETEQN,3.13,3.11,3.11,-0.02,-0.64,11495,35749,5.28,2.72
SAKUMA,SAKUMAEQN,1.56,1.55,1.55,-0.01,-0.64,5892,9132,3.1,1.1
NAVKARCORP,NAVKARCORPEQN,85.56,85.0,85.0,-0.56,-0.65,7109,604265,132.0,74.05
SUPRAJIT,SUPRAJITEQN,488.15,485.0,485.0,-3.15,-0.65,205,99425,559.25,389.95
RAMCOSYS,RAMCOSYSEQN,558.65,555.0,555.0,-3.65,-0.65,107,59385,967.5,342.1
CUBEXTUB,CUBEXTUBEQN,75.09,74.6,74.6,-0.49,-0.65,308,22976,143.69,73.1
MUKANDLTD,MUKANDLTDEQN,134.89,134.01,134.01,-0.88,-0.65,14,1876,154.25,114.31
VIRINCHI,VIRINCHIEQN,13.95,13.86,13.86,-0.09,-0.65,200,2772,32.69,13.6
GODIGIT,GODIGITEQN,250.9,249.25,249.25,-1.65,-0.66,248,61814,381.4,244.2
GODREJAGRO,GODREJAGROEQN,647.35,643.05,643.05,-4.3,-0.66,99,63661,740.0,506.1
TRANSPEK,TRANSPEKBEN,1359.9,1350.9,1350.9,-9.0,-0.66,35,47281,1475.0,952.3
OPTIEMUS,OPTIEMUSEQN,592.85,588.9,588.9,-3.95,-0.67,460,270894,713.0,288.0
BALMLAWRIE,BALMLAWRIEEQN,162.1,161.02,161.02,-1.08,-0.67,200,32204,226.87,148.36
TI,TIEQN,526.55,523.0,523.0,-3.55,-0.67,1654,865042,594.55,381.55
VHLTD,VHLTDBEN,126.85,126.0,126.0,-0.85,-0.67,246,30996,145.2,104.25
GOACARBON,GOACARBONEQN,390.6,388.0,388.0,-2.6,-0.67,10,3880,494.9,272.85
EMPIND,EMPINDEQN,1026.9,1020.0,1020.0,-6.9,-0.67,50,51000,1248.0,1002.1
ASTRAMICRO,ASTRAMICROEQN,1621.9,1611.0,1611.0,-10.9,-0.67,676,1089036,1960.0,851.0
UNIONBANK,UNIONBANKEQN,178.2,177.0,177.0,-1.2,-0.67,6952,1230504,205.49,133.0
PATANJALI,PATANJALIEQN,365.0,362.55,362.55,-2.45,-0.67,33928,12300596,614.9,328.2
NTPCGREEN,NTPCGREENEQN,87.59,87.0,87.0,-0.59,-0.67,3632,315984,119.95,84.0
PRABHA,PRABHAEQN,226.58,225.03,225.03,-1.55,-0.68,859,193300,262.8,137.91
UNITDSPR,UNITDSPREQN,1389.5,1380.1,1380.1,-9.4,-0.68,303,418170,1563.4,1210.8
LODHA,LODHAEQN,1087.4,1080.0,1080.0,-7.4,-0.68,1072,1157760,1344.95,650.8
JAICORPLTD,JAICORPLTDEQN,92.63,92.0,92.0,-0.63,-0.68,296,27232,173.4,88.0
WIPRO,WIPROEQN,166.89,165.75,165.75,-1.14,-0.68,47068,7801521,273.1,165.16
AUBANK,AUBANKEQN,1033.2,1026.2,1026.2,-7.0,-0.68,556,570567,1144.1,698.3
JSWDULUX,JSWDULUXEQN,3082.0,3061.0,3061.0,-21.0,-0.68,52,159172,3745.0,2658.7
MOBIKWIK,MOBIKWIKEQN,198.37,197.0,197.0,-1.37,-0.69,5378,1059466,324.75,151.46
ESTER,ESTEREQN,86.24,85.4,85.4,-0.59,-0.69,197,16823,132.45,68.55
ESILVER,ESILVEREQN,228.89,227.3,227.3,-1.59,-0.69,1,227,375.0,126.0
QUESS,QUESSEQN,342.4,340.0,340.0,-2.4,-0.7,501,170340,388.75,166.3
AFCONS,AFCONSEQN,258.4,256.6,256.6,-1.8,-0.7,3071,788018,479.4,225.35
PAISALO,PAISALOEQN,84.59,84.0,84.0,-0.59,-0.7,27758,2331672,85.6,30.0
BAJAJELEC,BAJAJELECEQN,322.55,320.25,320.25,-2.3,-0.71,428,137067,653.8,301.0
NAUKRI,NAUKRIEQN,1256.0,1247.0,1247.0,-9.0,-0.72,1191,1485177,1433.6,908.3
ONGC,ONGCEQN,236.8,235.1,235.1,-1.7,-0.72,31408,7384020,307.5,227.65
NRL,NRLBEN,133.98,133.0,133.0,-0.98,-0.73,110,14630,139.0,45.1
DTIL,DTILBEN,137.0,136.0,136.0,-1.0,-0.73,1,136,193.79,102.0
AKASH,AKASHEQN,24.18,24.0,24.0,-0.18,-0.74,1,24,36.0,22.8
INNOVACAP,INNOVACAPEQN,1133.4,1125.0,1125.0,-8.4,-0.74,26,29250,1236.1,622.0
PAUSHAKLTD,PAUSHAKLTDEQN,715.35,710.05,710.05,-5.3,-0.74,204,144850,826.75,342.5
GOLDETF,GOLDETFEQN,146.81,145.72,145.72,-1.09,-0.74,414,60328,173.5,106.34
M&M,M&MEQN,3070.0,3047.0,3047.0,-23.0,-0.75,8772,26728284,3839.9,2896.0
GUJALKALI,GUJALKALIEQN,696.5,691.25,691.25,-5.25,-0.75,481,332491,815.0,409.15
SANGAMIND,SANGAMINDEQN,566.55,562.3,562.3,-4.25,-0.75,101,56792,672.5,391.2
GOLDADD,GOLDADDEQN,14.69,14.58,14.58,-0.11,-0.75,1404,20470,18.1,10.64
THELEELA,THELEELAEQN,524.2,520.2,520.2,-4.0,-0.76,105,54621,582.85,384.5
AADHARHFC,AADHARHFCEQN,458.7,455.2,455.2,-3.5,-0.76,38,17297,563.0,430.15
RISHABH,RISHABHEQN,758.55,752.8,752.8,-5.75,-0.76,690,519432,852.0,315.0
DOLPHIN,DOLPHINEQN,635.1,630.25,630.25,-4.85,-0.76,10,6302,741.4,322.0
GOLDCASE,GOLDCASEEQN,23.78,23.6,23.6,-0.18,-0.76,127540,3009944,27.94,16.82
TVSSRICHAK,TVSSRICHAKEQN,4685.5,4650.0,4650.0,-35.5,-0.76,54,251100,5760.0,2891.3
SILVER,SILVEREQN,228.18,226.44,226.44,-1.74,-0.76,635,143789,371.89,126.55
DENORA,DENORAEQN,788.1,782.0,782.0,-6.1,-0.77,10,7820,960.35,559.0
SILVERBETA,SILVERBETAEQN,220.69,219.0,219.0,-1.69,-0.77,75,16425,379.66,122.79
INDNIPPON,INDNIPPONEQN,1240.5,1231.0,1231.0,-9.5,-0.77,31,38161,1564.0,675.0
SUPREMEINF,SUPREMEINFEQN,79.66,79.05,79.05,-0.61,-0.77,7,553,113.0,58.11
SONACOMS,SONACOMSEQN,768.0,762.0,762.0,-6.0,-0.78,10434,7950708,844.0,402.3
AAVAS,AAVASEQN,1282.5,1272.5,1272.5,-10.0,-0.78,148,188330,1771.9,1060.4
VEDL,VEDLEQN,256.0,254.0,254.0,-2.0,-0.78,32934,8365236,795.0,249.7
CPPLUS,CPPLUSEQN,3547.7,3520.0,3520.0,-27.7,-0.78,240,844800,4094.0,1227.0
MOSILVER,MOSILVEREQN,225.55,223.8,223.8,-1.75,-0.78,28,6266,385.0,125.25
REPCOHOME,REPCOHOMEEQN,346.7,344.0,344.0,-2.7,-0.78,320,110080,455.9,333.6
SILVERCASE,SILVERCASEEQN,23.16,22.98,22.98,-0.18,-0.78,42151,968629,38.01,12.62
HUBTOWN,HUBTOWNEQN,176.39,175.0,175.0,-1.39,-0.79,1419,248325,339.0,168.15
BVCL,BVCLEQN,40.71,40.39,40.39,-0.32,-0.79,259,10461,56.99,31.2
SARVESHWAR,SARVESHWAREQN,3.79,3.76,3.76,-0.03,-0.79,11473,43138,8.25,2.5
SILVERAG,SILVERAGEQN,222.76,221.0,221.0,-1.76,-0.79,2,442,380.0,123.3
JUSTDIAL,JUSTDIALEQN,673.7,668.35,668.35,-5.35,-0.79,168,112282,878.6,480.5
EXXARO,EXXAROEQN,6.25,6.2,6.2,-0.05,-0.8,1140,7068,10.33,5.99
LXCHEM,LXCHEMEQN,171.73,170.35,170.35,-1.38,-0.8,1887,321450,225.25,107.6
DALBHARAT,DALBHARATEQN,1693.6,1680.1,1680.1,-13.5,-0.8,381,640118,2496.3,1605.0
KAPSTON,KAPSTONEQN,577.15,572.5,572.5,-4.65,-0.81,200,114500,600.0,161.47
TCS,TCSEQN,2188.8,2171.0,2171.0,-17.8,-0.81,12223,26536133,3350.0,1976.8
SMARTWORKS,SMARTWORKSEQN,520.2,516.0,516.0,-4.2,-0.81,45,23220,619.0,361.5
CCCL,CCCLEQN,13.61,13.5,13.5,-0.11,-0.81,21,283,28.87,12.76
RATEGAIN,RATEGAINEQN,860.95,853.95,853.95,-7.0,-0.81,71,60630,1050.0,437.0
HINDZINC,HINDZINCEQN,567.5,562.9,562.9,-4.6,-0.81,9982,5618867,733.0,445.6
TATAGOLD,TATAGOLDEQN,14.68,14.56,14.56,-0.12,-0.82,343855,5006528,17.7,10.33
SILVERIETF,SILVERIETFEQN,228.08,226.2,226.2,-1.88,-0.82,1568,354681,373.5,125.61
TECHM,TECHMEQN,1558.0,1545.1,1545.1,-12.9,-0.83,1263,1951461,1854.0,1304.1
LUMAXIND,LUMAXINDEQN,5760.5,5712.0,5712.0,-48.5,-0.84,38,217056,6934.5,4150.1
HOMEFIRST,HOMEFIRSTEQN,1175.9,1166.0,1166.0,-9.9,-0.84,107,124762,1317.7,893.7
SILVERAXIS,SILVERAXISEQN,227.04,225.1,225.1,-1.94,-0.85,291,65504,390.01,125.7
SPARC,SPARCEQN,185.59,184.0,184.0,-1.59,-0.86,5840,1074560,289.0,108.0
ASIANTILES,ASIANTILESEQN,49.93,49.5,49.5,-0.43,-0.86,151,7474,79.06,42.5
UDS,UDSEQN,190.6,188.97,188.97,-1.63,-0.86,580,109602,264.67,125.1
JAYBARMARU,JAYBARMARUEQN,113.02,112.05,112.05,-0.97,-0.86,1911,214127,207.0,74.15
TATAINVEST,TATAINVESTEQN,681.95,676.1,676.1,-5.85,-0.86,7468,5049114,1184.7,538.85
HCLTECH,HCLTECHEQN,1253.0,1242.2,1242.2,-10.8,-0.86,2066,2566385,1780.1,1030.0
LANDMARK,LANDMARKEQN,476.6,470.95,470.95,-4.15,-0.87,1240,583978,662.8,339.5
BIRLAPREC,BIRLAPRECBEN,58.47,57.96,57.96,-0.51,-0.87,611,35413,63.49,32.25
ALICON,ALICONEQN,688.35,682.3,682.3,-6.05,-0.88,1,682,1022.0,580.0
DCBBANK,DCBBANKEQN,219.94,218.0,218.0,-1.94,-0.88,1114,242852,234.8,122.4
VIPIND,VIPINDEQN,297.65,295.0,295.0,-2.65,-0.89,226,66670,454.3,278.25
EMBDL,EMBDLEQN,53.68,53.2,53.2,-0.48,-0.89,5017,266904,105.7,39.46
MOL,MOLEQN,58.5,57.98,57.98,-0.52,-0.89,3567,206814,87.75,36.5
ASTRAL,ASTRALEQN,1382.5,1370.1,1370.1,-12.4,-0.9,316,432951,1768.7,1311.6
LLOYDSENGG,LLOYDSENGGEQN,80.02,79.3,79.3,-0.72,-0.9,2409,191033,99.75,37.4
SILVER1,SILVER1EQN,22.2,22.0,22.0,-0.2,-0.9,4894,107668,38.8,12.24
RUDRA,RUDRAEQN,20.08,19.9,19.9,-0.18,-0.9,4,79,29.7,14.63
MMWL,MMWLEQN,13.12,13.0,13.0,-0.12,-0.91,187,2431,16.57,9.02
HDFCSILVER,HDFCSILVEREQN,218.6,216.61,216.61,-1.99,-0.91,423,91626,359.0,121.25
HGS,HGSEQN,386.05,382.5,382.5,-3.55,-0.92,16,6120,545.0,342.05
SBISILVER,SBISILVEREQN,224.07,222.0,222.0,-2.07,-0.92,742,164724,362.0,124.0
KERNEX,KERNEXEQN,1648.3,1633.0,1633.0,-15.3,-0.93,938,1531754,2580.0,850.0
ARTNIRMAN,ARTNIRMANEQN,39.97,39.6,39.6,-0.37,-0.93,1,39,66.97,29.39
DIGITIDE,DIGITIDEEQN,86.25,85.45,85.45,-0.8,-0.93,5,427,196.12,69.9
WANBURY,WANBURYEQN,222.6,220.5,220.5,-2.1,-0.94,75,16537,358.85,161.5
EMKAY,EMKAYEQN,242.3,240.0,240.0,-2.3,-0.95,2,480,409.9,186.0
ALLDIGI,ALLDIGIEQN,792.5,785.0,785.0,-7.5,-0.95,28,21980,1000.0,700.0
MANAKSIA,MANAKSIAEQN,64.41,63.8,63.8,-0.61,-0.95,1,63,73.4,42.1
TATSILV,TATSILVEQN,22.2,21.99,21.99,-0.21,-0.95,73231,1610349,35.1,11.63
RMDRIP,RMDRIPBEN,23.23,23.01,23.01,-0.22,-0.95,1086,24988,72.22,14.81
OMINFRAL,OMINFRALEQN,80.42,79.65,79.65,-0.77,-0.96,1853,147591,144.0,71.5
NORTHARC,NORTHARCEQN,295.9,293.05,293.05,-2.85,-0.96,1297,380085,334.0,206.0
JAMNAAUTO,JAMNAAUTOEQN,128.55,127.31,127.31,-1.24,-0.96,1486,189182,152.6,89.74
GOODLUCK,GOODLUCKEQN,510.3,505.4,505.4,-4.9,-0.96,586,296164,557.37,305.0
BLACKROSE,BLACKROSEBEN,106.56,105.54,105.54,-1.02,-0.96,25,2638,129.9,80.05
HIKAL,HIKALEQN,224.38,222.23,222.23,-2.15,-0.96,1325,294454,282.7,146.25
63MOONS,63MOONSEQN,848.15,840.05,840.05,-8.1,-0.96,370,310818,966.0,467.0
EMCURE,EMCUREEQN,1931.9,1913.2,1913.2,-18.7,-0.97,318,608397,2048.0,1260.0
JINDALPHOT,JINDALPHOTEQN,1125.6,1114.7,1114.7,-10.9,-0.97,22,24523,1616.6,971.1
MANAKCOAT,MANAKCOATEQN,125.96,124.71,124.71,-1.25,-0.99,405,50507,182.82,94.2
VAML,VAMLEQN,409.3,405.25,405.25,-4.05,-0.99,12836,5201789,537.0,401.15
DHOOTTRANS,DHOOTTRANSEQN,1590.9,1575.1,1575.1,-15.8,-0.99,5493,8652024,1735.3,1131.0
EUROBOND,EUROBONDEQN,149.84,148.34,148.34,-1.5,-1.0,1,148,234.8,126.3
RGL,RGLEQN,149.5,148.0,148.0,-1.5,-1.0,5053,747844,163.45,85.0
PRSMJOHNSN,PRSMJOHNSNEQN,114.54,113.4,113.4,-1.14,-1.0,1810,205254,176.0,97.1
SUNDRMFAST,SUNDRMFASTEQN,1219.9,1207.7,1207.7,-12.2,-1.0,87,105069,1347.2,730.1
HATHWAY,HATHWAYEQN,10.0,9.9,9.9,-0.1,-1.0,18992,188020,15.25,8.76
INDIASHLTR,INDIASHLTREQN,661.6,655.0,655.0,-6.6,-1.0,9,5895,924.0,620.15
NGLFINE,NGLFINEEQN,2673.8,2647.1,2647.1,-26.7,-1.0,5,13235,3602.0,1271.0
GRWRHITECH,GRWRHITECHEQN,6431.0,6365.0,6365.0,-66.0,-1.03,252,1603980,7990.0,2690.7
SURAKSHA,SURAKSHAEQN,326.8,323.4,323.4,-3.4,-1.04,83,26842,349.0,224.1
UNIECOM,UNIECOMEQN,80.94,80.1,80.1,-0.84,-1.04,859,68805,152.98,78.51
FCL,FCLEQN,53.07,52.52,52.52,-0.55,-1.04,39718,2085989,62.4,19.1
GENCON,GENCONEQN,39.02,38.61,38.61,-0.41,-1.05,1,38,59.96,36.35
PNBHOUSING,PNBHOUSINGEQN,1134.0,1122.1,1122.1,-11.9,-1.05,389,436496,1211.5,729.6
TEGA,TEGAEQN,1717.1,1699.1,1699.1,-18.0,-1.05,137,232776,2125.0,1473.0
TIMKEN,TIMKENEQN,3238.6,3204.4,3204.4,-34.2,-1.06,22,70496,3925.0,2800.5
BAJEL,BAJELEQN,169.16,167.35,167.35,-1.81,-1.07,293,49033,226.69,135.1
NILAINFRA,NILAINFRAEQN,6.57,6.5,6.5,-0.07,-1.07,1504,9776,11.55,5.9
GPTINFRA,GPTINFRAEQN,111.0,109.8,109.8,-1.2,-1.08,330,36234,150.0,96.22
CYIENTDLM,CYIENTDLMEQN,867.4,858.05,858.05,-9.35,-1.08,1430,1227011,1009.0,265.2
SCILAL,SCILALEQN,37.91,37.5,37.5,-0.41,-1.08,605,22687,55.0,34.3
INDOKEM,INDOKEMEQN,606.55,600.0,600.0,-6.55,-1.08,1,600,657.0,555.0
PNGSREVA,PNGSREVAEQN,496.95,491.6,491.6,-5.35,-1.08,857,421301,644.0,324.25
GOKULAGRO,GOKULAGROEQN,218.43,216.05,216.05,-2.38,-1.09,3262,704755,259.8,151.0
ORIENTBELL,ORIENTBELLEQN,384.2,380.0,380.0,-4.2,-1.09,1,380,434.95,246.55
GODREJIND,GODREJINDEQN,1136.5,1124.0,1124.0,-12.5,-1.1,269,302356,1443.0,744.2
SERVOTECH,SERVOTECHEQN,73.24,72.43,72.43,-0.81,-1.11,5061,366568,141.5,57.51
JUBLINGREA,JUBLINGREAEQN,631.95,624.9,624.9,-7.05,-1.12,713,445553,795.0,537.3
ATHERENERG,ATHERENERGEQN,1567.5,1550.0,1550.0,-17.5,-1.12,4431,6868050,1744.0,534.5
KAVDEFENCE,KAVDEFENCEEQN,73.43,72.61,72.61,-0.82,-1.12,5113,371254,162.87,51.51
SILVERBEES,SILVERBEESEQN,218.46,216.01,216.01,-2.45,-1.12,22119,4777925,360.0,121.01
PERNIASPOP,PERNIASPOPEQN,545.1,539.0,539.0,-6.1,-1.12,116,62524,588.9,511.5
NAGREEKEXP,NAGREEKEXPEQN,21.25,21.01,21.01,-0.24,-1.13,27,567,40.0,17.5
BHARATSE,BHARATSEEQN,205.26,202.95,202.95,-2.31,-1.13,1055,214112,263.18,133.6
STYLAMIND,STYLAMINDEQN,3188.1,3152.2,3152.2,-35.9,-1.13,46,145001,4150.0,1621.0
AJAXENGG,AJAXENGGEQN,566.55,560.1,560.1,-6.45,-1.14,72,40327,697.55,394.8
WESTLIFE,WESTLIFEEQN,550.45,544.15,544.15,-6.3,-1.14,603,328122,763.8,398.4
MOMSBELIEF,MOMSBELIEFBEN,224.3,221.75,221.75,-2.55,-1.14,66,14635,239.0,208.03
INNOVISION,INNOVISIONEQN,255.45,252.5,252.5,-2.95,-1.15,54,13635,470.0,246.2
PSPPROJECT,PSPPROJECTEQN,813.75,804.4,804.4,-9.35,-1.15,13,10457,1143.0,569.2
KRITIKA,KRITIKAEQN,5.17,5.11,5.11,-0.06,-1.16,1545,7894,9.55,4.5
BLAL,BLALEQN,161.99,160.11,160.11,-1.88,-1.16,5,800,228.42,155.5
MOLDTECH,MOLDTECHBEN,187.18,185.0,185.0,-2.18,-1.16,275,50875,227.0,101.1
SILINV,SILINVEQN,440.1,435.0,435.0,-5.1,-1.16,12,5220,767.0,380.0
RKSWAMY,RKSWAMYEQN,88.33,87.3,87.3,-1.03,-1.17,20,1746,163.89,67.15
ACMESOLAR,ACMESOLAREQN,418.0,413.05,413.05,-4.95,-1.18,8211,3391553,430.5,195.9
SHOPERSTOP,SHOPERSTOPEQN,395.3,390.65,390.65,-4.65,-1.18,44,17188,572.0,275.95
STOVEKRAFT,STOVEKRAFTEQN,828.55,818.8,818.8,-9.75,-1.18,2,1637,877.0,447.05
AURUM,AURUMEQN,219.81,217.2,217.2,-2.61,-1.19,22,4778,264.64,151.9
BHARATWIRE,BHARATWIREEQN,167.69,165.69,165.69,-2.0,-1.19,512,84833,262.0,148.01
TCPLPACK,TCPLPACKEQN,3863.0,3817.0,3817.0,-46.0,-1.19,3,11451,4410.9,2200.0
PARAS,PARASEQN,1318.8,1303.0,1303.0,-15.8,-1.2,2535,3303105,1585.0,580.5
WONDERLA,WONDERLAEQN,517.6,511.4,511.4,-6.2,-1.2,65,33241,645.95,455.0
MITCON,MITCONEQN,80.26,79.3,79.3,-0.96,-1.2,15,1189,91.7,49.56
EXCELSOFT,EXCELSOFTEQN,80.17,79.21,79.21,-0.96,-1.2,3520,278819,142.59,66.4
AARTIDRUGS,AARTIDRUGSEQN,424.3,419.2,419.2,-5.1,-1.2,156,65395,534.55,318.95
LOTUSDEV,LOTUSDEVBEN,216.4,213.8,213.8,-2.6,-1.2,6282,1343091,220.4,102.2
GRMOVER,GRMOVEREQN,82.02,81.03,81.03,-0.99,-1.21,213,17259,185.45,79.34
EMPOWER,EMPOWEREQN,2.48,2.45,2.45,-0.03,-1.21,1719197,4212032,2.82,1.3
SHANTIINOR,SHANTIINORSTN,185.35,183.1,183.1,-2.25,-1.21,4800,878880,195.0,150.0
STALLION,STALLIONBEN,212.79,210.2,210.2,-2.59,-1.22,340,71468,359.15,99.32
ARVEE,ARVEEEQN,168.27,166.2,166.2,-2.07,-1.23,27,4487,290.78,129.11
BORORENEW,BORORENEWEQN,446.0,440.45,440.45,-5.55,-1.24,9937,4376751,721.0,374.4
AAKASH,AAKASHEQN,8.82,8.71,8.71,-0.11,-1.25,2387,20790,13.4,7.21
SHINDL,SHINDLEQN,163.05,161.02,161.02,-2.03,-1.25,9,1449,179.99,130.6
SURANAT&P,SURANAT&PEQN,15.86,15.66,15.66,-0.2,-1.26,41,642,24.98,15.5
ESAFSFB,ESAFSFBBEN,38.96,38.47,38.47,-0.49,-1.26,3470,133490,44.99,19.78
CRAFTSMAN,CRAFTSMANEQN,11040.0,10900.0,10900.0,-140.0,-1.27,70,763000,11999.0,6324.0
RSWM,RSWMBEN,210.67,208.0,208.0,-2.67,-1.27,14,2912,238.0,120.0
UFBL,UFBLBEN,708.0,699.0,699.0,-9.0,-1.27,245,171255,850.0,172.34
BOROSCI,BOROSCIEQN,118.52,117.0,117.0,-1.52,-1.28,191,22347,180.8,96.64
SATIN,SATINEQN,217.88,215.1,215.1,-2.78,-1.28,865,186061,274.14,135.81
OSWALAGRO,OSWALAGROEQN,33.43,33.0,33.0,-0.43,-1.29,9,297,81.0,32.36
RESPONIND,RESPONINDEQN,161.57,159.47,159.47,-2.1,-1.3,1297,206832,240.9,117.25
FMGOETZE,FMGOETZEEQN,446.8,441.0,441.0,-5.8,-1.3,482,212562,641.1,358.0
ARSHIYA,ARSHIYABZN,0.77,0.76,0.76,-0.01,-1.3,320,243,2.17,0.68
TECHNOCRAF,TECHNOCRAFEQN,439.4,433.7,433.7,-5.7,-1.3,7702,3340357,459.8,284.0
SUVEN,SUVENEQN,336.45,332.0,332.0,-4.45,-1.32,1720,571040,403.35,124.11
VISHWARAJ,VISHWARAJEQN,5.31,5.24,5.24,-0.07,-1.32,974,5103,9.32,4.14
EVERESTIND,EVERESTINDBEN,401.35,396.0,396.0,-5.35,-1.33,2,792,750.0,284.9
SANATHAN,SANATHANEQN,454.05,448.0,448.0,-6.05,-1.33,177,79296,546.2,352.6
TIPSFILMS,TIPSFILMSEQN,315.2,311.0,311.0,-4.2,-1.33,25,7775,479.25,276.75
ARFIN,ARFINEQN,82.68,81.57,81.57,-1.11,-1.34,113,9217,106.2,41.79
MANGALAM,MANGALAMEQN,31.98,31.55,31.55,-0.43,-1.34,800,25240,77.6,22.8
BEEKAY,BEEKAYEQN,431.8,426.0,426.0,-5.8,-1.34,21,8946,471.85,355.05
SOTL,SOTLEQN,694.4,685.0,685.0,-9.4,-1.35,2000,1370000,850.1,285.8
VERANDA,VERANDAEQN,217.97,215.0,215.0,-2.97,-1.36,3022,649730,272.5,130.02
STEELXIND,STEELXINDEQN,11.07,10.92,10.92,-0.15,-1.36,66942,731006,13.95,7.0
GULFPETRO,GULFPETROBEN,61.1,60.25,60.25,-0.85,-1.39,3,180,71.4,23.25
MANINFRA,MANINFRAEQN,124.23,122.5,122.5,-1.73,-1.39,28154,3448865,160.39,77.12
LOTUSEYE,LOTUSEYEEQN,114.94,113.3,113.3,-1.64,-1.43,1,113,147.0,97.59
HESTERBIO,HESTERBIOEQN,2207.7,2176.0,2176.0,-31.7,-1.44,2,4352,2683.6,1239.3
CENTRUM,CENTRUMEQN,21.52,21.21,21.21,-0.31,-1.44,3914,83015,38.5,19.66
PREMIERENE,PREMIERENEEQN,899.0,885.9,885.9,-13.1,-1.46,13911,12323754,1134.0,660.0
PNCINFRA,PNCINFRAEQN,134.44,132.48,132.48,-1.96,-1.46,21729,2878657,325.0,116.4
SKIPPER,SKIPPEREQN,522.65,515.0,515.0,-7.65,-1.46,19600,10094000,616.8,327.05
KRONOX,KRONOXBEN,171.53,169.02,169.02,-2.51,-1.46,100,16902,223.42,96.0
VLEGOV,VLEGOVEQN,10.21,10.06,10.06,-0.15,-1.47,32,321,36.63,8.42
BRNL,BRNLEQN,16.24,16.0,16.0,-0.24,-1.48,501,8016,26.5,16.05
GLOTTIS,GLOTTISEQN,58.01,57.15,57.15,-0.86,-1.48,214,12230,93.0,37.0
MOTISONS,MOTISONSEQN,16.62,16.37,16.37,-0.25,-1.5,175360,2870643,20.45,10.62
BLUESTONE,BLUESTONEEQN,856.0,843.15,843.15,-12.85,-1.5,1857,1565729,926.0,399.8
SIL,SILEQN,16.52,16.27,16.27,-0.25,-1.51,120,1952,22.3,11.7
BALAJEE,BALAJEEEQN,24.43,24.06,24.06,-0.37,-1.51,223,5365,54.48,21.1
JINDALPOLY,JINDALPOLYEQN,742.4,731.15,731.15,-11.25,-1.52,212,155003,1026.45,365.0
ATLANTAA,ATLANTAAEQN,36.46,35.9,35.9,-0.56,-1.54,25,897,73.39,31.52
BMWVENTLTD,BMWVENTLTDEQN,51.8,51.0,51.0,-0.8,-1.54,2101,107151,78.0,48.0
AGSTRA,AGSTRABZN,1.93,1.9,1.9,-0.03,-1.55,17,32,5.44,1.85
FINEORG,FINEORGEQN,5193.0,5111.0,5111.0,-82.0,-1.58,120,613320,5407.0,3856.0
PIRAMALFIN,PIRAMALFINEQN,2201.1,2166.0,2166.0,-35.1,-1.59,2194,4752204,2326.4,1260.0
KECL,KECLEQN,120.02,118.11,118.11,-1.91,-1.59,1000,118110,155.0,75.47
MAHAPEXLTD,MAHAPEXLTDEQN,54.88,54.0,54.0,-0.88,-1.6,10,540,75.64,37.32
ORBTEXP,ORBTEXPBEN,224.59,221.0,221.0,-3.59,-1.6,100,22100,278.61,135.0
SETUINFRA,SETUINFRABZN,0.62,0.61,0.61,-0.01,-1.61,11050,6740,0.71,0.37
CREATIVEYE,CREATIVEYEEQN,5.59,5.5,5.5,-0.09,-1.61,71,390,8.83,5.16
OSELDEVICE,OSELDEVICESMN,363.35,357.5,357.5,-5.85,-1.61,400,143000,835.0,350.55
GRINFRA,GRINFRAEQN,819.05,805.9,805.9,-13.15,-1.61,575,463392,1345.0,785.0
TEXINFRA,TEXINFRAEQN,116.25,114.36,114.36,-1.89,-1.63,31,3545,121.8,82.5
RUSHIL,RUSHILEQN,15.33,15.08,15.08,-0.25,-1.63,2500,37700,33.99,12.49
BESTAGRO,BESTAGROEQN,18.44,18.13,18.13,-0.31,-1.68,2720,49313,34.4,12.3
AHCL,AHCLEQN,20.04,19.7,19.7,-0.34,-1.7,104548,2059595,22.94,10.37
SCHAND,SCHANDEQN,133.28,131.02,131.02,-2.26,-1.7,75,9826,200.0,127.73
GRANDOAK,GRANDOAKEQN,34.08,33.5,33.5,-0.58,-1.7,5,167,55.76,24.0
ABAN,ABANBEN,14.6,14.35,14.35,-0.25,-1.71,70,1004,45.62,12.89
TERASOFT,TERASOFTEQN,234.25,230.25,230.25,-4.0,-1.71,3,690,598.0,230.0
MTEDUCARE,MTEDUCAREBEN,1.74,1.71,1.71,-0.03,-1.72,121,206,2.53,1.17
RNBDENIMS,RNBDENIMSBEN,9.31,9.15,9.15,-0.16,-1.72,506,4629,67.67,7.72
SWISSMLTRY,SWISSMLTRYBEN,14.66,14.4,14.4,-0.26,-1.77,84,1209,18.5,13.0
TAINWALCHM,TAINWALCHMEQN,209.09,205.37,205.37,-3.72,-1.78,2,410,257.0,155.0
ORIENTALTL,ORIENTALTLEQN,5.0,4.91,4.91,-0.09,-1.8,51,250,11.14,4.4
GVPTECH,GVPTECHBEN,7.65,7.51,7.51,-0.14,-1.83,109,818,11.19,5.22
UCAL,UCALBEN,136.95,134.4,134.4,-2.55,-1.86,80,10752,163.8,77.0
HFCL,HFCLBEN,212.91,208.9,208.9,-4.01,-1.88,40122,8381485,256.7,59.82
HAPPYFORGE,HAPPYFORGEEQN,2155.9,2115.0,2115.0,-40.9,-1.9,64,135360,2470.0,888.75
VIVIMEDLAB,VIVIMEDLABBEN,5.8,5.69,5.69,-0.11,-1.9,2,11,29.4,4.75
VGCL,VGCLEQN,48.93,48.0,48.0,-0.93,-1.9,100,4800,62.95,48.15
FONEBOX,FONEBOXSMN,132.55,130.0,130.0,-2.55,-1.92,1000,130000,136.5,57.0
SHAHALLOYS,SHAHALLOYSBEN,90.56,88.8,88.8,-1.76,-1.94,20,1776,116.85,53.1
TVVISION,TVVISIONBEN,2.51,2.46,2.46,-0.05,-1.99,100,246,12.4,2.5
UFO,UFOEQN,61.32,60.1,60.1,-1.22,-1.99,101,6070,92.97,53.75
OMFREIGHT,OMFREIGHTBEN,87.49,85.75,85.75,-1.74,-1.99,80,6860,114.33,58.95
LEENEE,LEENEEBEN,7.55,7.4,7.4,-0.15,-1.99,146,1080,11.48,6.81
IPL,IPLEQN,137.77,135.02,135.02,-2.75,-2.0,19503,2633295,240.25,125.0
RELINFRA,RELINFRABEN,51.54,50.51,50.51,-1.03,-2.0,1833,92584,274.45,51.54
PRIORITY,PRIORITYBEN,221.55,217.1,217.1,-4.45,-2.01,2085,452653,245.0,209.61
MANAKALUCO,MANAKALUCOEQN,35.0,34.29,34.29,-0.71,-2.03,36,1234,68.12,21.73
CSBBANK,CSBBANKEQN,328.75,322.05,322.05,-6.7,-2.04,7214,2323268,574.4,295.0
FINKURVE,FINKURVEEQN,72.99,71.5,71.5,-1.49,-2.04,502,35893,134.9,48.02
NAHARPOLY,NAHARPOLYEQN,225.84,221.2,221.2,-4.64,-2.05,22,4866,338.8,200.0
CLSEL,CLSELEQN,298.25,292.0,292.0,-6.25,-2.1,1346,393032,324.8,203.75
RAJESHEXPO,RAJESHEXPOBZN,76.74,75.11,75.11,-1.63,-2.12,465,34926,237.88,72.63
PVSL,PVSLEQN,99.32,97.2,97.2,-2.12,-2.13,100,9720,163.0,82.41
LKPSEC,LKPSECEQN,15.03,14.71,14.71,-0.32,-2.13,10,147,18.43,14.01
PRAENG,PRAENGEQN,22.1,21.62,21.62,-0.48,-2.17,591,12777,33.88,17.0
NBIFIN,NBIFINEQN,1993.6,1950.1,1950.1,-43.5,-2.18,300,585030,2991.0,1539.0
MARALOVER,MARALOVEREQN,59.42,58.12,58.12,-1.3,-2.19,101,5870,68.89,34.11
KANPRPLA,KANPRPLAEQN,265.85,260.0,260.0,-5.85,-2.2,69,17940,283.14,151.25
PPL,PPLBEN,272.25,266.25,266.25,-6.0,-2.2,521,138716,334.4,163.21
SILVER360,SILVER360EQN,225.16,220.2,220.2,-4.96,-2.2,40,8808,358.0,123.75
STLTECH,STLTECHBEN,818.05,800.0,800.0,-18.05,-2.21,12707,10165600,912.0,84.6
JISLDVREQS,JISLDVREQSEQN,21.49,21.0,21.0,-0.49,-2.28,3,63,35.48,18.5
NTCIND,NTCINDEQN,136.7,133.5,133.5,-3.2,-2.34,1,133,155.0,126.3
AMARJOTHI,AMARJOTHIEQN,149.0,145.5,145.5,-3.5,-2.35,50,7275,166.0,141.65
GENSOL,GENSOLBZN,16.84,16.44,16.44,-0.4,-2.38,279,4586,43.71,16.4
NDL,NDLEQN,2.89,2.82,2.82,-0.07,-2.42,29552,83336,3.75,1.8
ACCURACY,ACCURACYBEN,4.49,4.38,4.38,-0.11,-2.45,2200,9636,7.51,3.4
AIRAN,AIRANEQN,15.72,15.32,15.32,-0.4,-2.54,508,7782,27.49,12.63
PRASOLCHEM,PRASOLCHEMEQN,671.0,653.95,653.95,-17.05,-2.54,13537,8852521,0.0,0.0
KALYANIFRG,KALYANIFRGBEN,994.7,969.05,969.05,-25.65,-2.58,52,50390,1192.25,523.6
PVP,PVPEQN,58.51,56.97,56.97,-1.54,-2.63,29182,1662498,71.9,23.0
FISCHER,FISCHEREQN,33.5,32.6,32.6,-0.9,-2.69,20125,656075,124.7,31.05
SECURKLOUD,SECURKLOUDEQN,17.06,16.6,16.6,-0.46,-2.7,999,16583,34.18,15.6
TRU,TRUEQN,4.01,3.9,3.9,-0.11,-2.74,1039,4052,13.12,3.9
KOTYARK,KOTYARKBEN,32.16,31.27,31.27,-0.89,-2.77,1111,34740,45.5,17.38
ANMOL,ANMOLBEN,14.39,13.98,13.98,-0.41,-2.85,5000,69900,0.0,0.0
ABINFRA,ABINFRABEN,11.38,11.05,11.05,-0.33,-2.9,563,6221,23.56,8.82
RRIL,RRILEQN,16.23,15.76,15.76,-0.47,-2.9,99,1560,21.5,15.06
SETL,SETLEQN,422.55,409.95,409.95,-12.6,-2.98,86210,35341789,468.15,104.56
SUMEETINDS,SUMEETINDSEQN,9.73,9.44,9.44,-0.29,-2.98,101,953,35.67,9.73
UNIVASTU,UNIVASTUBEN,138.11,134.0,134.0,-4.11,-2.98,1235,165490,178.98,56.02
GAYAPROJ,GAYAPROJEQN,24.85,24.1,24.1,-0.75,-3.02,17382,418906,27.33,10.99
OSWALGREEN,OSWALGREENEQN,19.29,18.7,18.7,-0.59,-3.06,858,16044,43.79,18.55
SUTLEJTEX,SUTLEJTEXBEN,38.73,37.51,37.51,-1.22,-3.15,50,1875,42.93,24.0
AARTECH,AARTECHBEN,50.24,48.6,48.6,-1.64,-3.26,100,4860,64.75,33.51
DEVX,DEVXEQN,33.96,32.85,32.85,-1.11,-3.27,125,4106,64.05,29.95
AKSHARCHEM,AKSHARCHEMBEN,381.95,369.1,369.1,-12.85,-3.36,51,18824,472.0,141.3
MODINATUR,MODINATUREQN,326.0,315.0,315.0,-11.0,-3.37,2,630,524.8,252.3
LALITHAA,LALITHAAEQN,305.65,305.65,295.0,-10.65,-3.48,651280,0,343.9,240.35
GSLSU,GSLSUEQN,27.51,26.55,26.55,-0.96,-3.49,153,4062,139.67,23.06
ABANSENT,ABANSENTEQN,27.0,26.03,26.03,-0.97,-3.59,1571,40893,48.85,22.3
MADHURKNIT,MADHURKNITSMN,56.05,54.0,54.0,-2.05,-3.66,26400,1425600,100.0,56.0
MOS,MOSSTN,5.45,5.25,5.25,-0.2,-3.67,4000,21000,28.55,5.45
USK,USKEQN,20.31,19.56,19.56,-0.75,-3.69,809,15824,35.17,18.97
TAKE,TAKEEQN,17.67,17.01,17.01,-0.66,-3.74,57141,971968,50.14,10.09
SIKKO,SIKKOBEN,5.88,5.66,5.66,-0.22,-3.74,4758,26930,6.83,3.2
MODISONLTD,MODISONLTDBEN,455.05,438.0,438.0,-17.05,-3.75,1218,533484,546.0,114.0
VIVOBIOT,VIVOBIOTEQN,16.83,16.19,16.19,-0.64,-3.8,10,161,20.94,16.0
EMUDHRA,EMUDHRAEQN,642.3,617.85,617.85,-24.45,-3.81,37143,22948802,710.1,364.55
CURAA,CURAAEQN,75.0,72.01,72.01,-2.99,-3.99,295,21242,235.2,60.0
GANECOS,GANECOSEQN,1000.2,960.1,960.1,-40.1,-4.01,2862,2747806,1338.0,653.55
INDIAGLYCO,INDIAGLYCOEQN,266.2,255.4,255.4,-10.8,-4.06,85792,21911276,1222.0,217.0
TCIFINANCE,TCIFINANCEEQN,14.89,14.26,14.26,-0.63,-4.23,100,1426,38.46,10.0
TSC,TSCSTN,52.0,49.8,49.8,-2.2,-4.23,2000,99600,68.7,25.25
ANNU,ANNUEQN,52.67,50.43,50.43,-2.24,-4.25,112456,5671156,0.0,0.0
TOKYOPLAST,TOKYOPLASTEQN,76.4,73.05,73.05,-3.35,-4.38,220,16071,140.85,53.86
SHEKHAWATI,SHEKHAWATIBEN,21.22,20.28,20.28,-0.94,-4.43,200,4056,25.38,9.12
RELIABLE,RELIABLEEQN,136.05,130.0,130.0,-6.05,-4.45,3,390,175.0,104.74
GATECH,GATECHBEN,0.67,0.64,0.64,-0.03,-4.48,1255433,803477,1.11,0.4
PRUDMOULI,PRUDMOULIBEN,14.8,14.11,14.11,-0.69,-4.66,125,1763,37.55,11.26
TICL,TICLBEN,6.42,6.12,6.12,-0.3,-4.67,1512,9253,33.99,6.42
TEMPSENS,TEMPSENSEQN,540.55,514.9,514.9,-25.65,-4.75,36515,18801573,634.85,517.25
SUMAX,SUMAXSMN,119.6,113.9,113.9,-5.7,-4.77,3600,410040,0.0,0.0
SHYAMDHANI,SHYAMDHANISTN,53.35,50.8,50.8,-2.55,-4.78,2000,101600,139.65,47.0
PAR,PARBEN,127.19,121.06,121.06,-6.13,-4.82,1108,134134,180.0,78.05
PARAMOUNT,PARAMOUNTSMN,44.55,42.4,42.4,-2.15,-4.83,1200,50880,64.0,29.85
VALIANTLAB,VALIANTLABBEN,116.91,111.25,111.25,-5.66,-4.84,800,89000,129.9,49.51
MUKKA,MUKKABEN,29.53,28.1,28.1,-1.43,-4.84,8699,244441,0.0,0.0
VCL,VCLBEN,1.65,1.57,1.57,-0.08,-4.85,92,144,2.66,0.87
TIJARIA,TIJARIABEN,7.38,7.02,7.02,-0.36,-4.88,63,442,9.8,3.55
NECCLTD,NECCLTDBEN,18.97,18.04,18.04,-0.93,-4.9,900,16236,24.01,10.55
ELITECON,ELITECONEQN,8.15,7.75,7.75,-0.4,-4.91,36627,283859,46.4,7.08
MYSORPETRO,MYSORPETROBEN,127.54,121.25,121.25,-6.29,-4.93,11,1333,182.03,111.0
MPEL,MPELSTN,20.2,19.2,19.2,-1.0,-4.95,3200,61440,93.84,20.18
LEMERITE,LEMERITEEQN,19.18,18.23,18.23,-0.95,-4.95,34616,631049,107.57,19.06
RCOM,RCOMBEN,1.01,0.96,0.96,-0.05,-4.95,99033,95071,1.51,0.75
CALSOFT,CALSOFTBEN,35.97,34.18,34.18,-1.79,-4.98,7608,260041,43.13,10.9
OPTIVALUE,OPTIVALUESTN,189.75,180.3,180.3,-9.45,-4.98,1600,288480,202.0,56.05
RHETAN,RHETANEQN,21.67,20.59,20.59,-1.08,-4.98,14151,291369,34.87,19.1
INDOTHAI,INDOTHAIEQN,37.17,35.32,35.32,-1.85,-4.98,16509,583097,466.35,33.97
POLYSIL,POLYSILSMN,73.25,69.6,69.6,-3.65,-4.98,500,34800,356.75,47.25
SUPTANERY,SUPTANERYBEN,9.24,8.78,8.78,-0.46,-4.98,4491,39430,16.21,6.81
SWARAJ,SWARAJBEN,302.5,287.4,287.4,-15.1,-4.99,933,268144,386.75,158.5
DIGJAMLMTD,DIGJAMLMTDBEN,61.75,58.67,58.67,-3.08,-4.99,810,47522,73.19,36.03
ONIXSOLAR,ONIXSOLAREQN,395.95,376.2,376.2,-19.75,-4.99,840,316008,464.2,262.45
RADHIKAJWE,RADHIKAJWEBEN,71.7,68.12,68.12,-3.58,-4.99,7803,531540,99.65,50.01
TAMBOLIIN,TAMBOLIINBEN,278.7,264.8,264.8,-13.9,-4.99,1,264,318.85,141.5
FASCINATE,FASCINATESMN,48.0,45.6,45.6,-2.4,-5.0,4000,182400,120.8,48.0
QUALIANCE,QUALIANCESTN,213.1,202.45,202.45,-10.65,-5.0,7000,1417150,236.1,213.1
ESDS,ESDSEQN,1733.5,1646.85,1646.85,-86.65,-5.0,37717,62114241,1827.4,756.0
SREEL,SREELBEN,300.78,285.75,285.75,-15.03,-5.0,292,83439,400.0,165.25
SRGHFL,SRGHFLEQN,126.4,120.0,120.0,-6.4,-5.06,9828,1179360,335.0,126.4
MARUSHIKA,MARUSHIKASMN,119.65,112.05,112.05,-7.6,-6.35,2400,268920,123.0,78.1
ZEELEARN,ZEELEARNEQN,7.05,6.6,6.6,-0.45,-6.38,32462,214249,10.45,4.17
DAVANGERE,DAVANGEREEQN,2.14,2.0,2.0,-0.14,-6.54,989270,1978540,5.5,1.74
ABH,ABHSMN,47.7,44.2,44.2,-3.5,-7.34,2400,106080,99.0,47.7
RRECL,RRECLEQN,135.57,125.0,125.0,-10.57,-7.8,1,125,151.99,121.2
SIGACHI,SIGACHIEQN,31.16,27.58,27.58,-3.58,-11.49,622742,17175224,46.0,16.65
DUCON,DUCONEQN,1.58,1.27,1.27,-0.31,-19.62,272349,345883,4.57,1.45
