symbol,identifier,previousClose,lastPrice,iep,change,pChange,finalQuantity,totalTurnover,yearHigh,yearLow
SONAMLTD,SONAMLTDEQN,55.1,62.25,62.25,7.15,12.98,10,622,63.0,37.4
MOHITIND,MOHITINDEQN,22.53,25.0,25.0,2.47,10.96,4,100,40.19,18.6
SMLMAH,SMLMAHEQN,4566.0,5024.0,5024.0,458.0,10.03,53753,270055072,5348.0,2719.0
AVONMORE,AVONMOREEQN,10.98,11.99,11.99,1.01,9.2,86997,1043094,23.9,9.05
AKG,AKGEQN,10.0,10.89,10.89,0.89,8.9,1,10,15.34,9.01
GAYAHWS,GAYAHWSEQN,2.0,2.16,2.16,0.16,8.0,1174,2535,4.76,1.51
RCDL,RCDLSMN,27.5,29.65,29.65,2.15,7.82,12000,355800,30.85,16.5
COUNCODOS,COUNCODOSEQN,6.2,6.65,6.65,0.45,7.26,2,13,8.89,3.71
REDINGTON,REDINGTONEQN,287.45,307.95,307.95,20.5,7.13,210795,64914320,314.4,191.31
BALKRISIND,BALKRISINDEQN,2081.7,2220.9,2220.9,139.2,6.69,16783,37273364,2775.0,1970.0
SIGMA,SIGMAEQN,45.04,48.0,48.0,2.96,6.57,37021,1777008,65.5,35.46
SAGARDEEP,SAGARDEEPEQN,23.93,25.44,25.44,1.51,6.31,1,25,31.48,20.81
RADIOCITY,RADIOCITYEQN,6.94,7.35,7.35,0.41,5.91,1778,13068,9.25,4.5
MKPL,MKPLEQN,4.2,4.44,4.44,0.24,5.71,130,577,8.85,3.56
FILATFASH,FILATFASHBEN,0.18,0.19,0.19,0.01,5.56,244004,46360,0.68,0.14
GALLANTT,GALLANTTEQN,603.3,633.45,633.45,30.15,5.0,9160,5802402,948.0,496.25
SANWARIA,SANWARIABZN,0.2,0.21,0.21,0.01,5.0,250200,52542,0.39,0.19
SADBHIN,SADBHINBEN,2.4,2.52,2.52,0.12,5.0,24800,62496,5.02,2.06
KILITCH,KILITCHBEN,186.2,195.5,195.5,9.3,4.99,5666,1107703,227.23,117.25
HPTL,HPTLSMN,299.65,314.6,314.6,14.95,4.99,600,188760,327.4,174.35
MANUGRAPH,MANUGRAPHBEN,14.42,15.14,15.14,0.72,4.99,815,12339,24.0,9.65
METALIC,METALICSTN,87.2,91.55,91.55,4.35,4.99,17600,1611280,90.9,81.4
FORCAS,FORCASSTN,199.65,209.6,209.6,9.95,4.98,1600,335360,199.65,91.5
PURPLEUTED,PURPLEUTEDSTN,334.6,351.25,351.25,16.65,4.98,1750,614687,587.95,244.45
BOHRAIND,BOHRAINDEQN,14.5,15.22,15.22,0.72,4.97,580,8827,35.58,12.02
ORTINGLOBE,ORTINGLOBEBEN,14.9,15.64,15.64,0.74,4.97,31,484,21.3,10.66
VMOBILE,VMOBILESMN,74.6,78.3,78.3,3.7,4.96,4800,375840,155.0,63.85
UTKAL,UTKALSMN,44.35,46.55,46.55,2.2,4.96,4000,186200,66.0,22.6
ALMONDZ,ALMONDZEQN,15.07,15.79,15.79,0.72,4.78,38929,614688,23.0,10.68
AKI,AKIEQN,4.18,4.38,4.38,0.2,4.78,101,442,11.99,3.8
PRUDMOULI,PRUDMOULIBEN,12.77,13.38,13.38,0.61,4.78,1,13,46.79,11.26
BI,BIEQN,58.2,60.9,60.9,2.7,4.64,25,1522,75.0,51.62
ANKITMETAL,ANKITMETALBZN,1.52,1.59,1.59,0.07,4.61,20,31,2.12,1.29
BODALCHEM,BODALCHEMBEN,71.53,74.79,74.79,3.26,4.56,32093,2400235,81.9,42.81
EMUDHRA,EMUDHRAEQN,454.4,475.0,475.0,20.6,4.53,3742,1777450,811.45,364.55
TNTELE,TNTELEEQN,8.88,9.28,9.28,0.4,4.5,121,1122,20.08,7.81
BESTAGRO,BESTAGROEQN,16.74,17.49,17.49,0.75,4.48,23172,405278,35.58,12.3
DCMFINSERV,DCMFINSERVEQN,5.16,5.39,5.39,0.23,4.46,600,3234,8.55,3.7
GSS,GSSEQN,12.44,12.98,12.98,0.54,4.34,446,5789,33.97,8.68
GVPTECH,GVPTECHEQN,6.94,7.24,7.24,0.3,4.32,1617,11707,11.39,5.22
KRITI,KRITIBEN,68.78,71.7,71.7,2.92,4.25,20,1434,177.51,53.0
IRIS,IRISEQN,248.4,258.8,258.8,10.4,4.19,71,18374,388.1,203.0
VIPULLTD,VIPULLTDBEN,12.69,13.19,13.19,0.5,3.94,17318,228424,18.6,7.38
ORBTEXP,ORBTEXPBEN,243.44,253.0,253.0,9.56,3.93,25,6325,265.0,135.0
BEARDSELL,BEARDSELLEQN,26.94,27.99,27.99,1.05,3.9,1,27,38.6,20.02
PDSL,PDSLEQN,350.3,363.95,363.95,13.65,3.9,5068,1844498,418.5,246.05
MADHUCON,MADHUCONBEN,5.18,5.38,5.38,0.2,3.86,51,274,8.55,3.61
KRIDHANINF,KRIDHANINFBEN,2.34,2.43,2.43,0.09,3.85,101,245,4.78,1.81
NAVKARURB,NAVKARURBBEN,1.04,1.08,1.08,0.04,3.85,260,280,2.93,0.7
SIGMAADV,SIGMAADVBEN,605.4,627.8,627.8,22.4,3.7,210950,132434410,638.1,108.75
KSR,KSREQN,28.92,29.99,29.99,1.07,3.7,11,329,39.1,14.04
BGRENERGY,BGRENERGYBEN,287.55,298.0,298.0,10.45,3.63,6080,1811840,490.8,94.0
PPSL,PPSLSMN,4.15,4.3,4.3,0.15,3.61,24000,103200,21.0,2.1
TERASOFT,TERASOFTEQN,383.55,397.0,397.0,13.45,3.51,25,9925,598.0,282.8
GSLSU,GSLSUEQN,27.98,28.96,28.96,0.98,3.5,185,5357,139.67,23.06
ASTRON,ASTRONBEN,3.85,3.98,3.98,0.13,3.38,1000,3980,18.89,3.26
SITINET,SITINETBZN,0.3,0.31,0.31,0.01,3.33,660,204,0.58,0.28
KOTIC,KOTICEQN,159.69,165.0,165.0,5.31,3.33,3,495,223.7,142.15
A2ZINFRA,A2ZINFRAEQN,13.26,13.7,13.7,0.44,3.32,23068,316031,22.75,12.0
HEALTHX,HEALTHXEQN,305.45,315.55,315.55,10.1,3.31,1,315,363.0,252.5
GENUSPAPER,GENUSPAPEREQN,12.29,12.69,12.69,0.4,3.25,120,1522,20.7,8.67
JAGSNPHARM,JAGSNPHARMEQN,230.5,238.0,238.0,7.5,3.25,5380,1280440,298.49,155.0
SUKHJITS,SUKHJITSEQN,157.9,163.0,163.0,5.1,3.23,872,142136,231.1,137.3
DIGJAMLMTD,DIGJAMLMTDEQN,46.51,48.0,48.0,1.49,3.2,4,192,59.75,36.03
ARSHIYA,ARSHIYABZN,0.95,0.98,0.98,0.03,3.16,500,490,2.89,0.94
RKDL,RKDLEQN,19.14,19.74,19.74,0.6,3.13,5,98,32.48,16.3
TCC,TCCEQN,275.5,283.95,283.95,8.45,3.07,125,35493,526.4,260.45
CEREBRAINT,CEREBRAINTBZN,2.98,3.07,3.07,0.09,3.02,1853,5688,10.08,2.9
TICL,TICLBEN,9.03,9.3,9.3,0.27,2.99,500,4650,33.99,8.91
CSM,CSMEQN,96.14,98.99,98.99,2.85,2.96,2608,258165,113.0,94.27
PNC,PNCEQN,19.92,20.5,20.5,0.58,2.91,5,102,40.64,16.0
PITTIENG,PITTIENGEQN,951.2,978.0,978.0,26.8,2.82,2397,2344266,1035.25,675.0
ABMKNO,ABMKNOEQN,194.6,200.0,200.0,5.4,2.77,5,1000,254.9,190.0
STARHEALTH,STARHEALTHEQN,598.85,615.35,615.35,16.5,2.76,22764,14007827,623.9,416.55
CALSOFT,CALSOFTBEN,21.2,21.78,21.78,0.58,2.74,1515,32996,27.83,10.9
EQUIPPP,EQUIPPPBEN,23.75,24.4,24.4,0.65,2.74,8,195,25.89,13.85
BALAXI,BALAXIEQN,24.14,24.8,24.8,0.66,2.73,1154,28619,52.0,15.2
INVPRECQ,INVPRECQBEN,1012.4,1040.0,1040.0,27.6,2.73,7,7280,1062.0,551.0
RADAAN,RADAANEQN,3.31,3.4,3.4,0.09,2.72,840,2856,4.28,2.35
APCOTEXIND,APCOTEXINDEQN,681.6,700.0,700.0,18.4,2.7,59414,41589800,709.3,310.45
SYRMA,SYRMAEQN,1343.4,1379.0,1379.0,35.6,2.65,27847,38401013,1517.7,634.5
MCLEODRUSS,MCLEODRUSSBEN,51.64,53.0,53.0,1.36,2.63,4400,233200,78.41,28.5
UNIVASTU,UNIVASTUBEN,131.44,134.9,134.9,3.46,2.63,2009,271014,131.75,56.02
TOTAL,TOTALEQN,48.55,49.8,49.8,1.25,2.57,1,49,87.89,45.0
SEJALLTD,SEJALLTDBEN,745.85,764.95,764.95,19.1,2.56,1,764,1036.7,381.0
BALKRISHNA,BALKRISHNAEQN,17.66,18.11,18.11,0.45,2.55,101,1829,25.97,12.0
NIITMTS,NIITMTSEQN,241.14,247.3,247.3,6.16,2.55,4010,991673,443.9,203.3
QUESS,QUESSEQN,307.4,315.2,315.2,7.8,2.54,12375,3900600,310.45,166.3
HMT,HMTBZN,59.4,60.9,60.9,1.5,2.53,16,974,72.95,41.0
AKSHAR,AKSHAREQN,0.4,0.41,0.41,0.01,2.5,1151,471,0.76,0.36
ELGIRUBCO,ELGIRUBCOEQN,58.05,59.5,59.5,1.45,2.5,2,119,90.5,32.72
TIL,TILEQN,262.48,269.0,269.0,6.52,2.48,51313,13803197,372.5,161.25
ASAHISONG,ASAHISONGEQN,356.35,365.2,365.2,8.85,2.48,8572,3130494,453.7,179.64
NILASPACES,NILASPACESEQN,11.86,12.15,12.15,0.29,2.45,204,2478,20.47,11.35
SAMPANN,SAMPANNEQN,27.71,28.39,28.39,0.68,2.45,464,13172,43.44,23.75
TPHQ,TPHQEQN,0.41,0.42,0.42,0.01,2.44,1835,770,0.86,0.4
IVC,IVCEQN,8.24,8.44,8.44,0.2,2.43,2630,22197,9.88,6.02
RUSHIL,RUSHILEQN,17.66,18.09,18.09,0.43,2.43,28666,518567,33.99,12.49
HTMEDIA,HTMEDIAEQN,24.8,25.4,25.4,0.6,2.42,1,25,28.64,17.52
EPACKPEB,EPACKPEBEQN,263.71,269.9,269.9,6.19,2.35,11833,3193726,344.0,132.17
SYSTMTXC,SYSTMTXCBEN,58.62,60.0,60.0,1.38,2.35,100,6000,177.9,51.89
DELPHIFX,DELPHIFXBEN,6.83,6.99,6.99,0.16,2.34,2,13,18.25,6.21
UEL,UELEQN,119.41,122.2,122.2,2.79,2.34,100,12220,220.0,92.32
DSSL,DSSLEQN,1241.1,1270.0,1270.0,28.9,2.33,105,133350,1924.8,781.0
FOODSIN,FOODSINEQN,54.58,55.85,55.85,1.27,2.33,16,893,112.0,44.0
KHAITANLTD,KHAITANLTDBEN,130.0,133.0,133.0,3.0,2.31,10,1330,150.96,85.0
VARDHACRLC,VARDHACRLCBEN,46.82,47.9,47.9,1.08,2.31,171,8190,50.35,27.01
GATECHDVR,GATECHDVREQN,0.44,0.45,0.45,0.01,2.27,597,268,0.67,0.36
AKIKO,AKIKOSTN,352.0,360.0,360.0,8.0,2.27,1600,576000,368.0,105.0
VISL,VISLEQN,30.78,31.48,31.48,0.7,2.27,615875,19387745,44.78,19.06
GILLANDERS,GILLANDERSEQN,87.92,89.9,89.9,1.98,2.25,1,89,151.9,76.0
BIOFILCHEM,BIOFILCHEMEQN,32.67,33.4,33.4,0.73,2.23,20,668,46.34,25.6
BELLACASA,BELLACASAEQN,236.25,241.5,241.5,5.25,2.22,1,241,497.35,220.25
CHEVIOT,CHEVIOTEQN,1166.9,1166.9,1166.9,25.0,2.19,364,424751,1370.5,898.0
MANGALAM,MANGALAMEQN,27.14,27.73,27.73,0.59,2.17,40,1109,93.08,22.8
TAKE,TAKEEQN,20.75,21.2,21.2,0.45,2.17,565,11978,50.14,8.88
BALAJEE,BALAJEEEQN,26.91,27.49,27.49,0.58,2.16,1,27,59.9,21.1
TTML,TTMLEQN,39.75,40.6,40.6,0.85,2.14,31047,1260508,61.0,31.22
TBOTEK,TBOTEKEQN,1522.6,1555.0,1555.0,32.4,2.13,4785,7440675,1764.8,1004.2
REPRO,REPROEQN,362.2,369.85,369.85,7.65,2.11,2,739,590.0,307.05
KAYA,KAYAEQN,283.12,289.0,289.0,5.88,2.08,49,14161,487.9,224.01
VIVIMEDLAB,VIVIMEDLABBEN,5.29,5.4,5.4,0.11,2.08,897,4843,29.4,4.94
HEADSUP,HEADSUPEQN,6.8,6.94,6.94,0.14,2.06,2,13,12.95,5.69
GLOBECIVIL,GLOBECIVILEQN,40.13,40.95,40.95,0.82,2.04,1,40,85.9,33.5
VCL,VCLEQN,0.98,1.0,1.0,0.02,2.04,4172,4172,2.66,0.87
GATECH,GATECHEQN,0.49,0.5,0.5,0.01,2.04,10561,5280,0.93,0.4
KANANIIND,KANANIINDEQN,1.48,1.51,1.51,0.03,2.03,207,312,2.27,1.02
DANGEE,DANGEEEQN,2.97,3.03,3.03,0.06,2.02,2850,8635,5.08,2.53
RRIL,RRILEQN,17.78,18.14,18.14,0.36,2.02,2,36,21.5,15.25
JHS,JHSEQN,7.47,7.62,7.62,0.15,2.01,25,190,13.9,6.26
PARASPETRO,PARASPETROEQN,2.49,2.54,2.54,0.05,2.01,2755,6997,3.23,1.53
ALPHAGEO,ALPHAGEOEQN,205.87,210.0,210.0,4.13,2.01,1000,210000,287.0,164.8
DREAMFOLKS,DREAMFOLKSEQN,67.46,68.8,68.8,1.34,1.99,57,3921,160.0,56.0
ASHOKAMET,ASHOKAMETEQN,14.2,14.48,14.48,0.28,1.97,1,14,21.0,12.13
MANAKSIA,MANAKSIAEQN,55.75,56.85,56.85,1.1,1.97,3,170,83.0,42.1
PRAXIS,PRAXISBEN,6.62,6.75,6.75,0.13,1.96,176,1188,14.44,5.26
PPAP,PPAPBEN,282.5,288.0,288.0,5.5,1.95,53,15264,379.5,176.0
SALSTEEL,SALSTEELBEN,62.62,63.84,63.84,1.22,1.95,46,2936,65.5,14.37
WORTHPERI,WORTHPERIEQN,145.16,147.99,147.99,2.83,1.95,1,147,169.37,109.0
NIRAJ,NIRAJBEN,28.89,29.45,29.45,0.56,1.94,1760,51832,52.0,20.15
AARON,AARONEQN,134.78,137.4,137.4,2.62,1.94,42,5770,258.0,106.8
SANATHAN,SANATHANEQN,471.75,480.8,480.8,9.05,1.92,6,2884,551.95,352.6
GODIGIT,GODIGITEQN,253.15,258.0,258.0,4.85,1.92,13031,3361998,381.4,244.2
VINEETLAB,VINEETLABBEN,39.21,39.96,39.96,0.75,1.91,50,1998,43.5,24.69
SHREERAMA,SHREERAMAEQN,38.96,39.7,39.7,0.74,1.9,201,7979,71.99,37.62
KALPATARU,KALPATARUEQN,297.4,303.0,303.0,5.6,1.88,4005,1213515,429.3,258.0
AXISCADES,AXISCADESEQN,1565.7,1595.0,1595.0,29.3,1.87,5133,8187135,2211.0,1063.3
AVROIND,AVROINDEQN,8.63,8.79,8.79,0.16,1.85,1190,10460,16.72,8.42
VARDMNPOLY,VARDMNPOLYEQN,5.99,6.1,6.1,0.11,1.84,66,402,10.6,5.1
VIPCLOTHNG,VIPCLOTHNGBEN,21.21,21.6,21.6,0.39,1.84,1,21,41.48,14.05
IL&FSTRANS,IL&FSTRANSBZN,2.2,2.24,2.24,0.04,1.82,15,33,3.46,1.75
KRN,KRNBEN,1208.0,1230.0,1230.0,22.0,1.82,138,169740,1405.0,589.8
DIGIDRIVE,DIGIDRIVEEQN,17.67,17.99,17.99,0.32,1.81,1,17,36.85,16.1
CONFIPET,CONFIPETEQN,78.28,79.7,79.7,1.42,1.81,10660,849602,83.0,28.06
RAJMET,RAJMETEQN,3.31,3.37,3.37,0.06,1.81,2425,8172,5.28,2.72
ORCHASP,ORCHASPEQN,1.67,1.7,1.7,0.03,1.8,206,350,4.16,1.47
TREL,TRELEQN,24.41,24.85,24.85,0.44,1.8,180,4473,36.15,21.47
OSWALGREEN,OSWALGREENEQN,20.13,20.49,20.49,0.36,1.79,1170,23973,46.99,19.76
MAZDA,MAZDABEN,212.26,216.0,216.0,3.74,1.76,102,22032,318.8,159.2
KAVDEFENCE,KAVDEFENCEEQN,56.42,57.4,57.4,0.98,1.74,298,17105,162.87,51.51
HIRECT,HIRECTEQN,1323.1,1346.0,1346.0,22.9,1.73,1781,2397226,1399.0,565.2
KOKUYOCMLN,KOKUYOCMLNEQN,84.63,85.78,85.78,1.45,1.72,12,1029,128.0,71.05
RSL,RSLEQN,140.53,142.95,142.95,2.42,1.72,776,110929,145.8,101.7
BAJAJST,BAJAJSTEQN,383.45,390.0,390.0,6.55,1.71,101,39390,507.8,350.05
ALPA,ALPAEQN,67.82,68.97,68.97,1.15,1.7,26,1793,105.51,46.1
HITECHGEAR,HITECHGEARBEN,562.5,572.0,572.0,9.5,1.69,1,572,897.45,521.25
RAMCOSYS,RAMCOSYSEQN,590.05,600.0,600.0,9.95,1.69,695,417000,967.5,342.1
BROOKS,BROOKSBEN,59.88,60.89,60.89,1.01,1.69,1,60,164.02,36.3
VHLTD,VHLTDBEN,133.28,135.5,135.5,2.22,1.67,1,135,155.36,101.1
MAXVOLT,MAXVOLTSTN,343.8,349.5,349.5,5.7,1.66,1600,559200,509.0,210.05
DPEL,DPELSMN,563.6,572.95,572.95,9.35,1.66,1000,572950,599.0,123.0
RIR,RIREQN,159.26,161.88,161.88,2.62,1.65,88,14245,170.5,154.3
PAUSHAKLTD,PAUSHAKLTDEQN,582.45,592.0,592.0,9.55,1.64,300,177600,633.05,342.5
DHANBANK,DHANBANKEQN,31.98,32.5,32.5,0.52,1.63,20143,654647,36.85,19.45
WINSOME,WINSOMEBZN,2.47,2.51,2.51,0.04,1.62,89631,224973,2.63,1.59
SAKHTISUG,SAKHTISUGEQN,16.78,17.05,17.05,0.27,1.61,12,204,24.95,13.52
MTARTECH,MTARTECHBEN,5194.0,5277.0,5277.0,83.0,1.6,13749,72553473,8714.0,1390.5
LPDC,LPDCEQN,6.3,6.4,6.4,0.1,1.59,509,3257,9.46,5.23
UNIMECH,UNIMECHEQN,1191.2,1210.0,1210.0,18.8,1.58,121,146410,1323.0,695.0
KESORAMIND,KESORAMINDBEN,11.37,11.55,11.55,0.18,1.58,22850,263917,14.26,4.55
ASMS,ASMSBEN,7.06,7.17,7.17,0.11,1.56,2,14,17.6,6.9
BETA,BETAEQN,2233.2,2268.0,2268.0,34.8,1.56,66,149688,2674.0,990.1
TEXMOPIPES,TEXMOPIPESEQN,43.23,43.9,43.9,0.67,1.55,1,43,62.17,33.0
RNBDENIMS,RNBDENIMSEQN,9.08,9.22,9.22,0.14,1.54,205,1890,67.67,9.01
DHARMAJ,DHARMAJEQN,265.35,269.4,269.4,4.05,1.53,102,27478,386.5,210.65
SIL,SILEQN,16.45,16.7,16.7,0.25,1.52,2,33,20.38,11.7
TREJHARA,TREJHARAEQN,136.82,138.9,138.9,2.08,1.52,2,277,284.85,128.4
NGIL,NGILBEN,39.41,40.0,40.0,0.59,1.5,250,10000,43.89,22.01
NIPPOBATRY,NIPPOBATRYEQN,325.15,330.0,330.0,4.85,1.49,4,1320,505.9,257.0
63MOONS,63MOONSEQN,778.45,790.0,790.0,11.55,1.48,9010,7117900,1029.9,467.0
HBSL,HBSLBEN,49.27,50.0,50.0,0.73,1.48,20,1000,108.8,42.63
ARTEMISMED,ARTEMISMEDEQN,298.6,302.95,302.95,4.35,1.46,4033,1221797,305.0,203.35
ONMOBILE,ONMOBILEBEN,62.1,63.0,63.0,0.9,1.45,101,6363,84.0,40.21
RHETAN,RHETANEQN,29.87,30.3,30.3,0.43,1.44,103728,3142958,33.01,20.32
ADVANCE,ADVANCEEQN,118.2,119.9,119.9,1.7,1.44,3203,384039,154.0,84.1
SAKSOFT,SAKSOFTEQN,169.48,171.9,171.9,2.42,1.43,3222,553861,229.68,107.59
UMESLTD,UMESLTDEQN,5.62,5.7,5.7,0.08,1.42,10,57,7.14,3.88
CIFL,CIFLEQN,20.4,20.69,20.69,0.29,1.42,100,2069,39.69,19.56
PRAVEG,PRAVEGEQN,288.71,292.8,292.8,4.09,1.42,100,29280,325.0,210.4
AASTHA,AASTHAEQN,76.09,77.17,77.17,1.08,1.42,987,76166,140.01,74.4
NATHBIOGEN,NATHBIOGENEQN,159.96,162.2,162.2,2.24,1.4,600,97320,204.0,126.15
SASKEN,SASKENEQN,1793.8,1818.9,1818.9,25.1,1.4,51,92763,2780.2,991.0
MOIL,MOILEQN,274.15,278.0,278.0,3.85,1.4,24138,6710364,404.9,242.35
GPTHEALTH,GPTHEALTHEQN,167.19,168.0,168.0,2.31,1.39,758,127344,185.0,115.0
ASHIANA,ASHIANAEQN,383.65,388.9,388.9,5.25,1.37,1185,460846,435.9,269.45
SPECTRUM,SPECTRUMEQN,2444.8,2478.4,2478.4,33.6,1.37,123,304843,2462.0,1050.0
SHEMAROO,SHEMAROOBEN,118.38,120.0,120.0,1.62,1.37,700,84000,143.0,73.0
COASTCORP,COASTCORPEQN,50.17,50.85,50.85,0.68,1.36,121,6152,66.7,30.01
BAJAJINDEF,BAJAJINDEFEQN,234.8,238.0,238.0,3.2,1.36,60,14280,449.9,207.25
RAJRILTD,RAJRILTDBEN,20.52,20.8,20.8,0.28,1.36,3,62,28.9,19.41
AXITA,AXITAEQN,7.37,7.47,7.47,0.1,1.36,5522,41249,12.2,6.57
DIACABS,DIACABSEQN,337.45,342.0,342.0,4.55,1.35,67063,22935546,337.45,115.57
INTENTECH,INTENTECHEQN,88.71,89.9,89.9,1.19,1.34,1,89,149.9,66.3
VERTOZ,VERTOZBEN,35.79,36.27,36.27,0.48,1.34,13,471,97.8,27.02
PRECWIRE,PRECWIREEQN,360.2,365.0,365.0,4.8,1.33,5939,2167735,467.5,168.51
UFO,UFOEQN,66.77,67.65,67.65,0.88,1.32,7,473,92.97,53.75
AMNPLST,AMNPLSTEQN,201.28,203.9,203.9,2.62,1.3,1,203,250.0,127.0
IRISDOREME,IRISDOREMEEQN,49.35,49.99,49.99,0.64,1.3,4059,202909,53.0,26.35
DIVISLAB,DIVISLABEQN,7784.5,7885.5,7885.5,101.0,1.3,8852,69802446,7818.5,5636.5
HMAAGRO,HMAAGROEQN,21.95,22.23,22.23,0.28,1.28,577,12826,34.24,21.1
IWARE,IWARESTN,466.1,472.0,472.0,5.9,1.27,600,283200,539.4,87.5
TRIVENI,TRIVENIBEN,233.85,236.8,236.8,2.95,1.26,132,31257,490.1,228.05
BENGALASM,BENGALASMEQN,6232.5,6309.5,6309.5,77.0,1.24,1,6309,7268.0,5845.85
BCPL,BCPLEQN,70.43,71.3,71.3,0.87,1.24,75,5347,92.0,60.0
TECHNOE,TECHNOEEQN,988.8,1001.0,1001.0,12.2,1.23,785,785785,1575.0,870.0
INDBANK,INDBANKEQN,32.55,32.95,32.95,0.4,1.23,5,164,47.15,28.25
SAKUMA,SAKUMAEQN,1.63,1.65,1.65,0.02,1.23,10726,17697,3.1,1.1
ALLDIGI,ALLDIGIEQN,869.55,880.05,880.05,10.5,1.21,111,97685,1084.0,700.0
WEL,WELEQN,116.29,117.7,117.7,1.41,1.21,828,97455,183.53,75.01
DIGISPICE,DIGISPICEBEN,18.18,18.4,18.4,0.22,1.21,3,55,35.5,14.82
ORICONENT,ORICONENTEQN,53.95,54.6,54.6,0.65,1.2,25,1365,73.12,45.77
SPCENET,SPCENETEQN,3.34,3.38,3.38,0.04,1.2,855,2889,11.24,3.0
EICHERMOT,EICHERMOTEQN,7779.0,7869.5,7869.5,90.5,1.16,12310,96873545,8230.0,5353.0
VIDHIING,VIDHIINGEQN,300.5,304.0,304.0,3.5,1.16,1444,438976,430.5,258.6
PASUPTAC,PASUPTACBEN,58.02,58.69,58.69,0.67,1.15,40,2347,78.95,40.1
MICEL,MICELBEN,36.38,36.8,36.8,0.42,1.15,459,16891,82.97,29.97
REGAAL,REGAALBEN,82.54,83.49,83.49,0.95,1.15,300,25047,145.7,57.27
FLAIR,FLAIREQN,255.1,258.0,258.0,2.9,1.14,547,141126,357.0,242.9
MOL,MOLEQN,56.32,56.96,56.96,0.64,1.14,27970,1593171,106.3,36.5
HINDOILEXP,HINDOILEXPEQN,157.01,158.8,158.8,1.79,1.14,2961,470206,188.65,117.5
AFFORDABLE,AFFORDABLEBEN,178.77,180.8,180.8,2.03,1.14,130,23504,435.0,119.71
EPACK,EPACKEQN,233.36,236.0,236.0,2.64,1.13,3320,783520,414.9,196.15
TRUALT,TRUALTEQN,430.15,435.0,435.0,4.85,1.13,1742,757770,549.0,310.2
ABDL,ABDLEQN,644.8,652.0,652.0,7.2,1.12,1202,783704,711.7,382.1
TMB,TMBEQN,865.2,874.9,874.9,9.7,1.12,607,531064,917.0,411.8
PNGSREVA,PNGSREVAEQN,447.5,452.5,452.5,5.0,1.12,4155,1880137,478.9,324.25
INDOUS,INDOUSEQN,84.76,85.7,85.7,0.94,1.11,1,85,182.1,82.27
EIHAHOTELS,EIHAHOTELSEQN,315.9,319.4,319.4,3.5,1.11,15,4791,434.9,266.65
NEOCHEM,NEOCHEMSTN,92.0,93.0,93.0,1.0,1.09,1200,111600,121.0,63.0
INDSWFTLAB,INDSWFTLABEQN,223.58,226.0,226.0,2.42,1.08,1175,265550,248.45,87.15
JINDALPOLY,JINDALPOLYEQN,636.95,643.85,643.85,6.9,1.08,28,18027,1026.45,365.0
INFY,INFYEQN,1155.6,1168.0,1168.0,12.4,1.07,293245,342510160,1728.0,982.4
SSEGL,SSEGLSMN,327.5,331.0,331.0,3.5,1.07,2400,794400,580.0,283.0
IVP,IVPBEN,151.29,151.4,151.4,1.61,1.07,200,30280,194.18,110.0
PROZONER,PROZONEREQN,42.67,43.12,43.12,0.45,1.05,24,1034,72.77,39.31
HCL-INSYS,HCL-INSYSEQN,11.41,11.53,11.53,0.12,1.05,3710,42776,16.5,9.01
GHCLTEXTIL,GHCLTEXTILEQN,119.53,120.77,120.77,1.24,1.04,2248,271490,120.9,65.26
RHFL,RHFLBZN,1.93,1.95,1.95,0.02,1.04,994,1938,5.51,1.82
OSIAHYPER,OSIAHYPERBEN,2.91,2.94,2.94,0.03,1.03,1300,3822,33.08,2.83
BLUESTONE,BLUESTONEEQN,770.25,778.0,778.0,7.75,1.01,9759,7592502,869.5,399.8
TARSONS,TARSONSEQN,320.0,323.2,323.2,3.2,1.0,809,261468,382.1,164.45
SUNFLAG,SUNFLAGEQN,359.4,363.0,363.0,3.6,1.0,703,255189,428.0,192.15
ANNAPURNA,ANNAPURNASMN,125.55,126.8,126.8,1.25,1.0,250,31700,305.0,120.75
KPL,KPLEQN,2604.0,2630.0,2630.0,26.0,1.0,10,26300,2890.3,1561.0
LAXMICOT,LAXMICOTEQN,14.1,14.24,14.24,0.14,0.99,8,113,28.5,11.7
GOKULAGRO,GOKULAGROEQN,223.2,225.4,225.4,2.2,0.99,7130,1607102,249.92,142.5
BOROSCI,BOROSCIEQN,157.14,158.69,158.69,1.55,0.99,636,100926,180.8,96.64
EBGNG,EBGNGEQN,560.5,566.0,566.0,5.5,0.98,3856,2182496,689.5,239.0
INDOWIND,INDOWINDBEN,9.23,9.32,9.32,0.09,0.98,157,1463,18.94,7.0
UNIENTER,UNIENTEREQN,95.08,96.0,96.0,0.92,0.97,3,288,163.03,87.51
PTL,PTLEQN,39.15,39.53,39.53,0.38,0.97,12,474,43.77,36.1
GTL,GTLEQN,7.29,7.36,7.36,0.07,0.96,1272,9361,11.26,4.91
OPTIVALUE,OPTIVALUESMN,156.7,158.2,158.2,1.5,0.96,6400,1012480,156.95,56.05
AUTOIND,AUTOINDBEN,87.41,88.25,88.25,0.84,0.96,2,176,103.5,48.35
INTLCONV,INTLCONVEQN,74.57,75.28,75.28,0.71,0.95,15,1129,114.54,60.0
SHALPAINTS,SHALPAINTSEQN,69.42,70.08,70.08,0.66,0.95,41,2873,88.71,35.21
INDOTHAI,INDOTHAIEQN,217.94,220.0,220.0,2.06,0.95,10024,2205280,466.35,143.65
VOEPL,VOEPLEQN,491.2,495.8,495.8,4.6,0.94,474,235009,534.45,428.65
MOSCHIP,MOSCHIPEQN,211.03,213.0,213.0,1.97,0.93,12581,2679753,288.45,146.8
PARADEEP,PARADEEPEQN,156.54,158.0,158.0,1.46,0.93,149321,23592718,234.39,99.7
STOVEKRAFT,STOVEKRAFTEQN,807.2,814.65,814.65,7.45,0.92,65,52952,828.0,447.05
MUKKA,MUKKAEQN,23.04,23.25,23.25,0.21,0.91,1,23,31.23,18.27
IIFL,IIFLEQN,595.1,600.5,600.5,5.4,0.91,15806,9491503,675.0,409.1
AARTISURF,AARTISURFEQN,390.5,394.0,394.0,3.5,0.9,1,394,575.85,316.0
PIONEEREMB,PIONEEREMBEQN,23.75,23.96,23.96,0.21,0.88,4,95,44.9,19.61
NOVARTIND,NOVARTINDEQN,1595.9,1610.0,1610.0,14.1,0.88,15,24150,1780.0,950.0
COFFEEDAY,COFFEEDAYBEN,30.62,30.89,30.89,0.27,0.88,1295,40002,51.46,21.0
BLISSGVS,BLISSGVSBEN,456.0,460.0,460.0,4.0,0.88,2,920,553.0,118.0
AGIIL,AGIILEQN,305.35,308.0,308.0,2.65,0.87,12918,3978744,434.4,208.2
CREDITACC,CREDITACCEQN,1590.4,1604.0,1604.0,13.6,0.86,873,1400292,1614.0,1113.0
SAYAJIHOTL,SAYAJIHOTLEQN,285.35,287.8,287.8,2.45,0.86,4,1151,330.0,265.5
NDL,NDLEQN,2.36,2.38,2.38,0.02,0.85,6452,15355,3.76,1.8
ZENTEC,ZENTECEQN,1646.1,1660.0,1660.0,13.9,0.84,2108,3499280,2024.0,1223.0
GLAND,GLANDEQN,2543.7,2565.0,2565.0,21.3,0.84,2645,6784425,2573.5,1573.6
GICL,GICLEQN,16.93,17.07,17.07,0.14,0.83,72,1229,52.4,15.61
DCMSHRIRAM,DCMSHRIRAMEQN,1051.2,1059.9,1059.9,8.7,0.83,719,762068,1460.0,945.1
DCI,DCIEQN,272.75,275.0,275.0,2.25,0.82,56,15400,475.0,201.35
STEELCAS,STEELCASEQN,305.4,307.9,307.9,2.5,0.82,457,140710,344.0,176.02
ALKALI,ALKALIBEN,70.76,71.34,71.34,0.58,0.82,1,71,107.38,46.8
NGLFINE,NGLFINEEQN,3251.5,3278.0,3278.0,26.5,0.82,30,98340,3349.0,1175.5
EMKAY,EMKAYEQN,240.85,242.8,242.8,1.95,0.81,2,485,409.9,186.0
ASTRAL,ASTRALEQN,1476.3,1488.3,1488.3,12.0,0.81,6321,9407544,1768.7,1263.7
ALLTIME,ALLTIMEEQN,229.15,231.0,231.0,1.85,0.81,1100,254100,334.9,186.0
UDS,UDSEQN,200.21,201.81,201.81,1.6,0.8,501,101106,295.0,125.1
CHEMFAB,CHEMFABBEN,378.95,382.0,382.0,3.05,0.8,3,1146,849.0,290.35
BOSCH-HCIL,BOSCH-HCILEQN,1317.6,1328.0,1328.0,10.4,0.79,42,55776,1785.6,1021.3
AEGISVOPAK,AEGISVOPAKEQN,295.41,297.7,297.7,2.29,0.78,825,245602,311.49,158.0
VIKASLIFE,VIKASLIFEEQN,1.29,1.3,1.3,0.01,0.78,12755,16581,2.45,1.05
NECLIFE,NECLIFEBEN,10.22,10.3,10.3,0.08,0.78,330,3399,22.4,9.3
MAJESAUT,MAJESAUTEQN,430.1,433.45,433.45,3.35,0.78,10,4334,439.95,274.0
HUBTOWN,HUBTOWNEQN,191.52,193.0,193.0,1.48,0.77,2299,443707,365.7,168.15
AARTIDRUGS,AARTIDRUGSEQN,411.25,414.4,414.4,3.15,0.77,481,199326,549.3,318.95
AJOONI,AJOONIEQN,3.96,3.99,3.99,0.03,0.76,178,710,5.94,3.4
RANASUG,RANASUGEQN,11.91,12.0,12.0,0.09,0.76,2,24,15.69,10.21
GOYALALUM,GOYALALUMEQN,6.61,6.66,6.66,0.05,0.76,222,1478,11.37,5.34
WELENT,WELENTEQN,593.15,597.6,597.6,4.45,0.75,263,157168,634.9,412.0
SUNDRMFAST,SUNDRMFASTEQN,960.95,968.15,968.15,7.2,0.75,49,47439,1072.0,730.1
TRAVELFOOD,TRAVELFOODEQN,1287.5,1297.0,1297.0,9.5,0.74,22,28534,1445.0,1008.5
KIRLOSIND,KIRLOSINDEQN,3760.2,3788.2,3788.2,28.0,0.74,21,79552,4574.8,2463.0
SINGERIND,SINGERINDEQN,65.22,65.7,65.7,0.48,0.74,66,4336,80.0,57.15
ARROWGREEN,ARROWGREENBEN,714.75,720.0,720.0,5.25,0.73,11,7920,817.95,341.95
ESTER,ESTEREQN,88.95,89.6,89.6,0.65,0.73,5,448,132.45,68.55
VRLLOG,VRLLOGEQN,262.52,264.44,264.44,1.92,0.73,826,218427,318.25,225.0
ASIANENE,ASIANENEEQN,388.85,391.7,391.7,2.85,0.73,343,134353,395.8,230.0
E2E,E2EEQN,491.45,495.0,495.0,3.55,0.72,10207,5052465,567.8,183.36
LOVABLE,LOVABLEEQN,70.48,70.99,70.99,0.51,0.72,300,21297,104.7,55.0
SURYODAY,SURYODAYEQN,162.33,163.5,163.5,1.17,0.72,2498,408423,218.0,115.41
COALINDIA,COALINDIAEQN,410.05,412.95,412.95,2.9,0.71,13604,5617771,491.25,368.65
PNGJL,PNGJLEQN,670.15,674.8,674.8,4.65,0.69,1150,776020,736.4,503.0
KHAICHEM,KHAICHEMEQN,48.15,48.48,48.48,0.33,0.69,1001,48528,135.8,42.92
PASHUPATI,PASHUPATIEQN,86.53,87.13,87.13,0.6,0.69,493,42955,118.35,66.4
KNAGRI,KNAGRIEQN,209.56,211.0,211.0,1.44,0.69,210,44310,265.0,148.3
KAPSTON,KAPSTONEQN,461.25,464.4,464.4,3.15,0.68,424,196905,469.0,157.01
SAMBHV,SAMBHVEQN,115.81,116.6,116.6,0.79,0.68,5549,647013,141.32,81.42
HOMEFIRST,HOMEFIRSTEQN,1174.5,1182.5,1182.5,8.0,0.68,481,568782,1375.0,893.7
JAGRAN,JAGRANEQN,62.55,62.97,62.97,0.42,0.67,1795,113031,78.9,59.5
UNIPARTS,UNIPARTSEQN,725.05,729.9,729.9,4.85,0.67,1057,771504,731.45,335.0
SHINDL,SHINDLEQN,160.87,161.95,161.95,1.08,0.67,11,1781,179.7,130.6
INNOVACAP,INNOVACAPEQN,968.65,975.15,975.15,6.5,0.67,138,134570,1034.85,622.0
FCSSOFT,FCSSOFTEQN,1.51,1.52,1.52,0.01,0.66,5544,8426,2.61,1.05
KRONOX,KRONOXEQN,153.98,155.0,155.0,1.02,0.66,1,155,187.7,96.0
JUNIPER,JUNIPEREQN,197.09,198.4,198.4,1.31,0.66,106,21030,313.95,188.5
KDDL,KDDLEQN,3124.9,3145.4,3145.4,20.5,0.66,52,163560,3416.0,1990.0
MANCREDIT,MANCREDITEQN,217.53,218.95,218.95,1.42,0.65,846,185231,265.0,152.06
BASF,BASFEQN,3740.7,3740.0,3740.0,24.3,0.65,20,74800,5150.0,3122.2
ANANTAM,ANANTAMIVN,105.31,105.99,105.99,0.68,0.65,27,2861,117.0,100.1
MAHASTEEL,MAHASTEELEQN,905.65,911.45,911.45,5.8,0.64,100,91145,1050.0,312.2
EVEREADY,EVEREADYEQN,346.55,348.75,348.75,2.2,0.63,187,65216,475.2,259.65
RUPA,RUPAEQN,161.09,162.1,162.1,1.01,0.63,500,81050,218.0,109.21
NELCO,NELCOEQN,934.1,940.0,940.0,5.9,0.63,970,911800,993.8,500.1
SALZERELEC,SALZERELECEQN,570.6,574.15,574.15,3.55,0.62,135,77510,964.7,488.8
KIRLOSENG,KIRLOSENGEQN,2180.9,2194.5,2194.5,13.6,0.62,718,1575651,2720.0,855.8
SHREEJISPG,SHREEJISPGEQN,624.15,628.0,628.0,3.85,0.62,59,37052,639.8,222.0
SKYGOLD,SKYGOLDEQN,653.5,657.5,657.5,4.0,0.61,1641,1078957,689.9,246.05
RAMKY,RAMKYEQN,370.05,372.3,372.3,2.25,0.61,133,49515,705.0,368.0
HDFCBANK,HDFCBANKEQN,748.2,752.8,752.8,4.6,0.61,394068,296654390,1020.5,726.65
KIRLOSBROS,KIRLOSBROSEQN,1854.7,1866.0,1866.0,11.3,0.61,220,410520,2189.2,1335.0
POONAWALLA,POONAWALLAEQN,481.6,484.5,484.5,2.9,0.6,6627,3210781,570.4,361.2
MIRZAINT,MIRZAINTEQN,35.14,35.35,35.35,0.21,0.6,68,2403,44.0,24.95
REFEX,REFEXEQN,314.95,316.8,316.8,1.85,0.59,8837,2799561,454.4,188.0
GANDHITUBE,GANDHITUBEEQN,874.8,880.0,880.0,5.2,0.59,1,880,1031.8,649.5
DVL,DVLEQN,237.5,238.9,238.9,1.4,0.59,4,955,386.0,186.99
DEVYANI,DEVYANIEQN,118.36,119.06,119.06,0.7,0.59,51120,6086347,191.0,91.55
ECOSMOBLTY,ECOSMOBLTYBEN,131.92,132.7,132.7,0.78,0.59,43,5706,326.25,103.94
SUNTECK,SUNTECKEQN,309.1,310.9,310.9,1.8,0.58,466,144879,473.0,270.75
METROBRAND,METROBRANDEQN,1032.6,1038.6,1038.6,6.0,0.58,16,16617,1340.4,883.0
SCILAL,SCILALEQN,41.34,41.58,41.58,0.24,0.58,21,873,55.0,34.3
HINDALCO,HINDALCOEQN,962.45,968.0,968.0,5.55,0.58,23128,22387904,1176.0,657.5
CANTABIL,CANTABILEQN,238.11,239.5,239.5,1.39,0.58,800,191600,321.5,208.5
VALIANTORG,VALIANTORGBEN,269.45,271.0,271.0,1.55,0.58,7,1897,397.0,195.0
BORANA,BORANAEQN,327.6,329.5,329.5,1.9,0.58,2,659,420.0,211.0
AJAXENGG,AJAXENGGEQN,576.65,579.95,579.95,3.3,0.57,17,9859,730.1,394.8
XCHANGING,XCHANGINGEQN,66.82,67.2,67.2,0.38,0.57,564,37900,103.0,47.5
CHEMPLASTS,CHEMPLASTSEQN,203.35,204.5,204.5,1.15,0.57,250,51125,460.8,193.11
POCL,POCLEQN,527.7,530.7,530.7,3.0,0.57,1533,813563,647.6,392.2
PRSMJOHNSN,PRSMJOHNSNEQN,107.9,108.52,108.52,0.62,0.57,875,94955,176.0,106.01
KAMAHOLD,KAMAHOLDEQN,2538.0,2552.5,2552.5,14.5,0.57,1,2552,2750.0,2461.0
EXICOM,EXICOMEQN,159.35,160.24,160.24,0.89,0.56,4061,650734,182.9,75.6
EIEL,EIELEQN,216.07,217.27,217.27,1.2,0.56,7597,1650600,276.1,134.71
DENTA,DENTAEQN,337.75,339.65,339.65,1.9,0.56,287,97479,479.6,222.0
RELAXO,RELAXOEQN,409.1,411.4,411.4,2.3,0.56,998,410577,526.0,236.5
SANSTAR,SANSTAREQN,111.53,112.15,112.15,0.62,0.56,20,2243,137.49,74.3
BRIGADE,BRIGADEEQN,564.25,567.4,567.4,3.15,0.56,1396,792090,802.01,450.75
EQUITASBNK,EQUITASBNKEQN,73.13,73.54,73.54,0.41,0.56,7131,524413,83.9,50.0
SIGNATURE,SIGNATUREEQN,819.6,824.15,824.15,4.55,0.56,356,293397,1168.6,705.2
CARERATING,CARERATINGEQN,1689.6,1699.0,1699.0,9.4,0.56,318,540282,1838.0,1392.7
GEOJITFSL,GEOJITFSLEQN,75.38,75.8,75.8,0.42,0.56,890,67462,85.39,50.86
SOMANYCERA,SOMANYCERAEQN,485.9,488.6,488.6,2.7,0.56,113,55211,555.55,332.0
JSWCEMENT,JSWCEMENTEQN,132.46,133.2,133.2,0.74,0.56,3104,413452,162.15,106.65
NEWGEN,NEWGENEQN,560.5,563.6,563.6,3.1,0.55,9539,5376180,1041.95,401.05
ELECON,ELECONEQN,423.75,426.1,426.1,2.35,0.55,1344,572678,634.9,352.0
NETWORK18,NETWORK18EQN,29.24,29.4,29.4,0.16,0.55,12324,362325,60.9,27.38
EPL,EPLEQN,234.44,235.72,235.72,1.28,0.55,1056,248920,246.86,176.4
INTELLECT,INTELLECTEQN,720.0,723.95,723.95,3.95,0.55,404,292475,1244.6,595.2
CEINSYS,CEINSYSEQN,852.0,856.7,856.7,4.7,0.55,17,14563,1249.9,841.2
SAMHI,SAMHIEQN,181.72,182.72,182.72,1.0,0.55,5349,977369,234.8,127.0
HINDZINC,HINDZINCEQN,536.7,539.65,539.65,2.95,0.55,22132,11943533,733.0,413.5
DCMSRIND,DCMSRINDEQN,39.68,39.9,39.9,0.22,0.55,1064,42453,181.9,31.9
DALBHARAT,DALBHARATEQN,1823.0,1833.0,1833.0,10.0,0.55,106,194298,2496.3,1605.0
COROMANDEL,COROMANDELEQN,2037.6,2048.9,2048.9,11.3,0.55,280,573692,2718.9,1706.5
GOLDIAM,GOLDIAMEQN,352.8,354.75,354.75,1.95,0.55,1111,394127,393.65,198.75
JSL,JSLEQN,728.5,732.5,732.5,4.0,0.55,733,536922,884.0,652.25
ATHERENERG,ATHERENERGEQN,1246.1,1253.0,1253.0,6.9,0.55,12093,15152529,1345.0,336.35
JAINREC,JAINRECEQN,335.35,337.2,337.2,1.85,0.55,805,271446,593.95,247.57
SEDEMAC,SEDEMACEQN,2657.8,2672.5,2672.5,14.7,0.55,281,750972,2977.7,1413.1
FINEORG,FINEORGEQN,4794.0,4820.5,4820.5,26.5,0.55,1,4820,5407.0,3856.0
SOLARA,SOLARAEQN,506.2,508.95,508.95,2.75,0.54,10,5089,712.0,422.0
LAXMIINDIA,LAXMIINDIABEN,123.83,124.5,124.5,0.67,0.54,10,1245,180.9,71.06
PALASHSECU,PALASHSECUEQN,87.54,88.0,88.0,0.46,0.53,147,12936,134.8,79.01
RSYSTEMS,RSYSTEMSEQN,264.19,265.6,265.6,1.41,0.53,2032,539699,496.9,213.52
CIEINDIA,CIEINDIAEQN,414.75,416.95,416.95,2.2,0.53,1535,640018,526.0,381.1
BRIGHOTEL,BRIGHOTELEQN,59.98,60.3,60.3,0.32,0.53,1006,60661,91.77,54.36
ARIHANTCAP,ARIHANTCAPEQN,76.6,77.0,77.0,0.4,0.52,1622,124894,120.0,56.97
KRISHANA,KRISHANAEQN,164.55,165.4,165.4,0.85,0.52,5437,899279,174.0,86.2
WHIRLPOOL,WHIRLPOOLEQN,788.85,792.95,792.95,4.1,0.52,446,353655,1437.0,753.15
MCX,MCXEQN,2717.5,2731.7,2731.7,14.2,0.52,2726,7446614,3480.0,1460.8
ABAN,ABANBEN,15.3,15.38,15.38,0.08,0.52,69,1061,52.14,12.89
BAJAJHCARE,BAJAJHCAREEQN,326.0,327.7,327.7,1.7,0.52,109,35719,536.0,272.35
TVSHLTD,TVSHLTDEQN,14803.0,14878.0,14878.0,75.0,0.51,2,29756,16297.0,11063.0
RUCHINFRA,RUCHINFRAEQN,5.87,5.9,5.9,0.03,0.51,801,4725,8.25,4.05
TVSSCS,TVSSCSEQN,137.15,137.85,137.85,0.7,0.51,1069,147361,146.5,90.32
THOMASCOTT,THOMASCOTTEQN,302.05,303.6,303.6,1.55,0.51,22,6679,459.8,230.0
JAYSREETEA,JAYSREETEAEQN,82.56,82.98,82.98,0.42,0.51,284,23566,115.2,70.55
NOCIL,NOCILEQN,166.35,167.2,167.2,0.85,0.51,1967,328882,204.5,125.31
SESHAPAPER,SESHAPAPEREQN,233.36,234.54,234.54,1.18,0.51,1,234,293.11,209.96
ELIN,ELINEQN,100.55,101.06,101.06,0.51,0.51,100,10106,234.0,93.65
AEGISLOG,AEGISLOGEQN,1282.6,1289.2,1289.2,6.6,0.51,1895,2443034,1434.5,576.1
SPAL,SPALEQN,1009.0,1014.0,1014.0,5.0,0.5,50,50700,1221.9,600.0
PDMJEPAPER,PDMJEPAPEREQN,98.37,98.86,98.86,0.49,0.5,1241,122685,148.39,65.0
VASWANI,VASWANIEQN,52.09,52.35,52.35,0.26,0.5,4,209,69.99,48.58
EXPLEOSOL,EXPLEOSOLEQN,925.4,930.05,930.05,4.65,0.5,4148,3857847,1245.0,640.0
GEMAROMA,GEMAROMAEQN,189.28,190.23,190.23,0.95,0.5,105,19974,349.6,133.0
INDUSINVIT,INDUSINVITIVN,131.15,131.8,131.8,0.65,0.5,406,53510,134.9,110.0
PARKHOTELS,PARKHOTELSEQN,121.64,122.25,122.25,0.61,0.5,1,122,164.1,95.1
PLATIND,PLATINDEQN,238.37,239.57,239.57,1.2,0.5,52,12457,342.4,183.5
INDUSTOWER,INDUSTOWEREQN,386.15,388.1,388.1,1.95,0.5,9799,3802991,481.5,312.55
TRENT,TRENTEQN,3005.2,3020.2,3020.2,15.0,0.5,6886,20797097,3782.67,2183.67
MMFL,MMFLEQN,548.7,551.45,551.45,2.75,0.5,221,121870,565.0,288.1
WINDLAS,WINDLASEQN,858.55,862.85,862.85,4.3,0.5,20,17257,1097.9,697.4
HESTERBIO,HESTERBIOEQN,2496.9,2509.4,2509.4,12.5,0.5,7,17565,2660.0,1239.3
IGARASHI,IGARASHIEQN,455.85,458.15,458.15,2.3,0.5,8,3665,665.0,271.05
ICRA,ICRAEQN,4775.5,4799.5,4799.5,24.0,0.5,17,81591,6982.0,4692.0
BAJEL,BAJELEQN,177.62,178.51,178.51,0.89,0.5,100,17851,255.9,135.1
SIYSIL,SIYSILEQN,617.05,620.15,620.15,3.1,0.5,80,49612,848.8,433.35
CONCORDBIO,CONCORDBIOEQN,1330.4,1337.0,1337.0,6.6,0.5,186,248682,1880.8,987.0
MUTHOOTCAP,MUTHOOTCAPEQN,221.66,222.76,222.76,1.1,0.5,5,1113,323.0,175.25
SILVERTUC,SILVERTUCEQN,209.99,211.03,211.03,1.04,0.5,1093,230655,212.7,66.19
ONGC,ONGCEQN,238.31,239.5,239.5,1.19,0.5,24661,5906309,307.5,227.65
MHRIL,MHRILEQN,214.93,216.0,216.0,1.07,0.5,346,74736,368.9,207.9
SANGAMIND,SANGAMINDEQN,598.75,601.75,601.75,3.0,0.5,140,84245,672.5,341.55
GUJTHEM,GUJTHEMEQN,356.9,358.7,358.7,1.8,0.5,111,39815,479.0,225.05
TINNARUBR,TINNARUBREQN,1101.05,1106.55,1106.55,5.5,0.5,65,71925,1322.0,527.45
VEEDOL,VEEDOLEQN,1385.3,1392.2,1392.2,6.9,0.5,10,13922,2035.0,1238.2
ALEMBICLTD,ALEMBICLTDEQN,90.28,90.73,90.73,0.45,0.5,714,64781,114.8,70.46
GNA,GNAEQN,532.15,534.8,534.8,2.65,0.5,515,275422,601.65,291.8
GKSL,GKSLEQN,127.1,127.74,127.74,0.64,0.5,512,65402,148.34,98.36
KOVAI,KOVAIEQN,5945.0,5975.0,5975.0,30.0,0.5,2,11950,6340.0,5275.5
TARIL,TARILEQN,298.0,299.45,299.45,1.45,0.49,5492,1644579,578.5,224.05
TPLPLASTEH,TPLPLASTEHEQN,79.04,79.43,79.43,0.39,0.49,57,4527,90.33,50.01
ASHIMASYN,ASHIMASYNEQN,18.19,18.28,18.28,0.09,0.49,2,36,27.83,11.5
ADVANIHOTR,ADVANIHOTREQN,51.19,51.44,51.44,0.25,0.49,5,257,68.39,47.0
CARBORUNIV,CARBORUNIVEQN,1056.0,1061.2,1061.2,5.2,0.49,10,10612,1306.9,735.2
VISHNU,VISHNUEQN,617.45,620.5,620.5,3.05,0.49,161,99900,670.0,443.7
JSWDULUX,JSWDULUXEQN,2973.5,2988.0,2988.0,14.5,0.49,1,2988,3868.0,2658.7
NIACL,NIACLEQN,164.13,164.94,164.94,0.81,0.49,2561,422411,218.0,116.97
FRONTSP,FRONTSPEQN,1326.5,1333.0,1333.0,6.5,0.49,28,37324,1869.0,1309.1
MOBIKWIK,MOBIKWIKEQN,202.03,203.0,203.0,0.97,0.48,1860,377580,334.0,151.46
SHK,SHKEQN,163.44,164.22,164.22,0.78,0.48,13693,2248664,275.5,111.98
ONELIFECAP,ONELIFECAPBEN,37.19,37.37,37.37,0.18,0.48,1,37,40.1,10.62
SYSTANGO,SYSTANGOSMN,218.05,219.1,219.1,1.05,0.48,400,87640,411.0,202.55
ARIHANTSUP,ARIHANTSUPEQN,259.35,260.6,260.6,1.25,0.48,50,13030,465.0,188.8
GANESHCP,GANESHCPEQN,167.19,168.0,168.0,0.81,0.48,44,7392,309.95,152.0
RAMASTEEL,RAMASTEELBEN,4.17,4.19,4.19,0.02,0.48,18511,77561,11.58,3.43
KANSAINER,KANSAINEREQN,200.06,201.0,201.0,0.94,0.47,162,32562,264.0,157.91
NIVABUPA,NIVABUPAEQN,85.74,86.14,86.14,0.4,0.47,2279,196313,91.2,67.5
BHARATRAS,BHARATRASEQN,1275.9,1281.9,1281.9,6.0,0.47,1,1281,3000.0,1203.0
PENIND,PENINDEQN,167.67,168.45,168.45,0.78,0.47,657,110671,279.9,129.1
WANBURY,WANBURYEQN,305.9,307.35,307.35,1.45,0.47,26,7991,358.85,161.5
INA,INAEQN,111.73,112.26,112.26,0.53,0.47,1652,185453,161.81,79.75
ATL,ATLEQN,23.39,23.5,23.5,0.11,0.47,11,258,37.86,18.2
IGPL,IGPLEQN,463.5,460.65,460.65,2.15,0.47,9,4145,498.75,315.0
SKFINDIA,SKFINDIAEQN,1479.4,1486.3,1486.3,6.9,0.47,32,47561,5074.0,1404.0
HLEGLAS,HLEGLASEQN,428.0,430.0,430.0,2.0,0.47,156,67080,661.95,250.0
GILLETTE,GILLETTEEQN,7892.0,7929.0,7929.0,37.0,0.47,30,237870,11281.0,7206.0
RAYMONDLSL,RAYMONDLSLEQN,713.15,716.45,716.45,3.3,0.46,131,93854,1350.0,696.25
MANAKCOAT,MANAKCOATEQN,123.64,124.21,124.21,0.57,0.46,11,1366,182.82,94.2
BBL,BBLEQN,2572.2,2584.1,2584.1,11.9,0.46,13,33593,3411.0,2051.7
SKFINDUS,SKFINDUSEQN,2667.6,2679.9,2679.9,12.3,0.46,7,18759,3041.0,1994.1
SOBHA,SOBHAEQN,1363.7,1370.0,1370.0,6.3,0.46,261,357570,1732.0,1130.0
CELLO,CELLOEQN,345.1,346.7,346.7,1.6,0.46,74,25655,673.8,336.6
UBL,UBLEQN,1440.2,1446.8,1446.8,6.6,0.46,210,303828,2009.6,1276.0
RPGLIFE,RPGLIFEEQN,2850.2,2863.4,2863.4,13.2,0.46,43,123126,3082.0,1733.0
VINATIORGA,VINATIORGAEQN,1309.0,1315.0,1315.0,6.0,0.46,46,60490,1909.8,1203.0
JARO,JAROEQN,476.45,478.65,478.65,2.2,0.46,51,24411,890.0,383.5
AMAGI,AMAGIEQN,650.9,653.9,653.9,3.0,0.46,368,240635,677.8,310.2
BAGFILMS,BAGFILMSEQN,4.47,4.49,4.49,0.02,0.45,437,1962,8.0,3.61
CEATLTD,CEATLTDEQN,3433.8,3449.2,3449.2,15.4,0.45,144,496684,4438.0,3000.5
BPL,BPLEQN,52.57,52.8,52.8,0.23,0.44,103,5438,91.28,37.61
BLBLIMITED,BLBLIMITEDEQN,15.82,15.89,15.89,0.07,0.44,2,31,22.47,12.0
PCJEWELLER,PCJEWELLEREQN,9.1,9.14,9.14,0.04,0.44,537262,4910574,16.1,7.47
IPL,IPLEQN,152.73,153.4,153.4,0.67,0.44,719,110294,245.84,125.0
ALKYLAMINE,ALKYLAMINEEQN,1817.3,1825.3,1825.3,8.0,0.44,100,182530,2400.0,1212.0
TIINDIA,TIINDIAEQN,2786.7,2798.9,2798.9,12.2,0.44,18,50380,3419.9,2164.9
FLEXITUFF,FLEXITUFFBEN,4.52,4.54,4.54,0.02,0.44,1,4,35.99,4.34
KAMOPAINTS,KAMOPAINTSEQN,4.59,4.61,4.61,0.02,0.44,31,142,10.76,3.6
BLUESTARCO,BLUESTARCOEQN,1680.8,1688.0,1688.0,7.2,0.43,794,1340272,2040.0,1450.0
ANDHRSUGAR,ANDHRSUGAREQN,83.87,84.23,84.23,0.36,0.43,4120,347027,107.23,66.5
AIAENG,AIAENGEQN,4643.5,4663.5,4663.5,20.0,0.43,58,270483,5180.0,3001.1
PURVA,PURVAEQN,214.25,215.16,215.16,0.91,0.42,200,43032,305.0,160.69
GOPAL,GOPALEQN,264.3,265.4,265.4,1.1,0.42,161,42729,398.0,247.55
SMARTWORKS,SMARTWORKSEQN,480.0,482.0,482.0,2.0,0.42,14,6748,619.0,361.5
NEPHROPLUS,NEPHROPLUSEQN,706.05,709.0,709.0,2.95,0.42,384,272256,769.75,446.0
OBEROIRLTY,OBEROIRLTYEQN,1836.5,1844.0,1844.0,7.5,0.41,207,381708,1986.1,1391.2
ADANIPORTS,ADANIPORTSEQN,1719.7,1726.7,1726.7,7.0,0.41,28056,48444295,1891.1,1290.5
PIXTRANS,PIXTRANSEQN,1722.4,1729.4,1729.4,7.0,0.41,73,126246,1937.9,1220.1
BEPL,BEPLEQN,114.53,115.0,115.0,0.47,0.41,5413,622495,138.5,74.2
HAPPYFORGE,HAPPYFORGEEQN,1659.1,1665.9,1665.9,6.8,0.41,19,31652,1670.7,862.05
EMPOWER,EMPOWERBEN,2.44,2.45,2.45,0.01,0.41,38446,94192,2.82,1.3
SAIPARENT,SAIPARENTEQN,552.65,554.9,554.9,2.25,0.41,3,1664,706.0,400.0
GARFIBRES,GARFIBRESEQN,729.95,732.9,732.9,2.95,0.4,49,35912,918.65,579.75
TATASTEEL,TATASTEELEQN,187.27,188.01,188.01,0.74,0.4,63326,11905921,224.4,152.51
MINDACORP,MINDACORPEQN,692.25,695.0,695.0,2.75,0.4,467,324565,713.65,445.05
MUNJALSHOW,MUNJALSHOWEQN,137.15,137.7,137.7,0.55,0.4,25,3442,152.0,110.3
SIKKO,SIKKOEQN,5.11,5.13,5.13,0.02,0.39,1225,6284,6.83,3.2
INDOBORAX,INDOBORAXEQN,384.6,386.1,386.1,1.5,0.39,31,11969,499.0,224.0
REDTAPE,REDTAPEEQN,131.78,132.29,132.29,0.51,0.39,2228,294742,163.5,107.53
INOXWIND,INOXWINDEQN,76.6,76.9,76.9,0.3,0.39,66391,5105467,159.3,75.05
GOKEX,GOKEXEQN,824.75,827.95,827.95,3.2,0.39,1190,985260,954.9,531.0
KWIL,KWILEQN,30.95,31.07,31.07,0.12,0.39,12965,402822,39.45,22.24
NORTHARC,NORTHARCEQN,288.8,289.9,289.9,1.1,0.38,1297,376000,334.0,206.0
GPTINFRA,GPTINFRAEQN,122.38,122.84,122.84,0.46,0.38,415,50978,150.0,96.22
SAGCEM,SAGCEMEQN,175.39,176.05,176.05,0.66,0.38,40,7042,299.4,148.7
SHILPAMED,SHILPAMEDEQN,604.6,606.9,606.9,2.3,0.38,213,129269,650.0,259.5
KALYANKJIL,KALYANKJILEQN,628.6,631.0,631.0,2.4,0.38,74185,46810735,634.7,327.05
HEROMOTOCO,HEROMOTOCOEQN,5149.1,5168.8,5168.8,19.7,0.38,958,4951710,6388.5,4201.0
GLENMARK,GLENMARKEQN,2261.7,2270.2,2270.2,8.5,0.38,1049,2381439,2474.0,1792.6
KSCL,KSCLEQN,806.75,809.85,809.85,3.1,0.38,83,67217,1225.0,705.1
NDTV,NDTVEQN,76.2,76.49,76.49,0.29,0.38,171,13079,134.5,58.75
DEEPINDS,DEEPINDSEQN,542.95,545.0,545.0,2.05,0.38,8460,4610700,578.0,330.0
AURIONPRO,AURIONPROEQN,731.7,734.45,734.45,2.75,0.38,1251,918796,1507.0,719.6
OMAXE,OMAXEEQN,85.53,85.85,85.85,0.32,0.37,122,10473,102.5,62.5
5PAISA,5PAISAEQN,348.4,349.7,349.7,1.3,0.37,45,15736,400.0,245.5
TEGA,TEGAEQN,1504.4,1510.0,1510.0,5.6,0.37,85,128350,2125.0,1496.0
MTNL,MTNLEQN,27.2,27.3,27.3,0.1,0.37,3647,99563,48.69,21.26
PIDILITIND,PIDILITINDEQN,1629.9,1636.0,1636.0,6.1,0.37,1524,2493264,1637.0,1259.0
ZFCVINDIA,ZFCVINDIAEQN,2389.7,2398.6,2398.6,8.9,0.37,118,283034,3044.0,2050.33
HERITGFOOD,HERITGFOODEQN,328.75,329.95,329.95,1.2,0.37,1390,458630,540.0,292.55
INFOMEDIA,INFOMEDIAEQN,5.41,5.43,5.43,0.02,0.37,1,5,8.05,4.5
BUILDPRO,BUILDPROEQN,1230.2,1234.8,1234.8,4.6,0.37,60,74088,1365.0,636.0
ULTRACEMCO,ULTRACEMCOEQN,11998.0,11800.0,11800.0,42.0,0.36,2413,28473400,13110.0,10325.0
FILATEX,FILATEXEQN,71.45,71.71,71.71,0.26,0.36,1353,97023,77.54,36.26
SSWL,SSWLEQN,297.78,298.85,298.85,1.07,0.36,1671,499378,304.08,169.0
KTKBANK,KTKBANKEQN,279.0,280.0,280.0,1.0,0.36,81201,22736280,287.0,169.12
INDIGRID,INDIGRIDIVN,178.32,178.96,178.96,0.64,0.36,469,83932,180.9,153.22
NUVOCO,NUVOCOEQN,351.75,353.0,353.0,1.25,0.36,233,82249,477.5,276.25
OAL,OALEQN,398.45,399.9,399.9,1.45,0.36,467,186753,400.0,228.0
GCSL,GCSLEQN,517.9,519.75,519.75,1.85,0.36,50,25987,538.7,213.15
HAWKINCOOK,HAWKINCOOKEQN,8520.5,8551.0,8551.0,30.5,0.36,5,42755,9600.0,7109.0
SURAJEST,SURAJESTEQN,195.32,196.0,196.0,0.68,0.35,1,196,349.35,171.3
GODAVARIB,GODAVARIBEQN,269.05,270.0,270.0,0.95,0.35,165,44550,353.0,227.42
DHANUKA,DHANUKAEQN,1018.0,1021.6,1021.6,3.6,0.35,21,21453,1975.0,889.6
TI,TIEQN,465.4,467.05,467.05,1.65,0.35,7802,3643924,549.7,381.55
ELECTCAST,ELECTCASTEQN,71.97,72.22,72.22,0.25,0.35,4788,345789,115.28,60.15
PGIL,PGILEQN,2060.6,2067.8,2067.8,7.2,0.35,330,682374,2144.2,1178.1
RATNAMANI,RATNAMANIEQN,2389.2,2397.6,2397.6,8.4,0.35,8,19180,3345.0,1936.5
AMBIKCO,AMBIKCOEQN,1703.0,1709.0,1709.0,6.0,0.35,10,17090,1816.3,1101.0
HEG,HEGEQN,672.65,675.0,675.0,2.35,0.35,7219,4872825,690.0,459.8
HCLTECH,HCLTECHEQN,1344.3,1349.0,1349.0,4.7,0.35,9486,12796614,1780.1,1030.0
ONWARDTEC,ONWARDTECEQN,297.85,298.9,298.9,1.05,0.35,100,29890,357.0,208.25
VGUARD,VGUARDEQN,301.95,303.0,303.0,1.05,0.35,43749,13255947,393.7,288.8
BLKASHYAP,BLKASHYAPEQN,54.01,54.2,54.2,0.19,0.35,300,16260,80.01,40.32
DISHTV,DISHTVBEN,2.83,2.84,2.84,0.01,0.35,2855,8108,5.99,1.82
TENNIND,TENNINDEQN,538.6,540.5,540.5,1.9,0.35,101,54590,657.0,438.05
AUTOAXLES,AUTOAXLESEQN,1805.2,1811.5,1811.5,6.3,0.35,7,12680,2115.0,1540.2
DUCON,DUCONEQN,2.97,2.98,2.98,0.01,0.34,601,1790,6.45,2.22
SIGIND,SIGINDEQN,49.43,49.6,49.6,0.17,0.34,1208,59916,61.95,40.66
SHOPERSTOP,SHOPERSTOPEQN,392.25,393.6,393.6,1.35,0.34,205,80688,572.0,275.95
AVANTIFEED,AVANTIFEEDEQN,946.7,949.95,949.95,3.25,0.34,306,290684,1593.8,614.25
WONDERLA,WONDERLAEQN,469.0,470.6,470.6,1.6,0.34,100,47060,659.0,455.0
VEDL,VEDLEQN,264.5,265.4,265.4,0.9,0.34,34003,9024396,795.0,249.7
TEXINFRA,TEXINFRAEQN,114.89,115.28,115.28,0.39,0.34,1001,115395,118.0,82.5
WPIL,WPILEQN,430.55,432.0,432.0,1.45,0.34,50,21600,510.35,383.55
SJVN,SJVNEQN,69.02,69.25,69.25,0.23,0.33,7428,514389,101.45,63.02
TATAINVEST,TATAINVESTEQN,675.75,678.0,678.0,2.25,0.33,1824,1236672,1184.7,538.85
LUPIN,LUPINEQN,2447.0,2455.0,2455.0,8.0,0.33,1434,3520470,2529.5,1836.8
INOXINDIA,INOXINDIAEQN,1881.8,1888.0,1888.0,6.2,0.33,270,509760,2119.8,1065.0
ROSSTECH,ROSSTECHEQN,935.0,938.0,938.0,3.0,0.32,175,164150,1122.0,539.95
PNBHOUSING,PNBHOUSINGEQN,1056.3,1059.7,1059.7,3.4,0.32,379,401626,1132.7,729.6
ONIDA,ONIDABEN,37.48,37.6,37.6,0.12,0.32,33,1240,49.23,15.2
TTKHLTCARE,TTKHLTCAREEQN,1045.5,1048.85,1048.85,3.35,0.32,83,87054,1284.5,735.0
SCHNEIDER,SCHNEIDEREQN,1280.9,1285.0,1285.0,4.1,0.32,410,526850,1548.0,571.85
AHLUCONT,AHLUCONTEQN,817.4,820.0,820.0,2.6,0.32,57,46740,1077.95,645.15
FOSECOIND,FOSECOINDEQN,4984.0,5000.0,5000.0,16.0,0.32,1,5000,6846.0,4300.0
MOTILALOFS,MOTILALOFSEQN,855.25,858.0,858.0,2.75,0.32,952,816816,1097.1,614.9
GRWRHITECH,GRWRHITECHEQN,6967.5,6990.0,6990.0,22.5,0.32,38,265620,7199.5,2681.0
DEEPAKNTR,DEEPAKNTREQN,1674.6,1679.9,1679.9,5.3,0.32,69,115913,1916.7,1280.0
KAYNES,KAYNESEQN,3638.6,3650.0,3650.0,11.4,0.31,10278,37514700,7705.0,2995.0
VIMTALABS,VIMTALABSEQN,599.05,600.9,600.9,1.85,0.31,302,181471,902.65,376.05
RELIANCE,RELIANCEEQN,1275.9,1279.8,1279.8,3.9,0.31,48778,62426084,1611.8,1249.8
CIPLA,CIPLAEQN,1474.3,1478.8,1478.8,4.5,0.31,2279,3370185,1673.0,1165.7
ARSSBL,ARSSBLEQN,512.4,514.0,514.0,1.6,0.31,36,18504,794.85,416.0
DAVANGERE,DAVANGEREEQN,3.19,3.2,3.2,0.01,0.31,3253,10409,5.5,3.03
YASHO,YASHOEQN,3121.1,3130.0,3130.0,9.4,0.3,100,313000,3365.0,1130.0
MUTHOOTFIN,MUTHOOTFINEQN,3017.9,3027.0,3027.0,9.1,0.3,750,2270250,4149.5,2476.6
BIRLACORPN,BIRLACORPNEQN,889.15,891.8,891.8,2.65,0.3,96,85612,1535.3,769.6
GMDCLTD,GMDCLTDEQN,574.25,576.0,576.0,1.75,0.3,7599,4377024,771.9,379.7
IRFC,IRFCEQN,89.13,89.4,89.4,0.27,0.3,42467,3796549,137.17,86.02
INDIGOPNTS,INDIGOPNTSEQN,1102.3,1105.6,1105.6,3.3,0.3,153,169156,1345.9,708.05
JYOTHYLAB,JYOTHYLABEQN,206.19,206.8,206.8,0.61,0.3,1507,311647,352.7,188.1
VINDHYATEL,VINDHYATELEQN,1885.2,1890.9,1890.9,5.7,0.3,1,1890,2484.9,963.9
LASERPOWER,LASERPOWEREQN,306.67,307.59,307.59,0.92,0.3,10128,3115271,317.0,250.0
DEEDEV,DEEDEVBEN,660.0,662.0,662.0,2.0,0.3,173,114526,760.0,183.0
DRCSYSTEMS,DRCSYSTEMSEQN,13.58,13.62,13.62,0.04,0.29,158,2151,23.68,11.5
ACE,ACEEQN,1051.3,1054.3,1054.3,3.0,0.29,1410,1486563,1170.0,745.1
TECHM,TECHMEQN,1644.2,1649.0,1649.0,4.8,0.29,4998,8241702,1854.0,1304.1
ABB,ABBEQN,7310.5,7332.0,7332.0,21.5,0.29,228,1671696,7924.5,4637.5
PGEL,PGELEQN,612.45,614.2,614.2,1.75,0.29,15868,9746125,823.5,436.55
AGI,AGIEQN,710.95,713.0,713.0,2.05,0.29,268,191084,992.0,465.0
AETHER,AETHEREQN,1490.7,1495.0,1495.0,4.3,0.29,6323,9452885,1538.5,726.45
ALKEM,ALKEMEQN,5672.5,5689.0,5689.0,16.5,0.29,31,176359,5933.5,4738.5
CANHLIFE,CANHLIFEEQN,147.08,147.5,147.5,0.42,0.29,1197,176557,166.69,106.0
APLAPOLLO,APLAPOLLOEQN,1869.8,1875.0,1875.0,5.2,0.28,398,746250,2301.4,1494.0
INTERARCH,INTERARCHEQN,1799.9,1805.0,1805.0,5.1,0.28,174,314070,2762.6,1600.0
UTKARSHBNK,UTKARSHBNKEQN,14.45,14.49,14.49,0.04,0.28,11042,159998,22.03,10.12
ALGOQUANT,ALGOQUANTEQN,67.57,67.76,67.76,0.19,0.28,111,7521,71.01,47.8
PANACEABIO,PANACEABIOEQN,423.85,425.0,425.0,1.15,0.27,249,105825,647.0,292.4
DAMCAPITAL,DAMCAPITALEQN,154.59,155.0,155.0,0.41,0.27,500,77500,286.0,119.22
SARDAEN,SARDAENEQN,523.6,525.0,525.0,1.4,0.27,697,365925,639.75,429.6
ZUARIIND,ZUARIINDEQN,260.15,260.85,260.85,0.7,0.27,70,18259,416.0,210.0
SHANKARA,SHANKARAEQN,140.3,140.66,140.66,0.36,0.26,29,4079,1209.8,98.25
MARSONS,MARSONSEQN,109.73,110.01,110.01,0.28,0.26,5813,639488,175.4,104.16
ROUTE,ROUTEEQN,548.55,550.0,550.0,1.45,0.26,930,511500,923.3,410.7
JUBLINGREA,JUBLINGREAEQN,738.1,740.0,740.0,1.9,0.26,359,265660,845.55,537.3
ROTO,ROTOEQN,69.07,69.25,69.25,0.18,0.26,1780,123265,94.9,47.5
JUBLPHARMA,JUBLPHARMAEQN,977.4,979.95,979.95,2.55,0.26,119,116614,1248.0,786.05
CUMMINSIND,CUMMINSINDEQN,5383.0,5397.0,5397.0,14.0,0.26,892,4814124,6100.0,3488.3
DWARKESH,DWARKESHEQN,38.0,38.0,38.0,0.1,0.26,8490,322620,53.09,32.13
LEMERITE,LEMERITEEQN,23.41,23.47,23.47,0.06,0.26,1003,23540,107.57,19.52
VOLTAS,VOLTASEQN,1313.3,1316.7,1316.7,3.4,0.26,285,375259,1582.5,1186.8
GARUDA,GARUDAEQN,170.93,171.36,171.36,0.43,0.25,619,106071,249.3,130.0
KSL,KSLEQN,890.95,893.2,893.2,2.25,0.25,33,29475,982.55,574.0
BFUTILITIE,BFUTILITIEEQN,575.1,576.55,576.55,1.45,0.25,1,576,898.7,368.7
EKC,EKCEQN,107.22,107.49,107.49,0.27,0.25,70,7524,156.79,90.25
SERVOTECH,SERVOTECHEQN,92.25,92.48,92.48,0.23,0.25,1838,169978,144.0,57.51
ABSLAMC,ABSLAMCEQN,1017.5,1020.0,1020.0,2.5,0.25,136,138720,1224.9,708.0
ORCHPHARMA,ORCHPHARMAEQN,1001.45,1004.0,1004.0,2.55,0.25,10,10040,1119.8,480.0
SDBL,SDBLEQN,71.15,71.33,71.33,0.18,0.25,932,66479,156.98,61.8
ANANDRATHI,ANANDRATHIEQN,2035.0,2040.0,2040.0,5.0,0.25,86,175440,2176.2,1270.0
CMSINFO,CMSINFOEQN,277.65,278.35,278.35,0.7,0.25,1369,381061,482.85,255.15
FMGOETZE,FMGOETZEEQN,474.85,476.05,476.05,1.2,0.25,12,5712,594.2,358.0
TIMETECHNO,TIMETECHNOEQN,216.36,216.9,216.9,0.54,0.25,5157,1118553,249.15,154.0
KIRIINDUS,KIRIINDUSEQN,408.15,409.15,409.15,1.0,0.25,71,29049,779.0,333.8
SCODATUBES,SCODATUBESEQN,147.77,148.14,148.14,0.37,0.25,1,148,201.34,110.0
HGINFRA,HGINFRAEQN,533.65,535.0,535.0,1.35,0.25,329,176015,1065.5,429.5
TIIL,TIILEQN,2544.2,2550.6,2550.6,6.4,0.25,2,5101,3370.0,1868.5
DEN,DENEQN,27.58,27.65,27.65,0.07,0.25,579,16009,39.2,22.52
TCI,TCIEQN,917.0,919.3,919.3,2.3,0.25,23,21143,1242.0,868.05
KRSNAA,KRSNAAEQN,533.45,534.8,534.8,1.35,0.25,4,2139,894.4,515.0
SUNDROP,SUNDROPEQN,679.5,681.2,681.2,1.7,0.25,16,10899,928.0,556.0
VSTTILLERS,VSTTILLERSEQN,4378.8,4389.8,4389.8,11.0,0.25,4,17559,6374.0,4275.0
SUYOG,SUYOGEQN,875.2,877.4,877.4,2.2,0.25,3,2632,925.0,526.5
PINELABS,PINELABSEQN,144.64,145.0,145.0,0.36,0.25,72734,10546430,284.0,134.73
CONTROLPR,CONTROLPREQN,587.55,589.0,589.0,1.45,0.25,28,16492,899.0,517.0
ICEMAKE,ICEMAKEEQN,807.95,810.0,810.0,2.05,0.25,53,42930,920.0,660.3
JNKINDIA,JNKINDIAEQN,457.9,459.0,459.0,1.1,0.24,208,95472,558.0,200.92
KALAMANDIR,KALAMANDIREQN,88.77,88.98,88.98,0.21,0.24,894,79548,223.03,86.2
GESHIP,GESHIPEQN,1370.7,1374.0,1374.0,3.3,0.24,1058,1453692,1798.0,913.1
RML,RMLEQN,1115.2,1117.9,1117.9,2.7,0.24,10,11179,1323.9,608.5
SOUTHBANK,SOUTHBANKEQN,46.49,46.6,46.6,0.11,0.24,27953,1302609,49.9,28.11
MAHLOG,MAHLOGEQN,409.45,410.45,410.45,1.0,0.24,54,22164,450.0,275.05
J&KBANK,J&KBANKEQN,154.63,155.0,155.0,0.37,0.24,78158,12114490,201.75,97.35
AEROFLEX,AEROFLEXEQN,450.6,451.7,451.7,1.1,0.24,4914,2219653,521.9,158.0
SUPREMEIND,SUPREMEINDEQN,3479.3,3487.7,3487.7,8.4,0.24,169,589421,4664.9,3140.0
BATAINDIA,BATAINDIAEQN,698.35,700.0,700.0,1.65,0.24,440,308000,1282.5,605.0
EXCELSOFT,EXCELSOFTEQN,77.81,78.0,78.0,0.19,0.24,124,9672,142.59,66.4
NATIONALUM,NATIONALUMEQN,344.7,345.5,345.5,0.8,0.23,15529,5365269,445.15,179.93
MANAPPURAM,MANAPPURAMEQN,370.15,371.0,371.0,0.85,0.23,15662,5810602,372.15,245.15
CAPINVIT,CAPINVITIVN,74.3,74.47,74.47,0.17,0.23,964,71789,82.73,67.0
GREENPANEL,GREENPANELEQN,191.54,191.98,191.98,0.44,0.23,300,57594,333.8,163.01
GOCOLORS,GOCOLORSEQN,323.0,323.75,323.75,0.75,0.23,112,36260,875.0,237.05
RUSTOMJEE,RUSTOMJEEEQN,406.05,407.0,407.0,0.95,0.23,116,47212,668.0,358.8
INDIAMART,INDIAMARTEQN,1751.0,1755.0,1755.0,4.0,0.23,233,408915,2685.0,1736.1
CHENNPETRO,CHENNPETROEQN,1212.3,1215.1,1215.1,2.8,0.23,3102,3769240,1354.0,620.85
IRBINVIT,IRBINVITIVN,62.06,62.2,62.2,0.14,0.23,2668,165949,64.97,57.05
CANFINHOME,CANFINHOMEEQN,822.15,824.0,824.0,1.85,0.23,158,130192,971.5,708.6
VAML,VAMLEQN,439.6,440.6,440.6,1.0,0.23,16983,7482709,537.0,423.15
KMSUGAR,KMSUGAREQN,27.74,27.8,27.8,0.06,0.22,509,14150,33.73,23.0
VERANDA,VERANDAEQN,229.39,229.9,229.9,0.51,0.22,105,24139,272.5,130.02
VBL,VBLEQN,447.2,448.2,448.2,1.0,0.22,12970,5813154,555.8,381.0
GRANULES,GRANULESEQN,841.85,841.95,841.95,1.85,0.22,1376,1158523,910.0,432.6
ACI,ACIEQN,565.75,567.0,567.0,1.25,0.22,164,92988,727.6,483.0
QUADFUTURE,QUADFUTUREEQN,351.2,351.95,351.95,0.75,0.21,59,20765,502.4,248.55
MANINDS,MANINDSEQN,529.4,530.5,530.5,1.1,0.21,173,91776,623.7,302.05
LAURUSLABS,LAURUSLABSEQN,1781.3,1785.0,1785.0,3.7,0.21,11756,20984460,1797.9,810.05
SANDUMA,SANDUMAEQN,208.56,209.0,209.0,0.44,0.21,883,184547,273.0,141.37
SCHAEFFLER,SCHAEFFLEREQN,4159.8,4168.6,4168.6,8.8,0.21,18,75034,4467.7,3518.4
BHEL,BHELEQN,405.15,406.0,406.0,0.85,0.21,17555,7127330,446.5,205.12
ANURAS,ANURASEQN,1214.4,1217.0,1217.0,2.6,0.21,288,350496,1415.0,1045.2
SWANDEF,SWANDEFBEN,2334.1,2339.0,2339.0,4.9,0.21,110,257290,2489.0,337.65
TRU,TRUEQN,4.67,4.68,4.68,0.01,0.21,13,60,15.72,4.52
APOLLOTYRE,APOLLOTYREEQN,424.1,425.0,425.0,0.9,0.21,1314,558450,540.5,365.3
JSWSTEEL,JSWSTEELEQN,1276.6,1279.1,1279.1,2.5,0.2,1948,2491686,1328.0,1018.0
MATRIMONY,MATRIMONYEQN,439.1,440.0,440.0,0.9,0.2,1,440,589.8,364.05
FINPIPE,FINPIPEEQN,164.77,165.1,165.1,0.33,0.2,1257,207530,222.5,147.54
PARAGMILK,PARAGMILKEQN,216.56,217.0,217.0,0.44,0.2,248,53816,376.95,177.84
BATLIBOI,BATLIBOIEQN,84.33,84.5,84.5,0.17,0.2,87,7351,97.45,71.21
ARKADE,ARKADEEQN,138.54,138.8,138.8,0.26,0.19,60,8328,198.6,92.62
BHARTIARTL,BHARTIARTLEQN,1950.2,1954.0,1954.0,3.8,0.19,65038,127084252,2174.5,1740.5
HCG,HCGEQN,674.75,676.05,676.05,1.3,0.19,8,5408,796.68,513.3
BRITANNIA,BRITANNIAEQN,5517.5,5528.0,5528.0,10.5,0.19,971,5367688,6336.0,5035.0
POWERGRID,POWERGRIDEQN,282.85,283.4,283.4,0.55,0.19,14781,4188935,324.95,250.0
RUBICON,RUBICONEQN,1527.6,1530.5,1530.5,2.9,0.19,414,633627,1589.7,570.75
SHRINGARMS,SHRINGARMSEQN,219.49,219.9,219.9,0.41,0.19,2225,489277,266.5,166.0
IDEAFORGE,IDEAFORGEBEN,848.5,850.1,850.1,1.6,0.19,219,186171,992.25,366.0
IKS,IKSEQN,1819.2,1822.5,1822.5,3.3,0.18,152,277020,1933.0,1262.0
BANCOINDIA,BANCOINDIAEQN,627.85,628.95,628.95,1.1,0.18,112,70442,879.8,502.0
CYIENT,CYIENTEQN,867.45,869.0,869.0,1.55,0.18,505,438845,1284.7,750.3
LUMAXTECH,LUMAXTECHEQN,1501.6,1504.3,1504.3,2.7,0.18,101,151934,1898.0,954.1
RENUKA,RENUKAEQN,21.81,21.85,21.85,0.04,0.18,9119,199250,33.5,21.05
VTL,VTLEQN,629.55,630.7,630.7,1.15,0.18,515,324810,688.0,383.7
PTC,PTCEQN,167.81,168.11,168.11,0.3,0.18,886,148945,229.51,149.59
WELCORP,WELCORPEQN,1697.0,1700.0,1700.0,3.0,0.18,1541,2619700,1700.0,710.0
IFCI,IFCIEQN,71.3,71.43,71.43,0.13,0.18,39430,2816484,95.8,46.23
CGCL,CGCLEQN,226.55,226.95,226.95,0.4,0.18,8000,1815600,264.53,151.1
MGL,MGLEQN,1105.0,1107.0,1107.0,2.0,0.18,252,278964,1427.9,900.0
MUNJALAU,MUNJALAUEQN,101.83,102.0,102.0,0.17,0.17,3598,366996,114.99,67.2
SBC,SBCEQN,42.08,42.15,42.15,0.07,0.17,812,34225,45.0,15.55
RITCO,RITCOEQN,299.5,300.0,300.0,0.5,0.17,1003,300900,305.0,167.1
UNITDSPR,UNITDSPREQN,1504.4,1507.0,1507.0,2.6,0.17,985,1484395,1536.8,1210.8
KPIGREEN,KPIGREENEQN,390.35,391.0,391.0,0.65,0.17,1043,407813,552.0,335.65
GUFICBIO,GUFICBIOEQN,382.35,383.0,383.0,0.65,0.17,50,19150,448.0,268.0
SEPC,SEPCEQN,6.02,6.03,6.03,0.01,0.17,22346,134746,13.73,4.65
GMMPFAUDLR,GMMPFAUDLREQN,803.65,805.0,805.0,1.35,0.17,13,10465,1418.0,735.0
BALUFORGE,BALUFORGEEQN,441.3,442.0,442.0,0.7,0.16,209,92378,697.0,341.05
RISHABH,RISHABHEQN,608.25,609.2,609.2,0.95,0.16,205,124886,692.8,272.3
EXXARO,EXXAROEQN,6.36,6.37,6.37,0.01,0.16,100,637,10.33,6.0
MAPMYINDIA,MAPMYINDIAEQN,1163.1,1165.0,1165.0,1.9,0.16,2864,3336560,1998.0,795.0
SUNPHARMA,SUNPHARMAEQN,1989.9,1993.1,1993.1,3.2,0.16,3635,7244918,1993.0,1548.0
GENUSPOWER,GENUSPOWEREQN,313.6,314.1,314.1,0.5,0.16,550,172755,394.0,210.4
JAYKAY,JAYKAYEQN,160.65,160.9,160.9,0.25,0.16,112,18020,219.7,115.52
AEROENTER,AEROENTEREQN,122.14,122.34,122.34,0.2,0.16,301,36824,149.55,62.2
VIKRAN,VIKRANEQN,73.18,73.3,73.3,0.12,0.16,10547,773095,118.4,51.1
MAFATIND,MAFATINDEQN,134.78,134.99,134.99,0.21,0.16,300,40497,157.77,124.07
TATVA,TATVAEQN,1744.4,1747.1,1747.1,2.7,0.15,133,232364,1835.0,976.4
BIRLAMONEY,BIRLAMONEYEQN,131.8,132.0,132.0,0.2,0.15,368,48576,197.39,95.0
COLPAL,COLPALEQN,2166.4,2169.7,2169.7,3.3,0.15,1031,2236960,2504.0,1782.0
TBZ,TBZEQN,274.48,274.9,274.9,0.42,0.15,2703,743054,295.7,110.5
HSCL,HSCLEQN,769.9,771.0,771.0,1.1,0.14,6560,5057760,819.5,418.5
SONATSOFTW,SONATSOFTWEQN,317.45,317.9,317.9,0.45,0.14,3063,973727,421.5,207.15
PAYTM,PAYTMEQN,1330.0,1331.8,1331.8,1.8,0.14,3881,5168715,1407.0,930.6
OCCLLTD,OCCLLTDBEN,150.79,151.0,151.0,0.21,0.14,227,34277,159.81,75.71
EUREKAFORB,EUREKAFORBEQN,451.4,452.0,452.0,0.6,0.13,7,3164,668.3,403.2
LALPATHLAB,LALPATHLABEQN,1882.5,1880.0,1880.0,2.5,0.13,976,1834880,1894.9,1272.6
UPL,UPLEQN,609.15,609.95,609.95,0.8,0.13,895,545905,812.2,563.15
MAMATA,MAMATAEQN,385.35,385.85,385.85,0.5,0.13,25,9646,541.0,297.0
BBTC,BBTCEQN,1498.1,1500.0,1500.0,1.9,0.13,20,30000,2135.0,1314.6
CORONA,CORONAEQN,2107.4,2110.2,2110.2,2.8,0.13,16,33763,2140.0,1336.6
JUSTDIAL,JUSTDIALEQN,753.7,754.7,754.7,1.0,0.13,2589,1953918,878.6,480.5
SANDESH,SANDESHEQN,973.0,974.2,974.2,1.2,0.12,5,4871,1438.5,811.0
JPPOWER,JPPOWEREQN,17.04,17.06,17.06,0.02,0.12,75107,1281325,24.5,13.15
BHARATSE,BHARATSEEQN,209.75,210.0,210.0,0.25,0.12,265,55650,263.18,103.17
JINDALSTEL,JINDALSTELEQN,1088.7,1090.0,1090.0,1.3,0.12,1161,1265490,1306.2,941.55
NAZARA,NAZARAEQN,303.65,304.0,304.0,0.35,0.12,5074,1542496,363.25,215.7
CENTENKA,CENTENKAEQN,611.25,612.0,612.0,0.75,0.12,1604,981648,671.65,371.2
ATALREAL,ATALREALEQN,32.46,32.5,32.5,0.04,0.12,10040,326300,32.99,17.75
NUCLEUS,NUCLEUSEQN,741.1,742.0,742.0,0.9,0.12,179,132818,1168.6,690.0
SBCL,SBCLEQN,739.1,739.9,739.9,0.8,0.11,282,208651,814.0,368.6
SUZLON,SUZLONEQN,47.45,47.5,47.5,0.05,0.11,335192,15921620,66.81,38.19
PATELENG,PATELENGEQN,27.8,27.83,27.83,0.03,0.11,18619,518166,41.13,22.0
VAIBHAVGBL,VAIBHAVGBLEQN,266.6,266.9,266.9,0.3,0.11,1178,314408,293.25,174.13
TVSMOTOR,TVSMOTOREQN,4075.6,4080.0,4080.0,4.4,0.11,3313,13517040,4085.0,2754.5
SPLPETRO,SPLPETROEQN,734.1,734.9,734.9,0.8,0.11,230,169027,979.0,462.3
DIGIKORE,DIGIKORESMN,46.1,46.15,46.15,0.05,0.11,800,36920,100.0,44.0
BCG,BCGEQN,9.39,9.4,9.4,0.01,0.11,15641,147025,17.7,7.97
ACUTAAS,ACUTAASEQN,3306.2,3309.7,3309.7,3.5,0.11,682,2257215,3740.0,1125.0
UJJIVANSFB,UJJIVANSFBEQN,70.37,70.45,70.45,0.08,0.11,12180,858081,73.29,41.32
VIDYAWIRES,VIDYAWIRESEQN,89.3,89.4,89.4,0.1,0.11,2706,241916,117.35,42.51
JKTYRE,JKTYREEQN,401.55,398.0,398.0,0.45,0.11,4276,1701848,611.9,311.0
SOUTHWEST,SOUTHWESTEQN,229.76,230.0,230.0,0.24,0.1,71,16330,275.0,121.0
MINDTECK,MINDTECKEQN,195.59,195.79,195.79,0.2,0.1,76,14880,307.68,145.13
GULPOLY,GULPOLYEQN,198.15,198.34,198.34,0.19,0.1,73,14478,221.75,121.5
AARTIIND,AARTIINDEQN,485.5,486.0,486.0,0.5,0.1,1734,842724,523.1,338.05
STARCEMENT,STARCEMENTEQN,203.26,203.46,203.46,0.2,0.1,31,6307,308.95,196.53
PAISALO,PAISALOEQN,71.39,71.46,71.46,0.07,0.1,4511,322356,77.39,29.86
BHARTIHEXA,BHARTIHEXAEQN,1654.5,1656.1,1656.1,1.6,0.1,122,202044,1955.6,1430.0
HINDUNILVR,HINDUNILVREQN,2117.8,2120.0,2120.0,2.2,0.1,4220,8946400,2750.0,2016.0
GRMOVER,GRMOVEREQN,88.91,89.0,89.0,0.09,0.1,9,801,185.45,81.95
METROPOLIS,METROPOLISEQN,591.6,592.2,592.2,0.6,0.1,381,225628,600.0,412.25
CUPID,CUPIDEQN,233.77,234.0,234.0,0.23,0.1,81204,19001736,234.25,29.6
HALDYNGL,HALDYNGLBEN,120.58,120.7,120.7,0.12,0.1,10,1207,133.7,85.0
HAPPSTMNDS,HAPPSTMNDSEQN,385.65,386.0,386.0,0.35,0.09,3773,1456378,646.1,330.2
HATHWAY,HATHWAYEQN,10.8,10.81,10.81,0.01,0.09,3728,40299,15.8,8.76
HINDWAREAP,HINDWAREAPEQN,219.4,219.6,219.6,0.2,0.09,63,13834,392.7,170.5
UFBL,UFBLEQN,707.35,708.0,708.0,0.65,0.09,246,174168,763.35,172.34
SAREGAMA,SAREGAMAEQN,530.45,530.95,530.95,0.5,0.09,550,292022,535.5,307.05
RPOWER,RPOWEREQN,23.56,23.58,23.58,0.02,0.08,60831,1434394,56.5,20.17
ANANTRAJ,ANANTRAJEQN,613.4,613.9,613.9,0.5,0.08,6367,3908701,743.65,403.0
JGCHEM,JGCHEMEQN,502.6,503.0,503.0,0.4,0.08,267,134301,532.0,298.4
RHIM,RHIMEQN,395.65,395.95,395.95,0.3,0.08,332,131455,537.7,323.05
PGHH,PGHHEQN,8598.5,8605.0,8605.0,6.5,0.08,74,636770,14540.0,8481.0
NAUKRI,NAUKRIEQN,1247.85,1248.9,1248.9,1.05,0.08,484,604467,1437.8,908.3
LENSKART,LENSKARTEQN,559.65,560.1,560.1,0.45,0.08,3036,1700463,575.7,356.1
NRBBEARING,NRBBEARINGEQN,426.95,427.25,427.25,0.3,0.07,787,336245,467.6,212.55
PFS,PFSEQN,27.78,27.8,27.8,0.02,0.07,54,1501,42.5,23.85
GMRP&UI,GMRP&UIEQN,96.83,96.9,96.9,0.07,0.07,1071,103779,136.95,89.0
TIMKEN,TIMKENEQN,3096.6,3098.9,3098.9,2.3,0.07,29,89868,3925.0,2800.5
ITDC,ITDCEQN,719.5,720.0,720.0,0.5,0.07,1244,895680,822.0,368.0
ADANIGREEN,ADANIGREENEQN,1373.1,1374.0,1374.0,0.9,0.07,4535,6231090,1631.5,765.0
HPL,HPLEQN,336.25,336.5,336.5,0.25,0.07,33,11104,607.45,255.55
360ONE,360ONEEQN,1161.3,1162.0,1162.0,0.7,0.06,376,436912,1236.2,906.05
DRREDDY,DRREDDYEQN,1142.3,1143.0,1143.0,0.7,0.06,1225,1400175,1414.9,1101.0
GODREJAGRO,GODREJAGROEQN,560.35,560.7,560.7,0.35,0.06,270,151389,867.15,506.1
LUMAXIND,LUMAXINDEQN,5145.0,5148.0,5148.0,3.0,0.06,53,272844,6934.5,3272.0
GRASIM,GRASIMEQN,3113.0,3115.0,3115.0,2.0,0.06,272,847280,3246.0,2502.5
ENDURANCE,ENDURANCEEQN,2783.3,2785.1,2785.1,1.8,0.06,202,562590,3079.9,2142.8
PATANJALI,PATANJALIEQN,357.15,357.35,357.35,0.2,0.06,22868,8171879,638.93,328.2
ENRIN,ENRINEQN,3170.7,3172.5,3172.5,1.8,0.06,399,1265827,3968.0,2115.0
CGPOWER,CGPOWEREQN,829.5,830.0,830.0,0.5,0.06,7344,6095520,980.9,525.5
EMAMILTD,EMAMILTDEQN,407.85,408.05,408.05,0.2,0.05,153,62431,634.2,376.4
SBICARD,SBICARDEQN,660.5,660.8,660.8,0.3,0.05,1759,1162347,965.0,565.45
MAXHEALTH,MAXHEALTHEQN,1111.4,1112.0,1112.0,0.6,0.05,957,1064184,1301.7,903.0
MASTEK,MASTEKEQN,1903.8,1904.8,1904.8,1.0,0.05,603,1148594,2625.0,1334.2
HDFCLIFE,HDFCLIFEEQN,556.7,557.0,557.0,0.3,0.05,1383,770331,815.0,543.0
GRAPHITE,GRAPHITEEQN,666.65,666.95,666.95,0.3,0.05,904,602922,802.4,505.8
GATEWAY,GATEWAYEQN,58.2,58.23,58.23,0.03,0.05,573,33365,76.5,48.1
MAZDOCK,MAZDOCKEQN,2307.8,2309.0,2309.0,1.2,0.05,2212,5107508,3061.4,2057.4
NAVNETEDUL,NAVNETEDULEQN,139.83,139.9,139.9,0.07,0.05,18,2518,168.5,121.5
CAMPUS,CAMPUSEQN,223.37,223.49,223.49,0.12,0.05,5882,1314568,297.0,215.2
GODREJCP,GODREJCPEQN,1076.5,1077.0,1077.0,0.5,0.05,156,168012,1309.0,967.05
DIXON,DIXONEQN,14275.0,14282.0,14282.0,7.0,0.05,1470,20994540,18471.0,9600.0
THOMASCOOK,THOMASCOOKEQN,99.84,99.89,99.89,0.05,0.05,1798,179602,181.55,86.35
CRIZAC,CRIZACEQN,191.9,192.0,192.0,0.1,0.05,52,9984,387.95,173.35
GROWW,GROWWEQN,193.71,193.8,193.8,0.09,0.05,47270,9160926,227.2,112.0
CMRGREEN,CMRGREENEQN,215.15,215.25,215.25,0.1,0.05,992,213528,268.96,212.1
TVSSRICHAK,TVSSRICHAKEQN,3949.6,3951.5,3951.5,1.9,0.05,10,39515,4775.8,2780.1
INDNIPPON,INDNIPPONEQN,1171.9,1172.5,1172.5,0.6,0.05,32,37520,1278.2,675.0
RKEC,RKECEQN,26.24,26.25,26.25,0.01,0.04,348,9135,81.5,23.9
IIFLCAPS,IIFLCAPSEQN,335.85,336.0,336.0,0.15,0.04,373,125328,411.3,240.4
INDRAMEDCO,INDRAMEDCOEQN,362.7,362.85,362.85,0.15,0.04,94,34107,640.85,342.0
ASHAPURMIN,ASHAPURMINEQN,707.7,708.0,708.0,0.3,0.04,402,284616,924.9,455.1
DDEVPLSTIK,DDEVPLSTIKEQN,273.4,273.5,273.5,0.1,0.04,141,38563,360.0,185.15
MAYURUNIQ,MAYURUNIQEQN,796.2,796.5,796.5,0.3,0.04,110,87615,907.0,471.2
DALMIASUG,DALMIASUGEQN,357.6,357.75,357.75,0.15,0.04,154,55093,419.0,261.4
BLS,BLSEQN,241.9,242.0,242.0,0.1,0.04,2073,501666,414.9,218.9
LINDEINDIA,LINDEINDIAEQN,6722.5,6725.0,6725.0,2.5,0.04,89,598525,8049.0,5673.0
BAYERCROP,BAYERCROPEQN,4248.3,4250.0,4250.0,1.7,0.04,13,55250,6509.5,4030.0
INDIANHUME,INDIANHUMEEQN,393.85,394.0,394.0,0.15,0.04,2,788,432.0,279.8
HIKAL,HIKALEQN,221.38,221.46,221.46,0.08,0.04,200,44292,332.4,146.25
BLUEJET,BLUEJETEQN,602.75,603.0,603.0,0.25,0.04,2778,1675134,825.0,325.0
RBA,RBAEQN,67.07,67.1,67.1,0.03,0.04,852,57169,87.65,57.15
ELLEN,ELLENEQN,270.8,270.9,270.9,0.1,0.04,301,81540,600.15,175.0
ZODIAC,ZODIACBEN,242.1,242.2,242.2,0.1,0.04,60,14532,465.65,205.55
KPEL,KPELEQN,310.9,311.0,311.0,0.1,0.03,374,116314,540.3,237.9
SARLAPOLY,SARLAPOLYEQN,99.17,99.2,99.2,0.03,0.03,75,7440,119.5,68.4
UNOMINDA,UNOMINDAEQN,1168.7,1169.0,1169.0,0.3,0.03,1740,2034060,1382.0,994.0
IOB,IOBEQN,33.79,33.8,33.8,0.01,0.03,14538,491384,41.8,31.2
BIRLAPREC,BIRLAPRECEQN,33.94,33.95,33.95,0.01,0.03,126,4277,49.99,32.25
PGINVIT,PGINVITIVN,101.67,101.7,101.7,0.03,0.03,26978,2743662,102.0,86.3
KIRLPNU,KIRLPNUEQN,1502.6,1503.1,1503.1,0.5,0.03,311,467464,2197.1,990.1
TATACOMM,TATACOMMEQN,1780.7,1781.2,1781.2,0.5,0.03,49,87278,2110.0,1322.5
CRISIL,CRISILEQN,4448.7,4450.0,4450.0,1.3,0.03,80,356000,5451.0,3686.0
KLBRENG-B,KLBRENG-BEQN,435.8,435.95,435.95,0.15,0.03,25,10898,544.85,432.1
NTPCGREEN,NTPCGREENEQN,91.48,91.5,91.5,0.02,0.02,18771,1717546,119.95,84.0
MMP,MMPEQN,279.95,280.0,280.0,0.05,0.02,29,8120,319.98,185.2
HNDFDS,HNDFDSEQN,568.0,568.1,568.1,0.1,0.02,112,63627,595.0,442.0
JBMA,JBMAEQN,676.0,676.15,676.15,0.15,0.02,2038,1377993,790.0,477.0
RADICO,RADICOEQN,4373.8,4374.5,4374.5,0.7,0.02,4840,21172580,4454.0,2500.0
KAJARIACER,KAJARIACEREQN,1209.7,1210.0,1210.0,0.3,0.02,30,36300,1321.9,869.6
ESABINDIA,ESABINDIAEQN,5582.0,5583.0,5583.0,1.0,0.02,3,16749,7319.5,4710.0
GNFC,GNFCEQN,525.1,525.2,525.2,0.1,0.02,1697,891264,616.0,365.0
GALAXYSURF,GALAXYSURFEQN,1960.6,1961.0,1961.0,0.4,0.02,11,21571,2750.1,1510.0
OIL,OILEQN,447.9,448.0,448.0,0.1,0.02,798,357504,531.0,384.6
WALCHANNAG,WALCHANNAGEQN,222.2,222.25,222.25,0.05,0.02,943,209581,315.8,131.15
DMART,DMARTEQN,3848.1,3849.0,3849.0,0.9,0.02,361,1389489,4949.5,3529.0
KSOLVES,KSOLVESEQN,281.9,281.95,281.95,0.05,0.02,32,9022,354.85,245.75
HINDPETRO,HINDPETROEQN,392.75,392.8,392.8,0.05,0.01,6258,2458142,508.45,316.2
SYMPHONY,SYMPHONYEQN,693.95,694.05,694.05,0.1,0.01,39,27067,1150.1,656.0
JYOTICNC,JYOTICNCEQN,822.8,822.85,822.85,0.05,0.01,1587,1305862,1055.9,580.1
AADHARHFC,AADHARHFCEQN,494.55,494.6,494.6,0.05,0.01,147,72706,563.0,430.15
MAHSEAMLES,MAHSEAMLESEQN,581.95,582.0,582.0,0.05,0.01,167,97194,712.8,500.7
JINDRILL,JINDRILLEQN,578.05,578.1,578.1,0.05,0.01,494,285581,693.5,440.1
UGROCAP,UGROCAPEQN,95.99,96.0,96.0,0.01,0.01,3440,330240,192.5,80.12
MANGLMCEM,MANGLMCEMEQN,943.25,943.3,943.3,0.05,0.01,5,4716,1023.45,679.35
MANYAVAR,MANYAVAREQN,402.85,402.9,402.9,0.05,0.01,139,56003,804.0,329.2
AJANTPHARM,AJANTPHARMEQN,3396.5,3397.0,3397.0,0.5,0.01,180,611460,3598.8,2329.9
SANOFI,SANOFIEQN,3419.9,3420.1,3420.1,0.2,0.01,44,150484,5924.5,3054.0
SAPPHIRE,SAPPHIREEQN,193.67,193.68,193.68,0.01,0.01,619,119887,347.9,139.91
GALAPREC,GALAPRECEQN,1074.7,1074.7,1074.7,0.0,0.0,49,52660,1260.0,671.2
PRAKASHSTL,PRAKASHSTLEQN,4.01,4.01,4.01,0.0,0.0,278,1114,6.57,3.84
MOKSH,MOKSHEQN,10.1,10.1,10.1,0.0,0.0,183,1848,16.65,8.11
HARRMALAYA,HARRMALAYAEQN,218.47,218.47,218.47,0.0,0.0,17,3713,237.9,153.66
ROLLT,ROLLTBEN,2.25,2.25,2.25,0.0,0.0,151,339,3.74,1.02
TRANSRAILL,TRANSRAILLEQN,497.75,497.75,497.75,0.0,0.0,2321,1155277,855.8,450.05
BBOX,BBOXEQN,740.65,740.65,740.65,0.0,0.0,879,651031,1103.0,435.05
SUNDARAM,SUNDARAMEQN,1.28,1.28,1.28,0.0,0.0,1341,1716,2.38,1.11
ATULAUTO,ATULAUTOEQN,495.2,495.2,495.2,0.0,0.0,824,408044,554.0,380.05
DREDGECORP,DREDGECORPEQN,1102.4,1102.4,1102.4,0.0,0.0,692,762860,1286.0,538.0
SURANAT&P,SURANAT&PEQN,17.77,17.77,17.77,0.0,0.0,50,888,29.27,15.5
SHUBHLAXMI,SHUBHLAXMISMN,19.0,19.0,19.0,0.0,0.0,1000,19000,40.0,13.35
INFOBEAN,INFOBEANEQN,168.6,168.6,168.6,0.0,0.0,1856,312921,257.5,116.5
SURAKSHA,SURAKSHAEQN,248.85,248.85,248.85,0.0,0.0,68,16921,333.0,224.1
SRD,SRDEQN,37.92,37.92,37.92,0.0,0.0,96,3640,91.0,37.0
VIPIND,VIPINDEQN,296.4,296.4,296.4,0.0,0.0,175,51870,472.9,278.25
IRMENERGY,IRMENERGYEQN,256.45,256.45,256.45,0.0,0.0,33,8462,393.0,165.4
ARIES,ARIESEQN,343.65,343.65,343.65,0.0,0.0,17,5842,459.9,285.35
SIEMENS,SIEMENSEQN,3650.8,3650.8,3650.8,0.0,0.0,121,441746,3937.3,2826.0
ASTEC,ASTECEQN,642.65,642.65,642.65,0.0,0.0,31,19922,941.75,513.4
KROSS,KROSSEQN,198.33,198.33,198.33,0.0,0.0,2463,488486,237.6,150.52
ENERGYDEV,ENERGYDEVEQN,16.94,16.94,16.94,0.0,0.0,109,1846,29.69,13.15
BLACKBUCK,BLACKBUCKEQN,523.55,523.55,523.55,0.0,0.0,1265,662290,748.0,432.55
DNAMEDIA,DNAMEDIAEQN,2.95,2.95,2.95,0.0,0.0,1,2,5.86,2.33
ORIENTTECH,ORIENTTECHEQN,267.65,267.66,267.66,0.01,0.0,645,172640,466.73,220.8
AIRAN,AIRANEQN,15.04,15.04,15.04,0.0,0.0,5,75,29.21,12.63
LAXMIDENTL,LAXMIDENTLEQN,217.55,217.55,217.55,0.0,0.0,3,652,450.3,155.88
PRAENG,PRAENGEQN,20.78,20.78,20.78,0.0,0.0,3,62,33.88,17.0
ZAGGLE,ZAGGLEEQN,207.74,207.74,207.74,0.0,0.0,1229,255312,417.6,186.05
VENTIVE,VENTIVEEQN,635.05,635.05,635.05,0.0,0.0,4,2540,799.0,542.6
HDIL,HDILBZN,1.65,1.65,1.65,0.0,0.0,1,1,3.36,1.62
IGIL,IGILEQN,347.0,347.0,347.0,0.0,0.0,211,73217,442.0,287.0
HAVISHA,HAVISHAEQN,1.26,1.26,1.26,0.0,0.0,119,149,2.42,1.03
SAILIFE,SAILIFEEQN,1315.9,1315.9,1315.9,0.0,0.0,1083,1425119,1320.7,778.5
VMM,VMMEQN,108.24,108.24,108.24,0.0,0.0,15677,1696878,157.6,98.77
SADBHAV,SADBHAVEQN,10.05,10.05,10.05,0.0,0.0,34593,347659,17.85,6.05
ALIVUS,ALIVUSEQN,1119.6,1119.6,1119.6,0.0,0.0,1,1119,1193.9,819.0
CAPLIPOINT,CAPLIPOINTEQN,2613.2,2613.2,2613.2,0.0,0.0,185,483442,2699.0,1500.3
DOLATALGO,DOLATALGOEQN,68.84,68.84,68.84,0.0,0.0,10,688,95.76,65.0
INOXGREEN,INOXGREENEQN,182.55,182.55,182.55,0.0,0.0,1337,244069,279.0,132.58
LT,LTEQN,3931.4,3931.4,3931.4,0.0,0.0,7064,27771409,4440.0,3288.1
LINCOLN,LINCOLNEQN,581.4,581.4,581.4,0.0,0.0,1,581,770.0,440.0
NTPC,NTPCEQN,343.5,343.5,343.5,0.0,0.0,10059,3455266,414.4,315.55
SIRCA,SIRCAEQN,402.5,402.5,402.5,0.0,0.0,1253,504332,539.0,385.0
ALICON,ALICONEQN,681.35,681.35,681.35,0.0,0.0,1,681,1022.0,580.0
LGBBROSLTD,LGBBROSLTDEQN,1576.7,1576.7,1576.7,0.0,0.0,59,93025,2048.0,1222.1
PERSISTENT,PERSISTENTEQN,5483.3,5483.3,5483.3,0.0,0.0,2034,11153032,6599.0,4244.5
BALMLAWRIE,BALMLAWRIEEQN,179.12,179.12,179.12,0.0,0.0,47,8418,238.2,148.36
UCOBANK,UCOBANKEQN,26.51,26.51,26.51,0.0,0.0,28467,754660,34.2,22.22
ICIL,ICILEQN,412.9,412.9,412.9,0.0,0.0,187,77212,463.8,216.9
FAZE3Q,FAZE3QEQN,539.8,539.8,539.8,0.0,0.0,4,2159,694.0,322.1
KOTYARK,KOTYARKBEN,33.76,33.76,33.76,0.0,0.0,20,675,45.5,17.38
CEWATER,CEWATEREQN,291.25,291.25,291.25,0.0,0.0,277,80676,649.95,235.0
TVSELECT,TVSELECTEQN,490.1,490.1,490.1,0.0,0.0,75,36757,739.35,336.2
PROTEAN,PROTEANEQN,631.5,631.5,631.5,0.0,0.0,91,57466,945.5,444.0
GFLLIMITED,GFLLIMITEDEQN,46.93,46.93,46.93,0.0,0.0,4,187,81.0,37.25
KICL,KICLEQN,5400.5,5400.5,5400.5,0.0,0.0,1,5400,6554.9,4011.0
MBAPL,MBAPLEQN,164.0,164.0,164.0,0.0,0.0,2255,369820,167.0,74.63
KINGFA,KINGFAEQN,5050.5,5050.5,5050.5,0.0,0.0,2,10101,5699.4,3184.9
STEELXIND,STEELXINDEQN,11.23,11.23,11.23,0.0,0.0,6118,68705,13.95,7.0
SALASAR,SALASAREQN,5.87,5.87,5.87,0.0,0.0,8763,51438,10.99,5.59
PIIND,PIINDEQN,2753.9,2754.0,2754.0,0.1,0.0,176,484704,4330.0,2527.0
ZOTA,ZOTAEQN,1242.6,1242.6,1242.6,0.0,0.0,6,7455,1740.0,1026.2
RKFORGE,RKFORGEEQN,642.25,642.25,642.25,0.0,0.0,3970,2549732,645.0,460.15
CSBBANK,CSBBANKEQN,333.0,333.0,333.0,0.0,0.0,560,186480,574.4,317.35
CENTUM,CENTUMEQN,3578.5,3578.5,3578.5,0.0,0.0,16,57256,3916.0,2044.2
IRCTC,IRCTCEQN,496.0,496.0,496.0,0.0,0.0,4027,1997392,744.3,485.3
VAISHALI,VAISHALIEQN,7.47,7.47,7.47,0.0,0.0,55,410,13.1,4.75
EMCURE,EMCUREEQN,1903.7,1903.7,1903.7,0.0,0.0,133,253192,1960.0,1260.0
NAGREEKEXP,NAGREEKEXPEQN,22.0,22.0,22.0,0.0,0.0,11,242,40.0,17.5
SUPRAJIT,SUPRAJITEQN,493.5,493.5,493.5,0.0,0.0,368,181608,517.65,389.95
YESBANK,YESBANKEQN,22.84,22.84,22.84,0.0,0.0,144517,3300768,25.78,17.2
RAJRATAN,RAJRATANEQN,498.9,498.9,498.9,0.0,0.0,424,211533,544.0,305.55
NITCO,NITCOEQN,103.78,103.78,103.78,0.0,0.0,233,24180,141.99,64.0
FEL,FELBZN,0.38,0.38,0.38,0.0,0.0,24,9,0.65,0.34
TATATECH,TATATECHEQN,742.4,742.4,742.4,0.0,0.0,952,706764,784.0,507.4
SUVIDHAA,SUVIDHAAEQN,2.54,2.54,2.54,0.0,0.0,15,38,4.97,2.21
NH,NHEQN,2070.6,2070.6,2070.6,0.0,0.0,253,523861,2093.3,1589.0
VINNY,VINNYEQN,1.06,1.06,1.06,0.0,0.0,110,116,1.53,0.94
ORIENTCER,ORIENTCEREQN,40.07,40.07,40.07,0.0,0.0,1,40,56.64,34.0
PVRINOX,PVRINOXEQN,1140.0,1140.0,1140.0,0.0,0.0,494,563160,1249.7,907.4
MALUPAPER,MALUPAPEREQN,32.91,32.91,32.91,0.0,0.0,1,32,45.57,27.0
MUTHOOTMF,MUTHOOTMFEQN,255.58,255.58,255.58,0.0,0.0,748,191173,262.77,141.2
TCIEXP,TCIEXPEQN,545.95,545.95,545.95,0.0,0.0,19,10373,780.0,447.55
PSB,PSBEQN,23.67,23.67,23.67,0.0,0.0,20508,485424,32.46,20.5
SPMLINFRA,SPMLINFRAEQN,196.19,196.19,196.19,0.0,0.0,129,25308,323.4,151.01
MAGADSUGAR,MAGADSUGAREQN,480.35,480.35,480.35,0.0,0.0,12,5764,609.95,417.0
RPEL,RPELEQN,1299.2,1299.2,1299.2,0.0,0.0,37,48070,1371.8,561.3
UNIECOM,UNIECOMEQN,85.0,85.0,85.0,0.0,0.0,677,57545,155.8,78.51
TDPOWERSYS,TDPOWERSYSEQN,1036.0,1036.0,1036.0,0.0,0.0,5833,6042988,1379.6,462.05
VIKASECO,VIKASECOEQN,1.11,1.11,1.11,0.0,0.0,22701,25198,2.31,0.99
IDEA,IDEAEQN,13.05,13.05,13.05,0.0,0.0,738032,9631317,15.34,6.12
AWFIS,AWFISEQN,281.3,281.3,281.3,0.0,0.0,30,8439,639.4,229.05
NILAINFRA,NILAINFRAEQN,7.39,7.39,7.39,0.0,0.0,105,775,12.16,5.9
SENORES,SENORESEQN,1318.3,1318.3,1318.3,0.0,0.0,126,166105,1509.8,632.05
SOLARINDS,SOLARINDSEQN,18080.0,18080.0,18080.0,0.0,0.0,438,7919040,19187.0,11646.0
WEBELSOLAR,WEBELSOLAREQN,98.65,98.65,98.65,0.0,0.0,3132,308971,157.3,50.4
GAIL,GAILEQN,175.12,175.12,175.12,0.0,0.0,3953,692249,186.87,134.36
MSUMI,MSUMIEQN,41.22,41.22,41.22,0.0,0.0,23065,950739,53.59,35.7
ROLEXRINGS,ROLEXRINGSEQN,138.99,138.99,138.99,0.0,0.0,4461,620034,176.0,99.79
GANECOS,GANECOSEQN,1202.95,1202.95,1202.95,0.0,0.0,88,105859,1498.9,653.55
ASAHIINDIA,ASAHIINDIAEQN,878.75,878.75,878.75,0.0,0.0,61,53603,1074.0,775.1
RBLBANK,RBLBANKEQN,371.15,371.15,371.15,0.0,0.0,3591,1332799,382.35,243.25
RRKABEL,RRKABELEQN,2558.9,2558.9,2558.9,0.0,0.0,904,2313245,2775.0,1165.0
INVENTURE,INVENTUREEQN,0.91,0.91,0.91,0.0,0.0,10781,9810,1.72,0.81
PANAMAPET,PANAMAPETEQN,447.75,447.75,447.75,0.0,0.0,144,64476,518.5,229.0
GTLINFRA,GTLINFRAEQN,1.21,1.21,1.21,0.0,0.0,161539,195462,1.67,0.96
TALBROAUTO,TALBROAUTOEQN,398.1,398.1,398.1,0.0,0.0,249,99126,435.0,219.9
BTML,BTMLEQN,6.24,6.24,6.24,0.0,0.0,286,1784,10.5,5.06
MEDPLUS,MEDPLUSEQN,721.0,721.0,721.0,0.0,0.0,18,12978,1022.2,653.0
MAHLIFE,MAHLIFEEQN,387.35,387.35,387.35,0.0,0.0,260,100711,427.05,286.8
SJS,SJSEQN,2347.7,2347.7,2347.7,0.0,0.0,8,18781,2439.9,1131.3
RATEGAIN,RATEGAINEQN,923.15,923.15,923.15,0.0,0.0,771,711748,997.25,417.6
TSFINV,TSFINVEQN,443.25,443.25,443.25,0.0,0.0,52,23049,701.5,331.7
PFC,PFCEQN,427.1,427.1,427.1,0.0,0.0,15717,6712730,486.5,329.9
ABBOTINDIA,ABBOTINDIAEQN,27745.0,27745.0,27745.0,0.0,0.0,2,55490,35310.0,25150.0
ASALCBR,ASALCBREQN,765.1,765.1,765.1,0.0,0.0,34,26013,1277.0,660.65
ACC,ACCEQN,1370.8,1370.8,1370.8,0.0,0.0,88,120630,1987.0,1251.7
ADANIENT,ADANIENTEQN,3024.5,3024.5,3024.5,0.0,0.0,4182,12648459,3245.0,1753.0
ESCORTS,ESCORTSEQN,3016.8,3016.8,3016.8,0.0,0.0,211,636544,4180.0,2700.0
RAILTEL,RAILTELEQN,293.5,293.5,293.5,0.0,0.0,2564,752534,412.9,245.0
INDUSINDBK,INDUSINDBKEQN,1012.3,1012.3,1012.3,0.0,0.0,1672,1692565,1077.85,710.6
MOLDTKPAC,MOLDTKPACEQN,656.1,656.1,656.1,0.0,0.0,205,134500,892.9,464.9
SARVESHWAR,SARVESHWAREQN,3.33,3.33,3.33,0.0,0.0,5522,18388,8.48,2.5
BHARATWIRE,BHARATWIREEQN,201.55,201.55,201.55,0.0,0.0,135,27209,262.0,148.01
RSSOFTWARE,RSSOFTWAREBEN,31.03,31.03,31.03,0.0,0.0,1,31,82.0,21.93
BAJAJ-AUTO,BAJAJ-AUTOEQN,11338.0,11338.0,11338.0,0.0,0.0,413,4682594,11532.0,7858.5
SHIVATEX,SHIVATEXEQN,161.05,161.05,161.05,0.0,0.0,90,14494,217.92,126.06
MRF,MRFEQN,134200.0,134200.0,134200.0,0.0,0.0,19,2549800,163600.0,122000.0
ENTERO,ENTEROEQN,1222.2,1222.2,1222.2,0.0,0.0,34,41554,1390.0,944.0
ZYDUSLIFE,ZYDUSLIFEEQN,1122.7,1122.7,1122.7,0.0,0.0,1186,1331522,1181.5,835.5
BOROLTD,BOROLTDEQN,231.88,231.88,231.88,0.0,0.0,119,27593,397.95,213.73
GLOBUSSPR,GLOBUSSPREQN,876.95,876.95,876.95,0.0,0.0,182,159604,1303.2,800.05
FLFL,FLFLBZN,1.27,1.27,1.27,0.0,0.0,99,125,1.99,1.11
ROML,ROMLEQN,44.85,44.85,44.85,0.0,0.0,100,4485,62.0,35.11
CUBEXTUB,CUBEXTUBEQN,76.99,76.99,76.99,0.0,0.0,50,3849,143.69,73.1
NYKAA,NYKAAEQN,327.5,327.5,327.5,0.0,0.0,3919,1283472,335.0,200.14
JYOTISTRUC,JYOTISTRUCEQN,10.95,10.95,10.95,0.0,0.0,24721,270694,17.99,7.94
IKIO,IKIOEQN,204.7,204.7,204.7,0.0,0.0,649,132850,252.9,103.53
LAOPALA,LAOPALAEQN,186.54,186.54,186.54,0.0,0.0,7,1305,281.0,162.1
SOLARWORLD,SOLARWORLDEQN,196.14,196.14,196.14,0.0,0.0,2001,392476,388.5,139.19
GABRIEL,GABRIELEQN,1414.8,1414.8,1414.8,0.0,0.0,260,367848,1519.9,795.7
GHCL,GHCLEQN,439.15,439.15,439.15,0.0,0.0,142,62359,667.2,416.6
MOREPENLAB,MOREPENLABEQN,57.85,57.85,57.85,0.0,0.0,13857,801627,64.58,33.05
NELCAST,NELCASTEQN,116.27,116.27,116.27,0.0,0.0,100,11627,180.9,85.98
ARVIND,ARVINDEQN,517.35,517.35,517.35,0.0,0.0,483,249880,600.0,274.8
ASHOKLEY,ASHOKLEYEQN,157.96,157.96,157.96,0.0,0.0,24392,3852960,215.42,114.96
PONNIERODE,PONNIERODEEQN,306.7,306.7,306.7,0.0,0.0,12,3680,359.0,252.4
BHAGCHEM,BHAGCHEMEQN,267.05,267.05,267.05,0.0,0.0,1,267,325.0,170.6
KPRMILL,KPRMILLEQN,1060.5,1060.5,1060.5,0.0,0.0,148,156954,1334.0,796.1
ANUP,ANUPEQN,2090.6,2090.6,2090.6,0.0,0.0,17,35540,2724.7,1422.3
ARVINDFASN,ARVINDFASNEQN,448.9,448.9,448.9,0.0,0.0,54,24240,579.0,366.2
DELHIVERY,DELHIVERYEQN,470.0,470.0,470.0,0.0,0.0,2661,1250670,524.0,374.45
HIMATSEIDE,HIMATSEIDEEQN,80.62,80.62,80.62,0.0,0.0,102,8223,154.08,72.01
VISHWARAJ,VISHWARAJEQN,5.26,5.26,5.26,0.0,0.0,103,541,10.2,4.14
MOTHERSON,MOTHERSONEQN,146.0,146.0,146.0,0.0,0.0,40551,5920446,155.25,89.7
NMDC,NMDCEQN,85.85,85.85,85.85,0.0,0.0,35424,3041150,97.49,68.19
IDBI,IDBIEQN,84.14,84.14,84.14,0.0,0.0,10441,878505,118.38,61.01
IFBIND,IFBINDEQN,1331.3,1331.3,1331.3,0.0,0.0,107,142449,2019.8,883.2
AARTECH,AARTECHBEN,46.11,46.11,46.11,0.0,0.0,49,2259,69.19,33.51
AAVAS,AAVASEQN,1387.3,1387.3,1387.3,0.0,0.0,26,36069,1815.0,1060.4
MCL,MCLEQN,53.34,53.34,53.34,0.0,0.0,85,4533,93.2,42.0
NLCINDIA,NLCINDIAEQN,296.9,296.9,296.9,0.0,0.0,1655,491369,387.8,222.0
PNBGILTS,PNBGILTSEQN,83.78,83.78,83.78,0.0,0.0,433,36276,114.95,58.6
SUPRIYA,SUPRIYAEQN,859.6,859.6,859.6,0.0,0.0,154,132378,1085.0,545.5
MAHABANK,MAHABANKEQN,80.73,80.73,80.73,0.0,0.0,8538,689272,94.5,51.71
SUNDARMFIN,SUNDARMFINEQN,4480.1,4479.9,4479.9,-0.2,0.0,21,94077,5642.0,4000.0
SWARAJENG,SWARAJENGEQN,3567.8,3567.8,3567.8,0.0,0.0,5,17839,4545.0,3301.3
TATACHEM,TATACHEMEQN,679.05,679.05,679.05,0.0,0.0,1180,801279,1026.65,580.3
3MINDIA,3MINDIAEQN,35425.0,35425.0,35425.0,0.0,0.0,3,106275,38030.0,28730.0
XTGLOBAL,XTGLOBALEQN,31.45,31.45,31.45,0.0,0.0,11,345,46.25,25.2
TAJGVK,TAJGVKEQN,359.95,359.95,359.95,0.0,0.0,31,11158,512.65,281.35
SAKAR,SAKAREQN,850.0,850.0,850.0,0.0,0.0,159,135150,960.0,311.0
AZAD,AZADEQN,2395.2,2395.2,2395.2,0.0,0.0,498,1192809,2530.0,1360.0
ICICIPRULI,ICICIPRULIEQN,511.65,511.65,511.65,0.0,0.0,371,189822,706.8,459.5
PRINCEPIPE,PRINCEPIPEEQN,265.3,265.3,265.3,0.0,0.0,112,29713,358.0,205.0
GRADIENTE,GRADIENTEBEN,2.8,2.8,2.8,0.0,0.0,230,644,9.4,2.08
TIRUMALCHM,TIRUMALCHMEQN,169.46,169.46,169.46,0.0,0.0,331,56091,328.8,158.0
BOMDYEING,BOMDYEINGEQN,121.03,121.03,121.03,0.0,0.0,286,34614,195.45,92.0
JINDALSAW,JINDALSAWEQN,257.6,257.6,257.6,0.0,0.0,670,172592,278.95,153.0
JTEKTINDIA,JTEKTINDIAEQN,134.29,134.29,134.29,0.0,0.0,3,402,188.5,117.01
TATACONSUM,TATACONSUMEQN,1096.1,1096.1,1096.1,0.0,0.0,3014,3303645,1282.7,1007.2
ALANKIT,ALANKITEQN,7.89,7.89,7.89,0.0,0.0,189,1491,15.68,6.8
ADANIENSOL,ADANIENSOLEQN,1667.8,1667.8,1667.8,0.0,0.0,2299,3834272,1789.0,744.9
CSLFINANCE,CSLFINANCEEQN,211.0,211.0,211.0,0.0,0.0,1,211,324.7,209.7
HAVELLS,HAVELLSEQN,1237.0,1237.0,1237.0,0.0,0.0,189,233793,1621.1,1123.6
JKIL,JKILEQN,481.35,481.35,481.35,0.0,0.0,152,73165,737.0,425.0
LICI,LICIEQN,423.9,423.9,423.9,0.0,0.0,7124,3019863,468.48,360.75
POLYCAB,POLYCABEQN,9047.0,9047.0,9047.0,0.0,0.0,536,4849192,10126.0,6620.0
MANORAMA,MANORAMAEQN,1645.8,1645.8,1645.8,0.0,0.0,193,317639,1687.0,1060.6
DLINKINDIA,DLINKINDIAEQN,448.3,448.3,448.3,0.0,0.0,140,62762,549.2,367.65
KOLTEPATIL,KOLTEPATILEQN,390.1,390.1,390.1,0.0,0.0,23,8972,483.9,292.25
BRNL,BRNLEQN,17.48,17.48,17.48,0.0,0.0,54,943,26.5,16.66
SPIC,SPICEQN,66.83,66.83,66.83,0.0,0.0,431,28803,128.2,55.1
CAMS,CAMSEQN,792.4,792.4,792.4,0.0,0.0,5378,4261527,844.9,611.4
GRAVITA,GRAVITAEQN,1615.2,1615.2,1615.2,0.0,0.0,559,902896,1949.0,1266.9
UNITEDPOLY,UNITEDPOLYBEN,30.49,30.49,30.49,0.0,0.0,5,152,51.16,20.6
FEDFINA,FEDFINAEQN,155.06,155.06,155.06,0.0,0.0,91,14110,178.48,119.07
DOLLAR,DOLLAREQN,256.45,256.45,256.45,0.0,0.0,448,114889,396.0,220.5
NHPC,NHPCEQN,77.9,77.9,77.9,0.0,0.0,29899,2329132,89.22,71.62
MOLDTECH,MOLDTECHEQN,143.77,143.77,143.77,0.0,0.0,240,34504,221.0,101.1
KOTHARIPET,KOTHARIPETEQN,138.86,138.86,138.86,0.0,0.0,810,112476,174.0,94.75
JAICORPLTD,JAICORPLTDEQN,101.76,101.76,101.76,0.0,0.0,606,61666,178.24,88.0
VSTIND,VSTINDEQN,220.0,220.0,220.0,0.0,0.0,654,143880,286.78,200.0
WHEELS,WHEELSEQN,1434.5,1434.5,1434.5,0.0,0.0,63,90373,1808.0,705.85
AHLADA,AHLADAEQN,36.82,36.82,36.82,0.0,0.0,1,36,72.5,31.22
GREENPLY,GREENPLYEQN,285.8,285.8,285.8,0.0,0.0,2303,658197,349.0,176.42
CAPITALSFB,CAPITALSFBEQN,298.3,298.3,298.3,0.0,0.0,2,596,326.35,206.55
ESAFSFB,ESAFSFBEQN,37.43,37.43,37.43,0.0,0.0,1274,47685,40.2,19.78
TNPETRO,TNPETROEQN,94.12,94.12,94.12,0.0,0.0,209,19671,129.89,78.67
TORNTPHARM,TORNTPHARMEQN,4878.5,4878.5,4878.5,0.0,0.0,1360,6634760,5085.8,3480.6
HEIDELBERG,HEIDELBERGEQN,155.27,155.27,155.27,0.0,0.0,429,66610,224.8,136.1
EASEMYTRIP,EASEMYTRIPEQN,6.73,6.73,6.73,0.0,0.0,31263,210399,10.6,5.77
RAMRAT,RAMRATEQN,456.5,456.5,456.5,0.0,0.0,272,124168,520.0,268.0
SHARDAMOTR,SHARDAMOTREQN,843.6,843.6,843.6,0.0,0.0,9,7592,1189.9,700.0
KABRAEXTRU,KABRAEXTRUEQN,390.15,390.15,390.15,0.0,0.0,1395,544259,408.0,180.0
UNIONBANK,UNIONBANKEQN,171.08,171.08,171.08,0.0,0.0,10460,1789496,205.49,124.64
BILVYAPAR,BILVYAPARBEN,4.0,4.0,4.0,0.0,0.0,31,124,14.7,3.8
LLOYDSENGG,LLOYDSENGGEQN,89.99,89.99,89.99,0.0,0.0,13738,1236282,95.1,37.4
NESTLEIND,NESTLEINDEQN,1503.3,1503.3,1503.3,0.0,0.0,5128,7708922,1515.8,1084.7
URAVIDEF,URAVIDEFBEN,113.01,113.01,113.01,0.0,0.0,1,113,514.0,106.55
RTNPOWER,RTNPOWEREQN,8.5,8.5,8.5,0.0,0.0,71460,607410,13.59,7.52
PREMIERPOL,PREMIERPOLEQN,73.6,73.6,73.6,0.0,0.0,263,19356,85.45,38.0
SHRENIK,SHRENIKBZN,0.33,0.33,0.33,0.0,0.0,4104,1354,0.65,0.32
JUBLCPL,JUBLCPLEQN,1840.6,1840.6,1840.6,0.0,0.0,1,1840,3013.4,1460.0
PATILAUTOM,PATILAUTOMSTN,188.0,188.0,188.0,0.0,0.0,600,112800,254.85,112.05
BOSCHLTD,BOSCHLTDEQN,41065.0,41065.0,41065.0,0.0,0.0,22,903430,42985.0,28610.0
BUTTERFLY,BUTTERFLYEQN,729.15,729.15,729.15,0.0,0.0,90,65623,823.85,565.8
CRAFTSMAN,CRAFTSMANEQN,9913.0,9913.0,9913.0,0.0,0.0,562,5571106,10037.0,5954.0
CYBERTECH,CYBERTECHBEN,138.95,138.95,138.95,0.0,0.0,1,138,274.8,95.3
ARE&M,ARE&MEQN,882.9,882.9,882.9,0.0,0.0,2378,2099536,1057.85,670.0
MEDICO,MEDICOEQN,46.26,46.26,46.26,0.0,0.0,500,23130,56.88,30.22
VIVIDHA,VIVIDHAEQN,0.51,0.51,0.51,0.0,0.0,533,271,0.91,0.43
OWAIS,OWAISSTN,99.45,99.45,99.45,0.0,0.0,100,9945,580.0,88.1
TIRUPATIFL,TIRUPATIFLBEN,72.67,72.67,72.67,0.0,0.0,712,51741,83.9,30.11
VENUSREM,VENUSREMBEN,1603.4,1603.4,1603.4,0.0,0.0,134,214855,2044.3,424.0
IMFA,IMFAEQN,1372.7,1372.7,1372.7,0.0,0.0,402,551825,1679.9,700.05
PICCADIL,PICCADILEQN,731.25,731.25,731.25,0.0,0.0,327,239118,805.5,515.0
BIRLACABLE,BIRLACABLEBEN,198.28,198.28,198.28,0.0,0.0,95,18836,241.0,104.0
DIFFNKG,DIFFNKGEQN,388.15,388.15,388.15,0.0,0.0,3,1164,436.2,216.8
COHANCE,COHANCEEQN,431.3,431.3,431.3,0.0,0.0,470,202711,1038.9,266.7
GKENERGY,GKENERGYEQN,134.67,134.67,134.67,0.0,0.0,378,50905,239.6,87.2
BHARATGEAR,BHARATGEARBEN,126.39,126.39,126.39,0.0,0.0,1,126,154.2,83.8
PACEDIGITK,PACEDIGITKEQN,197.55,197.55,197.55,0.0,0.0,2446,483207,231.95,139.81
MIDWESTLTD,MIDWESTLTDEQN,1208.3,1208.3,1208.3,0.0,0.0,1,1208,1859.9,1048.5
PAR,PAREQN,95.84,95.84,95.84,0.0,0.0,5,479,122.43,78.05
WAAREERTL,WAAREERTLEQN,913.5,913.5,913.5,0.0,0.0,999,912586,1358.0,779.5
BORORENEW,BORORENEWEQN,573.95,573.95,573.95,0.0,0.0,694,398321,721.0,374.4
HDBFS,HDBFSEQN,679.7,679.7,679.7,0.0,0.0,1134,770779,811.8,555.3
WSI,WSIEQN,61.2,61.2,61.2,0.0,0.0,101,6181,98.9,59.25
TREEHOUSE,TREEHOUSEEQN,6.3,6.3,6.3,0.0,0.0,1,6,11.0,5.52
TEMBO,TEMBOEQN,559.9,559.9,559.9,0.0,0.0,95,53190,837.0,433.35
KIRLFER,KIRLFEREQN,474.2,474.2,474.2,0.0,0.0,118,55955,513.0,408.0
GANGAFORGE,GANGAFORGEBEN,1.79,1.79,1.79,0.0,0.0,31656,56664,3.29,1.59
IGCL,IGCLEQN,77.63,77.63,77.63,0.0,0.0,300,23289,118.99,49.46
OMFREIGHT,OMFREIGHTBEN,91.35,91.35,91.35,0.0,0.0,1,91,114.33,58.95
MENNPIS,MENNPISEQN,72.34,72.34,72.34,0.0,0.0,223,16131,81.8,52.35
VIKRAMSOLR,VIKRAMSOLREQN,181.62,181.62,181.62,0.0,0.0,3365,611151,407.95,162.1
GVPIL,GVPILEQN,751.5,751.5,751.5,0.0,0.0,750,563625,1084.0,270.9
SBGLP,SBGLPEQN,24.97,24.97,24.97,0.0,0.0,2,49,45.27,18.35
LIBAS,LIBASEQN,10.01,10.01,10.01,0.0,0.0,1725,17267,14.3,9.02
POLYPLEX,POLYPLEXEQN,1121.1,1121.1,1121.1,0.0,0.0,60,67266,1179.9,740.0
TIGERLOGS,TIGERLOGSBEN,30.01,30.01,30.01,0.0,0.0,227,6812,56.69,22.9
INNOVISION,INNOVISIONEQN,282.15,282.15,282.15,0.0,0.0,54,15236,470.0,280.0
LANDSMILL,LANDSMILLEQN,0.83,0.83,0.83,0.0,0.0,4393,3646,1.74,0.73
CHOLAHLDNG,CHOLAHLDNGEQN,1517.7,1517.7,1517.7,0.0,0.0,65,98650,2064.0,1305.0
KSB,KSBEQN,842.6,842.6,842.6,0.0,0.0,91,76676,1028.3,666.65
ICICIAMC,ICICIAMCEQN,3110.7,3110.8,3110.8,0.1,0.0,120,373296,3611.0,2530.0
CLEDUCATE,CLEDUCATEBEN,56.3,56.3,56.3,0.0,0.0,125,7037,120.8,35.48
MARKOLINES,MARKOLINESEQN,177.26,177.26,177.26,0.0,0.0,457,81007,191.75,131.65
SHADOWFAX,SHADOWFAXEQN,216.19,216.19,216.19,0.0,0.0,4437,959235,241.63,98.55
AARNAV,AARNAVEQN,29.15,29.15,29.15,0.0,0.0,42,1224,37.4,21.0
INDOAMIN,INDOAMINBEN,128.37,128.37,128.37,0.0,0.0,9,1155,167.9,81.9
DHARAN,DHARANBZN,0.15,0.15,0.15,0.0,0.0,36420,5463,0.61,0.11
CONCOR,CONCOREQN,525.85,525.85,525.85,0.0,0.0,2694,1416639,598.85,421.45
ANTELOPUS,ANTELOPUSEQN,791.15,791.15,791.15,0.0,0.0,748,591780,933.65,357.0
UNITECH,UNITECHEQN,4.28,4.28,4.28,0.0,0.0,10829,46348,7.93,3.1
RCOM,RCOMBEN,0.83,0.83,0.83,0.0,0.0,36331,30154,1.9,0.75
MWL,MWLEQN,35.7,35.7,35.7,0.0,0.0,528,18849,41.95,17.01
ALOKINDS,ALOKINDSEQN,12.0,12.0,12.0,0.0,0.0,17281,207372,19.99,11.11
MANAKALUCO,MANAKALUCOEQN,36.12,36.12,36.12,0.0,0.0,8,288,68.12,21.73
GAYAPROJ,GAYAPROJBEN,20.12,20.12,20.12,0.0,0.0,84,1690,26.0,7.7
AEPL,AEPLEQN,14.55,14.55,14.55,0.0,0.0,9,130,20.25,13.25
QUICKHEAL,QUICKHEALBEN,160.0,160.0,160.0,0.0,0.0,157,25120,371.4,125.0
SICALLOG,SICALLOGEQN,111.5,111.5,111.5,0.0,0.0,90,10035,112.36,60.11
LTM,LTMEQN,4422.7,4422.8,4422.8,0.1,0.0,1497,6620931,6429.5,3528.0
KISSHT,KISSHTEQN,343.45,343.45,343.45,0.0,0.0,36379,12494367,351.5,190.0
ORIENTBELL,ORIENTBELLEQN,318.05,318.05,318.05,0.0,0.0,1,318,364.0,238.75
NAHARSPING,NAHARSPINGBEN,281.2,281.2,281.2,0.0,0.0,10,2812,291.79,149.2
CNL,CNLEQN,990.85,990.85,990.85,0.0,0.0,263,260593,1080.25,525.0
CENTURYPLY,CENTURYPLYEQN,782.8,782.8,782.8,0.0,0.0,28,21918,859.0,618.5
PRITIKAUTO,PRITIKAUTOBEN,17.65,17.65,17.65,0.0,0.0,2,35,20.99,10.41
ESSENTIA,ESSENTIABEN,1.05,1.05,1.05,0.0,0.0,8860,9303,2.07,0.95
ACCURACY,ACCURACYBEN,4.91,4.91,4.91,0.0,0.0,440,2160,7.88,3.4
QUINT,QUINTEQN,38.7,38.7,38.7,0.0,0.0,4,154,47.69,33.45
SBIFUNDS,SBIFUNDSEQN,576.05,576.05,576.05,0.0,0.0,11082,6383786,624.95,572.0
SULA,SULAEQN,167.33,167.33,167.33,0.0,0.0,6248,1045477,296.8,138.6
JAIBALAJI,JAIBALAJIBEN,61.13,61.13,61.13,0.0,0.0,8,489,117.0,53.65
COCKERILL,COCKERILLEQN,8678.0,8678.0,8678.0,0.0,0.0,1,8678,10871.5,4955.0
GMBREW,GMBREWEQN,902.5,902.5,902.5,0.0,0.0,29,26172,1328.8,666.05
SANOFICONR,SANOFICONREQN,4745.3,4745.0,4745.0,-0.3,-0.01,1,4745,5512.0,3975.0
CHOICEIN,CHOICEINEQN,800.1,800.0,800.0,-0.1,-0.01,2064,1651200,860.5,568.7
WESTLIFE,WESTLIFEEQN,489.05,489.0,489.0,-0.05,-0.01,62,30318,779.15,398.4
LICHSGFIN,LICHSGFINEQN,553.45,553.4,553.4,-0.05,-0.01,1533,848362,600.3,458.9
FORTIS,FORTISEQN,952.05,951.95,951.95,-0.1,-0.01,364,346509,1104.3,766.8
RANEHOLDIN,RANEHOLDINEQN,1735.2,1735.0,1735.0,-0.2,-0.01,1,1735,1837.7,981.0
GICRE,GICREEQN,358.95,358.9,358.9,-0.05,-0.01,138,49528,417.95,346.7
ASIANPAINT,ASIANPAINTEQN,2758.4,2758.1,2758.1,-0.3,-0.01,15549,42885696,2985.7,2115.0
PRIVISCL,PRIVISCLEQN,3707.3,3707.1,3707.1,-0.2,-0.01,89,329931,3785.3,2173.2
TATAPOWER,TATAPOWEREQN,377.25,377.2,377.2,-0.05,-0.01,19846,7485911,464.9,342.5
KITEX,KITEXEQN,146.02,146.0,146.0,-0.02,-0.01,2227,325142,251.85,138.2
AMBER,AMBEREQN,7411.5,7411.0,7411.0,-0.5,-0.01,362,2682782,8974.0,5400.5
HITECH,HITECHEQN,86.21,86.2,86.2,-0.01,-0.01,2300,198260,127.5,70.14
EXCELINDUS,EXCELINDUSEQN,991.35,991.3,991.3,-0.05,-0.01,1,991,1440.0,800.05
NUVAMA,NUVAMAEQN,1827.2,1827.0,1827.0,-0.2,-0.01,488,891576,2066.0,1096.9
NILE,NILEEQN,1900.2,1900.0,1900.0,-0.2,-0.01,9,17100,2018.9,1605.05
JINDALPHOT,JINDALPHOTEQN,1063.1,1063.0,1063.0,-0.1,-0.01,1,1063,1616.6,796.0
PREMEXPLN,PREMEXPLNEQN,662.15,662.05,662.05,-0.1,-0.02,943,624313,829.8,378.4
LLOYDSENT,LLOYDSENTEQN,80.37,80.35,80.35,-0.02,-0.02,3938,316418,83.8,40.69
IXIGO,IXIGOEQN,194.03,194.0,194.0,-0.03,-0.02,411,79734,339.15,151.27
JKCEMENT,JKCEMENTEQN,5642.0,5641.0,5641.0,-1.0,-0.02,34,191794,7565.5,4671.5
CROMPTON,CROMPTONEQN,264.25,264.2,264.2,-0.05,-0.02,19352,5112798,337.5,217.4
FINOPB,FINOPBEQN,163.03,163.0,163.0,-0.03,-0.02,932,151916,339.0,110.03
TEAMLEASE,TEAMLEASEEQN,1299.2,1299.0,1299.0,-0.2,-0.02,217,281883,2100.0,1065.2
RPSGVENT,RPSGVENTEQN,940.05,939.85,939.85,-0.2,-0.02,70,65789,1179.0,551.9
BAJAJCON,BAJAJCONEQN,536.5,536.4,536.4,-0.1,-0.02,171,91724,692.0,220.1
SANGHVIMOV,SANGHVIMOVEQN,438.1,438.0,438.0,-0.1,-0.02,1217,533046,473.0,223.8
GODFRYPHLP,GODFRYPHLPEQN,2076.0,2075.6,2075.6,-0.4,-0.02,522,1083463,3947.0,1832.1
PETRONET,PETRONETEQN,277.1,277.05,277.05,-0.05,-0.02,783,216930,326.4,235.35
CANBK,CANBKEQN,124.72,124.7,124.7,-0.02,-0.02,49471,6169033,162.89,103.55
DBREALTY,DBREALTYBEN,113.72,113.7,113.7,-0.02,-0.02,205,23308,189.9,83.5
SBIN,SBINEQN,1013.7,1013.5,1013.5,-0.2,-0.02,14425,14619737,1234.7,786.55
SCI,SCIEQN,278.6,278.55,278.55,-0.05,-0.02,4570,1272973,368.75,195.55
STALLION,STALLIONEQN,244.34,244.28,244.28,-0.06,-0.02,4816,1176452,359.15,94.78
JUBLFOOD,JUBLFOODEQN,440.1,440.0,440.0,-0.1,-0.02,1231,541640,670.45,408.55
SUDEEPPHRM,SUDEEPPHRMEQN,879.15,879.0,879.0,-0.15,-0.02,654,574866,908.0,524.05
KOPRAN,KOPRANBEN,191.64,191.6,191.6,-0.04,-0.02,60,11496,219.0,107.0
JSLL,JSLLEQN,564.9,564.8,564.8,-0.1,-0.02,1026,579484,849.5,492.0
RMC,RMCEQN,258.65,258.6,258.6,-0.05,-0.02,75,19395,530.0,256.0
DECNGOLD,DECNGOLDEQN,192.03,192.0,192.0,-0.03,-0.02,8446,1621632,235.0,114.8
KPIL,KPILEQN,1303.4,1303.0,1303.0,-0.4,-0.03,59,76877,1479.6,1007.1
FEDERALBNK,FEDERALBNKEQN,359.15,359.05,359.05,-0.1,-0.03,10137,3639689,359.9,185.11
MANINFRA,MANINFRAEQN,97.08,97.05,97.05,-0.03,-0.03,4709,457008,182.49,77.12
DBCORP,DBCORPEQN,210.57,210.5,210.5,-0.07,-0.03,53,11156,287.9,184.51
PRUDENT,PRUDENTEQN,3158.5,3157.6,3157.6,-0.9,-0.03,88,277868,3239.9,2121.0
CARYSIL,CARYSILEQN,1178.4,1178.0,1178.0,-0.4,-0.03,141,166098,1280.9,732.1
TTKPRESTIG,TTKPRESTIGEQN,677.15,676.95,676.95,-0.2,-0.03,673,455587,771.2,423.0
DATAMATICS,DATAMATICSEQN,839.25,839.0,839.0,-0.25,-0.03,36,30204,1120.0,632.0
PNB,PNBEQN,111.08,111.05,111.05,-0.03,-0.03,13123,1457309,135.15,98.5
OFSS,OFSSEQN,11427.0,11424.0,11424.0,-3.0,-0.03,369,4215456,11979.0,6234.5
RICOAUTO,RICOAUTOEQN,140.14,140.1,140.1,-0.04,-0.03,3415,478441,157.0,65.73
CPL,CPLEQN,71.02,71.0,71.0,-0.02,-0.03,10,710,75.74,68.0
CEMPRO,CEMPROEQN,1341.6,1341.2,1341.2,-0.4,-0.03,738,989805,1649.2,503.3
SAATVIKGL,SAATVIKGLEQN,438.0,437.85,437.85,-0.15,-0.03,20,8757,567.0,328.0
KARURVYSYA,KARURVYSYAEQN,340.1,340.0,340.0,-0.1,-0.03,2600,884000,347.9,201.82
BMWVENTLTD,BMWVENTLTDEQN,57.51,57.49,57.49,-0.02,-0.03,124,7128,78.0,48.0
JSWHL,JSWHLEQN,11163.0,11160.0,11160.0,-3.0,-0.03,10,111600,22790.0,10530.0
FINCABLES,FINCABLESEQN,984.9,984.6,984.6,-0.3,-0.03,168,165412,1203.9,700.8
STAR,STAREQN,1060.0,1059.6,1059.6,-0.4,-0.04,65,68874,1231.0,768.65
ABREL,ABRELEQN,1405.6,1405.0,1405.0,-0.6,-0.04,98,137690,1978.9,1080.1
FIEMIND,FIEMINDEQN,2331.3,2330.4,2330.4,-0.9,-0.04,42,97876,2555.3,1794.0
GVT&D,GVT&DEQN,4101.6,4100.0,4100.0,-1.6,-0.04,3856,15809600,5650.0,2372.2
SAMMAANCAP,SAMMAANCAPEQN,162.07,162.0,162.0,-0.07,-0.04,2607,422334,192.95,114.1
CLEAN,CLEANEQN,737.3,737.0,737.0,-0.3,-0.04,296,218152,1256.8,652.0
SAFARI,SAFARIEQN,1600.6,1600.0,1600.0,-0.6,-0.04,14,22400,2507.1,1363.1
AUROPHARMA,AUROPHARMAEQN,1590.7,1590.0,1590.0,-0.7,-0.04,1193,1896870,1636.8,1016.1
GENESYS,GENESYSEQN,277.0,276.9,276.9,-0.1,-0.04,716,198260,647.9,198.05
JWL,JWLEQN,259.3,259.2,259.2,-0.1,-0.04,17912,4642790,372.85,235.65
GPPL,GPPLEQN,150.18,150.12,150.12,-0.06,-0.04,2090,313750,200.09,141.55
FORCEMOT,FORCEMOTEQN,17334.0,17327.0,17327.0,-7.0,-0.04,371,6428317,26450.0,14911.0
ENCOMPAS,ENCOMPASSMN,246.1,246.0,246.0,-0.1,-0.04,800,196800,302.9,167.35
PROSTARM,PROSTARMEQN,124.25,124.2,124.2,-0.05,-0.04,303,37632,253.49,114.64
WENDT,WENDTEQN,8229.0,8226.0,8226.0,-3.0,-0.04,7,57582,10585.0,5841.5
SRM,SRMEQN,505.2,505.0,505.0,-0.2,-0.04,4,2020,649.95,361.35
OMPOWER,OMPOWEREQN,164.07,164.0,164.0,-0.07,-0.04,221,36244,206.0,161.55
CMPDI,CMPDIEQN,244.61,244.5,244.5,-0.11,-0.04,3217,786556,283.69,150.16
HYUNDAI,HYUNDAIEQN,1992.9,1992.0,1992.0,-0.9,-0.05,1591,3169272,2890.0,1658.0
ITC,ITCEQN,286.25,286.1,286.1,-0.15,-0.05,20597,5892801,427.0,275.0
PVSL,PVSLEQN,110.25,110.2,110.2,-0.05,-0.05,2,220,163.0,82.41
APOLLOPIPE,APOLLOPIPEEQN,500.25,500.0,500.0,-0.25,-0.05,338,169000,554.0,252.1
PRAJIND,PRAJINDEQN,310.15,310.0,310.0,-0.15,-0.05,1442,447020,479.85,273.0
MARICO,MARICOEQN,878.7,874.3,874.3,-0.4,-0.05,4091,3576761,886.3,690.3
FUSION,FUSIONEQN,205.6,205.5,205.5,-0.1,-0.05,420,86310,243.0,136.5
GUJENERGY,GUJENERGYEQN,273.05,272.9,272.9,-0.15,-0.05,1202,328025,457.4,261.25
FLUOROCHEM,FLUOROCHEMEQN,4582.1,4580.0,4580.0,-2.1,-0.05,665,3045700,4653.2,2916.6
INDOTECH,INDOTECHBEN,3463.8,3462.0,3462.0,-1.8,-0.05,5,17310,3599.0,1100.0
CERA,CERAEQN,6143.0,6140.0,6140.0,-3.0,-0.05,117,718380,6740.0,4461.1
MARUTI,MARUTIEQN,13948.0,13939.0,13939.0,-9.0,-0.06,818,11402102,17370.0,12201.0
SHYAMMETL,SHYAMMETLEQN,1033.6,1033.0,1033.0,-0.6,-0.06,99,102267,1090.0,746.0
WELSPUNLIV,WELSPUNLIVEQN,162.3,162.2,162.2,-0.1,-0.06,1239,200965,174.97,107.1
M&M,M&MEQN,3221.8,3220.0,3220.0,-1.8,-0.06,10480,33745600,3839.9,2896.0
ASTRAZEN,ASTRAZENEQN,8185.0,8180.0,8180.0,-5.0,-0.06,24,196320,9849.5,7551.5
FIRSTCRY,FIRSTCRYEQN,215.03,214.9,214.9,-0.13,-0.06,576,123782,438.7,202.56
ORIENTPPR,ORIENTPPREQN,17.51,17.5,17.5,-0.01,-0.06,7,122,30.89,13.25
COSMOFIRST,COSMOFIRSTEQN,889.1,888.55,888.55,-0.55,-0.06,54,47981,1137.4,560.8
BIOCON,BIOCONEQN,431.1,430.85,430.85,-0.25,-0.06,5341,2301169,447.15,331.0
FISCHER,FISCHEREQN,35.76,35.74,35.74,-0.02,-0.06,205,7326,124.7,31.05
CARTRADE,CARTRADEEQN,2855.7,2854.0,2854.0,-1.7,-0.06,8506,24276124,3290.5,1600.0
ARIS,ARISEQN,128.57,128.49,128.49,-0.08,-0.06,4195,539015,178.3,82.18
ELITECON,ELITECONEQN,15.81,15.8,15.8,-0.01,-0.06,5603,88527,46.4,15.3
DLF,DLFEQN,670.25,669.75,669.75,-0.5,-0.07,3942,2640154,805.0,489.4
SUMMITSEC,SUMMITSECEQN,1508.0,1507.0,1507.0,-1.0,-0.07,8,12056,2495.0,1312.0
JISLJALEQS,JISLJALEQSEQN,30.13,30.11,30.11,-0.02,-0.07,3773,113605,59.0,27.1
SOTL,SOTLEQN,609.3,608.9,608.9,-0.4,-0.07,719,437799,666.6,285.8
ASTERDM,ASTERDMEQN,818.35,817.8,817.8,-0.55,-0.07,369,301768,836.5,519.1
SHANTIGOLD,SHANTIGOLDEQN,223.32,223.16,223.16,-0.16,-0.07,1506,336078,274.1,155.0
CDSL,CDSLEQN,1350.0,1349.0,1349.0,-1.0,-0.07,2783,3754267,1673.7,1116.3
CESC,CESCEQN,164.12,164.0,164.0,-0.12,-0.07,3988,654032,204.5,138.12
TRACXN,TRACXNEQN,29.95,29.93,29.93,-0.02,-0.07,1017,30438,59.4,25.39
VINCOFE,VINCOFEEQN,155.13,155.0,155.0,-0.13,-0.08,27261,4225455,179.85,120.24
ACSTECH,ACSTECHEQN,39.53,39.5,39.5,-0.03,-0.08,273,10783,47.07,31.71
TRITURBINE,TRITURBINEEQN,615.9,615.4,615.4,-0.5,-0.08,224,137849,787.6,428.35
DEEPAKFERT,DEEPAKFERTEQN,1626.3,1625.0,1625.0,-1.3,-0.08,1488,2418000,1680.0,866.4
LTF,LTFEQN,309.15,308.9,308.9,-0.25,-0.08,2971,917741,338.6,194.4
SYNCOMF,SYNCOMFEQN,13.21,13.2,13.2,-0.01,-0.08,5844,77140,18.93,10.21
TORNTPOWER,TORNTPOWEREQN,1431.1,1430.0,1430.0,-1.1,-0.08,73,104390,1824.1,1188.0
IOC,IOCEQN,140.11,140.0,140.0,-0.11,-0.08,37640,5269600,188.96,130.22
JAYAGROGN,JAYAGROGNEQN,224.29,224.1,224.1,-0.19,-0.08,191,42803,271.1,147.26
GNRL,GNRLEQN,94.78,94.7,94.7,-0.08,-0.08,233,22065,120.9,83.2
HEXAGON,HEXAGONBEN,62.06,62.01,62.01,-0.05,-0.08,974,60397,78.25,48.1
KSHINTL,KSHINTLEQN,825.4,824.7,824.7,-0.7,-0.08,240,197928,930.0,330.0
NBCC,NBCCEQN,94.6,94.52,94.52,-0.08,-0.08,37766,3569642,125.85,77.18
URBANCO,URBANCOEQN,131.25,131.14,131.14,-0.11,-0.08,4295,563246,201.18,100.7
GMRAIRPORT,GMRAIRPORTEQN,107.1,107.0,107.0,-0.1,-0.09,8546,914422,115.64,84.11
HCC,HCCEQN,21.35,21.33,21.33,-0.02,-0.09,35330,753588,28.5,13.65
GODREJPROP,GODREJPROPEQN,2156.0,2154.0,2154.0,-2.0,-0.09,1810,3898740,2352.0,1434.0
TATAELXSI,TATAELXSIEQN,3673.4,3670.0,3670.0,-3.4,-0.09,930,3413100,6169.5,3353.9
HILINFRA,HILINFRAEQN,46.99,46.95,46.95,-0.04,-0.09,39,1831,131.4,40.6
PARKHOSPS,PARKHOSPSEQN,279.25,279.0,279.0,-0.25,-0.09,267,74493,305.0,138.1
ULTRAMAR,ULTRAMAREQN,372.45,372.1,372.1,-0.35,-0.09,84,31256,443.0,364.1
IONEXCHANG,IONEXCHANGEQN,423.9,423.5,423.5,-0.4,-0.09,157,66489,486.0,312.7
ABFRL,ABFRLEQN,58.06,58.0,58.0,-0.06,-0.1,5799,336342,94.95,53.51
VSSL,VSSLEQN,306.15,305.85,305.85,-0.3,-0.1,117,35784,325.85,206.4
ORIENTHOT,ORIENTHOTEQN,134.98,134.85,134.85,-0.13,-0.1,29,3910,149.5,80.0
CHAMBLFERT,CHAMBLFERTEQN,451.45,451.0,451.0,-0.45,-0.1,4341,1957791,580.7,399.75
TMCV,TMCVEQN,411.4,411.0,411.0,-0.4,-0.1,11774,4839114,509.0,306.3
ORKLAINDIA,ORKLAINDIAEQN,565.55,565.0,565.0,-0.55,-0.1,26,14690,760.0,533.25
MONARCH,MONARCHEQN,388.45,388.05,388.05,-0.4,-0.1,510,197905,403.8,235.45
BAJAJHFL,BAJAJHFLEQN,87.63,87.53,87.53,-0.1,-0.11,220193,19273493,117.98,72.65
UTIAMC,UTIAMCEQN,915.05,914.0,914.0,-1.05,-0.11,107,97798,1418.0,876.0
NEULANDLAB,NEULANDLABEQN,19697.0,19676.0,19676.0,-21.0,-0.11,45,885420,20089.0,11500.0
PFIZER,PFIZEREQN,4755.1,4750.0,4750.0,-5.1,-0.11,28,133000,5873.5,4360.1
NAVA,NAVAEQN,561.6,561.0,561.0,-0.6,-0.11,316,177276,739.4,501.65
WIPRO,WIPROEQN,183.61,183.4,183.4,-0.21,-0.11,64482,11825998,273.1,169.0
STEELCITY,STEELCITYEQN,75.08,75.0,75.0,-0.08,-0.11,5,375,116.0,71.26
SENCO,SENCOEQN,413.4,412.95,412.95,-0.45,-0.11,2953,1219441,430.0,276.0
IDFCFIRSTB,IDFCFIRSTBEQN,85.02,84.93,84.93,-0.09,-0.11,13321,1131352,88.76,58.08
SUDARSCHEM,SUDARSCHEMEQN,1030.8,1029.7,1029.7,-1.1,-0.11,18,18534,1603.0,726.4
INDIQUBE,INDIQUBEEQN,179.79,179.6,179.6,-0.19,-0.11,7,1257,243.8,131.15
NAVKARCORP,NAVKARCORPEQN,103.11,102.99,102.99,-0.12,-0.12,1980,203920,140.2,74.05
MASFIN,MASFINEQN,325.3,324.9,324.9,-0.4,-0.12,686,222881,358.85,277.35
GIPCL,GIPCLEQN,162.65,162.45,162.45,-0.2,-0.12,27,4386,203.25,119.9
MPSLTD,MPSLTDEQN,2683.4,2680.2,2680.2,-3.2,-0.12,66,176893,2800.0,1336.1
GOCLCORP,GOCLCORPEQN,382.95,382.5,382.5,-0.45,-0.12,150,57375,459.9,223.35
PILITA,PILITABEN,8.6,8.59,8.59,-0.01,-0.12,150,1288,15.9,6.2
ALLCARGO,ALLCARGOEQN,8.01,8.0,8.0,-0.01,-0.12,12363,98904,36.55,7.11
ZEEL,ZEELEQN,108.13,108.0,108.0,-0.13,-0.12,27519,2972052,124.14,68.0
PWL,PWLEQN,126.55,126.4,126.4,-0.15,-0.12,5187,655636,161.99,77.72
SPARC,SPARCEQN,213.17,212.9,212.9,-0.27,-0.13,658,140088,289.0,108.0
CENTRALBK,CENTRALBKEQN,31.19,31.15,31.15,-0.04,-0.13,60010,1869311,40.92,29.32
JAMNAAUTO,JAMNAAUTOEQN,131.97,131.8,131.8,-0.17,-0.13,3750,494250,152.6,87.75
GOODLUCK,GOODLUCKEQN,1532.0,1530.0,1530.0,-2.0,-0.13,57,87210,1672.1,915.0
DBEIL,DBEILBEN,7.61,7.6,7.6,-0.01,-0.13,111,843,18.56,5.15
KIMS,KIMSEQN,798.0,797.0,797.0,-1.0,-0.13,264,210408,858.0,575.8
ATUL,ATULEQN,6798.5,6790.0,6790.0,-8.5,-0.13,39,264810,7180.0,5560.5
BIKAJI,BIKAJIEQN,641.85,641.0,641.0,-0.85,-0.13,37,23717,818.7,592.55
WAKEFIT,WAKEFITEQN,127.47,127.3,127.3,-0.17,-0.13,2335,297245,224.0,111.4
MOTISONS,MOTISONSEQN,14.59,14.57,14.57,-0.02,-0.14,13885,202304,21.5,10.62
SHAKTIPUMP,SHAKTIPUMPEQN,523.75,523.0,523.0,-0.75,-0.14,934,488482,919.7,456.35
BANKBARODA,BANKBARODAEQN,243.35,243.0,243.0,-0.35,-0.14,5964,1449252,325.5,230.81
NSLNISP,NSLNISPEQN,43.06,43.0,43.0,-0.06,-0.14,5928,254904,53.75,33.01
NCC,NCCEQN,142.15,141.95,141.95,-0.2,-0.14,4031,572200,225.95,130.0
IEX,IEXEQN,134.19,134.0,134.0,-0.19,-0.14,18023,2415082,160.27,114.6
SRF,SRFEQN,2643.8,2640.0,2640.0,-3.8,-0.14,143,377520,3210.0,2355.0
BALRAMCHIN,BALRAMCHINEQN,606.3,605.45,605.45,-0.85,-0.14,611,369929,641.95,393.55
BDL,BDLEQN,1261.8,1260.0,1260.0,-1.8,-0.14,982,1237320,1654.0,1086.0
HONAUT,HONAUTEQN,40105.0,40050.0,40050.0,-55.0,-0.14,23,921150,41495.0,26220.0
VMSTMT,VMSTMTBEN,43.35,43.29,43.29,-0.06,-0.14,31,1341,105.0,33.5
PARAS,PARASEQN,1212.4,1210.6,1210.6,-1.8,-0.15,2185,2645161,1443.0,580.5
NARMADA,NARMADAEQN,34.32,34.27,34.27,-0.05,-0.15,7060,241946,45.17,18.85
KAMATHOTEL,KAMATHOTELEQN,170.37,170.12,170.12,-0.25,-0.15,10,1701,329.8,140.2
KCP,KCPEQN,162.96,162.72,162.72,-0.24,-0.15,1,162,215.19,125.0
ADANIPOWER,ADANIPOWEREQN,209.52,209.2,209.2,-0.32,-0.15,68239,14275598,254.2,110.45
TANLA,TANLAEQN,610.9,610.0,610.0,-0.9,-0.15,3870,2360700,766.0,365.9
SAIL,SAILEQN,170.96,170.7,170.7,-0.26,-0.15,20020,3417414,209.7,118.1
EXIDEIND,EXIDEINDEQN,435.65,435.0,435.0,-0.65,-0.15,12675,5513625,452.8,287.0
ASHOKA,ASHOKAEQN,123.67,123.48,123.48,-0.19,-0.15,3277,404643,214.5,101.0
THEMISMED,THEMISMEDEQN,107.28,107.12,107.12,-0.16,-0.15,11,1178,148.0,64.95
ABCAPITAL,ABCAPITALEQN,397.6,397.0,397.0,-0.6,-0.15,2364,938508,411.4,243.0
AGARIND,AGARINDEQN,506.75,506.0,506.0,-0.75,-0.15,57,28842,1006.0,360.0
BLAL,BLALEQN,176.78,176.5,176.5,-0.28,-0.16,122,21533,233.8,155.5
DABUR,DABUREQN,433.7,433.0,433.0,-0.7,-0.16,42194,18270002,577.0,403.35
SMCGLOBAL,SMCGLOBALEQN,80.03,79.9,79.9,-0.13,-0.16,20,1598,94.9,54.44
LIKHITHA,LIKHITHAEQN,223.75,223.4,223.4,-0.35,-0.16,22,4914,281.8,131.45
CEIGALL,CEIGALLEQN,333.55,333.0,333.0,-0.55,-0.16,262,87246,405.7,222.61
SKIPPER,SKIPPEREQN,526.8,525.95,525.95,-0.85,-0.16,425,223528,593.0,327.05
CAPACITE,CAPACITEEQN,219.2,218.85,218.85,-0.35,-0.16,551,120586,334.0,180.0
OLECTRA,OLECTRAEQN,1330.1,1328.0,1328.0,-2.1,-0.16,1188,1577664,1714.2,866.6
TRIDENT,TRIDENTEQN,24.86,24.82,24.82,-0.04,-0.16,11285,280093,31.18,21.98
LLOYDSME,LLOYDSMEEQN,2051.3,2048.0,2048.0,-3.3,-0.16,594,1216512,2066.0,1042.9
ARVSMART,ARVSMARTEQN,599.5,598.55,598.55,-0.95,-0.16,10,5985,669.0,486.8
BFINVEST,BFINVESTEQN,451.5,450.8,450.8,-0.7,-0.16,14,6311,584.7,315.0
LIBERTSHOE,LIBERTSHOEEQN,263.75,263.3,263.3,-0.45,-0.17,3,789,404.95,210.5
PRECAM,PRECAMEQN,139.23,139.0,139.0,-0.23,-0.17,535,74365,262.0,103.98
JSWINFRA,JSWINFRAEQN,316.55,316.0,316.0,-0.55,-0.17,3475,1098100,355.8,233.42
JPOLYINVST,JPOLYINVSTEQN,1044.5,1042.7,1042.7,-1.8,-0.17,4,4170,1487.7,716.05
SUNTV,SUNTVEQN,512.85,512.0,512.0,-0.85,-0.17,1085,555520,660.7,480.2
SIS,SISEQN,430.45,429.7,429.7,-0.75,-0.17,4,1718,480.95,257.05
INDIAGLYCO,INDIAGLYCOEQN,1143.95,1142.0,1142.0,-1.95,-0.17,195,222690,1222.0,792.5
ANGELONE,ANGELONEEQN,302.5,302.0,302.0,-0.5,-0.17,5043,1522986,360.45,208.63
THYROCARE,THYROCAREEQN,580.0,579.0,579.0,-1.0,-0.17,2292,1327068,617.45,342.55
LYKALABS,LYKALABSBEN,59.87,59.77,59.77,-0.1,-0.17,51,3048,121.44,44.1
WOCKPHARMA,WOCKPHARMAEQN,1916.5,1913.0,1913.0,-3.5,-0.18,850,1626050,2422.3,1086.7
AMBUJACEM,AMBUJACEMEQN,435.3,434.5,434.5,-0.8,-0.18,5091,2212039,624.8,394.0
FACT,FACTEQN,826.5,825.0,825.0,-1.5,-0.18,155,127875,1058.6,652.1
SFL,SFLEQN,789.35,787.95,787.95,-1.4,-0.18,121,95341,828.95,456.8
VIYASH,VIYASHEQN,256.75,256.3,256.3,-0.45,-0.18,2336,598716,298.0,166.0
CCAVENUE,CCAVENUEEQN,16.68,16.65,16.65,-0.03,-0.18,16224,270129,20.5,12.92
TARC,TARCEQN,134.16,133.9,133.9,-0.26,-0.19,451,60388,191.12,109.1
RPPL,RPPLEQN,20.84,20.8,20.8,-0.04,-0.19,21,436,25.99,14.25
AWL,AWLEQN,189.91,189.55,189.55,-0.36,-0.19,5478,1038354,282.9,171.19
GAEL,GAELEQN,164.31,164.0,164.0,-0.31,-0.19,3901,639764,177.92,101.2
TITAGARH,TITAGARHEQN,833.85,832.25,832.25,-1.6,-0.19,763,635006,971.0,568.7
AHCL,AHCLEQN,15.88,15.85,15.85,-0.03,-0.19,6971,110490,17.28,9.08
ENGINERSIN,ENGINERSINEQN,225.56,225.1,225.1,-0.46,-0.2,2069,465731,267.0,163.55
SBFC,SBFCEQN,90.19,90.01,90.01,-0.18,-0.2,3241,291722,123.0,79.6
ARFIN,ARFINEQN,87.17,87.0,87.0,-0.17,-0.2,808,70296,106.2,31.43
ROSSARI,ROSSARIEQN,506.0,505.0,505.0,-1.0,-0.2,110,55550,713.6,375.0
PARACABLES,PARACABLESEQN,63.48,63.35,63.35,-0.13,-0.2,759,48082,75.7,28.3
HGS,HGSEQN,423.85,423.0,423.0,-0.85,-0.2,16,6768,610.1,342.05
AVANTEL,AVANTELEQN,161.43,161.1,161.1,-0.33,-0.2,2857,460262,215.0,117.05
EPIGRAL,EPIGRALEQN,1127.3,1125.0,1125.0,-2.3,-0.2,185,208125,2114.0,807.0
EMIL,EMILEQN,132.46,132.19,132.19,-0.27,-0.2,1043,137874,168.5,84.9
DIGITIDE,DIGITIDEEQN,100.19,99.99,99.99,-0.2,-0.2,53,5299,246.99,69.9
VOGL,VOGLEQN,35.07,35.0,35.0,-0.07,-0.2,1181433,41350155,47.6,30.42
BHARATCOAL,BHARATCOALEQN,34.27,34.2,34.2,-0.07,-0.2,15476,529279,45.09,29.74
KELLTONTEC,KELLTONTECEQN,14.14,14.11,14.11,-0.03,-0.21,8385,118312,30.45,13.0
ZUARI,ZUARIEQN,235.49,235.0,235.0,-0.49,-0.21,215,50525,393.55,175.1
POLYMED,POLYMEDEQN,1678.5,1675.0,1675.0,-3.5,-0.21,164,274700,2144.9,1182.0
BLUEDART,BLUEDARTEQN,5069.6,5059.0,5059.0,-10.6,-0.21,23,116357,7036.0,4628.5
RITES,RITESEQN,218.96,218.5,218.5,-0.46,-0.21,1355,296067,280.9,175.0
GLOBALVECT,GLOBALVECTEQN,166.35,166.0,166.0,-0.35,-0.21,13,2158,248.0,129.0
TATACAP,TATACAPEQN,361.8,361.05,361.05,-0.75,-0.21,5216,1883236,379.95,296.0
LGEINDIA,LGEINDIAEQN,1518.2,1515.0,1515.0,-3.2,-0.21,109,165135,1749.0,1304.1
VIJAYA,VIJAYAEQN,1372.0,1369.1,1369.1,-2.9,-0.21,50,68455,1440.0,848.0
CRAMC,CRAMCEQN,261.54,261.0,261.0,-0.54,-0.21,1057,275877,353.4,214.2
LTFOODS,LTFOODSEQN,378.6,377.75,377.75,-0.85,-0.22,830,313532,507.8,333.15
ICICIGI,ICICIGIEQN,1648.8,1645.1,1645.1,-3.7,-0.22,545,896579,2064.9,1544.6
SANSERA,SANSERAEQN,3233.1,3226.0,3226.0,-7.1,-0.22,254,819404,3457.5,1216.3
PNCINFRA,PNCINFRAEQN,240.52,240.0,240.0,-0.52,-0.22,535,128400,325.0,158.17
RIIL,RIILEQN,737.65,736.0,736.0,-1.65,-0.22,22,16192,964.9,617.35
NESCO,NESCOEQN,1088.5,1086.1,1086.1,-2.4,-0.22,315,342121,1638.9,996.0
INDHOTEL,INDHOTELEQN,738.2,736.55,736.55,-1.65,-0.22,893,657739,811.95,565.0
AUBANK,AUBANKEQN,1042.3,1040.0,1040.0,-2.3,-0.22,421,437840,1090.4,682.15
BANDHANBNK,BANDHANBNKEQN,173.58,173.2,173.2,-0.38,-0.22,26565,4601058,220.76,134.25
EMMVEE,EMMVEEEQN,316.7,316.0,316.0,-0.7,-0.22,8009,2530844,371.55,171.51
WCIL,WCILEQN,89.71,89.5,89.5,-0.21,-0.23,87,7786,147.29,77.02
TOUCHWOOD,TOUCHWOODEQN,66.16,66.01,66.01,-0.15,-0.23,25,1650,128.0,63.0
MUFIN,MUFINEQN,130.1,129.8,129.8,-0.3,-0.23,4606,597858,138.0,82.99
MUFTI,MUFTIEQN,82.19,82.0,82.0,-0.19,-0.23,131,10742,171.08,63.06
LEMONTREE,LEMONTREEEQN,110.15,109.9,109.9,-0.25,-0.23,6063,666323,180.68,99.61
NACLIND,NACLINDEQN,195.14,194.7,194.7,-0.44,-0.23,1589,309378,311.42,112.62
BELRISE,BELRISEEQN,230.47,229.91,229.91,-0.56,-0.24,4606,1058965,252.0,125.2
ZEELEARN,ZEELEARNBEN,8.48,8.46,8.46,-0.02,-0.24,3059,25879,10.89,4.17
RADHIKAJWE,RADHIKAJWEEQN,67.11,66.95,66.95,-0.16,-0.24,1079,72239,111.5,50.01
INDIANB,INDIANBEQN,827.7,825.75,825.75,-1.95,-0.24,1244,1027233,1000.9,606.0
KEC,KECEQN,477.55,476.4,476.4,-1.15,-0.24,1549,737943,937.8,460.3
BAJAJHIND,BAJAJHINDEQN,16.92,16.88,16.88,-0.04,-0.24,8431,142315,24.42,14.85
JTLIND,JTLINDEQN,73.68,73.5,73.5,-0.18,-0.24,1191,87538,87.2,40.25
ORIENTCEM,ORIENTCEMEQN,137.55,137.22,137.22,-0.33,-0.24,121,16603,254.0,122.32
CASTROLIND,CASTROLINDEQN,184.95,184.5,184.5,-0.45,-0.24,2672,492984,224.8,170.1
UNIVCABLES,UNIVCABLESEQN,1347.3,1344.1,1344.1,-3.2,-0.24,114,153227,1391.0,576.0
MMTC,MMTCEQN,61.25,61.1,61.1,-0.15,-0.24,3733,228086,78.35,50.1
HUDCO,HUDCOEQN,195.21,194.75,194.75,-0.46,-0.24,9187,1789168,246.85,159.0
CLEANMAX,CLEANMAXEQN,1328.2,1325.0,1325.0,-3.2,-0.24,170,225250,1536.0,727.1
SNOWMAN,SNOWMANEQN,36.19,36.1,36.1,-0.09,-0.25,100,3610,59.8,30.5
CLSEL,CLSELEQN,278.7,278.0,278.0,-0.7,-0.25,9,2502,330.2,203.75
WABAG,WABAGEQN,1876.7,1872.0,1872.0,-4.7,-0.25,1357,2540304,2253.5,1033.0
RESPONIND,RESPONINDEQN,173.33,172.9,172.9,-0.43,-0.25,75,12967,240.9,117.25
RTNINDIA,RTNINDIAEQN,31.51,31.43,31.43,-0.08,-0.25,3032,95295,64.0,24.4
MRPL,MRPLEQN,163.41,163.0,163.0,-0.41,-0.25,18351,2991213,212.31,120.4
LXCHEM,LXCHEMEQN,200.51,200.0,200.0,-0.51,-0.25,492964,98592800,241.0,107.6
IPCALAB,IPCALABEQN,1774.5,1770.0,1770.0,-4.5,-0.25,462,817740,1944.9,1251.6
APARINDS,APARINDSEQN,13835.0,13801.0,13801.0,-34.0,-0.25,179,2470379,17157.0,6801.0
TNPL,TNPLEQN,150.38,150.0,150.0,-0.38,-0.25,2680,402000,179.9,121.51
SUBEXLTD,SUBEXLTDBEN,12.03,12.0,12.0,-0.03,-0.25,1710,20520,14.58,6.61
LOTUSDEV,LOTUSDEVEQN,189.75,189.27,189.27,-0.48,-0.25,11039,2089351,218.49,102.2
VADILALIND,VADILALINDEQN,7268.5,7250.0,7250.0,-18.5,-0.25,118,855500,7373.0,3996.0
STUDDS,STUDDSEQN,443.0,441.9,441.9,-1.1,-0.25,30,13257,600.0,427.55
ADVAIT,ADVAITEQN,2258.6,2253.0,2253.0,-5.6,-0.25,61,137433,2485.0,1351.0
PTCIL,PTCILEQN,17971.0,17925.0,17925.0,-46.0,-0.26,5,89625,19851.0,13251.0
ZEEMEDIA,ZEEMEDIAEQN,7.65,7.63,7.63,-0.02,-0.26,12092,92261,14.2,6.65
HECPROJECT,HECPROJECTEQN,134.35,134.0,134.0,-0.35,-0.26,1,134,173.47,92.1
COCHINSHIP,COCHINSHIPEQN,1403.6,1400.0,1400.0,-3.6,-0.26,1312,1836800,1979.9,1187.0
BAJAJELEC,BAJAJELECEQN,330.55,329.7,329.7,-0.85,-0.26,170,56049,653.8,301.0
STYRENIX,STYRENIXEQN,2482.5,2476.0,2476.0,-6.5,-0.26,6,14856,2945.5,1780.0
CYIENTDLM,CYIENTDLMEQN,681.75,680.0,680.0,-1.75,-0.26,456,310080,734.95,265.2
GSFC,GSFCEQN,160.64,160.23,160.23,-0.41,-0.26,1511,242107,220.59,138.83
RGL,RGLEQN,121.06,120.75,120.75,-0.31,-0.26,77,9297,147.9,85.0
DATAPATTNS,DATAPATTNSEQN,4436.6,4425.1,4425.1,-11.5,-0.26,1310,5796881,4955.9,2131.0
HAL,HALEQN,4592.0,4580.0,4580.0,-12.0,-0.26,2040,9343200,4978.0,3479.1
ADVENZYMES,ADVENZYMESEQN,310.8,310.0,310.0,-0.8,-0.26,151,46810,419.0,251.95
STYLEBAAZA,STYLEBAAZABEN,269.7,269.0,269.0,-0.7,-0.26,18,4842,427.0,229.95
NFL,NFLEQN,71.99,71.8,71.8,-0.19,-0.26,1528,109710,102.97,63.35
MCLOUD,MCLOUDEQN,29.57,29.49,29.49,-0.08,-0.27,5506,162371,94.5,19.4
TCS,TCSEQN,2446.6,2440.0,2440.0,-6.6,-0.27,19918,48599920,3350.0,1976.8
KERNEX,KERNEXEQN,2196.0,2190.0,2190.0,-6.0,-0.27,303,663570,2445.0,850.0
CAMLINFINE,CAMLINFINEEQN,130.15,129.8,129.8,-0.35,-0.27,1230,159654,280.8,96.21
HDFCAMC,HDFCAMCEQN,2541.9,2535.0,2535.0,-6.9,-0.27,769,1949415,2967.25,2205.6
THERMAX,THERMAXEQN,4378.0,4366.0,4366.0,-12.0,-0.27,221,964886,5277.8,2742.7
HONASA,HONASAEQN,449.35,448.15,448.15,-1.2,-0.27,569,254997,491.35,248.4
KNACK,KNACKEQN,189.51,189.0,189.0,-0.51,-0.27,4226,798714,220.72,180.33
OSWALPUMPS,OSWALPUMPSEQN,344.5,343.55,343.55,-0.95,-0.28,1566,537999,888.4,283.1
MODISONLTD,MODISONLTDBEN,265.75,265.0,265.0,-0.75,-0.28,1,265,362.7,114.0
UTLSOLAR,UTLSOLAREQN,368.6,367.55,367.55,-1.05,-0.28,493,181202,402.45,172.0
PATINTLOG,PATINTLOGBEN,14.34,14.3,14.3,-0.04,-0.28,11,157,17.28,8.01
HFCL,HFCLEQN,193.56,193.0,193.0,-0.56,-0.29,165601,31960993,229.5,59.82
SWSOLAR,SWSOLAREQN,209.27,208.67,208.67,-0.6,-0.29,865,180499,294.0,148.0
DIVGIITTS,DIVGIITTSEQN,960.35,957.55,957.55,-2.8,-0.29,100,95755,1065.0,573.7
MANKIND,MANKINDEQN,2592.7,2585.3,2585.3,-7.4,-0.29,489,1264211,2674.0,1909.7
BSE,BSEEQN,3541.4,3531.0,3531.0,-10.4,-0.29,4604,16256724,4446.8,2021.5
JIOFIN,JIOFINEQN,249.48,248.75,248.75,-0.73,-0.29,88257,21953928,338.6,223.3
BLUSPRING,BLUSPRINGEQN,114.11,113.78,113.78,-0.33,-0.29,4275,486409,131.82,43.98
POWERICA,POWERICAEQN,533.7,532.15,532.15,-1.55,-0.29,224,119201,676.95,365.1
KRISHNADEF,KRISHNADEFEQN,1218.7,1215.1,1215.1,-3.6,-0.3,226,274612,1400.0,665.0
SANDHAR,SANDHAREQN,590.9,589.15,589.15,-1.75,-0.3,290,170853,763.2,405.2
COMPUSOFT,COMPUSOFTEQN,13.19,13.15,13.15,-0.04,-0.3,21,276,22.95,12.0
BHARATFORG,BHARATFORGEQN,2171.5,2165.0,2165.0,-6.5,-0.3,620,1342300,2238.0,1100.5
SHILCTECH,SHILCTECHEQN,4534.4,4521.0,4521.0,-13.4,-0.3,28,126588,5399.0,2852.5
ABINFRA,ABINFRAEQN,10.06,10.03,10.03,-0.03,-0.3,130,1303,23.56,8.82
VPRPL,VPRPLBEN,26.33,26.25,26.25,-0.08,-0.3,402,10552,167.4,23.94
SATIA,SATIAEQN,60.69,60.5,60.5,-0.19,-0.31,10,605,90.7,50.8
PGHL,PGHLEQN,6615.5,6595.0,6595.0,-20.5,-0.31,22,145090,6975.0,4707.0
AKUMS,AKUMSEQN,664.55,662.5,662.5,-2.05,-0.31,127,84137,714.7,409.3
RALLIS,RALLISEQN,218.73,218.05,218.05,-0.68,-0.31,1421,309849,385.9,214.85
RAIN,RAINEQN,224.57,223.88,223.88,-0.69,-0.31,4576,1024474,228.0,99.9
NAVINFLUOR,NAVINFLUOREQN,7594.5,7571.0,7571.0,-23.5,-0.31,45,340695,7936.0,4498.5
MGEL,MGELBEN,16.03,15.98,15.98,-0.05,-0.31,4000,63920,18.4,9.53
MFSL,MFSLEQN,1515.1,1510.2,1510.2,-4.9,-0.32,326,492325,1892.5,1433.6
DHAMPURSUG,DHAMPURSUGEQN,137.44,137.0,137.0,-0.44,-0.32,298,40826,167.25,110.0
BAJAJFINSV,BAJAJFINSVEQN,1924.4,1918.3,1918.3,-6.1,-0.32,685,1314035,2195.0,1597.0
DPABHUSHAN,DPABHUSHANEQN,1402.65,1398.1,1398.1,-4.55,-0.32,56,78293,1729.6,866.1
ANTHEM,ANTHEMEQN,790.0,787.5,787.5,-2.5,-0.32,225,177187,873.5,579.15
SUBROS,SUBROSEQN,786.55,784.0,784.0,-2.55,-0.32,15,11760,1213.7,622.1
THELEELA,THELEELAEQN,471.65,470.1,470.1,-1.55,-0.33,167,78506,511.0,384.5
LTTS,LTTSEQN,3585.0,3573.0,3573.0,-12.0,-0.33,256,914688,4726.0,3010.0
BANSWRAS,BANSWRASEQN,126.23,125.81,125.81,-0.42,-0.33,515,64792,150.99,93.73
POWERMECH,POWERMECHEQN,2659.8,2651.0,2651.0,-8.8,-0.33,74,196174,3260.0,1717.7
AMRUTANJAN,AMRUTANJANEQN,516.8,515.1,515.1,-1.7,-0.33,26,13392,790.95,486.0
HUHTAMAKI,HUHTAMAKIEQN,296.89,295.9,295.9,-0.99,-0.33,541,160081,330.0,148.6
LORDSCHLO,LORDSCHLOEQN,142.47,142.0,142.0,-0.47,-0.33,1000,142000,233.0,108.0
POKARNA,POKARNAEQN,920.0,917.0,917.0,-3.0,-0.33,101,92617,1146.2,692.6
SWANCORP,SWANCORPEQN,310.25,309.2,309.2,-1.05,-0.34,1718,531205,506.0,295.65
MSPL,MSPLEQN,37.13,37.0,37.0,-0.13,-0.35,1174,43438,46.12,26.25
PPLPHARMA,PPLPHARMAEQN,195.68,194.99,194.99,-0.69,-0.35,139405,27182580,210.5,132.3
YATHARTH,YATHARTHEQN,832.9,830.0,830.0,-2.9,-0.35,135,112050,889.9,538.25
UGARSUGAR,UGARSUGAREQN,40.45,40.31,40.31,-0.14,-0.35,300,12093,48.85,33.75
KIOCL,KIOCLEQN,361.35,360.1,360.1,-1.25,-0.35,108,38890,634.55,290.65
SMSPHARMA,SMSPHARMAEQN,396.65,395.25,395.25,-1.4,-0.35,292,115413,447.8,207.99
GLFL,GLFLBEN,5.78,5.76,5.76,-0.02,-0.35,190,1094,9.34,3.66
KUSUMGAR,KUSUMGAREQN,592.1,590.0,590.0,-2.1,-0.35,1376,811840,629.2,548.0
ASIANTILES,ASIANTILESEQN,60.71,60.49,60.49,-0.22,-0.36,941684,56962465,79.06,42.5
RELIGARE,RELIGAREEQN,250.3,249.4,249.4,-0.9,-0.36,443,110484,280.0,196.51
USHAMART,USHAMARTEQN,511.35,509.5,509.5,-1.85,-0.36,438,223161,527.5,333.6
AWHCL,AWHCLEQN,432.55,431.0,431.0,-1.55,-0.36,318,137058,635.8,372.5
AGARWALEYE,AGARWALEYEEQN,488.8,487.0,487.0,-1.8,-0.37,261,127107,568.0,401.0
AURUM,AURUMEQN,217.2,216.4,216.4,-0.8,-0.37,692,149748,264.64,151.9
KEI,KEIEQN,4853.5,4835.5,4835.5,-18.0,-0.37,71,343320,5708.0,3712.2
AJMERA,AJMERAEQN,128.17,127.7,127.7,-0.47,-0.37,1156,147621,221.4,98.03
ELGIEQUIP,ELGIEQUIPEQN,577.15,575.0,575.0,-2.15,-0.37,187,107525,633.85,408.25
UFLEX,UFLEXEQN,478.75,477.0,477.0,-1.75,-0.37,80,38160,604.0,330.0
ANDHRAPAP,ANDHRAPAPEQN,62.23,62.0,62.0,-0.23,-0.37,1000,62000,86.89,58.0
RVNL,RVNLEQN,224.83,224.0,224.0,-0.83,-0.37,15731,3523744,400.7,220.16
JITFINFRA,JITFINFRAEQN,353.3,352.0,352.0,-1.3,-0.37,200,70400,478.0,222.35
BLSE,BLSEEQN,298.81,297.7,297.7,-1.11,-0.37,2622,780569,302.32,124.3
ADVENTHTL,ADVENTHTLEQN,149.55,149.0,149.0,-0.55,-0.37,6,894,345.05,120.02
TARAPUR,TARAPUREQN,16.34,16.28,16.28,-0.06,-0.37,96,1562,39.99,16.27
MEESHO,MEESHOEQN,179.47,178.8,178.8,-0.67,-0.37,15691,2805550,254.4,125.56
SGFIN,SGFINEQN,679.6,677.0,677.0,-2.6,-0.38,238,161126,723.6,323.0
EIMCOELECO,EIMCOELECOEQN,1791.8,1785.0,1785.0,-6.8,-0.38,17,30345,2553.4,1405.5
VARROC,VARROCEQN,664.55,662.0,662.0,-2.55,-0.38,6,3972,694.7,462.0
TEJASNET,TEJASNETEQN,520.0,518.0,518.0,-2.0,-0.38,4673,2420614,647.0,294.0
PRICOLLTD,PRICOLLTDEQN,660.55,658.05,658.05,-2.5,-0.38,561,369166,694.2,415.1
SHALBY,SHALBYEQN,162.62,162.0,162.0,-0.62,-0.38,1009,163458,274.7,125.82
RAMCOCEM,RAMCOCEMEQN,921.5,918.0,918.0,-3.5,-0.38,5,4590,1214.5,838.3
ISGEC,ISGECEQN,853.25,850.0,850.0,-3.25,-0.38,98,83300,1139.9,683.95
RELTD,RELTDEQN,172.68,172.01,172.01,-0.67,-0.39,160,27521,196.45,114.77
ROHLTD,ROHLTDEQN,318.25,317.0,317.0,-1.25,-0.39,210,66570,593.4,269.4
APOLLOHOSP,APOLLOHOSPEQN,8935.0,8900.0,8900.0,-35.0,-0.39,992,8828800,9009.0,6696.5
MARKSANS,MARKSANSEQN,259.45,258.45,258.45,-1.0,-0.39,1597,412744,281.6,155.0
APOLLO,APOLLOEQN,383.1,381.6,381.6,-1.5,-0.39,11063,4221640,466.5,167.08
RECLTD,RECLTDEQN,374.25,372.8,372.8,-1.45,-0.39,11092,4135097,403.6,304.05
HARSHA,HARSHAEQN,410.6,409.0,409.0,-1.6,-0.39,21,8589,469.0,313.3
JINDWORLD,JINDWORLDEQN,38.16,38.01,38.01,-0.15,-0.39,18601,707024,41.64,17.85
NIBE,NIBEEQN,1405.6,1400.0,1400.0,-5.6,-0.4,89,124600,1848.0,809.6
KFINTECH,KFINTECHEQN,948.8,945.0,945.0,-3.8,-0.4,1999,1889055,1215.0,784.95
GRSE,GRSEEQN,2626.1,2615.7,2615.7,-10.4,-0.4,3593,9398210,3339.0,1963.7
GLAXO,GLAXOEQN,2626.4,2616.0,2616.0,-10.4,-0.4,53,138648,3200.0,2088.1
BEL,BELEQN,387.55,386.0,386.0,-1.55,-0.4,49664,19170304,473.45,361.2
MARALOVER,MARALOVERBEN,59.64,59.4,59.4,-0.24,-0.4,50,2970,74.93,34.11
VSTL,VSTLEQN,110.45,110.0,110.0,-0.45,-0.41,11,1210,187.24,100.8
ITI,ITIEQN,277.15,276.0,276.0,-1.15,-0.41,269,74244,372.85,237.0
TVTODAY,TVTODAYEQN,115.98,115.5,115.5,-0.48,-0.41,1,115,156.48,93.5
UNITEDTEA,UNITEDTEAEQN,472.45,470.5,470.5,-1.95,-0.41,56,26348,590.0,412.0
V2RETAIL,V2RETAILEQN,222.05,221.15,221.15,-0.9,-0.41,412,91113,259.25,158.56
AARTIPHARM,AARTIPHARMEQN,682.95,680.15,680.15,-2.8,-0.41,339,230570,954.0,585.0
JASH,JASHEQN,494.55,492.5,492.5,-2.05,-0.41,119,58607,591.9,327.1
AQYLON,AQYLONEQN,24.1,24.0,24.0,-0.1,-0.41,8440,202560,224.7,23.91
NITTAGELA,NITTAGELAEQN,1852.6,1845.0,1845.0,-7.6,-0.41,125,230625,2087.2,837.05
PIRAMALFIN,PIRAMALFINEQN,2043.3,2035.0,2035.0,-8.3,-0.41,586,1192510,2220.0,1260.0
LOTUSEYE,LOTUSEYEEQN,119.0,118.5,118.5,-0.5,-0.42,202,23937,147.0,70.84
NIITLTD,NIITLTDEQN,97.98,97.57,97.57,-0.41,-0.42,205,20001,125.0,49.0
GVKPIL,GVKPILBEN,2.39,2.38,2.38,-0.01,-0.42,5126,12199,4.06,2.37
SAURASHCEM,SAURASHCEMEQN,57.76,57.52,57.52,-0.24,-0.42,2,115,128.4,47.65
NCLIND,NCLINDEQN,185.27,184.5,184.5,-0.77,-0.42,51,9409,225.0,147.5
UNICHEMLAB,UNICHEMLABEQN,533.25,531.0,531.0,-2.25,-0.42,7,3717,687.2,278.2
VOLTAMP,VOLTAMPEQN,9319.0,9280.0,9280.0,-39.0,-0.42,32,296960,12863.0,6666.0
HBLENGINE,HBLENGINEEQN,708.05,705.0,705.0,-3.05,-0.43,3348,2360340,1122.0,551.6
NSIL,NSILEQN,5524.5,5501.0,5501.0,-23.5,-0.43,1,5501,8730.0,4700.0
EDELWEISS,EDELWEISSEQN,116.1,115.6,115.6,-0.5,-0.43,5563,643082,133.9,91.78
INDOFARM,INDOFARMEQN,155.06,154.4,154.4,-0.66,-0.43,150,23160,271.69,110.7
EMSLIMITED,EMSLIMITEDEQN,396.1,394.4,394.4,-1.7,-0.43,340,134096,618.9,256.05
KHADIM,KHADIMBEN,95.42,95.0,95.0,-0.42,-0.44,2,190,295.8,77.47
OMINFRAL,OMINFRALEQN,89.91,89.51,89.51,-0.4,-0.44,14,1253,144.0,71.5
URJA,URJAEQN,9.02,8.98,8.98,-0.04,-0.44,4590,41218,14.9,8.0
PVP,PVPEQN,27.27,27.15,27.15,-0.12,-0.44,43,1167,39.41,18.49
EIDPARRY,EIDPARRYEQN,778.9,775.5,775.5,-3.4,-0.44,71,55060,1246.8,698.2
BANKINDIA,BANKINDIAEQN,137.65,137.05,137.05,-0.6,-0.44,26592,3644433,178.36,108.81
JKPAPER,JKPAPEREQN,388.55,386.85,386.85,-1.7,-0.44,844,326501,444.8,304.85
IOLCP,IOLCPEQN,147.35,146.7,146.7,-0.65,-0.44,931,136577,179.6,67.19
MAANALU,MAANALUEQN,119.53,119.0,119.0,-0.53,-0.44,393,46767,184.74,100.0
ATGL,ATGLEQN,655.9,653.0,653.0,-2.9,-0.44,1361,888733,859.85,462.8
SUVEN,SUVENEQN,313.35,311.95,311.95,-1.4,-0.45,1337,417077,371.0,124.11
MAITHANALL,MAITHANALLEQN,979.4,975.0,975.0,-4.4,-0.45,11,10725,1210.1,831.2
EMBDL,EMBDLEQN,62.04,61.76,61.76,-0.28,-0.45,1241,76644,110.44,39.46
GUJALKALI,GUJALKALIEQN,683.65,680.6,680.6,-3.05,-0.45,290,197374,815.0,409.15
PRAKASH,PRAKASHEQN,125.92,125.35,125.35,-0.57,-0.45,314,39359,190.9,110.24
SHREECEM,SHREECEMEQN,26825.0,26705.0,26705.0,-120.0,-0.45,4,106820,31920.0,22550.0
ABLBL,ABLBLEQN,95.43,95.0,95.0,-0.43,-0.45,530,50350,151.33,87.91
GSPCROP,GSPCROPEQN,582.65,580.0,580.0,-2.65,-0.45,401,232580,591.75,328.0
QPOWER,QPOWERBEN,1105.0,1100.0,1100.0,-5.0,-0.45,46,50600,1441.0,581.0
CMLL,CMLLEQN,561.3,558.75,558.75,-2.55,-0.45,7023,3924101,624.4,463.35
HINDCOPPER,HINDCOPPEREQN,483.45,481.25,481.25,-2.2,-0.46,7480,3599750,760.05,226.7
TURTLEMINT,TURTLEMINTEQN,117.73,117.19,117.19,-0.54,-0.46,491,57540,154.3,116.86
ERIS,ERISEQN,1426.5,1420.0,1420.0,-6.5,-0.46,257,364940,1885.0,1200.0
SWIGGY,SWIGGYEQN,287.34,285.99,285.99,-1.35,-0.47,51908,14845168,474.0,235.75
ICICIBANK,ICICIBANKEQN,1437.9,1431.1,1431.1,-6.8,-0.47,72372,103571569,1494.5,1187.6
POWERINDIA,POWERINDIAEQN,31675.0,31525.0,31525.0,-150.0,-0.47,269,8480225,38785.0,16111.0
AVALON,AVALONEQN,1677.3,1669.4,1669.4,-7.9,-0.47,1239,2068386,1853.0,777.3
DCW,DCWEQN,47.06,46.84,46.84,-0.22,-0.47,200,9368,81.31,37.11
GANESHBE,GANESHBEEQN,122.16,121.59,121.59,-0.57,-0.47,2013,244760,129.99,68.4
GREAVESCOT,GREAVESCOTEQN,239.64,238.51,238.51,-1.13,-0.47,4483,1069240,271.9,119.99
KRBL,KRBLEQN,348.55,346.9,346.9,-1.65,-0.47,231,80133,495.0,274.65
THEJO,THEJOEQN,1889.4,1880.5,1880.5,-8.9,-0.47,2,3761,2485.8,1443.6
CARRARO,CARRAROEQN,530.05,527.5,527.5,-2.55,-0.48,183,96532,667.55,405.0
TRF,TRFEQN,230.36,229.25,229.25,-1.11,-0.48,52,11921,405.0,215.5
M&MFIN,M&MFINEQN,393.75,391.85,391.85,-1.9,-0.48,9520,3730412,412.2,246.35
UTTAMSUGAR,UTTAMSUGAREQN,222.47,221.41,221.41,-1.06,-0.48,10,2214,299.0,181.1
20MICRONS,20MICRONSEQN,201.16,200.2,200.2,-0.96,-0.48,1400,280280,263.99,129.61
ATLANTAELE,ATLANTAELEEQN,1548.1,1540.6,1540.6,-7.5,-0.48,52,80111,2152.6,707.6
VRAJ,VRAJEQN,126.76,126.14,126.14,-0.62,-0.49,130,16398,172.2,93.0
JKLAKSHMI,JKLAKSHMIEQN,564.85,562.1,562.1,-2.75,-0.49,426,239454,1005.65,549.95
MARINE,MARINEEQN,265.3,264.0,264.0,-1.3,-0.49,523,138072,297.9,150.86
NAM-INDIA,NAM-INDIAEQN,1168.1,1162.4,1162.4,-5.7,-0.49,374,434737,1233.5,780.25
SEAMECLTD,SEAMECLTDEQN,1439.8,1432.7,1432.7,-7.1,-0.49,19,27221,1709.2,752.55
JSWENERGY,JSWENERGYEQN,545.7,543.05,543.05,-2.65,-0.49,2511,1363598,617.35,427.75
TMPV,TMPVEQN,329.8,328.2,328.2,-1.6,-0.49,14752,4841606,739.7,294.3
BALAMINES,BALAMINESEQN,2271.4,2260.0,2260.0,-11.4,-0.5,619,1398940,2443.6,968.1
3IINFOLTD,3IINFOLTDEQN,22.11,22.0,22.0,-0.11,-0.5,2346,51612,24.91,12.68
KANPRPLA,KANPRPLAEQN,215.33,214.26,214.26,-1.07,-0.5,30,6427,247.0,151.25
DBL,DBLEQN,431.15,429.0,429.0,-2.15,-0.5,599,256971,585.0,381.55
WSTCSTPAPR,WSTCSTPAPREQN,570.3,567.45,567.45,-2.85,-0.5,340,192933,590.0,375.0
HATSUN,HATSUNEQN,885.6,881.2,881.2,-4.4,-0.5,22,19386,1179.0,855.3
CPPLUS,CPPLUSEQN,3425.0,3407.9,3407.9,-17.1,-0.5,258,879238,3866.0,1015.0
BAIDFIN,BAIDFINEQN,9.9,9.85,9.85,-0.05,-0.51,1020,10047,12.98,8.8
EIHOTEL,EIHOTELEQN,335.75,334.05,334.05,-1.7,-0.51,173,57790,434.8,271.15
CUB,CUBEQN,228.86,227.7,227.7,-1.16,-0.51,14383,3275009,245.38,145.13
SGIL,SGILEQN,593.15,590.1,590.1,-3.05,-0.51,1,590,633.25,420.0
BHAGERIA,BHAGERIABEN,206.25,205.2,205.2,-1.05,-0.51,26,5335,244.6,127.51
KEEPLEARN,KEEPLEARNEQN,1.93,1.92,1.92,-0.01,-0.52,150,288,3.28,1.51
AXISBANK,AXISBANKEQN,1235.4,1229.0,1229.0,-6.4,-0.52,10335,12701715,1418.3,1042.5
RIIT,RIITIVN,117.13,116.52,116.52,-0.61,-0.52,150,17478,120.0,105.3
SINDHUTRAD,SINDHUTRADEQN,24.93,24.8,24.8,-0.13,-0.52,1275,31620,32.74,17.64
PAGEIND,PAGEINDEQN,40270.0,40055.0,40055.0,-215.0,-0.53,6,240330,49090.0,29805.0
IRCON,IRCONEQN,126.67,126.0,126.0,-0.67,-0.53,4861,612486,189.5,114.5
MEDIASSIST,MEDIASSISTEQN,349.9,348.05,348.05,-1.85,-0.53,307,106851,594.1,293.0
WEWORK,WEWORKEQN,705.55,701.8,701.8,-3.75,-0.53,124,87023,767.0,420.0
SIKA,SIKAEQN,1105.2,1099.3,1099.3,-5.9,-0.53,16,17588,1359.4,870.1
RATNAVEER,RATNAVEEREQN,186.0,185.0,185.0,-1.0,-0.54,10923,2020755,207.79,130.5
NETWEB,NETWEBEQN,4364.1,4340.7,4340.7,-23.4,-0.54,2849,12366654,5244.0,1812.5
GULFOILLUB,GULFOILLUBEQN,1060.7,1055.0,1055.0,-5.7,-0.54,184,194120,1329.0,865.0
DCBBANK,DCBBANKEQN,192.56,191.51,191.51,-1.05,-0.55,837,160293,205.9,119.51
HEMIPROP,HEMIPROPEQN,134.84,134.1,134.1,-0.74,-0.55,500,67050,190.69,111.2
INDIACEM,INDIACEMEQN,398.2,396.0,396.0,-2.2,-0.55,119,47124,485.8,342.35
BCLIND,BCLINDEQN,34.66,34.47,34.47,-0.19,-0.55,1202,41432,45.8,25.53
SATIN,SATINEQN,258.46,257.05,257.05,-1.41,-0.55,4876,1253375,274.14,133.01
FEDDERSHOL,FEDDERSHOLEQN,43.79,43.55,43.55,-0.24,-0.55,4984,217053,53.49,32.06
ITCHOTELS,ITCHOTELSEQN,163.02,162.1,162.1,-0.92,-0.56,8567,1388710,253.67,137.3
BSOFT,BSOFTEQN,311.15,309.4,309.4,-1.75,-0.56,7066,2186220,474.0,270.2
FDC,FDCEQN,414.3,412.0,412.0,-2.3,-0.56,39,16068,527.8,312.95
FRACTAL,FRACTALEQN,786.4,782.0,782.0,-4.4,-0.56,1029,804678,1118.0,733.7
SHARDACROP,SHARDACROPEQN,824.7,820.0,820.0,-4.7,-0.57,2503,2052460,1297.0,755.55
JAYNECOIND,JAYNECOINDEQN,88.81,88.3,88.3,-0.51,-0.57,3883,342868,117.0,41.93
TFCILTD,TFCILTDEQN,100.57,100.0,100.0,-0.57,-0.57,65412,6541200,101.8,51.0
MIDHANI,MIDHANIEQN,397.25,395.0,395.0,-2.25,-0.57,1093,431735,454.8,266.65
AFFLE,AFFLEEQN,1654.3,1644.9,1644.9,-9.4,-0.57,498,819160,2185.9,1251.3
YATRA,YATRAEQN,108.15,107.52,107.52,-0.63,-0.58,1300,139776,202.0,89.74
RAYMOND,RAYMONDEQN,588.5,585.1,585.1,-3.4,-0.58,251,146860,701.6,320.0
JLHL,JLHLEQN,327.1,325.2,325.2,-1.9,-0.58,167,54308,336.0,235.6
ARMANFIN,ARMANFINEQN,1912.0,1901.0,1901.0,-11.0,-0.58,418,794618,2069.2,1270.0
TEXRAIL,TEXRAILEQN,112.36,111.7,111.7,-0.66,-0.59,1509,168555,153.64,78.05
GODREJIND,GODREJINDEQN,1293.3,1285.7,1285.7,-7.6,-0.59,169,217283,1443.0,744.2
GANESHHOU,GANESHHOUEQN,768.55,764.0,764.0,-4.55,-0.59,347,265108,920.15,500.0
STLTECH,STLTECHBEN,519.95,516.9,516.9,-3.05,-0.59,13180,6812742,679.9,84.6
GRINDWELL,GRINDWELLEQN,2118.7,2106.0,2106.0,-12.7,-0.6,59,124254,2455.0,1329.0
ONEPOINT,ONEPOINTEQN,56.57,56.23,56.23,-0.34,-0.6,2907,163460,65.85,40.58
IREDA,IREDAEQN,120.82,120.1,120.1,-0.72,-0.6,18909,2270970,163.35,108.65
BECTORFOOD,BECTORFOODEQN,216.29,215.0,215.0,-1.29,-0.6,10604,2279860,310.0,165.0
TITAN,TITANEQN,4850.2,4820.9,4820.9,-29.3,-0.6,1556,7501320,4866.9,3303.1
ASTRAMICRO,ASTRAMICROEQN,1773.8,1763.1,1763.1,-10.7,-0.6,289,509535,1871.0,851.0
IGL,IGLEQN,152.91,152.0,152.0,-0.91,-0.6,1203,182856,223.5,141.74
MASTERTR,MASTERTREQN,82.11,81.61,81.61,-0.5,-0.61,200,16322,169.45,55.6
SUNCLAY,SUNCLAYEQN,1277.8,1270.0,1270.0,-7.8,-0.61,1,1270,2000.0,1112.8
IMAGICAA,IMAGICAAEQN,46.08,45.8,45.8,-0.28,-0.61,1191,54547,65.49,36.84
DYCL,DYCLEQN,393.9,391.5,391.5,-2.4,-0.61,490,191835,520.0,236.8
BERGEPAINT,BERGEPAINTEQN,520.05,516.9,516.9,-3.15,-0.61,1632,843580,594.55,391.1
VLSFINANCE,VLSFINANCEEQN,253.55,252.0,252.0,-1.55,-0.61,1,252,339.0,198.81
ANUHPHR,ANUHPHREQN,79.14,78.65,78.65,-0.49,-0.62,160,12584,100.0,67.0
JMFINANCIL,JMFINANCILEQN,123.26,122.5,122.5,-0.76,-0.62,2889,353902,199.8,112.0
FIVESTAR,FIVESTAREQN,568.55,565.05,565.05,-3.5,-0.62,1485,839099,666.0,338.15
MANALIPETC,MANALIPETCEQN,65.21,64.8,64.8,-0.41,-0.63,305,19764,77.6,39.13
BPCL,BPCLEQN,317.4,315.4,315.4,-2.0,-0.63,14490,4570146,391.65,266.6
NATCOPHARM,NATCOPHARMEQN,935.95,930.05,930.05,-5.9,-0.63,654,608252,1226.8,789.0
AYE,AYEEQN,166.06,165.02,165.02,-1.04,-0.63,653,107758,197.29,88.22
GRPLTD,GRPLTDEQN,1974.7,1962.0,1962.0,-12.7,-0.64,7,13734,2551.0,1500.0
SHRIRAMFIN,SHRIRAMFINEQN,1044.7,1038.0,1038.0,-6.7,-0.64,16815,17453970,1108.0,566.5
FCL,FCLEQN,39.35,39.1,39.1,-0.25,-0.64,21355,834980,47.18,19.1
RCF,RCFEQN,127.92,127.1,127.1,-0.82,-0.64,3797,482598,164.49,106.0
MPHASIS,MPHASISEQN,2361.3,2346.1,2346.1,-15.2,-0.64,1273,2986585,3037.2,2013.0
PSPPROJECT,PSPPROJECTEQN,1023.7,1017.0,1017.0,-6.7,-0.65,141,143397,1143.0,569.2
MSTCLTD,MSTCLTDEQN,614.0,610.0,610.0,-4.0,-0.65,495,301950,743.9,362.15
DOMS,DOMSEQN,2280.4,2265.5,2265.5,-14.9,-0.65,14,31717,2770.0,2023.9
INDIASHLTR,INDIASHLTREQN,724.7,720.0,720.0,-4.7,-0.65,129,92880,975.0,653.2
DCXINDIA,DCXINDIAEQN,179.89,178.71,178.71,-1.18,-0.66,7027,1255795,286.0,153.3
TIPSMUSIC,TIPSMUSICEQN,685.0,680.5,680.5,-4.5,-0.66,184,125212,741.0,481.15
CCL,CCLEQN,1198.6,1190.7,1190.7,-7.9,-0.66,504,600112,1242.2,815.5
KOTARISUG,KOTARISUGEQN,25.27,25.1,25.1,-0.17,-0.67,7,175,37.68,22.5
SBILIFE,SBILIFEEQN,1894.9,1882.2,1882.2,-12.7,-0.67,1771,3333376,2132.0,1700.4
INGERRAND,INGERRANDEQN,4285.0,4256.4,4256.4,-28.6,-0.67,1,4256,4756.2,3063.3
APTUS,APTUSEQN,281.85,279.95,279.95,-1.9,-0.67,1370,383531,364.0,193.03
GRINFRA,GRINFRAEQN,884.9,878.95,878.95,-5.95,-0.67,125,109868,1345.0,785.0
ORISSAMINE,ORISSAMINEEQN,4036.9,4010.0,4010.0,-26.9,-0.67,122,489220,6138.9,3100.5
BAJAJHLDNG,BAJAJHLDNGEQN,10949.0,10875.0,10875.0,-74.0,-0.68,43,467625,14763.0,8588.0
WELSPLSOL,WELSPLSOLEQN,51.47,51.12,51.12,-0.35,-0.68,115,5878,63.25,36.0
MODIS,MODISEQN,398.4,395.65,395.65,-2.75,-0.69,24,9495,429.05,276.0
CENTRUM,CENTRUMEQN,23.26,23.1,23.1,-0.16,-0.69,8,184,41.43,19.66
SHRIPISTON,SHRIPISTONEQN,4315.2,4285.5,4285.5,-29.7,-0.69,14,59997,4522.8,2301.2
DCAL,DCALEQN,187.99,186.67,186.67,-1.32,-0.7,200,37334,321.95,128.5
MAXIND,MAXINDEQN,175.32,174.1,174.1,-1.22,-0.7,62,10794,241.57,120.0
POLICYBZR,POLICYBZREQN,1611.2,1600.0,1600.0,-11.2,-0.7,206,329600,1974.0,1364.0
VENKEYS,VENKEYSEQN,1510.5,1500.0,1500.0,-10.5,-0.7,411,616500,1800.0,1165.0
ONESOURCE,ONESOURCEEQN,1749.7,1737.3,1737.3,-12.4,-0.71,209,363095,2026.5,1057.0
VENUSPIPES,VENUSPIPESEQN,1685.9,1674.0,1674.0,-11.9,-0.71,220,368280,1875.0,890.0
SPORTKING,SPORTKINGEQN,213.93,212.41,212.41,-1.52,-0.71,984,209011,218.9,78.17
SGMART,SGMARTEQN,708.15,703.1,703.1,-5.05,-0.71,342,240460,737.45,313.1
REPCOHOME,REPCOHOMEEQN,394.75,391.95,391.95,-2.8,-0.71,37,14502,455.9,333.6
SHREEPUSHK,SHREEPUSHKEQN,389.2,386.4,386.4,-2.8,-0.72,18,6955,476.0,272.45
DELTACORP,DELTACORPEQN,62.87,62.42,62.42,-0.45,-0.72,2372,148060,98.8,48.3
CPEDU,CPEDUEQN,212.52,211.0,211.0,-1.52,-0.72,314,66254,338.75,141.0
PCBL,PCBLEQN,365.7,362.95,362.95,-2.75,-0.75,97953,35552041,425.95,226.5
ADSL,ADSLEQN,114.46,113.6,113.6,-0.86,-0.75,231,26241,209.53,86.27
GANDHAR,GANDHAREQN,232.18,230.45,230.45,-1.73,-0.75,11128,2564447,303.17,115.0
SONACOMS,SONACOMSEQN,720.5,715.05,715.05,-5.45,-0.76,4863,3477288,741.65,402.3
UYFINCORP,UYFINCORPEQN,19.66,19.51,19.51,-0.15,-0.76,549,10710,19.95,11.16
SPECIALITY,SPECIALITYEQN,132.05,131.05,131.05,-1.0,-0.76,203,26603,154.0,82.7
NEOGEN,NEOGENEQN,2048.3,2032.7,2032.7,-15.6,-0.76,343,697216,2374.0,966.7
AKSHARCHEM,AKSHARCHEMBEN,246.87,245.0,245.0,-1.87,-0.76,15,3675,330.8,141.3
INDGN,INDGNEQN,523.6,519.6,519.6,-4.0,-0.76,468,243172,596.8,414.0
COFORGE,COFORGEEQN,1714.9,1701.7,1701.7,-13.2,-0.77,17024,28969740,1989.7,1008.1
ORIANA,ORIANASMN,1359.5,1349.0,1349.0,-10.5,-0.77,75,101175,3064.0,1353.15
SUMIT,SUMITBEN,51.9,51.5,51.5,-0.4,-0.77,1,51,104.9,31.74
RPTECH,RPTECHEQN,773.55,767.55,767.55,-6.0,-0.78,2410,1849795,812.85,275.6
OLAELEC,OLAELECEQN,38.4,38.1,38.1,-0.3,-0.78,118175,4502467,71.25,22.25
SUMICHEM,SUMICHEMEQN,501.7,497.8,497.8,-3.9,-0.78,4251,2116147,665.0,362.6
HARDWYN,HARDWYNEQN,11.51,11.42,11.42,-0.09,-0.78,17005,194197,20.2,7.76
VHL,VHLEQN,3462.4,3435.2,3435.2,-27.2,-0.79,1,3435,4275.0,2870.0
SSDL,SSDLEQN,53.42,53.0,53.0,-0.42,-0.79,29,1537,98.0,46.15
STYLAMIND,STYLAMINDEQN,3366.6,3340.0,3340.0,-26.6,-0.79,91,303940,4150.0,1594.1
SHRIRAMPPS,SHRIRAMPPSEQN,86.23,85.55,85.55,-0.68,-0.79,1301,111300,99.44,60.57
GOACARBON,GOACARBONEQN,391.0,387.9,387.9,-3.1,-0.79,55,21334,504.85,272.85
APLLTD,APLLTDEQN,811.95,805.45,805.45,-6.5,-0.8,375,302043,1026.2,635.8
BAJFINANCE,BAJFINANCEEQN,1054.4,1046.0,1046.0,-8.4,-0.8,59925,62681550,1102.5,787.9
SHAH,SHAHEQN,3.71,3.68,3.68,-0.03,-0.81,15397,56660,5.82,3.07
CENTEXT,CENTEXTEQN,18.47,18.32,18.32,-0.15,-0.81,330,6045,34.75,15.67
MVGJL,MVGJLEQN,173.83,172.42,172.42,-1.41,-0.81,327,56381,224.0,129.1
SURYAROSNI,SURYAROSNIEQN,239.35,237.4,237.4,-1.95,-0.81,418,99233,344.4,187.35
LATENTVIEW,LATENTVIEWEQN,317.6,315.0,315.0,-2.6,-0.82,1542,485730,517.5,248.0
MUKANDLTD,MUKANDLTDEQN,139.42,138.28,138.28,-1.14,-0.82,100,13828,154.25,114.31
AVTNPL,AVTNPLEQN,69.98,69.4,69.4,-0.58,-0.83,60,4164,83.8,53.5
HARIOMPIPE,HARIOMPIPEEQN,391.25,388.0,388.0,-3.25,-0.83,202,78376,572.2,268.05
GOLDTECH,GOLDTECHBEN,55.46,55.0,55.0,-0.46,-0.83,3,165,78.2,29.68
STCINDIA,STCINDIAEQN,119.0,118.01,118.01,-0.99,-0.83,200,23602,150.7,97.04
HLVLTD,HLVLTDEQN,7.12,7.06,7.06,-0.06,-0.84,175,1235,13.45,5.6
ORIENTELEC,ORIENTELECEQN,173.66,172.2,172.2,-1.46,-0.84,1743,300144,219.0,149.05
SHREDIGCEM,SHREDIGCEMEQN,72.21,71.6,71.6,-0.61,-0.84,156,11169,107.7,53.9
FABTECH,FABTECHEQN,149.57,148.31,148.31,-1.26,-0.84,346,51315,262.8,132.7
BEML,BEMLEQN,1781.4,1766.5,1766.5,-14.9,-0.84,129,227878,2275.75,1355.0
DJML,DJMLEQN,115.47,114.49,114.49,-0.98,-0.85,214,24500,124.8,52.0
SOLEX,SOLEXEQN,917.8,910.0,910.0,-7.8,-0.85,271,246610,1985.0,795.45
LODHA,LODHAEQN,1316.35,1305.0,1305.0,-11.35,-0.86,9472,12360960,1344.95,650.8
APEX,APEXEQN,378.45,375.2,375.2,-3.25,-0.86,113,42397,514.5,208.74
EUROPRATIK,EUROPRATIKEQN,312.7,310.0,310.0,-2.7,-0.86,260,80600,390.0,205.1
SCPL,SCPLEQN,575.0,570.0,570.0,-5.0,-0.87,1,570,607.75,190.03
AKASH,AKASHEQN,27.24,27.0,27.0,-0.24,-0.88,3,81,36.0,22.8
HINDCON,HINDCONEQN,22.75,22.55,22.55,-0.2,-0.88,300,6765,37.75,15.66
CORDELIA,CORDELIAEQN,806.2,799.1,799.1,-7.1,-0.88,1200,958920,925.65,623.1
FOCUS,FOCUSBEN,70.73,70.1,70.1,-0.63,-0.89,100,7010,116.1,57.06
OMNI,OMNIEQN,597.8,592.5,592.5,-5.3,-0.89,358,212115,630.4,176.25
MEDANTA,MEDANTAEQN,1432.9,1420.0,1420.0,-12.9,-0.9,1538,2183960,1456.5,956.0
NITINSPIN,NITINSPINEQN,537.6,532.75,532.75,-4.85,-0.9,61,32497,580.5,302.2
SIMPLEXINF,SIMPLEXINFEQN,234.2,232.1,232.1,-2.1,-0.9,31,7195,330.0,137.0
SURANASOL,SURANASOLEQN,26.37,26.13,26.13,-0.24,-0.91,2041,53331,39.08,18.31
SHAILY,SHAILYEQN,3044.2,3016.4,3016.4,-27.8,-0.91,171,515804,3233.9,1535.9
SIGNPOST,SIGNPOSTEQN,307.2,304.4,304.4,-2.8,-0.91,1,304,336.8,191.41
GREENPOWER,GREENPOWEREQN,9.89,9.8,9.8,-0.09,-0.91,28468,278986,15.04,7.98
COMSYN,COMSYNEQN,207.92,206.0,206.0,-1.92,-0.92,252794,52075564,224.6,127.23
KRITIKA,KRITIKAEQN,5.46,5.41,5.41,-0.05,-0.92,501,2710,11.1,4.5
EMAMIPAP,EMAMIPAPBEN,106.48,105.5,105.5,-0.98,-0.92,2313,244021,133.7,55.0
BSL,BSLEQN,125.35,124.2,124.2,-1.15,-0.92,100,12420,208.0,98.0
OPTIEMUS,OPTIEMUSEQN,624.8,619.0,619.0,-5.8,-0.93,224,138656,713.0,288.0
NPST,NPSTEQN,1545.4,1531.0,1531.0,-14.4,-0.93,18,27558,2388.3,846.6
SHANTIGEAR,SHANTIGEAREQN,418.85,414.95,414.95,-3.9,-0.93,68,28216,598.9,388.45
ADOR,ADOREQN,1423.4,1410.0,1410.0,-13.4,-0.94,200,282000,1597.0,848.0
DYNAMATECH,DYNAMATECHEQN,10331.0,10234.0,10234.0,-97.0,-0.94,22,225148,12875.0,6320.0
ORIENTALTL,ORIENTALTLEQN,5.27,5.22,5.22,-0.05,-0.95,60,313,11.99,4.4
RAYMONDREL,RAYMONDRELEQN,657.85,651.6,651.6,-6.25,-0.95,219,142700,734.9,349.0
MACPOWER,MACPOWEREQN,1404.3,1391.0,1391.0,-13.3,-0.95,394,548054,1470.0,761.0
GREENLAM,GREENLAMEQN,254.15,251.7,251.7,-2.45,-0.96,250,62925,278.63,197.59
VISAKAIND,VISAKAINDEQN,83.23,82.43,82.43,-0.8,-0.96,713,58772,91.4,50.2
INDOCO,INDOCOEQN,225.05,222.9,222.9,-2.15,-0.96,633,141095,332.2,162.19
SRTL,SRTLEQN,40.8,40.41,40.41,-0.39,-0.96,35,1414,73.36,38.7
CHOLAFIN,CHOLAFINEQN,1802.9,1785.4,1785.4,-17.5,-0.97,1150,2053210,1875.0,1299.4
ROSSELLIND,ROSSELLINDEQN,58.57,58.0,58.0,-0.57,-0.97,1,58,71.31,40.0
ZENSARTECH,ZENSARTECHEQN,534.95,529.7,529.7,-5.25,-0.98,15615,8271265,868.95,423.0
KNRCON,KNRCONEQN,121.3,120.1,120.1,-1.2,-0.99,7302,876970,220.0,108.65
HERANBA,HERANBAEQN,178.04,176.26,176.26,-1.78,-1.0,150,26439,403.7,155.38
AMDIND,AMDINDEQN,47.48,47.0,47.0,-0.48,-1.01,1,47,68.07,33.77
SETL,SETLEQN,263.0,260.35,260.35,-2.65,-1.01,1727,449624,305.3,104.56
ZFSTEERING,ZFSTEERINGEQN,679.0,672.0,672.0,-7.0,-1.03,102,68544,894.98,620.65
AFCONS,AFCONSEQN,282.75,279.8,279.8,-2.95,-1.04,4432,1240073,479.4,265.8
TCPLPACK,TCPLPACKEQN,3183.1,3150.0,3150.0,-33.1,-1.04,11,34650,3795.0,2200.0
GEEKAYWIRE,GEEKAYWIREEQN,23.12,22.87,22.87,-0.25,-1.08,694,15871,40.63,18.51
AIIL,AIILEQN,550.95,545.0,545.0,-5.95,-1.08,649,353705,683.0,400.0
MITTAL,MITTALEQN,0.92,0.91,0.91,-0.01,-1.09,113947,103691,1.82,0.7
ZYDUSWELL,ZYDUSWELLEQN,579.45,573.15,573.15,-6.3,-1.09,478,273965,611.85,367.55
MANBA,MANBAEQN,133.77,132.29,132.29,-1.48,-1.11,200,26458,154.0,98.0
KCPSUGIND,KCPSUGINDEQN,32.56,32.2,32.2,-0.36,-1.11,680,21896,36.95,21.45
NOIDATOLL,NOIDATOLLBEN,4.45,4.4,4.4,-0.05,-1.12,240,1056,7.43,2.87
BALPHARMA,BALPHARMAEQN,88.1,87.1,87.1,-1.0,-1.14,45,3919,102.99,60.0
KOTAKBANK,KOTAKBANKEQN,390.2,385.7,385.7,-4.5,-1.15,118775,45811517,453.2,345.5
PAKKA,PAKKAEQN,71.43,70.61,70.61,-0.82,-1.15,419,29585,200.99,69.1
APTECHT,APTECHTBEN,91.6,90.55,90.55,-1.05,-1.15,500,45275,144.3,69.1
JMA,JMAEQN,87.02,86.01,86.01,-1.01,-1.16,25,2150,98.0,70.25
IWP,IWPEQN,33.05,32.66,32.66,-0.39,-1.18,1,32,39.15,28.0
MARATHON,MARATHONEQN,391.65,387.0,387.0,-4.65,-1.19,3,1161,737.0,368.3
TASTYBITE,TASTYBITEEQN,9300.0,9189.0,9189.0,-111.0,-1.19,25,229725,11958.0,6430.0
BALAJITELE,BALAJITELEEQN,84.1,83.1,83.1,-1.0,-1.19,420,34902,141.32,69.52
ASHIKAG,ASHIKAGEQN,486.0,480.2,480.2,-5.8,-1.19,1080,518616,500.0,339.95
IRB,IRBEQN,19.98,19.74,19.74,-0.24,-1.2,59886,1182149,23.95,19.15
MAHSCOOTER,MAHSCOOTEREQN,12774.0,12620.0,12620.0,-154.0,-1.21,6,75720,18538.0,10901.0
BANARBEADS,BANARBEADSEQN,116.56,115.15,115.15,-1.41,-1.21,1,115,164.7,96.05
CAPTRUST,CAPTRUSTEQN,16.49,16.29,16.29,-0.2,-1.21,1012,16485,42.63,10.98
ACCELYA,ACCELYAEQN,1164.8,1150.6,1150.6,-14.2,-1.22,612,704167,1527.0,1012.4
FSL,FSLEQN,293.58,289.99,289.99,-3.59,-1.22,24546,7118094,381.4,202.0
CAPILLARY,CAPILLARYEQN,527.45,521.0,521.0,-6.45,-1.22,1001,521521,798.95,464.25
SPANDANA,SPANDANAEQN,266.65,263.35,263.35,-3.3,-1.24,483,127198,319.4,181.1
AAKASH,AAKASHEQN,8.86,8.75,8.75,-0.11,-1.24,485,4243,13.4,7.21
SRHHYPOLTD,SRHHYPOLTDEQN,481.45,475.5,475.5,-5.95,-1.24,216,102708,654.0,382.4
LANCORHOL,LANCORHOLEQN,25.87,25.55,25.55,-0.32,-1.24,1,25,33.8,18.12
CPCAP,CPCAPBEN,113.41,112.0,112.0,-1.41,-1.24,25,2800,171.99,73.51
PHOENIXLTD,PHOENIXLTDEQN,1910.5,1886.4,1886.4,-24.1,-1.26,5437,10256356,2169.8,1402.5
INDIGO,INDIGOEQN,5276.5,5210.0,5210.0,-66.5,-1.26,2029,10571090,6232.5,3895.2
MAHEPC,MAHEPCEQN,108.19,106.8,106.8,-1.39,-1.28,26,2776,185.12,91.91
SHAREINDIA,SHAREINDIAEQN,174.81,172.07,172.07,-2.24,-1.29,762,131117,211.0,115.36
NURECA,NURECAEQN,326.79,322.5,322.5,-4.29,-1.31,100,32250,343.0,204.0
VAKRANGEE,VAKRANGEEEQN,6.09,6.01,6.01,-0.08,-1.31,10072,60532,9.77,4.61
DEVIT,DEVITEQN,27.39,27.03,27.03,-0.36,-1.31,418,11298,50.89,22.25
REMSONSIND,REMSONSINDEQN,80.05,79.0,79.0,-1.05,-1.31,299,23621,152.45,75.23
DOLPHIN,DOLPHINEQN,375.15,370.2,370.2,-4.95,-1.32,3,1110,501.95,322.0
ANTGRAPHIC,ANTGRAPHICEQN,0.75,0.74,0.74,-0.01,-1.33,1899,1405,1.25,0.64
PODDARMENT,PODDARMENTEQN,255.41,252.0,252.0,-3.41,-1.34,50,12600,303.0,201.1
DODLA,DODLAEQN,1060.4,1046.0,1046.0,-14.4,-1.36,109,114014,1500.0,964.1
RAINBOW,RAINBOWEQN,1496.7,1476.2,1476.2,-20.5,-1.37,94,138762,1593.7,1084.0
SCHAND,SCHANDEQN,146.01,144.01,144.01,-2.0,-1.37,385,55443,228.0,130.05
LUXIND,LUXINDEQN,1245.0,1228.0,1228.0,-17.0,-1.37,50,61400,1823.35,824.05
AFIL,AFILEQN,9.38,9.25,9.25,-0.13,-1.39,3680,34040,11.1,3.92
BHANDARI,BHANDARIBEN,2.88,2.84,2.84,-0.04,-1.39,2320,6588,4.84,2.0
GLOTTIS,GLOTTISBEN,67.0,66.07,66.07,-0.93,-1.39,134,8853,93.0,37.0
HONDAPOWER,HONDAPOWEREQN,2119.7,2090.0,2090.0,-29.7,-1.4,4,8360,3216.0,1816.6
ZENITHSTL,ZENITHSTLEQN,5.58,5.5,5.5,-0.08,-1.43,100,550,10.33,4.41
RUCHIRA,RUCHIRAEQN,108.3,106.75,106.75,-1.55,-1.43,12,1281,173.0,95.17
PFOCUS,PFOCUSEQN,308.72,304.15,304.15,-4.57,-1.48,9152,2783580,367.0,136.53
EFCIL,EFCILEQN,201.0,198.01,198.01,-2.99,-1.49,7087,1403296,350.0,171.55
DELTAMAGNT,DELTAMAGNTEQN,58.9,58.0,58.0,-0.9,-1.53,22,1276,93.45,45.51
ACMESOLAR,ACMESOLAREQN,366.65,361.0,361.0,-5.65,-1.54,102385,36960985,398.65,195.9
ETERNAL,ETERNALEQN,311.8,307.0,307.0,-4.8,-1.54,195792,60108144,368.45,212.6
PYRAMID,PYRAMIDEQN,185.88,183.0,183.0,-2.88,-1.55,50,9150,198.69,131.8
ETHOSLTD,ETHOSLTDEQN,2560.6,2521.0,2521.0,-39.6,-1.55,137,345377,3245.9,1919.4
SCANSTL,SCANSTLEQN,59.38,58.46,58.46,-0.92,-1.55,5535,323576,60.0,31.35
SHYAMCENT,SHYAMCENTBEN,5.1,5.02,5.02,-0.08,-1.57,9,45,9.75,3.68
VGL,VGLEQN,61.07,60.1,60.1,-0.97,-1.59,29,1742,98.48,43.7
WAAREEINDO,WAAREEINDOEQN,310.95,306.0,306.0,-4.95,-1.59,1650,504900,725.0,296.4
PARSVNATH,PARSVNATHBEN,1.86,1.83,1.83,-0.03,-1.61,2652,4853,18.75,1.86
STARPAPER,STARPAPEREQN,148.61,146.2,146.2,-2.41,-1.62,60,8772,188.8,119.05
ISFT,ISFTEQN,79.29,78.0,78.0,-1.29,-1.63,33,2574,119.07,54.05
MENONBE,MENONBEBEN,219.58,216.0,216.0,-3.58,-1.63,46,9936,231.6,101.5
BLUECHIP,BLUECHIPBEN,1.82,1.79,1.79,-0.03,-1.65,140,250,4.7,1.8
MERCURYEV,MERCURYEVEQN,35.65,35.06,35.06,-0.59,-1.65,3164,110929,38.49,30.16
STYL,STYLEQN,350.85,345.05,345.05,-5.8,-1.65,155,53482,437.45,209.11
CHEMBONDCH,CHEMBONDCHBEN,228.77,224.96,224.96,-3.81,-1.67,437,98307,279.8,104.85
MAGNUM,MAGNUMEQN,19.74,19.41,19.41,-0.33,-1.67,1,19,30.25,16.25
KSHITIJPOL,KSHITIJPOLBEN,2.96,2.91,2.91,-0.05,-1.69,21587,62818,7.2,1.88
AURUS,AURUSEQN,4.74,4.66,4.66,-0.08,-1.69,40,186,7.55,4.1
ASKAUTOLTD,ASKAUTOLTDEQN,518.95,510.05,510.05,-8.9,-1.72,2841,1449052,578.5,375.3
SAGILITY,SAGILITYEQN,44.87,44.1,44.1,-0.77,-1.72,153922,6787960,57.89,35.83
RSWM,RSWMBEN,215.71,212.01,212.01,-3.7,-1.72,25,5300,224.0,120.0
PREMIERENE,PREMIERENEEQN,1036.2,1018.0,1018.0,-18.2,-1.76,9980,10159640,1134.0,660.0
TIPSFILMS,TIPSFILMSEQN,408.4,401.05,401.05,-7.35,-1.8,400,160420,574.1,276.75
ATLASCYCLE,ATLASCYCLEEQN,98.01,96.25,96.25,-1.76,-1.8,1,96,135.0,76.15
LANDMARK,LANDMARKEQN,537.8,528.0,528.0,-9.8,-1.82,1262,666336,662.8,339.5
OSWALSEEDS,OSWALSEEDSEQN,10.39,10.2,10.2,-0.19,-1.83,3,30,20.28,9.67
ODIGMA,ODIGMABEN,22.86,22.44,22.44,-0.42,-1.84,27,605,56.09,20.0
JSFB,JSFBEQN,572.35,561.8,561.8,-10.55,-1.84,11752,6602273,581.0,330.0
BANSALWIRE,BANSALWIREEQN,318.35,312.5,312.5,-5.85,-1.84,289,90312,415.95,222.5
KMEW,KMEWEQN,2679.8,2629.3,2629.3,-50.5,-1.88,1262,3318176,2737.0,797.5
SHIVALIK,SHIVALIKBEN,257.88,253.0,253.0,-4.88,-1.89,1,253,651.0,206.4
TVVISION,TVVISIONEQN,4.75,4.66,4.66,-0.09,-1.89,20,93,12.4,4.12
TTL,TTLEQN,6.27,6.15,6.15,-0.12,-1.91,250,1537,14.01,6.0
ARIHANT,ARIHANTEQN,1144.9,1123.0,1123.0,-21.9,-1.91,158,177434,1225.0,715.1
MEP,MEPBZN,0.52,0.51,0.51,-0.01,-1.92,1610,821,2.87,0.52
NIBL,NIBLEQN,37.56,36.84,36.84,-0.72,-1.92,491,18088,40.8,21.62
TECILCHEM,TECILCHEMEQN,9.84,9.65,9.65,-0.19,-1.93,10,96,22.87,8.8
RAJESHEXPO,RAJESHEXPOBZN,86.73,85.06,85.06,-1.67,-1.93,1114,94756,237.88,72.63
AEROPLANE,AEROPLANEEQN,182.53,179.0,179.0,-3.53,-1.93,3235,579065,200.0,117.02
TCIFINANCE,TCIFINANCEBEN,15.15,14.85,14.85,-0.3,-1.98,16,237,38.46,10.0
KECL,KECLEQN,143.48,140.61,140.61,-2.87,-2.0,224,31496,148.0,75.47
SKMEGGPROD,SKMEGGPRODEQN,273.5,268.0,268.0,-5.5,-2.01,3483,933444,372.0,143.1
STEL,STELEQN,551.25,540.1,540.1,-11.15,-2.02,35,18903,657.3,380.0
DPSCLTD,DPSCLTDBEN,7.32,7.17,7.17,-0.15,-2.05,4593,32931,13.31,6.95
SECURKLOUD,SECURKLOUDEQN,17.88,17.51,17.51,-0.37,-2.07,201,3519,34.18,16.01
OMAXAUTO,OMAXAUTOBEN,196.05,192.0,192.0,-4.05,-2.07,1673,321216,263.4,84.5
NAHARINDUS,NAHARINDUSEQN,114.91,112.5,112.5,-2.41,-2.1,42,4725,130.0,83.05
RAMBHAJO,RAMBHAJOEQN,185.93,182.0,182.0,-3.93,-2.11,5345,972790,222.0,161.6
RMDRIP,RMDRIPBEN,18.44,18.05,18.05,-0.39,-2.11,823,14855,72.22,14.81
COMFINTE,COMFINTEEQN,6.14,6.01,6.01,-0.13,-2.12,148826,894444,9.19,5.21
SPENCERS,SPENCERSEQN,33.27,32.56,32.56,-0.71,-2.13,168,5470,64.0,24.38
AGL,AGLEQN,12.48,12.21,12.21,-0.27,-2.16,3237,39523,22.0,12.03
JAIPURKURT,JAIPURKURTEQN,27.25,26.66,26.66,-0.59,-2.17,1,26,47.5,24.4
DIAMINESQ,DIAMINESQEQN,241.96,236.6,236.6,-5.36,-2.22,84,19874,418.8,208.01
RAJOOENG,RAJOOENGBEN,52.18,51.02,51.02,-1.16,-2.22,1500,76530,112.62,46.0
ADFFOODS,ADFFOODSEQN,301.8,295.0,295.0,-6.8,-2.25,4440,1309800,346.95,153.1
RVTH,RVTHEQN,718.7,702.05,702.05,-16.65,-2.32,1,702,1300.0,491.1
VEDPOWER,VEDPOWEREQN,35.32,34.5,34.5,-0.82,-2.32,531130,18323985,49.88,33.88
RADIANTCMS,RADIANTCMSEQN,37.49,36.61,36.61,-0.88,-2.35,30,1098,62.4,32.33
SHANTI,SHANTIEQN,6.73,6.57,6.57,-0.16,-2.38,150,985,12.63,4.7
EVERESTIND,EVERESTINDBEN,497.9,486.0,486.0,-11.9,-2.39,83,40338,750.0,284.9
IZMO,IZMOEQN,1055.4,1030.0,1030.0,-25.4,-2.41,258,265740,1374.7,350.05
NECCLTD,NECCLTDBEN,15.24,14.86,14.86,-0.38,-2.49,1,14,24.01,10.55
NORBTEAEXP,NORBTEAEXPEQN,67.57,65.88,65.88,-1.69,-2.5,18,1185,99.35,31.2
GRAUWEIL,GRAUWEILEQN,76.45,74.51,74.51,-1.94,-2.54,640,47686,87.4,62.09
STLNETWORK,STLNETWORKBEN,23.6,23.0,23.0,-0.6,-2.54,5494,126362,35.4,15.75
ESSARSHPNG,ESSARSHPNGEQN,20.23,19.7,19.7,-0.53,-2.62,1025,20192,43.26,18.61
JETFREIGHT,JETFREIGHTEQN,21.22,20.66,20.66,-0.56,-2.64,4655,96172,25.95,11.9
NILKAMAL,NILKAMALEQN,1870.4,1821.0,1821.0,-49.4,-2.64,474,863154,1983.5,1050.5
KOTHARIPRO,KOTHARIPROEQN,65.83,64.03,64.03,-1.8,-2.73,1385,88681,109.0,58.0
INDOSTAR,INDOSTAREQN,274.7,267.15,267.15,-7.55,-2.75,1188,317374,301.95,179.03
MANORG,MANORGBEN,524.95,510.0,510.0,-14.95,-2.85,25,12750,637.85,356.25
MALLCOM,MALLCOMEQN,1039.3,1009.0,1009.0,-30.3,-2.92,12,12108,1520.0,929.0
MEIL,MEILEQN,295.1,286.45,286.45,-8.65,-2.93,413,118303,573.7,206.26
PRECOT,PRECOTEQN,793.95,770.7,770.7,-23.25,-2.93,75,57802,876.75,300.05
VMART,VMARTEQN,748.0,725.75,725.75,-22.25,-2.97,1102,799776,888.0,457.9
LCCINFOTEC,LCCINFOTECEQN,4.36,4.23,4.23,-0.13,-2.98,9,38,5.89,3.7
IBULLSLTD,IBULLSLTDBEN,28.13,27.27,27.27,-0.86,-3.06,59292,1616892,32.5,8.9
GPIL,GPILEQN,251.8,244.05,244.05,-7.75,-3.08,35655,8701602,320.0,185.32
NDLVENTURE,NDLVENTUREEQN,127.99,124.01,124.01,-3.98,-3.11,392,48611,140.0,62.21
ECLERX,ECLERXEQN,1951.8,1890.0,1890.0,-61.8,-3.17,1675,3165750,2497.5,1320.0
KAMDHENU,KAMDHENUBEN,35.85,34.71,34.71,-1.14,-3.18,16022,556123,37.06,16.15
BLACKROSE,BLACKROSEBEN,110.85,107.3,107.3,-3.55,-3.2,100,10730,129.9,80.05
HEXT,HEXTEQN,618.3,598.1,598.1,-20.2,-3.27,14589,8725680,829.4,400.2
VIVIDEL,VIVIDELSTN,1191.3,1151.6,1151.6,-39.7,-3.33,1920,2211072,1429.0,556.0
SINTERCOM,SINTERCOMEQN,85.51,82.65,82.65,-2.86,-3.34,30,2479,135.19,62.99
OILCOUNTUB,OILCOUNTUBBEN,57.0,55.01,55.01,-1.99,-3.49,81,4455,97.7,35.65
NAGREEKCAP,NAGREEKCAPEQN,23.02,22.2,22.2,-0.82,-3.56,11,244,42.75,19.3
JAYBARMARU,JAYBARMARUEQN,153.0,147.5,147.5,-5.5,-3.59,8143,1201092,207.0,71.01
TIMEX,TIMEXEQN,553.75,533.8,533.8,-19.95,-3.6,28193,15049423,618.0,312.0
ANIKINDS,ANIKINDSEQN,42.77,41.15,41.15,-1.62,-3.79,102,4197,103.8,32.5
BHAGYANGR,BHAGYANGRBEN,386.7,372.0,372.0,-14.7,-3.8,10997,4090884,432.3,85.62
CHALET,CHALETEQN,836.7,804.0,804.0,-32.7,-3.91,6462,5195448,1082.0,691.35
PRESTIGE,PRESTIGEEQN,1673.0,1607.1,1607.1,-65.9,-3.94,7456,11982537,1805.2,1090.0
MADHAVIPL,MADHAVIPLEQN,8.07,7.75,7.75,-0.32,-3.97,88,682,9.9,7.61
HILTON,HILTONBEN,21.61,20.75,20.75,-0.86,-3.98,703,14587,52.16,13.43
IFBAGRO,IFBAGROBEN,988.55,949.0,949.0,-39.55,-4.0,560,531440,1790.0,679.15
WAAREEENER,WAAREEENEREQN,2736.2,2626.0,2626.0,-110.2,-4.03,35730,93826980,3865.0,2403.0
REPL,REPLBEN,64.79,62.0,62.0,-2.79,-4.31,116,7192,182.8,60.0
KPITTECH,KPITTECHEQN,638.75,610.0,610.0,-28.75,-4.5,111990,68313900,1328.0,543.0
IVALUE,IVALUEEQN,284.55,271.55,271.55,-13.0,-4.57,12539,3404965,340.0,207.35
ABANSENT,ABANSENTBEN,26.66,25.41,25.41,-1.25,-4.69,408,10367,48.85,22.3
UNIVPHOTO,UNIVPHOTOBEN,468.35,446.2,446.2,-22.15,-4.73,1,446,515.8,180.6
SABEVENTS,SABEVENTSEQN,6.59,6.27,6.27,-0.32,-4.86,100,627,18.25,5.6
TAMBOLIIN,TAMBOLIINBEN,220.85,210.05,210.05,-10.8,-4.89,500,105025,237.7,141.5
SUMEETINDS,SUMEETINDSEQN,24.69,23.46,23.46,-1.23,-4.98,3431,80491,35.67,17.21
SHARDUL,SHARDULBEN,45.98,43.69,43.69,-2.29,-4.98,846,36961,60.0,23.05
NATIONSTD,NATIONSTDEQN,274.6,260.9,260.9,-13.7,-4.99,2219,578937,1519.95,274.6
ALPINETEX,ALPINETEXBEN,73.35,69.69,69.69,-3.66,-4.99,12511,871891,105.0,73.35
GULFPETRO,GULFPETROBEN,45.33,43.07,43.07,-2.26,-4.99,58633,2525323,47.87,23.25
INDORAMA,INDORAMAEQN,53.24,50.5,50.5,-2.74,-5.15,28400,1434200,75.0,29.0
DGCONTENT,DGCONTENTEQN,25.33,24.02,24.02,-1.31,-5.17,29,696,42.07,21.61
THANGAMAYL,THANGAMAYLEQN,6452.0,6100.0,6100.0,-352.0,-5.46,4432,27035200,7430.0,1767.1
SYNGENE,SYNGENEEQN,414.25,391.0,391.0,-23.25,-5.61,37318,14591338,728.6,380.0
AEQUS,AEQUSEQN,229.12,215.0,215.0,-14.12,-6.16,51875,11153125,274.39,113.3
