symbol,identifier,previousClose,lastPrice,iep,change,pChange,finalQuantity,totalTurnover,yearHigh,yearLow
ASTAR,ASTAREQN,672.8,807.3,807.3,134.5,19.99,1329,1072901,723.0,485.0
ISFT,ISFTEQN,90.26,98.97,98.97,8.71,9.65,6616,654785,119.07,54.05
HAMPTON,HAMPTONEQN,8.26,8.99,8.99,0.73,8.84,10,89,9.65,7.01
DHARAN,DHARANBZN,0.13,0.14,0.14,0.01,7.69,18908,2647,0.61,0.11
MANGALAM,MANGALAMEQN,31.97,34.4,34.4,2.43,7.6,3434,118129,77.6,22.8
SKYWAYS,SKYWAYSEQN,117.98,126.9,126.9,8.92,7.56,444106,56357051,136.45,106.82
AFIL,AFILEQN,8.37,8.96,8.96,0.59,7.05,697,6245,11.1,3.92
DHATRE,DHATREEQN,4.12,4.4,4.4,0.28,6.8,3011,13248,5.17,3.67
RENTOMOJO,RENTOMOJOEQN,534.25,570.0,570.0,35.75,6.69,281293,160337010,0.0,0.0
ZEELEARN,ZEELEARNEQN,6.85,7.3,7.3,0.45,6.57,53,386,10.45,4.17
OSWALAGRO,OSWALAGROEQN,33.91,35.99,35.99,2.08,6.13,3,107,81.0,32.36
QUINT,QUINTEQN,63.66,67.52,67.52,3.86,6.06,13592,917731,63.66,33.45
KEEPLEARN,KEEPLEARNEQN,1.84,1.95,1.95,0.11,5.98,50,97,3.21,1.51
DNAMEDIA,DNAMEDIAEQN,2.31,2.44,2.44,0.13,5.63,27,65,5.09,2.17
FILATFASH,FILATFASHEQN,0.18,0.19,0.19,0.01,5.56,61113,11611,0.68,0.14
TARMAT,TARMATEQN,56.56,59.6,59.6,3.04,5.37,100,5960,73.9,46.26
CUBEXTUB,CUBEXTUBEQN,81.63,86.0,86.0,4.37,5.35,5620,483320,143.69,73.1
CREATIVEYE,CREATIVEYEEQN,5.59,5.88,5.88,0.29,5.19,260,1528,8.82,5.16
INFOMEDIA,INFOMEDIAEQN,5.29,5.56,5.56,0.27,5.1,10,55,8.05,4.5
KRITI,KRITIEQN,59.95,62.99,62.99,3.04,5.07,3,188,155.9,53.0
KRITINUT,KRITINUTEQN,80.45,84.47,84.47,4.02,5.0,1282,108290,102.99,51.36
UNIVASTU,UNIVASTUBEN,145.01,152.26,152.26,7.25,5.0,4106,625179,178.98,56.02
MBECL,MBECLBEN,382.47,401.59,401.59,19.12,5.0,752,301995,382.47,213.0
BI,BIBEN,102.5,107.62,107.62,5.12,5.0,11600,1248392,111.51,51.62
TBZ,TBZEQN,574.85,603.55,603.55,28.7,4.99,17775,10728101,583.05,110.5
SOFTTECH,SOFTTECHEQN,500.7,525.7,525.7,25.0,4.99,5165,2715240,500.7,215.0
GFSTEELS,GFSTEELSBEN,24.23,25.44,25.44,1.21,4.99,1150,29256,24.23,10.21
STLNETWORK,STLNETWORKEQN,40.91,42.95,42.95,2.04,4.99,177997,7644971,40.91,15.75
MONEYBOXX,MONEYBOXXEQN,51.9,54.49,54.49,2.59,4.99,1150,62663,91.5,35.85
BHAGERIA,BHAGERIABEN,318.85,334.75,334.75,15.9,4.99,10376,3473366,342.0,127.51
AKI,AKIBEN,5.82,6.11,6.11,0.29,4.98,2742,16753,10.48,3.8
REPL,REPLBEN,57.47,60.33,60.33,2.86,4.98,1000,60330,168.0,56.0
BURNPUR,BURNPURBEN,17.5,18.37,18.37,0.87,4.97,19311,354743,22.63,11.13
FONEBOX,FONEBOXSMN,125.95,132.2,132.2,6.25,4.96,6000,793200,136.5,57.0
CLSL,CLSLSTN,74.95,78.65,78.65,3.7,4.94,2000,157300,92.25,39.05
GPTINFRA,GPTINFRAEQN,113.56,119.17,119.17,5.61,4.94,60996,7268893,150.0,96.22
GRAUWEIL,GRAUWEILEQN,79.09,83.0,83.0,3.91,4.94,63834,5298222,87.4,62.09
LAL,LALEQN,8.54,8.96,8.96,0.42,4.92,11,98,12.02,5.56
MLKFOOD,MLKFOODEQN,79.12,83.0,83.0,3.88,4.9,103,8549,93.0,75.0
LCCINFOTEC,LCCINFOTECEQN,3.28,3.44,3.44,0.16,4.88,2867,9862,5.89,2.88
TIPSFILMS,TIPSFILMSEQN,318.5,333.95,333.95,15.45,4.85,1,333,479.25,276.75
KARAMTARA,KARAMTARAEQN,352.0,369.0,369.0,17.0,4.83,1154342,425952198,0.0,0.0
ABCOTS,ABCOTSEQN,210.83,221.0,221.0,10.17,4.82,105019,23209199,504.0,196.81
VEDAVAAG,VEDAVAAGEQN,21.0,22.0,22.0,1.0,4.76,201,4422,25.69,16.98
KSHITIJPOL,KSHITIJPOLEQN,4.01,4.2,4.2,0.19,4.74,593140,2491188,7.2,1.88
WILLAMAGOR,WILLAMAGOREQN,24.11,25.25,25.25,1.14,4.73,10,252,37.0,21.11
GLFL,GLFLEQN,5.11,5.35,5.35,0.24,4.7,10,53,9.34,3.66
ODYCORP,ODYCORPEQN,6.86,7.18,7.18,0.32,4.66,10,71,8.48,5.71
PRITI,PRITIEQN,32.97,34.49,34.49,1.52,4.61,7,241,85.0,31.0
HAVISHA,HAVISHAEQN,1.32,1.38,1.38,0.06,4.55,10,13,2.42,1.03
ALMONDZ,ALMONDZEQN,18.41,19.24,19.24,0.83,4.51,10005,192496,20.7,10.68
SHREEDHAR,SHREEDHARSTN,153.35,160.25,160.25,6.9,4.5,2000,320500,153.4,54.4
PASHUPATI,PASHUPATIEQN,81.37,84.9,84.9,3.53,4.34,10580,898242,118.35,67.5
GATECH,GATECHBEN,0.7,0.73,0.73,0.03,4.29,79470,58013,1.11,0.4
NEPHROCARE,NEPHROCARESMN,91.65,95.55,95.55,3.9,4.26,800,76440,158.0,50.05
SRGHFL,SRGHFLEQN,126.65,132.05,132.05,5.4,4.26,281,37106,335.0,118.6
TCIFINANCE,TCIFINANCEEQN,14.62,15.24,15.24,0.62,4.24,10,152,38.46,10.0
BLUECOAST,BLUECOASTEQN,21.68,22.6,22.6,0.92,4.24,5,113,71.47,18.57
GATECHDVR,GATECHDVRBEN,0.48,0.5,0.5,0.02,4.17,20395,10197,0.67,0.36
BHAGYANGR,BHAGYANGREQN,446.5,465.0,465.0,18.5,4.14,34076,15845340,446.5,90.0
ALPHAGEO,ALPHAGEOBEN,294.95,306.95,306.95,12.0,4.07,17,5218,368.0,164.8
MADHAV,MADHAVEQN,34.5,35.9,35.9,1.4,4.06,1,35,47.5,29.0
AAATECH,AAATECHEQN,84.57,88.0,88.0,3.43,4.06,15,1320,136.0,76.11
TOYAMSL,TOYAMSLEQN,0.74,0.77,0.77,0.03,4.05,3,2,0.74,0.6
AGROPHOS,AGROPHOSEQN,23.44,24.38,24.38,0.94,4.01,10,243,47.47,21.0
NGIL,NGILEQN,34.94,36.33,36.33,1.39,3.98,197,7157,43.89,22.01
STEL,STELEQN,631.9,657.0,657.0,25.1,3.97,50,32850,689.95,380.0
GLASSWALL,GLASSWALLEQN,257.82,267.98,267.98,10.16,3.94,345911,92697229,257.82,185.2
LAGNAM,LAGNAMEQN,70.24,73.0,73.0,2.76,3.93,1,73,96.98,58.6
LKPSEC,LKPSECEQN,15.06,15.65,15.65,0.59,3.92,1,15,18.43,14.01
SHEMAROO,SHEMAROOBEN,115.5,120.0,120.0,4.5,3.9,1,120,143.0,73.0
BATLIBOI,BATLIBOIEQN,78.73,81.8,81.8,3.07,3.9,5,409,106.5,71.21
GREENPOWER,GREENPOWEREQN,9.05,9.4,9.4,0.35,3.87,54780,514932,14.93,7.98
NAGREEKCAP,NAGREEKCAPEQN,27.92,29.0,29.0,1.08,3.87,205,5945,42.75,19.3
HEADSUP,HEADSUPEQN,6.97,7.24,7.24,0.27,3.87,10,72,12.95,5.69
WSI,WSIEQN,56.6,58.79,58.79,2.19,3.87,101,5937,95.0,53.8
AHCL,AHCLEQN,21.84,22.68,22.68,0.84,3.85,337781,7660873,22.94,10.37
SHAHALLOYS,SHAHALLOYSBEN,92.47,95.99,95.99,3.52,3.81,250,23997,116.85,53.1
AVPINFRA,AVPINFRASMN,57.8,60.0,60.0,2.2,3.81,800,48000,189.45,54.5
TPHQ,TPHQBEN,0.53,0.55,0.55,0.02,3.77,17540,9647,0.86,0.4
PEARLPOLY,PEARLPOLYEQN,16.73,17.36,17.36,0.63,3.77,1,17,32.25,12.75
ONEGLOBAL,ONEGLOBALEQN,530.45,550.45,550.45,20.0,3.77,21,11559,580.0,494.0
DEEP,DEEPEQN,47.23,49.0,49.0,1.77,3.75,80,3920,49.17,34.2
NIPPOBATRY,NIPPOBATRYEQN,315.2,327.0,327.0,11.8,3.74,1,327,490.0,257.0
ICELCO,ICELCOSMN,121.5,125.95,125.95,4.45,3.66,6000,755700,183.0,112.6
ALANKIT,ALANKITEQN,7.67,7.95,7.95,0.28,3.65,160,1272,13.97,6.8
GAUDIUMIVF,GAUDIUMIVFEQN,114.79,118.96,118.96,4.17,3.63,2000,237920,163.18,69.18
VALIANTLAB,VALIANTLABBEN,122.75,127.15,127.15,4.4,3.58,5755,731748,129.9,49.51
SVPGLOB,SVPGLOBEQN,3.35,3.47,3.47,0.12,3.58,10,34,6.89,2.18
RADAAN,RADAANEQN,2.8,2.9,2.9,0.1,3.57,29,84,3.99,2.35
IWP,IWPEQN,34.71,35.95,35.95,1.24,3.57,5,179,39.15,28.0
DBEIL,DBEILEQN,7.05,7.3,7.3,0.25,3.55,21,153,18.56,5.15
UYFINCORP,UYFINCORPBEN,19.28,19.95,19.95,0.67,3.48,501,9994,22.34,11.5
INCREDIBLE,INCREDIBLEEQN,33.31,34.45,34.45,1.14,3.42,1,34,49.79,28.1
MOHITIND,MOHITINDEQN,23.2,23.99,23.99,0.79,3.41,1,23,37.65,18.6
PURPLEUTED,PURPLEUTEDSTN,441.95,457.0,457.0,15.05,3.41,250,114250,587.95,244.45
PRAXIS,PRAXISEQN,4.11,4.25,4.25,0.14,3.41,10,42,14.44,4.09
STLSTRINF,STLSTRINFEQN,25.15,26.0,26.0,0.85,3.38,43,1118,27.9,14.59
IRMENERGY,IRMENERGYEQN,269.1,278.15,278.15,9.05,3.36,757,210559,393.0,165.4
DSSL,DSSLEQN,1008.6,1042.4,1042.4,33.8,3.35,39,40653,1924.8,781.0
AONESILVER,AONESILVEREQN,8.66,8.95,8.95,0.29,3.35,10,89,12.0,7.43
BTML,BTMLEQN,7.25,7.49,7.49,0.24,3.31,10,74,10.5,5.06
VIRAT,VIRATEQN,382.25,394.9,394.9,12.65,3.31,500,197450,494.4,268.05
URJA,URJAEQN,9.1,9.4,9.4,0.3,3.3,26491,249015,14.45,8.0
BIRLACABLE,BIRLACABLEEQN,401.65,414.85,414.85,13.2,3.29,8224,3411726,411.95,104.0
LPDC,LPDCEQN,6.1,6.3,6.3,0.2,3.28,24,151,9.46,5.23
ARENTERP,ARENTERPEQN,34.2,35.3,35.3,1.1,3.22,201,7095,60.79,30.01
NAHARCAP,NAHARCAPEQN,250.0,257.95,257.95,7.95,3.18,1,257,307.0,191.0
WOMANCART,WOMANCARTSTN,101.0,104.2,104.2,3.2,3.17,1600,166720,358.0,88.0
COMFINTE,COMFINTEEQN,5.99,6.18,6.18,0.19,3.17,393,2428,9.19,5.21
ORISSAMINE,ORISSAMINEEQN,3896.4,4020.0,4020.0,123.6,3.17,430,1728600,6138.9,3100.5
SOMICONVEY,SOMICONVEYEQN,94.6,97.59,97.59,2.99,3.16,1115,108812,169.4,80.16
GLOBECIVIL,GLOBECIVILEQN,42.46,43.8,43.8,1.34,3.16,10,438,80.0,33.5
ACSTECH,ACSTECHBEN,63.0,64.99,64.99,1.99,3.16,6838,444401,63.0,31.71
SHIVAMAUTO,SHIVAMAUTOEQN,16.19,16.7,16.7,0.51,3.15,1,16,35.79,13.05
BGRENERGY,BGRENERGYBEN,243.45,251.0,251.0,7.55,3.1,8486,2129986,490.8,218.0
KELLTONTEC,KELLTONTECEQN,13.57,13.99,13.99,0.42,3.1,30942,432878,27.6,13.0
GUJAPOLLO,GUJAPOLLOEQN,324.0,333.95,333.95,9.95,3.07,100,33395,512.0,300.5
PRAENG,PRAENGEQN,22.27,22.94,22.94,0.67,3.01,1,22,33.88,17.0
STLTECH,STLTECHBEN,827.45,852.0,852.0,24.55,2.97,10980,9354960,912.0,84.6
KRN,KRNEQN,1392.8,1434.0,1434.0,41.2,2.96,1105,1584570,1687.0,589.8
ORCHASP,ORCHASPEQN,1.37,1.41,1.41,0.04,2.92,4176,5888,4.16,1.25
CPL,CPLEQN,65.39,67.3,67.3,1.91,2.92,4377,294572,75.74,61.45
JHS,JHSEQN,8.59,8.84,8.84,0.25,2.91,17,150,13.9,6.26
SBGLP,SBGLPEQN,25.78,26.52,26.52,0.74,2.87,21745,576677,40.9,18.35
ZODIAC,ZODIACEQN,220.25,226.5,226.5,6.25,2.84,120,27180,415.0,205.55
VILAS,VILASSMN,331.6,341.0,341.0,9.4,2.83,250,85250,580.0,313.25
VALIANTORG,VALIANTORGBEN,408.45,420.0,420.0,11.55,2.83,2929,1230180,414.0,195.0
LANCORHOL,LANCORHOLBEN,35.2,36.19,36.19,0.99,2.81,1,36,41.75,18.12
SUMIT,SUMITEQN,48.66,50.0,50.0,1.34,2.75,1,50,104.0,31.74
RHL,RHLEQN,173.74,178.5,178.5,4.76,2.74,23,4105,273.9,160.98
VARDMNPOLY,VARDMNPOLYEQN,5.83,5.99,5.99,0.16,2.74,10,59,9.49,5.1
RIR,RIREQN,197.63,203.0,203.0,5.37,2.72,51032,10359496,207.71,154.0
MMWL,MMWLEQN,13.04,13.39,13.39,0.35,2.68,11,147,16.57,9.02
JISLJALEQS,JISLJALEQSEQN,30.2,31.0,31.0,0.8,2.65,60525,1876275,59.0,26.11
RUDRA,RUDRAEQN,20.36,20.9,20.9,0.54,2.65,50000,1045000,29.7,14.63
SUPERHOUSE,SUPERHOUSEEQN,167.58,171.95,171.95,4.37,2.61,1,171,201.95,128.55
VINEETLAB,VINEETLABEQN,35.97,36.9,36.9,0.93,2.59,61,2250,43.5,27.96
GSS,GSSEQN,10.02,10.28,10.28,0.26,2.59,510,5242,28.84,8.68
XELPMOC,XELPMOCEQN,74.08,75.99,75.99,1.91,2.58,49,3723,155.5,72.1
PAISALO,PAISALOEQN,88.73,91.0,91.0,2.27,2.56,67835,6172985,92.75,30.0
TTL,TTLEQN,7.07,7.25,7.25,0.18,2.55,1569,11375,11.8,5.5
NILE,NILEEQN,1456.0,1493.0,1493.0,37.0,2.54,1,1493,2018.9,1430.0
RUCHINFRA,RUCHINFRAEQN,5.14,5.27,5.27,0.13,2.53,10,52,8.25,4.05
DCMFINSERV,DCMFINSERVEQN,5.13,5.26,5.26,0.13,2.53,10,52,8.55,3.7
VAISHALI,VAISHALIEQN,8.78,9.0,9.0,0.22,2.51,88,792,12.7,4.75
ORIANA,ORIANASMN,1348.85,276.5,276.5,6.75,2.5,750,207375,612.8,234.99
AEROFLEX,AEROFLEXEQN,497.6,510.0,510.0,12.4,2.49,5123,2612730,584.15,158.0
RADIOCITY,RADIOCITYEQN,6.05,6.2,6.2,0.15,2.48,10,62,9.25,4.5
INDOWIND,INDOWINDEQN,8.93,9.15,9.15,0.22,2.46,344,3147,18.94,7.0
AKSHAR,AKSHAREQN,0.41,0.42,0.42,0.01,2.44,58974,24769,0.76,0.36
SHIVASHRIT,SHIVASHRITSMN,115.2,118.0,118.0,2.8,2.43,1000,118000,144.0,96.0
DOLLEX,DOLLEXEQN,37.05,37.95,37.95,0.9,2.43,1,37,43.55,26.0
YATHARTH,YATHARTHEQN,1072.4,1098.0,1098.0,25.6,2.39,14161,15548778,1083.8,538.25
HTEL,HTELEQN,72.05,73.75,73.75,1.7,2.36,6937,511603,86.45,68.22
SILVERCASE,SILVERCASEEQN,22.95,23.48,23.48,0.53,2.31,35150,825322,38.01,12.62
GOACARBON,GOACARBONEQN,378.3,387.0,387.0,8.7,2.3,56,21672,494.9,272.85
KAMOPAINTS,KAMOPAINTSEQN,4.35,4.45,4.45,0.1,2.3,111,493,9.29,3.6
NECCLTD,NECCLTDBEN,18.82,19.25,19.25,0.43,2.28,16,308,24.01,10.55
RAMBHAJO,RAMBHAJOEQN,266.17,272.18,272.18,6.01,2.26,2851,775985,289.0,161.6
MUFTI,MUFTIEQN,73.37,75.02,75.02,1.65,2.25,979,73444,122.0,63.06
MINDTECK,MINDTECKEQN,156.84,160.36,160.36,3.52,2.24,3,481,307.68,145.13
TATSILV,TATSILVEQN,21.99,22.48,22.48,0.49,2.23,68695,1544263,35.1,12.22
BBNPPGOLD,BBNPPGOLDEQN,145.45,148.7,148.7,3.25,2.23,10,1487,184.05,106.0
HDFCSILVER,HDFCSILVEREQN,216.47,221.28,221.28,4.81,2.22,16284,3603323,359.0,121.25
SILVERIETF,SILVERIETFEQN,226.19,231.22,231.22,5.03,2.22,13867,3206327,373.5,125.61
MERCURYEV,MERCURYEVEQN,40.84,41.74,41.74,0.9,2.2,1414,59020,44.05,30.16
MENONBE,MENONBEBEN,305.05,311.75,311.75,6.7,2.2,151,47074,324.0,101.5
HALDYNGL,HALDYNGLBEN,140.41,143.5,143.5,3.09,2.2,29,4161,149.79,85.0
SAMBHAAV,SAMBHAAVEQN,6.0,6.13,6.13,0.13,2.17,10,61,11.53,5.07
SILVER,SILVEREQN,226.36,231.24,231.24,4.88,2.16,1992,460630,371.89,126.55
DCM,DCMEQN,76.36,78.0,78.0,1.64,2.15,100,7800,104.3,55.0
TARACHAND,TARACHANDEQN,46.8,47.8,47.8,1.0,2.14,30,1434,103.67,46.01
SHINDL,SHINDLEQN,161.05,164.5,164.5,3.45,2.14,2500,411250,179.99,130.6
SBISILVER,SBISILVEREQN,222.1,226.86,226.86,4.76,2.14,8727,1979807,362.0,124.0
SALSTEEL,SALSTEELEQN,78.35,80.01,80.01,1.66,2.12,5035,402850,86.25,26.1
VINYLINDIA,VINYLINDIAEQN,214.17,218.7,218.7,4.53,2.12,1,218,309.0,161.0
BRAHMINFRA,BRAHMINFRAEQN,159.63,163.01,163.01,3.38,2.12,82,13366,184.0,142.1
SILVERAXIS,SILVERAXISEQN,225.27,230.05,230.05,4.78,2.12,3102,713615,390.01,125.7
HFCL,HFCLBEN,209.45,213.9,213.9,4.45,2.12,31013,6633680,256.7,59.82
LUMINO,LUMINOEQN,107.14,109.4,109.4,2.26,2.11,92836,10156258,122.0,98.05
IL&FSTRANS,IL&FSTRANSBZN,1.91,1.95,1.95,0.04,2.09,7,13,3.27,1.75
AIMTRON,AIMTRONSMN,1616.45,1650.0,1650.0,33.55,2.08,1200,1980000,1800.0,675.0
LIBAS,LIBASEQN,12.0,12.25,12.25,0.25,2.08,117,1433,14.3,9.02
VINNY,VINNYEQN,0.97,0.99,0.99,0.02,2.06,5807,5748,1.53,0.94
SILVERBEES,SILVERBEESEQN,216.64,221.1,221.1,4.46,2.06,100118,22136089,360.0,121.01
SAHYADRI,SAHYADRIEQN,359.25,366.6,366.6,7.35,2.05,1,366,408.95,200.1
VICTORYEV,VICTORYEVSMN,14.6,14.9,14.9,0.3,2.05,3000,44700,34.45,13.7
TREEHOUSE,TREEHOUSEEQN,5.87,5.99,5.99,0.12,2.04,38,227,11.0,5.52
ALPA,ALPAEQN,59.64,60.85,60.85,1.21,2.03,17,1034,95.95,46.1
GICL,GICLBEN,24.64,25.14,25.14,0.5,2.03,108,2715,52.4,15.61
ROLLT,ROLLTBEN,5.44,5.55,5.55,0.11,2.02,7886,43767,5.44,1.07
PVP,PVPEQN,57.05,58.2,58.2,1.15,2.02,1152,67046,71.9,23.0
BONLON,BONLONEQN,37.07,37.82,37.82,0.75,2.02,22,832,57.0,34.51
CRSL,CRSLBEN,2.47,2.52,2.52,0.05,2.02,1330,3351,3.56,1.72
COASTCORP,COASTCORPEQN,35.46,36.17,36.17,0.71,2.0,1037,37508,66.7,32.5
MAJESAUT,MAJESAUTBEN,359.6,366.8,366.8,7.2,2.0,17,6235,500.0,274.0
ANSALAPI,ANSALAPIBZN,3.52,3.59,3.59,0.07,1.99,1501,5388,5.02,2.51
PENINLAND,PENINLANDEQN,15.55,15.86,15.86,0.31,1.99,17,269,37.98,13.82
ADVAIT,ADVAITEQN,1990.4,2030.0,2030.0,39.6,1.99,628,1274840,2485.0,1351.0
TIGERLOGS,TIGERLOGSEQN,26.66,27.19,27.19,0.53,1.99,58,1577,56.69,22.9
CENTRUM,CENTRUMEQN,22.25,22.69,22.69,0.44,1.98,3340,75784,38.5,19.66
ESSARSHPNG,ESSARSHPNGEQN,16.14,16.46,16.46,0.32,1.98,6,98,43.26,15.45
SWISSMLTRY,SWISSMLTRYBEN,14.76,14.95,14.95,0.29,1.98,2515,37599,18.5,13.0
KRISHIVAL,KRISHIVALEQN,409.45,417.5,417.5,8.05,1.97,480,200400,483.81,282.3
JITFINFRA,JITFINFRAEQN,286.4,292.0,292.0,5.6,1.96,71,20732,433.15,222.35
VIVIDHA,VIVIDHAEQN,0.51,0.52,0.52,0.01,1.96,3280,1705,0.91,0.43
VISAMAN,VISAMANSMN,40.85,41.65,41.65,0.8,1.96,1000,41650,145.0,40.85
SHANKESH,SHANKESHEQN,88.96,90.7,90.7,1.74,1.96,15920,1443944,115.9,87.25
ACL,ACLEQN,41.98,42.8,42.8,0.82,1.95,201,8602,100.01,40.5
RAMASTEEL,RAMASTEELBEN,4.11,4.19,4.19,0.08,1.95,61025,255694,11.29,3.43
BCPL,BCPLEQN,67.63,68.95,68.95,1.32,1.95,1,68,92.0,60.0
SCPL,SCPLBEN,625.85,638.0,638.0,12.15,1.94,23,14674,690.0,190.03
KMSUGAR,KMSUGAREQN,28.44,28.99,28.99,0.55,1.93,601,17422,36.5,23.0
UEL,UELEQN,196.19,199.98,199.98,3.79,1.93,129,25797,284.2,92.32
HINDALUMI,HINDALUMIEQN,93.7,95.5,95.5,1.8,1.92,29,2769,107.5,89.0
ETERNAL,ETERNALEQN,322.35,328.5,328.5,6.15,1.91,636390,209054115,368.45,212.6
SRD,SRDEQN,39.54,40.29,40.29,0.75,1.9,400,16116,75.79,36.0
COUNCODOS,COUNCODOSBEN,6.33,6.45,6.45,0.12,1.9,13,83,7.97,3.71
BLBLIMITED,BLBLIMITEDEQN,15.99,16.29,16.29,0.3,1.88,20,325,22.47,12.0
GTPL,GTPLEQN,56.62,57.68,57.68,1.06,1.87,1402,80867,118.95,50.85
MOS,MOSSTN,5.35,5.45,5.45,0.1,1.87,4000,21800,28.55,5.2
PATINTLOG,PATINTLOGBEN,13.89,14.15,14.15,0.26,1.87,1,14,16.9,8.01
GOKUL,GOKULEQN,39.74,40.48,40.48,0.74,1.86,10,404,46.8,31.0
MARALOVER,MARALOVEREQN,59.59,60.7,60.7,1.11,1.86,100,6070,68.89,34.11
OMINFRAL,OMINFRALEQN,79.44,80.91,80.91,1.47,1.85,2,161,144.0,71.5
BAGFILMS,BAGFILMSEQN,4.32,4.4,4.4,0.08,1.85,1,4,8.0,3.61
PRISMX,PRISMXEQN,0.54,0.55,0.55,0.01,1.85,316,173,0.63,0.47
PAYTM,PAYTMEQN,1763.0,1795.4,1795.4,32.4,1.84,51993,93348232,1855.5,930.6
ARIS,ARISEQN,127.27,129.6,129.6,2.33,1.83,39313,5094964,178.3,82.18
ECORECO,ECORECOEQN,435.85,442.8,442.8,7.95,1.83,43,19040,494.9,415.1
IMPEXFERRO,IMPEXFERROBZN,5.48,5.58,5.58,0.1,1.82,2000,11160,5.48,1.3
QMSMEDI,QMSMEDIBEN,168.92,171.99,171.99,3.07,1.82,12,2063,170.99,68.95
HLVLTD,HLVLTDEQN,6.66,6.78,6.78,0.12,1.8,160,1084,12.6,5.6
DCI,DCIEQN,282.75,287.8,287.8,5.05,1.79,728,209518,475.0,208.98
LANDSMILL,LANDSMILLEQN,0.56,0.57,0.57,0.01,1.79,59349,33828,1.74,0.55
SILVER1,SILVER1EQN,21.98,22.37,22.37,0.39,1.77,17398,389193,38.8,12.24
ORIENTBELL,ORIENTBELLEQN,387.25,394.05,394.05,6.8,1.76,53,20884,434.95,246.55
DRCSYSTEMS,DRCSYSTEMSEQN,12.59,12.81,12.81,0.22,1.75,81,1037,22.78,11.5
THOMASCOTT,THOMASCOTTEQN,234.9,239.0,239.0,4.1,1.75,12,2868,459.8,221.8
UNIVPHOTO,UNIVPHOTOBEN,614.0,624.75,624.75,10.75,1.75,44,27489,620.0,180.6
WEBELSOLAR,WEBELSOLAREQN,71.74,72.99,72.99,1.25,1.74,3589,261961,137.9,50.4
GLOBALVECT,GLOBALVECTEQN,125.52,127.7,127.7,2.18,1.74,79,10088,248.0,123.0
MOTISONS,MOTISONSEQN,17.94,18.25,18.25,0.31,1.73,473936,8649332,20.45,10.62
MEDANTA,MEDANTAEQN,1424.0,1448.7,1448.7,24.7,1.73,2147,3110358,1544.0,956.0
VISL,VISLEQN,31.82,32.37,32.37,0.55,1.73,36892,1194194,44.78,19.06
UNIDT,UNIDTEQN,228.07,232.0,232.0,3.93,1.72,135,31320,254.97,146.0
FREDUN,FREDUNEQN,1278.2,1300.2,1300.2,22.0,1.72,51,66310,1590.0,1195.2
AONEGOLD,AONEGOLDEQN,14.04,14.28,14.28,0.24,1.71,1,14,17.73,10.22
CEINSYS,CEINSYSEQN,684.3,692.4,692.4,11.6,1.7,308,213259,1249.9,665.0
GVKPIL,GVKPILBEN,2.37,2.41,2.41,0.04,1.69,17805,42910,4.06,2.04
ORIENTCER,ORIENTCEREQN,46.11,46.89,46.89,0.78,1.69,25,1172,56.64,34.0
RUSHIL,RUSHILEQN,15.57,15.83,15.83,0.26,1.67,1,15,33.99,12.49
CFEL,CFELBEN,46.22,46.99,46.99,0.77,1.67,11,516,52.8,24.36
PARSVNATH,PARSVNATHBEN,1.81,1.84,1.84,0.03,1.66,304,559,18.75,1.35
AUTOIND,AUTOINDEQN,78.1,79.4,79.4,1.3,1.66,260,20644,104.0,48.35
PLASTIBLEN,PLASTIBLENEQN,184.45,187.5,187.5,3.05,1.65,10,1875,216.29,121.01
INDIGO,INDIGOEQN,4845.0,4925.0,4925.0,80.0,1.65,4924,24250700,5970.0,3895.2
SIGMA,SIGMAEQN,46.24,47.0,47.0,0.76,1.64,342,16074,65.5,35.46
NEOGEN,NEOGENEQN,2395.6,2435.0,2435.0,39.4,1.64,1038,2527530,2484.8,966.7
SAKAR,SAKAREQN,1129.55,1148.0,1148.0,18.45,1.63,214,245672,1211.0,332.1
SHALPAINTS,SHALPAINTSBEN,80.68,81.99,81.99,1.31,1.62,1010,82809,95.95,35.21
CELEBRITY,CELEBRITYEQN,6.79,6.9,6.9,0.11,1.62,10,69,13.25,5.65
GEEKAYWIRE,GEEKAYWIREEQN,33.46,34.0,34.0,0.54,1.61,14629,497386,37.87,18.51
HAPPYFORGE,HAPPYFORGEEQN,2143.2,2177.8,2177.8,34.6,1.61,50,108890,2470.0,888.75
DRAGARWQ,DRAGARWQEQN,5255.0,5339.5,5339.5,84.5,1.61,48,256296,6059.7,4600.0
BIKEWO,BIKEWOSTN,112.2,114.0,114.0,1.8,1.6,2000,228000,115.8,13.65
LOVABLE,LOVABLEEQN,70.38,71.5,71.5,1.12,1.59,10,715,104.7,55.0
AQYLON,AQYLONEQN,18.88,19.18,19.18,0.3,1.59,161,3087,224.7,18.84
NITTAGELA,NITTAGELAEQN,1766.1,1794.1,1794.1,28.0,1.59,5,8970,2087.2,837.05
WARDINMOBI,WARDINMOBIEQN,5.68,5.77,5.77,0.09,1.58,1282,7397,6.99,4.69
AASTHA,AASTHAEQN,76.78,77.99,77.99,1.21,1.58,1088,84853,140.01,70.0
BODALCHEM,BODALCHEMEQN,182.13,184.99,184.99,2.86,1.57,31070,5747639,189.68,42.81
MEP,MEPBZN,0.64,0.65,0.65,0.01,1.56,158,102,2.87,0.5
TALBROAUTO,TALBROAUTOEQN,435.2,442.0,442.0,6.8,1.56,2147,948974,451.6,219.9
AKG,AKGEQN,10.32,10.48,10.48,0.16,1.55,10,104,15.34,8.06
NECLIFE,NECLIFEEQN,11.02,11.19,11.19,0.17,1.54,22,246,22.4,9.3
ADVANIHOTR,ADVANIHOTREQN,47.62,48.35,48.35,0.73,1.53,18,870,65.5,46.75
HARRMALAYA,HARRMALAYAEQN,180.71,183.45,183.45,2.74,1.52,1,183,237.9,153.66
GALLANTT,GALLANTTEQN,537.7,545.85,545.85,8.15,1.52,60,32751,948.0,496.25
SANATHAN,SANATHANEQN,461.95,468.95,468.95,7.0,1.52,500,234475,546.2,352.6
MIIL,MIILEQN,689.0,699.5,699.5,10.5,1.52,40,27980,742.9,640.5
HARIOMPIPE,HARIOMPIPEEQN,349.65,354.95,354.95,5.3,1.52,1015,360274,572.2,268.05
ANDHRSUGAR,ANDHRSUGAREQN,93.59,93.59,93.59,1.4,1.52,1366,127843,107.23,66.5
MMP,MMPEQN,465.7,472.7,472.7,7.0,1.5,158,74686,498.0,185.2
SENORES,SENORESEQN,1402.6,1423.6,1423.6,21.0,1.5,277,394337,1599.0,662.45
SOLEX,SOLEXEQN,671.3,681.35,681.35,10.05,1.5,1001,682031,1985.0,651.2
AVONMORE,AVONMOREEQN,12.02,12.2,12.2,0.18,1.5,810,9882,20.75,9.05
TURTLEMINT,TURTLEMINTEQN,131.67,133.65,133.65,1.98,1.5,2898,387317,160.0,110.41
RSL,RSLEQN,180.63,183.33,183.33,2.7,1.49,1107,202946,193.09,101.7
GROWWSLVR,GROWWSLVREQN,22.17,22.5,22.5,0.33,1.49,3929,88402,36.3,12.47
SILVERAG,SILVERAGEQN,220.74,224.0,224.0,3.26,1.48,540,120960,380.0,123.3
BELLACASA,BELLACASAEQN,255.25,259.0,259.0,3.75,1.47,100,25900,497.35,214.68
UDS,UDSEQN,188.25,191.0,191.0,2.75,1.46,254,48514,263.78,125.1
PARKHOTELS,PARKHOTELSEQN,107.2,108.0,108.0,1.55,1.46,105,11340,162.49,95.1
INA,INAEQN,87.38,88.66,88.66,1.28,1.46,75,6649,161.81,79.75
ASHOKAMET,ASHOKAMETEQN,14.6,14.81,14.81,0.21,1.44,4,59,21.0,12.13
HUHTAMAKI,HUHTAMAKIEQN,243.6,247.1,247.1,3.5,1.44,1562,385970,330.0,148.6
UNITEDPOLY,UNITEDPOLYEQN,44.36,45.0,45.0,0.64,1.44,1288,57960,51.16,20.6
SILVERBETA,SILVERBETAEQN,218.54,221.68,221.68,3.14,1.44,276,61183,379.66,122.79
LICMFGOLD,LICMFGOLDEQN,135.3,137.25,137.25,1.95,1.44,470,64507,162.0,98.0
VOEPL,VOEPLEQN,491.95,499.0,499.0,7.05,1.43,102,50898,593.45,428.65
AWHCL,AWHCLEQN,379.6,385.0,385.0,5.4,1.42,3392,1305920,616.0,337.55
KANANIIND,KANANIINDEQN,1.41,1.43,1.43,0.02,1.42,140,200,2.1,1.02
KRMAYURVED,KRMAYURVEDSMN,317.3,321.8,321.8,4.5,1.42,2000,643600,343.95,156.15
ANTGRAPHIC,ANTGRAPHICEQN,0.71,0.72,0.72,0.01,1.41,1811,1303,1.17,0.64
PARASPETRO,PARASPETROEQN,2.13,2.16,2.16,0.03,1.41,216,466,3.23,1.53
TGVSL,TGVSLEQN,102.58,103.0,103.0,1.42,1.4,511,52633,114.24,101.01
INDOSTAR,INDOSTAREQN,229.49,232.69,232.69,3.2,1.39,1,232,292.0,179.03
SJS,SJSEQN,2266.0,2297.2,2297.2,31.2,1.38,461,1059009,2590.0,1418.1
CARRARO,CARRAROEQN,515.05,522.1,522.1,7.05,1.37,196,102331,667.55,416.0
EIHOTEL,EIHOTELEQN,299.9,304.0,304.0,4.1,1.37,2655,807120,413.95,271.15
ZYDUSLIFE,ZYDUSLIFEEQN,1135.1,1150.7,1150.7,15.6,1.37,16533,19024523,1205.0,835.5
RMC,RMCEQN,229.16,232.29,232.29,3.13,1.37,818,190013,530.0,194.1
MANAKALUCO,MANAKALUCOEQN,35.81,36.3,36.3,0.49,1.37,109,3956,68.12,21.73
MAHEPC,MAHEPCEQN,101.99,103.38,103.38,1.39,1.36,2,206,160.8,91.91
RUCHIRA,RUCHIRAEQN,107.45,108.9,108.9,1.45,1.35,1,108,173.0,95.17
ACGL,ACGLEQN,1774.0,1798.0,1798.0,24.0,1.35,1,1798,1961.9,1702.0
GVPTECH,GVPTECHBEN,7.4,7.5,7.5,0.1,1.35,148,1110,11.19,5.22
WEL,WELEQN,69.47,70.4,70.4,0.93,1.34,191,13446,183.53,68.04
DELPHIFX,DELPHIFXBEN,5.22,5.29,5.29,0.07,1.34,1831,9685,18.25,5.19
ASMS,ASMSBEN,6.7,6.79,6.79,0.09,1.34,1526,10361,16.7,6.52
MOGOLD,MOGOLDEQN,148.95,150.95,150.95,2.0,1.34,10,1509,175.0,108.0
BAIDFIN,BAIDFINEQN,10.55,10.69,10.69,0.14,1.33,1,10,12.98,8.8
JSWSTEEL,JSWSTEELEQN,1253.4,1270.1,1270.1,16.7,1.33,17747,22540464,1351.0,1073.2
HONDAPOWER,HONDAPOWEREQN,1934.1,1959.9,1959.9,25.8,1.33,2,3919,2949.0,1816.6
CSM,CSMEQN,102.64,104.0,104.0,1.36,1.33,5724,595296,113.0,76.26
CORDSCABLE,CORDSCABLEEQN,355.3,360.0,360.0,4.7,1.32,76,27360,394.9,127.01
TI,TIEQN,543.85,551.0,551.0,7.15,1.31,9077,5001427,594.55,381.55
RELAXO,RELAXOEQN,313.7,314.25,314.25,4.05,1.31,482,151468,503.95,236.5
PCJEWELLER,PCJEWELLEREQN,12.35,12.51,12.51,0.16,1.3,997636,12480426,15.38,7.47
GOLDTECH,GOLDTECHBEN,41.41,41.95,41.95,0.54,1.3,20,839,72.02,29.68
SAKUMA,SAKUMAEQN,1.54,1.56,1.56,0.02,1.3,5975,9321,3.1,1.1
BSLGOLDETF,BSLGOLDETFEQN,132.57,134.3,134.3,1.73,1.3,101,13564,155.99,95.63
VPRPL,VPRPLEQN,33.35,33.78,33.78,0.43,1.29,750,25335,119.87,23.94
PILITA,PILITAEQN,7.75,7.85,7.85,0.1,1.29,10,78,15.5,6.2
JAYSREETEA,JAYSREETEAEQN,89.74,90.9,90.9,1.16,1.29,629,57176,112.7,70.55
RCF,RCFEQN,109.84,109.9,109.9,1.4,1.29,9540,1048446,157.9,106.0
JAYAGROGN,JAYAGROGNEQN,225.41,228.3,228.3,2.89,1.28,80,18264,265.0,147.26
RAJOOENG,RAJOOENGBEN,53.3,53.98,53.98,0.68,1.28,68,3670,101.99,46.0
EMMVEE,EMMVEEEQN,325.5,328.65,328.65,4.15,1.28,6606,2171061,371.55,171.51
KSE,KSEEQN,177.33,179.6,179.6,2.27,1.28,15,2694,205.0,173.31
ICRA,ICRAEQN,4584.6,4642.6,4642.6,58.0,1.27,8,37140,6982.0,4575.0
PACEDIGITK,PACEDIGITKEQN,153.31,155.26,155.26,1.95,1.27,3452,535957,231.95,139.81
SUNSHINE,SUNSHINEEQN,394.0,399.0,399.0,5.0,1.27,7807,3114993,524.95,326.25
CENTUM,CENTUMEQN,4343.4,4398.0,4398.0,54.6,1.26,30,131940,4450.0,2044.2
IITL,IITLEQN,148.03,149.9,149.9,1.87,1.26,1,149,216.0,108.0
BORORENEW,BORORENEWEQN,449.35,455.0,455.0,5.65,1.26,1000,455000,721.0,374.4
AAREYDRUGS,AAREYDRUGSEQN,101.72,103.0,103.0,1.28,1.26,226,23278,102.96,50.31
IRIS,IRISEQN,237.13,240.1,240.1,2.97,1.25,11,2641,388.1,203.0
IGIL,IGILEQN,314.9,318.8,318.8,3.9,1.24,2690,857572,392.0,287.0
SRHHYPOLTD,SRHHYPOLTDEQN,517.6,521.0,521.0,6.4,1.24,5,2605,619.95,382.4
NUCLEUS,NUCLEUSEQN,691.4,700.0,700.0,8.6,1.24,1008,705600,1084.8,682.0
DREAMFOLKS,DREAMFOLKSEQN,65.17,65.98,65.98,0.81,1.24,2,131,160.0,56.0
UNIINFO,UNIINFOEQN,11.38,11.52,11.52,0.14,1.23,153,1762,18.98,9.36
EPACKPEB,EPACKPEBEQN,222.26,225.0,225.0,2.74,1.23,2778,625050,344.0,132.17
ARCHIES,ARCHIESEQN,12.25,12.4,12.4,0.15,1.22,250,3100,24.38,10.86
REDINGTON,REDINGTONEQN,400.1,405.0,405.0,4.9,1.22,26764,10839420,403.25,191.31
SEJALLTD,SEJALLTDEQN,681.7,690.0,690.0,8.3,1.22,500,345000,1036.7,381.0
NAVKARURB,NAVKARURBBEN,0.83,0.83,0.83,0.01,1.22,1164,966,2.93,0.7
NILAINFRA,NILAINFRAEQN,6.56,6.64,6.64,0.08,1.22,6484,43053,11.55,5.9
FLAIR,FLAIREQN,237.13,239.99,239.99,2.86,1.21,3,719,345.0,228.0
NICCOPAR,NICCOPAREQN,82.0,82.99,82.99,0.99,1.21,20,1659,98.99,72.0
SADBHAV,SADBHAVEQN,7.52,7.61,7.61,0.09,1.2,100,761,14.7,6.05
ATAM,ATAMEQN,59.29,60.0,60.0,0.71,1.2,1,60,111.0,48.5
OCCLLTD,OCCLLTDBEN,154.65,156.5,156.5,1.85,1.2,201,31456,183.03,75.71
M&MFIN,M&MFINEQN,345.7,349.85,349.85,4.15,1.2,5289,1850356,415.0,269.5
MANBA,MANBAEQN,133.76,135.1,135.1,1.59,1.19,306,41340,154.0,98.0
TNPETRO,TNPETROEQN,127.34,128.85,128.85,1.51,1.19,305,39299,146.99,78.67
KABRAEXTRU,KABRAEXTRUEQN,632.75,640.25,640.25,7.5,1.19,391,250337,741.9,180.0
SILVERADD,SILVERADDEQN,21.84,22.1,22.1,0.26,1.19,4001,88422,39.0,12.14
HCL-INSYS,HCL-INSYSEQN,10.08,10.2,10.2,0.12,1.19,275,2805,16.5,9.01
IBULLSLTD,IBULLSLTDEQN,29.65,30.0,30.0,0.35,1.18,82198,2465940,32.5,8.9
ULTRACEMCO,ULTRACEMCOEQN,10764.0,10890.0,10890.0,126.0,1.17,1299,14146110,13110.0,10325.0
SHAREINDIA,SHAREINDIAEQN,218.44,221.0,221.0,2.56,1.17,54707,12090247,219.95,115.36
VENKEYS,VENKEYSEQN,1655.6,1675.0,1675.0,19.4,1.17,112,187600,1814.9,1165.0
SEKURITIND,SEKURITINDEQN,108.72,109.99,109.99,1.27,1.17,27,2969,124.65,105.05
JARO,JAROEQN,471.05,476.55,476.55,5.5,1.17,129,61474,890.0,383.5
UFO,UFOEQN,61.29,62.0,62.0,0.71,1.16,51,3162,92.97,53.75
SINDHUTRAD,SINDHUTRADEQN,23.27,23.54,23.54,0.27,1.16,905,21303,32.74,17.64
DISHTV,DISHTVEQN,2.59,2.62,2.62,0.03,1.16,1197,3136,5.97,1.82
NATIONALUM,NATIONALUMEQN,355.7,359.8,359.8,4.1,1.15,31694,11403501,445.15,198.68
JAYBARMARU,JAYBARMARUEQN,113.4,114.7,114.7,1.3,1.15,43,4932,207.0,74.15
PITTIENG,PITTIENGEQN,1131.1,1144.0,1144.0,12.9,1.14,643,735592,1228.0,675.0
IGARASHI,IGARASHIEQN,428.8,433.7,433.7,4.9,1.14,135,58549,558.0,271.05
KIRLFER,KIRLFEREQN,474.35,479.75,479.75,5.4,1.14,65,31183,513.0,408.0
KAPSTON,KAPSTONEQN,577.3,583.8,583.8,6.5,1.13,64,37363,600.0,162.79
SUVEN,SUVENEQN,349.85,353.8,353.8,3.95,1.13,1422,503103,403.35,124.11
MAHLOG,MAHLOGEQN,389.55,393.95,393.95,4.4,1.13,1,393,450.0,275.05
DEEPA,DEEPAEQN,173.34,175.3,175.3,1.96,1.13,8230,1442719,222.0,164.79
CENTENKA,CENTENKAEQN,564.4,570.75,570.75,6.35,1.13,165,94173,671.65,371.2
VERANDA,VERANDAEQN,214.57,216.98,216.98,2.41,1.12,1100,238678,272.5,130.02
KROSS,KROSSEQN,242.05,244.77,244.77,2.72,1.12,6921,1694053,243.8,150.52
GVT&D,GVT&DEQN,4341.0,4389.8,4389.8,48.8,1.12,1793,7870911,5650.0,2523.2
SEIL,SEILEQN,193.07,195.24,195.24,2.17,1.12,1,195,239.96,172.9
TARSONS,TARSONSEQN,307.8,311.25,311.25,3.45,1.12,176,54780,375.0,164.45
EPL,EPLEQN,231.4,234.0,234.0,2.6,1.12,2536,593424,274.03,176.4
BOROLTD,BOROLTDEQN,253.4,256.25,256.25,2.85,1.12,56,14350,397.95,213.73
BHARATFORG,BHARATFORGEQN,1918.7,1940.1,1940.1,21.4,1.12,8457,16407425,2295.0,1179.0
VSTTILLERS,VSTTILLERSEQN,4201.1,4248.2,4248.2,47.1,1.12,73,310118,6374.0,3950.0
STEELCAS,STEELCASEQN,303.45,306.85,306.85,3.4,1.12,193,59222,364.0,176.02
SIGNPOST,SIGNPOSTEQN,262.15,265.05,265.05,2.9,1.11,40,10602,336.8,191.41
IVZINGOLD,IVZINGOLDEQN,131.1,132.55,132.55,1.45,1.11,38,5036,156.0,94.63
NAHARSPING,NAHARSPINGEQN,275.8,278.85,278.85,3.05,1.11,7,1951,349.0,149.2
SANDHAR,SANDHAREQN,588.25,594.7,594.7,6.45,1.1,106,63038,763.2,424.0
WANBURY,WANBURYEQN,223.65,226.1,226.1,2.45,1.1,2,452,358.85,161.5
GATEWAY,GATEWAYEQN,52.75,53.33,53.33,0.58,1.1,647,34504,66.25,48.1
KHAICHEM,KHAICHEMEQN,49.97,50.52,50.52,0.55,1.1,201,10154,135.1,42.92
ORIENTELEC,ORIENTELECEQN,168.83,170.68,170.68,1.85,1.1,73,12459,217.51,149.05
SCODATUBES,SCODATUBESEQN,123.97,125.33,125.33,1.36,1.1,30,3759,185.07,110.0
ZUARIIND,ZUARIINDEQN,259.3,262.15,262.15,2.85,1.1,10,2621,416.0,210.0
HMT,HMTBZN,60.82,61.49,61.49,0.67,1.1,3,184,72.95,41.0
BMWVENTLTD,BMWVENTLTDEQN,50.22,50.77,50.77,0.55,1.1,579,29395,78.0,48.0
STUDDS,STUDDSEQN,404.35,408.8,408.8,4.45,1.1,116,47420,600.0,402.55
UTIAMC,UTIAMCEQN,898.25,908.0,908.0,9.75,1.09,64,58112,1418.0,866.0
DCMSRIND,DCMSRINDEQN,38.39,38.81,38.81,0.42,1.09,460,17852,181.9,31.9
RELCHEMQ,RELCHEMQEQN,119.21,120.0,120.0,1.29,1.09,200,24000,166.87,105.01
SHREECEM,SHREECEMEQN,21960.0,22200.0,22200.0,240.0,1.09,158,3507600,30285.0,21665.0
MAWANASUG,MAWANASUGEQN,125.54,126.91,126.91,1.37,1.09,388,49241,164.0,75.08
EFCIL,EFCILEQN,177.95,179.89,179.89,1.94,1.09,100,17989,329.26,171.42
SUYOG,SUYOGEQN,664.25,671.5,671.5,7.25,1.09,22,14773,921.15,526.5
RSWM,RSWMBEN,213.63,215.95,215.95,2.32,1.09,100,21595,238.0,120.0
ORIRAIL,ORIRAILEQN,117.94,119.23,119.23,1.29,1.09,2,238,142.0,102.8
MPIMANIPAL,MPIMANIPALEQN,345.15,348.9,348.9,3.75,1.09,9583,3343508,0.0,0.0
LAXMIINDIA,LAXMIINDIAEQN,123.61,124.96,124.96,1.35,1.09,2,249,180.9,71.06
GOLDAXIS,GOLDAXISEQN,125.24,126.6,126.6,1.36,1.09,214,27092,150.0,91.25
HIRECT,HIRECTEQN,1211.9,1225.0,1225.0,13.1,1.08,7,8575,1399.0,565.2
CONTROLPR,CONTROLPREQN,603.5,610.0,610.0,6.5,1.08,411,250710,899.0,517.0
GAJA,GAJAEQN,145.03,145.84,145.84,1.56,1.08,1267,184779,191.65,137.5
UMIYA-MRO,UMIYA-MROEQN,97.95,99.0,99.0,1.05,1.07,50,4950,110.9,70.0
DHARMAJ,DHARMAJEQN,271.1,274.0,274.0,2.9,1.07,27,7398,345.0,210.65
HINDCOPPER,HINDCOPPEREQN,485.5,490.7,490.7,5.2,1.07,57258,28096500,760.05,276.25
BAJFINANCE,BAJFINANCEEQN,1015.0,1025.9,1025.9,10.9,1.07,24354,24984768,1176.4,787.9
IZMO,IZMOEQN,913.25,923.0,923.0,9.75,1.07,425,392275,1374.7,562.0
MYSORPETRO,MYSORPETROBEN,128.02,129.39,129.39,1.37,1.07,124,16044,182.03,111.0
SHRINGARMS,SHRINGARMSEQN,211.74,214.0,214.0,2.26,1.07,226,48364,266.5,166.0
LAMBODHARA,LAMBODHARAEQN,118.74,120.0,120.0,1.26,1.06,2,240,151.96,81.8
PDMJEPAPER,PDMJEPAPEREQN,102.41,103.5,103.5,1.09,1.06,2583,267340,130.0,65.0
SEAMECLTD,SEAMECLTDEQN,1738.5,1757.0,1757.0,18.5,1.06,5,8785,1849.0,771.75
QUICKHEAL,QUICKHEALEQN,152.37,153.98,153.98,1.61,1.06,531,81763,371.4,125.0
AXISCADES,AXISCADESEQN,1852.3,1872.0,1872.0,19.7,1.06,3351,6273072,2211.0,1063.3
JKTYRE,JKTYREEQN,348.55,352.25,352.25,3.7,1.06,1080,380430,611.9,339.55
PTL,PTLEQN,38.09,38.49,38.49,0.4,1.05,1105,42531,43.77,36.1
TRIVENI,TRIVENIEQN,232.45,234.9,234.9,2.45,1.05,4620,1085238,490.1,220.05
HINDZINC,HINDZINCEQN,572.3,578.3,578.3,6.0,1.05,23703,13707444,733.0,445.6
SHIPROCKET,SHIPROCKETEQN,120.93,122.2,122.2,1.27,1.05,16511,2017644,156.9,120.0
CMPDI,CMPDIEQN,205.69,207.85,207.85,2.16,1.05,10085,2096167,283.69,150.16
NTPCGREEN,NTPCGREENEQN,87.58,88.5,88.5,0.92,1.05,13924,1232274,119.95,84.0
MOBIKWIK,MOBIKWIKEQN,198.64,200.7,200.7,2.06,1.04,8015,1608610,308.99,151.46
EMAMILTD,EMAMILTDEQN,376.1,380.0,380.0,3.9,1.04,10439,3966820,614.0,361.15
CHEMCON,CHEMCONBEN,214.77,217.0,217.0,2.23,1.04,49,10633,295.0,125.0
AMBIKCO,AMBIKCOEQN,1568.8,1585.0,1585.0,16.2,1.03,2,3170,1931.0,1101.0
BESTAGRO,BESTAGROEQN,18.42,18.61,18.61,0.19,1.03,1540,28659,34.4,12.3
HDFCGOLD,HDFCGOLDEQN,128.68,130.0,130.0,1.32,1.03,1651,214630,152.3,93.55
VIVIANA,VIVIANAEQN,724.7,732.15,732.15,7.45,1.03,10,7321,1162.5,565.0
PNBGILTS,PNBGILTSEQN,78.5,79.3,79.3,0.8,1.02,337,26724,106.0,58.6
KITEX,KITEXEQN,120.58,121.3,121.3,1.22,1.02,1256,152352,232.7,116.9
XTRANET,XTRANETEQN,302.42,305.49,305.49,3.07,1.02,12203,3727894,308.67,122.5
TRF,TRFEQN,219.49,221.7,221.7,2.21,1.01,15,3325,405.0,210.0
UTTAMSUGAR,UTTAMSUGAREQN,252.4,254.95,254.95,2.55,1.01,106,27024,359.3,181.1
SKFINDUS,SKFINDUSEQN,2940.3,2969.9,2969.9,29.6,1.01,114,338568,3131.0,1994.1
DBREALTY,DBREALTYEQN,94.73,95.69,95.69,0.96,1.01,433,41433,183.9,83.5
PATELRMART,PATELRMARTEQN,202.84,204.89,204.89,2.05,1.01,5,1024,266.0,150.25
BIRLANU,BIRLANUEQN,1381.1,1395.0,1395.0,13.9,1.01,1,1395,2012.4,1190.1
ADVENZYMES,ADVENZYMESEQN,288.1,291.0,291.0,2.9,1.01,1011,294201,419.0,251.95
JNPR,JNPREQN,257.2,259.8,259.8,2.6,1.01,1588,412562,282.0,232.11
ESILVER,ESILVEREQN,226.68,228.98,228.98,2.3,1.01,1,228,375.0,126.0
ALGOQUANT,ALGOQUANTEQN,70.13,70.84,70.84,0.71,1.01,3580,253607,71.85,47.8
CPCAP,CPCAPEQN,141.05,142.46,142.46,1.41,1.0,1000,142460,144.4,73.51
KANPRPLA,KANPRPLAEQN,259.75,262.35,262.35,2.6,1.0,100,26235,283.14,151.25
PFIZER,PFIZEREQN,4014.8,4054.9,4054.9,40.1,1.0,33,133811,5578.5,3955.5
20MICRONS,20MICRONSEQN,205.71,207.77,207.77,2.06,1.0,78,16206,237.45,129.61
EBGNG,EBGNGEQN,661.65,668.25,668.25,6.6,1.0,1627,1087242,712.0,239.0
ARTEMISMED,ARTEMISMEDEQN,330.85,334.15,334.15,3.3,1.0,735,245600,362.0,203.35
SHRIRAMFIN,SHRIRAMFINEQN,995.0,1004.9,1004.9,9.9,0.99,64998,65316490,1153.7,603.15
JSWINFRA,JSWINFRAEQN,326.65,329.9,329.9,3.25,0.99,8386,2766541,355.8,233.42
MAYURUNIQ,MAYURUNIQEQN,750.0,757.4,757.4,7.4,0.99,12,9088,907.0,471.2
AJANTPHARM,AJANTPHARMEQN,3500.5,3535.0,3535.0,34.5,0.99,124,438340,3796.0,2329.9
MAHABANK,MAHABANKEQN,80.8,81.6,81.6,0.8,0.99,38784,3164774,94.5,53.85
KALPATARU,KALPATARUEQN,257.2,259.75,259.75,2.55,0.99,51,13247,410.7,250.0
INFLUX,INFLUXSMN,283.95,286.75,286.75,2.8,0.99,600,172050,315.0,160.6
UTLSOLAR,UTLSOLAREQN,408.95,413.0,413.0,4.05,0.99,1123,463799,494.25,172.0
MUKKA,MUKKABEN,28.28,28.56,28.56,0.28,0.99,1647,47038,33.29,18.27
SSWL,SSWLEQN,348.25,351.65,351.65,3.4,0.98,734,258111,384.15,169.0
TIMETECHNO,TIMETECHNOEQN,174.54,176.25,176.25,1.71,0.98,11790,2077987,249.15,154.0
ESSENTIA,ESSENTIAEQN,1.02,1.03,1.03,0.01,0.98,9955,10253,1.96,0.95
GVPIL,GVPILEQN,624.9,631.0,631.0,6.1,0.98,514,324334,1084.0,270.9
FEDDERSHOL,FEDDERSHOLEQN,52.29,52.8,52.8,0.51,0.98,11104,586291,53.49,32.06
KANOHAR,KANOHAREQN,817.0,825.0,825.0,8.0,0.98,31768,26208600,884.95,685.1
XCHANGING,XCHANGINGEQN,61.8,62.4,62.4,0.6,0.97,500,31200,103.0,47.5
TREL,TRELEQN,29.77,30.06,30.06,0.29,0.97,11650,350199,33.51,21.47
SAWALIYA,SAWALIYASMN,164.4,166.0,166.0,1.6,0.97,600,99600,351.0,137.7
ADVANCE,ADVANCEEQN,111.67,112.75,112.75,1.08,0.97,101,11387,154.0,84.1
DAVANGERE,DAVANGEREEQN,2.06,2.08,2.08,0.02,0.97,28769,59839,5.5,1.74
LAMOSAIC,LAMOSAICSTN,52.3,52.8,52.8,0.5,0.96,600,31680,61.55,20.45
PNGJL,PNGJLEQN,601.15,606.9,606.9,5.75,0.96,43,26096,736.4,503.0
ROSSARI,ROSSARIEQN,440.75,445.0,445.0,4.25,0.96,55,24475,690.3,375.0
VIKASECO,VIKASECOEQN,1.04,1.05,1.05,0.01,0.96,5646,5928,2.11,0.99
EMIL,EMILEQN,185.07,186.85,186.85,1.78,0.96,3962,740299,196.74,84.9
SHUKRAPHAR,SHUKRAPHAREQN,54.24,54.76,54.76,0.52,0.96,4634,253757,58.2,40.06
STALLION,STALLIONBEN,218.7,220.8,220.8,2.1,0.96,39,8611,359.15,99.32
RAJMET,RAJMETEQN,3.12,3.15,3.15,0.03,0.96,12256,38606,5.28,2.72
GANESHBE,GANESHBEBEN,125.2,126.4,126.4,1.2,0.96,1230,155472,135.85,68.4
VETO,VETOBEN,132.53,133.8,133.8,1.27,0.96,526,70378,153.95,82.32
CROWN,CROWNEQN,108.95,109.99,109.99,1.04,0.95,45,4949,177.0,100.11
MUTHOOTFIN,MUTHOOTFINEQN,2770.2,2796.6,2796.6,26.4,0.95,2489,6960737,4149.5,2671.0
SUBEXLTD,SUBEXLTDEQN,19.9,20.09,20.09,0.19,0.95,42703,857903,21.85,6.61
SGMART,SGMARTEQN,712.25,719.0,719.0,6.75,0.95,163,117197,860.6,313.1
ANANTAM,ANANTAMIVN,106.49,107.5,107.5,1.01,0.95,1,107,117.0,100.1
ROSSTECH,ROSSTECHEQN,1357.2,1370.0,1370.0,12.8,0.94,2345,3212650,1426.9,551.9
LAOPALA,LAOPALAEQN,156.13,157.59,157.59,1.46,0.94,1428,225038,259.7,155.0
KNRCON,KNRCONEQN,120.86,122.0,122.0,1.14,0.94,14706,1794132,220.0,108.65
OSWALSEEDS,OSWALSEEDSEQN,13.87,14.0,14.0,0.13,0.94,20,280,20.28,9.66
CYBERTECH,CYBERTECHBEN,141.22,142.55,142.55,1.33,0.94,20,2851,274.8,95.3
NEPHROPLUS,NEPHROPLUSEQN,735.1,742.0,742.0,6.9,0.94,121,89782,781.5,446.0
GOLD1,GOLD1EQN,125.62,126.8,126.8,1.18,0.94,1086,137704,158.0,90.2
TPLPLASTEH,TPLPLASTEHEQN,64.49,65.09,65.09,0.6,0.93,3,195,90.33,50.01
NOVAAGRI,NOVAAGRIEQN,22.49,22.7,22.7,0.21,0.93,30,681,51.99,18.12
MOSCHIP,MOSCHIPEQN,208.06,210.0,210.0,1.94,0.93,20945,4398450,288.45,146.8
MANAPPURAM,MANAPPURAMEQN,316.05,319.0,319.0,2.95,0.93,2748,876612,381.55,245.15
NINSYS,NINSYSEQN,707.9,714.5,714.5,6.6,0.93,1,714,935.0,281.05
ARVINDFASN,ARVINDFASNEQN,425.05,429.0,429.0,3.95,0.93,128,54912,579.0,366.2
VSTIND,VSTINDEQN,204.11,206.0,206.0,1.89,0.93,157,32342,286.78,200.0
SHYAMMETL,SHYAMMETLEQN,1077.0,1087.0,1087.0,10.0,0.93,277,301099,1111.0,746.0
SILVER360,SILVER360EQN,223.42,225.5,225.5,2.08,0.93,14,3157,358.0,123.75
ESTER,ESTEREQN,86.76,87.56,87.56,0.8,0.92,1,87,132.45,68.55
CAMLINFINE,CAMLINFINEEQN,99.63,100.55,100.55,0.92,0.92,499,50174,235.0,96.21
LORDSCHLO,LORDSCHLOEQN,132.78,134.0,134.0,1.22,0.92,1,134,233.0,108.0
HCG,HCGEQN,687.15,693.45,693.45,6.3,0.92,75,52008,796.68,513.3
PONNIERODE,PONNIERODEEQN,353.15,356.4,356.4,3.25,0.92,9,3207,455.0,252.4
MOLBIO,MOLBIOEQN,1285.3,1297.1,1297.1,11.8,0.92,2289,2969061,1686.8,926.35
RADHIKAJWE,RADHIKAJWEBEN,68.12,68.75,68.75,0.63,0.92,17784,1222650,99.65,50.01
SIRCA,SIRCAEQN,406.55,410.25,410.25,3.7,0.91,513,210458,539.0,385.0
INDIGOPNTS,INDIGOPNTSEQN,1098.9,1108.9,1108.9,10.0,0.91,94,104236,1345.9,708.05
IIFL,IIFLEQN,596.55,602.0,602.0,5.45,0.91,5945,3578890,705.0,409.1
BCLIND,BCLINDEQN,33.17,33.12,33.12,0.3,0.91,1650,54648,44.9,25.53
GANESHCP,GANESHCPEQN,164.47,165.97,165.97,1.5,0.91,50,8298,309.95,152.0
PFS,PFSEQN,26.34,26.58,26.58,0.24,0.91,1050,27909,40.5,23.85
DALMIASUG,DALMIASUGEQN,390.5,394.0,394.0,3.5,0.9,160,63040,520.0,261.4
SUNFLAG,SUNFLAGEQN,343.7,346.8,346.8,3.1,0.9,351,121726,428.0,192.15
AIIL,AIILEQN,527.2,531.95,531.95,4.75,0.9,416,221291,683.0,400.0
BLUESTONE,BLUESTONEEQN,831.2,838.7,838.7,7.5,0.9,3901,3271768,926.0,399.8
OSIAHYPER,OSIAHYPERBEN,2.22,2.24,2.24,0.02,0.9,3550,7952,33.08,2.19
VISHNU,VISHNUEQN,709.1,715.5,715.5,6.4,0.9,111,79420,744.0,443.7
EASTWEST,EASTWESTEQN,2.21,2.23,2.23,0.02,0.9,78,173,2.68,2.1
KUANTUM,KUANTUMEQN,76.07,76.75,76.75,0.68,0.89,3,230,121.29,65.01
BIGBLOC,BIGBLOCEQN,39.45,39.8,39.8,0.35,0.89,25,995,80.0,38.0
SFL,SFLEQN,673.0,679.0,679.0,6.0,0.89,445,302155,832.45,456.8
KINGFA,KINGFAEQN,5855.5,5907.0,5907.0,51.5,0.88,7,41349,6347.0,3649.9
JGCHEM,JGCHEMEQN,588.15,593.25,593.25,5.1,0.87,910,539857,675.0,298.4
JAGRAN,JAGRANEQN,61.96,62.5,62.5,0.54,0.87,15,937,78.9,59.5
ACCELYA,ACCELYAEQN,1122.0,1131.8,1131.8,9.8,0.87,56,63380,1527.0,1012.4
BANDHANBNK,BANDHANBNKEQN,171.5,173.0,173.0,1.5,0.87,11267,1949191,220.76,134.25
UTKAL,UTKALSMN,46.1,46.5,46.5,0.4,0.87,4000,186000,66.0,22.6
KNAGRI,KNAGRIEQN,202.24,204.0,204.0,1.76,0.87,1,204,244.0,148.3
GOLDBEES,GOLDBEESEQN,124.43,125.51,125.51,1.08,0.87,42495,5333547,148.14,90.45
AARTISURF,AARTISURFBEN,525.45,530.0,530.0,4.55,0.87,252,133560,677.7,316.0
GHCLTEXTIL,GHCLTEXTILEQN,124.33,125.4,125.4,1.07,0.86,1413,177190,144.59,65.26
KARURVYSYA,KARURVYSYAEQN,331.5,334.35,334.35,2.85,0.86,8569,2865045,358.65,204.8
LUXIND,LUXINDEQN,1042.5,1049.5,1049.5,9.0,0.86,3,3148,1823.35,824.05
ASHAPURMIN,ASHAPURMINEQN,517.6,522.0,522.0,4.4,0.85,101,52722,924.9,455.1
TREJHARA,TREJHARAEQN,135.75,136.9,136.9,1.15,0.85,8,1095,284.85,128.4
SUZLON,SUZLONEQN,42.54,42.9,42.9,0.36,0.85,291762,12516589,61.5,38.19
AGI,AGIEQN,733.75,740.0,740.0,6.25,0.85,150,111000,939.0,465.0
SAIL,SAILEQN,175.01,176.5,176.5,1.49,0.85,20771,3666081,209.7,124.0
BEML,BEMLEQN,2013.3,2030.4,2030.4,17.1,0.85,2684,5449593,2275.75,1355.0
TARIL,TARILEQN,276.0,278.1,278.1,2.35,0.85,3750,1042875,552.0,224.05
IDEA,IDEAEQN,14.22,14.34,14.34,0.12,0.84,2283914,32751326,15.79,7.71
GUJALKALI,GUJALKALIEQN,673.75,661.55,661.55,5.5,0.84,2456,1624766,815.0,409.15
OSWALGREEN,OSWALGREENEQN,19.04,19.2,19.2,0.16,0.84,542,10406,43.79,18.55
SKIPPER,SKIPPEREQN,532.55,537.0,537.0,4.45,0.84,600,322200,616.8,327.05
UNIVCABLES,UNIVCABLESEQN,1438.8,1450.9,1450.9,12.1,0.84,106,153795,1774.9,576.0
GANESHHOU,GANESHHOUEQN,751.65,758.0,758.0,6.35,0.84,250,189500,899.7,500.0
ADVENTHTL,ADVENTHTLEQN,127.04,128.11,128.11,1.07,0.84,143,18319,345.05,120.02
CENTURYPLY,CENTURYPLYEQN,718.95,725.0,725.0,6.05,0.84,6,4350,859.0,618.5
POWERINDIA,POWERINDIAEQN,31230.0,31490.0,31490.0,260.0,0.83,469,14768810,38785.0,16111.0
PRIMESECU,PRIMESECUEQN,294.05,296.5,296.5,2.45,0.83,16,4744,325.0,248.0
NAM-INDIA,NAM-INDIAEQN,1119.0,1128.3,1128.3,9.3,0.83,1131,1276107,1269.5,795.8
MEIL,MEILEQN,270.3,272.55,272.55,2.25,0.83,66,17988,510.0,206.26
JUBLINGREA,JUBLINGREAEQN,633.25,638.5,638.5,5.25,0.83,238,151963,795.0,537.3
GROWW,GROWWEQN,187.44,189.0,189.0,1.56,0.83,160963,30422007,227.2,112.0
RACLGEAR,RACLGEAREQN,1829.0,1844.0,1844.0,15.0,0.82,182,335608,1927.7,900.1
KRISHNADEF,KRISHNADEFEQN,1010.3,1018.6,1018.6,8.3,0.82,34,34632,1400.0,665.0
TIL,TILBEN,249.94,252.0,252.0,2.06,0.82,25,6300,370.0,161.25
JINDWORLD,JINDWORLDEQN,49.0,49.4,49.4,0.4,0.82,8695,429533,61.99,17.85
GROWWGOLD,GROWWGOLDEQN,14.69,14.81,14.81,0.12,0.82,440,6516,18.0,10.73
SADBHIN,SADBHINEQN,2.48,2.5,2.5,0.02,0.81,201,502,4.79,2.06
SGFIN,SGFINEQN,619.9,624.9,624.9,5.0,0.81,88,54991,727.45,323.0
STCINDIA,STCINDIAEQN,111.4,112.3,112.3,0.9,0.81,150,16845,150.7,97.04
GLOBUSSPR,GLOBUSSPREQN,830.75,837.45,837.45,6.7,0.81,55,46059,1252.8,800.05
NEWGEN,NEWGENEQN,489.5,493.4,493.4,3.9,0.8,2196,1083506,1041.95,401.05
BHARATWIRE,BHARATWIREEQN,171.69,173.06,173.06,1.37,0.8,373,64551,262.0,148.01
ASIANENE,ASIANENEEQN,486.2,490.1,490.1,3.9,0.8,215,105371,565.7,230.0
JAYKAY,JAYKAYEQN,157.06,158.32,158.32,1.26,0.8,202,31980,203.43,106.96
BUILDPRO,BUILDPROEQN,1244.9,1254.9,1254.9,10.0,0.8,64,80313,1380.0,636.0
MASTEK,MASTEKEQN,1630.1,1642.9,1642.9,12.8,0.79,424,696589,2547.9,1334.2
PGHH,PGHHEQN,7613.0,7673.5,7673.5,60.5,0.79,6,46041,14509.0,7475.0
JTLIND,JTLINDEQN,87.32,88.01,88.01,0.69,0.79,2987,262885,94.0,40.25
PCBL,PCBLEQN,329.4,332.0,332.0,2.6,0.79,7446,2472072,425.95,226.5
BECTORFOOD,BECTORFOODEQN,220.81,222.55,222.55,1.74,0.79,1721,383008,279.9,165.0
RELIABLE,RELIABLEEQN,136.41,137.44,137.44,1.08,0.79,3,412,175.0,104.74
GKENERGY,GKENERGYEQN,118.98,119.92,119.92,0.94,0.79,462,55403,239.6,87.2
CEMPRO,CEMPROEQN,1255.1,1265.0,1265.0,9.9,0.79,228,288420,1649.2,503.3
GENUSPOWER,GENUSPOWEREQN,303.15,305.0,305.0,2.35,0.78,7663,2337215,363.0,210.4
JUBLFOOD,JUBLFOODEQN,480.2,483.95,483.95,3.75,0.78,2147,1039040,636.0,408.55
INDNIPPON,INDNIPPONEQN,1262.1,1272.0,1272.0,9.9,0.78,58,73776,1564.0,675.0
AVROIND,AVROINDEQN,7.84,7.9,7.9,0.06,0.77,37,292,15.99,7.47
ABB,ABBEQN,7130.5,7185.5,7185.5,55.0,0.77,862,6193901,7924.5,4637.5
AARVI,AARVIEQN,140.82,141.9,141.9,1.08,0.77,1,141,168.4,115.99
JYOTISTRUC,JYOTISTRUCEQN,9.11,9.18,9.18,0.07,0.77,18996,174383,17.42,7.94
MIDHANI,MIDHANIEQN,407.85,411.0,411.0,3.15,0.77,3920,1611120,482.4,266.65
SEPC,SEPCEQN,5.22,5.26,5.26,0.04,0.77,30705,161508,13.73,4.65
VAML,VAMLEQN,404.3,407.4,407.4,3.1,0.77,26365,10741101,537.0,401.15
MVGJL,MVGJLEQN,215.37,217.0,217.0,1.63,0.76,2132,462644,233.99,129.1
BAJAJHLDNG,BAJAJHLDNGEQN,11010.0,11094.0,11094.0,84.0,0.76,26,288444,13880.0,8588.0
LINC,LINCEQN,91.26,91.95,91.95,0.69,0.76,27,2482,133.38,85.01
MANORAMA,MANORAMAEQN,1939.1,1953.9,1953.9,14.8,0.76,127,248145,2149.5,1060.6
INDORAMA,INDORAMAEQN,89.19,89.87,89.87,0.68,0.76,2522,226652,96.5,29.0
TEMBO,TEMBOEQN,56.57,57.0,57.0,0.43,0.76,262,14934,837.0,54.25
VGL,VGLEQN,65.85,66.35,66.35,0.5,0.76,100,6635,92.5,43.7
AVL,AVLEQN,633.25,638.0,638.0,4.75,0.75,126,80388,705.0,436.55
DDEVPLSTIK,DDEVPLSTIKEQN,255.15,255.8,255.8,1.9,0.75,121,30951,360.0,185.15
HDFCAMC,HDFCAMCEQN,2387.7,2405.6,2405.6,17.9,0.75,7493,18025160,2967.25,2205.6
DLINKINDIA,DLINKINDIAEQN,424.6,427.8,427.8,3.2,0.75,126,53902,549.2,367.65
INOXINDIA,INOXINDIAEQN,2014.8,2030.0,2030.0,15.2,0.75,273,554190,2339.5,1068.2
NUVAMA,NUVAMAEQN,1687.4,1700.0,1700.0,12.6,0.75,694,1179800,2066.0,1096.9
HINDOILEXP,HINDOILEXPEQN,180.95,182.3,182.3,1.35,0.75,10572,1927275,201.44,117.5
INDOAMIN,INDOAMINBEN,123.57,124.5,124.5,0.93,0.75,5,622,149.0,81.9
TATAGOLD,TATAGOLDEQN,14.62,14.73,14.73,0.11,0.75,126227,1859323,17.7,10.33
REPCOHOME,REPCOHOMEEQN,346.3,348.9,348.9,2.6,0.75,205,71524,455.9,333.6
HYUNDAI,HYUNDAIEQN,2160.0,2176.0,2176.0,16.0,0.74,1100,2393600,2890.0,1658.0
BLACKBUCK,BLACKBUCKEQN,611.5,616.0,616.0,4.5,0.74,527,324632,748.0,496.0
AEGISVOPAK,AEGISVOPAKEQN,310.7,313.0,313.0,2.3,0.74,14519,4544447,316.0,158.0
TEXMOPIPES,TEXMOPIPESEQN,62.24,62.7,62.7,0.46,0.74,3711,232679,64.5,33.0
HCC,HCCEQN,21.56,21.72,21.72,0.16,0.74,56834,1234434,28.5,13.65
BBTC,BBTCEQN,1399.4,1409.7,1409.7,10.3,0.74,100,140970,2135.0,1314.6
JSLL,JSLLEQN,490.75,494.4,494.4,3.65,0.74,298,147331,849.5,485.1
DECNGOLD,DECNGOLDEQN,217.85,219.47,219.47,1.62,0.74,1754,384950,250.8,114.8
IRB,IRBEQN,18.85,18.99,18.99,0.14,0.74,27618,524465,23.95,18.66
PTCIL,PTCILEQN,22670.0,22835.0,22835.0,165.0,0.73,91,2077985,24125.0,14461.0
KARMAENG,KARMAENGEQN,39.91,40.2,40.2,0.29,0.73,500,20100,73.7,34.38
VIMTALABS,VIMTALABSEQN,599.6,604.0,604.0,4.4,0.73,50,30200,851.0,376.05
LINDEINDIA,LINDEINDIAEQN,6094.5,6139.0,6139.0,44.5,0.73,7,42973,8049.0,5673.0
IREDA,IREDAEQN,108.99,109.79,109.79,0.8,0.73,15617,1714590,163.35,107.4
NETWEB,NETWEBEQN,4578.5,4612.0,4612.0,33.5,0.73,7135,32906620,5813.0,2822.3
DATAMATICS,DATAMATICSEQN,758.35,763.9,763.9,5.55,0.73,101,77153,1010.0,632.0
MONTECARLO,MONTECARLOEQN,554.7,558.7,558.7,4.0,0.72,454,253649,860.95,464.0
VARROC,VARROCEQN,846.15,852.25,852.25,6.1,0.72,878,748275,896.0,462.0
BHARATSE,BHARATSEEQN,209.22,210.72,210.72,1.5,0.72,147,30975,263.18,133.6
NMDC,NMDCEQN,80.8,81.38,81.38,0.58,0.72,31723,2581617,97.49,72.24
NLCINDIA,NLCINDIAEQN,262.3,264.2,264.2,1.9,0.72,4454,1176746,387.8,230.0
SHARDAMOTR,SHARDAMOTREQN,948.35,935.0,935.0,6.65,0.72,528,493680,1189.9,700.0
GOLDCASE,GOLDCASEEQN,23.69,23.86,23.86,0.17,0.72,57894,1381350,27.94,17.05
VOGL,VOGLEQN,34.83,35.08,35.08,0.25,0.72,93601,3283523,47.6,30.42
CMRGREEN,CMRGREENEQN,213.26,214.79,214.79,1.53,0.72,279,59926,268.96,205.25
JUNIPER,JUNIPEREQN,215.44,217.0,217.0,1.56,0.72,83,18011,312.5,188.5
HUBTOWN,HUBTOWNEQN,173.76,175.0,175.0,1.24,0.71,3841,672175,339.0,168.15
LAURUSLABS,LAURUSLABSEQN,1948.1,1962.0,1962.0,13.9,0.71,3964,7777368,1981.8,823.1
MAITHANALL,MAITHANALLEQN,1027.45,1034.7,1034.7,7.25,0.71,176,182107,1210.1,831.2
ICICIPRULI,ICICIPRULIEQN,490.5,494.0,494.0,3.5,0.71,5053,2496182,706.8,455.3
ANTHEM,ANTHEMEQN,927.4,934.0,934.0,6.6,0.71,396,369864,977.55,579.15
GALAPREC,GALAPRECEQN,998.9,1005.9,1005.9,7.0,0.7,57,57336,1260.0,671.2
ORIENTHOT,ORIENTHOTEQN,141.01,142.0,142.0,0.99,0.7,1373,194966,148.8,80.0
CRAMC,CRAMCEQN,234.35,236.0,236.0,1.65,0.7,213,50268,353.4,214.2
WAAREEENER,WAAREEENEREQN,2473.0,2490.1,2490.1,17.1,0.69,941,2343184,3718.8,2403.0
THANGAMAYL,THANGAMAYLEQN,4811.0,4844.0,4844.0,33.0,0.69,101,489244,7430.0,1939.5
LEAPIND,LEAPINDEQN,136.31,137.25,137.25,0.94,0.69,1912,262422,172.29,128.55
KEYFINSERV,KEYFINSERVEQN,246.25,247.95,247.95,1.7,0.69,1,247,382.1,220.0
EIEL,EIELEQN,199.64,201.0,201.0,1.36,0.68,1490,299490,276.1,134.71
SUKHJITS,SUKHJITSEQN,160.71,161.8,161.8,1.09,0.68,101,16341,231.1,137.3
UNOMINDA,UNOMINDAEQN,1205.0,1213.2,1213.2,8.2,0.68,431,522889,1382.0,994.0
FACT,FACTEQN,759.8,764.95,764.95,5.15,0.68,440,336578,1058.6,652.1
GRSE,GRSEEQN,2339.8,2349.0,2349.0,15.9,0.68,1057,2482893,3339.0,1963.7
TANLA,TANLAEQN,495.15,498.5,498.5,3.35,0.68,836,416746,766.0,365.9
JAGSNPHARM,JAGSNPHARMEQN,227.24,228.78,228.78,1.54,0.68,21,4804,264.5,155.0
GOLDADD,GOLDADDEQN,14.63,14.73,14.73,0.1,0.68,11,162,18.1,10.64
QLINE,QLINESMN,722.1,727.0,727.0,4.9,0.68,400,290800,735.0,431.0
GAYAPROJ,GAYAPROJEQN,23.62,23.78,23.78,0.16,0.68,1118,26586,27.33,10.99
ASTRON,ASTRONBZN,2.97,2.99,2.99,0.02,0.67,4,11,16.7,2.86
AEGISLOG,AEGISLOGEQN,1353.8,1362.9,1362.9,9.1,0.67,1609,2192906,1497.8,576.1
OPTIEMUS,OPTIEMUSEQN,610.0,614.0,614.0,4.0,0.66,358,219812,713.0,288.0
KIRIINDUS,KIRIINDUSEQN,535.45,539.0,539.0,3.55,0.66,1095,590205,779.0,333.8
GOLDIETF,GOLDIETFEQN,128.97,129.82,129.82,0.85,0.66,25341,3289768,158.0,93.22
DEVYANI,DEVYANIEQN,138.51,139.43,139.43,0.92,0.66,2739,381898,182.99,91.55
URBANCO,URBANCOEQN,162.81,163.89,163.89,1.08,0.66,15855,2598475,201.18,100.7
MANOMAY,MANOMAYEQN,223.55,225.0,225.0,1.45,0.65,262,58950,259.88,160.25
NIITLTD,NIITLTDEQN,87.31,87.88,87.88,0.57,0.65,1465,128744,114.41,49.0
CAPTRUST,CAPTRUSTBEN,18.48,18.6,18.6,0.12,0.65,1000,18600,34.07,10.98
DRREDDY,DRREDDYEQN,1175.0,1182.6,1182.6,7.6,0.65,7664,9063446,1414.9,1101.0
UNIECOM,UNIECOMEQN,84.45,85.0,85.0,0.55,0.65,1161,98685,152.98,78.51
KRBL,KRBLEQN,395.4,393.45,393.45,2.55,0.65,551,216790,452.8,274.65
SETCO,SETCOBEN,16.99,17.1,17.1,0.11,0.65,105,1795,28.62,11.56
GULFOILLUB,GULFOILLUBEQN,1064.0,1070.9,1070.9,6.9,0.65,26,27843,1326.0,865.0
WELENT,WELENTEQN,778.7,783.8,783.8,5.1,0.65,360,282168,825.0,412.0
ASTEC,ASTECEQN,755.15,760.0,760.0,4.85,0.64,2266,1722160,941.75,513.4
PAR,PARBEN,133.54,134.39,134.39,0.85,0.64,275,36957,180.0,78.05
MARSONS,MARSONSEQN,121.67,122.45,122.45,0.78,0.64,5368,657311,175.4,100.25
LODHA,LODHAEQN,1103.1,1110.2,1110.2,7.1,0.64,9338,10367047,1344.95,650.8
DOLPHIN,DOLPHINEQN,673.7,678.0,678.0,4.3,0.64,171,115938,741.4,322.0
INDGN,INDGNEQN,591.75,595.55,595.55,3.8,0.64,2327,1385844,615.5,414.0
RATNAVEER,RATNAVEEREQN,303.85,305.75,305.75,1.9,0.63,25526,7804574,322.0,130.5
BALMLAWRIE,BALMLAWRIEEQN,162.47,163.5,163.5,1.03,0.63,328,53628,223.79,148.36
AURUM,AURUMEQN,221.11,222.5,222.5,1.39,0.63,58,12905,264.64,151.9
SCHAEFFLER,SCHAEFFLEREQN,3991.0,4016.0,4016.0,25.0,0.63,229,919664,4467.7,3518.4
NESCO,NESCOEQN,1081.5,1088.3,1088.3,6.8,0.63,2,2176,1575.3,996.0
GOKEX,GOKEXEQN,727.55,732.1,732.1,4.55,0.63,168,122992,954.9,531.0
SENCO,SENCOEQN,342.35,344.5,344.5,2.15,0.63,1164,400998,430.0,276.0
VIPCLOTHNG,VIPCLOTHNGEQN,20.6,20.73,20.73,0.13,0.63,5,103,41.2,14.05
APOLLOTYRE,APOLLOTYREEQN,412.15,414.75,414.75,2.6,0.63,2289,949362,540.5,365.3
GNA,GNAEQN,536.55,539.95,539.95,3.4,0.63,257,138767,601.65,295.0
SETFGOLD,SETFGOLDEQN,128.39,129.2,129.2,0.81,0.63,2500,323000,153.95,93.48
WCIL,WCILEQN,95.21,95.8,95.8,0.59,0.62,659,63132,147.29,77.02
PROTEAN,PROTEANEQN,488.95,492.0,492.0,3.05,0.62,53,26076,939.8,444.0
DELTACORP,DELTACORPEQN,56.15,56.5,56.5,0.35,0.62,1867,105485,86.4,48.3
GALAXYSURF,GALAXYSURFEQN,2257.0,2271.0,2271.0,14.0,0.62,67,152157,2648.0,1510.0
JINDALSAW,JINDALSAWEQN,291.2,293.0,293.0,1.8,0.62,2246,658078,320.0,153.0
HITECH,HITECHEQN,73.74,74.2,74.2,0.46,0.62,884,65592,127.5,70.14
WATERBASE,WATERBASEEQN,45.39,45.67,45.67,0.28,0.62,200,9134,54.0,44.11
SHAH,SHAHEQN,3.3,3.32,3.32,0.02,0.61,1764,5856,5.82,2.56
ROLEXRINGS,ROLEXRINGSEQN,169.82,170.86,170.86,1.04,0.61,176,30071,189.4,99.79
SANSERA,SANSERAEQN,4017.5,4042.0,4042.0,24.5,0.61,103,416326,4183.6,1364.2
INDOFARM,INDOFARMEQN,135.07,135.9,135.9,0.83,0.61,652,88606,271.69,110.7
KALYANKJIL,KALYANKJILEQN,581.45,585.0,585.0,3.55,0.61,10090,5902650,648.95,327.05
IFCI,IFCIEQN,77.09,77.56,77.56,0.47,0.61,324378,25158757,107.5,46.23
METROPOLIS,METROPOLISEQN,586.3,589.9,589.9,3.6,0.61,278,163992,609.05,412.25
POKARNA,POKARNAEQN,737.5,742.0,742.0,4.5,0.61,67,49714,1146.2,692.6
RAMRAT,RAMRATEQN,557.6,561.0,561.0,3.4,0.61,2290,1284690,602.45,268.0
POLYPLEX,POLYPLEXEQN,1084.9,1091.5,1091.5,6.6,0.61,1,1091,1264.0,740.0
ARSSBL,ARSSBLEQN,500.55,503.6,503.6,3.05,0.61,51,25683,794.85,416.0
DCMSHRIRAM,DCMSHRIRAMEQN,984.0,990.0,990.0,6.0,0.61,151,149490,1414.4,945.1
MUFIN,MUFINEQN,132.2,132.99,132.99,0.79,0.6,4980,662290,141.5,85.13
SARDAEN,SARDAENEQN,506.95,510.0,510.0,3.05,0.6,356,181560,624.0,453.1
FCL,FCLEQN,52.99,53.31,53.31,0.32,0.6,41133,2192800,62.4,19.1
CIEINDIA,CIEINDIAEQN,385.7,388.0,388.0,2.3,0.6,647,251036,526.0,366.9
KWIL,KWILEQN,39.91,40.15,40.15,0.24,0.6,38586,1549227,50.68,22.24
RUSTOMJEE,RUSTOMJEEEQN,340.95,343.0,343.0,2.05,0.6,20,6860,634.0,331.9
DCXINDIA,DCXINDIAEQN,164.32,165.29,165.29,0.97,0.59,168,27768,284.9,153.3
EUREKAFORB,EUREKAFORBEQN,391.1,393.4,393.4,2.3,0.59,19,7474,668.3,385.0
VOLTAMP,VOLTAMPEQN,10735.0,10798.0,10798.0,63.0,0.59,10,107980,12863.0,6666.0
UGARSUGAR,UGARSUGAREQN,53.41,53.72,53.72,0.31,0.58,129,6929,62.1,33.75
INDUSINDBK,INDUSINDBKEQN,958.2,963.8,963.8,5.6,0.58,3763,3626779,1077.85,710.6
MEDIASSIST,MEDIASSISTEQN,321.15,323.0,323.0,1.85,0.58,38,12274,575.55,293.0
POLYCAB,POLYCABEQN,8208.5,8256.0,8256.0,47.5,0.58,589,4862784,10126.0,6663.0
INDOMIM,INDOMIMEQN,993.2,999.0,999.0,5.8,0.58,7402,7394598,1028.5,700.0
MBEL,MBELEQN,251.4,252.85,252.85,1.45,0.58,180,45513,535.9,223.05
GOLDETF,GOLDETFEQN,146.44,147.29,147.29,0.85,0.58,707,104134,173.5,106.34
VEDPOWER,VEDPOWEREQN,31.01,31.19,31.19,0.18,0.58,41153,1283562,49.88,30.76
QUESS,QUESSEQN,353.0,355.0,355.0,2.0,0.57,452,160460,388.75,166.3
GFLLIMITED,GFLLIMITEDEQN,55.7,56.02,56.02,0.32,0.57,10,560,81.0,37.25
TECHNOE,TECHNOEEQN,984.7,990.3,990.3,5.6,0.57,266,263419,1460.0,870.0
TVSMOTOR,TVSMOTOREQN,4101.7,4125.0,4125.0,23.3,0.57,875,3609375,4484.5,3228.0
SPIC,SPICEQN,66.92,67.3,67.3,0.38,0.57,2396,161250,106.6,55.1
VIYASH,VIYASHEQN,244.5,245.9,245.9,1.4,0.57,3812,937370,298.0,178.13
ACUTAAS,ACUTAASEQN,3315.1,3334.0,3334.0,18.9,0.57,623,2077082,3740.0,1302.0
FRACTAL,FRACTALEQN,750.75,755.0,755.0,4.25,0.57,570,430350,1118.0,733.7
JPOLYINVST,JPOLYINVSTEQN,982.25,987.8,987.8,5.55,0.57,11,10865,1487.7,852.1
GARUDA,GARUDAEQN,174.82,175.8,175.8,0.98,0.56,1278,224672,249.3,130.0
ACE,ACEEQN,1205.6,1212.3,1212.3,6.7,0.56,3048,3695090,1213.2,745.1
BFUTILITIE,BFUTILITIEEQN,521.05,523.95,523.95,2.9,0.56,45,23577,898.7,368.7
ADANIPORTS,ADANIPORTSEQN,1738.3,1748.0,1748.0,9.7,0.56,3694,6457112,1891.1,1292.0
CONFIPET,CONFIPETEQN,86.76,87.25,87.25,0.49,0.56,2402,209574,91.65,28.06
GLOBE,GLOBEEQN,1.78,1.79,1.79,0.01,0.56,373,667,3.29,1.75
INDIAGLYCO,INDIAGLYCOEQN,248.7,250.1,250.1,1.4,0.56,250,62525,1222.0,217.0
IOC,IOCEQN,134.27,135.02,135.02,0.75,0.56,30571,4127696,188.96,130.22
ALKEM,ALKEMEQN,5348.5,5378.5,5378.5,30.0,0.56,546,2936661,5933.5,5051.0
GENESYS,GENESYSEQN,284.42,286.0,286.0,1.58,0.56,1559,445874,416.33,134.73
MEESHO,MEESHOEQN,207.31,208.48,208.48,1.17,0.56,32239,6721186,254.4,125.56
LASERPOWER,LASERPOWEREQN,269.0,270.5,270.5,1.5,0.56,996,269418,343.5,250.0
GOCOLORS,GOCOLORSEQN,308.1,309.8,309.8,1.7,0.55,535,165743,744.0,237.05
MINDACORP,MINDACORPEQN,681.25,685.0,685.0,3.75,0.55,202,138370,769.0,468.5
SHANTIGEAR,SHANTIGEAREQN,677.6,681.3,681.3,3.7,0.55,145,98788,743.0,384.0
SPLPETRO,SPLPETROEQN,807.0,811.4,811.4,4.4,0.55,51,41381,979.0,462.3
JWL,JWLEQN,231.23,232.5,232.5,1.27,0.55,2019,469417,358.25,225.65
QPOWER,QPOWEREQN,1489.8,1498.0,1498.0,8.2,0.55,3304,4949392,1570.0,581.0
OSWALPUMPS,OSWALPUMPSEQN,273.3,274.8,274.8,1.5,0.55,397,109095,802.95,266.45
HARDWYN,HARDWYNEQN,9.07,9.12,9.12,0.05,0.55,736,6712,20.2,7.61
KPL,KPLEQN,3452.1,3471.2,3471.2,19.1,0.55,96,333235,3798.9,1561.0
ABINFRA,ABINFRABEN,11.02,11.08,11.08,0.06,0.54,5001,55411,23.56,8.82
INDIANB,INDIANBEQN,840.5,845.0,845.0,4.5,0.54,2187,1848015,1000.9,693.95
TDPOWERSYS,TDPOWERSYSEQN,722.1,726.0,726.0,3.9,0.54,4301,3122526,817.55,262.6
KERNEX,KERNEXEQN,1722.6,1731.9,1731.9,9.3,0.54,609,1054727,2580.0,850.0
BANKBARODA,BANKBARODAEQN,232.3,233.56,233.56,1.26,0.54,11955,2792209,325.5,232.1
PIDILITIND,PIDILITINDEQN,1551.5,1559.9,1559.9,8.4,0.54,1511,2357008,1707.5,1259.0
NAZARA,NAZARAEQN,362.55,364.5,364.5,1.95,0.54,1570,572265,380.0,215.7
GNRL,GNRLEQN,101.05,101.6,101.6,0.55,0.54,201,20421,120.9,83.2
PARKHOSPS,PARKHOSPSEQN,277.9,279.4,279.4,1.5,0.54,108,30175,305.0,138.1
MARUSHIKA,MARUSHIKASMN,119.3,119.95,119.95,0.65,0.54,1200,143940,123.0,78.1
ALIVUS,ALIVUSEQN,1387.8,1395.1,1395.1,7.3,0.53,14,19531,1493.8,819.0
KRISHANA,KRISHANAEQN,182.04,183.0,183.0,0.96,0.53,215,39345,206.39,86.2
MAHSEAMLES,MAHSEAMLESEQN,720.2,724.0,724.0,3.8,0.53,1779,1287996,738.6,500.7
PRAKASH,PRAKASHEQN,116.98,117.6,117.6,0.62,0.53,412,48451,177.0,110.24
VIKRAMSOLR,VIKRAMSOLREQN,163.37,164.24,164.24,0.87,0.53,4102,673712,355.7,155.38
INDOTECH,INDOTECHEQN,3411.4,3429.0,3429.0,17.6,0.52,7,24003,4030.0,1100.0
MGEL,MGELEQN,15.52,15.6,15.6,0.08,0.52,1711,26691,18.4,9.53
SUMMITSEC,SUMMITSECEQN,1384.8,1392.0,1392.0,7.2,0.52,17,23664,2495.0,1312.0
ECOSMOBLTY,ECOSMOBLTYEQN,106.89,107.45,107.45,0.56,0.52,55,5909,293.85,103.94
GODREJPROP,GODREJPROPEQN,1678.2,1686.9,1686.9,8.7,0.52,342,576919,2352.0,1434.0
JISLDVREQS,JISLDVREQSEQN,21.18,21.29,21.29,0.11,0.52,501,10666,35.48,18.5
INTERARCH,INTERARCHEQN,1692.2,1701.0,1701.0,8.8,0.52,1,1701,2762.6,1600.0
MARKSANS,MARKSANSEQN,319.7,321.35,321.35,1.65,0.52,5813,1868007,349.95,155.0
BATAINDIA,BATAINDIAEQN,636.65,639.95,639.95,3.3,0.52,305,195184,1280.9,605.0
APOLLO,APOLLOEQN,378.25,380.2,380.2,1.95,0.52,34155,12985731,466.5,179.5
ATLANTAELE,ATLANTAELEEQN,1633.3,1641.8,1641.8,8.5,0.52,127,208508,2152.6,707.6
ABREL,ABRELEQN,1257.4,1264.0,1264.0,6.6,0.52,60,75840,1965.3,1080.1
HINDPETRO,HINDPETROEQN,350.6,352.4,352.4,1.8,0.51,2918,1028303,508.45,316.2
KEC,KECEQN,401.95,404.0,404.0,2.05,0.51,1029,415716,937.8,389.15
BALUFORGE,BALUFORGEEQN,501.6,504.0,504.0,2.55,0.51,2163,1090152,692.0,341.05
GSFC,GSFCEQN,152.27,153.05,153.05,0.78,0.51,2119,324312,212.9,138.83
TATAELXSI,TATAELXSIEQN,3381.8,3399.0,3399.0,17.2,0.51,385,1308615,5950.0,3343.5
IOLCP,IOLCPEQN,197.49,198.5,198.5,1.01,0.51,10967,2176949,219.04,67.19
AGSTRA,AGSTRABZN,1.95,1.96,1.96,0.01,0.51,176,344,5.44,1.85
MAHSCOOTER,MAHSCOOTEREQN,13151.0,13217.0,13217.0,66.0,0.5,10,132170,18462.0,10901.0
INFOBEAN,INFOBEANEQN,150.41,151.16,151.16,0.75,0.5,475,71801,257.5,116.5
ALLDIGI,ALLDIGIEQN,784.55,788.5,788.5,3.95,0.5,2,1577,1000.0,700.0
SAILIFE,SAILIFEEQN,1545.7,1553.4,1553.4,7.7,0.5,614,953787,1697.0,783.85
IPL,IPLEQN,138.69,139.38,139.38,0.69,0.5,1499,208930,240.25,125.0
LTTS,LTTSEQN,3324.3,3340.9,3340.9,16.6,0.5,46,153681,4726.0,3010.0
UNIMECH,UNIMECHEQN,1570.6,1578.5,1578.5,7.9,0.5,172,271502,1652.8,695.0
RKFORGE,RKFORGEEQN,705.45,709.0,709.0,3.55,0.5,1109,786281,772.8,460.15
RAJRATAN,RAJRATANEQN,438.1,440.3,440.3,2.2,0.5,641,282232,563.95,305.55
BANCOINDIA,BANCOINDIAEQN,593.05,596.0,596.0,2.95,0.5,420,250320,879.8,502.0
KMEW,KMEWEQN,2828.1,2842.3,2842.3,14.2,0.5,214,608252,3175.0,1084.6
GABRIEL,GABRIELEQN,1283.7,1290.1,1290.1,6.4,0.5,275,354777,1600.0,795.7
WELCORP,WELCORPEQN,2460.3,2472.6,2472.6,12.3,0.5,1601,3958632,2784.8,710.0
GLOBAL,GLOBALEQN,127.17,127.8,127.8,0.63,0.5,10,1278,133.9,55.3
IDBI,IDBIEQN,81.89,82.3,82.3,0.41,0.5,31171,2565373,118.38,61.01
DMCC,DMCCEQN,261.7,263.0,263.0,1.3,0.5,20,5260,332.9,191.35
ACCENTMIC,ACCENTMICSMN,679.05,682.45,682.45,3.4,0.5,500,341225,731.7,238.0
BPCL,BPCLEQN,307.0,308.55,308.55,1.55,0.5,10089,3112960,391.65,266.6
SMSPHARMA,SMSPHARMAEQN,413.75,415.8,415.8,2.05,0.5,312,129729,482.0,242.25
NOCIL,NOCILEQN,186.36,187.3,187.3,0.94,0.5,586,109757,204.5,125.31
VESUVIUS,VESUVIUSEQN,400.0,402.0,402.0,2.0,0.5,76,30552,607.9,391.6
NGLFINE,NGLFINEEQN,2715.3,2728.8,2728.8,13.5,0.5,1,2728,3602.0,1271.0
MILKYMIST,MILKYMISTEQN,274.76,276.13,276.13,1.37,0.5,7677,2119850,304.7,165.0
WPIL,WPILEQN,442.4,444.6,444.6,2.2,0.5,5,2223,510.35,383.55
OMPOWER,OMPOWEREQN,166.7,167.53,167.53,0.83,0.5,158,26469,206.0,158.01
HTMEDIA,HTMEDIAEQN,24.0,24.12,24.12,0.12,0.5,41,988,31.3,17.52
WAAREEINDO,WAAREEINDOEQN,258.8,260.1,260.1,1.3,0.5,215,55921,725.0,241.1
GMRAIRPORT,GMRAIRPORTEQN,95.04,95.51,95.51,0.47,0.49,23210,2216787,115.64,84.11
ANUHPHR,ANUHPHREQN,93.68,94.14,94.14,0.46,0.49,359,33796,99.5,67.0
WABAG,WABAGEQN,2074.8,2085.0,2085.0,10.2,0.49,548,1142580,2319.0,1033.0
RBLBANK,RBLBANKEQN,404.15,406.15,406.15,2.0,0.49,976,396402,420.4,261.6
LICHSGFIN,LICHSGFINEQN,545.9,548.6,548.6,2.7,0.49,542,297341,598.2,458.9
ZENTEC,ZENTECEQN,1681.7,1690.0,1690.0,8.3,0.49,299,505310,2043.7,1223.0
BEL,BELEQN,395.45,397.4,397.4,1.95,0.49,96645,38406723,473.45,380.45
AMBER,AMBEREQN,7046.0,7080.5,7080.5,34.5,0.49,91,644325,8974.0,5400.5
UMESLTD,UMESLTDEQN,4.08,4.1,4.1,0.02,0.49,15,61,7.14,3.88
DIFFNKG,DIFFNKGEQN,435.85,438.0,438.0,2.15,0.49,115,50370,519.9,216.8
PETRONET,PETRONETEQN,283.45,284.85,284.85,1.4,0.49,3128,891010,326.4,235.35
IMAGICAA,IMAGICAAEQN,51.18,51.43,51.43,0.25,0.49,2589,133152,62.0,36.84
PNGSREVA,PNGSREVAEQN,489.4,491.8,491.8,2.4,0.49,38,18688,644.0,324.25
SURAJEST,SURAJESTEQN,177.39,178.25,178.25,0.86,0.48,228,40641,319.0,165.0
SIEMENS,SIEMENSEQN,3763.5,3781.4,3781.4,17.9,0.48,433,1637346,4149.4,2826.0
PRESTIGE,PRESTIGEEQN,1440.1,1447.0,1447.0,6.9,0.48,771,1115637,1805.2,1090.0
HSCL,HSCLEQN,653.35,656.5,656.5,3.15,0.48,3324,2182206,819.5,418.5
METROBRAND,METROBRANDEQN,950.45,955.0,955.0,4.55,0.48,60,57300,1340.4,883.0
ABBOTINDIA,ABBOTINDIAEQN,25910.0,26035.0,26035.0,125.0,0.48,6,156210,31355.0,25135.0
RAILTEL,RAILTELEQN,259.25,260.5,260.5,1.25,0.48,2109,549394,412.9,245.0
TAJGVK,TAJGVKEQN,333.4,335.0,335.0,1.6,0.48,24,8040,450.0,281.35
IRISDOREME,IRISDOREMEEQN,62.55,62.85,62.85,0.3,0.48,1286,80825,65.0,26.35
AUGMONT,AUGMONTEQN,811.1,815.0,815.0,3.9,0.48,1755,1430325,1019.8,806.05
SHIVAUM,SHIVAUMEQN,468.05,470.3,470.3,2.25,0.48,1,470,484.9,275.0
MANIPALHOS,MANIPALHOSEQN,721.55,725.0,725.0,3.45,0.48,852,617700,815.0,625.45
JSWCEMENT,JSWCEMENTEQN,116.64,117.2,117.2,0.56,0.48,3318,388869,152.9,106.65
LCL,LCLEQN,524.95,527.45,527.45,2.5,0.48,164,86501,604.7,461.0
GMMPFAUDLR,GMMPFAUDLREQN,1363.4,1370.0,1370.0,6.6,0.48,859,1176830,1384.8,735.0
DHAMPURSUG,DHAMPURSUGEQN,151.72,152.45,152.45,0.73,0.48,264,40246,199.92,110.0
BBOX,BBOXEQN,766.4,770.0,770.0,3.6,0.47,869,669130,1103.0,444.3
ENGINERSIN,ENGINERSINEQN,263.75,265.0,265.0,1.25,0.47,8591,2276615,289.65,163.55
BHARATRAS,BHARATRASEQN,1164.0,1169.5,1169.5,5.5,0.47,5,5847,2987.5,1101.0
BIRLACORPN,BIRLACORPNEQN,811.15,815.0,815.0,3.85,0.47,132,107580,1346.1,769.6
SURYAROSNI,SURYAROSNIEQN,209.97,210.95,210.95,0.98,0.47,1730,364943,314.5,187.35
VAIBHAVGBL,VAIBHAVGBLEQN,211.35,212.35,212.35,1.0,0.47,660,140151,293.25,174.13
MCL,MCLEQN,54.74,55.0,55.0,0.26,0.47,242,13310,93.2,42.0
LLOYDSME,LLOYDSMEEQN,1799.3,1807.8,1807.8,8.5,0.47,196,354328,2125.0,1042.9
KSL,KSLEQN,970.55,975.0,975.0,4.45,0.46,130,126750,1002.8,574.0
TFCILTD,TFCILTDEQN,139.06,139.7,139.7,0.64,0.46,6447,900645,147.65,51.0
PNB,PNBEQN,116.47,117.0,117.0,0.53,0.46,16678,1951326,135.15,98.5
MONARCH,MONARCHEQN,367.8,369.5,369.5,1.7,0.46,46,16997,406.95,235.45
NELCO,NELCOEQN,965.25,969.55,969.55,4.3,0.45,1017,986032,1120.0,500.1
MPSLTD,MPSLTDEQN,2571.5,2583.0,2583.0,11.5,0.45,3,7749,2979.0,1336.1
KPIGREEN,KPIGREENEQN,278.75,280.0,280.0,1.25,0.45,1239,346920,542.25,271.9
HATSUN,HATSUNEQN,1181.6,1186.9,1186.9,5.3,0.45,2,2373,1349.7,855.3
NAVINFLUOR,NAVINFLUOREQN,8220.0,8257.0,8257.0,37.0,0.45,184,1519288,8949.5,4498.5
VIKRAN,VIKRANEQN,56.0,56.25,56.25,0.25,0.45,2524,141975,118.4,51.1
JLHL,JLHLEQN,277.75,279.0,279.0,1.25,0.45,81,22599,340.0,235.6
GILLETTE,GILLETTEEQN,7307.0,7340.0,7340.0,33.0,0.45,24,176160,10553.0,7180.0
LENSKART,LENSKARTEQN,679.95,683.0,683.0,3.05,0.45,3216,2196528,703.5,356.1
GHCL,GHCLEQN,420.1,422.0,422.0,1.9,0.45,142,59924,667.2,415.0
ELANTAS,ELANTASEQN,13686.0,13747.0,13747.0,61.0,0.45,2,27494,14890.0,8900.0
BANKINDIA,BANKINDIAEQN,138.17,138.78,138.78,0.61,0.44,10614,1473010,178.36,116.0
SWSOLAR,SWSOLAREQN,179.22,180.0,180.0,0.78,0.44,3807,685260,272.8,148.0
SOLARWORLD,SOLARWORLDEQN,133.78,134.37,134.37,0.59,0.44,348,46760,388.5,128.16
MACPOWER,MACPOWEREQN,1921.6,1930.1,1930.1,8.5,0.44,110,212311,2050.0,761.0
GOCLCORP,GOCLCORPEQN,456.15,458.15,458.15,2.0,0.44,3534,1619102,459.9,223.35
SMLMAH,SMLMAHEQN,6220.5,6248.0,6248.0,27.5,0.44,35,218680,6654.0,2719.0
E2E,E2EBEN,604.4,607.05,607.05,2.65,0.44,4674,2837351,698.0,183.36
NORTHARC,NORTHARCEQN,310.55,311.9,311.9,1.35,0.43,1509,470657,334.0,206.0
SKMEGGPROD,SKMEGGPRODEQN,231.9,232.9,232.9,1.0,0.43,58,13508,372.0,143.1
ITCHOTELS,ITCHOTELSEQN,154.33,154.99,154.99,0.66,0.43,2514,389644,246.0,137.3
LMW,LMWEQN,18170.0,18249.0,18249.0,79.0,0.43,2,36498,20151.0,11920.0
PRECAM,PRECAMEQN,113.34,113.83,113.83,0.49,0.43,336,38246,224.99,103.98
MBAPL,MBAPLEQN,163.9,164.6,164.6,0.7,0.43,497,81806,174.94,74.63
HGS,HGSEQN,386.35,383.0,383.0,1.65,0.43,23,8809,545.0,342.05
GAEL,GAELEQN,159.41,160.1,160.1,0.69,0.43,134,21453,184.99,101.2
LXCHEM,LXCHEMEQN,179.23,180.0,180.0,0.77,0.43,8764,1577520,224.91,107.6
JKIL,JKILEQN,475.55,477.6,477.6,2.05,0.43,151,72117,672.0,425.0
BASF,BASFEQN,3601.6,3617.0,3617.0,15.4,0.43,1,3617,4829.9,3122.2
UTKARSHBNK,UTKARSHBNKEQN,14.05,14.11,14.11,0.06,0.43,15466,218225,22.03,10.12
LGEINDIA,LGEINDIAEQN,1652.9,1660.0,1660.0,7.1,0.43,151,250660,1755.0,1304.1
TECHNOCRAF,TECHNOCRAFEQN,439.15,441.05,441.05,1.9,0.43,3288,1450172,459.8,284.0
PDSL,PDSLEQN,345.45,346.95,346.95,1.5,0.43,189,65573,418.5,246.05
KAMAHOLD,KAMAHOLDEQN,2278.8,2288.7,2288.7,9.9,0.43,1,2288,2783.9,2240.0
AGL,AGLEQN,13.88,13.94,13.94,0.06,0.43,3337,46517,22.0,12.03
CCAVENUE,CCAVENUEEQN,16.32,16.39,16.39,0.07,0.43,44837,734878,20.5,12.92
DODLA,DODLAEQN,1049.6,1054.0,1054.0,4.4,0.42,32,33728,1475.0,964.1
GPTHEALTH,GPTHEALTHEQN,163.61,164.3,164.3,0.69,0.42,530,87079,175.0,115.0
RAYMONDREL,RAYMONDRELEQN,584.55,587.0,587.0,2.45,0.42,1131,663897,734.9,349.0
IDEAFORGE,IDEAFORGEEQN,717.95,721.0,721.0,3.05,0.42,258,186018,992.25,366.0
MANYAVAR,MANYAVAREQN,567.6,570.0,570.0,2.4,0.42,121,68970,779.0,329.2
PHOENIXLTD,PHOENIXLTDEQN,1872.2,1880.0,1880.0,7.8,0.42,84,157920,2169.8,1465.6
BSOFT,BSOFTEQN,283.8,285.0,285.0,1.2,0.42,1173,334305,474.0,270.2
DATAPATTNS,DATAPATTNSEQN,4411.1,4429.7,4429.7,18.6,0.42,1987,8801813,5000.0,2131.0
BOMDYEING,BOMDYEINGEQN,107.55,108.0,108.0,0.45,0.42,2503,270324,189.0,92.0
INDIASHLTR,INDIASHLTREQN,670.2,673.0,673.0,2.8,0.42,6,4038,924.0,620.15
SYMBIOTEC,SYMBIOTECEQN,1045.6,1050.0,1050.0,4.4,0.42,847,889350,1193.7,934.2
TRANSRAILL,TRANSRAILLEQN,410.2,411.9,411.9,1.7,0.41,526,216659,800.9,400.65
GODREJAGRO,GODREJAGROEQN,653.6,656.3,656.3,2.7,0.41,243,159480,740.0,506.1
SBC,SBCEQN,48.25,48.45,48.45,0.2,0.41,1649,79894,49.38,21.03
CEIGALL,CEIGALLEQN,390.0,391.6,391.6,1.6,0.41,1277,500073,405.7,222.61
LATENTVIEW,LATENTVIEWEQN,255.0,256.05,256.05,1.05,0.41,346,88593,517.5,248.0
BALPHARMA,BALPHARMAEQN,102.46,102.88,102.88,0.42,0.41,163,16769,124.6,60.0
EMSLIMITED,EMSLIMITEDEQN,364.5,364.5,364.5,1.5,0.41,328,119556,589.9,256.05
INDIANHUME,INDIANHUMEEQN,354.85,356.3,356.3,1.45,0.41,18,6413,432.0,279.8
BCG,BCGEQN,9.86,9.9,9.9,0.04,0.41,23966,237263,15.58,7.7
SPORTKING,SPORTKINGEQN,200.53,201.35,201.35,0.82,0.41,507,102084,241.51,78.17
CUPID,CUPIDEQN,279.15,280.3,280.3,1.15,0.41,19090,5350927,299.0,40.5
ABLBL,ABLBLEQN,82.41,82.75,82.75,0.34,0.41,1538,127269,150.79,81.88
CGPOWER,CGPOWEREQN,880.0,883.65,883.65,3.65,0.41,7222,6381720,980.9,525.5
CANFINHOME,CANFINHOMEEQN,774.4,777.6,777.6,3.2,0.41,109,84758,971.5,738.3
BLUECLOUDS,BLUECLOUDSEQN,19.57,19.65,19.65,0.08,0.41,6144,120729,24.5,18.85
CARTRADE,CARTRADEEQN,2938.0,2949.9,2949.9,11.9,0.41,240,707976,3290.5,1600.0
CLEANMAX,CLEANMAXEQN,1291.1,1296.4,1296.4,5.3,0.41,24,31113,1536.0,727.1
FLUOROCHEM,FLUOROCHEMEQN,4471.8,4490.0,4490.0,18.2,0.41,81,363690,4958.9,2916.6
BLEL,BLELEQN,436.1,437.9,437.9,1.8,0.41,874,382724,548.0,415.0
GRANULES,GRANULESEQN,870.4,874.0,874.0,3.6,0.41,2038,1781212,923.65,510.55
MOKSH,MOKSHEQN,9.95,9.99,9.99,0.04,0.4,181,1808,16.65,8.11
RAYMONDLSL,RAYMONDLSLEQN,657.25,659.9,659.9,2.65,0.4,285,188071,1349.0,628.25
EICHERMOT,EICHERMOTEQN,7493.5,7523.5,7523.5,30.0,0.4,272,2046392,8230.0,6442.0
KPIL,KPILEQN,1399.3,1404.9,1404.9,5.6,0.4,156,219164,1479.6,1007.1
HINDUNILVR,HINDUNILVREQN,1942.2,1950.0,1950.0,7.8,0.4,2230,4348500,2667.2,1926.2
SHAILY,SHAILYEQN,3107.2,3119.5,3119.5,12.3,0.4,305,951447,3615.2,1770.9
BLUEJET,BLUEJETEQN,568.2,570.45,570.45,2.25,0.4,59,33656,715.15,325.0
NIITMTS,NIITMTSEQN,224.6,225.5,225.5,0.9,0.4,14,3157,443.9,203.3
IVALUE,IVALUEEQN,228.08,229.0,229.0,0.92,0.4,10,2290,340.0,207.35
CROMPTON,CROMPTONEQN,225.1,226.0,226.0,0.9,0.4,623,140798,319.0,217.4
KNACK,KNACKEQN,184.16,184.9,184.9,0.74,0.4,5025,929122,222.0,171.1
VMSTMT,VMSTMTEQN,50.3,50.5,50.5,0.2,0.4,1500,75750,105.0,33.5
MOIL,MOILEQN,243.06,244.0,244.0,0.94,0.39,974,237656,404.9,234.06
SCHNEIDER,SCHNEIDEREQN,1201.9,1206.6,1206.6,4.7,0.39,99,119453,1548.0,571.85
RIIL,RIILEQN,700.25,703.0,703.0,2.75,0.39,28,19684,964.0,617.35
PRINCEPIPE,PRINCEPIPEEQN,258.7,259.7,259.7,1.0,0.39,433,112450,352.2,205.0
RAYMOND,RAYMONDEQN,978.2,982.0,982.0,3.8,0.39,3914,3843548,1122.0,320.0
WENDT,WENDTEQN,8765.0,8799.0,8799.0,34.0,0.39,11,96789,9839.0,5841.5
TATACAP,TATACAPEQN,343.65,345.0,345.0,1.35,0.39,1395,481275,390.2,296.0
MIDWESTLTD,MIDWESTLTDEQN,976.2,980.0,980.0,3.8,0.39,1047,1026060,1859.9,951.0
GOLDBETA,GOLDBETAEQN,126.85,127.35,127.35,0.5,0.39,1084,138047,149.35,91.8
MADRASFERT,MADRASFERTEQN,61.16,61.4,61.4,0.24,0.39,6,368,93.49,52.56
NRBBEARING,NRBBEARINGEQN,472.2,474.0,474.0,1.8,0.38,177,83898,519.0,212.55
BHARTIARTL,BHARTIARTLEQN,1836.0,1843.0,1843.0,7.0,0.38,51119,94212317,2174.5,1740.5
TTKHLTCARE,TTKHLTCAREEQN,1049.0,1053.0,1053.0,4.0,0.38,7,7371,1247.0,735.0
PVRINOX,PVRINOXEQN,1272.7,1277.5,1277.5,4.8,0.38,684,873810,1284.5,907.4
PGHL,PGHLEQN,5434.5,5455.0,5455.0,20.5,0.38,12,65460,6975.0,4707.0
DENORA,DENORAEQN,784.85,787.85,787.85,3.0,0.38,50,39392,960.35,559.0
NSLNISP,NSLNISPEQN,41.64,41.8,41.8,0.16,0.38,6533,273079,53.75,33.01
GOKULAGRO,GOKULAGROEQN,218.17,219.0,219.0,0.83,0.38,1292,282948,259.8,151.0
IKIO,IKIOEQN,205.83,206.62,206.62,0.79,0.38,264,54547,238.8,103.53
HUDCO,HUDCOEQN,169.55,170.2,170.2,0.65,0.38,1939,330017,246.85,159.0
AXITA,AXITAEQN,7.99,8.02,8.02,0.03,0.38,6848,54920,12.2,6.57
POWERICA,POWERICAEQN,556.7,558.8,558.8,2.1,0.38,295,164846,676.95,365.1
KAYA,KAYABEN,324.8,326.0,326.0,1.2,0.37,20,6520,487.9,224.01
TARC,TARCEQN,130.69,131.18,131.18,0.49,0.37,1000,131180,186.3,109.1
SANDUMA,SANDUMAEQN,182.53,183.2,183.2,0.67,0.37,1197,219290,273.0,156.0
KTKBANK,KTKBANKEQN,313.9,315.05,315.05,1.15,0.37,1530,482026,345.9,170.0
MARICO,MARICOEQN,817.0,820.05,820.05,3.05,0.37,3750,3075187,889.1,690.3
SCI,SCIEQN,270.0,271.0,271.0,1.0,0.37,4556,1234676,368.75,195.55
DOLLAR,DOLLAREQN,267.0,268.0,268.0,1.0,0.37,298,79864,396.0,220.5
ADOR,ADOREQN,1564.3,1570.1,1570.1,5.8,0.37,10,15701,1766.4,848.0
KRSNAA,KRSNAAEQN,541.05,541.05,541.05,2.0,0.37,1248,675230,894.4,515.0
ARIHANT,ARIHANTEQN,896.7,900.0,900.0,3.3,0.37,155,139500,1225.0,715.1
MRPL,MRPLEQN,163.77,164.36,164.36,0.59,0.36,12671,2082605,212.31,126.1
APOLLOHOSP,APOLLOHOSPEQN,8768.5,8800.0,8800.0,31.5,0.36,197,1733600,9050.0,6696.5
WAKEFIT,WAKEFITEQN,145.59,146.11,146.11,0.52,0.36,105,15341,224.0,111.4
AYE,AYEEQN,180.98,181.64,181.64,0.66,0.36,261,47408,197.29,88.22
SIKA,SIKAEQN,1027.05,1030.7,1030.7,3.65,0.36,197,203047,1359.4,870.1
KALAMANDIR,KALAMANDIREQN,76.79,77.06,77.06,0.27,0.35,37,2851,223.03,76.55
VBL,VBLEQN,415.45,416.9,416.9,1.45,0.35,3003,1251950,555.8,381.0
TATATECH,TATATECHEQN,758.75,761.4,761.4,2.65,0.35,2524,1921773,891.0,507.4
KDDL,KDDLEQN,3837.6,3851.0,3851.0,13.4,0.35,1,3851,4155.5,1990.0
DYCL,DYCLEQN,442.35,443.9,443.9,1.55,0.35,752,333812,560.0,236.8
RBZJEWEL,RBZJEWELBEN,169.4,169.99,169.99,0.59,0.35,12,2039,204.7,100.0
COSMOFIRST,COSMOFIRSTEQN,879.9,883.0,883.0,3.1,0.35,2,1766,996.0,560.8
HAL,HALEQN,4788.0,4804.9,4804.9,16.9,0.35,3407,16370294,5149.9,3479.1
EASEMYTRIP,EASEMYTRIPEQN,5.79,5.81,5.81,0.02,0.35,10076,58541,10.6,5.71
JAINREC,JAINRECEQN,274.05,275.0,275.0,0.95,0.35,778,213950,593.95,247.57
COMSYN,COMSYNEQN,293.0,294.0,294.0,1.0,0.34,281,82614,314.85,136.44
BELRISE,BELRISEEQN,229.37,230.15,230.15,0.78,0.34,5320,1224398,268.2,142.59
SHAKTIPUMP,SHAKTIPUMPEQN,464.1,465.7,465.7,1.6,0.34,527,245423,894.7,455.0
FIBERWEB,FIBERWEBEQN,26.4,26.49,26.49,0.09,0.34,109,2887,49.9,25.07
GANDHITUBE,GANDHITUBEEQN,894.0,897.0,897.0,3.0,0.34,1,897,1010.0,681.05
AMBUJACEM,AMBUJACEMEQN,383.25,384.55,384.55,1.3,0.34,1214,466843,600.8,379.55
CLEAN,CLEANEQN,828.15,831.0,831.0,2.85,0.34,144,119664,1212.0,652.0
ADANIENT,ADANIENTEQN,2923.2,2933.0,2933.0,9.8,0.34,1002,2938866,3245.0,1753.0
HAPPSTMNDS,HAPPSTMNDSEQN,327.9,329.0,329.0,1.1,0.34,873,287217,583.4,322.85
GMDCLTD,GMDCLTDEQN,549.15,551.0,551.0,1.85,0.34,1699,936149,771.9,466.4
OIL,OILEQN,477.4,479.0,479.0,1.6,0.34,5283,2530557,531.0,395.6
PARAGMILK,PARAGMILKEQN,264.6,265.5,265.5,0.9,0.34,890,236295,376.95,177.84
VINATIORGA,VINATIORGAEQN,1249.7,1254.0,1254.0,4.3,0.34,26,32604,1849.9,1203.0
ZYDUSWELL,ZYDUSWELLEQN,546.15,548.0,548.0,1.85,0.34,442,242216,611.85,367.55
FINEORG,FINEORGEQN,5202.0,5219.5,5219.5,17.5,0.34,17,88731,5407.0,3856.0
SHADOWFAX,SHADOWFAXEQN,251.65,252.5,252.5,0.85,0.34,1199,302747,268.65,98.55
TMB,TMBEQN,891.45,894.5,894.5,3.05,0.34,173,154748,954.2,420.0
ERIS,ERISEQN,1310.7,1315.1,1315.1,4.4,0.34,18,23671,1740.0,1200.0
GEMAROMA,GEMAROMAEQN,151.9,152.4,152.4,0.5,0.33,100,15240,284.75,133.0
KFINTECH,KFINTECHEQN,897.0,900.0,900.0,3.0,0.33,398,358200,1215.0,784.95
MAGADSUGAR,MAGADSUGAREQN,508.15,509.85,509.85,1.7,0.33,6,3059,634.95,417.0
SHRIRAMPPS,SHRIRAMPPSEQN,72.91,73.15,73.15,0.24,0.33,4195,306864,99.44,60.57
ACC,ACCEQN,1232.5,1236.6,1236.6,4.1,0.33,31,38334,1987.0,1219.1
FOSECOIND,FOSECOINDEQN,6765.5,6787.5,6787.5,22.0,0.33,65,441187,7389.5,4300.0
SAKHTISUG,SAKHTISUGEQN,18.44,18.5,18.5,0.06,0.33,30,555,23.29,13.52
PTC,PTCEQN,155.93,156.45,156.45,0.52,0.33,9983,1561840,229.51,149.59
AAVAS,AAVASEQN,1291.8,1296.0,1296.0,4.2,0.33,95,123120,1771.9,1060.4
TIIL,TIILEQN,3049.7,3059.9,3059.9,10.2,0.33,22,67317,3565.3,1868.5
SBIN,SBINEQN,988.7,992.0,992.0,3.3,0.33,62762,62259904,1234.7,831.0
FABTECH,FABTECHEQN,146.92,147.4,147.4,0.48,0.33,1,147,262.8,132.7
NBCC,NBCCEQN,82.13,82.4,82.4,0.27,0.33,9060,746544,125.85,77.18
ICICIBANK,ICICIBANKEQN,1347.6,1351.9,1351.9,4.3,0.32,66964,90528631,1480.0,1187.6
DENTA,DENTAEQN,278.4,279.3,279.3,0.9,0.32,6,1675,479.6,222.0
FIEMIND,FIEMINDEQN,1900.9,1907.0,1907.0,6.1,0.32,144,274608,2674.8,1868.5
EMCURE,EMCUREEQN,1909.8,1915.9,1915.9,6.1,0.32,211,404254,2048.0,1260.0
FIRSTCRY,FIRSTCRYEQN,169.25,169.8,169.8,0.55,0.32,2341,397501,395.35,165.01
HDFCBANK,HDFCBANKEQN,713.0,715.25,715.25,2.25,0.32,162686,116361161,1020.5,681.9
AXISBANK,AXISBANKEQN,1240.0,1244.0,1244.0,4.0,0.32,5452,6782288,1418.3,1116.1
CHALET,CHALETEQN,842.3,845.0,845.0,2.7,0.32,10,8450,1070.1,691.35
RELIGARE,RELIGAREEQN,249.89,250.7,250.7,0.81,0.32,265,66435,280.0,196.51
CCL,CCLEQN,1062.3,1065.7,1065.7,3.4,0.32,354,377257,1242.2,815.5
POWERGRID,POWERGRIDEQN,263.75,264.6,264.6,0.85,0.32,26307,6960832,324.95,250.0
CASTROLIND,CASTROLINDEQN,191.72,192.34,192.34,0.62,0.32,11965,2301348,210.75,170.1
HARSHA,HARSHAEQN,433.85,435.25,435.25,1.4,0.32,13,5658,470.95,313.3
CUBEINVIT,CUBEINVITIVN,156.49,156.99,156.99,0.5,0.32,531,83361,165.0,131.0
TOLINS,TOLINSEQN,88.22,88.5,88.5,0.28,0.32,2,177,201.8,83.04
3PLAND,3PLANDEQN,31.4,31.5,31.5,0.1,0.32,5,157,46.89,28.51
TIMEX,TIMEXEQN,611.1,613.05,613.05,1.95,0.32,84,51496,687.8,312.0
NIVABUPA,NIVABUPAEQN,79.6,79.85,79.85,0.25,0.31,745,59488,91.4,67.5
INOXWIND,INOXWINDEQN,74.1,74.33,74.33,0.23,0.31,9759,725386,159.3,68.0
INFY,INFYEQN,1058.6,1061.9,1061.9,3.3,0.31,31221,33153579,1728.0,982.4
JIOFIN,JIOFINEQN,229.3,230.0,230.0,0.7,0.31,37028,8516440,321.6,223.3
THYROCARE,THYROCAREEQN,559.25,561.0,561.0,1.75,0.31,554,310794,662.0,342.55
SPCENET,SPCENETEQN,3.19,3.2,3.2,0.01,0.31,1551,4963,11.24,3.0
BHARATCOAL,BHARATCOALEQN,32.14,32.24,32.24,0.1,0.31,14623,471445,45.09,29.74
PARAS,PARASEQN,1370.9,1375.0,1375.0,4.1,0.3,1446,1988250,1585.0,580.5
ABFRL,ABFRLEQN,50.45,50.6,50.6,0.15,0.3,4157,210344,94.95,48.71
SONACOMS,SONACOMSEQN,777.9,780.2,780.2,2.3,0.3,1978,1543235,844.0,402.3
CLSEL,CLSELEQN,295.55,296.45,296.45,0.9,0.3,100,29645,324.8,203.75
YESBANK,YESBANKEQN,23.13,23.2,23.2,0.07,0.3,188329,4369232,25.78,17.2
STARCEMENT,STARCEMENTEQN,188.33,188.9,188.9,0.57,0.3,1430,270127,279.3,180.12
TEJASNET,TEJASNETEQN,524.25,525.8,525.8,1.55,0.3,6919,3638010,644.75,294.0
KAMATHOTEL,KAMATHOTELEQN,219.45,220.1,220.1,0.65,0.3,2,440,329.8,140.2
UGROCAP,UGROCAPEQN,83.49,83.74,83.74,0.25,0.3,1274,106684,192.5,80.12
APLAPOLLO,APLAPOLLOEQN,2148.5,2154.9,2154.9,6.4,0.3,640,1379136,2301.4,1653.3
SURYODAY,SURYODAYEQN,146.51,146.95,146.95,0.44,0.3,550,80822,218.0,115.41
ARVIND,ARVINDEQN,541.6,543.2,543.2,1.6,0.3,689,374264,607.15,277.9
ASHOKLEY,ASHOKLEYEQN,158.62,159.1,159.1,0.48,0.3,18099,2879550,215.42,134.21
SUNTV,SUNTVEQN,468.4,469.8,469.8,1.4,0.3,268,125906,660.7,447.7
BERGEPAINT,BERGEPAINTEQN,448.6,449.95,449.95,1.35,0.3,515,231724,594.55,391.1
WIPRO,WIPROEQN,166.4,166.9,166.9,0.5,0.3,81011,13520735,273.1,165.02
CESC,CESCEQN,141.56,141.99,141.99,0.43,0.3,2301,326718,204.5,138.12
SDBL,SDBLEQN,67.8,68.0,68.0,0.2,0.29,395,26860,142.6,61.8
ORIENTPPR,ORIENTPPREQN,17.25,17.3,17.3,0.05,0.29,500,8650,28.81,13.25
ASIANHOTNR,ASIANHOTNREQN,375.8,376.9,376.9,1.1,0.29,10,3769,423.8,247.5
LALPATHLAB,LALPATHLABEQN,1924.7,1930.1,1930.1,5.4,0.28,180,347418,2038.6,1272.6
ICIL,ICILEQN,435.5,436.7,436.7,1.2,0.28,126,55024,474.65,216.9
PURVA,PURVAEQN,218.23,218.85,218.85,0.62,0.28,4138,905601,287.3,160.69
SBFC,SBFCEQN,93.32,93.58,93.58,0.26,0.28,481,45011,123.0,79.6
TEXRAIL,TEXRAILEQN,111.69,112.0,112.0,0.31,0.28,4395,492240,153.0,78.05
BALAMINES,BALAMINESEQN,2148.9,2155.0,2155.0,6.1,0.28,247,532285,2629.8,968.1
AVALON,AVALONEQN,2230.0,2236.2,2236.2,6.2,0.28,298,666387,2424.0,777.3
BANARBEADS,BANARBEADSEQN,110.54,110.85,110.85,0.31,0.28,50,5542,164.7,96.05
LUMAXIND,LUMAXINDEQN,5724.0,5740.0,5740.0,16.0,0.28,15,86100,6934.5,4220.1
POLICYBZR,POLICYBZREQN,1765.0,1770.0,1770.0,5.0,0.28,4776,8453520,1964.2,1364.0
NCC,NCCEQN,135.6,135.98,135.98,0.38,0.28,2223,302283,217.8,130.0
SOBHA,SOBHAEQN,1189.4,1192.7,1192.7,3.3,0.28,100,119270,1732.0,1130.0
GICRE,GICREEQN,339.8,340.75,340.75,0.95,0.28,1342,457286,417.95,337.0
POONAWALLA,POONAWALLAEQN,432.8,434.0,434.0,1.2,0.28,257,111538,570.4,361.2
VINDHYATEL,VINDHYATELEQN,2632.5,2640.0,2640.0,7.5,0.28,335,884400,2952.6,963.9
FDC,FDCEQN,352.15,353.15,353.15,1.0,0.28,53,18716,527.8,312.95
PINELABS,PINELABSEQN,184.48,185.0,185.0,0.52,0.28,78833,14584105,284.0,134.73
KSB,KSBEQN,777.8,780.0,780.0,2.2,0.28,31,24180,1028.3,666.65
PIRAMALFIN,PIRAMALFINEQN,2253.8,2260.0,2260.0,6.2,0.28,251,567260,2326.4,1260.0
TENNIND,TENNINDEQN,514.05,515.5,515.5,1.45,0.28,422,217541,657.0,438.05
PRAKASHSTL,PRAKASHSTLEQN,3.77,3.78,3.78,0.01,0.27,1325,5008,6.57,3.48
PANACEABIO,PANACEABIOEQN,372.0,373.0,373.0,1.0,0.27,133,49609,647.0,292.4
NAVKARCORP,NAVKARCORPEQN,87.56,87.8,87.8,0.24,0.27,413,36261,132.0,74.05
CHOLAFIN,CHOLAFINEQN,1764.5,1769.3,1769.3,4.8,0.27,954,1687912,1952.5,1299.4
POWERMECH,POWERMECHEQN,2339.0,2345.2,2345.2,6.2,0.27,44,103188,3120.0,1717.7
SARVESHWAR,SARVESHWAREQN,3.72,3.73,3.73,0.01,0.27,2723,10156,8.25,2.5
SANOFI,SANOFIEQN,3085.0,3093.3,3093.3,8.3,0.27,3,9279,5089.0,3054.0
GRWRHITECH,GRWRHITECHEQN,6502.5,6520.0,6520.0,17.5,0.27,72,469440,7990.0,2690.7
ACI,ACIEQN,462.4,463.65,463.65,1.25,0.27,428,198442,724.0,446.0
PREMIERPOL,PREMIERPOLEQN,82.33,82.55,82.55,0.22,0.27,78,6438,98.8,38.0
NAVA,NAVAEQN,546.6,548.05,548.05,1.45,0.27,242,132628,739.4,501.65
LT,LTEQN,3836.2,3846.0,3846.0,9.8,0.26,2514,9668844,4440.0,3288.1
CHOICEIN,CHOICEINEQN,738.0,739.95,739.95,1.95,0.26,942,697032,860.5,568.7
SOUTHBANK,SOUTHBANKEQN,45.88,46.0,46.0,0.12,0.26,33955,1561930,49.9,28.5
GODFRYPHLP,GODFRYPHLPEQN,1943.0,1948.0,1948.0,5.0,0.26,651,1268148,3679.0,1832.1
GODREJCP,GODREJCPEQN,873.0,875.3,875.3,2.3,0.26,1119,979460,1273.9,855.15
TTKPRESTIG,TTKPRESTIGEQN,543.6,545.0,545.0,1.4,0.26,1,545,771.2,423.0
TIJARIA,TIJARIABEN,7.72,7.74,7.74,0.02,0.26,1004,7770,9.8,3.55
VIJAYA,VIJAYAEQN,1506.1,1510.0,1510.0,3.9,0.26,1152,1739520,1578.0,848.0
VIPIND,VIPINDEQN,304.25,305.0,305.0,0.75,0.25,1279,390095,454.3,278.25
INDRAMEDCO,INDRAMEDCOEQN,363.65,360.55,360.55,0.9,0.25,699,252024,640.85,342.0
RSYSTEMS,RSYSTEMSEQN,245.78,246.4,246.4,0.62,0.25,213,52483,451.75,213.52
MRF,MRFEQN,124585.0,124900.0,124900.0,315.0,0.25,12,1498800,163600.0,122000.0
MENNPIS,MENNPISBEN,74.59,74.78,74.78,0.19,0.25,1,74,85.8,52.35
IOB,IOBEQN,32.1,32.18,32.18,0.08,0.25,8978,288912,41.8,31.2
CGCL,CGCLEQN,262.35,263.0,263.0,0.65,0.25,1201,315863,287.45,151.1
TATACONSUM,TATACONSUMEQN,1013.7,1016.2,1016.2,2.5,0.25,964,979616,1282.7,986.0
UBL,UBLEQN,1216.8,1219.9,1219.9,3.1,0.25,55,67094,1845.6,1213.5
WHEELS,WHEELSEQN,2124.6,2130.0,2130.0,5.4,0.25,105,223650,2498.0,705.85
MANORG,MANORGEQN,448.9,450.0,450.0,1.1,0.25,50,22500,635.0,356.25
TRUALT,TRUALTEQN,423.95,425.0,425.0,1.05,0.25,627,266475,549.0,310.2
EXCELSOFT,EXCELSOFTEQN,79.8,80.0,80.0,0.2,0.25,1283,102640,142.59,66.4
DIVISLAB,DIVISLABEQN,9323.0,9346.5,9346.5,23.5,0.25,486,4542399,9615.0,5636.5
CORONA,CORONAEQN,2169.6,2175.0,2175.0,5.4,0.25,18,39150,2292.4,1336.6
SANOFICONR,SANOFICONREQN,3989.5,3999.0,3999.0,9.5,0.24,3,11997,5357.0,3926.0
MARATHON,MARATHONEQN,414.15,414.15,414.15,1.0,0.24,4,1656,685.4,344.05
ELECTCAST,ELECTCASTEQN,74.07,74.25,74.25,0.18,0.24,2589,192233,103.0,60.15
APLLTD,APLLTDEQN,826.0,828.0,828.0,2.0,0.24,62,51336,998.0,635.8
GICHSGFIN,GICHSGFINEQN,135.97,136.3,136.3,0.33,0.24,35,4770,184.0,130.05
HINDALCO,HINDALCOEQN,980.5,982.9,982.9,2.4,0.24,12847,12627316,1176.0,731.95
OFSS,OFSSEQN,11620.0,11648.0,11648.0,28.0,0.24,70,815360,12540.0,6234.5
BOSCHLTD,BOSCHLTDEQN,47735.0,47850.0,47850.0,115.0,0.24,19,909150,50000.0,28610.0
SUMICHEM,SUMICHEMEQN,455.45,456.55,456.55,1.1,0.24,341,155683,617.45,362.6
MANINDS,MANINDSEQN,823.0,825.0,825.0,2.0,0.24,477,393525,944.0,302.05
NPST,NPSTEQN,1854.9,1857.1,1857.1,4.2,0.23,161,298993,2111.9,846.6
KAYNES,KAYNESEQN,3520.0,3528.0,3528.0,8.0,0.23,2524,8904672,7705.0,2995.0
RITCO,RITCOEQN,299.3,300.0,300.0,0.7,0.23,50,15000,331.15,167.1
SOTL,SOTLEQN,691.4,693.0,693.0,1.6,0.23,199,137907,850.1,285.8
UNIONBANK,UNIONBANKEQN,178.09,178.5,178.5,0.41,0.23,9591,1711993,205.49,133.9
TEMPSENS,TEMPSENSEQN,541.55,542.8,542.8,1.25,0.23,5645,3064106,634.85,505.05
OMNI,OMNIEQN,568.65,569.95,569.95,1.3,0.23,1827,1041298,764.85,176.25
FINCABLES,FINCABLESEQN,1395.8,1399.0,1399.0,3.2,0.23,1589,2223011,1498.0,700.8
LTF,LTFEQN,302.3,303.0,303.0,0.7,0.23,3206,971418,338.6,234.9
MANINFRA,MANINFRAEQN,125.71,126.0,126.0,0.29,0.23,1511,190386,160.39,77.12
RKEC,RKECEQN,18.49,18.53,18.53,0.04,0.22,100,1853,81.5,18.02
NIBE,NIBEEQN,1250.1,1252.9,1252.9,2.8,0.22,48,60139,1848.0,809.6
IRCTC,IRCTCEQN,457.0,458.0,458.0,1.0,0.22,1667,763486,739.0,446.5
DCBBANK,DCBBANKEQN,218.51,218.99,218.99,0.48,0.22,864,189207,234.8,122.4
VSSL,VSSLEQN,406.05,406.95,406.95,0.9,0.22,106,43136,428.25,206.4
J&KBANK,J&KBANKEQN,147.28,147.6,147.6,0.32,0.22,1427,210625,201.75,97.35
ENRIN,ENRINEQN,3109.1,3116.0,3116.0,6.9,0.22,238,741608,3968.0,2115.0
HEG,HEGBEN,225.8,226.3,226.3,0.5,0.22,18798,4253987,753.9,214.1
NFL,NFLEQN,66.84,66.99,66.99,0.15,0.22,3462,231919,100.3,63.35
GUJENERGY,GUJENERGYEQN,239.43,239.95,239.95,0.52,0.22,2336,560523,447.45,237.61
JINDRILL,JINDRILLEQN,582.7,584.0,584.0,1.3,0.22,583,340472,704.4,440.1
TVSHLTD,TVSHLTDEQN,12884.0,12911.0,12911.0,27.0,0.21,10,129110,16297.0,12376.0
CAPINVIT,CAPINVITIVN,76.81,76.97,76.97,0.16,0.21,76,5849,79.99,67.0
SAMHI,SAMHIEQN,156.67,157.0,157.0,0.33,0.21,6897,1082829,217.3,127.0
VEDL,VEDLEQN,257.45,258.0,258.0,0.55,0.21,26728,6895824,795.0,249.7
TITAN,TITANEQN,4841.0,4851.0,4851.0,10.0,0.21,1734,8411634,5186.7,3303.1
VISAKAIND,VISAKAINDEQN,90.81,91.0,91.0,0.19,0.21,309,28119,104.41,50.2
DIGITIDE,DIGITIDEEQN,84.82,85.0,85.0,0.18,0.21,2332,198220,195.28,69.9
RNBDENIMS,RNBDENIMSBEN,9.38,9.4,9.4,0.02,0.21,532,5000,67.67,7.72
ASAL,ASALEQN,445.85,446.8,446.8,0.95,0.21,22,9829,654.65,374.5
VTMLTD,VTMLTDEQN,48.34,48.44,48.44,0.1,0.21,2,96,61.9,39.15
TCC,TCCEQN,51.25,51.36,51.36,0.11,0.21,298,15305,105.28,39.37
STAR,STAREQN,1200.2,1202.6,1202.6,2.4,0.2,46,55319,1231.0,768.65
DAMCAPITAL,DAMCAPITALEQN,136.73,137.0,137.0,0.27,0.2,375,51375,286.0,119.22
JMFINANCIL,JMFINANCILEQN,122.51,122.75,122.75,0.24,0.2,2499,306752,182.5,112.0
SAMMAANCAP,SAMMAANCAPEQN,142.22,142.5,142.5,0.28,0.2,3367,479797,192.95,129.0
WINDLAS,WINDLASEQN,1117.6,1119.85,1119.85,2.25,0.2,96,107505,1181.9,697.4
BAJAJHCARE,BAJAJHCAREEQN,328.35,329.0,329.0,0.65,0.2,95,31255,515.9,272.35
ENTERO,ENTEROEQN,1666.6,1669.9,1669.9,3.3,0.2,1016,1696618,1920.0,944.0
KIMS,KIMSEQN,791.85,793.4,793.4,1.55,0.2,810,642654,858.0,575.8
GREAVESCOT,GREAVESCOTEQN,191.72,192.1,192.1,0.38,0.2,426,81834,271.9,119.99
MOREPENLAB,MOREPENLABEQN,120.56,120.6,120.6,0.24,0.2,83509,10071185,122.55,33.05
ASTRAMICRO,ASTRAMICROEQN,1607.8,1611.0,1611.0,3.2,0.2,348,560628,1960.0,851.0
ZFCVINDIA,ZFCVINDIAEQN,2445.2,2450.0,2450.0,4.8,0.2,26,63700,3044.0,2050.33
SHRIPISTON,SHRIPISTONEQN,4385.4,4394.0,4394.0,8.6,0.2,55,241670,4785.8,2525.8
HERITGFOOD,HERITGFOODEQN,405.45,406.25,406.25,0.8,0.2,369,149906,540.0,292.55
MIRZAINT,MIRZAINTEQN,29.54,29.6,29.6,0.06,0.2,3,88,44.0,24.95
HEXAGON,HEXAGONBEN,64.29,64.42,64.42,0.13,0.2,200,12884,78.25,48.1
TAALTECH,TAALTECHEQN,5349.2,5359.9,5359.9,10.7,0.2,60,321594,5550.0,2616.1
DOLATALGO,DOLATALGOEQN,67.86,67.99,67.99,0.13,0.19,152,10334,95.76,64.96
SOLARINDS,SOLARINDSEQN,18815.0,18850.0,18850.0,35.0,0.19,399,7521150,22700.0,11646.0
TSFINV,TSFINVEQN,445.95,446.8,446.8,0.85,0.19,198,88466,701.5,331.7
SUNDRMFAST,SUNDRMFASTEQN,1226.7,1229.0,1229.0,2.3,0.19,8,9832,1347.2,730.1
GPPL,GPPLEQN,162.59,162.9,162.9,0.31,0.19,1975,321727,200.09,141.55
CHAMBLFERT,CHAMBLFERTEQN,413.9,414.7,414.7,0.8,0.19,902,374059,559.0,399.75
SWIGGY,SWIGGYEQN,276.5,277.0,277.0,0.5,0.18,7624,2111848,474.0,235.75
SALZERELEC,SALZERELECEQN,550.95,551.95,551.95,1.0,0.18,162,89415,952.5,488.8
PSB,PSBEQN,21.86,21.9,21.9,0.04,0.18,3320,72708,32.46,20.5
M&M,M&MEQN,3076.5,3082.0,3082.0,5.5,0.18,5248,16174336,3839.9,2896.0
RENUKA,RENUKAEQN,22.81,22.85,22.85,0.04,0.18,11926,272509,33.3,21.05
EXIDEIND,EXIDEINDEQN,418.6,419.35,419.35,0.75,0.18,1798,753991,496.4,287.0
ASKAUTOLTD,ASKAUTOLTDEQN,618.9,620.0,620.0,1.1,0.18,36,22320,687.7,375.3
TATACOMM,TATACOMMEQN,1791.6,1794.8,1794.8,3.2,0.18,94,168711,2110.0,1322.5
RBA,RBAEQN,96.12,96.29,96.29,0.17,0.18,4065,391418,111.15,57.15
HEIDELBERG,HEIDELBERGEQN,141.57,141.83,141.83,0.26,0.18,1563,221680,216.99,136.1
GKSL,GKSLEQN,177.82,178.14,178.14,0.32,0.18,141,25117,183.05,98.36
OMAXE,OMAXEEQN,120.76,120.96,120.96,0.2,0.17,904,109347,138.89,62.5
COCHINSHIP,COCHINSHIPEQN,1334.3,1335.0,1335.0,2.2,0.17,1856,2477760,1979.9,1187.0
MASFIN,MASFINEQN,286.9,287.4,287.4,0.5,0.17,948,272455,358.85,277.35
ASALCBR,ASALCBREQN,656.95,658.05,658.05,1.1,0.17,22,14477,1277.0,644.55
PRECWIRE,PRECWIREEQN,449.25,450.0,450.0,0.75,0.17,801,360450,524.9,179.52
PGINVIT,PGINVITIVN,101.6,101.77,101.77,0.17,0.17,4633,471500,104.5,86.3
KIRLPNU,KIRLPNUEQN,693.85,695.0,695.0,1.15,0.17,44,30580,1098.55,495.05
PICCADIL,PICCADILEQN,600.55,600.55,600.55,1.0,0.17,224,134523,809.7,515.0
CONCOR,CONCOREQN,488.15,489.0,489.0,0.85,0.17,1070,523230,568.0,421.45
KMCSHIL,KMCSHILEQN,156.74,157.0,157.0,0.26,0.17,7464,1171848,160.39,128.48
BAJAJHFL,BAJAJHFLEQN,82.7,82.83,82.83,0.13,0.16,17797,1474125,116.75,72.65
SHARDACROP,SHARDACROPEQN,741.7,742.9,742.9,1.2,0.16,112,83204,1297.0,740.05
KRYSTAL,KRYSTALEQN,674.9,675.95,675.95,1.05,0.16,125,84493,696.9,500.0
EMBDL,EMBDLEQN,54.91,55.0,55.0,0.09,0.16,6525,358875,105.7,39.46
JAYNECOIND,JAYNECOINDEQN,88.94,89.08,89.08,0.14,0.16,1808,161056,117.0,64.4
INDBANK,INDBANKEQN,25.66,25.7,25.7,0.04,0.16,1472,37830,47.15,25.01
ROTO,ROTOEQN,63.35,63.45,63.45,0.1,0.16,1865,118334,85.28,47.5
RITES,RITESEQN,207.93,205.5,205.5,0.32,0.16,2593,532861,278.3,175.0
RECLTD,RECLTDEQN,310.5,311.0,311.0,0.5,0.16,4449,1383639,390.5,304.05
SUDEEPPHRM,SUDEEPPHRMEQN,1105.4,1107.2,1107.2,1.8,0.16,218,241369,1378.0,524.05
PWL,PWLEQN,127.8,128.0,128.0,0.2,0.16,4908,628224,161.99,77.72
ITC,ITCEQN,266.2,266.6,266.6,0.4,0.15,45051,12010596,426.4,255.5
CAPLIPOINT,CAPLIPOINTEQN,2596.6,2596.5,2596.5,3.9,0.15,121,314176,2877.3,1500.3
PNBHOUSING,PNBHOUSINGEQN,1103.5,1105.2,1105.2,1.7,0.15,701,774745,1211.5,729.6
ALKYLAMINE,ALKYLAMINEEQN,1843.8,1846.5,1846.5,2.7,0.15,36,66474,2116.8,1212.0
MEDPLUS,MEDPLUSEQN,654.0,655.0,655.0,1.0,0.15,40,26200,1022.2,645.0
AVANTIFEED,AVANTIFEEDEQN,770.85,772.0,772.0,1.15,0.15,232,179104,1593.8,631.65
NEULANDLAB,NEULANDLABEQN,22665.0,22700.0,22700.0,35.0,0.15,86,1952200,24225.0,11500.0
ETHOSLTD,ETHOSLTDEQN,2651.0,2655.0,2655.0,4.0,0.15,56,148680,3245.9,1919.4
TATVA,TATVAEQN,1709.6,1712.0,1712.0,2.4,0.14,199,340688,1838.1,981.5
SJVN,SJVNEQN,64.75,64.84,64.84,0.09,0.14,4031,261370,95.4,63.02
MUTHOOTMF,MUTHOOTMFEQN,188.04,188.3,188.3,0.26,0.14,30,5649,262.77,141.2
TBOTEK,TBOTEKEQN,1647.7,1650.0,1650.0,2.3,0.14,20,33000,1764.8,1004.2
MANGLMCEM,MANGLMCEMEQN,1035.2,1036.6,1036.6,1.4,0.14,103,106769,1120.0,679.35
GANECOS,GANECOSEQN,990.6,992.0,992.0,1.4,0.14,121,120032,1330.0,653.55
JNKINDIA,JNKINDIAEQN,411.95,412.2,412.2,0.55,0.13,100,41220,558.0,200.92
JINDALPOLY,JINDALPOLYEQN,726.0,726.95,726.95,0.95,0.13,126,91595,1026.45,365.0
BALRAMCHIN,BALRAMCHINEQN,675.7,676.6,676.6,0.9,0.13,2010,1359966,780.95,393.55
MPHASIS,MPHASISEQN,2320.0,2322.9,2322.9,2.9,0.13,194,450642,3037.2,2013.0
ABCAPITAL,ABCAPITALEQN,390.0,390.5,390.5,0.5,0.13,2933,1145336,430.7,277.7
DEEPAKNTR,DEEPAKNTREQN,1604.8,1606.9,1606.9,2.1,0.13,305,490104,1904.4,1280.0
UJJIVANSFB,UJJIVANSFBEQN,63.97,64.05,64.05,0.08,0.13,5923,379368,73.94,43.85
CHOICEGOLD,CHOICEGOLDEQN,149.3,149.5,149.5,0.2,0.13,6,897,175.49,115.79
SAKSOFT,SAKSOFTEQN,142.92,143.1,143.1,0.18,0.13,1348,192898,224.75,107.59
FRONTSP,FRONTSPEQN,1197.4,1199.0,1199.0,1.6,0.13,90,107910,1869.0,1177.8
GULPOLY,GULPOLYEQN,171.05,171.25,171.25,0.2,0.12,1,171,227.63,121.5
ZENSARTECH,ZENSARTECHEQN,441.85,442.4,442.4,0.55,0.12,1811,801186,868.95,421.0
SONATSOFTW,SONATSOFTWEQN,281.65,282.0,282.0,0.35,0.12,2620,738840,421.5,207.15
NYKAA,NYKAAEQN,323.75,324.15,324.15,0.4,0.12,3201,1037604,349.55,227.9
PARADEEP,PARADEEPEQN,153.81,154.0,154.0,0.19,0.12,10663,1642102,201.99,99.7
CELLO,CELLOEQN,327.6,328.0,328.0,0.4,0.12,1260,413280,673.8,319.45
AUBANK,AUBANKEQN,1039.3,1040.5,1040.5,1.2,0.12,909,945814,1144.1,698.3
MOL,MOLEQN,59.93,60.0,60.0,0.07,0.12,415,24900,87.75,36.5
BLIL,BLILEQN,67.62,67.7,67.7,0.08,0.12,54,3655,79.5,67.0
EPACK,EPACKEQN,180.82,181.01,181.01,0.19,0.11,216,39098,394.05,175.04
RTNINDIA,RTNINDIAEQN,26.37,26.4,26.4,0.03,0.11,16914,446529,57.69,24.4
NETWORK18,NETWORK18EQN,26.46,26.49,26.49,0.03,0.11,27224,721163,58.1,25.71
SYNCOMF,SYNCOMFEQN,18.78,18.8,18.8,0.02,0.11,8887,167075,22.59,10.21
CARERATING,CARERATINGEQN,1643.7,1645.5,1645.5,1.8,0.11,100,164550,1838.0,1392.7
NESTLEIND,NESTLEINDEQN,1370.6,1372.1,1372.1,1.5,0.11,1346,1846846,1553.0,1145.0
GRAPHITE,GRAPHITEEQN,814.1,815.0,815.0,0.9,0.11,1746,1422990,874.35,516.2
MARUTI,MARUTIEQN,12338.0,12350.0,12350.0,12.0,0.1,378,4668300,17370.0,12127.0
KPEL,KPELEQN,212.48,212.7,212.7,0.22,0.1,301,64022,463.25,206.52
ELGIEQUIP,ELGIEQUIPEQN,593.3,593.9,593.9,0.6,0.1,348,206677,653.4,408.25
AARTECH,AARTECHBEN,51.4,51.45,51.45,0.05,0.1,25,1286,64.75,33.51
DALBHARAT,DALBHARATEQN,1693.3,1695.0,1695.0,1.7,0.1,55,93225,2496.3,1605.0
IPCALAB,IPCALABEQN,1970.3,1972.3,1972.3,2.0,0.1,308,607468,2014.0,1251.6
KSOLVES,KSOLVESEQN,259.75,260.0,260.0,0.25,0.1,21,5460,353.99,245.75
RAJESHEXPO,RAJESHEXPOBZN,73.43,73.5,73.5,0.07,0.1,403,29620,237.88,72.63
PILANIINVS,PILANIINVSEQN,4082.2,4086.0,4086.0,3.8,0.09,1,4086,5980.0,4021.3
SKYGOLD,SKYGOLDEQN,793.3,794.0,794.0,0.7,0.09,1309,1039346,868.8,259.0
RELIANCE,RELIANCEEQN,1243.9,1245.0,1245.0,1.1,0.09,25072,31214640,1611.8,1235.3
SUPREMEIND,SUPREMEINDEQN,3344.4,3347.4,3347.4,3.0,0.09,52,174064,4628.4,3140.0
NATCOPHARM,NATCOPHARMEQN,818.25,819.0,819.0,0.75,0.09,247,202293,1226.8,789.0
GOLDIAM,GOLDIAMEQN,325.6,325.9,325.9,0.3,0.09,916,298524,398.2,198.75
VOLTAS,VOLTASEQN,1135.0,1136.0,1136.0,1.0,0.09,651,739536,1582.5,1125.1
ASTRAL,ASTRALEQN,1398.9,1400.0,1400.0,1.1,0.08,123,172200,1768.7,1311.6
PARACABLES,PARACABLESEQN,60.7,60.75,60.75,0.05,0.08,266,16159,75.7,28.3
MSUMI,MSUMIEQN,36.07,36.1,36.1,0.03,0.08,9896,357245,53.59,34.76
CYIENT,CYIENTEQN,1064.0,1064.8,1064.8,0.8,0.08,166,176756,1284.7,750.3
PNCINFRA,PNCINFRAEQN,139.55,139.66,139.66,0.11,0.08,7239,1010998,325.0,116.4
HIMATSEIDE,HIMATSEIDEEQN,63.65,63.7,63.7,0.05,0.08,795,50641,134.2,63.2
WALCHANNAG,WALCHANNAGEQN,199.84,200.0,200.0,0.16,0.08,2082,416400,315.8,131.15
DSFCL,DSFCLBEN,24.98,25.0,25.0,0.02,0.08,5,125,52.5,17.28
MAHLIFE,MAHLIFEEQN,363.7,364.0,364.0,0.3,0.08,337,122668,427.05,286.8
KUSUMGAR,KUSUMGAREQN,551.5,551.95,551.95,0.45,0.08,347,191526,659.5,533.0
RUBFILA,RUBFILAEQN,65.72,65.77,65.77,0.05,0.08,9,591,87.6,57.31
COLPAL,COLPALEQN,1840.3,1841.5,1841.5,1.2,0.07,459,845248,2379.2,1782.0
BLS,BLSEQN,227.74,227.89,227.89,0.15,0.07,406,92523,372.1,218.9
SIGACHI,SIGACHIEQN,29.33,29.35,29.35,0.02,0.07,19599,575230,45.5,16.65
AHLUCONT,AHLUCONTEQN,567.6,568.0,568.0,0.4,0.07,130,73840,1077.95,559.1
ASIANPAINT,ASIANPAINTEQN,2454.0,2455.7,2455.7,1.7,0.07,2154,5289577,2985.7,2115.0
BEPL,BEPLEQN,127.47,127.56,127.56,0.09,0.07,1087,138657,138.5,74.2
USHAMART,USHAMARTEQN,495.65,496.0,496.0,0.35,0.07,401,198896,529.3,380.0
APEX,APEXEQN,350.95,351.2,351.2,0.25,0.07,152,53382,514.5,219.86
HLEGLAS,HLEGLASEQN,415.65,415.95,415.95,0.3,0.07,381,158476,661.95,250.0
SAGILITY,SAGILITYEQN,44.56,44.59,44.59,0.03,0.07,15972,712191,57.89,35.83
WAAREERTL,WAAREERTLEQN,811.05,811.65,811.65,0.6,0.07,270,219145,1358.0,779.5
ATGL,ATGLEQN,587.0,587.4,587.4,0.4,0.07,1188,697831,859.85,462.8
CENTRALBK,CENTRALBKEQN,30.4,30.42,30.42,0.02,0.07,17153,521794,40.92,29.32
ATULAUTO,ATULAUTOEQN,441.4,441.65,441.65,0.25,0.06,16,7066,596.55,380.05
NTPC,NTPCEQN,329.6,329.8,329.8,0.2,0.06,7201,2374889,414.4,315.55
KOTYARK,KOTYARKBEN,31.28,31.3,31.3,0.02,0.06,361,11299,45.5,17.38
KICL,KICLEQN,4822.0,4825.0,4825.0,3.0,0.06,1,4825,6554.9,4011.0
GREENPANEL,GREENPANELEQN,158.4,158.5,158.5,0.1,0.06,985,156122,316.0,148.51
AVTNPL,AVTNPLEQN,85.45,85.5,85.5,0.05,0.06,1291,110380,97.0,53.5
EDELWEISS,EDELWEISSEQN,128.34,128.42,128.42,0.08,0.06,3333,428023,140.9,98.0
ADANIPOWER,ADANIPOWEREQN,205.92,206.05,206.05,0.13,0.06,58037,11958523,254.2,125.2
INTELLECT,INTELLECTEQN,651.3,651.7,651.7,0.4,0.06,452,294568,1244.6,595.2
BHARTIHEXA,BHARTIHEXAEQN,1481.1,1482.0,1482.0,0.9,0.06,114,168948,1955.6,1430.0
GRASIM,GRASIMEQN,3173.1,3175.0,3175.0,1.9,0.06,187,593725,3411.1,2502.5
AETHER,AETHEREQN,1623.3,1624.3,1624.3,1.0,0.06,78,126695,1717.0,726.45
LEMONTREE,LEMONTREEEQN,104.06,104.12,104.12,0.06,0.06,3646,379621,177.8,99.61
ASTERDM,ASTERDMEQN,760.65,761.1,761.1,0.45,0.06,482,366850,891.3,519.1
BIKAJI,BIKAJIEQN,552.65,553.0,553.0,0.35,0.06,167,92351,801.3,532.75
MEDICO,MEDICOEQN,36.34,36.36,36.36,0.02,0.06,3391,123296,56.88,30.22
MUNJALSHOW,MUNJALSHOWEQN,123.93,124.0,124.0,0.07,0.06,50,6200,150.9,110.3
ARDEE,ARDEEEQN,48.97,49.0,49.0,0.03,0.06,4534,222166,73.19,46.5
ANTELOPUS,ANTELOPUSEQN,1130.85,1131.55,1131.55,0.7,0.06,2253,2549382,1218.3,357.0
CMLL,CMLLEQN,482.7,483.0,483.0,0.3,0.06,141,68103,624.4,460.0
ACMESOLAR,ACMESOLAREQN,411.3,411.5,411.5,0.2,0.05,6634,2729891,430.5,195.9
PERSISTENT,PERSISTENTEQN,5473.0,5476.0,5476.0,3.0,0.05,359,1965884,6599.0,4244.5
MMFL,MMFLEQN,618.6,618.9,618.9,0.3,0.05,21,12996,687.95,288.1
AKUMS,AKUMSEQN,766.7,767.1,767.1,0.4,0.05,180,138078,796.55,409.3
PGEL,PGELEQN,529.35,529.35,529.35,0.25,0.05,1053,557405,644.4,436.55
CMSINFO,CMSINFOEQN,231.04,231.15,231.15,0.11,0.05,2369,547594,427.0,220.99
TORNTPOWER,TORNTPOWEREQN,1276.4,1277.0,1277.0,0.6,0.05,756,965412,1824.1,1188.0
RVNL,RVNLEQN,201.7,201.8,201.8,0.1,0.05,12499,2522298,400.7,195.15
EPIGRAL,EPIGRALEQN,1101.4,1101.9,1101.9,0.5,0.05,16,17630,1808.8,807.0
UDAYJEW,UDAYJEWEQN,158.62,158.7,158.7,0.08,0.05,15,2380,180.89,115.04
PREMEXPLN,PREMEXPLNEQN,668.15,668.4,668.4,0.25,0.04,55,36762,829.8,378.4
ALPEXSOLAR,ALPEXSOLARSMN,911.6,912.0,912.0,0.4,0.04,100,91200,1332.9,660.0
SAGARDEEP,SAGARDEEPEQN,23.5,23.51,23.51,0.01,0.04,100,2351,31.48,20.81
RATEGAIN,RATEGAINEQN,865.45,865.8,865.8,0.35,0.04,117,101298,1050.0,437.0
IRCON,IRCONEQN,107.86,107.9,107.9,0.04,0.04,6986,753789,189.5,106.8
JINDALSTEL,JINDALSTELEQN,1128.4,1128.9,1128.9,0.5,0.04,729,822968,1306.2,977.1
MTNL,MTNLEQN,23.77,23.78,23.78,0.01,0.04,6086,144725,46.44,21.26
DELHIVERY,DELHIVERYEQN,425.95,426.1,426.1,0.15,0.04,1944,828338,524.0,374.45
CARBORUNIV,CARBORUNIVEQN,1083.6,1084.0,1084.0,0.4,0.04,61,66124,1306.9,735.2
INNOVACAP,INNOVACAPEQN,1149.5,1150.0,1150.0,0.5,0.04,13,14950,1236.1,622.0
ASAHISONG,ASAHISONGBEN,365.15,365.3,365.3,0.15,0.04,15,5479,413.95,179.64
STYL,STYLEQN,365.85,366.0,366.0,0.15,0.04,838,306708,437.45,209.11
PERMAGN,PERMAGNEQN,828.7,829.0,829.0,0.3,0.04,1,829,929.0,784.05
ARFIN,ARFINEQN,87.88,87.91,87.91,0.03,0.03,151,13274,106.2,42.1
SERVOTECH,SERVOTECHEQN,72.27,72.27,72.27,0.02,0.03,2242,162029,141.5,57.51
GOODLUCK,GOODLUCKEQN,509.75,509.9,509.9,0.15,0.03,498,253930,557.37,305.0
OLAELEC,OLAELECEQN,36.79,36.8,36.8,0.01,0.03,163301,6009476,59.94,22.25
JTEKTINDIA,JTEKTINDIAEQN,118.87,118.9,118.9,0.03,0.03,286,34005,187.95,114.82
JAICORPLTD,JAICORPLTDEQN,93.17,93.2,93.2,0.03,0.03,623,58063,173.4,88.0
FISCHER,FISCHEREQN,33.3,33.31,33.31,0.01,0.03,276,9193,124.7,31.05
RUBICON,RUBICONEQN,1778.3,1778.9,1778.9,0.6,0.03,251,446503,1899.0,570.75
PRASOLCHEM,PRASOLCHEMEQN,678.8,679.0,679.0,0.2,0.03,2838,1927002,691.5,601.0
AGARWALEYE,AGARWALEYEEQN,500.15,500.25,500.25,0.1,0.02,126,63031,568.0,401.0
RADICO,RADICOEQN,4380.0,4381.0,4381.0,1.0,0.02,94,411814,4747.0,2500.0
BIRLAMONEY,BIRLAMONEYEQN,120.63,120.65,120.65,0.02,0.02,344,41503,185.5,95.0
BRIGADE,BRIGADEEQN,620.9,621.0,621.0,0.1,0.02,94,58374,802.01,450.75
NITINSPIN,NITINSPINEQN,616.85,617.0,617.0,0.15,0.02,118,72806,665.5,302.2
INGERRAND,INGERRANDEQN,4225.2,4226.0,4226.0,0.8,0.02,42,177492,4955.0,3063.3
HDFCLIFE,HDFCLIFEEQN,557.0,557.1,557.1,0.1,0.02,11718,6528097,796.9,508.7
APTUS,APTUSEQN,239.16,239.2,239.2,0.04,0.02,5457,1305314,336.4,193.03
FEDERALBNK,FEDERALBNKEQN,332.75,332.8,332.8,0.05,0.02,17131,5701196,371.7,189.05
SRF,SRFEQN,2536.0,2536.6,2536.6,0.6,0.02,352,892883,3210.0,2355.0
SAPPHIRE,SAPPHIREEQN,233.24,233.29,233.29,0.05,0.02,2741,639447,330.75,139.91
BROOKS,BROOKSEQN,61.23,61.24,61.24,0.01,0.02,71,4348,157.0,36.3
VARDHACRLC,VARDHACRLCBEN,43.14,43.15,43.15,0.01,0.02,24,1035,48.55,27.01
PFOCUS,PFOCUSEQN,334.95,335.0,335.0,0.05,0.01,4100,1373500,367.0,161.01
JBMA,JBMAEQN,593.6,593.65,593.65,0.05,0.01,164,97358,790.0,477.0
TVSSCS,TVSSCSEQN,130.09,130.1,130.1,0.01,0.01,673,87557,146.5,90.32
NITCO,NITCOEQN,85.94,85.95,85.95,0.01,0.01,642,55179,123.59,64.0
PENIND,PENINDEQN,170.44,170.45,170.45,0.01,0.01,128,21817,279.9,129.1
VRAJ,VRAJEQN,123.99,124.0,124.0,0.01,0.01,20,2480,159.99,93.0
SANSTAR,SANSTAREQN,115.54,115.55,115.55,0.01,0.01,2424,280093,137.49,74.3
AARTIIND,AARTIINDEQN,476.6,476.65,476.65,0.05,0.01,542,258344,551.75,338.05
MANAKCOAT,MANAKCOATEQN,129.69,129.7,129.7,0.01,0.01,1805,234108,182.82,94.2
PLATIND,PLATINDEQN,211.11,211.13,211.13,0.02,0.01,51,10767,342.4,183.5
AARTIPHARM,AARTIPHARMEQN,826.95,827.0,827.0,0.05,0.01,236,195172,940.5,585.0
ZUARI,ZUARIEQN,216.03,216.05,216.05,0.02,0.01,619,133734,345.6,175.1
DABUR,DABUREQN,384.55,384.6,384.6,0.05,0.01,3734,1436096,542.8,368.05
TRENT,TRENTEQN,2789.0,2789.3,2789.3,0.3,0.01,445,1241238,3498.67,2183.67
PFC,PFCEQN,344.95,345.0,345.0,0.05,0.01,20939,7223955,486.5,329.9
BAJAJ-AUTO,BAJAJ-AUTOEQN,11500.0,11501.0,11501.0,1.0,0.01,120,1380120,12470.0,8491.5
IRFC,IRFCEQN,79.31,79.32,79.32,0.01,0.01,19347,1534604,137.17,78.16
NAVNETEDUL,NAVNETEDULEQN,124.89,124.9,124.9,0.01,0.01,425,53082,166.0,121.5
CAMPUS,CAMPUSEQN,211.98,212.0,212.0,0.02,0.01,328,69536,289.05,207.92
RIIT,RIITIVN,119.98,119.99,119.99,0.01,0.01,5,599,127.0,105.3
CARYSIL,CARYSILEQN,1111.1,1111.2,1111.2,0.1,0.01,115,127788,1280.9,732.1
BIOCON,BIOCONEQN,380.0,380.05,380.05,0.05,0.01,5096,1936734,447.15,337.05
JSL,JSLEQN,724.45,724.5,724.5,0.05,0.01,552,399924,884.0,652.25
BLISSGVS,BLISSGVSBEN,690.65,690.75,690.75,0.1,0.01,266,183739,728.0,118.0
MTARTECH,MTARTECHBEN,7060.0,7061.0,7061.0,1.0,0.01,384,2711424,8714.0,1706.7
MARKOLINES,MARKOLINESEQN,172.84,172.85,172.85,0.01,0.01,400,69140,191.75,131.65
SITINET,SITINETBZN,0.27,0.27,0.27,0.0,0.0,5271,1423,0.5,0.27
EMKAY,EMKAYEQN,248.95,248.95,248.95,0.0,0.0,1,248,409.9,186.0
WOCKPHARMA,WOCKPHARMAEQN,2072.3,2072.3,2072.3,0.0,0.0,1108,2296108,2422.3,1086.7
TRAVELFOOD,TRAVELFOODEQN,1232.0,1232.0,1232.0,0.0,0.0,87,107184,1470.9,1035.3
SUNDARAM,SUNDARAMEQN,1.18,1.18,1.18,0.0,0.0,10038,11844,2.2,1.03
SOLARA,SOLARAEQN,741.7,741.7,741.7,0.0,0.0,633,469496,774.0,422.0
SPARC,SPARCEQN,193.16,193.16,193.16,0.0,0.0,1052,203204,289.0,108.0
MSPL,MSPLEQN,33.75,33.75,33.75,0.0,0.0,10269,346578,46.12,26.25
SURAJLTD,SURAJLTDEQN,201.9,201.89,201.89,-0.01,0.0,1,201,348.65,192.0
SURAKSHA,SURAKSHAEQN,328.95,328.95,328.95,0.0,0.0,152,50000,349.0,224.1
ENERGYDEV,ENERGYDEVEQN,14.66,14.66,14.66,0.0,0.0,72,1055,29.69,13.15
ORIENTTECH,ORIENTTECHEQN,236.47,236.47,236.47,0.0,0.0,417,98607,466.73,220.8
SGL,SGLEQN,9.68,9.68,9.68,0.0,0.0,5,48,20.79,8.4
RPOWER,RPOWEREQN,21.05,21.05,21.05,0.0,0.0,91226,1920307,50.73,20.17
NDL,NDLEQN,2.82,2.82,2.82,0.0,0.0,2260,6373,3.75,1.8
HDIL,HDILBZN,1.47,1.47,1.47,0.0,0.0,22,32,3.25,1.45
GANGAFORGE,GANGAFORGEEQN,1.57,1.57,1.57,0.0,0.0,3445,5408,3.29,1.53
EVERESTIND,EVERESTINDBEN,400.0,400.0,400.0,0.0,0.0,100,40000,750.0,284.9
ORIENTALTL,ORIENTALTLEQN,4.98,4.98,4.98,0.0,0.0,91,453,11.09,4.4
THELEELA,THELEELAEQN,530.0,530.0,530.0,0.0,0.0,73,38690,582.85,384.5
COFFEEDAY,COFFEEDAYEQN,30.86,30.86,30.86,0.0,0.0,3022,93258,45.95,21.0
CYBERMEDIA,CYBERMEDIABEN,22.03,22.03,22.03,0.0,0.0,108,2379,28.99,11.3
VMM,VMMEQN,101.24,101.24,101.24,0.0,0.0,14368,1454616,153.4,98.77
NARMADA,NARMADAEQN,13.86,13.86,13.86,0.0,0.0,2007,27817,22.59,9.95
MCLOUD,MCLOUDEQN,25.19,25.19,25.19,0.0,0.0,1316,33150,87.0,19.4
SBCL,SBCLEQN,1091.8,1091.8,1091.8,0.0,0.0,388,423618,1215.7,368.6
ARIHANTCAP,ARIHANTCAPEQN,81.21,80.71,80.71,0.0,0.0,384,30992,120.0,56.97
EVEREADY,EVEREADYEQN,334.1,334.1,334.1,0.0,0.0,129,43098,442.1,259.65
DLF,DLFEQN,640.0,640.0,640.0,0.0,0.0,3138,2008320,794.8,489.4
INOXGREEN,INOXGREENEQN,174.64,174.64,174.64,0.0,0.0,892,155778,279.0,132.58
SHK,SHKEQN,138.67,138.67,138.67,0.0,0.0,542,75159,255.79,111.98
MITTAL,MITTALEQN,0.76,0.76,0.76,0.0,0.0,2540,1930,1.82,0.7
EXPLEOSOL,EXPLEOSOLEQN,898.05,898.05,898.05,0.0,0.0,38,34125,1175.1,640.0
UCOBANK,UCOBANKEQN,23.59,23.59,23.59,0.0,0.0,34137,805291,34.2,22.22
WELSPUNLIV,WELSPUNLIVEQN,212.25,212.25,212.25,0.0,0.0,17059,3620772,216.0,107.1
FCSSOFT,FCSSOFTEQN,1.42,1.42,1.42,0.0,0.0,6170,8761,2.53,1.05
TVSELECT,TVSELECTEQN,403.75,403.75,403.75,0.0,0.0,30,12112,739.35,336.2
KIRLOSIND,KIRLOSINDEQN,3780.6,3780.6,3780.6,0.0,0.0,1,3780,4574.8,2463.0
WHIRLPOOL,WHIRLPOOLEQN,727.4,727.4,727.4,0.0,0.0,840,611016,1437.0,723.2
YASHO,YASHOEQN,4003.0,4003.0,4003.0,0.0,0.0,2,8006,4994.0,1130.0
GOPAL,GOPALEQN,252.25,252.25,252.25,0.0,0.0,37,9333,390.9,247.55
SALASAR,SALASAREQN,4.89,4.89,4.89,0.0,0.0,9065,44327,10.99,4.71
RPTECH,RPTECHEQN,806.8,806.8,806.8,0.0,0.0,444,358219,967.7,310.8
PIIND,PIINDEQN,2307.0,2307.0,2307.0,0.0,0.0,122,281454,3832.9,2191.0
INDUSINVIT,INDUSINVITIVN,131.94,131.94,131.94,0.0,0.0,128,16888,138.0,113.21
SPANDANA,SPANDANAEQN,227.02,227.02,227.02,0.0,0.0,181,41090,319.4,181.1
ASIANTILES,ASIANTILESEQN,49.97,49.97,49.97,0.0,0.0,311,15540,79.06,42.5
ELECON,ELECONEQN,414.6,414.6,414.6,0.0,0.0,156,64677,634.9,352.0
GODIGIT,GODIGITEQN,255.5,255.5,255.5,0.0,0.0,140,35770,381.4,244.2
DEEDEV,DEEDEVEQN,636.95,636.95,636.95,0.0,0.0,107,68153,760.0,183.0
AAKASH,AAKASHEQN,8.92,8.92,8.92,0.0,0.0,185,1650,13.4,7.21
SUPRAJIT,SUPRAJITEQN,484.75,484.75,484.75,0.0,0.0,148,71743,559.25,389.95
RAJSREESUG,RAJSREESUGEQN,31.99,31.99,31.99,0.0,0.0,1,31,43.2,24.65
CCCL,CCCLEQN,13.69,13.69,13.69,0.0,0.0,1,13,28.87,12.76
RHIM,RHIMEQN,365.95,365.95,365.95,0.0,0.0,57,20859,508.3,323.05
FEL,FELBZN,0.36,0.36,0.36,0.0,0.0,200,72,0.65,0.34
LTFOODS,LTFOODSEQN,421.9,420.9,420.9,0.0,0.0,232,97648,490.7,333.15
SHILPAMED,SHILPAMEDEQN,958.35,958.35,958.35,0.0,0.0,637,610468,980.1,259.5
MAXHEALTH,MAXHEALTHEQN,1037.0,1037.0,1037.0,0.0,0.0,929,963373,1221.9,903.0
SUVIDHAA,SUVIDHAAEQN,2.2,2.2,2.2,0.0,0.0,515,1133,4.25,1.77
GPIL,GPILEQN,238.39,238.39,238.39,0.0,0.0,1276,304185,320.0,221.21
KEI,KEIEQN,4560.0,4560.0,4560.0,0.0,0.0,274,1249440,5899.0,3728.7
KKCL,KKCLEQN,489.65,489.65,489.65,0.0,0.0,1,489,595.0,408.35
JKLAKSHMI,JKLAKSHMIEQN,510.4,510.4,510.4,0.0,0.0,246,125558,927.75,495.2
RML,RMLEQN,1281.8,1281.8,1281.8,0.0,0.0,1,1281,1440.0,608.5
JYOTICNC,JYOTICNCEQN,980.85,980.85,980.85,0.0,0.0,679,665997,1058.85,580.1
SSDL,SSDLEQN,62.08,62.08,62.08,0.0,0.0,6,372,91.69,46.15
AWFIS,AWFISEQN,264.7,264.7,264.7,0.0,0.0,1211,320551,639.4,229.05
SAURASHCEM,SAURASHCEMEQN,51.91,51.91,51.91,0.0,0.0,1,51,115.32,47.65
KOHINOOR,KOHINOOREQN,31.2,31.2,31.2,0.0,0.0,1,31,38.47,19.2
GARFIBRES,GARFIBRESEQN,799.7,799.7,799.7,0.0,0.0,1,799,863.4,579.75
BAJAJHIND,BAJAJHINDEQN,19.38,19.38,19.38,0.0,0.0,24267,470294,26.0,14.85
DHANBANK,DHANBANKEQN,28.88,28.88,28.88,0.0,0.0,155,4476,36.85,19.45
JASH,JASHEQN,514.0,514.0,514.0,0.0,0.0,421,216394,572.85,327.1
STYRENIX,STYRENIXEQN,2065.9,2065.9,2065.9,0.0,0.0,16,33054,2653.0,1780.0
GAIL,GAILEQN,172.0,172.0,172.0,0.0,0.0,6097,1048684,186.87,134.36
STYLAMIND,STYLAMINDEQN,3238.2,3238.2,3238.2,0.0,0.0,10,32382,4150.0,1621.0
CHEMPLASTS,CHEMPLASTSEQN,167.8,167.8,167.8,0.0,0.0,608,102022,441.0,161.0
MANALIPETC,MANALIPETCEQN,82.3,82.3,82.3,0.0,0.0,2067,170114,93.0,39.13
ASAHIINDIA,ASAHIINDIAEQN,950.7,950.7,950.7,0.0,0.0,12,11408,1074.0,775.1
KIOCL,KIOCLEQN,337.7,337.7,337.7,0.0,0.0,207,69903,634.55,290.65
RISHABH,RISHABHEQN,778.35,778.35,778.35,0.0,0.0,253,196922,852.0,315.0
INVENTURE,INVENTUREEQN,0.89,0.89,0.89,0.0,0.0,9688,8622,1.68,0.72
PRICOLLTD,PRICOLLTDEQN,752.5,752.5,752.5,0.0,0.0,214,161035,823.0,499.9
PREMIERENE,PREMIERENEEQN,880.0,880.0,880.0,0.0,0.0,6319,5560720,1134.0,660.0
GTLINFRA,GTLINFRAEQN,1.14,1.14,1.14,0.0,0.0,132765,151352,1.67,0.96
ABAN,ABANBEN,14.32,14.32,14.32,0.0,0.0,211,3021,45.62,12.89
RATNAMANI,RATNAMANIEQN,2702.6,2702.6,2702.6,0.0,0.0,48,129724,3345.0,1936.5
MARINE,MARINEEQN,373.15,373.15,373.15,0.0,0.0,1084,404494,450.0,150.86
ESCORTS,ESCORTSEQN,2830.0,2830.0,2830.0,0.0,0.0,75,212250,3987.8,2700.0
STOVEKRAFT,STOVEKRAFTEQN,833.65,833.65,833.65,0.0,0.0,4,3334,877.0,447.05
INTLCONV,INTLCONVEQN,76.49,76.49,76.49,0.0,0.0,112,8566,114.54,60.0
MOLDTKPAC,MOLDTKPACEQN,661.85,661.85,661.85,0.0,0.0,181,119794,837.0,464.9
NAUKRI,NAUKRIEQN,1265.0,1265.0,1265.0,0.0,0.0,524,662860,1433.6,908.3
SAIFL,SAIFLSMN,4.4,4.4,4.4,0.0,0.0,4000,17600,20.25,4.2
UFLEX,UFLEXEQN,652.95,652.95,652.95,0.0,0.0,2130,1390783,723.5,330.0
TIINDIA,TIINDIAEQN,2598.8,2598.9,2598.9,0.1,0.0,410,1065549,3414.3,2164.9
SANWARIA,SANWARIABZN,0.19,0.19,0.19,0.0,0.0,7500,1425,0.36,0.18
AWL,AWLEQN,184.04,184.04,184.04,0.0,0.0,4036,742785,282.9,171.19
INDOBORAX,INDOBORAXEQN,466.75,466.75,466.75,0.0,0.0,44,20537,542.8,225.31
PIXTRANS,PIXTRANSEQN,1724.6,1724.6,1724.6,0.0,0.0,1,1724,2089.0,1252.0
MOTILALOFS,MOTILALOFSEQN,988.7,988.7,988.7,0.0,0.0,480,474576,1097.1,614.9
MAGNUM,MAGNUMEQN,19.53,19.53,19.53,0.0,0.0,7,136,28.0,16.25
ORCHPHARMA,ORCHPHARMAEQN,958.05,958.05,958.05,0.0,0.0,204,195442,1133.0,480.0
BOROSCI,BOROSCIEQN,118.29,118.29,118.29,0.0,0.0,10,1182,180.8,96.64
AGIIL,AGIILEQN,266.15,266.15,266.15,0.0,0.0,1014,269876,434.4,224.7
MAPMYINDIA,MAPMYINDIAEQN,889.8,889.8,889.8,0.0,0.0,114,101437,1998.0,795.0
EIHAHOTELS,EIHAHOTELSEQN,294.95,294.95,294.95,0.0,0.0,1,294,412.7,266.65
SANGHVIMOV,SANGHVIMOVEQN,419.65,419.65,419.65,0.0,0.0,284,119180,528.0,223.8
VAKRANGEE,VAKRANGEEEQN,5.25,5.25,5.25,0.0,0.0,138,724,9.77,4.61
GLAXO,GLAXOEQN,2799.9,2800.0,2800.0,0.1,0.0,336,940800,3120.7,2088.1
WONDERLA,WONDERLAEQN,516.65,516.65,516.65,0.0,0.0,35,18082,645.95,455.0
ATUL,ATULEQN,6133.5,6133.5,6133.5,0.0,0.0,3,18400,7180.0,5560.5
FMGOETZE,FMGOETZEEQN,447.5,447.5,447.5,0.0,0.0,636,284610,641.1,358.0
ARSHIYA,ARSHIYABZN,0.74,0.74,0.74,0.0,0.0,7441,5506,2.17,0.68
AARON,AARONEQN,124.42,124.42,124.42,0.0,0.0,1,124,228.0,106.8
PATELENG,PATELENGEQN,25.96,25.96,25.96,0.0,0.0,3847,99868,41.13,22.0
IGPL,IGPLEQN,554.55,554.55,554.55,0.0,0.0,241,133646,590.0,315.0
ANUP,ANUPEQN,1646.6,1646.6,1646.6,0.0,0.0,1,1646,2576.0,1422.3
HEROMOTOCO,HEROMOTOCOEQN,5325.0,5325.0,5325.0,0.0,0.0,416,2215200,6388.5,4671.5
VISHWARAJ,VISHWARAJEQN,5.25,5.25,5.25,0.0,0.0,1131,5937,9.32,4.14
TITAGARH,TITAGARHEQN,827.15,827.15,827.15,0.0,0.0,1049,867680,971.0,568.7
REDTAPE,REDTAPEEQN,118.65,118.65,118.65,0.0,0.0,287,34052,163.5,107.53
SIS,SISEQN,419.8,419.8,419.8,0.0,0.0,14,5877,480.95,257.05
AVANTEL,AVANTELEQN,146.37,146.37,146.37,0.0,0.0,1536,224824,215.0,117.05
MOTHERSON,MOTHERSONEQN,161.87,161.87,161.87,0.0,0.0,19252,3116321,173.27,101.01
RAPPID,RAPPIDSMN,368.5,368.5,368.5,0.0,0.0,600,221100,376.0,207.0
MANKIND,MANKINDEQN,2300.0,2300.0,2300.0,0.0,0.0,522,1200600,2674.0,1909.7
PRAJIND,PRAJINDEQN,317.1,317.1,317.1,0.0,0.0,559,177258,427.65,273.0
PRSMJOHNSN,PRSMJOHNSNEQN,113.44,113.44,113.44,0.0,0.0,60,6806,176.0,97.1
NOVARTIND,NOVARTINDEQN,2082.2,2082.2,2082.2,0.0,0.0,611,1272224,2588.8,950.0
HCLTECH,HCLTECHEQN,1258.3,1258.3,1258.3,0.0,0.0,6257,7873183,1780.1,1030.0
MUKANDLTD,MUKANDLTDEQN,134.2,134.2,134.2,0.0,0.0,50,6710,154.25,114.31
3MINDIA,3MINDIAEQN,32530.0,32530.0,32530.0,0.0,0.0,4,130120,38030.0,28730.0
XTGLOBAL,XTGLOBALEQN,29.45,29.45,29.45,0.0,0.0,1,29,46.25,25.2
RAINBOW,RAINBOWEQN,1473.4,1473.4,1473.4,0.0,0.0,154,226903,1610.0,1084.0
SILVERTUC,SILVERTUCEQN,149.08,149.08,149.08,0.0,0.0,192,28623,216.8,67.58
ASHOKA,ASHOKAEQN,108.8,108.8,108.8,0.0,0.0,1103,120006,214.5,101.0
COALINDIA,COALINDIAEQN,418.0,418.0,418.0,0.0,0.0,6400,2675200,491.25,369.6
AZAD,AZADEQN,2605.3,2605.3,2605.3,0.0,0.0,475,1237517,2986.6,1360.0
GRADIENTE,GRADIENTEBEN,2.36,2.36,2.36,0.0,0.0,97,228,9.4,2.08
TIRUMALCHM,TIRUMALCHMEQN,155.56,155.56,155.56,0.0,0.0,52,8089,328.8,143.5
BRITANNIA,BRITANNIAEQN,4982.0,4982.0,4982.0,0.0,0.0,117,582894,6271.0,4933.0
HGINFRA,HGINFRAEQN,460.65,460.65,460.65,0.0,0.0,166,76467,1048.0,429.5
JUBLPHARMA,JUBLPHARMAEQN,1012.1,1012.1,1012.1,0.0,0.0,138,139669,1184.8,786.05
DBSTOCKBRO,DBSTOCKBROBEN,29.22,29.22,29.22,0.0,0.0,1,29,48.5,23.15
DBCORP,DBCORPEQN,187.82,187.82,187.82,0.0,0.0,49,9203,285.05,182.51
DBL,DBLEQN,408.35,408.35,408.35,0.0,0.0,65,26542,585.0,381.55
HATHWAY,HATHWAYEQN,10.02,10.02,10.02,0.0,0.0,13349,133756,15.25,8.76
HIKAL,HIKALEQN,225.29,225.29,225.29,0.0,0.0,175,39425,282.7,146.25
LICI,LICIEQN,400.0,400.0,400.0,0.0,0.0,10054,4021600,468.48,360.75
DPSCLTD,DPSCLTDBEN,7.1,7.1,7.1,0.0,0.0,592,4203,13.31,6.84
KPITTECH,KPITTECHEQN,559.3,559.3,559.3,0.0,0.0,4914,2748400,1328.0,543.0
ONEPOINT,ONEPOINTEQN,59.14,59.14,59.14,0.0,0.0,1059,62629,65.85,40.58
KSCL,KSCLEQN,703.35,703.35,703.35,0.0,0.0,51,35870,1225.0,685.4
KOLTEPATIL,KOLTEPATILEQN,433.1,433.1,433.1,0.0,0.0,62,26852,554.6,292.25
BSE,BSEEQN,3259.0,3259.0,3259.0,0.0,0.0,5544,18067896,4446.8,2021.5
BRNL,BRNLEQN,16.41,16.41,16.41,0.0,0.0,10006,164198,26.5,16.0
DEN,DENEQN,26.45,26.45,26.45,0.0,0.0,121,3200,37.35,22.52
ONGC,ONGCEQN,232.43,232.43,232.43,0.0,0.0,30113,6999164,307.5,227.65
SHREDIGCEM,SHREDIGCEMEQN,67.42,67.42,67.42,0.0,0.0,100,6742,97.15,53.9
SKFINDIA,SKFINDIAEQN,1541.0,1541.0,1541.0,0.0,0.0,26,40066,5074.0,1404.0
ANGELONE,ANGELONEEQN,295.0,295.0,295.0,0.0,0.0,4496,1326320,360.45,208.63
BALKRISIND,BALKRISINDEQN,2170.8,2170.7,2170.7,-0.1,0.0,269,583918,2775.0,1970.0
GRAVITA,GRAVITAEQN,1611.6,1611.6,1611.6,0.0,0.0,627,1010473,1913.6,1266.9
NILASPACES,NILASPACESEQN,12.48,12.48,12.48,0.0,0.0,670,8361,20.47,11.35
FEDFINA,FEDFINAEQN,152.27,152.27,152.27,0.0,0.0,1554,236627,178.48,119.07
DOMS,DOMSEQN,2121.6,2121.6,2121.6,0.0,0.0,21,44553,2755.0,2023.9
NHPC,NHPCEQN,75.2,75.2,75.2,0.0,0.0,43427,3265710,89.22,71.62
KOTHARIPET,KOTHARIPETEQN,132.64,132.64,132.64,0.0,0.0,380,50403,156.96,94.75
BDL,BDLEQN,1151.9,1151.9,1151.9,0.0,0.0,3057,3521358,1654.0,1086.0
HONAUT,HONAUTEQN,33915.0,33915.0,33915.0,0.0,0.0,3,101745,41495.0,26220.0
SHANTIGOLD,SHANTIGOLDEQN,242.44,242.44,242.44,0.0,0.0,2810,681256,280.75,155.0
DMART,DMARTEQN,3711.2,3711.1,3711.1,-0.1,0.0,900,3339990,4818.0,3529.0
COROMANDEL,COROMANDELEQN,1929.8,1929.8,1929.8,0.0,0.0,66,127366,2499.0,1706.5
VIKASLIFE,VIKASLIFEEQN,1.22,1.22,1.22,0.0,0.0,2675,3263,2.37,1.05
TCI,TCIEQN,826.55,826.55,826.55,0.0,0.0,93,76869,1242.0,822.9
COFORGE,COFORGEEQN,1793.0,1793.0,1793.0,0.0,0.0,2002,3589586,2021.2,1008.1
63MOONS,63MOONSEQN,872.65,872.65,872.65,0.0,0.0,602,525335,966.0,467.0
GEOJITFSL,GEOJITFSLEQN,80.12,80.12,80.12,0.0,0.0,974,78036,86.5,50.86
TECILCHEM,TECILCHEMEQN,9.76,9.76,9.76,0.0,0.0,14,136,22.08,8.0
BILVYAPAR,BILVYAPARBEN,4.15,4.15,4.15,0.0,0.0,100,415,14.7,3.8
MKPL,MKPLEQN,4.07,4.07,4.07,0.0,0.0,1178,4794,8.85,3.56
LLOYDSENGG,LLOYDSENGGEQN,80.2,80.2,80.2,0.0,0.0,4150,332830,99.75,37.4
DIXON,DIXONEQN,13290.0,13290.0,13290.0,0.0,0.0,305,4053450,18471.0,9600.0
JSWENERGY,JSWENERGYEQN,512.0,512.0,512.0,0.0,0.0,1882,963584,617.35,427.75
MMTC,MMTCEQN,60.14,60.14,60.14,0.0,0.0,3112,187155,78.35,50.1
RTNPOWER,RTNPOWEREQN,7.06,7.06,7.06,0.0,0.0,37217,262752,12.57,6.95
IRBINVIT,IRBINVITIVN,63.85,63.85,63.85,0.0,0.0,8689,554792,65.0,57.05
INDIGRID,INDIGRIDIVN,173.12,173.12,173.12,0.0,0.0,1289,223151,180.9,161.01
DYNAMATECH,DYNAMATECHEQN,11819.0,11819.0,11819.0,0.0,0.0,47,555493,12875.0,6716.0
ZEEL,ZEELEQN,78.31,78.31,78.31,0.0,0.0,39834,3119400,121.8,68.0
REMSONSIND,REMSONSINDEQN,95.06,95.06,95.06,0.0,0.0,1,95,152.45,75.23
TNPL,TNPLEQN,144.64,144.64,144.64,0.0,0.0,3282,474708,175.75,121.51
THOMASCOOK,THOMASCOOKEQN,103.42,103.42,103.42,0.0,0.0,343,35473,175.0,86.35
AFFLE,AFFLEEQN,1545.6,1545.6,1545.6,0.0,0.0,117,180835,2185.9,1251.3
EXCELINDUS,EXCELINDUSEQN,963.8,963.8,963.8,0.0,0.0,25,24095,1210.0,800.05
TRIDENT,TRIDENTEQN,23.08,23.08,23.08,0.0,0.0,8735,201603,30.94,21.98
SHRENIK,SHRENIKBZN,0.29,0.29,0.29,0.0,0.0,1033,299,0.65,0.27
NEXTMEDIA,NEXTMEDIAEQN,3.88,3.88,3.88,0.0,0.0,20,77,8.48,3.16
GODREJIND,GODREJINDEQN,1127.3,1127.3,1127.3,0.0,0.0,69,77783,1443.0,744.2
MANAKSTEEL,MANAKSTEELBEN,104.46,104.46,104.46,0.0,0.0,10,1044,120.76,45.11
VCL,VCLBEN,1.67,1.67,1.67,0.0,0.0,652,1088,2.66,0.87
GUJTHEM,GUJTHEMEQN,420.15,420.15,420.15,0.0,0.0,170,71425,479.0,225.05
ADANIGREEN,ADANIGREENEQN,1274.2,1274.2,1274.2,0.0,0.0,2456,3129435,1631.5,765.0
HPAL,HPALEQN,34.83,34.83,34.83,0.0,0.0,530,18459,53.0,26.52
THERMAX,THERMAXEQN,3569.5,3569.5,3569.5,0.0,0.0,379,1352840,5277.8,2742.7
ATHERENERG,ATHERENERGEQN,1550.0,1550.0,1550.0,0.0,0.0,6980,10819000,1744.0,534.5
ARE&M,ARE&MEQN,795.3,795.3,795.3,0.0,0.0,1173,932886,1044.0,670.0
ELLEN,ELLENEQN,371.0,371.0,371.0,0.0,0.0,511,189581,548.6,175.0
RELINFRA,RELINFRABEN,51.01,51.01,51.01,0.0,0.0,1273,64935,274.45,50.51
SWANDEF,SWANDEFBEN,2720.8,2720.8,2720.8,0.0,0.0,6,16324,2750.0,577.1
AEROENTER,AEROENTEREQN,122.94,122.94,122.94,0.0,0.0,1852,227684,159.6,62.2
COHANCE,COHANCEEQN,439.95,439.95,439.95,0.0,0.0,260,114387,996.0,266.7
BRIGHOTEL,BRIGHOTELEQN,56.52,56.52,56.52,0.0,0.0,200,11304,87.79,54.36
CPPLUS,CPPLUSEQN,3378.4,3378.4,3378.4,0.0,0.0,941,3179074,4094.0,1227.0
APTECHT,APTECHTBEN,87.67,87.67,87.67,0.0,0.0,25,2191,132.99,69.1
SUMEETINDS,SUMEETINDSEQN,9.35,9.35,9.35,0.0,0.0,2017,18858,35.67,9.26
RICOAUTO,RICOAUTOEQN,128.04,128.04,128.04,0.0,0.0,10,1280,157.99,78.92
CRISIL,CRISILEQN,4560.0,4560.0,4560.0,0.0,0.0,57,259920,5115.0,3686.0
YUKEN,YUKENEQN,1123.1,1123.1,1123.1,0.0,0.0,2,2246,1153.85,584.1
SAREGAMA,SAREGAMAEQN,489.25,489.25,489.25,0.0,0.0,150,73387,574.5,307.05
DEEPINDS,DEEPINDSEQN,734.7,734.7,734.7,0.0,0.0,138,101388,825.0,330.0
VIRTUALG,VIRTUALGBEN,0.49,0.49,0.49,0.0,0.0,3398,1665,0.6,0.4
IGCL,IGCLEQN,66.22,66.22,66.22,0.0,0.0,28,1854,112.9,49.46
FERMENTA,FERMENTAEQN,465.7,465.7,465.7,0.0,0.0,123,57281,580.45,248.85
KOTIC,KOTICEQN,135.69,135.69,135.69,0.0,0.0,147,19946,223.7,123.12
AVADHSUGAR,AVADHSUGAREQN,721.0,721.0,721.0,0.0,0.0,62,44702,884.8,306.05
RAMCOIND,RAMCOINDEQN,320.9,320.9,320.9,0.0,0.0,30,9627,398.05,230.65
VISHAL,VISHALEQN,18.12,18.12,18.12,0.0,0.0,101,1830,21.94,17.35
HAZOOR,HAZOOREQN,18.55,18.55,18.55,0.0,0.0,17,315,22.49,17.44
PPL,PPLBEN,271.95,271.95,271.95,0.0,0.0,20,5439,334.4,163.21
ADVIKCA,ADVIKCAEQN,0.97,0.97,0.97,0.0,0.0,872,845,1.27,0.91
SEDEMAC,SEDEMACEQN,3110.6,3110.6,3110.6,0.0,0.0,152,472811,3368.9,1413.1
BOSCH-HCIL,BOSCH-HCILEQN,1668.3,1668.3,1668.3,0.0,0.0,8,13346,1891.3,1021.3
INDOKEM,INDOKEMEQN,643.15,643.15,643.15,0.0,0.0,6,3858,666.9,555.0
HILINFRA,HILINFRAEQN,43.07,43.07,43.07,0.0,0.0,584,25152,91.3,40.1
THEJO,THEJOEQN,2183.4,2183.4,2183.4,0.0,0.0,3,6550,2286.6,1443.6
ELGIRUBCO,ELGIRUBCOEQN,60.81,60.81,60.81,0.0,0.0,3,182,72.69,32.72
ITDC,ITDCEQN,662.7,662.7,662.7,0.0,0.0,370,245199,822.0,368.0
RPGLIFE,RPGLIFEEQN,2824.5,2824.5,2824.5,0.0,0.0,27,76261,3082.0,1733.0
PIGL,PIGLEQN,99.76,99.76,99.76,0.0,0.0,60,5985,189.7,88.05
ESABINDIA,ESABINDIAEQN,5618.5,5618.5,5618.5,0.0,0.0,2,11237,7319.5,4710.0
TARAPUR,TARAPUREQN,12.46,12.46,12.46,0.0,0.0,2,24,39.99,12.1
MADHAVIPL,MADHAVIPLEQN,7.59,7.59,7.59,0.0,0.0,289,2193,9.9,6.95
INDOCO,INDOCOEQN,254.44,254.44,254.44,0.0,0.0,8,2035,317.35,162.19
UNITECH,UNITECHEQN,4.27,4.27,4.27,0.0,0.0,7494,31999,7.93,3.1
ARVSMART,ARVSMARTEQN,553.45,553.45,553.45,0.0,0.0,13,7194,707.85,486.8
ALOKINDS,ALOKINDSEQN,7.05,7.05,7.05,0.0,0.0,149255,1052247,19.34,7.0
KENNAMET,KENNAMETEQN,4321.6,4321.6,4321.6,0.0,0.0,55,237688,5136.0,2405.2
ANMOL,ANMOLBEN,14.77,14.77,14.77,0.0,0.0,800,11816,18.55,8.4
EMAMIPAP,EMAMIPAPBEN,111.97,111.97,111.97,0.0,0.0,55,6158,133.7,55.0
AVANCE,AVANCEEQN,0.78,0.78,0.78,0.0,0.0,155653,121409,0.94,0.75
TANAA,TANAAEQN,266.05,266.05,266.05,0.0,0.0,5,1330,322.0,238.0
JYOTIRES,JYOTIRESEQN,837.9,837.9,837.9,0.0,0.0,12,10054,911.0,821.2
CORDELIA,CORDELIAEQN,109.68,109.68,109.68,0.0,0.0,845,92679,115.49,62.31
AKSHARCHEM,AKSHARCHEMBEN,373.5,373.5,373.5,0.0,0.0,4,1494,472.0,141.3
CAPILLARY,CAPILLARYEQN,448.95,448.95,448.95,0.0,0.0,307,137827,798.95,438.15
UFBL,UFBLBEN,690.9,690.9,690.9,0.0,0.0,20,13818,850.0,172.34
ONMOBILE,ONMOBILEBEN,51.31,51.31,51.31,0.0,0.0,201,10313,84.0,40.21
AURUS,AURUSEQN,4.72,4.72,4.72,0.0,0.0,100,472,7.29,4.1
AARTIDRUGS,AARTIDRUGSEQN,428.35,428.35,428.35,0.0,0.0,388,166199,534.55,318.95
MOHITE,MOHITEEQN,2.44,2.44,2.44,0.0,0.0,5666,13825,3.3,2.15
VIDYAWIRES,VIDYAWIRESEQN,85.34,85.34,85.34,0.0,0.0,975,83206,117.35,42.51
VGCL,VGCLEQN,48.01,48.01,48.01,0.0,0.0,50,2400,62.95,48.0
SUPERSPIN,SUPERSPINBEN,7.19,7.19,7.19,0.0,0.0,60,431,9.98,3.79
IONEXCHANG,IONEXCHANGEQN,424.35,424.35,424.35,0.0,0.0,315,133670,486.0,312.7
SREEL,SREELBEN,294.03,294.03,294.03,0.0,0.0,6,1764,400.0,165.25
MCLEODRUSS,MCLEODRUSSEQN,42.22,42.22,42.22,0.0,0.0,51,2153,78.41,28.5
ACCURACY,ACCURACYBEN,4.65,4.65,4.65,0.0,0.0,3144,14619,7.51,3.4
SBIFUNDS,SBIFUNDSEQN,540.95,540.95,540.95,0.0,0.0,5747,3108839,624.95,525.3
GENUSPAPER,GENUSPAPEREQN,11.18,11.18,11.18,0.0,0.0,2,22,18.38,8.67
AHLWEST,AHLWESTBEN,551.95,551.95,551.95,0.0,0.0,58,32013,751.4,137.0
JSWHL,JSWHLEQN,11146.0,11146.0,11146.0,0.0,0.0,2,22292,22790.0,10530.0
AMAGI,AMAGIEQN,574.35,574.35,574.35,0.0,0.0,113,64901,727.4,310.2
SULA,SULAEQN,135.9,135.9,135.9,0.0,0.0,1231,167292,292.74,132.06
LEENEE,LEENEEBEN,7.92,7.92,7.92,0.0,0.0,11,87,11.48,6.81
SUPRIYA,SUPRIYAEQN,900.65,900.65,900.65,0.0,0.0,257,231467,1085.0,545.5
DIVGIITTS,DIVGIITTSEQN,1122.2,1122.2,1122.2,0.0,0.0,79,88653,1329.8,573.7
CERA,CERAEQN,5592.0,5592.0,5592.0,0.0,0.0,7,39144,6740.0,4461.1
SGLRES,SGLRESEQN,2.49,2.49,2.49,0.0,0.0,25,62,2.74,2.27
WINDMACHIN,WINDMACHINEQN,300.05,300.05,300.05,0.0,0.0,11,3300,343.9,200.65
JUSTDIAL,JUSTDIALEQN,674.05,674.05,674.05,0.0,0.0,127,85604,878.6,480.5
MAFATIND,MAFATINDEQN,120.9,120.9,120.9,0.0,0.0,20,2418,157.77,119.02
DPWIRES,DPWIRESBEN,146.95,146.95,146.95,0.0,0.0,5,734,281.65,125.02
COCKERILL,COCKERILLEQN,8029.0,8029.0,8029.0,0.0,0.0,1,8029,10871.5,4955.0
GMBREW,GMBREWEQN,937.05,937.05,937.05,0.0,0.0,237,222080,1328.8,698.55
IIFLCAPS,IIFLCAPSEQN,336.95,336.9,336.9,-0.05,-0.01,114,38406,411.3,240.4
LIBERTSHOE,LIBERTSHOEEQN,216.0,215.98,215.98,-0.02,-0.01,18,3887,404.95,210.5
GRINDWELL,GRINDWELLEQN,1862.2,1862.0,1862.0,-0.2,-0.01,76,141512,2455.0,1329.0
GESHIP,GESHIPEQN,1425.1,1425.0,1425.0,-0.1,-0.01,722,1028850,1798.0,971.1
CYIENTDLM,CYIENTDLMEQN,893.5,893.45,893.45,-0.05,-0.01,574,512840,1009.0,265.2
UNIPARTS,UNIPARTSEQN,878.05,878.0,878.0,-0.05,-0.01,558,489924,915.95,399.8
MSTCLTD,MSTCLTDEQN,715.25,715.2,715.2,-0.05,-0.01,88,62937,805.0,362.15
SWARAJENG,SWARAJENGEQN,3552.9,3552.4,3552.4,-0.5,-0.01,3,10657,4545.0,3301.3
BLACKROSE,BLACKROSEBEN,103.21,103.2,103.2,-0.01,-0.01,503,51909,129.9,80.05
CHENNPETRO,CHENNPETROEQN,1414.1,1414.0,1414.0,-0.1,-0.01,4375,6186250,1677.5,716.8
RAIN,RAINEQN,203.02,203.0,203.0,-0.02,-0.01,2797,567791,252.0,99.9
TORNTPHARM,TORNTPHARMEQN,4875.0,4874.5,4874.5,-0.5,-0.01,85,414332,5250.0,3480.6
APARINDS,APARINDSEQN,17801.0,17800.0,17800.0,-1.0,-0.01,289,5144200,18465.0,6801.0
CRIZAC,CRIZACEQN,176.56,176.55,176.55,-0.01,-0.01,125,22068,355.15,159.95
SAMBHV,SAMBHVEQN,129.09,129.08,129.08,-0.01,-0.01,2304,297400,141.32,81.42
ADSL,ADSLEQN,96.99,96.98,96.98,-0.01,-0.01,5,484,209.53,86.27
TIPSMUSIC,TIPSMUSICEQN,656.6,656.5,656.5,-0.1,-0.02,380,249470,741.0,481.15
PROZONER,PROZONEREQN,53.6,53.59,53.59,-0.01,-0.02,200,10718,72.77,39.55
EIMCOELECO,EIMCOELECOEQN,2247.4,2247.0,2247.0,-0.4,-0.02,4,8988,2380.0,1405.5
SUNTECK,SUNTECKEQN,281.25,281.2,281.2,-0.05,-0.02,159,44710,472.5,270.75
EMUDHRA,EMUDHRAEQN,633.35,633.25,633.25,-0.1,-0.02,4166,2638119,710.1,364.55
GMRP&UI,GMRP&UIEQN,92.13,92.11,92.11,-0.02,-0.02,304,28001,136.3,86.8
RRKABEL,RRKABELEQN,2390.5,2390.0,2390.0,-0.5,-0.02,1185,2832150,2983.8,1181.6
GLAND,GLANDEQN,2907.8,2907.2,2907.2,-0.6,-0.02,226,657027,3042.0,1573.6
BLUEDART,BLUEDARTEQN,4811.3,4810.5,4810.5,-0.8,-0.02,5,24052,7036.0,4628.5
DWARKESH,DWARKESHEQN,40.53,40.52,40.52,-0.01,-0.02,7780,315245,59.9,32.13
SHREERAMA,SHREERAMAEQN,44.36,44.35,44.35,-0.01,-0.02,76,3370,71.99,37.62
TMCV,TMCVEQN,436.1,436.0,436.0,-0.1,-0.02,13950,6082200,509.0,306.3
HPL,HPLEQN,280.4,280.35,280.35,-0.05,-0.02,157,44014,505.0,255.55
MWL,MWLEQN,40.18,40.17,40.17,-0.01,-0.02,113,4539,48.0,20.0
SCANSTL,SCANSTLBEN,53.96,53.95,53.95,-0.01,-0.02,20,1079,68.81,31.35
KECL,KECLEQN,119.42,119.4,119.4,-0.02,-0.02,332,39640,155.0,75.47
CANHLIFE,CANHLIFEEQN,155.36,155.33,155.33,-0.03,-0.02,236,36657,166.69,106.0
PERNIASPOP,PERNIASPOPEQN,554.5,554.4,554.4,-0.1,-0.02,103,57103,588.9,511.5
FILATEX,FILATEXEQN,90.35,90.32,90.32,-0.03,-0.03,31249,2822409,91.9,36.26
CEATLTD,CEATLTDEQN,3431.1,3430.0,3430.0,-1.1,-0.03,186,637980,4438.0,3061.2
FAZE3Q,FAZE3QEQN,442.15,442.0,442.0,-0.15,-0.03,36,15912,650.05,322.1
ONIDA,ONIDAEQN,32.29,32.28,32.28,-0.01,-0.03,11271,363827,49.23,21.5
HESTERBIO,HESTERBIOEQN,2245.8,2245.0,2245.0,-0.8,-0.04,1,2245,2683.6,1239.3
SIGNATURE,SIGNATUREEQN,755.3,755.0,755.0,-0.3,-0.04,615,464325,1158.0,705.2
DEEPAKFERT,DEEPAKFERTEQN,1324.6,1324.1,1324.1,-0.5,-0.04,161,213180,1681.0,866.4
ARCL,ARCLEQN,260.57,260.46,260.46,-0.11,-0.04,1,260,280.7,216.89
RMDRIP,RMDRIPBEN,23.01,23.0,23.0,-0.01,-0.04,867,19941,72.22,14.81
VMART,VMARTEQN,790.05,789.75,789.75,-0.3,-0.04,105,82923,888.0,457.9
BAJEL,BAJELEQN,173.08,173.0,173.0,-0.08,-0.05,243,42039,226.69,135.1
MAZDOCK,MAZDOCKEQN,2210.0,2209.0,2209.0,-1.0,-0.05,4067,8984003,3061.4,2057.4
POCL,POCLEQN,470.25,470.0,470.0,-0.25,-0.05,2915,1370050,647.6,392.2
VGUARD,VGUARDEQN,330.15,330.0,330.0,-0.15,-0.05,265,87450,392.2,288.8
ORIENTCEM,ORIENTCEMEQN,122.09,122.03,122.03,-0.06,-0.05,408,49788,237.29,120.6
EXICOM,EXICOMEQN,160.09,160.0,160.0,-0.09,-0.06,8595,1375200,189.17,75.6
HNDFDS,HNDFDSEQN,620.35,620.0,620.0,-0.35,-0.06,263,163060,677.75,442.0
CREDITACC,CREDITACCEQN,1370.8,1370.0,1370.0,-0.8,-0.06,567,776790,1634.0,1113.0
BAYERCROP,BAYERCROPEQN,3893.4,3891.0,3891.0,-2.4,-0.06,45,175095,5489.0,3885.3
GIPCL,GIPCLEQN,186.12,186.0,186.0,-0.12,-0.06,405,75330,211.71,119.9
SUNPHARMA,SUNPHARMAEQN,1867.3,1866.1,1866.1,-1.2,-0.06,1650,3079065,2046.9,1548.0
WSTCSTPAPR,WSTCSTPAPREQN,716.45,716.0,716.0,-0.45,-0.06,56,40096,743.0,375.0
NDTV,NDTVEQN,71.04,71.0,71.0,-0.04,-0.06,419,29749,134.5,58.75
ANURAS,ANURASEQN,1181.3,1179.1,1179.1,-0.7,-0.06,105,123805,1415.0,1045.2
DCAL,DCALEQN,162.11,162.0,162.0,-0.11,-0.07,128,20736,321.95,128.5
ICICIGI,ICICIGIEQN,1486.7,1485.7,1485.7,-1.0,-0.07,568,843877,2064.9,1423.1
JPPOWER,JPPOWEREQN,15.26,15.25,15.25,-0.01,-0.07,170138,2594604,24.5,13.15
RALLIS,RALLISEQN,204.14,204.0,204.0,-0.14,-0.07,756,154224,342.1,196.81
CANBK,CANBKEQN,123.9,123.81,123.81,-0.09,-0.07,34588,4282340,162.89,113.01
VLSFINANCE,VLSFINANCEEQN,239.67,238.0,238.0,-0.17,-0.07,18,4284,339.0,198.81
KRONOX,KRONOXBEN,173.57,173.45,173.45,-0.12,-0.07,248,43015,223.42,96.0
TINNARUBR,TINNARUBREQN,1000.75,1000.0,1000.0,-0.75,-0.07,130,130000,1322.0,527.45
SHREEPUSHK,SHREEPUSHKEQN,512.5,510.0,510.0,-0.4,-0.08,571,291210,545.2,272.45
ZAGGLE,ZAGGLEEQN,181.38,181.24,181.24,-0.14,-0.08,853,154597,405.4,154.36
BALAJEE,BALAJEEEQN,25.03,25.01,25.01,-0.02,-0.08,318,7953,54.48,21.1
360ONE,360ONEEQN,1061.3,1060.5,1060.5,-0.8,-0.08,73,77416,1236.2,906.05
PAGEIND,PAGEINDEQN,35020.0,34990.0,34990.0,-30.0,-0.09,13,454870,45890.0,29805.0
RAMKY,RAMKYEQN,320.7,319.4,319.4,-0.3,-0.09,150,47910,705.0,308.85
DCW,DCWEQN,45.42,45.18,45.18,-0.04,-0.09,3584,161925,76.35,37.11
CUB,CUBEQN,231.82,231.6,231.6,-0.22,-0.09,3066,710085,248.85,151.95
MHRIL,MHRILEQN,195.17,195.0,195.0,-0.17,-0.09,83,16185,368.9,188.21
ANAWIL,ANAWILSMN,430.4,430.0,430.0,-0.4,-0.09,400,172000,491.95,313.2
WELSPLSOL,WELSPLSOLEQN,53.93,53.88,53.88,-0.05,-0.09,3692,198924,63.25,36.0
VHL,VHLEQN,3403.5,3400.0,3400.0,-3.5,-0.1,1,3400,4275.0,2870.0
CDSL,CDSLEQN,1349.4,1348.0,1348.0,-1.4,-0.1,2314,3119272,1673.7,1116.3
ULTRAMAR,ULTRAMAREQN,412.5,412.1,412.1,-0.4,-0.1,1,412,455.75,364.1
EQUITASBNK,EQUITASBNKEQN,72.13,72.05,72.05,-0.08,-0.11,8449,608750,83.9,51.25
BAJAJFINSV,BAJAJFINSVEQN,1859.2,1857.2,1857.2,-2.0,-0.11,933,1732767,2195.0,1597.0
CONCORDBIO,CONCORDBIOEQN,1461.1,1459.5,1459.5,-1.6,-0.11,151,220384,1704.0,987.0
ZIMLAB,ZIMLABEQN,137.92,137.77,137.77,-0.15,-0.11,132,18185,144.49,59.31
INDHOTEL,INDHOTELEQN,726.65,725.85,725.85,-0.8,-0.11,2878,2088996,791.45,565.0
IGL,IGLEQN,148.67,148.5,148.5,-0.17,-0.11,3597,534154,223.5,141.74
KSHINTL,KSHINTLEQN,1045.55,1044.4,1044.4,-1.15,-0.11,1286,1343098,1198.0,330.0
SAATVIKGL,SAATVIKGLEQN,404.5,404.05,404.05,-0.45,-0.11,352,142225,567.0,328.0
SRIKPRIND,SRIKPRINDBEN,27.83,27.8,27.8,-0.03,-0.11,90,2502,36.8,19.4
DIGISPICE,DIGISPICEEQN,16.28,16.26,16.26,-0.02,-0.12,15,243,33.89,14.82
INDUSTOWER,INDUSTOWEREQN,381.35,380.9,380.9,-0.45,-0.12,2506,954535,481.5,337.8
BLUESTARCO,BLUESTARCOEQN,1553.0,1551.2,1551.2,-1.8,-0.12,585,907452,2032.9,1432.3
WEWORK,WEWORKEQN,682.85,682.0,682.0,-0.85,-0.12,77,52514,794.5,420.0
PPLPHARMA,PPLPHARMAEQN,204.71,204.45,204.45,-0.26,-0.13,5057,1033903,231.93,132.3
MOLDTECH,MOLDTECHBEN,194.15,193.9,193.9,-0.25,-0.13,25,4847,227.0,101.1
SUDARSCHEM,SUDARSCHEMEQN,1205.4,1203.8,1203.8,-1.6,-0.13,243,292523,1603.0,726.4
MVELECTRO,MVELECTROEQN,796.0,795.0,795.0,-1.0,-0.13,1408,1119360,948.0,516.55
ICEMAKE,ICEMAKEEQN,668.9,668.0,668.0,-0.9,-0.13,10,6680,920.0,660.3
UPL,UPLEQN,554.75,554.0,554.0,-0.75,-0.14,1685,933490,812.2,549.8
INDTERRAIN,INDTERRAINEQN,28.9,28.86,28.86,-0.04,-0.14,201,5800,42.62,24.56
NDRAUTO,NDRAUTOEQN,701.0,700.0,700.0,-1.0,-0.14,123,86100,1186.6,605.05
APOLLOPIPE,APOLLOPIPEEQN,525.85,525.05,525.05,-0.8,-0.15,290,152264,668.8,252.1
AMRUTANJAN,AMRUTANJANEQN,491.0,490.25,490.25,-0.75,-0.15,109,53437,772.0,476.5
JETFREIGHT,JETFREIGHTEQN,19.43,19.4,19.4,-0.03,-0.15,50,970,25.95,11.9
AEQUS,AEQUSEQN,229.33,228.98,228.98,-0.35,-0.15,2546,582983,274.39,113.3
SHREEJISPG,SHREEJISPGEQN,691.0,689.95,689.95,-1.05,-0.15,88,60715,721.5,222.0
NIACL,NIACLEQN,197.05,196.76,196.76,-0.29,-0.15,16036,3155243,242.6,116.97
SBICARD,SBICARDEQN,636.95,635.95,635.95,-1.0,-0.16,658,418455,965.0,565.45
FORTIS,FORTISEQN,886.1,884.7,884.7,-1.4,-0.16,975,862582,1104.3,766.8
GRMOVER,GRMOVEREQN,80.13,80.0,80.0,-0.13,-0.16,3903,312240,185.45,79.31
JAIPURKURT,JAIPURKURTEQN,24.74,24.7,24.7,-0.04,-0.16,50,1235,42.74,23.91
FORCEMOT,FORCEMOTEQN,17650.0,17622.0,17622.0,-28.0,-0.16,94,1656468,26450.0,14911.0
BUTTERFLY,BUTTERFLYEQN,578.85,577.9,577.9,-0.95,-0.16,23,13291,823.85,565.8
RAMAPHO,RAMAPHOEQN,116.9,116.7,116.7,-0.2,-0.17,5,583,217.19,103.5
TECHM,TECHMEQN,1561.0,1558.3,1558.3,-2.7,-0.17,1036,1614398,1854.0,1304.1
RAMCOCEM,RAMCOCEMEQN,858.95,857.5,857.5,-1.45,-0.17,40,34300,1214.5,838.3
NIRLON,NIRLONEQN,601.05,600.0,600.0,-1.05,-0.17,50,30000,657.0,516.03
APCOTEXIND,APCOTEXINDEQN,599.4,598.4,598.4,-1.0,-0.17,162,96940,712.0,310.45
MEDICAMEQ,MEDICAMEQBEN,346.3,344.7,344.7,-0.6,-0.17,15,5170,0.0,0.0
STEELXIND,STEELXINDEQN,11.2,11.18,11.18,-0.02,-0.18,16147,180523,13.95,7.0
PLAZACABLE,PLAZACABLEEQN,62.31,62.2,62.2,-0.11,-0.18,30,1866,66.0,27.0
JYOTHYLAB,JYOTHYLABEQN,193.84,193.5,193.5,-0.34,-0.18,523,101200,326.7,188.1
INDSWFTLAB,INDSWFTLABEQN,378.25,377.55,377.55,-0.7,-0.19,1988,750569,404.0,87.15
ARKADE,ARKADEEQN,117.22,117.0,117.0,-0.22,-0.19,706,82602,185.3,92.62
V2RETAIL,V2RETAILEQN,210.4,210.01,210.01,-0.39,-0.19,492,103324,259.25,165.51
ECLERX,ECLERXEQN,1923.0,1919.4,1919.4,-3.6,-0.19,561,1076783,2497.5,1320.0
BHEL,BHELEQN,429.2,428.4,428.4,-0.8,-0.19,15461,6623492,446.5,229.54
BIRLAPREC,BIRLAPRECBEN,58.6,58.49,58.49,-0.11,-0.19,37,2164,63.49,32.25
ITI,ITIEQN,255.3,254.8,254.8,-0.5,-0.2,838,213522,372.85,237.0
TVTODAY,TVTODAYEQN,107.72,107.5,107.5,-0.22,-0.2,11,1182,154.29,93.5
HINDWAREAP,HINDWAREAPEQN,176.95,176.58,176.58,-0.37,-0.21,370,65334,392.7,170.5
EKC,EKCEQN,101.01,100.1,100.1,-0.21,-0.21,670,67067,154.55,90.25
SRTL,SRTLEQN,37.98,37.9,37.9,-0.08,-0.21,6,227,73.36,35.87
INSECTICID,INSECTICIDEQN,598.85,597.55,597.55,-1.3,-0.22,4,2390,789.45,518.6
DHANUKA,DHANUKAEQN,982.25,980.05,980.05,-2.2,-0.22,6,5880,1620.4,889.6
MALUPAPER,MALUPAPEREQN,31.97,31.9,31.9,-0.07,-0.22,1,31,44.11,27.0
OLECTRA,OLECTRAEQN,1186.2,1183.0,1183.0,-2.6,-0.22,248,293384,1714.2,866.6
PRADPME,PRADPMEBEN,451.0,450.0,450.0,-1.0,-0.22,1,450,596.0,357.05
REGAAL,REGAALEQN,80.08,79.9,79.9,-0.18,-0.22,124,9907,106.47,57.27
SYRMA,SYRMAEQN,1617.7,1614.1,1614.1,-3.6,-0.22,5339,8617679,1660.0,634.5
GOODYEAR,GOODYEAREQN,706.15,704.6,704.6,-1.55,-0.22,254,178968,876.0,704.6
HEXT,HEXTEQN,526.45,525.25,525.25,-1.2,-0.23,397,208524,807.75,400.2
FUSION,FUSIONEQN,184.45,184.02,184.02,-0.43,-0.23,100,18402,243.0,136.5
ELPROINTL,ELPROINTLEQN,173.26,172.86,172.86,-0.4,-0.23,4,691,180.89,86.0
DREDGECORP,DREDGECORPEQN,988.0,985.6,985.6,-2.4,-0.24,301,296665,1286.0,538.0
MCX,MCXEQN,3265.2,3257.5,3257.5,-7.7,-0.24,2564,8352230,3480.0,1536.6
KOTAKBANK,KOTAKBANKEQN,416.5,415.5,415.5,-1.0,-0.24,5153,2141071,453.2,345.5
ODIGMA,ODIGMAEQN,21.0,20.95,20.95,-0.05,-0.24,6,125,56.09,20.0
AVIENCE,AVIENCESMN,334.8,334.0,334.0,-0.8,-0.24,600,200400,414.95,222.0
JKPAPER,JKPAPEREQN,418.05,417.0,417.0,-1.05,-0.25,1514,631338,444.8,304.85
CANTABIL,CANTABILEQN,243.0,242.4,242.4,-0.6,-0.25,185,44844,321.5,208.5
AKSHOPTFBR,AKSHOPTFBRBEN,8.02,8.0,8.0,-0.02,-0.25,200,1600,9.01,3.82
KANSAINER,KANSAINEREQN,184.2,183.73,183.73,-0.47,-0.26,2590,475860,264.0,157.91
CENTEXT,CENTEXTEQN,19.05,19.0,19.0,-0.05,-0.26,1561,29659,31.59,14.25
KAMDHENU,KAMDHENUBEN,39.5,39.0,39.0,-0.1,-0.26,639,24921,40.95,16.15
GLENMARK,GLENMARKEQN,2416.0,2409.8,2409.8,-6.2,-0.26,658,1585648,2537.6,1792.6
PRAVEG,PRAVEGEQN,252.05,250.9,250.9,-0.65,-0.26,14,3512,325.0,210.4
ALLCARGO,ALLCARGOEQN,11.03,11.0,11.0,-0.03,-0.27,59312,652432,36.55,7.11
VEEDOL,VEEDOLEQN,1385.3,1381.6,1381.6,-3.7,-0.27,121,167173,2035.0,1238.2
SHIVALIK,SHIVALIKEQN,369.3,368.3,368.3,-1.0,-0.27,153,56349,491.9,206.4
JAMNAAUTO,JAMNAAUTOEQN,126.96,126.6,126.6,-0.36,-0.28,3379,427781,152.6,89.74
LIKHITHA,LIKHITHAEQN,222.63,222.0,222.0,-0.63,-0.28,112,24864,272.0,131.45
FINPIPE,FINPIPEEQN,154.43,154.0,154.0,-0.43,-0.28,1402,215908,220.8,147.54
DIACABS,DIACABSBEN,376.05,375.0,375.0,-1.05,-0.28,5658,2121750,404.0,115.57
IXIGO,IXIGOEQN,160.06,159.6,159.6,-0.46,-0.29,1079,172208,339.15,151.27
ANANDRATHI,ANANDRATHIEQN,2207.4,2201.1,2201.1,-6.3,-0.29,290,638319,2255.0,1353.85
DIGJAMLMTD,DIGJAMLMTDBEN,58.67,58.5,58.5,-0.17,-0.29,2084,121914,73.19,36.03
NRL,NRLBEN,137.13,136.73,136.73,-0.4,-0.29,11,1504,139.0,45.1
SYNGENE,SYNGENEEQN,380.2,379.1,379.1,-1.1,-0.29,137,51936,678.95,374.2
GOLDENTOBC,GOLDENTOBCBZN,24.07,24.0,24.0,-0.07,-0.29,96,2304,36.57,20.34
PRABHA,PRABHAEQN,220.77,220.1,220.1,-0.67,-0.3,731,160893,262.8,137.91
NELCAST,NELCASTEQN,108.04,107.72,107.72,-0.32,-0.3,755,81328,173.2,85.98
NUVOCO,NUVOCOEQN,319.0,318.05,318.05,-0.95,-0.3,56,17810,453.25,276.25
SANGAMIND,SANGAMINDEQN,583.05,581.3,581.3,-1.75,-0.3,77,44760,672.5,391.2
UNICHEMLAB,UNICHEMLABEQN,538.45,536.85,536.85,-1.6,-0.3,110,59053,687.2,278.2
DHOOTTRANS,DHOOTTRANSEQN,1579.8,1575.0,1575.0,-4.8,-0.3,1801,2836575,1735.3,1131.0
MASTERTR,MASTERTREQN,87.47,87.2,87.2,-0.27,-0.31,76,6627,164.5,55.6
GREENLAM,GREENLAMEQN,236.73,236.0,236.0,-0.73,-0.31,207,48852,278.55,197.59
STEELCITY,STEELCITYEQN,85.77,85.5,85.5,-0.27,-0.31,12,1026,105.57,71.26
ANANTRAJ,ANANTRAJEQN,596.9,595.0,595.0,-1.9,-0.32,3144,1870680,743.65,403.0
ONESOURCE,ONESOURCEEQN,1580.0,1575.0,1575.0,-5.0,-0.32,1515,2386125,1925.0,1057.0
SAFARI,SAFARIEQN,1511.4,1506.6,1506.6,-4.8,-0.32,65,97929,2507.1,1363.1
SJLOGISTIC,SJLOGISTICSMN,311.0,310.0,310.0,-1.0,-0.32,250,77500,459.0,225.35
PRUDENT,PRUDENTEQN,3320.2,3309.7,3309.7,-10.5,-0.32,4,13238,4105.5,2121.0
CAMS,CAMSEQN,714.95,712.65,712.65,-2.3,-0.32,2609,1859303,844.9,611.4
CHEMFAB,CHEMFABEQN,356.15,355.0,355.0,-1.15,-0.32,1,355,703.0,290.35
KESORAMIND,KESORAMINDBEN,12.34,12.3,12.3,-0.04,-0.32,832,10233,14.26,4.55
SATIA,SATIAEQN,67.63,67.41,67.41,-0.22,-0.33,475,32019,85.73,50.8
LUMAXTECH,LUMAXTECHEQN,2018.0,2011.3,2011.3,-6.7,-0.33,204,410305,2148.7,1083.2
DECCANCE,DECCANCEEQN,569.2,567.3,567.3,-1.9,-0.33,20,11346,1158.0,525.0
RAMCOSYS,RAMCOSYSEQN,564.85,563.0,563.0,-1.85,-0.33,78,43914,967.5,342.1
CIPLA,CIPLAEQN,1376.3,1371.7,1371.7,-4.6,-0.33,1182,1621349,1673.0,1165.7
TICL,TICLBEN,6.11,6.09,6.09,-0.02,-0.33,1000,6090,33.99,6.1
JKCEMENT,JKCEMENTEQN,5027.0,5010.0,5010.0,-17.0,-0.34,137,686370,7000.0,4671.5
ORKLAINDIA,ORKLAINDIAEQN,578.25,576.3,576.3,-1.95,-0.34,164,94513,760.0,533.25
QUADFUTURE,QUADFUTUREEQN,521.5,519.7,519.7,-1.8,-0.35,2924,1519602,534.35,248.55
HMAAGRO,HMAAGROEQN,23.08,23.0,23.0,-0.08,-0.35,2303,52969,34.24,19.09
IEX,IEXEQN,113.4,113.0,113.0,-0.4,-0.35,8037,908181,160.27,110.35
JUBLCPL,JUBLCPLEQN,2020.4,2013.3,2013.3,-7.1,-0.35,53,106704,2753.1,1460.0
3IINFOLTD,3IINFOLTDBEN,25.76,25.67,25.67,-0.09,-0.35,142,3645,27.8,12.68
HBLENGINE,HBLENGINEEQN,756.75,754.0,754.0,-2.75,-0.36,7732,5829928,1122.0,613.0
PPAP,PPAPBEN,235.85,235.0,235.0,-0.85,-0.36,5,1175,379.5,176.0
VASCONEQ,VASCONEQEQN,30.51,30.4,30.4,-0.11,-0.36,1759,53473,74.59,26.75
SHALBY,SHALBYEQN,138.5,138.0,138.0,-0.5,-0.36,300,41400,274.7,125.82
BANARISUG,BANARISUGEQN,3302.8,3290.9,3290.9,-11.9,-0.36,2,6581,4338.0,3105.2
AEROPLANE,AEROPLANEEQN,193.7,193.0,193.0,-0.7,-0.36,10,1930,209.44,117.02
BFINVEST,BFINVESTEQN,438.95,437.35,437.35,-1.6,-0.36,500,218675,584.7,315.0
LLOYDSENT,LLOYDSENTEQN,67.0,66.75,66.75,-0.25,-0.37,12642,843853,84.7,40.69
GODAVARIB,GODAVARIBEQN,243.31,242.41,242.41,-0.9,-0.37,622,150779,353.0,224.0
SIYSIL,SIYSILEQN,514.45,512.55,512.55,-1.9,-0.37,107,54842,848.8,433.35
ENDURANCE,ENDURANCEEQN,2690.8,2680.8,2680.8,-10.0,-0.37,163,436970,3072.0,2142.8
KOPRAN,KOPRANEQN,268.59,267.59,267.59,-1.0,-0.37,2956,790996,274.78,107.0
DANGEE,DANGEEEQN,2.72,2.71,2.71,-0.01,-0.37,198,536,5.08,2.53
NACLIND,NACLINDEQN,148.88,148.33,148.33,-0.55,-0.37,2115,313717,245.0,112.62
IDFCFIRSTB,IDFCFIRSTBEQN,86.33,86.0,86.0,-0.33,-0.38,103840,8930240,88.76,58.08
ANDREWYU,ANDREWYUEQN,26.08,25.98,25.98,-0.1,-0.38,250,6495,30.49,24.51
MGL,MGLEQN,1071.2,1067.1,1067.1,-4.1,-0.38,145,154729,1378.0,900.0
SPMLINFRA,SPMLINFRAEQN,170.67,170.0,170.0,-0.67,-0.39,8662,1472540,288.1,151.01
ORICONENT,ORICONENTEQN,51.26,51.06,51.06,-0.2,-0.39,101,5157,73.12,48.81
ANDHRAPAP,ANDHRAPAPEQN,71.88,71.6,71.6,-0.28,-0.39,737,52769,86.89,58.0
TIMKEN,TIMKENEQN,3185.1,3172.6,3172.6,-12.5,-0.39,100,317260,3925.0,2800.5
PATANJALI,PATANJALIEQN,354.45,353.05,353.05,-1.4,-0.39,10152,3584163,614.9,328.2
PROSTARM,PROSTARMEQN,131.01,130.5,130.5,-0.51,-0.39,125,16312,234.85,114.64
ARROWGREEN,ARROWGREENEQN,902.5,899.0,899.0,-3.5,-0.39,76,68324,952.75,341.95
TVSSRICHAK,TVSSRICHAKEQN,4886.0,4867.0,4867.0,-19.0,-0.39,33,160611,5760.0,2980.0
AUROPHARMA,AUROPHARMAEQN,1690.0,1683.2,1683.2,-6.8,-0.4,4634,7799948,1717.0,1066.8
VENUSPIPES,VENUSPIPESEQN,2131.7,2123.1,2123.1,-8.6,-0.4,1808,3838564,2160.0,890.0
CUMMINSIND,CUMMINSINDEQN,5020.0,5000.0,5000.0,-20.0,-0.4,199,995000,6100.0,3833.0
AIAENG,AIAENGEQN,3983.4,3967.5,3967.5,-15.9,-0.4,136,539580,5180.0,3034.0
OMAXAUTO,OMAXAUTOEQN,175.79,175.09,175.09,-0.7,-0.4,100,17509,263.4,84.5
FSL,FSLEQN,273.1,272.0,272.0,-1.1,-0.4,5674,1543328,379.7,202.0
XPROINDIA,XPROINDIAEQN,1236.1,1231.0,1231.0,-5.1,-0.41,2,2462,1574.8,788.05
5PAISA,5PAISAEQN,315.4,314.1,314.1,-1.3,-0.41,240,75384,416.95,245.5
FINOPB,FINOPBEQN,136.43,135.87,135.87,-0.56,-0.41,128,17391,339.0,110.03
POLYMED,POLYMEDEQN,1712.7,1705.7,1705.7,-7.0,-0.41,45,76756,2107.8,1182.0
JAIBALAJI,JAIBALAJIEQN,63.81,63.55,63.55,-0.26,-0.41,992,63041,107.0,53.65
ICICIAMC,ICICIAMCEQN,3098.0,3085.2,3085.2,-12.8,-0.41,109,336286,3611.0,2530.0
ELIN,ELINEQN,89.88,89.51,89.51,-0.37,-0.41,1,89,234.0,83.97
GSPCROP,GSPCROPEQN,484.05,482.0,482.0,-2.05,-0.42,205,98810,667.95,328.0
TRITURBINE,TRITURBINEEQN,556.8,554.4,554.4,-2.4,-0.43,567,314344,787.6,428.35
MAMATA,MAMATAEQN,393.9,392.2,392.2,-1.7,-0.43,68,26669,515.0,297.0
ADANIENSOL,ADANIENSOLEQN,1386.8,1380.9,1380.9,-5.9,-0.43,3400,4695060,1789.0,803.1
CAPACITE,CAPACITEEQN,192.73,191.9,191.9,-0.83,-0.43,717,137592,334.0,180.0
CRAFTSMAN,CRAFTSMANEQN,10937.0,10890.0,10890.0,-47.0,-0.43,111,1208790,11999.0,6324.0
HONASA,HONASAEQN,460.1,458.1,458.1,-2.0,-0.43,2195,1005529,509.8,248.4
AURIONPRO,AURIONPROEQN,705.0,702.0,702.0,-3.0,-0.43,143,100386,1296.8,663.0
ESAFSFB,ESAFSFBBEN,38.44,38.27,38.27,-0.17,-0.44,72,2755,44.99,19.78
YATRA,YATRAEQN,104.16,103.7,103.7,-0.46,-0.44,1674,173593,202.0,89.9
STANLEY,STANLEYEQN,137.63,137.01,137.01,-0.62,-0.45,62,8494,320.45,123.0
RUPA,RUPAEQN,134.97,134.36,134.36,-0.61,-0.45,200,26872,212.84,109.21
STARHEALTH,STARHEALTHEQN,560.55,558.0,558.0,-2.55,-0.45,141,78678,624.9,416.55
MAXESTATES,MAXESTATESEQN,577.6,575.0,575.0,-2.6,-0.45,120,69000,584.0,305.45
GANDHAR,GANDHAREQN,269.4,268.2,268.2,-1.2,-0.45,1206,323449,303.17,115.0
BORANA,BORANAEQN,299.5,298.15,298.15,-1.35,-0.45,100,29815,420.0,215.35
IKS,IKSEQN,1728.9,1721.0,1721.0,-7.9,-0.46,239,411319,1933.0,1262.0
RANEHOLDIN,RANEHOLDINEQN,1626.3,1618.9,1618.9,-7.4,-0.46,9,14570,1894.5,981.0
BHAGCHEM,BHAGCHEMEQN,247.95,246.8,246.8,-1.15,-0.46,16,3948,316.9,170.6
CTE,CTEBEN,38.77,38.59,38.59,-0.18,-0.46,55,2122,59.93,20.51
SCILAL,SCILALEQN,38.19,38.01,38.01,-0.18,-0.47,225,8552,55.0,34.3
ROUTE,ROUTEEQN,492.6,490.3,490.3,-2.3,-0.47,254,124536,890.0,410.7
ANNU,ANNUEQN,49.28,49.05,49.05,-0.23,-0.47,5783,283656,75.6,46.55
TATASTEEL,TATASTEELEQN,187.29,186.4,186.4,-0.89,-0.48,123928,23100179,224.4,160.06
PRIVISCL,PRIVISCLEQN,3490.8,3474.0,3474.0,-16.8,-0.48,83,288342,3785.3,2329.6
LUPIN,LUPINEQN,2098.1,2088.1,2088.1,-10.0,-0.48,1211,2528689,2529.5,1900.0
LTM,LTMEQN,4265.3,4245.0,4245.0,-20.3,-0.48,297,1260765,6429.5,3528.0
SPAL,SPALEQN,1003.1,998.2,998.2,-4.9,-0.49,117,116789,1221.9,600.0
RKDL,RKDLEQN,18.3,18.21,18.21,-0.09,-0.49,1,18,32.48,16.3
BAJAJCON,BAJAJCONEQN,502.45,500.0,500.0,-2.45,-0.49,435,217500,692.0,225.67
BIOFILCHEM,BIOFILCHEMEQN,32.86,32.7,32.7,-0.16,-0.49,243,7946,46.34,25.6
KPRMILL,KPRMILLEQN,1095.4,1090.0,1090.0,-5.4,-0.49,837,912330,1334.0,796.1
ABDL,ABDLEQN,653.1,649.9,649.9,-3.2,-0.49,2431,1579906,711.7,382.1
RPEL,RPELEQN,1654.3,1646.1,1646.1,-8.2,-0.5,82,134980,1943.7,561.3
AADHARHFC,AADHARHFCEQN,469.35,467.0,467.0,-2.35,-0.5,295,137765,563.0,430.15
KAJARIACER,KAJARIACEREQN,1217.2,1211.1,1211.1,-6.1,-0.5,78,94465,1293.8,869.6
VTL,VTLEQN,561.3,558.5,558.5,-2.8,-0.5,2825,1577762,688.0,385.5
RGL,RGLEQN,156.49,155.7,155.7,-0.79,-0.5,1503,234017,163.45,85.0
GLOTTIS,GLOTTISEQN,58.0,57.71,57.71,-0.29,-0.5,100,5771,93.0,37.0
NH,NHEQN,1868.6,1859.0,1859.0,-9.6,-0.51,362,672958,2093.3,1589.0
DEVIT,DEVITEQN,23.43,23.31,23.31,-0.12,-0.51,227,5291,44.75,22.25
NOIDATOLL,NOIDATOLLEQN,3.96,3.94,3.94,-0.02,-0.51,1864,7344,7.43,2.87
HDBFS,HDBFSEQN,681.45,678.0,678.0,-3.45,-0.51,305,206790,801.1,555.3
VADILALIND,VADILALINDEQN,7101.0,7065.0,7065.0,-36.0,-0.51,17,120105,8447.0,3996.0
DBOL,DBOLEQN,115.81,115.22,115.22,-0.59,-0.51,40,4608,139.0,69.0
AEPL,AEPLEQN,15.78,15.7,15.7,-0.08,-0.51,2,31,20.25,13.25
SURANASOL,SURANASOLEQN,25.03,24.9,24.9,-0.13,-0.52,645,16060,36.5,18.31
STERTOOLS,STERTOOLSBEN,211.65,210.55,210.55,-1.1,-0.52,126,26529,346.7,155.0
HORIZONIND,HORIZONINDEQN,52.17,51.9,51.9,-0.27,-0.52,7307,379233,60.25,52.0
DPABHUSHAN,DPABHUSHANEQN,1337.0,1330.0,1330.0,-7.0,-0.52,1,1330,1670.0,866.1
SOUTHWEST,SOUTHWESTEQN,200.07,199.0,199.0,-1.07,-0.53,45,8955,275.0,121.0
SYMPHONY,SYMPHONYEQN,584.9,581.8,581.8,-3.1,-0.53,67,38980,970.45,562.1
BLUSPRING,BLUSPRINGEQN,123.72,123.06,123.06,-0.66,-0.53,104,12798,139.8,43.98
MUNJALAU,MUNJALAUEQN,104.81,104.24,104.24,-0.57,-0.54,347,36171,130.6,67.2
KISSHT,KISSHTEQN,359.95,358.0,358.0,-1.95,-0.54,6289,2251462,366.8,190.0
HEMIPROP,HEMIPROPEQN,120.81,120.15,120.15,-0.66,-0.55,745,89511,190.69,111.2
HAVELLS,HAVELLSEQN,1092.0,1086.0,1086.0,-6.0,-0.55,4051,4399386,1621.1,1081.1
RPPINFRA,RPPINFRAEQN,54.79,54.48,54.48,-0.31,-0.57,10,544,149.55,53.0
GTL,GTLEQN,7.06,7.02,7.02,-0.04,-0.57,1028,7216,11.26,4.91
INFINIUM,INFINIUMSMN,278.5,276.9,276.9,-1.6,-0.57,500,138450,285.5,189.4
RHFL,RHFLBZN,1.75,1.74,1.74,-0.01,-0.57,3056,5317,4.78,1.7
TCS,TCSEQN,2190.0,2177.2,2177.2,-12.8,-0.58,40311,87765109,3350.0,1976.8
UNITDSPR,UNITDSPREQN,1390.0,1382.0,1382.0,-8.0,-0.58,384,530688,1563.4,1210.8
PRIORITY,PRIORITYBEN,221.17,219.89,219.89,-1.28,-0.58,428,94112,245.0,209.61
PRANAV,PRANAVEQN,111.16,110.51,110.51,-0.65,-0.58,26427,2920447,165.1,105.6
TIRUPATIFL,TIRUPATIFLBEN,64.48,64.1,64.1,-0.38,-0.59,318,20383,83.9,30.11
ALEMBICLTD,ALEMBICLTDEQN,102.72,102.1,102.1,-0.62,-0.6,2035,207773,117.72,70.46
LINCOLN,LINCOLNEQN,600.7,597.05,597.05,-3.65,-0.61,500,298525,770.0,440.0
BAJAJELEC,BAJAJELECEQN,325.3,323.3,323.3,-2.0,-0.61,347,112185,653.8,301.0
RANASUG,RANASUGEQN,14.7,14.61,14.61,-0.09,-0.61,1001,14624,16.45,10.21
VRLLOG,VRLLOGEQN,287.9,286.15,286.15,-1.75,-0.61,72,20602,310.2,225.0
SUNDARMFIN,SUNDARMFINEQN,4662.8,4634.5,4634.5,-28.3,-0.61,19,88055,5642.0,4000.0
BLKASHYAP,BLKASHYAPEQN,52.87,52.55,52.55,-0.32,-0.61,361,18970,68.0,40.32
SATIN,SATINEQN,219.82,218.47,218.47,-1.35,-0.61,211,46097,274.14,135.81
OBEROIRLTY,OBEROIRLTYEQN,1740.7,1730.1,1730.1,-10.6,-0.61,1289,2230098,1986.1,1391.2
TRACXN,TRACXNEQN,30.84,30.65,30.65,-0.19,-0.62,227,6957,55.9,25.39
SURANAT&P,SURANAT&PEQN,15.85,15.75,15.75,-0.1,-0.63,250,3937,24.64,15.5
ONWARDTEC,ONWARDTECEQN,291.75,289.9,289.9,-1.85,-0.63,102,29569,355.0,208.25
PANORAMA,PANORAMAEQN,52.63,52.3,52.3,-0.33,-0.63,1000,52300,56.2,40.0
AJAXENGG,AJAXENGGEQN,566.6,563.0,563.0,-3.6,-0.64,128,72064,697.55,394.8
REFEX,REFEXEQN,271.75,270.0,270.0,-1.75,-0.64,1608,434160,415.0,188.0
INDIACEM,INDIACEMEQN,351.7,349.45,349.45,-2.25,-0.64,2512,877818,485.8,331.65
JSFB,JSFBEQN,520.1,516.7,516.7,-3.4,-0.65,1016,524967,606.95,330.0
KIRLOSENG,KIRLOSENGEQN,2120.6,2106.8,2106.8,-13.8,-0.65,251,528806,2720.0,865.55
ABSLAMC,ABSLAMCEQN,1090.1,1083.0,1083.0,-7.1,-0.65,319,345477,1224.9,708.0
FIVESTAR,FIVESTAREQN,530.95,527.5,527.5,-3.45,-0.65,4473,2359507,666.0,338.15
SUBROS,SUBROSEQN,689.6,685.1,685.1,-4.5,-0.65,10,6851,1213.7,622.1
AIRAN,AIRANEQN,16.7,16.59,16.59,-0.11,-0.66,2564,42536,27.49,12.63
NSIL,NSILEQN,5436.0,5400.0,5400.0,-36.0,-0.66,1,5400,8730.0,4700.0
SHANKARA,SHANKARAEQN,149.29,148.3,148.3,-0.99,-0.66,76,11270,1021.35,98.25
VIDHIING,VIDHIINGEQN,348.3,346.0,346.0,-2.3,-0.66,291,100686,387.85,258.6
NILKAMAL,NILKAMALEQN,1917.2,1904.6,1904.6,-12.6,-0.66,51,97134,2149.5,1050.5
KOVAI,KOVAIEQN,6112.0,6071.5,6071.5,-40.5,-0.66,3,18214,6444.0,5275.5
AYMSYNTEX,AYMSYNTEXEQN,281.95,280.05,280.05,-1.9,-0.67,200,56010,330.0,141.53
BALAJITELE,BALAJITELEEQN,95.97,95.33,95.33,-0.64,-0.67,224,21353,141.32,69.52
BHANDARI,BHANDARIEQN,2.98,2.96,2.96,-0.02,-0.67,11120,32915,4.5,2.0
GREENPLY,GREENPLYEQN,293.2,291.25,291.25,-1.95,-0.67,166,48347,334.4,176.42
LANDMARK,LANDMARKEQN,492.1,488.75,488.75,-3.35,-0.68,347,169596,662.8,339.5
INDIAMART,INDIAMARTEQN,1662.7,1651.4,1651.4,-11.3,-0.68,575,949555,2597.7,1624.1
SWANCORP,SWANCORPEQN,289.8,287.8,287.8,-2.0,-0.69,1596,459328,506.0,273.65
NURECA,NURECABEN,332.35,330.0,330.0,-2.35,-0.71,1,330,358.0,204.0
HOMEFIRST,HOMEFIRSTEQN,1173.3,1165.0,1165.0,-8.3,-0.71,1319,1536635,1317.7,893.7
GRINFRA,GRINFRAEQN,829.05,823.15,823.15,-5.9,-0.71,117,96308,1345.0,785.0
RADIANTCMS,RADIANTCMSEQN,36.26,36.0,36.0,-0.26,-0.72,2029,73044,57.49,32.33
MANAKSIA,MANAKSIAEQN,64.05,63.57,63.57,-0.48,-0.75,79,5022,73.4,42.1
SHILCTECH,SHILCTECHEQN,4103.4,4072.6,4072.6,-30.8,-0.75,79,321735,5399.0,2852.5
GUFICBIO,GUFICBIOEQN,425.5,422.3,422.3,-3.2,-0.75,283,119510,467.8,268.0
IMFA,IMFAEQN,1273.7,1264.1,1264.1,-9.6,-0.75,221,279366,1679.9,1029.1
IVC,IVCEQN,7.85,7.79,7.79,-0.06,-0.76,518,4035,10.99,6.02
KRITIKA,KRITIKAEQN,5.17,5.13,5.13,-0.04,-0.77,259,1328,9.55,4.5
KIRLOSBROS,KIRLOSBROSEQN,1770.8,1757.1,1757.1,-13.7,-0.77,4,7028,2189.2,1335.0
STYLEBAAZA,STYLEBAAZAEQN,388.05,385.0,385.0,-3.05,-0.79,1623,624855,447.1,229.95
PGIL,PGILEQN,1143.1,1134.1,1134.1,-9.0,-0.79,354,401471,1269.8,600.0
ATLASCYCLE,ATLASCYCLEEQN,89.76,89.05,89.05,-0.71,-0.79,5,445,130.0,76.15
IFBIND,IFBINDEQN,1217.9,1208.1,1208.1,-9.8,-0.8,512,618547,2019.8,883.2
ZFSTEERING,ZFSTEERINGEQN,694.6,689.0,689.0,-5.6,-0.81,160,110240,894.98,620.65
GOYALALUM,GOYALALUMEQN,5.9,5.85,5.85,-0.05,-0.85,1275,7458,11.37,5.34
CIFL,CIFLEQN,20.03,19.86,19.86,-0.17,-0.85,359,7129,39.69,18.56
ARMANFIN,ARMANFINEQN,1956.4,1939.7,1939.7,-16.7,-0.85,13,25216,2158.6,1301.0
THEMISMED,THEMISMEDEQN,119.85,118.82,118.82,-1.03,-0.86,1740,206746,148.0,64.95
AMDIND,AMDINDBEN,66.58,66.0,66.0,-0.58,-0.87,392,25872,0.0,0.0
SBILIFE,SBILIFEEQN,1766.9,1751.3,1751.3,-15.6,-0.88,2015,3528869,2132.0,1652.9
WESTLIFE,WESTLIFEEQN,549.05,544.2,544.2,-4.85,-0.88,51,27754,763.8,398.4
PANAMAPET,PANAMAPETEQN,459.75,455.7,455.7,-4.05,-0.88,1200,546840,599.6,229.0
SOMANYCERA,SOMANYCERAEQN,565.85,560.75,560.75,-5.1,-0.9,2,1121,576.8,332.0
BANSALWIRE,BANSALWIREEQN,313.25,310.4,310.4,-2.85,-0.91,245,76048,370.0,222.5
AJOONI,AJOONIEQN,3.27,3.24,3.24,-0.03,-0.92,623,2018,5.94,3.08
DEVX,DEVXEQN,33.31,33.0,33.0,-0.31,-0.93,217,7161,64.05,29.95
OPTIFIN,OPTIFINEQN,15.13,14.99,14.99,-0.14,-0.93,276,4137,16.0,11.25
NORBTEAEXP,NORBTEAEXPEQN,64.73,64.13,64.13,-0.6,-0.93,23,1474,99.35,47.5
EXXARO,EXXAROEQN,6.26,6.2,6.2,-0.06,-0.96,999,6193,10.33,5.99
TAINWALCHM,TAINWALCHMEQN,210.04,208.0,208.0,-2.04,-0.97,10,2080,257.0,155.0
GCSL,GCSLEQN,594.35,588.6,588.6,-5.75,-0.97,1346,792255,616.9,213.15
MFSL,MFSLEQN,1554.0,1538.6,1538.6,-15.4,-0.99,1096,1686305,1892.5,1423.6
ADFFOODS,ADFFOODSEQN,267.75,265.1,265.1,-2.65,-0.99,1075,284982,346.95,153.1
CINEVISTA,CINEVISTAEQN,13.94,13.8,13.8,-0.14,-1.0,1,13,22.8,12.16
SPLIL,SPLILEQN,29.95,29.65,29.65,-0.3,-1.0,21,622,45.2,20.2
MODISONLTD,MODISONLTDBEN,449.5,445.0,445.0,-4.5,-1.0,237,105465,546.0,114.0
RSSOFTWARE,RSSOFTWAREEQN,30.0,29.7,29.7,-0.3,-1.0,1,29,82.0,21.93
ROML,ROMLEQN,41.42,41.0,41.0,-0.42,-1.01,780,31980,62.0,35.11
SASKEN,SASKENEQN,1722.1,1704.4,1704.4,-17.7,-1.03,79,134647,2780.2,991.0
GNFC,GNFCEQN,584.85,578.85,578.85,-6.0,-1.03,5302,3069062,619.0,365.0
SILGO,SILGOEQN,70.18,69.46,69.46,-0.72,-1.03,4,277,86.2,57.55
TRIGYN,TRIGYNEQN,55.18,54.6,54.6,-0.58,-1.05,120,6552,102.4,37.55
BBL,BBLEQN,2203.4,2180.3,2180.3,-23.1,-1.05,707,1541472,3411.0,2051.7
SMCGLOBAL,SMCGLOBALEQN,82.87,82.0,82.0,-0.87,-1.05,1650,135300,95.0,54.44
GAYAHWS,GAYAHWSEQN,1.89,1.87,1.87,-0.02,-1.06,2000,3740,4.76,1.72
ARCIL,ARCILEQN,137.02,135.55,135.55,-1.47,-1.07,43396,5882327,0.0,0.0
VERTOZ,VERTOZEQN,37.12,36.72,36.72,-0.4,-1.08,50,1836,86.75,27.02
SHEKHAWATI,SHEKHAWATIBEN,21.02,20.79,20.79,-0.23,-1.09,2,41,24.8,9.12
BHARATGEAR,BHARATGEARBEN,101.3,100.2,100.2,-1.1,-1.09,3,300,154.2,83.8
SIGMAADV,SIGMAADVBEN,857.4,848.0,848.0,-9.4,-1.1,1610,1365280,867.0,140.1
ACEINTEG,ACEINTEGEQN,18.0,17.8,17.8,-0.2,-1.11,1,17,27.9,14.2
TATAPOWER,TATAPOWEREQN,369.0,364.8,364.8,-4.2,-1.14,27742,10120281,464.9,342.5
ATL,ATLEQN,24.5,24.21,24.21,-0.29,-1.18,1051,25444,37.86,18.2
HILTON,HILTONEQN,17.01,16.81,16.81,-0.2,-1.18,429,7211,47.08,13.43
EIDPARRY,EIDPARRYEQN,703.1,694.65,694.65,-8.45,-1.2,4810,3341266,1118.0,685.5
TTML,TTMLEQN,36.64,36.2,36.2,-0.44,-1.2,47642,1724640,60.08,31.22
EUROPRATIK,EUROPRATIKEQN,234.85,232.0,232.0,-2.85,-1.21,3798,881136,390.0,205.1
AFCONS,AFCONSEQN,267.3,264.0,264.0,-3.3,-1.23,34650,9147600,479.4,225.35
PRITIKAUTO,PRITIKAUTOBEN,14.63,14.45,14.45,-0.18,-1.23,28,404,20.99,10.41
EKI,EKIEQN,68.36,67.51,67.51,-0.85,-1.24,40,2700,82.5,67.0
MADHURKNIT,MADHURKNITSMN,46.9,46.3,46.3,-0.6,-1.28,3600,166680,100.0,44.85
KAVDEFENCE,KAVDEFENCEBEN,71.64,70.7,70.7,-0.94,-1.31,3453,244127,162.87,51.51
NRAIL,NRAILEQN,628.5,620.2,620.2,-8.3,-1.32,7,4341,685.0,357.3
ZEEMEDIA,ZEEMEDIAEQN,7.4,7.3,7.3,-0.1,-1.35,15534,113398,13.26,6.65
CAPITALSFB,CAPITALSFBEQN,279.9,276.1,276.1,-3.8,-1.36,36,9939,323.7,206.55
TNTELE,TNTELEEQN,8.84,8.72,8.72,-0.12,-1.36,120,1046,15.74,7.81
DIGIDRIVE,DIGIDRIVEEQN,17.48,17.24,17.24,-0.24,-1.37,900,15516,33.99,16.1
KOTARISUG,KOTARISUGBEN,27.38,27.0,27.0,-0.38,-1.39,54,1458,39.94,22.5
UTSSAV,UTSSAVSMN,649.3,640.05,640.05,-9.25,-1.42,600,384030,670.0,160.05
ZENITHSTL,ZENITHSTLEQN,5.56,5.48,5.48,-0.08,-1.44,99,542,10.33,4.41
CEWATER,CEWATEREQN,256.5,252.8,252.8,-3.7,-1.44,3353,847638,539.9,235.0
MUTHOOTCAP,MUTHOOTCAPEQN,235.03,231.62,231.62,-3.41,-1.45,80,18529,303.0,175.25
HISARMETAL,HISARMETALEQN,155.38,153.1,153.1,-2.28,-1.47,2,306,192.4,124.99
VENUSREM,VENUSREMBEN,1549.8,1527.0,1527.0,-22.8,-1.47,548,836796,2044.3,424.0
NAHARINDUS,NAHARINDUSEQN,133.47,131.5,131.5,-1.97,-1.48,131,17226,154.0,83.05
BALAXI,BALAXIEQN,23.04,22.7,22.7,-0.34,-1.48,685,15549,47.71,15.2
GENSOL,GENSOLBZN,16.69,16.44,16.44,-0.25,-1.5,135,2219,43.71,16.4
CSBBANK,CSBBANKEQN,328.35,323.4,323.4,-4.95,-1.51,2832,915868,574.4,295.0
VINCOFE,VINCOFEEQN,175.96,173.25,173.25,-2.71,-1.54,13991,2423940,189.4,120.24
LOTUSDEV,LOTUSDEVBEN,213.39,210.1,210.1,-3.29,-1.54,1314,276071,220.4,102.2
TMPV,TMPVEQN,314.5,309.6,309.6,-4.9,-1.56,192802,59691499,739.7,294.3
ALPINETEX,ALPINETEXEQN,52.9,52.05,52.05,-0.85,-1.61,945,49187,105.0,49.15
TEGA,TEGAEQN,1920.0,1888.2,1888.2,-31.8,-1.66,5242,9897944,2125.0,1473.0
FOODSIN,FOODSINEQN,54.79,53.55,53.55,-0.94,-1.73,133,7122,92.83,44.0
RAMANEWS,RAMANEWSEQN,30.94,30.4,30.4,-0.54,-1.75,6558,199363,42.0,27.05
SHOPERSTOP,SHOPERSTOPEQN,413.3,405.9,405.9,-7.4,-1.79,276,112028,572.0,275.95
FMNL,FMNLEQN,8.91,8.75,8.75,-0.16,-1.8,1,8,13.94,6.74
STEAMHOUSE,STEAMHOUSEEQN,102.55,100.7,100.7,-1.85,-1.8,156676,15777273,0.0,0.0
MAHASTEEL,MAHASTEELBEN,1201.9,1180.0,1180.0,-21.9,-1.82,1,1180,1421.0,384.15
IVP,IVPBEN,214.71,210.71,210.71,-4.0,-1.86,8,1685,222.0,110.0
GULFPETRO,GULFPETROBEN,61.77,60.6,60.6,-1.17,-1.89,32,1939,71.4,23.25
VLEGOV,VLEGOVEQN,10.45,10.25,10.25,-0.2,-1.91,488,5002,36.47,8.42
MAHAPEXLTD,MAHAPEXLTDEQN,55.26,54.2,54.2,-1.06,-1.92,55,2981,75.64,37.32
PODDARMENT,PODDARMENTEQN,276.05,270.6,270.6,-5.45,-1.97,5,1353,333.4,201.1
AFFORDABLE,AFFORDABLEEQN,167.31,164.0,164.0,-3.31,-1.98,161,26404,297.0,119.71
SPECTRUM,SPECTRUMBEN,3050.4,2990.0,2990.0,-60.4,-1.98,16,47840,3173.6,1050.0
CINELINE,CINELINEEQN,92.95,91.1,91.1,-1.85,-1.99,150,13665,104.4,73.35
LATTEYS,LATTEYSEQN,20.76,20.34,20.34,-0.42,-2.02,50,1017,37.0,15.79
SETL,SETLEQN,401.45,393.25,393.25,-8.2,-2.04,10269,4038284,468.15,104.56
PAKKA,PAKKAEQN,77.12,75.55,75.55,-1.57,-2.04,20,1511,178.84,69.1
LEMERITE,LEMERITEEQN,18.74,18.35,18.35,-0.39,-2.08,160,2936,107.57,18.23
CALSOFT,CALSOFTBEN,37.69,36.9,36.9,-0.79,-2.1,1381,50958,43.13,10.9
TRU,TRUEQN,4.09,4.0,4.0,-0.09,-2.2,1792,7168,13.12,3.9
VIRINCHI,VIRINCHIEQN,13.92,13.61,13.61,-0.31,-2.23,518,7049,32.69,13.6
ARVEE,ARVEEEQN,172.08,168.1,168.1,-3.98,-2.31,2,336,290.78,129.11
SPECIALITY,SPECIALITYBEN,139.36,136.0,136.0,-3.36,-2.41,420,57120,167.46,82.7
MAHESHWARI,MAHESHWARIEQN,70.0,68.3,68.3,-1.7,-2.43,13,887,76.81,39.04
USK,USKEQN,20.32,19.81,19.81,-0.51,-2.51,352,6973,35.17,18.97
SIL,SILEQN,16.63,16.21,16.21,-0.42,-2.53,8,129,22.3,11.7
RESPONIND,RESPONINDEQN,163.4,159.08,159.08,-4.32,-2.64,5111,813057,240.9,117.25
FLFL,FLFLBZN,1.11,1.08,1.08,-0.03,-2.7,988,1067,1.99,1.1
SAHLIBHFI,SAHLIBHFIEQN,78.52,76.4,76.4,-2.12,-2.7,400,30560,91.95,66.6
DHARIWAL,DHARIWALSMN,24.35,23.65,23.65,-0.7,-2.87,18000,425700,48.3,16.55
AARNAV,AARNAVBEN,31.4,30.5,30.5,-0.9,-2.87,89,2714,37.4,21.0
UCAL,UCALBEN,140.06,136.0,136.0,-4.06,-2.9,275,37400,163.8,77.0
KANORICHEM,KANORICHEMBEN,185.74,180.25,180.25,-5.49,-2.96,151,27217,191.45,56.0
SIKKO,SIKKOBEN,5.99,5.8,5.8,-0.19,-3.17,43659,253222,6.83,3.2
GSLSU,GSLSUEQN,28.17,27.27,27.27,-0.9,-3.19,255,6953,139.67,23.06
SUPTANERY,SUPTANERYBEN,8.78,8.5,8.5,-0.28,-3.19,12451,105833,16.21,6.81
RSDFIN,RSDFINBEN,93.0,90.0,90.0,-3.0,-3.23,4,360,168.48,65.6
ISTLTD,ISTLTDEQN,683.9,661.05,661.05,-22.85,-3.34,6,3966,749.95,605.0
ADROITINFO,ADROITINFOEQN,11.22,10.82,10.82,-0.4,-3.57,150,1623,12.2,7.55
LALITHAA,LALITHAAEQN,290.4,280.0,280.0,-10.4,-3.58,234236,65586080,343.9,240.35
PNC,PNCEQN,16.63,16.02,16.02,-0.61,-3.67,48,768,37.99,15.72
HALDER,HALDEREQN,297.15,286.2,286.2,-10.95,-3.69,16,4579,319.0,210.0
TAKE,TAKEEQN,16.79,16.16,16.16,-0.63,-3.75,7601,122832,50.14,10.09
VISACHROME,VISACHROMEEQN,30.27,29.11,29.11,-1.16,-3.83,49,1426,73.68,27.05
GKB,GKBEQN,65.13,62.6,62.6,-2.53,-3.88,10,626,74.0,60.3
DUCON,DUCONEQN,1.27,1.22,1.22,-0.05,-3.94,253000,308660,4.52,1.27
FASCINATE,FASCINATESMN,45.6,43.7,43.7,-1.9,-4.17,20800,908960,120.8,45.6
RCOM,RCOMBEN,0.96,0.92,0.92,-0.04,-4.17,336808,309863,1.51,0.75
TATAINVEST,TATAINVESTEQN,719.3,688.0,688.0,-31.3,-4.35,32470,22339360,1184.7,538.85
SHYAMCENT,SHYAMCENTBEN,4.97,4.75,4.75,-0.22,-4.43,1000,4750,8.0,3.68
MVKAGRO,MVKAGROSMN,257.15,245.5,245.5,-11.65,-4.53,11100,2725050,819.0,152.05
ORTINGLOBE,ORTINGLOBEEQN,16.45,15.7,15.7,-0.75,-4.56,4000,62800,21.3,10.66
LADDERUP,LADDERUPBEN,62.98,60.05,60.05,-2.93,-4.65,2,120,80.98,42.7
EMPOWER,EMPOWEREQN,2.5,2.38,2.38,-0.12,-4.8,205567,489249,2.82,1.3
ELITECON,ELITECONEQN,7.75,7.37,7.37,-0.38,-4.9,189747,1398435,46.4,7.08
RHETAN,RHETANEQN,20.59,19.57,19.57,-1.02,-4.95,13664,267404,34.87,19.1
ESDS,ESDSEQN,1646.85,1565.0,1565.0,-81.85,-4.97,201347,315108055,1827.4,756.0
ESCONET,ESCONETSTN,213.95,203.3,203.3,-10.65,-4.98,12400,2520920,280.0,91.25
INDOTHAI,INDOTHAIEQN,35.32,33.56,33.56,-1.76,-4.98,148868,4996010,466.35,33.97
SWARAJ,SWARAJBEN,287.4,273.05,273.05,-14.35,-4.99,1600,436880,386.75,158.5
GRAVISSHO,GRAVISSHOBEN,40.26,38.25,38.25,-2.01,-4.99,301,11513,49.9,25.2
QUALIANCE,QUALIANCESTN,202.45,192.35,192.35,-10.1,-4.99,10000,1923500,236.1,202.45
VHLTD,VHLTDBEN,132.08,125.48,125.48,-6.6,-5.0,584,73280,145.2,104.25
ONIXSOLAR,ONIXSOLAREQN,376.2,357.4,357.4,-18.8,-5.0,89,31808,464.2,262.45
LCCPROJECT,LCCPROJECTEQN,170.1,159.63,159.63,-10.47,-6.16,214220,34195938,0.0,0.0
TATACHEM,TATACHEMEQN,779.3,729.0,729.0,-50.3,-6.45,138383,100881207,1026.65,580.3
SHANTI,SHANTIEQN,6.29,5.81,5.81,-0.48,-7.63,165,958,12.26,4.7
ATALREAL,ATALREALEQN,15.87,14.29,14.29,-1.58,-9.96,117544,1679703,36.7,12.38
KDL,KDLSMN,87.5,78.75,78.75,-8.75,-10.0,3000,236250,250.0,84.05
