symbol,identifier,previousClose,lastPrice,iep,change,pChange,finalQuantity,totalTurnover,yearHigh,yearLow
GTECJAINX,GTECJAINXEQN,32.62,35.88,35.88,3.26,9.99,2258,81017,38.35,15.54
RETAIL,RETAILEQN,31.76,34.93,34.93,3.17,9.98,5948,207763,36.54,15.81
BAWEJA,BAWEJASMN,25.65,28.0,28.0,2.35,9.16,2400,67200,51.0,21.1
EUROTEXIND,EUROTEXINDEQN,14.3,15.5,15.5,1.2,8.39,395,6122,23.8,11.07
SMLT,SMLTEQN,61.82,67.0,67.0,5.18,8.38,4206,281802,121.0,56.61
JHS,JHSEQN,12.45,13.47,13.47,1.02,8.19,204713,2757484,13.9,6.26
SUNLOC,SUNLOCEQN,68.8,74.0,74.0,5.2,7.56,3,222,82.0,67.5
GENXAI,GENXAISMN,90.75,97.15,97.15,6.4,7.05,15600,1515540,103.35,65.5
HILINFRA,HILINFRAEQN,42.75,45.42,45.42,2.67,6.25,25328,1150397,86.35,40.1
MFML,MFMLEQN,18.63,19.79,19.79,1.16,6.23,5,98,31.89,16.75
3PLAND,3PLANDEQN,31.01,32.7,32.7,1.69,5.45,500,16350,45.1,28.51
CRAVATEX,CRAVATEXEQN,359.85,379.0,379.0,19.15,5.32,3,1137,410.0,300.0
SANWARIA,SANWARIABZN,0.19,0.2,0.2,0.01,5.26,2534,506,0.35,0.18
EASTSILK,EASTSILKBEN,73.81,77.5,77.5,3.69,5.0,1,77,99.25,45.18
MTARTECH,MTARTECHBEN,7797.0,8186.5,8186.5,389.5,5.0,50047,409709765,8714.0,1824.5
UYFINCORP,UYFINCORPBEN,21.8,22.89,22.89,1.09,5.0,18135,415110,22.89,11.5
STLTECH,STLTECHBEN,909.9,955.35,955.35,45.45,5.0,559973,534970205,955.35,84.6
HFCL,HFCLBEN,227.02,238.37,238.37,11.35,5.0,1054834,251440780,256.7,59.82
SKYTECH,SKYTECHSMN,37.05,38.9,38.9,1.85,4.99,1600,62240,74.0,22.8
SHEKHAWATI,SHEKHAWATIBEN,31.68,33.26,33.26,1.58,4.99,296,9844,33.26,9.12
ABAN,ABANBEN,14.63,15.36,15.36,0.73,4.99,398,6113,43.3,12.89
TICL,TICLBEN,7.42,7.79,7.79,0.37,4.99,11416,88930,33.99,5.33
RELINFRA,RELINFRABEN,44.27,46.48,46.48,2.21,4.99,28606,1329606,255.79,42.56
BHADORA,BHADORASTN,140.25,147.25,147.25,7.0,4.99,1200,176700,140.25,49.5
PRIMECAB,PRIMECABSTN,196.45,206.25,206.25,9.8,4.99,1600,330000,222.0,70.4
SIGMAADV,SIGMAADVBEN,1025.7,1076.9,1076.9,51.2,4.99,28375,30557037,1076.9,140.1
IEML,IEMLSTN,53.45,56.1,56.1,2.65,4.96,17500,981750,135.0,37.8
VIVIMEDLAB,VIVIMEDLABBEN,5.44,5.71,5.71,0.27,4.96,2028,11579,29.4,4.75
VISACHROME,VISACHROMEEQN,36.77,38.59,38.59,1.82,4.95,317,12233,73.68,27.05
SRIKPRIND,SRIKPRINDBEN,26.25,27.55,27.55,1.3,4.95,212,5840,36.8,19.4
MOHITIND,MOHITINDEQN,22.67,23.79,23.79,1.12,4.94,1,23,34.8,18.6
DHARIWAL,DHARIWALSMN,28.4,29.8,29.8,1.4,4.93,21000,625800,48.3,16.55
GRADIENTE,GRADIENTEBEN,2.25,2.36,2.36,0.11,4.89,483201,1140354,9.4,1.95
HEROMOTORS,HEROMOTORSEQN,152.55,159.99,159.99,7.44,4.88,703217,112507687,167.8,80.5
AISL,AISLSMN,63.7,66.8,66.8,3.1,4.87,1800,120240,95.8,49.0
PASHUPATI,PASHUPATIEQN,75.4,79.0,79.0,3.6,4.77,32625,2577375,118.35,67.75
RNPL,RNPLSMN,65.7,68.8,68.8,3.1,4.72,3600,247680,158.0,52.6
BEARDSELL,BEARDSELLEQN,22.43,23.48,23.48,1.05,4.68,1,23,37.37,20.02
ESCONET,ESCONETSTN,235.05,246.0,246.0,10.95,4.66,7600,1869600,280.0,91.25
BIOPOL,BIOPOLSMN,54.0,56.5,56.5,2.5,4.63,2400,135600,133.75,39.5
BELLACASA,BELLACASAEQN,246.61,258.0,258.0,11.39,4.62,1,258,497.35,214.68
SGLRES,SGLRESEQN,2.38,2.49,2.49,0.11,4.62,20069,49971,2.74,2.22
ANKITMETAL,ANKITMETALBZN,1.97,2.06,2.06,0.09,4.57,210,432,2.09,1.29
SAHASRA,SAHASRASMN,454.35,474.95,474.95,20.6,4.53,6800,3229660,472.75,188.35
SACHEEROME,SACHEEROMESMN,465.0,485.95,485.95,20.95,4.51,1500,728925,552.75,200.0
VENUSREM,VENUSREMEQN,1796.1,1877.0,1877.0,80.9,4.5,9452,17741404,2044.3,428.0
GLFL,GLFLEQN,5.39,5.63,5.63,0.24,4.45,200,1126,9.34,3.66
SHRADDHA,SHRADDHAEQN,152.31,159.0,159.0,6.69,4.39,510,81090,179.0,142.0
RVTH,RVTHEQN,669.8,698.9,698.9,29.1,4.34,4,2795,1129.95,491.1
SIGIND,SIGINDBEN,68.73,71.7,71.7,2.97,4.32,11,788,74.99,40.66
GATECHDVR,GATECHDVRBEN,0.47,0.49,0.49,0.02,4.26,2129,1043,0.67,0.36
SADBHIN,SADBHINEQN,2.6,2.71,2.71,0.11,4.23,4552,12335,4.79,2.06
PKTEA,PKTEABEN,1043.35,1087.0,1087.0,43.6,4.18,8,8696,1169.0,605.0
ENERGYDEV,ENERGYDEVEQN,14.39,14.99,14.99,0.6,4.17,200,2998,29.69,13.15
TOYAMSL,TOYAMSLEQN,0.72,0.75,0.75,0.03,4.17,3131,2348,0.92,0.6
PREMIER,PREMIERBEN,2.73,2.84,2.84,0.11,4.03,100,284,3.88,2.56
CSM,CSMEQN,98.17,102.0,102.0,3.83,3.9,530,54060,114.9,76.26
SAHLIBHFI,SAHLIBHFIEQN,78.84,81.9,81.9,3.06,3.88,1,81,91.95,66.6
FALCONTECH,FALCONTECHSMN,12.95,13.45,13.45,0.5,3.86,1200,16140,15.35,9.93
JSIPL,JSIPLBEN,160.79,166.9,166.9,6.11,3.8,119039,19867609,168.82,120.0
PACEDIGITK,PACEDIGITKEQN,159.98,165.99,165.99,6.01,3.76,20490,3401135,231.95,139.81
AMNPLST,AMNPLSTEQN,171.57,178.0,178.0,6.43,3.75,1,178,250.0,127.0
ARSHIYA,ARSHIYABZN,0.81,0.84,0.84,0.03,3.7,3,2,2.12,0.68
TECHERA,TECHERASMN,175.65,182.0,182.0,6.35,3.62,8000,1456000,325.7,127.55
ONEGLOBAL,ONEGLOBALEQN,527.9,546.95,546.95,19.05,3.61,15,8204,580.0,494.0
IVC,IVCEQN,7.8,8.08,8.08,0.28,3.59,1354,10940,10.99,6.02
AAKASH,AAKASHEQN,8.44,8.74,8.74,0.3,3.55,4012,35064,13.4,7.21
FIBERWEB,FIBERWEBEQN,27.41,28.37,28.37,0.96,3.5,9,255,46.95,25.07
SIGMA,SIGMAEQN,44.25,45.8,45.8,1.55,3.5,6055,277319,65.5,35.46
ARVEE,ARVEEEQN,225.16,232.99,232.99,7.83,3.48,30,6989,290.78,129.11
FASCINATE,FASCINATESMN,70.45,72.9,72.9,2.45,3.48,43200,3149280,120.8,43.45
SPECTRUM,SPECTRUMBEN,3846.1,3980.0,3980.0,133.9,3.48,10,39800,3980.0,1050.0
SHRENIK,SHRENIKBZN,0.29,0.3,0.3,0.01,3.45,585,175,0.65,0.27
JOCIL,JOCILEQN,146.86,151.9,151.9,5.04,3.43,3,455,175.12,91.25
MAXVOLT,MAXVOLTSMN,442.45,457.5,457.5,15.05,3.4,2000,915000,509.0,243.0
VHLTD,VHLTDBEN,129.66,134.0,134.0,4.34,3.35,493,66062,145.2,108.79
TTML,TTMLEQN,34.3,35.44,35.44,1.14,3.32,69868,2476121,60.08,31.22
MONEYBOXX,MONEYBOXXBEN,52.28,53.99,53.99,1.71,3.27,501,27048,91.5,35.85
ESSARSHPNG,ESSARSHPNGEQN,18.89,19.5,19.5,0.61,3.23,38808,756756,43.26,15.43
LORDSCHLO,LORDSCHLOEQN,138.54,143.0,143.0,4.46,3.22,1,143,233.0,108.0
SHIVAMILLS,SHIVAMILLSEQN,58.14,60.0,60.0,1.86,3.2,1,60,74.0,43.01
IFBAGRO,IFBAGROEQN,891.65,919.95,919.95,28.3,3.17,100,91995,1790.0,679.15
INFOMEDIA,INFOMEDIAEQN,5.38,5.55,5.55,0.17,3.16,111,616,8.05,4.5
AKSHOPTFBR,AKSHOPTFBRBEN,6.97,7.19,7.19,0.22,3.16,15,107,9.01,3.82
PYRAMID,PYRAMIDEQN,156.01,160.92,160.92,4.91,3.15,7,1126,198.69,131.8
PVSL,PVSLEQN,95.5,98.5,98.5,3.0,3.14,100,9850,163.0,82.41
SIMBHALS,SIMBHALSBZN,6.4,6.6,6.6,0.2,3.13,150,990,14.34,6.1
VLEGOV,VLEGOVEQN,9.99,10.3,10.3,0.31,3.1,110,1133,29.52,8.42
HBSL,HBSLEQN,55.89,57.6,57.6,1.71,3.06,25,1440,108.8,42.63
VALIANTORG,VALIANTORGEQN,455.1,469.0,469.0,13.9,3.05,3156,1480164,480.6,195.0
RAJTV,RAJTVBEN,10.88,11.21,11.21,0.33,3.03,18,201,46.9,7.7
SEPC,SEPCEQN,5.02,5.17,5.17,0.15,2.99,155398,803407,12.24,4.65
MLKFOOD,MLKFOODEQN,83.36,85.8,85.8,2.44,2.93,1,85,93.0,71.02
UNIVASTU,UNIVASTUBEN,132.96,136.85,136.85,3.89,2.93,2390,327071,178.98,56.02
SURANAT&P,SURANAT&PEQN,15.84,16.3,16.3,0.46,2.9,3000,48900,24.12,15.5
MMWL,MMWLEQN,14.82,15.25,15.25,0.43,2.9,34,518,16.57,9.02
AVG,AVGBEN,167.23,172.0,172.0,4.77,2.85,20,3440,256.73,113.26
UNIINFO,UNIINFOEQN,10.94,11.25,11.25,0.31,2.83,1,11,18.98,9.36
PRAXIS,PRAXISEQN,4.59,4.72,4.72,0.13,2.83,120,566,14.44,3.91
IFGLEXPOR,IFGLEXPOREQN,191.45,196.8,196.8,5.35,2.79,170,33456,338.0,119.68
LPDC,LPDCEQN,6.18,6.35,6.35,0.17,2.75,38,241,9.46,5.23
FLFL,FLFLBZN,1.09,1.12,1.12,0.03,2.75,216,241,1.92,1.05
BSL,BSLEQN,118.28,121.5,121.5,3.22,2.72,1,121,205.0,98.0
SUPREMEINF,SUPREMEINFEQN,73.9,75.9,75.9,2.0,2.71,7,531,110.88,58.11
UFO,UFOEQN,58.12,59.69,59.69,1.57,2.7,15,895,92.97,53.75
NINSYS,NINSYSEQN,766.35,787.0,787.0,20.65,2.69,86,67682,935.0,281.05
REMSONSIND,REMSONSINDEQN,113.93,116.99,116.99,3.06,2.69,1321,154543,152.45,75.23
PARIN,PARINEQN,710.9,729.95,729.95,19.05,2.68,1,729,789.0,502.9
FEL,FELBZN,0.38,0.39,0.39,0.01,2.63,698,272,0.6,0.34
INDOTHAI,INDOTHAIEQN,33.52,34.4,34.4,0.88,2.63,33709,1159589,466.35,29.0
IL&FSTRANS,IL&FSTRANSBZN,1.92,1.97,1.97,0.05,2.6,24,47,3.25,1.75
ONYX,ONYXSTN,37.0,37.95,37.95,0.95,2.57,2000,75900,49.65,24.2
AEPL,AEPLEQN,15.18,15.57,15.57,0.39,2.57,15,233,20.25,13.25
CHEMFAB,CHEMFABEQN,335.9,344.45,344.45,8.55,2.55,1,344,703.0,290.35
SJLOGISTIC,SJLOGISTICSMN,310.1,317.9,317.9,7.8,2.52,250,79475,459.0,225.35
FISCHER,FISCHEREQN,33.55,34.39,34.39,0.84,2.5,20035,689003,121.7,31.05
MCL,MCLEQN,56.74,58.15,58.15,1.41,2.49,242,14072,93.2,42.0
VEDAVAAG,VEDAVAAGEQN,22.24,22.79,22.79,0.55,2.47,3,68,25.69,16.98
ALMONDZ,ALMONDZBEN,20.0,20.49,20.49,0.49,2.45,100,2049,21.92,10.68
AKI,AKIBEN,6.14,6.29,6.29,0.15,2.44,77,484,9.49,3.8
MADHUCON,MADHUCONEQN,4.19,4.29,4.29,0.1,2.39,100,429,8.44,3.61
SUVIDHAA,SUVIDHAAEQN,2.09,2.14,2.14,0.05,2.39,100,214,4.25,1.77
AKSHAR,AKSHAREQN,0.42,0.43,0.43,0.01,2.38,3247,1396,0.76,0.36
DCMFINSERV,DCMFINSERVEQN,5.07,5.19,5.19,0.12,2.37,19,98,8.55,3.7
INTERARCH,INTERARCHEQN,1673.4,1712.9,1712.9,39.5,2.36,1248,2137699,2762.6,1600.0
INVPRECQ,INVPRECQBEN,1536.7,1573.0,1573.0,36.3,2.36,1,1573,1602.0,551.0
IWP,IWPEQN,37.52,38.4,38.4,0.88,2.35,6,230,42.4,28.0
AVROIND,AVROINDEQN,6.83,6.99,6.99,0.16,2.34,215,1502,15.87,6.58
RADAAN,RADAANEQN,3.0,3.07,3.07,0.07,2.33,5,15,3.99,2.35
OCCLLTD,OCCLLTDBEN,187.44,191.79,191.79,4.35,2.32,6534,1253155,195.5,75.71
HMT,HMTBZN,60.1,61.49,61.49,1.39,2.31,79,4857,72.95,41.0
ONELIFECAP,ONELIFECAPBEN,40.08,41.0,41.0,0.92,2.3,1002,41082,42.0,10.62
BHAGERIA,BHAGERIAEQN,406.45,415.8,415.8,9.35,2.3,2357,980040,415.8,127.51
SREEL,SREELBEN,287.59,294.2,294.2,6.6,2.29,397,116797,400.0,165.25
ORCHASP,ORCHASPEQN,1.32,1.35,1.35,0.03,2.27,373,503,4.16,1.22
VIRTUALG,VIRTUALGBEN,0.44,0.45,0.45,0.01,2.27,3586,1613,0.6,0.4
GAYAHWS,GAYAHWSEQN,1.76,1.8,1.8,0.04,2.27,2294,4129,4.76,1.71
STARTECK,STARTECKEQN,306.95,313.9,313.9,6.95,2.26,114,35784,350.0,215.1
TAINWALCHM,TAINWALCHMEQN,205.19,209.8,209.8,4.61,2.25,1,209,257.0,155.0
VINNY,VINNYEQN,0.89,0.91,0.91,0.02,2.25,174,158,1.53,0.88
SPECIALITY,SPECIALITYBEN,154.1,157.5,157.5,3.4,2.21,828,130410,167.46,82.7
CENTEXT-RE,CENTEXT-REBEN,3.62,3.7,3.7,0.08,2.21,698,2582,3.88,1.35
BANG,BANGEQN,32.27,32.98,32.98,0.71,2.2,2,65,62.07,25.84
OPTIFIN,OPTIFINEQN,15.45,15.79,15.79,0.34,2.2,11099,175253,17.0,11.25
VELJAN,VELJANBEN,2186.8,2235.0,2235.0,48.2,2.2,10,22350,2296.1,812.0
SAMPANN,SAMPANNEQN,24.17,24.7,24.7,0.53,2.19,1,24,43.44,23.07
BRAHMINFRA,BRAHMINFRAEQN,148.08,151.3,151.3,3.22,2.17,700,105910,184.0,142.01
KEEPLEARN,KEEPLEARNEQN,1.85,1.89,1.89,0.04,2.16,1,1,3.21,1.51
KOTAKBANK,KOTAKBANKEQN,417.0,426.0,426.0,9.0,2.16,1596441,680083866,453.2,345.5
ITL,ITLEQN,351.2,358.8,358.8,7.6,2.16,2,717,378.95,311.1
BEEKAY,BEEKAYEQN,452.95,462.7,462.7,9.75,2.15,27,12492,480.0,355.05
EXXARO,EXXAROEQN,6.07,6.2,6.2,0.13,2.14,47,291,10.33,5.99
NIRLON,NIRLONEQN,605.0,617.95,617.95,12.95,2.14,886,547503,657.0,516.03
BBTCL,BBTCLEQN,228.67,233.5,233.5,4.83,2.11,1,233,262.0,156.0
TRF,TRFEQN,197.82,202.0,202.0,4.18,2.11,125,25250,404.9,191.19
SASKEN,SASKENEQN,1672.7,1707.8,1707.8,35.1,2.1,212,362053,2780.2,991.0
LANCER,LANCEREQN,11.45,11.69,11.69,0.24,2.1,53,619,13.8,10.1
XTRANET,XTRANETEQN,285.05,291.0,291.0,5.95,2.09,17138,4987158,358.5,122.5
BALAJEE,BALAJEEEQN,25.2,25.72,25.72,0.52,2.06,27,694,54.48,21.1
INDOAMIN,INDOAMINEQN,142.07,145.0,145.0,2.93,2.06,5191,752695,152.65,81.9
HLEGLAS,HLEGLASEQN,439.4,448.45,448.45,9.05,2.06,1026,460109,661.95,250.0
GOYALALUM,GOYALALUMEQN,5.86,5.98,5.98,0.12,2.05,143,855,11.37,5.3
AUSTENG,AUSTENGEQN,171.52,175.0,175.0,3.48,2.03,585,102375,178.0,110.0
FOODSIN,FOODSINEQN,50.92,51.95,51.95,1.03,2.02,69,3584,89.7,44.0
CINEVISTA,CINEVISTAEQN,13.83,14.11,14.11,0.28,2.02,73,1030,20.9,12.16
NIBL,NIBLEQN,31.85,32.49,32.49,0.64,2.01,29,942,40.8,25.3
ODYCORP,ODYCORPEQN,6.97,7.11,7.11,0.14,2.01,13,92,8.48,5.71
ONIXSOLAR,ONIXSOLAREQN,343.05,349.95,349.95,6.9,2.01,5,1749,464.2,262.45
TPHQ,TPHQBEN,0.5,0.51,0.51,0.01,2.0,10405,5306,0.86,0.4
LGHL,LGHLEQN,200.04,204.04,204.04,4.0,2.0,80,16323,395.31,168.0
DENTALKART,DENTALKARTSMN,460.0,469.2,469.2,9.2,2.0,250,117300,622.0,322.5
MHLXMIRU,MHLXMIRUBEN,179.21,182.79,182.79,3.58,2.0,43,7859,244.65,105.53
RPEL,RPELEQN,1809.0,1845.0,1845.0,36.0,1.99,925,1706625,1943.7,561.3
MBECL,MBECLBEN,484.32,494.0,494.0,9.65,1.99,53,26182,494.0,213.0
PATINTLOG,PATINTLOGEQN,13.11,13.37,13.37,0.26,1.98,12,160,16.25,8.01
SADHNANIQ,SADHNANIQBEN,2.53,2.58,2.58,0.05,1.98,657,1695,3.32,1.27
OWAIS,OWAISSTN,68.45,69.8,69.8,1.35,1.97,2400,167520,580.0,58.1
GEEKAYWIRE,GEEKAYWIREEQN,31.19,31.8,31.8,0.61,1.96,1103,35075,36.8,18.51
VALIANTLAB,VALIANTLABBEN,126.23,128.7,128.7,2.47,1.96,71,9137,132.25,49.51
VIVIDHA,VIVIDHAEQN,0.51,0.52,0.52,0.01,1.96,1610,837,0.86,0.43
BONLON,BONLONEQN,40.21,41.0,41.0,0.79,1.96,25,1025,57.0,34.51
EVERESTIND,EVERESTINDBEN,455.6,464.5,464.5,8.9,1.95,15,6967,724.0,284.9
BAGFILMS,BAGFILMSEQN,4.1,4.18,4.18,0.08,1.95,1666,6963,8.0,3.61
GGBL,GGBLSMN,222.7,227.0,227.0,4.3,1.93,300,68100,475.0,202.05
ROHLTD,ROHLTDEQN,299.85,305.6,305.6,5.75,1.92,5,1528,562.95,269.4
PRISMX,PRISMXEQN,0.52,0.53,0.53,0.01,1.92,529,280,0.63,0.47
GLOBALVECT,GLOBALVECTEQN,127.58,130.0,130.0,2.42,1.9,1,130,248.0,123.0
HILTON,HILTONEQN,16.34,16.65,16.65,0.31,1.9,1400,23310,42.28,13.43
WEL,WELEQN,72.63,74.0,74.0,1.37,1.89,176,13024,183.53,68.01
SPCENET,SPCENETEQN,3.18,3.24,3.24,0.06,1.89,624,2021,11.24,3.0
SOMICONVEY,SOMICONVEYEQN,89.31,90.99,90.99,1.68,1.88,1,90,169.4,80.16
BESTAGRO,BESTAGROEQN,17.53,17.86,17.86,0.33,1.88,5606,100123,34.4,12.3
BTML,BTMLEQN,6.97,7.1,7.1,0.13,1.87,2,14,10.12,5.06
NOVARTIND,NOVARTINDEQN,1919.0,1954.9,1954.9,35.9,1.87,50,97745,2588.8,950.0
MOLDTECH,MOLDTECHBEN,206.16,210.0,210.0,3.84,1.86,1173,246330,227.0,101.1
MACPOWER,MACPOWEREQN,2096.0,2135.0,2135.0,39.0,1.86,234,499590,2234.7,761.0
INNOVANA,INNOVANAEQN,292.55,298.0,298.0,5.45,1.86,1,298,524.95,279.2
GUJRAFFIA,GUJRAFFIAEQN,40.69,41.44,41.44,0.75,1.84,50,2072,88.0,35.1
BLUEDART,BLUEDARTEQN,4629.0,4713.9,4713.9,84.9,1.83,592,2790628,7036.0,4460.0
PONNIERODE,PONNIERODEEQN,372.2,379.0,379.0,6.8,1.83,456,172824,455.0,252.4
SUPERHOUSE,SUPERHOUSEEQN,160.05,162.94,162.94,2.89,1.81,200,32588,189.0,128.55
MANOMAY,MANOMAYEQN,240.66,245.0,245.0,4.34,1.8,3160,774200,259.88,160.25
BALAXI,BALAXIEQN,22.78,23.19,23.19,0.41,1.8,55,1275,45.34,15.2
ALUFLUOR,ALUFLUOREQN,632.7,644.0,644.0,11.3,1.79,11,7084,649.0,421.0
NILAINFRA,NILAINFRAEQN,6.71,6.83,6.83,0.12,1.79,299,2042,11.2,5.9
LEXUS,LEXUSEQN,11.76,11.97,11.97,0.21,1.79,30,359,39.25,9.58
WILLAMAGOR,WILLAMAGOREQN,22.99,23.4,23.4,0.41,1.78,10,234,37.0,20.53
OSWALAGRO,OSWALAGROEQN,33.95,34.55,34.55,0.6,1.77,10,345,81.0,32.36
TVTODAY,TVTODAYEQN,104.19,106.0,106.0,1.81,1.74,1,106,153.01,93.5
SINCLAIR,SINCLAIREQN,78.63,80.0,80.0,1.37,1.74,350,28000,101.13,68.82
HSBCGOLD,HSBCGOLDEQN,127.47,129.69,129.69,2.22,1.74,100,12969,146.4,119.1
INDOWIND,INDOWINDEQN,8.69,8.84,8.84,0.15,1.73,87,769,18.94,7.0
INA,INAEQN,87.5,89.01,89.01,1.51,1.73,3268,290884,161.81,79.75
IZMO,IZMOEQN,874.8,889.95,889.95,15.15,1.73,1365,1214781,1217.25,562.0
AMJLAND,AMJLANDEQN,37.62,38.27,38.27,0.65,1.73,1258,48143,57.39,30.3
ECOSMOBLTY,ECOSMOBLTYEQN,104.73,106.5,106.5,1.77,1.69,684,72846,260.05,102.0
AUGMONT,AUGMONTEQN,1086.55,1105.0,1105.0,18.4,1.69,8381,9261005,1195.2,806.05
VAISHALI,VAISHALIEQN,8.35,8.49,8.49,0.14,1.68,226,1918,11.88,4.75
RACE,RACEEQN,118.02,120.0,120.0,1.98,1.68,20,2400,240.0,84.11
ZEEMEDIA,ZEEMEDIAEQN,7.21,7.33,7.33,0.12,1.66,16477,120776,11.89,6.65
SWARAJ,SWARAJBEN,388.6,395.0,395.0,6.4,1.65,64,25280,395.0,160.0
VIPULLTD,VIPULLTDBEN,11.0,11.18,11.18,0.18,1.64,13,145,18.6,7.38
RAJRILTD,RAJRILTDBEN,20.17,20.5,20.5,0.33,1.64,50,1025,28.47,19.41
VISHAL,VISHALEQN,17.66,17.95,17.95,0.29,1.64,5,89,21.94,17.2
RML,RMLEQN,1351.9,1374.0,1374.0,22.1,1.63,600,824400,1440.0,608.5
STYLEBAAZA,STYLEBAAZAEQN,384.75,391.0,391.0,6.25,1.62,5146,2012086,447.1,229.95
NEXTMEDIA,NEXTMEDIAEQN,3.73,3.79,3.79,0.06,1.61,39,147,8.48,3.16
BLUECLOUDS,BLUECLOUDSEQN,19.9,20.22,20.22,0.32,1.61,27049,546930,24.5,18.85
INFY,INFYEQN,994.1,1010.0,1010.0,15.9,1.6,177999,179778990,1728.0,980.4
GALAXYSURF,GALAXYSURFEQN,2332.8,2370.0,2370.0,37.2,1.59,645,1528650,2648.0,1510.0
ATALREAL,ATALREALEQN,12.58,12.78,12.78,0.2,1.59,3077,39324,36.7,11.7
ADROITINFO,ADROITINFOBEN,14.67,14.9,14.9,0.23,1.57,2224,33137,15.84,7.55
IGPL,IGPLEQN,579.75,588.85,588.85,9.1,1.57,80,47108,609.9,315.0
FOCUS,FOCUSBEN,56.52,57.4,57.4,0.88,1.56,134,7691,98.87,53.7
NAHARPOLY,NAHARPOLYEQN,225.27,228.79,228.79,3.52,1.56,82,18760,338.8,200.0
AAREYDRUGS,AAREYDRUGSEQN,102.72,104.3,104.3,1.58,1.54,1599,166775,107.85,50.31
RMC,RMCEQN,209.58,212.8,212.8,3.22,1.54,20,4256,530.0,194.1
HTEL,HTELEQN,72.29,73.4,73.4,1.11,1.54,2396,175866,86.45,62.91
NATHBIOGEN,NATHBIOGENEQN,142.81,145.0,145.0,2.19,1.53,207,30015,204.0,126.15
TOLINS,TOLINSEQN,85.86,87.17,87.17,1.31,1.53,5,435,197.69,83.04
MAZDA,MAZDABEN,303.3,307.95,307.95,4.65,1.53,471,145044,310.0,159.2
WAKEFIT,WAKEFITEQN,143.82,146.0,146.0,2.18,1.52,4246,619916,224.0,111.4
LCCPROJECT,LCCPROJECTEQN,154.36,156.69,156.69,2.33,1.51,28444,4456890,189.0,140.57
HEADSUP,HEADSUPEQN,6.75,6.85,6.85,0.1,1.48,1,6,12.95,5.69
SYMBIOTEC,SYMBIOTECEQN,1176.75,1194.0,1194.0,17.2,1.46,16026,19135044,1246.0,934.2
KAMOPAINTS,KAMOPAINTSEQN,4.14,4.2,4.2,0.06,1.45,1135,4767,8.92,3.6
KNAGRI,KNAGRIEQN,198.13,201.0,201.0,2.87,1.45,100,20100,244.0,148.3
FORCEMOT,FORCEMOTEQN,17054.0,17300.0,17300.0,246.0,1.44,1278,22109400,26450.0,14911.0
MEDICO,MEDICOEQN,21.53,21.84,21.84,0.31,1.44,504,11007,56.88,20.47
PFS,PFSEQN,29.08,29.5,29.5,0.42,1.44,19428,573126,40.5,23.85
SAHYADRI,SAHYADRIEQN,346.75,351.7,351.7,4.95,1.43,577,202930,408.95,200.1
RUBFILA,RUBFILAEQN,63.05,63.95,63.95,0.9,1.43,1,63,86.48,57.31
SILVERTUC,SILVERTUCEQN,140.49,142.49,142.49,2.0,1.42,1015,144627,216.8,67.58
SCPL,SCPLBEN,629.15,638.0,638.0,8.85,1.41,11,7018,690.0,190.03
PROSTARM,PROSTARMEQN,134.66,136.56,136.56,1.9,1.41,2950,402852,208.7,114.64
VILAS,VILASSMN,399.4,405.0,405.0,5.6,1.4,750,303750,535.0,313.25
NAVNETEDUL,NAVNETEDULEQN,122.52,124.24,124.24,1.72,1.4,5000,621200,166.0,120.35
XTGLOBAL,XTGLOBALEQN,29.19,29.6,29.6,0.41,1.4,10,296,43.7,25.2
MITTAL,MITTALEQN,0.72,0.73,0.73,0.01,1.39,1963,1432,1.62,0.68
ELITECON,ELITECONEQN,7.98,8.09,8.09,0.11,1.38,10908,88245,46.4,7.08
AARTISURF,AARTISURFBEN,493.2,499.95,499.95,6.75,1.37,2,999,677.7,316.0
SUDEEPPHRM,SUDEEPPHRMEQN,1205.8,1222.2,1222.2,16.4,1.36,255,311661,1378.0,524.05
LEMERITE,LEMERITEEQN,19.93,20.2,20.2,0.27,1.35,25,505,107.57,17.73
SHBAJRG,SHBAJRGEQN,159.79,161.95,161.95,2.16,1.35,10,1619,214.95,147.98
SHALPAINTS,SHALPAINTSBEN,80.62,81.7,81.7,1.08,1.34,10,817,95.95,35.21
NILASPACES,NILASPACESEQN,11.19,11.34,11.34,0.15,1.34,1822,20661,19.97,10.85
HGS,HGSEQN,370.05,374.95,374.95,4.9,1.32,37,13873,545.0,342.05
UNIDT,UNIDTEQN,222.06,225.0,225.0,2.94,1.32,45,10125,272.0,146.0
UCAL,UCALBEN,140.15,142.0,142.0,1.85,1.32,1,142,163.8,77.0
OSWALSEEDS,OSWALSEEDSEQN,12.34,12.5,12.5,0.16,1.3,420,5250,20.28,9.66
DELTACORP,DELTACORPEQN,80.51,81.55,81.55,1.04,1.29,74102,6043018,87.9,48.3
EASTWEST,EASTWESTEQN,2.33,2.36,2.36,0.03,1.29,408,962,2.68,2.05
STEELCITY,STEELCITYEQN,81.35,82.39,82.39,1.04,1.28,1,82,103.79,71.26
BPLPHARMA,BPLPHARMAEQN,1792.8,1815.7,1815.7,22.9,1.28,22,39945,2277.6,1125.7
PLAZACABLE,PLAZACABLEEQN,59.15,59.9,59.9,0.75,1.27,102,6109,66.0,27.0
RHFL,RHFLBZN,1.58,1.6,1.6,0.02,1.27,8142,13027,4.25,1.53
MURUDCERA,MURUDCERAEQN,28.51,28.87,28.87,0.36,1.26,58,1674,46.0,25.16
CSLFINANCE,CSLFINANCEEQN,210.85,213.5,213.5,2.65,1.26,100,21350,324.7,205.0
DGCONTENT,DGCONTENTEQN,25.43,25.75,25.75,0.32,1.26,6,154,39.57,21.61
NECLIFE,NECLIFEEQN,10.5,10.63,10.63,0.13,1.24,141,1498,22.4,9.3
AVONMORE,AVONMOREEQN,12.94,13.1,13.1,0.16,1.24,805,10545,20.39,9.05
FEDDERSHOL,FEDDERSHOLEQN,61.51,62.27,62.27,0.76,1.24,46870,2918594,72.77,32.06
STERTOOLS,STERTOOLSEQN,218.31,221.0,221.0,2.69,1.23,48,10608,335.0,155.0
RUDRA,RUDRAEQN,18.77,19.0,19.0,0.23,1.23,515,9785,29.7,14.63
KSE,KSEEQN,177.81,179.98,179.98,2.17,1.22,6,1079,205.0,173.31
LINC,LINCEQN,88.63,89.7,89.7,1.07,1.21,37,3318,133.38,85.01
RPPL,RPPLBEN,18.97,19.2,19.2,0.23,1.21,472,9062,26.97,14.25
ANSALAPI,ANSALAPIBZN,4.16,4.21,4.21,0.05,1.2,99,416,4.7,2.51
SBC,SBCEQN,58.29,58.99,58.99,0.7,1.2,43528,2567716,59.5,21.15
PRIMO,PRIMOEQN,26.64,26.96,26.96,0.32,1.2,11,296,29.8,16.1
HONDAPOWER,HONDAPOWEREQN,1874.5,1896.8,1896.8,22.3,1.19,10,18968,2783.0,1816.6
RELIABLE,RELIABLEEQN,144.28,146.0,146.0,1.72,1.19,7,1022,175.0,104.74
ALPINETEX,ALPINETEXEQN,47.8,48.37,48.37,0.57,1.19,194,9383,105.0,45.5
ODIGMA,ODIGMAEQN,21.35,21.6,21.6,0.25,1.17,103,2224,47.36,20.0
BATLIBOI,BATLIBOIEQN,82.95,83.9,83.9,0.95,1.15,100,8390,106.5,71.21
DRCSYSTEMS,DRCSYSTEMSEQN,13.15,13.3,13.3,0.15,1.14,251,3338,21.49,11.5
LKPSEC,LKPSECEQN,14.14,14.3,14.3,0.16,1.13,1,14,18.43,13.62
UNITEDPOLY,UNITEDPOLYEQN,47.47,48.0,48.0,0.53,1.12,397,19056,48.0,20.6
GULFPETRO,GULFPETROBEN,60.72,61.4,61.4,0.68,1.12,2,122,71.4,23.25
WARDINMOBI,WARDINMOBIEQN,5.45,5.51,5.51,0.06,1.1,682,3757,6.99,4.69
DENTA,DENTAEQN,265.75,268.65,268.65,2.9,1.09,801,215188,479.6,222.0
KDGREEN,KDGREENEQN,47.72,48.24,48.24,0.52,1.09,110,5306,61.49,45.81
HMVL,HMVLBEN,75.96,76.79,76.79,0.83,1.09,1,76,108.16,55.2
LALITHAA,LALITHAAEQN,381.9,386.05,386.05,4.15,1.09,19254,7433006,395.0,240.35
AONESILVER,AONESILVEREQN,8.36,8.45,8.45,0.09,1.08,400,3380,12.0,7.43
EMKAYTOOLS,EMKAYTOOLSSMN,97.9,98.95,98.95,1.05,1.07,150,14842,154.0,83.1
TECHM,TECHMEQN,1524.0,1540.0,1540.0,16.0,1.05,21863,33669020,1854.0,1304.1
BLKASHYAP,BLKASHYAPEQN,50.36,50.89,50.89,0.53,1.05,4874,248037,63.79,40.32
DANGEE,DANGEEEQN,2.92,2.95,2.95,0.03,1.03,650,1917,5.08,2.53
MANORG,MANORGEQN,452.25,456.9,456.9,4.65,1.03,1,456,635.0,356.25
SUMEDHA,SUMEDHAEQN,45.48,45.95,45.95,0.47,1.03,20,919,48.1,36.6
BAJAJST,BAJAJSTEQN,345.45,349.0,349.0,3.55,1.03,4,1396,507.8,326.1
HARRMALAYA,HARRMALAYAEQN,179.13,180.95,180.95,1.82,1.02,1000,180950,237.9,153.66
BLBLIMITED,BLBLIMITEDEQN,16.73,16.9,16.9,0.17,1.02,255,4309,22.47,12.0
GTL,GTLEQN,6.88,6.95,6.95,0.07,1.02,8613,59860,9.78,4.91
RUBICON,RUBICONEQN,1619.4,1635.7,1635.7,16.3,1.01,515,842385,1899.0,570.75
BLIL,BLILEQN,65.23,65.89,65.89,0.66,1.01,147,9685,79.5,64.22
SKYWAYS,SKYWAYSEQN,113.26,114.4,114.4,1.14,1.01,4791,548090,137.38,106.82
INDOUS,INDOUSEQN,78.22,79.0,79.0,0.78,1.0,1,79,159.0,70.0
RAMAPHO,RAMAPHOEQN,120.09,121.29,121.29,1.2,1.0,250,30322,217.19,103.5
MKPL,MKPLEQN,3.99,4.03,4.03,0.04,1.0,363,1462,7.49,3.56
KHAITANLTD,KHAITANLTDEQN,146.25,147.71,147.71,1.46,1.0,4,590,178.0,85.0
PARAGON,PARAGONSMN,50.5,51.0,51.0,0.5,0.99,1200,61200,64.9,34.1
INNOVACAP,INNOVACAPEQN,1159.8,1171.3,1171.3,11.5,0.99,1672,1958413,1353.5,622.0
HEGAM,HEGAMEQN,237.65,240.0,240.0,2.35,0.99,4919,1180560,753.9,214.1
ACCELYA,ACCELYAEQN,1090.3,1101.0,1101.0,10.7,0.98,81,89181,1527.0,1012.4
GVPIL,GVPILEQN,678.4,685.0,685.0,6.6,0.97,475,325375,1084.0,270.9
RSL,RSLEQN,168.36,170.0,170.0,1.64,0.97,670,113900,202.22,101.7
ARCHIDPLY,ARCHIDPLYEQN,103.5,104.49,104.49,0.99,0.96,500,52245,124.78,60.0
AJOONI,AJOONIEQN,3.13,3.16,3.16,0.03,0.96,1103,3485,5.5,3.02
JETFREIGHT,JETFREIGHTEQN,20.74,20.94,20.94,0.2,0.96,457,9569,25.95,12.0
LATTEYS,LATTEYSEQN,20.91,21.11,21.11,0.2,0.96,14,295,37.0,15.79
SEKURITIND,SEKURITINDEQN,110.93,111.99,111.99,1.06,0.96,205,22957,124.65,105.05
AVADHSUGAR,AVADHSUGAREQN,800.2,807.85,807.85,7.65,0.96,49,39584,884.8,306.05
BRNL,BRNLEQN,15.84,15.99,15.99,0.15,0.95,47,751,26.5,15.67
RITES,RITESEQN,209.05,211.03,211.03,1.98,0.95,31205,6585191,259.7,175.0
BUTTERFLY,BUTTERFLYEQN,552.75,558.0,558.0,5.25,0.95,30,16740,823.85,522.25
ACCURACY,ACCURACYBEN,4.26,4.3,4.3,0.04,0.94,53,227,7.24,3.4
VERANDA,VERANDAEQN,220.75,222.8,222.8,2.05,0.93,1512,336873,272.5,130.02
GVT&D,GVT&DEQN,4201.0,4239.9,4239.9,38.9,0.93,3191,13529520,5650.0,2523.2
AMAL,AMALEQN,684.5,690.85,690.85,6.35,0.93,5,3454,822.0,636.05
UFLEX,UFLEXEQN,657.85,663.9,663.9,6.05,0.92,346,229709,723.5,330.0
MIDWESTLTD,MIDWESTLTDEQN,895.0,903.2,903.2,8.2,0.92,15,13548,1859.9,860.0
CRIZAC,CRIZACEQN,170.12,171.68,171.68,1.56,0.92,111,19056,333.0,159.95
LINDEINDIA,LINDEINDIAEQN,6323.0,6380.5,6380.5,57.5,0.91,358,2284219,8049.0,5673.0
DBREALTY,DBREALTYEQN,96.52,97.4,97.4,0.88,0.91,105,10227,165.24,83.5
SHARDUL,SHARDULBEN,56.98,57.5,57.5,0.52,0.91,41,2357,60.0,23.05
KMCSHIL,KMCSHILEQN,171.14,172.7,172.7,1.56,0.91,3537,610839,178.6,128.48
DEEDEV,DEEDEVEQN,676.9,683.0,683.0,6.1,0.9,268,183044,760.0,183.0
TREL,TRELEQN,28.89,29.15,29.15,0.26,0.9,2226,64887,32.0,21.47
COFORGE,COFORGEEQN,1749.1,1764.8,1764.8,15.7,0.9,7191,12690676,2021.2,1008.1
UMESLTD,UMESLTDEQN,4.49,4.53,4.53,0.04,0.89,5,22,7.14,3.76
SICALLOG,SICALLOGBEN,91.19,92.0,92.0,0.81,0.89,10,920,122.5,60.11
DPEL,DPELSMN,617.55,623.0,623.0,5.45,0.88,1000,623000,655.0,236.0
KNACK,KNACKEQN,180.0,181.58,181.58,1.58,0.88,1806,327933,222.0,171.1
ELLEN,ELLENEQN,356.9,360.0,360.0,3.1,0.87,4481,1613160,484.2,175.0
RADHIKAJWE,RADHIKAJWEBEN,70.23,70.84,70.84,0.61,0.87,434,30744,97.5,50.01
SBCL,SBCLEQN,1071.7,1080.9,1080.9,9.2,0.86,2024,2187741,1215.7,368.6
SARVESHWAR,SARVESHWAREQN,3.49,3.52,3.52,0.03,0.86,5839,20553,6.64,2.5
SWISSMLTRY,SWISSMLTRYBEN,13.88,14.0,14.0,0.12,0.86,100,1400,18.5,13.0
TEXMOPIPES,TEXMOPIPESEQN,55.08,55.55,55.55,0.47,0.85,43,2388,64.5,33.0
UEL,UELEQN,184.92,186.5,186.5,1.58,0.85,102,19023,284.2,97.03
ALOKINDS,ALOKINDSEQN,7.09,7.15,7.15,0.06,0.85,77541,554418,18.45,6.92
INDNIPPON,INDNIPPONEQN,1244.4,1255.0,1255.0,10.6,0.85,156,195780,1564.0,675.0
PRAKASHSTL,PRAKASHSTLEQN,3.59,3.62,3.62,0.03,0.84,1005,3638,6.57,3.46
MENNPIS,MENNPISBEN,72.28,72.89,72.89,0.61,0.84,1,72,85.8,52.35
GKENERGY,GKENERGYEQN,119.88,120.89,120.89,1.01,0.84,449,54279,239.6,87.2
CALSOFT,CALSOFTBEN,35.11,35.4,35.4,0.29,0.83,9512,336724,43.13,10.9
RIIT,RIITIVN,120.99,122.0,122.0,1.01,0.83,14,1708,127.0,105.3
VMART,VMARTEQN,753.7,759.95,759.95,6.25,0.83,53,40277,888.0,457.9
SRTL,SRTLEQN,37.26,37.57,37.57,0.31,0.83,1,37,73.36,35.75
GOPAL,GOPALEQN,250.95,253.0,253.0,2.05,0.82,6,1518,364.4,247.55
PARACABLES,PARACABLESEQN,56.36,56.82,56.82,0.46,0.82,974,55342,75.7,28.3
HUDCO,HUDCOEQN,166.58,167.94,167.94,1.36,0.82,41339,6942471,246.85,159.0
VISHNU,VISHNUEQN,664.5,669.95,669.95,5.45,0.82,10,6699,744.0,443.7
CGPOWER,CGPOWEREQN,854.2,861.0,861.0,6.8,0.8,9377,8073597,980.9,525.5
STUDDS,STUDDSEQN,393.85,397.0,397.0,3.15,0.8,591,234627,600.0,389.15
STCINDIA,STCINDIAEQN,109.14,110.0,110.0,0.86,0.79,160,17600,150.0,97.04
NRAIL,NRAILEQN,669.45,674.7,674.7,5.25,0.78,159,107277,706.4,385.0
AGARIND,AGARINDEQN,391.95,395.0,395.0,3.05,0.78,75,29625,951.0,360.0
KRISHIVAL,KRISHIVALEQN,401.85,405.0,405.0,3.15,0.78,125,50625,483.81,282.3
ORISSAMINE,ORISSAMINEEQN,3651.5,3680.0,3680.0,28.5,0.78,230,846400,6138.9,3100.5
LAMBODHARA,LAMBODHARAEQN,129.28,130.28,130.28,1.0,0.77,22,2866,154.5,81.8
ESTER,ESTEREQN,101.22,102.0,102.0,0.78,0.77,29131,2971362,132.45,68.55
ZEELEARN,ZEELEARNEQN,6.5,6.55,6.55,0.05,0.77,898,5881,10.1,4.17
RNBDENIMS,RNBDENIMSBEN,9.11,9.18,9.18,0.07,0.77,1242,11401,67.67,7.72
KLBRENG-B,KLBRENG-BEQN,523.95,528.0,528.0,4.05,0.77,38,20064,544.85,332.4
PAISALO,PAISALOEQN,76.41,77.0,77.0,0.59,0.77,47280,3640560,94.88,30.0
KHAICHEM,KHAICHEMEQN,48.76,49.13,49.13,0.37,0.76,1121,55074,132.9,42.92
KPITTECH,KPITTECHEQN,499.1,502.9,502.9,3.8,0.76,7009,3524826,1284.9,484.5
NUVAMA,NUVAMAEQN,1652.5,1665.0,1665.0,12.5,0.76,2101,3498165,2066.0,1096.9
TRIGYN,TRIGYNEQN,53.1,53.5,53.5,0.4,0.75,6,321,89.5,37.55
DUCON,DUCONEQN,1.36,1.37,1.37,0.01,0.74,925,1267,4.09,1.15
KANANIIND,KANANIINDEQN,1.36,1.37,1.37,0.01,0.74,2737,3749,2.04,1.02
BANSALWIRE,BANSALWIREEQN,323.45,325.8,325.8,2.35,0.73,20,6516,370.0,222.5
BLSE,BLSEEQN,328.6,331.0,331.0,2.4,0.73,1901,629231,339.8,124.3
AKSHARCHEM,AKSHARCHEMBEN,388.1,390.95,390.95,2.85,0.73,129,50432,472.0,141.3
POOJALOGIS,POOJALOGISSTN,123.9,124.8,124.8,0.9,0.73,49200,6140160,0.0,0.0
TINNARUBR,TINNARUBREQN,952.1,959.0,959.0,6.9,0.72,38,36442,1322.0,527.45
FCSSOFT,FCSSOFTEQN,1.4,1.41,1.41,0.01,0.71,5505,7762,2.53,1.05
SANDHAR,SANDHAREQN,585.9,590.0,590.0,4.1,0.7,1252,738680,763.2,424.0
APS,APSSMN,227.3,228.9,228.9,1.6,0.7,750,171675,543.95,225.0
SHYAMMETL,SHYAMMETLEQN,1065.0,1072.5,1072.5,7.5,0.7,12489,13394452,1148.0,746.0
ELIN,ELINEQN,86.3,86.9,86.9,0.6,0.7,184,15989,222.99,78.31
FEDFINA,FEDFINAEQN,150.96,152.0,152.0,1.04,0.69,523,79496,178.48,119.07
MMTC,MMTCEQN,56.91,57.3,57.3,0.39,0.69,23763,1361619,78.35,50.1
DRAGARWQ,DRAGARWQEQN,5130.0,5165.5,5165.5,35.5,0.69,24,123972,6059.7,4600.0
ACMESOLAR,ACMESOLAREQN,439.0,442.0,442.0,3.0,0.68,3961,1750762,476.9,195.9
VASCONEQ,VASCONEQEQN,33.67,33.9,33.9,0.23,0.68,20,678,74.59,26.75
DHABRIYA,DHABRIYABEN,472.8,476.0,476.0,3.2,0.68,2120,1009120,603.0,449.2
KPEL,KPELEQN,220.41,221.89,221.89,1.48,0.67,428,94968,463.25,206.52
RELAXO,RELAXOEQN,291.2,293.15,293.15,1.95,0.67,1322,387544,454.75,236.5
KPIGREEN,KPIGREENEQN,358.95,361.35,361.35,2.4,0.67,19894,7188696,542.25,271.9
PENINLAND,PENINLANDEQN,15.05,15.15,15.15,0.1,0.66,10,151,37.6,13.82
ANMOL,ANMOLBEN,13.71,13.8,13.8,0.09,0.66,115,1587,18.55,8.4
FRACTAL,FRACTALEQN,740.2,744.95,744.95,4.75,0.64,1419,1057084,1118.0,708.3
BNAGROCHEM,BNAGROCHEMEQN,217.6,219.0,219.0,1.4,0.64,1,219,394.8,192.23
ADL,ADLEQN,77.6,78.1,78.1,0.5,0.64,200,15620,109.9,50.26
ORIENTCEM,ORIENTCEMEQN,118.77,119.53,119.53,0.76,0.64,269,32153,226.86,114.3
ABINFRA,ABINFRABEN,12.71,12.79,12.79,0.08,0.63,328,4195,23.56,8.82
CROWN,CROWNEQN,115.27,116.0,116.0,0.73,0.63,5,580,163.86,100.11
AEROFLEX,AEROFLEXEQN,536.6,540.0,540.0,3.4,0.63,6027,3254580,584.15,158.0
AZAD,AZADEQN,2963.2,2982.0,2982.0,18.8,0.63,3425,10213350,3127.9,1360.0
CUMMINSIND,CUMMINSINDEQN,4760.0,4789.9,4789.9,29.9,0.63,645,3089485,6100.0,3833.0
LOTUSEYE,LOTUSEYEEQN,115.89,116.6,116.6,0.71,0.61,1,116,147.0,97.59
SHARDAMOTR,SHARDAMOTREQN,956.95,962.8,962.8,5.85,0.61,109,104945,1189.9,700.0
HAPPYFORGE,HAPPYFORGEEQN,2067.2,2079.8,2079.8,12.6,0.61,12,24957,2470.0,888.75
KANORICHEM,KANORICHEMBEN,198.77,199.98,199.98,1.21,0.61,11,2199,206.0,56.0
GATEWAY,GATEWAYEQN,52.04,52.35,52.35,0.31,0.6,2357,123388,65.42,48.1
JITFINFRA,JITFINFRAEQN,278.8,280.45,280.45,1.65,0.59,15,4206,433.15,222.35
CUPID,CUPIDEQN,311.65,313.5,313.5,1.85,0.59,334496,104864496,314.3,41.82
TARACHAND,TARACHANDEQN,47.72,48.0,48.0,0.28,0.59,30,1440,103.67,45.16
GKSL,GKSLEQN,179.05,180.1,180.1,1.05,0.59,7308,1316170,209.8,98.36
ARROWGREEN,ARROWGREENEQN,856.05,861.0,861.0,4.95,0.58,237,204057,952.75,341.95
MTNL,MTNLEQN,22.97,23.1,23.1,0.13,0.57,11114,256733,44.67,21.26
GENESYS,GENESYSEQN,273.43,275.0,275.0,1.55,0.57,8088,2224200,416.33,134.73
IONEXCHANG,IONEXCHANGEQN,411.15,413.5,413.5,2.35,0.57,199,82286,486.0,312.7
AVL,AVLEQN,594.35,597.7,597.7,3.35,0.56,156,93241,705.0,436.55
THELEELA,THELEELAEQN,573.8,577.0,577.0,3.2,0.56,1627,938779,586.95,384.5
ARCIL,ARCILEQN,144.59,145.4,145.4,0.81,0.56,826,120100,157.0,124.5
TRANSRAILL,TRANSRAILLEQN,476.4,479.0,479.0,2.6,0.55,25187,12064573,766.8,400.65
SMCGLOBAL,SMCGLOBALEQN,94.48,95.0,95.0,0.52,0.55,12832,1219040,107.0,54.44
IDEAFORGE,IDEAFORGEEQN,730.95,735.0,735.0,4.05,0.55,425,312375,992.25,366.0
KABRAEXTRU,KABRAEXTRUBEN,805.55,810.0,810.0,4.45,0.55,189,153090,888.7,180.0
BHARATGEAR,BHARATGEARBEN,101.43,101.99,101.99,0.56,0.55,50,5099,145.0,83.8
AEQUS,AEQUSEQN,279.48,281.0,281.0,1.5,0.54,22794,6405114,285.95,113.3
CLEANMAX,CLEANMAXEQN,1327.2,1334.4,1334.4,7.2,0.54,434,579129,1536.0,727.1
AFFORDABLE,AFFORDABLEEQN,171.1,172.0,172.0,0.9,0.53,20,3440,297.0,119.71
EUREKAFORB,EUREKAFORBEQN,361.0,362.9,362.9,1.9,0.53,317,115039,668.3,348.0
KAMDHENU,KAMDHENUEQN,38.08,38.28,38.28,0.2,0.53,4658,178308,43.7,16.15
KRIDHANINF,KRIDHANINFEQN,1.88,1.89,1.89,0.01,0.53,100,189,4.78,1.79
GAYAPROJ,GAYAPROJEQN,22.68,22.8,22.8,0.12,0.53,1900,43320,27.33,10.99
SPMLINFRA,SPMLINFRAEQN,161.02,161.86,161.86,0.84,0.52,341,55194,250.65,151.01
NOIDATOLL,NOIDATOLLEQN,3.85,3.87,3.87,0.02,0.52,736,2848,7.43,2.87
SILVERBETA,SILVERBETAEQN,211.66,212.76,212.76,1.1,0.52,208,44254,379.66,134.16
TAC,TACSTN,403.6,405.7,405.7,2.1,0.52,200,81140,899.65,347.4
PROZONER,PROZONEREQN,56.52,56.81,56.81,0.29,0.51,1523,86521,72.77,39.55
SONAMLTD,SONAMLTDBEN,68.15,68.5,68.5,0.35,0.51,3,205,80.32,37.4
DMCC,DMCCEQN,311.7,313.3,313.3,1.6,0.51,7,2193,332.9,191.35
APEX,APEXEQN,336.5,338.2,338.2,1.7,0.51,453,153204,514.5,219.86
GAJA,GAJAEQN,140.05,140.76,140.76,0.71,0.51,1961,276030,191.65,133.0
TTL,TTLEQN,8.07,8.11,8.11,0.04,0.5,545,4419,10.73,5.5
RATNAVEER,RATNAVEEREQN,330.75,332.4,332.4,1.65,0.5,11614,3860493,354.5,130.5
THANGAMAYL,THANGAMAYLEQN,5062.0,5087.5,5087.5,25.5,0.5,34,172975,7430.0,1939.5
TIINDIA,TIINDIAEQN,2375.0,2386.8,2386.8,11.8,0.5,239,570445,3335.2,2164.9
HMAAGRO,HMAAGROEQN,23.92,24.04,24.04,0.12,0.5,4181,100511,34.24,19.09
SAKHTISUG,SAKHTISUGEQN,18.01,18.1,18.1,0.09,0.5,9,162,23.29,13.52
PFIZER,PFIZEREQN,3875.3,3894.5,3894.5,19.2,0.5,9,35050,5578.5,3792.1
ETHOSLTD,ETHOSLTDEQN,2537.2,2549.9,2549.9,12.7,0.5,302,770069,3245.9,1919.4
GOCLCORP,GOCLCORPEQN,362.45,364.25,364.25,1.8,0.5,101,36789,461.4,223.35
VADILALIND,VADILALINDEQN,7253.0,7289.5,7289.5,36.5,0.5,1,7289,8447.0,3996.0
HPL,HPLEQN,269.05,270.4,270.4,1.35,0.5,516,139526,479.9,255.55
ABREL,ABRELEQN,1130.7,1136.4,1136.4,5.7,0.5,716,813662,1914.0,1072.4
CERA,CERAEQN,5088.0,5113.5,5113.5,25.5,0.5,21,107383,6740.0,4461.1
GVPTECH,GVPTECHBEN,7.95,7.99,7.99,0.04,0.5,222,1773,11.19,5.22
NAVKARCORP,NAVKARCORPEQN,84.88,85.3,85.3,0.42,0.49,462,39408,131.36,74.05
ORIENTPPR,ORIENTPPREQN,16.45,16.53,16.53,0.08,0.49,3500,57855,27.59,13.25
TRU,TRUEQN,4.1,4.12,4.12,0.02,0.49,933,3843,11.29,3.9
ROLEXRINGS,ROLEXRINGSEQN,190.09,191.0,191.0,0.91,0.48,11620,2219420,198.45,99.79
NCC,NCCEQN,128.88,129.5,129.5,0.62,0.48,67843,8785668,217.25,126.65
CMSINFO,CMSINFOEQN,221.45,222.51,222.51,1.06,0.48,1274,283477,393.3,215.12
INDIANHUME,INDIANHUMEEQN,352.8,354.5,354.5,1.7,0.48,3,1063,432.0,279.8
JSWCEMENT,JSWCEMENTEQN,113.38,113.92,113.92,0.54,0.48,3245,369670,143.4,106.65
ANNU,ANNUEQN,48.22,48.45,48.45,0.23,0.48,529,25630,75.6,46.55
IGIL,IGILEQN,315.9,317.4,317.4,1.5,0.47,573,181870,388.3,287.0
NACLIND,NACLINDEQN,132.86,133.48,133.48,0.62,0.47,363,48453,245.0,112.62
SHREEJISPG,SHREEJISPGEQN,770.4,774.0,774.0,3.6,0.47,738,571212,780.0,222.0
DCMSIL,DCMSILEQN,82.25,82.64,82.64,0.39,0.47,9,743,105.27,49.5
AADHARHFC,AADHARHFCEQN,436.0,438.0,438.0,2.0,0.46,530,232140,563.0,427.3
DJML,DJMLEQN,71.82,72.15,72.15,0.33,0.46,4,288,124.8,52.0
CMLL,CMLLEQN,532.05,534.5,534.5,2.45,0.46,104,55588,624.4,460.0
MAJESAUT,MAJESAUTBEN,367.8,369.5,369.5,1.7,0.46,1,369,500.0,274.0
MUKKA,MUKKABEN,25.98,26.1,26.1,0.12,0.46,406,10596,33.29,18.27
BEPL,BEPLEQN,124.4,124.96,124.96,0.56,0.45,2374,296655,138.5,74.2
VINATIORGA,VINATIORGAEQN,1168.3,1173.5,1173.5,5.2,0.45,17,19949,1791.1,1143.6
MPIMANIPAL,MPIMANIPALEQN,409.15,411.0,411.0,1.85,0.45,6469,2658759,458.0,315.65
ACI,ACIEQN,485.85,488.0,488.0,2.15,0.44,96,46848,704.25,446.0
BOSCH-HCIL,BOSCH-HCILEQN,1876.7,1885.0,1885.0,8.3,0.44,24,45240,1985.0,1021.3
DCMSHRIRAM,DCMSHRIRAMEQN,915.6,919.65,919.65,4.05,0.44,412,378895,1409.0,886.3
JAIBALAJI,JAIBALAJIEQN,62.24,62.51,62.51,0.27,0.43,69,4313,102.0,53.65
KIRLFER,KIRLFEREQN,470.0,472.0,472.0,2.0,0.43,1,472,513.0,408.0
MOSILVER,MOSILVEREQN,217.06,217.99,217.99,0.93,0.43,100,21799,385.0,135.25
RIR,RIREQN,184.1,184.9,184.9,0.8,0.43,3439,635871,213.94,154.0
TANAA,TANAAEQN,338.55,340.0,340.0,1.45,0.43,145,49300,378.95,238.0
ARKADE,ARKADEEQN,119.39,119.89,119.89,0.5,0.42,605,72533,180.0,92.62
DICIND,DICINDEQN,635.3,638.0,638.0,2.7,0.42,25,15950,675.0,450.5
UMIYA-MRO,UMIYA-MROEQN,93.16,93.55,93.55,0.39,0.42,655,61275,110.9,70.0
RBLBANK,RBLBANKEQN,403.35,405.05,405.05,1.7,0.42,11575,4688453,429.6,261.6
SHIVAUM,SHIVAUMEQN,557.15,559.5,559.5,2.35,0.42,11,6154,559.5,275.0
JNKINDIA,JNKINDIAEQN,438.2,440.0,440.0,1.8,0.41,195,85800,558.0,200.92
DNAMEDIA,DNAMEDIAEQN,2.44,2.45,2.45,0.01,0.41,5,12,5.09,2.17
CREDENT,CREDENTSMN,393.4,395.0,395.0,1.6,0.41,600,237000,420.35,309.05
ENRIN,ENRINEQN,3200.0,3213.0,3213.0,13.0,0.41,974,3129462,3968.0,2115.0
SANOFICONR,SANOFICONREQN,3802.8,3818.0,3818.0,15.2,0.4,1,3818,5255.0,3691.0
NEUEON,NEUEONBEN,15.06,15.12,15.12,0.06,0.4,500,7560,27.4,5.76
ZOTA,ZOTAEQN,1294.7,1299.8,1299.8,5.1,0.39,150,194970,1740.0,1022.0
HUBTOWN,HUBTOWNEQN,182.28,183.0,183.0,0.72,0.39,4468,817644,339.0,165.55
GREENPANEL,GREENPANELEQN,160.32,160.95,160.95,0.63,0.39,1572,253013,314.4,148.51
HAVELLS,HAVELLSEQN,1016.0,1020.0,1020.0,4.0,0.39,2764,2819280,1520.0,1015.1
DIXON,DIXONEQN,13100.0,13151.0,13151.0,51.0,0.39,448,5891648,17505.0,9600.0
KSHINTL,KSHINTLEQN,1001.1,1005.0,1005.0,3.9,0.39,629,632145,1198.0,330.0
RRIL,RRILEQN,15.36,15.42,15.42,0.06,0.39,10,154,21.5,15.06
MGEL,MGELEQN,15.89,15.95,15.95,0.06,0.38,116,1850,18.17,9.53
LGBBROSLTD,LGBBROSLTDEQN,1730.1,1736.6,1736.6,6.5,0.38,1,1736,2048.0,1314.9
BHAGYANGR,BHAGYANGREQN,411.15,412.7,412.7,1.55,0.38,172,70984,467.9,92.0
EPIGRAL,EPIGRALEQN,1012.5,1016.2,1016.2,3.7,0.37,50,50810,1771.0,807.0
HARSHA,HARSHAEQN,470.3,472.05,472.05,1.75,0.37,301,142087,484.8,313.3
TARIL,TARILEQN,270.1,271.1,271.1,1.0,0.37,9943,2695547,501.2,224.05
ARDEE,ARDEEEQN,50.77,50.96,50.96,0.19,0.37,5408,275591,73.19,46.5
LAL,LALEQN,8.42,8.45,8.45,0.03,0.36,575,4858,11.43,5.56
SANATHAN,SANATHANEQN,508.15,510.0,510.0,1.85,0.36,268,136680,544.3,352.6
CAPINVIT,CAPINVITIVN,77.01,77.29,77.29,0.28,0.36,864,66778,79.99,67.0
TATAELXSI,TATAELXSIEQN,3088.9,3099.9,3099.9,11.0,0.36,987,3059601,5950.0,3046.2
TERASOFT,TERASOFTEQN,207.2,207.95,207.95,0.75,0.36,38,7902,598.0,194.11
ESILVER,ESILVEREQN,219.2,219.99,219.99,0.79,0.36,23,5059,375.0,139.33
SHREEPUSHK,SHREEPUSHKEQN,492.75,494.45,494.45,1.7,0.35,74,36589,545.2,272.45
MAGADSUGAR,MAGADSUGAREQN,531.25,533.1,533.1,1.85,0.35,125,66637,634.95,417.0
AUROPHARMA,AUROPHARMAEQN,1672.0,1677.9,1677.9,5.9,0.35,2393,4015214,1740.0,1066.8
WELSPLSOL,WELSPLSOLEQN,53.98,54.17,54.17,0.19,0.35,372,20151,63.25,36.0
HARIOMPIPE,HARIOMPIPEEQN,340.95,342.15,342.15,1.2,0.35,10,3421,498.2,268.05
DHOOTTRANS,DHOOTTRANSEQN,1488.8,1494.0,1494.0,5.2,0.35,1495,2233530,1735.3,1131.0
MANBA,MANBAEQN,136.84,137.3,137.3,0.46,0.34,4,549,154.0,98.0
AYMSYNTEX,AYMSYNTEXEQN,292.15,293.15,293.15,1.0,0.34,23,6742,330.0,141.53
KROSS,KROSSEQN,263.05,263.95,263.95,0.9,0.34,636,167872,283.0,150.52
EPACK,EPACKEQN,175.35,175.95,175.95,0.6,0.34,890,156595,360.0,168.61
VSSL,VSSLEQN,401.05,402.4,402.4,1.35,0.34,48,19315,428.25,206.4
MMFL,MMFLEQN,598.6,600.65,600.65,2.05,0.34,17,10211,687.95,288.1
CAMLINFINE,CAMLINFINEEQN,93.15,93.47,93.47,0.32,0.34,1000,93470,211.95,89.12
TARSONS,TARSONSEQN,320.3,321.4,321.4,1.1,0.34,106,34068,375.0,164.45
STARHEALTH,STARHEALTHEQN,534.65,536.45,536.45,1.8,0.34,3753,2013296,624.9,416.55
PRSMJOHNSN,PRSMJOHNSNEQN,108.74,109.11,109.11,0.37,0.34,681,74303,165.9,97.1
NURECA,NURECABEN,366.6,367.85,367.85,1.25,0.34,20,7357,376.0,204.0
SAKSOFT,SAKSOFTEQN,139.43,139.9,139.9,0.47,0.34,193,27000,222.99,107.59
TARC,TARCEQN,125.96,126.38,126.38,0.42,0.33,476,60156,186.3,109.1
ATULAUTO,ATULAUTOEQN,448.15,449.65,449.65,1.5,0.33,179,80487,596.55,380.05
TATVA,TATVAEQN,1784.2,1790.0,1790.0,5.8,0.33,102,182580,1880.0,992.3
ROSSARI,ROSSARIEQN,417.95,419.35,419.35,1.4,0.33,51,21386,690.3,375.0
ASAHIINDIA,ASAHIINDIAEQN,958.85,962.0,962.0,3.15,0.33,36,34632,1074.0,775.1
AMRUTANJAN,AMRUTANJANEQN,514.75,516.45,516.45,1.7,0.33,48,24789,760.15,476.5
SOLARWORLD,SOLARWORLDEQN,129.28,129.71,129.71,0.43,0.33,555,71989,388.5,123.35
ANDHRAPAP,ANDHRAPAPEQN,72.68,72.92,72.92,0.24,0.33,2,145,86.89,58.0
THEMISMED,THEMISMEDEQN,116.46,116.85,116.85,0.39,0.33,1,116,147.0,64.95
UNIVCABLES,UNIVCABLESEQN,1443.0,1447.8,1447.8,4.8,0.33,128,185318,1774.9,576.0
GULFOILLUB,GULFOILLUBEQN,1125.4,1129.1,1129.1,3.7,0.33,361,407605,1289.4,865.0
EFCIL,EFCILEQN,172.21,172.78,172.78,0.57,0.33,64,11057,329.26,167.05
NEPHROPLUS,NEPHROPLUSEQN,659.75,661.95,661.95,2.2,0.33,92,60899,781.5,446.0
WINDMACHIN,WINDMACHINEQN,300.2,301.2,301.2,1.0,0.33,4,1204,343.9,200.65
KOVAI,KOVAIEQN,6007.0,6027.0,6027.0,20.0,0.33,2,12054,6444.0,5275.5
PTL,PTLEQN,37.87,37.99,37.99,0.12,0.32,37,1405,43.77,36.1
FRONTSP,FRONTSPEQN,1460.2,1464.8,1464.8,4.6,0.32,101,147944,1869.0,1150.5
CEWATER,CEWATEREQN,259.6,260.4,260.4,0.8,0.31,1,260,516.5,235.0
RAJSREESUG,RAJSREESUGEQN,28.87,28.96,28.96,0.09,0.31,500,14480,42.48,24.65
ZEEL,ZEELEQN,74.47,74.7,74.7,0.23,0.31,24086,1799224,118.35,68.0
ANONDITA,ANONDITASMN,1084.6,1088.0,1088.0,3.4,0.31,800,870400,1302.97,331.68
MOLBIO,MOLBIOEQN,1308.9,1313.0,1313.0,4.1,0.31,5203,6831539,1686.8,926.35
RHIM,RHIMEQN,384.85,386.0,386.0,1.15,0.3,282,108852,508.3,323.05
UNIECOM,UNIECOMEQN,83.9,84.15,84.15,0.25,0.3,112,9424,147.0,78.51
PGEL,PGELEQN,493.45,494.95,494.95,1.5,0.3,1301,643929,644.4,436.55
ASHIANA,ASHIANAEQN,386.0,387.15,387.15,1.15,0.3,51,19744,435.9,269.45
GANDHAR,GANDHAREQN,278.85,279.7,279.7,0.85,0.3,650,181805,303.17,115.0
POKARNA,POKARNAEQN,705.7,707.8,707.8,2.1,0.3,46,32558,1146.2,684.55
SUNDROP,SUNDROPEQN,745.2,747.4,747.4,2.2,0.3,1,747,823.95,556.0
PPAP,PPAPBEN,234.45,235.12,235.12,0.67,0.29,13,3056,379.5,176.0
KIRLOSIND,KIRLOSINDEQN,3570.7,3581.1,3581.1,10.4,0.29,16,57297,4574.8,2463.0
KKCL,KKCLEQN,460.35,461.7,461.7,1.35,0.29,128,59097,568.45,408.35
NDRAUTO,NDRAUTOEQN,717.7,719.8,719.8,2.1,0.29,13,9357,1080.4,605.05
RATEGAIN,RATEGAINEQN,851.55,854.0,854.0,2.45,0.29,785,670390,1050.0,437.0
RUBYMILLS,RUBYMILLSEQN,499.75,501.2,501.2,1.45,0.29,30,15036,522.0,169.02
CHEMCON,CHEMCONEQN,217.28,217.92,217.92,0.64,0.29,178,38789,288.3,125.0
WSTCSTPAPR,WSTCSTPAPREQN,736.6,738.7,738.7,2.1,0.29,1551,1145723,777.0,375.0
KOPRAN,KOPRANEQN,278.32,279.15,279.15,0.8,0.29,1024,285849,295.83,107.0
YUKEN,YUKENEQN,1131.1,1134.4,1134.4,3.3,0.29,17,19284,1153.85,584.1
HALDYNGL,HALDYNGLEQN,154.46,154.9,154.9,0.44,0.28,100,15490,163.78,85.0
KIRLOSENG,KIRLOSENGEQN,2304.2,2310.7,2310.7,6.5,0.28,1589,3671702,2720.0,865.55
VENUSPIPES,VENUSPIPESEQN,2147.1,2153.1,2153.1,6.0,0.28,196,422007,2347.9,890.0
TCI,TCIEQN,872.5,874.95,874.95,2.45,0.28,56,48997,1242.0,797.0
STEAMHOUSE,STEAMHOUSEEQN,110.94,111.25,111.25,0.31,0.28,8879,987788,117.6,91.6
KSR,KSRBEN,39.32,39.43,39.43,0.11,0.28,101,3982,48.84,14.04
PREMEXPLN,PREMEXPLNEQN,684.1,685.95,685.95,1.85,0.27,100,68595,829.8,378.4
PAGEIND,PAGEINDEQN,36385.0,36485.0,36485.0,100.0,0.27,13,474305,43855.0,29805.0
CAMPUS,CAMPUSEQN,208.83,209.4,209.4,0.57,0.27,1222,255886,287.8,199.54
ADANIENSOL,ADANIENSOLEQN,1314.6,1318.1,1318.1,3.5,0.27,6479,8539969,1789.0,803.1
TRUALT,TRUALTEQN,468.65,469.9,469.9,1.25,0.27,2954,1388084,549.0,310.2
GLOBUSSPR,GLOBUSSPREQN,786.45,788.6,788.6,2.15,0.27,242,190841,1252.8,775.0
INOXGREEN,INOXGREENEQN,161.07,161.49,161.49,0.42,0.26,1219,196856,279.0,132.58
RPTECH,RPTECHEQN,953.5,956.0,956.0,2.5,0.26,3712,3548672,1004.7,313.05
ELECON,ELECONEQN,461.8,463.0,463.0,1.2,0.26,1430,662090,626.0,352.0
KAYNES,KAYNESEQN,3501.0,3510.0,3510.0,9.0,0.26,1325,4650750,7705.0,2995.0
TGVSL,TGVSLEQN,121.48,121.8,121.8,0.32,0.26,133,16199,130.49,101.01
TATACONSUM,TATACONSUMEQN,949.5,952.0,952.0,2.5,0.26,1831,1743112,1282.7,945.0
MPHASIS,MPHASISEQN,2154.4,2160.1,2160.1,5.7,0.26,808,1745360,2975.0,2013.0
TNPL,TNPLEQN,150.61,151.0,151.0,0.39,0.26,139,20989,175.75,121.51
ESABINDIA,ESABINDIAEQN,5530.0,5544.5,5544.5,14.5,0.26,34,188513,7319.5,4710.0
SANSTAR,SANSTAREQN,104.94,105.2,105.2,0.26,0.25,479,50390,137.49,74.3
FILATEX,FILATEXEQN,107.76,108.03,108.03,0.27,0.25,21430,2315082,113.94,36.26
GHCL,GHCLEQN,405.5,406.5,406.5,1.0,0.25,54,21951,667.2,396.0
JUNIPER,JUNIPEREQN,213.42,213.95,213.95,0.53,0.25,2,427,289.2,188.5
EMSLIMITED,EMSLIMITEDEQN,337.2,338.0,338.0,0.8,0.24,71,23998,576.9,256.05
GODREJCP,GODREJCPEQN,850.0,852.0,852.0,2.0,0.24,1006,857112,1273.9,838.0
GNRL,GNRLEQN,98.26,98.5,98.5,0.24,0.24,134,13199,120.9,83.2
SILVERADD,SILVERADDEQN,21.1,21.15,21.15,0.05,0.24,5,105,39.0,13.36
VIRAT,VIRATEQN,339.2,340.0,340.0,0.8,0.24,3033,1031220,494.4,268.05
NORTHARC,NORTHARCEQN,287.35,288.0,288.0,0.65,0.23,530,152640,334.0,206.0
HINDPETRO,HINDPETROEQN,350.35,351.15,351.15,0.8,0.23,3392,1191100,508.45,316.2
TIRUMALCHM,TIRUMALCHMEQN,151.39,151.74,151.74,0.35,0.23,48,7283,293.75,143.12
DEN,DENEQN,25.93,25.99,25.99,0.06,0.23,1075,27939,35.95,22.52
CIPLA,CIPLAEQN,1346.0,1349.1,1349.1,3.1,0.23,797,1075232,1673.0,1165.7
DIACABS,DIACABSBEN,354.2,355.0,355.0,0.8,0.23,1173,416415,404.0,115.57
SSWL,SSWLEQN,408.1,409.0,409.0,0.9,0.22,2635,1077715,419.8,169.0
ORIENTCER,ORIENTCEREQN,44.9,45.0,45.0,0.1,0.22,1,45,56.64,34.0
MAPMYINDIA,MAPMYINDIAEQN,858.1,860.0,860.0,1.9,0.22,660,567600,1998.0,795.0
DMART,DMARTEQN,3801.4,3809.8,3809.8,8.4,0.22,103,392409,4644.0,3529.0
UTKARSHBNK,UTKARSHBNKEQN,13.76,13.79,13.79,0.03,0.22,3461,47727,22.03,10.12
GANESHHOU,GANESHHOUEQN,719.0,720.6,720.6,1.6,0.22,10,7206,899.7,500.0
MAFATIND,MAFATINDEQN,117.54,117.8,117.8,0.26,0.22,500,58900,157.77,113.4
KFINTECH,KFINTECHEQN,840.0,841.75,841.75,1.75,0.21,926,779460,1215.0,784.95
RRKABEL,RRKABELEQN,2518.6,2524.0,2524.0,5.4,0.21,1596,4028304,2983.8,1218.9
ASIANENE,ASIANENEEQN,471.85,472.85,472.85,1.0,0.21,425,200961,565.7,230.0
AEROPLANE,AEROPLANEEQN,206.57,207.0,207.0,0.43,0.21,599,123993,212.07,117.02
VEDPOWER,VEDPOWEREQN,32.84,32.91,32.91,0.07,0.21,62145,2045191,49.88,30.44
POWERINDIA,POWERINDIAEQN,30630.0,30690.0,30690.0,60.0,0.2,505,15498450,38785.0,16111.0
VPRPL,VPRPLEQN,29.62,29.68,29.68,0.06,0.2,1679,49832,100.42,23.94
KEC,KECEQN,377.25,378.0,378.0,0.75,0.2,7735,2923830,893.0,367.5
MAMATA,MAMATAEQN,398.8,399.6,399.6,0.8,0.2,35,13986,469.15,297.0
PIDILITIND,PIDILITINDEQN,1465.1,1468.1,1468.1,3.0,0.2,564,828008,1707.5,1259.0
SKIPPER,SKIPPEREQN,531.15,532.2,532.2,1.05,0.2,1329,707293,616.8,327.05
GREENPLY,GREENPLYEQN,299.95,300.55,300.55,0.6,0.2,1752,526563,334.4,176.42
VGUARD,VGUARDEQN,296.45,297.05,297.05,0.6,0.2,621,184468,384.0,288.8
JTEKTINDIA,JTEKTINDIAEQN,116.58,116.8,116.8,0.22,0.19,2,233,171.31,114.2
GROWWSLVR,GROWWSLVREQN,21.49,21.53,21.53,0.04,0.19,1800,38754,36.3,13.59
SILVER1,SILVER1EQN,21.28,21.32,21.32,0.04,0.19,3825,81549,38.8,13.41
LICMFGOLD,LICMFGOLDEQN,132.35,132.6,132.6,0.25,0.19,751,99582,162.0,102.5
INDUSINVIT,INDUSINVITIVN,129.95,130.19,130.19,0.24,0.18,209,27209,138.0,113.21
ALKYLAMINE,ALKYLAMINEEQN,1761.7,1764.9,1764.9,3.2,0.18,221,390042,2115.0,1212.0
GLENMARK,GLENMARKEQN,2334.7,2339.0,2339.0,4.3,0.18,865,2023235,2537.6,1792.6
WHEELS,WHEELSEQN,2221.0,2225.0,2225.0,4.0,0.18,61,135725,2498.0,705.85
SPORTKING,SPORTKINGEQN,210.5,210.88,210.88,0.38,0.18,100,21088,241.51,78.17
SBICARD,SBICARDEQN,578.05,579.05,579.05,1.0,0.17,400,231620,965.0,560.15
VARDMNPOLY,VARDMNPOLYEQN,5.8,5.81,5.81,0.01,0.17,102,592,9.49,5.1
ASHOKLEY,ASHOKLEYEQN,154.19,154.45,154.45,0.26,0.17,27682,4275484,215.42,134.21
CHAMBLFERT,CHAMBLFERTEQN,409.25,409.95,409.95,0.7,0.17,525,215223,522.0,396.5
VISAKAIND,VISAKAINDBEN,83.58,83.72,83.72,0.14,0.17,574,48055,104.41,50.2
LEAPIND,LEAPINDEQN,137.78,138.02,138.02,0.24,0.17,12224,1687156,172.29,128.55
CENTURYPLY,CENTURYPLYEQN,681.85,683.0,683.0,1.15,0.17,741,506103,859.0,618.5
PENIND,PENINDEQN,184.0,184.3,184.3,0.3,0.16,405,74641,279.9,129.1
INDBANK,INDBANKEQN,25.36,25.4,25.4,0.04,0.16,10,254,47.15,24.21
GLAXO,GLAXOEQN,2769.3,2773.7,2773.7,4.4,0.16,47,130363,3120.7,2088.1
GEOJITFSL,GEOJITFSLEQN,76.59,76.71,76.71,0.12,0.16,265,20328,86.5,50.86
IPCALAB,IPCALABEQN,1927.0,1929.9,1929.9,2.9,0.15,319,615638,2038.0,1251.6
PAKKA,PAKKAEQN,72.89,73.0,73.0,0.11,0.15,71,5183,160.3,69.1
HEIDELBERG,HEIDELBERGEQN,132.6,132.8,132.8,0.2,0.15,161,21380,206.7,128.45
GODREJIND,GODREJINDEQN,1039.4,1041.0,1041.0,1.6,0.15,621,646461,1443.0,744.2
LCL,LCLEQN,557.15,558.0,558.0,0.85,0.15,371,207018,609.4,461.0
SILVERIETF,SILVERIETFEQN,218.88,219.2,219.2,0.32,0.15,9377,2055438,373.5,138.51
GANDHITUBE,GANDHITUBEEQN,951.55,952.9,952.9,1.35,0.14,464,442145,1046.6,681.05
JTLIND,JTLINDEQN,88.28,88.4,88.4,0.12,0.14,13380,1182792,94.0,40.25
HIKAL,HIKALEQN,217.89,218.19,218.19,0.3,0.14,120,26182,261.0,146.25
PATANJALI,PATANJALIEQN,363.0,363.5,363.5,0.5,0.14,13819,5023206,614.05,328.2
QPOWER,QPOWEREQN,1584.8,1587.0,1587.0,2.2,0.14,764,1212468,1675.0,581.0
MOGOLD,MOGOLDEQN,145.4,145.6,145.6,0.2,0.14,146,21257,175.0,114.8
MIIL,MIILEQN,682.05,683.0,683.0,0.95,0.14,10,6830,742.9,640.5
ICIL,ICILEQN,460.4,461.0,461.0,0.6,0.13,1765,813665,485.95,216.9
BBL,BBLEQN,2095.2,2098.0,2098.0,2.8,0.13,6,12588,3411.0,2050.1
STOVEKRAFT,STOVEKRAFTEQN,794.95,796.0,796.0,1.05,0.13,25,19900,877.0,447.05
MHRIL,MHRILEQN,194.25,194.5,194.5,0.25,0.13,153,29758,355.5,188.21
SHANTIGOLD,SHANTIGOLDEQN,308.6,309.0,309.0,0.4,0.13,8904,2751336,333.09,155.0
SILVERAXIS,SILVERAXISEQN,217.94,218.23,218.23,0.29,0.13,142,30988,390.01,137.56
APCOTEXIND,APCOTEXINDEQN,595.6,596.4,596.4,0.8,0.13,245,146118,712.0,310.45
SONATSOFTW,SONATSOFTWEQN,258.25,258.55,258.55,0.3,0.12,1585,409801,400.5,207.15
SHREDIGCEM,SHREDIGCEMEQN,65.92,66.0,66.0,0.08,0.12,8,528,97.15,53.9
VIKRAMSOLR,VIKRAMSOLREQN,160.01,160.2,160.2,0.19,0.12,5573,892794,354.4,151.6
WEWORK,WEWORKEQN,660.45,661.25,661.25,0.8,0.12,23,15208,794.5,420.0
EBIX,EBIXBEN,16.97,16.99,16.99,0.02,0.12,100,1699,22.83,16.03
COMSYN,COMSYNEQN,269.7,270.0,270.0,0.3,0.11,808,218160,315.4,136.44
SGFIN,SGFINEQN,604.35,605.0,605.0,0.65,0.11,555,335775,727.45,323.0
YATRA,YATRAEQN,99.89,100.0,100.0,0.11,0.11,5020,502000,202.0,89.9
PFC,PFCEQN,325.5,325.85,325.85,0.35,0.11,24255,7903491,486.5,313.35
PARADEEP,PARADEEPEQN,154.28,154.45,154.45,0.17,0.11,7440,1149108,201.99,99.7
AAATECH,AAATECHEQN,94.73,94.83,94.83,0.1,0.11,50,4741,136.0,78.71
STALLION,STALLIONBEN,230.55,230.8,230.8,0.25,0.11,9035,2085278,359.15,99.32
CONCOR,CONCOREQN,447.5,448.0,448.0,0.5,0.11,1127,504896,557.0,421.45
COCKERILL,COCKERILLEQN,7966.5,7975.0,7975.0,8.5,0.11,21,167475,10871.5,4955.0
SPANDANA,SPANDANAEQN,220.76,220.97,220.97,0.21,0.1,411,90818,319.4,181.1
TCS,TCSEQN,2050.6,2052.6,2052.6,2.0,0.1,13451,27609522,3350.0,1976.8
MOIL,MOILEQN,237.76,238.0,238.0,0.24,0.1,1046,248948,404.9,230.01
PREMIERENE,PREMIERENEEQN,870.1,871.0,871.0,0.9,0.1,1106,963326,1134.0,660.0
MSTCLTD,MSTCLTDEQN,714.75,715.5,715.5,0.75,0.1,176,125928,805.0,362.15
GICHSGFIN,GICHSGFINEQN,133.87,134.0,134.0,0.13,0.1,61,8174,184.0,130.05
CENTRUM,CENTRUMEQN,19.61,19.63,19.63,0.02,0.1,15300,300339,35.9,18.71
SIGNPOST,SIGNPOSTEQN,262.0,262.25,262.25,0.25,0.1,5,1311,336.8,191.41
GOLD360,GOLD360EQN,143.6,143.75,143.75,0.15,0.1,60,8625,178.0,111.15
ZENSARTECH,ZENSARTECHEQN,422.1,422.5,422.5,0.4,0.09,2108,890630,822.0,416.15
SENORES,SENORESEQN,1385.8,1387.0,1387.0,1.2,0.09,204,282948,1599.0,684.6
KPIL,KPILEQN,1380.6,1381.8,1381.8,1.2,0.09,324,447703,1479.6,1007.1
TECHNOE,TECHNOEEQN,1008.75,1009.7,1009.7,0.9,0.09,300,302910,1389.6,870.0
MANALIPETC,MANALIPETCEQN,80.98,81.05,81.05,0.07,0.09,1401,113551,93.0,39.13
JAYBARMARU,JAYBARMARUEQN,128.39,128.5,128.5,0.11,0.09,911,117063,207.0,74.15
BSOFT,BSOFTEQN,271.7,271.95,271.95,0.25,0.09,6694,1820433,474.0,267.05
VOLTAMP,VOLTAMPEQN,10500.0,10509.0,10509.0,9.0,0.09,29,304761,12863.0,6666.0
SHIVASHRIT,SHIVASHRITSMN,113.65,113.75,113.75,0.1,0.09,1000,113750,144.0,96.0
SHRINGARMS,SHRINGARMSEQN,224.6,224.8,224.8,0.2,0.09,1634,367323,266.5,166.0
SOLARA,SOLARAEQN,725.4,726.0,726.0,0.6,0.08,878,637428,774.0,422.0
CSBBANK,CSBBANKEQN,311.0,311.25,311.25,0.25,0.08,250,77812,574.4,295.0
BHARATSE,BHARATSEEQN,212.38,212.55,212.55,0.17,0.08,50,10627,263.18,133.6
ZUARI,ZUARIEQN,220.33,220.5,220.5,0.17,0.08,50,11025,345.6,175.1
BANARBEADS,BANARBEADSEQN,120.75,120.85,120.85,0.1,0.08,120,14502,164.7,96.05
SCILAL,SCILALEQN,36.86,36.89,36.89,0.03,0.08,3838,141583,55.0,34.3
LATENTVIEW,LATENTVIEWEQN,236.0,236.2,236.2,0.2,0.08,559,132035,517.5,230.0
SCHAEFFLER,SCHAEFFLEREQN,3897.1,3900.1,3900.1,3.0,0.08,8,31200,4467.7,3518.4
BOROSCI,BOROSCIEQN,113.91,114.0,114.0,0.09,0.08,83,9462,180.8,96.64
SYNCOMF,SYNCOMFEQN,25.08,25.1,25.1,0.02,0.08,116160,2915616,27.49,10.21
MEDIASSIST,MEDIASSISTEQN,302.25,302.5,302.5,0.25,0.08,707,213867,575.55,291.25
TAJGVK,TAJGVKEQN,320.2,320.45,320.45,0.25,0.08,77,24674,438.25,281.35
MIDHANI,MIDHANIEQN,437.65,438.0,438.0,0.35,0.08,7086,3103668,482.4,266.65
VINDHYATEL,VINDHYATELEQN,2662.9,2665.0,2665.0,2.1,0.08,58,154570,2952.6,963.9
EXCELINDUS,EXCELINDUSEQN,945.2,946.0,946.0,0.8,0.08,4,3784,1168.0,800.05
NUCLEUS,NUCLEUSEQN,650.25,650.8,650.8,0.55,0.08,33,21476,1064.8,638.05
ANANTAM,ANANTAMIVN,103.92,104.0,104.0,0.08,0.08,1,104,117.0,100.1
FABTECH,FABTECHEQN,145.04,145.16,145.16,0.12,0.08,86,12483,262.8,132.7
LOKESHMACH,LOKESHMACHEQN,365.9,366.2,366.2,0.3,0.08,110,40282,411.45,138.96
PRAVEG,PRAVEGEQN,241.8,242.0,242.0,0.2,0.08,2,484,325.0,210.4
SIMPLEXINF,SIMPLEXINFEQN,245.5,245.7,245.7,0.2,0.08,82,20147,318.0,137.0
TVSHLTD,TVSHLTDEQN,12107.0,12116.0,12116.0,9.0,0.07,24,290784,16297.0,11661.0
BALAMINES,BALAMINESEQN,2118.5,2120.0,2120.0,1.5,0.07,147,311640,2629.8,968.1
IXIGO,IXIGOEQN,162.89,163.0,163.0,0.11,0.07,2071,337573,339.15,151.27
PLATIND,PLATINDEQN,206.85,207.0,207.0,0.15,0.07,75,15525,306.3,183.5
ABBOTINDIA,ABBOTINDIAEQN,27125.0,27145.0,27145.0,20.0,0.07,3,81435,30655.0,25135.0
AFCONS,AFCONSEQN,247.8,247.98,247.98,0.18,0.07,510,126469,479.4,225.35
ORCHPHARMA,ORCHPHARMAEQN,997.0,997.65,997.65,0.65,0.07,85,84800,1143.5,480.0
BASF,BASFEQN,3447.8,3450.2,3450.2,2.4,0.07,2,6900,4829.9,3122.2
VSTIND,VSTINDEQN,203.16,203.3,203.3,0.14,0.07,299,60786,286.78,200.0
WIPRO,WIPROEQN,158.5,158.61,158.61,0.11,0.07,79983,12686103,273.1,156.79
BIOCON,BIOCONEQN,370.3,370.55,370.55,0.25,0.07,2764,1024200,447.15,337.05
PNGSREVA,PNGSREVAEQN,511.65,512.0,512.0,0.35,0.07,46,23552,644.0,324.25
ZFSTEERING,ZFSTEERINGEQN,714.5,715.0,715.0,0.5,0.07,1,715,894.98,620.65
DHAMPURSUG,DHAMPURSUGEQN,171.42,171.54,171.54,0.12,0.07,205,35165,199.92,110.0
SIL,SILEQN,15.69,15.7,15.7,0.01,0.06,16,251,22.3,11.7
ABB,ABBEQN,6776.0,6780.0,6780.0,4.0,0.06,602,4081560,7924.5,4637.5
TFCILTD,TFCILTDEQN,141.91,141.99,141.99,0.08,0.06,13396,1902098,148.5,51.0
HDFCAMC,HDFCAMCEQN,2280.7,2282.0,2282.0,1.3,0.06,720,1643040,2967.25,2205.6
RELIGARE,RELIGAREEQN,228.91,229.05,229.05,0.14,0.06,717,164228,280.0,196.51
HGINFRA,HGINFRAEQN,432.75,433.0,433.0,0.25,0.06,273,118209,976.45,409.0
AFFLE,AFFLEEQN,1511.0,1511.9,1511.9,0.9,0.06,396,598712,1994.3,1251.3
TIL,TILBEN,252.69,252.85,252.85,0.15,0.06,30,7585,334.7,161.25
CEATLTD,CEATLTDEQN,3264.4,3266.2,3266.2,1.8,0.06,73,238432,4438.0,3061.2
WANBURY,WANBURYEQN,199.5,199.6,199.6,0.1,0.05,4387,875645,358.85,161.5
TBOTEK,TBOTEKEQN,1685.2,1686.1,1686.1,0.9,0.05,353,595193,1764.8,1004.2
POLYCAB,POLYCABEQN,8026.0,8030.0,8030.0,4.0,0.05,325,2609750,10126.0,6663.0
IRBINVIT,IRBINVITIVN,64.22,64.25,64.25,0.03,0.05,2809,180478,65.25,57.05
MUTHOOTCAP,MUTHOOTCAPEQN,218.9,219.0,219.0,0.1,0.05,60,13140,303.0,175.25
LAXMIDENTL,LAXMIDENTLEQN,191.42,191.5,191.5,0.08,0.04,100,19150,344.8,155.88
TATASTEEL,TATASTEELEQN,184.3,184.37,184.37,0.07,0.04,395820,72977333,224.4,160.06
LICHSGFIN,LICHSGFINEQN,530.2,530.4,530.4,0.2,0.04,8520,4519008,598.2,458.9
KIRIINDUS,KIRIINDUSEQN,541.3,541.5,541.5,0.2,0.04,3886,2104269,779.0,333.8
SINDHUTRAD,SINDHUTRADEQN,22.89,22.9,22.9,0.01,0.04,1,22,29.38,17.64
SBISILVER,SBISILVEREQN,215.04,215.13,215.13,0.09,0.04,1970,423806,362.0,136.05
MMP,MMPEQN,474.85,475.0,475.0,0.15,0.03,154,73150,498.0,185.2
RAJRATAN,RAJRATANEQN,461.6,461.75,461.75,0.15,0.03,10,4617,563.95,305.55
GAIL,GAILEQN,170.55,170.55,170.6,0.05,0.03,22693,0,186.87,134.36
KTKBANK,KTKBANKEQN,329.0,329.1,329.1,0.1,0.03,1802,593038,345.9,170.26
TIIL,TIILEQN,2900.9,2901.8,2901.8,0.9,0.03,5,14509,3565.3,1868.5
RAIN,RAINEQN,213.94,214.0,214.0,0.06,0.03,5938,1270732,252.0,99.9
SILVERBEES,SILVERBEESEQN,209.62,209.68,209.68,0.06,0.03,49047,10284174,360.0,132.99
AARTIDRUGS,AARTIDRUGSEQN,430.9,431.05,431.05,0.15,0.03,1205,519415,534.0,318.95
NTPCGREEN,NTPCGREENEQN,93.37,93.4,93.4,0.03,0.03,21009,1962240,119.95,84.0
PTCIL,PTCILEQN,22190.0,22195.0,22195.0,5.0,0.02,151,3351445,24125.0,14499.0
NSIL,NSILEQN,5324.0,5325.0,5325.0,1.0,0.02,1,5325,8730.0,4700.0
KSL,KSLEQN,965.4,965.6,965.6,0.2,0.02,8,7724,1032.9,574.0
SMARTWORKS,SMARTWORKSEQN,519.85,519.95,519.95,0.1,0.02,115,59794,619.0,361.5
SRHHYPOLTD,SRHHYPOLTDEQN,563.9,564.0,564.0,0.1,0.02,31,17484,670.0,382.4
TALBROAUTO,TALBROAUTOEQN,429.85,429.95,429.95,0.1,0.02,275,118236,485.8,219.9
63MOONS,63MOONSEQN,811.05,811.25,811.25,0.2,0.02,497,403191,957.95,467.0
CROMPTON,CROMPTONEQN,208.67,208.71,208.71,0.04,0.02,4463,931472,310.5,201.1
KENNAMET,KENNAMETEQN,4131.0,4132.0,4132.0,1.0,0.02,34,140488,5136.0,2405.2
FLUOROCHEM,FLUOROCHEMEQN,4405.3,4406.0,4406.0,0.7,0.02,150,660900,4958.9,2916.6
KANSAINER,KANSAINEREQN,177.99,178.0,178.0,0.01,0.01,576,102528,264.0,157.91
BBOX,BBOXEQN,804.8,804.85,804.85,0.05,0.01,1496,1204055,1103.0,444.3
RADICO,RADICOEQN,4366.0,4366.5,4366.5,0.5,0.01,534,2331711,4747.0,2500.0
PANAMAPET,PANAMAPETEQN,484.25,484.3,484.3,0.05,0.01,262,126886,599.6,229.0
IEX,IEXEQN,107.0,107.01,107.01,0.01,0.01,10202,1091716,160.27,104.18
QUICKHEAL,QUICKHEALEQN,144.49,144.5,144.5,0.01,0.01,350,50575,371.4,125.0
LXCHEM,LXCHEMEQN,177.36,177.37,177.37,0.01,0.01,1218,216036,216.8,107.6
TATACHEM,TATACHEMEQN,611.45,611.5,611.5,0.05,0.01,3743,2288844,944.5,580.3
CANBK,CANBKEQN,119.44,119.45,119.45,0.01,0.01,18360,2193102,162.89,116.51
SKFINDIA,SKFINDIAEQN,1509.9,1510.0,1510.0,0.1,0.01,2,3020,5074.0,1404.0
BATAINDIA,BATAINDIAEQN,618.75,618.8,618.8,0.05,0.01,912,564345,1238.0,605.0
FUSION,FUSIONEQN,175.08,175.1,175.1,0.02,0.01,700,122570,243.0,136.5
INDIGRID,INDIGRIDIVN,170.98,171.0,171.0,0.02,0.01,917,156807,180.9,161.01
BANDHANBNK,BANDHANBNKEQN,178.23,178.23,178.25,0.02,0.01,10987,0,220.76,134.25
SEDEMAC,SEDEMACEQN,3494.5,3495.0,3495.0,0.5,0.01,156,545220,3596.0,1413.1
AERONEU,AERONEUEQN,70.84,70.85,70.85,0.01,0.01,500,35425,105.5,63.21
OBEROIRLTY,OBEROIRLTYEQN,1765.7,1765.8,1765.8,0.1,0.01,64,113011,1986.1,1391.2
KUSUMGAR,KUSUMGAREQN,600.95,601.0,601.0,0.05,0.01,522,313722,659.5,533.0
SAIPARENT,SAIPARENTEQN,529.3,529.35,529.35,0.05,0.01,290,153511,706.0,400.0
MOKSH,MOKSHEQN,9.51,9.51,9.51,0.0,0.0,100,951,16.65,8.11
AJAXENGG,AJAXENGGEQN,587.0,587.0,587.0,0.0,0.0,47,27589,678.0,394.8
SITINET,SITINETBZN,0.27,0.27,0.27,0.0,0.0,5190,1401,0.49,0.27
HYUNDAI,HYUNDAIEQN,2031.0,2031.0,2031.0,0.0,0.0,758,1539498,2687.5,1658.0
NAVKARURB,NAVKARURBEQN,0.86,0.86,0.86,0.0,0.0,217,186,2.58,0.7
EXICOM,EXICOMEQN,152.11,152.11,152.11,0.0,0.0,989,150436,189.17,75.6
ALPEXSOLAR,ALPEXSOLARSMN,847.1,847.1,847.1,0.0,0.0,100,84710,1319.0,660.0
SOUTHWEST,SOUTHWESTEQN,182.49,182.49,182.49,0.0,0.0,56,10219,275.0,121.0
SUNDARAM,SUNDARAMEQN,1.09,1.09,1.09,0.0,0.0,1021,1112,2.2,1.02
KAPSTON,KAPSTONEQN,550.35,550.35,550.35,0.0,0.0,469,258114,616.2,162.79
SPARC,SPARCEQN,197.19,197.19,197.19,0.0,0.0,1947,383928,289.0,108.0
ALLDIGI,ALLDIGIEQN,767.25,767.25,767.25,0.0,0.0,2,1534,1000.0,700.0
ANTGRAPHIC,ANTGRAPHICEQN,0.71,0.71,0.71,0.0,0.0,509,361,1.17,0.64
HEXT,HEXTEQN,494.1,494.1,494.1,0.0,0.0,409,202086,807.75,400.2
GENCON,GENCONEQN,39.54,39.54,39.54,0.0,0.0,170,6721,59.96,36.35
SURAKSHA,SURAKSHAEQN,355.4,355.4,355.4,0.0,0.0,258,91693,360.0,224.1
MBLINFRA,MBLINFRAEQN,22.85,22.85,22.85,0.0,0.0,19139,437326,45.6,18.37
RKEC,RKECBEN,23.09,23.09,23.09,0.0,0.0,287,6626,75.65,17.4
KRITIKA,KRITIKAEQN,4.91,4.91,4.91,0.0,0.0,337,1654,9.55,4.5
SIEMENS,SIEMENSEQN,3725.6,3725.7,3725.7,0.1,0.0,94,350215,4149.4,2826.0
BAJAJHFL,BAJAJHFLEQN,82.0,82.0,82.0,0.0,0.0,13763,1128566,113.45,72.65
BAIDFIN,BAIDFINEQN,10.38,10.38,10.38,0.0,0.0,5,51,12.98,8.8
DCM,DCMEQN,74.0,74.0,74.0,0.0,0.0,200,14800,104.3,55.0
ORIENTTECH,ORIENTTECHEQN,231.53,231.53,231.53,0.0,0.0,372,86129,466.73,220.8
CENTEXT,CENTEXTEQN,18.62,18.62,18.62,0.0,0.0,80,1489,31.59,14.25
GUJAPOLLO,GUJAPOLLOEQN,330.0,330.0,330.0,0.0,0.0,10,3300,494.0,300.5
SGL,SGLEQN,8.56,8.56,8.56,0.0,0.0,7,59,15.99,8.4
PCJEWELLER,PCJEWELLEREQN,13.2,13.2,13.2,0.0,0.0,1245182,16436402,14.86,7.47
CARRARO,CARRAROEQN,527.5,527.5,527.5,0.0,0.0,1,527,667.55,416.0
MOTISONS,MOTISONSEQN,18.0,18.0,18.0,0.0,0.0,127692,2298456,19.78,10.62
HDIL,HDILBZN,1.47,1.47,1.47,0.0,0.0,747,1098,3.05,1.4
GANGAFORGE,GANGAFORGEEQN,1.54,1.54,1.54,0.0,0.0,124200,191268,3.29,1.35
PAR,PARBEN,126.64,126.64,126.64,0.0,0.0,10,1266,180.0,78.05
NKIND,NKINDEQN,58.2,58.2,58.2,0.0,0.0,2,116,78.5,49.66
SPAL,SPALEQN,964.6,964.6,964.6,0.0,0.0,117,112858,1221.9,600.0
SKYGOLD,SKYGOLDEQN,810.7,810.7,810.7,0.0,0.0,1005,814753,868.8,259.0
ARIHANTCAP,ARIHANTCAPEQN,89.74,89.74,89.74,0.0,0.0,653,58600,120.0,56.97
BHARATRAS,BHARATRASEQN,1003.9,1003.9,1003.9,0.0,0.0,45,45175,2987.5,977.4
SATIA,SATIAEQN,69.7,69.7,69.7,0.0,0.0,375,26137,83.8,50.8
GULPOLY,GULPOLYEQN,165.86,165.86,165.86,0.0,0.0,68,11278,227.63,121.5
BALMLAWRIE,BALMLAWRIEEQN,161.16,161.16,161.16,0.0,0.0,209,33682,212.76,148.36
ACE,ACEEQN,1232.0,1232.0,1232.0,0.0,0.0,926,1140832,1268.0,745.1
GEMAROMA,GEMAROMAEQN,161.0,161.0,161.0,0.0,0.0,102,16422,263.68,133.0
LMW,LMWEQN,16862.0,16862.0,16862.0,0.0,0.0,1,16862,20151.0,11920.0
PURVA,PURVAEQN,206.34,206.34,206.34,0.0,0.0,26,5364,287.3,160.69
COCHINSHIP,COCHINSHIPEQN,1315.0,1315.0,1315.0,0.0,0.0,1478,1943570,1929.9,1187.0
DIGISPICE,DIGISPICEEQN,14.96,14.96,14.96,0.0,0.0,3,44,28.98,14.4
MBAPL,MBAPLEQN,170.63,170.63,170.63,0.0,0.0,1364,232739,174.94,74.63
KINGFA,KINGFAEQN,6482.5,6482.5,6482.5,0.0,0.0,6,38895,6628.0,3649.9
MANAPPURAM,MANAPPURAMEQN,315.85,315.85,315.85,0.0,0.0,7086,2238113,381.55,245.15
SETUINFRA,SETUINFRABZN,0.52,0.52,0.52,0.0,0.0,4407,2291,0.71,0.37
SALASAR,SALASAREQN,4.08,4.08,4.08,0.0,0.0,25441,103799,10.99,3.8
BIRLAMONEY,BIRLAMONEYEQN,114.78,114.78,114.78,0.0,0.0,3,344,179.85,95.0
XPROINDIA,XPROINDIAEQN,1161.9,1161.9,1161.9,0.0,0.0,16,18590,1574.8,788.05
APOLLOPIPE,APOLLOPIPEEQN,507.85,507.85,507.85,0.0,0.0,79,40120,668.8,252.1
WEWIN,WEWINEQN,50.81,50.81,50.81,0.0,0.0,247,12550,78.0,35.38
ADVANIHOTR,ADVANIHOTREQN,48.01,48.01,48.01,0.0,0.0,25,1200,65.5,46.75
GRINDWELL,GRINDWELLEQN,1994.1,1994.1,1994.1,0.0,0.0,65,129616,2455.0,1329.0
DHANUKA,DHANUKAEQN,928.35,928.35,928.35,0.0,0.0,41,38062,1568.8,889.6
5PAISA,5PAISAEQN,305.2,305.2,305.2,0.0,0.0,5,1526,416.95,245.5
GILLANDERS,GILLANDERSEQN,114.8,114.8,114.8,0.0,0.0,231,26518,129.4,76.0
THOMASCOTT,THOMASCOTTEQN,267.35,267.35,267.35,0.0,0.0,124,33151,459.8,221.8
YESBANK,YESBANKEQN,20.95,20.95,20.95,0.0,0.0,208461,4367257,25.78,17.2
JAMNAAUTO,JAMNAAUTOEQN,136.35,136.35,136.35,0.0,0.0,3253,443546,152.6,89.74
UDS,UDSEQN,208.57,208.57,208.57,0.0,0.0,280,58399,262.85,125.1
AARTIIND,AARTIINDEQN,475.7,475.7,475.7,0.0,0.0,1583,753033,551.75,338.05
COLPAL,COLPALEQN,1763.3,1763.3,1763.3,0.0,0.0,564,994501,2329.9,1716.1
INDIANB,INDIANBEQN,805.9,805.9,805.9,0.0,0.0,913,735786,1000.9,727.0
SARLAPOLY,SARLAPOLYEQN,93.96,93.96,93.96,0.0,0.0,1100,103356,111.0,68.4
KEI,KEIEQN,4455.0,4455.0,4455.0,0.0,0.0,83,369765,5899.0,3728.7
RADIOCITY,RADIOCITYEQN,5.99,5.99,5.99,0.0,0.0,295,1767,8.69,4.5
DRREDDY,DRREDDYEQN,1233.0,1233.0,1233.0,0.0,0.0,2437,3004821,1414.9,1101.0
RUPA,RUPAEQN,130.52,130.52,130.52,0.0,0.0,642,83793,209.9,109.21
SHIVACEM,SHIVACEMEQN,13.76,13.76,13.76,0.0,0.0,1100,15136,17.94,12.8
VIKASECO,VIKASECOEQN,1.03,1.03,1.03,0.0,0.0,35145,36199,2.04,0.99
IDEA,IDEAEQN,12.95,12.95,12.95,0.0,0.0,2162669,28006563,15.79,8.05
JMA,JMAEQN,89.6,89.6,89.6,0.0,0.0,21,1881,103.7,70.25
FELDVR,FELDVRBZN,2.02,2.02,2.02,0.0,0.0,5,10,3.74,1.9
AWFIS,AWFISEQN,244.1,244.1,244.1,0.0,0.0,427,104230,639.4,229.05
DALMIASUG,DALMIASUGEQN,408.8,408.8,408.8,0.0,0.0,152,62137,520.0,261.4
KRYSTAL,KRYSTALEQN,626.2,626.2,626.2,0.0,0.0,84,52600,696.9,500.0
SAURASHCEM,SAURASHCEMEQN,54.53,54.53,54.53,0.0,0.0,84,4580,112.25,47.65
ORIENTHOT,ORIENTHOTEQN,142.36,142.36,142.36,0.0,0.0,1119,159300,148.8,80.0
MASFIN,MASFINEQN,282.7,282.7,282.7,0.0,0.0,26,7350,358.85,268.95
PGHH,PGHHEQN,6798.5,6798.5,6798.5,0.0,0.0,69,469096,14509.0,6579.0
FINOPB,FINOPBEQN,127.21,127.21,127.21,0.0,0.0,100,12721,339.0,110.03
WINDLAS,WINDLASEQN,1091.3,1091.3,1091.3,0.0,0.0,75,81847,1181.9,697.4
CHEMPLASTS,CHEMPLASTSEQN,185.92,185.92,185.92,0.0,0.0,748,139068,412.65,161.0
GREENLAM,GREENLAMEQN,212.85,212.85,212.85,0.0,0.0,1,212,278.55,197.59
KIOCL,KIOCLEQN,332.3,332.3,332.3,0.0,0.0,148,49180,634.55,290.65
INVENTURE,INVENTUREEQN,0.86,0.86,0.86,0.0,0.0,754,648,1.55,0.72
OLAELEC,OLAELECEQN,36.92,36.92,36.92,0.0,0.0,293878,10849975,58.65,22.25
GTLINFRA,GTLINFRAEQN,1.08,1.08,1.08,0.0,0.0,276705,298841,1.67,0.96
SIGACHI,SIGACHIEQN,28.8,28.8,28.8,0.0,0.0,535,15408,40.85,16.65
TEGA,TEGAEQN,2106.7,2106.7,2106.7,0.0,0.0,515,1084950,2198.0,1473.0
UNOMINDA,UNOMINDAEQN,1170.0,1170.0,1170.0,0.0,0.0,168,196560,1382.0,994.0
PGIL,PGILEQN,1282.1,1282.1,1282.1,0.0,0.0,460,589766,1357.9,600.0
RATNAMANI,RATNAMANIEQN,2725.5,2725.5,2725.5,0.0,0.0,332,904866,3345.0,1936.5
ASALCBR,ASALCBREQN,615.45,615.45,615.45,0.0,0.0,24,14770,1277.0,596.05
YAAP,YAAPSMN,126.25,126.25,126.25,0.0,0.0,1000,126250,214.4,117.0
MOLDTKPAC,MOLDTKPACEQN,660.6,660.6,660.6,0.0,0.0,793,523855,815.0,464.9
SUZLON,SUZLONEQN,39.49,39.49,39.49,0.0,0.0,414045,16350637,61.5,38.19
TEAMLEASE,TEAMLEASEEQN,1148.6,1148.6,1148.6,0.0,0.0,1,1148,1872.2,1065.2
SAFARI,SAFARIEQN,1429.6,1429.6,1429.6,0.0,0.0,14,20014,2507.1,1363.1
GLOBECIVIL,GLOBECIVILEQN,41.53,41.53,41.53,0.0,0.0,85,3530,80.0,33.5
ICRA,ICRAEQN,4232.0,4232.0,4232.0,0.0,0.0,74,313168,6620.0,4198.2
KALYANKJIL,KALYANKJILEQN,553.15,553.15,553.15,0.0,0.0,14933,8260188,648.95,327.05
BAJEL,BAJELEQN,164.9,164.9,164.9,0.0,0.0,1024,168857,219.64,135.1
BANARISUG,BANARISUGEQN,3300.2,3300.2,3300.2,0.0,0.0,2,6600,4338.0,3105.2
ORICONENT,ORICONENTEQN,51.34,51.34,51.34,0.0,0.0,50,2567,73.12,47.04
MEIL,MEILEQN,264.85,264.85,264.85,0.0,0.0,100,26485,495.0,206.26
INDOBORAX,INDOBORAXEQN,481.45,481.45,481.45,0.0,0.0,829,399122,542.8,226.0
PIXTRANS,PIXTRANSEQN,1726.9,1726.9,1726.9,0.0,0.0,3,5180,2089.0,1252.0
MOTILALOFS,MOTILALOFSEQN,994.0,994.0,994.0,0.0,0.0,2042,2029748,1097.1,614.9
AARVI,AARVIEQN,136.83,136.83,136.83,0.0,0.0,11,1505,168.4,115.99
VTL,VTLEQN,534.6,534.6,534.6,0.0,0.0,314,167864,688.0,385.5
ROUTE,ROUTEEQN,445.0,445.0,445.0,0.0,0.0,120,53400,815.0,410.7
FROG,FROGSMN,263.45,263.45,263.45,0.0,0.0,400,105380,304.95,123.5
ZENTEC,ZENTECEQN,1605.2,1605.2,1605.2,0.0,0.0,763,1224767,2043.7,1223.0
PHOENIXLTD,PHOENIXLTDEQN,1935.0,1935.0,1935.0,0.0,0.0,289,559215,2169.8,1465.6
CONCORDBIO,CONCORDBIOEQN,1373.6,1373.6,1373.6,0.0,0.0,42,57691,1667.6,987.0
SHYAMCENT,SHYAMCENTBEN,4.97,4.97,4.97,0.0,0.0,1,4,7.33,3.68
DIGJAMLMTD,DIGJAMLMTDBEN,50.46,50.46,50.46,0.0,0.0,1,50,73.19,36.03
GHCLTEXTIL,GHCLTEXTILEQN,128.9,128.9,128.9,0.0,0.0,477,61485,144.59,65.26
IKIO,IKIOEQN,196.85,196.85,196.85,0.0,0.0,253,49803,238.8,103.53
LAOPALA,LAOPALAEQN,156.18,156.18,156.18,0.0,0.0,103,16086,250.9,153.01
CARERATING,CARERATINGEQN,1616.7,1616.7,1616.7,0.0,0.0,57,92151,1838.0,1392.7
GODFRYPHLP,GODFRYPHLPEQN,1891.8,1891.8,1891.8,0.0,0.0,147,278094,3498.0,1830.0
GLOBE,GLOBEEQN,2.14,2.14,2.14,0.0,0.0,200,428,3.29,1.75
NELCO,NELCOEQN,914.5,914.5,914.5,0.0,0.0,350,320075,1120.0,500.1
APTECHT,APTECHTEQN,88.26,88.26,88.26,0.0,0.0,11,970,128.48,69.1
REDTAPE,REDTAPEEQN,117.6,117.6,117.6,0.0,0.0,202,23755,158.99,107.53
SFL,SFLEQN,634.1,634.1,634.1,0.0,0.0,78,49459,832.45,456.8
SIS,SISEQN,419.1,419.1,419.1,0.0,0.0,6,2514,480.95,257.05
NILKAMAL,NILKAMALEQN,1901.7,1901.7,1901.7,0.0,0.0,31,58952,2149.5,1050.5
RGL,RGLEQN,165.02,165.02,165.02,0.0,0.0,279,46040,173.8,85.0
IFBIND,IFBINDEQN,1201.0,1201.0,1201.0,0.0,0.0,44,52844,2019.8,883.2
HCG,HCGEQN,666.05,666.05,666.05,0.0,0.0,44,29306,796.68,513.3
HCLTECH,HCLTECHEQN,1230.0,1230.0,1230.0,0.0,0.0,8644,10632120,1780.1,1030.0
DCMSRIND,DCMSRINDEQN,39.57,39.57,39.57,0.0,0.0,2,79,181.9,31.9
GRWRHITECH,GRWRHITECHEQN,7015.5,7015.5,7015.5,0.0,0.0,72,505116,7990.0,2690.7
MAHABANK,MAHABANKEQN,79.37,79.37,79.37,0.0,0.0,59524,4724419,94.5,54.66
SUNDRMFAST,SUNDRMFASTEQN,1139.3,1139.3,1139.3,0.0,0.0,10,11393,1347.2,730.1
LUPIN,LUPINEQN,2030.2,2030.3,2030.3,0.1,0.0,591,1199907,2529.5,1900.0
KRBL,KRBLEQN,381.6,381.6,381.6,0.0,0.0,214,81662,452.8,274.65
SPLPETRO,SPLPETROEQN,808.2,808.2,808.2,0.0,0.0,394,318430,899.0,462.3
CANTABIL,CANTABILEQN,231.22,231.22,231.22,0.0,0.0,56,12948,321.5,208.5
ASHOKA,ASHOKAEQN,107.75,107.75,107.75,0.0,0.0,3293,354820,214.5,101.0
BEDMUTHA,BEDMUTHAEQN,109.96,109.96,109.96,0.0,0.0,30,3298,144.0,94.55
ICICIPRULI,ICICIPRULIEQN,443.8,443.8,443.8,0.0,0.0,344,152667,706.8,441.8
PGINVIT,PGINVITIVN,102.41,102.41,102.41,0.0,0.0,1797,184030,104.5,86.3
MARICO,MARICOEQN,786.0,786.0,786.0,0.0,0.0,2970,2334420,889.1,691.3
DBCORP,DBCORPEQN,175.38,175.38,175.38,0.0,0.0,12,2104,280.55,169.81
DBL,DBLEQN,406.2,406.2,406.2,0.0,0.0,506,205537,538.2,381.55
KIRLPNU,KIRLPNUEQN,676.7,676.7,676.7,0.0,0.0,124,83910,1098.55,495.05
SHILCTECH,SHILCTECHEQN,4084.0,4084.0,4084.0,0.0,0.0,6,24504,5399.0,2852.5
PRUDENT,PRUDENTEQN,3129.2,3129.2,3129.2,0.0,0.0,110,344212,4105.5,2121.0
NEOGEN,NEOGENEQN,2451.6,2451.6,2451.6,0.0,0.0,377,924253,2499.7,966.7
KSCL,KSCLEQN,725.65,725.65,725.65,0.0,0.0,624,452805,1095.9,685.0
KOLTEPATIL,KOLTEPATILEQN,424.85,424.85,424.85,0.0,0.0,1,424,554.6,292.25
REDINGTON,REDINGTONEQN,407.0,407.0,407.0,0.0,0.0,12507,5090349,419.5,191.31
BLUEJET,BLUEJETEQN,538.05,538.05,538.05,0.0,0.0,903,485859,692.9,325.0
LEMONTREE,LEMONTREEEQN,104.25,104.25,104.25,0.0,0.0,5188,540849,174.2,99.61
SRF,SRFEQN,2472.5,2472.5,2472.5,0.0,0.0,179,442577,3210.0,2355.0
ANGELONE,ANGELONEEQN,274.0,274.0,274.0,0.0,0.0,9722,2663828,360.45,208.63
CAMS,CAMSEQN,671.0,671.0,671.0,0.0,0.0,1767,1185657,844.9,611.4
INOXINDIA,INOXINDIAEQN,2052.5,2052.5,2052.5,0.0,0.0,243,498757,2339.5,1068.2
HINDWAREAP,HINDWAREAPEQN,169.97,169.97,169.97,0.0,0.0,1,169,392.7,165.0
UBL,UBLEQN,1158.1,1158.1,1158.1,0.0,0.0,334,386805,1844.0,1140.3
NIITMTS,NIITMTSEQN,204.51,204.51,204.51,0.0,0.0,81,16565,443.9,185.0
JAGSNPHARM,JAGSNPHARMEQN,237.74,237.74,237.74,0.0,0.0,629,149538,264.5,155.0
AWHCL,AWHCLEQN,364.55,364.55,364.55,0.0,0.0,50,18227,605.0,337.55
CARYSIL,CARYSILEQN,1036.1,1036.1,1036.1,0.0,0.0,61,63202,1280.9,732.1
HATSUN,HATSUNEQN,1099.0,1099.0,1099.0,0.0,0.0,108,118692,1349.7,855.3
CDSL,CDSLEQN,1264.0,1264.0,1264.0,0.0,0.0,3424,4327936,1673.7,1116.3
ADOR,ADOREQN,1591.8,1591.8,1591.8,0.0,0.0,41,65263,1766.4,848.0
GPPL,GPPLEQN,166.75,166.75,166.75,0.0,0.0,16430,2739702,200.09,141.55
DEEPAKNTR,DEEPAKNTREQN,1529.8,1529.8,1529.8,0.0,0.0,369,564496,1897.9,1280.0
TNPETRO,TNPETROEQN,124.08,124.08,124.08,0.0,0.0,1610,199768,146.99,78.67
TORNTPHARM,TORNTPHARMEQN,4800.0,4800.0,4800.0,0.0,0.0,94,451200,5250.0,3480.6
IRISDOREME,IRISDOREMEEQN,61.55,61.55,61.55,0.0,0.0,623,38345,68.0,26.35
EASEMYTRIP,EASEMYTRIPEQN,5.86,5.86,5.86,0.0,0.0,21759,127507,10.6,5.71
VIKASLIFE,VIKASLIFEEQN,1.21,1.21,1.21,0.0,0.0,17830,21574,2.23,1.05
SYNGENE,SYNGENEEQN,365.3,365.3,365.3,0.0,0.0,319,116530,678.95,353.3
RAMRAT,RAMRATEQN,582.4,582.4,582.4,0.0,0.0,43,25043,620.0,268.0
APARINDS,APARINDSEQN,17384.0,17384.0,17384.0,0.0,0.0,447,7770648,19265.0,6801.0
SETCO,SETCOBEN,18.31,18.31,18.31,0.0,0.0,72,1318,28.62,11.56
SENCO,SENCOEQN,320.95,320.95,320.95,0.0,0.0,1384,444194,430.0,276.0
DYNAMATECH,DYNAMATECHEQN,13611.0,13611.0,13611.0,0.0,0.0,453,6165783,13996.0,6765.0
KRSNAA,KRSNAAEQN,559.95,559.95,559.95,0.0,0.0,18,10079,848.1,515.0
THOMASCOOK,THOMASCOOKEQN,102.39,102.39,102.39,0.0,0.0,1268,129830,169.0,86.35
PNB,PNBEQN,113.06,113.06,113.06,0.0,0.0,22278,2518750,135.15,98.5
OMAXAUTO,OMAXAUTOEQN,200.32,200.32,200.32,0.0,0.0,120,24038,263.4,84.5
TRIDENT,TRIDENTEQN,22.44,22.44,22.44,0.0,0.0,11477,257543,30.94,21.98
ESSENTIA,ESSENTIAEQN,1.0,1.0,1.0,0.0,0.0,2581,2581,1.96,0.95
MANAKSTEEL,MANAKSTEELBEN,110.33,110.33,110.33,0.0,0.0,500,55165,120.76,45.11
JUBLCPL,JUBLCPLEQN,2061.2,2061.1,2061.1,-0.1,0.0,1,2061,2753.1,1460.0
CUBEINVIT,CUBEINVITIVN,155.1,155.1,155.1,0.0,0.0,221,34277,165.0,131.0
ANURAS,ANURASEQN,1181.0,1181.0,1181.0,0.0,0.0,64,75584,1415.0,1045.2
GATECH,GATECHBEN,0.68,0.68,0.68,0.0,0.0,146539,99646,1.11,0.4
ARE&M,ARE&MEQN,754.55,754.55,754.55,0.0,0.0,3322,2506615,1023.0,670.0
SAMBHAAV,SAMBHAAVEQN,5.74,5.74,5.74,0.0,0.0,1,5,11.53,5.07
BLUSPRING,BLUSPRINGEQN,141.74,141.74,141.74,0.0,0.0,26,3685,152.5,43.98
OSIAHYPER,OSIAHYPERBEN,2.26,2.26,2.26,0.0,0.0,1190,2689,25.3,2.11
FILATFASH,FILATFASHEQN,0.18,0.18,0.18,0.0,0.0,33569,6042,0.58,0.14
SWANDEF,SWANDEFBEN,2756.6,2756.6,2756.6,0.0,0.0,65,179179,2804.9,636.2
KALYANIFRG,KALYANIFRGBEN,991.05,991.05,991.05,0.0,0.0,15,14865,1192.25,523.6
IMFA,IMFAEQN,1190.9,1190.9,1190.9,0.0,0.0,291,346551,1679.9,1064.1
DIFFNKG,DIFFNKGEQN,438.75,438.75,438.75,0.0,0.0,201,88188,519.9,216.8
COHANCE,COHANCEEQN,444.0,444.0,444.0,0.0,0.0,808,358752,917.85,266.7
DISHTV,DISHTVEQN,2.06,2.06,2.06,0.0,0.0,5188,10687,5.03,1.82
BRIGHOTEL,BRIGHOTELEQN,56.96,56.96,56.96,0.0,0.0,16,911,87.79,54.36
GANESHCP,GANESHCPEQN,151.41,151.41,151.41,0.0,0.0,71,10750,309.95,146.75
GENSOL,GENSOLBZN,14.39,14.39,14.39,0.0,0.0,2300,33097,39.44,13.68
JLHL,JLHLEQN,253.6,253.6,253.6,0.0,0.0,398,100932,340.0,235.6
WAAREERTL,WAAREERTLEQN,819.95,819.95,819.95,0.0,0.0,603,494429,1358.0,779.5
TEXINFRA,TEXINFRAEQN,119.41,119.41,119.41,0.0,0.0,1164,138993,126.59,82.5
RAJMET,RAJMETEQN,3.12,3.12,3.12,0.0,0.0,2843,8870,5.28,2.72
TEMBO,TEMBOEQN,57.67,57.67,57.67,0.0,0.0,660,38062,837.0,54.25
MCCHRLS-B,MCCHRLS-BEQN,689.85,689.85,689.85,0.0,0.0,1,689,799.0,580.0
FINKURVE,FINKURVEEQN,67.92,67.92,67.92,0.0,0.0,2,135,134.9,48.02
JNPR,JNPREQN,273.3,273.3,273.3,0.0,0.0,337,92102,282.75,232.11
KHERIAAUTO,KHERIAAUTOSTN,101.55,101.55,101.55,0.0,0.0,2400,243720,106.5,91.5
OMFREIGHT,OMFREIGHTBEN,94.0,94.0,94.0,0.0,0.0,107,10058,114.33,58.95
CENTRALBK,CENTRALBKEQN,30.46,30.46,30.46,0.0,0.0,20178,614621,40.92,29.32
DBOL,DBOLEQN,126.1,126.1,126.1,0.0,0.0,601,75786,139.0,69.0
ADVANCE,ADVANCEEQN,121.19,121.19,121.19,0.0,0.0,13,1575,154.0,84.1
BUILDPRO,BUILDPROEQN,1231.0,1231.0,1231.0,0.0,0.0,36,44316,1380.0,636.0
CANFINHOME,CANFINHOMEEQN,719.2,719.2,719.2,0.0,0.0,175,125860,971.5,700.0
POLYPLEX,POLYPLEXEQN,1055.0,1055.0,1055.0,0.0,0.0,57,60135,1264.0,740.0
LANDSMILL,LANDSMILLEQN,0.96,0.96,0.96,0.0,0.0,568914,546157,1.72,0.52
PPL,PPLBEN,253.35,253.35,253.35,0.0,0.0,27,6840,334.4,163.21
MYSORPETRO,MYSORPETROBEN,122.25,122.25,122.25,0.0,0.0,1,122,182.03,111.0
SAKUMA,SAKUMAEQN,1.56,1.56,1.56,0.0,0.0,2349,3664,3.1,1.1
DREAMFOLKS,DREAMFOLKSEQN,61.66,61.66,61.66,0.0,0.0,59,3637,160.0,56.0
MODISONLTD,MODISONLTDBEN,462.95,462.95,462.95,0.0,0.0,472,218512,546.0,114.0
PETRONET,PETRONETEQN,284.5,284.5,284.5,0.0,0.0,1032,293604,326.4,235.35
CORONA,CORONAEQN,2093.4,2093.3,2093.3,-0.1,0.0,14,29306,2292.4,1336.6
EGOLD,EGOLDEQN,147.1,147.1,147.1,0.0,0.0,20,2942,184.95,112.1
GOLDADD,GOLDADDEQN,14.28,14.28,14.28,0.0,0.0,412,5883,18.1,11.18
TBZ,TBZBEN,635.05,635.05,635.05,0.0,0.0,657,417227,698.6,110.5
EKC,EKCEQN,108.9,108.9,108.9,0.0,0.0,1194,130026,154.55,90.25
FREDUN,FREDUNEQN,1404.5,1404.5,1404.5,0.0,0.0,7,9831,1590.0,1195.2
ADVIKCA,ADVIKCAEQN,1.0,1.0,1.0,0.0,0.0,1890,1890,1.27,0.86
KWIL,KWILEQN,39.22,39.22,39.22,0.0,0.0,24114,945751,50.68,22.24
ASIANTNE,ASIANTNEEQN,9.22,9.22,9.22,0.0,0.0,1,9,10.99,8.22
CMRGREEN,CMRGREENEQN,224.83,224.83,224.83,0.0,0.0,1240,278789,268.96,205.25
APCL,APCLEQN,94.22,94.22,94.22,0.0,0.0,1,94,148.78,92.0
3IINFOLTD,3IINFOLTDBEN,22.52,22.52,22.52,0.0,0.0,571,12858,27.8,12.68
DATAMATICS,DATAMATICSEQN,805.55,805.55,805.55,0.0,0.0,194,156276,1010.0,632.0
GSPCROP,GSPCROPEQN,467.15,467.15,467.15,0.0,0.0,3,1401,667.95,328.0
DHARAN,DHARANBZN,0.14,0.14,0.14,0.0,0.0,34667,4853,0.59,0.11
ICEMAKE,ICEMAKEEQN,629.55,629.55,629.55,0.0,0.0,51,32107,920.0,602.0
PSPPROJECT,PSPPROJECTEQN,767.0,767.0,767.0,0.0,0.0,52,39884,1143.0,569.2
MADHAVIPL,MADHAVIPLEQN,7.31,7.31,7.31,0.0,0.0,2,14,9.9,6.93
RCOM,RCOMBEN,0.84,0.84,0.84,0.0,0.0,66075,55503,1.51,0.75
TRANSCOR,TRANSCOREQN,24.22,24.22,24.22,0.0,0.0,1,24,29.0,21.0
AURIONPRO,AURIONPROEQN,622.1,622.1,622.1,0.0,0.0,428,266258,1240.0,593.35
ARVSMART,ARVSMARTEQN,601.75,601.75,601.75,0.0,0.0,679,408588,707.85,486.8
ALEMBICLTD,ALEMBICLTDEQN,107.23,107.23,107.23,0.0,0.0,1839,197195,117.72,70.46
KOTYARK,KOTYARKEQN,29.83,29.83,29.83,0.0,0.0,1067,31828,45.5,17.38
SPECTRAA,SPECTRAASTN,251.0,251.0,251.0,0.0,0.0,2400,602400,255.0,224.2
SYRMA,SYRMAEQN,1782.9,1782.9,1782.9,0.0,0.0,6979,12442859,1822.6,634.5
TATSILV,TATSILVEQN,21.3,21.3,21.3,0.0,0.0,10196,217174,35.1,13.5
SUNRAKSHAK,SUNRAKSHAKEQN,358.9,358.9,358.9,0.0,0.0,18,6460,382.4,350.05
AVANCE,AVANCEEQN,0.82,0.82,0.82,0.0,0.0,72275,59265,0.94,0.75
KECL,KECLEQN,120.64,120.64,120.64,0.0,0.0,283,34141,155.0,75.47
VMSTMT,VMSTMTEQN,49.12,49.12,49.12,0.0,0.0,800,39296,83.9,33.5
VOLTAS,VOLTASEQN,1070.0,1070.0,1070.0,0.0,0.0,772,826040,1582.5,1040.6
AURUS,AURUSEQN,4.43,4.43,4.43,0.0,0.0,22,97,6.95,4.1
SHANTI,SHANTIEQN,5.49,5.49,5.49,0.0,0.0,130,713,12.26,4.7
HDFCSILVER,HDFCSILVEREQN,209.63,209.63,209.63,0.0,0.0,1270,266230,359.0,132.72
LUMINO,LUMINOEQN,102.46,102.46,102.46,0.0,0.0,23558,2413752,122.0,94.5
RMDRIP,RMDRIPBEN,23.51,23.51,23.51,0.0,0.0,35,822,72.22,14.81
TECHNVISN,TECHNVISNEQN,3961.5,3961.5,3961.5,0.0,0.0,1,3961,6198.0,3222.8
SILVERCASE,SILVERCASEEQN,22.2,22.2,22.2,0.0,0.0,8828,195981,38.01,14.02
ADROITIND,ADROITINDBEN,248.39,248.39,248.39,0.0,0.0,406840,101054987,258.8,235.0
SULA,SULAEQN,133.3,133.3,133.3,0.0,0.0,556,74114,266.65,130.0
QGOLDHALF,QGOLDHALFEQN,121.85,121.85,121.85,0.0,0.0,51,6214,149.69,93.31
WAAREEINDO,WAAREEINDOEQN,209.95,209.95,209.95,0.0,0.0,127,26663,725.0,199.46
JUSTDIAL,JUSTDIALEQN,666.15,666.15,666.15,0.0,0.0,63,41967,878.6,480.5
KPL,KPLEQN,3641.4,3641.4,3641.4,0.0,0.0,40,145656,3949.0,1561.0
SHK,SHKEQN,141.02,141.0,141.0,-0.02,-0.01,353,49773,243.51,111.98
ALICON,ALICONEQN,869.8,869.75,869.75,-0.05,-0.01,17910,15577222,1022.0,580.0
GPTINFRA,GPTINFRAEQN,118.34,118.33,118.33,-0.01,-0.01,1,118,150.0,96.22
UNIMECH,UNIMECHEQN,1724.0,1723.9,1723.9,-0.1,-0.01,479,825748,1868.2,695.0
MCX,MCXEQN,3300.4,3300.0,3300.0,-0.4,-0.01,6160,20328000,3481.4,1545.1
BIRLACORPN,BIRLACORPNEQN,840.05,840.0,840.0,-0.05,-0.01,19,15960,1346.1,769.6
AHLUCONT,AHLUCONTEQN,550.05,550.0,550.0,-0.05,-0.01,43,23650,1077.95,540.55
FACT,FACTEQN,757.95,757.9,757.9,-0.05,-0.01,357,270570,1058.6,652.1
BALAJITELE,BALAJITELEEQN,91.26,91.25,91.25,-0.01,-0.01,124,11315,133.23,69.52
KDDL,KDDLEQN,3886.9,3886.5,3886.5,-0.4,-0.01,71,275941,4270.0,1990.0
VENKEYS,VENKEYSEQN,1588.1,1587.9,1587.9,-0.2,-0.01,13,20642,1814.9,1165.0
SEJALLTD,SEJALLTDEQN,674.0,673.95,673.95,-0.05,-0.01,1,673,1036.7,381.0
SOMANYCERA,SOMANYCERAEQN,617.75,617.7,617.7,-0.05,-0.01,609,376179,627.3,332.0
SAREGAMA,SAREGAMAEQN,506.55,506.5,506.5,-0.05,-0.01,289,146378,574.5,307.05
METROGLOBL,METROGLOBLEQN,133.9,133.89,133.89,-0.01,-0.01,7,937,165.0,110.0
BSLGOLDETF,BSLGOLDETFEQN,129.46,129.45,129.45,-0.01,-0.01,961,124401,155.99,100.87
FINEORG,FINEORGEQN,5124.5,5124.0,5124.0,-0.5,-0.01,10,51240,5407.0,3856.0
ATLANTAELE,ATLANTAELEEQN,1608.1,1608.0,1608.0,-0.1,-0.01,430,691440,2152.6,707.6
VEEGALAND,VEEGALANDBEN,142.41,142.39,142.39,-0.02,-0.01,502,71479,154.0,135.2
GCSL,GCSLEQN,675.85,675.8,675.8,-0.05,-0.01,325,219635,684.0,213.15
SIKA,SIKAEQN,1014.35,1014.3,1014.3,-0.1,-0.01,32,32457,1359.4,870.1
GALAPREC,GALAPRECEQN,1197.2,1197.0,1197.0,-0.2,-0.02,132,158004,1260.0,671.2
TRAVELFOOD,TRAVELFOODEQN,1200.3,1200.0,1200.0,-0.3,-0.02,50,60000,1470.9,1035.3
WAAREEENER,WAAREEENEREQN,2374.4,2374.0,2374.0,-0.4,-0.02,2425,5756950,3718.8,2301.1
ITC,ITCEQN,262.75,262.7,262.7,-0.05,-0.02,36058,9472436,426.4,254.65
NIITLTD,NIITLTDEQN,86.17,86.15,86.15,-0.02,-0.02,741,63837,111.1,49.0
SIRCA,SIRCAEQN,410.1,410.0,410.0,-0.1,-0.02,499,204590,539.0,385.0
CHOLAFIN,CHOLAFINEQN,1620.0,1619.7,1619.7,-0.3,-0.02,2448,3965025,1952.5,1299.4
FIEMIND,FIEMINDEQN,1877.6,1877.2,1877.2,-0.4,-0.02,443,831599,2674.8,1785.1
DSSL,DSSLEQN,983.2,983.0,983.0,-0.2,-0.02,100,98300,1924.8,781.0
DCW,DCWEQN,45.62,45.61,45.61,-0.01,-0.02,2976,135735,72.3,37.11
STYLAMIND,STYLAMINDEQN,3308.7,3308.2,3308.2,-0.5,-0.02,9,29773,4150.0,1629.0
RAMCOSYS,RAMCOSYSEQN,554.6,554.5,554.5,-0.1,-0.02,221,122544,967.5,342.1
HEMIPROP,HEMIPROPEQN,114.07,114.05,114.05,-0.02,-0.02,542,61815,190.69,109.81
CHALET,CHALETEQN,845.2,845.0,845.0,-0.2,-0.02,1835,1550575,993.0,691.35
SUNDARMFIN,SUNDARMFINEQN,4355.0,4354.0,4354.0,-1.0,-0.02,10,43540,5642.0,4000.0
JYOTHYLAB,JYOTHYLABEQN,186.7,186.66,186.66,-0.04,-0.02,420,78397,325.0,180.01
WENDT,WENDTEQN,8351.5,8350.0,8350.0,-1.5,-0.02,33,275550,9270.5,5841.5
GLOTTIS,GLOTTISEQN,62.88,62.87,62.87,-0.01,-0.02,65,4086,93.0,37.0
CHOLAHLDNG,CHOLAHLDNGEQN,1386.2,1385.9,1385.9,-0.3,-0.02,83,115029,2064.0,1305.0
RPGLIFE,RPGLIFEEQN,3037.1,3036.5,3036.5,-0.6,-0.02,29,88058,3127.8,1733.0
JARO,JAROEQN,420.1,420.0,420.0,-0.1,-0.02,61,25620,890.0,383.5
LASERPOWER,LASERPOWEREQN,263.85,263.8,263.8,-0.05,-0.02,1157,305216,343.5,250.0
MSPL,MSPLEQN,33.0,32.99,32.99,-0.01,-0.03,1034,34111,46.12,26.25
IKS,IKSEQN,1747.5,1747.0,1747.0,-0.5,-0.03,148,258556,1970.0,1262.0
KALAMANDIR,KALAMANDIREQN,76.27,76.25,76.25,-0.02,-0.03,550,41937,223.03,73.1
JSWSTEEL,JSWSTEELEQN,1253.4,1253.0,1253.0,-0.4,-0.03,1177,1474781,1351.0,1073.2
SCHNEIDER,SCHNEIDEREQN,1203.4,1203.0,1203.0,-0.4,-0.03,60,72180,1548.0,571.85
JASH,JASHEQN,591.65,591.45,591.45,-0.2,-0.03,1470,869431,619.4,327.1
TANLA,TANLAEQN,492.15,492.0,492.0,-0.15,-0.03,394,193848,748.45,365.9
JUBLINGREA,JUBLINGREAEQN,653.2,653.0,653.0,-0.2,-0.03,1623,1059819,795.0,537.3
TRACXN,TRACXNEQN,32.91,32.9,32.9,-0.01,-0.03,456,15002,55.9,25.39
VOGL,VOGLEQN,33.11,33.1,33.1,-0.01,-0.03,180155,5963130,47.6,30.42
MANINDS,MANINDSEQN,907.35,907.05,907.05,-0.3,-0.03,2039,1849474,1039.7,302.05
GANECOS,GANECOSEQN,1000.6,1000.3,1000.3,-0.3,-0.03,6,6001,1268.0,653.55
INDSWFTLAB,INDSWFTLABEQN,388.75,388.6,388.6,-0.15,-0.04,802,311657,424.75,87.15
NIBE,NIBEEQN,1236.4,1235.9,1235.9,-0.5,-0.04,62,76625,1848.0,809.6
RIIL,RIILEQN,677.35,677.05,677.05,-0.3,-0.04,115,77860,964.0,617.35
HDFCBANK,HDFCBANKEQN,708.7,708.4,708.4,-0.3,-0.04,484971,343553456,1020.5,681.9
HAL,HALEQN,4668.0,4666.0,4666.0,-2.0,-0.04,2583,12052278,5149.9,3479.1
NILE,NILEEQN,1219.5,1219.0,1219.0,-0.5,-0.04,6,7314,2018.9,1203.5
YOGI,YOGIEQN,160.56,160.5,160.5,-0.06,-0.04,3,481,180.0,130.01
DAMCAPITAL,DAMCAPITALEQN,151.08,151.0,151.0,-0.08,-0.05,2882,435182,286.0,119.22
FCL,FCLEQN,57.45,57.42,57.42,-0.03,-0.05,37562,2156810,62.4,19.1
HCC,HCCEQN,20.41,20.4,20.4,-0.01,-0.05,107688,2196835,28.5,13.65
CAPACITE,CAPACITEEQN,182.89,182.8,182.8,-0.09,-0.05,605,110594,314.25,176.16
PINELABS,PINELABSEQN,171.79,171.7,171.7,-0.09,-0.05,37092,6368696,284.0,134.73
SUBROS,SUBROSEQN,699.35,699.0,699.0,-0.35,-0.05,119,83181,1190.0,622.1
PERSISTENT,PERSISTENTEQN,5279.0,5276.0,5276.0,-3.0,-0.06,1318,6953768,6599.0,4244.5
DCBBANK,DCBBANKEQN,203.54,203.42,203.42,-0.12,-0.06,1244,253054,234.8,124.81
CYIENT,CYIENTEQN,1100.7,1100.0,1100.0,-0.7,-0.06,1796,1975600,1222.0,750.3
INDOFARM,INDOFARMEQN,134.45,134.37,134.37,-0.08,-0.06,322,43267,271.69,110.7
RAMCOCEM,RAMCOCEMEQN,845.55,845.05,845.05,-0.5,-0.06,34,28731,1214.5,816.15
NOCIL,NOCILEQN,171.11,171.0,171.0,-0.11,-0.06,612,104652,211.2,125.31
NIACL,NIACLEQN,167.02,166.92,166.92,-0.1,-0.06,5524,922066,242.6,116.97
COREIN,COREINSTN,78.9,78.85,78.85,-0.05,-0.06,1600,126160,0.0,0.0
DHANBANK,DHANBANKEQN,27.52,27.5,27.5,-0.02,-0.07,5154,141735,36.85,19.45
MOREPENLAB,MOREPENLABEQN,125.99,125.9,125.9,-0.09,-0.07,59352,7472416,135.29,33.05
DATAPATTNS,DATAPATTNSEQN,4286.9,4284.0,4284.0,-2.9,-0.07,1580,6768720,5000.0,2131.0
SCODATUBES,SCODATUBESEQN,124.87,124.78,124.78,-0.09,-0.07,411,51284,181.48,110.0
BSE,BSEEQN,3092.0,3089.9,3089.9,-2.1,-0.07,12219,37755488,4446.8,2035.1
NETWEB,NETWEBEQN,4548.0,4545.0,4545.0,-3.0,-0.07,4078,18534510,5813.0,2920.0
WALCHANNAG,WALCHANNAGEQN,200.24,200.1,200.1,-0.14,-0.07,4202,840820,315.8,131.15
PARAGMILK,PARAGMILKEQN,271.65,271.45,271.45,-0.2,-0.07,3086,837694,376.95,177.84
JAYKAY,JAYKAYEQN,204.93,204.78,204.78,-0.15,-0.07,3166,648333,219.35,106.96
RAMCOIND,RAMCOINDEQN,307.6,307.4,307.4,-0.2,-0.07,152,46724,395.5,230.65
DEEPAKFERT,DEEPAKFERTEQN,1351.0,1350.0,1350.0,-1.0,-0.07,724,977400,1681.0,866.4
SHAKTIPUMP,SHAKTIPUMPEQN,461.35,461.0,461.0,-0.35,-0.08,729,336069,831.05,447.4
AARTIPHARM,AARTIPHARMEQN,953.75,953.0,953.0,-0.75,-0.08,2547,2427291,1002.4,585.0
MARKSANS,MARKSANSEQN,322.3,322.05,322.05,-0.25,-0.08,14642,4715456,350.95,155.0
NHPC,NHPCEQN,72.81,72.75,72.75,-0.06,-0.08,16108,1171857,88.12,70.25
EPACKPEB,EPACKPEBEQN,243.2,243.0,243.0,-0.2,-0.08,150,36450,344.0,132.17
ORIRAIL,ORIRAILEQN,127.31,127.21,127.21,-0.1,-0.08,576,73272,142.0,102.8
CAPILLARY,CAPILLARYEQN,560.45,560.0,560.0,-0.45,-0.08,3,1680,798.95,438.15
NFL,NFLEQN,65.2,65.15,65.15,-0.05,-0.08,2715,176882,98.3,62.81
LAXMIINDIA,LAXMIINDIAEQN,121.1,121.0,121.0,-0.1,-0.08,413,49973,159.59,71.06
EIMCOELECO,EIMCOELECOEQN,2269.2,2267.2,2267.2,-2.0,-0.09,2,4534,2380.0,1405.5
SKMEGGPROD,SKMEGGPRODEQN,211.15,210.95,210.95,-0.2,-0.09,332,70035,372.0,143.1
SALZERELEC,SALZERELECEQN,536.4,535.9,535.9,-0.5,-0.09,40,21436,952.5,488.8
GODREJAGRO,GODREJAGROEQN,623.55,623.0,623.0,-0.55,-0.09,409,254807,720.15,506.1
ELECTCAST,ELECTCASTEQN,74.37,74.3,74.3,-0.07,-0.09,8456,628280,99.0,60.15
RENUKA,RENUKAEQN,21.89,21.87,21.87,-0.02,-0.09,45604,997359,31.35,20.95
SDBL,SDBLEQN,78.17,78.1,78.1,-0.07,-0.09,699,54591,136.0,61.8
AMDIND,AMDINDBEN,53.45,53.4,53.4,-0.05,-0.09,50,2670,74.39,33.77
ATUL,ATULEQN,5915.5,5910.0,5910.0,-5.5,-0.09,32,189120,7180.0,5560.5
SUNPHARMA,SUNPHARMAEQN,1816.6,1815.0,1815.0,-1.6,-0.09,12624,22912560,2046.9,1583.7
INDHOTEL,INDHOTELEQN,728.65,728.0,728.0,-0.65,-0.09,4031,2934568,757.4,565.0
BERGEPAINT,BERGEPAINTEQN,455.45,455.05,455.05,-0.4,-0.09,673,306248,594.55,391.1
AIAENG,AIAENGEQN,3869.0,3865.5,3865.5,-3.5,-0.09,39,150754,5180.0,3045.0
ADVAIT,ADVAITEQN,1901.8,1900.0,1900.0,-1.8,-0.09,12,22800,2485.0,1351.0
POWERICA,POWERICAEQN,600.6,600.05,600.05,-0.55,-0.09,204,122410,676.95,365.1
ONIDA,ONIDAEQN,32.03,32.0,32.0,-0.03,-0.09,55,1760,49.23,21.5
OPTIEMUS,OPTIEMUSEQN,767.75,767.0,767.0,-0.75,-0.1,1105,847535,850.65,288.0
AVTNPL,AVTNPLEQN,91.29,91.2,91.2,-0.09,-0.1,54,4924,102.0,53.5
SAMMAANCAP,SAMMAANCAPEQN,136.54,136.4,136.4,-0.14,-0.1,18458,2517671,192.95,129.0
KCP,KCPEQN,154.15,154.0,154.0,-0.15,-0.1,90,13860,207.8,125.0
OSWALGREEN,OSWALGREENEQN,20.32,20.3,20.3,-0.02,-0.1,352,7145,43.79,18.55
CASTROLIND,CASTROLINDEQN,200.52,200.31,200.31,-0.21,-0.1,5862,1174217,207.2,170.1
RBA,RBAEQN,91.58,91.49,91.49,-0.09,-0.1,828,75753,111.15,57.15
ULTRAMAR,ULTRAMAREQN,409.4,409.0,409.0,-0.4,-0.1,449,183641,455.75,364.1
GALLANTT,GALLANTTEQN,537.5,536.9,536.9,-0.6,-0.11,36,19328,948.0,496.25
DABUR,DABUREQN,380.1,379.7,379.7,-0.4,-0.11,1042,395647,534.0,368.05
GARFIBRES,GARFIBRESEQN,770.85,770.0,770.0,-0.85,-0.11,181,139370,863.4,579.75
GAEL,GAELEQN,160.21,160.04,160.04,-0.17,-0.11,1045,167241,184.99,101.2
BAJAJCON,BAJAJCONEQN,495.55,495.0,495.0,-0.55,-0.11,567,280665,692.0,232.1
HEROMOTOCO,HEROMOTOCOEQN,5241.0,5235.0,5235.0,-6.0,-0.11,483,2528505,6388.5,4671.5
EBGNG,EBGNGEQN,686.75,686.0,686.0,-0.75,-0.11,3844,2636984,730.0,239.0
SOTL,SOTLEQN,718.8,718.0,718.0,-0.8,-0.11,2515,1805770,860.4,285.8
GRAPHITE,GRAPHITEEQN,764.8,763.95,763.95,-0.85,-0.11,3760,2872452,874.35,516.2
ANTELOPUS,ANTELOPUSEQN,1125.9,1124.7,1124.7,-1.2,-0.11,1201,1350764,1290.9,357.0
MOSCHIP,MOSCHIPEQN,201.25,201.0,201.0,-0.25,-0.12,6086,1223286,288.45,146.8
SNOWMAN,SNOWMANEQN,34.64,34.6,34.6,-0.04,-0.12,15,519,55.19,30.5
DDEVPLSTIK,DDEVPLSTIKEQN,249.5,249.2,249.2,-0.3,-0.12,830,206836,360.0,185.15
BAJAJELEC,BAJAJELECEQN,303.4,303.05,303.05,-0.35,-0.12,291,88187,560.95,296.0
SJVN,SJVNEQN,59.32,59.25,59.25,-0.07,-0.12,18332,1086171,92.16,56.73
BAJAJHLDNG,BAJAJHLDNGEQN,10788.0,10775.0,10775.0,-13.0,-0.12,14,150850,13250.0,8588.0
KAJARIACER,KAJARIACEREQN,1235.1,1233.6,1233.6,-1.5,-0.12,638,787036,1293.8,869.6
KERNEX,KERNEXEQN,1686.0,1684.0,1684.0,-2.0,-0.12,513,863892,2580.0,850.0
MINDACORP,MINDACORPEQN,692.85,692.0,692.0,-0.85,-0.12,945,653940,769.0,468.5
ADANIENT,ADANIENTEQN,2903.4,2900.0,2900.0,-3.4,-0.12,2454,7116600,3245.0,1753.0
PRECWIRE,PRECWIREEQN,492.45,491.85,491.85,-0.6,-0.12,2375,1168143,524.9,182.0
NMDC,NMDCEQN,76.54,76.45,76.45,-0.09,-0.12,59361,4538148,97.49,72.24
IIFL,IIFLEQN,600.75,600.0,600.0,-0.75,-0.12,1962,1177200,705.0,409.1
SAGILITY,SAGILITYEQN,42.58,42.58,42.53,-0.05,-0.12,27709,0,57.89,35.83
FDC,FDCEQN,339.4,339.0,339.0,-0.4,-0.12,98,33222,476.4,312.95
ZYDUSWELL,ZYDUSWELLEQN,512.8,512.2,512.2,-0.6,-0.12,170,87074,611.85,367.55
ACGL,ACGLEQN,1638.0,1636.0,1636.0,-2.0,-0.12,6,9816,1961.9,1605.0
GOLDBETA,GOLDBETAEQN,123.85,123.7,123.7,-0.15,-0.12,9624,1190488,149.35,95.85
GMMPFAUDLR,GMMPFAUDLREQN,1466.7,1465.0,1465.0,-1.7,-0.12,301,440965,1533.6,735.0
COFFEEDAY,COFFEEDAYEQN,30.14,30.1,30.1,-0.04,-0.13,94,2829,44.8,21.0
IRCTC,IRCTCEQN,455.4,454.8,454.8,-0.6,-0.13,4989,2268997,735.75,446.5
FIRSTCRY,FIRSTCRYEQN,179.94,179.7,179.7,-0.24,-0.13,8940,1606518,389.65,163.37
APLAPOLLO,APLAPOLLOEQN,2190.1,2187.2,2187.2,-2.9,-0.13,307,671470,2301.4,1679.3
RVNL,RVNLEQN,201.76,201.5,201.5,-0.26,-0.13,41571,8376556,400.7,194.05
AUBANK,AUBANKEQN,1010.3,1009.0,1009.0,-1.3,-0.13,420,423780,1144.1,719.05
BENARAS,BENARASEQN,10215.0,10202.0,10202.0,-13.0,-0.13,1,10202,11499.0,9965.0
BASML,BASMLBEN,23.0,22.97,22.97,-0.03,-0.13,2110,48466,31.9,17.05
ABDL,ABDLEQN,718.9,718.0,718.0,-0.9,-0.13,461,330998,753.8,382.1
ARIS,ARISEQN,143.88,143.69,143.69,-0.19,-0.13,7219,1037298,178.3,82.18
OMINFRAL,OMINFRALEQN,77.11,77.0,77.0,-0.11,-0.14,41,3157,134.7,71.5
SUNTECK,SUNTECKEQN,277.4,277.0,277.0,-0.4,-0.14,156,43212,472.5,268.55
SERVOTECH,SERVOTECHEQN,70.25,70.15,70.15,-0.1,-0.14,549,38512,141.5,57.51
RALLIS,RALLISEQN,199.73,199.45,199.45,-0.28,-0.14,362,72200,315.0,196.76
MRF,MRFEQN,125280.0,125100.0,125100.0,-180.0,-0.14,13,1626300,163600.0,122000.0
MAZDOCK,MAZDOCKEQN,2113.0,2110.0,2110.0,-3.0,-0.14,1251,2639610,2929.7,2031.2
JISLJALEQS,JISLJALEQSEQN,27.93,27.89,27.89,-0.04,-0.14,6924,193110,55.79,26.11
SHUKRAPHAR,SHUKRAPHAREQN,62.09,62.0,62.0,-0.09,-0.14,5834,361708,65.4,40.06
KCPSUGIND,KCPSUGINDBEN,28.04,28.0,28.0,-0.04,-0.14,653,18284,36.47,21.45
FINCABLES,FINCABLESEQN,1450.3,1448.2,1448.2,-2.1,-0.14,929,1345377,1498.0,700.8
BELRISE,BELRISEEQN,240.36,240.0,240.0,-0.36,-0.15,13460,3230400,268.2,142.59
WABAG,WABAGEQN,2061.4,2058.3,2058.3,-3.1,-0.15,859,1768079,2319.0,1033.0
SUBEXLTD,SUBEXLTDEQN,19.73,19.7,19.7,-0.03,-0.15,20480,403456,22.8,6.61
EIHOTEL,EIHOTELEQN,301.1,300.65,300.65,-0.45,-0.15,86,25855,413.95,271.15
INTELLECT,INTELLECTEQN,613.65,612.7,612.7,-0.95,-0.15,1103,675808,1244.6,593.2
MANKIND,MANKINDEQN,2503.8,2500.0,2500.0,-3.8,-0.15,992,2480000,2642.0,1909.7
MPSLTD,MPSLTDEQN,2699.0,2695.0,2695.0,-4.0,-0.15,176,474320,2979.0,1336.1
DYCL,DYCLEQN,437.15,436.5,436.5,-0.65,-0.15,1303,568759,560.0,236.8
HITECH,HITECHEQN,72.61,72.5,72.5,-0.11,-0.15,716,51910,123.8,69.86
CESC,CESCEQN,133.85,133.65,133.65,-0.2,-0.15,2669,356711,204.5,129.75
BHARATCOAL,BHARATCOALEQN,32.8,32.75,32.75,-0.05,-0.15,9201,301332,45.09,29.74
SUNSHINE,SUNSHINEEQN,453.65,452.95,452.95,-0.7,-0.15,1183,535839,524.95,326.25
OMPOWER,OMPOWEREQN,156.95,156.72,156.72,-0.23,-0.15,29,4544,206.0,153.5
ECORECO,ECORECOEQN,395.5,394.9,394.9,-0.6,-0.15,91,35935,494.9,385.0
TMB,TMBEQN,871.3,870.0,870.0,-1.3,-0.15,458,398460,954.2,420.0
MOBIKWIK,MOBIKWIKEQN,196.32,196.0,196.0,-0.32,-0.16,1140,223440,296.7,151.46
MASTERTR,MASTERTREQN,82.14,82.01,82.01,-0.13,-0.16,925,75859,164.5,55.6
CENTUM,CENTUMEQN,4797.9,4790.1,4790.1,-7.8,-0.16,129,617922,4999.5,2044.2
UTTAMSUGAR,UTTAMSUGAREQN,288.4,287.95,287.95,-0.45,-0.16,11,3167,359.3,181.1
SIGNATURE,SIGNATUREEQN,727.15,726.0,726.0,-1.15,-0.16,96,69696,1153.9,705.2
INOXWIND,INOXWINDEQN,69.51,69.4,69.4,-0.11,-0.16,43352,3008628,159.3,67.1
IREDA,IREDAEQN,111.68,111.5,111.5,-0.18,-0.16,11128,1240772,158.7,107.4
DIVISLAB,DIVISLABEQN,9291.5,9277.0,9277.0,-14.5,-0.16,415,3849955,9740.0,5647.5
HINDOILEXP,HINDOILEXPEQN,171.55,171.27,171.27,-0.28,-0.16,989,169386,201.44,117.5
JSLL,JSLLEQN,500.8,500.0,500.0,-0.8,-0.16,326,163000,839.0,474.0
IVZINGOLD,IVZINGOLDEQN,128.9,128.7,128.7,-0.2,-0.16,282,36293,156.0,100.0
MILKYMIST,MILKYMISTBEN,316.46,316.0,316.0,-0.5,-0.16,2862,904392,333.11,165.0
COMFINTE,COMFINTEEQN,6.36,6.35,6.35,-0.01,-0.16,2154,13677,9.19,5.21
GOLDAXIS,GOLDAXISEQN,122.48,122.29,122.29,-0.19,-0.16,886,108348,150.0,96.0
TAALTECH,TAALTECHEQN,1001.0,999.4,999.4,-1.6,-0.16,23,22986,1234.0,523.22
VSTL,VSTLEQN,112.09,111.9,111.9,-0.19,-0.17,1,111,158.8,100.8
ASTRAL,ASTRALEQN,1370.4,1368.1,1368.1,-2.3,-0.17,123,168276,1768.7,1311.6
SALSTEEL,SALSTEELEQN,99.06,98.89,98.89,-0.17,-0.17,9902,979208,102.4,26.1
JMFINANCIL,JMFINANCILEQN,129.02,128.8,128.8,-0.22,-0.17,5545,714196,182.5,112.0
CELLO,CELLOEQN,325.55,325.0,325.0,-0.55,-0.17,482,156650,673.8,314.0
MAANALU,MAANALUEQN,100.17,100.0,100.0,-0.17,-0.17,15,1500,184.74,96.0
EMUDHRA,EMUDHRAEQN,596.5,595.4,595.4,-1.1,-0.18,756,450122,690.9,364.55
STEELXIND,STEELXINDEQN,11.42,11.4,11.4,-0.02,-0.18,7542,85978,13.95,7.0
BANKINDIA,BANKINDIAEQN,130.24,130.0,130.0,-0.24,-0.18,13118,1705340,178.36,118.9
J&KBANK,J&KBANKEQN,138.65,138.4,138.4,-0.25,-0.18,11350,1570840,201.75,97.35
PRAKASH,PRAKASHEQN,123.72,123.5,123.5,-0.22,-0.18,1205,148817,172.9,110.24
CARBORUNIV,CARBORUNIVEQN,1252.5,1250.3,1250.3,-2.2,-0.18,784,980235,1368.9,735.2
HOMEFIRST,HOMEFIRSTEQN,1104.8,1102.8,1102.8,-2.0,-0.18,283,312092,1317.7,893.7
SYMPHONY,SYMPHONYEQN,582.45,581.35,581.35,-1.1,-0.19,93,54065,970.45,562.1
INGERRAND,INGERRANDEQN,4144.0,4136.0,4136.0,-8.0,-0.19,40,165440,4955.0,3063.3
HAPPSTMNDS,HAPPSTMNDSEQN,310.6,310.0,310.0,-0.6,-0.19,1140,353400,535.95,300.0
MENONBE,MENONBEEQN,296.2,295.65,295.65,-0.55,-0.19,101,29860,330.0,101.5
VAKRANGEE,VAKRANGEEEQN,5.14,5.13,5.13,-0.01,-0.19,10115,51889,9.64,4.61
PATELENG,PATELENGEQN,26.45,26.4,26.4,-0.05,-0.19,7910,208824,37.31,22.0
VISHWARAJ,VISHWARAJEQN,5.26,5.25,5.25,-0.01,-0.19,574,3013,8.5,4.14
NLCINDIA,NLCINDIAEQN,261.7,261.2,261.2,-0.5,-0.19,5465,1427458,387.8,230.0
VIJAYA,VIJAYAEQN,1437.7,1435.0,1435.0,-2.7,-0.19,120,172200,1593.6,848.0
UTLSOLAR,UTLSOLAREQN,398.45,397.7,397.7,-0.75,-0.19,214,85107,494.25,172.0
RPOWER,RPOWEREQN,19.69,19.65,19.65,-0.04,-0.2,167364,3288702,50.73,19.09
JSWINFRA,JSWINFRAEQN,356.6,355.9,355.9,-0.7,-0.2,7300,2598070,375.5,233.42
360ONE,360ONEEQN,1030.0,1027.9,1027.9,-2.1,-0.2,361,371071,1236.2,906.05
TTKHLTCARE,TTKHLTCAREEQN,1023.0,1021.0,1021.0,-2.0,-0.2,65,66365,1247.0,735.0
KOHINOOR,KOHINOOREQN,30.58,30.52,30.52,-0.06,-0.2,4,122,38.47,19.2
BAJAJHIND,BAJAJHINDEQN,19.54,19.5,19.5,-0.04,-0.2,42640,831480,26.0,14.85
NELCAST,NELCASTEQN,123.4,123.15,123.15,-0.25,-0.2,312,38422,173.2,85.98
PRINCEPIPE,PRINCEPIPEEQN,255.75,255.25,255.25,-0.5,-0.2,97,24759,352.2,205.0
INDIAGLYCO,INDIAGLYCOEQN,307.4,306.8,306.8,-0.6,-0.2,337,103391,1222.0,217.0
NDTV,NDTVEQN,69.14,69.0,69.0,-0.14,-0.2,47,3243,118.51,58.75
IITL,IITLEQN,133.26,133.0,133.0,-0.26,-0.2,5,665,216.0,108.0
SOLEX,SOLEXEQN,678.85,677.5,677.5,-1.35,-0.2,82,55555,1985.0,651.2
HDBFS,HDBFSEQN,621.3,620.05,620.05,-1.25,-0.2,367,227558,796.7,555.3
IBULLSLTD,IBULLSLTDEQN,29.61,29.55,29.55,-0.06,-0.2,8572,253302,32.5,8.9
CMPDI,CMPDIEQN,209.21,208.8,208.8,-0.41,-0.2,2017,421149,283.69,150.16
ARFIN,ARFINEQN,89.19,89.0,89.0,-0.19,-0.21,404,35956,106.2,45.16
RAMKY,RAMKYEQN,279.1,278.5,278.5,-0.6,-0.21,1988,553658,705.0,264.5
BAYERCROP,BAYERCROPEQN,3627.6,3620.0,3620.0,-7.6,-0.21,137,495940,5149.9,3513.0
DLINKINDIA,DLINKINDIAEQN,411.85,411.0,411.0,-0.85,-0.21,23,9453,549.2,367.65
COSMOFIRST,COSMOFIRSTEQN,845.6,843.85,843.85,-1.75,-0.21,1,843,996.0,560.8
ATHERENERG,ATHERENERGEQN,1425.0,1425.0,1422.0,-3.0,-0.21,4155,0,1744.0,556.5
EXCELSOFT,EXCELSOFTEQN,81.17,81.0,81.0,-0.17,-0.21,2001,162081,142.59,66.4
HDFCGOLD,HDFCGOLDEQN,125.75,125.49,125.49,-0.26,-0.21,5981,750555,152.3,95.68
GROWWGOLD,GROWWGOLDEQN,14.33,14.3,14.3,-0.03,-0.21,249,3560,18.0,11.21
SBIFUNDS,SBIFUNDSEQN,516.05,514.95,514.95,-1.1,-0.21,4280,2203986,624.95,497.0
STANLEY,STANLEYEQN,136.31,136.01,136.01,-0.3,-0.22,59,8024,304.0,123.0
MUTHOOTMF,MUTHOOTMFEQN,178.4,178.0,178.0,-0.4,-0.22,174,30972,262.77,141.2
COASTCORP,COASTCORPEQN,36.97,36.89,36.89,-0.08,-0.22,92,3393,66.7,34.25
BHARATWIRE,BHARATWIREEQN,164.36,164.0,164.0,-0.36,-0.22,106,17384,262.0,148.01
AMBER,AMBEREQN,6672.5,6658.0,6658.0,-14.5,-0.22,552,3675216,8974.0,5400.5
CPPLUS,CPPLUSEQN,3846.5,3837.9,3837.9,-8.6,-0.22,541,2076303,4094.0,1271.0
HARDWYN,HARDWYNEQN,9.21,9.19,9.19,-0.02,-0.22,10854,99748,20.2,7.61
GROWW,GROWWEQN,183.91,183.5,183.5,-0.41,-0.22,43793,8036015,227.2,112.0
GNA,GNAEQN,598.35,597.05,597.05,-1.3,-0.22,438,261507,648.0,295.0
VAML,VAMLEQN,412.9,412.0,412.0,-0.9,-0.22,18120,7465440,537.0,398.75
GOLDBEES,GOLDBEESEQN,121.59,121.32,121.32,-0.27,-0.22,149924,18188779,148.14,95.32
URJA,URJAEQN,8.77,8.75,8.75,-0.02,-0.23,2434,21297,13.75,8.0
PARAS,PARASEQN,1311.0,1308.0,1308.0,-3.0,-0.23,1498,1959384,1585.0,580.5
SAGCEM,SAGCEMEQN,148.64,148.3,148.3,-0.34,-0.23,70,10381,258.1,141.52
PSB,PSBEQN,21.33,21.28,21.28,-0.05,-0.23,2611,55562,32.46,20.5
RTNINDIA,RTNINDIAEQN,26.06,26.0,26.0,-0.06,-0.23,8584,223184,54.5,24.4
WEBELSOLAR,WEBELSOLAREQN,70.56,70.4,70.4,-0.16,-0.23,5377,378540,137.9,50.4
SANOFI,SANOFIEQN,3057.0,3050.1,3050.1,-6.9,-0.23,51,155555,4898.0,3001.1
GENUSPOWER,GENUSPOWEREQN,288.65,288.0,288.0,-0.65,-0.23,3792,1092096,363.0,210.4
AGL,AGLEQN,13.13,13.1,13.1,-0.03,-0.23,2710,35501,22.0,12.03
AXISCADES,AXISCADESEQN,2231.2,2226.1,2226.1,-5.1,-0.23,3720,8281092,2349.6,1063.3
OMAXE,OMAXEEQN,109.76,109.5,109.5,-0.26,-0.24,693,75883,138.89,62.5
ARCHIES,ARCHIESEQN,12.39,12.36,12.36,-0.03,-0.24,71,877,21.5,10.86
MCLOUD,MCLOUDEQN,25.06,25.0,25.0,-0.06,-0.24,3088,77200,78.97,19.4
SONACOMS,SONACOMSEQN,830.0,828.0,828.0,-2.0,-0.24,1980,1639440,844.0,403.3
CAPLIPOINT,CAPLIPOINTEQN,2716.4,2710.0,2710.0,-6.4,-0.24,151,409210,2990.0,1500.3
CHOICEIN,CHOICEINEQN,726.25,724.5,724.5,-1.75,-0.24,1680,1217160,860.5,568.7
INDTERRAIN,INDTERRAINEQN,29.42,29.35,29.35,-0.07,-0.24,26,763,42.62,24.56
BANKBARODA,BANKBARODAEQN,230.55,230.0,230.0,-0.55,-0.24,13473,3098790,325.5,223.82
VIMTALABS,VIMTALABSEQN,600.3,598.85,598.85,-1.45,-0.24,354,211992,774.7,376.05
EXIDEIND,EXIDEINDEQN,412.6,411.6,411.6,-1.0,-0.24,3880,1597008,496.4,287.0
TVSELECT,TVSELECTEQN,416.15,415.1,415.1,-1.05,-0.25,1900,788690,739.35,336.2
SUPRAJIT,SUPRAJITEQN,481.2,480.0,480.0,-1.2,-0.25,70,33600,559.25,389.95
EQUITASBNK,EQUITASBNKEQN,68.93,68.76,68.76,-0.17,-0.25,6839,470249,83.9,51.25
TRENT,TRENTEQN,2621.6,2615.0,2615.0,-6.6,-0.25,347,907405,3399.7,2183.67
PITTIENG,PITTIENGEQN,1139.5,1136.6,1136.6,-2.9,-0.25,124,140938,1228.0,675.0
ACC,ACCEQN,1204.1,1201.1,1201.1,-3.0,-0.25,239,287062,1987.0,1166.1
SAMHI,SAMHIEQN,153.68,153.3,153.3,-0.38,-0.25,1352,207261,217.3,127.0
KOTHARIPET,KOTHARIPETEQN,129.43,129.1,129.1,-0.33,-0.25,10,1291,155.47,94.75
ADVENTHTL,ADVENTHTLEQN,126.32,126.0,126.0,-0.32,-0.25,38,4788,345.05,120.02
ARMANFIN,ARMANFINEQN,1744.2,1739.9,1739.9,-4.3,-0.25,11,19138,2158.6,1301.0
TEMPSENS,TEMPSENSEQN,526.75,525.45,525.45,-1.3,-0.25,1719,903248,634.85,500.0
NBCC,NBCCEQN,78.5,78.5,78.3,-0.2,-0.25,21173,0,125.85,76.07
UNITECH,UNITECHEQN,3.96,3.95,3.95,-0.01,-0.25,2479,9792,7.93,3.1
QUADFUTURE,QUADFUTUREEQN,547.45,546.0,546.0,-1.45,-0.26,801,437346,567.2,248.55
VINCOFE,VINCOFEEQN,179.96,179.5,179.5,-0.46,-0.26,1376,246992,191.35,120.24
ABFRL,ABFRLEQN,46.32,46.2,46.2,-0.12,-0.26,15395,711249,88.99,44.04
EVEREADY,EVEREADYEQN,323.2,322.35,322.35,-0.85,-0.26,33,10637,397.8,259.65
UCOBANK,UCOBANKEQN,23.28,23.22,23.22,-0.06,-0.26,10124,235079,34.2,22.22
PROTEAN,PROTEANEQN,659.3,657.6,657.6,-1.7,-0.26,526,345897,909.5,444.0
MUTHOOTFIN,MUTHOOTFINEQN,2737.1,2729.9,2729.9,-7.2,-0.26,700,1910930,4149.5,2671.0
BRIGADE,BRIGADEEQN,575.25,573.75,573.75,-1.5,-0.26,1084,621945,802.01,450.75
CONFIPET,CONFIPETEQN,88.13,87.9,87.9,-0.23,-0.26,1532,134662,93.2,28.06
GABRIEL,GABRIELEQN,1341.8,1338.3,1338.3,-3.5,-0.26,528,706622,1600.0,795.7
TITAN,TITANEQN,4587.0,4574.9,4574.9,-12.1,-0.26,1410,6450609,5186.7,3351.0
ZFCVINDIA,ZFCVINDIAEQN,2341.0,2335.0,2335.0,-6.0,-0.26,95,221825,3044.0,2050.33
ALKEM,ALKEMEQN,5163.5,5150.0,5150.0,-13.5,-0.26,27,139050,5933.5,5051.0
TATACAP,TATACAPEQN,327.95,327.1,327.1,-0.85,-0.26,1871,612004,390.2,296.0
JSWDULUX,JSWDULUXEQN,3079.0,3071.0,3071.0,-8.0,-0.26,9,27639,3745.0,2658.7
TECHNOCRAF,TECHNOCRAFEQN,476.55,475.3,475.3,-1.25,-0.26,1777,844608,496.5,284.0
STYL,STYLEQN,369.95,369.0,369.0,-0.95,-0.26,148,54612,437.45,209.11
TVSSRICHAK,TVSSRICHAKEQN,4437.5,4426.0,4426.0,-11.5,-0.26,3,13278,5760.0,3135.0
AXITA,AXITAEQN,7.71,7.69,7.69,-0.02,-0.26,17351,133429,12.2,6.57
NPST,NPSTEQN,1764.8,1760.0,1760.0,-4.8,-0.27,137,241120,2058.0,846.6
JSFB,JSFBEQN,489.3,488.0,488.0,-1.3,-0.27,75,36600,606.95,330.0
UTIAMC,UTIAMCEQN,882.4,880.05,880.05,-2.35,-0.27,114,100325,1409.0,866.0
SWARAJENG,SWARAJENGEQN,3546.2,3536.5,3536.5,-9.7,-0.27,5,17682,4437.4,3301.3
JUBLPHARMA,JUBLPHARMAEQN,1028.8,1026.0,1026.0,-2.8,-0.27,693,711018,1184.8,786.05
CARTRADE,CARTRADEEQN,2899.8,2892.0,2892.0,-7.8,-0.27,442,1278264,3290.5,1600.0
CEMPRO,CEMPROEQN,1192.2,1189.0,1189.0,-3.2,-0.27,391,464899,1649.2,503.3
JKTYRE,JKTYREEQN,347.0,346.05,346.05,-0.95,-0.27,1953,675835,611.9,333.1
LINCOLN,LINCOLNEQN,585.65,584.0,584.0,-1.65,-0.28,10,5840,770.0,440.0
WELSPUNLIV,WELSPUNLIVEQN,227.33,226.7,226.7,-0.63,-0.28,11609,2631760,244.89,107.1
JAYSREETEA,JAYSREETEAEQN,85.74,85.5,85.5,-0.24,-0.28,50,4275,112.7,70.55
DHARMAJ,DHARMAJEQN,264.35,263.6,263.6,-0.75,-0.28,26,6853,325.05,210.65
TSFINV,TSFINVEQN,417.15,416.0,416.0,-1.15,-0.28,348,144768,701.5,331.7
CEINSYS,CEINSYSEQN,666.85,665.0,665.0,-1.85,-0.28,63,41895,1249.9,634.95
HINDZINC,HINDZINCEQN,566.0,564.4,564.4,-1.6,-0.28,12658,7144175,733.0,453.5
BCLIND,BCLINDEQN,31.79,31.7,31.7,-0.09,-0.28,768,24345,42.08,25.53
KIRLOSBROS,KIRLOSBROSEQN,1774.9,1770.0,1770.0,-4.9,-0.28,115,203550,2189.2,1335.0
ARSSBL,ARSSBLEQN,515.1,513.65,513.65,-1.45,-0.28,350,179777,794.85,416.0
M&MFIN,M&MFINEQN,324.85,323.95,323.95,-0.9,-0.28,1917,621012,415.0,269.5
TATAGOLD,TATAGOLDEQN,14.3,14.26,14.26,-0.04,-0.28,59297,845575,17.7,10.33
GOLDETF,GOLDETFEQN,143.02,142.62,142.62,-0.4,-0.28,782,111528,173.5,111.4
EMMVEE,EMMVEEEQN,315.9,315.0,315.0,-0.9,-0.28,3387,1066905,371.55,171.51
SETFGOLD,SETFGOLDEQN,125.61,125.26,125.26,-0.35,-0.28,17059,2136810,153.95,98.5
LLOYDSENT,LLOYDSENTEQN,79.23,79.0,79.0,-0.23,-0.29,1809,142911,84.7,40.69
DREDGECORP,DREDGECORPEQN,920.2,917.5,917.5,-2.7,-0.29,326,299105,1286.0,538.0
SKFINDUS,SKFINDUSEQN,2767.9,2760.0,2760.0,-7.9,-0.29,1,2760,3218.7,1994.1
DOLLAR,DOLLAREQN,277.25,276.45,276.45,-0.8,-0.29,57,15757,385.0,220.5
LLOYDSME,LLOYDSMEEQN,1884.0,1878.5,1878.5,-5.5,-0.29,806,1514071,2125.0,1042.9
AONEGOLD,AONEGOLDEQN,13.72,13.68,13.68,-0.04,-0.29,326,4459,17.73,10.22
WOCKPHARMA,WOCKPHARMAEQN,2116.3,2110.0,2110.0,-6.3,-0.3,1677,3538470,2422.3,1086.7
PFOCUS,PFOCUSEQN,316.0,315.05,315.05,-0.95,-0.3,4391,1383384,367.0,161.01
SHRIRAMPPS,SHRIRAMPPSEQN,69.21,69.0,69.0,-0.21,-0.3,1094,75486,99.44,60.57
JAYNECOIND,JAYNECOINDEQN,92.79,92.51,92.51,-0.28,-0.3,2602,240711,117.0,64.4
NEULANDLAB,NEULANDLABEQN,21350.0,21285.0,21285.0,-65.0,-0.3,239,5087115,24225.0,11500.0
LICI,LICIEQN,395.2,394.0,394.0,-1.2,-0.3,19458,7666452,468.48,360.75
CHENNPETRO,CHENNPETROEQN,1436.3,1432.0,1432.0,-4.3,-0.3,5042,7220144,1677.5,716.8
GOLDIAM,GOLDIAMEQN,313.45,312.5,312.5,-0.95,-0.3,1098,343125,398.2,198.75
SANGAMIND,SANGAMINDEQN,626.9,625.0,625.0,-1.9,-0.3,5,3125,672.5,391.2
ALIVUS,ALIVUSEQN,1379.3,1375.0,1375.0,-4.3,-0.31,118,162250,1493.8,819.0
SHILPAMED,SHILPAMEDEQN,1047.2,1044.0,1044.0,-3.2,-0.31,2220,2317680,1095.0,259.5
CREDITACC,CREDITACCEQN,1272.0,1268.0,1268.0,-4.0,-0.31,74,93832,1634.0,1113.0
TCPLPACK,TCPLPACKEQN,4102.6,4090.0,4090.0,-12.6,-0.31,4,16360,4410.9,2200.0
INFINIUM,INFINIUMSMN,291.45,290.55,290.55,-0.9,-0.31,1000,290550,293.15,189.4
PRAJIND,PRAJINDEQN,305.85,304.9,304.9,-0.95,-0.31,1044,318315,427.65,273.0
ADANIGREEN,ADANIGREENEQN,1278.0,1274.1,1274.1,-3.9,-0.31,3203,4080942,1631.5,765.0
SGMART,SGMARTEQN,750.75,748.45,748.45,-2.3,-0.31,62,46403,860.6,313.1
LGEINDIA,LGEINDIAEQN,1723.5,1718.1,1718.1,-5.4,-0.31,449,771426,1755.0,1304.1
RAJESHEXPO,RAJESHEXPOBZN,64.7,64.5,64.5,-0.2,-0.31,1958,126291,237.88,60.25
CRAMC,CRAMCEQN,224.7,224.0,224.0,-0.7,-0.31,112,25088,353.4,214.2
GOLDIETF,GOLDIETFEQN,126.07,125.68,125.68,-0.39,-0.31,32663,4105085,158.0,95.53
STLNETWORK,STLNETWORKEQN,48.97,48.82,48.82,-0.15,-0.31,39442,1925558,56.5,15.75
KOTARISUG,KOTARISUGBEN,26.08,26.0,26.0,-0.08,-0.31,228,5928,39.94,22.5
GOODYEAR,GOODYEAREQN,703.15,701.0,701.0,-2.15,-0.31,7,4907,876.0,690.0
DCAL,DCALEQN,157.47,156.96,156.96,-0.51,-0.32,352,55249,306.0,128.5
LAURUSLABS,LAURUSLABSEQN,1980.0,1973.6,1973.6,-6.4,-0.32,1950,3848520,2055.3,827.25
TRIVENI,TRIVENIEQN,235.7,234.95,234.95,-0.75,-0.32,710,166814,490.1,220.05
GODREJPROP,GODREJPROPEQN,1628.5,1623.3,1623.3,-5.2,-0.32,215,349009,2352.0,1434.0
IFCI,IFCIEQN,68.77,68.55,68.55,-0.22,-0.32,85747,5877956,107.5,46.23
JAICORPLTD,JAICORPLTDEQN,91.69,91.4,91.4,-0.29,-0.32,510,46614,173.4,87.6
RECLTD,RECLTDEQN,299.0,298.05,298.05,-0.95,-0.32,8624,2570383,390.3,286.2
PIIND,PIINDEQN,2310.0,2302.4,2302.4,-7.6,-0.33,580,1335392,3832.9,2191.0
RSYSTEMS,RSYSTEMSEQN,279.9,271.0,271.0,-0.9,-0.33,18313,4962823,435.9,213.52
MANGLMCEM,MANGLMCEMEQN,993.2,989.9,989.9,-3.3,-0.33,100,98990,1120.0,679.35
BLUESTARCO,BLUESTARCOEQN,1518.0,1513.0,1513.0,-5.0,-0.33,181,273853,2032.9,1432.3
AHLEAST,AHLEASTEQN,134.44,134.0,134.0,-0.44,-0.33,10,1340,175.3,127.25
PTC,PTCEQN,155.56,155.05,155.05,-0.51,-0.33,6597,1022864,229.51,149.59
WELCORP,WELCORPEQN,2717.0,2708.0,2708.0,-9.0,-0.33,7094,19210552,2900.0,710.0
PCBL,PCBLEQN,331.1,330.0,330.0,-1.1,-0.33,1713,565290,394.0,226.5
RICOAUTO,RICOAUTOEQN,126.92,126.5,126.5,-0.42,-0.33,1402,177353,157.99,78.92
GOLD1,GOLD1EQN,122.88,122.48,122.48,-0.4,-0.33,3628,444357,158.0,93.79
GREENPOWER,GREENPOWEREQN,8.83,8.8,8.8,-0.03,-0.34,9848,86662,14.93,7.98
JSWENERGY,JSWENERGYEQN,494.7,493.0,493.0,-1.7,-0.34,5962,2939266,617.35,427.75
IVALUE,IVALUEEQN,222.76,222.0,222.0,-0.76,-0.34,61,13542,340.0,200.88
DEVYANI,DEVYANIEQN,130.29,129.85,129.85,-0.44,-0.34,2114,274502,172.74,91.55
KARURVYSYA,KARURVYSYAEQN,324.8,323.7,323.7,-1.1,-0.34,2151,696278,358.65,208.1
TRITONV,TRITONVEQN,1083.8,1080.1,1080.1,-3.7,-0.34,5,5400,1219.3,1020.0
NIVABUPA,NIVABUPAEQN,74.81,74.55,74.55,-0.26,-0.35,4287,319595,91.4,67.5
PNBHOUSING,PNBHOUSINGEQN,1120.0,1116.1,1116.1,-3.9,-0.35,824,919666,1211.5,729.6
V2RETAIL,V2RETAILEQN,208.74,208.0,208.0,-0.74,-0.35,647,134576,259.25,172.03
LTFOODS,LTFOODSEQN,400.4,399.0,399.0,-1.4,-0.35,412,164388,490.7,333.15
TATATECH,TATATECHEQN,707.5,705.0,705.0,-2.5,-0.35,2913,2053665,891.0,507.4
PRICOLLTD,PRICOLLTDEQN,747.6,745.0,745.0,-2.6,-0.35,1019,759155,823.0,499.9
SJS,SJSEQN,2258.0,2250.0,2250.0,-8.0,-0.35,222,499500,2590.0,1425.1
IGARASHI,IGARASHIEQN,403.4,402.0,402.0,-1.4,-0.35,46,18492,558.0,271.05
JAYAGROGN,JAYAGROGNEQN,223.18,222.4,222.4,-0.78,-0.35,1,222,265.0,147.26
GRAVITA,GRAVITAEQN,1447.4,1442.3,1442.3,-5.1,-0.35,823,1187012,1913.6,1266.9
SHIPROCKET,SHIPROCKETEQN,120.16,119.74,119.74,-0.42,-0.35,6199,742268,156.9,116.64
GOLDCASE,GOLDCASEEQN,23.16,23.08,23.08,-0.08,-0.35,33685,777449,27.94,17.66
PIGL,PIGLEQN,96.34,96.0,96.0,-0.34,-0.35,9,864,184.8,88.05
IRMENERGY,IRMENERGYEQN,264.45,263.5,263.5,-0.95,-0.36,114,30039,378.0,165.4
PNGJL,PNGJLEQN,590.15,588.05,588.05,-2.1,-0.36,103,60569,736.4,503.0
RKFORGE,RKFORGEEQN,702.3,699.75,699.75,-2.55,-0.36,928,649368,772.8,460.15
NAUKRI,NAUKRIEQN,1219.5,1215.1,1215.1,-4.4,-0.36,412,500621,1419.9,908.3
SIYSIL,SIYSILEQN,539.95,538.0,538.0,-1.95,-0.36,1,538,848.8,433.35
PAYTM,PAYTMEQN,1678.0,1671.9,1671.9,-6.1,-0.36,1408,2354035,1855.5,930.6
GSFC,GSFCEQN,150.79,150.25,150.25,-0.54,-0.36,648,97362,199.99,138.83
BLUESTONE,BLUESTONEEQN,794.85,792.0,792.0,-2.85,-0.36,3618,2865456,969.9,399.8
HORIZONIND,HORIZONINDEQN,50.28,50.1,50.1,-0.18,-0.36,5355,268285,60.25,48.11
SILVERAG,SILVERAGEQN,213.56,212.8,212.8,-0.76,-0.36,10,2128,380.0,134.03
LTF,LTFEQN,265.0,264.05,264.05,-0.95,-0.36,6446,1702066,338.6,234.9
RAYMONDLSL,RAYMONDLSLEQN,642.05,639.7,639.7,-2.35,-0.37,184,117704,1246.4,615.0
ASHAPURMIN,ASHAPURMINEQN,504.15,502.3,502.3,-1.85,-0.37,105,52741,924.9,455.1
SUVEN,SUVENEQN,320.2,319.0,319.0,-1.2,-0.37,682,217558,403.35,124.11
ONESOURCE,ONESOURCEEQN,1521.6,1516.0,1516.0,-5.6,-0.37,1145,1735820,1925.0,1057.0
OSWALPUMPS,OSWALPUMPSEQN,266.75,265.75,265.75,-1.0,-0.37,520,138190,790.0,259.2
MADRASFERT,MADRASFERTEQN,58.77,58.55,58.55,-0.22,-0.37,19,1112,86.95,52.56
NDL,NDLEQN,2.61,2.6,2.6,-0.01,-0.38,1678,4362,3.48,1.8
AVALON,AVALONEQN,2296.7,2288.0,2288.0,-8.7,-0.38,1219,2789072,2618.0,777.3
HSCL,HSCLEQN,677.8,675.25,675.25,-2.55,-0.38,3674,2480868,819.5,418.5
SHANKARA,SHANKARAEQN,126.48,126.0,126.0,-0.48,-0.38,116,14616,197.4,98.25
BANCOINDIA,BANCOINDIAEQN,606.3,604.0,604.0,-2.3,-0.38,55,33220,879.8,502.0
GIPCL,GIPCLEQN,179.68,179.0,179.0,-0.68,-0.38,1586,283894,211.71,119.9
SPIC,SPICEQN,63.94,63.7,63.7,-0.24,-0.38,336,21403,96.83,55.1
BORORENEW,BORORENEWEQN,458.15,456.4,456.4,-1.75,-0.38,528,240979,721.0,374.4
CITIUSINVT,CITIUSINVTIVN,117.45,117.0,117.0,-0.45,-0.38,9,1053,126.04,101.5
TENNIND,TENNINDEQN,508.25,506.3,506.3,-1.95,-0.38,3181,1610540,657.0,438.05
SILVER,SILVEREQN,218.96,218.12,218.12,-0.84,-0.38,14304,3119988,371.89,136.33
ZAGGLE,ZAGGLEEQN,173.18,172.5,172.5,-0.68,-0.39,3107,535957,405.4,154.36
XCHANGING,XCHANGINGEQN,61.24,61.0,61.0,-0.24,-0.39,4,244,103.0,47.5
KELLTONTEC,KELLTONTECEQN,12.85,12.8,12.8,-0.05,-0.39,2327,29785,26.14,12.2
JINDALSTEL,JINDALSTELEQN,1134.9,1130.5,1130.5,-4.4,-0.39,738,834309,1306.2,977.1
BALPHARMA,BALPHARMAEQN,109.53,109.1,109.1,-0.43,-0.39,41,4473,124.6,60.0
TVSMOTOR,TVSMOTOREQN,4106.0,4090.0,4090.0,-16.0,-0.39,1336,5464240,4484.5,3228.0
GLASSWALL,GLASSWALLEQN,282.0,280.9,280.9,-1.1,-0.39,10841,3045236,317.9,185.2
PWL,PWLEQN,123.48,123.0,123.0,-0.48,-0.39,9341,1148943,161.99,77.72
PPLPHARMA,PPLPHARMAEQN,206.52,205.7,205.7,-0.82,-0.4,7976,1640663,231.93,132.3
MFSL,MFSLEQN,1373.4,1367.9,1367.9,-5.5,-0.4,179,244854,1892.5,1344.3
IDBI,IDBIEQN,82.2,81.87,81.87,-0.33,-0.4,39372,3223385,118.38,61.01
AAVAS,AAVASEQN,1211.9,1207.0,1207.0,-4.9,-0.4,86,103802,1771.9,1060.4
BPCL,BPCLEQN,303.2,302.0,302.0,-1.2,-0.4,9004,2719208,391.65,266.6
APOLLO,APOLLOEQN,403.45,401.85,401.85,-1.6,-0.4,18282,7346621,466.5,179.5
ISGEC,ISGECEQN,883.1,879.6,879.6,-3.5,-0.4,185,162726,1113.9,683.95
VINYAS,VINYASSMN,1455.95,1450.0,1450.0,-5.95,-0.41,100,145000,1730.0,809.0
FEDERALBNK,FEDERALBNKEQN,317.4,316.1,316.1,-1.3,-0.41,6024,1904186,371.7,190.56
DELHIVERY,DELHIVERYEQN,409.7,408.0,408.0,-1.7,-0.41,2848,1161984,524.0,374.45
PRIVISCL,PRIVISCLEQN,3586.6,3572.0,3572.0,-14.6,-0.41,31,110732,3785.3,2345.3
SUPREMEIND,SUPREMEINDEQN,3451.0,3437.0,3437.0,-14.0,-0.41,102,350574,4293.9,3140.0
JIOFIN,JIOFINEQN,216.88,216.0,216.0,-0.88,-0.41,91097,19676952,316.85,208.5
DIGITIDE,DIGITIDEEQN,72.85,72.55,72.55,-0.3,-0.41,220,15961,185.92,69.9
SHANKESH,SHANKESHEQN,90.25,89.88,89.88,-0.37,-0.41,6563,589882,115.9,86.58
CANHLIFE,CANHLIFEEQN,148.51,147.9,147.9,-0.61,-0.41,244,36087,166.69,106.0
BPL,BPLEQN,45.59,45.4,45.4,-0.19,-0.42,3,136,82.7,37.61
EICHERMOT,EICHERMOTEQN,7150.0,7120.0,7120.0,-30.0,-0.42,538,3830560,8230.0,6442.0
MEDPLUS,MEDPLUSEQN,654.9,652.15,652.15,-2.75,-0.42,71,46302,1022.2,642.6
EPL,EPLEQN,237.0,236.0,236.0,-1.0,-0.42,578,136408,274.03,176.4
BHEL,BHELEQN,415.5,413.75,413.75,-1.75,-0.42,12027,4976171,446.5,229.54
POONAWALLA,POONAWALLAEQN,443.85,442.0,442.0,-1.85,-0.42,549,242658,570.4,361.2
VIYASH,VIYASHEQN,235.8,234.8,234.8,-1.0,-0.42,2398,563050,298.0,178.13
MVELECTRO,MVELECTROEQN,818.15,814.75,814.75,-3.4,-0.42,1037,844895,948.0,516.55
RACLGEAR,RACLGEAREQN,1594.8,1587.9,1587.9,-6.9,-0.43,16,25406,1927.7,921.8
EIEL,EIELEQN,189.62,188.8,188.8,-0.82,-0.43,1748,330022,257.66,134.71
ICICIBANK,ICICIBANKEQN,1321.7,1316.0,1316.0,-5.7,-0.43,49832,65578912,1480.0,1187.6
PRESTIGE,PRESTIGEEQN,1481.9,1475.6,1475.6,-6.3,-0.43,1212,1788427,1805.2,1090.0
RISHABH,RISHABHEQN,703.0,700.0,700.0,-3.0,-0.43,97,67900,852.0,315.0
AKUMS,AKUMSEQN,818.5,815.0,815.0,-3.5,-0.43,101,82315,838.8,409.3
MAGNUM,MAGNUMEQN,18.48,18.4,18.4,-0.08,-0.43,4,73,28.0,16.25
MUFTI,MUFTIEQN,72.31,72.0,72.0,-0.31,-0.43,22,1584,116.82,63.06
RCF,RCFEQN,109.97,109.5,109.5,-0.47,-0.43,2645,289627,157.2,106.0
ARVIND,ARVINDEQN,539.9,537.6,537.6,-2.3,-0.43,1143,614476,607.15,277.9
JKPAPER,JKPAPEREQN,393.7,392.0,392.0,-1.7,-0.43,498,195216,444.8,304.85
BCG,BCGEQN,9.22,9.18,9.18,-0.04,-0.43,11825,108553,15.11,7.7
BALRAMCHIN,BALRAMCHINEQN,662.85,660.0,660.0,-2.85,-0.43,1927,1271820,780.95,393.55
ASTRAMICRO,ASTRAMICROEQN,1636.7,1629.6,1629.6,-7.1,-0.43,321,523101,1960.0,851.0
SMLMAH,SMLMAHEQN,6578.0,6550.0,6550.0,-28.0,-0.43,260,1703000,6898.5,2719.0
SHREECEM,SHREECEMEQN,22345.0,22250.0,22250.0,-95.0,-0.43,117,2603250,30285.0,21355.0
TVSSCS,TVSSCSEQN,130.57,130.0,130.0,-0.57,-0.44,701,91130,146.5,90.32
ECLERX,ECLERXEQN,1819.9,1811.9,1811.9,-8.0,-0.44,214,387746,2497.5,1320.0
PIONEEREMB,PIONEEREMBEQN,20.59,20.5,20.5,-0.09,-0.44,1,20,38.5,19.61
BHAGCHEM,BHAGCHEMEQN,238.55,237.5,237.5,-1.05,-0.44,155,36812,316.9,170.6
ASTERDM,ASTERDMEQN,697.15,694.05,694.05,-3.1,-0.44,2508,1740677,891.3,519.1
THYROCARE,THYROCAREEQN,534.15,531.8,531.8,-2.35,-0.44,99,52648,662.0,342.55
KRN,KRNEQN,1436.5,1430.1,1430.1,-6.4,-0.45,177,253127,1687.0,589.8
PRECAM,PRECAMEQN,116.78,116.25,116.25,-0.53,-0.45,202,23482,205.9,103.98
HIRECT,HIRECTEQN,1147.2,1142.0,1142.0,-5.2,-0.45,213,243246,1399.0,565.2
METROBRAND,METROBRANDEQN,841.75,838.0,838.0,-3.75,-0.45,54,45252,1308.8,815.0
GMDCLTD,GMDCLTDEQN,507.7,505.4,505.4,-2.3,-0.45,2640,1334256,771.9,466.4
INDIACEM,INDIACEMEQN,301.85,300.5,300.5,-1.35,-0.45,455,136727,485.8,290.25
JINDWORLD,JINDWORLDEQN,46.54,46.33,46.33,-0.21,-0.45,2068,95810,61.99,17.85
GUJENERGY,GUJENERGYEQN,237.58,236.5,236.5,-1.08,-0.45,1940,458810,443.75,225.5
ANUHPHR,ANUHPHREQN,87.4,87.0,87.0,-0.4,-0.46,79,6873,99.5,67.0
MVGJL,MVGJLEQN,207.16,206.2,206.2,-0.96,-0.46,1312,270534,233.99,129.1
SARDAEN,SARDAENEQN,497.3,495.0,495.0,-2.3,-0.46,457,226215,624.0,453.1
MANGALAM,MANGALAMEQN,30.74,30.6,30.6,-0.14,-0.46,126,3855,73.94,22.8
BAJAJFINSV,BAJAJFINSVEQN,1731.0,1723.0,1723.0,-8.0,-0.46,2283,3933609,2195.0,1597.0
WONDERLA,WONDERLAEQN,500.3,498.0,498.0,-2.3,-0.46,92,45816,602.35,455.0
COROMANDEL,COROMANDELEQN,1758.2,1750.2,1750.2,-8.0,-0.46,87,152267,2499.0,1701.0
JKLAKSHMI,JKLAKSHMIEQN,492.3,490.0,490.0,-2.3,-0.47,637,312130,884.95,471.6
BALUFORGE,BALUFORGEEQN,496.35,494.0,494.0,-2.35,-0.47,165,81510,678.0,341.05
GOACARBON,GOACARBONEQN,404.95,403.05,403.05,-1.9,-0.47,18,7254,494.9,272.85
NAZARA,NAZARAEQN,392.85,391.0,391.0,-1.85,-0.47,3265,1276615,401.9,215.7
ASKAUTOLTD,ASKAUTOLTDEQN,640.1,637.1,637.1,-3.0,-0.47,212,135065,687.7,375.3
ONGC,ONGCEQN,225.8,224.75,224.75,-1.05,-0.47,52287,11751503,307.5,220.6
VINYLINDIA,VINYLINDIAEQN,219.03,218.0,218.0,-1.03,-0.47,14,3052,309.0,161.0
BIKAJI,BIKAJIEQN,521.8,519.35,519.35,-2.45,-0.47,558,289797,768.5,497.65
PRITIKAUTO,PRITIKAUTOEQN,17.08,17.0,17.0,-0.08,-0.47,938,15946,20.99,10.41
VIKRAN,VIKRANEQN,59.71,59.43,59.43,-0.28,-0.47,2915,173238,118.4,51.1
SUDARSCHEM,SUDARSCHEMEQN,1203.9,1198.2,1198.2,-5.7,-0.47,176,210883,1360.4,726.4
BIRLAPREC,BIRLAPRECBEN,54.91,54.65,54.65,-0.26,-0.47,752,41096,63.49,32.25
SIKKO,SIKKOBEN,6.33,6.3,6.3,-0.03,-0.47,383,2412,6.83,3.52
JSWHL,JSWHLEQN,11346.0,11293.0,11293.0,-53.0,-0.47,7,79051,22790.0,10530.0
VARMORA,VARMORAEQN,139.65,139.0,139.0,-0.65,-0.47,27955,3885745,163.77,132.21
BLACKBUCK,BLACKBUCKEQN,607.9,605.0,605.0,-2.9,-0.48,454,274670,748.0,496.0
AUSOMENT,AUSOMENTEQN,140.68,140.0,140.0,-0.68,-0.48,30,4200,178.0,93.0
SHARDACROP,SHARDACROPEQN,723.5,720.0,720.0,-3.5,-0.48,349,251280,1297.0,697.6
ASIANTILES,ASIANTILESEQN,49.68,49.44,49.44,-0.24,-0.48,2398,118557,79.06,42.5
ASIANPAINT,ASIANPAINTEQN,2402.6,2391.0,2391.0,-11.6,-0.48,1547,3698877,2985.7,2115.0
HINDUNILVR,HINDUNILVREQN,1879.1,1870.1,1870.1,-9.0,-0.48,4808,8991440,2667.2,1826.9
SWELECTES,SWELECTESEQN,597.9,595.0,595.0,-2.9,-0.49,60,35700,977.0,483.1
PVRINOX,PVRINOXEQN,1242.7,1236.6,1236.6,-6.1,-0.49,1106,1367679,1357.8,907.4
FOSECOIND,FOSECOINDEQN,6462.5,6431.0,6431.0,-31.5,-0.49,1,6431,7389.5,4300.0
HINDCON,HINDCONEQN,35.05,34.88,34.88,-0.17,-0.49,17609,614201,37.75,15.66
DWARKESH,DWARKESHEQN,42.66,42.45,42.45,-0.21,-0.49,10088,428235,59.9,32.13
FAZE3Q,FAZE3QEQN,442.15,440.0,440.0,-2.15,-0.49,194,85360,650.05,322.1
ASHIMASYN,ASHIMASYNEQN,15.98,15.9,15.9,-0.08,-0.5,100,1590,23.5,11.5
MSUMI,MSUMIEQN,34.07,33.9,33.9,-0.17,-0.5,32309,1095275,53.59,33.07
CEIGALL,CEIGALLEQN,382.75,380.85,380.85,-1.9,-0.5,1132,431122,405.7,222.61
KRONOX,KRONOXBEN,216.38,215.3,215.3,-1.08,-0.5,170,36601,227.74,96.0
HERITGFOOD,HERITGFOODEQN,402.0,400.0,400.0,-2.0,-0.5,120,48000,503.8,292.55
GILLETTE,GILLETTEEQN,7000.0,6965.0,6965.0,-35.0,-0.5,16,111440,9933.0,6860.0
RPSGVENT,RPSGVENTEQN,850.5,846.25,846.25,-4.25,-0.5,6,5077,1179.0,551.9
ICICIAMC,ICICIAMCEQN,3136.7,3121.0,3121.0,-15.7,-0.5,98,305858,3611.0,2530.0
BROOKS,BROOKSEQN,55.8,55.52,55.52,-0.28,-0.5,7,388,139.19,36.3
KISSHT,KISSHTEQN,369.55,367.7,367.7,-1.85,-0.5,5861,2155089,386.25,190.0
EDELWEISS,EDELWEISSEQN,142.73,142.0,142.0,-0.73,-0.51,65593,9314206,146.0,98.0
STYRENIX,STYRENIXEQN,2015.5,2005.2,2005.2,-10.3,-0.51,1,2005,2653.0,1780.0
FINPIPE,FINPIPEEQN,151.48,150.7,150.7,-0.78,-0.51,582,87707,206.69,147.54
LLOYDSENGG,LLOYDSENGGEQN,98.64,98.14,98.14,-0.5,-0.51,30581,3001219,104.2,37.4
THERMAX,THERMAXEQN,3392.2,3375.0,3375.0,-17.2,-0.51,264,891000,5277.8,2742.7
FSL,FSLEQN,255.8,254.5,254.5,-1.3,-0.51,5101,1298204,371.75,202.0
GRINFRA,GRINFRAEQN,800.6,796.5,796.5,-4.1,-0.51,5,3982,1309.8,775.0
SAGARDEEP,SAGARDEEPEQN,23.13,23.01,23.01,-0.12,-0.52,1,23,31.48,20.81
GODAVARIB,GODAVARIBEQN,232.01,230.8,230.8,-1.21,-0.52,63,14540,353.0,223.81
ENGINERSIN,ENGINERSINEQN,309.6,308.0,308.0,-1.6,-0.52,8837,2721796,321.4,163.55
VAIBHAVGBL,VAIBHAVGBLEQN,204.32,203.25,203.25,-1.07,-0.52,709,144104,293.25,174.13
TGBHOTELS,TGBHOTELSEQN,9.6,9.55,9.55,-0.05,-0.52,42,401,12.8,7.5
IOLCP,IOLCPEQN,207.08,206.0,206.0,-1.08,-0.52,11318,2331508,219.04,67.19
VESUVIUS,VESUVIUSEQN,424.2,422.0,422.0,-2.2,-0.52,3035,1280770,607.9,383.0
OFSS,OFSSEQN,10630.0,10575.0,10575.0,-55.0,-0.52,168,1776600,12540.0,6234.5
ORKLAINDIA,ORKLAINDIAEQN,543.0,540.15,540.15,-2.85,-0.52,42,22686,760.0,530.05
VIDYAWIRES,VIDYAWIRESEQN,94.41,93.92,93.92,-0.49,-0.52,2252,211507,117.35,42.51
BURNPUR,BURNPURBEN,13.16,13.09,13.09,-0.07,-0.53,63,824,22.63,11.13
JPPOWER,JPPOWEREQN,15.13,15.05,15.05,-0.08,-0.53,350531,5275491,24.5,13.15
ASTRAZEN,ASTRAZENEQN,6186.0,6153.5,6153.5,-32.5,-0.53,3,18460,9849.5,5986.0
NSLNISP,NSLNISPEQN,41.32,41.1,41.1,-0.22,-0.53,43201,1775561,53.75,33.01
AGIIL,AGIILEQN,264.7,263.3,263.3,-1.4,-0.53,2128,560302,434.4,224.7
GRMOVER,GRMOVEREQN,78.92,78.5,78.5,-0.42,-0.53,82,6437,185.45,77.0
ABCAPITAL,ABCAPITALEQN,380.6,378.6,378.6,-2.0,-0.53,3503,1326235,430.7,286.5
SAPPHIRE,SAPPHIREEQN,212.08,210.95,210.95,-1.13,-0.53,793,167283,310.5,139.91
TUTIALKA,TUTIALKAEQN,54.4,54.11,54.11,-0.29,-0.53,1,54,62.9,52.0
MUFIN,MUFINEQN,131.51,130.8,130.8,-0.71,-0.54,3741,489322,141.5,85.13
ADANIPOWER,ADANIPOWEREQN,204.0,202.9,202.9,-1.1,-0.54,69287,14058332,254.2,128.1
GOKEX,GOKEXEQN,687.8,684.1,684.1,-3.7,-0.54,2526,1728036,954.9,531.0
E2E,E2EBEN,650.5,647.0,647.0,-3.5,-0.54,652,421844,698.0,183.36
TEXRAIL,TEXRAILEQN,131.73,131.0,131.0,-0.73,-0.55,32952,4316712,143.1,78.05
NITINSPIN,NITINSPINEQN,598.3,595.0,595.0,-3.3,-0.55,204,121380,665.5,302.2
MASTEK,MASTEKEQN,1562.8,1554.2,1554.2,-8.6,-0.55,199,309285,2369.0,1334.2
LIKHITHA,LIKHITHAEQN,234.29,233.0,233.0,-1.29,-0.55,244,56852,272.0,131.45
GRSE,GRSEEQN,2181.9,2170.0,2170.0,-11.9,-0.55,1098,2382660,3339.0,1963.7
SAIL,SAILEQN,181.49,180.5,180.5,-0.99,-0.55,73169,13207004,209.7,124.0
INDIAMART,INDIAMARTEQN,1629.0,1620.0,1620.0,-9.0,-0.55,472,764640,2525.9,1590.1
ONEPOINT,ONEPOINTEQN,73.39,72.99,72.99,-0.4,-0.55,12496,912083,74.5,40.58
SCI,SCIEQN,270.5,269.0,269.0,-1.5,-0.55,4836,1300884,368.75,195.55
OLECTRA,OLECTRAEQN,1134.2,1128.0,1128.0,-6.2,-0.55,1461,1648008,1578.8,866.6
UNICHEMLAB,UNICHEMLABEQN,545.5,542.5,542.5,-3.0,-0.55,135,73237,687.2,278.2
SONA,SONABEN,96.03,95.5,95.5,-0.53,-0.55,575,54912,107.42,91.5
TURTLEMINT,TURTLEMINTEQN,76.44,76.02,76.02,-0.42,-0.55,5598,425559,160.0,69.25
MONARCH,MONARCHEQN,337.85,336.0,336.0,-1.85,-0.55,4,1344,406.95,235.45
KANOHAR,KANOHAREQN,856.75,852.0,852.0,-4.75,-0.55,7031,5990412,937.7,685.1
MARUTI,MARUTIEQN,11967.0,11900.0,11900.0,-67.0,-0.56,1008,11995200,17370.0,11305.0
DCXINDIA,DCXINDIAEQN,161.18,160.28,160.28,-0.9,-0.56,438,70202,253.4,153.3
SAILIFE,SAILIFEEQN,1524.5,1516.0,1516.0,-8.5,-0.56,784,1188544,1697.0,783.85
INDUSTOWER,INDUSTOWEREQN,373.2,371.1,371.1,-2.1,-0.56,2679,994176,481.5,337.8
ESCORTS,ESCORTSEQN,2715.2,2700.0,2700.0,-15.2,-0.56,345,931500,3987.8,2550.1
GNFC,GNFCEQN,604.4,601.0,601.0,-3.4,-0.56,967,581167,636.0,365.0
AXISBANK,AXISBANKEQN,1226.0,1219.1,1219.1,-6.9,-0.56,30764,37504392,1418.3,1125.4
HBLENGINE,HBLENGINEEQN,794.5,789.95,789.95,-4.55,-0.57,5165,4080091,1122.0,613.0
LALPATHLAB,LALPATHLABEQN,1987.0,1975.7,1975.7,-11.3,-0.57,375,740887,2038.6,1272.6
ITCHOTELS,ITCHOTELSEQN,164.13,163.2,163.2,-0.93,-0.57,2115,345168,232.0,137.3
NEWGEN,NEWGENEQN,467.85,465.2,465.2,-2.65,-0.57,1581,735481,1041.95,401.05
EIDPARRY,EIDPARRYEQN,685.9,682.0,682.0,-3.9,-0.57,461,314402,1118.0,672.3
SOLARINDS,SOLARINDSEQN,19700.0,19588.0,19588.0,-112.0,-0.57,319,6248572,22700.0,11646.0
NAM-INDIA,NAM-INDIAEQN,1070.0,1063.9,1063.9,-6.1,-0.57,896,953254,1269.5,795.8
BAJFINANCE,BAJFINANCEEQN,959.4,953.9,953.9,-5.5,-0.57,18903,18031571,1176.4,787.9
GRANULES,GRANULESEQN,846.55,841.7,841.7,-4.85,-0.57,787,662417,923.65,510.9
EXPLEOSOL,EXPLEOSOLEQN,857.85,852.85,852.85,-5.0,-0.58,65,55435,1175.1,640.0
GPIL,GPILEQN,222.34,221.05,221.05,-1.29,-0.58,4401,972841,320.0,210.42
BLS,BLSEQN,218.26,217.0,217.0,-1.26,-0.58,8019,1740123,359.0,212.0
GOCOLORS,GOCOLORSEQN,300.75,299.0,299.0,-1.75,-0.58,110,32890,715.45,237.05
MARSONS,MARSONSEQN,115.44,114.77,114.77,-0.67,-0.58,7966,914257,175.4,100.25
GREAVESCOT,GREAVESCOTEQN,230.28,228.95,228.95,-1.33,-0.58,7652,1751925,271.9,119.99
RELIANCE,RELIANCEEQN,1187.0,1180.1,1180.1,-6.9,-0.58,251426,296707822,1611.8,1160.8
NAVINFLUOR,NAVINFLUOREQN,8245.0,8197.5,8197.5,-47.5,-0.58,391,3205222,8949.5,4514.5
HERANBA,HERANBAEQN,176.53,175.5,175.5,-1.03,-0.58,50,8775,327.0,155.38
CRISIL,CRISILEQN,4450.8,4425.0,4425.0,-25.8,-0.58,38,168150,5064.9,3686.0
SGRL,SGRLEQN,687.15,683.15,683.15,-4.0,-0.58,100,68315,749.85,477.05
CORDELIA,CORDELIAEQN,102.59,102.0,102.0,-0.59,-0.58,561,57222,118.53,62.31
UFBL,UFBLBEN,678.8,674.85,674.85,-3.95,-0.58,56,37791,850.0,172.34
AURUM,AURUMEQN,232.37,231.0,231.0,-1.37,-0.59,1184,273504,264.64,151.9
REPL,REPLEQN,59.35,59.0,59.0,-0.35,-0.59,106,6254,154.49,56.0
MEDANTA,MEDANTAEQN,1365.0,1356.9,1356.9,-8.1,-0.59,656,890126,1544.0,956.0
INDUSINDBK,INDUSINDBKEQN,901.4,896.1,896.1,-5.3,-0.59,2603,2332548,1077.85,722.55
KIMS,KIMSEQN,746.4,742.0,742.0,-4.4,-0.59,668,495656,858.0,575.8
POCL,POCLEQN,452.65,450.0,450.0,-2.65,-0.59,972,437400,647.6,392.2
SHAILY,SHAILYEQN,3063.0,3045.0,3045.0,-18.0,-0.59,141,429345,3615.2,1770.9
HINDCOPPER,HINDCOPPEREQN,472.65,469.85,469.85,-2.8,-0.59,46051,21637062,760.05,308.5
DOMS,DOMSEQN,2107.0,2094.6,2094.6,-12.4,-0.59,40,83784,2755.0,2020.0
OIL,OILEQN,448.65,446.0,446.0,-2.65,-0.59,3136,1398656,531.0,395.6
RADIANTCMS,RADIANTCMSEQN,35.41,35.2,35.2,-0.21,-0.59,424,14924,57.49,32.33
ANDHRSUGAR,ANDHRSUGAREQN,93.15,92.6,92.6,-0.55,-0.59,947,87692,107.23,66.5
DCI,DCIEQN,335.0,333.0,333.0,-2.0,-0.6,66,21978,475.0,208.98
NTPC,NTPCEQN,322.75,320.8,320.8,-1.95,-0.6,44864,14392371,414.4,313.05
POWERMECH,POWERMECHEQN,2490.5,2475.6,2475.6,-14.9,-0.6,269,665936,3007.5,1717.7
GODIGIT,GODIGITEQN,260.05,258.5,258.5,-1.55,-0.6,174,44979,374.0,231.65
AWL,AWLEQN,177.68,176.61,176.61,-1.07,-0.6,4581,809050,282.9,171.19
HIMATSEIDE,HIMATSEIDEEQN,66.4,66.0,66.0,-0.4,-0.6,1713,113058,129.49,61.09
GLOBAL,GLOBALEQN,132.8,132.0,132.0,-0.8,-0.6,100,13200,143.0,55.3
BECTORFOOD,BECTORFOODEQN,206.74,205.5,205.5,-1.24,-0.6,739,151864,279.9,165.0
MOL,MOLEQN,56.31,55.97,55.97,-0.34,-0.6,2215,123973,85.35,36.5
IDFCFIRSTB,IDFCFIRSTBEQN,81.44,80.95,80.95,-0.49,-0.6,19784,1601514,89.61,58.08
KAVDEFENCE,KAVDEFENCEBEN,79.48,79.0,79.0,-0.48,-0.6,216,17064,162.87,51.51
TEJASNET,TEJASNETEQN,486.2,483.25,483.25,-2.95,-0.61,3401,1643533,644.75,294.0
HDFCLIFE,HDFCLIFEEQN,521.2,518.0,518.0,-3.2,-0.61,8320,4309760,788.5,508.7
UNIPARTS,UNIPARTSEQN,836.0,830.9,830.9,-5.1,-0.61,553,459487,915.95,399.8
STEELCAS,STEELCASEQN,377.2,374.9,374.9,-2.3,-0.61,1190,446131,390.9,176.02
SURYAROSNI,SURYAROSNIEQN,221.37,220.0,220.0,-1.37,-0.62,409,89980,314.5,187.35
LUMAXTECH,LUMAXTECHEQN,2076.7,2063.9,2063.9,-12.8,-0.62,362,747131,2190.0,1120.0
SOBHA,SOBHAEQN,1221.6,1214.0,1214.0,-7.6,-0.62,281,341134,1732.0,1130.0
GICRE,GICREEQN,331.15,329.1,329.1,-2.05,-0.62,1097,361022,417.95,316.8
BOMDYEING,BOMDYEINGEQN,105.62,104.96,104.96,-0.66,-0.62,3190,334822,180.75,92.0
NESTLEIND,NESTLEINDEQN,1310.0,1301.9,1301.9,-8.1,-0.62,4998,6506896,1553.0,1145.0
BOSCHLTD,BOSCHLTDEQN,47100.0,46810.0,46810.0,-290.0,-0.62,45,2106450,50000.0,28610.0
SAATVIKGL,SAATVIKGLEQN,413.55,411.0,411.0,-2.55,-0.62,52,21372,567.0,328.0
GMBREW,GMBREWEQN,966.95,961.0,961.0,-5.95,-0.62,15,14415,1328.8,699.7
TRITURBINE,TRITURBINEEQN,539.4,536.0,536.0,-3.4,-0.63,970,519920,787.6,428.35
AVANTIFEED,AVANTIFEEDEQN,717.8,713.25,713.25,-4.55,-0.63,1322,942916,1593.8,632.45
ARVINDFASN,ARVINDFASNEQN,387.45,385.0,385.0,-2.45,-0.63,601,231385,569.0,366.2
CCL,CCLEQN,1019.5,1013.1,1013.1,-6.4,-0.63,237,240104,1242.2,815.5
TTKPRESTIG,TTKPRESTIGEQN,515.85,512.6,512.6,-3.25,-0.63,33,16915,771.2,423.0
IGL,IGLEQN,145.61,143.2,143.2,-0.91,-0.63,7755,1110516,223.5,139.2
INDGN,INDGNEQN,590.75,587.0,587.0,-3.75,-0.63,843,494841,627.0,414.0
LUXIND,LUXINDEQN,1107.0,1100.0,1100.0,-7.0,-0.63,16,17600,1823.35,824.05
UGARSUGAR,UGARSUGARBEN,57.26,56.9,56.9,-0.36,-0.63,81,4608,66.77,33.75
BDL,BDLEQN,1110.1,1103.0,1103.0,-7.1,-0.64,4209,4642527,1633.4,1071.2
ATGL,ATGLEQN,593.9,590.1,590.1,-3.8,-0.64,1699,1002579,859.85,462.8
ITI,ITIEQN,246.4,244.8,244.8,-1.6,-0.65,1258,307958,372.85,237.0
ANANTRAJ,ANANTRAJEQN,598.9,595.0,595.0,-3.9,-0.65,6102,3630690,743.65,403.0
GMRP&UI,GMRP&UIEQN,105.38,104.69,104.69,-0.69,-0.65,2599,272089,136.3,86.8
SANDUMA,SANDUMAEQN,182.18,181.0,181.0,-1.18,-0.65,603,109143,273.0,165.05
TORNTPOWER,TORNTPOWEREQN,1245.9,1237.8,1237.8,-8.1,-0.65,82,101499,1824.1,1188.0
KITEX,KITEXEQN,119.55,118.77,118.77,-0.78,-0.65,1546,183618,232.7,114.36
FIVESTAR,FIVESTAREQN,516.85,513.5,513.5,-3.35,-0.65,554,284479,666.0,338.15
DEEPINDS,DEEPINDSEQN,755.95,751.0,751.0,-4.95,-0.65,296,222296,825.0,330.0
EUROPRATIK,EUROPRATIKEQN,192.3,191.05,191.05,-1.25,-0.65,1094,209008,390.0,184.71
AEGISLOG,AEGISLOGEQN,1380.1,1371.1,1371.1,-9.0,-0.65,3342,4582216,1528.7,576.1
PDSL,PDSLEQN,352.3,350.0,350.0,-2.3,-0.65,1,350,418.5,246.05
ALGOQUANT,ALGOQUANTEQN,66.03,65.6,65.6,-0.43,-0.65,6,393,76.2,47.8
SWIGGY,SWIGGYEQN,250.1,248.45,248.45,-1.65,-0.66,26001,6459948,459.95,235.5
KRISHNADEF,KRISHNADEFEQN,1032.8,1026.0,1026.0,-6.8,-0.66,26,26676,1400.0,665.0
ASMS,ASMSEQN,6.06,6.02,6.02,-0.04,-0.66,311,1872,16.7,5.1
APTUS,APTUSEQN,232.53,231.0,231.0,-1.53,-0.66,550,127050,332.0,193.03
TIMETECHNO,TIMETECHNOEQN,182.36,181.15,181.15,-1.21,-0.66,2301,416826,227.5,154.0
PNBGILTS,PNBGILTSEQN,73.99,73.5,73.5,-0.49,-0.66,1396,102606,101.45,58.6
BRITANNIA,BRITANNIAEQN,4830.0,4798.0,4798.0,-32.0,-0.66,573,2749254,6271.0,4737.0
EMIL,EMILEQN,205.36,204.0,204.0,-1.36,-0.66,28171,5746884,208.98,84.9
AMBUJACEM,AMBUJACEMEQN,374.0,374.0,371.5,-2.5,-0.67,5305,0,588.75,356.3
BAJAJHCARE,BAJAJHCAREEQN,327.2,325.0,325.0,-2.2,-0.67,40,13000,506.45,272.35
RAYMOND,RAYMONDEQN,1213.05,1205.0,1205.0,-8.1,-0.67,2224,2679920,1241.0,320.0
SBIN,SBINEQN,959.5,953.1,953.1,-6.4,-0.67,67196,64044507,1234.7,857.25
GUJTHEM,GUJTHEMEQN,387.6,385.0,385.0,-2.6,-0.67,75,28875,479.0,225.05
ATLANTAA,ATLANTAAEQN,37.25,37.0,37.0,-0.25,-0.67,5,185,73.39,31.52
APOLLOTYRE,APOLLOTYREEQN,404.7,402.0,402.0,-2.7,-0.67,2061,828522,540.5,365.3
FERMENTA,FERMENTAEQN,549.7,546.0,546.0,-3.7,-0.67,196,107016,580.45,248.85
BHARTIARTL,BHARTIARTLEQN,1757.0,1745.0,1745.0,-12.0,-0.68,73627,128479115,2174.5,1726.3
TI,TIEQN,540.65,537.0,537.0,-3.65,-0.68,520,279240,607.8,381.55
ADANIPORTS,ADANIPORTSEQN,1798.3,1786.0,1786.0,-12.3,-0.68,7953,14204058,1891.1,1292.0
MERCURYEV,MERCURYEVEQN,38.17,37.91,37.91,-0.26,-0.68,221,8378,44.05,30.16
TIMEX,TIMEXEQN,719.55,714.65,714.65,-4.9,-0.68,1782,1273506,748.0,312.0
URBANCO,URBANCOEQN,157.48,156.41,156.41,-1.07,-0.68,6713,1049980,183.97,100.7
BODALCHEM,BODALCHEMBEN,198.35,197.0,197.0,-1.35,-0.68,1573,309881,207.7,42.81
GMRAIRPORT,GMRAIRPORTEQN,95.15,94.49,94.49,-0.66,-0.69,14570,1376719,115.64,84.11
MANAKCOAT,MANAKCOATEQN,126.98,126.1,126.1,-0.88,-0.69,94,11853,182.82,94.2
ICICIGI,ICICIGIEQN,1590.0,1579.0,1579.0,-11.0,-0.69,2210,3489590,2064.9,1423.1
DALBHARAT,DALBHARATEQN,1683.7,1672.0,1672.0,-11.7,-0.69,429,717288,2319.9,1605.0
IOC,IOCEQN,134.93,134.0,134.0,-0.93,-0.69,35995,4823330,188.96,130.22
METROPOLIS,METROPOLISEQN,541.7,537.95,537.95,-3.75,-0.69,277,149012,609.05,412.25
ASAL,ASALEQN,433.5,430.5,430.5,-3.0,-0.69,78,33579,620.2,374.5
CLSEL,CLSELEQN,284.15,282.15,282.15,-2.0,-0.7,114,32165,324.8,203.75
POLYMED,POLYMEDEQN,1673.8,1662.1,1662.1,-11.7,-0.7,65,108036,2094.3,1182.0
INDIQUBE,INDIQUBEEQN,196.38,195.0,195.0,-1.38,-0.7,1,195,235.79,131.15
RAMBHAJO,RAMBHAJOEQN,285.98,284.0,284.0,-2.0,-0.7,718,203912,308.4,161.6
KRISHANA,KRISHANAEQN,188.23,186.9,186.9,-1.33,-0.71,2207,412488,206.39,86.2
KMEW,KMEWEQN,3041.5,3020.0,3020.0,-21.5,-0.71,263,794260,3175.0,1084.6
NATCOPHARM,NATCOPHARMEQN,827.5,814.95,814.95,-5.8,-0.71,4538,3698243,1214.65,781.19
KSB,KSBEQN,856.1,850.0,850.0,-6.1,-0.71,1877,1595450,1028.3,666.65
HINDALCO,HINDALCOEQN,941.8,935.0,935.0,-6.8,-0.72,25966,24278210,1176.0,754.45
KSOLVES,KSOLVESEQN,248.8,247.0,247.0,-1.8,-0.72,168,41496,353.99,237.5
PATELRMART,PATELRMARTEQN,211.52,210.0,210.0,-1.52,-0.72,7,1470,266.0,150.25
EMAMIPAP,EMAMIPAPBEN,119.56,118.7,118.7,-0.86,-0.72,243,28844,133.7,55.0
OMNI,OMNIEQN,564.05,560.0,560.0,-4.05,-0.72,893,500080,764.85,176.25
QUESS,QUESSEQN,334.95,332.5,332.5,-2.45,-0.73,121,40232,388.75,166.3
SOUTHBANK,SOUTHBANKEQN,48.24,47.89,47.89,-0.35,-0.73,49278,2359923,50.68,28.71
IRFC,IRFCEQN,79.28,78.7,78.7,-0.58,-0.73,62210,4895927,137.17,76.51
JISLDVREQS,JISLDVREQSEQN,19.14,19.0,19.0,-0.14,-0.73,10,190,34.23,18.4
ANNAPURNA,ANNAPURNAEQN,131.0,130.04,130.04,-0.96,-0.73,186,24187,287.0,120.75
20MICRONS,20MICRONSEQN,214.59,213.0,213.0,-1.59,-0.74,71,15123,237.4,129.61
HATHWAY,HATHWAYEQN,9.45,9.38,9.38,-0.07,-0.74,18067,169468,14.38,8.76
HINDALUMI,HINDALUMIEQN,92.69,92.0,92.0,-0.69,-0.74,10,920,107.5,86.3
BLEL,BLELEQN,485.6,482.0,482.0,-3.6,-0.74,7468,3599576,548.0,415.0
UPL,UPLEQN,539.75,535.7,535.7,-4.05,-0.75,952,509986,812.2,511.2
TIMKEN,TIMKENEQN,3136.0,3112.6,3112.6,-23.4,-0.75,18,56026,3925.0,2800.5
3MINDIA,3MINDIAEQN,32160.0,31920.0,31920.0,-240.0,-0.75,6,191520,38030.0,28730.0
SHREERAMA,SHREERAMAEQN,43.73,43.4,43.4,-0.33,-0.75,1010,43834,71.99,37.62
NRBBEARING,NRBBEARINGEQN,534.05,530.0,530.0,-4.05,-0.76,1681,890930,559.9,212.55
SWSOLAR,SWSOLAREQN,171.18,169.88,169.88,-1.3,-0.76,3091,525099,260.8,148.0
RAINBOW,RAINBOWEQN,1314.3,1304.3,1304.3,-10.0,-0.76,267,348248,1610.0,1084.0
SMSPHARMA,SMSPHARMAEQN,476.6,473.0,473.0,-3.6,-0.76,222,105006,494.45,242.25
BALKRISIND,BALKRISINDEQN,2117.0,2101.0,2101.0,-16.0,-0.76,114,239514,2775.0,1970.0
UJJIVANSFB,UJJIVANSFBEQN,67.5,66.99,66.99,-0.51,-0.76,39136,2621720,73.94,45.7
MGL,MGLEQN,1058.0,1050.0,1050.0,-8.0,-0.76,82,86100,1335.4,900.0
WESTLIFE,WESTLIFEEQN,589.85,585.3,585.3,-4.55,-0.77,228,133448,697.95,398.4
GESHIP,GESHIPEQN,1560.0,1548.0,1548.0,-12.0,-0.77,1368,2117664,1798.0,979.7
DIAMONDYD,DIAMONDYDEQN,1108.5,1100.0,1100.0,-8.5,-0.77,151,166100,1245.0,858.9
MAHSEAMLES,MAHSEAMLESEQN,737.65,732.0,732.0,-5.65,-0.77,807,590724,768.0,500.7
CLEAN,CLEANEQN,794.35,788.2,788.2,-6.15,-0.77,470,370454,1108.0,652.0
CORDSCABLE,CORDSCABLEBEN,332.5,329.95,329.95,-2.55,-0.77,682,225025,406.95,127.01
UNIONBANK,UNIONBANKEQN,171.0,169.69,169.69,-1.31,-0.77,13511,2292681,205.49,135.29
SRM,SRMEQN,404.4,401.3,401.3,-3.1,-0.77,101,40531,649.95,361.35
EMAMILTD,EMAMILTDEQN,379.05,376.1,376.1,-2.95,-0.78,235,88383,567.5,361.15
VETO,VETOEQN,142.72,141.6,141.6,-1.12,-0.78,20,2832,155.9,82.32
TDPOWERSYS,TDPOWERSYSEQN,786.05,779.9,779.9,-6.15,-0.78,11501,8969629,817.55,287.73
CYIENTDLM,CYIENTDLMEQN,914.1,907.0,907.0,-7.1,-0.78,1662,1507434,1009.0,265.2
SANGHVIMOV,SANGHVIMOVEQN,455.2,451.65,451.65,-3.55,-0.78,523,236212,528.0,223.8
GRASIM,GRASIMEQN,3061.9,3038.0,3038.0,-23.9,-0.78,594,1804572,3411.1,2502.5
SAMBHV,SAMBHVEQN,164.9,163.61,163.61,-1.29,-0.78,23147,3787080,167.31,81.42
DPABHUSHAN,DPABHUSHANEQN,1788.8,1774.9,1774.9,-13.9,-0.78,687,1219356,1924.4,866.1
JINDRILL,JINDRILLEQN,600.6,595.9,595.9,-4.7,-0.78,272,162084,704.4,440.1
ORBTEXP,ORBTEXPEQN,258.51,256.5,256.5,-2.05,-0.79,21,5386,282.85,135.0
ALLCARGO,ALLCARGOEQN,10.13,10.05,10.05,-0.08,-0.79,16456,165382,36.55,7.11
RTSPOWR,RTSPOWREQN,109.87,109.0,109.0,-0.87,-0.79,41,4469,138.05,68.88
HCL-INSYS,HCL-INSYSEQN,10.1,10.02,10.02,-0.08,-0.79,1490,14929,16.5,9.01
CCAVENUE,CCAVENUEEQN,15.12,15.0,15.0,-0.12,-0.79,38125,571875,20.5,12.92
AIRAN,AIRANEQN,16.18,16.05,16.05,-0.13,-0.8,17,272,26.59,12.63
EMCURE,EMCUREEQN,1943.0,1927.5,1927.5,-15.5,-0.8,72,138780,2100.7,1260.0
AUTOIND,AUTOINDEQN,82.66,82.0,82.0,-0.66,-0.8,1,82,104.0,48.35
GOODLUCK,GOODLUCKEQN,508.05,504.0,504.0,-4.05,-0.8,1197,603288,557.37,305.0
ELGIEQUIP,ELGIEQUIPEQN,608.85,604.0,604.0,-4.85,-0.8,728,439712,653.4,408.25
TATAINVEST,TATAINVESTEQN,620.05,615.1,615.1,-4.95,-0.8,914,562201,1184.7,538.85
BEL,BELEQN,388.3,388.3,385.2,-3.1,-0.8,28365,0,473.45,378.65
INDIASHLTR,INDIASHLTREQN,635.6,630.5,630.5,-5.1,-0.8,148,93314,924.0,620.15
SHADOWFAX,SHADOWFAXEQN,280.25,278.0,278.0,-2.25,-0.8,5568,1547904,292.2,98.55
PRANAV,PRANAVEQN,100.1,99.3,99.3,-0.8,-0.8,11953,1186932,165.1,96.21
ARTEMISMED,ARTEMISMEDEQN,345.55,342.8,342.8,-2.75,-0.8,1590,545052,378.8,203.35
MANIKA,MANIKABEN,42.34,42.0,42.0,-0.34,-0.8,207,8694,43.52,39.71
VARROC,VARROCEQN,862.95,856.0,856.0,-6.95,-0.81,1422,1217232,912.2,462.0
M&M,M&MEQN,2950.0,2926.0,2926.0,-24.0,-0.81,38046,111322596,3839.9,2812.0
SHALBY,SHALBYEQN,138.65,137.53,137.53,-1.12,-0.81,1,137,273.0,125.82
GLAND,GLANDEQN,2899.4,2876.0,2876.0,-23.4,-0.81,688,1978688,3042.0,1573.6
ENDURANCE,ENDURANCEEQN,2656.5,2635.1,2635.1,-21.4,-0.81,520,1370252,3072.0,2142.8
BBTC,BBTCEQN,1357.4,1346.4,1346.4,-11.0,-0.81,188,253123,2135.0,1307.0
JUBLFOOD,JUBLFOODEQN,456.7,453.0,453.0,-3.7,-0.81,1326,600678,635.0,408.55
AMAGI,AMAGIEQN,549.45,545.0,545.0,-4.45,-0.81,1303,710135,727.4,310.2
BOROLTD,BOROLTDEQN,293.38,291.0,291.0,-2.4,-0.82,1709,497319,363.4,213.73
CIEINDIA,CIEINDIAEQN,386.3,383.15,383.15,-3.15,-0.82,892,341769,526.0,366.9
FMGOETZE,FMGOETZEEQN,445.65,442.0,442.0,-3.65,-0.82,911,402662,641.1,358.0
AVANTEL,AVANTELEQN,154.06,152.79,152.79,-1.27,-0.82,1947,297482,215.0,117.05
PREMIERPOL,PREMIERPOLEQN,92.76,92.0,92.0,-0.76,-0.82,200,18400,106.0,38.0
BFINVEST,BFINVESTEQN,434.05,430.5,430.5,-3.55,-0.82,60,25830,584.7,315.0
SUPRIYA,SUPRIYAEQN,950.25,942.45,942.45,-7.8,-0.82,1709,1610647,1085.0,545.5
LANDMARK,LANDMARKEQN,475.7,471.75,471.75,-3.95,-0.83,597,281634,662.0,339.5
MANCREDIT,MANCREDITEQN,220.73,218.9,218.9,-1.83,-0.83,92,20138,287.27,152.06
BHARATFORG,BHARATFORGEQN,1926.0,1910.0,1910.0,-16.0,-0.83,599,1144090,2295.0,1179.4
ANTHEM,ANTHEMEQN,858.6,851.5,851.5,-7.1,-0.83,808,688012,977.55,579.15
IIFLCAPS,IIFLCAPSEQN,346.0,343.1,343.1,-2.9,-0.84,194,66561,411.3,240.4
JBMA,JBMAEQN,556.5,551.75,551.75,-4.75,-0.85,573,316152,738.5,477.0
BIRLACABLE,BIRLACABLEEQN,381.15,377.9,377.9,-3.25,-0.85,3314,1252360,418.8,104.0
USHAMART,USHAMARTEQN,498.65,494.4,494.4,-4.25,-0.85,1024,506265,542.6,380.0
AEROENTER,AEROENTEREQN,124.0,122.95,122.95,-1.05,-0.85,1001,123072,159.6,62.2
DECNGOLD,DECNGOLDEQN,200.76,199.05,199.05,-1.71,-0.85,5911,1176584,250.8,114.8
XELPMOC,XELPMOCEQN,80.24,79.55,79.55,-0.69,-0.86,100,7955,155.5,71.1
PGHL,PGHLEQN,5563.0,5515.0,5515.0,-48.0,-0.86,14,77210,6975.0,4707.0
HUHTAMAKI,HUHTAMAKIEQN,237.35,235.3,235.3,-2.05,-0.86,31,7294,330.0,148.6
MIRZAINT,MIRZAINTEQN,27.94,27.7,27.7,-0.24,-0.86,144,3988,43.3,24.95
JAINREC,JAINRECEQN,292.35,289.85,289.85,-2.5,-0.86,440,127534,593.95,247.57
NAVA,NAVAEQN,559.35,554.55,554.55,-4.8,-0.86,197,109246,739.4,501.65
TCC,TCCEQN,49.93,49.5,49.5,-0.43,-0.86,6965,344767,105.28,39.37
PARKHOTELS,PARKHOTELSEQN,105.92,105.0,105.0,-0.92,-0.87,393,41265,158.36,95.1
MAXESTATES,MAXESTATESEQN,587.1,582.0,582.0,-5.1,-0.87,41,23862,652.8,305.45
TITAGARH,TITAGARHEQN,818.15,811.0,811.0,-7.15,-0.87,2182,1769602,971.0,568.7
ORIANA,ORIANASMN,314.75,312.0,312.0,-2.75,-0.87,1125,351000,612.8,234.99
POWERGRID,POWERGRIDEQN,260.5,258.2,258.2,-2.3,-0.88,128455,33167081,324.95,250.0
ELGIRUBCO,ELGIRUBCOEQN,53.42,52.95,52.95,-0.47,-0.88,81,4288,70.0,32.72
MWL,MWLEQN,43.38,43.0,43.0,-0.38,-0.88,7,301,48.0,20.0
AASTHA,AASTHAEQN,34.15,33.85,33.85,-0.3,-0.88,21915,741822,70.01,32.45
RAYMONDREL,RAYMONDRELEQN,669.95,664.0,664.0,-5.95,-0.89,587,389768,741.95,349.0
PNCINFRA,PNCINFRAEQN,133.18,132.0,132.0,-1.18,-0.89,1147,151404,297.0,116.4
COALINDIA,COALINDIAEQN,425.0,421.2,421.2,-3.8,-0.89,18310,7712172,491.25,369.6
MAHLIFE,MAHLIFEEQN,360.3,357.1,357.1,-3.2,-0.89,770,274967,427.05,286.8
DIVGIITTS,DIVGIITTSEQN,1181.8,1171.3,1171.3,-10.5,-0.89,258,302195,1329.8,573.7
ERIS,ERISEQN,1191.9,1181.3,1181.3,-10.6,-0.89,244,288237,1740.0,1162.9
DBEIL,DBEILEQN,6.68,6.62,6.62,-0.06,-0.9,200,1324,17.82,5.15
LT,LTEQN,3760.0,3726.0,3726.0,-34.0,-0.9,26449,98548974,4440.0,3288.1
KILITCH,KILITCHBEN,213.32,211.4,211.4,-1.92,-0.9,116,24522,232.5,117.25
ROTO,ROTOEQN,64.58,64.0,64.0,-0.58,-0.9,250,16000,80.77,47.5
CAPITALSFB,CAPITALSFBEQN,288.6,286.0,286.0,-2.6,-0.9,86,24596,323.7,206.55
CRSL,CRSLBEN,2.22,2.2,2.2,-0.02,-0.9,2592,5702,3.56,1.72
WELENT,WELENTEQN,742.7,736.0,736.0,-6.7,-0.9,1039,764704,841.9,412.0
LTTS,LTTSEQN,3228.6,3199.1,3199.1,-29.5,-0.91,90,287919,4726.0,3010.0
FORTIS,FORTISEQN,770.0,763.0,763.0,-7.0,-0.91,6935,5291405,1104.3,745.35
AJANTPHARM,AJANTPHARMEQN,3620.8,3588.0,3588.0,-32.8,-0.91,379,1359852,3796.0,2329.9
VRLLOG,VRLLOGEQN,287.15,284.55,284.55,-2.6,-0.91,3204,911698,310.2,225.0
VSTTILLERS,VSTTILLERSEQN,4390.0,4350.0,4350.0,-40.0,-0.91,45,195750,6374.0,3950.0
IPL,IPLEQN,132.72,131.5,131.5,-1.22,-0.92,408,53652,213.96,125.0
NH,NHEQN,1791.4,1774.9,1774.9,-16.5,-0.92,614,1089788,2093.3,1589.0
RAILTEL,RAILTELEQN,265.65,263.2,263.2,-2.45,-0.92,4291,1129391,400.8,245.0
APOLLOHOSP,APOLLOHOSPEQN,8165.5,8090.0,8090.0,-75.5,-0.92,10913,88286170,9070.5,6696.5
VBL,VBLEQN,432.0,428.0,428.0,-4.0,-0.93,16925,7243900,555.8,381.0
ACUTAAS,ACUTAASEQN,3279.4,3249.0,3249.0,-30.4,-0.93,392,1273608,3740.0,1302.0
HONASA,HONASAEQN,431.35,427.35,427.35,-4.0,-0.93,3853,1646579,509.8,248.4
VISL,VISLEQN,32.3,32.0,32.0,-0.3,-0.93,58218,1862976,44.78,19.06
SHRIRAMFIN,SHRIRAMFINEQN,982.7,973.5,973.5,-9.2,-0.94,35864,34913604,1153.7,611.15
SBFC,SBFCEQN,85.48,84.68,84.68,-0.8,-0.94,3271,276988,123.0,79.6
AEGISVOPAK,AEGISVOPAKEQN,296.8,294.0,294.0,-2.8,-0.94,1788,525672,320.95,158.0
ANANDRATHI,ANANDRATHIEQN,2120.0,2100.0,2100.0,-20.0,-0.94,354,743400,2268.4,1353.85
NYKAA,NYKAAEQN,320.0,317.0,317.0,-3.0,-0.94,29252,9272884,349.55,227.9
SATIN,SATINEQN,232.2,230.01,230.01,-2.19,-0.94,754,173427,274.14,135.81
ARHAM,ARHAMSMN,220.1,218.0,218.0,-2.1,-0.95,1000,218000,223.75,95.2
MANYAVAR,MANYAVAREQN,535.1,530.0,530.0,-5.1,-0.95,84,44520,705.0,329.2
ZYDUSLIFE,ZYDUSLIFEEQN,1162.0,1151.0,1151.0,-11.0,-0.95,3625,4172375,1232.1,835.5
MANIPALHOS,MANIPALHOSEQN,708.3,701.6,701.6,-6.7,-0.95,2919,2047970,815.0,625.45
SWANCORP,SWANCORPEQN,280.2,277.5,277.5,-2.7,-0.96,1899,526972,493.6,267.95
INDIGO,INDIGOEQN,4984.0,4936.0,4936.0,-48.0,-0.96,756,3731616,5970.0,3895.2
PARKHOSPS,PARKHOSPSEQN,274.95,272.3,272.3,-2.65,-0.96,122,33220,305.0,138.1
PARASPETRO,PARASPETROEQN,2.07,2.05,2.05,-0.02,-0.97,109,223,3.23,1.53
IOB,IOBEQN,30.96,30.66,30.66,-0.3,-0.97,14326,439235,41.8,30.07
VIPIND,VIPINDEQN,290.95,288.1,288.1,-2.85,-0.98,2250,648225,447.3,277.85
VMM,VMMEQN,101.0,100.01,100.01,-0.99,-0.98,33036,3303930,152.18,98.0
UGROCAP,UGROCAPEQN,83.68,82.86,82.86,-0.82,-0.98,113,9363,192.5,79.2
TATACOMM,TATACOMMEQN,1656.2,1640.0,1640.0,-16.2,-0.98,169,277160,2110.0,1322.5
CGCL,CGCLEQN,247.45,245.0,245.0,-2.45,-0.99,5484,1343580,287.45,151.1
AYE,AYEEQN,155.89,154.34,154.34,-1.55,-0.99,2001,308834,197.29,88.22
VADILENT,VADILENTEQN,10151.0,10050.0,10050.0,-101.0,-0.99,9,90450,12598.0,9401.0
MANINFRA,MANINFRAEQN,126.86,125.6,125.6,-1.26,-0.99,883,110904,150.86,77.12
DOLPHIN,DOLPHINEQN,637.4,631.0,631.0,-6.4,-1.0,65,41015,749.5,322.0
RUCHIRA,RUCHIRAEQN,103.25,102.22,102.22,-1.03,-1.0,212,21670,151.25,95.17
QMSMEDI,QMSMEDIBEN,205.96,203.9,203.9,-2.06,-1.0,30,6117,216.79,68.95
GARUDA,GARUDAEQN,174.67,172.9,172.9,-1.77,-1.01,2116,365856,249.3,130.0
RSWM,RSWMEQN,208.6,206.5,206.5,-2.1,-1.01,14,2891,238.0,120.0
ANUP,ANUPEQN,1596.3,1580.1,1580.1,-16.2,-1.01,267,421886,2524.0,1422.3
ORIENTELEC,ORIENTELECEQN,158.11,156.51,156.51,-1.6,-1.01,610,95471,217.51,149.05
REFEX,REFEXEQN,265.25,262.55,262.55,-2.7,-1.02,1141,299569,382.4,188.0
VEDL,VEDLEQN,259.0,256.35,256.35,-2.65,-1.02,30761,7885582,795.0,247.25
RTNPOWER,RTNPOWEREQN,6.89,6.82,6.82,-0.07,-1.02,83089,566666,11.94,6.66
IMAGICAA,IMAGICAAEQN,51.08,50.56,50.56,-0.52,-1.02,2726,137826,62.0,36.84
WCIL,WCILEQN,93.16,92.2,92.2,-0.96,-1.03,137,12631,138.29,77.02
UNITDSPR,UNITDSPREQN,1354.0,1340.1,1340.1,-13.9,-1.03,890,1192689,1563.4,1210.8
AXTEL,AXTELEQN,440.8,436.25,436.25,-4.55,-1.03,5,2181,459.9,385.0
ORIENTALTL,ORIENTALTLEQN,4.83,4.78,4.78,-0.05,-1.04,22,105,10.84,4.4
STAR,STAREQN,1120.0,1108.4,1108.4,-11.6,-1.04,324,359121,1260.9,768.65
KPRMILL,KPRMILLEQN,1103.3,1091.8,1091.8,-11.5,-1.04,405,442179,1334.0,796.1
LUMAXIND,LUMAXINDEQN,5568.5,5510.0,5510.0,-58.5,-1.05,32,176320,6934.5,4480.0
RENTOMOJO,RENTOMOJOEQN,510.35,505.0,505.0,-5.35,-1.05,4635,2340675,581.95,482.45
ATL,ATLEQN,24.44,24.18,24.18,-0.26,-1.06,35,846,37.76,18.2
MARINE,MARINEEQN,429.55,425.0,425.0,-4.55,-1.06,1959,832575,450.0,150.86
RANASUG,RANASUGEQN,13.24,13.1,13.1,-0.14,-1.06,62,812,16.45,10.21
HONAUT,HONAUTEQN,33460.0,33105.0,33105.0,-355.0,-1.06,8,264840,41495.0,26220.0
ETERNAL,ETERNALEQN,320.0,316.6,316.6,-3.4,-1.06,117866,37316375,368.45,212.6
ROSSTECH,ROSSTECHEQN,1503.2,1487.1,1487.1,-16.1,-1.07,349,518997,1536.8,551.9
MAXHEALTH,MAXHEALTHEQN,929.8,919.85,919.85,-9.95,-1.07,10190,9373271,1221.9,902.05
DBSTOCKBRO,DBSTOCKBROBEN,31.74,31.4,31.4,-0.34,-1.07,3,94,48.5,23.15
LTM,LTMEQN,4045.0,4001.7,4001.7,-43.3,-1.07,1908,7635243,6429.5,3528.0
JINDALSAW,JINDALSAWEQN,277.7,274.7,274.7,-3.0,-1.08,1383,379910,320.0,153.0
PANACEABIO,PANACEABIOEQN,366.0,362.0,362.0,-4.0,-1.09,335,121270,647.0,292.4
REGAAL,REGAALEQN,88.08,87.12,87.12,-0.96,-1.09,114,9931,103.0,57.27
ENTERO,ENTEROEQN,1708.9,1690.1,1690.1,-18.8,-1.1,1133,1914883,1920.0,944.0
SHIVALIK,SHIVALIKEQN,403.45,399.0,399.0,-4.45,-1.1,191,76209,471.0,206.4
INDIGOPNTS,INDIGOPNTSEQN,1091.0,1078.9,1078.9,-12.1,-1.11,84,90627,1345.9,708.05
AGI,AGIEQN,804.4,795.5,795.5,-8.9,-1.11,363,288766,896.15,465.0
NITTAGELA,NITTAGELAEQN,1678.6,1660.0,1660.0,-18.6,-1.11,16,26560,2087.2,837.05
ASHOKAMET,ASHOKAMETEQN,15.18,15.01,15.01,-0.17,-1.12,38,570,19.4,12.13
JYOTISTRUC,JYOTISTRUCEQN,8.9,8.8,8.8,-0.1,-1.12,59722,525553,15.49,7.94
MUKANDLTD,MUKANDLTDEQN,180.13,178.11,178.11,-2.02,-1.12,1171,208566,184.8,114.31
CRAFTSMAN,CRAFTSMANEQN,10417.0,10300.0,10300.0,-117.0,-1.12,297,3059100,11999.0,6324.0
BETA,BETAEQN,2053.0,2030.0,2030.0,-23.0,-1.12,34,69020,2807.9,990.1
INDRAMEDCO,INDRAMEDCOEQN,348.95,345.0,345.0,-3.95,-1.13,415,143175,640.85,335.5
REPRO,REPROEQN,318.6,315.0,315.0,-3.6,-1.13,11,3465,590.0,276.1
CUB,CUBEQN,226.05,223.5,223.5,-2.55,-1.13,6166,1378101,248.85,156.04
EMBDL,EMBDLEQN,58.51,57.85,57.85,-0.66,-1.13,2265,131030,99.21,39.46
APLLTD,APLLTDEQN,825.45,816.0,816.0,-9.45,-1.14,631,514896,998.0,635.8
SETL,SETLEQN,422.8,418.0,418.0,-4.8,-1.14,1563,653334,468.15,104.56
AETHER,AETHEREQN,1699.3,1680.0,1680.0,-19.3,-1.14,661,1110480,1798.0,728.0
GPTHEALTH,GPTHEALTHEQN,150.74,149.0,149.0,-1.74,-1.15,1632,243168,175.0,115.0
WHIRLPOOL,WHIRLPOOLEQN,890.25,880.0,880.0,-10.25,-1.15,3263,2871440,1437.0,706.0
ALANKIT,ALANKITEQN,7.83,7.74,7.74,-0.09,-1.15,608,4705,13.38,6.8
SHRIPISTON,SHRIPISTONEQN,4653.7,4600.0,4600.0,-53.7,-1.15,105,483000,4843.0,2525.8
RITCO,RITCOEQN,280.25,277.0,277.0,-3.25,-1.16,6,1662,331.15,167.1
MOTHERSON,MOTHERSONEQN,163.26,161.35,161.35,-1.91,-1.17,81584,13163578,173.27,101.01
JKIL,JKILEQN,463.3,457.9,457.9,-5.4,-1.17,2207,1010585,672.0,425.0
ADVENZYMES,ADVENZYMESEQN,281.6,278.3,278.3,-3.3,-1.17,1594,443610,419.0,251.95
GRAUWEIL,GRAUWEILEQN,82.77,81.8,81.8,-0.97,-1.17,1535,125563,88.75,62.09
PIRAMALFIN,PIRAMALFINEQN,2043.9,2020.0,2020.0,-23.9,-1.17,716,1446320,2326.4,1260.0
SBILIFE,SBILIFEEQN,1696.4,1676.3,1676.3,-20.1,-1.18,11915,19973114,2132.0,1652.9
SAKAR,SAKAREQN,1093.05,1080.2,1080.2,-12.9,-1.18,977,1055355,1229.85,345.5
LENSKART,LENSKARTEQN,685.05,677.0,677.0,-8.05,-1.18,8186,5541922,725.0,356.1
RUSHIL,RUSHILEQN,16.14,15.95,15.95,-0.19,-1.18,51,813,30.0,12.49
3BBLACKBIO,3BBLACKBIOEQN,1710.4,1690.2,1690.2,-20.2,-1.18,237,400577,1740.0,1085.0
INFOBEAN,INFOBEANEQN,143.5,141.79,141.79,-1.71,-1.19,1674,237356,257.5,116.5
MRPL,MRPLEQN,169.29,167.27,167.27,-2.02,-1.19,44064,7370585,212.31,131.67
NETWORK18,NETWORK18EQN,25.87,25.56,25.56,-0.31,-1.2,11811,301889,53.24,25.02
ABLBL,ABLBLEQN,76.52,75.6,75.6,-0.92,-1.2,6368,481420,150.79,73.41
AIIL,AIILEQN,546.6,540.0,540.0,-6.6,-1.21,1126,608040,683.0,400.0
SHAREINDIA,SHAREINDIAEQN,205.01,202.5,202.5,-2.51,-1.22,2824,571860,233.35,115.36
MANORAMA,MANORAMAEQN,1852.8,1830.1,1830.1,-22.7,-1.23,490,896749,2149.5,1060.6
TMPV,TMPVEQN,283.5,280.0,280.0,-3.5,-1.23,47240,13227200,739.7,272.2
JINDALPOLY,JINDALPOLYEQN,672.55,664.2,664.2,-8.35,-1.24,26,17269,1026.45,365.0
NOVAAGRI,NOVAAGRIEQN,22.43,22.15,22.15,-0.28,-1.25,1210,26801,51.99,18.12
SURANASOL,SURANASOLEQN,24.87,24.56,24.56,-0.31,-1.25,337,8276,34.51,18.31
GUJALKALI,GUJALKALIEQN,618.85,611.1,611.1,-7.75,-1.25,86,52554,815.0,409.15
INDOMIM,INDOMIMEQN,1242.45,1227.0,1227.0,-15.5,-1.25,3272,4014744,1349.0,700.0
BCPL,BCPLEQN,68.86,68.0,68.0,-0.86,-1.25,20,1360,92.0,60.0
THEINVEST,THEINVESTEQN,93.45,92.25,92.25,-1.2,-1.28,100,9225,152.99,89.0
TMCV,TMCVEQN,421.65,416.25,416.25,-5.4,-1.28,34858,14509642,509.0,306.3
GOKULAGRO,GOKULAGROEQN,212.98,210.23,210.23,-2.75,-1.29,1574,330902,259.8,151.0
GSLSU,GSLSUEQN,31.0,30.6,30.6,-0.4,-1.29,115,3519,139.67,23.06
HNDFDS,HNDFDSEQN,574.75,567.3,567.3,-7.45,-1.3,9,5105,677.75,442.0
POLICYBZR,POLICYBZREQN,1063.9,1050.0,1050.0,-13.9,-1.31,14014,14714700,1964.2,963.9
CIFL,CIFLEQN,21.34,21.06,21.06,-0.28,-1.31,166,3495,39.69,18.56
HEXAGON,HEXAGONBEN,68.6,67.7,67.7,-0.9,-1.31,7067,478435,78.25,48.1
DPSCLTD,DPSCLTDBEN,6.8,6.71,6.71,-0.09,-1.32,1064,7139,12.51,6.71
SUYOG,SUYOGEQN,695.1,685.95,685.95,-9.15,-1.32,447,306619,921.15,526.5
DEEPA,DEEPAEQN,195.48,192.89,192.89,-2.59,-1.32,7519,1450339,222.0,164.79
MEESHO,MEESHOEQN,227.75,224.75,224.75,-3.0,-1.32,16811,3778272,254.4,125.56
CENTENKA,CENTENKAEQN,554.6,547.3,547.3,-7.3,-1.32,96,52540,671.65,371.2
ULTRACEMCO,ULTRACEMCOEQN,10956.0,10810.0,10810.0,-146.0,-1.33,829,8961490,13110.0,10325.0
JYOTICNC,JYOTICNCEQN,1039.85,1026.0,1026.0,-13.9,-1.34,1537,1576962,1134.6,580.1
GFLLIMITED,GFLLIMITEDEQN,54.94,54.2,54.2,-0.74,-1.35,705,38211,81.0,37.25
JAGRAN,JAGRANEQN,62.3,61.46,61.46,-0.84,-1.35,7206,442880,78.9,59.5
KARAMTARA,KARAMTARAEQN,395.35,390.0,390.0,-5.35,-1.35,70411,27460290,429.35,320.0
PDMJEPAPER,PDMJEPAPEREQN,97.22,95.9,95.9,-1.32,-1.36,4901,470005,127.18,65.0
SUMMITSEC,SUMMITSECEQN,1318.9,1301.0,1301.0,-17.9,-1.36,131,170431,2495.0,1301.0
SURYODAY,SURYODAYEQN,145.16,143.18,143.18,-1.98,-1.36,182,26058,218.0,115.41
DOLATALGO,DOLATALGOEQN,64.94,64.05,64.05,-0.89,-1.37,40,2562,95.76,62.15
KAMATHOTEL,KAMATHOTELEQN,237.2,233.95,233.95,-3.25,-1.37,100,23395,329.6,140.2
PRABHA,PRABHAEQN,222.03,218.98,218.98,-3.05,-1.37,2300,503654,262.8,137.91
SRD,SRDEQN,38.54,38.01,38.01,-0.53,-1.38,1,38,75.79,36.0
AGARWALEYE,AGARWALEYEEQN,479.3,472.7,472.7,-6.6,-1.38,283,133774,568.0,401.0
CNL,CNLEQN,1082.2,1067.3,1067.3,-14.9,-1.38,83,88585,1328.0,525.0
STARCEMENT,STARCEMENTEQN,181.96,179.43,179.43,-2.53,-1.39,1117,200423,273.0,175.2
MAHLOG,MAHLOGEQN,435.85,429.8,429.8,-6.05,-1.39,409,175788,450.0,275.05
NESCO,NESCOEQN,1046.9,1032.3,1032.3,-14.6,-1.39,172,177555,1422.8,996.0
MAWANASUG,MAWANASUGEQN,145.01,143.0,143.0,-2.01,-1.39,100,14300,164.0,75.08
DLF,DLFEQN,674.0,664.5,664.5,-9.5,-1.41,15701,10433314,786.5,489.4
ADFFOODS,ADFFOODSEQN,273.1,269.25,269.25,-3.85,-1.41,750,201937,346.95,153.1
ADSL,ADSLEQN,108.53,107.0,107.0,-1.53,-1.41,765,81855,204.65,86.27
WEALTH,WEALTHEQN,907.85,895.0,895.0,-12.85,-1.42,1,895,1244.0,774.95
ABSLAMC,ABSLAMCEQN,995.3,981.15,981.15,-14.15,-1.42,500,490575,1224.9,708.0
BHARTIHEXA,BHARTIHEXAEQN,1424.5,1404.0,1404.0,-20.5,-1.44,355,498420,1955.6,1365.6
SBGLP,SBGLPEQN,22.84,22.51,22.51,-0.33,-1.44,292,6572,40.9,18.35
PURPLEUTED,PURPLEUTEDSMN,466.7,460.0,460.0,-6.7,-1.44,250,115000,587.95,244.45
TIPSMUSIC,TIPSMUSICEQN,657.85,648.3,648.3,-9.55,-1.45,7510,4868733,741.0,481.15
SEAMECLTD,SEAMECLTDEQN,1641.6,1617.8,1617.8,-23.8,-1.45,136,220020,1849.0,771.75
ASTEC,ASTECEQN,722.75,712.05,712.05,-10.7,-1.48,456,324694,941.75,513.4
HAVISHA,HAVISHAEQN,1.34,1.32,1.32,-0.02,-1.49,129,170,2.42,1.03
TCIEXP,TCIEXPEQN,521.65,513.9,513.9,-7.75,-1.49,753,386966,746.75,447.55
CHOICEGOLD,CHOICEGOLDEQN,145.54,143.36,143.36,-2.18,-1.5,15,2150,175.49,115.79
LOTUSCHO,LOTUSCHOEQN,550.35,542.1,542.1,-8.25,-1.5,5,2710,671.0,533.7
YASHO,YASHOEQN,4005.4,3945.0,3945.0,-60.4,-1.51,70,276150,4994.0,1130.0
JSL,JSLEQN,747.4,736.1,736.1,-11.3,-1.51,865,636726,884.0,652.25
DHATRE,DHATREEQN,3.98,3.92,3.92,-0.06,-1.51,58,227,5.17,3.67
KAMAHOLD,KAMAHOLDEQN,2286.8,2252.0,2252.0,-34.8,-1.52,4,9008,2783.9,2172.3
RAJOOENG,RAJOOENGBEN,53.43,52.62,52.62,-0.81,-1.52,112,5893,95.06,46.0
MAYURUNIQ,MAYURUNIQEQN,734.35,723.15,723.15,-11.2,-1.53,272,196696,907.0,471.2
VCL,VCLBEN,1.31,1.29,1.29,-0.02,-1.53,35824,46212,2.66,0.87
PRIORITY,PRIORITYEQN,301.6,297.0,297.0,-4.6,-1.53,1113,330561,329.55,209.61
AGROPHOS,AGROPHOSEQN,23.48,23.12,23.12,-0.36,-1.53,11,254,45.89,21.0
SSRETAIL,SSRETAILEQN,749.5,738.05,738.05,-11.45,-1.53,19430,14340311,888.0,603.05
MAITHANALL,MAITHANALLEQN,925.25,911.0,911.0,-14.25,-1.54,2504,2281144,1210.1,831.2
MCLEODRUSS,MCLEODRUSSEQN,44.74,44.05,44.05,-0.69,-1.54,548,24139,78.41,28.5
CPCAP,CPCAPEQN,141.59,139.4,139.4,-2.19,-1.55,17,2369,160.5,73.51
JWL,JWLEQN,233.12,229.51,229.51,-3.61,-1.55,14540,3337075,358.25,218.45
C2C,C2CSMN,209.3,206.05,206.05,-3.25,-1.55,750,154537,746.0,155.0
MOMSBELIEF,MOMSBELIEFEQN,234.64,231.0,231.0,-3.64,-1.55,3878,895818,267.61,208.03
COUNCODOS,COUNCODOSBEN,6.4,6.3,6.3,-0.1,-1.56,17,107,7.85,3.71
HLVLTD,HLVLTDEQN,6.41,6.31,6.31,-0.1,-1.56,750,4732,11.94,5.6
ALKALI,ALKALIBEN,91.43,90.0,90.0,-1.43,-1.56,41,3690,107.38,46.8
SHAH,SHAHEQN,3.14,3.09,3.09,-0.05,-1.59,20124,62183,5.82,2.56
SANSERA,SANSERAEQN,4537.5,4465.2,4465.2,-72.3,-1.59,326,1455655,4743.5,1364.2
BAJAJ-AUTO,BAJAJ-AUTOEQN,10874.0,10701.0,10701.0,-173.0,-1.59,3003,32135103,12470.0,8491.5
MODIRUBBER,MODIRUBBEREQN,120.21,118.3,118.3,-1.91,-1.59,470,55601,167.5,98.41
JGCHEM,JGCHEMEQN,645.1,634.8,634.8,-10.3,-1.6,3530,2240844,688.0,298.4
RPPINFRA,RPPINFRAEQN,51.49,50.66,50.66,-0.83,-1.61,291,14742,131.25,50.2
VASWANI,VASWANIEQN,44.57,43.85,43.85,-0.72,-1.62,99,4341,69.99,43.26
GUFICBIO,GUFICBIOEQN,432.0,425.0,425.0,-7.0,-1.62,2972,1263100,467.8,268.0
SUMICHEM,SUMICHEMEQN,433.25,426.25,426.25,-7.0,-1.62,816,347820,572.05,362.6
ITDC,ITDCEQN,687.65,676.5,676.5,-11.15,-1.62,1494,1010691,822.0,368.0
BEML,BEMLEQN,1992.4,1960.0,1960.0,-32.4,-1.63,1579,3094840,2275.75,1355.0
IRB,IRBEQN,17.49,17.2,17.2,-0.29,-1.66,143112,2461526,23.95,16.75
LODHA,LODHAEQN,1135.0,1116.0,1116.0,-19.0,-1.67,6265,6991740,1344.95,650.8
PASUPTAC,PASUPTACEQN,72.73,71.51,71.51,-1.22,-1.68,700,50057,81.29,40.41
PRASOLCHEM,PRASOLCHEMEQN,839.1,825.0,825.0,-14.1,-1.68,3326,2743950,914.9,601.0
NITCO,NITCOEQN,88.12,86.63,86.63,-1.49,-1.69,86,7450,120.0,64.0
TATAPOWER,TATAPOWEREQN,359.0,352.95,352.95,-6.05,-1.69,27662,9763302,464.9,342.5
DPWIRES,DPWIRESBEN,163.89,161.11,161.11,-2.78,-1.7,67,10794,251.9,125.02
SHANTIGEAR,SHANTIGEAREQN,579.9,570.0,570.0,-9.9,-1.71,214,121980,743.0,384.0
NUVOCO,NUVOCOEQN,337.8,332.0,332.0,-5.8,-1.72,4901,1627132,439.85,276.25
ACL,ACLEQN,39.33,38.65,38.65,-0.68,-1.73,500,19325,85.57,38.4
TPLPLASTEH,TPLPLASTEHEQN,71.14,69.9,69.9,-1.24,-1.74,1650,115335,90.33,50.01
NATIONALUM,NATIONALUMEQN,340.95,335.0,335.0,-5.95,-1.75,59614,19970690,445.15,204.2
PPSL,PPSLSMN,2.85,2.8,2.8,-0.05,-1.75,3000,8400,15.35,2.1
HECPROJECT,HECPROJECTEQN,113.0,111.0,111.0,-2.0,-1.77,100,11100,160.5,92.1
JKCEMENT,JKCEMENTEQN,5076.0,4986.0,4986.0,-90.0,-1.77,138,688068,6764.5,4671.5
AQYLON,AQYLONEQN,16.26,15.97,15.97,-0.29,-1.78,484,7729,224.7,15.45
AJMERA,AJMERAEQN,118.74,116.61,116.61,-2.13,-1.79,2101,244997,221.4,98.03
ONMOBILE,ONMOBILEBEN,50.62,49.7,49.7,-0.92,-1.82,6,298,84.0,40.21
CCHHL,CCHHLEQN,13.0,12.76,12.76,-0.24,-1.85,590,7528,18.0,10.03
MUNJALAU,MUNJALAUEQN,112.86,110.76,110.76,-2.1,-1.86,11931,1321477,130.6,67.2
BIGBLOC,BIGBLOCEQN,39.79,39.05,39.05,-0.74,-1.86,501,19564,80.0,36.8
ANDREWYU,ANDREWYUEQN,26.02,25.53,25.53,-0.49,-1.88,20,510,30.49,24.1
SUMEETINDS,SUMEETINDSEQN,10.92,10.71,10.71,-0.21,-1.92,3000,32130,35.67,9.26
ESAFSFB,ESAFSFBBEN,44.52,43.66,43.66,-0.86,-1.93,1365,59595,46.0,19.78
GAUDIUMIVF,GAUDIUMIVFEQN,111.15,109.0,109.0,-2.15,-1.93,3729,406461,163.18,69.18
AGSTRA,AGSTRABZN,2.59,2.54,2.54,-0.05,-1.93,825,2095,5.44,1.85
NITIRAJ,NITIRAJEQN,209.26,205.2,205.2,-4.06,-1.94,220,45144,241.0,168.0
BLISSGVS,BLISSGVSBEN,694.45,681.0,681.0,-13.45,-1.94,359,244479,739.9,118.0
GVKPIL,GVKPILBEN,2.56,2.51,2.51,-0.05,-1.95,12557,31518,3.66,2.04
CYBERTECH,CYBERTECHBEN,138.83,136.11,136.11,-2.72,-1.96,51,6941,274.8,95.3
YATHARTH,YATHARTHEQN,1032.5,1012.0,1012.0,-20.5,-1.99,3125,3162500,1184.0,538.25
21STCENMGM,21STCENMGMEQN,38.67,37.9,37.9,-0.77,-1.99,1,37,53.79,28.25
BLUECOAST,BLUECOASTEQN,22.07,21.63,21.63,-0.44,-1.99,10,216,66.81,18.57
WATERBASE,WATERBASEEQN,46.7,45.77,45.77,-0.93,-1.99,2,91,54.0,43.62
KESORAMIND,KESORAMINDEQN,10.92,10.7,10.7,-0.22,-2.01,173,1851,14.26,4.55
SILGO,SILGOEQN,70.21,68.8,68.8,-1.41,-2.01,58,3990,86.2,57.55
GICL,GICLBEN,22.83,22.37,22.37,-0.46,-2.01,5,111,52.4,15.61
GSS,GSSEQN,10.37,10.16,10.16,-0.21,-2.03,100,1016,27.5,8.68
LOTUSDEV,LOTUSDEVBEN,224.53,219.98,219.98,-4.55,-2.03,3177,698876,235.75,102.2
RBZJEWEL,RBZJEWELBEN,207.23,202.8,202.8,-4.43,-2.14,701,142162,207.66,100.0
PERNIASPOP,PERNIASPOPEQN,547.9,536.1,536.1,-11.8,-2.15,104,55754,588.9,501.05
DAVANGERE,DAVANGEREEQN,2.31,2.26,2.26,-0.05,-2.16,66924,151248,5.5,1.74
KNRCON,KNRCONEQN,118.58,116.0,116.0,-2.58,-2.18,35815,4154540,204.6,108.65
PANORAMA,PANORAMAEQN,58.29,57.02,57.02,-1.27,-2.18,2729,155607,64.8,40.0
INDOCO,INDOCOEQN,261.67,256.0,256.0,-5.7,-2.18,1760,450560,317.35,162.19
VERTOZ,VERTOZEQN,35.59,34.8,34.8,-0.79,-2.22,1150,40020,77.3,27.02
HAMPTON,HAMPTONEQN,8.08,7.9,7.9,-0.18,-2.23,65,513,9.65,7.01
SADBHAV,SADBHAVEQN,7.15,6.99,6.99,-0.16,-2.24,11579,80937,14.7,6.05
SSDL,SSDLEQN,75.81,74.11,74.11,-1.7,-2.24,300,22233,90.69,46.15
KHANDSE,KHANDSEEQN,17.2,16.81,16.81,-0.39,-2.27,84,1412,25.5,12.2
BFUTILITIE,BFUTILITIEEQN,507.75,496.05,496.05,-11.7,-2.3,3000,1488150,834.0,368.7
INDORAMA,INDORAMAEQN,100.36,98.0,98.0,-2.36,-2.35,3313,324674,112.3,29.0
HAZOOR,HAZOOREQN,18.65,18.2,18.2,-0.45,-2.41,8955,162981,22.49,17.44
CHEMBONDCH,CHEMBONDCHBEN,225.5,220.05,220.05,-5.45,-2.42,19,4180,290.0,104.85
DURLAX,DURLAXSMN,65.15,63.55,63.55,-1.6,-2.46,12000,762600,72.0,28.03
ISFT,ISFTBEN,95.86,93.5,93.5,-2.36,-2.46,2,187,114.95,54.05
ELEVATE,ELEVATEEQN,322.95,315.0,315.0,-7.95,-2.46,27166,8557290,372.75,290.1
DAICHI,DAICHIBEN,312.85,305.0,305.0,-7.85,-2.51,5,1525,380.0,229.9
LOVABLE,LOVABLEEQN,71.05,69.25,69.25,-1.8,-2.53,30,2077,101.95,55.0
IVP,IVPBEN,225.91,220.2,220.2,-5.71,-2.53,15,3303,232.0,110.0
MARALOVER,MARALOVEREQN,60.31,58.75,58.75,-1.56,-2.59,200,11750,68.89,34.11
IRCON,IRCONEQN,117.09,114.0,114.0,-3.09,-2.64,150312,17135568,186.44,101.6
AFIL,AFILEQN,7.93,7.72,7.72,-0.21,-2.65,2420,18682,11.1,3.92
KOTIC,KOTICEQN,152.7,148.66,148.66,-4.04,-2.65,50,7433,223.7,123.12
A2ZINFRA,A2ZINFRAEQN,14.93,14.53,14.53,-0.4,-2.68,50,726,19.39,12.0
SILVERBND,SILVERBNDEQN,220.06,214.1,214.1,-5.96,-2.71,10,2141,389.0,180.0
EIHAHOTELS,EIHAHOTELSEQN,297.15,289.0,289.0,-8.15,-2.74,7,2023,403.45,266.65
VIVIANA,VIVIANAEQN,704.35,685.0,685.0,-19.35,-2.75,166,113710,1162.5,565.0
SUNFLAG,SUNFLAGEQN,456.05,443.4,443.4,-12.65,-2.77,3198,1417993,471.0,192.15
DTIL,DTILBEN,152.21,148.0,148.0,-4.21,-2.77,1,148,193.79,102.0
SUNTV,SUNTVEQN,605.0,588.0,588.0,-17.0,-2.81,15450,9084600,663.9,447.2
ASTAR,ASTAREQN,679.7,660.0,660.0,-19.7,-2.9,3,1980,848.0,485.0
NDLVENTURE,NDLVENTUREEQN,123.95,120.12,120.12,-3.83,-3.09,8,960,140.0,80.0
PVP,PVPEQN,53.12,51.4,51.4,-1.72,-3.24,5323,273602,72.04,23.0
GOLDENTOBC,GOLDENTOBCBZN,23.46,22.7,22.7,-0.76,-3.24,2,45,36.5,20.34
BALKRISHNA,BALKRISHNAEQN,16.29,15.76,15.76,-0.53,-3.25,160,2521,25.33,12.0
SHRADHA,SHRADHAEQN,30.5,29.5,29.5,-1.0,-3.28,62,1829,51.81,26.34
BILVYAPAR,BILVYAPARBEN,4.25,4.11,4.11,-0.14,-3.29,1,4,13.8,3.8
TARAPUR,TARAPUREQN,12.16,11.76,11.76,-0.4,-3.29,7,82,39.99,10.8
STEL,STELEQN,570.1,551.3,551.3,-18.8,-3.3,9,4961,689.95,380.0
NTCIND,NTCINDEQN,134.54,130.0,130.0,-4.54,-3.37,2,260,155.0,126.3
NICCOPAR,NICCOPAREQN,81.36,78.6,78.6,-2.76,-3.39,50,3930,98.99,72.0
CUBEXTUB,CUBEXTUBBEN,174.84,168.8,168.8,-6.04,-3.45,5800,979040,184.0,73.1
PILITA,PILITAEQN,7.52,7.26,7.26,-0.26,-3.46,3,21,14.1,6.2
SWASTIKAIN,SWASTIKAINBEN,210.0,202.5,202.5,-7.5,-3.57,496890,100620225,220.5,199.5
ANAWIL,ANAWILSMN,478.5,460.2,460.2,-18.3,-3.82,4400,2024880,540.0,313.2
SGIL,SGILEQN,666.2,640.05,640.05,-26.15,-3.93,26,16641,697.95,420.0
AHLADA,AHLADAEQN,37.09,35.63,35.63,-1.46,-3.94,120,4275,66.44,31.22
BGRENERGY,BGRENERGYBEN,242.13,232.5,232.5,-9.63,-3.98,4368,1015560,490.8,218.0
RUCHINFRA,RUCHINFRAEQN,4.91,4.71,4.71,-0.2,-4.07,7593,35763,7.72,4.05
MTEDUCARE,MTEDUCAREBEN,1.72,1.65,1.65,-0.07,-4.07,90,148,2.53,1.17
ZENITHSTL,ZENITHSTLEQN,5.3,5.07,5.07,-0.23,-4.34,100,507,10.33,4.41
MOS,MOSSMN,6.9,6.6,6.6,-0.3,-4.35,4000,26400,28.55,5.1
SUPTANERY,SUPTANERYBEN,8.48,8.1,8.1,-0.38,-4.48,8357,67691,16.21,6.81
ICDSLTD,ICDSLTDBEN,48.88,46.6,46.6,-2.28,-4.66,99,4613,77.69,36.4
LEENEE,LEENEEBEN,7.58,7.22,7.22,-0.36,-4.75,100,722,11.48,6.81
RCDL,RCDLSMN,17.85,17.0,17.0,-0.85,-4.76,6000,102000,23.65,11.15
ROLLT,ROLLTBEN,4.98,4.74,4.74,-0.24,-4.82,3646,17282,6.57,1.07
KSHITIJPOL,KSHITIJPOLBEN,4.14,3.94,3.94,-0.2,-4.83,8083,31847,7.2,1.88
KDL,KDLSMN,49.65,47.2,47.2,-2.45,-4.93,1350,63720,233.25,49.65
KANDARP,KANDARPSMN,62.75,59.65,59.65,-3.1,-4.94,1000,59650,169.0,62.75
EMPOWER,EMPOWEREQN,1.62,1.54,1.54,-0.08,-4.94,184095,283506,2.82,1.3
AXIOMGAS,AXIOMGASSTN,46.4,44.1,44.1,-2.3,-4.96,12000,529200,57.0,46.4
TAKE,TAKEEQN,13.31,12.65,12.65,-0.66,-4.96,25243,319323,50.14,11.05
AHCL,AHCLEQN,34.58,32.86,32.86,-1.72,-4.97,246676,8105773,37.24,10.37
RHETAN,RHETANEQN,17.51,16.64,16.64,-0.87,-4.97,41444,689628,34.87,14.42
METALIC,METALICSTN,169.7,161.25,161.25,-8.45,-4.98,4800,774000,189.25,81.4
GANESHBE,GANESHBEBEN,130.94,124.4,124.4,-6.54,-4.99,2917,362874,143.0,68.4
QUINT,QUINTBEN,72.35,68.74,68.74,-3.61,-4.99,37,2543,90.0,33.45
GSPLTRANS,GSPLTRANSBEN,144.4,137.18,137.18,-7.22,-5.0,1127,154601,159.6,137.18
ESDS,ESDSEQN,1509.5,1434.1,1434.1,-75.4,-5.0,2748,3940906,1859.2,756.0
KAMANWALA,KAMANWALAEQN,16.9,16.0,16.0,-0.9,-5.33,101,1616,19.51,13.55
AVIENCE,AVIENCESMN,359.7,340.05,340.05,-19.65,-5.46,13200,4488660,414.95,222.0
MSL,MSLEQN,137.4,128.95,128.95,-8.45,-6.15,1,128,160.0,120.0
POLYSPIN,POLYSPINEQN,31.22,29.25,29.25,-1.97,-6.31,55,1608,36.49,27.53
ARMEE,ARMEEEQN,300.0,280.0,280.0,-20.0,-6.67,18735,5245800,375.0,258.5
SVLL,SVLLEQN,805.8,751.0,751.0,-54.8,-6.8,11,8261,897.45,445.15
PBMPOLY,PBMPOLYEQN,60.32,56.2,56.2,-4.12,-6.83,20,1124,72.2,56.2
HBESD,HBESDEQN,71.63,65.26,65.26,-6.37,-8.89,23,1500,95.9,60.26
TNTELE,TNTELEEQN,12.84,11.56,11.56,-1.28,-9.97,9227,106664,15.74,7.81
