symbol,identifier,previousClose,lastPrice,iep,change,pChange,finalQuantity,totalTurnover,yearHigh,yearLow
POLYSPIN,POLYSPINEQN,30.78,36.49,36.49,5.71,18.55,1,36,34.79,27.53
CUBEXTUB,CUBEXTUBEQN,125.82,138.4,138.4,12.58,10.0,29021,4016506,143.69,73.1
CRESTO,CRESTOEQN,20.14,21.8,21.8,1.66,8.24,2480,54064,28.45,14.35
TGBHOTELS,TGBHOTELSEQN,9.43,10.14,10.14,0.71,7.53,1,10,13.4,7.5
MITCON,MITCONEQN,82.62,88.5,88.5,5.88,7.12,12,1062,92.84,49.56
AASTHA,AASTHAEQN,89.77,96.0,96.0,6.23,6.94,67980,6526080,140.01,70.0
GKB,GKBEQN,69.73,74.0,74.0,4.27,6.12,15,1110,76.02,60.3
CHAVDA,CHAVDASMN,140.0,74.0,74.0,4.0,5.71,4000,296000,74.0,40.3
FILATFASH,FILATFASHEQN,0.18,0.19,0.19,0.01,5.56,5553176,1055103,0.64,0.14
ASIANTNE,ASIANTNEEQN,9.24,9.75,9.75,0.51,5.52,2,19,10.99,8.22
SWARAJ,SWARAJBEN,307.15,322.5,322.5,15.35,5.0,52480,16924800,386.75,158.5
AUROIMPEX,AUROIMPEXSMN,39.0,40.95,40.95,1.95,5.0,30400,1244880,53.95,21.25
AKANKSHA,AKANKSHASMN,151.1,158.65,158.65,7.55,5.0,4000,634600,151.1,57.0
SAHASRA,SAHASRASMN,389.0,408.45,408.45,19.45,5.0,4400,1797180,389.0,188.35
FONEBOX,FONEBOXSTN,152.1,159.7,159.7,7.6,5.0,3000,479100,152.1,57.0
JSIPL,JSIPLBEN,126.0,132.3,132.3,6.3,5.0,15687,2075390,0.0,0.0
GFSTEELS,GFSTEELSBEN,29.44,30.91,30.91,1.47,4.99,1300,40183,29.44,10.21
STLNETWORK,STLNETWORKEQN,49.7,52.18,52.18,2.48,4.99,320678,16732978,49.7,15.75
QUINT,QUINTBEN,84.58,88.8,88.8,4.22,4.99,135571,12038704,84.58,33.45
SKYTECH,SKYTECHSMN,29.1,30.55,30.55,1.45,4.98,3200,97760,74.0,22.8
SUMEETINDS,SUMEETINDSEQN,11.05,11.6,11.6,0.55,4.98,22811,264607,35.67,9.26
TICL,TICLBEN,5.83,6.12,6.12,0.29,4.97,125250,766530,33.99,5.33
DEEM,DEEMSTN,47.3,49.65,49.65,2.35,4.97,1000,49650,64.45,29.35
ARCL,ARCLEQN,255.79,268.5,268.5,12.71,4.97,50,13425,280.7,216.89
IEML,IEMLSTN,46.35,48.65,48.65,2.3,4.96,4500,218925,156.52,37.8
MARC,MARCSTN,148.05,155.4,155.4,7.35,4.96,1200,186480,159.45,40.75
LCCINFOTEC,LCCINFOTECEQN,3.84,4.03,4.03,0.19,4.95,9082,36600,5.89,2.88
ARMOUR,ARMOURSTN,18.25,19.15,19.15,0.9,4.93,2000,38300,45.6,15.8
KILITCH,KILITCHBEN,221.62,232.5,232.5,10.88,4.91,11549,2685142,221.62,117.25
RCDL,RCDLSMN,15.5,16.25,16.25,0.75,4.84,3000,48750,23.65,11.15
VISACHROME,VISACHROMEEQN,34.81,36.48,36.48,1.67,4.8,4183,152595,73.68,27.05
FASCINATE,FASCINATESMN,55.3,57.95,57.95,2.65,4.79,48000,2781600,120.8,43.45
KSHITIJPOL,KSHITIJPOLEQN,4.83,5.06,5.06,0.23,4.76,716613,3626061,7.2,1.88
NAGREEKEXP,NAGREEKEXPEQN,24.21,25.35,25.35,1.14,4.71,61235,1552307,35.9,17.5
AVANTEL,AVANTELEQN,146.17,153.0,153.0,6.83,4.67,93222,14262966,215.0,117.05
HEROMOTORS,HEROMOTORSEQN,98.4,103.0,103.0,4.6,4.67,2003637,206374611,0.0,0.0
GOLDSTAR,GOLDSTARSMN,9.7,10.15,10.15,0.45,4.64,67500,685125,9.95,4.5
SUPTANERY,SUPTANERYBEN,10.65,11.14,11.14,0.49,4.6,17788,198158,16.21,6.81
AGSTRA,AGSTRABZN,2.19,2.29,2.29,0.1,4.57,208,476,5.44,1.85
PREMIER,PREMIERBEN,2.85,2.98,2.98,0.13,4.56,100,298,3.88,2.56
TOYAMSL,TOYAMSLEQN,0.88,0.92,0.92,0.04,4.55,49000,45080,0.88,0.6
SOFTTECH,SOFTTECHEQN,491.85,513.0,513.0,21.15,4.3,2,1026,545.0,215.0
SMARTEN,SMARTENSMN,62.25,64.9,64.9,2.65,4.26,1200,77880,104.8,42.0
VIKRAN,VIKRANEQN,56.14,58.5,58.5,2.36,4.2,37783,2210305,118.4,51.1
LOYALTEX,LOYALTEXEQN,231.23,240.9,240.9,9.67,4.18,500,120450,333.99,170.04
MAXVOLT,MAXVOLTSMN,411.85,429.0,429.0,17.15,4.16,5200,2230800,509.0,224.1
STEL,STELEQN,640.6,667.0,667.0,26.4,4.12,2,1334,689.95,380.0
HITECHGEAR,HITECHGEARBEN,560.95,584.0,584.0,23.05,4.11,10,5840,897.45,521.25
FRONTSP,FRONTSPEQN,1394.6,1451.8,1451.8,57.2,4.1,10737,15587976,1869.0,1150.5
SGLRES,SGLRESEQN,2.44,2.54,2.54,0.1,4.1,10,25,2.74,2.27
PRAMARA,PRAMARASMN,93.1,96.9,96.9,3.8,4.08,1000,96900,374.8,82.5
LAKSHYA,LAKSHYASMN,98.0,102.0,102.0,4.0,4.08,1600,163200,165.9,73.15
RELTD,RELTDEQN,149.36,155.4,155.4,6.04,4.04,6151,955865,196.45,114.77
TIRUPATIFL,TIRUPATIFLBEN,78.34,81.5,81.5,3.16,4.03,139395,11360692,83.9,30.11
RUCHINFRA,RUCHINFRAEQN,5.25,5.46,5.46,0.21,4.0,900,4914,8.25,4.05
EASTSILK,EASTSILKBEN,68.51,71.25,71.25,2.74,4.0,101,7196,99.25,43.03
REFRACTORY,REFRACTORYSMN,36.55,38.0,38.0,1.45,3.97,1000,38000,61.2,23.15
AKI,AKIBEN,6.74,7.0,7.0,0.26,3.86,2736,19152,10.48,3.8
AURUS,AURUSEQN,4.67,4.85,4.85,0.18,3.85,3100,15035,6.95,4.1
AZADIND,AZADINDEQN,80.93,84.0,84.0,3.07,3.79,90,7560,98.99,70.41
APOORVA,APOORVAEQN,34.32,35.58,35.58,1.26,3.67,4,142,35.58,24.04
AMBALALSA,AMBALALSABEN,40.47,41.94,41.94,1.47,3.63,10001,419441,49.98,30.15
VGCL,VGCLEQN,47.18,48.89,48.89,1.71,3.62,200,9778,62.95,45.0
XTGLOBAL,XTGLOBALEQN,29.93,31.0,31.0,1.07,3.58,6363,197253,45.89,25.2
SITINET,SITINETBZN,0.28,0.29,0.29,0.01,3.57,2196,636,0.5,0.27
SHANTI,SHANTIEQN,5.7,5.9,5.9,0.2,3.51,11,64,12.26,4.7
MFML,MFMLEQN,18.22,18.84,18.84,0.62,3.4,10,188,34.5,17.3
RKEC,RKECEQN,19.04,19.67,19.67,0.63,3.31,1234,24272,81.5,17.4
DSFCL,DSFCLEQN,30.25,31.25,31.25,1.0,3.31,175,5468,52.5,17.28
PRAXIS,PRAXISEQN,4.28,4.42,4.42,0.14,3.27,1,4,14.44,3.91
LEXUS,LEXUSEQN,12.5,12.9,12.9,0.4,3.2,10,129,39.25,12.3
ANSALBU,ANSALBUEQN,100.14,103.3,103.3,3.16,3.16,150,15495,107.5,70.64
MANUGRAPH,MANUGRAPHEQN,23.52,24.26,24.26,0.74,3.15,12178,295438,24.26,9.65
MAZDA,MAZDABEN,254.85,262.8,262.8,7.95,3.12,818,214970,308.0,159.2
GOLDTECH,GOLDTECHBEN,44.08,45.44,45.44,1.36,3.09,232,10542,70.0,29.68
SSRETAIL,SSRETAILEQN,748.8,771.95,771.95,23.15,3.09,132297,102126669,0.0,0.0
ONEPOINT,ONEPOINTEQN,68.41,70.5,70.5,2.09,3.06,101180,7133190,70.5,40.58
SHEKHAWATI,SHEKHAWATIBEN,24.85,25.6,25.6,0.75,3.02,3056,78233,24.85,9.12
COOLCAPS,COOLCAPSSMN,24.95,25.7,25.7,0.75,3.01,1250,32125,99.5,19.0
OPTIVALUE,OPTIVALUESTN,223.45,230.0,230.0,6.55,2.93,41600,9568000,223.45,56.05
KSE,KSEEQN,178.79,184.0,184.0,5.21,2.91,1,184,205.0,173.31
TIGERLOGS,TIGERLOGSEQN,26.87,27.65,27.65,0.78,2.9,6,165,54.37,22.9
MURUDCERA,MURUDCERAEQN,29.06,29.9,29.9,0.84,2.89,1,29,46.0,25.16
LEMERITE,LEMERITEEQN,19.88,20.45,20.45,0.57,2.87,1,20,107.57,17.73
MAXESTATES,MAXESTATESEQN,603.2,620.35,620.35,17.15,2.84,6648,4124086,623.0,305.45
TECHNVISN,TECHNVISNEQN,4181.5,4300.0,4300.0,118.5,2.83,2,8600,6198.0,3222.8
ARSHIYA,ARSHIYABZN,0.71,0.73,0.73,0.02,2.82,500,365,2.12,0.68
AFIL,AFILEQN,8.22,8.45,8.45,0.23,2.8,1,8,11.1,3.92
PRIORITY,PRIORITYEQN,263.35,270.6,270.6,7.25,2.75,6679,1807337,268.2,209.61
WCIL,WCILEQN,97.33,99.99,99.99,2.66,2.73,7775,777422,146.97,77.02
IL&FSTRANS,IL&FSTRANSBZN,1.83,1.88,1.88,0.05,2.73,60,112,3.25,1.75
VHLTD,VHLTDBEN,126.49,129.9,129.9,3.41,2.7,15,1948,145.2,108.79
GOYALALUM,GOYALALUMEQN,5.92,6.08,6.08,0.16,2.7,106,644,11.37,5.3
VINEETLAB,VINEETLABEQN,34.82,35.75,35.75,0.93,2.67,85,3038,43.5,27.96
NILAINFRA,NILAINFRAEQN,6.82,7.0,7.0,0.18,2.64,688,4816,11.55,5.9
SWISSMLTRY,SWISSMLTRYBEN,14.03,14.4,14.4,0.37,2.64,1568,22579,18.5,13.0
REMSONSIND,REMSONSINDEQN,99.87,102.5,102.5,2.63,2.63,2940,301350,152.45,75.23
RNBDENIMS,RNBDENIMSBEN,9.13,9.37,9.37,0.24,2.63,312,2923,67.67,7.72
CIFL,CIFLEQN,21.34,21.9,21.9,0.56,2.62,2796,61232,39.69,18.56
ADROITINFO,ADROITINFOEQN,13.53,13.88,13.88,0.35,2.59,1613,22388,14.29,7.55
DCMSIL,DCMSILEQN,77.46,79.45,79.45,1.99,2.57,1692,134429,105.27,49.5
LIBERTSHOE,LIBERTSHOEEQN,235.48,241.4,241.4,5.92,2.51,932,224984,368.8,210.5
MOLDTECH,MOLDTECHBEN,199.88,204.9,204.9,5.02,2.51,1951,399759,227.0,101.1
DUCON,DUCONEQN,1.6,1.64,1.64,0.04,2.5,222981,365688,4.09,1.15
JAYBARMARU,JAYBARMARUEQN,116.1,119.0,119.0,2.9,2.5,19523,2323237,207.0,74.15
PRITI,PRITIEQN,33.17,33.99,33.99,0.82,2.47,20,679,85.0,31.0
ZENITHSTL,ZENITHSTLEQN,5.34,5.47,5.47,0.13,2.43,139,760,10.33,4.41
CYBERMEDIA,CYBERMEDIABEN,20.67,21.16,21.16,0.49,2.37,405,8569,28.99,11.3
HBSL,HBSLEQN,55.68,57.0,57.0,1.32,2.37,2,114,108.8,42.63
BIRLAPREC,BIRLAPRECBEN,56.67,58.0,58.0,1.33,2.35,6556,380248,63.49,32.25
NATIONSTD,NATIONSTDEQN,113.38,116.0,116.0,2.62,2.31,80,9280,1519.95,98.27
OMAXAUTO,OMAXAUTOEQN,209.94,214.69,214.69,4.75,2.26,539,115717,263.4,84.5
VIRTUALG,VIRTUALGBEN,0.45,0.46,0.46,0.01,2.22,144,66,0.6,0.4
MADHAVIPL,MADHAVIPLEQN,7.67,7.84,7.84,0.17,2.22,125,980,9.9,6.95
COUNCODOS,COUNCODOSBEN,6.38,6.52,6.52,0.14,2.19,751,4896,7.85,3.71
DANISH,DANISHSMN,1003.2,1025.0,1025.0,21.8,2.17,2250,2306250,1094.9,550.5
ORIANA,ORIANASMN,308.3,315.0,315.0,6.7,2.17,6375,2008125,612.8,234.99
SCPL,SCPLBEN,650.0,663.95,663.95,13.95,2.15,31,20582,690.0,190.03
BTML,BTMLEQN,7.15,7.3,7.3,0.15,2.1,1,7,10.12,5.06
SALSTEEL,SALSTEELEQN,85.02,86.8,86.8,1.78,2.09,18541,1609358,86.25,26.1
PPL,PPLBEN,272.25,277.95,277.95,5.7,2.09,84,23347,334.4,163.21
GATECHDVR,GATECHDVRBEN,0.48,0.49,0.49,0.01,2.08,736,360,0.67,0.36
RPSGVENT,RPSGVENTEQN,851.75,869.0,869.0,17.25,2.03,500,434500,1179.0,551.9
LKPSEC,LKPSECEQN,15.27,15.58,15.58,0.31,2.03,35,545,18.43,14.01
DEVIT,DEVITEQN,23.24,23.71,23.71,0.47,2.02,1501,35588,44.44,22.25
SAMBHAAV,SAMBHAAVEQN,5.98,6.1,6.1,0.12,2.01,13,79,11.53,5.07
STEELXIND,STEELXINDEQN,12.01,12.25,12.25,0.24,2.0,86799,1063287,13.95,7.0
MALUPAPER,MALUPAPEREQN,31.99,32.63,32.63,0.64,2.0,2,65,44.11,27.0
KALPATARU,KALPATARUEQN,272.55,278.0,278.0,5.45,2.0,770,214060,410.7,250.0
MBECL,MBECLBEN,438.69,447.46,447.46,8.77,2.0,399,178536,438.69,213.0
MAHASTEEL,MAHASTEELBEN,1156.8,1179.8,1179.8,23.0,1.99,26,30674,1421.0,393.0
GVKPIL,GVKPILBEN,2.53,2.58,2.58,0.05,1.98,1852,4778,3.82,2.04
HINDADH,HINDADHEQN,380.4,387.9,387.9,7.5,1.97,6,2327,402.65,335.55
ODYCORP,ODYCORPEQN,7.13,7.27,7.27,0.14,1.96,15,109,8.48,5.71
KRONOX,KRONOXBEN,187.39,191.0,191.0,3.61,1.93,1571,300061,223.42,96.0
VOEPL,VOEPLEQN,515.1,525.0,525.0,9.9,1.92,1402,736050,593.45,428.65
LORDSCHLO,LORDSCHLOEQN,137.38,140.0,140.0,2.62,1.91,1,140,233.0,108.0
BCPL,BCPLEQN,69.47,70.8,70.8,1.33,1.91,215,15222,92.0,60.0
AGL,AGLEQN,14.22,14.49,14.49,0.27,1.9,29842,432410,22.0,12.03
PRAKASHSTL,PRAKASHSTLEQN,3.72,3.79,3.79,0.07,1.88,44,166,6.57,3.48
BYKE,BYKEEQN,30.35,30.92,30.92,0.57,1.88,30,927,73.06,26.25
IMPEXFERRO,IMPEXFERROBZN,5.91,6.02,6.02,0.11,1.86,40291,242551,5.91,1.3
DANGEE,DANGEEEQN,2.7,2.75,2.75,0.05,1.85,234,643,5.08,2.53
LANDSMILL,LANDSMILLEQN,0.54,0.55,0.55,0.01,1.85,12481,6864,1.72,0.54
MILKYMIST,MILKYMISTEQN,317.25,323.0,323.0,5.75,1.81,76045,24562535,317.25,165.0
BPL,BPLEQN,45.09,45.9,45.9,0.81,1.8,210,9639,84.0,37.61
GLOBE,GLOBEEQN,2.24,2.28,2.28,0.04,1.79,4138,9434,3.29,1.75
ABANSENT,ABANSENTEQN,26.86,27.34,27.34,0.48,1.79,370,10115,48.85,22.3
MANOMAY,MANOMAYEQN,224.48,228.48,228.48,4.0,1.78,800,182784,259.88,160.25
TRITONV,TRITONVEQN,1133.8,1154.0,1154.0,20.2,1.78,2,2308,1219.3,1020.0
LAL,LALEQN,8.57,8.72,8.72,0.15,1.75,102,889,11.83,5.56
UFO,UFOEQN,60.64,61.7,61.7,1.06,1.75,250,15425,92.97,53.75
JKIPL,JKIPLEQN,100.25,102.0,102.0,1.75,1.75,101,10302,126.95,45.4
EKI,EKIEQN,82.54,83.98,83.98,1.44,1.74,4988,418892,82.54,67.0
LALITHAA,LALITHAAEQN,352.9,359.0,359.0,6.1,1.73,228638,82081042,352.9,240.35
SUNDARAM,SUNDARAMEQN,1.17,1.19,1.19,0.02,1.71,438,521,2.2,1.03
GAUDIUMIVF,GAUDIUMIVFEQN,117.69,119.7,119.7,2.01,1.71,502,60089,163.18,69.18
ZUARIIND,ZUARIINDEQN,278.9,283.65,283.65,4.75,1.7,695,197136,416.0,210.0
ATMASTCO,ATMASTCOSMN,121.6,123.65,123.65,2.05,1.69,1200,148380,229.9,98.0
EMMBI,EMMBIBEN,88.71,90.19,90.19,1.48,1.67,226,20382,116.9,60.3
RADIOCITY,RADIOCITYEQN,6.04,6.14,6.14,0.1,1.66,203,1246,9.0,4.5
SASKEN,SASKENEQN,1780.6,1809.9,1809.9,29.3,1.65,2,3619,2780.2,991.0
LPDC,LPDCEQN,6.66,6.77,6.77,0.11,1.65,6,40,9.46,5.23
KIRANVYPAR,KIRANVYPAREQN,215.1,218.65,218.65,3.55,1.65,1,218,221.78,148.27
ORIENTTECH,ORIENTTECHEQN,238.06,241.95,241.95,3.89,1.63,2947,713026,466.73,220.8
RKSWAMY,RKSWAMYEQN,92.45,93.95,93.95,1.5,1.62,10,939,158.02,67.15
CROWN,CROWNEQN,122.53,124.5,124.5,1.97,1.61,15,1867,168.7,100.11
AMEYA,AMEYASMN,161.9,164.5,164.5,2.6,1.61,2000,329000,164.95,86.0
ONEGLOBAL,ONEGLOBALEQN,543.35,552.0,552.0,8.65,1.59,15,8280,580.0,494.0
BRAHMINFRA,BRAHMINFRAEQN,154.55,157.0,157.0,2.45,1.59,1,157,184.0,142.1
SIGNPOST,SIGNPOSTEQN,273.9,278.2,278.2,4.3,1.57,944,262620,336.8,191.41
SURANAT&P,SURANAT&PEQN,16.04,16.29,16.29,0.25,1.56,149,2427,24.12,15.5
SARLAPOLY,SARLAPOLYEQN,100.03,101.59,101.59,1.56,1.56,5,507,111.0,68.4
OSELDEVICE,OSELDEVICESMN,404.65,410.95,410.95,6.3,1.56,200,82190,835.0,349.75
VIRAT,VIRATEQN,371.2,377.0,377.0,5.8,1.56,25,9425,494.4,268.05
PARSVNATH,PARSVNATHBEN,1.93,1.96,1.96,0.03,1.55,2000,3920,18.75,1.35
SILVER001,SILVER001EQN,23.19,23.55,23.55,0.36,1.55,1000,23550,28.0,22.0
KNAGRI,KNAGRIEQN,211.63,214.9,214.9,3.27,1.55,200,42980,244.0,148.3
AVROIND,AVROINDEQN,7.13,7.24,7.24,0.11,1.54,787,5697,15.99,7.02
HLVLTD,HLVLTDEQN,6.59,6.69,6.69,0.1,1.52,119,796,12.09,5.6
TREL,TRELEQN,27.78,28.2,28.2,0.42,1.51,1050,29610,33.51,21.47
HPAL,HPALEQN,35.65,36.19,36.19,0.54,1.51,256,9264,53.0,26.52
KRISHANA,KRISHANAEQN,188.15,190.98,190.98,2.83,1.5,7205,1376010,206.39,86.2
AERONEU,AERONEUEQN,67.2,68.2,68.2,1.0,1.49,740,50468,105.5,63.21
VENTIVE,VENTIVEEQN,578.35,586.9,586.9,8.55,1.48,151,88621,793.95,542.6
GLOBALVECT,GLOBALVECTEQN,137.46,139.5,139.5,2.04,1.48,11,1534,248.0,123.0
SPCENET,SPCENETEQN,3.39,3.44,3.44,0.05,1.47,2101,7227,11.24,3.0
ORCHASP,ORCHASPEQN,1.37,1.39,1.39,0.02,1.46,8282,11511,4.16,1.25
LANCORHOL,LANCORHOLBEN,34.97,35.48,35.48,0.51,1.46,82,2909,41.75,18.12
MANAKALUCO,MANAKALUCOEQN,35.96,36.48,36.48,0.52,1.45,300,10944,68.12,21.73
JAYBEE,JAYBEESMN,95.05,96.4,96.4,1.35,1.42,1500,144600,216.0,70.0
GHCL,GHCLEQN,424.0,430.0,430.0,6.0,1.42,4423,1901890,667.2,415.0
DPSCLTD,DPSCLTDBEN,7.09,7.19,7.19,0.1,1.41,1621,11654,13.31,6.84
FERMENTA,FERMENTAEQN,475.5,482.2,482.2,6.7,1.41,10,4822,580.45,248.85
AFSL,AFSLEQN,204.56,207.4,207.4,2.84,1.39,25,5185,227.0,194.41
SHYAMCENT,SHYAMCENTBEN,5.02,5.09,5.09,0.07,1.39,100,509,8.0,3.68
AXITA,AXITAEQN,8.0,8.11,8.11,0.11,1.38,92353,748982,12.2,6.57
RAMAPHO,RAMAPHOEQN,123.21,124.9,124.9,1.69,1.37,25,3122,217.19,103.5
NIBL,NIBLEQN,33.52,33.98,33.98,0.46,1.37,13,441,40.8,25.3
QUALIANCE,QUALIANCESTN,182.5,185.0,185.0,2.5,1.37,11000,2035000,236.1,173.65
MGEL,MGELEQN,15.49,15.7,15.7,0.21,1.36,6,94,18.4,9.53
FAZE3Q,FAZE3QEQN,438.05,444.0,444.0,5.95,1.36,20,8880,650.05,322.1
STERTOOLS,STERTOOLSBEN,221.96,224.98,224.98,3.02,1.36,10,2249,335.7,155.0
MITTAL,MITTALEQN,0.74,0.75,0.75,0.01,1.35,333,249,1.69,0.7
ASHOKAMET,ASHOKAMETEQN,15.54,15.75,15.75,0.21,1.35,2002,31531,19.4,12.13
PILITA,PILITAEQN,7.43,7.53,7.53,0.1,1.35,20,150,14.65,6.2
ELANTAS,ELANTASEQN,14308.0,14499.0,14499.0,191.0,1.33,1,14499,15150.0,8900.0
HAWKINCOOK,HAWKINCOOKEQN,7992.0,8098.0,8098.0,106.0,1.33,3,24294,9600.0,7109.0
PREMIERPOL,PREMIERPOLEQN,96.72,98.0,98.0,1.28,1.32,16683,1634934,98.8,38.0
ANNAPURNA,ANNAPURNAEQN,130.68,132.4,132.4,1.72,1.32,3,397,287.0,120.75
KAMDHENU,KAMDHENUEQN,40.77,41.3,41.3,0.53,1.3,142,5864,43.7,16.15
ECORECO,ECORECOEQN,419.55,425.0,425.0,5.45,1.3,130,55250,494.9,415.1
SIL,SILEQN,17.13,17.35,17.35,0.22,1.28,2653,46029,22.3,11.7
SAHLIBHFI,SAHLIBHFIEQN,76.03,77.0,77.0,0.97,1.28,206,15862,91.95,66.6
JITFINFRA,JITFINFRAEQN,280.45,284.0,284.0,3.55,1.27,12,3408,433.15,222.35
NOIDATOLL,NOIDATOLLEQN,3.93,3.98,3.98,0.05,1.27,401,1595,7.43,2.87
TAINWALCHM,TAINWALCHMEQN,214.31,217.0,217.0,2.69,1.26,26,5642,257.0,155.0
SUYOG,SUYOGEQN,671.55,680.0,680.0,8.45,1.26,41,27880,921.15,526.5
HALDYNGL,HALDYNGLBEN,147.83,149.7,149.7,1.87,1.26,782,117065,149.79,85.0
NOVAAGRI,NOVAAGRIEQN,23.11,23.4,23.4,0.29,1.25,3058,71557,51.99,18.12
AWL,AWLEQN,186.18,188.49,188.49,2.31,1.24,37707,7107392,282.9,171.19
RELIABLE,RELIABLEEQN,145.7,147.5,147.5,1.8,1.24,4,590,175.0,104.74
VIPCLOTHNG,VIPCLOTHNGEQN,21.72,21.99,21.99,0.27,1.24,505,11104,41.19,14.05
TEXINFRA,TEXINFRAEQN,123.47,125.0,125.0,1.53,1.24,10779,1347375,126.59,82.5
UNITEDPOLY,UNITEDPOLYEQN,45.94,46.5,46.5,0.56,1.22,250,11625,51.16,20.6
BLISSGVS,BLISSGVSBEN,699.2,707.75,707.75,8.55,1.22,229,162074,728.0,118.0
NDTV,NDTVEQN,71.11,71.96,71.96,0.85,1.2,434,31230,131.9,58.75
DHARIWAL,DHARIWALSMN,25.0,25.3,25.3,0.3,1.2,3000,75900,48.3,16.55
AVANCE,AVANCEEQN,0.83,0.84,0.84,0.01,1.2,34019,28575,0.94,0.75
HPL,HPLEQN,280.55,283.9,283.9,3.35,1.19,1053,298946,505.0,255.55
AVONMORE,AVONMOREEQN,13.48,13.64,13.64,0.16,1.19,21,286,20.39,9.05
ATLANTAELE,ATLANTAELEEQN,1656.3,1676.0,1676.0,19.7,1.19,78,130728,2152.6,707.6
SAIFL,SAIFLSMN,4.25,4.3,4.3,0.05,1.18,4000,17200,20.25,4.15
FEDDERSHOL,FEDDERSHOLEQN,67.22,68.01,68.01,0.79,1.18,15726,1069525,72.77,32.06
ITL,ITLEQN,364.75,369.0,369.0,4.25,1.17,7,2583,378.95,311.1
ASHIMASYN,ASHIMASYNEQN,15.81,15.99,15.99,0.18,1.14,2,31,24.38,11.5
SUNFLAG,SUNFLAGEQN,390.55,395.0,395.0,4.45,1.14,47025,18574875,428.0,192.15
MIDWESTLTD,MIDWESTLTDEQN,993.4,1004.7,1004.7,11.3,1.14,1,1004,1859.9,951.0
3IINFOLTD,3IINFOLTDBEN,25.74,26.03,26.03,0.29,1.13,653,16997,27.8,12.68
CHEVIOT,CHEVIOTEQN,1176.7,1190.0,1190.0,13.3,1.13,9,10710,1370.5,898.0
CENTEXT,CENTEXTEQN,18.79,19.0,19.0,0.21,1.12,6591,125229,31.59,14.25
KESORAMIND,KESORAMINDBEN,11.57,11.7,11.7,0.13,1.12,10981,128477,14.26,4.55
INVENTURE,INVENTUREEQN,0.9,0.91,0.91,0.01,1.11,15977,14539,1.61,0.72
APCL,APCLEQN,95.93,96.99,96.99,1.06,1.1,12,1163,148.78,93.2
TUTIALKA,TUTIALKAEQN,55.64,56.25,56.25,0.61,1.1,90,5062,62.9,52.0
HEGAM,HEGAMEQN,237.3,239.9,239.9,2.6,1.1,1893,454130,753.9,214.1
SARVESHWAR,SARVESHWAREQN,3.66,3.7,3.7,0.04,1.09,21233,78562,6.71,2.5
RAJRILTD,RAJRILTDBEN,20.17,20.39,20.39,0.22,1.09,6,122,28.9,19.41
KRIDHANINF,KRIDHANINFEQN,1.84,1.86,1.86,0.02,1.09,2438,4534,4.78,1.79
NAVKARURB,NAVKARURBEQN,0.93,0.94,0.94,0.01,1.08,4152,3902,2.7,0.7
NECLIFE,NECLIFEEQN,11.06,11.18,11.18,0.12,1.08,30,335,22.4,9.3
BIGBLOC,BIGBLOCEQN,39.97,40.4,40.4,0.43,1.08,1,40,80.0,38.0
ANMOL,ANMOLBEN,13.85,14.0,14.0,0.15,1.08,150,2100,18.55,8.4
GENSOL,GENSOLBZN,16.77,16.95,16.95,0.18,1.07,5,84,41.52,16.4
PRITIKAUTO,PRITIKAUTOBEN,16.33,16.5,16.5,0.17,1.04,600,9900,20.99,10.41
DRCSYSTEMS,DRCSYSTEMSEQN,12.67,12.8,12.8,0.13,1.03,100,1280,21.5,11.5
JUBLCPL,JUBLCPLEQN,2202.4,2225.0,2225.0,22.6,1.03,14,31150,2753.1,1460.0
MAANALU,MAANALUEQN,103.93,105.0,105.0,1.07,1.03,10,1050,184.74,100.2
JAGSNPHARM,JAGSNPHARMEQN,225.63,227.9,227.9,2.27,1.01,1590,362361,264.5,155.0
NATHBIOGEN,NATHBIOGENEQN,148.02,149.5,149.5,1.48,1.0,5,747,204.0,126.15
ARIHANTCAP,ARIHANTCAPEQN,94.06,95.0,95.0,0.94,1.0,4293,407835,120.0,56.97
VIRINCHI,VIRINCHIEQN,14.03,14.17,14.17,0.14,1.0,10,141,31.5,13.6
SAICAPI,SAICAPIEQN,155.69,157.25,157.25,1.56,1.0,1,157,170.05,133.5
DPWIRES,DPWIRESBEN,161.94,163.56,163.56,1.62,1.0,120,19627,264.99,125.02
SPENCERS,SPENCERSEQN,29.44,29.73,29.73,0.29,0.99,1,29,61.4,24.38
TNTELE,TNTELEEQN,9.06,9.15,9.15,0.09,0.99,16,146,15.74,7.81
KRITINUT,KRITINUTEQN,80.21,81.0,81.0,0.79,0.98,150,12150,102.99,51.36
VETO,VETOEQN,145.57,147.0,147.0,1.43,0.98,415,61005,153.95,82.32
PCJEWELLER,PCJEWELLEREQN,14.47,14.61,14.61,0.14,0.97,4030144,58880403,14.86,7.47
CREATIVEYE,CREATIVEYEEQN,6.19,6.25,6.25,0.06,0.97,600,3750,8.82,5.16
COMPUSOFT,COMPUSOFTEQN,13.35,13.48,13.48,0.13,0.97,101,1361,20.5,12.0
ESSENTIA,ESSENTIAEQN,1.03,1.04,1.04,0.01,0.97,70796,73627,1.96,0.95
SHINDL,SHINDLEQN,164.13,165.73,165.73,1.6,0.97,222,36792,179.99,130.6
BHAGYANGR,BHAGYANGREQN,444.65,448.9,448.9,4.25,0.96,2961,1329192,467.9,90.0
ORKLAINDIA,ORKLAINDIAEQN,557.45,562.8,562.8,5.35,0.96,94,52903,760.0,533.25
EVERESTIND,EVERESTINDBEN,445.65,449.9,449.9,4.25,0.95,105,47239,750.0,284.9
RITCO,RITCOEQN,289.75,292.5,292.5,2.75,0.95,1,292,331.15,167.1
KABRAEXTRU,KABRAEXTRUEQN,732.85,739.8,739.8,6.95,0.95,7040,5208192,741.9,180.0
SPUNWEB,SPUNWEBSMN,101.05,102.0,102.0,0.95,0.94,1200,122400,165.0,80.0
SUMAX,SUMAXSMN,106.6,107.6,107.6,1.0,0.94,1200,129120,132.75,101.2
CNL,CNLEQN,1146.1,1156.9,1156.9,10.8,0.94,44,50903,1328.0,525.0
ELGIRUBCO,ELGIRUBCOEQN,59.35,59.9,59.9,0.55,0.93,1,59,72.0,32.72
TIJARIA,TIJARIABEN,6.53,6.59,6.59,0.06,0.92,10,65,9.8,3.55
DMCC,DMCCEQN,296.3,299.0,299.0,2.7,0.91,2000,598000,332.9,191.35
OSIAHYPER,OSIAHYPERBEN,2.2,2.22,2.22,0.02,0.91,159,352,30.75,2.16
AKIKO,AKIKOSMN,438.0,441.95,441.95,3.95,0.9,800,353560,445.0,190.25
ZFSTEERING,ZFSTEERINGEQN,703.65,710.0,710.0,6.35,0.9,1,710,894.98,620.65
MBAPL,MBAPLEQN,167.51,169.0,169.0,1.49,0.89,6504,1099176,174.94,74.63
MODISONLTD,MODISONLTDBEN,472.8,477.0,477.0,4.2,0.89,3049,1454373,546.0,114.0
GTLINFRA,GTLINFRAEQN,1.14,1.15,1.15,0.01,0.88,428079,492290,1.67,0.96
KRSNAA,KRSNAAEQN,560.05,565.0,565.0,4.95,0.88,70,39550,894.4,515.0
DOLPHIN,DOLPHINEQN,723.55,729.9,729.9,6.35,0.88,488,356191,749.5,322.0
OCCLLTD,OCCLLTDBEN,155.17,156.5,156.5,1.33,0.86,100,15650,183.03,75.71
SEKURITIND,SEKURITINDEQN,113.82,114.8,114.8,0.98,0.86,130,14924,124.65,105.05
CMLL,CMLLEQN,504.65,509.0,509.0,4.35,0.86,7411,3772199,624.4,460.0
VARDMNPOLY,VARDMNPOLYEQN,5.91,5.96,5.96,0.05,0.85,2,11,9.49,5.1
PASUPTAC,PASUPTACEQN,79.82,80.49,80.49,0.67,0.84,2024,162911,81.29,40.41
EASTWEST,EASTWESTEQN,2.39,2.41,2.41,0.02,0.84,600,1446,2.68,2.05
LALPATHLAB,LALPATHLABEQN,1924.3,1940.0,1940.0,15.7,0.82,2647,5135180,2038.6,1272.6
HMT,HMTBZN,63.73,64.25,64.25,0.52,0.82,9,578,72.95,41.0
LAMBODHARA,LAMBODHARAEQN,119.93,120.9,120.9,0.97,0.81,200,24180,151.96,81.8
BLUESTONE,BLUESTONEEQN,855.5,862.45,862.45,6.95,0.81,47104,40624844,969.9,399.8
GNA,GNAEQN,596.65,601.5,601.5,4.85,0.81,15887,9556030,601.65,295.0
RAJOOENG,RAJOOENGBEN,55.25,55.7,55.7,0.45,0.81,108,6015,95.8,46.0
WEBELSOLAR,WEBELSOLAREQN,73.93,74.52,74.52,0.59,0.8,30346,2261383,137.9,50.4
FIBERWEB,FIBERWEBEQN,26.48,26.69,26.69,0.21,0.79,203,5418,47.7,25.07
MAXIND,MAXINDEQN,149.82,151.0,151.0,1.18,0.79,67,10117,241.57,120.0
BDL,BDLEQN,1161.0,1170.0,1170.0,9.0,0.78,25022,29275740,1633.5,1086.0
ORIRAIL,ORIRAILEQN,126.81,127.8,127.8,0.99,0.78,1363,174191,142.0,102.8
SHIVALIK,SHIVALIKEQN,431.65,435.0,435.0,3.35,0.78,914,397590,474.95,206.4
MEDICO,MEDICOEQN,32.65,32.9,32.9,0.25,0.77,85,2796,56.88,30.22
ELITECON,ELITECONEQN,9.13,9.2,9.2,0.07,0.77,89111,819821,46.4,7.08
TAKE,TAKEEQN,15.86,15.98,15.98,0.12,0.76,89,1422,50.14,10.11
TVSELECT,TVSELECTEQN,391.8,394.7,394.7,2.9,0.74,3,1184,739.35,336.2
DSSL,DSSLEQN,1030.4,1038.0,1038.0,7.6,0.74,30,31140,1924.8,781.0
SANOFI,SANOFIEQN,3052.4,3075.0,3075.0,22.6,0.74,447,1374525,5050.0,3049.0
A2ZINFRA,A2ZINFRAEQN,14.79,14.9,14.9,0.11,0.74,100,1490,19.39,12.0
AYE,AYEEQN,180.66,181.99,181.99,1.33,0.74,3057,556343,197.29,88.22
PYRAMID,PYRAMIDEQN,159.33,160.5,160.5,1.17,0.73,600,96300,198.69,131.8
WARDINMOBI,WARDINMOBIEQN,5.66,5.7,5.7,0.04,0.71,2778,15834,6.99,4.69
SUMIT,SUMITEQN,49.91,50.26,50.26,0.35,0.7,4,201,104.0,31.74
K2INFRA,K2INFRASMN,42.7,43.0,43.0,0.3,0.7,1200,51600,82.6,40.2
HINDOILEXP,HINDOILEXPEQN,173.58,174.78,174.78,1.2,0.69,4884,853625,201.44,117.5
TRIVENI,TRIVENIEQN,242.35,244.0,244.0,1.65,0.68,1585,386740,490.1,220.05
BHANDARI,BHANDARIEQN,2.95,2.97,2.97,0.02,0.68,7,20,4.5,2.0
MOS,MOSSMN,7.3,7.35,7.35,0.05,0.68,28000,205800,28.55,5.1
MADRASFERT,MADRASFERTEQN,61.47,61.89,61.89,0.42,0.68,25,1547,89.81,52.56
TIIL,TIILEQN,3019.9,3040.0,3040.0,20.1,0.67,378,1149120,3565.3,1868.5
BECTORFOOD,BECTORFOODEQN,219.3,220.77,220.77,1.47,0.67,7019,1549584,279.9,165.0
RATNAVEER,RATNAVEEREQN,331.4,333.6,333.6,2.2,0.66,57136,19060569,343.75,130.5
CENTRUM,CENTRUMEQN,21.21,21.35,21.35,0.14,0.66,223,4761,37.6,19.66
GANGAFORGE,GANGAFORGEEQN,1.55,1.56,1.56,0.01,0.65,22106,34485,3.29,1.53
SHREDIGCEM,SHREDIGCEMEQN,68.8,69.25,69.25,0.45,0.65,2001,138569,97.15,53.9
GUJTHEM,GUJTHEMEQN,410.75,413.4,413.4,2.65,0.65,500,206700,479.0,225.05
GLOTTIS,GLOTTISEQN,58.1,58.48,58.48,0.38,0.65,468,27368,93.0,37.0
ARIES,ARIESBEN,466.95,470.0,470.0,3.05,0.65,100,47000,524.75,285.35
AAATECH,AAATECHEQN,93.56,94.16,94.16,0.6,0.64,25,2354,136.0,76.11
KECL,KECLEQN,120.24,121.0,121.0,0.76,0.63,108,13068,155.0,75.47
YUKEN,YUKENEQN,1138.9,1146.0,1146.0,7.1,0.62,24,27504,1153.85,584.1
KOVAI,KOVAIEQN,6160.5,6199.0,6199.0,38.5,0.62,3,18597,6444.0,5275.5
AJOONI,AJOONIEQN,3.28,3.3,3.3,0.02,0.61,2485,8200,5.71,3.02
MARATHON,MARATHONEQN,419.4,421.9,421.9,2.5,0.6,1,421,680.0,344.05
BBTCL,BBTCLEQN,231.3,232.69,232.69,1.39,0.6,50,11634,262.0,156.0
HIMATSEIDE,HIMATSEIDEEQN,67.87,68.28,68.28,0.41,0.6,8797,600659,130.49,61.09
OSWALPUMPS,OSWALPUMPSEQN,284.25,285.95,285.95,1.7,0.6,6408,1832367,802.9,266.45
LANCER,LANCEREQN,11.78,11.85,11.85,0.07,0.59,77,912,13.8,10.1
SEIL,SEILEQN,197.86,199.0,199.0,1.14,0.58,100,19900,239.96,172.9
SOLEX,SOLEXEQN,735.2,739.45,739.45,4.25,0.58,734,542756,1985.0,651.2
MENONBE,MENONBEBEN,301.25,303.0,303.0,1.75,0.58,111,33633,330.0,101.5
JMA,JMAEQN,89.89,90.4,90.4,0.51,0.57,52,4700,103.7,70.25
RANASUG,RANASUGEQN,14.06,14.14,14.14,0.08,0.57,52,735,16.45,10.21
PRIMO,PRIMOEQN,22.92,23.05,23.05,0.13,0.57,7,161,26.9,16.1
ANDREWYU,ANDREWYUEQN,28.09,28.25,28.25,0.16,0.57,1199,33871,30.49,24.51
BMWVENTLTD,BMWVENTLTDEQN,51.2,51.49,51.49,0.29,0.57,62,3192,78.0,48.0
ETHOSLTD,ETHOSLTDEQN,2660.2,2675.2,2675.2,15.0,0.56,46,123059,3245.9,1919.4
DEN,DENEQN,26.84,26.99,26.99,0.15,0.56,151,4075,36.11,22.52
KOTHARIPET,KOTHARIPETEQN,136.81,137.58,137.58,0.77,0.56,112,15408,155.47,94.75
ORIENTBELL,ORIENTBELLEQN,391.5,393.7,393.7,2.2,0.56,4,1574,434.95,246.55
ASIANHOTNR,ASIANHOTNREQN,390.45,392.65,392.65,2.2,0.56,1,392,423.8,247.5
ACMESOLAR,ACMESOLAREQN,452.3,454.8,454.8,2.5,0.55,5434,2471383,476.9,195.9
AARTECH,AARTECHBEN,50.7,50.98,50.98,0.28,0.55,236,12031,64.75,33.51
ABDL,ABDLEQN,656.4,660.0,660.0,3.6,0.55,10216,6742560,711.7,382.1
GNRL,GNRLEQN,98.07,98.6,98.6,0.53,0.54,50,4930,120.9,83.2
CPL,CPLEQN,62.46,62.8,62.8,0.34,0.54,100,6280,75.74,61.45
DDEVPLSTIK,DDEVPLSTIKEQN,262.6,264.0,264.0,1.4,0.53,201,53064,360.0,185.15
FAIRCHEMOR,FAIRCHEMORBEN,626.65,630.0,630.0,3.35,0.53,12,7560,846.8,428.05
JASH,JASHEQN,588.95,592.0,592.0,3.05,0.52,1829,1082768,603.0,327.1
SBC,SBCEQN,48.78,49.03,49.03,0.25,0.51,83932,4115185,49.97,21.15
IVC,IVCEQN,7.83,7.87,7.87,0.04,0.51,549,4320,10.99,6.02
XELPMOC,XELPMOCEQN,74.03,74.4,74.4,0.37,0.5,34,2529,155.5,71.1
ALIVUS,ALIVUSEQN,1383.1,1390.0,1390.0,6.9,0.5,316,439240,1493.8,819.0
TRF,TRFEQN,216.31,217.4,217.4,1.09,0.5,220,47828,404.9,210.0
ORIENTHOT,ORIENTHOTEQN,143.58,144.3,144.3,0.72,0.5,344,49639,148.8,80.0
LIKHITHA,LIKHITHAEQN,229.21,230.35,230.35,1.14,0.5,100,23035,272.0,131.45
VEDAVAAG,VEDAVAAGEQN,22.16,22.27,22.27,0.11,0.5,11,244,25.69,16.98
KPL,KPLEQN,3724.5,3743.0,3743.0,18.5,0.5,39,145977,3949.0,1561.0
DEEDEV,DEEDEVEQN,711.15,714.6,714.6,3.45,0.49,562,401605,760.0,183.0
TEAMLEASE,TEAMLEASEEQN,1196.0,1201.9,1201.9,5.9,0.49,1,1201,1885.0,1065.2
SKFINDUS,SKFINDUSEQN,2885.9,2900.0,2900.0,14.1,0.49,201,582900,3218.7,1994.1
EXCELINDUS,EXCELINDUSEQN,963.3,968.0,968.0,4.7,0.49,3,2904,1210.0,800.05
GEEKAYWIRE,GEEKAYWIREEQN,33.25,33.41,33.41,0.16,0.48,313,10457,36.8,18.51
EXXARO,EXXAROEQN,6.27,6.3,6.3,0.03,0.48,160,1008,10.33,5.99
RPGLIFE,RPGLIFEEQN,3025.4,3040.0,3040.0,14.6,0.48,532,1617280,3082.0,1733.0
RUSHIL,RUSHILEQN,16.78,16.86,16.86,0.08,0.48,4,67,32.72,12.49
VIVIANA,VIVIANAEQN,724.55,728.0,728.0,3.45,0.48,40,29120,1162.5,565.0
SCILAL,SCILALEQN,38.2,38.38,38.38,0.18,0.47,38,1458,55.0,34.3
APTECHT,APTECHTEQN,92.06,92.49,92.49,0.43,0.47,20,1849,131.0,69.1
ANANTAM,ANANTAMIVN,105.49,105.99,105.99,0.5,0.47,1732,183574,117.0,100.1
DIGITIDE,DIGITIDEEQN,81.13,81.5,81.5,0.37,0.46,51,4156,185.92,69.9
JAYNECOIND,JAYNECOINDEQN,91.36,91.77,91.77,0.41,0.45,30902,2835876,117.0,64.4
GRMOVER,GRMOVEREQN,81.54,81.91,81.91,0.37,0.45,302,24736,185.45,79.31
NIRLON,NIRLONEQN,610.05,612.8,612.8,2.75,0.45,14,8579,657.0,516.03
JYOTIRES,JYOTIRESEQN,848.45,852.3,852.3,3.85,0.45,3,2556,911.0,821.2
SOLARA,SOLARAEQN,722.9,726.0,726.0,3.1,0.43,886,643236,774.0,422.0
GOKULAGRO,GOKULAGROEQN,225.81,226.77,226.77,0.96,0.43,2296,520663,259.8,151.0
HARDWYN,HARDWYNEQN,9.22,9.26,9.26,0.04,0.43,113,1046,20.2,7.61
AONEGOLD,AONEGOLDEQN,14.09,14.15,14.15,0.06,0.43,28,396,17.73,10.22
VMM,VMMEQN,106.0,106.45,106.45,0.45,0.42,198856,21168221,152.18,98.77
TARSONS,TARSONSEQN,335.45,336.85,336.85,1.4,0.42,308,103749,375.0,164.45
WEL,WELEQN,76.93,77.25,77.25,0.32,0.42,1309,101120,183.53,68.01
SKFINDIA,SKFINDIAEQN,1519.8,1526.2,1526.2,6.4,0.42,44,67152,5074.0,1404.0
NCLIND,NCLINDEQN,176.22,176.96,176.96,0.74,0.42,9,1592,214.8,147.5
MCL,MCLEQN,60.75,61.0,61.0,0.25,0.41,1290,78690,93.2,42.0
DISHTV,DISHTVEQN,2.46,2.47,2.47,0.01,0.41,6518,16099,5.39,1.82
MANINDS,MANINDSEQN,986.7,990.75,990.75,4.05,0.41,20732,20540229,1005.0,302.05
HGS,HGSEQN,378.5,380.0,380.0,1.5,0.4,73,27740,545.0,342.05
DGCONTENT,DGCONTENTEQN,24.9,25.0,25.0,0.1,0.4,10,250,39.57,21.61
PENINLAND,PENINLANDEQN,17.38,17.45,17.45,0.07,0.4,10,174,37.6,13.82
SAMHI,SAMHIEQN,160.01,160.64,160.64,0.63,0.39,2279,366098,217.3,127.0
COCKERILL,COCKERILLEQN,8144.0,8176.0,8176.0,32.0,0.39,13,106288,10871.5,4955.0
EUREKAFORB,EUREKAFORBEQN,378.45,379.9,379.9,1.45,0.38,219,83198,668.3,375.95
YATRA,YATRAEQN,108.74,109.15,109.15,0.41,0.38,6185,675092,202.0,89.9
CUPID,CUPIDEQN,273.85,274.9,274.9,1.05,0.38,88408,24303359,299.0,41.82
SALZERELEC,SALZERELECEQN,549.05,551.1,551.1,2.05,0.37,169,93135,952.5,488.8
BAJAJHCARE,BAJAJHCAREEQN,352.7,354.0,354.0,1.3,0.37,1160,410640,515.9,272.35
SOBHA,SOBHAEQN,1243.8,1248.4,1248.4,4.6,0.37,767,957522,1732.0,1130.0
VAKRANGEE,VAKRANGEEEQN,5.35,5.37,5.37,0.02,0.37,2103,11293,9.64,4.61
PASHUPATI,PASHUPATIEQN,80.39,80.69,80.69,0.3,0.37,465,37520,118.35,67.5
GRANDOAK,GRANDOAKEQN,35.06,35.19,35.19,0.13,0.37,59,2076,55.76,24.0
RRIL,RRILEQN,16.04,16.1,16.1,0.06,0.37,135,2173,21.5,15.06
NDL,NDLEQN,2.76,2.77,2.77,0.01,0.36,1553,4301,3.57,1.8
CPCAP,CPCAPEQN,152.95,153.5,153.5,0.55,0.36,30,4605,160.5,73.51
DENTA,DENTAEQN,274.8,275.8,275.8,1.0,0.36,205,56539,479.6,222.0
EMUDHRA,EMUDHRAEQN,637.8,640.1,640.1,2.3,0.36,3905,2499590,690.9,364.55
OMPOWER,OMPOWEREQN,170.39,171.01,171.01,0.62,0.36,37,6327,206.0,158.01
LUMAXIND,LUMAXINDEQN,5788.0,5808.0,5808.0,20.0,0.35,29,168432,6934.5,4286.0
COMFINTE,COMFINTEEQN,5.73,5.75,5.75,0.02,0.35,61,350,9.19,5.21
SIRCA,SIRCAEQN,414.4,415.8,415.8,1.4,0.34,15801,6570055,539.0,385.0
VENKEYS,VENKEYSEQN,1692.2,1697.9,1697.9,5.7,0.34,15,25468,1814.9,1165.0
SEJALLTD,SEJALLTDEQN,699.6,702.0,702.0,2.4,0.34,7,4914,1036.7,381.0
EMAMIPAP,EMAMIPAPBEN,115.6,115.99,115.99,0.39,0.34,1,115,133.7,55.0
AUTOAXLES,AUTOAXLESEQN,1682.0,1687.8,1687.8,5.8,0.34,6,10126,2115.0,1540.2
IMPAL,IMPALEQN,1059.5,1063.0,1063.0,3.5,0.33,10,10630,1238.9,928.0
GULPOLY,GULPOLYEQN,174.22,174.8,174.8,0.58,0.33,434,75863,227.63,121.5
INTLCONV,INTLCONVEQN,80.99,81.26,81.26,0.27,0.33,200,16252,114.54,60.0
HERITGFOOD,HERITGFOODEQN,424.05,425.45,425.45,1.4,0.33,1677,713479,538.25,292.55
SKYWAYS,SKYWAYSEQN,129.57,130.0,130.0,0.43,0.33,28452,3698760,137.38,106.82
REGENCERAM,REGENCERAMEQN,34.89,35.0,35.0,0.11,0.32,2,70,54.99,30.0
VINCOFE,VINCOFEEQN,183.79,184.37,184.37,0.58,0.32,7163,1320642,189.4,120.24
KHAICHEM,KHAICHEMEQN,50.13,50.29,50.29,0.16,0.32,991,49837,132.9,42.92
IPCALAB,IPCALABEQN,1962.6,1968.9,1968.9,6.3,0.32,448,882067,2038.0,1251.6
KOLTEPATIL,KOLTEPATILEQN,440.05,441.45,441.45,1.4,0.32,26,11477,554.6,292.25
RAJMET,RAJMETEQN,3.12,3.13,3.13,0.01,0.32,2729,8541,5.28,2.72
DBOL,DBOLEQN,115.63,116.0,116.0,0.37,0.32,20,2320,139.0,69.0
JKLAKSHMI,JKLAKSHMIEQN,511.2,512.8,512.8,1.6,0.31,1019,522543,907.65,495.2
INDIAMART,INDIAMARTEQN,1652.4,1657.5,1657.5,5.1,0.31,469,777367,2525.9,1622.4
KSCL,KSCLEQN,710.7,712.85,712.85,2.15,0.3,11,7841,1158.0,685.0
SUNDROP,SUNDROPEQN,744.3,746.55,746.55,2.25,0.3,142,106010,825.15,556.0
GANESHCP,GANESHCPEQN,164.48,164.97,164.97,0.49,0.3,96,15837,309.95,152.0
VISL,VISLEQN,33.82,33.92,33.92,0.1,0.3,969105,32872041,44.78,19.06
SHARDACROP,SHARDACROPEQN,758.05,760.25,760.25,2.2,0.29,415,315503,1297.0,737.15
NTPC,NTPCEQN,326.0,326.95,326.95,0.95,0.29,21072,6889490,414.4,315.55
DHANUKA,DHANUKAEQN,982.65,985.5,985.5,2.85,0.29,300,295650,1620.4,889.6
KELLTONTEC,KELLTONTECEQN,13.76,13.8,13.8,0.04,0.29,1129,15580,26.14,13.0
DELTACORP,DELTACORPEQN,68.65,68.85,68.85,0.2,0.29,38638,2660226,86.4,48.3
STCINDIA,STCINDIAEQN,111.98,112.3,112.3,0.32,0.29,50,5615,150.7,97.04
THEJO,THEJOEQN,2173.5,2179.9,2179.9,6.4,0.29,21,45777,2286.6,1443.6
JUBLFOOD,JUBLFOODEQN,483.3,484.65,484.65,1.35,0.28,7082,3432291,635.0,408.55
SOMANYCERA,SOMANYCERAEQN,596.3,597.95,597.95,1.65,0.28,270,161446,602.0,332.0
GOPAL,GOPALEQN,262.45,263.15,263.15,0.7,0.27,351,92365,371.0,247.55
FIEMIND,FIEMINDEQN,1924.5,1929.7,1929.7,5.2,0.27,1983,3826595,2674.8,1868.5
RANEHOLDIN,RANEHOLDINEQN,1591.9,1596.0,1596.0,4.1,0.26,2,3192,1894.5,981.0
VSTIND,VSTINDEQN,208.8,209.35,209.35,0.55,0.26,1251,261896,286.78,200.0
FMNL,FMNLEQN,8.1,8.12,8.12,0.02,0.25,1,8,13.33,6.74
STYLEBAAZA,STYLEBAAZAEQN,378.05,379.0,379.0,0.95,0.25,299,113321,447.1,229.95
PLAZACABLE,PLAZACABLEEQN,62.84,63.0,63.0,0.16,0.25,23,1449,66.0,27.0
ESCORTS,ESCORTSEQN,2796.9,2804.0,2804.0,7.1,0.25,129,361716,3987.8,2700.0
LOKESHMACH,LOKESHMACHEQN,359.25,360.15,360.15,0.9,0.25,56,20168,385.8,138.96
SUNRAKSHAK,SUNRAKSHAKEQN,366.6,367.5,367.5,0.9,0.25,20,7350,382.4,350.1
EMAMIREAL,EMAMIREALEQN,69.58,69.75,69.75,0.17,0.24,1,69,115.3,48.2
HCG,HCGEQN,712.7,714.4,714.4,1.7,0.24,38,27147,796.68,513.3
ORIENTPPR,ORIENTPPREQN,16.9,16.94,16.94,0.04,0.24,160,2710,28.7,13.25
ABLBL,ABLBLEQN,79.81,80.0,80.0,0.19,0.24,6800,544000,150.79,79.65
CENTENKA,CENTENKAEQN,580.55,581.95,581.95,1.4,0.24,79,45974,671.65,371.2
MONTECARLO,MONTECARLOEQN,527.6,528.8,528.8,1.2,0.23,225,118980,860.95,464.0
CAPINVIT,CAPINVITIVN,77.04,77.22,77.22,0.18,0.23,739,57065,79.99,67.0
BAGFILMS,BAGFILMSEQN,4.34,4.35,4.35,0.01,0.23,2000,8700,8.0,3.61
TTKHLTCARE,TTKHLTCAREEQN,1051.2,1053.6,1053.6,2.4,0.23,2,2107,1247.0,735.0
ATL,ATLEQN,25.93,25.99,25.99,0.06,0.23,3006,78125,37.86,18.2
SURYODAY,SURYODAYEQN,149.3,149.64,149.64,0.34,0.23,173,25887,218.0,115.41
SFL,SFLEQN,643.1,644.6,644.6,1.5,0.23,479,308763,832.45,456.8
DALBHARAT,DALBHARATEQN,1744.0,1748.0,1748.0,4.0,0.23,155,270940,2389.9,1605.0
KPIL,KPILEQN,1411.8,1414.9,1414.9,3.1,0.22,2643,3739580,1479.6,1007.1
LUMAXTECH,LUMAXTECHEQN,2044.9,2049.4,2049.4,4.5,0.22,149,305360,2190.0,1102.8
GSLSU,GSLSUEQN,32.43,32.5,32.5,0.07,0.22,830,26975,139.67,23.06
GREENPOWER,GREENPOWEREQN,9.08,9.1,9.1,0.02,0.22,10639,96814,14.93,7.98
LAXMIINDIA,LAXMIINDIAEQN,126.12,126.4,126.4,0.28,0.22,50,6320,164.33,71.06
BHARATRAS,BHARATRASEQN,1134.0,1136.4,1136.4,2.4,0.21,4,4545,2987.5,1094.5
SUNDARMFIN,SUNDARMFINEQN,4654.9,4664.9,4664.9,10.0,0.21,37,172601,5642.0,4000.0
SINDHUTRAD,SINDHUTRADEQN,23.96,24.01,24.01,0.05,0.21,66,1584,30.39,17.64
GLASSWALL,GLASSWALLEQN,286.41,287.0,287.0,0.59,0.21,38562,11067294,317.9,185.2
OMINFRAL,OMINFRALEQN,78.34,78.5,78.5,0.16,0.2,125,9812,144.0,71.5
SAGCEM,SAGCEMEQN,152.68,152.99,152.99,0.31,0.2,8,1223,278.4,141.52
AIIL,AIILEQN,561.45,562.6,562.6,1.15,0.2,3550,1997230,683.0,400.0
21STCENMGM,21STCENMGMEQN,39.92,40.0,40.0,0.08,0.2,1500,60000,53.79,28.25
RAMRAT,RAMRATEQN,558.65,559.75,559.75,1.1,0.2,16,8956,602.45,268.0
PKTEA,PKTEABEN,988.15,990.0,990.0,1.85,0.19,1,990,1169.0,605.0
JGCHEM,JGCHEMEQN,621.55,622.75,622.75,1.2,0.19,1916,1193189,675.0,298.4
KRISHNADEF,KRISHNADEFEQN,1032.9,1034.9,1034.9,2.0,0.19,77,79687,1400.0,665.0
PLATIND,PLATINDEQN,216.58,217.0,217.0,0.42,0.19,2,434,328.1,183.5
INDIGRID,INDIGRIDIVN,173.47,173.8,173.8,0.33,0.19,1361,236541,180.9,161.01
RTNINDIA,RTNINDIAEQN,27.45,27.5,27.5,0.05,0.18,12902,354805,56.24,24.4
IGPL,IGPLEQN,588.95,590.0,590.0,1.05,0.18,312,184080,594.35,315.0
ALLCARGO,ALLCARGOEQN,11.38,11.4,11.4,0.02,0.18,76715,874551,36.55,7.11
ARCHIDPLY,ARCHIDPLYEQN,109.77,109.96,109.96,0.19,0.17,150,16494,124.78,60.0
TCPLPACK,TCPLPACKEQN,4003.0,4009.9,4009.9,6.9,0.17,1,4009,4410.9,2200.0
INTERARCH,INTERARCHEQN,1693.1,1696.0,1696.0,2.9,0.17,55,93280,2762.6,1600.0
CCL,CCLEQN,1043.2,1045.0,1045.0,1.8,0.17,238,248710,1242.2,815.5
KUANTUM,KUANTUMEQN,82.87,83.0,83.0,0.13,0.16,79,6557,121.29,65.01
PTL,PTLEQN,38.18,38.24,38.24,0.06,0.16,32,1223,43.77,36.1
EMIL,EMILEQN,191.32,191.62,191.62,0.3,0.16,9141,1751598,202.86,84.9
MOLDTKPAC,MOLDTKPACEQN,679.95,681.0,681.0,1.05,0.15,167,113727,829.8,464.9
QUICKHEAL,QUICKHEALEQN,151.57,151.8,151.8,0.23,0.15,1379,209332,371.4,125.0
HGM,HGMEQN,42.64,42.7,42.7,0.06,0.14,685,29249,82.0,40.0
GODREJAGRO,GODREJAGROEQN,670.05,671.0,671.0,0.95,0.14,885,593835,740.0,506.1
KANORICHEM,KANORICHEMBEN,182.24,182.5,182.5,0.26,0.14,101,18432,191.45,56.0
COMSYN,COMSYNEQN,299.3,299.7,299.7,0.4,0.13,737,220878,315.4,136.44
SADBHAV,SADBHAVEQN,7.71,7.72,7.72,0.01,0.13,426,3288,14.7,6.05
NIBE,NIBEEQN,1346.9,1348.7,1348.7,1.8,0.13,65,87665,1848.0,809.6
DHARMAJ,DHARMAJEQN,299.1,299.5,299.5,0.4,0.13,402,120399,336.4,210.65
AUSTENG,AUSTENGEQN,164.19,164.4,164.4,0.21,0.13,1151,189224,178.0,110.0
GROWW,GROWWEQN,188.63,188.88,188.88,0.25,0.13,204416,38610094,227.2,112.0
SHRINGARMS,SHRINGARMSEQN,210.22,210.5,210.5,0.28,0.13,1344,282912,266.5,166.0
ARIS,ARISEQN,143.72,143.9,143.9,0.18,0.13,17758,2555376,178.3,82.18
TEXMOPIPES,TEXMOPIPESEQN,59.63,59.7,59.7,0.07,0.12,142,8477,64.5,33.0
BRITANNIA,BRITANNIAEQN,4929.0,4935.0,4935.0,6.0,0.12,1019,5028765,6271.0,4905.0
OIL,OILEQN,470.0,470.55,470.55,0.55,0.12,5184,2439331,531.0,395.6
ASTRAMICRO,ASTRAMICROEQN,1602.1,1604.1,1604.1,2.0,0.12,1195,1916899,1960.0,851.0
MMTC,MMTCEQN,60.47,60.54,60.54,0.07,0.12,10816,654800,78.35,50.1
PAUSHAKLTD,PAUSHAKLTDEQN,687.2,688.0,688.0,0.8,0.12,303,208464,826.75,342.5
TRACXN,TRACXNEQN,32.95,32.99,32.99,0.04,0.12,579,19101,55.9,25.39
JSWDULUX,JSWDULUXEQN,3160.9,3164.6,3164.6,3.7,0.12,26,82279,3745.0,2658.7
BETA,BETAEQN,2187.8,2190.5,2190.5,2.7,0.12,52,113906,2807.9,990.1
SUNSHINE,SUNSHINEEQN,441.45,442.0,442.0,0.55,0.12,3082,1362244,524.95,326.25
HOMEFIRST,HOMEFIRSTEQN,1205.8,1207.2,1207.2,1.4,0.12,249,300592,1317.7,893.7
URJA,URJAEQN,9.05,9.06,9.06,0.01,0.11,3915,35469,14.01,8.0
JMFINANCIL,JMFINANCILEQN,127.51,127.65,127.65,0.14,0.11,36742,4690116,182.5,112.0
PFIZER,PFIZEREQN,4025.5,4029.9,4029.9,4.4,0.11,42,169255,5578.5,3955.5
SKIPPER,SKIPPEREQN,567.5,568.1,568.1,0.6,0.11,10786,6127526,616.8,327.05
TCI,TCIEQN,829.75,830.65,830.65,0.9,0.11,133,110476,1242.0,797.0
KSHINTL,KSHINTLEQN,1046.8,1048.0,1048.0,1.2,0.11,724,758752,1198.0,330.0
SGFIN,SGFINEQN,622.15,622.75,622.75,0.6,0.1,213,132645,727.45,323.0
MPSLTD,MPSLTDEQN,2691.2,2694.0,2694.0,2.8,0.1,11,29634,2979.0,1336.1
EMSLIMITED,EMSLIMITEDEQN,366.35,366.7,366.7,0.35,0.1,1174,430505,582.65,256.05
JYOTHYLAB,JYOTHYLABEQN,194.11,194.3,194.3,0.19,0.1,1448,281346,325.0,188.1
AMBAAUTO,AMBAAUTOSMN,95.9,96.0,96.0,0.1,0.1,1000,96000,137.5,63.6
INDOTHAI,INDOTHAIEQN,30.77,30.8,30.8,0.03,0.1,7225,222530,466.35,30.77
RADHIKAJWE,RADHIKAJWEBEN,71.92,71.99,71.99,0.07,0.1,1258,90563,97.5,50.01
GSS,GSSEQN,10.51,10.52,10.52,0.01,0.1,1012,10646,27.5,8.68
DODLA,DODLAEQN,1048.6,1049.5,1049.5,0.9,0.09,12,12594,1405.0,964.1
KKCL,KKCLEQN,477.55,478.0,478.0,0.45,0.09,36,17208,595.0,408.35
AKUMS,AKUMSEQN,823.3,824.0,824.0,0.7,0.09,754,621296,838.8,409.3
JUBLPHARMA,JUBLPHARMAEQN,1058.0,1059.0,1059.0,1.0,0.09,268,283812,1184.8,786.05
THERMAX,THERMAXEQN,3464.9,3468.0,3468.0,3.1,0.09,488,1692384,5277.8,2742.7
AEGISLOG,AEGISLOGEQN,1404.5,1405.8,1405.8,1.3,0.09,1625,2284425,1528.7,576.1
SAGARDEEP,SAGARDEEPEQN,24.36,24.38,24.38,0.02,0.08,11,268,31.48,20.81
INDRAMEDCO,INDRAMEDCOEQN,374.6,374.9,374.9,0.3,0.08,450,168705,640.85,342.0
SENORES,SENORESEQN,1383.4,1384.5,1384.5,1.1,0.08,392,542724,1599.0,662.45
PITTIENG,PITTIENGEQN,1167.1,1168.0,1168.0,0.9,0.08,600,700800,1228.0,675.0
GREAVESCOT,GREAVESCOTEQN,206.01,206.17,206.17,0.16,0.08,16233,3346757,271.9,119.99
CANTABIL,CANTABILEQN,238.55,238.73,238.73,0.18,0.08,414,98834,321.5,208.5
LTTS,LTTSEQN,3231.3,3233.7,3233.7,2.4,0.07,94,303967,4726.0,3010.0
YATHARTH,YATHARTHEQN,1162.2,1163.0,1163.0,0.8,0.07,1893,2201559,1184.0,538.25
AWFIS,AWFISEQN,269.05,269.25,269.25,0.2,0.07,2907,782709,639.4,229.05
POWERGRID,POWERGRIDEQN,270.2,270.4,270.4,0.2,0.07,51131,13825822,324.95,250.0
SPLIL,SPLILEQN,30.19,30.21,30.21,0.02,0.07,60,1812,45.2,20.2
LADDERUP,LADDERUPBEN,55.95,55.99,55.99,0.04,0.07,106,5934,80.98,42.7
SNOWMAN,SNOWMANEQN,35.18,35.2,35.2,0.02,0.06,69,2428,56.73,30.5
DOLATALGO,DOLATALGOEQN,68.72,68.76,68.76,0.04,0.06,269,18496,95.76,64.96
VARROC,VARROCEQN,836.5,837.0,837.0,0.5,0.06,417,349029,912.2,462.0
SHIVACEM,SHIVACEMEQN,15.6,15.61,15.61,0.01,0.06,19,296,17.94,15.0
BANSALWIRE,BANSALWIREEQN,315.9,316.1,316.1,0.2,0.06,202,63852,370.0,222.5
ASIANENE,ASIANENEEQN,489.7,490.0,490.0,0.3,0.06,1708,836920,565.7,230.0
TWCGOLDETF,TWCGOLDETFEQN,150.51,150.6,150.6,0.09,0.06,1,150,187.98,123.31
MMP,MMPEQN,464.8,465.0,465.0,0.2,0.04,3,1395,498.0,185.2
INDBANK,INDBANKEQN,26.14,26.15,26.15,0.01,0.04,211,5517,47.15,25.01
CIEINDIA,CIEINDIAEQN,384.2,384.35,384.35,0.15,0.04,2894,1112308,526.0,366.9
VIJAYA,VIJAYAEQN,1570.7,1571.4,1571.4,0.7,0.04,984,1546257,1593.6,848.0
SICAGEN,SICAGENEQN,52.98,53.0,53.0,0.02,0.04,2,106,74.06,46.55
ALPINETEX,ALPINETEXEQN,52.44,52.46,52.46,0.02,0.04,20,1049,105.0,49.15
TPLPLASTEH,TPLPLASTEHEQN,67.15,67.17,67.17,0.02,0.03,701,47086,90.33,50.01
TCIEXP,TCIEXPEQN,505.6,505.75,505.75,0.15,0.03,18,9103,780.0,447.55
BLIL,BLILEQN,67.28,67.3,67.3,0.02,0.03,36,2422,79.5,65.16
APCOTEXIND,APCOTEXINDEQN,609.8,610.0,610.0,0.2,0.03,110,67100,712.0,310.45
SIGMA,SIGMAEQN,46.04,46.05,46.05,0.01,0.02,191,8795,65.5,35.46
TNPETRO,TNPETROEQN,128.98,129.0,129.0,0.02,0.02,2962,382098,146.99,78.67
RAMCOIND,RAMCOINDEQN,325.95,326.0,326.0,0.05,0.02,237,77262,395.5,230.65
CHOICEGOLD,CHOICEGOLDEQN,149.87,149.9,149.9,0.03,0.02,1,149,175.49,115.79
VITAL,VITALEQN,55.66,55.67,55.67,0.01,0.02,300,16701,69.4,35.4
AARTIDRUGS,AARTIDRUGSEQN,436.25,436.35,436.35,0.1,0.02,746,325517,534.0,318.95
MEDICAMEQ,MEDICAMEQBEN,319.95,320.0,320.0,0.05,0.02,220,70400,447.65,212.4
NAVKARCORP,NAVKARCORPEQN,87.94,87.95,87.95,0.01,0.01,1352,118908,131.36,74.05
RGL,RGLEQN,170.48,170.49,170.49,0.01,0.01,12727,2169826,173.8,85.0
EXIDEIND,EXIDEINDEQN,425.95,426.0,426.0,0.05,0.01,23372,9956472,496.4,287.0
SILVERTUC,SILVERTUCEQN,152.99,153.0,153.0,0.01,0.01,529,80937,216.8,67.58
AGARIND,AGARINDEQN,408.65,408.7,408.7,0.05,0.01,1,408,1006.0,360.0
GALAPREC,GALAPRECEQN,1164.2,1164.2,1164.2,0.0,0.0,386,449381,1260.0,671.2
KANSAINER,KANSAINEREQN,182.58,182.58,182.58,0.0,0.0,1735,316776,264.0,157.91
AFFORDABLE,AFFORDABLEEQN,174.65,174.65,174.65,0.0,0.0,27,4715,297.0,119.71
JNKINDIA,JNKINDIAEQN,418.4,418.4,418.4,0.0,0.0,102,42676,558.0,200.92
ATULAUTO,ATULAUTOEQN,457.75,457.75,457.75,0.0,0.0,241,110317,596.55,380.05
SADBHIN,SADBHINEQN,2.59,2.59,2.59,0.0,0.0,51,132,4.79,2.06
SURAJEST,SURAJESTEQN,220.41,220.41,220.41,0.0,0.0,219,48269,319.0,165.0
GOKUL,GOKULEQN,40.42,40.42,40.42,0.0,0.0,2,80,46.8,31.0
KAPSTON,KAPSTONEQN,585.9,585.9,585.9,0.0,0.0,136,79682,600.0,162.79
ALLDIGI,ALLDIGIEQN,780.25,780.25,780.25,0.0,0.0,1,780,1000.0,700.0
TPHQ,TPHQBEN,0.52,0.52,0.52,0.0,0.0,7047,3664,0.86,0.4
ZEEMEDIA,ZEEMEDIAEQN,7.51,7.51,7.51,0.0,0.0,7883,59201,12.54,6.65
HEXT,HEXTEQN,500.0,500.0,500.0,0.0,0.0,821,410500,807.75,400.2
KRITIKA,KRITIKAEQN,5.0,5.0,5.0,0.0,0.0,1690,8450,9.55,4.5
PPAP,PPAPBEN,244.2,244.2,244.2,0.0,0.0,80,19536,379.5,176.0
ISHANCH,ISHANCHEQN,49.87,49.87,49.87,0.0,0.0,200,9974,83.37,41.71
DNAMEDIA,DNAMEDIAEQN,2.5,2.5,2.5,0.0,0.0,100,250,5.09,2.17
BAIDFIN,BAIDFINEQN,10.55,10.55,10.55,0.0,0.0,96,1012,12.98,8.8
MINDTECK,MINDTECKEQN,159.65,159.65,159.65,0.0,0.0,11,1756,307.68,145.13
SHIVAMAUTO,SHIVAMAUTOEQN,18.21,18.21,18.21,0.0,0.0,100,1821,33.5,13.05
INDOWIND,INDOWINDEQN,8.94,8.94,8.94,0.0,0.0,310,2771,18.94,7.0
GLFL,GLFLEQN,5.09,5.09,5.09,0.0,0.0,20,101,9.34,3.66
SGL,SGLEQN,8.93,8.93,8.93,0.0,0.0,1,8,20.79,8.4
ZODIAC,ZODIACEQN,229.94,229.94,229.94,0.0,0.0,4,919,415.0,205.55
MOTISONS,MOTISONSEQN,18.89,18.89,18.89,0.0,0.0,425868,8044646,19.2,10.62
HDIL,HDILBZN,1.47,1.47,1.47,0.0,0.0,1000,1470,3.2,1.44
WIPL,WIPLEQN,160.91,160.91,160.91,0.0,0.0,1,160,193.2,133.1
IPL,IPLEQN,133.52,133.52,133.52,0.0,0.0,314,41925,230.21,125.0
ASTRON,ASTRONBZN,2.97,2.97,2.97,0.0,0.0,65,193,16.7,2.82
ROHLTD,ROHLTDEQN,309.75,309.75,309.75,0.0,0.0,1,309,562.95,269.4
EXPLEOSOL,EXPLEOSOLEQN,872.45,872.45,872.45,0.0,0.0,42,36642,1175.1,640.0
TVTODAY,TVTODAYEQN,107.7,107.7,107.7,0.0,0.0,1,107,153.01,93.5
FCSSOFT,FCSSOFTEQN,1.36,1.36,1.36,0.0,0.0,43608,59306,2.53,1.05
KOTYARK,KOTYARKBEN,32.05,32.05,32.05,0.0,0.0,1,32,45.5,17.38
PARASPETRO,PARASPETROEQN,2.08,2.08,2.08,0.0,0.0,558,1160,3.23,1.53
GFLLIMITED,GFLLIMITEDEQN,56.74,56.74,56.74,0.0,0.0,155,8794,81.0,37.25
KIRLOSIND,KIRLOSINDEQN,3681.0,3681.0,3681.0,0.0,0.0,1,3681,4574.8,2463.0
THANGAMAYL,THANGAMAYLEQN,5317.0,5317.0,5317.0,0.0,0.0,424,2254408,7430.0,1939.5
SRGHFL,SRGHFLEQN,158.1,158.1,158.1,0.0,0.0,732,115729,335.0,118.6
TEXRAIL,TEXRAILEQN,124.75,124.75,124.75,0.0,0.0,36710,4579572,146.85,78.05
PIIND,PIINDEQN,2386.0,2386.0,2386.0,0.0,0.0,223,532078,3832.9,2191.0
BIRLAMONEY,BIRLAMONEYEQN,120.34,120.34,120.34,0.0,0.0,48,5776,181.37,95.0
ADVANIHOTR,ADVANIHOTREQN,47.57,47.57,47.57,0.0,0.0,34,1617,65.5,46.75
IRCTC,IRCTCEQN,463.8,463.8,463.8,0.0,0.0,5565,2581047,735.75,446.5
IXIGO,IXIGOEQN,163.9,163.9,163.9,0.0,0.0,2736,448430,339.15,151.27
TREJHARA,TREJHARAEQN,135.22,135.22,135.22,0.0,0.0,1,135,284.85,128.07
SRHHYPOLTD,SRHHYPOLTDEQN,587.5,587.5,587.5,0.0,0.0,36,21150,670.0,382.4
5PAISA,5PAISAEQN,318.15,318.15,318.15,0.0,0.0,6,1908,416.95,245.5
RAJSREESUG,RAJSREESUGEQN,32.0,32.0,32.0,0.0,0.0,5,160,42.48,24.65
CCCL,CCCLEQN,13.26,13.26,13.26,0.0,0.0,3,39,27.6,12.76
PENIND,PENINDEQN,183.31,183.31,183.31,0.0,0.0,5437,996656,279.9,129.1
MAYURUNIQ,MAYURUNIQEQN,722.9,722.9,722.9,0.0,0.0,54,39036,907.0,471.2
RELAXO,RELAXOEQN,298.3,298.3,298.3,0.0,0.0,804,239833,473.1,236.5
FEL,FELBZN,0.36,0.36,0.36,0.0,0.0,10001,3600,0.62,0.34
MANAKCOAT,MANAKCOATEQN,131.99,131.99,131.99,0.0,0.0,419,55303,182.82,94.2
TATATECH,TATATECHEQN,716.45,716.45,716.45,0.0,0.0,2433,1743122,891.0,507.4
PARKHOTELS,PARKHOTELSEQN,106.29,106.29,106.29,0.0,0.0,251,26678,158.36,95.1
VINNY,VINNYEQN,0.92,0.92,0.92,0.0,0.0,4050,3726,1.53,0.91
BHARATSE,BHARATSEEQN,220.05,220.05,220.05,0.0,0.0,178,39168,263.18,133.6
RML,RMLEQN,1356.7,1356.7,1356.7,0.0,0.0,69,93612,1440.0,608.5
DCW,DCWEQN,50.02,50.02,50.02,0.0,0.0,14712,735894,74.62,37.11
KCP,KCPEQN,157.05,157.05,157.05,0.0,0.0,268,42089,207.8,125.0
VIKASECO,VIKASECOEQN,1.04,1.04,1.04,0.0,0.0,4201,4369,2.09,0.99
SCHNEIDER,SCHNEIDEREQN,1243.4,1243.4,1243.4,0.0,0.0,283,351882,1548.0,571.85
MASFIN,MASFINEQN,284.5,284.5,284.5,0.0,0.0,2,569,358.85,277.35
PGHH,PGHHEQN,7193.5,7193.5,7193.5,0.0,0.0,26,187031,14509.0,7170.0
VALIANTLAB,VALIANTLABBEN,121.24,121.24,121.24,0.0,0.0,3,363,132.25,49.51
METROBRAND,METROBRANDEQN,911.1,911.1,911.1,0.0,0.0,37,33710,1308.8,883.0
ROLEXRINGS,ROLEXRINGSEQN,183.58,183.58,183.58,0.0,0.0,9000,1652220,189.4,99.79
ASTRAZEN,ASTRAZENEQN,6706.0,6706.0,6706.0,0.0,0.0,23,154238,9849.5,6600.0
GREENLAM,GREENLAMEQN,227.83,227.83,227.83,0.0,0.0,7,1594,278.55,197.59
RAJTV,RAJTVEQN,9.77,9.77,9.77,0.0,0.0,2523,24649,46.9,7.7
KIOCL,KIOCLEQN,349.35,349.35,349.35,0.0,0.0,951,332231,634.55,290.65
TBOTEK,TBOTEKEQN,1704.5,1704.5,1704.5,0.0,0.0,187,318741,1764.8,1004.2
SIGACHI,SIGACHIEQN,31.34,31.34,31.34,0.0,0.0,6024,188792,43.0,16.65
DVL,DVLEQN,292.2,292.2,292.2,0.0,0.0,15,4383,380.6,186.99
ASALCBR,ASALCBREQN,657.9,657.9,657.9,0.0,0.0,52,34210,1277.0,644.55
FOSECOIND,FOSECOINDEQN,6555.0,6555.0,6555.0,0.0,0.0,14,91770,7389.5,4300.0
STOVEKRAFT,STOVEKRAFTEQN,829.1,829.1,829.1,0.0,0.0,126,104466,877.0,447.05
TGVSL,TGVSLEQN,108.55,108.55,108.55,0.0,0.0,396,42985,114.24,101.01
BHARATWIRE,BHARATWIREEQN,170.1,170.1,170.1,0.0,0.0,720,122472,262.0,148.01
SANWARIA,SANWARIABZN,0.19,0.19,0.19,0.0,0.0,43045,8178,0.36,0.18
BAYERCROP,BAYERCROPEQN,3762.6,3762.6,3762.6,0.0,0.0,83,312295,5250.5,3725.0
SIYSIL,SIYSILEQN,540.55,540.55,540.55,0.0,0.0,74,40000,848.8,433.35
FLFL,FLFLBZN,1.13,1.13,1.13,0.0,0.0,30,33,1.92,1.08
SDBL,SDBLEQN,67.89,67.89,67.89,0.0,0.0,767,52071,142.6,61.8
MUFTI,MUFTIEQN,73.2,73.2,73.2,0.0,0.0,52,3806,116.94,63.06
SYNCOMF,SYNCOMFEQN,20.01,20.01,20.01,0.0,0.0,24893,498108,22.59,10.21
EIHAHOTELS,EIHAHOTELSEQN,296.85,296.85,296.85,0.0,0.0,61,18107,403.45,266.65
IKIO,IKIOEQN,207.89,207.89,207.89,0.0,0.0,590,122655,238.8,103.53
GTL,GTLEQN,7.03,7.03,7.03,0.0,0.0,387,2720,9.8,4.91
RUBYMILLS,RUBYMILLSEQN,490.2,490.2,490.2,0.0,0.0,56,27451,515.0,169.02
APOLLOHOSP,APOLLOHOSPEQN,9069.0,9069.0,9069.0,0.0,0.0,3284,29782596,9070.5,6696.5
GLOBAL,GLOBALEQN,134.45,134.45,134.45,0.0,0.0,117,15730,136.97,55.3
JUBLINGREA,JUBLINGREAEQN,640.95,640.95,640.95,0.0,0.0,1868,1197294,795.0,537.3
NOVARTIND,NOVARTINDEQN,2027.4,2027.4,2027.4,0.0,0.0,55,111507,2588.8,950.0
ACCELYA,ACCELYAEQN,1124.6,1124.6,1124.6,0.0,0.0,5,5623,1527.0,1012.4
OBCL,OBCLEQN,60.27,60.27,60.27,0.0,0.0,1,60,62.0,46.51
TATACHEM,TATACHEMEQN,669.9,669.9,669.9,0.0,0.0,3999,2678930,982.75,580.3
TATAELXSI,TATAELXSIEQN,3212.0,3212.0,3212.0,0.0,0.0,660,2119920,5950.0,3200.0
KOKUYOCMLN,KOKUYOCMLNEQN,76.35,76.35,76.35,0.0,0.0,26,1985,114.72,71.05
GRADIENTE,GRADIENTEBEN,2.26,2.26,2.26,0.0,0.0,6038,13645,9.4,2.08
SCODATUBES,SCODATUBESEQN,137.74,137.74,137.74,0.0,0.0,710,97795,181.48,110.0
INDIANHUME,INDIANHUMEEQN,366.25,366.25,366.25,0.0,0.0,91,33328,432.0,279.8
ALANKIT,ALANKITEQN,8.04,8.04,8.04,0.0,0.0,278,2235,13.74,6.8
CSLFINANCE,CSLFINANCEEQN,216.95,216.95,216.95,0.0,0.0,104,22562,324.7,209.7
HATHWAY,HATHWAYEQN,10.1,10.1,10.1,0.0,0.0,21581,217968,14.9,8.76
MACPOWER,MACPOWEREQN,2059.5,2059.5,2059.5,0.0,0.0,176,362472,2175.0,761.0
RAYMOND,RAYMONDEQN,1114.65,1114.65,1114.65,0.0,0.0,5350,5963377,1193.4,320.0
BRNL,BRNLEQN,16.66,16.66,16.66,0.0,0.0,176,2932,26.5,16.0
BATAINDIA,BATAINDIAEQN,637.2,637.2,637.2,0.0,0.0,599,381682,1238.0,605.0
BBTC,BBTCEQN,1450.2,1450.2,1450.2,0.0,0.0,55,79761,2135.0,1314.6
NILASPACES,NILASPACESEQN,11.81,11.81,11.81,0.0,0.0,2617,30906,20.47,11.35
MHRIL,MHRILEQN,201.39,201.39,201.39,0.0,0.0,495,99688,363.95,188.21
VINYLINDIA,VINYLINDIAEQN,221.54,221.54,221.54,0.0,0.0,200,44308,309.0,161.0
AHLADA,AHLADAEQN,39.15,39.15,39.15,0.0,0.0,6,234,72.0,31.22
HONAUT,HONAUTEQN,34275.0,34275.0,34275.0,0.0,0.0,2,68550,41495.0,26220.0
SADHNANIQ,SADHNANIQBEN,2.75,2.75,2.75,0.0,0.0,10457,28756,3.32,1.27
CAPITALSFB,CAPITALSFBEQN,284.6,284.6,284.6,0.0,0.0,2,569,323.7,206.55
MAWANASUG,MAWANASUGEQN,133.07,133.07,133.07,0.0,0.0,1362,181241,164.0,75.08
UNIVCABLES,UNIVCABLESEQN,1508.8,1508.8,1508.8,0.0,0.0,449,677451,1774.9,576.0
CHAMBLFERT,CHAMBLFERTEQN,419.6,419.6,419.6,0.0,0.0,1994,836682,542.0,399.75
COSMOFIRST,COSMOFIRSTEQN,867.2,867.2,867.2,0.0,0.0,586,508179,996.0,560.8
RADAAN,RADAANEQN,3.13,3.13,3.13,0.0,0.0,304,951,3.99,2.35
VIKASLIFE,VIKASLIFEEQN,1.28,1.28,1.28,0.0,0.0,18112,23183,2.29,1.05
APARINDS,APARINDSEQN,17876.0,17876.0,17876.0,0.0,0.0,361,6453236,19265.0,6801.0
GUFICBIO,GUFICBIOEQN,437.45,437.45,437.45,0.0,0.0,101,44182,467.8,268.0
BIKAJI,BIKAJIEQN,591.1,591.1,591.1,0.0,0.0,5253,3105048,775.0,532.75
BILVYAPAR,BILVYAPARBEN,4.29,4.29,4.29,0.0,0.0,81,347,14.7,3.8
MKPL,MKPLEQN,4.04,4.04,4.04,0.0,0.0,2176,8791,7.84,3.56
INNOVACAP,INNOVACAPEQN,1297.6,1297.6,1297.6,0.0,0.0,629,816190,1353.5,622.0
RTNPOWER,RTNPOWEREQN,7.11,7.11,7.11,0.0,0.0,92561,658108,12.27,6.95
JAIPURKURT,JAIPURKURTEQN,24.95,24.95,24.95,0.0,0.0,50,1247,42.74,23.91
SHAHALLOYS,SHAHALLOYSBEN,91.45,91.45,91.45,0.0,0.0,10,914,116.85,53.1
SHRENIK,SHRENIKBZN,0.28,0.28,0.28,0.0,0.0,45977,12873,0.65,0.27
NEXTMEDIA,NEXTMEDIAEQN,3.79,3.79,3.79,0.0,0.0,1500,5685,8.48,3.16
ANKITMETAL,ANKITMETALBZN,1.82,1.82,1.82,0.0,0.0,1,1,2.12,1.29
KOPRAN,KOPRANEQN,279.42,279.42,279.42,0.0,0.0,1573,439527,287.2,107.0
MTEDUCARE,MTEDUCAREBEN,1.66,1.66,1.66,0.0,0.0,904,1500,2.53,1.17
VISAKAIND,VISAKAINDEQN,96.08,96.08,96.08,0.0,0.0,3495,335799,104.41,50.2
BUTTERFLY,BUTTERFLYEQN,566.0,566.0,566.0,0.0,0.0,120,67920,823.85,559.75
KANANIIND,KANANIINDEQN,1.42,1.42,1.42,0.0,0.0,202,286,2.04,1.02
SAMPANN,SAMPANNEQN,24.34,24.34,24.34,0.0,0.0,1000,24340,43.44,23.11
BLUEWATER,BLUEWATERSTN,500.0,500.0,500.0,0.0,0.0,1000,500000,502.95,128.0
BLUSPRING,BLUSPRINGEQN,132.59,132.59,132.59,0.0,0.0,255,33810,139.8,43.98
VIVIDHA,VIVIDHAEQN,0.52,0.52,0.52,0.0,0.0,1965,1021,0.91,0.43
ASAHISONG,ASAHISONGBEN,382.9,382.9,382.9,0.0,0.0,10,3829,413.95,179.64
ZEELEARN,ZEELEARNEQN,6.84,6.84,6.84,0.0,0.0,4788,32749,10.45,4.17
DCMFINSERV,DCMFINSERVEQN,5.01,5.01,5.01,0.0,0.0,1,5,8.55,3.7
KHAITANLTD,KHAITANLTDEQN,153.14,153.14,153.14,0.0,0.0,1,153,178.0,85.0
GANESHHOU,GANESHHOUEQN,746.1,746.1,746.1,0.0,0.0,1,746,899.7,500.0
AHCL,AHCLEQN,29.68,29.68,29.68,0.0,0.0,228950,6795236,31.29,10.37
CRIZAC,CRIZACEQN,176.5,176.5,176.5,0.0,0.0,291,51361,333.0,159.95
ARROWGREEN,ARROWGREENEQN,900.0,900.0,900.0,0.0,0.0,151,135900,952.75,341.95
BIRLANU,BIRLANUEQN,1407.3,1407.3,1407.3,0.0,0.0,87,122435,2012.4,1190.1
WSI,WSIEQN,58.13,58.13,58.13,0.0,0.0,8,465,95.0,53.8
AKSHAR,AKSHAREQN,0.41,0.41,0.41,0.0,0.0,55703,22838,0.76,0.36
TECHLABS,TECHLABSSMN,115.95,115.95,115.95,0.0,0.0,250,28987,533.0,105.0
TERASOFT,TERASOFTEQN,230.8,230.8,230.8,0.0,0.0,79,18233,598.0,223.25
AMARJOTHI,AMARJOTHIEQN,148.12,148.12,148.12,0.0,0.0,177,26217,166.0,141.65
DEEPINDS,DEEPINDSEQN,772.9,772.9,772.9,0.0,0.0,731,564989,825.0,330.0
GILLETTE,GILLETTEEQN,7094.0,7094.0,7094.0,0.0,0.0,47,333418,10174.0,6922.0
VIKRAMSOLR,VIKRAMSOLREQN,163.34,163.34,163.34,0.0,0.0,6672,1089804,354.4,155.38
BUILDPRO,BUILDPROEQN,1292.3,1292.3,1292.3,0.0,0.0,29,37476,1380.0,636.0
CANFINHOME,CANFINHOMEEQN,757.95,757.95,757.95,0.0,0.0,439,332740,971.5,738.3
POLYPLEX,POLYPLEXEQN,1117.1,1117.1,1117.1,0.0,0.0,68,75962,1264.0,740.0
VELJAN,VELJANBEN,2051.2,2051.2,2051.2,0.0,0.0,17,34870,2065.3,812.0
WAKEFIT,WAKEFITEQN,146.78,146.78,146.78,0.0,0.0,58,8513,224.0,111.4
GTPL,GTPLEQN,56.07,56.07,56.07,0.0,0.0,7,392,118.25,50.85
HAMPTON,HAMPTONEQN,8.09,8.09,8.09,0.0,0.0,18,145,9.65,7.01
REGAAL,REGAALEQN,94.56,94.56,94.56,0.0,0.0,2854,269874,103.49,57.27
ALUFLUOR,ALUFLUOREQN,577.55,577.55,577.55,0.0,0.0,24,13861,581.75,421.0
SAKUMA,SAKUMAEQN,1.67,1.67,1.67,0.0,0.0,173521,289780,3.1,1.1
CORONA,CORONAEQN,2163.4,2163.4,2163.4,0.0,0.0,26,56248,2292.4,1336.6
WPIL,WPILEQN,440.0,440.0,440.0,0.0,0.0,1,440,510.35,383.55
UDAYJEW,UDAYJEWEQN,153.87,153.87,153.87,0.0,0.0,52,8001,180.89,115.04
FREDUN,FREDUNEQN,1394.0,1394.0,1394.0,0.0,0.0,16,22304,1590.0,1195.2
ADVIKCA,ADVIKCAEQN,1.01,1.01,1.01,0.0,0.0,6162,6223,1.27,0.91
ADDIND,ADDINDEQN,74.05,74.05,74.05,0.0,0.0,1,74,94.6,71.05
FSL,FSLEQN,267.85,267.85,267.85,0.0,0.0,887,237582,371.75,202.0
BROOKS,BROOKSEQN,61.0,61.0,61.0,0.0,0.0,1700,103700,152.39,36.3
SWARNSAR,SWARNSAREQN,42.04,42.04,42.04,0.0,0.0,262,11014,45.7,32.0
CMRGREEN,CMRGREENEQN,227.73,227.73,227.73,0.0,0.0,168,38258,268.96,205.25
HILINFRA,HILINFRAEQN,43.56,43.56,43.56,0.0,0.0,170,7405,87.2,40.1
BLUECOAST,BLUECOASTEQN,20.82,20.82,20.82,0.0,0.0,13,270,71.47,18.57
DHARAN,DHARANBZN,0.14,0.14,0.14,0.0,0.0,181872,25462,0.61,0.11
MAHLIFE,MAHLIFEEQN,356.6,356.6,356.6,0.0,0.0,397,141570,427.05,286.8
ODIGMA,ODIGMAEQN,21.1,21.1,21.1,0.0,0.0,41,865,54.4,20.0
ANTELOPUS,ANTELOPUSEQN,1161.2,1161.2,1161.2,0.0,0.0,1469,1705802,1218.3,357.0
PARKHOSPS,PARKHOSPSEQN,286.55,286.55,286.55,0.0,0.0,817,234111,305.0,138.1
PRISMX,PRISMXEQN,0.53,0.53,0.53,0.0,0.0,1093,579,0.63,0.47
ESABINDIA,ESABINDIAEQN,5604.5,5604.5,5604.5,0.0,0.0,2,11209,7319.5,4710.0
RMC,RMCEQN,221.94,221.93,221.93,-0.01,0.0,103,22858,530.0,194.1
MMWL,MMWLEQN,13.7,13.7,13.7,0.0,0.0,51,698,16.57,9.02
MUNISH,MUNISHSMN,94.95,94.95,94.95,0.0,0.0,1200,113940,143.0,50.2
RCOM,RCOMBEN,0.93,0.93,0.93,0.0,0.0,159273,148123,1.51,0.75
TRANSCOR,TRANSCOREQN,24.28,24.28,24.28,0.0,0.0,1,24,29.0,21.0
RSSOFTWARE,RSSOFTWAREEQN,32.39,32.39,32.39,0.0,0.0,1,32,82.0,21.93
QMSMEDI,QMSMEDIBEN,195.1,195.1,195.1,0.0,0.0,740,144374,197.0,68.95
AKSHARCHEM,AKSHARCHEMBEN,389.95,389.95,389.95,0.0,0.0,62,24176,472.0,141.3
UFBL,UFBLBEN,722.1,722.1,722.1,0.0,0.0,7,5054,850.0,172.34
WATERBASE,WATERBASEEQN,46.66,46.66,46.66,0.0,0.0,24,1119,54.0,44.11
ELPROINTL,ELPROINTLEQN,171.5,171.5,171.5,0.0,0.0,66,11319,180.89,86.0
IMAGICAA,IMAGICAAEQN,52.84,52.84,52.84,0.0,0.0,5051,266894,62.0,36.84
BFINVEST,BFINVESTEQN,446.7,446.7,446.7,0.0,0.0,12,5360,584.7,315.0
RUBFILA,RUBFILAEQN,66.04,66.04,66.04,0.0,0.0,17,1122,86.48,57.31
SAIPARENT,SAIPARENTEQN,509.3,509.3,509.3,0.0,0.0,3,1527,706.0,400.0
DHABRIYA,DHABRIYABEN,494.7,494.7,494.7,0.0,0.0,244,120706,603.0,460.0
RHFL,RHFLBZN,1.69,1.69,1.69,0.0,0.0,3063,5176,4.25,1.67
RUSTOMJEE,RUSTOMJEEEQN,365.75,365.75,365.75,0.0,0.0,2,731,634.0,331.9
HCL-INSYS,HCL-INSYSEQN,10.93,10.93,10.93,0.0,0.0,1751,19138,16.5,9.01
JARO,JAROEQN,462.5,462.5,462.5,0.0,0.0,33,15262,890.0,383.5
CENTURYPLY,CENTURYPLYEQN,711.9,711.9,711.9,0.0,0.0,54,38442,859.0,618.5
CRSL,CRSLBEN,2.53,2.53,2.53,0.0,0.0,1852,4685,3.56,1.72
AARTISURF,AARTISURFBEN,530.95,530.95,530.95,0.0,0.0,17,9026,677.7,316.0
SREEL,SREELBEN,293.89,293.89,293.89,0.0,0.0,903,265382,400.0,165.25
FLUOROCHEM,FLUOROCHEMEQN,4476.4,4476.4,4476.4,0.0,0.0,167,747558,4958.9,2916.6
RMDRIP,RMDRIPBEN,23.61,23.61,23.61,0.0,0.0,166,3919,72.22,14.81
RPPL,RPPLBEN,20.46,20.46,20.46,0.0,0.0,1,20,26.97,14.25
SUPREMEINF,SUPREMEINFEQN,81.0,81.0,81.0,0.0,0.0,1,81,112.0,58.11
GKSL,GKSLEQN,177.71,177.71,177.71,0.0,0.0,1096,194770,186.99,98.36
AONESILVER,AONESILVEREQN,8.8,8.8,8.8,0.0,0.0,19,167,12.0,7.43
JUSTDIAL,JUSTDIALEQN,693.55,693.55,693.55,0.0,0.0,978,678291,878.6,480.5
GOODYEAR,GOODYEAREQN,709.7,709.7,709.7,0.0,0.0,7,4967,876.0,700.1
TATVA,TATVAEQN,1778.1,1778.0,1778.0,-0.1,-0.01,186,330708,1838.1,981.5
SHK,SHKEQN,144.45,144.44,144.44,-0.01,-0.01,1390,200771,250.07,111.98
ONESOURCE,ONESOURCEEQN,1596.7,1596.5,1596.5,-0.2,-0.01,1017,1623640,1925.0,1057.0
PNGJL,PNGJLEQN,605.0,604.95,604.95,-0.05,-0.01,220,133089,736.4,503.0
SETL,SETLEQN,407.0,406.95,406.95,-0.05,-0.01,1489,605948,468.15,104.56
CHALET,CHALETEQN,884.05,884.0,884.0,-0.05,-0.01,216,190944,1031.1,691.35
AETHER,AETHEREQN,1648.2,1648.0,1648.0,-0.2,-0.01,129,212592,1717.0,728.0
SHILCTECH,SHILCTECHEQN,4147.6,4147.0,4147.0,-0.6,-0.01,23,95381,5399.0,2852.5
ZFCVINDIA,ZFCVINDIAEQN,2357.2,2356.9,2356.9,-0.3,-0.01,12,28282,3044.0,2050.33
TINNARUBR,TINNARUBREQN,1007.25,1007.15,1007.15,-0.1,-0.01,27,27193,1322.0,527.45
VISHNU,VISHNUEQN,723.95,723.9,723.9,-0.05,-0.01,43,31127,744.0,443.7
RSL,RSLEQN,184.02,184.0,184.0,-0.02,-0.01,321,59064,202.22,101.7
TVSSRICHAK,TVSSRICHAKEQN,4651.0,4650.5,4650.5,-0.5,-0.01,4,18602,5760.0,3135.0
SINGERIND,SINGERINDEQN,79.13,79.12,79.12,-0.01,-0.01,535,42329,91.3,57.15
PREMEXPLN,PREMEXPLNEQN,675.15,675.0,675.0,-0.15,-0.02,704,475200,829.8,378.4
KINGFA,KINGFAEQN,6240.5,6239.0,6239.0,-1.5,-0.02,32,199648,6347.0,3649.9
DRREDDY,DRREDDYEQN,1211.2,1210.9,1210.9,-0.3,-0.02,7658,9273072,1414.9,1101.0
STYLAMIND,STYLAMINDEQN,3355.6,3355.0,3355.0,-0.6,-0.02,65,218075,4150.0,1621.0
UNIPARTS,UNIPARTSEQN,861.2,861.0,861.0,-0.2,-0.02,156,134316,915.95,399.8
BAJEL,BAJELEQN,174.06,174.02,174.02,-0.04,-0.02,6,1044,219.64,135.1
RAMCOCEM,RAMCOCEMEQN,885.05,884.9,884.9,-0.15,-0.02,52,46014,1214.5,838.3
CAMPUS,CAMPUSEQN,211.05,211.0,211.0,-0.05,-0.02,859,181249,287.8,207.92
AGI,AGIEQN,837.2,837.0,837.0,-0.2,-0.02,195,163215,939.0,465.0
SHAILY,SHAILYEQN,3211.0,3210.3,3210.3,-0.7,-0.02,1102,3537750,3615.2,1770.9
SWARAJENG,SWARAJENGEQN,3559.3,3558.7,3558.7,-0.6,-0.02,1,3558,4540.0,3301.3
KRBL,KRBLEQN,404.85,404.75,404.75,-0.1,-0.02,629,254587,452.8,274.65
CASTROLIND,CASTROLINDEQN,193.23,193.2,193.2,-0.03,-0.02,4938,954021,207.2,170.1
HLEGLAS,HLEGLASEQN,446.85,446.75,446.75,-0.1,-0.02,355,158596,661.95,250.0
PICCADIL,PICCADILEQN,621.6,621.5,621.5,-0.1,-0.02,198,123057,809.7,515.0
JLHL,JLHLEQN,274.05,274.0,274.0,-0.05,-0.02,58,15892,340.0,235.6
DPEL,DPELSMN,640.15,640.0,640.0,-0.15,-0.02,500,320000,655.0,228.0
DREAMFOLKS,DREAMFOLKSEQN,63.91,63.9,63.9,-0.01,-0.02,106,6773,160.0,56.0
HRYNSHP,HRYNSHPEQN,99.52,99.5,99.5,-0.02,-0.02,1,99,104.05,91.0
SULA,SULAEQN,137.76,137.73,137.73,-0.03,-0.02,713,98201,285.5,132.06
JINDRILL,JINDRILLEQN,606.8,606.7,606.7,-0.1,-0.02,1504,912476,704.4,440.1
COFFEEDAY,COFFEEDAYEQN,31.0,30.99,30.99,-0.01,-0.03,224,6941,45.95,21.0
INDUSINVIT,INDUSINVITIVN,133.69,133.65,133.65,-0.04,-0.03,103,13765,138.0,113.21
GANDHITUBE,GANDHITUBEEQN,995.05,994.75,994.75,-0.3,-0.03,103,102459,1046.6,681.05
KOHINOOR,KOHINOOREQN,31.75,31.74,31.74,-0.01,-0.03,1,31,38.47,19.2
INGERRAND,INGERRANDEQN,4228.4,4227.1,4227.1,-1.3,-0.03,13,54952,4955.0,3063.3
DHANBANK,DHANBANKEQN,30.01,30.0,30.0,-0.01,-0.03,475,14250,36.85,19.45
ZYDUSLIFE,ZYDUSLIFEEQN,1170.1,1169.8,1169.8,-0.3,-0.03,2389,2794652,1205.0,835.5
DCMSRIND,DCMSRINDEQN,38.01,38.0,38.0,-0.01,-0.03,2,76,181.9,31.9
CELLO,CELLOEQN,324.1,324.0,324.0,-0.1,-0.03,141,45684,673.8,314.6
TOLINS,TOLINSEQN,91.58,91.55,91.55,-0.03,-0.03,250,22887,201.0,83.04
UNICHEMLAB,UNICHEMLABEQN,573.2,573.0,573.0,-0.2,-0.03,694,397662,687.2,278.2
KSB,KSBEQN,823.2,822.95,822.95,-0.25,-0.03,134,110275,1028.3,666.65
KUSUMGAR,KUSUMGAREQN,635.1,634.9,634.9,-0.2,-0.03,967,613948,659.5,533.0
GMBREW,GMBREWEQN,968.3,968.0,968.0,-0.3,-0.03,790,764720,1328.8,698.55
TRAVELFOOD,TRAVELFOODEQN,1214.5,1214.0,1214.0,-0.5,-0.04,159,193026,1470.9,1035.3
PPLPHARMA,PPLPHARMAEQN,210.74,210.65,210.65,-0.09,-0.04,17674,3723028,231.93,132.3
PRABHA,PRABHAEQN,234.8,234.71,234.71,-0.09,-0.04,522,122518,262.8,137.91
MEDPLUS,MEDPLUSEQN,662.0,661.75,661.75,-0.25,-0.04,10,6617,1022.2,645.0
NINSYS,NINSYSEQN,710.3,710.0,710.0,-0.3,-0.04,64,45440,935.0,281.05
NLCINDIA,NLCINDIAEQN,267.1,267.0,267.0,-0.1,-0.04,2669,712623,387.8,230.0
3MINDIA,3MINDIAEQN,34615.0,34600.0,34600.0,-15.0,-0.04,2,69200,38030.0,28730.0
CARBORUNIV,CARBORUNIVEQN,1264.5,1264.0,1264.0,-0.5,-0.04,2209,2792176,1306.9,735.2
BELLACASA,BELLACASAEQN,284.12,284.0,284.0,-0.12,-0.04,102,28968,497.35,214.68
RAJESHEXPO,RAJESHEXPOBZN,68.53,68.5,68.5,-0.03,-0.04,1932,132342,237.88,66.61
SHIVAUM,SHIVAUMEQN,513.2,513.0,513.0,-0.2,-0.04,15,7695,519.0,275.0
NEPHROCARE,NEPHROCARESMN,98.45,98.4,98.4,-0.05,-0.05,800,78720,156.35,50.05
AVL,AVLEQN,624.4,624.1,624.1,-0.3,-0.05,19,11857,705.0,436.55
DABUR,DABUREQN,387.4,387.2,387.2,-0.2,-0.05,3507,1357910,534.0,368.05
EIDPARRY,EIDPARRYEQN,701.4,701.05,701.05,-0.35,-0.05,2767,1939805,1118.0,682.75
CMSINFO,CMSINFOEQN,234.12,234.0,234.0,-0.12,-0.05,1686,394524,405.65,220.99
ORIENTELEC,ORIENTELECEQN,168.08,168.0,168.0,-0.08,-0.05,450,75600,217.51,149.05
JKIL,JKILEQN,479.6,479.35,479.35,-0.25,-0.05,45,21570,672.0,425.0
IRBINVIT,IRBINVITIVN,64.43,64.4,64.4,-0.03,-0.05,1207,77730,65.25,57.05
MANORG,MANORGEQN,458.15,457.9,457.9,-0.25,-0.05,2,915,635.0,356.25
APOLLOTYRE,APOLLOTYREEQN,405.7,405.5,405.5,-0.2,-0.05,9902,4015261,540.5,365.3
ALLTIME,ALLTIMEEQN,205.36,205.25,205.25,-0.11,-0.05,5,1026,314.7,186.0
INDOAMIN,INDOAMINBEN,137.07,137.0,137.0,-0.07,-0.05,156,21372,149.0,81.9
MANIPALHOS,MANIPALHOSEQN,760.95,760.6,760.6,-0.35,-0.05,2050,1559230,815.0,625.45
KRN,KRNEQN,1412.6,1411.8,1411.8,-0.8,-0.06,534,753901,1687.0,589.8
ANANDRATHI,ANANDRATHIEQN,2169.2,2168.0,2168.0,-1.2,-0.06,336,728448,2268.4,1353.85
ADOR,ADOREQN,1598.0,1597.0,1597.0,-1.0,-0.06,36,57492,1766.4,848.0
SGMART,SGMARTEQN,731.45,731.0,731.0,-0.45,-0.06,87,63597,860.6,313.1
ESSARSHPNG,ESSARSHPNGEQN,16.38,16.37,16.37,-0.01,-0.06,1070,17515,43.26,15.43
ENGINERSIN,ENGINERSINEQN,306.2,303.5,303.5,-0.2,-0.07,32092,9739922,309.5,163.55
BRIGADE,BRIGADEEQN,616.45,616.0,616.0,-0.45,-0.07,506,311696,802.01,450.75
HIRECT,HIRECTEQN,1239.9,1239.0,1239.0,-0.9,-0.07,60,74340,1399.0,565.2
NELCO,NELCOEQN,1020.75,1020.0,1020.0,-0.75,-0.07,1142,1164840,1120.0,500.1
MUKANDLTD,MUKANDLTDEQN,157.11,157.0,157.0,-0.11,-0.07,8891,1395887,158.8,114.31
PONNIERODE,PONNIERODEEQN,375.25,375.0,375.0,-0.25,-0.07,380,142500,455.0,252.4
EUROPRATIK,EUROPRATIKEQN,220.15,220.0,220.0,-0.15,-0.07,460,101200,390.0,205.1
INDOCO,INDOCOEQN,251.16,250.99,250.99,-0.17,-0.07,31,7780,317.35,162.19
MWL,MWLEQN,44.63,44.6,44.6,-0.03,-0.07,744,33182,48.0,20.0
PFS,PFSEQN,26.72,26.7,26.7,-0.02,-0.07,549,14658,40.5,23.85
QGOLDHALF,QGOLDHALFEQN,124.98,124.89,124.89,-0.09,-0.07,800,99912,149.69,90.75
CENTUM,CENTUMEQN,4826.1,4822.3,4822.3,-3.8,-0.08,343,1654048,4999.5,2044.2
SJVN,SJVNEQN,63.25,63.2,63.2,-0.05,-0.08,10536,665875,93.99,62.85
AADHARHFC,AADHARHFCEQN,454.55,454.2,454.2,-0.35,-0.08,1856,842995,563.0,430.15
INA,INAEQN,91.47,91.4,91.4,-0.07,-0.08,456,41678,161.81,79.75
DECCANCE,DECCANCEEQN,560.45,560.0,560.0,-0.45,-0.08,225,126000,1158.0,525.0
POCL,POCLEQN,487.4,487.0,487.0,-0.4,-0.08,2381,1159547,647.6,392.2
CARERATING,CARERATINGEQN,1639.6,1638.3,1638.3,-1.3,-0.08,12,19659,1838.0,1392.7
JTEKTINDIA,JTEKTINDIAEQN,119.99,119.89,119.89,-0.1,-0.08,396,47476,187.95,114.82
DYCL,DYCLEQN,476.9,476.5,476.5,-0.4,-0.08,3976,1894564,560.0,236.8
NEOGEN,NEOGENEQN,2392.1,2390.2,2390.2,-1.9,-0.08,108,258141,2499.7,966.7
SOTL,SOTLEQN,715.6,715.0,715.0,-0.6,-0.08,590,421850,850.1,285.8
CESC,CESCEQN,142.56,142.44,142.44,-0.12,-0.08,7864,1120148,204.5,138.12
WELENT,WELENTEQN,774.0,773.4,773.4,-0.6,-0.08,108,83527,841.9,412.0
STAR,STAREQN,1223.3,1222.2,1222.2,-1.1,-0.09,320,391104,1260.9,768.65
LINCOLN,LINCOLNEQN,603.55,603.0,603.0,-0.55,-0.09,1,603,770.0,440.0
AURUM,AURUMEQN,223.19,223.0,223.0,-0.19,-0.09,34,7582,264.64,151.9
EMCURE,EMCUREEQN,1981.7,1980.0,1980.0,-1.7,-0.09,368,728640,2100.7,1260.0
ABBOTINDIA,ABBOTINDIAEQN,26935.0,26910.0,26910.0,-25.0,-0.09,21,565110,30655.0,25135.0
ICRA,ICRAEQN,4533.3,4529.0,4529.0,-4.3,-0.09,199,901271,6982.0,4515.0
GHCLTEXTIL,GHCLTEXTILEQN,134.61,134.49,134.49,-0.12,-0.09,2501,336359,144.59,65.26
AMDIND,AMDINDBEN,57.58,57.53,57.53,-0.05,-0.09,463,26636,74.39,33.77
TIMKEN,TIMKENEQN,3287.9,3285.1,3285.1,-2.8,-0.09,73,239812,3925.0,2800.5
IRISDOREME,IRISDOREMEEQN,66.26,66.2,66.2,-0.06,-0.09,1115,73813,68.0,26.35
HONDAPOWER,HONDAPOWEREQN,1931.7,1930.0,1930.0,-1.7,-0.09,8,15440,2900.0,1816.6
BRIGHOTEL,BRIGHOTELEQN,57.05,57.0,57.0,-0.05,-0.09,510,29070,87.79,54.36
DEEPAKFERT,DEEPAKFERTEQN,1386.2,1385.0,1385.0,-1.2,-0.09,1029,1425165,1681.0,866.4
ADVAIT,ADVAITEQN,1976.8,1975.0,1975.0,-1.8,-0.09,309,610275,2485.0,1351.0
SYMBIOTEC,SYMBIOTECEQN,1062.0,1061.05,1061.05,-0.95,-0.09,3766,3995914,1193.7,934.2
ECOSMOBLTY,ECOSMOBLTYEQN,109.11,109.0,109.0,-0.11,-0.1,1,109,285.65,103.94
MUTHOOTMF,MUTHOOTMFEQN,189.19,189.0,189.0,-0.19,-0.1,270,51030,262.77,141.2
RATNAMANI,RATNAMANIEQN,2800.8,2798.0,2798.0,-2.8,-0.1,30,83940,3345.0,1936.5
GLAXO,GLAXOEQN,2876.9,2874.0,2874.0,-2.9,-0.1,26,74724,3120.7,2088.1
AUROPHARMA,AUROPHARMAEQN,1721.5,1719.7,1719.7,-1.8,-0.1,1936,3329339,1738.9,1066.8
FINPIPE,FINPIPEEQN,154.16,154.0,154.0,-0.16,-0.1,1241,191114,216.25,147.54
KWIL,KWILEQN,41.92,41.88,41.88,-0.04,-0.1,39109,1637884,50.68,22.24
AAKASH,AAKASHEQN,9.13,9.12,9.12,-0.01,-0.11,504,4596,13.4,7.21
SAURASHCEM,SAURASHCEMEQN,53.86,53.8,53.8,-0.06,-0.11,30,1614,112.25,47.65
COASTCORP,COASTCORPEQN,38.04,38.0,38.0,-0.04,-0.11,3,114,66.7,32.5
PTC,PTCEQN,157.08,156.9,156.9,-0.18,-0.11,12677,1989021,229.51,149.59
DEEPAKNTR,DEEPAKNTREQN,1635.8,1634.0,1634.0,-1.8,-0.11,352,575168,1904.4,1280.0
SHARDAMOTR,SHARDAMOTREQN,971.85,970.8,970.8,-1.05,-0.11,152,147561,1189.9,700.0
GENUSPOWER,GENUSPOWEREQN,308.35,308.0,308.0,-0.35,-0.11,7534,2320472,363.0,210.4
FUSION,FUSIONEQN,184.2,184.0,184.0,-0.2,-0.11,730,134320,243.0,136.5
PATELRMART,PATELRMARTEQN,210.33,210.1,210.1,-0.23,-0.11,350,73535,266.0,150.25
IZMO,IZMOEQN,931.15,930.1,930.1,-1.05,-0.11,125,116262,1374.7,562.0
RADIANTCMS,RADIANTCMSEQN,35.54,35.5,35.5,-0.04,-0.11,504,17892,57.49,32.33
GPTINFRA,GPTINFRAEQN,116.29,116.15,116.15,-0.14,-0.12,764,88738,150.0,96.22
CSBBANK,CSBBANKEQN,336.4,336.0,336.0,-0.4,-0.12,606,203616,574.4,295.0
BLS,BLSEQN,230.07,229.8,229.8,-0.27,-0.12,2357,541638,362.9,218.9
SHALBY,SHALBYEQN,145.67,145.5,145.5,-0.17,-0.12,1082,157431,273.0,125.82
UFLEX,UFLEXEQN,670.45,669.65,669.65,-0.8,-0.12,358,239734,723.5,330.0
GAEL,GAELEQN,163.19,163.0,163.0,-0.19,-0.12,1327,216301,184.99,101.2
PNCINFRA,PNCINFRAEQN,139.17,139.0,139.0,-0.17,-0.12,2167,301213,311.0,116.4
IOB,IOBEQN,32.13,32.09,32.09,-0.04,-0.12,20026,642634,41.8,31.2
DBCORP,DBCORPEQN,182.22,182.0,182.0,-0.22,-0.12,86,15652,280.55,181.52
ASKAUTOLTD,ASKAUTOLTDEQN,651.25,650.5,650.5,-0.75,-0.12,331,215315,687.7,375.3
STALLION,STALLIONBEN,224.26,224.0,224.0,-0.26,-0.12,534,119616,359.15,99.32
PANORAMA,PANORAMAEQN,56.87,56.8,56.8,-0.07,-0.12,6732,382377,56.99,40.0
KMCSHIL,KMCSHILEQN,162.2,162.0,162.0,-0.2,-0.12,349,56538,166.3,128.48
POWERINDIA,POWERINDIAEQN,31150.0,31110.0,31110.0,-40.0,-0.13,241,7497510,38785.0,16111.0
RIIL,RIILEQN,719.95,719.0,719.0,-0.95,-0.13,142,102098,964.0,617.35
FMGOETZE,FMGOETZEEQN,453.55,452.95,452.95,-0.6,-0.13,107,48465,641.1,358.0
JKPAPER,JKPAPEREQN,415.25,414.7,414.7,-0.55,-0.13,1638,679278,444.8,304.85
CARYSIL,CARYSILEQN,1085.1,1083.7,1083.7,-1.4,-0.13,28,30343,1280.9,732.1
CUMMINSIND,CUMMINSINDEQN,5010.0,5003.5,5003.5,-6.5,-0.13,192,960672,6100.0,3833.0
ZEEL,ZEELEQN,77.28,77.18,77.18,-0.1,-0.13,52650,4063527,120.38,68.0
GLOBUSSPR,GLOBUSSPREQN,829.1,828.0,828.0,-1.1,-0.13,210,173880,1252.8,800.05
MANBA,MANBAEQN,139.19,139.0,139.0,-0.19,-0.14,10,1390,154.0,98.0
ENERGYDEV,ENERGYDEVEQN,14.71,14.69,14.69,-0.02,-0.14,107,1571,29.69,13.15
RPOWER,RPOWEREQN,21.03,21.0,21.0,-0.03,-0.14,93425,1961925,50.73,20.17
ABAN,ABANBEN,14.02,14.0,14.0,-0.02,-0.14,209,2926,45.62,12.89
TIMETECHNO,TIMETECHNOEQN,181.96,181.7,181.7,-0.26,-0.14,2336,424451,249.15,154.0
LUPIN,LUPINEQN,2102.8,2099.9,2099.9,-2.9,-0.14,2111,4432888,2529.5,1900.0
RBZJEWEL,RBZJEWELBEN,178.05,177.8,177.8,-0.25,-0.14,92,16357,204.7,100.0
BOSCHLTD,BOSCHLTDEQN,47955.0,47890.0,47890.0,-65.0,-0.14,131,6273590,50000.0,28610.0
FISCHER,FISCHEREQN,35.03,34.98,34.98,-0.05,-0.14,1304,45613,124.7,31.05
ALGOQUANT,ALGOQUANTEQN,72.1,72.0,72.0,-0.1,-0.14,2197,158184,76.2,47.8
RESPONIND,RESPONINDEQN,162.24,162.0,162.0,-0.24,-0.15,75,12150,240.9,117.25
CUB,CUBEQN,225.34,225.0,225.0,-0.34,-0.15,7420,1669500,248.85,153.26
GODFRYPHLP,GODFRYPHLPEQN,2003.0,1999.9,1999.9,-3.1,-0.15,1090,2179891,3540.0,1832.1
MAMATA,MAMATAEQN,423.35,422.7,422.7,-0.65,-0.15,367,155130,510.0,297.0
VRLLOG,VRLLOGEQN,291.75,291.3,291.3,-0.45,-0.15,138,40199,310.2,225.0
EFCIL,EFCILEQN,183.08,182.8,182.8,-0.28,-0.15,180,32904,329.26,171.42
CRAMC,CRAMCEQN,230.35,230.0,230.0,-0.35,-0.15,8509,1957070,353.4,214.2
JSWCEMENT,JSWCEMENTEQN,118.18,118.0,118.0,-0.18,-0.15,4031,475658,150.09,106.65
GANECOS,GANECOSEQN,1036.6,1035.0,1035.0,-1.6,-0.15,93,96255,1288.0,653.55
LICMFGOLD,LICMFGOLDEQN,135.9,135.7,135.7,-0.2,-0.15,59,8006,162.0,101.22
ORIENTCEM,ORIENTCEMEQN,124.89,124.7,124.7,-0.19,-0.15,560,69832,237.29,120.6
TMB,TMBEQN,921.4,920.0,920.0,-1.4,-0.15,1809,1664280,954.2,420.0
SMCGLOBAL,SMCGLOBALEQN,87.14,87.0,87.0,-0.14,-0.16,4368,380016,95.0,54.44
MAHLOG,MAHLOGEQN,416.55,415.9,415.9,-0.65,-0.16,164,68207,450.0,275.05
HUHTAMAKI,HUHTAMAKIEQN,250.0,249.6,249.6,-0.4,-0.16,200,49920,330.0,148.6
SAKHTISUG,SAKHTISUGEQN,18.23,18.2,18.2,-0.03,-0.16,39,709,23.29,13.52
SATIN,SATINEQN,225.3,224.95,224.95,-0.35,-0.16,815,183334,274.14,135.81
SIKKO,SIKKOBEN,6.12,6.11,6.11,-0.01,-0.16,2493,15232,6.83,3.2
LCCPROJECT,LCCPROJECTEQN,146.59,146.35,146.35,-0.24,-0.16,18574,2718304,189.0,140.57
ZENSARTECH,ZENSARTECHEQN,430.75,430.0,430.0,-0.75,-0.17,4676,2010680,822.0,421.0
SOUTHBANK,SOUTHBANKEQN,47.08,47.0,47.0,-0.08,-0.17,49469,2325043,49.9,28.5
ANUP,ANUPEQN,1698.4,1695.5,1695.5,-2.9,-0.17,102,172941,2525.9,1422.3
STARPAPER,STARPAPEREQN,156.27,156.0,156.0,-0.27,-0.17,1,156,177.8,119.05
PNBGILTS,PNBGILTSEQN,76.33,76.2,76.2,-0.13,-0.17,431,32842,103.45,58.6
WSTCSTPAPR,WSTCSTPAPREQN,747.25,746.0,746.0,-1.25,-0.17,376,280496,777.0,375.0
NACLIND,NACLINDEQN,139.23,139.0,139.0,-0.23,-0.17,1552,215728,245.0,112.62
INDGN,INDGNEQN,598.4,597.4,597.4,-1.0,-0.17,1316,786178,615.5,414.0
SPARC,SPARCEQN,205.65,205.28,205.28,-0.37,-0.18,5638,1157368,289.0,108.0
IIFLCAPS,IIFLCAPSEQN,353.05,352.4,352.4,-0.65,-0.18,4130,1455412,411.3,240.4
ABFRL,ABFRLEQN,49.09,49.0,49.0,-0.09,-0.18,25929,1270521,93.43,48.71
SHILPAMED,SHILPAMEDEQN,1037.7,1035.8,1035.8,-1.9,-0.18,602,623551,1075.0,259.5
RSYSTEMS,RSYSTEMSEQN,239.6,239.17,239.17,-0.43,-0.18,267,63858,435.9,213.52
NEULANDLAB,NEULANDLABEQN,22490.0,22450.0,22450.0,-40.0,-0.18,148,3322600,24225.0,11500.0
TORNTPHARM,TORNTPHARMEQN,4985.0,4976.0,4976.0,-9.0,-0.18,405,2015280,5250.0,3480.6
SHRIPISTON,SHRIPISTONEQN,4489.8,4481.5,4481.5,-8.3,-0.18,40,179260,4785.8,2525.8
INFOMEDIA,INFOMEDIAEQN,5.48,5.47,5.47,-0.01,-0.18,366,2002,8.05,4.5
RICOAUTO,RICOAUTOEQN,129.23,129.0,129.0,-0.23,-0.18,3124,402996,157.99,78.92
SAATVIKGL,SAATVIKGLEQN,447.6,446.8,446.8,-0.8,-0.18,178,79530,567.0,328.0
PNGSREVA,PNGSREVAEQN,525.95,525.0,525.0,-0.95,-0.18,532,279300,644.0,324.25
DIVGIITTS,DIVGIITTSEQN,1177.1,1175.0,1175.0,-2.1,-0.18,342,401850,1329.8,573.7
BHARTIARTL,BHARTIARTLEQN,1833.2,1829.7,1829.7,-3.5,-0.19,51187,93656853,2174.5,1740.5
SARDAEN,SARDAENEQN,505.95,505.0,505.0,-0.95,-0.19,879,443895,624.0,453.1
TASTYBITE,TASTYBITEEQN,10180.0,10161.0,10161.0,-19.0,-0.19,13,132093,10544.0,6430.0
BAJAJHIND,BAJAJHINDEQN,20.52,20.48,20.48,-0.04,-0.19,59639,1221406,26.0,14.85
IGARASHI,IGARASHIEQN,431.8,431.0,431.0,-0.8,-0.19,11,4741,558.0,271.05
VALIANTORG,VALIANTORGEQN,420.8,420.0,420.0,-0.8,-0.19,130,54600,442.1,195.0
ORCHPHARMA,ORCHPHARMAEQN,1102.05,1100.0,1100.0,-2.05,-0.19,155,170500,1143.5,480.0
VISHWARAJ,VISHWARAJEQN,5.35,5.34,5.34,-0.01,-0.19,232,1238,8.5,4.14
KPITTECH,KPITTECHEQN,527.0,526.0,526.0,-1.0,-0.19,3562,1873612,1284.9,524.0
UBL,UBLEQN,1242.3,1240.0,1240.0,-2.3,-0.19,218,270320,1844.0,1210.4
PAKKA,PAKKAEQN,77.15,77.0,77.0,-0.15,-0.19,280,21560,167.2,69.1
JSWENERGY,JSWENERGYEQN,521.0,520.0,520.0,-1.0,-0.19,3022,1571440,617.35,427.75
NUVAMA,NUVAMAEQN,1688.2,1685.0,1685.0,-3.2,-0.19,228,384180,2066.0,1096.9
GVPIL,GVPILEQN,686.3,685.0,685.0,-1.3,-0.19,73,50005,1084.0,270.9
IVZINGOLD,IVZINGOLDEQN,131.25,131.0,131.0,-0.25,-0.19,8,1048,156.0,97.55
ARKADE,ARKADEEQN,127.73,127.47,127.47,-0.26,-0.2,588,74952,180.64,92.62
DAMCAPITAL,DAMCAPITALEQN,140.39,140.11,140.11,-0.28,-0.2,951,133244,286.0,119.22
M&M,M&MEQN,3035.0,3028.8,3028.8,-6.2,-0.2,14010,42433488,3839.9,2896.0
KAJARIACER,KAJARIACEREQN,1216.4,1214.0,1214.0,-2.4,-0.2,42,50988,1293.8,869.6
FIRSTCRY,FIRSTCRYEQN,180.41,180.05,180.05,-0.36,-0.2,7728,1391426,390.8,163.37
LATENTVIEW,LATENTVIEWEQN,253.4,252.9,252.9,-0.5,-0.2,804,203331,517.5,248.0
KALYANKJIL,KALYANKJILEQN,584.25,583.1,583.1,-1.15,-0.2,7362,4292782,648.95,327.05
MANYAVAR,MANYAVAREQN,531.15,530.1,530.1,-1.05,-0.2,136,72093,751.8,329.2
NAVNETEDUL,NAVNETEDULEQN,123.75,123.5,123.5,-0.25,-0.2,461,56933,166.0,121.5
USHAMART,USHAMARTEQN,535.05,534.0,534.0,-1.05,-0.2,3312,1768608,542.6,380.0
PRIVISCL,PRIVISCLEQN,3483.8,3476.9,3476.9,-6.9,-0.2,186,646703,3785.3,2339.5
GRAVITA,GRAVITAEQN,1561.1,1558.0,1558.0,-3.1,-0.2,633,986214,1913.6,1266.9
CHEMCRUX,CHEMCRUXEQN,78.16,78.0,78.0,-0.16,-0.2,100,7800,89.29,77.5
CAPILLARY,CAPILLARYEQN,545.55,544.45,544.45,-1.1,-0.2,216,117601,798.95,438.15
DCMSHRIRAM,DCMSHRIRAMEQN,980.0,978.0,978.0,-2.0,-0.2,73,71394,1409.0,945.1
UCOBANK,UCOBANKEQN,24.04,23.99,23.99,-0.05,-0.21,28549,684890,34.2,22.22
MASTEK,MASTEKEQN,1573.3,1570.0,1570.0,-3.3,-0.21,68,106760,2369.0,1334.2
KERNEX,KERNEXEQN,1731.0,1727.3,1727.3,-3.7,-0.21,402,694374,2580.0,850.0
ALKYLAMINE,ALKYLAMINEEQN,1883.0,1879.0,1879.0,-4.0,-0.21,56,105224,2115.0,1212.0
FACT,FACTEQN,796.7,795.0,795.0,-1.7,-0.21,522,414990,1058.6,652.1
CHENNPETRO,CHENNPETROEQN,1388.6,1385.7,1385.7,-2.9,-0.21,3677,5095218,1677.5,716.8
SHYAMMETL,SHYAMMETLEQN,1105.8,1103.5,1103.5,-2.3,-0.21,145,160007,1124.8,746.0
ANDHRSUGAR,ANDHRSUGAREQN,95.2,95.0,95.0,-0.2,-0.21,446,42370,107.23,66.5
CCHHL,CCHHLEQN,13.42,13.39,13.39,-0.03,-0.22,1,13,18.0,10.03
GUJAPOLLO,GUJAPOLLOEQN,336.95,336.2,336.2,-0.75,-0.22,50,16810,512.0,300.5
GODAVARIB,GODAVARIBEQN,239.43,238.9,238.9,-0.53,-0.22,345,82420,353.0,224.0
PRICOLLTD,PRICOLLTDEQN,763.65,762.0,762.0,-1.65,-0.22,333,253746,823.0,499.9
MRF,MRFEQN,124580.0,124300.0,124300.0,-280.0,-0.22,20,2486000,163600.0,122000.0
BEPL,BEPLEQN,130.49,130.2,130.2,-0.29,-0.22,6893,897468,138.5,74.2
CGCL,CGCLEQN,268.6,268.0,268.0,-0.6,-0.22,6721,1801228,287.45,151.1
BLSE,BLSEEQN,322.45,321.75,321.75,-0.7,-0.22,323,103925,339.8,124.3
VINATIORGA,VINATIORGAEQN,1222.8,1220.1,1220.1,-2.7,-0.22,239,291603,1849.9,1199.5
ATGL,ATGLEQN,625.25,623.9,623.9,-1.35,-0.22,2471,1541656,859.85,462.8
DEEP,DEEPBEN,46.1,46.0,46.0,-0.1,-0.22,201,9246,49.17,34.2
PIGL,PIGLEQN,99.92,99.7,99.7,-0.22,-0.22,1,99,189.7,88.05
BGRENERGY,BGRENERGYBEN,260.6,259.99,259.99,-0.61,-0.23,809,210331,490.8,218.0
PROTEAN,PROTEANEQN,636.2,634.75,634.75,-1.45,-0.23,6685,4243303,939.8,444.0
BIRLACABLE,BIRLACABLEEQN,361.9,361.05,361.05,-0.85,-0.23,609,219879,418.8,104.0
TMPV,TMPVEQN,300.5,299.8,299.8,-0.7,-0.23,30261,9072247,739.7,294.3
SUPRIYA,SUPRIYAEQN,1000.9,998.6,998.6,-2.3,-0.23,1696,1693625,1085.0,545.5
SBCL,SBCLEQN,1156.0,1153.2,1153.2,-2.8,-0.24,270,311364,1215.7,368.6
UNIMECH,UNIMECHEQN,1716.1,1712.0,1712.0,-4.1,-0.24,595,1018640,1868.2,695.0
SBFC,SBFCEQN,91.21,90.99,90.99,-0.22,-0.24,2376,216192,123.0,79.6
ROTO,ROTOEQN,63.13,62.98,62.98,-0.15,-0.24,1009,63546,81.91,47.5
BALRAMCHIN,BALRAMCHINEQN,676.4,674.8,674.8,-1.6,-0.24,1545,1042566,780.95,393.55
EPIGRAL,EPIGRALEQN,1093.6,1091.0,1091.0,-2.6,-0.24,37,40367,1771.0,807.0
KIRLOSBROS,KIRLOSBROSEQN,1794.3,1790.0,1790.0,-4.3,-0.24,122,218380,2189.2,1335.0
TIMEX,TIMEXEQN,725.75,724.0,724.0,-1.75,-0.24,551,398924,748.0,312.0
GOLD360,GOLD360EQN,147.35,147.0,147.0,-0.35,-0.24,34,4998,178.0,109.05
HTMEDIA,HTMEDIAEQN,24.86,24.8,24.8,-0.06,-0.24,100,2480,31.3,17.52
PTCIL,PTCILEQN,22355.0,22300.0,22300.0,-55.0,-0.25,9,200700,24125.0,14499.0
DREDGECORP,DREDGECORPEQN,1017.5,1015.0,1015.0,-2.5,-0.25,373,378595,1286.0,538.0
ITI,ITIEQN,257.2,256.55,256.55,-0.65,-0.25,815,209088,372.85,237.0
JYOTICNC,JYOTICNCEQN,1100.8,1098.0,1098.0,-2.8,-0.25,1437,1577826,1134.6,580.1
LINDEINDIA,LINDEINDIAEQN,6286.0,6270.0,6270.0,-16.0,-0.25,28,175560,8049.0,5673.0
MTNL,MTNLEQN,24.36,24.3,24.3,-0.06,-0.25,7769,188786,44.89,21.26
VENUSPIPES,VENUSPIPESEQN,2235.5,2230.0,2230.0,-5.5,-0.25,513,1143990,2347.9,890.0
SPLPETRO,SPLPETROEQN,882.2,880.0,880.0,-2.2,-0.25,595,523600,979.0,462.3
SHANTIGOLD,SHANTIGOLDEQN,288.07,287.34,287.34,-0.73,-0.25,51498,14797435,293.7,155.0
TITAN,TITANEQN,4880.0,4868.0,4868.0,-12.0,-0.25,1108,5393744,5186.7,3303.1
GOLDCASE,GOLDCASEEQN,23.76,23.7,23.7,-0.06,-0.25,450664,10680736,27.94,17.43
SIKA,SIKAEQN,1059.75,1057.05,1057.05,-2.7,-0.25,34,35939,1359.4,870.1
BALMLAWRIE,BALMLAWRIEEQN,167.43,167.0,167.0,-0.43,-0.26,525,87675,215.28,148.36
METROPOLIS,METROPOLISEQN,585.5,583.95,583.95,-1.55,-0.26,317,185112,609.05,412.25
SHADOWFAX,SHADOWFAXEQN,285.75,285.0,285.0,-0.75,-0.26,7653,2181105,290.45,98.55
ULTRAMAR,ULTRAMAREQN,439.15,438.0,438.0,-1.15,-0.26,50,21900,455.75,364.1
KARAMTARA,KARAMTARAEQN,361.95,361.0,361.0,-0.95,-0.26,15588,5627268,382.15,320.0
PLASTIBLEN,PLASTIBLENEQN,187.5,187.0,187.0,-0.5,-0.27,58,10846,216.29,121.01
PDMJEPAPER,PDMJEPAPEREQN,98.27,98.0,98.0,-0.27,-0.27,658,64484,128.86,65.0
MUFIN,MUFINEQN,133.11,132.75,132.75,-0.36,-0.27,3058,405949,141.5,85.13
MCX,MCXEQN,3374.0,3365.0,3365.0,-9.0,-0.27,18639,62720235,3480.0,1545.1
ADANIPORTS,ADANIPORTSEQN,1807.3,1802.4,1802.4,-4.9,-0.27,8131,14655314,1891.1,1292.0
FORTIS,FORTISEQN,894.0,891.6,891.6,-2.4,-0.27,323,287986,1104.3,766.8
TAJGVK,TAJGVKEQN,329.9,329.0,329.0,-0.9,-0.27,6,1974,450.0,281.35
TATACOMM,TATACOMMEQN,1700.6,1696.0,1696.0,-4.6,-0.27,125,212000,2110.0,1322.5
HONASA,HONASAEQN,484.9,483.6,483.6,-1.3,-0.27,1951,943503,509.8,248.4
HDBFS,HDBFSEQN,670.8,669.0,669.0,-1.8,-0.27,493,329817,796.7,555.3
EGOLD,EGOLDEQN,150.9,150.5,150.5,-0.4,-0.27,55,8277,184.95,112.1
GROWWGOLD,GROWWGOLDEQN,14.74,14.7,14.7,-0.04,-0.27,6,88,18.0,11.0
RADICO,RADICOEQN,4601.9,4589.1,4589.1,-12.8,-0.28,991,4547798,4747.0,2500.0
CREDITACC,CREDITACCEQN,1349.6,1345.8,1345.8,-3.8,-0.28,23,30953,1634.0,1113.0
PGEL,PGELEQN,521.15,519.7,519.7,-1.45,-0.28,1131,587780,644.4,436.55
KITEX,KITEXEQN,121.33,120.99,120.99,-0.34,-0.28,2640,319413,232.7,116.0
MARICO,MARICOEQN,832.3,830.0,830.0,-2.3,-0.28,2430,2016900,889.1,690.3
DBL,DBLEQN,413.55,412.4,412.4,-1.15,-0.28,294,121245,585.0,381.55
VGUARD,VGUARDEQN,316.4,315.5,315.5,-0.9,-0.28,580,182990,392.2,288.8
VESUVIUS,VESUVIUSEQN,396.1,395.0,395.0,-1.1,-0.28,208,82160,607.9,391.0
DBEIL,DBEILEQN,6.8,6.78,6.78,-0.02,-0.29,1027,6963,18.56,5.15
BAJAJHFL,BAJAJHFLEQN,83.52,83.28,83.28,-0.24,-0.29,12180,1014350,113.67,72.65
GPIL,GPILEQN,234.68,234.0,234.0,-0.68,-0.29,1541,360594,320.0,221.21
MAZDOCK,MAZDOCKEQN,2211.5,2205.0,2205.0,-6.5,-0.29,3955,8720775,2995.0,2057.4
ATUL,ATULEQN,6118.0,6100.0,6100.0,-18.0,-0.29,40,244000,7180.0,5560.5
MIDHANI,MIDHANIEQN,416.2,415.0,415.0,-1.2,-0.29,2095,869425,482.4,266.65
BASF,BASFEQN,3580.4,3570.0,3570.0,-10.4,-0.29,6,21420,4829.9,3122.2
HERANBA,HERANBAEQN,171.49,171.0,171.0,-0.49,-0.29,10,1710,327.0,155.38
CROMPTON,CROMPTONEQN,223.43,222.78,222.78,-0.65,-0.29,2089,465387,310.5,217.4
GENESYS,GENESYSEQN,281.62,280.79,280.79,-0.83,-0.29,815,228843,416.33,134.73
JSWHL,JSWHLEQN,11333.0,11300.0,11300.0,-33.0,-0.29,3,33900,22790.0,10530.0
VIPIND,VIPINDEQN,298.9,298.0,298.0,-0.9,-0.3,848,252704,452.0,278.25
AGIIL,AGIILEQN,268.8,268.0,268.0,-0.8,-0.3,8423,2257364,434.4,224.7
AZAD,AZADEQN,2713.2,2705.0,2705.0,-8.2,-0.3,1454,3933070,2986.6,1360.0
BLUEDART,BLUEDARTEQN,4799.5,4785.0,4785.0,-14.5,-0.3,17,81345,7036.0,4628.5
FORCEMOT,FORCEMOTEQN,17352.0,17300.0,17300.0,-52.0,-0.3,91,1574300,26450.0,14911.0
FDC,FDCEQN,349.95,348.9,348.9,-1.05,-0.3,185,64546,484.4,312.95
PETRONET,PETRONETEQN,285.85,285.0,285.0,-0.85,-0.3,3118,888630,326.4,235.35
URBANCO,URBANCOEQN,172.73,172.21,172.21,-0.52,-0.3,13934,2399574,185.3,100.7
GUJENERGY,GUJENERGYEQN,237.32,236.6,236.6,-0.72,-0.3,2001,473436,443.75,229.5
ROLLT,ROLLTBEN,6.41,6.39,6.39,-0.02,-0.31,17595,112432,6.57,1.07
ACE,ACEEQN,1253.9,1250.0,1250.0,-3.9,-0.31,1290,1612500,1268.0,745.1
KSL,KSLEQN,998.25,995.15,995.15,-3.1,-0.31,1005,1000125,1032.9,574.0
XCHANGING,XCHANGINGEQN,61.79,61.6,61.6,-0.19,-0.31,50,3080,103.0,47.5
STANLEY,STANLEYEQN,137.43,137.0,137.0,-0.43,-0.31,270,36990,320.45,123.0
ASMS,ASMSEQN,6.47,6.45,6.45,-0.02,-0.31,2228,14370,16.7,6.42
UNIECOM,UNIECOMEQN,83.26,83.0,83.0,-0.26,-0.31,575,47725,149.88,78.51
RALLIS,RALLISEQN,202.62,202.0,202.0,-0.62,-0.31,1914,386628,340.0,196.81
INDIAGLYCO,INDIAGLYCOEQN,257.7,256.9,256.9,-0.8,-0.31,651,167241,1222.0,217.0
NATCOPHARM,NATCOPHARMEQN,837.6,835.0,835.0,-2.6,-0.31,2744,2291240,1226.8,789.0
HAZOOR,HAZOOREQN,19.05,18.99,18.99,-0.06,-0.31,200,3798,22.49,17.44
CLEANMAX,CLEANMAXEQN,1457.5,1453.0,1453.0,-4.5,-0.31,1054,1531462,1536.0,727.1
ERIS,ERISEQN,1269.9,1266.0,1266.0,-3.9,-0.31,75,94950,1740.0,1200.0
TRENT,TRENTEQN,2774.0,2765.0,2765.0,-9.0,-0.32,1017,2812005,3399.7,2183.67
PGHL,PGHLEQN,5452.0,5434.5,5434.5,-17.5,-0.32,35,190207,6975.0,4707.0
UTTAMSUGAR,UTTAMSUGAREQN,266.35,265.5,265.5,-0.85,-0.32,315,83632,359.3,181.1
GATEWAY,GATEWAYEQN,52.67,52.5,52.5,-0.17,-0.32,215,11287,65.42,48.1
VAIBHAVGBL,VAIBHAVGBLEQN,209.49,208.81,208.81,-0.68,-0.32,376,78512,293.25,174.13
SUNPHARMA,SUNPHARMAEQN,1865.0,1859.0,1859.0,-6.0,-0.32,1132,2104388,2046.9,1548.0
VIYASH,VIYASHEQN,253.75,252.95,252.95,-0.8,-0.32,1876,474534,298.0,178.13
CPPLUS,CPPLUSEQN,3831.9,3819.8,3819.8,-12.1,-0.32,4864,18579507,4094.0,1227.0
OPTIFIN,OPTIFINEQN,15.46,15.41,15.41,-0.05,-0.32,126,1941,17.0,11.25
PSPPROJECT,PSPPROJECTEQN,832.55,829.9,829.9,-2.65,-0.32,88,73031,1143.0,569.2
SIMBHALS,SIMBHALSBZN,6.31,6.29,6.29,-0.02,-0.32,132,830,14.34,6.31
AUTOIND,AUTOINDEQN,87.79,87.5,87.5,-0.29,-0.33,1266,110775,104.0,48.35
HAPPSTMNDS,HAPPSTMNDSEQN,317.7,316.65,316.65,-1.05,-0.33,2303,729244,564.3,311.6
MOTILALOFS,MOTILALOFSEQN,1042.5,1039.1,1039.1,-3.4,-0.33,6215,6458006,1097.1,614.9
ANURAS,ANURASEQN,1193.4,1189.5,1189.5,-3.9,-0.33,410,487695,1415.0,1045.2
MHLXMIRU,MHLXMIRUBEN,156.97,156.45,156.45,-0.52,-0.33,26,4067,244.65,105.53
SETFGOLD,SETFGOLDEQN,128.64,128.22,128.22,-0.42,-0.33,2299,294777,153.95,93.64
KMSUGAR,KMSUGAREQN,29.5,29.4,29.4,-0.1,-0.34,708,20815,36.5,23.0
RAMKY,RAMKYEQN,325.15,324.05,324.05,-1.1,-0.34,369,119574,705.0,308.85
SHANKARA,SHANKARAEQN,143.39,142.9,142.9,-0.49,-0.34,105,15004,1021.35,98.25
NSLNISP,NSLNISPEQN,43.95,43.8,43.8,-0.15,-0.34,43691,1913665,53.75,33.01
MOREPENLAB,MOREPENLABEQN,122.35,121.94,121.94,-0.41,-0.34,28021,3416880,126.8,33.05
SIS,SISEQN,421.45,420.0,420.0,-1.45,-0.34,224,94080,480.95,257.05
TTKPRESTIG,TTKPRESTIGEQN,525.8,524.0,524.0,-1.8,-0.34,96,50304,771.2,423.0
GOLDADD,GOLDADDEQN,14.65,14.6,14.6,-0.05,-0.34,12,175,18.1,10.91
HARIOMPIPE,HARIOMPIPEEQN,357.2,356.0,356.0,-1.2,-0.34,560,199360,540.3,268.05
OMAXE,OMAXEEQN,123.13,122.7,122.7,-0.43,-0.35,834,102331,138.89,62.5
JBMA,JBMAEQN,601.8,599.7,599.7,-2.1,-0.35,566,339430,790.0,477.0
ACC,ACCEQN,1251.4,1247.0,1247.0,-4.4,-0.35,128,159616,1987.0,1219.1
KDDL,KDDLEQN,4251.9,4237.2,4237.2,-14.7,-0.35,212,898286,4270.0,1990.0
PRADPME,PRADPMEBEN,509.3,507.5,507.5,-1.8,-0.35,1,507,596.0,357.05
BLUECLOUDS,BLUECLOUDSEQN,19.73,19.66,19.66,-0.07,-0.35,5545,109014,24.5,18.85
JUNIPER,JUNIPEREQN,221.77,221.0,221.0,-0.77,-0.35,88,19448,306.0,188.5
FINCABLES,FINCABLESEQN,1470.2,1465.0,1465.0,-5.2,-0.35,1517,2222405,1498.0,700.8
COCHINSHIP,COCHINSHIPEQN,1370.0,1365.0,1365.0,-5.0,-0.36,3142,4288830,1977.0,1187.0
ESTER,ESTEREQN,88.32,88.0,88.0,-0.32,-0.36,203,17864,132.45,68.55
CONFIPET,CONFIPETEQN,89.12,88.8,88.8,-0.32,-0.36,9083,806570,93.2,28.06
GICHSGFIN,GICHSGFINEQN,139.48,138.98,138.98,-0.5,-0.36,317,44056,184.0,130.05
PGINVIT,PGINVITIVN,101.47,101.1,101.1,-0.37,-0.36,5246,530370,104.5,86.3
DYNAMATECH,DYNAMATECHEQN,12561.0,12516.0,12516.0,-45.0,-0.36,33,413028,12966.0,6716.0
GODREJIND,GODREJINDEQN,1106.0,1102.0,1102.0,-4.0,-0.36,148,163096,1443.0,744.2
BPLPHARMA,BPLPHARMAEQN,1545.5,1539.9,1539.9,-5.6,-0.36,32,49276,1649.0,1125.7
TIPSMUSIC,TIPSMUSICEQN,670.5,668.0,668.0,-2.5,-0.37,536,358048,741.0,481.15
SHALPAINTS,SHALPAINTSBEN,79.09,78.8,78.8,-0.29,-0.37,210,16548,95.95,35.21
XPROINDIA,XPROINDIAEQN,1223.5,1219.0,1219.0,-4.5,-0.37,69,84111,1574.8,788.05
EMAMILTD,EMAMILTDEQN,391.45,390.0,390.0,-1.45,-0.37,5374,2095860,585.9,361.15
MRPL,MRPLEQN,166.32,165.7,165.7,-0.62,-0.37,14101,2336535,212.31,126.1
J&KBANK,J&KBANKEQN,149.25,148.7,148.7,-0.55,-0.37,5426,806846,201.75,97.35
BAJAJCON,BAJAJCONEQN,505.85,504.0,504.0,-1.85,-0.37,1464,737856,692.0,232.1
PARAGMILK,PARAGMILKEQN,268.9,267.9,267.9,-1.0,-0.37,5572,1492738,376.95,177.84
CRISIL,CRISILEQN,4605.8,4588.9,4588.9,-16.9,-0.37,16,73422,5064.9,3686.0
EPACKPEB,EPACKPEBEQN,253.95,253.01,253.01,-0.94,-0.37,1313,332202,344.0,132.17
STUDDS,STUDDSEQN,415.75,414.2,414.2,-1.55,-0.37,113,46804,600.0,402.55
SUNSHIEL,SUNSHIELEQN,1164.3,1160.0,1160.0,-4.3,-0.37,9,10440,1284.8,1130.0
VIVIMEDLAB,VIVIMEDLABBEN,5.36,5.34,5.34,-0.02,-0.37,50,267,29.4,4.75
ASHAPURMIN,ASHAPURMINEQN,532.85,530.85,530.85,-2.0,-0.38,2596,1378086,924.9,455.1
CHOICEIN,CHOICEINEQN,751.85,749.0,749.0,-2.85,-0.38,2476,1854524,860.5,568.7
POLYMED,POLYMEDEQN,1726.6,1720.1,1720.1,-6.5,-0.38,69,118686,2094.3,1182.0
KIMS,KIMSEQN,798.05,795.0,795.0,-3.05,-0.38,189,150255,858.0,575.8
JISLJALEQS,JISLJALEQSEQN,28.9,28.79,28.79,-0.11,-0.38,9438,271720,57.7,26.11
RBA,RBAEQN,94.86,94.5,94.5,-0.36,-0.38,2603,245983,111.15,57.15
GPPL,GPPLEQN,164.12,163.5,163.5,-0.62,-0.38,6529,1067491,200.09,141.55
AIAENG,AIAENGEQN,3970.0,3955.0,3955.0,-15.0,-0.38,45,177975,5180.0,3034.0
ZYDUSWELL,ZYDUSWELLEQN,531.0,529.0,529.0,-2.0,-0.38,235,124315,611.85,367.55
GOLDIETF,GOLDIETFEQN,129.21,128.72,128.72,-0.49,-0.38,43104,5548346,158.0,95.53
CONCOR,CONCOREQN,464.65,462.9,462.9,-1.75,-0.38,4004,1853451,557.0,421.45
HDFCGOLD,HDFCGOLDEQN,128.94,128.45,128.45,-0.49,-0.38,14523,1865479,152.3,95.1
AMAGI,AMAGIEQN,578.7,576.5,576.5,-2.2,-0.38,132,76098,727.4,310.2
GRANULES,GRANULESEQN,860.25,857.0,857.0,-3.25,-0.38,492,421644,923.65,510.55
TRANSRAILL,TRANSRAILLEQN,488.9,487.0,487.0,-1.9,-0.39,20440,9954280,783.0,400.65
RACLGEAR,RACLGEAREQN,1689.6,1683.0,1683.0,-6.6,-0.39,248,417384,1927.7,911.45
VASWANI,VASWANIEQN,45.68,45.5,45.5,-0.18,-0.39,81,3685,69.99,43.26
SKYGOLD,SKYGOLDEQN,794.1,791.0,791.0,-3.1,-0.39,1124,889084,868.8,259.0
SANATHAN,SANATHANEQN,506.35,504.35,504.35,-2.0,-0.39,338,170470,522.6,352.6
JAYSREETEA,JAYSREETEAEQN,89.55,89.2,89.2,-0.35,-0.39,109,9722,112.7,70.55
GESHIP,GESHIPEQN,1483.8,1478.0,1478.0,-5.8,-0.39,1154,1705612,1798.0,971.1
PAYTM,PAYTMEQN,1775.0,1768.0,1768.0,-7.0,-0.39,4368,7722624,1855.5,930.6
WELCORP,WELCORPEQN,2796.8,2786.0,2786.0,-10.8,-0.39,6400,17830400,2836.0,710.0
BSOFT,BSOFTEQN,281.1,280.0,280.0,-1.1,-0.39,4278,1197840,474.0,270.2
RAINBOW,RAINBOWEQN,1406.5,1401.0,1401.0,-5.5,-0.39,305,427305,1610.0,1084.0
SRF,SRFEQN,2550.0,2540.0,2540.0,-10.0,-0.39,343,871220,3210.0,2355.0
THYROCARE,THYROCAREEQN,573.75,571.5,571.5,-2.25,-0.39,179,102298,662.0,342.55
CUBEINVIT,CUBEINVITIVN,156.01,155.4,155.4,-0.61,-0.39,1277,198445,165.0,131.0
ARSSBL,ARSSBLEQN,510.8,508.8,508.8,-2.0,-0.39,62,31545,794.85,416.0
GOLDBETA,GOLDBETAEQN,127.1,126.6,126.6,-0.5,-0.39,150,18990,149.35,94.3
VEDPOWER,VEDPOWEREQN,32.98,32.85,32.85,-0.13,-0.39,177509,5831170,49.88,30.44
BLBLIMITED,BLBLIMITEDEQN,17.33,17.26,17.26,-0.07,-0.4,6952,119991,22.47,12.0
WAAREEENER,WAAREEENEREQN,2512.0,2502.0,2502.0,-10.0,-0.4,1787,4471074,3718.8,2403.0
ORIENTALTL,ORIENTALTLEQN,4.96,4.94,4.94,-0.02,-0.4,30,148,10.85,4.4
SUNTECK,SUNTECKEQN,290.1,288.95,288.95,-1.15,-0.4,192,55478,472.5,270.75
SALASAR,SALASAREQN,4.94,4.92,4.92,-0.02,-0.4,6086,29943,10.99,4.71
PHOENIXLTD,PHOENIXLTDEQN,1993.2,1985.3,1985.3,-7.9,-0.4,956,1897946,2169.8,1465.6
BHEL,BHELEQN,423.1,421.4,421.4,-1.7,-0.4,12648,5329867,446.5,229.54
MOTHERSON,MOTHERSONEQN,164.4,163.75,163.75,-0.65,-0.4,112658,18447747,173.27,101.01
MANORAMA,MANORAMAEQN,1929.4,1921.7,1921.7,-7.7,-0.4,182,349749,2149.5,1060.6
IGL,IGLEQN,147.09,146.5,146.5,-0.59,-0.4,6454,945511,223.5,141.74
SAKAR,SAKAREQN,1162.65,1158.0,1158.0,-4.65,-0.4,272,314976,1229.85,336.25
KARURVYSYA,KARURVYSYAEQN,324.45,323.15,323.15,-1.3,-0.4,816,263690,358.65,204.8
BHARATCOAL,BHARATCOALEQN,32.62,32.49,32.49,-0.13,-0.4,14202,461422,45.09,29.74
MARUTI,MARUTIEQN,12230.0,12180.0,12180.0,-50.0,-0.41,774,9427320,17370.0,12103.0
EIEL,EIELEQN,203.32,202.49,202.49,-0.83,-0.41,2790,564947,272.25,134.71
MEDANTA,MEDANTAEQN,1496.1,1490.0,1490.0,-6.1,-0.41,111,165390,1544.0,956.0
GOODLUCK,GOODLUCKEQN,537.1,534.9,534.9,-2.2,-0.41,530,283497,557.37,305.0
GLOBECIVIL,GLOBECIVILEQN,44.18,44.0,44.0,-0.18,-0.41,5,220,80.0,33.5
ENTERO,ENTEROEQN,1842.5,1835.0,1835.0,-7.5,-0.41,139,255065,1920.0,944.0
MENNPIS,MENNPISBEN,73.99,73.69,73.69,-0.3,-0.41,20,1473,85.8,52.35
HGINFRA,HGINFRAEQN,450.7,448.85,448.85,-1.85,-0.41,262,117598,1014.0,429.5
HAVELLS,HAVELLSEQN,1096.5,1092.0,1092.0,-4.5,-0.41,889,970788,1585.4,1081.1
BERGEPAINT,BERGEPAINTEQN,459.75,457.85,457.85,-1.9,-0.41,6235,2854694,594.55,391.1
INOXINDIA,INOXINDIAEQN,2168.9,2160.0,2160.0,-8.9,-0.41,362,781920,2339.5,1068.2
APEX,APEXEQN,362.5,361.0,361.0,-1.5,-0.41,232,83752,514.5,219.86
CENTRALBK,CENTRALBKEQN,31.63,31.5,31.5,-0.13,-0.41,26470,833805,40.92,29.32
IBULLSLTD,IBULLSLTDEQN,29.12,29.0,29.0,-0.12,-0.41,16614,481806,32.5,8.9
TATAGOLD,TATAGOLDEQN,14.67,14.61,14.61,-0.06,-0.41,85744,1252719,17.7,10.33
KAMAHOLD,KAMAHOLDEQN,2239.2,2230.1,2230.1,-9.1,-0.41,4,8920,2783.9,2230.0
DPABHUSHAN,DPABHUSHANEQN,1455.9,1450.0,1450.0,-5.9,-0.41,100,145000,1670.0,866.1
VSTL,VSTLEQN,113.48,113.0,113.0,-0.48,-0.42,131,14803,163.79,100.8
PRECAM,PRECAMEQN,122.11,121.6,121.6,-0.51,-0.42,1877,228243,222.28,103.98
JAMNAAUTO,JAMNAAUTOEQN,129.55,129.0,129.0,-0.55,-0.42,3893,502197,152.6,89.74
TEGA,TEGAEQN,2078.8,2070.0,2070.0,-8.8,-0.42,588,1217160,2175.0,1473.0
MANGLMCEM,MANGLMCEMEQN,1033.3,1029.0,1029.0,-4.3,-0.42,1,1029,1120.0,679.35
VTL,VTLEQN,561.45,559.1,559.1,-2.35,-0.42,338,188975,688.0,385.5
TTML,TTMLEQN,35.63,35.48,35.48,-0.15,-0.42,8848,313927,60.08,31.22
HEIDELBERG,HEIDELBERGEQN,141.58,140.98,140.98,-0.6,-0.42,596,84024,215.85,136.1
ATALREAL,ATALREALEQN,14.36,14.3,14.3,-0.06,-0.42,85700,1225510,36.7,12.38
AMCL,AMCLSMN,355.75,354.25,354.25,-1.5,-0.42,1200,425100,554.0,180.0
MBEL,MBELEQN,261.0,259.9,259.9,-1.1,-0.42,12,3118,535.9,223.05
CARTRADE,CARTRADEEQN,3001.8,2989.1,2989.1,-12.7,-0.42,710,2122261,3290.5,1600.0
RAMBHAJO,RAMBHAJOEQN,286.1,284.9,284.9,-1.2,-0.42,1885,537036,308.4,161.6
GCSL,GCSLEQN,642.7,640.0,640.0,-2.7,-0.42,277,177280,649.0,213.15
VERANDA,VERANDAEQN,231.5,230.5,230.5,-1.0,-0.43,7291,1680575,272.5,130.02
MCLOUD,MCLOUDEQN,25.41,25.3,25.3,-0.11,-0.43,4268,107980,87.0,19.4
ICIL,ICILEQN,476.55,474.5,474.5,-2.05,-0.43,2040,967980,485.95,216.9
RIIT,RIITIVN,119.62,119.1,119.1,-0.52,-0.43,150,17865,127.0,105.3
BOMDYEING,BOMDYEINGEQN,111.52,111.04,111.04,-0.48,-0.43,1495,166004,183.35,92.0
SOMATEX,SOMATEXEQN,82.35,82.0,82.0,-0.35,-0.43,2,164,161.25,63.01
BORORENEW,BORORENEWEQN,475.0,472.95,472.95,-2.05,-0.43,1884,891037,721.0,374.4
DCXINDIA,DCXINDIAEQN,164.73,164.0,164.0,-0.73,-0.44,1696,278144,274.4,153.3
ESAFSFB,ESAFSFBBEN,40.69,40.51,40.51,-0.18,-0.44,868,35162,44.99,19.78
EPACK,EPACKEQN,184.82,184.0,184.0,-0.82,-0.44,721,132664,382.1,175.04
UPL,UPLEQN,553.15,550.7,550.7,-2.45,-0.44,3403,1874032,812.2,549.8
AKASH,AKASHEQN,24.76,24.65,24.65,-0.11,-0.44,100,2465,34.74,22.8
JPPOWER,JPPOWEREQN,16.04,15.97,15.97,-0.07,-0.44,275473,4399303,24.5,13.15
EICHERMOT,EICHERMOTEQN,7470.0,7437.0,7437.0,-33.0,-0.44,1621,12055377,8230.0,6442.0
FINOPB,FINOPBEQN,132.68,132.1,132.1,-0.58,-0.44,519,68559,339.0,110.03
PATELENG,PATELENGEQN,27.27,27.15,27.15,-0.12,-0.44,23611,641038,39.03,22.0
DMART,DMARTEQN,3834.8,3818.0,3818.0,-16.8,-0.44,354,1351572,4754.6,3529.0
GULFOILLUB,GULFOILLUBEQN,1098.7,1093.9,1093.9,-4.8,-0.44,174,190338,1289.4,865.0
OLECTRA,OLECTRAEQN,1275.9,1270.3,1270.3,-5.6,-0.44,3941,5006252,1714.2,866.6
BCLIND,BCLINDEQN,34.14,33.99,33.99,-0.15,-0.44,4207,142995,43.4,25.53
VISHAL,VISHALEQN,18.18,18.1,18.1,-0.08,-0.44,13,235,21.94,17.35
JSLL,JSLLEQN,524.3,522.0,522.0,-2.3,-0.44,568,296496,849.5,485.1
REPCOHOME,REPCOHOMEEQN,355.85,354.3,354.3,-1.55,-0.44,31,10983,455.9,333.6
JSWINFRA,JSWINFRAEQN,363.6,361.95,361.95,-1.65,-0.45,12406,4490351,375.5,233.42
PSB,PSBEQN,22.1,22.0,22.0,-0.1,-0.45,6073,133606,32.46,20.5
RUPA,RUPAEQN,140.63,140.0,140.0,-0.63,-0.45,775,108500,209.9,109.21
RATEGAIN,RATEGAINEQN,851.8,848.0,848.0,-3.8,-0.45,354,300192,1050.0,437.0
PGIL,PGILEQN,1300.8,1294.9,1294.9,-5.9,-0.45,1617,2093853,1309.8,600.0
AHLUCONT,AHLUCONTEQN,580.6,578.0,578.0,-2.6,-0.45,120,69360,1077.95,559.1
HCLTECH,HCLTECHEQN,1256.7,1251.0,1251.0,-5.7,-0.45,2663,3331413,1780.1,1030.0
SPIC,SPICEQN,67.0,66.7,66.7,-0.3,-0.45,802,53493,99.7,55.1
WIPRO,WIPROEQN,164.9,164.16,164.16,-0.74,-0.45,49380,8106220,273.1,163.21
63MOONS,63MOONSEQN,852.95,849.15,849.15,-3.8,-0.45,2434,2066831,957.95,467.0
ADANIGREEN,ADANIGREENEQN,1300.9,1295.0,1295.0,-5.9,-0.45,1709,2213155,1631.5,765.0
SILVERBETA,SILVERBETAEQN,222.41,221.41,221.41,-1.0,-0.45,75,16605,379.66,130.0
MAFATIND,MAFATINDEQN,121.05,120.5,120.5,-0.55,-0.45,95,11447,157.77,119.02
TCIFINANCE,TCIFINANCEEQN,15.19,15.12,15.12,-0.07,-0.46,107,1617,38.46,10.0
PANACEABIO,PANACEABIOEQN,381.75,380.0,380.0,-1.75,-0.46,11,4180,647.0,292.4
MOBIKWIK,MOBIKWIKEQN,202.93,202.0,202.0,-0.93,-0.46,6787,1370974,297.48,151.46
SUVIDHAA,SUVIDHAAEQN,2.19,2.18,2.18,-0.01,-0.46,452,985,4.25,1.77
FCL,FCLEQN,56.81,56.55,56.55,-0.26,-0.46,43629,2467219,62.4,19.1
TRITURBINE,TRITURBINEEQN,562.1,559.5,559.5,-2.6,-0.46,113,63223,787.6,428.35
SANSERA,SANSERAEQN,4621.4,4600.0,4600.0,-21.4,-0.46,1931,8882600,4743.5,1364.2
TECHM,TECHMEQN,1557.0,1549.9,1549.9,-7.1,-0.46,4207,6520429,1854.0,1304.1
EPL,EPLEQN,239.1,238.0,238.0,-1.1,-0.46,92,21896,274.03,176.4
TFCILTD,TFCILTDEQN,141.55,140.9,140.9,-0.65,-0.46,13180,1857062,147.65,51.0
ZENTEC,ZENTECEQN,1672.3,1664.6,1664.6,-7.7,-0.46,1396,2323781,2043.7,1223.0
GUJALKALI,GUJALKALIEQN,633.0,630.1,630.1,-2.9,-0.46,134,84433,815.0,409.15
DOLLAR,DOLLAREQN,274.45,273.2,273.2,-1.25,-0.46,1,273,396.0,220.5
SWANDEF,SWANDEFBEN,2776.2,2763.5,2763.5,-12.7,-0.46,4,11054,2804.9,605.95
NILE,NILEEQN,1436.6,1430.0,1430.0,-6.6,-0.46,1,1430,2018.9,1424.2
GRAPHITE,GRAPHITEEQN,821.0,817.25,817.25,-3.75,-0.46,4646,3796943,874.35,516.2
ATLASCYCLE,ATLASCYCLEEQN,100.46,100.0,100.0,-0.46,-0.46,2,200,130.0,76.15
DHOOTTRANS,DHOOTTRANSEQN,1615.4,1608.0,1608.0,-7.4,-0.46,2503,4024824,1735.3,1131.0
3BBLACKBIO,3BBLACKBIOEQN,1431.6,1425.0,1425.0,-6.6,-0.46,109,155325,1588.9,1085.0
SBICARD,SBICARDEQN,635.0,632.0,632.0,-3.0,-0.47,3043,1923176,965.0,565.45
UGROCAP,UGROCAPEQN,84.29,83.89,83.89,-0.4,-0.47,84,7046,192.5,80.12
LICHSGFIN,LICHSGFINEQN,572.5,569.8,569.8,-2.7,-0.47,3238,1845012,598.2,458.9
HMAAGRO,HMAAGROEQN,23.61,23.5,23.5,-0.11,-0.47,2092,49162,34.24,19.09
LAOPALA,LAOPALAEQN,163.06,162.3,162.3,-0.76,-0.47,670,108741,259.7,155.0
IDBI,IDBIEQN,83.39,83.0,83.0,-0.39,-0.47,25876,2147708,118.38,61.01
ARE&M,ARE&MEQN,812.85,809.0,809.0,-3.85,-0.47,2189,1770901,1027.25,670.0
ADFFOODS,ADFFOODSEQN,268.05,266.8,266.8,-1.25,-0.47,504,134467,346.95,153.1
CEMPRO,CEMPROEQN,1311.2,1305.0,1305.0,-6.2,-0.47,669,873045,1649.2,503.3
WINDMACHIN,WINDMACHINEQN,295.4,294.0,294.0,-1.4,-0.47,50,14700,343.9,200.65
GEMAROMA,GEMAROMAEQN,154.94,154.2,154.2,-0.74,-0.48,10,1542,270.55,133.0
KEI,KEIEQN,4722.5,4700.0,4700.0,-22.5,-0.48,487,2288900,5899.0,3728.7
CEIGALL,CEIGALLEQN,388.85,387.0,387.0,-1.85,-0.48,740,286380,405.7,222.61
GODREJCP,GODREJCPEQN,879.75,875.5,875.5,-4.25,-0.48,637,557693,1273.9,855.15
SYNGENE,SYNGENEEQN,381.85,380.0,380.0,-1.85,-0.48,904,343520,678.95,360.4
QPOWER,QPOWEREQN,1555.6,1548.2,1548.2,-7.4,-0.48,1795,2779019,1570.0,581.0
IMFA,IMFAEQN,1266.1,1260.0,1260.0,-6.1,-0.48,161,202860,1679.9,1064.1
AEROENTER,AEROENTEREQN,126.51,125.9,125.9,-0.61,-0.48,1083,136349,159.6,62.2
FRACTAL,FRACTALEQN,761.65,758.0,758.0,-3.65,-0.48,215,162970,1118.0,733.7
HSCL,HSCLEQN,667.75,664.45,664.45,-3.3,-0.49,4120,2737534,819.5,418.5
GAIL,GAILEQN,172.95,172.1,172.1,-0.85,-0.49,8027,1381446,186.87,134.36
FOODSIN,FOODSINEQN,53.41,53.15,53.15,-0.26,-0.49,121,6431,92.51,44.0
SIGNATURE,SIGNATUREEQN,768.75,765.0,765.0,-3.75,-0.49,165,126225,1153.9,705.2
ADANIPOWER,ADANIPOWEREQN,204.8,203.8,203.8,-1.0,-0.49,70073,14280877,254.2,128.1
GNFC,GNFCEQN,623.05,620.0,620.0,-3.05,-0.49,5885,3648700,628.1,365.0
TATAINVEST,TATAINVESTEQN,674.3,671.0,671.0,-3.3,-0.49,1926,1292346,1184.7,538.85
GLAND,GLANDEQN,2910.2,2896.0,2896.0,-14.2,-0.49,309,894864,3042.0,1573.6
MAHABANK,MAHABANKEQN,84.11,83.7,83.7,-0.41,-0.49,23297,1949958,94.5,53.85
UNITDSPR,UNITDSPREQN,1441.0,1434.0,1434.0,-7.0,-0.49,1180,1692120,1563.4,1210.8
DLINKINDIA,DLINKINDIAEQN,426.1,424.0,424.0,-2.1,-0.49,279,118296,549.2,367.65
SHRADHA,SHRADHAEQN,30.45,30.3,30.3,-0.15,-0.49,5,151,51.81,26.34
OAL,OALEQN,558.35,555.6,555.6,-2.75,-0.49,102,56671,570.0,228.0
RAYMONDLSL,RAYMONDLSLEQN,677.45,674.05,674.05,-3.4,-0.5,403,271642,1292.0,628.25
MASTERTR,MASTERTREQN,88.14,87.7,87.7,-0.44,-0.5,145,12716,164.5,55.6
NPST,NPSTEQN,1844.7,1835.4,1835.4,-9.3,-0.5,28,51391,2058.0,846.6
APOLLOPIPE,APOLLOPIPEEQN,522.45,519.85,519.85,-2.6,-0.5,250,129962,668.8,252.1
ASTRAL,ASTRALEQN,1394.8,1387.8,1387.8,-7.0,-0.5,370,513486,1768.7,1311.6
ROUTE,ROUTEEQN,473.25,470.9,470.9,-2.35,-0.5,97,45677,850.0,410.7
EBGNG,EBGNGEQN,715.15,711.6,711.6,-3.55,-0.5,1900,1352040,730.0,239.0
RITES,RITESEQN,204.05,203.03,203.03,-1.02,-0.5,3061,621474,270.0,175.0
DWARKESH,DWARKESHEQN,41.86,41.65,41.65,-0.21,-0.5,2707,112746,59.9,32.13
HAPPYFORGE,HAPPYFORGEEQN,2099.8,2089.3,2089.3,-10.5,-0.5,3,6267,2470.0,888.75
GKENERGY,GKENERGYEQN,127.14,126.5,126.5,-0.64,-0.5,1191,150661,239.6,87.2
UTLSOLAR,UTLSOLAREQN,446.1,443.85,443.85,-2.25,-0.5,632,280513,494.25,172.0
BRIGHTBR,BRIGHTBREQN,251.1,249.85,249.85,-1.25,-0.5,5,1249,270.0,210.0
PAISALO,PAISALOEQN,90.39,89.94,89.94,-0.45,-0.5,8592,772764,94.88,30.0
INDSWFTLAB,INDSWFTLABEQN,405.05,403.0,403.0,-2.05,-0.51,1702,685906,417.0,87.15
ICICIBANK,ICICIBANKEQN,1340.0,1333.1,1333.1,-6.9,-0.51,101588,135426962,1480.0,1187.6
CEWATER,CEWATEREQN,274.4,273.0,273.0,-1.4,-0.51,250,68250,534.9,235.0
ULTRACEMCO,ULTRACEMCOEQN,11155.0,11098.0,11098.0,-57.0,-0.51,1114,12363172,13110.0,10325.0
ASIANTILES,ASIANTILESEQN,51.16,50.9,50.9,-0.26,-0.51,1815,92383,79.06,42.5
ADANIENT,ADANIENTEQN,2993.2,2978.0,2978.0,-15.2,-0.51,1855,5524190,3245.0,1753.0
UTIAMC,UTIAMCEQN,909.95,905.3,905.3,-4.65,-0.51,30,27159,1418.0,866.0
HINDUNILVR,HINDUNILVREQN,1950.0,1940.0,1940.0,-10.0,-0.51,5322,10324680,2667.2,1926.2
EASEMYTRIP,EASEMYTRIPEQN,5.87,5.84,5.84,-0.03,-0.51,33352,194775,10.6,5.71
TRIDENT,TRIDENTEQN,23.42,23.3,23.3,-0.12,-0.51,22061,514021,30.94,21.98
WABAG,WABAGEQN,2048.7,2038.0,2038.0,-10.7,-0.52,810,1650780,2319.0,1033.0
BAJAJHLDNG,BAJAJHLDNGEQN,11449.0,11390.0,11390.0,-59.0,-0.52,68,774520,13345.0,8588.0
NAM-INDIA,NAM-INDIAEQN,1165.0,1159.0,1159.0,-6.0,-0.52,411,476349,1269.5,795.8
BAJAJ-AUTO,BAJAJ-AUTOEQN,11400.0,11341.0,11341.0,-59.0,-0.52,276,3130116,12470.0,8491.5
APLLTD,APLLTDEQN,844.4,840.0,840.0,-4.4,-0.52,88,73920,998.0,635.8
MARKSANS,MARKSANSEQN,347.6,345.8,345.8,-1.8,-0.52,40426,13979310,349.95,155.0
BCG,BCGEQN,9.59,9.54,9.54,-0.05,-0.52,62484,596097,15.11,7.7
BEL,BELEQN,396.05,394.0,394.0,-2.05,-0.52,42328,16677232,473.45,380.45
NUVOCO,NUVOCOEQN,344.75,342.95,342.95,-1.8,-0.52,638,218802,452.9,276.25
DIFFNKG,DIFFNKGEQN,439.3,437.0,437.0,-2.3,-0.52,100,43700,519.9,216.8
TEMBO,TEMBOEQN,59.31,59.0,59.0,-0.31,-0.52,12211,720449,837.0,54.25
ANAWIL,ANAWILSMN,440.3,438.0,438.0,-2.3,-0.52,400,175200,491.95,313.2
ALOKINDS,ALOKINDSEQN,7.64,7.6,7.6,-0.04,-0.52,176322,1340047,18.49,6.98
WEWORK,WEWORKEQN,668.5,665.0,665.0,-3.5,-0.52,193,128345,794.5,420.0
INFOBEAN,INFOBEANEQN,151.81,151.0,151.0,-0.81,-0.53,336,50736,257.5,116.5
ZAGGLE,ZAGGLEEQN,179.86,178.9,178.9,-0.96,-0.53,1086,194285,405.4,154.36
SAILIFE,SAILIFEEQN,1609.6,1601.0,1601.0,-8.6,-0.53,618,989418,1697.0,783.85
SONACOMS,SONACOMSEQN,833.0,828.55,828.55,-4.45,-0.53,11135,9225904,844.0,402.3
BALAMINES,BALAMINESEQN,2271.2,2259.1,2259.1,-12.1,-0.53,1092,2466937,2629.8,968.1
GARFIBRES,GARFIBRESEQN,787.15,783.0,783.0,-4.15,-0.53,39,30537,863.4,579.75
RISHABH,RISHABHEQN,738.95,735.0,735.0,-3.95,-0.53,142,104370,852.0,315.0
SANGHVIMOV,SANGHVIMOVEQN,441.75,439.4,439.4,-2.35,-0.53,427,187623,528.0,223.8
TATACONSUM,TATACONSUMEQN,994.3,989.0,989.0,-5.3,-0.53,1626,1608114,1282.7,984.1
SSEGL,SSEGLSMN,386.05,384.0,384.0,-2.05,-0.53,200,76800,580.0,283.0
RECLTD,RECLTDEQN,311.5,309.85,309.85,-1.65,-0.53,7381,2287002,390.3,304.05
HMVL,HMVLBEN,78.57,78.15,78.15,-0.42,-0.53,200,15630,108.16,55.2
MANAKSTEEL,MANAKSTEELBEN,106.62,106.05,106.05,-0.57,-0.53,10,1060,120.76,45.11
COHANCE,COHANCEEQN,461.45,459.0,459.0,-2.45,-0.53,336,154224,917.85,266.7
MVELECTRO,MVELECTROEQN,871.6,867.0,867.0,-4.6,-0.53,2130,1846710,948.0,516.55
GAYAHWS,GAYAHWSEQN,1.88,1.87,1.87,-0.01,-0.53,373,697,4.76,1.72
AXISCADES,AXISCADESEQN,1940.2,1930.0,1930.0,-10.2,-0.53,527,1017110,2211.0,1063.3
ABREL,ABRELEQN,1206.4,1200.0,1200.0,-6.4,-0.53,227,272400,1914.0,1080.1
PRASOLCHEM,PRASOLCHEMEQN,740.9,737.0,737.0,-3.9,-0.53,1739,1281643,747.5,601.0
ITC,ITCEQN,270.15,268.7,268.7,-1.45,-0.54,49388,13270555,426.4,255.5
AGARWALEYE,AGARWALEYEEQN,494.8,492.15,492.15,-2.65,-0.54,78,38387,568.0,401.0
NH,NHEQN,1919.3,1908.9,1908.9,-10.4,-0.54,294,561216,2093.3,1589.0
MARSONS,MARSONSEQN,128.05,127.36,127.36,-0.69,-0.54,4952,630686,175.4,100.25
JYOTISTRUC,JYOTISTRUCEQN,9.33,9.28,9.28,-0.05,-0.54,10961,101718,16.52,7.94
WONDERLA,WONDERLAEQN,510.75,508.0,508.0,-2.75,-0.54,77,39116,639.3,455.0
INFY,INFYEQN,1020.5,1015.0,1015.0,-5.5,-0.54,76472,77619080,1728.0,982.4
DOMS,DOMSEQN,2141.5,2130.0,2130.0,-11.5,-0.54,22,46860,2755.0,2023.9
HAL,HALEQN,4836.0,4810.0,4810.0,-26.0,-0.54,1750,8417500,5149.9,3479.1
MOL,MOLEQN,61.63,61.3,61.3,-0.33,-0.54,4088,250594,86.67,36.5
LGEINDIA,LGEINDIAEQN,1694.2,1685.0,1685.0,-9.2,-0.54,1105,1861925,1755.0,1304.1
POWERMECH,POWERMECHEQN,2453.5,2440.0,2440.0,-13.5,-0.55,82,200080,3009.0,1717.7
POLYCAB,POLYCABEQN,8417.0,8371.0,8371.0,-46.0,-0.55,594,4972374,10126.0,6663.0
AMBER,AMBEREQN,7064.5,7025.5,7025.5,-39.0,-0.55,127,892238,8974.0,5400.5
HARSHA,HARSHAEQN,464.5,461.95,461.95,-2.55,-0.55,31,14320,476.8,313.3
KAVDEFENCE,KAVDEFENCEBEN,82.35,81.9,81.9,-0.45,-0.55,50096,4102862,162.87,51.51
ARMANFIN,ARMANFINEQN,1968.9,1958.0,1958.0,-10.9,-0.55,79,154682,2158.6,1301.0
INDOMIM,INDOMIMEQN,1251.9,1245.0,1245.0,-6.9,-0.55,11343,14122035,1294.95,700.0
SHREEJISPG,SHREEJISPGEQN,723.75,719.8,719.8,-3.95,-0.55,601,432599,728.9,222.0
LUXIND,LUXINDEQN,1186.5,1180.0,1180.0,-6.5,-0.55,12,14160,1823.35,824.05
GMRAIRPORT,GMRAIRPORTEQN,99.14,98.58,98.58,-0.56,-0.56,52737,5198813,115.64,84.11
LAXMIDENTL,LAXMIDENTLEQN,195.09,193.99,193.99,-1.1,-0.56,361,70030,344.8,155.88
NRBBEARING,NRBBEARINGEQN,541.05,538.0,538.0,-3.05,-0.56,2938,1580644,548.8,212.55
PANAMAPET,PANAMAPETEQN,480.7,478.0,478.0,-2.7,-0.56,247,118066,599.6,229.0
UNOMINDA,UNOMINDAEQN,1223.1,1216.3,1216.3,-6.8,-0.56,630,766269,1382.0,994.0
ABB,ABBEQN,7120.0,7080.0,7080.0,-40.0,-0.56,220,1557600,7924.5,4637.5
JINDALSAW,JINDALSAWEQN,292.6,290.95,290.95,-1.65,-0.56,1728,502761,320.0,153.0
SIGIND,SIGINDBEN,71.8,71.4,71.4,-0.4,-0.56,4,285,74.99,40.66
ANTHEM,ANTHEMEQN,881.9,877.0,877.0,-4.9,-0.56,1238,1085726,977.55,579.15
VADILALIND,VADILALINDEQN,7492.0,7450.0,7450.0,-42.0,-0.56,54,402300,8447.0,3996.0
VSTTILLERS,VSTTILLERSEQN,4425.0,4400.2,4400.2,-24.8,-0.56,26,114405,6374.0,3950.0
CCAVENUE,CCAVENUEEQN,16.09,16.0,16.0,-0.09,-0.56,102007,1632112,20.5,12.92
RRKABEL,RRKABELEQN,2476.7,2462.7,2462.7,-14.0,-0.57,242,595973,2983.8,1181.6
VEEDOL,VEEDOLEQN,1365.8,1358.0,1358.0,-7.8,-0.57,14,19012,1992.9,1238.2
PVP,PVPEQN,68.61,68.21,68.21,-0.4,-0.58,46602,3178722,71.9,23.0
REFEX,REFEXEQN,286.65,285.0,285.0,-1.65,-0.58,4646,1324110,415.0,188.0
SATIA,SATIAEQN,67.24,66.85,66.85,-0.39,-0.58,11,735,83.8,50.8
VPRPL,VPRPLEQN,32.83,32.64,32.64,-0.19,-0.58,271,8845,107.78,23.94
SANSTAR,SANSTAREQN,111.15,110.5,110.5,-0.65,-0.58,650,71825,137.49,74.3
MAHSEAMLES,MAHSEAMLESEQN,702.75,698.7,698.7,-4.05,-0.58,412,287864,738.6,500.7
DENORA,DENORAEQN,795.65,791.0,791.0,-4.65,-0.58,2,1582,960.35,559.0
SCHAEFFLER,SCHAEFFLEREQN,4085.7,4062.0,4062.0,-23.7,-0.58,11,44682,4467.7,3518.4
CIPLA,CIPLAEQN,1383.0,1375.0,1375.0,-8.0,-0.58,795,1093125,1673.0,1165.7
NUCLEUS,NUCLEUSEQN,685.0,681.05,681.05,-3.95,-0.58,14,9534,1064.8,681.05
KSOLVES,KSOLVESEQN,259.05,257.55,257.55,-1.5,-0.58,139,35799,353.99,245.75
JNPR,JNPREQN,267.3,265.75,265.75,-1.55,-0.58,287,76270,282.0,232.11
MEESHO,MEESHOEQN,236.37,235.01,235.01,-1.36,-0.58,40017,9404395,254.4,125.56
VMART,VMARTEQN,786.6,782.0,782.0,-4.6,-0.58,153,119646,888.0,457.9
GARUDA,GARUDAEQN,184.48,183.39,183.39,-1.09,-0.59,864,158448,249.3,130.0
GRINDWELL,GRINDWELLEQN,1977.6,1966.0,1966.0,-11.6,-0.59,22,43252,2455.0,1329.0
KPRMILL,KPRMILLEQN,1136.7,1130.0,1130.0,-6.7,-0.59,38,42940,1334.0,796.1
OSWALGREEN,OSWALGREENEQN,20.2,20.08,20.08,-0.12,-0.59,323,6485,43.79,18.55
ONGC,ONGCEQN,236.9,235.5,235.5,-1.4,-0.59,74136,17459028,307.5,227.65
BESTAGRO,BESTAGROEQN,18.59,18.48,18.48,-0.11,-0.59,2161,39935,34.4,12.3
RUBICON,RUBICONEQN,1674.8,1665.0,1665.0,-9.8,-0.59,496,825840,1899.0,570.75
GOLDBEES,GOLDBEESEQN,124.73,124.0,124.0,-0.73,-0.59,65035,8064340,148.14,93.0
AARTIPHARM,AARTIPHARMEQN,940.1,934.5,934.5,-5.6,-0.6,3169,2961430,957.3,585.0
CAMLINFINE,CAMLINFINEEQN,98.69,98.1,98.1,-0.59,-0.6,3024,296654,232.4,95.65
COALINDIA,COALINDIAEQN,424.55,422.0,422.0,-2.55,-0.6,22360,9435920,491.25,369.6
SPORTKING,SPORTKINGEQN,211.26,210.0,210.0,-1.26,-0.6,750,157500,241.51,78.17
AMAL,AMALEQN,704.3,700.05,700.05,-4.25,-0.6,23,16101,822.0,673.55
BANCOINDIA,BANCOINDIAEQN,611.75,608.0,608.0,-3.75,-0.61,142,86336,879.8,502.0
INTELLECT,INTELLECTEQN,668.05,664.0,664.0,-4.05,-0.61,582,386448,1244.6,595.2
SGIL,SGILEQN,668.5,664.4,664.4,-4.1,-0.61,100,66440,697.95,420.0
GSFC,GSFCEQN,155.34,154.4,154.4,-0.94,-0.61,2342,361604,206.58,138.83
IFBIND,IFBINDEQN,1258.7,1251.0,1251.0,-7.7,-0.61,46,57546,2019.8,883.2
GLENMARK,GLENMARKEQN,2475.0,2460.0,2460.0,-15.0,-0.61,521,1281660,2537.6,1792.6
UNIONBANK,UNIONBANKEQN,180.0,178.9,178.9,-1.1,-0.61,14301,2558448,205.49,133.9
ICEMAKE,ICEMAKEEQN,699.45,695.2,695.2,-4.25,-0.61,105,72996,920.0,660.3
SBIFUNDS,SBIFUNDSEQN,551.35,548.0,548.0,-3.35,-0.61,1896,1039008,624.95,525.3
COLPAL,COLPALEQN,1886.7,1875.0,1875.0,-11.7,-0.62,252,472500,2344.8,1782.0
PFC,PFCEQN,346.0,343.85,343.85,-2.15,-0.62,55866,19209524,486.5,329.9
IRFC,IRFCEQN,81.0,80.5,80.5,-0.5,-0.62,34782,2799951,137.17,78.16
ASHOKA,ASHOKAEQN,112.8,112.1,112.1,-0.7,-0.62,3072,344371,214.5,101.0
CLEAN,CLEANEQN,836.6,831.3,831.3,-5.3,-0.63,952,791397,1159.6,652.0
LAURUSLABS,LAURUSLABSEQN,2034.0,2021.1,2021.1,-12.9,-0.63,3011,6085532,2037.2,823.1
INDHOTEL,INDHOTELEQN,743.7,739.0,739.0,-4.7,-0.63,1801,1330939,772.35,565.0
AFFLE,AFFLEEQN,1584.3,1574.3,1574.3,-10.0,-0.63,229,360514,2150.2,1251.3
TMCV,TMCVEQN,450.2,447.35,447.35,-2.85,-0.63,12033,5382962,509.0,306.3
KIRLFER,KIRLFEREQN,478.1,475.1,475.1,-3.0,-0.63,161,76491,513.0,408.0
DATAMATICS,DATAMATICSEQN,789.85,784.9,784.9,-4.95,-0.63,247,193870,1010.0,632.0
GREENPANEL,GREENPANELEQN,169.08,168.0,168.0,-1.08,-0.64,878,147504,314.4,148.51
SAMMAANCAP,SAMMAANCAPEQN,144.48,143.55,143.55,-0.93,-0.64,17994,2583038,192.95,129.0
ABSLAMC,ABSLAMCEQN,1026.6,1020.0,1020.0,-6.6,-0.64,100,102000,1224.9,708.0
SUZLON,SUZLONEQN,42.39,42.12,42.12,-0.27,-0.64,228769,9635750,61.5,38.19
SAFARI,SAFARIEQN,1491.6,1482.1,1482.1,-9.5,-0.64,71,105229,2507.1,1363.1
GICRE,GICREEQN,344.15,341.95,341.95,-2.2,-0.64,8288,2834081,417.95,337.0
BLUEJET,BLUEJETEQN,585.75,582.0,582.0,-3.75,-0.64,631,367242,692.9,325.0
TATACAP,TATACAPEQN,350.05,347.8,347.8,-2.25,-0.64,4843,1684395,390.2,296.0
ARVSMART,ARVSMARTEQN,634.05,630.0,630.0,-4.05,-0.64,1618,1019340,707.85,486.8
TCS,TCSEQN,2089.6,2076.0,2076.0,-13.6,-0.65,12022,24957672,3350.0,1976.8
DCAL,DCALEQN,173.33,172.2,172.2,-1.13,-0.65,313,53898,321.95,128.5
STARCEMENT,STARCEMENTEQN,189.23,188.0,188.0,-1.23,-0.65,768,144384,273.0,180.12
JAGRAN,JAGRANEQN,63.41,63.0,63.0,-0.41,-0.65,1424,89712,78.9,59.5
ASAHIINDIA,ASAHIINDIAEQN,971.3,965.0,965.0,-6.3,-0.65,1120,1080800,1074.0,775.1
RENUKA,RENUKAEQN,23.04,22.89,22.89,-0.15,-0.65,31397,718677,32.4,21.05
BLUESTARCO,BLUESTARCOEQN,1532.6,1522.6,1522.6,-10.0,-0.65,189,287771,2032.9,1432.3
GEECEE,GEECEEBEN,377.95,375.5,375.5,-2.45,-0.65,1,375,390.0,215.85
TIRUMALCHM,TIRUMALCHMEQN,165.22,164.15,164.15,-1.07,-0.65,1110,182206,321.7,143.5
PARADEEP,PARADEEPEQN,154.26,153.26,153.26,-1.0,-0.65,2596,397862,201.99,99.7
JAICORPLTD,JAICORPLTDEQN,96.73,96.1,96.1,-0.63,-0.65,339,32577,173.4,88.0
NFL,NFLEQN,67.84,67.4,67.4,-0.44,-0.65,9276,625202,98.3,63.35
RKFORGE,RKFORGEEQN,710.2,705.5,705.5,-4.7,-0.66,555,391552,772.8,460.15
UDS,UDSEQN,205.27,203.91,203.91,-1.36,-0.66,559,113985,262.85,125.1
JSFB,JSFBEQN,546.6,543.0,543.0,-3.6,-0.66,877,476211,606.95,330.0
SOLARINDS,SOLARINDSEQN,19730.0,19600.0,19600.0,-130.0,-0.66,673,13190800,22700.0,11646.0
MSUMI,MSUMIEQN,34.98,34.75,34.75,-0.23,-0.66,77047,2677383,53.59,34.76
GRSE,GRSEEQN,2380.6,2365.0,2365.0,-15.6,-0.66,2265,5356725,3339.0,1963.7
AEGISVOPAK,AEGISVOPAKEQN,302.8,300.8,300.8,-2.0,-0.66,1946,585356,320.95,158.0
BALKRISIND,BALKRISINDEQN,2199.6,2185.0,2185.0,-14.6,-0.66,78,170430,2775.0,1970.0
COROMANDEL,COROMANDELEQN,1956.0,1943.0,1943.0,-13.0,-0.66,165,320595,2499.0,1706.5
PINELABS,PINELABSEQN,188.3,187.05,187.05,-1.25,-0.66,124936,23369278,284.0,134.73
GOLDETF,GOLDETFEQN,146.79,145.82,145.82,-0.97,-0.66,86,12540,173.5,109.63
GVPTECH,GVPTECHBEN,7.55,7.5,7.5,-0.05,-0.66,1190,8925,11.19,5.22
KAYA,KAYABEN,327.2,325.0,325.0,-2.2,-0.67,4,1300,487.9,224.01
NARMADA,NARMADAEQN,13.34,13.25,13.25,-0.09,-0.67,20,265,22.59,9.95
ROSSTECH,ROSSTECHEQN,1449.8,1440.1,1440.1,-9.7,-0.67,382,550118,1505.0,551.9
CAPLIPOINT,CAPLIPOINTEQN,2793.8,2775.0,2775.0,-18.8,-0.67,175,485625,2877.3,1500.3
WINDLAS,WINDLASEQN,1077.45,1070.2,1070.2,-7.25,-0.67,180,192636,1181.9,697.4
SONATSOFTW,SONATSOFTWEQN,282.0,280.1,280.1,-1.9,-0.67,1540,431354,403.0,207.15
MANALIPETC,MANALIPETCEQN,87.69,87.1,87.1,-0.59,-0.67,4204,366168,93.0,39.13
RAMCOSYS,RAMCOSYSEQN,598.0,594.0,594.0,-4.0,-0.67,166,98604,967.5,342.1
RCF,RCFEQN,109.63,108.9,108.9,-0.73,-0.67,15106,1645043,157.2,106.0
NOCIL,NOCILEQN,206.3,204.91,204.91,-1.39,-0.67,7905,1619813,211.2,125.31
ADVENZYMES,ADVENZYMESEQN,297.0,295.0,295.0,-2.0,-0.67,471,138945,419.0,251.95
OMNI,OMNIEQN,553.7,550.0,550.0,-3.7,-0.67,1489,818950,764.85,176.25
EXICOM,EXICOMEQN,168.09,166.95,166.95,-1.14,-0.68,1899,317038,189.17,75.6
INDIANB,INDIANBEQN,842.0,836.25,836.25,-5.75,-0.68,3657,3058166,1000.9,693.95
JSWSTEEL,JSWSTEELEQN,1297.8,1289.0,1289.0,-8.8,-0.68,8194,10562066,1351.0,1073.2
STYRENIX,STYRENIXEQN,2130.1,2115.6,2115.6,-14.5,-0.68,22,46543,2653.0,1780.0
AVANTIFEED,AVANTIFEEDEQN,767.2,762.0,762.0,-5.2,-0.68,628,478536,1593.8,631.65
TATAPOWER,TATAPOWEREQN,369.0,366.5,366.5,-2.5,-0.68,7596,2783934,464.9,342.5
POKARNA,POKARNAEQN,741.05,736.0,736.0,-5.05,-0.68,45,33120,1146.2,692.6
NAVINFLUOR,NAVINFLUOREQN,8457.5,8400.0,8400.0,-57.5,-0.68,148,1243200,8949.5,4498.5
CEATLTD,CEATLTDEQN,3432.2,3408.9,3408.9,-23.3,-0.68,40,136356,4438.0,3061.2
GRINFRA,GRINFRAEQN,825.65,820.05,820.05,-5.6,-0.68,34,27881,1312.4,785.0
MANINFRA,MANINFRAEQN,124.75,123.9,123.9,-0.85,-0.68,357,44232,158.01,77.12
MOKSH,MOKSHEQN,10.13,10.06,10.06,-0.07,-0.69,5,50,16.65,8.11
INSECTICID,INSECTICIDEQN,608.9,604.7,604.7,-4.2,-0.69,4,2418,788.7,518.6
YESBANK,YESBANKEQN,23.24,23.08,23.08,-0.16,-0.69,420971,9716010,25.78,17.2
ZUARI,ZUARIEQN,224.09,222.55,222.55,-1.54,-0.69,2,445,345.6,175.1
IDEA,IDEAEQN,14.52,14.42,14.42,-0.1,-0.69,1041630,15020304,15.79,7.9
20MICRONS,20MICRONSEQN,219.21,217.7,217.7,-1.51,-0.69,200,43540,237.4,129.61
GREENPLY,GREENPLYEQN,298.4,296.35,296.35,-2.05,-0.69,251,74383,334.4,176.42
ATHERENERG,ATHERENERGEQN,1499.4,1489.0,1489.0,-10.4,-0.69,11062,16471318,1744.0,534.5
SHUKRAPHAR,SHUKRAPHAREQN,56.79,56.4,56.4,-0.39,-0.69,2196,123854,59.8,40.06
TARIL,TARILEQN,289.0,287.0,287.0,-2.0,-0.69,4443,1275141,552.0,224.05
TBZ,TBZBEN,692.45,687.7,687.7,-4.75,-0.69,3865,2657960,698.6,110.5
CONSOFINVT,CONSOFINVTBEN,302.5,300.4,300.4,-2.1,-0.69,730,219292,320.0,152.0
MOLBIO,MOLBIOEQN,1313.2,1304.2,1304.2,-9.0,-0.69,4339,5658923,1686.8,926.35
VSSL,VSSLEQN,413.6,410.7,410.7,-2.9,-0.7,306,125674,428.25,206.4
AMBUJACEM,AMBUJACEMEQN,392.75,390.0,390.0,-2.75,-0.7,3937,1535430,598.35,379.55
CHEMPLASTS,CHEMPLASTSEQN,199.4,198.0,198.0,-1.4,-0.7,466,92268,425.0,161.0
NCC,NCCEQN,136.05,135.1,135.1,-0.95,-0.7,5965,805871,217.25,130.0
SUPREMEIND,SUPREMEINDEQN,3497.1,3472.6,3472.6,-24.5,-0.7,96,333369,4397.4,3140.0
VOLTAMP,VOLTAMPEQN,10799.0,10723.0,10723.0,-76.0,-0.7,28,300244,12863.0,6666.0
KAMOPAINTS,KAMOPAINTSEQN,4.27,4.24,4.24,-0.03,-0.7,841,3565,9.2,3.6
VMSTMT,VMSTMTEQN,45.92,45.6,45.6,-0.32,-0.7,1626,74145,105.0,33.5
ADSL,ADSLEQN,97.78,97.1,97.1,-0.68,-0.7,70,6797,204.65,86.27
GAYAPROJ,GAYAPROJEQN,24.17,24.0,24.0,-0.17,-0.7,2918,70032,27.33,10.99
IONEXCHANG,IONEXCHANGEQN,430.1,427.1,427.1,-3.0,-0.7,90,38439,486.0,312.7
LTFOODS,LTFOODSEQN,430.0,426.95,426.95,-3.05,-0.71,228,97344,490.7,333.15
EIHOTEL,EIHOTELEQN,301.15,299.0,299.0,-2.15,-0.71,105,31395,413.95,271.15
ENRIN,ENRINEQN,3214.4,3191.7,3191.7,-22.7,-0.71,757,2416116,3968.0,2115.0
AVALON,AVALONEQN,2445.6,2427.9,2427.9,-17.7,-0.72,554,1345056,2618.0,777.3
BBL,BBLEQN,2231.1,2215.0,2215.0,-16.1,-0.72,12,26580,3411.0,2051.7
WALCHANNAG,WALCHANNAGEQN,212.63,211.09,211.09,-1.54,-0.72,2009,424079,315.8,131.15
DHATRE,DHATREEQN,4.15,4.12,4.12,-0.03,-0.72,102,420,5.17,3.67
AUGMONT,AUGMONTEQN,886.3,879.95,879.95,-6.35,-0.72,1461,1285606,1019.8,806.05
RENTOMOJO,RENTOMOJOEQN,521.35,517.6,517.6,-3.75,-0.72,16918,8756756,581.95,482.45
SIGMAADV,SIGMAADVBEN,936.7,930.0,930.0,-6.7,-0.72,1151,1070430,966.6,140.1
CERA,CERAEQN,5520.0,5480.0,5480.0,-40.0,-0.72,43,235640,6740.0,4461.1
SRTL,SRTLEQN,38.9,38.62,38.62,-0.28,-0.72,318,12281,73.36,35.75
INDUSTOWER,INDUSTOWEREQN,384.8,382.0,382.0,-2.8,-0.73,3947,1507754,481.5,337.8
KAMATHOTEL,KAMATHOTELEQN,240.35,238.6,238.6,-1.75,-0.73,34,8112,329.8,140.2
BALUFORGE,BALUFORGEEQN,506.25,502.55,502.55,-3.7,-0.73,1600,804080,678.0,341.05
DATAPATTNS,DATAPATTNSEQN,4422.4,4390.0,4390.0,-32.4,-0.73,2016,8850240,5000.0,2131.0
JAYAGROGN,JAYAGROGNEQN,237.12,235.4,235.4,-1.72,-0.73,85,20009,265.0,147.26
RUCHIRA,RUCHIRAEQN,105.77,105.0,105.0,-0.77,-0.73,190,19950,165.29,95.17
ITDC,ITDCEQN,702.65,697.5,697.5,-5.15,-0.73,441,307597,822.0,368.0
KNACK,KNACKEQN,184.25,182.9,182.9,-1.35,-0.73,2182,399087,222.0,171.1
ECLERX,ECLERXEQN,1924.2,1910.0,1910.0,-14.2,-0.74,276,527160,2497.5,1320.0
IEX,IEXEQN,113.16,112.32,112.32,-0.84,-0.74,19765,2220004,160.27,110.35
BIOFILCHEM,BIOFILCHEMEQN,32.29,32.05,32.05,-0.24,-0.74,3,96,46.34,25.6
NHPC,NHPCEQN,76.74,76.17,76.17,-0.57,-0.74,22988,1750995,88.3,71.62
HATSUN,HATSUNEQN,1155.7,1147.1,1147.1,-8.6,-0.74,5,5735,1349.7,855.3
LIBAS,LIBASEQN,12.09,12.0,12.0,-0.09,-0.74,2000,24000,13.74,9.02
FINEORG,FINEORGEQN,5096.5,5059.0,5059.0,-37.5,-0.74,18,91062,5407.0,3856.0
PNBHOUSING,PNBHOUSINGEQN,1138.5,1130.0,1130.0,-8.5,-0.75,255,288150,1211.5,729.6
AARTIIND,AARTIINDEQN,491.35,487.65,487.65,-3.7,-0.75,1603,781702,551.75,338.05
MINDACORP,MINDACORPEQN,689.05,683.9,683.9,-5.15,-0.75,282,192859,769.0,468.5
MAPMYINDIA,MAPMYINDIAEQN,906.8,900.0,900.0,-6.8,-0.75,1068,961200,1998.0,795.0
HEMIPROP,HEMIPROPEQN,120.91,120.0,120.0,-0.91,-0.75,317,38040,190.69,111.2
CAMS,CAMSEQN,723.9,718.45,718.45,-5.45,-0.75,2386,1714221,844.9,611.4
FLAIR,FLAIREQN,240.79,238.99,238.99,-1.8,-0.75,1114,266234,345.0,228.0
GOLD1,GOLD1EQN,125.96,125.01,125.01,-0.95,-0.75,3347,418408,158.0,93.79
SKMEGGPROD,SKMEGGPRODEQN,229.75,228.0,228.0,-1.75,-0.76,209,47652,372.0,143.1
ITCHOTELS,ITCHOTELSEQN,161.23,160.0,160.0,-1.23,-0.76,6848,1095680,239.21,137.3
MUNJALAU,MUNJALAUEQN,107.27,106.45,106.45,-0.82,-0.76,665,70789,130.6,67.2
SPMLINFRA,SPMLINFRAEQN,168.58,167.3,167.3,-1.28,-0.76,118,19741,275.55,151.01
CYIENT,CYIENTEQN,1072.2,1064.1,1064.1,-8.1,-0.76,570,606537,1222.0,750.3
CONCORDBIO,CONCORDBIOEQN,1560.3,1548.5,1548.5,-11.8,-0.76,2512,3889832,1667.6,987.0
DIXON,DIXONEQN,13200.0,13100.0,13100.0,-100.0,-0.76,464,6078400,18471.0,9600.0
LENSKART,LENSKARTEQN,686.7,681.5,681.5,-5.2,-0.76,9711,6618046,725.0,356.1
SHANKESH,SHANKESHEQN,94.32,93.6,93.6,-0.72,-0.76,14335,1341756,115.9,87.25
ELECON,ELECONEQN,466.6,463.0,463.0,-3.6,-0.77,12006,5558778,626.0,352.0
360ONE,360ONEEQN,1108.0,1099.5,1099.5,-8.5,-0.77,910,1000545,1236.2,906.05
ROSSARI,ROSSARIEQN,454.8,451.3,451.3,-3.5,-0.77,344,155247,690.3,375.0
VIMTALABS,VIMTALABSEQN,610.7,606.0,606.0,-4.7,-0.77,229,138774,775.0,376.05
TANLA,TANLAEQN,500.4,496.55,496.55,-3.85,-0.77,910,451860,755.0,365.9
GALAXYSURF,GALAXYSURFEQN,2222.0,2205.0,2205.0,-17.0,-0.77,129,284445,2648.0,1510.0
IOLCP,IOLCPEQN,206.6,205.0,205.0,-1.6,-0.77,22730,4659650,219.04,67.19
SAPPHIRE,SAPPHIREEQN,231.48,229.69,229.69,-1.79,-0.77,4511,1036131,315.5,139.91
SAMBHV,SAMBHVEQN,158.22,157.0,157.0,-1.22,-0.77,16325,2563025,161.63,81.42
TECHNOCRAF,TECHNOCRAFEQN,475.65,472.0,472.0,-3.65,-0.77,5916,2792352,482.55,284.0
NITINSPIN,NITINSPINEQN,617.8,613.0,613.0,-4.8,-0.78,10,6130,665.5,302.2
SWANCORP,SWANCORPEQN,300.05,297.7,297.7,-2.35,-0.78,2074,617429,499.4,273.65
GOCOLORS,GOCOLORSEQN,317.55,315.05,315.05,-2.5,-0.79,55,17327,729.25,237.05
PDSL,PDSLEQN,361.4,358.55,358.55,-2.85,-0.79,27,9680,418.5,246.05
SCANSTL,SCANSTLBEN,51.79,51.38,51.38,-0.41,-0.79,100,5138,68.81,31.35
TIINDIA,TIINDIAEQN,2578.6,2558.0,2558.0,-20.6,-0.8,258,659964,3394.5,2164.9
PRSMJOHNSN,PRSMJOHNSNEQN,116.43,115.5,115.5,-0.93,-0.8,1262,145761,172.0,97.1
JINDWORLD,JINDWORLDEQN,52.2,51.78,51.78,-0.42,-0.8,16702,864829,61.99,17.85
TEMPSENS,TEMPSENSEQN,565.65,561.1,561.1,-4.55,-0.8,4647,2607431,634.85,505.05
BAJAJST,BAJAJSTEQN,349.8,347.0,347.0,-2.8,-0.8,1,347,507.8,343.0
PARAS,PARASEQN,1381.2,1370.0,1370.0,-11.2,-0.81,3492,4784040,1585.0,580.5
GINNIFILA,GINNIFILABEN,42.95,42.6,42.6,-0.35,-0.81,200,8520,57.85,31.5
KAYNES,KAYNESEQN,3458.0,3430.0,3430.0,-28.0,-0.81,2795,9586850,7705.0,2995.0
AMBIKCO,AMBIKCOEQN,1582.7,1569.9,1569.9,-12.8,-0.81,62,97333,1931.0,1101.0
ARVINDFASN,ARVINDFASNEQN,425.45,422.0,422.0,-3.45,-0.81,44,18568,569.0,366.2
NILKAMAL,NILKAMALEQN,1880.2,1865.0,1865.0,-15.2,-0.81,95,177175,2149.5,1050.5
GRWRHITECH,GRWRHITECHEQN,6537.5,6484.5,6484.5,-53.0,-0.81,67,434461,7990.0,2690.7
INDORAMA,INDORAMAEQN,100.0,99.19,99.19,-0.81,-0.81,1858,184295,112.3,29.0
JPOLYINVST,JPOLYINVSTEQN,978.95,971.0,971.0,-7.95,-0.81,7,6797,1487.7,852.1
FOCUS,FOCUSBEN,60.1,59.61,59.61,-0.49,-0.82,700,41727,98.87,57.06
HNDFDS,HNDFDSEQN,621.1,616.0,616.0,-5.1,-0.82,200,123200,677.75,442.0
SUBEXLTD,SUBEXLTDEQN,22.08,21.9,21.9,-0.18,-0.82,190255,4166584,22.8,6.61
GOACARBON,GOACARBONEQN,402.35,399.05,399.05,-3.3,-0.82,35,13966,494.9,272.85
APLAPOLLO,APLAPOLLOEQN,2195.0,2177.0,2177.0,-18.0,-0.82,1578,3435306,2301.4,1653.3
LODHA,LODHAEQN,1162.5,1153.0,1153.0,-9.5,-0.82,3620,4173860,1344.95,650.8
BEML,BEMLEQN,2095.4,2078.2,2078.2,-17.2,-0.82,790,1641778,2275.75,1355.0
NBCC,NBCCEQN,83.99,83.3,83.3,-0.69,-0.82,50753,4227724,125.85,77.18
PWL,PWLEQN,136.11,135.0,135.0,-1.11,-0.82,20606,2781810,161.99,77.72
TTL,TTLEQN,7.26,7.2,7.2,-0.06,-0.83,11,79,11.44,5.5
HBLENGINE,HBLENGINEEQN,764.35,758.0,758.0,-6.35,-0.83,3049,2311142,1122.0,613.0
JHS,JHSEQN,8.47,8.4,8.4,-0.07,-0.83,45,378,13.9,6.26
MVGJL,MVGJLEQN,221.29,219.46,219.46,-1.83,-0.83,7620,1672285,233.99,129.1
BAJAJINDEF,BAJAJINDEFEQN,221.9,220.05,220.05,-1.85,-0.83,1,220,442.6,207.25
CANBK,CANBKEQN,126.0,124.95,124.95,-1.05,-0.83,56492,7058675,162.89,116.93
GAJA,GAJAEQN,150.04,148.8,148.8,-1.24,-0.83,1938,288374,191.65,137.5
MGL,MGLEQN,1092.8,1083.7,1083.7,-9.1,-0.83,275,298017,1335.4,900.0
HDFCAMC,HDFCAMCEQN,2448.3,2427.8,2427.8,-20.5,-0.84,599,1454252,2967.25,2205.6
INDIACEM,INDIACEMEQN,340.05,337.2,337.2,-2.85,-0.84,1025,345630,485.8,331.65
ALKEM,ALKEMEQN,5417.5,5372.0,5372.0,-45.5,-0.84,47,252484,5933.5,5051.0
BOSCH-HCIL,BOSCH-HCILEQN,1769.8,1755.0,1755.0,-14.8,-0.84,68,119340,1891.3,1021.3
GROWWSLVR,GROWWSLVREQN,22.57,22.38,22.38,-0.19,-0.84,2,44,36.3,13.16
TANAA,TANAAEQN,352.45,349.5,349.5,-2.95,-0.84,425,148537,378.95,238.0
HYUNDAI,HYUNDAIEQN,2095.0,2077.2,2077.2,-17.8,-0.85,671,1393801,2845.0,1658.0
WOCKPHARMA,WOCKPHARMAEQN,2329.7,2310.0,2310.0,-19.7,-0.85,5596,12926760,2422.3,1086.7
BBOX,BBOXEQN,809.85,803.0,803.0,-6.85,-0.85,1256,1008568,1103.0,444.3
DICIND,DICINDEQN,665.65,660.0,660.0,-5.65,-0.85,21,13860,674.0,450.5
TEJASNET,TEJASNETEQN,521.55,517.1,517.1,-4.45,-0.85,3983,2059609,644.75,294.0
PRINCEPIPE,PRINCEPIPEEQN,265.75,263.5,263.5,-2.25,-0.85,174,45849,352.2,205.0
HIKAL,HIKALEQN,232.43,230.45,230.45,-1.98,-0.85,3112,717160,282.7,146.25
LEMONTREE,LEMONTREEEQN,107.92,107.0,107.0,-0.92,-0.85,8027,858889,174.2,99.61
TENNIND,TENNINDEQN,518.6,514.2,514.2,-4.4,-0.85,951,489004,657.0,438.05
INDNIPPON,INDNIPPONEQN,1260.7,1250.0,1250.0,-10.7,-0.85,176,220000,1564.0,675.0
ARTEMISMED,ARTEMISMEDEQN,341.9,339.0,339.0,-2.9,-0.85,3160,1071240,362.0,203.35
CARRARO,CARRAROEQN,554.6,549.85,549.85,-4.75,-0.86,110,60483,667.55,416.0
GIPCL,GIPCLEQN,191.64,190.0,190.0,-1.64,-0.86,888,168720,211.71,119.9
INDIASHLTR,INDIASHLTREQN,667.15,661.4,661.4,-5.75,-0.86,62,41006,924.0,620.15
JSL,JSLEQN,758.55,752.0,752.0,-6.55,-0.86,244,183488,884.0,652.25
LCL,LCLEQN,577.55,572.6,572.6,-4.95,-0.86,50,28630,604.7,461.0
CORDELIA,CORDELIAEQN,112.97,112.0,112.0,-0.97,-0.86,2949,330288,118.53,62.31
NTPCGREEN,NTPCGREENEQN,95.42,94.6,94.6,-0.82,-0.86,24435,2311551,119.95,84.0
SIEMENS,SIEMENSEQN,3886.0,3852.0,3852.0,-34.0,-0.87,59,227268,4149.4,2826.0
PAGEIND,PAGEINDEQN,37340.0,37015.0,37015.0,-325.0,-0.87,15,555225,43855.0,29805.0
NSIL,NSILEQN,5624.0,5575.0,5575.0,-49.0,-0.87,1,5575,8730.0,4700.0
IGCL,IGCLEQN,63.55,63.0,63.0,-0.55,-0.87,203,12789,111.4,49.46
DIVISLAB,DIVISLABEQN,9624.0,9540.5,9540.5,-83.5,-0.87,1203,11477221,9624.0,5636.5
GOLDAXIS,GOLDAXISEQN,125.69,124.6,124.6,-1.09,-0.87,5310,661626,150.0,92.57
ONIDA,ONIDAEQN,34.3,34.0,34.0,-0.3,-0.87,234,7956,49.23,21.5
SANDUMA,SANDUMAEQN,188.06,186.4,186.4,-1.66,-0.88,2157,402064,273.0,156.3
SHRIRAMPPS,SHRIRAMPPSEQN,72.69,72.05,72.05,-0.64,-0.88,632,45535,99.44,60.57
NETWORK18,NETWORK18EQN,27.14,26.9,26.9,-0.24,-0.88,5795,155885,55.64,25.71
INOXWIND,INOXWINDEQN,75.02,74.36,74.36,-0.66,-0.88,84486,6282378,159.3,68.0
SBISILVER,SBISILVEREQN,225.79,223.81,223.81,-1.98,-0.88,1383,309529,362.0,131.55
WEALTH,WEALTHEQN,840.45,833.0,833.0,-7.45,-0.89,28,23324,1244.0,774.95
SHREECEM,SHREECEMEQN,22500.0,22300.0,22300.0,-200.0,-0.89,8,178400,30285.0,21665.0
GANDHAR,GANDHAREQN,268.4,266.0,266.0,-2.4,-0.89,1326,352716,303.17,115.0
APOLLO,APOLLOEQN,404.6,401.0,401.0,-3.6,-0.89,27901,11188301,466.5,179.5
PNB,PNBEQN,118.3,117.25,117.25,-1.05,-0.89,33709,3952380,135.15,98.5
ELLEN,ELLENEQN,371.3,368.0,368.0,-3.3,-0.89,4012,1476416,522.5,175.0
TRUALT,TRUALTEQN,438.9,435.0,435.0,-3.9,-0.89,1168,508080,549.0,310.2
CSM,CSMEQN,103.93,103.0,103.0,-0.93,-0.89,1338,137814,114.9,76.26
SUBROS,SUBROSEQN,731.5,725.0,725.0,-6.5,-0.89,68,49300,1213.7,622.1
VIPULLTD,VIPULLTDBEN,11.09,10.99,10.99,-0.1,-0.9,1005,11044,18.6,7.38
THELEELA,THELEELAEQN,544.95,540.05,540.05,-4.9,-0.9,113,61025,582.85,384.5
TECHNOE,TECHNOEEQN,1012.05,1002.95,1002.95,-9.1,-0.9,139,139410,1440.5,870.0
IREDA,IREDAEQN,111.0,110.0,110.0,-1.0,-0.9,16482,1813020,159.81,107.4
CDSL,CDSLEQN,1351.1,1339.0,1339.0,-12.1,-0.9,2185,2925715,1673.7,1116.3
SILVERADD,SILVERADDEQN,22.2,22.0,22.0,-0.2,-0.9,222,4884,39.0,12.85
RELIANCE,RELIANCEEQN,1248.0,1236.6,1236.6,-11.4,-0.91,191257,236508406,1611.8,1226.4
REDTAPE,REDTAPEEQN,121.1,120.0,120.0,-1.1,-0.91,3220,386400,159.0,107.53
MANKIND,MANKINDEQN,2465.0,2442.6,2442.6,-22.4,-0.91,295,720567,2642.0,1909.7
EXCELSOFT,EXCELSOFTEQN,80.94,80.2,80.2,-0.74,-0.91,180,14436,142.59,66.4
DAVANGERE,DAVANGEREEQN,2.2,2.18,2.18,-0.02,-0.91,31469,68602,5.5,1.74
SHAH,SHAHEQN,3.25,3.22,3.22,-0.03,-0.92,1681,5412,5.82,2.56
KROSS,KROSSEQN,278.56,276.0,276.0,-2.56,-0.92,5120,1413120,283.0,150.52
IKS,IKSEQN,1937.8,1920.0,1920.0,-17.8,-0.92,824,1582080,1970.0,1262.0
VBL,VBLEQN,436.15,432.15,432.15,-4.0,-0.92,11613,5018557,555.8,381.0
GABRIEL,GABRIELEQN,1428.1,1415.0,1415.0,-13.1,-0.92,1936,2739440,1600.0,795.7
ENDURANCE,ENDURANCEEQN,2669.6,2645.0,2645.0,-24.6,-0.92,164,433780,3072.0,2142.8
UTKARSHBNK,UTKARSHBNKEQN,14.07,13.94,13.94,-0.13,-0.92,31874,444323,22.03,10.12
STYL,STYLEQN,359.8,356.5,356.5,-3.3,-0.92,11,3921,437.45,209.11
SIMPLEXINF,SIMPLEXINFEQN,256.4,254.05,254.05,-2.35,-0.92,160,40648,318.0,137.0
LASERPOWER,LASERPOWEREQN,287.4,284.75,284.75,-2.65,-0.92,5963,1697964,343.5,250.0
SERVOTECH,SERVOTECHEQN,71.67,71.0,71.0,-0.67,-0.93,630,44730,141.5,57.51
BHARTIHEXA,BHARTIHEXAEQN,1525.2,1511.0,1511.0,-14.2,-0.93,22,33242,1955.6,1430.0
ANDHRAPAP,ANDHRAPAPEQN,71.19,70.53,70.53,-0.66,-0.93,616,43446,86.89,58.0
RIR,RIREQN,189.75,187.99,187.99,-1.76,-0.93,3038,571113,213.94,154.0
SPANDANA,SPANDANAEQN,232.18,230.0,230.0,-2.18,-0.94,130,29900,319.4,181.1
ADANIENSOL,ADANIENSOLEQN,1380.0,1367.0,1367.0,-13.0,-0.94,2275,3109925,1789.0,803.1
DECNGOLD,DECNGOLDEQN,222.44,220.35,220.35,-2.09,-0.94,2126,468464,250.8,114.8
SRD,SRDEQN,40.88,40.49,40.49,-0.39,-0.95,1,40,75.79,36.0
RVNL,RVNLEQN,211.77,209.75,209.75,-2.02,-0.95,19115,4009371,400.7,195.15
SPAL,SPALEQN,989.5,980.0,980.0,-9.5,-0.96,90,88200,1221.9,600.0
REDINGTON,REDINGTONEQN,400.75,396.9,396.9,-3.85,-0.96,8600,3413340,419.5,191.31
SUDARSCHEM,SUDARSCHEMEQN,1236.9,1225.0,1225.0,-11.9,-0.96,231,282975,1603.0,726.4
VEEGALAND,VEEGALANDBEN,142.87,141.5,141.5,-1.37,-0.96,1820,257530,154.0,135.2
VOLTAS,VOLTASEQN,1130.0,1119.1,1119.1,-10.9,-0.96,1196,1338443,1582.5,1090.8
SILVERAXIS,SILVERAXISEQN,229.19,227.0,227.0,-2.19,-0.96,324,73548,390.01,133.41
HILTON,HILTONEQN,16.73,16.57,16.57,-0.16,-0.96,387,6412,44.9,13.43
SWSOLAR,SWSOLAREQN,180.76,179.01,179.01,-1.75,-0.97,6712,1201515,266.5,148.0
PRECWIRE,PRECWIREEQN,498.85,494.0,494.0,-4.85,-0.97,893,441142,524.9,179.52
ACI,ACIEQN,474.6,470.0,470.0,-4.6,-0.97,75,35250,720.0,446.0
SHIPROCKET,SHIPROCKETEQN,127.23,126.0,126.0,-1.23,-0.97,4109,517734,156.9,120.0
JAINREC,JAINRECEQN,302.95,300.0,300.0,-2.95,-0.97,6296,1888800,593.95,247.57
BLACKBUCK,BLACKBUCKEQN,616.05,610.0,610.0,-6.05,-0.98,715,436150,748.0,496.0
SUVEN,SUVENEQN,341.85,338.5,338.5,-3.35,-0.98,2962,1002637,403.35,124.11
TDPOWERSYS,TDPOWERSYSEQN,765.5,758.0,758.0,-7.5,-0.98,4806,3642948,817.55,270.55
KIRLPNU,KIRLPNUEQN,711.95,705.0,705.0,-6.95,-0.98,51,35955,1098.55,495.05
BSLGOLDETF,BSLGOLDETFEQN,132.9,131.6,131.6,-1.3,-0.98,441,58035,155.99,99.07
ALEMBICLTD,ALEMBICLTDEQN,106.04,105.0,105.0,-1.04,-0.98,7546,792330,117.72,70.46
POWERICA,POWERICAEQN,570.85,565.25,565.25,-5.6,-0.98,300,169575,676.95,365.1
KLBRENG-B,KLBRENG-BEQN,518.6,513.5,513.5,-5.1,-0.98,81,41593,544.85,332.4
PERSISTENT,PERSISTENTEQN,5240.0,5188.0,5188.0,-52.0,-0.99,1717,8907796,6599.0,4244.5
WELSPUNLIV,WELSPUNLIVEQN,223.77,221.56,221.56,-2.21,-0.99,15305,3390975,233.0,107.1
BAJAJELEC,BAJAJELECEQN,329.4,326.15,326.15,-3.25,-0.99,287,93605,653.8,301.0
RHIM,RHIMEQN,388.85,385.0,385.0,-3.85,-0.99,2942,1132670,508.3,323.05
INDOFARM,INDOFARMEQN,144.03,142.6,142.6,-1.43,-0.99,501,71442,271.69,110.7
SAREGAMA,SAREGAMAEQN,507.0,502.0,502.0,-5.0,-0.99,556,279112,574.5,307.05
RPEL,RPELEQN,1711.7,1694.5,1694.5,-17.2,-1.0,32,54224,1943.7,561.3
BANKBARODA,BANKBARODAEQN,236.87,234.5,234.5,-2.37,-1.0,14316,3357102,325.5,231.92
BANKINDIA,BANKINDIAEQN,139.65,138.26,138.26,-1.39,-1.0,15592,2155749,178.36,116.0
ELGIEQUIP,ELGIEQUIPEQN,614.7,608.55,608.55,-6.15,-1.0,377,229423,653.4,408.25
FEDERALBNK,FEDERALBNKEQN,331.3,328.0,328.0,-3.3,-1.0,8464,2776192,371.7,189.05
MARALOVER,MARALOVEREQN,61.11,60.5,60.5,-0.61,-1.0,40,2420,68.89,34.11
BODALCHEM,BODALCHEMEQN,199.53,197.53,197.53,-2.0,-1.0,4065,802959,206.0,42.81
JIOFIN,JIOFINEQN,232.15,229.83,229.83,-2.32,-1.0,77641,17844231,316.85,223.3
AEQUS,AEQUSEQN,243.94,241.51,241.51,-2.43,-1.0,9661,2333228,274.39,113.3
VOGL,VOGLEQN,35.86,35.5,35.5,-0.36,-1.0,219990,7809645,47.6,30.42
SWIGGY,SWIGGYEQN,278.5,275.7,275.7,-2.8,-1.01,20620,5684934,460.9,235.75
OPTIEMUS,OPTIEMUSEQN,828.35,820.0,820.0,-8.35,-1.01,16679,13676780,850.65,288.0
EDELWEISS,EDELWEISSEQN,142.03,140.6,140.6,-1.43,-1.01,41779,5874127,146.0,98.0
BHAGCHEM,BHAGCHEMEQN,247.0,244.5,244.5,-2.5,-1.01,20,4890,316.9,170.6
TVSMOTOR,TVSMOTOREQN,4135.0,4093.4,4093.4,-41.6,-1.01,1034,4232575,4484.5,3228.0
HDFCSILVER,HDFCSILVEREQN,220.13,217.9,217.9,-2.23,-1.01,922,200903,359.0,128.71
GVT&D,GVT&DEQN,4417.0,4372.1,4372.1,-44.9,-1.02,805,3519540,5650.0,2523.2
RAYMONDREL,RAYMONDRELEQN,671.45,664.6,664.6,-6.85,-1.02,11635,7732621,734.9,349.0
GMDCLTD,GMDCLTDEQN,556.7,551.0,551.0,-5.7,-1.02,5499,3029949,771.9,466.4
ASIANPAINT,ASIANPAINTEQN,2455.0,2430.0,2430.0,-25.0,-1.02,1736,4218480,2985.7,2115.0
GOLDENTOBC,GOLDENTOBCBZN,23.5,23.26,23.26,-0.24,-1.02,2,46,36.5,20.34
ACUTAAS,ACUTAASEQN,3265.2,3232.0,3232.0,-33.2,-1.02,410,1325120,3740.0,1302.0
SANGAMIND,SANGAMINDEQN,570.85,565.0,565.0,-5.85,-1.02,70,39550,672.5,391.2
TARACHAND,TARACHANDEQN,45.97,45.5,45.5,-0.47,-1.02,216,9828,103.67,45.16
MIRZAINT,MIRZAINTEQN,29.35,29.05,29.05,-0.3,-1.02,1278,37125,43.3,24.95
DIACABS,DIACABSBEN,377.85,374.0,374.0,-3.85,-1.02,1368,511632,404.0,115.57
SHAKTIPUMP,SHAKTIPUMPEQN,476.8,471.9,471.9,-4.9,-1.03,791,373272,877.7,455.0
IDEAFORGE,IDEAFORGEEQN,720.45,713.0,713.0,-7.45,-1.03,501,357213,992.25,366.0
IRCON,IRCONEQN,110.13,109.0,109.0,-1.13,-1.03,10353,1128477,186.44,106.8
NYKAA,NYKAAEQN,340.85,337.35,337.35,-3.5,-1.03,2584,871712,349.55,227.9
INNOVISION,INNOVISIONEQN,257.05,254.4,254.4,-2.65,-1.03,193,49099,470.0,246.2
SILVER1,SILVER1EQN,22.36,22.13,22.13,-0.23,-1.03,9080,200940,38.8,12.84
BFUTILITIE,BFUTILITIEEQN,530.5,525.0,525.0,-5.5,-1.04,11,5775,898.7,368.7
HUBTOWN,HUBTOWNEQN,177.35,175.5,175.5,-1.85,-1.04,262,45981,339.0,168.15
SUPRAJIT,SUPRAJITEQN,485.05,480.0,480.0,-5.05,-1.04,33,15840,559.25,389.95
ASHIANA,ASHIANAEQN,391.05,387.0,387.0,-4.05,-1.04,159,61533,435.9,269.45
BIOCON,BIOCONEQN,395.0,390.9,390.9,-4.1,-1.04,4997,1953327,447.15,337.05
NGLFINE,NGLFINEEQN,2830.4,2801.0,2801.0,-29.4,-1.04,15,42015,3602.0,1271.0
QUADFUTURE,QUADFUTUREEQN,526.55,521.0,521.0,-5.55,-1.05,1780,927380,554.4,248.55
CALSOFT,CALSOFTBEN,40.02,39.6,39.6,-0.42,-1.05,1221,48351,43.13,10.9
JTLIND,JTLINDEQN,91.31,90.35,90.35,-0.96,-1.05,4981,450033,94.0,40.25
INDIGOPNTS,INDIGOPNTSEQN,1140.0,1128.0,1128.0,-12.0,-1.05,250,282000,1345.9,708.05
KNRCON,KNRCONEQN,121.77,120.49,120.49,-1.28,-1.05,3307,398460,209.97,108.65
SSWL,SSWLEQN,371.95,368.0,368.0,-3.95,-1.06,4290,1578720,389.85,169.0
SUNTV,SUNTVEQN,490.2,485.0,485.0,-5.2,-1.06,557,270145,660.7,447.2
PRAKASH,PRAKASHEQN,119.79,118.52,118.52,-1.27,-1.06,633,75023,177.0,110.24
BPCL,BPCLEQN,315.75,312.4,312.4,-3.35,-1.06,20257,6328286,391.65,266.6
ASTERDM,ASTERDMEQN,760.05,752.0,752.0,-8.05,-1.06,675,507600,891.3,519.1
INDIGO,INDIGOEQN,5028.5,4975.0,4975.0,-53.5,-1.06,2566,12765850,5970.0,3895.2
EVEREADY,EVEREADYEQN,328.5,325.0,325.0,-3.5,-1.07,85,27625,423.55,259.65
KFINTECH,KFINTECHEQN,911.95,902.2,902.2,-9.75,-1.07,382,344640,1215.0,784.95
BIRLACORPN,BIRLACORPNEQN,839.95,831.0,831.0,-8.95,-1.07,91,75621,1346.1,769.6
THOMASCOOK,THOMASCOOKEQN,105.12,104.0,104.0,-1.12,-1.07,1063,110552,169.88,86.35
SAGILITY,SAGILITYEQN,45.99,45.5,45.5,-0.49,-1.07,44338,2017379,57.89,35.83
ICICIAMC,ICICIAMCEQN,3179.0,3145.0,3145.0,-34.0,-1.07,213,669885,3611.0,2530.0
EMMVEE,EMMVEEEQN,333.1,329.55,329.55,-3.55,-1.07,4507,1485281,371.55,171.51
LT,LTEQN,3929.9,3887.3,3887.3,-42.6,-1.08,5766,22414171,4440.0,3288.1
ANANTRAJ,ANANTRAJEQN,631.8,625.0,625.0,-6.8,-1.08,9594,5996250,743.65,403.0
YASHO,YASHOEQN,4144.7,4100.0,4100.0,-44.7,-1.08,23,94300,4994.0,1130.0
RAJRATAN,RAJRATANEQN,483.2,478.0,478.0,-5.2,-1.08,1422,679716,563.95,305.55
TI,TIEQN,601.5,595.0,595.0,-6.5,-1.08,4915,2924425,607.8,381.55
HCC,HCCEQN,22.17,21.93,21.93,-0.24,-1.08,107263,2352277,28.5,13.65
NETWEB,NETWEBEQN,4736.0,4685.0,4685.0,-51.0,-1.08,2852,13361620,5813.0,2920.0
HUDCO,HUDCOEQN,177.92,176.0,176.0,-1.92,-1.08,8925,1570800,246.85,159.0
SILVERBEES,SILVERBEESEQN,220.26,217.89,217.89,-2.37,-1.08,59094,12875991,360.0,128.25
KEC,KECEQN,402.4,398.0,398.0,-4.4,-1.09,4063,1617074,937.8,389.15
LANDMARK,LANDMARKEQN,506.4,500.9,500.9,-5.5,-1.09,247,123722,662.0,339.5
MOIL,MOILEQN,248.7,246.0,246.0,-2.7,-1.09,1223,300858,404.9,234.06
BSE,BSEEQN,3270.7,3235.0,3235.0,-35.7,-1.09,20607,66663645,4446.8,2021.5
SCI,SCIEQN,279.05,276.0,276.0,-3.05,-1.09,5800,1600800,368.75,195.55
PATANJALI,PATANJALIEQN,409.45,405.0,405.0,-4.45,-1.09,11905,4821525,614.05,328.2
TCC,TCCEQN,53.89,53.3,53.3,-0.59,-1.09,651,34698,105.28,39.37
TVSHLTD,TVSHLTDEQN,12591.0,12452.0,12452.0,-139.0,-1.1,21,261492,16297.0,12361.0
HINDPETRO,HINDPETROEQN,360.0,356.05,356.05,-3.95,-1.1,15687,5585356,508.45,316.2
MUTHOOTFIN,MUTHOOTFINEQN,2856.5,2825.0,2825.0,-31.5,-1.1,1361,3844825,4149.5,2671.0
KIRLOSENG,KIRLOSENGEQN,2219.5,2195.0,2195.0,-24.5,-1.1,908,1993060,2720.0,865.55
SOLARWORLD,SOLARWORLDEQN,138.52,137.0,137.0,-1.52,-1.1,272,37264,388.5,128.16
NMDC,NMDCEQN,82.0,81.1,81.1,-0.9,-1.1,55416,4494237,97.49,72.24
GOLDIAM,GOLDIAMEQN,332.6,328.95,328.95,-3.65,-1.1,1835,603623,398.2,198.75
SENCO,SENCOEQN,342.25,338.5,338.5,-3.75,-1.1,2092,708142,430.0,276.0
PERNIASPOP,PERNIASPOPEQN,549.05,543.0,543.0,-6.05,-1.1,244,132492,588.9,511.5
QUESS,QUESSEQN,359.0,355.0,355.0,-4.0,-1.11,2075,736625,388.75,166.3
AEROFLEX,AEROFLEXEQN,520.8,515.0,515.0,-5.8,-1.11,1616,832240,584.15,158.0
LLOYDSME,LLOYDSMEEQN,1890.9,1870.0,1870.0,-20.9,-1.11,836,1563320,2125.0,1042.9
AGARWALTUF,AGARWALTUFSMN,158.05,156.3,156.3,-1.75,-1.11,1200,187560,174.05,81.0
TVSSCS,TVSSCSEQN,132.48,131.0,131.0,-1.48,-1.12,1511,197941,146.5,90.32
HITECH,HITECHEQN,75.86,75.01,75.01,-0.85,-1.12,635,47631,123.8,70.14
DHAMPURSUG,DHAMPURSUGEQN,168.39,166.5,166.5,-1.89,-1.12,2045,340492,199.92,110.0
SYRMA,SYRMAEQN,1719.4,1699.9,1699.9,-19.5,-1.13,6041,10269095,1803.9,634.5
PODDARMENT,PODDARMENTEQN,281.8,278.6,278.6,-3.2,-1.14,3,835,333.4,201.1
SURYAROSNI,SURYAROSNIEQN,214.64,212.2,212.2,-2.44,-1.14,720,152784,314.5,187.35
VEDL,VEDLEQN,271.0,267.9,267.9,-3.1,-1.14,41577,11138478,795.0,249.7
COFORGE,COFORGEEQN,1782.4,1762.0,1762.0,-20.4,-1.14,5110,9003820,2021.2,1008.1
GMRP&UI,GMRP&UIEQN,98.13,97.0,97.0,-1.13,-1.15,4763,462011,136.3,86.8
DELHIVERY,DELHIVERYEQN,435.0,430.0,430.0,-5.0,-1.15,1161,499230,524.0,374.45
ETERNAL,ETERNALEQN,342.65,338.7,338.7,-3.95,-1.15,102248,34631397,368.45,212.6
ADVANCE,ADVANCEEQN,119.37,118.0,118.0,-1.37,-1.15,4125,486750,154.0,84.1
GENUSPAPER,GENUSPAPEREQN,11.34,11.21,11.21,-0.13,-1.15,1,11,18.05,8.67
GALLANTT,GALLANTTEQN,556.45,550.0,550.0,-6.45,-1.16,56,30800,948.0,496.25
CLSEL,CLSELEQN,296.25,292.8,292.8,-3.45,-1.16,111,32500,324.8,203.75
HEROMOTOCO,HEROMOTOCOEQN,5394.0,5331.5,5331.5,-62.5,-1.16,998,5320837,6388.5,4671.5
DBREALTY,DBREALTYEQN,101.48,100.3,100.3,-1.18,-1.16,4833,484749,180.85,83.5
TNPL,TNPLEQN,144.37,142.7,142.7,-1.67,-1.16,890,127003,175.75,121.51
TAALTECH,TAALTECHEQN,1094.8,1082.1,1082.1,-12.7,-1.16,135,146083,1234.0,523.22
MOSCHIP,MOSCHIPEQN,207.32,204.9,204.9,-2.42,-1.17,7463,1529168,288.45,146.8
SHREEPUSHK,SHREEPUSHKEQN,495.8,490.0,490.0,-5.8,-1.17,67,32830,545.2,272.45
SHRIRAMFIN,SHRIRAMFINEQN,1010.8,999.0,999.0,-11.8,-1.17,16526,16509474,1153.7,603.15
V2RETAIL,V2RETAILEQN,215.63,213.11,213.11,-2.52,-1.17,2343,499316,259.25,172.03
NIITMTS,NIITMTSEQN,220.27,217.7,217.7,-2.57,-1.17,2,435,443.9,203.3
KISSHT,KISSHTEQN,355.15,351.0,351.0,-4.15,-1.17,1468,515268,373.0,190.0
JKCEMENT,JKCEMENTEQN,5085.0,5025.0,5025.0,-60.0,-1.18,85,427125,6922.0,4671.5
CYIENTDLM,CYIENTDLMEQN,963.5,952.1,952.1,-11.4,-1.18,988,940674,1009.0,265.2
KTKBANK,KTKBANKEQN,343.05,339.0,339.0,-4.05,-1.18,3869,1311591,345.9,170.0
GRASIM,GRASIMEQN,3188.5,3151.0,3151.0,-37.5,-1.18,981,3091131,3411.1,2502.5
WAAREERTL,WAAREERTLEQN,848.0,838.0,838.0,-10.0,-1.18,1168,978784,1358.0,779.5
NECCLTD,NECCLTDBEN,19.54,19.31,19.31,-0.23,-1.18,108,2085,24.01,10.55
IOC,IOCEQN,138.15,136.5,136.5,-1.65,-1.19,60614,8273811,188.96,130.22
SBIN,SBINEQN,994.1,982.3,982.3,-11.8,-1.19,68019,66815063,1234.7,851.2
HPIL,HPILEQN,116.49,115.1,115.1,-1.39,-1.19,500,57550,154.45,107.0
IVALUE,IVALUEEQN,233.07,230.29,230.29,-2.78,-1.19,339,78068,340.0,200.88
NAVA,NAVAEQN,553.65,547.05,547.05,-6.6,-1.19,509,278448,739.4,501.65
BLEL,BLELEQN,469.6,464.0,464.0,-5.6,-1.19,632,293248,548.0,415.0
NEWGEN,NEWGENEQN,504.15,498.1,498.1,-6.05,-1.2,831,413921,1041.95,401.05
TSFINV,TSFINVEQN,462.05,456.5,456.5,-5.55,-1.2,55,25107,701.5,331.7
SHANTIGEAR,SHANTIGEAREQN,668.05,660.0,660.0,-8.05,-1.2,184,121440,743.0,384.0
INDOBORAX,INDOBORAXEQN,462.55,457.0,457.0,-5.55,-1.2,434,198338,542.8,225.31
FILATEX,FILATEXEQN,108.72,107.42,107.42,-1.3,-1.2,13380,1437279,111.5,36.26
EIMCOELECO,EIMCOELECOEQN,2297.8,2270.0,2270.0,-27.8,-1.21,167,379090,2380.0,1405.5
VINDHYATEL,VINDHYATELEQN,2864.6,2830.0,2830.0,-34.6,-1.21,23,65090,2952.6,963.9
STLTECH,STLTECHBEN,867.1,856.6,856.6,-10.5,-1.21,5226,4476591,912.0,84.6
TATSILV,TATSILVEQN,22.37,22.1,22.1,-0.27,-1.21,37700,833170,35.1,12.67
KPEL,KPELEQN,228.8,226.0,226.0,-2.8,-1.22,530,119780,463.25,206.52
DLF,DLFEQN,675.0,666.75,666.75,-8.25,-1.22,6524,4349877,786.5,489.4
BOROSCI,BOROSCIEQN,117.74,116.3,116.3,-1.44,-1.22,1349,156888,180.8,96.64
MOHITE,MOHITEEQN,2.45,2.42,2.42,-0.03,-1.22,240,580,3.3,2.15
DALMIASUG,DALMIASUGEQN,407.75,402.75,402.75,-5.0,-1.23,168,67662,520.0,261.4
PIXTRANS,PIXTRANSEQN,1758.7,1737.0,1737.0,-21.7,-1.23,5,8685,2089.0,1252.0
AAVAS,AAVASEQN,1285.8,1270.0,1270.0,-15.8,-1.23,800,1016000,1771.9,1060.4
MANAKSIA,MANAKSIAEQN,66.8,65.98,65.98,-0.82,-1.23,100,6598,73.4,42.1
BEWLTD,BEWLTDSMN,72.9,72.0,72.0,-0.9,-1.23,500,36000,155.0,47.7
SEDEMAC,SEDEMACEQN,3035.2,2998.0,2998.0,-37.2,-1.23,70556,211526888,3368.9,1413.1
GMMPFAUDLR,GMMPFAUDLREQN,1432.6,1415.0,1415.0,-17.6,-1.23,1497,2118255,1533.6,735.0
ELECTCAST,ELECTCASTEQN,74.22,73.3,73.3,-0.92,-1.24,2629,192705,99.68,60.15
MERCURYEV,MERCURYEVEQN,38.72,38.24,38.24,-0.48,-1.24,1649,63057,44.05,30.16
VAML,VAMLEQN,436.3,430.9,430.9,-5.4,-1.24,24890,10725101,537.0,401.15
SHOPERSTOP,SHOPERSTOPEQN,391.1,386.2,386.2,-4.9,-1.25,66,25489,563.4,275.95
BALAJITELE,BALAJITELEEQN,94.18,93.0,93.0,-1.18,-1.25,316,29388,141.32,69.52
OSWALSEEDS,OSWALSEEDSEQN,13.57,13.4,13.4,-0.17,-1.25,556,7450,20.28,9.66
DEEPA,DEEPAEQN,196.4,193.95,193.95,-2.45,-1.25,7393,1433872,222.0,164.79
GRAVISSHO,GRAVISSHOBEN,32.81,32.4,32.4,-0.41,-1.25,101,3272,49.9,25.2
LUMINO,LUMINOEQN,109.9,108.53,108.53,-1.37,-1.25,39975,4338486,122.0,98.05
CORDSCABLE,CORDSCABLEEQN,369.65,365.0,365.0,-4.65,-1.26,461,168265,406.95,127.01
VHL,VHLEQN,3383.8,3341.0,3341.0,-42.8,-1.26,1,3341,4275.0,2870.0
SARTELE,SARTELESMN,83.05,82.0,82.0,-1.05,-1.26,500,41000,264.85,72.4
AWHCL,AWHCLEQN,387.95,383.05,383.05,-4.9,-1.26,437,167392,605.0,337.55
AVIENCE,AVIENCESMN,354.45,350.0,350.0,-4.45,-1.26,3000,1050000,414.95,222.0
AARNAV,AARNAVBEN,33.42,33.0,33.0,-0.42,-1.26,1,33,37.4,21.0
USK,USKEQN,19.85,19.6,19.6,-0.25,-1.26,500,9800,35.17,18.97
EMKAY,EMKAYEQN,270.6,267.15,267.15,-3.45,-1.27,2,534,409.9,186.0
TARC,TARCEQN,129.65,128.0,128.0,-1.65,-1.27,1000,128000,186.3,109.1
LXCHEM,LXCHEMEQN,188.44,186.05,186.05,-2.39,-1.27,7482,1392026,222.5,107.6
WELSPLSOL,WELSPLSOLEQN,53.59,52.91,52.91,-0.68,-1.27,4676,247407,63.25,36.0
SEAMECLTD,SEAMECLTDEQN,1752.7,1730.2,1730.2,-22.5,-1.28,28,48445,1849.0,771.75
MPHASIS,MPHASISEQN,2259.0,2230.0,2230.0,-29.0,-1.28,549,1224270,2975.0,2013.0
IRB,IRBEQN,18.03,17.8,17.8,-0.23,-1.28,126801,2257057,23.95,17.51
ASTEC,ASTECEQN,757.45,747.7,747.7,-9.75,-1.29,487,364129,941.75,513.4
PCBL,PCBLEQN,345.45,341.0,341.0,-4.45,-1.29,6778,2311298,403.65,226.5
GOKEX,GOKEXEQN,710.25,701.1,701.1,-9.15,-1.29,478,335125,954.9,531.0
ARVIND,ARVINDEQN,548.25,541.1,541.1,-7.15,-1.3,898,485907,607.15,277.9
PRAJIND,PRAJINDEQN,320.15,316.0,316.0,-4.15,-1.3,738,233208,427.65,273.0
SUNDRMFAST,SUNDRMFASTEQN,1185.4,1170.0,1170.0,-15.4,-1.3,718,840060,1347.2,730.1
JAYKAY,JAYKAYEQN,212.76,210.0,210.0,-2.76,-1.3,7164,1504440,219.35,106.96
ADISOFT,ADISOFTSMN,258.35,255.0,255.0,-3.35,-1.3,800,204000,292.0,170.0
FINKURVE,FINKURVEEQN,70.12,69.2,69.2,-0.92,-1.31,56,3875,134.9,48.02
RUDRA,RUDRAEQN,19.81,19.55,19.55,-0.26,-1.31,971,18983,29.7,14.63
MSPL,MSPLEQN,35.57,35.1,35.1,-0.47,-1.32,575,20182,46.12,26.25
APTUS,APTUSEQN,251.33,248.0,248.0,-3.33,-1.32,5167,1281416,332.0,193.03
AJANTPHARM,AJANTPHARMEQN,3568.1,3521.1,3521.1,-47.0,-1.32,554,1950689,3796.0,2329.9
NAGREEKCAP,NAGREEKCAPEQN,30.2,29.8,29.8,-0.4,-1.32,100,2980,42.75,19.3
LTM,LTMEQN,4085.0,4031.0,4031.0,-54.0,-1.32,3763,15168653,6429.5,3528.0
HFCL,HFCLBEN,217.37,214.5,214.5,-2.87,-1.32,17040,3655080,256.7,59.82
WANBURY,WANBURYEQN,233.1,230.0,230.0,-3.1,-1.33,878,201940,358.85,161.5
DBSTOCKBRO,DBSTOCKBROBEN,30.0,29.6,29.6,-0.4,-1.33,1,29,48.5,23.15
ANGELONE,ANGELONEEQN,300.0,296.0,296.0,-4.0,-1.33,5985,1771560,360.45,208.63
CYBERTECH,CYBERTECHBEN,137.33,135.5,135.5,-1.83,-1.33,100,13550,274.8,95.3
DCI,DCIEQN,268.6,265.0,265.0,-3.6,-1.34,85,22525,475.0,208.98
NAHARINDUS,NAHARINDUSEQN,131.86,130.09,130.09,-1.77,-1.34,1,130,154.0,83.05
KRYSTAL,KRYSTALEQN,643.65,635.05,635.05,-8.6,-1.34,50,31752,696.9,500.0
AJMERA,AJMERAEQN,120.63,119.01,119.01,-1.62,-1.34,1050,124960,221.4,98.03
EMBDL,EMBDLEQN,61.22,60.4,60.4,-0.82,-1.34,16133,974433,99.21,39.46
SUMICHEM,SUMICHEMEQN,464.2,458.0,458.0,-6.2,-1.34,924,423192,582.15,362.6
SCHAND,SCHANDEQN,137.86,136.01,136.01,-1.85,-1.34,692,94118,200.0,127.73
SMLMAH,SMLMAHEQN,6794.0,6703.0,6703.0,-91.0,-1.34,377,2527031,6898.5,2719.0
SURANASOL,SURANASOLEQN,25.86,25.51,25.51,-0.35,-1.35,466,11887,34.9,18.31
WHEELS,WHEELSEQN,2240.3,2210.0,2210.0,-30.3,-1.35,1500,3315000,2498.0,705.85
ISGEC,ISGECEQN,867.85,856.1,856.1,-11.75,-1.35,76,65063,1113.9,683.95
IITL,IITLEQN,140.39,138.5,138.5,-1.89,-1.35,535,74097,216.0,108.0
FABTECH,FABTECHEQN,148.64,146.64,146.64,-2.0,-1.35,10,1466,262.8,132.7
RPPINFRA,RPPINFRAEQN,55.05,54.3,54.3,-0.75,-1.36,272,14769,139.5,53.0
MSTCLTD,MSTCLTDEQN,752.25,742.05,742.05,-10.2,-1.36,303,224841,805.0,362.15
JWL,JWLEQN,233.16,230.0,230.0,-3.16,-1.36,3504,805920,358.25,225.65
TGL,TGLSTN,14.7,14.5,14.5,-0.2,-1.36,200,2900,83.85,14.1
AURIONPRO,AURIONPROEQN,689.4,680.0,680.0,-9.4,-1.36,551,374680,1240.0,663.0
MANIKA,MANIKABEN,42.58,42.0,42.0,-0.58,-1.36,3915,164430,43.5,39.71
ANTGRAPHIC,ANTGRAPHICEQN,0.73,0.72,0.72,-0.01,-1.37,4125,2970,1.17,0.64
ANUHPHR,ANUHPHREQN,93.39,92.11,92.11,-1.28,-1.37,129,11882,99.5,67.0
NIITLTD,NIITLTDEQN,91.67,90.41,90.41,-1.26,-1.37,240,21698,112.0,49.0
MAGADSUGAR,MAGADSUGAREQN,509.2,502.2,502.2,-7.0,-1.37,42,21092,634.95,417.0
TATASTEEL,TATASTEELEQN,190.82,188.21,188.21,-2.61,-1.37,107112,20159549,224.4,160.06
MAITHANALL,MAITHANALLEQN,1009.9,996.05,996.05,-13.85,-1.37,552,549819,1210.1,831.2
MEDIASSIST,MEDIASSISTEQN,334.6,330.0,330.0,-4.6,-1.37,204,67320,575.55,293.0
ADVENTHTL,ADVENTHTLEQN,130.36,128.57,128.57,-1.79,-1.37,300,38571,345.05,120.02
PROZONER,PROZONEREQN,52.19,51.47,51.47,-0.72,-1.38,1,51,72.77,39.55
IFCI,IFCIEQN,79.49,78.39,78.39,-1.1,-1.38,318504,24967528,107.5,46.23
GPTHEALTH,GPTHEALTHEQN,161.5,159.25,159.25,-2.25,-1.39,320,50960,175.0,115.0
NITCO,NITCOEQN,92.38,91.1,91.1,-1.28,-1.39,1068,97294,120.0,64.0
MEIL,MEILEQN,274.25,270.45,270.45,-3.8,-1.39,26,7031,495.0,206.26
LLOYDSENGG,LLOYDSENGGEQN,91.52,90.25,90.25,-1.27,-1.39,82964,7487501,99.75,37.4
IGIL,IGILEQN,331.65,327.0,327.0,-4.65,-1.4,1889,617703,388.3,287.0
PRESTIGE,PRESTIGEEQN,1490.0,1469.1,1469.1,-20.9,-1.4,230,337893,1805.2,1090.0
UGARSUGAR,UGARSUGAREQN,57.22,56.42,56.42,-0.8,-1.4,1420,80116,62.1,33.75
NDRAUTO,NDRAUTOEQN,763.15,752.5,752.5,-10.65,-1.4,40,30100,1113.6,605.05
RAILTEL,RAILTELEQN,268.75,265.0,265.0,-3.75,-1.4,5131,1359715,400.8,245.0
ACSTECH,ACSTECHBEN,76.56,75.49,75.49,-1.07,-1.4,78342,5914037,76.56,31.71
MONARCH,MONARCHEQN,363.45,358.35,358.35,-5.1,-1.4,1,358,406.95,235.45
SYMPHONY,SYMPHONYEQN,592.6,584.25,584.25,-8.35,-1.41,745,435266,970.45,562.1
BLKASHYAP,BLKASHYAPEQN,53.97,53.21,53.21,-0.76,-1.41,532,28307,65.5,40.32
PACEDIGITK,PACEDIGITKEQN,169.39,167.0,167.0,-2.39,-1.41,3406,568802,231.95,139.81
MAHEPC,MAHEPCEQN,100.45,99.02,99.02,-1.43,-1.42,125,12377,155.66,91.91
JINDALPOLY,JINDALPOLYEQN,715.2,705.0,705.0,-10.2,-1.43,92,64860,1026.45,365.0
TITAGARH,TITAGARHEQN,842.05,830.0,830.0,-12.05,-1.43,897,744510,971.0,568.7
GRAUWEIL,GRAUWEILEQN,86.18,84.95,84.95,-1.23,-1.43,2588,219850,88.53,62.09
AEROPLANE,AEROPLANEEQN,205.74,202.8,202.8,-2.94,-1.43,540,109512,211.39,117.02
IIFL,IIFLEQN,633.3,624.2,624.2,-9.1,-1.44,3722,2323272,705.0,409.1
GEOJITFSL,GEOJITFSLEQN,81.98,80.8,80.8,-1.18,-1.44,4141,334592,86.5,50.86
UNITECH,UNITECHEQN,4.17,4.11,4.11,-0.06,-1.44,10149,41712,7.93,3.1
RETAIL,RETAILEQN,17.25,17.0,17.0,-0.25,-1.45,1,17,38.5,15.81
AXISBANK,AXISBANKEQN,1243.2,1225.2,1225.2,-18.0,-1.45,158049,193641634,1418.3,1125.4
CHOLAHLDNG,CHOLAHLDNGEQN,1472.4,1451.0,1451.0,-21.4,-1.45,107,155257,2064.0,1305.0
KENNAMET,KENNAMETEQN,4316.7,4254.0,4254.0,-62.7,-1.45,25,106350,5136.0,2405.2
ZOTA,ZOTAEQN,1390.6,1370.3,1370.3,-20.3,-1.46,166,227469,1740.0,1022.0
LEAPIND,LEAPINDEQN,148.62,146.45,146.45,-2.17,-1.46,1811,265220,172.29,128.55
KPIGREEN,KPIGREENEQN,350.05,344.9,344.9,-5.15,-1.47,3155,1088159,542.25,271.9
XTRANET,XTRANETEQN,317.65,312.99,312.99,-4.66,-1.47,2932,917686,358.5,122.5
PREMIERENE,PREMIERENEEQN,915.0,901.5,901.5,-13.5,-1.48,3984,3591576,1134.0,660.0
TALBROAUTO,TALBROAUTOEQN,466.9,460.0,460.0,-6.9,-1.48,1436,660560,485.8,219.9
SAIL,SAILEQN,185.44,182.7,182.7,-2.74,-1.48,55203,10085588,209.7,124.0
SAKSOFT,SAKSOFTEQN,147.79,145.61,145.61,-2.18,-1.48,518,75425,222.99,107.59
MUKKA,MUKKABEN,27.1,26.7,26.7,-0.4,-1.48,988,26379,33.29,18.27
VASCONEQ,VASCONEQEQN,32.99,32.5,32.5,-0.49,-1.49,3680,119600,74.59,26.75
NELCAST,NELCASTEQN,106.98,105.39,105.39,-1.59,-1.49,92,9695,173.2,85.98
CAPACITE,CAPACITEEQN,198.25,195.3,195.3,-2.95,-1.49,4264,832759,314.25,180.0
HEXAGON,HEXAGONBEN,65.68,64.7,64.7,-0.98,-1.49,1923,124418,78.25,48.1
KALAMANDIR,KALAMANDIREQN,79.99,78.79,78.79,-1.2,-1.5,3505,276158,223.03,76.55
CEINSYS,CEINSYSEQN,712.05,701.4,701.4,-10.65,-1.5,19,13326,1249.9,665.0
ROSSELLIND,ROSSELLINDEQN,52.03,51.25,51.25,-0.78,-1.5,20,1025,73.0,40.0
BELRISE,BELRISEEQN,249.78,246.0,246.0,-3.78,-1.51,12606,3101076,268.2,142.59
SURAKSHA,SURAKSHAEQN,355.35,350.0,350.0,-5.35,-1.51,623,218050,360.0,224.1
KOTAKBANK,KOTAKBANKEQN,413.25,407.0,407.0,-6.25,-1.51,58047,23625129,453.2,345.5
M&MFIN,M&MFINEQN,348.6,343.35,343.35,-5.25,-1.51,5661,1943704,415.0,269.5
JKTYRE,JKTYREEQN,355.35,350.0,350.0,-5.35,-1.51,3409,1193150,611.9,339.55
PURVA,PURVAEQN,216.82,213.52,213.52,-3.3,-1.52,582,124268,287.3,160.69
DIGISPICE,DIGISPICEEQN,16.5,16.25,16.25,-0.25,-1.52,22,357,29.79,14.82
JINDALSTEL,JINDALSTELEQN,1175.3,1157.3,1157.3,-18.0,-1.53,3349,3875797,1306.2,977.1
NESCO,NESCOEQN,1078.5,1062.0,1062.0,-16.5,-1.53,107,113634,1512.3,996.0
NAZARA,NAZARAEQN,372.7,367.0,367.0,-5.7,-1.53,9126,3349242,380.0,215.7
KIRIINDUS,KIRIINDUSEQN,572.75,564.0,564.0,-8.75,-1.53,4669,2633316,779.0,333.8
SILVERIETF,SILVERIETFEQN,230.09,226.57,226.57,-3.52,-1.53,10889,2467120,373.5,133.31
VAISHALI,VAISHALIEQN,8.45,8.32,8.32,-0.13,-1.54,600,4992,12.23,4.75
BAJAJFINSV,BAJAJFINSVEQN,1846.5,1818.0,1818.0,-28.5,-1.54,4739,8615502,2195.0,1597.0
SILVERCASE,SILVERCASEEQN,23.37,23.01,23.01,-0.36,-1.54,8963,206238,38.01,13.23
SMARTWORKS,SMARTWORKSEQN,541.05,532.65,532.65,-8.4,-1.55,100,53265,619.0,361.5
KMEW,KMEWEQN,2996.6,2950.0,2950.0,-46.6,-1.56,475,1401250,3175.0,1084.6
CHEMCON,CHEMCONBEN,228.66,225.1,225.1,-3.56,-1.56,10,2251,295.0,125.0
FEDFINA,FEDFINAEQN,153.42,151.01,151.01,-2.41,-1.57,8619,1301555,178.48,119.07
TIL,TILBEN,259.09,255.0,255.0,-4.09,-1.58,230,58650,338.8,161.25
ORISSAMINE,ORISSAMINEEQN,3841.2,3780.5,3780.5,-60.7,-1.58,400,1512200,6138.9,3100.5
SILVERAG,SILVERAGEQN,224.4,220.85,220.85,-3.55,-1.58,21,4637,380.0,130.5
SILVER,SILVEREQN,230.26,226.63,226.63,-3.63,-1.58,853,193315,371.89,133.2
ALMONDZ,ALMONDZEQN,19.55,19.24,19.24,-0.31,-1.59,1092,21010,20.25,10.68
LOTUSDEV,LOTUSDEVBEN,224.46,220.9,220.9,-3.56,-1.59,3115,688103,224.53,102.2
INOXGREEN,INOXGREENEQN,174.81,172.0,172.0,-2.81,-1.61,10076,1733072,279.0,132.58
HINDZINC,HINDZINCEQN,595.45,585.85,585.85,-9.6,-1.61,28918,16941610,733.0,445.6
GODREJPROP,GODREJPROPEQN,1707.6,1680.0,1680.0,-27.6,-1.62,1339,2249520,2352.0,1434.0
LICI,LICIEQN,407.5,400.9,400.9,-6.6,-1.62,30746,12326071,468.48,360.75
MOMSBELIEF,MOMSBELIEFEQN,227.7,224.0,224.0,-3.7,-1.62,20,4480,239.0,208.03
AVTNPL,AVTNPLEQN,96.88,95.3,95.3,-1.58,-1.63,2622,249876,102.0,53.5
RAIN,RAINEQN,221.86,218.25,218.25,-3.61,-1.63,7026,1533424,252.0,99.9
SUDEEPPHRM,SUDEEPPHRMEQN,1199.6,1180.1,1180.1,-19.5,-1.63,181,213598,1378.0,524.05
ALKALI,ALKALIEQN,101.63,99.96,99.96,-1.67,-1.64,766,76569,107.38,46.8
HTEL,HTELEQN,71.27,70.1,70.1,-1.17,-1.64,19401,1360010,86.45,68.22
CMPDI,CMPDIEQN,213.53,210.0,210.0,-3.53,-1.65,3869,812490,283.69,150.16
AFCONS,AFCONSEQN,258.3,254.0,254.0,-4.3,-1.66,13605,3455670,479.4,225.35
HDFCBANK,HDFCBANKEQN,737.25,725.0,725.0,-12.25,-1.66,921466,668062850,1020.5,681.9
HITECHCORP,HITECHCORPBEN,334.0,328.45,328.45,-5.55,-1.66,179,58792,345.0,112.0
MTARTECH,MTARTECHBEN,7286.5,7164.5,7164.5,-122.0,-1.67,127,909891,8714.0,1784.0
BOROLTD,BOROLTDEQN,267.5,263.0,263.0,-4.5,-1.68,858,225654,397.95,213.73
CRAFTSMAN,CRAFTSMANEQN,10904.0,10720.0,10720.0,-184.0,-1.69,221,2369120,11999.0,6324.0
PVRINOX,PVRINOXEQN,1317.5,1295.1,1295.1,-22.4,-1.7,7889,10217043,1357.8,907.4
TORNTPOWER,TORNTPOWEREQN,1259.4,1238.0,1238.0,-21.4,-1.7,1096,1356848,1824.1,1188.0
PIDILITIND,PIDILITINDEQN,1588.1,1561.0,1561.0,-27.1,-1.71,665,1038065,1707.5,1259.0
HINDWAREAP,HINDWAREAPEQN,177.02,174.0,174.0,-3.02,-1.71,681,118494,392.7,170.3
AKSHOPTFBR,AKSHOPTFBRBEN,6.98,6.86,6.86,-0.12,-1.72,2720,18659,9.01,3.82
LATTEYS,LATTEYSEQN,20.35,20.0,20.0,-0.35,-1.72,1811,36220,37.0,15.79
HINDCOPPER,HINDCOPPEREQN,513.0,504.1,504.1,-8.9,-1.73,48455,24426165,760.05,293.4
GOCLCORP,GOCLCORPEQN,392.75,385.95,385.95,-6.8,-1.73,3599,1389034,461.4,223.35
SHREERAMA,SHREERAMAEQN,45.79,45.0,45.0,-0.79,-1.73,550,24750,71.99,37.62
CEDAAR,CEDAARSTN,11.5,11.3,11.3,-0.2,-1.74,1000,11300,113.0,10.55
SMSPHARMA,SMSPHARMAEQN,482.95,474.55,474.55,-8.4,-1.74,1344,637795,494.45,242.25
DEVYANI,DEVYANIEQN,140.11,137.66,137.66,-2.45,-1.75,8883,1222833,181.79,91.55
PRANAV,PRANAVEQN,105.85,104.0,104.0,-1.85,-1.75,6580,684320,165.1,101.89
FIVESTAR,FIVESTAREQN,549.7,540.0,540.0,-9.7,-1.76,1282,692280,666.0,338.15
ASHOKLEY,ASHOKLEYEQN,162.89,160.0,160.0,-2.89,-1.77,47623,7619680,215.42,134.21
AUBANK,AUBANKEQN,1053.0,1034.1,1034.1,-18.9,-1.79,5017,5188079,1144.1,708.9
STEAMHOUSE,STEAMHOUSEEQN,110.73,108.75,108.75,-1.98,-1.79,22608,2458620,113.55,91.6
JETFREIGHT,JETFREIGHTEQN,21.67,21.28,21.28,-0.39,-1.8,5,106,25.95,11.9
UNIDT,UNIDTEQN,235.24,231.0,231.0,-4.24,-1.8,50,11550,254.97,146.0
HORIZONIND,HORIZONINDEQN,53.28,52.32,52.32,-0.96,-1.8,10098,528327,60.25,51.89
ARVEE,ARVEEEQN,242.18,237.8,237.8,-4.38,-1.81,76,18072,290.78,129.11
ARDEE,ARDEEEQN,52.25,51.3,51.3,-0.95,-1.82,39291,2015628,73.19,46.5
MATRIMONY,MATRIMONYEQN,544.95,535.0,535.0,-9.95,-1.83,51,27285,573.0,364.05
POONAWALLA,POONAWALLAEQN,478.85,470.1,470.1,-8.75,-1.83,6330,2975733,570.4,361.2
SANDHAR,SANDHAREQN,591.75,580.8,580.8,-10.95,-1.85,8929,5185963,763.2,424.0
MANAPPURAM,MANAPPURAMEQN,320.4,314.4,314.4,-6.0,-1.87,6654,2092017,381.55,245.15
BALPHARMA,BALPHARMAEQN,108.28,106.25,106.25,-2.03,-1.87,235,24968,124.6,60.0
PRUDENT,PRUDENTEQN,3352.7,3290.0,3290.0,-62.7,-1.87,246,809340,4105.5,2121.0
RPTECH,RPTECHEQN,898.7,881.8,881.8,-16.9,-1.88,469,413564,967.7,310.8
SJS,SJSEQN,2334.1,2290.1,2290.1,-44.0,-1.89,539,1234363,2590.0,1418.1
OBEROIRLTY,OBEROIRLTYEQN,1850.0,1815.0,1815.0,-35.0,-1.89,550,998250,1986.1,1391.2
ICICIGI,ICICIGIEQN,1500.6,1471.9,1471.9,-28.7,-1.91,1730,2546387,2064.9,1423.1
PARACABLES,PARACABLESEQN,62.29,61.1,61.1,-1.19,-1.91,3751,229186,75.7,28.3
BALAXI,BALAXIEQN,22.94,22.5,22.5,-0.44,-1.92,940,21150,47.71,15.2
MADHUCON,MADHUCONEQN,4.14,4.06,4.06,-0.08,-1.93,125,507,8.44,3.61
LLOYDSENT,LLOYDSENTEQN,74.15,72.71,72.71,-1.44,-1.94,27502,1999670,84.7,40.69
ANLON,ANLONSMN,769.95,755.0,755.0,-14.95,-1.94,400,302000,858.1,335.0
BHARATFORG,BHARATFORGEQN,2004.0,1965.0,1965.0,-39.0,-1.95,1491,2929815,2295.0,1179.0
ABCAPITAL,ABCAPITALEQN,402.45,394.6,394.6,-7.85,-1.95,13716,5412333,430.7,277.7
OLAELEC,OLAELECEQN,41.87,41.05,41.05,-0.82,-1.96,664802,27290122,59.2,22.25
UMESLTD,UMESLTDEQN,4.6,4.51,4.51,-0.09,-1.96,137,617,7.14,3.76
AIRAN,AIRANEQN,16.78,16.45,16.45,-0.33,-1.97,2275,37423,26.68,12.63
ASTAR,ASTAREQN,708.95,695.0,695.0,-13.95,-1.97,2,1390,848.0,485.0
GANESHBE,GANESHBEBEN,131.08,128.5,128.5,-2.58,-1.97,832,106912,135.85,68.4
PEARLPOLY,PEARLPOLYEQN,19.7,19.31,19.31,-0.39,-1.98,3,57,31.5,12.75
CINELINE,CINELINEEQN,90.01,88.23,88.23,-1.78,-1.98,500,44115,104.4,73.35
ABINFRA,ABINFRABEN,12.57,12.32,12.32,-0.25,-1.99,110,1355,23.56,8.82
RELIGARE,RELIGAREEQN,251.77,246.75,246.75,-5.02,-1.99,7601,1875546,280.0,196.51
SHAREINDIA,SHAREINDIAEQN,219.98,215.57,215.57,-4.41,-2.0,3950,851501,233.35,115.36
BLACKROSE,BLACKROSEBEN,114.91,112.61,112.61,-2.3,-2.0,10,1126,129.9,80.05
RELINFRA,RELINFRABEN,47.06,46.12,46.12,-0.94,-2.0,2590,119450,273.7,47.06
CGPOWER,CGPOWEREQN,895.0,877.1,877.1,-17.9,-2.0,21947,19249713,980.9,525.5
SILGO,SILGOEQN,70.43,69.02,69.02,-1.41,-2.0,50,3451,86.2,57.55
UYFINCORP,UYFINCORPBEN,19.51,19.12,19.12,-0.39,-2.0,55,1051,22.34,11.5
PATILAUTOM,PATILAUTOMSMN,350.15,343.1,343.1,-7.05,-2.01,600,205860,370.0,112.05
HINDALCO,HINDALCOEQN,1003.8,983.5,983.5,-20.3,-2.02,82653,81289225,1176.0,731.95
UTSSAV,UTSSAVSMN,653.25,640.0,640.0,-13.25,-2.03,600,384000,670.0,160.05
GODIGIT,GODIGITEQN,245.0,240.0,240.0,-5.0,-2.04,6051,1452240,381.4,231.65
NATIONALUM,NATIONALUMEQN,363.45,355.95,355.95,-7.5,-2.06,54188,19288218,445.15,198.68
SEMAC,SEMACEQN,265.65,260.05,260.05,-5.6,-2.11,10,2600,519.25,205.0
BATLIBOI,BATLIBOIEQN,84.28,82.5,82.5,-1.78,-2.11,322,26565,106.5,71.21
STEELCAS,STEELCASEQN,359.7,352.0,352.0,-7.7,-2.14,327,115104,365.0,176.02
ISFT,ISFTEQN,107.63,105.32,105.32,-2.31,-2.15,316,33281,114.95,54.05
NORTHARC,NORTHARCEQN,313.8,307.0,307.0,-6.8,-2.17,6469,1985983,334.0,206.0
NIACL,NIACLEQN,191.16,187.0,187.0,-4.16,-2.18,22745,4253315,242.6,116.97
RACE,RACEEQN,122.91,120.2,120.2,-2.71,-2.2,450,54090,246.0,84.11
HINDCON,HINDCONEQN,25.21,24.65,24.65,-0.56,-2.22,5,123,37.75,15.66
UJJIVANSFB,UJJIVANSFBEQN,66.01,64.52,64.52,-1.49,-2.26,134042,8648389,73.94,43.85
NESTLEIND,NESTLEINDEQN,1387.2,1355.7,1355.7,-31.5,-2.27,13081,17733911,1553.0,1145.0
SOUTHWEST,SOUTHWESTEQN,194.64,190.2,190.2,-4.44,-2.28,3100,589620,275.0,121.0
IRMENERGY,IRMENERGYEQN,272.9,266.65,266.65,-6.25,-2.29,354,94394,393.0,165.4
WESTLIFE,WESTLIFEEQN,598.7,585.0,585.0,-13.7,-2.29,699,408915,763.8,398.4
OFSS,OFSSEQN,10849.0,10600.0,10600.0,-249.0,-2.3,634,6720400,12540.0,6234.5
MPIMANIPAL,MPIMANIPALEQN,372.6,364.0,364.0,-8.6,-2.31,4218,1535352,406.3,315.65
VGL,VGLEQN,70.63,69.0,69.0,-1.63,-2.31,20,1380,85.99,43.7
KOTHARIPRO,KOTHARIPROEQN,69.64,68.02,68.02,-1.62,-2.33,8,544,100.42,58.0
MCLEODRUSS,MCLEODRUSSEQN,47.2,46.1,46.1,-1.1,-2.33,2548,117462,78.41,28.5
ACCURACY,ACCURACYBEN,4.3,4.2,4.2,-0.1,-2.33,52,218,7.44,3.4
EKC,EKCEQN,113.66,111.0,111.0,-2.66,-2.34,16688,1852368,154.55,90.25
ANNU,ANNUEQN,53.04,51.8,51.8,-1.24,-2.34,6403,331675,75.6,46.55
MAXHEALTH,MAXHEALTHEQN,1059.9,1035.0,1035.0,-24.9,-2.35,10164,10519740,1221.9,903.0
DCBBANK,DCBBANKEQN,223.69,218.4,218.4,-5.29,-2.36,6936,1514822,234.8,122.4
JAIBALAJI,JAIBALAJIEQN,66.78,65.2,65.2,-1.58,-2.37,780,50856,102.0,53.65
E2E,E2EBEN,635.15,620.0,620.0,-15.15,-2.39,21867,13557540,698.0,183.36
VIDYAWIRES,VIDYAWIRESEQN,88.71,86.57,86.57,-2.14,-2.41,32869,2845469,117.35,42.51
PFOCUS,PFOCUSEQN,337.15,329.0,329.0,-8.15,-2.42,19390,6379310,367.0,161.01
PAVNAIND,PAVNAINDEQN,15.5,15.12,15.12,-0.38,-2.45,416,6289,42.5,14.11
AJAXENGG,AJAXENGGEQN,569.15,555.0,555.0,-14.15,-2.49,1223,678765,697.55,394.8
GRPLTD,GRPLTDEQN,2001.2,1951.0,1951.0,-50.2,-2.51,4,7804,2360.6,1500.0
PROSTARM,PROSTARMEQN,138.08,134.6,134.6,-3.48,-2.52,4039,543649,210.0,114.64
MARINE,MARINEEQN,425.8,415.0,415.0,-10.8,-2.54,30187,12527605,450.0,150.86
KCPSUGIND,KCPSUGINDBEN,29.56,28.81,28.81,-0.75,-2.54,50,1440,36.47,21.45
UNIVASTU,UNIVASTUBEN,145.71,142.0,142.0,-3.71,-2.55,165,23430,178.98,56.02
DEVX,DEVXEQN,35.0,34.1,34.1,-0.9,-2.57,4966,169340,58.9,29.95
SAHYADRI,SAHYADRIEQN,369.6,360.0,360.0,-9.6,-2.6,85,30600,408.95,200.1
INDOTECH,INDOTECHEQN,3286.8,3200.0,3200.0,-86.8,-2.64,130,416000,4030.0,1100.0
ESDS,ESDSEQN,1770.7,1724.0,1724.0,-46.7,-2.64,13537,23337788,1827.4,756.0
EMPIND,EMPINDEQN,1074.8,1046.0,1046.0,-28.8,-2.68,15,15690,1248.0,1002.1
RBLBANK,RBLBANKEQN,428.0,416.5,416.5,-11.5,-2.69,21348,8891442,429.6,261.6
AQYLON,AQYLONEQN,18.81,18.3,18.3,-0.51,-2.71,1678,30707,224.7,17.94
DJML,DJMLEQN,72.7,70.7,70.7,-2.0,-2.75,2,141,124.8,52.0
SBGLP,SBGLPEQN,24.31,23.64,23.64,-0.67,-2.76,406,9597,40.9,18.35
NIVABUPA,NIVABUPAEQN,80.23,78.0,78.0,-2.23,-2.78,26050,2031900,91.4,67.5
BANDHANBNK,BANDHANBNKEQN,191.38,186.0,186.0,-5.38,-2.81,82253,15299058,220.76,134.25
IPRINGLTD,IPRINGLTDEQN,136.89,133.01,133.01,-3.88,-2.83,100,13301,187.0,124.5
SPECTRUM,SPECTRUMBEN,3241.6,3150.0,3150.0,-91.6,-2.83,30,94500,3398.9,1050.0
SBILIFE,SBILIFEEQN,1760.0,1710.0,1710.0,-50.0,-2.84,11626,19880460,2132.0,1652.9
ARFIN,ARFINEQN,91.42,88.71,88.71,-2.59,-2.84,764,67774,106.2,44.16
BALAJEE,BALAJEEEQN,25.68,24.95,24.95,-0.73,-2.84,252,6287,54.48,21.1
CHEMBONDCH,CHEMBONDCHBEN,259.5,252.0,252.0,-7.5,-2.89,80,20160,290.0,104.85
HAVISHA,HAVISHAEQN,1.38,1.34,1.34,-0.04,-2.9,1811,2426,2.42,1.03
KRITI,KRITIEQN,63.19,61.35,61.35,-1.84,-2.91,1000,61350,142.34,53.0
KOTARISUG,KOTARISUGBEN,27.35,26.53,26.53,-0.82,-3.0,40,1061,39.94,22.5
LGHL,LGHLEQN,176.62,171.3,171.3,-5.32,-3.01,133,22782,399.58,168.0
SEPC,SEPCEQN,5.22,5.06,5.06,-0.16,-3.07,162491,822204,13.4,4.65
SETCO,SETCOBEN,17.04,16.51,16.51,-0.53,-3.11,100,1651,28.62,11.56
NEPHROPLUS,NEPHROPLUSEQN,741.9,718.4,718.4,-23.5,-3.17,20086,14429782,781.5,446.0
ARCIL,ARCILEQN,149.76,145.0,145.0,-4.76,-3.18,52295,7582775,152.8,124.5
PAR,PARBEN,131.92,127.65,127.65,-4.27,-3.24,298,38039,180.0,78.05
PALREDTEC,PALREDTECEQN,46.73,45.2,45.2,-1.53,-3.27,18,813,73.6,27.45
BHAGERIA,BHAGERIAEQN,351.75,340.0,340.0,-11.75,-3.34,858,291720,368.2,127.51
VERTOZ,VERTOZEQN,36.84,35.6,35.6,-1.24,-3.37,390,13884,79.74,27.02
GULFPETRO,GULFPETROBEN,66.38,64.0,64.0,-2.38,-3.59,3000,192000,71.4,23.25
NICCOPAR,NICCOPAREQN,80.0,77.1,77.1,-2.9,-3.63,130,10023,98.99,72.0
KANOHAR,KANOHAREQN,907.0,873.9,873.9,-33.1,-3.65,22474,19640028,937.7,685.1
BAJFINANCE,BAJFINANCEEQN,1043.2,1005.0,1005.0,-38.2,-3.66,114725,115298625,1176.4,787.9
DELTAMAGNT,DELTAMAGNTEQN,56.57,54.4,54.4,-2.17,-3.84,1371,74582,89.6,45.51
IDFCFIRSTB,IDFCFIRSTBEQN,87.9,84.5,84.5,-3.4,-3.87,685640,57936580,89.61,58.08
BOHRAIND,BOHRAINDEQN,13.64,13.11,13.11,-0.53,-3.89,40,524,26.66,11.6
GATECH,GATECHBEN,0.76,0.73,0.73,-0.03,-3.95,527586,385137,1.11,0.4
CTE,CTEBEN,43.95,42.15,42.15,-1.8,-4.1,100,4215,59.93,20.51
TOKYOPLAST,TOKYOPLASTEQN,79.4,76.05,76.05,-3.35,-4.22,150,11407,135.0,53.86
INDUSINDBK,INDUSINDBKEQN,959.3,918.0,918.0,-41.3,-4.31,43761,40172598,1077.85,710.6
CELEBRITY,CELEBRITYEQN,6.65,6.36,6.36,-0.29,-4.36,25,159,12.35,5.65
TRU,TRUEQN,4.23,4.04,4.04,-0.19,-4.49,1549,6257,12.97,3.9
EQUITASBNK,EQUITASBNKEQN,72.27,69.0,69.0,-3.27,-4.52,118310,8163390,83.9,51.25
BURNPUR,BURNPURBEN,15.77,15.05,15.05,-0.72,-4.57,646,9722,22.63,11.13
VCL,VCLBEN,1.52,1.45,1.45,-0.07,-4.61,45848,66479,2.66,0.87
SRIKPRIND,SRIKPRINDBEN,28.58,27.2,27.2,-1.38,-4.83,296,8051,36.8,19.4
EMPOWER,EMPOWEREQN,2.06,1.96,1.96,-0.1,-4.85,335957,658475,2.82,1.3
POLYSIL,POLYSILSMN,56.8,54.0,54.0,-2.8,-4.93,1000,54000,356.75,47.25
AGRITECH,AGRITECHEQN,97.83,93.0,93.0,-4.83,-4.94,69,6417,187.19,92.52
RHETAN,RHETANEQN,16.79,15.96,15.96,-0.83,-4.94,23789,379672,34.87,16.79
MVKAGRO,MVKAGROSMN,209.5,199.05,199.05,-10.45,-4.99,900,179145,819.0,152.05
ONIXSOLAR,ONIXSOLAREQN,306.5,291.2,291.2,-15.3,-4.99,5536,1612083,464.2,262.45
WAAREEINDO,WAAREEINDOEQN,255.7,242.95,242.95,-12.75,-4.99,5633,1368537,725.0,241.1
KDL,KDLSMN,64.05,60.85,60.85,-3.2,-5.0,1500,91275,250.0,64.05
NAUKRI,NAUKRIEQN,1297.0,1232.0,1232.0,-65.0,-5.01,17335,21356720,1433.6,908.3
TFL,TFLEQN,11.77,11.17,11.17,-0.6,-5.1,88,982,18.5,10.21
HDFCLIFE,HDFCLIFEEQN,561.5,531.0,531.0,-30.5,-5.43,72251,38365281,791.5,508.7
CANHLIFE,CANHLIFEEQN,151.63,143.0,143.0,-8.63,-5.69,44018,6294574,166.69,106.0
WHIRLPOOL,WHIRLPOOLEQN,865.25,810.0,810.0,-55.25,-6.39,120885,97916850,1437.0,706.0
STARHEALTH,STARHEALTHEQN,549.2,513.0,513.0,-36.2,-6.59,48001,24624513,624.9,416.55
ICICIPRULI,ICICIPRULIEQN,484.5,452.0,452.0,-32.5,-6.71,22681,10251812,706.8,455.3
CHOLAFIN,CHOLAFINEQN,1774.0,1630.0,1630.0,-144.0,-8.12,152846,249138980,1952.5,1299.4
CENTEXT-RE,CENTEXT-REBEN,2.19,2.0,2.0,-0.19,-8.68,2392,4784,2.25,2.18
MFSL,MFSLEQN,1562.9,1406.7,1406.7,-156.2,-9.99,19384,27267472,1892.5,1423.6
POLICYBZR,POLICYBZREQN,1886.3,1697.7,1697.7,-188.6,-10.0,21540,36568458,1964.2,1364.0
LTF,LTFEQN,310.0,279.0,279.0,-31.0,-10.0,158574,44242146,338.6,234.9
WHBRADY,WHBRADYEQN,502.6,421.0,421.0,-81.6,-16.24,25,10525,589.9,415.0
TURTLEMINT,TURTLEMINTEQN,136.3,109.04,109.04,-27.26,-20.0,82383,8983042,160.0,110.41
PIRAMALFIN,PIRAMALFINEQN,2226.5,1781.2,1781.2,-445.3,-20.0,48299,86030178,2326.4,1260.0
