symbol,identifier,previousClose,lastPrice,iep,change,pChange,finalQuantity,totalTurnover,yearHigh,yearLow
MPEL-RE,MPEL-RESTN,2.0,2.4,2.4,0.4,20.0,9600,23040,7.0,2.0
STLSTRINF,STLSTRINFEQN,21.2,25.44,25.44,4.24,20.0,5156,131168,22.78,14.59
TATACHEM,TATACHEMEQN,612.45,734.9,734.9,122.45,19.99,139720,102680228,1026.65,580.3
ASHOKAMET,ASHOKAMETEQN,17.2,19.4,19.4,2.2,12.79,75414,1463031,21.0,12.13
AFCONS,AFCONSEQN,253.8,281.0,281.0,27.2,10.72,170418,47887458,479.4,249.0
PANCHMAHQ,PANCHMAHQEQN,280.0,309.8,309.8,29.8,10.64,24,7435,331.0,253.95
SUPREME,SUPREMEEQN,34.74,37.9,37.9,3.16,9.1,6,227,97.84,33.01
LADDERUP,LADDERUPEQN,74.31,80.9,80.9,6.59,8.87,4269,345362,74.31,42.7
QUICKHEAL,QUICKHEALEQN,147.52,160.0,160.0,12.48,8.46,22030,3524800,371.4,125.0
EMUDHRA,EMUDHRAEQN,494.05,535.0,535.0,40.95,8.29,7900,4226500,710.1,364.55
DAVANGERE,DAVANGEREEQN,2.1,2.27,2.27,0.17,8.1,875342,1987026,5.5,1.74
GRAVISSHO,GRAVISSHOEQN,42.7,46.15,46.15,3.45,8.08,10738,495558,42.7,25.2
CENTEXT,CENTEXTEQN,22.37,21.95,21.95,1.59,7.81,30319,665502,31.59,14.25
DHARAN,DHARANBZN,0.13,0.14,0.14,0.01,7.69,294989,41298,0.61,0.11
TATAINVEST,TATAINVESTEQN,650.9,700.15,700.15,49.25,7.57,78931,55263539,1184.7,538.85
AHCL,AHCLEQN,19.57,21.05,21.05,1.48,7.56,491514,10346369,20.0,10.2
MANUGRAPH,MANUGRAPHEQN,14.96,16.03,16.03,1.07,7.15,2115,33903,24.0,9.65
ASIANTNE,ASIANTNEEQN,9.25,9.9,9.9,0.65,7.03,51,504,10.99,8.6
TMPV,TMPVEQN,301.1,320.0,320.0,18.9,6.28,796892,255005440,739.7,294.3
TCIFINANCE,TCIFINANCEEQN,15.01,15.94,15.94,0.93,6.2,3100,49414,38.46,10.0
TRU,TRUEQN,4.28,4.54,4.54,0.26,6.07,21,95,13.12,3.9
BALAXI,BALAXIEQN,23.39,24.8,24.8,1.41,6.03,3139,77847,47.71,15.2
RKEC,RKECEQN,19.33,20.45,20.45,1.12,5.79,311,6359,81.5,18.27
VAISHALI,VAISHALIEQN,8.77,9.25,9.25,0.48,5.47,20986,194120,12.7,4.75
ZEELEARN,ZEELEARNEQN,6.78,7.15,7.15,0.37,5.46,5865,41934,10.45,4.17
GILLANDERS,GILLANDERSEQN,103.58,109.0,109.0,5.42,5.23,1,109,129.4,76.0
IWP,IWPEQN,34.41,36.0,36.0,1.79,5.23,160,5760,39.15,28.0
PASUPTAC,PASUPTACEQN,67.08,70.5,70.5,3.42,5.1,4170,293985,78.95,40.41
KEC,KECEQN,406.4,427.1,427.1,20.7,5.09,70037,29912802,937.8,389.15
SUMEDHA,SUMEDHAEQN,41.4,43.49,43.49,2.09,5.05,10,434,47.0,36.6
FONEBOX,FONEBOXSMN,125.0,131.25,131.25,6.25,5.0,1000,131250,125.0,57.0
TBZ,TBZEQN,526.3,552.6,552.6,26.3,5.0,10231,5653650,583.05,110.5
KESORAMIND,KESORAMINDBEN,12.01,12.61,12.61,0.6,5.0,37382,471387,14.26,4.55
KANORICHEM,KANORICHEMBEN,169.64,178.12,178.12,8.48,5.0,6284,1119306,180.99,56.0
UEL,UELEQN,206.64,216.97,216.97,10.33,5.0,44,9546,284.2,92.32
STLNETWORK,STLNETWORKEQN,36.6,38.43,38.43,1.83,5.0,136617,5250191,36.6,15.75
TAKE,TAKEEQN,17.61,18.49,18.49,0.88,5.0,16041,296598,50.14,10.09
MBECL,MBECLBEN,330.4,346.92,346.92,16.52,5.0,45,15611,330.4,213.0
ARCL,ARCLEQN,249.9,262.39,262.39,12.49,5.0,52,13644,249.9,216.89
SUMAX,SUMAXSTN,126.45,132.75,132.75,6.3,4.98,3600,477900,126.45,101.2
IBULLSLTD,IBULLSLTDEQN,26.14,27.44,27.44,1.3,4.97,553604,15190893,32.5,8.9
SHANTIINOR,SHANTIINORSTN,184.95,194.15,194.15,9.2,4.97,9600,1863840,184.95,150.0
GFSTEELS,GFSTEELSEQN,20.95,21.99,21.99,1.04,4.96,640,14073,20.95,9.73
MTEDUCARE,MTEDUCAREBEN,1.82,1.91,1.91,0.09,4.95,5095,9731,2.53,1.17
RCOM,RCOMBEN,1.01,1.06,1.06,0.05,4.95,843763,894388,1.51,0.75
AARADHYA,AARADHYASTN,141.55,148.55,148.55,7.0,4.95,3600,534780,182.0,64.2
LEENEE,LEENEEBEN,7.9,8.29,8.29,0.39,4.94,300,2487,11.48,6.81
MAL,MALSMN,48.7,51.1,51.1,2.4,4.93,3200,163520,60.9,28.95
RACLGEAR,RACLGEAREQN,1756.7,1841.0,1841.0,84.3,4.8,1617,2976897,1856.0,897.9
DIGISPICE,DIGISPICEEQN,16.87,17.68,17.68,0.81,4.8,206,3642,35.5,14.82
GAYAPROJ,GAYAPROJEQN,26.03,27.28,27.28,1.25,4.8,101987,2782205,26.04,9.51
BCONCEPTS,BCONCEPTSEQN,156.56,164.0,164.0,7.44,4.75,1,164,449.0,150.3
VERTOZ,VERTOZEQN,38.38,40.2,40.2,1.82,4.74,2312,92942,86.75,27.02
LEXUS,LEXUSEQN,13.31,13.94,13.94,0.63,4.73,25,348,39.25,12.74
RSDFIN,RSDFINBEN,94.0,98.4,98.4,4.4,4.68,4,393,168.48,65.6
LAKPRE,LAKPREBZN,6.0,6.28,6.28,0.28,4.67,265,1664,6.67,4.1
CELEBRITY,CELEBRITYEQN,6.85,7.17,7.17,0.32,4.67,500,3585,13.25,5.65
BPLPHARMA,BPLPHARMAEQN,1505.1,1575.0,1575.0,69.9,4.64,1,1575,1649.0,1125.7
DCAL,DCALEQN,167.25,174.99,174.99,7.74,4.63,8667,1516638,321.95,128.5
RAJTV,RAJTVEQN,8.21,8.59,8.59,0.38,4.63,6504,55869,46.9,7.7
INFY,INFYEQN,1037.7,1085.0,1085.0,47.3,4.56,289554,314166090,1728.0,982.4
TOYAMSL,TOYAMSLEQN,0.66,0.69,0.69,0.03,4.55,59444,41016,0.69,0.6
SETCO,SETCOBEN,16.74,17.5,17.5,0.76,4.54,5412,94710,28.62,11.56
SGLRES,SGLRESEQN,2.44,2.55,2.55,0.11,4.51,195,497,2.74,2.27
SHREEDHAR,SHREEDHARSTN,135.8,141.9,141.9,6.1,4.49,4000,567600,135.8,54.4
VIRTUALG,VIRTUALGBEN,0.45,0.47,0.47,0.02,4.44,42750,20092,0.6,0.4
LAMOSAIC,LAMOSAICSTN,53.1,55.45,55.45,2.35,4.43,1200,66540,61.55,20.45
DELPHIFX,DELPHIFXBEN,5.75,6.0,6.0,0.25,4.35,2500,15000,18.25,5.64
SHANTI,SHANTIEQN,6.2,6.47,6.47,0.27,4.35,10,64,12.26,4.7
BOHRAIND,BOHRAINDEQN,13.42,14.0,14.0,0.58,4.32,6,84,26.66,11.6
FLFL,FLFLBZN,1.16,1.21,1.21,0.05,4.31,2136,2584,1.99,1.1
A2ZINFRA,A2ZINFRAEQN,15.33,15.99,15.99,0.66,4.31,265,4237,19.87,12.0
AKASH,AKASHEQN,24.86,25.93,25.93,1.07,4.3,50,1296,36.0,22.8
KRITI,KRITIEQN,61.4,64.0,64.0,2.6,4.23,13,832,155.9,53.0
SHRJAGP,SHRJAGPEQN,647.0,673.95,673.95,26.95,4.17,5,3369,801.25,590.05
SAHASRA,SAHASRASMN,297.1,309.25,309.25,12.15,4.09,6000,1855500,369.0,188.35
RRIL,RRILEQN,15.99,16.64,16.64,0.65,4.07,567,9434,21.5,15.06
INDORAMA,INDORAMAEQN,86.5,90.0,90.0,3.5,4.05,26003,2340270,90.0,29.0
PREMCO,PREMCOEQN,394.0,409.95,409.95,15.95,4.05,4,1639,484.9,355.0
NIMBSPROJ,NIMBSPROJEQN,165.25,171.86,171.86,6.61,4.0,2,343,231.23,141.04
SVLL,SVLLEQN,785.05,816.0,816.0,30.95,3.94,4,3264,897.45,445.15
PATELENG,PATELENGEQN,26.61,27.65,27.65,1.04,3.91,50895,1407246,41.13,22.0
PML,PMLEQN,482.45,500.95,500.95,18.5,3.83,4,2003,645.0,451.55
KIRLOSIND,KIRLOSINDEQN,3828.3,3974.6,3974.6,146.3,3.82,693,2754397,4574.8,2463.0
HCLTECH,HCLTECHEQN,1206.1,1252.0,1252.0,45.9,3.81,32936,41235872,1780.1,1030.0
QMSMEDI,QMSMEDIBEN,157.98,164.0,164.0,6.02,3.81,92,15088,165.0,68.95
BALAJEE,BALAJEEEQN,25.14,26.09,26.09,0.95,3.78,20,521,54.48,21.1
MOHITIND,MOHITINDEQN,23.23,24.1,24.1,0.87,3.75,1,24,39.89,18.6
LUXIND,LUXINDEQN,1098.6,1139.8,1139.8,41.2,3.75,935,1065713,1823.35,824.05
UNITEDPOLY,UNITEDPOLYEQN,43.28,44.89,44.89,1.61,3.72,11,493,51.16,20.6
PRIMO,PRIMOEQN,23.71,24.59,24.59,0.88,3.71,6076,149408,26.9,16.1
ELITECON,ELITECONEQN,8.18,8.48,8.48,0.3,3.67,141741,1201963,46.4,7.08
SUBAHOTELS,SUBAHOTELSSMN,101.2,104.9,104.9,3.7,3.66,1200,125880,200.0,93.0
DISHTV,DISHTVEQN,2.5,2.59,2.59,0.09,3.6,37018,95876,5.99,1.82
AMDIND,AMDINDEQN,64.03,66.29,66.29,2.26,3.53,25370,1681777,68.07,33.77
ENKEIWHEL,ENKEIWHELEQN,399.0,412.95,412.95,13.95,3.5,300,123885,425.0,378.5
YATHARTH,YATHARTHEQN,966.3,1000.0,1000.0,33.7,3.49,6807,6807000,1024.85,538.25
FINKURVE,FINKURVEEQN,72.49,75.0,75.0,2.51,3.46,2720,204000,134.9,48.02
ARROWGREEN,ARROWGREENEQN,813.0,835.9,835.9,27.9,3.45,681,569247,829.0,341.95
LANCER,LANCEREQN,12.74,13.18,13.18,0.44,3.45,5657,74559,13.8,10.1
RELCHEMQ,RELCHEMQEQN,110.23,114.0,114.0,3.77,3.42,296,33744,167.7,105.01
MOHITE,MOHITEEQN,2.63,2.72,2.72,0.09,3.42,80,217,3.3,2.15
ESDS,ESDSEQN,1740.4,1800.0,1800.0,59.6,3.42,79336,142804800,1740.4,756.0
TCS,TCSEQN,2200.8,2275.5,2275.5,74.7,3.39,67823,154331236,3350.0,1976.8
TRANSCOR,TRANSCOREQN,25.39,26.25,26.25,0.86,3.39,50,1312,27.0,21.0
NTCIND,NTCINDEQN,134.91,139.45,139.45,4.54,3.37,20,2789,155.0,126.3
SONATSOFTW,SONATSOFTWEQN,265.85,274.75,274.75,8.9,3.35,23294,6400026,421.5,207.15
CHAVDA,CHAVDASMN,125.3,129.5,129.5,4.2,3.35,2000,259000,148.0,80.6
TECHERA,TECHERASMN,156.75,162.0,162.0,5.25,3.35,800,129600,325.7,127.55
DHUNINV,DHUNINVEQN,995.0,1028.0,1028.0,33.0,3.32,10,10280,1573.1,667.1
BSOFT,BSOFTEQN,281.65,291.0,291.0,9.35,3.32,44566,12968706,474.0,270.2
AZADIND,AZADINDEQN,87.13,90.0,90.0,2.87,3.29,3,270,98.99,72.97
MONEYBOXX,MONEYBOXXEQN,40.86,42.2,42.2,1.34,3.28,1959,82669,91.5,35.85
ASHUTOSH,ASHUTOSHSTN,164.5,169.9,169.9,5.4,3.28,15600,2650440,164.5,137.0
TAALTECH,TAALTECHEQN,5375.5,5550.0,5550.0,174.5,3.25,380,2109000,5550.0,2616.1
DIACABS,DIACABSBEN,369.05,381.0,381.0,11.95,3.24,61119,23286339,379.0,115.57
JKIPL,JKIPLEQN,91.64,94.6,94.6,2.96,3.23,32,3027,126.95,45.4
MWL,MWLEQN,40.6,41.9,41.9,1.3,3.2,7899,330968,43.94,20.0
AMARJOTHI,AMARJOTHIEQN,150.14,154.93,154.93,4.79,3.19,13,2014,166.0,148.01
NOVAAGRI,NOVAAGRIEQN,22.7,23.42,23.42,0.72,3.17,1850,43327,52.0,18.12
BLBLIMITED,BLBLIMITEDEQN,16.13,16.64,16.64,0.51,3.16,592,9850,22.47,12.0
DECNGOLD,DECNGOLDEQN,229.73,237.0,237.0,7.27,3.16,64737,15342669,250.8,114.8
WATERBASE,WATERBASEEQN,46.54,48.0,48.0,1.46,3.14,10,480,54.0,44.11
SMSPHARMA,SMSPHARMAEQN,463.45,477.95,477.95,14.5,3.13,17201,8221217,469.0,242.25
BALKRISHNA,BALKRISHNAEQN,16.1,16.6,16.6,0.5,3.11,1,16,25.97,12.0
TNPETRO,TNPETROEQN,128.9,132.9,132.9,4.0,3.1,9152,1216300,146.99,78.67
AYE,AYEEQN,179.46,185.0,185.0,5.54,3.09,24429,4519365,197.29,88.22
MVKAGRO,MVKAGROSMN,299.8,309.0,309.0,9.2,3.07,9900,3059100,819.0,152.05
MAJESAUT,MAJESAUTBEN,366.7,377.95,377.95,11.25,3.07,2,755,500.0,274.0
RUCHINFRA,RUCHINFRAEQN,5.55,5.72,5.72,0.17,3.06,51,291,8.25,4.05
PLAZACABLE,PLAZACABLEEQN,62.97,64.9,64.9,1.93,3.06,1927,125062,65.0,27.0
BROOKS,BROOKSEQN,65.69,67.7,67.7,2.01,3.06,130,8801,163.9,36.3
TECHM,TECHMEQN,1541.0,1588.0,1588.0,47.0,3.05,18896,30006848,1854.0,1304.1
LTM,LTMEQN,4275.0,4404.3,4404.3,129.3,3.02,2184,9618991,6429.5,3528.0
PANORAMA,PANORAMAEQN,53.78,55.4,55.4,1.62,3.01,7728,428131,56.2,40.0
DCM,DCMEQN,75.0,77.25,77.25,2.25,3.0,100,7725,104.3,55.0
CALSOFT,CALSOFTBEN,38.74,39.9,39.9,1.16,2.99,32513,1297268,43.13,10.9
AGROPHOS,AGROPHOSEQN,23.5,24.2,24.2,0.7,2.98,100,2420,47.47,21.0
ITL,ITLEQN,369.25,378.95,378.95,10.95,2.98,5,1894,377.0,311.1
VALIANTORG,VALIANTORGBEN,396.3,408.0,408.0,11.7,2.95,3158,1288464,396.3,195.0
MKEXIM,MKEXIMEQN,64.99,66.9,66.9,1.91,2.94,8,535,68.69,45.7
SUDEEPPHRM,SUDEEPPHRMEQN,1202.8,1238.0,1238.0,35.2,2.93,856,1059728,1378.0,524.05
ODYCORP,ODYCORPEQN,7.18,7.39,7.39,0.21,2.92,1,7,8.48,5.71
GLOBALVECT,GLOBALVECTEQN,132.17,136.0,136.0,3.83,2.9,2,272,248.0,129.0
TENNIND,TENNINDEQN,506.35,521.0,521.0,14.65,2.89,28045,14611445,657.0,438.05
WIPRO,WIPROEQN,167.4,172.2,172.2,4.8,2.87,217517,37456427,273.1,165.16
GSS,GSSEQN,10.19,10.48,10.48,0.29,2.85,976,10228,28.84,8.68
TATAPOWER,TATAPOWEREQN,364.65,375.0,375.0,10.35,2.84,158170,59313750,464.9,342.5
RAYMONDREL,RAYMONDRELEQN,583.55,600.05,600.05,16.5,2.83,50817,30492740,734.9,349.0
RUBYMILLS,RUBYMILLSEQN,455.1,468.0,468.0,12.9,2.83,120,56160,499.05,169.02
BIMETAL,BIMETALEQN,640.5,658.65,658.65,18.15,2.83,1,658,750.75,537.9
EMAMILTD,EMAMILTDEQN,363.8,374.0,374.0,10.2,2.8,23753,8883622,614.0,361.15
CREATIVEYE,CREATIVEYEEQN,5.72,5.88,5.88,0.16,2.8,62,364,8.83,5.16
TAC,TACSTN,466.9,479.9,479.9,13.0,2.78,400,191960,899.65,347.4
MSPL,MSPLEQN,33.96,34.9,34.9,0.94,2.77,5716,199488,46.12,26.25
KAMOPAINTS,KAMOPAINTSEQN,4.33,4.45,4.45,0.12,2.77,1015,4516,9.41,3.6
JAYBEE,JAYBEESMN,83.7,86.0,86.0,2.3,2.75,500,43000,232.0,70.0
ONEGLOBAL,ONEGLOBALEQN,540.45,555.3,555.3,14.85,2.75,17,9440,580.0,494.0
FILATEX,FILATEXEQN,87.41,89.5,89.5,2.39,2.74,91740,8210730,90.9,36.26
RAJESHEXPO,RAJESHEXPOBZN,78.3,80.43,80.43,2.13,2.72,2492,200431,237.88,72.63
MOLDTECH,MOLDTECHBEN,207.39,213.0,213.0,5.61,2.71,16,3408,227.0,101.1
FEL,FELBZN,0.37,0.38,0.38,0.01,2.7,21256,8077,0.65,0.34
DENORA,DENORAEQN,798.45,820.0,820.0,21.55,2.7,194,159080,960.35,559.0
TUTIALKA,TUTIALKAEQN,59.19,60.79,60.79,1.6,2.7,166,10091,62.9,52.0
SHAREINDIA,SHAREINDIAEQN,198.93,204.28,204.28,5.35,2.69,29570,6040559,212.33,115.36
LOTUSDEV,LOTUSDEVBEN,209.27,214.88,214.88,5.61,2.68,20060,4310492,215.0,102.2
HLEGLAS,HLEGLASEQN,404.35,415.0,415.0,10.65,2.63,9629,3996035,661.95,250.0
EMPOWER,EMPOWEREQN,2.28,2.34,2.34,0.06,2.63,202739,474409,2.82,1.3
SEJALLTD,SEJALLTDEQN,646.3,663.2,663.2,16.9,2.61,14,9284,1036.7,381.0
ELANTAS,ELANTASEQN,14513.0,14890.0,14890.0,377.0,2.6,61,908290,14769.0,8900.0
KABRAEXTRU,KABRAEXTRUEQN,723.15,741.9,741.9,18.75,2.59,2462,1826557,733.0,180.0
TECHD,TECHDSMN,605.3,621.0,621.0,15.7,2.59,600,372600,843.6,360.0
MUKKA,MUKKAEQN,32.17,33.0,33.0,0.83,2.58,39876,1315908,33.22,18.27
SHARDAMOTR,SHARDAMOTREQN,943.75,968.0,968.0,24.25,2.57,1990,1926320,1189.9,700.0
WILLAMAGOR,WILLAMAGOREQN,24.18,24.8,24.8,0.62,2.56,200,4960,37.5,21.11
FAIRCHEMOR,FAIRCHEMORBEN,623.95,639.9,639.9,15.95,2.56,7,4479,846.8,428.05
VHLTD,VHLTDBEN,118.98,122.0,122.0,3.02,2.54,5021,612562,145.2,104.25
ENIL,ENILEQN,101.24,103.8,103.8,2.56,2.53,2,207,166.45,98.57
MPHASIS,MPHASISEQN,2295.0,2353.0,2353.0,58.0,2.53,3752,8828456,3037.2,2013.0
PERSISTENT,PERSISTENTEQN,5516.0,5654.0,5654.0,138.0,2.5,3666,20727564,6599.0,4244.5
SWSOLAR,SWSOLAREQN,180.22,184.7,184.7,4.48,2.49,27985,5168829,272.8,148.0
IL&FSTRANS,IL&FSTRANSBZN,2.01,2.06,2.06,0.05,2.49,500,1030,3.34,1.75
JKIL,JKILEQN,475.85,483.55,483.55,11.7,2.48,1458,705015,672.0,425.0
HEIDELBERG,HEIDELBERGEQN,149.8,153.5,153.5,3.7,2.47,9485,1455947,220.9,136.1
JAYKAY,JAYKAYEQN,165.32,169.4,169.4,4.08,2.47,4724,800245,203.43,106.96
BELLACASA,BELLACASAEQN,256.52,262.86,262.86,6.34,2.47,2,525,497.35,214.68
SHIVAMAUTO,SHIVAMAUTOEQN,16.69,17.1,17.1,0.41,2.46,1,17,35.79,13.05
RVHL,RVHLEQN,39.46,40.43,40.43,0.97,2.46,10,404,71.36,28.5
SPLIL,SPLILEQN,30.05,30.79,30.79,0.74,2.46,10,307,45.2,20.2
VISHAL,VISHALEQN,18.36,18.81,18.81,0.45,2.45,39,733,21.94,17.35
XTRANET,XTRANETEQN,271.34,278.0,278.0,6.66,2.45,6520,1812560,304.8,122.5
VASWANI,VASWANIEQN,45.88,47.0,47.0,1.12,2.44,400,18800,69.99,44.5
OPTIVALUE,OPTIVALUESTN,190.35,195.0,195.0,4.65,2.44,1600,312000,202.0,56.05
TARACHAND,TARACHANDEQN,46.86,48.0,48.0,1.14,2.43,629,30192,103.67,46.01
SMLT,SMLTEQN,62.29,63.8,63.8,1.51,2.42,1,63,122.85,56.61
AXISCADES,AXISCADESEQN,1831.8,1876.2,1876.2,44.4,2.42,1754,3290854,2211.0,1063.3
CPCAP,CPCAPEQN,135.08,138.32,138.32,3.24,2.4,1,138,152.0,73.51
SUBEXLTD,SUBEXLTDEQN,20.8,21.3,21.3,0.5,2.4,142473,3034674,21.0,6.61
ORTINGLOBE,ORTINGLOBEEQN,17.09,17.5,17.5,0.41,2.4,710,12425,21.3,10.66
SIKKO,SIKKOBEN,5.83,5.97,5.97,0.14,2.4,17937,107083,6.83,3.2
CMICABLES,CMICABLESBZN,2.51,2.57,2.57,0.06,2.39,4859,12487,6.02,2.41
MEGATHERM,MEGATHERMSMN,251.0,257.0,257.0,6.0,2.39,2000,514000,310.55,170.0
BPL,BPLEQN,46.3,47.4,47.4,1.1,2.38,72,3412,89.32,37.61
INDSWFTLAB,INDSWFTLABEQN,385.35,394.45,394.45,9.1,2.36,1030,406283,404.0,87.15
FEDDERSHOL,FEDDERSHOLEQN,48.51,49.65,49.65,1.14,2.35,12014,596495,53.49,32.06
SKIL,SKILBZN,0.87,0.89,0.89,0.02,2.3,104,92,2.28,0.78
SILVERTUC,SILVERTUCEQN,152.49,155.98,155.98,3.49,2.29,602,93899,216.8,67.58
HEADSUP,HEADSUPEQN,6.99,7.15,7.15,0.16,2.29,1,7,12.95,5.69
EMMBI,EMMBIBEN,88.95,90.99,90.99,2.04,2.29,575,52319,116.9,60.3
NOIDATOLL,NOIDATOLLEQN,3.95,4.04,4.04,0.09,2.28,5423,21908,7.43,2.87
SAIFL,SAIFLSMN,4.4,4.5,4.5,0.1,2.27,4000,18000,24.25,4.35
TNTELE,TNTELEEQN,8.94,9.14,9.14,0.2,2.24,65,594,15.74,7.81
ASPINWALL,ASPINWALLEQN,260.5,266.3,266.3,5.8,2.23,56,14912,299.8,200.25
COFORGE,COFORGEEQN,1846.5,1887.3,1887.3,40.8,2.21,25249,47652437,2021.2,1008.1
BESTAGRO,BESTAGROEQN,19.05,19.47,19.47,0.42,2.2,10257,199703,34.4,12.3
KRISHNADEF,KRISHNADEFEQN,1065.5,1088.8,1088.8,23.3,2.19,777,845997,1400.0,665.0
SAWALIYA,SAWALIYASMN,162.45,166.0,166.0,3.55,2.19,600,99600,351.0,137.7
SACHEEROME,SACHEEROMESMN,509.95,521.0,521.0,11.05,2.17,300,156300,552.75,194.0
WAAREERTL,WAAREERTLEQN,831.95,850.0,850.0,18.05,2.17,3553,3020050,1358.0,779.5
DOLPHIN,DOLPHINEQN,649.0,663.0,663.0,14.0,2.16,126,83538,741.4,322.0
SHANKESH,SHANKESHEQN,101.3,103.49,103.49,2.19,2.16,70637,7310223,115.9,87.25
MGEL,MGELEQN,15.86,16.2,16.2,0.34,2.14,89,1441,18.4,9.53
INNOVANA,INNOVANAEQN,327.0,334.0,334.0,7.0,2.14,152,50768,564.8,290.0
ORCHASP,ORCHASPEQN,1.41,1.44,1.44,0.03,2.13,3711,5343,4.16,1.25
SHIVACEM,SHIVACEMEQN,15.95,16.29,16.29,0.34,2.13,250,4072,17.94,15.0
MASTEK,MASTEKEQN,1626.3,1661.0,1661.0,34.7,2.13,1576,2617736,2562.2,1334.2
NEWGEN,NEWGENEQN,501.4,512.0,512.0,10.6,2.11,12603,6452736,1041.95,401.05
TORNTPOWER,TORNTPOWEREQN,1297.6,1325.0,1325.0,27.4,2.11,5074,6723050,1824.1,1188.0
STARPAPER,STARPAPEREQN,168.44,172.0,172.0,3.56,2.11,57,9804,179.37,119.05
AAATECH,AAATECHEQN,91.88,93.8,93.8,1.92,2.09,205,19229,136.0,76.11
DHATRE,DHATREEQN,4.31,4.4,4.4,0.09,2.09,1497,6586,5.17,3.67
ELGIRUBCO,ELGIRUBCOEQN,58.48,59.7,59.7,1.22,2.09,4,238,73.0,32.72
ELDEHSG,ELDEHSGEQN,783.5,799.8,799.8,16.3,2.08,2,1599,1044.1,701.55
IVALUE,IVALUEEQN,223.35,228.0,228.0,4.65,2.08,1455,331740,340.0,207.35
BEARDSELL,BEARDSELLEQN,24.67,25.18,25.18,0.51,2.07,106,2669,38.6,20.02
QPOWER,QPOWEREQN,1426.5,1456.0,1456.0,29.5,2.07,2835,4127760,1570.0,581.0
HECPROJECT,HECPROJECTEQN,119.04,121.49,121.49,2.45,2.06,10,1214,160.5,92.1
VINNY,VINNYEQN,0.97,0.99,0.99,0.02,2.06,330,326,1.53,0.94
BLACKBUCK,BLACKBUCKEQN,628.15,641.0,641.0,12.85,2.05,69195,44353995,748.0,496.0
HDIL,HDILBZN,1.47,1.5,1.5,0.03,2.04,1457,2185,3.25,1.45
APTECHT,APTECHTBEN,88.2,90.0,90.0,1.8,2.04,2042,183780,134.5,69.1
AVG,AVGBEN,176.41,180.0,180.0,3.59,2.04,7,1260,256.73,113.26
BAGFILMS,BAGFILMSEQN,4.44,4.53,4.53,0.09,2.03,4242,19216,8.0,3.61
IVC,IVCEQN,9.11,8.58,8.58,0.17,2.02,34106,292629,10.99,6.02
NINSYS,NINSYSEQN,710.7,725.0,725.0,14.3,2.01,51,36975,935.0,281.05
DIAMINESQ,DIAMINESQEQN,258.27,263.45,263.45,5.18,2.01,30,7903,377.1,208.01
MEDICAMEQ,MEDICAMEQEQN,323.05,329.5,329.5,6.45,2.0,1311,431974,447.65,212.4
HDFCBANK,HDFCBANKEQN,708.25,722.4,722.4,14.15,2.0,1616833,1168000159,1020.5,681.9
RKSWAMY,RKSWAMYEQN,92.94,94.8,94.8,1.86,2.0,391,37066,163.89,67.15
MCL,MCLEQN,57.92,59.08,59.08,1.16,2.0,1175,69419,93.2,42.0
GGBL,GGBLSMN,215.5,219.8,219.8,4.3,2.0,900,197820,475.0,209.0
DEEP,DEEPEQN,46.08,47.0,47.0,0.92,2.0,809,38023,49.17,34.2
DNAMEDIA,DNAMEDIAEQN,2.51,2.56,2.56,0.05,1.99,56,143,5.34,2.28
KSE,KSEEQN,177.22,180.75,180.75,3.53,1.99,46,8314,205.0,173.31
GANESHBE,GANESHBEBEN,131.63,134.25,134.25,2.62,1.99,519,69675,135.85,68.4
TATAELXSI,TATAELXSIEQN,3383.0,3450.0,3450.0,67.0,1.98,2697,9304650,5950.0,3353.9
UGROCAP,UGROCAPEQN,83.66,85.31,85.31,1.65,1.97,3354,286129,192.5,80.12
ALLCARGO,ALLCARGOEQN,12.16,12.4,12.4,0.24,1.97,117301,1454532,36.55,7.11
ONEPOINT,ONEPOINTEQN,56.39,57.49,57.49,1.1,1.95,14426,829350,65.85,40.58
ECORECO,ECORECOEQN,435.5,444.0,444.0,8.5,1.95,59,26196,494.9,423.05
LTTS,LTTSEQN,3337.4,3402.0,3402.0,64.6,1.94,1235,4201470,4726.0,3010.0
IMPEXFERRO,IMPEXFERROBZN,5.18,5.28,5.28,0.1,1.93,4197,22160,5.18,1.3
XELPMOC,XELPMOCEQN,76.03,77.5,77.5,1.47,1.93,100,7750,155.5,72.1
AQYLON,AQYLONEQN,21.24,21.65,21.65,0.41,1.93,1679,36350,224.7,19.66
KCPSUGIND,KCPSUGINDBEN,31.09,31.69,31.69,0.6,1.93,53,1679,36.47,21.45
PIRAMALFIN,PIRAMALFINEQN,2255.6,2299.0,2299.0,43.4,1.92,765,1758735,2326.4,1260.0
SAKUMA,SAKUMAEQN,1.57,1.6,1.6,0.03,1.91,16153,25844,3.1,1.1
HEXAGON,HEXAGONBEN,67.99,68.98,68.98,1.29,1.91,553,38145,78.25,48.1
RMDRIP,RMDRIPBEN,23.55,24.0,24.0,0.45,1.91,6015,144360,72.22,14.81
MINDTECK,MINDTECKEQN,158.61,161.61,161.61,3.0,1.89,58,9373,307.68,145.13
ORIENTCER,ORIENTCEREQN,46.01,46.88,46.88,0.87,1.89,1521,71304,56.64,34.0
HINDALUMI,HINDALUMIEQN,96.18,98.0,98.0,1.82,1.89,4,392,107.5,93.45
SRD,SRDEQN,38.27,38.99,38.99,0.72,1.88,205,7992,76.7,36.0
PARIN,PARINSMN,687.1,700.0,700.0,12.9,1.88,250,175000,748.0,453.0
TRACXN,TRACXNEQN,31.9,32.5,32.5,0.6,1.88,1341,43582,55.9,25.39
MADRASFERT,MADRASFERTEQN,61.83,62.99,62.99,1.16,1.88,109,6865,93.49,52.56
FLEXITUFF,FLEXITUFFBEN,2.14,2.18,2.18,0.04,1.87,7600,16568,27.5,2.0
LAMBODHARA,LAMBODHARAEQN,137.37,139.93,139.93,2.56,1.86,244,34142,162.0,81.8
SCILAL,SCILALEQN,38.14,38.85,38.85,0.71,1.86,5743,223115,55.0,34.3
TEXMOPIPES,TEXMOPIPESEQN,60.08,61.2,61.2,1.12,1.86,4149,253918,62.99,33.0
FROG,FROGSMN,263.1,268.0,268.0,4.9,1.86,800,214400,275.95,123.5
ANKITMETAL,ANKITMETALBZN,1.61,1.64,1.64,0.03,1.86,670,1098,2.12,1.29
ORIANA,ORIANASMN,1227.25,1250.0,1250.0,22.75,1.85,675,843750,3064.0,1174.95
SAICAPI,SAICAPIEQN,152.18,155.0,155.0,2.82,1.85,1,155,170.05,133.5
PRIORITY,PRIORITYBEN,228.8,232.99,232.99,4.19,1.83,7303,1701525,245.0,215.0
BANG,BANGEQN,35.12,35.76,35.76,0.64,1.82,36,1287,62.07,25.84
IGIL,IGILEQN,314.3,320.0,320.0,5.7,1.81,4595,1470400,392.0,287.0
ABAN,ABANBEN,14.39,14.65,14.65,0.26,1.81,22,322,45.62,12.89
NETWORK18,NETWORK18EQN,26.64,27.12,27.12,0.48,1.8,39671,1075877,58.1,26.35
PENINLAND,PENINLANDEQN,15.59,15.87,15.87,0.28,1.8,10,158,37.98,13.82
LIBAS,LIBASEQN,11.2,11.4,11.4,0.2,1.79,324,3693,14.3,9.02
GVKPIL,GVKPILBEN,2.25,2.29,2.29,0.04,1.78,2949,6753,4.06,2.04
CRIZAC,CRIZACEQN,186.68,190.0,190.0,3.32,1.78,3522,669180,363.45,159.95
BUILDPRO,BUILDPROEQN,1252.5,1274.8,1274.8,22.3,1.78,329,419409,1380.0,636.0
BBOX,BBOXEQN,800.8,815.0,815.0,14.2,1.77,6414,5227410,1103.0,443.05
MERCURYEV,MERCURYEVEQN,41.86,42.6,42.6,0.74,1.77,7468,318136,44.05,30.16
DHABRIYA,DHABRIYABEN,503.1,512.0,512.0,8.9,1.77,20,10240,603.0,485.0
HTMEDIA,HTMEDIAEQN,24.92,25.36,25.36,0.44,1.77,201,5097,31.3,17.52
ESFL,ESFLSMN,119.95,122.05,122.05,2.1,1.75,360,43938,352.0,108.3
PARSVNATH,PARSVNATHBEN,1.72,1.75,1.75,0.03,1.74,21501,37626,18.75,1.35
JAICORPLTD,JAICORPLTDEQN,95.73,97.4,97.4,1.67,1.74,1598,155645,173.4,88.0
GAUDIUMIVF,GAUDIUMIVFEQN,117.75,119.8,119.8,2.05,1.74,2191,262481,163.18,69.18
YASHO,YASHOEQN,4187.5,4260.0,4260.0,72.5,1.73,81,345060,4994.0,1130.0
RSWM,RSWMBEN,218.23,222.0,222.0,3.77,1.73,50,11100,238.0,120.0
ZENITHSTL,ZENITHSTLEQN,5.85,5.95,5.95,0.1,1.71,429,2552,10.33,4.41
UNIDT,UNIDTEQN,230.95,234.9,234.9,3.95,1.71,575,135067,254.97,146.0
ROSSTECH,ROSSTECHEQN,1214.3,1234.9,1234.9,20.6,1.7,746,921235,1241.7,551.9
MVELECTRO,MVELECTROEQN,841.7,856.0,856.0,14.3,1.7,3776,3232256,948.0,516.55
RUSHIL,RUSHILEQN,15.91,16.18,16.18,0.27,1.7,524,8478,33.99,12.49
TATASTEEL,TATASTEELEQN,183.0,186.1,186.1,3.1,1.69,399330,74315313,224.4,160.06
MANAKSTEEL,MANAKSTEELBEN,117.91,119.9,119.9,1.99,1.69,203,24339,120.76,45.11
AEPL,AEPLEQN,17.21,17.5,17.5,0.29,1.69,31,542,20.25,13.25
BALPHARMA,BALPHARMAEQN,107.42,109.22,109.22,1.8,1.68,263,28724,124.6,60.0
SAKAR,SAKAREQN,1158.55,1178.0,1178.0,19.45,1.68,1148,1352344,1211.0,328.2
VISHWARAJ,VISHWARAJEQN,5.38,5.47,5.47,0.09,1.67,1003,5486,9.46,4.14
SILINV,SILINVEQN,463.8,471.55,471.55,7.75,1.67,2,943,767.0,380.0
RAJRILTD,RAJRILTDBEN,21.1,21.45,21.45,0.35,1.66,71,1522,28.9,19.41
CINELINE,CINELINEEQN,96.31,97.9,97.9,1.59,1.65,100,9790,104.4,73.35
SOLARA,SOLARAEQN,749.15,761.45,761.45,12.3,1.64,6332,4821501,759.55,422.0
GREENPLY,GREENPLYEQN,290.25,295.0,295.0,4.75,1.64,2140,631300,334.4,176.42
SGRL,SGRLEQN,659.2,670.0,670.0,10.8,1.64,87,58290,722.0,477.05
ZODIACLOTH,ZODIACLOTHEQN,69.54,70.67,70.67,1.13,1.62,1,70,119.45,58.5
CYIENT,CYIENTEQN,1059.4,1076.6,1076.6,17.2,1.62,832,895731,1284.7,750.3
ROSSELLIND,ROSSELLINDEQN,55.06,55.95,55.95,0.89,1.62,1010,56509,73.0,40.0
ALKEM,ALKEMEQN,5087.5,5170.0,5170.0,82.5,1.62,914,4725380,5933.5,5051.0
REPL,REPLBEN,61.0,61.99,61.99,0.99,1.62,233,14443,168.0,59.0
NRAIL,NRAILEQN,627.9,638.0,638.0,10.1,1.61,126,80388,650.0,357.3
HEMIPROP,HEMIPROPEQN,120.62,122.55,122.55,1.93,1.6,4313,528558,190.69,111.2
ASMS,ASMSBEN,6.88,6.99,6.99,0.11,1.6,9351,65363,17.03,6.66
RHFL,RHFLBZN,1.87,1.9,1.9,0.03,1.6,46335,88036,4.84,1.7
SADBHIN,SADBHINEQN,2.52,2.56,2.56,0.04,1.59,1090,2790,4.79,2.06
SUNCLAY,SUNCLAYEQN,1298.3,1318.9,1318.9,20.6,1.59,62,81771,1942.0,1112.8
NH,NHEQN,1869.2,1899.0,1899.0,29.8,1.59,1386,2632014,2093.3,1589.0
AWFIS,AWFISEQN,293.2,297.85,297.85,4.65,1.59,34526,10283569,639.4,229.05
YAAP,YAAPSMN,125.5,127.5,127.5,2.0,1.59,1000,127500,214.4,117.0
ELGIEQUIP,ELGIEQUIPEQN,617.7,627.55,627.55,9.85,1.59,5369,3369315,653.4,408.25
SHRIRAMFIN,SHRIRAMFINEQN,1028.6,1044.9,1044.9,16.3,1.58,94773,99028307,1153.7,602.8
PASHUPATI,PASHUPATIEQN,80.73,82.0,82.0,1.27,1.57,2523,206886,118.35,67.1
SUNSHIEL,SUNSHIELEQN,1200.2,1219.0,1219.0,18.8,1.57,32,39008,1284.8,1130.0
ALPEXSOLAR,ALPEXSOLARSMN,934.2,948.8,948.8,14.6,1.56,400,379520,1370.0,660.0
SUPERHOUSE,SUPERHOUSEEQN,169.66,171.49,171.49,2.63,1.56,150,25723,201.95,128.55
GAYAHWS,GAYAHWSEQN,1.92,1.95,1.95,0.03,1.56,1666,3248,4.76,1.72
KPL,KPLEQN,3643.3,3700.0,3700.0,56.7,1.56,282,1043400,3798.9,1561.0
SMARTWORKS,SMARTWORKSEQN,530.75,539.0,539.0,8.25,1.55,495,266805,619.0,361.5
METROBRAND,METROBRANDEQN,940.2,954.75,954.75,14.55,1.55,276,263511,1340.4,883.0
RIR,RIREQN,177.26,180.0,180.0,2.74,1.55,1324,238320,203.83,154.0
UFLEX,UFLEXEQN,653.45,663.5,663.5,10.05,1.54,256,169856,723.5,330.0
SYRMA,SYRMAEQN,1589.3,1613.7,1613.7,24.4,1.54,11169,18023415,1660.0,634.5
IFBAGRO,IFBAGROEQN,884.45,898.0,898.0,13.55,1.53,6,5388,1790.0,679.15
TMCV,TMCVEQN,434.55,441.2,441.2,6.65,1.53,47043,20755371,509.0,306.3
CPL,CPLEQN,64.79,65.78,65.78,0.99,1.53,10,657,75.74,61.45
OMINFRAL,OMINFRALEQN,79.59,80.8,80.8,1.21,1.52,351,28360,144.0,71.5
SADBHAV,SADBHAVEQN,7.87,7.99,7.99,0.12,1.52,272,2173,14.7,6.05
SETUINFRA,SETUINFRABZN,0.66,0.67,0.67,0.01,1.52,16,10,0.73,0.37
ADANIPORTS,ADANIPORTSEQN,1764.6,1791.4,1791.4,26.8,1.52,40650,72820410,1891.1,1292.0
EBGNG,EBGNGEQN,679.65,690.0,690.0,10.35,1.52,3199,2207310,704.9,239.0
HITECHGEAR,HITECHGEARBEN,567.45,572.0,572.0,8.55,1.52,50,28600,897.45,521.25
TANAA,TANAAEQN,266.95,271.0,271.0,4.05,1.52,228,61788,322.0,238.0
JAMNAAUTO,JAMNAAUTOEQN,135.46,137.5,137.5,2.04,1.51,39376,5414200,152.6,89.74
SONAMLTD,SONAMLTDBEN,72.9,74.0,74.0,1.1,1.51,454,33596,80.32,37.4
KAMDHENU,KAMDHENUBEN,39.09,39.68,39.68,0.59,1.51,1488,59043,40.95,16.15
ASKAUTOLTD,ASKAUTOLTDEQN,624.55,634.0,634.0,9.45,1.51,3007,1906438,687.7,375.3
EUROPRATIK,EUROPRATIKEQN,245.7,249.4,249.4,3.7,1.51,1006,250896,390.0,205.1
CENTUM,CENTUMEQN,4192.0,4254.9,4254.9,62.9,1.5,308,1310509,4450.0,2044.2
DSSL,DSSLEQN,1059.1,1075.0,1075.0,15.9,1.5,130,139750,1924.8,781.0
TIPSFILMS,TIPSFILMSEQN,327.5,332.4,332.4,4.9,1.5,103,34237,479.25,276.75
RELIABLE,RELIABLEEQN,137.04,139.1,139.1,2.06,1.5,213,29628,175.0,104.74
INDIQUBE,INDIQUBEEQN,202.87,205.91,205.91,3.04,1.5,558,114897,243.8,131.15
EPACKPEB,EPACKPEBEQN,240.44,244.05,244.05,3.61,1.5,2256,550576,344.0,132.17
CNL,CNLEQN,1116.9,1133.6,1133.6,16.7,1.5,147,166639,1328.0,525.0
HAVISHA,HAVISHAEQN,1.34,1.36,1.36,0.02,1.49,75,102,2.42,1.03
KRYSTAL,KRYSTALEQN,614.45,623.6,623.6,9.15,1.49,261,162759,696.0,500.0
GTPL,GTPLEQN,59.81,60.7,60.7,0.89,1.49,270,16389,118.95,50.85
METROGLOBL,METROGLOBLEQN,138.58,140.65,140.65,2.07,1.49,41,5766,165.0,110.0
AURIONPRO,AURIONPROEQN,680.85,691.0,691.0,10.15,1.49,288,199008,1296.8,663.0
SEAMECLTD,SEAMECLTDEQN,1788.4,1814.9,1814.9,26.5,1.48,233,422871,1849.0,771.75
TPLPLASTEH,TPLPLASTEHEQN,68.48,68.17,68.17,0.99,1.47,2203,150178,90.33,50.01
DRCSYSTEMS,DRCSYSTEMSEQN,12.92,13.11,13.11,0.19,1.47,278,3644,23.68,11.5
KALYANKJIL,KALYANKJILEQN,601.15,610.0,610.0,8.85,1.47,57701,35197610,648.95,327.05
SHREDIGCEM,SHREDIGCEMEQN,68.49,69.5,69.5,1.01,1.47,356,24742,97.15,53.9
GREENPANEL,GREENPANELEQN,153.6,155.85,155.85,2.25,1.46,2162,336947,333.8,152.91
URJA,URJAEQN,9.02,9.15,9.15,0.13,1.44,18326,167682,14.45,8.0
JUBLPHARMA,JUBLPHARMAEQN,1025.2,1040.0,1040.0,14.8,1.44,2392,2487680,1184.8,786.05
SAGILITY,SAGILITYEQN,45.2,45.85,45.85,0.65,1.44,111748,5123645,57.89,35.83
ONESOURCE,ONESOURCEEQN,1592.2,1614.9,1614.9,22.7,1.43,584,943101,1925.0,1057.0
DOLLEX,DOLLEXEQN,38.45,39.0,39.0,0.55,1.43,1,39,43.55,26.0
HUHTAMAKI,HUHTAMAKIEQN,254.4,258.0,258.0,3.6,1.42,1648,425184,330.0,148.6
BIRLAPREC,BIRLAPRECBEN,61.43,62.3,62.3,0.87,1.42,6569,409248,62.0,32.25
CFEL,CFELEQN,49.3,50.0,50.0,0.7,1.42,1752,87600,49.41,24.36
RACE,RACEEQN,98.12,99.5,99.5,1.38,1.41,51,5074,250.0,84.11
SAGCEM,SAGCEMEQN,146.25,148.3,148.3,2.05,1.4,681,100992,289.7,145.5
DPSCLTD,DPSCLTDBEN,7.14,7.24,7.24,0.1,1.4,1954,14146,13.31,6.84
FCSSOFT,FCSSOFTEQN,1.44,1.46,1.46,0.02,1.39,40716,59445,2.53,1.05
SUKHJITS,SUKHJITSEQN,159.78,162.0,162.0,2.22,1.39,1064,172368,231.1,137.3
UFO,UFOEQN,62.63,63.5,63.5,0.87,1.39,203,12890,92.97,53.75
LENSKART,LENSKARTEQN,681.75,691.2,691.2,9.45,1.39,18669,12904012,703.5,356.1
ULTRAMAR,ULTRAMAREQN,428.55,434.5,434.5,5.95,1.39,259,112535,455.75,364.1
TATATECH,TATATECHEQN,762.15,772.7,772.7,10.55,1.38,14321,11065836,891.0,507.4
NAUKRI,NAUKRIEQN,1250.8,1268.1,1268.1,17.3,1.38,3563,4518240,1433.6,908.3
MADHUCON,MADHUCONBEN,4.34,4.4,4.4,0.06,1.38,13,57,8.55,3.61
KTKBANK,KTKBANKEQN,325.35,324.7,324.7,4.35,1.36,12281,3987640,345.9,170.0
ARDEE,ARDEEEQN,50.91,51.6,51.6,0.69,1.36,15225,785610,73.19,50.48
PGHH,PGHHEQN,7518.0,7619.5,7619.5,101.5,1.35,64,487648,14509.0,7507.5
WONDERLA,WONDERLAEQN,520.95,528.0,528.0,7.05,1.35,819,432432,649.95,455.0
DCMSIL,DCMSILEQN,71.04,72.0,72.0,0.96,1.35,100,7200,105.27,49.5
KINGFA,KINGFAEQN,6197.0,6280.0,6280.0,83.0,1.34,49,307720,6347.0,3649.9
FOSECOIND,FOSECOINDEQN,6194.5,6277.5,6277.5,83.0,1.34,24,150660,6580.0,4300.0
BSHSL,BSHSLEQN,88.8,89.99,89.99,1.19,1.34,50,4499,139.0,59.16
MIDWESTLTD,MIDWESTLTDEQN,1016.4,1030.0,1030.0,13.6,1.34,103,106090,1859.9,1005.5
TECHLABS,TECHLABSSMN,130.25,132.0,132.0,1.75,1.34,250,33000,602.0,105.0
AEQUS,AEQUSEQN,225.97,229.0,229.0,3.03,1.34,8493,1944897,274.39,113.3
VETO,VETOBEN,125.81,127.5,127.5,1.69,1.34,1000,127500,153.95,82.32
DCMSRIND,DCMSRINDEQN,40.56,41.1,41.1,0.54,1.33,1473,60540,181.9,31.9
ACI,ACIEQN,470.45,476.7,476.7,6.25,1.33,1744,831364,726.0,461.6
ROLEXRINGS,ROLEXRINGSEQN,171.37,173.64,173.64,2.27,1.32,8320,1444684,189.4,99.79
VIMTALABS,VIMTALABSEQN,629.6,637.9,637.9,8.3,1.32,2121,1352985,851.0,376.05
INTERARCH,INTERARCHEQN,1728.2,1751.0,1751.0,22.8,1.32,629,1101379,2762.6,1600.0
CHEMBOND,CHEMBONDEQN,217.12,219.99,219.99,2.87,1.32,100,21999,236.8,105.15
SIKA,SIKAEQN,1085.55,1099.9,1099.9,14.35,1.32,352,387164,1359.4,870.1
LUMAXTECH,LUMAXTECHEQN,1993.7,2019.9,2019.9,26.2,1.31,699,1411910,2148.7,1061.1
HPAL,HPALEQN,37.91,38.0,38.0,0.49,1.31,880,33440,53.0,26.52
GMMPFAUDLR,GMMPFAUDLREQN,1307.9,1325.0,1325.0,17.1,1.31,1912,2533400,1352.0,735.0
NSIL,NSILEQN,5551.0,5623.0,5623.0,72.0,1.3,1,5623,8730.0,4700.0
LPDC,LPDCEQN,6.16,6.24,6.24,0.08,1.3,520,3244,9.46,5.23
VAKRANGEE,VAKRANGEEEQN,5.37,5.44,5.44,0.07,1.3,7455,40555,9.77,4.61
TIRUMALCHM,TIRUMALCHMEQN,155.98,158.0,158.0,2.02,1.3,1995,315210,328.8,143.5
HIKAL,HIKALEQN,224.95,227.87,227.87,2.92,1.3,4013,914442,282.7,146.25
SMARTLINK,SMARTLINKBEN,230.3,233.3,233.3,3.0,1.3,105,24496,233.0,103.5
KWIL,KWILEQN,43.04,43.6,43.6,0.56,1.3,86233,3759758,50.68,22.24
SEDEMAC,SEDEMACEQN,2906.2,2944.0,2944.0,37.8,1.3,242,712448,3368.9,1413.1
COMSYN,COMSYNEQN,299.15,303.0,303.0,3.85,1.29,387,117261,314.85,136.44
VOEPL,VOEPLEQN,515.35,522.0,522.0,6.65,1.29,247,128934,593.45,428.65
IKS,IKSEQN,1740.6,1762.8,1762.8,22.2,1.28,676,1191652,1933.0,1262.0
BHAGYANGR,BHAGYANGREQN,422.55,427.95,427.95,5.4,1.28,638,273032,432.3,89.0
RAYMOND,RAYMONDEQN,1002.8,1015.6,1015.6,12.8,1.28,37025,37602590,1024.5,320.0
VENKEYS,VENKEYSEQN,1787.2,1810.0,1810.0,22.8,1.28,1860,3366600,1800.0,1165.0
CORDELIA,CORDELIAEQN,112.85,114.29,114.29,1.44,1.28,7225,825745,114.32,62.31
DECCANCE,DECCANCEEQN,573.7,581.0,581.0,7.3,1.27,297,172557,1164.9,525.0
ANDHRSUGAR,ANDHRSUGAREQN,96.38,97.6,97.6,1.22,1.27,2580,251808,107.23,66.5
TRANSRAILL,TRANSRAILLEQN,410.35,415.5,415.5,5.15,1.26,1911,794020,823.0,407.0
HEROMOTOCO,HEROMOTOCOEQN,5221.5,5287.5,5287.5,66.0,1.26,4763,25184362,6388.5,4671.5
PRINCEPIPE,PRINCEPIPEEQN,266.65,270.0,270.0,3.35,1.26,2051,553770,353.4,205.0
FIVESTAR,FIVESTAREQN,551.05,558.0,558.0,6.95,1.26,6181,3448998,666.0,338.15
USK,USKEQN,20.64,20.9,20.9,0.26,1.26,128,2675,35.17,18.97
ISHANCH,ISHANCHEQN,44.84,45.4,45.4,0.56,1.25,120,5448,83.37,41.71
CHEMPLASTS,CHEMPLASTSEQN,171.35,173.5,173.5,2.15,1.25,1645,285407,451.3,166.15
THEMISMED,THEMISMEDEQN,128.25,129.85,129.85,1.6,1.25,1091,141666,148.0,64.95
OFSS,OFSSEQN,11763.0,11910.0,11910.0,147.0,1.25,1072,12767520,12540.0,6234.5
EMKAY,EMKAYEQN,250.9,254.0,254.0,3.1,1.24,1,254,409.9,186.0
SATKARTAR,SATKARTARSMN,145.2,147.0,147.0,1.8,1.24,4800,705600,219.8,110.3
ASIANENE,ASIANENEEQN,535.1,541.75,541.75,6.65,1.24,1671,905264,565.7,230.0
ETERNAL,ETERNALEQN,323.5,327.5,327.5,4.0,1.24,284496,93172440,368.45,212.6
ICRA,ICRAEQN,4728.9,4787.0,4787.0,58.1,1.23,28,134036,6982.0,4665.6
BIKAJI,BIKAJIEQN,548.25,555.0,555.0,6.75,1.23,471,261405,801.3,547.3
GOLDIAM,GOLDIAMEQN,325.0,329.0,329.0,4.0,1.23,5924,1948996,398.2,198.75
BCLIND,BCLINDEQN,34.18,34.6,34.6,0.42,1.23,5343,184867,44.9,25.53
TCC,TCCEQN,55.32,56.0,56.0,0.68,1.23,6055,339080,105.28,39.37
DOLLAR,DOLLAREQN,273.55,276.9,276.9,3.35,1.22,733,202967,396.0,220.5
INDOWIND,INDOWINDEQN,9.09,9.2,9.2,0.11,1.21,2397,22052,18.94,7.0
SUMIT,SUMITEQN,49.4,50.0,50.0,0.6,1.21,43,2150,104.0,31.74
QLINE,QLINESMN,726.2,735.0,735.0,8.8,1.21,1200,882000,730.0,431.0
SUPERSPIN,SUPERSPINBEN,7.41,7.5,7.5,0.09,1.21,497,3727,9.98,3.79
GRADIENTE,GRADIENTEEQN,2.51,2.54,2.54,0.03,1.2,8590,21818,9.4,2.08
SRM,SRMEQN,439.35,444.6,444.6,5.25,1.19,389,172949,649.95,361.35
SULA,SULAEQN,136.38,138.0,138.0,1.62,1.19,2889,398682,292.74,135.75
BAJAJST,BAJAJSTEQN,365.65,370.0,370.0,4.35,1.19,100,37000,507.8,343.0
MANAKCOAT,MANAKCOATEQN,128.53,130.05,130.05,1.52,1.18,1919,249565,182.82,94.2
SYNCOMF,SYNCOMFEQN,19.46,19.69,19.69,0.23,1.18,33356,656779,22.59,10.21
SPLPETRO,SPLPETROEQN,818.35,828.0,828.0,9.65,1.18,1057,875196,979.0,462.3
MODINATUR,MODINATUREQN,339.7,343.7,343.7,4.0,1.18,10,3437,524.8,252.3
JINDWORLD,JINDWORLDEQN,52.88,53.5,53.5,0.62,1.17,43778,2342123,61.99,17.85
SPECTRUM,SPECTRUMBEN,3022.5,3058.0,3058.0,35.5,1.17,640,1957120,3022.5,1050.0
ISFT,ISFTEQN,79.48,80.4,80.4,0.92,1.16,250,20100,119.07,54.05
RAYMONDLSL,RAYMONDLSLEQN,692.0,700.0,700.0,8.0,1.16,239,167300,1350.0,628.25
RGL,RGLEQN,155.49,157.3,157.3,1.81,1.16,11935,1877375,161.2,85.0
AFFLE,AFFLEEQN,1567.6,1585.8,1585.8,18.2,1.16,3985,6319413,2185.9,1251.3
TDPOWERSYS,TDPOWERSYSEQN,804.9,814.15,814.15,9.25,1.15,28175,22938676,812.8,262.6
TTML,TTMLEQN,35.6,36.01,36.01,0.41,1.15,20822,749800,60.62,31.22
BLUECLOUDS,BLUECLOUDSEQN,19.13,19.35,19.35,0.22,1.15,18587,359658,24.5,19.1
APOLLOHOSP,APOLLOHOSPEQN,8836.0,8937.0,8937.0,101.0,1.14,13014,116306118,9050.0,6696.5
FMGOETZE,FMGOETZEEQN,461.0,466.25,466.25,5.25,1.14,3905,1820706,641.1,358.0
ALANKIT,ALANKITEQN,7.91,8.0,8.0,0.09,1.14,1763,14104,14.16,6.8
WHIRLPOOL,WHIRLPOOLEQN,762.35,770.95,770.95,8.6,1.13,1578,1216559,1437.0,751.0
PRABHA,PRABHAEQN,244.64,247.4,247.4,2.76,1.13,860,212764,262.8,137.91
PCBL,PCBLEQN,331.05,334.8,334.8,3.75,1.13,6770,2266596,425.95,226.5
KPITTECH,KPITTECHEQN,553.75,560.0,560.0,6.25,1.13,15082,8445920,1328.0,543.0
DUCON,DUCONEQN,1.78,1.8,1.8,0.02,1.12,21679,39022,4.57,1.57
SURANAT&P,SURANAT&PEQN,16.1,16.28,16.28,0.18,1.12,711,11575,26.45,15.5
ZENSARTECH,ZENSARTECHEQN,425.25,430.0,430.0,4.75,1.12,21562,9271660,868.95,421.0
AEGISVOPAK,AEGISVOPAKEQN,295.1,298.4,298.4,3.3,1.12,3099,924741,311.49,158.0
EMIL,EMILEQN,188.38,190.49,190.49,2.11,1.12,10996,2094628,196.74,84.9
KSHINTL,KSHINTLEQN,1170.9,1184.0,1184.0,13.1,1.12,917,1085728,1198.0,330.0
HAPPSTMNDS,HAPPSTMNDSEQN,332.35,336.05,336.05,3.7,1.11,7658,2573470,583.4,328.8
INDIAMART,INDIAMARTEQN,1695.0,1713.8,1713.8,18.8,1.11,515,882607,2630.0,1624.1
CONFIPET,CONFIPETEQN,89.22,90.2,90.2,0.98,1.1,14731,1328736,91.3,28.06
REPRO,REPROEQN,309.5,312.9,312.9,3.4,1.1,1,312,590.0,301.0
COASTCORP,COASTCORPEQN,39.09,39.52,39.52,0.43,1.1,50,1976,66.7,32.5
CCAVENUE,CCAVENUEEQN,16.29,16.47,16.47,0.18,1.1,288766,4755976,20.5,12.92
PCJEWELLER,PCJEWELLEREQN,13.7,13.85,13.85,0.15,1.09,1179546,16336712,15.38,7.47
INVENTURE,INVENTUREEQN,0.92,0.93,0.93,0.01,1.09,27172,25269,1.68,0.72
TEGA,TEGAEQN,1729.1,1748.0,1748.0,18.9,1.09,1226,2143048,2125.0,1473.0
WALCHANNAG,WALCHANNAGEQN,210.1,212.4,212.4,2.3,1.09,1969,418215,315.8,131.15
MEESHO,MEESHOEQN,217.08,219.44,219.44,2.36,1.09,86486,18978487,254.4,125.56
JGCHEM,JGCHEMEQN,592.05,598.45,598.45,6.4,1.08,727,435073,675.0,298.4
SKIPPER,SKIPPEREQN,551.55,557.5,557.5,5.95,1.08,2799,1560442,616.8,327.05
PTL,PTLEQN,38.43,38.84,38.84,0.41,1.07,1349,52395,43.77,36.1
RALLIS,RALLISEQN,201.99,204.15,204.15,2.16,1.07,1913,390538,344.4,200.52
JINDRILL,JINDRILLEQN,633.25,640.0,640.0,6.75,1.07,1713,1096320,704.4,440.1
OLAELEC,OLAELECEQN,38.54,38.95,38.95,0.41,1.06,120665,4699901,61.02,22.25
RADAAN,RADAANEQN,2.83,2.86,2.86,0.03,1.06,1051,3005,3.99,2.35
ROLLT,ROLLTBEN,4.75,4.8,4.8,0.05,1.05,32131,154228,4.95,1.07
BFINVEST,BFINVESTEQN,448.3,453.0,453.0,4.7,1.05,360,163080,584.7,315.0
COFFEEDAY,COFFEEDAYEQN,31.67,32.0,32.0,0.33,1.04,3719,119008,46.92,21.0
MOBIKWIK,MOBIKWIKEQN,209.7,211.88,211.88,2.18,1.04,33847,7171502,324.75,151.46
TANLA,TANLAEQN,502.8,508.05,508.05,5.25,1.04,2554,1297559,766.0,365.9
CYBERTECH,CYBERTECHBEN,140.53,141.99,141.99,1.46,1.04,81,11501,274.8,95.3
NOCIL,NOCILEQN,189.65,191.61,191.61,1.96,1.03,5513,1056345,204.5,125.31
ONGC,ONGCEQN,232.5,234.9,234.9,2.4,1.03,121368,28509343,307.5,227.65
RBZJEWEL,RBZJEWELBEN,174.19,175.98,175.98,1.79,1.03,206,36251,204.7,100.0
OSWALSEEDS,OSWALSEEDSEQN,15.54,15.7,15.7,0.16,1.03,2087,32765,20.28,9.66
FSL,FSLEQN,247.6,250.15,250.15,2.55,1.03,9134,2284870,379.7,202.0
SHARDUL,SHARDULBEN,55.43,56.0,56.0,0.57,1.03,5,280,60.0,23.05
EMSLIMITED,EMSLIMITEDEQN,383.1,387.0,387.0,3.9,1.02,3797,1469439,589.9,256.05
VSTIND,VSTINDEQN,203.93,206.0,206.0,2.07,1.02,1858,382748,286.78,200.0
SHINDL,SHINDLEQN,163.02,164.69,164.69,1.67,1.02,1012,166666,179.99,130.6
CROWN,CROWNEQN,112.55,113.67,113.67,1.12,1.0,33,3751,186.0,100.11
BAJAJHIND,BAJAJHINDEQN,20.94,21.15,21.15,0.21,1.0,74392,1573390,26.0,14.85
SAHYADRI,SAHYADRIEQN,390.9,394.8,394.8,3.9,1.0,122,48165,406.9,200.1
BCG,BCGEQN,9.99,10.09,10.09,0.1,1.0,61159,617094,16.39,7.7
EXCELINDUS,EXCELINDUSEQN,980.8,990.6,990.6,9.8,1.0,17,16840,1210.0,800.05
KISSHT,KISSHTEQN,328.7,332.0,332.0,3.3,1.0,9924,3294768,351.5,190.0
KRITINUT,KRITINUTEQN,80.52,81.32,81.32,0.8,0.99,1,81,102.99,51.36
SALSTEEL,SALSTEELEQN,74.81,75.55,75.55,0.74,0.99,504,38077,86.25,26.1
MAXHEALTH,MAXHEALTHEQN,1037.7,1048.0,1048.0,10.3,0.99,20713,21707224,1221.9,903.0
MAMATA,MAMATAEQN,407.85,411.9,411.9,4.05,0.99,285,117391,515.0,297.0
LODHA,LODHAEQN,1116.9,1128.0,1128.0,11.1,0.99,13824,15593472,1344.95,650.8
WENDT,WENDTEQN,8812.5,8900.0,8900.0,87.5,0.99,19,169100,9897.0,5841.5
NIBE,NIBEEQN,1282.4,1295.0,1295.0,12.6,0.98,261,337995,1848.0,809.6
BSE,BSEEQN,3384.0,3417.0,3417.0,33.0,0.98,37420,127864140,4446.8,2021.5
FLUOROCHEM,FLUOROCHEMEQN,4773.2,4819.9,4819.9,46.7,0.98,832,4010156,4958.9,2916.6
HCC,HCCEQN,22.73,22.95,22.95,0.22,0.97,114549,2628899,28.5,13.65
BLUESTONE,BLUESTONEEQN,890.35,899.0,899.0,8.65,0.97,6338,5697862,926.0,399.8
ARSSBL,ARSSBLEQN,490.25,495.0,495.0,4.75,0.97,591,292545,794.85,416.0
IRB,IRBEQN,19.64,19.83,19.83,0.19,0.97,78273,1552153,23.95,18.76
SHANTIGOLD,SHANTIGOLDEQN,258.17,260.65,260.65,2.48,0.96,8750,2280687,280.75,155.0
AVADHSUGAR,AVADHSUGAREQN,769.6,777.0,777.0,7.4,0.96,2072,1609944,884.8,306.05
MUNJALSHOW,MUNJALSHOWEQN,127.66,128.88,128.88,1.22,0.96,6,773,150.9,110.3
VINCOFE,VINCOFEEQN,174.35,176.0,176.0,1.65,0.95,4005,704880,189.4,120.24
BGRENERGY,BGRENERGYBEN,232.78,235.0,235.0,2.22,0.95,315,74025,490.8,220.0
RADHIKAJWE,RADHIKAJWEEQN,83.21,84.0,84.0,0.79,0.95,7592,637728,99.65,50.01
MARCO,MARCOSMN,31.5,31.8,31.8,0.3,0.95,7500,238500,44.5,26.6
RUBICON,RUBICONEQN,1835.4,1852.9,1852.9,17.5,0.95,630,1167327,1899.0,570.75
RNBDENIMS,RNBDENIMSBEN,9.46,9.55,9.55,0.09,0.95,2329,22241,67.67,7.72
OMNI,OMNIEQN,549.75,555.0,555.0,5.25,0.95,2349,1303695,764.85,176.25
ZEEMEDIA,ZEEMEDIAEQN,7.43,7.5,7.5,0.07,0.94,11494,86205,13.26,6.65
MMP,MMPEQN,469.95,474.35,474.35,4.4,0.94,386,183099,485.0,185.2
GANESHIN,GANESHINSTN,101.55,102.5,102.5,0.95,0.94,800,82000,250.0,66.4
MARICO,MARICOEQN,802.1,809.65,809.65,7.55,0.94,5445,4408544,889.1,690.3
OIL,OILEQN,489.8,494.4,494.4,4.6,0.94,5995,2963928,531.0,392.45
PRITIKAUTO,PRITIKAUTOBEN,14.91,15.05,15.05,0.14,0.94,907,13650,20.99,10.41
SRTL,SRTLEQN,37.32,37.67,37.67,0.35,0.94,1355,51042,73.36,35.87
KARMAENG,KARMAENGEQN,39.63,40.0,40.0,0.37,0.93,1,40,73.7,34.38
UNIMECH,UNIMECHEQN,1610.0,1625.0,1625.0,15.0,0.93,2095,3404375,1652.8,695.0
ASAHIINDIA,ASAHIINDIAEQN,985.8,995.0,995.0,9.2,0.93,1193,1187035,1074.0,775.1
SUZLON,SUZLONEQN,44.12,44.53,44.53,0.41,0.93,341946,15226855,61.5,38.19
NIITMTS,NIITMTSEQN,229.84,231.98,231.98,2.14,0.93,406,94183,443.9,203.3
TEMBO,TEMBOEQN,56.08,56.6,56.6,0.52,0.93,3275,185365,837.0,55.0
ALEMBICLTD,ALEMBICLTDEQN,104.33,105.3,105.3,0.97,0.93,2510,264303,117.72,70.46
SGL,SGLEQN,9.73,9.82,9.82,0.09,0.92,63,618,20.79,8.4
VENTIVE,VENTIVEEQN,574.7,580.0,580.0,5.3,0.92,221,128180,793.95,542.6
SKYGOLD,SKYGOLDEQN,827.4,835.0,835.0,7.6,0.92,5501,4593335,868.8,259.0
KIRLFER,KIRLFEREQN,465.1,469.4,469.4,4.3,0.92,47,22061,513.0,408.0
YUKEN,YUKENEQN,1113.75,1124.0,1124.0,10.25,0.92,36,40464,1134.7,584.1
JAYNECOIND,JAYNECOINDEQN,89.97,90.79,90.79,0.82,0.91,7533,683921,117.0,63.0
CARBORUNIV,CARBORUNIVEQN,1075.2,1085.0,1085.0,9.8,0.91,205,222425,1306.9,735.2
SIGMAADV,SIGMAADVBEN,832.45,840.0,840.0,7.55,0.91,9960,8366400,832.45,140.1
XCHANGING,XCHANGINGEQN,62.34,62.9,62.9,0.56,0.9,180,11322,103.0,47.5
AFIL,AFILEQN,8.92,9.0,9.0,0.08,0.9,229,2061,11.1,3.92
CENTRUM,CENTRUMEQN,22.34,22.54,22.54,0.2,0.9,1000,22540,38.5,19.66
FLAIR,FLAIREQN,236.08,238.2,238.2,2.12,0.9,148,35253,345.0,234.01
THERMAX,THERMAXEQN,3682.0,3715.0,3715.0,33.0,0.9,489,1816635,5277.8,2742.7
PLASTIBLEN,PLASTIBLENEQN,192.78,194.5,194.5,1.72,0.89,105,20422,216.29,121.01
SUVIDHAA,SUVIDHAAEQN,2.25,2.27,2.27,0.02,0.89,8767,19901,4.25,1.77
UNOMINDA,UNOMINDAEQN,1201.6,1212.3,1212.3,10.7,0.89,514,623122,1382.0,994.0
NESCO,NESCOEQN,1102.2,1112.0,1112.0,9.8,0.89,119,132328,1638.9,996.0
WHEELS,WHEELSEQN,2230.1,2249.9,2249.9,19.8,0.89,647,1455685,2498.0,705.85
FREDUN,FREDUNEQN,1412.2,1424.7,1424.7,12.5,0.89,324,461602,1590.0,1320.1
BAJAJINDEF,BAJAJINDEFEQN,228.57,230.59,230.59,2.02,0.88,1,230,442.6,207.25
HINDUNILVR,HINDUNILVREQN,1927.0,1944.0,1944.0,17.0,0.88,10098,19630512,2667.2,1926.2
TIMEX,TIMEXEQN,631.7,637.25,637.25,5.55,0.88,1043,664651,687.8,312.0
SICAGEN,SICAGENEQN,53.53,54.0,54.0,0.47,0.88,100,5400,74.06,46.55
CAPILLARY,CAPILLARYEQN,461.95,466.0,466.0,4.05,0.88,951,443166,798.95,438.15
SUDARSCHEM,SUDARSCHEMEQN,1248.2,1259.0,1259.0,10.8,0.87,798,1004682,1603.0,726.4
SMLMAH,SMLMAHEQN,6583.0,6640.0,6640.0,57.0,0.87,122,810080,6654.0,2719.0
TURTLEMINT,TURTLEMINTEQN,136.12,137.3,137.3,1.18,0.87,1644,225721,160.0,110.41
PNGSREVA,PNGSREVAEQN,512.7,517.15,517.15,4.45,0.87,205,106015,644.0,324.25
TCIEXP,TCIEXPEQN,514.6,519.0,519.0,4.4,0.86,77,39963,780.0,447.55
GLOBAL,GLOBALEQN,126.91,128.0,128.0,1.09,0.86,1339,171392,129.4,55.3
IFCI,IFCIEQN,82.29,83.0,83.0,0.71,0.86,304970,25312510,107.5,46.23
DYNAMATECH,DYNAMATECHEQN,12097.0,12201.0,12201.0,104.0,0.86,89,1085889,12875.0,6621.5
AEGISLOG,AEGISLOGEQN,1353.6,1365.3,1365.3,11.7,0.86,3360,4587408,1497.8,576.1
KRMAYURVED,KRMAYURVEDSMN,307.7,310.35,310.35,2.65,0.86,1000,310350,343.95,156.15
YESBANK,YESBANKEQN,23.48,23.68,23.68,0.2,0.85,1541111,36493508,25.78,17.2
AARTIPHARM,AARTIPHARMEQN,826.95,831.95,831.95,7.0,0.85,2956,2459244,946.1,585.0
DMCC,DMCCEQN,287.55,290.0,290.0,2.45,0.85,155,44950,332.9,191.35
BALRAMCHIN,BALRAMCHINEQN,691.4,697.3,697.3,5.9,0.85,3032,2114213,780.95,393.55
KALYANIFRG,KALYANIFRGBEN,1021.65,1030.35,1030.35,8.7,0.85,40,41214,1192.25,523.6
EASTWEST,EASTWESTEQN,2.36,2.38,2.38,0.02,0.85,109,259,2.68,2.2
SKYWAYS,SKYWAYSEQN,116.01,117.0,117.0,0.99,0.85,15402,1802034,136.45,106.82
GRANULES,GRANULESEQN,909.3,917.0,917.0,7.7,0.85,13031,11949427,914.85,510.55
SUNDARAM,SUNDARAMEQN,1.19,1.2,1.2,0.01,0.84,2121,2545,2.2,1.03
MAHSEAMLES,MAHSEAMLESEQN,728.9,735.0,735.0,6.1,0.84,1322,971670,738.0,500.7
FINOPB,FINOPBEQN,139.83,141.0,141.0,1.17,0.84,731,103071,339.0,110.03
TIMETECHNO,TIMETECHNOEQN,180.8,180.8,180.8,1.5,0.84,4361,788468,249.15,154.0
SHILCTECH,SHILCTECHEQN,4174.4,4208.9,4208.9,34.5,0.83,101,425098,5399.0,2852.5
UNIONBANK,UNIONBANKEQN,178.1,179.57,179.57,1.47,0.83,16298,2926631,205.49,132.5
SOFTTECH,SOFTTECHEQN,452.35,456.1,456.1,3.75,0.83,1,456,489.9,215.0
ALICON,ALICONEQN,733.4,739.45,739.45,6.05,0.82,162,119790,1022.0,580.0
STANLEY,STANLEYEQN,135.6,136.71,136.71,1.11,0.82,1348,184285,320.45,123.0
TREL,TRELEQN,26.97,27.19,27.19,0.22,0.82,220,5981,33.51,21.47
CIEINDIA,CIEINDIAEQN,379.65,382.75,382.75,3.1,0.82,570,218167,526.0,376.05
RCF,RCFEQN,111.45,112.36,112.36,0.91,0.82,7054,792587,157.9,106.0
IFBIND,IFBINDEQN,1300.1,1310.7,1310.7,10.6,0.82,53,69467,2019.8,883.2
UNICHEMLAB,UNICHEMLABEQN,539.7,544.1,544.1,4.4,0.82,101,54954,687.2,278.2
CHEMCON,CHEMCONBEN,217.23,219.01,219.01,1.78,0.82,221,48401,295.0,125.0
LUMINO,LUMINOEQN,108.81,109.7,109.7,0.89,0.82,42984,4715344,122.0,102.5
PAISALO,PAISALOEQN,84.23,84.92,84.92,0.69,0.82,26232,2227621,84.6,30.0
ZAGGLE,ZAGGLEEQN,187.0,188.52,188.52,1.52,0.81,5923,1116603,405.4,154.36
PURVA,PURVAEQN,212.06,213.78,213.78,1.72,0.81,527,112662,287.95,160.69
MTNL,MTNLEQN,24.74,24.94,24.94,0.2,0.81,16641,415026,46.44,21.26
SOBHA,SOBHAEQN,1216.8,1226.6,1226.6,9.8,0.81,296,363073,1732.0,1130.0
SIGNPOST,SIGNPOSTEQN,276.25,278.5,278.5,2.25,0.81,852,237282,336.8,191.41
MMTC,MMTCEQN,61.92,62.42,62.42,0.5,0.81,5429,338878,78.35,50.1
ZEEL,ZEELEQN,79.36,80.0,80.0,0.64,0.81,38303,3064240,121.8,68.0
CRAFTSMAN,CRAFTSMANEQN,11669.0,11763.0,11763.0,94.0,0.81,69,811647,11999.0,6324.0
NIACL,NIACLEQN,198.39,200.0,200.0,1.61,0.81,13650,2730000,242.6,116.97
RPEL,RPELEQN,1845.2,1860.0,1860.0,14.8,0.8,563,1047180,1943.7,561.3
UNIECOM,UNIECOMEQN,83.33,84.0,84.0,0.67,0.8,1316,110544,152.99,78.51
DABUR,DABUREQN,376.0,379.0,379.0,3.0,0.8,12231,4635549,548.4,368.05
JTLIND,JTLINDEQN,88.68,89.39,89.39,0.71,0.8,5694,508986,94.0,40.25
GHCLTEXTIL,GHCLTEXTILEQN,130.76,131.8,131.8,1.04,0.8,1247,164354,144.59,65.26
PTC,PTCEQN,152.78,154.0,154.0,1.22,0.8,7134,1098636,229.51,149.59
CELLO,CELLOEQN,332.8,335.45,335.45,2.65,0.8,148,49646,673.8,332.0
DWARKESH,DWARKESHEQN,44.74,45.1,45.1,0.36,0.8,20344,917514,59.9,32.13
DPEL,DPELSMN,634.95,640.05,640.05,5.1,0.8,500,320025,655.0,158.0
RSL,RSLEQN,190.1,191.62,191.62,1.52,0.8,620,118804,192.77,101.7
AONESILVER,AONESILVEREQN,8.7,8.77,8.77,0.07,0.8,516,4525,12.0,7.43
ARKADE,ARKADEEQN,122.03,122.99,122.99,0.96,0.79,1002,123235,185.3,92.62
SUNPHARMA,SUNPHARMAEQN,1840.0,1854.6,1854.6,14.6,0.79,9955,18462543,2046.9,1548.0
GEOJITFSL,GEOJITFSLEQN,78.6,79.22,79.22,0.62,0.79,2379,188464,86.5,50.86
DYCL,DYCLEQN,455.45,459.0,459.0,3.55,0.78,2550,1170450,560.0,236.8
VENUSREM,VENUSREMBEN,1616.3,1628.9,1628.9,12.6,0.78,75,122167,2044.3,424.0
ANMOL,ANMOLEQN,16.87,17.0,17.0,0.13,0.77,18451,313667,17.74,8.4
RATNAMANI,RATNAMANIEQN,2811.4,2833.0,2833.0,21.6,0.77,61,172813,3345.0,1936.5
INDHOTEL,INDHOTELEQN,718.5,724.0,724.0,5.5,0.77,13441,9731284,792.55,565.0
INDOMIM,INDOMIMEQN,1018.2,1026.0,1026.0,7.8,0.77,10419,10689894,1028.5,700.0
JAINREC,JAINRECEQN,284.7,286.9,286.9,2.2,0.77,1419,407111,593.95,247.57
HORIZONIND,HORIZONINDEQN,55.67,56.1,56.1,0.43,0.77,53866,3021882,60.25,53.75
NPST,NPSTEQN,1686.1,1698.9,1698.9,12.8,0.76,107,181782,2199.8,846.6
HARDWYN,HARDWYNEQN,9.16,9.23,9.23,0.07,0.76,157,1449,20.2,7.61
NITIRAJ,NITIRAJEQN,233.25,235.0,235.0,1.75,0.75,3,705,241.0,168.0
RPPINFRA,RPPINFRAEQN,60.34,60.79,60.79,0.45,0.75,250,15197,153.0,53.0
SARVESHWAR,SARVESHWAREQN,4.01,4.04,4.04,0.03,0.75,29348,118565,8.25,2.5
OSELDEVICE,OSELDEVICESMN,372.15,374.95,374.95,2.8,0.75,200,74990,835.0,355.25
BLUEDART,BLUEDARTEQN,4830.9,4842.0,4842.0,36.1,0.75,144,697248,7036.0,4628.5
PACEDIGITK,PACEDIGITKEQN,158.33,159.51,159.51,1.18,0.75,1157,184553,231.95,139.81
MBEL,MBELEQN,254.2,256.1,256.1,1.9,0.75,138,35341,535.9,223.05
ARTEMISMED,ARTEMISMEDEQN,344.9,347.5,347.5,2.6,0.75,878,305105,362.0,203.35
GALAPREC,GALAPRECEQN,1031.0,1038.6,1038.6,7.6,0.74,71,73740,1260.0,671.2
SURANASOL,SURANASOLEQN,25.51,25.7,25.7,0.19,0.74,773,19866,36.5,18.31
KKCL,KKCLEQN,494.9,498.55,498.55,3.65,0.74,10,4985,595.0,408.35
AJMERA,AJMERAEQN,116.75,117.61,117.61,0.86,0.74,186,21875,221.4,98.03
KHAICHEM,KHAICHEMEQN,54.03,54.43,54.43,0.4,0.74,37,2013,135.8,42.92
KOTHARIPET,KOTHARIPETEQN,138.57,139.59,139.59,1.02,0.74,312,43552,163.0,94.75
MAWANASUG,MAWANASUGEQN,134.63,135.62,135.62,0.99,0.74,21,2848,164.0,75.08
SENCO,SENCOEQN,346.4,348.95,348.95,2.55,0.74,1502,524122,430.0,276.0
SILGO,SILGOEQN,70.01,70.53,70.53,0.52,0.74,1,70,86.2,57.55
ASIANHOTNR,ASIANHOTNREQN,378.8,381.6,381.6,2.8,0.74,107,40831,423.8,247.5
QUADFUTURE,QUADFUTUREEQN,478.5,482.0,482.0,3.5,0.73,1882,907124,511.8,248.55
RELTD,RELTDEQN,155.64,156.78,156.78,1.14,0.73,122,19127,196.45,114.77
GENCON,GENCONEQN,41.01,41.31,41.31,0.3,0.73,10,413,59.96,36.35
SHOPERSTOP,SHOPERSTOPEQN,375.45,378.2,378.2,2.75,0.73,5,1891,572.0,275.95
UDS,UDSEQN,207.5,209.02,209.02,1.52,0.73,813,169933,264.67,125.1
PARKHOTELS,PARKHOTELSEQN,110.77,111.58,111.58,0.81,0.73,460,51326,164.1,95.1
GREENLAM,GREENLAMEQN,234.63,236.35,236.35,1.72,0.73,102,24107,278.63,197.59
BHARATWIRE,BHARATWIREEQN,172.48,173.74,173.74,1.26,0.73,490,85132,262.0,148.01
GUJALKALI,GUJALKALIEQN,705.0,710.15,710.15,5.15,0.73,451,320277,815.0,409.15
KSCL,KSCLEQN,715.85,721.1,721.1,5.25,0.73,105,75715,1225.0,705.1
JAGSNPHARM,JAGSNPHARMEQN,232.89,234.6,234.6,1.71,0.73,757,177592,264.5,155.0
GPPL,GPPLEQN,161.32,162.5,162.5,1.18,0.73,5701,926412,200.09,141.55
PAKKA,PAKKAEQN,76.57,77.13,77.13,0.56,0.73,726,55996,178.84,69.1
ISGEC,ISGECEQN,795.95,801.8,801.8,5.85,0.73,210,168378,1113.9,683.95
DHRUV,DHRUVEQN,21.84,22.0,22.0,0.16,0.73,112,2464,59.67,21.66
DIGITIDE,DIGITIDEEQN,88.75,89.4,89.4,0.65,0.73,511,45683,201.25,69.9
KSB,KSBEQN,804.2,810.05,810.05,5.85,0.73,684,554074,1028.3,666.65
BENGALASM,BENGALASMEQN,6265.0,6311.0,6311.0,46.0,0.73,1,6311,7268.0,5845.85
SHBAJRG,SHBAJRGEQN,155.85,156.99,156.99,1.14,0.73,9,1412,214.95,150.5
MANBA,MANBAEQN,132.47,133.42,133.42,0.95,0.72,369,49231,154.0,98.0
DOLATALGO,DOLATALGOEQN,69.32,69.82,69.82,0.5,0.72,760,53063,95.76,64.96
LT,LTEQN,3930.7,3959.0,3959.0,28.3,0.72,24468,96868812,4440.0,3288.1
INDUSTOWER,INDUSTOWEREQN,388.0,388.0,390.8,2.8,0.72,25488,0,481.5,337.8
VISAKAIND,VISAKAINDEQN,90.45,91.1,91.1,0.65,0.72,828,75430,104.41,50.2
TEMPSENS,TEMPSENSEQN,584.8,589.0,589.0,4.2,0.72,5397,3178833,634.85,534.7
UNITECH,UNITECHEQN,4.17,4.2,4.2,0.03,0.72,81426,341989,7.93,3.1
MIIL,MIILEQN,676.45,681.3,681.3,4.85,0.72,33,22482,742.9,660.0
WINDMACHIN,WINDMACHINEQN,300.65,302.8,302.8,2.15,0.72,348,105374,343.9,200.65
ESTER,ESTEREQN,89.89,90.53,90.53,0.64,0.71,81,7332,132.45,68.55
ECOSMOBLTY,ECOSMOBLTYEQN,111.68,112.47,112.47,0.79,0.71,52,5848,294.6,103.94
SHILPAMED,SHILPAMEDEQN,961.15,968.0,968.0,6.85,0.71,4392,4251456,980.1,259.5
KDGREEN,KDGREENEQN,49.09,49.44,49.44,0.35,0.71,2,98,61.49,46.37
BANARISUG,BANARISUGEQN,3517.6,3542.6,3542.6,25.0,0.71,15,53139,4338.0,3105.2
SPENCERS,SPENCERSEQN,28.3,28.5,28.5,0.2,0.71,40,1140,61.4,24.38
AGI,AGIEQN,762.65,761.05,761.05,5.4,0.71,205,156015,939.0,465.0
HONDAPOWER,HONDAPOWEREQN,1953.0,1966.9,1966.9,13.9,0.71,5,9834,2949.0,1816.6
FABTECH,FABTECHEQN,147.02,148.07,148.07,1.05,0.71,3,444,262.8,132.7
FERMENTA,FERMENTAEQN,474.65,478.0,478.0,3.35,0.71,187,89386,580.45,248.85
ADVANCE,ADVANCEEQN,117.85,118.69,118.69,0.84,0.71,53,6290,154.0,84.1
GNA,GNAEQN,551.1,555.0,555.0,3.9,0.71,469,260295,601.65,295.0
DREDGECORP,DREDGECORPEQN,1039.7,1047.0,1047.0,7.3,0.7,43,45021,1286.0,538.0
BHARTIARTL,BHARTIARTLEQN,1831.1,1844.0,1844.0,12.9,0.7,118689,218862516,2174.5,1740.5
GPTINFRA,GPTINFRAEQN,112.21,113.0,113.0,0.79,0.7,2463,278319,150.0,96.22
MBAPL,MBAPLEQN,160.87,161.99,161.99,1.12,0.7,1009,163447,174.94,74.63
FORTIS,FORTISEQN,887.8,894.0,894.0,6.2,0.7,1679,1501026,1104.3,766.8
NAHARSPING,NAHARSPINGEQN,273.1,275.0,275.0,1.9,0.7,67,18425,349.0,149.2
DEVIT,DEVITEQN,24.18,24.35,24.35,0.17,0.7,9,219,45.0,22.25
RTNPOWER,RTNPOWEREQN,7.17,7.22,7.22,0.05,0.7,156760,1131807,12.57,7.13
BOSCHLTD,BOSCHLTDEQN,48385.0,48725.0,48725.0,340.0,0.7,89,4336525,50000.0,28610.0
DJML,DJMLEQN,82.39,82.97,82.97,0.58,0.7,3,248,124.8,52.0
SHYAMMETL,SHYAMMETLEQN,1074.8,1082.3,1082.3,7.5,0.7,251,271657,1111.0,746.0
DCMNVL,DCMNVLEQN,178.77,180.0,180.0,1.23,0.69,155,27900,198.58,95.6
KRISHANA,KRISHANAEQN,179.66,180.9,180.9,1.24,0.69,584,105645,206.39,86.2
KIRLOSENG,KIRLOSENGEQN,2168.6,2183.6,2183.6,15.0,0.69,640,1397504,2720.0,865.55
WINDLAS,WINDLASEQN,1129.25,1137.0,1137.0,7.75,0.69,233,264921,1181.9,697.4
FIRSTCRY,FIRSTCRYEQN,168.83,170.0,170.0,1.17,0.69,1463,248710,406.0,166.95
KITEX,KITEXEQN,123.87,124.72,124.72,0.85,0.69,2064,257422,232.7,122.75
RIIT,RIITIVN,119.62,120.44,120.44,0.82,0.69,2962,356743,127.0,105.3
MAHESHWARI,MAHESHWARIEQN,70.71,71.2,71.2,0.49,0.69,5,356,76.81,39.04
VINDHYATEL,VINDHYATELEQN,2813.5,2833.0,2833.0,19.5,0.69,453,1283349,2952.6,963.9
COMPEAU,COMPEAUEQN,362.0,364.5,364.5,2.5,0.69,5,1822,420.0,314.3
JSWINFRA,JSWINFRAEQN,343.15,345.5,345.5,2.35,0.68,12058,4166039,355.8,233.42
MARINE,MARINEEQN,419.15,422.0,422.0,2.85,0.68,1478,623716,450.0,150.86
INTLCONV,INTLCONVEQN,78.27,78.8,78.8,0.53,0.68,262,20645,114.54,60.0
NIPPOBATRY,NIPPOBATRYEQN,317.85,320.0,320.0,2.15,0.68,16,5120,490.0,257.0
EIHAHOTELS,EIHAHOTELSEQN,287.45,289.4,289.4,1.95,0.68,47,13601,416.0,266.65
IDBI,IDBIEQN,83.43,84.0,84.0,0.57,0.68,43911,3688524,118.38,61.01
IRISDOREME,IRISDOREMEEQN,61.47,61.89,61.89,0.42,0.68,749,46355,65.0,26.35
ARMANFIN,ARMANFINEQN,2011.3,2024.9,2024.9,13.6,0.68,150,303735,2158.6,1301.0
CMPDI,CMPDIEQN,215.23,216.7,216.7,1.47,0.68,2929,634714,283.69,150.16
CORDSCABLE,CORDSCABLEEQN,373.4,375.9,375.9,2.5,0.67,567,213135,394.9,127.01
MHRIL,MHRILEQN,196.73,198.04,198.04,1.31,0.67,1017,201406,368.9,193.0
SAMBHAAV,SAMBHAAVEQN,5.96,6.0,6.0,0.04,0.67,74,444,11.53,5.07
LEAPIND,LEAPINDEQN,144.34,145.31,145.31,0.97,0.67,9207,1337869,172.29,136.0
PRAXIS,PRAXISEQN,4.48,4.51,4.51,0.03,0.67,110,496,14.44,4.32
GCSL,GCSLEQN,600.7,604.75,604.75,4.05,0.67,55,33261,616.9,213.15
TI,TIEQN,521.6,524.05,524.05,3.45,0.66,1303,682837,594.55,381.55
TITAGARH,TITAGARHEQN,842.15,847.7,847.7,5.55,0.66,1098,930774,971.0,568.7
DBL,DBLEQN,403.35,405.0,405.0,2.65,0.66,537,217485,585.0,381.55
PWL,PWLEQN,136.1,137.0,137.0,0.9,0.66,70956,9720972,161.99,77.72
GULPOLY,GULPOLYEQN,174.84,175.98,175.98,1.14,0.65,280,49274,227.63,121.5
CEWATER,CEWATEREQN,284.7,286.55,286.55,1.85,0.65,286,81953,539.9,235.0
ADANIENT,ADANIENTEQN,3060.0,3080.0,3080.0,20.0,0.65,5262,16206960,3245.0,1753.0
SHAILY,SHAILYEQN,3279.5,3300.7,3300.7,21.2,0.65,159,524811,3615.2,1770.9
CITIUSINVT,CITIUSINVTIVN,115.49,116.24,116.24,0.75,0.65,35,4068,117.45,101.5
JARO,JAROEQN,454.05,457.0,457.0,2.95,0.65,108,49356,890.0,383.5
HYUNDAI,HYUNDAIEQN,2174.0,2187.9,2187.9,13.9,0.64,929,2032559,2890.0,1658.0
SPARC,SPARCEQN,196.01,197.26,197.26,1.25,0.64,993,195879,289.0,108.0
SGFIN,SGFINEQN,660.75,665.0,665.0,4.25,0.64,1175,781375,727.45,323.0
AJANTPHARM,AJANTPHARMEQN,3533.4,3555.9,3555.9,22.5,0.64,255,906754,3796.0,2329.9
ARVIND,ARVINDEQN,575.1,578.8,578.8,3.7,0.64,1585,917398,607.15,277.9
AXISBANK,AXISBANKEQN,1246.0,1254.0,1254.0,8.0,0.64,94196,118121784,1418.3,1069.0
TNPL,TNPLEQN,153.27,154.25,154.25,0.98,0.64,411,63396,175.75,121.51
GCHOTELS,GCHOTELSSTN,100.85,101.5,101.5,0.65,0.64,600,60900,232.0,76.5
BLEL,BLELEQN,442.15,445.0,445.0,2.85,0.64,1538,684410,548.0,429.0
ALMONDZ,ALMONDZEQN,19.13,19.25,19.25,0.12,0.63,504,9702,22.1,10.68
GANGAFORGE,GANGAFORGEEQN,1.58,1.59,1.59,0.01,0.63,28875,45911,3.29,1.53
KIOCL,KIOCLEQN,355.9,358.15,358.15,2.25,0.63,179,64108,634.55,290.65
LATENTVIEW,LATENTVIEWEQN,252.45,254.05,254.05,1.6,0.63,2821,716675,517.5,248.0
TRIVENI,TRIVENIEQN,255.4,257.0,257.0,1.6,0.63,1093,280901,490.1,220.05
POCL,POCLEQN,454.15,455.0,455.0,2.85,0.63,841,382655,647.6,392.2
GANESHCP,GANESHCPEQN,167.36,168.41,168.41,1.05,0.63,270,45470,309.95,152.0
JSWDULUX,JSWDULUXEQN,3155.1,3175.1,3175.1,20.0,0.63,56,177805,3745.0,2658.7
AXITA,AXITAEQN,7.98,8.03,8.03,0.05,0.63,30971,248697,12.2,6.57
UNIVASTU,UNIVASTUBEN,153.0,153.97,153.97,0.97,0.63,142,21863,178.98,56.02
ORISSAMINE,ORISSAMINEEQN,3955.2,3980.0,3980.0,24.8,0.63,11,43780,6138.9,3100.5
JNKINDIA,JNKINDIAEQN,422.4,425.0,425.0,2.6,0.62,1063,451775,558.0,200.92
KOTYARK,KOTYARKBEN,32.19,32.39,32.39,0.2,0.62,59,1911,45.5,17.38
CYIENTDLM,CYIENTDLMEQN,904.4,910.0,910.0,5.6,0.62,1825,1660750,1009.0,265.2
BAYERCROP,BAYERCROPEQN,3974.1,3998.9,3998.9,24.8,0.62,9,35990,5489.0,3926.6
KRBL,KRBLEQN,421.05,423.65,423.65,2.6,0.62,1131,479148,452.8,274.65
UTKARSHBNK,UTKARSHBNKEQN,14.52,14.61,14.61,0.09,0.62,24008,350756,22.03,10.12
HAMPTON,HAMPTONEQN,8.05,8.1,8.1,0.05,0.62,92,745,9.65,7.01
FLYSBS,FLYSBSSMN,702.65,707.0,707.0,4.35,0.62,400,282800,712.0,355.25
CORONA,CORONAEQN,2236.1,2250.0,2250.0,13.9,0.62,130,292500,2270.1,1336.6
CENTENKA,CENTENKAEQN,565.4,568.9,568.9,3.5,0.62,490,278761,671.65,371.2
STERTOOLS,STERTOOLSBEN,214.66,215.99,215.99,1.33,0.62,111,23974,361.95,155.0
JUNIPER,JUNIPEREQN,221.12,222.5,222.5,1.38,0.62,523,116367,312.5,188.5
SHARDACROP,SHARDACROPEQN,765.55,770.2,770.2,4.65,0.61,482,371236,1297.0,755.55
SANSERA,SANSERAEQN,4129.9,4155.0,4155.0,25.1,0.61,745,3095475,4170.0,1364.2
GOODLUCK,GOODLUCKEQN,516.85,520.0,520.0,3.15,0.61,1131,588120,557.37,305.0
ORCHPHARMA,ORCHPHARMAEQN,1003.05,1009.15,1009.15,6.1,0.61,161,162473,1133.0,480.0
NELCO,NELCOEQN,947.25,953.0,953.0,5.75,0.61,434,413602,1120.0,500.1
TVSMOTOR,TVSMOTOREQN,4125.0,4150.0,4150.0,25.0,0.61,3032,12582800,4484.5,3228.0
KIRIINDUS,KIRIINDUSEQN,537.35,540.65,540.65,3.3,0.61,6427,3474757,779.0,333.8
JYOTHYLAB,JYOTHYLABEQN,195.06,196.25,196.25,1.19,0.61,1536,301440,328.05,188.1
BLUEJET,BLUEJETEQN,568.55,572.0,572.0,3.45,0.61,547,312884,721.0,325.0
CRAMC,CRAMCEQN,238.9,240.35,240.35,1.45,0.61,1097,263663,353.4,214.2
CMRGREEN,CMRGREENEQN,216.58,217.9,217.9,1.32,0.61,1040,226616,268.96,205.25
NEPHROPLUS,NEPHROPLUSEQN,765.35,770.0,770.0,4.65,0.61,1032,794640,781.5,446.0
SIRCA,SIRCAEQN,427.35,429.9,429.9,2.55,0.6,546,234725,539.0,385.0
CHANDAN,CHANDANSMN,199.8,201.0,201.0,1.2,0.6,800,160800,358.0,185.4
IDEA,IDEAEQN,14.97,15.06,15.06,0.09,0.6,2125004,32002560,15.79,7.3
MARSONS,MARSONSEQN,127.24,128.0,128.0,0.76,0.6,8704,1114112,175.4,100.25
RIIL,RIILEQN,710.75,715.0,715.0,4.25,0.6,232,165880,964.0,617.35
OLECTRA,OLECTRAEQN,1209.5,1216.7,1216.7,7.2,0.6,1116,1357837,1714.2,866.6
INDGN,INDGNEQN,578.35,581.8,581.8,3.45,0.6,566,329298,615.5,414.0
OPTIEMUS,OPTIEMUSEQN,566.25,569.6,569.6,3.35,0.59,635,361696,713.0,288.0
ARIHANTCAP,ARIHANTCAPEQN,79.0,79.47,79.47,0.47,0.59,1336,106171,120.0,56.97
HUBTOWN,HUBTOWNEQN,181.21,182.28,182.28,1.07,0.59,508,92598,339.4,168.15
HIRECT,HIRECTEQN,1245.4,1252.7,1252.7,7.3,0.59,119,149071,1399.0,565.2
ORIENTHOT,ORIENTHOTEQN,141.35,142.18,142.18,0.83,0.59,1457,207156,148.8,80.0
KUANTUM,KUANTUMEQN,76.43,76.88,76.88,0.45,0.59,805,61888,121.29,65.01
ROUTE,ROUTEEQN,493.55,496.45,496.45,2.9,0.59,790,392195,890.4,410.7
JWL,JWLEQN,239.58,241.0,241.0,1.42,0.59,3608,869528,358.25,235.65
GRAVITA,GRAVITAEQN,1668.2,1678.1,1678.1,9.9,0.59,487,817234,1913.6,1266.9
GOCLCORP,GOCLCORPEQN,441.55,444.15,444.15,2.6,0.59,2093,929605,459.9,223.35
ENRIN,ENRINEQN,3181.3,3200.0,3200.0,18.7,0.59,2222,7110400,3968.0,2115.0
IZMO,IZMOEQN,906.8,912.15,912.15,5.35,0.59,284,259050,1374.7,562.0
ANTELOPUS,ANTELOPUSEQN,1139.35,1146.1,1146.1,6.75,0.59,4440,5088684,1218.3,357.0
DCXINDIA,DCXINDIAEQN,166.63,167.6,167.6,0.97,0.58,1397,234137,286.0,153.3
COCHINSHIP,COCHINSHIPEQN,1381.0,1389.0,1389.0,8.0,0.58,14315,19883535,1979.9,1187.0
NITINSPIN,NITINSPINEQN,651.05,654.8,654.8,3.75,0.58,92,60241,665.5,302.2
RAMCOSYS,RAMCOSYSEQN,594.55,598.0,598.0,3.45,0.58,385,230230,967.5,342.1
CARERATING,CARERATINGEQN,1650.5,1660.0,1660.0,9.5,0.58,47,78020,1838.0,1392.7
JTEKTINDIA,JTEKTINDIAEQN,120.55,121.25,121.25,0.7,0.58,443,53713,187.95,117.0
TATACAP,TATACAPEQN,362.9,365.0,365.0,2.1,0.58,12631,4610315,390.2,296.0
JSLL,JSLLEQN,511.85,514.8,514.8,2.95,0.58,545,280566,849.5,492.0
BEEKAY,BEEKAYEQN,425.6,428.05,428.05,2.45,0.58,47,20118,471.85,355.05
DBEIL,DBEILEQN,7.06,7.1,7.1,0.04,0.57,501,3557,18.56,5.15
SUNDRMFAST,SUNDRMFASTEQN,1270.0,1277.3,1277.3,7.3,0.57,288,367862,1347.2,730.1
SEPC,SEPCEQN,5.27,5.3,5.3,0.03,0.57,40223,213181,13.73,4.65
DATAMATICS,DATAMATICSEQN,760.2,764.5,764.5,4.3,0.57,1105,844772,1010.0,632.0
WELENT,WELENTEQN,786.2,790.65,790.65,4.45,0.57,106,83808,825.0,412.0
MARUTI,MARUTIEQN,12400.0,12470.0,12470.0,70.0,0.56,2302,28705940,17370.0,12201.0
MANOMAY,MANOMAYEQN,234.19,235.5,235.5,1.31,0.56,25,5887,259.88,160.25
EPL,EPLEQN,239.3,240.65,240.65,1.35,0.56,2881,693312,274.03,176.4
STOVEKRAFT,STOVEKRAFTEQN,814.9,819.5,819.5,4.6,0.56,256,209792,877.0,447.05
BEPL,BEPLEQN,128.08,128.8,128.8,0.72,0.56,4013,516874,138.5,74.2
AZAD,AZADEQN,2849.1,2865.0,2865.0,15.9,0.56,1600,4584000,2986.6,1360.0
BRITANNIA,BRITANNIAEQN,4962.0,4990.0,4990.0,28.0,0.56,725,3617750,6319.5,4945.0
APARINDS,APARINDSEQN,17500.0,17598.0,17598.0,98.0,0.56,423,7443954,18465.0,6801.0
IGCL,IGCLEQN,67.61,67.99,67.99,0.38,0.56,301,20464,114.8,49.46
GARUDA,GARUDAEQN,181.9,182.9,182.9,1.0,0.55,2685,491086,249.3,130.0
UGARSUGAR,UGARSUGAREQN,54.3,54.6,54.6,0.3,0.55,8011,437400,62.1,33.75
SMCGLOBAL,SMCGLOBALEQN,86.0,86.47,86.47,0.47,0.55,2675,231307,95.0,54.44
KILITCH,KILITCHBEN,185.97,187.0,187.0,1.03,0.55,261,48807,219.5,117.25
MSUMI,MSUMIEQN,36.3,36.5,36.5,0.2,0.55,36590,1335535,53.59,35.7
ABBOTINDIA,ABBOTINDIAEQN,25550.0,25690.0,25690.0,140.0,0.55,23,590870,31495.0,25135.0
GANDHAR,GANDHAREQN,272.7,274.2,274.2,1.5,0.55,2311,633676,303.17,115.0
THYROCARE,THYROCAREEQN,549.7,552.7,552.7,3.0,0.55,789,436080,662.0,342.55
ORTEL,ORTELBZN,1.85,1.86,1.86,0.01,0.54,2,3,2.33,1.15
RTNINDIA,RTNINDIAEQN,27.68,27.83,27.83,0.15,0.54,17932,499047,59.42,24.4
SHRIRAMPPS,SHRIRAMPPSEQN,71.83,72.22,72.22,0.39,0.54,202,14588,99.44,60.57
HDFCAMC,HDFCAMCEQN,2403.9,2416.9,2416.9,13.0,0.54,1473,3560093,2967.25,2205.6
HAVELLS,HAVELLSEQN,1111.0,1117.0,1117.0,6.0,0.54,1486,1659862,1621.1,1096.2
MOL,MOLEQN,62.52,62.86,62.86,0.34,0.54,2847,178962,87.75,36.5
DIGJAMLMTD,DIGJAMLMTDEQN,68.42,68.79,68.79,0.37,0.54,2180,149962,73.19,36.03
PONNIERODE,PONNIERODEEQN,371.1,373.1,373.1,2.0,0.54,14,5223,455.0,252.4
ALOKINDS,ALOKINDSEQN,7.36,7.4,7.4,0.04,0.54,79075,585155,19.34,7.06
SWISSMLTRY,SWISSMLTRYBEN,14.91,14.99,14.99,0.08,0.54,33,494,18.5,13.0
VMM,VMMEQN,101.71,102.25,102.25,0.54,0.53,27226,2783858,153.4,98.77
ACE,ACEEQN,1129.0,1135.0,1135.0,6.0,0.53,1260,1430100,1196.0,745.1
RKFORGE,RKFORGEEQN,711.2,715.0,715.0,3.8,0.53,649,464035,772.8,460.15
BRIGADE,BRIGADEEQN,638.65,642.05,642.05,3.4,0.53,489,313962,802.01,450.75
SIGNATURE,SIGNATUREEQN,760.85,764.9,764.9,4.05,0.53,191,146095,1158.0,705.2
RENUKA,RENUKAEQN,24.87,25.0,25.0,0.13,0.52,46579,1164475,33.3,21.05
JYOTISTRUC,JYOTISTRUCEQN,9.69,9.74,9.74,0.05,0.52,28336,275992,17.42,7.94
CONCORDBIO,CONCORDBIOEQN,1505.7,1513.6,1513.6,7.9,0.52,541,818857,1704.0,987.0
DEEPINDS,DEEPINDSEQN,774.4,778.4,778.4,4.0,0.52,387,301240,825.0,330.0
SANATHAN,SANATHANEQN,472.1,474.5,474.5,2.4,0.51,208,98696,551.95,352.6
BALAMINES,BALAMINESEQN,2276.5,2288.0,2288.0,11.5,0.51,310,709280,2629.8,968.1
ADANIPOWER,ADANIPOWEREQN,209.97,211.05,211.05,1.08,0.51,90388,19076387,254.2,120.0
CEIGALL,CEIGALLEQN,380.4,382.35,382.35,1.95,0.51,971,371261,405.7,222.61
IOB,IOBEQN,33.07,33.24,33.24,0.17,0.51,11389,378570,41.8,31.2
KNRCON,KNRCONEQN,125.66,126.05,126.05,0.64,0.51,7548,951425,220.0,108.65
REDINGTON,REDINGTONEQN,393.7,395.7,395.7,2.0,0.51,20937,8284770,403.25,191.31
RAMRAT,RAMRATEQN,532.4,535.1,535.1,2.7,0.51,223,119327,602.45,268.0
GUJTHEM,GUJTHEMEQN,422.65,424.8,424.8,2.15,0.51,166,70516,479.0,225.05
BELRISE,BELRISEEQN,228.0,228.59,228.59,1.14,0.5,10405,2378478,268.2,139.5
EXICOM,EXICOMEQN,182.28,183.2,183.2,0.92,0.5,4490,822568,189.17,75.6
WCIL,WCILEQN,87.51,87.95,87.95,0.44,0.5,1085,95425,147.29,77.02
ALPA,ALPAEQN,61.69,62.0,62.0,0.31,0.5,200,12400,96.8,46.1
EICHERMOT,EICHERMOTEQN,7530.0,7567.5,7567.5,37.5,0.5,4100,31026750,8230.0,6442.0
AKUMS,AKUMSEQN,776.35,780.25,780.25,3.9,0.5,985,768546,796.55,409.3
INOXWIND,INOXWINDEQN,76.5,76.88,76.88,0.38,0.5,31791,2444092,159.3,68.0
DBCORP,DBCORPEQN,190.79,191.74,191.74,0.95,0.5,41,7861,287.9,184.51
APOLLO,APOLLOEQN,422.25,424.35,424.35,2.1,0.5,19900,8444565,466.5,179.5
HITECH,HITECHEQN,76.39,76.77,76.77,0.38,0.5,1571,120605,127.5,70.14
SOMANYCERA,SOMANYCERAEQN,565.2,568.0,568.0,2.8,0.5,27,15336,576.8,332.0
HERITGFOOD,HERITGFOODEQN,417.4,419.5,419.5,2.1,0.5,5121,2148259,540.0,292.55
NAVINFLUOR,NAVINFLUOREQN,8543.5,8586.0,8586.0,42.5,0.5,189,1622754,8949.5,4498.5
ARE&M,ARE&MEQN,813.9,817.95,817.95,4.05,0.5,2665,2179836,1057.85,670.0
HERANBA,HERANBAEQN,171.58,172.43,172.43,0.85,0.5,11,1896,338.0,155.38
AEROENTER,AEROENTEREQN,137.09,137.77,137.77,0.68,0.5,1621,223325,159.6,62.2
MADHAVIPL,MADHAVIPLEQN,7.96,8.0,8.0,0.04,0.5,1744,13952,9.9,6.95
RADIANTCMS,RADIANTCMSEQN,35.99,36.17,36.17,0.18,0.5,326,11791,57.49,32.33
KSR,KSREQN,42.4,42.61,42.61,0.21,0.5,950,40479,42.9,14.04
AMAGI,AMAGIEQN,578.35,581.25,581.25,2.9,0.5,267,155193,727.4,310.2
BCPL,BCPLEQN,70.01,70.36,70.36,0.35,0.5,7,492,92.0,60.0
CHEVIOT,CHEVIOTEQN,1207.8,1213.8,1213.8,6.0,0.5,1,1213,1370.5,898.0
WOCKPHARMA,WOCKPHARMAEQN,2179.4,2190.0,2190.0,10.6,0.49,2324,5089560,2422.3,1086.7
MAHSCOOTER,MAHSCOOTEREQN,12964.0,13027.0,13027.0,63.0,0.49,4,52108,18538.0,10901.0
KICL,KICLEQN,5040.5,5065.0,5065.0,24.5,0.49,2,10130,6554.9,4011.0
FCL,FCLEQN,57.72,58.0,58.0,0.28,0.49,97301,5643458,62.4,19.1
AUROPHARMA,AUROPHARMAEQN,1679.8,1688.0,1688.0,8.2,0.49,2124,3585312,1717.0,1061.3
NMDC,NMDCEQN,82.4,82.8,82.8,0.4,0.49,29755,2463714,97.49,72.24
UBL,UBLEQN,1256.1,1262.3,1262.3,6.2,0.49,172,217115,1847.9,1240.2
AMBER,AMBEREQN,7245.0,7280.5,7280.5,35.5,0.49,266,1936613,8974.0,5400.5
VINATIORGA,VINATIORGAEQN,1294.3,1300.6,1300.6,6.3,0.49,99,128759,1849.9,1203.0
ELLEN,ELLENEQN,380.2,382.05,382.05,1.85,0.49,3127,1194670,559.8,175.0
HITECHCORP,HITECHCORPBEN,334.5,336.15,336.15,1.65,0.49,11,3697,345.0,112.0
DIVISLAB,DIVISLABEQN,9322.0,9367.5,9367.5,45.5,0.49,1114,10435395,9615.0,5636.5
BEML,BEMLEQN,2023.4,2033.4,2033.4,10.0,0.49,514,1045167,2275.75,1355.0
VOGL,VOGLEQN,36.71,36.89,36.89,0.18,0.49,119749,4417540,47.6,30.42
ELIN,ELINEQN,90.96,91.41,91.41,0.45,0.49,202,18464,234.0,90.5
RRECL,RRECLEQN,133.8,134.46,134.46,0.66,0.49,1,134,151.99,125.58
ONMOBILE,ONMOBILEBEN,47.0,47.23,47.23,0.23,0.49,954,45057,84.0,40.21
LTF,LTFEQN,309.1,310.6,310.6,1.5,0.49,4036,1253581,338.6,232.25
SURAJEST,SURAJESTEQN,174.59,175.42,175.42,0.83,0.48,442,77535,319.0,166.25
SAMMAANCAP,SAMMAANCAPEQN,147.3,148.0,148.0,0.7,0.48,13243,1959964,192.95,129.0
JAIBALAJI,JAIBALAJIEQN,65.07,65.38,65.38,0.31,0.48,956,62503,108.0,53.65
BOMDYEING,BOMDYEINGEQN,111.27,111.8,111.8,0.53,0.48,489,54670,195.45,92.0
ANGELONE,ANGELONEEQN,305.0,306.45,306.45,1.45,0.48,116791,35790601,360.45,208.63
DIXON,DIXONEQN,13425.0,13490.0,13490.0,65.0,0.48,1539,20761110,18471.0,9600.0
IRBINVIT,IRBINVITIVN,64.16,64.47,64.47,0.31,0.48,10613,684220,65.0,57.05
GNRL,GNRLEQN,104.29,104.79,104.79,0.5,0.48,578,60568,120.9,83.2
POWERICA,POWERICAEQN,569.35,572.1,572.1,2.75,0.48,1334,763181,676.95,365.1
VTMLTD,VTMLTDEQN,48.42,48.65,48.65,0.23,0.48,500,24325,61.9,44.5
MANINFRA,MANINFRAEQN,126.87,127.48,127.48,0.61,0.48,3680,469126,160.39,77.12
AIRAN,AIRANEQN,17.13,17.21,17.21,0.08,0.47,1546,26606,27.49,12.63
GODIGIT,GODIGITEQN,256.2,257.4,257.4,1.2,0.47,307,79021,381.4,244.2
MEDANTA,MEDANTAEQN,1447.2,1454.0,1454.0,6.8,0.47,141,205014,1544.0,956.0
GODREJAGRO,GODREJAGROEQN,675.85,679.05,679.05,3.2,0.47,690,468544,746.45,506.1
INDIANHUME,INDIANHUMEEQN,369.55,371.3,371.3,1.75,0.47,39,14480,432.0,279.8
ASTRAMICRO,ASTRAMICROEQN,1680.6,1688.5,1688.5,7.9,0.47,1165,1967102,1960.0,851.0
TARIL,TARILEQN,288.5,289.85,289.85,1.35,0.47,4520,1310122,552.0,224.05
ADSL,ADSLEQN,100.21,100.68,100.68,0.47,0.47,443,44601,209.53,86.27
TARC,TARCEQN,131.39,132.0,132.0,0.61,0.46,1033,136356,186.3,109.1
KPEL,KPELEQN,214.91,215.9,215.9,0.99,0.46,1255,270954,463.25,213.82
MSTCLTD,MSTCLTDEQN,738.55,741.95,741.95,3.4,0.46,600,445170,805.0,362.15
ASHOKLEY,ASHOKLEYEQN,163.75,164.5,164.5,0.75,0.46,56995,9375677,215.42,132.26
ZFCVINDIA,ZFCVINDIAEQN,2548.2,2560.0,2560.0,11.8,0.46,171,437760,3044.0,2050.33
UNIINFO,UNIINFOEQN,10.94,10.99,10.99,0.05,0.46,87,956,18.98,9.36
KNACK,KNACKEQN,183.27,184.11,184.11,0.84,0.46,358,65911,222.0,180.33
UYFINCORP,UYFINCORPBEN,19.74,19.83,19.83,0.09,0.46,730,14475,22.34,11.5
TRAVELFOOD,TRAVELFOODEQN,1253.6,1259.3,1259.3,5.7,0.45,272,342529,1470.9,1035.3
EVERESTIND,EVERESTINDBEN,408.0,409.85,409.85,1.85,0.45,330,135250,750.0,284.9
ANANTRAJ,ANANTRAJEQN,598.35,601.05,601.05,2.7,0.45,7740,4652127,743.65,403.0
AUTOIND,AUTOINDEQN,82.83,83.2,83.2,0.37,0.45,84,6988,104.0,48.35
CHENNPETRO,CHENNPETROEQN,1572.9,1580.0,1580.0,7.1,0.45,5481,8659980,1677.5,716.8
MENONBE,MENONBEBEN,297.5,298.85,298.85,1.35,0.45,192,57379,324.0,101.5
VISL,VISLEQN,33.34,33.49,33.49,0.15,0.45,70673,2366838,44.78,19.06
ITC,ITCEQN,259.85,261.0,261.0,1.15,0.44,62068,16199748,426.4,255.5
SWELECTES,SWELECTESEQN,567.4,569.9,569.9,2.5,0.44,147,83775,977.0,483.1
MAYURUNIQ,MAYURUNIQEQN,740.05,743.3,743.3,3.25,0.44,165,122644,907.0,471.2
MOIL,MOILEQN,244.93,246.0,246.0,1.07,0.44,2890,710940,404.9,242.35
KDDL,KDDLEQN,3881.9,3898.9,3898.9,17.0,0.44,54,210540,4155.5,1990.0
VAIBHAVGBL,VAIBHAVGBLEQN,212.58,213.52,213.52,0.94,0.44,709,151385,293.25,174.13
KOKUYOCMLN,KOKUYOCMLNEQN,77.91,78.25,78.25,0.34,0.44,102,7981,117.93,71.05
KRSNAA,KRSNAAEQN,550.05,552.45,552.45,2.4,0.44,160,88392,894.4,515.0
ANURAS,ANURASEQN,1219.4,1224.8,1224.8,5.4,0.44,85,104108,1415.0,1045.2
VEEDOL,VEEDOLEQN,1428.5,1434.8,1434.8,6.3,0.44,62,88957,2035.0,1238.2
NEAGI,NEAGIEQN,3435.0,3450.0,3450.0,15.0,0.44,1,3450,3600.0,3001.0
EDELWEISS,EDELWEISSEQN,132.43,133.0,133.0,0.57,0.43,17753,2361149,140.9,98.0
LIKHITHA,LIKHITHAEQN,217.07,218.0,218.0,0.93,0.43,25,5450,272.0,131.45
SOUTHBANK,SOUTHBANKEQN,46.18,46.38,46.38,0.2,0.43,34066,1579981,49.9,28.5
SEIL,SEILEQN,192.68,193.5,193.5,0.82,0.43,527,101974,239.96,172.9
LGHL,LGHLEQN,183.99,184.78,184.78,0.79,0.43,2,369,399.58,168.0
ZENTEC,ZENTECEQN,1722.6,1730.0,1730.0,7.4,0.43,1679,2904670,2043.7,1223.0
NACLIND,NACLINDEQN,157.62,158.29,158.29,0.67,0.43,1045,165413,245.0,112.62
CESC,CESCEQN,145.37,146.0,146.0,0.63,0.43,4713,688098,204.5,138.12
ANTHEM,ANTHEMEQN,940.9,944.95,944.95,4.05,0.43,751,709657,977.55,579.15
AUGMONT,AUGMONTEQN,886.15,889.95,889.95,3.8,0.43,1455,1294877,1019.8,851.0
PSPPROJECT,PSPPROJECTEQN,846.4,850.0,850.0,3.6,0.43,323,274550,1143.0,569.2
MUFIN,MUFINEQN,134.76,135.33,135.33,0.57,0.42,1621,219369,141.5,85.13
LANDMARK,LANDMARKEQN,487.95,490.0,490.0,2.05,0.42,101,49490,662.8,339.5
BODALCHEM,BODALCHEMEQN,172.4,173.12,173.12,0.72,0.42,20641,3573369,189.68,42.81
IPCALAB,IPCALABEQN,1968.5,1976.7,1976.7,8.2,0.42,275,543592,2001.5,1251.6
MANORG,MANORGEQN,466.45,468.4,468.4,1.95,0.42,92,43092,635.0,356.25
NBCC,NBCCEQN,82.9,83.25,83.25,0.35,0.42,16030,1334497,125.85,77.18
AMBALALSA,AMBALALSABEN,40.33,40.5,40.5,0.17,0.42,84,3402,49.98,30.15
AUTOAXLES,AUTOAXLESEQN,1678.0,1685.0,1685.0,7.0,0.42,1,1685,2115.0,1540.2
STEELXIND,STEELXINDEQN,12.14,12.19,12.19,0.05,0.41,24621,300129,13.95,7.0
ULTRACEMCO,ULTRACEMCOEQN,11000.0,11045.0,11045.0,45.0,0.41,2071,22874195,13110.0,10325.0
LTFOODS,LTFOODSEQN,438.1,439.9,439.9,1.8,0.41,1149,505445,490.7,333.15
BANCOINDIA,BANCOINDIAEQN,615.0,617.55,617.55,2.55,0.41,200,123510,879.8,502.0
JYOTICNC,JYOTICNCEQN,985.0,989.0,989.0,4.0,0.41,1549,1531961,1058.85,580.1
BAJAJFINSV,BAJAJFINSVEQN,1913.5,1921.4,1921.4,7.9,0.41,3161,6073545,2195.0,1597.0
PRECOT,PRECOTEQN,658.3,661.0,661.0,2.7,0.41,151,99811,899.0,300.05
IOLCP,IOLCPEQN,194.31,195.11,195.11,0.8,0.41,20156,3932637,219.04,67.19
AIAENG,AIAENGEQN,4096.6,4113.5,4113.5,16.9,0.41,44,180994,5180.0,3002.0
IDFCFIRSTB,IDFCFIRSTBEQN,86.21,86.56,86.56,0.35,0.41,87613,7583781,88.76,58.08
OSIAHYPER,OSIAHYPERBEN,2.44,2.45,2.45,0.01,0.41,1013,2481,33.08,2.35
NIRLON,NIRLONEQN,607.5,610.0,610.0,2.5,0.41,6,3660,657.0,516.03
SAPPL,SAPPLEQN,290.8,292.0,292.0,1.2,0.41,1,292,334.3,252.0
CLSEL,CLSELEQN,296.5,297.7,297.7,1.2,0.4,76,22625,324.8,203.75
SALASAR,SALASAREQN,5.05,5.07,5.07,0.02,0.4,27174,137772,10.99,4.73
MRF,MRFEQN,128290.0,128800.0,128800.0,510.0,0.4,20,2576000,163600.0,122000.0
ASHOKA,ASHOKAEQN,113.86,114.32,114.32,0.46,0.4,2012,230011,214.5,101.0
ETHOSLTD,ETHOSLTDEQN,2635.4,2646.0,2646.0,10.6,0.4,35,92610,3245.9,1919.4
DLINKINDIA,DLINKINDIAEQN,434.25,436.0,436.0,1.75,0.4,59,25724,549.2,367.65
LLOYDSENGG,LLOYDSENGGEQN,82.76,83.09,83.09,0.33,0.4,15900,1321131,99.75,37.4
SHEMAROO,SHEMAROOBEN,120.57,121.05,121.05,0.48,0.4,120,14526,143.0,73.0
SAMBHV,SAMBHVEQN,131.08,131.6,131.6,0.52,0.4,3083,405722,141.32,81.42
ABDL,ABDLEQN,632.5,635.0,635.0,2.5,0.4,1369,869315,711.7,382.1
HBLENGINE,HBLENGINEEQN,722.2,725.0,725.0,2.8,0.39,3089,2239525,1122.0,613.0
KROSS,KROSSEQN,239.07,240.0,240.0,0.93,0.39,7580,1819200,240.8,150.52
ENGINERSIN,ENGINERSINEQN,268.95,270.0,270.0,1.05,0.39,10609,2864430,289.65,163.55
DAMCAPITAL,DAMCAPITALEQN,142.43,142.98,142.98,0.55,0.39,619,88504,286.0,119.22
GOACARBON,GOACARBONEQN,413.4,415.0,415.0,1.6,0.39,262,108730,494.9,272.85
BBTC,BBTCEQN,1423.5,1429.0,1429.0,5.5,0.39,136,194344,2135.0,1314.6
RPGLIFE,RPGLIFEEQN,2698.6,2709.0,2709.0,10.4,0.39,199,539091,3082.0,1733.0
DIVGIITTS,DIVGIITTSEQN,1188.3,1192.9,1192.9,4.6,0.39,236,281524,1329.8,573.7
PRUDENT,PRUDENTEQN,3385.0,3397.9,3397.9,12.9,0.38,33,112130,4105.5,2121.0
SUMICHEM,SUMICHEMEQN,476.4,478.2,478.2,1.8,0.38,241,115246,617.45,362.6
DEVYANI,DEVYANIEQN,137.97,138.5,138.5,0.53,0.38,5349,740836,191.0,91.55
KENNAMET,KENNAMETEQN,4682.4,4700.0,4700.0,17.6,0.38,137,643900,5136.0,2405.2
DHOOTTRANS,DHOOTTRANSEQN,1728.7,1735.3,1735.3,6.6,0.38,28950,50236935,1728.7,1131.0
SOLARWORLD,SOLARWORLDEQN,141.48,142.0,142.0,0.52,0.37,516,73272,388.5,137.31
MANIPALHOS,MANIPALHOSEQN,717.35,720.0,720.0,2.65,0.37,3121,2247120,815.0,625.45
JUSTDIAL,JUSTDIALEQN,665.55,668.0,668.0,2.45,0.37,95,63460,878.6,480.5
ADROITINFO,ADROITINFOEQN,11.02,11.06,11.06,0.04,0.36,3,33,12.2,7.55
LMW,LMWEQN,17727.0,17790.0,17790.0,63.0,0.36,7,124530,20151.0,11920.0
IXIGO,IXIGOEQN,158.63,159.2,159.2,0.57,0.36,1837,292450,339.15,151.27
AVALON,AVALONEQN,2264.5,2272.7,2272.7,8.2,0.36,526,1195440,2424.0,777.3
KELLTONTEC,KELLTONTECEQN,13.77,13.82,13.82,0.05,0.36,15825,218701,27.75,13.0
LINDEINDIA,LINDEINDIAEQN,6227.5,6250.0,6250.0,22.5,0.36,13,81250,8049.0,5673.0
KOTAKBANK,KOTAKBANKEQN,419.0,420.5,420.5,1.5,0.36,171499,72115329,453.2,345.5
PFIZER,PFIZEREQN,4060.2,4075.0,4075.0,14.8,0.36,108,440100,5578.5,4054.0
TATACOMM,TATACOMMEQN,1761.6,1767.9,1767.9,6.3,0.36,865,1529233,2110.0,1322.5
EFCIL,EFCILEQN,185.18,185.85,185.85,0.67,0.36,2969,551788,329.26,171.42
CENTRALBK,CENTRALBKEQN,30.74,30.85,30.85,0.11,0.36,40580,1251893,40.92,29.32
ACSTECH,ACSTECHBEN,58.29,58.5,58.5,0.21,0.36,85,4972,61.5,31.71
NECLIFE,NECLIFEEQN,11.5,11.54,11.54,0.04,0.35,552,6370,22.4,9.3
LOVABLE,LOVABLEEQN,71.73,71.98,71.98,0.25,0.35,201,14467,104.7,55.0
NDL,NDLEQN,2.86,2.87,2.87,0.01,0.35,26508,76077,3.75,1.8
SUNTECK,SUNTECKEQN,288.0,289.0,289.0,1.0,0.35,479,138431,472.5,270.75
SANDUMA,SANDUMAEQN,190.35,191.01,191.01,0.66,0.35,1684,321660,273.0,152.53
PRAKASH,PRAKASHEQN,123.14,123.57,123.57,0.43,0.35,1851,228728,177.0,110.24
PUNJABCHEM,PUNJABCHEMEQN,1065.3,1069.0,1069.0,3.7,0.35,6,6414,1533.9,876.6
REGAAL,REGAALEQN,83.71,84.0,84.0,0.29,0.35,508,42672,111.88,57.27
TVSSRICHAK,TVSSRICHAKEQN,5146.0,5164.0,5164.0,18.0,0.35,5,25820,5760.0,2871.5
KANSAINER,KANSAINEREQN,188.6,189.24,189.24,0.64,0.34,351,66423,264.0,157.91
GARFIBRES,GARFIBRESEQN,795.7,798.4,798.4,2.7,0.34,51,40718,863.4,579.75
ONELIFECAP,ONELIFECAPBEN,32.76,32.87,32.87,0.11,0.34,32,1051,40.1,10.62
KERNEX,KERNEXEQN,1732.1,1738.0,1738.0,5.9,0.34,580,1008040,2580.0,850.0
SAFARI,SAFARIEQN,1544.7,1550.0,1550.0,5.3,0.34,232,359600,2507.1,1363.1
ANUP,ANUPEQN,1664.3,1670.0,1670.0,5.7,0.34,170,283900,2576.0,1422.3
GODREJPROP,GODREJPROPEQN,1748.0,1754.0,1754.0,6.0,0.34,2540,4455160,2352.0,1434.0
JINDALSAW,JINDALSAWEQN,311.95,313.0,313.0,1.05,0.34,3695,1156535,320.0,153.0
ADANIENSOL,ADANIENSOLEQN,1373.0,1377.6,1377.6,4.6,0.34,1980,2727648,1789.0,803.1
NEOGEN,NEOGENEQN,2373.0,2381.0,2381.0,8.0,0.34,331,788111,2483.9,966.7
AWHCL,AWHCLEQN,366.5,367.75,367.75,1.25,0.34,590,216972,616.0,360.0
AVPINFRA,AVPINFRASMN,58.8,59.0,59.0,0.2,0.34,800,47200,189.45,54.5
ASAL,ASALEQN,462.4,463.95,463.95,1.55,0.34,128,59385,654.65,374.5
SHRINGARMS,SHRINGARMSEQN,217.27,218.0,218.0,0.73,0.34,225,49050,266.5,166.0
STYLAMIND,STYLAMINDEQN,3329.9,3341.0,3341.0,11.1,0.33,190,634790,4150.0,1621.0
MOTHERSON,MOTHERSONEQN,164.45,165.0,165.0,0.55,0.33,60659,10008735,173.27,100.2
VIYASH,VIYASHEQN,257.6,258.45,258.45,0.85,0.33,4054,1047756,298.0,178.13
EPIGRAL,EPIGRALEQN,1131.1,1134.8,1134.8,3.7,0.33,32,36313,1808.8,807.0
BIOCON,BIOCONEQN,390.65,391.95,391.95,1.3,0.33,3375,1322831,447.15,337.05
CONSOFINVT,CONSOFINVTBEN,301.5,302.5,302.5,1.0,0.33,30,9075,320.0,152.0
CCHHL,CCHHLEQN,12.37,12.41,12.41,0.04,0.32,12,148,19.5,10.03
INDUSINVIT,INDUSINVITIVN,132.57,133.0,133.0,0.43,0.32,1092,145236,138.0,113.21
SUPRAJIT,SUPRAJITEQN,488.9,490.45,490.45,1.55,0.32,185,90733,559.25,389.95
TTKHLTCARE,TTKHLTCAREEQN,1115.4,1119.0,1119.0,3.6,0.32,3,3357,1247.0,735.0
GNFC,GNFCEQN,562.4,564.2,564.2,1.8,0.32,640,361088,619.0,365.0
RAMCOCEM,RAMCOCEMEQN,866.65,869.4,869.4,2.75,0.32,26,22604,1214.5,838.3
SANGHVIMOV,SANGHVIMOVEQN,426.5,427.85,427.85,1.35,0.32,641,274251,528.0,223.8
BLKASHYAP,BLKASHYAPEQN,53.91,54.08,54.08,0.17,0.32,2001,108214,71.31,40.32
LCCINFOTEC,LCCINFOTECEQN,3.14,3.15,3.15,0.01,0.32,729,2296,5.89,2.88
STUDDS,STUDDSEQN,418.65,420.0,420.0,1.35,0.32,146,61320,600.0,410.0
DHAMPURSUG,DHAMPURSUGEQN,163.59,164.11,164.11,0.52,0.32,2149,352672,199.92,110.0
KAPSTON,KAPSTONEQN,588.2,590.0,590.0,1.8,0.31,156,92040,600.0,159.17
AGARWALEYE,AGARWALEYEEQN,508.4,510.0,510.0,1.6,0.31,225,114750,568.0,401.0
MOTISONS,MOTISONSEQN,15.95,16.0,16.0,0.05,0.31,32498,519968,20.45,10.62
IPL,IPLEQN,133.69,134.1,134.1,0.41,0.31,506,67854,240.25,125.0
THANGAMAYL,THANGAMAYLEQN,5126.0,5142.0,5142.0,16.0,0.31,221,1136382,7430.0,1939.5
CHEMBONDCH,CHEMBONDCHBEN,262.2,263.0,263.0,0.8,0.31,155,40765,290.0,104.85
ORICONENT,ORICONENTEQN,51.39,51.55,51.55,0.16,0.31,59,3041,73.12,48.81
HLVLTD,HLVLTDEQN,6.38,6.4,6.4,0.02,0.31,1289,8249,12.6,5.6
HINDWAREAP,HINDWAREAPEQN,178.4,178.96,178.96,0.56,0.31,170,30423,392.7,170.5
HAL,HALEQN,4905.0,4920.0,4920.0,15.0,0.31,3678,18095760,5149.9,3479.1
63MOONS,63MOONSEQN,908.9,911.7,911.7,2.8,0.31,619,564342,966.0,467.0
OCCLLTD,OCCLLTDBEN,159.41,159.9,159.9,0.49,0.31,101,16149,183.03,75.71
CTE,CTEBEN,41.37,41.5,41.5,0.13,0.31,61,2531,59.93,20.51
SILVERAXIS,SILVERAXISEQN,225.76,226.45,226.45,0.69,0.31,3704,838770,390.01,123.66
DPABHUSHAN,DPABHUSHANEQN,1340.6,1344.8,1344.8,4.2,0.31,51,68584,1670.0,866.1
LLOYDSENT,LLOYDSENTEQN,69.79,70.0,70.0,0.21,0.3,23273,1629110,84.7,40.69
LAURUSLABS,LAURUSLABSEQN,1969.0,1975.0,1975.0,6.0,0.3,6999,13823025,1981.8,823.1
MAHLOG,MAHLOGEQN,397.2,398.4,398.4,1.2,0.3,280,111552,450.0,275.05
MUFTI,MUFTIEQN,72.78,73.0,73.0,0.22,0.3,25,1825,122.0,63.06
SAIL,SAILEQN,179.0,179.53,179.53,0.53,0.3,36589,6568823,209.7,124.0
KIRLOSBROS,KIRLOSBROSEQN,1784.0,1789.3,1789.3,5.3,0.3,86,153879,2189.2,1335.0
SIGIND,SIGINDBEN,70.79,71.0,71.0,0.21,0.3,143,10153,74.99,40.66
CIFL,CIFLEQN,20.2,20.26,20.26,0.06,0.3,31,628,39.69,19.56
SHIPROCKET,SHIPROCKETEQN,133.99,134.39,134.39,0.4,0.3,12342,1658641,156.9,124.0
ABMKNO,ABMKNOEQN,181.45,182.0,182.0,0.55,0.3,49,8918,254.9,180.0
SUPRIYA,SUPRIYAEQN,901.75,904.5,904.5,2.75,0.3,947,856561,1085.0,545.5
HEXATRADEX,HEXATRADEXEQN,155.81,156.26,156.26,0.45,0.29,5,781,194.89,147.26
TALBROAUTO,TALBROAUTOEQN,423.75,425.0,425.0,1.25,0.29,427,181475,451.6,219.9
GMDCLTD,GMDCLTDEQN,575.35,577.0,577.0,1.65,0.29,2169,1251513,771.9,466.4
GRSE,GRSEEQN,2427.5,2434.5,2434.5,7.0,0.29,1272,3096684,3339.0,1963.7
VENUSPIPES,VENUSPIPESEQN,2020.1,2026.0,2026.0,5.9,0.29,1665,3373290,2044.4,890.0
IOC,IOCEQN,135.11,135.5,135.5,0.39,0.29,48390,6556845,188.96,130.22
CHAMBLFERT,CHAMBLFERTEQN,418.8,420.0,420.0,1.2,0.29,2335,980700,559.0,399.75
VOLTAMP,VOLTAMPEQN,11217.0,11250.0,11250.0,33.0,0.29,60,675000,12863.0,6666.0
ORIENTBELL,ORIENTBELLEQN,401.95,403.1,403.1,1.15,0.29,60,24186,434.95,246.55
IIFLCAPS,IIFLCAPSEQN,339.05,340.0,340.0,0.95,0.28,16139,5487260,411.3,240.4
PAGEIND,PAGEINDEQN,35365.0,35465.0,35465.0,100.0,0.28,27,957555,45890.0,29805.0
NCC,NCCEQN,140.94,141.33,141.33,0.39,0.28,5371,759083,222.31,130.0
MANYAVAR,MANYAVAREQN,582.35,584.0,584.0,1.65,0.28,1018,594512,779.0,329.2
GATEWAY,GATEWAYEQN,53.35,53.5,53.5,0.15,0.28,2354,125939,66.25,48.1
ATHERENERG,ATHERENERGEQN,1656.0,1660.7,1660.7,4.7,0.28,10260,17038782,1744.0,529.2
SUMEETINDS,SUMEETINDSEQN,10.77,10.8,10.8,0.03,0.28,105,1134,35.67,10.72
OBEROIRLTY,OBEROIRLTYEQN,1741.1,1746.0,1746.0,4.9,0.28,503,878238,1986.1,1391.2
CMLL,CMLLEQN,474.15,475.5,475.5,1.35,0.28,329,156439,624.4,460.0
VIDYAWIRES,VIDYAWIRESEQN,88.25,88.5,88.5,0.25,0.28,1264,111864,117.35,42.51
SBIFUNDS,SBIFUNDSEQN,544.3,545.8,545.8,1.5,0.28,4338,2367680,624.95,536.5
CAPINVIT,CAPINVITIVN,76.97,77.18,77.18,0.21,0.27,4682,361356,79.99,67.0
JMFINANCIL,JMFINANCILEQN,124.47,124.8,124.8,0.33,0.27,11959,1492483,184.54,112.0
HESTERBIO,HESTERBIOEQN,2264.9,2271.0,2271.0,6.1,0.27,24,54504,2683.6,1239.3
CMSINFO,CMSINFOEQN,224.38,224.98,224.98,0.6,0.27,1603,360642,429.65,223.5
TIMKEN,TIMKENEQN,3302.4,3311.2,3311.2,8.8,0.27,20,66224,3925.0,2800.5
CARYSIL,CARYSILEQN,1161.9,1162.0,1162.0,3.1,0.27,182,211484,1280.9,732.1
BANDHANBNK,BANDHANBNKEQN,176.52,177.0,177.0,0.48,0.27,27114,4799178,220.76,134.25
NORTHARC,NORTHARCEQN,305.1,305.9,305.9,0.8,0.26,1637,500758,334.0,206.0
NRBBEARING,NRBBEARINGEQN,514.65,516.0,516.0,1.35,0.26,1791,924156,519.0,212.55
SAURASHCEM,SAURASHCEMEQN,54.76,54.9,54.9,0.14,0.26,145,7960,116.74,47.65
AWL,AWLEQN,185.02,185.5,185.5,0.48,0.26,4281,794125,282.9,171.19
NYKAA,NYKAAEQN,344.5,345.4,345.4,0.9,0.26,15987,5521909,349.55,227.9
AEROFLEX,AEROFLEXEQN,563.95,565.4,565.4,1.45,0.26,6749,3815884,584.15,158.0
GLAND,GLANDEQN,2922.3,2930.0,2930.0,7.7,0.26,167,489310,3042.0,1573.6
GENUSPOWER,GENUSPOWEREQN,323.1,323.95,323.95,0.85,0.26,1500,485925,363.0,210.4
JIOFIN,JIOFINEQN,229.9,230.5,230.5,0.6,0.26,88444,20386342,321.6,223.3
TRIDENT,TRIDENTEQN,23.39,23.45,23.45,0.06,0.26,18374,430870,30.94,21.98
UJJIVANSFB,UJJIVANSFBEQN,65.54,65.71,65.71,0.17,0.26,50282,3304030,73.94,43.85
TIGERLOGS,TIGERLOGSEQN,27.16,27.23,27.23,0.07,0.26,337,9176,56.69,22.9
VOLTAS,VOLTASEQN,1165.0,1168.0,1168.0,3.0,0.26,568,663424,1582.5,1131.4
IONEXCHANG,IONEXCHANGEQN,445.7,446.85,446.85,1.15,0.26,911,407080,486.0,312.7
LINCOLN,LINCOLNEQN,623.5,625.05,625.05,1.55,0.25,114,71255,770.0,440.0
ORIENTELEC,ORIENTELECEQN,173.56,174.0,174.0,0.44,0.25,1242,216108,217.51,149.05
PGINVIT,PGINVITIVN,101.99,102.24,102.24,0.25,0.25,5943,607612,104.5,86.3
MKPL,MKPLEQN,3.96,3.97,3.97,0.01,0.25,3737,14835,8.85,3.56
IVP,IVPBEN,214.47,215.0,215.0,0.53,0.25,1,215,222.0,110.0
3BBLACKBIO,3BBLACKBIOEQN,1419.9,1423.5,1423.5,3.6,0.25,145,206407,1588.9,1085.0
JHS,JHSEQN,8.43,8.45,8.45,0.02,0.24,1223,10334,13.9,6.26
TVSSCS,TVSSCSEQN,130.49,130.8,130.8,0.31,0.24,2301,300970,146.5,90.32
IRCTC,IRCTCEQN,462.9,464.0,464.0,1.1,0.24,7411,3438704,739.0,462.15
RAJSREESUG,RAJSREESUGEQN,33.13,33.21,33.21,0.08,0.24,5,166,43.2,24.65
VBL,VBLEQN,416.5,417.5,417.5,1.0,0.24,25658,10712215,555.8,381.0
TEJASNET,TEJASNETEQN,552.65,554.0,554.0,1.35,0.24,6629,3672466,644.75,294.0
M&M,M&MEQN,3107.0,3114.6,3114.6,7.6,0.24,22156,69007077,3839.9,2896.0
INDOFARM,INDOFARMEQN,141.66,142.0,142.0,0.34,0.24,1156,164152,271.69,110.7
WEL,WELEQN,72.34,72.51,72.51,0.17,0.24,366,26538,183.53,68.04
MOTILALOFS,MOTILALOFSEQN,1026.5,1029.0,1029.0,2.5,0.24,1251,1287279,1097.1,614.9
HIMATSEIDE,HIMATSEIDEEQN,67.83,67.99,67.99,0.16,0.24,877,59627,134.2,66.63
AUBANK,AUBANKEQN,1058.9,1061.4,1061.4,2.5,0.24,770,817278,1144.1,698.3
GHCL,GHCLEQN,421.15,422.15,422.15,1.0,0.24,112,47280,667.2,416.6
ADVAIT,ADVAITEQN,2065.0,2070.0,2070.0,5.0,0.24,103,213210,2485.0,1351.0
YOGI,YOGIEQN,157.13,157.5,157.5,0.37,0.24,15,2362,180.0,130.01
SUVEN,SUVENEQN,355.55,356.35,356.35,0.8,0.23,139,49532,403.35,124.11
INTELLECT,INTELLECTEQN,682.6,684.15,684.15,1.55,0.23,719,491903,1244.6,595.2
GODREJCP,GODREJCPEQN,865.0,867.0,867.0,2.0,0.23,673,583491,1273.9,855.15
ATMASTCO,ATMASTCOSMN,130.2,130.5,130.5,0.3,0.23,800,104400,229.9,98.0
CEATLTD,CEATLTDEQN,3278.5,3285.9,3285.9,7.4,0.23,81,266157,4438.0,3061.2
MVGJL,MVGJLEQN,197.37,197.8,197.8,0.43,0.22,2600,514280,233.99,129.1
FIEMIND,FIEMINDEQN,2009.5,2013.9,2013.9,4.4,0.22,388,781393,2674.8,1868.5
RKDL,RKDLEQN,18.06,18.1,18.1,0.04,0.22,18,325,32.48,16.3
JAYSREETEA,JAYSREETEAEQN,92.9,93.1,93.1,0.2,0.22,3,279,112.7,70.55
WABAG,WABAGEQN,2277.9,2283.0,2283.0,5.1,0.22,3788,8648004,2319.0,1033.0
PSB,PSBEQN,22.73,22.78,22.78,0.05,0.22,6906,157318,32.46,20.5
MAGADSUGAR,MAGADSUGAREQN,543.8,545.0,545.0,1.2,0.22,13,7085,634.95,417.0
SHREECEM,SHREECEMEQN,22570.0,22620.0,22620.0,50.0,0.22,11,248820,30285.0,22370.0
NHPC,NHPCEQN,76.38,76.55,76.55,0.17,0.22,44448,3402494,89.22,71.62
RITES,RITESEQN,209.15,209.6,209.6,0.45,0.22,1916,401593,280.9,175.0
HARSHA,HARSHAEQN,445.0,446.0,446.0,1.0,0.22,117,52182,470.95,313.3
FISCHER,FISCHEREQN,35.87,35.95,35.95,0.08,0.22,720,25884,124.7,31.05
SHUKRAPHAR,SHUKRAPHAREQN,53.94,54.06,54.06,0.12,0.22,3714,200778,58.2,40.06
SATIN,SATINEQN,216.68,217.15,217.15,0.47,0.22,90,19543,274.14,135.81
RAMCOIND,RAMCOINDEQN,322.25,322.95,322.95,0.7,0.22,37,11949,398.05,230.65
PRECAM,PRECAMEQN,116.81,117.06,117.06,0.25,0.21,347,40619,238.8,103.98
RAMKY,RAMKYEQN,332.1,332.8,332.8,0.7,0.21,39,12979,705.0,327.05
MATRIMONY,MATRIMONYEQN,514.8,515.9,515.9,1.1,0.21,22,11349,573.0,364.05
TCPLPACK,TCPLPACKEQN,3871.0,3879.3,3879.3,8.3,0.21,7,27155,4410.9,2200.0
GODFRYPHLP,GODFRYPHLPEQN,1927.0,1931.0,1931.0,4.0,0.21,568,1096808,3947.0,1832.1
NELCAST,NELCASTEQN,108.56,108.79,108.79,0.23,0.21,561,61031,173.2,85.98
POLYCAB,POLYCABEQN,8241.0,8258.5,8258.5,17.5,0.21,670,5533195,10126.0,6663.0
MIDHANI,MIDHANIEQN,447.4,448.35,448.35,0.95,0.21,2657,1191265,482.4,266.65
AMEYA,AMEYASMN,121.0,121.25,121.25,0.25,0.21,2000,242500,128.45,86.0
VEDAVAAG,VEDAVAAGEQN,23.38,23.43,23.43,0.05,0.21,439,10285,25.69,16.98
HALDYNGL,HALDYNGLBEN,145.7,146.0,146.0,0.3,0.21,175,25550,149.45,85.0
PILANIINVS,PILANIINVSEQN,4191.6,4200.0,4200.0,8.4,0.2,15,63000,5980.0,4021.3
ATULAUTO,ATULAUTOEQN,445.6,446.5,446.5,0.9,0.2,446,199139,596.55,380.05
GESHIP,GESHIPEQN,1412.2,1415.0,1415.0,2.8,0.2,2588,3662020,1798.0,971.1
GPIL,GPILEQN,244.45,244.95,244.95,0.5,0.2,682,167055,320.0,221.21
KFINTECH,KFINTECHEQN,900.0,901.8,901.8,1.8,0.2,1172,1056909,1215.0,784.95
PARACABLES,PARACABLESEQN,64.87,65.0,65.0,0.13,0.2,6915,449475,75.7,28.3
NATCOPHARM,NATCOPHARMEQN,815.35,816.95,816.95,1.6,0.2,1593,1301401,1226.8,789.0
HATHWAY,HATHWAYEQN,10.23,10.25,10.25,0.02,0.2,10845,111161,15.25,8.76
CUPID,CUPIDEQN,280.0,280.55,280.55,0.55,0.2,47551,13340433,299.0,38.2
ANANTAM,ANANTAMIVN,107.69,107.9,107.9,0.21,0.2,797,85996,117.0,100.1
FRACTAL,FRACTALEQN,764.45,765.95,765.95,1.5,0.2,1365,1045521,1118.0,733.7
SILVERBETA,SILVERBETAEQN,218.53,218.97,218.97,0.44,0.2,842,184372,379.66,120.72
SALZERELEC,SALZERELECEQN,550.55,551.6,551.6,1.05,0.19,53,29234,952.5,488.8
BAJAJELEC,BAJAJELECEQN,335.3,335.95,335.95,0.65,0.19,290,97425,653.8,301.0
DCW,DCWEQN,46.63,46.72,46.72,0.09,0.19,3507,163847,76.35,37.11
AMBUJACEM,AMBUJACEMEQN,391.85,392.6,392.6,0.75,0.19,3135,1230801,600.8,387.65
MOREPENLAB,MOREPENLABEQN,115.78,116.0,116.0,0.22,0.19,39590,4592440,122.55,33.05
BATAINDIA,BATAINDIAEQN,648.65,649.9,649.9,1.25,0.19,223,144927,1282.5,605.0
DOMS,DOMSEQN,2121.0,2125.1,2125.1,4.1,0.19,64,136006,2755.0,2023.9
PARAGMILK,PARAGMILKEQN,268.5,269.0,269.0,0.5,0.19,5556,1494564,376.95,177.84
SWANDEF,SWANDEFBEN,2727.9,2733.0,2733.0,5.1,0.19,67,183111,2750.0,549.6
BAJAJHFL,BAJAJHFLEQN,84.11,84.26,84.26,0.15,0.18,32083,2703313,117.0,72.65
EPACK,EPACKEQN,185.15,185.49,185.49,0.34,0.18,2227,413086,394.05,184.0
SAILIFE,SAILIFEEQN,1585.0,1587.9,1587.9,2.9,0.18,3912,6211864,1697.0,783.85
HINDPETRO,HINDPETROEQN,352.0,352.65,352.65,0.65,0.18,37189,13114700,508.45,316.2
SENORES,SENORESEQN,1467.3,1470.0,1470.0,2.7,0.18,393,577710,1599.0,662.45
CAMLINFINE,CAMLINFINEEQN,101.68,101.86,101.86,0.18,0.18,628,63968,235.0,96.21
TARSONS,TARSONSEQN,311.2,311.75,311.75,0.55,0.18,979,305203,375.0,164.45
LICHSGFIN,LICHSGFINEQN,562.9,563.9,563.9,1.0,0.18,8823,4975289,598.2,458.9
TFCILTD,TFCILTDEQN,141.49,141.75,141.75,0.26,0.18,7390,1047532,147.65,51.0
MARKSANS,MARKSANSEQN,329.4,330.0,330.0,0.6,0.18,5465,1803450,349.95,155.0
MAHEPC,MAHEPCEQN,101.82,102.0,102.0,0.18,0.18,2,204,160.8,91.91
VIPIND,VIPINDEQN,300.1,300.6,300.6,0.5,0.17,459,137975,454.3,278.25
EXPLEOSOL,EXPLEOSOLEQN,889.5,891.0,891.0,1.5,0.17,318,283338,1175.1,640.0
CLEAN,CLEANEQN,842.05,843.45,843.45,1.4,0.17,882,743922,1212.0,652.0
GICRE,GICREEQN,349.4,350.0,350.0,0.6,0.17,1194,417900,417.95,340.7
POONAWALLA,POONAWALLAEQN,445.25,446.0,446.0,0.75,0.17,1288,574448,570.4,361.2
SUNDARMFIN,SUNDARMFINEQN,4710.7,4718.9,4718.9,8.2,0.17,42,198193,5642.0,4000.0
INNOVISION,INNOVISIONEQN,260.35,260.8,260.8,0.45,0.17,240,62592,470.0,246.2
KRISHIVAL,KRISHIVALEQN,419.95,420.65,420.65,0.7,0.17,48,20191,483.81,282.3
SILVER360,SILVER360EQN,223.61,223.98,223.98,0.37,0.17,30,6719,358.0,122.63
TEXRAIL,TEXRAILEQN,117.81,118.0,118.0,0.19,0.16,7851,926418,153.0,78.05
APLAPOLLO,APLAPOLLOEQN,2153.5,2157.0,2157.0,3.5,0.16,544,1173408,2301.4,1653.3
NUVAMA,NUVAMAEQN,1737.2,1740.0,1740.0,2.8,0.16,898,1562520,2066.0,1096.9
TREEHOUSE,TREEHOUSEEQN,6.14,6.15,6.15,0.01,0.16,916,5633,11.0,5.52
RUCHIRA,RUCHIRAEQN,108.83,109.0,109.0,0.17,0.16,31,3379,173.0,95.17
ALLTIME,ALLTIMEEQN,221.15,221.5,221.5,0.35,0.16,168,37212,314.7,186.0
GUJENERGY,GUJENERGYEQN,241.59,241.98,241.98,0.39,0.16,3456,836282,452.0,240.36
SURAKSHA,SURAKSHAEQN,323.75,323.75,323.75,0.5,0.15,93,30108,349.0,224.1
ANUHPHR,ANUHPHREQN,94.86,95.0,95.0,0.14,0.15,3777,358815,99.5,67.0
PDMJEPAPER,PDMJEPAPEREQN,97.7,97.85,97.85,0.15,0.15,1021,99904,132.96,65.0
WELSPUNLIV,WELSPUNLIVEQN,207.68,208.0,208.0,0.32,0.15,3624,753792,216.0,107.1
RML,RMLEQN,1360.0,1362.1,1362.1,2.1,0.15,64,87174,1440.0,608.5
PRIVISCL,PRIVISCLEQN,3556.1,3561.4,3561.4,5.3,0.15,92,327648,3785.3,2299.8
INOXINDIA,INOXINDIAEQN,2246.6,2250.0,2250.0,3.4,0.15,265,596250,2339.5,1068.2
KSOLVES,KSOLVESEQN,258.1,258.5,258.5,0.4,0.15,55,14217,353.99,245.75
HINDOILEXP,HINDOILEXPEQN,185.22,185.5,185.5,0.28,0.15,1785,331117,201.44,117.5
NILAINFRA,NILAINFRAEQN,6.64,6.65,6.65,0.01,0.15,1962,13047,11.55,5.9
ELPROINTL,ELPROINTLEQN,173.24,173.5,173.5,0.26,0.15,57,9889,180.89,86.0
APCOTEXIND,APCOTEXINDEQN,601.15,602.05,602.05,0.9,0.15,122,73450,712.0,310.45
INFOBEAN,INFOBEANEQN,154.01,154.22,154.22,0.21,0.14,1614,248911,257.5,116.5
HEXT,HEXTEQN,497.05,497.75,497.75,0.7,0.14,1314,654043,807.75,400.2
PODDARMENT,PODDARMENTEQN,279.85,280.25,280.25,0.4,0.14,32,8968,333.4,201.1
IGARASHI,IGARASHIEQN,414.3,414.9,414.9,0.6,0.14,155,64309,558.0,271.05
KIMS,KIMSEQN,768.95,770.0,770.0,1.05,0.14,314,241780,858.0,575.8
FINPIPE,FINPIPEEQN,153.45,153.67,153.67,0.22,0.14,1215,186709,222.5,147.54
ACCELYA,ACCELYAEQN,1118.4,1120.0,1120.0,1.6,0.14,42,47040,1527.0,1012.4
SUPREMEIND,SUPREMEINDEQN,3364.4,3369.0,3369.0,4.6,0.14,338,1138722,4632.0,3140.0
MPSLTD,MPSLTDEQN,2608.5,2612.1,2612.1,3.6,0.14,70,182847,2979.0,1336.1
SCODATUBES,SCODATUBESEQN,129.82,130.0,130.0,0.18,0.14,1094,142220,185.07,110.0
SCI,SCIEQN,280.6,281.0,281.0,0.4,0.14,6042,1697802,368.75,195.55
HUDCO,HUDCOEQN,172.76,173.0,173.0,0.24,0.14,4691,811543,246.85,159.0
LANCORHOL,LANCORHOLBEN,36.95,37.0,37.0,0.05,0.14,250,9250,41.75,18.12
CEMPRO,CEMPROEQN,1244.3,1246.0,1246.0,1.7,0.14,372,463512,1649.2,503.3
CONCOR,CONCOREQN,499.25,499.95,499.95,0.7,0.14,612,305969,569.8,421.45
KSL,KSLEQN,968.75,970.0,970.0,1.25,0.13,96,93120,992.6,574.0
BIRLAMONEY,BIRLAMONEYEQN,121.19,121.35,121.35,0.16,0.13,509,61767,188.85,95.0
JSFB,JSFBEQN,516.85,517.5,517.5,0.65,0.13,292,151110,606.95,330.0
SOLARINDS,SOLARINDSEQN,22290.0,22320.0,22320.0,30.0,0.13,9179,204875280,22625.0,11646.0
SJS,SJSEQN,2354.0,2357.1,2357.1,3.1,0.13,445,1048909,2590.0,1372.2
BAJAJ-AUTO,BAJAJ-AUTOEQN,11678.0,11693.0,11693.0,15.0,0.13,890,10406770,12470.0,8491.5
MAPMYINDIA,MAPMYINDIAEQN,925.8,927.0,927.0,1.2,0.13,284,263268,1998.0,795.0
SINDHUTRAD,SINDHUTRADEQN,23.99,24.02,24.02,0.03,0.13,221,5308,32.74,17.64
VINYLINDIA,VINYLINDIAEQN,219.93,220.21,220.21,0.28,0.13,20,4404,310.95,161.0
DMART,DMARTEQN,3688.0,3692.9,3692.9,4.9,0.13,1450,5354705,4818.0,3529.0
HDBFS,HDBFSEQN,669.2,670.05,670.05,0.85,0.13,909,609075,801.1,555.3
GOLDBND,GOLDBNDEQN,151.29,151.48,151.48,0.19,0.13,3,454,180.16,115.17
DIGIDRIVE,DIGIDRIVEEQN,17.15,17.17,17.17,0.02,0.12,15,257,34.37,16.1
SHREEPUSHK,SHREEPUSHKEQN,486.9,487.5,487.5,0.6,0.12,144,70200,545.2,272.45
DENTA,DENTAEQN,287.75,288.1,288.1,0.35,0.12,892,256985,479.6,222.0
ELECON,ELECONEQN,422.1,422.6,422.6,0.5,0.12,218,92126,634.9,352.0
BVCL,BVCLEQN,42.05,42.1,42.1,0.05,0.12,25,1052,62.0,31.2
ATL,ATLEQN,25.18,25.21,25.21,0.03,0.12,180,4537,37.86,18.2
TIRUPATIFL,TIRUPATIFLBEN,69.12,69.2,69.2,0.08,0.12,1311,90721,83.9,30.11
IMFA,IMFAEQN,1243.5,1245.0,1245.0,1.5,0.12,328,408360,1679.9,1003.85
VIKRAMSOLR,VIKRAMSOLREQN,166.86,167.06,167.06,0.2,0.12,8081,1350011,382.0,155.38
LAHOTIOV,LAHOTIOVEQN,40.55,40.6,40.6,0.05,0.12,500,20300,53.9,34.06
SHIVALIK,SHIVALIKEQN,362.05,362.5,362.5,0.45,0.12,100,36250,496.0,206.4
DCI,DCIEQN,271.7,272.0,272.0,0.3,0.11,3061,832592,475.0,208.98
SNOWMAN,SNOWMANEQN,35.91,35.95,35.95,0.04,0.11,1584,56944,59.8,30.5
INDIASHLTR,INDIASHLTREQN,652.25,653.0,653.0,0.75,0.11,5,3265,924.0,620.15
SPORTKING,SPORTKINGEQN,214.77,215.0,215.0,0.23,0.11,1056,227040,241.51,78.17
MODTHREAD,MODTHREADEQN,52.92,52.98,52.98,0.06,0.11,1,52,65.65,35.61
DEEPAKFERT,DEEPAKFERTEQN,1320.4,1321.8,1321.8,1.4,0.11,807,1066692,1681.0,866.4
SUTLEJTEX,SUTLEJTEXBEN,39.27,39.31,39.31,0.04,0.1,501,19694,42.93,24.0
PARAS,PARASEQN,1435.6,1437.0,1437.0,1.4,0.1,2151,3090987,1585.0,580.5
JBMA,JBMAEQN,620.3,620.95,620.95,0.65,0.1,1025,636473,790.0,477.0
AMBIKCO,AMBIKCOEQN,1593.1,1594.7,1594.7,1.6,0.1,51,81329,1931.0,1101.0
BLUESTARCO,BLUESTARCOEQN,1558.0,1559.5,1559.5,1.5,0.1,1031,1607844,2032.9,1432.3
VLEGOV,VLEGOVEQN,10.24,10.25,10.25,0.01,0.1,416,4264,38.9,8.42
OSWALGREEN,OSWALGREENEQN,20.01,20.03,20.03,0.02,0.1,2120,42463,43.79,19.5
RECLTD,RECLTDEQN,312.7,313.0,313.0,0.3,0.1,18146,5679698,390.5,304.05
SOLEX,SOLEXEQN,698.6,698.75,698.75,0.7,0.1,191,133461,1985.0,651.2
SIMPLEXINF,SIMPLEXINFEQN,255.1,255.35,255.35,0.25,0.1,37,9447,330.0,137.0
KECL,KECLEQN,124.21,124.34,124.34,0.13,0.1,611,75971,155.0,75.47
BATLIBOI,BATLIBOIEQN,85.91,86.0,86.0,0.09,0.1,500,43000,106.5,71.21
GALLANTT,GALLANTTEQN,546.4,546.9,546.9,0.5,0.09,126,68909,948.0,496.25
VERANDA,VERANDAEQN,225.24,225.45,225.45,0.21,0.09,2117,477277,272.5,130.02
RPOWER,RPOWEREQN,21.58,21.6,21.6,0.02,0.09,129041,2787285,50.73,20.17
MFSL,MFSLEQN,1477.0,1478.4,1478.4,1.4,0.09,60,88704,1892.5,1433.6
CHOICEIN,CHOICEINEQN,759.8,760.5,760.5,0.7,0.09,1870,1422135,860.5,568.7
NIBL,NIBLEQN,33.23,33.26,33.26,0.03,0.09,2112,70245,40.8,25.3
360ONE,360ONEEQN,1091.0,1092.0,1092.0,1.0,0.09,2189,2390388,1236.2,906.05
GOCOLORS,GOCOLORSEQN,324.75,325.05,325.05,0.3,0.09,103,33480,746.0,237.05
RATEGAIN,RATEGAINEQN,878.25,879.0,879.0,0.75,0.09,384,337536,1050.0,437.0
POLICYBZR,POLICYBZREQN,1797.3,1799.0,1799.0,1.7,0.09,1075,1933925,1964.2,1364.0
RANEHOLDIN,RANEHOLDINEQN,1696.2,1697.7,1697.7,1.5,0.09,9,15279,1894.5,981.0
ZYDUSLIFE,ZYDUSLIFEEQN,1119.1,1120.1,1120.1,1.0,0.09,1245,1394524,1205.0,835.5
SIYSIL,SIYSILEQN,535.15,535.65,535.65,0.5,0.09,59,31603,848.8,433.35
BALAJITELE,BALAJITELEEQN,90.63,90.71,90.71,0.08,0.09,59,5351,141.32,69.52
ATUL,ATULEQN,6244.5,6250.0,6250.0,5.5,0.09,17,106250,7180.0,5560.5
ARVINDFASN,ARVINDFASNEQN,446.5,446.9,446.9,0.4,0.09,816,364670,579.0,366.2
METROPOLIS,METROPOLISEQN,585.5,586.0,586.0,0.5,0.09,595,348670,609.05,412.25
FUSION,FUSIONEQN,189.72,189.9,189.9,0.18,0.09,409,77669,243.0,136.5
HAPPYFORGE,HAPPYFORGEEQN,2169.0,2171.0,2171.0,2.0,0.09,108,234468,2470.0,888.75
ZUARIIND,ZUARIINDEQN,273.15,273.4,273.4,0.25,0.09,1,273,416.0,210.0
PREMIERPOL,PREMIERPOLEQN,85.91,85.99,85.99,0.08,0.09,928,79798,98.8,38.0
DEVX,DEVXEQN,34.05,34.08,34.08,0.03,0.09,235,8008,64.05,29.95
ADVENTHTL,ADVENTHTLEQN,128.56,128.67,128.67,0.11,0.09,218,28050,345.05,120.02
SAPPHIRE,SAPPHIREEQN,225.74,225.95,225.95,0.21,0.09,974,220075,336.7,139.91
CHOLAHLDNG,CHOLAHLDNGEQN,1528.6,1530.0,1530.0,1.4,0.09,176,269280,2064.0,1305.0
BI,BIBEN,92.92,93.0,93.0,0.08,0.09,100,9300,111.51,51.62
UPL,UPLEQN,572.95,573.4,573.4,0.45,0.08,1524,873861,812.2,557.95
INDIANB,INDIANBEQN,853.5,854.2,854.2,0.7,0.08,4004,3420216,1000.9,690.45
TBOTEK,TBOTEKEQN,1679.5,1680.8,1680.8,1.3,0.08,101,169760,1764.8,1004.2
TGVSL,TGVSLEQN,105.91,105.99,105.99,0.08,0.08,669,70907,114.24,102.5
KPRMILL,KPRMILLEQN,1109.1,1110.0,1110.0,0.9,0.08,214,237540,1334.0,796.1
PRECWIRE,PRECWIREEQN,462.55,462.9,462.9,0.35,0.08,939,434663,524.9,179.05
MUKANDLTD,MUKANDLTDEQN,139.48,139.59,139.59,0.11,0.08,351,48996,154.25,114.31
SWARAJENG,SWARAJENGEQN,3576.0,3579.0,3579.0,3.0,0.08,16,57264,4545.0,3301.3
BDL,BDLEQN,1190.0,1191.0,1191.0,1.0,0.08,3637,4331667,1654.0,1086.0
SYNGENE,SYNGENEEQN,382.65,382.95,382.95,0.3,0.08,872,333932,678.95,375.25
REMSONSIND,REMSONSINDEQN,96.32,96.4,96.4,0.08,0.08,2998,289007,152.45,75.23
ADANIGREEN,ADANIGREENEQN,1281.3,1282.3,1282.3,1.0,0.08,3855,4943266,1631.5,765.0
PAUSHAKLTD,PAUSHAKLTDEQN,729.6,730.15,730.15,0.55,0.08,168,122665,826.75,342.5
DRAGARWQ,DRAGARWQEQN,5306.5,5311.0,5311.0,4.5,0.08,2,10622,6059.7,4600.0
MARKOLINES,MARKOLINESEQN,170.86,171.0,171.0,0.14,0.08,31,5301,191.75,131.65
ZOTA,ZOTAEQN,1087.2,1088.0,1088.0,0.8,0.07,155,168640,1740.0,1022.0
PAVNAIND,PAVNAINDEQN,14.88,14.89,14.89,0.01,0.07,191,2843,43.8,14.11
SHANKARA,SHANKARAEQN,148.29,148.4,148.4,0.11,0.07,200,29680,1048.6,98.25
PLATIND,PLATINDEQN,221.05,221.2,221.2,0.15,0.07,15,3318,342.4,183.5
KPIL,KPILEQN,1435.7,1436.7,1436.7,1.0,0.07,655,941038,1479.6,1007.1
FACT,FACTEQN,779.6,780.15,780.15,0.55,0.07,348,271492,1058.6,652.1
EMBDL,EMBDLEQN,55.28,55.32,55.32,0.04,0.07,8421,465849,105.7,39.46
BHARTIHEXA,BHARTIHEXAEQN,1545.0,1546.1,1546.1,1.1,0.07,97,149971,1955.6,1430.0
CAMPUS,CAMPUSEQN,214.36,214.5,214.5,0.14,0.07,410,87945,289.05,210.98
GLENMARK,GLENMARKEQN,2419.2,2420.8,2420.8,1.6,0.07,598,1447638,2537.6,1792.6
XTGLOBAL,XTGLOBALEQN,29.53,29.55,29.55,0.02,0.07,51,1507,46.25,25.2
MANAKSIA,MANAKSIAEQN,70.95,71.0,71.0,0.05,0.07,2893,205403,73.4,42.1
DEEPAKNTR,DEEPAKNTREQN,1587.8,1588.9,1588.9,1.1,0.07,730,1159897,1904.4,1280.0
BORORENEW,BORORENEWEQN,495.65,496.0,496.0,0.35,0.07,1887,935952,721.0,374.4
VIJAYA,VIJAYAEQN,1502.0,1503.0,1503.0,1.0,0.07,253,380259,1578.0,848.0
CARTRADE,CARTRADEEQN,3087.9,3090.0,3090.0,2.1,0.07,955,2950950,3290.5,1600.0
AGL,AGLEQN,15.13,15.14,15.14,0.01,0.07,6996,105919,22.0,12.03
PFS,PFSEQN,27.42,27.44,27.44,0.02,0.07,3407,93488,40.5,23.85
ITI,ITIEQN,262.85,263.0,263.0,0.15,0.06,475,124925,372.85,237.0
WESTLIFE,WESTLIFEEQN,569.6,569.95,569.95,0.35,0.06,2226,1268708,767.2,398.4
DHARMAJ,DHARMAJEQN,269.35,269.5,269.5,0.15,0.06,5,1347,353.0,210.65
SURYAROSNI,SURYAROSNIEQN,214.27,214.4,214.4,0.13,0.06,454,97337,314.5,187.35
STYRENIX,STYRENIXEQN,2113.1,2114.4,2114.4,1.3,0.06,226,477854,2653.8,1780.0
JAYBARMARU,JAYBARMARUEQN,116.58,116.65,116.65,0.07,0.06,420,48993,207.0,74.15
ANANDRATHI,ANANDRATHIEQN,2211.0,2212.4,2212.4,1.4,0.06,358,792039,2255.0,1353.85
BHEL,BHELEQN,431.0,431.25,431.25,0.25,0.06,26020,11221125,446.5,219.42
GRMOVER,GRMOVEREQN,84.45,84.5,84.5,0.05,0.06,1405,118722,185.45,81.95
20MICRONS,20MICRONSEQN,207.86,207.98,207.98,0.12,0.06,310,64473,237.45,129.61
BLSE,BLSEEQN,312.8,313.0,313.0,0.2,0.06,682,213466,331.3,124.3
KOTIC,KOTICEQN,133.82,133.9,133.9,0.08,0.06,1971,263916,223.7,128.85
FRONTSP,FRONTSPEQN,1240.0,1240.0,1240.0,0.7,0.06,903,1119720,1869.0,1231.0
MOSILVER,MOSILVEREQN,224.35,224.48,224.48,0.13,0.06,131,29406,385.0,124.0
VAML,VAMLEQN,421.75,422.0,422.0,0.25,0.06,38868,16402296,537.0,416.25
WAAREEINDO,WAAREEINDOEQN,251.95,252.1,252.1,0.15,0.06,507,127814,725.0,251.0
GOODYEAR,GOODYEAREQN,722.05,722.5,722.5,0.45,0.06,5,3612,876.0,708.6
RADICO,RADICOEQN,4368.1,4370.1,4370.1,2.0,0.05,1073,4689117,4747.0,2500.0
MEDPLUS,MEDPLUSEQN,660.15,660.45,660.45,0.3,0.05,48,31701,1022.2,648.0
NSLNISP,NSLNISPEQN,43.66,43.68,43.68,0.02,0.05,6055,264482,53.75,33.01
HMAAGRO,HMAAGROEQN,20.07,20.08,20.08,0.01,0.05,7768,155981,34.24,19.09
GABRIEL,GABRIELEQN,1346.4,1347.1,1347.1,0.7,0.05,1568,2112252,1600.0,795.7
RVNL,RVNLEQN,204.9,205.0,205.0,0.1,0.05,28008,5741640,400.7,202.04
BAJFINANCE,BAJFINANCEEQN,1034.5,1035.0,1035.0,0.5,0.05,74668,77281380,1176.4,787.9
AGARIND,AGARINDEQN,431.75,431.95,431.95,0.2,0.05,4,1727,1006.0,360.0
NAVA,NAVAEQN,551.85,552.1,552.1,0.25,0.05,126,69564,739.4,501.65
URBANCO,URBANCOEQN,166.89,166.98,166.98,0.09,0.05,12687,2118475,201.18,100.7
AARTISURF,AARTISURFBEN,506.65,506.9,506.9,0.25,0.05,145,73500,677.7,316.0
SILVERIETF,SILVERIETFEQN,226.39,226.5,226.5,0.11,0.05,8313,1882894,373.5,124.06
ARCHIDPLY,ARCHIDPLYEQN,101.96,102.0,102.0,0.04,0.04,1001,102102,124.78,60.0
GEEKAYWIRE,GEEKAYWIREEQN,27.83,27.84,27.84,0.01,0.04,910,25334,39.5,18.51
SANDESH,SANDESHEQN,1014.6,1015.0,1015.0,0.4,0.04,2,2030,1270.0,811.0
PIIND,PIINDEQN,2259.0,2260.0,2260.0,1.0,0.04,1285,2904100,3832.9,2191.0
V2RETAIL,V2RETAILEQN,218.0,218.09,218.09,0.09,0.04,859,187339,259.25,158.99
AADHARHFC,AADHARHFCEQN,456.8,457.0,457.0,0.2,0.04,441,201537,563.0,430.15
ASTRAZEN,ASTRAZENEQN,6764.5,6767.5,6767.5,3.0,0.04,106,717355,9849.5,6750.0
MOTOGENFIN,MOTOGENFINEQN,25.59,25.6,25.6,0.01,0.04,83,2124,34.4,17.5
CAMS,CAMSEQN,711.0,711.3,711.3,0.3,0.04,4790,3407127,844.9,611.4
FEDFINA,FEDFINAEQN,158.53,158.6,158.6,0.07,0.04,751,119108,178.48,119.07
ABCAPITAL,ABCAPITALEQN,395.0,395.15,395.15,0.15,0.04,5175,2044901,430.7,277.7
CRISIL,CRISILEQN,4697.9,4700.0,4700.0,2.1,0.04,43,202100,5115.0,3686.0
GILLETTE,GILLETTEEQN,7307.0,7310.0,7310.0,3.0,0.04,26,190060,10553.0,7206.0
AMAL,AMALEQN,738.7,739.0,739.0,0.3,0.04,15,11085,822.0,730.05
ITDC,ITDCEQN,690.85,688.2,688.2,0.3,0.04,1049,721921,822.0,368.0
EMAMIPAP,EMAMIPAPBEN,116.0,116.05,116.05,0.05,0.04,183,21237,133.7,55.0
KANCOTEA,KANCOTEAEQN,52.29,52.31,52.31,0.02,0.04,10,523,58.7,46.2
IMAGICAA,IMAGICAAEQN,52.33,52.35,52.35,0.02,0.04,679,35545,62.0,36.84
ASTEC,ASTECEQN,699.8,700.0,700.0,0.2,0.03,158,110600,941.75,513.4
EUREKAFORB,EUREKAFORBEQN,394.15,394.25,394.25,0.1,0.03,41,16164,668.3,388.6
MOSCHIP,MOSCHIPEQN,210.29,210.35,210.35,0.06,0.03,12373,2602660,288.45,146.8
PFOCUS,PFOCUSEQN,310.85,310.95,310.95,0.1,0.03,1159,360391,367.0,161.01
EIHOTEL,EIHOTELEQN,286.45,286.55,286.55,0.1,0.03,532,152444,413.95,271.15
PAYTM,PAYTMEQN,1807.5,1808.0,1808.0,0.5,0.03,19563,35369904,1840.0,930.6
HONAUT,HONAUTEQN,34580.0,34590.0,34590.0,10.0,0.03,10,345900,41495.0,26220.0
FORCEMOT,FORCEMOTEQN,17705.0,17710.0,17710.0,5.0,0.03,190,3364900,26450.0,14911.0
ATGL,ATGLEQN,594.8,595.0,595.0,0.2,0.03,2258,1343510,859.85,462.8
STEELCAS,STEELCASEQN,325.25,325.35,325.35,0.1,0.03,131,42620,364.0,176.02
ZFSTEERING,ZFSTEERINGEQN,764.75,765.0,765.0,0.25,0.03,33,25245,894.98,620.65
TARMAT,TARMATEQN,59.6,59.61,59.61,0.01,0.02,3,178,73.9,46.26
GMRAIRPORT,GMRAIRPORTEQN,97.98,98.0,98.0,0.02,0.02,138559,13578782,115.64,84.11
SKMEGGPROD,SKMEGGPRODEQN,241.3,241.35,241.35,0.05,0.02,504,121640,372.0,143.1
HSCL,HSCLEQN,664.9,665.0,665.0,0.1,0.02,3277,2179205,819.5,418.5
TASTYBITE,TASTYBITEEQN,10273.0,10275.0,10275.0,2.0,0.02,4,41100,10544.0,6430.0
JKLAKSHMI,JKLAKSHMIEQN,505.9,506.0,506.0,0.1,0.02,82,41492,927.75,495.2
SSDL,SSDLEQN,62.59,62.6,62.6,0.01,0.02,1315,82319,91.69,46.15
MASFIN,MASFINEQN,295.95,296.0,296.0,0.05,0.02,200,59200,358.85,277.35
RBLBANK,RBLBANKEQN,412.55,412.65,412.65,0.1,0.02,2912,1201636,420.4,261.6
RRKABEL,RRKABELEQN,2424.4,2424.8,2424.8,0.4,0.02,966,2342356,2983.8,1181.6
RAILTEL,RAILTELEQN,259.9,259.95,259.95,0.05,0.02,5006,1301309,412.9,245.0
NLCINDIA,NLCINDIAEQN,264.4,264.45,264.45,0.05,0.02,6234,1648581,387.8,230.0
KPIGREEN,KPIGREENEQN,281.7,281.75,281.75,0.05,0.02,4975,1401706,542.25,281.0
ICICIPRULI,ICICIPRULIEQN,471.5,471.6,471.6,0.1,0.02,475,224010,706.8,455.3
ADOR,ADOREQN,1603.7,1604.0,1604.0,0.3,0.02,51,81804,1766.4,848.0
COSMOFIRST,COSMOFIRSTEQN,874.9,875.05,875.05,0.15,0.02,157,137382,996.0,560.8
VIKRAN,VIKRANEQN,57.08,57.09,57.09,0.01,0.02,4972,283851,118.4,51.1
JNPR,JNPREQN,265.35,265.4,265.4,0.05,0.02,3666,972956,282.0,232.11
EXCELSOFT,EXCELSOFTEQN,81.03,81.05,81.05,0.02,0.02,11666,945529,142.59,66.4
LASERPOWER,LASERPOWEREQN,289.75,289.8,289.8,0.05,0.02,1039,301102,343.5,250.0
GLOBUSSPR,GLOBUSSPREQN,839.75,839.9,839.9,0.15,0.02,163,136903,1252.8,800.05
SIEMENS,SIEMENSEQN,3957.0,3957.4,3957.4,0.4,0.01,244,965605,4149.4,2826.0
DICIND,DICINDEQN,602.1,602.15,602.15,0.05,0.01,1,602,638.95,450.5
BHARATRAS,BHARATRASEQN,1157.9,1158.0,1158.0,0.1,0.01,10,11580,2987.5,1148.1
PROTEAN,PROTEANEQN,492.35,492.4,492.4,0.05,0.01,394,194005,939.8,444.0
PRESTIGE,PRESTIGEEQN,1498.0,1498.2,1498.2,0.2,0.01,983,1472730,1805.2,1090.0
ICICIGI,ICICIGIEQN,1459.8,1460.0,1460.0,0.2,0.01,397,579620,2064.9,1443.7
BHARATSE,BHARATSEEQN,217.47,217.5,217.5,0.03,0.01,184,40020,263.18,133.6
TECHNOE,TECHNOEEQN,972.15,972.25,972.25,0.1,0.01,302,293619,1488.1,870.0
PITTIENG,PITTIENGEQN,1167.9,1168.0,1168.0,0.1,0.01,227,265136,1228.0,675.0
PIXTRANS,PIXTRANSEQN,1722.1,1722.2,1722.2,0.1,0.01,2,3444,2089.0,1252.0
VTL,VTLEQN,566.2,566.25,566.25,0.05,0.01,1125,637031,688.0,385.5
APLLTD,APLLTDEQN,810.95,811.0,811.0,0.05,0.01,99,80289,998.0,635.8
DBREALTY,DBREALTYEQN,97.79,97.8,97.8,0.01,0.01,6011,587875,183.9,83.5
BASF,BASFEQN,3661.5,3662.0,3662.0,0.5,0.01,20,73240,4829.9,3122.2
RAIN,RAINEQN,215.97,216.0,216.0,0.03,0.01,4891,1056456,252.0,99.9
TTKPRESTIG,TTKPRESTIGEQN,537.3,537.35,537.35,0.05,0.01,125,67168,771.2,423.0
STCINDIA,STCINDIAEQN,112.6,112.61,112.61,0.01,0.01,1,112,150.7,97.04
ACUTAAS,ACUTAASEQN,3383.7,3384.0,3384.0,0.3,0.01,633,2142072,3740.0,1302.0
SUNDROP,SUNDROPEQN,662.0,662.05,662.05,0.05,0.01,14,9268,874.0,556.0
JUBLCPL,JUBLCPLEQN,2105.8,2106.0,2106.0,0.2,0.01,2,4212,2790.0,1460.0
SEKURITIND,SEKURITINDEQN,110.34,110.35,110.35,0.01,0.01,51,5627,124.65,108.96
SAKSOFT,SAKSOFTEQN,146.49,146.5,146.5,0.01,0.01,2735,400677,224.75,107.59
GAJA,GAJAEQN,152.6,152.61,152.61,0.01,0.01,2164,330248,191.65,149.51
DEEPA,DEEPAEQN,185.86,185.87,185.87,0.01,0.01,17769,3302724,222.0,185.0
MAHLIFE,MAHLIFEEQN,353.05,353.1,353.1,0.05,0.01,350,123585,427.05,286.8
KMCSHIL,KMCSHILEQN,138.47,138.48,138.48,0.01,0.01,3452,478032,148.0,131.45
RUSTOMJEE,RUSTOMJEEEQN,344.95,345.0,345.0,0.05,0.01,120,41400,634.0,331.9
CERA,CERAEQN,5587.5,5588.0,5588.0,0.5,0.01,66,368808,6740.0,4461.1
MOKSH,MOKSHEQN,10.31,10.31,10.31,0.0,0.0,595,6134,16.65,8.11
HARRMALAYA,HARRMALAYAEQN,185.81,185.81,185.81,0.0,0.0,2,371,237.9,153.66
SITINET,SITINETBZN,0.27,0.27,0.27,0.0,0.0,60335,16290,0.51,0.27
SOUTHWEST,SOUTHWESTEQN,213.35,213.35,213.35,0.0,0.0,2437,519933,275.0,121.0
NATHBIOGEN,NATHBIOGENEQN,147.78,147.78,147.78,0.0,0.0,40,5911,204.0,126.15
SAGARDEEP,SAGARDEEPEQN,23.79,23.79,23.79,0.0,0.0,102,2426,31.48,20.81
GOKUL,GOKULEQN,42.03,42.03,42.03,0.0,0.0,255,10717,46.8,31.0
RETAIL,RETAILEQN,17.14,17.14,17.14,0.0,0.0,1,17,43.79,15.81
SANOFICONR,SANOFICONREQN,4023.4,4023.4,4023.4,0.0,0.0,6,24140,5357.0,3975.0
TPHQ,TPHQBEN,0.5,0.5,0.5,0.0,0.0,25388,12694,0.86,0.4
WEIZMANIND,WEIZMANINDEQN,71.71,71.71,71.71,0.0,0.0,190,13624,117.9,65.21
ANTGRAPHIC,ANTGRAPHICEQN,0.75,0.75,0.75,0.0,0.0,5575,4181,1.17,0.64
INDOTECH,INDOTECHEQN,3522.9,3522.9,3522.9,0.0,0.0,19,66935,4030.0,1100.0
SWIGGY,SWIGGYEQN,278.2,278.2,278.2,0.0,0.0,22810,6345742,474.0,235.75
DONEAR,DONEAREQN,85.03,85.03,85.03,0.0,0.0,1,85,116.51,77.6
DYNPRO,DYNPROEQN,232.18,232.18,232.18,0.0,0.0,58,13466,384.0,190.8
GATECHDVR,GATECHDVRBEN,0.48,0.48,0.48,0.0,0.0,25607,12291,0.67,0.36
KRN,KRNEQN,1593.6,1593.6,1593.6,0.0,0.0,834,1329062,1687.0,589.8
EDUCOMP,EDUCOMPBZN,0.91,0.91,0.91,0.0,0.0,100,91,1.83,0.85
KEEPLEARN,KEEPLEARNEQN,1.89,1.89,1.89,0.0,0.0,412,778,3.21,1.51
AVL,AVLEQN,616.45,616.45,616.45,0.0,0.0,438,270005,705.0,436.55
FIDEL,FIDELSMN,154.0,154.0,154.0,0.0,0.0,2000,308000,200.0,108.1
GRPLTD,GRPLTDEQN,1925.1,1925.1,1925.1,0.0,0.0,1,1925,2360.6,1500.0
MAHAPEXLTD,MAHAPEXLTDEQN,54.57,54.57,54.57,0.0,0.0,101,5511,75.64,37.32
LIBERTSHOE,LIBERTSHOEEQN,228.68,228.68,228.68,0.0,0.0,50,11434,404.95,210.5
ORIENTTECH,ORIENTTECHEQN,249.64,249.64,249.64,0.0,0.0,5338,1332578,466.73,220.8
GLFL,GLFLEQN,5.22,5.22,5.22,0.0,0.0,20,104,9.34,3.66
ABINFRA,ABINFRABEN,11.34,11.34,11.34,0.0,0.0,1440,16329,23.56,8.82
EIEL,EIELEQN,207.11,207.11,207.11,0.0,0.0,5645,1169135,276.1,134.71
PRAENG,PRAENGEQN,21.93,21.93,21.93,0.0,0.0,17,372,33.88,17.0
ORIENTALTL,ORIENTALTLEQN,5.07,5.07,5.07,0.0,0.0,117,593,11.99,4.4
SPAL,SPALEQN,1023.0,1023.0,1023.0,0.0,0.0,681,696663,1221.9,600.0
WIPL,WIPLEQN,169.58,169.58,169.58,0.0,0.0,13,2204,193.2,133.1
SHALPAINTS,SHALPAINTSBEN,85.73,85.73,85.73,0.0,0.0,332,28462,95.95,35.21
INSECTICID,INSECTICIDEQN,609.7,609.7,609.7,0.0,0.0,1,609,800.6,518.6
MCLOUD,MCLOUDEQN,25.67,25.67,25.67,0.0,0.0,12082,310144,87.0,19.4
SIL,SILEQN,17.76,17.76,17.76,0.0,0.0,1337,23745,22.3,11.7
FIBERWEB,FIBERWEBEQN,27.1,27.1,27.1,0.0,0.0,131,3550,49.9,25.17
PRESSTONIC,PRESSTONICSMN,29.45,29.45,29.45,0.0,0.0,800,23560,74.49,24.0
ALIVUS,ALIVUSEQN,1386.8,1386.8,1386.8,0.0,0.0,161,223274,1493.8,819.0
GODAVARIB,GODAVARIBEQN,233.65,233.65,233.65,0.0,0.0,77,17991,353.0,227.42
EIMCOELECO,EIMCOELECOEQN,2325.5,2325.5,2325.5,0.0,0.0,125,290687,2380.0,1405.5
EFFWA,EFFWASMN,374.95,374.95,374.95,0.0,0.0,1600,599920,399.95,165.0
INDRAMEDCO,INDRAMEDCOEQN,355.0,355.0,355.0,0.0,0.0,361,128155,640.85,342.0
ICICIBANK,ICICIBANKEQN,1379.3,1379.3,1379.3,0.0,0.0,485215,669257049,1480.0,1187.6
MONTECARLO,MONTECARLOEQN,555.45,555.45,555.45,0.0,0.0,245,136085,860.95,464.0
SBCL,SBCLEQN,1087.0,1087.0,1087.0,0.0,0.0,562,610894,1215.7,368.6
SONACOMS,SONACOMSEQN,788.0,788.0,788.0,0.0,0.0,3127,2464076,844.0,402.3
DLF,DLFEQN,644.5,644.5,644.5,0.0,0.0,5380,3467410,794.8,489.4
LGBBROSLTD,LGBBROSLTDEQN,1711.0,1711.0,1711.0,0.0,0.0,88,150568,2048.0,1314.9
MITTAL,MITTALEQN,0.8,0.8,0.8,0.0,0.0,15392,12313,1.82,0.7
MARATHON,MARATHONEQN,435.45,435.45,435.45,0.0,0.0,109,47464,685.4,344.05
NBIFIN,NBIFINEQN,2020.0,2020.0,2020.0,0.0,0.0,1,2020,2991.0,1539.0
NAVKARCORP,NAVKARCORPEQN,93.58,93.58,93.58,0.0,0.0,999,93486,132.0,74.05
VARROC,VARROCEQN,872.0,872.0,872.0,0.0,0.0,538,469136,896.0,462.0
UCOBANK,UCOBANKEQN,24.12,24.12,24.12,0.0,0.0,20771,500996,34.2,22.22
ICIL,ICILEQN,443.25,443.25,443.25,0.0,0.0,671,297420,474.65,216.9
GEMAROMA,GEMAROMAEQN,160.87,160.87,160.87,0.0,0.0,73,11743,317.0,133.0
AURUM,AURUMEQN,224.02,224.02,224.02,0.0,0.0,469,105065,264.64,151.9
POWERMECH,POWERMECHEQN,2421.3,2421.3,2421.3,0.0,0.0,46,111379,3125.0,1717.7
PNGJL,PNGJLEQN,613.2,613.2,613.2,0.0,0.0,601,368533,736.4,503.0
GFLLIMITED,GFLLIMITEDEQN,58.27,58.27,58.27,0.0,0.0,151,8798,81.0,37.25
KALAMANDIR,KALAMANDIREQN,82.57,82.57,82.57,0.0,0.0,3276,270499,223.03,82.05
MUTHOOTFIN,MUTHOOTFINEQN,2792.1,2792.1,2792.1,0.0,0.0,5671,15833999,4149.5,2671.0
XPROINDIA,XPROINDIAEQN,1294.7,1294.7,1294.7,0.0,0.0,106,137238,1574.8,788.05
SPANDANA,SPANDANAEQN,235.37,235.37,235.37,0.0,0.0,123,28950,319.4,181.1
WEWIN,WEWINEQN,42.46,42.46,42.46,0.0,0.0,1,42,78.0,35.38
ELECTHERM,ELECTHERMEQN,956.3,956.3,956.3,0.0,0.0,9,8606,1277.0,551.0
AROGRANITE,AROGRANITEEQN,23.38,23.38,23.38,0.0,0.0,14,327,45.63,18.67
DEEDEV,DEEDEVEQN,639.35,639.35,639.35,0.0,0.0,1420,907877,760.0,183.0
NAGREEKEXP,NAGREEKEXPEQN,22.4,22.4,22.4,0.0,0.0,1,22,40.0,17.5
PENIND,PENINDEQN,175.54,175.54,175.54,0.0,0.0,1109,194673,279.9,129.1
RELAXO,RELAXOEQN,324.95,324.95,324.95,0.0,0.0,1153,374667,503.95,236.5
AARTIIND,AARTIINDEQN,492.7,492.7,492.7,0.0,0.0,2305,1135673,551.75,338.05
COLPAL,COLPALEQN,1797.4,1797.4,1797.4,0.0,0.0,856,1538574,2413.8,1782.0
GANDHITUBE,GANDHITUBEEQN,887.75,887.75,887.75,0.0,0.0,10,8877,1010.0,681.05
STARCEMENT,STARCEMENTEQN,195.14,195.14,195.14,0.0,0.0,231,45077,279.55,180.12
BBL,BBLEQN,2246.5,2246.5,2246.5,0.0,0.0,47,105585,3411.0,2051.7
JSWSTEEL,JSWSTEELEQN,1265.0,1265.0,1265.0,0.0,0.0,6485,8203525,1351.0,1073.2
JPPOWER,JPPOWEREQN,16.02,16.02,16.02,0.0,0.0,254996,4085035,24.5,13.15
KAYNES,KAYNESEQN,3505.0,3505.0,3505.0,0.0,0.0,1761,6172305,7705.0,2995.0
JKCEMENT,JKCEMENTEQN,4843.5,4843.5,4843.5,0.0,0.0,111,537628,7000.0,4671.5
MALUPAPER,MALUPAPEREQN,34.53,34.53,34.53,0.0,0.0,10,345,44.11,27.0
MUNJALAU,MUNJALAUEQN,106.64,106.64,106.64,0.0,0.0,1392,148442,130.6,67.2
MUTHOOTMF,MUTHOOTMFEQN,196.48,196.48,196.48,0.0,0.0,971,190782,262.77,141.2
NDRAUTO,NDRAUTOEQN,692.85,692.85,692.85,0.0,0.0,2,1385,1186.6,605.05
KCP,KCPEQN,162.4,162.4,162.4,0.0,0.0,1,162,207.8,125.0
RUPA,RUPAEQN,137.48,137.48,137.48,0.0,0.0,407,55954,212.84,109.21
VIKASECO,VIKASECOEQN,1.05,1.05,1.05,0.0,0.0,89174,93632,2.11,0.99
SCHNEIDER,SCHNEIDEREQN,1227.0,1227.0,1227.0,0.0,0.0,702,861354,1548.0,571.85
JMA,JMAEQN,93.22,93.22,93.22,0.0,0.0,7,652,103.7,70.25
BALUFORGE,BALUFORGEEQN,533.4,533.4,533.4,0.0,0.0,2331,1243355,697.0,341.05
TRENT,TRENTEQN,2802.4,2802.4,2802.4,0.0,0.0,3026,8480062,3498.67,2183.67
KOHINOOR,KOHINOOREQN,30.85,30.85,30.85,0.0,0.0,139,4288,38.47,19.2
BAJAJHLDNG,BAJAJHLDNGEQN,11134.0,11134.0,11134.0,0.0,0.0,586,6524524,13880.0,8588.0
BLS,BLSEQN,231.58,231.59,231.59,0.01,0.0,3366,779531,372.45,218.9
MMFL,MMFLEQN,631.7,631.7,631.7,0.0,0.0,138,87174,687.95,288.1
DHANBANK,DHANBANKEQN,31.15,31.15,31.15,0.0,0.0,1876,58437,36.85,19.45
JASH,JASHEQN,514.05,514.05,514.05,0.0,0.0,469,241089,572.85,327.1
HDFCLIFE,HDFCLIFEEQN,530.0,530.0,530.0,0.0,0.0,8058,4270740,796.9,508.7
KAJARIACER,KAJARIACEREQN,1226.4,1226.4,1226.4,0.0,0.0,169,207261,1293.8,869.6
GAIL,GAILEQN,173.62,173.62,173.62,0.0,0.0,14930,2592146,186.87,134.36
CUB,CUBEQN,227.32,227.32,227.32,0.0,0.0,2394,544204,248.85,150.05
FOODSIN,FOODSINEQN,55.23,55.23,55.23,0.0,0.0,9,497,94.26,44.0
MANALIPETC,MANALIPETCEQN,84.93,84.93,84.93,0.0,0.0,3877,329273,93.0,39.13
BANKBARODA,BANKBARODAEQN,238.13,238.13,238.13,0.0,0.0,25865,6159232,325.5,234.05
BANKINDIA,BANKINDIAEQN,140.0,140.0,140.0,0.0,0.0,31233,4372620,178.36,116.0
UNIHEALTH,UNIHEALTHSMN,712.0,712.0,712.0,0.0,0.0,1000,712000,820.0,133.65
MAITHANALL,MAITHANALLEQN,1045.85,1045.85,1045.85,0.0,0.0,475,496778,1210.1,831.2
POLYMED,POLYMEDEQN,1738.5,1738.5,1738.5,0.0,0.0,135,234697,2107.8,1182.0
GTLINFRA,GTLINFRAEQN,1.16,1.16,1.16,0.0,0.0,215689,250199,1.67,0.96
STARHEALTH,STARHEALTHEQN,562.7,562.7,562.7,0.0,0.0,278,156430,624.9,416.55
BAJAJHCARE,BAJAJHCAREEQN,334.05,334.05,334.05,0.0,0.0,78,26055,515.9,272.35
DVL,DVLEQN,286.2,286.2,286.2,0.0,0.0,22,6296,380.6,186.99
ASALCBR,ASALCBREQN,676.7,676.7,676.7,0.0,0.0,218,147520,1277.0,660.65
AHLUCONT,AHLUCONTEQN,601.0,601.0,601.0,0.0,0.0,362,217562,1077.95,582.65
KMEW,KMEWEQN,2869.2,2869.2,2869.2,0.0,0.0,98,281181,3175.0,876.95
KANPRPLA,KANPRPLAEQN,264.6,264.6,264.6,0.0,0.0,143,37837,283.14,151.25
SUNFLAG,SUNFLAGEQN,337.2,337.2,337.2,0.0,0.0,226,76207,428.0,192.15
JETFREIGHT,JETFREIGHTEQN,20.07,20.07,20.07,0.0,0.0,9,180,25.95,11.9
LUMAXIND,LUMAXINDEQN,5879.5,5879.5,5879.5,0.0,0.0,76,446842,6934.5,4061.0
IRCON,IRCONEQN,113.26,113.26,113.26,0.0,0.0,13986,1584054,189.5,112.55
INDUSINDBK,INDUSINDBKEQN,978.2,978.2,978.2,0.0,0.0,12019,11756985,1077.85,710.6
EXXARO,EXXAROEQN,6.38,6.38,6.38,0.0,0.0,1253,7994,10.33,5.99
UNIPARTS,UNIPARTSEQN,897.45,897.45,897.45,0.0,0.0,169,151669,915.95,399.8
HGS,HGSEQN,381.45,381.45,381.45,0.0,0.0,20,7629,546.35,342.05
JINDALPOLY,JINDALPOLYEQN,671.3,671.3,671.3,0.0,0.0,4,2685,1026.45,365.0
SGIL,SGILEQN,592.2,592.2,592.2,0.0,0.0,177,104819,630.2,420.0
SHALBY,SHALBYEQN,144.78,144.78,144.78,0.0,0.0,1596,231068,274.7,125.82
SCHAEFFLER,SCHAEFFLEREQN,3950.5,3950.5,3950.5,0.0,0.0,45,177772,4467.7,3518.4
TIINDIA,TIINDIAEQN,2606.1,2606.1,2606.1,0.0,0.0,286,745344,3419.9,2164.9
SANWARIA,SANWARIABZN,0.19,0.19,0.19,0.0,0.0,7105,1349,0.38,0.18
J&KBANK,J&KBANKEQN,145.27,145.27,145.27,0.0,0.0,3874,562775,201.75,97.35
SHANTIGEAR,SHANTIGEAREQN,714.95,714.95,714.95,0.0,0.0,1449,1035962,743.0,384.0
GREAVESCOT,GREAVESCOTEQN,192.25,192.25,192.25,0.0,0.0,1411,271264,271.9,119.99
IRFC,IRFCEQN,81.09,81.09,81.09,0.0,0.0,81699,6624971,137.17,80.1
STEL,STELEQN,611.1,611.1,611.1,0.0,0.0,1,611,689.95,380.0
INDBANK,INDBANKEQN,27.64,27.64,27.64,0.0,0.0,164,4532,47.15,26.4
MAZDOCK,MAZDOCKEQN,2339.0,2339.0,2339.0,0.0,0.0,2903,6790117,3061.4,2057.4
SANOFI,SANOFIEQN,3079.2,3079.2,3079.2,0.0,0.0,148,455721,5113.5,3054.0
AGIIL,AGIILEQN,272.95,272.95,272.95,0.0,0.0,2515,686469,434.4,224.7
SEYAIND,SEYAINDBEN,12.68,12.68,12.68,0.0,0.0,74,938,23.99,8.54
PHOENIXLTD,PHOENIXLTDEQN,1890.0,1890.0,1890.0,0.0,0.0,1658,3133620,2169.8,1465.6
SHYAMCENT,SHYAMCENTBEN,4.96,4.96,4.96,0.0,0.0,4,19,8.0,3.68
LAOPALA,LAOPALAEQN,158.93,158.93,158.93,0.0,0.0,1505,239189,259.7,158.51
GTL,GTLEQN,7.24,7.24,7.24,0.0,0.0,1920,13900,11.26,4.91
IEX,IEXEQN,113.88,113.88,113.88,0.0,0.0,18286,2082409,160.27,113.0
SAKHTISUG,SAKHTISUGEQN,19.9,19.9,19.9,0.0,0.0,1469,29233,23.29,13.52
SURYODAY,SURYODAYEQN,148.05,148.05,148.05,0.0,0.0,814,120512,218.0,115.41
ANDHRAPAP,ANDHRAPAPEQN,73.36,73.36,73.36,0.0,0.0,2101,154129,86.89,58.0
ASIANPAINT,ASIANPAINTEQN,2472.5,2472.5,2472.5,0.0,0.0,5546,13712485,2985.7,2115.0
GALAXYSURF,GALAXYSURFEQN,2187.3,2187.2,2187.2,-0.1,0.0,43,94049,2648.0,1510.0
GLOBE,GLOBEEQN,1.81,1.81,1.81,0.0,0.0,3135,5674,3.29,1.8
JKPAPER,JKPAPEREQN,414.25,414.25,414.25,0.0,0.0,1232,510356,444.8,304.85
BHAGCHEM,BHAGCHEMEQN,258.75,258.75,258.75,0.0,0.0,50,12937,316.9,170.6
SUNTV,SUNTVEQN,476.0,476.0,476.0,0.0,0.0,1186,564536,660.7,447.7
DELHIVERY,DELHIVERYEQN,439.0,439.0,439.0,0.0,0.0,2761,1212079,524.0,374.45
BHARATFORG,BHARATFORGEQN,1944.9,1944.9,1944.9,0.0,0.0,1116,2170508,2295.0,1179.0
RELIGARE,RELIGAREEQN,256.81,256.81,256.81,0.0,0.0,764,196202,280.0,196.51
SFL,SFLEQN,691.55,691.55,691.55,0.0,0.0,435,300824,832.45,456.8
AVANTEL,AVANTELEQN,156.46,156.46,156.46,0.0,0.0,6529,1021527,215.0,117.05
NILKAMAL,NILKAMALEQN,2050.8,2050.8,2050.8,0.0,0.0,43,88184,2149.5,1050.5
MANKIND,MANKINDEQN,2280.0,2280.0,2280.0,0.0,0.0,352,802560,2674.0,1909.7
PIDILITIND,PIDILITINDEQN,1566.9,1566.9,1566.9,0.0,0.0,1556,2438096,1707.5,1259.0
LXCHEM,LXCHEMEQN,175.56,175.56,175.56,0.0,0.0,2383,418359,241.0,107.6
VRLLOG,VRLLOGEQN,288.3,288.3,288.3,0.0,0.0,570,164331,310.2,225.0
AETHER,AETHEREQN,1674.7,1674.7,1674.7,0.0,0.0,801,1341434,1717.0,726.45
MEDIASSIST,MEDIASSISTEQN,316.4,316.4,316.4,0.0,0.0,250,79100,575.55,293.0
HCG,HCGEQN,693.9,693.9,693.9,0.0,0.0,52,36082,796.68,513.3
EXIDEIND,EXIDEINDEQN,412.65,412.65,412.65,0.0,0.0,5803,2394607,496.4,287.0
DATAPATTNS,DATAPATTNSEQN,4829.2,4829.0,4829.0,-0.2,0.0,1323,6388767,5000.0,2131.0
DALBHARAT,DALBHARATEQN,1746.6,1746.6,1746.6,0.0,0.0,155,270723,2496.3,1605.0
MAHABANK,MAHABANKEQN,84.2,84.2,84.2,0.0,0.0,43425,3656385,94.5,53.52
3MINDIA,3MINDIAEQN,32710.0,32710.0,32710.0,0.0,0.0,5,163550,38030.0,28730.0
LUPIN,LUPINEQN,2095.0,2095.0,2095.0,0.0,0.0,6625,13879375,2529.5,1900.0
COALINDIA,COALINDIAEQN,426.4,426.4,426.4,0.0,0.0,30361,12945930,491.25,369.6
ENDURANCE,ENDURANCEEQN,2692.6,2692.6,2692.6,0.0,0.0,102,274645,3072.0,2142.8
HGINFRA,HGINFRAEQN,484.0,484.0,484.0,0.0,0.0,537,259908,1049.95,429.5
MACPOWER,MACPOWEREQN,1843.0,1843.0,1843.0,0.0,0.0,26,47918,2050.0,761.0
TIIL,TIILEQN,3250.2,3250.2,3250.2,0.0,0.0,38,123507,3565.3,1868.5
BHANDARI,BHANDARIEQN,3.0,3.0,3.0,0.0,0.0,1003,3009,4.5,2.0
DEN,DENEQN,26.98,26.98,26.98,0.0,0.0,1905,51396,37.35,22.52
ONWARDTEC,ONWARDTECEQN,283.65,283.65,283.65,0.0,0.0,30,8509,355.0,208.25
ORIENTPPR,ORIENTPPREQN,17.78,17.78,17.78,0.0,0.0,340,6045,28.96,13.25
VEDL,VEDLEQN,263.7,263.7,263.7,0.0,0.0,98940,26090478,795.0,249.7
SPIC,SPICEQN,69.0,69.0,69.0,0.0,0.0,804,55476,112.69,55.1
SRF,SRFEQN,2482.4,2482.4,2482.4,0.0,0.0,333,826639,3210.0,2355.0
BALKRISIND,BALKRISINDEQN,2164.6,2164.6,2164.6,0.0,0.0,161,348500,2775.0,1970.0
BERGEPAINT,BERGEPAINTEQN,458.05,458.05,458.05,0.0,0.0,751,343995,594.55,391.1
NILASPACES,NILASPACESEQN,12.28,12.28,12.28,0.0,0.0,4434,54449,20.47,11.35
GREENPOWER,GREENPOWEREQN,9.31,9.31,9.31,0.0,0.0,31379,292138,14.93,7.98
IREDA,IREDAEQN,111.71,111.71,111.71,0.0,0.0,29553,3301365,163.35,108.65
POKARNA,POKARNAEQN,804.15,804.15,804.15,0.0,0.0,285,229182,1146.2,692.6
RBA,RBAEQN,98.05,98.05,98.05,0.0,0.0,3400,333370,111.15,57.15
CUMMINSIND,CUMMINSINDEQN,5070.0,5070.0,5070.0,0.0,0.0,997,5054790,6100.0,3833.0
VGUARD,VGUARDEQN,323.7,323.7,323.7,0.0,0.0,995,322081,392.2,288.8
CDSL,CDSLEQN,1360.0,1360.0,1360.0,0.0,0.0,5143,6994480,1673.7,1116.3
CAPITALSFB,CAPITALSFBEQN,271.35,271.35,271.35,0.0,0.0,36,9768,323.7,206.55
UNIVCABLES,UNIVCABLESEQN,1492.5,1492.5,1492.5,0.0,0.0,194,289545,1774.9,576.0
VESUVIUS,VESUVIUSEQN,413.05,413.05,413.05,0.0,0.0,238,98305,607.9,403.95
EASEMYTRIP,EASEMYTRIPEQN,5.83,5.83,5.83,0.0,0.0,111853,652102,10.6,5.74
VIKASLIFE,VIKASLIFEEQN,1.22,1.22,1.22,0.0,0.0,88587,108076,2.37,1.05
TCI,TCIEQN,858.85,858.85,858.85,0.0,0.0,93,79873,1242.0,843.2
AKI,AKIBEN,6.14,6.14,6.14,0.0,0.0,10116,62112,10.48,3.8
TECILCHEM,TECILCHEMEQN,9.6,9.6,9.6,0.0,0.0,14,134,22.87,8.0
INNOVACAP,INNOVACAPEQN,1147.2,1147.2,1147.2,0.0,0.0,72,82598,1200.0,622.0
JSWENERGY,JSWENERGYEQN,526.45,526.45,526.45,0.0,0.0,2492,1311913,617.35,427.75
NESTLEIND,NESTLEINDEQN,1383.3,1383.3,1383.3,0.0,0.0,10641,14719695,1553.0,1145.0
PATANJALI,PATANJALIEQN,341.0,341.0,341.0,0.0,0.0,13489,4599749,614.9,328.2
INDIGRID,INDIGRIDIVN,173.9,173.9,173.9,0.0,0.0,4493,781332,180.9,161.01
GULFOILLUB,GULFOILLUBEQN,1060.7,1060.7,1060.7,0.0,0.0,519,550503,1329.0,865.0
NGIL,NGILEQN,33.42,33.42,33.42,0.0,0.0,638,21321,43.89,22.01
NUVOCO,NUVOCOEQN,330.15,330.15,330.15,0.0,0.0,516,170357,453.25,276.25
IGL,IGLEQN,151.98,151.98,151.98,0.0,0.0,5893,895618,223.5,141.74
PNB,PNBEQN,116.75,116.75,116.75,0.0,0.0,39683,4632990,135.15,98.5
ESSENTIA,ESSENTIAEQN,1.06,1.06,1.06,0.0,0.0,11586,12281,1.96,0.95
SHRENIK,SHRENIKBZN,0.29,0.29,0.29,0.0,0.0,20004,5801,0.65,0.27
PKTEA,PKTEAEQN,1121.75,1121.75,1121.75,0.0,0.0,15,16826,1169.0,605.0
KOPRAN,KOPRANEQN,235.26,235.26,235.26,0.0,0.0,1480,348184,253.71,107.0
NAGREEKCAP,NAGREEKCAPEQN,24.9,24.9,24.9,0.0,0.0,111,2763,42.75,19.3
CUBEINVIT,CUBEINVITIVN,156.84,156.84,156.84,0.0,0.0,776,121707,165.0,131.0
VIPCLOTHNG,VIPCLOTHNGEQN,21.38,21.38,21.38,0.0,0.0,73,1560,41.2,14.05
TICL,TICLBEN,7.05,7.05,7.05,0.0,0.0,30,211,33.99,7.03
MEDICO,MEDICOEQN,37.05,37.05,37.05,0.0,0.0,404,14968,56.88,30.22
MAANALU,MAANALUEQN,110.4,110.4,110.4,0.0,0.0,391,43166,184.74,103.01
HONASA,HONASAEQN,471.15,471.15,471.15,0.0,0.0,1169,550774,509.8,248.4
BORANA,BORANAEQN,313.4,313.4,313.4,0.0,0.0,51,15983,420.0,215.35
UMESLTD,UMESLTDEQN,4.97,4.97,4.97,0.0,0.0,13,64,7.14,3.88
NAVKARURB,NAVKARURBBEN,0.87,0.87,0.87,0.0,0.0,8569,7455,2.93,0.7
VIVIDHA,VIVIDHAEQN,0.51,0.51,0.51,0.0,0.0,26834,13685,0.91,0.43
FILATFASH,FILATFASHEQN,0.18,0.18,0.18,0.0,0.0,228152,41067,0.68,0.14
TINNARUBR,TINNARUBREQN,1034.05,1034.0,1034.0,-0.05,0.0,255,263670,1322.0,527.45
DANGEE,DANGEEEQN,2.75,2.75,2.75,0.0,0.0,81,222,5.08,2.53
OSWALPUMPS,OSWALPUMPSEQN,282.45,282.45,282.45,0.0,0.0,1627,459546,840.0,272.05
PICCADIL,PICCADILEQN,602.15,602.15,602.15,0.0,0.0,959,577461,809.7,515.0
SHRADHA,SHRADHAEQN,30.84,30.84,30.84,0.0,0.0,13,400,58.95,26.34
BRIGHOTEL,BRIGHOTELEQN,56.51,56.51,56.51,0.0,0.0,244,13788,88.27,54.36
CPPLUS,CPPLUSEQN,3825.5,3825.4,3825.4,-0.1,0.0,907,3469637,4094.0,1227.0
DCMFINSERV,DCMFINSERVEQN,5.07,5.07,5.07,0.0,0.0,15,76,8.55,3.7
RAMANEWS,RAMANEWSEQN,30.95,30.95,30.95,0.0,0.0,12,371,42.0,27.05
NAHARPOLY,NAHARPOLYEQN,231.87,231.87,231.87,0.0,0.0,26,6028,338.8,200.0
LGEINDIA,LGEINDIAEQN,1636.8,1636.8,1636.8,0.0,0.0,1029,1684267,1755.0,1304.1
BIL,BILEQN,1073.0,1073.0,1073.0,0.0,0.0,55,59015,1150.0,602.0
DCG,DCGSMN,89.1,89.1,89.1,0.0,0.0,1200,106920,93.8,47.0
BIRLANU,BIRLANUEQN,1448.4,1448.4,1448.4,0.0,0.0,2,2896,2012.4,1190.1
TEXINFRA,TEXINFRAEQN,115.52,115.52,115.52,0.0,0.0,517,59723,121.8,82.5
VISHNU,VISHNUEQN,713.95,713.95,713.95,0.0,0.0,91,64969,744.0,443.7
GUJRAFFIA,GUJRAFFIAEQN,41.72,41.72,41.72,0.0,0.0,7,292,88.0,35.1
RAJMET,RAJMETEQN,3.2,3.2,3.2,0.0,0.0,4744,15180,5.28,2.72
BONLON,BONLONEQN,40.1,40.1,40.1,0.0,0.0,20,802,57.0,34.51
AKSHAR,AKSHAREQN,0.41,0.41,0.41,0.0,0.0,57976,23770,0.76,0.36
EASTSILK,EASTSILKBEN,64.0,64.0,64.0,0.0,0.0,2,128,99.25,39.04
CGPOWER,CGPOWEREQN,909.0,909.0,909.0,0.0,0.0,16346,14858514,980.9,525.5
ADVENZYMES,ADVENZYMESEQN,293.4,293.4,293.4,0.0,0.0,1446,424256,419.0,251.95
TERASOFT,TERASOFTEQN,248.8,248.8,248.8,0.0,0.0,52,12937,598.0,245.0
NATIONSTD,NATIONSTDEQN,110.11,110.11,110.11,0.0,0.0,17,1871,1519.95,98.27
ABANSENT,ABANSENTEQN,28.09,28.09,28.09,0.0,0.0,3,84,48.85,22.3
MAZDA,MAZDABEN,255.25,255.25,255.25,0.0,0.0,54,13783,308.0,159.2
RPSGVENT,RPSGVENTEQN,831.8,831.8,831.8,0.0,0.0,10,8318,1179.0,551.9
NGLFINE,NGLFINEEQN,2657.2,2657.2,2657.2,0.0,0.0,32,85030,3602.0,1271.0
SBGLP,SBGLPEQN,21.56,21.56,21.56,0.0,0.0,1,21,40.9,18.35
THAKDEV,THAKDEVEQN,128.15,128.15,128.15,0.0,0.0,1,128,163.01,115.1
POLYPLEX,POLYPLEXEQN,1134.2,1134.2,1134.2,0.0,0.0,61,69186,1264.0,740.0
VELJAN,VELJANBEN,1890.0,1890.0,1890.0,0.0,0.0,1,1890,1980.0,812.0
MHLXMIRU,MHLXMIRUBEN,157.24,157.24,157.24,0.0,0.0,1,157,244.65,105.53
MIRZAINT,MIRZAINTEQN,30.63,30.63,30.63,0.0,0.0,450,13783,44.0,24.95
MLKFOOD,MLKFOODEQN,80.64,80.64,80.64,0.0,0.0,5,403,93.0,75.25
ACGL,ACGLEQN,1785.7,1785.7,1785.7,0.0,0.0,184,328568,1961.9,1702.0
POLYSPIN,POLYSPINEQN,29.58,29.58,29.58,0.0,0.0,64,1893,34.79,28.0
ESSARSHPNG,ESSARSHPNGEQN,16.31,16.31,16.31,0.0,0.0,905,14760,43.26,15.71
SHREEJISPG,SHREEJISPGEQN,691.75,691.75,691.75,0.0,0.0,724,500827,721.5,222.0
LANDSMILL,LANDSMILLEQN,0.56,0.56,0.56,0.0,0.0,122043,68344,1.74,0.55
ALUFLUOR,ALUFLUOREQN,487.4,487.4,487.4,0.0,0.0,6,2924,509.9,421.0
MODISONLTD,MODISONLTDBEN,503.05,503.05,503.05,0.0,0.0,334,168018,546.0,114.0
ADFFOODS,ADFFOODSEQN,269.55,269.55,269.55,0.0,0.0,215,57953,346.95,153.1
GOLDADD,GOLDADDEQN,14.71,14.71,14.71,0.0,0.0,702,10326,18.1,10.39
HPL,HPLEQN,292.0,292.0,292.0,0.0,0.0,706,206152,507.9,255.55
LKPSEC,LKPSECEQN,15.82,15.82,15.82,0.0,0.0,82,1297,18.43,14.01
EKC,EKCEQN,101.8,101.8,101.8,0.0,0.0,604,61487,154.55,90.25
WPIL,WPILEQN,435.25,435.25,435.25,0.0,0.0,9,3917,510.35,383.55
ADVIKCA,ADVIKCAEQN,1.02,1.02,1.02,0.0,0.0,8801,8977,1.27,0.91
NICCOPAR,NICCOPAREQN,83.0,83.0,83.0,0.0,0.0,20,1660,98.99,72.0
JPOLYINVST,JPOLYINVSTEQN,989.5,989.5,989.5,0.0,0.0,27,26716,1487.7,852.1
CROMPTON,CROMPTONEQN,231.0,231.0,231.0,0.0,0.0,2842,656502,320.15,217.4
GRAUWEIL,GRAUWEILEQN,75.6,75.6,75.6,0.0,0.0,405,30618,87.4,62.09
AMJLAND,AMJLANDEQN,38.56,38.56,38.56,0.0,0.0,2,77,57.8,30.3
KARURVYSYA,KARURVYSYAEQN,333.8,333.8,333.8,0.0,0.0,2860,954668,358.65,204.8
MANINDS,MANINDSEQN,866.1,866.1,866.1,0.0,0.0,1914,1657715,944.0,302.05
PALREDTEC,PALREDTECEQN,52.0,52.0,52.0,0.0,0.0,126,6552,73.6,27.45
STYL,STYLEQN,387.4,387.4,387.4,0.0,0.0,197,76317,437.45,209.11
AVONMORE,AVONMOREEQN,14.0,14.0,14.0,0.0,0.0,1894,26516,22.0,9.05
THEJO,THEJOEQN,2192.6,2192.6,2192.6,0.0,0.0,1,2192,2286.6,1443.6
SHADOWFAX,SHADOWFAXEQN,253.4,253.4,253.4,0.0,0.0,5440,1378496,268.65,98.55
M&MFIN,M&MFINEQN,356.15,356.15,356.15,0.0,0.0,1208,430229,415.0,267.0
INDOAMIN,INDOAMINBEN,126.92,126.92,126.92,0.0,0.0,102,12945,149.0,81.9
GSPCROP,GSPCROPEQN,471.25,471.25,471.25,0.0,0.0,120,56550,667.95,328.0
AERONEU,AERONEUEQN,68.76,68.76,68.76,0.0,0.0,12,825,112.94,63.21
ORIRAIL,ORIRAILEQN,124.11,124.11,124.11,0.0,0.0,35,4343,142.0,102.8
SAMBANDAM,SAMBANDAMEQN,111.65,111.65,111.65,0.0,0.0,1,111,161.9,97.7
TRITONV,TRITONVEQN,1092.1,1092.1,1092.1,0.0,0.0,6,6552,1219.3,1059.3
PRISMX,PRISMXEQN,0.58,0.58,0.58,0.0,0.0,3832,2222,0.61,0.47
TARAPUR,TARAPUREQN,12.97,12.97,12.97,0.0,0.0,9,116,39.99,12.11
RMC,RMCEQN,211.68,211.68,211.68,0.0,0.0,144,30481,530.0,210.31
MMWL,MMWLEQN,13.46,13.46,13.46,0.0,0.0,69,928,16.57,9.02
INDOCO,INDOCOEQN,263.02,263.02,263.02,0.0,0.0,2263,595214,332.2,162.19
AEROPLANE,AEROPLANEEQN,205.13,205.12,205.12,-0.01,0.0,860,176403,209.44,117.02
PDSL,PDSLEQN,348.2,348.2,348.2,0.0,0.0,602,209616,418.5,246.05
FAZE3Q,FAZE3QEQN,489.45,489.45,489.45,0.0,0.0,5,2447,650.05,322.1
GROWWGOLD,GROWWGOLDEQN,14.78,14.78,14.78,0.0,0.0,7436,109904,18.0,10.66
SBISILVER,SBISILVEREQN,221.92,221.92,221.92,0.0,0.0,1373,304696,362.0,121.54
REPCOHOME,REPCOHOMEEQN,359.6,359.6,359.6,0.0,0.0,512,184115,455.9,333.6
SAHLIBHFI,SAHLIBHFIEQN,81.67,81.67,81.67,0.0,0.0,4,326,91.95,66.6
BHAGERIA,BHAGERIABEN,317.05,317.05,317.05,0.0,0.0,8278,2624539,342.0,127.51
GICL,GICLBEN,24.74,24.74,24.74,0.0,0.0,123,3043,52.4,15.61
BHARATCOAL,BHARATCOALEQN,33.01,33.01,33.01,0.0,0.0,32692,1079162,45.09,29.74
WELSPLSOL,WELSPLSOLEQN,55.59,55.59,55.59,0.0,0.0,928,51587,63.25,36.0
KAMAHOLD,KAMAHOLDEQN,2273.5,2273.5,2273.5,0.0,0.0,11,25008,2783.9,2241.1
BBNPPGOLD,BBNPPGOLDEQN,146.2,146.2,146.2,0.0,0.0,1,146,184.05,105.15
INDNIPPON,INDNIPPONEQN,1358.9,1358.9,1358.9,0.0,0.0,840,1141476,1564.0,675.0
AVANCE,AVANCEEQN,0.81,0.81,0.81,0.0,0.0,153640,124448,0.94,0.75
RAJOOENG,RAJOOENGBEN,55.19,55.19,55.19,0.0,0.0,1355,74782,103.69,46.0
CSM,CSMEQN,83.44,83.44,83.44,0.0,0.0,9088,758302,113.0,76.26
VIVIMEDLAB,VIVIMEDLABBEN,6.03,6.03,6.03,0.0,0.0,4,24,29.4,4.75
VGL,VGLEQN,66.82,66.82,66.82,0.0,0.0,5455,364503,92.5,43.7
PANSARI,PANSARIEQN,281.5,281.5,281.5,0.0,0.0,2,563,388.9,233.3
BASML,BASMLBEN,24.6,24.6,24.6,0.0,0.0,10,246,31.9,17.05
EMMVEE,EMMVEEEQN,346.0,346.0,346.0,0.0,0.0,14842,5135332,371.55,171.51
PERMAGN,PERMAGNEQN,864.65,864.65,864.65,0.0,0.0,1,864,929.0,784.05
AGSTRA,AGSTRABZN,1.89,1.89,1.89,0.0,0.0,1402,2649,5.44,1.86
VGCL,VGCLEQN,50.0,50.0,50.0,0.0,0.0,2,100,62.95,48.15
CENTURYPLY,CENTURYPLYEQN,717.05,717.05,717.05,0.0,0.0,114,81743,859.0,618.5
ISTLTD,ISTLTDEQN,662.2,662.2,662.2,0.0,0.0,1,662,749.95,605.0
RPPL,RPPLBEN,20.74,20.74,20.74,0.0,0.0,2203,45690,26.97,14.25
ORIENTCEM,ORIENTCEMEQN,125.58,125.58,125.58,0.0,0.0,3575,448948,237.29,122.32
WARDINMOBI,WARDINMOBIEQN,5.72,5.72,5.72,0.0,0.0,3817,21833,6.99,4.69
SUPREMEINF,SUPREMEINFEQN,85.04,85.04,85.04,0.0,0.0,1,85,113.0,58.11
JSWHL,JSWHLEQN,11449.0,11449.0,11449.0,0.0,0.0,2,22898,22790.0,10530.0
TMB,TMBEQN,910.9,910.9,910.9,0.0,0.0,293,266893,954.2,420.0
SYMBIOTEC,SYMBIOTECEQN,1133.45,1133.5,1133.5,0.05,0.0,3184,3609064,1193.7,934.2
MUTHOOTCAP,MUTHOOTCAPEQN,226.85,226.85,226.85,0.0,0.0,75,17013,303.0,175.25
AASTHA,AASTHAEQN,78.43,78.43,78.43,0.0,0.0,234,18352,140.01,70.0
GRINFRA,GRINFRAEQN,855.8,855.8,855.8,0.0,0.0,12,10269,1345.0,785.0
ALGOQUANT,ALGOQUANTEQN,64.61,64.61,64.61,0.0,0.0,3,193,71.01,47.8
PARNAXLAB,PARNAXLABEQN,127.0,127.0,127.0,0.0,0.0,2,254,149.5,104.0
ERIS,ERISEQN,1355.5,1355.5,1355.5,0.0,0.0,98,132839,1740.0,1200.0
GULFPETRO,GULFPETROBEN,64.08,64.08,64.08,0.0,0.0,351,22492,71.4,23.25
MOMSBELIEF,MOMSBELIEFBEN,224.96,224.96,224.96,0.0,0.0,335,75361,239.0,208.03
JKTYRE,JKTYREEQN,353.95,353.95,353.95,0.0,0.0,3941,1394916,611.9,350.25
EBIX,EBIXBEN,19.99,19.99,19.99,0.0,0.0,59,1179,22.83,16.03
PATINTLOG,PATINTLOGBEN,13.18,13.18,13.18,0.0,0.0,306,4033,16.9,8.01
NTPCGREEN,NTPCGREENEQN,86.94,86.94,86.94,0.0,0.0,19446,1690635,119.95,84.0
NIVABUPA,NIVABUPAEQN,79.93,79.92,79.92,-0.01,-0.01,1324,105814,91.4,67.5
EVEREADY,EVEREADYEQN,363.0,362.95,362.95,-0.05,-0.01,253,91826,457.65,259.65
SHK,SHKEQN,141.22,141.2,141.2,-0.02,-0.01,977,137952,257.44,111.98
BALMLAWRIE,BALMLAWRIEEQN,168.72,168.7,168.7,-0.02,-0.01,1105,186413,238.2,148.36
PNBHOUSING,PNBHOUSINGEQN,1178.9,1178.8,1178.8,-0.1,-0.01,536,631836,1211.5,729.6
STYLEBAAZA,STYLEBAAZAEQN,388.1,388.05,388.05,-0.05,-0.01,196,76057,447.1,229.95
VSSL,VSSLEQN,397.45,397.4,397.4,-0.05,-0.01,517,205455,423.85,206.4
EIDPARRY,EIDPARRYEQN,721.05,721.0,721.0,-0.05,-0.01,869,626549,1118.0,698.2
RISHABH,RISHABHEQN,829.6,829.55,829.55,-0.05,-0.01,274,227296,852.0,315.0
IDEAFORGE,IDEAFORGEEQN,733.95,733.9,733.9,-0.05,-0.01,977,717020,992.25,366.0
RSYSTEMS,RSYSTEMSEQN,240.36,240.34,240.34,-0.02,-0.01,581,139637,465.0,213.52
FEDERALBNK,FEDERALBNKEQN,344.5,344.45,344.45,-0.05,-0.01,10855,3739004,371.7,189.05
AVANTIFEED,AVANTIFEEDEQN,798.6,798.5,798.5,-0.1,-0.01,637,508644,1593.8,631.65
IKIO,IKIOEQN,223.87,223.85,223.85,-0.02,-0.01,4166,932559,248.88,103.53
GRWRHITECH,GRWRHITECHEQN,6921.5,6921.0,6921.0,-0.5,-0.01,53,366813,7990.0,2690.7
KOLTEPATIL,KOLTEPATILEQN,436.85,436.8,436.8,-0.05,-0.01,1165,508872,554.6,292.25
ASTERDM,ASTERDMEQN,763.05,762.95,762.95,-0.1,-0.01,1044,796519,891.3,519.1
OMAXAUTO,OMAXAUTOEQN,172.93,172.92,172.92,-0.01,-0.01,150,25938,263.4,84.5
GODREJIND,GODREJINDEQN,1126.8,1126.7,1126.7,-0.1,-0.01,97,109289,1443.0,744.2
GOLDIETF,GOLDIETFEQN,129.63,129.62,129.62,-0.01,-0.01,110367,14305770,158.0,91.62
BLIL,BLILEQN,68.44,68.43,68.43,-0.01,-0.01,1139,77941,79.5,67.0
HDFCSILVER,HDFCSILVEREQN,216.48,216.45,216.45,-0.03,-0.01,7290,1577920,359.0,119.38
HOMEFIRST,HOMEFIRSTEQN,1184.5,1184.4,1184.4,-0.1,-0.01,338,400327,1317.7,893.7
GINNIFILA,GINNIFILABEN,41.0,40.99,40.99,-0.01,-0.02,387,15863,57.85,31.5
ASHAPURMIN,ASHAPURMINEQN,542.9,542.8,542.8,-0.1,-0.02,1020,553656,924.9,455.1
SJVN,SJVNEQN,66.18,66.17,66.17,-0.01,-0.02,14847,982425,95.58,63.02
JAGRAN,JAGRANEQN,62.09,62.08,62.08,-0.01,-0.02,5176,321326,78.9,59.5
BIRLACORPN,BIRLACORPNEQN,825.15,825.0,825.0,-0.15,-0.02,473,390225,1346.1,769.6
DELTACORP,DELTACORPEQN,54.15,54.14,54.14,-0.01,-0.02,5157,279199,86.4,48.3
JAYAGROGN,JAYAGROGNEQN,244.13,244.09,244.09,-0.04,-0.02,1,244,265.0,147.26
GUFICBIO,GUFICBIOEQN,425.1,425.0,425.0,-0.1,-0.02,242,102850,467.8,268.0
COHANCE,COHANCEEQN,440.2,440.1,440.1,-0.1,-0.02,589,259218,1008.7,266.7
PATELRMART,PATELRMARTEQN,211.05,211.0,211.0,-0.05,-0.02,317,66887,266.0,150.25
GROWW,GROWWEQN,200.24,200.2,200.2,-0.04,-0.02,220340,44112068,227.2,112.0
PRAVEG,PRAVEGEQN,263.05,263.0,263.0,-0.05,-0.02,111,29193,325.0,210.4
GOLDAXIS,GOLDAXISEQN,125.93,125.9,125.9,-0.03,-0.02,3028,381225,150.0,91.02
QGOLDHALF,QGOLDHALFEQN,125.35,125.32,125.32,-0.03,-0.02,110,13785,149.69,90.32
KMSUGAR,KMSUGAREQN,30.41,30.4,30.4,-0.01,-0.03,5260,159904,36.5,23.0
SOMICONVEY,SOMICONVEYEQN,92.93,92.9,92.9,-0.03,-0.03,130,12077,169.4,80.16
STAR,STAREQN,1183.4,1183.0,1183.0,-0.4,-0.03,687,812721,1231.0,768.65
CREDENT,CREDENTSMN,357.1,357.0,357.0,-0.1,-0.03,600,214200,380.0,309.05
ALKYLAMINE,ALKYLAMINEEQN,1867.5,1867.0,1867.0,-0.5,-0.03,163,304321,2116.8,1212.0
JISLJALEQS,JISLJALEQSEQN,29.71,29.7,29.7,-0.01,-0.03,5959,176982,59.0,26.11
LEMONTREE,LEMONTREEEQN,104.78,104.75,104.75,-0.03,-0.03,26022,2725804,179.59,99.61
THOMASCOOK,THOMASCOOKEQN,108.63,108.6,108.6,-0.03,-0.03,2529,274649,180.2,86.35
SGMART,SGMARTEQN,750.95,750.75,750.75,-0.2,-0.03,830,623122,860.6,313.1
HDFCGOLD,HDFCGOLDEQN,129.37,129.33,129.33,-0.04,-0.03,45140,5837956,152.3,93.0
SILVER,SILVEREQN,226.48,226.42,226.42,-0.06,-0.03,3645,825300,371.89,124.21
GOLD1,GOLD1EQN,126.19,126.15,126.15,-0.04,-0.03,7688,969841,158.0,90.2
ACMESOLAR,ACMESOLAREQN,402.3,402.15,402.15,-0.15,-0.04,11410,4588531,430.5,195.9
DDEVPLSTIK,DDEVPLSTIKEQN,256.8,256.7,256.7,-0.1,-0.04,258,66228,360.0,185.15
RHIM,RHIMEQN,375.8,375.65,375.65,-0.15,-0.04,455,170920,508.3,323.05
APTUS,APTUSEQN,249.11,249.01,249.01,-0.1,-0.04,759,188998,343.55,193.03
GAEL,GAELEQN,163.08,163.01,163.01,-0.07,-0.04,757,123398,184.99,101.2
SAMHI,SAMHIEQN,157.07,157.0,157.0,-0.07,-0.04,1815,284955,217.97,127.0
GOLDCASE,GOLDCASEEQN,23.82,23.81,23.81,-0.01,-0.04,103265,2458739,27.94,16.67
GRAPHITE,GRAPHITEEQN,825.8,825.5,825.5,-0.3,-0.04,5173,4270311,874.35,516.2
RAMBHAJO,RAMBHAJOEQN,269.28,269.17,269.17,-0.11,-0.04,886,238484,289.0,161.6
PARKHOSPS,PARKHOSPSEQN,279.3,279.2,279.2,-0.1,-0.04,1564,436668,305.0,138.1
ANNAPURNA,ANNAPURNAEQN,137.95,137.9,137.9,-0.05,-0.04,43,5929,287.0,120.75
ALPINETEX,ALPINETEXEQN,57.13,57.11,57.11,-0.02,-0.04,378,21587,105.0,50.46
LICMFGOLD,LICMFGOLDEQN,136.3,136.25,136.25,-0.05,-0.04,1470,200287,162.0,98.0
MERCANTILE,MERCANTILEEQN,23.86,23.85,23.85,-0.01,-0.04,3,71,31.9,19.0
SILVERAG,SILVERAGEQN,220.59,220.5,220.5,-0.09,-0.04,916,201978,380.0,121.45
HNDFDS,HNDFDSEQN,618.7,618.4,618.4,-0.3,-0.05,146,90286,677.75,442.0
GLOBECIVIL,GLOBECIVILEQN,44.21,44.19,44.19,-0.02,-0.05,65,2872,80.45,33.5
JUBLINGREA,JUBLINGREAEQN,658.4,658.05,658.05,-0.35,-0.05,378,248742,795.0,537.3
COROMANDEL,COROMANDELEQN,1929.0,1928.0,1928.0,-1.0,-0.05,393,757704,2499.0,1706.5
PETRONET,PETRONETEQN,287.2,287.05,287.05,-0.15,-0.05,4218,1210776,326.4,235.35
SILVER1,SILVER1EQN,22.01,22.0,22.0,-0.01,-0.05,27893,613646,38.8,12.06
SUPREMEPWR,SUPREMEPWRSMN,216.75,216.65,216.65,-0.1,-0.05,500,108325,291.35,130.55
SETFGOLD,SETFGOLDEQN,129.06,129.0,129.0,-0.06,-0.05,46360,5980440,153.95,90.61
ITCHOTELS,ITCHOTELSEQN,153.69,153.6,153.6,-0.09,-0.06,16797,2580019,251.23,137.3
SRHHYPOLTD,SRHHYPOLTDEQN,523.8,523.5,523.5,-0.3,-0.06,6,3141,624.3,382.4
DCBBANK,DCBBANKEQN,226.37,226.23,226.23,-0.14,-0.06,9154,2070909,234.8,122.4
TSFINV,TSFINVEQN,437.25,437.0,437.0,-0.25,-0.06,389,169993,701.5,331.7
SKFINDUS,SKFINDUSEQN,2887.7,2886.0,2886.0,-1.7,-0.06,24,69264,3131.0,1994.1
BYKE,BYKEBEN,31.05,31.03,31.03,-0.02,-0.06,50,1551,73.4,26.25
SOTL,SOTLEQN,716.25,715.8,715.8,-0.45,-0.06,1259,901192,850.1,285.8
SESHAPAPER,SESHAPAPEREQN,251.14,251.0,251.0,-0.14,-0.06,399,100149,293.11,209.96
PREMEXPLN,PREMEXPLNEQN,668.0,667.5,667.5,-0.5,-0.07,489,326407,829.8,378.4
CCCL,CCCLEQN,13.91,13.9,13.9,-0.01,-0.07,674,9368,28.87,12.76
PRICOLLTD,PRICOLLTDEQN,761.4,760.9,760.9,-0.5,-0.07,3087,2348898,823.0,499.9
JINDALSTEL,JINDALSTELEQN,1120.5,1119.7,1119.7,-0.8,-0.07,1395,1561981,1306.2,977.1
TAJGVK,TAJGVKEQN,334.8,334.55,334.55,-0.25,-0.07,445,148874,458.4,281.35
GOLDTECH,GOLDTECHBEN,45.0,44.97,44.97,-0.03,-0.07,125,5621,72.02,29.68
OWAIS,OWAISSTN,76.55,76.5,76.5,-0.05,-0.07,100,7650,580.0,58.1
GOLD360,GOLD360EQN,147.8,147.7,147.7,-0.1,-0.07,103,15213,178.0,87.85
MOGOLD,MOGOLDEQN,149.8,149.7,149.7,-0.1,-0.07,821,122903,175.0,108.0
CARRARO,CARRAROEQN,538.45,538.0,538.0,-0.45,-0.08,127,68326,667.55,416.0
SANDHAR,SANDHAREQN,618.6,618.1,618.1,-0.5,-0.08,1776,1097745,763.2,424.0
ABB,ABBEQN,7274.0,7268.0,7268.0,-6.0,-0.08,256,1860608,7924.5,4637.5
SAREGAMA,SAREGAMAEQN,505.5,505.1,505.1,-0.4,-0.08,1405,709665,574.5,307.05
NEUEON,NEUEONBEN,11.96,11.95,11.95,-0.01,-0.08,91,1087,27.4,5.76
BSLGOLDETF,BSLGOLDETFEQN,133.25,133.15,133.15,-0.1,-0.08,546,72699,155.99,95.33
REFEX,REFEXEQN,273.55,273.3,273.3,-0.25,-0.09,1281,350097,415.0,188.0
UTIAMC,UTIAMCEQN,910.0,909.15,909.15,-0.85,-0.09,403,366387,1418.0,866.0
HINDCOMPOS,HINDCOMPOSEQN,376.45,376.1,376.1,-0.35,-0.09,1,376,550.0,347.1
TATACONSUM,TATACONSUMEQN,991.0,990.1,990.1,-0.9,-0.09,16067,15907936,1282.7,988.0
KALPATARU,KALPATARUEQN,266.25,266.0,266.0,-0.25,-0.09,36,9576,429.3,258.0
SILVERADD,SILVERADDEQN,21.82,21.8,21.8,-0.02,-0.09,1342,29255,39.0,11.98
BAHETI,BAHETISMN,820.85,820.0,820.0,-0.85,-0.1,375,307500,881.0,478.0
LALPATHLAB,LALPATHLABEQN,1909.0,1907.0,1907.0,-2.0,-0.1,441,840987,1988.9,1272.6
VASCONEQ,VASCONEQEQN,30.08,30.05,30.05,-0.03,-0.1,939,28216,74.59,26.75
ASTRAL,ASTRALEQN,1411.4,1410.0,1410.0,-1.4,-0.1,1037,1462170,1768.7,1311.6
EMCURE,EMCUREEQN,1978.9,1977.0,1977.0,-1.9,-0.1,1233,2437641,2048.0,1260.0
SDBL,SDBLEQN,70.07,70.0,70.0,-0.07,-0.1,2879,201530,142.6,61.8
GSFC,GSFCEQN,155.95,155.8,155.8,-0.15,-0.1,1289,200826,212.9,138.83
BPCL,BPCLEQN,304.5,304.2,304.2,-0.3,-0.1,32246,9809233,391.65,266.6
NFL,NFLEQN,68.49,68.42,68.42,-0.07,-0.1,7920,541886,101.4,63.35
GMBREW,GMBREWEQN,910.9,910.0,910.0,-0.9,-0.1,13,11830,1328.8,689.3
TIPSMUSIC,TIPSMUSICEQN,661.55,660.8,660.8,-0.75,-0.11,899,594059,741.0,481.15
GIPCL,GIPCLEQN,199.72,199.5,199.5,-0.22,-0.11,2448,488376,211.71,119.9
HINDCOPPER,HINDCOPPEREQN,514.5,513.95,513.95,-0.55,-0.11,44670,22958146,760.05,244.15
WSTCSTPAPR,WSTCSTPAPREQN,713.8,713.0,713.0,-0.8,-0.11,1183,843479,722.4,375.0
DIFFNKG,DIFFNKGEQN,449.5,449.0,449.0,-0.5,-0.11,122,54778,519.9,216.8
GKENERGY,GKENERGYEQN,127.85,127.71,127.71,-0.14,-0.11,2415,308419,239.6,87.2
NTPC,NTPCEQN,333.4,333.0,333.0,-0.4,-0.12,37317,12426561,414.4,315.55
PGHL,PGHLEQN,5411.5,5405.0,5405.0,-6.5,-0.12,12,64860,6975.0,4707.0
SCPL,SCPLBEN,646.8,646.0,646.0,-0.8,-0.12,22,14212,690.0,190.03
MAXESTATES,MAXESTATESEQN,560.45,559.75,559.75,-0.7,-0.12,59,33025,579.0,305.45
RAINBOW,RAINBOWEQN,1444.9,1443.1,1443.1,-1.8,-0.12,80,115448,1610.0,1084.0
CASTROLIND,CASTROLINDEQN,188.03,187.8,187.8,-0.23,-0.12,4544,853363,210.75,170.1
SILVERBEES,SILVERBEESEQN,216.72,216.45,216.45,-0.27,-0.12,49708,10759296,360.0,119.0
AARTIDRUGS,AARTIDRUGSEQN,428.5,428.0,428.0,-0.5,-0.12,113,48364,534.55,318.95
PPLPHARMA,PPLPHARMAEQN,211.35,211.07,211.07,-0.28,-0.13,7137,1506406,231.93,132.3
MURUDCERA,MURUDCERAEQN,29.78,29.74,29.74,-0.04,-0.13,23,684,47.5,25.16
BLACKROSE,BLACKROSEBEN,108.14,108.0,108.0,-0.14,-0.13,372,40176,129.9,80.05
TITAN,TITANEQN,5009.5,5003.0,5003.0,-6.5,-0.13,3862,19321586,5186.7,3303.1
ABLBL,ABLBLEQN,83.61,83.5,83.5,-0.11,-0.13,5255,438792,150.79,82.6
GOLDETF,GOLDETFEQN,147.2,147.01,147.01,-0.19,-0.13,2257,331801,173.5,106.03
SILVERCASE,SILVERCASEEQN,22.98,22.95,22.95,-0.03,-0.13,51812,1189085,38.01,12.62
GVPTECH,GVPTECHBEN,7.82,7.81,7.81,-0.01,-0.13,579,4521,11.19,5.22
MODIS,MODISEQN,365.5,365.0,365.0,-0.5,-0.14,2,730,429.05,276.0
HINDALCO,HINDALCOEQN,981.5,980.1,980.1,-1.4,-0.14,50832,49820443,1176.0,731.95
BHARATGEAR,BHARATGEARBEN,101.14,101.0,101.0,-0.14,-0.14,33,3333,154.2,83.8
FINEORG,FINEORGEQN,5167.5,5160.5,5160.5,-7.0,-0.14,7,36123,5407.0,3856.0
CLEANMAX,CLEANMAXEQN,1431.0,1429.0,1429.0,-2.0,-0.14,210,300090,1536.0,727.1
JSWCEMENT,JSWCEMENTEQN,118.87,118.7,118.7,-0.17,-0.14,7461,885620,153.45,106.65
VARDHACRLC,VARDHACRLCBEN,44.06,44.0,44.0,-0.06,-0.14,120,5280,48.55,27.01
CANHLIFE,CANHLIFEEQN,151.92,151.7,151.7,-0.22,-0.14,474,71905,166.69,106.0
SUBROS,SUBROSEQN,703.75,702.75,702.75,-1.0,-0.14,107,75194,1213.7,622.1
DRREDDY,DRREDDYEQN,1165.5,1163.7,1163.7,-1.8,-0.15,8570,9972909,1414.9,1101.0
EQUITASBNK,EQUITASBNKEQN,73.15,73.04,73.04,-0.11,-0.15,4360,318454,83.9,51.25
ELECTCAST,ELECTCASTEQN,77.62,77.5,77.5,-0.12,-0.15,15743,1220082,103.95,60.15
SWANCORP,SWANCORPEQN,296.45,296.0,296.0,-0.45,-0.15,6661,1971656,506.0,273.65
JSL,JSLEQN,756.1,755.0,755.0,-1.1,-0.15,668,504340,884.0,652.25
RICOAUTO,RICOAUTOEQN,134.17,133.97,133.97,-0.2,-0.15,1568,210064,157.99,78.92
IRIS,IRISEQN,245.39,245.0,245.0,-0.39,-0.16,8,1960,388.1,203.0
INOXGREEN,INOXGREENEQN,178.21,177.92,177.92,-0.29,-0.16,1862,331287,279.0,132.58
ESCORTS,ESCORTSEQN,2899.7,2895.0,2895.0,-4.7,-0.16,195,564525,3987.8,2700.0
GOKEX,GOKEXEQN,785.5,784.25,784.25,-1.25,-0.16,1377,1079912,954.9,531.0
TIL,TILBEN,255.3,254.9,254.9,-0.4,-0.16,25,6372,371.95,161.25
CAPLIPOINT,CAPLIPOINTEQN,2754.9,2750.2,2750.2,-4.7,-0.17,439,1207337,2877.3,1500.3
KEI,KEIEQN,4578.0,4570.0,4570.0,-8.0,-0.17,959,4382630,5899.0,3728.7
PNBGILTS,PNBGILTSEQN,80.34,80.2,80.2,-0.14,-0.17,702,56300,106.0,58.6
SBIN,SBINEQN,995.7,994.0,994.0,-1.7,-0.17,125956,125200264,1234.7,819.0
EGOLD,EGOLDEQN,151.05,150.8,150.8,-0.25,-0.17,2,301,184.95,109.3
ARIS,ARISEQN,125.46,125.25,125.25,-0.21,-0.17,733,91808,178.3,82.18
PANACEABIO,PANACEABIOEQN,397.65,396.95,396.95,-0.7,-0.18,3448,1368683,647.0,292.4
SHAKTIPUMP,SHAKTIPUMPEQN,493.8,492.9,492.9,-0.9,-0.18,5297,2610891,915.0,456.35
ABFRL,ABFRLEQN,50.44,50.35,50.35,-0.09,-0.18,12966,652838,94.95,49.4
SSWL,SSWLEQN,370.65,370.0,370.0,-0.65,-0.18,3113,1151810,384.15,169.0
PVRINOX,PVRINOXEQN,1237.1,1234.9,1234.9,-2.2,-0.18,349,430980,1284.5,907.4
BRNL,BRNLEQN,16.73,16.7,16.7,-0.03,-0.18,183,3056,26.5,16.06
AAREYDRUGS,AAREYDRUGSEQN,98.89,98.71,98.71,-0.18,-0.18,406,40076,101.29,50.31
SBFC,SBFCEQN,98.19,98.0,98.0,-0.19,-0.19,1969,192962,123.0,79.6
ZUARI,ZUARIEQN,220.42,220.0,220.0,-0.42,-0.19,1370,301400,345.6,175.1
ENTERO,ENTEROEQN,1815.4,1812.0,1812.0,-3.4,-0.19,245,443940,1920.0,944.0
MRPL,MRPLEQN,175.86,175.5,175.5,-0.36,-0.2,30868,5417334,212.31,126.01
VIVIDEL,VIVIDELSMN,1953.85,1950.0,1950.0,-3.85,-0.2,1680,3276000,1988.0,556.0
SIS,SISEQN,419.3,418.45,418.45,-0.85,-0.2,345,144365,480.95,257.05
KIRLPNU,KIRLPNUEQN,719.9,718.45,718.45,-1.45,-0.2,425,305341,1098.55,495.05
SAMPANN,SAMPANNEQN,24.46,24.41,24.41,-0.05,-0.2,105,2563,43.44,23.67
TATAGOLD,TATAGOLDEQN,14.7,14.67,14.67,-0.03,-0.2,168755,2475635,17.7,10.33
MAXIND,MAXINDEQN,146.0,145.7,145.7,-0.3,-0.21,1050,152985,241.57,120.0
UNITDSPR,UNITDSPREQN,1395.0,1392.1,1392.1,-2.9,-0.21,1803,2509956,1563.4,1210.8
DHANUKA,DHANUKAEQN,980.0,977.8,977.8,-2.2,-0.22,85,83113,1620.4,889.6
SARDAEN,SARDAENEQN,524.15,523.0,523.0,-1.15,-0.22,2043,1068489,639.75,453.1
PGEL,PGELEQN,545.0,543.75,543.75,-1.25,-0.23,837,455118,644.4,436.55
RITCO,RITCOEQN,300.7,300.0,300.0,-0.7,-0.23,25,7500,331.15,167.1
POEL,POELEQN,140.83,140.51,140.51,-0.32,-0.23,1747,245470,168.97,138.8
TATSILV,TATSILVEQN,21.99,21.94,21.94,-0.05,-0.23,108912,2389529,35.1,11.63
GKSL,GKSLEQN,171.09,170.7,170.7,-0.39,-0.23,496,84667,180.9,98.36
ADVANIHOTR,ADVANIHOTREQN,49.18,49.06,49.06,-0.12,-0.24,72,3532,65.5,47.0
TVSHLTD,TVSHLTDEQN,13024.0,12991.0,12991.0,-33.0,-0.25,14,181874,16297.0,12555.0
SARTELE,SARTELESMN,79.9,79.7,79.7,-0.2,-0.25,500,39850,264.85,79.05
FOCUS,FOCUSBEN,61.84,61.68,61.68,-0.16,-0.26,411,25350,99.9,57.06
GOKULAGRO,GOKULAGROEQN,226.76,226.18,226.18,-0.58,-0.26,432,97709,259.8,151.0
HINDZINC,HINDZINCEQN,576.45,574.95,574.95,-1.5,-0.26,22983,13214075,733.0,433.55
INDIACEM,INDIACEMEQN,346.9,346.0,346.0,-0.9,-0.26,487,168502,485.8,342.35
3IINFOLTD,3IINFOLTDBEN,22.85,22.79,22.79,-0.06,-0.26,193,4398,27.8,12.68
GENESYS,GENESYSEQN,307.81,307.0,307.0,-0.81,-0.26,8144,2500208,416.33,134.73
OMPOWER,OMPOWEREQN,171.54,171.1,171.1,-0.44,-0.26,808,138248,206.0,158.01
GOLDBEES,GOLDBEESEQN,125.12,124.8,124.8,-0.32,-0.26,182226,22741804,148.14,89.92
DPWIRES,DPWIRESBEN,150.33,149.94,149.94,-0.39,-0.26,138,20691,297.7,125.02
IIFL,IIFLEQN,600.6,599.0,599.0,-1.6,-0.27,11414,6836986,705.0,409.1
BLISSGVS,BLISSGVSBEN,720.95,719.0,719.0,-1.95,-0.27,837,601803,725.9,118.0
SHAH,SHAHEQN,3.51,3.5,3.5,-0.01,-0.28,4271,14948,5.82,2.56
PFC,PFCEQN,353.45,352.45,352.45,-1.0,-0.28,23455,8266714,486.5,329.9
MANORAMA,MANORAMAEQN,2055.7,2050.0,2050.0,-5.7,-0.28,594,1217700,2149.5,1060.6
JUBLFOOD,JUBLFOODEQN,470.25,468.95,468.95,-1.3,-0.28,1598,749382,658.0,408.55
TBI,TBISMN,87.75,87.5,87.5,-0.25,-0.28,1800,157500,105.85,55.0
FINCABLES,FINCABLESEQN,1424.0,1420.0,1420.0,-4.0,-0.28,3870,5495400,1498.0,700.8
ALLDIGI,ALLDIGIEQN,797.3,795.0,795.0,-2.3,-0.29,24,19080,1000.0,700.0
TATVA,TATVAEQN,1608.7,1604.0,1604.0,-4.7,-0.29,144,230976,1838.1,981.5
PARADEEP,PARADEEPEQN,155.96,155.51,155.51,-0.45,-0.29,10201,1586357,201.99,99.7
SPCENET,SPCENETEQN,3.39,3.38,3.38,-0.01,-0.29,7915,26752,11.24,3.0
ICEMAKE,ICEMAKEEQN,730.1,728.0,728.0,-2.1,-0.29,10,7280,920.0,660.3
THEINVEST,THEINVESTEQN,96.8,96.51,96.51,-0.29,-0.3,70,6755,159.29,89.0
USHAMART,USHAMARTEQN,494.5,493.0,493.0,-1.5,-0.3,5615,2768195,529.3,379.05
SHRIPISTON,SHRIPISTONEQN,4371.5,4358.5,4358.5,-13.0,-0.3,107,466359,4785.8,2525.8
NCLIND,NCLINDEQN,175.05,174.52,174.52,-0.53,-0.3,450,78534,215.22,147.5
MGL,MGLEQN,1084.3,1081.0,1081.0,-3.3,-0.3,172,185932,1378.0,900.0
BFUTILITIE,BFUTILITIEEQN,548.9,547.15,547.15,-1.75,-0.32,209,114354,898.7,368.7
APOLLOPIPE,APOLLOPIPEEQN,554.9,553.15,553.15,-1.75,-0.32,1071,592423,668.8,252.1
NAHARINDUS,NAHARINDUSEQN,131.62,131.2,131.2,-0.42,-0.32,150,19680,154.0,83.05
BIOFILCHEM,BIOFILCHEMEQN,34.51,34.4,34.4,-0.11,-0.32,141,4850,46.34,25.6
TRUALT,TRUALTEQN,416.35,415.0,415.0,-1.35,-0.32,410,170150,549.0,310.2
VSTTILLERS,VSTTILLERSEQN,4042.9,4030.1,4030.1,-12.8,-0.32,54,217625,6374.0,4026.3
VEDPOWER,VEDPOWEREQN,33.62,33.51,33.51,-0.11,-0.33,57717,1934096,49.88,33.06
LAL,LALEQN,8.83,8.8,8.8,-0.03,-0.34,92,809,12.77,5.56
MCX,MCXEQN,3276.0,3265.0,3265.0,-11.0,-0.34,10122,33048330,3480.0,1505.2
SPMLINFRA,SPMLINFRAEQN,171.63,171.05,171.05,-0.58,-0.34,245,41907,288.75,151.01
UTTAMSUGAR,UTTAMSUGAREQN,279.85,278.9,278.9,-0.95,-0.34,253,70561,359.3,181.1
WEBELSOLAR,WEBELSOLAREQN,75.84,75.33,75.33,-0.26,-0.34,17484,1317069,137.9,50.4
SIGACHI,SIGACHIEQN,37.93,37.8,37.8,-0.13,-0.34,91200,3447360,46.73,16.65
PRAJIND,PRAJINDEQN,322.15,321.05,321.05,-1.1,-0.34,1789,574358,427.65,273.0
NAZARA,NAZARAEQN,370.3,369.05,369.05,-1.25,-0.34,1393,514086,380.0,215.7
LAXMIDENTL,LAXMIDENTLEQN,202.84,202.14,202.14,-0.7,-0.35,111,22437,377.05,155.88
SINCLAIR,SINCLAIREQN,80.28,80.0,80.0,-0.28,-0.35,167,13360,114.75,68.82
INDIGO,INDIGOEQN,4973.0,4955.5,4955.5,-17.5,-0.35,3510,17393805,5970.0,3895.2
VIRINCHI,VIRINCHIEQN,14.25,14.2,14.2,-0.05,-0.35,2,28,32.69,13.75
BOSCH-HCIL,BOSCH-HCILEQN,1704.0,1698.0,1698.0,-6.0,-0.35,35,59430,1891.3,1021.3
TRIGYN,TRIGYNEQN,56.1,55.9,55.9,-0.2,-0.36,55,3074,102.4,37.55
DBSTOCKBRO,DBSTOCKBROBEN,27.61,27.51,27.51,-0.1,-0.36,13,357,48.5,23.15
CHEMCRUX,CHEMCRUXEQN,82.4,82.1,82.1,-0.3,-0.36,5,410,89.29,79.66
SBC,SBCEQN,48.33,48.15,48.15,-0.18,-0.37,9257,445724,49.38,20.97
LICI,LICIEQN,404.1,402.6,402.6,-1.5,-0.37,34674,13959752,468.48,360.75
PINELABS,PINELABSEQN,202.17,201.4,201.4,-0.77,-0.38,419296,84446214,284.0,134.73
NATIONALUM,NATIONALUMEQN,361.0,359.6,359.6,-1.4,-0.39,47754,17172338,445.15,198.68
HGM,HGMEQN,48.68,48.49,48.49,-0.19,-0.39,1,48,82.4,42.0
AAVAS,AAVASEQN,1275.1,1270.1,1270.1,-5.0,-0.39,161,204486,1771.9,1060.4
MCLEODRUSS,MCLEODRUSSEQN,43.28,43.11,43.11,-0.17,-0.39,1142,49231,78.41,28.5
THOMASCOTT,THOMASCOTTEQN,237.55,236.6,236.6,-0.95,-0.4,220,52052,459.8,230.0
EKI,EKIEQN,69.28,69.0,69.0,-0.28,-0.4,522,36018,82.5,68.13
AMRUTANJAN,AMRUTANJANEQN,490.95,489.0,489.0,-1.95,-0.4,95,46455,774.3,482.8
RELIANCE,RELIANCEEQN,1257.5,1252.5,1252.5,-5.0,-0.4,576736,722361840,1611.8,1249.8
DIVINEHIRA,DIVINEHIRASTN,112.4,111.95,111.95,-0.45,-0.4,1200,134340,126.5,28.67
DCMSHRIRAM,DCMSHRIRAMEQN,1000.0,996.0,996.0,-4.0,-0.4,32,31872,1414.4,945.1
SHEKHAWATI,SHEKHAWATIBEN,19.37,19.29,19.29,-0.08,-0.41,266,5131,25.75,9.12
JLHL,JLHLEQN,279.15,278.0,278.0,-1.15,-0.41,338,93964,340.0,235.6
ESABINDIA,ESABINDIAEQN,5884.0,5860.0,5860.0,-24.0,-0.41,9,52740,7319.5,4710.0
AURUS,AURUSEQN,4.89,4.87,4.87,-0.02,-0.41,58,282,7.49,4.1
NITCO,NITCOEQN,93.71,93.32,93.32,-0.39,-0.42,251,23423,123.59,64.0
FDC,FDCEQN,341.45,340.0,340.0,-1.45,-0.42,626,212840,527.8,312.95
GYFTR,GYFTREQN,175.73,175.0,175.0,-0.73,-0.42,285,49875,193.9,139.69
ABREL,ABRELEQN,1281.6,1276.2,1276.2,-5.4,-0.42,748,954597,1965.3,1080.1
IRMENERGY,IRMENERGYEQN,280.25,279.05,279.05,-1.2,-0.43,782,218217,393.0,165.4
GOPAL,GOPALEQN,257.35,256.25,256.25,-1.1,-0.43,272,69700,393.0,247.55
VMART,VMARTEQN,808.95,805.5,805.5,-3.45,-0.43,55,44302,888.0,457.9
5PAISA,5PAISAEQN,326.55,325.1,325.1,-1.45,-0.44,39,12678,416.95,245.5
SYMPHONY,SYMPHONYEQN,592.65,590.05,590.05,-2.6,-0.44,1145,675607,970.45,564.0
RSSOFTWARE,RSSOFTWAREEQN,29.63,29.5,29.5,-0.13,-0.44,3,88,82.0,21.93
TVSELECT,TVSELECTEQN,413.85,412.0,412.0,-1.85,-0.45,160,65920,739.35,336.2
TRITURBINE,TRITURBINEEQN,569.65,567.1,567.1,-2.55,-0.45,1841,1044031,787.6,428.35
MINDACORP,MINDACORPEQN,705.45,702.3,702.3,-3.15,-0.45,603,423486,769.0,468.5
NEULANDLAB,NEULANDLABEQN,23535.0,23430.0,23430.0,-105.0,-0.45,52,1218360,24225.0,11500.0
ESILVER,ESILVEREQN,226.52,225.5,225.5,-1.02,-0.45,66,14883,375.0,124.05
ECLERX,ECLERXEQN,1899.6,1890.8,1890.8,-8.8,-0.46,339,640981,2497.5,1320.0
CCL,CCLEQN,1081.0,1076.0,1076.0,-5.0,-0.46,636,684336,1242.2,815.5
CANFINHOME,CANFINHOMEEQN,779.75,776.2,776.2,-3.55,-0.46,959,744375,971.5,733.0
TECHNOCRAF,TECHNOCRAFEQN,442.3,440.25,440.25,-2.05,-0.46,6625,2916656,459.8,284.0
QUESS,QUESSEQN,348.0,346.35,346.35,-1.65,-0.47,1108,383755,388.75,166.3
PYRAMID,PYRAMIDEQN,157.74,157.0,157.0,-0.74,-0.47,310,48670,198.69,131.8
VPRPL,VPRPLEQN,36.17,36.0,36.0,-0.17,-0.47,4259,153324,121.93,23.94
SBICARD,SBICARDEQN,655.2,652.1,652.1,-3.1,-0.47,1542,1005538,965.0,565.45
INGERRAND,INGERRANDEQN,4573.0,4551.6,4551.6,-21.4,-0.47,159,723704,4955.0,3063.3
NAM-INDIA,NAM-INDIAEQN,1189.6,1184.0,1184.0,-5.6,-0.47,1731,2049504,1269.5,795.8
BANSALWIRE,BANSALWIREEQN,309.35,307.9,307.9,-1.45,-0.47,619,190590,370.0,222.5
EMPIND,EMPINDEQN,1054.0,1049.0,1049.0,-5.0,-0.47,101,105949,1248.0,1041.2
NECCLTD,NECCLTDBEN,19.1,19.01,19.01,-0.09,-0.47,34,646,24.01,10.55
MAFATIND,MAFATINDEQN,122.57,122.0,122.0,-0.57,-0.47,400,48800,157.77,119.02
PPAP,PPAPBEN,238.85,237.7,237.7,-1.15,-0.48,20,4754,379.5,176.0
KDL,KDLSMN,93.45,93.0,93.0,-0.45,-0.48,450,41850,250.0,84.05
SERVOTECH,SERVOTECHEQN,77.28,76.91,76.91,-0.37,-0.48,6041,464613,141.5,57.51
GLAXO,GLAXOEQN,2828.4,2814.9,2814.9,-13.5,-0.48,152,427864,3120.7,2088.1
IGPL,IGPLEQN,547.05,544.4,544.4,-2.65,-0.48,71,38652,590.0,315.0
KAVDEFENCE,KAVDEFENCEEQN,69.33,69.0,69.0,-0.33,-0.48,2556,176364,162.87,51.51
ZYDUSWELL,ZYDUSWELLEQN,552.0,549.35,549.35,-2.65,-0.48,471,258743,611.85,367.55
ACCURACY,ACCURACYBEN,4.19,4.17,4.17,-0.02,-0.48,922,3844,7.51,3.4
AFFORDABLE,AFFORDABLEEQN,159.88,159.09,159.09,-0.79,-0.49,76,12090,297.0,119.71
ROHLTD,ROHLTDEQN,306.3,304.8,304.8,-1.5,-0.49,15,4572,562.95,269.4
ROSSARI,ROSSARIEQN,446.15,443.95,443.95,-2.2,-0.49,474,210432,690.3,375.0
ATAM,ATAMEQN,55.38,55.11,55.11,-0.27,-0.49,12,661,111.0,48.5
BOROSCI,BOROSCIEQN,125.28,124.66,124.66,-0.62,-0.49,139,17327,180.8,96.64
PRSMJOHNSN,PRSMJOHNSNEQN,113.35,112.8,112.8,-0.55,-0.49,843,95090,176.0,97.1
LORDSCHLO,LORDSCHLOEQN,137.67,136.99,136.99,-0.68,-0.49,1,136,233.0,108.0
PPL,PPLBEN,285.55,284.15,284.15,-1.4,-0.49,71,20174,334.4,163.21
ODIGMA,ODIGMAEQN,22.23,22.12,22.12,-0.11,-0.49,57,1260,56.09,20.0
TOTAL,TOTALBEN,76.78,76.4,76.4,-0.38,-0.49,1,76,87.89,45.0
RAMAPHO,RAMAPHOEQN,122.67,122.06,122.06,-0.61,-0.5,333,40645,217.19,103.5
GRINDWELL,GRINDWELLEQN,1885.8,1876.4,1876.4,-9.4,-0.5,82,153864,2455.0,1329.0
MEIL,MEILEQN,282.1,280.7,280.7,-1.4,-0.5,708,198735,547.9,206.26
MPDL,MPDLBEN,32.11,31.95,31.95,-0.16,-0.5,50,1597,45.29,23.26
APEX,APEXEQN,368.5,366.65,366.65,-1.85,-0.5,515,188824,514.5,219.86
ORKLAINDIA,ORKLAINDIAEQN,591.25,588.3,588.3,-2.95,-0.5,156,91774,760.0,533.25
LOTUSCHO,LOTUSCHOEQN,589.45,586.5,586.5,-2.95,-0.5,35,20527,671.0,579.6
SCANSTL,SCANSTLBEN,56.34,56.06,56.06,-0.28,-0.5,2,112,68.81,31.35
BAIDFIN,BAIDFINEQN,11.88,11.82,11.82,-0.06,-0.51,618,7304,12.98,8.8
LINC,LINCEQN,95.61,95.12,95.12,-0.49,-0.51,50,4756,134.9,85.01
NAVNETEDUL,NAVNETEDULEQN,127.85,127.2,127.2,-0.65,-0.51,77,9794,166.0,121.5
CAPACITE,CAPACITEEQN,191.98,191.0,191.0,-0.98,-0.51,1263,241233,334.0,180.0
DBOL,DBOLEQN,118.55,117.94,117.94,-0.61,-0.51,1421,167592,139.0,69.0
RBMINFRA,RBMINFRASMN,316.6,315.0,315.0,-1.6,-0.51,200,63000,524.8,221.0
VILAS,VILASSMN,346.0,344.2,344.2,-1.8,-0.52,250,86050,604.0,320.0
LCL,LCLEQN,553.05,550.2,550.2,-2.85,-0.52,870,478674,604.7,461.0
PRAKASHSTL,PRAKASHSTLEQN,3.75,3.73,3.73,-0.02,-0.53,3718,13868,6.57,3.63
INDOBORAX,INDOBORAXEQN,484.55,482.0,482.0,-2.55,-0.53,284,136888,542.8,225.31
GICHSGFIN,GICHSGFINEQN,136.84,136.11,136.11,-0.73,-0.53,560,76221,184.0,130.05
ANDREWYU,ANDREWYUEQN,26.24,26.1,26.1,-0.14,-0.53,188,4906,30.49,24.51
VADILALIND,VADILALINDEQN,6960.5,6923.0,6923.0,-37.5,-0.54,104,719992,8447.0,3996.0
SUNRAKSHAK,SUNRAKSHAKEQN,377.05,375.0,375.0,-2.05,-0.54,25,9375,382.4,361.05
GMRP&UI,GMRP&UIEQN,94.07,93.55,93.55,-0.52,-0.55,2585,241826,136.95,86.8
WAKEFIT,WAKEFITEQN,155.13,154.27,154.27,-0.86,-0.55,2151,331834,224.0,111.4
KUSUMGAR,KUSUMGAREQN,568.1,565.0,565.0,-3.1,-0.55,1505,850325,659.5,548.0
POWERINDIA,POWERINDIAEQN,31435.0,31260.0,31260.0,-175.0,-0.56,264,8252640,38785.0,16111.0
RESPONIND,RESPONINDEQN,173.27,172.3,172.3,-0.97,-0.56,1908,328748,240.9,117.25
DALMIASUG,DALMIASUGEQN,417.35,415.0,415.0,-2.35,-0.56,409,169735,520.0,261.4
PGIL,PGILEQN,1187.7,1181.1,1181.1,-6.6,-0.56,563,664959,1269.8,600.0
ONIDA,ONIDAEQN,32.18,32.0,32.0,-0.18,-0.56,1365,43680,49.23,21.5
RPTECH,RPTECHEQN,819.65,815.0,815.0,-4.65,-0.57,1425,1161375,967.7,292.25
BOROLTD,BOROLTDEQN,257.48,256.01,256.01,-1.47,-0.57,1078,275978,397.95,213.73
GRASIM,GRASIMEQN,3281.9,3263.3,3263.3,-18.6,-0.57,4538,14808855,3411.1,2502.5
MANAPPURAM,MANAPPURAMEQN,329.0,327.1,327.1,-1.9,-0.58,13451,4399822,381.55,245.15
INDIGOPNTS,INDIGOPNTSEQN,1089.3,1083.0,1083.0,-6.3,-0.58,199,215517,1345.9,708.05
WELCORP,WELCORPEQN,2676.6,2661.2,2661.2,-15.4,-0.58,8862,23583554,2784.8,710.0
BEL,BELEQN,404.35,402.0,402.0,-2.35,-0.58,60092,24156984,473.45,380.45
LLOYDSME,LLOYDSMEEQN,1799.6,1789.1,1789.1,-10.5,-0.58,4925,8811317,2125.0,1042.9
SAIPARENT,SAIPARENTEQN,523.35,520.3,520.3,-3.05,-0.58,35,18210,706.0,400.0
RAJRATAN,RAJRATANEQN,498.15,495.2,495.2,-2.95,-0.59,369,182728,563.95,305.55
ATLANTAA,ATLANTAAEQN,37.22,37.0,37.0,-0.22,-0.59,11,407,73.39,31.52
BMWVENTLTD,BMWVENTLTDEQN,54.05,53.73,53.73,-0.32,-0.59,504,27079,78.0,48.0
NKIND,NKINDEQN,55.43,55.1,55.1,-0.33,-0.6,7,385,87.78,49.66
CHOLAFIN,CHOLAFINEQN,1845.9,1834.8,1834.8,-11.1,-0.6,7152,13122489,1952.5,1299.4
CHALET,CHALETEQN,877.25,872.0,872.0,-5.25,-0.6,400,348800,1070.1,691.35
CANBK,CANBKEQN,124.0,123.25,123.25,-0.75,-0.6,198284,24438503,162.89,110.64
SKFINDIA,SKFINDIAEQN,1527.8,1518.6,1518.6,-9.2,-0.6,700,1063020,5074.0,1404.0
AHLADA,AHLADAEQN,35.06,34.85,34.85,-0.21,-0.6,15,522,72.0,31.22
SINGERIND,SINGERINDEQN,76.16,75.7,75.7,-0.46,-0.6,1355,102573,91.3,57.15
HCL-INSYS,HCL-INSYSEQN,10.07,10.01,10.01,-0.06,-0.6,13333,133463,16.5,9.01
WEWORK,WEWORKEQN,670.25,666.15,666.15,-4.1,-0.61,166,110580,794.5,420.0
GVT&D,GVT&DEQN,4548.1,4520.0,4520.0,-28.1,-0.62,3635,16430200,5650.0,2523.2
PROSTARM,PROSTARMEQN,133.63,132.8,132.8,-0.83,-0.62,2354,312611,237.0,114.64
APOLLOTYRE,APOLLOTYREEQN,417.65,415.0,415.0,-2.65,-0.63,2341,971515,540.5,365.3
SUDARCOLOR,SUDARCOLOREQN,378.4,376.0,376.0,-2.4,-0.63,856,321856,603.0,268.25
UTLSOLAR,UTLSOLAREQN,447.8,445.0,445.0,-2.8,-0.63,988,439660,494.25,172.0
AVROIND,AVROINDEQN,7.81,7.76,7.76,-0.05,-0.64,1000,7760,15.99,7.72
IVZINGOLD,IVZINGOLDEQN,131.9,131.05,131.05,-0.85,-0.64,529,69325,156.0,94.63
DREAMFOLKS,DREAMFOLKSEQN,66.12,65.69,65.69,-0.43,-0.65,192,12612,160.0,56.0
ICICIAMC,ICICIAMCEQN,3041.5,3021.7,3021.7,-19.8,-0.65,752,2272318,3611.0,2530.0
VARDMNPOLY,VARDMNPOLYEQN,5.94,5.9,5.9,-0.04,-0.67,3608,21287,9.49,5.1
BAJAJCON,BAJAJCONEQN,520.5,517.0,517.0,-3.5,-0.67,811,419287,692.0,222.78
CANTABIL,CANTABILEQN,240.21,238.6,238.6,-1.61,-0.67,513,122401,321.5,208.5
SANGAMIND,SANGAMINDEQN,574.4,570.55,570.55,-3.85,-0.67,40,22822,672.5,375.0
KANANIIND,KANANIINDEQN,1.5,1.49,1.49,-0.01,-0.67,4357,6491,2.1,1.02
JYOTIRES,JYOTIRESEQN,867.85,862.0,862.0,-5.85,-0.67,368,317216,911.0,830.25
ASIANTILES,ASIANTILESEQN,50.34,50.0,50.0,-0.34,-0.68,3633,181650,79.06,42.5
BAJEL,BAJELEQN,179.89,178.67,178.67,-1.22,-0.68,512,91479,226.69,135.1
CURIS,CURISSTN,198.35,197.0,197.0,-1.35,-0.68,1000,197000,228.8,83.6
AXTEL,AXTELEQN,440.2,437.2,437.2,-3.0,-0.68,480,209856,454.8,385.0
TORNTPHARM,TORNTPHARMEQN,4965.5,4931.0,4931.0,-34.5,-0.69,2120,10453720,5250.0,3480.6
BUTTERFLY,BUTTERFLYEQN,586.25,582.15,582.15,-4.1,-0.7,1447,842371,823.85,565.8
ABSLAMC,ABSLAMCEQN,1109.9,1102.0,1102.0,-7.9,-0.71,1210,1333420,1224.9,708.0
GVPIL,GVPILEQN,652.65,648.0,648.0,-4.65,-0.71,503,325944,1084.0,270.9
ATLANTAELE,ATLANTAELEEQN,1777.8,1765.1,1765.1,-12.7,-0.71,52,91785,2152.6,707.6
CSLFINANCE,CSLFINANCEEQN,220.98,219.38,219.38,-1.6,-0.72,730,160147,324.7,209.7
POWERGRID,POWERGRIDEQN,269.1,267.15,267.15,-1.95,-0.72,65295,17443559,324.95,250.0
NIRAJ,NIRAJEQN,27.22,27.02,27.02,-0.2,-0.73,100,2702,51.98,20.15
PREMIERENE,PREMIERENEEQN,974.2,967.1,967.1,-7.1,-0.73,3308,3199166,1134.0,660.0
NUCLEUS,NUCLEUSEQN,696.45,691.4,691.4,-5.05,-0.73,28,19359,1084.8,682.0
MANAKALUCO,MANAKALUCOEQN,36.87,36.55,36.55,-0.27,-0.73,691,25256,68.12,21.73
GPTHEALTH,GPTHEALTHEQN,159.38,158.2,158.2,-1.18,-0.74,301,47618,175.0,115.0
KAMATHOTEL,KAMATHOTELEQN,224.2,222.55,222.55,-1.65,-0.74,19,4228,329.8,140.2
ASHIANA,ASHIANAEQN,346.75,344.2,344.2,-2.55,-0.74,96,33043,435.9,269.45
SBILIFE,SBILIFEEQN,1684.7,1672.1,1672.1,-12.6,-0.75,10141,16956766,2132.0,1671.0
CGCL,CGCLEQN,266.0,264.0,264.0,-2.0,-0.75,7988,2108832,287.45,151.1
PTCIL,PTCILEQN,23630.0,23450.0,23450.0,-180.0,-0.76,157,3681650,24125.0,13762.0
ROTO,ROTOEQN,64.29,63.8,63.8,-0.49,-0.76,769,49062,85.28,47.5
OMAXE,OMAXEEQN,123.98,123.03,123.03,-0.95,-0.77,1284,157970,138.89,62.5
CREDITACC,CREDITACCEQN,1424.2,1413.3,1413.3,-10.9,-0.77,366,517267,1634.0,1113.0
VLSFINANCE,VLSFINANCEEQN,244.0,242.12,242.12,-1.88,-0.77,829,200717,339.0,198.81
TOLINS,TOLINSEQN,89.4,88.71,88.71,-0.69,-0.77,590,52338,202.0,83.04
GROWWSLVR,GROWWSLVREQN,22.2,22.03,22.03,-0.17,-0.77,19,418,36.3,12.26
CURAA,CURAAEQN,79.61,79.0,79.0,-0.61,-0.77,200,15800,235.2,60.0
NIITLTD,NIITLTDEQN,92.49,91.77,91.77,-0.72,-0.78,4209,386259,114.75,49.0
THELEELA,THELEELAEQN,542.3,538.0,538.0,-4.3,-0.79,519,279222,582.85,384.5
ARFIN,ARFINEQN,85.98,85.3,85.3,-0.68,-0.79,361,30793,106.2,41.6
CSBBANK,CSBBANKEQN,305.7,303.25,303.25,-2.45,-0.8,8797,2667690,574.4,304.0
MONARCH,MONARCHEQN,373.95,370.95,370.95,-3.0,-0.8,456,169153,406.95,235.45
AVTNPL,AVTNPLEQN,90.13,89.4,89.4,-0.73,-0.81,665,59451,97.0,53.5
CIPLA,CIPLAEQN,1366.0,1355.0,1355.0,-11.0,-0.81,5153,6982315,1673.0,1165.7
MONOLITH,MONOLITHSMN,1432.55,1421.0,1421.0,-11.55,-0.81,500,710500,1505.0,367.0
TVTODAY,TVTODAYEQN,109.3,108.4,108.4,-0.9,-0.82,547,59294,154.29,93.5
VIDHIING,VIDHIINGEQN,334.45,331.7,331.7,-2.75,-0.82,1,331,387.85,258.6
COMFINTE,COMFINTEEQN,6.08,6.03,6.03,-0.05,-0.82,383,2309,9.19,5.21
GANECOS,GANECOSEQN,1013.3,1005.0,1005.0,-8.3,-0.82,351,352755,1358.4,653.55
RATNAVEER,RATNAVEEREQN,288.3,285.9,285.9,-2.4,-0.83,41341,11819391,316.0,130.5
STEELCITY,STEELCITYEQN,90.3,89.55,89.55,-0.75,-0.83,835,74774,105.57,71.26
NURECA,NURECABEN,332.75,330.0,330.0,-2.75,-0.83,40,13200,358.0,204.0
NILE,NILEEQN,1452.1,1440.0,1440.0,-12.1,-0.83,36,51840,2018.9,1437.1
BETA,BETAEQN,2118.5,2101.0,2101.0,-17.5,-0.83,110,231110,2807.9,990.1
LAXMIINDIA,LAXMIINDIAEQN,129.07,128.0,128.0,-1.07,-0.83,451,57728,180.9,71.06
DANISH,DANISHSMN,997.4,989.0,989.0,-8.4,-0.84,150,148350,1094.9,550.5
CYBERMEDIA,CYBERMEDIABEN,22.69,22.5,22.5,-0.19,-0.84,1102,24795,28.99,11.3
SANSTAR,SANSTAREQN,110.53,109.59,109.59,-0.94,-0.85,1385,151782,137.49,74.3
MOLDTKPAC,MOLDTKPACEQN,676.45,670.7,670.7,-5.75,-0.85,222,148895,847.4,464.9
KSHITIJPOL,KSHITIJPOLEQN,3.48,3.45,3.45,-0.03,-0.86,116396,401566,7.2,1.88
PERNIASPOP,PERNIASPOPEQN,569.9,564.95,564.95,-4.95,-0.87,721,407328,588.9,515.85
RANASUG,RANASUGEQN,14.74,14.61,14.61,-0.13,-0.88,907,13251,16.45,10.21
BLAL,BLALEQN,161.47,160.03,160.03,-1.44,-0.89,25,4000,229.88,155.5
REDTAPE,REDTAPEEQN,116.1,115.07,115.07,-1.03,-0.89,1957,225191,163.5,107.53
GOLDBETA,GOLDBETAEQN,127.5,126.35,126.35,-1.15,-0.9,618,78084,149.35,90.0
HARIOMPIPE,HARIOMPIPEEQN,359.2,355.95,355.95,-3.25,-0.9,861,306472,572.2,268.05
TEAMLEASE,TEAMLEASEEQN,1241.4,1230.1,1230.1,-11.3,-0.91,107,131620,1944.3,1065.2
C2C,C2CSMN,212.15,210.2,210.2,-1.95,-0.92,1950,409890,814.0,204.5
KRITIKA,KRITIKAEQN,5.4,5.35,5.35,-0.05,-0.93,1327,7099,9.55,4.5
ACC,ACCEQN,1246.5,1234.9,1234.9,-11.6,-0.93,4803,5931224,1987.0,1230.6
MODIRUBBER,MODIRUBBEREQN,123.91,122.76,122.76,-1.15,-0.93,1,122,167.5,98.41
COCKERILL,COCKERILLEQN,8191.0,8115.0,8115.0,-76.0,-0.93,8,64920,10871.5,4955.0
AJAXENGG,AJAXENGGEQN,590.6,585.05,585.05,-5.55,-0.94,120,70206,697.55,394.8
WANBURY,WANBURYEQN,239.35,237.1,237.1,-2.25,-0.94,1358,321981,358.85,161.5
MILKYMIST,MILKYMISTEQN,292.77,290.0,290.0,-2.77,-0.95,593691,172170390,292.77,165.0
VIVIANA,VIVIANAEQN,752.15,745.0,745.0,-7.15,-0.95,9,6705,1162.5,565.0
JISLDVREQS,JISLDVREQSEQN,20.76,20.56,20.56,-0.2,-0.96,9,185,35.48,18.5
CONTROLPR,CONTROLPREQN,588.7,583.0,583.0,-5.7,-0.97,168,97944,899.0,517.0
AIIL,AIILEQN,544.35,539.0,539.0,-5.35,-0.98,3567,1922613,683.0,400.0
AAKASH,AAKASHEQN,9.1,9.01,9.01,-0.09,-0.99,912,8217,13.4,7.21
YATRA,YATRAEQN,115.42,114.28,114.28,-1.14,-0.99,5812,664195,202.0,89.9
CEINSYS,CEINSYSEQN,707.0,700.0,700.0,-7.0,-0.99,492,344400,1249.9,672.0
AONEGOLD,AONEGOLDEQN,14.15,14.01,14.01,-0.14,-0.99,219,3068,17.73,10.21
HMVL,HMVLBEN,79.9,79.1,79.1,-0.8,-1.0,23,1819,108.16,55.2
SAATVIKGL,SAATVIKGLEQN,395.95,392.0,392.0,-3.95,-1.0,226,88592,567.0,328.0
PRIMESECU,PRIMESECUEQN,283.05,280.2,280.2,-2.85,-1.01,452,126650,325.0,248.0
HAZOOR,HAZOOREQN,19.22,19.02,19.02,-0.2,-1.04,2522,47968,22.49,17.44
GANESHHOU,GANESHHOUEQN,763.4,755.4,755.4,-8.0,-1.05,314,237195,899.7,500.0
ALPHAGEO,ALPHAGEOBEN,310.25,307.0,307.0,-3.25,-1.05,35,10745,368.0,164.8
AYMSYNTEX,AYMSYNTEXEQN,281.65,278.65,278.65,-3.0,-1.07,1269,353606,330.0,141.53
KAYA,KAYABEN,331.7,328.1,328.1,-3.6,-1.09,10,3281,487.9,224.01
MENNPIS,MENNPISBEN,78.65,77.79,77.79,-0.86,-1.09,425,33060,85.8,52.35
ATLASCYCLE,ATLASCYCLEEQN,95.71,94.66,94.66,-1.05,-1.1,200,18932,130.0,76.15
OSWALAGRO,OSWALAGROEQN,35.6,35.2,35.2,-0.4,-1.12,145,5104,81.0,33.4
ARIHANTSUP,ARIHANTSUPEQN,218.45,216.0,216.0,-2.45,-1.12,55,11880,465.0,188.8
UFBL,UFBLBEN,698.85,690.95,690.95,-7.9,-1.13,101,69785,850.0,172.34
PVSL,PVSLEQN,101.3,100.13,100.13,-1.17,-1.15,450,45058,163.0,82.41
BECTORFOOD,BECTORFOODEQN,242.5,239.7,239.7,-2.8,-1.15,21621,5182553,285.04,165.0
LOKESHMACH,LOKESHMACHEQN,347.15,343.15,343.15,-4.0,-1.15,59,20245,385.8,138.96
DODLA,DODLAEQN,1090.8,1078.1,1078.1,-12.7,-1.16,179,192979,1487.4,964.1
ABCOTS,ABCOTSEQN,203.06,200.7,200.7,-2.36,-1.16,50,10035,504.0,196.81
MANGLMCEM,MANGLMCEMEQN,1028.0,1016.0,1016.0,-12.0,-1.17,39,39624,1120.0,679.35
HILINFRA,HILINFRAEQN,41.53,41.04,41.04,-0.49,-1.18,2014,82654,91.3,40.2
ASHIMASYN,ASHIMASYNEQN,16.61,16.41,16.41,-0.2,-1.2,606,9944,26.0,11.5
SCHAND,SCHANDEQN,137.72,136.05,136.05,-1.67,-1.21,100,13605,200.0,130.05
NITTAGELA,NITTAGELAEQN,1645.3,1625.4,1625.4,-19.9,-1.21,79,128406,2087.2,837.05
ANAWIL,ANAWILSMN,462.3,456.6,456.6,-5.7,-1.23,400,182640,491.95,313.2
NDTV,NDTVEQN,72.02,71.13,71.13,-0.89,-1.24,6003,426993,134.5,58.75
CRESTO,CRESTOEQN,16.91,16.7,16.7,-0.21,-1.24,2,33,28.45,14.35
NARMADA,NARMADAEQN,14.38,14.2,14.2,-0.18,-1.25,8257,117249,22.59,9.95
TAMBOLIIN,TAMBOLIINBEN,306.85,303.0,303.0,-3.85,-1.25,100,30300,314.9,141.5
MANGALAM,MANGALAMEQN,36.46,36.0,36.0,-0.46,-1.26,524,18864,79.49,22.8
K2INFRA,K2INFRASTN,47.15,46.55,46.55,-0.6,-1.27,600,27930,82.8,40.8
JENBURPH,JENBURPHEQN,1003.9,991.2,991.2,-12.7,-1.27,30,29736,1073.9,998.6
PVP,PVPEQN,64.82,63.99,63.99,-0.83,-1.28,3345,214046,71.9,23.0
NETWEB,NETWEBEQN,5027.0,4962.0,4962.0,-65.0,-1.29,12677,62903274,5813.0,2822.3
MOLBIO,MOLBIOEQN,1438.2,1419.7,1419.7,-18.5,-1.29,12622,17919453,1686.8,926.35
GLOSTERLTD,GLOSTERLTDEQN,583.1,575.5,575.5,-7.6,-1.3,175,100712,756.45,495.0
NOVARTIND,NOVARTINDEQN,2391.3,2360.2,2360.2,-31.1,-1.3,459,1083331,2588.8,950.0
UNIONGOLD,UNIONGOLDEQN,148.3,146.35,146.35,-1.95,-1.31,55,8049,177.0,106.8
KLBRENG-B,KLBRENG-BEQN,486.95,480.5,480.5,-6.45,-1.32,3517,1689918,544.85,332.4
WAAREEENER,WAAREEENEREQN,2625.0,2590.0,2590.0,-35.0,-1.33,6336,16410240,3865.0,2403.0
ENERGYDEV,ENERGYDEVEQN,14.92,14.72,14.72,-0.2,-1.34,23,338,29.69,13.15
CREST,CRESTEQN,355.25,350.5,350.5,-4.75,-1.34,1,350,418.0,298.15
HMT,HMTBZN,63.36,62.5,62.5,-0.86,-1.36,121,7562,72.95,41.0
ANIKINDS,ANIKINDSEQN,44.66,44.05,44.05,-0.61,-1.37,500,22025,83.4,32.5
HFCL,HFCLBEN,233.69,230.5,230.5,-3.19,-1.37,233619,53849179,256.7,59.82
PARASPETRO,PARASPETROEQN,2.17,2.14,2.14,-0.03,-1.38,527,1127,3.23,1.53
HATSUN,HATSUNEQN,1224.4,1207.2,1207.2,-17.2,-1.4,5171,6242431,1240.2,855.3
PAR,PARBEN,140.92,138.9,138.9,-2.02,-1.43,303,42086,180.0,78.05
CUBEXTUB,CUBEXTUBEQN,77.1,76.0,76.0,-1.1,-1.43,3445,261820,143.69,73.1
REMUS,REMUSSMN,880.0,867.45,867.45,-12.55,-1.43,200,173490,987.5,580.0
PROZONER,PROZONEREQN,52.88,52.12,52.12,-0.76,-1.44,608,31688,72.77,39.55
AJOONI,AJOONIEQN,3.47,3.42,3.42,-0.05,-1.44,6620,22640,5.94,3.4
SATIA,SATIAEQN,68.01,67.01,67.01,-1.0,-1.47,1,67,86.0,50.8
KOVAI,KOVAIEQN,6203.5,6111.5,6111.5,-92.0,-1.48,109,666153,6444.0,5275.5
VRAJ,VRAJEQN,125.5,123.63,123.63,-1.87,-1.49,1600,197808,159.99,93.0
PATILAUTOM,PATILAUTOMSMN,312.65,308.0,308.0,-4.65,-1.49,1200,369600,338.0,112.05
ARIES,ARIESBEN,475.6,468.5,468.5,-7.1,-1.49,15,7027,524.75,285.35
TTL,TTLEQN,6.66,6.56,6.56,-0.1,-1.5,90,590,11.8,5.5
MASTERTR,MASTERTREQN,90.61,89.25,89.25,-1.36,-1.5,6240,556920,164.5,55.6
IFGLEXPOR,IFGLEXPOREQN,206.08,202.99,202.99,-3.09,-1.5,429,87082,338.0,119.68
JITFINFRA,JITFINFRAEQN,290.35,286.0,286.0,-4.35,-1.5,305,87230,458.3,222.35
ESAFSFB,ESAFSFBBEN,39.61,39.01,39.01,-0.6,-1.51,2339,91244,44.99,19.78
BLUSPRING,BLUSPRINGEQN,131.48,129.5,129.5,-1.98,-1.51,1101,142579,139.8,43.98
OAL,OALEQN,532.1,524.0,524.0,-8.1,-1.52,107,56068,559.7,228.0
PILITA,PILITAEQN,7.84,7.72,7.72,-0.12,-1.53,122,941,15.9,6.2
VLINFRA,VLINFRASMN,26.15,25.75,25.75,-0.4,-1.53,1500,38625,39.6,18.0
AARON,AARONEQN,126.94,125.0,125.0,-1.94,-1.53,401,50125,228.0,106.8
21STCENMGM,21STCENMGMEQN,38.39,37.8,37.8,-0.59,-1.54,131,4951,55.06,28.25
SWARNSAR,SWARNSAREQN,39.66,39.05,39.05,-0.61,-1.54,10,390,45.7,32.0
CORALFINAC,CORALFINACEQN,32.16,31.65,31.65,-0.51,-1.59,4,126,50.9,25.01
UNITEDTEA,UNITEDTEAEQN,432.95,426.05,426.05,-6.9,-1.59,8,3408,590.0,412.0
INSPIRISYS,INSPIRISYSEQN,85.43,84.05,84.05,-1.38,-1.62,36,3025,133.9,69.92
RUBFILA,RUBFILAEQN,68.51,67.4,67.4,-1.11,-1.62,256,17254,88.88,57.31
RADIOCITY,RADIOCITYEQN,6.15,6.05,6.05,-0.1,-1.63,740,4477,9.25,4.5
CAPTRUST,CAPTRUSTBEN,18.12,17.82,17.82,-0.3,-1.66,933,16626,34.07,10.98
MAGNUM,MAGNUMEQN,18.73,18.42,18.42,-0.31,-1.66,100,1842,29.55,16.25
INDIAGLYCO,INDIAGLYCOBEN,294.9,290.0,290.0,-4.9,-1.66,4847,1405630,1222.0,217.0
RUDRA,RUDRAEQN,20.49,20.15,20.15,-0.34,-1.66,269,5420,29.7,14.63
PANAMAPET,PANAMAPETEQN,483.15,475.05,475.05,-8.1,-1.68,7575,3598503,599.6,229.0
SHREERAMA,SHREERAMAEQN,47.12,46.31,46.31,-0.81,-1.72,1202,55664,71.99,37.62
INFOMEDIA,INFOMEDIAEQN,5.2,5.11,5.11,-0.09,-1.73,4,20,8.05,4.5
GENUSPAPER,GENUSPAPEREQN,12.04,11.83,11.83,-0.21,-1.74,150,1774,18.71,8.67
GLOTTIS,GLOTTISEQN,59.04,58.0,58.0,-1.04,-1.76,380,22040,93.0,37.0
MARALOVER,MARALOVEREQN,62.41,61.3,61.3,-1.11,-1.78,87,5333,68.89,34.11
OMFREIGHT,OMFREIGHTBEN,89.12,87.5,87.5,-1.62,-1.82,191,16712,114.33,58.95
TECHNVISN,TECHNVISNEQN,4788.0,4700.0,4700.0,-88.0,-1.84,1,4700,6198.0,3222.8
PEARLPOLY,PEARLPOLYEQN,15.51,15.22,15.22,-0.29,-1.87,50,761,33.28,12.75
SASKEN,SASKENEQN,1783.6,1749.9,1749.9,-33.7,-1.89,2118,3706288,2780.2,991.0
FELDVR,FELDVRBZN,2.12,2.08,2.08,-0.04,-1.89,5,10,3.74,2.07
BIRLACABLE,BIRLACABLEEQN,392.35,384.95,384.95,-7.4,-1.89,18437,7097323,395.0,104.0
KOTARISUG,KOTARISUGBEN,28.57,28.03,28.03,-0.54,-1.89,272,7624,39.94,22.5
BLUECHIP,BLUECHIPBEN,2.1,2.06,2.06,-0.04,-1.9,145,298,4.41,1.65
SIGMA,SIGMAEQN,44.19,43.35,43.35,-0.84,-1.9,8905,386031,65.5,35.46
KRONOX,KRONOXBEN,175.92,172.55,172.55,-3.37,-1.92,276,47623,223.42,96.0
GOLDENTOBC,GOLDENTOBCBZN,25.49,25.0,25.0,-0.49,-1.92,8,200,37.5,20.34
BIGBLOC,BIGBLOCEQN,40.79,40.0,40.0,-0.79,-1.94,3514,140560,80.0,38.0
HILTON,HILTONEQN,18.06,17.71,17.71,-0.35,-1.94,10600,187726,47.75,13.43
TGBHOTELS,TGBHOTELSEQN,9.7,9.51,9.51,-0.19,-1.96,62,589,13.4,7.5
AKG,AKGEQN,10.61,10.4,10.4,-0.21,-1.98,108,1123,15.34,8.06
RELINFRA,RELINFRABEN,53.66,52.6,52.6,-1.06,-1.98,5682,298873,274.45,53.66
VIVOBIOT,VIVOBIOTEQN,17.13,16.79,16.79,-0.34,-1.98,43,721,20.94,16.5
ARVEE,ARVEEEQN,180.69,177.1,177.1,-3.59,-1.99,102,18064,290.78,129.11
ACL,ACLEQN,42.7,41.85,41.85,-0.85,-1.99,110,4603,100.01,40.5
SECURKLOUD,SECURKLOUDEQN,16.51,16.18,16.18,-0.33,-2.0,10000,161800,34.18,15.6
AARNAV,AARNAVBEN,30.56,29.95,29.95,-0.61,-2.0,4,119,37.4,21.0
ARENTERP,ARENTERPEQN,33.34,32.67,32.67,-0.67,-2.01,1,32,60.79,30.01
PRIMECAB,PRIMECABSTN,169.75,166.3,166.3,-3.45,-2.03,3200,532160,222.0,70.4
VSTL,VSTLEQN,119.71,117.25,117.25,-2.46,-2.05,111,13014,164.58,100.8
AKSHOPTFBR,AKSHOPTFBRBEN,8.78,8.6,8.6,-0.18,-2.05,9486,81579,9.01,3.82
ASAHISONG,ASAHISONGBEN,363.95,356.05,356.05,-7.9,-2.17,196,69785,413.95,179.64
MEDICAPQ,MEDICAPQEQN,31.7,31.0,31.0,-0.7,-2.21,153,4743,36.8,20.33
GUJAPOLLO,GUJAPOLLOEQN,348.1,340.25,340.25,-7.85,-2.26,271,92207,512.0,300.5
STLTECH,STLTECHBEN,897.4,877.1,877.1,-20.3,-2.26,154935,135893488,897.45,84.6
VALIANTLAB,VALIANTLABBEN,127.91,125.01,125.01,-2.9,-2.27,1700,212517,129.9,49.51
LOTUSEYE,LOTUSEYEEQN,113.9,111.3,111.3,-2.6,-2.28,1,111,147.0,97.59
DSFCL,DSFCLBEN,24.73,24.16,24.16,-0.57,-2.3,50,1208,52.5,17.28
ZIMLAB,ZIMLABEQN,139.22,136.0,136.0,-3.22,-2.31,11150,1516400,144.49,59.31
NEXTMEDIA,NEXTMEDIAEQN,3.9,3.81,3.81,-0.09,-2.31,5005,19069,8.48,3.16
NATCAPSUQ,NATCAPSUQBEN,189.39,185.01,185.01,-4.38,-2.31,56,10360,296.0,136.36
CRSL,CRSLBEN,2.6,2.54,2.54,-0.06,-2.31,4797,12184,3.56,1.72
LFIC,LFICEQN,139.35,136.1,136.1,-3.25,-2.33,1,136,224.85,111.0
HTEL,HTELBEN,85.6,83.6,83.6,-2.0,-2.34,177733,14858478,85.6,71.1
MBLINFRA,MBLINFRAEQN,23.0,22.46,22.46,-0.54,-2.35,204,4581,52.48,18.37
ALLETEC,ALLETECSMN,132.0,128.75,128.75,-3.25,-2.46,400,51500,297.0,115.8
HYBRIDFIN,HYBRIDFINBEN,16.61,16.2,16.2,-0.41,-2.47,178,2883,33.62,13.06
SPECIALITY,SPECIALITYBEN,141.7,138.2,138.2,-3.5,-2.47,100,13820,167.46,82.7
SHAHALLOYS,SHAHALLOYSBEN,92.62,90.3,90.3,-2.32,-2.5,30,2709,116.85,53.1
KEYFINSERV,KEYFINSERVEQN,239.2,233.0,233.0,-6.2,-2.59,3,699,382.1,220.0
ARSHIYA,ARSHIYABZN,0.76,0.74,0.74,-0.02,-2.63,8986,6649,2.19,0.68
GENSOL,GENSOLBZN,17.1,16.65,16.65,-0.45,-2.63,367,6110,46.02,16.4
E2E,E2EBEN,610.35,593.8,593.8,-16.55,-2.71,14025,8328045,698.0,183.36
ASTRON,ASTRONBZN,2.94,2.86,2.86,-0.08,-2.72,159,454,17.17,2.87
WEALTH,WEALTHEQN,845.25,822.0,822.0,-23.25,-2.75,2,1644,1294.8,774.95
WSI,WSIEQN,61.92,60.2,60.2,-1.72,-2.78,100,6020,95.0,53.8
ZODIAC,ZODIACEQN,227.98,221.5,221.5,-6.48,-2.84,214,47401,415.0,205.55
ARVSMART,ARVSMARTEQN,598.05,581.0,581.0,-17.05,-2.85,3720,2161320,707.85,486.8
STALLION,STALLIONBEN,225.09,218.5,218.5,-6.59,-2.93,4630,1011655,359.15,99.32
VISACHROME,VISACHROMEEQN,35.03,34.0,34.0,-1.03,-2.94,2,68,73.68,27.05
PHANTOMFX,PHANTOMFXSMN,112.35,109.0,109.0,-3.35,-2.98,300,32700,311.0,106.25
QUALIANCE,QUALIANCESTN,236.1,229.0,229.0,-7.1,-3.01,23000,5267000,0.0,0.0
KHANDSE,KHANDSEEQN,17.1,16.58,16.58,-0.52,-3.04,350,5803,26.88,12.2
MUNISH,MUNISHSMN,93.0,90.15,90.15,-2.85,-3.06,1200,108180,143.0,50.2
SREEL,SREELBEN,333.27,323.0,323.0,-10.27,-3.08,215,69445,0.0,0.0
OPTIFIN,OPTIFINEQN,14.5,14.05,14.05,-0.45,-3.1,600,8430,16.0,11.25
GOYALALUM,GOYALALUMEQN,6.01,5.82,5.82,-0.19,-3.16,16170,94109,11.37,5.34
INA,INAEQN,92.98,90.0,90.0,-2.98,-3.2,27490,2474100,161.81,79.75
LATTEYS,LATTEYSEQN,21.8,21.08,21.08,-0.72,-3.3,1500,31620,37.0,15.79
LEMERITE,LEMERITEEQN,21.11,20.41,20.41,-0.7,-3.32,90010,1837104,107.57,19.52
FASCINATE,FASCINATESMN,53.15,51.35,51.35,-1.8,-3.39,1600,82160,120.8,53.15
HINDCON,HINDCONEQN,24.09,23.2,23.2,-0.89,-3.69,43,997,37.75,15.66
UNIVPHOTO,UNIVPHOTOBEN,540.15,520.0,520.0,-20.15,-3.73,12,6240,580.0,180.6
KONSTELEC,KONSTELECSTN,63.5,61.1,61.1,-2.4,-3.78,1000,61100,75.65,28.0
MEGASTAR,MEGASTAREQN,277.5,266.9,266.9,-10.6,-3.82,126,33629,392.0,203.0
AUSTENG,AUSTENGEQN,135.29,130.0,130.0,-5.29,-3.91,200,26000,139.0,110.0
SRIKPRIND,SRIKPRINDBEN,30.75,29.5,29.5,-1.25,-4.07,6,177,36.8,19.4
JAYKAY-RE1,JAYKAY-RE1BEN,87.07,83.5,83.5,-3.57,-4.1,3025,252587,96.95,70.0
GATECH,GATECHBEN,0.73,0.7,0.7,-0.03,-4.11,1636429,1145500,1.11,0.4
MOS,MOSSTN,6.0,5.75,5.75,-0.25,-4.17,4000,23000,28.55,6.0
COUNCODOS,COUNCODOSBEN,6.4,6.13,6.13,-0.27,-4.22,407,2494,7.97,3.71
SELMC,SELMCBEN,29.25,28.0,28.0,-1.25,-4.27,350,9800,48.77,25.5
DHARIWAL,DHARIWALSMN,27.75,26.55,26.55,-1.2,-4.32,12000,318600,48.3,16.55
MYSORPETRO,MYSORPETROBEN,141.1,135.01,135.01,-6.09,-4.32,21,2835,182.03,111.0
UCAL,UCALBEN,143.43,137.1,137.1,-6.33,-4.41,2858,391831,163.8,77.0
AKSHARCHEM,AKSHARCHEMBEN,423.4,404.1,404.1,-18.8,-4.45,363,146688,472.0,141.3
MICROPRO,MICROPROSMN,19.0,18.15,18.15,-0.85,-4.47,1600,29040,25.4,15.15
IDENTICAL,IDENTICALSMN,18.85,18.0,18.0,-0.85,-4.51,2000,36000,43.6,14.1
COMPINFO,COMPINFOBZN,1.1,1.05,1.05,-0.05,-4.55,79,82,2.37,0.91
NRL,NRLBEN,133.06,127.0,127.0,-6.06,-4.55,672,85344,138.0,45.1
ESCONET,ESCONETSTN,249.5,238.05,238.05,-11.45,-4.59,800,190440,280.0,91.25
NAGAFERT,NAGAFERTBZN,1.95,1.86,1.86,-0.09,-4.62,23468,43650,6.37,1.95
TVVISION,TVVISIONBEN,2.74,2.61,2.61,-0.13,-4.74,11050,28840,12.4,2.74
CRAYONS,CRAYONSSMN,23.95,22.8,22.8,-1.15,-4.8,1000,22800,58.85,23.5
BHADORA,BHADORASTN,123.0,117.1,117.1,-5.9,-4.8,1200,140520,128.85,49.5
RAMASTEEL,RAMASTEELBEN,3.93,3.74,3.74,-0.19,-4.83,252578,944641,11.58,3.43
SKYTECH,SKYTECHSMN,27.9,26.55,26.55,-1.35,-4.84,14400,382320,74.0,27.9
VCL,VCLBEN,1.65,1.57,1.57,-0.08,-4.85,10609,16656,2.66,0.87
PURPLEUTED,PURPLEUTEDSTN,450.15,428.2,428.2,-21.95,-4.88,250,107050,587.95,244.45
PRUDMOULI,PRUDMOULIBEN,16.35,15.55,15.55,-0.8,-4.89,7,108,38.98,11.26
LASA,LASABEN,6.52,6.2,6.2,-0.32,-4.91,6474,40138,19.0,5.67
AVATAR,AVATARSTN,242.4,230.5,230.5,-11.9,-4.91,4000,922000,258.0,45.5
MTARTECH,MTARTECHBEN,7312.5,6950.0,6950.0,-362.5,-4.96,3258,22643100,8714.0,1483.0
BURNPUR,BURNPURBEN,16.71,15.88,15.88,-0.83,-4.97,1992,31632,22.63,11.13
INDOTHAI,INDOTHAIEQN,41.17,39.12,39.12,-2.05,-4.98,59670,2334290,466.35,33.97
GSMFOILS,GSMFOILSSMN,86.1,81.8,81.8,-4.3,-4.99,4000,327200,293.85,79.7
MORARJEE,MORARJEEBZN,9.22,8.76,8.76,-0.46,-4.99,2862,25071,12.41,5.58
TIJARIA,TIJARIABEN,7.41,7.04,7.04,-0.37,-4.99,7131,50202,9.8,3.55
ANNU,ANNUBEN,58.35,55.44,55.44,-2.91,-4.99,16541,917033,75.6,56.5
LALITHAA,LALITHAAEQN,338.6,321.7,321.7,-16.9,-4.99,72311,23262448,343.9,240.35
POLYSIL,POLYSILSMN,81.15,77.1,77.1,-4.05,-4.99,500,38550,356.75,47.25
SUPTANERY,SUPTANERYBEN,10.28,9.72,9.72,-0.51,-4.99,6858,66659,16.21,6.81
ONIXSOLAR,ONIXSOLAREQN,438.65,416.75,416.75,-21.9,-4.99,1519,633043,464.2,262.45
SWARAJ,SWARAJBEN,335.15,318.4,318.4,-16.75,-5.0,303,96475,386.75,158.5
SETL,SETLEQN,468.15,444.75,444.75,-23.4,-5.0,45888,20408688,468.15,104.56
RHETAN,RHETANEQN,24.01,22.81,22.81,-1.2,-5.0,161253,3678180,34.87,19.1
VINEETLAB,VINEETLABEQN,37.02,35.17,35.17,-1.85,-5.0,7122,250480,43.5,27.96
S&SPOWER,S&SPOWEREQN,350.35,332.85,332.85,-17.5,-5.0,1258,418725,468.9,193.5
HEG,HEGBEN,237.2,225.35,225.35,-11.85,-5.0,53209,11990648,753.9,237.2
SPELS,SPELSBEN,145.65,138.37,138.37,-7.28,-5.0,247,34177,0.0,0.0
SUNSHINE,SUNSHINEEQN,407.8,385.0,385.0,-22.8,-5.59,75016,28881160,524.95,363.6
YCCL,YCCLSMN,8.5,8.0,8.0,-0.5,-5.88,3000,24000,13.95,8.0
PNCINFRA,PNCINFRAEQN,175.4,165.0,165.0,-10.4,-5.93,67451,11129415,325.0,158.17
GTECJAINX,GTECJAINXEQN,26.65,24.8,24.8,-1.85,-6.94,3000,74400,38.35,15.54
ATALREAL,ATALREALEQN,13.75,12.38,12.38,-1.37,-9.96,48385,599006,36.7,13.75
SRGHFL,SRGHFLEQN,156.0,140.4,140.4,-15.6,-10.0,706,99122,335.0,156.0
KIRANVYPAR,KIRANVYPAREQN,207.02,182.6,182.6,-24.42,-11.8,100,18260,219.0,148.27
