symbol,identifier,previousClose,lastPrice,iep,change,pChange,finalQuantity,totalTurnover,yearHigh,yearLow
PENTAGON,PENTAGONSMN,62.4,74.85,74.85,12.45,19.95,5000,374250,99.5,49.15
AKI,AKIEQN,5.48,6.57,6.57,1.09,19.89,705517,4635246,10.48,3.8
STARTECK,STARTECKEQN,247.9,290.0,290.0,42.1,16.98,1,290,349.95,215.1
KSHITIJ-RE,KSHITIJ-REBEN,0.06,0.07,0.07,0.01,16.67,89277,6249,0.06,0.02
IVC,IVCEQN,9.59,10.99,10.99,1.4,14.6,439521,4830335,9.9,6.02
RHETAN,RHETANEQN,21.02,23.12,23.12,2.1,9.99,637112,14730029,34.87,19.1
NOIDATOLL,NOIDATOLLEQN,4.11,4.5,4.5,0.39,9.49,27910,125595,7.43,2.87
SVGLOBAL,SVGLOBALEQN,120.01,130.0,130.0,9.99,8.32,1,130,144.98,114.3
KHAITANLTD,KHAITANLTDEQN,160.8,174.0,174.0,13.2,8.21,132,22968,166.0,85.0
BALAXI,BALAXIEQN,25.01,26.99,26.99,1.98,7.92,1400,37786,47.87,15.2
DHARAN,DHARANBZN,0.13,0.14,0.14,0.01,7.69,256797,35951,0.61,0.11
AKG,AKGEQN,9.21,9.89,9.89,0.68,7.38,1,9,15.34,8.06
ICDSLTD,ICDSLTDEQN,59.06,63.4,63.4,4.34,7.35,2022,128194,62.32,36.4
SGL,SGLEQN,10.21,10.95,10.95,0.74,7.25,1,10,20.79,8.4
LCCINFOTEC,LCCINFOTECEQN,3.64,3.89,3.89,0.25,6.87,13002,50577,5.89,3.3
GOCLCORP,GOCLCORPEQN,391.7,417.0,417.0,25.3,6.46,6573,2740941,459.9,223.35
USK,USKEQN,20.6,21.9,21.9,1.3,6.31,1,21,35.17,18.97
BESTAGRO,BESTAGROEQN,18.82,20.0,20.0,1.18,6.27,134704,2694080,34.4,12.3
SOMICONVEY,SOMICONVEYEQN,90.45,95.99,95.99,5.54,6.12,236,22653,169.4,80.16
MERCURYEV,MERCURYEVEQN,36.66,38.87,38.87,2.21,6.03,42,1632,41.5,30.16
STLSTRINF,STLSTRINFEQN,19.57,20.75,20.75,1.18,6.03,1,20,22.78,14.59
PARNAXLAB,PARNAXLABEQN,137.23,144.95,144.95,7.72,5.63,57,8262,144.9,108.03
BOHRAIND,BOHRAINDEQN,12.36,13.05,13.05,0.69,5.58,1,13,26.91,12.0
LPDC,LPDCEQN,6.68,7.05,7.05,0.37,5.54,373,2629,9.46,5.23
TANAA,TANAAEQN,281.5,297.0,297.0,15.5,5.51,658,195426,322.0,280.5
SANWARIA,SANWARIABZN,0.19,0.2,0.2,0.01,5.26,2002,400,0.39,0.18
SRIKPRIND,SRIKPRINDEQN,30.42,32.0,32.0,1.58,5.19,9260,296320,30.42,19.4
KSHITIJPOL,KSHITIJPOLEQN,3.0,3.15,3.15,0.15,5.0,101940,321111,7.2,1.88
SWANDEF,SWANDEFBEN,2444.7,2566.9,2566.9,122.2,5.0,1207,3098248,2750.0,430.8
SICALLOG,SICALLOGBEN,103.7,108.88,108.88,5.18,5.0,6193,674293,122.5,60.11
MBECL,MBECLBEN,234.83,246.57,246.57,11.74,5.0,84,20711,234.83,213.0
INDIAGLYCO,INDIAGLYCOBEN,236.2,248.0,248.0,11.8,5.0,251,62248,0.0,0.0
HPTL,HPTLSMN,330.75,347.25,347.25,16.5,4.99,600,208350,360.0,190.0
SOMATEX,SOMATEXEQN,88.34,92.75,92.75,4.41,4.99,2199,203957,161.25,62.15
MVKAGRO,MVKAGROSMN,214.4,225.1,225.1,10.7,4.99,900,202590,819.0,152.05
AKSHARCHEM,AKSHARCHEMBEN,403.85,424.0,424.0,20.15,4.99,1101,466824,403.85,141.3
BIKEWO,BIKEWOSTN,104.7,109.9,109.9,5.2,4.97,4000,439600,115.8,13.65
GSLSU,GSLSUEQN,25.74,27.02,27.02,1.28,4.97,4411,119185,139.67,23.06
MINALIND,MINALINDBEN,4.86,5.1,5.1,0.24,4.94,52553,268020,4.86,1.71
RNBDENIMS,RNBDENIMSEQN,11.37,11.93,11.93,0.56,4.93,2933,34990,67.67,7.72
CALSOFT,CALSOFTBEN,41.08,43.09,43.09,2.01,4.89,49386,2128042,41.08,10.9
ASHOKAMET,ASHOKAMETEQN,13.49,14.15,14.15,0.66,4.89,1,14,21.0,12.13
COOLCAPS,COOLCAPSSTN,22.5,23.6,23.6,1.1,4.89,5000,118000,99.5,19.0
DHARIWAL,DHARIWALSMN,22.7,23.8,23.8,1.1,4.85,27000,642600,48.3,16.13
POLYSIL,POLYSILSMN,63.9,67.0,67.0,3.1,4.85,500,33500,356.75,47.25
TVVISION,TVVISIONBEN,3.31,3.47,3.47,0.16,4.83,2,6,12.4,3.23
CYBERMEDIA,CYBERMEDIAEQN,19.9,20.86,20.86,0.96,4.82,96,2002,22.81,11.3
SETCO,SETCOBEN,17.51,18.35,18.35,0.84,4.8,48,880,28.62,11.56
KALYANIFRG,KALYANIFRGBEN,1113.65,1166.5,1166.5,52.85,4.75,67,78155,1192.25,523.6
STEL,STELEQN,601.45,629.9,629.9,28.45,4.73,1,629,689.95,380.0
MAKS,MAKSSMN,13.75,14.4,14.4,0.65,4.73,3000,43200,36.0,12.65
SYSTMTXC,SYSTMTXCBEN,56.82,59.5,59.5,2.68,4.72,2,119,177.9,51.89
DELTAMAGNT,DELTAMAGNTEQN,57.74,60.45,60.45,2.71,4.69,1,60,93.45,45.51
PIONRINV,PIONRINVBEN,76.43,79.99,79.99,3.56,4.66,1,79,135.44,72.5
SABAR,SABARSTN,8.65,9.05,9.05,0.4,4.62,15000,135750,9.55,3.95
KANCOTEA,KANCOTEAEQN,54.67,57.0,57.0,2.33,4.26,38,2166,58.0,46.2
POLYSPIN,POLYSPINEQN,28.77,29.99,29.99,1.22,4.24,1,29,34.79,28.0
KEEPLEARN,KEEPLEARNEQN,1.9,1.98,1.98,0.08,4.21,122,241,3.21,1.51
GLOBALE,GLOBALEEQN,11.23,11.7,11.7,0.47,4.19,102,1193,15.4,9.2
INDTERRAIN,INDTERRAINEQN,30.16,31.4,31.4,1.24,4.11,100,3140,42.62,24.56
GEEKAYWIRE,GEEKAYWIREEQN,27.86,28.99,28.99,1.13,4.06,2348,68068,40.63,18.51
MANCREDIT,MANCREDITEQN,227.79,237.0,237.0,9.21,4.04,2273,538701,287.27,152.06
PAR,PAREQN,168.25,175.0,175.0,6.75,4.01,8790,1538250,168.72,78.05
TARMAT,TARMATEQN,62.78,65.29,65.29,2.51,4.0,42929,2802834,73.9,46.26
UEL,UELEQN,219.15,227.9,227.9,8.75,3.99,4648,1059279,284.2,92.32
MONARCH,MONARCHEQN,372.4,386.9,386.9,14.5,3.89,1797,695259,406.95,235.45
DGCONTENT,DGCONTENTEQN,24.95,25.89,25.89,0.94,3.77,100,2589,39.57,21.61
TOTAL,TOTALEQN,69.06,71.65,71.65,2.59,3.75,2,143,87.89,45.0
LKPSEC,LKPSECEQN,15.19,15.76,15.76,0.57,3.75,2,31,18.43,14.01
VILAS,VILASSMN,349.0,361.95,361.95,12.95,3.71,2000,723900,604.0,320.0
IPRINGLTD,IPRINGLTDEQN,167.78,174.0,174.0,6.22,3.71,200,34800,187.0,124.5
PRAENG,PRAENGEQN,24.86,25.77,25.77,0.91,3.66,200,5154,33.88,17.0
EXXARO,EXXAROEQN,6.6,6.84,6.84,0.24,3.64,424,2900,10.33,5.99
TRANSPEK,TRANSPEKBEN,1384.9,1435.0,1435.0,50.1,3.62,10,14350,1475.0,952.3
AAREYDRUGS,AAREYDRUGSEQN,91.72,95.0,95.0,3.28,3.58,1100,104500,100.0,50.31
ORCHASP,ORCHASPEQN,1.4,1.45,1.45,0.05,3.57,10,14,4.16,1.25
SHRENIK,SHRENIKBZN,0.28,0.29,0.29,0.01,3.57,370,107,0.65,0.27
QMSMEDI,QMSMEDIBEN,158.33,163.98,163.98,5.65,3.57,1,163,164.7,68.95
ANTELOPUS,ANTELOPUSEQN,951.15,985.0,985.0,33.85,3.56,47514,46801290,951.15,357.0
AUSOMENT,AUSOMENTEQN,156.45,162.0,162.0,5.55,3.55,101,16362,178.0,93.0
MANGALAM,MANGALAMEQN,30.33,31.4,31.4,1.07,3.53,1321,41479,79.7,22.8
SWARAJ,SWARAJBEN,357.4,370.0,370.0,12.6,3.53,10,3700,386.75,158.5
TARAPUR,TARAPUREQN,13.04,13.5,13.5,0.46,3.53,76,1026,39.99,12.21
VALIANTLAB,VALIANTLABBEN,96.13,99.5,99.5,3.37,3.51,4095,407452,110.7,49.51
HILTON,HILTONEQN,18.79,19.45,19.45,0.66,3.51,53,1030,47.75,13.43
SIGMA,SIGMAEQN,46.85,48.49,48.49,1.64,3.5,721,34961,65.5,35.46
SITINET,SITINETBZN,0.29,0.3,0.3,0.01,3.45,12385,3715,0.51,0.27
SEKURITIND,SEKURITINDEQN,113.7,117.6,117.6,3.9,3.43,1,117,124.65,113.21
ADROITINFO,ADROITINFOEQN,10.26,10.61,10.61,0.35,3.41,203,2153,12.2,7.55
MODIRUBBER,MODIRUBBEREQN,123.8,128.0,128.0,4.2,3.39,2,256,167.5,98.41
HECPROJECT,HECPROJECTEQN,116.09,119.99,119.99,3.9,3.36,200,23998,160.5,92.1
GAYAPROJ,GAYAPROJEQN,21.46,22.18,22.18,0.72,3.36,256,5678,26.0,8.28
WEL,WELEQN,75.98,78.5,78.5,2.52,3.32,11593,910050,183.53,75.01
FERMENTA,FERMENTAEQN,520.65,537.75,537.75,17.1,3.28,557,299526,580.45,248.85
SHEKHAWATI,SHEKHAWATIBEN,15.3,15.8,15.8,0.5,3.27,146,2306,25.75,9.12
KANANIIND,KANANIINDEQN,1.53,1.58,1.58,0.05,3.27,3486,5507,2.15,1.02
ASIANTNE,ASIANTNEEQN,9.83,10.15,10.15,0.32,3.26,2,20,10.99,8.64
IL&FSTRANS,IL&FSTRANSBZN,2.19,2.26,2.26,0.07,3.2,2,4,3.34,1.75
YAAP,YAAPSMN,124.0,127.95,127.95,3.95,3.19,2000,255900,214.4,117.0
WAKEFIT,WAKEFITEQN,152.47,157.33,157.33,4.86,3.19,36362,5720833,224.0,111.4
MANORAMA,MANORAMAEQN,1813.1,1869.8,1869.8,56.7,3.13,3794,7094021,2043.0,1060.6
AKASH,AKASHEQN,25.2,25.98,25.98,0.78,3.1,19,493,36.0,22.8
BHAGERIA,BHAGERIABEN,276.35,284.9,284.9,8.55,3.09,23923,6815662,276.35,127.51
CHEMBONDCH,CHEMBONDCHBEN,261.4,269.45,269.45,8.05,3.08,5,1347,290.0,104.85
VTMLTD,VTMLTDEQN,57.73,59.5,59.5,1.77,3.07,350,20825,61.9,44.5
INDIANHUME,INDIANHUMEEQN,388.7,400.55,400.55,11.85,3.05,1544,618449,432.0,279.8
METROGLOBL,METROGLOBLEQN,132.95,137.0,137.0,4.05,3.05,9,1233,165.0,110.0
AGROPHOS,AGROPHOSEQN,24.99,25.75,25.75,0.76,3.04,5,128,47.47,23.9
ECORECO,ECORECOEQN,454.45,468.2,468.2,13.75,3.03,45,21069,494.9,443.75
EMKAY,EMKAYEQN,255.3,262.95,262.95,7.65,3.0,601,158032,409.9,186.0
BASILIC,BASILICSMN,192.05,197.8,197.8,5.75,2.99,300,59340,509.8,164.0
IWP,IWPEQN,34.96,36.0,36.0,1.04,2.97,56,2016,39.15,28.0
CENTENKA,CENTENKAEQN,602.35,620.0,620.0,17.65,2.93,7175,4448500,671.65,371.2
MEDICAMEQ,MEDICAMEQEQN,265.25,273.0,273.0,7.75,2.92,1003,273819,447.65,212.4
SHREDIGCEM,SHREDIGCEMEQN,70.95,73.0,73.0,2.05,2.89,300,21900,100.8,53.9
RELCHEMQ,RELCHEMQEQN,111.7,114.89,114.89,3.19,2.86,1,114,167.7,105.01
AFFORDABLE,AFFORDABLEEQN,159.41,163.88,163.88,4.47,2.8,1,163,297.0,119.71
DANGEE,DANGEEEQN,2.87,2.95,2.95,0.08,2.79,12,35,5.08,2.53
BALAJEE,BALAJEEEQN,26.25,26.98,26.98,0.73,2.78,2,53,59.4,21.1
ELGNZ,ELGNZSMN,88.55,91.0,91.0,2.45,2.77,1000,91000,163.0,52.0
TORNTPOWER,TORNTPOWEREQN,1248.9,1283.5,1283.5,34.6,2.77,7866,10096011,1824.1,1188.0
TIJARIA,TIJARIAEQN,7.58,7.79,7.79,0.21,2.77,8389,65350,8.05,3.55
AHLADA,AHLADAEQN,37.27,38.3,38.3,1.03,2.76,1,38,72.0,31.22
GYFTR,GYFTREQN,183.0,188.0,188.0,5.0,2.73,2,376,189.17,139.69
ECOSMOBLTY,ECOSMOBLTYEQN,114.79,117.9,117.9,3.11,2.71,3059,360656,294.6,103.94
HLVLTD,HLVLTDEQN,6.3,6.47,6.47,0.17,2.7,185,1196,12.6,5.6
RADIOCITY,RADIOCITYEQN,6.32,6.49,6.49,0.17,2.69,150,973,9.25,4.5
RKDL,RKDLEQN,18.25,18.74,18.74,0.49,2.68,9,168,32.48,16.3
CORDSCABLE,CORDSCABLEEQN,315.5,323.9,323.9,8.4,2.66,861,278877,329.3,127.01
VITAL,VITALEQN,54.5,55.95,55.95,1.45,2.66,2,111,69.4,35.4
DEEPINDS,DEEPINDSEQN,693.65,712.0,712.0,18.35,2.65,2154,1533648,720.0,330.0
VGCL,VGCLEQN,53.59,55.0,55.0,1.41,2.63,40,2200,62.95,52.01
BLUSPRING,BLUSPRINGEQN,132.44,135.9,135.9,3.46,2.61,4180,568062,136.67,43.98
CHEMFAB,CHEMFABEQN,355.25,364.45,364.45,9.2,2.59,2,728,703.0,290.35
CLEANMAX,CLEANMAXEQN,1257.6,1290.0,1290.0,32.4,2.58,2496,3219840,1536.0,727.1
BANG,BANGEQN,33.49,34.34,34.34,0.85,2.54,10,343,62.07,25.84
KAVDEFENCE,KAVDEFENCEEQN,55.31,56.7,56.7,1.39,2.51,87,4932,162.87,51.51
SILLYMONKS,SILLYMONKSEQN,15.99,16.39,16.39,0.4,2.5,10,163,28.45,14.61
JETFREIGHT,JETFREIGHTEQN,21.17,21.7,21.7,0.53,2.5,3,65,25.95,11.9
ONIXSOLAR,ONIXSOLAREQN,365.75,374.9,374.9,9.15,2.5,70140,26295486,393.95,262.45
LIBAS,LIBASEQN,10.49,10.75,10.75,0.26,2.48,1,10,14.3,9.02
HILINFRA,HILINFRAEQN,43.56,44.64,44.64,1.08,2.48,1,44,98.68,40.6
MANAKSTEEL,MANAKSTEELEQN,109.3,112.0,112.0,2.7,2.47,6222,696864,109.3,45.11
ELANTAS,ELANTASEQN,11904.0,12197.0,12197.0,293.0,2.46,20,243940,13200.0,8900.0
SUNDARAM,SUNDARAMEQN,1.23,1.26,1.26,0.03,2.44,5300,6678,2.2,1.03
MANOMAY,MANOMAYEQN,224.52,230.0,230.0,5.48,2.44,2002,460460,259.88,160.25
THEINVEST,THEINVESTEQN,94.6,96.89,96.89,2.29,2.42,21,2034,159.29,89.0
NAGREEKCAP,NAGREEKCAPEQN,23.24,23.8,23.8,0.56,2.41,1100,26180,42.75,19.3
ERIS,ERISEQN,1288.9,1320.0,1320.0,31.1,2.41,1715,2263800,1799.0,1200.0
PILITA,PILITAEQN,7.95,8.14,8.14,0.19,2.39,1,8,15.9,6.2
RUBYMILLS,RUBYMILLSBEN,396.8,406.25,406.25,9.45,2.38,1,406,424.9,169.02
SILINV,SILINVEQN,477.65,488.95,488.95,11.3,2.37,11,5378,767.0,380.0
VAISHALI,VAISHALIEQN,8.06,8.25,8.25,0.19,2.36,335,2763,12.7,4.75
OPTIFIN,OPTIFINEQN,13.16,13.47,13.47,0.31,2.36,2,26,14.78,11.25
ATALREAL,ATALREALEQN,25.53,26.13,26.13,0.6,2.35,46327,1210524,36.7,17.75
LOVABLE,LOVABLEEQN,70.84,72.5,72.5,1.66,2.34,10,725,104.7,55.0
HAVISHA,HAVISHAEQN,1.28,1.31,1.31,0.03,2.34,3,3,2.42,1.03
PFOCUS,PFOCUSEQN,280.35,286.9,286.9,6.55,2.34,3564,1022511,367.0,141.0
AUGMONT,AUGMONTEQN,952.85,975.0,975.0,22.15,2.32,61812,60266700,1019.8,851.0
NIBE,NIBEEQN,1342.9,1373.9,1373.9,31.0,2.31,123,168989,1848.0,809.6
INNOVACAP,INNOVACAPEQN,1108.6,1134.0,1134.0,25.4,2.29,385,436590,1140.0,622.0
TAALTECH,TAALTECHEQN,4399.6,4500.0,4500.0,100.4,2.28,105,472500,4696.0,2616.1
VALIANTORG,VALIANTORGBEN,301.1,307.95,307.95,6.85,2.27,508,156438,397.0,195.0
AASTHA,AASTHAEQN,79.19,80.99,80.99,1.8,2.27,1000,80990,140.01,70.0
DEVX,DEVXEQN,33.01,33.75,33.75,0.74,2.24,500,16875,64.05,29.95
SHALPAINTS,SHALPAINTSBEN,77.67,79.4,79.4,1.73,2.23,1000,79400,95.95,35.21
BURNPUR,BURNPUREQN,19.57,20.0,20.0,0.43,2.2,10650,213000,21.39,11.13
RBZJEWEL,RBZJEWELEQN,161.47,165.0,165.0,3.53,2.19,4271,704715,184.67,100.0
SAAKSHI,SAAKSHISTN,310.9,317.7,317.7,6.8,2.19,600,190620,331.0,147.4
AMBICAAGAR,AMBICAAGAREQN,24.75,25.29,25.29,0.54,2.18,13,328,29.68,20.0
IFBAGRO,IFBAGROEQN,897.65,917.0,917.0,19.35,2.16,1,917,1790.0,679.15
BRNL,BRNLEQN,17.11,17.48,17.48,0.37,2.16,12,209,26.5,16.66
KSOLVES,KSOLVESEQN,273.2,279.1,279.1,5.9,2.16,26,7256,353.99,245.75
DEEP,DEEPEQN,35.24,36.0,36.0,0.76,2.16,1,36,39.98,34.2
UNIDT,UNIDTBEN,221.27,226.0,226.0,4.73,2.14,500,113000,254.97,146.0
BI,BIBEN,87.04,88.89,88.89,1.85,2.13,31,2755,111.51,51.62
AVALON,AVALONEQN,2189.6,2235.4,2235.4,45.8,2.09,3967,8867831,2400.0,777.3
JAYBARMARU,JAYBARMARUEQN,122.44,125.0,125.0,2.56,2.09,28,3500,207.0,74.15
CSLFINANCE,CSLFINANCEEQN,239.05,243.99,243.99,4.94,2.07,1012,246917,324.7,209.7
WATERBASE,WATERBASEEQN,47.31,48.29,48.29,0.98,2.07,10,482,54.0,44.11
ABCOTS,ABCOTSEQN,209.57,213.9,213.9,4.33,2.07,59,12620,504.0,196.81
LAXMICOT,LAXMICOTEQN,12.72,12.98,12.98,0.26,2.04,1,12,26.04,11.36
SHREERAMA,SHREERAMAEQN,41.13,41.97,41.97,0.84,2.04,2,83,71.99,37.62
SYMBIOTEC,SYMBIOTECEQN,1092.8,1115.05,1115.05,22.25,2.04,13101,14608270,1180.0,934.2
POEL,POELEQN,144.62,147.56,147.56,2.94,2.03,446,65811,168.97,140.6
AMAL,AMALEQN,749.7,764.95,764.95,15.25,2.03,200,152990,822.0,730.05
DPSCLTD,DPSCLTDBEN,7.41,7.56,7.56,0.15,2.02,10427,78828,13.31,6.84
ALANKIT,ALANKITEQN,7.96,8.12,8.12,0.16,2.01,21,170,14.36,6.8
SAMPANN,SAMPANNEQN,24.33,24.82,24.82,0.49,2.01,1,24,43.44,23.75
DOLPHIN,DOLPHINEQN,603.45,615.6,615.6,12.15,2.01,38,23392,669.95,322.0
SAHLIBHFI,SAHLIBHFIEQN,86.36,88.1,88.1,1.74,2.01,2716,239279,89.5,66.6
NILASPACES,NILASPACESEQN,12.51,12.76,12.76,0.25,2.0,2295,29284,20.47,11.35
VIVIDHA,VIVIDHAEQN,0.5,0.51,0.51,0.01,2.0,2232,1138,0.91,0.43
SATIN,SATINEQN,218.52,222.88,222.88,4.36,2.0,139,30980,274.14,135.81
HMT,HMTBZN,67.48,68.83,68.83,1.35,2.0,412,28357,72.95,41.0
PARSVNATH,PARSVNATHBEN,1.51,1.54,1.54,0.03,1.99,12001,18481,18.75,1.35
DRCSYSTEMS,DRCSYSTEMSEQN,13.59,13.86,13.86,0.27,1.99,26,360,23.68,11.5
BTML,BTMLEQN,8.08,8.24,8.24,0.16,1.98,1,8,10.5,5.06
NINSYS,NINSYSEQN,710.95,725.0,725.0,14.05,1.98,40,29000,935.0,281.05
TEMPSENS,TEMPSENSEQN,566.3,577.5,577.5,11.2,1.98,14385,8307337,634.85,534.7
TCIFINANCE,TCIFINANCEBEN,15.2,15.5,15.5,0.3,1.97,5,77,38.46,10.0
KANORICHEM,KANORICHEMBEN,154.75,157.8,157.8,3.05,1.97,18,2840,164.6,56.0
SHAH,SHAHEQN,3.57,3.64,3.64,0.07,1.96,28741,104617,5.82,2.56
PCCL,PCCLSMN,416.85,425.0,425.0,8.15,1.96,400,170000,420.0,168.4
RBLBANK,RBLBANKEQN,389.4,397.05,397.05,7.65,1.96,142980,56770209,394.5,261.6
PRISMX,PRISMXEQN,0.51,0.52,0.52,0.01,1.96,6202,3225,0.58,0.47
UNIVASTU,UNIVASTUBEN,160.7,163.85,163.85,3.15,1.96,1910,312953,178.98,56.02
HUDCO,HUDCOEQN,178.35,181.82,181.82,3.47,1.95,46972,8540449,246.85,159.0
SMLT,SMLTEQN,64.61,65.87,65.87,1.26,1.95,10,658,122.85,56.61
XTGLOBAL,XTGLOBALEQN,29.73,30.3,30.3,0.57,1.92,5,151,46.25,25.2
GTPL,GTPLEQN,56.17,57.25,57.25,1.08,1.92,41,2347,118.95,50.85
HEXAGON,HEXAGONBEN,66.14,67.4,67.4,1.26,1.91,2480,167152,78.25,48.1
LEMERITE,LEMERITEEQN,20.38,20.77,20.77,0.39,1.91,27,560,107.57,19.52
DAVANGERE,DAVANGEREEQN,2.09,2.13,2.13,0.04,1.91,76702,163375,5.5,1.95
KRITINUT,KRITINUTEQN,84.3,85.9,85.9,1.6,1.9,100,8590,104.53,51.36
PARASPETRO,PARASPETROEQN,2.11,2.15,2.15,0.04,1.9,775,1666,3.23,1.53
AIRAN,AIRANEQN,14.83,15.11,15.11,0.28,1.89,61,921,27.49,12.63
INDOWIND,INDOWINDEQN,8.98,9.15,9.15,0.17,1.89,17,155,18.94,7.0
GRADIENTE,GRADIENTEEQN,2.65,2.7,2.7,0.05,1.89,105,283,9.4,2.08
STYLEBAAZA,STYLEBAAZAEQN,395.45,402.9,402.9,7.45,1.88,1912,770344,447.1,229.95
GLOBAL,GLOBALEQN,117.31,119.5,119.5,2.19,1.87,601,71819,121.9,55.3
CLEDUCATE,CLEDUCATEBEN,60.96,62.1,62.1,1.14,1.87,1,62,116.09,35.48
TGBHOTELS,TGBHOTELSEQN,9.67,9.85,9.85,0.18,1.86,1,9,13.4,7.5
INOXWIND,INOXWINDEQN,70.59,71.9,71.9,1.31,1.86,157454,11320942,159.3,68.0
GUJALKALI,GUJALKALIEQN,714.8,728.0,728.0,13.2,1.85,723,526344,815.0,409.15
RAMRAT,RAMRATEQN,535.1,545.0,545.0,9.9,1.85,2570,1400650,602.45,268.0
PRAKASHSTL,PRAKASHSTLEQN,3.8,3.87,3.87,0.07,1.84,495,1915,6.57,3.7
MBAPL,MBAPLEQN,159.07,162.0,162.0,2.93,1.84,2482,402084,174.94,74.63
SILVERTUC,SILVERTUCEQN,173.81,177.0,177.0,3.19,1.84,481,85137,216.8,66.19
NIBL,NIBLEQN,31.08,31.65,31.65,0.57,1.83,86,2721,40.8,24.06
MAITHANALL,MAITHANALLEQN,1019.35,1038.0,1038.0,18.65,1.83,1394,1446972,1210.1,831.2
GFLLIMITED,GFLLIMITEDEQN,58.82,59.89,59.89,1.07,1.82,2247,134572,81.0,37.25
PAUSHAKLTD,PAUSHAKLTDEQN,785.7,800.0,800.0,14.3,1.82,56,44800,824.0,342.5
BIRLACABLE,BIRLACABLEBEN,341.6,347.8,347.8,6.2,1.81,13506,4697386,341.6,104.0
BMWVENTLTD,BMWVENTLTDEQN,55.23,56.23,56.23,1.0,1.81,21,1180,78.0,48.0
SARVESHWAR,SARVESHWAREQN,3.34,3.4,3.4,0.06,1.8,12531,42605,8.25,2.5
ELLEN,ELLENEQN,313.3,318.95,318.95,5.65,1.8,1842,587505,559.8,175.0
COUNCODOS,COUNCODOSBEN,6.7,6.82,6.82,0.12,1.79,14,95,8.89,3.71
KABRAEXTRU,KABRAEXTRUEQN,559.95,570.0,570.0,10.05,1.79,1134,646380,625.15,180.0
LASA,LASAEQN,6.78,6.9,6.9,0.12,1.77,1,6,14.08,5.67
RSWM,RSWMBEN,206.94,210.6,210.6,3.66,1.77,5359,1128605,238.0,120.0
JYOTIRES,JYOTIRESEQN,857.6,872.8,872.8,15.2,1.77,27,23565,911.0,830.25
BLISSGVS,BLISSGVSBEN,648.65,660.0,660.0,11.35,1.75,801,528660,659.0,118.0
MMP,MMPEQN,384.1,390.8,390.8,6.7,1.74,110,42988,429.95,185.2
ZENTEC,ZENTECEQN,1829.1,1861.0,1861.0,31.9,1.74,7353,13683933,2043.7,1223.0
ASAHISONG,ASAHISONGBEN,367.9,374.3,374.3,6.4,1.74,1,374,413.95,179.64
ADVIKCA,ADVIKCAEQN,1.15,1.17,1.17,0.02,1.74,846,989,1.27,1.11
SHOPERSTOP,SHOPERSTOPEQN,381.25,387.85,387.85,6.6,1.73,1,387,572.0,275.95
JINDALSAW,JINDALSAWEQN,309.15,314.5,314.5,5.35,1.73,13889,4368090,319.5,153.0
ANMOL,ANMOLEQN,9.97,10.14,10.14,0.17,1.71,1,10,17.74,8.4
XELPMOC,XELPMOCEQN,80.62,82.0,82.0,1.38,1.71,10,820,155.5,74.0
KORE,KORESMN,114.05,116.0,116.0,1.95,1.71,750,87000,212.3,85.0
PYRAMID,PYRAMIDEQN,155.64,158.29,158.29,2.65,1.7,25,3957,198.69,131.8
TECHNOCRAF,TECHNOCRAFEQN,376.1,382.5,382.5,6.4,1.7,53319,20394517,382.96,284.0
INTLCONV,INTLCONVEQN,79.65,81.0,81.0,1.35,1.69,66,5346,114.54,60.0
QPOWER,QPOWEREQN,1455.6,1480.0,1480.0,24.4,1.68,940,1391200,1502.7,581.0
GUJTHEM,GUJTHEMEQN,413.05,420.0,420.0,6.95,1.68,581,244020,479.0,225.05
PNGJL,PNGJLEQN,592.1,602.0,602.0,9.9,1.67,2305,1387610,736.4,503.0
BALUFORGE,BALUFORGEEQN,578.4,588.0,588.0,9.6,1.66,16332,9603216,697.0,341.05
DREAMFOLKS,DREAMFOLKSEQN,66.39,67.49,67.49,1.1,1.66,20,1349,160.0,56.0
HFCL,HFCLBEN,226.27,229.99,229.99,3.72,1.64,45920,10561140,0.0,0.0
VSSL,VSSLEQN,362.1,368.0,368.0,5.9,1.63,1872,688896,375.95,206.4
TERASOFT,TERASOFTEQN,290.55,295.3,295.3,4.75,1.63,22,6496,598.0,280.0
SUMIT,SUMITEQN,50.68,51.5,51.5,0.82,1.62,1,51,104.0,31.74
NAHARCAP,NAHARCAPEQN,258.8,263.0,263.0,4.2,1.62,50,13150,307.0,191.0
RMC,RMCEQN,221.42,225.0,225.0,3.58,1.62,5,1125,530.0,220.05
OSWALSEEDS,OSWALSEEDSEQN,11.8,11.99,11.99,0.19,1.61,19,227,20.28,9.66
NACLIND,NACLINDEQN,167.4,170.1,170.1,2.7,1.61,2341,398204,260.46,112.62
IMAGICAA,IMAGICAAEQN,54.61,55.49,55.49,0.88,1.61,7130,395643,62.0,36.84
IXIGO,IXIGOEQN,156.42,158.93,158.93,2.51,1.6,2154,342335,339.15,151.27
TGVSL,TGVSLEQN,103.35,105.0,105.0,1.65,1.6,20,2100,111.5,102.5
RAJRILTD,RAJRILTDBEN,22.43,22.79,22.79,0.36,1.6,11,250,28.9,19.41
TOYAMSL,TOYAMSLEQN,0.63,0.64,0.64,0.01,1.59,1887,1207,0.69,0.61
MCLEODRUSS,MCLEODRUSSEQN,47.04,47.79,47.79,0.75,1.59,1800,86022,78.41,28.5
KRN,KRNEQN,1534.8,1559.0,1559.0,24.2,1.58,317,494203,1668.0,589.8
PASUPTAC,PASUPTACBEN,64.64,65.66,65.66,1.02,1.58,406,26657,78.95,40.41
GLOBUSSPR,GLOBUSSPREQN,908.75,923.1,923.1,14.35,1.58,1941,1791737,1252.8,800.05
NUVAMA,NUVAMAEQN,1841.0,1870.0,1870.0,29.0,1.58,2838,5307060,2066.0,1096.9
ORIENTBELL,ORIENTBELLEQN,400.65,407.0,407.0,6.35,1.58,2356,958892,413.35,246.55
RAMAPHO,RAMAPHOEQN,122.93,124.86,124.86,1.93,1.57,400,49944,217.19,103.5
PAVNAIND,PAVNAINDEQN,17.23,17.5,17.5,0.27,1.57,29,507,43.8,14.11
GREENLAM,GREENLAMEQN,242.06,245.85,245.85,3.79,1.57,150,36877,278.63,197.59
REDINGTON,REDINGTONEQN,363.2,368.9,368.9,5.7,1.57,62056,22892458,378.5,191.31
ESABINDIA,ESABINDIAEQN,6038.5,6132.5,6132.5,94.0,1.56,13,79722,7319.5,4710.0
ANANTRAJ,ANANTRAJEQN,588.85,598.0,598.0,9.15,1.55,9971,5962658,743.65,403.0
SGMART,SGMARTEQN,827.2,840.0,840.0,12.8,1.55,37,31080,860.6,313.1
SADBHIN,SADBHINBEN,2.58,2.62,2.62,0.04,1.55,244,639,4.79,2.06
ONIDA,ONIDAEQN,35.57,36.12,36.12,0.55,1.55,2407,86940,49.23,21.5
BRAHMINFRA,BRAHMINFRAEQN,164.96,167.5,167.5,2.54,1.54,13,2177,184.0,151.2
SIKKO,SIKKOBEN,5.19,5.27,5.27,0.08,1.54,16031,84483,6.83,3.2
VGL,VGLEQN,57.12,58.0,58.0,0.88,1.54,100,5800,94.9,43.7
BSL,BSLEQN,122.12,124.0,124.0,1.88,1.54,2,248,208.0,98.0
BONLON,BONLONEQN,40.24,40.85,40.85,0.61,1.52,100,4085,57.0,34.51
KLBRENG-B,KLBRENG-BEQN,443.25,450.0,450.0,6.75,1.52,2292,1031400,544.85,332.4
CROWN,CROWNEQN,108.27,109.9,109.9,1.63,1.51,121,13297,191.0,100.11
TNPETRO,TNPETROEQN,133.73,135.74,135.74,2.01,1.5,7114,965654,138.0,78.67
SRM,SRMEQN,458.3,465.15,465.15,6.85,1.49,756,351653,649.95,361.35
EXCELSOFT,EXCELSOFTEQN,69.62,70.66,70.66,1.04,1.49,76,5370,142.59,66.4
NOVAAGRI,NOVAAGRIBEN,23.51,23.86,23.86,0.35,1.49,284,6776,53.7,18.12
SHANTIGOLD,SHANTIGOLDEQN,243.3,246.9,246.9,3.6,1.48,3037,749835,280.75,155.0
NUVOCO,NUVOCOEQN,328.15,333.0,333.0,4.85,1.48,206,68598,477.5,276.25
VOEPL,VOEPLEQN,548.55,556.65,556.65,8.1,1.48,7,3896,593.45,428.65
GREENPANEL,GREENPANELEQN,158.0,160.33,160.33,2.33,1.47,1186,190151,333.8,154.55
VHLTD,VHLTDBEN,115.25,116.94,116.94,1.69,1.47,375,43852,145.2,104.25
GHCL,GHCLEQN,435.1,441.5,441.5,6.4,1.47,506,223399,667.2,416.6
BHARATCOAL,BHARATCOALEQN,33.92,34.42,34.42,0.5,1.47,62761,2160233,45.09,29.74
POWERICA,POWERICAEQN,494.55,501.8,501.8,7.25,1.47,159,79786,676.95,365.1
LINCOLN,LINCOLNEQN,618.35,627.35,627.35,9.0,1.46,1,627,770.0,440.0
WEALTH,WEALTHEQN,846.6,859.0,859.0,12.4,1.46,1,859,1294.8,774.95
AFFLE,AFFLEEQN,1517.9,1540.0,1540.0,22.1,1.46,1050,1617000,2185.9,1251.3
RIR,RIREQN,157.69,160.0,160.0,2.31,1.46,2926,468160,185.99,154.0
BIRLACORPN,BIRLACORPNEQN,867.4,880.0,880.0,12.6,1.45,57,50160,1346.1,769.6
TIGERLOGS,TIGERLOGSEQN,28.25,28.66,28.66,0.41,1.45,1,28,56.69,22.9
HTMEDIA,HTMEDIAEQN,26.19,26.57,26.57,0.38,1.45,1000,26570,31.3,17.52
3BBLACKBIO,3BBLACKBIOEQN,1478.6,1500.0,1500.0,21.4,1.45,107,160500,1588.9,1085.0
YASHO,YASHOEQN,4129.5,4188.9,4188.9,59.4,1.44,24,100533,4994.0,1130.0
SAKAR,SAKAREQN,985.8,1000.0,1000.0,14.2,1.44,867,867000,1024.0,321.05
SAGCEM,SAGCEMEQN,155.63,157.84,157.84,2.21,1.42,763,120431,299.4,148.7
EQUITASBNK,EQUITASBNKEQN,73.45,74.49,74.49,1.04,1.42,4261,317401,83.9,50.85
COASTCORP,COASTCORPEQN,39.4,39.96,39.96,0.56,1.42,13,519,66.7,30.7
KOTHARIPET,KOTHARIPETEQN,129.17,131.0,131.0,1.83,1.42,1,131,174.0,94.75
ATLASCYCLE,ATLASCYCLEEQN,95.05,96.4,96.4,1.35,1.42,30,2892,134.98,76.15
UDS,UDSEQN,231.44,234.7,234.7,3.26,1.41,1056,247843,264.67,125.1
AIIL,AIILEQN,507.45,514.6,514.6,7.15,1.41,3802,1956509,683.0,400.0
WONDERLA,WONDERLAEQN,529.55,537.0,537.0,7.45,1.41,90,48330,659.0,455.0
GARUDA,GARUDAEQN,174.34,176.78,176.78,2.44,1.4,7571,1338401,249.3,130.0
POLYMED,POLYMEDEQN,1783.8,1808.8,1808.8,25.0,1.4,370,669256,2144.9,1182.0
EMIL,EMILEQN,176.44,178.91,178.91,2.47,1.4,1563,279636,196.74,84.9
PASHUPATI,PASHUPATIEQN,83.06,84.22,84.22,1.16,1.4,1335,112433,118.35,66.4
GALAPREC,GALAPRECEQN,1040.5,1055.0,1055.0,14.5,1.39,119,125545,1260.0,671.2
WANBURY,WANBURYEQN,245.0,248.4,248.4,3.4,1.39,195,48438,358.85,161.5
PROSTARM,PROSTARMEQN,131.56,133.39,133.39,1.83,1.39,5,666,237.0,114.64
GVPIL,GVPILEQN,632.15,640.95,640.95,8.8,1.39,105,67299,1084.0,270.9
DHATRE,DHATREEQN,4.32,4.38,4.38,0.06,1.39,1192,5220,5.02,3.67
TRITONV,TRITONVEQN,1124.4,1140.0,1140.0,15.6,1.39,1,1140,1219.3,1108.0
GGBL,GGBLSMN,225.85,229.0,229.0,3.15,1.39,300,68700,475.0,211.0
KMSUGAR,KMSUGAREQN,31.26,31.69,31.69,0.43,1.38,787,24940,36.5,23.0
GLOBALVECT,GLOBALVECTEQN,142.93,144.9,144.9,1.97,1.38,2,289,248.0,129.0
FISCHER,FISCHEREQN,37.73,38.25,38.25,0.52,1.38,15,573,124.7,31.05
SVPGLOB,SVPGLOBEQN,3.62,3.67,3.67,0.05,1.38,1011,3710,6.89,2.18
ANTGRAPHIC,ANTGRAPHICEQN,0.73,0.74,0.74,0.01,1.37,102,75,1.17,0.64
KIRLOSENG,KIRLOSENGEQN,2160.9,2190.5,2190.5,29.6,1.37,1291,2827935,2720.0,855.8
BECTORFOOD,BECTORFOODEQN,228.31,231.44,231.44,3.13,1.37,2777,642708,299.0,165.0
EXPLEOSOL,EXPLEOSOLEQN,890.85,903.0,903.0,12.15,1.36,703,634809,1175.1,640.0
EMAMIREAL,EMAMIREALEQN,67.98,68.9,68.9,0.92,1.35,7,482,122.14,48.2
SUNFLAG,SUNFLAGEQN,347.3,352.0,352.0,4.7,1.35,1152,405504,428.0,192.15
EMPIND,EMPINDEQN,1196.9,1213.0,1213.0,16.1,1.35,52,63076,1248.0,1065.6
SILGO,SILGOEQN,71.89,72.86,72.86,0.97,1.35,17,1238,86.2,57.55
ELIN,ELINEQN,95.26,96.55,96.55,1.29,1.35,95,9172,234.0,93.65
EMAMILTD,EMAMILTDEQN,368.05,373.0,373.0,4.95,1.34,1069,398737,618.0,361.15
INDIASHLTR,INDIASHLTREQN,651.2,659.95,659.95,8.75,1.34,14,9239,924.0,620.15
INDOMIM,INDOMIMEQN,888.0,899.9,899.9,11.9,1.34,14875,13386012,989.9,700.0
KSHINTL,KSHINTLEQN,945.7,958.35,958.35,12.65,1.34,150,143752,1059.9,330.0
ADANIPORTS,ADANIPORTSEQN,1672.7,1694.9,1694.9,22.2,1.33,31360,53152064,1891.1,1292.0
PTL,PTLEQN,38.45,38.96,38.96,0.51,1.33,1030,40128,43.77,36.1
FREDUN,FREDUNEQN,1505.8,1525.9,1525.9,20.1,1.33,4,6103,1590.0,1400.0
JOCIL,JOCILBEN,150.79,152.8,152.8,2.01,1.33,10,1528,175.12,91.25
HDIL,HDILBZN,1.52,1.54,1.54,0.02,1.32,6102,9397,3.27,1.45
FIEMIND,FIEMINDEQN,2052.0,2079.0,2079.0,27.0,1.32,79,164241,2674.8,1868.5
VIMTALABS,VIMTALABSEQN,655.35,664.0,664.0,8.65,1.32,388,257632,902.65,376.05
CHEMCON,CHEMCONBEN,199.61,202.25,202.25,2.64,1.32,37,7483,295.0,125.0
PWL,PWLEQN,115.47,116.99,116.99,1.52,1.32,16391,1917583,161.99,77.72
INDNIPPON,INDNIPPONEQN,1064.3,1078.4,1078.4,14.1,1.32,16,17254,1278.2,675.0
SUPREMEINF,SUPREMEINFEQN,84.62,85.74,85.74,1.12,1.32,1,85,113.0,58.11
AVROIND,AVROINDEQN,9.13,9.25,9.25,0.12,1.31,12,111,15.99,8.0
MUTHOOTMF,MUTHOOTMFEQN,203.2,205.87,205.87,2.67,1.31,1422,292747,262.77,141.2
OAL,OALEQN,457.95,463.9,463.9,5.95,1.3,5,2319,492.7,228.0
MOLDTECH,MOLDTECHBEN,202.38,205.0,205.0,2.62,1.29,949,194545,221.0,101.1
SEPC,SEPCEQN,5.43,5.5,5.5,0.07,1.29,112869,620779,13.73,4.65
MANAKALUCO,MANAKALUCOEQN,37.12,37.6,37.6,0.48,1.29,100,3760,68.12,21.73
MOKSH,MOKSHEQN,10.15,10.28,10.28,0.13,1.28,59,606,16.65,8.11
KELLTONTEC,KELLTONTECEQN,14.01,14.19,14.19,0.18,1.28,16085,228246,28.13,13.0
SOBHA,SOBHAEQN,1230.1,1245.8,1245.8,15.7,1.28,372,463437,1732.0,1130.0
SUMICHEM,SUMICHEMEQN,505.15,511.6,511.6,6.45,1.28,316,161665,617.45,362.6
VISHNU,VISHNUEQN,659.55,668.0,668.0,8.45,1.28,336,224448,676.8,443.7
MUTHOOTFIN,MUTHOOTFINEQN,2937.7,2975.0,2975.0,37.3,1.27,6034,17951150,4149.5,2671.0
MMTC,MMTCEQN,62.1,62.89,62.89,0.79,1.27,3492,219611,78.35,50.1
RAJESHEXPO,RAJESHEXPOBZN,79.49,80.5,80.5,1.01,1.27,5667,456193,237.88,72.63
RCOM,RCOMBEN,0.79,0.8,0.8,0.01,1.27,16091,12872,1.55,0.75
CENTUM,CENTUMEQN,3555.3,3600.0,3600.0,44.7,1.26,770,2772000,3968.8,2044.2
BHAGYANGR,BHAGYANGREQN,380.4,385.2,385.2,4.8,1.26,578,222645,432.3,88.1
SENCO,SENCOEQN,348.6,353.0,353.0,4.4,1.26,1659,585627,430.0,276.0
RPGLIFE,RPGLIFEEQN,2564.9,2596.9,2596.9,32.0,1.25,201,521976,3082.0,1733.0
WELCORP,WELCORPEQN,2523.5,2554.7,2554.7,31.2,1.24,13108,33487007,2592.0,710.0
INDORAMA,INDORAMAEQN,66.77,67.6,67.6,0.83,1.24,629,42520,75.0,29.0
SHUKRAPHAR,SHUKRAPHAREQN,46.79,47.37,47.37,0.58,1.24,5135,243244,47.24,40.06
DIACABS,DIACABSBEN,330.9,335.0,335.0,4.1,1.24,1698,568830,379.0,115.57
CAPILLARY,CAPILLARYEQN,484.0,490.0,490.0,6.0,1.24,160,78400,798.95,464.25
GRINFRA,GRINFRAEQN,873.9,884.7,884.7,10.8,1.24,3,2654,1345.0,785.0
ESAFSFB,ESAFSFBBEN,42.36,42.88,42.88,0.52,1.23,1244,53342,44.99,19.78
BANDHANBNK,BANDHANBNKEQN,161.52,163.49,163.49,1.97,1.22,18381,3005109,220.76,134.25
AVANCE,AVANCEEQN,0.82,0.83,0.83,0.01,1.22,33699,27970,0.94,0.75
CANHLIFE,CANHLIFEEQN,152.81,154.67,154.67,1.86,1.22,1374,212516,166.69,106.0
BANCOINDIA,BANCOINDIAEQN,613.6,621.0,621.0,7.4,1.21,416,258336,879.8,502.0
RANASUG,RANASUGEQN,14.9,15.08,15.08,0.18,1.21,276,4162,16.45,10.21
GODFRYPHLP,GODFRYPHLPEQN,2025.4,2050.0,2050.0,24.6,1.21,1220,2501000,3947.0,1832.1
TEXINFRA,TEXINFRAEQN,113.96,115.34,115.34,1.38,1.21,667,76931,118.0,82.5
SKYWAYS,SKYWAYSEQN,129.31,130.88,130.88,1.57,1.21,153545,20095969,136.45,119.0
KMCSHIL,KMCSHILEQN,133.19,134.79,134.79,1.6,1.2,173,23318,148.0,131.45
AXISCADES,AXISCADESEQN,1689.7,1709.9,1709.9,20.2,1.2,183,312911,2211.0,1063.3
MASTERTR,MASTERTREQN,80.85,81.81,81.81,0.96,1.19,1,81,164.5,55.6
MEDPLUS,MEDPLUSEQN,659.95,667.8,667.8,7.85,1.19,663,442751,1022.2,648.0
KSE,KSEEQN,177.04,179.15,179.15,2.11,1.19,37,6628,205.0,173.31
ICRA,ICRAEQN,4891.3,4949.0,4949.0,57.7,1.18,3,14847,6982.0,4692.0
JAYNECOIND,JAYNECOINDEQN,98.19,99.35,99.35,1.16,1.18,6704,666042,117.0,57.7
QUADFUTURE,QUADFUTUREEQN,415.0,419.85,419.85,4.85,1.17,997,418590,502.4,248.55
VARDMNPOLY,VARDMNPOLYEQN,5.98,6.05,6.05,0.07,1.17,1000,6050,9.49,5.1
AFIL,AFILEQN,9.39,9.5,9.5,0.11,1.17,1250,11875,11.1,3.92
LORDSCHLO,LORDSCHLOEQN,138.28,139.9,139.9,1.62,1.17,1,139,233.0,108.0
BAGFILMS,BAGFILMSEQN,4.32,4.37,4.37,0.05,1.16,40,174,8.0,3.61
POWERGRID,POWERGRIDEQN,266.8,269.9,269.9,3.1,1.16,105437,28457446,324.95,250.0
MHRIL,MHRILEQN,206.59,208.99,208.99,2.4,1.16,59,12330,368.9,205.2
NGLFINE,NGLFINEEQN,2688.7,2719.9,2719.9,31.2,1.16,3,8159,3602.0,1271.0
PINELABS,PINELABSEQN,162.32,164.2,164.2,1.88,1.16,105396,17306023,284.0,134.73
J&KBANK,J&KBANKEQN,144.44,146.1,146.1,1.66,1.15,7517,1098233,201.75,97.35
ATLANTAELE,ATLANTAELEEQN,1838.9,1860.0,1860.0,21.1,1.15,213,396180,2152.6,707.6
PNGSREVA,PNGSREVAEQN,521.7,527.7,527.7,6.0,1.15,612,322952,644.0,324.25
KPEL,KPELEQN,241.14,243.9,243.9,2.76,1.14,316,77072,463.25,237.9
TPLPLASTEH,TPLPLASTEHEQN,71.04,71.85,71.85,0.81,1.14,228,16381,90.33,50.01
SBCL,SBCLEQN,1050.9,1062.9,1062.9,12.0,1.14,408,433663,1105.05,368.6
BHARATRAS,BHARATRASEQN,1203.3,1217.0,1217.0,13.7,1.14,4,4868,2987.5,1190.5
EPL,EPLEQN,236.3,239.0,239.0,2.7,1.14,27781,6639659,274.03,176.4
GANECOS,GANECOSEQN,1004.4,1015.9,1015.9,11.5,1.14,31,31492,1396.0,653.55
KMEW,KMEWEQN,2951.6,2985.0,2985.0,33.4,1.13,182,543270,3080.0,851.65
PFIZER,PFIZEREQN,4627.6,4680.0,4680.0,52.4,1.13,16,74880,5578.5,4360.1
SEIL,SEILEQN,201.56,203.81,203.81,2.25,1.12,1360,277181,239.96,172.9
IGCL,IGCLEQN,73.27,74.09,74.09,0.82,1.12,1250,92612,118.99,49.46
KPL,KPLEQN,3390.1,3428.0,3428.0,37.9,1.12,37,126836,3744.0,1561.0
ZOTA,ZOTAEQN,1078.0,1090.0,1090.0,12.0,1.11,370,403300,1740.0,1022.0
KHAICHEM,KHAICHEMEQN,54.0,54.6,54.6,0.6,1.11,11,600,135.8,42.92
NEWGEN,NEWGENEQN,519.3,525.0,525.0,5.7,1.1,3330,1748250,1041.95,401.05
STANLEY,STANLEYEQN,135.41,136.9,136.9,1.49,1.1,1,136,320.45,123.0
VLSFINANCE,VLSFINANCEEQN,244.32,247.0,247.0,2.68,1.1,13,3211,339.0,198.81
BORANA,BORANAEQN,304.9,308.25,308.25,3.35,1.1,41,12638,420.0,211.0
IVALUE,IVALUEEQN,238.38,241.0,241.0,2.62,1.1,427,102907,340.0,207.35
MOLBIO,MOLBIOEQN,1107.8,1120.0,1120.0,12.2,1.1,3279,3672480,1264.6,926.35
BELRISE,BELRISEEQN,234.31,236.86,236.86,2.55,1.09,13098,3102392,268.2,135.16
KPIL,KPILEQN,1410.5,1425.9,1425.9,15.4,1.09,1108,1579897,1479.6,1007.1
INVENTURE,INVENTUREEQN,0.92,0.93,0.93,0.01,1.09,1484,1380,1.72,0.72
CANFINHOME,CANFINHOMEEQN,795.3,804.0,804.0,8.7,1.09,273,219492,971.5,720.1
NATIONALUM,NATIONALUMEQN,370.0,374.0,374.0,4.0,1.08,10169,3803206,445.15,190.87
SANATHAN,SANATHANEQN,434.0,438.7,438.7,4.7,1.08,121,53082,551.95,352.6
NETWEB,NETWEBEQN,5110.0,5165.0,5165.0,55.0,1.08,6720,34708800,5813.0,2243.9
AKSHOPTFBR,AKSHOPTFBRBEN,7.41,7.49,7.49,0.08,1.08,533,3992,9.0,3.82
SAKSOFT,SAKSOFTEQN,150.38,152.0,152.0,1.62,1.08,2724,414048,224.75,107.59
GMRAIRPORT,GMRAIRPORTEQN,93.99,95.0,95.0,1.01,1.07,26973,2562435,115.64,84.11
GOCOLORS,GOCOLORSEQN,323.35,326.8,326.8,3.45,1.07,487,159151,760.9,237.05
ASTERDM,ASTERDMEQN,759.9,768.0,768.0,8.1,1.07,6155,4727040,891.3,519.1
ORIANA,ORIANASMN,1221.9,1235.0,1235.0,13.1,1.07,75,92625,3064.0,1174.95
NATCAPSUQ,NATCAPSUQBEN,216.18,218.5,218.5,2.32,1.07,25,5462,296.0,136.36
INDOTECH,INDOTECHEQN,3577.2,3615.0,3615.0,37.8,1.06,319,1153185,4030.0,1100.0
DIGISPICE,DIGISPICEEQN,16.97,17.15,17.15,0.18,1.06,51,874,35.5,14.82
VERTOZ,VERTOZEQN,38.59,39.0,39.0,0.41,1.06,145,5655,86.75,27.02
DDEVPLSTIK,DDEVPLSTIKEQN,274.05,276.95,276.95,2.9,1.06,198,54836,360.0,185.15
SMARTWORKS,SMARTWORKSEQN,525.45,531.0,531.0,5.55,1.06,1,531,619.0,361.5
SSWL,SSWLEQN,349.7,353.4,353.4,3.7,1.06,10234,3616695,365.95,169.0
RAYMONDREL,RAYMONDRELEQN,506.05,511.4,511.4,5.35,1.06,1176,601406,734.9,349.0
ASIANENE,ASIANENEEQN,504.1,509.45,509.45,5.35,1.06,1695,863517,520.0,230.0
AEGISLOG,AEGISLOGEQN,1241.8,1255.0,1255.0,13.2,1.06,629,789395,1497.8,576.1
BBOX,BBOXEQN,725.2,732.85,732.85,7.65,1.05,548,401601,1103.0,435.05
PURVA,PURVAEQN,209.79,212.0,212.0,2.21,1.05,2300,487600,305.0,160.69
EDELWEISS,EDELWEISSEQN,126.18,127.5,127.5,1.32,1.05,16358,2085645,133.9,98.0
SANSERA,SANSERAEQN,3810.6,3850.8,3850.8,40.2,1.05,800,3080640,4084.9,1275.5
MUFTI,MUFTIEQN,72.13,72.89,72.89,0.76,1.05,295,21502,130.7,63.06
GLOBE,GLOBEEQN,1.91,1.93,1.93,0.02,1.05,2367,4568,3.29,1.86
MENONBE,MENONBEBEN,293.9,297.0,297.0,3.1,1.05,57,16929,301.4,101.5
SUNSHINE,SUNSHINEEQN,445.8,450.5,450.5,4.7,1.05,15360,6919680,473.8,363.6
SUPRIYA,SUPRIYAEQN,841.2,850.0,850.0,8.8,1.05,1553,1320050,1085.0,545.5
FOCUS,FOCUSBEN,64.53,65.2,65.2,0.67,1.04,4,260,99.9,57.06
SCILAL,SCILALEQN,39.47,39.88,39.88,0.41,1.04,680,27118,55.0,34.3
MARINE,MARINEEQN,431.5,436.0,436.0,4.5,1.04,5613,2447268,436.0,150.86
GNFC,GNFCEQN,576.95,582.95,582.95,6.0,1.04,1823,1062717,619.0,365.0
UNIVCABLES,UNIVCABLESEQN,1628.0,1645.0,1645.0,17.0,1.04,40,65800,1774.9,576.0
DAICHI,DAICHIEQN,352.3,355.95,355.95,3.65,1.04,67,23848,355.95,229.9
UYFINCORP,UYFINCORPBEN,19.3,19.5,19.5,0.2,1.04,50,975,22.34,11.5
QLINE,QLINESMN,619.55,626.0,626.0,6.45,1.04,1600,1001600,623.0,431.0
JARO,JAROEQN,455.25,460.0,460.0,4.75,1.04,322,148120,890.0,383.5
MONTECARLO,MONTECARLOEQN,544.2,549.8,549.8,5.6,1.03,111,61027,860.95,464.0
CONTROLPR,CONTROLPREQN,603.3,609.5,609.5,6.2,1.03,147,89596,899.0,517.0
LTTS,LTTSEQN,3505.0,3540.9,3540.9,35.9,1.02,120,424908,4726.0,3010.0
FINOPB,FINOPBEQN,140.49,141.92,141.92,1.43,1.02,252,35763,339.0,110.03
PNBGILTS,PNBGILTSEQN,78.19,78.99,78.99,0.8,1.02,11224,886583,106.0,58.6
LALITHAA,LALITHAAEQN,264.35,267.05,267.05,2.7,1.02,16282,4348108,283.65,240.35
ELGIRUBCO,ELGIRUBCOEQN,60.88,61.5,61.5,0.62,1.02,2,123,81.99,32.72
MWL,MWLEQN,39.2,39.6,39.6,0.4,1.02,1197,47401,43.94,18.26
BRIGADE,BRIGADEEQN,640.0,646.45,646.45,6.45,1.01,1837,1187528,802.01,450.75
HCLTECH,HCLTECHEQN,1331.5,1345.0,1345.0,13.5,1.01,5971,8030995,1780.1,1030.0
BSE,BSEEQN,3168.0,3199.9,3199.9,31.9,1.01,15805,50574419,4446.8,2021.5
REGAAL,REGAALEQN,90.78,91.7,91.7,0.92,1.01,615,56395,113.75,57.27
NORTHARC,NORTHARCEQN,299.7,302.7,302.7,3.0,1.0,2606,788836,334.0,206.0
VPRPL,VPRPLEQN,35.15,35.5,35.5,0.35,1.0,6719,238524,125.5,23.94
BBL,BBLEQN,2288.2,2311.0,2311.0,22.8,1.0,33,76263,3411.0,2051.7
ICICIPRULI,ICICIPRULIEQN,499.5,504.5,504.5,5.0,1.0,10728,5412276,706.8,459.5
GENUSPOWER,GENUSPOWEREQN,336.15,339.5,339.5,3.35,1.0,8918,3027661,363.0,210.4
AIAENG,AIAENGEQN,4159.7,4201.2,4201.2,41.5,1.0,65,273078,5180.0,3002.0
LUMAXIND,LUMAXINDEQN,6347.0,6410.0,6410.0,63.0,0.99,52,333320,6934.5,4061.0
BANSALWIRE,BANSALWIREEQN,319.75,322.9,322.9,3.15,0.99,31,10009,374.0,222.5
AETHER,AETHEREQN,1646.4,1662.7,1662.7,16.3,0.99,819,1361751,1717.0,726.45
KITEX,KITEXEQN,124.77,126.0,126.0,1.23,0.99,2152,271152,232.7,122.75
COALINDIA,COALINDIAEQN,417.85,422.0,422.0,4.15,0.99,113483,47889826,491.25,369.6
ACI,ACIEQN,494.1,499.0,499.0,4.9,0.99,1247,622253,726.0,479.8
PRADPME,PRADPMEBEN,497.9,502.85,502.85,4.95,0.99,3,1508,596.0,357.05
VSTTILLERS,VSTTILLERSEQN,4164.6,4206.0,4206.0,41.4,0.99,8,33648,6374.0,4128.0
MAHAPEXLTD,MAHAPEXLTDEQN,54.94,55.48,55.48,0.54,0.98,20,1109,75.64,37.32
GPTINFRA,GPTINFRAEQN,110.71,111.8,111.8,1.09,0.98,3362,375871,150.0,96.22
BOROSCI,BOROSCIEQN,131.31,132.6,132.6,1.29,0.98,460,60996,180.8,96.64
AARTECH,AARTECHBEN,49.81,50.3,50.3,0.49,0.98,3,150,64.75,33.51
TINNARUBR,TINNARUBREQN,1020.05,1030.0,1030.0,9.95,0.98,108,111240,1322.0,527.45
SUYOG,SUYOGEQN,731.35,738.5,738.5,7.15,0.98,5,3692,921.15,526.5
SURYALA,SURYALAEQN,414.95,419.0,419.0,4.05,0.98,49,20531,508.0,330.3
KSR,KSREQN,29.49,29.78,29.78,0.29,0.98,1,29,39.1,14.04
HALDYNGL,HALDYNGLBEN,142.55,143.95,143.95,1.4,0.98,223,32100,145.0,85.0
RPEL,RPELEQN,1774.6,1791.9,1791.9,17.3,0.97,270,483813,1810.0,561.3
JASH,JASHEQN,470.35,474.9,474.9,4.55,0.97,66,31343,572.85,327.1
RATEGAIN,RATEGAINEQN,875.35,883.85,883.85,8.5,0.97,1050,928042,1050.0,437.0
GENESYS,GENESYSEQN,219.87,222.0,222.0,2.13,0.97,2577,572094,440.75,134.73
HINDCOPPER,HINDCOPPEREQN,520.95,526.0,526.0,5.05,0.97,30015,15787890,760.05,232.3
SMLMAH,SMLMAHEQN,5318.5,5370.0,5370.0,51.5,0.97,204,1095480,5987.9,2719.0
XTRANET,XTRANETEQN,193.68,195.55,195.55,1.87,0.97,3847,752280,207.41,122.5
ENERGYDEV,ENERGYDEVEQN,15.65,15.8,15.8,0.15,0.96,19,300,29.69,13.15
TREL,TRELEQN,26.96,27.22,27.22,0.26,0.96,4,108,34.05,21.47
MAGADSUGAR,MAGADSUGAREQN,559.15,564.5,564.5,5.35,0.96,50,28225,634.95,417.0
MASTEK,MASTEKEQN,1763.0,1780.0,1780.0,17.0,0.96,327,582060,2614.0,1334.2
HMAAGRO,HMAAGROEQN,20.89,21.09,21.09,0.2,0.96,1064,22439,34.24,20.0
MAPMYINDIA,MAPMYINDIAEQN,982.6,992.0,992.0,9.4,0.96,221,219232,1998.0,795.0
MEDIASSIST,MEDIASSISTEQN,338.75,342.0,342.0,3.25,0.96,191,65322,575.55,293.0
GANDHAR,GANDHAREQN,265.95,268.5,268.5,2.55,0.96,1124,301794,303.17,115.0
GUFICBIO,GUFICBIOEQN,438.8,443.0,443.0,4.2,0.96,1224,542232,453.95,268.0
UJJIVANSFB,UJJIVANSFBEQN,63.64,64.25,64.25,0.61,0.96,43948,2823659,73.94,42.33
SCHAND,SCHANDEQN,134.2,135.49,135.49,1.29,0.96,151,20458,200.0,130.05
RAYMONDLSL,RAYMONDLSLEQN,650.3,656.45,656.45,6.15,0.95,298,195622,1350.0,628.25
ZENITHSTL,ZENITHSTLEQN,5.29,5.34,5.34,0.05,0.95,139,742,10.33,4.41
EMUDHRA,EMUDHRAEQN,522.15,527.1,527.1,4.95,0.95,304,160238,735.0,364.55
ONESOURCE,ONESOURCEEQN,1544.4,1559.0,1559.0,14.6,0.95,114,177726,1925.0,1057.0
JYOTICNC,JYOTICNCEQN,955.65,964.7,964.7,9.05,0.95,1567,1511684,1055.9,580.1
OLAELEC,OLAELECEQN,38.98,39.35,39.35,0.37,0.95,275495,10840728,71.25,22.25
NETWORK18,NETWORK18EQN,27.24,27.5,27.5,0.26,0.95,12839,353072,58.1,27.01
GIPCL,GIPCLEQN,205.94,207.9,207.9,1.96,0.95,2650,550935,207.94,119.9
DALBHARAT,DALBHARATEQN,1773.1,1790.0,1790.0,16.9,0.95,577,1032830,2496.3,1605.0
TIIL,TIILEQN,3262.0,3292.9,3292.9,30.9,0.95,11,36221,3565.3,1868.5
KOPRAN,KOPRANEQN,218.81,220.89,220.89,2.08,0.95,318,70243,235.07,107.0
INDIQUBE,INDIQUBEEQN,193.17,195.0,195.0,1.83,0.95,423,82485,243.8,131.15
HAZOOR,HAZOOREQN,18.95,19.13,19.13,0.18,0.95,1,19,22.49,17.44
AUTOAXLES,AUTOAXLESEQN,1732.5,1749.0,1749.0,16.5,0.95,7,12243,2115.0,1540.2
MSPL,MSPLEQN,36.14,36.48,36.48,0.34,0.94,5949,217019,46.12,26.25
ARIES,ARIESEQN,495.35,500.0,500.0,4.65,0.94,462,231000,517.9,285.35
SJVN,SJVNEQN,63.92,64.52,64.52,0.6,0.94,9880,637457,95.58,63.02
MCX,MCXEQN,3286.0,3317.0,3317.0,31.0,0.94,6241,20701397,3480.0,1496.0
EIHOTEL,EIHOTELEQN,285.8,288.5,288.5,2.7,0.94,645,186082,434.8,271.15
PRICOLLTD,PRICOLLTDEQN,767.75,775.0,775.0,7.25,0.94,1105,856375,823.0,474.15
GALAXYSURF,GALAXYSURFEQN,2223.1,2243.9,2243.9,20.8,0.94,25,56097,2648.0,1510.0
KIRLOSBROS,KIRLOSBROSEQN,1847.7,1865.0,1865.0,17.3,0.94,63,117495,2189.2,1335.0
MKEXIM,MKEXIMEQN,61.42,62.0,62.0,0.58,0.94,350,21700,68.69,45.7
AYE,AYEEQN,171.34,172.95,172.95,1.61,0.94,260,44967,197.29,88.22
ADVAIT,ADVAITEQN,2139.0,2159.0,2159.0,20.0,0.94,47,101473,2485.0,1351.0
NSIL,NSILEQN,5647.5,5700.0,5700.0,52.5,0.93,2,11400,8730.0,4700.0
RAJRATAN,RAJRATANEQN,490.45,495.0,495.0,4.55,0.93,110,54450,563.95,305.55
PENIND,PENINDEQN,165.9,167.45,167.45,1.55,0.93,222,37173,279.9,129.1
BLUESTARCO,BLUESTARCOEQN,1445.3,1458.8,1458.8,13.5,0.93,412,601025,2040.0,1432.5
INOXINDIA,INOXINDIAEQN,2099.4,2119.0,2119.0,19.6,0.93,993,2104167,2267.9,1068.2
TARIL,TARILEQN,302.0,304.8,304.8,2.8,0.93,6203,1890674,552.0,224.05
UTLSOLAR,UTLSOLAREQN,434.4,438.45,438.45,4.05,0.93,247,108297,494.25,172.0
SYRMA,SYRMAEQN,1434.0,1447.3,1447.3,13.3,0.93,2200,3184060,1543.0,634.5
DREDGECORP,DREDGECORPEQN,1060.9,1070.7,1070.7,9.8,0.92,131,140261,1286.0,538.0
KAPSTON,KAPSTONEQN,573.75,579.0,579.0,5.25,0.92,333,192807,600.0,158.13
INDRAMEDCO,INDRAMEDCOEQN,352.35,355.6,355.6,3.25,0.92,424,150774,640.85,342.0
SBICARD,SBICARDEQN,635.15,641.0,641.0,5.85,0.92,986,632026,965.0,565.45
VIKASECO,VIKASECOEQN,1.09,1.1,1.1,0.01,0.92,6498,7147,2.15,0.99
FIRSTCRY,FIRSTCRYEQN,170.82,172.4,172.4,1.58,0.92,8013,1381441,438.7,168.15
PAKKA,PAKKAEQN,75.8,76.5,76.5,0.7,0.92,60,4590,178.84,69.1
IRBINVIT,IRBINVITIVN,64.3,64.89,64.89,0.59,0.92,19757,1282031,65.0,57.05
VISAKAIND,VISAKAINDEQN,87.84,88.65,88.65,0.81,0.92,96,8510,104.41,50.2
DIAMINESQ,DIAMINESQEQN,243.65,245.9,245.9,2.25,0.92,50,12295,418.8,208.01
ENRIN,ENRINEQN,3119.3,3148.0,3148.0,28.7,0.92,885,2785980,3968.0,2115.0
ABDL,ABDLEQN,604.4,609.95,609.95,5.55,0.92,200,121990,711.7,382.1
RPPL,RPPLBEN,22.89,23.1,23.1,0.21,0.92,6,138,26.97,14.25
KROSS,KROSSEQN,207.52,209.4,209.4,1.88,0.91,607,127105,237.6,150.52
ARKADE,ARKADEEQN,117.93,119.0,119.0,1.07,0.91,1541,183379,188.25,92.62
INDUSINVIT,INDUSINVITIVN,133.43,134.64,134.64,1.21,0.91,144,19388,138.0,111.4
MAHABANK,MAHABANKEQN,82.4,83.15,83.15,0.75,0.91,27889,2318970,94.5,51.84
NOCIL,NOCILEQN,169.95,171.5,171.5,1.55,0.91,214,36701,204.5,125.31
RELIABLE,RELIABLEEQN,138.74,140.0,140.0,1.26,0.91,300,42000,175.0,104.74
STCINDIA,STCINDIAEQN,112.97,114.0,114.0,1.03,0.91,50,5700,150.7,97.04
TIMEX,TIMEXEQN,643.15,649.0,649.0,5.85,0.91,129,83721,687.8,312.0
TRANSRAILL,TRANSRAILLEQN,427.15,431.0,431.0,3.85,0.9,1344,579264,823.0,426.45
KERNEX,KERNEXEQN,1736.4,1752.0,1752.0,15.6,0.9,600,1051200,2580.0,850.0
NSLNISP,NSLNISPEQN,45.69,46.1,46.1,0.41,0.9,15418,710769,53.75,33.01
DEVYANI,DEVYANIEQN,138.07,139.31,139.31,1.24,0.9,5429,756313,191.0,91.55
LATENTVIEW,LATENTVIEWEQN,271.0,273.45,273.45,2.45,0.9,558,152585,517.5,248.0
APLAPOLLO,APLAPOLLOEQN,2210.0,2230.0,2230.0,20.0,0.9,385,858550,2301.4,1629.7
EMCURE,EMCUREEQN,1858.4,1874.9,1874.9,16.5,0.89,86,161241,2048.0,1260.0
PAISALO,PAISALOEQN,66.52,67.11,67.11,0.59,0.89,4225,283539,77.39,30.0
FEDERALBNK,FEDERALBNKEQN,353.35,356.5,356.5,3.15,0.89,36411,12980521,371.7,188.4
MAHLOG,MAHLOGEQN,392.45,395.95,395.95,3.5,0.89,3,1187,450.0,275.05
AXISBANK,AXISBANKEQN,1253.9,1265.0,1265.0,11.1,0.89,10088,12761320,1418.3,1045.0
SHAREINDIA,SHAREINDIAEQN,168.48,169.98,169.98,1.5,0.89,560,95188,211.0,115.36
ROSSELLIND,ROSSELLINDEQN,58.58,59.1,59.1,0.52,0.89,1,59,73.0,40.0
GKENERGY,GKENERGYEQN,131.04,132.2,132.2,1.16,0.89,1851,244702,239.6,87.2
HPL,HPLEQN,297.35,300.0,300.0,2.65,0.89,166,49800,507.9,255.55
VISL,VISLEQN,37.15,37.48,37.48,0.33,0.89,339681,12731243,44.78,19.06
MCLOUD,MCLOUDEQN,26.28,26.51,26.51,0.23,0.88,6355,168471,87.0,19.4
RENUKA,RENUKAEQN,23.94,24.15,24.15,0.21,0.88,26550,641182,33.5,21.05
FMGOETZE,FMGOETZEEQN,612.4,617.8,617.8,5.4,0.88,8336,5149980,641.1,358.0
PICCADIL,PICCADILEQN,622.25,627.7,627.7,5.45,0.88,4,2510,809.7,515.0
SUMEETINDS,SUMEETINDSEQN,11.34,11.44,11.44,0.1,0.88,4621,52864,35.67,11.09
TENNIND,TENNINDEQN,519.8,524.4,524.4,4.6,0.88,329,172527,657.0,438.05
JUSTDIAL,JUSTDIALEQN,697.85,704.0,704.0,6.15,0.88,347,244288,878.6,480.5
MASFIN,MASFINEQN,294.45,297.0,297.0,2.55,0.87,263,78111,358.85,277.35
SANOFI,SANOFIEQN,3157.4,3185.0,3185.0,27.6,0.87,96,305760,5175.5,3054.0
VRLLOG,VRLLOGEQN,299.85,302.45,302.45,2.6,0.87,482,145780,310.2,225.0
LICI,LICIEQN,408.25,411.8,411.8,3.55,0.87,22676,9337976,468.48,360.75
MIDHANI,MIDHANIEQN,414.4,418.0,418.0,3.6,0.87,2467,1031206,456.6,266.65
BEML,BEMLEQN,2032.4,2050.0,2050.0,17.6,0.87,4002,8204100,2275.75,1355.0
BFINVEST,BFINVESTEQN,452.95,456.9,456.9,3.95,0.87,101,46146,584.7,315.0
HCL-INSYS,HCL-INSYSEQN,10.32,10.41,10.41,0.09,0.87,835,8692,16.5,9.01
JSWHL,JSWHLEQN,11441.0,11541.0,11541.0,100.0,0.87,1,11541,22790.0,10530.0
SHRIRAMFIN,SHRIRAMFINEQN,1047.0,1056.0,1056.0,9.0,0.86,11581,12229536,1153.7,580.0
SIS,SISEQN,430.0,433.7,433.7,3.7,0.86,287,124471,480.95,257.05
POLYCAB,POLYCABEQN,8804.0,8879.5,8879.5,75.5,0.86,362,3214379,10126.0,6663.0
ICICIAMC,ICICIAMCEQN,2973.3,2998.9,2998.9,25.6,0.86,320,959648,3611.0,2530.0
MANINDS,MANINDSEQN,744.85,751.25,751.25,6.4,0.86,2177,1635471,783.4,302.05
SAIPARENT,SAIPARENTEQN,515.55,520.0,520.0,4.45,0.86,48,24960,706.0,400.0
SHARDACROP,SHARDACROPEQN,778.3,784.9,784.9,6.6,0.85,155,121659,1297.0,755.55
GVT&D,GVT&DEQN,4240.0,4276.0,4276.0,36.0,0.85,2984,12759584,5650.0,2523.2
KSCL,KSCLEQN,738.75,745.0,745.0,6.25,0.85,125,93125,1225.0,705.1
ADVANCE,ADVANCEEQN,117.89,118.89,118.89,1.0,0.85,6031,717025,154.0,84.1
SHREEJISPG,SHREEJISPGEQN,643.4,648.9,648.9,5.5,0.85,607,393882,681.55,222.0
MEESHO,MEESHOEQN,211.6,213.4,213.4,1.8,0.85,210861,44997737,254.4,125.56
DIVGIITTS,DIVGIITTSEQN,1244.4,1255.0,1255.0,10.6,0.85,99,124245,1329.8,573.7
OSWALAGRO,OSWALAGROEQN,36.89,37.2,37.2,0.31,0.84,100,3720,81.0,33.4
ELECTCAST,ELECTCASTEQN,85.28,86.0,86.0,0.72,0.84,16423,1412378,103.95,60.15
SHAILY,SHAILYEQN,3172.5,3199.0,3199.0,26.5,0.84,173,553427,3615.2,1770.9
VGUARD,VGUARDEQN,341.2,344.05,344.05,2.85,0.84,376,129362,392.2,288.8
GMMPFAUDLR,GMMPFAUDLREQN,1070.0,1079.0,1079.0,9.0,0.84,131,141349,1307.5,735.0
ICICIBANK,ICICIBANKEQN,1426.5,1438.3,1438.3,11.8,0.83,126551,182018303,1480.0,1187.6
PVRINOX,PVRINOXEQN,1210.0,1220.0,1220.0,10.0,0.83,886,1080920,1284.5,907.4
RIIL,RIILEQN,743.75,749.95,749.95,6.2,0.83,310,232484,964.9,617.35
EASEMYTRIP,EASEMYTRIPEQN,6.0,6.05,6.05,0.05,0.83,21998,133087,10.6,5.77
OCCLLTD,OCCLLTDBEN,163.35,164.7,164.7,1.35,0.83,4,658,183.03,75.71
KWIL,KWILEQN,43.38,43.74,43.74,0.36,0.83,34752,1520052,50.68,22.24
HYUNDAI,HYUNDAIEQN,2154.4,2172.0,2172.0,17.6,0.82,6118,13288296,2890.0,1658.0
KAYA,KAYABEN,335.2,337.95,337.95,2.75,0.82,19,6421,487.9,224.01
VINCOFE,VINCOFEEQN,175.56,177.0,177.0,1.44,0.82,3413,604101,189.4,120.24
INOXGREEN,INOXGREENEQN,164.25,165.6,165.6,1.35,0.82,61,10101,279.0,132.58
SEAMECLTD,SEAMECLTDEQN,1735.7,1750.0,1750.0,14.3,0.82,621,1086750,1749.0,771.75
SKFINDUS,SKFINDUSEQN,3039.2,3064.0,3064.0,24.8,0.82,68,208352,3082.9,1994.1
SWANCORP,SWANCORPEQN,285.4,287.75,287.75,2.35,0.82,266,76541,506.0,282.2
JINDWORLD,JINDWORLDEQN,40.19,40.52,40.52,0.33,0.82,22045,893263,44.25,17.85
ORIRAIL,ORIRAILEQN,125.37,126.4,126.4,1.03,0.82,96,12134,142.0,102.8
PSPPROJECT,PSPPROJECTEQN,858.0,865.0,865.0,7.0,0.82,105,90825,1143.0,569.2
VAML,VAMLEQN,437.1,440.7,440.7,3.6,0.82,26505,11680753,537.0,423.15
YATRA,YATRAEQN,114.15,115.07,115.07,0.92,0.81,3237,372481,202.0,89.9
GREENPLY,GREENPLYEQN,283.7,286.0,286.0,2.3,0.81,32,9152,334.4,176.42
BIKAJI,BIKAJIEQN,590.2,595.0,595.0,4.8,0.81,56,33320,818.7,586.9
RTNPOWER,RTNPOWEREQN,7.39,7.45,7.45,0.06,0.81,61448,457787,12.84,7.3
PNB,PNBEQN,117.0,117.95,117.95,0.95,0.81,54410,6417659,135.15,98.5
COHANCE,COHANCEEQN,458.3,462.0,462.0,3.7,0.81,1435,662970,1038.9,266.7
ODYCORP,ODYCORPEQN,7.42,7.48,7.48,0.06,0.81,511,3822,8.48,5.71
EUROPRATIK,EUROPRATIKEQN,260.05,262.15,262.15,2.1,0.81,78,20447,390.0,205.1
FAZE3Q,FAZE3QEQN,488.75,492.7,492.7,3.95,0.81,3,1478,650.05,322.1
TVSHLTD,TVSHLTDEQN,13045.0,13150.0,13150.0,105.0,0.8,1,13150,16297.0,11925.0
MAYURUNIQ,MAYURUNIQEQN,728.75,734.6,734.6,5.85,0.8,222,163081,907.0,471.2
WINDLAS,WINDLASEQN,1096.6,1105.35,1105.35,8.75,0.8,2114,2336709,1110.0,697.4
TEGA,TEGAEQN,1539.7,1552.0,1552.0,12.3,0.8,232,360064,2125.0,1473.0
FOSECOIND,FOSECOINDEQN,6183.0,6232.5,6232.5,49.5,0.8,10,62325,6846.0,4300.0
AEROFLEX,AEROFLEXEQN,540.75,545.05,545.05,4.3,0.8,7389,4027374,570.5,158.0
APLLTD,APLLTDEQN,826.9,833.5,833.5,6.6,0.8,153,127525,998.0,635.8
TCI,TCIEQN,869.1,876.05,876.05,6.95,0.8,14,12264,1242.0,863.0
IIFL,IIFLEQN,633.25,638.3,638.3,5.05,0.8,3121,1992134,705.0,409.1
SPORTKING,SPORTKINGEQN,225.74,227.55,227.55,1.81,0.8,961,218675,241.51,78.17
YUKEN,YUKENEQN,967.25,975.0,975.0,7.75,0.8,50,48750,1030.9,584.1
SAREGAMA,SAREGAMAEQN,477.3,481.1,481.1,3.8,0.8,170,81787,574.5,307.05
FRACTAL,FRACTALEQN,821.4,827.95,827.95,6.55,0.8,2011,1665007,1118.0,733.7
UNITECH,UNITECHEQN,3.74,3.77,3.77,0.03,0.8,2806,10578,7.93,3.1
GUJENERGY,GUJENERGYEQN,262.29,264.4,264.4,2.11,0.8,7492,1980884,452.0,246.15
BLEL,BLELEQN,445.25,448.8,448.8,3.55,0.8,6154,2761915,548.0,431.1
GKSL,GKSLEQN,168.3,169.65,169.65,1.35,0.8,823,139621,171.9,98.36
ANDHRSUGAR,ANDHRSUGAREQN,99.2,99.99,99.99,0.79,0.8,1091,109089,107.23,66.5
TEXRAIL,TEXRAILEQN,113.65,114.55,114.55,0.9,0.79,9574,1096701,153.0,78.05
CHALET,CHALETEQN,897.95,905.0,905.0,7.05,0.79,1007,911335,1070.1,691.35
BBTC,BBTCEQN,1492.7,1504.5,1504.5,11.8,0.79,252,379134,2135.0,1314.6
CYBERTECH,CYBERTECHBEN,133.35,134.4,134.4,1.05,0.79,5,672,274.8,95.3
SAMBHV,SAMBHVEQN,126.18,127.18,127.18,1.0,0.79,1242,157957,141.32,81.42
HINDOILEXP,HINDOILEXPEQN,166.18,167.5,167.5,1.32,0.79,1995,334162,188.65,117.5
PARKHOSPS,PARKHOSPSEQN,276.75,278.95,278.95,2.2,0.79,1322,368771,305.0,138.1
NIRLON,NIRLONEQN,649.8,639.8,639.8,5.0,0.79,427,273194,657.0,516.03
ASHAPURMIN,ASHAPURMINEQN,550.5,554.8,554.8,4.3,0.78,568,315126,924.9,455.1
SBFC,SBFCEQN,99.23,100.0,100.0,0.77,0.78,2212,221200,123.0,79.6
SARDAEN,SARDAENEQN,491.05,494.9,494.9,3.85,0.78,201,99474,639.75,453.1
CAMLINFINE,CAMLINFINEEQN,102.8,103.6,103.6,0.8,0.78,1200,124320,235.0,96.21
PFC,PFCEQN,346.5,349.2,349.2,2.7,0.78,8641,3017437,486.5,329.9
TRIVENI,TRIVENIEQN,282.6,284.8,284.8,2.2,0.78,1131,322108,490.1,220.05
GSFC,GSFCEQN,159.95,161.2,161.2,1.25,0.78,2105,339326,220.59,138.83
HINDZINC,HINDZINCEQN,588.4,593.0,593.0,4.6,0.78,21605,12811765,733.0,430.75
INTERARCH,INTERARCHEQN,1687.5,1688.1,1688.1,13.1,0.78,389,656670,2762.6,1600.0
SBIN,SBINEQN,1020.9,1028.9,1028.9,8.0,0.78,26462,27226751,1234.7,802.65
HITECH,HITECHEQN,76.54,77.14,77.14,0.6,0.78,2293,176882,127.5,70.14
TIL,TILBEN,233.34,235.15,235.15,1.81,0.78,347,81597,371.95,161.25
ALOKINDS,ALOKINDSEQN,7.73,7.79,7.79,0.06,0.78,230854,1798352,19.34,7.06
ABFRL,ABFRLEQN,50.47,50.86,50.86,0.39,0.77,13036,663010,94.95,50.2
SOLARWORLD,SOLARWORLDEQN,142.83,143.93,143.93,1.1,0.77,1979,284837,388.5,139.19
STARPAPER,STARPAPEREQN,147.16,148.3,148.3,1.14,0.77,18,2669,181.8,119.05
PARADEEP,PARADEEPEQN,156.19,157.4,157.4,1.21,0.77,3740,588676,231.0,99.7
GENSOL,GENSOLBZN,16.86,16.99,16.99,0.13,0.77,166,2820,46.02,16.4
LEAPIND,LEAPINDEQN,157.68,158.9,158.9,1.22,0.77,6923,1100064,172.29,143.0
CCAVENUE,CCAVENUEEQN,15.5,15.62,15.62,0.12,0.77,40428,631485,20.5,12.92
LASERPOWER,LASERPOWEREQN,303.55,305.9,305.9,2.35,0.77,555,169774,343.5,250.0
SULA,SULAEQN,148.36,149.5,149.5,1.14,0.77,619,92540,296.8,138.6
LTFOODS,LTFOODSEQN,442.45,445.8,445.8,3.35,0.76,768,342374,490.7,333.15
AADHARHFC,AADHARHFCEQN,475.4,479.0,479.0,3.6,0.76,39,18681,563.0,430.15
INDOFARM,INDOFARMEQN,134.97,136.0,136.0,1.03,0.76,409,55624,271.69,110.7
IDBI,IDBIEQN,91.55,92.25,92.25,0.7,0.76,28043,2586966,118.38,61.01
MAWANASUG,MAWANASUGEQN,147.87,149.0,149.0,1.13,0.76,877,130673,164.0,75.08
APARINDS,APARINDSEQN,16813.0,16941.0,16941.0,128.0,0.76,726,12299166,18465.0,6801.0
MOL,MOLEQN,65.75,66.25,66.25,0.5,0.76,11784,780690,87.75,36.5
FRONTSP,FRONTSPEQN,1250.4,1259.9,1259.9,9.5,0.76,2,2519,1869.0,1241.1
GOKUL,GOKULEQN,41.37,41.68,41.68,0.31,0.75,30,1250,46.8,31.0
STEELXIND,STEELXINDEQN,10.61,10.69,10.69,0.08,0.75,16338,174653,13.95,7.0
SYMPHONY,SYMPHONYEQN,567.75,572.0,572.0,4.25,0.75,65,37180,974.7,564.0
KEI,KEIEQN,5170.0,5209.0,5209.0,39.0,0.75,716,3729644,5899.0,3728.7
MMFL,MMFLEQN,648.05,652.9,652.9,4.85,0.75,188,122745,687.95,288.1
RRKABEL,RRKABELEQN,2630.4,2650.0,2650.0,19.6,0.75,2700,7155000,2983.8,1181.6
AGIIL,AGIILEQN,280.75,282.85,282.85,2.1,0.75,2558,723530,434.4,224.7
GHCLTEXTIL,GHCLTEXTILEQN,139.35,140.4,140.4,1.05,0.75,820,115128,144.59,65.26
NELCO,NELCOEQN,929.65,936.6,936.6,6.95,0.75,773,723991,1120.0,500.1
SKIPPER,SKIPPEREQN,537.15,541.2,541.2,4.05,0.75,612,331214,593.0,327.05
JAYAGROGN,JAYAGROGNEQN,229.57,231.3,231.3,1.73,0.75,1,231,256.8,147.26
IOLCP,IOLCPEQN,188.38,189.8,189.8,1.42,0.75,10705,2031809,198.4,67.19
APEX,APEXEQN,367.25,370.0,370.0,2.75,0.75,73,27010,514.5,211.97
COSMOFIRST,COSMOFIRSTEQN,952.85,960.0,960.0,7.15,0.75,369,354240,1008.0,560.8
OMAXAUTO,OMAXAUTOEQN,187.09,188.49,188.49,1.4,0.75,250,47122,263.4,84.5
IZMO,IZMOEQN,938.8,945.85,945.85,7.05,0.75,1124,1063135,1374.7,562.0
GRINDWELL,GRINDWELLEQN,1967.5,1982.0,1982.0,14.5,0.74,84,166488,2455.0,1329.0
MAXIND,MAXINDEQN,147.9,149.0,149.0,1.1,0.74,28,4172,241.57,120.0
RAYMOND,RAYMONDEQN,667.25,672.2,672.2,4.95,0.74,1977,1328939,674.9,320.0
THERMAX,THERMAXEQN,3752.5,3780.3,3780.3,27.8,0.74,127,480098,5277.8,2742.7
TRU,TRUEQN,4.07,4.1,4.1,0.03,0.74,12,49,13.82,3.9
LAXMIDENTL,LAXMIDENTLEQN,194.58,196.0,196.0,1.42,0.73,4,784,377.05,155.88
ZENSARTECH,ZENSARTECHEQN,460.55,463.9,463.9,3.35,0.73,1719,797444,868.95,423.0
FOODSIN,FOODSINEQN,54.78,55.18,55.18,0.4,0.73,14,772,95.9,44.0
VIYASH,VIYASHEQN,259.1,261.0,261.0,1.9,0.73,7222,1884942,298.0,169.92
TICL,TICLBEN,8.23,8.29,8.29,0.06,0.73,2,16,33.99,8.0
TRUALT,TRUALTEQN,428.85,432.0,432.0,3.15,0.73,151,65232,549.0,310.2
STALLION,STALLIONBEN,212.45,214.0,214.0,1.55,0.73,1252,267928,359.15,99.32
IBULLSLTD,IBULLSLTDEQN,25.96,26.15,26.15,0.19,0.73,14392,376350,32.5,8.9
AARTIDRUGS,AARTIDRUGSEQN,417.8,420.85,420.85,3.05,0.73,196,82486,534.55,318.95
WABAG,WABAGEQN,1987.8,2002.2,2002.2,14.4,0.72,892,1785962,2253.5,1033.0
SAMMAANCAP,SAMMAANCAPEQN,152.31,153.4,153.4,1.09,0.72,27401,4203313,192.95,125.1
IGARASHI,IGARASHIEQN,415.0,418.0,418.0,3.0,0.72,101,42218,558.0,271.05
KRBL,KRBLEQN,424.4,427.45,427.45,3.05,0.72,738,315458,479.0,274.65
MAANALU,MAANALUEQN,118.15,119.0,119.0,0.85,0.72,251,29869,184.74,103.01
CESC,CESCEQN,146.44,147.5,147.5,1.06,0.72,6177,911107,204.5,138.12
CHOLAHLDNG,CHOLAHLDNGEQN,1489.0,1499.7,1499.7,10.7,0.72,9,13497,2064.0,1305.0
MANIPALHOS,MANIPALHOSEQN,709.9,715.0,715.0,5.1,0.72,6926,4952090,815.0,625.45
CMLL,CMLLEQN,495.45,499.0,499.0,3.55,0.72,350,174650,624.4,463.35
ABREL,ABRELEQN,1331.1,1340.7,1340.7,9.6,0.72,63,84464,1965.3,1080.1
MOTISONS,MOTISONSEQN,15.43,15.54,15.54,0.11,0.71,34786,540574,20.45,10.62
BGRENERGY,BGRENERGYBEN,244.77,246.5,246.5,1.73,0.71,25,6162,490.8,183.9
KCP,KCPEQN,165.81,166.99,166.99,1.18,0.71,290,48427,212.2,125.0
RAMCOSYS,RAMCOSYSEQN,579.0,583.1,583.1,4.1,0.71,122,71138,967.5,342.1
BAJAJCON,BAJAJCONEQN,484.55,488.0,488.0,3.45,0.71,3465,1690920,692.0,220.1
HEIDELBERG,HEIDELBERGEQN,157.87,158.99,158.99,1.12,0.71,225,35772,220.9,136.1
ANDREWYU,ANDREWYUEQN,28.15,28.35,28.35,0.2,0.71,5,141,30.49,24.51
ARSSBL,ARSSBLEQN,508.3,511.9,511.9,3.6,0.71,21,10749,794.85,416.0
KNAGRI,KNAGRIEQN,209.46,210.95,210.95,1.49,0.71,200,42190,244.0,148.3
RKFORGE,RKFORGEEQN,726.1,731.2,731.2,5.1,0.7,406,296867,772.8,460.15
TI,TIEQN,552.35,556.2,556.2,3.85,0.7,1385,770337,594.55,381.55
MRF,MRFEQN,131880.0,132800.0,132800.0,920.0,0.7,7,929600,163600.0,122000.0
ENTERO,ENTEROEQN,1797.4,1810.0,1810.0,12.6,0.7,121,219010,1841.5,944.0
JKPAPER,JKPAPEREQN,395.2,397.95,397.95,2.75,0.7,2695,1072475,444.8,304.85
TATAPOWER,TATAPOWEREQN,364.0,366.55,366.55,2.55,0.7,36684,13446520,464.9,342.5
PRINCEPIPE,PRINCEPIPEEQN,285.0,287.0,287.0,2.0,0.7,180,51660,353.4,205.0
SEDEMAC,SEDEMACEQN,2866.5,2886.6,2886.6,20.1,0.7,197,568660,3368.9,1413.1
VOGL,VOGLEQN,38.57,38.84,38.84,0.27,0.7,73598,2858546,47.6,30.42
TAC,TACSTN,427.0,430.0,430.0,3.0,0.7,400,172000,899.65,347.4
VARDHACRLC,VARDHACRLCBEN,42.7,43.0,43.0,0.3,0.7,2,86,48.77,27.01
LANCER,LANCEREQN,12.91,13.0,13.0,0.09,0.7,8276,107588,13.8,10.1
OMAXE,OMAXEEQN,132.67,133.58,133.58,0.91,0.69,30866,4123080,138.1,62.5
FCSSOFT,FCSSOFTEQN,1.45,1.46,1.46,0.01,0.69,3278,4785,2.53,1.05
SHILPAMED,SHILPAMEDEQN,928.55,935.0,935.0,6.45,0.69,2867,2680645,952.0,259.5
JUNIPER,JUNIPEREQN,218.5,220.0,220.0,1.5,0.69,51,11220,312.5,188.5
JSWSTEEL,JSWSTEELEQN,1306.0,1315.0,1315.0,9.0,0.69,1098,1443870,1351.0,1031.2
ROSSARI,ROSSARIEQN,476.2,479.5,479.5,3.3,0.69,30,14385,690.3,375.0
IDEA,IDEAEQN,14.53,14.63,14.63,0.1,0.69,1629742,23843125,15.37,6.46
ELGIEQUIP,ELGIEQUIPEQN,616.75,621.0,621.0,4.25,0.69,417,258957,644.0,408.25
VAKRANGEE,VAKRANGEEEQN,5.76,5.8,5.8,0.04,0.69,2595,15051,9.77,4.61
CAMPUS,CAMPUSEQN,220.87,222.4,222.4,1.53,0.69,493,109643,297.0,215.2
WHEELS,WHEELSEQN,1544.3,1555.0,1555.0,10.7,0.69,26,40430,1808.0,705.85
ARDEE,ARDEEEQN,56.4,56.79,56.79,0.39,0.69,11542,655470,73.19,55.66
ODIGMA,ODIGMAEQN,23.09,23.25,23.25,0.16,0.69,100,2325,56.09,20.0
GNA,GNAEQN,532.4,536.1,536.1,3.7,0.69,87,46640,601.65,295.0
DHABRIYA,DHABRIYABEN,506.5,510.0,510.0,3.5,0.69,23,11730,603.0,485.0
GRANULES,GRANULESEQN,831.75,837.5,837.5,5.75,0.69,386,323275,910.0,503.6
NIITLTD,NIITLTDEQN,97.33,97.99,97.99,0.66,0.68,415,40665,116.4,49.0
SUBEXLTD,SUBEXLTDEQN,17.57,17.69,17.69,0.12,0.68,8705,153991,19.39,6.61
NCC,NCCEQN,142.53,143.5,143.5,0.97,0.68,4267,612314,222.31,130.0
USHAMART,USHAMARTEQN,501.6,505.0,505.0,3.4,0.68,560,282800,527.5,374.0
JWL,JWLEQN,239.37,241.0,241.0,1.63,0.68,1959,472119,358.25,235.65
RAJOOENG,RAJOOENGBEN,48.67,49.0,49.0,0.33,0.68,1248,61152,103.69,46.0
IGIL,IGILEQN,327.2,329.4,329.4,2.2,0.67,2269,747408,392.0,287.0
JAMNAAUTO,JAMNAAUTOEQN,120.29,121.1,121.1,0.81,0.67,5084,615672,152.6,89.74
GPIL,GPILEQN,239.39,240.99,240.99,1.6,0.67,1446,348471,320.0,221.21
JAGRAN,JAGRANEQN,61.03,61.44,61.44,0.41,0.67,485,29798,78.9,59.5
KIOCL,KIOCLEQN,380.55,383.1,383.1,2.55,0.67,180,68958,634.55,290.65
VLEGOV,VLEGOVBEN,10.42,10.49,10.49,0.07,0.67,51,534,38.9,8.42
AGI,AGIEQN,749.45,754.5,754.5,5.05,0.67,174,131283,939.0,465.0
BCG,BCGEQN,8.92,8.98,8.98,0.06,0.67,21739,195216,16.4,7.7
IREDA,IREDAEQN,112.55,113.3,113.3,0.75,0.67,17905,2028636,163.35,108.65
BLSE,BLSEEQN,322.85,325.0,325.0,2.15,0.67,18,5850,331.3,124.3
THOMASCOOK,THOMASCOOKEQN,106.09,106.8,106.8,0.71,0.67,2038,217658,181.41,86.35
AEROENTER,AEROENTEREQN,140.46,141.4,141.4,0.94,0.67,1090,154126,149.55,62.2
UCAL,UCALBEN,148.11,149.1,149.1,0.99,0.67,80,11928,163.8,77.0
CLSEL,CLSELEQN,301.4,303.4,303.4,2.0,0.66,10,3034,324.8,203.75
RUPA,RUPAEQN,143.15,144.1,144.1,0.95,0.66,1701,245114,212.84,109.21
TTML,TTMLEQN,38.0,38.25,38.25,0.25,0.66,14237,544565,60.62,31.22
GREENPOWER,GREENPOWEREQN,9.16,9.22,9.22,0.06,0.66,6618,61017,14.93,7.98
DWARKESH,DWARKESHEQN,48.78,49.1,49.1,0.32,0.66,5261,258315,59.9,32.13
MONOLITH,MONOLITHSMN,1256.7,1264.95,1264.95,8.25,0.66,1000,1264950,1278.0,367.0
JAINREC,JAINRECEQN,282.15,284.0,284.0,1.85,0.66,2337,663708,593.95,247.57
SPECIALITY,SPECIALITYBEN,138.09,139.0,139.0,0.91,0.66,9,1251,167.46,82.7
RATNAVEER,RATNAVEEREQN,286.15,288.0,288.0,1.85,0.65,11404,3284352,314.9,130.5
UNOMINDA,UNOMINDAEQN,1236.0,1244.0,1244.0,8.0,0.65,1518,1888392,1382.0,994.0
PRUDENT,PRUDENTEQN,3237.4,3258.4,3258.4,21.0,0.65,40,130336,4105.5,2121.0
METROPOLIS,METROPOLISEQN,582.2,586.0,586.0,3.8,0.65,14,8204,609.05,412.25
OLECTRA,OLECTRAEQN,1238.9,1247.0,1247.0,8.1,0.65,399,497553,1714.2,866.6
URBANCO,URBANCOEQN,171.84,172.95,172.95,1.11,0.65,21851,3779130,201.18,100.7
OMNI,OMNIEQN,543.15,546.7,546.7,3.55,0.65,2426,1326294,764.85,176.25
SGFIN,SGFINEQN,674.6,678.9,678.9,4.3,0.64,529,359138,727.45,323.0
ASALCBR,ASALCBREQN,703.8,708.3,708.3,4.5,0.64,5,3541,1277.0,660.65
MTNL,MTNLEQN,26.43,26.6,26.6,0.17,0.64,4621,122918,46.44,21.26
KIRIINDUS,KIRIINDUSEQN,523.65,527.0,527.0,3.35,0.64,1207,636089,779.0,333.8
ZYDUSWELL,ZYDUSWELLEQN,534.6,538.0,538.0,3.4,0.64,172,92536,611.85,367.55
TURTLEMINT,TURTLEMINTEQN,144.08,145.0,145.0,0.92,0.64,1126,163270,160.0,110.41
GSPCROP,GSPCROPEQN,625.95,629.95,629.95,4.0,0.64,87,54805,667.95,328.0
SIRCA,SIRCAEQN,431.25,433.95,433.95,2.7,0.63,205,88959,539.0,385.0
MANAPPURAM,MANAPPURAMEQN,340.9,343.05,343.05,2.15,0.63,7527,2582137,381.55,245.15
RAMKY,RAMKYEQN,340.85,343.0,343.0,2.15,0.63,50,17150,705.0,333.0
TDPOWERSYS,TDPOWERSYSEQN,735.05,739.7,739.7,4.65,0.63,2782,2057845,798.85,254.15
KOHINOOR,KOHINOOREQN,33.41,33.62,33.62,0.21,0.63,25,840,38.47,19.2
ROLEXRINGS,ROLEXRINGSEQN,173.01,174.1,174.1,1.09,0.63,2071,360561,189.4,99.79
TALBROAUTO,TALBROAUTOEQN,407.4,409.95,409.95,2.55,0.63,243,99617,451.6,219.9
ADANIPOWER,ADANIPOWEREQN,207.7,209.0,209.0,1.3,0.63,136672,28564448,254.2,120.0
SANGHVIMOV,SANGHVIMOVEQN,452.3,455.15,455.15,2.85,0.63,153,69637,528.0,223.8
GRWRHITECH,GRWRHITECHEQN,7202.5,7248.0,7248.0,45.5,0.63,15,108720,7990.0,2690.7
CANTABIL,CANTABILEQN,236.6,238.1,238.1,1.5,0.63,269,64048,321.5,208.5
ATGL,ATGLEQN,614.95,618.8,618.8,3.85,0.63,1643,1016688,859.85,462.8
SAKUMA,SAKUMAEQN,1.6,1.61,1.61,0.01,0.63,1884,3033,3.1,1.1
KARURVYSYA,KARURVYSYAEQN,346.6,348.8,348.8,2.2,0.63,1294,451347,358.65,201.82
ARCHIES,ARCHIESEQN,12.94,13.02,13.02,0.08,0.62,450,5859,24.38,10.86
PITTIENG,PITTIENGEQN,1093.0,1099.8,1099.8,6.8,0.62,51,56089,1168.0,675.0
POONAWALLA,POONAWALLAEQN,459.65,462.5,462.5,2.85,0.62,572,264550,570.4,361.2
JAIBALAJI,JAIBALAJIEQN,70.6,71.04,71.04,0.44,0.62,831,59034,108.0,53.65
EBGNG,EBGNGEQN,641.8,645.8,645.8,4.0,0.62,1357,876350,689.5,239.0
IRISDOREME,IRISDOREMEEQN,58.39,58.75,58.75,0.36,0.62,596,35015,60.2,26.35
NAVA,NAVAEQN,560.75,564.2,564.2,3.45,0.62,82,46264,739.4,501.65
GESHIP,GESHIPEQN,1305.6,1313.6,1313.6,8.0,0.61,2377,3122427,1798.0,948.4
JSFB,JSFBEQN,523.4,526.6,526.6,3.2,0.61,268,141128,606.95,330.0
SCI,SCIEQN,288.2,289.95,289.95,1.75,0.61,14176,4110331,368.75,195.55
NHPC,NHPCEQN,75.65,76.11,76.11,0.46,0.61,33340,2537507,89.22,71.62
JAICORPLTD,JAICORPLTDEQN,98.01,98.61,98.61,0.6,0.61,3,295,178.24,88.0
LENSKART,LENSKARTEQN,668.9,672.95,672.95,4.05,0.61,7411,4987232,678.4,356.1
EIHAHOTELS,EIHAHOTELSEQN,307.85,309.7,309.7,1.85,0.6,6,1858,434.9,266.65
COMPUSOFT,COMPUSOFTEQN,13.38,13.46,13.46,0.08,0.6,4,53,20.75,12.0
HDFCBANK,HDFCBANKEQN,700.8,705.0,705.0,4.2,0.6,296153,208787865,1020.5,698.5
BHAGCHEM,BHAGCHEMEQN,268.1,269.7,269.7,1.6,0.6,1330,358701,316.9,170.6
RICOAUTO,RICOAUTOEQN,125.7,126.45,126.45,0.75,0.6,4390,555115,157.99,78.92
BLUECLOUDS,BLUECLOUDSEQN,19.89,20.01,20.01,0.12,0.6,2895,57928,24.5,19.61
GCSL,GCSLEQN,571.85,575.3,575.3,3.45,0.6,360,207108,575.65,213.15
TTL,TTLEQN,6.75,6.79,6.79,0.04,0.59,6,40,11.8,5.5
POWERINDIA,POWERINDIAEQN,32200.0,32390.0,32390.0,190.0,0.59,245,7935550,38785.0,16111.0
NPST,NPSTEQN,1690.0,1700.0,1700.0,10.0,0.59,25,42500,2208.6,846.6
SUPRAJIT,SUPRAJITEQN,501.3,504.25,504.25,2.95,0.59,4,2017,559.25,389.95
HDFCLIFE,HDFCLIFEEQN,533.0,536.15,536.15,3.15,0.59,2419,1296946,803.0,530.5
AEGISVOPAK,AEGISVOPAKEQN,286.3,288.0,288.0,1.7,0.59,6811,1961568,311.49,158.0
AVANTIFEED,AVANTIFEEDEQN,801.2,805.9,805.9,4.7,0.59,583,469839,1593.8,631.65
SETL,SETLEQN,374.95,377.15,377.15,2.2,0.59,2558,964749,389.95,104.56
HAVELLS,HAVELLSEQN,1193.0,1200.0,1200.0,7.0,0.59,420,504000,1621.1,1123.6
JUBLCPL,JUBLCPLEQN,2217.9,2231.0,2231.0,13.1,0.59,15,33465,3013.4,1460.0
DIGITIDE,DIGITIDEEQN,95.88,96.45,96.45,0.57,0.59,1195,115257,209.5,69.9
ANTHEM,ANTHEMEQN,934.5,940.0,940.0,5.5,0.59,8743,8218420,952.8,579.15
TMB,TMBEQN,906.6,911.95,911.95,5.35,0.59,111,101226,941.85,411.8
DCXINDIA,DCXINDIAEQN,171.23,172.23,172.23,1.0,0.58,451,77675,286.0,153.3
HBLENGINE,HBLENGINEEQN,660.2,664.05,664.05,3.85,0.58,2234,1483487,1122.0,613.0
STAR,STAREQN,1047.8,1053.9,1053.9,6.1,0.58,634,668172,1231.0,768.65
MOBIKWIK,MOBIKWIKEQN,185.32,186.39,186.39,1.07,0.58,972,181171,334.0,151.46
LALPATHLAB,LALPATHLABEQN,1916.1,1927.2,1927.2,11.1,0.58,187,360386,1988.9,1272.6
APCOTEXIND,APCOTEXINDEQN,628.65,632.3,632.3,3.65,0.58,306,193483,712.0,310.45
FINPIPE,FINPIPEEQN,157.84,158.75,158.75,0.91,0.58,1150,182562,222.5,147.54
TATAELXSI,TATAELXSIEQN,3609.0,3630.0,3630.0,21.0,0.58,149,540870,5950.0,3353.9
RVNL,RVNLEQN,206.0,207.2,207.2,1.2,0.58,20018,4147729,400.7,203.83
RBA,RBAEQN,97.75,98.32,98.32,0.57,0.58,5312,522275,111.15,57.15
63MOONS,63MOONSEQN,805.1,809.8,809.8,4.7,0.58,1012,819517,1007.7,467.0
PATANJALI,PATANJALIEQN,345.0,347.0,347.0,2.0,0.58,10869,3771543,615.0,328.2
ULTRAMAR,ULTRAMAREQN,441.35,443.9,443.9,2.55,0.58,54,23970,455.75,364.1
UCOBANK,UCOBANKEQN,24.39,24.53,24.53,0.14,0.57,11807,289625,34.2,22.22
POWERMECH,POWERMECHEQN,2440.0,2454.0,2454.0,14.0,0.57,75,184050,3234.9,1717.7
TEJASNET,TEJASNETEQN,548.85,552.0,552.0,3.15,0.57,3835,2116920,644.75,294.0
SIGIND,SIGINDBEN,71.58,71.99,71.99,0.41,0.57,10,719,74.99,40.66
TMCV,TMCVEQN,447.45,450.0,450.0,2.55,0.57,10669,4801050,509.0,306.3
SUDEEPPHRM,SUDEEPPHRMEQN,1234.0,1241.0,1241.0,7.0,0.57,731,907171,1292.4,524.05
RSL,RSLEQN,178.98,180.0,180.0,1.02,0.57,110,19800,183.53,101.7
CARTRADE,CARTRADEEQN,2932.3,2949.0,2949.0,16.7,0.57,408,1203192,3290.5,1600.0
INDGN,INDGNEQN,600.15,603.55,603.55,3.4,0.57,728,439384,615.5,414.0
V2RETAIL,V2RETAILEQN,218.16,219.39,219.39,1.23,0.56,797,174853,259.25,158.56
MUFIN,MUFINEQN,134.65,135.4,135.4,0.75,0.56,1338,181165,141.5,82.99
MATRIMONY,MATRIMONYEQN,514.35,517.25,517.25,2.9,0.56,97,50173,573.0,364.05
BANKINDIA,BANKINDIAEQN,143.1,143.9,143.9,0.8,0.56,25617,3686286,178.36,111.33
CLEAN,CLEANEQN,863.15,868.0,868.0,4.85,0.56,3349,2906932,1217.9,652.0
VAIBHAVGBL,VAIBHAVGBLEQN,214.79,216.0,216.0,1.21,0.56,526,113616,293.25,174.13
ZEEL,ZEELEQN,90.57,91.08,91.08,0.51,0.56,51509,4691439,121.8,68.0
BRIGHOTEL,BRIGHOTELEQN,58.42,58.75,58.75,0.33,0.56,195,11456,89.4,54.36
URJA,URJAEQN,9.03,9.08,9.08,0.05,0.55,2319,21056,14.45,8.0
PLASTIBLEN,PLASTIBLENEQN,183.39,184.4,184.4,1.01,0.55,145,26738,216.29,121.01
DAMCAPITAL,DAMCAPITALEQN,144.16,144.95,144.95,0.79,0.55,800,115960,286.0,119.22
JPPOWER,JPPOWEREQN,16.37,16.46,16.46,0.09,0.55,83230,1369965,24.5,13.15
MPSLTD,MPSLTDEQN,2594.6,2609.0,2609.0,14.4,0.55,47,122623,2979.0,1336.1
BCLIND,BCLINDEQN,36.07,36.27,36.27,0.2,0.55,2171,78742,44.9,25.53
VADILALIND,VADILALINDEQN,7559.5,7558.0,7558.0,41.5,0.55,60,453480,8447.0,3996.0
DRAGARWQ,DRAGARWQEQN,5420.0,5450.0,5450.0,30.0,0.55,14,76300,6059.7,4600.0
LCL,LCLEQN,540.85,543.8,543.8,2.95,0.55,159,86464,604.7,461.0
PPLPHARMA,PPLPHARMAEQN,213.78,214.93,214.93,1.15,0.54,10027,2155103,220.36,132.3
SANSTAR,SANSTAREQN,109.91,110.5,110.5,0.59,0.54,511,56465,137.49,74.3
KEC,KECEQN,407.8,410.0,410.0,2.2,0.54,1554,637140,937.8,406.5
KFINTECH,KFINTECHEQN,929.0,934.05,934.05,5.05,0.54,854,797678,1215.0,784.95
RISHABH,RISHABHEQN,746.0,750.0,750.0,4.0,0.54,1187,890250,753.0,315.0
PCBL,PCBLEQN,315.3,317.0,317.0,1.7,0.54,1479,468843,425.95,226.5
ACCELYA,ACCELYAEQN,1135.1,1141.2,1141.2,6.1,0.54,3,3423,1527.0,1012.4
SIGNPOST,SIGNPOSTEQN,242.7,244.0,244.0,1.3,0.54,64,15616,336.8,191.41
SWARAJENG,SWARAJENGEQN,3540.9,3560.0,3560.0,19.1,0.54,2,7120,4545.0,3301.3
MARKSANS,MARKSANSEQN,332.5,334.3,334.3,1.8,0.54,9771,3266445,345.5,155.0
DEN,DENEQN,27.85,28.0,28.0,0.15,0.54,1147,32116,37.35,22.52
VENKEYS,VENKEYSEQN,1659.0,1668.0,1668.0,9.0,0.54,80,133440,1800.0,1165.0
SAGILITY,SAGILITYEQN,46.7,46.95,46.95,0.25,0.54,40792,1915184,57.89,35.83
NATIONSTD,NATIONSTDEQN,103.94,104.5,104.5,0.56,0.54,30,3135,1519.95,98.27
KNACK,KNACKEQN,187.43,188.45,188.45,1.02,0.54,721,135872,222.0,180.33
ROSSTECH,ROSSTECHEQN,1134.0,1140.0,1140.0,6.0,0.53,66,75240,1172.0,551.9
UGARSUGAR,UGARSUGAREQN,55.01,55.3,55.3,0.29,0.53,1435,79355,62.1,33.75
LUMAXTECH,LUMAXTECHEQN,1986.5,1997.0,1997.0,10.5,0.53,46,91862,2148.7,1024.6
SUZLON,SUZLONEQN,45.46,45.7,45.7,0.24,0.53,180246,8237242,61.5,38.19
MANYAVAR,MANYAVAREQN,544.1,547.0,547.0,2.9,0.53,160,87520,779.0,329.2
PRAKASH,PRAKASHEQN,124.34,125.0,125.0,0.66,0.53,2017,252125,177.0,110.24
NOVARTIND,NOVARTINDEQN,1601.5,1610.0,1610.0,8.5,0.53,516,830760,1780.0,950.0
JSWDULUX,JSWDULUXEQN,3163.3,3180.0,3180.0,16.7,0.53,37,117660,3745.0,2658.7
GOODYEAR,GOODYEAREQN,736.1,740.0,740.0,3.9,0.53,3,2220,876.0,711.25
LIBERTSHOE,LIBERTSHOEEQN,234.79,236.0,236.0,1.21,0.52,87,20532,404.95,210.5
KOTYARK,KOTYARKBEN,30.63,30.79,30.79,0.16,0.52,500,15395,45.5,17.38
MUKKA,MUKKAEQN,26.85,26.99,26.99,0.14,0.52,5515,148849,31.23,18.27
ELECON,ELECONEQN,416.6,418.75,418.75,2.15,0.52,177,74118,634.9,352.0
EMBDL,EMBDLEQN,59.18,59.49,59.49,0.31,0.52,6329,376512,105.7,39.46
HCC,HCCEQN,23.08,23.2,23.2,0.12,0.52,96535,2239612,28.5,13.65
TIMETECHNO,TIMETECHNOEQN,188.02,189.0,189.0,0.98,0.52,4549,859761,249.15,154.0
JUBLPHARMA,JUBLPHARMAEQN,900.3,905.0,905.0,4.7,0.52,237,214485,1184.8,786.05
INDIAMART,INDIAMARTEQN,1740.8,1749.9,1749.9,9.1,0.52,4,6999,2630.0,1722.3
KPITTECH,KPITTECHEQN,588.0,591.05,591.05,3.05,0.52,2094,1237658,1328.0,543.0
LLOYDSENGG,LLOYDSENGGEQN,82.77,83.2,83.2,0.43,0.52,15502,1289766,99.75,37.4
SHIPROCKET,SHIPROCKETEQN,133.82,134.51,134.51,0.69,0.52,12906,1735986,156.9,124.0
IVP,IVPBEN,209.8,210.9,210.9,1.1,0.52,50,10545,211.0,110.0
AZADIND,AZADINDEQN,89.09,89.55,89.55,0.46,0.52,99,8865,98.99,72.97
VEDPOWER,VEDPOWEREQN,34.72,34.9,34.9,0.18,0.52,52568,1834623,49.88,33.06
JKLAKSHMI,JKLAKSHMIEQN,514.3,516.9,516.9,2.6,0.51,128,66163,989.8,512.3
SANDUMA,SANDUMAEQN,197.0,198.0,198.0,1.0,0.51,407,80586,273.0,144.52
CIEINDIA,CIEINDIAEQN,385.0,386.95,386.95,1.95,0.51,194,75068,526.0,382.6
PRECWIRE,PRECWIREEQN,483.1,485.55,485.55,2.45,0.51,946,459330,524.9,172.5
CCL,CCLEQN,1086.1,1091.6,1091.6,5.5,0.51,147,160465,1242.2,815.5
NLCINDIA,NLCINDIAEQN,275.5,276.9,276.9,1.4,0.51,1969,545216,387.8,225.72
AZAD,AZADEQN,2785.8,2800.0,2800.0,14.2,0.51,1074,3007200,2986.6,1360.0
JKIL,JKILEQN,483.5,485.95,485.95,2.45,0.51,107,51996,672.0,425.0
DOLLAR,DOLLAREQN,262.35,263.7,263.7,1.35,0.51,99,26106,396.0,220.5
CARBORUNIV,CARBORUNIVEQN,1071.5,1077.0,1077.0,5.5,0.51,146,157242,1306.9,735.2
VOLTAS,VOLTASEQN,1152.1,1158.0,1158.0,5.9,0.51,1490,1725420,1582.5,1151.0
AJAXENGG,AJAXENGGEQN,570.65,573.5,573.5,2.85,0.5,23,13190,704.0,394.8
TRAVELFOOD,TRAVELFOODEQN,1273.5,1279.9,1279.9,6.4,0.5,52,66554,1470.9,1035.3
SOLARA,SOLARAEQN,640.35,643.55,643.55,3.2,0.5,615,395783,712.0,422.0
ZODIAC,ZODIACEQN,240.3,241.5,241.5,1.2,0.5,1,241,415.0,205.55
RPOWER,RPOWEREQN,22.05,22.16,22.16,0.11,0.5,97966,2170926,50.73,20.17
EIMCOELECO,EIMCOELECOEQN,2194.6,2205.6,2205.6,11.0,0.5,64,141158,2380.0,1405.5
MARATHON,MARATHONEQN,433.8,435.95,435.95,2.15,0.5,119,51878,685.4,344.05
ITCHOTELS,ITCHOTELSEQN,158.63,159.42,159.42,0.79,0.5,2370,377825,253.67,137.3
SALZERELEC,SALZERELECEQN,535.85,538.55,538.55,2.7,0.5,26,14002,952.5,488.8
ULTRACEMCO,ULTRACEMCOEQN,11393.0,11450.0,11450.0,57.0,0.5,241,2759450,13110.0,10325.0
IRCTC,IRCTCEQN,472.6,474.95,474.95,2.35,0.5,3513,1668499,739.0,470.7
UTTAMSUGAR,UTTAMSUGAREQN,292.55,294.0,294.0,1.45,0.5,1225,360150,359.3,181.1
APTUS,APTUSEQN,254.28,255.55,255.55,1.27,0.5,266,67976,353.25,193.03
SJS,SJSEQN,2403.8,2415.8,2415.8,12.0,0.5,247,596702,2590.0,1312.2
TSFINV,TSFINVEQN,403.15,405.15,405.15,2.0,0.5,101,40920,701.5,331.7
ABBOTINDIA,ABBOTINDIAEQN,26045.0,26175.0,26175.0,130.0,0.5,6,157050,32775.0,25150.0
AMRUTANJAN,AMRUTANJANEQN,500.25,502.75,502.75,2.5,0.5,4,2011,790.95,482.8
RAILTEL,RAILTELEQN,271.55,272.9,272.9,1.35,0.5,848,231419,412.9,245.0
MOLDTKPAC,MOLDTKPACEQN,694.55,698.0,698.0,3.45,0.5,273,190554,870.5,464.9
BAJAJ-AUTO,BAJAJ-AUTOEQN,12130.0,12191.0,12191.0,61.0,0.5,706,8606846,12470.0,8491.5
KALYANKJIL,KALYANKJILEQN,590.0,592.95,592.95,2.95,0.5,16698,9901079,648.95,327.05
HEG,HEGEQN,706.4,709.9,709.9,3.5,0.5,4962,3522523,753.9,470.8
NEULANDLAB,NEULANDLABEQN,22960.0,23075.0,23075.0,115.0,0.5,23,530725,23881.0,11500.0
JUBLINGREA,JUBLINGREAEQN,683.6,687.0,687.0,3.4,0.5,49,33663,795.0,537.3
AXITA,AXITAEQN,7.97,8.01,8.01,0.04,0.5,23124,185223,12.2,6.57
TATACHEM,TATACHEMEQN,633.95,637.15,637.15,3.2,0.5,492,313477,1026.65,580.3
DBREALTY,DBREALTYEQN,102.81,103.32,103.32,0.51,0.5,189,19527,184.8,83.5
THEMISMED,THEMISMEDEQN,124.15,124.77,124.77,0.62,0.5,701,87463,148.0,64.95
SKFINDIA,SKFINDIAEQN,1532.1,1539.7,1539.7,7.6,0.5,81,124715,5074.0,1404.0
BASF,BASFEQN,3811.0,3829.9,3829.9,18.9,0.5,15,57448,4829.9,3122.2
UBL,UBLEQN,1282.6,1289.0,1289.0,6.4,0.5,285,367365,1874.0,1276.0
VSTIND,VSTINDEQN,207.59,208.62,208.62,1.03,0.5,281,58622,286.78,200.0
CHENNPETRO,CHENNPETROEQN,1414.0,1421.1,1421.1,7.1,0.5,3357,4770632,1489.7,684.3
ASTRAMICRO,ASTRAMICROEQN,1641.8,1650.0,1650.0,8.2,0.5,966,1593900,1960.0,851.0
MKPL,MKPLEQN,4.0,4.02,4.02,0.02,0.5,552,2219,8.85,3.56
BLKASHYAP,BLKASHYAPEQN,55.75,56.03,56.03,0.28,0.5,560,31376,73.0,40.32
THYROCARE,THYROCAREEQN,576.75,579.65,579.65,2.9,0.5,330,191284,662.0,342.55
EPIGRAL,EPIGRALEQN,1230.6,1236.8,1236.8,6.2,0.5,20,24736,1831.8,807.0
BHARATGEAR,BHARATGEARBEN,102.08,102.59,102.59,0.51,0.5,55,5642,154.2,83.8
CRISIL,CRISILEQN,4701.7,4725.2,4725.2,23.5,0.5,28,132305,5115.0,3686.0
SREEL,SREELEQN,253.7,254.96,254.96,1.26,0.5,24,6119,270.0,165.25
NILE,NILEEQN,1471.5,1478.9,1478.9,7.4,0.5,9,13310,2018.9,1437.1
CEMPRO,CEMPROEQN,1235.8,1242.0,1242.0,6.2,0.5,1476,1833192,1649.2,503.3
CNL,CNLEQN,1259.6,1265.9,1265.9,6.3,0.5,10,12659,1328.0,525.0
IONEXCHANG,IONEXCHANGEQN,382.1,384.0,384.0,1.9,0.5,1259,483456,486.0,312.7
TCC,TCCEQN,233.31,234.47,234.47,1.16,0.5,856,200706,526.4,218.05
FINCABLES,FINCABLESEQN,1191.2,1197.2,1197.2,6.0,0.5,1902,2277074,1374.0,700.8
ZEEMEDIA,ZEEMEDIAEQN,8.23,8.27,8.27,0.04,0.49,6291,52026,13.26,6.65
ALBERTDAVD,ALBERTDAVDEQN,871.7,876.0,876.0,4.3,0.49,10,8760,931.85,579.9
CENTEXT,CENTEXTEQN,22.49,22.6,22.6,0.11,0.49,1296,29289,34.75,15.67
PCJEWELLER,PCJEWELLEREQN,10.18,10.23,10.23,0.05,0.49,460354,4709421,15.38,7.47
VMM,VMMEQN,108.57,109.1,109.1,0.53,0.49,20327,2217675,155.32,98.77
PSB,PSBEQN,22.58,22.69,22.69,0.11,0.49,5040,114357,32.46,20.5
ASAHIINDIA,ASAHIINDIAEQN,951.05,955.7,955.7,4.65,0.49,64,61164,1074.0,775.1
SIGACHI,SIGACHIEQN,32.53,32.69,32.69,0.16,0.49,3624,118468,46.73,16.65
BAYERCROP,BAYERCROPEQN,3979.5,3998.9,3998.9,19.4,0.49,10,39989,5489.0,3935.0
CEINSYS,CEINSYSEQN,697.9,701.35,701.35,3.45,0.49,246,172532,1249.9,694.95
AAVAS,AAVASEQN,1258.7,1264.9,1264.9,6.2,0.49,146,184675,1771.9,1060.4
RAINBOW,RAINBOWEQN,1433.0,1440.0,1440.0,7.0,0.49,6,8640,1610.0,1084.0
DYCL,DYCLEQN,535.55,538.2,538.2,2.65,0.49,3275,1762605,560.0,236.8
SAHYADRI,SAHYADRIEQN,356.2,357.95,357.95,1.75,0.49,105,37584,401.1,200.1
BLUEJET,BLUEJETEQN,580.35,583.2,583.2,2.85,0.49,215,125388,759.5,325.0
RECLTD,RECLTDEQN,316.45,318.0,318.0,1.55,0.49,4071,1294578,390.5,304.05
PNC,PNCEQN,16.37,16.45,16.45,0.08,0.49,913,15018,40.64,15.96
PRITIKAUTO,PRITIKAUTOBEN,16.32,16.4,16.4,0.08,0.49,3709,60827,20.99,10.41
DHAMPURSUG,DHAMPURSUGEQN,170.67,171.5,171.5,0.83,0.49,1901,326021,199.92,110.0
TVSSCS,TVSSCSEQN,124.39,124.99,124.99,0.6,0.48,657,82118,146.5,90.32
ESTER,ESTEREQN,94.05,94.5,94.5,0.45,0.48,1,94,132.45,68.55
ARFIN,ARFINEQN,87.87,88.29,88.29,0.42,0.48,713,62950,106.2,32.0
DRREDDY,DRREDDYEQN,1156.5,1162.0,1162.0,5.5,0.48,1440,1673280,1414.9,1101.0
PREMIERENE,PREMIERENEEQN,1000.0,1004.8,1004.8,4.8,0.48,913,917382,1134.0,660.0
GRSE,GRSEEQN,2495.1,2507.0,2507.0,11.9,0.48,1272,3188904,3339.0,1963.7
JINDALSTEL,JINDALSTELEQN,1159.4,1165.0,1165.0,5.6,0.48,2028,2362620,1306.2,956.1
AUROPHARMA,AUROPHARMAEQN,1648.2,1656.1,1656.1,7.9,0.48,2469,4088910,1717.0,1016.2
HINDALCO,HINDALCOEQN,1009.7,1014.5,1014.5,4.8,0.48,4709,4777280,1176.0,714.2
MAXESTATES,MAXESTATESEQN,520.65,523.15,523.15,2.5,0.48,40,20926,579.0,305.45
VEDL,VEDLEQN,270.7,272.0,272.0,1.3,0.48,43132,11731904,795.0,249.7
CPL,CPLEQN,61.87,62.17,62.17,0.3,0.48,385,23935,75.74,61.52
GALLANTT,GALLANTTEQN,555.4,558.0,558.0,2.6,0.47,52,29016,948.0,496.25
LT,LTEQN,3981.0,3999.8,3999.8,18.8,0.47,1338,5351732,4440.0,3288.1
PROTEAN,PROTEANEQN,497.65,500.0,500.0,2.35,0.47,435,217500,945.5,444.0
WHIRLPOOL,WHIRLPOOLEQN,800.2,804.0,804.0,3.8,0.47,247,198588,1437.0,751.0
JMFINANCIL,JMFINANCILEQN,129.39,130.0,130.0,0.61,0.47,5556,722280,195.6,112.0
IRCON,IRCONEQN,118.25,118.8,118.8,0.55,0.47,4102,487317,189.5,114.5
MOREPENLAB,MOREPENLABEQN,111.97,112.5,112.5,0.53,0.47,108610,12218625,114.0,33.05
NILKAMAL,NILKAMALEQN,2063.1,2072.8,2072.8,9.7,0.47,10,20728,2118.6,1050.5
DLINKINDIA,DLINKINDIAEQN,447.85,449.95,449.95,2.1,0.47,881,396405,549.2,367.65
COFORGE,COFORGEEQN,1965.7,1975.0,1975.0,9.3,0.47,1981,3912475,2021.2,1008.1
GULFOILLUB,GULFOILLUBEQN,1125.0,1130.3,1130.3,5.3,0.47,35,39560,1329.0,865.0
ACUTAAS,ACUTAASEQN,3134.9,3149.7,3149.7,14.8,0.47,704,2217388,3740.0,1302.0
GRAPHITE,GRAPHITEEQN,726.6,730.0,730.0,3.4,0.47,1531,1117630,802.4,513.75
SHYAMMETL,SHYAMMETLEQN,1072.6,1077.6,1077.6,5.0,0.47,11,11853,1111.0,746.0
SHADOWFAX,SHADOWFAXEQN,253.55,254.75,254.75,1.2,0.47,2482,632289,268.65,98.55
AEROPLANE,AEROPLANEEQN,179.25,180.1,180.1,0.85,0.47,278,50067,206.9,117.02
ANUHPHR,ANUHPHREQN,78.94,79.3,79.3,0.36,0.46,350,27755,93.0,67.0
SIL,SILEQN,19.67,19.76,19.76,0.09,0.46,900,17784,22.3,11.7
KRISHNADEF,KRISHNADEFEQN,1007.4,1012.0,1012.0,4.6,0.46,262,265144,1400.0,665.0
ADANIENT,ADANIENTEQN,2891.8,2905.0,2905.0,13.2,0.46,1516,4403980,3245.0,1753.0
IMFA,IMFAEQN,1289.1,1295.0,1295.0,5.9,0.46,256,331520,1679.9,882.15
ANAWIL,ANAWILSMN,390.0,391.8,391.8,1.8,0.46,400,156720,491.95,313.2
NFL,NFLEQN,69.98,70.3,70.3,0.32,0.46,6603,464190,102.97,63.35
AMAGI,AMAGIEQN,572.8,575.45,575.45,2.65,0.46,529,304413,727.4,310.2
SKYGOLD,SKYGOLDEQN,753.1,756.5,756.5,3.4,0.45,2797,2115930,868.8,259.0
LXCHEM,LXCHEMEQN,169.55,170.31,170.31,0.76,0.45,10113,1722345,241.0,107.6
JYOTHYLAB,JYOTHYLABEQN,202.09,202.99,202.99,0.9,0.45,1508,306108,347.0,188.1
EXCELINDUS,EXCELINDUSEQN,1027.4,1032.0,1032.0,4.6,0.45,10,10320,1258.0,800.05
BATLIBOI,BATLIBOIEQN,93.57,93.99,93.99,0.42,0.45,850,79891,106.5,71.21
VASWANI,VASWANIEQN,47.82,48.03,48.03,0.21,0.44,2000,96060,69.99,44.5
DODLA,DODLAEQN,1065.3,1070.0,1070.0,4.7,0.44,1,1070,1500.0,964.1
PNBHOUSING,PNBHOUSINGEQN,1141.0,1146.0,1146.0,5.0,0.44,173,198258,1211.5,729.6
KINGFA,KINGFAEQN,5932.0,5958.0,5958.0,26.0,0.44,9,53622,6200.0,3649.9
PRESTIGE,PRESTIGEEQN,1582.0,1589.0,1589.0,7.0,0.44,1740,2764860,1805.2,1090.0
JINDRILL,JINDRILLEQN,642.1,644.95,644.95,2.85,0.44,936,603673,693.5,440.1
SHALBY,SHALBYEQN,151.33,152.0,152.0,0.67,0.44,133,20216,274.7,125.82
IRFC,IRFCEQN,82.48,82.84,82.84,0.36,0.44,35171,2913565,137.17,81.3
BALAJITELE,BALAJITELEEQN,91.09,91.49,91.49,0.4,0.44,2150,196703,141.32,69.52
GICRE,GICREEQN,355.45,357.0,357.0,1.55,0.44,12385,4421445,417.95,346.7
PONNIERODE,PONNIERODEEQN,399.05,400.8,400.8,1.75,0.44,114,45691,455.0,252.4
SHIVAAGRO,SHIVAAGROEQN,40.8,40.98,40.98,0.18,0.44,12,491,45.9,37.0
WELENT,WELENTEQN,741.7,745.0,745.0,3.3,0.44,2858,2129210,745.0,412.0
DECNGOLD,DECNGOLDEQN,219.03,220.0,220.0,0.97,0.44,5502,1210440,250.8,114.8
HIRECT,HIRECTEQN,1218.5,1223.8,1223.8,5.3,0.43,38,46504,1399.0,565.2
MOTHERSON,MOTHERSONEQN,163.3,164.0,164.0,0.7,0.43,14304,2345856,173.27,93.49
RIIT,RIITIVN,121.48,122.0,122.0,0.52,0.43,262,31964,127.0,105.3
PARAGMILK,PARAGMILKEQN,254.9,256.0,256.0,1.1,0.43,4903,1255168,376.95,177.84
DEEPAKNTR,DEEPAKNTREQN,1734.1,1741.6,1741.6,7.5,0.43,175,304780,1904.4,1280.0
CENTRALBK,CENTRALBKEQN,30.37,30.5,30.5,0.13,0.43,24617,750818,40.92,29.32
CORONA,CORONAEQN,2054.2,2063.0,2063.0,8.8,0.43,20,41260,2270.1,1336.6
INDIANB,INDIANBEQN,878.8,882.5,882.5,3.7,0.42,1287,1135777,1000.9,660.1
LANDMARK,LANDMARKEQN,494.9,497.0,497.0,2.1,0.42,65,32305,662.8,339.5
EIDPARRY,EIDPARRYEQN,800.65,804.0,804.0,3.35,0.42,171,137484,1176.0,698.2
GMDCLTD,GMDCLTDEQN,557.65,560.0,560.0,2.35,0.42,3566,1996960,771.9,428.25
CONCORDBIO,CONCORDBIOEQN,1444.8,1450.9,1450.9,6.1,0.42,8,11607,1730.0,987.0
GLAXO,GLAXOEQN,2949.9,2962.4,2962.4,12.5,0.42,49,145157,3120.7,2088.1
CAMS,CAMSEQN,741.85,745.0,745.0,3.15,0.42,2282,1700090,844.9,611.4
JSWENERGY,JSWENERGYEQN,539.8,542.05,542.05,2.25,0.42,8033,4354287,617.35,427.75
UNICHEMLAB,UNICHEMLABEQN,559.65,562.0,562.0,2.35,0.42,163,91606,687.2,278.2
CRIZAC,CRIZACEQN,165.3,165.99,165.99,0.69,0.42,577,95776,387.95,161.66
EKC,EKCEQN,106.25,106.7,106.7,0.45,0.42,614,65513,154.55,90.25
INDOAMIN,INDOAMINBEN,122.38,122.9,122.9,0.52,0.42,3,368,150.1,81.9
DCI,DCIEQN,354.55,356.0,356.0,1.45,0.41,89,31684,475.0,208.98
GPTHEALTH,GPTHEALTHEQN,150.83,151.45,151.45,0.62,0.41,50,7572,175.0,115.0
BALAMINES,BALAMINESEQN,2390.1,2400.0,2400.0,9.9,0.41,692,1660800,2506.0,968.1
ASHIANA,ASHIANAEQN,368.3,369.8,369.8,1.5,0.41,7,2588,435.9,269.45
GLENMARK,GLENMARKEQN,2460.0,2470.0,2470.0,10.0,0.41,240,592800,2537.6,1792.6
AMBER,AMBEREQN,7415.0,7445.5,7445.5,30.5,0.41,163,1213616,8974.0,5400.5
HATSUN,HATSUNEQN,1193.6,1198.5,1198.5,4.9,0.41,171,204943,1222.0,855.3
CUPID,CUPIDEQN,280.7,281.85,281.85,1.15,0.41,37724,10632509,299.0,32.87
UMESLTD,UMESLTDEQN,4.88,4.9,4.9,0.02,0.41,797,3905,7.14,3.88
FDC,FDCEQN,340.6,342.0,342.0,1.4,0.41,93,31806,527.8,312.95
ARTEMISMED,ARTEMISMEDEQN,320.7,322.0,322.0,1.3,0.41,237,76314,335.0,203.35
MINDTECK,MINDTECKEQN,170.32,171.0,171.0,0.68,0.4,24,4104,307.68,145.13
ASTRAL,ASTRALEQN,1487.0,1493.0,1493.0,6.0,0.4,1172,1749796,1768.7,1311.6
DHANUKA,DHANUKAEQN,995.7,999.7,999.7,4.0,0.4,13,12996,1654.4,889.6
INDUSTOWER,INDUSTOWEREQN,379.0,380.5,380.5,1.5,0.4,2142,815031,481.5,312.55
BAJAJFINSV,BAJAJFINSVEQN,1990.0,1998.0,1998.0,8.0,0.4,1624,3244752,2195.0,1597.0
SBC,SBCEQN,42.81,42.98,42.98,0.17,0.4,11491,493883,45.0,19.09
TANLA,TANLAEQN,527.85,529.95,529.95,2.1,0.4,1062,562806,766.0,365.9
TMPV,TMPVEQN,312.75,314.0,314.0,1.25,0.4,13009,4084826,739.7,294.3
ARVSMART,ARVSMARTEQN,642.4,644.95,644.95,2.55,0.4,102,65784,707.85,486.8
ZFSTEERING,ZFSTEERINGEQN,667.1,669.75,669.75,2.65,0.4,130,87067,894.98,620.65
LLOYDSENT,LLOYDSENTEQN,70.96,71.24,71.24,0.28,0.39,4553,324355,84.7,40.69
JBMA,JBMAEQN,621.5,623.95,623.95,2.45,0.39,839,523494,790.0,477.0
SPANDANA,SPANDANAEQN,235.98,236.9,236.9,0.92,0.39,271,64199,319.4,181.1
HSCL,HSCLEQN,659.6,662.15,662.15,2.55,0.39,14633,9689240,819.5,418.5
ABSLAMC,ABSLAMCEQN,1022.0,1026.0,1026.0,4.0,0.39,512,525312,1224.9,708.0
AWL,AWLEQN,191.25,192.0,192.0,0.75,0.39,1769,339648,282.9,171.19
KPRMILL,KPRMILLEQN,1167.4,1172.0,1172.0,4.6,0.39,220,257840,1334.0,796.1
ANGELONE,ANGELONEEQN,279.25,280.35,280.35,1.1,0.39,6844,1918715,360.45,208.63
POLYPLEX,POLYPLEXEQN,1190.4,1195.0,1195.0,4.6,0.39,13,15535,1264.0,740.0
REPCOHOME,REPCOHOMEEQN,359.6,361.0,361.0,1.4,0.39,15,5415,455.9,333.6
RSSOFTWARE,RSSOFTWAREEQN,28.54,28.65,28.65,0.11,0.39,1,28,82.0,21.93
PANACEABIO,PANACEABIOEQN,382.35,383.8,383.8,1.45,0.38,113,43369,647.0,292.4
KIRLOSIND,KIRLOSINDEQN,3699.0,3712.9,3712.9,13.9,0.38,7,25990,4574.8,2463.0
BAJEL,BAJELEQN,185.3,186.0,186.0,0.7,0.38,56,10416,226.69,135.1
GATEWAY,GATEWAYEQN,53.1,53.3,53.3,0.2,0.38,311,16576,67.72,48.1
CANBK,CANBKEQN,126.3,126.78,126.78,0.48,0.38,63040,7992211,162.89,104.75
AUBANK,AUBANKEQN,1077.9,1082.0,1082.0,4.1,0.38,657,710874,1144.1,682.15
VIKRAN,VIKRANEQN,57.68,57.9,57.9,0.22,0.38,577,33408,118.4,51.1
AVADHSUGAR,AVADHSUGAREQN,811.7,814.75,814.75,3.05,0.38,61,49699,884.8,306.05
ALEMBICLTD,ALEMBICLTDEQN,100.14,100.52,100.52,0.38,0.38,1128,113386,108.5,70.46
PRECAM,PRECAMEQN,122.87,123.33,123.33,0.46,0.37,273,33669,262.0,103.98
IEX,IEXEQN,118.86,119.3,119.3,0.44,0.37,6926,826271,160.27,114.6
RELIGARE,RELIGAREEQN,248.06,248.99,248.99,0.93,0.37,788,196204,280.0,196.51
TITAGARH,TITAGARHEQN,824.95,828.0,828.0,3.05,0.37,502,415656,971.0,568.7
PUNJABCHEM,PUNJABCHEMEQN,1093.4,1097.5,1097.5,4.1,0.37,25,27437,1533.9,876.6
BIOCON,BIOCONEQN,401.0,402.5,402.5,1.5,0.37,1394,561085,447.15,337.05
BUTTERFLY,BUTTERFLYEQN,614.25,616.55,616.55,2.3,0.37,105,64737,823.85,565.8
HONASA,HONASAEQN,469.95,471.7,471.7,1.75,0.37,401,189151,509.8,248.4
DPEL,DPELSMN,577.75,579.9,579.9,2.15,0.37,500,289950,599.0,136.5
ARMANFIN,ARMANFINEQN,1947.2,1954.5,1954.5,7.3,0.37,10,19545,2158.6,1301.0
BETA,BETAEQN,2137.0,2145.0,2145.0,8.0,0.37,166,356070,2807.9,990.1
KISSHT,KISSHTEQN,300.9,302.0,302.0,1.1,0.37,550,166100,351.5,190.0
HARIOMPIPE,HARIOMPIPEEQN,348.6,349.9,349.9,1.3,0.37,85,29741,572.2,268.05
ZAGGLE,ZAGGLEEQN,184.33,185.0,185.0,0.67,0.36,2600,481000,409.2,154.36
SONACOMS,SONACOMSEQN,782.65,785.5,785.5,2.85,0.36,1644,1291362,844.0,402.3
RPTECH,RPTECHEQN,806.1,809.0,809.0,2.9,0.36,526,425534,967.7,276.55
AARTIIND,AARTIINDEQN,505.2,507.0,507.0,1.8,0.36,657,333099,551.75,338.05
MANAKCOAT,MANAKCOATEQN,121.56,122.0,122.0,0.44,0.36,1034,126148,182.82,94.2
ASHOKLEY,ASHOKLEYEQN,167.9,168.5,168.5,0.6,0.36,29519,4973951,215.42,126.54
PTC,PTCEQN,155.44,156.0,156.0,0.56,0.36,3989,622284,229.51,149.59
VESUVIUS,VESUVIUSEQN,412.9,414.4,414.4,1.5,0.36,1,414,607.9,403.95
WENDT,WENDTEQN,7991.5,8020.0,8020.0,28.5,0.36,6,48120,10341.0,5841.5
APOLLOTYRE,APOLLOTYREEQN,434.15,435.7,435.7,1.55,0.36,915,398665,540.5,365.3
AEQUS,AEQUSEQN,245.62,246.5,246.5,0.88,0.36,4907,1209575,274.39,113.3
DIVISLAB,DIVISLABEQN,9220.0,9253.0,9253.0,33.0,0.36,625,5783125,9467.0,5636.5
SHRINGARMS,SHRINGARMSEQN,216.23,217.01,217.01,0.78,0.36,1148,249127,266.5,166.0
JKTYRE,JKTYREEQN,370.15,371.5,371.5,1.35,0.36,1018,378187,611.9,330.1
PILANIINVS,PILANIINVSEQN,4325.0,4340.0,4340.0,15.0,0.35,1,4340,5980.0,4092.2
OPTIEMUS,OPTIEMUSEQN,571.0,573.0,573.0,2.0,0.35,189,108297,713.0,288.0
NDL,NDLEQN,2.85,2.86,2.86,0.01,0.35,5957,17037,3.75,1.8
HNDFDS,HNDFDSEQN,622.8,625.0,625.0,2.2,0.35,76,47500,677.75,442.0
DCBBANK,DCBBANKEQN,222.34,223.11,223.11,0.77,0.35,3216,717521,225.62,122.4
KOTAKBANK,KOTAKBANKEQN,423.5,425.0,425.0,1.5,0.35,10153,4315025,453.2,345.5
INFY,INFYEQN,1140.0,1144.0,1144.0,4.0,0.35,48886,55925584,1728.0,982.4
APOLLO,APOLLOEQN,382.65,384.0,384.0,1.35,0.35,9365,3596160,466.5,179.5
CDSL,CDSLEQN,1365.2,1370.0,1370.0,4.8,0.35,2666,3652420,1673.7,1116.3
GAJA,GAJAEQN,163.83,164.4,164.4,0.57,0.35,9980,1640712,191.65,149.51
UNIONBANK,UNIONBANKEQN,186.86,187.5,187.5,0.64,0.34,52667,9875062,205.49,125.45
CUBEINVIT,CUBEINVITIVN,156.94,157.47,157.47,0.53,0.34,280,44091,165.0,131.0
CARRARO,CARRAROEQN,542.0,537.0,537.0,1.75,0.33,1081,580497,667.55,416.0
MFSL,MFSLEQN,1505.0,1510.0,1510.0,5.0,0.33,549,828990,1892.5,1433.6
MARSONS,MARSONSEQN,122.84,123.24,123.24,0.4,0.33,2284,281480,175.4,100.25
EXIDEIND,EXIDEINDEQN,425.65,427.05,427.05,1.4,0.33,3762,1606562,496.4,287.0
TIRUPATIFL,TIRUPATIFLBEN,66.33,66.55,66.55,0.22,0.33,271,18035,83.9,30.11
SUDARSCHEM,SUDARSCHEMEQN,1245.8,1249.9,1249.9,4.1,0.33,45,56245,1603.0,726.4
GENUSPAPER,GENUSPAPEREQN,11.96,12.0,12.0,0.04,0.33,134,1608,19.07,8.67
TRIGYN,TRIGYNEQN,59.36,59.55,59.55,0.19,0.32,24,1429,102.4,37.55
SANDHAR,SANDHAREQN,633.75,635.75,635.75,2.0,0.32,110,69932,763.2,424.0
DALMIASUG,DALMIASUGEQN,456.55,458.0,458.0,1.45,0.32,71,32518,520.0,261.4
BAJAJHIND,BAJAJHINDEQN,21.84,21.91,21.91,0.07,0.32,71965,1576753,26.0,14.85
AMBUJACEM,AMBUJACEMEQN,402.7,404.0,404.0,1.3,0.32,2412,974448,600.8,394.0
DHANBANK,DHANBANKEQN,31.5,31.6,31.6,0.1,0.32,523,16526,36.85,19.45
ALKYLAMINE,ALKYLAMINEEQN,1975.5,1981.8,1981.8,6.3,0.32,35,69363,2127.0,1212.0
LTF,LTFEQN,312.8,313.8,313.8,1.0,0.32,5761,1807801,338.6,220.45
HAPPSTMNDS,HAPPSTMNDSEQN,354.85,356.0,356.0,1.15,0.32,6615,2354940,583.4,330.2
MSTCLTD,MSTCLTDEQN,711.75,714.0,714.0,2.25,0.32,593,423402,763.0,362.15
ROUTE,ROUTEEQN,499.7,501.3,501.3,1.6,0.32,170,85221,890.4,410.7
NELCAST,NELCASTEQN,117.58,117.96,117.96,0.38,0.32,129,15216,173.2,85.98
PRSMJOHNSN,PRSMJOHNSNEQN,111.64,112.0,112.0,0.36,0.32,344,38528,176.0,97.1
UNITDSPR,UNITDSPREQN,1469.5,1474.2,1474.2,4.7,0.32,789,1163143,1563.4,1210.8
ISGEC,ISGECEQN,777.55,780.0,780.0,2.45,0.32,90,70200,1113.9,683.95
SPCENET,SPCENETEQN,3.1,3.11,3.11,0.01,0.32,3627,11279,11.24,3.0
LOKESHMACH,LOKESHMACHEQN,339.9,341.0,341.0,1.1,0.32,50,17050,374.8,138.96
SUTLEJTEX,SUTLEJTEXBEN,38.77,38.89,38.89,0.12,0.31,500,19445,41.5,24.0
ORIENTTECH,ORIENTTECHEQN,236.36,237.1,237.1,0.74,0.31,506,119972,466.73,220.8
MOSCHIP,MOSCHIPEQN,215.84,216.5,216.5,0.66,0.31,7514,1626781,288.45,146.8
SUVEN,SUVENEQN,372.85,374.0,374.0,1.15,0.31,1796,671704,403.35,124.11
5PAISA,5PAISAEQN,336.55,337.6,337.6,1.05,0.31,63,21268,416.95,245.5
PARKHOTELS,PARKHOTELSEQN,114.05,114.4,114.4,0.35,0.31,205,23452,164.1,95.1
TTKHLTCARE,TTKHLTCAREEQN,1131.5,1135.0,1135.0,3.5,0.31,2,2270,1216.0,735.0
M&M,M&MEQN,3190.0,3200.0,3200.0,10.0,0.31,6312,20198400,3839.9,2896.0
SOUTHBANK,SOUTHBANKEQN,45.74,45.88,45.88,0.14,0.31,12416,569646,49.9,28.11
CYIENTDLM,CYIENTDLMEQN,854.75,857.4,857.4,2.65,0.31,1161,995441,869.95,265.2
MINDACORP,MINDACORPEQN,707.85,710.05,710.05,2.2,0.31,386,274079,769.0,468.5
STOVEKRAFT,STOVEKRAFTEQN,844.4,847.0,847.0,2.6,0.31,4479,3793713,859.0,447.05
HEMIPROP,HEMIPROPEQN,126.61,127.0,127.0,0.39,0.31,1150,146050,190.69,111.2
IFBIND,IFBINDEQN,1296.0,1300.0,1300.0,4.0,0.31,2,2600,2019.8,883.2
RAIN,RAINEQN,205.66,206.29,206.29,0.63,0.31,3243,668998,252.0,99.9
PREMIERPOL,PREMIERPOLEQN,89.79,90.07,90.07,0.28,0.31,518,46656,97.99,38.0
ADANIGREEN,ADANIGREENEQN,1296.0,1300.0,1300.0,4.0,0.31,6027,7835100,1631.5,765.0
ADVENZYMES,ADVENZYMESEQN,292.9,293.8,293.8,0.9,0.31,128,37606,419.0,251.95
MUNJALSHOW,MUNJALSHOWEQN,129.2,129.6,129.6,0.4,0.31,3,388,150.9,110.3
DPABHUSHAN,DPABHUSHANEQN,1370.4,1374.7,1374.7,4.3,0.31,39,53613,1670.0,866.1
ITI,ITIEQN,267.7,268.5,268.5,0.8,0.3,370,99345,372.85,237.0
MAXHEALTH,MAXHEALTHEQN,994.0,997.0,997.0,3.0,0.3,941,938177,1221.9,903.0
ORIENTCER,ORIENTCEREQN,43.78,43.91,43.91,0.13,0.3,11,483,56.64,34.0
MSUMI,MSUMIEQN,36.6,36.71,36.71,0.11,0.3,18470,678033,53.59,35.7
BAJAJHCARE,BAJAJHCAREEQN,329.0,330.0,330.0,1.0,0.3,10,3300,515.9,272.35
ANANDRATHI,ANANDRATHIEQN,2198.3,2205.0,2205.0,6.7,0.3,332,732060,2242.0,1353.85
BODALCHEM,BODALCHEMEQN,145.45,145.89,145.89,0.44,0.3,60133,8772803,151.89,42.81
SUNTV,SUNTVEQN,460.6,462.0,462.0,1.4,0.3,682,315084,660.7,455.25
3MINDIA,3MINDIAEQN,32895.0,32995.0,32995.0,100.0,0.3,14,461930,38030.0,28730.0
INDIGO,INDIGOEQN,5020.0,5035.0,5035.0,15.0,0.3,825,4153875,5970.0,3895.2
AGARIND,AGARINDEQN,450.55,451.9,451.9,1.35,0.3,104,46997,1006.0,360.0
RAMBHAJO,RAMBHAJOEQN,246.17,246.9,246.9,0.73,0.3,2006,495281,279.33,161.6
SIMPLEXINF,SIMPLEXINFEQN,265.2,266.0,266.0,0.8,0.3,293,77938,330.0,137.0
WAAREEINDO,WAAREEINDOEQN,264.95,265.75,265.75,0.8,0.3,43,11427,725.0,261.2
RADICO,RADICOEQN,4476.2,4489.0,4489.0,12.8,0.29,334,1499326,4747.0,2500.0
SBILIFE,SBILIFEEQN,1719.9,1724.9,1724.9,5.0,0.29,574,990092,2132.0,1700.4
ICICIGI,ICICIGIEQN,1537.0,1541.4,1541.4,4.4,0.29,1095,1687833,2064.9,1521.1
DIAMONDYD,DIAMONDYDEQN,1155.2,1158.5,1158.5,3.3,0.29,25,28962,1245.0,858.9
NH,NHEQN,1922.7,1928.2,1928.2,5.5,0.29,78,150399,2093.3,1589.0
MAHSEAMLES,MAHSEAMLESEQN,665.05,666.95,666.95,1.9,0.29,454,302795,690.0,500.7
MANALIPETC,MANALIPETCEQN,82.76,83.0,83.0,0.24,0.29,6759,560997,88.0,39.13
RALLIS,RALLISEQN,209.5,210.1,210.1,0.6,0.29,841,176694,371.9,204.51
RCF,RCFEQN,113.94,114.27,114.27,0.33,0.29,1253,143180,164.49,106.0
BSOFT,BSOFTEQN,294.4,295.25,295.25,0.85,0.29,1083,319755,474.0,270.2
HATHWAY,HATHWAYEQN,10.34,10.37,10.37,0.03,0.29,1638,16986,15.25,8.76
CHAMBLFERT,CHAMBLFERTEQN,411.45,412.65,412.65,1.2,0.29,373,153918,580.7,399.75
HLEGLAS,HLEGLASEQN,314.1,315.0,315.0,0.9,0.29,25,7875,661.95,250.0
JNPR,JNPREQN,260.25,261.0,261.0,0.75,0.29,1441,376101,282.0,232.11
JSWCEMENT,JSWCEMENTEQN,123.6,123.96,123.96,0.36,0.29,1955,242341,162.15,106.65
EIEL,EIELEQN,192.36,192.9,192.9,0.54,0.28,1688,325615,276.1,134.71
ZUARI,ZUARIEQN,222.86,223.48,223.48,0.62,0.28,637,142356,375.0,175.1
HEROMOTOCO,HEROMOTOCOEQN,5300.0,5315.0,5315.0,15.0,0.28,3341,17757415,6388.5,4671.5
JISLJALEQS,JISLJALEQSEQN,28.24,28.32,28.32,0.08,0.28,10243,290081,59.0,26.11
DMART,DMARTEQN,3813.4,3824.1,3824.1,10.7,0.28,360,1376676,4949.5,3529.0
FORCEMOT,FORCEMOTEQN,17600.0,17650.0,17650.0,50.0,0.28,134,2365100,26450.0,14911.0
ARE&M,ARE&MEQN,871.25,873.7,873.7,2.45,0.28,1181,1031839,1057.85,670.0
LLOYDSME,LLOYDSMEEQN,1813.0,1818.0,1818.0,5.0,0.28,182,330876,2125.0,1042.9
PDMJEPAPER,PDMJEPAPEREQN,90.92,91.17,91.17,0.25,0.27,850,77494,136.0,65.0
VASCONEQ,VASCONEQEQN,30.11,30.19,30.19,0.08,0.27,379,11442,74.59,26.75
TRENT,TRENTEQN,2852.3,2860.0,2860.0,7.7,0.27,274,783640,3782.67,2183.67
WEBELSOLAR,WEBELSOLAREQN,73.86,74.06,74.06,0.2,0.27,6366,471465,141.5,50.4
PANAMAPET,PANAMAPETEQN,489.75,491.05,491.05,1.3,0.27,394,193473,599.6,229.0
HIKAL,HIKALEQN,200.6,201.15,201.15,0.55,0.27,160,32184,282.7,146.25
HAL,HALEQN,4780.0,4793.0,4793.0,13.0,0.27,1105,5296265,5149.9,3479.1
GNRL,GNRLEQN,94.84,95.1,95.1,0.26,0.27,260,24726,120.9,83.2
ASIANTILES,ASIANTILESEQN,50.16,50.29,50.29,0.13,0.26,1817,91376,79.06,42.5
TIMKEN,TIMKENEQN,3134.5,3142.6,3142.6,8.1,0.26,1,3142,3925.0,2800.5
REDTAPE,REDTAPEEQN,118.99,119.3,119.3,0.31,0.26,294,35074,163.5,107.53
ABCAPITAL,ABCAPITALEQN,397.05,398.1,398.1,1.05,0.26,6642,2644180,430.7,272.7
TORNTPHARM,TORNTPHARMEQN,5012.0,5025.0,5025.0,13.0,0.26,318,1597950,5250.0,3480.6
ZUARIIND,ZUARIINDEQN,270.8,271.5,271.5,0.7,0.26,21,5701,416.0,210.0
OFSS,OFSSEQN,12158.0,12190.0,12190.0,32.0,0.26,158,1926020,12540.0,6234.5
SIGMAADV,SIGMAADVBEN,772.95,774.95,774.95,2.0,0.26,1185,918315,801.0,128.6
SOUTHWEST,SOUTHWESTEQN,206.38,206.9,206.9,0.52,0.25,30,6207,275.0,121.0
SADBHAV,SADBHAVEQN,8.07,8.09,8.09,0.02,0.25,1,8,14.85,6.05
SWELECTES,SWELECTESEQN,584.35,585.8,585.8,1.45,0.25,30,17574,977.0,483.1
ARIHANTCAP,ARIHANTCAPEQN,78.48,78.68,78.68,0.2,0.25,51,4012,120.0,56.97
BALMLAWRIE,BALMLAWRIEEQN,176.06,176.5,176.5,0.44,0.25,472,83308,238.2,148.36
KSL,KSLEQN,904.3,906.6,906.6,2.3,0.25,36,32637,982.55,574.0
THANGAMAYL,THANGAMAYLEQN,5238.0,5251.0,5251.0,13.0,0.25,72,378072,7430.0,1939.5
TAINWALCHM,TAINWALCHMEQN,207.48,208.0,208.0,0.52,0.25,1,208,257.0,155.0
RML,RMLEQN,1103.7,1106.5,1106.5,2.8,0.25,15,16597,1323.9,608.5
NDRAUTO,NDRAUTOEQN,719.15,720.95,720.95,1.8,0.25,4,2883,1186.6,605.05
IFGLEXPOR,IFGLEXPOREQN,207.95,208.47,208.47,0.52,0.25,24,5003,338.0,119.68
TCPLPACK,TCPLPACKEQN,4000.3,4010.3,4010.3,10.0,0.25,11,44113,4410.9,2200.0
HGINFRA,HGINFRAEQN,471.8,473.0,473.0,1.2,0.25,131,61963,1049.95,429.5
SPIC,SPICEQN,69.09,69.26,69.26,0.17,0.25,126,8726,128.2,55.1
WALCHANNAG,WALCHANNAGEQN,206.09,206.61,206.61,0.52,0.25,1172,242146,315.8,131.15
SHARDAMOTR,SHARDAMOTREQN,875.7,877.9,877.9,2.2,0.25,7,6145,1189.9,700.0
GEOJITFSL,GEOJITFSLEQN,82.76,82.97,82.97,0.21,0.25,7596,630240,85.39,50.86
GOLDIAM,GOLDIAMEQN,344.1,344.95,344.95,0.85,0.25,1057,364612,398.2,198.75
SANGAMIND,SANGAMINDEQN,569.8,571.2,571.2,1.4,0.25,10,5712,672.5,362.75
VEEDOL,VEEDOLEQN,1473.7,1477.4,1477.4,3.7,0.25,9,13296,2035.0,1238.2
HORIZONIND,HORIZONINDEQN,56.57,56.71,56.71,0.14,0.25,17358,984372,60.25,53.75
ADSL,ADSLEQN,103.9,104.16,104.16,0.26,0.25,101,10520,209.53,86.27
INFOBEAN,INFOBEANEQN,157.22,157.6,157.6,0.38,0.24,1433,225840,257.5,116.5
SPAL,SPALEQN,1072.4,1075.0,1075.0,2.6,0.24,131,140825,1221.9,600.0
TCS,TCSEQN,2348.0,2353.6,2353.6,5.6,0.24,7370,17346032,3350.0,1976.8
SASKEN,SASKENEQN,1885.5,1890.0,1890.0,4.5,0.24,3,5670,2780.2,991.0
RTNINDIA,RTNINDIAEQN,29.59,29.66,29.66,0.07,0.24,5063,150168,64.0,24.4
DABUR,DABUREQN,379.0,379.9,379.9,0.9,0.24,2825,1073217,577.0,377.6
SONATSOFTW,SONATSOFTWEQN,289.3,290.0,290.0,0.7,0.24,2899,840710,421.5,207.15
MOTILALOFS,MOTILALOFSEQN,1017.6,1020.0,1020.0,2.4,0.24,534,544680,1097.1,614.9
PAYTM,PAYTMEQN,1619.0,1622.9,1622.9,3.9,0.24,3190,5177051,1732.3,930.6
DBL,DBLEQN,395.05,396.0,396.0,0.95,0.24,12,4752,585.0,381.55
SHAKTIPUMP,SHAKTIPUMPEQN,472.35,473.45,473.45,1.1,0.23,1158,548255,915.0,456.35
ARROWGREEN,ARROWGREENBEN,771.2,773.0,773.0,1.8,0.23,705,544965,821.6,341.95
AVTNPL,AVTNPLEQN,87.16,87.36,87.36,0.2,0.23,388,33895,94.8,53.5
AWFIS,AWFISEQN,256.4,257.0,257.0,0.6,0.23,1150,295550,639.4,229.05
SERVOTECH,SERVOTECHEQN,79.47,79.65,79.65,0.18,0.23,3818,304103,143.0,57.51
KTKBANK,KTKBANKEQN,330.35,331.1,331.1,0.75,0.23,1880,622468,342.5,170.0
BHEL,BHELEQN,427.5,428.5,428.5,1.0,0.23,16969,7271216,446.5,209.6
JITFINFRA,JITFINFRAEQN,304.25,304.95,304.95,0.7,0.23,50,15247,478.0,222.35
CELLO,CELLOEQN,347.6,348.4,348.4,0.8,0.23,377,131346,673.8,336.6
WIPRO,WIPROEQN,177.09,177.5,177.5,0.41,0.23,33865,6011037,273.1,169.0
CASTROLIND,CASTROLINDEQN,186.08,186.5,186.5,0.42,0.23,2837,529100,210.75,170.1
HARSHA,HARSHAEQN,450.75,451.8,451.8,1.05,0.23,505,228159,469.0,313.3
BORORENEW,BORORENEWEQN,495.75,496.9,496.9,1.15,0.23,217,107827,721.0,374.4
TEMBO,TEMBOEQN,56.67,56.8,56.8,0.13,0.23,1533,87074,837.0,55.0
ASAL,ASALEQN,473.4,474.5,474.5,1.1,0.23,47,22301,654.65,374.5
WEWORK,WEWORKEQN,661.1,662.6,662.6,1.5,0.23,173,114629,794.5,420.0
ORIENTCEM,ORIENTCEMEQN,127.7,128.0,128.0,0.3,0.23,525,67200,237.29,122.32
BAJAJHFL,BAJAJHFLEQN,82.78,82.96,82.96,0.18,0.22,13519,1121536,117.0,72.65
UNIMECH,UNIMECHEQN,1451.9,1455.1,1455.1,3.2,0.22,87,126593,1555.0,695.0
HUBTOWN,HUBTOWNEQN,180.6,181.0,181.0,0.4,0.22,3,543,350.95,168.15
KAYNES,KAYNESEQN,3583.0,3591.0,3591.0,8.0,0.22,4140,14866740,7705.0,2995.0
HGS,HGSEQN,393.1,393.95,393.95,0.85,0.22,34,13394,546.35,342.05
DMCC,DMCCEQN,293.35,294.0,294.0,0.65,0.22,8,2352,332.9,191.35
LEMONTREE,LEMONTREEEQN,106.18,106.41,106.41,0.23,0.22,5709,607494,180.68,99.61
INDIGRID,INDIGRIDIVN,175.22,175.6,175.6,0.38,0.22,5636,989681,180.9,161.01
OSWALPUMPS,OSWALPUMPSEQN,278.3,278.9,278.9,0.6,0.22,1395,389065,846.0,275.2
CEATLTD,CEATLTDEQN,3347.8,3355.0,3355.0,7.2,0.22,91,305305,4438.0,3061.2
BCPL,BCPLEQN,67.85,68.0,68.0,0.15,0.22,7,476,92.0,60.0
SHREEPUSHK,SHREEPUSHKEQN,468.05,469.05,469.05,1.0,0.21,253,118669,491.0,272.45
COCHINSHIP,COCHINSHIPEQN,1463.0,1466.0,1466.0,3.0,0.21,1627,2385182,1979.9,1187.0
JAYSREETEA,JAYSREETEAEQN,99.79,100.0,100.0,0.21,0.21,1120,112000,112.7,70.55
STYRENIX,STYRENIXEQN,1990.8,1995.0,1995.0,4.2,0.21,60,119700,2702.0,1780.0
KIMS,KIMSEQN,753.65,755.2,755.2,1.55,0.21,1306,986291,858.0,575.8
IOB,IOBEQN,32.68,32.75,32.75,0.07,0.21,14251,466720,41.8,31.2
FEDFINA,FEDFINAEQN,157.57,157.9,157.9,0.33,0.21,618,97582,178.48,119.07
VIDYAWIRES,VIDYAWIRESEQN,88.51,88.7,88.7,0.19,0.21,2797,248093,117.35,42.51
SBIFUNDS,SBIFUNDSEQN,564.7,565.9,565.9,1.2,0.21,1925,1089357,624.95,536.5
QUESS,QUESSEQN,379.25,380.0,380.0,0.75,0.2,215,81700,388.75,166.3
REFEX,REFEXEQN,277.45,278.0,278.0,0.55,0.2,782,217396,415.0,188.0
DOLATALGO,DOLATALGOEQN,69.96,70.1,70.1,0.14,0.2,280,19628,95.76,64.96
CHOICEIN,CHOICEINEQN,763.4,764.95,764.95,1.55,0.2,803,614254,860.5,568.7
PARACABLES,PARACABLESEQN,64.16,64.29,64.29,0.13,0.2,1675,107685,75.7,28.3
INDUSINDBK,INDUSINDBKEQN,978.0,980.0,980.0,2.0,0.2,3798,3722040,1077.85,710.6
UNIPARTS,UNIPARTSEQN,886.35,888.15,888.15,1.8,0.2,227,201610,915.95,398.0
JYOTISTRUC,JYOTISTRUCEQN,9.79,9.81,9.81,0.02,0.2,5375,52728,17.42,7.94
HINDUNILVR,HINDUNILVREQN,1975.0,1978.9,1978.9,3.9,0.2,1507,2982202,2750.0,1962.3
OSWALGREEN,OSWALGREENEQN,20.46,20.5,20.5,0.04,0.2,213,4366,43.79,19.66
GROWW,GROWWEQN,189.88,190.26,190.26,0.38,0.2,31452,5984057,227.2,112.0
GRAUWEIL,GRAUWEILEQN,70.06,70.2,70.2,0.14,0.2,851,59740,87.4,62.09
CONCOR,CONCOREQN,510.0,511.0,511.0,1.0,0.2,7290,3725190,569.8,421.45
ATULAUTO,ATULAUTOEQN,466.4,467.3,467.3,0.9,0.19,370,172901,596.55,380.05
ICIL,ICILEQN,447.15,448.0,448.0,0.85,0.19,643,288064,474.65,216.9
ACE,ACEEQN,1090.9,1091.0,1091.0,2.1,0.19,287,313117,1196.0,745.1
DEEDEV,DEEDEVEQN,643.85,645.05,645.05,1.2,0.19,421,271566,760.0,183.0
PGHL,PGHLEQN,5669.5,5680.0,5680.0,10.5,0.19,1,5680,6975.0,4707.0
DELTACORP,DELTACORPEQN,56.95,57.06,57.06,0.11,0.19,2052,117087,97.18,48.3
TARSONS,TARSONSEQN,345.35,346.0,346.0,0.65,0.19,616,213136,375.0,164.45
ACC,ACCEQN,1266.6,1269.0,1269.0,2.4,0.19,244,309636,1987.0,1251.7
SYNCOMF,SYNCOMFEQN,21.39,21.43,21.43,0.04,0.19,124319,2664156,21.65,10.21
DATAPATTNS,DATAPATTNSEQN,4516.7,4525.1,4525.1,8.4,0.19,746,3375724,5000.0,2131.0
PGINVIT,PGINVITIVN,100.07,100.26,100.26,0.19,0.19,6685,670238,102.0,86.3
BALKRISIND,BALKRISINDEQN,2329.1,2333.6,2333.6,4.5,0.19,198,462052,2775.0,1970.0
BERGEPAINT,BERGEPAINTEQN,488.05,489.0,489.0,0.95,0.19,197,96333,594.55,391.1
EFCIL,EFCILEQN,199.12,199.5,199.5,0.38,0.19,98,19551,333.28,171.42
DCMSHRIRAM,DCMSHRIRAMEQN,1028.0,1030.0,1030.0,2.0,0.19,70,72100,1414.4,945.1
DHOOTTRANS,DHOOTTRANSEQN,1522.1,1525.0,1525.0,2.9,0.19,6244,9522100,1665.2,1131.0
PGEL,PGELEQN,566.0,567.0,567.0,1.0,0.18,441,250047,644.4,436.55
AVANTEL,AVANTELEQN,156.81,157.09,157.09,0.28,0.18,1352,212385,215.0,117.05
BOMDYEING,BOMDYEINGEQN,113.86,114.07,114.07,0.21,0.18,1110,126617,195.45,92.0
WSTCSTPAPR,WSTCSTPAPREQN,629.05,630.2,630.2,1.15,0.18,266,167633,658.5,375.0
NBCC,NBCCEQN,85.0,85.15,85.15,0.15,0.18,12139,1033635,125.85,77.18
LUXIND,LUXINDEQN,1164.9,1167.0,1167.0,2.1,0.18,83,96861,1823.35,824.05
PREMEXPLN,PREMEXPLNEQN,668.8,669.95,669.95,1.15,0.17,850,569457,829.8,378.4
GODAVARIB,GODAVARIBEQN,237.3,237.7,237.7,0.4,0.17,1,237,353.0,227.42
MOIL,MOILEQN,250.72,251.15,251.15,0.43,0.17,1275,320216,404.9,242.35
SOLARINDS,SOLARINDSEQN,20600.0,20635.0,20635.0,35.0,0.17,330,6809550,20672.0,11646.0
HDFCAMC,HDFCAMCEQN,2525.7,2530.0,2530.0,4.3,0.17,715,1808950,2967.25,2205.6
POCL,POCLEQN,479.2,480.0,480.0,0.8,0.17,945,453600,647.6,392.2
ARVIND,ARVINDEQN,574.05,575.0,575.0,0.95,0.17,5585,3211375,600.0,277.9
SINDHUTRAD,SINDHUTRADEQN,23.86,23.9,23.9,0.04,0.17,843,20147,32.74,17.64
SUBROS,SUBROSEQN,706.8,708.0,708.0,1.2,0.17,27,19116,1213.7,622.1
IDEAFORGE,IDEAFORGEEQN,769.75,770.95,770.95,1.2,0.16,822,633720,992.25,366.0
IRB,IRBEQN,19.18,19.21,19.21,0.03,0.16,77162,1482282,23.95,18.76
TFL,TFLEQN,12.44,12.46,12.46,0.02,0.16,157,1956,18.5,10.21
BEPL,BEPLEQN,127.29,127.5,127.5,0.21,0.16,3320,423300,138.5,74.2
JAGSNPHARM,JAGSNPHARMEQN,237.03,237.4,237.4,0.37,0.16,506,120124,264.5,155.0
RITES,RITESEQN,212.6,212.95,212.95,0.35,0.16,1875,399281,280.9,175.0
PACEDIGITK,PACEDIGITKEQN,164.88,165.15,165.15,0.27,0.16,1158,191243,231.95,139.81
NTPCGREEN,NTPCGREENEQN,88.12,88.25,88.25,0.13,0.15,10080,889560,119.95,84.0
WAAREEENER,WAAREEENEREQN,2581.1,2585.0,2585.0,3.9,0.15,1588,4104980,3865.0,2403.0
MUNJALAU,MUNJALAUEQN,113.44,113.61,113.61,0.17,0.15,1170,132923,130.6,67.2
GARFIBRES,GARFIBRESEQN,814.75,816.0,816.0,1.25,0.15,49,39984,863.4,579.75
BANKBARODA,BANKBARODAEQN,241.2,241.57,241.57,0.37,0.15,16268,3929860,325.5,231.72
GREAVESCOT,GREAVESCOTEQN,194.2,194.5,194.5,0.3,0.15,6283,1222043,271.9,119.99
PHOENIXLTD,PHOENIXLTDEQN,1920.1,1923.0,1923.0,2.9,0.15,741,1424943,2169.8,1465.6
PATELENG,PATELENGEQN,26.86,26.9,26.9,0.04,0.15,6469,174016,41.13,22.0
RGL,RGLEQN,137.79,138.0,138.0,0.21,0.15,725,100050,159.0,85.0
ENDURANCE,ENDURANCEEQN,2755.9,2760.0,2760.0,4.1,0.15,313,863880,3079.9,2142.8
IPCALAB,IPCALABEQN,1956.5,1959.5,1959.5,3.0,0.15,586,1148267,2001.5,1251.6
BATAINDIA,BATAINDIAEQN,670.45,671.45,671.45,1.0,0.15,276,185320,1282.5,605.0
ETERNAL,ETERNALEQN,327.3,327.8,327.8,0.5,0.15,53369,17494358,368.45,212.6
RADIANTCMS,RADIANTCMSEQN,39.18,39.24,39.24,0.06,0.15,2000,78480,58.63,32.33
KUSUMGAR,KUSUMGAREQN,571.15,572.0,572.0,0.85,0.15,355,203060,659.5,548.0
ARIS,ARISEQN,128.31,128.5,128.5,0.19,0.15,2026,260341,178.3,82.18
KANSAINER,KANSAINEREQN,194.82,195.09,195.09,0.27,0.14,174,33945,264.0,157.91
NTPC,NTPCEQN,330.0,330.45,330.45,0.45,0.14,16342,5400213,414.4,315.55
SUNTECK,SUNTECKEQN,295.5,295.9,295.9,0.4,0.14,585,173101,473.0,270.75
ADVANIHOTR,ADVANIHOTREQN,49.43,49.5,49.5,0.07,0.14,20,990,65.5,47.0
DCAL,DCALEQN,176.85,177.1,177.1,0.25,0.14,340,60214,321.95,128.5
UNIECOM,UNIECOMEQN,85.83,85.95,85.95,0.12,0.14,24,2062,155.8,78.51
SURYAROSNI,SURYAROSNIEQN,216.3,216.6,216.6,0.3,0.14,757,163966,314.5,187.35
TATASTEEL,TATASTEELEQN,183.85,184.11,184.11,0.26,0.14,68915,12687940,224.4,155.5
LICHSGFIN,LICHSGFINEQN,541.25,542.0,542.0,0.75,0.14,2590,1403780,598.2,458.9
TFCILTD,TFCILTDEQN,146.14,146.35,146.35,0.21,0.14,42069,6156798,147.65,51.0
NAZARA,NAZARAEQN,366.0,366.5,366.5,0.5,0.14,1141,418176,379.4,215.7
BLACKROSE,BLACKROSEBEN,112.64,112.8,112.8,0.16,0.14,3,338,129.9,80.05
SRF,SRFEQN,2598.4,2602.0,2602.0,3.6,0.14,439,1142278,3210.0,2355.0
IGL,IGLEQN,147.94,148.15,148.15,0.21,0.14,1775,262966,223.5,141.74
CGPOWER,CGPOWEREQN,877.75,879.0,879.0,1.25,0.14,2523,2217717,980.9,525.5
ASMS,ASMSBEN,7.01,7.02,7.02,0.01,0.14,331,2323,17.6,6.66
PARAS,PARASEQN,1413.1,1414.9,1414.9,1.8,0.13,2725,3855602,1585.0,580.5
ALPEXSOLAR,ALPEXSOLARSMN,866.85,868.0,868.0,1.15,0.13,100,86800,1374.85,660.0
DENTA,DENTAEQN,270.5,270.85,270.85,0.35,0.13,157,42523,479.6,222.0
CEWATER,CEWATEREQN,263.3,263.65,263.65,0.35,0.13,57,15028,555.8,235.0
RHIM,RHIMEQN,370.5,371.0,371.0,0.5,0.13,345,127995,508.3,323.05
CEIGALL,CEIGALLEQN,340.6,341.05,341.05,0.45,0.13,188,64117,405.7,222.61
KAMDHENU,KAMDHENUBEN,37.45,37.5,37.5,0.05,0.13,1116,41850,38.0,16.15
KPIGREEN,KPIGREENEQN,304.6,305.0,305.0,0.4,0.13,1907,581635,542.25,301.2
GANESHHOU,GANESHHOUEQN,762.0,763.0,763.0,1.0,0.13,45,34335,902.95,500.0
ASIANHOTNR,ASIANHOTNREQN,379.9,380.4,380.4,0.5,0.13,103,39181,402.55,247.5
BAJAJELEC,BAJAJELECEQN,323.6,324.0,324.0,0.4,0.12,327,105948,653.8,301.0
INGERRAND,INGERRANDEQN,4883.5,4889.5,4889.5,6.0,0.12,141,689419,4955.0,3063.3
BLS,BLSEQN,235.22,235.5,235.5,0.28,0.12,1666,392343,374.0,218.9
GICHSGFIN,GICHSGFINEQN,145.82,146.0,146.0,0.18,0.12,604,88184,184.0,130.05
TVSMOTOR,TVSMOTOREQN,4200.0,4204.9,4204.9,4.9,0.12,3444,14481675,4484.5,3228.0
LODHA,LODHAEQN,1208.3,1209.8,1209.8,1.5,0.12,2347,2839400,1344.95,650.8
NAVINFLUOR,NAVINFLUOREQN,8542.5,8552.5,8552.5,10.0,0.12,53,453282,8775.5,4498.5
MIDWESTLTD,MIDWESTLTDEQN,1036.9,1038.1,1038.1,1.2,0.12,28,29066,1859.9,1032.0
GILLETTE,GILLETTEEQN,7346.0,7355.0,7355.0,9.0,0.12,8,58840,10740.0,7206.0
CROMPTON,CROMPTONEQN,227.72,228.0,228.0,0.28,0.12,8157,1859796,337.5,217.4
E2ERAIL,E2ERAILSMN,347.7,348.1,348.1,0.4,0.12,800,278480,353.0,171.0
CREDITACC,CREDITACCEQN,1403.4,1405.0,1405.0,1.6,0.11,16,22480,1634.0,1113.0
KUANTUM,KUANTUMEQN,71.23,71.31,71.31,0.08,0.11,301,21464,121.29,65.01
GAIL,GAILEQN,173.0,173.19,173.19,0.19,0.11,11544,1999305,186.87,134.36
JTLIND,JTLINDEQN,92.4,92.5,92.5,0.1,0.11,40433,3740052,94.0,40.25
POLICYBZR,POLICYBZREQN,1851.9,1853.9,1853.9,2.0,0.11,754,1397840,1974.0,1364.0
SCHAEFFLER,SCHAEFFLEREQN,3967.1,3971.3,3971.3,4.2,0.11,5,19856,4467.7,3518.4
ORIENTELEC,ORIENTELECEQN,179.35,179.55,179.55,0.2,0.11,35,6284,219.0,149.05
BAJFINANCE,BAJFINANCEEQN,1055.9,1057.1,1057.1,1.2,0.11,183591,194074046,1176.4,787.9
BALRAMCHIN,BALRAMCHINEQN,669.75,670.5,670.5,0.75,0.11,6587,4416583,780.95,393.55
CRAFTSMAN,CRAFTSMANEQN,10999.0,11011.0,11011.0,12.0,0.11,69,759759,11500.0,6324.0
LGEINDIA,LGEINDIAEQN,1653.2,1655.0,1655.0,1.8,0.11,589,974795,1755.0,1304.1
M&MFIN,M&MFINEQN,368.85,369.25,369.25,0.4,0.11,1647,608154,415.0,256.0
LAXMIINDIA,LAXMIINDIAEQN,125.93,126.07,126.07,0.14,0.11,282,35551,180.9,71.06
UPL,UPLEQN,578.45,579.0,579.0,0.55,0.1,4674,2706246,812.2,557.95
LMW,LMWEQN,18783.0,18801.0,18801.0,18.0,0.1,6,112806,20151.0,11920.0
PLATIND,PLATINDEQN,229.69,229.92,229.92,0.23,0.1,66,15174,342.4,183.5
CHEMPLASTS,CHEMPLASTSEQN,169.83,170.0,170.0,0.17,0.1,1169,198730,451.3,167.55
UFLEX,UFLEXEQN,701.8,702.5,702.5,0.7,0.1,3028,2127170,723.5,330.0
ASIANPAINT,ASIANPAINTEQN,2527.5,2530.0,2530.0,2.5,0.1,655,1657150,2985.7,2115.0
JTEKTINDIA,JTEKTINDIAEQN,121.38,121.5,121.5,0.12,0.1,103,12514,188.5,117.0
ADANIENSOL,ADANIENSOLEQN,1396.6,1398.0,1398.0,1.4,0.1,10137,14171526,1789.0,744.9
MACPOWER,MACPOWEREQN,1883.6,1885.5,1885.5,1.9,0.1,9,16969,2050.0,761.0
KOLTEPATIL,KOLTEPATILEQN,440.8,441.25,441.25,0.45,0.1,116,51185,554.6,292.25
GOKEX,GOKEXEQN,770.1,770.9,770.9,0.8,0.1,486,374657,954.9,531.0
TOLINS,TOLINSEQN,91.91,92.0,92.0,0.09,0.1,450,41400,202.0,83.04
TRACXN,TRACXNEQN,30.02,30.05,30.05,0.03,0.1,2000,60100,55.9,25.39
TIPSMUSIC,TIPSMUSICEQN,631.45,632.0,632.0,0.55,0.09,226,142832,741.0,481.15
AHLUCONT,AHLUCONTEQN,602.2,602.75,602.75,0.55,0.09,174,104878,1077.95,590.0
ANUP,ANUPEQN,1799.8,1801.4,1801.4,1.6,0.09,8,14411,2576.0,1422.3
WAAREERTL,WAAREERTLEQN,853.25,854.0,854.0,0.75,0.09,250,213500,1358.0,779.5
KSB,KSBEQN,805.8,806.55,806.55,0.75,0.09,112,90333,1028.3,666.65
MONEYBOXX,MONEYBOXXEQN,56.0,56.05,56.05,0.05,0.09,13,728,91.5,44.02
EMMVEE,EMMVEEEQN,324.7,325.0,325.0,0.3,0.09,2670,867750,371.55,171.51
NEPHROPLUS,NEPHROPLUSEQN,692.7,693.3,693.3,0.6,0.09,145,100528,769.75,446.0
ITC,ITCEQN,266.3,266.5,266.5,0.2,0.08,30750,8194875,427.0,255.5
SKMEGGPROD,SKMEGGPRODEQN,261.75,261.95,261.95,0.2,0.08,445,116567,372.0,143.1
WESTLIFE,WESTLIFEEQN,547.55,548.0,548.0,0.45,0.08,1,548,775.0,398.4
COLPAL,COLPALEQN,1861.5,1863.0,1863.0,1.5,0.08,535,996705,2504.0,1782.0
FCL,FCLEQN,49.19,49.23,49.23,0.04,0.08,50351,2478779,52.21,19.1
GRMOVER,GRMOVEREQN,86.03,86.1,86.1,0.07,0.08,128,11020,185.45,81.95
CIPLA,CIPLAEQN,1412.8,1414.0,1414.0,1.2,0.08,882,1247148,1673.0,1165.7
TNPL,TNPLEQN,145.69,145.8,145.8,0.11,0.08,518,75524,175.75,121.51
ELPROINTL,ELPROINTLEQN,173.86,174.0,174.0,0.14,0.08,2001,348174,180.89,86.0
OMINFRAL,OMINFRALEQN,81.84,81.9,81.9,0.06,0.07,203,16625,144.0,71.5
AARTISURF,AARTISURFBEN,526.05,526.4,526.4,0.35,0.07,20,10528,677.7,316.0
IPL,IPLEQN,136.45,136.55,136.55,0.1,0.07,22,3004,240.25,125.0
METROBRAND,METROBRANDEQN,900.65,901.25,901.25,0.6,0.07,65,58581,1340.4,883.0
SIGNATURE,SIGNATUREEQN,765.3,765.8,765.8,0.5,0.07,43,32929,1158.0,705.2
INTELLECT,INTELLECTEQN,679.25,679.75,679.75,0.5,0.07,1358,923100,1244.6,595.2
LINDEINDIA,LINDEINDIAEQN,6352.5,6357.0,6357.0,4.5,0.07,4,25428,8049.0,5673.0
KNRCON,KNRCONEQN,117.07,117.15,117.15,0.08,0.07,1390,162838,220.0,108.65
KIRLPNU,KIRLPNUEQN,745.45,746.0,746.0,0.55,0.07,150,111900,1098.55,495.05
BEL,BELEQN,405.75,406.05,406.05,0.3,0.07,28781,11686525,473.45,368.5
COROMANDEL,COROMANDELEQN,1914.6,1916.0,1916.0,1.4,0.07,52,99632,2499.0,1706.5
SHRIPISTON,SHRIPISTONEQN,4600.4,4603.5,4603.5,3.1,0.07,72,331452,4785.8,2517.7
VIKRAMSOLR,VIKRAMSOLREQN,169.15,169.26,169.26,0.11,0.07,3116,527414,407.95,155.38
SAILIFE,SAILIFEEQN,1587.0,1588.0,1588.0,1.0,0.06,8289,13162932,1595.0,783.85
KAJARIACER,KAJARIACEREQN,1261.1,1261.9,1261.9,0.8,0.06,828,1044853,1293.8,869.6
SWSOLAR,SWSOLAREQN,187.16,187.27,187.27,0.11,0.06,2872,537839,281.7,148.0
GLAND,GLANDEQN,2868.4,2870.0,2870.0,1.6,0.06,319,915530,3039.8,1573.6
VENUSPIPES,VENUSPIPESEQN,1605.0,1606.0,1606.0,1.0,0.06,33,52998,1875.0,890.0
ETHOSLTD,ETHOSLTDEQN,2839.4,2841.0,2841.0,1.6,0.06,53,150573,3245.9,1919.4
FLAIR,FLAIREQN,247.14,247.3,247.3,0.16,0.06,85,21020,348.8,242.9
MIRZAINT,MIRZAINTEQN,30.84,30.86,30.86,0.02,0.06,1000,30860,44.0,24.95
STLTECH,STLTECHBEN,714.35,714.8,714.8,0.45,0.06,5965,4263782,757.7,84.6
WELSPLSOL,WELSPLSOLEQN,53.22,53.25,53.25,0.03,0.06,208,11076,63.25,36.0
ALPINETEX,ALPINETEXEQN,51.09,51.12,51.12,0.03,0.06,738,37726,105.0,50.46
CSM,CSMEQN,95.94,96.0,96.0,0.06,0.06,180,17280,113.0,93.12
MODINATUR,MODINATUREQN,340.8,341.0,341.0,0.2,0.06,1,341,524.8,252.3
ACMESOLAR,ACMESOLAREQN,398.25,398.45,398.45,0.2,0.05,16454,6556096,411.5,195.9
YATHARTH,YATHARTHEQN,966.5,967.0,967.0,0.5,0.05,1047,1012449,1024.85,538.25
RUBFILA,RUBFILAEQN,66.21,66.24,66.24,0.03,0.05,40,2649,89.24,57.31
EICHERMOT,EICHERMOTEQN,7711.5,7715.0,7715.0,3.5,0.05,1084,8363060,8230.0,6282.5
SAURASHCEM,SAURASHCEMEQN,55.22,55.25,55.25,0.03,0.05,101,5580,125.35,47.65
LAURUSLABS,LAURUSLABSEQN,1864.0,1864.9,1864.9,0.9,0.05,4477,8349157,1949.0,823.1
RANEHOLDIN,RANEHOLDINEQN,1605.2,1606.0,1606.0,0.8,0.05,10,16060,1894.5,981.0
CUBEXTUB,CUBEXTUBEQN,76.07,76.11,76.11,0.04,0.05,433,32955,143.69,73.1
TATACONSUM,TATACONSUMEQN,1012.0,1012.5,1012.5,0.5,0.05,804,814050,1282.7,1007.2
GRAVITA,GRAVITAEQN,1749.1,1750.0,1750.0,0.9,0.05,262,458500,1913.6,1266.9
MPHASIS,MPHASISEQN,2480.0,2481.2,2481.2,1.2,0.05,74,183608,3037.2,2013.0
SYNGENE,SYNGENEEQN,398.6,398.8,398.8,0.2,0.05,2466,983440,678.95,375.25
ITDC,ITDCEQN,637.15,637.5,637.5,0.35,0.05,550,350625,822.0,368.0
SHANKESH,SHANKESHEQN,97.95,98.0,98.0,0.05,0.05,29723,2912854,111.0,87.25
KRISHANA,KRISHANAEQN,188.06,188.13,188.13,0.07,0.04,595,111937,206.39,86.2
PIIND,PIINDEQN,2393.0,2394.0,2394.0,1.0,0.04,93,222642,3832.9,2353.5
NITINSPIN,NITINSPINEQN,623.85,624.1,624.1,0.25,0.04,27,16850,647.85,302.2
HUHTAMAKI,HUHTAMAKIEQN,261.35,261.45,261.45,0.1,0.04,389,101704,330.0,148.6
MEIL,MEILEQN,278.9,279.0,279.0,0.1,0.04,26,7254,573.7,206.26
DELHIVERY,DELHIVERYEQN,454.8,455.0,455.0,0.2,0.04,1273,579215,524.0,374.45
HCG,HCGEQN,699.3,699.55,699.55,0.25,0.04,51,35677,796.68,513.3
DOMS,DOMSEQN,2206.3,2207.1,2207.1,0.8,0.04,29,64005,2770.0,2023.9
CAPACITE,CAPACITEEQN,205.02,205.1,205.1,0.08,0.04,520,106652,334.0,180.0
FUSION,FUSIONEQN,193.42,193.5,193.5,0.08,0.04,458,88623,243.0,136.5
CMRGREEN,CMRGREENEQN,224.71,224.79,224.79,0.08,0.04,468,105201,268.96,205.25
MARUTI,MARUTIEQN,12849.0,12853.0,12853.0,4.0,0.03,586,7531858,17370.0,12201.0
SAHASRA,SAHASRASTN,308.0,308.1,308.1,0.1,0.03,400,123240,373.0,188.35
RACLGEAR,RACLGEAREQN,1516.6,1517.0,1517.0,0.4,0.03,21,31857,1691.9,887.0
AVL,AVLEQN,599.85,600.05,600.05,0.2,0.03,41,24602,705.0,436.55
JGCHEM,JGCHEMEQN,600.85,601.05,601.05,0.2,0.03,676,406309,675.0,298.4
SENORES,SENORESEQN,1449.5,1450.0,1450.0,0.5,0.03,595,862750,1599.0,662.45
GMRP&UI,GMRP&UIEQN,91.14,91.17,91.17,0.03,0.03,1156,105392,136.95,86.8
GOKULAGRO,GOKULAGROEQN,234.19,234.25,234.25,0.06,0.03,1662,389323,259.8,151.0
ANDHRAPAP,ANDHRAPAPEQN,61.09,61.11,61.11,0.02,0.03,350,21388,86.89,58.0
FIVESTAR,FIVESTAREQN,524.85,525.0,525.0,0.15,0.03,162,85050,666.0,338.15
TATACAP,TATACAPEQN,364.75,364.85,364.85,0.1,0.03,1462,533410,390.2,296.0
STYL,STYLEQN,386.0,386.1,386.1,0.1,0.03,65,25096,437.45,209.11
HOMEFIRST,HOMEFIRSTEQN,1196.7,1197.1,1197.1,0.4,0.03,343,410605,1317.7,893.7
WOCKPHARMA,WOCKPHARMAEQN,1904.3,1904.6,1904.6,0.3,0.02,2687,5117660,2422.3,1086.7
JSWINFRA,JSWINFRAEQN,332.1,332.15,332.15,0.05,0.02,1291,428805,355.8,233.42
GOPAL,GOPALEQN,264.9,264.95,264.95,0.05,0.02,50,13247,398.0,247.55
AMDIND,AMDINDEQN,57.39,57.4,57.4,0.01,0.02,20,1148,68.07,33.77
KAMATHOTEL,KAMATHOTELEQN,232.74,232.79,232.79,0.05,0.02,8,1862,329.8,140.2
ECLERX,ECLERXEQN,2004.5,2005.0,2005.0,0.5,0.02,1382,2770910,2497.5,1320.0
RSYSTEMS,RSYSTEMSEQN,253.96,254.0,254.0,0.04,0.02,156,39624,485.0,213.52
KANPRPLA,KANPRPLAEQN,253.35,253.4,253.4,0.05,0.02,50,12670,283.14,151.25
TATAINVEST,TATAINVESTEQN,628.1,628.2,628.2,0.1,0.02,364,228664,1184.7,538.85
SUNDRMFAST,SUNDRMFASTEQN,1200.7,1201.0,1201.0,0.3,0.02,253,303853,1250.3,730.1
SUNPHARMA,SUNPHARMAEQN,1931.7,1932.0,1932.0,0.3,0.02,2228,4304496,2046.9,1548.0
20MICRONS,20MICRONSEQN,211.36,211.4,211.4,0.04,0.02,5,1057,238.01,129.61
SCODATUBES,SCODATUBESEQN,128.61,128.64,128.64,0.03,0.02,22,2830,187.7,110.0
ASKAUTOLTD,ASKAUTOLTDEQN,623.85,624.0,624.0,0.15,0.02,743,463632,687.7,375.3
GODREJIND,GODREJINDEQN,1138.8,1139.0,1139.0,0.2,0.02,505,575195,1443.0,744.2
FORCAS,FORCASSTN,239.95,240.0,240.0,0.05,0.02,1600,384000,243.95,91.5
ABLBL,ABLBLEQN,82.78,82.8,82.8,0.02,0.02,2986,247240,151.33,82.61
RUBICON,RUBICONEQN,1828.8,1829.1,1829.1,0.3,0.02,214,391427,1899.0,570.75
FEDDERSHOL,FEDDERSHOLEQN,45.99,46.0,46.0,0.01,0.02,5004,230184,53.49,32.06
IIFLCAPS,IIFLCAPSEQN,338.3,338.35,338.35,0.05,0.01,87,29436,411.3,240.4
BLACKBUCK,BLACKBUCKEQN,581.65,581.7,581.7,0.05,0.01,97,56424,748.0,496.0
CHOLAFIN,CHOLAFINEQN,1825.9,1826.0,1826.0,0.1,0.01,906,1654356,1952.5,1299.4
CAPINVIT,CAPINVITIVN,76.25,76.26,76.26,0.01,0.01,720,54907,79.99,67.0
VRAJ,VRAJEQN,122.41,122.42,122.42,0.01,0.01,50,6121,159.99,93.0
PIXTRANS,PIXTRANSEQN,1766.9,1767.1,1767.1,0.2,0.01,20,35342,2089.0,1252.0
SDBL,SDBLEQN,72.58,72.59,72.59,0.01,0.01,779,56547,142.6,61.8
ATUL,ATULEQN,6485.5,6486.0,6486.0,0.5,0.01,21,136206,7180.0,5560.5
NMDC,NMDCEQN,85.75,85.76,85.76,0.01,0.01,36299,3113002,97.49,69.79
NATCOPHARM,NATCOPHARMEQN,843.25,843.3,843.3,0.05,0.01,202,170346,1226.8,789.0
SUNDRMBRAK,SUNDRMBRAKBEN,748.0,748.05,748.05,0.05,0.01,13,9724,920.0,460.0
NIITMTS,NIITMTSEQN,223.47,223.5,223.5,0.03,0.01,367,82024,443.9,203.3
AWHCL,AWHCLEQN,372.95,373.0,373.0,0.05,0.01,350,130550,616.0,370.1
DATAMATICS,DATAMATICSEQN,763.95,764.0,764.0,0.05,0.01,75,57300,1054.0,632.0
OBEROIRLTY,OBEROIRLTYEQN,1866.0,1866.1,1866.1,0.1,0.01,461,860272,1986.1,1391.2
NCLIND,NCLINDEQN,174.94,174.95,174.95,0.01,0.01,10,1749,220.39,147.5
CMPDI,CMPDIEQN,222.97,223.0,223.0,0.03,0.01,10250,2285750,283.69,150.16
FLUOROCHEM,FLUOROCHEMEQN,4727.7,4728.0,4728.0,0.3,0.01,112,529536,4958.9,2916.6
PTCIL,PTCILEQN,22715.0,22715.0,22715.0,0.0,0.0,73,1658195,22980.0,13400.0
ARCHIDPLY,ARCHIDPLYEQN,106.52,106.52,106.52,0.0,0.0,2,213,124.78,60.0
SURANAT&P,SURANAT&PEQN,16.03,16.03,16.03,0.0,0.0,25,400,29.27,15.5
SHREEOSFM,SHREEOSFMSMN,59.0,59.0,59.0,0.0,0.0,1000,59000,123.95,50.1
SPARC,SPARCEQN,199.58,199.58,199.58,0.0,0.0,5489,1095494,289.0,108.0
TPHQ,TPHQBEN,0.57,0.57,0.57,0.0,0.0,31252,17813,0.86,0.4
RELTD,RELTDEQN,152.13,152.13,152.13,0.0,0.0,100,15213,196.45,114.77
BLBLIMITED,BLBLIMITEDEQN,17.11,17.11,17.11,0.0,0.0,3279,56103,22.47,12.0
AJOONI,AJOONIEQN,3.72,3.72,3.72,0.0,0.0,200,744,5.94,3.4
INDSWFTLAB,INDSWFTLABEQN,366.85,366.85,366.85,0.0,0.0,953,349608,389.5,87.15
VIPIND,VIPINDEQN,304.4,304.4,304.4,0.0,0.0,188,57227,454.3,278.25
IRMENERGY,IRMENERGYEQN,283.25,283.25,283.25,0.0,0.0,398,112733,393.0,165.4
ALMONDZ,ALMONDZEQN,17.43,17.43,17.43,0.0,0.0,134,2335,22.1,10.68
SIEMENS,SIEMENSEQN,4018.9,4018.9,4018.9,0.0,0.0,234,940422,4149.4,2826.0
DNAMEDIA,DNAMEDIAEQN,2.53,2.53,2.53,0.0,0.0,615,1555,5.44,2.28
EPACK,EPACKEQN,187.53,187.53,187.53,0.0,0.0,896,168026,409.5,184.86
NIVABUPA,NIVABUPAEQN,80.73,80.73,80.73,0.0,0.0,1026,82828,91.4,67.5
BAIDFIN,BAIDFINEQN,9.99,9.99,9.99,0.0,0.0,7,69,12.98,8.8
EUREKAFORB,EUREKAFORBEQN,422.95,422.95,422.95,0.0,0.0,3,1268,668.3,403.2
VENTIVE,VENTIVEEQN,578.8,578.8,578.8,0.0,0.0,113,65404,793.95,542.6
JHS,JHSEQN,7.81,7.81,7.81,0.0,0.0,6,46,13.9,6.26
ORIENTALTL,ORIENTALTLEQN,4.98,4.98,4.98,0.0,0.0,66,328,11.99,4.4
THELEELA,THELEELAEQN,569.9,569.9,569.9,0.0,0.0,8,4559,582.85,384.5
MODISONLTD,MODISONLTDEQN,520.65,520.65,520.65,0.0,0.0,690,359248,546.0,114.0
SURANASOL,SURANASOLEQN,26.07,26.07,26.07,0.0,0.0,764,19917,39.08,18.31
NARMADA,NARMADAEQN,13.63,13.63,13.63,0.0,0.0,676,9213,22.59,9.95
ALIVUS,ALIVUSEQN,1417.9,1417.9,1417.9,0.0,0.0,46,65223,1493.8,819.0
EVEREADY,EVEREADYEQN,321.3,321.3,321.3,0.0,0.0,156,50122,475.2,259.65
GINNIFILA,GINNIFILABEN,43.97,43.97,43.97,0.0,0.0,2000,87940,57.85,31.5
SHK,SHKEQN,148.37,148.37,148.37,0.0,0.0,401,59496,275.5,111.98
LGBBROSLTD,LGBBROSLTDEQN,1699.9,1699.9,1699.9,0.0,0.0,21,35697,2048.0,1265.0
MITTAL,MITTALEQN,0.81,0.81,0.81,0.0,0.0,5607,4541,1.82,0.7
ZEELEARN,ZEELEARNBEN,7.36,7.36,7.36,0.0,0.0,5,36,10.45,4.17
AURUM,AURUMEQN,224.95,224.95,224.95,0.0,0.0,26,5848,264.64,151.9
MEP,MEPBZN,0.73,0.73,0.73,0.0,0.0,180,131,2.87,0.5
KALAMANDIR,KALAMANDIREQN,85.65,85.65,85.65,0.0,0.0,2020,173013,223.03,84.1
MVGJL,MVGJLEQN,161.76,161.76,161.76,0.0,0.0,211,34131,214.79,129.1
PALREDTEC,PALREDTECBEN,52.8,52.8,52.8,0.0,0.0,25,1320,73.6,27.45
CSBBANK,CSBBANKEQN,331.65,331.65,331.65,0.0,0.0,946,313740,574.4,312.95
AAKASH,AAKASHEQN,8.67,8.67,8.67,0.0,0.0,29,251,13.4,7.21
THOMASCOTT,THOMASCOTTEQN,267.05,267.05,267.05,0.0,0.0,43,11483,459.8,230.0
XCHANGING,XCHANGINGEQN,60.84,60.84,60.84,0.0,0.0,300,18252,103.0,47.5
VHL,VHLEQN,3570.4,3570.4,3570.4,0.0,0.0,1,3570,4275.0,2870.0
YESBANK,YESBANKEQN,22.15,22.15,22.15,0.0,0.0,196058,4342684,25.78,17.2
DSSL,DSSLEQN,1016.0,1016.0,1016.0,0.0,0.0,38,38608,1924.8,781.0
CCCL,CCCLEQN,14.31,14.31,14.31,0.0,0.0,1818,26015,28.87,12.76
RELAXO,RELAXOEQN,346.4,346.4,346.4,0.0,0.0,253,87639,526.0,236.5
FEL,FELBZN,0.39,0.39,0.39,0.0,0.0,2035,793,0.65,0.34
CAPTRUST,CAPTRUSTBEN,19.76,19.76,19.76,0.0,0.0,2,39,34.07,10.98
SUVIDHAA,SUVIDHAAEQN,2.11,2.11,2.11,0.0,0.0,136,286,4.25,1.77
AARTIPHARM,AARTIPHARMEQN,867.25,867.25,867.25,0.0,0.0,462,400669,946.1,585.0
GVKPIL,GVKPILBEN,2.06,2.06,2.06,0.0,0.0,4974,10246,4.06,2.04
MEDANTA,MEDANTAEQN,1444.9,1444.9,1444.9,0.0,0.0,196,283200,1544.0,956.0
VINNY,VINNYEQN,1.03,1.03,1.03,0.0,0.0,1146,1180,1.53,0.94
SARLAPOLY,SARLAPOLYEQN,102.46,102.46,102.46,0.0,0.0,75,7684,111.0,68.4
NAHARINDUS,NAHARINDUSEQN,133.86,133.86,133.86,0.0,0.0,33,4417,154.0,83.05
JKCEMENT,JKCEMENTEQN,4979.5,4979.5,4979.5,0.0,0.0,20,99590,7114.0,4671.5
KKCL,KKCLEQN,499.65,499.65,499.65,0.0,0.0,281,140401,595.0,408.35
SPMLINFRA,SPMLINFRAEQN,174.24,174.24,174.24,0.0,0.0,2410,419918,302.0,151.01
TRITURBINE,TRITURBINEEQN,565.2,565.2,565.2,0.0,0.0,796,449899,787.6,428.35
SHIVACEM,SHIVACEMEQN,15.99,15.99,15.99,0.0,0.0,12,191,17.94,15.55
SCHNEIDER,SCHNEIDEREQN,1169.5,1169.5,1169.5,0.0,0.0,470,549665,1548.0,571.85
PRABHA,PRABHAEQN,216.27,216.27,216.27,0.0,0.0,472,102079,246.61,137.91
SMCGLOBAL,SMCGLOBALEQN,79.37,79.37,79.37,0.0,0.0,1,79,94.9,54.44
PGHH,PGHHEQN,7762.5,7762.5,7762.5,0.0,0.0,23,178537,14509.0,7740.0
CONFIPET,CONFIPETEQN,82.55,82.55,82.55,0.0,0.0,31982,2640114,86.4,28.06
STYLAMIND,STYLAMINDEQN,3264.8,3264.7,3264.7,-0.1,0.0,91,297087,4150.0,1594.1
UGROCAP,UGROCAPEQN,85.1,85.1,85.1,0.0,0.0,100,8510,192.5,80.12
TECHNOE,TECHNOEEQN,969.95,969.95,969.95,0.0,0.0,505,489824,1575.0,870.0
ASTRAZEN,ASTRAZENEQN,6868.0,6868.0,6868.0,0.0,0.0,8,54944,9849.5,6835.0
GOODLUCK,GOODLUCKEQN,474.75,474.75,474.75,0.0,0.0,1434,680791,557.37,305.0
HESTERBIO,HESTERBIOEQN,2176.5,2176.5,2176.5,0.0,0.0,2,4353,2683.6,1239.3
GTLINFRA,GTLINFRAEQN,1.16,1.16,1.16,0.0,0.0,122117,141655,1.67,0.96
ABAN,ABANBEN,14.83,14.83,14.83,0.0,0.0,1394,20673,47.33,12.89
AIROLAM,AIROLAMEQN,86.51,86.51,86.51,0.0,0.0,160,13841,123.3,78.0
STARHEALTH,STARHEALTHEQN,562.95,562.95,562.95,0.0,0.0,148,83316,624.9,416.55
TECHM,TECHMEQN,1623.0,1623.0,1623.0,0.0,0.0,1817,2948991,1854.0,1304.1
DBEIL,DBEILBEN,6.11,6.11,6.11,0.0,0.0,200,1222,18.56,5.15
AFCONS,AFCONSEQN,285.1,285.1,285.1,0.0,0.0,343,97789,479.4,259.1
FACT,FACTEQN,804.3,804.3,804.3,0.0,0.0,1387,1115564,1058.6,652.1
VIVIANA,VIVIANABEN,750.4,750.4,750.4,0.0,0.0,92,69036,1162.5,565.0
NAUKRI,NAUKRIEQN,1343.7,1343.7,1343.7,0.0,0.0,2266,3044824,1433.6,908.3
AMBIKCO,AMBIKCOEQN,1629.2,1629.2,1629.2,0.0,0.0,8,13033,1931.0,1101.0
GLOBECIVIL,GLOBECIVILEQN,46.84,46.84,46.84,0.0,0.0,60,2810,80.45,33.5
3IINFOLTD,3IINFOLTDBEN,22.43,22.43,22.43,0.0,0.0,45,1009,27.8,12.68
FORTIS,FORTISEQN,915.0,915.0,915.0,0.0,0.0,195,178425,1104.3,766.8
SAIFL,SAIFLSMN,4.85,4.85,4.85,0.0,0.0,4000,19400,25.5,4.55
TIINDIA,TIINDIAEQN,2720.0,2720.0,2720.0,0.0,0.0,116,315520,3419.9,2164.9
SHANTIGEAR,SHANTIGEAREQN,529.85,529.85,529.85,0.0,0.0,100,52985,592.0,384.0
ORICONENT,ORICONENTEQN,54.2,54.2,54.2,0.0,0.0,3,162,73.12,48.81
ZYDUSLIFE,ZYDUSLIFEEQN,1154.2,1154.2,1154.2,0.0,0.0,406,468605,1205.0,835.5
INDOBORAX,INDOBORAXEQN,506.15,506.15,506.15,0.0,0.0,741,375057,538.4,224.0
GAEL,GAELEQN,170.8,170.8,170.8,0.0,0.0,987,168579,184.99,101.2
BOROLTD,BOROLTDEQN,249.92,249.92,249.92,0.0,0.0,1330,332393,397.95,213.73
FLFL,FLFLBZN,1.23,1.23,1.23,0.0,0.0,10,12,1.99,1.1
MAZDOCK,MAZDOCKEQN,2459.0,2459.0,2459.0,0.0,0.0,1509,3710631,3061.4,2057.4
NYKAA,NYKAAEQN,337.4,337.4,337.4,0.0,0.0,7279,2455934,349.55,227.9
CMSINFO,CMSINFOEQN,249.3,249.3,249.3,0.0,0.0,341,85011,429.65,238.3
LAOPALA,LAOPALAEQN,171.87,171.87,171.87,0.0,0.0,36,6187,262.0,162.1
CARERATING,CARERATINGEQN,1683.0,1683.0,1683.0,0.0,0.0,5,8415,1838.0,1392.7
RELIANCE,RELIANCEEQN,1313.1,1313.1,1313.1,0.0,0.0,82002,107676826,1611.8,1249.8
SAKHTISUG,SAKHTISUGEQN,20.37,20.37,20.37,0.0,0.0,30,611,24.75,13.52
SURYODAY,SURYODAYEQN,151.81,151.81,151.81,0.0,0.0,435,66037,218.0,115.41
BAJAJINDEF,BAJAJINDEFEQN,221.34,221.34,221.34,0.0,0.0,10,2213,442.6,207.25
AARON,AARONEQN,125.95,125.95,125.95,0.0,0.0,3,377,228.0,106.8
IGPL,IGPLEQN,546.4,546.4,546.4,0.0,0.0,36,19670,552.9,315.0
ARVINDFASN,ARVINDFASNEQN,461.15,461.15,461.15,0.0,0.0,6,2766,579.0,366.2
SAMHI,SAMHIEQN,151.45,151.45,151.45,0.0,0.0,2515,380896,222.0,127.0
SFL,SFLEQN,646.85,646.85,646.85,0.0,0.0,78,50454,832.45,456.8
NESCO,NESCOEQN,1038.4,1038.4,1038.4,0.0,0.0,1,1038,1638.9,996.0
SAIL,SAILEQN,196.5,196.5,196.5,0.0,0.0,25420,4995030,209.7,120.81
DCMSRIND,DCMSRINDEQN,46.81,46.81,46.81,0.0,0.0,3,140,181.9,31.9
SUPREMEIND,SUPREMEINDEQN,3530.6,3530.7,3530.7,0.1,0.0,186,656710,4642.7,3140.0
ASHOKA,ASHOKAEQN,117.39,117.39,117.39,0.0,0.0,10117,1187634,214.5,101.0
INDIACEM,INDIACEMEQN,358.3,358.3,358.3,0.0,0.0,127,45504,485.8,342.35
MARICO,MARICOEQN,829.35,829.35,829.35,0.0,0.0,2114,1753245,889.1,690.3
DBCORP,DBCORPEQN,194.27,194.27,194.27,0.0,0.0,15,2914,287.9,184.51
SHILCTECH,SHILCTECHEQN,3995.4,3995.4,3995.4,0.0,0.0,33,131848,5399.0,2852.5
NEOGEN,NEOGENEQN,2136.4,2136.4,2136.4,0.0,0.0,90,192276,2483.9,966.7
ONEPOINT,ONEPOINTEQN,54.61,54.61,54.61,0.0,0.0,508,27741,65.85,40.58
SMSPHARMA,SMSPHARMAEQN,373.05,373.05,373.05,0.0,0.0,80,29844,447.8,231.0
BHANDARI,BHANDARIEQN,2.98,2.98,2.98,0.0,0.0,1000,2980,4.61,2.0
ONGC,ONGCEQN,237.5,237.5,237.5,0.0,0.0,17832,4235100,307.5,227.65
SESHAPAPER,SESHAPAPEREQN,229.67,229.67,229.67,0.0,0.0,49,11253,293.11,209.96
SHREECEM,SHREECEMEQN,23680.0,23680.0,23680.0,0.0,0.0,15,355200,30750.0,22550.0
OIL,OILEQN,498.15,498.15,498.15,0.0,0.0,6241,3108954,531.0,390.0
HINDWAREAP,HINDWAREAPEQN,182.08,182.08,182.08,0.0,0.0,30,5462,392.7,170.5
VINYLINDIA,VINYLINDIAEQN,225.18,225.18,225.18,0.0,0.0,1,225,325.0,161.0
BLUESTONE,BLUESTONEEQN,813.4,813.4,813.4,0.0,0.0,3919,3187714,926.0,399.8
CARYSIL,CARYSILEQN,1139.2,1139.2,1139.2,0.0,0.0,19,21644,1280.9,732.1
CUMMINSIND,CUMMINSINDEQN,5088.5,5088.5,5088.5,0.0,0.0,281,1429868,6100.0,3792.0
BDL,BDLEQN,1253.7,1253.7,1253.7,0.0,0.0,2588,3244575,1654.0,1086.0
ADOR,ADOREQN,1730.3,1730.3,1730.3,0.0,0.0,86,148805,1766.4,848.0
VINDHYATEL,VINDHYATELEQN,2737.1,2737.0,2737.0,-0.1,0.0,477,1305549,2750.0,963.9
STEELCITY,STEELCITYEQN,82.31,82.31,82.31,0.0,0.0,2,164,106.8,71.26
GOYALALUM,GOYALALUMEQN,6.23,6.23,6.23,0.0,0.0,173,1077,11.37,5.34
ALLCARGO,ALLCARGOEQN,12.27,12.27,12.27,0.0,0.0,52662,646162,36.55,7.11
JUBLFOOD,JUBLFOODEQN,486.5,486.5,486.5,0.0,0.0,2773,1349064,667.75,408.55
JIOFIN,JIOFINEQN,236.9,236.9,236.9,0.0,0.0,44495,10540865,321.6,223.3
ZFCVINDIA,ZFCVINDIAEQN,2572.2,2572.2,2572.2,0.0,0.0,39,100315,3044.0,2050.33
UNIINFO,UNIINFOEQN,11.45,11.45,11.45,0.0,0.0,1,11,20.43,9.36
UTKARSHBNK,UTKARSHBNKEQN,14.77,14.77,14.77,0.0,0.0,4828,71309,22.03,10.12
KRSNAA,KRSNAAEQN,553.1,553.1,553.1,0.0,0.0,93,51438,894.4,515.0
SOMANYCERA,SOMANYCERAEQN,570.1,570.1,570.1,0.0,0.0,43,24514,576.8,332.0
TNTELE,TNTELEEQN,9.0,9.0,9.0,0.0,0.0,149,1341,16.15,7.81
IDFCFIRSTB,IDFCFIRSTBEQN,85.09,85.09,85.09,0.0,0.0,29728,2529555,88.76,58.08
SUNDROP,SUNDROPEQN,653.8,653.8,653.8,0.0,0.0,150,98070,897.6,556.0
JSL,JSLEQN,734.9,734.9,734.9,0.0,0.0,479,352017,884.0,652.25
TRIDENT,TRIDENTEQN,24.06,24.06,24.06,0.0,0.0,10687,257129,30.94,21.98
ESSENTIA,ESSENTIAEQN,1.04,1.04,1.04,0.0,0.0,4366,4540,1.96,0.95
FLEXITUFF,FLEXITUFFBEN,2.39,2.39,2.39,0.0,0.0,171,408,29.49,2.34
ALKEM,ALKEMEQN,5210.0,5210.0,5210.0,0.0,0.0,66,343860,5933.5,5075.0
ANURAS,ANURASEQN,1240.3,1240.3,1240.3,0.0,0.0,7,8682,1415.0,1045.2
SAMBHAAV,SAMBHAAVEQN,6.0,6.0,6.0,0.0,0.0,15,90,11.53,5.07
NAVKARURB,NAVKARURBBEN,0.89,0.89,0.89,0.0,0.0,3904,3474,2.93,0.7
OSIAHYPER,OSIAHYPERBEN,2.46,2.46,2.46,0.0,0.0,210,516,33.08,2.38
CTE,CTEBEN,43.16,43.16,43.16,0.0,0.0,2,86,59.93,20.51
FILATFASH,FILATFASHEQN,0.18,0.18,0.18,0.0,0.0,312806,56305,0.68,0.14
MADHUCON,MADHUCONBEN,5.01,5.01,5.01,0.0,0.0,207,1037,8.55,3.61
DELPHIFX,DELPHIFXBEN,6.09,6.09,6.09,0.0,0.0,202,1230,18.25,6.09
TGL,TGLSTN,18.75,18.75,18.75,0.0,0.0,1200,22500,87.25,14.1
PATELRMART,PATELRMARTEQN,216.42,216.42,216.42,0.0,0.0,61,13201,269.3,150.25
ANANTAM,ANANTAMIVN,106.0,106.0,106.0,0.0,0.0,7,742,117.0,100.1
A2ZINFRA,A2ZINFRAEQN,16.4,16.4,16.4,0.0,0.0,6,98,22.64,12.0
FABTECH,FABTECHEQN,147.84,147.84,147.84,0.0,0.0,87,12862,262.8,132.7
VOLTAMP,VOLTAMPEQN,10682.0,10682.0,10682.0,0.0,0.0,26,277732,12863.0,6666.0
HDBFS,HDBFSEQN,675.2,675.2,675.2,0.0,0.0,170,114784,801.1,555.3
AKSHAR,AKSHAREQN,0.42,0.42,0.42,0.0,0.0,51471,21617,0.76,0.36
SAFEENTP,SAFEENTPSMN,265.3,265.3,265.3,0.0,0.0,1000,265300,319.0,175.0
ESCONET,ESCONETSMN,239.1,239.1,239.1,0.0,0.0,400,95640,280.0,91.25
RUCHIRA,RUCHIRAEQN,102.67,102.67,102.67,0.0,0.0,500,51335,173.0,95.17
SPELS,SPELSEQN,148.68,148.68,148.68,0.0,0.0,228,33899,157.0,140.1
VISHAL,VISHALEQN,18.96,18.96,18.96,0.0,0.0,5,94,21.94,17.85
ESSARSHPNG,ESSARSHPNGEQN,16.73,16.73,16.73,0.0,0.0,151,2526,43.26,15.71
CRAMC,CRAMCEQN,252.85,252.85,252.85,0.0,0.0,1228,310499,353.4,214.2
LANDSMILL,LANDSMILLEQN,0.68,0.68,0.68,0.0,0.0,32931,22393,1.74,0.67
PACIFICI,PACIFICIEQN,137.05,137.05,137.05,0.0,0.0,1,137,160.0,111.15
VHLTD-RE1,VHLTD-RE1BEN,0.25,0.25,0.25,0.0,0.0,4,1,0.0,0.0
PETRONET,PETRONETEQN,289.2,289.2,289.2,0.0,0.0,968,279945,326.4,235.35
SICAGEN,SICAGENEQN,57.93,57.93,57.93,0.0,0.0,514,29776,74.06,46.55
BLIL,BLILEQN,72.11,72.11,72.11,0.0,0.0,732,52784,79.5,67.0
GAYAHWS,GAYAHWSEQN,1.99,1.99,1.99,0.0,0.0,231,459,4.76,1.79
BOSCH-HCIL,BOSCH-HCILEQN,1733.9,1733.9,1733.9,0.0,0.0,100,173390,1801.7,1021.3
HINDALUMI,HINDALUMIEQN,97.32,97.32,97.32,0.0,0.0,7,681,107.5,95.0
GAUDIUMIVF,GAUDIUMIVFBEN,123.4,123.4,123.4,0.0,0.0,300,37020,163.18,69.18
KOTARISUG,KOTARISUGBEN,30.11,30.11,30.11,0.0,0.0,501,15085,39.94,22.5
PIRAMALFIN,PIRAMALFINEQN,2186.5,2186.5,2186.5,0.0,0.0,270,590355,2324.0,1260.0
RUSHIL,RUSHILEQN,16.09,16.09,16.09,0.0,0.0,4466,71857,33.99,12.49
TVSSRICHAK,TVSSRICHAKEQN,5426.0,5426.0,5426.0,0.0,0.0,11,59686,5760.0,2862.2
LEXUS,LEXUSEQN,13.96,13.96,13.96,0.0,0.0,119,1661,39.25,12.74
CPEDU,CPEDUEQN,186.93,186.93,186.93,0.0,0.0,1,186,338.75,141.0
SINGERIND,SINGERINDEQN,74.64,74.64,74.64,0.0,0.0,401,29930,91.3,57.15
AURIONPRO,AURIONPROEQN,693.0,693.0,693.0,0.0,0.0,505,349965,1334.8,680.15
MGL,MGLEQN,1065.2,1065.2,1065.2,0.0,0.0,236,251387,1378.0,900.0
STERTOOLS,STERTOOLSBEN,220.06,220.06,220.06,0.0,0.0,2,440,361.95,155.0
OMPOWER,OMPOWEREQN,171.86,171.86,171.86,0.0,0.0,3289,565247,206.0,158.01
VEDAVAAG,VEDAVAAGEQN,18.28,18.28,18.28,0.0,0.0,1,18,19.8,16.98
ARCL,ARCLEQN,230.0,230.0,230.0,0.0,0.0,1,230,249.68,220.15
MOHITE,MOHITEEQN,2.96,2.96,2.96,0.0,0.0,5385,15939,3.3,2.15
AGL,AGLEQN,13.79,13.79,13.79,0.0,0.0,422,5819,22.0,12.03
RHFL,RHFLBZN,1.75,1.75,1.75,0.0,0.0,16712,29246,5.0,1.7
AKCAPIT,AKCAPITEQN,1699.4,1699.4,1699.4,0.0,0.0,2,3398,1875.0,1484.9
CENTURYPLY,CENTURYPLYEQN,748.45,748.45,748.45,0.0,0.0,5,3742,859.0,618.5
WARDINMOBI,WARDINMOBIEQN,5.74,5.74,5.74,0.0,0.0,9270,53209,6.99,5.25
MUTHOOTCAP,MUTHOOTCAPEQN,241.22,241.22,241.22,0.0,0.0,1,241,303.0,175.25
ALGOQUANT,ALGOQUANTEQN,63.8,63.8,63.8,0.0,0.0,1,63,71.01,47.8
SGLRES,SGLRESEQN,2.33,2.33,2.33,0.0,0.0,2,4,2.74,2.28
EMMBI,EMMBIBEN,91.41,91.41,91.41,0.0,0.0,1,91,116.9,60.3
DCMSIL,DCMSILEQN,71.65,71.65,71.65,0.0,0.0,202,14473,105.27,49.5
SHERVANI,SHERVANIEQN,342.75,342.75,342.75,0.0,0.0,3,1028,367.4,300.05
KRYSTAL,KRYSTALEQN,667.0,666.9,666.9,-0.1,-0.01,34,22674,729.5,500.0
MRPL,MRPLEQN,175.22,175.21,175.21,-0.01,-0.01,19567,3428334,212.31,124.21
PNCINFRA,PNCINFRAEQN,180.89,180.88,180.88,-0.01,-0.01,1743,315273,325.0,158.17
NAVNETEDUL,NAVNETEDULEQN,133.91,133.9,133.9,-0.01,-0.01,47,6293,168.5,121.5
DBOL,DBOLEQN,128.18,128.17,128.17,-0.01,-0.01,33,4229,139.0,69.0
PDSL,PDSLEQN,351.85,351.8,351.8,-0.05,-0.01,157,55232,418.5,246.05
SIYSIL,SIYSILEQN,550.35,550.25,550.25,-0.1,-0.02,181,99595,848.8,433.35
KDDL,KDDLEQN,3852.9,3852.3,3852.3,-0.6,-0.02,30,115569,4155.5,1990.0
PRIVISCL,PRIVISCLEQN,3335.3,3334.7,3334.7,-0.6,-0.02,10,33347,3785.3,2226.0
JLHL,JLHLEQN,287.65,287.6,287.6,-0.05,-0.02,42,12079,340.0,235.6
FINEORG,FINEORGEQN,5146.5,5145.5,5145.5,-1.0,-0.02,5,25727,5407.0,3856.0
SANOFICONR,SANOFICONREQN,4182.4,4181.0,4181.0,-1.4,-0.03,1,4181,5357.0,3975.0
NAM-INDIA,NAM-INDIAEQN,1171.5,1171.2,1171.2,-0.3,-0.03,939,1099756,1269.5,786.2
SCPL,SCPLBEN,637.2,637.0,637.0,-0.2,-0.03,125,79625,690.0,190.03
AAATECH,AAATECHEQN,93.07,93.04,93.04,-0.03,-0.03,17,1581,136.0,76.11
UFBL,UFBLBEN,727.25,727.0,727.0,-0.25,-0.03,594,431838,850.0,172.34
GMBREW,GMBREWEQN,885.4,885.1,885.1,-0.3,-0.03,35,30978,1328.8,682.4
GODIGIT,GODIGITEQN,258.4,258.3,258.3,-0.1,-0.04,169,43652,381.4,244.2
URAVIDEF,URAVIDEFBEN,124.05,124.0,124.0,-0.05,-0.04,120,14880,431.9,101.0
HAPPYFORGE,HAPPYFORGEEQN,2345.9,2345.0,2345.0,-0.9,-0.04,553,1296785,2470.0,862.05
BOSCHLTD,BOSCHLTDEQN,47250.0,47230.0,47230.0,-20.0,-0.04,73,3447790,50000.0,28610.0
MTARTECH,MTARTECHBEN,6872.0,6869.5,6869.5,-2.5,-0.04,97,666341,8714.0,1400.0
CERA,CERAEQN,5662.5,5660.0,5660.0,-2.5,-0.04,19,107540,6740.0,4461.1
AGARWALEYE,AGARWALEYEEQN,514.25,514.0,514.0,-0.25,-0.05,319,163966,568.0,401.0
WELSPUNLIV,WELSPUNLIVEQN,200.01,199.9,199.9,-0.11,-0.05,24344,4866365,201.5,107.1
BHARATSE,BHARATSEEQN,214.0,213.89,213.89,-0.11,-0.05,375,80208,263.18,133.6
UNITEDPOLY,UNITEDPOLYEQN,38.04,38.02,38.02,-0.02,-0.05,3,114,51.16,20.6
KIRLFER,KIRLFEREQN,460.0,459.75,459.75,-0.25,-0.05,1,459,513.0,408.0
HRYNSHP,HRYNSHPEQN,102.0,101.95,101.95,-0.05,-0.05,1,101,104.05,91.0
EMAMIPAP,EMAMIPAPBEN,109.31,109.26,109.26,-0.05,-0.05,230,25129,133.7,55.0
SURAKSHA,SURAKSHAEQN,340.35,340.15,340.15,-0.2,-0.06,121,41158,348.95,224.1
TCIEXP,TCIEXPEQN,544.35,544.0,544.0,-0.35,-0.06,16,8704,780.0,447.55
MANKIND,MANKINDEQN,2391.5,2390.0,2390.0,-1.5,-0.06,311,743290,2674.0,1909.7
DIXON,DIXONEQN,14590.0,14581.0,14581.0,-9.0,-0.06,579,8442399,18471.0,9600.0
NESTLEIND,NESTLEINDEQN,1425.0,1424.1,1424.1,-0.9,-0.06,1488,2119060,1553.0,1145.0
VINATIORGA,VINATIORGAEQN,1313.8,1313.0,1313.0,-0.8,-0.06,103,135239,1849.9,1203.0
VENUSREM,VENUSREMBEN,1620.9,1620.0,1620.0,-0.9,-0.06,25,40500,2044.3,424.0
SAATVIKGL,SAATVIKGLEQN,417.25,417.0,417.0,-0.25,-0.06,52,21684,567.0,328.0
IKIO,IKIOEQN,206.14,206.0,206.0,-0.14,-0.07,1753,361118,248.88,103.53
MANAKSIA,MANAKSIAEQN,58.14,58.1,58.1,-0.04,-0.07,26,1510,73.4,42.1
CCHHL,CCHHLEQN,12.42,12.41,12.41,-0.01,-0.08,20,248,19.5,10.03
SHRIRAMPPS,SHRIRAMPPSEQN,75.68,75.62,75.62,-0.06,-0.08,220,16636,99.44,60.57
ORISSAMINE,ORISSAMINEEQN,4308.6,4305.0,4305.0,-3.6,-0.08,5,21525,6138.9,3100.5
CUB,CUBEQN,230.61,230.4,230.4,-0.21,-0.09,2337,538444,245.38,145.13
FSL,FSLEQN,270.4,270.15,270.15,-0.25,-0.09,4703,1270515,379.7,202.0
STUDDS,STUDDSEQN,433.4,433.0,433.0,-0.4,-0.09,35,15155,600.0,412.3
CYIENT,CYIENTEQN,1122.2,1121.1,1121.1,-1.1,-0.1,1858,2083003,1284.7,750.3
PLAZACABLE,PLAZACABLEEQN,61.8,61.74,61.74,-0.06,-0.1,3449,212941,65.0,27.0
SPLPETRO,SPLPETROEQN,721.85,721.1,721.1,-0.75,-0.1,45,32449,979.0,462.3
INDHOTEL,INDHOTELEQN,727.7,727.0,727.0,-0.7,-0.1,1185,861495,792.55,565.0
ACSTECH,ACSTECHBEN,51.25,51.2,51.2,-0.05,-0.1,99,5068,54.77,31.71
IFCI,IFCIEQN,98.32,98.21,98.21,-0.11,-0.11,835267,82031572,99.49,46.23
ALUFLUOR,ALUFLUOREQN,502.55,502.0,502.0,-0.55,-0.11,3,1506,509.9,421.0
VMART,VMARTEQN,849.95,849.0,849.0,-0.95,-0.11,4,3396,888.0,457.9
BFUTILITIE,BFUTILITIEEQN,500.65,500.05,500.05,-0.6,-0.12,2000,1000100,898.7,368.7
PRAJIND,PRAJINDEQN,334.5,334.1,334.1,-0.4,-0.12,954,318731,433.0,273.0
GODREJAGRO,GODREJAGROEQN,670.25,669.35,669.35,-0.9,-0.13,1886,1262394,760.0,506.1
ATL,ATLEQN,23.8,23.77,23.77,-0.03,-0.13,1605,38150,37.86,18.2
ABB,ABBEQN,7447.5,7438.0,7438.0,-9.5,-0.13,351,2610738,7924.5,4637.5
EMSLIMITED,EMSLIMITEDEQN,386.8,386.3,386.3,-0.5,-0.13,2503,966908,593.85,256.05
RAMCOIND,RAMCOINDEQN,319.5,319.1,319.1,-0.4,-0.13,778,248259,398.05,230.65
GABRIEL,GABRIELEQN,1384.9,1383.0,1383.0,-1.9,-0.14,848,1172784,1600.0,795.7
SUNDARMFIN,SUNDARMFINEQN,4557.2,4551.0,4551.0,-6.2,-0.14,15,68265,5642.0,4000.0
WCIL,WCILEQN,84.28,84.15,84.15,-0.13,-0.15,1,84,147.29,77.02
BHARATWIRE,BHARATWIREEQN,175.76,175.5,175.5,-0.26,-0.15,200,35100,262.0,148.01
NAHARSPING,NAHARSPINGEQN,294.95,294.5,294.5,-0.45,-0.15,57,16786,349.0,149.2
MVELECTRO,MVELECTROEQN,686.05,685.0,685.0,-1.05,-0.15,8201,5617685,780.0,516.55
INDOCO,INDOCOEQN,273.77,273.36,273.36,-0.41,-0.15,10106,2762576,332.2,162.19
LTM,LTMEQN,4588.0,4581.0,4581.0,-7.0,-0.15,527,2414187,6429.5,3528.0
TARC,TARCEQN,121.29,121.1,121.1,-0.19,-0.16,1250,151375,186.3,109.1
AYMSYNTEX,AYMSYNTEXEQN,312.5,312.0,312.0,-0.5,-0.16,930,290160,318.8,141.53
APOLLOPIPE,APOLLOPIPEEQN,599.05,598.1,598.1,-0.95,-0.16,1264,755998,668.8,252.1
TEAMLEASE,TEAMLEASEEQN,1252.7,1250.7,1250.7,-2.0,-0.16,8,10005,1944.3,1065.2
GLOTTIS,GLOTTISEQN,62.22,62.12,62.12,-0.1,-0.16,20,1242,93.0,37.0
VISHWARAJ,VISHWARAJEQN,5.87,5.86,5.86,-0.01,-0.17,660,3867,10.2,4.14
DIFFNKG,DIFFNKGEQN,476.8,476.0,476.0,-0.8,-0.17,883,420308,493.2,216.8
PERMAGN,PERMAGNEQN,871.55,870.1,870.1,-1.45,-0.17,1,870,929.0,784.05
IKS,IKSEQN,1744.1,1740.9,1740.9,-3.2,-0.18,39,67895,1933.0,1262.0
VARROC,VARROCEQN,824.4,822.95,822.95,-1.45,-0.18,1789,1472257,896.0,462.0
SALASAR,SALASAREQN,5.65,5.64,5.64,-0.01,-0.18,70629,398347,10.99,5.58
CREDENT,CREDENTSMN,355.6,354.95,354.95,-0.65,-0.18,1800,638910,0.0,0.0
PGIL,PGILEQN,2361.6,2357.3,2357.3,-4.3,-0.18,31,73076,2539.6,1178.1
BALPHARMA,BALPHARMAEQN,85.65,85.5,85.5,-0.15,-0.18,197,16843,98.85,60.0
KOKUYOCMLN,KOKUYOCMLNEQN,77.84,77.7,77.7,-0.14,-0.18,195,15151,128.0,71.05
BLUEDART,BLUEDARTEQN,5017.5,5008.5,5008.5,-9.0,-0.18,2,10017,7036.0,4628.5
TATACOMM,TATACOMMEQN,1710.0,1707.0,1707.0,-3.0,-0.18,107,182649,2110.0,1322.5
GPPL,GPPLEQN,164.44,164.15,164.15,-0.29,-0.18,10698,1756076,200.09,141.55
JPOLYINVST,JPOLYINVSTEQN,1011.9,1010.0,1010.0,-1.9,-0.19,1,1010,1487.7,852.1
ESCORTS,ESCORTSEQN,3019.4,3013.7,3013.7,-5.7,-0.19,79,238082,4180.0,2700.0
VIJAYA,VIJAYAEQN,1481.1,1478.3,1478.3,-2.8,-0.19,209,308964,1573.0,848.0
EXICOM,EXICOMEQN,163.33,163.0,163.0,-0.33,-0.2,582,94866,182.9,75.6
NIACL,NIACLEQN,199.11,198.7,198.7,-0.41,-0.21,38146,7579610,218.0,116.97
MARKOLINES,MARKOLINESEQN,172.66,172.3,172.3,-0.36,-0.21,1151,198317,191.75,131.65
ORCHPHARMA,ORCHPHARMAEQN,938.05,936.0,936.0,-2.05,-0.22,437,409032,1133.0,480.0
DYNAMATECH,DYNAMATECHEQN,11425.0,11400.0,11400.0,-25.0,-0.22,103,1174200,12875.0,6500.5
C2C,C2CSMN,224.5,224.0,224.0,-0.5,-0.22,150,33600,834.95,204.5
HARDWYN,HARDWYNEQN,9.12,9.1,9.1,-0.02,-0.22,1300,11830,20.2,7.76
KAMOPAINTS,KAMOPAINTSEQN,4.46,4.45,4.45,-0.01,-0.22,2313,10292,10.18,3.6
PRAXIS,PRAXISEQN,4.46,4.45,4.45,-0.01,-0.22,1693,7533,14.44,4.46
DCW,DCWEQN,47.61,47.5,47.5,-0.11,-0.23,18444,876090,78.21,37.11
UTIAMC,UTIAMCEQN,877.0,875.0,875.0,-2.0,-0.23,169,147875,1418.0,866.0
VBL,VBLEQN,415.0,414.0,414.0,-1.0,-0.24,20550,8507700,555.8,381.0
PIDILITIND,PIDILITINDEQN,1637.0,1633.0,1633.0,-4.0,-0.24,764,1247612,1707.5,1259.0
SAGARDEEP,SAGARDEEPEQN,23.66,23.6,23.6,-0.06,-0.25,2,47,31.48,20.81
ASTEC,ASTECEQN,572.55,571.1,571.1,-1.45,-0.25,117,66818,941.75,513.4
RPPINFRA,RPPINFRAEQN,55.57,55.43,55.43,-0.14,-0.25,65,3602,169.9,53.5
RESPONIND,RESPONINDEQN,150.47,150.09,150.09,-0.38,-0.25,150,22513,240.9,117.25
MEDICO,MEDICOEQN,39.33,39.23,39.23,-0.1,-0.25,668,26205,56.88,30.22
ICEMAKE,ICEMAKEEQN,739.7,737.85,737.85,-1.85,-0.25,34,25086,920.0,660.3
AUTOIND,AUTOINDEQN,84.68,84.46,84.46,-0.22,-0.26,26,2195,104.0,48.35
DHARMAJ,DHARMAJEQN,270.0,269.3,269.3,-0.7,-0.26,8,2154,376.6,210.65
MANGLMCEM,MANGLMCEMEQN,1092.9,1090.1,1090.1,-2.8,-0.26,400,436040,1114.4,679.35
NUCLEUS,NUCLEUSEQN,740.65,738.75,738.75,-1.9,-0.26,9,6648,1084.8,682.0
ALLTIME,ALLTIMEEQN,199.61,199.1,199.1,-0.51,-0.26,65,12941,317.4,186.0
PFS,PFSEQN,27.12,27.05,27.05,-0.07,-0.26,84,2272,40.5,23.85
WINDMACHIN,WINDMACHINEQN,305.05,304.25,304.25,-0.8,-0.26,6,1825,343.9,200.65
BAJAJHLDNG,BAJAJHLDNGEQN,11100.0,11070.0,11070.0,-30.0,-0.27,225,2490750,13880.0,8588.0
LANCORHOL,LANCORHOLEQN,33.15,33.06,33.06,-0.09,-0.27,3493,115478,34.49,18.12
SEJALLTD,SEJALLTDEQN,672.85,671.0,671.0,-1.85,-0.27,5,3355,1036.7,381.0
VIVOBIOT,VIVOBIOTEQN,18.21,18.16,18.16,-0.05,-0.27,1,18,20.94,17.51
KECL,KECLEQN,127.24,126.9,126.9,-0.34,-0.27,14,1776,155.0,75.47
COMSYN,COMSYNEQN,302.65,301.8,301.8,-0.85,-0.28,1302,392943,314.85,136.44
HINDPETRO,HINDPETROEQN,359.0,358.0,358.0,-1.0,-0.28,8414,3012212,508.45,316.2
MCL,MCLEQN,56.17,56.01,56.01,-0.16,-0.28,511,28621,93.2,42.0
RMDRIP,RMDRIPBEN,21.06,21.0,21.0,-0.06,-0.28,2042,42882,72.22,14.81
INA,INAEQN,89.37,89.11,89.11,-0.26,-0.29,644,57386,161.81,79.75
SECURKLOUD,SECURKLOUDEQN,17.35,17.3,17.3,-0.05,-0.29,28,484,34.18,16.01
EASTSILK,EASTSILKBEN,61.28,61.1,61.1,-0.18,-0.29,15,916,99.25,37.19
MLKFOOD,MLKFOODEQN,83.15,82.91,82.91,-0.24,-0.29,5,414,93.0,75.25
GULPOLY,GULPOLYEQN,187.56,187.0,187.0,-0.56,-0.3,3028,566236,227.63,121.5
CAPLIPOINT,CAPLIPOINTEQN,2720.5,2712.0,2712.0,-8.5,-0.31,1388,3764256,2750.0,1500.3
NITCO,NITCOEQN,94.3,94.01,94.01,-0.29,-0.31,314,29519,126.0,64.0
ROTO,ROTOEQN,64.8,64.6,64.6,-0.2,-0.31,543,35077,85.53,47.5
MANINFRA,MANINFRAEQN,123.27,122.88,122.88,-0.39,-0.32,16111,1979719,163.9,77.12
TAJGVK,TAJGVKEQN,343.45,342.35,342.35,-1.1,-0.32,120,41082,512.65,281.35
ADVENTHTL,ADVENTHTLEQN,136.89,136.45,136.45,-0.44,-0.32,500,68225,345.05,120.02
STEELCAS,STEELCASEQN,330.75,329.65,329.65,-1.1,-0.33,65,21427,364.0,176.02
APOLLOHOSP,APOLLOHOSPEQN,8719.0,8690.0,8690.0,-29.0,-0.33,1089,9463410,9050.0,6696.5
BHARATFORG,BHARATFORGEQN,2031.8,2025.0,2025.0,-6.8,-0.33,457,925425,2295.0,1115.6
HIMATSEIDE,HIMATSEIDEEQN,69.66,69.43,69.43,-0.23,-0.33,5055,350968,134.7,68.0
LUPIN,LUPINEQN,2155.2,2148.0,2148.0,-7.2,-0.33,1626,3492648,2529.5,1875.0
TITAN,TITANEQN,5074.0,5057.5,5057.5,-16.5,-0.33,3124,15799630,5186.7,3303.1
SAPPHIRE,SAPPHIREEQN,228.21,227.45,227.45,-0.76,-0.33,1195,271802,347.9,139.91
NRBBEARING,NRBBEARINGEQN,453.55,452.0,452.0,-1.55,-0.34,489,221028,503.9,212.55
BIGBLOC,BIGBLOCEQN,41.24,41.1,41.1,-0.14,-0.34,10,411,80.0,38.0
GODREJPROP,GODREJPROPEQN,1970.7,1964.0,1964.0,-6.7,-0.34,1169,2295916,2352.0,1434.0
HERANBA,HERANBAEQN,175.23,174.64,174.64,-0.59,-0.34,3,523,363.7,155.38
SPENCERS,SPENCERSEQN,28.51,28.41,28.41,-0.1,-0.35,25,710,64.0,24.38
JAYKAY,JAYKAYEQN,169.4,168.8,168.8,-0.6,-0.35,1403,236826,203.43,106.96
SNOWMAN,SNOWMANEQN,36.07,35.94,35.94,-0.13,-0.36,795,28572,59.8,30.5
TATVA,TATVAEQN,1616.9,1611.0,1611.0,-5.9,-0.36,325,523575,1838.1,976.4
HONAUT,HONAUTEQN,35170.0,35040.0,35040.0,-130.0,-0.37,9,315360,41495.0,26220.0
ENGINERSIN,ENGINERSINEQN,276.6,275.55,275.55,-1.05,-0.38,13529,3727915,289.65,163.55
DLF,DLFEQN,673.55,671.0,671.0,-2.55,-0.38,8138,5460598,794.8,489.4
BPCL,BPCLEQN,319.6,318.4,318.4,-1.2,-0.38,18947,6032724,391.65,266.6
DISHTV,DISHTVEQN,2.65,2.64,2.64,-0.01,-0.38,15001,39602,5.99,1.82
JKIPL,JKIPLEQN,107.56,107.15,107.15,-0.41,-0.38,90,9643,126.95,45.4
BHARTIARTL,BHARTIARTLEQN,1862.8,1855.6,1855.6,-7.2,-0.39,45270,84003012,2174.5,1740.5
TATATECH,TATATECHEQN,813.25,810.05,810.05,-3.2,-0.39,6023,4878931,891.0,507.4
SPECTRUM,SPECTRUMBEN,2148.3,2140.0,2140.0,-8.3,-0.39,1,2140,2637.2,1050.0
KICL,KICLEQN,5215.0,5194.0,5194.0,-21.0,-0.4,1,5194,6554.9,4011.0
SAFARI,SAFARIEQN,1497.2,1491.0,1491.0,-6.2,-0.41,653,973623,2507.1,1363.1
INDOSTAR,INDOSTAREQN,261.07,260.0,260.0,-1.07,-0.41,278,72280,292.0,179.03
JNKINDIA,JNKINDIAEQN,420.9,419.15,419.15,-1.75,-0.42,236,98919,558.0,200.92
FILATEX,FILATEXEQN,73.31,73.0,73.0,-0.31,-0.42,18709,1365757,87.27,36.26
PAGEIND,PAGEINDEQN,36200.0,36045.0,36045.0,-155.0,-0.43,109,3928905,45890.0,29805.0
PPL,PPLBEN,257.1,256.0,256.0,-1.1,-0.43,30,7680,338.65,163.21
RAMCOCEM,RAMCOCEMEQN,864.35,860.55,860.55,-3.8,-0.44,221,190181,1214.5,838.3
BRITANNIA,BRITANNIAEQN,5154.0,5131.5,5131.5,-22.5,-0.44,410,2103915,6336.0,5035.0
AROGRANITE,AROGRANITEEQN,24.61,24.5,24.5,-0.11,-0.45,4,98,45.63,18.67
MAHLIFE,MAHLIFEEQN,359.0,357.4,357.4,-1.6,-0.45,168,60043,427.05,286.8
BHARTIHEXA,BHARTIHEXAEQN,1531.1,1524.0,1524.0,-7.1,-0.46,93,141732,1955.6,1430.0
CAPITALSFB,CAPITALSFBEQN,283.25,281.95,281.95,-1.3,-0.46,212,59773,323.7,206.55
HERITGFOOD,HERITGFOODEQN,378.75,377.0,377.0,-1.75,-0.46,4711,1776047,540.0,292.55
GRANDOAK,GRANDOAKEQN,34.58,34.42,34.42,-0.16,-0.46,25,860,55.76,24.0
EPACKPEB,EPACKPEBEQN,225.04,223.98,223.98,-1.06,-0.47,3248,727487,344.0,132.17
ACCURACY,ACCURACYBEN,4.26,4.24,4.24,-0.02,-0.47,13,55,7.51,3.4
NEXTMEDIA,NEXTMEDIAEQN,4.21,4.19,4.19,-0.02,-0.48,5,20,8.48,3.16
RATNAMANI,RATNAMANIEQN,2634.3,2621.3,2621.3,-13.0,-0.49,47,123201,3345.0,1936.5
CORDELIA,CORDELIAEQN,101.89,101.39,101.39,-0.5,-0.49,1902,192843,109.65,62.31
MAZDA,MAZDABEN,261.3,260.0,260.0,-1.3,-0.5,3,780,308.0,159.2
ORIENTHOT,ORIENTHOTEQN,141.32,140.6,140.6,-0.72,-0.51,576,80985,149.5,80.0
TBOTEK,TBOTEKEQN,1700.0,1691.3,1691.3,-8.7,-0.51,167,282447,1764.8,1004.2
IOC,IOCEQN,137.0,136.3,136.3,-0.7,-0.51,29694,4047292,188.96,130.22
AJANTPHARM,AJANTPHARMEQN,3481.7,3462.6,3462.6,-19.1,-0.55,183,633655,3796.0,2329.9
MILKYMIST,MILKYMISTEQN,252.04,250.62,250.62,-1.42,-0.56,211909,53108633,255.23,165.0
VTL,VTLEQN,587.45,584.1,584.1,-3.35,-0.57,2681,1565972,688.0,385.5
ORKLAINDIA,ORKLAINDIAEQN,590.9,587.55,587.55,-3.35,-0.57,126,74031,760.0,533.25
E2E,E2EBEN,608.45,605.0,605.0,-3.45,-0.57,5736,3470280,698.0,183.36
GICL,GICLEQN,23.99,23.85,23.85,-0.14,-0.58,200,4770,52.4,15.61
CPPLUS,CPPLUSEQN,3721.4,3700.0,3700.0,-21.4,-0.58,599,2216300,4094.0,1227.0
AHCL,AHCLEQN,15.56,15.47,15.47,-0.09,-0.58,10021,155024,17.28,9.08
XPROINDIA,XPROINDIAEQN,1285.6,1278.0,1278.0,-7.6,-0.59,1239,1583442,1574.8,788.05
NIPPOBATRY,NIPPOBATRYEQN,323.1,321.2,321.2,-1.9,-0.59,2,642,505.9,257.0
NECCLTD,NECCLTDBEN,16.9,16.8,16.8,-0.1,-0.59,350,5880,24.01,10.55
AJMERA,AJMERAEQN,115.69,115.0,115.0,-0.69,-0.6,775,89125,221.4,98.03
GRASIM,GRASIMEQN,3294.9,3275.1,3275.1,-19.8,-0.6,1283,4201953,3411.1,2502.5
DCG,DCGSMN,74.65,74.2,74.2,-0.45,-0.6,1200,89040,77.45,47.0
GOLDTECH,GOLDTECHBEN,47.28,46.99,46.99,-0.29,-0.61,4,187,72.02,29.68
VSTL,VSTLEQN,113.76,113.05,113.05,-0.71,-0.62,20,2261,168.0,100.8
CGCL,CGCLEQN,256.6,255.0,255.0,-1.6,-0.62,16451,4195005,264.53,151.1
REPRO,REPROEQN,318.4,316.4,316.4,-2.0,-0.63,46,14554,590.0,301.0
TVSELECT,TVSELECTEQN,420.75,418.0,418.0,-2.75,-0.65,1332,556776,739.35,336.2
BIRLAPREC,BIRLAPRECEQN,43.11,42.77,42.77,-0.29,-0.67,207,8853,49.99,32.25
PIGL,PIGLEQN,99.28,98.61,98.61,-0.67,-0.67,100,9861,189.7,88.05
MASON,MASONSMN,116.9,116.1,116.1,-0.8,-0.68,2000,232200,220.0,101.2
MAXVOLT,MAXVOLTSMN,333.25,331.0,331.0,-2.25,-0.68,400,132400,509.0,213.0
ATAM,ATAMEQN,54.78,54.4,54.4,-0.38,-0.69,690,37536,111.0,48.5
KENNAMET,KENNAMETEQN,4643.1,4611.2,4611.2,-31.9,-0.69,148,682457,4860.0,2405.2
COFFEEDAY,COFFEEDAYBEN,29.81,29.6,29.6,-0.21,-0.7,129,3818,50.77,21.0
KRITIKA,KRITIKAEQN,5.39,5.35,5.35,-0.04,-0.74,64,342,10.29,4.5
ROLLT,ROLLTBEN,3.98,3.95,3.95,-0.03,-0.75,2553,10084,4.32,1.02
ATHERENERG,ATHERENERGEQN,1686.1,1673.4,1673.4,-12.7,-0.75,22457,37579543,1744.0,481.1
APTECHT,APTECHTBEN,90.78,90.1,90.1,-0.68,-0.75,150,13515,137.47,69.1
NILAINFRA,NILAINFRAEQN,6.71,6.66,6.66,-0.05,-0.75,6010,40026,11.55,5.9
AKUMS,AKUMSEQN,770.25,764.35,764.35,-5.9,-0.77,2661,2033935,796.55,409.3
INDIGOPNTS,INDIGOPNTSEQN,1171.0,1162.0,1162.0,-9.0,-0.77,188,218456,1345.9,708.05
VIKASLIFE,VIKASLIFEEQN,1.26,1.25,1.25,-0.01,-0.79,67562,84452,2.37,1.05
MENNPIS,MENNPISEQN,74.2,73.61,73.61,-0.59,-0.8,11,809,82.0,52.35
GTL,GTLEQN,7.23,7.17,7.17,-0.06,-0.83,3521,25245,11.26,4.91
SWIGGY,SWIGGYEQN,267.7,265.35,265.35,-2.35,-0.88,87749,23284197,474.0,235.75
JINDALPOLY,JINDALPOLYEQN,686.25,680.2,680.2,-6.05,-0.88,222,151004,1026.45,365.0
BASML,BASMLBEN,25.0,24.77,24.77,-0.23,-0.92,1315,32572,31.9,17.05
STLNETWORK,STLNETWORKEQN,28.01,27.75,27.75,-0.26,-0.93,7319,203102,35.4,15.75
BPL,BPLEQN,49.78,49.31,49.31,-0.47,-0.94,149,7347,91.28,37.61
JMA,JMAEQN,90.56,89.7,89.7,-0.86,-0.95,506,45388,103.7,70.25
HMVL,HMVLBEN,87.33,86.5,86.5,-0.83,-0.95,2,173,108.16,55.2
CORALFINAC,CORALFINACEQN,32.36,32.05,32.05,-0.31,-0.96,2,64,50.9,25.01
INDBANK,INDBANKEQN,31.1,30.8,30.8,-0.3,-0.96,5673,174728,47.15,28.25
RAJMET,RAJMETEQN,3.1,3.07,3.07,-0.03,-0.97,6230,19126,5.28,2.72
LOTUSDEV,LOTUSDEVBEN,175.95,174.25,174.25,-1.7,-0.97,201,35024,207.5,102.2
AGSTRA,AGSTRABZN,1.98,1.96,1.96,-0.02,-1.01,3000,5880,5.59,1.88
PERSISTENT,PERSISTENTEQN,5690.0,5632.0,5632.0,-58.0,-1.02,2881,16225792,6599.0,4244.5
TBZ,TBZEQN,418.25,414.0,414.0,-4.25,-1.02,57661,23871654,430.0,110.5
INNOVISION,INNOVISIONEQN,258.75,256.1,256.1,-2.65,-1.02,28,7170,470.0,246.2
HEXT,HEXTEQN,543.6,538.0,538.0,-5.6,-1.03,10679,5745302,807.75,400.2
SRTL,SRTLEQN,36.99,36.61,36.61,-0.38,-1.03,327,11971,73.36,36.7
PROZONER,PROZONEREQN,46.49,46.0,46.0,-0.49,-1.05,57,2622,72.77,39.55
NIRMAN,NIRMANSMN,28.6,28.3,28.3,-0.3,-1.05,300,8490,231.0,28.0
ANNU,ANNUBEN,75.6,74.8,74.8,-0.8,-1.06,78650,5883020,0.0,0.0
360ONE,360ONEEQN,1181.3,1168.6,1168.6,-12.7,-1.08,3059,3574747,1236.2,906.05
GVPTECH,GVPTECHBEN,8.33,8.24,8.24,-0.09,-1.08,26,214,0.0,0.0
TARACHAND,TARACHANDEQN,47.63,47.11,47.11,-0.52,-1.09,4392,206907,103.67,46.01
KCPSUGIND,KCPSUGINDBEN,32.0,31.65,31.65,-0.35,-1.09,8,253,36.95,21.45
SGRL,SGRLEQN,685.65,678.0,678.0,-7.65,-1.12,1,678,700.05,477.05
STARCEMENT,STARCEMENTEQN,184.1,182.0,182.0,-2.1,-1.14,500,91000,308.95,180.12
TIRUMALCHM,TIRUMALCHMEQN,159.82,158.0,158.0,-1.82,-1.14,8974,1417892,328.8,143.5
ISFT,ISFTEQN,87.81,86.8,86.8,-1.01,-1.15,25,2170,119.07,54.05
AVONMORE,AVONMOREEQN,13.1,12.95,12.95,-0.15,-1.15,7240,93758,23.9,9.05
EASTWEST,EASTWESTEQN,2.45,2.42,2.42,-0.03,-1.22,158,382,2.68,2.2
LAGNAM,LAGNAMEQN,74.92,74.0,74.0,-0.92,-1.23,1,74,96.98,58.6
QUICKHEAL,QUICKHEALBEN,137.96,136.25,136.25,-1.71,-1.24,22,2997,371.4,125.0
PVSL,PVSLEQN,102.39,101.11,101.11,-1.28,-1.25,3,303,163.0,82.41
GANDHITUBE,GANDHITUBEEQN,896.4,885.0,885.0,-11.4,-1.27,10,8850,1031.8,681.05
SOTL,SOTLEQN,752.6,743.05,743.05,-9.55,-1.27,5410,4019900,814.8,285.8
COMFINTE,COMFINTEEQN,6.23,6.15,6.15,-0.08,-1.28,678,4169,9.19,5.21
NECLIFE,NECLIFEEQN,12.31,12.15,12.15,-0.16,-1.3,3551,43144,22.4,9.3
SURAJEST,SURAJESTEQN,189.94,187.44,187.44,-2.5,-1.32,1482,277786,319.0,171.3
GODREJCP,GODREJCPEQN,905.0,893.0,893.0,-12.0,-1.33,18896,16874128,1309.0,891.1
BEDMUTHA,BEDMUTHAEQN,107.96,106.4,106.4,-1.56,-1.44,10,1064,154.9,94.55
PODDARMENT,PODDARMENTEQN,253.9,250.1,250.1,-3.8,-1.5,100,25010,297.95,201.1
DHRUV,DHRUVEQN,23.4,23.05,23.05,-0.35,-1.5,85,1959,62.7,22.02
ASTAR,ASTAREQN,590.0,581.15,581.15,-8.85,-1.5,10,5811,723.0,525.5
RADHIKAJWE,RADHIKAJWEEQN,71.6,70.5,70.5,-1.1,-1.54,3580,252390,99.65,50.01
SHIVALIK,SHIVALIKBEN,325.85,320.8,320.8,-5.05,-1.55,50,16040,496.0,206.4
SHERA,SHERASMN,176.3,173.55,173.55,-2.75,-1.56,1000,173550,188.9,94.95
ONEGLOBAL,ONEGLOBALEQN,502.05,494.0,494.0,-8.05,-1.6,30,14820,580.0,501.0
CHEVIOT,CHEVIOTEQN,1150.6,1132.2,1132.2,-18.4,-1.6,16,18115,1370.5,898.0
GANGAFORGE,GANGAFORGEEQN,1.85,1.82,1.82,-0.03,-1.62,497504,905457,3.29,1.53
MGEL,MGELBEN,14.44,14.2,14.2,-0.24,-1.66,10,142,18.4,9.53
MFML,MFMLEQN,18.57,18.26,18.26,-0.31,-1.67,1,18,36.99,17.3
LOTUSEYE,LOTUSEYEEQN,107.98,106.11,106.11,-1.87,-1.73,5,530,147.0,97.59
HINDCON,HINDCONEQN,23.16,22.76,22.76,-0.4,-1.73,175,3983,37.75,15.66
INDOKEM,INDOKEMEQN,597.55,587.05,587.05,-10.5,-1.76,5,2935,657.0,560.0
EVERESTIND,EVERESTINDBEN,427.55,420.0,420.0,-7.55,-1.77,2,840,750.0,284.9
TVTODAY,TVTODAYEQN,112.12,110.06,110.06,-2.06,-1.84,30,3301,156.48,93.5
GULFPETRO,GULFPETROBEN,67.56,66.3,66.3,-1.26,-1.87,88,5834,71.4,23.25
SALSTEEL,SALSTEELEQN,82.04,80.5,80.5,-1.54,-1.88,8333,670806,86.25,17.8
PRAMARA,PRAMARASMN,105.45,103.45,103.45,-2.0,-1.9,5500,568975,374.8,101.1
LAL,LALEQN,8.88,8.71,8.71,-0.17,-1.91,1,8,12.77,5.56
DUCON,DUCONEQN,2.08,2.04,2.04,-0.04,-1.92,1603,3270,4.57,1.57
SHAHALLOYS,SHAHALLOYSBEN,112.46,110.3,110.3,-2.16,-1.92,485,53495,116.85,53.1
AURUS,AURUSEQN,4.64,4.55,4.55,-0.09,-1.94,3,13,7.49,4.1
ABINFRA,ABINFRABEN,11.27,11.05,11.05,-0.22,-1.95,2580,28509,23.56,8.82
VIVIMEDLAB,VIVIMEDLABBEN,6.67,6.54,6.54,-0.13,-1.95,1254,8201,29.4,4.75
KJMCFIN,KJMCFINEQN,64.37,63.1,63.1,-1.27,-1.97,100,6310,84.5,51.01
HTEL,HTELBEN,78.55,77.0,77.0,-1.55,-1.97,14742,1135134,81.4,71.25
SUMAX,SUMAXSTN,110.45,108.25,108.25,-2.2,-1.99,27600,2987700,0.0,0.0
RELINFRA,RELINFRABEN,57.05,55.91,55.91,-1.14,-2.0,13685,765128,299.0,57.05
TUTIALKA,TUTIALKAEQN,61.55,60.32,60.32,-1.23,-2.0,1,60,62.7,52.0
HPAL,HPALEQN,35.01,34.3,34.3,-0.71,-2.03,2051,70349,53.0,26.52
SHIVAMAUTO,SHIVAMAUTOEQN,17.85,17.45,17.45,-0.4,-2.24,1000,17450,35.79,13.05
DEEPAKFERT,DEEPAKFERTEQN,1416.7,1385.0,1385.0,-31.7,-2.24,8178,11326530,1681.0,866.4
JSLL,JSLLEQN,513.65,502.0,502.0,-11.65,-2.27,14208,7132416,849.5,492.0
KRONOX,KRONOXBEN,189.68,185.0,185.0,-4.68,-2.47,4933,912605,223.42,96.0
MMWL,MMWLEQN,14.13,13.78,13.78,-0.35,-2.48,35,482,16.57,9.02
KILITCH,KILITCHBEN,171.37,167.0,167.0,-4.37,-2.55,100,16700,219.5,117.25
POSITRON,POSITRONSMN,170.05,165.65,165.65,-4.4,-2.59,600,99390,395.0,105.9
PARTH,PARTHSMN,542.05,528.0,528.0,-14.05,-2.59,400,211200,545.0,188.55
VISACHROME,VISACHROMEEQN,38.54,37.52,37.52,-1.02,-2.65,40,1500,73.68,27.05
ZIMLAB,ZIMLABEQN,133.95,130.0,130.0,-3.95,-2.95,5446,707980,136.9,59.31
EKI,EKIEQN,75.8,73.56,73.56,-2.24,-2.96,30,2206,82.5,71.5
MADHAVIPL,MADHAVIPLEQN,7.97,7.72,7.72,-0.25,-3.14,1085,8376,9.9,6.95
PATINTLOG,PATINTLOGBEN,13.3,12.87,12.87,-0.43,-3.23,137,1763,16.9,8.01
SHYAMCENT,SHYAMCENTBEN,5.02,4.85,4.85,-0.17,-3.39,2000,9700,9.75,3.68
BIL,BILEQN,893.2,862.8,862.8,-30.4,-3.4,5,4314,980.0,602.0
GANESHBE,GANESHBEBEN,122.18,118.0,118.0,-4.18,-3.42,20212,2385016,129.99,68.4
PVP,PVPEQN,61.81,59.61,59.61,-2.2,-3.56,318662,18995441,71.9,20.93
GATECHDVR,GATECHDVRBEN,0.52,0.5,0.5,-0.02,-3.85,40177,20088,0.67,0.36
MANUGRAPH,MANUGRAPHBEN,14.38,13.82,13.82,-0.56,-3.89,2221,30694,24.0,9.65
AQYLON,AQYLONEQN,20.61,19.8,19.8,-0.81,-3.93,4215,83457,224.7,19.96
ARSHIYA,ARSHIYABZN,0.71,0.68,0.68,-0.03,-4.23,61727,41974,2.44,0.71
NIRAJISPAT,NIRAJISPATBEN,429.65,410.0,410.0,-19.65,-4.57,320,131200,485.75,155.0
VCL,VCLBEN,1.74,1.66,1.66,-0.08,-4.6,40867,67839,2.66,0.87
MAHASTEEL,MAHASTEELBEN,1324.4,1262.0,1262.0,-62.4,-4.71,151,190562,1421.0,350.0
EMPOWER,EMPOWEREQN,1.91,1.82,1.82,-0.09,-4.71,220109,400598,2.82,1.3
NEUEON,NEUEONBEN,11.45,10.91,10.91,-0.54,-4.72,1450,15819,27.4,5.76
CRSL,CRSLBEN,2.74,2.61,2.61,-0.13,-4.74,15000,39150,3.56,1.72
ONYX,ONYXSTN,39.9,38.0,38.0,-1.9,-4.76,2000,76000,51.0,24.2
GSTL,GSTLSMN,11.4,10.85,10.85,-0.55,-4.82,1000,10850,37.65,5.95
MOS,MOSSTN,8.3,7.9,7.9,-0.4,-4.82,16000,126400,28.55,8.3
LAKPRE,LAKPREBZN,4.92,4.68,4.68,-0.24,-4.88,1,4,6.67,4.1
BIOPOL,BIOPOLSMN,41.55,39.5,39.5,-2.05,-4.93,6000,237000,133.75,41.55
RAJTV,RAJTVEQN,8.93,8.49,8.49,-0.44,-4.93,2538,21547,46.9,8.93
TAKE,TAKEEQN,13.86,13.17,13.17,-0.69,-4.98,51487,678083,50.14,10.09
SUPTANERY,SUPTANERYBEN,14.67,13.94,13.94,-0.73,-4.98,15980,222761,16.21,6.81
SIEL,SIELEQN,32.5,30.88,30.88,-1.62,-4.98,1022,31559,44.54,30.0
GSMFOILS,GSMFOILSSMN,123.15,117.0,117.0,-6.15,-4.99,6000,702000,293.85,79.7
ELITECON,ELITECONEQN,9.61,9.13,9.13,-0.48,-4.99,48354,441472,46.4,9.61
GATECH,GATECHBEN,1.0,0.95,0.95,-0.05,-5.0,453712,431026,1.11,0.4
INDOTHAI,INDOTHAIEQN,39.61,37.63,37.63,-1.98,-5.0,52685,1982536,466.35,39.61
HAMPTON,HAMPTONEQN,8.17,7.56,7.56,-0.61,-7.47,210,1587,9.24,7.01
VIRAT,VIRATEQN,437.8,403.0,403.0,-34.8,-7.95,10,4030,494.4,268.05
PHOENXINTL,PHOENXINTLEQN,31.39,28.6,28.6,-2.79,-8.89,300,8580,35.64,27.61
DUCON-RE1,DUCON-RE1BEN,1.08,0.65,0.65,-0.43,-39.81,336893,218980,0.0,0.0
RATNA-RE,RATNA-REBEN,16.45,9.9,9.9,-6.55,-39.82,4829,47807,17.5,16.45
